guard,bandit,bandit_separation_m,guard_separation_m,horizon_s,guard_cap_mps,bandit_cap_mps,guard_budget_mps,bandit_budget_mps,dt_s,capture_m,breach_m,capture_speed_mps,breach_speed_mps,substeps,lookahead_s,planner_samples,planner_segments,planner_repeat,planner_noise,planner_temperature,planner_discount,planner_capture_bonus,planner_evader_samples,planner_evader_segments,planner_rollout_substeps,episodes,wins,guard_dv,bandit_dv,capture,breach,closest_m,final_range_m,outcome,median_event_time_s
coast,coast,500.0,200.0,600.0,0.1,0.1,5.0,5.0,10.0,10.0,50.0,inf,inf,10,100.0,256,20,3,0.5,0.1,0.99,10.0,256,20,0,128,128,0.0,0.0,0.0,0.0,500.21429951525465,598.0063168017839,1.0,
coast,coast,500.0,200.0,1200.0,0.1,0.1,5.0,5.0,10.0,10.0,50.0,inf,inf,10,100.0,256,20,3,0.5,0.1,0.99,10.0,256,20,0,128,128,0.0,0.0,0.0,0.0,484.8632953529236,1024.9000131704915,1.0,
coast,coast,500.0,200.0,1800.0,0.1,0.1,5.0,5.0,10.0,10.0,50.0,inf,inf,10,100.0,256,20,3,0.5,0.1,0.99,10.0,256,20,0,128,128,0.0,0.0,0.0,0.0,479.4105893957242,2029.187321878251,1.0,
coast,coast,500.0,200.0,3600.0,0.1,0.1,5.0,5.0,10.0,10.0,50.0,inf,inf,10,100.0,256,20,3,0.5,0.1,0.99,10.0,256,20,0,128,128,0.0,0.0,0.0,0.0,476.5371116476781,7097.238607993398,1.0,
coast,coast,1000.0,200.0,600.0,0.1,0.1,5.0,5.0,10.0,10.0,50.0,inf,inf,10,100.0,256,20,3,0.5,0.1,0.99,10.0,256,20,0,128,128,0.0,0.0,0.0,0.0,976.278101363454,1168.8840125091767,1.0,
coast,coast,1000.0,200.0,1200.0,0.1,0.1,5.0,5.0,10.0,10.0,50.0,inf,inf,10,100.0,256,20,3,0.5,0.1,0.99,10.0,256,20,0,128,128,0.0,0.0,0.0,0.0,943.6750333925752,2001.729027735604,1.0,
coast,coast,1000.0,200.0,1800.0,0.1,0.1,5.0,5.0,10.0,10.0,50.0,inf,inf,10,100.0,256,20,3,0.5,0.1,0.99,10.0,256,20,0,128,128,0.0,0.0,0.0,0.0,935.8897661727055,3962.1882829161536,1.0,
coast,coast,1000.0,200.0,3600.0,0.1,0.1,5.0,5.0,10.0,10.0,50.0,inf,inf,10,100.0,256,20,3,0.5,0.1,0.99,10.0,256,20,0,128,128,0.0,0.0,0.0,0.0,932.7903699503128,13803.7628604747,1.0,
coast,coast,2000.0,200.0,600.0,0.1,0.1,5.0,5.0,10.0,10.0,50.0,inf,inf,10,100.0,256,20,3,0.5,0.1,0.99,10.0,256,20,0,128,128,0.0,0.0,0.0,0.0,1947.2283752461,2334.768635467531,1.0,
coast,coast,2000.0,200.0,1200.0,0.1,0.1,5.0,5.0,10.0,10.0,50.0,inf,inf,10,100.0,256,20,3,0.5,0.1,0.99,10.0,256,20,0,128,128,0.0,0.0,0.0,0.0,1870.428891904167,3997.595290510024,1.0,
coast,coast,2000.0,200.0,1800.0,0.1,0.1,5.0,5.0,10.0,10.0,50.0,inf,inf,10,100.0,256,20,3,0.5,0.1,0.99,10.0,256,20,0,128,128,0.0,0.0,0.0,0.0,1850.9510878756173,7908.170075253759,1.0,
coast,coast,2000.0,200.0,3600.0,0.1,0.1,5.0,5.0,10.0,10.0,50.0,inf,inf,10,100.0,256,20,3,0.5,0.1,0.99,10.0,256,20,0,128,128,0.0,0.0,0.0,0.0,1849.2847293282805,27528.108793402334,1.0,
coast,coast,4000.0,200.0,600.0,0.1,0.1,5.0,5.0,10.0,10.0,50.0,inf,inf,10,100.0,256,20,3,0.5,0.1,0.99,10.0,256,20,0,128,128,0.0,0.0,0.0,0.0,3897.787766310049,4678.557027825625,1.0,
coast,coast,4000.0,200.0,1200.0,0.1,0.1,5.0,5.0,10.0,10.0,50.0,inf,inf,10,100.0,256,20,3,0.5,0.1,0.99,10.0,256,20,0,128,128,0.0,0.0,0.0,0.0,3740.119281654999,8016.904144888257,1.0,
coast,coast,4000.0,200.0,1800.0,0.1,0.1,5.0,5.0,10.0,10.0,50.0,inf,inf,10,100.0,256,20,3,0.5,0.1,0.99,10.0,256,20,0,128,128,0.0,0.0,0.0,0.0,3703.233262485704,15863.434975160968,1.0,
coast,coast,4000.0,200.0,3600.0,0.1,0.1,5.0,5.0,10.0,10.0,50.0,inf,inf,10,100.0,256,20,3,0.5,0.1,0.99,10.0,256,20,0,128,128,0.0,0.0,0.0,0.0,3702.726809386316,55240.81876770751,1.0,
coast,direct,500.0,200.0,600.0,0.1,0.1,5.0,5.0,10.0,10.0,50.0,inf,inf,10,100.0,256,20,3,0.5,0.1,0.99,10.0,256,20,0,128,108,0.0,4.690625,0.0,0.15625,172.67283788074548,540.1833706331548,0.84375,300.0
coast,direct,500.0,200.0,1200.0,0.1,0.1,5.0,5.0,10.0,10.0,50.0,inf,inf,10,100.0,256,20,3,0.5,0.1,0.99,10.0,256,20,0,128,108,0.0,4.690625,0.0,0.15625,172.67283788074548,1391.2179869856477,0.84375,300.0
coast,direct,500.0,200.0,1800.0,0.1,0.1,5.0,5.0,10.0,10.0,50.0,inf,inf,10,100.0,256,20,3,0.5,0.1,0.99,10.0,256,20,0,128,108,0.0,4.690625,0.0,0.15625,172.67283788074548,2698.648196206804,0.84375,300.0
coast,direct,500.0,200.0,3600.0,0.1,0.1,5.0,5.0,10.0,10.0,50.0,inf,inf,10,100.0,256,20,3,0.5,0.1,0.99,10.0,256,20,0,128,108,0.0,4.690625,0.0,0.15625,172.67283788074548,10346.583476167598,0.84375,300.0
coast,direct,1000.0,200.0,600.0,0.1,0.1,5.0,5.0,10.0,10.0,50.0,inf,inf,10,100.0,256,20,3,0.5,0.1,0.99,10.0,256,20,0,128,126,0.0,4.98828125,0.0078125,0.015625,256.8092791383052,620.9119013451132,0.984375,430.0
coast,direct,1000.0,200.0,1200.0,0.1,0.1,5.0,5.0,10.0,10.0,50.0,inf,inf,10,100.0,256,20,3,0.5,0.1,0.99,10.0,256,20,0,128,126,0.0,4.98828125,0.0078125,0.015625,256.8092791383052,2879.820391817684,0.984375,430.0
coast,direct,1000.0,200.0,1800.0,0.1,0.1,5.0,5.0,10.0,10.0,50.0,inf,inf,10,100.0,256,20,3,0.5,0.1,0.99,10.0,256,20,0,128,126,0.0,4.98828125,0.0078125,0.015625,256.8092791383052,5975.338345257916,0.984375,430.0
coast,direct,1000.0,200.0,3600.0,0.1,0.1,5.0,5.0,10.0,10.0,50.0,inf,inf,10,100.0,256,20,3,0.5,0.1,0.99,10.0,256,20,0,128,126,0.0,4.98828125,0.0078125,0.015625,256.8092791383052,26345.82806640465,0.984375,430.0
coast,direct,2000.0,200.0,600.0,0.1,0.1,5.0,5.0,10.0,10.0,50.0,inf,inf,10,100.0,256,20,3,0.5,0.1,0.99,10.0,256,20,0,128,128,0.0,5.0,0.0,0.0,878.3166493085264,889.866422512678,1.0,
coast,direct,2000.0,200.0,1200.0,0.1,0.1,5.0,5.0,10.0,10.0,50.0,inf,inf,10,100.0,256,20,3,0.5,0.1,0.99,10.0,256,20,0,128,128,0.0,5.0,0.0,0.0,832.2189067314646,3194.2681848210937,1.0,
coast,direct,2000.0,200.0,1800.0,0.1,0.1,5.0,5.0,10.0,10.0,50.0,inf,inf,10,100.0,256,20,3,0.5,0.1,0.99,10.0,256,20,0,128,128,0.0,5.0,0.0,0.0,832.2189067314646,7484.06377764334,1.0,
coast,direct,2000.0,200.0,3600.0,0.1,0.1,5.0,5.0,10.0,10.0,50.0,inf,inf,10,100.0,256,20,3,0.5,0.1,0.99,10.0,256,20,0,128,128,0.0,5.0,0.0,0.0,832.2189067314646,36650.84364683589,1.0,
coast,direct,4000.0,200.0,600.0,0.1,0.1,5.0,5.0,10.0,10.0,50.0,inf,inf,10,100.0,256,20,3,0.5,0.1,0.99,10.0,256,20,0,128,128,0.0,5.0,0.0,0.0,2984.147332316887,3071.300811684166,1.0,
coast,direct,4000.0,200.0,1200.0,0.1,0.1,5.0,5.0,10.0,10.0,50.0,inf,inf,10,100.0,256,20,3,0.5,0.1,0.99,10.0,256,20,0,128,128,0.0,5.0,0.0,0.0,2704.6770204399545,5624.665092688526,1.0,
coast,direct,4000.0,200.0,1800.0,0.1,0.1,5.0,5.0,10.0,10.0,50.0,inf,inf,10,100.0,256,20,3,0.5,0.1,0.99,10.0,256,20,0,128,128,0.0,5.0,0.0,0.0,2700.3722749944213,13076.48008405796,1.0,
coast,direct,4000.0,200.0,3600.0,0.1,0.1,5.0,5.0,10.0,10.0,50.0,inf,inf,10,100.0,256,20,3,0.5,0.1,0.99,10.0,256,20,0,128,128,0.0,5.0,0.0,0.0,2697.8010228089365,58137.47332329409,1.0,
coast,evade,500.0,200.0,600.0,0.1,0.1,5.0,5.0,10.0,10.0,50.0,inf,inf,10,100.0,256,20,3,0.5,0.1,0.99,10.0,256,20,0,128,107,0.0,4.684375,0.0,0.1640625,187.08367692949065,564.5691494017387,0.8359375,310.0
coast,evade,500.0,200.0,1200.0,0.1,0.1,5.0,5.0,10.0,10.0,50.0,inf,inf,10,100.0,256,20,3,0.5,0.1,0.99,10.0,256,20,0,128,107,0.0,4.684375,0.0,0.1640625,187.08367692949065,1430.0477879512505,0.8359375,310.0
coast,evade,500.0,200.0,1800.0,0.1,0.1,5.0,5.0,10.0,10.0,50.0,inf,inf,10,100.0,256,20,3,0.5,0.1,0.99,10.0,256,20,0,128,107,0.0,4.684375,0.0,0.1640625,187.08367692949065,2724.2113745289034,0.8359375,310.0
coast,evade,500.0,200.0,3600.0,0.1,0.1,5.0,5.0,10.0,10.0,50.0,inf,inf,10,100.0,256,20,3,0.5,0.1,0.99,10.0,256,20,0,128,107,0.0,4.684375,0.0,0.1640625,187.08367692949065,10253.144443530278,0.8359375,310.0
coast,evade,1000.0,200.0,600.0,0.1,0.1,5.0,5.0,10.0,10.0,50.0,inf,inf,10,100.0,256,20,3,0.5,0.1,0.99,10.0,256,20,0,128,126,0.0,4.98828125,0.0078125,0.015625,259.15433588192974,622.8193800137911,0.984375,430.0
coast,evade,1000.0,200.0,1200.0,0.1,0.1,5.0,5.0,10.0,10.0,50.0,inf,inf,10,100.0,256,20,3,0.5,0.1,0.99,10.0,256,20,0,128,126,0.0,4.98828125,0.0078125,0.015625,259.15433588192974,2865.5072605288287,0.984375,430.0
coast,evade,1000.0,200.0,1800.0,0.1,0.1,5.0,5.0,10.0,10.0,50.0,inf,inf,10,100.0,256,20,3,0.5,0.1,0.99,10.0,256,20,0,128,126,0.0,4.98828125,0.0078125,0.015625,259.15433588192974,5913.811842029524,0.984375,430.0
coast,evade,1000.0,200.0,3600.0,0.1,0.1,5.0,5.0,10.0,10.0,50.0,inf,inf,10,100.0,256,20,3,0.5,0.1,0.99,10.0,256,20,0,128,126,0.0,4.98828125,0.0078125,0.015625,259.15433588192974,25925.31155402186,0.984375,430.0
coast,evade,2000.0,200.0,600.0,0.1,0.1,5.0,5.0,10.0,10.0,50.0,inf,inf,10,100.0,256,20,3,0.5,0.1,0.99,10.0,256,20,0,128,128,0.0,5.0,0.0,0.0,878.3166493085263,889.8664225126779,1.0,
coast,evade,2000.0,200.0,1200.0,0.1,0.1,5.0,5.0,10.0,10.0,50.0,inf,inf,10,100.0,256,20,3,0.5,0.1,0.99,10.0,256,20,0,128,128,0.0,5.0,0.0,0.0,832.2189067314646,3194.2681848210937,1.0,
coast,evade,2000.0,200.0,1800.0,0.1,0.1,5.0,5.0,10.0,10.0,50.0,inf,inf,10,100.0,256,20,3,0.5,0.1,0.99,10.0,256,20,0,128,128,0.0,5.0,0.0,0.0,832.2189067314646,7484.06377764334,1.0,
coast,evade,2000.0,200.0,3600.0,0.1,0.1,5.0,5.0,10.0,10.0,50.0,inf,inf,10,100.0,256,20,3,0.5,0.1,0.99,10.0,256,20,0,128,128,0.0,5.0,0.0,0.0,832.2189067314646,36650.8436468359,1.0,
coast,evade,4000.0,200.0,600.0,0.1,0.1,5.0,5.0,10.0,10.0,50.0,inf,inf,10,100.0,256,20,3,0.5,0.1,0.99,10.0,256,20,0,128,128,0.0,5.0,0.0,0.0,2984.147332316887,3071.300811684166,1.0,
coast,evade,4000.0,200.0,1200.0,0.1,0.1,5.0,5.0,10.0,10.0,50.0,inf,inf,10,100.0,256,20,3,0.5,0.1,0.99,10.0,256,20,0,128,128,0.0,5.0,0.0,0.0,2704.6770204399545,5624.665092688526,1.0,
coast,evade,4000.0,200.0,1800.0,0.1,0.1,5.0,5.0,10.0,10.0,50.0,inf,inf,10,100.0,256,20,3,0.5,0.1,0.99,10.0,256,20,0,128,128,0.0,5.0,0.0,0.0,2700.3722749944213,13076.48008405796,1.0,
coast,evade,4000.0,200.0,3600.0,0.1,0.1,5.0,5.0,10.0,10.0,50.0,inf,inf,10,100.0,256,20,3,0.5,0.1,0.99,10.0,256,20,0,128,128,0.0,5.0,0.0,0.0,2697.8010228089365,58137.473323294085,1.0,
coast,hcw,500.0,200.0,600.0,0.1,0.1,5.0,5.0,10.0,10.0,50.0,inf,inf,10,100.0,256,20,3,0.5,0.1,0.99,10.0,256,20,0,128,0,0.0,3.362653937551644,0.0,1.0,191.378861910771,208.91927129011984,0.0,330.0
coast,hcw,500.0,200.0,1200.0,0.1,0.1,5.0,5.0,10.0,10.0,50.0,inf,inf,10,100.0,256,20,3,0.5,0.1,0.99,10.0,256,20,0,128,0,0.0,3.362653937551644,0.0,1.0,191.378861910771,208.91927129011984,0.0,330.0
coast,hcw,500.0,200.0,1800.0,0.1,0.1,5.0,5.0,10.0,10.0,50.0,inf,inf,10,100.0,256,20,3,0.5,0.1,0.99,10.0,256,20,0,128,0,0.0,3.362653937551644,0.0,1.0,191.378861910771,208.91927129011984,0.0,330.0
coast,hcw,500.0,200.0,3600.0,0.1,0.1,5.0,5.0,10.0,10.0,50.0,inf,inf,10,100.0,256,20,3,0.5,0.1,0.99,10.0,256,20,0,128,0,0.0,3.362653937551644,0.0,1.0,191.378861910771,208.91927129011984,0.0,330.0
coast,hcw,1000.0,200.0,600.0,0.1,0.1,5.0,5.0,10.0,10.0,50.0,inf,inf,10,100.0,256,20,3,0.5,0.1,0.99,10.0,256,20,0,128,82,0.0,4.8921875,0.0,0.359375,197.9330878158482,313.486456394431,0.640625,465.0
coast,hcw,1000.0,200.0,1200.0,0.1,0.1,5.0,5.0,10.0,10.0,50.0,inf,inf,10,100.0,256,20,3,0.5,0.1,0.99,10.0,256,20,0,128,82,0.0,4.8921875,0.0,0.359375,197.6554698996136,1246.2048853359508,0.640625,465.0
coast,hcw,1000.0,200.0,1800.0,0.1,0.1,5.0,5.0,10.0,10.0,50.0,inf,inf,10,100.0,256,20,3,0.5,0.1,0.99,10.0,256,20,0,128,82,0.0,4.8921875,0.0,0.359375,197.6554698996136,2395.8277793460634,0.640625,465.0
coast,hcw,1000.0,200.0,3600.0,0.1,0.1,5.0,5.0,10.0,10.0,50.0,inf,inf,10,100.0,256,20,3,0.5,0.1,0.99,10.0,256,20,0,128,82,0.0,4.8921875,0.0,0.359375,197.6554698996136,10348.651018184348,0.640625,465.0
coast,hcw,2000.0,200.0,600.0,0.1,0.1,5.0,5.0,10.0,10.0,50.0,inf,inf,10,100.0,256,20,3,0.5,0.1,0.99,10.0,256,20,0,128,127,0.0,5.0,0.0,0.0078125,754.1918216099488,755.5778141304,0.9921875,590.0
coast,hcw,2000.0,200.0,1200.0,0.1,0.1,5.0,5.0,10.0,10.0,50.0,inf,inf,10,100.0,256,20,3,0.5,0.1,0.99,10.0,256,20,0,128,127,0.0,5.0,0.0,0.0078125,668.8460466001882,2698.144373656808,0.9921875,590.0
coast,hcw,2000.0,200.0,1800.0,0.1,0.1,5.0,5.0,10.0,10.0,50.0,inf,inf,10,100.0,256,20,3,0.5,0.1,0.99,10.0,256,20,0,128,127,0.0,5.0,0.0,0.0078125,668.8460466001882,6425.536418407796,0.9921875,590.0
coast,hcw,2000.0,200.0,3600.0,0.1,0.1,5.0,5.0,10.0,10.0,50.0,inf,inf,10,100.0,256,20,3,0.5,0.1,0.99,10.0,256,20,0,128,127,0.0,5.0,0.0,0.0078125,668.8460466001882,33018.16794505851,0.9921875,590.0
coast,hcw,4000.0,200.0,600.0,0.1,0.1,5.0,5.0,10.0,10.0,50.0,inf,inf,10,100.0,256,20,3,0.5,0.1,0.99,10.0,256,20,0,128,128,0.0,5.0,0.0,0.0,2929.7821903742515,2996.3341199103124,1.0,
coast,hcw,4000.0,200.0,1200.0,0.1,0.1,5.0,5.0,10.0,10.0,50.0,inf,inf,10,100.0,256,20,3,0.5,0.1,0.99,10.0,256,20,0,128,128,0.0,5.0,0.0,0.0,2589.78874689956,5175.745030267763,1.0,
coast,hcw,4000.0,200.0,1800.0,0.1,0.1,5.0,5.0,10.0,10.0,50.0,inf,inf,10,100.0,256,20,3,0.5,0.1,0.99,10.0,256,20,0,128,128,0.0,5.0,0.0,0.0,2583.791549330218,12093.817559075418,1.0,
coast,hcw,4000.0,200.0,3600.0,0.1,0.1,5.0,5.0,10.0,10.0,50.0,inf,inf,10,100.0,256,20,3,0.5,0.1,0.99,10.0,256,20,0,128,128,0.0,5.0,0.0,0.0,2583.791549330218,54718.287508550085,1.0,
coast,lqr,500.0,200.0,600.0,0.1,0.1,5.0,5.0,10.0,10.0,50.0,inf,inf,10,100.0,256,20,3,0.5,0.1,0.99,10.0,256,20,0,128,0,0.0,3.1115927449805203,0.0,1.0,195.8121848091816,214.6998548615192,0.0,410.0
coast,lqr,500.0,200.0,1200.0,0.1,0.1,5.0,5.0,10.0,10.0,50.0,inf,inf,10,100.0,256,20,3,0.5,0.1,0.99,10.0,256,20,0,128,0,0.0,3.1115927449805203,0.0,1.0,195.8121848091816,214.6998548615192,0.0,410.0
coast,lqr,500.0,200.0,1800.0,0.1,0.1,5.0,5.0,10.0,10.0,50.0,inf,inf,10,100.0,256,20,3,0.5,0.1,0.99,10.0,256,20,0,128,0,0.0,3.1115927449805203,0.0,1.0,195.8121848091816,214.6998548615192,0.0,410.0
coast,lqr,500.0,200.0,3600.0,0.1,0.1,5.0,5.0,10.0,10.0,50.0,inf,inf,10,100.0,256,20,3,0.5,0.1,0.99,10.0,256,20,0,128,0,0.0,3.1115927449805203,0.0,1.0,195.8121848091816,214.6998548615192,0.0,410.0
coast,lqr,1000.0,200.0,600.0,0.1,0.1,5.0,5.0,10.0,10.0,50.0,inf,inf,10,100.0,256,20,3,0.5,0.1,0.99,10.0,256,20,0,128,27,0.0,4.992077042487567,0.0,0.7890625,202.1484037437572,231.43585226592003,0.2109375,550.0
coast,lqr,1000.0,200.0,1200.0,0.1,0.1,5.0,5.0,10.0,10.0,50.0,inf,inf,10,100.0,256,20,3,0.5,0.1,0.99,10.0,256,20,0,128,26,0.0,4.992077042487567,0.0,0.796875,199.8664890250684,427.3622568447629,0.203125,550.0
coast,lqr,1000.0,200.0,1800.0,0.1,0.1,5.0,5.0,10.0,10.0,50.0,inf,inf,10,100.0,256,20,3,0.5,0.1,0.99,10.0,256,20,0,128,26,0.0,4.992077042487567,0.0,0.796875,199.8664890250684,641.3489200222949,0.203125,550.0
coast,lqr,1000.0,200.0,3600.0,0.1,0.1,5.0,5.0,10.0,10.0,50.0,inf,inf,10,100.0,256,20,3,0.5,0.1,0.99,10.0,256,20,0,128,26,0.0,4.992077042487567,0.0,0.796875,199.8664890250684,2334.8355101542807,0.203125,550.0
coast,lqr,2000.0,200.0,600.0,0.1,0.1,5.0,5.0,10.0,10.0,50.0,inf,inf,10,100.0,256,20,3,0.5,0.1,0.99,10.0,256,20,0,128,128,0.0,5.0,0.0,0.0,721.7036513375524,721.7038896138306,1.0,
coast,lqr,2000.0,200.0,1200.0,0.1,0.1,5.0,5.0,10.0,10.0,50.0,inf,inf,10,100.0,256,20,3,0.5,0.1,0.99,10.0,256,20,0,128,125,0.0,5.0,0.0,0.0234375,600.919279053887,2355.1947978396424,0.9765625,620.0
coast,lqr,2000.0,200.0,1800.0,0.1,0.1,5.0,5.0,10.0,10.0,50.0,inf,inf,10,100.0,256,20,3,0.5,0.1,0.99,10.0,256,20,0,128,125,0.0,5.0,0.0,0.0234375,600.919279053887,5738.256395241754,0.9765625,620.0
coast,lqr,2000.0,200.0,3600.0,0.1,0.1,5.0,5.0,10.0,10.0,50.0,inf,inf,10,100.0,256,20,3,0.5,0.1,0.99,10.0,256,20,0,128,125,0.0,5.0,0.0,0.0234375,600.919279053887,30733.63813225246,0.9765625,620.0
coast,lqr,4000.0,200.0,600.0,0.1,0.1,5.0,5.0,10.0,10.0,50.0,inf,inf,10,100.0,256,20,3,0.5,0.1,0.99,10.0,256,20,0,128,128,0.0,5.0,0.0,0.0,2916.418276820969,2978.7256531316443,1.0,
coast,lqr,4000.0,200.0,1200.0,0.1,0.1,5.0,5.0,10.0,10.0,50.0,inf,inf,10,100.0,256,20,3,0.5,0.1,0.99,10.0,256,20,0,128,128,0.0,5.0,0.0,0.0,2551.9920370965447,5019.055114448378,1.0,
coast,lqr,4000.0,200.0,1800.0,0.1,0.1,5.0,5.0,10.0,10.0,50.0,inf,inf,10,100.0,256,20,3,0.5,0.1,0.99,10.0,256,20,0,128,128,0.0,5.0,0.0,0.0,2546.441746862264,11782.357705660375,1.0,
coast,lqr,4000.0,200.0,3600.0,0.1,0.1,5.0,5.0,10.0,10.0,50.0,inf,inf,10,100.0,256,20,3,0.5,0.1,0.99,10.0,256,20,0,128,128,0.0,5.0,0.0,0.0,2546.441746862264,53943.21445866679,1.0,
coast,mppi_direct,500.0,200.0,600.0,0.1,0.1,5.0,5.0,10.0,10.0,50.0,inf,inf,10,100.0,256,20,3,0.5,0.1,0.99,10.0,256,20,0,128,0,0.0,2.7898878663751607,0.0,1.0,190.72489593192884,210.24046827883964,0.0,350.0
coast,mppi_direct,500.0,200.0,1200.0,0.1,0.1,5.0,5.0,10.0,10.0,50.0,inf,inf,10,100.0,256,20,3,0.5,0.1,0.99,10.0,256,20,0,128,0,0.0,2.7898878663751607,0.0,1.0,190.72489593192884,210.24046827883964,0.0,350.0
coast,mppi_direct,500.0,200.0,1800.0,0.1,0.1,5.0,5.0,10.0,10.0,50.0,inf,inf,10,100.0,256,20,3,0.5,0.1,0.99,10.0,256,20,0,128,0,0.0,2.7898878663751607,0.0,1.0,190.72489593192884,210.24046827883964,0.0,350.0
coast,mppi_direct,500.0,200.0,3600.0,0.1,0.1,5.0,5.0,10.0,10.0,50.0,inf,inf,10,100.0,256,20,3,0.5,0.1,0.99,10.0,256,20,0,128,0,0.0,2.7898878663751607,0.0,1.0,190.72489593192884,210.24046827883964,0.0,350.0
coast,mppi_direct,1000.0,200.0,600.0,0.1,0.1,5.0,5.0,10.0,10.0,50.0,inf,inf,10,100.0,256,20,3,0.5,0.1,0.99,10.0,256,20,0,128,1,0.0,4.219024470682985,0.0,0.9921875,200.60906591930535,222.34470275562668,0.0078125,510.0
coast,mppi_direct,1000.0,200.0,1200.0,0.1,0.1,5.0,5.0,10.0,10.0,50.0,inf,inf,10,100.0,256,20,3,0.5,0.1,0.99,10.0,256,20,0,128,0,0.0,4.219024470682985,0.0,1.0,200.53148617223516,224.0794586956065,0.0,510.0
coast,mppi_direct,1000.0,200.0,1800.0,0.1,0.1,5.0,5.0,10.0,10.0,50.0,inf,inf,10,100.0,256,20,3,0.5,0.1,0.99,10.0,256,20,0,128,0,0.0,4.219024470682985,0.0,1.0,200.53148617223516,224.0794586956065,0.0,510.0
coast,mppi_direct,1000.0,200.0,3600.0,0.1,0.1,5.0,5.0,10.0,10.0,50.0,inf,inf,10,100.0,256,20,3,0.5,0.1,0.99,10.0,256,20,0,128,0,0.0,4.219024470682985,0.0,1.0,200.53148617223516,224.0794586956065,0.0,510.0
coast,mppi_direct,2000.0,200.0,600.0,0.1,0.1,5.0,5.0,10.0,10.0,50.0,inf,inf,10,100.0,256,20,3,0.5,0.1,0.99,10.0,256,20,0,128,128,0.0,4.9769398016481885,0.0,0.0,809.5386761417298,809.5386761417298,1.0,
coast,mppi_direct,2000.0,200.0,1200.0,0.1,0.1,5.0,5.0,10.0,10.0,50.0,inf,inf,10,100.0,256,20,3,0.5,0.1,0.99,10.0,256,20,0,128,51,0.0,5.0,0.0,0.6015625,410.10665663078936,609.7472018185964,0.3984375,710.0
coast,mppi_direct,2000.0,200.0,1800.0,0.1,0.1,5.0,5.0,10.0,10.0,50.0,inf,inf,10,100.0,256,20,3,0.5,0.1,0.99,10.0,256,20,0,128,51,0.0,5.0,0.0,0.6015625,410.10665663078936,1352.6990215495186,0.3984375,710.0
coast,mppi_direct,2000.0,200.0,3600.0,0.1,0.1,5.0,5.0,10.0,10.0,50.0,inf,inf,10,100.0,256,20,3,0.5,0.1,0.99,10.0,256,20,0,128,51,0.0,5.0,0.0,0.6015625,410.10665663078936,8615.643343786285,0.3984375,710.0
coast,mppi_direct,4000.0,200.0,600.0,0.1,0.1,5.0,5.0,10.0,10.0,50.0,inf,inf,10,100.0,256,20,3,0.5,0.1,0.99,10.0,256,20,0,128,128,0.0,5.0,0.0,0.0,3003.6460901808177,3073.454527281474,1.0,
coast,mppi_direct,4000.0,200.0,1200.0,0.1,0.1,5.0,5.0,10.0,10.0,50.0,inf,inf,10,100.0,256,20,3,0.5,0.1,0.99,10.0,256,20,0,128,121,0.0,5.0,0.0,0.0546875,2327.7056950042875,3907.324404893089,0.9453125,890.0
coast,mppi_direct,4000.0,200.0,1800.0,0.1,0.1,5.0,5.0,10.0,10.0,50.0,inf,inf,10,100.0,256,20,3,0.5,0.1,0.99,10.0,256,20,0,128,121,0.0,5.0,0.0,0.0546875,2321.128303106242,9159.640309306187,0.9453125,890.0
coast,mppi_direct,4000.0,200.0,3600.0,0.1,0.1,5.0,5.0,10.0,10.0,50.0,inf,inf,10,100.0,256,20,3,0.5,0.1,0.99,10.0,256,20,0,128,121,0.0,5.0,0.0,0.0546875,2316.025234095753,44046.94416405752,0.9453125,890.0
coast,mppi_lqr,500.0,200.0,600.0,0.1,0.1,5.0,5.0,10.0,10.0,50.0,inf,inf,10,100.0,256,20,3,0.5,0.1,0.99,10.0,256,20,0,128,0,0.0,2.798960083074076,0.0,1.0,191.50025353353809,210.4192336277283,0.0,350.0
coast,mppi_lqr,500.0,200.0,1200.0,0.1,0.1,5.0,5.0,10.0,10.0,50.0,inf,inf,10,100.0,256,20,3,0.5,0.1,0.99,10.0,256,20,0,128,0,0.0,2.798960083074076,0.0,1.0,191.50025353353809,210.4192336277283,0.0,350.0
coast,mppi_lqr,500.0,200.0,1800.0,0.1,0.1,5.0,5.0,10.0,10.0,50.0,inf,inf,10,100.0,256,20,3,0.5,0.1,0.99,10.0,256,20,0,128,0,0.0,2.798960083074076,0.0,1.0,191.50025353353809,210.4192336277283,0.0,350.0
coast,mppi_lqr,500.0,200.0,3600.0,0.1,0.1,5.0,5.0,10.0,10.0,50.0,inf,inf,10,100.0,256,20,3,0.5,0.1,0.99,10.0,256,20,0,128,0,0.0,2.798960083074076,0.0,1.0,191.50025353353809,210.4192336277283,0.0,350.0
coast,mppi_lqr,1000.0,200.0,600.0,0.1,0.1,5.0,5.0,10.0,10.0,50.0,inf,inf,10,100.0,256,20,3,0.5,0.1,0.99,10.0,256,20,0,128,2,0.0,4.223433675623075,0.0,0.984375,199.9430207841129,223.1930157122508,0.015625,515.0
coast,mppi_lqr,1000.0,200.0,1200.0,0.1,0.1,5.0,5.0,10.0,10.0,50.0,inf,inf,10,100.0,256,20,3,0.5,0.1,0.99,10.0,256,20,0,128,0,0.0,4.223576549797913,0.0,1.0,199.9430207841129,223.71858040453685,0.0,520.0
coast,mppi_lqr,1000.0,200.0,1800.0,0.1,0.1,5.0,5.0,10.0,10.0,50.0,inf,inf,10,100.0,256,20,3,0.5,0.1,0.99,10.0,256,20,0,128,0,0.0,4.223576549797913,0.0,1.0,199.9430207841129,223.71858040453685,0.0,520.0
coast,mppi_lqr,1000.0,200.0,3600.0,0.1,0.1,5.0,5.0,10.0,10.0,50.0,inf,inf,10,100.0,256,20,3,0.5,0.1,0.99,10.0,256,20,0,128,0,0.0,4.223576549797913,0.0,1.0,199.9430207841129,223.71858040453685,0.0,520.0
coast,mppi_lqr,2000.0,200.0,600.0,0.1,0.1,5.0,5.0,10.0,10.0,50.0,inf,inf,10,100.0,256,20,3,0.5,0.1,0.99,10.0,256,20,0,128,128,0.0,4.976490132425743,0.0,0.0,811.7639622577994,811.7639622577994,1.0,
coast,mppi_lqr,2000.0,200.0,1200.0,0.1,0.1,5.0,5.0,10.0,10.0,50.0,inf,inf,10,100.0,256,20,3,0.5,0.1,0.99,10.0,256,20,0,128,51,0.0,4.999898001520422,0.0,0.6015625,409.01483772731336,613.3883604756702,0.3984375,710.0
coast,mppi_lqr,2000.0,200.0,1800.0,0.1,0.1,5.0,5.0,10.0,10.0,50.0,inf,inf,10,100.0,256,20,3,0.5,0.1,0.99,10.0,256,20,0,128,51,0.0,4.999898001520422,0.0,0.6015625,409.01483772731336,1363.2095796615126,0.3984375,710.0
coast,mppi_lqr,2000.0,200.0,3600.0,0.1,0.1,5.0,5.0,10.0,10.0,50.0,inf,inf,10,100.0,256,20,3,0.5,0.1,0.99,10.0,256,20,0,128,51,0.0,4.999898001520422,0.0,0.6015625,409.01483772731336,8695.139353504537,0.3984375,710.0
coast,mppi_lqr,4000.0,200.0,600.0,0.1,0.1,5.0,5.0,10.0,10.0,50.0,inf,inf,10,100.0,256,20,3,0.5,0.1,0.99,10.0,256,20,0,128,128,0.0,5.0,0.0,0.0,3003.6246480440864,3073.4330851447426,1.0,
coast,mppi_lqr,4000.0,200.0,1200.0,0.1,0.1,5.0,5.0,10.0,10.0,50.0,inf,inf,10,100.0,256,20,3,0.5,0.1,0.99,10.0,256,20,0,128,121,0.0,5.0,0.0,0.0546875,2327.6375367810106,3907.247438172467,0.9453125,880.0
coast,mppi_lqr,4000.0,200.0,1800.0,0.1,0.1,5.0,5.0,10.0,10.0,50.0,inf,inf,10,100.0,256,20,3,0.5,0.1,0.99,10.0,256,20,0,128,121,0.0,5.0,0.0,0.0546875,2321.060144882965,9159.585076310252,0.9453125,880.0
coast,mppi_lqr,4000.0,200.0,3600.0,0.1,0.1,5.0,5.0,10.0,10.0,50.0,inf,inf,10,100.0,256,20,3,0.5,0.1,0.99,10.0,256,20,0,128,121,0.0,5.0,0.0,0.0546875,2315.9570758724763,44047.14105608833,0.9453125,880.0
direct,coast,500.0,200.0,600.0,0.1,0.1,5.0,5.0,10.0,10.0,50.0,inf,inf,10,100.0,256,20,3,0.5,0.1,0.99,10.0,256,20,0,128,128,5.0,0.0,0.0,0.0,79.90396958443979,527.272519501212,1.0,
direct,coast,500.0,200.0,1200.0,0.1,0.1,5.0,5.0,10.0,10.0,50.0,inf,inf,10,100.0,256,20,3,0.5,0.1,0.99,10.0,256,20,0,128,128,5.0,0.0,0.0,0.0,79.90396958443979,1501.1465381151556,1.0,
direct,coast,500.0,200.0,1800.0,0.1,0.1,5.0,5.0,10.0,10.0,50.0,inf,inf,10,100.0,256,20,3,0.5,0.1,0.99,10.0,256,20,0,128,128,5.0,0.0,0.0,0.0,79.90396958443979,2982.8987442206007,1.0,
direct,coast,500.0,200.0,3600.0,0.1,0.1,5.0,5.0,10.0,10.0,50.0,inf,inf,10,100.0,256,20,3,0.5,0.1,0.99,10.0,256,20,0,128,128,5.0,0.0,0.0,0.0,79.90396958443979,12082.808621559632,1.0,
direct,coast,1000.0,200.0,600.0,0.1,0.1,5.0,5.0,10.0,10.0,50.0,inf,inf,10,100.0,256,20,3,0.5,0.1,0.99,10.0,256,20,0,128,128,5.0,0.0,0.0,0.0,229.01679930648675,592.1173362013778,1.0,
direct,coast,1000.0,200.0,1200.0,0.1,0.1,5.0,5.0,10.0,10.0,50.0,inf,inf,10,100.0,256,20,3,0.5,0.1,0.99,10.0,256,20,0,128,128,5.0,0.0,0.0,0.0,229.01679930648675,2884.814050709425,1.0,
direct,coast,1000.0,200.0,1800.0,0.1,0.1,5.0,5.0,10.0,10.0,50.0,inf,inf,10,100.0,256,20,3,0.5,0.1,0.99,10.0,256,20,0,128,128,5.0,0.0,0.0,0.0,229.01679930648675,6045.765016663794,1.0,
direct,coast,1000.0,200.0,3600.0,0.1,0.1,5.0,5.0,10.0,10.0,50.0,inf,inf,10,100.0,256,20,3,0.5,0.1,0.99,10.0,256,20,0,128,128,5.0,0.0,0.0,0.0,229.01679930648675,26779.36809560946,1.0,
direct,coast,2000.0,200.0,600.0,0.1,0.1,5.0,5.0,10.0,10.0,50.0,inf,inf,10,100.0,256,20,3,0.5,0.1,0.99,10.0,256,20,0,128,128,5.0,0.0,0.0,0.0,872.4060469308274,881.8325487895498,1.0,
direct,coast,2000.0,200.0,1200.0,0.1,0.1,5.0,5.0,10.0,10.0,50.0,inf,inf,10,100.0,256,20,3,0.5,0.1,0.99,10.0,256,20,0,128,128,5.0,0.0,0.0,0.0,829.0085367203757,3198.7114012539487,1.0,
direct,coast,2000.0,200.0,1800.0,0.1,0.1,5.0,5.0,10.0,10.0,50.0,inf,inf,10,100.0,256,20,3,0.5,0.1,0.99,10.0,256,20,0,128,128,5.0,0.0,0.0,0.0,829.0085367203757,7529.492879361292,1.0,
direct,coast,2000.0,200.0,3600.0,0.1,0.1,5.0,5.0,10.0,10.0,50.0,inf,inf,10,100.0,256,20,3,0.5,0.1,0.99,10.0,256,20,0,128,128,5.0,0.0,0.0,0.0,829.0085367203757,37001.76783901337,1.0,
direct,coast,4000.0,200.0,600.0,0.1,0.1,5.0,5.0,10.0,10.0,50.0,inf,inf,10,100.0,256,20,3,0.5,0.1,0.99,10.0,256,20,0,128,128,5.0,0.0,0.0,0.0,2983.798291777593,3070.932537717005,1.0,
direct,coast,4000.0,200.0,1200.0,0.1,0.1,5.0,5.0,10.0,10.0,50.0,inf,inf,10,100.0,256,20,3,0.5,0.1,0.99,10.0,256,20,0,128,128,5.0,0.0,0.0,0.0,2706.4794121581986,5632.265321176003,1.0,
direct,coast,4000.0,200.0,1800.0,0.1,0.1,5.0,5.0,10.0,10.0,50.0,inf,inf,10,100.0,256,20,3,0.5,0.1,0.99,10.0,256,20,0,128,128,5.0,0.0,0.0,0.0,2701.2035934104283,13107.83492860762,1.0,
direct,coast,4000.0,200.0,3600.0,0.1,0.1,5.0,5.0,10.0,10.0,50.0,inf,inf,10,100.0,256,20,3,0.5,0.1,0.99,10.0,256,20,0,128,128,5.0,0.0,0.0,0.0,2701.0921054107275,58342.80030617427,1.0,
direct,direct,500.0,200.0,600.0,0.1,0.1,5.0,5.0,10.0,10.0,50.0,inf,inf,10,100.0,256,20,3,0.5,0.1,0.99,10.0,256,20,0,128,108,4.665625,4.665625,0.0078125,0.15625,83.12836431170248,881.5236584673437,0.84375,300.0
direct,direct,500.0,200.0,1200.0,0.1,0.1,5.0,5.0,10.0,10.0,50.0,inf,inf,10,100.0,256,20,3,0.5,0.1,0.99,10.0,256,20,0,128,108,4.665625,4.665625,0.0078125,0.15625,83.12836431170248,1745.4083651852627,0.84375,300.0
direct,direct,500.0,200.0,1800.0,0.1,0.1,5.0,5.0,10.0,10.0,50.0,inf,inf,10,100.0,256,20,3,0.5,0.1,0.99,10.0,256,20,0,128,108,4.665625,4.665625,0.0078125,0.15625,83.12836431170248,3343.8252207501205,0.84375,300.0
direct,direct,500.0,200.0,3600.0,0.1,0.1,5.0,5.0,10.0,10.0,50.0,inf,inf,10,100.0,256,20,3,0.5,0.1,0.99,10.0,256,20,0,128,108,4.665625,4.665625,0.0078125,0.15625,83.12836431170248,12344.19638447842,0.84375,300.0
direct,direct,1000.0,200.0,600.0,0.1,0.1,5.0,5.0,10.0,10.0,50.0,inf,inf,10,100.0,256,20,3,0.5,0.1,0.99,10.0,256,20,0,128,126,4.98828125,4.98828125,0.0,0.015625,170.22008552618044,1602.6246585122713,0.984375,425.0
direct,direct,1000.0,200.0,1200.0,0.1,0.1,5.0,5.0,10.0,10.0,50.0,inf,inf,10,100.0,256,20,3,0.5,0.1,0.99,10.0,256,20,0,128,126,4.98828125,4.98828125,0.0,0.015625,170.22008552618044,5028.990658572865,0.984375,425.0
direct,direct,1000.0,200.0,1800.0,0.1,0.1,5.0,5.0,10.0,10.0,50.0,inf,inf,10,100.0,256,20,3,0.5,0.1,0.99,10.0,256,20,0,128,126,4.98828125,4.98828125,0.0,0.015625,170.22008552618044,9933.49790409622,0.984375,425.0
direct,direct,1000.0,200.0,3600.0,0.1,0.1,5.0,5.0,10.0,10.0,50.0,inf,inf,10,100.0,256,20,3,0.5,0.1,0.99,10.0,256,20,0,128,126,4.98828125,4.98828125,0.0,0.015625,170.22008552618044,39609.88888713476,0.984375,425.0
direct,direct,2000.0,200.0,600.0,0.1,0.1,5.0,5.0,10.0,10.0,50.0,inf,inf,10,100.0,256,20,3,0.5,0.1,0.99,10.0,256,20,0,128,128,5.0,5.0,0.0,0.0,485.84531445478734,1345.766843117624,1.0,
direct,direct,2000.0,200.0,1200.0,0.1,0.1,5.0,5.0,10.0,10.0,50.0,inf,inf,10,100.0,256,20,3,0.5,0.1,0.99,10.0,256,20,0,128,128,5.0,5.0,0.0,0.0,485.84531445478734,6458.62512252344,1.0,
direct,direct,2000.0,200.0,1800.0,0.1,0.1,5.0,5.0,10.0,10.0,50.0,inf,inf,10,100.0,256,20,3,0.5,0.1,0.99,10.0,256,20,0,128,128,5.0,5.0,0.0,0.0,485.84531445478734,13434.421736971985,1.0,
direct,direct,2000.0,200.0,3600.0,0.1,0.1,5.0,5.0,10.0,10.0,50.0,inf,inf,10,100.0,256,20,3,0.5,0.1,0.99,10.0,256,20,0,128,128,5.0,5.0,0.0,0.0,485.84531445478734,58842.65178184351,1.0,
direct,direct,4000.0,200.0,600.0,0.1,0.1,5.0,5.0,10.0,10.0,50.0,inf,inf,10,100.0,256,20,3,0.5,0.1,0.99,10.0,256,20,0,128,128,5.0,5.0,0.0,0.0,1769.3449632866204,1790.1812660855146,1.0,
direct,direct,4000.0,200.0,1200.0,0.1,0.1,5.0,5.0,10.0,10.0,50.0,inf,inf,10,100.0,256,20,3,0.5,0.1,0.99,10.0,256,20,0,128,128,5.0,5.0,0.0,0.0,1690.5319833266883,6528.216534586242,1.0,
direct,direct,4000.0,200.0,1800.0,0.1,0.1,5.0,5.0,10.0,10.0,50.0,inf,inf,10,100.0,256,20,3,0.5,0.1,0.99,10.0,256,20,0,128,128,5.0,5.0,0.0,0.0,1690.5319833266883,15339.50526704278,1.0,
direct,direct,4000.0,200.0,3600.0,0.1,0.1,5.0,5.0,10.0,10.0,50.0,inf,inf,10,100.0,256,20,3,0.5,0.1,0.99,10.0,256,20,0,128,128,5.0,5.0,0.0,0.0,1690.5319833266883,74832.98340432525,1.0,
direct,evade,500.0,200.0,600.0,0.1,0.1,5.0,5.0,10.0,10.0,50.0,inf,inf,10,100.0,256,20,3,0.5,0.1,0.99,10.0,256,20,0,128,115,4.81796875,4.81796875,0.0,0.1015625,95.46627425867312,933.1993298909008,0.8984375,320.0
direct,evade,500.0,200.0,1200.0,0.1,0.1,5.0,5.0,10.0,10.0,50.0,inf,inf,10,100.0,256,20,3,0.5,0.1,0.99,10.0,256,20,0,128,115,4.81796875,4.81796875,0.0,0.1015625,95.46627425867312,2063.666564276497,0.8984375,320.0
direct,evade,500.0,200.0,1800.0,0.1,0.1,5.0,5.0,10.0,10.0,50.0,inf,inf,10,100.0,256,20,3,0.5,0.1,0.99,10.0,256,20,0,128,115,4.81796875,4.81796875,0.0,0.1015625,95.46627425867312,3972.353072592078,0.8984375,320.0
direct,evade,500.0,200.0,3600.0,0.1,0.1,5.0,5.0,10.0,10.0,50.0,inf,inf,10,100.0,256,20,3,0.5,0.1,0.99,10.0,256,20,0,128,115,4.81796875,4.81796875,0.0,0.1015625,95.46627425867312,15161.573447095903,0.8984375,320.0
direct,evade,1000.0,200.0,600.0,0.1,0.1,5.0,5.0,10.0,10.0,50.0,inf,inf,10,100.0,256,20,3,0.5,0.1,0.99,10.0,256,20,0,128,124,4.97734375,4.97734375,0.0,0.03125,173.14290276964,1573.3951634192492,0.96875,430.0
direct,evade,1000.0,200.0,1200.0,0.1,0.1,5.0,5.0,10.0,10.0,50.0,inf,inf,10,100.0,256,20,3,0.5,0.1,0.99,10.0,256,20,0,128,124,4.97734375,4.97734375,0.0,0.03125,173.14290276964,4915.4426010856005,0.96875,430.0
direct,evade,1000.0,200.0,1800.0,0.1,0.1,5.0,5.0,10.0,10.0,50.0,inf,inf,10,100.0,256,20,3,0.5,0.1,0.99,10.0,256,20,0,128,124,4.97734375,4.97734375,0.0,0.03125,173.14290276964,9714.807463749845,0.96875,430.0
direct,evade,1000.0,200.0,3600.0,0.1,0.1,5.0,5.0,10.0,10.0,50.0,inf,inf,10,100.0,256,20,3,0.5,0.1,0.99,10.0,256,20,0,128,124,4.97734375,4.97734375,0.0,0.03125,173.14290276964,38683.8948147136,0.96875,430.0
direct,evade,2000.0,200.0,600.0,0.1,0.1,5.0,5.0,10.0,10.0,50.0,inf,inf,10,100.0,256,20,3,0.5,0.1,0.99,10.0,256,20,0,128,128,5.0,5.0,0.0,0.0,485.96353917257153,1345.1776584795286,1.0,
direct,evade,2000.0,200.0,1200.0,0.1,0.1,5.0,5.0,10.0,10.0,50.0,inf,inf,10,100.0,256,20,3,0.5,0.1,0.99,10.0,256,20,0,128,128,5.0,5.0,0.0,0.0,485.96353917257153,6454.366433501167,1.0,
direct,evade,2000.0,200.0,1800.0,0.1,0.1,5.0,5.0,10.0,10.0,50.0,inf,inf,10,100.0,256,20,3,0.5,0.1,0.99,10.0,256,20,0,128,128,5.0,5.0,0.0,0.0,485.96353917257153,13419.952051984226,1.0,
direct,evade,2000.0,200.0,3600.0,0.1,0.1,5.0,5.0,10.0,10.0,50.0,inf,inf,10,100.0,256,20,3,0.5,0.1,0.99,10.0,256,20,0,128,128,5.0,5.0,0.0,0.0,485.96353917257153,58685.35075000562,1.0,
direct,evade,4000.0,200.0,600.0,0.1,0.1,5.0,5.0,10.0,10.0,50.0,inf,inf,10,100.0,256,20,3,0.5,0.1,0.99,10.0,256,20,0,128,128,5.0,5.0,0.0,0.0,1769.3449632866204,1790.1812660855146,1.0,
direct,evade,4000.0,200.0,1200.0,0.1,0.1,5.0,5.0,10.0,10.0,50.0,inf,inf,10,100.0,256,20,3,0.5,0.1,0.99,10.0,256,20,0,128,128,5.0,5.0,0.0,0.0,1690.5319833266883,6528.216534586242,1.0,
direct,evade,4000.0,200.0,1800.0,0.1,0.1,5.0,5.0,10.0,10.0,50.0,inf,inf,10,100.0,256,20,3,0.5,0.1,0.99,10.0,256,20,0,128,128,5.0,5.0,0.0,0.0,1690.5319833266883,15339.50526704278,1.0,
direct,evade,4000.0,200.0,3600.0,0.1,0.1,5.0,5.0,10.0,10.0,50.0,inf,inf,10,100.0,256,20,3,0.5,0.1,0.99,10.0,256,20,0,128,128,5.0,5.0,0.0,0.0,1690.5319833266883,74832.98340432523,1.0,
direct,hcw,500.0,200.0,600.0,0.1,0.1,5.0,5.0,10.0,10.0,50.0,inf,inf,10,100.0,256,20,3,0.5,0.1,0.99,10.0,256,20,0,128,0,3.3632812500000018,3.362653937551644,0.0,1.0,72.27250920608438,378.2835264367678,0.0,330.0
direct,hcw,500.0,200.0,1200.0,0.1,0.1,5.0,5.0,10.0,10.0,50.0,inf,inf,10,100.0,256,20,3,0.5,0.1,0.99,10.0,256,20,0,128,0,3.3632812500000018,3.362653937551644,0.0,1.0,72.27250920608438,378.2835264367678,0.0,330.0
direct,hcw,500.0,200.0,1800.0,0.1,0.1,5.0,5.0,10.0,10.0,50.0,inf,inf,10,100.0,256,20,3,0.5,0.1,0.99,10.0,256,20,0,128,0,3.3632812500000018,3.362653937551644,0.0,1.0,72.27250920608438,378.2835264367678,0.0,330.0
direct,hcw,500.0,200.0,3600.0,0.1,0.1,5.0,5.0,10.0,10.0,50.0,inf,inf,10,100.0,256,20,3,0.5,0.1,0.99,10.0,256,20,0,128,0,3.3632812500000018,3.362653937551644,0.0,1.0,72.27250920608438,378.2835264367678,0.0,330.0
direct,hcw,1000.0,200.0,600.0,0.1,0.1,5.0,5.0,10.0,10.0,50.0,inf,inf,10,100.0,256,20,3,0.5,0.1,0.99,10.0,256,20,0,128,83,4.878125,4.878125,0.0078125,0.3515625,129.71392950282296,1159.5223828940868,0.6484375,460.0
direct,hcw,1000.0,200.0,1200.0,0.1,0.1,5.0,5.0,10.0,10.0,50.0,inf,inf,10,100.0,256,20,3,0.5,0.1,0.99,10.0,256,20,0,128,83,4.878125,4.878125,0.0078125,0.3515625,129.71392950282296,2808.960158721031,0.6484375,460.0
direct,hcw,1000.0,200.0,1800.0,0.1,0.1,5.0,5.0,10.0,10.0,50.0,inf,inf,10,100.0,256,20,3,0.5,0.1,0.99,10.0,256,20,0,128,83,4.878125,4.878125,0.0078125,0.3515625,129.71392950282296,4917.953698984317,0.6484375,460.0
direct,hcw,1000.0,200.0,3600.0,0.1,0.1,5.0,5.0,10.0,10.0,50.0,inf,inf,10,100.0,256,20,3,0.5,0.1,0.99,10.0,256,20,0,128,83,4.878125,4.878125,0.0078125,0.3515625,129.71392950282296,17505.423250596017,0.6484375,460.0
direct,hcw,2000.0,200.0,600.0,0.1,0.1,5.0,5.0,10.0,10.0,50.0,inf,inf,10,100.0,256,20,3,0.5,0.1,0.99,10.0,256,20,0,128,127,4.99453125,4.99453125,0.0078125,0.0078125,399.2337877365708,1253.3029062311157,0.9921875,510.0
direct,hcw,2000.0,200.0,1200.0,0.1,0.1,5.0,5.0,10.0,10.0,50.0,inf,inf,10,100.0,256,20,3,0.5,0.1,0.99,10.0,256,20,0,128,127,4.99453125,4.99453125,0.0078125,0.0078125,399.2337877365708,6210.562514248549,0.9921875,510.0
direct,hcw,2000.0,200.0,1800.0,0.1,0.1,5.0,5.0,10.0,10.0,50.0,inf,inf,10,100.0,256,20,3,0.5,0.1,0.99,10.0,256,20,0,128,127,4.99453125,4.99453125,0.0078125,0.0078125,399.2337877365708,12892.496917694769,0.9921875,510.0
direct,hcw,2000.0,200.0,3600.0,0.1,0.1,5.0,5.0,10.0,10.0,50.0,inf,inf,10,100.0,256,20,3,0.5,0.1,0.99,10.0,256,20,0,128,127,4.99453125,4.99453125,0.0078125,0.0078125,399.2337877365708,56444.24035215012,0.9921875,510.0
direct,hcw,4000.0,200.0,600.0,0.1,0.1,5.0,5.0,10.0,10.0,50.0,inf,inf,10,100.0,256,20,3,0.5,0.1,0.99,10.0,256,20,0,128,128,5.0,5.0,0.0,0.0,1656.230430153025,1666.0399768245895,1.0,
direct,hcw,4000.0,200.0,1200.0,0.1,0.1,5.0,5.0,10.0,10.0,50.0,inf,inf,10,100.0,256,20,3,0.5,0.1,0.99,10.0,256,20,0,128,128,5.0,5.0,0.0,0.0,1557.574885196528,6190.09986298007,1.0,
direct,hcw,4000.0,200.0,1800.0,0.1,0.1,5.0,5.0,10.0,10.0,50.0,inf,inf,10,100.0,256,20,3,0.5,0.1,0.99,10.0,256,20,0,128,128,5.0,5.0,0.0,0.0,1557.574885196528,14613.141594437971,1.0,
direct,hcw,4000.0,200.0,3600.0,0.1,0.1,5.0,5.0,10.0,10.0,50.0,inf,inf,10,100.0,256,20,3,0.5,0.1,0.99,10.0,256,20,0,128,128,5.0,5.0,0.0,0.0,1557.574885196528,72339.29409445406,1.0,
direct,lqr,500.0,200.0,600.0,0.1,0.1,5.0,5.0,10.0,10.0,50.0,inf,inf,10,100.0,256,20,3,0.5,0.1,0.99,10.0,256,20,0,128,0,4.144531250000001,3.1115927449805203,0.0,1.0,68.02918206965641,446.0826561852553,0.0,410.0
direct,lqr,500.0,200.0,1200.0,0.1,0.1,5.0,5.0,10.0,10.0,50.0,inf,inf,10,100.0,256,20,3,0.5,0.1,0.99,10.0,256,20,0,128,0,4.144531250000001,3.1115927449805203,0.0,1.0,68.02918206965641,446.0826561852553,0.0,410.0
direct,lqr,500.0,200.0,1800.0,0.1,0.1,5.0,5.0,10.0,10.0,50.0,inf,inf,10,100.0,256,20,3,0.5,0.1,0.99,10.0,256,20,0,128,0,4.144531250000001,3.1115927449805203,0.0,1.0,68.02918206965641,446.0826561852553,0.0,410.0
direct,lqr,500.0,200.0,3600.0,0.1,0.1,5.0,5.0,10.0,10.0,50.0,inf,inf,10,100.0,256,20,3,0.5,0.1,0.99,10.0,256,20,0,128,0,4.144531250000001,3.1115927449805203,0.0,1.0,68.02918206965641,446.0826561852553,0.0,410.0
direct,lqr,1000.0,200.0,600.0,0.1,0.1,5.0,5.0,10.0,10.0,50.0,inf,inf,10,100.0,256,20,3,0.5,0.1,0.99,10.0,256,20,0,128,28,4.98515625,4.977233292487567,0.0078125,0.78125,115.49015145657631,1012.1111946967394,0.21875,550.0
direct,lqr,1000.0,200.0,1200.0,0.1,0.1,5.0,5.0,10.0,10.0,50.0,inf,inf,10,100.0,256,20,3,0.5,0.1,0.99,10.0,256,20,0,128,27,4.98515625,4.977233292487567,0.0078125,0.7890625,115.49015145657631,1454.0505424121343,0.2109375,550.0
direct,lqr,1000.0,200.0,1800.0,0.1,0.1,5.0,5.0,10.0,10.0,50.0,inf,inf,10,100.0,256,20,3,0.5,0.1,0.99,10.0,256,20,0,128,27,4.98515625,4.977233292487567,0.0078125,0.7890625,115.49015145657631,1881.0881039168744,0.2109375,550.0
direct,lqr,1000.0,200.0,3600.0,0.1,0.1,5.0,5.0,10.0,10.0,50.0,inf,inf,10,100.0,256,20,3,0.5,0.1,0.99,10.0,256,20,0,128,27,4.98515625,4.977233292487567,0.0078125,0.7890625,115.49015145657631,4297.738653084228,0.2109375,550.0
direct,lqr,2000.0,200.0,600.0,0.1,0.1,5.0,5.0,10.0,10.0,50.0,inf,inf,10,100.0,256,20,3,0.5,0.1,0.99,10.0,256,20,0,128,128,4.99453125,4.99453125,0.0078125,0.0,372.7190514974933,1196.642679323995,1.0,430.0
direct,lqr,2000.0,200.0,1200.0,0.1,0.1,5.0,5.0,10.0,10.0,50.0,inf,inf,10,100.0,256,20,3,0.5,0.1,0.99,10.0,256,20,0,128,125,4.99453125,4.99453125,0.0078125,0.0234375,372.7190514974933,5958.8136923098045,0.9765625,620.0
direct,lqr,2000.0,200.0,1800.0,0.1,0.1,5.0,5.0,10.0,10.0,50.0,inf,inf,10,100.0,256,20,3,0.5,0.1,0.99,10.0,256,20,0,128,125,4.99453125,4.99453125,0.0078125,0.0234375,372.7190514974933,12387.925896817816,0.9765625,620.0
direct,lqr,2000.0,200.0,3600.0,0.1,0.1,5.0,5.0,10.0,10.0,50.0,inf,inf,10,100.0,256,20,3,0.5,0.1,0.99,10.0,256,20,0,128,125,4.99453125,4.99453125,0.0078125,0.0234375,372.7190514974933,54410.521815158136,0.9765625,620.0
direct,lqr,4000.0,200.0,600.0,0.1,0.1,5.0,5.0,10.0,10.0,50.0,inf,inf,10,100.0,256,20,3,0.5,0.1,0.99,10.0,256,20,0,128,128,5.0,5.0,0.0,0.0,1625.2194191875994,1632.2059586042574,1.0,
direct,lqr,4000.0,200.0,1200.0,0.1,0.1,5.0,5.0,10.0,10.0,50.0,inf,inf,10,100.0,256,20,3,0.5,0.1,0.99,10.0,256,20,0,128,128,5.0,5.0,0.0,0.0,1524.026730370482,6082.490177722884,1.0,
direct,lqr,4000.0,200.0,1800.0,0.1,0.1,5.0,5.0,10.0,10.0,50.0,inf,inf,10,100.0,256,20,3,0.5,0.1,0.99,10.0,256,20,0,128,128,5.0,5.0,0.0,0.0,1524.026730370482,14393.433214106368,1.0,
direct,lqr,4000.0,200.0,3600.0,0.1,0.1,5.0,5.0,10.0,10.0,50.0,inf,inf,10,100.0,256,20,3,0.5,0.1,0.99,10.0,256,20,0,128,128,5.0,5.0,0.0,0.0,1524.026730370482,71650.84212341325,1.0,
direct,mppi_direct,500.0,200.0,600.0,0.1,0.1,5.0,5.0,10.0,10.0,50.0,inf,inf,10,100.0,256,20,3,0.5,0.1,0.99,10.0,256,20,0,128,0,3.568750000000002,2.799401735916262,0.0,1.0,58.96599776084369,441.18904170375583,0.0,350.0
direct,mppi_direct,500.0,200.0,1200.0,0.1,0.1,5.0,5.0,10.0,10.0,50.0,inf,inf,10,100.0,256,20,3,0.5,0.1,0.99,10.0,256,20,0,128,0,3.568750000000002,2.799401735916262,0.0,1.0,58.96599776084369,441.18904170375583,0.0,350.0
direct,mppi_direct,500.0,200.0,1800.0,0.1,0.1,5.0,5.0,10.0,10.0,50.0,inf,inf,10,100.0,256,20,3,0.5,0.1,0.99,10.0,256,20,0,128,0,3.568750000000002,2.799401735916262,0.0,1.0,58.96599776084369,441.18904170375583,0.0,350.0
direct,mppi_direct,500.0,200.0,3600.0,0.1,0.1,5.0,5.0,10.0,10.0,50.0,inf,inf,10,100.0,256,20,3,0.5,0.1,0.99,10.0,256,20,0,128,0,3.568750000000002,2.799401735916262,0.0,1.0,58.96599776084369,441.18904170375583,0.0,350.0
direct,mppi_direct,1000.0,200.0,600.0,0.1,0.1,5.0,5.0,10.0,10.0,50.0,inf,inf,10,100.0,256,20,3,0.5,0.1,0.99,10.0,256,20,0,128,3,4.914062499999999,4.173333400407683,0.0234375,0.9765625,77.12971953165973,981.8460229857972,0.0234375,510.0
direct,mppi_direct,1000.0,200.0,1200.0,0.1,0.1,5.0,5.0,10.0,10.0,50.0,inf,inf,10,100.0,256,20,3,0.5,0.1,0.99,10.0,256,20,0,128,3,4.914062499999999,4.173333400407683,0.0234375,0.9765625,77.12971953165973,981.8460229857972,0.0234375,510.0
direct,mppi_direct,1000.0,200.0,1800.0,0.1,0.1,5.0,5.0,10.0,10.0,50.0,inf,inf,10,100.0,256,20,3,0.5,0.1,0.99,10.0,256,20,0,128,3,4.914062499999999,4.173333400407683,0.0234375,0.9765625,77.12971953165973,981.8460229857972,0.0234375,510.0
direct,mppi_direct,1000.0,200.0,3600.0,0.1,0.1,5.0,5.0,10.0,10.0,50.0,inf,inf,10,100.0,256,20,3,0.5,0.1,0.99,10.0,256,20,0,128,3,4.914062499999999,4.173333400407683,0.0234375,0.9765625,77.12971953165973,981.8460229857972,0.0234375,510.0
direct,mppi_direct,2000.0,200.0,600.0,0.1,0.1,5.0,5.0,10.0,10.0,50.0,inf,inf,10,100.0,256,20,3,0.5,0.1,0.99,10.0,256,20,0,128,128,5.0,4.977469211509508,0.0,0.0,213.71755362215112,966.9342622485476,1.0,
direct,mppi_direct,2000.0,200.0,1200.0,0.1,0.1,5.0,5.0,10.0,10.0,50.0,inf,inf,10,100.0,256,20,3,0.5,0.1,0.99,10.0,256,20,0,128,51,5.0,4.999530121642158,0.0,0.6015625,213.71755362215112,3404.368991503241,0.3984375,710.0
direct,mppi_direct,2000.0,200.0,1800.0,0.1,0.1,5.0,5.0,10.0,10.0,50.0,inf,inf,10,100.0,256,20,3,0.5,0.1,0.99,10.0,256,20,0,128,51,5.0,4.999530121642158,0.0,0.6015625,213.71755362215112,5163.9706361019,0.3984375,710.0
direct,mppi_direct,2000.0,200.0,3600.0,0.1,0.1,5.0,5.0,10.0,10.0,50.0,inf,inf,10,100.0,256,20,3,0.5,0.1,0.99,10.0,256,20,0,128,51,5.0,4.999530121642158,0.0,0.6015625,213.71755362215112,15599.001677385018,0.3984375,710.0
direct,mppi_direct,4000.0,200.0,600.0,0.1,0.1,5.0,5.0,10.0,10.0,50.0,inf,inf,10,100.0,256,20,3,0.5,0.1,0.99,10.0,256,20,0,128,128,5.0,5.0,0.0,0.0,1521.585162916351,1521.585162916351,1.0,
direct,mppi_direct,4000.0,200.0,1200.0,0.1,0.1,5.0,5.0,10.0,10.0,50.0,inf,inf,10,100.0,256,20,3,0.5,0.1,0.99,10.0,256,20,0,128,121,5.0,5.0,0.0,0.0546875,1293.4778777087402,4915.167707055916,0.9453125,880.0
direct,mppi_direct,4000.0,200.0,1800.0,0.1,0.1,5.0,5.0,10.0,10.0,50.0,inf,inf,10,100.0,256,20,3,0.5,0.1,0.99,10.0,256,20,0,128,121,5.0,5.0,0.0,0.0546875,1293.4778777087402,11862.868056090249,0.9453125,880.0
direct,mppi_direct,4000.0,200.0,3600.0,0.1,0.1,5.0,5.0,10.0,10.0,50.0,inf,inf,10,100.0,256,20,3,0.5,0.1,0.99,10.0,256,20,0,128,121,5.0,5.0,0.0,0.0546875,1293.4778777087402,62103.68352278711,0.9453125,880.0
direct,mppi_lqr,500.0,200.0,600.0,0.1,0.1,5.0,5.0,10.0,10.0,50.0,inf,inf,10,100.0,256,20,3,0.5,0.1,0.99,10.0,256,20,0,128,0,3.555468750000002,2.7934428620831,0.0,1.0,60.11695016908126,438.00067133095126,0.0,350.0
direct,mppi_lqr,500.0,200.0,1200.0,0.1,0.1,5.0,5.0,10.0,10.0,50.0,inf,inf,10,100.0,256,20,3,0.5,0.1,0.99,10.0,256,20,0,128,0,3.555468750000002,2.7934428620831,0.0,1.0,60.11695016908126,438.00067133095126,0.0,350.0
direct,mppi_lqr,500.0,200.0,1800.0,0.1,0.1,5.0,5.0,10.0,10.0,50.0,inf,inf,10,100.0,256,20,3,0.5,0.1,0.99,10.0,256,20,0,128,0,3.555468750000002,2.7934428620831,0.0,1.0,60.11695016908126,438.00067133095126,0.0,350.0
direct,mppi_lqr,500.0,200.0,3600.0,0.1,0.1,5.0,5.0,10.0,10.0,50.0,inf,inf,10,100.0,256,20,3,0.5,0.1,0.99,10.0,256,20,0,128,0,3.555468750000002,2.7934428620831,0.0,1.0,60.11695016908126,438.00067133095126,0.0,350.0
direct,mppi_lqr,1000.0,200.0,600.0,0.1,0.1,5.0,5.0,10.0,10.0,50.0,inf,inf,10,100.0,256,20,3,0.5,0.1,0.99,10.0,256,20,0,128,1,4.953906249999999,4.224020055464729,0.0,0.9921875,78.45866109410187,1009.7147635317904,0.0078125,510.0
direct,mppi_lqr,1000.0,200.0,1200.0,0.1,0.1,5.0,5.0,10.0,10.0,50.0,inf,inf,10,100.0,256,20,3,0.5,0.1,0.99,10.0,256,20,0,128,0,4.953906249999999,4.224479506394485,0.0,1.0,78.45866109410187,1010.1532705524958,0.0,510.0
direct,mppi_lqr,1000.0,200.0,1800.0,0.1,0.1,5.0,5.0,10.0,10.0,50.0,inf,inf,10,100.0,256,20,3,0.5,0.1,0.99,10.0,256,20,0,128,0,4.953906249999999,4.224479506394485,0.0,1.0,78.45866109410187,1010.1532705524958,0.0,510.0
direct,mppi_lqr,1000.0,200.0,3600.0,0.1,0.1,5.0,5.0,10.0,10.0,50.0,inf,inf,10,100.0,256,20,3,0.5,0.1,0.99,10.0,256,20,0,128,0,4.953906249999999,4.224479506394485,0.0,1.0,78.45866109410187,1010.1532705524958,0.0,510.0
direct,mppi_lqr,2000.0,200.0,600.0,0.1,0.1,5.0,5.0,10.0,10.0,50.0,inf,inf,10,100.0,256,20,3,0.5,0.1,0.99,10.0,256,20,0,128,128,5.0,4.979092754956611,0.0,0.0,212.46270980641796,961.4761117583016,1.0,
direct,mppi_lqr,2000.0,200.0,1200.0,0.1,0.1,5.0,5.0,10.0,10.0,50.0,inf,inf,10,100.0,256,20,3,0.5,0.1,0.99,10.0,256,20,0,128,53,5.0,5.0,0.0,0.5859375,212.46270980641796,3430.86458584058,0.4140625,710.0
direct,mppi_lqr,2000.0,200.0,1800.0,0.1,0.1,5.0,5.0,10.0,10.0,50.0,inf,inf,10,100.0,256,20,3,0.5,0.1,0.99,10.0,256,20,0,128,53,5.0,5.0,0.0,0.5859375,212.46270980641796,5328.638854605413,0.4140625,710.0
direct,mppi_lqr,2000.0,200.0,3600.0,0.1,0.1,5.0,5.0,10.0,10.0,50.0,inf,inf,10,100.0,256,20,3,0.5,0.1,0.99,10.0,256,20,0,128,53,5.0,5.0,0.0,0.5859375,212.46270980641796,16280.548640883915,0.4140625,710.0
direct,mppi_lqr,4000.0,200.0,600.0,0.1,0.1,5.0,5.0,10.0,10.0,50.0,inf,inf,10,100.0,256,20,3,0.5,0.1,0.99,10.0,256,20,0,128,128,5.0,5.0,0.0,0.0,1521.6380202641728,1521.6380202641728,1.0,
direct,mppi_lqr,4000.0,200.0,1200.0,0.1,0.1,5.0,5.0,10.0,10.0,50.0,inf,inf,10,100.0,256,20,3,0.5,0.1,0.99,10.0,256,20,0,128,121,5.0,5.0,0.0,0.0546875,1293.504897633934,4915.261013268629,0.9453125,890.0
direct,mppi_lqr,4000.0,200.0,1800.0,0.1,0.1,5.0,5.0,10.0,10.0,50.0,inf,inf,10,100.0,256,20,3,0.5,0.1,0.99,10.0,256,20,0,128,121,5.0,5.0,0.0,0.0546875,1293.504897633934,11862.963948795516,0.9453125,890.0
direct,mppi_lqr,4000.0,200.0,3600.0,0.1,0.1,5.0,5.0,10.0,10.0,50.0,inf,inf,10,100.0,256,20,3,0.5,0.1,0.99,10.0,256,20,0,128,121,5.0,5.0,0.0,0.0546875,1293.504897633934,62103.79787367904,0.9453125,890.0
hcw,coast,500.0,200.0,600.0,0.1,0.1,5.0,5.0,10.0,10.0,50.0,inf,inf,10,100.0,256,20,3,0.5,0.1,0.99,10.0,256,20,0,128,128,4.082477238296527,0.0,0.703125,0.0,11.213576291502154,41.2625684643616,1.0,370.0
hcw,coast,500.0,200.0,1200.0,0.1,0.1,5.0,5.0,10.0,10.0,50.0,inf,inf,10,100.0,256,20,3,0.5,0.1,0.99,10.0,256,20,0,128,128,4.082477238296527,0.0,0.7109375,0.0,11.176151461564936,123.74729224575924,1.0,370.0
hcw,coast,500.0,200.0,1800.0,0.1,0.1,5.0,5.0,10.0,10.0,50.0,inf,inf,10,100.0,256,20,3,0.5,0.1,0.99,10.0,256,20,0,128,128,4.082477238296527,0.0,0.7109375,0.0,11.176151461564936,239.0957808862345,1.0,370.0
hcw,coast,500.0,200.0,3600.0,0.1,0.1,5.0,5.0,10.0,10.0,50.0,inf,inf,10,100.0,256,20,3,0.5,0.1,0.99,10.0,256,20,0,128,128,4.082477238296527,0.0,0.7109375,0.0,11.176151461564936,939.2133113772268,1.0,370.0
hcw,coast,1000.0,200.0,600.0,0.1,0.1,5.0,5.0,10.0,10.0,50.0,inf,inf,10,100.0,256,20,3,0.5,0.1,0.99,10.0,256,20,0,128,128,4.98828125,0.0,0.03125,0.0,83.6379458116634,252.45103760350528,1.0,465.0
hcw,coast,1000.0,200.0,1200.0,0.1,0.1,5.0,5.0,10.0,10.0,50.0,inf,inf,10,100.0,256,20,3,0.5,0.1,0.99,10.0,256,20,0,128,128,4.98828125,0.0,0.03125,0.0,83.6379458116634,1649.2289635660131,1.0,465.0
hcw,coast,1000.0,200.0,1800.0,0.1,0.1,5.0,5.0,10.0,10.0,50.0,inf,inf,10,100.0,256,20,3,0.5,0.1,0.99,10.0,256,20,0,128,128,4.98828125,0.0,0.03125,0.0,83.6379458116634,3506.036442354344,1.0,465.0
hcw,coast,1000.0,200.0,3600.0,0.1,0.1,5.0,5.0,10.0,10.0,50.0,inf,inf,10,100.0,256,20,3,0.5,0.1,0.99,10.0,256,20,0,128,128,4.98828125,0.0,0.03125,0.0,83.6379458116634,15389.854282697104,1.0,465.0
hcw,coast,2000.0,200.0,600.0,0.1,0.1,5.0,5.0,10.0,10.0,50.0,inf,inf,10,100.0,256,20,3,0.5,0.1,0.99,10.0,256,20,0,128,128,5.0,0.0,0.0,0.0,734.1419113978935,735.0307774598609,1.0,
hcw,coast,2000.0,200.0,1200.0,0.1,0.1,5.0,5.0,10.0,10.0,50.0,inf,inf,10,100.0,256,20,3,0.5,0.1,0.99,10.0,256,20,0,128,128,5.0,0.0,0.0,0.0,653.9341782665792,2714.874413972173,1.0,
hcw,coast,2000.0,200.0,1800.0,0.1,0.1,5.0,5.0,10.0,10.0,50.0,inf,inf,10,100.0,256,20,3,0.5,0.1,0.99,10.0,256,20,0,128,128,5.0,0.0,0.0,0.0,653.9341782665792,6490.757135031116,1.0,
hcw,coast,2000.0,200.0,3600.0,0.1,0.1,5.0,5.0,10.0,10.0,50.0,inf,inf,10,100.0,256,20,3,0.5,0.1,0.99,10.0,256,20,0,128,128,5.0,0.0,0.0,0.0,653.9341782665792,33343.01839193053,1.0,
hcw,coast,4000.0,200.0,600.0,0.1,0.1,5.0,5.0,10.0,10.0,50.0,inf,inf,10,100.0,256,20,3,0.5,0.1,0.99,10.0,256,20,0,128,128,5.0,0.0,0.0,0.0,2928.655769991545,2995.1589941362136,1.0,
hcw,coast,4000.0,200.0,1200.0,0.1,0.1,5.0,5.0,10.0,10.0,50.0,inf,inf,10,100.0,256,20,3,0.5,0.1,0.99,10.0,256,20,0,128,128,5.0,0.0,0.0,0.0,2591.38730121357,5181.23251568311,1.0,
hcw,coast,4000.0,200.0,1800.0,0.1,0.1,5.0,5.0,10.0,10.0,50.0,inf,inf,10,100.0,256,20,3,0.5,0.1,0.99,10.0,256,20,0,128,128,5.0,0.0,0.0,0.0,2585.1338827156496,12122.81058317129,1.0,
hcw,coast,4000.0,200.0,3600.0,0.1,0.1,5.0,5.0,10.0,10.0,50.0,inf,inf,10,100.0,256,20,3,0.5,0.1,0.99,10.0,256,20,0,128,128,5.0,0.0,0.0,0.0,2585.1338827156496,54936.72718830311,1.0,
hcw,direct,500.0,200.0,600.0,0.1,0.1,5.0,5.0,10.0,10.0,50.0,inf,inf,10,100.0,256,20,3,0.5,0.1,0.99,10.0,256,20,0,128,109,4.66484375,4.66484375,0.015625,0.1484375,44.65838887046608,359.5579437843374,0.8515625,300.0
hcw,direct,500.0,200.0,1200.0,0.1,0.1,5.0,5.0,10.0,10.0,50.0,inf,inf,10,100.0,256,20,3,0.5,0.1,0.99,10.0,256,20,0,128,109,4.66484375,4.66484375,0.015625,0.1484375,44.65838887046608,729.6783017391916,0.8515625,300.0
hcw,direct,500.0,200.0,1800.0,0.1,0.1,5.0,5.0,10.0,10.0,50.0,inf,inf,10,100.0,256,20,3,0.5,0.1,0.99,10.0,256,20,0,128,109,4.66484375,4.66484375,0.015625,0.1484375,44.65838887046608,1632.1330483578004,0.8515625,300.0
hcw,direct,500.0,200.0,3600.0,0.1,0.1,5.0,5.0,10.0,10.0,50.0,inf,inf,10,100.0,256,20,3,0.5,0.1,0.99,10.0,256,20,0,128,109,4.66484375,4.66484375,0.015625,0.1484375,44.65838887046608,7623.940604299797,0.8515625,300.0
hcw,direct,1000.0,200.0,600.0,0.1,0.1,5.0,5.0,10.0,10.0,50.0,inf,inf,10,100.0,256,20,3,0.5,0.1,0.99,10.0,256,20,0,128,126,4.9484375,4.9484375,0.0234375,0.015625,87.07902510336869,1062.913023058864,0.984375,350.0
hcw,direct,1000.0,200.0,1200.0,0.1,0.1,5.0,5.0,10.0,10.0,50.0,inf,inf,10,100.0,256,20,3,0.5,0.1,0.99,10.0,256,20,0,128,126,4.9484375,4.9484375,0.0234375,0.015625,87.07902510336869,3430.0878148971224,0.984375,350.0
hcw,direct,1000.0,200.0,1800.0,0.1,0.1,5.0,5.0,10.0,10.0,50.0,inf,inf,10,100.0,256,20,3,0.5,0.1,0.99,10.0,256,20,0,128,126,4.9484375,4.9484375,0.0234375,0.015625,87.07902510336869,6756.919741459293,0.984375,350.0
hcw,direct,1000.0,200.0,3600.0,0.1,0.1,5.0,5.0,10.0,10.0,50.0,inf,inf,10,100.0,256,20,3,0.5,0.1,0.99,10.0,256,20,0,128,126,4.9484375,4.9484375,0.0234375,0.015625,87.07902510336869,26761.810976584744,0.984375,350.0
hcw,direct,2000.0,200.0,600.0,0.1,0.1,5.0,5.0,10.0,10.0,50.0,inf,inf,10,100.0,256,20,3,0.5,0.1,0.99,10.0,256,20,0,128,128,4.9953125,4.9953125,0.0078125,0.0,330.9792065677201,973.9227859841008,1.0,440.0
hcw,direct,2000.0,200.0,1200.0,0.1,0.1,5.0,5.0,10.0,10.0,50.0,inf,inf,10,100.0,256,20,3,0.5,0.1,0.99,10.0,256,20,0,128,128,4.9953125,4.9953125,0.0078125,0.0,330.9792065677201,5161.22561584592,1.0,440.0
hcw,direct,2000.0,200.0,1800.0,0.1,0.1,5.0,5.0,10.0,10.0,50.0,inf,inf,10,100.0,256,20,3,0.5,0.1,0.99,10.0,256,20,0,128,128,4.9953125,4.9953125,0.0078125,0.0,330.9792065677201,10788.752681533348,1.0,440.0
hcw,direct,2000.0,200.0,3600.0,0.1,0.1,5.0,5.0,10.0,10.0,50.0,inf,inf,10,100.0,256,20,3,0.5,0.1,0.99,10.0,256,20,0,128,128,4.9953125,4.9953125,0.0078125,0.0,330.9792065677201,47330.339493669206,1.0,440.0
hcw,direct,4000.0,200.0,600.0,0.1,0.1,5.0,5.0,10.0,10.0,50.0,inf,inf,10,100.0,256,20,3,0.5,0.1,0.99,10.0,256,20,0,128,128,5.0,5.0,0.0,0.0,1618.8468224798248,1624.1086540193492,1.0,
hcw,direct,4000.0,200.0,1200.0,0.1,0.1,5.0,5.0,10.0,10.0,50.0,inf,inf,10,100.0,256,20,3,0.5,0.1,0.99,10.0,256,20,0,128,128,5.0,5.0,0.0,0.0,1505.004924480136,5943.885282189285,1.0,
hcw,direct,4000.0,200.0,1800.0,0.1,0.1,5.0,5.0,10.0,10.0,50.0,inf,inf,10,100.0,256,20,3,0.5,0.1,0.99,10.0,256,20,0,128,128,5.0,5.0,0.0,0.0,1505.004924480136,14099.377342701517,1.0,
hcw,direct,4000.0,200.0,3600.0,0.1,0.1,5.0,5.0,10.0,10.0,50.0,inf,inf,10,100.0,256,20,3,0.5,0.1,0.99,10.0,256,20,0,128,128,5.0,5.0,0.0,0.0,1505.004924480136,70536.0549294235,1.0,
hcw,evade,500.0,200.0,600.0,0.1,0.1,5.0,5.0,10.0,10.0,50.0,inf,inf,10,100.0,256,20,3,0.5,0.1,0.99,10.0,256,20,0,128,113,4.775,4.775,0.0078125,0.1171875,64.94081441053468,375.772485238612,0.8828125,320.0
hcw,evade,500.0,200.0,1200.0,0.1,0.1,5.0,5.0,10.0,10.0,50.0,inf,inf,10,100.0,256,20,3,0.5,0.1,0.99,10.0,256,20,0,128,113,4.775,4.775,0.0078125,0.1171875,64.94081441053468,889.157899308401,0.8828125,320.0
hcw,evade,500.0,200.0,1800.0,0.1,0.1,5.0,5.0,10.0,10.0,50.0,inf,inf,10,100.0,256,20,3,0.5,0.1,0.99,10.0,256,20,0,128,113,4.775,4.775,0.0078125,0.1171875,64.94081441053468,1777.5929189447766,0.8828125,320.0
hcw,evade,500.0,200.0,3600.0,0.1,0.1,5.0,5.0,10.0,10.0,50.0,inf,inf,10,100.0,256,20,3,0.5,0.1,0.99,10.0,256,20,0,128,113,4.775,4.775,0.0078125,0.1171875,64.94081441053468,7303.400907981678,0.8828125,320.0
hcw,evade,1000.0,200.0,600.0,0.1,0.1,5.0,5.0,10.0,10.0,50.0,inf,inf,10,100.0,256,20,3,0.5,0.1,0.99,10.0,256,20,0,128,125,4.97109375,4.97109375,0.0078125,0.0234375,93.41860835453576,1014.3345371452004,0.9765625,430.0
hcw,evade,1000.0,200.0,1200.0,0.1,0.1,5.0,5.0,10.0,10.0,50.0,inf,inf,10,100.0,256,20,3,0.5,0.1,0.99,10.0,256,20,0,128,125,4.97109375,4.97109375,0.0078125,0.0234375,93.41860835453576,3260.259353490444,0.9765625,430.0
hcw,evade,1000.0,200.0,1800.0,0.1,0.1,5.0,5.0,10.0,10.0,50.0,inf,inf,10,100.0,256,20,3,0.5,0.1,0.99,10.0,256,20,0,128,125,4.97109375,4.97109375,0.0078125,0.0234375,93.41860835453576,6427.741941305035,0.9765625,430.0
hcw,evade,1000.0,200.0,3600.0,0.1,0.1,5.0,5.0,10.0,10.0,50.0,inf,inf,10,100.0,256,20,3,0.5,0.1,0.99,10.0,256,20,0,128,125,4.97109375,4.97109375,0.0078125,0.0234375,93.41860835453576,25557.51348212068,0.9765625,430.0
hcw,evade,2000.0,200.0,600.0,0.1,0.1,5.0,5.0,10.0,10.0,50.0,inf,inf,10,100.0,256,20,3,0.5,0.1,0.99,10.0,256,20,0,128,128,4.9953125,4.9953125,0.0078125,0.0,331.6047457367653,973.5679231390062,1.0,440.0
hcw,evade,2000.0,200.0,1200.0,0.1,0.1,5.0,5.0,10.0,10.0,50.0,inf,inf,10,100.0,256,20,3,0.5,0.1,0.99,10.0,256,20,0,128,128,4.9953125,4.9953125,0.0078125,0.0,331.6047457367653,5150.453433577657,1.0,440.0
hcw,evade,2000.0,200.0,1800.0,0.1,0.1,5.0,5.0,10.0,10.0,50.0,inf,inf,10,100.0,256,20,3,0.5,0.1,0.99,10.0,256,20,0,128,128,4.9953125,4.9953125,0.0078125,0.0,331.6047457367653,10731.117440742712,1.0,440.0
hcw,evade,2000.0,200.0,3600.0,0.1,0.1,5.0,5.0,10.0,10.0,50.0,inf,inf,10,100.0,256,20,3,0.5,0.1,0.99,10.0,256,20,0,128,128,4.9953125,4.9953125,0.0078125,0.0,331.6047457367653,46752.87411380173,1.0,440.0
hcw,evade,4000.0,200.0,600.0,0.1,0.1,5.0,5.0,10.0,10.0,50.0,inf,inf,10,100.0,256,20,3,0.5,0.1,0.99,10.0,256,20,0,128,128,5.0,5.0,0.0,0.0,1618.8468224798248,1624.1086540193492,1.0,
hcw,evade,4000.0,200.0,1200.0,0.1,0.1,5.0,5.0,10.0,10.0,50.0,inf,inf,10,100.0,256,20,3,0.5,0.1,0.99,10.0,256,20,0,128,128,5.0,5.0,0.0,0.0,1505.0049244801355,5943.885282189285,1.0,
hcw,evade,4000.0,200.0,1800.0,0.1,0.1,5.0,5.0,10.0,10.0,50.0,inf,inf,10,100.0,256,20,3,0.5,0.1,0.99,10.0,256,20,0,128,128,5.0,5.0,0.0,0.0,1505.0049244801355,14099.377342701517,1.0,
hcw,evade,4000.0,200.0,3600.0,0.1,0.1,5.0,5.0,10.0,10.0,50.0,inf,inf,10,100.0,256,20,3,0.5,0.1,0.99,10.0,256,20,0,128,128,5.0,5.0,0.0,0.0,1505.0049244801355,70536.0549294235,1.0,
hcw,hcw,500.0,200.0,600.0,0.1,0.1,5.0,5.0,10.0,10.0,50.0,inf,inf,10,100.0,256,20,3,0.5,0.1,0.99,10.0,256,20,0,128,2,3.3492187500000017,3.348591437551644,0.015625,0.984375,38.29216197532988,152.53125718260944,0.015625,330.0
hcw,hcw,500.0,200.0,1200.0,0.1,0.1,5.0,5.0,10.0,10.0,50.0,inf,inf,10,100.0,256,20,3,0.5,0.1,0.99,10.0,256,20,0,128,2,3.3492187500000017,3.348591437551644,0.015625,0.984375,38.29216197532988,152.53125718260944,0.015625,330.0
hcw,hcw,500.0,200.0,1800.0,0.1,0.1,5.0,5.0,10.0,10.0,50.0,inf,inf,10,100.0,256,20,3,0.5,0.1,0.99,10.0,256,20,0,128,2,3.3492187500000017,3.348591437551644,0.015625,0.984375,38.29216197532988,152.53125718260944,0.015625,330.0
hcw,hcw,500.0,200.0,3600.0,0.1,0.1,5.0,5.0,10.0,10.0,50.0,inf,inf,10,100.0,256,20,3,0.5,0.1,0.99,10.0,256,20,0,128,2,3.3492187500000017,3.348591437551644,0.015625,0.984375,38.29216197532988,152.53125718260944,0.015625,330.0
hcw,hcw,1000.0,200.0,600.0,0.1,0.1,5.0,5.0,10.0,10.0,50.0,inf,inf,10,100.0,256,20,3,0.5,0.1,0.99,10.0,256,20,0,128,84,4.83125,4.83125,0.0390625,0.34375,56.57067973500844,700.1086290036418,0.65625,460.0
hcw,hcw,1000.0,200.0,1200.0,0.1,0.1,5.0,5.0,10.0,10.0,50.0,inf,inf,10,100.0,256,20,3,0.5,0.1,0.99,10.0,256,20,0,128,84,4.83125,4.83125,0.0390625,0.34375,56.57067973500844,1712.9506785169538,0.65625,460.0
hcw,hcw,1000.0,200.0,1800.0,0.1,0.1,5.0,5.0,10.0,10.0,50.0,inf,inf,10,100.0,256,20,3,0.5,0.1,0.99,10.0,256,20,0,128,84,4.83125,4.83125,0.0390625,0.34375,56.57067973500844,2977.91274611071,0.65625,460.0
hcw,hcw,1000.0,200.0,3600.0,0.1,0.1,5.0,5.0,10.0,10.0,50.0,inf,inf,10,100.0,256,20,3,0.5,0.1,0.99,10.0,256,20,0,128,84,4.83125,4.83125,0.0390625,0.34375,56.57067973500844,9768.60293381884,0.65625,460.0
hcw,hcw,2000.0,200.0,600.0,0.1,0.1,5.0,5.0,10.0,10.0,50.0,inf,inf,10,100.0,256,20,3,0.5,0.1,0.99,10.0,256,20,0,128,127,5.0,5.0,0.0,0.0078125,246.8969725261177,915.0447963877572,0.9921875,590.0
hcw,hcw,2000.0,200.0,1200.0,0.1,0.1,5.0,5.0,10.0,10.0,50.0,inf,inf,10,100.0,256,20,3,0.5,0.1,0.99,10.0,256,20,0,128,127,5.0,5.0,0.0,0.0078125,246.8969725261177,5013.513640001128,0.9921875,590.0
hcw,hcw,2000.0,200.0,1800.0,0.1,0.1,5.0,5.0,10.0,10.0,50.0,inf,inf,10,100.0,256,20,3,0.5,0.1,0.99,10.0,256,20,0,128,127,5.0,5.0,0.0,0.0078125,246.8969725261177,10400.03163361951,0.9921875,590.0
hcw,hcw,2000.0,200.0,3600.0,0.1,0.1,5.0,5.0,10.0,10.0,50.0,inf,inf,10,100.0,256,20,3,0.5,0.1,0.99,10.0,256,20,0,128,127,5.0,5.0,0.0,0.0078125,246.8969725261177,45117.866045766685,0.9921875,590.0
hcw,hcw,4000.0,200.0,600.0,0.1,0.1,5.0,5.0,10.0,10.0,50.0,inf,inf,10,100.0,256,20,3,0.5,0.1,0.99,10.0,256,20,0,128,128,5.0,5.0,0.0,0.0,1507.5693071278258,1510.191190629487,1.0,
hcw,hcw,4000.0,200.0,1200.0,0.1,0.1,5.0,5.0,10.0,10.0,50.0,inf,inf,10,100.0,256,20,3,0.5,0.1,0.99,10.0,256,20,0,128,128,5.0,5.0,0.0,0.0,1368.37163242303,5655.798689706519,1.0,
hcw,hcw,4000.0,200.0,1800.0,0.1,0.1,5.0,5.0,10.0,10.0,50.0,inf,inf,10,100.0,256,20,3,0.5,0.1,0.99,10.0,256,20,0,128,128,5.0,5.0,0.0,0.0,1368.37163242303,13469.124535287534,1.0,
hcw,hcw,4000.0,200.0,3600.0,0.1,0.1,5.0,5.0,10.0,10.0,50.0,inf,inf,10,100.0,256,20,3,0.5,0.1,0.99,10.0,256,20,0,128,128,5.0,5.0,0.0,0.0,1368.37163242303,68371.55232666826,1.0,
hcw,lqr,500.0,200.0,600.0,0.1,0.1,5.0,5.0,10.0,10.0,50.0,inf,inf,10,100.0,256,20,3,0.5,0.1,0.99,10.0,256,20,0,128,14,4.009671847445267,3.0275531775637816,0.109375,0.890625,28.507641303495827,88.76752957646792,0.109375,410.0
hcw,lqr,500.0,200.0,1200.0,0.1,0.1,5.0,5.0,10.0,10.0,50.0,inf,inf,10,100.0,256,20,3,0.5,0.1,0.99,10.0,256,20,0,128,14,4.009671847445267,3.0275531775637816,0.109375,0.890625,28.507641303495827,88.76752957646792,0.109375,410.0
hcw,lqr,500.0,200.0,1800.0,0.1,0.1,5.0,5.0,10.0,10.0,50.0,inf,inf,10,100.0,256,20,3,0.5,0.1,0.99,10.0,256,20,0,128,14,4.009671847445267,3.0275531775637816,0.109375,0.890625,28.507641303495827,88.76752957646792,0.109375,410.0
hcw,lqr,500.0,200.0,3600.0,0.1,0.1,5.0,5.0,10.0,10.0,50.0,inf,inf,10,100.0,256,20,3,0.5,0.1,0.99,10.0,256,20,0,128,14,4.009671847445267,3.0275531775637816,0.109375,0.890625,28.507641303495827,88.76752957646792,0.109375,410.0
hcw,lqr,1000.0,200.0,600.0,0.1,0.1,5.0,5.0,10.0,10.0,50.0,inf,inf,10,100.0,256,20,3,0.5,0.1,0.99,10.0,256,20,0,128,28,4.9890625,4.979284496669158,0.0078125,0.78125,47.46215529437624,555.252226613384,0.21875,550.0
hcw,lqr,1000.0,200.0,1200.0,0.1,0.1,5.0,5.0,10.0,10.0,50.0,inf,inf,10,100.0,256,20,3,0.5,0.1,0.99,10.0,256,20,0,128,27,4.9890625,4.979284496669158,0.0078125,0.7890625,47.46215529437624,828.419934525318,0.2109375,550.0
hcw,lqr,1000.0,200.0,1800.0,0.1,0.1,5.0,5.0,10.0,10.0,50.0,inf,inf,10,100.0,256,20,3,0.5,0.1,0.99,10.0,256,20,0,128,27,4.9890625,4.979284496669158,0.0078125,0.7890625,47.46215529437624,1118.4716738305417,0.2109375,550.0
hcw,lqr,1000.0,200.0,3600.0,0.1,0.1,5.0,5.0,10.0,10.0,50.0,inf,inf,10,100.0,256,20,3,0.5,0.1,0.99,10.0,256,20,0,128,27,4.9890625,4.979284496669158,0.0078125,0.7890625,47.46215529437624,2183.183950700274,0.2109375,550.0
hcw,lqr,2000.0,200.0,600.0,0.1,0.1,5.0,5.0,10.0,10.0,50.0,inf,inf,10,100.0,256,20,3,0.5,0.1,0.99,10.0,256,20,0,128,128,5.0,5.0,0.0,0.0,219.18218826907824,862.2357625078367,1.0,
hcw,lqr,2000.0,200.0,1200.0,0.1,0.1,5.0,5.0,10.0,10.0,50.0,inf,inf,10,100.0,256,20,3,0.5,0.1,0.99,10.0,256,20,0,128,125,5.0,5.0,0.0,0.0234375,219.18218826907824,4775.906173178801,0.9765625,620.0
hcw,lqr,2000.0,200.0,1800.0,0.1,0.1,5.0,5.0,10.0,10.0,50.0,inf,inf,10,100.0,256,20,3,0.5,0.1,0.99,10.0,256,20,0,128,125,5.0,5.0,0.0,0.0234375,219.18218826907824,9920.52428699398,0.9765625,620.0
hcw,lqr,2000.0,200.0,3600.0,0.1,0.1,5.0,5.0,10.0,10.0,50.0,inf,inf,10,100.0,256,20,3,0.5,0.1,0.99,10.0,256,20,0,128,125,5.0,5.0,0.0,0.0234375,219.18218826907824,43051.39296283401,0.9765625,620.0
hcw,lqr,4000.0,200.0,600.0,0.1,0.1,5.0,5.0,10.0,10.0,50.0,inf,inf,10,100.0,256,20,3,0.5,0.1,0.99,10.0,256,20,0,128,128,5.0,5.0,0.0,0.0,1476.5743476681014,1479.063545703072,1.0,
hcw,lqr,4000.0,200.0,1200.0,0.1,0.1,5.0,5.0,10.0,10.0,50.0,inf,inf,10,100.0,256,20,3,0.5,0.1,0.99,10.0,256,20,0,128,128,5.0,5.0,0.0,0.0,1332.099507159862,5562.552691266397,1.0,
hcw,lqr,4000.0,200.0,1800.0,0.1,0.1,5.0,5.0,10.0,10.0,50.0,inf,inf,10,100.0,256,20,3,0.5,0.1,0.99,10.0,256,20,0,128,128,5.0,5.0,0.0,0.0,1332.099507159862,13275.55592953401,1.0,
hcw,lqr,4000.0,200.0,3600.0,0.1,0.1,5.0,5.0,10.0,10.0,50.0,inf,inf,10,100.0,256,20,3,0.5,0.1,0.99,10.0,256,20,0,128,128,5.0,5.0,0.0,0.0,1332.099507159862,67753.74331474294,1.0,
hcw,mppi_direct,500.0,200.0,600.0,0.1,0.1,5.0,5.0,10.0,10.0,50.0,inf,inf,10,100.0,256,20,3,0.5,0.1,0.99,10.0,256,20,0,128,0,3.569381817084346,2.799573928783399,0.0,1.0,28.250770455293825,199.99150298331517,0.0,350.0
hcw,mppi_direct,500.0,200.0,1200.0,0.1,0.1,5.0,5.0,10.0,10.0,50.0,inf,inf,10,100.0,256,20,3,0.5,0.1,0.99,10.0,256,20,0,128,0,3.569381817084346,2.799573928783399,0.0,1.0,28.250770455293825,199.99150298331517,0.0,350.0
hcw,mppi_direct,500.0,200.0,1800.0,0.1,0.1,5.0,5.0,10.0,10.0,50.0,inf,inf,10,100.0,256,20,3,0.5,0.1,0.99,10.0,256,20,0,128,0,3.569381817084346,2.799573928783399,0.0,1.0,28.250770455293825,199.99150298331517,0.0,350.0
hcw,mppi_direct,500.0,200.0,3600.0,0.1,0.1,5.0,5.0,10.0,10.0,50.0,inf,inf,10,100.0,256,20,3,0.5,0.1,0.99,10.0,256,20,0,128,0,3.569381817084346,2.799573928783399,0.0,1.0,28.250770455293825,199.99150298331517,0.0,350.0
hcw,mppi_direct,1000.0,200.0,600.0,0.1,0.1,5.0,5.0,10.0,10.0,50.0,inf,inf,10,100.0,256,20,3,0.5,0.1,0.99,10.0,256,20,0,128,4,4.90929890599265,4.157178208415008,0.03125,0.96875,31.039841141293163,603.6381653090317,0.03125,510.0
hcw,mppi_direct,1000.0,200.0,1200.0,0.1,0.1,5.0,5.0,10.0,10.0,50.0,inf,inf,10,100.0,256,20,3,0.5,0.1,0.99,10.0,256,20,0,128,4,4.90929890599265,4.157178208415008,0.03125,0.96875,31.039841141293163,603.6381653090317,0.03125,510.0
hcw,mppi_direct,1000.0,200.0,1800.0,0.1,0.1,5.0,5.0,10.0,10.0,50.0,inf,inf,10,100.0,256,20,3,0.5,0.1,0.99,10.0,256,20,0,128,4,4.90929890599265,4.157178208415008,0.03125,0.96875,31.039841141293163,603.6381653090317,0.03125,510.0
hcw,mppi_direct,1000.0,200.0,3600.0,0.1,0.1,5.0,5.0,10.0,10.0,50.0,inf,inf,10,100.0,256,20,3,0.5,0.1,0.99,10.0,256,20,0,128,4,4.90929890599265,4.157178208415008,0.03125,0.96875,31.039841141293163,603.6381653090317,0.03125,510.0
hcw,mppi_direct,2000.0,200.0,600.0,0.1,0.1,5.0,5.0,10.0,10.0,50.0,inf,inf,10,100.0,256,20,3,0.5,0.1,0.99,10.0,256,20,0,128,128,4.99765625,4.947983374160969,0.046875,0.0,84.04088081687416,651.339107750528,1.0,500.0
hcw,mppi_direct,2000.0,200.0,1200.0,0.1,0.1,5.0,5.0,10.0,10.0,50.0,inf,inf,10,100.0,256,20,3,0.5,0.1,0.99,10.0,256,20,0,128,55,4.99765625,4.970590400718679,0.046875,0.5703125,84.04088081687416,2620.649870231709,0.4296875,700.0
hcw,mppi_direct,2000.0,200.0,1800.0,0.1,0.1,5.0,5.0,10.0,10.0,50.0,inf,inf,10,100.0,256,20,3,0.5,0.1,0.99,10.0,256,20,0,128,55,4.99765625,4.970590400718679,0.046875,0.5703125,84.04088081687416,4105.478769284676,0.4296875,700.0
hcw,mppi_direct,2000.0,200.0,3600.0,0.1,0.1,5.0,5.0,10.0,10.0,50.0,inf,inf,10,100.0,256,20,3,0.5,0.1,0.99,10.0,256,20,0,128,55,4.99765625,4.970590400718679,0.046875,0.5703125,84.04088081687416,11059.80845257633,0.4296875,700.0
hcw,mppi_direct,4000.0,200.0,600.0,0.1,0.1,5.0,5.0,10.0,10.0,50.0,inf,inf,10,100.0,256,20,3,0.5,0.1,0.99,10.0,256,20,0,128,128,5.0,5.0,0.0,0.0,1418.7520895621878,1418.7520895621878,1.0,
hcw,mppi_direct,4000.0,200.0,1200.0,0.1,0.1,5.0,5.0,10.0,10.0,50.0,inf,inf,10,100.0,256,20,3,0.5,0.1,0.99,10.0,256,20,0,128,121,5.0,5.0,0.0,0.0546875,1101.6661869331288,4555.717831724996,0.9453125,890.0
hcw,mppi_direct,4000.0,200.0,1800.0,0.1,0.1,5.0,5.0,10.0,10.0,50.0,inf,inf,10,100.0,256,20,3,0.5,0.1,0.99,10.0,256,20,0,128,121,5.0,5.0,0.0,0.0546875,1101.6661869331288,11066.179817106398,0.9453125,890.0
hcw,mppi_direct,4000.0,200.0,3600.0,0.1,0.1,5.0,5.0,10.0,10.0,50.0,inf,inf,10,100.0,256,20,3,0.5,0.1,0.99,10.0,256,20,0,128,121,5.0,5.0,0.0,0.0546875,1101.6661869331288,59227.783555475566,0.9453125,890.0
hcw,mppi_lqr,500.0,200.0,600.0,0.1,0.1,5.0,5.0,10.0,10.0,50.0,inf,inf,10,100.0,256,20,3,0.5,0.1,0.99,10.0,256,20,0,128,1,3.543931830916182,2.784109492566804,0.0078125,0.9921875,28.077379294539984,197.34727562044708,0.0078125,350.0
hcw,mppi_lqr,500.0,200.0,1200.0,0.1,0.1,5.0,5.0,10.0,10.0,50.0,inf,inf,10,100.0,256,20,3,0.5,0.1,0.99,10.0,256,20,0,128,1,3.543931830916182,2.784109492566804,0.0078125,0.9921875,28.077379294539984,197.34727562044708,0.0078125,350.0
hcw,mppi_lqr,500.0,200.0,1800.0,0.1,0.1,5.0,5.0,10.0,10.0,50.0,inf,inf,10,100.0,256,20,3,0.5,0.1,0.99,10.0,256,20,0,128,1,3.543931830916182,2.784109492566804,0.0078125,0.9921875,28.077379294539984,197.34727562044708,0.0078125,350.0
hcw,mppi_lqr,500.0,200.0,3600.0,0.1,0.1,5.0,5.0,10.0,10.0,50.0,inf,inf,10,100.0,256,20,3,0.5,0.1,0.99,10.0,256,20,0,128,1,3.543931830916182,2.784109492566804,0.0078125,0.9921875,28.077379294539984,197.34727562044708,0.0078125,350.0
hcw,mppi_lqr,1000.0,200.0,600.0,0.1,0.1,5.0,5.0,10.0,10.0,50.0,inf,inf,10,100.0,256,20,3,0.5,0.1,0.99,10.0,256,20,0,128,2,4.9390625,4.206982408533651,0.0078125,0.984375,31.43783938695886,622.5209333943478,0.015625,510.0
hcw,mppi_lqr,1000.0,200.0,1200.0,0.1,0.1,5.0,5.0,10.0,10.0,50.0,inf,inf,10,100.0,256,20,3,0.5,0.1,0.99,10.0,256,20,0,128,1,4.9390625,4.206982408533651,0.0078125,0.9921875,31.43783938695886,622.8349818419994,0.0078125,510.0
hcw,mppi_lqr,1000.0,200.0,1800.0,0.1,0.1,5.0,5.0,10.0,10.0,50.0,inf,inf,10,100.0,256,20,3,0.5,0.1,0.99,10.0,256,20,0,128,1,4.9390625,4.206982408533651,0.0078125,0.9921875,31.43783938695886,622.8349818419994,0.0078125,510.0
hcw,mppi_lqr,1000.0,200.0,3600.0,0.1,0.1,5.0,5.0,10.0,10.0,50.0,inf,inf,10,100.0,256,20,3,0.5,0.1,0.99,10.0,256,20,0,128,1,4.9390625,4.206982408533651,0.0078125,0.9921875,31.43783938695886,622.8349818419994,0.0078125,510.0
hcw,mppi_lqr,2000.0,200.0,600.0,0.1,0.1,5.0,5.0,10.0,10.0,50.0,inf,inf,10,100.0,256,20,3,0.5,0.1,0.99,10.0,256,20,0,128,128,5.0,4.946921314976691,0.1171875,0.0,76.95952541299876,616.2310906157136,1.0,540.0
hcw,mppi_lqr,2000.0,200.0,1200.0,0.1,0.1,5.0,5.0,10.0,10.0,50.0,inf,inf,10,100.0,256,20,3,0.5,0.1,0.99,10.0,256,20,0,128,55,5.0,4.968344059920455,0.1171875,0.5703125,76.95952541299876,2257.110978180433,0.4296875,700.0
hcw,mppi_lqr,2000.0,200.0,1800.0,0.1,0.1,5.0,5.0,10.0,10.0,50.0,inf,inf,10,100.0,256,20,3,0.5,0.1,0.99,10.0,256,20,0,128,55,5.0,4.968344059920455,0.1171875,0.5703125,76.95952541299876,3335.5462956955867,0.4296875,700.0
hcw,mppi_lqr,2000.0,200.0,3600.0,0.1,0.1,5.0,5.0,10.0,10.0,50.0,inf,inf,10,100.0,256,20,3,0.5,0.1,0.99,10.0,256,20,0,128,55,5.0,4.968344059920455,0.1171875,0.5703125,76.95952541299876,9486.465649963788,0.4296875,700.0
hcw,mppi_lqr,4000.0,200.0,600.0,0.1,0.1,5.0,5.0,10.0,10.0,50.0,inf,inf,10,100.0,256,20,3,0.5,0.1,0.99,10.0,256,20,0,128,128,5.0,5.0,0.0,0.0,1418.7312268456035,1418.7312268456033,1.0,
hcw,mppi_lqr,4000.0,200.0,1200.0,0.1,0.1,5.0,5.0,10.0,10.0,50.0,inf,inf,10,100.0,256,20,3,0.5,0.1,0.99,10.0,256,20,0,128,121,5.0,5.0,0.0,0.0546875,1101.7736067206235,4555.498952921805,0.9453125,890.0
hcw,mppi_lqr,4000.0,200.0,1800.0,0.1,0.1,5.0,5.0,10.0,10.0,50.0,inf,inf,10,100.0,256,20,3,0.5,0.1,0.99,10.0,256,20,0,128,121,5.0,5.0,0.0,0.0546875,1101.7736067206235,11065.943241259682,0.9453125,890.0
hcw,mppi_lqr,4000.0,200.0,3600.0,0.1,0.1,5.0,5.0,10.0,10.0,50.0,inf,inf,10,100.0,256,20,3,0.5,0.1,0.99,10.0,256,20,0,128,121,5.0,5.0,0.0,0.0546875,1101.7736067206235,59227.46976887896,0.9453125,890.0
lqr,coast,500.0,200.0,600.0,0.1,0.1,5.0,5.0,10.0,10.0,50.0,inf,inf,10,100.0,256,20,3,0.5,0.1,0.99,10.0,256,20,0,128,128,3.5627821228867207,0.0,0.9140625,0.0,9.502494094714644,9.502494094714647,1.0,540.0
lqr,coast,500.0,200.0,1200.0,0.1,0.1,5.0,5.0,10.0,10.0,50.0,inf,inf,10,100.0,256,20,3,0.5,0.1,0.99,10.0,256,20,0,128,128,3.5657052208474607,0.0,1.0,0.0,9.311590813070806,9.311590813070806,1.0,540.0
lqr,coast,500.0,200.0,1800.0,0.1,0.1,5.0,5.0,10.0,10.0,50.0,inf,inf,10,100.0,256,20,3,0.5,0.1,0.99,10.0,256,20,0,128,128,3.5657052208474607,0.0,1.0,0.0,9.311590813070806,9.311590813070806,1.0,540.0
lqr,coast,500.0,200.0,3600.0,0.1,0.1,5.0,5.0,10.0,10.0,50.0,inf,inf,10,100.0,256,20,3,0.5,0.1,0.99,10.0,256,20,0,128,128,3.5657052208474607,0.0,1.0,0.0,9.311590813070806,9.311590813070806,1.0,540.0
lqr,coast,1000.0,200.0,600.0,0.1,0.1,5.0,5.0,10.0,10.0,50.0,inf,inf,10,100.0,256,20,3,0.5,0.1,0.99,10.0,256,20,0,128,128,5.0,0.0,0.046875,0.0,38.336717684936026,47.22173170602693,1.0,560.0
lqr,coast,1000.0,200.0,1200.0,0.1,0.1,5.0,5.0,10.0,10.0,50.0,inf,inf,10,100.0,256,20,3,0.5,0.1,0.99,10.0,256,20,0,128,128,5.0,0.0,0.109375,0.0,36.01783333647232,802.9448513747819,1.0,610.0
lqr,coast,1000.0,200.0,1800.0,0.1,0.1,5.0,5.0,10.0,10.0,50.0,inf,inf,10,100.0,256,20,3,0.5,0.1,0.99,10.0,256,20,0,128,128,5.0,0.0,0.109375,0.0,36.01783333647232,1765.2515124412716,1.0,610.0
lqr,coast,1000.0,200.0,3600.0,0.1,0.1,5.0,5.0,10.0,10.0,50.0,inf,inf,10,100.0,256,20,3,0.5,0.1,0.99,10.0,256,20,0,128,128,5.0,0.0,0.109375,0.0,36.01783333647232,8001.997905182297,1.0,610.0
lqr,coast,2000.0,200.0,600.0,0.1,0.1,5.0,5.0,10.0,10.0,50.0,inf,inf,10,100.0,256,20,3,0.5,0.1,0.99,10.0,256,20,0,128,128,5.0,0.0,0.0,0.0,697.1489350667578,697.1489350667578,1.0,
lqr,coast,2000.0,200.0,1200.0,0.1,0.1,5.0,5.0,10.0,10.0,50.0,inf,inf,10,100.0,256,20,3,0.5,0.1,0.99,10.0,256,20,0,128,128,5.0,0.0,0.0,0.0,577.979961548817,2392.6122286657887,1.0,
lqr,coast,2000.0,200.0,1800.0,0.1,0.1,5.0,5.0,10.0,10.0,50.0,inf,inf,10,100.0,256,20,3,0.5,0.1,0.99,10.0,256,20,0,128,128,5.0,0.0,0.0,0.0,577.979961548817,5837.826729272089,1.0,
lqr,coast,2000.0,200.0,3600.0,0.1,0.1,5.0,5.0,10.0,10.0,50.0,inf,inf,10,100.0,256,20,3,0.5,0.1,0.99,10.0,256,20,0,128,128,5.0,0.0,0.0,0.0,577.979961548817,30990.11519833214,1.0,
lqr,coast,4000.0,200.0,600.0,0.1,0.1,5.0,5.0,10.0,10.0,50.0,inf,inf,10,100.0,256,20,3,0.5,0.1,0.99,10.0,256,20,0,128,128,5.0,0.0,0.0,0.0,2915.147980063496,2977.39548104844,1.0,
lqr,coast,4000.0,200.0,1200.0,0.1,0.1,5.0,5.0,10.0,10.0,50.0,inf,inf,10,100.0,256,20,3,0.5,0.1,0.99,10.0,256,20,0,128,128,5.0,0.0,0.0,0.0,2553.757330322598,5023.694354548945,1.0,
lqr,coast,4000.0,200.0,1800.0,0.1,0.1,5.0,5.0,10.0,10.0,50.0,inf,inf,10,100.0,256,20,3,0.5,0.1,0.99,10.0,256,20,0,128,128,5.0,0.0,0.0,0.0,2547.2972578431068,11809.618123687404,1.0,
lqr,coast,4000.0,200.0,3600.0,0.1,0.1,5.0,5.0,10.0,10.0,50.0,inf,inf,10,100.0,256,20,3,0.5,0.1,0.99,10.0,256,20,0,128,128,5.0,0.0,0.0,0.0,2547.2972578431068,54158.212430576685,1.0,
lqr,direct,500.0,200.0,600.0,0.1,0.1,5.0,5.0,10.0,10.0,50.0,inf,inf,10,100.0,256,20,3,0.5,0.1,0.99,10.0,256,20,0,128,108,4.651307000501032,4.67578125,0.0078125,0.15625,43.75407361944074,142.9788423833843,0.84375,300.0
lqr,direct,500.0,200.0,1200.0,0.1,0.1,5.0,5.0,10.0,10.0,50.0,inf,inf,10,100.0,256,20,3,0.5,0.1,0.99,10.0,256,20,0,128,108,4.651307000501032,4.67578125,0.0078125,0.15625,42.00543005193296,477.1937510946625,0.84375,300.0
lqr,direct,500.0,200.0,1800.0,0.1,0.1,5.0,5.0,10.0,10.0,50.0,inf,inf,10,100.0,256,20,3,0.5,0.1,0.99,10.0,256,20,0,128,108,4.651307000501032,4.67578125,0.0078125,0.15625,42.00543005193296,1116.269103821635,0.84375,300.0
lqr,direct,500.0,200.0,3600.0,0.1,0.1,5.0,5.0,10.0,10.0,50.0,inf,inf,10,100.0,256,20,3,0.5,0.1,0.99,10.0,256,20,0,128,108,4.651307000501032,4.67578125,0.0078125,0.15625,42.00543005193296,5857.910505031874,0.84375,300.0
lqr,direct,1000.0,200.0,600.0,0.1,0.1,5.0,5.0,10.0,10.0,50.0,inf,inf,10,100.0,256,20,3,0.5,0.1,0.99,10.0,256,20,0,128,126,4.926130023676823,4.9328125,0.0390625,0.015625,62.85635820918506,746.2259241961738,0.984375,360.0
lqr,direct,1000.0,200.0,1200.0,0.1,0.1,5.0,5.0,10.0,10.0,50.0,inf,inf,10,100.0,256,20,3,0.5,0.1,0.99,10.0,256,20,0,128,126,4.926130023676823,4.9328125,0.0390625,0.015625,62.85635820918506,2569.664411529789,0.984375,360.0
lqr,direct,1000.0,200.0,1800.0,0.1,0.1,5.0,5.0,10.0,10.0,50.0,inf,inf,10,100.0,256,20,3,0.5,0.1,0.99,10.0,256,20,0,128,126,4.926130023676823,4.9328125,0.0390625,0.015625,62.85635820918506,5106.871339065618,0.984375,360.0
lqr,direct,1000.0,200.0,3600.0,0.1,0.1,5.0,5.0,10.0,10.0,50.0,inf,inf,10,100.0,256,20,3,0.5,0.1,0.99,10.0,256,20,0,128,126,4.926130023676823,4.9328125,0.0390625,0.015625,62.85635820918506,20453.15318528329,0.984375,360.0
lqr,direct,2000.0,200.0,600.0,0.1,0.1,5.0,5.0,10.0,10.0,50.0,inf,inf,10,100.0,256,20,3,0.5,0.1,0.99,10.0,256,20,0,128,128,4.996007056511367,4.996875,0.0078125,0.0,268.0419832499105,735.3428337140335,1.0,460.0
lqr,direct,2000.0,200.0,1200.0,0.1,0.1,5.0,5.0,10.0,10.0,50.0,inf,inf,10,100.0,256,20,3,0.5,0.1,0.99,10.0,256,20,0,128,128,4.996007056511367,4.996875,0.0078125,0.0,268.0419832499105,4365.608336713225,1.0,460.0
lqr,direct,2000.0,200.0,1800.0,0.1,0.1,5.0,5.0,10.0,10.0,50.0,inf,inf,10,100.0,256,20,3,0.5,0.1,0.99,10.0,256,20,0,128,128,4.996007056511367,4.996875,0.0078125,0.0,268.0419832499105,9184.606496364951,1.0,460.0
lqr,direct,2000.0,200.0,3600.0,0.1,0.1,5.0,5.0,10.0,10.0,50.0,inf,inf,10,100.0,256,20,3,0.5,0.1,0.99,10.0,256,20,0,128,128,4.996007056511367,4.996875,0.0078125,0.0,268.0419832499105,40530.35839157516,1.0,460.0
lqr,direct,4000.0,200.0,600.0,0.1,0.1,5.0,5.0,10.0,10.0,50.0,inf,inf,10,100.0,256,20,3,0.5,0.1,0.99,10.0,256,20,0,128,128,5.0,5.0,0.0,0.0,1565.4085994090033,1565.989631320218,1.0,
lqr,direct,4000.0,200.0,1200.0,0.1,0.1,5.0,5.0,10.0,10.0,50.0,inf,inf,10,100.0,256,20,3,0.5,0.1,0.99,10.0,256,20,0,128,128,5.0,5.0,0.0,0.0,1428.5249627695666,5560.556330401141,1.0,
lqr,direct,4000.0,200.0,1800.0,0.1,0.1,5.0,5.0,10.0,10.0,50.0,inf,inf,10,100.0,256,20,3,0.5,0.1,0.99,10.0,256,20,0,128,128,5.0,5.0,0.0,0.0,1428.5249627695666,13335.617257152497,1.0,
lqr,direct,4000.0,200.0,3600.0,0.1,0.1,5.0,5.0,10.0,10.0,50.0,inf,inf,10,100.0,256,20,3,0.5,0.1,0.99,10.0,256,20,0,128,128,5.0,5.0,0.0,0.0,1428.5249627695666,67894.92724231344,1.0,
lqr,evade,500.0,200.0,600.0,0.1,0.1,5.0,5.0,10.0,10.0,50.0,inf,inf,10,100.0,256,20,3,0.5,0.1,0.99,10.0,256,20,0,128,110,4.703429994881215,4.7328125000000005,0.0078125,0.140625,76.66180626670794,223.9105561971598,0.859375,320.0
lqr,evade,500.0,200.0,1200.0,0.1,0.1,5.0,5.0,10.0,10.0,50.0,inf,inf,10,100.0,256,20,3,0.5,0.1,0.99,10.0,256,20,0,128,110,4.703429994881215,4.7328125000000005,0.0078125,0.140625,76.66180626670794,617.2351562976245,0.859375,320.0
lqr,evade,500.0,200.0,1800.0,0.1,0.1,5.0,5.0,10.0,10.0,50.0,inf,inf,10,100.0,256,20,3,0.5,0.1,0.99,10.0,256,20,0,128,110,4.703429994881215,4.7328125000000005,0.0078125,0.140625,76.66180626670794,1284.898795645181,0.859375,320.0
lqr,evade,500.0,200.0,3600.0,0.1,0.1,5.0,5.0,10.0,10.0,50.0,inf,inf,10,100.0,256,20,3,0.5,0.1,0.99,10.0,256,20,0,128,110,4.703429994881215,4.7328125000000005,0.0078125,0.140625,76.66180626670794,5424.282616071064,0.859375,320.0
lqr,evade,1000.0,200.0,600.0,0.1,0.1,5.0,5.0,10.0,10.0,50.0,inf,inf,10,100.0,256,20,3,0.5,0.1,0.99,10.0,256,20,0,128,125,4.96786681400887,4.971875,0.0078125,0.0234375,72.30118147711619,691.4013961567078,0.9765625,430.0
lqr,evade,1000.0,200.0,1200.0,0.1,0.1,5.0,5.0,10.0,10.0,50.0,inf,inf,10,100.0,256,20,3,0.5,0.1,0.99,10.0,256,20,0,128,125,4.96786681400887,4.971875,0.0078125,0.0234375,72.30118147711619,2366.267515314084,0.9765625,430.0
lqr,evade,1000.0,200.0,1800.0,0.1,0.1,5.0,5.0,10.0,10.0,50.0,inf,inf,10,100.0,256,20,3,0.5,0.1,0.99,10.0,256,20,0,128,125,4.96786681400887,4.971875,0.0078125,0.0234375,72.30118147711619,4664.431315219242,0.9765625,430.0
lqr,evade,1000.0,200.0,3600.0,0.1,0.1,5.0,5.0,10.0,10.0,50.0,inf,inf,10,100.0,256,20,3,0.5,0.1,0.99,10.0,256,20,0,128,125,4.96786681400887,4.971875,0.0078125,0.0234375,72.30118147711619,18786.246694238864,0.9765625,430.0
lqr,evade,2000.0,200.0,600.0,0.1,0.1,5.0,5.0,10.0,10.0,50.0,inf,inf,10,100.0,256,20,3,0.5,0.1,0.99,10.0,256,20,0,128,128,4.996007056511367,4.996875,0.0078125,0.0,269.2657880223707,735.084405806433,1.0,460.0
lqr,evade,2000.0,200.0,1200.0,0.1,0.1,5.0,5.0,10.0,10.0,50.0,inf,inf,10,100.0,256,20,3,0.5,0.1,0.99,10.0,256,20,0,128,128,4.996007056511367,4.996875,0.0078125,0.0,269.2657880223707,4352.279818350011,1.0,460.0
lqr,evade,2000.0,200.0,1800.0,0.1,0.1,5.0,5.0,10.0,10.0,50.0,inf,inf,10,100.0,256,20,3,0.5,0.1,0.99,10.0,256,20,0,128,128,4.996007056511367,4.996875,0.0078125,0.0,269.2657880223707,9120.50369404517,1.0,460.0
lqr,evade,2000.0,200.0,3600.0,0.1,0.1,5.0,5.0,10.0,10.0,50.0,inf,inf,10,100.0,256,20,3,0.5,0.1,0.99,10.0,256,20,0,128,128,4.996007056511367,4.996875,0.0078125,0.0,269.2657880223707,39854.972203081954,1.0,460.0
lqr,evade,4000.0,200.0,600.0,0.1,0.1,5.0,5.0,10.0,10.0,50.0,inf,inf,10,100.0,256,20,3,0.5,0.1,0.99,10.0,256,20,0,128,128,5.0,5.0,0.0,0.0,1565.4085994090033,1565.989631320218,1.0,
lqr,evade,4000.0,200.0,1200.0,0.1,0.1,5.0,5.0,10.0,10.0,50.0,inf,inf,10,100.0,256,20,3,0.5,0.1,0.99,10.0,256,20,0,128,128,5.0,5.0,0.0,0.0,1428.5249627695666,5560.556330401141,1.0,
lqr,evade,4000.0,200.0,1800.0,0.1,0.1,5.0,5.0,10.0,10.0,50.0,inf,inf,10,100.0,256,20,3,0.5,0.1,0.99,10.0,256,20,0,128,128,5.0,5.0,0.0,0.0,1428.5249627695666,13335.617257152491,1.0,
lqr,evade,4000.0,200.0,3600.0,0.1,0.1,5.0,5.0,10.0,10.0,50.0,inf,inf,10,100.0,256,20,3,0.5,0.1,0.99,10.0,256,20,0,128,128,5.0,5.0,0.0,0.0,1428.5249627695666,67894.92724231344,1.0,
lqr,hcw,500.0,200.0,600.0,0.1,0.1,5.0,5.0,10.0,10.0,50.0,inf,inf,10,100.0,256,20,3,0.5,0.1,0.99,10.0,256,20,0,128,2,3.187458604887827,3.354060187551644,0.015625,0.984375,38.26318606185324,54.23700576765648,0.015625,330.0
lqr,hcw,500.0,200.0,1200.0,0.1,0.1,5.0,5.0,10.0,10.0,50.0,inf,inf,10,100.0,256,20,3,0.5,0.1,0.99,10.0,256,20,0,128,2,3.187458604887827,3.354060187551644,0.015625,0.984375,38.26318606185324,54.23700576765648,0.015625,330.0
lqr,hcw,500.0,200.0,1800.0,0.1,0.1,5.0,5.0,10.0,10.0,50.0,inf,inf,10,100.0,256,20,3,0.5,0.1,0.99,10.0,256,20,0,128,2,3.187458604887827,3.354060187551644,0.015625,0.984375,38.26318606185324,54.23700576765648,0.015625,330.0
lqr,hcw,500.0,200.0,3600.0,0.1,0.1,5.0,5.0,10.0,10.0,50.0,inf,inf,10,100.0,256,20,3,0.5,0.1,0.99,10.0,256,20,0,128,2,3.187458604887827,3.354060187551644,0.015625,0.984375,38.26318606185324,54.23700576765648,0.015625,330.0
lqr,hcw,1000.0,200.0,600.0,0.1,0.1,5.0,5.0,10.0,10.0,50.0,inf,inf,10,100.0,256,20,3,0.5,0.1,0.99,10.0,256,20,0,128,83,4.822936728072316,4.853125,0.03125,0.3515625,40.32029879064084,438.0505867710784,0.6484375,460.0
lqr,hcw,1000.0,200.0,1200.0,0.1,0.1,5.0,5.0,10.0,10.0,50.0,inf,inf,10,100.0,256,20,3,0.5,0.1,0.99,10.0,256,20,0,128,83,4.822936728072316,4.853125,0.03125,0.3515625,40.32029879064084,1141.1850249117,0.6484375,460.0
lqr,hcw,1000.0,200.0,1800.0,0.1,0.1,5.0,5.0,10.0,10.0,50.0,inf,inf,10,100.0,256,20,3,0.5,0.1,0.99,10.0,256,20,0,128,83,4.822936728072316,4.853125,0.03125,0.3515625,40.32029879064084,2029.88245337879,0.6484375,460.0
lqr,hcw,1000.0,200.0,3600.0,0.1,0.1,5.0,5.0,10.0,10.0,50.0,inf,inf,10,100.0,256,20,3,0.5,0.1,0.99,10.0,256,20,0,128,83,4.822936728072316,4.853125,0.03125,0.3515625,40.32029879064084,6297.1413731260645,0.6484375,460.0
lqr,hcw,2000.0,200.0,600.0,0.1,0.1,5.0,5.0,10.0,10.0,50.0,inf,inf,10,100.0,256,20,3,0.5,0.1,0.99,10.0,256,20,0,128,127,5.0,5.0,0.0,0.0078125,186.49169715740857,670.2850605776437,0.9921875,590.0
lqr,hcw,2000.0,200.0,1200.0,0.1,0.1,5.0,5.0,10.0,10.0,50.0,inf,inf,10,100.0,256,20,3,0.5,0.1,0.99,10.0,256,20,0,128,127,5.0,5.0,0.0,0.0078125,186.49169715740857,4197.792211515431,0.9921875,590.0
lqr,hcw,2000.0,200.0,1800.0,0.1,0.1,5.0,5.0,10.0,10.0,50.0,inf,inf,10,100.0,256,20,3,0.5,0.1,0.99,10.0,256,20,0,128,127,5.0,5.0,0.0,0.0078125,186.49169715740857,8762.407633646328,0.9921875,590.0
lqr,hcw,2000.0,200.0,3600.0,0.1,0.1,5.0,5.0,10.0,10.0,50.0,inf,inf,10,100.0,256,20,3,0.5,0.1,0.99,10.0,256,20,0,128,127,5.0,5.0,0.0,0.0078125,186.49169715740857,38152.53445030678,0.9921875,590.0
lqr,hcw,4000.0,200.0,600.0,0.1,0.1,5.0,5.0,10.0,10.0,50.0,inf,inf,10,100.0,256,20,3,0.5,0.1,0.99,10.0,256,20,0,128,128,5.0,5.0,0.0,0.0,1457.4882341563184,1457.4882341563184,1.0,
lqr,hcw,4000.0,200.0,1200.0,0.1,0.1,5.0,5.0,10.0,10.0,50.0,inf,inf,10,100.0,256,20,3,0.5,0.1,0.99,10.0,256,20,0,128,128,5.0,5.0,0.0,0.0,1289.7890055129676,5286.775611495643,1.0,
lqr,hcw,4000.0,200.0,1800.0,0.1,0.1,5.0,5.0,10.0,10.0,50.0,inf,inf,10,100.0,256,20,3,0.5,0.1,0.99,10.0,256,20,0,128,128,5.0,5.0,0.0,0.0,1289.7890055129676,12731.527504509442,1.0,
lqr,hcw,4000.0,200.0,3600.0,0.1,0.1,5.0,5.0,10.0,10.0,50.0,inf,inf,10,100.0,256,20,3,0.5,0.1,0.99,10.0,256,20,0,128,128,5.0,5.0,0.0,0.0,1289.7890055129676,65796.72993996828,1.0,
lqr,lqr,500.0,200.0,600.0,0.1,0.1,5.0,5.0,10.0,10.0,50.0,inf,inf,10,100.0,256,20,3,0.5,0.1,0.99,10.0,256,20,0,128,13,3.274001538941517,3.0678309920743394,0.1015625,0.8984375,30.69570450719829,31.653944695148517,0.1015625,410.0
lqr,lqr,500.0,200.0,1200.0,0.1,0.1,5.0,5.0,10.0,10.0,50.0,inf,inf,10,100.0,256,20,3,0.5,0.1,0.99,10.0,256,20,0,128,13,3.274001538941517,3.0678309920743394,0.1015625,0.8984375,30.69570450719829,31.653944695148517,0.1015625,410.0
lqr,lqr,500.0,200.0,1800.0,0.1,0.1,5.0,5.0,10.0,10.0,50.0,inf,inf,10,100.0,256,20,3,0.5,0.1,0.99,10.0,256,20,0,128,13,3.274001538941517,3.0678309920743394,0.1015625,0.8984375,30.69570450719829,31.653944695148517,0.1015625,410.0
lqr,lqr,500.0,200.0,3600.0,0.1,0.1,5.0,5.0,10.0,10.0,50.0,inf,inf,10,100.0,256,20,3,0.5,0.1,0.99,10.0,256,20,0,128,13,3.274001538941517,3.0678309920743394,0.1015625,0.8984375,30.69570450719829,31.653944695148517,0.1015625,410.0
lqr,lqr,1000.0,200.0,600.0,0.1,0.1,5.0,5.0,10.0,10.0,50.0,inf,inf,10,100.0,256,20,3,0.5,0.1,0.99,10.0,256,20,0,128,30,4.956181440967533,4.948007886856551,0.03125,0.765625,35.28025381108737,267.713086347616,0.234375,550.0
lqr,lqr,1000.0,200.0,1200.0,0.1,0.1,5.0,5.0,10.0,10.0,50.0,inf,inf,10,100.0,256,20,3,0.5,0.1,0.99,10.0,256,20,0,128,29,4.956181440967533,4.948007886856551,0.03125,0.7734375,35.28025381108737,439.5708401100821,0.2265625,550.0
lqr,lqr,1000.0,200.0,1800.0,0.1,0.1,5.0,5.0,10.0,10.0,50.0,inf,inf,10,100.0,256,20,3,0.5,0.1,0.99,10.0,256,20,0,128,29,4.956181440967533,4.948007886856551,0.03125,0.7734375,35.28025381108737,647.8959198084694,0.2265625,550.0
lqr,lqr,1000.0,200.0,3600.0,0.1,0.1,5.0,5.0,10.0,10.0,50.0,inf,inf,10,100.0,256,20,3,0.5,0.1,0.99,10.0,256,20,0,128,29,4.956181440967533,4.948007886856551,0.03125,0.7734375,35.28025381108737,1244.6318570809308,0.2265625,550.0
lqr,lqr,2000.0,200.0,600.0,0.1,0.1,5.0,5.0,10.0,10.0,50.0,inf,inf,10,100.0,256,20,3,0.5,0.1,0.99,10.0,256,20,0,128,128,4.997834253163563,4.99838545422315,0.0078125,0.0,158.87018436466116,612.3905857765268,1.0,480.0
lqr,lqr,2000.0,200.0,1200.0,0.1,0.1,5.0,5.0,10.0,10.0,50.0,inf,inf,10,100.0,256,20,3,0.5,0.1,0.99,10.0,256,20,0,128,125,4.997834253163563,4.99838545422315,0.0078125,0.0234375,158.87018436466116,3935.346056813132,0.9765625,620.0
lqr,lqr,2000.0,200.0,1800.0,0.1,0.1,5.0,5.0,10.0,10.0,50.0,inf,inf,10,100.0,256,20,3,0.5,0.1,0.99,10.0,256,20,0,128,125,4.997834253163563,4.99838545422315,0.0078125,0.0234375,158.87018436466116,8234.90701879875,0.9765625,620.0
lqr,lqr,2000.0,200.0,3600.0,0.1,0.1,5.0,5.0,10.0,10.0,50.0,inf,inf,10,100.0,256,20,3,0.5,0.1,0.99,10.0,256,20,0,128,125,4.997834253163563,4.99838545422315,0.0078125,0.0234375,158.87018436466116,35858.5696929815,0.9765625,620.0
lqr,lqr,4000.0,200.0,600.0,0.1,0.1,5.0,5.0,10.0,10.0,50.0,inf,inf,10,100.0,256,20,3,0.5,0.1,0.99,10.0,256,20,0,128,128,5.0,5.0,0.0,0.0,1428.725841506533,1428.725841506533,1.0,
lqr,lqr,4000.0,200.0,1200.0,0.1,0.1,5.0,5.0,10.0,10.0,50.0,inf,inf,10,100.0,256,20,3,0.5,0.1,0.99,10.0,256,20,0,128,128,5.0,5.0,0.0,0.0,1252.8734615995604,5198.98584390635,1.0,
lqr,lqr,4000.0,200.0,1800.0,0.1,0.1,5.0,5.0,10.0,10.0,50.0,inf,inf,10,100.0,256,20,3,0.5,0.1,0.99,10.0,256,20,0,128,128,5.0,5.0,0.0,0.0,1252.8734615995604,12544.680835099049,1.0,
lqr,lqr,4000.0,200.0,3600.0,0.1,0.1,5.0,5.0,10.0,10.0,50.0,inf,inf,10,100.0,256,20,3,0.5,0.1,0.99,10.0,256,20,0,128,128,5.0,5.0,0.0,0.0,1252.8734615995604,65186.563057315136,1.0,
lqr,mppi_direct,500.0,200.0,600.0,0.1,0.1,5.0,5.0,10.0,10.0,50.0,inf,inf,10,100.0,256,20,3,0.5,0.1,0.99,10.0,256,20,0,128,0,3.345816340206889,2.790386027517268,0.0,1.0,32.69938108841031,78.23055201401924,0.0,350.0
lqr,mppi_direct,500.0,200.0,1200.0,0.1,0.1,5.0,5.0,10.0,10.0,50.0,inf,inf,10,100.0,256,20,3,0.5,0.1,0.99,10.0,256,20,0,128,0,3.345816340206889,2.790386027517268,0.0,1.0,32.69938108841031,78.23055201401924,0.0,350.0
lqr,mppi_direct,500.0,200.0,1800.0,0.1,0.1,5.0,5.0,10.0,10.0,50.0,inf,inf,10,100.0,256,20,3,0.5,0.1,0.99,10.0,256,20,0,128,0,3.345816340206889,2.790386027517268,0.0,1.0,32.69938108841031,78.23055201401924,0.0,350.0
lqr,mppi_direct,500.0,200.0,3600.0,0.1,0.1,5.0,5.0,10.0,10.0,50.0,inf,inf,10,100.0,256,20,3,0.5,0.1,0.99,10.0,256,20,0,128,0,3.345816340206889,2.790386027517268,0.0,1.0,32.69938108841031,78.23055201401924,0.0,350.0
lqr,mppi_direct,1000.0,200.0,600.0,0.1,0.1,5.0,5.0,10.0,10.0,50.0,inf,inf,10,100.0,256,20,3,0.5,0.1,0.99,10.0,256,20,0,128,4,4.855792902440506,4.1637952779378455,0.03125,0.96875,29.830855276987357,363.5758146955877,0.03125,510.0
lqr,mppi_direct,1000.0,200.0,1200.0,0.1,0.1,5.0,5.0,10.0,10.0,50.0,inf,inf,10,100.0,256,20,3,0.5,0.1,0.99,10.0,256,20,0,128,4,4.855792902440506,4.1637952779378455,0.03125,0.96875,29.830855276987357,363.5758146955877,0.03125,510.0
lqr,mppi_direct,1000.0,200.0,1800.0,0.1,0.1,5.0,5.0,10.0,10.0,50.0,inf,inf,10,100.0,256,20,3,0.5,0.1,0.99,10.0,256,20,0,128,4,4.855792902440506,4.1637952779378455,0.03125,0.96875,29.830855276987357,363.5758146955877,0.03125,510.0
lqr,mppi_direct,1000.0,200.0,3600.0,0.1,0.1,5.0,5.0,10.0,10.0,50.0,inf,inf,10,100.0,256,20,3,0.5,0.1,0.99,10.0,256,20,0,128,4,4.855792902440506,4.1637952779378455,0.03125,0.96875,29.830855276987357,363.5758146955877,0.03125,510.0
lqr,mppi_direct,2000.0,200.0,600.0,0.1,0.1,5.0,5.0,10.0,10.0,50.0,inf,inf,10,100.0,256,20,3,0.5,0.1,0.99,10.0,256,20,0,128,128,4.999703528254658,4.937260847388648,0.1171875,0.0,56.39745806555032,403.5067120061279,1.0,530.0
lqr,mppi_direct,2000.0,200.0,1200.0,0.1,0.1,5.0,5.0,10.0,10.0,50.0,inf,inf,10,100.0,256,20,3,0.5,0.1,0.99,10.0,256,20,0,128,55,4.999703528254658,4.9585037618364565,0.1171875,0.5703125,56.39745806555032,1877.8181997064296,0.4296875,695.0
lqr,mppi_direct,2000.0,200.0,1800.0,0.1,0.1,5.0,5.0,10.0,10.0,50.0,inf,inf,10,100.0,256,20,3,0.5,0.1,0.99,10.0,256,20,0,128,55,4.999703528254658,4.9585037618364565,0.1171875,0.5703125,56.39745806555032,2951.308201774545,0.4296875,695.0
lqr,mppi_direct,2000.0,200.0,3600.0,0.1,0.1,5.0,5.0,10.0,10.0,50.0,inf,inf,10,100.0,256,20,3,0.5,0.1,0.99,10.0,256,20,0,128,55,4.999703528254658,4.9585037618364565,0.1171875,0.5703125,56.39745806555032,7478.938293674591,0.4296875,695.0
lqr,mppi_direct,4000.0,200.0,600.0,0.1,0.1,5.0,5.0,10.0,10.0,50.0,inf,inf,10,100.0,256,20,3,0.5,0.1,0.99,10.0,256,20,0,128,128,5.0,5.0,0.0,0.0,1403.3103463883172,1403.3103463883172,1.0,
lqr,mppi_direct,4000.0,200.0,1200.0,0.1,0.1,5.0,5.0,10.0,10.0,50.0,inf,inf,10,100.0,256,20,3,0.5,0.1,0.99,10.0,256,20,0,128,121,5.0,5.0,0.0,0.0546875,1028.1194437426996,4331.272137616991,0.9453125,890.0
lqr,mppi_direct,4000.0,200.0,1800.0,0.1,0.1,5.0,5.0,10.0,10.0,50.0,inf,inf,10,100.0,256,20,3,0.5,0.1,0.99,10.0,256,20,0,128,121,5.0,5.0,0.0,0.0546875,1028.1194437426996,10610.869934994222,0.9453125,890.0
lqr,mppi_direct,4000.0,200.0,3600.0,0.1,0.1,5.0,5.0,10.0,10.0,50.0,inf,inf,10,100.0,256,20,3,0.5,0.1,0.99,10.0,256,20,0,128,121,5.0,5.0,0.0,0.0546875,1028.1194437426996,57663.4648453792,0.9453125,890.0
lqr,mppi_lqr,500.0,200.0,600.0,0.1,0.1,5.0,5.0,10.0,10.0,50.0,inf,inf,10,100.0,256,20,3,0.5,0.1,0.99,10.0,256,20,0,128,1,3.328109001209937,2.786228051090145,0.0078125,0.9921875,32.40693013566812,77.61085258647613,0.0078125,350.0
lqr,mppi_lqr,500.0,200.0,1200.0,0.1,0.1,5.0,5.0,10.0,10.0,50.0,inf,inf,10,100.0,256,20,3,0.5,0.1,0.99,10.0,256,20,0,128,1,3.328109001209937,2.786228051090145,0.0078125,0.9921875,32.40693013566812,77.61085258647613,0.0078125,350.0
lqr,mppi_lqr,500.0,200.0,1800.0,0.1,0.1,5.0,5.0,10.0,10.0,50.0,inf,inf,10,100.0,256,20,3,0.5,0.1,0.99,10.0,256,20,0,128,1,3.328109001209937,2.786228051090145,0.0078125,0.9921875,32.40693013566812,77.61085258647613,0.0078125,350.0
lqr,mppi_lqr,500.0,200.0,3600.0,0.1,0.1,5.0,5.0,10.0,10.0,50.0,inf,inf,10,100.0,256,20,3,0.5,0.1,0.99,10.0,256,20,0,128,1,3.328109001209937,2.786228051090145,0.0078125,0.9921875,32.40693013566812,77.61085258647613,0.0078125,350.0
lqr,mppi_lqr,1000.0,200.0,600.0,0.1,0.1,5.0,5.0,10.0,10.0,50.0,inf,inf,10,100.0,256,20,3,0.5,0.1,0.99,10.0,256,20,0,128,1,4.894997034313728,4.22708082817602,0.0,0.9921875,30.783890294615443,380.5177366895207,0.0078125,510.0
lqr,mppi_lqr,1000.0,200.0,1200.0,0.1,0.1,5.0,5.0,10.0,10.0,50.0,inf,inf,10,100.0,256,20,3,0.5,0.1,0.99,10.0,256,20,0,128,0,4.894997034313728,4.227221266091238,0.0,1.0,30.783890294615443,381.1530006169036,0.0,515.0
lqr,mppi_lqr,1000.0,200.0,1800.0,0.1,0.1,5.0,5.0,10.0,10.0,50.0,inf,inf,10,100.0,256,20,3,0.5,0.1,0.99,10.0,256,20,0,128,0,4.894997034313728,4.227221266091238,0.0,1.0,30.783890294615443,381.1530006169036,0.0,515.0
lqr,mppi_lqr,1000.0,200.0,3600.0,0.1,0.1,5.0,5.0,10.0,10.0,50.0,inf,inf,10,100.0,256,20,3,0.5,0.1,0.99,10.0,256,20,0,128,0,4.894997034313728,4.227221266091238,0.0,1.0,30.783890294615443,381.1530006169036,0.0,515.0
lqr,mppi_lqr,2000.0,200.0,600.0,0.1,0.1,5.0,5.0,10.0,10.0,50.0,inf,inf,10,100.0,256,20,3,0.5,0.1,0.99,10.0,256,20,0,128,128,5.0,4.929411269629592,0.25,0.0,48.904613676870326,363.49050080178506,1.0,540.0
lqr,mppi_lqr,2000.0,200.0,1200.0,0.1,0.1,5.0,5.0,10.0,10.0,50.0,inf,inf,10,100.0,256,20,3,0.5,0.1,0.99,10.0,256,20,0,128,56,5.0,4.950103613896096,0.25,0.5625,48.904613676870326,1369.0390405494236,0.4375,670.0
lqr,mppi_lqr,2000.0,200.0,1800.0,0.1,0.1,5.0,5.0,10.0,10.0,50.0,inf,inf,10,100.0,256,20,3,0.5,0.1,0.99,10.0,256,20,0,128,56,5.0,4.950103613896096,0.25,0.5625,48.904613676870326,1940.3477823996027,0.4375,670.0
lqr,mppi_lqr,2000.0,200.0,3600.0,0.1,0.1,5.0,5.0,10.0,10.0,50.0,inf,inf,10,100.0,256,20,3,0.5,0.1,0.99,10.0,256,20,0,128,56,5.0,4.950103613896096,0.25,0.5625,48.904613676870326,5196.151579689389,0.4375,670.0
lqr,mppi_lqr,4000.0,200.0,600.0,0.1,0.1,5.0,5.0,10.0,10.0,50.0,inf,inf,10,100.0,256,20,3,0.5,0.1,0.99,10.0,256,20,0,128,128,5.0,5.0,0.0,0.0,1403.2557263840306,1403.2557263840306,1.0,
lqr,mppi_lqr,4000.0,200.0,1200.0,0.1,0.1,5.0,5.0,10.0,10.0,50.0,inf,inf,10,100.0,256,20,3,0.5,0.1,0.99,10.0,256,20,0,128,121,5.0,5.0,0.0078125,0.0546875,1027.911255240889,4290.351463793923,0.9453125,880.0
lqr,mppi_lqr,4000.0,200.0,1800.0,0.1,0.1,5.0,5.0,10.0,10.0,50.0,inf,inf,10,100.0,256,20,3,0.5,0.1,0.99,10.0,256,20,0,128,121,5.0,5.0,0.0078125,0.0546875,1027.911255240889,10537.793837785375,0.9453125,880.0
lqr,mppi_lqr,4000.0,200.0,3600.0,0.1,0.1,5.0,5.0,10.0,10.0,50.0,inf,inf,10,100.0,256,20,3,0.5,0.1,0.99,10.0,256,20,0,128,121,5.0,5.0,0.0078125,0.0546875,1027.911255240889,57591.157628448935,0.9453125,880.0
mppi_approach,coast,500.0,200.0,600.0,0.1,0.1,5.0,5.0,10.0,10.0,50.0,inf,inf,10,100.0,256,20,3,0.5,0.1,0.99,10.0,256,20,0,128,128,3.234480792402122,0.0,0.9609375,0.0,7.046622122668599,9.931092534389547,1.0,450.0
mppi_approach,coast,500.0,200.0,1200.0,0.1,0.1,5.0,5.0,10.0,10.0,50.0,inf,inf,10,100.0,256,20,3,0.5,0.1,0.99,10.0,256,20,0,128,128,3.245313789505981,0.0,1.0,0.0,4.174223091767171,7.286277279104797,1.0,450.0
mppi_approach,coast,500.0,200.0,1800.0,0.1,0.1,5.0,5.0,10.0,10.0,50.0,inf,inf,10,100.0,256,20,3,0.5,0.1,0.99,10.0,256,20,0,128,128,3.245313789505981,0.0,1.0,0.0,4.174223091767171,7.286277279104797,1.0,450.0
mppi_approach,coast,500.0,200.0,3600.0,0.1,0.1,5.0,5.0,10.0,10.0,50.0,inf,inf,10,100.0,256,20,3,0.5,0.1,0.99,10.0,256,20,0,128,128,3.245313789505981,0.0,1.0,0.0,4.174223091767171,7.286277279104797,1.0,450.0
mppi_approach,coast,1000.0,200.0,600.0,0.1,0.1,5.0,5.0,10.0,10.0,50.0,inf,inf,10,100.0,256,20,3,0.5,0.1,0.99,10.0,256,20,0,128,128,4.55634530319771,0.0,0.34375,0.0,199.6120729508918,201.30113393015995,1.0,570.0
mppi_approach,coast,1000.0,200.0,1200.0,0.1,0.1,5.0,5.0,10.0,10.0,50.0,inf,inf,10,100.0,256,20,3,0.5,0.1,0.99,10.0,256,20,0,128,128,4.65350973961454,0.0,0.6796875,0.0,28.524067231517503,288.3035139386509,1.0,600.0
mppi_approach,coast,1000.0,200.0,1800.0,0.1,0.1,5.0,5.0,10.0,10.0,50.0,inf,inf,10,100.0,256,20,3,0.5,0.1,0.99,10.0,256,20,0,128,128,4.65350973961454,0.0,0.6796875,0.0,28.524067231517503,734.053277295945,1.0,600.0
mppi_approach,coast,1000.0,200.0,3600.0,0.1,0.1,5.0,5.0,10.0,10.0,50.0,inf,inf,10,100.0,256,20,3,0.5,0.1,0.99,10.0,256,20,0,128,128,4.65350973961454,0.0,0.6796875,0.0,28.524067231517503,3790.8846400735474,1.0,600.0
mppi_approach,coast,2000.0,200.0,600.0,0.1,0.1,5.0,5.0,10.0,10.0,50.0,inf,inf,10,100.0,256,20,3,0.5,0.1,0.99,10.0,256,20,0,128,128,4.994833436965698,0.0,0.0,0.0,1059.1218176847317,1059.1218176847317,1.0,
mppi_approach,coast,2000.0,200.0,1200.0,0.1,0.1,5.0,5.0,10.0,10.0,50.0,inf,inf,10,100.0,256,20,3,0.5,0.1,0.99,10.0,256,20,0,128,128,5.0,0.0,0.0078125,0.0,394.13704154583246,1078.9259798045878,1.0,720.0
mppi_approach,coast,2000.0,200.0,1800.0,0.1,0.1,5.0,5.0,10.0,10.0,50.0,inf,inf,10,100.0,256,20,3,0.5,0.1,0.99,10.0,256,20,0,128,128,5.0,0.0,0.0078125,0.0,389.2669900251752,2942.3623718172366,1.0,720.0
mppi_approach,coast,2000.0,200.0,3600.0,0.1,0.1,5.0,5.0,10.0,10.0,50.0,inf,inf,10,100.0,256,20,3,0.5,0.1,0.99,10.0,256,20,0,128,128,5.0,0.0,0.0078125,0.0,389.2669900251752,17946.876809465604,1.0,720.0
mppi_approach,coast,4000.0,200.0,600.0,0.1,0.1,5.0,5.0,10.0,10.0,50.0,inf,inf,10,100.0,256,20,3,0.5,0.1,0.99,10.0,256,20,0,128,128,5.0,0.0,0.0,0.0,3042.970564918307,3109.085582014113,1.0,
mppi_approach,coast,4000.0,200.0,1200.0,0.1,0.1,5.0,5.0,10.0,10.0,50.0,inf,inf,10,100.0,256,20,3,0.5,0.1,0.99,10.0,256,20,0,128,128,5.0,0.0,0.0,0.0,2205.839239667843,3638.3152405814953,1.0,
mppi_approach,coast,4000.0,200.0,1800.0,0.1,0.1,5.0,5.0,10.0,10.0,50.0,inf,inf,10,100.0,256,20,3,0.5,0.1,0.99,10.0,256,20,0,128,128,5.0,0.0,0.0,0.0,2197.1296243614506,8598.692856751673,1.0,
mppi_approach,coast,4000.0,200.0,3600.0,0.1,0.1,5.0,5.0,10.0,10.0,50.0,inf,inf,10,100.0,256,20,3,0.5,0.1,0.99,10.0,256,20,0,128,128,5.0,0.0,0.0,0.0,2192.4654754879066,41508.4762731027,1.0,
mppi_approach,direct,500.0,200.0,600.0,0.1,0.1,5.0,5.0,10.0,10.0,50.0,inf,inf,10,100.0,256,20,3,0.5,0.1,0.99,10.0,256,20,0,128,128,1.9821518987581352,2.702343750000001,1.0,0.0,2.5263745935611714,12.477319228446392,1.0,280.0
mppi_approach,direct,500.0,200.0,1200.0,0.1,0.1,5.0,5.0,10.0,10.0,50.0,inf,inf,10,100.0,256,20,3,0.5,0.1,0.99,10.0,256,20,0,128,128,1.9821518987581352,2.702343750000001,1.0,0.0,2.5263745935611714,12.477319228446392,1.0,280.0
mppi_approach,direct,500.0,200.0,1800.0,0.1,0.1,5.0,5.0,10.0,10.0,50.0,inf,inf,10,100.0,256,20,3,0.5,0.1,0.99,10.0,256,20,0,128,128,1.9821518987581352,2.702343750000001,1.0,0.0,2.5263745935611714,12.477319228446392,1.0,280.0
mppi_approach,direct,500.0,200.0,3600.0,0.1,0.1,5.0,5.0,10.0,10.0,50.0,inf,inf,10,100.0,256,20,3,0.5,0.1,0.99,10.0,256,20,0,128,128,1.9821518987581352,2.702343750000001,1.0,0.0,2.5263745935611714,12.477319228446392,1.0,280.0
mppi_approach,direct,1000.0,200.0,600.0,0.1,0.1,5.0,5.0,10.0,10.0,50.0,inf,inf,10,100.0,256,20,3,0.5,0.1,0.99,10.0,256,20,0,128,128,2.729678770003149,3.7578125000000018,1.0,0.0,3.1077601515322164,17.33662787992328,1.0,375.0
mppi_approach,direct,1000.0,200.0,1200.0,0.1,0.1,5.0,5.0,10.0,10.0,50.0,inf,inf,10,100.0,256,20,3,0.5,0.1,0.99,10.0,256,20,0,128,128,2.729678770003149,3.7578125000000018,1.0,0.0,3.1077601515322164,17.33662787992328,1.0,375.0
mppi_approach,direct,1000.0,200.0,1800.0,0.1,0.1,5.0,5.0,10.0,10.0,50.0,inf,inf,10,100.0,256,20,3,0.5,0.1,0.99,10.0,256,20,0,128,128,2.729678770003149,3.7578125000000018,1.0,0.0,3.1077601515322164,17.33662787992328,1.0,375.0
mppi_approach,direct,1000.0,200.0,3600.0,0.1,0.1,5.0,5.0,10.0,10.0,50.0,inf,inf,10,100.0,256,20,3,0.5,0.1,0.99,10.0,256,20,0,128,128,2.729678770003149,3.7578125000000018,1.0,0.0,3.1077601515322164,17.33662787992328,1.0,375.0
mppi_approach,direct,2000.0,200.0,600.0,0.1,0.1,5.0,5.0,10.0,10.0,50.0,inf,inf,10,100.0,256,20,3,0.5,0.1,0.99,10.0,256,20,0,128,128,4.219193260997109,4.96640625,0.90625,0.0,18.53659379603824,42.32916121376031,1.0,520.0
mppi_approach,direct,2000.0,200.0,1200.0,0.1,0.1,5.0,5.0,10.0,10.0,50.0,inf,inf,10,100.0,256,20,3,0.5,0.1,0.99,10.0,256,20,0,128,128,4.219649309712224,4.96640625,0.9609375,0.0,8.02206297423582,98.45568456347344,1.0,520.0
mppi_approach,direct,2000.0,200.0,1800.0,0.1,0.1,5.0,5.0,10.0,10.0,50.0,inf,inf,10,100.0,256,20,3,0.5,0.1,0.99,10.0,256,20,0,128,128,4.219649309712224,4.96640625,0.9609375,0.0,8.02206297423582,176.70255788622885,1.0,520.0
mppi_approach,direct,2000.0,200.0,3600.0,0.1,0.1,5.0,5.0,10.0,10.0,50.0,inf,inf,10,100.0,256,20,3,0.5,0.1,0.99,10.0,256,20,0,128,128,4.219649309712224,4.96640625,0.9609375,0.0,8.02206297423582,1165.7097708819267,1.0,520.0
mppi_approach,direct,4000.0,200.0,600.0,0.1,0.1,5.0,5.0,10.0,10.0,50.0,inf,inf,10,100.0,256,20,3,0.5,0.1,0.99,10.0,256,20,0,128,128,4.9864458215135565,5.0,0.0,0.0,1619.0488593130185,1619.0488593130185,1.0,
mppi_approach,direct,4000.0,200.0,1200.0,0.1,0.1,5.0,5.0,10.0,10.0,50.0,inf,inf,10,100.0,256,20,3,0.5,0.1,0.99,10.0,256,20,0,128,128,4.998399321509895,5.0,0.2109375,0.0,941.4218370526612,2663.312410349281,1.0,690.0
mppi_approach,direct,4000.0,200.0,1800.0,0.1,0.1,5.0,5.0,10.0,10.0,50.0,inf,inf,10,100.0,256,20,3,0.5,0.1,0.99,10.0,256,20,0,128,128,4.998399321509895,5.0,0.2109375,0.0,941.4218370526612,6977.794096303909,1.0,690.0
mppi_approach,direct,4000.0,200.0,3600.0,0.1,0.1,5.0,5.0,10.0,10.0,50.0,inf,inf,10,100.0,256,20,3,0.5,0.1,0.99,10.0,256,20,0,128,128,4.998399321509895,5.0,0.2109375,0.0,941.4218370526612,41278.613876643416,1.0,690.0
mppi_approach,evade,500.0,200.0,600.0,0.1,0.1,5.0,5.0,10.0,10.0,50.0,inf,inf,10,100.0,256,20,3,0.5,0.1,0.99,10.0,256,20,0,128,128,2.375263278979767,3.133593750000001,0.875,0.0,7.759779577064371,64.14134302217258,1.0,290.0
mppi_approach,evade,500.0,200.0,1200.0,0.1,0.1,5.0,5.0,10.0,10.0,50.0,inf,inf,10,100.0,256,20,3,0.5,0.1,0.99,10.0,256,20,0,128,128,2.375263278979767,3.133593750000001,0.875,0.0,7.759779577064371,72.4995875722582,1.0,290.0
mppi_approach,evade,500.0,200.0,1800.0,0.1,0.1,5.0,5.0,10.0,10.0,50.0,inf,inf,10,100.0,256,20,3,0.5,0.1,0.99,10.0,256,20,0,128,128,2.375263278979767,3.133593750000001,0.875,0.0,7.759779577064371,123.11187663807206,1.0,290.0
mppi_approach,evade,500.0,200.0,3600.0,0.1,0.1,5.0,5.0,10.0,10.0,50.0,inf,inf,10,100.0,256,20,3,0.5,0.1,0.99,10.0,256,20,0,128,128,2.375263278979767,3.133593750000001,0.875,0.0,7.759779577064371,522.447192942832,1.0,290.0
mppi_approach,evade,1000.0,200.0,600.0,0.1,0.1,5.0,5.0,10.0,10.0,50.0,inf,inf,10,100.0,256,20,3,0.5,0.1,0.99,10.0,256,20,0,128,128,2.736732590909971,3.7929687500000018,1.0,0.0,5.308298507428092,20.03540869428959,1.0,380.0
mppi_approach,evade,1000.0,200.0,1200.0,0.1,0.1,5.0,5.0,10.0,10.0,50.0,inf,inf,10,100.0,256,20,3,0.5,0.1,0.99,10.0,256,20,0,128,128,2.736732590909971,3.7929687500000018,1.0,0.0,5.308298507428092,20.03540869428959,1.0,380.0
mppi_approach,evade,1000.0,200.0,1800.0,0.1,0.1,5.0,5.0,10.0,10.0,50.0,inf,inf,10,100.0,256,20,3,0.5,0.1,0.99,10.0,256,20,0,128,128,2.736732590909971,3.7929687500000018,1.0,0.0,5.308298507428092,20.03540869428959,1.0,380.0
mppi_approach,evade,1000.0,200.0,3600.0,0.1,0.1,5.0,5.0,10.0,10.0,50.0,inf,inf,10,100.0,256,20,3,0.5,0.1,0.99,10.0,256,20,0,128,128,2.736732590909971,3.7929687500000018,1.0,0.0,5.308298507428092,20.03540869428959,1.0,380.0
mppi_approach,evade,2000.0,200.0,600.0,0.1,0.1,5.0,5.0,10.0,10.0,50.0,inf,inf,10,100.0,256,20,3,0.5,0.1,0.99,10.0,256,20,0,128,128,4.220859099643402,4.96796875,0.90625,0.0,18.838755311253674,41.582781629250896,1.0,520.0
mppi_approach,evade,2000.0,200.0,1200.0,0.1,0.1,5.0,5.0,10.0,10.0,50.0,inf,inf,10,100.0,256,20,3,0.5,0.1,0.99,10.0,256,20,0,128,128,4.221315148358516,4.96796875,0.9609375,0.0,8.32422448945129,97.70930497896413,1.0,520.0
mppi_approach,evade,2000.0,200.0,1800.0,0.1,0.1,5.0,5.0,10.0,10.0,50.0,inf,inf,10,100.0,256,20,3,0.5,0.1,0.99,10.0,256,20,0,128,128,4.221315148358516,4.96796875,0.9609375,0.0,8.32422448945129,175.95617830171963,1.0,520.0
mppi_approach,evade,2000.0,200.0,3600.0,0.1,0.1,5.0,5.0,10.0,10.0,50.0,inf,inf,10,100.0,256,20,3,0.5,0.1,0.99,10.0,256,20,0,128,128,4.221315148358516,4.96796875,0.9609375,0.0,8.32422448945129,1164.9633912974186,1.0,520.0
mppi_approach,evade,4000.0,200.0,600.0,0.1,0.1,5.0,5.0,10.0,10.0,50.0,inf,inf,10,100.0,256,20,3,0.5,0.1,0.99,10.0,256,20,0,128,128,4.9864458215135565,5.0,0.0,0.0,1619.048859313018,1619.048859313018,1.0,
mppi_approach,evade,4000.0,200.0,1200.0,0.1,0.1,5.0,5.0,10.0,10.0,50.0,inf,inf,10,100.0,256,20,3,0.5,0.1,0.99,10.0,256,20,0,128,128,4.998399321509895,5.0,0.2109375,0.0,941.4218370526607,2663.312410349281,1.0,690.0
mppi_approach,evade,4000.0,200.0,1800.0,0.1,0.1,5.0,5.0,10.0,10.0,50.0,inf,inf,10,100.0,256,20,3,0.5,0.1,0.99,10.0,256,20,0,128,128,4.998399321509895,5.0,0.2109375,0.0,941.4218370526607,6977.794096303908,1.0,690.0
mppi_approach,evade,4000.0,200.0,3600.0,0.1,0.1,5.0,5.0,10.0,10.0,50.0,inf,inf,10,100.0,256,20,3,0.5,0.1,0.99,10.0,256,20,0,128,128,4.998399321509895,5.0,0.2109375,0.0,941.4218370526607,41278.61387664341,1.0,690.0
mppi_approach,hcw,500.0,200.0,600.0,0.1,0.1,5.0,5.0,10.0,10.0,50.0,inf,inf,10,100.0,256,20,3,0.5,0.1,0.99,10.0,256,20,0,128,98,2.1312938096402623,2.8126539375516435,0.765625,0.234375,8.026024308739334,31.96901306950848,0.765625,285.0
mppi_approach,hcw,500.0,200.0,1200.0,0.1,0.1,5.0,5.0,10.0,10.0,50.0,inf,inf,10,100.0,256,20,3,0.5,0.1,0.99,10.0,256,20,0,128,98,2.1312938096402623,2.8126539375516435,0.765625,0.234375,8.026024308739334,31.96901306950848,0.765625,285.0
mppi_approach,hcw,500.0,200.0,1800.0,0.1,0.1,5.0,5.0,10.0,10.0,50.0,inf,inf,10,100.0,256,20,3,0.5,0.1,0.99,10.0,256,20,0,128,98,2.1312938096402623,2.8126539375516435,0.765625,0.234375,8.026024308739334,31.96901306950848,0.765625,285.0
mppi_approach,hcw,500.0,200.0,3600.0,0.1,0.1,5.0,5.0,10.0,10.0,50.0,inf,inf,10,100.0,256,20,3,0.5,0.1,0.99,10.0,256,20,0,128,98,2.1312938096402623,2.8126539375516435,0.765625,0.234375,8.026024308739334,31.96901306950848,0.765625,285.0
mppi_approach,hcw,1000.0,200.0,600.0,0.1,0.1,5.0,5.0,10.0,10.0,50.0,inf,inf,10,100.0,256,20,3,0.5,0.1,0.99,10.0,256,20,0,128,124,3.0411391939543915,3.9828125000000014,0.8125,0.03125,7.822612511138629,122.92284577186028,0.96875,380.0
mppi_approach,hcw,1000.0,200.0,1200.0,0.1,0.1,5.0,5.0,10.0,10.0,50.0,inf,inf,10,100.0,256,20,3,0.5,0.1,0.99,10.0,256,20,0,128,124,3.069803263230773,3.9828125000000014,0.8125,0.03125,7.822612511138629,270.8441503843141,0.96875,380.0
mppi_approach,hcw,1000.0,200.0,1800.0,0.1,0.1,5.0,5.0,10.0,10.0,50.0,inf,inf,10,100.0,256,20,3,0.5,0.1,0.99,10.0,256,20,0,128,124,3.069803263230773,3.9828125000000014,0.8125,0.03125,7.822612511138629,455.6412657596952,0.96875,380.0
mppi_approach,hcw,1000.0,200.0,3600.0,0.1,0.1,5.0,5.0,10.0,10.0,50.0,inf,inf,10,100.0,256,20,3,0.5,0.1,0.99,10.0,256,20,0,128,124,3.069803263230773,3.9828125000000014,0.8125,0.03125,7.822612511138629,2089.109962099919,0.96875,380.0
mppi_approach,hcw,2000.0,200.0,600.0,0.1,0.1,5.0,5.0,10.0,10.0,50.0,inf,inf,10,100.0,256,20,3,0.5,0.1,0.99,10.0,256,20,0,128,128,4.106241988714206,4.971875,0.9375,0.0,9.406913668731338,30.416432567896745,1.0,520.0
mppi_approach,hcw,2000.0,200.0,1200.0,0.1,0.1,5.0,5.0,10.0,10.0,50.0,inf,inf,10,100.0,256,20,3,0.5,0.1,0.99,10.0,256,20,0,128,128,4.111780107687842,4.971875,1.0,0.0,4.664473568592305,26.997166295074276,1.0,530.0
mppi_approach,hcw,2000.0,200.0,1800.0,0.1,0.1,5.0,5.0,10.0,10.0,50.0,inf,inf,10,100.0,256,20,3,0.5,0.1,0.99,10.0,256,20,0,128,128,4.111780107687842,4.971875,1.0,0.0,4.664473568592305,26.997166295074276,1.0,530.0
mppi_approach,hcw,2000.0,200.0,3600.0,0.1,0.1,5.0,5.0,10.0,10.0,50.0,inf,inf,10,100.0,256,20,3,0.5,0.1,0.99,10.0,256,20,0,128,128,4.111780107687842,4.971875,1.0,0.0,4.664473568592305,26.997166295074276,1.0,530.0
mppi_approach,hcw,4000.0,200.0,600.0,0.1,0.1,5.0,5.0,10.0,10.0,50.0,inf,inf,10,100.0,256,20,3,0.5,0.1,0.99,10.0,256,20,0,128,128,4.979602134526759,5.0,0.0,0.0,1545.5990694676073,1545.5990694676073,1.0,
mppi_approach,hcw,4000.0,200.0,1200.0,0.1,0.1,5.0,5.0,10.0,10.0,50.0,inf,inf,10,100.0,256,20,3,0.5,0.1,0.99,10.0,256,20,0,128,128,4.999736623454762,5.0,0.3359375,0.0,772.3193457120609,2044.0566699255944,1.0,700.0
mppi_approach,hcw,4000.0,200.0,1800.0,0.1,0.1,5.0,5.0,10.0,10.0,50.0,inf,inf,10,100.0,256,20,3,0.5,0.1,0.99,10.0,256,20,0,128,128,4.999736623454762,5.0,0.3359375,0.0,772.3193457120609,5381.131954917562,1.0,700.0
mppi_approach,hcw,4000.0,200.0,3600.0,0.1,0.1,5.0,5.0,10.0,10.0,50.0,inf,inf,10,100.0,256,20,3,0.5,0.1,0.99,10.0,256,20,0,128,128,4.999736623454762,5.0,0.3359375,0.0,772.3193457120609,33664.01527284926,1.0,700.0
mppi_approach,lqr,500.0,200.0,600.0,0.1,0.1,5.0,5.0,10.0,10.0,50.0,inf,inf,10,100.0,256,20,3,0.5,0.1,0.99,10.0,256,20,0,128,118,2.1752135385552926,2.3529481687579765,0.921875,0.078125,7.114647973961174,21.976736906497877,0.921875,300.0
mppi_approach,lqr,500.0,200.0,1200.0,0.1,0.1,5.0,5.0,10.0,10.0,50.0,inf,inf,10,100.0,256,20,3,0.5,0.1,0.99,10.0,256,20,0,128,118,2.1752135385552926,2.3529481687579765,0.921875,0.078125,7.114647973961174,21.976736906497877,0.921875,300.0
mppi_approach,lqr,500.0,200.0,1800.0,0.1,0.1,5.0,5.0,10.0,10.0,50.0,inf,inf,10,100.0,256,20,3,0.5,0.1,0.99,10.0,256,20,0,128,118,2.1752135385552926,2.3529481687579765,0.921875,0.078125,7.114647973961174,21.976736906497877,0.921875,300.0
mppi_approach,lqr,500.0,200.0,3600.0,0.1,0.1,5.0,5.0,10.0,10.0,50.0,inf,inf,10,100.0,256,20,3,0.5,0.1,0.99,10.0,256,20,0,128,118,2.1752135385552926,2.3529481687579765,0.921875,0.078125,7.114647973961174,21.976736906497877,0.921875,300.0
mppi_approach,lqr,1000.0,200.0,600.0,0.1,0.1,5.0,5.0,10.0,10.0,50.0,inf,inf,10,100.0,256,20,3,0.5,0.1,0.99,10.0,256,20,0,128,100,3.532347855248524,4.177695367362031,0.640625,0.21875,10.503333802366791,166.19885307423203,0.78125,400.0
mppi_approach,lqr,1000.0,200.0,1200.0,0.1,0.1,5.0,5.0,10.0,10.0,50.0,inf,inf,10,100.0,256,20,3,0.5,0.1,0.99,10.0,256,20,0,128,100,3.536807782933827,4.177695367362031,0.640625,0.21875,10.503333802366791,263.4136755074396,0.78125,400.0
mppi_approach,lqr,1000.0,200.0,1800.0,0.1,0.1,5.0,5.0,10.0,10.0,50.0,inf,inf,10,100.0,256,20,3,0.5,0.1,0.99,10.0,256,20,0,128,100,3.536807782933827,4.177695367362031,0.640625,0.21875,10.503333802366791,343.33621318290795,0.78125,400.0
mppi_approach,lqr,1000.0,200.0,3600.0,0.1,0.1,5.0,5.0,10.0,10.0,50.0,inf,inf,10,100.0,256,20,3,0.5,0.1,0.99,10.0,256,20,0,128,100,3.536807782933827,4.177695367362031,0.640625,0.21875,10.503333802366791,950.5256994735096,0.78125,400.0
mppi_approach,lqr,2000.0,200.0,600.0,0.1,0.1,5.0,5.0,10.0,10.0,50.0,inf,inf,10,100.0,256,20,3,0.5,0.1,0.99,10.0,256,20,0,128,128,4.416764273094824,4.988706458989768,0.71875,0.0,12.59091820811825,144.8222617334513,1.0,530.0
mppi_approach,lqr,2000.0,200.0,1200.0,0.1,0.1,5.0,5.0,10.0,10.0,50.0,inf,inf,10,100.0,256,20,3,0.5,0.1,0.99,10.0,256,20,0,128,128,4.440279473632088,4.988706458989768,0.8046875,0.0,7.241213395818744,769.2528333991113,1.0,540.0
mppi_approach,lqr,2000.0,200.0,1800.0,0.1,0.1,5.0,5.0,10.0,10.0,50.0,inf,inf,10,100.0,256,20,3,0.5,0.1,0.99,10.0,256,20,0,128,128,4.440279473632088,4.988706458989768,0.8046875,0.0,7.241213395818744,1589.9719801357796,1.0,540.0
mppi_approach,lqr,2000.0,200.0,3600.0,0.1,0.1,5.0,5.0,10.0,10.0,50.0,inf,inf,10,100.0,256,20,3,0.5,0.1,0.99,10.0,256,20,0,128,128,4.440279473632088,4.988706458989768,0.8046875,0.0,7.241213395818744,7619.584296661298,1.0,540.0
mppi_approach,lqr,4000.0,200.0,600.0,0.1,0.1,5.0,5.0,10.0,10.0,50.0,inf,inf,10,100.0,256,20,3,0.5,0.1,0.99,10.0,256,20,0,128,128,4.9838258738513685,5.0,0.0,0.0,1537.8971570992098,1537.8971570992098,1.0,
mppi_approach,lqr,4000.0,200.0,1200.0,0.1,0.1,5.0,5.0,10.0,10.0,50.0,inf,inf,10,100.0,256,20,3,0.5,0.1,0.99,10.0,256,20,0,128,128,5.0,5.0,0.34375,0.0,723.5041490258357,1926.3177838130432,1.0,700.0
mppi_approach,lqr,4000.0,200.0,1800.0,0.1,0.1,5.0,5.0,10.0,10.0,50.0,inf,inf,10,100.0,256,20,3,0.5,0.1,0.99,10.0,256,20,0,128,128,5.0,5.0,0.34375,0.0,723.5041490258357,5120.599721789198,1.0,700.0
mppi_approach,lqr,4000.0,200.0,3600.0,0.1,0.1,5.0,5.0,10.0,10.0,50.0,inf,inf,10,100.0,256,20,3,0.5,0.1,0.99,10.0,256,20,0,128,128,5.0,5.0,0.34375,0.0,723.5041490258357,32696.604197386696,1.0,700.0
mppi_approach,mppi_direct,500.0,200.0,600.0,0.1,0.1,5.0,5.0,10.0,10.0,50.0,inf,inf,10,100.0,256,20,3,0.5,0.1,0.99,10.0,256,20,0,128,15,2.825551298770279,2.7711988360497246,0.1171875,0.8828125,10.076583571702482,208.2963450198309,0.1171875,370.0
mppi_approach,mppi_direct,500.0,200.0,1200.0,0.1,0.1,5.0,5.0,10.0,10.0,50.0,inf,inf,10,100.0,256,20,3,0.5,0.1,0.99,10.0,256,20,0,128,15,2.825551298770279,2.7711988360497246,0.1171875,0.8828125,10.076583571702482,208.2963450198309,0.1171875,370.0
mppi_approach,mppi_direct,500.0,200.0,1800.0,0.1,0.1,5.0,5.0,10.0,10.0,50.0,inf,inf,10,100.0,256,20,3,0.5,0.1,0.99,10.0,256,20,0,128,15,2.825551298770279,2.7711988360497246,0.1171875,0.8828125,10.076583571702482,208.2963450198309,0.1171875,370.0
mppi_approach,mppi_direct,500.0,200.0,3600.0,0.1,0.1,5.0,5.0,10.0,10.0,50.0,inf,inf,10,100.0,256,20,3,0.5,0.1,0.99,10.0,256,20,0,128,15,2.825551298770279,2.7711988360497246,0.1171875,0.8828125,10.076583571702482,208.2963450198309,0.1171875,370.0
mppi_approach,mppi_direct,1000.0,200.0,600.0,0.1,0.1,5.0,5.0,10.0,10.0,50.0,inf,inf,10,100.0,256,20,3,0.5,0.1,0.99,10.0,256,20,0,128,57,3.6598727209942674,3.925706636847764,0.4375,0.5546875,9.615224963450032,279.64136922659844,0.4453125,490.0
mppi_approach,mppi_direct,1000.0,200.0,1200.0,0.1,0.1,5.0,5.0,10.0,10.0,50.0,inf,inf,10,100.0,256,20,3,0.5,0.1,0.99,10.0,256,20,0,128,56,3.6598727209942674,3.925706636847764,0.4375,0.5625,9.615224963450032,279.8980084898247,0.4375,490.0
mppi_approach,mppi_direct,1000.0,200.0,1800.0,0.1,0.1,5.0,5.0,10.0,10.0,50.0,inf,inf,10,100.0,256,20,3,0.5,0.1,0.99,10.0,256,20,0,128,56,3.6598727209942674,3.925706636847764,0.4375,0.5625,9.615224963450032,279.8980084898247,0.4375,490.0
mppi_approach,mppi_direct,1000.0,200.0,3600.0,0.1,0.1,5.0,5.0,10.0,10.0,50.0,inf,inf,10,100.0,256,20,3,0.5,0.1,0.99,10.0,256,20,0,128,56,3.6598727209942674,3.925706636847764,0.4375,0.5625,9.615224963450032,279.8980084898247,0.4375,490.0
mppi_approach,mppi_direct,2000.0,200.0,600.0,0.1,0.1,5.0,5.0,10.0,10.0,50.0,inf,inf,10,100.0,256,20,3,0.5,0.1,0.99,10.0,256,20,0,128,128,4.558167649387137,4.893313369772372,0.4921875,0.0,64.48899810908132,118.84979743637632,1.0,560.0
mppi_approach,mppi_direct,2000.0,200.0,1200.0,0.1,0.1,5.0,5.0,10.0,10.0,50.0,inf,inf,10,100.0,256,20,3,0.5,0.1,0.99,10.0,256,20,0,128,99,4.610463864939993,4.895142957196921,0.75,0.2265625,21.75917765385393,262.17907693933995,0.7734375,600.0
mppi_approach,mppi_direct,2000.0,200.0,1800.0,0.1,0.1,5.0,5.0,10.0,10.0,50.0,inf,inf,10,100.0,256,20,3,0.5,0.1,0.99,10.0,256,20,0,128,99,4.610463864939993,4.895142957196921,0.75,0.2265625,21.75917765385393,315.33435705184445,0.7734375,600.0
mppi_approach,mppi_direct,2000.0,200.0,3600.0,0.1,0.1,5.0,5.0,10.0,10.0,50.0,inf,inf,10,100.0,256,20,3,0.5,0.1,0.99,10.0,256,20,0,128,99,4.610463864939993,4.895142957196921,0.75,0.2265625,21.75917765385393,933.1370829320468,0.7734375,600.0
mppi_approach,mppi_direct,4000.0,200.0,600.0,0.1,0.1,5.0,5.0,10.0,10.0,50.0,inf,inf,10,100.0,256,20,3,0.5,0.1,0.99,10.0,256,20,0,128,128,4.993698530305863,5.0,0.0,0.0,1641.1156577671752,1641.1156577671752,1.0,
mppi_approach,mppi_direct,4000.0,200.0,1200.0,0.1,0.1,5.0,5.0,10.0,10.0,50.0,inf,inf,10,100.0,256,20,3,0.5,0.1,0.99,10.0,256,20,0,128,121,5.0,5.0,0.4453125,0.0546875,527.0758071562278,1275.2704056036823,0.9453125,760.0
mppi_approach,mppi_direct,4000.0,200.0,1800.0,0.1,0.1,5.0,5.0,10.0,10.0,50.0,inf,inf,10,100.0,256,20,3,0.5,0.1,0.99,10.0,256,20,0,128,121,5.0,5.0,0.4453125,0.0546875,527.0758071562278,3275.9633345633383,0.9453125,760.0
mppi_approach,mppi_direct,4000.0,200.0,3600.0,0.1,0.1,5.0,5.0,10.0,10.0,50.0,inf,inf,10,100.0,256,20,3,0.5,0.1,0.99,10.0,256,20,0,128,121,5.0,5.0,0.4453125,0.0546875,527.0758071562278,20265.25585273711,0.9453125,760.0
mppi_approach,mppi_lqr,500.0,200.0,600.0,0.1,0.1,5.0,5.0,10.0,10.0,50.0,inf,inf,10,100.0,256,20,3,0.5,0.1,0.99,10.0,256,20,0,128,63,2.416048235889773,2.533457555316992,0.4921875,0.5078125,9.619725132543962,119.82461069053792,0.4921875,350.0
mppi_approach,mppi_lqr,500.0,200.0,1200.0,0.1,0.1,5.0,5.0,10.0,10.0,50.0,inf,inf,10,100.0,256,20,3,0.5,0.1,0.99,10.0,256,20,0,128,63,2.416048235889773,2.533457555316992,0.4921875,0.5078125,9.619725132543962,119.82461069053792,0.4921875,350.0
mppi_approach,mppi_lqr,500.0,200.0,1800.0,0.1,0.1,5.0,5.0,10.0,10.0,50.0,inf,inf,10,100.0,256,20,3,0.5,0.1,0.99,10.0,256,20,0,128,63,2.416048235889773,2.533457555316992,0.4921875,0.5078125,9.619725132543962,119.82461069053792,0.4921875,350.0
mppi_approach,mppi_lqr,500.0,200.0,3600.0,0.1,0.1,5.0,5.0,10.0,10.0,50.0,inf,inf,10,100.0,256,20,3,0.5,0.1,0.99,10.0,256,20,0,128,63,2.416048235889773,2.533457555316992,0.4921875,0.5078125,9.619725132543962,119.82461069053792,0.4921875,350.0
mppi_approach,mppi_lqr,1000.0,200.0,600.0,0.1,0.1,5.0,5.0,10.0,10.0,50.0,inf,inf,10,100.0,256,20,3,0.5,0.1,0.99,10.0,256,20,0,128,106,3.1861900686797475,3.6300189064622495,0.828125,0.171875,9.546404489143182,94.17426543676224,0.828125,420.0
mppi_approach,mppi_lqr,1000.0,200.0,1200.0,0.1,0.1,5.0,5.0,10.0,10.0,50.0,inf,inf,10,100.0,256,20,3,0.5,0.1,0.99,10.0,256,20,0,128,106,3.1861900686797475,3.6300189064622495,0.828125,0.171875,9.546404489143182,94.17426543676224,0.828125,420.0
mppi_approach,mppi_lqr,1000.0,200.0,1800.0,0.1,0.1,5.0,5.0,10.0,10.0,50.0,inf,inf,10,100.0,256,20,3,0.5,0.1,0.99,10.0,256,20,0,128,106,3.1861900686797475,3.6300189064622495,0.828125,0.171875,9.546404489143182,94.17426543676224,0.828125,420.0
mppi_approach,mppi_lqr,1000.0,200.0,3600.0,0.1,0.1,5.0,5.0,10.0,10.0,50.0,inf,inf,10,100.0,256,20,3,0.5,0.1,0.99,10.0,256,20,0,128,106,3.1861900686797475,3.6300189064622495,0.828125,0.171875,9.546404489143182,94.17426543676224,0.828125,420.0
mppi_approach,mppi_lqr,2000.0,200.0,600.0,0.1,0.1,5.0,5.0,10.0,10.0,50.0,inf,inf,10,100.0,256,20,3,0.5,0.1,0.99,10.0,256,20,0,128,128,4.563218514180363,4.888092710168732,0.5078125,0.0,62.48510532100114,110.37924872952146,1.0,560.0
mppi_approach,mppi_lqr,2000.0,200.0,1200.0,0.1,0.1,5.0,5.0,10.0,10.0,50.0,inf,inf,10,100.0,256,20,3,0.5,0.1,0.99,10.0,256,20,0,128,100,4.608432603822325,4.890273472635989,0.7265625,0.21875,21.8230150119385,338.4550567519628,0.78125,590.0
mppi_approach,mppi_lqr,2000.0,200.0,1800.0,0.1,0.1,5.0,5.0,10.0,10.0,50.0,inf,inf,10,100.0,256,20,3,0.5,0.1,0.99,10.0,256,20,0,128,100,4.608432603822325,4.890273472635989,0.7265625,0.21875,21.8230150119385,467.0272176201504,0.78125,590.0
mppi_approach,mppi_lqr,2000.0,200.0,3600.0,0.1,0.1,5.0,5.0,10.0,10.0,50.0,inf,inf,10,100.0,256,20,3,0.5,0.1,0.99,10.0,256,20,0,128,100,4.608432603822325,4.890273472635989,0.7265625,0.21875,21.8230150119385,1529.1192674955248,0.78125,590.0
mppi_approach,mppi_lqr,4000.0,200.0,600.0,0.1,0.1,5.0,5.0,10.0,10.0,50.0,inf,inf,10,100.0,256,20,3,0.5,0.1,0.99,10.0,256,20,0,128,128,4.998262449143276,5.0,0.0,0.0,1640.0134208488969,1640.0134208488969,1.0,
mppi_approach,mppi_lqr,4000.0,200.0,1200.0,0.1,0.1,5.0,5.0,10.0,10.0,50.0,inf,inf,10,100.0,256,20,3,0.5,0.1,0.99,10.0,256,20,0,128,122,5.0,5.0,0.453125,0.046875,526.5396051488822,1256.5285468692969,0.953125,760.0
mppi_approach,mppi_lqr,4000.0,200.0,1800.0,0.1,0.1,5.0,5.0,10.0,10.0,50.0,inf,inf,10,100.0,256,20,3,0.5,0.1,0.99,10.0,256,20,0,128,122,5.0,5.0,0.453125,0.046875,526.5396051488822,3206.544257527324,0.953125,760.0
mppi_approach,mppi_lqr,4000.0,200.0,3600.0,0.1,0.1,5.0,5.0,10.0,10.0,50.0,inf,inf,10,100.0,256,20,3,0.5,0.1,0.99,10.0,256,20,0,128,122,5.0,5.0,0.453125,0.046875,526.5396051488822,19419.27382278132,0.953125,760.0
mppi_coast,coast,500.0,200.0,600.0,0.1,0.1,5.0,5.0,10.0,10.0,50.0,inf,inf,10,100.0,256,20,3,0.5,0.1,0.99,10.0,256,20,0,128,128,3.099508501918955,0.0,1.0,0.0,3.24935637113205,6.806575034818028,1.0,390.0
mppi_coast,coast,500.0,200.0,1200.0,0.1,0.1,5.0,5.0,10.0,10.0,50.0,inf,inf,10,100.0,256,20,3,0.5,0.1,0.99,10.0,256,20,0,128,128,3.099508501918955,0.0,1.0,0.0,3.24935637113205,6.806575034818028,1.0,390.0
mppi_coast,coast,500.0,200.0,1800.0,0.1,0.1,5.0,5.0,10.0,10.0,50.0,inf,inf,10,100.0,256,20,3,0.5,0.1,0.99,10.0,256,20,0,128,128,3.099508501918955,0.0,1.0,0.0,3.24935637113205,6.806575034818028,1.0,390.0
mppi_coast,coast,500.0,200.0,3600.0,0.1,0.1,5.0,5.0,10.0,10.0,50.0,inf,inf,10,100.0,256,20,3,0.5,0.1,0.99,10.0,256,20,0,128,128,3.099508501918955,0.0,1.0,0.0,3.24935637113205,6.806575034818028,1.0,390.0
mppi_coast,coast,1000.0,200.0,600.0,0.1,0.1,5.0,5.0,10.0,10.0,50.0,inf,inf,10,100.0,256,20,3,0.5,0.1,0.99,10.0,256,20,0,128,128,4.444660212961634,0.0,0.875,0.0,16.55477579482488,24.41303043302492,1.0,530.0
mppi_coast,coast,1000.0,200.0,1200.0,0.1,0.1,5.0,5.0,10.0,10.0,50.0,inf,inf,10,100.0,256,20,3,0.5,0.1,0.99,10.0,256,20,0,128,128,4.4446637726116425,0.0,1.0,0.0,2.6225868350392454,11.108491498482412,1.0,540.0
mppi_coast,coast,1000.0,200.0,1800.0,0.1,0.1,5.0,5.0,10.0,10.0,50.0,inf,inf,10,100.0,256,20,3,0.5,0.1,0.99,10.0,256,20,0,128,128,4.4446637726116425,0.0,1.0,0.0,2.6225868350392454,11.108491498482412,1.0,540.0
mppi_coast,coast,1000.0,200.0,3600.0,0.1,0.1,5.0,5.0,10.0,10.0,50.0,inf,inf,10,100.0,256,20,3,0.5,0.1,0.99,10.0,256,20,0,128,128,4.4446637726116425,0.0,1.0,0.0,2.6225868350392454,11.108491498482412,1.0,540.0
mppi_coast,coast,2000.0,200.0,600.0,0.1,0.1,5.0,5.0,10.0,10.0,50.0,inf,inf,10,100.0,256,20,3,0.5,0.1,0.99,10.0,256,20,0,128,128,5.0,0.0,0.0,0.0,811.9794689338843,811.9794689338843,1.0,
mppi_coast,coast,2000.0,200.0,1200.0,0.1,0.1,5.0,5.0,10.0,10.0,50.0,inf,inf,10,100.0,256,20,3,0.5,0.1,0.99,10.0,256,20,0,128,128,5.0,0.0,0.5703125,0.0,254.50386096268932,463.26844165910575,1.0,750.0
mppi_coast,coast,2000.0,200.0,1800.0,0.1,0.1,5.0,5.0,10.0,10.0,50.0,inf,inf,10,100.0,256,20,3,0.5,0.1,0.99,10.0,256,20,0,128,128,5.0,0.0,0.5703125,0.0,254.50386096268932,1269.200439991829,1.0,750.0
mppi_coast,coast,2000.0,200.0,3600.0,0.1,0.1,5.0,5.0,10.0,10.0,50.0,inf,inf,10,100.0,256,20,3,0.5,0.1,0.99,10.0,256,20,0,128,128,5.0,0.0,0.5703125,0.0,254.50386096268932,8735.030929234228,1.0,750.0
mppi_coast,coast,4000.0,200.0,600.0,0.1,0.1,5.0,5.0,10.0,10.0,50.0,inf,inf,10,100.0,256,20,3,0.5,0.1,0.99,10.0,256,20,0,128,128,5.0,0.0,0.0,0.0,3000.979789015014,3067.9539712161454,1.0,
mppi_coast,coast,4000.0,200.0,1200.0,0.1,0.1,5.0,5.0,10.0,10.0,50.0,inf,inf,10,100.0,256,20,3,0.5,0.1,0.99,10.0,256,20,0,128,128,5.0,0.0,0.03125,0.0,2314.784148845666,3914.553584476285,1.0,870.0
mppi_coast,coast,4000.0,200.0,1800.0,0.1,0.1,5.0,5.0,10.0,10.0,50.0,inf,inf,10,100.0,256,20,3,0.5,0.1,0.99,10.0,256,20,0,128,128,5.0,0.0,0.03125,0.0,2310.0026783239678,9235.636192019403,1.0,870.0
mppi_coast,coast,4000.0,200.0,3600.0,0.1,0.1,5.0,5.0,10.0,10.0,50.0,inf,inf,10,100.0,256,20,3,0.5,0.1,0.99,10.0,256,20,0,128,128,5.0,0.0,0.03125,0.0,2302.926375707897,44457.43088188586,1.0,870.0
mppi_coast,direct,500.0,200.0,600.0,0.1,0.1,5.0,5.0,10.0,10.0,50.0,inf,inf,10,100.0,256,20,3,0.5,0.1,0.99,10.0,256,20,0,128,117,3.9761380971696574,4.159375000000001,0.2734375,0.0859375,22.663489998662197,282.34101630689406,0.9140625,290.0
mppi_coast,direct,500.0,200.0,1200.0,0.1,0.1,5.0,5.0,10.0,10.0,50.0,inf,inf,10,100.0,256,20,3,0.5,0.1,0.99,10.0,256,20,0,128,117,3.9761380971696574,4.159375000000001,0.3671875,0.0859375,19.421054905757607,325.3998269747862,0.9140625,290.0
mppi_coast,direct,500.0,200.0,1800.0,0.1,0.1,5.0,5.0,10.0,10.0,50.0,inf,inf,10,100.0,256,20,3,0.5,0.1,0.99,10.0,256,20,0,128,117,3.9761380971696574,4.159375000000001,0.3671875,0.0859375,19.421054905757607,641.2375191252281,0.9140625,290.0
mppi_coast,direct,500.0,200.0,3600.0,0.1,0.1,5.0,5.0,10.0,10.0,50.0,inf,inf,10,100.0,256,20,3,0.5,0.1,0.99,10.0,256,20,0,128,117,3.9761380971696574,4.159375000000001,0.3671875,0.0859375,19.421054905757607,3087.5688995308565,0.9140625,290.0
mppi_coast,direct,1000.0,200.0,600.0,0.1,0.1,5.0,5.0,10.0,10.0,50.0,inf,inf,10,100.0,256,20,3,0.5,0.1,0.99,10.0,256,20,0,128,128,3.3080683490576948,3.8539062500000014,0.8125,0.0,12.621633885182314,176.2629221311424,1.0,360.0
mppi_coast,direct,1000.0,200.0,1200.0,0.1,0.1,5.0,5.0,10.0,10.0,50.0,inf,inf,10,100.0,256,20,3,0.5,0.1,0.99,10.0,256,20,0,128,128,3.3080683490576948,3.8539062500000014,0.8125,0.0,12.621633885182314,540.0080556388812,1.0,360.0
mppi_coast,direct,1000.0,200.0,1800.0,0.1,0.1,5.0,5.0,10.0,10.0,50.0,inf,inf,10,100.0,256,20,3,0.5,0.1,0.99,10.0,256,20,0,128,128,3.3080683490576948,3.8539062500000014,0.8125,0.0,12.621633885182314,943.8948251968848,1.0,360.0
mppi_coast,direct,1000.0,200.0,3600.0,0.1,0.1,5.0,5.0,10.0,10.0,50.0,inf,inf,10,100.0,256,20,3,0.5,0.1,0.99,10.0,256,20,0,128,128,3.3080683490576948,3.8539062500000014,0.8125,0.0,12.621633885182314,3361.4133469830726,1.0,360.0
mppi_coast,direct,2000.0,200.0,600.0,0.1,0.1,5.0,5.0,10.0,10.0,50.0,inf,inf,10,100.0,256,20,3,0.5,0.1,0.99,10.0,256,20,0,128,128,4.473684301151274,4.946093749999999,0.6875,0.0,48.05430512646911,111.2872420207506,1.0,510.0
mppi_coast,direct,2000.0,200.0,1200.0,0.1,0.1,5.0,5.0,10.0,10.0,50.0,inf,inf,10,100.0,256,20,3,0.5,0.1,0.99,10.0,256,20,0,128,128,4.474881496486486,4.946093749999999,0.6875,0.0,42.004034181259705,899.1018944516409,1.0,510.0
mppi_coast,direct,2000.0,200.0,1800.0,0.1,0.1,5.0,5.0,10.0,10.0,50.0,inf,inf,10,100.0,256,20,3,0.5,0.1,0.99,10.0,256,20,0,128,128,4.474881496486486,4.946093749999999,0.6875,0.0,42.004034181259705,1835.2262038080069,1.0,510.0
mppi_coast,direct,2000.0,200.0,3600.0,0.1,0.1,5.0,5.0,10.0,10.0,50.0,inf,inf,10,100.0,256,20,3,0.5,0.1,0.99,10.0,256,20,0,128,128,4.474881496486486,4.946093749999999,0.6875,0.0,42.004034181259705,10987.973212267712,1.0,510.0
mppi_coast,direct,4000.0,200.0,600.0,0.1,0.1,5.0,5.0,10.0,10.0,50.0,inf,inf,10,100.0,256,20,3,0.5,0.1,0.99,10.0,256,20,0,128,128,4.992911356649988,5.0,0.0,0.0,1606.4702928513047,1606.4702928513047,1.0,
mppi_coast,direct,4000.0,200.0,1200.0,0.1,0.1,5.0,5.0,10.0,10.0,50.0,inf,inf,10,100.0,256,20,3,0.5,0.1,0.99,10.0,256,20,0,128,128,4.999099858012404,5.0,0.0859375,0.0,1055.5745403936696,3364.000197192066,1.0,660.0
mppi_coast,direct,4000.0,200.0,1800.0,0.1,0.1,5.0,5.0,10.0,10.0,50.0,inf,inf,10,100.0,256,20,3,0.5,0.1,0.99,10.0,256,20,0,128,128,4.999099858012404,5.0,0.0859375,0.0,1055.5745403936696,8677.679778439327,1.0,660.0
mppi_coast,direct,4000.0,200.0,3600.0,0.1,0.1,5.0,5.0,10.0,10.0,50.0,inf,inf,10,100.0,256,20,3,0.5,0.1,0.99,10.0,256,20,0,128,128,4.999099858012404,5.0,0.0859375,0.0,1055.5745403936696,49194.47178576205,1.0,660.0
mppi_coast,evade,500.0,200.0,600.0,0.1,0.1,5.0,5.0,10.0,10.0,50.0,inf,inf,10,100.0,256,20,3,0.5,0.1,0.99,10.0,256,20,0,128,106,4.5910242541632,4.67890625,0.0078125,0.171875,47.0086347699888,315.78343339580925,0.828125,320.0
mppi_coast,evade,500.0,200.0,1200.0,0.1,0.1,5.0,5.0,10.0,10.0,50.0,inf,inf,10,100.0,256,20,3,0.5,0.1,0.99,10.0,256,20,0,128,106,4.5910242541632,4.67890625,0.015625,0.171875,46.46303527749901,460.1661154674205,0.828125,320.0
mppi_coast,evade,500.0,200.0,1800.0,0.1,0.1,5.0,5.0,10.0,10.0,50.0,inf,inf,10,100.0,256,20,3,0.5,0.1,0.99,10.0,256,20,0,128,106,4.5910242541632,4.67890625,0.015625,0.171875,46.46303527749901,868.3243110013959,0.828125,320.0
mppi_coast,evade,500.0,200.0,3600.0,0.1,0.1,5.0,5.0,10.0,10.0,50.0,inf,inf,10,100.0,256,20,3,0.5,0.1,0.99,10.0,256,20,0,128,106,4.5910242541632,4.67890625,0.015625,0.171875,46.46303527749901,3783.151370656734,0.828125,320.0
mppi_coast,evade,1000.0,200.0,600.0,0.1,0.1,5.0,5.0,10.0,10.0,50.0,inf,inf,10,100.0,256,20,3,0.5,0.1,0.99,10.0,256,20,0,128,125,4.555001826983212,4.715625,0.1953125,0.0234375,17.6500245840881,728.226940998853,0.9765625,370.0
mppi_coast,evade,1000.0,200.0,1200.0,0.1,0.1,5.0,5.0,10.0,10.0,50.0,inf,inf,10,100.0,256,20,3,0.5,0.1,0.99,10.0,256,20,0,128,125,4.55786939621989,4.715625,0.1953125,0.0234375,17.6500245840881,2267.187527199819,0.9765625,370.0
mppi_coast,evade,1000.0,200.0,1800.0,0.1,0.1,5.0,5.0,10.0,10.0,50.0,inf,inf,10,100.0,256,20,3,0.5,0.1,0.99,10.0,256,20,0,128,125,4.55786939621989,4.715625,0.1953125,0.0234375,17.6500245840881,4250.47658824103,0.9765625,370.0
mppi_coast,evade,1000.0,200.0,3600.0,0.1,0.1,5.0,5.0,10.0,10.0,50.0,inf,inf,10,100.0,256,20,3,0.5,0.1,0.99,10.0,256,20,0,128,125,4.55786939621989,4.715625,0.1953125,0.0234375,17.6500245840881,16559.5861867024,0.9765625,370.0
mppi_coast,evade,2000.0,200.0,600.0,0.1,0.1,5.0,5.0,10.0,10.0,50.0,inf,inf,10,100.0,256,20,3,0.5,0.1,0.99,10.0,256,20,0,128,128,4.551147070123463,4.95625,0.59375,0.0,49.15133638083061,170.40847606843647,1.0,510.0
mppi_coast,evade,2000.0,200.0,1200.0,0.1,0.1,5.0,5.0,10.0,10.0,50.0,inf,inf,10,100.0,256,20,3,0.5,0.1,0.99,10.0,256,20,0,128,128,4.552501985685406,4.95625,0.59375,0.0,43.1010654356212,1268.9500460176746,1.0,510.0
mppi_coast,evade,2000.0,200.0,1800.0,0.1,0.1,5.0,5.0,10.0,10.0,50.0,inf,inf,10,100.0,256,20,3,0.5,0.1,0.99,10.0,256,20,0,128,128,4.552501985685406,4.95625,0.59375,0.0,43.1010654356212,2580.782850555749,1.0,510.0
mppi_coast,evade,2000.0,200.0,3600.0,0.1,0.1,5.0,5.0,10.0,10.0,50.0,inf,inf,10,100.0,256,20,3,0.5,0.1,0.99,10.0,256,20,0,128,128,4.552501985685406,4.95625,0.59375,0.0,43.1010654356212,14451.752400087957,1.0,510.0
mppi_coast,evade,4000.0,200.0,600.0,0.1,0.1,5.0,5.0,10.0,10.0,50.0,inf,inf,10,100.0,256,20,3,0.5,0.1,0.99,10.0,256,20,0,128,128,4.992911356649988,5.0,0.0,0.0,1606.4702928513047,1606.4702928513047,1.0,
mppi_coast,evade,4000.0,200.0,1200.0,0.1,0.1,5.0,5.0,10.0,10.0,50.0,inf,inf,10,100.0,256,20,3,0.5,0.1,0.99,10.0,256,20,0,128,128,4.999099858012404,5.0,0.0859375,0.0,1055.5745403936696,3364.000197192066,1.0,660.0
mppi_coast,evade,4000.0,200.0,1800.0,0.1,0.1,5.0,5.0,10.0,10.0,50.0,inf,inf,10,100.0,256,20,3,0.5,0.1,0.99,10.0,256,20,0,128,128,4.999099858012404,5.0,0.0859375,0.0,1055.5745403936696,8677.679778439327,1.0,660.0
mppi_coast,evade,4000.0,200.0,3600.0,0.1,0.1,5.0,5.0,10.0,10.0,50.0,inf,inf,10,100.0,256,20,3,0.5,0.1,0.99,10.0,256,20,0,128,128,4.999099858012404,5.0,0.0859375,0.0,1055.5745403936696,49194.47178576204,1.0,660.0
mppi_coast,hcw,500.0,200.0,600.0,0.1,0.1,5.0,5.0,10.0,10.0,50.0,inf,inf,10,100.0,256,20,3,0.5,0.1,0.99,10.0,256,20,0,128,48,2.701538956853589,3.107966437551644,0.375,0.625,19.169765318625405,82.1494971382712,0.375,330.0
mppi_coast,hcw,500.0,200.0,1200.0,0.1,0.1,5.0,5.0,10.0,10.0,50.0,inf,inf,10,100.0,256,20,3,0.5,0.1,0.99,10.0,256,20,0,128,48,2.701538956853589,3.107966437551644,0.375,0.625,19.169765318625405,82.1494971382712,0.375,330.0
mppi_coast,hcw,500.0,200.0,1800.0,0.1,0.1,5.0,5.0,10.0,10.0,50.0,inf,inf,10,100.0,256,20,3,0.5,0.1,0.99,10.0,256,20,0,128,48,2.701538956853589,3.107966437551644,0.375,0.625,19.169765318625405,82.1494971382712,0.375,330.0
mppi_coast,hcw,500.0,200.0,3600.0,0.1,0.1,5.0,5.0,10.0,10.0,50.0,inf,inf,10,100.0,256,20,3,0.5,0.1,0.99,10.0,256,20,0,128,48,2.701538956853589,3.107966437551644,0.375,0.625,19.169765318625405,82.1494971382712,0.375,330.0
mppi_coast,hcw,1000.0,200.0,600.0,0.1,0.1,5.0,5.0,10.0,10.0,50.0,inf,inf,10,100.0,256,20,3,0.5,0.1,0.99,10.0,256,20,0,128,103,3.995233476655703,4.3812500000000005,0.359375,0.1953125,17.171925868062953,406.19932673091785,0.8046875,360.0
mppi_coast,hcw,1000.0,200.0,1200.0,0.1,0.1,5.0,5.0,10.0,10.0,50.0,inf,inf,10,100.0,256,20,3,0.5,0.1,0.99,10.0,256,20,0,128,103,3.9965688085770736,4.3812500000000005,0.359375,0.1953125,17.171925868062953,965.75681293951,0.8046875,360.0
mppi_coast,hcw,1000.0,200.0,1800.0,0.1,0.1,5.0,5.0,10.0,10.0,50.0,inf,inf,10,100.0,256,20,3,0.5,0.1,0.99,10.0,256,20,0,128,103,3.9965688085770736,4.3812500000000005,0.359375,0.1953125,17.171925868062953,1596.8601337895238,0.8046875,360.0
mppi_coast,hcw,1000.0,200.0,3600.0,0.1,0.1,5.0,5.0,10.0,10.0,50.0,inf,inf,10,100.0,256,20,3,0.5,0.1,0.99,10.0,256,20,0,128,103,3.9965688085770736,4.3812500000000005,0.359375,0.1953125,17.171925868062953,5450.265272747056,0.8046875,360.0
mppi_coast,hcw,2000.0,200.0,600.0,0.1,0.1,5.0,5.0,10.0,10.0,50.0,inf,inf,10,100.0,256,20,3,0.5,0.1,0.99,10.0,256,20,0,128,128,4.590224788434091,4.95625,0.578125,0.0,20.008214140424144,261.2210786888131,1.0,520.0
mppi_coast,hcw,2000.0,200.0,1200.0,0.1,0.1,5.0,5.0,10.0,10.0,50.0,inf,inf,10,100.0,256,20,3,0.5,0.1,0.99,10.0,256,20,0,128,128,4.594049340710038,4.95625,0.5859375,0.0,15.957744192070049,1600.1681348684951,1.0,520.0
mppi_coast,hcw,2000.0,200.0,1800.0,0.1,0.1,5.0,5.0,10.0,10.0,50.0,inf,inf,10,100.0,256,20,3,0.5,0.1,0.99,10.0,256,20,0,128,128,4.594049340710038,4.95625,0.5859375,0.0,15.957744192070049,3158.0476411805503,1.0,520.0
mppi_coast,hcw,2000.0,200.0,3600.0,0.1,0.1,5.0,5.0,10.0,10.0,50.0,inf,inf,10,100.0,256,20,3,0.5,0.1,0.99,10.0,256,20,0,128,128,4.594049340710038,4.95625,0.5859375,0.0,15.957744192070049,16916.645015091995,1.0,520.0
mppi_coast,hcw,4000.0,200.0,600.0,0.1,0.1,5.0,5.0,10.0,10.0,50.0,inf,inf,10,100.0,256,20,3,0.5,0.1,0.99,10.0,256,20,0,128,128,4.992774161054252,5.0,0.0,0.0,1526.3481042325127,1526.3481042325127,1.0,
mppi_coast,hcw,4000.0,200.0,1200.0,0.1,0.1,5.0,5.0,10.0,10.0,50.0,inf,inf,10,100.0,256,20,3,0.5,0.1,0.99,10.0,256,20,0,128,128,4.9999188685093,5.0,0.171875,0.0,882.0523948457643,2802.388996275119,1.0,680.0
mppi_coast,hcw,4000.0,200.0,1800.0,0.1,0.1,5.0,5.0,10.0,10.0,50.0,inf,inf,10,100.0,256,20,3,0.5,0.1,0.99,10.0,256,20,0,128,128,4.9999188685093,5.0,0.171875,0.0,882.0523948457643,7286.644047315734,1.0,680.0
mppi_coast,hcw,4000.0,200.0,3600.0,0.1,0.1,5.0,5.0,10.0,10.0,50.0,inf,inf,10,100.0,256,20,3,0.5,0.1,0.99,10.0,256,20,0,128,128,4.9999188685093,5.0,0.171875,0.0,882.0523948457643,42967.54322303314,1.0,680.0
mppi_coast,lqr,500.0,200.0,600.0,0.1,0.1,5.0,5.0,10.0,10.0,50.0,inf,inf,10,100.0,256,20,3,0.5,0.1,0.99,10.0,256,20,0,128,108,2.559595143640348,2.435701989597142,0.84375,0.15625,8.438686430627282,24.110573064329536,0.84375,300.0
mppi_coast,lqr,500.0,200.0,1200.0,0.1,0.1,5.0,5.0,10.0,10.0,50.0,inf,inf,10,100.0,256,20,3,0.5,0.1,0.99,10.0,256,20,0,128,108,2.559595143640348,2.435701989597142,0.84375,0.15625,8.438686430627282,24.110573064329536,0.84375,300.0
mppi_coast,lqr,500.0,200.0,1800.0,0.1,0.1,5.0,5.0,10.0,10.0,50.0,inf,inf,10,100.0,256,20,3,0.5,0.1,0.99,10.0,256,20,0,128,108,2.559595143640348,2.435701989597142,0.84375,0.15625,8.438686430627282,24.110573064329536,0.84375,300.0
mppi_coast,lqr,500.0,200.0,3600.0,0.1,0.1,5.0,5.0,10.0,10.0,50.0,inf,inf,10,100.0,256,20,3,0.5,0.1,0.99,10.0,256,20,0,128,108,2.559595143640348,2.435701989597142,0.84375,0.15625,8.438686430627282,24.110573064329536,0.84375,300.0
mppi_coast,lqr,1000.0,200.0,600.0,0.1,0.1,5.0,5.0,10.0,10.0,50.0,inf,inf,10,100.0,256,20,3,0.5,0.1,0.99,10.0,256,20,0,128,67,4.279632067647088,4.50146503332966,0.3203125,0.4765625,23.30375100190176,336.9864966291049,0.5234375,540.0
mppi_coast,lqr,1000.0,200.0,1200.0,0.1,0.1,5.0,5.0,10.0,10.0,50.0,inf,inf,10,100.0,256,20,3,0.5,0.1,0.99,10.0,256,20,0,128,66,4.279632067647088,4.50146503332966,0.3203125,0.484375,23.30375100190176,511.22155503542587,0.515625,540.0
mppi_coast,lqr,1000.0,200.0,1800.0,0.1,0.1,5.0,5.0,10.0,10.0,50.0,inf,inf,10,100.0,256,20,3,0.5,0.1,0.99,10.0,256,20,0,128,66,4.279632067647088,4.50146503332966,0.3203125,0.484375,23.30375100190176,663.2146094027863,0.515625,540.0
mppi_coast,lqr,1000.0,200.0,3600.0,0.1,0.1,5.0,5.0,10.0,10.0,50.0,inf,inf,10,100.0,256,20,3,0.5,0.1,0.99,10.0,256,20,0,128,66,4.279632067647088,4.50146503332966,0.3203125,0.484375,23.30375100190176,1444.7183779329982,0.515625,540.0
mppi_coast,lqr,2000.0,200.0,600.0,0.1,0.1,5.0,5.0,10.0,10.0,50.0,inf,inf,10,100.0,256,20,3,0.5,0.1,0.99,10.0,256,20,0,128,128,4.847593567913051,4.987196004766618,0.34375,0.0,26.737500095461385,389.4882084578588,1.0,550.0
mppi_coast,lqr,2000.0,200.0,1200.0,0.1,0.1,5.0,5.0,10.0,10.0,50.0,inf,inf,10,100.0,256,20,3,0.5,0.1,0.99,10.0,256,20,0,128,126,4.849942108289878,4.987196004766618,0.3515625,0.015625,21.99640020208029,2457.503262230595,0.984375,560.0
mppi_coast,lqr,2000.0,200.0,1800.0,0.1,0.1,5.0,5.0,10.0,10.0,50.0,inf,inf,10,100.0,256,20,3,0.5,0.1,0.99,10.0,256,20,0,128,126,4.849942108289878,4.987196004766618,0.3515625,0.015625,21.99640020208029,5013.818714224073,0.984375,560.0
mppi_coast,lqr,2000.0,200.0,3600.0,0.1,0.1,5.0,5.0,10.0,10.0,50.0,inf,inf,10,100.0,256,20,3,0.5,0.1,0.99,10.0,256,20,0,128,126,4.849942108289878,4.987196004766618,0.3515625,0.015625,21.99640020208029,23953.59614530753,0.984375,560.0
mppi_coast,lqr,4000.0,200.0,600.0,0.1,0.1,5.0,5.0,10.0,10.0,50.0,inf,inf,10,100.0,256,20,3,0.5,0.1,0.99,10.0,256,20,0,128,128,4.992471662291828,5.0,0.0,0.0,1506.7951480992867,1506.7951480992867,1.0,
mppi_coast,lqr,4000.0,200.0,1200.0,0.1,0.1,5.0,5.0,10.0,10.0,50.0,inf,inf,10,100.0,256,20,3,0.5,0.1,0.99,10.0,256,20,0,128,128,5.0,5.0,0.2109375,0.0,830.1671417416833,2569.308175824151,1.0,670.0
mppi_coast,lqr,4000.0,200.0,1800.0,0.1,0.1,5.0,5.0,10.0,10.0,50.0,inf,inf,10,100.0,256,20,3,0.5,0.1,0.99,10.0,256,20,0,128,128,5.0,5.0,0.2109375,0.0,830.1671417416833,6754.256649324117,1.0,670.0
mppi_coast,lqr,4000.0,200.0,3600.0,0.1,0.1,5.0,5.0,10.0,10.0,50.0,inf,inf,10,100.0,256,20,3,0.5,0.1,0.99,10.0,256,20,0,128,128,5.0,5.0,0.2109375,0.0,830.1671417416833,40703.658093031765,1.0,670.0
mppi_coast,mppi_direct,500.0,200.0,600.0,0.1,0.1,5.0,5.0,10.0,10.0,50.0,inf,inf,10,100.0,256,20,3,0.5,0.1,0.99,10.0,256,20,0,128,9,2.9960868663127536,2.7682925192702235,0.0703125,0.9296875,14.156185156642945,204.53482959455636,0.0703125,350.0
mppi_coast,mppi_direct,500.0,200.0,1200.0,0.1,0.1,5.0,5.0,10.0,10.0,50.0,inf,inf,10,100.0,256,20,3,0.5,0.1,0.99,10.0,256,20,0,128,9,2.9960868663127536,2.7682925192702235,0.0703125,0.9296875,14.156185156642945,204.53482959455636,0.0703125,350.0
mppi_coast,mppi_direct,500.0,200.0,1800.0,0.1,0.1,5.0,5.0,10.0,10.0,50.0,inf,inf,10,100.0,256,20,3,0.5,0.1,0.99,10.0,256,20,0,128,9,2.9960868663127536,2.7682925192702235,0.0703125,0.9296875,14.156185156642945,204.53482959455636,0.0703125,350.0
mppi_coast,mppi_direct,500.0,200.0,3600.0,0.1,0.1,5.0,5.0,10.0,10.0,50.0,inf,inf,10,100.0,256,20,3,0.5,0.1,0.99,10.0,256,20,0,128,9,2.9960868663127536,2.7682925192702235,0.0703125,0.9296875,14.156185156642945,204.53482959455636,0.0703125,350.0
mppi_coast,mppi_direct,1000.0,200.0,600.0,0.1,0.1,5.0,5.0,10.0,10.0,50.0,inf,inf,10,100.0,256,20,3,0.5,0.1,0.99,10.0,256,20,0,128,33,4.1262094487146594,4.013936103867783,0.25,0.7421875,19.025989031165565,425.2346801563447,0.2578125,500.0
mppi_coast,mppi_direct,1000.0,200.0,1200.0,0.1,0.1,5.0,5.0,10.0,10.0,50.0,inf,inf,10,100.0,256,20,3,0.5,0.1,0.99,10.0,256,20,0,128,32,4.1262094487146594,4.014537439110948,0.25,0.75,19.025989031165565,425.7823679738594,0.25,500.0
mppi_coast,mppi_direct,1000.0,200.0,1800.0,0.1,0.1,5.0,5.0,10.0,10.0,50.0,inf,inf,10,100.0,256,20,3,0.5,0.1,0.99,10.0,256,20,0,128,32,4.1262094487146594,4.014537439110948,0.25,0.75,19.025989031165565,425.7823679738594,0.25,500.0
mppi_coast,mppi_direct,1000.0,200.0,3600.0,0.1,0.1,5.0,5.0,10.0,10.0,50.0,inf,inf,10,100.0,256,20,3,0.5,0.1,0.99,10.0,256,20,0,128,32,4.1262094487146594,4.014537439110948,0.25,0.75,19.025989031165565,425.7823679738594,0.25,500.0
mppi_coast,mppi_direct,2000.0,200.0,600.0,0.1,0.1,5.0,5.0,10.0,10.0,50.0,inf,inf,10,100.0,256,20,3,0.5,0.1,0.99,10.0,256,20,0,128,128,4.63629257096424,4.785127506161677,0.609375,0.0,27.934142770481643,186.5744714839595,1.0,550.0
mppi_coast,mppi_direct,2000.0,200.0,1200.0,0.1,0.1,5.0,5.0,10.0,10.0,50.0,inf,inf,10,100.0,256,20,3,0.5,0.1,0.99,10.0,256,20,0,128,86,4.650428321554206,4.7939759764485,0.671875,0.328125,19.394309765914656,383.76433444120966,0.671875,590.0
mppi_coast,mppi_direct,2000.0,200.0,1800.0,0.1,0.1,5.0,5.0,10.0,10.0,50.0,inf,inf,10,100.0,256,20,3,0.5,0.1,0.99,10.0,256,20,0,128,86,4.650428321554206,4.7939759764485,0.671875,0.328125,19.394309765914656,383.76433444120966,0.671875,590.0
mppi_coast,mppi_direct,2000.0,200.0,3600.0,0.1,0.1,5.0,5.0,10.0,10.0,50.0,inf,inf,10,100.0,256,20,3,0.5,0.1,0.99,10.0,256,20,0,128,86,4.650428321554206,4.7939759764485,0.671875,0.328125,19.394309765914656,383.76433444120966,0.671875,590.0
mppi_coast,mppi_direct,4000.0,200.0,600.0,0.1,0.1,5.0,5.0,10.0,10.0,50.0,inf,inf,10,100.0,256,20,3,0.5,0.1,0.99,10.0,256,20,0,128,128,5.0,5.0,0.0,0.0,1582.1085008969903,1582.1085008969903,1.0,
mppi_coast,mppi_direct,4000.0,200.0,1200.0,0.1,0.1,5.0,5.0,10.0,10.0,50.0,inf,inf,10,100.0,256,20,3,0.5,0.1,0.99,10.0,256,20,0,128,121,5.0,5.0,0.3203125,0.0546875,599.8609604941955,1775.634988929627,0.9453125,750.0
mppi_coast,mppi_direct,4000.0,200.0,1800.0,0.1,0.1,5.0,5.0,10.0,10.0,50.0,inf,inf,10,100.0,256,20,3,0.5,0.1,0.99,10.0,256,20,0,128,121,5.0,5.0,0.3203125,0.0546875,599.8609604941955,4476.132560007303,0.9453125,750.0
mppi_coast,mppi_direct,4000.0,200.0,3600.0,0.1,0.1,5.0,5.0,10.0,10.0,50.0,inf,inf,10,100.0,256,20,3,0.5,0.1,0.99,10.0,256,20,0,128,121,5.0,5.0,0.3203125,0.0546875,599.8609604941955,27302.4722054612,0.9453125,750.0
mppi_coast,mppi_lqr,500.0,200.0,600.0,0.1,0.1,5.0,5.0,10.0,10.0,50.0,inf,inf,10,100.0,256,20,3,0.5,0.1,0.99,10.0,256,20,0,128,69,2.6037924178329885,2.482554175357837,0.5390625,0.4609375,13.416268728237284,99.94405621697068,0.5390625,320.0
mppi_coast,mppi_lqr,500.0,200.0,1200.0,0.1,0.1,5.0,5.0,10.0,10.0,50.0,inf,inf,10,100.0,256,20,3,0.5,0.1,0.99,10.0,256,20,0,128,69,2.6037924178329885,2.482554175357837,0.5390625,0.4609375,13.416268728237284,99.94405621697068,0.5390625,320.0
mppi_coast,mppi_lqr,500.0,200.0,1800.0,0.1,0.1,5.0,5.0,10.0,10.0,50.0,inf,inf,10,100.0,256,20,3,0.5,0.1,0.99,10.0,256,20,0,128,69,2.6037924178329885,2.482554175357837,0.5390625,0.4609375,13.416268728237284,99.94405621697068,0.5390625,320.0
mppi_coast,mppi_lqr,500.0,200.0,3600.0,0.1,0.1,5.0,5.0,10.0,10.0,50.0,inf,inf,10,100.0,256,20,3,0.5,0.1,0.99,10.0,256,20,0,128,69,2.6037924178329885,2.482554175357837,0.5390625,0.4609375,13.416268728237284,99.94405621697068,0.5390625,320.0
mppi_coast,mppi_lqr,1000.0,200.0,600.0,0.1,0.1,5.0,5.0,10.0,10.0,50.0,inf,inf,10,100.0,256,20,3,0.5,0.1,0.99,10.0,256,20,0,128,68,3.759408599625859,3.740527092616729,0.53125,0.46875,18.238328086073963,255.92660756759057,0.53125,430.0
mppi_coast,mppi_lqr,1000.0,200.0,1200.0,0.1,0.1,5.0,5.0,10.0,10.0,50.0,inf,inf,10,100.0,256,20,3,0.5,0.1,0.99,10.0,256,20,0,128,68,3.759408599625859,3.740527092616729,0.53125,0.46875,18.238328086073963,255.92660756759057,0.53125,430.0
mppi_coast,mppi_lqr,1000.0,200.0,1800.0,0.1,0.1,5.0,5.0,10.0,10.0,50.0,inf,inf,10,100.0,256,20,3,0.5,0.1,0.99,10.0,256,20,0,128,68,3.759408599625859,3.740527092616729,0.53125,0.46875,18.238328086073963,255.92660756759057,0.53125,430.0
mppi_coast,mppi_lqr,1000.0,200.0,3600.0,0.1,0.1,5.0,5.0,10.0,10.0,50.0,inf,inf,10,100.0,256,20,3,0.5,0.1,0.99,10.0,256,20,0,128,68,3.759408599625859,3.740527092616729,0.53125,0.46875,18.238328086073963,255.92660756759057,0.53125,430.0
mppi_coast,mppi_lqr,2000.0,200.0,600.0,0.1,0.1,5.0,5.0,10.0,10.0,50.0,inf,inf,10,100.0,256,20,3,0.5,0.1,0.99,10.0,256,20,0,128,128,4.632797298710788,4.800478548218481,0.6171875,0.0,41.19864908550096,143.32257252009276,1.0,540.0
mppi_coast,mppi_lqr,2000.0,200.0,1200.0,0.1,0.1,5.0,5.0,10.0,10.0,50.0,inf,inf,10,100.0,256,20,3,0.5,0.1,0.99,10.0,256,20,0,128,90,4.637894135060499,4.804001399736221,0.65625,0.296875,37.68035728060004,450.40871322040056,0.703125,570.0
mppi_coast,mppi_lqr,2000.0,200.0,1800.0,0.1,0.1,5.0,5.0,10.0,10.0,50.0,inf,inf,10,100.0,256,20,3,0.5,0.1,0.99,10.0,256,20,0,128,90,4.637894135060499,4.804001399736221,0.65625,0.296875,37.68035728060004,553.8858275303498,0.703125,570.0
mppi_coast,mppi_lqr,2000.0,200.0,3600.0,0.1,0.1,5.0,5.0,10.0,10.0,50.0,inf,inf,10,100.0,256,20,3,0.5,0.1,0.99,10.0,256,20,0,128,90,4.637894135060499,4.804001399736221,0.65625,0.296875,37.68035728060004,1537.7118889572814,0.703125,570.0
mppi_coast,mppi_lqr,4000.0,200.0,600.0,0.1,0.1,5.0,5.0,10.0,10.0,50.0,inf,inf,10,100.0,256,20,3,0.5,0.1,0.99,10.0,256,20,0,128,128,5.0,5.0,0.0,0.0,1583.320526610912,1583.320526610912,1.0,
mppi_coast,mppi_lqr,4000.0,200.0,1200.0,0.1,0.1,5.0,5.0,10.0,10.0,50.0,inf,inf,10,100.0,256,20,3,0.5,0.1,0.99,10.0,256,20,0,128,122,5.0,5.0,0.3671875,0.046875,599.0255191462073,1607.776427445404,0.953125,740.0
mppi_coast,mppi_lqr,4000.0,200.0,1800.0,0.1,0.1,5.0,5.0,10.0,10.0,50.0,inf,inf,10,100.0,256,20,3,0.5,0.1,0.99,10.0,256,20,0,128,122,5.0,5.0,0.3671875,0.046875,599.0255191462073,4087.987203202517,0.953125,740.0
mppi_coast,mppi_lqr,4000.0,200.0,3600.0,0.1,0.1,5.0,5.0,10.0,10.0,50.0,inf,inf,10,100.0,256,20,3,0.5,0.1,0.99,10.0,256,20,0,128,122,5.0,5.0,0.3671875,0.046875,599.0255191462073,25268.34972517088,0.953125,740.0
pd,coast,500.0,200.0,600.0,0.1,0.1,5.0,5.0,10.0,10.0,50.0,inf,inf,10,100.0,256,20,3,0.5,0.1,0.99,10.0,256,20,0,128,128,3.4317191173952444,0.0,0.0,0.0,24.117146877381156,24.11714687738116,1.0,
pd,coast,500.0,200.0,1200.0,0.1,0.1,5.0,5.0,10.0,10.0,50.0,inf,inf,10,100.0,256,20,3,0.5,0.1,0.99,10.0,256,20,0,128,128,3.545908365581661,0.0,1.0,0.0,9.686080326710384,9.686080326710396,1.0,725.0
pd,coast,500.0,200.0,1800.0,0.1,0.1,5.0,5.0,10.0,10.0,50.0,inf,inf,10,100.0,256,20,3,0.5,0.1,0.99,10.0,256,20,0,128,128,3.545908365581661,0.0,1.0,0.0,9.686080326710384,9.686080326710396,1.0,725.0
pd,coast,500.0,200.0,3600.0,0.1,0.1,5.0,5.0,10.0,10.0,50.0,inf,inf,10,100.0,256,20,3,0.5,0.1,0.99,10.0,256,20,0,128,128,3.545908365581661,0.0,1.0,0.0,9.686080326710384,9.686080326710396,1.0,725.0
pd,coast,1000.0,200.0,600.0,0.1,0.1,5.0,5.0,10.0,10.0,50.0,inf,inf,10,100.0,256,20,3,0.5,0.1,0.99,10.0,256,20,0,128,128,4.988468891971119,0.0,0.0,0.0,91.02154252155144,91.24311192166272,1.0,
pd,coast,1000.0,200.0,1200.0,0.1,0.1,5.0,5.0,10.0,10.0,50.0,inf,inf,10,100.0,256,20,3,0.5,0.1,0.99,10.0,256,20,0,128,128,5.0,0.0,0.0625,0.0,71.12968958288667,717.6199006974215,1.0,765.0
pd,coast,1000.0,200.0,1800.0,0.1,0.1,5.0,5.0,10.0,10.0,50.0,inf,inf,10,100.0,256,20,3,0.5,0.1,0.99,10.0,256,20,0,128,128,5.0,0.0,0.0625,0.0,71.12968958288667,1638.8569845201798,1.0,765.0
pd,coast,1000.0,200.0,3600.0,0.1,0.1,5.0,5.0,10.0,10.0,50.0,inf,inf,10,100.0,256,20,3,0.5,0.1,0.99,10.0,256,20,0,128,128,5.0,0.0,0.0625,0.0,71.12968958288667,7958.062316179311,1.0,765.0
pd,coast,2000.0,200.0,600.0,0.1,0.1,5.0,5.0,10.0,10.0,50.0,inf,inf,10,100.0,256,20,3,0.5,0.1,0.99,10.0,256,20,0,128,128,5.0,0.0,0.0,0.0,791.5190254342858,791.6076393863045,1.0,
pd,coast,2000.0,200.0,1200.0,0.1,0.1,5.0,5.0,10.0,10.0,50.0,inf,inf,10,100.0,256,20,3,0.5,0.1,0.99,10.0,256,20,0,128,128,5.0,0.0,0.0,0.0,704.1746743312835,2536.3488452992533,1.0,
pd,coast,2000.0,200.0,1800.0,0.1,0.1,5.0,5.0,10.0,10.0,50.0,inf,inf,10,100.0,256,20,3,0.5,0.1,0.99,10.0,256,20,0,128,128,5.0,0.0,0.0,0.0,704.1746743312835,6200.33612588515,1.0,
pd,coast,2000.0,200.0,3600.0,0.1,0.1,5.0,5.0,10.0,10.0,50.0,inf,inf,10,100.0,256,20,3,0.5,0.1,0.99,10.0,256,20,0,128,128,5.0,0.0,0.0,0.0,704.1746743312835,32590.97512783249,1.0,
pd,coast,4000.0,200.0,600.0,0.1,0.1,5.0,5.0,10.0,10.0,50.0,inf,inf,10,100.0,256,20,3,0.5,0.1,0.99,10.0,256,20,0,128,128,5.0,0.0,0.0,0.0,2965.996073412078,3045.642515420491,1.0,
pd,coast,4000.0,200.0,1200.0,0.1,0.1,5.0,5.0,10.0,10.0,50.0,inf,inf,10,100.0,256,20,3,0.5,0.1,0.99,10.0,256,20,0,128,128,5.0,0.0,0.0,0.0,2661.6263158792312,5381.534516928958,1.0,
pd,coast,4000.0,200.0,1800.0,0.1,0.1,5.0,5.0,10.0,10.0,50.0,inf,inf,10,100.0,256,20,3,0.5,0.1,0.99,10.0,256,20,0,128,128,5.0,0.0,0.0,0.0,2657.3178877427454,12640.216065603305,1.0,
pd,coast,4000.0,200.0,3600.0,0.1,0.1,5.0,5.0,10.0,10.0,50.0,inf,inf,10,100.0,256,20,3,0.5,0.1,0.99,10.0,256,20,0,128,128,5.0,0.0,0.0,0.0,2657.3178877427454,57637.787775922254,1.0,
pd,direct,500.0,200.0,600.0,0.1,0.1,5.0,5.0,10.0,10.0,50.0,inf,inf,10,100.0,256,20,3,0.5,0.1,0.99,10.0,256,20,0,128,108,4.602879307360107,4.6296875,0.03125,0.15625,50.69646015327734,97.37070003812326,0.84375,300.0
pd,direct,500.0,200.0,1200.0,0.1,0.1,5.0,5.0,10.0,10.0,50.0,inf,inf,10,100.0,256,20,3,0.5,0.1,0.99,10.0,256,20,0,128,108,4.602879307360107,4.6296875,0.03125,0.15625,49.94964671069008,409.6258699474635,0.84375,300.0
pd,direct,500.0,200.0,1800.0,0.1,0.1,5.0,5.0,10.0,10.0,50.0,inf,inf,10,100.0,256,20,3,0.5,0.1,0.99,10.0,256,20,0,128,108,4.602879307360107,4.6296875,0.03125,0.15625,49.94964671069008,951.706939303422,0.84375,300.0
pd,direct,500.0,200.0,3600.0,0.1,0.1,5.0,5.0,10.0,10.0,50.0,inf,inf,10,100.0,256,20,3,0.5,0.1,0.99,10.0,256,20,0,128,108,4.602879307360107,4.6296875,0.03125,0.15625,49.94964671069008,4911.82245005647,0.84375,300.0
pd,direct,1000.0,200.0,600.0,0.1,0.1,5.0,5.0,10.0,10.0,50.0,inf,inf,10,100.0,256,20,3,0.5,0.1,0.99,10.0,256,20,0,128,126,4.987094960965721,4.98828125,0.0,0.015625,101.2183494586676,684.5981445081751,0.984375,425.0
pd,direct,1000.0,200.0,1200.0,0.1,0.1,5.0,5.0,10.0,10.0,50.0,inf,inf,10,100.0,256,20,3,0.5,0.1,0.99,10.0,256,20,0,128,126,4.987094960965721,4.98828125,0.0,0.015625,101.2183494586676,2449.039574228007,0.984375,425.0
pd,direct,1000.0,200.0,1800.0,0.1,0.1,5.0,5.0,10.0,10.0,50.0,inf,inf,10,100.0,256,20,3,0.5,0.1,0.99,10.0,256,20,0,128,126,4.987094960965721,4.98828125,0.0,0.015625,101.2183494586676,4920.572352123479,0.984375,425.0
pd,direct,1000.0,200.0,3600.0,0.1,0.1,5.0,5.0,10.0,10.0,50.0,inf,inf,10,100.0,256,20,3,0.5,0.1,0.99,10.0,256,20,0,128,126,4.987094960965721,4.98828125,0.0,0.015625,101.2183494586676,19997.064711680163,0.984375,425.0
pd,direct,2000.0,200.0,600.0,0.1,0.1,5.0,5.0,10.0,10.0,50.0,inf,inf,10,100.0,256,20,3,0.5,0.1,0.99,10.0,256,20,0,128,128,5.0,5.0,0.0,0.0,351.29143656487,742.7129270084089,1.0,
pd,direct,2000.0,200.0,1200.0,0.1,0.1,5.0,5.0,10.0,10.0,50.0,inf,inf,10,100.0,256,20,3,0.5,0.1,0.99,10.0,256,20,0,128,128,5.0,5.0,0.0,0.0,351.29143656487,4279.261503942955,1.0,
pd,direct,2000.0,200.0,1800.0,0.1,0.1,5.0,5.0,10.0,10.0,50.0,inf,inf,10,100.0,256,20,3,0.5,0.1,0.99,10.0,256,20,0,128,128,5.0,5.0,0.0,0.0,351.29143656487,9070.74757395118,1.0,
pd,direct,2000.0,200.0,3600.0,0.1,0.1,5.0,5.0,10.0,10.0,50.0,inf,inf,10,100.0,256,20,3,0.5,0.1,0.99,10.0,256,20,0,128,128,5.0,5.0,0.0,0.0,351.29143656487,40481.80932548584,1.0,
pd,direct,4000.0,200.0,600.0,0.1,0.1,5.0,5.0,10.0,10.0,50.0,inf,inf,10,100.0,256,20,3,0.5,0.1,0.99,10.0,256,20,0,128,128,5.0,5.0,0.0,0.0,1676.0031738345303,1679.4037276914542,1.0,
pd,direct,4000.0,200.0,1200.0,0.1,0.1,5.0,5.0,10.0,10.0,50.0,inf,inf,10,100.0,256,20,3,0.5,0.1,0.99,10.0,256,20,0,128,128,5.0,5.0,0.0,0.0,1568.2659420711595,5790.787382145808,1.0,
pd,direct,4000.0,200.0,1800.0,0.1,0.1,5.0,5.0,10.0,10.0,50.0,inf,inf,10,100.0,256,20,3,0.5,0.1,0.99,10.0,256,20,0,128,128,5.0,5.0,0.0,0.0,1568.2659420711595,13885.364313169435,1.0,
pd,direct,4000.0,200.0,3600.0,0.1,0.1,5.0,5.0,10.0,10.0,50.0,inf,inf,10,100.0,256,20,3,0.5,0.1,0.99,10.0,256,20,0,128,128,5.0,5.0,0.0,0.0,1568.2659420711595,70180.59884941585,1.0,
pd,evade,500.0,200.0,600.0,0.1,0.1,5.0,5.0,10.0,10.0,50.0,inf,inf,10,100.0,256,20,3,0.5,0.1,0.99,10.0,256,20,0,128,114,4.780600767425235,4.7992187500000005,0.0,0.109375,87.60958073064356,191.14124591584604,0.890625,315.0
pd,evade,500.0,200.0,1200.0,0.1,0.1,5.0,5.0,10.0,10.0,50.0,inf,inf,10,100.0,256,20,3,0.5,0.1,0.99,10.0,256,20,0,128,114,4.781118954529334,4.7992187500000005,0.0,0.109375,87.07176727292035,570.7147136035676,0.890625,315.0
pd,evade,500.0,200.0,1800.0,0.1,0.1,5.0,5.0,10.0,10.0,50.0,inf,inf,10,100.0,256,20,3,0.5,0.1,0.99,10.0,256,20,0,128,114,4.781118954529334,4.7992187500000005,0.0,0.109375,87.07176727292035,1239.0708411571052,0.890625,315.0
pd,evade,500.0,200.0,3600.0,0.1,0.1,5.0,5.0,10.0,10.0,50.0,inf,inf,10,100.0,256,20,3,0.5,0.1,0.99,10.0,256,20,0,128,114,4.781118954529334,4.7992187500000005,0.0,0.109375,87.07176727292035,5336.895166742666,0.890625,315.0
pd,evade,1000.0,200.0,600.0,0.1,0.1,5.0,5.0,10.0,10.0,50.0,inf,inf,10,100.0,256,20,3,0.5,0.1,0.99,10.0,256,20,0,128,125,4.982188285219391,4.984375,0.0,0.0234375,111.65003962718434,657.6854604026022,0.9765625,430.0
pd,evade,1000.0,200.0,1200.0,0.1,0.1,5.0,5.0,10.0,10.0,50.0,inf,inf,10,100.0,256,20,3,0.5,0.1,0.99,10.0,256,20,0,128,125,4.982188285219391,4.984375,0.0,0.0234375,111.65003962718434,2308.8263967613807,0.9765625,430.0
pd,evade,1000.0,200.0,1800.0,0.1,0.1,5.0,5.0,10.0,10.0,50.0,inf,inf,10,100.0,256,20,3,0.5,0.1,0.99,10.0,256,20,0,128,125,4.982188285219391,4.984375,0.0,0.0234375,111.65003962718434,4590.656609405006,0.9765625,430.0
pd,evade,1000.0,200.0,3600.0,0.1,0.1,5.0,5.0,10.0,10.0,50.0,inf,inf,10,100.0,256,20,3,0.5,0.1,0.99,10.0,256,20,0,128,125,4.982188285219391,4.984375,0.0,0.0234375,111.65003962718434,18621.73723242519,0.9765625,430.0
pd,evade,2000.0,200.0,600.0,0.1,0.1,5.0,5.0,10.0,10.0,50.0,inf,inf,10,100.0,256,20,3,0.5,0.1,0.99,10.0,256,20,0,128,128,5.0,5.0,0.0,0.0,351.97523397448344,742.7082812975553,1.0,
pd,evade,2000.0,200.0,1200.0,0.1,0.1,5.0,5.0,10.0,10.0,50.0,inf,inf,10,100.0,256,20,3,0.5,0.1,0.99,10.0,256,20,0,128,128,5.0,5.0,0.0,0.0,351.97523397448344,4272.648175231289,1.0,
pd,evade,2000.0,200.0,1800.0,0.1,0.1,5.0,5.0,10.0,10.0,50.0,inf,inf,10,100.0,256,20,3,0.5,0.1,0.99,10.0,256,20,0,128,128,5.0,5.0,0.0,0.0,351.97523397448344,9042.487834877536,1.0,
pd,evade,2000.0,200.0,3600.0,0.1,0.1,5.0,5.0,10.0,10.0,50.0,inf,inf,10,100.0,256,20,3,0.5,0.1,0.99,10.0,256,20,0,128,128,5.0,5.0,0.0,0.0,351.97523397448344,40145.79666543632,1.0,
pd,evade,4000.0,200.0,600.0,0.1,0.1,5.0,5.0,10.0,10.0,50.0,inf,inf,10,100.0,256,20,3,0.5,0.1,0.99,10.0,256,20,0,128,128,5.0,5.0,0.0,0.0,1676.0031738345303,1679.4037276914542,1.0,
pd,evade,4000.0,200.0,1200.0,0.1,0.1,5.0,5.0,10.0,10.0,50.0,inf,inf,10,100.0,256,20,3,0.5,0.1,0.99,10.0,256,20,0,128,128,5.0,5.0,0.0,0.0,1568.2659420711595,5790.787382145808,1.0,
pd,evade,4000.0,200.0,1800.0,0.1,0.1,5.0,5.0,10.0,10.0,50.0,inf,inf,10,100.0,256,20,3,0.5,0.1,0.99,10.0,256,20,0,128,128,5.0,5.0,0.0,0.0,1568.2659420711595,13885.364313169435,1.0,
pd,evade,4000.0,200.0,3600.0,0.1,0.1,5.0,5.0,10.0,10.0,50.0,inf,inf,10,100.0,256,20,3,0.5,0.1,0.99,10.0,256,20,0,128,128,5.0,5.0,0.0,0.0,1568.2659420711595,70180.59884941584,1.0,
pd,hcw,500.0,200.0,600.0,0.1,0.1,5.0,5.0,10.0,10.0,50.0,inf,inf,10,100.0,256,20,3,0.5,0.1,0.99,10.0,256,20,0,128,0,3.165462165441413,3.362653937551644,0.0,1.0,46.67392961026369,49.56392754928199,0.0,330.0
pd,hcw,500.0,200.0,1200.0,0.1,0.1,5.0,5.0,10.0,10.0,50.0,inf,inf,10,100.0,256,20,3,0.5,0.1,0.99,10.0,256,20,0,128,0,3.165462165441413,3.362653937551644,0.0,1.0,46.67392961026369,49.56392754928199,0.0,330.0
pd,hcw,500.0,200.0,1800.0,0.1,0.1,5.0,5.0,10.0,10.0,50.0,inf,inf,10,100.0,256,20,3,0.5,0.1,0.99,10.0,256,20,0,128,0,3.165462165441413,3.362653937551644,0.0,1.0,46.67392961026369,49.56392754928199,0.0,330.0
pd,hcw,500.0,200.0,3600.0,0.1,0.1,5.0,5.0,10.0,10.0,50.0,inf,inf,10,100.0,256,20,3,0.5,0.1,0.99,10.0,256,20,0,128,0,3.165462165441413,3.362653937551644,0.0,1.0,46.67392961026369,49.56392754928199,0.0,330.0
pd,hcw,1000.0,200.0,600.0,0.1,0.1,5.0,5.0,10.0,10.0,50.0,inf,inf,10,100.0,256,20,3,0.5,0.1,0.99,10.0,256,20,0,128,84,4.846050231200194,4.87265625,0.0234375,0.34375,67.09456299712213,353.838588964208,0.65625,460.0
pd,hcw,1000.0,200.0,1200.0,0.1,0.1,5.0,5.0,10.0,10.0,50.0,inf,inf,10,100.0,256,20,3,0.5,0.1,0.99,10.0,256,20,0,128,84,4.846050231200194,4.87265625,0.0234375,0.34375,67.09456299712213,995.3994254190624,0.65625,460.0
pd,hcw,1000.0,200.0,1800.0,0.1,0.1,5.0,5.0,10.0,10.0,50.0,inf,inf,10,100.0,256,20,3,0.5,0.1,0.99,10.0,256,20,0,128,84,4.846050231200194,4.87265625,0.0234375,0.34375,67.09456299712213,1830.8578105627523,0.65625,460.0
pd,hcw,1000.0,200.0,3600.0,0.1,0.1,5.0,5.0,10.0,10.0,50.0,inf,inf,10,100.0,256,20,3,0.5,0.1,0.99,10.0,256,20,0,128,84,4.846050231200194,4.87265625,0.0234375,0.34375,67.09456299712213,5788.001857880458,0.65625,460.0
pd,hcw,2000.0,200.0,600.0,0.1,0.1,5.0,5.0,10.0,10.0,50.0,inf,inf,10,100.0,256,20,3,0.5,0.1,0.99,10.0,256,20,0,128,127,5.0,5.0,0.0,0.0078125,272.21560570908804,653.0470335090433,0.9921875,590.0
pd,hcw,2000.0,200.0,1200.0,0.1,0.1,5.0,5.0,10.0,10.0,50.0,inf,inf,10,100.0,256,20,3,0.5,0.1,0.99,10.0,256,20,0,128,127,5.0,5.0,0.0,0.0078125,272.21560570908804,4037.155313505163,0.9921875,590.0
pd,hcw,2000.0,200.0,1800.0,0.1,0.1,5.0,5.0,10.0,10.0,50.0,inf,inf,10,100.0,256,20,3,0.5,0.1,0.99,10.0,256,20,0,128,127,5.0,5.0,0.0,0.0078125,272.21560570908804,8513.195271700048,0.9921875,590.0
pd,hcw,2000.0,200.0,3600.0,0.1,0.1,5.0,5.0,10.0,10.0,50.0,inf,inf,10,100.0,256,20,3,0.5,0.1,0.99,10.0,256,20,0,128,127,5.0,5.0,0.0,0.0078125,272.21560570908804,37682.70301683814,0.9921875,590.0
pd,hcw,4000.0,200.0,600.0,0.1,0.1,5.0,5.0,10.0,10.0,50.0,inf,inf,10,100.0,256,20,3,0.5,0.1,0.99,10.0,256,20,0,128,128,5.0,5.0,0.0,0.0,1570.6170342977296,1570.973933190119,1.0,
pd,hcw,4000.0,200.0,1200.0,0.1,0.1,5.0,5.0,10.0,10.0,50.0,inf,inf,10,100.0,256,20,3,0.5,0.1,0.99,10.0,256,20,0,128,128,5.0,5.0,0.0,0.0,1438.9702333127814,5503.594733773684,1.0,
pd,hcw,4000.0,200.0,1800.0,0.1,0.1,5.0,5.0,10.0,10.0,50.0,inf,inf,10,100.0,256,20,3,0.5,0.1,0.99,10.0,256,20,0,128,128,5.0,5.0,0.0,0.0,1438.9702333127814,13258.630675182603,1.0,
pd,hcw,4000.0,200.0,3600.0,0.1,0.1,5.0,5.0,10.0,10.0,50.0,inf,inf,10,100.0,256,20,3,0.5,0.1,0.99,10.0,256,20,0,128,128,5.0,5.0,0.0,0.0,1438.9702333127814,67993.84074232097,1.0,
pd,lqr,500.0,200.0,600.0,0.1,0.1,5.0,5.0,10.0,10.0,50.0,inf,inf,10,100.0,256,20,3,0.5,0.1,0.99,10.0,256,20,0,128,4,3.202096226176512,3.097336225312696,0.03125,0.96875,56.27398795348666,57.43573442945147,0.03125,410.0
pd,lqr,500.0,200.0,1200.0,0.1,0.1,5.0,5.0,10.0,10.0,50.0,inf,inf,10,100.0,256,20,3,0.5,0.1,0.99,10.0,256,20,0,128,4,3.202096226176512,3.097336225312696,0.03125,0.96875,56.27398795348666,57.43573442945147,0.03125,410.0
pd,lqr,500.0,200.0,1800.0,0.1,0.1,5.0,5.0,10.0,10.0,50.0,inf,inf,10,100.0,256,20,3,0.5,0.1,0.99,10.0,256,20,0,128,4,3.202096226176512,3.097336225312696,0.03125,0.96875,56.27398795348666,57.43573442945147,0.03125,410.0
pd,lqr,500.0,200.0,3600.0,0.1,0.1,5.0,5.0,10.0,10.0,50.0,inf,inf,10,100.0,256,20,3,0.5,0.1,0.99,10.0,256,20,0,128,4,3.202096226176512,3.097336225312696,0.03125,0.96875,56.27398795348666,57.43573442945147,0.03125,410.0
pd,lqr,1000.0,200.0,600.0,0.1,0.1,5.0,5.0,10.0,10.0,50.0,inf,inf,10,100.0,256,20,3,0.5,0.1,0.99,10.0,256,20,0,128,33,4.925675689616764,4.930115805687502,0.0546875,0.7421875,51.14542057121541,173.87707683985218,0.2578125,550.0
pd,lqr,1000.0,200.0,1200.0,0.1,0.1,5.0,5.0,10.0,10.0,50.0,inf,inf,10,100.0,256,20,3,0.5,0.1,0.99,10.0,256,20,0,128,32,4.925675689616764,4.930115805687502,0.0546875,0.75,51.14542057121541,327.2356058310358,0.25,550.0
pd,lqr,1000.0,200.0,1800.0,0.1,0.1,5.0,5.0,10.0,10.0,50.0,inf,inf,10,100.0,256,20,3,0.5,0.1,0.99,10.0,256,20,0,128,32,4.925675689616764,4.930115805687502,0.0546875,0.75,51.14542057121541,535.56767000541,0.25,550.0
pd,lqr,1000.0,200.0,3600.0,0.1,0.1,5.0,5.0,10.0,10.0,50.0,inf,inf,10,100.0,256,20,3,0.5,0.1,0.99,10.0,256,20,0,128,32,4.925675689616764,4.930115805687502,0.0546875,0.75,51.14542057121541,1199.944913829041,0.25,550.0
pd,lqr,2000.0,200.0,600.0,0.1,0.1,5.0,5.0,10.0,10.0,50.0,inf,inf,10,100.0,256,20,3,0.5,0.1,0.99,10.0,256,20,0,128,128,5.0,5.0,0.0,0.0,245.06414723586207,594.0476303035014,1.0,
pd,lqr,2000.0,200.0,1200.0,0.1,0.1,5.0,5.0,10.0,10.0,50.0,inf,inf,10,100.0,256,20,3,0.5,0.1,0.99,10.0,256,20,0,128,125,5.0,5.0,0.0,0.0234375,245.06414723586207,3790.6413446633705,0.9765625,620.0
pd,lqr,2000.0,200.0,1800.0,0.1,0.1,5.0,5.0,10.0,10.0,50.0,inf,inf,10,100.0,256,20,3,0.5,0.1,0.99,10.0,256,20,0,128,125,5.0,5.0,0.0,0.0234375,245.06414723586207,8015.974064908842,0.9765625,620.0
pd,lqr,2000.0,200.0,3600.0,0.1,0.1,5.0,5.0,10.0,10.0,50.0,inf,inf,10,100.0,256,20,3,0.5,0.1,0.99,10.0,256,20,0,128,125,5.0,5.0,0.0,0.0234375,245.06414723586207,35546.78597427713,0.9765625,620.0
pd,lqr,4000.0,200.0,600.0,0.1,0.1,5.0,5.0,10.0,10.0,50.0,inf,inf,10,100.0,256,20,3,0.5,0.1,0.99,10.0,256,20,0,128,128,5.0,5.0,0.0,0.0,1542.9847036839924,1543.054652721776,1.0,
pd,lqr,4000.0,200.0,1200.0,0.1,0.1,5.0,5.0,10.0,10.0,50.0,inf,inf,10,100.0,256,20,3,0.5,0.1,0.99,10.0,256,20,0,128,128,5.0,5.0,0.0,0.0,1406.4505502950042,5414.560049225287,1.0,
pd,lqr,4000.0,200.0,1800.0,0.1,0.1,5.0,5.0,10.0,10.0,50.0,inf,inf,10,100.0,256,20,3,0.5,0.1,0.99,10.0,256,20,0,128,128,5.0,5.0,0.0,0.0,1406.4505502950042,13068.00432059195,1.0,
pd,lqr,4000.0,200.0,3600.0,0.1,0.1,5.0,5.0,10.0,10.0,50.0,inf,inf,10,100.0,256,20,3,0.5,0.1,0.99,10.0,256,20,0,128,128,5.0,5.0,0.0,0.0,1406.4505502950042,67372.816112454,1.0,
pd,mppi_direct,500.0,200.0,600.0,0.1,0.1,5.0,5.0,10.0,10.0,50.0,inf,inf,10,100.0,256,20,3,0.5,0.1,0.99,10.0,256,20,0,128,0,3.3714057821271566,2.786408772895085,0.0,1.0,40.012037695129926,53.81408035559844,0.0,350.0
pd,mppi_direct,500.0,200.0,1200.0,0.1,0.1,5.0,5.0,10.0,10.0,50.0,inf,inf,10,100.0,256,20,3,0.5,0.1,0.99,10.0,256,20,0,128,0,3.3714057821271566,2.786408772895085,0.0,1.0,40.012037695129926,53.81408035559844,0.0,350.0
pd,mppi_direct,500.0,200.0,1800.0,0.1,0.1,5.0,5.0,10.0,10.0,50.0,inf,inf,10,100.0,256,20,3,0.5,0.1,0.99,10.0,256,20,0,128,0,3.3714057821271566,2.786408772895085,0.0,1.0,40.012037695129926,53.81408035559844,0.0,350.0
pd,mppi_direct,500.0,200.0,3600.0,0.1,0.1,5.0,5.0,10.0,10.0,50.0,inf,inf,10,100.0,256,20,3,0.5,0.1,0.99,10.0,256,20,0,128,0,3.3714057821271566,2.786408772895085,0.0,1.0,40.012037695129926,53.81408035559844,0.0,350.0
pd,mppi_direct,1000.0,200.0,600.0,0.1,0.1,5.0,5.0,10.0,10.0,50.0,inf,inf,10,100.0,256,20,3,0.5,0.1,0.99,10.0,256,20,0,128,2,4.903645657147052,4.210812916473234,0.0078125,0.984375,54.9443067624739,296.1020279707338,0.015625,510.0
pd,mppi_direct,1000.0,200.0,1200.0,0.1,0.1,5.0,5.0,10.0,10.0,50.0,inf,inf,10,100.0,256,20,3,0.5,0.1,0.99,10.0,256,20,0,128,1,4.903645657147052,4.211677188966141,0.0078125,0.9921875,54.9443067624739,297.0716007700571,0.0078125,510.0
pd,mppi_direct,1000.0,200.0,1800.0,0.1,0.1,5.0,5.0,10.0,10.0,50.0,inf,inf,10,100.0,256,20,3,0.5,0.1,0.99,10.0,256,20,0,128,1,4.903645657147052,4.211677188966141,0.0078125,0.9921875,54.9443067624739,297.0716007700571,0.0078125,510.0
pd,mppi_direct,1000.0,200.0,3600.0,0.1,0.1,5.0,5.0,10.0,10.0,50.0,inf,inf,10,100.0,256,20,3,0.5,0.1,0.99,10.0,256,20,0,128,1,4.903645657147052,4.211677188966141,0.0078125,0.9921875,54.9443067624739,297.0716007700571,0.0078125,510.0
pd,mppi_direct,2000.0,200.0,600.0,0.1,0.1,5.0,5.0,10.0,10.0,50.0,inf,inf,10,100.0,256,20,3,0.5,0.1,0.99,10.0,256,20,0,128,128,5.0,4.9778836508837925,0.0,0.0,143.5123627738508,404.2895086996577,1.0,
pd,mppi_direct,2000.0,200.0,1200.0,0.1,0.1,5.0,5.0,10.0,10.0,50.0,inf,inf,10,100.0,256,20,3,0.5,0.1,0.99,10.0,256,20,0,128,51,5.0,4.999564979910472,0.0,0.6015625,143.51211596005467,2029.7250731049803,0.3984375,710.0
pd,mppi_direct,2000.0,200.0,1800.0,0.1,0.1,5.0,5.0,10.0,10.0,50.0,inf,inf,10,100.0,256,20,3,0.5,0.1,0.99,10.0,256,20,0,128,51,5.0,4.999564979910472,0.0,0.6015625,143.51211596005467,3229.4412328989747,0.3984375,710.0
pd,mppi_direct,2000.0,200.0,3600.0,0.1,0.1,5.0,5.0,10.0,10.0,50.0,inf,inf,10,100.0,256,20,3,0.5,0.1,0.99,10.0,256,20,0,128,51,5.0,4.999564979910472,0.0,0.6015625,143.51211596005467,9592.23847805216,0.3984375,710.0
pd,mppi_direct,4000.0,200.0,600.0,0.1,0.1,5.0,5.0,10.0,10.0,50.0,inf,inf,10,100.0,256,20,3,0.5,0.1,0.99,10.0,256,20,0,128,128,5.0,5.0,0.0,0.0,1503.2296907945824,1503.2296907945824,1.0,
pd,mppi_direct,4000.0,200.0,1200.0,0.1,0.1,5.0,5.0,10.0,10.0,50.0,inf,inf,10,100.0,256,20,3,0.5,0.1,0.99,10.0,256,20,0,128,121,5.0,5.0,0.0,0.0546875,1210.4616742506646,4540.742687722243,0.9453125,890.0
pd,mppi_direct,4000.0,200.0,1800.0,0.1,0.1,5.0,5.0,10.0,10.0,50.0,inf,inf,10,100.0,256,20,3,0.5,0.1,0.99,10.0,256,20,0,128,121,5.0,5.0,0.0,0.0546875,1210.4616742506646,11132.760243213175,0.9453125,890.0
pd,mppi_direct,4000.0,200.0,3600.0,0.1,0.1,5.0,5.0,10.0,10.0,50.0,inf,inf,10,100.0,256,20,3,0.5,0.1,0.99,10.0,256,20,0,128,121,5.0,5.0,0.0,0.0546875,1210.4616742506646,59907.09083188392,0.9453125,890.0
pd,mppi_lqr,500.0,200.0,600.0,0.1,0.1,5.0,5.0,10.0,10.0,50.0,inf,inf,10,100.0,256,20,3,0.5,0.1,0.99,10.0,256,20,0,128,0,3.352394561006158,2.796826646909988,0.0,1.0,39.36867967616132,52.615361296581455,0.0,350.0
pd,mppi_lqr,500.0,200.0,1200.0,0.1,0.1,5.0,5.0,10.0,10.0,50.0,inf,inf,10,100.0,256,20,3,0.5,0.1,0.99,10.0,256,20,0,128,0,3.352394561006158,2.796826646909988,0.0,1.0,39.36867967616132,52.615361296581455,0.0,350.0
pd,mppi_lqr,500.0,200.0,1800.0,0.1,0.1,5.0,5.0,10.0,10.0,50.0,inf,inf,10,100.0,256,20,3,0.5,0.1,0.99,10.0,256,20,0,128,0,3.352394561006158,2.796826646909988,0.0,1.0,39.36867967616132,52.615361296581455,0.0,350.0
pd,mppi_lqr,500.0,200.0,3600.0,0.1,0.1,5.0,5.0,10.0,10.0,50.0,inf,inf,10,100.0,256,20,3,0.5,0.1,0.99,10.0,256,20,0,128,0,3.352394561006158,2.796826646909988,0.0,1.0,39.36867967616132,52.615361296581455,0.0,350.0
pd,mppi_lqr,1000.0,200.0,600.0,0.1,0.1,5.0,5.0,10.0,10.0,50.0,inf,inf,10,100.0,256,20,3,0.5,0.1,0.99,10.0,256,20,0,128,0,4.906839441381702,4.227432599215648,0.0,1.0,56.14547170495052,299.4582324219204,0.0,515.0
pd,mppi_lqr,1000.0,200.0,1200.0,0.1,0.1,5.0,5.0,10.0,10.0,50.0,inf,inf,10,100.0,256,20,3,0.5,0.1,0.99,10.0,256,20,0,128,0,4.906839441381702,4.227432599215648,0.0,1.0,56.14547170495052,299.4582324219204,0.0,515.0
pd,mppi_lqr,1000.0,200.0,1800.0,0.1,0.1,5.0,5.0,10.0,10.0,50.0,inf,inf,10,100.0,256,20,3,0.5,0.1,0.99,10.0,256,20,0,128,0,4.906839441381702,4.227432599215648,0.0,1.0,56.14547170495052,299.4582324219204,0.0,515.0
pd,mppi_lqr,1000.0,200.0,3600.0,0.1,0.1,5.0,5.0,10.0,10.0,50.0,inf,inf,10,100.0,256,20,3,0.5,0.1,0.99,10.0,256,20,0,128,0,4.906839441381702,4.227432599215648,0.0,1.0,56.14547170495052,299.4582324219204,0.0,515.0
pd,mppi_lqr,2000.0,200.0,600.0,0.1,0.1,5.0,5.0,10.0,10.0,50.0,inf,inf,10,100.0,256,20,3,0.5,0.1,0.99,10.0,256,20,0,128,128,5.0,4.976990079192449,0.03125,0.0,140.04646821867735,392.63020678666754,1.0,570.0
pd,mppi_lqr,2000.0,200.0,1200.0,0.1,0.1,5.0,5.0,10.0,10.0,50.0,inf,inf,10,100.0,256,20,3,0.5,0.1,0.99,10.0,256,20,0,128,52,5.0,4.9989395470969775,0.03125,0.59375,140.0294122596876,1930.113281398138,0.40625,710.0
pd,mppi_lqr,2000.0,200.0,1800.0,0.1,0.1,5.0,5.0,10.0,10.0,50.0,inf,inf,10,100.0,256,20,3,0.5,0.1,0.99,10.0,256,20,0,128,52,5.0,4.9989395470969775,0.03125,0.59375,140.0294122596876,3069.571223251059,0.40625,710.0
pd,mppi_lqr,2000.0,200.0,3600.0,0.1,0.1,5.0,5.0,10.0,10.0,50.0,inf,inf,10,100.0,256,20,3,0.5,0.1,0.99,10.0,256,20,0,128,52,5.0,4.9989395470969775,0.03125,0.59375,140.0294122596876,9318.028803304738,0.40625,710.0
pd,mppi_lqr,4000.0,200.0,600.0,0.1,0.1,5.0,5.0,10.0,10.0,50.0,inf,inf,10,100.0,256,20,3,0.5,0.1,0.99,10.0,256,20,0,128,128,5.0,5.0,0.0,0.0,1503.1944952189083,1503.1944952189083,1.0,
pd,mppi_lqr,4000.0,200.0,1200.0,0.1,0.1,5.0,5.0,10.0,10.0,50.0,inf,inf,10,100.0,256,20,3,0.5,0.1,0.99,10.0,256,20,0,128,121,5.0,5.0,0.0,0.0546875,1210.3756943365115,4540.695490674522,0.9453125,890.0
pd,mppi_lqr,4000.0,200.0,1800.0,0.1,0.1,5.0,5.0,10.0,10.0,50.0,inf,inf,10,100.0,256,20,3,0.5,0.1,0.99,10.0,256,20,0,128,121,5.0,5.0,0.0,0.0546875,1210.3756943365115,11132.714634850518,0.9453125,890.0
pd,mppi_lqr,4000.0,200.0,3600.0,0.1,0.1,5.0,5.0,10.0,10.0,50.0,inf,inf,10,100.0,256,20,3,0.5,0.1,0.99,10.0,256,20,0,128,121,5.0,5.0,0.0,0.0546875,1210.3756943365115,59906.95012026072,0.9453125,890.0
