pursuer,evader,separation_m,horizon_s,pursuer_cap_mps,evader_cap_mps,pursuer_budget_mps,evader_budget_mps,dt_s,capture_m,substeps,lookahead_s,capture_speed_mps,sensor,sensed,sensor_range_m,cone_half_angle_deg,noise_fraction,prior_sigma_m,prior_sigma_mps,planner_samples,planner_segments,planner_repeat,planner_noise,planner_temperature,planner_discount,planner_capture_bonus,planner_evader_samples,planner_evader_segments,planner_rollout_substeps,episodes,wins,pursuer_dv,evader_dv,closest_m,final_range_m,pursuer_detection_fraction,pursuer_mean_error_m,outcome,median_capture_time_s
coast,flee,300.0,1800.0,0.1,0.025,5.0,1.25,10.0,10.0,10,100.0,inf,full,both,inf,180.0,0.01,0.0,0.0,256,20,3,0.5,0.1,0.99,10.0,256,20,0,128,0,0.0,1.25,300.0,3186.2953202985664,0.0,0.0,0.0,
coast,flee,300.0,1800.0,0.1,0.025,5.0,2.5,10.0,10.0,10,100.0,inf,full,both,inf,180.0,0.01,0.0,0.0,256,20,3,0.5,0.1,0.99,10.0,256,20,0,128,0,0.0,2.5,300.0,4568.008592034425,0.0,0.0,0.0,
coast,flee,300.0,1800.0,0.1,0.025,5.0,3.75,10.0,10.0,10,100.0,inf,full,both,inf,180.0,0.01,0.0,0.0,256,20,3,0.5,0.1,0.99,10.0,256,20,0,128,0,0.0,3.75,300.0,5260.892187029521,0.0,0.0,0.0,
coast,flee,300.0,1800.0,0.1,0.025,5.0,4.5,10.0,10.0,10,100.0,inf,full,both,inf,180.0,0.01,0.0,0.0,256,20,3,0.5,0.1,0.99,10.0,256,20,0,128,0,0.0,4.4999999999999964,300.0,5376.915524954431,0.0,0.0,0.0,
coast,flee,300.0,1800.0,0.1,0.025,5.0,5.0,10.0,10.0,10,100.0,inf,full,both,inf,180.0,0.01,0.0,0.0,256,20,3,0.5,0.1,0.99,10.0,256,20,0,128,0,0.0,4.4999999999999964,300.0,5376.915524954431,0.0,0.0,0.0,
coast,flee,300.0,1800.0,0.1,0.025,5.0,5.5,10.0,10.0,10,100.0,inf,full,both,inf,180.0,0.01,0.0,0.0,256,20,3,0.5,0.1,0.99,10.0,256,20,0,128,0,0.0,4.4999999999999964,300.0,5376.915524954431,0.0,0.0,0.0,
coast,flee,300.0,1800.0,0.1,0.025,5.0,6.25,10.0,10.0,10,100.0,inf,full,both,inf,180.0,0.01,0.0,0.0,256,20,3,0.5,0.1,0.99,10.0,256,20,0,128,0,0.0,4.4999999999999964,300.0,5376.915524954431,0.0,0.0,0.0,
coast,flee,300.0,1800.0,0.1,0.025,5.0,7.5,10.0,10.0,10,100.0,inf,full,both,inf,180.0,0.01,0.0,0.0,256,20,3,0.5,0.1,0.99,10.0,256,20,0,128,0,0.0,4.4999999999999964,300.0,5376.915524954431,0.0,0.0,0.0,
coast,flee,300.0,1800.0,0.1,0.025,5.0,10.0,10.0,10.0,10,100.0,inf,full,both,inf,180.0,0.01,0.0,0.0,256,20,3,0.5,0.1,0.99,10.0,256,20,0,128,0,0.0,4.4999999999999964,300.0,5376.915524954431,0.0,0.0,0.0,
coast,flee,300.0,1800.0,0.1,0.025,5.0,inf,10.0,10.0,10,100.0,inf,full,both,inf,180.0,0.01,0.0,0.0,256,20,3,0.5,0.1,0.99,10.0,256,20,0,128,0,0.0,4.4999999999999964,300.0,5376.915524954431,0.0,0.0,0.0,
coast,flee,300.0,1800.0,0.1,0.05,5.0,1.25,10.0,10.0,10,100.0,inf,full,both,inf,180.0,0.01,0.0,0.0,256,20,3,0.5,0.1,0.99,10.0,256,20,0,128,0,0.0,1.25,300.0,3423.949252257076,0.0,0.0,0.0,
coast,flee,300.0,1800.0,0.1,0.05,5.0,2.5,10.0,10.0,10,100.0,inf,full,both,inf,180.0,0.01,0.0,0.0,256,20,3,0.5,0.1,0.99,10.0,256,20,0,128,0,0.0,2.5,300.0,5466.932825665657,0.0,0.0,0.0,
coast,flee,300.0,1800.0,0.1,0.05,5.0,3.75,10.0,10.0,10,100.0,inf,full,both,inf,180.0,0.01,0.0,0.0,256,20,3,0.5,0.1,0.99,10.0,256,20,0,128,0,0.0,3.75,300.0,7058.511681837852,0.0,0.0,0.0,
coast,flee,300.0,1800.0,0.1,0.05,5.0,4.5,10.0,10.0,10,100.0,inf,full,both,inf,180.0,0.01,0.0,0.0,256,20,3,0.5,0.1,0.99,10.0,256,20,0,128,0,0.0,4.5,300.0,7820.818237513393,0.0,0.0,0.0,
coast,flee,300.0,1800.0,0.1,0.05,5.0,5.0,10.0,10.0,10,100.0,inf,full,both,inf,180.0,0.01,0.0,0.0,256,20,3,0.5,0.1,0.99,10.0,256,20,0,128,0,0.0,5.0,300.0,8256.576490090516,0.0,0.0,0.0,
coast,flee,300.0,1800.0,0.1,0.05,5.0,5.5,10.0,10.0,10,100.0,inf,full,both,inf,180.0,0.01,0.0,0.0,256,20,3,0.5,0.1,0.99,10.0,256,20,0,128,0,0.0,5.5,300.0,8637.687201351486,0.0,0.0,0.0,
coast,flee,300.0,1800.0,0.1,0.05,5.0,6.25,10.0,10.0,10,100.0,inf,full,both,inf,180.0,0.01,0.0,0.0,256,20,3,0.5,0.1,0.99,10.0,256,20,0,128,0,0.0,6.25,300.0,9111.190586270635,0.0,0.0,0.0,
coast,flee,300.0,1800.0,0.1,0.05,5.0,7.5,10.0,10.0,10,100.0,inf,full,both,inf,180.0,0.01,0.0,0.0,256,20,3,0.5,0.1,0.99,10.0,256,20,0,128,0,0.0,7.5,300.0,9647.528112018776,0.0,0.0,0.0,
coast,flee,300.0,1800.0,0.1,0.05,5.0,10.0,10.0,10.0,10,100.0,inf,full,both,inf,180.0,0.01,0.0,0.0,256,20,3,0.5,0.1,0.99,10.0,256,20,0,128,0,0.0,8.999999999999993,300.0,9879.707454348829,0.0,0.0,0.0,
coast,flee,300.0,1800.0,0.1,0.05,5.0,inf,10.0,10.0,10,100.0,inf,full,both,inf,180.0,0.01,0.0,0.0,256,20,3,0.5,0.1,0.99,10.0,256,20,0,128,0,0.0,8.999999999999993,300.0,9879.707454348829,0.0,0.0,0.0,
coast,flee,300.0,1800.0,0.1,0.075,5.0,1.25,10.0,10.0,10,100.0,inf,full,both,inf,180.0,0.01,0.0,0.0,256,20,3,0.5,0.1,0.99,10.0,256,20,0,128,0,0.0,1.25,300.0,3508.7750787707573,0.0,0.0,0.0,
coast,flee,300.0,1800.0,0.1,0.075,5.0,2.5,10.0,10.0,10,100.0,inf,full,both,inf,180.0,0.01,0.0,0.0,256,20,3,0.5,0.1,0.99,10.0,256,20,0,128,0,0.0,2.5,300.0,5813.589231948871,0.0,0.0,0.0,
coast,flee,300.0,1800.0,0.1,0.075,5.0,3.75,10.0,10.0,10,100.0,inf,full,both,inf,180.0,0.01,0.0,0.0,256,20,3,0.5,0.1,0.99,10.0,256,20,0,128,0,0.0,3.75,300.0,7792.190984550644,0.0,0.0,0.0,
coast,flee,300.0,1800.0,0.1,0.075,5.0,4.5,10.0,10.0,10,100.0,inf,full,both,inf,180.0,0.01,0.0,0.0,256,20,3,0.5,0.1,0.99,10.0,256,20,0,128,0,0.0,4.5,300.0,8828.408188956799,0.0,0.0,0.0,
coast,flee,300.0,1800.0,0.1,0.075,5.0,5.0,10.0,10.0,10,100.0,inf,full,both,inf,180.0,0.01,0.0,0.0,256,20,3,0.5,0.1,0.99,10.0,256,20,0,128,0,0.0,5.0,300.0,9460.454233958755,0.0,0.0,0.0,
coast,flee,300.0,1800.0,0.1,0.075,5.0,5.5,10.0,10.0,10,100.0,inf,full,both,inf,180.0,0.01,0.0,0.0,256,20,3,0.5,0.1,0.99,10.0,256,20,0,128,0,0.0,5.5,300.0,10048.117709614951,0.0,0.0,0.0,
coast,flee,300.0,1800.0,0.1,0.075,5.0,6.25,10.0,10.0,10,100.0,inf,full,both,inf,180.0,0.01,0.0,0.0,256,20,3,0.5,0.1,0.99,10.0,256,20,0,128,0,0.0,6.25,300.0,10850.400723243236,0.0,0.0,0.0,
coast,flee,300.0,1800.0,0.1,0.075,5.0,7.5,10.0,10.0,10,100.0,inf,full,both,inf,180.0,0.01,0.0,0.0,256,20,3,0.5,0.1,0.99,10.0,256,20,0,128,0,0.0,7.5,300.0,11990.320821909749,0.0,0.0,0.0,
coast,flee,300.0,1800.0,0.1,0.075,5.0,10.0,10.0,10.0,10,100.0,inf,full,both,inf,180.0,0.01,0.0,0.0,256,20,3,0.5,0.1,0.99,10.0,256,20,0,128,0,0.0,10.0,300.0,13595.196001757471,0.0,0.0,0.0,
coast,flee,300.0,1800.0,0.1,0.075,5.0,inf,10.0,10.0,10,100.0,inf,full,both,inf,180.0,0.01,0.0,0.0,256,20,3,0.5,0.1,0.99,10.0,256,20,0,128,0,0.0,13.49999999999996,300.0,14428.158214895417,0.0,0.0,0.0,
coast,flee,300.0,1800.0,0.1,0.09,5.0,1.25,10.0,10.0,10,100.0,inf,full,both,inf,180.0,0.01,0.0,0.0,256,20,3,0.5,0.1,0.99,10.0,256,20,0,128,0,0.0,1.25,300.0,3537.8932972034954,0.0,0.0,0.0,
coast,flee,300.0,1800.0,0.1,0.09,5.0,2.5,10.0,10.0,10,100.0,inf,full,both,inf,180.0,0.01,0.0,0.0,256,20,3,0.5,0.1,0.99,10.0,256,20,0,128,0,0.0,2.5,300.0,5934.91122598507,0.0,0.0,0.0,
coast,flee,300.0,1800.0,0.1,0.09,5.0,3.75,10.0,10.0,10,100.0,inf,full,both,inf,180.0,0.01,0.0,0.0,256,20,3,0.5,0.1,0.99,10.0,256,20,0,128,0,0.0,3.75,300.0,8055.66038886651,0.0,0.0,0.0,
coast,flee,300.0,1800.0,0.1,0.09,5.0,4.5,10.0,10.0,10,100.0,inf,full,both,inf,180.0,0.01,0.0,0.0,256,20,3,0.5,0.1,0.99,10.0,256,20,0,128,0,0.0,4.5,300.0,9196.092978146537,0.0,0.0,0.0,
coast,flee,300.0,1800.0,0.1,0.09,5.0,5.0,10.0,10.0,10,100.0,inf,full,both,inf,180.0,0.01,0.0,0.0,256,20,3,0.5,0.1,0.99,10.0,256,20,0,128,0,0.0,5.0,300.0,9903.763915421532,0.0,0.0,0.0,
coast,flee,300.0,1800.0,0.1,0.09,5.0,5.5,10.0,10.0,10,100.0,inf,full,both,inf,180.0,0.01,0.0,0.0,256,20,3,0.5,0.1,0.99,10.0,256,20,0,128,0,0.0,5.5,300.0,10571.579847890824,0.0,0.0,0.0,
coast,flee,300.0,1800.0,0.1,0.09,5.0,6.25,10.0,10.0,10,100.0,inf,full,both,inf,180.0,0.01,0.0,0.0,256,20,3,0.5,0.1,0.99,10.0,256,20,0,128,0,0.0,6.25,300.0,11501.109115875272,0.0,0.0,0.0,
coast,flee,300.0,1800.0,0.1,0.09,5.0,7.5,10.0,10.0,10,100.0,inf,full,both,inf,180.0,0.01,0.0,0.0,256,20,3,0.5,0.1,0.99,10.0,256,20,0,128,0,0.0,7.5,300.0,12870.327354913725,0.0,0.0,0.0,
coast,flee,300.0,1800.0,0.1,0.09,5.0,10.0,10.0,10.0,10,100.0,inf,full,both,inf,180.0,0.01,0.0,0.0,256,20,3,0.5,0.1,0.99,10.0,256,20,0,128,0,0.0,10.0,300.0,14997.909574555122,0.0,0.0,0.0,
coast,flee,300.0,1800.0,0.1,0.09,5.0,inf,10.0,10.0,10,100.0,inf,full,both,inf,180.0,0.01,0.0,0.0,256,20,3,0.5,0.1,0.99,10.0,256,20,0,128,0,0.0,16.19999999999998,300.0,17166.25550981097,0.0,0.0,0.0,
coast,flee,300.0,1800.0,0.1,0.1,5.0,1.25,10.0,10.0,10,100.0,inf,full,both,inf,180.0,0.01,0.0,0.0,256,20,3,0.5,0.1,0.99,10.0,256,20,0,128,0,0.0,1.25,300.0,3552.421165756485,0.0,0.0,0.0,
coast,flee,300.0,1800.0,0.1,0.1,5.0,2.5,10.0,10.0,10,100.0,inf,full,both,inf,180.0,0.01,0.0,0.0,256,20,3,0.5,0.1,0.99,10.0,256,20,0,128,0,0.0,2.5,300.0,5996.8156546991695,0.0,0.0,0.0,
coast,flee,300.0,1800.0,0.1,0.1,5.0,3.75,10.0,10.0,10,100.0,inf,full,both,inf,180.0,0.01,0.0,0.0,256,20,3,0.5,0.1,0.99,10.0,256,20,0,128,0,0.0,3.75,300.0,8191.137857795278,0.0,0.0,0.0,
coast,flee,300.0,1800.0,0.1,0.1,5.0,4.5,10.0,10.0,10,100.0,inf,full,both,inf,180.0,0.01,0.0,0.0,256,20,3,0.5,0.1,0.99,10.0,256,20,0,128,0,0.0,4.5,300.0,9386.274942154352,0.0,0.0,0.0,
coast,flee,300.0,1800.0,0.1,0.1,5.0,5.0,10.0,10.0,10,100.0,inf,full,both,inf,180.0,0.01,0.0,0.0,256,20,3,0.5,0.1,0.99,10.0,256,20,0,128,0,0.0,5.0,300.0,10134.193575999388,0.0,0.0,0.0,
coast,flee,300.0,1800.0,0.1,0.1,5.0,5.5,10.0,10.0,10,100.0,inf,full,both,inf,180.0,0.01,0.0,0.0,256,20,3,0.5,0.1,0.99,10.0,256,20,0,128,0,0.0,5.5,300.0,10844.56087599111,0.0,0.0,0.0,
coast,flee,300.0,1800.0,0.1,0.1,5.0,6.25,10.0,10.0,10,100.0,inf,full,both,inf,180.0,0.01,0.0,0.0,256,20,3,0.5,0.1,0.99,10.0,256,20,0,128,0,0.0,6.25,300.0,11842.247053615918,0.0,0.0,0.0,
coast,flee,300.0,1800.0,0.1,0.1,5.0,7.5,10.0,10.0,10,100.0,inf,full,both,inf,180.0,0.01,0.0,0.0,256,20,3,0.5,0.1,0.99,10.0,256,20,0,128,0,0.0,7.5,300.0,13335.123316907284,0.0,0.0,0.0,
coast,flee,300.0,1800.0,0.1,0.1,5.0,10.0,10.0,10.0,10,100.0,inf,full,both,inf,180.0,0.01,0.0,0.0,256,20,3,0.5,0.1,0.99,10.0,256,20,0,128,0,0.0,10.0,300.0,15741.173347602558,0.0,0.0,0.0,
coast,flee,300.0,1800.0,0.1,0.1,5.0,inf,10.0,10.0,10,100.0,inf,full,both,inf,180.0,0.01,0.0,0.0,256,20,3,0.5,0.1,0.99,10.0,256,20,0,128,0,0.0,17.999999999999986,300.0,18993.92108002479,0.0,0.0,0.0,
coast,flee,300.0,1800.0,0.1,0.11,5.0,1.25,10.0,10.0,10,100.0,inf,full,both,inf,180.0,0.01,0.0,0.0,256,20,3,0.5,0.1,0.99,10.0,256,20,0,128,0,0.0,1.25,300.0,3564.4935402932824,0.0,0.0,0.0,
coast,flee,300.0,1800.0,0.1,0.11,5.0,2.5,10.0,10.0,10,100.0,inf,full,both,inf,180.0,0.01,0.0,0.0,256,20,3,0.5,0.1,0.99,10.0,256,20,0,128,0,0.0,2.5,300.0,6047.711542362808,0.0,0.0,0.0,
coast,flee,300.0,1800.0,0.1,0.11,5.0,3.75,10.0,10.0,10,100.0,inf,full,both,inf,180.0,0.01,0.0,0.0,256,20,3,0.5,0.1,0.99,10.0,256,20,0,128,0,0.0,3.75,300.0,8304.01667981393,0.0,0.0,0.0,
coast,flee,300.0,1800.0,0.1,0.11,5.0,4.5,10.0,10.0,10,100.0,inf,full,both,inf,180.0,0.01,0.0,0.0,256,20,3,0.5,0.1,0.99,10.0,256,20,0,128,0,0.0,4.5,300.0,9544.998118341024,0.0,0.0,0.0,
coast,flee,300.0,1800.0,0.1,0.11,5.0,5.0,10.0,10.0,10,100.0,inf,full,both,inf,180.0,0.01,0.0,0.0,256,20,3,0.5,0.1,0.99,10.0,256,20,0,128,0,0.0,5.0,300.0,10326.722931754286,0.0,0.0,0.0,
coast,flee,300.0,1800.0,0.1,0.11,5.0,5.5,10.0,10.0,10,100.0,inf,full,both,inf,180.0,0.01,0.0,0.0,256,20,3,0.5,0.1,0.99,10.0,256,20,0,128,0,0.0,5.5,300.0,11073.58353608365,0.0,0.0,0.0,
coast,flee,300.0,1800.0,0.1,0.11,5.0,6.25,10.0,10.0,10,100.0,inf,full,both,inf,180.0,0.01,0.0,0.0,256,20,3,0.5,0.1,0.99,10.0,256,20,0,128,0,0.0,6.25,300.0,12129.635881585238,0.0,0.0,0.0,
coast,flee,300.0,1800.0,0.1,0.11,5.0,7.5,10.0,10.0,10,100.0,inf,full,both,inf,180.0,0.01,0.0,0.0,256,20,3,0.5,0.1,0.99,10.0,256,20,0,128,0,0.0,7.5,300.0,13728.456236479256,0.0,0.0,0.0,
coast,flee,300.0,1800.0,0.1,0.11,5.0,10.0,10.0,10.0,10,100.0,inf,full,both,inf,180.0,0.01,0.0,0.0,256,20,3,0.5,0.1,0.99,10.0,256,20,0,128,0,0.0,10.0,300.0,16374.15210240682,0.0,0.0,0.0,
coast,flee,300.0,1800.0,0.1,0.11,5.0,inf,10.0,10.0,10,100.0,inf,full,both,inf,180.0,0.01,0.0,0.0,256,20,3,0.5,0.1,0.99,10.0,256,20,0,128,0,0.0,19.79999999999995,300.0,20822.94900748772,0.0,0.0,0.0,
coast,flee,300.0,1800.0,0.1,0.125,5.0,1.25,10.0,10.0,10,100.0,inf,full,both,inf,180.0,0.01,0.0,0.0,256,20,3,0.5,0.1,0.99,10.0,256,20,0,128,0,0.0,1.25,300.0,3579.301875389729,0.0,0.0,0.0,
coast,flee,300.0,1800.0,0.1,0.125,5.0,2.5,10.0,10.0,10,100.0,inf,full,both,inf,180.0,0.01,0.0,0.0,256,20,3,0.5,0.1,0.99,10.0,256,20,0,128,0,0.0,2.5,300.0,6109.901936041212,0.0,0.0,0.0,
coast,flee,300.0,1800.0,0.1,0.125,5.0,3.75,10.0,10.0,10,100.0,inf,full,both,inf,180.0,0.01,0.0,0.0,256,20,3,0.5,0.1,0.99,10.0,256,20,0,128,0,0.0,3.75,300.0,8441.626906863385,0.0,0.0,0.0,
coast,flee,300.0,1800.0,0.1,0.125,5.0,4.5,10.0,10.0,10,100.0,inf,full,both,inf,180.0,0.01,0.0,0.0,256,20,3,0.5,0.1,0.99,10.0,256,20,0,128,0,0.0,4.5,300.0,9739.467841963098,0.0,0.0,0.0,
coast,flee,300.0,1800.0,0.1,0.125,5.0,5.0,10.0,10.0,10,100.0,inf,full,both,inf,180.0,0.01,0.0,0.0,256,20,3,0.5,0.1,0.99,10.0,256,20,0,128,0,0.0,5.0,300.0,10563.47232004093,0.0,0.0,0.0,
coast,flee,300.0,1800.0,0.1,0.125,5.0,5.5,10.0,10.0,10,100.0,inf,full,both,inf,180.0,0.01,0.0,0.0,256,20,3,0.5,0.1,0.99,10.0,256,20,0,128,0,0.0,5.5,300.0,11355.325252448038,0.0,0.0,0.0,
coast,flee,300.0,1800.0,0.1,0.125,5.0,6.25,10.0,10.0,10,100.0,inf,full,both,inf,180.0,0.01,0.0,0.0,256,20,3,0.5,0.1,0.99,10.0,256,20,0,128,0,0.0,6.25,300.0,12484.539904320956,0.0,0.0,0.0,
coast,flee,300.0,1800.0,0.1,0.125,5.0,7.5,10.0,10.0,10,100.0,inf,full,both,inf,180.0,0.01,0.0,0.0,256,20,3,0.5,0.1,0.99,10.0,256,20,0,128,0,0.0,7.5,300.0,14217.193795558976,0.0,0.0,0.0,
coast,flee,300.0,1800.0,0.1,0.125,5.0,10.0,10.0,10.0,10,100.0,inf,full,both,inf,180.0,0.01,0.0,0.0,256,20,3,0.5,0.1,0.99,10.0,256,20,0,128,0,0.0,10.0,300.0,17166.936386303158,0.0,0.0,0.0,
coast,flee,300.0,1800.0,0.1,0.125,5.0,inf,10.0,10.0,10,100.0,inf,full,both,inf,180.0,0.01,0.0,0.0,256,20,3,0.5,0.1,0.99,10.0,256,20,0,128,0,0.0,22.5,300.0,23568.484684255644,0.0,0.0,0.0,
coast,flee,300.0,1800.0,0.1,0.15,5.0,1.25,10.0,10.0,10,100.0,inf,full,both,inf,180.0,0.01,0.0,0.0,256,20,3,0.5,0.1,0.99,10.0,256,20,0,128,0,0.0,1.25,300.0,3596.9634650250587,0.0,0.0,0.0,
coast,flee,300.0,1800.0,0.1,0.15,5.0,2.5,10.0,10.0,10,100.0,inf,full,both,inf,180.0,0.01,0.0,0.0,256,20,3,0.5,0.1,0.99,10.0,256,20,0,128,0,0.0,2.5,300.0,6186.376599426038,0.0,0.0,0.0,
coast,flee,300.0,1800.0,0.1,0.15,5.0,3.75,10.0,10.0,10,100.0,inf,full,both,inf,180.0,0.01,0.0,0.0,256,20,3,0.5,0.1,0.99,10.0,256,20,0,128,0,0.0,3.75,300.0,8613.082942537023,0.0,0.0,0.0,
coast,flee,300.0,1800.0,0.1,0.15,5.0,4.5,10.0,10.0,10,100.0,inf,full,both,inf,180.0,0.01,0.0,0.0,256,20,3,0.5,0.1,0.99,10.0,256,20,0,128,0,0.0,4.5,300.0,9982.81310877887,0.0,0.0,0.0,
coast,flee,300.0,1800.0,0.1,0.15,5.0,5.0,10.0,10.0,10,100.0,inf,full,both,inf,180.0,0.01,0.0,0.0,256,20,3,0.5,0.1,0.99,10.0,256,20,0,128,0,0.0,5.0,300.0,10860.124088189936,0.0,0.0,0.0,
coast,flee,300.0,1800.0,0.1,0.15,5.0,5.5,10.0,10.0,10,100.0,inf,full,both,inf,180.0,0.01,0.0,0.0,256,20,3,0.5,0.1,0.99,10.0,256,20,0,128,0,0.0,5.5,300.0,11709.781849440453,0.0,0.0,0.0,
coast,flee,300.0,1800.0,0.1,0.15,5.0,6.25,10.0,10.0,10,100.0,inf,full,both,inf,180.0,0.01,0.0,0.0,256,20,3,0.5,0.1,0.99,10.0,256,20,0,128,0,0.0,6.25,300.0,12932.978730095034,0.0,0.0,0.0,
coast,flee,300.0,1800.0,0.1,0.15,5.0,7.5,10.0,10.0,10,100.0,inf,full,both,inf,180.0,0.01,0.0,0.0,256,20,3,0.5,0.1,0.99,10.0,256,20,0,128,0,0.0,7.5,300.0,14839.767400432667,0.0,0.0,0.0,
coast,flee,300.0,1800.0,0.1,0.15,5.0,10.0,10.0,10.0,10,100.0,inf,full,both,inf,180.0,0.01,0.0,0.0,256,20,3,0.5,0.1,0.99,10.0,256,20,0,128,0,0.0,10.0,300.0,18189.48068839617,0.0,0.0,0.0,
coast,flee,300.0,1800.0,0.1,0.15,5.0,inf,10.0,10.0,10,100.0,inf,full,both,inf,180.0,0.01,0.0,0.0,256,20,3,0.5,0.1,0.99,10.0,256,20,0,128,0,0.0,26.99999999999992,300.0,28148.28858345036,0.0,0.0,0.0,
coast,flee,300.0,1800.0,0.1,0.2,5.0,1.25,10.0,10.0,10,100.0,inf,full,both,inf,180.0,0.01,0.0,0.0,256,20,3,0.5,0.1,0.99,10.0,256,20,0,128,0,0.0,1.25,300.0,3619.591647496198,0.0,0.0,0.0,
coast,flee,300.0,1800.0,0.1,0.2,5.0,2.5,10.0,10.0,10,100.0,inf,full,both,inf,180.0,0.01,0.0,0.0,256,20,3,0.5,0.1,0.99,10.0,256,20,0,128,0,0.0,2.5,300.0,6283.826845194124,0.0,0.0,0.0,
coast,flee,300.0,1800.0,0.1,0.2,5.0,3.75,10.0,10.0,10,100.0,inf,full,both,inf,180.0,0.01,0.0,0.0,256,20,3,0.5,0.1,0.99,10.0,256,20,0,128,0,0.0,3.75,300.0,8832.375941764145,0.0,0.0,0.0,
coast,flee,300.0,1800.0,0.1,0.2,5.0,4.5,10.0,10.0,10,100.0,inf,full,both,inf,180.0,0.01,0.0,0.0,256,20,3,0.5,0.1,0.99,10.0,256,20,0,128,0,0.0,4.5,300.0,10295.60225465491,0.0,0.0,0.0,
coast,flee,300.0,1800.0,0.1,0.2,5.0,5.0,10.0,10.0,10,100.0,inf,full,both,inf,180.0,0.01,0.0,0.0,256,20,3,0.5,0.1,0.99,10.0,256,20,0,128,0,0.0,5.0,300.0,11243.94517694588,0.0,0.0,0.0,
coast,flee,300.0,1800.0,0.1,0.2,5.0,5.5,10.0,10.0,10,100.0,inf,full,both,inf,180.0,0.01,0.0,0.0,256,20,3,0.5,0.1,0.99,10.0,256,20,0,128,0,0.0,5.5,300.0,12169.38388049121,0.0,0.0,0.0,
coast,flee,300.0,1800.0,0.1,0.2,5.0,6.25,10.0,10.0,10,100.0,inf,full,both,inf,180.0,0.01,0.0,0.0,256,20,3,0.5,0.1,0.99,10.0,256,20,0,128,0,0.0,6.25,300.0,13517.606634281545,0.0,0.0,0.0,
coast,flee,300.0,1800.0,0.1,0.2,5.0,7.5,10.0,10.0,10,100.0,inf,full,both,inf,180.0,0.01,0.0,0.0,256,20,3,0.5,0.1,0.99,10.0,256,20,0,128,0,0.0,7.5,300.0,15658.04684708041,0.0,0.0,0.0,
coast,flee,300.0,1800.0,0.1,0.2,5.0,10.0,10.0,10.0,10,100.0,inf,full,both,inf,180.0,0.01,0.0,0.0,256,20,3,0.5,0.1,0.99,10.0,256,20,0,128,0,0.0,10.0,300.0,19558.75486324398,0.0,0.0,0.0,
coast,flee,300.0,1800.0,0.1,0.2,5.0,inf,10.0,10.0,10,100.0,inf,full,both,inf,180.0,0.01,0.0,0.0,256,20,3,0.5,0.1,0.99,10.0,256,20,0,128,0,0.0,35.99999999999997,300.0,37317.21740953044,0.0,0.0,0.0,
coast,coast,300.0,1800.0,0.1,0.025,5.0,1.25,10.0,10.0,10,100.0,inf,full,both,inf,180.0,0.01,0.0,0.0,256,20,3,0.5,0.1,0.99,10.0,256,20,0,128,0,0.0,0.0,279.2097537529803,1196.4469384400647,0.0,0.0,0.0,
coast,coast,300.0,1800.0,0.1,0.025,5.0,2.5,10.0,10.0,10,100.0,inf,full,both,inf,180.0,0.01,0.0,0.0,256,20,3,0.5,0.1,0.99,10.0,256,20,0,128,0,0.0,0.0,279.2097537529803,1196.4469384400647,0.0,0.0,0.0,
coast,coast,300.0,1800.0,0.1,0.025,5.0,3.75,10.0,10.0,10,100.0,inf,full,both,inf,180.0,0.01,0.0,0.0,256,20,3,0.5,0.1,0.99,10.0,256,20,0,128,0,0.0,0.0,279.2097537529803,1196.4469384400647,0.0,0.0,0.0,
coast,coast,300.0,1800.0,0.1,0.025,5.0,4.5,10.0,10.0,10,100.0,inf,full,both,inf,180.0,0.01,0.0,0.0,256,20,3,0.5,0.1,0.99,10.0,256,20,0,128,0,0.0,0.0,279.2097537529803,1196.4469384400647,0.0,0.0,0.0,
coast,coast,300.0,1800.0,0.1,0.025,5.0,5.0,10.0,10.0,10,100.0,inf,full,both,inf,180.0,0.01,0.0,0.0,256,20,3,0.5,0.1,0.99,10.0,256,20,0,128,0,0.0,0.0,279.2097537529803,1196.4469384400647,0.0,0.0,0.0,
coast,coast,300.0,1800.0,0.1,0.025,5.0,5.5,10.0,10.0,10,100.0,inf,full,both,inf,180.0,0.01,0.0,0.0,256,20,3,0.5,0.1,0.99,10.0,256,20,0,128,0,0.0,0.0,279.2097537529803,1196.4469384400647,0.0,0.0,0.0,
coast,coast,300.0,1800.0,0.1,0.025,5.0,6.25,10.0,10.0,10,100.0,inf,full,both,inf,180.0,0.01,0.0,0.0,256,20,3,0.5,0.1,0.99,10.0,256,20,0,128,0,0.0,0.0,279.2097537529803,1196.4469384400647,0.0,0.0,0.0,
coast,coast,300.0,1800.0,0.1,0.025,5.0,7.5,10.0,10.0,10,100.0,inf,full,both,inf,180.0,0.01,0.0,0.0,256,20,3,0.5,0.1,0.99,10.0,256,20,0,128,0,0.0,0.0,279.2097537529803,1196.4469384400647,0.0,0.0,0.0,
coast,coast,300.0,1800.0,0.1,0.025,5.0,10.0,10.0,10.0,10,100.0,inf,full,both,inf,180.0,0.01,0.0,0.0,256,20,3,0.5,0.1,0.99,10.0,256,20,0,128,0,0.0,0.0,279.2097537529803,1196.4469384400647,0.0,0.0,0.0,
coast,coast,300.0,1800.0,0.1,0.025,5.0,inf,10.0,10.0,10,100.0,inf,full,both,inf,180.0,0.01,0.0,0.0,256,20,3,0.5,0.1,0.99,10.0,256,20,0,128,0,0.0,0.0,279.2097537529803,1196.4469384400647,0.0,0.0,0.0,
coast,coast,300.0,1800.0,0.1,0.05,5.0,1.25,10.0,10.0,10,100.0,inf,full,both,inf,180.0,0.01,0.0,0.0,256,20,3,0.5,0.1,0.99,10.0,256,20,0,128,0,0.0,0.0,279.2097537529803,1196.4469384400647,0.0,0.0,0.0,
coast,coast,300.0,1800.0,0.1,0.05,5.0,2.5,10.0,10.0,10,100.0,inf,full,both,inf,180.0,0.01,0.0,0.0,256,20,3,0.5,0.1,0.99,10.0,256,20,0,128,0,0.0,0.0,279.2097537529803,1196.4469384400647,0.0,0.0,0.0,
coast,coast,300.0,1800.0,0.1,0.05,5.0,3.75,10.0,10.0,10,100.0,inf,full,both,inf,180.0,0.01,0.0,0.0,256,20,3,0.5,0.1,0.99,10.0,256,20,0,128,0,0.0,0.0,279.2097537529803,1196.4469384400647,0.0,0.0,0.0,
coast,coast,300.0,1800.0,0.1,0.05,5.0,4.5,10.0,10.0,10,100.0,inf,full,both,inf,180.0,0.01,0.0,0.0,256,20,3,0.5,0.1,0.99,10.0,256,20,0,128,0,0.0,0.0,279.2097537529803,1196.4469384400647,0.0,0.0,0.0,
coast,coast,300.0,1800.0,0.1,0.05,5.0,5.0,10.0,10.0,10,100.0,inf,full,both,inf,180.0,0.01,0.0,0.0,256,20,3,0.5,0.1,0.99,10.0,256,20,0,128,0,0.0,0.0,279.2097537529803,1196.4469384400647,0.0,0.0,0.0,
coast,coast,300.0,1800.0,0.1,0.05,5.0,5.5,10.0,10.0,10,100.0,inf,full,both,inf,180.0,0.01,0.0,0.0,256,20,3,0.5,0.1,0.99,10.0,256,20,0,128,0,0.0,0.0,279.2097537529803,1196.4469384400647,0.0,0.0,0.0,
coast,coast,300.0,1800.0,0.1,0.05,5.0,6.25,10.0,10.0,10,100.0,inf,full,both,inf,180.0,0.01,0.0,0.0,256,20,3,0.5,0.1,0.99,10.0,256,20,0,128,0,0.0,0.0,279.2097537529803,1196.4469384400647,0.0,0.0,0.0,
coast,coast,300.0,1800.0,0.1,0.05,5.0,7.5,10.0,10.0,10,100.0,inf,full,both,inf,180.0,0.01,0.0,0.0,256,20,3,0.5,0.1,0.99,10.0,256,20,0,128,0,0.0,0.0,279.2097537529803,1196.4469384400647,0.0,0.0,0.0,
coast,coast,300.0,1800.0,0.1,0.05,5.0,10.0,10.0,10.0,10,100.0,inf,full,both,inf,180.0,0.01,0.0,0.0,256,20,3,0.5,0.1,0.99,10.0,256,20,0,128,0,0.0,0.0,279.2097537529803,1196.4469384400647,0.0,0.0,0.0,
coast,coast,300.0,1800.0,0.1,0.05,5.0,inf,10.0,10.0,10,100.0,inf,full,both,inf,180.0,0.01,0.0,0.0,256,20,3,0.5,0.1,0.99,10.0,256,20,0,128,0,0.0,0.0,279.2097537529803,1196.4469384400647,0.0,0.0,0.0,
coast,coast,300.0,1800.0,0.1,0.075,5.0,1.25,10.0,10.0,10,100.0,inf,full,both,inf,180.0,0.01,0.0,0.0,256,20,3,0.5,0.1,0.99,10.0,256,20,0,128,0,0.0,0.0,279.2097537529803,1196.4469384400647,0.0,0.0,0.0,
coast,coast,300.0,1800.0,0.1,0.075,5.0,2.5,10.0,10.0,10,100.0,inf,full,both,inf,180.0,0.01,0.0,0.0,256,20,3,0.5,0.1,0.99,10.0,256,20,0,128,0,0.0,0.0,279.2097537529803,1196.4469384400647,0.0,0.0,0.0,
coast,coast,300.0,1800.0,0.1,0.075,5.0,3.75,10.0,10.0,10,100.0,inf,full,both,inf,180.0,0.01,0.0,0.0,256,20,3,0.5,0.1,0.99,10.0,256,20,0,128,0,0.0,0.0,279.2097537529803,1196.4469384400647,0.0,0.0,0.0,
coast,coast,300.0,1800.0,0.1,0.075,5.0,4.5,10.0,10.0,10,100.0,inf,full,both,inf,180.0,0.01,0.0,0.0,256,20,3,0.5,0.1,0.99,10.0,256,20,0,128,0,0.0,0.0,279.2097537529803,1196.4469384400647,0.0,0.0,0.0,
coast,coast,300.0,1800.0,0.1,0.075,5.0,5.0,10.0,10.0,10,100.0,inf,full,both,inf,180.0,0.01,0.0,0.0,256,20,3,0.5,0.1,0.99,10.0,256,20,0,128,0,0.0,0.0,279.2097537529803,1196.4469384400647,0.0,0.0,0.0,
coast,coast,300.0,1800.0,0.1,0.075,5.0,5.5,10.0,10.0,10,100.0,inf,full,both,inf,180.0,0.01,0.0,0.0,256,20,3,0.5,0.1,0.99,10.0,256,20,0,128,0,0.0,0.0,279.2097537529803,1196.4469384400647,0.0,0.0,0.0,
coast,coast,300.0,1800.0,0.1,0.075,5.0,6.25,10.0,10.0,10,100.0,inf,full,both,inf,180.0,0.01,0.0,0.0,256,20,3,0.5,0.1,0.99,10.0,256,20,0,128,0,0.0,0.0,279.2097537529803,1196.4469384400647,0.0,0.0,0.0,
coast,coast,300.0,1800.0,0.1,0.075,5.0,7.5,10.0,10.0,10,100.0,inf,full,both,inf,180.0,0.01,0.0,0.0,256,20,3,0.5,0.1,0.99,10.0,256,20,0,128,0,0.0,0.0,279.2097537529803,1196.4469384400647,0.0,0.0,0.0,
coast,coast,300.0,1800.0,0.1,0.075,5.0,10.0,10.0,10.0,10,100.0,inf,full,both,inf,180.0,0.01,0.0,0.0,256,20,3,0.5,0.1,0.99,10.0,256,20,0,128,0,0.0,0.0,279.2097537529803,1196.4469384400647,0.0,0.0,0.0,
coast,coast,300.0,1800.0,0.1,0.075,5.0,inf,10.0,10.0,10,100.0,inf,full,both,inf,180.0,0.01,0.0,0.0,256,20,3,0.5,0.1,0.99,10.0,256,20,0,128,0,0.0,0.0,279.2097537529803,1196.4469384400647,0.0,0.0,0.0,
coast,coast,300.0,1800.0,0.1,0.09,5.0,1.25,10.0,10.0,10,100.0,inf,full,both,inf,180.0,0.01,0.0,0.0,256,20,3,0.5,0.1,0.99,10.0,256,20,0,128,0,0.0,0.0,279.2097537529803,1196.4469384400647,0.0,0.0,0.0,
coast,coast,300.0,1800.0,0.1,0.09,5.0,2.5,10.0,10.0,10,100.0,inf,full,both,inf,180.0,0.01,0.0,0.0,256,20,3,0.5,0.1,0.99,10.0,256,20,0,128,0,0.0,0.0,279.2097537529803,1196.4469384400647,0.0,0.0,0.0,
coast,coast,300.0,1800.0,0.1,0.09,5.0,3.75,10.0,10.0,10,100.0,inf,full,both,inf,180.0,0.01,0.0,0.0,256,20,3,0.5,0.1,0.99,10.0,256,20,0,128,0,0.0,0.0,279.2097537529803,1196.4469384400647,0.0,0.0,0.0,
coast,coast,300.0,1800.0,0.1,0.09,5.0,4.5,10.0,10.0,10,100.0,inf,full,both,inf,180.0,0.01,0.0,0.0,256,20,3,0.5,0.1,0.99,10.0,256,20,0,128,0,0.0,0.0,279.2097537529803,1196.4469384400647,0.0,0.0,0.0,
coast,coast,300.0,1800.0,0.1,0.09,5.0,5.0,10.0,10.0,10,100.0,inf,full,both,inf,180.0,0.01,0.0,0.0,256,20,3,0.5,0.1,0.99,10.0,256,20,0,128,0,0.0,0.0,279.2097537529803,1196.4469384400647,0.0,0.0,0.0,
coast,coast,300.0,1800.0,0.1,0.09,5.0,5.5,10.0,10.0,10,100.0,inf,full,both,inf,180.0,0.01,0.0,0.0,256,20,3,0.5,0.1,0.99,10.0,256,20,0,128,0,0.0,0.0,279.2097537529803,1196.4469384400647,0.0,0.0,0.0,
coast,coast,300.0,1800.0,0.1,0.09,5.0,6.25,10.0,10.0,10,100.0,inf,full,both,inf,180.0,0.01,0.0,0.0,256,20,3,0.5,0.1,0.99,10.0,256,20,0,128,0,0.0,0.0,279.2097537529803,1196.4469384400647,0.0,0.0,0.0,
coast,coast,300.0,1800.0,0.1,0.09,5.0,7.5,10.0,10.0,10,100.0,inf,full,both,inf,180.0,0.01,0.0,0.0,256,20,3,0.5,0.1,0.99,10.0,256,20,0,128,0,0.0,0.0,279.2097537529803,1196.4469384400647,0.0,0.0,0.0,
coast,coast,300.0,1800.0,0.1,0.09,5.0,10.0,10.0,10.0,10,100.0,inf,full,both,inf,180.0,0.01,0.0,0.0,256,20,3,0.5,0.1,0.99,10.0,256,20,0,128,0,0.0,0.0,279.2097537529803,1196.4469384400647,0.0,0.0,0.0,
coast,coast,300.0,1800.0,0.1,0.09,5.0,inf,10.0,10.0,10,100.0,inf,full,both,inf,180.0,0.01,0.0,0.0,256,20,3,0.5,0.1,0.99,10.0,256,20,0,128,0,0.0,0.0,279.2097537529803,1196.4469384400647,0.0,0.0,0.0,
coast,coast,300.0,1800.0,0.1,0.1,5.0,1.25,10.0,10.0,10,100.0,inf,full,both,inf,180.0,0.01,0.0,0.0,256,20,3,0.5,0.1,0.99,10.0,256,20,0,128,0,0.0,0.0,279.2097537529803,1196.4469384400647,0.0,0.0,0.0,
coast,coast,300.0,1800.0,0.1,0.1,5.0,2.5,10.0,10.0,10,100.0,inf,full,both,inf,180.0,0.01,0.0,0.0,256,20,3,0.5,0.1,0.99,10.0,256,20,0,128,0,0.0,0.0,279.2097537529803,1196.4469384400647,0.0,0.0,0.0,
coast,coast,300.0,1800.0,0.1,0.1,5.0,3.75,10.0,10.0,10,100.0,inf,full,both,inf,180.0,0.01,0.0,0.0,256,20,3,0.5,0.1,0.99,10.0,256,20,0,128,0,0.0,0.0,279.2097537529803,1196.4469384400647,0.0,0.0,0.0,
coast,coast,300.0,1800.0,0.1,0.1,5.0,4.5,10.0,10.0,10,100.0,inf,full,both,inf,180.0,0.01,0.0,0.0,256,20,3,0.5,0.1,0.99,10.0,256,20,0,128,0,0.0,0.0,279.2097537529803,1196.4469384400647,0.0,0.0,0.0,
coast,coast,300.0,1800.0,0.1,0.1,5.0,5.0,10.0,10.0,10,100.0,inf,full,both,inf,180.0,0.01,0.0,0.0,256,20,3,0.5,0.1,0.99,10.0,256,20,0,128,0,0.0,0.0,279.2097537529803,1196.4469384400647,0.0,0.0,0.0,
coast,coast,300.0,1800.0,0.1,0.1,5.0,5.5,10.0,10.0,10,100.0,inf,full,both,inf,180.0,0.01,0.0,0.0,256,20,3,0.5,0.1,0.99,10.0,256,20,0,128,0,0.0,0.0,279.2097537529803,1196.4469384400647,0.0,0.0,0.0,
coast,coast,300.0,1800.0,0.1,0.1,5.0,6.25,10.0,10.0,10,100.0,inf,full,both,inf,180.0,0.01,0.0,0.0,256,20,3,0.5,0.1,0.99,10.0,256,20,0,128,0,0.0,0.0,279.2097537529803,1196.4469384400647,0.0,0.0,0.0,
coast,coast,300.0,1800.0,0.1,0.1,5.0,7.5,10.0,10.0,10,100.0,inf,full,both,inf,180.0,0.01,0.0,0.0,256,20,3,0.5,0.1,0.99,10.0,256,20,0,128,0,0.0,0.0,279.2097537529803,1196.4469384400647,0.0,0.0,0.0,
coast,coast,300.0,1800.0,0.1,0.1,5.0,10.0,10.0,10.0,10,100.0,inf,full,both,inf,180.0,0.01,0.0,0.0,256,20,3,0.5,0.1,0.99,10.0,256,20,0,128,0,0.0,0.0,279.2097537529803,1196.4469384400647,0.0,0.0,0.0,
coast,coast,300.0,1800.0,0.1,0.1,5.0,inf,10.0,10.0,10,100.0,inf,full,both,inf,180.0,0.01,0.0,0.0,256,20,3,0.5,0.1,0.99,10.0,256,20,0,128,0,0.0,0.0,279.2097537529803,1196.4469384400647,0.0,0.0,0.0,
coast,coast,300.0,1800.0,0.1,0.11,5.0,1.25,10.0,10.0,10,100.0,inf,full,both,inf,180.0,0.01,0.0,0.0,256,20,3,0.5,0.1,0.99,10.0,256,20,0,128,0,0.0,0.0,279.2097537529803,1196.4469384400647,0.0,0.0,0.0,
coast,coast,300.0,1800.0,0.1,0.11,5.0,2.5,10.0,10.0,10,100.0,inf,full,both,inf,180.0,0.01,0.0,0.0,256,20,3,0.5,0.1,0.99,10.0,256,20,0,128,0,0.0,0.0,279.2097537529803,1196.4469384400647,0.0,0.0,0.0,
coast,coast,300.0,1800.0,0.1,0.11,5.0,3.75,10.0,10.0,10,100.0,inf,full,both,inf,180.0,0.01,0.0,0.0,256,20,3,0.5,0.1,0.99,10.0,256,20,0,128,0,0.0,0.0,279.2097537529803,1196.4469384400647,0.0,0.0,0.0,
coast,coast,300.0,1800.0,0.1,0.11,5.0,4.5,10.0,10.0,10,100.0,inf,full,both,inf,180.0,0.01,0.0,0.0,256,20,3,0.5,0.1,0.99,10.0,256,20,0,128,0,0.0,0.0,279.2097537529803,1196.4469384400647,0.0,0.0,0.0,
coast,coast,300.0,1800.0,0.1,0.11,5.0,5.0,10.0,10.0,10,100.0,inf,full,both,inf,180.0,0.01,0.0,0.0,256,20,3,0.5,0.1,0.99,10.0,256,20,0,128,0,0.0,0.0,279.2097537529803,1196.4469384400647,0.0,0.0,0.0,
coast,coast,300.0,1800.0,0.1,0.11,5.0,5.5,10.0,10.0,10,100.0,inf,full,both,inf,180.0,0.01,0.0,0.0,256,20,3,0.5,0.1,0.99,10.0,256,20,0,128,0,0.0,0.0,279.2097537529803,1196.4469384400647,0.0,0.0,0.0,
coast,coast,300.0,1800.0,0.1,0.11,5.0,6.25,10.0,10.0,10,100.0,inf,full,both,inf,180.0,0.01,0.0,0.0,256,20,3,0.5,0.1,0.99,10.0,256,20,0,128,0,0.0,0.0,279.2097537529803,1196.4469384400647,0.0,0.0,0.0,
coast,coast,300.0,1800.0,0.1,0.11,5.0,7.5,10.0,10.0,10,100.0,inf,full,both,inf,180.0,0.01,0.0,0.0,256,20,3,0.5,0.1,0.99,10.0,256,20,0,128,0,0.0,0.0,279.2097537529803,1196.4469384400647,0.0,0.0,0.0,
coast,coast,300.0,1800.0,0.1,0.11,5.0,10.0,10.0,10.0,10,100.0,inf,full,both,inf,180.0,0.01,0.0,0.0,256,20,3,0.5,0.1,0.99,10.0,256,20,0,128,0,0.0,0.0,279.2097537529803,1196.4469384400647,0.0,0.0,0.0,
coast,coast,300.0,1800.0,0.1,0.11,5.0,inf,10.0,10.0,10,100.0,inf,full,both,inf,180.0,0.01,0.0,0.0,256,20,3,0.5,0.1,0.99,10.0,256,20,0,128,0,0.0,0.0,279.2097537529803,1196.4469384400647,0.0,0.0,0.0,
coast,coast,300.0,1800.0,0.1,0.125,5.0,1.25,10.0,10.0,10,100.0,inf,full,both,inf,180.0,0.01,0.0,0.0,256,20,3,0.5,0.1,0.99,10.0,256,20,0,128,0,0.0,0.0,279.2097537529803,1196.4469384400647,0.0,0.0,0.0,
coast,coast,300.0,1800.0,0.1,0.125,5.0,2.5,10.0,10.0,10,100.0,inf,full,both,inf,180.0,0.01,0.0,0.0,256,20,3,0.5,0.1,0.99,10.0,256,20,0,128,0,0.0,0.0,279.2097537529803,1196.4469384400647,0.0,0.0,0.0,
coast,coast,300.0,1800.0,0.1,0.125,5.0,3.75,10.0,10.0,10,100.0,inf,full,both,inf,180.0,0.01,0.0,0.0,256,20,3,0.5,0.1,0.99,10.0,256,20,0,128,0,0.0,0.0,279.2097537529803,1196.4469384400647,0.0,0.0,0.0,
coast,coast,300.0,1800.0,0.1,0.125,5.0,4.5,10.0,10.0,10,100.0,inf,full,both,inf,180.0,0.01,0.0,0.0,256,20,3,0.5,0.1,0.99,10.0,256,20,0,128,0,0.0,0.0,279.2097537529803,1196.4469384400647,0.0,0.0,0.0,
coast,coast,300.0,1800.0,0.1,0.125,5.0,5.0,10.0,10.0,10,100.0,inf,full,both,inf,180.0,0.01,0.0,0.0,256,20,3,0.5,0.1,0.99,10.0,256,20,0,128,0,0.0,0.0,279.2097537529803,1196.4469384400647,0.0,0.0,0.0,
coast,coast,300.0,1800.0,0.1,0.125,5.0,5.5,10.0,10.0,10,100.0,inf,full,both,inf,180.0,0.01,0.0,0.0,256,20,3,0.5,0.1,0.99,10.0,256,20,0,128,0,0.0,0.0,279.2097537529803,1196.4469384400647,0.0,0.0,0.0,
coast,coast,300.0,1800.0,0.1,0.125,5.0,6.25,10.0,10.0,10,100.0,inf,full,both,inf,180.0,0.01,0.0,0.0,256,20,3,0.5,0.1,0.99,10.0,256,20,0,128,0,0.0,0.0,279.2097537529803,1196.4469384400647,0.0,0.0,0.0,
coast,coast,300.0,1800.0,0.1,0.125,5.0,7.5,10.0,10.0,10,100.0,inf,full,both,inf,180.0,0.01,0.0,0.0,256,20,3,0.5,0.1,0.99,10.0,256,20,0,128,0,0.0,0.0,279.2097537529803,1196.4469384400647,0.0,0.0,0.0,
coast,coast,300.0,1800.0,0.1,0.125,5.0,10.0,10.0,10.0,10,100.0,inf,full,both,inf,180.0,0.01,0.0,0.0,256,20,3,0.5,0.1,0.99,10.0,256,20,0,128,0,0.0,0.0,279.2097537529803,1196.4469384400647,0.0,0.0,0.0,
coast,coast,300.0,1800.0,0.1,0.125,5.0,inf,10.0,10.0,10,100.0,inf,full,both,inf,180.0,0.01,0.0,0.0,256,20,3,0.5,0.1,0.99,10.0,256,20,0,128,0,0.0,0.0,279.2097537529803,1196.4469384400647,0.0,0.0,0.0,
coast,coast,300.0,1800.0,0.1,0.15,5.0,1.25,10.0,10.0,10,100.0,inf,full,both,inf,180.0,0.01,0.0,0.0,256,20,3,0.5,0.1,0.99,10.0,256,20,0,128,0,0.0,0.0,279.2097537529803,1196.4469384400647,0.0,0.0,0.0,
coast,coast,300.0,1800.0,0.1,0.15,5.0,2.5,10.0,10.0,10,100.0,inf,full,both,inf,180.0,0.01,0.0,0.0,256,20,3,0.5,0.1,0.99,10.0,256,20,0,128,0,0.0,0.0,279.2097537529803,1196.4469384400647,0.0,0.0,0.0,
coast,coast,300.0,1800.0,0.1,0.15,5.0,3.75,10.0,10.0,10,100.0,inf,full,both,inf,180.0,0.01,0.0,0.0,256,20,3,0.5,0.1,0.99,10.0,256,20,0,128,0,0.0,0.0,279.2097537529803,1196.4469384400647,0.0,0.0,0.0,
coast,coast,300.0,1800.0,0.1,0.15,5.0,4.5,10.0,10.0,10,100.0,inf,full,both,inf,180.0,0.01,0.0,0.0,256,20,3,0.5,0.1,0.99,10.0,256,20,0,128,0,0.0,0.0,279.2097537529803,1196.4469384400647,0.0,0.0,0.0,
coast,coast,300.0,1800.0,0.1,0.15,5.0,5.0,10.0,10.0,10,100.0,inf,full,both,inf,180.0,0.01,0.0,0.0,256,20,3,0.5,0.1,0.99,10.0,256,20,0,128,0,0.0,0.0,279.2097537529803,1196.4469384400647,0.0,0.0,0.0,
coast,coast,300.0,1800.0,0.1,0.15,5.0,5.5,10.0,10.0,10,100.0,inf,full,both,inf,180.0,0.01,0.0,0.0,256,20,3,0.5,0.1,0.99,10.0,256,20,0,128,0,0.0,0.0,279.2097537529803,1196.4469384400647,0.0,0.0,0.0,
coast,coast,300.0,1800.0,0.1,0.15,5.0,6.25,10.0,10.0,10,100.0,inf,full,both,inf,180.0,0.01,0.0,0.0,256,20,3,0.5,0.1,0.99,10.0,256,20,0,128,0,0.0,0.0,279.2097537529803,1196.4469384400647,0.0,0.0,0.0,
coast,coast,300.0,1800.0,0.1,0.15,5.0,7.5,10.0,10.0,10,100.0,inf,full,both,inf,180.0,0.01,0.0,0.0,256,20,3,0.5,0.1,0.99,10.0,256,20,0,128,0,0.0,0.0,279.2097537529803,1196.4469384400647,0.0,0.0,0.0,
coast,coast,300.0,1800.0,0.1,0.15,5.0,10.0,10.0,10.0,10,100.0,inf,full,both,inf,180.0,0.01,0.0,0.0,256,20,3,0.5,0.1,0.99,10.0,256,20,0,128,0,0.0,0.0,279.2097537529803,1196.4469384400647,0.0,0.0,0.0,
coast,coast,300.0,1800.0,0.1,0.15,5.0,inf,10.0,10.0,10,100.0,inf,full,both,inf,180.0,0.01,0.0,0.0,256,20,3,0.5,0.1,0.99,10.0,256,20,0,128,0,0.0,0.0,279.2097537529803,1196.4469384400647,0.0,0.0,0.0,
coast,coast,300.0,1800.0,0.1,0.2,5.0,1.25,10.0,10.0,10,100.0,inf,full,both,inf,180.0,0.01,0.0,0.0,256,20,3,0.5,0.1,0.99,10.0,256,20,0,128,0,0.0,0.0,279.2097537529803,1196.4469384400647,0.0,0.0,0.0,
coast,coast,300.0,1800.0,0.1,0.2,5.0,2.5,10.0,10.0,10,100.0,inf,full,both,inf,180.0,0.01,0.0,0.0,256,20,3,0.5,0.1,0.99,10.0,256,20,0,128,0,0.0,0.0,279.2097537529803,1196.4469384400647,0.0,0.0,0.0,
coast,coast,300.0,1800.0,0.1,0.2,5.0,3.75,10.0,10.0,10,100.0,inf,full,both,inf,180.0,0.01,0.0,0.0,256,20,3,0.5,0.1,0.99,10.0,256,20,0,128,0,0.0,0.0,279.2097537529803,1196.4469384400647,0.0,0.0,0.0,
coast,coast,300.0,1800.0,0.1,0.2,5.0,4.5,10.0,10.0,10,100.0,inf,full,both,inf,180.0,0.01,0.0,0.0,256,20,3,0.5,0.1,0.99,10.0,256,20,0,128,0,0.0,0.0,279.2097537529803,1196.4469384400647,0.0,0.0,0.0,
coast,coast,300.0,1800.0,0.1,0.2,5.0,5.0,10.0,10.0,10,100.0,inf,full,both,inf,180.0,0.01,0.0,0.0,256,20,3,0.5,0.1,0.99,10.0,256,20,0,128,0,0.0,0.0,279.2097537529803,1196.4469384400647,0.0,0.0,0.0,
coast,coast,300.0,1800.0,0.1,0.2,5.0,5.5,10.0,10.0,10,100.0,inf,full,both,inf,180.0,0.01,0.0,0.0,256,20,3,0.5,0.1,0.99,10.0,256,20,0,128,0,0.0,0.0,279.2097537529803,1196.4469384400647,0.0,0.0,0.0,
coast,coast,300.0,1800.0,0.1,0.2,5.0,6.25,10.0,10.0,10,100.0,inf,full,both,inf,180.0,0.01,0.0,0.0,256,20,3,0.5,0.1,0.99,10.0,256,20,0,128,0,0.0,0.0,279.2097537529803,1196.4469384400647,0.0,0.0,0.0,
coast,coast,300.0,1800.0,0.1,0.2,5.0,7.5,10.0,10.0,10,100.0,inf,full,both,inf,180.0,0.01,0.0,0.0,256,20,3,0.5,0.1,0.99,10.0,256,20,0,128,0,0.0,0.0,279.2097537529803,1196.4469384400647,0.0,0.0,0.0,
coast,coast,300.0,1800.0,0.1,0.2,5.0,10.0,10.0,10.0,10,100.0,inf,full,both,inf,180.0,0.01,0.0,0.0,256,20,3,0.5,0.1,0.99,10.0,256,20,0,128,0,0.0,0.0,279.2097537529803,1196.4469384400647,0.0,0.0,0.0,
coast,coast,300.0,1800.0,0.1,0.2,5.0,inf,10.0,10.0,10,100.0,inf,full,both,inf,180.0,0.01,0.0,0.0,256,20,3,0.5,0.1,0.99,10.0,256,20,0,128,0,0.0,0.0,279.2097537529803,1196.4469384400647,0.0,0.0,0.0,
coast,mppi_direct,300.0,1800.0,0.1,0.025,5.0,1.25,10.0,10.0,10,100.0,inf,full,both,inf,180.0,0.01,0.0,0.0,256,20,3,0.5,0.1,0.99,10.0,256,20,0,128,0,0.0,1.25,231.72542726783195,2393.6206602841958,0.0,0.0,0.0,
coast,mppi_direct,300.0,1800.0,0.1,0.025,5.0,2.5,10.0,10.0,10,100.0,inf,full,both,inf,180.0,0.01,0.0,0.0,256,20,3,0.5,0.1,0.99,10.0,256,20,0,128,0,0.0,2.5,230.72966544611245,3444.100686580693,0.0,0.0,0.0,
coast,mppi_direct,300.0,1800.0,0.1,0.025,5.0,3.75,10.0,10.0,10,100.0,inf,full,both,inf,180.0,0.01,0.0,0.0,256,20,3,0.5,0.1,0.99,10.0,256,20,0,128,0,0.0,3.75,230.7328209653044,3960.845936334969,0.0,0.0,0.0,
coast,mppi_direct,300.0,1800.0,0.1,0.025,5.0,4.5,10.0,10.0,10,100.0,inf,full,both,inf,180.0,0.01,0.0,0.0,256,20,3,0.5,0.1,0.99,10.0,256,20,0,128,0,0.0,4.156431369566268,230.7328209653044,3989.836247696116,0.0,0.0,0.0,
coast,mppi_direct,300.0,1800.0,0.1,0.025,5.0,5.0,10.0,10.0,10,100.0,inf,full,both,inf,180.0,0.01,0.0,0.0,256,20,3,0.5,0.1,0.99,10.0,256,20,0,128,0,0.0,4.156854494644882,230.7328209653044,3988.751541383054,0.0,0.0,0.0,
coast,mppi_direct,300.0,1800.0,0.1,0.025,5.0,5.5,10.0,10.0,10,100.0,inf,full,both,inf,180.0,0.01,0.0,0.0,256,20,3,0.5,0.1,0.99,10.0,256,20,0,128,0,0.0,4.156670154013929,230.7328209653044,3988.7091802813657,0.0,0.0,0.0,
coast,mppi_direct,300.0,1800.0,0.1,0.025,5.0,6.25,10.0,10.0,10,100.0,inf,full,both,inf,180.0,0.01,0.0,0.0,256,20,3,0.5,0.1,0.99,10.0,256,20,0,128,0,0.0,4.156672330732309,230.7328209653044,3988.709149724313,0.0,0.0,0.0,
coast,mppi_direct,300.0,1800.0,0.1,0.025,5.0,7.5,10.0,10.0,10,100.0,inf,full,both,inf,180.0,0.01,0.0,0.0,256,20,3,0.5,0.1,0.99,10.0,256,20,0,128,0,0.0,4.156672330732309,230.7328209653044,3988.709149724313,0.0,0.0,0.0,
coast,mppi_direct,300.0,1800.0,0.1,0.025,5.0,10.0,10.0,10.0,10,100.0,inf,full,both,inf,180.0,0.01,0.0,0.0,256,20,3,0.5,0.1,0.99,10.0,256,20,0,128,0,0.0,4.156672330732309,230.7328209653044,3988.709149724313,0.0,0.0,0.0,
coast,mppi_direct,300.0,1800.0,0.1,0.025,5.0,inf,10.0,10.0,10,100.0,inf,full,both,inf,180.0,0.01,0.0,0.0,256,20,3,0.5,0.1,0.99,10.0,256,20,0,128,0,0.0,4.156672330732309,230.7328209653044,3988.709149724313,0.0,0.0,0.0,
coast,mppi_direct,300.0,1800.0,0.1,0.05,5.0,1.25,10.0,10.0,10,100.0,inf,full,both,inf,180.0,0.01,0.0,0.0,256,20,3,0.5,0.1,0.99,10.0,256,20,0,128,0,0.0,1.25,207.5351123871617,2772.2464595013107,0.0,0.0,0.0,
coast,mppi_direct,300.0,1800.0,0.1,0.05,5.0,2.5,10.0,10.0,10,100.0,inf,full,both,inf,180.0,0.01,0.0,0.0,256,20,3,0.5,0.1,0.99,10.0,256,20,0,128,0,0.0,2.5,188.06422078253328,4349.652029272721,0.0,0.0,0.0,
coast,mppi_direct,300.0,1800.0,0.1,0.05,5.0,3.75,10.0,10.0,10,100.0,inf,full,both,inf,180.0,0.01,0.0,0.0,256,20,3,0.5,0.1,0.99,10.0,256,20,0,128,0,0.0,3.75,188.65620252835288,5795.624913360282,0.0,0.0,0.0,
coast,mppi_direct,300.0,1800.0,0.1,0.05,5.0,4.5,10.0,10.0,10,100.0,inf,full,both,inf,180.0,0.01,0.0,0.0,256,20,3,0.5,0.1,0.99,10.0,256,20,0,128,0,0.0,4.5,188.5966226714133,6492.271575001239,0.0,0.0,0.0,
coast,mppi_direct,300.0,1800.0,0.1,0.05,5.0,5.0,10.0,10.0,10,100.0,inf,full,both,inf,180.0,0.01,0.0,0.0,256,20,3,0.5,0.1,0.99,10.0,256,20,0,128,0,0.0,5.0,188.5966578679403,6878.031832756576,0.0,0.0,0.0,
coast,mppi_direct,300.0,1800.0,0.1,0.05,5.0,5.5,10.0,10.0,10,100.0,inf,full,both,inf,180.0,0.01,0.0,0.0,256,20,3,0.5,0.1,0.99,10.0,256,20,0,128,0,0.0,5.5,188.5966578679403,7206.968512128196,0.0,0.0,0.0,
coast,mppi_direct,300.0,1800.0,0.1,0.05,5.0,6.25,10.0,10.0,10,100.0,inf,full,both,inf,180.0,0.01,0.0,0.0,256,20,3,0.5,0.1,0.99,10.0,256,20,0,128,0,0.0,6.25,188.5966578679403,7594.018360325389,0.0,0.0,0.0,
coast,mppi_direct,300.0,1800.0,0.1,0.05,5.0,7.5,10.0,10.0,10,100.0,inf,full,both,inf,180.0,0.01,0.0,0.0,256,20,3,0.5,0.1,0.99,10.0,256,20,0,128,0,0.0,7.5,188.5966578679403,7978.339621135061,0.0,0.0,0.0,
coast,mppi_direct,300.0,1800.0,0.1,0.05,5.0,10.0,10.0,10.0,10,100.0,inf,full,both,inf,180.0,0.01,0.0,0.0,256,20,3,0.5,0.1,0.99,10.0,256,20,0,128,0,0.0,8.437490416649215,188.5966578679403,8052.307248968078,0.0,0.0,0.0,
coast,mppi_direct,300.0,1800.0,0.1,0.05,5.0,inf,10.0,10.0,10,100.0,inf,full,both,inf,180.0,0.01,0.0,0.0,256,20,3,0.5,0.1,0.99,10.0,256,20,0,128,0,0.0,8.436744500591649,188.5966578679403,8052.169150532674,0.0,0.0,0.0,
coast,mppi_direct,300.0,1800.0,0.1,0.075,5.0,1.25,10.0,10.0,10,100.0,inf,full,both,inf,180.0,0.01,0.0,0.0,256,20,3,0.5,0.1,0.99,10.0,256,20,0,128,0,0.0,1.25,222.4548362431394,3018.6171885504914,0.0,0.0,0.0,
coast,mppi_direct,300.0,1800.0,0.1,0.075,5.0,2.5,10.0,10.0,10,100.0,inf,full,both,inf,180.0,0.01,0.0,0.0,256,20,3,0.5,0.1,0.99,10.0,256,20,0,128,0,0.0,2.5,172.94550841450695,4901.369220093719,0.0,0.0,0.0,
coast,mppi_direct,300.0,1800.0,0.1,0.075,5.0,3.75,10.0,10.0,10,100.0,inf,full,both,inf,180.0,0.01,0.0,0.0,256,20,3,0.5,0.1,0.99,10.0,256,20,0,128,0,0.0,3.75,176.71040985143642,6680.399666195809,0.0,0.0,0.0,
coast,mppi_direct,300.0,1800.0,0.1,0.075,5.0,4.5,10.0,10.0,10,100.0,inf,full,both,inf,180.0,0.01,0.0,0.0,256,20,3,0.5,0.1,0.99,10.0,256,20,0,128,0,0.0,4.5,175.85912717356672,7633.365008056116,0.0,0.0,0.0,
coast,mppi_direct,300.0,1800.0,0.1,0.075,5.0,5.0,10.0,10.0,10,100.0,inf,full,both,inf,180.0,0.01,0.0,0.0,256,20,3,0.5,0.1,0.99,10.0,256,20,0,128,0,0.0,5.0,175.90206982299307,8198.401950458661,0.0,0.0,0.0,
coast,mppi_direct,300.0,1800.0,0.1,0.075,5.0,5.5,10.0,10.0,10,100.0,inf,full,both,inf,180.0,0.01,0.0,0.0,256,20,3,0.5,0.1,0.99,10.0,256,20,0,128,0,0.0,5.5,175.93442941605272,8752.904313344026,0.0,0.0,0.0,
coast,mppi_direct,300.0,1800.0,0.1,0.075,5.0,6.25,10.0,10.0,10,100.0,inf,full,both,inf,180.0,0.01,0.0,0.0,256,20,3,0.5,0.1,0.99,10.0,256,20,0,128,0,0.0,6.25,175.93146353733204,9485.817796880514,0.0,0.0,0.0,
coast,mppi_direct,300.0,1800.0,0.1,0.075,5.0,7.5,10.0,10.0,10,100.0,inf,full,both,inf,180.0,0.01,0.0,0.0,256,20,3,0.5,0.1,0.99,10.0,256,20,0,128,0,0.0,7.5,175.93146956038157,10527.3794886557,0.0,0.0,0.0,
coast,mppi_direct,300.0,1800.0,0.1,0.075,5.0,10.0,10.0,10.0,10,100.0,inf,full,both,inf,180.0,0.01,0.0,0.0,256,20,3,0.5,0.1,0.99,10.0,256,20,0,128,0,0.0,10.0,175.93146956038157,11864.505604434782,0.0,0.0,0.0,
coast,mppi_direct,300.0,1800.0,0.1,0.075,5.0,inf,10.0,10.0,10,100.0,inf,full,both,inf,180.0,0.01,0.0,0.0,256,20,3,0.5,0.1,0.99,10.0,256,20,0,128,0,0.0,12.729538332375146,175.93146956038157,12328.582011548564,0.0,0.0,0.0,
coast,mppi_direct,300.0,1800.0,0.1,0.09,5.0,1.25,10.0,10.0,10,100.0,inf,full,both,inf,180.0,0.01,0.0,0.0,256,20,3,0.5,0.1,0.99,10.0,256,20,0,128,0,0.0,1.25,236.0187638175755,3191.327007710301,0.0,0.0,0.0,
coast,mppi_direct,300.0,1800.0,0.1,0.09,5.0,2.5,10.0,10.0,10,100.0,inf,full,both,inf,180.0,0.01,0.0,0.0,256,20,3,0.5,0.1,0.99,10.0,256,20,0,128,0,0.0,2.5,165.4867607707695,5002.315623542073,0.0,0.0,0.0,
coast,mppi_direct,300.0,1800.0,0.1,0.09,5.0,3.75,10.0,10.0,10,100.0,inf,full,both,inf,180.0,0.01,0.0,0.0,256,20,3,0.5,0.1,0.99,10.0,256,20,0,128,0,0.0,3.75,172.41107615868802,7011.499003563065,0.0,0.0,0.0,
coast,mppi_direct,300.0,1800.0,0.1,0.09,5.0,4.5,10.0,10.0,10,100.0,inf,full,both,inf,180.0,0.01,0.0,0.0,256,20,3,0.5,0.1,0.99,10.0,256,20,0,128,0,0.0,4.5,175.2285632728548,8061.098578523812,0.0,0.0,0.0,
coast,mppi_direct,300.0,1800.0,0.1,0.09,5.0,5.0,10.0,10.0,10,100.0,inf,full,both,inf,180.0,0.01,0.0,0.0,256,20,3,0.5,0.1,0.99,10.0,256,20,0,128,0,0.0,5.0,174.70443947906244,8742.371378198795,0.0,0.0,0.0,
coast,mppi_direct,300.0,1800.0,0.1,0.09,5.0,5.5,10.0,10.0,10,100.0,inf,full,both,inf,180.0,0.01,0.0,0.0,256,20,3,0.5,0.1,0.99,10.0,256,20,0,128,0,0.0,5.5,174.32766839134513,9379.126729081449,0.0,0.0,0.0,
coast,mppi_direct,300.0,1800.0,0.1,0.09,5.0,6.25,10.0,10.0,10,100.0,inf,full,both,inf,180.0,0.01,0.0,0.0,256,20,3,0.5,0.1,0.99,10.0,256,20,0,128,0,0.0,6.25,174.38309798571814,10237.278535133108,0.0,0.0,0.0,
coast,mppi_direct,300.0,1800.0,0.1,0.09,5.0,7.5,10.0,10.0,10,100.0,inf,full,both,inf,180.0,0.01,0.0,0.0,256,20,3,0.5,0.1,0.99,10.0,256,20,0,128,0,0.0,7.5,174.39115370359966,11488.013406105529,0.0,0.0,0.0,
coast,mppi_direct,300.0,1800.0,0.1,0.09,5.0,10.0,10.0,10.0,10,100.0,inf,full,both,inf,180.0,0.01,0.0,0.0,256,20,3,0.5,0.1,0.99,10.0,256,20,0,128,0,0.0,10.0,174.3911537676892,13407.2993651201,0.0,0.0,0.0,
coast,mppi_direct,300.0,1800.0,0.1,0.09,5.0,inf,10.0,10.0,10,100.0,inf,full,both,inf,180.0,0.01,0.0,0.0,256,20,3,0.5,0.1,0.99,10.0,256,20,0,128,0,0.0,15.30965725649391,174.3911537676892,14935.431124881548,0.0,0.0,0.0,
coast,mppi_direct,300.0,1800.0,0.1,0.1,5.0,1.25,10.0,10.0,10,100.0,inf,full,both,inf,180.0,0.01,0.0,0.0,256,20,3,0.5,0.1,0.99,10.0,256,20,0,128,0,0.0,1.25,240.9210040130103,3249.435319804907,0.0,0.0,0.0,
coast,mppi_direct,300.0,1800.0,0.1,0.1,5.0,2.5,10.0,10.0,10,100.0,inf,full,both,inf,180.0,0.01,0.0,0.0,256,20,3,0.5,0.1,0.99,10.0,256,20,0,128,0,0.0,2.5,163.44188758160743,5272.318037457495,0.0,0.0,0.0,
coast,mppi_direct,300.0,1800.0,0.1,0.1,5.0,3.75,10.0,10.0,10,100.0,inf,full,both,inf,180.0,0.01,0.0,0.0,256,20,3,0.5,0.1,0.99,10.0,256,20,0,128,0,0.0,3.75,176.15298568233172,7290.247462485866,0.0,0.0,0.0,
coast,mppi_direct,300.0,1800.0,0.1,0.1,5.0,4.5,10.0,10.0,10,100.0,inf,full,both,inf,180.0,0.01,0.0,0.0,256,20,3,0.5,0.1,0.99,10.0,256,20,0,128,0,0.0,4.5,173.59368761928818,8252.377483924067,0.0,0.0,0.0,
coast,mppi_direct,300.0,1800.0,0.1,0.1,5.0,5.0,10.0,10.0,10,100.0,inf,full,both,inf,180.0,0.01,0.0,0.0,256,20,3,0.5,0.1,0.99,10.0,256,20,0,128,0,0.0,5.0,174.94716529180025,8987.203693194018,0.0,0.0,0.0,
coast,mppi_direct,300.0,1800.0,0.1,0.1,5.0,5.5,10.0,10.0,10,100.0,inf,full,both,inf,180.0,0.01,0.0,0.0,256,20,3,0.5,0.1,0.99,10.0,256,20,0,128,0,0.0,5.5,173.2276576684752,9677.609070552928,0.0,0.0,0.0,
coast,mppi_direct,300.0,1800.0,0.1,0.1,5.0,6.25,10.0,10.0,10,100.0,inf,full,both,inf,180.0,0.01,0.0,0.0,256,20,3,0.5,0.1,0.99,10.0,256,20,0,128,0,0.0,6.25,173.09586241564773,10587.290138725451,0.0,0.0,0.0,
coast,mppi_direct,300.0,1800.0,0.1,0.1,5.0,7.5,10.0,10.0,10,100.0,inf,full,both,inf,180.0,0.01,0.0,0.0,256,20,3,0.5,0.1,0.99,10.0,256,20,0,128,0,0.0,7.5,173.09947852264935,11963.464736315897,0.0,0.0,0.0,
coast,mppi_direct,300.0,1800.0,0.1,0.1,5.0,10.0,10.0,10.0,10,100.0,inf,full,both,inf,180.0,0.01,0.0,0.0,256,20,3,0.5,0.1,0.99,10.0,256,20,0,128,0,0.0,10.0,173.09882871259256,14155.306765393996,0.0,0.0,0.0,
coast,mppi_direct,300.0,1800.0,0.1,0.1,5.0,inf,10.0,10.0,10,100.0,inf,full,both,inf,180.0,0.01,0.0,0.0,256,20,3,0.5,0.1,0.99,10.0,256,20,0,128,0,0.0,17.036523290896113,173.09882871259256,16607.1884361769,0.0,0.0,0.0,
coast,mppi_direct,300.0,1800.0,0.1,0.11,5.0,1.25,10.0,10.0,10,100.0,inf,full,both,inf,180.0,0.01,0.0,0.0,256,20,3,0.5,0.1,0.99,10.0,256,20,0,128,0,0.0,1.25,249.29202994440837,3388.0214665643384,0.0,0.0,0.0,
coast,mppi_direct,300.0,1800.0,0.1,0.11,5.0,2.5,10.0,10.0,10,100.0,inf,full,both,inf,180.0,0.01,0.0,0.0,256,20,3,0.5,0.1,0.99,10.0,256,20,0,128,0,0.0,2.5,173.75980824058192,5424.9272194549885,0.0,0.0,0.0,
coast,mppi_direct,300.0,1800.0,0.1,0.11,5.0,3.75,10.0,10.0,10,100.0,inf,full,both,inf,180.0,0.01,0.0,0.0,256,20,3,0.5,0.1,0.99,10.0,256,20,0,128,0,0.0,3.75,174.36688657135804,7415.810039363014,0.0,0.0,0.0,
coast,mppi_direct,300.0,1800.0,0.1,0.11,5.0,4.5,10.0,10.0,10,100.0,inf,full,both,inf,180.0,0.01,0.0,0.0,256,20,3,0.5,0.1,0.99,10.0,256,20,0,128,0,0.0,4.5,173.53372986396712,8562.409961870486,0.0,0.0,0.0,
coast,mppi_direct,300.0,1800.0,0.1,0.11,5.0,5.0,10.0,10.0,10,100.0,inf,full,both,inf,180.0,0.01,0.0,0.0,256,20,3,0.5,0.1,0.99,10.0,256,20,0,128,0,0.0,5.0,174.30979320992952,9187.3022500696,0.0,0.0,0.0,
coast,mppi_direct,300.0,1800.0,0.1,0.11,5.0,5.5,10.0,10.0,10,100.0,inf,full,both,inf,180.0,0.01,0.0,0.0,256,20,3,0.5,0.1,0.99,10.0,256,20,0,128,0,0.0,5.5,174.9265226469111,9907.03610148208,0.0,0.0,0.0,
coast,mppi_direct,300.0,1800.0,0.1,0.11,5.0,6.25,10.0,10.0,10,100.0,inf,full,both,inf,180.0,0.01,0.0,0.0,256,20,3,0.5,0.1,0.99,10.0,256,20,0,128,0,0.0,6.25,173.21280348308417,10897.672472207028,0.0,0.0,0.0,
coast,mppi_direct,300.0,1800.0,0.1,0.11,5.0,7.5,10.0,10.0,10,100.0,inf,full,both,inf,180.0,0.01,0.0,0.0,256,20,3,0.5,0.1,0.99,10.0,256,20,0,128,0,0.0,7.5,173.31094347803253,12409.502507605548,0.0,0.0,0.0,
coast,mppi_direct,300.0,1800.0,0.1,0.11,5.0,10.0,10.0,10.0,10,100.0,inf,full,both,inf,180.0,0.01,0.0,0.0,256,20,3,0.5,0.1,0.99,10.0,256,20,0,128,0,0.0,10.0,173.33055853019695,14837.706092340288,0.0,0.0,0.0,
coast,mppi_direct,300.0,1800.0,0.1,0.11,5.0,inf,10.0,10.0,10,100.0,inf,full,both,inf,180.0,0.01,0.0,0.0,256,20,3,0.5,0.1,0.99,10.0,256,20,0,128,0,0.0,18.759524707418457,173.33055853019695,18316.974528612023,0.0,0.0,0.0,
coast,mppi_direct,300.0,1800.0,0.1,0.125,5.0,1.25,10.0,10.0,10,100.0,inf,full,both,inf,180.0,0.01,0.0,0.0,256,20,3,0.5,0.1,0.99,10.0,256,20,0,128,0,0.0,1.25,255.7359318994753,3524.5822109426326,0.0,0.0,0.0,
coast,mppi_direct,300.0,1800.0,0.1,0.125,5.0,2.5,10.0,10.0,10,100.0,inf,full,both,inf,180.0,0.01,0.0,0.0,256,20,3,0.5,0.1,0.99,10.0,256,20,0,128,0,0.0,2.5,187.76037524897416,5478.378560937743,0.0,0.0,0.0,
coast,mppi_direct,300.0,1800.0,0.1,0.125,5.0,3.75,10.0,10.0,10,100.0,inf,full,both,inf,180.0,0.01,0.0,0.0,256,20,3,0.5,0.1,0.99,10.0,256,20,0,128,0,0.0,3.75,171.6152960339437,7617.151665361448,0.0,0.0,0.0,
coast,mppi_direct,300.0,1800.0,0.1,0.125,5.0,4.5,10.0,10.0,10,100.0,inf,full,both,inf,180.0,0.01,0.0,0.0,256,20,3,0.5,0.1,0.99,10.0,256,20,0,128,0,0.0,4.5,182.2266724921361,8838.917014464329,0.0,0.0,0.0,
coast,mppi_direct,300.0,1800.0,0.1,0.125,5.0,5.0,10.0,10.0,10,100.0,inf,full,both,inf,180.0,0.01,0.0,0.0,256,20,3,0.5,0.1,0.99,10.0,256,20,0,128,0,0.0,5.0,178.92370763690235,9642.961836781364,0.0,0.0,0.0,
coast,mppi_direct,300.0,1800.0,0.1,0.125,5.0,5.5,10.0,10.0,10,100.0,inf,full,both,inf,180.0,0.01,0.0,0.0,256,20,3,0.5,0.1,0.99,10.0,256,20,0,128,0,0.0,5.5,177.73728933190463,10246.934043054114,0.0,0.0,0.0,
coast,mppi_direct,300.0,1800.0,0.1,0.125,5.0,6.25,10.0,10.0,10,100.0,inf,full,both,inf,180.0,0.01,0.0,0.0,256,20,3,0.5,0.1,0.99,10.0,256,20,0,128,0,0.0,6.25,177.4068171141058,11319.462925102896,0.0,0.0,0.0,
coast,mppi_direct,300.0,1800.0,0.1,0.125,5.0,7.5,10.0,10.0,10,100.0,inf,full,both,inf,180.0,0.01,0.0,0.0,256,20,3,0.5,0.1,0.99,10.0,256,20,0,128,0,0.0,7.5,176.30400323619486,12970.10223067506,0.0,0.0,0.0,
coast,mppi_direct,300.0,1800.0,0.1,0.125,5.0,10.0,10.0,10.0,10,100.0,inf,full,both,inf,180.0,0.01,0.0,0.0,256,20,3,0.5,0.1,0.99,10.0,256,20,0,128,0,0.0,10.0,176.24050027685726,15657.108695975108,0.0,0.0,0.0,
coast,mppi_direct,300.0,1800.0,0.1,0.125,5.0,inf,10.0,10.0,10,100.0,inf,full,both,inf,180.0,0.01,0.0,0.0,256,20,3,0.5,0.1,0.99,10.0,256,20,0,128,0,0.0,21.34844516801458,176.24050010295335,20842.314211692057,0.0,0.0,0.0,
coast,mppi_direct,300.0,1800.0,0.1,0.15,5.0,1.25,10.0,10.0,10,100.0,inf,full,both,inf,180.0,0.01,0.0,0.0,256,20,3,0.5,0.1,0.99,10.0,256,20,0,128,0,0.0,1.25,265.87891927539386,3639.6891339152457,0.0,0.0,0.0,
coast,mppi_direct,300.0,1800.0,0.1,0.15,5.0,2.5,10.0,10.0,10,100.0,inf,full,both,inf,180.0,0.01,0.0,0.0,256,20,3,0.5,0.1,0.99,10.0,256,20,0,128,0,0.0,2.5,211.1610969660755,5729.622467911355,0.0,0.0,0.0,
coast,mppi_direct,300.0,1800.0,0.1,0.15,5.0,3.75,10.0,10.0,10,100.0,inf,full,both,inf,180.0,0.01,0.0,0.0,256,20,3,0.5,0.1,0.99,10.0,256,20,0,128,0,0.0,3.75,184.2108971774102,8256.596388848573,0.0,0.0,0.0,
coast,mppi_direct,300.0,1800.0,0.1,0.15,5.0,4.5,10.0,10.0,10,100.0,inf,full,both,inf,180.0,0.01,0.0,0.0,256,20,3,0.5,0.1,0.99,10.0,256,20,0,128,0,0.0,4.5,179.3126992442778,9244.63217772981,0.0,0.0,0.0,
coast,mppi_direct,300.0,1800.0,0.1,0.15,5.0,5.0,10.0,10.0,10,100.0,inf,full,both,inf,180.0,0.01,0.0,0.0,256,20,3,0.5,0.1,0.99,10.0,256,20,0,128,0,0.0,5.0,186.83353689503105,10206.044809308538,0.0,0.0,0.0,
coast,mppi_direct,300.0,1800.0,0.1,0.15,5.0,5.5,10.0,10.0,10,100.0,inf,full,both,inf,180.0,0.01,0.0,0.0,256,20,3,0.5,0.1,0.99,10.0,256,20,0,128,0,0.0,5.5,189.7992621859591,10942.310748677395,0.0,0.0,0.0,
coast,mppi_direct,300.0,1800.0,0.1,0.15,5.0,6.25,10.0,10.0,10,100.0,inf,full,both,inf,180.0,0.01,0.0,0.0,256,20,3,0.5,0.1,0.99,10.0,256,20,0,128,0,0.0,6.25,186.4840071322,11957.587113909056,0.0,0.0,0.0,
coast,mppi_direct,300.0,1800.0,0.1,0.15,5.0,7.5,10.0,10.0,10,100.0,inf,full,both,inf,180.0,0.01,0.0,0.0,256,20,3,0.5,0.1,0.99,10.0,256,20,0,128,0,0.0,7.5,184.2689211865693,13721.376403679396,0.0,0.0,0.0,
coast,mppi_direct,300.0,1800.0,0.1,0.15,5.0,10.0,10.0,10.0,10,100.0,inf,full,both,inf,180.0,0.01,0.0,0.0,256,20,3,0.5,0.1,0.99,10.0,256,20,0,128,0,0.0,10.0,183.51659334350757,16846.459790917263,0.0,0.0,0.0,
coast,mppi_direct,300.0,1800.0,0.1,0.15,5.0,inf,10.0,10.0,10,100.0,inf,full,both,inf,180.0,0.01,0.0,0.0,256,20,3,0.5,0.1,0.99,10.0,256,20,0,128,0,0.0,25.644592555127343,183.5177535777944,25161.308126520467,0.0,0.0,0.0,
coast,mppi_direct,300.0,1800.0,0.1,0.2,5.0,1.25,10.0,10.0,10,100.0,inf,full,both,inf,180.0,0.01,0.0,0.0,256,20,3,0.5,0.1,0.99,10.0,256,20,0,128,0,0.0,1.25,275.98035890357073,3713.549140087385,0.0,0.0,0.0,
coast,mppi_direct,300.0,1800.0,0.1,0.2,5.0,2.5,10.0,10.0,10,100.0,inf,full,both,inf,180.0,0.01,0.0,0.0,256,20,3,0.5,0.1,0.99,10.0,256,20,0,128,0,0.0,2.5,232.87993296162207,6020.009145211839,0.0,0.0,0.0,
coast,mppi_direct,300.0,1800.0,0.1,0.2,5.0,3.75,10.0,10.0,10,100.0,inf,full,both,inf,180.0,0.01,0.0,0.0,256,20,3,0.5,0.1,0.99,10.0,256,20,0,128,0,0.0,3.75,220.28781442839613,8641.371154131686,0.0,0.0,0.0,
coast,mppi_direct,300.0,1800.0,0.1,0.2,5.0,4.5,10.0,10.0,10,100.0,inf,full,both,inf,180.0,0.01,0.0,0.0,256,20,3,0.5,0.1,0.99,10.0,256,20,0,128,0,0.0,4.5,206.628593959636,10063.949968971578,0.0,0.0,0.0,
coast,mppi_direct,300.0,1800.0,0.1,0.2,5.0,5.0,10.0,10.0,10,100.0,inf,full,both,inf,180.0,0.01,0.0,0.0,256,20,3,0.5,0.1,0.99,10.0,256,20,0,128,0,0.0,5.0,216.0724967183684,11440.162701810028,0.0,0.0,0.0,
coast,mppi_direct,300.0,1800.0,0.1,0.2,5.0,5.5,10.0,10.0,10,100.0,inf,full,both,inf,180.0,0.01,0.0,0.0,256,20,3,0.5,0.1,0.99,10.0,256,20,0,128,0,0.0,5.5,217.28818686113067,12248.004246889015,0.0,0.0,0.0,
coast,mppi_direct,300.0,1800.0,0.1,0.2,5.0,6.25,10.0,10.0,10,100.0,inf,full,both,inf,180.0,0.01,0.0,0.0,256,20,3,0.5,0.1,0.99,10.0,256,20,0,128,0,0.0,6.25,213.5888162022329,13478.081309997728,0.0,0.0,0.0,
coast,mppi_direct,300.0,1800.0,0.1,0.2,5.0,7.5,10.0,10.0,10,100.0,inf,full,both,inf,180.0,0.01,0.0,0.0,256,20,3,0.5,0.1,0.99,10.0,256,20,0,128,0,0.0,7.5,211.07037020406295,15544.935062500745,0.0,0.0,0.0,
coast,mppi_direct,300.0,1800.0,0.1,0.2,5.0,10.0,10.0,10.0,10,100.0,inf,full,both,inf,180.0,0.01,0.0,0.0,256,20,3,0.5,0.1,0.99,10.0,256,20,0,128,0,0.0,10.0,209.01361687400075,19167.743136013527,0.0,0.0,0.0,
coast,mppi_direct,300.0,1800.0,0.1,0.2,5.0,inf,10.0,10.0,10,100.0,inf,full,both,inf,180.0,0.01,0.0,0.0,256,20,3,0.5,0.1,0.99,10.0,256,20,0,128,0,0.0,34.245506484790766,208.33703749186768,34699.828336963415,0.0,0.0,0.0,
coast,mppi_lqr,300.0,1800.0,0.1,0.025,5.0,1.25,10.0,10.0,10,100.0,inf,full,both,inf,180.0,0.01,0.0,0.0,256,20,3,0.5,0.1,0.99,10.0,256,20,0,128,0,0.0,1.25,299.98401417676706,3239.354205780648,0.0,0.0,0.0,
coast,mppi_lqr,300.0,1800.0,0.1,0.025,5.0,2.5,10.0,10.0,10,100.0,inf,full,both,inf,180.0,0.01,0.0,0.0,256,20,3,0.5,0.1,0.99,10.0,256,20,0,128,0,0.0,2.5,299.9845410653652,4566.013876466711,0.0,0.0,0.0,
coast,mppi_lqr,300.0,1800.0,0.1,0.025,5.0,3.75,10.0,10.0,10,100.0,inf,full,both,inf,180.0,0.01,0.0,0.0,256,20,3,0.5,0.1,0.99,10.0,256,20,0,128,0,0.0,3.75,299.9845410653652,5104.164214887827,0.0,0.0,0.0,
coast,mppi_lqr,300.0,1800.0,0.1,0.025,5.0,4.5,10.0,10.0,10,100.0,inf,full,both,inf,180.0,0.01,0.0,0.0,256,20,3,0.5,0.1,0.99,10.0,256,20,0,128,0,0.0,4.187540724440609,299.9845410653652,5136.851036970784,0.0,0.0,0.0,
coast,mppi_lqr,300.0,1800.0,0.1,0.025,5.0,5.0,10.0,10.0,10,100.0,inf,full,both,inf,180.0,0.01,0.0,0.0,256,20,3,0.5,0.1,0.99,10.0,256,20,0,128,0,0.0,4.18894670942838,299.9845410653652,5135.861491403531,0.0,0.0,0.0,
coast,mppi_lqr,300.0,1800.0,0.1,0.025,5.0,5.5,10.0,10.0,10,100.0,inf,full,both,inf,180.0,0.01,0.0,0.0,256,20,3,0.5,0.1,0.99,10.0,256,20,0,128,0,0.0,4.189070807585258,299.9845410653652,5135.826616963027,0.0,0.0,0.0,
coast,mppi_lqr,300.0,1800.0,0.1,0.025,5.0,6.25,10.0,10.0,10,100.0,inf,full,both,inf,180.0,0.01,0.0,0.0,256,20,3,0.5,0.1,0.99,10.0,256,20,0,128,0,0.0,4.189075170837093,299.9845410653652,5135.826614654388,0.0,0.0,0.0,
coast,mppi_lqr,300.0,1800.0,0.1,0.025,5.0,7.5,10.0,10.0,10,100.0,inf,full,both,inf,180.0,0.01,0.0,0.0,256,20,3,0.5,0.1,0.99,10.0,256,20,0,128,0,0.0,4.189075170837093,299.9845410653652,5135.826614654388,0.0,0.0,0.0,
coast,mppi_lqr,300.0,1800.0,0.1,0.025,5.0,10.0,10.0,10.0,10,100.0,inf,full,both,inf,180.0,0.01,0.0,0.0,256,20,3,0.5,0.1,0.99,10.0,256,20,0,128,0,0.0,4.189075170837093,299.9845410653652,5135.826614654388,0.0,0.0,0.0,
coast,mppi_lqr,300.0,1800.0,0.1,0.025,5.0,inf,10.0,10.0,10,100.0,inf,full,both,inf,180.0,0.01,0.0,0.0,256,20,3,0.5,0.1,0.99,10.0,256,20,0,128,0,0.0,4.189075170837093,299.9845410653652,5135.826614654388,0.0,0.0,0.0,
coast,mppi_lqr,300.0,1800.0,0.1,0.05,5.0,1.25,10.0,10.0,10,100.0,inf,full,both,inf,180.0,0.01,0.0,0.0,256,20,3,0.5,0.1,0.99,10.0,256,20,0,128,0,0.0,1.25,299.9205180032214,3578.129241312259,0.0,0.0,0.0,
coast,mppi_lqr,300.0,1800.0,0.1,0.05,5.0,2.5,10.0,10.0,10,100.0,inf,full,both,inf,180.0,0.01,0.0,0.0,256,20,3,0.5,0.1,0.99,10.0,256,20,0,128,0,0.0,2.5,300.0,5701.705432688595,0.0,0.0,0.0,
coast,mppi_lqr,300.0,1800.0,0.1,0.05,5.0,3.75,10.0,10.0,10,100.0,inf,full,both,inf,180.0,0.01,0.0,0.0,256,20,3,0.5,0.1,0.99,10.0,256,20,0,128,0,0.0,3.75,300.0,7257.824878013935,0.0,0.0,0.0,
coast,mppi_lqr,300.0,1800.0,0.1,0.05,5.0,4.5,10.0,10.0,10,100.0,inf,full,both,inf,180.0,0.01,0.0,0.0,256,20,3,0.5,0.1,0.99,10.0,256,20,0,128,0,0.0,4.5,300.0,7984.455672710615,0.0,0.0,0.0,
coast,mppi_lqr,300.0,1800.0,0.1,0.05,5.0,5.0,10.0,10.0,10,100.0,inf,full,both,inf,180.0,0.01,0.0,0.0,256,20,3,0.5,0.1,0.99,10.0,256,20,0,128,0,0.0,5.0,300.0,8387.320997499202,0.0,0.0,0.0,
coast,mppi_lqr,300.0,1800.0,0.1,0.05,5.0,5.5,10.0,10.0,10,100.0,inf,full,both,inf,180.0,0.01,0.0,0.0,256,20,3,0.5,0.1,0.99,10.0,256,20,0,128,0,0.0,5.5,300.0,8730.255049138395,0.0,0.0,0.0,
coast,mppi_lqr,300.0,1800.0,0.1,0.05,5.0,6.25,10.0,10.0,10,100.0,inf,full,both,inf,180.0,0.01,0.0,0.0,256,20,3,0.5,0.1,0.99,10.0,256,20,0,128,0,0.0,6.25,300.0,9142.66155528672,0.0,0.0,0.0,
coast,mppi_lqr,300.0,1800.0,0.1,0.05,5.0,7.5,10.0,10.0,10,100.0,inf,full,both,inf,180.0,0.01,0.0,0.0,256,20,3,0.5,0.1,0.99,10.0,256,20,0,128,0,0.0,7.5,300.0,9561.028856093524,0.0,0.0,0.0,
coast,mppi_lqr,300.0,1800.0,0.1,0.05,5.0,10.0,10.0,10.0,10,100.0,inf,full,both,inf,180.0,0.01,0.0,0.0,256,20,3,0.5,0.1,0.99,10.0,256,20,0,128,0,0.0,8.563183666068335,300.0,9657.933148046211,0.0,0.0,0.0,
coast,mppi_lqr,300.0,1800.0,0.1,0.05,5.0,inf,10.0,10.0,10,100.0,inf,full,both,inf,180.0,0.01,0.0,0.0,256,20,3,0.5,0.1,0.99,10.0,256,20,0,128,0,0.0,8.563737981657548,300.0,9657.781266736094,0.0,0.0,0.0,
coast,mppi_lqr,300.0,1800.0,0.1,0.075,5.0,1.25,10.0,10.0,10,100.0,inf,full,both,inf,180.0,0.01,0.0,0.0,256,20,3,0.5,0.1,0.99,10.0,256,20,0,128,0,0.0,1.25,300.0,3682.959138479476,0.0,0.0,0.0,
coast,mppi_lqr,300.0,1800.0,0.1,0.075,5.0,2.5,10.0,10.0,10,100.0,inf,full,both,inf,180.0,0.01,0.0,0.0,256,20,3,0.5,0.1,0.99,10.0,256,20,0,128,0,0.0,2.5,300.0,6153.803819567617,0.0,0.0,0.0,
coast,mppi_lqr,300.0,1800.0,0.1,0.075,5.0,3.75,10.0,10.0,10,100.0,inf,full,both,inf,180.0,0.01,0.0,0.0,256,20,3,0.5,0.1,0.99,10.0,256,20,0,128,0,0.0,3.75,300.0,8123.34919658954,0.0,0.0,0.0,
coast,mppi_lqr,300.0,1800.0,0.1,0.075,5.0,4.5,10.0,10.0,10,100.0,inf,full,both,inf,180.0,0.01,0.0,0.0,256,20,3,0.5,0.1,0.99,10.0,256,20,0,128,0,0.0,4.5,300.0,9158.072074513208,0.0,0.0,0.0,
coast,mppi_lqr,300.0,1800.0,0.1,0.075,5.0,5.0,10.0,10.0,10,100.0,inf,full,both,inf,180.0,0.01,0.0,0.0,256,20,3,0.5,0.1,0.99,10.0,256,20,0,128,0,0.0,5.0,300.0,9802.591411630545,0.0,0.0,0.0,
coast,mppi_lqr,300.0,1800.0,0.1,0.075,5.0,5.5,10.0,10.0,10,100.0,inf,full,both,inf,180.0,0.01,0.0,0.0,256,20,3,0.5,0.1,0.99,10.0,256,20,0,128,0,0.0,5.5,300.0,10366.97941332007,0.0,0.0,0.0,
coast,mppi_lqr,300.0,1800.0,0.1,0.075,5.0,6.25,10.0,10.0,10,100.0,inf,full,both,inf,180.0,0.01,0.0,0.0,256,20,3,0.5,0.1,0.99,10.0,256,20,0,128,0,0.0,6.25,300.0,11141.405811310136,0.0,0.0,0.0,
coast,mppi_lqr,300.0,1800.0,0.1,0.075,5.0,7.5,10.0,10.0,10,100.0,inf,full,both,inf,180.0,0.01,0.0,0.0,256,20,3,0.5,0.1,0.99,10.0,256,20,0,128,0,0.0,7.5,300.0,12205.611803771251,0.0,0.0,0.0,
coast,mppi_lqr,300.0,1800.0,0.1,0.075,5.0,10.0,10.0,10.0,10,100.0,inf,full,both,inf,180.0,0.01,0.0,0.0,256,20,3,0.5,0.1,0.99,10.0,256,20,0,128,0,0.0,10.0,300.0,13615.94055152693,0.0,0.0,0.0,
coast,mppi_lqr,300.0,1800.0,0.1,0.075,5.0,inf,10.0,10.0,10,100.0,inf,full,both,inf,180.0,0.01,0.0,0.0,256,20,3,0.5,0.1,0.99,10.0,256,20,0,128,0,0.0,12.879047918141694,300.0,14136.329642734658,0.0,0.0,0.0,
coast,mppi_lqr,300.0,1800.0,0.1,0.09,5.0,1.25,10.0,10.0,10,100.0,inf,full,both,inf,180.0,0.01,0.0,0.0,256,20,3,0.5,0.1,0.99,10.0,256,20,0,128,0,0.0,1.25,300.0,3719.3501721859575,0.0,0.0,0.0,
coast,mppi_lqr,300.0,1800.0,0.1,0.09,5.0,2.5,10.0,10.0,10,100.0,inf,full,both,inf,180.0,0.01,0.0,0.0,256,20,3,0.5,0.1,0.99,10.0,256,20,0,128,0,0.0,2.5,300.0,6241.434498381352,0.0,0.0,0.0,
coast,mppi_lqr,300.0,1800.0,0.1,0.09,5.0,3.75,10.0,10.0,10,100.0,inf,full,both,inf,180.0,0.01,0.0,0.0,256,20,3,0.5,0.1,0.99,10.0,256,20,0,128,0,0.0,3.75,300.0,8447.798427499898,0.0,0.0,0.0,
coast,mppi_lqr,300.0,1800.0,0.1,0.09,5.0,4.5,10.0,10.0,10,100.0,inf,full,both,inf,180.0,0.01,0.0,0.0,256,20,3,0.5,0.1,0.99,10.0,256,20,0,128,0,0.0,4.5,300.0,9570.99103676086,0.0,0.0,0.0,
coast,mppi_lqr,300.0,1800.0,0.1,0.09,5.0,5.0,10.0,10.0,10,100.0,inf,full,both,inf,180.0,0.01,0.0,0.0,256,20,3,0.5,0.1,0.99,10.0,256,20,0,128,0,0.0,5.0,300.0,10308.776355787866,0.0,0.0,0.0,
coast,mppi_lqr,300.0,1800.0,0.1,0.09,5.0,5.5,10.0,10.0,10,100.0,inf,full,both,inf,180.0,0.01,0.0,0.0,256,20,3,0.5,0.1,0.99,10.0,256,20,0,128,0,0.0,5.5,300.0,10991.947691256062,0.0,0.0,0.0,
coast,mppi_lqr,300.0,1800.0,0.1,0.09,5.0,6.25,10.0,10.0,10,100.0,inf,full,both,inf,180.0,0.01,0.0,0.0,256,20,3,0.5,0.1,0.99,10.0,256,20,0,128,0,0.0,6.25,300.0,11930.89797874192,0.0,0.0,0.0,
coast,mppi_lqr,300.0,1800.0,0.1,0.09,5.0,7.5,10.0,10.0,10,100.0,inf,full,both,inf,180.0,0.01,0.0,0.0,256,20,3,0.5,0.1,0.99,10.0,256,20,0,128,0,0.0,7.5,300.0,13241.120990717547,0.0,0.0,0.0,
coast,mppi_lqr,300.0,1800.0,0.1,0.09,5.0,10.0,10.0,10.0,10,100.0,inf,full,both,inf,180.0,0.01,0.0,0.0,256,20,3,0.5,0.1,0.99,10.0,256,20,0,128,0,0.0,10.0,300.0,15214.456751151383,0.0,0.0,0.0,
coast,mppi_lqr,300.0,1800.0,0.1,0.09,5.0,inf,10.0,10.0,10,100.0,inf,full,both,inf,180.0,0.01,0.0,0.0,256,20,3,0.5,0.1,0.99,10.0,256,20,0,128,0,0.0,15.459338650561604,300.0,16851.259489188866,0.0,0.0,0.0,
coast,mppi_lqr,300.0,1800.0,0.1,0.1,5.0,1.25,10.0,10.0,10,100.0,inf,full,both,inf,180.0,0.01,0.0,0.0,256,20,3,0.5,0.1,0.99,10.0,256,20,0,128,0,0.0,1.25,300.0,3742.7743099556046,0.0,0.0,0.0,
coast,mppi_lqr,300.0,1800.0,0.1,0.1,5.0,2.5,10.0,10.0,10,100.0,inf,full,both,inf,180.0,0.01,0.0,0.0,256,20,3,0.5,0.1,0.99,10.0,256,20,0,128,0,0.0,2.5,299.9962824210864,6392.548278202431,0.0,0.0,0.0,
coast,mppi_lqr,300.0,1800.0,0.1,0.1,5.0,3.75,10.0,10.0,10,100.0,inf,full,both,inf,180.0,0.01,0.0,0.0,256,20,3,0.5,0.1,0.99,10.0,256,20,0,128,0,0.0,3.75,300.0,8680.71977739669,0.0,0.0,0.0,
coast,mppi_lqr,300.0,1800.0,0.1,0.1,5.0,4.5,10.0,10.0,10,100.0,inf,full,both,inf,180.0,0.01,0.0,0.0,256,20,3,0.5,0.1,0.99,10.0,256,20,0,128,0,0.0,4.5,300.0,9849.531281127542,0.0,0.0,0.0,
coast,mppi_lqr,300.0,1800.0,0.1,0.1,5.0,5.0,10.0,10.0,10,100.0,inf,full,both,inf,180.0,0.01,0.0,0.0,256,20,3,0.5,0.1,0.99,10.0,256,20,0,128,0,0.0,5.0,300.0,10587.399321587984,0.0,0.0,0.0,
coast,mppi_lqr,300.0,1800.0,0.1,0.1,5.0,5.5,10.0,10.0,10,100.0,inf,full,both,inf,180.0,0.01,0.0,0.0,256,20,3,0.5,0.1,0.99,10.0,256,20,0,128,0,0.0,5.5,300.0,11322.166619898548,0.0,0.0,0.0,
coast,mppi_lqr,300.0,1800.0,0.1,0.1,5.0,6.25,10.0,10.0,10,100.0,inf,full,both,inf,180.0,0.01,0.0,0.0,256,20,3,0.5,0.1,0.99,10.0,256,20,0,128,0,0.0,6.25,300.0,12316.230813478109,0.0,0.0,0.0,
coast,mppi_lqr,300.0,1800.0,0.1,0.1,5.0,7.5,10.0,10.0,10,100.0,inf,full,both,inf,180.0,0.01,0.0,0.0,256,20,3,0.5,0.1,0.99,10.0,256,20,0,128,0,0.0,7.5,300.0,13812.705174112634,0.0,0.0,0.0,
coast,mppi_lqr,300.0,1800.0,0.1,0.1,5.0,10.0,10.0,10.0,10,100.0,inf,full,both,inf,180.0,0.01,0.0,0.0,256,20,3,0.5,0.1,0.99,10.0,256,20,0,128,0,0.0,10.0,300.0,16082.966635046909,0.0,0.0,0.0,
coast,mppi_lqr,300.0,1800.0,0.1,0.1,5.0,inf,10.0,10.0,10,100.0,inf,full,both,inf,180.0,0.01,0.0,0.0,256,20,3,0.5,0.1,0.99,10.0,256,20,0,128,0,0.0,17.1762227774128,300.0,18666.038730431897,0.0,0.0,0.0,
coast,mppi_lqr,300.0,1800.0,0.1,0.11,5.0,1.25,10.0,10.0,10,100.0,inf,full,both,inf,180.0,0.01,0.0,0.0,256,20,3,0.5,0.1,0.99,10.0,256,20,0,128,0,0.0,1.25,300.0,3755.190259207516,0.0,0.0,0.0,
coast,mppi_lqr,300.0,1800.0,0.1,0.11,5.0,2.5,10.0,10.0,10,100.0,inf,full,both,inf,180.0,0.01,0.0,0.0,256,20,3,0.5,0.1,0.99,10.0,256,20,0,128,0,0.0,2.5,299.99146343312987,6410.815052337409,0.0,0.0,0.0,
coast,mppi_lqr,300.0,1800.0,0.1,0.11,5.0,3.75,10.0,10.0,10,100.0,inf,full,both,inf,180.0,0.01,0.0,0.0,256,20,3,0.5,0.1,0.99,10.0,256,20,0,128,0,0.0,3.75,300.0,8801.749457415202,0.0,0.0,0.0,
coast,mppi_lqr,300.0,1800.0,0.1,0.11,5.0,4.5,10.0,10.0,10,100.0,inf,full,both,inf,180.0,0.01,0.0,0.0,256,20,3,0.5,0.1,0.99,10.0,256,20,0,128,0,0.0,4.5,300.0,10174.90458705961,0.0,0.0,0.0,
coast,mppi_lqr,300.0,1800.0,0.1,0.11,5.0,5.0,10.0,10.0,10,100.0,inf,full,both,inf,180.0,0.01,0.0,0.0,256,20,3,0.5,0.1,0.99,10.0,256,20,0,128,0,0.0,5.0,300.0,10908.665481046004,0.0,0.0,0.0,
coast,mppi_lqr,300.0,1800.0,0.1,0.11,5.0,5.5,10.0,10.0,10,100.0,inf,full,both,inf,180.0,0.01,0.0,0.0,256,20,3,0.5,0.1,0.99,10.0,256,20,0,128,0,0.0,5.5,300.0,11604.71874975172,0.0,0.0,0.0,
coast,mppi_lqr,300.0,1800.0,0.1,0.11,5.0,6.25,10.0,10.0,10,100.0,inf,full,both,inf,180.0,0.01,0.0,0.0,256,20,3,0.5,0.1,0.99,10.0,256,20,0,128,0,0.0,6.25,300.0,12625.780166904337,0.0,0.0,0.0,
coast,mppi_lqr,300.0,1800.0,0.1,0.11,5.0,7.5,10.0,10.0,10,100.0,inf,full,both,inf,180.0,0.01,0.0,0.0,256,20,3,0.5,0.1,0.99,10.0,256,20,0,128,0,0.0,7.5,300.0,14256.773264434409,0.0,0.0,0.0,
coast,mppi_lqr,300.0,1800.0,0.1,0.11,5.0,10.0,10.0,10.0,10,100.0,inf,full,both,inf,180.0,0.01,0.0,0.0,256,20,3,0.5,0.1,0.99,10.0,256,20,0,128,0,0.0,10.0,300.0,16773.519089350717,0.0,0.0,0.0,
coast,mppi_lqr,300.0,1800.0,0.1,0.11,5.0,inf,10.0,10.0,10,100.0,inf,full,both,inf,180.0,0.01,0.0,0.0,256,20,3,0.5,0.1,0.99,10.0,256,20,0,128,0,0.0,18.894588063446964,300.0,20415.5370164483,0.0,0.0,0.0,
coast,mppi_lqr,300.0,1800.0,0.1,0.125,5.0,1.25,10.0,10.0,10,100.0,inf,full,both,inf,180.0,0.01,0.0,0.0,256,20,3,0.5,0.1,0.99,10.0,256,20,0,128,0,0.0,1.25,300.0,3766.767862251802,0.0,0.0,0.0,
coast,mppi_lqr,300.0,1800.0,0.1,0.125,5.0,2.5,10.0,10.0,10,100.0,inf,full,both,inf,180.0,0.01,0.0,0.0,256,20,3,0.5,0.1,0.99,10.0,256,20,0,128,0,0.0,2.5,299.986624248554,6548.115851282787,0.0,0.0,0.0,
coast,mppi_lqr,300.0,1800.0,0.1,0.125,5.0,3.75,10.0,10.0,10,100.0,inf,full,both,inf,180.0,0.01,0.0,0.0,256,20,3,0.5,0.1,0.99,10.0,256,20,0,128,0,0.0,3.75,299.9999760910945,9082.171260928177,0.0,0.0,0.0,
coast,mppi_lqr,300.0,1800.0,0.1,0.125,5.0,4.5,10.0,10.0,10,100.0,inf,full,both,inf,180.0,0.01,0.0,0.0,256,20,3,0.5,0.1,0.99,10.0,256,20,0,128,0,0.0,4.5,299.9998897198024,10256.861647766473,0.0,0.0,0.0,
coast,mppi_lqr,300.0,1800.0,0.1,0.125,5.0,5.0,10.0,10.0,10,100.0,inf,full,both,inf,180.0,0.01,0.0,0.0,256,20,3,0.5,0.1,0.99,10.0,256,20,0,128,0,0.0,5.0,299.9998907480406,11191.6820436193,0.0,0.0,0.0,
coast,mppi_lqr,300.0,1800.0,0.1,0.125,5.0,5.5,10.0,10.0,10,100.0,inf,full,both,inf,180.0,0.01,0.0,0.0,256,20,3,0.5,0.1,0.99,10.0,256,20,0,128,0,0.0,5.5,299.9998908197467,11987.64099586918,0.0,0.0,0.0,
coast,mppi_lqr,300.0,1800.0,0.1,0.125,5.0,6.25,10.0,10.0,10,100.0,inf,full,both,inf,180.0,0.01,0.0,0.0,256,20,3,0.5,0.1,0.99,10.0,256,20,0,128,0,0.0,6.25,299.99989090377613,13079.76099459327,0.0,0.0,0.0,
coast,mppi_lqr,300.0,1800.0,0.1,0.125,5.0,7.5,10.0,10.0,10,100.0,inf,full,both,inf,180.0,0.01,0.0,0.0,256,20,3,0.5,0.1,0.99,10.0,256,20,0,128,0,0.0,7.5,299.9998909041571,14767.88730124035,0.0,0.0,0.0,
coast,mppi_lqr,300.0,1800.0,0.1,0.125,5.0,10.0,10.0,10.0,10,100.0,inf,full,both,inf,180.0,0.01,0.0,0.0,256,20,3,0.5,0.1,0.99,10.0,256,20,0,128,0,0.0,10.0,299.9998909041571,17664.792731850972,0.0,0.0,0.0,
coast,mppi_lqr,300.0,1800.0,0.1,0.125,5.0,inf,10.0,10.0,10,100.0,inf,full,both,inf,180.0,0.01,0.0,0.0,256,20,3,0.5,0.1,0.99,10.0,256,20,0,128,0,0.0,21.468947388988926,299.9998909041571,23074.4940402214,0.0,0.0,0.0,
coast,mppi_lqr,300.0,1800.0,0.1,0.15,5.0,1.25,10.0,10.0,10,100.0,inf,full,both,inf,180.0,0.01,0.0,0.0,256,20,3,0.5,0.1,0.99,10.0,256,20,0,128,0,0.0,1.25,300.0,3819.301988302596,0.0,0.0,0.0,
coast,mppi_lqr,300.0,1800.0,0.1,0.15,5.0,2.5,10.0,10.0,10,100.0,inf,full,both,inf,180.0,0.01,0.0,0.0,256,20,3,0.5,0.1,0.99,10.0,256,20,0,128,0,0.0,2.5,299.98922238069133,6496.069820555122,0.0,0.0,0.0,
coast,mppi_lqr,300.0,1800.0,0.1,0.15,5.0,3.75,10.0,10.0,10,100.0,inf,full,both,inf,180.0,0.01,0.0,0.0,256,20,3,0.5,0.1,0.99,10.0,256,20,0,128,0,0.0,3.75,299.9981914198722,9409.977904078876,0.0,0.0,0.0,
coast,mppi_lqr,300.0,1800.0,0.1,0.15,5.0,4.5,10.0,10.0,10,100.0,inf,full,both,inf,180.0,0.01,0.0,0.0,256,20,3,0.5,0.1,0.99,10.0,256,20,0,128,0,0.0,4.5,299.990828995281,10725.438224417305,0.0,0.0,0.0,
coast,mppi_lqr,300.0,1800.0,0.1,0.15,5.0,5.0,10.0,10.0,10,100.0,inf,full,both,inf,180.0,0.01,0.0,0.0,256,20,3,0.5,0.1,0.99,10.0,256,20,0,128,0,0.0,5.0,299.992815857686,11352.216965289464,0.0,0.0,0.0,
coast,mppi_lqr,300.0,1800.0,0.1,0.15,5.0,5.5,10.0,10.0,10,100.0,inf,full,both,inf,180.0,0.01,0.0,0.0,256,20,3,0.5,0.1,0.99,10.0,256,20,0,128,0,0.0,5.5,299.9687881599292,12186.871358429737,0.0,0.0,0.0,
coast,mppi_lqr,300.0,1800.0,0.1,0.15,5.0,6.25,10.0,10.0,10,100.0,inf,full,both,inf,180.0,0.01,0.0,0.0,256,20,3,0.5,0.1,0.99,10.0,256,20,0,128,0,0.0,6.25,299.9065906286957,13496.521937499334,0.0,0.0,0.0,
coast,mppi_lqr,300.0,1800.0,0.1,0.15,5.0,7.5,10.0,10.0,10,100.0,inf,full,both,inf,180.0,0.01,0.0,0.0,256,20,3,0.5,0.1,0.99,10.0,256,20,0,128,0,0.0,7.5,299.87623575632165,15176.889000628382,0.0,0.0,0.0,
coast,mppi_lqr,300.0,1800.0,0.1,0.15,5.0,10.0,10.0,10.0,10,100.0,inf,full,both,inf,180.0,0.01,0.0,0.0,256,20,3,0.5,0.1,0.99,10.0,256,20,0,128,0,0.0,10.0,299.8765411521234,18476.25941569694,0.0,0.0,0.0,
coast,mppi_lqr,300.0,1800.0,0.1,0.15,5.0,inf,10.0,10.0,10,100.0,inf,full,both,inf,180.0,0.01,0.0,0.0,256,20,3,0.5,0.1,0.99,10.0,256,20,0,128,0,0.0,25.763096938951104,299.8765411521234,27075.09977044166,0.0,0.0,0.0,
coast,mppi_lqr,300.0,1800.0,0.1,0.2,5.0,1.25,10.0,10.0,10,100.0,inf,full,both,inf,180.0,0.01,0.0,0.0,256,20,3,0.5,0.1,0.99,10.0,256,20,0,128,0,0.0,1.25,300.0,3799.398882551185,0.0,0.0,0.0,
coast,mppi_lqr,300.0,1800.0,0.1,0.2,5.0,2.5,10.0,10.0,10,100.0,inf,full,both,inf,180.0,0.01,0.0,0.0,256,20,3,0.5,0.1,0.99,10.0,256,20,0,128,0,0.0,2.5,299.99903268227126,6653.540442712051,0.0,0.0,0.0,
coast,mppi_lqr,300.0,1800.0,0.1,0.2,5.0,3.75,10.0,10.0,10,100.0,inf,full,both,inf,180.0,0.01,0.0,0.0,256,20,3,0.5,0.1,0.99,10.0,256,20,0,128,0,0.0,3.75,299.9828144019773,9412.371241397615,0.0,0.0,0.0,
coast,mppi_lqr,300.0,1800.0,0.1,0.2,5.0,4.5,10.0,10.0,10,100.0,inf,full,both,inf,180.0,0.01,0.0,0.0,256,20,3,0.5,0.1,0.99,10.0,256,20,0,128,0,0.0,4.5,299.9423051712017,11082.965725564967,0.0,0.0,0.0,
coast,mppi_lqr,300.0,1800.0,0.1,0.2,5.0,5.0,10.0,10.0,10,100.0,inf,full,both,inf,180.0,0.01,0.0,0.0,256,20,3,0.5,0.1,0.99,10.0,256,20,0,128,0,0.0,5.0,299.81261423718024,12237.68235301768,0.0,0.0,0.0,
coast,mppi_lqr,300.0,1800.0,0.1,0.2,5.0,5.5,10.0,10.0,10,100.0,inf,full,both,inf,180.0,0.01,0.0,0.0,256,20,3,0.5,0.1,0.99,10.0,256,20,0,128,0,0.0,5.5,297.810649088964,13152.795032548058,0.0,0.0,0.0,
coast,mppi_lqr,300.0,1800.0,0.1,0.2,5.0,6.25,10.0,10.0,10,100.0,inf,full,both,inf,180.0,0.01,0.0,0.0,256,20,3,0.5,0.1,0.99,10.0,256,20,0,128,0,0.0,6.25,299.7345251654169,14478.687341006844,0.0,0.0,0.0,
coast,mppi_lqr,300.0,1800.0,0.1,0.2,5.0,7.5,10.0,10.0,10,100.0,inf,full,both,inf,180.0,0.01,0.0,0.0,256,20,3,0.5,0.1,0.99,10.0,256,20,0,128,0,0.0,7.5,299.71367673922583,16606.296239657204,0.0,0.0,0.0,
coast,mppi_lqr,300.0,1800.0,0.1,0.2,5.0,10.0,10.0,10.0,10,100.0,inf,full,both,inf,180.0,0.01,0.0,0.0,256,20,3,0.5,0.1,0.99,10.0,256,20,0,128,0,0.0,10.0,299.5533190949993,20421.61340152396,0.0,0.0,0.0,
coast,mppi_lqr,300.0,1800.0,0.1,0.2,5.0,inf,10.0,10.0,10,100.0,inf,full,both,inf,180.0,0.01,0.0,0.0,256,20,3,0.5,0.1,0.99,10.0,256,20,0,128,0,0.0,34.3238961985156,299.5557180197817,36136.14709909575,0.0,0.0,0.0,
coast,random,300.0,1800.0,0.1,0.025,5.0,1.25,10.0,10.0,10,100.0,inf,full,both,inf,180.0,0.01,0.0,0.0,256,20,3,0.5,0.1,0.99,10.0,256,20,0,128,0,0.0,1.25,278.12531737284627,1233.2061411592924,0.0,0.0,0.0,
coast,random,300.0,1800.0,0.1,0.025,5.0,2.5,10.0,10.0,10,100.0,inf,full,both,inf,180.0,0.01,0.0,0.0,256,20,3,0.5,0.1,0.99,10.0,256,20,0,128,0,0.0,2.5,278.93929562043724,1240.197889141214,0.0,0.0,0.0,
coast,random,300.0,1800.0,0.1,0.025,5.0,3.75,10.0,10.0,10,100.0,inf,full,both,inf,180.0,0.01,0.0,0.0,256,20,3,0.5,0.1,0.99,10.0,256,20,0,128,0,0.0,3.370510509639384,278.4193487608174,1241.8073118433051,0.0,0.0,0.0,
coast,random,300.0,1800.0,0.1,0.025,5.0,4.5,10.0,10.0,10,100.0,inf,full,both,inf,180.0,0.01,0.0,0.0,256,20,3,0.5,0.1,0.99,10.0,256,20,0,128,0,0.0,3.370510509639384,278.4193487608174,1241.8073118433051,0.0,0.0,0.0,
coast,random,300.0,1800.0,0.1,0.025,5.0,5.0,10.0,10.0,10,100.0,inf,full,both,inf,180.0,0.01,0.0,0.0,256,20,3,0.5,0.1,0.99,10.0,256,20,0,128,0,0.0,3.370510509639384,278.4193487608174,1241.8073118433051,0.0,0.0,0.0,
coast,random,300.0,1800.0,0.1,0.025,5.0,5.5,10.0,10.0,10,100.0,inf,full,both,inf,180.0,0.01,0.0,0.0,256,20,3,0.5,0.1,0.99,10.0,256,20,0,128,0,0.0,3.370510509639384,278.4193487608174,1241.8073118433051,0.0,0.0,0.0,
coast,random,300.0,1800.0,0.1,0.025,5.0,6.25,10.0,10.0,10,100.0,inf,full,both,inf,180.0,0.01,0.0,0.0,256,20,3,0.5,0.1,0.99,10.0,256,20,0,128,0,0.0,3.370510509639384,278.4193487608174,1241.8073118433051,0.0,0.0,0.0,
coast,random,300.0,1800.0,0.1,0.025,5.0,7.5,10.0,10.0,10,100.0,inf,full,both,inf,180.0,0.01,0.0,0.0,256,20,3,0.5,0.1,0.99,10.0,256,20,0,128,0,0.0,3.370510509639384,278.4193487608174,1241.8073118433051,0.0,0.0,0.0,
coast,random,300.0,1800.0,0.1,0.025,5.0,10.0,10.0,10.0,10,100.0,inf,full,both,inf,180.0,0.01,0.0,0.0,256,20,3,0.5,0.1,0.99,10.0,256,20,0,128,0,0.0,3.370510509639384,278.4193487608174,1241.8073118433051,0.0,0.0,0.0,
coast,random,300.0,1800.0,0.1,0.025,5.0,inf,10.0,10.0,10,100.0,inf,full,both,inf,180.0,0.01,0.0,0.0,256,20,3,0.5,0.1,0.99,10.0,256,20,0,128,0,0.0,3.370510509639384,278.4193487608174,1241.8073118433051,0.0,0.0,0.0,
coast,random,300.0,1800.0,0.1,0.05,5.0,1.25,10.0,10.0,10,100.0,inf,full,both,inf,180.0,0.01,0.0,0.0,256,20,3,0.5,0.1,0.99,10.0,256,20,0,128,0,0.0,1.25,275.3555829070441,1298.4144053815833,0.0,0.0,0.0,
coast,random,300.0,1800.0,0.1,0.05,5.0,2.5,10.0,10.0,10,100.0,inf,full,both,inf,180.0,0.01,0.0,0.0,256,20,3,0.5,0.1,0.99,10.0,256,20,0,128,0,0.0,2.5,275.60805475463985,1313.7469258612264,0.0,0.0,0.0,
coast,random,300.0,1800.0,0.1,0.05,5.0,3.75,10.0,10.0,10,100.0,inf,full,both,inf,180.0,0.01,0.0,0.0,256,20,3,0.5,0.1,0.99,10.0,256,20,0,128,0,0.0,3.75,276.0445805354605,1329.024899860235,0.0,0.0,0.0,
coast,random,300.0,1800.0,0.1,0.05,5.0,4.5,10.0,10.0,10,100.0,inf,full,both,inf,180.0,0.01,0.0,0.0,256,20,3,0.5,0.1,0.99,10.0,256,20,0,128,0,0.0,4.5,276.1991621833414,1335.9499030732854,0.0,0.0,0.0,
coast,random,300.0,1800.0,0.1,0.05,5.0,5.0,10.0,10.0,10,100.0,inf,full,both,inf,180.0,0.01,0.0,0.0,256,20,3,0.5,0.1,0.99,10.0,256,20,0,128,0,0.0,5.0,275.6898301926814,1342.3409233308814,0.0,0.0,0.0,
coast,random,300.0,1800.0,0.1,0.05,5.0,5.5,10.0,10.0,10,100.0,inf,full,both,inf,180.0,0.01,0.0,0.0,256,20,3,0.5,0.1,0.99,10.0,256,20,0,128,0,0.0,5.5,275.49748991905153,1342.7636696777204,0.0,0.0,0.0,
coast,random,300.0,1800.0,0.1,0.05,5.0,6.25,10.0,10.0,10,100.0,inf,full,both,inf,180.0,0.01,0.0,0.0,256,20,3,0.5,0.1,0.99,10.0,256,20,0,128,0,0.0,6.25,275.52924185170724,1346.2643646502604,0.0,0.0,0.0,
coast,random,300.0,1800.0,0.1,0.05,5.0,7.5,10.0,10.0,10,100.0,inf,full,both,inf,180.0,0.01,0.0,0.0,256,20,3,0.5,0.1,0.99,10.0,256,20,0,128,0,0.0,6.741021019278768,275.4581782736247,1345.5497552901938,0.0,0.0,0.0,
coast,random,300.0,1800.0,0.1,0.05,5.0,10.0,10.0,10.0,10,100.0,inf,full,both,inf,180.0,0.01,0.0,0.0,256,20,3,0.5,0.1,0.99,10.0,256,20,0,128,0,0.0,6.741021019278768,275.4581782736247,1345.5497552901938,0.0,0.0,0.0,
coast,random,300.0,1800.0,0.1,0.05,5.0,inf,10.0,10.0,10,100.0,inf,full,both,inf,180.0,0.01,0.0,0.0,256,20,3,0.5,0.1,0.99,10.0,256,20,0,128,0,0.0,6.741021019278768,275.4581782736247,1345.5497552901938,0.0,0.0,0.0,
coast,random,300.0,1800.0,0.1,0.075,5.0,1.25,10.0,10.0,10,100.0,inf,full,both,inf,180.0,0.01,0.0,0.0,256,20,3,0.5,0.1,0.99,10.0,256,20,0,128,1,0.0,1.25,274.538184860238,1325.3665207292138,0.0,0.0,0.0078125,980.0
coast,random,300.0,1800.0,0.1,0.075,5.0,2.5,10.0,10.0,10,100.0,inf,full,both,inf,180.0,0.01,0.0,0.0,256,20,3,0.5,0.1,0.99,10.0,256,20,0,128,0,0.0,2.5,275.4819090605809,1400.8436267688194,0.0,0.0,0.0,
coast,random,300.0,1800.0,0.1,0.075,5.0,3.75,10.0,10.0,10,100.0,inf,full,both,inf,180.0,0.01,0.0,0.0,256,20,3,0.5,0.1,0.99,10.0,256,20,0,128,0,0.0,3.75,274.9644343765627,1440.9006947393036,0.0,0.0,0.0,
coast,random,300.0,1800.0,0.1,0.075,5.0,4.5,10.0,10.0,10,100.0,inf,full,both,inf,180.0,0.01,0.0,0.0,256,20,3,0.5,0.1,0.99,10.0,256,20,0,128,0,0.0,4.5,275.2884305080881,1465.7000201668056,0.0,0.0,0.0,
coast,random,300.0,1800.0,0.1,0.075,5.0,5.0,10.0,10.0,10,100.0,inf,full,both,inf,180.0,0.01,0.0,0.0,256,20,3,0.5,0.1,0.99,10.0,256,20,0,128,0,0.0,5.0,275.66779917242513,1482.8971694245406,0.0,0.0,0.0,
coast,random,300.0,1800.0,0.1,0.075,5.0,5.5,10.0,10.0,10,100.0,inf,full,both,inf,180.0,0.01,0.0,0.0,256,20,3,0.5,0.1,0.99,10.0,256,20,0,128,0,0.0,5.5,273.73892904762414,1474.672365029448,0.0,0.0,0.0,
coast,random,300.0,1800.0,0.1,0.075,5.0,6.25,10.0,10.0,10,100.0,inf,full,both,inf,180.0,0.01,0.0,0.0,256,20,3,0.5,0.1,0.99,10.0,256,20,0,128,0,0.0,6.25,273.3075618119512,1487.1468639938662,0.0,0.0,0.0,
coast,random,300.0,1800.0,0.1,0.075,5.0,7.5,10.0,10.0,10,100.0,inf,full,both,inf,180.0,0.01,0.0,0.0,256,20,3,0.5,0.1,0.99,10.0,256,20,0,128,0,0.0,7.5,271.8911803798225,1497.6167707368686,0.0,0.0,0.0,
coast,random,300.0,1800.0,0.1,0.075,5.0,10.0,10.0,10.0,10,100.0,inf,full,both,inf,180.0,0.01,0.0,0.0,256,20,3,0.5,0.1,0.99,10.0,256,20,0,128,0,0.0,9.964452686627553,271.2990769488249,1499.9346190658275,0.0,0.0,0.0,
coast,random,300.0,1800.0,0.1,0.075,5.0,inf,10.0,10.0,10,100.0,inf,full,both,inf,180.0,0.01,0.0,0.0,256,20,3,0.5,0.1,0.99,10.0,256,20,0,128,0,0.0,10.111531528918151,271.2993946098068,1499.9028938692488,0.0,0.0,0.0,
coast,random,300.0,1800.0,0.1,0.09,5.0,1.25,10.0,10.0,10,100.0,inf,full,both,inf,180.0,0.01,0.0,0.0,256,20,3,0.5,0.1,0.99,10.0,256,20,0,128,0,0.0,1.25,274.5857342191099,1369.1569445715168,0.0,0.0,0.0,
coast,random,300.0,1800.0,0.1,0.09,5.0,2.5,10.0,10.0,10,100.0,inf,full,both,inf,180.0,0.01,0.0,0.0,256,20,3,0.5,0.1,0.99,10.0,256,20,0,128,0,0.0,2.5,277.1821006998369,1476.8101825014148,0.0,0.0,0.0,
coast,random,300.0,1800.0,0.1,0.09,5.0,3.75,10.0,10.0,10,100.0,inf,full,both,inf,180.0,0.01,0.0,0.0,256,20,3,0.5,0.1,0.99,10.0,256,20,0,128,0,0.0,3.75,275.4195797734472,1502.3886520547608,0.0,0.0,0.0,
coast,random,300.0,1800.0,0.1,0.09,5.0,4.5,10.0,10.0,10,100.0,inf,full,both,inf,180.0,0.01,0.0,0.0,256,20,3,0.5,0.1,0.99,10.0,256,20,0,128,0,0.0,4.5,275.71417689875204,1534.612268725085,0.0,0.0,0.0,
coast,random,300.0,1800.0,0.1,0.09,5.0,5.0,10.0,10.0,10,100.0,inf,full,both,inf,180.0,0.01,0.0,0.0,256,20,3,0.5,0.1,0.99,10.0,256,20,0,128,0,0.0,5.0,274.72238613190484,1554.8016590994368,0.0,0.0,0.0,
coast,random,300.0,1800.0,0.1,0.09,5.0,5.5,10.0,10.0,10,100.0,inf,full,both,inf,180.0,0.01,0.0,0.0,256,20,3,0.5,0.1,0.99,10.0,256,20,0,128,0,0.0,5.5,273.5158153354164,1567.182136515649,0.0,0.0,0.0,
coast,random,300.0,1800.0,0.1,0.09,5.0,6.25,10.0,10.0,10,100.0,inf,full,both,inf,180.0,0.01,0.0,0.0,256,20,3,0.5,0.1,0.99,10.0,256,20,0,128,0,0.0,6.25,273.2405582569752,1576.6120337490554,0.0,0.0,0.0,
coast,random,300.0,1800.0,0.1,0.09,5.0,7.5,10.0,10.0,10,100.0,inf,full,both,inf,180.0,0.01,0.0,0.0,256,20,3,0.5,0.1,0.99,10.0,256,20,0,128,0,0.0,7.5,273.27802022528834,1595.2070283494654,0.0,0.0,0.0,
coast,random,300.0,1800.0,0.1,0.09,5.0,10.0,10.0,10.0,10,100.0,inf,full,both,inf,180.0,0.01,0.0,0.0,256,20,3,0.5,0.1,0.99,10.0,256,20,0,128,0,0.0,10.0,271.8137328532256,1610.1506173841535,0.0,0.0,0.0,
coast,random,300.0,1800.0,0.1,0.09,5.0,inf,10.0,10.0,10,100.0,inf,full,both,inf,180.0,0.01,0.0,0.0,256,20,3,0.5,0.1,0.99,10.0,256,20,0,128,0,0.0,12.133837834701785,271.38069577388995,1610.9337343059908,0.0,0.0,0.0,
coast,random,300.0,1800.0,0.1,0.1,5.0,1.25,10.0,10.0,10,100.0,inf,full,both,inf,180.0,0.01,0.0,0.0,256,20,3,0.5,0.1,0.99,10.0,256,20,0,128,0,0.0,1.25,276.15946428257445,1389.450016194793,0.0,0.0,0.0,
coast,random,300.0,1800.0,0.1,0.1,5.0,2.5,10.0,10.0,10,100.0,inf,full,both,inf,180.0,0.01,0.0,0.0,256,20,3,0.5,0.1,0.99,10.0,256,20,0,128,0,0.0,2.5,278.88040429431504,1523.3031936060097,0.0,0.0,0.0,
coast,random,300.0,1800.0,0.1,0.1,5.0,3.75,10.0,10.0,10,100.0,inf,full,both,inf,180.0,0.01,0.0,0.0,256,20,3,0.5,0.1,0.99,10.0,256,20,0,128,0,0.0,3.75,273.7054511652563,1556.3513951932375,0.0,0.0,0.0,
coast,random,300.0,1800.0,0.1,0.1,5.0,4.5,10.0,10.0,10,100.0,inf,full,both,inf,180.0,0.01,0.0,0.0,256,20,3,0.5,0.1,0.99,10.0,256,20,0,128,0,0.0,4.5,274.0291088246901,1587.3246076312284,0.0,0.0,0.0,
coast,random,300.0,1800.0,0.1,0.1,5.0,5.0,10.0,10.0,10,100.0,inf,full,both,inf,180.0,0.01,0.0,0.0,256,20,3,0.5,0.1,0.99,10.0,256,20,0,128,0,0.0,5.0,275.51530535533766,1601.7480054193593,0.0,0.0,0.0,
coast,random,300.0,1800.0,0.1,0.1,5.0,5.5,10.0,10.0,10,100.0,inf,full,both,inf,180.0,0.01,0.0,0.0,256,20,3,0.5,0.1,0.99,10.0,256,20,0,128,0,0.0,5.5,274.38623407775486,1623.1530714018086,0.0,0.0,0.0,
coast,random,300.0,1800.0,0.1,0.1,5.0,6.25,10.0,10.0,10,100.0,inf,full,both,inf,180.0,0.01,0.0,0.0,256,20,3,0.5,0.1,0.99,10.0,256,20,0,128,0,0.0,6.25,273.590270495001,1644.6430700837127,0.0,0.0,0.0,
coast,random,300.0,1800.0,0.1,0.1,5.0,7.5,10.0,10.0,10,100.0,inf,full,both,inf,180.0,0.01,0.0,0.0,256,20,3,0.5,0.1,0.99,10.0,256,20,0,128,0,0.0,7.5,273.0121476370982,1655.954996449265,0.0,0.0,0.0,
coast,random,300.0,1800.0,0.1,0.1,5.0,10.0,10.0,10.0,10,100.0,inf,full,both,inf,180.0,0.01,0.0,0.0,256,20,3,0.5,0.1,0.99,10.0,256,20,0,128,0,0.0,10.0,271.277408800315,1688.2219845326877,0.0,0.0,0.0,
coast,random,300.0,1800.0,0.1,0.1,5.0,inf,10.0,10.0,10,100.0,inf,full,both,inf,180.0,0.01,0.0,0.0,256,20,3,0.5,0.1,0.99,10.0,256,20,0,128,0,0.0,13.482042038557536,270.73121032403765,1689.7032758289115,0.0,0.0,0.0,
coast,random,300.0,1800.0,0.1,0.11,5.0,1.25,10.0,10.0,10,100.0,inf,full,both,inf,180.0,0.01,0.0,0.0,256,20,3,0.5,0.1,0.99,10.0,256,20,0,128,0,0.0,1.25,277.8487494961465,1441.948952246672,0.0,0.0,0.0,
coast,random,300.0,1800.0,0.1,0.11,5.0,2.5,10.0,10.0,10,100.0,inf,full,both,inf,180.0,0.01,0.0,0.0,256,20,3,0.5,0.1,0.99,10.0,256,20,0,128,0,0.0,2.5,275.9373517896664,1549.5270646750168,0.0,0.0,0.0,
coast,random,300.0,1800.0,0.1,0.11,5.0,3.75,10.0,10.0,10,100.0,inf,full,both,inf,180.0,0.01,0.0,0.0,256,20,3,0.5,0.1,0.99,10.0,256,20,0,128,0,0.0,3.75,276.0033402163107,1603.3357631605272,0.0,0.0,0.0,
coast,random,300.0,1800.0,0.1,0.11,5.0,4.5,10.0,10.0,10,100.0,inf,full,both,inf,180.0,0.01,0.0,0.0,256,20,3,0.5,0.1,0.99,10.0,256,20,0,128,0,0.0,4.5,274.10190850345833,1625.0715738532192,0.0,0.0,0.0,
coast,random,300.0,1800.0,0.1,0.11,5.0,5.0,10.0,10.0,10,100.0,inf,full,both,inf,180.0,0.01,0.0,0.0,256,20,3,0.5,0.1,0.99,10.0,256,20,0,128,0,0.0,5.0,274.54992331348296,1660.6606547302008,0.0,0.0,0.0,
coast,random,300.0,1800.0,0.1,0.11,5.0,5.5,10.0,10.0,10,100.0,inf,full,both,inf,180.0,0.01,0.0,0.0,256,20,3,0.5,0.1,0.99,10.0,256,20,0,128,0,0.0,5.5,274.7582551365056,1672.4198850844705,0.0,0.0,0.0,
coast,random,300.0,1800.0,0.1,0.11,5.0,6.25,10.0,10.0,10,100.0,inf,full,both,inf,180.0,0.01,0.0,0.0,256,20,3,0.5,0.1,0.99,10.0,256,20,0,128,0,0.0,6.25,272.3616027324082,1706.7665760392863,0.0,0.0,0.0,
coast,random,300.0,1800.0,0.1,0.11,5.0,7.5,10.0,10.0,10,100.0,inf,full,both,inf,180.0,0.01,0.0,0.0,256,20,3,0.5,0.1,0.99,10.0,256,20,0,128,0,0.0,7.5,273.17924587870675,1736.1616316181935,0.0,0.0,0.0,
coast,random,300.0,1800.0,0.1,0.11,5.0,10.0,10.0,10.0,10,100.0,inf,full,both,inf,180.0,0.01,0.0,0.0,256,20,3,0.5,0.1,0.99,10.0,256,20,0,128,0,0.0,10.0,272.0342038602184,1757.2885517571185,0.0,0.0,0.0,
coast,random,300.0,1800.0,0.1,0.11,5.0,inf,10.0,10.0,10,100.0,inf,full,both,inf,180.0,0.01,0.0,0.0,256,20,3,0.5,0.1,0.99,10.0,256,20,0,128,0,0.0,14.83024624241329,269.97641326289386,1772.0414512642683,0.0,0.0,0.0,
coast,random,300.0,1800.0,0.1,0.125,5.0,1.25,10.0,10.0,10,100.0,inf,full,both,inf,180.0,0.01,0.0,0.0,256,20,3,0.5,0.1,0.99,10.0,256,20,0,128,0,0.0,1.25,276.81729253092004,1439.037798048583,0.0,0.0,0.0,
coast,random,300.0,1800.0,0.1,0.125,5.0,2.5,10.0,10.0,10,100.0,inf,full,both,inf,180.0,0.01,0.0,0.0,256,20,3,0.5,0.1,0.99,10.0,256,20,0,128,0,0.0,2.5,274.44317698962044,1585.4295992527334,0.0,0.0,0.0,
coast,random,300.0,1800.0,0.1,0.125,5.0,3.75,10.0,10.0,10,100.0,inf,full,both,inf,180.0,0.01,0.0,0.0,256,20,3,0.5,0.1,0.99,10.0,256,20,0,128,0,0.0,3.75,274.3080221227425,1664.9773267712462,0.0,0.0,0.0,
coast,random,300.0,1800.0,0.1,0.125,5.0,4.5,10.0,10.0,10,100.0,inf,full,both,inf,180.0,0.01,0.0,0.0,256,20,3,0.5,0.1,0.99,10.0,256,20,0,128,0,0.0,4.5,275.23960469385986,1711.7978721113343,0.0,0.0,0.0,
coast,random,300.0,1800.0,0.1,0.125,5.0,5.0,10.0,10.0,10,100.0,inf,full,both,inf,180.0,0.01,0.0,0.0,256,20,3,0.5,0.1,0.99,10.0,256,20,0,128,0,0.0,5.0,274.1323663112096,1727.069734143069,0.0,0.0,0.0,
coast,random,300.0,1800.0,0.1,0.125,5.0,5.5,10.0,10.0,10,100.0,inf,full,both,inf,180.0,0.01,0.0,0.0,256,20,3,0.5,0.1,0.99,10.0,256,20,0,128,0,0.0,5.5,273.51304722412243,1749.3103066826304,0.0,0.0,0.0,
coast,random,300.0,1800.0,0.1,0.125,5.0,6.25,10.0,10.0,10,100.0,inf,full,both,inf,180.0,0.01,0.0,0.0,256,20,3,0.5,0.1,0.99,10.0,256,20,0,128,0,0.0,6.25,273.6854052263406,1784.8325853010697,0.0,0.0,0.0,
coast,random,300.0,1800.0,0.1,0.125,5.0,7.5,10.0,10.0,10,100.0,inf,full,both,inf,180.0,0.01,0.0,0.0,256,20,3,0.5,0.1,0.99,10.0,256,20,0,128,0,0.0,7.5,272.4600165776584,1833.4258370241864,0.0,0.0,0.0,
coast,random,300.0,1800.0,0.1,0.125,5.0,10.0,10.0,10.0,10,100.0,inf,full,both,inf,180.0,0.01,0.0,0.0,256,20,3,0.5,0.1,0.99,10.0,256,20,0,128,0,0.0,10.0,271.04201111659887,1881.990474023868,0.0,0.0,0.0,
coast,random,300.0,1800.0,0.1,0.125,5.0,inf,10.0,10.0,10,100.0,inf,full,both,inf,180.0,0.01,0.0,0.0,256,20,3,0.5,0.1,0.99,10.0,256,20,0,128,0,0.0,16.852552548196922,271.1865528070193,1902.786032802028,0.0,0.0,0.0,
coast,random,300.0,1800.0,0.1,0.15,5.0,1.25,10.0,10.0,10,100.0,inf,full,both,inf,180.0,0.01,0.0,0.0,256,20,3,0.5,0.1,0.99,10.0,256,20,0,128,0,0.0,1.25,275.7221495304832,1475.5425769976164,0.0,0.0,0.0,
coast,random,300.0,1800.0,0.1,0.15,5.0,2.5,10.0,10.0,10,100.0,inf,full,both,inf,180.0,0.01,0.0,0.0,256,20,3,0.5,0.1,0.99,10.0,256,20,0,128,0,0.0,2.5,272.03740444060685,1626.6209376977788,0.0,0.0,0.0,
coast,random,300.0,1800.0,0.1,0.15,5.0,3.75,10.0,10.0,10,100.0,inf,full,both,inf,180.0,0.01,0.0,0.0,256,20,3,0.5,0.1,0.99,10.0,256,20,0,128,0,0.0,3.75,272.7679868169549,1800.7032225070943,0.0,0.0,0.0,
coast,random,300.0,1800.0,0.1,0.15,5.0,4.5,10.0,10.0,10,100.0,inf,full,both,inf,180.0,0.01,0.0,0.0,256,20,3,0.5,0.1,0.99,10.0,256,20,0,128,0,0.0,4.5,273.90717940665127,1824.6070617761852,0.0,0.0,0.0,
coast,random,300.0,1800.0,0.1,0.15,5.0,5.0,10.0,10.0,10,100.0,inf,full,both,inf,180.0,0.01,0.0,0.0,256,20,3,0.5,0.1,0.99,10.0,256,20,0,128,0,0.0,5.0,274.9757926775746,1868.3808012704108,0.0,0.0,0.0,
coast,random,300.0,1800.0,0.1,0.15,5.0,5.5,10.0,10.0,10,100.0,inf,full,both,inf,180.0,0.01,0.0,0.0,256,20,3,0.5,0.1,0.99,10.0,256,20,0,128,0,0.0,5.5,274.5962898706097,1900.2600489471315,0.0,0.0,0.0,
coast,random,300.0,1800.0,0.1,0.15,5.0,6.25,10.0,10.0,10,100.0,inf,full,both,inf,180.0,0.01,0.0,0.0,256,20,3,0.5,0.1,0.99,10.0,256,20,0,128,0,0.0,6.25,273.301469854623,1923.5955883541037,0.0,0.0,0.0,
coast,random,300.0,1800.0,0.1,0.15,5.0,7.5,10.0,10.0,10,100.0,inf,full,both,inf,180.0,0.01,0.0,0.0,256,20,3,0.5,0.1,0.99,10.0,256,20,0,128,0,0.0,7.5,272.2977662402854,1985.52022696979,0.0,0.0,0.0,
coast,random,300.0,1800.0,0.1,0.15,5.0,10.0,10.0,10.0,10,100.0,inf,full,both,inf,180.0,0.01,0.0,0.0,256,20,3,0.5,0.1,0.99,10.0,256,20,0,128,0,0.0,10.0,270.85823444189407,2083.241433549508,0.0,0.0,0.0,
coast,random,300.0,1800.0,0.1,0.15,5.0,inf,10.0,10.0,10,100.0,inf,full,both,inf,180.0,0.01,0.0,0.0,256,20,3,0.5,0.1,0.99,10.0,256,20,0,128,0,0.0,20.223063057836303,271.3411830785674,2132.8576742549585,0.0,0.0,0.0,
coast,random,300.0,1800.0,0.1,0.2,5.0,1.25,10.0,10.0,10,100.0,inf,full,both,inf,180.0,0.01,0.0,0.0,256,20,3,0.5,0.1,0.99,10.0,256,20,0,128,0,0.0,1.25,271.4692802647798,1542.714879814676,0.0,0.0,0.0,
coast,random,300.0,1800.0,0.1,0.2,5.0,2.5,10.0,10.0,10,100.0,inf,full,both,inf,180.0,0.01,0.0,0.0,256,20,3,0.5,0.1,0.99,10.0,256,20,0,128,0,0.0,2.5,267.8590506631803,1797.8170966762343,0.0,0.0,0.0,
coast,random,300.0,1800.0,0.1,0.2,5.0,3.75,10.0,10.0,10,100.0,inf,full,both,inf,180.0,0.01,0.0,0.0,256,20,3,0.5,0.1,0.99,10.0,256,20,0,128,0,0.0,3.75,271.9278423484128,1984.362541265496,0.0,0.0,0.0,
coast,random,300.0,1800.0,0.1,0.2,5.0,4.5,10.0,10.0,10,100.0,inf,full,both,inf,180.0,0.01,0.0,0.0,256,20,3,0.5,0.1,0.99,10.0,256,20,0,128,0,0.0,4.5,272.2618813525096,2085.6096445774724,0.0,0.0,0.0,
coast,random,300.0,1800.0,0.1,0.2,5.0,5.0,10.0,10.0,10,100.0,inf,full,both,inf,180.0,0.01,0.0,0.0,256,20,3,0.5,0.1,0.99,10.0,256,20,0,128,0,0.0,5.0,270.7598779897416,2117.0471861335723,0.0,0.0,0.0,
coast,random,300.0,1800.0,0.1,0.2,5.0,5.5,10.0,10.0,10,100.0,inf,full,both,inf,180.0,0.01,0.0,0.0,256,20,3,0.5,0.1,0.99,10.0,256,20,0,128,0,0.0,5.5,271.1291763438792,2169.0034526664763,0.0,0.0,0.0,
coast,random,300.0,1800.0,0.1,0.2,5.0,6.25,10.0,10.0,10,100.0,inf,full,both,inf,180.0,0.01,0.0,0.0,256,20,3,0.5,0.1,0.99,10.0,256,20,0,128,0,0.0,6.25,270.40470029365383,2209.9227967349343,0.0,0.0,0.0,
coast,random,300.0,1800.0,0.1,0.2,5.0,7.5,10.0,10.0,10,100.0,inf,full,both,inf,180.0,0.01,0.0,0.0,256,20,3,0.5,0.1,0.99,10.0,256,20,0,128,0,0.0,7.5,271.682581541836,2291.0723907422525,0.0,0.0,0.0,
coast,random,300.0,1800.0,0.1,0.2,5.0,10.0,10.0,10.0,10,100.0,inf,full,both,inf,180.0,0.01,0.0,0.0,256,20,3,0.5,0.1,0.99,10.0,256,20,0,128,0,0.0,10.0,270.18618264444194,2418.4395144740515,0.0,0.0,0.0,
coast,random,300.0,1800.0,0.1,0.2,5.0,inf,10.0,10.0,10,100.0,inf,full,both,inf,180.0,0.01,0.0,0.0,256,20,3,0.5,0.1,0.99,10.0,256,20,0,128,0,0.0,26.96408407711507,268.2798683229224,2626.923639324452,0.0,0.0,0.0,
coast,transverse,300.0,1800.0,0.1,0.025,5.0,1.25,10.0,10.0,10,100.0,inf,full,both,inf,180.0,0.01,0.0,0.0,256,20,3,0.5,0.1,0.99,10.0,256,20,0,128,0,0.0,1.25,296.7815449542869,1639.4147362191986,0.0,0.0,0.0,
coast,transverse,300.0,1800.0,0.1,0.025,5.0,2.5,10.0,10.0,10,100.0,inf,full,both,inf,180.0,0.01,0.0,0.0,256,20,3,0.5,0.1,0.99,10.0,256,20,0,128,0,0.0,2.5,296.7815449542869,2421.1370944626965,0.0,0.0,0.0,
coast,transverse,300.0,1800.0,0.1,0.025,5.0,3.75,10.0,10.0,10,100.0,inf,full,both,inf,180.0,0.01,0.0,0.0,256,20,3,0.5,0.1,0.99,10.0,256,20,0,128,0,0.0,3.75,296.7815449542869,2630.5018187189658,0.0,0.0,0.0,
coast,transverse,300.0,1800.0,0.1,0.025,5.0,4.5,10.0,10.0,10,100.0,inf,full,both,inf,180.0,0.01,0.0,0.0,256,20,3,0.5,0.1,0.99,10.0,256,20,0,128,0,0.0,4.4999999999999964,296.7815449542869,2643.2508050272704,0.0,0.0,0.0,
coast,transverse,300.0,1800.0,0.1,0.025,5.0,5.0,10.0,10.0,10,100.0,inf,full,both,inf,180.0,0.01,0.0,0.0,256,20,3,0.5,0.1,0.99,10.0,256,20,0,128,0,0.0,4.4999999999999964,296.7815449542869,2643.2508050272704,0.0,0.0,0.0,
coast,transverse,300.0,1800.0,0.1,0.025,5.0,5.5,10.0,10.0,10,100.0,inf,full,both,inf,180.0,0.01,0.0,0.0,256,20,3,0.5,0.1,0.99,10.0,256,20,0,128,0,0.0,4.4999999999999964,296.7815449542869,2643.2508050272704,0.0,0.0,0.0,
coast,transverse,300.0,1800.0,0.1,0.025,5.0,6.25,10.0,10.0,10,100.0,inf,full,both,inf,180.0,0.01,0.0,0.0,256,20,3,0.5,0.1,0.99,10.0,256,20,0,128,0,0.0,4.4999999999999964,296.7815449542869,2643.2508050272704,0.0,0.0,0.0,
coast,transverse,300.0,1800.0,0.1,0.025,5.0,7.5,10.0,10.0,10,100.0,inf,full,both,inf,180.0,0.01,0.0,0.0,256,20,3,0.5,0.1,0.99,10.0,256,20,0,128,0,0.0,4.4999999999999964,296.7815449542869,2643.2508050272704,0.0,0.0,0.0,
coast,transverse,300.0,1800.0,0.1,0.025,5.0,10.0,10.0,10.0,10,100.0,inf,full,both,inf,180.0,0.01,0.0,0.0,256,20,3,0.5,0.1,0.99,10.0,256,20,0,128,0,0.0,4.4999999999999964,296.7815449542869,2643.2508050272704,0.0,0.0,0.0,
coast,transverse,300.0,1800.0,0.1,0.025,5.0,inf,10.0,10.0,10,100.0,inf,full,both,inf,180.0,0.01,0.0,0.0,256,20,3,0.5,0.1,0.99,10.0,256,20,0,128,0,0.0,4.4999999999999964,296.7815449542869,2643.2508050272704,0.0,0.0,0.0,
coast,transverse,300.0,1800.0,0.1,0.05,5.0,1.25,10.0,10.0,10,100.0,inf,full,both,inf,180.0,0.01,0.0,0.0,256,20,3,0.5,0.1,0.99,10.0,256,20,0,128,0,0.0,1.25,299.1577298488769,2080.053508397962,0.0,0.0,0.0,
coast,transverse,300.0,1800.0,0.1,0.05,5.0,2.5,10.0,10.0,10,100.0,inf,full,both,inf,180.0,0.01,0.0,0.0,256,20,3,0.5,0.1,0.99,10.0,256,20,0,128,0,0.0,2.5,299.1577298488769,3672.3208285644537,0.0,0.0,0.0,
coast,transverse,300.0,1800.0,0.1,0.05,5.0,3.75,10.0,10.0,10,100.0,inf,full,both,inf,180.0,0.01,0.0,0.0,256,20,3,0.5,0.1,0.99,10.0,256,20,0,128,0,0.0,3.75,299.1577298488769,4493.910754228353,0.0,0.0,0.0,
coast,transverse,300.0,1800.0,0.1,0.05,5.0,4.5,10.0,10.0,10,100.0,inf,full,both,inf,180.0,0.01,0.0,0.0,256,20,3,0.5,0.1,0.99,10.0,256,20,0,128,0,0.0,4.5,299.1577298488769,4799.7346805553225,0.0,0.0,0.0,
coast,transverse,300.0,1800.0,0.1,0.05,5.0,5.0,10.0,10.0,10,100.0,inf,full,both,inf,180.0,0.01,0.0,0.0,256,20,3,0.5,0.1,0.99,10.0,256,20,0,128,0,0.0,5.0,299.1577298488769,4950.967963715361,0.0,0.0,0.0,
coast,transverse,300.0,1800.0,0.1,0.05,5.0,5.5,10.0,10.0,10,100.0,inf,full,both,inf,180.0,0.01,0.0,0.0,256,20,3,0.5,0.1,0.99,10.0,256,20,0,128,0,0.0,5.5,299.1577298488769,5067.95111359266,0.0,0.0,0.0,
coast,transverse,300.0,1800.0,0.1,0.05,5.0,6.25,10.0,10.0,10,100.0,inf,full,both,inf,180.0,0.01,0.0,0.0,256,20,3,0.5,0.1,0.99,10.0,256,20,0,128,0,0.0,6.25,299.1577298488769,5190.889575937106,0.0,0.0,0.0,
coast,transverse,300.0,1800.0,0.1,0.05,5.0,7.5,10.0,10.0,10,100.0,inf,full,both,inf,180.0,0.01,0.0,0.0,256,20,3,0.5,0.1,0.99,10.0,256,20,0,128,0,0.0,7.5,299.1577298488769,5291.675038257931,0.0,0.0,0.0,
coast,transverse,300.0,1800.0,0.1,0.05,5.0,10.0,10.0,10.0,10,100.0,inf,full,both,inf,180.0,0.01,0.0,0.0,256,20,3,0.5,0.1,0.99,10.0,256,20,0,128,0,0.0,8.999999999999993,299.1577298488769,5313.245566466347,0.0,0.0,0.0,
coast,transverse,300.0,1800.0,0.1,0.05,5.0,inf,10.0,10.0,10,100.0,inf,full,both,inf,180.0,0.01,0.0,0.0,256,20,3,0.5,0.1,0.99,10.0,256,20,0,128,0,0.0,8.999999999999993,299.1577298488769,5313.245566466347,0.0,0.0,0.0,
coast,transverse,300.0,1800.0,0.1,0.075,5.0,1.25,10.0,10.0,10,100.0,inf,full,both,inf,180.0,0.01,0.0,0.0,256,20,3,0.5,0.1,0.99,10.0,256,20,0,128,0,0.0,1.25,299.6284891260204,2254.853824675332,0.0,0.0,0.0,
coast,transverse,300.0,1800.0,0.1,0.075,5.0,2.5,10.0,10.0,10,100.0,inf,full,both,inf,180.0,0.01,0.0,0.0,256,20,3,0.5,0.1,0.99,10.0,256,20,0,128,0,0.0,2.5,299.6284891260204,4306.545104203941,0.0,0.0,0.0,
coast,transverse,300.0,1800.0,0.1,0.075,5.0,3.75,10.0,10.0,10,100.0,inf,full,both,inf,180.0,0.01,0.0,0.0,256,20,3,0.5,0.1,0.99,10.0,256,20,0,128,0,0.0,3.75,299.6284891260204,5555.728437380481,0.0,0.0,0.0,
coast,transverse,300.0,1800.0,0.1,0.075,5.0,4.5,10.0,10.0,10,100.0,inf,full,both,inf,180.0,0.01,0.0,0.0,256,20,3,0.5,0.1,0.99,10.0,256,20,0,128,0,0.0,4.5,299.6284891260204,6075.814234444143,0.0,0.0,0.0,
coast,transverse,300.0,1800.0,0.1,0.075,5.0,5.0,10.0,10.0,10,100.0,inf,full,both,inf,180.0,0.01,0.0,0.0,256,20,3,0.5,0.1,0.99,10.0,256,20,0,128,0,0.0,5.0,299.6284891260204,6363.163222553762,0.0,0.0,0.0,
coast,transverse,300.0,1800.0,0.1,0.075,5.0,5.5,10.0,10.0,10,100.0,inf,full,both,inf,180.0,0.01,0.0,0.0,256,20,3,0.5,0.1,0.99,10.0,256,20,0,128,0,0.0,5.5,299.6284891260204,6612.714163662589,0.0,0.0,0.0,
coast,transverse,300.0,1800.0,0.1,0.075,5.0,6.25,10.0,10.0,10,100.0,inf,full,both,inf,180.0,0.01,0.0,0.0,256,20,3,0.5,0.1,0.99,10.0,256,20,0,128,0,0.0,6.25,299.6284891260204,6925.659765158929,0.0,0.0,0.0,
coast,transverse,300.0,1800.0,0.1,0.075,5.0,7.5,10.0,10.0,10,100.0,inf,full,both,inf,180.0,0.01,0.0,0.0,256,20,3,0.5,0.1,0.99,10.0,256,20,0,128,0,0.0,7.5,299.6284891260204,7311.71586475013,0.0,0.0,0.0,
coast,transverse,300.0,1800.0,0.1,0.075,5.0,10.0,10.0,10.0,10,100.0,inf,full,both,inf,180.0,0.01,0.0,0.0,256,20,3,0.5,0.1,0.99,10.0,256,20,0,128,0,0.0,10.0,299.6284891260204,7716.918779600807,0.0,0.0,0.0,
coast,transverse,300.0,1800.0,0.1,0.075,5.0,inf,10.0,10.0,10,100.0,inf,full,both,inf,180.0,0.01,0.0,0.0,256,20,3,0.5,0.1,0.99,10.0,256,20,0,128,0,0.0,13.49999999999996,299.6284891260204,7826.674900685936,0.0,0.0,0.0,
coast,transverse,300.0,1800.0,0.1,0.09,5.0,1.25,10.0,10.0,10,100.0,inf,full,both,inf,180.0,0.01,0.0,0.0,256,20,3,0.5,0.1,0.99,10.0,256,20,0,128,0,0.0,1.25,299.74479163609163,2320.73020627168,0.0,0.0,0.0,
coast,transverse,300.0,1800.0,0.1,0.09,5.0,2.5,10.0,10.0,10,100.0,inf,full,both,inf,180.0,0.01,0.0,0.0,256,20,3,0.5,0.1,0.99,10.0,256,20,0,128,0,0.0,2.5,299.74479163609163,4555.606865355493,0.0,0.0,0.0,
coast,transverse,300.0,1800.0,0.1,0.09,5.0,3.75,10.0,10.0,10,100.0,inf,full,both,inf,180.0,0.01,0.0,0.0,256,20,3,0.5,0.1,0.99,10.0,256,20,0,128,0,0.0,3.75,299.74479163609163,6005.959186093171,0.0,0.0,0.0,
coast,transverse,300.0,1800.0,0.1,0.09,5.0,4.5,10.0,10.0,10,100.0,inf,full,both,inf,180.0,0.01,0.0,0.0,256,20,3,0.5,0.1,0.99,10.0,256,20,0,128,0,0.0,4.5,299.74479163609163,6624.534264142512,0.0,0.0,0.0,
coast,transverse,300.0,1800.0,0.1,0.09,5.0,5.0,10.0,10.0,10,100.0,inf,full,both,inf,180.0,0.01,0.0,0.0,256,20,3,0.5,0.1,0.99,10.0,256,20,0,128,0,0.0,5.0,299.74479163609163,6972.953129964477,0.0,0.0,0.0,
coast,transverse,300.0,1800.0,0.1,0.09,5.0,5.5,10.0,10.0,10,100.0,inf,full,both,inf,180.0,0.01,0.0,0.0,256,20,3,0.5,0.1,0.99,10.0,256,20,0,128,0,0.0,5.5,299.74479163609163,7283.810399595994,0.0,0.0,0.0,
coast,transverse,300.0,1800.0,0.1,0.09,5.0,6.25,10.0,10.0,10,100.0,inf,full,both,inf,180.0,0.01,0.0,0.0,256,20,3,0.5,0.1,0.99,10.0,256,20,0,128,0,0.0,6.25,299.74479163609163,7688.551353448511,0.0,0.0,0.0,
coast,transverse,300.0,1800.0,0.1,0.09,5.0,7.5,10.0,10.0,10,100.0,inf,full,both,inf,180.0,0.01,0.0,0.0,256,20,3,0.5,0.1,0.99,10.0,256,20,0,128,0,0.0,7.5,299.74479163609163,8224.936334427943,0.0,0.0,0.0,
coast,transverse,300.0,1800.0,0.1,0.09,5.0,10.0,10.0,10.0,10,100.0,inf,full,both,inf,180.0,0.01,0.0,0.0,256,20,3,0.5,0.1,0.99,10.0,256,20,0,128,0,0.0,10.0,299.74479163609163,8897.400569397609,0.0,0.0,0.0,
coast,transverse,300.0,1800.0,0.1,0.09,5.0,inf,10.0,10.0,10,100.0,inf,full,both,inf,180.0,0.01,0.0,0.0,256,20,3,0.5,0.1,0.99,10.0,256,20,0,128,0,0.0,16.19999999999998,299.74479163609163,9294.786470860983,0.0,0.0,0.0,
coast,transverse,300.0,1800.0,0.1,0.1,5.0,1.25,10.0,10.0,10,100.0,inf,full,both,inf,180.0,0.01,0.0,0.0,256,20,3,0.5,0.1,0.99,10.0,256,20,0,128,0,0.0,1.25,299.79507267539185,2350.9769439071574,0.0,0.0,0.0,
coast,transverse,300.0,1800.0,0.1,0.1,5.0,2.5,10.0,10.0,10,100.0,inf,full,both,inf,180.0,0.01,0.0,0.0,256,20,3,0.5,0.1,0.99,10.0,256,20,0,128,0,0.0,2.5,299.79507267539185,4686.717377577126,0.0,0.0,0.0,
coast,transverse,300.0,1800.0,0.1,0.1,5.0,3.75,10.0,10.0,10,100.0,inf,full,both,inf,180.0,0.01,0.0,0.0,256,20,3,0.5,0.1,0.99,10.0,256,20,0,128,0,0.0,3.75,299.79507267539185,6258.7166252852985,0.0,0.0,0.0,
coast,transverse,300.0,1800.0,0.1,0.1,5.0,4.5,10.0,10.0,10,100.0,inf,full,both,inf,180.0,0.01,0.0,0.0,256,20,3,0.5,0.1,0.99,10.0,256,20,0,128,0,0.0,4.5,299.79507267539185,6940.135140248519,0.0,0.0,0.0,
coast,transverse,300.0,1800.0,0.1,0.1,5.0,5.0,10.0,10.0,10,100.0,inf,full,both,inf,180.0,0.01,0.0,0.0,256,20,3,0.5,0.1,0.99,10.0,256,20,0,128,0,0.0,5.0,299.79507267539185,7325.984395357808,0.0,0.0,0.0,
coast,transverse,300.0,1800.0,0.1,0.1,5.0,5.5,10.0,10.0,10,100.0,inf,full,both,inf,180.0,0.01,0.0,0.0,256,20,3,0.5,0.1,0.99,10.0,256,20,0,128,0,0.0,5.5,299.79507267539185,7671.659044490381,0.0,0.0,0.0,
coast,transverse,300.0,1800.0,0.1,0.1,5.0,6.25,10.0,10.0,10,100.0,inf,full,both,inf,180.0,0.01,0.0,0.0,256,20,3,0.5,0.1,0.99,10.0,256,20,0,128,0,0.0,6.25,299.79507267539185,8127.901742817794,0.0,0.0,0.0,
coast,transverse,300.0,1800.0,0.1,0.1,5.0,7.5,10.0,10.0,10,100.0,inf,full,both,inf,180.0,0.01,0.0,0.0,256,20,3,0.5,0.1,0.99,10.0,256,20,0,128,0,0.0,7.5,299.79507267539185,8750.886396978856,0.0,0.0,0.0,
coast,transverse,300.0,1800.0,0.1,0.1,5.0,10.0,10.0,10.0,10,100.0,inf,full,both,inf,180.0,0.01,0.0,0.0,256,20,3,0.5,0.1,0.99,10.0,256,20,0,128,0,0.0,10.0,299.79507267539185,9587.225894678624,0.0,0.0,0.0,
coast,transverse,300.0,1800.0,0.1,0.1,5.0,inf,10.0,10.0,10,100.0,inf,full,both,inf,180.0,0.01,0.0,0.0,256,20,3,0.5,0.1,0.99,10.0,256,20,0,128,0,0.0,17.999999999999986,299.79507267539185,10262.612661388515,0.0,0.0,0.0,
coast,transverse,300.0,1800.0,0.1,0.11,5.0,1.25,10.0,10.0,10,100.0,inf,full,both,inf,180.0,0.01,0.0,0.0,256,20,3,0.5,0.1,0.99,10.0,256,20,0,128,0,0.0,1.25,299.832283134021,2377.297996804423,0.0,0.0,0.0,
coast,transverse,300.0,1800.0,0.1,0.11,5.0,2.5,10.0,10.0,10,100.0,inf,full,both,inf,180.0,0.01,0.0,0.0,256,20,3,0.5,0.1,0.99,10.0,256,20,0,128,0,0.0,2.5,299.832283134021,4799.451558251355,0.0,0.0,0.0,
coast,transverse,300.0,1800.0,0.1,0.11,5.0,3.75,10.0,10.0,10,100.0,inf,full,both,inf,180.0,0.01,0.0,0.0,256,20,3,0.5,0.1,0.99,10.0,256,20,0,128,0,0.0,3.75,299.832283134021,6483.44395806139,0.0,0.0,0.0,
coast,transverse,300.0,1800.0,0.1,0.11,5.0,4.5,10.0,10.0,10,100.0,inf,full,both,inf,180.0,0.01,0.0,0.0,256,20,3,0.5,0.1,0.99,10.0,256,20,0,128,0,0.0,4.5,299.832283134021,7220.462237673279,0.0,0.0,0.0,
coast,transverse,300.0,1800.0,0.1,0.11,5.0,5.0,10.0,10.0,10,100.0,inf,full,both,inf,180.0,0.01,0.0,0.0,256,20,3,0.5,0.1,0.99,10.0,256,20,0,128,0,0.0,5.0,299.832283134021,7638.835375229057,0.0,0.0,0.0,
coast,transverse,300.0,1800.0,0.1,0.11,5.0,5.5,10.0,10.0,10,100.0,inf,full,both,inf,180.0,0.01,0.0,0.0,256,20,3,0.5,0.1,0.99,10.0,256,20,0,128,0,0.0,5.5,299.832283134021,8016.63998459096,0.0,0.0,0.0,
coast,transverse,300.0,1800.0,0.1,0.11,5.0,6.25,10.0,10.0,10,100.0,inf,full,both,inf,180.0,0.01,0.0,0.0,256,20,3,0.5,0.1,0.99,10.0,256,20,0,128,0,0.0,6.25,299.832283134021,8519.847067543016,0.0,0.0,0.0,
coast,transverse,300.0,1800.0,0.1,0.11,5.0,7.5,10.0,10.0,10,100.0,inf,full,both,inf,180.0,0.01,0.0,0.0,256,20,3,0.5,0.1,0.99,10.0,256,20,0,128,0,0.0,7.5,299.832283134021,9222.01562145188,0.0,0.0,0.0,
coast,transverse,300.0,1800.0,0.1,0.11,5.0,10.0,10.0,10.0,10,100.0,inf,full,both,inf,180.0,0.01,0.0,0.0,256,20,3,0.5,0.1,0.99,10.0,256,20,0,128,0,0.0,10.0,299.832283134021,10212.670372796696,0.0,0.0,0.0,
coast,transverse,300.0,1800.0,0.1,0.11,5.0,inf,10.0,10.0,10,100.0,inf,full,both,inf,180.0,0.01,0.0,0.0,256,20,3,0.5,0.1,0.99,10.0,256,20,0,128,0,0.0,19.79999999999995,299.832283134021,11224.374480990458,0.0,0.0,0.0,
coast,transverse,300.0,1800.0,0.1,0.125,5.0,1.25,10.0,10.0,10,100.0,inf,full,both,inf,180.0,0.01,0.0,0.0,256,20,3,0.5,0.1,0.99,10.0,256,20,0,128,0,0.0,1.25,299.87221011092544,2407.939089630333,0.0,0.0,0.0,
coast,transverse,300.0,1800.0,0.1,0.125,5.0,2.5,10.0,10.0,10,100.0,inf,full,both,inf,180.0,0.01,0.0,0.0,256,20,3,0.5,0.1,0.99,10.0,256,20,0,128,0,0.0,2.5,299.87221011092544,4934.004324168791,0.0,0.0,0.0,
coast,transverse,300.0,1800.0,0.1,0.125,5.0,3.75,10.0,10.0,10,100.0,inf,full,both,inf,180.0,0.01,0.0,0.0,256,20,3,0.5,0.1,0.99,10.0,256,20,0,128,0,0.0,3.75,299.87221011092544,6762.873103862248,0.0,0.0,0.0,
coast,transverse,300.0,1800.0,0.1,0.125,5.0,4.5,10.0,10.0,10,100.0,inf,full,both,inf,180.0,0.01,0.0,0.0,256,20,3,0.5,0.1,0.99,10.0,256,20,0,128,0,0.0,4.5,299.87221011092544,7579.929832042671,0.0,0.0,0.0,
coast,transverse,300.0,1800.0,0.1,0.125,5.0,5.0,10.0,10.0,10,100.0,inf,full,both,inf,180.0,0.01,0.0,0.0,256,20,3,0.5,0.1,0.99,10.0,256,20,0,128,0,0.0,5.0,299.87221011092544,8046.075758037738,0.0,0.0,0.0,
coast,transverse,300.0,1800.0,0.1,0.125,5.0,5.5,10.0,10.0,10,100.0,inf,full,both,inf,180.0,0.01,0.0,0.0,256,20,3,0.5,0.1,0.99,10.0,256,20,0,128,0,0.0,5.5,299.87221011092544,8466.829624157219,0.0,0.0,0.0,
coast,transverse,300.0,1800.0,0.1,0.125,5.0,6.25,10.0,10.0,10,100.0,inf,full,both,inf,180.0,0.01,0.0,0.0,256,20,3,0.5,0.1,0.99,10.0,256,20,0,128,0,0.0,6.25,299.87221011092544,9033.282207508924,0.0,0.0,0.0,
coast,transverse,300.0,1800.0,0.1,0.125,5.0,7.5,10.0,10.0,10,100.0,inf,full,both,inf,180.0,0.01,0.0,0.0,256,20,3,0.5,0.1,0.99,10.0,256,20,0,128,0,0.0,7.5,299.87221011092544,9841.380983885329,0.0,0.0,0.0,
coast,transverse,300.0,1800.0,0.1,0.125,5.0,10.0,10.0,10.0,10,100.0,inf,full,both,inf,180.0,0.01,0.0,0.0,256,20,3,0.5,0.1,0.99,10.0,256,20,0,128,0,0.0,10.0,299.87221011092544,11045.5563097472,0.0,0.0,0.0,
coast,transverse,300.0,1800.0,0.1,0.125,5.0,inf,10.0,10.0,10,100.0,inf,full,both,inf,180.0,0.01,0.0,0.0,256,20,3,0.5,0.1,0.99,10.0,256,20,0,128,0,0.0,22.5,299.87221011092544,12657.5318173959,0.0,0.0,0.0,
coast,transverse,300.0,1800.0,0.1,0.15,5.0,1.25,10.0,10.0,10,100.0,inf,full,both,inf,180.0,0.01,0.0,0.0,256,20,3,0.5,0.1,0.99,10.0,256,20,0,128,0,0.0,1.25,299.9140602695913,2444.4297247175346,0.0,0.0,0.0,
coast,transverse,300.0,1800.0,0.1,0.15,5.0,2.5,10.0,10.0,10,100.0,inf,full,both,inf,180.0,0.01,0.0,0.0,256,20,3,0.5,0.1,0.99,10.0,256,20,0,128,0,0.0,2.5,299.9140602695913,5104.922617340318,0.0,0.0,0.0,
coast,transverse,300.0,1800.0,0.1,0.15,5.0,3.75,10.0,10.0,10,100.0,inf,full,both,inf,180.0,0.01,0.0,0.0,256,20,3,0.5,0.1,0.99,10.0,256,20,0,128,0,0.0,3.75,299.9140602695913,7137.988615926975,0.0,0.0,0.0,
coast,transverse,300.0,1800.0,0.1,0.15,5.0,4.5,10.0,10.0,10,100.0,inf,full,both,inf,180.0,0.01,0.0,0.0,256,20,3,0.5,0.1,0.99,10.0,256,20,0,128,0,0.0,4.5,299.9140602695913,8073.832578900384,0.0,0.0,0.0,
coast,transverse,300.0,1800.0,0.1,0.15,5.0,5.0,10.0,10.0,10,100.0,inf,full,both,inf,180.0,0.01,0.0,0.0,256,20,3,0.5,0.1,0.99,10.0,256,20,0,128,0,0.0,5.0,299.9140602695913,8610.370792144076,0.0,0.0,0.0,
coast,transverse,300.0,1800.0,0.1,0.15,5.0,5.5,10.0,10.0,10,100.0,inf,full,both,inf,180.0,0.01,0.0,0.0,256,20,3,0.5,0.1,0.99,10.0,256,20,0,128,0,0.0,5.5,299.9140602695913,9096.83053722363,0.0,0.0,0.0,
coast,transverse,300.0,1800.0,0.1,0.15,5.0,6.25,10.0,10.0,10,100.0,inf,full,both,inf,180.0,0.01,0.0,0.0,256,20,3,0.5,0.1,0.99,10.0,256,20,0,128,0,0.0,6.25,299.9140602695913,9754.481487050329,0.0,0.0,0.0,
coast,transverse,300.0,1800.0,0.1,0.15,5.0,7.5,10.0,10.0,10,100.0,inf,full,both,inf,180.0,0.01,0.0,0.0,256,20,3,0.5,0.1,0.99,10.0,256,20,0,128,0,0.0,7.5,299.9140602695913,10711.977570717094,0.0,0.0,0.0,
coast,transverse,300.0,1800.0,0.1,0.15,5.0,10.0,10.0,10.0,10,100.0,inf,full,both,inf,180.0,0.01,0.0,0.0,256,20,3,0.5,0.1,0.99,10.0,256,20,0,128,0,0.0,10.0,299.9140602695913,12219.95609433489,0.0,0.0,0.0,
coast,transverse,300.0,1800.0,0.1,0.15,5.0,inf,10.0,10.0,10,100.0,inf,full,both,inf,180.0,0.01,0.0,0.0,256,20,3,0.5,0.1,0.99,10.0,256,20,0,128,0,0.0,26.99999999999992,299.9140602695913,15019.741958657833,0.0,0.0,0.0,
coast,transverse,300.0,1800.0,0.1,0.2,5.0,1.25,10.0,10.0,10,100.0,inf,full,both,inf,180.0,0.01,0.0,0.0,256,20,3,0.5,0.1,0.99,10.0,256,20,0,128,0,0.0,1.25,299.95525347141387,2492.0930245471964,0.0,0.0,0.0,
coast,transverse,300.0,1800.0,0.1,0.2,5.0,2.5,10.0,10.0,10,100.0,inf,full,both,inf,180.0,0.01,0.0,0.0,256,20,3,0.5,0.1,0.99,10.0,256,20,0,128,0,0.0,2.5,299.95525347141387,5336.825878562017,0.0,0.0,0.0,
coast,transverse,300.0,1800.0,0.1,0.2,5.0,3.75,10.0,10.0,10,100.0,inf,full,both,inf,180.0,0.01,0.0,0.0,256,20,3,0.5,0.1,0.99,10.0,256,20,0,128,0,0.0,3.75,299.95525347141387,7668.4242327416705,0.0,0.0,0.0,
coast,transverse,300.0,1800.0,0.1,0.2,5.0,4.5,10.0,10.0,10,100.0,inf,full,both,inf,180.0,0.01,0.0,0.0,256,20,3,0.5,0.1,0.99,10.0,256,20,0,128,0,0.0,4.5,299.95525347141387,8795.025612408042,0.0,0.0,0.0,
coast,transverse,300.0,1800.0,0.1,0.2,5.0,5.0,10.0,10.0,10,100.0,inf,full,both,inf,180.0,0.01,0.0,0.0,256,20,3,0.5,0.1,0.99,10.0,256,20,0,128,0,0.0,5.0,299.95525347141387,9455.469867266276,0.0,0.0,0.0,
coast,transverse,300.0,1800.0,0.1,0.2,5.0,5.5,10.0,10.0,10,100.0,inf,full,both,inf,180.0,0.01,0.0,0.0,256,20,3,0.5,0.1,0.99,10.0,256,20,0,128,0,0.0,5.5,299.95525347141387,10048.654386674269,0.0,0.0,0.0,
coast,transverse,300.0,1800.0,0.1,0.2,5.0,6.25,10.0,10.0,10,100.0,inf,full,both,inf,180.0,0.01,0.0,0.0,256,20,3,0.5,0.1,0.99,10.0,256,20,0,128,0,0.0,6.25,299.95525347141387,10852.259798842932,0.0,0.0,0.0,
coast,transverse,300.0,1800.0,0.1,0.2,5.0,7.5,10.0,10.0,10,100.0,inf,full,both,inf,180.0,0.01,0.0,0.0,256,20,3,0.5,0.1,0.99,10.0,256,20,0,128,0,0.0,7.5,299.95525347141387,12021.285160210802,0.0,0.0,0.0,
coast,transverse,300.0,1800.0,0.1,0.2,5.0,10.0,10.0,10.0,10,100.0,inf,full,both,inf,180.0,0.01,0.0,0.0,256,20,3,0.5,0.1,0.99,10.0,256,20,0,128,0,0.0,10.0,299.95525347141387,13970.05681627531,0.0,0.0,0.0,
coast,transverse,300.0,1800.0,0.1,0.2,5.0,inf,10.0,10.0,10,100.0,inf,full,both,inf,180.0,0.01,0.0,0.0,256,20,3,0.5,0.1,0.99,10.0,256,20,0,128,0,0.0,35.99999999999997,299.95525347141387,19671.694505323023,0.0,0.0,0.0,
direct,flee,300.0,1800.0,0.1,0.025,5.0,1.25,10.0,10.0,10,100.0,inf,full,both,inf,180.0,0.01,0.0,0.0,256,20,3,0.5,0.1,0.99,10.0,256,20,0,128,3,4.94765625,1.2369140625,40.30986337925317,1410.5084524306835,0.0,0.0,0.0234375,280.0
direct,flee,300.0,1800.0,0.1,0.025,5.0,2.5,10.0,10.0,10,100.0,inf,full,both,inf,180.0,0.01,0.0,0.0,256,20,3,0.5,0.1,0.99,10.0,256,20,0,128,3,4.94765625,2.4576171875,40.30986337925317,2776.025962297904,0.0,0.0,0.0234375,280.0
direct,flee,300.0,1800.0,0.1,0.025,5.0,3.75,10.0,10.0,10,100.0,inf,full,both,inf,180.0,0.01,0.0,0.0,256,20,3,0.5,0.1,0.99,10.0,256,20,0,128,3,4.94765625,3.6783203125,40.30986337925317,3464.7916831333587,0.0,0.0,0.0234375,280.0
direct,flee,300.0,1800.0,0.1,0.025,5.0,4.5,10.0,10.0,10,100.0,inf,full,both,inf,180.0,0.01,0.0,0.0,256,20,3,0.5,0.1,0.99,10.0,256,20,0,128,3,4.94765625,4.410742187499997,40.30986337925317,3578.398376172178,0.0,0.0,0.0234375,280.0
direct,flee,300.0,1800.0,0.1,0.025,5.0,5.0,10.0,10.0,10,100.0,inf,full,both,inf,180.0,0.01,0.0,0.0,256,20,3,0.5,0.1,0.99,10.0,256,20,0,128,3,4.94765625,4.410742187499997,40.30986337925317,3578.398376172178,0.0,0.0,0.0234375,280.0
direct,flee,300.0,1800.0,0.1,0.025,5.0,5.5,10.0,10.0,10,100.0,inf,full,both,inf,180.0,0.01,0.0,0.0,256,20,3,0.5,0.1,0.99,10.0,256,20,0,128,3,4.94765625,4.410742187499997,40.30986337925317,3578.398376172178,0.0,0.0,0.0234375,280.0
direct,flee,300.0,1800.0,0.1,0.025,5.0,6.25,10.0,10.0,10,100.0,inf,full,both,inf,180.0,0.01,0.0,0.0,256,20,3,0.5,0.1,0.99,10.0,256,20,0,128,3,4.94765625,4.410742187499997,40.30986337925317,3578.398376172178,0.0,0.0,0.0234375,280.0
direct,flee,300.0,1800.0,0.1,0.025,5.0,7.5,10.0,10.0,10,100.0,inf,full,both,inf,180.0,0.01,0.0,0.0,256,20,3,0.5,0.1,0.99,10.0,256,20,0,128,3,4.94765625,4.410742187499997,40.30986337925317,3578.398376172178,0.0,0.0,0.0234375,280.0
direct,flee,300.0,1800.0,0.1,0.025,5.0,10.0,10.0,10.0,10,100.0,inf,full,both,inf,180.0,0.01,0.0,0.0,256,20,3,0.5,0.1,0.99,10.0,256,20,0,128,3,4.94765625,4.410742187499997,40.30986337925317,3578.398376172178,0.0,0.0,0.0234375,280.0
direct,flee,300.0,1800.0,0.1,0.025,5.0,inf,10.0,10.0,10,100.0,inf,full,both,inf,180.0,0.01,0.0,0.0,256,20,3,0.5,0.1,0.99,10.0,256,20,0,128,3,4.94765625,4.410742187499997,40.30986337925317,3578.398376172178,0.0,0.0,0.0234375,280.0
direct,flee,300.0,1800.0,0.1,0.05,5.0,1.25,10.0,10.0,10,100.0,inf,full,both,inf,180.0,0.01,0.0,0.0,256,20,3,0.5,0.1,0.99,10.0,256,20,0,128,3,4.959375,1.25,41.690737064852485,1451.3978260670613,0.0,0.0,0.0234375,330.0
direct,flee,300.0,1800.0,0.1,0.05,5.0,2.5,10.0,10.0,10,100.0,inf,full,both,inf,180.0,0.01,0.0,0.0,256,20,3,0.5,0.1,0.99,10.0,256,20,0,128,1,4.98671875,2.493359375,50.690609054901394,1885.6830355678303,0.0,0.0,0.0078125,330.0
direct,flee,300.0,1800.0,0.1,0.05,5.0,3.75,10.0,10.0,10,100.0,inf,full,both,inf,180.0,0.01,0.0,0.0,256,20,3,0.5,0.1,0.99,10.0,256,20,0,128,1,4.98671875,3.73359375,50.690609054901394,3484.824828070079,0.0,0.0,0.0078125,330.0
direct,flee,300.0,1800.0,0.1,0.05,5.0,4.5,10.0,10.0,10,100.0,inf,full,both,inf,180.0,0.01,0.0,0.0,256,20,3,0.5,0.1,0.99,10.0,256,20,0,128,1,4.98671875,4.477734375,50.690609054901394,4264.926602384901,0.0,0.0,0.0078125,330.0
direct,flee,300.0,1800.0,0.1,0.05,5.0,5.0,10.0,10.0,10,100.0,inf,full,both,inf,180.0,0.01,0.0,0.0,256,20,3,0.5,0.1,0.99,10.0,256,20,0,128,1,4.98671875,4.973828125,50.690609054901394,4709.544376994336,0.0,0.0,0.0078125,330.0
direct,flee,300.0,1800.0,0.1,0.05,5.0,5.5,10.0,10.0,10,100.0,inf,full,both,inf,180.0,0.01,0.0,0.0,256,20,3,0.5,0.1,0.99,10.0,256,20,0,128,1,4.98671875,5.469921875,50.690609054901394,5096.963609981543,0.0,0.0,0.0078125,330.0
direct,flee,300.0,1800.0,0.1,0.05,5.0,6.25,10.0,10.0,10,100.0,inf,full,both,inf,180.0,0.01,0.0,0.0,256,20,3,0.5,0.1,0.99,10.0,256,20,0,128,1,4.98671875,6.2140625,50.690609054901394,5575.73711384075,0.0,0.0,0.0078125,330.0
direct,flee,300.0,1800.0,0.1,0.05,5.0,7.5,10.0,10.0,10,100.0,inf,full,both,inf,180.0,0.01,0.0,0.0,256,20,3,0.5,0.1,0.99,10.0,256,20,0,128,1,4.98671875,7.454296875,50.690609054901394,6113.544231032354,0.0,0.0,0.0078125,330.0
direct,flee,300.0,1800.0,0.1,0.05,5.0,10.0,10.0,10.0,10,100.0,inf,full,both,inf,180.0,0.01,0.0,0.0,256,20,3,0.5,0.1,0.99,10.0,256,20,0,128,1,4.98671875,8.942578124999994,50.690609054901394,6344.537632496514,0.0,0.0,0.0078125,330.0
direct,flee,300.0,1800.0,0.1,0.05,5.0,inf,10.0,10.0,10,100.0,inf,full,both,inf,180.0,0.01,0.0,0.0,256,20,3,0.5,0.1,0.99,10.0,256,20,0,128,1,4.98671875,8.942578124999994,50.690609054901394,6344.537632496514,0.0,0.0,0.0078125,330.0
direct,flee,300.0,1800.0,0.1,0.075,5.0,1.25,10.0,10.0,10,100.0,inf,full,both,inf,180.0,0.01,0.0,0.0,256,20,3,0.5,0.1,0.99,10.0,256,20,0,128,3,4.96484375,1.25,37.15386026398502,2000.6689229614456,0.0,0.0,0.0234375,350.0
direct,flee,300.0,1800.0,0.1,0.075,5.0,2.5,10.0,10.0,10,100.0,inf,full,both,inf,180.0,0.01,0.0,0.0,256,20,3,0.5,0.1,0.99,10.0,256,20,0,128,1,4.99453125,2.5,45.51881281621904,2550.2703304674624,0.0,0.0,0.0078125,430.0
direct,flee,300.0,1800.0,0.1,0.075,5.0,3.75,10.0,10.0,10,100.0,inf,full,both,inf,180.0,0.01,0.0,0.0,256,20,3,0.5,0.1,0.99,10.0,256,20,0,128,1,4.996875,3.74765625,78.49780677410075,1635.8224483859378,0.0,0.0,0.0078125,460.0
direct,flee,300.0,1800.0,0.1,0.075,5.0,4.5,10.0,10.0,10,100.0,inf,full,both,inf,180.0,0.01,0.0,0.0,256,20,3,0.5,0.1,0.99,10.0,256,20,0,128,1,4.996875,4.491796875,80.28916093685943,2415.2154208832007,0.0,0.0,0.0078125,460.0
direct,flee,300.0,1800.0,0.1,0.075,5.0,5.0,10.0,10.0,10,100.0,inf,full,both,inf,180.0,0.01,0.0,0.0,256,20,3,0.5,0.1,0.99,10.0,256,20,0,128,1,4.996875,4.987890625,80.28916093685943,3103.6915134024016,0.0,0.0,0.0078125,460.0
direct,flee,300.0,1800.0,0.1,0.075,5.0,5.5,10.0,10.0,10,100.0,inf,full,both,inf,180.0,0.01,0.0,0.0,256,20,3,0.5,0.1,0.99,10.0,256,20,0,128,1,4.996875,5.483984375,80.28916093685943,3744.991086523577,0.0,0.0,0.0078125,460.0
direct,flee,300.0,1800.0,0.1,0.075,5.0,6.25,10.0,10.0,10,100.0,inf,full,both,inf,180.0,0.01,0.0,0.0,256,20,3,0.5,0.1,0.99,10.0,256,20,0,128,1,4.996875,6.228125,80.28916093685943,4611.59161969157,0.0,0.0,0.0078125,460.0
direct,flee,300.0,1800.0,0.1,0.075,5.0,7.5,10.0,10.0,10,100.0,inf,full,both,inf,180.0,0.01,0.0,0.0,256,20,3,0.5,0.1,0.99,10.0,256,20,0,128,1,4.996875,7.468359375,80.28916093685943,5823.348970847484,0.0,0.0,0.0078125,460.0
direct,flee,300.0,1800.0,0.1,0.075,5.0,10.0,10.0,10.0,10,100.0,inf,full,both,inf,180.0,0.01,0.0,0.0,256,20,3,0.5,0.1,0.99,10.0,256,20,0,128,1,4.996875,9.948828125,80.28916093685943,7481.876351672636,0.0,0.0,0.0078125,460.0
direct,flee,300.0,1800.0,0.1,0.075,5.0,inf,10.0,10.0,10,100.0,inf,full,both,inf,180.0,0.01,0.0,0.0,256,20,3,0.5,0.1,0.99,10.0,256,20,0,128,1,4.996875,13.42148437499996,80.28916093685943,8317.020421496407,0.0,0.0,0.0078125,460.0
direct,flee,300.0,1800.0,0.1,0.09,5.0,1.25,10.0,10.0,10,100.0,inf,full,both,inf,180.0,0.01,0.0,0.0,256,20,3,0.5,0.1,0.99,10.0,256,20,0,128,3,4.96640625,1.25,36.07479918499897,2181.0935548279167,0.0,0.0,0.0234375,360.0
direct,flee,300.0,1800.0,0.1,0.09,5.0,2.5,10.0,10.0,10,100.0,inf,full,both,inf,180.0,0.01,0.0,0.0,256,20,3,0.5,0.1,0.99,10.0,256,20,0,128,1,4.996875,2.5,39.94212200456453,3089.250856914181,0.0,0.0,0.0078125,460.0
direct,flee,300.0,1800.0,0.1,0.09,5.0,3.75,10.0,10.0,10,100.0,inf,full,both,inf,180.0,0.01,0.0,0.0,256,20,3,0.5,0.1,0.99,10.0,256,20,0,128,0,5.0,3.75,83.71682468752563,1488.4095616096304,0.0,0.0,0.0,
direct,flee,300.0,1800.0,0.1,0.09,5.0,4.5,10.0,10.0,10,100.0,inf,full,both,inf,180.0,0.01,0.0,0.0,256,20,3,0.5,0.1,0.99,10.0,256,20,0,128,0,5.0,4.5,175.5305330921777,997.8964656785522,0.0,0.0,0.0,
direct,flee,300.0,1800.0,0.1,0.09,5.0,5.0,10.0,10.0,10,100.0,inf,full,both,inf,180.0,0.01,0.0,0.0,256,20,3,0.5,0.1,0.99,10.0,256,20,0,128,0,5.0,5.0,210.04508151291105,1295.979303324025,0.0,0.0,0.0,
direct,flee,300.0,1800.0,0.1,0.09,5.0,5.5,10.0,10.0,10,100.0,inf,full,both,inf,180.0,0.01,0.0,0.0,256,20,3,0.5,0.1,0.99,10.0,256,20,0,128,0,5.0,5.5,210.62553578315976,1892.629262064621,0.0,0.0,0.0,
direct,flee,300.0,1800.0,0.1,0.09,5.0,6.25,10.0,10.0,10,100.0,inf,full,both,inf,180.0,0.01,0.0,0.0,256,20,3,0.5,0.1,0.99,10.0,256,20,0,128,0,5.0,6.25,210.62553578315976,2847.967108309032,0.0,0.0,0.0,
direct,flee,300.0,1800.0,0.1,0.09,5.0,7.5,10.0,10.0,10,100.0,inf,full,both,inf,180.0,0.01,0.0,0.0,256,20,3,0.5,0.1,0.99,10.0,256,20,0,128,0,5.0,7.5,210.62553578315976,4290.009247961597,0.0,0.0,0.0,
direct,flee,300.0,1800.0,0.1,0.09,5.0,10.0,10.0,10.0,10,100.0,inf,full,both,inf,180.0,0.01,0.0,0.0,256,20,3,0.5,0.1,0.99,10.0,256,20,0,128,0,5.0,10.0,210.62553578315976,6488.997420729522,0.0,0.0,0.0,
direct,flee,300.0,1800.0,0.1,0.09,5.0,inf,10.0,10.0,10,100.0,inf,full,both,inf,180.0,0.01,0.0,0.0,256,20,3,0.5,0.1,0.99,10.0,256,20,0,128,0,5.0,16.19999999999998,210.62553578315976,8671.994506220532,0.0,0.0,0.0,
direct,flee,300.0,1800.0,0.1,0.1,5.0,1.25,10.0,10.0,10,100.0,inf,full,both,inf,180.0,0.01,0.0,0.0,256,20,3,0.5,0.1,0.99,10.0,256,20,0,128,3,4.9671875,1.25,35.56397996864226,2269.030205948303,0.0,0.0,0.0234375,360.0
direct,flee,300.0,1800.0,0.1,0.1,5.0,2.5,10.0,10.0,10,100.0,inf,full,both,inf,180.0,0.01,0.0,0.0,256,20,3,0.5,0.1,0.99,10.0,256,20,0,128,1,4.9984375,2.5,38.9468352677708,3255.8431878849924,0.0,0.0,0.0078125,480.0
direct,flee,300.0,1800.0,0.1,0.1,5.0,3.75,10.0,10.0,10,100.0,inf,full,both,inf,180.0,0.01,0.0,0.0,256,20,3,0.5,0.1,0.99,10.0,256,20,0,128,0,5.0,3.75,90.79920149498818,1437.4487212567976,0.0,0.0,0.0,
direct,flee,300.0,1800.0,0.1,0.1,5.0,4.5,10.0,10.0,10,100.0,inf,full,both,inf,180.0,0.01,0.0,0.0,256,20,3,0.5,0.1,0.99,10.0,256,20,0,128,0,5.0,4.5,207.04916437020984,934.935023596484,0.0,0.0,0.0,
direct,flee,300.0,1800.0,0.1,0.1,5.0,5.0,10.0,10.0,10,100.0,inf,full,both,inf,180.0,0.01,0.0,0.0,256,20,3,0.5,0.1,0.99,10.0,256,20,0,128,0,5.0,5.0,279.2097537529804,1196.446938440064,0.0,0.0,0.0,
direct,flee,300.0,1800.0,0.1,0.1,5.0,5.5,10.0,10.0,10,100.0,inf,full,both,inf,180.0,0.01,0.0,0.0,256,20,3,0.5,0.1,0.99,10.0,256,20,0,128,0,5.0,5.5,294.98722941664266,1787.8162424725317,0.0,0.0,0.0,
direct,flee,300.0,1800.0,0.1,0.1,5.0,6.25,10.0,10.0,10,100.0,inf,full,both,inf,180.0,0.01,0.0,0.0,256,20,3,0.5,0.1,0.99,10.0,256,20,0,128,0,5.0,6.25,294.98722941664266,2757.2165236182623,0.0,0.0,0.0,
direct,flee,300.0,1800.0,0.1,0.1,5.0,7.5,10.0,10.0,10,100.0,inf,full,both,inf,180.0,0.01,0.0,0.0,256,20,3,0.5,0.1,0.99,10.0,256,20,0,128,0,5.0,7.5,294.98722941664266,4262.361024861292,0.0,0.0,0.0,
direct,flee,300.0,1800.0,0.1,0.1,5.0,10.0,10.0,10.0,10,100.0,inf,full,both,inf,180.0,0.01,0.0,0.0,256,20,3,0.5,0.1,0.99,10.0,256,20,0,128,0,5.0,10.0,294.98722941664266,6693.207977825343,0.0,0.0,0.0,
direct,flee,300.0,1800.0,0.1,0.1,5.0,inf,10.0,10.0,10,100.0,inf,full,both,inf,180.0,0.01,0.0,0.0,256,20,3,0.5,0.1,0.99,10.0,256,20,0,128,0,5.0,17.999999999999986,294.98722941664266,9951.898724963534,0.0,0.0,0.0,
direct,flee,300.0,1800.0,0.1,0.11,5.0,1.25,10.0,10.0,10,100.0,inf,full,both,inf,180.0,0.01,0.0,0.0,256,20,3,0.5,0.1,0.99,10.0,256,20,0,128,3,4.9671875,1.25,35.18907274802051,2340.924198303471,0.0,0.0,0.0234375,360.0
direct,flee,300.0,1800.0,0.1,0.11,5.0,2.5,10.0,10.0,10,100.0,inf,full,both,inf,180.0,0.01,0.0,0.0,256,20,3,0.5,0.1,0.99,10.0,256,20,0,128,1,4.99921875,2.5,38.87623485726317,3335.6719279891267,0.0,0.0,0.0078125,490.0
direct,flee,300.0,1800.0,0.1,0.11,5.0,3.75,10.0,10.0,10,100.0,inf,full,both,inf,180.0,0.01,0.0,0.0,256,20,3,0.5,0.1,0.99,10.0,256,20,0,128,0,5.0,3.75,102.57667807848917,1398.779901653198,0.0,0.0,0.0,
direct,flee,300.0,1800.0,0.1,0.11,5.0,4.5,10.0,10.0,10,100.0,inf,full,both,inf,180.0,0.01,0.0,0.0,256,20,3,0.5,0.1,0.99,10.0,256,20,0,128,0,5.0,4.5,222.42007991149595,964.0797155937466,0.0,0.0,0.0,
direct,flee,300.0,1800.0,0.1,0.11,5.0,5.0,10.0,10.0,10,100.0,inf,full,both,inf,180.0,0.01,0.0,0.0,256,20,3,0.5,0.1,0.99,10.0,256,20,0,128,0,5.0,5.0,281.7799529805025,1261.293765474018,0.0,0.0,0.0,
direct,flee,300.0,1800.0,0.1,0.11,5.0,5.5,10.0,10.0,10,100.0,inf,full,both,inf,180.0,0.01,0.0,0.0,256,20,3,0.5,0.1,0.99,10.0,256,20,0,128,0,5.0,5.5,300.0,1891.7526648511705,0.0,0.0,0.0,
direct,flee,300.0,1800.0,0.1,0.11,5.0,6.25,10.0,10.0,10,100.0,inf,full,both,inf,180.0,0.01,0.0,0.0,256,20,3,0.5,0.1,0.99,10.0,256,20,0,128,0,5.0,6.25,300.0,2909.2050947063767,0.0,0.0,0.0,
direct,flee,300.0,1800.0,0.1,0.11,5.0,7.5,10.0,10.0,10,100.0,inf,full,both,inf,180.0,0.01,0.0,0.0,256,20,3,0.5,0.1,0.99,10.0,256,20,0,128,0,5.0,7.5,300.0,4502.249089550075,0.0,0.0,0.0,
direct,flee,300.0,1800.0,0.1,0.11,5.0,10.0,10.0,10.0,10,100.0,inf,full,both,inf,180.0,0.01,0.0,0.0,256,20,3,0.5,0.1,0.99,10.0,256,20,0,128,0,5.0,10.0,300.0,7159.538088508118,0.0,0.0,0.0,
direct,flee,300.0,1800.0,0.1,0.11,5.0,inf,10.0,10.0,10,100.0,inf,full,both,inf,180.0,0.01,0.0,0.0,256,20,3,0.5,0.1,0.99,10.0,256,20,0,128,0,5.0,19.79999999999995,300.0,11614.344503131972,0.0,0.0,0.0,
direct,flee,300.0,1800.0,0.1,0.125,5.0,1.25,10.0,10.0,10,100.0,inf,full,both,inf,180.0,0.01,0.0,0.0,256,20,3,0.5,0.1,0.99,10.0,256,20,0,128,3,4.96875,1.25,34.80075611808003,2427.490201596635,0.0,0.0,0.0234375,370.0
direct,flee,300.0,1800.0,0.1,0.125,5.0,2.5,10.0,10.0,10,100.0,inf,full,both,inf,180.0,0.01,0.0,0.0,256,20,3,0.5,0.1,0.99,10.0,256,20,0,128,5,5.0,2.5,39.68249855958027,3220.928058417782,0.0,0.0,0.0390625,540.0
direct,flee,300.0,1800.0,0.1,0.125,5.0,3.75,10.0,10.0,10,100.0,inf,full,both,inf,180.0,0.01,0.0,0.0,256,20,3,0.5,0.1,0.99,10.0,256,20,0,128,2,5.0,3.75,126.26765049572889,1334.799945224713,0.0,0.0,0.015625,760.0
direct,flee,300.0,1800.0,0.1,0.125,5.0,4.5,10.0,10.0,10,100.0,inf,full,both,inf,180.0,0.01,0.0,0.0,256,20,3,0.5,0.1,0.99,10.0,256,20,0,128,0,5.0,4.5,239.1587966416315,1056.4906292065257,0.0,0.0,0.0,
direct,flee,300.0,1800.0,0.1,0.125,5.0,5.0,10.0,10.0,10,100.0,inf,full,both,inf,180.0,0.01,0.0,0.0,256,20,3,0.5,0.1,0.99,10.0,256,20,0,128,0,5.0,5.0,279.03062213388205,1420.702108815056,0.0,0.0,0.0,
direct,flee,300.0,1800.0,0.1,0.125,5.0,5.5,10.0,10.0,10,100.0,inf,full,both,inf,180.0,0.01,0.0,0.0,256,20,3,0.5,0.1,0.99,10.0,256,20,0,128,0,5.0,5.5,300.0,2106.0943143788386,0.0,0.0,0.0,
direct,flee,300.0,1800.0,0.1,0.125,5.0,6.25,10.0,10.0,10,100.0,inf,full,both,inf,180.0,0.01,0.0,0.0,256,20,3,0.5,0.1,0.99,10.0,256,20,0,128,0,5.0,6.25,300.0,3186.295320298563,0.0,0.0,0.0,
direct,flee,300.0,1800.0,0.1,0.125,5.0,7.5,10.0,10.0,10,100.0,inf,full,both,inf,180.0,0.01,0.0,0.0,256,20,3,0.5,0.1,0.99,10.0,256,20,0,128,0,5.0,7.5,300.0,4899.067803269307,0.0,0.0,0.0,
direct,flee,300.0,1800.0,0.1,0.125,5.0,10.0,10.0,10.0,10,100.0,inf,full,both,inf,180.0,0.01,0.0,0.0,256,20,3,0.5,0.1,0.99,10.0,256,20,0,128,0,5.0,10.0,300.0,7850.338247525789,0.0,0.0,0.0,
direct,flee,300.0,1800.0,0.1,0.125,5.0,inf,10.0,10.0,10,100.0,inf,full,both,inf,180.0,0.01,0.0,0.0,256,20,3,0.5,0.1,0.99,10.0,256,20,0,128,0,5.0,22.5,300.0,14261.006600320716,0.0,0.0,0.0,
direct,flee,300.0,1800.0,0.1,0.15,5.0,1.25,10.0,10.0,10,100.0,inf,full,both,inf,180.0,0.01,0.0,0.0,256,20,3,0.5,0.1,0.99,10.0,256,20,0,128,3,4.96953125,1.25,34.338944941812045,2528.843952053992,0.0,0.0,0.0234375,370.0
direct,flee,300.0,1800.0,0.1,0.15,5.0,2.5,10.0,10.0,10,100.0,inf,full,both,inf,180.0,0.01,0.0,0.0,256,20,3,0.5,0.1,0.99,10.0,256,20,0,128,9,5.0,2.5,41.82509343910188,3082.944107156304,0.0,0.0,0.0703125,540.0
direct,flee,300.0,1800.0,0.1,0.15,5.0,3.75,10.0,10.0,10,100.0,inf,full,both,inf,180.0,0.01,0.0,0.0,256,20,3,0.5,0.1,0.99,10.0,256,20,0,128,0,5.0,3.75,160.9177097575276,1350.6808685125532,0.0,0.0,0.0,
direct,flee,300.0,1800.0,0.1,0.15,5.0,4.5,10.0,10.0,10,100.0,inf,full,both,inf,180.0,0.01,0.0,0.0,256,20,3,0.5,0.1,0.99,10.0,256,20,0,128,0,5.0,4.5,250.74592639605527,1229.036329653564,0.0,0.0,0.0,
direct,flee,300.0,1800.0,0.1,0.15,5.0,5.0,10.0,10.0,10,100.0,inf,full,both,inf,180.0,0.01,0.0,0.0,256,20,3,0.5,0.1,0.99,10.0,256,20,0,128,0,5.0,5.0,290.4882724268066,1692.500381599518,0.0,0.0,0.0,
direct,flee,300.0,1800.0,0.1,0.15,5.0,5.5,10.0,10.0,10,100.0,inf,full,both,inf,180.0,0.01,0.0,0.0,256,20,3,0.5,0.1,0.99,10.0,256,20,0,128,0,5.0,5.5,300.0,2430.4259558990043,0.0,0.0,0.0,
direct,flee,300.0,1800.0,0.1,0.15,5.0,6.25,10.0,10.0,10,100.0,inf,full,both,inf,180.0,0.01,0.0,0.0,256,20,3,0.5,0.1,0.99,10.0,256,20,0,128,0,5.0,6.25,300.0,3593.4074192011644,0.0,0.0,0.0,
direct,flee,300.0,1800.0,0.1,0.15,5.0,7.5,10.0,10.0,10,100.0,inf,full,both,inf,180.0,0.01,0.0,0.0,256,20,3,0.5,0.1,0.99,10.0,256,20,0,128,0,5.0,7.5,300.0,5466.9328256656445,0.0,0.0,0.0,
direct,flee,300.0,1800.0,0.1,0.15,5.0,10.0,10.0,10.0,10,100.0,inf,full,both,inf,180.0,0.01,0.0,0.0,256,20,3,0.5,0.1,0.99,10.0,256,20,0,128,0,5.0,10.0,300.0,8805.556003990529,0.0,0.0,0.0,
direct,flee,300.0,1800.0,0.1,0.15,5.0,inf,10.0,10.0,10,100.0,inf,full,both,inf,180.0,0.01,0.0,0.0,256,20,3,0.5,0.1,0.99,10.0,256,20,0,128,0,5.0,26.99999999999992,300.0,18777.059685438377,0.0,0.0,0.0,
direct,flee,300.0,1800.0,0.1,0.2,5.0,1.25,10.0,10.0,10,100.0,inf,full,both,inf,180.0,0.01,0.0,0.0,256,20,3,0.5,0.1,0.99,10.0,256,20,0,128,3,4.96953125,1.25,33.86758082332792,2654.9349777887915,0.0,0.0,0.0234375,370.0
direct,flee,300.0,1800.0,0.1,0.2,5.0,2.5,10.0,10.0,10,100.0,inf,full,both,inf,180.0,0.01,0.0,0.0,256,20,3,0.5,0.1,0.99,10.0,256,20,0,128,10,5.0,2.5,46.50818793704503,2991.209331052421,0.0,0.0,0.078125,550.0
direct,flee,300.0,1800.0,0.1,0.2,5.0,3.75,10.0,10.0,10,100.0,inf,full,both,inf,180.0,0.01,0.0,0.0,256,20,3,0.5,0.1,0.99,10.0,256,20,0,128,0,5.0,3.75,199.0356804342832,1395.1414482615885,0.0,0.0,0.0,
direct,flee,300.0,1800.0,0.1,0.2,5.0,4.5,10.0,10.0,10,100.0,inf,full,both,inf,180.0,0.01,0.0,0.0,256,20,3,0.5,0.1,0.99,10.0,256,20,0,128,0,5.0,4.5,261.91467553590786,1502.8486706589963,0.0,0.0,0.0,
direct,flee,300.0,1800.0,0.1,0.2,5.0,5.0,10.0,10.0,10,100.0,inf,full,both,inf,180.0,0.01,0.0,0.0,256,20,3,0.5,0.1,0.99,10.0,256,20,0,128,0,5.0,5.0,293.6716517248787,2087.024385093649,0.0,0.0,0.0,
direct,flee,300.0,1800.0,0.1,0.2,5.0,5.5,10.0,10.0,10,100.0,inf,full,both,inf,180.0,0.01,0.0,0.0,256,20,3,0.5,0.1,0.99,10.0,256,20,0,128,0,5.0,5.5,300.0,2890.704093201493,0.0,0.0,0.0,
direct,flee,300.0,1800.0,0.1,0.2,5.0,6.25,10.0,10.0,10,100.0,inf,full,both,inf,180.0,0.01,0.0,0.0,256,20,3,0.5,0.1,0.99,10.0,256,20,0,128,0,5.0,6.25,300.0,4167.5007376106005,0.0,0.0,0.0,
direct,flee,300.0,1800.0,0.1,0.2,5.0,7.5,10.0,10.0,10,100.0,inf,full,both,inf,180.0,0.01,0.0,0.0,256,20,3,0.5,0.1,0.99,10.0,256,20,0,128,0,5.0,7.5,300.0,6261.679128981127,0.0,0.0,0.0,
direct,flee,300.0,1800.0,0.1,0.2,5.0,10.0,10.0,10.0,10,100.0,inf,full,both,inf,180.0,0.01,0.0,0.0,256,20,3,0.5,0.1,0.99,10.0,256,20,0,128,0,5.0,10.0,300.0,10134.193575999388,0.0,0.0,0.0,
direct,flee,300.0,1800.0,0.1,0.2,5.0,inf,10.0,10.0,10,100.0,inf,full,both,inf,180.0,0.01,0.0,0.0,256,20,3,0.5,0.1,0.99,10.0,256,20,0,128,0,5.0,35.99999999999997,300.0,27902.721943400764,0.0,0.0,0.0,
direct,coast,300.0,1800.0,0.1,0.025,5.0,1.25,10.0,10.0,10,100.0,inf,full,both,inf,180.0,0.01,0.0,0.0,256,20,3,0.5,0.1,0.99,10.0,256,20,0,128,3,4.9390625,0.0,34.406708200624884,796.0222294534536,0.0,0.0,0.0234375,240.0
direct,coast,300.0,1800.0,0.1,0.025,5.0,2.5,10.0,10.0,10,100.0,inf,full,both,inf,180.0,0.01,0.0,0.0,256,20,3,0.5,0.1,0.99,10.0,256,20,0,128,3,4.9390625,0.0,34.406708200624884,796.0222294534536,0.0,0.0,0.0234375,240.0
direct,coast,300.0,1800.0,0.1,0.025,5.0,3.75,10.0,10.0,10,100.0,inf,full,both,inf,180.0,0.01,0.0,0.0,256,20,3,0.5,0.1,0.99,10.0,256,20,0,128,3,4.9390625,0.0,34.406708200624884,796.0222294534536,0.0,0.0,0.0234375,240.0
direct,coast,300.0,1800.0,0.1,0.025,5.0,4.5,10.0,10.0,10,100.0,inf,full,both,inf,180.0,0.01,0.0,0.0,256,20,3,0.5,0.1,0.99,10.0,256,20,0,128,3,4.9390625,0.0,34.406708200624884,796.0222294534536,0.0,0.0,0.0234375,240.0
direct,coast,300.0,1800.0,0.1,0.025,5.0,5.0,10.0,10.0,10,100.0,inf,full,both,inf,180.0,0.01,0.0,0.0,256,20,3,0.5,0.1,0.99,10.0,256,20,0,128,3,4.9390625,0.0,34.406708200624884,796.0222294534536,0.0,0.0,0.0234375,240.0
direct,coast,300.0,1800.0,0.1,0.025,5.0,5.5,10.0,10.0,10,100.0,inf,full,both,inf,180.0,0.01,0.0,0.0,256,20,3,0.5,0.1,0.99,10.0,256,20,0,128,3,4.9390625,0.0,34.406708200624884,796.0222294534536,0.0,0.0,0.0234375,240.0
direct,coast,300.0,1800.0,0.1,0.025,5.0,6.25,10.0,10.0,10,100.0,inf,full,both,inf,180.0,0.01,0.0,0.0,256,20,3,0.5,0.1,0.99,10.0,256,20,0,128,3,4.9390625,0.0,34.406708200624884,796.0222294534536,0.0,0.0,0.0234375,240.0
direct,coast,300.0,1800.0,0.1,0.025,5.0,7.5,10.0,10.0,10,100.0,inf,full,both,inf,180.0,0.01,0.0,0.0,256,20,3,0.5,0.1,0.99,10.0,256,20,0,128,3,4.9390625,0.0,34.406708200624884,796.0222294534536,0.0,0.0,0.0234375,240.0
direct,coast,300.0,1800.0,0.1,0.025,5.0,10.0,10.0,10.0,10,100.0,inf,full,both,inf,180.0,0.01,0.0,0.0,256,20,3,0.5,0.1,0.99,10.0,256,20,0,128,3,4.9390625,0.0,34.406708200624884,796.0222294534536,0.0,0.0,0.0234375,240.0
direct,coast,300.0,1800.0,0.1,0.025,5.0,inf,10.0,10.0,10,100.0,inf,full,both,inf,180.0,0.01,0.0,0.0,256,20,3,0.5,0.1,0.99,10.0,256,20,0,128,3,4.9390625,0.0,34.406708200624884,796.0222294534536,0.0,0.0,0.0234375,240.0
direct,coast,300.0,1800.0,0.1,0.05,5.0,1.25,10.0,10.0,10,100.0,inf,full,both,inf,180.0,0.01,0.0,0.0,256,20,3,0.5,0.1,0.99,10.0,256,20,0,128,3,4.9390625,0.0,34.406708200624884,796.0222294534536,0.0,0.0,0.0234375,240.0
direct,coast,300.0,1800.0,0.1,0.05,5.0,2.5,10.0,10.0,10,100.0,inf,full,both,inf,180.0,0.01,0.0,0.0,256,20,3,0.5,0.1,0.99,10.0,256,20,0,128,3,4.9390625,0.0,34.406708200624884,796.0222294534536,0.0,0.0,0.0234375,240.0
direct,coast,300.0,1800.0,0.1,0.05,5.0,3.75,10.0,10.0,10,100.0,inf,full,both,inf,180.0,0.01,0.0,0.0,256,20,3,0.5,0.1,0.99,10.0,256,20,0,128,3,4.9390625,0.0,34.406708200624884,796.0222294534536,0.0,0.0,0.0234375,240.0
direct,coast,300.0,1800.0,0.1,0.05,5.0,4.5,10.0,10.0,10,100.0,inf,full,both,inf,180.0,0.01,0.0,0.0,256,20,3,0.5,0.1,0.99,10.0,256,20,0,128,3,4.9390625,0.0,34.406708200624884,796.0222294534536,0.0,0.0,0.0234375,240.0
direct,coast,300.0,1800.0,0.1,0.05,5.0,5.0,10.0,10.0,10,100.0,inf,full,both,inf,180.0,0.01,0.0,0.0,256,20,3,0.5,0.1,0.99,10.0,256,20,0,128,3,4.9390625,0.0,34.406708200624884,796.0222294534536,0.0,0.0,0.0234375,240.0
direct,coast,300.0,1800.0,0.1,0.05,5.0,5.5,10.0,10.0,10,100.0,inf,full,both,inf,180.0,0.01,0.0,0.0,256,20,3,0.5,0.1,0.99,10.0,256,20,0,128,3,4.9390625,0.0,34.406708200624884,796.0222294534536,0.0,0.0,0.0234375,240.0
direct,coast,300.0,1800.0,0.1,0.05,5.0,6.25,10.0,10.0,10,100.0,inf,full,both,inf,180.0,0.01,0.0,0.0,256,20,3,0.5,0.1,0.99,10.0,256,20,0,128,3,4.9390625,0.0,34.406708200624884,796.0222294534536,0.0,0.0,0.0234375,240.0
direct,coast,300.0,1800.0,0.1,0.05,5.0,7.5,10.0,10.0,10,100.0,inf,full,both,inf,180.0,0.01,0.0,0.0,256,20,3,0.5,0.1,0.99,10.0,256,20,0,128,3,4.9390625,0.0,34.406708200624884,796.0222294534536,0.0,0.0,0.0234375,240.0
direct,coast,300.0,1800.0,0.1,0.05,5.0,10.0,10.0,10.0,10,100.0,inf,full,both,inf,180.0,0.01,0.0,0.0,256,20,3,0.5,0.1,0.99,10.0,256,20,0,128,3,4.9390625,0.0,34.406708200624884,796.0222294534536,0.0,0.0,0.0234375,240.0
direct,coast,300.0,1800.0,0.1,0.05,5.0,inf,10.0,10.0,10,100.0,inf,full,both,inf,180.0,0.01,0.0,0.0,256,20,3,0.5,0.1,0.99,10.0,256,20,0,128,3,4.9390625,0.0,34.406708200624884,796.0222294534536,0.0,0.0,0.0234375,240.0
direct,coast,300.0,1800.0,0.1,0.075,5.0,1.25,10.0,10.0,10,100.0,inf,full,both,inf,180.0,0.01,0.0,0.0,256,20,3,0.5,0.1,0.99,10.0,256,20,0,128,3,4.9390625,0.0,34.406708200624884,796.0222294534536,0.0,0.0,0.0234375,240.0
direct,coast,300.0,1800.0,0.1,0.075,5.0,2.5,10.0,10.0,10,100.0,inf,full,both,inf,180.0,0.01,0.0,0.0,256,20,3,0.5,0.1,0.99,10.0,256,20,0,128,3,4.9390625,0.0,34.406708200624884,796.0222294534536,0.0,0.0,0.0234375,240.0
direct,coast,300.0,1800.0,0.1,0.075,5.0,3.75,10.0,10.0,10,100.0,inf,full,both,inf,180.0,0.01,0.0,0.0,256,20,3,0.5,0.1,0.99,10.0,256,20,0,128,3,4.9390625,0.0,34.406708200624884,796.0222294534536,0.0,0.0,0.0234375,240.0
direct,coast,300.0,1800.0,0.1,0.075,5.0,4.5,10.0,10.0,10,100.0,inf,full,both,inf,180.0,0.01,0.0,0.0,256,20,3,0.5,0.1,0.99,10.0,256,20,0,128,3,4.9390625,0.0,34.406708200624884,796.0222294534536,0.0,0.0,0.0234375,240.0
direct,coast,300.0,1800.0,0.1,0.075,5.0,5.0,10.0,10.0,10,100.0,inf,full,both,inf,180.0,0.01,0.0,0.0,256,20,3,0.5,0.1,0.99,10.0,256,20,0,128,3,4.9390625,0.0,34.406708200624884,796.0222294534536,0.0,0.0,0.0234375,240.0
direct,coast,300.0,1800.0,0.1,0.075,5.0,5.5,10.0,10.0,10,100.0,inf,full,both,inf,180.0,0.01,0.0,0.0,256,20,3,0.5,0.1,0.99,10.0,256,20,0,128,3,4.9390625,0.0,34.406708200624884,796.0222294534536,0.0,0.0,0.0234375,240.0
direct,coast,300.0,1800.0,0.1,0.075,5.0,6.25,10.0,10.0,10,100.0,inf,full,both,inf,180.0,0.01,0.0,0.0,256,20,3,0.5,0.1,0.99,10.0,256,20,0,128,3,4.9390625,0.0,34.406708200624884,796.0222294534536,0.0,0.0,0.0234375,240.0
direct,coast,300.0,1800.0,0.1,0.075,5.0,7.5,10.0,10.0,10,100.0,inf,full,both,inf,180.0,0.01,0.0,0.0,256,20,3,0.5,0.1,0.99,10.0,256,20,0,128,3,4.9390625,0.0,34.406708200624884,796.0222294534536,0.0,0.0,0.0234375,240.0
direct,coast,300.0,1800.0,0.1,0.075,5.0,10.0,10.0,10.0,10,100.0,inf,full,both,inf,180.0,0.01,0.0,0.0,256,20,3,0.5,0.1,0.99,10.0,256,20,0,128,3,4.9390625,0.0,34.406708200624884,796.0222294534536,0.0,0.0,0.0234375,240.0
direct,coast,300.0,1800.0,0.1,0.075,5.0,inf,10.0,10.0,10,100.0,inf,full,both,inf,180.0,0.01,0.0,0.0,256,20,3,0.5,0.1,0.99,10.0,256,20,0,128,3,4.9390625,0.0,34.406708200624884,796.0222294534536,0.0,0.0,0.0234375,240.0
direct,coast,300.0,1800.0,0.1,0.09,5.0,1.25,10.0,10.0,10,100.0,inf,full,both,inf,180.0,0.01,0.0,0.0,256,20,3,0.5,0.1,0.99,10.0,256,20,0,128,3,4.9390625,0.0,34.406708200624884,796.0222294534536,0.0,0.0,0.0234375,240.0
direct,coast,300.0,1800.0,0.1,0.09,5.0,2.5,10.0,10.0,10,100.0,inf,full,both,inf,180.0,0.01,0.0,0.0,256,20,3,0.5,0.1,0.99,10.0,256,20,0,128,3,4.9390625,0.0,34.406708200624884,796.0222294534536,0.0,0.0,0.0234375,240.0
direct,coast,300.0,1800.0,0.1,0.09,5.0,3.75,10.0,10.0,10,100.0,inf,full,both,inf,180.0,0.01,0.0,0.0,256,20,3,0.5,0.1,0.99,10.0,256,20,0,128,3,4.9390625,0.0,34.406708200624884,796.0222294534536,0.0,0.0,0.0234375,240.0
direct,coast,300.0,1800.0,0.1,0.09,5.0,4.5,10.0,10.0,10,100.0,inf,full,both,inf,180.0,0.01,0.0,0.0,256,20,3,0.5,0.1,0.99,10.0,256,20,0,128,3,4.9390625,0.0,34.406708200624884,796.0222294534536,0.0,0.0,0.0234375,240.0
direct,coast,300.0,1800.0,0.1,0.09,5.0,5.0,10.0,10.0,10,100.0,inf,full,both,inf,180.0,0.01,0.0,0.0,256,20,3,0.5,0.1,0.99,10.0,256,20,0,128,3,4.9390625,0.0,34.406708200624884,796.0222294534536,0.0,0.0,0.0234375,240.0
direct,coast,300.0,1800.0,0.1,0.09,5.0,5.5,10.0,10.0,10,100.0,inf,full,both,inf,180.0,0.01,0.0,0.0,256,20,3,0.5,0.1,0.99,10.0,256,20,0,128,3,4.9390625,0.0,34.406708200624884,796.0222294534536,0.0,0.0,0.0234375,240.0
direct,coast,300.0,1800.0,0.1,0.09,5.0,6.25,10.0,10.0,10,100.0,inf,full,both,inf,180.0,0.01,0.0,0.0,256,20,3,0.5,0.1,0.99,10.0,256,20,0,128,3,4.9390625,0.0,34.406708200624884,796.0222294534536,0.0,0.0,0.0234375,240.0
direct,coast,300.0,1800.0,0.1,0.09,5.0,7.5,10.0,10.0,10,100.0,inf,full,both,inf,180.0,0.01,0.0,0.0,256,20,3,0.5,0.1,0.99,10.0,256,20,0,128,3,4.9390625,0.0,34.406708200624884,796.0222294534536,0.0,0.0,0.0234375,240.0
direct,coast,300.0,1800.0,0.1,0.09,5.0,10.0,10.0,10.0,10,100.0,inf,full,both,inf,180.0,0.01,0.0,0.0,256,20,3,0.5,0.1,0.99,10.0,256,20,0,128,3,4.9390625,0.0,34.406708200624884,796.0222294534536,0.0,0.0,0.0234375,240.0
direct,coast,300.0,1800.0,0.1,0.09,5.0,inf,10.0,10.0,10,100.0,inf,full,both,inf,180.0,0.01,0.0,0.0,256,20,3,0.5,0.1,0.99,10.0,256,20,0,128,3,4.9390625,0.0,34.406708200624884,796.0222294534536,0.0,0.0,0.0234375,240.0
direct,coast,300.0,1800.0,0.1,0.1,5.0,1.25,10.0,10.0,10,100.0,inf,full,both,inf,180.0,0.01,0.0,0.0,256,20,3,0.5,0.1,0.99,10.0,256,20,0,128,3,4.9390625,0.0,34.406708200624884,796.0222294534536,0.0,0.0,0.0234375,240.0
direct,coast,300.0,1800.0,0.1,0.1,5.0,2.5,10.0,10.0,10,100.0,inf,full,both,inf,180.0,0.01,0.0,0.0,256,20,3,0.5,0.1,0.99,10.0,256,20,0,128,3,4.9390625,0.0,34.406708200624884,796.0222294534536,0.0,0.0,0.0234375,240.0
direct,coast,300.0,1800.0,0.1,0.1,5.0,3.75,10.0,10.0,10,100.0,inf,full,both,inf,180.0,0.01,0.0,0.0,256,20,3,0.5,0.1,0.99,10.0,256,20,0,128,3,4.9390625,0.0,34.406708200624884,796.0222294534536,0.0,0.0,0.0234375,240.0
direct,coast,300.0,1800.0,0.1,0.1,5.0,4.5,10.0,10.0,10,100.0,inf,full,both,inf,180.0,0.01,0.0,0.0,256,20,3,0.5,0.1,0.99,10.0,256,20,0,128,3,4.9390625,0.0,34.406708200624884,796.0222294534536,0.0,0.0,0.0234375,240.0
direct,coast,300.0,1800.0,0.1,0.1,5.0,5.0,10.0,10.0,10,100.0,inf,full,both,inf,180.0,0.01,0.0,0.0,256,20,3,0.5,0.1,0.99,10.0,256,20,0,128,3,4.9390625,0.0,34.406708200624884,796.0222294534536,0.0,0.0,0.0234375,240.0
direct,coast,300.0,1800.0,0.1,0.1,5.0,5.5,10.0,10.0,10,100.0,inf,full,both,inf,180.0,0.01,0.0,0.0,256,20,3,0.5,0.1,0.99,10.0,256,20,0,128,3,4.9390625,0.0,34.406708200624884,796.0222294534536,0.0,0.0,0.0234375,240.0
direct,coast,300.0,1800.0,0.1,0.1,5.0,6.25,10.0,10.0,10,100.0,inf,full,both,inf,180.0,0.01,0.0,0.0,256,20,3,0.5,0.1,0.99,10.0,256,20,0,128,3,4.9390625,0.0,34.406708200624884,796.0222294534536,0.0,0.0,0.0234375,240.0
direct,coast,300.0,1800.0,0.1,0.1,5.0,7.5,10.0,10.0,10,100.0,inf,full,both,inf,180.0,0.01,0.0,0.0,256,20,3,0.5,0.1,0.99,10.0,256,20,0,128,3,4.9390625,0.0,34.406708200624884,796.0222294534536,0.0,0.0,0.0234375,240.0
direct,coast,300.0,1800.0,0.1,0.1,5.0,10.0,10.0,10.0,10,100.0,inf,full,both,inf,180.0,0.01,0.0,0.0,256,20,3,0.5,0.1,0.99,10.0,256,20,0,128,3,4.9390625,0.0,34.406708200624884,796.0222294534536,0.0,0.0,0.0234375,240.0
direct,coast,300.0,1800.0,0.1,0.1,5.0,inf,10.0,10.0,10,100.0,inf,full,both,inf,180.0,0.01,0.0,0.0,256,20,3,0.5,0.1,0.99,10.0,256,20,0,128,3,4.9390625,0.0,34.406708200624884,796.0222294534536,0.0,0.0,0.0234375,240.0
direct,coast,300.0,1800.0,0.1,0.11,5.0,1.25,10.0,10.0,10,100.0,inf,full,both,inf,180.0,0.01,0.0,0.0,256,20,3,0.5,0.1,0.99,10.0,256,20,0,128,3,4.9390625,0.0,34.406708200624884,796.0222294534536,0.0,0.0,0.0234375,240.0
direct,coast,300.0,1800.0,0.1,0.11,5.0,2.5,10.0,10.0,10,100.0,inf,full,both,inf,180.0,0.01,0.0,0.0,256,20,3,0.5,0.1,0.99,10.0,256,20,0,128,3,4.9390625,0.0,34.406708200624884,796.0222294534536,0.0,0.0,0.0234375,240.0
direct,coast,300.0,1800.0,0.1,0.11,5.0,3.75,10.0,10.0,10,100.0,inf,full,both,inf,180.0,0.01,0.0,0.0,256,20,3,0.5,0.1,0.99,10.0,256,20,0,128,3,4.9390625,0.0,34.406708200624884,796.0222294534536,0.0,0.0,0.0234375,240.0
direct,coast,300.0,1800.0,0.1,0.11,5.0,4.5,10.0,10.0,10,100.0,inf,full,both,inf,180.0,0.01,0.0,0.0,256,20,3,0.5,0.1,0.99,10.0,256,20,0,128,3,4.9390625,0.0,34.406708200624884,796.0222294534536,0.0,0.0,0.0234375,240.0
direct,coast,300.0,1800.0,0.1,0.11,5.0,5.0,10.0,10.0,10,100.0,inf,full,both,inf,180.0,0.01,0.0,0.0,256,20,3,0.5,0.1,0.99,10.0,256,20,0,128,3,4.9390625,0.0,34.406708200624884,796.0222294534536,0.0,0.0,0.0234375,240.0
direct,coast,300.0,1800.0,0.1,0.11,5.0,5.5,10.0,10.0,10,100.0,inf,full,both,inf,180.0,0.01,0.0,0.0,256,20,3,0.5,0.1,0.99,10.0,256,20,0,128,3,4.9390625,0.0,34.406708200624884,796.0222294534536,0.0,0.0,0.0234375,240.0
direct,coast,300.0,1800.0,0.1,0.11,5.0,6.25,10.0,10.0,10,100.0,inf,full,both,inf,180.0,0.01,0.0,0.0,256,20,3,0.5,0.1,0.99,10.0,256,20,0,128,3,4.9390625,0.0,34.406708200624884,796.0222294534536,0.0,0.0,0.0234375,240.0
direct,coast,300.0,1800.0,0.1,0.11,5.0,7.5,10.0,10.0,10,100.0,inf,full,both,inf,180.0,0.01,0.0,0.0,256,20,3,0.5,0.1,0.99,10.0,256,20,0,128,3,4.9390625,0.0,34.406708200624884,796.0222294534536,0.0,0.0,0.0234375,240.0
direct,coast,300.0,1800.0,0.1,0.11,5.0,10.0,10.0,10.0,10,100.0,inf,full,both,inf,180.0,0.01,0.0,0.0,256,20,3,0.5,0.1,0.99,10.0,256,20,0,128,3,4.9390625,0.0,34.406708200624884,796.0222294534536,0.0,0.0,0.0234375,240.0
direct,coast,300.0,1800.0,0.1,0.11,5.0,inf,10.0,10.0,10,100.0,inf,full,both,inf,180.0,0.01,0.0,0.0,256,20,3,0.5,0.1,0.99,10.0,256,20,0,128,3,4.9390625,0.0,34.406708200624884,796.0222294534536,0.0,0.0,0.0234375,240.0
direct,coast,300.0,1800.0,0.1,0.125,5.0,1.25,10.0,10.0,10,100.0,inf,full,both,inf,180.0,0.01,0.0,0.0,256,20,3,0.5,0.1,0.99,10.0,256,20,0,128,3,4.9390625,0.0,34.406708200624884,796.0222294534536,0.0,0.0,0.0234375,240.0
direct,coast,300.0,1800.0,0.1,0.125,5.0,2.5,10.0,10.0,10,100.0,inf,full,both,inf,180.0,0.01,0.0,0.0,256,20,3,0.5,0.1,0.99,10.0,256,20,0,128,3,4.9390625,0.0,34.406708200624884,796.0222294534536,0.0,0.0,0.0234375,240.0
direct,coast,300.0,1800.0,0.1,0.125,5.0,3.75,10.0,10.0,10,100.0,inf,full,both,inf,180.0,0.01,0.0,0.0,256,20,3,0.5,0.1,0.99,10.0,256,20,0,128,3,4.9390625,0.0,34.406708200624884,796.0222294534536,0.0,0.0,0.0234375,240.0
direct,coast,300.0,1800.0,0.1,0.125,5.0,4.5,10.0,10.0,10,100.0,inf,full,both,inf,180.0,0.01,0.0,0.0,256,20,3,0.5,0.1,0.99,10.0,256,20,0,128,3,4.9390625,0.0,34.406708200624884,796.0222294534536,0.0,0.0,0.0234375,240.0
direct,coast,300.0,1800.0,0.1,0.125,5.0,5.0,10.0,10.0,10,100.0,inf,full,both,inf,180.0,0.01,0.0,0.0,256,20,3,0.5,0.1,0.99,10.0,256,20,0,128,3,4.9390625,0.0,34.406708200624884,796.0222294534536,0.0,0.0,0.0234375,240.0
direct,coast,300.0,1800.0,0.1,0.125,5.0,5.5,10.0,10.0,10,100.0,inf,full,both,inf,180.0,0.01,0.0,0.0,256,20,3,0.5,0.1,0.99,10.0,256,20,0,128,3,4.9390625,0.0,34.406708200624884,796.0222294534536,0.0,0.0,0.0234375,240.0
direct,coast,300.0,1800.0,0.1,0.125,5.0,6.25,10.0,10.0,10,100.0,inf,full,both,inf,180.0,0.01,0.0,0.0,256,20,3,0.5,0.1,0.99,10.0,256,20,0,128,3,4.9390625,0.0,34.406708200624884,796.0222294534536,0.0,0.0,0.0234375,240.0
direct,coast,300.0,1800.0,0.1,0.125,5.0,7.5,10.0,10.0,10,100.0,inf,full,both,inf,180.0,0.01,0.0,0.0,256,20,3,0.5,0.1,0.99,10.0,256,20,0,128,3,4.9390625,0.0,34.406708200624884,796.0222294534536,0.0,0.0,0.0234375,240.0
direct,coast,300.0,1800.0,0.1,0.125,5.0,10.0,10.0,10.0,10,100.0,inf,full,both,inf,180.0,0.01,0.0,0.0,256,20,3,0.5,0.1,0.99,10.0,256,20,0,128,3,4.9390625,0.0,34.406708200624884,796.0222294534536,0.0,0.0,0.0234375,240.0
direct,coast,300.0,1800.0,0.1,0.125,5.0,inf,10.0,10.0,10,100.0,inf,full,both,inf,180.0,0.01,0.0,0.0,256,20,3,0.5,0.1,0.99,10.0,256,20,0,128,3,4.9390625,0.0,34.406708200624884,796.0222294534536,0.0,0.0,0.0234375,240.0
direct,coast,300.0,1800.0,0.1,0.15,5.0,1.25,10.0,10.0,10,100.0,inf,full,both,inf,180.0,0.01,0.0,0.0,256,20,3,0.5,0.1,0.99,10.0,256,20,0,128,3,4.9390625,0.0,34.406708200624884,796.0222294534536,0.0,0.0,0.0234375,240.0
direct,coast,300.0,1800.0,0.1,0.15,5.0,2.5,10.0,10.0,10,100.0,inf,full,both,inf,180.0,0.01,0.0,0.0,256,20,3,0.5,0.1,0.99,10.0,256,20,0,128,3,4.9390625,0.0,34.406708200624884,796.0222294534536,0.0,0.0,0.0234375,240.0
direct,coast,300.0,1800.0,0.1,0.15,5.0,3.75,10.0,10.0,10,100.0,inf,full,both,inf,180.0,0.01,0.0,0.0,256,20,3,0.5,0.1,0.99,10.0,256,20,0,128,3,4.9390625,0.0,34.406708200624884,796.0222294534536,0.0,0.0,0.0234375,240.0
direct,coast,300.0,1800.0,0.1,0.15,5.0,4.5,10.0,10.0,10,100.0,inf,full,both,inf,180.0,0.01,0.0,0.0,256,20,3,0.5,0.1,0.99,10.0,256,20,0,128,3,4.9390625,0.0,34.406708200624884,796.0222294534536,0.0,0.0,0.0234375,240.0
direct,coast,300.0,1800.0,0.1,0.15,5.0,5.0,10.0,10.0,10,100.0,inf,full,both,inf,180.0,0.01,0.0,0.0,256,20,3,0.5,0.1,0.99,10.0,256,20,0,128,3,4.9390625,0.0,34.406708200624884,796.0222294534536,0.0,0.0,0.0234375,240.0
direct,coast,300.0,1800.0,0.1,0.15,5.0,5.5,10.0,10.0,10,100.0,inf,full,both,inf,180.0,0.01,0.0,0.0,256,20,3,0.5,0.1,0.99,10.0,256,20,0,128,3,4.9390625,0.0,34.406708200624884,796.0222294534536,0.0,0.0,0.0234375,240.0
direct,coast,300.0,1800.0,0.1,0.15,5.0,6.25,10.0,10.0,10,100.0,inf,full,both,inf,180.0,0.01,0.0,0.0,256,20,3,0.5,0.1,0.99,10.0,256,20,0,128,3,4.9390625,0.0,34.406708200624884,796.0222294534536,0.0,0.0,0.0234375,240.0
direct,coast,300.0,1800.0,0.1,0.15,5.0,7.5,10.0,10.0,10,100.0,inf,full,both,inf,180.0,0.01,0.0,0.0,256,20,3,0.5,0.1,0.99,10.0,256,20,0,128,3,4.9390625,0.0,34.406708200624884,796.0222294534536,0.0,0.0,0.0234375,240.0
direct,coast,300.0,1800.0,0.1,0.15,5.0,10.0,10.0,10.0,10,100.0,inf,full,both,inf,180.0,0.01,0.0,0.0,256,20,3,0.5,0.1,0.99,10.0,256,20,0,128,3,4.9390625,0.0,34.406708200624884,796.0222294534536,0.0,0.0,0.0234375,240.0
direct,coast,300.0,1800.0,0.1,0.15,5.0,inf,10.0,10.0,10,100.0,inf,full,both,inf,180.0,0.01,0.0,0.0,256,20,3,0.5,0.1,0.99,10.0,256,20,0,128,3,4.9390625,0.0,34.406708200624884,796.0222294534536,0.0,0.0,0.0234375,240.0
direct,coast,300.0,1800.0,0.1,0.2,5.0,1.25,10.0,10.0,10,100.0,inf,full,both,inf,180.0,0.01,0.0,0.0,256,20,3,0.5,0.1,0.99,10.0,256,20,0,128,3,4.9390625,0.0,34.406708200624884,796.0222294534536,0.0,0.0,0.0234375,240.0
direct,coast,300.0,1800.0,0.1,0.2,5.0,2.5,10.0,10.0,10,100.0,inf,full,both,inf,180.0,0.01,0.0,0.0,256,20,3,0.5,0.1,0.99,10.0,256,20,0,128,3,4.9390625,0.0,34.406708200624884,796.0222294534536,0.0,0.0,0.0234375,240.0
direct,coast,300.0,1800.0,0.1,0.2,5.0,3.75,10.0,10.0,10,100.0,inf,full,both,inf,180.0,0.01,0.0,0.0,256,20,3,0.5,0.1,0.99,10.0,256,20,0,128,3,4.9390625,0.0,34.406708200624884,796.0222294534536,0.0,0.0,0.0234375,240.0
direct,coast,300.0,1800.0,0.1,0.2,5.0,4.5,10.0,10.0,10,100.0,inf,full,both,inf,180.0,0.01,0.0,0.0,256,20,3,0.5,0.1,0.99,10.0,256,20,0,128,3,4.9390625,0.0,34.406708200624884,796.0222294534536,0.0,0.0,0.0234375,240.0
direct,coast,300.0,1800.0,0.1,0.2,5.0,5.0,10.0,10.0,10,100.0,inf,full,both,inf,180.0,0.01,0.0,0.0,256,20,3,0.5,0.1,0.99,10.0,256,20,0,128,3,4.9390625,0.0,34.406708200624884,796.0222294534536,0.0,0.0,0.0234375,240.0
direct,coast,300.0,1800.0,0.1,0.2,5.0,5.5,10.0,10.0,10,100.0,inf,full,both,inf,180.0,0.01,0.0,0.0,256,20,3,0.5,0.1,0.99,10.0,256,20,0,128,3,4.9390625,0.0,34.406708200624884,796.0222294534536,0.0,0.0,0.0234375,240.0
direct,coast,300.0,1800.0,0.1,0.2,5.0,6.25,10.0,10.0,10,100.0,inf,full,both,inf,180.0,0.01,0.0,0.0,256,20,3,0.5,0.1,0.99,10.0,256,20,0,128,3,4.9390625,0.0,34.406708200624884,796.0222294534536,0.0,0.0,0.0234375,240.0
direct,coast,300.0,1800.0,0.1,0.2,5.0,7.5,10.0,10.0,10,100.0,inf,full,both,inf,180.0,0.01,0.0,0.0,256,20,3,0.5,0.1,0.99,10.0,256,20,0,128,3,4.9390625,0.0,34.406708200624884,796.0222294534536,0.0,0.0,0.0234375,240.0
direct,coast,300.0,1800.0,0.1,0.2,5.0,10.0,10.0,10.0,10,100.0,inf,full,both,inf,180.0,0.01,0.0,0.0,256,20,3,0.5,0.1,0.99,10.0,256,20,0,128,3,4.9390625,0.0,34.406708200624884,796.0222294534536,0.0,0.0,0.0234375,240.0
direct,coast,300.0,1800.0,0.1,0.2,5.0,inf,10.0,10.0,10,100.0,inf,full,both,inf,180.0,0.01,0.0,0.0,256,20,3,0.5,0.1,0.99,10.0,256,20,0,128,3,4.9390625,0.0,34.406708200624884,796.0222294534536,0.0,0.0,0.0234375,240.0
direct,mppi_direct,300.0,1800.0,0.1,0.025,5.0,1.25,10.0,10.0,10,100.0,inf,full,both,inf,180.0,0.01,0.0,0.0,256,20,3,0.5,0.1,0.99,10.0,256,20,0,128,0,5.0,1.25,43.235630830309205,2176.516938372996,0.0,0.0,0.0,
direct,mppi_direct,300.0,1800.0,0.1,0.025,5.0,2.5,10.0,10.0,10,100.0,inf,full,both,inf,180.0,0.01,0.0,0.0,256,20,3,0.5,0.1,0.99,10.0,256,20,0,128,0,5.0,2.5,43.09211712190934,3520.619749937835,0.0,0.0,0.0,
direct,mppi_direct,300.0,1800.0,0.1,0.025,5.0,3.75,10.0,10.0,10,100.0,inf,full,both,inf,180.0,0.01,0.0,0.0,256,20,3,0.5,0.1,0.99,10.0,256,20,0,128,0,5.0,3.75,43.09211712190934,4093.078192861078,0.0,0.0,0.0,
direct,mppi_direct,300.0,1800.0,0.1,0.025,5.0,4.5,10.0,10.0,10,100.0,inf,full,both,inf,180.0,0.01,0.0,0.0,256,20,3,0.5,0.1,0.99,10.0,256,20,0,128,0,5.0,4.242851500106602,43.09211712190934,4136.2471787826,0.0,0.0,0.0,
direct,mppi_direct,300.0,1800.0,0.1,0.025,5.0,5.0,10.0,10.0,10,100.0,inf,full,both,inf,180.0,0.01,0.0,0.0,256,20,3,0.5,0.1,0.99,10.0,256,20,0,128,0,5.0,4.243480753781524,43.09211712190934,4134.997877301573,0.0,0.0,0.0,
direct,mppi_direct,300.0,1800.0,0.1,0.025,5.0,5.5,10.0,10.0,10,100.0,inf,full,both,inf,180.0,0.01,0.0,0.0,256,20,3,0.5,0.1,0.99,10.0,256,20,0,128,0,5.0,4.243240560393227,43.09211712190934,4134.922605411064,0.0,0.0,0.0,
direct,mppi_direct,300.0,1800.0,0.1,0.025,5.0,6.25,10.0,10.0,10,100.0,inf,full,both,inf,180.0,0.01,0.0,0.0,256,20,3,0.5,0.1,0.99,10.0,256,20,0,128,0,5.0,4.243241330545742,43.09211712190934,4134.92273365408,0.0,0.0,0.0,
direct,mppi_direct,300.0,1800.0,0.1,0.025,5.0,7.5,10.0,10.0,10,100.0,inf,full,both,inf,180.0,0.01,0.0,0.0,256,20,3,0.5,0.1,0.99,10.0,256,20,0,128,0,5.0,4.243241330545742,43.09211712190934,4134.92273365408,0.0,0.0,0.0,
direct,mppi_direct,300.0,1800.0,0.1,0.025,5.0,10.0,10.0,10.0,10,100.0,inf,full,both,inf,180.0,0.01,0.0,0.0,256,20,3,0.5,0.1,0.99,10.0,256,20,0,128,0,5.0,4.243241330545742,43.09211712190934,4134.92273365408,0.0,0.0,0.0,
direct,mppi_direct,300.0,1800.0,0.1,0.025,5.0,inf,10.0,10.0,10,100.0,inf,full,both,inf,180.0,0.01,0.0,0.0,256,20,3,0.5,0.1,0.99,10.0,256,20,0,128,0,5.0,4.243241330545742,43.09211712190934,4134.92273365408,0.0,0.0,0.0,
direct,mppi_direct,300.0,1800.0,0.1,0.05,5.0,1.25,10.0,10.0,10,100.0,inf,full,both,inf,180.0,0.01,0.0,0.0,256,20,3,0.5,0.1,0.99,10.0,256,20,0,128,0,5.0,1.25,50.38534444941877,1819.0632857798755,0.0,0.0,0.0,
direct,mppi_direct,300.0,1800.0,0.1,0.05,5.0,2.5,10.0,10.0,10,100.0,inf,full,both,inf,180.0,0.01,0.0,0.0,256,20,3,0.5,0.1,0.99,10.0,256,20,0,128,0,5.0,2.5,51.26972577148671,3789.367054389934,0.0,0.0,0.0,
direct,mppi_direct,300.0,1800.0,0.1,0.05,5.0,3.75,10.0,10.0,10,100.0,inf,full,both,inf,180.0,0.01,0.0,0.0,256,20,3,0.5,0.1,0.99,10.0,256,20,0,128,0,5.0,3.75,51.00028190360279,5352.300560742979,0.0,0.0,0.0,
direct,mppi_direct,300.0,1800.0,0.1,0.05,5.0,4.5,10.0,10.0,10,100.0,inf,full,both,inf,180.0,0.01,0.0,0.0,256,20,3,0.5,0.1,0.99,10.0,256,20,0,128,0,5.0,4.5,51.00027883928984,6077.053622416693,0.0,0.0,0.0,
direct,mppi_direct,300.0,1800.0,0.1,0.05,5.0,5.0,10.0,10.0,10,100.0,inf,full,both,inf,180.0,0.01,0.0,0.0,256,20,3,0.5,0.1,0.99,10.0,256,20,0,128,0,5.0,5.0,51.00027883928984,6483.81682790772,0.0,0.0,0.0,
direct,mppi_direct,300.0,1800.0,0.1,0.05,5.0,5.5,10.0,10.0,10,100.0,inf,full,both,inf,180.0,0.01,0.0,0.0,256,20,3,0.5,0.1,0.99,10.0,256,20,0,128,0,5.0,5.5,51.00027883928984,6827.215998054049,0.0,0.0,0.0,
direct,mppi_direct,300.0,1800.0,0.1,0.05,5.0,6.25,10.0,10.0,10,100.0,inf,full,both,inf,180.0,0.01,0.0,0.0,256,20,3,0.5,0.1,0.99,10.0,256,20,0,128,0,5.0,6.25,51.00027883928984,7231.120376083933,0.0,0.0,0.0,
direct,mppi_direct,300.0,1800.0,0.1,0.05,5.0,7.5,10.0,10.0,10,100.0,inf,full,both,inf,180.0,0.01,0.0,0.0,256,20,3,0.5,0.1,0.99,10.0,256,20,0,128,0,5.0,7.5,51.00027883928984,7631.501995378301,0.0,0.0,0.0,
direct,mppi_direct,300.0,1800.0,0.1,0.05,5.0,10.0,10.0,10.0,10,100.0,inf,full,both,inf,180.0,0.01,0.0,0.0,256,20,3,0.5,0.1,0.99,10.0,256,20,0,128,0,5.0,8.496709826593607,51.00027883928984,7716.995602285329,0.0,0.0,0.0,
direct,mppi_direct,300.0,1800.0,0.1,0.05,5.0,inf,10.0,10.0,10,100.0,inf,full,both,inf,180.0,0.01,0.0,0.0,256,20,3,0.5,0.1,0.99,10.0,256,20,0,128,0,5.0,8.496695894113646,51.00027883928984,7716.802695695734,0.0,0.0,0.0,
direct,mppi_direct,300.0,1800.0,0.1,0.075,5.0,1.25,10.0,10.0,10,100.0,inf,full,both,inf,180.0,0.01,0.0,0.0,256,20,3,0.5,0.1,0.99,10.0,256,20,0,128,0,5.0,1.25,59.86260197822172,1537.1056464579926,0.0,0.0,0.0,
direct,mppi_direct,300.0,1800.0,0.1,0.075,5.0,2.5,10.0,10.0,10,100.0,inf,full,both,inf,180.0,0.01,0.0,0.0,256,20,3,0.5,0.1,0.99,10.0,256,20,0,128,0,5.0,2.5,59.55481203152628,3570.8395043987925,0.0,0.0,0.0,
direct,mppi_direct,300.0,1800.0,0.1,0.075,5.0,3.75,10.0,10.0,10,100.0,inf,full,both,inf,180.0,0.01,0.0,0.0,256,20,3,0.5,0.1,0.99,10.0,256,20,0,128,0,5.0,3.75,60.59905993987952,5561.048131898213,0.0,0.0,0.0,
direct,mppi_direct,300.0,1800.0,0.1,0.075,5.0,4.5,10.0,10.0,10,100.0,inf,full,both,inf,180.0,0.01,0.0,0.0,256,20,3,0.5,0.1,0.99,10.0,256,20,0,128,0,5.0,4.5,60.11353132280585,6587.32612136522,0.0,0.0,0.0,
direct,mppi_direct,300.0,1800.0,0.1,0.075,5.0,5.0,10.0,10.0,10,100.0,inf,full,both,inf,180.0,0.01,0.0,0.0,256,20,3,0.5,0.1,0.99,10.0,256,20,0,128,0,5.0,5.0,60.11323394014438,7232.692840821757,0.0,0.0,0.0,
direct,mppi_direct,300.0,1800.0,0.1,0.075,5.0,5.5,10.0,10.0,10,100.0,inf,full,both,inf,180.0,0.01,0.0,0.0,256,20,3,0.5,0.1,0.99,10.0,256,20,0,128,0,5.0,5.5,60.112677459146695,7802.879517164269,0.0,0.0,0.0,
direct,mppi_direct,300.0,1800.0,0.1,0.075,5.0,6.25,10.0,10.0,10,100.0,inf,full,both,inf,180.0,0.01,0.0,0.0,256,20,3,0.5,0.1,0.99,10.0,256,20,0,128,0,5.0,6.25,60.11266459148139,8563.609277620559,0.0,0.0,0.0,
direct,mppi_direct,300.0,1800.0,0.1,0.075,5.0,7.5,10.0,10.0,10,100.0,inf,full,both,inf,180.0,0.01,0.0,0.0,256,20,3,0.5,0.1,0.99,10.0,256,20,0,128,0,5.0,7.5,60.11266459148139,9636.17710804039,0.0,0.0,0.0,
direct,mppi_direct,300.0,1800.0,0.1,0.075,5.0,10.0,10.0,10.0,10,100.0,inf,full,both,inf,180.0,0.01,0.0,0.0,256,20,3,0.5,0.1,0.99,10.0,256,20,0,128,0,5.0,10.0,60.11266459148139,11021.984023685956,0.0,0.0,0.0,
direct,mppi_direct,300.0,1800.0,0.1,0.075,5.0,inf,10.0,10.0,10,100.0,inf,full,both,inf,180.0,0.01,0.0,0.0,256,20,3,0.5,0.1,0.99,10.0,256,20,0,128,0,5.0,12.775746391593907,60.11266459148139,11504.143230206728,0.0,0.0,0.0,
direct,mppi_direct,300.0,1800.0,0.1,0.09,5.0,1.25,10.0,10.0,10,100.0,inf,full,both,inf,180.0,0.01,0.0,0.0,256,20,3,0.5,0.1,0.99,10.0,256,20,0,128,0,5.0,1.25,70.3299985161616,1441.0052528134877,0.0,0.0,0.0,
direct,mppi_direct,300.0,1800.0,0.1,0.09,5.0,2.5,10.0,10.0,10,100.0,inf,full,both,inf,180.0,0.01,0.0,0.0,256,20,3,0.5,0.1,0.99,10.0,256,20,0,128,0,5.0,2.5,63.15297133032407,3403.444704833488,0.0,0.0,0.0,
direct,mppi_direct,300.0,1800.0,0.1,0.09,5.0,3.75,10.0,10.0,10,100.0,inf,full,both,inf,180.0,0.01,0.0,0.0,256,20,3,0.5,0.1,0.99,10.0,256,20,0,128,0,5.0,3.75,66.37232902564052,5527.594862585259,0.0,0.0,0.0,
direct,mppi_direct,300.0,1800.0,0.1,0.09,5.0,4.5,10.0,10.0,10,100.0,inf,full,both,inf,180.0,0.01,0.0,0.0,256,20,3,0.5,0.1,0.99,10.0,256,20,0,128,0,5.0,4.5,67.00126590778291,6692.140985532175,0.0,0.0,0.0,
direct,mppi_direct,300.0,1800.0,0.1,0.09,5.0,5.0,10.0,10.0,10,100.0,inf,full,both,inf,180.0,0.01,0.0,0.0,256,20,3,0.5,0.1,0.99,10.0,256,20,0,128,0,5.0,5.0,66.64995256665468,7408.968285448145,0.0,0.0,0.0,
direct,mppi_direct,300.0,1800.0,0.1,0.09,5.0,5.5,10.0,10.0,10,100.0,inf,full,both,inf,180.0,0.01,0.0,0.0,256,20,3,0.5,0.1,0.99,10.0,256,20,0,128,0,5.0,5.5,66.74095642497171,8071.80819441693,0.0,0.0,0.0,
direct,mppi_direct,300.0,1800.0,0.1,0.09,5.0,6.25,10.0,10.0,10,100.0,inf,full,both,inf,180.0,0.01,0.0,0.0,256,20,3,0.5,0.1,0.99,10.0,256,20,0,128,0,5.0,6.25,66.74650023461942,9012.296859966023,0.0,0.0,0.0,
direct,mppi_direct,300.0,1800.0,0.1,0.09,5.0,7.5,10.0,10.0,10,100.0,inf,full,both,inf,180.0,0.01,0.0,0.0,256,20,3,0.5,0.1,0.99,10.0,256,20,0,128,0,5.0,7.5,66.74612906162506,10324.629566827169,0.0,0.0,0.0,
direct,mppi_direct,300.0,1800.0,0.1,0.09,5.0,10.0,10.0,10.0,10,100.0,inf,full,both,inf,180.0,0.01,0.0,0.0,256,20,3,0.5,0.1,0.99,10.0,256,20,0,128,0,5.0,10.0,66.74612906162506,12297.998882129628,0.0,0.0,0.0,
direct,mppi_direct,300.0,1800.0,0.1,0.09,5.0,inf,10.0,10.0,10,100.0,inf,full,both,inf,180.0,0.01,0.0,0.0,256,20,3,0.5,0.1,0.99,10.0,256,20,0,128,0,5.0,15.349637629928974,66.74612906162506,13866.617880571644,0.0,0.0,0.0,
direct,mppi_direct,300.0,1800.0,0.1,0.1,5.0,1.25,10.0,10.0,10,100.0,inf,full,both,inf,180.0,0.01,0.0,0.0,256,20,3,0.5,0.1,0.99,10.0,256,20,0,128,0,5.0,1.25,76.14808278082745,1392.4761717548188,0.0,0.0,0.0,
direct,mppi_direct,300.0,1800.0,0.1,0.1,5.0,2.5,10.0,10.0,10,100.0,inf,full,both,inf,180.0,0.01,0.0,0.0,256,20,3,0.5,0.1,0.99,10.0,256,20,0,128,0,5.0,2.5,64.7378191915199,3290.554970550265,0.0,0.0,0.0,
direct,mppi_direct,300.0,1800.0,0.1,0.1,5.0,3.75,10.0,10.0,10,100.0,inf,full,both,inf,180.0,0.01,0.0,0.0,256,20,3,0.5,0.1,0.99,10.0,256,20,0,128,0,5.0,3.75,72.78913140970998,5511.800161379832,0.0,0.0,0.0,
direct,mppi_direct,300.0,1800.0,0.1,0.1,5.0,4.5,10.0,10.0,10,100.0,inf,full,both,inf,180.0,0.01,0.0,0.0,256,20,3,0.5,0.1,0.99,10.0,256,20,0,128,0,5.0,4.5,71.67608201800586,6710.17492442253,0.0,0.0,0.0,
direct,mppi_direct,300.0,1800.0,0.1,0.1,5.0,5.0,10.0,10.0,10,100.0,inf,full,both,inf,180.0,0.01,0.0,0.0,256,20,3,0.5,0.1,0.99,10.0,256,20,0,128,0,5.0,5.0,71.42350656508485,7469.302176320936,0.0,0.0,0.0,
direct,mppi_direct,300.0,1800.0,0.1,0.1,5.0,5.5,10.0,10.0,10,100.0,inf,full,both,inf,180.0,0.01,0.0,0.0,256,20,3,0.5,0.1,0.99,10.0,256,20,0,128,0,5.0,5.5,71.18122435439255,8201.205594176809,0.0,0.0,0.0,
direct,mppi_direct,300.0,1800.0,0.1,0.1,5.0,6.25,10.0,10.0,10,100.0,inf,full,both,inf,180.0,0.01,0.0,0.0,256,20,3,0.5,0.1,0.99,10.0,256,20,0,128,0,5.0,6.25,71.2842713708994,9208.271468095243,0.0,0.0,0.0,
direct,mppi_direct,300.0,1800.0,0.1,0.1,5.0,7.5,10.0,10.0,10,100.0,inf,full,both,inf,180.0,0.01,0.0,0.0,256,20,3,0.5,0.1,0.99,10.0,256,20,0,128,0,5.0,7.5,71.28327010445881,10685.250672220018,0.0,0.0,0.0,
direct,mppi_direct,300.0,1800.0,0.1,0.1,5.0,10.0,10.0,10.0,10,100.0,inf,full,both,inf,180.0,0.01,0.0,0.0,256,20,3,0.5,0.1,0.99,10.0,256,20,0,128,0,5.0,10.0,71.28327011876296,12965.86349702673,0.0,0.0,0.0,
direct,mppi_direct,300.0,1800.0,0.1,0.1,5.0,inf,10.0,10.0,10,100.0,inf,full,both,inf,180.0,0.01,0.0,0.0,256,20,3,0.5,0.1,0.99,10.0,256,20,0,128,0,5.0,17.06849633287037,71.28327011876296,15479.876884894566,0.0,0.0,0.0,
direct,mppi_direct,300.0,1800.0,0.1,0.11,5.0,1.25,10.0,10.0,10,100.0,inf,full,both,inf,180.0,0.01,0.0,0.0,256,20,3,0.5,0.1,0.99,10.0,256,20,0,128,0,5.0,1.25,84.74015031665313,1380.9892674929406,0.0,0.0,0.0,
direct,mppi_direct,300.0,1800.0,0.1,0.11,5.0,2.5,10.0,10.0,10,100.0,inf,full,both,inf,180.0,0.01,0.0,0.0,256,20,3,0.5,0.1,0.99,10.0,256,20,0,128,0,5.0,2.5,69.77499320061379,3191.6283542846622,0.0,0.0,0.0,
direct,mppi_direct,300.0,1800.0,0.1,0.11,5.0,3.75,10.0,10.0,10,100.0,inf,full,both,inf,180.0,0.01,0.0,0.0,256,20,3,0.5,0.1,0.99,10.0,256,20,0,128,0,5.0,3.75,74.73946085104555,5459.8382129573065,0.0,0.0,0.0,
direct,mppi_direct,300.0,1800.0,0.1,0.11,5.0,4.5,10.0,10.0,10,100.0,inf,full,both,inf,180.0,0.01,0.0,0.0,256,20,3,0.5,0.1,0.99,10.0,256,20,0,128,0,5.0,4.5,75.30075641215643,6710.628216495476,0.0,0.0,0.0,
direct,mppi_direct,300.0,1800.0,0.1,0.11,5.0,5.0,10.0,10.0,10,100.0,inf,full,both,inf,180.0,0.01,0.0,0.0,256,20,3,0.5,0.1,0.99,10.0,256,20,0,128,0,5.0,5.0,76.02583403372131,7501.663524582449,0.0,0.0,0.0,
direct,mppi_direct,300.0,1800.0,0.1,0.11,5.0,5.5,10.0,10.0,10,100.0,inf,full,both,inf,180.0,0.01,0.0,0.0,256,20,3,0.5,0.1,0.99,10.0,256,20,0,128,0,5.0,5.5,75.8826473836933,8265.236152435957,0.0,0.0,0.0,
direct,mppi_direct,300.0,1800.0,0.1,0.11,5.0,6.25,10.0,10.0,10,100.0,inf,full,both,inf,180.0,0.01,0.0,0.0,256,20,3,0.5,0.1,0.99,10.0,256,20,0,128,0,5.0,6.25,75.83845465026285,9338.205437856095,0.0,0.0,0.0,
direct,mppi_direct,300.0,1800.0,0.1,0.11,5.0,7.5,10.0,10.0,10,100.0,inf,full,both,inf,180.0,0.01,0.0,0.0,256,20,3,0.5,0.1,0.99,10.0,256,20,0,128,0,5.0,7.5,75.82185324622034,10970.524271023452,0.0,0.0,0.0,
direct,mppi_direct,300.0,1800.0,0.1,0.11,5.0,10.0,10.0,10.0,10,100.0,inf,full,both,inf,180.0,0.01,0.0,0.0,256,20,3,0.5,0.1,0.99,10.0,256,20,0,128,0,5.0,10.0,75.82056828030917,13497.885436931983,0.0,0.0,0.0,
direct,mppi_direct,300.0,1800.0,0.1,0.11,5.0,inf,10.0,10.0,10,100.0,inf,full,both,inf,180.0,0.01,0.0,0.0,256,20,3,0.5,0.1,0.99,10.0,256,20,0,128,0,5.0,18.78635061073745,75.82056828030917,17094.777931715933,0.0,0.0,0.0,
direct,mppi_direct,300.0,1800.0,0.1,0.125,5.0,1.25,10.0,10.0,10,100.0,inf,full,both,inf,180.0,0.01,0.0,0.0,256,20,3,0.5,0.1,0.99,10.0,256,20,0,128,0,5.0,1.25,95.01494009989852,1379.5177596758344,0.0,0.0,0.0,
direct,mppi_direct,300.0,1800.0,0.1,0.125,5.0,2.5,10.0,10.0,10,100.0,inf,full,both,inf,180.0,0.01,0.0,0.0,256,20,3,0.5,0.1,0.99,10.0,256,20,0,128,0,5.0,2.5,82.80900063191287,3040.4088536487834,0.0,0.0,0.0,
direct,mppi_direct,300.0,1800.0,0.1,0.125,5.0,3.75,10.0,10.0,10,100.0,inf,full,both,inf,180.0,0.01,0.0,0.0,256,20,3,0.5,0.1,0.99,10.0,256,20,0,128,0,5.0,3.75,80.36559482980887,5403.162690327047,0.0,0.0,0.0,
direct,mppi_direct,300.0,1800.0,0.1,0.125,5.0,4.5,10.0,10.0,10,100.0,inf,full,both,inf,180.0,0.01,0.0,0.0,256,20,3,0.5,0.1,0.99,10.0,256,20,0,128,0,5.0,4.5,85.63759766322376,6724.920936198355,0.0,0.0,0.0,
direct,mppi_direct,300.0,1800.0,0.1,0.125,5.0,5.0,10.0,10.0,10,100.0,inf,full,both,inf,180.0,0.01,0.0,0.0,256,20,3,0.5,0.1,0.99,10.0,256,20,0,128,0,5.0,5.0,82.88823009975036,7565.870527975727,0.0,0.0,0.0,
direct,mppi_direct,300.0,1800.0,0.1,0.125,5.0,5.5,10.0,10.0,10,100.0,inf,full,both,inf,180.0,0.01,0.0,0.0,256,20,3,0.5,0.1,0.99,10.0,256,20,0,128,0,5.0,5.5,83.22399218556636,8366.259368330173,0.0,0.0,0.0,
direct,mppi_direct,300.0,1800.0,0.1,0.125,5.0,6.25,10.0,10.0,10,100.0,inf,full,both,inf,180.0,0.01,0.0,0.0,256,20,3,0.5,0.1,0.99,10.0,256,20,0,128,0,5.0,6.25,83.27312153893806,9504.341522360002,0.0,0.0,0.0,
direct,mppi_direct,300.0,1800.0,0.1,0.125,5.0,7.5,10.0,10.0,10,100.0,inf,full,both,inf,180.0,0.01,0.0,0.0,256,20,3,0.5,0.1,0.99,10.0,256,20,0,128,0,5.0,7.5,83.04661898800082,11266.22449617131,0.0,0.0,0.0,
direct,mppi_direct,300.0,1800.0,0.1,0.125,5.0,10.0,10.0,10.0,10,100.0,inf,full,both,inf,180.0,0.01,0.0,0.0,256,20,3,0.5,0.1,0.99,10.0,256,20,0,128,0,5.0,10.0,83.03598925086024,14185.903201842237,0.0,0.0,0.0,
direct,mppi_direct,300.0,1800.0,0.1,0.125,5.0,inf,10.0,10.0,10,100.0,inf,full,both,inf,180.0,0.01,0.0,0.0,256,20,3,0.5,0.1,0.99,10.0,256,20,0,128,0,5.0,21.364561068411582,83.03598925086024,19553.4932001366,0.0,0.0,0.0,
direct,mppi_direct,300.0,1800.0,0.1,0.15,5.0,1.25,10.0,10.0,10,100.0,inf,full,both,inf,180.0,0.01,0.0,0.0,256,20,3,0.5,0.1,0.99,10.0,256,20,0,128,0,5.0,1.25,115.3087350075372,1458.2460543981394,0.0,0.0,0.0,
direct,mppi_direct,300.0,1800.0,0.1,0.15,5.0,2.5,10.0,10.0,10,100.0,inf,full,both,inf,180.0,0.01,0.0,0.0,256,20,3,0.5,0.1,0.99,10.0,256,20,0,128,0,5.0,2.5,104.26890733255368,2840.798904630172,0.0,0.0,0.0,
direct,mppi_direct,300.0,1800.0,0.1,0.15,5.0,3.75,10.0,10.0,10,100.0,inf,full,both,inf,180.0,0.01,0.0,0.0,256,20,3,0.5,0.1,0.99,10.0,256,20,0,128,0,5.0,3.75,94.9469720673835,5273.177215932858,0.0,0.0,0.0,
direct,mppi_direct,300.0,1800.0,0.1,0.15,5.0,4.5,10.0,10.0,10,100.0,inf,full,both,inf,180.0,0.01,0.0,0.0,256,20,3,0.5,0.1,0.99,10.0,256,20,0,128,0,5.0,4.5,95.43885098624756,6709.045769331938,0.0,0.0,0.0,
direct,mppi_direct,300.0,1800.0,0.1,0.15,5.0,5.0,10.0,10.0,10,100.0,inf,full,both,inf,180.0,0.01,0.0,0.0,256,20,3,0.5,0.1,0.99,10.0,256,20,0,128,0,5.0,5.0,97.44260723917716,7564.936049800787,0.0,0.0,0.0,
direct,mppi_direct,300.0,1800.0,0.1,0.15,5.0,5.5,10.0,10.0,10,100.0,inf,full,both,inf,180.0,0.01,0.0,0.0,256,20,3,0.5,0.1,0.99,10.0,256,20,0,128,0,5.0,5.5,101.65865517345908,8503.00562290652,0.0,0.0,0.0,
direct,mppi_direct,300.0,1800.0,0.1,0.15,5.0,6.25,10.0,10.0,10,100.0,inf,full,both,inf,180.0,0.01,0.0,0.0,256,20,3,0.5,0.1,0.99,10.0,256,20,0,128,0,5.0,6.25,97.94493392113606,9734.502443165024,0.0,0.0,0.0,
direct,mppi_direct,300.0,1800.0,0.1,0.15,5.0,7.5,10.0,10.0,10,100.0,inf,full,both,inf,180.0,0.01,0.0,0.0,256,20,3,0.5,0.1,0.99,10.0,256,20,0,128,0,5.0,7.5,99.11062968477188,11716.290548106284,0.0,0.0,0.0,
direct,mppi_direct,300.0,1800.0,0.1,0.15,5.0,10.0,10.0,10.0,10,100.0,inf,full,both,inf,180.0,0.01,0.0,0.0,256,20,3,0.5,0.1,0.99,10.0,256,20,0,128,0,5.0,10.0,98.52266829175788,15164.30835064282,0.0,0.0,0.0,
direct,mppi_direct,300.0,1800.0,0.1,0.15,5.0,inf,10.0,10.0,10,100.0,inf,full,both,inf,180.0,0.01,0.0,0.0,256,20,3,0.5,0.1,0.99,10.0,256,20,0,128,0,5.0,25.64938493682792,98.52220744563851,23835.431369490685,0.0,0.0,0.0,
direct,mppi_direct,300.0,1800.0,0.1,0.2,5.0,1.25,10.0,10.0,10,100.0,inf,full,both,inf,180.0,0.01,0.0,0.0,256,20,3,0.5,0.1,0.99,10.0,256,20,0,128,0,5.0,1.25,148.02178464901354,1631.6872771428432,0.0,0.0,0.0,
direct,mppi_direct,300.0,1800.0,0.1,0.2,5.0,2.5,10.0,10.0,10,100.0,inf,full,both,inf,180.0,0.01,0.0,0.0,256,20,3,0.5,0.1,0.99,10.0,256,20,0,128,0,5.0,2.5,139.64450352030312,2616.762609041235,0.0,0.0,0.0,
direct,mppi_direct,300.0,1800.0,0.1,0.2,5.0,3.75,10.0,10.0,10,100.0,inf,full,both,inf,180.0,0.01,0.0,0.0,256,20,3,0.5,0.1,0.99,10.0,256,20,0,128,0,5.0,3.75,140.42053583876546,5063.607827592286,0.0,0.0,0.0,
direct,mppi_direct,300.0,1800.0,0.1,0.2,5.0,4.5,10.0,10.0,10,100.0,inf,full,both,inf,180.0,0.01,0.0,0.0,256,20,3,0.5,0.1,0.99,10.0,256,20,0,128,0,5.0,4.5,129.62945085818026,6546.778451608717,0.0,0.0,0.0,
direct,mppi_direct,300.0,1800.0,0.1,0.2,5.0,5.0,10.0,10.0,10,100.0,inf,full,both,inf,180.0,0.01,0.0,0.0,256,20,3,0.5,0.1,0.99,10.0,256,20,0,128,0,5.0,5.0,139.99974576500745,7692.373439441696,0.0,0.0,0.0,
direct,mppi_direct,300.0,1800.0,0.1,0.2,5.0,5.5,10.0,10.0,10,100.0,inf,full,both,inf,180.0,0.01,0.0,0.0,256,20,3,0.5,0.1,0.99,10.0,256,20,0,128,0,5.0,5.5,144.03228829316222,8743.33352913056,0.0,0.0,0.0,
direct,mppi_direct,300.0,1800.0,0.1,0.2,5.0,6.25,10.0,10.0,10,100.0,inf,full,both,inf,180.0,0.01,0.0,0.0,256,20,3,0.5,0.1,0.99,10.0,256,20,0,128,0,5.0,6.25,140.96298640999976,10176.308241341982,0.0,0.0,0.0,
direct,mppi_direct,300.0,1800.0,0.1,0.2,5.0,7.5,10.0,10.0,10,100.0,inf,full,both,inf,180.0,0.01,0.0,0.0,256,20,3,0.5,0.1,0.99,10.0,256,20,0,128,0,5.0,7.5,141.5714474567218,12487.291733624284,0.0,0.0,0.0,
direct,mppi_direct,300.0,1800.0,0.1,0.2,5.0,10.0,10.0,10.0,10,100.0,inf,full,both,inf,180.0,0.01,0.0,0.0,256,20,3,0.5,0.1,0.99,10.0,256,20,0,128,0,5.0,10.0,141.4881559884183,16589.132338631145,0.0,0.0,0.0,
direct,mppi_direct,300.0,1800.0,0.1,0.2,5.0,inf,10.0,10.0,10,100.0,inf,full,both,inf,180.0,0.01,0.0,0.0,256,20,3,0.5,0.1,0.99,10.0,256,20,0,128,0,5.0,34.23201323845834,141.59829050829703,32748.9270528509,0.0,0.0,0.0,
direct,mppi_lqr,300.0,1800.0,0.1,0.025,5.0,1.25,10.0,10.0,10,100.0,inf,full,both,inf,180.0,0.01,0.0,0.0,256,20,3,0.5,0.1,0.99,10.0,256,20,0,128,0,5.0,1.25,45.9275911647363,2220.790053898365,0.0,0.0,0.0,
direct,mppi_lqr,300.0,1800.0,0.1,0.025,5.0,2.5,10.0,10.0,10,100.0,inf,full,both,inf,180.0,0.01,0.0,0.0,256,20,3,0.5,0.1,0.99,10.0,256,20,0,128,1,4.98125,2.483740874581152,46.83119070682229,3450.6670644628143,0.0,0.0,0.0078125,260.0
direct,mppi_lqr,300.0,1800.0,0.1,0.025,5.0,3.75,10.0,10.0,10,100.0,inf,full,both,inf,180.0,0.01,0.0,0.0,256,20,3,0.5,0.1,0.99,10.0,256,20,0,128,1,4.98125,3.723975249581152,46.83119070682229,3956.093326342464,0.0,0.0,0.0078125,260.0
direct,mppi_lqr,300.0,1800.0,0.1,0.025,5.0,4.5,10.0,10.0,10,100.0,inf,full,both,inf,180.0,0.01,0.0,0.0,256,20,3,0.5,0.1,0.99,10.0,256,20,0,128,1,4.98125,4.09812182753221,46.83119070682229,3978.293818964596,0.0,0.0,0.0078125,260.0
direct,mppi_lqr,300.0,1800.0,0.1,0.025,5.0,5.0,10.0,10.0,10,100.0,inf,full,both,inf,180.0,0.01,0.0,0.0,256,20,3,0.5,0.1,0.99,10.0,256,20,0,128,1,4.98125,4.098601522668534,46.83119070682229,3977.6171347714544,0.0,0.0,0.0078125,260.0
direct,mppi_lqr,300.0,1800.0,0.1,0.025,5.0,5.5,10.0,10.0,10,100.0,inf,full,both,inf,180.0,0.01,0.0,0.0,256,20,3,0.5,0.1,0.99,10.0,256,20,0,128,1,4.98125,4.098415415353807,46.83119070682229,3977.6018180386295,0.0,0.0,0.0078125,260.0
direct,mppi_lqr,300.0,1800.0,0.1,0.025,5.0,6.25,10.0,10.0,10,100.0,inf,full,both,inf,180.0,0.01,0.0,0.0,256,20,3,0.5,0.1,0.99,10.0,256,20,0,128,1,4.98125,4.098415359109898,46.83119070682229,3977.601821223833,0.0,0.0,0.0078125,260.0
direct,mppi_lqr,300.0,1800.0,0.1,0.025,5.0,7.5,10.0,10.0,10,100.0,inf,full,both,inf,180.0,0.01,0.0,0.0,256,20,3,0.5,0.1,0.99,10.0,256,20,0,128,1,4.98125,4.098415359109898,46.83119070682229,3977.601821223833,0.0,0.0,0.0078125,260.0
direct,mppi_lqr,300.0,1800.0,0.1,0.025,5.0,10.0,10.0,10.0,10,100.0,inf,full,both,inf,180.0,0.01,0.0,0.0,256,20,3,0.5,0.1,0.99,10.0,256,20,0,128,1,4.98125,4.098415359109898,46.83119070682229,3977.601821223833,0.0,0.0,0.0078125,260.0
direct,mppi_lqr,300.0,1800.0,0.1,0.025,5.0,inf,10.0,10.0,10,100.0,inf,full,both,inf,180.0,0.01,0.0,0.0,256,20,3,0.5,0.1,0.99,10.0,256,20,0,128,1,4.98125,4.098415359109898,46.83119070682229,3977.601821223833,0.0,0.0,0.0078125,260.0
direct,mppi_lqr,300.0,1800.0,0.1,0.05,5.0,1.25,10.0,10.0,10,100.0,inf,full,both,inf,180.0,0.01,0.0,0.0,256,20,3,0.5,0.1,0.99,10.0,256,20,0,128,1,4.98515625,1.25,92.7363272242076,1694.2571578811687,0.0,0.0,0.0078125,310.0
direct,mppi_lqr,300.0,1800.0,0.1,0.05,5.0,2.5,10.0,10.0,10,100.0,inf,full,both,inf,180.0,0.01,0.0,0.0,256,20,3,0.5,0.1,0.99,10.0,256,20,0,128,1,4.984375,2.4894753989708525,75.75210890066944,3464.228373237695,0.0,0.0,0.0078125,300.0
direct,mppi_lqr,300.0,1800.0,0.1,0.05,5.0,3.75,10.0,10.0,10,100.0,inf,full,both,inf,180.0,0.01,0.0,0.0,256,20,3,0.5,0.1,0.99,10.0,256,20,0,128,0,5.0,3.75,81.8042343981502,4933.387106195237,0.0,0.0,0.0,
direct,mppi_lqr,300.0,1800.0,0.1,0.05,5.0,4.5,10.0,10.0,10,100.0,inf,full,both,inf,180.0,0.01,0.0,0.0,256,20,3,0.5,0.1,0.99,10.0,256,20,0,128,0,5.0,4.5,81.80373983548758,5654.289240790389,0.0,0.0,0.0,
direct,mppi_lqr,300.0,1800.0,0.1,0.05,5.0,5.0,10.0,10.0,10,100.0,inf,full,both,inf,180.0,0.01,0.0,0.0,256,20,3,0.5,0.1,0.99,10.0,256,20,0,128,0,5.0,5.0,81.80373983548758,6059.491160833862,0.0,0.0,0.0,
direct,mppi_lqr,300.0,1800.0,0.1,0.05,5.0,5.5,10.0,10.0,10,100.0,inf,full,both,inf,180.0,0.01,0.0,0.0,256,20,3,0.5,0.1,0.99,10.0,256,20,0,128,0,5.0,5.5,81.80373983548758,6399.018969715107,0.0,0.0,0.0,
direct,mppi_lqr,300.0,1800.0,0.1,0.05,5.0,6.25,10.0,10.0,10,100.0,inf,full,both,inf,180.0,0.01,0.0,0.0,256,20,3,0.5,0.1,0.99,10.0,256,20,0,128,0,5.0,6.25,81.80373983548758,6802.505311504136,0.0,0.0,0.0,
direct,mppi_lqr,300.0,1800.0,0.1,0.05,5.0,7.5,10.0,10.0,10,100.0,inf,full,both,inf,180.0,0.01,0.0,0.0,256,20,3,0.5,0.1,0.99,10.0,256,20,0,128,0,5.0,7.5,81.80373983548758,7199.605892147288,0.0,0.0,0.0,
direct,mppi_lqr,300.0,1800.0,0.1,0.05,5.0,10.0,10.0,10.0,10,100.0,inf,full,both,inf,180.0,0.01,0.0,0.0,256,20,3,0.5,0.1,0.99,10.0,256,20,0,128,0,5.0,8.480474102075444,81.80373983548758,7281.519844966701,0.0,0.0,0.0,
direct,mppi_lqr,300.0,1800.0,0.1,0.05,5.0,inf,10.0,10.0,10,100.0,inf,full,both,inf,180.0,0.01,0.0,0.0,256,20,3,0.5,0.1,0.99,10.0,256,20,0,128,0,5.0,8.480368964757613,81.80373983548758,7281.426057035034,0.0,0.0,0.0,
direct,mppi_lqr,300.0,1800.0,0.1,0.075,5.0,1.25,10.0,10.0,10,100.0,inf,full,both,inf,180.0,0.01,0.0,0.0,256,20,3,0.5,0.1,0.99,10.0,256,20,0,128,1,4.9875,1.25,94.03030899338084,2218.5755199386704,0.0,0.0,0.0078125,340.0
direct,mppi_lqr,300.0,1800.0,0.1,0.075,5.0,2.5,10.0,10.0,10,100.0,inf,full,both,inf,180.0,0.01,0.0,0.0,256,20,3,0.5,0.1,0.99,10.0,256,20,0,128,0,5.0,2.5,163.06959637789134,2796.943764890449,0.0,0.0,0.0,
direct,mppi_lqr,300.0,1800.0,0.1,0.075,5.0,3.75,10.0,10.0,10,100.0,inf,full,both,inf,180.0,0.01,0.0,0.0,256,20,3,0.5,0.1,0.99,10.0,256,20,0,128,0,5.0,3.75,162.65714430885075,4651.058821145647,0.0,0.0,0.0,
direct,mppi_lqr,300.0,1800.0,0.1,0.075,5.0,4.5,10.0,10.0,10,100.0,inf,full,both,inf,180.0,0.01,0.0,0.0,256,20,3,0.5,0.1,0.99,10.0,256,20,0,128,0,5.0,4.5,165.10593771676358,5669.384128578721,0.0,0.0,0.0,
direct,mppi_lqr,300.0,1800.0,0.1,0.075,5.0,5.0,10.0,10.0,10,100.0,inf,full,both,inf,180.0,0.01,0.0,0.0,256,20,3,0.5,0.1,0.99,10.0,256,20,0,128,0,5.0,5.0,165.7280609013983,6314.796363092993,0.0,0.0,0.0,
direct,mppi_lqr,300.0,1800.0,0.1,0.075,5.0,5.5,10.0,10.0,10,100.0,inf,full,both,inf,180.0,0.01,0.0,0.0,256,20,3,0.5,0.1,0.99,10.0,256,20,0,128,0,5.0,5.5,166.02128049160015,6892.230891050048,0.0,0.0,0.0,
direct,mppi_lqr,300.0,1800.0,0.1,0.075,5.0,6.25,10.0,10.0,10,100.0,inf,full,both,inf,180.0,0.01,0.0,0.0,256,20,3,0.5,0.1,0.99,10.0,256,20,0,128,0,5.0,6.25,166.0130075083159,7678.880050722601,0.0,0.0,0.0,
direct,mppi_lqr,300.0,1800.0,0.1,0.075,5.0,7.5,10.0,10.0,10,100.0,inf,full,both,inf,180.0,0.01,0.0,0.0,256,20,3,0.5,0.1,0.99,10.0,256,20,0,128,0,5.0,7.5,166.01258487580273,8783.00191840062,0.0,0.0,0.0,
direct,mppi_lqr,300.0,1800.0,0.1,0.075,5.0,10.0,10.0,10.0,10,100.0,inf,full,both,inf,180.0,0.01,0.0,0.0,256,20,3,0.5,0.1,0.99,10.0,256,20,0,128,0,5.0,10.0,166.01258487580273,10214.493110755344,0.0,0.0,0.0,
direct,mppi_lqr,300.0,1800.0,0.1,0.075,5.0,inf,10.0,10.0,10,100.0,inf,full,both,inf,180.0,0.01,0.0,0.0,256,20,3,0.5,0.1,0.99,10.0,256,20,0,128,0,5.0,12.86241180364308,166.01258487580273,10729.622480773352,0.0,0.0,0.0,
direct,mppi_lqr,300.0,1800.0,0.1,0.09,5.0,1.25,10.0,10.0,10,100.0,inf,full,both,inf,180.0,0.01,0.0,0.0,256,20,3,0.5,0.1,0.99,10.0,256,20,0,128,0,5.0,1.25,88.69642010883443,2381.957645119748,0.0,0.0,0.0,
direct,mppi_lqr,300.0,1800.0,0.1,0.09,5.0,2.5,10.0,10.0,10,100.0,inf,full,both,inf,180.0,0.01,0.0,0.0,256,20,3,0.5,0.1,0.99,10.0,256,20,0,128,0,5.0,2.5,220.97757641707352,2695.8234645475072,0.0,0.0,0.0,
direct,mppi_lqr,300.0,1800.0,0.1,0.09,5.0,3.75,10.0,10.0,10,100.0,inf,full,both,inf,180.0,0.01,0.0,0.0,256,20,3,0.5,0.1,0.99,10.0,256,20,0,128,0,5.0,3.75,223.3350407035562,4247.683502816057,0.0,0.0,0.0,
direct,mppi_lqr,300.0,1800.0,0.1,0.09,5.0,4.5,10.0,10.0,10,100.0,inf,full,both,inf,180.0,0.01,0.0,0.0,256,20,3,0.5,0.1,0.99,10.0,256,20,0,128,0,5.0,4.5,226.74323465493916,5363.114163595981,0.0,0.0,0.0,
direct,mppi_lqr,300.0,1800.0,0.1,0.09,5.0,5.0,10.0,10.0,10,100.0,inf,full,both,inf,180.0,0.01,0.0,0.0,256,20,3,0.5,0.1,0.99,10.0,256,20,0,128,0,5.0,5.0,226.9888118748733,6083.545396958403,0.0,0.0,0.0,
direct,mppi_lqr,300.0,1800.0,0.1,0.09,5.0,5.5,10.0,10.0,10,100.0,inf,full,both,inf,180.0,0.01,0.0,0.0,256,20,3,0.5,0.1,0.99,10.0,256,20,0,128,0,5.0,5.5,226.6979558667836,6815.3810286931885,0.0,0.0,0.0,
direct,mppi_lqr,300.0,1800.0,0.1,0.09,5.0,6.25,10.0,10.0,10,100.0,inf,full,both,inf,180.0,0.01,0.0,0.0,256,20,3,0.5,0.1,0.99,10.0,256,20,0,128,0,5.0,6.25,227.15764907593015,7744.861558465952,0.0,0.0,0.0,
direct,mppi_lqr,300.0,1800.0,0.1,0.09,5.0,7.5,10.0,10.0,10,100.0,inf,full,both,inf,180.0,0.01,0.0,0.0,256,20,3,0.5,0.1,0.99,10.0,256,20,0,128,0,5.0,7.5,227.0047589230912,9090.611619726396,0.0,0.0,0.0,
direct,mppi_lqr,300.0,1800.0,0.1,0.09,5.0,10.0,10.0,10.0,10,100.0,inf,full,both,inf,180.0,0.01,0.0,0.0,256,20,3,0.5,0.1,0.99,10.0,256,20,0,128,0,5.0,10.0,227.0059317476017,11119.441590171127,0.0,0.0,0.0,
direct,mppi_lqr,300.0,1800.0,0.1,0.09,5.0,inf,10.0,10.0,10,100.0,inf,full,both,inf,180.0,0.01,0.0,0.0,256,20,3,0.5,0.1,0.99,10.0,256,20,0,128,0,5.0,15.455074706929189,227.0059317476017,12766.060279244251,0.0,0.0,0.0,
direct,mppi_lqr,300.0,1800.0,0.1,0.1,5.0,1.25,10.0,10.0,10,100.0,inf,full,both,inf,180.0,0.01,0.0,0.0,256,20,3,0.5,0.1,0.99,10.0,256,20,0,128,2,4.9765625,1.25,84.43360141947107,2440.105922474145,0.0,0.0,0.015625,350.0
direct,mppi_lqr,300.0,1800.0,0.1,0.1,5.0,2.5,10.0,10.0,10,100.0,inf,full,both,inf,180.0,0.01,0.0,0.0,256,20,3,0.5,0.1,0.99,10.0,256,20,0,128,0,5.0,2.5,242.25533926300847,2658.555398951765,0.0,0.0,0.0,
direct,mppi_lqr,300.0,1800.0,0.1,0.1,5.0,3.75,10.0,10.0,10,100.0,inf,full,both,inf,180.0,0.01,0.0,0.0,256,20,3,0.5,0.1,0.99,10.0,256,20,0,128,0,5.0,3.75,259.9916069130033,3923.00349099619,0.0,0.0,0.0,
direct,mppi_lqr,300.0,1800.0,0.1,0.1,5.0,4.5,10.0,10.0,10,100.0,inf,full,both,inf,180.0,0.01,0.0,0.0,256,20,3,0.5,0.1,0.99,10.0,256,20,0,128,0,5.0,4.5,258.7822558544163,5118.677539642807,0.0,0.0,0.0,
direct,mppi_lqr,300.0,1800.0,0.1,0.1,5.0,5.0,10.0,10.0,10,100.0,inf,full,both,inf,180.0,0.01,0.0,0.0,256,20,3,0.5,0.1,0.99,10.0,256,20,0,128,0,5.0,5.0,258.91791071158144,5870.667428353847,0.0,0.0,0.0,
direct,mppi_lqr,300.0,1800.0,0.1,0.1,5.0,5.5,10.0,10.0,10,100.0,inf,full,both,inf,180.0,0.01,0.0,0.0,256,20,3,0.5,0.1,0.99,10.0,256,20,0,128,0,5.0,5.5,258.8691631327747,6549.329557077132,0.0,0.0,0.0,
direct,mppi_lqr,300.0,1800.0,0.1,0.1,5.0,6.25,10.0,10.0,10,100.0,inf,full,both,inf,180.0,0.01,0.0,0.0,256,20,3,0.5,0.1,0.99,10.0,256,20,0,128,0,5.0,6.25,258.4009135922345,7598.808581745073,0.0,0.0,0.0,
direct,mppi_lqr,300.0,1800.0,0.1,0.1,5.0,7.5,10.0,10.0,10,100.0,inf,full,both,inf,180.0,0.01,0.0,0.0,256,20,3,0.5,0.1,0.99,10.0,256,20,0,128,0,5.0,7.5,258.44541859372106,9099.014203227109,0.0,0.0,0.0,
direct,mppi_lqr,300.0,1800.0,0.1,0.1,5.0,10.0,10.0,10.0,10,100.0,inf,full,both,inf,180.0,0.01,0.0,0.0,256,20,3,0.5,0.1,0.99,10.0,256,20,0,128,0,5.0,10.0,258.4305673591417,11450.47646166091,0.0,0.0,0.0,
direct,mppi_lqr,300.0,1800.0,0.1,0.1,5.0,inf,10.0,10.0,10,100.0,inf,full,both,inf,180.0,0.01,0.0,0.0,256,20,3,0.5,0.1,0.99,10.0,256,20,0,128,0,5.0,17.178545268456336,258.4305673591417,14069.538288676791,0.0,0.0,0.0,
direct,mppi_lqr,300.0,1800.0,0.1,0.11,5.0,1.25,10.0,10.0,10,100.0,inf,full,both,inf,180.0,0.01,0.0,0.0,256,20,3,0.5,0.1,0.99,10.0,256,20,0,128,3,4.96640625,1.25,83.21893508063704,2491.639957735152,0.0,0.0,0.0234375,360.0
direct,mppi_lqr,300.0,1800.0,0.1,0.11,5.0,2.5,10.0,10.0,10,100.0,inf,full,both,inf,180.0,0.01,0.0,0.0,256,20,3,0.5,0.1,0.99,10.0,256,20,0,128,0,5.0,2.5,248.8970267797336,2680.5256681314045,0.0,0.0,0.0,
direct,mppi_lqr,300.0,1800.0,0.1,0.11,5.0,3.75,10.0,10.0,10,100.0,inf,full,both,inf,180.0,0.01,0.0,0.0,256,20,3,0.5,0.1,0.99,10.0,256,20,0,128,0,5.0,3.75,278.72675468200566,3591.063888892406,0.0,0.0,0.0,
direct,mppi_lqr,300.0,1800.0,0.1,0.11,5.0,4.5,10.0,10.0,10,100.0,inf,full,both,inf,180.0,0.01,0.0,0.0,256,20,3,0.5,0.1,0.99,10.0,256,20,0,128,0,5.0,4.5,280.02814975331006,4833.121439812315,0.0,0.0,0.0,
direct,mppi_lqr,300.0,1800.0,0.1,0.11,5.0,5.0,10.0,10.0,10,100.0,inf,full,both,inf,180.0,0.01,0.0,0.0,256,20,3,0.5,0.1,0.99,10.0,256,20,0,128,0,5.0,5.0,279.30841918229254,5711.238360783323,0.0,0.0,0.0,
direct,mppi_lqr,300.0,1800.0,0.1,0.11,5.0,5.5,10.0,10.0,10,100.0,inf,full,both,inf,180.0,0.01,0.0,0.0,256,20,3,0.5,0.1,0.99,10.0,256,20,0,128,0,5.0,5.5,279.93337415578674,6410.082207931051,0.0,0.0,0.0,
direct,mppi_lqr,300.0,1800.0,0.1,0.11,5.0,6.25,10.0,10.0,10,100.0,inf,full,both,inf,180.0,0.01,0.0,0.0,256,20,3,0.5,0.1,0.99,10.0,256,20,0,128,0,5.0,6.25,279.6262689820213,7462.34026787003,0.0,0.0,0.0,
direct,mppi_lqr,300.0,1800.0,0.1,0.11,5.0,7.5,10.0,10.0,10,100.0,inf,full,both,inf,180.0,0.01,0.0,0.0,256,20,3,0.5,0.1,0.99,10.0,256,20,0,128,0,5.0,7.5,279.7009766990178,9173.139357490058,0.0,0.0,0.0,
direct,mppi_lqr,300.0,1800.0,0.1,0.11,5.0,10.0,10.0,10.0,10,100.0,inf,full,both,inf,180.0,0.01,0.0,0.0,256,20,3,0.5,0.1,0.99,10.0,256,20,0,128,0,5.0,10.0,279.71360413497166,11772.961773854697,0.0,0.0,0.0,
direct,mppi_lqr,300.0,1800.0,0.1,0.11,5.0,inf,10.0,10.0,10,100.0,inf,full,both,inf,180.0,0.01,0.0,0.0,256,20,3,0.5,0.1,0.99,10.0,256,20,0,128,0,5.0,18.896903981596008,279.71360413497166,15481.41134393307,0.0,0.0,0.0,
direct,mppi_lqr,300.0,1800.0,0.1,0.125,5.0,1.25,10.0,10.0,10,100.0,inf,full,both,inf,180.0,0.01,0.0,0.0,256,20,3,0.5,0.1,0.99,10.0,256,20,0,128,2,4.978125,1.25,82.13691825459294,2578.6371705431643,0.0,0.0,0.015625,360.0
direct,mppi_lqr,300.0,1800.0,0.1,0.125,5.0,2.5,10.0,10.0,10,100.0,inf,full,both,inf,180.0,0.01,0.0,0.0,256,20,3,0.5,0.1,0.99,10.0,256,20,0,128,0,5.0,2.5,243.5938814471403,2724.854213274563,0.0,0.0,0.0,
direct,mppi_lqr,300.0,1800.0,0.1,0.125,5.0,3.75,10.0,10.0,10,100.0,inf,full,both,inf,180.0,0.01,0.0,0.0,256,20,3,0.5,0.1,0.99,10.0,256,20,0,128,0,5.0,3.75,291.0519367954232,3270.346428124787,0.0,0.0,0.0,
direct,mppi_lqr,300.0,1800.0,0.1,0.125,5.0,4.5,10.0,10.0,10,100.0,inf,full,both,inf,180.0,0.01,0.0,0.0,256,20,3,0.5,0.1,0.99,10.0,256,20,0,128,0,5.0,4.5,292.35959126155643,4404.996349327776,0.0,0.0,0.0,
direct,mppi_lqr,300.0,1800.0,0.1,0.125,5.0,5.0,10.0,10.0,10,100.0,inf,full,both,inf,180.0,0.01,0.0,0.0,256,20,3,0.5,0.1,0.99,10.0,256,20,0,128,0,5.0,5.0,292.1329493212832,5296.191769168026,0.0,0.0,0.0,
direct,mppi_lqr,300.0,1800.0,0.1,0.125,5.0,5.5,10.0,10.0,10,100.0,inf,full,both,inf,180.0,0.01,0.0,0.0,256,20,3,0.5,0.1,0.99,10.0,256,20,0,128,0,5.0,5.5,291.7864263322399,6106.445562507234,0.0,0.0,0.0,
direct,mppi_lqr,300.0,1800.0,0.1,0.125,5.0,6.25,10.0,10.0,10,100.0,inf,full,both,inf,180.0,0.01,0.0,0.0,256,20,3,0.5,0.1,0.99,10.0,256,20,0,128,0,5.0,6.25,292.1168615199202,7378.305749575063,0.0,0.0,0.0,
direct,mppi_lqr,300.0,1800.0,0.1,0.125,5.0,7.5,10.0,10.0,10,100.0,inf,full,both,inf,180.0,0.01,0.0,0.0,256,20,3,0.5,0.1,0.99,10.0,256,20,0,128,0,5.0,7.5,291.8718084586524,9172.144754023157,0.0,0.0,0.0,
direct,mppi_lqr,300.0,1800.0,0.1,0.125,5.0,10.0,10.0,10.0,10,100.0,inf,full,both,inf,180.0,0.01,0.0,0.0,256,20,3,0.5,0.1,0.99,10.0,256,20,0,128,0,5.0,10.0,291.8899046897514,12264.918966413316,0.0,0.0,0.0,
direct,mppi_lqr,300.0,1800.0,0.1,0.125,5.0,inf,10.0,10.0,10,100.0,inf,full,both,inf,180.0,0.01,0.0,0.0,256,20,3,0.5,0.1,0.99,10.0,256,20,0,128,0,5.0,21.473648696438843,291.8899046897514,17841.979435248788,0.0,0.0,0.0,
direct,mppi_lqr,300.0,1800.0,0.1,0.15,5.0,1.25,10.0,10.0,10,100.0,inf,full,both,inf,180.0,0.01,0.0,0.0,256,20,3,0.5,0.1,0.99,10.0,256,20,0,128,2,4.9796875,1.25,82.91271668293076,2696.2544154644397,0.0,0.0,0.015625,370.0
direct,mppi_lqr,300.0,1800.0,0.1,0.15,5.0,2.5,10.0,10.0,10,100.0,inf,full,both,inf,180.0,0.01,0.0,0.0,256,20,3,0.5,0.1,0.99,10.0,256,20,0,128,0,5.0,2.5,218.8238851579968,2828.267330459112,0.0,0.0,0.0,
direct,mppi_lqr,300.0,1800.0,0.1,0.15,5.0,3.75,10.0,10.0,10,100.0,inf,full,both,inf,180.0,0.01,0.0,0.0,256,20,3,0.5,0.1,0.99,10.0,256,20,0,128,0,5.0,3.75,287.0520569237642,2930.825702791174,0.0,0.0,0.0,
direct,mppi_lqr,300.0,1800.0,0.1,0.15,5.0,4.5,10.0,10.0,10,100.0,inf,full,both,inf,180.0,0.01,0.0,0.0,256,20,3,0.5,0.1,0.99,10.0,256,20,0,128,0,5.0,4.5,296.59483844867634,4165.691325110841,0.0,0.0,0.0,
direct,mppi_lqr,300.0,1800.0,0.1,0.15,5.0,5.0,10.0,10.0,10,100.0,inf,full,both,inf,180.0,0.01,0.0,0.0,256,20,3,0.5,0.1,0.99,10.0,256,20,0,128,0,5.0,5.0,295.8564212705023,5071.29150585225,0.0,0.0,0.0,
direct,mppi_lqr,300.0,1800.0,0.1,0.15,5.0,5.5,10.0,10.0,10,100.0,inf,full,both,inf,180.0,0.01,0.0,0.0,256,20,3,0.5,0.1,0.99,10.0,256,20,0,128,0,5.0,5.5,294.34998796285964,5984.636259799179,0.0,0.0,0.0,
direct,mppi_lqr,300.0,1800.0,0.1,0.15,5.0,6.25,10.0,10.0,10,100.0,inf,full,both,inf,180.0,0.01,0.0,0.0,256,20,3,0.5,0.1,0.99,10.0,256,20,0,128,0,5.0,6.25,294.613839675774,7314.46796590986,0.0,0.0,0.0,
direct,mppi_lqr,300.0,1800.0,0.1,0.15,5.0,7.5,10.0,10.0,10,100.0,inf,full,both,inf,180.0,0.01,0.0,0.0,256,20,3,0.5,0.1,0.99,10.0,256,20,0,128,0,5.0,7.5,294.6146230496818,9394.627982278347,0.0,0.0,0.0,
direct,mppi_lqr,300.0,1800.0,0.1,0.15,5.0,10.0,10.0,10.0,10,100.0,inf,full,both,inf,180.0,0.01,0.0,0.0,256,20,3,0.5,0.1,0.99,10.0,256,20,0,128,0,5.0,10.0,294.6736224591468,13030.356879150797,0.0,0.0,0.0,
direct,mppi_lqr,300.0,1800.0,0.1,0.15,5.0,inf,10.0,10.0,10,100.0,inf,full,both,inf,180.0,0.01,0.0,0.0,256,20,3,0.5,0.1,0.99,10.0,256,20,0,128,0,5.0,25.769737976844468,294.6733526284162,22056.840517868022,0.0,0.0,0.0,
direct,mppi_lqr,300.0,1800.0,0.1,0.2,5.0,1.25,10.0,10.0,10,100.0,inf,full,both,inf,180.0,0.01,0.0,0.0,256,20,3,0.5,0.1,0.99,10.0,256,20,0,128,0,5.0,1.25,82.08431941849426,2829.3373214911435,0.0,0.0,0.0,
direct,mppi_lqr,300.0,1800.0,0.1,0.2,5.0,2.5,10.0,10.0,10,100.0,inf,full,both,inf,180.0,0.01,0.0,0.0,256,20,3,0.5,0.1,0.99,10.0,256,20,0,128,0,5.0,2.5,187.6410164607727,2971.1529917139023,0.0,0.0,0.0,
direct,mppi_lqr,300.0,1800.0,0.1,0.2,5.0,3.75,10.0,10.0,10,100.0,inf,full,both,inf,180.0,0.01,0.0,0.0,256,20,3,0.5,0.1,0.99,10.0,256,20,0,128,0,5.0,3.75,286.08533329329737,2760.356130138681,0.0,0.0,0.0,
direct,mppi_lqr,300.0,1800.0,0.1,0.2,5.0,4.5,10.0,10.0,10,100.0,inf,full,both,inf,180.0,0.01,0.0,0.0,256,20,3,0.5,0.1,0.99,10.0,256,20,0,128,0,5.0,4.5,297.57229113084594,4062.762161697429,0.0,0.0,0.0,
direct,mppi_lqr,300.0,1800.0,0.1,0.2,5.0,5.0,10.0,10.0,10,100.0,inf,full,both,inf,180.0,0.01,0.0,0.0,256,20,3,0.5,0.1,0.99,10.0,256,20,0,128,0,5.0,5.0,295.3327078791212,5220.49705941149,0.0,0.0,0.0,
direct,mppi_lqr,300.0,1800.0,0.1,0.2,5.0,5.5,10.0,10.0,10,100.0,inf,full,both,inf,180.0,0.01,0.0,0.0,256,20,3,0.5,0.1,0.99,10.0,256,20,0,128,0,5.0,5.5,292.08196184294945,6344.71947822756,0.0,0.0,0.0,
direct,mppi_lqr,300.0,1800.0,0.1,0.2,5.0,6.25,10.0,10.0,10,100.0,inf,full,both,inf,180.0,0.01,0.0,0.0,256,20,3,0.5,0.1,0.99,10.0,256,20,0,128,0,5.0,6.25,293.50880974647765,7820.099696195422,0.0,0.0,0.0,
direct,mppi_lqr,300.0,1800.0,0.1,0.2,5.0,7.5,10.0,10.0,10,100.0,inf,full,both,inf,180.0,0.01,0.0,0.0,256,20,3,0.5,0.1,0.99,10.0,256,20,0,128,0,5.0,7.5,291.01256832356285,10022.965671356802,0.0,0.0,0.0,
direct,mppi_lqr,300.0,1800.0,0.1,0.2,5.0,10.0,10.0,10.0,10,100.0,inf,full,both,inf,180.0,0.01,0.0,0.0,256,20,3,0.5,0.1,0.99,10.0,256,20,0,128,0,5.0,10.0,292.40090775837666,14278.58915321063,0.0,0.0,0.0,
direct,mppi_lqr,300.0,1800.0,0.1,0.2,5.0,inf,10.0,10.0,10,100.0,inf,full,both,inf,180.0,0.01,0.0,0.0,256,20,3,0.5,0.1,0.99,10.0,256,20,0,128,0,5.0,34.36469524833737,292.40042553215807,30752.890197675377,0.0,0.0,0.0,
direct,random,300.0,1800.0,0.1,0.025,5.0,1.25,10.0,10.0,10,100.0,inf,full,both,inf,180.0,0.01,0.0,0.0,256,20,3,0.5,0.1,0.99,10.0,256,20,0,128,5,4.8984375,1.2188029970636625,35.20593010306483,821.6794741353721,0.0,0.0,0.0390625,240.0
direct,random,300.0,1800.0,0.1,0.025,5.0,2.5,10.0,10.0,10,100.0,inf,full,both,inf,180.0,0.01,0.0,0.0,256,20,3,0.5,0.1,0.99,10.0,256,20,0,128,5,4.8984375,2.4199748720636625,35.20593010306483,832.9573141075523,0.0,0.0,0.0390625,240.0
direct,random,300.0,1800.0,0.1,0.025,5.0,3.75,10.0,10.0,10,100.0,inf,full,both,inf,180.0,0.01,0.0,0.0,256,20,3,0.5,0.1,0.99,10.0,256,20,0,128,5,4.8984375,3.2546365386551908,35.20593010306483,832.1298901960722,0.0,0.0,0.0390625,240.0
direct,random,300.0,1800.0,0.1,0.025,5.0,4.5,10.0,10.0,10,100.0,inf,full,both,inf,180.0,0.01,0.0,0.0,256,20,3,0.5,0.1,0.99,10.0,256,20,0,128,5,4.8984375,3.2546365386551908,35.20593010306483,832.1298901960722,0.0,0.0,0.0390625,240.0
direct,random,300.0,1800.0,0.1,0.025,5.0,5.0,10.0,10.0,10,100.0,inf,full,both,inf,180.0,0.01,0.0,0.0,256,20,3,0.5,0.1,0.99,10.0,256,20,0,128,5,4.8984375,3.2546365386551908,35.20593010306483,832.1298901960722,0.0,0.0,0.0390625,240.0
direct,random,300.0,1800.0,0.1,0.025,5.0,5.5,10.0,10.0,10,100.0,inf,full,both,inf,180.0,0.01,0.0,0.0,256,20,3,0.5,0.1,0.99,10.0,256,20,0,128,5,4.8984375,3.2546365386551908,35.20593010306483,832.1298901960722,0.0,0.0,0.0390625,240.0
direct,random,300.0,1800.0,0.1,0.025,5.0,6.25,10.0,10.0,10,100.0,inf,full,both,inf,180.0,0.01,0.0,0.0,256,20,3,0.5,0.1,0.99,10.0,256,20,0,128,5,4.8984375,3.2546365386551908,35.20593010306483,832.1298901960722,0.0,0.0,0.0390625,240.0
direct,random,300.0,1800.0,0.1,0.025,5.0,7.5,10.0,10.0,10,100.0,inf,full,both,inf,180.0,0.01,0.0,0.0,256,20,3,0.5,0.1,0.99,10.0,256,20,0,128,5,4.8984375,3.2546365386551908,35.20593010306483,832.1298901960722,0.0,0.0,0.0390625,240.0
direct,random,300.0,1800.0,0.1,0.025,5.0,10.0,10.0,10.0,10,100.0,inf,full,both,inf,180.0,0.01,0.0,0.0,256,20,3,0.5,0.1,0.99,10.0,256,20,0,128,5,4.8984375,3.2546365386551908,35.20593010306483,832.1298901960722,0.0,0.0,0.0390625,240.0
direct,random,300.0,1800.0,0.1,0.025,5.0,inf,10.0,10.0,10,100.0,inf,full,both,inf,180.0,0.01,0.0,0.0,256,20,3,0.5,0.1,0.99,10.0,256,20,0,128,5,4.8984375,3.2546365386551908,35.20593010306483,832.1298901960722,0.0,0.0,0.0390625,240.0
direct,random,300.0,1800.0,0.1,0.05,5.0,1.25,10.0,10.0,10,100.0,inf,full,both,inf,180.0,0.01,0.0,0.0,256,20,3,0.5,0.1,0.99,10.0,256,20,0,128,7,4.85703125,1.2317766465117046,37.4421419509284,823.7349681584958,0.0,0.0,0.0546875,240.0
direct,random,300.0,1800.0,0.1,0.05,5.0,2.5,10.0,10.0,10,100.0,inf,full,both,inf,180.0,0.01,0.0,0.0,256,20,3,0.5,0.1,0.99,10.0,256,20,0,128,7,4.85703125,2.4134172715117046,37.4421419509284,874.6121549987729,0.0,0.0,0.0546875,240.0
direct,random,300.0,1800.0,0.1,0.05,5.0,3.75,10.0,10.0,10,100.0,inf,full,both,inf,180.0,0.01,0.0,0.0,256,20,3,0.5,0.1,0.99,10.0,256,20,0,128,7,4.85703125,3.5950578965117046,37.4421419509284,909.405522093736,0.0,0.0,0.0546875,240.0
direct,random,300.0,1800.0,0.1,0.05,5.0,4.5,10.0,10.0,10,100.0,inf,full,both,inf,180.0,0.01,0.0,0.0,256,20,3,0.5,0.1,0.99,10.0,256,20,0,128,7,4.85703125,4.304042271511705,37.41987189638028,902.9651386138912,0.0,0.0,0.0546875,240.0
direct,random,300.0,1800.0,0.1,0.05,5.0,5.0,10.0,10.0,10,100.0,inf,full,both,inf,180.0,0.01,0.0,0.0,256,20,3,0.5,0.1,0.99,10.0,256,20,0,128,7,4.85703125,4.776698521511705,37.43877032113699,906.4889878465152,0.0,0.0,0.0546875,240.0
direct,random,300.0,1800.0,0.1,0.05,5.0,5.5,10.0,10.0,10,100.0,inf,full,both,inf,180.0,0.01,0.0,0.0,256,20,3,0.5,0.1,0.99,10.0,256,20,0,128,7,4.85703125,5.249354771511705,37.43877032113699,906.780630707206,0.0,0.0,0.0546875,240.0
direct,random,300.0,1800.0,0.1,0.05,5.0,6.25,10.0,10.0,10,100.0,inf,full,both,inf,180.0,0.01,0.0,0.0,256,20,3,0.5,0.1,0.99,10.0,256,20,0,128,7,4.85703125,5.958339146511705,37.43877032113699,906.7459863890982,0.0,0.0,0.0546875,240.0
direct,random,300.0,1800.0,0.1,0.05,5.0,7.5,10.0,10.0,10,100.0,inf,full,both,inf,180.0,0.01,0.0,0.0,256,20,3,0.5,0.1,0.99,10.0,256,20,0,128,7,4.85703125,6.421042947965176,37.43877032113699,907.0939334245028,0.0,0.0,0.0546875,240.0
direct,random,300.0,1800.0,0.1,0.05,5.0,10.0,10.0,10.0,10,100.0,inf,full,both,inf,180.0,0.01,0.0,0.0,256,20,3,0.5,0.1,0.99,10.0,256,20,0,128,7,4.85703125,6.421042947965176,37.43877032113699,907.0939334245028,0.0,0.0,0.0546875,240.0
direct,random,300.0,1800.0,0.1,0.05,5.0,inf,10.0,10.0,10,100.0,inf,full,both,inf,180.0,0.01,0.0,0.0,256,20,3,0.5,0.1,0.99,10.0,256,20,0,128,7,4.85703125,6.421042947965176,37.43877032113699,907.0939334245028,0.0,0.0,0.0546875,240.0
direct,random,300.0,1800.0,0.1,0.075,5.0,1.25,10.0,10.0,10,100.0,inf,full,both,inf,180.0,0.01,0.0,0.0,256,20,3,0.5,0.1,0.99,10.0,256,20,0,128,6,4.8796875,1.25,41.07861879277169,851.9019285528719,0.0,0.0,0.046875,240.0
direct,random,300.0,1800.0,0.1,0.075,5.0,2.5,10.0,10.0,10,100.0,inf,full,both,inf,180.0,0.01,0.0,0.0,256,20,3,0.5,0.1,0.99,10.0,256,20,0,128,6,4.8796875,2.4465594442763465,41.11603890262637,918.7539580822688,0.0,0.0,0.046875,240.0
direct,random,300.0,1800.0,0.1,0.075,5.0,3.75,10.0,10.0,10,100.0,inf,full,both,inf,180.0,0.01,0.0,0.0,256,20,3,0.5,0.1,0.99,10.0,256,20,0,128,6,4.8796875,3.6379656942763465,41.11603890262637,973.3766586976697,0.0,0.0,0.046875,240.0
direct,random,300.0,1800.0,0.1,0.075,5.0,4.5,10.0,10.0,10,100.0,inf,full,both,inf,180.0,0.01,0.0,0.0,256,20,3,0.5,0.1,0.99,10.0,256,20,0,128,6,4.8796875,4.352809444276347,40.98668202926799,1006.5661647609594,0.0,0.0,0.046875,240.0
direct,random,300.0,1800.0,0.1,0.075,5.0,5.0,10.0,10.0,10,100.0,inf,full,both,inf,180.0,0.01,0.0,0.0,256,20,3,0.5,0.1,0.99,10.0,256,20,0,128,6,4.8796875,4.829371944276347,41.11603890262637,1013.7721549056184,0.0,0.0,0.046875,240.0
direct,random,300.0,1800.0,0.1,0.075,5.0,5.5,10.0,10.0,10,100.0,inf,full,both,inf,180.0,0.01,0.0,0.0,256,20,3,0.5,0.1,0.99,10.0,256,20,0,128,6,4.8796875,5.305934444276347,41.11603890262637,1019.571112778721,0.0,0.0,0.046875,240.0
direct,random,300.0,1800.0,0.1,0.075,5.0,6.25,10.0,10.0,10,100.0,inf,full,both,inf,180.0,0.01,0.0,0.0,256,20,3,0.5,0.1,0.99,10.0,256,20,0,128,6,4.8796875,6.020778194276347,41.11603890262637,1023.7143366312196,0.0,0.0,0.046875,240.0
direct,random,300.0,1800.0,0.1,0.075,5.0,7.5,10.0,10.0,10,100.0,inf,full,both,inf,180.0,0.01,0.0,0.0,256,20,3,0.5,0.1,0.99,10.0,256,20,0,128,7,4.8796875,7.212184444276347,40.9165794876828,1030.953550597411,0.0,0.0,0.0546875,240.0
direct,random,300.0,1800.0,0.1,0.075,5.0,10.0,10.0,10.0,10,100.0,inf,full,both,inf,180.0,0.01,0.0,0.0,256,20,3,0.5,0.1,0.99,10.0,256,20,0,128,6,4.8796875,9.561543845950055,41.11603890262637,1033.405773594022,0.0,0.0,0.046875,240.0
direct,random,300.0,1800.0,0.1,0.075,5.0,inf,10.0,10.0,10,100.0,inf,full,both,inf,180.0,0.01,0.0,0.0,256,20,3,0.5,0.1,0.99,10.0,256,20,0,128,6,4.8796875,9.7025812773215,41.11603890262637,1033.3965653855878,0.0,0.0,0.046875,240.0
direct,random,300.0,1800.0,0.1,0.09,5.0,1.25,10.0,10.0,10,100.0,inf,full,both,inf,180.0,0.01,0.0,0.0,256,20,3,0.5,0.1,0.99,10.0,256,20,0,128,5,4.90078125,1.25,43.44013567612818,866.2739218758506,0.0,0.0,0.0390625,240.0
direct,random,300.0,1800.0,0.1,0.09,5.0,2.5,10.0,10.0,10,100.0,inf,full,both,inf,180.0,0.01,0.0,0.0,256,20,3,0.5,0.1,0.99,10.0,256,20,0,128,3,4.940625,2.479972757326211,43.92492366425245,932.2254598066844,0.0,0.0,0.0234375,240.0
direct,random,300.0,1800.0,0.1,0.09,5.0,3.75,10.0,10.0,10,100.0,inf,full,both,inf,180.0,0.01,0.0,0.0,256,20,3,0.5,0.1,0.99,10.0,256,20,0,128,3,4.940625,3.700675882326211,43.92492366425245,1025.160435959755,0.0,0.0,0.0234375,240.0
direct,random,300.0,1800.0,0.1,0.09,5.0,4.5,10.0,10.0,10,100.0,inf,full,both,inf,180.0,0.01,0.0,0.0,256,20,3,0.5,0.1,0.99,10.0,256,20,0,128,3,4.940625,4.433097757326212,43.92492366425245,1059.736933310458,0.0,0.0,0.0234375,240.0
direct,random,300.0,1800.0,0.1,0.09,5.0,5.0,10.0,10.0,10,100.0,inf,full,both,inf,180.0,0.01,0.0,0.0,256,20,3,0.5,0.1,0.99,10.0,256,20,0,128,3,4.940625,4.921379007326212,43.92492366425245,1084.5408172396333,0.0,0.0,0.0234375,240.0
direct,random,300.0,1800.0,0.1,0.09,5.0,5.5,10.0,10.0,10,100.0,inf,full,both,inf,180.0,0.01,0.0,0.0,256,20,3,0.5,0.1,0.99,10.0,256,20,0,128,3,4.940625,5.409660257326212,43.83743023035514,1108.7071946923852,0.0,0.0,0.0234375,240.0
direct,random,300.0,1800.0,0.1,0.09,5.0,6.25,10.0,10.0,10,100.0,inf,full,both,inf,180.0,0.01,0.0,0.0,256,20,3,0.5,0.1,0.99,10.0,256,20,0,128,3,4.940625,6.142082132326212,43.92492366425245,1129.479951437887,0.0,0.0,0.0234375,240.0
direct,random,300.0,1800.0,0.1,0.09,5.0,7.5,10.0,10.0,10,100.0,inf,full,both,inf,180.0,0.01,0.0,0.0,256,20,3,0.5,0.1,0.99,10.0,256,20,0,128,3,4.940625,7.362785257326212,43.92492366425245,1130.0249236731042,0.0,0.0,0.0234375,240.0
direct,random,300.0,1800.0,0.1,0.09,5.0,10.0,10.0,10.0,10,100.0,inf,full,both,inf,180.0,0.01,0.0,0.0,256,20,3,0.5,0.1,0.99,10.0,256,20,0,128,3,4.940625,9.80419150732621,43.73784633910577,1140.206717249264,0.0,0.0,0.0234375,240.0
direct,random,300.0,1800.0,0.1,0.09,5.0,inf,10.0,10.0,10,100.0,inf,full,both,inf,180.0,0.01,0.0,0.0,256,20,3,0.5,0.1,0.99,10.0,256,20,0,128,3,4.940625,11.891655301006049,43.92492366425245,1143.602564107263,0.0,0.0,0.0234375,240.0
direct,random,300.0,1800.0,0.1,0.1,5.0,1.25,10.0,10.0,10,100.0,inf,full,both,inf,180.0,0.01,0.0,0.0,256,20,3,0.5,0.1,0.99,10.0,256,20,0,128,1,4.978125,1.25,45.00909414555286,897.7368565091698,0.0,0.0,0.0078125,220.0
direct,random,300.0,1800.0,0.1,0.1,5.0,2.5,10.0,10.0,10,100.0,inf,full,both,inf,180.0,0.01,0.0,0.0,256,20,3,0.5,0.1,0.99,10.0,256,20,0,128,3,4.94140625,2.4846566929498275,45.95503338428103,933.7780718854598,0.0,0.0,0.0234375,240.0
direct,random,300.0,1800.0,0.1,0.1,5.0,3.75,10.0,10.0,10,100.0,inf,full,both,inf,180.0,0.01,0.0,0.0,256,20,3,0.5,0.1,0.99,10.0,256,20,0,128,3,4.94140625,3.705359817949828,45.95503338428103,1035.886214774663,0.0,0.0,0.0234375,240.0
direct,random,300.0,1800.0,0.1,0.1,5.0,4.5,10.0,10.0,10,100.0,inf,full,both,inf,180.0,0.01,0.0,0.0,256,20,3,0.5,0.1,0.99,10.0,256,20,0,128,3,4.94140625,4.437781692949828,45.95503338428103,1090.419194036489,0.0,0.0,0.0234375,240.0
direct,random,300.0,1800.0,0.1,0.1,5.0,5.0,10.0,10.0,10,100.0,inf,full,both,inf,180.0,0.01,0.0,0.0,256,20,3,0.5,0.1,0.99,10.0,256,20,0,128,3,4.94140625,4.926062942949828,45.95503338428103,1112.5989122565547,0.0,0.0,0.0234375,240.0
direct,random,300.0,1800.0,0.1,0.1,5.0,5.5,10.0,10.0,10,100.0,inf,full,both,inf,180.0,0.01,0.0,0.0,256,20,3,0.5,0.1,0.99,10.0,256,20,0,128,3,4.94140625,5.414344192949828,45.95503338428103,1137.6210625168874,0.0,0.0,0.0234375,240.0
direct,random,300.0,1800.0,0.1,0.1,5.0,6.25,10.0,10.0,10,100.0,inf,full,both,inf,180.0,0.01,0.0,0.0,256,20,3,0.5,0.1,0.99,10.0,256,20,0,128,3,4.94140625,6.146766067949828,45.95503338428103,1165.657848575426,0.0,0.0,0.0234375,240.0
direct,random,300.0,1800.0,0.1,0.1,5.0,7.5,10.0,10.0,10,100.0,inf,full,both,inf,180.0,0.01,0.0,0.0,256,20,3,0.5,0.1,0.99,10.0,256,20,0,128,3,4.94140625,7.3674691929498275,45.95503338428103,1200.186049242317,0.0,0.0,0.0234375,240.0
direct,random,300.0,1800.0,0.1,0.1,5.0,10.0,10.0,10.0,10,100.0,inf,full,both,inf,180.0,0.01,0.0,0.0,256,20,3,0.5,0.1,0.99,10.0,256,20,0,128,3,4.94140625,9.808875442949828,45.94486910682255,1207.241017101694,0.0,0.0,0.0234375,240.0
direct,random,300.0,1800.0,0.1,0.1,5.0,inf,10.0,10.0,10,100.0,inf,full,both,inf,180.0,0.01,0.0,0.0,256,20,3,0.5,0.1,0.99,10.0,256,20,0,128,3,4.94140625,13.213349102594089,45.95503338428103,1209.66095941829,0.0,0.0,0.0234375,240.0
direct,random,300.0,1800.0,0.1,0.11,5.0,1.25,10.0,10.0,10,100.0,inf,full,both,inf,180.0,0.01,0.0,0.0,256,20,3,0.5,0.1,0.99,10.0,256,20,0,128,2,4.959375,1.25,47.27522284895343,915.4794177907028,0.0,0.0,0.015625,240.0
direct,random,300.0,1800.0,0.1,0.11,5.0,2.5,10.0,10.0,10,100.0,inf,full,both,inf,180.0,0.01,0.0,0.0,256,20,3,0.5,0.1,0.99,10.0,256,20,0,128,1,4.978125,2.495917670244262,48.122772469109584,955.6328538356936,0.0,0.0,0.0078125,220.0
direct,random,300.0,1800.0,0.1,0.11,5.0,3.75,10.0,10.0,10,100.0,inf,full,both,inf,180.0,0.01,0.0,0.0,256,20,3,0.5,0.1,0.99,10.0,256,20,0,128,1,4.978125,3.736152045244262,48.1228972453561,1072.4953698470017,0.0,0.0,0.0078125,220.0
direct,random,300.0,1800.0,0.1,0.11,5.0,4.5,10.0,10.0,10,100.0,inf,full,both,inf,180.0,0.01,0.0,0.0,256,20,3,0.5,0.1,0.99,10.0,256,20,0,128,1,4.978125,4.480292670244261,48.1228972453561,1117.7733588279211,0.0,0.0,0.0078125,220.0
direct,random,300.0,1800.0,0.1,0.11,5.0,5.0,10.0,10.0,10,100.0,inf,full,both,inf,180.0,0.01,0.0,0.0,256,20,3,0.5,0.1,0.99,10.0,256,20,0,128,1,4.978125,4.976386420244261,48.1228972453561,1153.723640586241,0.0,0.0,0.0078125,220.0
direct,random,300.0,1800.0,0.1,0.11,5.0,5.5,10.0,10.0,10,100.0,inf,full,both,inf,180.0,0.01,0.0,0.0,256,20,3,0.5,0.1,0.99,10.0,256,20,0,128,1,4.978125,5.472480170244261,48.1228972453561,1181.1335145825335,0.0,0.0,0.0078125,220.0
direct,random,300.0,1800.0,0.1,0.11,5.0,6.25,10.0,10.0,10,100.0,inf,full,both,inf,180.0,0.01,0.0,0.0,256,20,3,0.5,0.1,0.99,10.0,256,20,0,128,1,4.978125,6.216620795244261,48.1228972453561,1222.237694798693,0.0,0.0,0.0078125,220.0
direct,random,300.0,1800.0,0.1,0.11,5.0,7.5,10.0,10.0,10,100.0,inf,full,both,inf,180.0,0.01,0.0,0.0,256,20,3,0.5,0.1,0.99,10.0,256,20,0,128,1,4.978125,7.456855170244261,48.1228972453561,1263.128746272998,0.0,0.0,0.0078125,220.0
direct,random,300.0,1800.0,0.1,0.11,5.0,10.0,10.0,10.0,10,100.0,inf,full,both,inf,180.0,0.01,0.0,0.0,256,20,3,0.5,0.1,0.99,10.0,256,20,0,128,1,4.978125,9.937323920244262,48.1228972453561,1275.4694931781355,0.0,0.0,0.0078125,220.0
direct,random,300.0,1800.0,0.1,0.11,5.0,inf,10.0,10.0,10,100.0,inf,full,both,inf,180.0,0.01,0.0,0.0,256,20,3,0.5,0.1,0.99,10.0,256,20,0,128,1,4.978125,14.728652597118582,48.1228972453561,1293.321657941938,0.0,0.0,0.0078125,220.0
direct,random,300.0,1800.0,0.1,0.125,5.0,1.25,10.0,10.0,10,100.0,inf,full,both,inf,180.0,0.01,0.0,0.0,256,20,3,0.5,0.1,0.99,10.0,256,20,0,128,1,4.98046875,1.25,49.10315160994446,931.0433682918404,0.0,0.0,0.0078125,250.0
direct,random,300.0,1800.0,0.1,0.125,5.0,2.5,10.0,10.0,10,100.0,inf,full,both,inf,180.0,0.01,0.0,0.0,256,20,3,0.5,0.1,0.99,10.0,256,20,0,128,3,4.940625,2.497475202400629,51.56149388648492,971.172829939287,0.0,0.0,0.0234375,250.0
direct,random,300.0,1800.0,0.1,0.125,5.0,3.75,10.0,10.0,10,100.0,inf,full,both,inf,180.0,0.01,0.0,0.0,256,20,3,0.5,0.1,0.99,10.0,256,20,0,128,3,4.940625,3.718178327400629,51.49933436219673,1064.7669827962072,0.0,0.0,0.0234375,250.0
direct,random,300.0,1800.0,0.1,0.125,5.0,4.5,10.0,10.0,10,100.0,inf,full,both,inf,180.0,0.01,0.0,0.0,256,20,3,0.5,0.1,0.99,10.0,256,20,0,128,3,4.940625,4.450600202400628,51.6138454219394,1139.6190901759,0.0,0.0,0.0234375,250.0
direct,random,300.0,1800.0,0.1,0.125,5.0,5.0,10.0,10.0,10,100.0,inf,full,both,inf,180.0,0.01,0.0,0.0,256,20,3,0.5,0.1,0.99,10.0,256,20,0,128,3,4.940625,4.938881452400628,51.6138454219394,1164.7570377585755,0.0,0.0,0.0234375,250.0
direct,random,300.0,1800.0,0.1,0.125,5.0,5.5,10.0,10.0,10,100.0,inf,full,both,inf,180.0,0.01,0.0,0.0,256,20,3,0.5,0.1,0.99,10.0,256,20,0,128,3,4.940625,5.427162702400628,51.6138454219394,1218.4855422297817,0.0,0.0,0.0234375,250.0
direct,random,300.0,1800.0,0.1,0.125,5.0,6.25,10.0,10.0,10,100.0,inf,full,both,inf,180.0,0.01,0.0,0.0,256,20,3,0.5,0.1,0.99,10.0,256,20,0,128,3,4.940625,6.159584577400628,51.6138454219394,1263.1043062005758,0.0,0.0,0.0234375,250.0
direct,random,300.0,1800.0,0.1,0.125,5.0,7.5,10.0,10.0,10,100.0,inf,full,both,inf,180.0,0.01,0.0,0.0,256,20,3,0.5,0.1,0.99,10.0,256,20,0,128,3,4.940625,7.380287702400628,51.6138454219394,1320.0518916041344,0.0,0.0,0.0234375,250.0
direct,random,300.0,1800.0,0.1,0.125,5.0,10.0,10.0,10.0,10,100.0,inf,full,both,inf,180.0,0.01,0.0,0.0,256,20,3,0.5,0.1,0.99,10.0,256,20,0,128,3,4.940625,9.82169395240063,51.6138454219394,1373.5934047093394,0.0,0.0,0.0234375,250.0
direct,random,300.0,1800.0,0.1,0.125,5.0,inf,10.0,10.0,10,100.0,inf,full,both,inf,180.0,0.01,0.0,0.0,256,20,3,0.5,0.1,0.99,10.0,256,20,0,128,3,4.940625,16.510280618600568,51.6138454219394,1389.4795945222284,0.0,0.0,0.0234375,250.0
direct,random,300.0,1800.0,0.1,0.15,5.0,1.25,10.0,10.0,10,100.0,inf,full,both,inf,180.0,0.01,0.0,0.0,256,20,3,0.5,0.1,0.99,10.0,256,20,0,128,2,4.9578125,1.25,51.47504439602247,954.6760093164156,0.0,0.0,0.015625,230.0
direct,random,300.0,1800.0,0.1,0.15,5.0,2.5,10.0,10.0,10,100.0,inf,full,both,inf,180.0,0.01,0.0,0.0,256,20,3,0.5,0.1,0.99,10.0,256,20,0,128,4,4.92265625,2.5,57.46430284663453,1002.5336954179396,0.0,0.0,0.03125,250.0
direct,random,300.0,1800.0,0.1,0.15,5.0,3.75,10.0,10.0,10,100.0,inf,full,both,inf,180.0,0.01,0.0,0.0,256,20,3,0.5,0.1,0.99,10.0,256,20,0,128,3,4.940625,3.7293921178807534,57.87612402672975,1079.1620570511873,0.0,0.0,0.0234375,250.0
direct,random,300.0,1800.0,0.1,0.15,5.0,4.5,10.0,10.0,10,100.0,inf,full,both,inf,180.0,0.01,0.0,0.0,256,20,3,0.5,0.1,0.99,10.0,256,20,0,128,3,4.940625,4.461813992880755,57.87612402672975,1164.8945060479816,0.0,0.0,0.0234375,250.0
direct,random,300.0,1800.0,0.1,0.15,5.0,5.0,10.0,10.0,10,100.0,inf,full,both,inf,180.0,0.01,0.0,0.0,256,20,3,0.5,0.1,0.99,10.0,256,20,0,128,3,4.940625,4.950095242880755,57.77140876418972,1225.938640266016,0.0,0.0,0.0234375,250.0
direct,random,300.0,1800.0,0.1,0.15,5.0,5.5,10.0,10.0,10,100.0,inf,full,both,inf,180.0,0.01,0.0,0.0,256,20,3,0.5,0.1,0.99,10.0,256,20,0,128,3,4.940625,5.438376492880755,57.87612402672975,1265.1231260283575,0.0,0.0,0.0234375,250.0
direct,random,300.0,1800.0,0.1,0.15,5.0,6.25,10.0,10.0,10,100.0,inf,full,both,inf,180.0,0.01,0.0,0.0,256,20,3,0.5,0.1,0.99,10.0,256,20,0,128,3,4.940625,6.170798367880755,57.82072672451414,1333.437253212247,0.0,0.0,0.0234375,250.0
direct,random,300.0,1800.0,0.1,0.15,5.0,7.5,10.0,10.0,10,100.0,inf,full,both,inf,180.0,0.01,0.0,0.0,256,20,3,0.5,0.1,0.99,10.0,256,20,0,128,3,4.940625,7.391501492880755,57.81082345399547,1427.3638661794143,0.0,0.0,0.0234375,250.0
direct,random,300.0,1800.0,0.1,0.15,5.0,10.0,10.0,10.0,10,100.0,inf,full,both,inf,180.0,0.01,0.0,0.0,256,20,3,0.5,0.1,0.99,10.0,256,20,0,128,3,4.940625,9.832907742880757,57.62129802461509,1522.621360787749,0.0,0.0,0.0234375,250.0
direct,random,300.0,1800.0,0.1,0.15,5.0,inf,10.0,10.0,10,100.0,inf,full,both,inf,180.0,0.01,0.0,0.0,256,20,3,0.5,0.1,0.99,10.0,256,20,0,128,3,4.940625,19.81233674232068,57.81082345399547,1584.0887153963238,0.0,0.0,0.0234375,250.0
direct,random,300.0,1800.0,0.1,0.2,5.0,1.25,10.0,10.0,10,100.0,inf,full,both,inf,180.0,0.01,0.0,0.0,256,20,3,0.5,0.1,0.99,10.0,256,20,0,128,3,4.93828125,1.25,55.81313163974583,990.0525602820168,0.0,0.0,0.0234375,240.0
direct,random,300.0,1800.0,0.1,0.2,5.0,2.5,10.0,10.0,10,100.0,inf,full,both,inf,180.0,0.01,0.0,0.0,256,20,3,0.5,0.1,0.99,10.0,256,20,0,128,2,4.9609375,2.5,68.23117166931577,1099.8369986273522,0.0,0.0,0.015625,250.0
direct,random,300.0,1800.0,0.1,0.2,5.0,3.75,10.0,10.0,10,100.0,inf,full,both,inf,180.0,0.01,0.0,0.0,256,20,3,0.5,0.1,0.99,10.0,256,20,0,128,2,4.9625,3.75,71.55323517711147,1175.251739170831,0.0,0.0,0.015625,260.0
direct,random,300.0,1800.0,0.1,0.2,5.0,4.5,10.0,10.0,10,100.0,inf,full,both,inf,180.0,0.01,0.0,0.0,256,20,3,0.5,0.1,0.99,10.0,256,20,0,128,2,4.9625,4.492106074164367,71.66204269059907,1223.9771964233375,0.0,0.0,0.015625,260.0
direct,random,300.0,1800.0,0.1,0.2,5.0,5.0,10.0,10.0,10,100.0,inf,full,both,inf,180.0,0.01,0.0,0.0,256,20,3,0.5,0.1,0.99,10.0,256,20,0,128,2,4.9625,4.984293574164367,71.59077129266875,1277.1819117180542,0.0,0.0,0.015625,260.0
direct,random,300.0,1800.0,0.1,0.2,5.0,5.5,10.0,10.0,10,100.0,inf,full,both,inf,180.0,0.01,0.0,0.0,256,20,3,0.5,0.1,0.99,10.0,256,20,0,128,2,4.9625,5.476481074164367,71.57138956348562,1347.5639743255365,0.0,0.0,0.015625,260.0
direct,random,300.0,1800.0,0.1,0.2,5.0,6.25,10.0,10.0,10,100.0,inf,full,both,inf,180.0,0.01,0.0,0.0,256,20,3,0.5,0.1,0.99,10.0,256,20,0,128,2,4.9625,6.214762324164367,71.27821448895925,1429.771047529263,0.0,0.0,0.015625,260.0
direct,random,300.0,1800.0,0.1,0.2,5.0,7.5,10.0,10.0,10,100.0,inf,full,both,inf,180.0,0.01,0.0,0.0,256,20,3,0.5,0.1,0.99,10.0,256,20,0,128,2,4.9625,7.445231074164367,71.2801894511804,1535.156692069037,0.0,0.0,0.015625,260.0
direct,random,300.0,1800.0,0.1,0.2,5.0,10.0,10.0,10.0,10,100.0,inf,full,both,inf,180.0,0.01,0.0,0.0,256,20,3,0.5,0.1,0.99,10.0,256,20,0,128,2,4.9625,9.906168574164369,71.27820678184663,1780.4814169028846,0.0,0.0,0.015625,260.0
direct,random,300.0,1800.0,0.1,0.2,5.0,inf,10.0,10.0,10,100.0,inf,full,both,inf,180.0,0.01,0.0,0.0,256,20,3,0.5,0.1,0.99,10.0,256,20,0,128,2,4.9625,26.59563180253241,71.27820678184663,2008.4844192091084,0.0,0.0,0.015625,260.0
direct,transverse,300.0,1800.0,0.1,0.025,5.0,1.25,10.0,10.0,10,100.0,inf,full,both,inf,180.0,0.01,0.0,0.0,256,20,3,0.5,0.1,0.99,10.0,256,20,0,128,26,4.47578125,1.1189453125,19.724230283794657,854.3816400925541,0.0,0.0,0.203125,240.0
direct,transverse,300.0,1800.0,0.1,0.025,5.0,2.5,10.0,10.0,10,100.0,inf,full,both,inf,180.0,0.01,0.0,0.0,256,20,3,0.5,0.1,0.99,10.0,256,20,0,128,26,4.47578125,2.1150390625,19.724230283794657,1534.544354136294,0.0,0.0,0.203125,240.0
direct,transverse,300.0,1800.0,0.1,0.025,5.0,3.75,10.0,10.0,10,100.0,inf,full,both,inf,180.0,0.01,0.0,0.0,256,20,3,0.5,0.1,0.99,10.0,256,20,0,128,26,4.47578125,3.1111328125,19.724230283794657,1737.9593407100167,0.0,0.0,0.203125,240.0
direct,transverse,300.0,1800.0,0.1,0.025,5.0,4.5,10.0,10.0,10,100.0,inf,full,both,inf,180.0,0.01,0.0,0.0,256,20,3,0.5,0.1,0.99,10.0,256,20,0,128,26,4.47578125,3.708789062499997,19.724230283794657,1750.047720260214,0.0,0.0,0.203125,240.0
direct,transverse,300.0,1800.0,0.1,0.025,5.0,5.0,10.0,10.0,10,100.0,inf,full,both,inf,180.0,0.01,0.0,0.0,256,20,3,0.5,0.1,0.99,10.0,256,20,0,128,26,4.47578125,3.708789062499997,19.724230283794657,1750.047720260214,0.0,0.0,0.203125,240.0
direct,transverse,300.0,1800.0,0.1,0.025,5.0,5.5,10.0,10.0,10,100.0,inf,full,both,inf,180.0,0.01,0.0,0.0,256,20,3,0.5,0.1,0.99,10.0,256,20,0,128,26,4.47578125,3.708789062499997,19.724230283794657,1750.047720260214,0.0,0.0,0.203125,240.0
direct,transverse,300.0,1800.0,0.1,0.025,5.0,6.25,10.0,10.0,10,100.0,inf,full,both,inf,180.0,0.01,0.0,0.0,256,20,3,0.5,0.1,0.99,10.0,256,20,0,128,26,4.47578125,3.708789062499997,19.724230283794657,1750.047720260214,0.0,0.0,0.203125,240.0
direct,transverse,300.0,1800.0,0.1,0.025,5.0,7.5,10.0,10.0,10,100.0,inf,full,both,inf,180.0,0.01,0.0,0.0,256,20,3,0.5,0.1,0.99,10.0,256,20,0,128,26,4.47578125,3.708789062499997,19.724230283794657,1750.047720260214,0.0,0.0,0.203125,240.0
direct,transverse,300.0,1800.0,0.1,0.025,5.0,10.0,10.0,10.0,10,100.0,inf,full,both,inf,180.0,0.01,0.0,0.0,256,20,3,0.5,0.1,0.99,10.0,256,20,0,128,26,4.47578125,3.708789062499997,19.724230283794657,1750.047720260214,0.0,0.0,0.203125,240.0
direct,transverse,300.0,1800.0,0.1,0.025,5.0,inf,10.0,10.0,10,100.0,inf,full,both,inf,180.0,0.01,0.0,0.0,256,20,3,0.5,0.1,0.99,10.0,256,20,0,128,26,4.47578125,3.708789062499997,19.724230283794657,1750.047720260214,0.0,0.0,0.203125,240.0
direct,transverse,300.0,1800.0,0.1,0.05,5.0,1.25,10.0,10.0,10,100.0,inf,full,both,inf,180.0,0.01,0.0,0.0,256,20,3,0.5,0.1,0.99,10.0,256,20,0,128,0,5.0,1.25,69.51024601113318,1116.5929866993558,0.0,0.0,0.0,
direct,transverse,300.0,1800.0,0.1,0.05,5.0,2.5,10.0,10.0,10,100.0,inf,full,both,inf,180.0,0.01,0.0,0.0,256,20,3,0.5,0.1,0.99,10.0,256,20,0,128,0,5.0,2.5,69.51024601113318,2567.3849808227505,0.0,0.0,0.0,
direct,transverse,300.0,1800.0,0.1,0.05,5.0,3.75,10.0,10.0,10,100.0,inf,full,both,inf,180.0,0.01,0.0,0.0,256,20,3,0.5,0.1,0.99,10.0,256,20,0,128,0,5.0,3.75,69.51024601113318,3516.677120604099,0.0,0.0,0.0,
direct,transverse,300.0,1800.0,0.1,0.05,5.0,4.5,10.0,10.0,10,100.0,inf,full,both,inf,180.0,0.01,0.0,0.0,256,20,3,0.5,0.1,0.99,10.0,256,20,0,128,0,5.0,4.5,69.51024601113318,3842.2231155341374,0.0,0.0,0.0,
direct,transverse,300.0,1800.0,0.1,0.05,5.0,5.0,10.0,10.0,10,100.0,inf,full,both,inf,180.0,0.01,0.0,0.0,256,20,3,0.5,0.1,0.99,10.0,256,20,0,128,0,5.0,5.0,69.51024601113318,4000.7756656082456,0.0,0.0,0.0,
direct,transverse,300.0,1800.0,0.1,0.05,5.0,5.5,10.0,10.0,10,100.0,inf,full,both,inf,180.0,0.01,0.0,0.0,256,20,3,0.5,0.1,0.99,10.0,256,20,0,128,0,5.0,5.5,69.51024601113318,4125.004029401728,0.0,0.0,0.0,
direct,transverse,300.0,1800.0,0.1,0.05,5.0,6.25,10.0,10.0,10,100.0,inf,full,both,inf,180.0,0.01,0.0,0.0,256,20,3,0.5,0.1,0.99,10.0,256,20,0,128,0,5.0,6.25,69.51024601113318,4259.339652571491,0.0,0.0,0.0,
direct,transverse,300.0,1800.0,0.1,0.05,5.0,7.5,10.0,10.0,10,100.0,inf,full,both,inf,180.0,0.01,0.0,0.0,256,20,3,0.5,0.1,0.99,10.0,256,20,0,128,0,5.0,7.5,69.51024601113318,4374.6933525906325,0.0,0.0,0.0,
direct,transverse,300.0,1800.0,0.1,0.05,5.0,10.0,10.0,10.0,10,100.0,inf,full,both,inf,180.0,0.01,0.0,0.0,256,20,3,0.5,0.1,0.99,10.0,256,20,0,128,0,5.0,8.999999999999993,69.51024601113318,4400.586801969173,0.0,0.0,0.0,
direct,transverse,300.0,1800.0,0.1,0.05,5.0,inf,10.0,10.0,10,100.0,inf,full,both,inf,180.0,0.01,0.0,0.0,256,20,3,0.5,0.1,0.99,10.0,256,20,0,128,0,5.0,8.999999999999993,69.51024601113318,4400.586801969173,0.0,0.0,0.0,
direct,transverse,300.0,1800.0,0.1,0.075,5.0,1.25,10.0,10.0,10,100.0,inf,full,both,inf,180.0,0.01,0.0,0.0,256,20,3,0.5,0.1,0.99,10.0,256,20,0,128,0,5.0,1.25,106.44881449705711,1252.157518706167,0.0,0.0,0.0,
direct,transverse,300.0,1800.0,0.1,0.075,5.0,2.5,10.0,10.0,10,100.0,inf,full,both,inf,180.0,0.01,0.0,0.0,256,20,3,0.5,0.1,0.99,10.0,256,20,0,128,0,5.0,2.5,115.578605606202,2516.12832389827,0.0,0.0,0.0,
direct,transverse,300.0,1800.0,0.1,0.075,5.0,3.75,10.0,10.0,10,100.0,inf,full,both,inf,180.0,0.01,0.0,0.0,256,20,3,0.5,0.1,0.99,10.0,256,20,0,128,0,5.0,3.75,115.578605606202,4002.618344051901,0.0,0.0,0.0,
direct,transverse,300.0,1800.0,0.1,0.075,5.0,4.5,10.0,10.0,10,100.0,inf,full,both,inf,180.0,0.01,0.0,0.0,256,20,3,0.5,0.1,0.99,10.0,256,20,0,128,0,5.0,4.5,115.578605606202,4659.054534949298,0.0,0.0,0.0,
direct,transverse,300.0,1800.0,0.1,0.075,5.0,5.0,10.0,10.0,10,100.0,inf,full,both,inf,180.0,0.01,0.0,0.0,256,20,3,0.5,0.1,0.99,10.0,256,20,0,128,0,5.0,5.0,115.578605606202,4996.484568607154,0.0,0.0,0.0,
direct,transverse,300.0,1800.0,0.1,0.075,5.0,5.5,10.0,10.0,10,100.0,inf,full,both,inf,180.0,0.01,0.0,0.0,256,20,3,0.5,0.1,0.99,10.0,256,20,0,128,0,5.0,5.5,115.578605606202,5273.304978442657,0.0,0.0,0.0,
direct,transverse,300.0,1800.0,0.1,0.075,5.0,6.25,10.0,10.0,10,100.0,inf,full,both,inf,180.0,0.01,0.0,0.0,256,20,3,0.5,0.1,0.99,10.0,256,20,0,128,0,5.0,6.25,115.578605606202,5604.145487414035,0.0,0.0,0.0,
direct,transverse,300.0,1800.0,0.1,0.075,5.0,7.5,10.0,10.0,10,100.0,inf,full,both,inf,180.0,0.01,0.0,0.0,256,20,3,0.5,0.1,0.99,10.0,256,20,0,128,0,5.0,7.5,115.578605606202,6003.8545740019545,0.0,0.0,0.0,
direct,transverse,300.0,1800.0,0.1,0.075,5.0,10.0,10.0,10.0,10,100.0,inf,full,both,inf,180.0,0.01,0.0,0.0,256,20,3,0.5,0.1,0.99,10.0,256,20,0,128,0,5.0,10.0,115.578605606202,6444.393011585527,0.0,0.0,0.0,
direct,transverse,300.0,1800.0,0.1,0.075,5.0,inf,10.0,10.0,10,100.0,inf,full,both,inf,180.0,0.01,0.0,0.0,256,20,3,0.5,0.1,0.99,10.0,256,20,0,128,0,5.0,13.49999999999996,115.578605606202,6574.268187939217,0.0,0.0,0.0,
direct,transverse,300.0,1800.0,0.1,0.09,5.0,1.25,10.0,10.0,10,100.0,inf,full,both,inf,180.0,0.01,0.0,0.0,256,20,3,0.5,0.1,0.99,10.0,256,20,0,128,0,5.0,1.25,118.14498666835676,1365.098715159353,0.0,0.0,0.0,
direct,transverse,300.0,1800.0,0.1,0.09,5.0,2.5,10.0,10.0,10,100.0,inf,full,both,inf,180.0,0.01,0.0,0.0,256,20,3,0.5,0.1,0.99,10.0,256,20,0,128,0,5.0,2.5,139.78613318844745,2333.8926685130755,0.0,0.0,0.0,
direct,transverse,300.0,1800.0,0.1,0.09,5.0,3.75,10.0,10.0,10,100.0,inf,full,both,inf,180.0,0.01,0.0,0.0,256,20,3,0.5,0.1,0.99,10.0,256,20,0,128,0,5.0,3.75,139.78613318844745,4017.4009539267527,0.0,0.0,0.0,
direct,transverse,300.0,1800.0,0.1,0.09,5.0,4.5,10.0,10.0,10,100.0,inf,full,both,inf,180.0,0.01,0.0,0.0,256,20,3,0.5,0.1,0.99,10.0,256,20,0,128,0,5.0,4.5,139.78613318844745,4850.001715745723,0.0,0.0,0.0,
direct,transverse,300.0,1800.0,0.1,0.09,5.0,5.0,10.0,10.0,10,100.0,inf,full,both,inf,180.0,0.01,0.0,0.0,256,20,3,0.5,0.1,0.99,10.0,256,20,0,128,0,5.0,5.0,139.78613318844745,5308.185856231194,0.0,0.0,0.0,
direct,transverse,300.0,1800.0,0.1,0.09,5.0,5.5,10.0,10.0,10,100.0,inf,full,both,inf,180.0,0.01,0.0,0.0,256,20,3,0.5,0.1,0.99,10.0,256,20,0,128,0,5.0,5.5,139.78613318844745,5693.734743858806,0.0,0.0,0.0,
direct,transverse,300.0,1800.0,0.1,0.09,5.0,6.25,10.0,10.0,10,100.0,inf,full,both,inf,180.0,0.01,0.0,0.0,256,20,3,0.5,0.1,0.99,10.0,256,20,0,128,0,5.0,6.25,139.78613318844745,6159.828316797444,0.0,0.0,0.0,
direct,transverse,300.0,1800.0,0.1,0.09,5.0,7.5,10.0,10.0,10,100.0,inf,full,both,inf,180.0,0.01,0.0,0.0,256,20,3,0.5,0.1,0.99,10.0,256,20,0,128,0,5.0,7.5,139.78613318844745,6728.68967294585,0.0,0.0,0.0,
direct,transverse,300.0,1800.0,0.1,0.09,5.0,10.0,10.0,10.0,10,100.0,inf,full,both,inf,180.0,0.01,0.0,0.0,256,20,3,0.5,0.1,0.99,10.0,256,20,0,128,0,5.0,10.0,139.78613318844745,7422.953540851701,0.0,0.0,0.0,
direct,transverse,300.0,1800.0,0.1,0.09,5.0,inf,10.0,10.0,10,100.0,inf,full,both,inf,180.0,0.01,0.0,0.0,256,20,3,0.5,0.1,0.99,10.0,256,20,0,128,0,5.0,16.19999999999998,139.78613318844745,7870.45375015408,0.0,0.0,0.0,
direct,transverse,300.0,1800.0,0.1,0.1,5.0,1.25,10.0,10.0,10,100.0,inf,full,both,inf,180.0,0.01,0.0,0.0,256,20,3,0.5,0.1,0.99,10.0,256,20,0,128,0,5.0,1.25,123.37881137778592,1420.5773394466487,0.0,0.0,0.0,
direct,transverse,300.0,1800.0,0.1,0.1,5.0,2.5,10.0,10.0,10,100.0,inf,full,both,inf,180.0,0.01,0.0,0.0,256,20,3,0.5,0.1,0.99,10.0,256,20,0,128,0,5.0,2.5,154.1545280648373,2186.609684680896,0.0,0.0,0.0,
direct,transverse,300.0,1800.0,0.1,0.1,5.0,3.75,10.0,10.0,10,100.0,inf,full,both,inf,180.0,0.01,0.0,0.0,256,20,3,0.5,0.1,0.99,10.0,256,20,0,128,0,5.0,3.75,154.1545280648373,3967.2395567138046,0.0,0.0,0.0,
direct,transverse,300.0,1800.0,0.1,0.1,5.0,4.5,10.0,10.0,10,100.0,inf,full,both,inf,180.0,0.01,0.0,0.0,256,20,3,0.5,0.1,0.99,10.0,256,20,0,128,0,5.0,4.5,154.1545280648373,4877.98003192526,0.0,0.0,0.0,
direct,transverse,300.0,1800.0,0.1,0.1,5.0,5.0,10.0,10.0,10,100.0,inf,full,both,inf,180.0,0.01,0.0,0.0,256,20,3,0.5,0.1,0.99,10.0,256,20,0,128,0,5.0,5.0,154.1545280648373,5406.420591584663,0.0,0.0,0.0,
direct,transverse,300.0,1800.0,0.1,0.1,5.0,5.5,10.0,10.0,10,100.0,inf,full,both,inf,180.0,0.01,0.0,0.0,256,20,3,0.5,0.1,0.99,10.0,256,20,0,128,0,5.0,5.5,154.1545280648373,5863.338737908006,0.0,0.0,0.0,
direct,transverse,300.0,1800.0,0.1,0.1,5.0,6.25,10.0,10.0,10,100.0,inf,full,both,inf,180.0,0.01,0.0,0.0,256,20,3,0.5,0.1,0.99,10.0,256,20,0,128,0,5.0,6.25,154.1545280648373,6426.383795467847,0.0,0.0,0.0,
direct,transverse,300.0,1800.0,0.1,0.1,5.0,7.5,10.0,10.0,10,100.0,inf,full,both,inf,180.0,0.01,0.0,0.0,256,20,3,0.5,0.1,0.99,10.0,256,20,0,128,0,5.0,7.5,154.1545280648373,7123.413590786133,0.0,0.0,0.0,
direct,transverse,300.0,1800.0,0.1,0.1,5.0,10.0,10.0,10.0,10,100.0,inf,full,both,inf,180.0,0.01,0.0,0.0,256,20,3,0.5,0.1,0.99,10.0,256,20,0,128,0,5.0,10.0,154.1545280648373,7990.490573662646,0.0,0.0,0.0,
direct,transverse,300.0,1800.0,0.1,0.1,5.0,inf,10.0,10.0,10,100.0,inf,full,both,inf,180.0,0.01,0.0,0.0,256,20,3,0.5,0.1,0.99,10.0,256,20,0,128,0,5.0,17.999999999999986,154.1545280648373,8736.114469952228,0.0,0.0,0.0,
direct,transverse,300.0,1800.0,0.1,0.11,5.0,1.25,10.0,10.0,10,100.0,inf,full,both,inf,180.0,0.01,0.0,0.0,256,20,3,0.5,0.1,0.99,10.0,256,20,0,128,0,5.0,1.25,127.66976371421735,1469.020250488169,0.0,0.0,0.0,
direct,transverse,300.0,1800.0,0.1,0.11,5.0,2.5,10.0,10.0,10,100.0,inf,full,both,inf,180.0,0.01,0.0,0.0,256,20,3,0.5,0.1,0.99,10.0,256,20,0,128,0,5.0,2.5,167.2504866676046,2054.6891679413416,0.0,0.0,0.0,
direct,transverse,300.0,1800.0,0.1,0.11,5.0,3.75,10.0,10.0,10,100.0,inf,full,both,inf,180.0,0.01,0.0,0.0,256,20,3,0.5,0.1,0.99,10.0,256,20,0,128,0,5.0,3.75,167.2563980426685,3889.753859503652,0.0,0.0,0.0,
direct,transverse,300.0,1800.0,0.1,0.11,5.0,4.5,10.0,10.0,10,100.0,inf,full,both,inf,180.0,0.01,0.0,0.0,256,20,3,0.5,0.1,0.99,10.0,256,20,0,128,0,5.0,4.5,167.2563980426685,4864.119647312472,0.0,0.0,0.0,
direct,transverse,300.0,1800.0,0.1,0.11,5.0,5.0,10.0,10.0,10,100.0,inf,full,both,inf,180.0,0.01,0.0,0.0,256,20,3,0.5,0.1,0.99,10.0,256,20,0,128,0,5.0,5.0,167.2563980426685,5445.078108024954,0.0,0.0,0.0,
direct,transverse,300.0,1800.0,0.1,0.11,5.0,5.5,10.0,10.0,10,100.0,inf,full,both,inf,180.0,0.01,0.0,0.0,256,20,3,0.5,0.1,0.99,10.0,256,20,0,128,0,5.0,5.5,167.2563980426685,5967.449483451632,0.0,0.0,0.0,
direct,transverse,300.0,1800.0,0.1,0.11,5.0,6.25,10.0,10.0,10,100.0,inf,full,both,inf,180.0,0.01,0.0,0.0,256,20,3,0.5,0.1,0.99,10.0,256,20,0,128,0,5.0,6.25,167.2563980426685,6628.157130757683,0.0,0.0,0.0,
direct,transverse,300.0,1800.0,0.1,0.11,5.0,7.5,10.0,10.0,10,100.0,inf,full,both,inf,180.0,0.01,0.0,0.0,256,20,3,0.5,0.1,0.99,10.0,256,20,0,128,0,5.0,7.5,167.2563980426685,7460.205671046461,0.0,0.0,0.0,
direct,transverse,300.0,1800.0,0.1,0.11,5.0,10.0,10.0,10.0,10,100.0,inf,full,both,inf,180.0,0.01,0.0,0.0,256,20,3,0.5,0.1,0.99,10.0,256,20,0,128,0,5.0,10.0,167.2563980426685,8505.49121847887,0.0,0.0,0.0,
direct,transverse,300.0,1800.0,0.1,0.11,5.0,inf,10.0,10.0,10,100.0,inf,full,both,inf,180.0,0.01,0.0,0.0,256,20,3,0.5,0.1,0.99,10.0,256,20,0,128,0,5.0,19.79999999999995,167.2563980426685,9600.723973656131,0.0,0.0,0.0,
direct,transverse,300.0,1800.0,0.1,0.125,5.0,1.25,10.0,10.0,10,100.0,inf,full,both,inf,180.0,0.01,0.0,0.0,256,20,3,0.5,0.1,0.99,10.0,256,20,0,128,0,5.0,1.25,132.63285031270308,1527.74249572712,0.0,0.0,0.0,
direct,transverse,300.0,1800.0,0.1,0.125,5.0,2.5,10.0,10.0,10,100.0,inf,full,both,inf,180.0,0.01,0.0,0.0,256,20,3,0.5,0.1,0.99,10.0,256,20,0,128,0,5.0,2.5,184.7018730881649,1910.6651128808005,0.0,0.0,0.0,
direct,transverse,300.0,1800.0,0.1,0.125,5.0,3.75,10.0,10.0,10,100.0,inf,full,both,inf,180.0,0.01,0.0,0.0,256,20,3,0.5,0.1,0.99,10.0,256,20,0,128,0,5.0,3.75,184.73719716398597,3740.378933872749,0.0,0.0,0.0,
direct,transverse,300.0,1800.0,0.1,0.125,5.0,4.5,10.0,10.0,10,100.0,inf,full,both,inf,180.0,0.01,0.0,0.0,256,20,3,0.5,0.1,0.99,10.0,256,20,0,128,0,5.0,4.5,184.73719716398597,4789.246636763863,0.0,0.0,0.0,
direct,transverse,300.0,1800.0,0.1,0.125,5.0,5.0,10.0,10.0,10,100.0,inf,full,both,inf,180.0,0.01,0.0,0.0,256,20,3,0.5,0.1,0.99,10.0,256,20,0,128,0,5.0,5.0,184.73719716398597,5427.894645431067,0.0,0.0,0.0,
direct,transverse,300.0,1800.0,0.1,0.125,5.0,5.5,10.0,10.0,10,100.0,inf,full,both,inf,180.0,0.01,0.0,0.0,256,20,3,0.5,0.1,0.99,10.0,256,20,0,128,0,5.0,5.5,184.73719716398597,6018.130311115378,0.0,0.0,0.0,
direct,transverse,300.0,1800.0,0.1,0.125,5.0,6.25,10.0,10.0,10,100.0,inf,full,both,inf,180.0,0.01,0.0,0.0,256,20,3,0.5,0.1,0.99,10.0,256,20,0,128,0,5.0,6.25,184.73719716398597,6806.178157813116,0.0,0.0,0.0,
direct,transverse,300.0,1800.0,0.1,0.125,5.0,7.5,10.0,10.0,10,100.0,inf,full,both,inf,180.0,0.01,0.0,0.0,256,20,3,0.5,0.1,0.99,10.0,256,20,0,128,0,5.0,7.5,184.73719716398597,7846.519625879256,0.0,0.0,0.0,
direct,transverse,300.0,1800.0,0.1,0.125,5.0,10.0,10.0,10.0,10,100.0,inf,full,both,inf,180.0,0.01,0.0,0.0,256,20,3,0.5,0.1,0.99,10.0,256,20,0,128,0,5.0,10.0,184.73719716398597,9189.525677497886,0.0,0.0,0.0,
direct,transverse,300.0,1800.0,0.1,0.125,5.0,inf,10.0,10.0,10,100.0,inf,full,both,inf,180.0,0.01,0.0,0.0,256,20,3,0.5,0.1,0.99,10.0,256,20,0,128,0,5.0,22.5,184.73719716398597,10906.247228273924,0.0,0.0,0.0,
direct,transverse,300.0,1800.0,0.1,0.15,5.0,1.25,10.0,10.0,10,100.0,inf,full,both,inf,180.0,0.01,0.0,0.0,256,20,3,0.5,0.1,0.99,10.0,256,20,0,128,0,5.0,1.25,137.56276412339386,1592.7512101995555,0.0,0.0,0.0,
direct,transverse,300.0,1800.0,0.1,0.15,5.0,2.5,10.0,10.0,10,100.0,inf,full,both,inf,180.0,0.01,0.0,0.0,256,20,3,0.5,0.1,0.99,10.0,256,20,0,128,0,5.0,2.5,207.87240310558732,1800.5854433395816,0.0,0.0,0.0,
direct,transverse,300.0,1800.0,0.1,0.15,5.0,3.75,10.0,10.0,10,100.0,inf,full,both,inf,180.0,0.01,0.0,0.0,256,20,3,0.5,0.1,0.99,10.0,256,20,0,128,0,5.0,3.75,208.07664909698923,3464.8785712603994,0.0,0.0,0.0,
direct,transverse,300.0,1800.0,0.1,0.15,5.0,4.5,10.0,10.0,10,100.0,inf,full,both,inf,180.0,0.01,0.0,0.0,256,20,3,0.5,0.1,0.99,10.0,256,20,0,128,0,5.0,4.5,208.07664909698923,4610.995597057755,0.0,0.0,0.0,
direct,transverse,300.0,1800.0,0.1,0.15,5.0,5.0,10.0,10.0,10,100.0,inf,full,both,inf,180.0,0.01,0.0,0.0,256,20,3,0.5,0.1,0.99,10.0,256,20,0,128,0,5.0,5.0,208.07664909698923,5315.747606731132,0.0,0.0,0.0,
direct,transverse,300.0,1800.0,0.1,0.15,5.0,5.5,10.0,10.0,10,100.0,inf,full,both,inf,180.0,0.01,0.0,0.0,256,20,3,0.5,0.1,0.99,10.0,256,20,0,128,0,5.0,5.5,208.07664909698923,5977.548255848882,0.0,0.0,0.0,
direct,transverse,300.0,1800.0,0.1,0.15,5.0,6.25,10.0,10.0,10,100.0,inf,full,both,inf,180.0,0.01,0.0,0.0,256,20,3,0.5,0.1,0.99,10.0,256,20,0,128,0,5.0,6.25,208.07664909698923,6893.697434795089,0.0,0.0,0.0,
direct,transverse,300.0,1800.0,0.1,0.15,5.0,7.5,10.0,10.0,10,100.0,inf,full,both,inf,180.0,0.01,0.0,0.0,256,20,3,0.5,0.1,0.99,10.0,256,20,0,128,0,5.0,7.5,208.07664909698923,8214.165607052044,0.0,0.0,0.0,
direct,transverse,300.0,1800.0,0.1,0.15,5.0,10.0,10.0,10.0,10,100.0,inf,full,both,inf,180.0,0.01,0.0,0.0,256,20,3,0.5,0.1,0.99,10.0,256,20,0,128,0,5.0,10.0,208.07664909698923,10071.218551963151,0.0,0.0,0.0,
direct,transverse,300.0,1800.0,0.1,0.15,5.0,inf,10.0,10.0,10,100.0,inf,full,both,inf,180.0,0.01,0.0,0.0,256,20,3,0.5,0.1,0.99,10.0,256,20,0,128,0,5.0,26.99999999999992,208.07664909698923,13086.742226701746,0.0,0.0,0.0,
direct,transverse,300.0,1800.0,0.1,0.2,5.0,1.25,10.0,10.0,10,100.0,inf,full,both,inf,180.0,0.01,0.0,0.0,256,20,3,0.5,0.1,0.99,10.0,256,20,0,128,0,5.0,1.25,142.92531793440216,1672.7449464860224,0.0,0.0,0.0,
direct,transverse,300.0,1800.0,0.1,0.2,5.0,2.5,10.0,10.0,10,100.0,inf,full,both,inf,180.0,0.01,0.0,0.0,256,20,3,0.5,0.1,0.99,10.0,256,20,0,128,0,5.0,2.5,238.3792370352501,1799.2182431988736,0.0,0.0,0.0,
direct,transverse,300.0,1800.0,0.1,0.2,5.0,3.75,10.0,10.0,10,100.0,inf,full,both,inf,180.0,0.01,0.0,0.0,256,20,3,0.5,0.1,0.99,10.0,256,20,0,128,0,5.0,3.75,239.42887810362484,2986.95775289763,0.0,0.0,0.0,
direct,transverse,300.0,1800.0,0.1,0.2,5.0,4.5,10.0,10.0,10,100.0,inf,full,both,inf,180.0,0.01,0.0,0.0,256,20,3,0.5,0.1,0.99,10.0,256,20,0,128,0,5.0,4.5,239.44760866793865,4229.648057987613,0.0,0.0,0.0,
direct,transverse,300.0,1800.0,0.1,0.2,5.0,5.0,10.0,10.0,10,100.0,inf,full,both,inf,180.0,0.01,0.0,0.0,256,20,3,0.5,0.1,0.99,10.0,256,20,0,128,0,5.0,5.0,239.44760866793865,5027.665234158262,0.0,0.0,0.0,
direct,transverse,300.0,1800.0,0.1,0.2,5.0,5.5,10.0,10.0,10,100.0,inf,full,both,inf,180.0,0.01,0.0,0.0,256,20,3,0.5,0.1,0.99,10.0,256,20,0,128,0,5.0,5.5,239.44760866793865,5780.101696588142,0.0,0.0,0.0,
direct,transverse,300.0,1800.0,0.1,0.2,5.0,6.25,10.0,10.0,10,100.0,inf,full,both,inf,180.0,0.01,0.0,0.0,256,20,3,0.5,0.1,0.99,10.0,256,20,0,128,0,5.0,6.25,239.44760866793865,6838.909117675778,0.0,0.0,0.0,
direct,transverse,300.0,1800.0,0.1,0.2,5.0,7.5,10.0,10.0,10,100.0,inf,full,both,inf,180.0,0.01,0.0,0.0,256,20,3,0.5,0.1,0.99,10.0,256,20,0,128,0,5.0,7.5,239.44760866793865,8434.195070425705,0.0,0.0,0.0,
direct,transverse,300.0,1800.0,0.1,0.2,5.0,10.0,10.0,10.0,10,100.0,inf,full,both,inf,180.0,0.01,0.0,0.0,256,20,3,0.5,0.1,0.99,10.0,256,20,0,128,0,5.0,10.0,239.44760866793865,11078.737700880183,0.0,0.0,0.0,
direct,transverse,300.0,1800.0,0.1,0.2,5.0,inf,10.0,10.0,10,100.0,inf,full,both,inf,180.0,0.01,0.0,0.0,256,20,3,0.5,0.1,0.99,10.0,256,20,0,128,0,5.0,35.99999999999997,239.44760866793865,17473.72229275192,0.0,0.0,0.0,
hcw,flee,300.0,1800.0,0.1,0.025,5.0,1.25,10.0,10.0,10,100.0,inf,full,both,inf,180.0,0.01,0.0,0.0,256,20,3,0.5,0.1,0.99,10.0,256,20,0,128,128,2.9674754405594244,1.2121093749999996,9.697221222493145,9.697221222493138,0.0,0.0,1.0,480.0
hcw,flee,300.0,1800.0,0.1,0.025,5.0,2.5,10.0,10.0,10,100.0,inf,full,both,inf,180.0,0.01,0.0,0.0,256,20,3,0.5,0.1,0.99,10.0,256,20,0,128,128,2.9674754405594244,1.2121093749999996,9.697221222493145,9.697221222493138,0.0,0.0,1.0,480.0
hcw,flee,300.0,1800.0,0.1,0.025,5.0,3.75,10.0,10.0,10,100.0,inf,full,both,inf,180.0,0.01,0.0,0.0,256,20,3,0.5,0.1,0.99,10.0,256,20,0,128,128,2.9674754405594244,1.2121093749999996,9.697221222493145,9.697221222493138,0.0,0.0,1.0,480.0
hcw,flee,300.0,1800.0,0.1,0.025,5.0,4.5,10.0,10.0,10,100.0,inf,full,both,inf,180.0,0.01,0.0,0.0,256,20,3,0.5,0.1,0.99,10.0,256,20,0,128,128,2.9674754405594244,1.2121093749999996,9.697221222493145,9.697221222493138,0.0,0.0,1.0,480.0
hcw,flee,300.0,1800.0,0.1,0.025,5.0,5.0,10.0,10.0,10,100.0,inf,full,both,inf,180.0,0.01,0.0,0.0,256,20,3,0.5,0.1,0.99,10.0,256,20,0,128,128,2.9674754405594244,1.2121093749999996,9.697221222493145,9.697221222493138,0.0,0.0,1.0,480.0
hcw,flee,300.0,1800.0,0.1,0.025,5.0,5.5,10.0,10.0,10,100.0,inf,full,both,inf,180.0,0.01,0.0,0.0,256,20,3,0.5,0.1,0.99,10.0,256,20,0,128,128,2.9674754405594244,1.2121093749999996,9.697221222493145,9.697221222493138,0.0,0.0,1.0,480.0
hcw,flee,300.0,1800.0,0.1,0.025,5.0,6.25,10.0,10.0,10,100.0,inf,full,both,inf,180.0,0.01,0.0,0.0,256,20,3,0.5,0.1,0.99,10.0,256,20,0,128,128,2.9674754405594244,1.2121093749999996,9.697221222493145,9.697221222493138,0.0,0.0,1.0,480.0
hcw,flee,300.0,1800.0,0.1,0.025,5.0,7.5,10.0,10.0,10,100.0,inf,full,both,inf,180.0,0.01,0.0,0.0,256,20,3,0.5,0.1,0.99,10.0,256,20,0,128,128,2.9674754405594244,1.2121093749999996,9.697221222493145,9.697221222493138,0.0,0.0,1.0,480.0
hcw,flee,300.0,1800.0,0.1,0.025,5.0,10.0,10.0,10.0,10,100.0,inf,full,both,inf,180.0,0.01,0.0,0.0,256,20,3,0.5,0.1,0.99,10.0,256,20,0,128,128,2.9674754405594244,1.2121093749999996,9.697221222493145,9.697221222493138,0.0,0.0,1.0,480.0
hcw,flee,300.0,1800.0,0.1,0.025,5.0,inf,10.0,10.0,10,100.0,inf,full,both,inf,180.0,0.01,0.0,0.0,256,20,3,0.5,0.1,0.99,10.0,256,20,0,128,128,2.9674754405594244,1.2121093749999996,9.697221222493145,9.697221222493138,0.0,0.0,1.0,480.0
hcw,flee,300.0,1800.0,0.1,0.05,5.0,1.25,10.0,10.0,10,100.0,inf,full,both,inf,180.0,0.01,0.0,0.0,256,20,3,0.5,0.1,0.99,10.0,256,20,0,128,128,3.878502254873853,1.25,9.582605775123398,9.5826057751234,0.0,0.0,1.0,500.0
hcw,flee,300.0,1800.0,0.1,0.05,5.0,2.5,10.0,10.0,10,100.0,inf,full,both,inf,180.0,0.01,0.0,0.0,256,20,3,0.5,0.1,0.99,10.0,256,20,0,128,128,3.4090657234374317,2.5,9.498169279522592,9.498169279522592,0.0,0.0,1.0,540.0
hcw,flee,300.0,1800.0,0.1,0.05,5.0,3.75,10.0,10.0,10,100.0,inf,full,both,inf,180.0,0.01,0.0,0.0,256,20,3,0.5,0.1,0.99,10.0,256,20,0,128,128,3.627264205370409,2.8644531249999976,9.723684407327662,9.723684407327651,0.0,0.0,1.0,570.0
hcw,flee,300.0,1800.0,0.1,0.05,5.0,4.5,10.0,10.0,10,100.0,inf,full,both,inf,180.0,0.01,0.0,0.0,256,20,3,0.5,0.1,0.99,10.0,256,20,0,128,128,3.627264205370409,2.8644531249999976,9.723684407327662,9.723684407327651,0.0,0.0,1.0,570.0
hcw,flee,300.0,1800.0,0.1,0.05,5.0,5.0,10.0,10.0,10,100.0,inf,full,both,inf,180.0,0.01,0.0,0.0,256,20,3,0.5,0.1,0.99,10.0,256,20,0,128,128,3.627264205370409,2.8644531249999976,9.723684407327662,9.723684407327651,0.0,0.0,1.0,570.0
hcw,flee,300.0,1800.0,0.1,0.05,5.0,5.5,10.0,10.0,10,100.0,inf,full,both,inf,180.0,0.01,0.0,0.0,256,20,3,0.5,0.1,0.99,10.0,256,20,0,128,128,3.627264205370409,2.8644531249999976,9.723684407327662,9.723684407327651,0.0,0.0,1.0,570.0
hcw,flee,300.0,1800.0,0.1,0.05,5.0,6.25,10.0,10.0,10,100.0,inf,full,both,inf,180.0,0.01,0.0,0.0,256,20,3,0.5,0.1,0.99,10.0,256,20,0,128,128,3.627264205370409,2.8644531249999976,9.723684407327662,9.723684407327651,0.0,0.0,1.0,570.0
hcw,flee,300.0,1800.0,0.1,0.05,5.0,7.5,10.0,10.0,10,100.0,inf,full,both,inf,180.0,0.01,0.0,0.0,256,20,3,0.5,0.1,0.99,10.0,256,20,0,128,128,3.627264205370409,2.8644531249999976,9.723684407327662,9.723684407327651,0.0,0.0,1.0,570.0
hcw,flee,300.0,1800.0,0.1,0.05,5.0,10.0,10.0,10.0,10,100.0,inf,full,both,inf,180.0,0.01,0.0,0.0,256,20,3,0.5,0.1,0.99,10.0,256,20,0,128,128,3.627264205370409,2.8644531249999976,9.723684407327662,9.723684407327651,0.0,0.0,1.0,570.0
hcw,flee,300.0,1800.0,0.1,0.05,5.0,inf,10.0,10.0,10,100.0,inf,full,both,inf,180.0,0.01,0.0,0.0,256,20,3,0.5,0.1,0.99,10.0,256,20,0,128,128,3.627264205370409,2.8644531249999976,9.723684407327662,9.723684407327651,0.0,0.0,1.0,570.0
hcw,flee,300.0,1800.0,0.1,0.075,5.0,1.25,10.0,10.0,10,100.0,inf,full,both,inf,180.0,0.01,0.0,0.0,256,20,3,0.5,0.1,0.99,10.0,256,20,0,128,128,4.304757952040084,1.25,9.349254541530808,9.3492545415308,0.0,0.0,1.0,530.0
hcw,flee,300.0,1800.0,0.1,0.075,5.0,2.5,10.0,10.0,10,100.0,inf,full,both,inf,180.0,0.01,0.0,0.0,256,20,3,0.5,0.1,0.99,10.0,256,20,0,128,128,4.888540285427522,2.5,9.17034607845568,9.170346078455676,0.0,0.0,1.0,610.0
hcw,flee,300.0,1800.0,0.1,0.075,5.0,3.75,10.0,10.0,10,100.0,inf,full,both,inf,180.0,0.01,0.0,0.0,256,20,3,0.5,0.1,0.99,10.0,256,20,0,128,128,4.636550103038828,3.75,9.286859791003428,9.286859791003426,0.0,0.0,1.0,630.0
hcw,flee,300.0,1800.0,0.1,0.075,5.0,4.5,10.0,10.0,10,100.0,inf,full,both,inf,180.0,0.01,0.0,0.0,256,20,3,0.5,0.1,0.99,10.0,256,20,0,128,128,4.8836189707567055,4.5,9.285090935159404,9.285090935159426,0.0,0.0,1.0,670.0
hcw,flee,300.0,1800.0,0.1,0.075,5.0,5.0,10.0,10.0,10,100.0,inf,full,both,inf,180.0,0.01,0.0,0.0,256,20,3,0.5,0.1,0.99,10.0,256,20,0,128,5,5.0,5.0,17.30827940054298,190.61428066928468,0.0,0.0,0.0390625,730.0
hcw,flee,300.0,1800.0,0.1,0.075,5.0,5.5,10.0,10.0,10,100.0,inf,full,both,inf,180.0,0.01,0.0,0.0,256,20,3,0.5,0.1,0.99,10.0,256,20,0,128,0,5.0,5.5,17.412758580859546,784.1026188244556,0.0,0.0,0.0,
hcw,flee,300.0,1800.0,0.1,0.075,5.0,6.25,10.0,10.0,10,100.0,inf,full,both,inf,180.0,0.01,0.0,0.0,256,20,3,0.5,0.1,0.99,10.0,256,20,0,128,0,5.0,6.25,17.412758580859546,1595.8974260811517,0.0,0.0,0.0,
hcw,flee,300.0,1800.0,0.1,0.075,5.0,7.5,10.0,10.0,10,100.0,inf,full,both,inf,180.0,0.01,0.0,0.0,256,20,3,0.5,0.1,0.99,10.0,256,20,0,128,0,5.0,7.5,17.412758580859546,2748.9045166365054,0.0,0.0,0.0,
hcw,flee,300.0,1800.0,0.1,0.075,5.0,10.0,10.0,10.0,10,100.0,inf,full,both,inf,180.0,0.01,0.0,0.0,256,20,3,0.5,0.1,0.99,10.0,256,20,0,128,0,5.0,10.0,17.412758580859546,4368.830639823725,0.0,0.0,0.0,
hcw,flee,300.0,1800.0,0.1,0.075,5.0,inf,10.0,10.0,10,100.0,inf,full,both,inf,180.0,0.01,0.0,0.0,256,20,3,0.5,0.1,0.99,10.0,256,20,0,128,0,5.0,13.49999999999996,17.412758580859546,5204.993533394771,0.0,0.0,0.0,
hcw,flee,300.0,1800.0,0.1,0.09,5.0,1.25,10.0,10.0,10,100.0,inf,full,both,inf,180.0,0.01,0.0,0.0,256,20,3,0.5,0.1,0.99,10.0,256,20,0,128,128,4.43516098295588,1.25,9.530417441503692,9.530417441503689,0.0,0.0,1.0,530.0
hcw,flee,300.0,1800.0,0.1,0.09,5.0,2.5,10.0,10.0,10,100.0,inf,full,both,inf,180.0,0.01,0.0,0.0,256,20,3,0.5,0.1,0.99,10.0,256,20,0,128,128,5.0,2.5,6.965357464995927,6.965357464995928,0.0,0.0,1.0,570.0
hcw,flee,300.0,1800.0,0.1,0.09,5.0,3.75,10.0,10.0,10,100.0,inf,full,both,inf,180.0,0.01,0.0,0.0,256,20,3,0.5,0.1,0.99,10.0,256,20,0,128,74,5.0,3.75,12.990430265912082,460.9246443828849,0.0,0.0,0.578125,590.0
hcw,flee,300.0,1800.0,0.1,0.09,5.0,4.5,10.0,10.0,10,100.0,inf,full,both,inf,180.0,0.01,0.0,0.0,256,20,3,0.5,0.1,0.99,10.0,256,20,0,128,21,5.0,4.5,77.24463590893463,433.4763061629105,0.0,0.0,0.1640625,730.0
hcw,flee,300.0,1800.0,0.1,0.09,5.0,5.0,10.0,10.0,10,100.0,inf,full,both,inf,180.0,0.01,0.0,0.0,256,20,3,0.5,0.1,0.99,10.0,256,20,0,128,1,5.0,5.0,154.79262413692513,519.8980476722744,0.0,0.0,0.0078125,1750.0
hcw,flee,300.0,1800.0,0.1,0.09,5.0,5.5,10.0,10.0,10,100.0,inf,full,both,inf,180.0,0.01,0.0,0.0,256,20,3,0.5,0.1,0.99,10.0,256,20,0,128,0,5.0,5.5,181.3288971677443,1128.6395982201932,0.0,0.0,0.0,
hcw,flee,300.0,1800.0,0.1,0.09,5.0,6.25,10.0,10.0,10,100.0,inf,full,both,inf,180.0,0.01,0.0,0.0,256,20,3,0.5,0.1,0.99,10.0,256,20,0,128,0,5.0,6.25,181.3288971677443,2057.6443090244597,0.0,0.0,0.0,
hcw,flee,300.0,1800.0,0.1,0.09,5.0,7.5,10.0,10.0,10,100.0,inf,full,both,inf,180.0,0.01,0.0,0.0,256,20,3,0.5,0.1,0.99,10.0,256,20,0,128,0,5.0,7.5,181.3288971677443,3437.29444414262,0.0,0.0,0.0,
hcw,flee,300.0,1800.0,0.1,0.09,5.0,10.0,10.0,10.0,10,100.0,inf,full,both,inf,180.0,0.01,0.0,0.0,256,20,3,0.5,0.1,0.99,10.0,256,20,0,128,0,5.0,10.0,181.3288971677443,5577.031537097343,0.0,0.0,0.0,
hcw,flee,300.0,1800.0,0.1,0.09,5.0,inf,10.0,10.0,10,100.0,inf,full,both,inf,180.0,0.01,0.0,0.0,256,20,3,0.5,0.1,0.99,10.0,256,20,0,128,0,5.0,16.19999999999998,181.3288971677443,7750.039767570078,0.0,0.0,0.0,
hcw,flee,300.0,1800.0,0.1,0.1,5.0,1.25,10.0,10.0,10,100.0,inf,full,both,inf,180.0,0.01,0.0,0.0,256,20,3,0.5,0.1,0.99,10.0,256,20,0,128,128,4.499693856237794,1.25,9.501305344068507,9.501305344068513,0.0,0.0,1.0,530.0
hcw,flee,300.0,1800.0,0.1,0.1,5.0,2.5,10.0,10.0,10,100.0,inf,full,both,inf,180.0,0.01,0.0,0.0,256,20,3,0.5,0.1,0.99,10.0,256,20,0,128,128,5.0,2.5,6.127501924034664,6.127501924034662,0.0,0.0,1.0,560.0
hcw,flee,300.0,1800.0,0.1,0.1,5.0,3.75,10.0,10.0,10,100.0,inf,full,both,inf,180.0,0.01,0.0,0.0,256,20,3,0.5,0.1,0.99,10.0,256,20,0,128,36,5.0,3.75,27.443672908719,877.6163856755561,0.0,0.0,0.28125,640.0
hcw,flee,300.0,1800.0,0.1,0.1,5.0,4.5,10.0,10.0,10,100.0,inf,full,both,inf,180.0,0.01,0.0,0.0,256,20,3,0.5,0.1,0.99,10.0,256,20,0,128,10,5.0,4.5,140.46750602681314,561.2838150397249,0.0,0.0,0.078125,875.0
hcw,flee,300.0,1800.0,0.1,0.1,5.0,5.0,10.0,10.0,10,100.0,inf,full,both,inf,180.0,0.01,0.0,0.0,256,20,3,0.5,0.1,0.99,10.0,256,20,0,128,0,5.0,5.0,243.2923883925068,757.7244904851701,0.0,0.0,0.0,
hcw,flee,300.0,1800.0,0.1,0.1,5.0,5.5,10.0,10.0,10,100.0,inf,full,both,inf,180.0,0.01,0.0,0.0,256,20,3,0.5,0.1,0.99,10.0,256,20,0,128,0,5.0,5.5,290.440616427006,1400.281449344689,0.0,0.0,0.0,
hcw,flee,300.0,1800.0,0.1,0.1,5.0,6.25,10.0,10.0,10,100.0,inf,full,both,inf,180.0,0.01,0.0,0.0,256,20,3,0.5,0.1,0.99,10.0,256,20,0,128,0,5.0,6.25,290.440616427006,2385.7153538250195,0.0,0.0,0.0,
hcw,flee,300.0,1800.0,0.1,0.1,5.0,7.5,10.0,10.0,10,100.0,inf,full,both,inf,180.0,0.01,0.0,0.0,256,20,3,0.5,0.1,0.99,10.0,256,20,0,128,0,5.0,7.5,290.440616427006,3883.0650738450186,0.0,0.0,0.0,
hcw,flee,300.0,1800.0,0.1,0.1,5.0,10.0,10.0,10.0,10,100.0,inf,full,both,inf,180.0,0.01,0.0,0.0,256,20,3,0.5,0.1,0.99,10.0,256,20,0,128,0,5.0,10.0,290.440616427006,6302.551310517253,0.0,0.0,0.0,
hcw,flee,300.0,1800.0,0.1,0.1,5.0,inf,10.0,10.0,10,100.0,inf,full,both,inf,180.0,0.01,0.0,0.0,256,20,3,0.5,0.1,0.99,10.0,256,20,0,128,0,5.0,17.999999999999986,290.440616427006,9564.752666635304,0.0,0.0,0.0,
hcw,flee,300.0,1800.0,0.1,0.11,5.0,1.25,10.0,10.0,10,100.0,inf,full,both,inf,180.0,0.01,0.0,0.0,256,20,3,0.5,0.1,0.99,10.0,256,20,0,128,128,4.55655971272886,1.25,9.48974504688307,9.489745046883074,0.0,0.0,1.0,530.0
hcw,flee,300.0,1800.0,0.1,0.11,5.0,2.5,10.0,10.0,10,100.0,inf,full,both,inf,180.0,0.01,0.0,0.0,256,20,3,0.5,0.1,0.99,10.0,256,20,0,128,128,5.0,2.5,4.641647311255928,4.898015432080274,0.0,0.0,1.0,560.0
hcw,flee,300.0,1800.0,0.1,0.11,5.0,3.75,10.0,10.0,10,100.0,inf,full,both,inf,180.0,0.01,0.0,0.0,256,20,3,0.5,0.1,0.99,10.0,256,20,0,128,17,5.0,3.75,44.06122539430618,1104.4714361205183,0.0,0.0,0.1328125,670.0
hcw,flee,300.0,1800.0,0.1,0.11,5.0,4.5,10.0,10.0,10,100.0,inf,full,both,inf,180.0,0.01,0.0,0.0,256,20,3,0.5,0.1,0.99,10.0,256,20,0,128,3,5.0,4.5,179.30938826424446,685.3407960055249,0.0,0.0,0.0234375,1010.0
hcw,flee,300.0,1800.0,0.1,0.11,5.0,5.0,10.0,10.0,10,100.0,inf,full,both,inf,180.0,0.01,0.0,0.0,256,20,3,0.5,0.1,0.99,10.0,256,20,0,128,0,5.0,5.0,269.504235088287,963.9725234199954,0.0,0.0,0.0,
hcw,flee,300.0,1800.0,0.1,0.11,5.0,5.5,10.0,10.0,10,100.0,inf,full,both,inf,180.0,0.01,0.0,0.0,256,20,3,0.5,0.1,0.99,10.0,256,20,0,128,0,5.0,5.5,300.0,1634.538963618632,0.0,0.0,0.0,
hcw,flee,300.0,1800.0,0.1,0.11,5.0,6.25,10.0,10.0,10,100.0,inf,full,both,inf,180.0,0.01,0.0,0.0,256,20,3,0.5,0.1,0.99,10.0,256,20,0,128,0,5.0,6.25,300.0,2669.2389707666603,0.0,0.0,0.0,
hcw,flee,300.0,1800.0,0.1,0.11,5.0,7.5,10.0,10.0,10,100.0,inf,full,both,inf,180.0,0.01,0.0,0.0,256,20,3,0.5,0.1,0.99,10.0,256,20,0,128,0,5.0,7.5,300.0,4266.209003781941,0.0,0.0,0.0,
hcw,flee,300.0,1800.0,0.1,0.11,5.0,10.0,10.0,10.0,10,100.0,inf,full,both,inf,180.0,0.01,0.0,0.0,256,20,3,0.5,0.1,0.99,10.0,256,20,0,128,0,5.0,10.0,300.0,6923.969294794088,0.0,0.0,0.0,
hcw,flee,300.0,1800.0,0.1,0.11,5.0,inf,10.0,10.0,10,100.0,inf,full,both,inf,180.0,0.01,0.0,0.0,256,20,3,0.5,0.1,0.99,10.0,256,20,0,128,0,5.0,19.79999999999995,300.0,11387.201179134445,0.0,0.0,0.0,
hcw,flee,300.0,1800.0,0.1,0.125,5.0,1.25,10.0,10.0,10,100.0,inf,full,both,inf,180.0,0.01,0.0,0.0,256,20,3,0.5,0.1,0.99,10.0,256,20,0,128,128,4.615188331794836,1.25,9.512267625137206,9.512267625137206,0.0,0.0,1.0,530.0
hcw,flee,300.0,1800.0,0.1,0.125,5.0,2.5,10.0,10.0,10,100.0,inf,full,both,inf,180.0,0.01,0.0,0.0,256,20,3,0.5,0.1,0.99,10.0,256,20,0,128,128,5.0,2.5,4.287910381918118,4.526734431843703,0.0,0.0,1.0,560.0
hcw,flee,300.0,1800.0,0.1,0.125,5.0,3.75,10.0,10.0,10,100.0,inf,full,both,inf,180.0,0.01,0.0,0.0,256,20,3,0.5,0.1,0.99,10.0,256,20,0,128,12,5.0,3.75,72.23270391785204,1123.2966042311707,0.0,0.0,0.09375,710.0
hcw,flee,300.0,1800.0,0.1,0.125,5.0,4.5,10.0,10.0,10,100.0,inf,full,both,inf,180.0,0.01,0.0,0.0,256,20,3,0.5,0.1,0.99,10.0,256,20,0,128,2,5.0,4.5,214.3889710889088,833.93588228696,0.0,0.0,0.015625,1110.0
hcw,flee,300.0,1800.0,0.1,0.125,5.0,5.0,10.0,10.0,10,100.0,inf,full,both,inf,180.0,0.01,0.0,0.0,256,20,3,0.5,0.1,0.99,10.0,256,20,0,128,0,5.0,5.0,283.6278969843155,1220.7871514438075,0.0,0.0,0.0,
hcw,flee,300.0,1800.0,0.1,0.125,5.0,5.5,10.0,10.0,10,100.0,inf,full,both,inf,180.0,0.01,0.0,0.0,256,20,3,0.5,0.1,0.99,10.0,256,20,0,128,0,5.0,5.5,300.0,1928.11659353539,0.0,0.0,0.0,
hcw,flee,300.0,1800.0,0.1,0.125,5.0,6.25,10.0,10.0,10,100.0,inf,full,both,inf,180.0,0.01,0.0,0.0,256,20,3,0.5,0.1,0.99,10.0,256,20,0,128,0,5.0,6.25,300.0,3026.188640065918,0.0,0.0,0.0,
hcw,flee,300.0,1800.0,0.1,0.125,5.0,7.5,10.0,10.0,10,100.0,inf,full,both,inf,180.0,0.01,0.0,0.0,256,20,3,0.5,0.1,0.99,10.0,256,20,0,128,0,5.0,7.5,300.0,4748.233883869958,0.0,0.0,0.0,
hcw,flee,300.0,1800.0,0.1,0.125,5.0,10.0,10.0,10.0,10,100.0,inf,full,both,inf,180.0,0.01,0.0,0.0,256,20,3,0.5,0.1,0.99,10.0,256,20,0,128,0,5.0,10.0,300.0,7704.9817568855215,0.0,0.0,0.0,
hcw,flee,300.0,1800.0,0.1,0.125,5.0,inf,10.0,10.0,10,100.0,inf,full,both,inf,180.0,0.01,0.0,0.0,256,20,3,0.5,0.1,0.99,10.0,256,20,0,128,0,5.0,22.5,300.0,14127.363306190824,0.0,0.0,0.0,
hcw,flee,300.0,1800.0,0.1,0.15,5.0,1.25,10.0,10.0,10,100.0,inf,full,both,inf,180.0,0.01,0.0,0.0,256,20,3,0.5,0.1,0.99,10.0,256,20,0,128,128,4.68892585542827,1.25,9.477981320590082,9.477981320590075,0.0,0.0,1.0,520.0
hcw,flee,300.0,1800.0,0.1,0.15,5.0,2.5,10.0,10.0,10,100.0,inf,full,both,inf,180.0,0.01,0.0,0.0,256,20,3,0.5,0.1,0.99,10.0,256,20,0,128,127,5.0,2.5,4.295949463039289,22.225666630408742,0.0,0.0,0.9921875,570.0
hcw,flee,300.0,1800.0,0.1,0.15,5.0,3.75,10.0,10.0,10,100.0,inf,full,both,inf,180.0,0.01,0.0,0.0,256,20,3,0.5,0.1,0.99,10.0,256,20,0,128,10,5.0,3.75,118.847904646569,1105.3492391380162,0.0,0.0,0.078125,780.0
hcw,flee,300.0,1800.0,0.1,0.15,5.0,4.5,10.0,10.0,10,100.0,inf,full,both,inf,180.0,0.01,0.0,0.0,256,20,3,0.5,0.1,0.99,10.0,256,20,0,128,1,5.0,4.5,243.42823032301732,1053.5091017423515,0.0,0.0,0.0078125,1210.0
hcw,flee,300.0,1800.0,0.1,0.15,5.0,5.0,10.0,10.0,10,100.0,inf,full,both,inf,180.0,0.01,0.0,0.0,256,20,3,0.5,0.1,0.99,10.0,256,20,0,128,0,5.0,5.0,288.6185498734837,1546.4988264859144,0.0,0.0,0.0,
hcw,flee,300.0,1800.0,0.1,0.15,5.0,5.5,10.0,10.0,10,100.0,inf,full,both,inf,180.0,0.01,0.0,0.0,256,20,3,0.5,0.1,0.99,10.0,256,20,0,128,0,5.0,5.5,300.0,2302.981730657387,0.0,0.0,0.0,
hcw,flee,300.0,1800.0,0.1,0.15,5.0,6.25,10.0,10.0,10,100.0,inf,full,both,inf,180.0,0.01,0.0,0.0,256,20,3,0.5,0.1,0.99,10.0,256,20,0,128,0,5.0,6.25,300.0,3484.948469766596,0.0,0.0,0.0,
hcw,flee,300.0,1800.0,0.1,0.15,5.0,7.5,10.0,10.0,10,100.0,inf,full,both,inf,180.0,0.01,0.0,0.0,256,20,3,0.5,0.1,0.99,10.0,256,20,0,128,0,5.0,7.5,300.0,5370.736562149317,0.0,0.0,0.0,
hcw,flee,300.0,1800.0,0.1,0.15,5.0,10.0,10.0,10.0,10,100.0,inf,full,both,inf,180.0,0.01,0.0,0.0,256,20,3,0.5,0.1,0.99,10.0,256,20,0,128,0,5.0,10.0,300.0,8716.957183933646,0.0,0.0,0.0,
hcw,flee,300.0,1800.0,0.1,0.15,5.0,inf,10.0,10.0,10,100.0,inf,full,both,inf,180.0,0.01,0.0,0.0,256,20,3,0.5,0.1,0.99,10.0,256,20,0,128,0,5.0,26.99999999999992,300.0,18703.00199852148,0.0,0.0,0.0,
hcw,flee,300.0,1800.0,0.1,0.2,5.0,1.25,10.0,10.0,10,100.0,inf,full,both,inf,180.0,0.01,0.0,0.0,256,20,3,0.5,0.1,0.99,10.0,256,20,0,128,128,4.772828063293771,1.25,9.46504387286238,9.46504387286238,0.0,0.0,1.0,510.0
hcw,flee,300.0,1800.0,0.1,0.2,5.0,2.5,10.0,10.0,10,100.0,inf,full,both,inf,180.0,0.01,0.0,0.0,256,20,3,0.5,0.1,0.99,10.0,256,20,0,128,107,5.0,2.5,6.499824556128587,377.6536035839737,0.0,0.0,0.8359375,570.0
hcw,flee,300.0,1800.0,0.1,0.2,5.0,3.75,10.0,10.0,10,100.0,inf,full,both,inf,180.0,0.01,0.0,0.0,256,20,3,0.5,0.1,0.99,10.0,256,20,0,128,4,5.0,3.75,171.46137305576377,1221.0195538581029,0.0,0.0,0.03125,835.0
hcw,flee,300.0,1800.0,0.1,0.2,5.0,4.5,10.0,10.0,10,100.0,inf,full,both,inf,180.0,0.01,0.0,0.0,256,20,3,0.5,0.1,0.99,10.0,256,20,0,128,0,5.0,4.5,266.5296560368039,1366.522489268259,0.0,0.0,0.0,
hcw,flee,300.0,1800.0,0.1,0.2,5.0,5.0,10.0,10.0,10,100.0,inf,full,both,inf,180.0,0.01,0.0,0.0,256,20,3,0.5,0.1,0.99,10.0,256,20,0,128,0,5.0,5.0,290.63306869143867,1972.814514186724,0.0,0.0,0.0,
hcw,flee,300.0,1800.0,0.1,0.2,5.0,5.5,10.0,10.0,10,100.0,inf,full,both,inf,180.0,0.01,0.0,0.0,256,20,3,0.5,0.1,0.99,10.0,256,20,0,128,0,5.0,5.5,300.0,2795.6186232256846,0.0,0.0,0.0,
hcw,flee,300.0,1800.0,0.1,0.2,5.0,6.25,10.0,10.0,10,100.0,inf,full,both,inf,180.0,0.01,0.0,0.0,256,20,3,0.5,0.1,0.99,10.0,256,20,0,128,0,5.0,6.25,300.0,4091.753291792621,0.0,0.0,0.0,
hcw,flee,300.0,1800.0,0.1,0.2,5.0,7.5,10.0,10.0,10,100.0,inf,full,both,inf,180.0,0.01,0.0,0.0,256,20,3,0.5,0.1,0.99,10.0,256,20,0,128,0,5.0,7.5,300.0,6200.398599633867,0.0,0.0,0.0,
hcw,flee,300.0,1800.0,0.1,0.2,5.0,10.0,10.0,10.0,10,100.0,inf,full,both,inf,180.0,0.01,0.0,0.0,256,20,3,0.5,0.1,0.99,10.0,256,20,0,128,0,5.0,10.0,300.0,10082.960086432591,0.0,0.0,0.0,
hcw,flee,300.0,1800.0,0.1,0.2,5.0,inf,10.0,10.0,10,100.0,inf,full,both,inf,180.0,0.01,0.0,0.0,256,20,3,0.5,0.1,0.99,10.0,256,20,0,128,0,5.0,35.99999999999997,300.0,27869.16836665904,0.0,0.0,0.0,
hcw,coast,300.0,1800.0,0.1,0.025,5.0,1.25,10.0,10.0,10,100.0,inf,full,both,inf,180.0,0.01,0.0,0.0,256,20,3,0.5,0.1,0.99,10.0,256,20,0,128,128,3.2304935304860924,0.0,9.519206001805696,9.519206001805696,0.0,0.0,1.0,400.0
hcw,coast,300.0,1800.0,0.1,0.025,5.0,2.5,10.0,10.0,10,100.0,inf,full,both,inf,180.0,0.01,0.0,0.0,256,20,3,0.5,0.1,0.99,10.0,256,20,0,128,128,3.2304935304860924,0.0,9.519206001805696,9.519206001805696,0.0,0.0,1.0,400.0
hcw,coast,300.0,1800.0,0.1,0.025,5.0,3.75,10.0,10.0,10,100.0,inf,full,both,inf,180.0,0.01,0.0,0.0,256,20,3,0.5,0.1,0.99,10.0,256,20,0,128,128,3.2304935304860924,0.0,9.519206001805696,9.519206001805696,0.0,0.0,1.0,400.0
hcw,coast,300.0,1800.0,0.1,0.025,5.0,4.5,10.0,10.0,10,100.0,inf,full,both,inf,180.0,0.01,0.0,0.0,256,20,3,0.5,0.1,0.99,10.0,256,20,0,128,128,3.2304935304860924,0.0,9.519206001805696,9.519206001805696,0.0,0.0,1.0,400.0
hcw,coast,300.0,1800.0,0.1,0.025,5.0,5.0,10.0,10.0,10,100.0,inf,full,both,inf,180.0,0.01,0.0,0.0,256,20,3,0.5,0.1,0.99,10.0,256,20,0,128,128,3.2304935304860924,0.0,9.519206001805696,9.519206001805696,0.0,0.0,1.0,400.0
hcw,coast,300.0,1800.0,0.1,0.025,5.0,5.5,10.0,10.0,10,100.0,inf,full,both,inf,180.0,0.01,0.0,0.0,256,20,3,0.5,0.1,0.99,10.0,256,20,0,128,128,3.2304935304860924,0.0,9.519206001805696,9.519206001805696,0.0,0.0,1.0,400.0
hcw,coast,300.0,1800.0,0.1,0.025,5.0,6.25,10.0,10.0,10,100.0,inf,full,both,inf,180.0,0.01,0.0,0.0,256,20,3,0.5,0.1,0.99,10.0,256,20,0,128,128,3.2304935304860924,0.0,9.519206001805696,9.519206001805696,0.0,0.0,1.0,400.0
hcw,coast,300.0,1800.0,0.1,0.025,5.0,7.5,10.0,10.0,10,100.0,inf,full,both,inf,180.0,0.01,0.0,0.0,256,20,3,0.5,0.1,0.99,10.0,256,20,0,128,128,3.2304935304860924,0.0,9.519206001805696,9.519206001805696,0.0,0.0,1.0,400.0
hcw,coast,300.0,1800.0,0.1,0.025,5.0,10.0,10.0,10.0,10,100.0,inf,full,both,inf,180.0,0.01,0.0,0.0,256,20,3,0.5,0.1,0.99,10.0,256,20,0,128,128,3.2304935304860924,0.0,9.519206001805696,9.519206001805696,0.0,0.0,1.0,400.0
hcw,coast,300.0,1800.0,0.1,0.025,5.0,inf,10.0,10.0,10,100.0,inf,full,both,inf,180.0,0.01,0.0,0.0,256,20,3,0.5,0.1,0.99,10.0,256,20,0,128,128,3.2304935304860924,0.0,9.519206001805696,9.519206001805696,0.0,0.0,1.0,400.0
hcw,coast,300.0,1800.0,0.1,0.05,5.0,1.25,10.0,10.0,10,100.0,inf,full,both,inf,180.0,0.01,0.0,0.0,256,20,3,0.5,0.1,0.99,10.0,256,20,0,128,128,3.2304935304860924,0.0,9.519206001805696,9.519206001805696,0.0,0.0,1.0,400.0
hcw,coast,300.0,1800.0,0.1,0.05,5.0,2.5,10.0,10.0,10,100.0,inf,full,both,inf,180.0,0.01,0.0,0.0,256,20,3,0.5,0.1,0.99,10.0,256,20,0,128,128,3.2304935304860924,0.0,9.519206001805696,9.519206001805696,0.0,0.0,1.0,400.0
hcw,coast,300.0,1800.0,0.1,0.05,5.0,3.75,10.0,10.0,10,100.0,inf,full,both,inf,180.0,0.01,0.0,0.0,256,20,3,0.5,0.1,0.99,10.0,256,20,0,128,128,3.2304935304860924,0.0,9.519206001805696,9.519206001805696,0.0,0.0,1.0,400.0
hcw,coast,300.0,1800.0,0.1,0.05,5.0,4.5,10.0,10.0,10,100.0,inf,full,both,inf,180.0,0.01,0.0,0.0,256,20,3,0.5,0.1,0.99,10.0,256,20,0,128,128,3.2304935304860924,0.0,9.519206001805696,9.519206001805696,0.0,0.0,1.0,400.0
hcw,coast,300.0,1800.0,0.1,0.05,5.0,5.0,10.0,10.0,10,100.0,inf,full,both,inf,180.0,0.01,0.0,0.0,256,20,3,0.5,0.1,0.99,10.0,256,20,0,128,128,3.2304935304860924,0.0,9.519206001805696,9.519206001805696,0.0,0.0,1.0,400.0
hcw,coast,300.0,1800.0,0.1,0.05,5.0,5.5,10.0,10.0,10,100.0,inf,full,both,inf,180.0,0.01,0.0,0.0,256,20,3,0.5,0.1,0.99,10.0,256,20,0,128,128,3.2304935304860924,0.0,9.519206001805696,9.519206001805696,0.0,0.0,1.0,400.0
hcw,coast,300.0,1800.0,0.1,0.05,5.0,6.25,10.0,10.0,10,100.0,inf,full,both,inf,180.0,0.01,0.0,0.0,256,20,3,0.5,0.1,0.99,10.0,256,20,0,128,128,3.2304935304860924,0.0,9.519206001805696,9.519206001805696,0.0,0.0,1.0,400.0
hcw,coast,300.0,1800.0,0.1,0.05,5.0,7.5,10.0,10.0,10,100.0,inf,full,both,inf,180.0,0.01,0.0,0.0,256,20,3,0.5,0.1,0.99,10.0,256,20,0,128,128,3.2304935304860924,0.0,9.519206001805696,9.519206001805696,0.0,0.0,1.0,400.0
hcw,coast,300.0,1800.0,0.1,0.05,5.0,10.0,10.0,10.0,10,100.0,inf,full,both,inf,180.0,0.01,0.0,0.0,256,20,3,0.5,0.1,0.99,10.0,256,20,0,128,128,3.2304935304860924,0.0,9.519206001805696,9.519206001805696,0.0,0.0,1.0,400.0
hcw,coast,300.0,1800.0,0.1,0.05,5.0,inf,10.0,10.0,10,100.0,inf,full,both,inf,180.0,0.01,0.0,0.0,256,20,3,0.5,0.1,0.99,10.0,256,20,0,128,128,3.2304935304860924,0.0,9.519206001805696,9.519206001805696,0.0,0.0,1.0,400.0
hcw,coast,300.0,1800.0,0.1,0.075,5.0,1.25,10.0,10.0,10,100.0,inf,full,both,inf,180.0,0.01,0.0,0.0,256,20,3,0.5,0.1,0.99,10.0,256,20,0,128,128,3.2304935304860924,0.0,9.519206001805696,9.519206001805696,0.0,0.0,1.0,400.0
hcw,coast,300.0,1800.0,0.1,0.075,5.0,2.5,10.0,10.0,10,100.0,inf,full,both,inf,180.0,0.01,0.0,0.0,256,20,3,0.5,0.1,0.99,10.0,256,20,0,128,128,3.2304935304860924,0.0,9.519206001805696,9.519206001805696,0.0,0.0,1.0,400.0
hcw,coast,300.0,1800.0,0.1,0.075,5.0,3.75,10.0,10.0,10,100.0,inf,full,both,inf,180.0,0.01,0.0,0.0,256,20,3,0.5,0.1,0.99,10.0,256,20,0,128,128,3.2304935304860924,0.0,9.519206001805696,9.519206001805696,0.0,0.0,1.0,400.0
hcw,coast,300.0,1800.0,0.1,0.075,5.0,4.5,10.0,10.0,10,100.0,inf,full,both,inf,180.0,0.01,0.0,0.0,256,20,3,0.5,0.1,0.99,10.0,256,20,0,128,128,3.2304935304860924,0.0,9.519206001805696,9.519206001805696,0.0,0.0,1.0,400.0
hcw,coast,300.0,1800.0,0.1,0.075,5.0,5.0,10.0,10.0,10,100.0,inf,full,both,inf,180.0,0.01,0.0,0.0,256,20,3,0.5,0.1,0.99,10.0,256,20,0,128,128,3.2304935304860924,0.0,9.519206001805696,9.519206001805696,0.0,0.0,1.0,400.0
hcw,coast,300.0,1800.0,0.1,0.075,5.0,5.5,10.0,10.0,10,100.0,inf,full,both,inf,180.0,0.01,0.0,0.0,256,20,3,0.5,0.1,0.99,10.0,256,20,0,128,128,3.2304935304860924,0.0,9.519206001805696,9.519206001805696,0.0,0.0,1.0,400.0
hcw,coast,300.0,1800.0,0.1,0.075,5.0,6.25,10.0,10.0,10,100.0,inf,full,both,inf,180.0,0.01,0.0,0.0,256,20,3,0.5,0.1,0.99,10.0,256,20,0,128,128,3.2304935304860924,0.0,9.519206001805696,9.519206001805696,0.0,0.0,1.0,400.0
hcw,coast,300.0,1800.0,0.1,0.075,5.0,7.5,10.0,10.0,10,100.0,inf,full,both,inf,180.0,0.01,0.0,0.0,256,20,3,0.5,0.1,0.99,10.0,256,20,0,128,128,3.2304935304860924,0.0,9.519206001805696,9.519206001805696,0.0,0.0,1.0,400.0
hcw,coast,300.0,1800.0,0.1,0.075,5.0,10.0,10.0,10.0,10,100.0,inf,full,both,inf,180.0,0.01,0.0,0.0,256,20,3,0.5,0.1,0.99,10.0,256,20,0,128,128,3.2304935304860924,0.0,9.519206001805696,9.519206001805696,0.0,0.0,1.0,400.0
hcw,coast,300.0,1800.0,0.1,0.075,5.0,inf,10.0,10.0,10,100.0,inf,full,both,inf,180.0,0.01,0.0,0.0,256,20,3,0.5,0.1,0.99,10.0,256,20,0,128,128,3.2304935304860924,0.0,9.519206001805696,9.519206001805696,0.0,0.0,1.0,400.0
hcw,coast,300.0,1800.0,0.1,0.09,5.0,1.25,10.0,10.0,10,100.0,inf,full,both,inf,180.0,0.01,0.0,0.0,256,20,3,0.5,0.1,0.99,10.0,256,20,0,128,128,3.2304935304860924,0.0,9.519206001805696,9.519206001805696,0.0,0.0,1.0,400.0
hcw,coast,300.0,1800.0,0.1,0.09,5.0,2.5,10.0,10.0,10,100.0,inf,full,both,inf,180.0,0.01,0.0,0.0,256,20,3,0.5,0.1,0.99,10.0,256,20,0,128,128,3.2304935304860924,0.0,9.519206001805696,9.519206001805696,0.0,0.0,1.0,400.0
hcw,coast,300.0,1800.0,0.1,0.09,5.0,3.75,10.0,10.0,10,100.0,inf,full,both,inf,180.0,0.01,0.0,0.0,256,20,3,0.5,0.1,0.99,10.0,256,20,0,128,128,3.2304935304860924,0.0,9.519206001805696,9.519206001805696,0.0,0.0,1.0,400.0
hcw,coast,300.0,1800.0,0.1,0.09,5.0,4.5,10.0,10.0,10,100.0,inf,full,both,inf,180.0,0.01,0.0,0.0,256,20,3,0.5,0.1,0.99,10.0,256,20,0,128,128,3.2304935304860924,0.0,9.519206001805696,9.519206001805696,0.0,0.0,1.0,400.0
hcw,coast,300.0,1800.0,0.1,0.09,5.0,5.0,10.0,10.0,10,100.0,inf,full,both,inf,180.0,0.01,0.0,0.0,256,20,3,0.5,0.1,0.99,10.0,256,20,0,128,128,3.2304935304860924,0.0,9.519206001805696,9.519206001805696,0.0,0.0,1.0,400.0
hcw,coast,300.0,1800.0,0.1,0.09,5.0,5.5,10.0,10.0,10,100.0,inf,full,both,inf,180.0,0.01,0.0,0.0,256,20,3,0.5,0.1,0.99,10.0,256,20,0,128,128,3.2304935304860924,0.0,9.519206001805696,9.519206001805696,0.0,0.0,1.0,400.0
hcw,coast,300.0,1800.0,0.1,0.09,5.0,6.25,10.0,10.0,10,100.0,inf,full,both,inf,180.0,0.01,0.0,0.0,256,20,3,0.5,0.1,0.99,10.0,256,20,0,128,128,3.2304935304860924,0.0,9.519206001805696,9.519206001805696,0.0,0.0,1.0,400.0
hcw,coast,300.0,1800.0,0.1,0.09,5.0,7.5,10.0,10.0,10,100.0,inf,full,both,inf,180.0,0.01,0.0,0.0,256,20,3,0.5,0.1,0.99,10.0,256,20,0,128,128,3.2304935304860924,0.0,9.519206001805696,9.519206001805696,0.0,0.0,1.0,400.0
hcw,coast,300.0,1800.0,0.1,0.09,5.0,10.0,10.0,10.0,10,100.0,inf,full,both,inf,180.0,0.01,0.0,0.0,256,20,3,0.5,0.1,0.99,10.0,256,20,0,128,128,3.2304935304860924,0.0,9.519206001805696,9.519206001805696,0.0,0.0,1.0,400.0
hcw,coast,300.0,1800.0,0.1,0.09,5.0,inf,10.0,10.0,10,100.0,inf,full,both,inf,180.0,0.01,0.0,0.0,256,20,3,0.5,0.1,0.99,10.0,256,20,0,128,128,3.2304935304860924,0.0,9.519206001805696,9.519206001805696,0.0,0.0,1.0,400.0
hcw,coast,300.0,1800.0,0.1,0.1,5.0,1.25,10.0,10.0,10,100.0,inf,full,both,inf,180.0,0.01,0.0,0.0,256,20,3,0.5,0.1,0.99,10.0,256,20,0,128,128,3.2304935304860924,0.0,9.519206001805696,9.519206001805696,0.0,0.0,1.0,400.0
hcw,coast,300.0,1800.0,0.1,0.1,5.0,2.5,10.0,10.0,10,100.0,inf,full,both,inf,180.0,0.01,0.0,0.0,256,20,3,0.5,0.1,0.99,10.0,256,20,0,128,128,3.2304935304860924,0.0,9.519206001805696,9.519206001805696,0.0,0.0,1.0,400.0
hcw,coast,300.0,1800.0,0.1,0.1,5.0,3.75,10.0,10.0,10,100.0,inf,full,both,inf,180.0,0.01,0.0,0.0,256,20,3,0.5,0.1,0.99,10.0,256,20,0,128,128,3.2304935304860924,0.0,9.519206001805696,9.519206001805696,0.0,0.0,1.0,400.0
hcw,coast,300.0,1800.0,0.1,0.1,5.0,4.5,10.0,10.0,10,100.0,inf,full,both,inf,180.0,0.01,0.0,0.0,256,20,3,0.5,0.1,0.99,10.0,256,20,0,128,128,3.2304935304860924,0.0,9.519206001805696,9.519206001805696,0.0,0.0,1.0,400.0
hcw,coast,300.0,1800.0,0.1,0.1,5.0,5.0,10.0,10.0,10,100.0,inf,full,both,inf,180.0,0.01,0.0,0.0,256,20,3,0.5,0.1,0.99,10.0,256,20,0,128,128,3.2304935304860924,0.0,9.519206001805696,9.519206001805696,0.0,0.0,1.0,400.0
hcw,coast,300.0,1800.0,0.1,0.1,5.0,5.5,10.0,10.0,10,100.0,inf,full,both,inf,180.0,0.01,0.0,0.0,256,20,3,0.5,0.1,0.99,10.0,256,20,0,128,128,3.2304935304860924,0.0,9.519206001805696,9.519206001805696,0.0,0.0,1.0,400.0
hcw,coast,300.0,1800.0,0.1,0.1,5.0,6.25,10.0,10.0,10,100.0,inf,full,both,inf,180.0,0.01,0.0,0.0,256,20,3,0.5,0.1,0.99,10.0,256,20,0,128,128,3.2304935304860924,0.0,9.519206001805696,9.519206001805696,0.0,0.0,1.0,400.0
hcw,coast,300.0,1800.0,0.1,0.1,5.0,7.5,10.0,10.0,10,100.0,inf,full,both,inf,180.0,0.01,0.0,0.0,256,20,3,0.5,0.1,0.99,10.0,256,20,0,128,128,3.2304935304860924,0.0,9.519206001805696,9.519206001805696,0.0,0.0,1.0,400.0
hcw,coast,300.0,1800.0,0.1,0.1,5.0,10.0,10.0,10.0,10,100.0,inf,full,both,inf,180.0,0.01,0.0,0.0,256,20,3,0.5,0.1,0.99,10.0,256,20,0,128,128,3.2304935304860924,0.0,9.519206001805696,9.519206001805696,0.0,0.0,1.0,400.0
hcw,coast,300.0,1800.0,0.1,0.1,5.0,inf,10.0,10.0,10,100.0,inf,full,both,inf,180.0,0.01,0.0,0.0,256,20,3,0.5,0.1,0.99,10.0,256,20,0,128,128,3.2304935304860924,0.0,9.519206001805696,9.519206001805696,0.0,0.0,1.0,400.0
hcw,coast,300.0,1800.0,0.1,0.11,5.0,1.25,10.0,10.0,10,100.0,inf,full,both,inf,180.0,0.01,0.0,0.0,256,20,3,0.5,0.1,0.99,10.0,256,20,0,128,128,3.2304935304860924,0.0,9.519206001805696,9.519206001805696,0.0,0.0,1.0,400.0
hcw,coast,300.0,1800.0,0.1,0.11,5.0,2.5,10.0,10.0,10,100.0,inf,full,both,inf,180.0,0.01,0.0,0.0,256,20,3,0.5,0.1,0.99,10.0,256,20,0,128,128,3.2304935304860924,0.0,9.519206001805696,9.519206001805696,0.0,0.0,1.0,400.0
hcw,coast,300.0,1800.0,0.1,0.11,5.0,3.75,10.0,10.0,10,100.0,inf,full,both,inf,180.0,0.01,0.0,0.0,256,20,3,0.5,0.1,0.99,10.0,256,20,0,128,128,3.2304935304860924,0.0,9.519206001805696,9.519206001805696,0.0,0.0,1.0,400.0
hcw,coast,300.0,1800.0,0.1,0.11,5.0,4.5,10.0,10.0,10,100.0,inf,full,both,inf,180.0,0.01,0.0,0.0,256,20,3,0.5,0.1,0.99,10.0,256,20,0,128,128,3.2304935304860924,0.0,9.519206001805696,9.519206001805696,0.0,0.0,1.0,400.0
hcw,coast,300.0,1800.0,0.1,0.11,5.0,5.0,10.0,10.0,10,100.0,inf,full,both,inf,180.0,0.01,0.0,0.0,256,20,3,0.5,0.1,0.99,10.0,256,20,0,128,128,3.2304935304860924,0.0,9.519206001805696,9.519206001805696,0.0,0.0,1.0,400.0
hcw,coast,300.0,1800.0,0.1,0.11,5.0,5.5,10.0,10.0,10,100.0,inf,full,both,inf,180.0,0.01,0.0,0.0,256,20,3,0.5,0.1,0.99,10.0,256,20,0,128,128,3.2304935304860924,0.0,9.519206001805696,9.519206001805696,0.0,0.0,1.0,400.0
hcw,coast,300.0,1800.0,0.1,0.11,5.0,6.25,10.0,10.0,10,100.0,inf,full,both,inf,180.0,0.01,0.0,0.0,256,20,3,0.5,0.1,0.99,10.0,256,20,0,128,128,3.2304935304860924,0.0,9.519206001805696,9.519206001805696,0.0,0.0,1.0,400.0
hcw,coast,300.0,1800.0,0.1,0.11,5.0,7.5,10.0,10.0,10,100.0,inf,full,both,inf,180.0,0.01,0.0,0.0,256,20,3,0.5,0.1,0.99,10.0,256,20,0,128,128,3.2304935304860924,0.0,9.519206001805696,9.519206001805696,0.0,0.0,1.0,400.0
hcw,coast,300.0,1800.0,0.1,0.11,5.0,10.0,10.0,10.0,10,100.0,inf,full,both,inf,180.0,0.01,0.0,0.0,256,20,3,0.5,0.1,0.99,10.0,256,20,0,128,128,3.2304935304860924,0.0,9.519206001805696,9.519206001805696,0.0,0.0,1.0,400.0
hcw,coast,300.0,1800.0,0.1,0.11,5.0,inf,10.0,10.0,10,100.0,inf,full,both,inf,180.0,0.01,0.0,0.0,256,20,3,0.5,0.1,0.99,10.0,256,20,0,128,128,3.2304935304860924,0.0,9.519206001805696,9.519206001805696,0.0,0.0,1.0,400.0
hcw,coast,300.0,1800.0,0.1,0.125,5.0,1.25,10.0,10.0,10,100.0,inf,full,both,inf,180.0,0.01,0.0,0.0,256,20,3,0.5,0.1,0.99,10.0,256,20,0,128,128,3.2304935304860924,0.0,9.519206001805696,9.519206001805696,0.0,0.0,1.0,400.0
hcw,coast,300.0,1800.0,0.1,0.125,5.0,2.5,10.0,10.0,10,100.0,inf,full,both,inf,180.0,0.01,0.0,0.0,256,20,3,0.5,0.1,0.99,10.0,256,20,0,128,128,3.2304935304860924,0.0,9.519206001805696,9.519206001805696,0.0,0.0,1.0,400.0
hcw,coast,300.0,1800.0,0.1,0.125,5.0,3.75,10.0,10.0,10,100.0,inf,full,both,inf,180.0,0.01,0.0,0.0,256,20,3,0.5,0.1,0.99,10.0,256,20,0,128,128,3.2304935304860924,0.0,9.519206001805696,9.519206001805696,0.0,0.0,1.0,400.0
hcw,coast,300.0,1800.0,0.1,0.125,5.0,4.5,10.0,10.0,10,100.0,inf,full,both,inf,180.0,0.01,0.0,0.0,256,20,3,0.5,0.1,0.99,10.0,256,20,0,128,128,3.2304935304860924,0.0,9.519206001805696,9.519206001805696,0.0,0.0,1.0,400.0
hcw,coast,300.0,1800.0,0.1,0.125,5.0,5.0,10.0,10.0,10,100.0,inf,full,both,inf,180.0,0.01,0.0,0.0,256,20,3,0.5,0.1,0.99,10.0,256,20,0,128,128,3.2304935304860924,0.0,9.519206001805696,9.519206001805696,0.0,0.0,1.0,400.0
hcw,coast,300.0,1800.0,0.1,0.125,5.0,5.5,10.0,10.0,10,100.0,inf,full,both,inf,180.0,0.01,0.0,0.0,256,20,3,0.5,0.1,0.99,10.0,256,20,0,128,128,3.2304935304860924,0.0,9.519206001805696,9.519206001805696,0.0,0.0,1.0,400.0
hcw,coast,300.0,1800.0,0.1,0.125,5.0,6.25,10.0,10.0,10,100.0,inf,full,both,inf,180.0,0.01,0.0,0.0,256,20,3,0.5,0.1,0.99,10.0,256,20,0,128,128,3.2304935304860924,0.0,9.519206001805696,9.519206001805696,0.0,0.0,1.0,400.0
hcw,coast,300.0,1800.0,0.1,0.125,5.0,7.5,10.0,10.0,10,100.0,inf,full,both,inf,180.0,0.01,0.0,0.0,256,20,3,0.5,0.1,0.99,10.0,256,20,0,128,128,3.2304935304860924,0.0,9.519206001805696,9.519206001805696,0.0,0.0,1.0,400.0
hcw,coast,300.0,1800.0,0.1,0.125,5.0,10.0,10.0,10.0,10,100.0,inf,full,both,inf,180.0,0.01,0.0,0.0,256,20,3,0.5,0.1,0.99,10.0,256,20,0,128,128,3.2304935304860924,0.0,9.519206001805696,9.519206001805696,0.0,0.0,1.0,400.0
hcw,coast,300.0,1800.0,0.1,0.125,5.0,inf,10.0,10.0,10,100.0,inf,full,both,inf,180.0,0.01,0.0,0.0,256,20,3,0.5,0.1,0.99,10.0,256,20,0,128,128,3.2304935304860924,0.0,9.519206001805696,9.519206001805696,0.0,0.0,1.0,400.0
hcw,coast,300.0,1800.0,0.1,0.15,5.0,1.25,10.0,10.0,10,100.0,inf,full,both,inf,180.0,0.01,0.0,0.0,256,20,3,0.5,0.1,0.99,10.0,256,20,0,128,128,3.2304935304860924,0.0,9.519206001805696,9.519206001805696,0.0,0.0,1.0,400.0
hcw,coast,300.0,1800.0,0.1,0.15,5.0,2.5,10.0,10.0,10,100.0,inf,full,both,inf,180.0,0.01,0.0,0.0,256,20,3,0.5,0.1,0.99,10.0,256,20,0,128,128,3.2304935304860924,0.0,9.519206001805696,9.519206001805696,0.0,0.0,1.0,400.0
hcw,coast,300.0,1800.0,0.1,0.15,5.0,3.75,10.0,10.0,10,100.0,inf,full,both,inf,180.0,0.01,0.0,0.0,256,20,3,0.5,0.1,0.99,10.0,256,20,0,128,128,3.2304935304860924,0.0,9.519206001805696,9.519206001805696,0.0,0.0,1.0,400.0
hcw,coast,300.0,1800.0,0.1,0.15,5.0,4.5,10.0,10.0,10,100.0,inf,full,both,inf,180.0,0.01,0.0,0.0,256,20,3,0.5,0.1,0.99,10.0,256,20,0,128,128,3.2304935304860924,0.0,9.519206001805696,9.519206001805696,0.0,0.0,1.0,400.0
hcw,coast,300.0,1800.0,0.1,0.15,5.0,5.0,10.0,10.0,10,100.0,inf,full,both,inf,180.0,0.01,0.0,0.0,256,20,3,0.5,0.1,0.99,10.0,256,20,0,128,128,3.2304935304860924,0.0,9.519206001805696,9.519206001805696,0.0,0.0,1.0,400.0
hcw,coast,300.0,1800.0,0.1,0.15,5.0,5.5,10.0,10.0,10,100.0,inf,full,both,inf,180.0,0.01,0.0,0.0,256,20,3,0.5,0.1,0.99,10.0,256,20,0,128,128,3.2304935304860924,0.0,9.519206001805696,9.519206001805696,0.0,0.0,1.0,400.0
hcw,coast,300.0,1800.0,0.1,0.15,5.0,6.25,10.0,10.0,10,100.0,inf,full,both,inf,180.0,0.01,0.0,0.0,256,20,3,0.5,0.1,0.99,10.0,256,20,0,128,128,3.2304935304860924,0.0,9.519206001805696,9.519206001805696,0.0,0.0,1.0,400.0
hcw,coast,300.0,1800.0,0.1,0.15,5.0,7.5,10.0,10.0,10,100.0,inf,full,both,inf,180.0,0.01,0.0,0.0,256,20,3,0.5,0.1,0.99,10.0,256,20,0,128,128,3.2304935304860924,0.0,9.519206001805696,9.519206001805696,0.0,0.0,1.0,400.0
hcw,coast,300.0,1800.0,0.1,0.15,5.0,10.0,10.0,10.0,10,100.0,inf,full,both,inf,180.0,0.01,0.0,0.0,256,20,3,0.5,0.1,0.99,10.0,256,20,0,128,128,3.2304935304860924,0.0,9.519206001805696,9.519206001805696,0.0,0.0,1.0,400.0
hcw,coast,300.0,1800.0,0.1,0.15,5.0,inf,10.0,10.0,10,100.0,inf,full,both,inf,180.0,0.01,0.0,0.0,256,20,3,0.5,0.1,0.99,10.0,256,20,0,128,128,3.2304935304860924,0.0,9.519206001805696,9.519206001805696,0.0,0.0,1.0,400.0
hcw,coast,300.0,1800.0,0.1,0.2,5.0,1.25,10.0,10.0,10,100.0,inf,full,both,inf,180.0,0.01,0.0,0.0,256,20,3,0.5,0.1,0.99,10.0,256,20,0,128,128,3.2304935304860924,0.0,9.519206001805696,9.519206001805696,0.0,0.0,1.0,400.0
hcw,coast,300.0,1800.0,0.1,0.2,5.0,2.5,10.0,10.0,10,100.0,inf,full,both,inf,180.0,0.01,0.0,0.0,256,20,3,0.5,0.1,0.99,10.0,256,20,0,128,128,3.2304935304860924,0.0,9.519206001805696,9.519206001805696,0.0,0.0,1.0,400.0
hcw,coast,300.0,1800.0,0.1,0.2,5.0,3.75,10.0,10.0,10,100.0,inf,full,both,inf,180.0,0.01,0.0,0.0,256,20,3,0.5,0.1,0.99,10.0,256,20,0,128,128,3.2304935304860924,0.0,9.519206001805696,9.519206001805696,0.0,0.0,1.0,400.0
hcw,coast,300.0,1800.0,0.1,0.2,5.0,4.5,10.0,10.0,10,100.0,inf,full,both,inf,180.0,0.01,0.0,0.0,256,20,3,0.5,0.1,0.99,10.0,256,20,0,128,128,3.2304935304860924,0.0,9.519206001805696,9.519206001805696,0.0,0.0,1.0,400.0
hcw,coast,300.0,1800.0,0.1,0.2,5.0,5.0,10.0,10.0,10,100.0,inf,full,both,inf,180.0,0.01,0.0,0.0,256,20,3,0.5,0.1,0.99,10.0,256,20,0,128,128,3.2304935304860924,0.0,9.519206001805696,9.519206001805696,0.0,0.0,1.0,400.0
hcw,coast,300.0,1800.0,0.1,0.2,5.0,5.5,10.0,10.0,10,100.0,inf,full,both,inf,180.0,0.01,0.0,0.0,256,20,3,0.5,0.1,0.99,10.0,256,20,0,128,128,3.2304935304860924,0.0,9.519206001805696,9.519206001805696,0.0,0.0,1.0,400.0
hcw,coast,300.0,1800.0,0.1,0.2,5.0,6.25,10.0,10.0,10,100.0,inf,full,both,inf,180.0,0.01,0.0,0.0,256,20,3,0.5,0.1,0.99,10.0,256,20,0,128,128,3.2304935304860924,0.0,9.519206001805696,9.519206001805696,0.0,0.0,1.0,400.0
hcw,coast,300.0,1800.0,0.1,0.2,5.0,7.5,10.0,10.0,10,100.0,inf,full,both,inf,180.0,0.01,0.0,0.0,256,20,3,0.5,0.1,0.99,10.0,256,20,0,128,128,3.2304935304860924,0.0,9.519206001805696,9.519206001805696,0.0,0.0,1.0,400.0
hcw,coast,300.0,1800.0,0.1,0.2,5.0,10.0,10.0,10.0,10,100.0,inf,full,both,inf,180.0,0.01,0.0,0.0,256,20,3,0.5,0.1,0.99,10.0,256,20,0,128,128,3.2304935304860924,0.0,9.519206001805696,9.519206001805696,0.0,0.0,1.0,400.0
hcw,coast,300.0,1800.0,0.1,0.2,5.0,inf,10.0,10.0,10,100.0,inf,full,both,inf,180.0,0.01,0.0,0.0,256,20,3,0.5,0.1,0.99,10.0,256,20,0,128,128,3.2304935304860924,0.0,9.519206001805696,9.519206001805696,0.0,0.0,1.0,400.0
hcw,mppi_direct,300.0,1800.0,0.1,0.025,5.0,1.25,10.0,10.0,10,100.0,inf,full,both,inf,180.0,0.01,0.0,0.0,256,20,3,0.5,0.1,0.99,10.0,256,20,0,128,128,2.9113097136769563,0.8992072225621788,9.5345404012935,9.5345404012935,0.0,0.0,1.0,430.0
hcw,mppi_direct,300.0,1800.0,0.1,0.025,5.0,2.5,10.0,10.0,10,100.0,inf,full,both,inf,180.0,0.01,0.0,0.0,256,20,3,0.5,0.1,0.99,10.0,256,20,0,128,128,2.9053871310216164,0.9019002344189436,9.532944328001514,9.532944328001514,0.0,0.0,1.0,430.0
hcw,mppi_direct,300.0,1800.0,0.1,0.025,5.0,3.75,10.0,10.0,10,100.0,inf,full,both,inf,180.0,0.01,0.0,0.0,256,20,3,0.5,0.1,0.99,10.0,256,20,0,128,128,2.9053871310216164,0.9019002344189436,9.532944328001514,9.532944328001514,0.0,0.0,1.0,430.0
hcw,mppi_direct,300.0,1800.0,0.1,0.025,5.0,4.5,10.0,10.0,10,100.0,inf,full,both,inf,180.0,0.01,0.0,0.0,256,20,3,0.5,0.1,0.99,10.0,256,20,0,128,128,2.9053871310216164,0.9019002344189436,9.532944328001514,9.532944328001514,0.0,0.0,1.0,430.0
hcw,mppi_direct,300.0,1800.0,0.1,0.025,5.0,5.0,10.0,10.0,10,100.0,inf,full,both,inf,180.0,0.01,0.0,0.0,256,20,3,0.5,0.1,0.99,10.0,256,20,0,128,128,2.9053871310216164,0.9019002344189436,9.532944328001514,9.532944328001514,0.0,0.0,1.0,430.0
hcw,mppi_direct,300.0,1800.0,0.1,0.025,5.0,5.5,10.0,10.0,10,100.0,inf,full,both,inf,180.0,0.01,0.0,0.0,256,20,3,0.5,0.1,0.99,10.0,256,20,0,128,128,2.9053871310216164,0.9019002344189436,9.532944328001514,9.532944328001514,0.0,0.0,1.0,430.0
hcw,mppi_direct,300.0,1800.0,0.1,0.025,5.0,6.25,10.0,10.0,10,100.0,inf,full,both,inf,180.0,0.01,0.0,0.0,256,20,3,0.5,0.1,0.99,10.0,256,20,0,128,128,2.9053871310216164,0.9019002344189436,9.532944328001514,9.532944328001514,0.0,0.0,1.0,430.0
hcw,mppi_direct,300.0,1800.0,0.1,0.025,5.0,7.5,10.0,10.0,10,100.0,inf,full,both,inf,180.0,0.01,0.0,0.0,256,20,3,0.5,0.1,0.99,10.0,256,20,0,128,128,2.9053871310216164,0.9019002344189436,9.532944328001514,9.532944328001514,0.0,0.0,1.0,430.0
hcw,mppi_direct,300.0,1800.0,0.1,0.025,5.0,10.0,10.0,10.0,10,100.0,inf,full,both,inf,180.0,0.01,0.0,0.0,256,20,3,0.5,0.1,0.99,10.0,256,20,0,128,128,2.9053871310216164,0.9019002344189436,9.532944328001514,9.532944328001514,0.0,0.0,1.0,430.0
hcw,mppi_direct,300.0,1800.0,0.1,0.025,5.0,inf,10.0,10.0,10,100.0,inf,full,both,inf,180.0,0.01,0.0,0.0,256,20,3,0.5,0.1,0.99,10.0,256,20,0,128,128,2.9053871310216164,0.9019002344189436,9.532944328001514,9.532944328001514,0.0,0.0,1.0,430.0
hcw,mppi_direct,300.0,1800.0,0.1,0.05,5.0,1.25,10.0,10.0,10,100.0,inf,full,both,inf,180.0,0.01,0.0,0.0,256,20,3,0.5,0.1,0.99,10.0,256,20,0,128,128,4.699765132305663,1.25,9.515958226411357,9.515958226411358,0.0,0.0,1.0,580.0
hcw,mppi_direct,300.0,1800.0,0.1,0.05,5.0,2.5,10.0,10.0,10,100.0,inf,full,both,inf,180.0,0.01,0.0,0.0,256,20,3,0.5,0.1,0.99,10.0,256,20,0,128,19,4.999300855255625,2.4993045966983,10.727069212151656,599.0644779179022,0.0,0.0,0.1484375,650.0
hcw,mppi_direct,300.0,1800.0,0.1,0.05,5.0,3.75,10.0,10.0,10,100.0,inf,full,both,inf,180.0,0.01,0.0,0.0,256,20,3,0.5,0.1,0.99,10.0,256,20,0,128,0,5.0,3.75,11.560319402749148,2264.330862834113,0.0,0.0,0.0,
hcw,mppi_direct,300.0,1800.0,0.1,0.05,5.0,4.5,10.0,10.0,10,100.0,inf,full,both,inf,180.0,0.01,0.0,0.0,256,20,3,0.5,0.1,0.99,10.0,256,20,0,128,1,5.0,4.485137098234987,11.560408969713947,2925.9770904657103,0.0,0.0,0.0078125,640.0
hcw,mppi_direct,300.0,1800.0,0.1,0.05,5.0,5.0,10.0,10.0,10,100.0,inf,full,both,inf,180.0,0.01,0.0,0.0,256,20,3,0.5,0.1,0.99,10.0,256,20,0,128,1,5.0,4.981230848234987,11.555486853885885,3302.4771488391025,0.0,0.0,0.0078125,640.0
hcw,mppi_direct,300.0,1800.0,0.1,0.05,5.0,5.5,10.0,10.0,10,100.0,inf,full,both,inf,180.0,0.01,0.0,0.0,256,20,3,0.5,0.1,0.99,10.0,256,20,0,128,1,5.0,5.477324598234987,11.555821859360831,3617.702980470501,0.0,0.0,0.0078125,640.0
hcw,mppi_direct,300.0,1800.0,0.1,0.05,5.0,6.25,10.0,10.0,10,100.0,inf,full,both,inf,180.0,0.01,0.0,0.0,256,20,3,0.5,0.1,0.99,10.0,256,20,0,128,1,5.0,6.221465223234987,11.555821906722214,3977.932617521029,0.0,0.0,0.0078125,640.0
hcw,mppi_direct,300.0,1800.0,0.1,0.05,5.0,7.5,10.0,10.0,10,100.0,inf,full,both,inf,180.0,0.01,0.0,0.0,256,20,3,0.5,0.1,0.99,10.0,256,20,0,128,1,5.0,7.461699598234987,11.555821906722214,4307.505958839546,0.0,0.0,0.0078125,640.0
hcw,mppi_direct,300.0,1800.0,0.1,0.05,5.0,10.0,10.0,10.0,10,100.0,inf,full,both,inf,180.0,0.01,0.0,0.0,256,20,3,0.5,0.1,0.99,10.0,256,20,0,128,1,5.0,8.186351681046856,11.555821906722214,4349.831492387198,0.0,0.0,0.0078125,640.0
hcw,mppi_direct,300.0,1800.0,0.1,0.05,5.0,inf,10.0,10.0,10,100.0,inf,full,both,inf,180.0,0.01,0.0,0.0,256,20,3,0.5,0.1,0.99,10.0,256,20,0,128,1,5.0,8.185830872093865,11.555821906722214,4349.766683792049,0.0,0.0,0.0078125,640.0
hcw,mppi_direct,300.0,1800.0,0.1,0.075,5.0,1.25,10.0,10.0,10,100.0,inf,full,both,inf,180.0,0.01,0.0,0.0,256,20,3,0.5,0.1,0.99,10.0,256,20,0,128,128,4.960960337703473,1.25,8.986868777251887,8.98686877725189,0.0,0.0,1.0,610.0
hcw,mppi_direct,300.0,1800.0,0.1,0.075,5.0,2.5,10.0,10.0,10,100.0,inf,full,both,inf,180.0,0.01,0.0,0.0,256,20,3,0.5,0.1,0.99,10.0,256,20,0,128,0,5.0,2.5,18.501924955689475,505.1218069270791,0.0,0.0,0.0,
hcw,mppi_direct,300.0,1800.0,0.1,0.075,5.0,3.75,10.0,10.0,10,100.0,inf,full,both,inf,180.0,0.01,0.0,0.0,256,20,3,0.5,0.1,0.99,10.0,256,20,0,128,0,5.0,3.75,19.072074079968456,2433.9074958661654,0.0,0.0,0.0,
hcw,mppi_direct,300.0,1800.0,0.1,0.075,5.0,4.5,10.0,10.0,10,100.0,inf,full,both,inf,180.0,0.01,0.0,0.0,256,20,3,0.5,0.1,0.99,10.0,256,20,0,128,0,5.0,4.5,19.039031421065616,3460.541926626772,0.0,0.0,0.0,
hcw,mppi_direct,300.0,1800.0,0.1,0.075,5.0,5.0,10.0,10.0,10,100.0,inf,full,both,inf,180.0,0.01,0.0,0.0,256,20,3,0.5,0.1,0.99,10.0,256,20,0,128,0,5.0,5.0,19.027902078643173,4082.376969133256,0.0,0.0,0.0,
hcw,mppi_direct,300.0,1800.0,0.1,0.075,5.0,5.5,10.0,10.0,10,100.0,inf,full,both,inf,180.0,0.01,0.0,0.0,256,20,3,0.5,0.1,0.99,10.0,256,20,0,128,0,5.0,5.5,19.02460087297244,4670.634386417546,0.0,0.0,0.0,
hcw,mppi_direct,300.0,1800.0,0.1,0.075,5.0,6.25,10.0,10.0,10,100.0,inf,full,both,inf,180.0,0.01,0.0,0.0,256,20,3,0.5,0.1,0.99,10.0,256,20,0,128,0,5.0,6.25,19.024649113502893,5418.410133027252,0.0,0.0,0.0,
hcw,mppi_direct,300.0,1800.0,0.1,0.075,5.0,7.5,10.0,10.0,10,100.0,inf,full,both,inf,180.0,0.01,0.0,0.0,256,20,3,0.5,0.1,0.99,10.0,256,20,0,128,0,5.0,7.5,19.024649113502893,6478.645902607156,0.0,0.0,0.0,
hcw,mppi_direct,300.0,1800.0,0.1,0.075,5.0,10.0,10.0,10.0,10,100.0,inf,full,both,inf,180.0,0.01,0.0,0.0,256,20,3,0.5,0.1,0.99,10.0,256,20,0,128,0,5.0,10.0,19.024649113502893,7849.89955025151,0.0,0.0,0.0,
hcw,mppi_direct,300.0,1800.0,0.1,0.075,5.0,inf,10.0,10.0,10,100.0,inf,full,both,inf,180.0,0.01,0.0,0.0,256,20,3,0.5,0.1,0.99,10.0,256,20,0,128,0,5.0,12.717446393719356,19.024649113502893,8308.032269169413,0.0,0.0,0.0,
hcw,mppi_direct,300.0,1800.0,0.1,0.09,5.0,1.25,10.0,10.0,10,100.0,inf,full,both,inf,180.0,0.01,0.0,0.0,256,20,3,0.5,0.1,0.99,10.0,256,20,0,128,128,4.8975659584069895,1.25,9.31083757051652,9.310837570516508,0.0,0.0,1.0,610.0
hcw,mppi_direct,300.0,1800.0,0.1,0.09,5.0,2.5,10.0,10.0,10,100.0,inf,full,both,inf,180.0,0.01,0.0,0.0,256,20,3,0.5,0.1,0.99,10.0,256,20,0,128,0,5.0,2.5,23.14303016655447,434.995133093974,0.0,0.0,0.0,
hcw,mppi_direct,300.0,1800.0,0.1,0.09,5.0,3.75,10.0,10.0,10,100.0,inf,full,both,inf,180.0,0.01,0.0,0.0,256,20,3,0.5,0.1,0.99,10.0,256,20,0,128,0,5.0,3.75,25.374719424163736,2372.52249402339,0.0,0.0,0.0,
hcw,mppi_direct,300.0,1800.0,0.1,0.09,5.0,4.5,10.0,10.0,10,100.0,inf,full,both,inf,180.0,0.01,0.0,0.0,256,20,3,0.5,0.1,0.99,10.0,256,20,0,128,0,5.0,4.5,25.526381452184594,3532.4294347905984,0.0,0.0,0.0,
hcw,mppi_direct,300.0,1800.0,0.1,0.09,5.0,5.0,10.0,10.0,10,100.0,inf,full,both,inf,180.0,0.01,0.0,0.0,256,20,3,0.5,0.1,0.99,10.0,256,20,0,128,0,5.0,5.0,25.1156663097408,4224.338426484896,0.0,0.0,0.0,
hcw,mppi_direct,300.0,1800.0,0.1,0.09,5.0,5.5,10.0,10.0,10,100.0,inf,full,both,inf,180.0,0.01,0.0,0.0,256,20,3,0.5,0.1,0.99,10.0,256,20,0,128,0,5.0,5.5,25.097643147777607,4881.609589325653,0.0,0.0,0.0,
hcw,mppi_direct,300.0,1800.0,0.1,0.09,5.0,6.25,10.0,10.0,10,100.0,inf,full,both,inf,180.0,0.01,0.0,0.0,256,20,3,0.5,0.1,0.99,10.0,256,20,0,128,0,5.0,6.25,25.100266137681675,5803.774374608883,0.0,0.0,0.0,
hcw,mppi_direct,300.0,1800.0,0.1,0.09,5.0,7.5,10.0,10.0,10,100.0,inf,full,both,inf,180.0,0.01,0.0,0.0,256,20,3,0.5,0.1,0.99,10.0,256,20,0,128,0,5.0,7.5,25.094928564240345,7089.486330706961,0.0,0.0,0.0,
hcw,mppi_direct,300.0,1800.0,0.1,0.09,5.0,10.0,10.0,10.0,10,100.0,inf,full,both,inf,180.0,0.01,0.0,0.0,256,20,3,0.5,0.1,0.99,10.0,256,20,0,128,0,5.0,10.0,25.094928564240345,9035.744667565545,0.0,0.0,0.0,
hcw,mppi_direct,300.0,1800.0,0.1,0.09,5.0,inf,10.0,10.0,10,100.0,inf,full,both,inf,180.0,0.01,0.0,0.0,256,20,3,0.5,0.1,0.99,10.0,256,20,0,128,0,5.0,15.29346990090097,25.094928564240345,10568.599572963269,0.0,0.0,0.0,
hcw,mppi_direct,300.0,1800.0,0.1,0.1,5.0,1.25,10.0,10.0,10,100.0,inf,full,both,inf,180.0,0.01,0.0,0.0,256,20,3,0.5,0.1,0.99,10.0,256,20,0,128,128,4.782918905012529,1.25,9.4111710992681,9.4111710992681,0.0,0.0,1.0,600.0
hcw,mppi_direct,300.0,1800.0,0.1,0.1,5.0,2.5,10.0,10.0,10,100.0,inf,full,both,inf,180.0,0.01,0.0,0.0,256,20,3,0.5,0.1,0.99,10.0,256,20,0,128,1,5.0,2.5,24.91541565485808,421.219344635972,0.0,0.0,0.0078125,1210.0
hcw,mppi_direct,300.0,1800.0,0.1,0.1,5.0,3.75,10.0,10.0,10,100.0,inf,full,both,inf,180.0,0.01,0.0,0.0,256,20,3,0.5,0.1,0.99,10.0,256,20,0,128,0,5.0,3.75,31.31899144282396,2360.5705985320387,0.0,0.0,0.0,
hcw,mppi_direct,300.0,1800.0,0.1,0.1,5.0,4.5,10.0,10.0,10,100.0,inf,full,both,inf,180.0,0.01,0.0,0.0,256,20,3,0.5,0.1,0.99,10.0,256,20,0,128,0,5.0,4.5,30.79249910477705,3548.651672659093,0.0,0.0,0.0,
hcw,mppi_direct,300.0,1800.0,0.1,0.1,5.0,5.0,10.0,10.0,10,100.0,inf,full,both,inf,180.0,0.01,0.0,0.0,256,20,3,0.5,0.1,0.99,10.0,256,20,0,128,0,5.0,5.0,30.73393092224165,4322.642279497425,0.0,0.0,0.0,
hcw,mppi_direct,300.0,1800.0,0.1,0.1,5.0,5.5,10.0,10.0,10,100.0,inf,full,both,inf,180.0,0.01,0.0,0.0,256,20,3,0.5,0.1,0.99,10.0,256,20,0,128,0,5.0,5.5,30.352524204462988,5032.572447666101,0.0,0.0,0.0,
hcw,mppi_direct,300.0,1800.0,0.1,0.1,5.0,6.25,10.0,10.0,10,100.0,inf,full,both,inf,180.0,0.01,0.0,0.0,256,20,3,0.5,0.1,0.99,10.0,256,20,0,128,0,5.0,6.25,30.333914102324457,6015.037882789878,0.0,0.0,0.0,
hcw,mppi_direct,300.0,1800.0,0.1,0.1,5.0,7.5,10.0,10.0,10,100.0,inf,full,both,inf,180.0,0.01,0.0,0.0,256,20,3,0.5,0.1,0.99,10.0,256,20,0,128,0,5.0,7.5,30.334589135507937,7465.395667525293,0.0,0.0,0.0,
hcw,mppi_direct,300.0,1800.0,0.1,0.1,5.0,10.0,10.0,10.0,10,100.0,inf,full,both,inf,180.0,0.01,0.0,0.0,256,20,3,0.5,0.1,0.99,10.0,256,20,0,128,0,5.0,10.0,30.33453481166084,9712.099729064,0.0,0.0,0.0,
hcw,mppi_direct,300.0,1800.0,0.1,0.1,5.0,inf,10.0,10.0,10,100.0,inf,full,both,inf,180.0,0.01,0.0,0.0,256,20,3,0.5,0.1,0.99,10.0,256,20,0,128,0,5.0,17.01519424341981,30.33453481166084,12187.175448739812,0.0,0.0,0.0,
hcw,mppi_direct,300.0,1800.0,0.1,0.11,5.0,1.25,10.0,10.0,10,100.0,inf,full,both,inf,180.0,0.01,0.0,0.0,256,20,3,0.5,0.1,0.99,10.0,256,20,0,128,128,4.664782899748979,1.25,9.468994695107662,9.468994695107655,0.0,0.0,1.0,580.0
hcw,mppi_direct,300.0,1800.0,0.1,0.11,5.0,2.5,10.0,10.0,10,100.0,inf,full,both,inf,180.0,0.01,0.0,0.0,256,20,3,0.5,0.1,0.99,10.0,256,20,0,128,1,5.0,2.5,28.032188124518907,427.9825401768538,0.0,0.0,0.0078125,1250.0
hcw,mppi_direct,300.0,1800.0,0.1,0.11,5.0,3.75,10.0,10.0,10,100.0,inf,full,both,inf,180.0,0.01,0.0,0.0,256,20,3,0.5,0.1,0.99,10.0,256,20,0,128,0,5.0,3.75,34.51748505471185,2332.6215455416304,0.0,0.0,0.0,
hcw,mppi_direct,300.0,1800.0,0.1,0.11,5.0,4.5,10.0,10.0,10,100.0,inf,full,both,inf,180.0,0.01,0.0,0.0,256,20,3,0.5,0.1,0.99,10.0,256,20,0,128,0,5.0,4.5,35.405887065172024,3570.072328509973,0.0,0.0,0.0,
hcw,mppi_direct,300.0,1800.0,0.1,0.11,5.0,5.0,10.0,10.0,10,100.0,inf,full,both,inf,180.0,0.01,0.0,0.0,256,20,3,0.5,0.1,0.99,10.0,256,20,0,128,0,5.0,5.0,35.83223672832466,4361.969122189377,0.0,0.0,0.0,
hcw,mppi_direct,300.0,1800.0,0.1,0.11,5.0,5.5,10.0,10.0,10,100.0,inf,full,both,inf,180.0,0.01,0.0,0.0,256,20,3,0.5,0.1,0.99,10.0,256,20,0,128,0,5.0,5.5,36.004145127052794,5137.418539083142,0.0,0.0,0.0,
hcw,mppi_direct,300.0,1800.0,0.1,0.11,5.0,6.25,10.0,10.0,10,100.0,inf,full,both,inf,180.0,0.01,0.0,0.0,256,20,3,0.5,0.1,0.99,10.0,256,20,0,128,0,5.0,6.25,35.70196665310047,6211.763583906371,0.0,0.0,0.0,
hcw,mppi_direct,300.0,1800.0,0.1,0.11,5.0,7.5,10.0,10.0,10,100.0,inf,full,both,inf,180.0,0.01,0.0,0.0,256,20,3,0.5,0.1,0.99,10.0,256,20,0,128,0,5.0,7.5,35.678676036978445,7792.963186042252,0.0,0.0,0.0,
hcw,mppi_direct,300.0,1800.0,0.1,0.11,5.0,10.0,10.0,10.0,10,100.0,inf,full,both,inf,180.0,0.01,0.0,0.0,256,20,3,0.5,0.1,0.99,10.0,256,20,0,128,0,5.0,10.0,35.67517472359722,10302.133420738432,0.0,0.0,0.0,
hcw,mppi_direct,300.0,1800.0,0.1,0.11,5.0,inf,10.0,10.0,10,100.0,inf,full,both,inf,180.0,0.01,0.0,0.0,256,20,3,0.5,0.1,0.99,10.0,256,20,0,128,0,5.0,18.737447054146173,35.67517472359722,13851.429869745674,0.0,0.0,0.0,
hcw,mppi_direct,300.0,1800.0,0.1,0.125,5.0,1.25,10.0,10.0,10,100.0,inf,full,both,inf,180.0,0.01,0.0,0.0,256,20,3,0.5,0.1,0.99,10.0,256,20,0,128,128,4.429570702190371,1.25,9.481547937860274,9.4820339351235,0.0,0.0,1.0,560.0
hcw,mppi_direct,300.0,1800.0,0.1,0.125,5.0,2.5,10.0,10.0,10,100.0,inf,full,both,inf,180.0,0.01,0.0,0.0,256,20,3,0.5,0.1,0.99,10.0,256,20,0,128,0,5.0,2.5,40.07567674118822,471.2846090592854,0.0,0.0,0.0,
hcw,mppi_direct,300.0,1800.0,0.1,0.125,5.0,3.75,10.0,10.0,10,100.0,inf,full,both,inf,180.0,0.01,0.0,0.0,256,20,3,0.5,0.1,0.99,10.0,256,20,0,128,0,5.0,3.75,41.91276431460648,2292.2460109054173,0.0,0.0,0.0,
hcw,mppi_direct,300.0,1800.0,0.1,0.125,5.0,4.5,10.0,10.0,10,100.0,inf,full,both,inf,180.0,0.01,0.0,0.0,256,20,3,0.5,0.1,0.99,10.0,256,20,0,128,0,5.0,4.5,46.86458927946948,3618.874241673617,0.0,0.0,0.0,
hcw,mppi_direct,300.0,1800.0,0.1,0.125,5.0,5.0,10.0,10.0,10,100.0,inf,full,both,inf,180.0,0.01,0.0,0.0,256,20,3,0.5,0.1,0.99,10.0,256,20,0,128,0,5.0,5.0,45.31937889008413,4446.167392677039,0.0,0.0,0.0,
hcw,mppi_direct,300.0,1800.0,0.1,0.125,5.0,5.5,10.0,10.0,10,100.0,inf,full,both,inf,180.0,0.01,0.0,0.0,256,20,3,0.5,0.1,0.99,10.0,256,20,0,128,0,5.0,5.5,45.75940783450613,5259.016633741257,0.0,0.0,0.0,
hcw,mppi_direct,300.0,1800.0,0.1,0.125,5.0,6.25,10.0,10.0,10,100.0,inf,full,both,inf,180.0,0.01,0.0,0.0,256,20,3,0.5,0.1,0.99,10.0,256,20,0,128,0,5.0,6.25,45.204476407774216,6411.513846379407,0.0,0.0,0.0,
hcw,mppi_direct,300.0,1800.0,0.1,0.125,5.0,7.5,10.0,10.0,10,100.0,inf,full,both,inf,180.0,0.01,0.0,0.0,256,20,3,0.5,0.1,0.99,10.0,256,20,0,128,0,5.0,7.5,45.16522859538782,8162.777535578633,0.0,0.0,0.0,
hcw,mppi_direct,300.0,1800.0,0.1,0.125,5.0,10.0,10.0,10.0,10,100.0,inf,full,both,inf,180.0,0.01,0.0,0.0,256,20,3,0.5,0.1,0.99,10.0,256,20,0,128,0,5.0,10.0,45.10311905845539,11071.599142202494,0.0,0.0,0.0,
hcw,mppi_direct,300.0,1800.0,0.1,0.125,5.0,inf,10.0,10.0,10,100.0,inf,full,both,inf,180.0,0.01,0.0,0.0,256,20,3,0.5,0.1,0.99,10.0,256,20,0,128,0,5.0,21.31589662426868,45.10311905845539,16380.308781829595,0.0,0.0,0.0,
hcw,mppi_direct,300.0,1800.0,0.1,0.15,5.0,1.25,10.0,10.0,10,100.0,inf,full,both,inf,180.0,0.01,0.0,0.0,256,20,3,0.5,0.1,0.99,10.0,256,20,0,128,128,4.197094074401054,1.25,9.448196021427917,9.451946847503988,0.0,0.0,1.0,530.0
hcw,mppi_direct,300.0,1800.0,0.1,0.15,5.0,2.5,10.0,10.0,10,100.0,inf,full,both,inf,180.0,0.01,0.0,0.0,256,20,3,0.5,0.1,0.99,10.0,256,20,0,128,2,5.0,2.5,60.31194461658948,586.5405769529311,0.0,0.0,0.015625,940.0
hcw,mppi_direct,300.0,1800.0,0.1,0.15,5.0,3.75,10.0,10.0,10,100.0,inf,full,both,inf,180.0,0.01,0.0,0.0,256,20,3,0.5,0.1,0.99,10.0,256,20,0,128,0,5.0,3.75,57.98524368950825,2226.341544526173,0.0,0.0,0.0,
hcw,mppi_direct,300.0,1800.0,0.1,0.15,5.0,4.5,10.0,10.0,10,100.0,inf,full,both,inf,180.0,0.01,0.0,0.0,256,20,3,0.5,0.1,0.99,10.0,256,20,0,128,0,5.0,4.5,61.67936439320833,3677.062955848741,0.0,0.0,0.0,
hcw,mppi_direct,300.0,1800.0,0.1,0.15,5.0,5.0,10.0,10.0,10,100.0,inf,full,both,inf,180.0,0.01,0.0,0.0,256,20,3,0.5,0.1,0.99,10.0,256,20,0,128,0,5.0,5.0,62.40974231464792,4565.605352881099,0.0,0.0,0.0,
hcw,mppi_direct,300.0,1800.0,0.1,0.15,5.0,5.5,10.0,10.0,10,100.0,inf,full,both,inf,180.0,0.01,0.0,0.0,256,20,3,0.5,0.1,0.99,10.0,256,20,0,128,0,5.0,5.5,66.58115140932729,5481.033980077551,0.0,0.0,0.0,
hcw,mppi_direct,300.0,1800.0,0.1,0.15,5.0,6.25,10.0,10.0,10,100.0,inf,full,both,inf,180.0,0.01,0.0,0.0,256,20,3,0.5,0.1,0.99,10.0,256,20,0,128,0,5.0,6.25,63.89221085954689,6695.009948242751,0.0,0.0,0.0,
hcw,mppi_direct,300.0,1800.0,0.1,0.15,5.0,7.5,10.0,10.0,10,100.0,inf,full,both,inf,180.0,0.01,0.0,0.0,256,20,3,0.5,0.1,0.99,10.0,256,20,0,128,0,5.0,7.5,65.83714231925451,8701.172572071131,0.0,0.0,0.0,
hcw,mppi_direct,300.0,1800.0,0.1,0.15,5.0,10.0,10.0,10.0,10,100.0,inf,full,both,inf,180.0,0.01,0.0,0.0,256,20,3,0.5,0.1,0.99,10.0,256,20,0,128,0,5.0,10.0,65.44843903425742,12111.182979521136,0.0,0.0,0.0,
hcw,mppi_direct,300.0,1800.0,0.1,0.15,5.0,inf,10.0,10.0,10,100.0,inf,full,both,inf,180.0,0.01,0.0,0.0,256,20,3,0.5,0.1,0.99,10.0,256,20,0,128,0,5.0,25.60808187176612,65.4438557769728,20711.48153457215,0.0,0.0,0.0,
hcw,mppi_direct,300.0,1800.0,0.1,0.2,5.0,1.25,10.0,10.0,10,100.0,inf,full,both,inf,180.0,0.01,0.0,0.0,256,20,3,0.5,0.1,0.99,10.0,256,20,0,128,128,4.127665189265456,1.25,9.444021215544558,9.444021215544552,0.0,0.0,1.0,510.0
hcw,mppi_direct,300.0,1800.0,0.1,0.2,5.0,2.5,10.0,10.0,10,100.0,inf,full,both,inf,180.0,0.01,0.0,0.0,256,20,3,0.5,0.1,0.99,10.0,256,20,0,128,1,5.0,2.5,90.91220639518777,867.214457836291,0.0,0.0,0.0078125,750.0
hcw,mppi_direct,300.0,1800.0,0.1,0.2,5.0,3.75,10.0,10.0,10,100.0,inf,full,both,inf,180.0,0.01,0.0,0.0,256,20,3,0.5,0.1,0.99,10.0,256,20,0,128,0,5.0,3.75,112.21445277212496,2225.2022291320877,0.0,0.0,0.0,
hcw,mppi_direct,300.0,1800.0,0.1,0.2,5.0,4.5,10.0,10.0,10,100.0,inf,full,both,inf,180.0,0.01,0.0,0.0,256,20,3,0.5,0.1,0.99,10.0,256,20,0,128,0,5.0,4.5,102.85994158249396,3707.03421329604,0.0,0.0,0.0,
hcw,mppi_direct,300.0,1800.0,0.1,0.2,5.0,5.0,10.0,10.0,10,100.0,inf,full,both,inf,180.0,0.01,0.0,0.0,256,20,3,0.5,0.1,0.99,10.0,256,20,0,128,0,5.0,5.0,113.24187926269056,4828.616236618183,0.0,0.0,0.0,
hcw,mppi_direct,300.0,1800.0,0.1,0.2,5.0,5.5,10.0,10.0,10,100.0,inf,full,both,inf,180.0,0.01,0.0,0.0,256,20,3,0.5,0.1,0.99,10.0,256,20,0,128,0,5.0,5.5,117.44173591768164,5902.136063618501,0.0,0.0,0.0,
hcw,mppi_direct,300.0,1800.0,0.1,0.2,5.0,6.25,10.0,10.0,10,100.0,inf,full,both,inf,180.0,0.01,0.0,0.0,256,20,3,0.5,0.1,0.99,10.0,256,20,0,128,0,5.0,6.25,115.93756684784064,7342.166881933336,0.0,0.0,0.0,
hcw,mppi_direct,300.0,1800.0,0.1,0.2,5.0,7.5,10.0,10.0,10,100.0,inf,full,both,inf,180.0,0.01,0.0,0.0,256,20,3,0.5,0.1,0.99,10.0,256,20,0,128,0,5.0,7.5,118.11804158101788,9681.379903072197,0.0,0.0,0.0,
hcw,mppi_direct,300.0,1800.0,0.1,0.2,5.0,10.0,10.0,10.0,10,100.0,inf,full,both,inf,180.0,0.01,0.0,0.0,256,20,3,0.5,0.1,0.99,10.0,256,20,0,128,0,5.0,10.0,120.05869789033578,13821.781972143504,0.0,0.0,0.0,
hcw,mppi_direct,300.0,1800.0,0.1,0.2,5.0,inf,10.0,10.0,10,100.0,inf,full,both,inf,180.0,0.01,0.0,0.0,256,20,3,0.5,0.1,0.99,10.0,256,20,0,128,0,5.0,34.208145284814094,119.51463525983807,30032.04330021214,0.0,0.0,0.0,
hcw,mppi_lqr,300.0,1800.0,0.1,0.025,5.0,1.25,10.0,10.0,10,100.0,inf,full,both,inf,180.0,0.01,0.0,0.0,256,20,3,0.5,0.1,0.99,10.0,256,20,0,128,128,3.2105761006962745,0.7826532613801014,9.603081895303138,9.603081895303138,0.0,0.0,1.0,460.0
hcw,mppi_lqr,300.0,1800.0,0.1,0.025,5.0,2.5,10.0,10.0,10,100.0,inf,full,both,inf,180.0,0.01,0.0,0.0,256,20,3,0.5,0.1,0.99,10.0,256,20,0,128,128,3.133286822974106,0.80620051475017,9.595704982385117,9.595704982385117,0.0,0.0,1.0,460.0
hcw,mppi_lqr,300.0,1800.0,0.1,0.025,5.0,3.75,10.0,10.0,10,100.0,inf,full,both,inf,180.0,0.01,0.0,0.0,256,20,3,0.5,0.1,0.99,10.0,256,20,0,128,128,3.133286822974106,0.80620051475017,9.595704982385117,9.595704982385117,0.0,0.0,1.0,460.0
hcw,mppi_lqr,300.0,1800.0,0.1,0.025,5.0,4.5,10.0,10.0,10,100.0,inf,full,both,inf,180.0,0.01,0.0,0.0,256,20,3,0.5,0.1,0.99,10.0,256,20,0,128,128,3.133286822974106,0.80620051475017,9.595704982385117,9.595704982385117,0.0,0.0,1.0,460.0
hcw,mppi_lqr,300.0,1800.0,0.1,0.025,5.0,5.0,10.0,10.0,10,100.0,inf,full,both,inf,180.0,0.01,0.0,0.0,256,20,3,0.5,0.1,0.99,10.0,256,20,0,128,128,3.133286822974106,0.80620051475017,9.595704982385117,9.595704982385117,0.0,0.0,1.0,460.0
hcw,mppi_lqr,300.0,1800.0,0.1,0.025,5.0,5.5,10.0,10.0,10,100.0,inf,full,both,inf,180.0,0.01,0.0,0.0,256,20,3,0.5,0.1,0.99,10.0,256,20,0,128,128,3.133286822974106,0.80620051475017,9.595704982385117,9.595704982385117,0.0,0.0,1.0,460.0
hcw,mppi_lqr,300.0,1800.0,0.1,0.025,5.0,6.25,10.0,10.0,10,100.0,inf,full,both,inf,180.0,0.01,0.0,0.0,256,20,3,0.5,0.1,0.99,10.0,256,20,0,128,128,3.133286822974106,0.80620051475017,9.595704982385117,9.595704982385117,0.0,0.0,1.0,460.0
hcw,mppi_lqr,300.0,1800.0,0.1,0.025,5.0,7.5,10.0,10.0,10,100.0,inf,full,both,inf,180.0,0.01,0.0,0.0,256,20,3,0.5,0.1,0.99,10.0,256,20,0,128,128,3.133286822974106,0.80620051475017,9.595704982385117,9.595704982385117,0.0,0.0,1.0,460.0
hcw,mppi_lqr,300.0,1800.0,0.1,0.025,5.0,10.0,10.0,10.0,10,100.0,inf,full,both,inf,180.0,0.01,0.0,0.0,256,20,3,0.5,0.1,0.99,10.0,256,20,0,128,128,3.133286822974106,0.80620051475017,9.595704982385117,9.595704982385117,0.0,0.0,1.0,460.0
hcw,mppi_lqr,300.0,1800.0,0.1,0.025,5.0,inf,10.0,10.0,10,100.0,inf,full,both,inf,180.0,0.01,0.0,0.0,256,20,3,0.5,0.1,0.99,10.0,256,20,0,128,128,3.133286822974106,0.80620051475017,9.595704982385117,9.595704982385117,0.0,0.0,1.0,460.0
hcw,mppi_lqr,300.0,1800.0,0.1,0.05,5.0,1.25,10.0,10.0,10,100.0,inf,full,both,inf,180.0,0.01,0.0,0.0,256,20,3,0.5,0.1,0.99,10.0,256,20,0,128,128,3.7341729975529376,1.25,9.477155291295087,9.477155291295086,0.0,0.0,1.0,500.0
hcw,mppi_lqr,300.0,1800.0,0.1,0.05,5.0,2.5,10.0,10.0,10,100.0,inf,full,both,inf,180.0,0.01,0.0,0.0,256,20,3,0.5,0.1,0.99,10.0,256,20,0,128,128,3.646570038482032,2.186708819240346,9.697837838176026,9.69783783817603,0.0,0.0,1.0,530.0
hcw,mppi_lqr,300.0,1800.0,0.1,0.05,5.0,3.75,10.0,10.0,10,100.0,inf,full,both,inf,180.0,0.01,0.0,0.0,256,20,3,0.5,0.1,0.99,10.0,256,20,0,128,126,3.851010277720717,2.294227652477117,9.753631317521547,40.95974367157496,0.0,0.0,0.984375,520.0
hcw,mppi_lqr,300.0,1800.0,0.1,0.05,5.0,4.5,10.0,10.0,10,100.0,inf,full,both,inf,180.0,0.01,0.0,0.0,256,20,3,0.5,0.1,0.99,10.0,256,20,0,128,126,3.8844761967776695,2.306293972251729,9.756537772744158,55.70256502783076,0.0,0.0,0.984375,510.0
hcw,mppi_lqr,300.0,1800.0,0.1,0.05,5.0,5.0,10.0,10.0,10,100.0,inf,full,both,inf,180.0,0.01,0.0,0.0,256,20,3,0.5,0.1,0.99,10.0,256,20,0,128,126,3.884762243609682,2.3151852244890097,9.767967868236786,60.740903214565776,0.0,0.0,0.984375,510.0
hcw,mppi_lqr,300.0,1800.0,0.1,0.05,5.0,5.5,10.0,10.0,10,100.0,inf,full,both,inf,180.0,0.01,0.0,0.0,256,20,3,0.5,0.1,0.99,10.0,256,20,0,128,126,3.8847612206811126,2.3229900524427154,9.767965506634026,66.62022683332174,0.0,0.0,0.984375,510.0
hcw,mppi_lqr,300.0,1800.0,0.1,0.05,5.0,6.25,10.0,10.0,10,100.0,inf,full,both,inf,180.0,0.01,0.0,0.0,256,20,3,0.5,0.1,0.99,10.0,256,20,0,128,126,3.8847612206811126,2.3347088024427154,9.767965506634026,73.263573659272,0.0,0.0,0.984375,510.0
hcw,mppi_lqr,300.0,1800.0,0.1,0.05,5.0,7.5,10.0,10.0,10,100.0,inf,full,both,inf,180.0,0.01,0.0,0.0,256,20,3,0.5,0.1,0.99,10.0,256,20,0,128,126,3.8847612206811126,2.3542400524427154,9.767965506634026,79.6367124542481,0.0,0.0,0.984375,510.0
hcw,mppi_lqr,300.0,1800.0,0.1,0.05,5.0,10.0,10.0,10.0,10,100.0,inf,full,both,inf,180.0,0.01,0.0,0.0,256,20,3,0.5,0.1,0.99,10.0,256,20,0,128,126,3.8847612206811126,2.3703120416262533,9.767965506634026,81.24418269813303,0.0,0.0,0.984375,510.0
hcw,mppi_lqr,300.0,1800.0,0.1,0.05,5.0,inf,10.0,10.0,10,100.0,inf,full,both,inf,180.0,0.01,0.0,0.0,256,20,3,0.5,0.1,0.99,10.0,256,20,0,128,126,3.8847612206811126,2.370238745380474,9.767965506634026,81.24134300855245,0.0,0.0,0.984375,510.0
hcw,mppi_lqr,300.0,1800.0,0.1,0.075,5.0,1.25,10.0,10.0,10,100.0,inf,full,both,inf,180.0,0.01,0.0,0.0,256,20,3,0.5,0.1,0.99,10.0,256,20,0,128,128,4.291800006539424,1.25,9.470904448588968,9.470904448588977,0.0,0.0,1.0,530.0
hcw,mppi_lqr,300.0,1800.0,0.1,0.075,5.0,2.5,10.0,10.0,10,100.0,inf,full,both,inf,180.0,0.01,0.0,0.0,256,20,3,0.5,0.1,0.99,10.0,256,20,0,128,92,4.625717366729955,2.5,32.11144596514665,273.0166690654589,0.0,0.0,0.71875,570.0
hcw,mppi_lqr,300.0,1800.0,0.1,0.075,5.0,3.75,10.0,10.0,10,100.0,inf,full,both,inf,180.0,0.01,0.0,0.0,256,20,3,0.5,0.1,0.99,10.0,256,20,0,128,3,4.983053734924553,3.75,40.361355841561824,1979.70082133312,0.0,0.0,0.0234375,600.0
hcw,mppi_lqr,300.0,1800.0,0.1,0.075,5.0,4.5,10.0,10.0,10,100.0,inf,full,both,inf,180.0,0.01,0.0,0.0,256,20,3,0.5,0.1,0.99,10.0,256,20,0,128,0,5.0,4.5,54.43660389428547,3107.197689551693,0.0,0.0,0.0,
hcw,mppi_lqr,300.0,1800.0,0.1,0.075,5.0,5.0,10.0,10.0,10,100.0,inf,full,both,inf,180.0,0.01,0.0,0.0,256,20,3,0.5,0.1,0.99,10.0,256,20,0,128,0,5.0,5.0,59.07424190029689,3839.340156505357,0.0,0.0,0.0,
hcw,mppi_lqr,300.0,1800.0,0.1,0.075,5.0,5.5,10.0,10.0,10,100.0,inf,full,both,inf,180.0,0.01,0.0,0.0,256,20,3,0.5,0.1,0.99,10.0,256,20,0,128,0,5.0,5.5,59.96210544286623,4385.853946152881,0.0,0.0,0.0,
hcw,mppi_lqr,300.0,1800.0,0.1,0.075,5.0,6.25,10.0,10.0,10,100.0,inf,full,both,inf,180.0,0.01,0.0,0.0,256,20,3,0.5,0.1,0.99,10.0,256,20,0,128,0,5.0,6.25,60.164863367335485,5173.115097489534,0.0,0.0,0.0,
hcw,mppi_lqr,300.0,1800.0,0.1,0.075,5.0,7.5,10.0,10.0,10,100.0,inf,full,both,inf,180.0,0.01,0.0,0.0,256,20,3,0.5,0.1,0.99,10.0,256,20,0,128,0,5.0,7.5,60.16899337537738,6268.050821070977,0.0,0.0,0.0,
hcw,mppi_lqr,300.0,1800.0,0.1,0.075,5.0,10.0,10.0,10.0,10,100.0,inf,full,both,inf,180.0,0.01,0.0,0.0,256,20,3,0.5,0.1,0.99,10.0,256,20,0,128,0,5.0,10.0,60.168994175766514,7679.86419070916,0.0,0.0,0.0,
hcw,mppi_lqr,300.0,1800.0,0.1,0.075,5.0,inf,10.0,10.0,10,100.0,inf,full,both,inf,180.0,0.01,0.0,0.0,256,20,3,0.5,0.1,0.99,10.0,256,20,0,128,0,5.0,12.838322232478172,60.168994175766514,8185.903525756892,0.0,0.0,0.0,
hcw,mppi_lqr,300.0,1800.0,0.1,0.09,5.0,1.25,10.0,10.0,10,100.0,inf,full,both,inf,180.0,0.01,0.0,0.0,256,20,3,0.5,0.1,0.99,10.0,256,20,0,128,128,4.424916384724638,1.25,9.541533709714674,9.541533709714672,0.0,0.0,1.0,530.0
hcw,mppi_lqr,300.0,1800.0,0.1,0.09,5.0,2.5,10.0,10.0,10,100.0,inf,full,both,inf,180.0,0.01,0.0,0.0,256,20,3,0.5,0.1,0.99,10.0,256,20,0,128,50,4.967872175817482,2.5,49.68901815017121,773.0824168613345,0.0,0.0,0.390625,570.0
hcw,mppi_lqr,300.0,1800.0,0.1,0.09,5.0,3.75,10.0,10.0,10,100.0,inf,full,both,inf,180.0,0.01,0.0,0.0,256,20,3,0.5,0.1,0.99,10.0,256,20,0,128,8,4.997995365196897,3.75,156.17405757799895,1997.658118636995,0.0,0.0,0.0625,585.0
hcw,mppi_lqr,300.0,1800.0,0.1,0.09,5.0,4.5,10.0,10.0,10,100.0,inf,full,both,inf,180.0,0.01,0.0,0.0,256,20,3,0.5,0.1,0.99,10.0,256,20,0,128,0,5.0,4.5,159.68588523167506,3194.5764352819588,0.0,0.0,0.0,
hcw,mppi_lqr,300.0,1800.0,0.1,0.09,5.0,5.0,10.0,10.0,10,100.0,inf,full,both,inf,180.0,0.01,0.0,0.0,256,20,3,0.5,0.1,0.99,10.0,256,20,0,128,0,5.0,5.0,160.2204018451446,3969.2039735977874,0.0,0.0,0.0,
hcw,mppi_lqr,300.0,1800.0,0.1,0.09,5.0,5.5,10.0,10.0,10,100.0,inf,full,both,inf,180.0,0.01,0.0,0.0,256,20,3,0.5,0.1,0.99,10.0,256,20,0,128,0,5.0,5.5,160.75539863044568,4661.988966425151,0.0,0.0,0.0,
hcw,mppi_lqr,300.0,1800.0,0.1,0.09,5.0,6.25,10.0,10.0,10,100.0,inf,full,both,inf,180.0,0.01,0.0,0.0,256,20,3,0.5,0.1,0.99,10.0,256,20,0,128,0,5.0,6.25,159.96852593744526,5647.831596737377,0.0,0.0,0.0,
hcw,mppi_lqr,300.0,1800.0,0.1,0.09,5.0,7.5,10.0,10.0,10,100.0,inf,full,both,inf,180.0,0.01,0.0,0.0,256,20,3,0.5,0.1,0.99,10.0,256,20,0,128,0,5.0,7.5,160.34172879642503,7011.049854494439,0.0,0.0,0.0,
hcw,mppi_lqr,300.0,1800.0,0.1,0.09,5.0,10.0,10.0,10.0,10,100.0,inf,full,both,inf,180.0,0.01,0.0,0.0,256,20,3,0.5,0.1,0.99,10.0,256,20,0,128,0,5.0,10.0,160.33329684744848,9065.805279154678,0.0,0.0,0.0,
hcw,mppi_lqr,300.0,1800.0,0.1,0.09,5.0,inf,10.0,10.0,10,100.0,inf,full,both,inf,180.0,0.01,0.0,0.0,256,20,3,0.5,0.1,0.99,10.0,256,20,0,128,0,5.0,15.460898038987288,160.33329684744848,10716.428563155372,0.0,0.0,0.0,
hcw,mppi_lqr,300.0,1800.0,0.1,0.1,5.0,1.25,10.0,10.0,10,100.0,inf,full,both,inf,180.0,0.01,0.0,0.0,256,20,3,0.5,0.1,0.99,10.0,256,20,0,128,128,4.487666593484932,1.25,9.596703971066187,9.596703971066187,0.0,0.0,1.0,530.0
hcw,mppi_lqr,300.0,1800.0,0.1,0.1,5.0,2.5,10.0,10.0,10,100.0,inf,full,both,inf,180.0,0.01,0.0,0.0,256,20,3,0.5,0.1,0.99,10.0,256,20,0,128,40,4.9912485214705695,2.5,51.2181623245875,960.4317606150964,0.0,0.0,0.3125,570.0
hcw,mppi_lqr,300.0,1800.0,0.1,0.1,5.0,3.75,10.0,10.0,10,100.0,inf,full,both,inf,180.0,0.01,0.0,0.0,256,20,3,0.5,0.1,0.99,10.0,256,20,0,128,2,4.9947917383703455,3.75,222.2677433037352,1913.77035260099,0.0,0.0,0.015625,600.0
hcw,mppi_lqr,300.0,1800.0,0.1,0.1,5.0,4.5,10.0,10.0,10,100.0,inf,full,both,inf,180.0,0.01,0.0,0.0,256,20,3,0.5,0.1,0.99,10.0,256,20,0,128,0,5.0,4.5,225.0508936759796,3025.43296428186,0.0,0.0,0.0,
hcw,mppi_lqr,300.0,1800.0,0.1,0.1,5.0,5.0,10.0,10.0,10,100.0,inf,full,both,inf,180.0,0.01,0.0,0.0,256,20,3,0.5,0.1,0.99,10.0,256,20,0,128,0,5.0,5.0,226.9426014438171,3776.205660601872,0.0,0.0,0.0,
hcw,mppi_lqr,300.0,1800.0,0.1,0.1,5.0,5.5,10.0,10.0,10,100.0,inf,full,both,inf,180.0,0.01,0.0,0.0,256,20,3,0.5,0.1,0.99,10.0,256,20,0,128,0,5.0,5.5,224.40727455881287,4582.356969861069,0.0,0.0,0.0,
hcw,mppi_lqr,300.0,1800.0,0.1,0.1,5.0,6.25,10.0,10.0,10,100.0,inf,full,both,inf,180.0,0.01,0.0,0.0,256,20,3,0.5,0.1,0.99,10.0,256,20,0,128,0,5.0,6.25,223.9542955118387,5574.272951306707,0.0,0.0,0.0,
hcw,mppi_lqr,300.0,1800.0,0.1,0.1,5.0,7.5,10.0,10.0,10,100.0,inf,full,both,inf,180.0,0.01,0.0,0.0,256,20,3,0.5,0.1,0.99,10.0,256,20,0,128,0,5.0,7.5,223.73767981288623,7093.9289500603245,0.0,0.0,0.0,
hcw,mppi_lqr,300.0,1800.0,0.1,0.1,5.0,10.0,10.0,10.0,10,100.0,inf,full,both,inf,180.0,0.01,0.0,0.0,256,20,3,0.5,0.1,0.99,10.0,256,20,0,128,0,5.0,10.0,223.35633122416715,9482.803713045065,0.0,0.0,0.0,
hcw,mppi_lqr,300.0,1800.0,0.1,0.1,5.0,inf,10.0,10.0,10,100.0,inf,full,both,inf,180.0,0.01,0.0,0.0,256,20,3,0.5,0.1,0.99,10.0,256,20,0,128,0,5.0,17.187079513150138,223.35632299607835,12120.61858773744,0.0,0.0,0.0,
hcw,mppi_lqr,300.0,1800.0,0.1,0.11,5.0,1.25,10.0,10.0,10,100.0,inf,full,both,inf,180.0,0.01,0.0,0.0,256,20,3,0.5,0.1,0.99,10.0,256,20,0,128,128,4.543728447168888,1.25,9.528349107518045,9.528349107518045,0.0,0.0,1.0,530.0
hcw,mppi_lqr,300.0,1800.0,0.1,0.11,5.0,2.5,10.0,10.0,10,100.0,inf,full,both,inf,180.0,0.01,0.0,0.0,256,20,3,0.5,0.1,0.99,10.0,256,20,0,128,39,4.99988556251335,2.5,49.76703221087616,1079.7550327555095,0.0,0.0,0.3046875,570.0
hcw,mppi_lqr,300.0,1800.0,0.1,0.11,5.0,3.75,10.0,10.0,10,100.0,inf,full,both,inf,180.0,0.01,0.0,0.0,256,20,3,0.5,0.1,0.99,10.0,256,20,0,128,0,5.0,3.75,246.57307440358824,1813.6207677445,0.0,0.0,0.0,
hcw,mppi_lqr,300.0,1800.0,0.1,0.11,5.0,4.5,10.0,10.0,10,100.0,inf,full,both,inf,180.0,0.01,0.0,0.0,256,20,3,0.5,0.1,0.99,10.0,256,20,0,128,0,5.0,4.5,266.85198193236903,2830.676751865852,0.0,0.0,0.0,
hcw,mppi_lqr,300.0,1800.0,0.1,0.11,5.0,5.0,10.0,10.0,10,100.0,inf,full,both,inf,180.0,0.01,0.0,0.0,256,20,3,0.5,0.1,0.99,10.0,256,20,0,128,0,5.0,5.0,267.1874942533821,3697.635819988639,0.0,0.0,0.0,
hcw,mppi_lqr,300.0,1800.0,0.1,0.11,5.0,5.5,10.0,10.0,10,100.0,inf,full,both,inf,180.0,0.01,0.0,0.0,256,20,3,0.5,0.1,0.99,10.0,256,20,0,128,0,5.0,5.5,267.59135543604947,4456.506848408159,0.0,0.0,0.0,
hcw,mppi_lqr,300.0,1800.0,0.1,0.11,5.0,6.25,10.0,10.0,10,100.0,inf,full,both,inf,180.0,0.01,0.0,0.0,256,20,3,0.5,0.1,0.99,10.0,256,20,0,128,0,5.0,6.25,267.3561738046662,5568.327320821897,0.0,0.0,0.0,
hcw,mppi_lqr,300.0,1800.0,0.1,0.11,5.0,7.5,10.0,10.0,10,100.0,inf,full,both,inf,180.0,0.01,0.0,0.0,256,20,3,0.5,0.1,0.99,10.0,256,20,0,128,0,5.0,7.5,267.08868991757333,7274.700783924565,0.0,0.0,0.0,
hcw,mppi_lqr,300.0,1800.0,0.1,0.11,5.0,10.0,10.0,10.0,10,100.0,inf,full,both,inf,180.0,0.01,0.0,0.0,256,20,3,0.5,0.1,0.99,10.0,256,20,0,128,0,5.0,10.0,266.98737121409715,9936.52829315142,0.0,0.0,0.0,
hcw,mppi_lqr,300.0,1800.0,0.1,0.11,5.0,inf,10.0,10.0,10,100.0,inf,full,both,inf,180.0,0.01,0.0,0.0,256,20,3,0.5,0.1,0.99,10.0,256,20,0,128,0,5.0,18.90611744147529,266.9864883351807,13672.018906158,0.0,0.0,0.0,
hcw,mppi_lqr,300.0,1800.0,0.1,0.125,5.0,1.25,10.0,10.0,10,100.0,inf,full,both,inf,180.0,0.01,0.0,0.0,256,20,3,0.5,0.1,0.99,10.0,256,20,0,128,128,4.609002263428646,1.25,9.48379881172912,9.48379881172912,0.0,0.0,1.0,530.0
hcw,mppi_lqr,300.0,1800.0,0.1,0.125,5.0,2.5,10.0,10.0,10,100.0,inf,full,both,inf,180.0,0.01,0.0,0.0,256,20,3,0.5,0.1,0.99,10.0,256,20,0,128,40,5.0,2.5,47.60232513669575,1219.0793586525554,0.0,0.0,0.3125,560.0
hcw,mppi_lqr,300.0,1800.0,0.1,0.125,5.0,3.75,10.0,10.0,10,100.0,inf,full,both,inf,180.0,0.01,0.0,0.0,256,20,3,0.5,0.1,0.99,10.0,256,20,0,128,0,5.0,3.75,253.8106175018874,1720.532982605478,0.0,0.0,0.0,
hcw,mppi_lqr,300.0,1800.0,0.1,0.125,5.0,4.5,10.0,10.0,10,100.0,inf,full,both,inf,180.0,0.01,0.0,0.0,256,20,3,0.5,0.1,0.99,10.0,256,20,0,128,0,5.0,4.5,289.4483859804079,2633.713460732795,0.0,0.0,0.0,
hcw,mppi_lqr,300.0,1800.0,0.1,0.125,5.0,5.0,10.0,10.0,10,100.0,inf,full,both,inf,180.0,0.01,0.0,0.0,256,20,3,0.5,0.1,0.99,10.0,256,20,0,128,0,5.0,5.0,289.74581315464053,3564.733448295002,0.0,0.0,0.0,
hcw,mppi_lqr,300.0,1800.0,0.1,0.125,5.0,5.5,10.0,10.0,10,100.0,inf,full,both,inf,180.0,0.01,0.0,0.0,256,20,3,0.5,0.1,0.99,10.0,256,20,0,128,0,5.0,5.5,289.5263693411871,4409.056458274823,0.0,0.0,0.0,
hcw,mppi_lqr,300.0,1800.0,0.1,0.125,5.0,6.25,10.0,10.0,10,100.0,inf,full,both,inf,180.0,0.01,0.0,0.0,256,20,3,0.5,0.1,0.99,10.0,256,20,0,128,0,5.0,6.25,289.78692381223243,5666.913124504354,0.0,0.0,0.0,
hcw,mppi_lqr,300.0,1800.0,0.1,0.125,5.0,7.5,10.0,10.0,10,100.0,inf,full,both,inf,180.0,0.01,0.0,0.0,256,20,3,0.5,0.1,0.99,10.0,256,20,0,128,0,5.0,7.5,289.39182764498014,7594.948517022602,0.0,0.0,0.0,
hcw,mppi_lqr,300.0,1800.0,0.1,0.125,5.0,10.0,10.0,10.0,10,100.0,inf,full,both,inf,180.0,0.01,0.0,0.0,256,20,3,0.5,0.1,0.99,10.0,256,20,0,128,0,5.0,10.0,289.41018198701323,10707.086455577031,0.0,0.0,0.0,
hcw,mppi_lqr,300.0,1800.0,0.1,0.125,5.0,inf,10.0,10.0,10,100.0,inf,full,both,inf,180.0,0.01,0.0,0.0,256,20,3,0.5,0.1,0.99,10.0,256,20,0,128,0,5.0,21.48065589154488,289.4101818804082,16325.246950373996,0.0,0.0,0.0,
hcw,mppi_lqr,300.0,1800.0,0.1,0.15,5.0,1.25,10.0,10.0,10,100.0,inf,full,both,inf,180.0,0.01,0.0,0.0,256,20,3,0.5,0.1,0.99,10.0,256,20,0,128,128,4.697868197198527,1.25,9.499474995795962,9.499474995795955,0.0,0.0,1.0,520.0
hcw,mppi_lqr,300.0,1800.0,0.1,0.15,5.0,2.5,10.0,10.0,10,100.0,inf,full,both,inf,180.0,0.01,0.0,0.0,256,20,3,0.5,0.1,0.99,10.0,256,20,0,128,47,5.0,2.5,40.76295600440477,1242.12943810743,0.0,0.0,0.3671875,570.0
hcw,mppi_lqr,300.0,1800.0,0.1,0.15,5.0,3.75,10.0,10.0,10,100.0,inf,full,both,inf,180.0,0.01,0.0,0.0,256,20,3,0.5,0.1,0.99,10.0,256,20,0,128,0,5.0,3.75,255.8789877372753,1690.245960622344,0.0,0.0,0.0,
hcw,mppi_lqr,300.0,1800.0,0.1,0.15,5.0,4.5,10.0,10.0,10,100.0,inf,full,both,inf,180.0,0.01,0.0,0.0,256,20,3,0.5,0.1,0.99,10.0,256,20,0,128,0,5.0,4.5,293.7525610796467,2655.731787088646,0.0,0.0,0.0,
hcw,mppi_lqr,300.0,1800.0,0.1,0.15,5.0,5.0,10.0,10.0,10,100.0,inf,full,both,inf,180.0,0.01,0.0,0.0,256,20,3,0.5,0.1,0.99,10.0,256,20,0,128,0,5.0,5.0,295.20726256589967,3587.5747587561445,0.0,0.0,0.0,
hcw,mppi_lqr,300.0,1800.0,0.1,0.15,5.0,5.5,10.0,10.0,10,100.0,inf,full,both,inf,180.0,0.01,0.0,0.0,256,20,3,0.5,0.1,0.99,10.0,256,20,0,128,0,5.0,5.5,293.2463496973515,4458.8978645756,0.0,0.0,0.0,
hcw,mppi_lqr,300.0,1800.0,0.1,0.15,5.0,6.25,10.0,10.0,10,100.0,inf,full,both,inf,180.0,0.01,0.0,0.0,256,20,3,0.5,0.1,0.99,10.0,256,20,0,128,0,5.0,6.25,293.7361858597392,5839.336882835335,0.0,0.0,0.0,
hcw,mppi_lqr,300.0,1800.0,0.1,0.15,5.0,7.5,10.0,10.0,10,100.0,inf,full,both,inf,180.0,0.01,0.0,0.0,256,20,3,0.5,0.1,0.99,10.0,256,20,0,128,0,5.0,7.5,293.6272700620149,7942.017177179218,0.0,0.0,0.0,
hcw,mppi_lqr,300.0,1800.0,0.1,0.15,5.0,10.0,10.0,10.0,10,100.0,inf,full,both,inf,180.0,0.01,0.0,0.0,256,20,3,0.5,0.1,0.99,10.0,256,20,0,128,0,5.0,10.0,293.7807904552453,11558.201742741208,0.0,0.0,0.0,
hcw,mppi_lqr,300.0,1800.0,0.1,0.15,5.0,inf,10.0,10.0,10,100.0,inf,full,both,inf,180.0,0.01,0.0,0.0,256,20,3,0.5,0.1,0.99,10.0,256,20,0,128,0,5.0,25.77776861679248,293.7801922500529,20506.175485993983,0.0,0.0,0.0,
hcw,mppi_lqr,300.0,1800.0,0.1,0.2,5.0,1.25,10.0,10.0,10,100.0,inf,full,both,inf,180.0,0.01,0.0,0.0,256,20,3,0.5,0.1,0.99,10.0,256,20,0,128,128,4.799854217453459,1.25,9.476196584443745,9.47619658444374,0.0,0.0,1.0,520.0
hcw,mppi_lqr,300.0,1800.0,0.1,0.2,5.0,2.5,10.0,10.0,10,100.0,inf,full,both,inf,180.0,0.01,0.0,0.0,256,20,3,0.5,0.1,0.99,10.0,256,20,0,128,45,5.0,2.5,41.35113644018062,1435.7983653263452,0.0,0.0,0.3515625,570.0
hcw,mppi_lqr,300.0,1800.0,0.1,0.2,5.0,3.75,10.0,10.0,10,100.0,inf,full,both,inf,180.0,0.01,0.0,0.0,256,20,3,0.5,0.1,0.99,10.0,256,20,0,128,0,5.0,3.75,262.0922153006761,1739.444209443246,0.0,0.0,0.0,
hcw,mppi_lqr,300.0,1800.0,0.1,0.2,5.0,4.5,10.0,10.0,10,100.0,inf,full,both,inf,180.0,0.01,0.0,0.0,256,20,3,0.5,0.1,0.99,10.0,256,20,0,128,0,5.0,4.5,293.8202137556779,2828.7555012408,0.0,0.0,0.0,
hcw,mppi_lqr,300.0,1800.0,0.1,0.2,5.0,5.0,10.0,10.0,10,100.0,inf,full,both,inf,180.0,0.01,0.0,0.0,256,20,3,0.5,0.1,0.99,10.0,256,20,0,128,0,5.0,5.0,294.93048536342434,3861.511344772284,0.0,0.0,0.0,
hcw,mppi_lqr,300.0,1800.0,0.1,0.2,5.0,5.5,10.0,10.0,10,100.0,inf,full,both,inf,180.0,0.01,0.0,0.0,256,20,3,0.5,0.1,0.99,10.0,256,20,0,128,0,5.0,5.5,291.3863622604792,4975.7436341355,0.0,0.0,0.0,
hcw,mppi_lqr,300.0,1800.0,0.1,0.2,5.0,6.25,10.0,10.0,10,100.0,inf,full,both,inf,180.0,0.01,0.0,0.0,256,20,3,0.5,0.1,0.99,10.0,256,20,0,128,0,5.0,6.25,292.90264755637264,6379.758334668266,0.0,0.0,0.0,
hcw,mppi_lqr,300.0,1800.0,0.1,0.2,5.0,7.5,10.0,10.0,10,100.0,inf,full,both,inf,180.0,0.01,0.0,0.0,256,20,3,0.5,0.1,0.99,10.0,256,20,0,128,0,5.0,7.5,290.30232258420364,8609.323966606204,0.0,0.0,0.0,
hcw,mppi_lqr,300.0,1800.0,0.1,0.2,5.0,10.0,10.0,10.0,10,100.0,inf,full,both,inf,180.0,0.01,0.0,0.0,256,20,3,0.5,0.1,0.99,10.0,256,20,0,128,0,5.0,10.0,291.7632980281114,12810.589314907244,0.0,0.0,0.0,
hcw,mppi_lqr,300.0,1800.0,0.1,0.2,5.0,inf,10.0,10.0,10,100.0,inf,full,both,inf,180.0,0.01,0.0,0.0,256,20,3,0.5,0.1,0.99,10.0,256,20,0,128,0,5.0,34.36374748197727,291.81465576521987,29170.109237025103,0.0,0.0,0.0,
hcw,random,300.0,1800.0,0.1,0.025,5.0,1.25,10.0,10.0,10,100.0,inf,full,both,inf,180.0,0.01,0.0,0.0,256,20,3,0.5,0.1,0.99,10.0,256,20,0,128,128,3.31962720012222,0.7529704209487031,9.497549329720982,9.497549329720982,0.0,0.0,1.0,400.0
hcw,random,300.0,1800.0,0.1,0.025,5.0,2.5,10.0,10.0,10,100.0,inf,full,both,inf,180.0,0.01,0.0,0.0,256,20,3,0.5,0.1,0.99,10.0,256,20,0,128,128,3.31962720012222,0.7529704209487031,9.497549329720982,9.497549329720982,0.0,0.0,1.0,400.0
hcw,random,300.0,1800.0,0.1,0.025,5.0,3.75,10.0,10.0,10,100.0,inf,full,both,inf,180.0,0.01,0.0,0.0,256,20,3,0.5,0.1,0.99,10.0,256,20,0,128,128,3.31962720012222,0.7529704209487031,9.497549329720982,9.497549329720982,0.0,0.0,1.0,400.0
hcw,random,300.0,1800.0,0.1,0.025,5.0,4.5,10.0,10.0,10,100.0,inf,full,both,inf,180.0,0.01,0.0,0.0,256,20,3,0.5,0.1,0.99,10.0,256,20,0,128,128,3.31962720012222,0.7529704209487031,9.497549329720982,9.497549329720982,0.0,0.0,1.0,400.0
hcw,random,300.0,1800.0,0.1,0.025,5.0,5.0,10.0,10.0,10,100.0,inf,full,both,inf,180.0,0.01,0.0,0.0,256,20,3,0.5,0.1,0.99,10.0,256,20,0,128,128,3.31962720012222,0.7529704209487031,9.497549329720982,9.497549329720982,0.0,0.0,1.0,400.0
hcw,random,300.0,1800.0,0.1,0.025,5.0,5.5,10.0,10.0,10,100.0,inf,full,both,inf,180.0,0.01,0.0,0.0,256,20,3,0.5,0.1,0.99,10.0,256,20,0,128,128,3.31962720012222,0.7529704209487031,9.497549329720982,9.497549329720982,0.0,0.0,1.0,400.0
hcw,random,300.0,1800.0,0.1,0.025,5.0,6.25,10.0,10.0,10,100.0,inf,full,both,inf,180.0,0.01,0.0,0.0,256,20,3,0.5,0.1,0.99,10.0,256,20,0,128,128,3.31962720012222,0.7529704209487031,9.497549329720982,9.497549329720982,0.0,0.0,1.0,400.0
hcw,random,300.0,1800.0,0.1,0.025,5.0,7.5,10.0,10.0,10,100.0,inf,full,both,inf,180.0,0.01,0.0,0.0,256,20,3,0.5,0.1,0.99,10.0,256,20,0,128,128,3.31962720012222,0.7529704209487031,9.497549329720982,9.497549329720982,0.0,0.0,1.0,400.0
hcw,random,300.0,1800.0,0.1,0.025,5.0,10.0,10.0,10.0,10,100.0,inf,full,both,inf,180.0,0.01,0.0,0.0,256,20,3,0.5,0.1,0.99,10.0,256,20,0,128,128,3.31962720012222,0.7529704209487031,9.497549329720982,9.497549329720982,0.0,0.0,1.0,400.0
hcw,random,300.0,1800.0,0.1,0.025,5.0,inf,10.0,10.0,10,100.0,inf,full,both,inf,180.0,0.01,0.0,0.0,256,20,3,0.5,0.1,0.99,10.0,256,20,0,128,128,3.31962720012222,0.7529704209487031,9.497549329720982,9.497549329720982,0.0,0.0,1.0,400.0
hcw,random,300.0,1800.0,0.1,0.05,5.0,1.25,10.0,10.0,10,100.0,inf,full,both,inf,180.0,0.01,0.0,0.0,256,20,3,0.5,0.1,0.99,10.0,256,20,0,128,128,3.3204602423171763,1.246786557305804,9.42089835689366,9.42089835689366,0.0,0.0,1.0,400.0
hcw,random,300.0,1800.0,0.1,0.05,5.0,2.5,10.0,10.0,10,100.0,inf,full,both,inf,180.0,0.01,0.0,0.0,256,20,3,0.5,0.1,0.99,10.0,256,20,0,128,128,3.45501127340278,1.465212047355838,9.36668434816789,9.366684348167889,0.0,0.0,1.0,400.0
hcw,random,300.0,1800.0,0.1,0.05,5.0,3.75,10.0,10.0,10,100.0,inf,full,both,inf,180.0,0.01,0.0,0.0,256,20,3,0.5,0.1,0.99,10.0,256,20,0,128,128,3.45501127340278,1.465212047355838,9.36668434816789,9.366684348167889,0.0,0.0,1.0,400.0
hcw,random,300.0,1800.0,0.1,0.05,5.0,4.5,10.0,10.0,10,100.0,inf,full,both,inf,180.0,0.01,0.0,0.0,256,20,3,0.5,0.1,0.99,10.0,256,20,0,128,128,3.45501127340278,1.465212047355838,9.36668434816789,9.366684348167889,0.0,0.0,1.0,400.0
hcw,random,300.0,1800.0,0.1,0.05,5.0,5.0,10.0,10.0,10,100.0,inf,full,both,inf,180.0,0.01,0.0,0.0,256,20,3,0.5,0.1,0.99,10.0,256,20,0,128,128,3.45501127340278,1.465212047355838,9.36668434816789,9.366684348167889,0.0,0.0,1.0,400.0
hcw,random,300.0,1800.0,0.1,0.05,5.0,5.5,10.0,10.0,10,100.0,inf,full,both,inf,180.0,0.01,0.0,0.0,256,20,3,0.5,0.1,0.99,10.0,256,20,0,128,128,3.45501127340278,1.465212047355838,9.36668434816789,9.366684348167889,0.0,0.0,1.0,400.0
hcw,random,300.0,1800.0,0.1,0.05,5.0,6.25,10.0,10.0,10,100.0,inf,full,both,inf,180.0,0.01,0.0,0.0,256,20,3,0.5,0.1,0.99,10.0,256,20,0,128,128,3.45501127340278,1.465212047355838,9.36668434816789,9.366684348167889,0.0,0.0,1.0,400.0
hcw,random,300.0,1800.0,0.1,0.05,5.0,7.5,10.0,10.0,10,100.0,inf,full,both,inf,180.0,0.01,0.0,0.0,256,20,3,0.5,0.1,0.99,10.0,256,20,0,128,128,3.45501127340278,1.465212047355838,9.36668434816789,9.366684348167889,0.0,0.0,1.0,400.0
hcw,random,300.0,1800.0,0.1,0.05,5.0,10.0,10.0,10.0,10,100.0,inf,full,both,inf,180.0,0.01,0.0,0.0,256,20,3,0.5,0.1,0.99,10.0,256,20,0,128,128,3.45501127340278,1.465212047355838,9.36668434816789,9.366684348167889,0.0,0.0,1.0,400.0
hcw,random,300.0,1800.0,0.1,0.05,5.0,inf,10.0,10.0,10,100.0,inf,full,both,inf,180.0,0.01,0.0,0.0,256,20,3,0.5,0.1,0.99,10.0,256,20,0,128,128,3.45501127340278,1.465212047355838,9.36668434816789,9.366684348167889,0.0,0.0,1.0,400.0
hcw,random,300.0,1800.0,0.1,0.075,5.0,1.25,10.0,10.0,10,100.0,inf,full,both,inf,180.0,0.01,0.0,0.0,256,20,3,0.5,0.1,0.99,10.0,256,20,0,128,128,3.245290638128313,1.25,9.254612773156518,9.254612773156518,0.0,0.0,1.0,400.0
hcw,random,300.0,1800.0,0.1,0.075,5.0,2.5,10.0,10.0,10,100.0,inf,full,both,inf,180.0,0.01,0.0,0.0,256,20,3,0.5,0.1,0.99,10.0,256,20,0,128,128,3.5367918124951854,2.1204011238952454,9.285790697809016,9.285790697809016,0.0,0.0,1.0,390.0
hcw,random,300.0,1800.0,0.1,0.075,5.0,3.75,10.0,10.0,10,100.0,inf,full,both,inf,180.0,0.01,0.0,0.0,256,20,3,0.5,0.1,0.99,10.0,256,20,0,128,128,3.5375441863467603,2.123951838619814,9.292714298974037,9.292714298974037,0.0,0.0,1.0,390.0
hcw,random,300.0,1800.0,0.1,0.075,5.0,4.5,10.0,10.0,10,100.0,inf,full,both,inf,180.0,0.01,0.0,0.0,256,20,3,0.5,0.1,0.99,10.0,256,20,0,128,128,3.5375441863467603,2.123951838619814,9.292714298974037,9.292714298974037,0.0,0.0,1.0,390.0
hcw,random,300.0,1800.0,0.1,0.075,5.0,5.0,10.0,10.0,10,100.0,inf,full,both,inf,180.0,0.01,0.0,0.0,256,20,3,0.5,0.1,0.99,10.0,256,20,0,128,128,3.5375441863467603,2.123951838619814,9.292714298974037,9.292714298974037,0.0,0.0,1.0,390.0
hcw,random,300.0,1800.0,0.1,0.075,5.0,5.5,10.0,10.0,10,100.0,inf,full,both,inf,180.0,0.01,0.0,0.0,256,20,3,0.5,0.1,0.99,10.0,256,20,0,128,128,3.5375441863467603,2.123951838619814,9.292714298974037,9.292714298974037,0.0,0.0,1.0,390.0
hcw,random,300.0,1800.0,0.1,0.075,5.0,6.25,10.0,10.0,10,100.0,inf,full,both,inf,180.0,0.01,0.0,0.0,256,20,3,0.5,0.1,0.99,10.0,256,20,0,128,128,3.5375441863467603,2.123951838619814,9.292714298974037,9.292714298974037,0.0,0.0,1.0,390.0
hcw,random,300.0,1800.0,0.1,0.075,5.0,7.5,10.0,10.0,10,100.0,inf,full,both,inf,180.0,0.01,0.0,0.0,256,20,3,0.5,0.1,0.99,10.0,256,20,0,128,128,3.5375441863467603,2.123951838619814,9.292714298974037,9.292714298974037,0.0,0.0,1.0,390.0
hcw,random,300.0,1800.0,0.1,0.075,5.0,10.0,10.0,10.0,10,100.0,inf,full,both,inf,180.0,0.01,0.0,0.0,256,20,3,0.5,0.1,0.99,10.0,256,20,0,128,128,3.5375441863467603,2.123951838619814,9.292714298974037,9.292714298974037,0.0,0.0,1.0,390.0
hcw,random,300.0,1800.0,0.1,0.075,5.0,inf,10.0,10.0,10,100.0,inf,full,both,inf,180.0,0.01,0.0,0.0,256,20,3,0.5,0.1,0.99,10.0,256,20,0,128,128,3.5375441863467603,2.123951838619814,9.292714298974037,9.292714298974037,0.0,0.0,1.0,390.0
hcw,random,300.0,1800.0,0.1,0.09,5.0,1.25,10.0,10.0,10,100.0,inf,full,both,inf,180.0,0.01,0.0,0.0,256,20,3,0.5,0.1,0.99,10.0,256,20,0,128,128,3.2524114865772606,1.25,9.30524000881922,9.30524000881922,0.0,0.0,1.0,410.0
hcw,random,300.0,1800.0,0.1,0.09,5.0,2.5,10.0,10.0,10,100.0,inf,full,both,inf,180.0,0.01,0.0,0.0,256,20,3,0.5,0.1,0.99,10.0,256,20,0,128,128,3.4870426639074794,2.3683195259666188,9.20493662808471,9.205177163118211,0.0,0.0,1.0,380.0
hcw,random,300.0,1800.0,0.1,0.09,5.0,3.75,10.0,10.0,10,100.0,inf,full,both,inf,180.0,0.01,0.0,0.0,256,20,3,0.5,0.1,0.99,10.0,256,20,0,128,128,3.5911075469287868,2.52899881206232,9.1474520649457,9.147692599979202,0.0,0.0,1.0,380.0
hcw,random,300.0,1800.0,0.1,0.09,5.0,4.5,10.0,10.0,10,100.0,inf,full,both,inf,180.0,0.01,0.0,0.0,256,20,3,0.5,0.1,0.99,10.0,256,20,0,128,128,3.5911075469287868,2.52899881206232,9.1474520649457,9.147692599979202,0.0,0.0,1.0,380.0
hcw,random,300.0,1800.0,0.1,0.09,5.0,5.0,10.0,10.0,10,100.0,inf,full,both,inf,180.0,0.01,0.0,0.0,256,20,3,0.5,0.1,0.99,10.0,256,20,0,128,128,3.5911075469287868,2.52899881206232,9.1474520649457,9.147692599979202,0.0,0.0,1.0,380.0
hcw,random,300.0,1800.0,0.1,0.09,5.0,5.5,10.0,10.0,10,100.0,inf,full,both,inf,180.0,0.01,0.0,0.0,256,20,3,0.5,0.1,0.99,10.0,256,20,0,128,128,3.5911075469287868,2.52899881206232,9.1474520649457,9.147692599979202,0.0,0.0,1.0,380.0
hcw,random,300.0,1800.0,0.1,0.09,5.0,6.25,10.0,10.0,10,100.0,inf,full,both,inf,180.0,0.01,0.0,0.0,256,20,3,0.5,0.1,0.99,10.0,256,20,0,128,128,3.5911075469287868,2.52899881206232,9.1474520649457,9.147692599979202,0.0,0.0,1.0,380.0
hcw,random,300.0,1800.0,0.1,0.09,5.0,7.5,10.0,10.0,10,100.0,inf,full,both,inf,180.0,0.01,0.0,0.0,256,20,3,0.5,0.1,0.99,10.0,256,20,0,128,128,3.5911075469287868,2.52899881206232,9.1474520649457,9.147692599979202,0.0,0.0,1.0,380.0
hcw,random,300.0,1800.0,0.1,0.09,5.0,10.0,10.0,10.0,10,100.0,inf,full,both,inf,180.0,0.01,0.0,0.0,256,20,3,0.5,0.1,0.99,10.0,256,20,0,128,128,3.5911075469287868,2.52899881206232,9.1474520649457,9.147692599979202,0.0,0.0,1.0,380.0
hcw,random,300.0,1800.0,0.1,0.09,5.0,inf,10.0,10.0,10,100.0,inf,full,both,inf,180.0,0.01,0.0,0.0,256,20,3,0.5,0.1,0.99,10.0,256,20,0,128,128,3.5911075469287868,2.52899881206232,9.1474520649457,9.147692599979202,0.0,0.0,1.0,380.0
hcw,random,300.0,1800.0,0.1,0.1,5.0,1.25,10.0,10.0,10,100.0,inf,full,both,inf,180.0,0.01,0.0,0.0,256,20,3,0.5,0.1,0.99,10.0,256,20,0,128,128,3.265376869316852,1.25,9.471269805617336,9.471269805617336,0.0,0.0,1.0,400.0
hcw,random,300.0,1800.0,0.1,0.1,5.0,2.5,10.0,10.0,10,100.0,inf,full,both,inf,180.0,0.01,0.0,0.0,256,20,3,0.5,0.1,0.99,10.0,256,20,0,128,128,3.419121437694081,2.456828805668613,9.291641054500094,9.291641054500095,0.0,0.0,1.0,380.0
hcw,random,300.0,1800.0,0.1,0.1,5.0,3.75,10.0,10.0,10,100.0,inf,full,both,inf,180.0,0.01,0.0,0.0,256,20,3,0.5,0.1,0.99,10.0,256,20,0,128,127,3.6414326488373896,2.817185704979425,9.18385251609671,10.507414442947155,0.0,0.0,0.9921875,380.0
hcw,random,300.0,1800.0,0.1,0.1,5.0,4.5,10.0,10.0,10,100.0,inf,full,both,inf,180.0,0.01,0.0,0.0,256,20,3,0.5,0.1,0.99,10.0,256,20,0,128,128,3.643107493008533,2.8259826127181857,9.165340649760685,9.165340649760685,0.0,0.0,1.0,380.0
hcw,random,300.0,1800.0,0.1,0.1,5.0,5.0,10.0,10.0,10,100.0,inf,full,both,inf,180.0,0.01,0.0,0.0,256,20,3,0.5,0.1,0.99,10.0,256,20,0,128,128,3.643107493008533,2.8259826127181857,9.165340649760685,9.165340649760685,0.0,0.0,1.0,380.0
hcw,random,300.0,1800.0,0.1,0.1,5.0,5.5,10.0,10.0,10,100.0,inf,full,both,inf,180.0,0.01,0.0,0.0,256,20,3,0.5,0.1,0.99,10.0,256,20,0,128,128,3.643107493008533,2.8259826127181857,9.165340649760685,9.165340649760685,0.0,0.0,1.0,380.0
hcw,random,300.0,1800.0,0.1,0.1,5.0,6.25,10.0,10.0,10,100.0,inf,full,both,inf,180.0,0.01,0.0,0.0,256,20,3,0.5,0.1,0.99,10.0,256,20,0,128,128,3.643107493008533,2.8259826127181857,9.165340649760685,9.165340649760685,0.0,0.0,1.0,380.0
hcw,random,300.0,1800.0,0.1,0.1,5.0,7.5,10.0,10.0,10,100.0,inf,full,both,inf,180.0,0.01,0.0,0.0,256,20,3,0.5,0.1,0.99,10.0,256,20,0,128,128,3.643107493008533,2.8259826127181857,9.165340649760685,9.165340649760685,0.0,0.0,1.0,380.0
hcw,random,300.0,1800.0,0.1,0.1,5.0,10.0,10.0,10.0,10,100.0,inf,full,both,inf,180.0,0.01,0.0,0.0,256,20,3,0.5,0.1,0.99,10.0,256,20,0,128,128,3.643107493008533,2.8259826127181857,9.165340649760685,9.165340649760685,0.0,0.0,1.0,380.0
hcw,random,300.0,1800.0,0.1,0.1,5.0,inf,10.0,10.0,10,100.0,inf,full,both,inf,180.0,0.01,0.0,0.0,256,20,3,0.5,0.1,0.99,10.0,256,20,0,128,128,3.643107493008533,2.8259826127181857,9.165340649760685,9.165340649760685,0.0,0.0,1.0,380.0
hcw,random,300.0,1800.0,0.1,0.11,5.0,1.25,10.0,10.0,10,100.0,inf,full,both,inf,180.0,0.01,0.0,0.0,256,20,3,0.5,0.1,0.99,10.0,256,20,0,128,128,3.2773390590565192,1.25,9.41251130427452,9.412511304274515,0.0,0.0,1.0,400.0
hcw,random,300.0,1800.0,0.1,0.11,5.0,2.5,10.0,10.0,10,100.0,inf,full,both,inf,180.0,0.01,0.0,0.0,256,20,3,0.5,0.1,0.99,10.0,256,20,0,128,128,3.35832646243222,2.4910108818404613,9.231123874936944,9.231422308676809,0.0,0.0,1.0,380.0
hcw,random,300.0,1800.0,0.1,0.11,5.0,3.75,10.0,10.0,10,100.0,inf,full,both,inf,180.0,0.01,0.0,0.0,256,20,3,0.5,0.1,0.99,10.0,256,20,0,128,128,3.6844289001181583,3.0967200114693947,9.017919617840947,9.018522240193938,0.0,0.0,1.0,380.0
hcw,random,300.0,1800.0,0.1,0.11,5.0,4.5,10.0,10.0,10,100.0,inf,full,both,inf,180.0,0.01,0.0,0.0,256,20,3,0.5,0.1,0.99,10.0,256,20,0,128,128,3.696931836225883,3.132214307756575,8.986471863349504,8.987074485702493,0.0,0.0,1.0,380.0
hcw,random,300.0,1800.0,0.1,0.11,5.0,5.0,10.0,10.0,10,100.0,inf,full,both,inf,180.0,0.01,0.0,0.0,256,20,3,0.5,0.1,0.99,10.0,256,20,0,128,128,3.696931836225883,3.138101958048027,8.986334588650642,8.986937211003632,0.0,0.0,1.0,380.0
hcw,random,300.0,1800.0,0.1,0.11,5.0,5.5,10.0,10.0,10,100.0,inf,full,both,inf,180.0,0.01,0.0,0.0,256,20,3,0.5,0.1,0.99,10.0,256,20,0,128,128,3.696931836225883,3.138101958048027,8.986334588650642,8.986937211003632,0.0,0.0,1.0,380.0
hcw,random,300.0,1800.0,0.1,0.11,5.0,6.25,10.0,10.0,10,100.0,inf,full,both,inf,180.0,0.01,0.0,0.0,256,20,3,0.5,0.1,0.99,10.0,256,20,0,128,128,3.696931836225883,3.138101958048027,8.986334588650642,8.986937211003632,0.0,0.0,1.0,380.0
hcw,random,300.0,1800.0,0.1,0.11,5.0,7.5,10.0,10.0,10,100.0,inf,full,both,inf,180.0,0.01,0.0,0.0,256,20,3,0.5,0.1,0.99,10.0,256,20,0,128,128,3.696931836225883,3.138101958048027,8.986334588650642,8.986937211003632,0.0,0.0,1.0,380.0
hcw,random,300.0,1800.0,0.1,0.11,5.0,10.0,10.0,10.0,10,100.0,inf,full,both,inf,180.0,0.01,0.0,0.0,256,20,3,0.5,0.1,0.99,10.0,256,20,0,128,128,3.696931836225883,3.138101958048027,8.986334588650642,8.986937211003632,0.0,0.0,1.0,380.0
hcw,random,300.0,1800.0,0.1,0.11,5.0,inf,10.0,10.0,10,100.0,inf,full,both,inf,180.0,0.01,0.0,0.0,256,20,3,0.5,0.1,0.99,10.0,256,20,0,128,128,3.696931836225883,3.138101958048027,8.986334588650642,8.986937211003632,0.0,0.0,1.0,380.0
hcw,random,300.0,1800.0,0.1,0.125,5.0,1.25,10.0,10.0,10,100.0,inf,full,both,inf,180.0,0.01,0.0,0.0,256,20,3,0.5,0.1,0.99,10.0,256,20,0,128,128,3.2864579559372413,1.25,9.454654125247234,9.454654125247234,0.0,0.0,1.0,400.0
hcw,random,300.0,1800.0,0.1,0.125,5.0,2.5,10.0,10.0,10,100.0,inf,full,both,inf,180.0,0.01,0.0,0.0,256,20,3,0.5,0.1,0.99,10.0,256,20,0,128,128,3.397100349678956,2.5,9.130737448513765,9.130737448513765,0.0,0.0,1.0,390.0
hcw,random,300.0,1800.0,0.1,0.125,5.0,3.75,10.0,10.0,10,100.0,inf,full,both,inf,180.0,0.01,0.0,0.0,256,20,3,0.5,0.1,0.99,10.0,256,20,0,128,128,3.712318118994516,3.438498929456316,9.058984815328866,9.058984815328866,0.0,0.0,1.0,385.0
hcw,random,300.0,1800.0,0.1,0.125,5.0,4.5,10.0,10.0,10,100.0,inf,full,both,inf,180.0,0.01,0.0,0.0,256,20,3,0.5,0.1,0.99,10.0,256,20,0,128,128,3.79417061032667,3.6006416553990563,9.01653802723983,9.016538027239832,0.0,0.0,1.0,385.0
hcw,random,300.0,1800.0,0.1,0.125,5.0,5.0,10.0,10.0,10,100.0,inf,full,both,inf,180.0,0.01,0.0,0.0,256,20,3,0.5,0.1,0.99,10.0,256,20,0,128,127,3.800897245979914,3.632294773583738,9.07318602745774,13.20072480863834,0.0,0.0,0.9921875,380.0
hcw,random,300.0,1800.0,0.1,0.125,5.0,5.5,10.0,10.0,10,100.0,inf,full,both,inf,180.0,0.01,0.0,0.0,256,20,3,0.5,0.1,0.99,10.0,256,20,0,128,125,3.800897245979914,3.650186633697347,9.076848960102993,19.77283195605259,0.0,0.0,0.9765625,380.0
hcw,random,300.0,1800.0,0.1,0.125,5.0,6.25,10.0,10.0,10,100.0,inf,full,both,inf,180.0,0.01,0.0,0.0,256,20,3,0.5,0.1,0.99,10.0,256,20,0,128,125,3.800897245979914,3.669039617069891,9.067867177393458,25.30398622477959,0.0,0.0,0.9765625,380.0
hcw,random,300.0,1800.0,0.1,0.125,5.0,7.5,10.0,10.0,10,100.0,inf,full,both,inf,180.0,0.01,0.0,0.0,256,20,3,0.5,0.1,0.99,10.0,256,20,0,128,125,3.800897245979914,3.698336492069891,9.067867177393458,31.23362591726011,0.0,0.0,0.9765625,380.0
hcw,random,300.0,1800.0,0.1,0.125,5.0,10.0,10.0,10.0,10,100.0,inf,full,both,inf,180.0,0.01,0.0,0.0,256,20,3,0.5,0.1,0.99,10.0,256,20,0,128,125,3.800897245979914,3.756930242069891,9.067867177393458,32.51541394278272,0.0,0.0,0.9765625,380.0
hcw,random,300.0,1800.0,0.1,0.125,5.0,inf,10.0,10.0,10,100.0,inf,full,both,inf,180.0,0.01,0.0,0.0,256,20,3,0.5,0.1,0.99,10.0,256,20,0,128,125,3.800897245979914,3.918208461931271,9.067867177393458,28.99339132369202,0.0,0.0,0.9765625,380.0
hcw,random,300.0,1800.0,0.1,0.15,5.0,1.25,10.0,10.0,10,100.0,inf,full,both,inf,180.0,0.01,0.0,0.0,256,20,3,0.5,0.1,0.99,10.0,256,20,0,128,128,3.3024162615023718,1.25,9.51814537175038,9.51814537175038,0.0,0.0,1.0,400.0
hcw,random,300.0,1800.0,0.1,0.15,5.0,2.5,10.0,10.0,10,100.0,inf,full,both,inf,180.0,0.01,0.0,0.0,256,20,3,0.5,0.1,0.99,10.0,256,20,0,128,128,3.3445866803784496,2.5,9.222612313453736,9.225339868958292,0.0,0.0,1.0,390.0
hcw,random,300.0,1800.0,0.1,0.15,5.0,3.75,10.0,10.0,10,100.0,inf,full,both,inf,180.0,0.01,0.0,0.0,256,20,3,0.5,0.1,0.99,10.0,256,20,0,128,127,3.6646009112117097,3.676794659724876,9.07399964042999,16.44113900884244,0.0,0.0,0.9921875,410.0
hcw,random,300.0,1800.0,0.1,0.15,5.0,4.5,10.0,10.0,10,100.0,inf,full,both,inf,180.0,0.01,0.0,0.0,256,20,3,0.5,0.1,0.99,10.0,256,20,0,128,127,3.847094963817073,4.177358840002378,9.231538433469096,15.108120760852502,0.0,0.0,0.9921875,400.0
hcw,random,300.0,1800.0,0.1,0.15,5.0,5.0,10.0,10.0,10,100.0,inf,full,both,inf,180.0,0.01,0.0,0.0,256,20,3,0.5,0.1,0.99,10.0,256,20,0,128,128,3.9353611889778097,4.380811146402001,9.01930336183902,9.02144712373309,0.0,0.0,1.0,410.0
hcw,random,300.0,1800.0,0.1,0.15,5.0,5.5,10.0,10.0,10,100.0,inf,full,both,inf,180.0,0.01,0.0,0.0,256,20,3,0.5,0.1,0.99,10.0,256,20,0,128,126,3.9741397220058015,4.486427928192918,9.03243793936922,26.08104487092181,0.0,0.0,0.984375,405.0
hcw,random,300.0,1800.0,0.1,0.15,5.0,6.25,10.0,10.0,10,100.0,inf,full,both,inf,180.0,0.01,0.0,0.0,256,20,3,0.5,0.1,0.99,10.0,256,20,0,128,119,3.978534195287649,4.5675928266326205,9.294850712748984,55.00543626583556,0.0,0.0,0.9296875,400.0
hcw,random,300.0,1800.0,0.1,0.15,5.0,7.5,10.0,10.0,10,100.0,inf,full,both,inf,180.0,0.01,0.0,0.0,256,20,3,0.5,0.1,0.99,10.0,256,20,0,128,121,3.978534195287649,4.655168398720609,9.175856162865935,53.04836688396373,0.0,0.0,0.9453125,400.0
hcw,random,300.0,1800.0,0.1,0.15,5.0,10.0,10.0,10.0,10,100.0,inf,full,both,inf,180.0,0.01,0.0,0.0,256,20,3,0.5,0.1,0.99,10.0,256,20,0,128,120,3.978534195287649,4.811418398720609,9.188647612656773,57.40033284685251,0.0,0.0,0.9375,400.0
hcw,random,300.0,1800.0,0.1,0.15,5.0,inf,10.0,10.0,10,100.0,inf,full,both,inf,180.0,0.01,0.0,0.0,256,20,3,0.5,0.1,0.99,10.0,256,20,0,128,120,3.978534195287649,5.451171069016354,9.188647612656773,73.4971045908365,0.0,0.0,0.9375,400.0
hcw,random,300.0,1800.0,0.1,0.2,5.0,1.25,10.0,10.0,10,100.0,inf,full,both,inf,180.0,0.01,0.0,0.0,256,20,3,0.5,0.1,0.99,10.0,256,20,0,128,128,3.330985698449986,1.25,9.511216548580766,9.511216548580768,0.0,0.0,1.0,400.0
hcw,random,300.0,1800.0,0.1,0.2,5.0,2.5,10.0,10.0,10,100.0,inf,full,both,inf,180.0,0.01,0.0,0.0,256,20,3,0.5,0.1,0.99,10.0,256,20,0,128,128,3.43189650851077,2.5,9.204029463951832,9.20402946395183,0.0,0.0,1.0,410.0
hcw,random,300.0,1800.0,0.1,0.2,5.0,3.75,10.0,10.0,10,100.0,inf,full,both,inf,180.0,0.01,0.0,0.0,256,20,3,0.5,0.1,0.99,10.0,256,20,0,128,127,3.745015385141503,3.748705492709708,9.54322922963154,13.864587384070015,0.0,0.0,0.9921875,430.0
hcw,random,300.0,1800.0,0.1,0.2,5.0,4.5,10.0,10.0,10,100.0,inf,full,both,inf,180.0,0.01,0.0,0.0,256,20,3,0.5,0.1,0.99,10.0,256,20,0,128,126,3.9024718172335473,4.473655061951251,9.605061259522088,15.986164279370117,0.0,0.0,0.984375,460.0
hcw,random,300.0,1800.0,0.1,0.2,5.0,5.0,10.0,10.0,10,100.0,inf,full,both,inf,180.0,0.01,0.0,0.0,256,20,3,0.5,0.1,0.99,10.0,256,20,0,128,126,3.993689530865543,4.919016598410861,9.996635218119431,14.147905234279346,0.0,0.0,0.984375,455.0
hcw,random,300.0,1800.0,0.1,0.2,5.0,5.5,10.0,10.0,10,100.0,inf,full,both,inf,180.0,0.01,0.0,0.0,256,20,3,0.5,0.1,0.99,10.0,256,20,0,128,123,4.088539663567805,5.335486351320464,10.239730775202084,29.737330302197787,0.0,0.0,0.9609375,460.0
hcw,random,300.0,1800.0,0.1,0.2,5.0,6.25,10.0,10.0,10,100.0,inf,full,both,inf,180.0,0.01,0.0,0.0,256,20,3,0.5,0.1,0.99,10.0,256,20,0,128,122,4.234012267115092,5.896169563096973,10.016769893888773,31.25097606786088,0.0,0.0,0.953125,460.0
hcw,random,300.0,1800.0,0.1,0.2,5.0,7.5,10.0,10.0,10,100.0,inf,full,both,inf,180.0,0.01,0.0,0.0,256,20,3,0.5,0.1,0.99,10.0,256,20,0,128,92,4.394828280764762,6.599268895163175,11.27493819611909,131.03859613871202,0.0,0.0,0.71875,430.0
hcw,random,300.0,1800.0,0.1,0.2,5.0,10.0,10.0,10.0,10,100.0,inf,full,both,inf,180.0,0.01,0.0,0.0,256,20,3,0.5,0.1,0.99,10.0,256,20,0,128,82,4.395888907733334,7.542682314110596,12.1001772508401,301.78429077890246,0.0,0.0,0.640625,420.0
hcw,random,300.0,1800.0,0.1,0.2,5.0,inf,10.0,10.0,10,100.0,inf,full,both,inf,180.0,0.01,0.0,0.0,256,20,3,0.5,0.1,0.99,10.0,256,20,0,128,82,4.395888907733334,13.63945988222028,12.1001772508401,504.374700091271,0.0,0.0,0.640625,420.0
hcw,transverse,300.0,1800.0,0.1,0.025,5.0,1.25,10.0,10.0,10,100.0,inf,full,both,inf,180.0,0.01,0.0,0.0,256,20,3,0.5,0.1,0.99,10.0,256,20,0,128,128,3.445149612404804,0.9578125000000004,9.511653378715234,9.511653378715234,0.0,0.0,1.0,380.0
hcw,transverse,300.0,1800.0,0.1,0.025,5.0,2.5,10.0,10.0,10,100.0,inf,full,both,inf,180.0,0.01,0.0,0.0,256,20,3,0.5,0.1,0.99,10.0,256,20,0,128,128,3.445149612404804,0.9578125000000004,9.511653378715234,9.511653378715234,0.0,0.0,1.0,380.0
hcw,transverse,300.0,1800.0,0.1,0.025,5.0,3.75,10.0,10.0,10,100.0,inf,full,both,inf,180.0,0.01,0.0,0.0,256,20,3,0.5,0.1,0.99,10.0,256,20,0,128,128,3.445149612404804,0.9578125000000004,9.511653378715234,9.511653378715234,0.0,0.0,1.0,380.0
hcw,transverse,300.0,1800.0,0.1,0.025,5.0,4.5,10.0,10.0,10,100.0,inf,full,both,inf,180.0,0.01,0.0,0.0,256,20,3,0.5,0.1,0.99,10.0,256,20,0,128,128,3.445149612404804,0.9578125000000004,9.511653378715234,9.511653378715234,0.0,0.0,1.0,380.0
hcw,transverse,300.0,1800.0,0.1,0.025,5.0,5.0,10.0,10.0,10,100.0,inf,full,both,inf,180.0,0.01,0.0,0.0,256,20,3,0.5,0.1,0.99,10.0,256,20,0,128,128,3.445149612404804,0.9578125000000004,9.511653378715234,9.511653378715234,0.0,0.0,1.0,380.0
hcw,transverse,300.0,1800.0,0.1,0.025,5.0,5.5,10.0,10.0,10,100.0,inf,full,both,inf,180.0,0.01,0.0,0.0,256,20,3,0.5,0.1,0.99,10.0,256,20,0,128,128,3.445149612404804,0.9578125000000004,9.511653378715234,9.511653378715234,0.0,0.0,1.0,380.0
hcw,transverse,300.0,1800.0,0.1,0.025,5.0,6.25,10.0,10.0,10,100.0,inf,full,both,inf,180.0,0.01,0.0,0.0,256,20,3,0.5,0.1,0.99,10.0,256,20,0,128,128,3.445149612404804,0.9578125000000004,9.511653378715234,9.511653378715234,0.0,0.0,1.0,380.0
hcw,transverse,300.0,1800.0,0.1,0.025,5.0,7.5,10.0,10.0,10,100.0,inf,full,both,inf,180.0,0.01,0.0,0.0,256,20,3,0.5,0.1,0.99,10.0,256,20,0,128,128,3.445149612404804,0.9578125000000004,9.511653378715234,9.511653378715234,0.0,0.0,1.0,380.0
hcw,transverse,300.0,1800.0,0.1,0.025,5.0,10.0,10.0,10.0,10,100.0,inf,full,both,inf,180.0,0.01,0.0,0.0,256,20,3,0.5,0.1,0.99,10.0,256,20,0,128,128,3.445149612404804,0.9578125000000004,9.511653378715234,9.511653378715234,0.0,0.0,1.0,380.0
hcw,transverse,300.0,1800.0,0.1,0.025,5.0,inf,10.0,10.0,10,100.0,inf,full,both,inf,180.0,0.01,0.0,0.0,256,20,3,0.5,0.1,0.99,10.0,256,20,0,128,128,3.445149612404804,0.9578125000000004,9.511653378715234,9.511653378715234,0.0,0.0,1.0,380.0
hcw,transverse,300.0,1800.0,0.1,0.05,5.0,1.25,10.0,10.0,10,100.0,inf,full,both,inf,180.0,0.01,0.0,0.0,256,20,3,0.5,0.1,0.99,10.0,256,20,0,128,128,3.994533042737112,1.25,9.48238241542868,9.48238241542868,0.0,0.0,1.0,470.0
hcw,transverse,300.0,1800.0,0.1,0.05,5.0,2.5,10.0,10.0,10,100.0,inf,full,both,inf,180.0,0.01,0.0,0.0,256,20,3,0.5,0.1,0.99,10.0,256,20,0,128,5,4.984870063528551,2.49296875,28.32893190657774,658.4188739916733,0.0,0.0,0.0390625,480.0
hcw,transverse,300.0,1800.0,0.1,0.05,5.0,3.75,10.0,10.0,10,100.0,inf,full,both,inf,180.0,0.01,0.0,0.0,256,20,3,0.5,0.1,0.99,10.0,256,20,0,128,4,4.984870063528551,3.70546875,30.04879526270129,1843.2301941382348,0.0,0.0,0.03125,450.0
hcw,transverse,300.0,1800.0,0.1,0.05,5.0,4.5,10.0,10.0,10,100.0,inf,full,both,inf,180.0,0.01,0.0,0.0,256,20,3,0.5,0.1,0.99,10.0,256,20,0,128,4,4.984870063528551,4.43203125,30.04879526270129,2128.2591558045024,0.0,0.0,0.03125,450.0
hcw,transverse,300.0,1800.0,0.1,0.05,5.0,5.0,10.0,10.0,10,100.0,inf,full,both,inf,180.0,0.01,0.0,0.0,256,20,3,0.5,0.1,0.99,10.0,256,20,0,128,4,4.984870063528551,4.91640625,30.04879526270129,2262.607572388592,0.0,0.0,0.03125,450.0
hcw,transverse,300.0,1800.0,0.1,0.05,5.0,5.5,10.0,10.0,10,100.0,inf,full,both,inf,180.0,0.01,0.0,0.0,256,20,3,0.5,0.1,0.99,10.0,256,20,0,128,4,4.984870063528551,5.40078125,30.04879526270129,2369.3156754053093,0.0,0.0,0.03125,450.0
hcw,transverse,300.0,1800.0,0.1,0.05,5.0,6.25,10.0,10.0,10,100.0,inf,full,both,inf,180.0,0.01,0.0,0.0,256,20,3,0.5,0.1,0.99,10.0,256,20,0,128,4,4.984870063528551,6.12734375,30.04879526270129,2491.1797390950287,0.0,0.0,0.03125,450.0
hcw,transverse,300.0,1800.0,0.1,0.05,5.0,7.5,10.0,10.0,10,100.0,inf,full,both,inf,180.0,0.01,0.0,0.0,256,20,3,0.5,0.1,0.99,10.0,256,20,0,128,4,4.984870063528551,7.33828125,30.04879526270129,2607.985584292589,0.0,0.0,0.03125,450.0
hcw,transverse,300.0,1800.0,0.1,0.05,5.0,10.0,10.0,10.0,10,100.0,inf,full,both,inf,180.0,0.01,0.0,0.0,256,20,3,0.5,0.1,0.99,10.0,256,20,0,128,4,4.984870063528551,8.791406249999993,30.04879526270129,2637.530554761297,0.0,0.0,0.03125,450.0
hcw,transverse,300.0,1800.0,0.1,0.05,5.0,inf,10.0,10.0,10,100.0,inf,full,both,inf,180.0,0.01,0.0,0.0,256,20,3,0.5,0.1,0.99,10.0,256,20,0,128,4,4.984870063528551,8.791406249999993,30.04879526270129,2637.530554761297,0.0,0.0,0.03125,450.0
hcw,transverse,300.0,1800.0,0.1,0.075,5.0,1.25,10.0,10.0,10,100.0,inf,full,both,inf,180.0,0.01,0.0,0.0,256,20,3,0.5,0.1,0.99,10.0,256,20,0,128,128,3.9278532692477217,1.25,9.440425228429609,9.440425228429604,0.0,0.0,1.0,450.0
hcw,transverse,300.0,1800.0,0.1,0.075,5.0,2.5,10.0,10.0,10,100.0,inf,full,both,inf,180.0,0.01,0.0,0.0,256,20,3,0.5,0.1,0.99,10.0,256,20,0,128,5,4.994447653307273,2.5,72.87393649675934,550.0278095817384,0.0,0.0,0.0390625,580.0
hcw,transverse,300.0,1800.0,0.1,0.075,5.0,3.75,10.0,10.0,10,100.0,inf,full,both,inf,180.0,0.01,0.0,0.0,256,20,3,0.5,0.1,0.99,10.0,256,20,0,128,0,5.0,3.75,77.42554721948758,1746.7993889699817,0.0,0.0,0.0,
hcw,transverse,300.0,1800.0,0.1,0.075,5.0,4.5,10.0,10.0,10,100.0,inf,full,both,inf,180.0,0.01,0.0,0.0,256,20,3,0.5,0.1,0.99,10.0,256,20,0,128,0,5.0,4.5,77.42554721948758,2669.307312569928,0.0,0.0,0.0,
hcw,transverse,300.0,1800.0,0.1,0.075,5.0,5.0,10.0,10.0,10,100.0,inf,full,both,inf,180.0,0.01,0.0,0.0,256,20,3,0.5,0.1,0.99,10.0,256,20,0,128,0,5.0,5.0,77.42554721948758,3122.428398199615,0.0,0.0,0.0,
hcw,transverse,300.0,1800.0,0.1,0.075,5.0,5.5,10.0,10.0,10,100.0,inf,full,both,inf,180.0,0.01,0.0,0.0,256,20,3,0.5,0.1,0.99,10.0,256,20,0,128,0,5.0,5.5,77.42554721948758,3484.5165230746,0.0,0.0,0.0,
hcw,transverse,300.0,1800.0,0.1,0.075,5.0,6.25,10.0,10.0,10,100.0,inf,full,both,inf,180.0,0.01,0.0,0.0,256,20,3,0.5,0.1,0.99,10.0,256,20,0,128,0,5.0,6.25,77.42554721948758,3915.375573834757,0.0,0.0,0.0,
hcw,transverse,300.0,1800.0,0.1,0.075,5.0,7.5,10.0,10.0,10,100.0,inf,full,both,inf,180.0,0.01,0.0,0.0,256,20,3,0.5,0.1,0.99,10.0,256,20,0,128,0,5.0,7.5,77.42554721948758,4435.854366064886,0.0,0.0,0.0,
hcw,transverse,300.0,1800.0,0.1,0.075,5.0,10.0,10.0,10.0,10,100.0,inf,full,both,inf,180.0,0.01,0.0,0.0,256,20,3,0.5,0.1,0.99,10.0,256,20,0,128,0,5.0,10.0,77.42554721948758,4984.035558330751,0.0,0.0,0.0,
hcw,transverse,300.0,1800.0,0.1,0.075,5.0,inf,10.0,10.0,10,100.0,inf,full,both,inf,180.0,0.01,0.0,0.0,256,20,3,0.5,0.1,0.99,10.0,256,20,0,128,0,5.0,13.49999999999996,77.42554721948758,5133.81866617829,0.0,0.0,0.0,
hcw,transverse,300.0,1800.0,0.1,0.09,5.0,1.25,10.0,10.0,10,100.0,inf,full,both,inf,180.0,0.01,0.0,0.0,256,20,3,0.5,0.1,0.99,10.0,256,20,0,128,128,3.850946071302272,1.25,9.53098933473063,9.530989334730634,0.0,0.0,1.0,430.0
hcw,transverse,300.0,1800.0,0.1,0.09,5.0,2.5,10.0,10.0,10,100.0,inf,full,both,inf,180.0,0.01,0.0,0.0,256,20,3,0.5,0.1,0.99,10.0,256,20,0,128,6,4.990434115714891,2.5,93.46263733459377,707.3097443460543,0.0,0.0,0.046875,580.0
hcw,transverse,300.0,1800.0,0.1,0.09,5.0,3.75,10.0,10.0,10,100.0,inf,full,both,inf,180.0,0.01,0.0,0.0,256,20,3,0.5,0.1,0.99,10.0,256,20,0,128,0,5.0,3.75,106.72302172951412,1604.8848849731032,0.0,0.0,0.0,
hcw,transverse,300.0,1800.0,0.1,0.09,5.0,4.5,10.0,10.0,10,100.0,inf,full,both,inf,180.0,0.01,0.0,0.0,256,20,3,0.5,0.1,0.99,10.0,256,20,0,128,0,5.0,4.5,106.72302172951412,2596.7720166049426,0.0,0.0,0.0,
hcw,transverse,300.0,1800.0,0.1,0.09,5.0,5.0,10.0,10.0,10,100.0,inf,full,both,inf,180.0,0.01,0.0,0.0,256,20,3,0.5,0.1,0.99,10.0,256,20,0,128,0,5.0,5.0,106.72302172951412,3184.182031220044,0.0,0.0,0.0,
hcw,transverse,300.0,1800.0,0.1,0.09,5.0,5.5,10.0,10.0,10,100.0,inf,full,both,inf,180.0,0.01,0.0,0.0,256,20,3,0.5,0.1,0.99,10.0,256,20,0,128,0,5.0,5.5,106.72302172951412,3672.167526282442,0.0,0.0,0.0,
hcw,transverse,300.0,1800.0,0.1,0.09,5.0,6.25,10.0,10.0,10,100.0,inf,full,both,inf,180.0,0.01,0.0,0.0,256,20,3,0.5,0.1,0.99,10.0,256,20,0,128,0,5.0,6.25,106.72302172951412,4251.44488938212,0.0,0.0,0.0,
hcw,transverse,300.0,1800.0,0.1,0.09,5.0,7.5,10.0,10.0,10,100.0,inf,full,both,inf,180.0,0.01,0.0,0.0,256,20,3,0.5,0.1,0.99,10.0,256,20,0,128,0,5.0,7.5,106.72302172951412,4963.092830017333,0.0,0.0,0.0,
hcw,transverse,300.0,1800.0,0.1,0.09,5.0,10.0,10.0,10.0,10,100.0,inf,full,both,inf,180.0,0.01,0.0,0.0,256,20,3,0.5,0.1,0.99,10.0,256,20,0,128,0,5.0,10.0,106.72302172951412,5850.841400391889,0.0,0.0,0.0,
hcw,transverse,300.0,1800.0,0.1,0.09,5.0,inf,10.0,10.0,10,100.0,inf,full,both,inf,180.0,0.01,0.0,0.0,256,20,3,0.5,0.1,0.99,10.0,256,20,0,128,0,5.0,16.19999999999998,106.72302172951412,6398.764048091271,0.0,0.0,0.0,
hcw,transverse,300.0,1800.0,0.1,0.1,5.0,1.25,10.0,10.0,10,100.0,inf,full,both,inf,180.0,0.01,0.0,0.0,256,20,3,0.5,0.1,0.99,10.0,256,20,0,128,128,3.820952020561474,1.25,9.507575797158037,9.507575797158037,0.0,0.0,1.0,420.0
hcw,transverse,300.0,1800.0,0.1,0.1,5.0,2.5,10.0,10.0,10,100.0,inf,full,both,inf,180.0,0.01,0.0,0.0,256,20,3,0.5,0.1,0.99,10.0,256,20,0,128,6,4.98728308729355,2.5,94.25313016612368,853.0087516335299,0.0,0.0,0.046875,575.0
hcw,transverse,300.0,1800.0,0.1,0.1,5.0,3.75,10.0,10.0,10,100.0,inf,full,both,inf,180.0,0.01,0.0,0.0,256,20,3,0.5,0.1,0.99,10.0,256,20,0,128,0,5.0,3.75,125.01598469200025,1557.2248182270043,0.0,0.0,0.0,
hcw,transverse,300.0,1800.0,0.1,0.1,5.0,4.5,10.0,10.0,10,100.0,inf,full,both,inf,180.0,0.01,0.0,0.0,256,20,3,0.5,0.1,0.99,10.0,256,20,0,128,0,5.0,4.5,125.01598469200025,2549.422024100411,0.0,0.0,0.0,
hcw,transverse,300.0,1800.0,0.1,0.1,5.0,5.0,10.0,10.0,10,100.0,inf,full,both,inf,180.0,0.01,0.0,0.0,256,20,3,0.5,0.1,0.99,10.0,256,20,0,128,0,5.0,5.0,125.01598469200025,3177.311276771807,0.0,0.0,0.0,
hcw,transverse,300.0,1800.0,0.1,0.1,5.0,5.5,10.0,10.0,10,100.0,inf,full,both,inf,180.0,0.01,0.0,0.0,256,20,3,0.5,0.1,0.99,10.0,256,20,0,128,0,5.0,5.5,125.01598469200025,3739.300210691485,0.0,0.0,0.0,
hcw,transverse,300.0,1800.0,0.1,0.1,5.0,6.25,10.0,10.0,10,100.0,inf,full,both,inf,180.0,0.01,0.0,0.0,256,20,3,0.5,0.1,0.99,10.0,256,20,0,128,0,5.0,6.25,125.01598469200025,4426.8646807439045,0.0,0.0,0.0,
hcw,transverse,300.0,1800.0,0.1,0.1,5.0,7.5,10.0,10.0,10,100.0,inf,full,both,inf,180.0,0.01,0.0,0.0,256,20,3,0.5,0.1,0.99,10.0,256,20,0,128,0,5.0,7.5,125.01598469200025,5268.286734707017,0.0,0.0,0.0,
hcw,transverse,300.0,1800.0,0.1,0.1,5.0,10.0,10.0,10.0,10,100.0,inf,full,both,inf,180.0,0.01,0.0,0.0,256,20,3,0.5,0.1,0.99,10.0,256,20,0,128,0,5.0,10.0,125.01598469200025,6339.757615858742,0.0,0.0,0.0,
hcw,transverse,300.0,1800.0,0.1,0.1,5.0,inf,10.0,10.0,10,100.0,inf,full,both,inf,180.0,0.01,0.0,0.0,256,20,3,0.5,0.1,0.99,10.0,256,20,0,128,0,5.0,17.999999999999986,125.01598469200025,7250.863528575966,0.0,0.0,0.0,
hcw,transverse,300.0,1800.0,0.1,0.11,5.0,1.25,10.0,10.0,10,100.0,inf,full,both,inf,180.0,0.01,0.0,0.0,256,20,3,0.5,0.1,0.99,10.0,256,20,0,128,128,3.803469922148099,1.25,9.462047141728837,9.46204714172884,0.0,0.0,1.0,420.0
hcw,transverse,300.0,1800.0,0.1,0.11,5.0,2.5,10.0,10.0,10,100.0,inf,full,both,inf,180.0,0.01,0.0,0.0,256,20,3,0.5,0.1,0.99,10.0,256,20,0,128,5,4.984749275238482,2.5,89.63650624091794,1002.2573438504228,0.0,0.0,0.0390625,560.0
hcw,transverse,300.0,1800.0,0.1,0.11,5.0,3.75,10.0,10.0,10,100.0,inf,full,both,inf,180.0,0.01,0.0,0.0,256,20,3,0.5,0.1,0.99,10.0,256,20,0,128,0,5.0,3.75,141.9587340174129,1507.6664299598372,0.0,0.0,0.0,
hcw,transverse,300.0,1800.0,0.1,0.11,5.0,4.5,10.0,10.0,10,100.0,inf,full,both,inf,180.0,0.01,0.0,0.0,256,20,3,0.5,0.1,0.99,10.0,256,20,0,128,0,5.0,4.5,141.9587340174129,2516.073977711097,0.0,0.0,0.0,
hcw,transverse,300.0,1800.0,0.1,0.11,5.0,5.0,10.0,10.0,10,100.0,inf,full,both,inf,180.0,0.01,0.0,0.0,256,20,3,0.5,0.1,0.99,10.0,256,20,0,128,0,5.0,5.0,141.9587340174129,3158.124781870873,0.0,0.0,0.0,
hcw,transverse,300.0,1800.0,0.1,0.11,5.0,5.5,10.0,10.0,10,100.0,inf,full,both,inf,180.0,0.01,0.0,0.0,256,20,3,0.5,0.1,0.99,10.0,256,20,0,128,0,5.0,5.5,141.9587340174129,3763.1614594287216,0.0,0.0,0.0,
hcw,transverse,300.0,1800.0,0.1,0.11,5.0,6.25,10.0,10.0,10,100.0,inf,full,both,inf,180.0,0.01,0.0,0.0,256,20,3,0.5,0.1,0.99,10.0,256,20,0,128,0,5.0,6.25,141.9587340174129,4549.092368671039,0.0,0.0,0.0,
hcw,transverse,300.0,1800.0,0.1,0.11,5.0,7.5,10.0,10.0,10,100.0,inf,full,both,inf,180.0,0.01,0.0,0.0,256,20,3,0.5,0.1,0.99,10.0,256,20,0,128,0,5.0,7.5,141.9587340174129,5531.385043743918,0.0,0.0,0.0,
hcw,transverse,300.0,1800.0,0.1,0.11,5.0,10.0,10.0,10.0,10,100.0,inf,full,both,inf,180.0,0.01,0.0,0.0,256,20,3,0.5,0.1,0.99,10.0,256,20,0,128,0,5.0,10.0,141.9587340174129,6779.383767325633,0.0,0.0,0.0,
hcw,transverse,300.0,1800.0,0.1,0.11,5.0,inf,10.0,10.0,10,100.0,inf,full,both,inf,180.0,0.01,0.0,0.0,256,20,3,0.5,0.1,0.99,10.0,256,20,0,128,0,5.0,19.79999999999995,141.9587340174129,8108.553045958318,0.0,0.0,0.0,
hcw,transverse,300.0,1800.0,0.1,0.125,5.0,1.25,10.0,10.0,10,100.0,inf,full,both,inf,180.0,0.01,0.0,0.0,256,20,3,0.5,0.1,0.99,10.0,256,20,0,128,128,3.7847259638643433,1.25,9.490613293713407,9.490613293713407,0.0,0.0,1.0,420.0
hcw,transverse,300.0,1800.0,0.1,0.125,5.0,2.5,10.0,10.0,10,100.0,inf,full,both,inf,180.0,0.01,0.0,0.0,256,20,3,0.5,0.1,0.99,10.0,256,20,0,128,5,4.984128904936719,2.5,82.79064422922866,1181.8613829719634,0.0,0.0,0.0390625,550.0
hcw,transverse,300.0,1800.0,0.1,0.125,5.0,3.75,10.0,10.0,10,100.0,inf,full,both,inf,180.0,0.01,0.0,0.0,256,20,3,0.5,0.1,0.99,10.0,256,20,0,128,0,5.0,3.75,163.73014147569418,1418.4822313633326,0.0,0.0,0.0,
hcw,transverse,300.0,1800.0,0.1,0.125,5.0,4.5,10.0,10.0,10,100.0,inf,full,both,inf,180.0,0.01,0.0,0.0,256,20,3,0.5,0.1,0.99,10.0,256,20,0,128,0,5.0,4.5,164.45968316480182,2454.907829972438,0.0,0.0,0.0,
hcw,transverse,300.0,1800.0,0.1,0.125,5.0,5.0,10.0,10.0,10,100.0,inf,full,both,inf,180.0,0.01,0.0,0.0,256,20,3,0.5,0.1,0.99,10.0,256,20,0,128,0,5.0,5.0,164.45968316480182,3127.190290559627,0.0,0.0,0.0,
hcw,transverse,300.0,1800.0,0.1,0.125,5.0,5.5,10.0,10.0,10,100.0,inf,full,both,inf,180.0,0.01,0.0,0.0,256,20,3,0.5,0.1,0.99,10.0,256,20,0,128,0,5.0,5.5,164.45968316480182,3764.029173430352,0.0,0.0,0.0,
hcw,transverse,300.0,1800.0,0.1,0.125,5.0,6.25,10.0,10.0,10,100.0,inf,full,both,inf,180.0,0.01,0.0,0.0,256,20,3,0.5,0.1,0.99,10.0,256,20,0,128,0,5.0,6.25,164.45968316480182,4645.943211917559,0.0,0.0,0.0,
hcw,transverse,300.0,1800.0,0.1,0.125,5.0,7.5,10.0,10.0,10,100.0,inf,full,both,inf,180.0,0.01,0.0,0.0,256,20,3,0.5,0.1,0.99,10.0,256,20,0,128,0,5.0,7.5,164.45968316480182,5841.851850590018,0.0,0.0,0.0,
hcw,transverse,300.0,1800.0,0.1,0.125,5.0,10.0,10.0,10.0,10,100.0,inf,full,both,inf,180.0,0.01,0.0,0.0,256,20,3,0.5,0.1,0.99,10.0,256,20,0,128,0,5.0,10.0,164.45968316480182,7374.3799039641235,0.0,0.0,0.0,
hcw,transverse,300.0,1800.0,0.1,0.125,5.0,inf,10.0,10.0,10,100.0,inf,full,both,inf,180.0,0.01,0.0,0.0,256,20,3,0.5,0.1,0.99,10.0,256,20,0,128,0,5.0,22.5,164.45968316480182,9400.778696822754,0.0,0.0,0.0,
hcw,transverse,300.0,1800.0,0.1,0.15,5.0,1.25,10.0,10.0,10,100.0,inf,full,both,inf,180.0,0.01,0.0,0.0,256,20,3,0.5,0.1,0.99,10.0,256,20,0,128,128,3.7698244841842,1.25,9.461082226172891,9.461082226172897,0.0,0.0,1.0,420.0
hcw,transverse,300.0,1800.0,0.1,0.15,5.0,2.5,10.0,10.0,10,100.0,inf,full,both,inf,180.0,0.01,0.0,0.0,256,20,3,0.5,0.1,0.99,10.0,256,20,0,128,4,4.98395898194004,2.5,73.30395703555382,1400.4581795313763,0.0,0.0,0.03125,530.0
hcw,transverse,300.0,1800.0,0.1,0.15,5.0,3.75,10.0,10.0,10,100.0,inf,full,both,inf,180.0,0.01,0.0,0.0,256,20,3,0.5,0.1,0.99,10.0,256,20,0,128,0,5.0,3.75,192.0485072049441,1262.2786179182972,0.0,0.0,0.0,
hcw,transverse,300.0,1800.0,0.1,0.15,5.0,4.5,10.0,10.0,10,100.0,inf,full,both,inf,180.0,0.01,0.0,0.0,256,20,3,0.5,0.1,0.99,10.0,256,20,0,128,0,5.0,4.5,194.54521836842704,2325.592300584411,0.0,0.0,0.0,
hcw,transverse,300.0,1800.0,0.1,0.15,5.0,5.0,10.0,10.0,10,100.0,inf,full,both,inf,180.0,0.01,0.0,0.0,256,20,3,0.5,0.1,0.99,10.0,256,20,0,128,0,5.0,5.0,194.54521836842704,3038.670436772144,0.0,0.0,0.0,
hcw,transverse,300.0,1800.0,0.1,0.15,5.0,5.5,10.0,10.0,10,100.0,inf,full,both,inf,180.0,0.01,0.0,0.0,256,20,3,0.5,0.1,0.99,10.0,256,20,0,128,0,5.0,5.5,194.54521836842704,3723.127783366452,0.0,0.0,0.0,
hcw,transverse,300.0,1800.0,0.1,0.15,5.0,6.25,10.0,10.0,10,100.0,inf,full,both,inf,180.0,0.01,0.0,0.0,256,20,3,0.5,0.1,0.99,10.0,256,20,0,128,0,5.0,6.25,194.54521836842704,4685.181683543022,0.0,0.0,0.0,
hcw,transverse,300.0,1800.0,0.1,0.15,5.0,7.5,10.0,10.0,10,100.0,inf,full,both,inf,180.0,0.01,0.0,0.0,256,20,3,0.5,0.1,0.99,10.0,256,20,0,128,0,5.0,7.5,194.54521836842704,6112.52735651291,0.0,0.0,0.0,
hcw,transverse,300.0,1800.0,0.1,0.15,5.0,10.0,10.0,10.0,10,100.0,inf,full,both,inf,180.0,0.01,0.0,0.0,256,20,3,0.5,0.1,0.99,10.0,256,20,0,128,0,5.0,10.0,194.54521836842704,8176.380979958038,0.0,0.0,0.0,
hcw,transverse,300.0,1800.0,0.1,0.15,5.0,inf,10.0,10.0,10,100.0,inf,full,both,inf,180.0,0.01,0.0,0.0,256,20,3,0.5,0.1,0.99,10.0,256,20,0,128,0,5.0,26.99999999999992,194.54521836842704,11584.911695897978,0.0,0.0,0.0,
hcw,transverse,300.0,1800.0,0.1,0.2,5.0,1.25,10.0,10.0,10,100.0,inf,full,both,inf,180.0,0.01,0.0,0.0,256,20,3,0.5,0.1,0.99,10.0,256,20,0,128,128,3.760372858640674,1.25,9.55389191685012,9.553891916850116,0.0,0.0,1.0,420.0
hcw,transverse,300.0,1800.0,0.1,0.2,5.0,2.5,10.0,10.0,10,100.0,inf,full,both,inf,180.0,0.01,0.0,0.0,256,20,3,0.5,0.1,0.99,10.0,256,20,0,128,4,4.991685501163016,2.5,61.41031116440672,1611.2643299665633,0.0,0.0,0.03125,575.0
hcw,transverse,300.0,1800.0,0.1,0.2,5.0,3.75,10.0,10.0,10,100.0,inf,full,both,inf,180.0,0.01,0.0,0.0,256,20,3,0.5,0.1,0.99,10.0,256,20,0,128,2,5.0,3.75,228.161247288076,1033.6929609740089,0.0,0.0,0.015625,575.0
hcw,transverse,300.0,1800.0,0.1,0.2,5.0,4.5,10.0,10.0,10,100.0,inf,full,both,inf,180.0,0.01,0.0,0.0,256,20,3,0.5,0.1,0.99,10.0,256,20,0,128,0,5.0,4.5,232.0243969249709,2092.5222934456665,0.0,0.0,0.0,
hcw,transverse,300.0,1800.0,0.1,0.2,5.0,5.0,10.0,10.0,10,100.0,inf,full,both,inf,180.0,0.01,0.0,0.0,256,20,3,0.5,0.1,0.99,10.0,256,20,0,128,0,5.0,5.0,233.4496661287858,2860.828846609304,0.0,0.0,0.0,
hcw,transverse,300.0,1800.0,0.1,0.2,5.0,5.5,10.0,10.0,10,100.0,inf,full,both,inf,180.0,0.01,0.0,0.0,256,20,3,0.5,0.1,0.99,10.0,256,20,0,128,0,5.0,5.5,233.7162052190252,3606.6720865383872,0.0,0.0,0.0,
hcw,transverse,300.0,1800.0,0.1,0.2,5.0,6.25,10.0,10.0,10,100.0,inf,full,both,inf,180.0,0.01,0.0,0.0,256,20,3,0.5,0.1,0.99,10.0,256,20,0,128,0,5.0,6.25,233.7162052190252,4672.731514389316,0.0,0.0,0.0,
hcw,transverse,300.0,1800.0,0.1,0.2,5.0,7.5,10.0,10.0,10,100.0,inf,full,both,inf,180.0,0.01,0.0,0.0,256,20,3,0.5,0.1,0.99,10.0,256,20,0,128,0,5.0,7.5,233.7162052190252,6300.183524212706,0.0,0.0,0.0,
hcw,transverse,300.0,1800.0,0.1,0.2,5.0,10.0,10.0,10.0,10,100.0,inf,full,both,inf,180.0,0.01,0.0,0.0,256,20,3,0.5,0.1,0.99,10.0,256,20,0,128,0,5.0,10.0,233.7162052190252,9064.995717044832,0.0,0.0,0.0,
hcw,transverse,300.0,1800.0,0.1,0.2,5.0,inf,10.0,10.0,10,100.0,inf,full,both,inf,180.0,0.01,0.0,0.0,256,20,3,0.5,0.1,0.99,10.0,256,20,0,128,0,5.0,35.99999999999997,233.7162052190252,15999.603050164544,0.0,0.0,0.0,
lqr,flee,300.0,1800.0,0.1,0.025,5.0,1.25,10.0,10.0,10,100.0,inf,full,both,inf,180.0,0.01,0.0,0.0,256,20,3,0.5,0.1,0.99,10.0,256,20,0,128,128,1.9807103451476045,1.25,9.615599558465345,9.615599558465352,0.0,0.0,1.0,680.0
lqr,flee,300.0,1800.0,0.1,0.025,5.0,2.5,10.0,10.0,10,100.0,inf,full,both,inf,180.0,0.01,0.0,0.0,256,20,3,0.5,0.1,0.99,10.0,256,20,0,128,128,3.1807160441861475,2.5,9.352680092660234,9.35268009266022,0.0,0.0,1.0,1200.0
lqr,flee,300.0,1800.0,0.1,0.025,5.0,3.75,10.0,10.0,10,100.0,inf,full,both,inf,180.0,0.01,0.0,0.0,256,20,3,0.5,0.1,0.99,10.0,256,20,0,128,128,4.434579803846199,3.75,9.29297093674133,9.29297093674133,0.0,0.0,1.0,1700.0
lqr,flee,300.0,1800.0,0.1,0.025,5.0,4.5,10.0,10.0,10,100.0,inf,full,both,inf,180.0,0.01,0.0,0.0,256,20,3,0.5,0.1,0.99,10.0,256,20,0,128,0,4.982248692771974,4.4999999999999964,26.271376294725865,29.131382739869675,0.0,0.0,0.0,
lqr,flee,300.0,1800.0,0.1,0.025,5.0,5.0,10.0,10.0,10,100.0,inf,full,both,inf,180.0,0.01,0.0,0.0,256,20,3,0.5,0.1,0.99,10.0,256,20,0,128,0,4.982248692771974,4.4999999999999964,26.271376294725865,29.131382739869675,0.0,0.0,0.0,
lqr,flee,300.0,1800.0,0.1,0.025,5.0,5.5,10.0,10.0,10,100.0,inf,full,both,inf,180.0,0.01,0.0,0.0,256,20,3,0.5,0.1,0.99,10.0,256,20,0,128,0,4.982248692771974,4.4999999999999964,26.271376294725865,29.131382739869675,0.0,0.0,0.0,
lqr,flee,300.0,1800.0,0.1,0.025,5.0,6.25,10.0,10.0,10,100.0,inf,full,both,inf,180.0,0.01,0.0,0.0,256,20,3,0.5,0.1,0.99,10.0,256,20,0,128,0,4.982248692771974,4.4999999999999964,26.271376294725865,29.131382739869675,0.0,0.0,0.0,
lqr,flee,300.0,1800.0,0.1,0.025,5.0,7.5,10.0,10.0,10,100.0,inf,full,both,inf,180.0,0.01,0.0,0.0,256,20,3,0.5,0.1,0.99,10.0,256,20,0,128,0,4.982248692771974,4.4999999999999964,26.271376294725865,29.131382739869675,0.0,0.0,0.0,
lqr,flee,300.0,1800.0,0.1,0.025,5.0,10.0,10.0,10.0,10,100.0,inf,full,both,inf,180.0,0.01,0.0,0.0,256,20,3,0.5,0.1,0.99,10.0,256,20,0,128,0,4.982248692771974,4.4999999999999964,26.271376294725865,29.131382739869675,0.0,0.0,0.0,
lqr,flee,300.0,1800.0,0.1,0.025,5.0,inf,10.0,10.0,10,100.0,inf,full,both,inf,180.0,0.01,0.0,0.0,256,20,3,0.5,0.1,0.99,10.0,256,20,0,128,0,4.982248692771974,4.4999999999999964,26.271376294725865,29.131382739869675,0.0,0.0,0.0,
lqr,flee,300.0,1800.0,0.1,0.05,5.0,1.25,10.0,10.0,10,100.0,inf,full,both,inf,180.0,0.01,0.0,0.0,256,20,3,0.5,0.1,0.99,10.0,256,20,0,128,128,2.82911427616915,1.25,9.416027450295674,9.41602745029567,0.0,0.0,1.0,550.0
lqr,flee,300.0,1800.0,0.1,0.05,5.0,2.5,10.0,10.0,10,100.0,inf,full,both,inf,180.0,0.01,0.0,0.0,256,20,3,0.5,0.1,0.99,10.0,256,20,0,128,128,2.99587749604256,2.5,9.647545314459672,9.647545314459672,0.0,0.0,1.0,760.0
lqr,flee,300.0,1800.0,0.1,0.05,5.0,3.75,10.0,10.0,10,100.0,inf,full,both,inf,180.0,0.01,0.0,0.0,256,20,3,0.5,0.1,0.99,10.0,256,20,0,128,128,4.171107569208517,3.75,9.44848537287206,9.448485372872035,0.0,0.0,1.0,1020.0
lqr,flee,300.0,1800.0,0.1,0.05,5.0,4.5,10.0,10.0,10,100.0,inf,full,both,inf,180.0,0.01,0.0,0.0,256,20,3,0.5,0.1,0.99,10.0,256,20,0,128,127,4.897542909037795,4.5,9.47520115541623,9.907344673765742,0.0,0.0,0.9921875,1170.0
lqr,flee,300.0,1800.0,0.1,0.05,5.0,5.0,10.0,10.0,10,100.0,inf,full,both,inf,180.0,0.01,0.0,0.0,256,20,3,0.5,0.1,0.99,10.0,256,20,0,128,12,5.0,5.0,45.30968664215839,143.26670628770103,0.0,0.0,0.09375,1445.0
lqr,flee,300.0,1800.0,0.1,0.05,5.0,5.5,10.0,10.0,10,100.0,inf,full,both,inf,180.0,0.01,0.0,0.0,256,20,3,0.5,0.1,0.99,10.0,256,20,0,128,0,5.0,5.5,53.57709271560009,524.2924604254513,0.0,0.0,0.0,
lqr,flee,300.0,1800.0,0.1,0.05,5.0,6.25,10.0,10.0,10,100.0,inf,full,both,inf,180.0,0.01,0.0,0.0,256,20,3,0.5,0.1,0.99,10.0,256,20,0,128,0,5.0,6.25,53.57709271560009,1003.3327404751776,0.0,0.0,0.0,
lqr,flee,300.0,1800.0,0.1,0.05,5.0,7.5,10.0,10.0,10,100.0,inf,full,both,inf,180.0,0.01,0.0,0.0,256,20,3,0.5,0.1,0.99,10.0,256,20,0,128,0,5.0,7.5,53.57709271560009,1544.064265705444,0.0,0.0,0.0,
lqr,flee,300.0,1800.0,0.1,0.05,5.0,10.0,10.0,10.0,10,100.0,inf,full,both,inf,180.0,0.01,0.0,0.0,256,20,3,0.5,0.1,0.99,10.0,256,20,0,128,0,5.0,8.999999999999993,53.57709271560009,1776.854363850152,0.0,0.0,0.0,
lqr,flee,300.0,1800.0,0.1,0.05,5.0,inf,10.0,10.0,10,100.0,inf,full,both,inf,180.0,0.01,0.0,0.0,256,20,3,0.5,0.1,0.99,10.0,256,20,0,128,0,5.0,8.999999999999993,53.57709271560009,1776.854363850152,0.0,0.0,0.0,
lqr,flee,300.0,1800.0,0.1,0.075,5.0,1.25,10.0,10.0,10,100.0,inf,full,both,inf,180.0,0.01,0.0,0.0,256,20,3,0.5,0.1,0.99,10.0,256,20,0,128,128,3.3081281939814904,1.25,9.32015454456055,9.320154544560548,0.0,0.0,1.0,560.0
lqr,flee,300.0,1800.0,0.1,0.075,5.0,2.5,10.0,10.0,10,100.0,inf,full,both,inf,180.0,0.01,0.0,0.0,256,20,3,0.5,0.1,0.99,10.0,256,20,0,128,128,3.993734136073721,2.5,9.34136052468001,9.341360524680011,0.0,0.0,1.0,660.0
lqr,flee,300.0,1800.0,0.1,0.075,5.0,3.75,10.0,10.0,10,100.0,inf,full,both,inf,180.0,0.01,0.0,0.0,256,20,3,0.5,0.1,0.99,10.0,256,20,0,128,128,4.566599581204353,3.75,9.534287793595135,9.534287793595132,0.0,0.0,1.0,800.0
lqr,flee,300.0,1800.0,0.1,0.075,5.0,4.5,10.0,10.0,10,100.0,inf,full,both,inf,180.0,0.01,0.0,0.0,256,20,3,0.5,0.1,0.99,10.0,256,20,0,128,99,4.996533263331899,4.5,12.774708148207427,48.05465670825059,0.0,0.0,0.7734375,890.0
lqr,flee,300.0,1800.0,0.1,0.075,5.0,5.0,10.0,10.0,10,100.0,inf,full,both,inf,180.0,0.01,0.0,0.0,256,20,3,0.5,0.1,0.99,10.0,256,20,0,128,17,5.0,5.0,60.957111759855614,230.216981949425,0.0,0.0,0.1328125,1440.0
lqr,flee,300.0,1800.0,0.1,0.075,5.0,5.5,10.0,10.0,10,100.0,inf,full,both,inf,180.0,0.01,0.0,0.0,256,20,3,0.5,0.1,0.99,10.0,256,20,0,128,0,5.0,5.5,84.47021542772848,804.0557147860532,0.0,0.0,0.0,
lqr,flee,300.0,1800.0,0.1,0.075,5.0,6.25,10.0,10.0,10,100.0,inf,full,both,inf,180.0,0.01,0.0,0.0,256,20,3,0.5,0.1,0.99,10.0,256,20,0,128,0,5.0,6.25,84.47021542772848,1615.486180367105,0.0,0.0,0.0,
lqr,flee,300.0,1800.0,0.1,0.075,5.0,7.5,10.0,10.0,10,100.0,inf,full,both,inf,180.0,0.01,0.0,0.0,256,20,3,0.5,0.1,0.99,10.0,256,20,0,128,0,5.0,7.5,84.47021542772848,2770.68466832502,0.0,0.0,0.0,
lqr,flee,300.0,1800.0,0.1,0.075,5.0,10.0,10.0,10.0,10,100.0,inf,full,both,inf,180.0,0.01,0.0,0.0,256,20,3,0.5,0.1,0.99,10.0,256,20,0,128,0,5.0,10.0,84.47021542772848,4394.103794319271,0.0,0.0,0.0,
lqr,flee,300.0,1800.0,0.1,0.075,5.0,inf,10.0,10.0,10,100.0,inf,full,both,inf,180.0,0.01,0.0,0.0,256,20,3,0.5,0.1,0.99,10.0,256,20,0,128,0,5.0,13.49999999999996,84.47021542772848,5230.900565710414,0.0,0.0,0.0,
lqr,flee,300.0,1800.0,0.1,0.09,5.0,1.25,10.0,10.0,10,100.0,inf,full,both,inf,180.0,0.01,0.0,0.0,256,20,3,0.5,0.1,0.99,10.0,256,20,0,128,128,3.4249042822805427,1.25,9.270673957570333,9.27067395757033,0.0,0.0,1.0,570.0
lqr,flee,300.0,1800.0,0.1,0.09,5.0,2.5,10.0,10.0,10,100.0,inf,full,both,inf,180.0,0.01,0.0,0.0,256,20,3,0.5,0.1,0.99,10.0,256,20,0,128,128,4.528321740332839,2.5,9.30779063703728,9.307790637037265,0.0,0.0,1.0,680.0
lqr,flee,300.0,1800.0,0.1,0.09,5.0,3.75,10.0,10.0,10,100.0,inf,full,both,inf,180.0,0.01,0.0,0.0,256,20,3,0.5,0.1,0.99,10.0,256,20,0,128,81,5.0,3.75,13.31383107666192,340.92501016414,0.0,0.0,0.6328125,730.0
lqr,flee,300.0,1800.0,0.1,0.09,5.0,4.5,10.0,10.0,10,100.0,inf,full,both,inf,180.0,0.01,0.0,0.0,256,20,3,0.5,0.1,0.99,10.0,256,20,0,128,14,5.0,4.5,70.87842159654512,493.52482362446665,0.0,0.0,0.109375,735.0
lqr,flee,300.0,1800.0,0.1,0.09,5.0,5.0,10.0,10.0,10,100.0,inf,full,both,inf,180.0,0.01,0.0,0.0,256,20,3,0.5,0.1,0.99,10.0,256,20,0,128,1,5.0,5.0,150.56081808308974,497.7114829080951,0.0,0.0,0.0078125,1270.0
lqr,flee,300.0,1800.0,0.1,0.09,5.0,5.5,10.0,10.0,10,100.0,inf,full,both,inf,180.0,0.01,0.0,0.0,256,20,3,0.5,0.1,0.99,10.0,256,20,0,128,0,5.0,5.5,182.38054858291136,1102.2203528189575,0.0,0.0,0.0,
lqr,flee,300.0,1800.0,0.1,0.09,5.0,6.25,10.0,10.0,10,100.0,inf,full,both,inf,180.0,0.01,0.0,0.0,256,20,3,0.5,0.1,0.99,10.0,256,20,0,128,0,5.0,6.25,182.38054858291136,2029.564487713246,0.0,0.0,0.0,
lqr,flee,300.0,1800.0,0.1,0.09,5.0,7.5,10.0,10.0,10,100.0,inf,full,both,inf,180.0,0.01,0.0,0.0,256,20,3,0.5,0.1,0.99,10.0,256,20,0,128,0,5.0,7.5,182.38054858291136,3409.1363414055995,0.0,0.0,0.0,
lqr,flee,300.0,1800.0,0.1,0.09,5.0,10.0,10.0,10.0,10,100.0,inf,full,both,inf,180.0,0.01,0.0,0.0,256,20,3,0.5,0.1,0.99,10.0,256,20,0,128,0,5.0,10.0,182.38054858291136,5557.419153424064,0.0,0.0,0.0,
lqr,flee,300.0,1800.0,0.1,0.09,5.0,inf,10.0,10.0,10,100.0,inf,full,both,inf,180.0,0.01,0.0,0.0,256,20,3,0.5,0.1,0.99,10.0,256,20,0,128,0,5.0,16.19999999999998,182.38054858291136,7737.741612628162,0.0,0.0,0.0,
lqr,flee,300.0,1800.0,0.1,0.1,5.0,1.25,10.0,10.0,10,100.0,inf,full,both,inf,180.0,0.01,0.0,0.0,256,20,3,0.5,0.1,0.99,10.0,256,20,0,128,128,3.4806221743439587,1.25,9.340469408404806,9.340469408404802,0.0,0.0,1.0,570.0
lqr,flee,300.0,1800.0,0.1,0.1,5.0,2.5,10.0,10.0,10,100.0,inf,full,both,inf,180.0,0.01,0.0,0.0,256,20,3,0.5,0.1,0.99,10.0,256,20,0,128,128,4.748429903145609,2.5,9.307129930169635,9.30712993016964,0.0,0.0,1.0,700.0
lqr,flee,300.0,1800.0,0.1,0.1,5.0,3.75,10.0,10.0,10,100.0,inf,full,both,inf,180.0,0.01,0.0,0.0,256,20,3,0.5,0.1,0.99,10.0,256,20,0,128,34,5.0,3.75,25.92042456827004,836.2532005257639,0.0,0.0,0.265625,700.0
lqr,flee,300.0,1800.0,0.1,0.1,5.0,4.5,10.0,10.0,10,100.0,inf,full,both,inf,180.0,0.01,0.0,0.0,256,20,3,0.5,0.1,0.99,10.0,256,20,0,128,6,5.0,4.5,131.4890318539198,614.0164360761078,0.0,0.0,0.046875,920.0
lqr,flee,300.0,1800.0,0.1,0.1,5.0,5.0,10.0,10.0,10,100.0,inf,full,both,inf,180.0,0.01,0.0,0.0,256,20,3,0.5,0.1,0.99,10.0,256,20,0,128,0,5.0,5.0,233.10577928537424,740.4590014294399,0.0,0.0,0.0,
lqr,flee,300.0,1800.0,0.1,0.1,5.0,5.5,10.0,10.0,10,100.0,inf,full,both,inf,180.0,0.01,0.0,0.0,256,20,3,0.5,0.1,0.99,10.0,256,20,0,128,0,5.0,5.5,290.3001335238425,1378.3137859102826,0.0,0.0,0.0,
lqr,flee,300.0,1800.0,0.1,0.1,5.0,6.25,10.0,10.0,10,100.0,inf,full,both,inf,180.0,0.01,0.0,0.0,256,20,3,0.5,0.1,0.99,10.0,256,20,0,128,0,5.0,6.25,290.3001335238425,2361.866624567742,0.0,0.0,0.0,
lqr,flee,300.0,1800.0,0.1,0.1,5.0,7.5,10.0,10.0,10,100.0,inf,full,both,inf,180.0,0.01,0.0,0.0,256,20,3,0.5,0.1,0.99,10.0,256,20,0,128,0,5.0,7.5,290.3001335238425,3858.4230188311312,0.0,0.0,0.0,
lqr,flee,300.0,1800.0,0.1,0.1,5.0,10.0,10.0,10.0,10,100.0,inf,full,both,inf,180.0,0.01,0.0,0.0,256,20,3,0.5,0.1,0.99,10.0,256,20,0,128,0,5.0,10.0,290.3001335238425,6283.027887099495,0.0,0.0,0.0,
lqr,flee,300.0,1800.0,0.1,0.1,5.0,inf,10.0,10.0,10,100.0,inf,full,both,inf,180.0,0.01,0.0,0.0,256,20,3,0.5,0.1,0.99,10.0,256,20,0,128,0,5.0,17.999999999999986,290.3001335238425,9553.059708494458,0.0,0.0,0.0,
lqr,flee,300.0,1800.0,0.1,0.11,5.0,1.25,10.0,10.0,10,100.0,inf,full,both,inf,180.0,0.01,0.0,0.0,256,20,3,0.5,0.1,0.99,10.0,256,20,0,128,128,3.526766692129139,1.25,9.354495322580588,9.35449532258059,0.0,0.0,1.0,580.0
lqr,flee,300.0,1800.0,0.1,0.11,5.0,2.5,10.0,10.0,10,100.0,inf,full,both,inf,180.0,0.01,0.0,0.0,256,20,3,0.5,0.1,0.99,10.0,256,20,0,128,128,4.885962911998115,2.5,9.14838934392528,9.148436729447996,0.0,0.0,1.0,710.0
lqr,flee,300.0,1800.0,0.1,0.11,5.0,3.75,10.0,10.0,10,100.0,inf,full,both,inf,180.0,0.01,0.0,0.0,256,20,3,0.5,0.1,0.99,10.0,256,20,0,128,15,5.0,3.75,42.07104764561584,1152.7009293421422,0.0,0.0,0.1171875,700.0
lqr,flee,300.0,1800.0,0.1,0.11,5.0,4.5,10.0,10.0,10,100.0,inf,full,both,inf,180.0,0.01,0.0,0.0,256,20,3,0.5,0.1,0.99,10.0,256,20,0,128,2,5.0,4.5,170.6799404919585,719.666197529156,0.0,0.0,0.015625,995.0
lqr,flee,300.0,1800.0,0.1,0.11,5.0,5.0,10.0,10.0,10,100.0,inf,full,both,inf,180.0,0.01,0.0,0.0,256,20,3,0.5,0.1,0.99,10.0,256,20,0,128,0,5.0,5.0,261.1385576976974,949.8396716180224,0.0,0.0,0.0,
lqr,flee,300.0,1800.0,0.1,0.11,5.0,5.5,10.0,10.0,10,100.0,inf,full,both,inf,180.0,0.01,0.0,0.0,256,20,3,0.5,0.1,0.99,10.0,256,20,0,128,0,5.0,5.5,300.0,1616.194903051824,0.0,0.0,0.0,
lqr,flee,300.0,1800.0,0.1,0.11,5.0,6.25,10.0,10.0,10,100.0,inf,full,both,inf,180.0,0.01,0.0,0.0,256,20,3,0.5,0.1,0.99,10.0,256,20,0,128,0,5.0,6.25,300.0,2648.499068465354,0.0,0.0,0.0,
lqr,flee,300.0,1800.0,0.1,0.11,5.0,7.5,10.0,10.0,10,100.0,inf,full,both,inf,180.0,0.01,0.0,0.0,256,20,3,0.5,0.1,0.99,10.0,256,20,0,128,0,5.0,7.5,300.0,4244.228880963293,0.0,0.0,0.0,
lqr,flee,300.0,1800.0,0.1,0.11,5.0,10.0,10.0,10.0,10,100.0,inf,full,both,inf,180.0,0.01,0.0,0.0,256,20,3,0.5,0.1,0.99,10.0,256,20,0,128,0,5.0,10.0,300.0,6905.382625288042,0.0,0.0,0.0,
lqr,flee,300.0,1800.0,0.1,0.11,5.0,inf,10.0,10.0,10,100.0,inf,full,both,inf,180.0,0.01,0.0,0.0,256,20,3,0.5,0.1,0.99,10.0,256,20,0,128,0,5.0,19.79999999999995,300.0,11377.277070085487,0.0,0.0,0.0,
lqr,flee,300.0,1800.0,0.1,0.125,5.0,1.25,10.0,10.0,10,100.0,inf,full,both,inf,180.0,0.01,0.0,0.0,256,20,3,0.5,0.1,0.99,10.0,256,20,0,128,128,3.5837381289327253,1.25,9.283097511574592,9.283097511574592,0.0,0.0,1.0,580.0
lqr,flee,300.0,1800.0,0.1,0.125,5.0,2.5,10.0,10.0,10,100.0,inf,full,both,inf,180.0,0.01,0.0,0.0,256,20,3,0.5,0.1,0.99,10.0,256,20,0,128,116,4.987627910932315,2.5,9.134491341276822,72.9228792197569,0.0,0.0,0.90625,710.0
lqr,flee,300.0,1800.0,0.1,0.125,5.0,3.75,10.0,10.0,10,100.0,inf,full,both,inf,180.0,0.01,0.0,0.0,256,20,3,0.5,0.1,0.99,10.0,256,20,0,128,9,5.0,3.75,68.95601671858343,1205.6411797678038,0.0,0.0,0.0703125,720.0
lqr,flee,300.0,1800.0,0.1,0.125,5.0,4.5,10.0,10.0,10,100.0,inf,full,both,inf,180.0,0.01,0.0,0.0,256,20,3,0.5,0.1,0.99,10.0,256,20,0,128,0,5.0,4.5,205.4018270419228,868.8592359489378,0.0,0.0,0.0,
lqr,flee,300.0,1800.0,0.1,0.125,5.0,5.0,10.0,10.0,10,100.0,inf,full,both,inf,180.0,0.01,0.0,0.0,256,20,3,0.5,0.1,0.99,10.0,256,20,0,128,0,5.0,5.0,279.12674160774736,1210.4354980924093,0.0,0.0,0.0,
lqr,flee,300.0,1800.0,0.1,0.125,5.0,5.5,10.0,10.0,10,100.0,inf,full,both,inf,180.0,0.01,0.0,0.0,256,20,3,0.5,0.1,0.99,10.0,256,20,0,128,0,5.0,5.5,300.0,1912.9388016599205,0.0,0.0,0.0,
lqr,flee,300.0,1800.0,0.1,0.125,5.0,6.25,10.0,10.0,10,100.0,inf,full,both,inf,180.0,0.01,0.0,0.0,256,20,3,0.5,0.1,0.99,10.0,256,20,0,128,0,5.0,6.25,300.0,3007.854308328308,0.0,0.0,0.0,
lqr,flee,300.0,1800.0,0.1,0.125,5.0,7.5,10.0,10.0,10,100.0,inf,full,both,inf,180.0,0.01,0.0,0.0,256,20,3,0.5,0.1,0.99,10.0,256,20,0,128,0,5.0,7.5,300.0,4727.801505313736,0.0,0.0,0.0,
lqr,flee,300.0,1800.0,0.1,0.125,5.0,10.0,10.0,10.0,10,100.0,inf,full,both,inf,180.0,0.01,0.0,0.0,256,20,3,0.5,0.1,0.99,10.0,256,20,0,128,0,5.0,10.0,300.0,7685.796777036066,0.0,0.0,0.0,
lqr,flee,300.0,1800.0,0.1,0.125,5.0,inf,10.0,10.0,10,100.0,inf,full,both,inf,180.0,0.01,0.0,0.0,256,20,3,0.5,0.1,0.99,10.0,256,20,0,128,0,5.0,22.5,300.0,14117.59334901075,0.0,0.0,0.0,
lqr,flee,300.0,1800.0,0.1,0.15,5.0,1.25,10.0,10.0,10,100.0,inf,full,both,inf,180.0,0.01,0.0,0.0,256,20,3,0.5,0.1,0.99,10.0,256,20,0,128,128,3.648771334888652,1.25,9.334521265320271,9.334521265320276,0.0,0.0,1.0,590.0
lqr,flee,300.0,1800.0,0.1,0.15,5.0,2.5,10.0,10.0,10,100.0,inf,full,both,inf,180.0,0.01,0.0,0.0,256,20,3,0.5,0.1,0.99,10.0,256,20,0,128,93,5.0,2.5,9.65143087665255,242.81942409216896,0.0,0.0,0.7265625,700.0
lqr,flee,300.0,1800.0,0.1,0.15,5.0,3.75,10.0,10.0,10,100.0,inf,full,both,inf,180.0,0.01,0.0,0.0,256,20,3,0.5,0.1,0.99,10.0,256,20,0,128,4,5.0,3.75,110.5253894171534,1235.7358886645177,0.0,0.0,0.03125,820.0
lqr,flee,300.0,1800.0,0.1,0.15,5.0,4.5,10.0,10.0,10,100.0,inf,full,both,inf,180.0,0.01,0.0,0.0,256,20,3,0.5,0.1,0.99,10.0,256,20,0,128,0,5.0,4.5,234.2814702127081,1081.5257357243763,0.0,0.0,0.0,
lqr,flee,300.0,1800.0,0.1,0.15,5.0,5.0,10.0,10.0,10,100.0,inf,full,both,inf,180.0,0.01,0.0,0.0,256,20,3,0.5,0.1,0.99,10.0,256,20,0,128,0,5.0,5.0,288.2683029627952,1539.9804976604078,0.0,0.0,0.0,
lqr,flee,300.0,1800.0,0.1,0.15,5.0,5.5,10.0,10.0,10,100.0,inf,full,both,inf,180.0,0.01,0.0,0.0,256,20,3,0.5,0.1,0.99,10.0,256,20,0,128,0,5.0,5.5,300.0,2290.9322887557314,0.0,0.0,0.0,
lqr,flee,300.0,1800.0,0.1,0.15,5.0,6.25,10.0,10.0,10,100.0,inf,full,both,inf,180.0,0.01,0.0,0.0,256,20,3,0.5,0.1,0.99,10.0,256,20,0,128,0,5.0,6.25,300.0,3468.972272361861,0.0,0.0,0.0,
lqr,flee,300.0,1800.0,0.1,0.15,5.0,7.5,10.0,10.0,10,100.0,inf,full,both,inf,180.0,0.01,0.0,0.0,256,20,3,0.5,0.1,0.99,10.0,256,20,0,128,0,5.0,7.5,300.0,5351.7487968221485,0.0,0.0,0.0,
lqr,flee,300.0,1800.0,0.1,0.15,5.0,10.0,10.0,10.0,10,100.0,inf,full,both,inf,180.0,0.01,0.0,0.0,256,20,3,0.5,0.1,0.99,10.0,256,20,0,128,0,5.0,10.0,300.0,8696.731108786307,0.0,0.0,0.0,
lqr,flee,300.0,1800.0,0.1,0.15,5.0,inf,10.0,10.0,10,100.0,inf,full,both,inf,180.0,0.01,0.0,0.0,256,20,3,0.5,0.1,0.99,10.0,256,20,0,128,0,5.0,26.99999999999992,300.0,18692.292322144232,0.0,0.0,0.0,
lqr,flee,300.0,1800.0,0.1,0.2,5.0,1.25,10.0,10.0,10,100.0,inf,full,both,inf,180.0,0.01,0.0,0.0,256,20,3,0.5,0.1,0.99,10.0,256,20,0,128,128,3.732277404878953,1.25,9.263908855791756,9.263908855791762,0.0,0.0,1.0,590.0
lqr,flee,300.0,1800.0,0.1,0.2,5.0,2.5,10.0,10.0,10,100.0,inf,full,both,inf,180.0,0.01,0.0,0.0,256,20,3,0.5,0.1,0.99,10.0,256,20,0,128,64,5.0,2.5,11.562443792307084,594.1863026675996,0.0,0.0,0.5,690.0
lqr,flee,300.0,1800.0,0.1,0.2,5.0,3.75,10.0,10.0,10,100.0,inf,full,both,inf,180.0,0.01,0.0,0.0,256,20,3,0.5,0.1,0.99,10.0,256,20,0,128,2,5.0,3.75,158.58210611960496,1306.3001466251335,0.0,0.0,0.015625,840.0
lqr,flee,300.0,1800.0,0.1,0.2,5.0,4.5,10.0,10.0,10,100.0,inf,full,both,inf,180.0,0.01,0.0,0.0,256,20,3,0.5,0.1,0.99,10.0,256,20,0,128,0,5.0,4.5,255.53304176641512,1387.4646889994378,0.0,0.0,0.0,
lqr,flee,300.0,1800.0,0.1,0.2,5.0,5.0,10.0,10.0,10,100.0,inf,full,both,inf,180.0,0.01,0.0,0.0,256,20,3,0.5,0.1,0.99,10.0,256,20,0,128,0,5.0,5.0,290.88802393082943,1970.3478980543237,0.0,0.0,0.0,
lqr,flee,300.0,1800.0,0.1,0.2,5.0,5.5,10.0,10.0,10,100.0,inf,full,both,inf,180.0,0.01,0.0,0.0,256,20,3,0.5,0.1,0.99,10.0,256,20,0,128,0,5.0,5.5,300.0,2787.2915905598206,0.0,0.0,0.0,
lqr,flee,300.0,1800.0,0.1,0.2,5.0,6.25,10.0,10.0,10,100.0,inf,full,both,inf,180.0,0.01,0.0,0.0,256,20,3,0.5,0.1,0.99,10.0,256,20,0,128,0,5.0,6.25,300.0,4078.679848576312,0.0,0.0,0.0,
lqr,flee,300.0,1800.0,0.1,0.2,5.0,7.5,10.0,10.0,10,100.0,inf,full,both,inf,180.0,0.01,0.0,0.0,256,20,3,0.5,0.1,0.99,10.0,256,20,0,128,0,5.0,7.5,300.0,6183.527737528352,0.0,0.0,0.0,
lqr,flee,300.0,1800.0,0.1,0.2,5.0,10.0,10.0,10.0,10,100.0,inf,full,both,inf,180.0,0.01,0.0,0.0,256,20,3,0.5,0.1,0.99,10.0,256,20,0,128,0,5.0,10.0,300.0,10062.789732294712,0.0,0.0,0.0,
lqr,flee,300.0,1800.0,0.1,0.2,5.0,inf,10.0,10.0,10,100.0,inf,full,both,inf,180.0,0.01,0.0,0.0,256,20,3,0.5,0.1,0.99,10.0,256,20,0,128,0,5.0,35.99999999999997,300.0,27856.68815393816,0.0,0.0,0.0,
lqr,coast,300.0,1800.0,0.1,0.025,5.0,1.25,10.0,10.0,10,100.0,inf,full,both,inf,180.0,0.01,0.0,0.0,256,20,3,0.5,0.1,0.99,10.0,256,20,0,128,128,2.2270498351113344,0.0,9.31389021985704,9.31389021985704,0.0,0.0,1.0,450.0
lqr,coast,300.0,1800.0,0.1,0.025,5.0,2.5,10.0,10.0,10,100.0,inf,full,both,inf,180.0,0.01,0.0,0.0,256,20,3,0.5,0.1,0.99,10.0,256,20,0,128,128,2.2270498351113344,0.0,9.31389021985704,9.31389021985704,0.0,0.0,1.0,450.0
lqr,coast,300.0,1800.0,0.1,0.025,5.0,3.75,10.0,10.0,10,100.0,inf,full,both,inf,180.0,0.01,0.0,0.0,256,20,3,0.5,0.1,0.99,10.0,256,20,0,128,128,2.2270498351113344,0.0,9.31389021985704,9.31389021985704,0.0,0.0,1.0,450.0
lqr,coast,300.0,1800.0,0.1,0.025,5.0,4.5,10.0,10.0,10,100.0,inf,full,both,inf,180.0,0.01,0.0,0.0,256,20,3,0.5,0.1,0.99,10.0,256,20,0,128,128,2.2270498351113344,0.0,9.31389021985704,9.31389021985704,0.0,0.0,1.0,450.0
lqr,coast,300.0,1800.0,0.1,0.025,5.0,5.0,10.0,10.0,10,100.0,inf,full,both,inf,180.0,0.01,0.0,0.0,256,20,3,0.5,0.1,0.99,10.0,256,20,0,128,128,2.2270498351113344,0.0,9.31389021985704,9.31389021985704,0.0,0.0,1.0,450.0
lqr,coast,300.0,1800.0,0.1,0.025,5.0,5.5,10.0,10.0,10,100.0,inf,full,both,inf,180.0,0.01,0.0,0.0,256,20,3,0.5,0.1,0.99,10.0,256,20,0,128,128,2.2270498351113344,0.0,9.31389021985704,9.31389021985704,0.0,0.0,1.0,450.0
lqr,coast,300.0,1800.0,0.1,0.025,5.0,6.25,10.0,10.0,10,100.0,inf,full,both,inf,180.0,0.01,0.0,0.0,256,20,3,0.5,0.1,0.99,10.0,256,20,0,128,128,2.2270498351113344,0.0,9.31389021985704,9.31389021985704,0.0,0.0,1.0,450.0
lqr,coast,300.0,1800.0,0.1,0.025,5.0,7.5,10.0,10.0,10,100.0,inf,full,both,inf,180.0,0.01,0.0,0.0,256,20,3,0.5,0.1,0.99,10.0,256,20,0,128,128,2.2270498351113344,0.0,9.31389021985704,9.31389021985704,0.0,0.0,1.0,450.0
lqr,coast,300.0,1800.0,0.1,0.025,5.0,10.0,10.0,10.0,10,100.0,inf,full,both,inf,180.0,0.01,0.0,0.0,256,20,3,0.5,0.1,0.99,10.0,256,20,0,128,128,2.2270498351113344,0.0,9.31389021985704,9.31389021985704,0.0,0.0,1.0,450.0
lqr,coast,300.0,1800.0,0.1,0.025,5.0,inf,10.0,10.0,10,100.0,inf,full,both,inf,180.0,0.01,0.0,0.0,256,20,3,0.5,0.1,0.99,10.0,256,20,0,128,128,2.2270498351113344,0.0,9.31389021985704,9.31389021985704,0.0,0.0,1.0,450.0
lqr,coast,300.0,1800.0,0.1,0.05,5.0,1.25,10.0,10.0,10,100.0,inf,full,both,inf,180.0,0.01,0.0,0.0,256,20,3,0.5,0.1,0.99,10.0,256,20,0,128,128,2.2270498351113344,0.0,9.31389021985704,9.31389021985704,0.0,0.0,1.0,450.0
lqr,coast,300.0,1800.0,0.1,0.05,5.0,2.5,10.0,10.0,10,100.0,inf,full,both,inf,180.0,0.01,0.0,0.0,256,20,3,0.5,0.1,0.99,10.0,256,20,0,128,128,2.2270498351113344,0.0,9.31389021985704,9.31389021985704,0.0,0.0,1.0,450.0
lqr,coast,300.0,1800.0,0.1,0.05,5.0,3.75,10.0,10.0,10,100.0,inf,full,both,inf,180.0,0.01,0.0,0.0,256,20,3,0.5,0.1,0.99,10.0,256,20,0,128,128,2.2270498351113344,0.0,9.31389021985704,9.31389021985704,0.0,0.0,1.0,450.0
lqr,coast,300.0,1800.0,0.1,0.05,5.0,4.5,10.0,10.0,10,100.0,inf,full,both,inf,180.0,0.01,0.0,0.0,256,20,3,0.5,0.1,0.99,10.0,256,20,0,128,128,2.2270498351113344,0.0,9.31389021985704,9.31389021985704,0.0,0.0,1.0,450.0
lqr,coast,300.0,1800.0,0.1,0.05,5.0,5.0,10.0,10.0,10,100.0,inf,full,both,inf,180.0,0.01,0.0,0.0,256,20,3,0.5,0.1,0.99,10.0,256,20,0,128,128,2.2270498351113344,0.0,9.31389021985704,9.31389021985704,0.0,0.0,1.0,450.0
lqr,coast,300.0,1800.0,0.1,0.05,5.0,5.5,10.0,10.0,10,100.0,inf,full,both,inf,180.0,0.01,0.0,0.0,256,20,3,0.5,0.1,0.99,10.0,256,20,0,128,128,2.2270498351113344,0.0,9.31389021985704,9.31389021985704,0.0,0.0,1.0,450.0
lqr,coast,300.0,1800.0,0.1,0.05,5.0,6.25,10.0,10.0,10,100.0,inf,full,both,inf,180.0,0.01,0.0,0.0,256,20,3,0.5,0.1,0.99,10.0,256,20,0,128,128,2.2270498351113344,0.0,9.31389021985704,9.31389021985704,0.0,0.0,1.0,450.0
lqr,coast,300.0,1800.0,0.1,0.05,5.0,7.5,10.0,10.0,10,100.0,inf,full,both,inf,180.0,0.01,0.0,0.0,256,20,3,0.5,0.1,0.99,10.0,256,20,0,128,128,2.2270498351113344,0.0,9.31389021985704,9.31389021985704,0.0,0.0,1.0,450.0
lqr,coast,300.0,1800.0,0.1,0.05,5.0,10.0,10.0,10.0,10,100.0,inf,full,both,inf,180.0,0.01,0.0,0.0,256,20,3,0.5,0.1,0.99,10.0,256,20,0,128,128,2.2270498351113344,0.0,9.31389021985704,9.31389021985704,0.0,0.0,1.0,450.0
lqr,coast,300.0,1800.0,0.1,0.05,5.0,inf,10.0,10.0,10,100.0,inf,full,both,inf,180.0,0.01,0.0,0.0,256,20,3,0.5,0.1,0.99,10.0,256,20,0,128,128,2.2270498351113344,0.0,9.31389021985704,9.31389021985704,0.0,0.0,1.0,450.0
lqr,coast,300.0,1800.0,0.1,0.075,5.0,1.25,10.0,10.0,10,100.0,inf,full,both,inf,180.0,0.01,0.0,0.0,256,20,3,0.5,0.1,0.99,10.0,256,20,0,128,128,2.2270498351113344,0.0,9.31389021985704,9.31389021985704,0.0,0.0,1.0,450.0
lqr,coast,300.0,1800.0,0.1,0.075,5.0,2.5,10.0,10.0,10,100.0,inf,full,both,inf,180.0,0.01,0.0,0.0,256,20,3,0.5,0.1,0.99,10.0,256,20,0,128,128,2.2270498351113344,0.0,9.31389021985704,9.31389021985704,0.0,0.0,1.0,450.0
lqr,coast,300.0,1800.0,0.1,0.075,5.0,3.75,10.0,10.0,10,100.0,inf,full,both,inf,180.0,0.01,0.0,0.0,256,20,3,0.5,0.1,0.99,10.0,256,20,0,128,128,2.2270498351113344,0.0,9.31389021985704,9.31389021985704,0.0,0.0,1.0,450.0
lqr,coast,300.0,1800.0,0.1,0.075,5.0,4.5,10.0,10.0,10,100.0,inf,full,both,inf,180.0,0.01,0.0,0.0,256,20,3,0.5,0.1,0.99,10.0,256,20,0,128,128,2.2270498351113344,0.0,9.31389021985704,9.31389021985704,0.0,0.0,1.0,450.0
lqr,coast,300.0,1800.0,0.1,0.075,5.0,5.0,10.0,10.0,10,100.0,inf,full,both,inf,180.0,0.01,0.0,0.0,256,20,3,0.5,0.1,0.99,10.0,256,20,0,128,128,2.2270498351113344,0.0,9.31389021985704,9.31389021985704,0.0,0.0,1.0,450.0
lqr,coast,300.0,1800.0,0.1,0.075,5.0,5.5,10.0,10.0,10,100.0,inf,full,both,inf,180.0,0.01,0.0,0.0,256,20,3,0.5,0.1,0.99,10.0,256,20,0,128,128,2.2270498351113344,0.0,9.31389021985704,9.31389021985704,0.0,0.0,1.0,450.0
lqr,coast,300.0,1800.0,0.1,0.075,5.0,6.25,10.0,10.0,10,100.0,inf,full,both,inf,180.0,0.01,0.0,0.0,256,20,3,0.5,0.1,0.99,10.0,256,20,0,128,128,2.2270498351113344,0.0,9.31389021985704,9.31389021985704,0.0,0.0,1.0,450.0
lqr,coast,300.0,1800.0,0.1,0.075,5.0,7.5,10.0,10.0,10,100.0,inf,full,both,inf,180.0,0.01,0.0,0.0,256,20,3,0.5,0.1,0.99,10.0,256,20,0,128,128,2.2270498351113344,0.0,9.31389021985704,9.31389021985704,0.0,0.0,1.0,450.0
lqr,coast,300.0,1800.0,0.1,0.075,5.0,10.0,10.0,10.0,10,100.0,inf,full,both,inf,180.0,0.01,0.0,0.0,256,20,3,0.5,0.1,0.99,10.0,256,20,0,128,128,2.2270498351113344,0.0,9.31389021985704,9.31389021985704,0.0,0.0,1.0,450.0
lqr,coast,300.0,1800.0,0.1,0.075,5.0,inf,10.0,10.0,10,100.0,inf,full,both,inf,180.0,0.01,0.0,0.0,256,20,3,0.5,0.1,0.99,10.0,256,20,0,128,128,2.2270498351113344,0.0,9.31389021985704,9.31389021985704,0.0,0.0,1.0,450.0
lqr,coast,300.0,1800.0,0.1,0.09,5.0,1.25,10.0,10.0,10,100.0,inf,full,both,inf,180.0,0.01,0.0,0.0,256,20,3,0.5,0.1,0.99,10.0,256,20,0,128,128,2.2270498351113344,0.0,9.31389021985704,9.31389021985704,0.0,0.0,1.0,450.0
lqr,coast,300.0,1800.0,0.1,0.09,5.0,2.5,10.0,10.0,10,100.0,inf,full,both,inf,180.0,0.01,0.0,0.0,256,20,3,0.5,0.1,0.99,10.0,256,20,0,128,128,2.2270498351113344,0.0,9.31389021985704,9.31389021985704,0.0,0.0,1.0,450.0
lqr,coast,300.0,1800.0,0.1,0.09,5.0,3.75,10.0,10.0,10,100.0,inf,full,both,inf,180.0,0.01,0.0,0.0,256,20,3,0.5,0.1,0.99,10.0,256,20,0,128,128,2.2270498351113344,0.0,9.31389021985704,9.31389021985704,0.0,0.0,1.0,450.0
lqr,coast,300.0,1800.0,0.1,0.09,5.0,4.5,10.0,10.0,10,100.0,inf,full,both,inf,180.0,0.01,0.0,0.0,256,20,3,0.5,0.1,0.99,10.0,256,20,0,128,128,2.2270498351113344,0.0,9.31389021985704,9.31389021985704,0.0,0.0,1.0,450.0
lqr,coast,300.0,1800.0,0.1,0.09,5.0,5.0,10.0,10.0,10,100.0,inf,full,both,inf,180.0,0.01,0.0,0.0,256,20,3,0.5,0.1,0.99,10.0,256,20,0,128,128,2.2270498351113344,0.0,9.31389021985704,9.31389021985704,0.0,0.0,1.0,450.0
lqr,coast,300.0,1800.0,0.1,0.09,5.0,5.5,10.0,10.0,10,100.0,inf,full,both,inf,180.0,0.01,0.0,0.0,256,20,3,0.5,0.1,0.99,10.0,256,20,0,128,128,2.2270498351113344,0.0,9.31389021985704,9.31389021985704,0.0,0.0,1.0,450.0
lqr,coast,300.0,1800.0,0.1,0.09,5.0,6.25,10.0,10.0,10,100.0,inf,full,both,inf,180.0,0.01,0.0,0.0,256,20,3,0.5,0.1,0.99,10.0,256,20,0,128,128,2.2270498351113344,0.0,9.31389021985704,9.31389021985704,0.0,0.0,1.0,450.0
lqr,coast,300.0,1800.0,0.1,0.09,5.0,7.5,10.0,10.0,10,100.0,inf,full,both,inf,180.0,0.01,0.0,0.0,256,20,3,0.5,0.1,0.99,10.0,256,20,0,128,128,2.2270498351113344,0.0,9.31389021985704,9.31389021985704,0.0,0.0,1.0,450.0
lqr,coast,300.0,1800.0,0.1,0.09,5.0,10.0,10.0,10.0,10,100.0,inf,full,both,inf,180.0,0.01,0.0,0.0,256,20,3,0.5,0.1,0.99,10.0,256,20,0,128,128,2.2270498351113344,0.0,9.31389021985704,9.31389021985704,0.0,0.0,1.0,450.0
lqr,coast,300.0,1800.0,0.1,0.09,5.0,inf,10.0,10.0,10,100.0,inf,full,both,inf,180.0,0.01,0.0,0.0,256,20,3,0.5,0.1,0.99,10.0,256,20,0,128,128,2.2270498351113344,0.0,9.31389021985704,9.31389021985704,0.0,0.0,1.0,450.0
lqr,coast,300.0,1800.0,0.1,0.1,5.0,1.25,10.0,10.0,10,100.0,inf,full,both,inf,180.0,0.01,0.0,0.0,256,20,3,0.5,0.1,0.99,10.0,256,20,0,128,128,2.2270498351113344,0.0,9.31389021985704,9.31389021985704,0.0,0.0,1.0,450.0
lqr,coast,300.0,1800.0,0.1,0.1,5.0,2.5,10.0,10.0,10,100.0,inf,full,both,inf,180.0,0.01,0.0,0.0,256,20,3,0.5,0.1,0.99,10.0,256,20,0,128,128,2.2270498351113344,0.0,9.31389021985704,9.31389021985704,0.0,0.0,1.0,450.0
lqr,coast,300.0,1800.0,0.1,0.1,5.0,3.75,10.0,10.0,10,100.0,inf,full,both,inf,180.0,0.01,0.0,0.0,256,20,3,0.5,0.1,0.99,10.0,256,20,0,128,128,2.2270498351113344,0.0,9.31389021985704,9.31389021985704,0.0,0.0,1.0,450.0
lqr,coast,300.0,1800.0,0.1,0.1,5.0,4.5,10.0,10.0,10,100.0,inf,full,both,inf,180.0,0.01,0.0,0.0,256,20,3,0.5,0.1,0.99,10.0,256,20,0,128,128,2.2270498351113344,0.0,9.31389021985704,9.31389021985704,0.0,0.0,1.0,450.0
lqr,coast,300.0,1800.0,0.1,0.1,5.0,5.0,10.0,10.0,10,100.0,inf,full,both,inf,180.0,0.01,0.0,0.0,256,20,3,0.5,0.1,0.99,10.0,256,20,0,128,128,2.2270498351113344,0.0,9.31389021985704,9.31389021985704,0.0,0.0,1.0,450.0
lqr,coast,300.0,1800.0,0.1,0.1,5.0,5.5,10.0,10.0,10,100.0,inf,full,both,inf,180.0,0.01,0.0,0.0,256,20,3,0.5,0.1,0.99,10.0,256,20,0,128,128,2.2270498351113344,0.0,9.31389021985704,9.31389021985704,0.0,0.0,1.0,450.0
lqr,coast,300.0,1800.0,0.1,0.1,5.0,6.25,10.0,10.0,10,100.0,inf,full,both,inf,180.0,0.01,0.0,0.0,256,20,3,0.5,0.1,0.99,10.0,256,20,0,128,128,2.2270498351113344,0.0,9.31389021985704,9.31389021985704,0.0,0.0,1.0,450.0
lqr,coast,300.0,1800.0,0.1,0.1,5.0,7.5,10.0,10.0,10,100.0,inf,full,both,inf,180.0,0.01,0.0,0.0,256,20,3,0.5,0.1,0.99,10.0,256,20,0,128,128,2.2270498351113344,0.0,9.31389021985704,9.31389021985704,0.0,0.0,1.0,450.0
lqr,coast,300.0,1800.0,0.1,0.1,5.0,10.0,10.0,10.0,10,100.0,inf,full,both,inf,180.0,0.01,0.0,0.0,256,20,3,0.5,0.1,0.99,10.0,256,20,0,128,128,2.2270498351113344,0.0,9.31389021985704,9.31389021985704,0.0,0.0,1.0,450.0
lqr,coast,300.0,1800.0,0.1,0.1,5.0,inf,10.0,10.0,10,100.0,inf,full,both,inf,180.0,0.01,0.0,0.0,256,20,3,0.5,0.1,0.99,10.0,256,20,0,128,128,2.2270498351113344,0.0,9.31389021985704,9.31389021985704,0.0,0.0,1.0,450.0
lqr,coast,300.0,1800.0,0.1,0.11,5.0,1.25,10.0,10.0,10,100.0,inf,full,both,inf,180.0,0.01,0.0,0.0,256,20,3,0.5,0.1,0.99,10.0,256,20,0,128,128,2.2270498351113344,0.0,9.31389021985704,9.31389021985704,0.0,0.0,1.0,450.0
lqr,coast,300.0,1800.0,0.1,0.11,5.0,2.5,10.0,10.0,10,100.0,inf,full,both,inf,180.0,0.01,0.0,0.0,256,20,3,0.5,0.1,0.99,10.0,256,20,0,128,128,2.2270498351113344,0.0,9.31389021985704,9.31389021985704,0.0,0.0,1.0,450.0
lqr,coast,300.0,1800.0,0.1,0.11,5.0,3.75,10.0,10.0,10,100.0,inf,full,both,inf,180.0,0.01,0.0,0.0,256,20,3,0.5,0.1,0.99,10.0,256,20,0,128,128,2.2270498351113344,0.0,9.31389021985704,9.31389021985704,0.0,0.0,1.0,450.0
lqr,coast,300.0,1800.0,0.1,0.11,5.0,4.5,10.0,10.0,10,100.0,inf,full,both,inf,180.0,0.01,0.0,0.0,256,20,3,0.5,0.1,0.99,10.0,256,20,0,128,128,2.2270498351113344,0.0,9.31389021985704,9.31389021985704,0.0,0.0,1.0,450.0
lqr,coast,300.0,1800.0,0.1,0.11,5.0,5.0,10.0,10.0,10,100.0,inf,full,both,inf,180.0,0.01,0.0,0.0,256,20,3,0.5,0.1,0.99,10.0,256,20,0,128,128,2.2270498351113344,0.0,9.31389021985704,9.31389021985704,0.0,0.0,1.0,450.0
lqr,coast,300.0,1800.0,0.1,0.11,5.0,5.5,10.0,10.0,10,100.0,inf,full,both,inf,180.0,0.01,0.0,0.0,256,20,3,0.5,0.1,0.99,10.0,256,20,0,128,128,2.2270498351113344,0.0,9.31389021985704,9.31389021985704,0.0,0.0,1.0,450.0
lqr,coast,300.0,1800.0,0.1,0.11,5.0,6.25,10.0,10.0,10,100.0,inf,full,both,inf,180.0,0.01,0.0,0.0,256,20,3,0.5,0.1,0.99,10.0,256,20,0,128,128,2.2270498351113344,0.0,9.31389021985704,9.31389021985704,0.0,0.0,1.0,450.0
lqr,coast,300.0,1800.0,0.1,0.11,5.0,7.5,10.0,10.0,10,100.0,inf,full,both,inf,180.0,0.01,0.0,0.0,256,20,3,0.5,0.1,0.99,10.0,256,20,0,128,128,2.2270498351113344,0.0,9.31389021985704,9.31389021985704,0.0,0.0,1.0,450.0
lqr,coast,300.0,1800.0,0.1,0.11,5.0,10.0,10.0,10.0,10,100.0,inf,full,both,inf,180.0,0.01,0.0,0.0,256,20,3,0.5,0.1,0.99,10.0,256,20,0,128,128,2.2270498351113344,0.0,9.31389021985704,9.31389021985704,0.0,0.0,1.0,450.0
lqr,coast,300.0,1800.0,0.1,0.11,5.0,inf,10.0,10.0,10,100.0,inf,full,both,inf,180.0,0.01,0.0,0.0,256,20,3,0.5,0.1,0.99,10.0,256,20,0,128,128,2.2270498351113344,0.0,9.31389021985704,9.31389021985704,0.0,0.0,1.0,450.0
lqr,coast,300.0,1800.0,0.1,0.125,5.0,1.25,10.0,10.0,10,100.0,inf,full,both,inf,180.0,0.01,0.0,0.0,256,20,3,0.5,0.1,0.99,10.0,256,20,0,128,128,2.2270498351113344,0.0,9.31389021985704,9.31389021985704,0.0,0.0,1.0,450.0
lqr,coast,300.0,1800.0,0.1,0.125,5.0,2.5,10.0,10.0,10,100.0,inf,full,both,inf,180.0,0.01,0.0,0.0,256,20,3,0.5,0.1,0.99,10.0,256,20,0,128,128,2.2270498351113344,0.0,9.31389021985704,9.31389021985704,0.0,0.0,1.0,450.0
lqr,coast,300.0,1800.0,0.1,0.125,5.0,3.75,10.0,10.0,10,100.0,inf,full,both,inf,180.0,0.01,0.0,0.0,256,20,3,0.5,0.1,0.99,10.0,256,20,0,128,128,2.2270498351113344,0.0,9.31389021985704,9.31389021985704,0.0,0.0,1.0,450.0
lqr,coast,300.0,1800.0,0.1,0.125,5.0,4.5,10.0,10.0,10,100.0,inf,full,both,inf,180.0,0.01,0.0,0.0,256,20,3,0.5,0.1,0.99,10.0,256,20,0,128,128,2.2270498351113344,0.0,9.31389021985704,9.31389021985704,0.0,0.0,1.0,450.0
lqr,coast,300.0,1800.0,0.1,0.125,5.0,5.0,10.0,10.0,10,100.0,inf,full,both,inf,180.0,0.01,0.0,0.0,256,20,3,0.5,0.1,0.99,10.0,256,20,0,128,128,2.2270498351113344,0.0,9.31389021985704,9.31389021985704,0.0,0.0,1.0,450.0
lqr,coast,300.0,1800.0,0.1,0.125,5.0,5.5,10.0,10.0,10,100.0,inf,full,both,inf,180.0,0.01,0.0,0.0,256,20,3,0.5,0.1,0.99,10.0,256,20,0,128,128,2.2270498351113344,0.0,9.31389021985704,9.31389021985704,0.0,0.0,1.0,450.0
lqr,coast,300.0,1800.0,0.1,0.125,5.0,6.25,10.0,10.0,10,100.0,inf,full,both,inf,180.0,0.01,0.0,0.0,256,20,3,0.5,0.1,0.99,10.0,256,20,0,128,128,2.2270498351113344,0.0,9.31389021985704,9.31389021985704,0.0,0.0,1.0,450.0
lqr,coast,300.0,1800.0,0.1,0.125,5.0,7.5,10.0,10.0,10,100.0,inf,full,both,inf,180.0,0.01,0.0,0.0,256,20,3,0.5,0.1,0.99,10.0,256,20,0,128,128,2.2270498351113344,0.0,9.31389021985704,9.31389021985704,0.0,0.0,1.0,450.0
lqr,coast,300.0,1800.0,0.1,0.125,5.0,10.0,10.0,10.0,10,100.0,inf,full,both,inf,180.0,0.01,0.0,0.0,256,20,3,0.5,0.1,0.99,10.0,256,20,0,128,128,2.2270498351113344,0.0,9.31389021985704,9.31389021985704,0.0,0.0,1.0,450.0
lqr,coast,300.0,1800.0,0.1,0.125,5.0,inf,10.0,10.0,10,100.0,inf,full,both,inf,180.0,0.01,0.0,0.0,256,20,3,0.5,0.1,0.99,10.0,256,20,0,128,128,2.2270498351113344,0.0,9.31389021985704,9.31389021985704,0.0,0.0,1.0,450.0
lqr,coast,300.0,1800.0,0.1,0.15,5.0,1.25,10.0,10.0,10,100.0,inf,full,both,inf,180.0,0.01,0.0,0.0,256,20,3,0.5,0.1,0.99,10.0,256,20,0,128,128,2.2270498351113344,0.0,9.31389021985704,9.31389021985704,0.0,0.0,1.0,450.0
lqr,coast,300.0,1800.0,0.1,0.15,5.0,2.5,10.0,10.0,10,100.0,inf,full,both,inf,180.0,0.01,0.0,0.0,256,20,3,0.5,0.1,0.99,10.0,256,20,0,128,128,2.2270498351113344,0.0,9.31389021985704,9.31389021985704,0.0,0.0,1.0,450.0
lqr,coast,300.0,1800.0,0.1,0.15,5.0,3.75,10.0,10.0,10,100.0,inf,full,both,inf,180.0,0.01,0.0,0.0,256,20,3,0.5,0.1,0.99,10.0,256,20,0,128,128,2.2270498351113344,0.0,9.31389021985704,9.31389021985704,0.0,0.0,1.0,450.0
lqr,coast,300.0,1800.0,0.1,0.15,5.0,4.5,10.0,10.0,10,100.0,inf,full,both,inf,180.0,0.01,0.0,0.0,256,20,3,0.5,0.1,0.99,10.0,256,20,0,128,128,2.2270498351113344,0.0,9.31389021985704,9.31389021985704,0.0,0.0,1.0,450.0
lqr,coast,300.0,1800.0,0.1,0.15,5.0,5.0,10.0,10.0,10,100.0,inf,full,both,inf,180.0,0.01,0.0,0.0,256,20,3,0.5,0.1,0.99,10.0,256,20,0,128,128,2.2270498351113344,0.0,9.31389021985704,9.31389021985704,0.0,0.0,1.0,450.0
lqr,coast,300.0,1800.0,0.1,0.15,5.0,5.5,10.0,10.0,10,100.0,inf,full,both,inf,180.0,0.01,0.0,0.0,256,20,3,0.5,0.1,0.99,10.0,256,20,0,128,128,2.2270498351113344,0.0,9.31389021985704,9.31389021985704,0.0,0.0,1.0,450.0
lqr,coast,300.0,1800.0,0.1,0.15,5.0,6.25,10.0,10.0,10,100.0,inf,full,both,inf,180.0,0.01,0.0,0.0,256,20,3,0.5,0.1,0.99,10.0,256,20,0,128,128,2.2270498351113344,0.0,9.31389021985704,9.31389021985704,0.0,0.0,1.0,450.0
lqr,coast,300.0,1800.0,0.1,0.15,5.0,7.5,10.0,10.0,10,100.0,inf,full,both,inf,180.0,0.01,0.0,0.0,256,20,3,0.5,0.1,0.99,10.0,256,20,0,128,128,2.2270498351113344,0.0,9.31389021985704,9.31389021985704,0.0,0.0,1.0,450.0
lqr,coast,300.0,1800.0,0.1,0.15,5.0,10.0,10.0,10.0,10,100.0,inf,full,both,inf,180.0,0.01,0.0,0.0,256,20,3,0.5,0.1,0.99,10.0,256,20,0,128,128,2.2270498351113344,0.0,9.31389021985704,9.31389021985704,0.0,0.0,1.0,450.0
lqr,coast,300.0,1800.0,0.1,0.15,5.0,inf,10.0,10.0,10,100.0,inf,full,both,inf,180.0,0.01,0.0,0.0,256,20,3,0.5,0.1,0.99,10.0,256,20,0,128,128,2.2270498351113344,0.0,9.31389021985704,9.31389021985704,0.0,0.0,1.0,450.0
lqr,coast,300.0,1800.0,0.1,0.2,5.0,1.25,10.0,10.0,10,100.0,inf,full,both,inf,180.0,0.01,0.0,0.0,256,20,3,0.5,0.1,0.99,10.0,256,20,0,128,128,2.2270498351113344,0.0,9.31389021985704,9.31389021985704,0.0,0.0,1.0,450.0
lqr,coast,300.0,1800.0,0.1,0.2,5.0,2.5,10.0,10.0,10,100.0,inf,full,both,inf,180.0,0.01,0.0,0.0,256,20,3,0.5,0.1,0.99,10.0,256,20,0,128,128,2.2270498351113344,0.0,9.31389021985704,9.31389021985704,0.0,0.0,1.0,450.0
lqr,coast,300.0,1800.0,0.1,0.2,5.0,3.75,10.0,10.0,10,100.0,inf,full,both,inf,180.0,0.01,0.0,0.0,256,20,3,0.5,0.1,0.99,10.0,256,20,0,128,128,2.2270498351113344,0.0,9.31389021985704,9.31389021985704,0.0,0.0,1.0,450.0
lqr,coast,300.0,1800.0,0.1,0.2,5.0,4.5,10.0,10.0,10,100.0,inf,full,both,inf,180.0,0.01,0.0,0.0,256,20,3,0.5,0.1,0.99,10.0,256,20,0,128,128,2.2270498351113344,0.0,9.31389021985704,9.31389021985704,0.0,0.0,1.0,450.0
lqr,coast,300.0,1800.0,0.1,0.2,5.0,5.0,10.0,10.0,10,100.0,inf,full,both,inf,180.0,0.01,0.0,0.0,256,20,3,0.5,0.1,0.99,10.0,256,20,0,128,128,2.2270498351113344,0.0,9.31389021985704,9.31389021985704,0.0,0.0,1.0,450.0
lqr,coast,300.0,1800.0,0.1,0.2,5.0,5.5,10.0,10.0,10,100.0,inf,full,both,inf,180.0,0.01,0.0,0.0,256,20,3,0.5,0.1,0.99,10.0,256,20,0,128,128,2.2270498351113344,0.0,9.31389021985704,9.31389021985704,0.0,0.0,1.0,450.0
lqr,coast,300.0,1800.0,0.1,0.2,5.0,6.25,10.0,10.0,10,100.0,inf,full,both,inf,180.0,0.01,0.0,0.0,256,20,3,0.5,0.1,0.99,10.0,256,20,0,128,128,2.2270498351113344,0.0,9.31389021985704,9.31389021985704,0.0,0.0,1.0,450.0
lqr,coast,300.0,1800.0,0.1,0.2,5.0,7.5,10.0,10.0,10,100.0,inf,full,both,inf,180.0,0.01,0.0,0.0,256,20,3,0.5,0.1,0.99,10.0,256,20,0,128,128,2.2270498351113344,0.0,9.31389021985704,9.31389021985704,0.0,0.0,1.0,450.0
lqr,coast,300.0,1800.0,0.1,0.2,5.0,10.0,10.0,10.0,10,100.0,inf,full,both,inf,180.0,0.01,0.0,0.0,256,20,3,0.5,0.1,0.99,10.0,256,20,0,128,128,2.2270498351113344,0.0,9.31389021985704,9.31389021985704,0.0,0.0,1.0,450.0
lqr,coast,300.0,1800.0,0.1,0.2,5.0,inf,10.0,10.0,10,100.0,inf,full,both,inf,180.0,0.01,0.0,0.0,256,20,3,0.5,0.1,0.99,10.0,256,20,0,128,128,2.2270498351113344,0.0,9.31389021985704,9.31389021985704,0.0,0.0,1.0,450.0
lqr,mppi_direct,300.0,1800.0,0.1,0.025,5.0,1.25,10.0,10.0,10,100.0,inf,full,both,inf,180.0,0.01,0.0,0.0,256,20,3,0.5,0.1,0.99,10.0,256,20,0,128,128,3.460499163400275,1.25,9.616475399873575,9.61647539987358,0.0,0.0,1.0,790.0
lqr,mppi_direct,300.0,1800.0,0.1,0.025,5.0,2.5,10.0,10.0,10,100.0,inf,full,both,inf,180.0,0.01,0.0,0.0,256,20,3,0.5,0.1,0.99,10.0,256,20,0,128,128,4.730133493510291,2.5,9.615545394093816,9.615545394093804,0.0,0.0,1.0,1310.0
lqr,mppi_direct,300.0,1800.0,0.1,0.025,5.0,3.75,10.0,10.0,10,100.0,inf,full,both,inf,180.0,0.01,0.0,0.0,256,20,3,0.5,0.1,0.99,10.0,256,20,0,128,0,5.0,3.75,12.676403047401424,357.2161297199586,0.0,0.0,0.0,
lqr,mppi_direct,300.0,1800.0,0.1,0.025,5.0,4.5,10.0,10.0,10,100.0,inf,full,both,inf,180.0,0.01,0.0,0.0,256,20,3,0.5,0.1,0.99,10.0,256,20,0,128,0,5.0,4.094216101241335,12.681075410843466,376.2599131019172,0.0,0.0,0.0,
lqr,mppi_direct,300.0,1800.0,0.1,0.025,5.0,5.0,10.0,10.0,10,100.0,inf,full,both,inf,180.0,0.01,0.0,0.0,256,20,3,0.5,0.1,0.99,10.0,256,20,0,128,0,5.0,4.0949813022897725,12.681075367460606,375.5282755579872,0.0,0.0,0.0,
lqr,mppi_direct,300.0,1800.0,0.1,0.025,5.0,5.5,10.0,10.0,10,100.0,inf,full,both,inf,180.0,0.01,0.0,0.0,256,20,3,0.5,0.1,0.99,10.0,256,20,0,128,0,5.0,4.095149085679742,12.681075367460606,375.5268594340436,0.0,0.0,0.0,
lqr,mppi_direct,300.0,1800.0,0.1,0.025,5.0,6.25,10.0,10.0,10,100.0,inf,full,both,inf,180.0,0.01,0.0,0.0,256,20,3,0.5,0.1,0.99,10.0,256,20,0,128,0,5.0,4.095149390970429,12.681075367460606,375.52685738120766,0.0,0.0,0.0,
lqr,mppi_direct,300.0,1800.0,0.1,0.025,5.0,7.5,10.0,10.0,10,100.0,inf,full,both,inf,180.0,0.01,0.0,0.0,256,20,3,0.5,0.1,0.99,10.0,256,20,0,128,0,5.0,4.095149390970429,12.681075367460606,375.52685738120766,0.0,0.0,0.0,
lqr,mppi_direct,300.0,1800.0,0.1,0.025,5.0,10.0,10.0,10.0,10,100.0,inf,full,both,inf,180.0,0.01,0.0,0.0,256,20,3,0.5,0.1,0.99,10.0,256,20,0,128,0,5.0,4.095149390970429,12.681075367460606,375.52685738120766,0.0,0.0,0.0,
lqr,mppi_direct,300.0,1800.0,0.1,0.025,5.0,inf,10.0,10.0,10,100.0,inf,full,both,inf,180.0,0.01,0.0,0.0,256,20,3,0.5,0.1,0.99,10.0,256,20,0,128,0,5.0,4.095149390970429,12.681075367460606,375.52685738120766,0.0,0.0,0.0,
lqr,mppi_direct,300.0,1800.0,0.1,0.05,5.0,1.25,10.0,10.0,10,100.0,inf,full,both,inf,180.0,0.01,0.0,0.0,256,20,3,0.5,0.1,0.99,10.0,256,20,0,128,128,3.23509570994091,1.25,9.699255434126282,9.699255434126286,0.0,0.0,1.0,590.0
lqr,mppi_direct,300.0,1800.0,0.1,0.05,5.0,2.5,10.0,10.0,10,100.0,inf,full,both,inf,180.0,0.01,0.0,0.0,256,20,3,0.5,0.1,0.99,10.0,256,20,0,128,128,4.678839878618923,2.5,9.706715046142882,9.706715046142888,0.0,0.0,1.0,840.0
lqr,mppi_direct,300.0,1800.0,0.1,0.05,5.0,3.75,10.0,10.0,10,100.0,inf,full,both,inf,180.0,0.01,0.0,0.0,256,20,3,0.5,0.1,0.99,10.0,256,20,0,128,0,5.0,3.75,14.0364085294795,931.0547798046972,0.0,0.0,0.0,
lqr,mppi_direct,300.0,1800.0,0.1,0.05,5.0,4.5,10.0,10.0,10,100.0,inf,full,both,inf,180.0,0.01,0.0,0.0,256,20,3,0.5,0.1,0.99,10.0,256,20,0,128,0,5.0,4.5,14.156838127998585,1625.046408652874,0.0,0.0,0.0,
lqr,mppi_direct,300.0,1800.0,0.1,0.05,5.0,5.0,10.0,10.0,10,100.0,inf,full,both,inf,180.0,0.01,0.0,0.0,256,20,3,0.5,0.1,0.99,10.0,256,20,0,128,0,5.0,5.0,14.158890178992184,1979.684260725508,0.0,0.0,0.0,
lqr,mppi_direct,300.0,1800.0,0.1,0.05,5.0,5.5,10.0,10.0,10,100.0,inf,full,both,inf,180.0,0.01,0.0,0.0,256,20,3,0.5,0.1,0.99,10.0,256,20,0,128,0,5.0,5.5,14.156597096845005,2276.784126655978,0.0,0.0,0.0,
lqr,mppi_direct,300.0,1800.0,0.1,0.05,5.0,6.25,10.0,10.0,10,100.0,inf,full,both,inf,180.0,0.01,0.0,0.0,256,20,3,0.5,0.1,0.99,10.0,256,20,0,128,0,5.0,6.25,14.15653910246965,2610.9736488037397,0.0,0.0,0.0,
lqr,mppi_direct,300.0,1800.0,0.1,0.05,5.0,7.5,10.0,10.0,10,100.0,inf,full,both,inf,180.0,0.01,0.0,0.0,256,20,3,0.5,0.1,0.99,10.0,256,20,0,128,0,5.0,7.5,14.15653910246965,2896.4850235308418,0.0,0.0,0.0,
lqr,mppi_direct,300.0,1800.0,0.1,0.05,5.0,10.0,10.0,10.0,10,100.0,inf,full,both,inf,180.0,0.01,0.0,0.0,256,20,3,0.5,0.1,0.99,10.0,256,20,0,128,0,5.0,8.051890266471792,14.15653910246965,2917.47636008831,0.0,0.0,0.0,
lqr,mppi_direct,300.0,1800.0,0.1,0.05,5.0,inf,10.0,10.0,10,100.0,inf,full,both,inf,180.0,0.01,0.0,0.0,256,20,3,0.5,0.1,0.99,10.0,256,20,0,128,0,5.0,8.051928425277584,14.15653910246965,2917.458809933855,0.0,0.0,0.0,
lqr,mppi_direct,300.0,1800.0,0.1,0.075,5.0,1.25,10.0,10.0,10,100.0,inf,full,both,inf,180.0,0.01,0.0,0.0,256,20,3,0.5,0.1,0.99,10.0,256,20,0,128,128,3.1136754364108525,1.25,9.70547332570754,9.705473325707535,0.0,0.0,1.0,530.0
lqr,mppi_direct,300.0,1800.0,0.1,0.075,5.0,2.5,10.0,10.0,10,100.0,inf,full,both,inf,180.0,0.01,0.0,0.0,256,20,3,0.5,0.1,0.99,10.0,256,20,0,128,128,4.350154300944438,2.5,9.520378410137845,9.520378410137832,0.0,0.0,1.0,700.0
lqr,mppi_direct,300.0,1800.0,0.1,0.075,5.0,3.75,10.0,10.0,10,100.0,inf,full,both,inf,180.0,0.01,0.0,0.0,256,20,3,0.5,0.1,0.99,10.0,256,20,0,128,0,5.0,3.75,16.05873652344598,726.1401295370285,0.0,0.0,0.0,
lqr,mppi_direct,300.0,1800.0,0.1,0.075,5.0,4.5,10.0,10.0,10,100.0,inf,full,both,inf,180.0,0.01,0.0,0.0,256,20,3,0.5,0.1,0.99,10.0,256,20,0,128,0,5.0,4.5,18.32063730212387,1970.053203176531,0.0,0.0,0.0,
lqr,mppi_direct,300.0,1800.0,0.1,0.075,5.0,5.0,10.0,10.0,10,100.0,inf,full,both,inf,180.0,0.01,0.0,0.0,256,20,3,0.5,0.1,0.99,10.0,256,20,0,128,0,5.0,5.0,18.95160729348852,2721.6028783894603,0.0,0.0,0.0,
lqr,mppi_direct,300.0,1800.0,0.1,0.075,5.0,5.5,10.0,10.0,10,100.0,inf,full,both,inf,180.0,0.01,0.0,0.0,256,20,3,0.5,0.1,0.99,10.0,256,20,0,128,0,5.0,5.5,19.0187678509366,3330.7567183564265,0.0,0.0,0.0,
lqr,mppi_direct,300.0,1800.0,0.1,0.075,5.0,6.25,10.0,10.0,10,100.0,inf,full,both,inf,180.0,0.01,0.0,0.0,256,20,3,0.5,0.1,0.99,10.0,256,20,0,128,0,5.0,6.25,19.246295243864328,4120.43466849078,0.0,0.0,0.0,
lqr,mppi_direct,300.0,1800.0,0.1,0.075,5.0,7.5,10.0,10.0,10,100.0,inf,full,both,inf,180.0,0.01,0.0,0.0,256,20,3,0.5,0.1,0.99,10.0,256,20,0,128,0,5.0,7.5,19.22287187555525,5179.362120982672,0.0,0.0,0.0,
lqr,mppi_direct,300.0,1800.0,0.1,0.075,5.0,10.0,10.0,10.0,10,100.0,inf,full,both,inf,180.0,0.01,0.0,0.0,256,20,3,0.5,0.1,0.99,10.0,256,20,0,128,0,5.0,10.0,19.22276164216508,6522.569095131026,0.0,0.0,0.0,
lqr,mppi_direct,300.0,1800.0,0.1,0.075,5.0,inf,10.0,10.0,10,100.0,inf,full,both,inf,180.0,0.01,0.0,0.0,256,20,3,0.5,0.1,0.99,10.0,256,20,0,128,0,5.0,12.640803945483968,19.22276164216508,6959.718952491091,0.0,0.0,0.0,
lqr,mppi_direct,300.0,1800.0,0.1,0.09,5.0,1.25,10.0,10.0,10,100.0,inf,full,both,inf,180.0,0.01,0.0,0.0,256,20,3,0.5,0.1,0.99,10.0,256,20,0,128,128,3.039123390183561,1.25,9.74551434050978,9.745514340509782,0.0,0.0,1.0,490.0
lqr,mppi_direct,300.0,1800.0,0.1,0.09,5.0,2.5,10.0,10.0,10,100.0,inf,full,both,inf,180.0,0.01,0.0,0.0,256,20,3,0.5,0.1,0.99,10.0,256,20,0,128,128,4.319793351787856,2.5,9.42044873574984,9.420448735749842,0.0,0.0,1.0,710.0
lqr,mppi_direct,300.0,1800.0,0.1,0.09,5.0,3.75,10.0,10.0,10,100.0,inf,full,both,inf,180.0,0.01,0.0,0.0,256,20,3,0.5,0.1,0.99,10.0,256,20,0,128,0,5.0,3.75,25.32584100358429,1096.4089764948303,0.0,0.0,0.0,
lqr,mppi_direct,300.0,1800.0,0.1,0.09,5.0,4.5,10.0,10.0,10,100.0,inf,full,both,inf,180.0,0.01,0.0,0.0,256,20,3,0.5,0.1,0.99,10.0,256,20,0,128,0,5.0,4.5,25.365550726082528,2240.734119279885,0.0,0.0,0.0,
lqr,mppi_direct,300.0,1800.0,0.1,0.09,5.0,5.0,10.0,10.0,10,100.0,inf,full,both,inf,180.0,0.01,0.0,0.0,256,20,3,0.5,0.1,0.99,10.0,256,20,0,128,0,5.0,5.0,25.125497322537548,2969.3294787528025,0.0,0.0,0.0,
lqr,mppi_direct,300.0,1800.0,0.1,0.09,5.0,5.5,10.0,10.0,10,100.0,inf,full,both,inf,180.0,0.01,0.0,0.0,256,20,3,0.5,0.1,0.99,10.0,256,20,0,128,0,5.0,5.5,25.072532839964065,3652.11440078004,0.0,0.0,0.0,
lqr,mppi_direct,300.0,1800.0,0.1,0.09,5.0,6.25,10.0,10.0,10,100.0,inf,full,both,inf,180.0,0.01,0.0,0.0,256,20,3,0.5,0.1,0.99,10.0,256,20,0,128,0,5.0,6.25,25.057661666531327,4592.02804657531,0.0,0.0,0.0,
lqr,mppi_direct,300.0,1800.0,0.1,0.09,5.0,7.5,10.0,10.0,10,100.0,inf,full,both,inf,180.0,0.01,0.0,0.0,256,20,3,0.5,0.1,0.99,10.0,256,20,0,128,0,5.0,7.5,25.052961998392085,5864.962974921784,0.0,0.0,0.0,
lqr,mppi_direct,300.0,1800.0,0.1,0.09,5.0,10.0,10.0,10.0,10,100.0,inf,full,both,inf,180.0,0.01,0.0,0.0,256,20,3,0.5,0.1,0.99,10.0,256,20,0,128,0,5.0,10.0,25.05296192572445,7818.406458351807,0.0,0.0,0.0,
lqr,mppi_direct,300.0,1800.0,0.1,0.09,5.0,inf,10.0,10.0,10,100.0,inf,full,both,inf,180.0,0.01,0.0,0.0,256,20,3,0.5,0.1,0.99,10.0,256,20,0,128,0,5.0,15.27429141466675,25.05296192572445,9340.871328260064,0.0,0.0,0.0,
lqr,mppi_direct,300.0,1800.0,0.1,0.1,5.0,1.25,10.0,10.0,10,100.0,inf,full,both,inf,180.0,0.01,0.0,0.0,256,20,3,0.5,0.1,0.99,10.0,256,20,0,128,128,2.964309564405421,1.25,9.746720188087751,9.746720188087751,0.0,0.0,1.0,470.0
lqr,mppi_direct,300.0,1800.0,0.1,0.1,5.0,2.5,10.0,10.0,10,100.0,inf,full,both,inf,180.0,0.01,0.0,0.0,256,20,3,0.5,0.1,0.99,10.0,256,20,0,128,127,4.466751275129403,2.5,9.217248634224394,16.5860450118414,0.0,0.0,0.9921875,710.0
lqr,mppi_direct,300.0,1800.0,0.1,0.1,5.0,3.75,10.0,10.0,10,100.0,inf,full,both,inf,180.0,0.01,0.0,0.0,256,20,3,0.5,0.1,0.99,10.0,256,20,0,128,0,5.0,3.75,29.55991052134601,1088.101403277466,0.0,0.0,0.0,
lqr,mppi_direct,300.0,1800.0,0.1,0.1,5.0,4.5,10.0,10.0,10,100.0,inf,full,both,inf,180.0,0.01,0.0,0.0,256,20,3,0.5,0.1,0.99,10.0,256,20,0,128,0,5.0,4.5,30.01503857126093,2267.4534119960654,0.0,0.0,0.0,
lqr,mppi_direct,300.0,1800.0,0.1,0.1,5.0,5.0,10.0,10.0,10,100.0,inf,full,both,inf,180.0,0.01,0.0,0.0,256,20,3,0.5,0.1,0.99,10.0,256,20,0,128,0,5.0,5.0,29.8932024870003,3014.125758690229,0.0,0.0,0.0,
lqr,mppi_direct,300.0,1800.0,0.1,0.1,5.0,5.5,10.0,10.0,10,100.0,inf,full,both,inf,180.0,0.01,0.0,0.0,256,20,3,0.5,0.1,0.99,10.0,256,20,0,128,0,5.0,5.5,29.514453601266364,3739.79225019324,0.0,0.0,0.0,
lqr,mppi_direct,300.0,1800.0,0.1,0.1,5.0,6.25,10.0,10.0,10,100.0,inf,full,both,inf,180.0,0.01,0.0,0.0,256,20,3,0.5,0.1,0.99,10.0,256,20,0,128,0,5.0,6.25,29.46754232880449,4708.933498564817,0.0,0.0,0.0,
lqr,mppi_direct,300.0,1800.0,0.1,0.1,5.0,7.5,10.0,10.0,10,100.0,inf,full,both,inf,180.0,0.01,0.0,0.0,256,20,3,0.5,0.1,0.99,10.0,256,20,0,128,0,5.0,7.5,29.44445171359352,6170.025116683286,0.0,0.0,0.0,
lqr,mppi_direct,300.0,1800.0,0.1,0.1,5.0,10.0,10.0,10.0,10,100.0,inf,full,both,inf,180.0,0.01,0.0,0.0,256,20,3,0.5,0.1,0.99,10.0,256,20,0,128,0,5.0,10.0,29.44388963942765,8426.019220251654,0.0,0.0,0.0,
lqr,mppi_direct,300.0,1800.0,0.1,0.1,5.0,inf,10.0,10.0,10,100.0,inf,full,both,inf,180.0,0.01,0.0,0.0,256,20,3,0.5,0.1,0.99,10.0,256,20,0,128,0,5.0,17.003637085948828,29.44388963942765,10895.50703192616,0.0,0.0,0.0,
lqr,mppi_direct,300.0,1800.0,0.1,0.11,5.0,1.25,10.0,10.0,10,100.0,inf,full,both,inf,180.0,0.01,0.0,0.0,256,20,3,0.5,0.1,0.99,10.0,256,20,0,128,128,2.907680222388669,1.25,9.735844281982784,9.735844281982786,0.0,0.0,1.0,450.0
lqr,mppi_direct,300.0,1800.0,0.1,0.11,5.0,2.5,10.0,10.0,10,100.0,inf,full,both,inf,180.0,0.01,0.0,0.0,256,20,3,0.5,0.1,0.99,10.0,256,20,0,128,126,4.666742506174878,2.5,9.253534198058192,24.761868671355504,0.0,0.0,0.984375,730.0
lqr,mppi_direct,300.0,1800.0,0.1,0.11,5.0,3.75,10.0,10.0,10,100.0,inf,full,both,inf,180.0,0.01,0.0,0.0,256,20,3,0.5,0.1,0.99,10.0,256,20,0,128,0,5.0,3.75,33.030781020027945,1084.321803385725,0.0,0.0,0.0,
lqr,mppi_direct,300.0,1800.0,0.1,0.11,5.0,4.5,10.0,10.0,10,100.0,inf,full,both,inf,180.0,0.01,0.0,0.0,256,20,3,0.5,0.1,0.99,10.0,256,20,0,128,0,5.0,4.5,34.06550762831735,2297.036473813259,0.0,0.0,0.0,
lqr,mppi_direct,300.0,1800.0,0.1,0.11,5.0,5.0,10.0,10.0,10,100.0,inf,full,both,inf,180.0,0.01,0.0,0.0,256,20,3,0.5,0.1,0.99,10.0,256,20,0,128,0,5.0,5.0,34.92065758660432,3085.5738316280363,0.0,0.0,0.0,
lqr,mppi_direct,300.0,1800.0,0.1,0.11,5.0,5.5,10.0,10.0,10,100.0,inf,full,both,inf,180.0,0.01,0.0,0.0,256,20,3,0.5,0.1,0.99,10.0,256,20,0,128,0,5.0,5.5,34.68702597324774,3852.092506433927,0.0,0.0,0.0,
lqr,mppi_direct,300.0,1800.0,0.1,0.11,5.0,6.25,10.0,10.0,10,100.0,inf,full,both,inf,180.0,0.01,0.0,0.0,256,20,3,0.5,0.1,0.99,10.0,256,20,0,128,0,5.0,6.25,34.47262823551307,4905.0240259547545,0.0,0.0,0.0,
lqr,mppi_direct,300.0,1800.0,0.1,0.11,5.0,7.5,10.0,10.0,10,100.0,inf,full,both,inf,180.0,0.01,0.0,0.0,256,20,3,0.5,0.1,0.99,10.0,256,20,0,128,0,5.0,7.5,34.22277329246792,6481.535726365171,0.0,0.0,0.0,
lqr,mppi_direct,300.0,1800.0,0.1,0.11,5.0,10.0,10.0,10.0,10,100.0,inf,full,both,inf,180.0,0.01,0.0,0.0,256,20,3,0.5,0.1,0.99,10.0,256,20,0,128,0,5.0,10.0,34.217439136339806,8990.584155048004,0.0,0.0,0.0,
lqr,mppi_direct,300.0,1800.0,0.1,0.11,5.0,inf,10.0,10.0,10,100.0,inf,full,both,inf,180.0,0.01,0.0,0.0,256,20,3,0.5,0.1,0.99,10.0,256,20,0,128,0,5.0,18.724062209909704,34.217439136339806,12531.590138433849,0.0,0.0,0.0,
lqr,mppi_direct,300.0,1800.0,0.1,0.125,5.0,1.25,10.0,10.0,10,100.0,inf,full,both,inf,180.0,0.01,0.0,0.0,256,20,3,0.5,0.1,0.99,10.0,256,20,0,128,128,2.8370700291999014,1.25,9.6273901476453,9.627390147645295,0.0,0.0,1.0,430.0
lqr,mppi_direct,300.0,1800.0,0.1,0.125,5.0,2.5,10.0,10.0,10,100.0,inf,full,both,inf,180.0,0.01,0.0,0.0,256,20,3,0.5,0.1,0.99,10.0,256,20,0,128,121,4.971768704546146,2.5,9.14261141484996,61.64853873040652,0.0,0.0,0.9453125,750.0
lqr,mppi_direct,300.0,1800.0,0.1,0.125,5.0,3.75,10.0,10.0,10,100.0,inf,full,both,inf,180.0,0.01,0.0,0.0,256,20,3,0.5,0.1,0.99,10.0,256,20,0,128,0,5.0,3.75,39.85964918006933,1095.3657110279494,0.0,0.0,0.0,
lqr,mppi_direct,300.0,1800.0,0.1,0.125,5.0,4.5,10.0,10.0,10,100.0,inf,full,both,inf,180.0,0.01,0.0,0.0,256,20,3,0.5,0.1,0.99,10.0,256,20,0,128,0,5.0,4.5,44.604913579908825,2382.4546066576163,0.0,0.0,0.0,
lqr,mppi_direct,300.0,1800.0,0.1,0.125,5.0,5.0,10.0,10.0,10,100.0,inf,full,both,inf,180.0,0.01,0.0,0.0,256,20,3,0.5,0.1,0.99,10.0,256,20,0,128,0,5.0,5.0,43.25802493262647,3204.7312185798523,0.0,0.0,0.0,
lqr,mppi_direct,300.0,1800.0,0.1,0.125,5.0,5.5,10.0,10.0,10,100.0,inf,full,both,inf,180.0,0.01,0.0,0.0,256,20,3,0.5,0.1,0.99,10.0,256,20,0,128,0,5.0,5.5,44.18825231805908,4014.2794190119566,0.0,0.0,0.0,
lqr,mppi_direct,300.0,1800.0,0.1,0.125,5.0,6.25,10.0,10.0,10,100.0,inf,full,both,inf,180.0,0.01,0.0,0.0,256,20,3,0.5,0.1,0.99,10.0,256,20,0,128,0,5.0,6.25,43.795638979811,5161.407296312421,0.0,0.0,0.0,
lqr,mppi_direct,300.0,1800.0,0.1,0.125,5.0,7.5,10.0,10.0,10,100.0,inf,full,both,inf,180.0,0.01,0.0,0.0,256,20,3,0.5,0.1,0.99,10.0,256,20,0,128,0,5.0,7.5,43.575440651775885,6893.814333711721,0.0,0.0,0.0,
lqr,mppi_direct,300.0,1800.0,0.1,0.125,5.0,10.0,10.0,10.0,10,100.0,inf,full,both,inf,180.0,0.01,0.0,0.0,256,20,3,0.5,0.1,0.99,10.0,256,20,0,128,0,5.0,10.0,43.51280257085333,9811.798071947222,0.0,0.0,0.0,
lqr,mppi_direct,300.0,1800.0,0.1,0.125,5.0,inf,10.0,10.0,10,100.0,inf,full,both,inf,180.0,0.01,0.0,0.0,256,20,3,0.5,0.1,0.99,10.0,256,20,0,128,0,5.0,21.316780838806764,43.51280837604583,15126.508764309569,0.0,0.0,0.0,
lqr,mppi_direct,300.0,1800.0,0.1,0.15,5.0,1.25,10.0,10.0,10,100.0,inf,full,both,inf,180.0,0.01,0.0,0.0,256,20,3,0.5,0.1,0.99,10.0,256,20,0,128,128,2.7907253928185374,1.25,9.558778681100591,9.558778681100588,0.0,0.0,1.0,430.0
lqr,mppi_direct,300.0,1800.0,0.1,0.15,5.0,2.5,10.0,10.0,10,100.0,inf,full,both,inf,180.0,0.01,0.0,0.0,256,20,3,0.5,0.1,0.99,10.0,256,20,0,128,112,4.989350930609137,2.5,10.13755868897049,149.46048504008485,0.0,0.0,0.875,750.0
lqr,mppi_direct,300.0,1800.0,0.1,0.15,5.0,3.75,10.0,10.0,10,100.0,inf,full,both,inf,180.0,0.01,0.0,0.0,256,20,3,0.5,0.1,0.99,10.0,256,20,0,128,0,5.0,3.75,55.30445534516696,1128.4381141937663,0.0,0.0,0.0,
lqr,mppi_direct,300.0,1800.0,0.1,0.15,5.0,4.5,10.0,10.0,10,100.0,inf,full,both,inf,180.0,0.01,0.0,0.0,256,20,3,0.5,0.1,0.99,10.0,256,20,0,128,0,5.0,4.5,59.57214415642225,2520.4723968562294,0.0,0.0,0.0,
lqr,mppi_direct,300.0,1800.0,0.1,0.15,5.0,5.0,10.0,10.0,10,100.0,inf,full,both,inf,180.0,0.01,0.0,0.0,256,20,3,0.5,0.1,0.99,10.0,256,20,0,128,0,5.0,5.0,60.09245662864591,3420.893370928881,0.0,0.0,0.0,
lqr,mppi_direct,300.0,1800.0,0.1,0.15,5.0,5.5,10.0,10.0,10,100.0,inf,full,both,inf,180.0,0.01,0.0,0.0,256,20,3,0.5,0.1,0.99,10.0,256,20,0,128,0,5.0,5.5,64.35760980811106,4319.589246374862,0.0,0.0,0.0,
lqr,mppi_direct,300.0,1800.0,0.1,0.15,5.0,6.25,10.0,10.0,10,100.0,inf,full,both,inf,180.0,0.01,0.0,0.0,256,20,3,0.5,0.1,0.99,10.0,256,20,0,128,0,5.0,6.25,62.04092548433936,5537.096443853518,0.0,0.0,0.0,
lqr,mppi_direct,300.0,1800.0,0.1,0.15,5.0,7.5,10.0,10.0,10,100.0,inf,full,both,inf,180.0,0.01,0.0,0.0,256,20,3,0.5,0.1,0.99,10.0,256,20,0,128,0,5.0,7.5,64.0501406679524,7555.627340445141,0.0,0.0,0.0,
lqr,mppi_direct,300.0,1800.0,0.1,0.15,5.0,10.0,10.0,10.0,10,100.0,inf,full,both,inf,180.0,0.01,0.0,0.0,256,20,3,0.5,0.1,0.99,10.0,256,20,0,128,0,5.0,10.0,63.6860622657561,10968.823760218607,0.0,0.0,0.0,
lqr,mppi_direct,300.0,1800.0,0.1,0.15,5.0,inf,10.0,10.0,10,100.0,inf,full,both,inf,180.0,0.01,0.0,0.0,256,20,3,0.5,0.1,0.99,10.0,256,20,0,128,0,5.0,25.598978882079624,63.68222499835792,19563.25932505845,0.0,0.0,0.0,
lqr,mppi_direct,300.0,1800.0,0.1,0.2,5.0,1.25,10.0,10.0,10,100.0,inf,full,both,inf,180.0,0.01,0.0,0.0,256,20,3,0.5,0.1,0.99,10.0,256,20,0,128,128,2.8518646631212023,1.25,9.478871273419212,9.47887127341921,0.0,0.0,1.0,460.0
lqr,mppi_direct,300.0,1800.0,0.1,0.2,5.0,2.5,10.0,10.0,10,100.0,inf,full,both,inf,180.0,0.01,0.0,0.0,256,20,3,0.5,0.1,0.99,10.0,256,20,0,128,88,4.956289799596118,2.5,13.97908209454716,340.27855443672007,0.0,0.0,0.6875,750.0
lqr,mppi_direct,300.0,1800.0,0.1,0.2,5.0,3.75,10.0,10.0,10,100.0,inf,full,both,inf,180.0,0.01,0.0,0.0,256,20,3,0.5,0.1,0.99,10.0,256,20,0,128,0,5.0,3.75,109.92058630224736,1353.304830915893,0.0,0.0,0.0,
lqr,mppi_direct,300.0,1800.0,0.1,0.2,5.0,4.5,10.0,10.0,10,100.0,inf,full,both,inf,180.0,0.01,0.0,0.0,256,20,3,0.5,0.1,0.99,10.0,256,20,0,128,0,5.0,4.5,101.56409542133206,2745.669414945002,0.0,0.0,0.0,
lqr,mppi_direct,300.0,1800.0,0.1,0.2,5.0,5.0,10.0,10.0,10,100.0,inf,full,both,inf,180.0,0.01,0.0,0.0,256,20,3,0.5,0.1,0.99,10.0,256,20,0,128,0,5.0,5.0,111.44825463945072,3860.8601650725377,0.0,0.0,0.0,
lqr,mppi_direct,300.0,1800.0,0.1,0.2,5.0,5.5,10.0,10.0,10,100.0,inf,full,both,inf,180.0,0.01,0.0,0.0,256,20,3,0.5,0.1,0.99,10.0,256,20,0,128,0,5.0,5.5,115.84374992016406,4940.943033678294,0.0,0.0,0.0,
lqr,mppi_direct,300.0,1800.0,0.1,0.2,5.0,6.25,10.0,10.0,10,100.0,inf,full,both,inf,180.0,0.01,0.0,0.0,256,20,3,0.5,0.1,0.99,10.0,256,20,0,128,0,5.0,6.25,115.0405840424332,6383.719106516598,0.0,0.0,0.0,
lqr,mppi_direct,300.0,1800.0,0.1,0.2,5.0,7.5,10.0,10.0,10,100.0,inf,full,both,inf,180.0,0.01,0.0,0.0,256,20,3,0.5,0.1,0.99,10.0,256,20,0,128,0,5.0,7.5,117.61981580229832,8740.970115788008,0.0,0.0,0.0,
lqr,mppi_direct,300.0,1800.0,0.1,0.2,5.0,10.0,10.0,10.0,10,100.0,inf,full,both,inf,180.0,0.01,0.0,0.0,256,20,3,0.5,0.1,0.99,10.0,256,20,0,128,0,5.0,10.0,120.94057590719744,12885.61466476212,0.0,0.0,0.0,
lqr,mppi_direct,300.0,1800.0,0.1,0.2,5.0,inf,10.0,10.0,10,100.0,inf,full,both,inf,180.0,0.01,0.0,0.0,256,20,3,0.5,0.1,0.99,10.0,256,20,0,128,0,5.0,34.20962858342233,119.70202883979032,29017.296030210036,0.0,0.0,0.0,
lqr,mppi_lqr,300.0,1800.0,0.1,0.025,5.0,1.25,10.0,10.0,10,100.0,inf,full,both,inf,180.0,0.01,0.0,0.0,256,20,3,0.5,0.1,0.99,10.0,256,20,0,128,128,2.674895312087865,1.25,9.563166465018613,9.56316646501861,0.0,0.0,1.0,840.0
lqr,mppi_lqr,300.0,1800.0,0.1,0.025,5.0,2.5,10.0,10.0,10,100.0,inf,full,both,inf,180.0,0.01,0.0,0.0,256,20,3,0.5,0.1,0.99,10.0,256,20,0,128,128,3.749383028491334,2.5,9.519818532151636,9.51981853215166,0.0,0.0,1.0,1400.0
lqr,mppi_lqr,300.0,1800.0,0.1,0.025,5.0,3.75,10.0,10.0,10,100.0,inf,full,both,inf,180.0,0.01,0.0,0.0,256,20,3,0.5,0.1,0.99,10.0,256,20,0,128,0,4.857051510599134,3.74882546797758,20.276715855118827,23.559174364373096,0.0,0.0,0.0,
lqr,mppi_lqr,300.0,1800.0,0.1,0.025,5.0,4.5,10.0,10.0,10,100.0,inf,full,both,inf,180.0,0.01,0.0,0.0,256,20,3,0.5,0.1,0.99,10.0,256,20,0,128,0,4.883520128182094,3.863776350328567,20.15716342074581,22.77303546303457,0.0,0.0,0.0,
lqr,mppi_lqr,300.0,1800.0,0.1,0.025,5.0,5.0,10.0,10.0,10,100.0,inf,full,both,inf,180.0,0.01,0.0,0.0,256,20,3,0.5,0.1,0.99,10.0,256,20,0,128,0,4.883321354741689,3.864232149573401,19.969846302731185,22.45907286187088,0.0,0.0,0.0,
lqr,mppi_lqr,300.0,1800.0,0.1,0.025,5.0,5.5,10.0,10.0,10,100.0,inf,full,both,inf,180.0,0.01,0.0,0.0,256,20,3,0.5,0.1,0.99,10.0,256,20,0,128,0,4.883318602490649,3.864213296633241,19.97069348247458,22.461646606245207,0.0,0.0,0.0,
lqr,mppi_lqr,300.0,1800.0,0.1,0.025,5.0,6.25,10.0,10.0,10,100.0,inf,full,both,inf,180.0,0.01,0.0,0.0,256,20,3,0.5,0.1,0.99,10.0,256,20,0,128,0,4.883318602490649,3.864213296633241,19.97069348247458,22.461646606245207,0.0,0.0,0.0,
lqr,mppi_lqr,300.0,1800.0,0.1,0.025,5.0,7.5,10.0,10.0,10,100.0,inf,full,both,inf,180.0,0.01,0.0,0.0,256,20,3,0.5,0.1,0.99,10.0,256,20,0,128,0,4.883318602490649,3.864213296633241,19.97069348247458,22.461646606245207,0.0,0.0,0.0,
lqr,mppi_lqr,300.0,1800.0,0.1,0.025,5.0,10.0,10.0,10.0,10,100.0,inf,full,both,inf,180.0,0.01,0.0,0.0,256,20,3,0.5,0.1,0.99,10.0,256,20,0,128,0,4.883318602490649,3.864213296633241,19.97069348247458,22.461646606245207,0.0,0.0,0.0,
lqr,mppi_lqr,300.0,1800.0,0.1,0.025,5.0,inf,10.0,10.0,10,100.0,inf,full,both,inf,180.0,0.01,0.0,0.0,256,20,3,0.5,0.1,0.99,10.0,256,20,0,128,0,4.883318602490649,3.864213296633241,19.97069348247458,22.461646606245207,0.0,0.0,0.0,
lqr,mppi_lqr,300.0,1800.0,0.1,0.05,5.0,1.25,10.0,10.0,10,100.0,inf,full,both,inf,180.0,0.01,0.0,0.0,256,20,3,0.5,0.1,0.99,10.0,256,20,0,128,128,2.7323771296047403,1.25,9.201559080764222,9.201559080764229,0.0,0.0,1.0,560.0
lqr,mppi_lqr,300.0,1800.0,0.1,0.05,5.0,2.5,10.0,10.0,10,100.0,inf,full,both,inf,180.0,0.01,0.0,0.0,256,20,3,0.5,0.1,0.99,10.0,256,20,0,128,128,3.23227236370789,2.5,9.465475504255531,9.465475504255542,0.0,0.0,1.0,860.0
lqr,mppi_lqr,300.0,1800.0,0.1,0.05,5.0,3.75,10.0,10.0,10,100.0,inf,full,both,inf,180.0,0.01,0.0,0.0,256,20,3,0.5,0.1,0.99,10.0,256,20,0,128,128,4.32786933971434,3.75,9.442346205857284,9.44234620585731,0.0,0.0,1.0,1110.0
lqr,mppi_lqr,300.0,1800.0,0.1,0.05,5.0,4.5,10.0,10.0,10,100.0,inf,full,both,inf,180.0,0.01,0.0,0.0,256,20,3,0.5,0.1,0.99,10.0,256,20,0,128,75,4.92470907079637,4.5,19.657842774915945,126.81196973896871,0.0,0.0,0.5859375,1270.0
lqr,mppi_lqr,300.0,1800.0,0.1,0.05,5.0,5.0,10.0,10.0,10,100.0,inf,full,both,inf,180.0,0.01,0.0,0.0,256,20,3,0.5,0.1,0.99,10.0,256,20,0,128,2,5.0,5.0,36.77700144137491,439.5333526162557,0.0,0.0,0.015625,1360.0
lqr,mppi_lqr,300.0,1800.0,0.1,0.05,5.0,5.5,10.0,10.0,10,100.0,inf,full,both,inf,180.0,0.01,0.0,0.0,256,20,3,0.5,0.1,0.99,10.0,256,20,0,128,0,5.0,5.5,38.92241963970439,744.5579736980924,0.0,0.0,0.0,
lqr,mppi_lqr,300.0,1800.0,0.1,0.05,5.0,6.25,10.0,10.0,10,100.0,inf,full,both,inf,180.0,0.01,0.0,0.0,256,20,3,0.5,0.1,0.99,10.0,256,20,0,128,0,5.0,6.25,38.58884128151438,1118.4590274704992,0.0,0.0,0.0,
lqr,mppi_lqr,300.0,1800.0,0.1,0.05,5.0,7.5,10.0,10.0,10,100.0,inf,full,both,inf,180.0,0.01,0.0,0.0,256,20,3,0.5,0.1,0.99,10.0,256,20,0,128,0,5.0,7.5,38.47689471988597,1499.1214171263446,0.0,0.0,0.0,
lqr,mppi_lqr,300.0,1800.0,0.1,0.05,5.0,10.0,10.0,10.0,10,100.0,inf,full,both,inf,180.0,0.01,0.0,0.0,256,20,3,0.5,0.1,0.99,10.0,256,20,0,128,0,5.0,8.397662186507336,38.47770293274864,1565.196763312716,0.0,0.0,0.0,
lqr,mppi_lqr,300.0,1800.0,0.1,0.05,5.0,inf,10.0,10.0,10,100.0,inf,full,both,inf,180.0,0.01,0.0,0.0,256,20,3,0.5,0.1,0.99,10.0,256,20,0,128,0,5.0,8.398109652986996,38.47770293274864,1565.0694896129908,0.0,0.0,0.0,
lqr,mppi_lqr,300.0,1800.0,0.1,0.075,5.0,1.25,10.0,10.0,10,100.0,inf,full,both,inf,180.0,0.01,0.0,0.0,256,20,3,0.5,0.1,0.99,10.0,256,20,0,128,128,3.32385607842141,1.25,9.305028401159674,9.305028401159674,0.0,0.0,1.0,565.0
lqr,mppi_lqr,300.0,1800.0,0.1,0.075,5.0,2.5,10.0,10.0,10,100.0,inf,full,both,inf,180.0,0.01,0.0,0.0,256,20,3,0.5,0.1,0.99,10.0,256,20,0,128,128,3.815309468184493,2.5,9.253687657593035,9.253687657593048,0.0,0.0,1.0,680.0
lqr,mppi_lqr,300.0,1800.0,0.1,0.075,5.0,3.75,10.0,10.0,10,100.0,inf,full,both,inf,180.0,0.01,0.0,0.0,256,20,3,0.5,0.1,0.99,10.0,256,20,0,128,105,4.56659592678387,3.75,16.355579554146964,190.1958230060923,0.0,0.0,0.8203125,870.0
lqr,mppi_lqr,300.0,1800.0,0.1,0.075,5.0,4.5,10.0,10.0,10,100.0,inf,full,both,inf,180.0,0.01,0.0,0.0,256,20,3,0.5,0.1,0.99,10.0,256,20,0,128,48,4.9709388183810255,4.5,33.77944132933446,1117.2324770637551,0.0,0.0,0.375,980.0
lqr,mppi_lqr,300.0,1800.0,0.1,0.075,5.0,5.0,10.0,10.0,10,100.0,inf,full,both,inf,180.0,0.01,0.0,0.0,256,20,3,0.5,0.1,0.99,10.0,256,20,0,128,1,5.0,5.0,48.12735351255232,2320.1362681220976,0.0,0.0,0.0078125,1060.0
lqr,mppi_lqr,300.0,1800.0,0.1,0.075,5.0,5.5,10.0,10.0,10,100.0,inf,full,both,inf,180.0,0.01,0.0,0.0,256,20,3,0.5,0.1,0.99,10.0,256,20,0,128,0,5.0,5.5,49.75343603699862,2891.235026214832,0.0,0.0,0.0,
lqr,mppi_lqr,300.0,1800.0,0.1,0.075,5.0,6.25,10.0,10.0,10,100.0,inf,full,both,inf,180.0,0.01,0.0,0.0,256,20,3,0.5,0.1,0.99,10.0,256,20,0,128,0,5.0,6.25,50.26750041465321,3618.4618761628,0.0,0.0,0.0,
lqr,mppi_lqr,300.0,1800.0,0.1,0.075,5.0,7.5,10.0,10.0,10,100.0,inf,full,both,inf,180.0,0.01,0.0,0.0,256,20,3,0.5,0.1,0.99,10.0,256,20,0,128,0,5.0,7.5,49.96128008066821,4713.492340719518,0.0,0.0,0.0,
lqr,mppi_lqr,300.0,1800.0,0.1,0.075,5.0,10.0,10.0,10.0,10,100.0,inf,full,both,inf,180.0,0.01,0.0,0.0,256,20,3,0.5,0.1,0.99,10.0,256,20,0,128,0,5.0,10.0,49.98243056553208,6123.865323118195,0.0,0.0,0.0,
lqr,mppi_lqr,300.0,1800.0,0.1,0.075,5.0,inf,10.0,10.0,10,100.0,inf,full,both,inf,180.0,0.01,0.0,0.0,256,20,3,0.5,0.1,0.99,10.0,256,20,0,128,0,5.0,12.831784435242175,49.98243056553208,6627.274134128321,0.0,0.0,0.0,
lqr,mppi_lqr,300.0,1800.0,0.1,0.09,5.0,1.25,10.0,10.0,10,100.0,inf,full,both,inf,180.0,0.01,0.0,0.0,256,20,3,0.5,0.1,0.99,10.0,256,20,0,128,128,3.43950211915245,1.25,9.273790332066724,9.273790332066728,0.0,0.0,1.0,570.0
lqr,mppi_lqr,300.0,1800.0,0.1,0.09,5.0,2.5,10.0,10.0,10,100.0,inf,full,both,inf,180.0,0.01,0.0,0.0,256,20,3,0.5,0.1,0.99,10.0,256,20,0,128,119,4.611764680959179,2.5,9.588993281605736,47.54657274280283,0.0,0.0,0.9296875,700.0
lqr,mppi_lqr,300.0,1800.0,0.1,0.09,5.0,3.75,10.0,10.0,10,100.0,inf,full,both,inf,180.0,0.01,0.0,0.0,256,20,3,0.5,0.1,0.99,10.0,256,20,0,128,17,4.944291594241834,3.75,120.41137526801386,1141.8798175193965,0.0,0.0,0.1328125,770.0
lqr,mppi_lqr,300.0,1800.0,0.1,0.09,5.0,4.5,10.0,10.0,10,100.0,inf,full,both,inf,180.0,0.01,0.0,0.0,256,20,3,0.5,0.1,0.99,10.0,256,20,0,128,4,4.997659846755724,4.5,128.75833961936843,2291.0871773533486,0.0,0.0,0.03125,870.0
lqr,mppi_lqr,300.0,1800.0,0.1,0.09,5.0,5.0,10.0,10.0,10,100.0,inf,full,both,inf,180.0,0.01,0.0,0.0,256,20,3,0.5,0.1,0.99,10.0,256,20,0,128,0,5.0,5.0,129.44951314479434,3115.850816862669,0.0,0.0,0.0,
lqr,mppi_lqr,300.0,1800.0,0.1,0.09,5.0,5.5,10.0,10.0,10,100.0,inf,full,both,inf,180.0,0.01,0.0,0.0,256,20,3,0.5,0.1,0.99,10.0,256,20,0,128,0,5.0,5.5,129.9472972934101,3834.641468743786,0.0,0.0,0.0,
lqr,mppi_lqr,300.0,1800.0,0.1,0.09,5.0,6.25,10.0,10.0,10,100.0,inf,full,both,inf,180.0,0.01,0.0,0.0,256,20,3,0.5,0.1,0.99,10.0,256,20,0,128,0,5.0,6.25,128.71604457421117,4847.388628435684,0.0,0.0,0.0,
lqr,mppi_lqr,300.0,1800.0,0.1,0.09,5.0,7.5,10.0,10.0,10,100.0,inf,full,both,inf,180.0,0.01,0.0,0.0,256,20,3,0.5,0.1,0.99,10.0,256,20,0,128,0,5.0,7.5,128.82519555049777,6199.436965387526,0.0,0.0,0.0,
lqr,mppi_lqr,300.0,1800.0,0.1,0.09,5.0,10.0,10.0,10.0,10,100.0,inf,full,both,inf,180.0,0.01,0.0,0.0,256,20,3,0.5,0.1,0.99,10.0,256,20,0,128,0,5.0,10.0,128.81988712421258,8285.533868918832,0.0,0.0,0.0,
lqr,mppi_lqr,300.0,1800.0,0.1,0.09,5.0,inf,10.0,10.0,10,100.0,inf,full,both,inf,180.0,0.01,0.0,0.0,256,20,3,0.5,0.1,0.99,10.0,256,20,0,128,0,5.0,15.45926755190768,128.8198870622635,9942.033422606672,0.0,0.0,0.0,
lqr,mppi_lqr,300.0,1800.0,0.1,0.1,5.0,1.25,10.0,10.0,10,100.0,inf,full,both,inf,180.0,0.01,0.0,0.0,256,20,3,0.5,0.1,0.99,10.0,256,20,0,128,128,3.494230440794663,1.25,9.304727196436964,9.304727196436968,0.0,0.0,1.0,580.0
lqr,mppi_lqr,300.0,1800.0,0.1,0.1,5.0,2.5,10.0,10.0,10,100.0,inf,full,both,inf,180.0,0.01,0.0,0.0,256,20,3,0.5,0.1,0.99,10.0,256,20,0,128,108,4.786165185551556,2.5,9.99173740410865,101.44434124486206,0.0,0.0,0.84375,710.0
lqr,mppi_lqr,300.0,1800.0,0.1,0.1,5.0,3.75,10.0,10.0,10,100.0,inf,full,both,inf,180.0,0.01,0.0,0.0,256,20,3,0.5,0.1,0.99,10.0,256,20,0,128,4,4.997829159904012,3.75,185.2799705345797,1264.3126203522213,0.0,0.0,0.03125,730.0
lqr,mppi_lqr,300.0,1800.0,0.1,0.1,5.0,4.5,10.0,10.0,10,100.0,inf,full,both,inf,180.0,0.01,0.0,0.0,256,20,3,0.5,0.1,0.99,10.0,256,20,0,128,0,5.0,4.5,211.15713631747505,2303.5513993562013,0.0,0.0,0.0,
lqr,mppi_lqr,300.0,1800.0,0.1,0.1,5.0,5.0,10.0,10.0,10,100.0,inf,full,both,inf,180.0,0.01,0.0,0.0,256,20,3,0.5,0.1,0.99,10.0,256,20,0,128,0,5.0,5.0,211.7091610698031,3100.005566694524,0.0,0.0,0.0,
lqr,mppi_lqr,300.0,1800.0,0.1,0.1,5.0,5.5,10.0,10.0,10,100.0,inf,full,both,inf,180.0,0.01,0.0,0.0,256,20,3,0.5,0.1,0.99,10.0,256,20,0,128,0,5.0,5.5,208.08393924812407,3881.9200309702856,0.0,0.0,0.0,
lqr,mppi_lqr,300.0,1800.0,0.1,0.1,5.0,6.25,10.0,10.0,10,100.0,inf,full,both,inf,180.0,0.01,0.0,0.0,256,20,3,0.5,0.1,0.99,10.0,256,20,0,128,0,5.0,6.25,207.7660517518977,4928.040187810524,0.0,0.0,0.0,
lqr,mppi_lqr,300.0,1800.0,0.1,0.1,5.0,7.5,10.0,10.0,10,100.0,inf,full,both,inf,180.0,0.01,0.0,0.0,256,20,3,0.5,0.1,0.99,10.0,256,20,0,128,0,5.0,7.5,206.23833322123332,6519.291479050558,0.0,0.0,0.0,
lqr,mppi_lqr,300.0,1800.0,0.1,0.1,5.0,10.0,10.0,10.0,10,100.0,inf,full,both,inf,180.0,0.01,0.0,0.0,256,20,3,0.5,0.1,0.99,10.0,256,20,0,128,0,5.0,10.0,205.7689614803752,8942.398904721596,0.0,0.0,0.0,
lqr,mppi_lqr,300.0,1800.0,0.1,0.1,5.0,inf,10.0,10.0,10,100.0,inf,full,both,inf,180.0,0.01,0.0,0.0,256,20,3,0.5,0.1,0.99,10.0,256,20,0,128,0,5.0,17.189007779017153,205.76928163517016,11595.079407023784,0.0,0.0,0.0,
lqr,mppi_lqr,300.0,1800.0,0.1,0.11,5.0,1.25,10.0,10.0,10,100.0,inf,full,both,inf,180.0,0.01,0.0,0.0,256,20,3,0.5,0.1,0.99,10.0,256,20,0,128,128,3.5402504192019197,1.25,9.35645486013868,9.35645486013868,0.0,0.0,1.0,580.0
lqr,mppi_lqr,300.0,1800.0,0.1,0.11,5.0,2.5,10.0,10.0,10,100.0,inf,full,both,inf,180.0,0.01,0.0,0.0,256,20,3,0.5,0.1,0.99,10.0,256,20,0,128,95,4.874570955419285,2.5,10.442776398696305,178.1209244872039,0.0,0.0,0.7421875,720.0
lqr,mppi_lqr,300.0,1800.0,0.1,0.11,5.0,3.75,10.0,10.0,10,100.0,inf,full,both,inf,180.0,0.01,0.0,0.0,256,20,3,0.5,0.1,0.99,10.0,256,20,0,128,0,5.0,3.75,201.54769442274304,1325.864270123236,0.0,0.0,0.0,
lqr,mppi_lqr,300.0,1800.0,0.1,0.11,5.0,4.5,10.0,10.0,10,100.0,inf,full,both,inf,180.0,0.01,0.0,0.0,256,20,3,0.5,0.1,0.99,10.0,256,20,0,128,0,5.0,4.5,261.71294402926685,2204.75104866034,0.0,0.0,0.0,
lqr,mppi_lqr,300.0,1800.0,0.1,0.11,5.0,5.0,10.0,10.0,10,100.0,inf,full,both,inf,180.0,0.01,0.0,0.0,256,20,3,0.5,0.1,0.99,10.0,256,20,0,128,0,5.0,5.0,264.3743128579917,3062.3944950404657,0.0,0.0,0.0,
lqr,mppi_lqr,300.0,1800.0,0.1,0.11,5.0,5.5,10.0,10.0,10,100.0,inf,full,both,inf,180.0,0.01,0.0,0.0,256,20,3,0.5,0.1,0.99,10.0,256,20,0,128,0,5.0,5.5,264.1450930907384,3876.998393786804,0.0,0.0,0.0,
lqr,mppi_lqr,300.0,1800.0,0.1,0.11,5.0,6.25,10.0,10.0,10,100.0,inf,full,both,inf,180.0,0.01,0.0,0.0,256,20,3,0.5,0.1,0.99,10.0,256,20,0,128,0,5.0,6.25,263.7643980136693,5025.233672339231,0.0,0.0,0.0,
lqr,mppi_lqr,300.0,1800.0,0.1,0.11,5.0,7.5,10.0,10.0,10,100.0,inf,full,both,inf,180.0,0.01,0.0,0.0,256,20,3,0.5,0.1,0.99,10.0,256,20,0,128,0,5.0,7.5,262.8191201758049,6770.69468761127,0.0,0.0,0.0,
lqr,mppi_lqr,300.0,1800.0,0.1,0.11,5.0,10.0,10.0,10.0,10,100.0,inf,full,both,inf,180.0,0.01,0.0,0.0,256,20,3,0.5,0.1,0.99,10.0,256,20,0,128,0,5.0,10.0,262.3575910228982,9478.17396505162,0.0,0.0,0.0,
lqr,mppi_lqr,300.0,1800.0,0.1,0.11,5.0,inf,10.0,10.0,10,100.0,inf,full,both,inf,180.0,0.01,0.0,0.0,256,20,3,0.5,0.1,0.99,10.0,256,20,0,128,0,5.0,18.9071629670182,262.3576420820097,13244.815088556366,0.0,0.0,0.0,
lqr,mppi_lqr,300.0,1800.0,0.1,0.125,5.0,1.25,10.0,10.0,10,100.0,inf,full,both,inf,180.0,0.01,0.0,0.0,256,20,3,0.5,0.1,0.99,10.0,256,20,0,128,128,3.598940967850072,1.25,9.32115493328156,9.321154933281562,0.0,0.0,1.0,580.0
lqr,mppi_lqr,300.0,1800.0,0.1,0.125,5.0,2.5,10.0,10.0,10,100.0,inf,full,both,inf,180.0,0.01,0.0,0.0,256,20,3,0.5,0.1,0.99,10.0,256,20,0,128,70,4.9676431677875845,2.5,12.046973774846784,356.0504748190634,0.0,0.0,0.546875,720.0
lqr,mppi_lqr,300.0,1800.0,0.1,0.125,5.0,3.75,10.0,10.0,10,100.0,inf,full,both,inf,180.0,0.01,0.0,0.0,256,20,3,0.5,0.1,0.99,10.0,256,20,0,128,0,5.0,3.75,213.2990219805153,1363.053328187846,0.0,0.0,0.0,
lqr,mppi_lqr,300.0,1800.0,0.1,0.125,5.0,4.5,10.0,10.0,10,100.0,inf,full,both,inf,180.0,0.01,0.0,0.0,256,20,3,0.5,0.1,0.99,10.0,256,20,0,128,0,5.0,4.5,286.9630892807932,2151.5911492051973,0.0,0.0,0.0,
lqr,mppi_lqr,300.0,1800.0,0.1,0.125,5.0,5.0,10.0,10.0,10,100.0,inf,full,both,inf,180.0,0.01,0.0,0.0,256,20,3,0.5,0.1,0.99,10.0,256,20,0,128,0,5.0,5.0,289.99092914446555,3073.5280711354703,0.0,0.0,0.0,
lqr,mppi_lqr,300.0,1800.0,0.1,0.125,5.0,5.5,10.0,10.0,10,100.0,inf,full,both,inf,180.0,0.01,0.0,0.0,256,20,3,0.5,0.1,0.99,10.0,256,20,0,128,0,5.0,5.5,289.8553668010888,3900.954394345559,0.0,0.0,0.0,
lqr,mppi_lqr,300.0,1800.0,0.1,0.125,5.0,6.25,10.0,10.0,10,100.0,inf,full,both,inf,180.0,0.01,0.0,0.0,256,20,3,0.5,0.1,0.99,10.0,256,20,0,128,0,5.0,6.25,290.01556874695825,5189.532400082279,0.0,0.0,0.0,
lqr,mppi_lqr,300.0,1800.0,0.1,0.125,5.0,7.5,10.0,10.0,10,100.0,inf,full,both,inf,180.0,0.01,0.0,0.0,256,20,3,0.5,0.1,0.99,10.0,256,20,0,128,0,5.0,7.5,289.61849708431726,7147.077589229945,0.0,0.0,0.0,
lqr,mppi_lqr,300.0,1800.0,0.1,0.125,5.0,10.0,10.0,10.0,10,100.0,inf,full,both,inf,180.0,0.01,0.0,0.0,256,20,3,0.5,0.1,0.99,10.0,256,20,0,128,0,5.0,10.0,289.673279448443,10319.546850746636,0.0,0.0,0.0,
lqr,mppi_lqr,300.0,1800.0,0.1,0.125,5.0,inf,10.0,10.0,10,100.0,inf,full,both,inf,180.0,0.01,0.0,0.0,256,20,3,0.5,0.1,0.99,10.0,256,20,0,128,0,5.0,21.47915338253846,289.6732824420904,15968.965042587426,0.0,0.0,0.0,
lqr,mppi_lqr,300.0,1800.0,0.1,0.15,5.0,1.25,10.0,10.0,10,100.0,inf,full,both,inf,180.0,0.01,0.0,0.0,256,20,3,0.5,0.1,0.99,10.0,256,20,0,128,128,3.676756411944707,1.25,9.294620718906186,9.29462071890618,0.0,0.0,1.0,590.0
lqr,mppi_lqr,300.0,1800.0,0.1,0.15,5.0,2.5,10.0,10.0,10,100.0,inf,full,both,inf,180.0,0.01,0.0,0.0,256,20,3,0.5,0.1,0.99,10.0,256,20,0,128,55,4.994277795779529,2.5,13.896605527905868,545.069292424119,0.0,0.0,0.4296875,710.0
lqr,mppi_lqr,300.0,1800.0,0.1,0.15,5.0,3.75,10.0,10.0,10,100.0,inf,full,both,inf,180.0,0.01,0.0,0.0,256,20,3,0.5,0.1,0.99,10.0,256,20,0,128,0,5.0,3.75,225.5013554601109,1440.441933707074,0.0,0.0,0.0,
lqr,mppi_lqr,300.0,1800.0,0.1,0.15,5.0,4.5,10.0,10.0,10,100.0,inf,full,both,inf,180.0,0.01,0.0,0.0,256,20,3,0.5,0.1,0.99,10.0,256,20,0,128,0,5.0,4.5,291.76732604999114,2273.7241125700702,0.0,0.0,0.0,
lqr,mppi_lqr,300.0,1800.0,0.1,0.15,5.0,5.0,10.0,10.0,10,100.0,inf,full,both,inf,180.0,0.01,0.0,0.0,256,20,3,0.5,0.1,0.99,10.0,256,20,0,128,0,5.0,5.0,295.0206854526934,3179.5007165139014,0.0,0.0,0.0,
lqr,mppi_lqr,300.0,1800.0,0.1,0.15,5.0,5.5,10.0,10.0,10,100.0,inf,full,both,inf,180.0,0.01,0.0,0.0,256,20,3,0.5,0.1,0.99,10.0,256,20,0,128,0,5.0,5.5,293.35931451813235,4037.386084512528,0.0,0.0,0.0,
lqr,mppi_lqr,300.0,1800.0,0.1,0.15,5.0,6.25,10.0,10.0,10,100.0,inf,full,both,inf,180.0,0.01,0.0,0.0,256,20,3,0.5,0.1,0.99,10.0,256,20,0,128,0,5.0,6.25,294.0009033356195,5441.608839334561,0.0,0.0,0.0,
lqr,mppi_lqr,300.0,1800.0,0.1,0.15,5.0,7.5,10.0,10.0,10,100.0,inf,full,both,inf,180.0,0.01,0.0,0.0,256,20,3,0.5,0.1,0.99,10.0,256,20,0,128,0,5.0,7.5,293.87787596647894,7581.708135125739,0.0,0.0,0.0,
lqr,mppi_lqr,300.0,1800.0,0.1,0.15,5.0,10.0,10.0,10.0,10,100.0,inf,full,both,inf,180.0,0.01,0.0,0.0,256,20,3,0.5,0.1,0.99,10.0,256,20,0,128,0,5.0,10.0,294.04848812503764,11169.181391825068,0.0,0.0,0.0,
lqr,mppi_lqr,300.0,1800.0,0.1,0.15,5.0,inf,10.0,10.0,10,100.0,inf,full,both,inf,180.0,0.01,0.0,0.0,256,20,3,0.5,0.1,0.99,10.0,256,20,0,128,0,5.0,25.78028368502332,294.048009729832,20160.482252770813,0.0,0.0,0.0,
lqr,mppi_lqr,300.0,1800.0,0.1,0.2,5.0,1.25,10.0,10.0,10,100.0,inf,full,both,inf,180.0,0.01,0.0,0.0,256,20,3,0.5,0.1,0.99,10.0,256,20,0,128,128,3.773863934365104,1.25,9.337200264692845,9.33720026469284,0.0,0.0,1.0,600.0
lqr,mppi_lqr,300.0,1800.0,0.1,0.2,5.0,2.5,10.0,10.0,10,100.0,inf,full,both,inf,180.0,0.01,0.0,0.0,256,20,3,0.5,0.1,0.99,10.0,256,20,0,128,36,5.0,2.5,17.95150983865755,889.6692799813105,0.0,0.0,0.28125,700.0
lqr,mppi_lqr,300.0,1800.0,0.1,0.2,5.0,3.75,10.0,10.0,10,100.0,inf,full,both,inf,180.0,0.01,0.0,0.0,256,20,3,0.5,0.1,0.99,10.0,256,20,0,128,0,5.0,3.75,242.7569809670144,1550.0193648217337,0.0,0.0,0.0,
lqr,mppi_lqr,300.0,1800.0,0.1,0.2,5.0,4.5,10.0,10.0,10,100.0,inf,full,both,inf,180.0,0.01,0.0,0.0,256,20,3,0.5,0.1,0.99,10.0,256,20,0,128,0,5.0,4.5,291.8136242126121,2553.5570815004285,0.0,0.0,0.0,
lqr,mppi_lqr,300.0,1800.0,0.1,0.2,5.0,5.0,10.0,10.0,10,100.0,inf,full,both,inf,180.0,0.01,0.0,0.0,256,20,3,0.5,0.1,0.99,10.0,256,20,0,128,0,5.0,5.0,295.1347725931081,3531.907346896758,0.0,0.0,0.0,
lqr,mppi_lqr,300.0,1800.0,0.1,0.2,5.0,5.5,10.0,10.0,10,100.0,inf,full,both,inf,180.0,0.01,0.0,0.0,256,20,3,0.5,0.1,0.99,10.0,256,20,0,128,0,5.0,5.5,291.758999339022,4610.781917099885,0.0,0.0,0.0,
lqr,mppi_lqr,300.0,1800.0,0.1,0.2,5.0,6.25,10.0,10.0,10,100.0,inf,full,both,inf,180.0,0.01,0.0,0.0,256,20,3,0.5,0.1,0.99,10.0,256,20,0,128,0,5.0,6.25,293.1816262524979,6002.5136169978505,0.0,0.0,0.0,
lqr,mppi_lqr,300.0,1800.0,0.1,0.2,5.0,7.5,10.0,10.0,10,100.0,inf,full,both,inf,180.0,0.01,0.0,0.0,256,20,3,0.5,0.1,0.99,10.0,256,20,0,128,0,5.0,7.5,290.6027778926072,8272.563091087126,0.0,0.0,0.0,
lqr,mppi_lqr,300.0,1800.0,0.1,0.2,5.0,10.0,10.0,10.0,10,100.0,inf,full,both,inf,180.0,0.01,0.0,0.0,256,20,3,0.5,0.1,0.99,10.0,256,20,0,128,0,5.0,10.0,292.169635398342,12430.61426335876,0.0,0.0,0.0,
lqr,mppi_lqr,300.0,1800.0,0.1,0.2,5.0,inf,10.0,10.0,10,100.0,inf,full,both,inf,180.0,0.01,0.0,0.0,256,20,3,0.5,0.1,0.99,10.0,256,20,0,128,0,5.0,34.35461891734455,292.26293907610903,28846.8272102636,0.0,0.0,0.0,
lqr,random,300.0,1800.0,0.1,0.025,5.0,1.25,10.0,10.0,10,100.0,inf,full,both,inf,180.0,0.01,0.0,0.0,256,20,3,0.5,0.1,0.99,10.0,256,20,0,128,128,2.254884956642344,0.8564383063110921,9.351431337099772,9.351431337099772,0.0,0.0,1.0,460.0
lqr,random,300.0,1800.0,0.1,0.025,5.0,2.5,10.0,10.0,10,100.0,inf,full,both,inf,180.0,0.01,0.0,0.0,256,20,3,0.5,0.1,0.99,10.0,256,20,0,128,128,2.254884956642344,0.8564383063110921,9.351431337099772,9.351431337099772,0.0,0.0,1.0,460.0
lqr,random,300.0,1800.0,0.1,0.025,5.0,3.75,10.0,10.0,10,100.0,inf,full,both,inf,180.0,0.01,0.0,0.0,256,20,3,0.5,0.1,0.99,10.0,256,20,0,128,128,2.254884956642344,0.8564383063110921,9.351431337099772,9.351431337099772,0.0,0.0,1.0,460.0
lqr,random,300.0,1800.0,0.1,0.025,5.0,4.5,10.0,10.0,10,100.0,inf,full,both,inf,180.0,0.01,0.0,0.0,256,20,3,0.5,0.1,0.99,10.0,256,20,0,128,128,2.254884956642344,0.8564383063110921,9.351431337099772,9.351431337099772,0.0,0.0,1.0,460.0
lqr,random,300.0,1800.0,0.1,0.025,5.0,5.0,10.0,10.0,10,100.0,inf,full,both,inf,180.0,0.01,0.0,0.0,256,20,3,0.5,0.1,0.99,10.0,256,20,0,128,128,2.254884956642344,0.8564383063110921,9.351431337099772,9.351431337099772,0.0,0.0,1.0,460.0
lqr,random,300.0,1800.0,0.1,0.025,5.0,5.5,10.0,10.0,10,100.0,inf,full,both,inf,180.0,0.01,0.0,0.0,256,20,3,0.5,0.1,0.99,10.0,256,20,0,128,128,2.254884956642344,0.8564383063110921,9.351431337099772,9.351431337099772,0.0,0.0,1.0,460.0
lqr,random,300.0,1800.0,0.1,0.025,5.0,6.25,10.0,10.0,10,100.0,inf,full,both,inf,180.0,0.01,0.0,0.0,256,20,3,0.5,0.1,0.99,10.0,256,20,0,128,128,2.254884956642344,0.8564383063110921,9.351431337099772,9.351431337099772,0.0,0.0,1.0,460.0
lqr,random,300.0,1800.0,0.1,0.025,5.0,7.5,10.0,10.0,10,100.0,inf,full,both,inf,180.0,0.01,0.0,0.0,256,20,3,0.5,0.1,0.99,10.0,256,20,0,128,128,2.254884956642344,0.8564383063110921,9.351431337099772,9.351431337099772,0.0,0.0,1.0,460.0
lqr,random,300.0,1800.0,0.1,0.025,5.0,10.0,10.0,10.0,10,100.0,inf,full,both,inf,180.0,0.01,0.0,0.0,256,20,3,0.5,0.1,0.99,10.0,256,20,0,128,128,2.254884956642344,0.8564383063110921,9.351431337099772,9.351431337099772,0.0,0.0,1.0,460.0
lqr,random,300.0,1800.0,0.1,0.025,5.0,inf,10.0,10.0,10,100.0,inf,full,both,inf,180.0,0.01,0.0,0.0,256,20,3,0.5,0.1,0.99,10.0,256,20,0,128,128,2.254884956642344,0.8564383063110921,9.351431337099772,9.351431337099772,0.0,0.0,1.0,460.0
lqr,random,300.0,1800.0,0.1,0.05,5.0,1.25,10.0,10.0,10,100.0,inf,full,both,inf,180.0,0.01,0.0,0.0,256,20,3,0.5,0.1,0.99,10.0,256,20,0,128,128,2.3009804266360745,1.25,9.34647773111304,9.34647773111304,0.0,0.0,1.0,460.0
lqr,random,300.0,1800.0,0.1,0.05,5.0,2.5,10.0,10.0,10,100.0,inf,full,both,inf,180.0,0.01,0.0,0.0,256,20,3,0.5,0.1,0.99,10.0,256,20,0,128,128,2.3661698647312925,1.8292852076407675,9.489974858082546,9.489974858082546,0.0,0.0,1.0,470.0
lqr,random,300.0,1800.0,0.1,0.05,5.0,3.75,10.0,10.0,10,100.0,inf,full,both,inf,180.0,0.01,0.0,0.0,256,20,3,0.5,0.1,0.99,10.0,256,20,0,128,128,2.3706114750960983,1.8480123906677224,9.477761961475592,9.477761961475592,0.0,0.0,1.0,470.0
lqr,random,300.0,1800.0,0.1,0.05,5.0,4.5,10.0,10.0,10,100.0,inf,full,both,inf,180.0,0.01,0.0,0.0,256,20,3,0.5,0.1,0.99,10.0,256,20,0,128,128,2.3706114750960983,1.8480123906677224,9.477761961475592,9.477761961475592,0.0,0.0,1.0,470.0
lqr,random,300.0,1800.0,0.1,0.05,5.0,5.0,10.0,10.0,10,100.0,inf,full,both,inf,180.0,0.01,0.0,0.0,256,20,3,0.5,0.1,0.99,10.0,256,20,0,128,128,2.3706114750960983,1.8480123906677224,9.477761961475592,9.477761961475592,0.0,0.0,1.0,470.0
lqr,random,300.0,1800.0,0.1,0.05,5.0,5.5,10.0,10.0,10,100.0,inf,full,both,inf,180.0,0.01,0.0,0.0,256,20,3,0.5,0.1,0.99,10.0,256,20,0,128,128,2.3706114750960983,1.8480123906677224,9.477761961475592,9.477761961475592,0.0,0.0,1.0,470.0
lqr,random,300.0,1800.0,0.1,0.05,5.0,6.25,10.0,10.0,10,100.0,inf,full,both,inf,180.0,0.01,0.0,0.0,256,20,3,0.5,0.1,0.99,10.0,256,20,0,128,128,2.3706114750960983,1.8480123906677224,9.477761961475592,9.477761961475592,0.0,0.0,1.0,470.0
lqr,random,300.0,1800.0,0.1,0.05,5.0,7.5,10.0,10.0,10,100.0,inf,full,both,inf,180.0,0.01,0.0,0.0,256,20,3,0.5,0.1,0.99,10.0,256,20,0,128,128,2.3706114750960983,1.8480123906677224,9.477761961475592,9.477761961475592,0.0,0.0,1.0,470.0
lqr,random,300.0,1800.0,0.1,0.05,5.0,10.0,10.0,10.0,10,100.0,inf,full,both,inf,180.0,0.01,0.0,0.0,256,20,3,0.5,0.1,0.99,10.0,256,20,0,128,128,2.3706114750960983,1.8480123906677224,9.477761961475592,9.477761961475592,0.0,0.0,1.0,470.0
lqr,random,300.0,1800.0,0.1,0.05,5.0,inf,10.0,10.0,10,100.0,inf,full,both,inf,180.0,0.01,0.0,0.0,256,20,3,0.5,0.1,0.99,10.0,256,20,0,128,128,2.3706114750960983,1.8480123906677224,9.477761961475592,9.477761961475592,0.0,0.0,1.0,470.0
lqr,random,300.0,1800.0,0.1,0.075,5.0,1.25,10.0,10.0,10,100.0,inf,full,both,inf,180.0,0.01,0.0,0.0,256,20,3,0.5,0.1,0.99,10.0,256,20,0,128,128,2.318704445945076,1.25,9.322288487908454,9.322288487908454,0.0,0.0,1.0,460.0
lqr,random,300.0,1800.0,0.1,0.075,5.0,2.5,10.0,10.0,10,100.0,inf,full,both,inf,180.0,0.01,0.0,0.0,256,20,3,0.5,0.1,0.99,10.0,256,20,0,128,128,2.4689206482990893,2.4758263243559457,9.536351524727552,9.536351524727552,0.0,0.0,1.0,500.0
lqr,random,300.0,1800.0,0.1,0.075,5.0,3.75,10.0,10.0,10,100.0,inf,full,both,inf,180.0,0.01,0.0,0.0,256,20,3,0.5,0.1,0.99,10.0,256,20,0,128,128,2.584791835573484,2.983766249157596,9.502300080480584,9.502300080480586,0.0,0.0,1.0,490.0
lqr,random,300.0,1800.0,0.1,0.075,5.0,4.5,10.0,10.0,10,100.0,inf,full,both,inf,180.0,0.01,0.0,0.0,256,20,3,0.5,0.1,0.99,10.0,256,20,0,128,128,2.610338099709528,3.0958943818351745,9.499656408193395,9.499656408193394,0.0,0.0,1.0,490.0
lqr,random,300.0,1800.0,0.1,0.075,5.0,5.0,10.0,10.0,10,100.0,inf,full,both,inf,180.0,0.01,0.0,0.0,256,20,3,0.5,0.1,0.99,10.0,256,20,0,128,128,2.6215367642023075,3.1267940425236747,9.47982779345742,9.47982779345742,0.0,0.0,1.0,490.0
lqr,random,300.0,1800.0,0.1,0.075,5.0,5.5,10.0,10.0,10,100.0,inf,full,both,inf,180.0,0.01,0.0,0.0,256,20,3,0.5,0.1,0.99,10.0,256,20,0,128,128,2.6272676071065875,3.1487550373355147,9.473085782922531,9.473085782922531,0.0,0.0,1.0,490.0
lqr,random,300.0,1800.0,0.1,0.075,5.0,6.25,10.0,10.0,10,100.0,inf,full,both,inf,180.0,0.01,0.0,0.0,256,20,3,0.5,0.1,0.99,10.0,256,20,0,128,128,2.63421978837162,3.171887249579213,9.45950390971282,9.45950390971282,0.0,0.0,1.0,490.0
lqr,random,300.0,1800.0,0.1,0.075,5.0,7.5,10.0,10.0,10,100.0,inf,full,both,inf,180.0,0.01,0.0,0.0,256,20,3,0.5,0.1,0.99,10.0,256,20,0,128,128,2.6358977490860207,3.1842617431699263,9.45878830789303,9.458788307893032,0.0,0.0,1.0,490.0
lqr,random,300.0,1800.0,0.1,0.075,5.0,10.0,10.0,10.0,10,100.0,inf,full,both,inf,180.0,0.01,0.0,0.0,256,20,3,0.5,0.1,0.99,10.0,256,20,0,128,128,2.6358977490860207,3.1842617431699263,9.45878830789303,9.458788307893032,0.0,0.0,1.0,490.0
lqr,random,300.0,1800.0,0.1,0.075,5.0,inf,10.0,10.0,10,100.0,inf,full,both,inf,180.0,0.01,0.0,0.0,256,20,3,0.5,0.1,0.99,10.0,256,20,0,128,128,2.6358977490860207,3.1842617431699263,9.45878830789303,9.458788307893032,0.0,0.0,1.0,490.0
lqr,random,300.0,1800.0,0.1,0.09,5.0,1.25,10.0,10.0,10,100.0,inf,full,both,inf,180.0,0.01,0.0,0.0,256,20,3,0.5,0.1,0.99,10.0,256,20,0,128,128,2.327073271506485,1.25,9.30730077023526,9.30730077023526,0.0,0.0,1.0,460.0
lqr,random,300.0,1800.0,0.1,0.09,5.0,2.5,10.0,10.0,10,100.0,inf,full,both,inf,180.0,0.01,0.0,0.0,256,20,3,0.5,0.1,0.99,10.0,256,20,0,128,128,2.4846161345745497,2.5,9.542101709543276,9.542101709543276,0.0,0.0,1.0,500.0
lqr,random,300.0,1800.0,0.1,0.09,5.0,3.75,10.0,10.0,10,100.0,inf,full,both,inf,180.0,0.01,0.0,0.0,256,20,3,0.5,0.1,0.99,10.0,256,20,0,128,128,2.673593013952643,3.4273399729760623,9.556841898287464,9.556841898287464,0.0,0.0,1.0,540.0
lqr,random,300.0,1800.0,0.1,0.09,5.0,4.5,10.0,10.0,10,100.0,inf,full,both,inf,180.0,0.01,0.0,0.0,256,20,3,0.5,0.1,0.99,10.0,256,20,0,128,128,2.7555096256535045,3.7329005380731393,9.524430580066936,9.524430580066936,0.0,0.0,1.0,540.0
lqr,random,300.0,1800.0,0.1,0.09,5.0,5.0,10.0,10.0,10,100.0,inf,full,both,inf,180.0,0.01,0.0,0.0,256,20,3,0.5,0.1,0.99,10.0,256,20,0,128,128,2.798381108411032,3.8784966410576542,9.489455785957444,9.489455785957446,0.0,0.0,1.0,540.0
lqr,random,300.0,1800.0,0.1,0.09,5.0,5.5,10.0,10.0,10,100.0,inf,full,both,inf,180.0,0.01,0.0,0.0,256,20,3,0.5,0.1,0.99,10.0,256,20,0,128,128,2.817192782634661,3.979319222942937,9.480187241080005,9.480187241080005,0.0,0.0,1.0,540.0
lqr,random,300.0,1800.0,0.1,0.09,5.0,6.25,10.0,10.0,10,100.0,inf,full,both,inf,180.0,0.01,0.0,0.0,256,20,3,0.5,0.1,0.99,10.0,256,20,0,128,128,2.845643198231861,4.06794713133264,9.46493923270656,9.46493923270656,0.0,0.0,1.0,540.0
lqr,random,300.0,1800.0,0.1,0.09,5.0,7.5,10.0,10.0,10,100.0,inf,full,both,inf,180.0,0.01,0.0,0.0,256,20,3,0.5,0.1,0.99,10.0,256,20,0,128,128,2.87440382246013,4.176696452711617,9.452826801684935,9.452826801684935,0.0,0.0,1.0,540.0
lqr,random,300.0,1800.0,0.1,0.09,5.0,10.0,10.0,10.0,10,100.0,inf,full,both,inf,180.0,0.01,0.0,0.0,256,20,3,0.5,0.1,0.99,10.0,256,20,0,128,128,2.8904805445802366,4.243984730048322,9.457044876149885,9.457044876149885,0.0,0.0,1.0,540.0
lqr,random,300.0,1800.0,0.1,0.09,5.0,inf,10.0,10.0,10,100.0,inf,full,both,inf,180.0,0.01,0.0,0.0,256,20,3,0.5,0.1,0.99,10.0,256,20,0,128,128,2.8904805445802366,4.243984730048322,9.457044876149885,9.457044876149885,0.0,0.0,1.0,540.0
lqr,random,300.0,1800.0,0.1,0.1,5.0,1.25,10.0,10.0,10,100.0,inf,full,both,inf,180.0,0.01,0.0,0.0,256,20,3,0.5,0.1,0.99,10.0,256,20,0,128,128,2.3397797064840917,1.25,9.317310484614609,9.317310484614609,0.0,0.0,1.0,460.0
lqr,random,300.0,1800.0,0.1,0.1,5.0,2.5,10.0,10.0,10,100.0,inf,full,both,inf,180.0,0.01,0.0,0.0,256,20,3,0.5,0.1,0.99,10.0,256,20,0,128,128,2.4899810798702844,2.5,9.479154599104518,9.47915459910452,0.0,0.0,1.0,490.0
lqr,random,300.0,1800.0,0.1,0.1,5.0,3.75,10.0,10.0,10,100.0,inf,full,both,inf,180.0,0.01,0.0,0.0,256,20,3,0.5,0.1,0.99,10.0,256,20,0,128,128,2.706182789592261,3.613595717947409,9.518356723154907,9.518356723154907,0.0,0.0,1.0,560.0
lqr,random,300.0,1800.0,0.1,0.1,5.0,4.5,10.0,10.0,10,100.0,inf,full,both,inf,180.0,0.01,0.0,0.0,256,20,3,0.5,0.1,0.99,10.0,256,20,0,128,128,2.82589376542593,4.031103762482481,9.452240462376531,9.452240462376531,0.0,0.0,1.0,620.0
lqr,random,300.0,1800.0,0.1,0.1,5.0,5.0,10.0,10.0,10,100.0,inf,full,both,inf,180.0,0.01,0.0,0.0,256,20,3,0.5,0.1,0.99,10.0,256,20,0,128,128,2.8871633714043856,4.264384846546353,9.449868368379626,9.449868368379628,0.0,0.0,1.0,620.0
lqr,random,300.0,1800.0,0.1,0.1,5.0,5.5,10.0,10.0,10,100.0,inf,full,both,inf,180.0,0.01,0.0,0.0,256,20,3,0.5,0.1,0.99,10.0,256,20,0,128,128,2.940533024233511,4.4507413858820986,9.420508594198765,9.420508594198765,0.0,0.0,1.0,620.0
lqr,random,300.0,1800.0,0.1,0.1,5.0,6.25,10.0,10.0,10,100.0,inf,full,both,inf,180.0,0.01,0.0,0.0,256,20,3,0.5,0.1,0.99,10.0,256,20,0,128,128,2.990743080636064,4.653135606968623,9.393408896412614,9.393408896412618,0.0,0.0,1.0,620.0
lqr,random,300.0,1800.0,0.1,0.1,5.0,7.5,10.0,10.0,10,100.0,inf,full,both,inf,180.0,0.01,0.0,0.0,256,20,3,0.5,0.1,0.99,10.0,256,20,0,128,128,3.052003524074589,4.852644952485272,9.395325791315264,9.395325791315264,0.0,0.0,1.0,620.0
lqr,random,300.0,1800.0,0.1,0.1,5.0,10.0,10.0,10.0,10,100.0,inf,full,both,inf,180.0,0.01,0.0,0.0,256,20,3,0.5,0.1,0.99,10.0,256,20,0,128,127,3.093475140421972,5.045995817338994,9.367161537877202,9.71356294297141,0.0,0.0,0.9921875,620.0
lqr,random,300.0,1800.0,0.1,0.1,5.0,inf,10.0,10.0,10,100.0,inf,full,both,inf,180.0,0.01,0.0,0.0,256,20,3,0.5,0.1,0.99,10.0,256,20,0,128,127,3.0947338264175874,5.08718349904172,9.362949397187789,9.720455339113206,0.0,0.0,0.9921875,620.0
lqr,random,300.0,1800.0,0.1,0.11,5.0,1.25,10.0,10.0,10,100.0,inf,full,both,inf,180.0,0.01,0.0,0.0,256,20,3,0.5,0.1,0.99,10.0,256,20,0,128,128,2.353737599087663,1.25,9.2904046122866,9.2904046122866,0.0,0.0,1.0,460.0
lqr,random,300.0,1800.0,0.1,0.11,5.0,2.5,10.0,10.0,10,100.0,inf,full,both,inf,180.0,0.01,0.0,0.0,256,20,3,0.5,0.1,0.99,10.0,256,20,0,128,128,2.489397136883127,2.5,9.416031014906356,9.416031014906354,0.0,0.0,1.0,475.0
lqr,random,300.0,1800.0,0.1,0.11,5.0,3.75,10.0,10.0,10,100.0,inf,full,both,inf,180.0,0.01,0.0,0.0,256,20,3,0.5,0.1,0.99,10.0,256,20,0,128,128,2.715989323232238,3.7056880066029256,9.497913032054376,9.497913032054376,0.0,0.0,1.0,550.0
lqr,random,300.0,1800.0,0.1,0.11,5.0,4.5,10.0,10.0,10,100.0,inf,full,both,inf,180.0,0.01,0.0,0.0,256,20,3,0.5,0.1,0.99,10.0,256,20,0,128,128,2.86122381639122,4.224949699188458,9.479927830088547,9.479927830088547,0.0,0.0,1.0,635.0
lqr,random,300.0,1800.0,0.1,0.11,5.0,5.0,10.0,10.0,10,100.0,inf,full,both,inf,180.0,0.01,0.0,0.0,256,20,3,0.5,0.1,0.99,10.0,256,20,0,128,128,2.9408433827557348,4.510531729520392,9.478118127534676,9.478118127534676,0.0,0.0,1.0,660.0
lqr,random,300.0,1800.0,0.1,0.11,5.0,5.5,10.0,10.0,10,100.0,inf,full,both,inf,180.0,0.01,0.0,0.0,256,20,3,0.5,0.1,0.99,10.0,256,20,0,128,128,3.013546053678383,4.764793322620204,9.470204762957032,9.470204762957032,0.0,0.0,1.0,640.0
lqr,random,300.0,1800.0,0.1,0.11,5.0,6.25,10.0,10.0,10,100.0,inf,full,both,inf,180.0,0.01,0.0,0.0,256,20,3,0.5,0.1,0.99,10.0,256,20,0,128,128,3.104681347654981,5.077736236282358,9.453885849036917,9.45388584903692,0.0,0.0,1.0,640.0
lqr,random,300.0,1800.0,0.1,0.11,5.0,7.5,10.0,10.0,10,100.0,inf,full,both,inf,180.0,0.01,0.0,0.0,256,20,3,0.5,0.1,0.99,10.0,256,20,0,128,128,3.1938100921330763,5.409743242498581,9.401857183438436,9.40185718343844,0.0,0.0,1.0,640.0
lqr,random,300.0,1800.0,0.1,0.11,5.0,10.0,10.0,10.0,10,100.0,inf,full,both,inf,180.0,0.01,0.0,0.0,256,20,3,0.5,0.1,0.99,10.0,256,20,0,128,121,3.2737519505024726,5.784517716728394,9.48038989523948,15.876044198318167,0.0,0.0,0.9453125,630.0
lqr,random,300.0,1800.0,0.1,0.11,5.0,inf,10.0,10.0,10,100.0,inf,full,both,inf,180.0,0.01,0.0,0.0,256,20,3,0.5,0.1,0.99,10.0,256,20,0,128,117,3.2847290179237305,6.22632757867,9.543363680147204,27.070943855255784,0.0,0.0,0.9140625,620.0
lqr,random,300.0,1800.0,0.1,0.125,5.0,1.25,10.0,10.0,10,100.0,inf,full,both,inf,180.0,0.01,0.0,0.0,256,20,3,0.5,0.1,0.99,10.0,256,20,0,128,128,2.3509156013047354,1.25,9.37566721345098,9.37566721345098,0.0,0.0,1.0,460.0
lqr,random,300.0,1800.0,0.1,0.125,5.0,2.5,10.0,10.0,10,100.0,inf,full,both,inf,180.0,0.01,0.0,0.0,256,20,3,0.5,0.1,0.99,10.0,256,20,0,128,128,2.5151321939808744,2.5,9.380690731014765,9.380690731014765,0.0,0.0,1.0,480.0
lqr,random,300.0,1800.0,0.1,0.125,5.0,3.75,10.0,10.0,10,100.0,inf,full,both,inf,180.0,0.01,0.0,0.0,256,20,3,0.5,0.1,0.99,10.0,256,20,0,128,128,2.732101733279026,3.744972873356329,9.569958236387045,9.569999025548968,0.0,0.0,1.0,560.0
lqr,random,300.0,1800.0,0.1,0.125,5.0,4.5,10.0,10.0,10,100.0,inf,full,both,inf,180.0,0.01,0.0,0.0,256,20,3,0.5,0.1,0.99,10.0,256,20,0,128,128,2.883966489534884,4.411327106800717,9.509759716221968,9.50975971622197,0.0,0.0,1.0,600.0
lqr,random,300.0,1800.0,0.1,0.125,5.0,5.0,10.0,10.0,10,100.0,inf,full,both,inf,180.0,0.01,0.0,0.0,256,20,3,0.5,0.1,0.99,10.0,256,20,0,128,128,2.990013151170758,4.77184813278794,9.491944133673265,9.491944133673265,0.0,0.0,1.0,670.0
lqr,random,300.0,1800.0,0.1,0.125,5.0,5.5,10.0,10.0,10,100.0,inf,full,both,inf,180.0,0.01,0.0,0.0,256,20,3,0.5,0.1,0.99,10.0,256,20,0,128,128,3.085063419543681,5.0935263004679685,9.50725002363898,9.507250023638983,0.0,0.0,1.0,700.0
lqr,random,300.0,1800.0,0.1,0.125,5.0,6.25,10.0,10.0,10,100.0,inf,full,both,inf,180.0,0.01,0.0,0.0,256,20,3,0.5,0.1,0.99,10.0,256,20,0,128,128,3.2013828850913617,5.519572136787016,9.475674766102308,9.475674766102308,0.0,0.0,1.0,690.0
lqr,random,300.0,1800.0,0.1,0.125,5.0,7.5,10.0,10.0,10,100.0,inf,full,both,inf,180.0,0.01,0.0,0.0,256,20,3,0.5,0.1,0.99,10.0,256,20,0,128,128,3.3636340460344054,6.073987932838202,9.4197751172063,9.419775117206305,0.0,0.0,1.0,680.0
lqr,random,300.0,1800.0,0.1,0.125,5.0,10.0,10.0,10.0,10,100.0,inf,full,both,inf,180.0,0.01,0.0,0.0,256,20,3,0.5,0.1,0.99,10.0,256,20,0,128,116,3.5339797214122526,6.776340040100209,9.73071853960898,32.06501690874679,0.0,0.0,0.90625,640.0
lqr,random,300.0,1800.0,0.1,0.125,5.0,inf,10.0,10.0,10,100.0,inf,full,both,inf,180.0,0.01,0.0,0.0,256,20,3,0.5,0.1,0.99,10.0,256,20,0,128,106,3.561989644106504,8.021860389463695,9.91726216603675,64.82032546416026,0.0,0.0,0.828125,625.0
lqr,random,300.0,1800.0,0.1,0.15,5.0,1.25,10.0,10.0,10,100.0,inf,full,both,inf,180.0,0.01,0.0,0.0,256,20,3,0.5,0.1,0.99,10.0,256,20,0,128,128,2.358304580565605,1.25,9.312720148266315,9.312720148266315,0.0,0.0,1.0,460.0
lqr,random,300.0,1800.0,0.1,0.15,5.0,2.5,10.0,10.0,10,100.0,inf,full,both,inf,180.0,0.01,0.0,0.0,256,20,3,0.5,0.1,0.99,10.0,256,20,0,128,128,2.537102886482624,2.5,9.353398890632134,9.353398890632135,0.0,0.0,1.0,470.0
lqr,random,300.0,1800.0,0.1,0.15,5.0,3.75,10.0,10.0,10,100.0,inf,full,both,inf,180.0,0.01,0.0,0.0,256,20,3,0.5,0.1,0.99,10.0,256,20,0,128,128,2.7549009830960145,3.75,9.50424497755136,9.50424497755136,0.0,0.0,1.0,520.0
lqr,random,300.0,1800.0,0.1,0.15,5.0,4.5,10.0,10.0,10,100.0,inf,full,both,inf,180.0,0.01,0.0,0.0,256,20,3,0.5,0.1,0.99,10.0,256,20,0,128,128,2.9146022843411474,4.4951725373540246,9.512807665614249,9.512807665614249,0.0,0.0,1.0,580.0
lqr,random,300.0,1800.0,0.1,0.15,5.0,5.0,10.0,10.0,10,100.0,inf,full,both,inf,180.0,0.01,0.0,0.0,256,20,3,0.5,0.1,0.99,10.0,256,20,0,128,128,3.027766130474617,4.969618952746713,9.585356743929818,9.585356743929818,0.0,0.0,1.0,615.0
lqr,random,300.0,1800.0,0.1,0.15,5.0,5.5,10.0,10.0,10,100.0,inf,full,both,inf,180.0,0.01,0.0,0.0,256,20,3,0.5,0.1,0.99,10.0,256,20,0,128,128,3.1390988740721992,5.402391865298861,9.514838691374733,9.51762358026168,0.0,0.0,1.0,660.0
lqr,random,300.0,1800.0,0.1,0.15,5.0,6.25,10.0,10.0,10,100.0,inf,full,both,inf,180.0,0.01,0.0,0.0,256,20,3,0.5,0.1,0.99,10.0,256,20,0,128,128,3.322741136084725,5.977918548385839,9.429675650008694,9.429675650008694,0.0,0.0,1.0,715.0
lqr,random,300.0,1800.0,0.1,0.15,5.0,7.5,10.0,10.0,10,100.0,inf,full,both,inf,180.0,0.01,0.0,0.0,256,20,3,0.5,0.1,0.99,10.0,256,20,0,128,128,3.5740521510163226,6.837644413238223,9.436968880678062,9.43696888067806,0.0,0.0,1.0,790.0
lqr,random,300.0,1800.0,0.1,0.15,5.0,10.0,10.0,10.0,10,100.0,inf,full,both,inf,180.0,0.01,0.0,0.0,256,20,3,0.5,0.1,0.99,10.0,256,20,0,128,110,3.948194656843434,8.194742665286716,10.2232141336576,46.26322283688182,0.0,0.0,0.859375,760.0
lqr,random,300.0,1800.0,0.1,0.15,5.0,inf,10.0,10.0,10,100.0,inf,full,both,inf,180.0,0.01,0.0,0.0,256,20,3,0.5,0.1,0.99,10.0,256,20,0,128,86,4.027654674160651,11.696272828588125,10.980505682727475,165.85417710434228,0.0,0.0,0.671875,645.0
lqr,random,300.0,1800.0,0.1,0.2,5.0,1.25,10.0,10.0,10,100.0,inf,full,both,inf,180.0,0.01,0.0,0.0,256,20,3,0.5,0.1,0.99,10.0,256,20,0,128,128,2.374148287915975,1.25,9.32529837874906,9.32529837874906,0.0,0.0,1.0,460.0
lqr,random,300.0,1800.0,0.1,0.2,5.0,2.5,10.0,10.0,10,100.0,inf,full,both,inf,180.0,0.01,0.0,0.0,256,20,3,0.5,0.1,0.99,10.0,256,20,0,128,128,2.581459112347292,2.5,9.322098950961694,9.32209895096169,0.0,0.0,1.0,470.0
lqr,random,300.0,1800.0,0.1,0.2,5.0,3.75,10.0,10.0,10,100.0,inf,full,both,inf,180.0,0.01,0.0,0.0,256,20,3,0.5,0.1,0.99,10.0,256,20,0,128,128,2.8144265721783297,3.75,9.496287370321369,9.496287370321369,0.0,0.0,1.0,500.0
lqr,random,300.0,1800.0,0.1,0.2,5.0,4.5,10.0,10.0,10,100.0,inf,full,both,inf,180.0,0.01,0.0,0.0,256,20,3,0.5,0.1,0.99,10.0,256,20,0,128,128,2.949795522919218,4.5,9.440020711887367,9.440020711887367,0.0,0.0,1.0,530.0
lqr,random,300.0,1800.0,0.1,0.2,5.0,5.0,10.0,10.0,10,100.0,inf,full,both,inf,180.0,0.01,0.0,0.0,256,20,3,0.5,0.1,0.99,10.0,256,20,0,128,128,3.0685465382046884,5.0,9.555565073362107,9.555565073362107,0.0,0.0,1.0,560.0
lqr,random,300.0,1800.0,0.1,0.2,5.0,5.5,10.0,10.0,10,100.0,inf,full,both,inf,180.0,0.01,0.0,0.0,256,20,3,0.5,0.1,0.99,10.0,256,20,0,128,128,3.199195171907566,5.5,9.569135181657312,9.569135181657307,0.0,0.0,1.0,590.0
lqr,random,300.0,1800.0,0.1,0.2,5.0,6.25,10.0,10.0,10,100.0,inf,full,both,inf,180.0,0.01,0.0,0.0,256,20,3,0.5,0.1,0.99,10.0,256,20,0,128,128,3.362527101742961,6.240132727040484,9.511414397425323,9.511414397425323,0.0,0.0,1.0,640.0
lqr,random,300.0,1800.0,0.1,0.2,5.0,7.5,10.0,10.0,10,100.0,inf,full,both,inf,180.0,0.01,0.0,0.0,256,20,3,0.5,0.1,0.99,10.0,256,20,0,128,128,3.7039190054713953,7.39432069681815,9.411272173245816,9.411272173245816,0.0,0.0,1.0,725.0
lqr,random,300.0,1800.0,0.1,0.2,5.0,10.0,10.0,10.0,10,100.0,inf,full,both,inf,180.0,0.01,0.0,0.0,256,20,3,0.5,0.1,0.99,10.0,256,20,0,128,108,4.2599155501240284,9.41598597257184,11.145661992860212,57.85483546356837,0.0,0.0,0.84375,840.0
lqr,random,300.0,1800.0,0.1,0.2,5.0,inf,10.0,10.0,10,100.0,inf,full,both,inf,180.0,0.01,0.0,0.0,256,20,3,0.5,0.1,0.99,10.0,256,20,0,128,44,4.533129049770298,20.743579367612977,14.320504550738573,610.0812007061338,0.0,0.0,0.34375,555.0
lqr,transverse,300.0,1800.0,0.1,0.025,5.0,1.25,10.0,10.0,10,100.0,inf,full,both,inf,180.0,0.01,0.0,0.0,256,20,3,0.5,0.1,0.99,10.0,256,20,0,128,128,2.9705610349925013,1.25,9.704566219463493,9.70456621946349,0.0,0.0,1.0,670.0
lqr,transverse,300.0,1800.0,0.1,0.025,5.0,2.5,10.0,10.0,10,100.0,inf,full,both,inf,180.0,0.01,0.0,0.0,256,20,3,0.5,0.1,0.99,10.0,256,20,0,128,128,4.437537472954334,2.5,9.910902429154705,9.910902429154708,0.0,0.0,1.0,1140.0
lqr,transverse,300.0,1800.0,0.1,0.025,5.0,3.75,10.0,10.0,10,100.0,inf,full,both,inf,180.0,0.01,0.0,0.0,256,20,3,0.5,0.1,0.99,10.0,256,20,0,128,0,5.0,3.75,15.075818428492823,258.9805502116445,0.0,0.0,0.0,
lqr,transverse,300.0,1800.0,0.1,0.025,5.0,4.5,10.0,10.0,10,100.0,inf,full,both,inf,180.0,0.01,0.0,0.0,256,20,3,0.5,0.1,0.99,10.0,256,20,0,128,0,5.0,4.4999999999999964,15.075818428492823,291.6699097647049,0.0,0.0,0.0,
lqr,transverse,300.0,1800.0,0.1,0.025,5.0,5.0,10.0,10.0,10,100.0,inf,full,both,inf,180.0,0.01,0.0,0.0,256,20,3,0.5,0.1,0.99,10.0,256,20,0,128,0,5.0,4.4999999999999964,15.075818428492823,291.6699097647049,0.0,0.0,0.0,
lqr,transverse,300.0,1800.0,0.1,0.025,5.0,5.5,10.0,10.0,10,100.0,inf,full,both,inf,180.0,0.01,0.0,0.0,256,20,3,0.5,0.1,0.99,10.0,256,20,0,128,0,5.0,4.4999999999999964,15.075818428492823,291.6699097647049,0.0,0.0,0.0,
lqr,transverse,300.0,1800.0,0.1,0.025,5.0,6.25,10.0,10.0,10,100.0,inf,full,both,inf,180.0,0.01,0.0,0.0,256,20,3,0.5,0.1,0.99,10.0,256,20,0,128,0,5.0,4.4999999999999964,15.075818428492823,291.6699097647049,0.0,0.0,0.0,
lqr,transverse,300.0,1800.0,0.1,0.025,5.0,7.5,10.0,10.0,10,100.0,inf,full,both,inf,180.0,0.01,0.0,0.0,256,20,3,0.5,0.1,0.99,10.0,256,20,0,128,0,5.0,4.4999999999999964,15.075818428492823,291.6699097647049,0.0,0.0,0.0,
lqr,transverse,300.0,1800.0,0.1,0.025,5.0,10.0,10.0,10.0,10,100.0,inf,full,both,inf,180.0,0.01,0.0,0.0,256,20,3,0.5,0.1,0.99,10.0,256,20,0,128,0,5.0,4.4999999999999964,15.075818428492823,291.6699097647049,0.0,0.0,0.0,
lqr,transverse,300.0,1800.0,0.1,0.025,5.0,inf,10.0,10.0,10,100.0,inf,full,both,inf,180.0,0.01,0.0,0.0,256,20,3,0.5,0.1,0.99,10.0,256,20,0,128,0,5.0,4.4999999999999964,15.075818428492823,291.6699097647049,0.0,0.0,0.0,
lqr,transverse,300.0,1800.0,0.1,0.05,5.0,1.25,10.0,10.0,10,100.0,inf,full,both,inf,180.0,0.01,0.0,0.0,256,20,3,0.5,0.1,0.99,10.0,256,20,0,128,128,2.814291559972022,1.25,9.455261597283432,9.455261597283435,0.0,0.0,1.0,490.0
lqr,transverse,300.0,1800.0,0.1,0.05,5.0,2.5,10.0,10.0,10,100.0,inf,full,both,inf,180.0,0.01,0.0,0.0,256,20,3,0.5,0.1,0.99,10.0,256,20,0,128,128,4.24029063423482,2.5,9.570291447598056,9.570291447598064,0.0,0.0,1.0,750.0
lqr,transverse,300.0,1800.0,0.1,0.05,5.0,3.75,10.0,10.0,10,100.0,inf,full,both,inf,180.0,0.01,0.0,0.0,256,20,3,0.5,0.1,0.99,10.0,256,20,0,128,0,5.0,3.75,31.208005660914424,701.4631393966635,0.0,0.0,0.0,
lqr,transverse,300.0,1800.0,0.1,0.05,5.0,4.5,10.0,10.0,10,100.0,inf,full,both,inf,180.0,0.01,0.0,0.0,256,20,3,0.5,0.1,0.99,10.0,256,20,0,128,0,5.0,4.5,31.208005660914424,1198.7847150628456,0.0,0.0,0.0,
lqr,transverse,300.0,1800.0,0.1,0.05,5.0,5.0,10.0,10.0,10,100.0,inf,full,both,inf,180.0,0.01,0.0,0.0,256,20,3,0.5,0.1,0.99,10.0,256,20,0,128,0,5.0,5.0,31.208005660914424,1391.2105858007324,0.0,0.0,0.0,
lqr,transverse,300.0,1800.0,0.1,0.05,5.0,5.5,10.0,10.0,10,100.0,inf,full,both,inf,180.0,0.01,0.0,0.0,256,20,3,0.5,0.1,0.99,10.0,256,20,0,128,0,5.0,5.5,31.208005660914424,1546.8083701465175,0.0,0.0,0.0,
lqr,transverse,300.0,1800.0,0.1,0.05,5.0,6.25,10.0,10.0,10,100.0,inf,full,both,inf,180.0,0.01,0.0,0.0,256,20,3,0.5,0.1,0.99,10.0,256,20,0,128,0,5.0,6.25,31.208005660914424,1726.9444390006308,0.0,0.0,0.0,
lqr,transverse,300.0,1800.0,0.1,0.05,5.0,7.5,10.0,10.0,10,100.0,inf,full,both,inf,180.0,0.01,0.0,0.0,256,20,3,0.5,0.1,0.99,10.0,256,20,0,128,0,5.0,7.5,31.208005660914424,1895.2427684128184,0.0,0.0,0.0,
lqr,transverse,300.0,1800.0,0.1,0.05,5.0,10.0,10.0,10.0,10,100.0,inf,full,both,inf,180.0,0.01,0.0,0.0,256,20,3,0.5,0.1,0.99,10.0,256,20,0,128,0,5.0,8.999999999999993,31.208005660914424,1935.8737124859597,0.0,0.0,0.0,
lqr,transverse,300.0,1800.0,0.1,0.05,5.0,inf,10.0,10.0,10,100.0,inf,full,both,inf,180.0,0.01,0.0,0.0,256,20,3,0.5,0.1,0.99,10.0,256,20,0,128,0,5.0,8.999999999999993,31.208005660914424,1935.8737124859597,0.0,0.0,0.0,
lqr,transverse,300.0,1800.0,0.1,0.075,5.0,1.25,10.0,10.0,10,100.0,inf,full,both,inf,180.0,0.01,0.0,0.0,256,20,3,0.5,0.1,0.99,10.0,256,20,0,128,128,2.83481839371024,1.25,9.15510410222062,9.155104102220614,0.0,0.0,1.0,460.0
lqr,transverse,300.0,1800.0,0.1,0.075,5.0,2.5,10.0,10.0,10,100.0,inf,full,both,inf,180.0,0.01,0.0,0.0,256,20,3,0.5,0.1,0.99,10.0,256,20,0,128,128,4.2068808981599926,2.5,9.453327840714916,9.453327840714923,0.0,0.0,1.0,650.0
lqr,transverse,300.0,1800.0,0.1,0.075,5.0,3.75,10.0,10.0,10,100.0,inf,full,both,inf,180.0,0.01,0.0,0.0,256,20,3,0.5,0.1,0.99,10.0,256,20,0,128,2,5.0,3.75,58.10023453296421,639.0825130826822,0.0,0.0,0.015625,775.0
lqr,transverse,300.0,1800.0,0.1,0.075,5.0,4.5,10.0,10.0,10,100.0,inf,full,both,inf,180.0,0.01,0.0,0.0,256,20,3,0.5,0.1,0.99,10.0,256,20,0,128,0,5.0,4.5,58.93980069972164,1676.4183898517306,0.0,0.0,0.0,
lqr,transverse,300.0,1800.0,0.1,0.075,5.0,5.0,10.0,10.0,10,100.0,inf,full,both,inf,180.0,0.01,0.0,0.0,256,20,3,0.5,0.1,0.99,10.0,256,20,0,128,0,5.0,5.0,58.93980069972164,2121.5566221806075,0.0,0.0,0.0,
lqr,transverse,300.0,1800.0,0.1,0.075,5.0,5.5,10.0,10.0,10,100.0,inf,full,both,inf,180.0,0.01,0.0,0.0,256,20,3,0.5,0.1,0.99,10.0,256,20,0,128,0,5.0,5.5,58.93980069972164,2459.530452695906,0.0,0.0,0.0,
lqr,transverse,300.0,1800.0,0.1,0.075,5.0,6.25,10.0,10.0,10,100.0,inf,full,both,inf,180.0,0.01,0.0,0.0,256,20,3,0.5,0.1,0.99,10.0,256,20,0,128,0,5.0,6.25,58.93980069972164,2873.541671803987,0.0,0.0,0.0,
lqr,transverse,300.0,1800.0,0.1,0.075,5.0,7.5,10.0,10.0,10,100.0,inf,full,both,inf,180.0,0.01,0.0,0.0,256,20,3,0.5,0.1,0.99,10.0,256,20,0,128,0,5.0,7.5,58.93980069972164,3397.354590710683,0.0,0.0,0.0,
lqr,transverse,300.0,1800.0,0.1,0.075,5.0,10.0,10.0,10.0,10,100.0,inf,full,both,inf,180.0,0.01,0.0,0.0,256,20,3,0.5,0.1,0.99,10.0,256,20,0,128,0,5.0,10.0,58.93980069972164,3963.2651395562953,0.0,0.0,0.0,
lqr,transverse,300.0,1800.0,0.1,0.075,5.0,inf,10.0,10.0,10,100.0,inf,full,both,inf,180.0,0.01,0.0,0.0,256,20,3,0.5,0.1,0.99,10.0,256,20,0,128,0,5.0,13.49999999999996,58.93980069972164,4123.872693752646,0.0,0.0,0.0,
lqr,transverse,300.0,1800.0,0.1,0.09,5.0,1.25,10.0,10.0,10,100.0,inf,full,both,inf,180.0,0.01,0.0,0.0,256,20,3,0.5,0.1,0.99,10.0,256,20,0,128,128,2.822674969307934,1.25,9.340031875733311,9.340031875733317,0.0,0.0,1.0,460.0
lqr,transverse,300.0,1800.0,0.1,0.09,5.0,2.5,10.0,10.0,10,100.0,inf,full,both,inf,180.0,0.01,0.0,0.0,256,20,3,0.5,0.1,0.99,10.0,256,20,0,128,128,4.305769754360179,2.5,9.464839576421376,9.464839576421364,0.0,0.0,1.0,660.0
lqr,transverse,300.0,1800.0,0.1,0.09,5.0,3.75,10.0,10.0,10,100.0,inf,full,both,inf,180.0,0.01,0.0,0.0,256,20,3,0.5,0.1,0.99,10.0,256,20,0,128,3,4.998282308578954,3.75,85.57909712197534,548.7344265073789,0.0,0.0,0.0234375,750.0
lqr,transverse,300.0,1800.0,0.1,0.09,5.0,4.5,10.0,10.0,10,100.0,inf,full,both,inf,180.0,0.01,0.0,0.0,256,20,3,0.5,0.1,0.99,10.0,256,20,0,128,0,5.0,4.5,87.80882745166328,1598.9889299163422,0.0,0.0,0.0,
lqr,transverse,300.0,1800.0,0.1,0.09,5.0,5.0,10.0,10.0,10,100.0,inf,full,both,inf,180.0,0.01,0.0,0.0,256,20,3,0.5,0.1,0.99,10.0,256,20,0,128,0,5.0,5.0,87.80882745166328,2252.9376841423086,0.0,0.0,0.0,
lqr,transverse,300.0,1800.0,0.1,0.09,5.0,5.5,10.0,10.0,10,100.0,inf,full,both,inf,180.0,0.01,0.0,0.0,256,20,3,0.5,0.1,0.99,10.0,256,20,0,128,0,5.0,5.5,87.80882745166328,2774.428346548527,0.0,0.0,0.0,
lqr,transverse,300.0,1800.0,0.1,0.09,5.0,6.25,10.0,10.0,10,100.0,inf,full,both,inf,180.0,0.01,0.0,0.0,256,20,3,0.5,0.1,0.99,10.0,256,20,0,128,0,5.0,6.25,87.80882745166328,3364.1557618467727,0.0,0.0,0.0,
lqr,transverse,300.0,1800.0,0.1,0.09,5.0,7.5,10.0,10.0,10,100.0,inf,full,both,inf,180.0,0.01,0.0,0.0,256,20,3,0.5,0.1,0.99,10.0,256,20,0,128,0,5.0,7.5,87.80882745166328,4077.856931020085,0.0,0.0,0.0,
lqr,transverse,300.0,1800.0,0.1,0.09,5.0,10.0,10.0,10.0,10,100.0,inf,full,both,inf,180.0,0.01,0.0,0.0,256,20,3,0.5,0.1,0.99,10.0,256,20,0,128,0,5.0,10.0,87.80882745166328,4994.873318122612,0.0,0.0,0.0,
lqr,transverse,300.0,1800.0,0.1,0.09,5.0,inf,10.0,10.0,10,100.0,inf,full,both,inf,180.0,0.01,0.0,0.0,256,20,3,0.5,0.1,0.99,10.0,256,20,0,128,0,5.0,16.19999999999998,87.80882745166328,5571.020308605677,0.0,0.0,0.0,
lqr,transverse,300.0,1800.0,0.1,0.1,5.0,1.25,10.0,10.0,10,100.0,inf,full,both,inf,180.0,0.01,0.0,0.0,256,20,3,0.5,0.1,0.99,10.0,256,20,0,128,128,2.80994318017051,1.25,9.284259225376935,9.284259225376934,0.0,0.0,1.0,470.0
lqr,transverse,300.0,1800.0,0.1,0.1,5.0,2.5,10.0,10.0,10,100.0,inf,full,both,inf,180.0,0.01,0.0,0.0,256,20,3,0.5,0.1,0.99,10.0,256,20,0,128,128,4.39472009612563,2.5,9.420110866291942,9.420110866291942,0.0,0.0,1.0,675.0
lqr,transverse,300.0,1800.0,0.1,0.1,5.0,3.75,10.0,10.0,10,100.0,inf,full,both,inf,180.0,0.01,0.0,0.0,256,20,3,0.5,0.1,0.99,10.0,256,20,0,128,4,4.997159903732369,3.75,107.23214142981016,545.0213641457466,0.0,0.0,0.03125,730.0
lqr,transverse,300.0,1800.0,0.1,0.1,5.0,4.5,10.0,10.0,10,100.0,inf,full,both,inf,180.0,0.01,0.0,0.0,256,20,3,0.5,0.1,0.99,10.0,256,20,0,128,0,5.0,4.5,110.62528661454232,1545.3722801537026,0.0,0.0,0.0,
lqr,transverse,300.0,1800.0,0.1,0.1,5.0,5.0,10.0,10.0,10,100.0,inf,full,both,inf,180.0,0.01,0.0,0.0,256,20,3,0.5,0.1,0.99,10.0,256,20,0,128,0,5.0,5.0,110.62528661454232,2232.549173029999,0.0,0.0,0.0,
lqr,transverse,300.0,1800.0,0.1,0.1,5.0,5.5,10.0,10.0,10,100.0,inf,full,both,inf,180.0,0.01,0.0,0.0,256,20,3,0.5,0.1,0.99,10.0,256,20,0,128,0,5.0,5.5,110.62528661454232,2847.616337408622,0.0,0.0,0.0,
lqr,transverse,300.0,1800.0,0.1,0.1,5.0,6.25,10.0,10.0,10,100.0,inf,full,both,inf,180.0,0.01,0.0,0.0,256,20,3,0.5,0.1,0.99,10.0,256,20,0,128,0,5.0,6.25,110.62528661454232,3579.4218770611737,0.0,0.0,0.0,
lqr,transverse,300.0,1800.0,0.1,0.1,5.0,7.5,10.0,10.0,10,100.0,inf,full,both,inf,180.0,0.01,0.0,0.0,256,20,3,0.5,0.1,0.99,10.0,256,20,0,128,0,5.0,7.5,110.62528661454232,4443.931553755195,0.0,0.0,0.0,
lqr,transverse,300.0,1800.0,0.1,0.1,5.0,10.0,10.0,10.0,10,100.0,inf,full,both,inf,180.0,0.01,0.0,0.0,256,20,3,0.5,0.1,0.99,10.0,256,20,0,128,0,5.0,10.0,110.62528661454232,5543.080706350015,0.0,0.0,0.0,
lqr,transverse,300.0,1800.0,0.1,0.1,5.0,inf,10.0,10.0,10,100.0,inf,full,both,inf,180.0,0.01,0.0,0.0,256,20,3,0.5,0.1,0.99,10.0,256,20,0,128,0,5.0,17.999999999999986,110.62528661454232,6498.305897568052,0.0,0.0,0.0,
lqr,transverse,300.0,1800.0,0.1,0.11,5.0,1.25,10.0,10.0,10,100.0,inf,full,both,inf,180.0,0.01,0.0,0.0,256,20,3,0.5,0.1,0.99,10.0,256,20,0,128,128,2.7985968056610897,1.25,9.226695200252315,9.22669520025232,0.0,0.0,1.0,470.0
lqr,transverse,300.0,1800.0,0.1,0.11,5.0,2.5,10.0,10.0,10,100.0,inf,full,both,inf,180.0,0.01,0.0,0.0,256,20,3,0.5,0.1,0.99,10.0,256,20,0,128,128,4.451265021360136,2.5,9.412004815177612,9.412004815177584,0.0,0.0,1.0,680.0
lqr,transverse,300.0,1800.0,0.1,0.11,5.0,3.75,10.0,10.0,10,100.0,inf,full,both,inf,180.0,0.01,0.0,0.0,256,20,3,0.5,0.1,0.99,10.0,256,20,0,128,4,4.995514045556098,3.75,126.93424787980318,538.177972551933,0.0,0.0,0.03125,720.0
lqr,transverse,300.0,1800.0,0.1,0.11,5.0,4.5,10.0,10.0,10,100.0,inf,full,both,inf,180.0,0.01,0.0,0.0,256,20,3,0.5,0.1,0.99,10.0,256,20,0,128,0,5.0,4.5,131.40684977695074,1515.616579820501,0.0,0.0,0.0,
lqr,transverse,300.0,1800.0,0.1,0.11,5.0,5.0,10.0,10.0,10,100.0,inf,full,both,inf,180.0,0.01,0.0,0.0,256,20,3,0.5,0.1,0.99,10.0,256,20,0,128,0,5.0,5.0,131.40684977695074,2203.2477929415627,0.0,0.0,0.0,
lqr,transverse,300.0,1800.0,0.1,0.11,5.0,5.5,10.0,10.0,10,100.0,inf,full,both,inf,180.0,0.01,0.0,0.0,256,20,3,0.5,0.1,0.99,10.0,256,20,0,128,0,5.0,5.5,131.40684977695074,2856.498716395429,0.0,0.0,0.0,
lqr,transverse,300.0,1800.0,0.1,0.11,5.0,6.25,10.0,10.0,10,100.0,inf,full,both,inf,180.0,0.01,0.0,0.0,256,20,3,0.5,0.1,0.99,10.0,256,20,0,128,0,5.0,6.25,131.40684977695074,3705.577478762285,0.0,0.0,0.0,
lqr,transverse,300.0,1800.0,0.1,0.11,5.0,7.5,10.0,10.0,10,100.0,inf,full,both,inf,180.0,0.01,0.0,0.0,256,20,3,0.5,0.1,0.99,10.0,256,20,0,128,0,5.0,7.5,131.40684977695074,4740.432777370666,0.0,0.0,0.0,
lqr,transverse,300.0,1800.0,0.1,0.11,5.0,10.0,10.0,10.0,10,100.0,inf,full,both,inf,180.0,0.01,0.0,0.0,256,20,3,0.5,0.1,0.99,10.0,256,20,0,128,0,5.0,10.0,131.40684977695074,6022.459510152658,0.0,0.0,0.0,
lqr,transverse,300.0,1800.0,0.1,0.11,5.0,inf,10.0,10.0,10,100.0,inf,full,both,inf,180.0,0.01,0.0,0.0,256,20,3,0.5,0.1,0.99,10.0,256,20,0,128,0,5.0,19.79999999999995,131.40684977695074,7401.536821746784,0.0,0.0,0.0,
lqr,transverse,300.0,1800.0,0.1,0.125,5.0,1.25,10.0,10.0,10,100.0,inf,full,both,inf,180.0,0.01,0.0,0.0,256,20,3,0.5,0.1,0.99,10.0,256,20,0,128,128,2.787495091198667,1.25,9.258909174037091,9.258909174037091,0.0,0.0,1.0,470.0
lqr,transverse,300.0,1800.0,0.1,0.125,5.0,2.5,10.0,10.0,10,100.0,inf,full,both,inf,180.0,0.01,0.0,0.0,256,20,3,0.5,0.1,0.99,10.0,256,20,0,128,128,4.5059518981862485,2.5,9.330061479292016,9.330061479292018,0.0,0.0,1.0,690.0
lqr,transverse,300.0,1800.0,0.1,0.125,5.0,3.75,10.0,10.0,10,100.0,inf,full,both,inf,180.0,0.01,0.0,0.0,256,20,3,0.5,0.1,0.99,10.0,256,20,0,128,4,4.992351148104704,3.75,151.59172495915436,522.2747986549296,0.0,0.0,0.03125,710.0
lqr,transverse,300.0,1800.0,0.1,0.125,5.0,4.5,10.0,10.0,10,100.0,inf,full,both,inf,180.0,0.01,0.0,0.0,256,20,3,0.5,0.1,0.99,10.0,256,20,0,128,0,5.0,4.5,157.90102164012052,1471.968680417721,0.0,0.0,0.0,
lqr,transverse,300.0,1800.0,0.1,0.125,5.0,5.0,10.0,10.0,10,100.0,inf,full,both,inf,180.0,0.01,0.0,0.0,256,20,3,0.5,0.1,0.99,10.0,256,20,0,128,0,5.0,5.0,158.37370042802047,2173.64631828735,0.0,0.0,0.0,
lqr,transverse,300.0,1800.0,0.1,0.125,5.0,5.5,10.0,10.0,10,100.0,inf,full,both,inf,180.0,0.01,0.0,0.0,256,20,3,0.5,0.1,0.99,10.0,256,20,0,128,0,5.0,5.5,158.37370042802047,2847.526722598638,0.0,0.0,0.0,
lqr,transverse,300.0,1800.0,0.1,0.125,5.0,6.25,10.0,10.0,10,100.0,inf,full,both,inf,180.0,0.01,0.0,0.0,256,20,3,0.5,0.1,0.99,10.0,256,20,0,128,0,5.0,6.25,158.37370042802047,3783.30641237014,0.0,0.0,0.0,
lqr,transverse,300.0,1800.0,0.1,0.125,5.0,7.5,10.0,10.0,10,100.0,inf,full,both,inf,180.0,0.01,0.0,0.0,256,20,3,0.5,0.1,0.99,10.0,256,20,0,128,0,5.0,7.5,158.37370042802047,5053.88884197764,0.0,0.0,0.0,
lqr,transverse,300.0,1800.0,0.1,0.125,5.0,10.0,10.0,10.0,10,100.0,inf,full,both,inf,180.0,0.01,0.0,0.0,256,20,3,0.5,0.1,0.99,10.0,256,20,0,128,0,5.0,10.0,158.37370042802047,6646.670098372541,0.0,0.0,0.0,
lqr,transverse,300.0,1800.0,0.1,0.125,5.0,inf,10.0,10.0,10,100.0,inf,full,both,inf,180.0,0.01,0.0,0.0,256,20,3,0.5,0.1,0.99,10.0,256,20,0,128,0,5.0,22.5,158.37370042802047,8744.733396067457,0.0,0.0,0.0,
lqr,transverse,300.0,1800.0,0.1,0.15,5.0,1.25,10.0,10.0,10,100.0,inf,full,both,inf,180.0,0.01,0.0,0.0,256,20,3,0.5,0.1,0.99,10.0,256,20,0,128,128,2.7738731465097253,1.25,9.342418099855358,9.342418099855356,0.0,0.0,1.0,480.0
lqr,transverse,300.0,1800.0,0.1,0.15,5.0,2.5,10.0,10.0,10,100.0,inf,full,both,inf,180.0,0.01,0.0,0.0,256,20,3,0.5,0.1,0.99,10.0,256,20,0,128,128,4.555024069114191,2.5,9.32761197628882,9.327611976288823,0.0,0.0,1.0,690.0
lqr,transverse,300.0,1800.0,0.1,0.15,5.0,3.75,10.0,10.0,10,100.0,inf,full,both,inf,180.0,0.01,0.0,0.0,256,20,3,0.5,0.1,0.99,10.0,256,20,0,128,4,4.987819643378562,3.75,181.70859490645788,516.8645935830685,0.0,0.0,0.03125,690.0
lqr,transverse,300.0,1800.0,0.1,0.15,5.0,4.5,10.0,10.0,10,100.0,inf,full,both,inf,180.0,0.01,0.0,0.0,256,20,3,0.5,0.1,0.99,10.0,256,20,0,128,1,5.0,4.5,190.1750444950488,1389.399543236444,0.0,0.0,0.0078125,700.0
lqr,transverse,300.0,1800.0,0.1,0.15,5.0,5.0,10.0,10.0,10,100.0,inf,full,both,inf,180.0,0.01,0.0,0.0,256,20,3,0.5,0.1,0.99,10.0,256,20,0,128,0,5.0,5.0,193.1064334858364,2109.4255999589755,0.0,0.0,0.0,
lqr,transverse,300.0,1800.0,0.1,0.15,5.0,5.5,10.0,10.0,10,100.0,inf,full,both,inf,180.0,0.01,0.0,0.0,256,20,3,0.5,0.1,0.99,10.0,256,20,0,128,0,5.0,5.5,193.19476807699104,2816.141275184017,0.0,0.0,0.0,
lqr,transverse,300.0,1800.0,0.1,0.15,5.0,6.25,10.0,10.0,10,100.0,inf,full,both,inf,180.0,0.01,0.0,0.0,256,20,3,0.5,0.1,0.99,10.0,256,20,0,128,0,5.0,6.25,193.19476807699104,3814.2808466824654,0.0,0.0,0.0,
lqr,transverse,300.0,1800.0,0.1,0.15,5.0,7.5,10.0,10.0,10,100.0,inf,full,both,inf,180.0,0.01,0.0,0.0,256,20,3,0.5,0.1,0.99,10.0,256,20,0,128,0,5.0,7.5,193.19476807699104,5302.991482052378,0.0,0.0,0.0,
lqr,transverse,300.0,1800.0,0.1,0.15,5.0,10.0,10.0,10.0,10,100.0,inf,full,both,inf,180.0,0.01,0.0,0.0,256,20,3,0.5,0.1,0.99,10.0,256,20,0,128,0,5.0,10.0,193.19476807699104,7470.021625967929,0.0,0.0,0.0,
lqr,transverse,300.0,1800.0,0.1,0.15,5.0,inf,10.0,10.0,10,100.0,inf,full,both,inf,180.0,0.01,0.0,0.0,256,20,3,0.5,0.1,0.99,10.0,256,20,0,128,0,5.0,26.99999999999992,193.19476807699104,10979.636479874378,0.0,0.0,0.0,
lqr,transverse,300.0,1800.0,0.1,0.2,5.0,1.25,10.0,10.0,10,100.0,inf,full,both,inf,180.0,0.01,0.0,0.0,256,20,3,0.5,0.1,0.99,10.0,256,20,0,128,128,2.763819727113664,1.25,9.28341968457788,9.28341968457788,0.0,0.0,1.0,480.0
lqr,transverse,300.0,1800.0,0.1,0.2,5.0,2.5,10.0,10.0,10,100.0,inf,full,both,inf,180.0,0.01,0.0,0.0,256,20,3,0.5,0.1,0.99,10.0,256,20,0,128,128,4.605300217175456,2.5,9.362252137135794,9.3622521371358,0.0,0.0,1.0,690.0
lqr,transverse,300.0,1800.0,0.1,0.2,5.0,3.75,10.0,10.0,10,100.0,inf,full,both,inf,180.0,0.01,0.0,0.0,256,20,3,0.5,0.1,0.99,10.0,256,20,0,128,4,4.981360631822063,3.75,193.51425535702825,608.0091659502746,0.0,0.0,0.03125,650.0
lqr,transverse,300.0,1800.0,0.1,0.2,5.0,4.5,10.0,10.0,10,100.0,inf,full,both,inf,180.0,0.01,0.0,0.0,256,20,3,0.5,0.1,0.99,10.0,256,20,0,128,3,4.998890317298746,4.5,229.2413725038729,1246.9241162244973,0.0,0.0,0.0234375,710.0
lqr,transverse,300.0,1800.0,0.1,0.2,5.0,5.0,10.0,10.0,10,100.0,inf,full,both,inf,180.0,0.01,0.0,0.0,256,20,3,0.5,0.1,0.99,10.0,256,20,0,128,0,5.0,5.0,232.32844999157703,2030.100282373008,0.0,0.0,0.0,
lqr,transverse,300.0,1800.0,0.1,0.2,5.0,5.5,10.0,10.0,10,100.0,inf,full,both,inf,180.0,0.01,0.0,0.0,256,20,3,0.5,0.1,0.99,10.0,256,20,0,128,0,5.0,5.5,234.97211096103783,2780.105859193922,0.0,0.0,0.0,
lqr,transverse,300.0,1800.0,0.1,0.2,5.0,6.25,10.0,10.0,10,100.0,inf,full,both,inf,180.0,0.01,0.0,0.0,256,20,3,0.5,0.1,0.99,10.0,256,20,0,128,0,5.0,6.25,235.4333105237457,3861.43403089676,0.0,0.0,0.0,
lqr,transverse,300.0,1800.0,0.1,0.2,5.0,7.5,10.0,10.0,10,100.0,inf,full,both,inf,180.0,0.01,0.0,0.0,256,20,3,0.5,0.1,0.99,10.0,256,20,0,128,0,5.0,7.5,235.4333105237457,5512.974962428496,0.0,0.0,0.0,
lqr,transverse,300.0,1800.0,0.1,0.2,5.0,10.0,10.0,10.0,10,100.0,inf,full,both,inf,180.0,0.01,0.0,0.0,256,20,3,0.5,0.1,0.99,10.0,256,20,0,128,0,5.0,10.0,235.4333105237457,8329.390636675369,0.0,0.0,0.0,
lqr,transverse,300.0,1800.0,0.1,0.2,5.0,inf,10.0,10.0,10,100.0,inf,full,both,inf,180.0,0.01,0.0,0.0,256,20,3,0.5,0.1,0.99,10.0,256,20,0,128,0,5.0,35.99999999999997,235.4333105237457,15445.888674785696,0.0,0.0,0.0,
mppi_flee,flee,300.0,1800.0,0.1,0.025,5.0,1.25,10.0,10.0,10,100.0,inf,full,both,inf,180.0,0.01,0.0,0.0,256,20,3,0.5,0.1,0.99,10.0,256,20,0,128,128,2.909004173588439,0.8767578125000004,2.935120892613676,4.014810531124144,0.0,0.0,1.0,350.0
mppi_flee,flee,300.0,1800.0,0.1,0.025,5.0,2.5,10.0,10.0,10,100.0,inf,full,both,inf,180.0,0.01,0.0,0.0,256,20,3,0.5,0.1,0.99,10.0,256,20,0,128,128,2.8946441499615005,0.8736328125000005,3.589256401265333,4.5215472786574775,0.0,0.0,1.0,350.0
mppi_flee,flee,300.0,1800.0,0.1,0.025,5.0,3.75,10.0,10.0,10,100.0,inf,full,both,inf,180.0,0.01,0.0,0.0,256,20,3,0.5,0.1,0.99,10.0,256,20,0,128,128,2.894644149923674,0.8736328125000005,3.589256402928237,4.521547280320382,0.0,0.0,1.0,350.0
mppi_flee,flee,300.0,1800.0,0.1,0.025,5.0,4.5,10.0,10.0,10,100.0,inf,full,both,inf,180.0,0.01,0.0,0.0,256,20,3,0.5,0.1,0.99,10.0,256,20,0,128,128,2.894644149923674,0.8736328125000005,3.589256402928237,4.521547280320382,0.0,0.0,1.0,350.0
mppi_flee,flee,300.0,1800.0,0.1,0.025,5.0,5.0,10.0,10.0,10,100.0,inf,full,both,inf,180.0,0.01,0.0,0.0,256,20,3,0.5,0.1,0.99,10.0,256,20,0,128,128,2.894644149923674,0.8736328125000005,3.589256402928237,4.521547280320382,0.0,0.0,1.0,350.0
mppi_flee,flee,300.0,1800.0,0.1,0.025,5.0,5.5,10.0,10.0,10,100.0,inf,full,both,inf,180.0,0.01,0.0,0.0,256,20,3,0.5,0.1,0.99,10.0,256,20,0,128,128,2.894644149923674,0.8736328125000005,3.589256402928237,4.521547280320382,0.0,0.0,1.0,350.0
mppi_flee,flee,300.0,1800.0,0.1,0.025,5.0,6.25,10.0,10.0,10,100.0,inf,full,both,inf,180.0,0.01,0.0,0.0,256,20,3,0.5,0.1,0.99,10.0,256,20,0,128,128,2.894644149923674,0.8736328125000005,3.589256402928237,4.521547280320382,0.0,0.0,1.0,350.0
mppi_flee,flee,300.0,1800.0,0.1,0.025,5.0,7.5,10.0,10.0,10,100.0,inf,full,both,inf,180.0,0.01,0.0,0.0,256,20,3,0.5,0.1,0.99,10.0,256,20,0,128,128,2.894644149923674,0.8736328125000005,3.589256402928237,4.521547280320382,0.0,0.0,1.0,350.0
mppi_flee,flee,300.0,1800.0,0.1,0.025,5.0,10.0,10.0,10.0,10,100.0,inf,full,both,inf,180.0,0.01,0.0,0.0,256,20,3,0.5,0.1,0.99,10.0,256,20,0,128,128,2.894644149923674,0.8736328125000005,3.589256402928237,4.521547280320382,0.0,0.0,1.0,350.0
mppi_flee,flee,300.0,1800.0,0.1,0.025,5.0,inf,10.0,10.0,10,100.0,inf,full,both,inf,180.0,0.01,0.0,0.0,256,20,3,0.5,0.1,0.99,10.0,256,20,0,128,128,2.894644149923674,0.8736328125000005,3.589256402928237,4.521547280320382,0.0,0.0,1.0,350.0
mppi_flee,flee,300.0,1800.0,0.1,0.05,5.0,1.25,10.0,10.0,10,100.0,inf,full,both,inf,180.0,0.01,0.0,0.0,256,20,3,0.5,0.1,0.99,10.0,256,20,0,128,128,3.477829182113594,1.25,3.356781051666609,4.765854133126576,0.0,0.0,1.0,410.0
mppi_flee,flee,300.0,1800.0,0.1,0.05,5.0,2.5,10.0,10.0,10,100.0,inf,full,both,inf,180.0,0.01,0.0,0.0,256,20,3,0.5,0.1,0.99,10.0,256,20,0,128,128,3.9012844907294775,2.23203125,4.486888713675594,4.682710695623274,0.0,0.0,1.0,440.0
mppi_flee,flee,300.0,1800.0,0.1,0.05,5.0,3.75,10.0,10.0,10,100.0,inf,full,both,inf,180.0,0.01,0.0,0.0,256,20,3,0.5,0.1,0.99,10.0,256,20,0,128,128,3.906596732468192,2.250390625,4.618947868328846,4.858705647649957,0.0,0.0,1.0,440.0
mppi_flee,flee,300.0,1800.0,0.1,0.05,5.0,4.5,10.0,10.0,10,100.0,inf,full,both,inf,180.0,0.01,0.0,0.0,256,20,3,0.5,0.1,0.99,10.0,256,20,0,128,128,3.9066497150612736,2.25078125,4.56919126247138,4.812659355774742,0.0,0.0,1.0,440.0
mppi_flee,flee,300.0,1800.0,0.1,0.05,5.0,5.0,10.0,10.0,10,100.0,inf,full,both,inf,180.0,0.01,0.0,0.0,256,20,3,0.5,0.1,0.99,10.0,256,20,0,128,128,3.9066461804980266,2.25078125,4.569754516592035,4.81291190280723,0.0,0.0,1.0,440.0
mppi_flee,flee,300.0,1800.0,0.1,0.05,5.0,5.5,10.0,10.0,10,100.0,inf,full,both,inf,180.0,0.01,0.0,0.0,256,20,3,0.5,0.1,0.99,10.0,256,20,0,128,128,3.9066451137335,2.25078125,4.56979768374623,4.81294924170755,0.0,0.0,1.0,440.0
mppi_flee,flee,300.0,1800.0,0.1,0.05,5.0,6.25,10.0,10.0,10,100.0,inf,full,both,inf,180.0,0.01,0.0,0.0,256,20,3,0.5,0.1,0.99,10.0,256,20,0,128,128,3.906645113492788,2.25078125,4.56979768952505,4.81294924748637,0.0,0.0,1.0,440.0
mppi_flee,flee,300.0,1800.0,0.1,0.05,5.0,7.5,10.0,10.0,10,100.0,inf,full,both,inf,180.0,0.01,0.0,0.0,256,20,3,0.5,0.1,0.99,10.0,256,20,0,128,128,3.906645113492788,2.25078125,4.56979768952505,4.81294924748637,0.0,0.0,1.0,440.0
mppi_flee,flee,300.0,1800.0,0.1,0.05,5.0,10.0,10.0,10.0,10,100.0,inf,full,both,inf,180.0,0.01,0.0,0.0,256,20,3,0.5,0.1,0.99,10.0,256,20,0,128,128,3.906645113492788,2.25078125,4.56979768952505,4.81294924748637,0.0,0.0,1.0,440.0
mppi_flee,flee,300.0,1800.0,0.1,0.05,5.0,inf,10.0,10.0,10,100.0,inf,full,both,inf,180.0,0.01,0.0,0.0,256,20,3,0.5,0.1,0.99,10.0,256,20,0,128,128,3.906645113492788,2.25078125,4.56979768952505,4.81294924748637,0.0,0.0,1.0,440.0
mppi_flee,flee,300.0,1800.0,0.1,0.075,5.0,1.25,10.0,10.0,10,100.0,inf,full,both,inf,180.0,0.01,0.0,0.0,256,20,3,0.5,0.1,0.99,10.0,256,20,0,128,128,3.683446212225668,1.25,3.453749660062168,5.611102155853272,0.0,0.0,1.0,440.0
mppi_flee,flee,300.0,1800.0,0.1,0.075,5.0,2.5,10.0,10.0,10,100.0,inf,full,both,inf,180.0,0.01,0.0,0.0,256,20,3,0.5,0.1,0.99,10.0,256,20,0,128,128,4.804797376217324,2.5,3.487015100583549,4.841754187302576,0.0,0.0,1.0,560.0
mppi_flee,flee,300.0,1800.0,0.1,0.075,5.0,3.75,10.0,10.0,10,100.0,inf,full,both,inf,180.0,0.01,0.0,0.0,256,20,3,0.5,0.1,0.99,10.0,256,20,0,128,126,5.0,3.75,6.532654145434739,9.401387873296562,0.0,0.0,0.984375,690.0
mppi_flee,flee,300.0,1800.0,0.1,0.075,5.0,4.5,10.0,10.0,10,100.0,inf,full,both,inf,180.0,0.01,0.0,0.0,256,20,3,0.5,0.1,0.99,10.0,256,20,0,128,87,5.0,4.5,45.66178799590727,93.77533515581324,0.0,0.0,0.6796875,870.0
mppi_flee,flee,300.0,1800.0,0.1,0.075,5.0,5.0,10.0,10.0,10,100.0,inf,full,both,inf,180.0,0.01,0.0,0.0,256,20,3,0.5,0.1,0.99,10.0,256,20,0,128,0,5.0,5.0,99.08551548965738,512.0590577975651,0.0,0.0,0.0,
mppi_flee,flee,300.0,1800.0,0.1,0.075,5.0,5.5,10.0,10.0,10,100.0,inf,full,both,inf,180.0,0.01,0.0,0.0,256,20,3,0.5,0.1,0.99,10.0,256,20,0,128,0,5.0,5.5,99.00937215252829,1085.7284285176468,0.0,0.0,0.0,
mppi_flee,flee,300.0,1800.0,0.1,0.075,5.0,6.25,10.0,10.0,10,100.0,inf,full,both,inf,180.0,0.01,0.0,0.0,256,20,3,0.5,0.1,0.99,10.0,256,20,0,128,0,5.0,6.25,99.01793680113106,1872.3982277175696,0.0,0.0,0.0,
mppi_flee,flee,300.0,1800.0,0.1,0.075,5.0,7.5,10.0,10.0,10,100.0,inf,full,both,inf,180.0,0.01,0.0,0.0,256,20,3,0.5,0.1,0.99,10.0,256,20,0,128,0,5.0,7.5,99.02170096233084,3004.522208869784,0.0,0.0,0.0,
mppi_flee,flee,300.0,1800.0,0.1,0.075,5.0,10.0,10.0,10.0,10,100.0,inf,full,both,inf,180.0,0.01,0.0,0.0,256,20,3,0.5,0.1,0.99,10.0,256,20,0,128,0,5.0,10.0,99.02174036151524,4617.05277608592,0.0,0.0,0.0,
mppi_flee,flee,300.0,1800.0,0.1,0.075,5.0,inf,10.0,10.0,10,100.0,inf,full,both,inf,180.0,0.01,0.0,0.0,256,20,3,0.5,0.1,0.99,10.0,256,20,0,128,0,5.0,13.49999999999996,99.02174036151524,5453.532683510411,0.0,0.0,0.0,
mppi_flee,flee,300.0,1800.0,0.1,0.09,5.0,1.25,10.0,10.0,10,100.0,inf,full,both,inf,180.0,0.01,0.0,0.0,256,20,3,0.5,0.1,0.99,10.0,256,20,0,128,128,3.736211357035871,1.25,3.246653888503825,5.061155261874995,0.0,0.0,1.0,450.0
mppi_flee,flee,300.0,1800.0,0.1,0.09,5.0,2.5,10.0,10.0,10,100.0,inf,full,both,inf,180.0,0.01,0.0,0.0,256,20,3,0.5,0.1,0.99,10.0,256,20,0,128,128,4.950998438672033,2.5,2.770278764937782,4.797285884385244,0.0,0.0,1.0,590.0
mppi_flee,flee,300.0,1800.0,0.1,0.09,5.0,3.75,10.0,10.0,10,100.0,inf,full,both,inf,180.0,0.01,0.0,0.0,256,20,3,0.5,0.1,0.99,10.0,256,20,0,128,116,5.0,3.75,13.109312117016977,35.768632860635925,0.0,0.0,0.90625,810.0
mppi_flee,flee,300.0,1800.0,0.1,0.09,5.0,4.5,10.0,10.0,10,100.0,inf,full,both,inf,180.0,0.01,0.0,0.0,256,20,3,0.5,0.1,0.99,10.0,256,20,0,128,25,5.0,4.5,123.28615923392016,352.61870897404447,0.0,0.0,0.1953125,1070.0
mppi_flee,flee,300.0,1800.0,0.1,0.09,5.0,5.0,10.0,10.0,10,100.0,inf,full,both,inf,180.0,0.01,0.0,0.0,256,20,3,0.5,0.1,0.99,10.0,256,20,0,128,0,5.0,5.0,276.91647259755706,813.5717729442244,0.0,0.0,0.0,
mppi_flee,flee,300.0,1800.0,0.1,0.09,5.0,5.5,10.0,10.0,10,100.0,inf,full,both,inf,180.0,0.01,0.0,0.0,256,20,3,0.5,0.1,0.99,10.0,256,20,0,128,0,5.0,5.5,291.0247647267033,1462.3014450467065,0.0,0.0,0.0,
mppi_flee,flee,300.0,1800.0,0.1,0.09,5.0,6.25,10.0,10.0,10,100.0,inf,full,both,inf,180.0,0.01,0.0,0.0,256,20,3,0.5,0.1,0.99,10.0,256,20,0,128,0,5.0,6.25,291.0182983584402,2375.3945930259656,0.0,0.0,0.0,
mppi_flee,flee,300.0,1800.0,0.1,0.09,5.0,7.5,10.0,10.0,10,100.0,inf,full,both,inf,180.0,0.01,0.0,0.0,256,20,3,0.5,0.1,0.99,10.0,256,20,0,128,0,5.0,7.5,291.02145947961924,3732.406753641717,0.0,0.0,0.0,
mppi_flee,flee,300.0,1800.0,0.1,0.09,5.0,10.0,10.0,10.0,10,100.0,inf,full,both,inf,180.0,0.01,0.0,0.0,256,20,3,0.5,0.1,0.99,10.0,256,20,0,128,0,5.0,10.0,291.0218706227583,5866.374032907806,0.0,0.0,0.0,
mppi_flee,flee,300.0,1800.0,0.1,0.09,5.0,inf,10.0,10.0,10,100.0,inf,full,both,inf,180.0,0.01,0.0,0.0,256,20,3,0.5,0.1,0.99,10.0,256,20,0,128,0,5.0,16.19999999999998,291.0218706227689,8047.507762280968,0.0,0.0,0.0,
mppi_flee,flee,300.0,1800.0,0.1,0.1,5.0,1.25,10.0,10.0,10,100.0,inf,full,both,inf,180.0,0.01,0.0,0.0,256,20,3,0.5,0.1,0.99,10.0,256,20,0,128,128,3.7600650236227886,1.25,3.3883936275864643,5.154786245468258,0.0,0.0,1.0,450.0
mppi_flee,flee,300.0,1800.0,0.1,0.1,5.0,2.5,10.0,10.0,10,100.0,inf,full,both,inf,180.0,0.01,0.0,0.0,256,20,3,0.5,0.1,0.99,10.0,256,20,0,128,128,4.982829781742597,2.5,3.237897257963048,4.759709965116143,0.0,0.0,1.0,600.0
mppi_flee,flee,300.0,1800.0,0.1,0.1,5.0,3.75,10.0,10.0,10,100.0,inf,full,both,inf,180.0,0.01,0.0,0.0,256,20,3,0.5,0.1,0.99,10.0,256,20,0,128,108,5.0,3.75,24.250871692582287,60.60114764748312,0.0,0.0,0.84375,860.0
mppi_flee,flee,300.0,1800.0,0.1,0.1,5.0,4.5,10.0,10.0,10,100.0,inf,full,both,inf,180.0,0.01,0.0,0.0,256,20,3,0.5,0.1,0.99,10.0,256,20,0,128,10,5.0,4.5,158.6732905593842,505.0703887624336,0.0,0.0,0.078125,1225.0
mppi_flee,flee,300.0,1800.0,0.1,0.1,5.0,5.0,10.0,10.0,10,100.0,inf,full,both,inf,180.0,0.01,0.0,0.0,256,20,3,0.5,0.1,0.99,10.0,256,20,0,128,0,5.0,5.0,287.4310525811218,1009.550452174872,0.0,0.0,0.0,
mppi_flee,flee,300.0,1800.0,0.1,0.1,5.0,5.5,10.0,10.0,10,100.0,inf,full,both,inf,180.0,0.01,0.0,0.0,256,20,3,0.5,0.1,0.99,10.0,256,20,0,128,0,5.0,5.5,300.0,1697.8345777665843,0.0,0.0,0.0,
mppi_flee,flee,300.0,1800.0,0.1,0.1,5.0,6.25,10.0,10.0,10,100.0,inf,full,both,inf,180.0,0.01,0.0,0.0,256,20,3,0.5,0.1,0.99,10.0,256,20,0,128,0,5.0,6.25,300.0,2676.9525398021533,0.0,0.0,0.0,
mppi_flee,flee,300.0,1800.0,0.1,0.1,5.0,7.5,10.0,10.0,10,100.0,inf,full,both,inf,180.0,0.01,0.0,0.0,256,20,3,0.5,0.1,0.99,10.0,256,20,0,128,0,5.0,7.5,300.0,4153.091456826854,0.0,0.0,0.0,
mppi_flee,flee,300.0,1800.0,0.1,0.1,5.0,10.0,10.0,10.0,10,100.0,inf,full,both,inf,180.0,0.01,0.0,0.0,256,20,3,0.5,0.1,0.99,10.0,256,20,0,128,0,5.0,10.0,300.0,6559.970923098671,0.0,0.0,0.0,
mppi_flee,flee,300.0,1800.0,0.1,0.1,5.0,inf,10.0,10.0,10,100.0,inf,full,both,inf,180.0,0.01,0.0,0.0,256,20,3,0.5,0.1,0.99,10.0,256,20,0,128,0,5.0,17.999999999999986,300.0,9832.300033309884,0.0,0.0,0.0,
mppi_flee,flee,300.0,1800.0,0.1,0.11,5.0,1.25,10.0,10.0,10,100.0,inf,full,both,inf,180.0,0.01,0.0,0.0,256,20,3,0.5,0.1,0.99,10.0,256,20,0,128,128,3.7978411691733656,1.25,3.099256552209062,5.518712298695859,0.0,0.0,1.0,450.0
mppi_flee,flee,300.0,1800.0,0.1,0.11,5.0,2.5,10.0,10.0,10,100.0,inf,full,both,inf,180.0,0.01,0.0,0.0,256,20,3,0.5,0.1,0.99,10.0,256,20,0,128,128,4.9959543260361885,2.5,3.46726110429762,5.158254950244382,0.0,0.0,1.0,620.0
mppi_flee,flee,300.0,1800.0,0.1,0.11,5.0,3.75,10.0,10.0,10,100.0,inf,full,both,inf,180.0,0.01,0.0,0.0,256,20,3,0.5,0.1,0.99,10.0,256,20,0,128,99,5.0,3.75,40.619431474212384,101.5797621562828,0.0,0.0,0.7734375,890.0
mppi_flee,flee,300.0,1800.0,0.1,0.11,5.0,4.5,10.0,10.0,10,100.0,inf,full,both,inf,180.0,0.01,0.0,0.0,256,20,3,0.5,0.1,0.99,10.0,256,20,0,128,3,5.0,4.5,186.47117619529928,635.41734442975,0.0,0.0,0.0234375,1330.0
mppi_flee,flee,300.0,1800.0,0.1,0.11,5.0,5.0,10.0,10.0,10,100.0,inf,full,both,inf,180.0,0.01,0.0,0.0,256,20,3,0.5,0.1,0.99,10.0,256,20,0,128,0,5.0,5.0,289.1587385073146,1180.3484709010838,0.0,0.0,0.0,
mppi_flee,flee,300.0,1800.0,0.1,0.11,5.0,5.5,10.0,10.0,10,100.0,inf,full,both,inf,180.0,0.01,0.0,0.0,256,20,3,0.5,0.1,0.99,10.0,256,20,0,128,0,5.0,5.5,300.0,1902.1772376990343,0.0,0.0,0.0,
mppi_flee,flee,300.0,1800.0,0.1,0.11,5.0,6.25,10.0,10.0,10,100.0,inf,full,both,inf,180.0,0.01,0.0,0.0,256,20,3,0.5,0.1,0.99,10.0,256,20,0,128,0,5.0,6.25,300.0,2938.511283217697,0.0,0.0,0.0,
mppi_flee,flee,300.0,1800.0,0.1,0.11,5.0,7.5,10.0,10.0,10,100.0,inf,full,both,inf,180.0,0.01,0.0,0.0,256,20,3,0.5,0.1,0.99,10.0,256,20,0,128,0,5.0,7.5,300.0,4517.027865059224,0.0,0.0,0.0,
mppi_flee,flee,300.0,1800.0,0.1,0.11,5.0,10.0,10.0,10.0,10,100.0,inf,full,both,inf,180.0,0.01,0.0,0.0,256,20,3,0.5,0.1,0.99,10.0,256,20,0,128,0,5.0,10.0,300.0,7156.475464157777,0.0,0.0,0.0,
mppi_flee,flee,300.0,1800.0,0.1,0.11,5.0,inf,10.0,10.0,10,100.0,inf,full,both,inf,180.0,0.01,0.0,0.0,256,20,3,0.5,0.1,0.99,10.0,256,20,0,128,0,5.0,19.79999999999995,300.0,11630.671529738293,0.0,0.0,0.0,
mppi_flee,flee,300.0,1800.0,0.1,0.125,5.0,1.25,10.0,10.0,10,100.0,inf,full,both,inf,180.0,0.01,0.0,0.0,256,20,3,0.5,0.1,0.99,10.0,256,20,0,128,128,3.830275183509448,1.25,3.378308285270146,5.735186247815155,0.0,0.0,1.0,460.0
mppi_flee,flee,300.0,1800.0,0.1,0.125,5.0,2.5,10.0,10.0,10,100.0,inf,full,both,inf,180.0,0.01,0.0,0.0,256,20,3,0.5,0.1,0.99,10.0,256,20,0,128,128,5.0,2.5,3.0797658389524147,4.793405404218992,0.0,0.0,1.0,630.0
mppi_flee,flee,300.0,1800.0,0.1,0.125,5.0,3.75,10.0,10.0,10,100.0,inf,full,both,inf,180.0,0.01,0.0,0.0,256,20,3,0.5,0.1,0.99,10.0,256,20,0,128,88,5.0,3.75,62.53350478692153,172.02005801485973,0.0,0.0,0.6875,930.0
mppi_flee,flee,300.0,1800.0,0.1,0.125,5.0,4.5,10.0,10.0,10,100.0,inf,full,both,inf,180.0,0.01,0.0,0.0,256,20,3,0.5,0.1,0.99,10.0,256,20,0,128,2,5.0,4.5,212.24694163362,794.7851505862958,0.0,0.0,0.015625,1530.0
mppi_flee,flee,300.0,1800.0,0.1,0.125,5.0,5.0,10.0,10.0,10,100.0,inf,full,both,inf,180.0,0.01,0.0,0.0,256,20,3,0.5,0.1,0.99,10.0,256,20,0,128,0,5.0,5.0,291.39401530469405,1399.8040468342715,0.0,0.0,0.0,
mppi_flee,flee,300.0,1800.0,0.1,0.125,5.0,5.5,10.0,10.0,10,100.0,inf,full,both,inf,180.0,0.01,0.0,0.0,256,20,3,0.5,0.1,0.99,10.0,256,20,0,128,0,5.0,5.5,300.0,2163.4501669828696,0.0,0.0,0.0,
mppi_flee,flee,300.0,1800.0,0.1,0.125,5.0,6.25,10.0,10.0,10,100.0,inf,full,both,inf,180.0,0.01,0.0,0.0,256,20,3,0.5,0.1,0.99,10.0,256,20,0,128,0,5.0,6.25,300.0,3272.4803735018704,0.0,0.0,0.0,
mppi_flee,flee,300.0,1800.0,0.1,0.125,5.0,7.5,10.0,10.0,10,100.0,inf,full,both,inf,180.0,0.01,0.0,0.0,256,20,3,0.5,0.1,0.99,10.0,256,20,0,128,0,5.0,7.5,300.0,4983.299986571198,0.0,0.0,0.0,
mppi_flee,flee,300.0,1800.0,0.1,0.125,5.0,10.0,10.0,10.0,10,100.0,inf,full,both,inf,180.0,0.01,0.0,0.0,256,20,3,0.5,0.1,0.99,10.0,256,20,0,128,0,5.0,10.0,300.0,7918.137382766454,0.0,0.0,0.0,
mppi_flee,flee,300.0,1800.0,0.1,0.125,5.0,inf,10.0,10.0,10,100.0,inf,full,both,inf,180.0,0.01,0.0,0.0,256,20,3,0.5,0.1,0.99,10.0,256,20,0,128,0,5.0,22.5,300.0,14352.812933391931,0.0,0.0,0.0,
mppi_flee,flee,300.0,1800.0,0.1,0.15,5.0,1.25,10.0,10.0,10,100.0,inf,full,both,inf,180.0,0.01,0.0,0.0,256,20,3,0.5,0.1,0.99,10.0,256,20,0,128,128,3.8652980226077633,1.25,3.1894622739277425,5.668896018174364,0.0,0.0,1.0,460.0
mppi_flee,flee,300.0,1800.0,0.1,0.15,5.0,2.5,10.0,10.0,10,100.0,inf,full,both,inf,180.0,0.01,0.0,0.0,256,20,3,0.5,0.1,0.99,10.0,256,20,0,128,128,5.0,2.5,3.572625612892017,5.401338712331868,0.0,0.0,1.0,650.0
mppi_flee,flee,300.0,1800.0,0.1,0.15,5.0,3.75,10.0,10.0,10,100.0,inf,full,both,inf,180.0,0.01,0.0,0.0,256,20,3,0.5,0.1,0.99,10.0,256,20,0,128,80,5.0,3.75,84.93693211522793,259.1226129657388,0.0,0.0,0.625,970.0
mppi_flee,flee,300.0,1800.0,0.1,0.15,5.0,4.5,10.0,10.0,10,100.0,inf,full,both,inf,180.0,0.01,0.0,0.0,256,20,3,0.5,0.1,0.99,10.0,256,20,0,128,0,5.0,4.5,235.4450476463291,1008.3466688017256,0.0,0.0,0.0,
mppi_flee,flee,300.0,1800.0,0.1,0.15,5.0,5.0,10.0,10.0,10,100.0,inf,full,both,inf,180.0,0.01,0.0,0.0,256,20,3,0.5,0.1,0.99,10.0,256,20,0,128,0,5.0,5.0,293.2420495818914,1677.3478893683591,0.0,0.0,0.0,
mppi_flee,flee,300.0,1800.0,0.1,0.15,5.0,5.5,10.0,10.0,10,100.0,inf,full,both,inf,180.0,0.01,0.0,0.0,256,20,3,0.5,0.1,0.99,10.0,256,20,0,128,0,5.0,5.5,300.0,2493.3196954502964,0.0,0.0,0.0,
mppi_flee,flee,300.0,1800.0,0.1,0.15,5.0,6.25,10.0,10.0,10,100.0,inf,full,both,inf,180.0,0.01,0.0,0.0,256,20,3,0.5,0.1,0.99,10.0,256,20,0,128,0,5.0,6.25,300.0,3692.78535702004,0.0,0.0,0.0,
mppi_flee,flee,300.0,1800.0,0.1,0.15,5.0,7.5,10.0,10.0,10,100.0,inf,full,both,inf,180.0,0.01,0.0,0.0,256,20,3,0.5,0.1,0.99,10.0,256,20,0,128,0,5.0,7.5,300.0,5575.51960544083,0.0,0.0,0.0,
mppi_flee,flee,300.0,1800.0,0.1,0.15,5.0,10.0,10.0,10.0,10,100.0,inf,full,both,inf,180.0,0.01,0.0,0.0,256,20,3,0.5,0.1,0.99,10.0,256,20,0,128,0,5.0,10.0,300.0,8897.69944267342,0.0,0.0,0.0,
mppi_flee,flee,300.0,1800.0,0.1,0.15,5.0,inf,10.0,10.0,10,100.0,inf,full,both,inf,180.0,0.01,0.0,0.0,256,20,3,0.5,0.1,0.99,10.0,256,20,0,128,0,5.0,26.99999999999992,300.0,18892.14047006619,0.0,0.0,0.0,
mppi_flee,flee,300.0,1800.0,0.1,0.2,5.0,1.25,10.0,10.0,10,100.0,inf,full,both,inf,180.0,0.01,0.0,0.0,256,20,3,0.5,0.1,0.99,10.0,256,20,0,128,128,3.883536725767452,1.25,3.713422519805489,5.73934773208019,0.0,0.0,1.0,460.0
mppi_flee,flee,300.0,1800.0,0.1,0.2,5.0,2.5,10.0,10.0,10,100.0,inf,full,both,inf,180.0,0.01,0.0,0.0,256,20,3,0.5,0.1,0.99,10.0,256,20,0,128,128,5.0,2.5,2.936179369280267,5.309577743475586,0.0,0.0,1.0,670.0
mppi_flee,flee,300.0,1800.0,0.1,0.2,5.0,3.75,10.0,10.0,10,100.0,inf,full,both,inf,180.0,0.01,0.0,0.0,256,20,3,0.5,0.1,0.99,10.0,256,20,0,128,60,5.0,3.75,115.78545882965086,462.308905316929,0.0,0.0,0.46875,1010.0
mppi_flee,flee,300.0,1800.0,0.1,0.2,5.0,4.5,10.0,10.0,10,100.0,inf,full,both,inf,180.0,0.01,0.0,0.0,256,20,3,0.5,0.1,0.99,10.0,256,20,0,128,0,5.0,4.5,254.5279161442976,1298.09210018184,0.0,0.0,0.0,
mppi_flee,flee,300.0,1800.0,0.1,0.2,5.0,5.0,10.0,10.0,10,100.0,inf,full,both,inf,180.0,0.01,0.0,0.0,256,20,3,0.5,0.1,0.99,10.0,256,20,0,128,0,5.0,5.0,294.29022009875007,2049.665042581797,0.0,0.0,0.0,
mppi_flee,flee,300.0,1800.0,0.1,0.2,5.0,5.5,10.0,10.0,10,100.0,inf,full,both,inf,180.0,0.01,0.0,0.0,256,20,3,0.5,0.1,0.99,10.0,256,20,0,128,0,5.0,5.5,300.0,2934.102689065949,0.0,0.0,0.0,
mppi_flee,flee,300.0,1800.0,0.1,0.2,5.0,6.25,10.0,10.0,10,100.0,inf,full,both,inf,180.0,0.01,0.0,0.0,256,20,3,0.5,0.1,0.99,10.0,256,20,0,128,0,5.0,6.25,300.0,4253.255597991406,0.0,0.0,0.0,
mppi_flee,flee,300.0,1800.0,0.1,0.2,5.0,7.5,10.0,10.0,10,100.0,inf,full,both,inf,180.0,0.01,0.0,0.0,256,20,3,0.5,0.1,0.99,10.0,256,20,0,128,0,5.0,7.5,300.0,6364.365753237657,0.0,0.0,0.0,
mppi_flee,flee,300.0,1800.0,0.1,0.2,5.0,10.0,10.0,10.0,10,100.0,inf,full,both,inf,180.0,0.01,0.0,0.0,256,20,3,0.5,0.1,0.99,10.0,256,20,0,128,0,5.0,10.0,300.0,10227.776001157376,0.0,0.0,0.0,
mppi_flee,flee,300.0,1800.0,0.1,0.2,5.0,inf,10.0,10.0,10,100.0,inf,full,both,inf,180.0,0.01,0.0,0.0,256,20,3,0.5,0.1,0.99,10.0,256,20,0,128,0,5.0,35.99999999999997,300.0,28003.589144215934,0.0,0.0,0.0,
mppi_flee,coast,300.0,1800.0,0.1,0.025,5.0,1.25,10.0,10.0,10,100.0,inf,full,both,inf,180.0,0.01,0.0,0.0,256,20,3,0.5,0.1,0.99,10.0,256,20,0,128,128,2.325517267226556,0.0,3.0180577778619115,5.150739214665412,0.0,0.0,1.0,280.0
mppi_flee,coast,300.0,1800.0,0.1,0.025,5.0,2.5,10.0,10.0,10,100.0,inf,full,both,inf,180.0,0.01,0.0,0.0,256,20,3,0.5,0.1,0.99,10.0,256,20,0,128,128,2.328726305496912,0.0,3.2260025014613056,5.299583808239907,0.0,0.0,1.0,280.0
mppi_flee,coast,300.0,1800.0,0.1,0.025,5.0,3.75,10.0,10.0,10,100.0,inf,full,both,inf,180.0,0.01,0.0,0.0,256,20,3,0.5,0.1,0.99,10.0,256,20,0,128,128,2.328726305496912,0.0,3.2260025014613056,5.299583808239907,0.0,0.0,1.0,280.0
mppi_flee,coast,300.0,1800.0,0.1,0.025,5.0,4.5,10.0,10.0,10,100.0,inf,full,both,inf,180.0,0.01,0.0,0.0,256,20,3,0.5,0.1,0.99,10.0,256,20,0,128,128,2.328726305496912,0.0,3.2260025014613056,5.299583808239907,0.0,0.0,1.0,280.0
mppi_flee,coast,300.0,1800.0,0.1,0.025,5.0,5.0,10.0,10.0,10,100.0,inf,full,both,inf,180.0,0.01,0.0,0.0,256,20,3,0.5,0.1,0.99,10.0,256,20,0,128,128,2.328726305496912,0.0,3.2260025014613056,5.299583808239907,0.0,0.0,1.0,280.0
mppi_flee,coast,300.0,1800.0,0.1,0.025,5.0,5.5,10.0,10.0,10,100.0,inf,full,both,inf,180.0,0.01,0.0,0.0,256,20,3,0.5,0.1,0.99,10.0,256,20,0,128,128,2.328726305496912,0.0,3.2260025014613056,5.299583808239907,0.0,0.0,1.0,280.0
mppi_flee,coast,300.0,1800.0,0.1,0.025,5.0,6.25,10.0,10.0,10,100.0,inf,full,both,inf,180.0,0.01,0.0,0.0,256,20,3,0.5,0.1,0.99,10.0,256,20,0,128,128,2.328726305496912,0.0,3.2260025014613056,5.299583808239907,0.0,0.0,1.0,280.0
mppi_flee,coast,300.0,1800.0,0.1,0.025,5.0,7.5,10.0,10.0,10,100.0,inf,full,both,inf,180.0,0.01,0.0,0.0,256,20,3,0.5,0.1,0.99,10.0,256,20,0,128,128,2.328726305496912,0.0,3.2260025014613056,5.299583808239907,0.0,0.0,1.0,280.0
mppi_flee,coast,300.0,1800.0,0.1,0.025,5.0,10.0,10.0,10.0,10,100.0,inf,full,both,inf,180.0,0.01,0.0,0.0,256,20,3,0.5,0.1,0.99,10.0,256,20,0,128,128,2.328726305496912,0.0,3.2260025014613056,5.299583808239907,0.0,0.0,1.0,280.0
mppi_flee,coast,300.0,1800.0,0.1,0.025,5.0,inf,10.0,10.0,10,100.0,inf,full,both,inf,180.0,0.01,0.0,0.0,256,20,3,0.5,0.1,0.99,10.0,256,20,0,128,128,2.328726305496912,0.0,3.2260025014613056,5.299583808239907,0.0,0.0,1.0,280.0
mppi_flee,coast,300.0,1800.0,0.1,0.05,5.0,1.25,10.0,10.0,10,100.0,inf,full,both,inf,180.0,0.01,0.0,0.0,256,20,3,0.5,0.1,0.99,10.0,256,20,0,128,128,2.380798228711213,0.0,3.0575649815419603,5.679201011453635,0.0,0.0,1.0,280.0
mppi_flee,coast,300.0,1800.0,0.1,0.05,5.0,2.5,10.0,10.0,10,100.0,inf,full,both,inf,180.0,0.01,0.0,0.0,256,20,3,0.5,0.1,0.99,10.0,256,20,0,128,128,2.361371253831289,0.0,3.584580409976642,5.745286766828084,0.0,0.0,1.0,280.0
mppi_flee,coast,300.0,1800.0,0.1,0.05,5.0,3.75,10.0,10.0,10,100.0,inf,full,both,inf,180.0,0.01,0.0,0.0,256,20,3,0.5,0.1,0.99,10.0,256,20,0,128,128,2.359437570365273,0.0,3.3820597517261657,5.503964800443544,0.0,0.0,1.0,280.0
mppi_flee,coast,300.0,1800.0,0.1,0.05,5.0,4.5,10.0,10.0,10,100.0,inf,full,both,inf,180.0,0.01,0.0,0.0,256,20,3,0.5,0.1,0.99,10.0,256,20,0,128,128,2.359437570365273,0.0,3.3820597517261657,5.503964800443544,0.0,0.0,1.0,280.0
mppi_flee,coast,300.0,1800.0,0.1,0.05,5.0,5.0,10.0,10.0,10,100.0,inf,full,both,inf,180.0,0.01,0.0,0.0,256,20,3,0.5,0.1,0.99,10.0,256,20,0,128,128,2.359437570365273,0.0,3.3820597517261657,5.503964800443544,0.0,0.0,1.0,280.0
mppi_flee,coast,300.0,1800.0,0.1,0.05,5.0,5.5,10.0,10.0,10,100.0,inf,full,both,inf,180.0,0.01,0.0,0.0,256,20,3,0.5,0.1,0.99,10.0,256,20,0,128,128,2.359437570365273,0.0,3.3820597517261657,5.503964800443544,0.0,0.0,1.0,280.0
mppi_flee,coast,300.0,1800.0,0.1,0.05,5.0,6.25,10.0,10.0,10,100.0,inf,full,both,inf,180.0,0.01,0.0,0.0,256,20,3,0.5,0.1,0.99,10.0,256,20,0,128,128,2.359437570365273,0.0,3.3820597517261657,5.503964800443544,0.0,0.0,1.0,280.0
mppi_flee,coast,300.0,1800.0,0.1,0.05,5.0,7.5,10.0,10.0,10,100.0,inf,full,both,inf,180.0,0.01,0.0,0.0,256,20,3,0.5,0.1,0.99,10.0,256,20,0,128,128,2.359437570365273,0.0,3.3820597517261657,5.503964800443544,0.0,0.0,1.0,280.0
mppi_flee,coast,300.0,1800.0,0.1,0.05,5.0,10.0,10.0,10.0,10,100.0,inf,full,both,inf,180.0,0.01,0.0,0.0,256,20,3,0.5,0.1,0.99,10.0,256,20,0,128,128,2.359437570365273,0.0,3.3820597517261657,5.503964800443544,0.0,0.0,1.0,280.0
mppi_flee,coast,300.0,1800.0,0.1,0.05,5.0,inf,10.0,10.0,10,100.0,inf,full,both,inf,180.0,0.01,0.0,0.0,256,20,3,0.5,0.1,0.99,10.0,256,20,0,128,128,2.359437570365273,0.0,3.3820597517261657,5.503964800443544,0.0,0.0,1.0,280.0
mppi_flee,coast,300.0,1800.0,0.1,0.075,5.0,1.25,10.0,10.0,10,100.0,inf,full,both,inf,180.0,0.01,0.0,0.0,256,20,3,0.5,0.1,0.99,10.0,256,20,0,128,128,2.393883974944276,0.0,3.690724130947145,5.865728730070685,0.0,0.0,1.0,280.0
mppi_flee,coast,300.0,1800.0,0.1,0.075,5.0,2.5,10.0,10.0,10,100.0,inf,full,both,inf,180.0,0.01,0.0,0.0,256,20,3,0.5,0.1,0.99,10.0,256,20,0,128,128,2.3993944396306874,0.0,3.130358747116585,5.989853889936393,0.0,0.0,1.0,280.0
mppi_flee,coast,300.0,1800.0,0.1,0.075,5.0,3.75,10.0,10.0,10,100.0,inf,full,both,inf,180.0,0.01,0.0,0.0,256,20,3,0.5,0.1,0.99,10.0,256,20,0,128,128,2.395916338242924,0.0,3.504686722834633,6.344881968908989,0.0,0.0,1.0,280.0
mppi_flee,coast,300.0,1800.0,0.1,0.075,5.0,4.5,10.0,10.0,10,100.0,inf,full,both,inf,180.0,0.01,0.0,0.0,256,20,3,0.5,0.1,0.99,10.0,256,20,0,128,128,2.395095373694989,0.0,3.645022503611549,6.35860775953991,0.0,0.0,1.0,280.0
mppi_flee,coast,300.0,1800.0,0.1,0.075,5.0,5.0,10.0,10.0,10,100.0,inf,full,both,inf,180.0,0.01,0.0,0.0,256,20,3,0.5,0.1,0.99,10.0,256,20,0,128,128,2.3950953736949825,0.0,3.645022503611235,6.358607759537497,0.0,0.0,1.0,280.0
mppi_flee,coast,300.0,1800.0,0.1,0.075,5.0,5.5,10.0,10.0,10,100.0,inf,full,both,inf,180.0,0.01,0.0,0.0,256,20,3,0.5,0.1,0.99,10.0,256,20,0,128,128,2.3950953736949825,0.0,3.645022503611235,6.358607759537497,0.0,0.0,1.0,280.0
mppi_flee,coast,300.0,1800.0,0.1,0.075,5.0,6.25,10.0,10.0,10,100.0,inf,full,both,inf,180.0,0.01,0.0,0.0,256,20,3,0.5,0.1,0.99,10.0,256,20,0,128,128,2.3950953736949825,0.0,3.645022503611235,6.358607759537497,0.0,0.0,1.0,280.0
mppi_flee,coast,300.0,1800.0,0.1,0.075,5.0,7.5,10.0,10.0,10,100.0,inf,full,both,inf,180.0,0.01,0.0,0.0,256,20,3,0.5,0.1,0.99,10.0,256,20,0,128,128,2.3950953736949825,0.0,3.645022503611235,6.358607759537497,0.0,0.0,1.0,280.0
mppi_flee,coast,300.0,1800.0,0.1,0.075,5.0,10.0,10.0,10.0,10,100.0,inf,full,both,inf,180.0,0.01,0.0,0.0,256,20,3,0.5,0.1,0.99,10.0,256,20,0,128,128,2.3950953736949825,0.0,3.645022503611235,6.358607759537497,0.0,0.0,1.0,280.0
mppi_flee,coast,300.0,1800.0,0.1,0.075,5.0,inf,10.0,10.0,10,100.0,inf,full,both,inf,180.0,0.01,0.0,0.0,256,20,3,0.5,0.1,0.99,10.0,256,20,0,128,128,2.3950953736949825,0.0,3.645022503611235,6.358607759537497,0.0,0.0,1.0,280.0
mppi_flee,coast,300.0,1800.0,0.1,0.09,5.0,1.25,10.0,10.0,10,100.0,inf,full,both,inf,180.0,0.01,0.0,0.0,256,20,3,0.5,0.1,0.99,10.0,256,20,0,128,128,2.399425584299119,0.0,3.781101579592031,5.608765088172681,0.0,0.0,1.0,280.0
mppi_flee,coast,300.0,1800.0,0.1,0.09,5.0,2.5,10.0,10.0,10,100.0,inf,full,both,inf,180.0,0.01,0.0,0.0,256,20,3,0.5,0.1,0.99,10.0,256,20,0,128,128,2.3753343503720528,0.0,3.9366825994197976,5.965274416051088,0.0,0.0,1.0,270.0
mppi_flee,coast,300.0,1800.0,0.1,0.09,5.0,3.75,10.0,10.0,10,100.0,inf,full,both,inf,180.0,0.01,0.0,0.0,256,20,3,0.5,0.1,0.99,10.0,256,20,0,128,128,2.404798916345069,0.0,3.4641612698692064,5.970460468962288,0.0,0.0,1.0,280.0
mppi_flee,coast,300.0,1800.0,0.1,0.09,5.0,4.5,10.0,10.0,10,100.0,inf,full,both,inf,180.0,0.01,0.0,0.0,256,20,3,0.5,0.1,0.99,10.0,256,20,0,128,128,2.395508986412117,0.0,4.050049831145199,5.8508341991524935,0.0,0.0,1.0,280.0
mppi_flee,coast,300.0,1800.0,0.1,0.09,5.0,5.0,10.0,10.0,10,100.0,inf,full,both,inf,180.0,0.01,0.0,0.0,256,20,3,0.5,0.1,0.99,10.0,256,20,0,128,128,2.396448141020523,0.0,4.091470154009434,5.819604544523517,0.0,0.0,1.0,280.0
mppi_flee,coast,300.0,1800.0,0.1,0.09,5.0,5.5,10.0,10.0,10,100.0,inf,full,both,inf,180.0,0.01,0.0,0.0,256,20,3,0.5,0.1,0.99,10.0,256,20,0,128,128,2.396384074045075,0.0,4.087751598292959,5.820649034520428,0.0,0.0,1.0,280.0
mppi_flee,coast,300.0,1800.0,0.1,0.09,5.0,6.25,10.0,10.0,10,100.0,inf,full,both,inf,180.0,0.01,0.0,0.0,256,20,3,0.5,0.1,0.99,10.0,256,20,0,128,128,2.396384074045075,0.0,4.087751598292959,5.820649034520428,0.0,0.0,1.0,280.0
mppi_flee,coast,300.0,1800.0,0.1,0.09,5.0,7.5,10.0,10.0,10,100.0,inf,full,both,inf,180.0,0.01,0.0,0.0,256,20,3,0.5,0.1,0.99,10.0,256,20,0,128,128,2.396384074045075,0.0,4.087751598292959,5.820649034520428,0.0,0.0,1.0,280.0
mppi_flee,coast,300.0,1800.0,0.1,0.09,5.0,10.0,10.0,10.0,10,100.0,inf,full,both,inf,180.0,0.01,0.0,0.0,256,20,3,0.5,0.1,0.99,10.0,256,20,0,128,128,2.396384074045075,0.0,4.087751598292959,5.820649034520428,0.0,0.0,1.0,280.0
mppi_flee,coast,300.0,1800.0,0.1,0.09,5.0,inf,10.0,10.0,10,100.0,inf,full,both,inf,180.0,0.01,0.0,0.0,256,20,3,0.5,0.1,0.99,10.0,256,20,0,128,128,2.396384074045075,0.0,4.087751598292959,5.820649034520428,0.0,0.0,1.0,280.0
mppi_flee,coast,300.0,1800.0,0.1,0.1,5.0,1.25,10.0,10.0,10,100.0,inf,full,both,inf,180.0,0.01,0.0,0.0,256,20,3,0.5,0.1,0.99,10.0,256,20,0,128,128,2.4376474153942413,0.0,3.52904102738946,6.166405169359543,0.0,0.0,1.0,280.0
mppi_flee,coast,300.0,1800.0,0.1,0.1,5.0,2.5,10.0,10.0,10,100.0,inf,full,both,inf,180.0,0.01,0.0,0.0,256,20,3,0.5,0.1,0.99,10.0,256,20,0,128,128,2.3841605133769868,0.0,3.763910724484973,6.29720861712156,0.0,0.0,1.0,270.0
mppi_flee,coast,300.0,1800.0,0.1,0.1,5.0,3.75,10.0,10.0,10,100.0,inf,full,both,inf,180.0,0.01,0.0,0.0,256,20,3,0.5,0.1,0.99,10.0,256,20,0,128,128,2.413590345493718,0.0,4.194398587360882,6.561877925535438,0.0,0.0,1.0,270.0
mppi_flee,coast,300.0,1800.0,0.1,0.1,5.0,4.5,10.0,10.0,10,100.0,inf,full,both,inf,180.0,0.01,0.0,0.0,256,20,3,0.5,0.1,0.99,10.0,256,20,0,128,128,2.4036415627521355,0.0,3.799274855412661,6.073842888637231,0.0,0.0,1.0,270.0
mppi_flee,coast,300.0,1800.0,0.1,0.1,5.0,5.0,10.0,10.0,10,100.0,inf,full,both,inf,180.0,0.01,0.0,0.0,256,20,3,0.5,0.1,0.99,10.0,256,20,0,128,128,2.404542115322313,0.0,3.883682408158868,6.166948969581496,0.0,0.0,1.0,270.0
mppi_flee,coast,300.0,1800.0,0.1,0.1,5.0,5.5,10.0,10.0,10,100.0,inf,full,both,inf,180.0,0.01,0.0,0.0,256,20,3,0.5,0.1,0.99,10.0,256,20,0,128,128,2.403424030063908,0.0,3.8770856541414487,6.160493932718498,0.0,0.0,1.0,270.0
mppi_flee,coast,300.0,1800.0,0.1,0.1,5.0,6.25,10.0,10.0,10,100.0,inf,full,both,inf,180.0,0.01,0.0,0.0,256,20,3,0.5,0.1,0.99,10.0,256,20,0,128,128,2.403440299630903,0.0,3.877385732999843,6.161058393087847,0.0,0.0,1.0,270.0
mppi_flee,coast,300.0,1800.0,0.1,0.1,5.0,7.5,10.0,10.0,10,100.0,inf,full,both,inf,180.0,0.01,0.0,0.0,256,20,3,0.5,0.1,0.99,10.0,256,20,0,128,128,2.403440299630903,0.0,3.877385732999843,6.161058393087847,0.0,0.0,1.0,270.0
mppi_flee,coast,300.0,1800.0,0.1,0.1,5.0,10.0,10.0,10.0,10,100.0,inf,full,both,inf,180.0,0.01,0.0,0.0,256,20,3,0.5,0.1,0.99,10.0,256,20,0,128,128,2.403440299630903,0.0,3.877385732999843,6.161058393087847,0.0,0.0,1.0,270.0
mppi_flee,coast,300.0,1800.0,0.1,0.1,5.0,inf,10.0,10.0,10,100.0,inf,full,both,inf,180.0,0.01,0.0,0.0,256,20,3,0.5,0.1,0.99,10.0,256,20,0,128,128,2.403440299630903,0.0,3.877385732999843,6.161058393087847,0.0,0.0,1.0,270.0
mppi_flee,coast,300.0,1800.0,0.1,0.11,5.0,1.25,10.0,10.0,10,100.0,inf,full,both,inf,180.0,0.01,0.0,0.0,256,20,3,0.5,0.1,0.99,10.0,256,20,0,128,128,2.4377537694365814,0.0,3.805369605280842,6.141103037682598,0.0,0.0,1.0,275.0
mppi_flee,coast,300.0,1800.0,0.1,0.11,5.0,2.5,10.0,10.0,10,100.0,inf,full,both,inf,180.0,0.01,0.0,0.0,256,20,3,0.5,0.1,0.99,10.0,256,20,0,128,128,2.38736364004141,0.0,3.966605080979169,5.908052165945832,0.0,0.0,1.0,270.0
mppi_flee,coast,300.0,1800.0,0.1,0.11,5.0,3.75,10.0,10.0,10,100.0,inf,full,both,inf,180.0,0.01,0.0,0.0,256,20,3,0.5,0.1,0.99,10.0,256,20,0,128,128,2.4049266263324527,0.0,3.252182380116224,5.679694943754709,0.0,0.0,1.0,270.0
mppi_flee,coast,300.0,1800.0,0.1,0.11,5.0,4.5,10.0,10.0,10,100.0,inf,full,both,inf,180.0,0.01,0.0,0.0,256,20,3,0.5,0.1,0.99,10.0,256,20,0,128,128,2.407336583702837,0.0,3.26143497776317,6.186989959474139,0.0,0.0,1.0,270.0
mppi_flee,coast,300.0,1800.0,0.1,0.11,5.0,5.0,10.0,10.0,10,100.0,inf,full,both,inf,180.0,0.01,0.0,0.0,256,20,3,0.5,0.1,0.99,10.0,256,20,0,128,128,2.4027346426391745,0.0,3.4102859083918724,6.061900392938016,0.0,0.0,1.0,270.0
mppi_flee,coast,300.0,1800.0,0.1,0.11,5.0,5.5,10.0,10.0,10,100.0,inf,full,both,inf,180.0,0.01,0.0,0.0,256,20,3,0.5,0.1,0.99,10.0,256,20,0,128,128,2.4019226704748755,0.0,3.496111971374314,6.040237300233974,0.0,0.0,1.0,270.0
mppi_flee,coast,300.0,1800.0,0.1,0.11,5.0,6.25,10.0,10.0,10,100.0,inf,full,both,inf,180.0,0.01,0.0,0.0,256,20,3,0.5,0.1,0.99,10.0,256,20,0,128,128,2.401758228971684,0.0,3.490220609967865,6.0236496348326485,0.0,0.0,1.0,270.0
mppi_flee,coast,300.0,1800.0,0.1,0.11,5.0,7.5,10.0,10.0,10,100.0,inf,full,both,inf,180.0,0.01,0.0,0.0,256,20,3,0.5,0.1,0.99,10.0,256,20,0,128,128,2.401757089815741,0.0,3.490231649145603,6.023554138310278,0.0,0.0,1.0,270.0
mppi_flee,coast,300.0,1800.0,0.1,0.11,5.0,10.0,10.0,10.0,10,100.0,inf,full,both,inf,180.0,0.01,0.0,0.0,256,20,3,0.5,0.1,0.99,10.0,256,20,0,128,128,2.401757089815741,0.0,3.490231649145603,6.023554138310278,0.0,0.0,1.0,270.0
mppi_flee,coast,300.0,1800.0,0.1,0.11,5.0,inf,10.0,10.0,10,100.0,inf,full,both,inf,180.0,0.01,0.0,0.0,256,20,3,0.5,0.1,0.99,10.0,256,20,0,128,128,2.401757089815741,0.0,3.490231649145603,6.023554138310278,0.0,0.0,1.0,270.0
mppi_flee,coast,300.0,1800.0,0.1,0.125,5.0,1.25,10.0,10.0,10,100.0,inf,full,both,inf,180.0,0.01,0.0,0.0,256,20,3,0.5,0.1,0.99,10.0,256,20,0,128,128,2.4365202814252807,0.0,3.6490970661078026,5.657998840009364,0.0,0.0,1.0,280.0
mppi_flee,coast,300.0,1800.0,0.1,0.125,5.0,2.5,10.0,10.0,10,100.0,inf,full,both,inf,180.0,0.01,0.0,0.0,256,20,3,0.5,0.1,0.99,10.0,256,20,0,128,128,2.389184212615913,0.0,3.620066569450553,5.7440659008521,0.0,0.0,1.0,270.0
mppi_flee,coast,300.0,1800.0,0.1,0.125,5.0,3.75,10.0,10.0,10,100.0,inf,full,both,inf,180.0,0.01,0.0,0.0,256,20,3,0.5,0.1,0.99,10.0,256,20,0,128,128,2.404732518330211,0.0,3.7061217316049713,5.78157936397623,0.0,0.0,1.0,270.0
mppi_flee,coast,300.0,1800.0,0.1,0.125,5.0,4.5,10.0,10.0,10,100.0,inf,full,both,inf,180.0,0.01,0.0,0.0,256,20,3,0.5,0.1,0.99,10.0,256,20,0,128,128,2.4099988592125983,0.0,3.6605522261627255,6.044801887799539,0.0,0.0,1.0,270.0
mppi_flee,coast,300.0,1800.0,0.1,0.125,5.0,5.0,10.0,10.0,10,100.0,inf,full,both,inf,180.0,0.01,0.0,0.0,256,20,3,0.5,0.1,0.99,10.0,256,20,0,128,128,2.4116159821579224,0.0,3.3085889243287,5.850610271105169,0.0,0.0,1.0,270.0
mppi_flee,coast,300.0,1800.0,0.1,0.125,5.0,5.5,10.0,10.0,10,100.0,inf,full,both,inf,180.0,0.01,0.0,0.0,256,20,3,0.5,0.1,0.99,10.0,256,20,0,128,128,2.409271002781632,0.0,3.419122230235679,5.800425240694818,0.0,0.0,1.0,270.0
mppi_flee,coast,300.0,1800.0,0.1,0.125,5.0,6.25,10.0,10.0,10,100.0,inf,full,both,inf,180.0,0.01,0.0,0.0,256,20,3,0.5,0.1,0.99,10.0,256,20,0,128,128,2.408749832625011,0.0,3.4095766300125083,5.937424049841512,0.0,0.0,1.0,270.0
mppi_flee,coast,300.0,1800.0,0.1,0.125,5.0,7.5,10.0,10.0,10,100.0,inf,full,both,inf,180.0,0.01,0.0,0.0,256,20,3,0.5,0.1,0.99,10.0,256,20,0,128,128,2.4087363702760745,0.0,3.408408455348867,5.941730515627227,0.0,0.0,1.0,270.0
mppi_flee,coast,300.0,1800.0,0.1,0.125,5.0,10.0,10.0,10.0,10,100.0,inf,full,both,inf,180.0,0.01,0.0,0.0,256,20,3,0.5,0.1,0.99,10.0,256,20,0,128,128,2.4087363702760745,0.0,3.408408455348867,5.941730515627227,0.0,0.0,1.0,270.0
mppi_flee,coast,300.0,1800.0,0.1,0.125,5.0,inf,10.0,10.0,10,100.0,inf,full,both,inf,180.0,0.01,0.0,0.0,256,20,3,0.5,0.1,0.99,10.0,256,20,0,128,128,2.4087363702760745,0.0,3.408408455348867,5.941730515627227,0.0,0.0,1.0,270.0
mppi_flee,coast,300.0,1800.0,0.1,0.15,5.0,1.25,10.0,10.0,10,100.0,inf,full,both,inf,180.0,0.01,0.0,0.0,256,20,3,0.5,0.1,0.99,10.0,256,20,0,128,128,2.456885931162374,0.0,3.855826492423595,5.658076577001754,0.0,0.0,1.0,280.0
mppi_flee,coast,300.0,1800.0,0.1,0.15,5.0,2.5,10.0,10.0,10,100.0,inf,full,both,inf,180.0,0.01,0.0,0.0,256,20,3,0.5,0.1,0.99,10.0,256,20,0,128,128,2.396482535419075,0.0,3.501713662850255,5.422453274869159,0.0,0.0,1.0,270.0
mppi_flee,coast,300.0,1800.0,0.1,0.15,5.0,3.75,10.0,10.0,10,100.0,inf,full,both,inf,180.0,0.01,0.0,0.0,256,20,3,0.5,0.1,0.99,10.0,256,20,0,128,128,2.4192191666292597,0.0,3.0494107747463266,5.684959147569654,0.0,0.0,1.0,270.0
mppi_flee,coast,300.0,1800.0,0.1,0.15,5.0,4.5,10.0,10.0,10,100.0,inf,full,both,inf,180.0,0.01,0.0,0.0,256,20,3,0.5,0.1,0.99,10.0,256,20,0,128,128,2.4180445808399,0.0,3.38690616852475,5.810025009558851,0.0,0.0,1.0,270.0
mppi_flee,coast,300.0,1800.0,0.1,0.15,5.0,5.0,10.0,10.0,10,100.0,inf,full,both,inf,180.0,0.01,0.0,0.0,256,20,3,0.5,0.1,0.99,10.0,256,20,0,128,128,2.416605530510237,0.0,3.6764205814909774,5.8381324379028445,0.0,0.0,1.0,270.0
mppi_flee,coast,300.0,1800.0,0.1,0.15,5.0,5.5,10.0,10.0,10,100.0,inf,full,both,inf,180.0,0.01,0.0,0.0,256,20,3,0.5,0.1,0.99,10.0,256,20,0,128,128,2.4180338650472173,0.0,3.590278568127712,5.885732746985546,0.0,0.0,1.0,270.0
mppi_flee,coast,300.0,1800.0,0.1,0.15,5.0,6.25,10.0,10.0,10,100.0,inf,full,both,inf,180.0,0.01,0.0,0.0,256,20,3,0.5,0.1,0.99,10.0,256,20,0,128,128,2.4196314232501543,0.0,3.5226676349218984,5.922047357932299,0.0,0.0,1.0,270.0
mppi_flee,coast,300.0,1800.0,0.1,0.15,5.0,7.5,10.0,10.0,10,100.0,inf,full,both,inf,180.0,0.01,0.0,0.0,256,20,3,0.5,0.1,0.99,10.0,256,20,0,128,128,2.419956664019164,0.0,3.5322161885731185,5.889217829656957,0.0,0.0,1.0,270.0
mppi_flee,coast,300.0,1800.0,0.1,0.15,5.0,10.0,10.0,10.0,10,100.0,inf,full,both,inf,180.0,0.01,0.0,0.0,256,20,3,0.5,0.1,0.99,10.0,256,20,0,128,128,2.4199544811084195,0.0,3.532543999441753,5.889567753848739,0.0,0.0,1.0,270.0
mppi_flee,coast,300.0,1800.0,0.1,0.15,5.0,inf,10.0,10.0,10,100.0,inf,full,both,inf,180.0,0.01,0.0,0.0,256,20,3,0.5,0.1,0.99,10.0,256,20,0,128,128,2.4199544811084195,0.0,3.532543999441753,5.889567753848739,0.0,0.0,1.0,270.0
mppi_flee,coast,300.0,1800.0,0.1,0.2,5.0,1.25,10.0,10.0,10,100.0,inf,full,both,inf,180.0,0.01,0.0,0.0,256,20,3,0.5,0.1,0.99,10.0,256,20,0,128,128,2.5189673857733847,0.0,4.082939102201928,5.548040697148627,0.0,0.0,1.0,280.0
mppi_flee,coast,300.0,1800.0,0.1,0.2,5.0,2.5,10.0,10.0,10,100.0,inf,full,both,inf,180.0,0.01,0.0,0.0,256,20,3,0.5,0.1,0.99,10.0,256,20,0,128,128,2.441531934900415,0.0,4.043868123432377,6.174035439346941,0.0,0.0,1.0,270.0
mppi_flee,coast,300.0,1800.0,0.1,0.2,5.0,3.75,10.0,10.0,10,100.0,inf,full,both,inf,180.0,0.01,0.0,0.0,256,20,3,0.5,0.1,0.99,10.0,256,20,0,128,128,2.442031598524508,0.0,3.360903755368548,5.969169449879074,0.0,0.0,1.0,270.0
mppi_flee,coast,300.0,1800.0,0.1,0.2,5.0,4.5,10.0,10.0,10,100.0,inf,full,both,inf,180.0,0.01,0.0,0.0,256,20,3,0.5,0.1,0.99,10.0,256,20,0,128,128,2.4453113019602064,0.0,3.52244541884316,6.269159745695949,0.0,0.0,1.0,270.0
mppi_flee,coast,300.0,1800.0,0.1,0.2,5.0,5.0,10.0,10.0,10,100.0,inf,full,both,inf,180.0,0.01,0.0,0.0,256,20,3,0.5,0.1,0.99,10.0,256,20,0,128,128,2.444140635361729,0.0,3.581692046780264,6.317681483430453,0.0,0.0,1.0,270.0
mppi_flee,coast,300.0,1800.0,0.1,0.2,5.0,5.5,10.0,10.0,10,100.0,inf,full,both,inf,180.0,0.01,0.0,0.0,256,20,3,0.5,0.1,0.99,10.0,256,20,0,128,128,2.4469077707127966,0.0,3.528911384798456,6.249008593713834,0.0,0.0,1.0,270.0
mppi_flee,coast,300.0,1800.0,0.1,0.2,5.0,6.25,10.0,10.0,10,100.0,inf,full,both,inf,180.0,0.01,0.0,0.0,256,20,3,0.5,0.1,0.99,10.0,256,20,0,128,128,2.444853491704911,0.0,3.417811217837172,6.239956224037891,0.0,0.0,1.0,270.0
mppi_flee,coast,300.0,1800.0,0.1,0.2,5.0,7.5,10.0,10.0,10,100.0,inf,full,both,inf,180.0,0.01,0.0,0.0,256,20,3,0.5,0.1,0.99,10.0,256,20,0,128,128,2.443279709605185,0.0,3.513182634614939,6.204379269047119,0.0,0.0,1.0,270.0
mppi_flee,coast,300.0,1800.0,0.1,0.2,5.0,10.0,10.0,10.0,10,100.0,inf,full,both,inf,180.0,0.01,0.0,0.0,256,20,3,0.5,0.1,0.99,10.0,256,20,0,128,128,2.4427852939884187,0.0,3.4728678588966155,6.180995363827775,0.0,0.0,1.0,270.0
mppi_flee,coast,300.0,1800.0,0.1,0.2,5.0,inf,10.0,10.0,10,100.0,inf,full,both,inf,180.0,0.01,0.0,0.0,256,20,3,0.5,0.1,0.99,10.0,256,20,0,128,128,2.4428131422165618,0.0,3.4723951853999897,6.179911499521494,0.0,0.0,1.0,270.0
mppi_flee,mppi_direct,300.0,1800.0,0.1,0.025,5.0,1.25,10.0,10.0,10,100.0,inf,full,both,inf,180.0,0.01,0.0,0.0,256,20,3,0.5,0.1,0.99,10.0,256,20,0,128,128,2.2241947879694752,0.5365854486683543,4.123614336873199,5.994506743206735,0.0,0.0,1.0,270.0
mppi_flee,mppi_direct,300.0,1800.0,0.1,0.025,5.0,2.5,10.0,10.0,10,100.0,inf,full,both,inf,180.0,0.01,0.0,0.0,256,20,3,0.5,0.1,0.99,10.0,256,20,0,128,128,2.221544215994894,0.5379568109269844,4.319491423875754,5.9639247303583,0.0,0.0,1.0,270.0
mppi_flee,mppi_direct,300.0,1800.0,0.1,0.025,5.0,3.75,10.0,10.0,10,100.0,inf,full,both,inf,180.0,0.01,0.0,0.0,256,20,3,0.5,0.1,0.99,10.0,256,20,0,128,128,2.221544215994894,0.5379568109269844,4.319491423875754,5.9639247303583,0.0,0.0,1.0,270.0
mppi_flee,mppi_direct,300.0,1800.0,0.1,0.025,5.0,4.5,10.0,10.0,10,100.0,inf,full,both,inf,180.0,0.01,0.0,0.0,256,20,3,0.5,0.1,0.99,10.0,256,20,0,128,128,2.221544215994894,0.5379568109269844,4.319491423875754,5.9639247303583,0.0,0.0,1.0,270.0
mppi_flee,mppi_direct,300.0,1800.0,0.1,0.025,5.0,5.0,10.0,10.0,10,100.0,inf,full,both,inf,180.0,0.01,0.0,0.0,256,20,3,0.5,0.1,0.99,10.0,256,20,0,128,128,2.221544215994894,0.5379568109269844,4.319491423875754,5.9639247303583,0.0,0.0,1.0,270.0
mppi_flee,mppi_direct,300.0,1800.0,0.1,0.025,5.0,5.5,10.0,10.0,10,100.0,inf,full,both,inf,180.0,0.01,0.0,0.0,256,20,3,0.5,0.1,0.99,10.0,256,20,0,128,128,2.221544215994894,0.5379568109269844,4.319491423875754,5.9639247303583,0.0,0.0,1.0,270.0
mppi_flee,mppi_direct,300.0,1800.0,0.1,0.025,5.0,6.25,10.0,10.0,10,100.0,inf,full,both,inf,180.0,0.01,0.0,0.0,256,20,3,0.5,0.1,0.99,10.0,256,20,0,128,128,2.221544215994894,0.5379568109269844,4.319491423875754,5.9639247303583,0.0,0.0,1.0,270.0
mppi_flee,mppi_direct,300.0,1800.0,0.1,0.025,5.0,7.5,10.0,10.0,10,100.0,inf,full,both,inf,180.0,0.01,0.0,0.0,256,20,3,0.5,0.1,0.99,10.0,256,20,0,128,128,2.221544215994894,0.5379568109269844,4.319491423875754,5.9639247303583,0.0,0.0,1.0,270.0
mppi_flee,mppi_direct,300.0,1800.0,0.1,0.025,5.0,10.0,10.0,10.0,10,100.0,inf,full,both,inf,180.0,0.01,0.0,0.0,256,20,3,0.5,0.1,0.99,10.0,256,20,0,128,128,2.221544215994894,0.5379568109269844,4.319491423875754,5.9639247303583,0.0,0.0,1.0,270.0
mppi_flee,mppi_direct,300.0,1800.0,0.1,0.025,5.0,inf,10.0,10.0,10,100.0,inf,full,both,inf,180.0,0.01,0.0,0.0,256,20,3,0.5,0.1,0.99,10.0,256,20,0,128,128,2.221544215994894,0.5379568109269844,4.319491423875754,5.9639247303583,0.0,0.0,1.0,270.0
mppi_flee,mppi_direct,300.0,1800.0,0.1,0.05,5.0,1.25,10.0,10.0,10,100.0,inf,full,both,inf,180.0,0.01,0.0,0.0,256,20,3,0.5,0.1,0.99,10.0,256,20,0,128,128,2.0693798763050637,0.9608184096721886,6.98508464908168,8.719936964210317,0.0,0.0,1.0,250.0
mppi_flee,mppi_direct,300.0,1800.0,0.1,0.05,5.0,2.5,10.0,10.0,10,100.0,inf,full,both,inf,180.0,0.01,0.0,0.0,256,20,3,0.5,0.1,0.99,10.0,256,20,0,128,127,2.082329186504846,1.0180015786768992,7.071124586899323,14.88847040759484,0.0,0.0,0.9921875,250.0
mppi_flee,mppi_direct,300.0,1800.0,0.1,0.05,5.0,3.75,10.0,10.0,10,100.0,inf,full,both,inf,180.0,0.01,0.0,0.0,256,20,3,0.5,0.1,0.99,10.0,256,20,0,128,126,2.124691754068736,1.0528641934620546,6.864500953438203,54.3551693026135,0.0,0.0,0.984375,250.0
mppi_flee,mppi_direct,300.0,1800.0,0.1,0.05,5.0,4.5,10.0,10.0,10,100.0,inf,full,both,inf,180.0,0.01,0.0,0.0,256,20,3,0.5,0.1,0.99,10.0,256,20,0,128,127,2.124683492140612,1.049094029187571,6.845161437022981,35.67487211787602,0.0,0.0,0.9921875,250.0
mppi_flee,mppi_direct,300.0,1800.0,0.1,0.05,5.0,5.0,10.0,10.0,10,100.0,inf,full,both,inf,180.0,0.01,0.0,0.0,256,20,3,0.5,0.1,0.99,10.0,256,20,0,128,127,2.124683492140612,1.0529980280540443,6.845406898729195,38.962448608861415,0.0,0.0,0.9921875,250.0
mppi_flee,mppi_direct,300.0,1800.0,0.1,0.05,5.0,5.5,10.0,10.0,10,100.0,inf,full,both,inf,180.0,0.01,0.0,0.0,256,20,3,0.5,0.1,0.99,10.0,256,20,0,128,127,2.124683492140612,1.0569058103286428,6.845365808042724,41.29205788624917,0.0,0.0,0.9921875,250.0
mppi_flee,mppi_direct,300.0,1800.0,0.1,0.05,5.0,6.25,10.0,10.0,10,100.0,inf,full,both,inf,180.0,0.01,0.0,0.0,256,20,3,0.5,0.1,0.99,10.0,256,20,0,128,127,2.124683492140612,1.0627651853286428,6.845365808042724,44.09419457670905,0.0,0.0,0.9921875,250.0
mppi_flee,mppi_direct,300.0,1800.0,0.1,0.05,5.0,7.5,10.0,10.0,10,100.0,inf,full,both,inf,180.0,0.01,0.0,0.0,256,20,3,0.5,0.1,0.99,10.0,256,20,0,128,127,2.124683492140612,1.0725308103286428,6.845365808042724,47.24319471954653,0.0,0.0,0.9921875,250.0
mppi_flee,mppi_direct,300.0,1800.0,0.1,0.05,5.0,10.0,10.0,10.0,10,100.0,inf,full,both,inf,180.0,0.01,0.0,0.0,256,20,3,0.5,0.1,0.99,10.0,256,20,0,128,127,2.124683492140612,1.0803767861671094,6.845365808042724,47.98797742442684,0.0,0.0,0.9921875,250.0
mppi_flee,mppi_direct,300.0,1800.0,0.1,0.05,5.0,inf,10.0,10.0,10,100.0,inf,full,both,inf,180.0,0.01,0.0,0.0,256,20,3,0.5,0.1,0.99,10.0,256,20,0,128,127,2.124683492140612,1.080326980330058,6.845365808042724,47.979857558449446,0.0,0.0,0.9921875,250.0
mppi_flee,mppi_direct,300.0,1800.0,0.1,0.075,5.0,1.25,10.0,10.0,10,100.0,inf,full,both,inf,180.0,0.01,0.0,0.0,256,20,3,0.5,0.1,0.99,10.0,256,20,0,128,128,2.1079294866847804,1.2321240368848394,8.28778850197357,10.965800416925058,0.0,0.0,1.0,230.0
mppi_flee,mppi_direct,300.0,1800.0,0.1,0.075,5.0,2.5,10.0,10.0,10,100.0,inf,full,both,inf,180.0,0.01,0.0,0.0,256,20,3,0.5,0.1,0.99,10.0,256,20,0,128,111,2.351261926670416,1.558938226735079,12.202998718003002,92.77067887963403,0.0,0.0,0.8671875,230.0
mppi_flee,mppi_direct,300.0,1800.0,0.1,0.075,5.0,3.75,10.0,10.0,10,100.0,inf,full,both,inf,180.0,0.01,0.0,0.0,256,20,3,0.5,0.1,0.99,10.0,256,20,0,128,103,2.5138526588518664,1.8807415341307965,14.042969352976131,454.3754314806756,0.0,0.0,0.8046875,230.0
mppi_flee,mppi_direct,300.0,1800.0,0.1,0.075,5.0,4.5,10.0,10.0,10,100.0,inf,full,both,inf,180.0,0.01,0.0,0.0,256,20,3,0.5,0.1,0.99,10.0,256,20,0,128,105,2.477598403294921,1.9885202552351424,14.365737672053756,567.8777426825566,0.0,0.0,0.8203125,230.0
mppi_flee,mppi_direct,300.0,1800.0,0.1,0.075,5.0,5.0,10.0,10.0,10,100.0,inf,full,both,inf,180.0,0.01,0.0,0.0,256,20,3,0.5,0.1,0.99,10.0,256,20,0,128,104,2.4990307668635023,2.104607906012875,14.619198907942703,704.0969501060605,0.0,0.0,0.8125,230.0
mppi_flee,mppi_direct,300.0,1800.0,0.1,0.075,5.0,5.5,10.0,10.0,10,100.0,inf,full,both,inf,180.0,0.01,0.0,0.0,256,20,3,0.5,0.1,0.99,10.0,256,20,0,128,104,2.499252973127749,2.1986612945557926,14.611524200517565,800.5264460875497,0.0,0.0,0.8125,230.0
mppi_flee,mppi_direct,300.0,1800.0,0.1,0.075,5.0,6.25,10.0,10.0,10,100.0,inf,full,both,inf,180.0,0.01,0.0,0.0,256,20,3,0.5,0.1,0.99,10.0,256,20,0,128,104,2.4992528920586388,2.339286896227037,14.615003288929245,943.0695450830694,0.0,0.0,0.8125,230.0
mppi_flee,mppi_direct,300.0,1800.0,0.1,0.075,5.0,7.5,10.0,10.0,10,100.0,inf,full,both,inf,180.0,0.01,0.0,0.0,256,20,3,0.5,0.1,0.99,10.0,256,20,0,128,104,2.4992528920586388,2.573661896227037,14.615004851022812,1149.5020178174138,0.0,0.0,0.8125,230.0
mppi_flee,mppi_direct,300.0,1800.0,0.1,0.075,5.0,10.0,10.0,10.0,10,100.0,inf,full,both,inf,180.0,0.01,0.0,0.0,256,20,3,0.5,0.1,0.99,10.0,256,20,0,128,104,2.4992528920586388,3.042411896227037,14.615004851022812,1412.1428677332317,0.0,0.0,0.8125,230.0
mppi_flee,mppi_direct,300.0,1800.0,0.1,0.075,5.0,inf,10.0,10.0,10,100.0,inf,full,both,inf,180.0,0.01,0.0,0.0,256,20,3,0.5,0.1,0.99,10.0,256,20,0,128,104,2.4992528920586388,3.5645051086829813,14.615004851022812,1504.520735865823,0.0,0.0,0.8125,230.0
mppi_flee,mppi_direct,300.0,1800.0,0.1,0.09,5.0,1.25,10.0,10.0,10,100.0,inf,full,both,inf,180.0,0.01,0.0,0.0,256,20,3,0.5,0.1,0.99,10.0,256,20,0,128,128,2.313349782552093,1.25,7.450557037328351,9.791622505333194,0.0,0.0,1.0,230.0
mppi_flee,mppi_direct,300.0,1800.0,0.1,0.09,5.0,2.5,10.0,10.0,10,100.0,inf,full,both,inf,180.0,0.01,0.0,0.0,256,20,3,0.5,0.1,0.99,10.0,256,20,0,128,100,2.724071186813109,1.8498025505737965,14.763410647721804,88.42364877264852,0.0,0.0,0.78125,220.0
mppi_flee,mppi_direct,300.0,1800.0,0.1,0.09,5.0,3.75,10.0,10.0,10,100.0,inf,full,both,inf,180.0,0.01,0.0,0.0,256,20,3,0.5,0.1,0.99,10.0,256,20,0,128,87,2.8656407526924945,2.306066111160941,20.360436779014336,744.7844246508627,0.0,0.0,0.6796875,220.0
mppi_flee,mppi_direct,300.0,1800.0,0.1,0.09,5.0,4.5,10.0,10.0,10,100.0,inf,full,both,inf,180.0,0.01,0.0,0.0,256,20,3,0.5,0.1,0.99,10.0,256,20,0,128,90,2.794074473682826,2.49175343128542,20.39302205799472,1079.8453993172736,0.0,0.0,0.703125,220.0
mppi_flee,mppi_direct,300.0,1800.0,0.1,0.09,5.0,5.0,10.0,10.0,10,100.0,inf,full,both,inf,180.0,0.01,0.0,0.0,256,20,3,0.5,0.1,0.99,10.0,256,20,0,128,85,2.9144736872617303,2.7676479133401406,19.88935810822448,1501.0352573865976,0.0,0.0,0.6640625,220.0
mppi_flee,mppi_direct,300.0,1800.0,0.1,0.09,5.0,5.5,10.0,10.0,10,100.0,inf,full,both,inf,180.0,0.01,0.0,0.0,256,20,3,0.5,0.1,0.99,10.0,256,20,0,128,89,2.823717532883795,2.8233571951482737,19.733491902668597,1537.9371028175356,0.0,0.0,0.6953125,220.0
mppi_flee,mppi_direct,300.0,1800.0,0.1,0.09,5.0,6.25,10.0,10.0,10,100.0,inf,full,both,inf,180.0,0.01,0.0,0.0,256,20,3,0.5,0.1,0.99,10.0,256,20,0,128,89,2.82344102187537,3.05078402944391,19.577446546727213,1827.3272339898112,0.0,0.0,0.6953125,220.0
mppi_flee,mppi_direct,300.0,1800.0,0.1,0.09,5.0,7.5,10.0,10.0,10,100.0,inf,full,both,inf,180.0,0.01,0.0,0.0,256,20,3,0.5,0.1,0.99,10.0,256,20,0,128,89,2.823436693507338,3.431637653817492,19.562290246717577,2238.09956115798,0.0,0.0,0.6953125,220.0
mppi_flee,mppi_direct,300.0,1800.0,0.1,0.09,5.0,10.0,10.0,10.0,10,100.0,inf,full,both,inf,180.0,0.01,0.0,0.0,256,20,3,0.5,0.1,0.99,10.0,256,20,0,128,89,2.823436693507338,4.193356403817492,19.56229024854963,2852.8366665792614,0.0,0.0,0.6953125,220.0
mppi_flee,mppi_direct,300.0,1800.0,0.1,0.09,5.0,inf,10.0,10.0,10,100.0,inf,full,both,inf,180.0,0.01,0.0,0.0,256,20,3,0.5,0.1,0.99,10.0,256,20,0,128,89,2.823436693507338,5.828057334350208,19.56229024854963,3335.8687480439576,0.0,0.0,0.6953125,220.0
mppi_flee,mppi_direct,300.0,1800.0,0.1,0.1,5.0,1.25,10.0,10.0,10,100.0,inf,full,both,inf,180.0,0.01,0.0,0.0,256,20,3,0.5,0.1,0.99,10.0,256,20,0,128,128,2.4683296077542325,1.25,6.399696162533198,8.115339838471284,0.0,0.0,1.0,230.0
mppi_flee,mppi_direct,300.0,1800.0,0.1,0.1,5.0,2.5,10.0,10.0,10,100.0,inf,full,both,inf,180.0,0.01,0.0,0.0,256,20,3,0.5,0.1,0.99,10.0,256,20,0,128,91,3.021578644840493,2.014028871878167,16.167271059906618,128.68799946707392,0.0,0.0,0.7109375,210.0
mppi_flee,mppi_direct,300.0,1800.0,0.1,0.1,5.0,3.75,10.0,10.0,10,100.0,inf,full,both,inf,180.0,0.01,0.0,0.0,256,20,3,0.5,0.1,0.99,10.0,256,20,0,128,85,2.8942270068541656,2.4278627334122804,26.277798601178368,673.0962888114148,0.0,0.0,0.6640625,210.0
mppi_flee,mppi_direct,300.0,1800.0,0.1,0.1,5.0,4.5,10.0,10.0,10,100.0,inf,full,both,inf,180.0,0.01,0.0,0.0,256,20,3,0.5,0.1,0.99,10.0,256,20,0,128,73,3.1905623957522216,2.9452262120425874,25.93562799304217,1526.344364946711,0.0,0.0,0.5703125,210.0
mppi_flee,mppi_direct,300.0,1800.0,0.1,0.1,5.0,5.0,10.0,10.0,10,100.0,inf,full,both,inf,180.0,0.01,0.0,0.0,256,20,3,0.5,0.1,0.99,10.0,256,20,0,128,71,3.2395083121949115,3.2092996756444827,26.43212878266454,1919.4372449881585,0.0,0.0,0.5546875,210.0
mppi_flee,mppi_direct,300.0,1800.0,0.1,0.1,5.0,5.5,10.0,10.0,10,100.0,inf,full,both,inf,180.0,0.01,0.0,0.0,256,20,3,0.5,0.1,0.99,10.0,256,20,0,128,78,3.0690015884799404,3.2337712836028327,25.69834728385577,1970.7749496197728,0.0,0.0,0.609375,210.0
mppi_flee,mppi_direct,300.0,1800.0,0.1,0.1,5.0,6.25,10.0,10.0,10,100.0,inf,full,both,inf,180.0,0.01,0.0,0.0,256,20,3,0.5,0.1,0.99,10.0,256,20,0,128,78,3.0687211907136582,3.524277040924208,25.6114397981508,2321.5780173128715,0.0,0.0,0.609375,210.0
mppi_flee,mppi_direct,300.0,1800.0,0.1,0.1,5.0,7.5,10.0,10.0,10,100.0,inf,full,both,inf,180.0,0.01,0.0,0.0,256,20,3,0.5,0.1,0.99,10.0,256,20,0,128,79,3.0490837026272084,3.9718144850632258,25.55270485579338,2871.153389574442,0.0,0.0,0.6171875,210.0
mppi_flee,mppi_direct,300.0,1800.0,0.1,0.1,5.0,10.0,10.0,10.0,10,100.0,inf,full,both,inf,180.0,0.01,0.0,0.0,256,20,3,0.5,0.1,0.99,10.0,256,20,0,128,79,3.049083700418177,4.928846503404497,25.552523047043493,3757.681037450951,0.0,0.0,0.6171875,210.0
mppi_flee,mppi_direct,300.0,1800.0,0.1,0.1,5.0,inf,10.0,10.0,10,100.0,inf,full,both,inf,180.0,0.01,0.0,0.0,256,20,3,0.5,0.1,0.99,10.0,256,20,0,128,79,3.049083700418177,7.640693825626413,25.552523047043493,4737.964326154117,0.0,0.0,0.6171875,210.0
mppi_flee,mppi_direct,300.0,1800.0,0.1,0.11,5.0,1.25,10.0,10.0,10,100.0,inf,full,both,inf,180.0,0.01,0.0,0.0,256,20,3,0.5,0.1,0.99,10.0,256,20,0,128,128,2.5908358077433147,1.25,6.116050061666939,7.410330454674849,0.0,0.0,1.0,240.0
mppi_flee,mppi_direct,300.0,1800.0,0.1,0.11,5.0,2.5,10.0,10.0,10,100.0,inf,full,both,inf,180.0,0.01,0.0,0.0,256,20,3,0.5,0.1,0.99,10.0,256,20,0,128,91,3.322399125718315,2.151958683393353,15.712678517066983,156.26713941844625,0.0,0.0,0.7109375,210.0
mppi_flee,mppi_direct,300.0,1800.0,0.1,0.11,5.0,3.75,10.0,10.0,10,100.0,inf,full,both,inf,180.0,0.01,0.0,0.0,256,20,3,0.5,0.1,0.99,10.0,256,20,0,128,64,3.3952400654289283,2.8267109789587264,32.12826784114327,1135.337377180722,0.0,0.0,0.5,205.0
mppi_flee,mppi_direct,300.0,1800.0,0.1,0.11,5.0,4.5,10.0,10.0,10,100.0,inf,full,both,inf,180.0,0.01,0.0,0.0,256,20,3,0.5,0.1,0.99,10.0,256,20,0,128,67,3.3206414426875823,3.1400684515316124,33.43830512566081,1663.1492379377166,0.0,0.0,0.5234375,210.0
mppi_flee,mppi_direct,300.0,1800.0,0.1,0.11,5.0,5.0,10.0,10.0,10,100.0,inf,full,both,inf,180.0,0.01,0.0,0.0,256,20,3,0.5,0.1,0.99,10.0,256,20,0,128,62,3.4422804827837505,3.497608294635206,33.0577724671657,2232.6667983307857,0.0,0.0,0.484375,200.0
mppi_flee,mppi_direct,300.0,1800.0,0.1,0.11,5.0,5.5,10.0,10.0,10,100.0,inf,full,both,inf,180.0,0.01,0.0,0.0,256,20,3,0.5,0.1,0.99,10.0,256,20,0,128,61,3.4741996702823905,3.78911079452306,32.20299924118359,2643.646394137504,0.0,0.0,0.4765625,200.0
mppi_flee,mppi_direct,300.0,1800.0,0.1,0.11,5.0,6.25,10.0,10.0,10,100.0,inf,full,both,inf,180.0,0.01,0.0,0.0,256,20,3,0.5,0.1,0.99,10.0,256,20,0,128,63,3.4196882280175624,4.1152040604162,31.95377114294703,3151.9730258938853,0.0,0.0,0.4921875,200.0
mppi_flee,mppi_direct,300.0,1800.0,0.1,0.11,5.0,7.5,10.0,10.0,10,100.0,inf,full,both,inf,180.0,0.01,0.0,0.0,256,20,3,0.5,0.1,0.99,10.0,256,20,0,128,60,3.496272738888692,4.879917135586512,32.14947460326472,4143.183888824958,0.0,0.0,0.46875,200.0
mppi_flee,mppi_direct,300.0,1800.0,0.1,0.11,5.0,10.0,10.0,10.0,10,100.0,inf,full,both,inf,180.0,0.01,0.0,0.0,256,20,3,0.5,0.1,0.99,10.0,256,20,0,128,60,3.496322634265164,6.208037318409132,32.13234163196256,5527.561422388209,0.0,0.0,0.46875,200.0
mppi_flee,mppi_direct,300.0,1800.0,0.1,0.11,5.0,inf,10.0,10.0,10,100.0,inf,full,both,inf,180.0,0.01,0.0,0.0,256,20,3,0.5,0.1,0.99,10.0,256,20,0,128,60,3.496322634265164,10.87632939723981,32.13234163196256,7461.771028642839,0.0,0.0,0.46875,200.0
mppi_flee,mppi_direct,300.0,1800.0,0.1,0.125,5.0,1.25,10.0,10.0,10,100.0,inf,full,both,inf,180.0,0.01,0.0,0.0,256,20,3,0.5,0.1,0.99,10.0,256,20,0,128,128,2.6634894827186346,1.25,5.458570268854743,7.056221529460054,0.0,0.0,1.0,260.0
mppi_flee,mppi_direct,300.0,1800.0,0.1,0.125,5.0,2.5,10.0,10.0,10,100.0,inf,full,both,inf,180.0,0.01,0.0,0.0,256,20,3,0.5,0.1,0.99,10.0,256,20,0,128,79,3.9232347257159454,2.340885147632876,19.70919279586516,158.86559384143192,0.0,0.0,0.6171875,210.0
mppi_flee,mppi_direct,300.0,1800.0,0.1,0.125,5.0,3.75,10.0,10.0,10,100.0,inf,full,both,inf,180.0,0.01,0.0,0.0,256,20,3,0.5,0.1,0.99,10.0,256,20,0,128,51,3.6888678233495313,3.073098463613511,43.36063936547426,1356.478339566568,0.0,0.0,0.3984375,200.0
mppi_flee,mppi_direct,300.0,1800.0,0.1,0.125,5.0,4.5,10.0,10.0,10,100.0,inf,full,both,inf,180.0,0.01,0.0,0.0,256,20,3,0.5,0.1,0.99,10.0,256,20,0,128,37,4.053471616504124,3.7972035298580673,47.48443823648332,2583.164087488696,0.0,0.0,0.2890625,200.0
mppi_flee,mppi_direct,300.0,1800.0,0.1,0.125,5.0,5.0,10.0,10.0,10,100.0,inf,full,both,inf,180.0,0.01,0.0,0.0,256,20,3,0.5,0.1,0.99,10.0,256,20,0,128,51,3.705082436821696,3.841577442724143,44.93697166537289,2679.2390529095373,0.0,0.0,0.3984375,200.0
mppi_flee,mppi_direct,300.0,1800.0,0.1,0.125,5.0,5.5,10.0,10.0,10,100.0,inf,full,both,inf,180.0,0.01,0.0,0.0,256,20,3,0.5,0.1,0.99,10.0,256,20,0,128,48,3.788407385778844,4.229163995988516,45.33561084323554,3313.5569817527,0.0,0.0,0.375,200.0
mppi_flee,mppi_direct,300.0,1800.0,0.1,0.125,5.0,6.25,10.0,10.0,10,100.0,inf,full,both,inf,180.0,0.01,0.0,0.0,256,20,3,0.5,0.1,0.99,10.0,256,20,0,128,47,3.804338506286805,4.728448139798722,44.791299550647146,4054.1689615451055,0.0,0.0,0.3671875,200.0
mppi_flee,mppi_direct,300.0,1800.0,0.1,0.125,5.0,7.5,10.0,10.0,10,100.0,inf,full,both,inf,180.0,0.01,0.0,0.0,256,20,3,0.5,0.1,0.99,10.0,256,20,0,128,46,3.824912781084533,5.554383630339532,45.35287765469424,5388.58289378623,0.0,0.0,0.359375,200.0
mppi_flee,mppi_direct,300.0,1800.0,0.1,0.125,5.0,10.0,10.0,10.0,10,100.0,inf,full,both,inf,180.0,0.01,0.0,0.0,256,20,3,0.5,0.1,0.99,10.0,256,20,0,128,45,3.8502231234805855,7.216166803590367,45.32018308141876,7264.563796523071,0.0,0.0,0.3515625,200.0
mppi_flee,mppi_direct,300.0,1800.0,0.1,0.125,5.0,inf,10.0,10.0,10,100.0,inf,full,both,inf,180.0,0.01,0.0,0.0,256,20,3,0.5,0.1,0.99,10.0,256,20,0,128,45,3.8502231234805855,14.586668864444984,45.32018774694913,10778.256694368883,0.0,0.0,0.3515625,200.0
mppi_flee,mppi_direct,300.0,1800.0,0.1,0.15,5.0,1.25,10.0,10.0,10,100.0,inf,full,both,inf,180.0,0.01,0.0,0.0,256,20,3,0.5,0.1,0.99,10.0,256,20,0,128,128,2.7209613792444496,1.25,5.114182439038604,6.18791164653908,0.0,0.0,1.0,340.0
mppi_flee,mppi_direct,300.0,1800.0,0.1,0.15,5.0,2.5,10.0,10.0,10,100.0,inf,full,both,inf,180.0,0.01,0.0,0.0,256,20,3,0.5,0.1,0.99,10.0,256,20,0,128,93,4.526072404264964,2.468183270198787,13.151424234197764,149.11557214574563,0.0,0.0,0.7265625,850.0
mppi_flee,mppi_direct,300.0,1800.0,0.1,0.15,5.0,3.75,10.0,10.0,10,100.0,inf,full,both,inf,180.0,0.01,0.0,0.0,256,20,3,0.5,0.1,0.99,10.0,256,20,0,128,31,4.182718338763446,3.398524896325074,64.01627041966168,1585.5709216498472,0.0,0.0,0.2421875,180.0
mppi_flee,mppi_direct,300.0,1800.0,0.1,0.15,5.0,4.5,10.0,10.0,10,100.0,inf,full,both,inf,180.0,0.01,0.0,0.0,256,20,3,0.5,0.1,0.99,10.0,256,20,0,128,24,4.368977124506644,4.09030326967095,70.00839076395239,2991.7163386225243,0.0,0.0,0.1875,180.0
mppi_flee,mppi_direct,300.0,1800.0,0.1,0.15,5.0,5.0,10.0,10.0,10,100.0,inf,full,both,inf,180.0,0.01,0.0,0.0,256,20,3,0.5,0.1,0.99,10.0,256,20,0,128,23,4.40491351645587,4.5269074374969085,70.4082921938736,3718.3421505231727,0.0,0.0,0.1796875,180.0
mppi_flee,mppi_direct,300.0,1800.0,0.1,0.15,5.0,5.5,10.0,10.0,10,100.0,inf,full,both,inf,180.0,0.01,0.0,0.0,256,20,3,0.5,0.1,0.99,10.0,256,20,0,128,18,4.529680330474651,5.05184643043368,73.53686378642963,4600.8650610544,0.0,0.0,0.140625,180.0
mppi_flee,mppi_direct,300.0,1800.0,0.1,0.15,5.0,6.25,10.0,10.0,10,100.0,inf,full,both,inf,180.0,0.01,0.0,0.0,256,20,3,0.5,0.1,0.99,10.0,256,20,0,128,20,4.481859698742704,5.634676046592003,70.39977243897695,5620.38510100322,0.0,0.0,0.15625,180.0
mppi_flee,mppi_direct,300.0,1800.0,0.1,0.15,5.0,7.5,10.0,10.0,10,100.0,inf,full,both,inf,180.0,0.01,0.0,0.0,256,20,3,0.5,0.1,0.99,10.0,256,20,0,128,16,4.58252482851864,6.854207110024506,72.70103246642182,7534.924185304789,0.0,0.0,0.125,180.0
mppi_flee,mppi_direct,300.0,1800.0,0.1,0.15,5.0,10.0,10.0,10.0,10,100.0,inf,full,both,inf,180.0,0.01,0.0,0.0,256,20,3,0.5,0.1,0.99,10.0,256,20,0,128,28,4.269789999948354,8.326858158187935,71.39074898179167,9415.924292905242,0.0,0.0,0.21875,180.0
mppi_flee,mppi_direct,300.0,1800.0,0.1,0.15,5.0,inf,10.0,10.0,10,100.0,inf,full,both,inf,180.0,0.01,0.0,0.0,256,20,3,0.5,0.1,0.99,10.0,256,20,0,128,28,4.269779135604261,20.553225368719005,71.38579747241648,16162.647903273526,0.0,0.0,0.21875,180.0
mppi_flee,mppi_direct,300.0,1800.0,0.1,0.2,5.0,1.25,10.0,10.0,10,100.0,inf,full,both,inf,180.0,0.01,0.0,0.0,256,20,3,0.5,0.1,0.99,10.0,256,20,0,128,128,2.936992800739316,1.25,4.172689764997713,4.938176006193357,0.0,0.0,1.0,360.0
mppi_flee,mppi_direct,300.0,1800.0,0.1,0.2,5.0,2.5,10.0,10.0,10,100.0,inf,full,both,inf,180.0,0.01,0.0,0.0,256,20,3,0.5,0.1,0.99,10.0,256,20,0,128,124,4.663024391218097,2.5,6.407467290172833,16.438669149376402,0.0,0.0,0.96875,770.0
mppi_flee,mppi_direct,300.0,1800.0,0.1,0.2,5.0,3.75,10.0,10.0,10,100.0,inf,full,both,inf,180.0,0.01,0.0,0.0,256,20,3,0.5,0.1,0.99,10.0,256,20,0,128,8,4.777552093978137,3.6860144232287246,125.76279276430296,1899.1827421361984,0.0,0.0,0.0625,160.0
mppi_flee,mppi_direct,300.0,1800.0,0.1,0.2,5.0,4.5,10.0,10.0,10,100.0,inf,full,both,inf,180.0,0.01,0.0,0.0,256,20,3,0.5,0.1,0.99,10.0,256,20,0,128,5,4.861809457685432,4.431334049229555,115.50805181729255,3425.3878734784157,0.0,0.0,0.0390625,160.0
mppi_flee,mppi_direct,300.0,1800.0,0.1,0.2,5.0,5.0,10.0,10.0,10,100.0,inf,full,both,inf,180.0,0.01,0.0,0.0,256,20,3,0.5,0.1,0.99,10.0,256,20,0,128,4,4.889005556278879,4.930870053697066,128.30248452820692,4511.389348924245,0.0,0.0,0.03125,160.0
mppi_flee,mppi_direct,300.0,1800.0,0.1,0.2,5.0,5.5,10.0,10.0,10,100.0,inf,full,both,inf,180.0,0.01,0.0,0.0,256,20,3,0.5,0.1,0.99,10.0,256,20,0,128,4,4.8905611665797615,5.41892221210617,132.24642179289685,5529.938154277257,0.0,0.0,0.03125,165.0
mppi_flee,mppi_direct,300.0,1800.0,0.1,0.2,5.0,6.25,10.0,10.0,10,100.0,inf,full,both,inf,180.0,0.01,0.0,0.0,256,20,3,0.5,0.1,0.99,10.0,256,20,0,128,3,4.918327274604462,6.169278164700372,129.69047256718738,6990.991389700079,0.0,0.0,0.0234375,160.0
mppi_flee,mppi_direct,300.0,1800.0,0.1,0.2,5.0,7.5,10.0,10.0,10,100.0,inf,full,both,inf,180.0,0.01,0.0,0.0,256,20,3,0.5,0.1,0.99,10.0,256,20,0,128,0,5.0,7.5,132.90025840224882,9499.636536627611,0.0,0.0,0.0,
mppi_flee,mppi_direct,300.0,1800.0,0.1,0.2,5.0,10.0,10.0,10.0,10,100.0,inf,full,both,inf,180.0,0.01,0.0,0.0,256,20,3,0.5,0.1,0.99,10.0,256,20,0,128,2,4.945460400877746,9.886096065561071,135.33223795580082,13229.160808601317,0.0,0.0,0.015625,165.0
mppi_flee,mppi_direct,300.0,1800.0,0.1,0.2,5.0,inf,10.0,10.0,10,100.0,inf,full,both,inf,180.0,0.01,0.0,0.0,256,20,3,0.5,0.1,0.99,10.0,256,20,0,128,4,4.891727447338054,33.242933178678825,134.982442216215,28485.02048408726,0.0,0.0,0.03125,175.0
mppi_flee,mppi_lqr,300.0,1800.0,0.1,0.025,5.0,1.25,10.0,10.0,10,100.0,inf,full,both,inf,180.0,0.01,0.0,0.0,256,20,3,0.5,0.1,0.99,10.0,256,20,0,128,128,2.6330862386146623,0.5356561432925416,4.382280691605064,5.730867381546399,0.0,0.0,1.0,320.0
mppi_flee,mppi_lqr,300.0,1800.0,0.1,0.025,5.0,2.5,10.0,10.0,10,100.0,inf,full,both,inf,180.0,0.01,0.0,0.0,256,20,3,0.5,0.1,0.99,10.0,256,20,0,128,128,2.661172830313326,0.5600924847285939,3.6854776733880894,5.247904673437163,0.0,0.0,1.0,320.0
mppi_flee,mppi_lqr,300.0,1800.0,0.1,0.025,5.0,3.75,10.0,10.0,10,100.0,inf,full,both,inf,180.0,0.01,0.0,0.0,256,20,3,0.5,0.1,0.99,10.0,256,20,0,128,128,2.661172830313326,0.5600924847285939,3.6854776733880894,5.247904673437163,0.0,0.0,1.0,320.0
mppi_flee,mppi_lqr,300.0,1800.0,0.1,0.025,5.0,4.5,10.0,10.0,10,100.0,inf,full,both,inf,180.0,0.01,0.0,0.0,256,20,3,0.5,0.1,0.99,10.0,256,20,0,128,128,2.661172830313326,0.5600924847285939,3.6854776733880894,5.247904673437163,0.0,0.0,1.0,320.0
mppi_flee,mppi_lqr,300.0,1800.0,0.1,0.025,5.0,5.0,10.0,10.0,10,100.0,inf,full,both,inf,180.0,0.01,0.0,0.0,256,20,3,0.5,0.1,0.99,10.0,256,20,0,128,128,2.661172830313326,0.5600924847285939,3.6854776733880894,5.247904673437163,0.0,0.0,1.0,320.0
mppi_flee,mppi_lqr,300.0,1800.0,0.1,0.025,5.0,5.5,10.0,10.0,10,100.0,inf,full,both,inf,180.0,0.01,0.0,0.0,256,20,3,0.5,0.1,0.99,10.0,256,20,0,128,128,2.661172830313326,0.5600924847285939,3.6854776733880894,5.247904673437163,0.0,0.0,1.0,320.0
mppi_flee,mppi_lqr,300.0,1800.0,0.1,0.025,5.0,6.25,10.0,10.0,10,100.0,inf,full,both,inf,180.0,0.01,0.0,0.0,256,20,3,0.5,0.1,0.99,10.0,256,20,0,128,128,2.661172830313326,0.5600924847285939,3.6854776733880894,5.247904673437163,0.0,0.0,1.0,320.0
mppi_flee,mppi_lqr,300.0,1800.0,0.1,0.025,5.0,7.5,10.0,10.0,10,100.0,inf,full,both,inf,180.0,0.01,0.0,0.0,256,20,3,0.5,0.1,0.99,10.0,256,20,0,128,128,2.661172830313326,0.5600924847285939,3.6854776733880894,5.247904673437163,0.0,0.0,1.0,320.0
mppi_flee,mppi_lqr,300.0,1800.0,0.1,0.025,5.0,10.0,10.0,10.0,10,100.0,inf,full,both,inf,180.0,0.01,0.0,0.0,256,20,3,0.5,0.1,0.99,10.0,256,20,0,128,128,2.661172830313326,0.5600924847285939,3.6854776733880894,5.247904673437163,0.0,0.0,1.0,320.0
mppi_flee,mppi_lqr,300.0,1800.0,0.1,0.025,5.0,inf,10.0,10.0,10,100.0,inf,full,both,inf,180.0,0.01,0.0,0.0,256,20,3,0.5,0.1,0.99,10.0,256,20,0,128,128,2.661172830313326,0.5600924847285939,3.6854776733880894,5.247904673437163,0.0,0.0,1.0,320.0
mppi_flee,mppi_lqr,300.0,1800.0,0.1,0.05,5.0,1.25,10.0,10.0,10,100.0,inf,full,both,inf,180.0,0.01,0.0,0.0,256,20,3,0.5,0.1,0.99,10.0,256,20,0,128,128,3.4443996092644986,1.25,3.8912416684671234,4.807427157545771,0.0,0.0,1.0,410.0
mppi_flee,mppi_lqr,300.0,1800.0,0.1,0.05,5.0,2.5,10.0,10.0,10,100.0,inf,full,both,inf,180.0,0.01,0.0,0.0,256,20,3,0.5,0.1,0.99,10.0,256,20,0,128,128,3.3663617814951667,1.569874256967836,5.908391999198865,6.410011650992511,0.0,0.0,1.0,390.0
mppi_flee,mppi_lqr,300.0,1800.0,0.1,0.05,5.0,3.75,10.0,10.0,10,100.0,inf,full,both,inf,180.0,0.01,0.0,0.0,256,20,3,0.5,0.1,0.99,10.0,256,20,0,128,126,3.562036865444845,1.8285223489475784,6.827105187288605,48.50357661578469,0.0,0.0,0.984375,410.0
mppi_flee,mppi_lqr,300.0,1800.0,0.1,0.05,5.0,4.5,10.0,10.0,10,100.0,inf,full,both,inf,180.0,0.01,0.0,0.0,256,20,3,0.5,0.1,0.99,10.0,256,20,0,128,126,3.564334643140943,1.843202700583819,6.944268195811795,57.63450106354533,0.0,0.0,0.984375,410.0
mppi_flee,mppi_lqr,300.0,1800.0,0.1,0.05,5.0,5.0,10.0,10.0,10,100.0,inf,full,both,inf,180.0,0.01,0.0,0.0,256,20,3,0.5,0.1,0.99,10.0,256,20,0,128,126,3.5643019254702586,1.8510218706206032,6.943365974943636,64.04241489162375,0.0,0.0,0.984375,410.0
mppi_flee,mppi_lqr,300.0,1800.0,0.1,0.05,5.0,5.5,10.0,10.0,10,100.0,inf,full,both,inf,180.0,0.01,0.0,0.0,256,20,3,0.5,0.1,0.99,10.0,256,20,0,128,126,3.564301924810146,1.8588343705989872,6.94336599440452,69.37470196631956,0.0,0.0,0.984375,410.0
mppi_flee,mppi_lqr,300.0,1800.0,0.1,0.05,5.0,6.25,10.0,10.0,10,100.0,inf,full,both,inf,180.0,0.01,0.0,0.0,256,20,3,0.5,0.1,0.99,10.0,256,20,0,128,126,3.564301924810146,1.8705531205989872,6.94336599440452,75.71661451984795,0.0,0.0,0.984375,410.0
mppi_flee,mppi_lqr,300.0,1800.0,0.1,0.05,5.0,7.5,10.0,10.0,10,100.0,inf,full,both,inf,180.0,0.01,0.0,0.0,256,20,3,0.5,0.1,0.99,10.0,256,20,0,128,126,3.564301924810146,1.8900843705989872,6.94336599440452,81.72660774888497,0.0,0.0,0.984375,410.0
mppi_flee,mppi_lqr,300.0,1800.0,0.1,0.05,5.0,10.0,10.0,10.0,10,100.0,inf,full,both,inf,180.0,0.01,0.0,0.0,256,20,3,0.5,0.1,0.99,10.0,256,20,0,128,126,3.564301924810146,1.9056400306118888,6.94336599440452,82.9809547021002,0.0,0.0,0.984375,410.0
mppi_flee,mppi_lqr,300.0,1800.0,0.1,0.05,5.0,inf,10.0,10.0,10,100.0,inf,full,both,inf,180.0,0.01,0.0,0.0,256,20,3,0.5,0.1,0.99,10.0,256,20,0,128,126,3.564301924810146,1.905561497652376,6.94336599440452,82.97886345571287,0.0,0.0,0.984375,410.0
mppi_flee,mppi_lqr,300.0,1800.0,0.1,0.075,5.0,1.25,10.0,10.0,10,100.0,inf,full,both,inf,180.0,0.01,0.0,0.0,256,20,3,0.5,0.1,0.99,10.0,256,20,0,128,128,3.693486988961568,1.25,3.153120065801811,5.025418539519175,0.0,0.0,1.0,440.0
mppi_flee,mppi_lqr,300.0,1800.0,0.1,0.075,5.0,2.5,10.0,10.0,10,100.0,inf,full,both,inf,180.0,0.01,0.0,0.0,256,20,3,0.5,0.1,0.99,10.0,256,20,0,128,128,4.8121089854206325,2.5,3.883336681491656,4.712125947333838,0.0,0.0,1.0,560.0
mppi_flee,mppi_lqr,300.0,1800.0,0.1,0.075,5.0,3.75,10.0,10.0,10,100.0,inf,full,both,inf,180.0,0.01,0.0,0.0,256,20,3,0.5,0.1,0.99,10.0,256,20,0,128,43,4.824405108985019,3.5768894669944538,50.62453484641964,1180.5249303736582,0.0,0.0,0.3359375,500.0
mppi_flee,mppi_lqr,300.0,1800.0,0.1,0.075,5.0,4.5,10.0,10.0,10,100.0,inf,full,both,inf,180.0,0.01,0.0,0.0,256,20,3,0.5,0.1,0.99,10.0,256,20,0,128,35,4.843424460287021,4.166442008006724,52.55608166363581,2080.284560550825,0.0,0.0,0.2734375,480.0
mppi_flee,mppi_lqr,300.0,1800.0,0.1,0.075,5.0,5.0,10.0,10.0,10,100.0,inf,full,both,inf,180.0,0.01,0.0,0.0,256,20,3,0.5,0.1,0.99,10.0,256,20,0,128,18,4.907962654123051,4.7551542534127424,56.73338164353904,2976.588122674423,0.0,0.0,0.140625,480.0
mppi_flee,mppi_lqr,300.0,1800.0,0.1,0.075,5.0,5.5,10.0,10.0,10,100.0,inf,full,both,inf,180.0,0.01,0.0,0.0,256,20,3,0.5,0.1,0.99,10.0,256,20,0,128,17,4.917194154690145,5.210801026764368,56.20892701092074,3488.130189691307,0.0,0.0,0.1328125,480.0
mppi_flee,mppi_lqr,300.0,1800.0,0.1,0.075,5.0,6.25,10.0,10.0,10,100.0,inf,full,both,inf,180.0,0.01,0.0,0.0,256,20,3,0.5,0.1,0.99,10.0,256,20,0,128,13,4.943339699838331,5.955050374315452,56.52015190363456,4309.957878029295,0.0,0.0,0.1015625,480.0
mppi_flee,mppi_lqr,300.0,1800.0,0.1,0.075,5.0,7.5,10.0,10.0,10,100.0,inf,full,both,inf,180.0,0.01,0.0,0.0,256,20,3,0.5,0.1,0.99,10.0,256,20,0,128,12,4.949892640973335,7.111734678988302,56.84197169133986,5339.776372728021,0.0,0.0,0.09375,480.0
mppi_flee,mppi_lqr,300.0,1800.0,0.1,0.075,5.0,10.0,10.0,10.0,10,100.0,inf,full,both,inf,180.0,0.01,0.0,0.0,256,20,3,0.5,0.1,0.99,10.0,256,20,0,128,12,4.949895691242584,9.377358615633284,56.84103058548116,6615.999867648027,0.0,0.0,0.09375,480.0
mppi_flee,mppi_lqr,300.0,1800.0,0.1,0.075,5.0,inf,10.0,10.0,10,100.0,inf,full,both,inf,180.0,0.01,0.0,0.0,256,20,3,0.5,0.1,0.99,10.0,256,20,0,128,12,4.949895691242584,11.970762835327289,56.84103058548116,7080.904935269853,0.0,0.0,0.09375,480.0
mppi_flee,mppi_lqr,300.0,1800.0,0.1,0.09,5.0,1.25,10.0,10.0,10,100.0,inf,full,both,inf,180.0,0.01,0.0,0.0,256,20,3,0.5,0.1,0.99,10.0,256,20,0,128,128,3.739338931653776,1.25,3.9031170506102857,5.739121857221763,0.0,0.0,1.0,440.0
mppi_flee,mppi_lqr,300.0,1800.0,0.1,0.09,5.0,2.5,10.0,10.0,10,100.0,inf,full,both,inf,180.0,0.01,0.0,0.0,256,20,3,0.5,0.1,0.99,10.0,256,20,0,128,127,4.9353966796468205,2.5,4.049874427163899,5.500548509246167,0.0,0.0,0.9921875,590.0
mppi_flee,mppi_lqr,300.0,1800.0,0.1,0.09,5.0,3.75,10.0,10.0,10,100.0,inf,full,both,inf,180.0,0.01,0.0,0.0,256,20,3,0.5,0.1,0.99,10.0,256,20,0,128,8,5.0,3.75,169.13924801015816,809.899992668784,0.0,0.0,0.0625,775.0
mppi_flee,mppi_lqr,300.0,1800.0,0.1,0.09,5.0,4.5,10.0,10.0,10,100.0,inf,full,both,inf,180.0,0.01,0.0,0.0,256,20,3,0.5,0.1,0.99,10.0,256,20,0,128,0,5.0,4.5,219.0775881721787,2169.3019434485263,0.0,0.0,0.0,
mppi_flee,mppi_lqr,300.0,1800.0,0.1,0.09,5.0,5.0,10.0,10.0,10,100.0,inf,full,both,inf,180.0,0.01,0.0,0.0,256,20,3,0.5,0.1,0.99,10.0,256,20,0,128,0,5.0,5.0,216.1418347972691,3028.812617650369,0.0,0.0,0.0,
mppi_flee,mppi_lqr,300.0,1800.0,0.1,0.09,5.0,5.5,10.0,10.0,10,100.0,inf,full,both,inf,180.0,0.01,0.0,0.0,256,20,3,0.5,0.1,0.99,10.0,256,20,0,128,0,5.0,5.5,214.0572017450592,3767.555390824611,0.0,0.0,0.0,
mppi_flee,mppi_lqr,300.0,1800.0,0.1,0.09,5.0,6.25,10.0,10.0,10,100.0,inf,full,both,inf,180.0,0.01,0.0,0.0,256,20,3,0.5,0.1,0.99,10.0,256,20,0,128,0,5.0,6.25,212.4178478394716,4746.675181389586,0.0,0.0,0.0,
mppi_flee,mppi_lqr,300.0,1800.0,0.1,0.09,5.0,7.5,10.0,10.0,10,100.0,inf,full,both,inf,180.0,0.01,0.0,0.0,256,20,3,0.5,0.1,0.99,10.0,256,20,0,128,0,5.0,7.5,212.17230871117712,6090.008526174668,0.0,0.0,0.0,
mppi_flee,mppi_lqr,300.0,1800.0,0.1,0.09,5.0,10.0,10.0,10.0,10,100.0,inf,full,both,inf,180.0,0.01,0.0,0.0,256,20,3,0.5,0.1,0.99,10.0,256,20,0,128,0,5.0,10.0,212.4296798638165,8131.6067106395185,0.0,0.0,0.0,
mppi_flee,mppi_lqr,300.0,1800.0,0.1,0.09,5.0,inf,10.0,10.0,10,100.0,inf,full,both,inf,180.0,0.01,0.0,0.0,256,20,3,0.5,0.1,0.99,10.0,256,20,0,128,0,5.0,15.469135621303908,212.42967930848815,9794.843785615312,0.0,0.0,0.0,
mppi_flee,mppi_lqr,300.0,1800.0,0.1,0.1,5.0,1.25,10.0,10.0,10,100.0,inf,full,both,inf,180.0,0.01,0.0,0.0,256,20,3,0.5,0.1,0.99,10.0,256,20,0,128,128,3.776654927476157,1.25,3.4452815499132305,5.115584227297689,0.0,0.0,1.0,450.0
mppi_flee,mppi_lqr,300.0,1800.0,0.1,0.1,5.0,2.5,10.0,10.0,10,100.0,inf,full,both,inf,180.0,0.01,0.0,0.0,256,20,3,0.5,0.1,0.99,10.0,256,20,0,128,128,4.9746335032334015,2.5,3.587084343996672,4.549791247442785,0.0,0.0,1.0,600.0
mppi_flee,mppi_lqr,300.0,1800.0,0.1,0.1,5.0,3.75,10.0,10.0,10,100.0,inf,full,both,inf,180.0,0.01,0.0,0.0,256,20,3,0.5,0.1,0.99,10.0,256,20,0,128,23,5.0,3.75,164.1397605053913,672.2825566076598,0.0,0.0,0.1796875,920.0
mppi_flee,mppi_lqr,300.0,1800.0,0.1,0.1,5.0,4.5,10.0,10.0,10,100.0,inf,full,both,inf,180.0,0.01,0.0,0.0,256,20,3,0.5,0.1,0.99,10.0,256,20,0,128,0,5.0,4.5,284.49444389134385,1948.8092290227935,0.0,0.0,0.0,
mppi_flee,mppi_lqr,300.0,1800.0,0.1,0.1,5.0,5.0,10.0,10.0,10,100.0,inf,full,both,inf,180.0,0.01,0.0,0.0,256,20,3,0.5,0.1,0.99,10.0,256,20,0,128,0,5.0,5.0,283.39052621151296,2823.487113175661,0.0,0.0,0.0,
mppi_flee,mppi_lqr,300.0,1800.0,0.1,0.1,5.0,5.5,10.0,10.0,10,100.0,inf,full,both,inf,180.0,0.01,0.0,0.0,256,20,3,0.5,0.1,0.99,10.0,256,20,0,128,0,5.0,5.5,282.2915712517707,3643.581451854869,0.0,0.0,0.0,
mppi_flee,mppi_lqr,300.0,1800.0,0.1,0.1,5.0,6.25,10.0,10.0,10,100.0,inf,full,both,inf,180.0,0.01,0.0,0.0,256,20,3,0.5,0.1,0.99,10.0,256,20,0,128,0,5.0,6.25,280.37585890826534,4765.74635225108,0.0,0.0,0.0,
mppi_flee,mppi_lqr,300.0,1800.0,0.1,0.1,5.0,7.5,10.0,10.0,10,100.0,inf,full,both,inf,180.0,0.01,0.0,0.0,256,20,3,0.5,0.1,0.99,10.0,256,20,0,128,0,5.0,7.5,280.47146146531,6358.833736623662,0.0,0.0,0.0,
mppi_flee,mppi_lqr,300.0,1800.0,0.1,0.1,5.0,10.0,10.0,10.0,10,100.0,inf,full,both,inf,180.0,0.01,0.0,0.0,256,20,3,0.5,0.1,0.99,10.0,256,20,0,128,0,5.0,10.0,280.4166483179942,8750.398053881281,0.0,0.0,0.0,
mppi_flee,mppi_lqr,300.0,1800.0,0.1,0.1,5.0,inf,10.0,10.0,10,100.0,inf,full,both,inf,180.0,0.01,0.0,0.0,256,20,3,0.5,0.1,0.99,10.0,256,20,0,128,0,5.0,17.200441270322166,280.41733566095763,11400.946540529369,0.0,0.0,0.0,
mppi_flee,mppi_lqr,300.0,1800.0,0.1,0.11,5.0,1.25,10.0,10.0,10,100.0,inf,full,both,inf,180.0,0.01,0.0,0.0,256,20,3,0.5,0.1,0.99,10.0,256,20,0,128,128,3.816185987101218,1.25,2.952223751909192,5.177644058093961,0.0,0.0,1.0,450.0
mppi_flee,mppi_lqr,300.0,1800.0,0.1,0.11,5.0,2.5,10.0,10.0,10,100.0,inf,full,both,inf,180.0,0.01,0.0,0.0,256,20,3,0.5,0.1,0.99,10.0,256,20,0,128,128,4.983528562631142,2.5,3.31398274769316,4.493768823270688,0.0,0.0,1.0,630.0
mppi_flee,mppi_lqr,300.0,1800.0,0.1,0.11,5.0,3.75,10.0,10.0,10,100.0,inf,full,both,inf,180.0,0.01,0.0,0.0,256,20,3,0.5,0.1,0.99,10.0,256,20,0,128,33,5.0,3.75,161.18180897036672,630.3732360091986,0.0,0.0,0.2578125,900.0
mppi_flee,mppi_lqr,300.0,1800.0,0.1,0.11,5.0,4.5,10.0,10.0,10,100.0,inf,full,both,inf,180.0,0.01,0.0,0.0,256,20,3,0.5,0.1,0.99,10.0,256,20,0,128,0,5.0,4.5,289.4233785974982,1801.5115797978608,0.0,0.0,0.0,
mppi_flee,mppi_lqr,300.0,1800.0,0.1,0.11,5.0,5.0,10.0,10.0,10,100.0,inf,full,both,inf,180.0,0.01,0.0,0.0,256,20,3,0.5,0.1,0.99,10.0,256,20,0,128,0,5.0,5.0,295.69999009543136,2654.529125864693,0.0,0.0,0.0,
mppi_flee,mppi_lqr,300.0,1800.0,0.1,0.11,5.0,5.5,10.0,10.0,10,100.0,inf,full,both,inf,180.0,0.01,0.0,0.0,256,20,3,0.5,0.1,0.99,10.0,256,20,0,128,0,5.0,5.5,296.0225657575705,3456.649176848743,0.0,0.0,0.0,
mppi_flee,mppi_lqr,300.0,1800.0,0.1,0.11,5.0,6.25,10.0,10.0,10,100.0,inf,full,both,inf,180.0,0.01,0.0,0.0,256,20,3,0.5,0.1,0.99,10.0,256,20,0,128,0,5.0,6.25,296.0298848505332,4614.549860689851,0.0,0.0,0.0,
mppi_flee,mppi_lqr,300.0,1800.0,0.1,0.11,5.0,7.5,10.0,10.0,10,100.0,inf,full,both,inf,180.0,0.01,0.0,0.0,256,20,3,0.5,0.1,0.99,10.0,256,20,0,128,0,5.0,7.5,296.13611181908595,6269.617059525381,0.0,0.0,0.0,
mppi_flee,mppi_lqr,300.0,1800.0,0.1,0.11,5.0,10.0,10.0,10.0,10,100.0,inf,full,both,inf,180.0,0.01,0.0,0.0,256,20,3,0.5,0.1,0.99,10.0,256,20,0,128,0,5.0,10.0,296.1345956111111,8955.15301471111,0.0,0.0,0.0,
mppi_flee,mppi_lqr,300.0,1800.0,0.1,0.11,5.0,inf,10.0,10.0,10,100.0,inf,full,both,inf,180.0,0.01,0.0,0.0,256,20,3,0.5,0.1,0.99,10.0,256,20,0,128,0,5.0,18.915293882426347,296.1345956111111,12671.8422759419,0.0,0.0,0.0,
mppi_flee,mppi_lqr,300.0,1800.0,0.1,0.125,5.0,1.25,10.0,10.0,10,100.0,inf,full,both,inf,180.0,0.01,0.0,0.0,256,20,3,0.5,0.1,0.99,10.0,256,20,0,128,128,3.824177042001271,1.25,3.584903016422843,5.268038841787981,0.0,0.0,1.0,450.0
mppi_flee,mppi_lqr,300.0,1800.0,0.1,0.125,5.0,2.5,10.0,10.0,10,100.0,inf,full,both,inf,180.0,0.01,0.0,0.0,256,20,3,0.5,0.1,0.99,10.0,256,20,0,128,128,4.994862823411646,2.5,3.266401386384038,4.624485136657958,0.0,0.0,1.0,640.0
mppi_flee,mppi_lqr,300.0,1800.0,0.1,0.125,5.0,3.75,10.0,10.0,10,100.0,inf,full,both,inf,180.0,0.01,0.0,0.0,256,20,3,0.5,0.1,0.99,10.0,256,20,0,128,33,5.0,3.75,174.7091263342833,628.4470709975427,0.0,0.0,0.2578125,930.0
mppi_flee,mppi_lqr,300.0,1800.0,0.1,0.125,5.0,4.5,10.0,10.0,10,100.0,inf,full,both,inf,180.0,0.01,0.0,0.0,256,20,3,0.5,0.1,0.99,10.0,256,20,0,128,0,5.0,4.5,289.5834374427459,1784.139480131326,0.0,0.0,0.0,
mppi_flee,mppi_lqr,300.0,1800.0,0.1,0.125,5.0,5.0,10.0,10.0,10,100.0,inf,full,both,inf,180.0,0.01,0.0,0.0,256,20,3,0.5,0.1,0.99,10.0,256,20,0,128,0,5.0,5.0,298.659856438822,2664.410891603355,0.0,0.0,0.0,
mppi_flee,mppi_lqr,300.0,1800.0,0.1,0.125,5.0,5.5,10.0,10.0,10,100.0,inf,full,both,inf,180.0,0.01,0.0,0.0,256,20,3,0.5,0.1,0.99,10.0,256,20,0,128,0,5.0,5.5,298.3684109499559,3452.660148933382,0.0,0.0,0.0,
mppi_flee,mppi_lqr,300.0,1800.0,0.1,0.125,5.0,6.25,10.0,10.0,10,100.0,inf,full,both,inf,180.0,0.01,0.0,0.0,256,20,3,0.5,0.1,0.99,10.0,256,20,0,128,0,5.0,6.25,298.4568132578594,4734.0940922665,0.0,0.0,0.0,
mppi_flee,mppi_lqr,300.0,1800.0,0.1,0.125,5.0,7.5,10.0,10.0,10,100.0,inf,full,both,inf,180.0,0.01,0.0,0.0,256,20,3,0.5,0.1,0.99,10.0,256,20,0,128,0,5.0,7.5,298.56158234223886,6599.647240815991,0.0,0.0,0.0,
mppi_flee,mppi_lqr,300.0,1800.0,0.1,0.125,5.0,10.0,10.0,10.0,10,100.0,inf,full,both,inf,180.0,0.01,0.0,0.0,256,20,3,0.5,0.1,0.99,10.0,256,20,0,128,0,5.0,10.0,298.56947088611145,9633.379976614093,0.0,0.0,0.0,
mppi_flee,mppi_lqr,300.0,1800.0,0.1,0.125,5.0,inf,10.0,10.0,10,100.0,inf,full,both,inf,180.0,0.01,0.0,0.0,256,20,3,0.5,0.1,0.99,10.0,256,20,0,128,0,5.0,21.48070931781886,298.56947088614845,15158.975726157763,0.0,0.0,0.0,
mppi_flee,mppi_lqr,300.0,1800.0,0.1,0.15,5.0,1.25,10.0,10.0,10,100.0,inf,full,both,inf,180.0,0.01,0.0,0.0,256,20,3,0.5,0.1,0.99,10.0,256,20,0,128,128,3.8709956083508152,1.25,2.9221156358021503,5.176206589338868,0.0,0.0,1.0,460.0
mppi_flee,mppi_lqr,300.0,1800.0,0.1,0.15,5.0,2.5,10.0,10.0,10,100.0,inf,full,both,inf,180.0,0.01,0.0,0.0,256,20,3,0.5,0.1,0.99,10.0,256,20,0,128,128,4.999729449931556,2.5,3.388058737326169,4.578473724508475,0.0,0.0,1.0,660.0
mppi_flee,mppi_lqr,300.0,1800.0,0.1,0.15,5.0,3.75,10.0,10.0,10,100.0,inf,full,both,inf,180.0,0.01,0.0,0.0,256,20,3,0.5,0.1,0.99,10.0,256,20,0,128,32,5.0,3.75,186.13609534841,741.1843374530256,0.0,0.0,0.25,965.0
mppi_flee,mppi_lqr,300.0,1800.0,0.1,0.15,5.0,4.5,10.0,10.0,10,100.0,inf,full,both,inf,180.0,0.01,0.0,0.0,256,20,3,0.5,0.1,0.99,10.0,256,20,0,128,0,5.0,4.5,288.03997792472404,1950.8059279107551,0.0,0.0,0.0,
mppi_flee,mppi_lqr,300.0,1800.0,0.1,0.15,5.0,5.0,10.0,10.0,10,100.0,inf,full,both,inf,180.0,0.01,0.0,0.0,256,20,3,0.5,0.1,0.99,10.0,256,20,0,128,0,5.0,5.0,298.5260647745997,2843.455636031848,0.0,0.0,0.0,
mppi_flee,mppi_lqr,300.0,1800.0,0.1,0.15,5.0,5.5,10.0,10.0,10,100.0,inf,full,both,inf,180.0,0.01,0.0,0.0,256,20,3,0.5,0.1,0.99,10.0,256,20,0,128,0,5.0,5.5,297.6937843559983,3654.97305618619,0.0,0.0,0.0,
mppi_flee,mppi_lqr,300.0,1800.0,0.1,0.15,5.0,6.25,10.0,10.0,10,100.0,inf,full,both,inf,180.0,0.01,0.0,0.0,256,20,3,0.5,0.1,0.99,10.0,256,20,0,128,0,5.0,6.25,297.53899373019004,5063.209114881663,0.0,0.0,0.0,
mppi_flee,mppi_lqr,300.0,1800.0,0.1,0.15,5.0,7.5,10.0,10.0,10,100.0,inf,full,both,inf,180.0,0.01,0.0,0.0,256,20,3,0.5,0.1,0.99,10.0,256,20,0,128,0,5.0,7.5,297.68380131643846,7006.870150098455,0.0,0.0,0.0,
mppi_flee,mppi_lqr,300.0,1800.0,0.1,0.15,5.0,10.0,10.0,10.0,10,100.0,inf,full,both,inf,180.0,0.01,0.0,0.0,256,20,3,0.5,0.1,0.99,10.0,256,20,0,128,0,5.0,10.0,297.74786472671394,10506.98028437843,0.0,0.0,0.0,
mppi_flee,mppi_lqr,300.0,1800.0,0.1,0.15,5.0,inf,10.0,10.0,10,100.0,inf,full,both,inf,180.0,0.01,0.0,0.0,256,20,3,0.5,0.1,0.99,10.0,256,20,0,128,0,5.0,25.775684670786653,297.7477972965812,19350.390198724424,0.0,0.0,0.0,
mppi_flee,mppi_lqr,300.0,1800.0,0.1,0.2,5.0,1.25,10.0,10.0,10,100.0,inf,full,both,inf,180.0,0.01,0.0,0.0,256,20,3,0.5,0.1,0.99,10.0,256,20,0,128,128,3.913615670451339,1.25,3.086403290974457,5.957992605004436,0.0,0.0,1.0,460.0
mppi_flee,mppi_lqr,300.0,1800.0,0.1,0.2,5.0,2.5,10.0,10.0,10,100.0,inf,full,both,inf,180.0,0.01,0.0,0.0,256,20,3,0.5,0.1,0.99,10.0,256,20,0,128,128,5.0,2.5,3.380938437018748,4.993736443341255,0.0,0.0,1.0,680.0
mppi_flee,mppi_lqr,300.0,1800.0,0.1,0.2,5.0,3.75,10.0,10.0,10,100.0,inf,full,both,inf,180.0,0.01,0.0,0.0,256,20,3,0.5,0.1,0.99,10.0,256,20,0,128,25,5.0,3.75,218.35185991502223,882.5080656401798,0.0,0.0,0.1953125,980.0
mppi_flee,mppi_lqr,300.0,1800.0,0.1,0.2,5.0,4.5,10.0,10.0,10,100.0,inf,full,both,inf,180.0,0.01,0.0,0.0,256,20,3,0.5,0.1,0.99,10.0,256,20,0,128,0,5.0,4.5,289.7167161155823,2242.3531035070355,0.0,0.0,0.0,
mppi_flee,mppi_lqr,300.0,1800.0,0.1,0.2,5.0,5.0,10.0,10.0,10,100.0,inf,full,both,inf,180.0,0.01,0.0,0.0,256,20,3,0.5,0.1,0.99,10.0,256,20,0,128,0,5.0,5.0,297.47592087885306,3260.7574222568724,0.0,0.0,0.0,
mppi_flee,mppi_lqr,300.0,1800.0,0.1,0.2,5.0,5.5,10.0,10.0,10,100.0,inf,full,both,inf,180.0,0.01,0.0,0.0,256,20,3,0.5,0.1,0.99,10.0,256,20,0,128,0,5.0,5.5,293.2111561985943,4417.0744635126775,0.0,0.0,0.0,
mppi_flee,mppi_lqr,300.0,1800.0,0.1,0.2,5.0,6.25,10.0,10.0,10,100.0,inf,full,both,inf,180.0,0.01,0.0,0.0,256,20,3,0.5,0.1,0.99,10.0,256,20,0,128,0,5.0,6.25,295.4696524964536,5775.628297761375,0.0,0.0,0.0,
mppi_flee,mppi_lqr,300.0,1800.0,0.1,0.2,5.0,7.5,10.0,10.0,10,100.0,inf,full,both,inf,180.0,0.01,0.0,0.0,256,20,3,0.5,0.1,0.99,10.0,256,20,0,128,0,5.0,7.5,294.3822120483724,8009.346260293319,0.0,0.0,0.0,
mppi_flee,mppi_lqr,300.0,1800.0,0.1,0.2,5.0,10.0,10.0,10.0,10,100.0,inf,full,both,inf,180.0,0.01,0.0,0.0,256,20,3,0.5,0.1,0.99,10.0,256,20,0,128,0,5.0,10.0,294.8390136897567,11934.783041671586,0.0,0.0,0.0,
mppi_flee,mppi_lqr,300.0,1800.0,0.1,0.2,5.0,inf,10.0,10.0,10,100.0,inf,full,both,inf,180.0,0.01,0.0,0.0,256,20,3,0.5,0.1,0.99,10.0,256,20,0,128,0,5.0,34.335483940788635,294.885355856538,27889.21875760479,0.0,0.0,0.0,
mppi_flee,random,300.0,1800.0,0.1,0.025,5.0,1.25,10.0,10.0,10,100.0,inf,full,both,inf,180.0,0.01,0.0,0.0,256,20,3,0.5,0.1,0.99,10.0,256,20,0,128,128,2.362316539148441,0.5444005114798419,3.046536581161976,5.366870446459964,0.0,0.0,1.0,290.0
mppi_flee,random,300.0,1800.0,0.1,0.025,5.0,2.5,10.0,10.0,10,100.0,inf,full,both,inf,180.0,0.01,0.0,0.0,256,20,3,0.5,0.1,0.99,10.0,256,20,0,128,128,2.363960627765256,0.5437804092765928,3.3969974975290342,5.416280253957355,0.0,0.0,1.0,290.0
mppi_flee,random,300.0,1800.0,0.1,0.025,5.0,3.75,10.0,10.0,10,100.0,inf,full,both,inf,180.0,0.01,0.0,0.0,256,20,3,0.5,0.1,0.99,10.0,256,20,0,128,128,2.363960627765256,0.5437804092765928,3.3969974975290342,5.416280253957355,0.0,0.0,1.0,290.0
mppi_flee,random,300.0,1800.0,0.1,0.025,5.0,4.5,10.0,10.0,10,100.0,inf,full,both,inf,180.0,0.01,0.0,0.0,256,20,3,0.5,0.1,0.99,10.0,256,20,0,128,128,2.363960627765256,0.5437804092765928,3.3969974975290342,5.416280253957355,0.0,0.0,1.0,290.0
mppi_flee,random,300.0,1800.0,0.1,0.025,5.0,5.0,10.0,10.0,10,100.0,inf,full,both,inf,180.0,0.01,0.0,0.0,256,20,3,0.5,0.1,0.99,10.0,256,20,0,128,128,2.363960627765256,0.5437804092765928,3.3969974975290342,5.416280253957355,0.0,0.0,1.0,290.0
mppi_flee,random,300.0,1800.0,0.1,0.025,5.0,5.5,10.0,10.0,10,100.0,inf,full,both,inf,180.0,0.01,0.0,0.0,256,20,3,0.5,0.1,0.99,10.0,256,20,0,128,128,2.363960627765256,0.5437804092765928,3.3969974975290342,5.416280253957355,0.0,0.0,1.0,290.0
mppi_flee,random,300.0,1800.0,0.1,0.025,5.0,6.25,10.0,10.0,10,100.0,inf,full,both,inf,180.0,0.01,0.0,0.0,256,20,3,0.5,0.1,0.99,10.0,256,20,0,128,128,2.363960627765256,0.5437804092765928,3.3969974975290342,5.416280253957355,0.0,0.0,1.0,290.0
mppi_flee,random,300.0,1800.0,0.1,0.025,5.0,7.5,10.0,10.0,10,100.0,inf,full,both,inf,180.0,0.01,0.0,0.0,256,20,3,0.5,0.1,0.99,10.0,256,20,0,128,128,2.363960627765256,0.5437804092765928,3.3969974975290342,5.416280253957355,0.0,0.0,1.0,290.0
mppi_flee,random,300.0,1800.0,0.1,0.025,5.0,10.0,10.0,10.0,10,100.0,inf,full,both,inf,180.0,0.01,0.0,0.0,256,20,3,0.5,0.1,0.99,10.0,256,20,0,128,128,2.363960627765256,0.5437804092765928,3.3969974975290342,5.416280253957355,0.0,0.0,1.0,290.0
mppi_flee,random,300.0,1800.0,0.1,0.025,5.0,inf,10.0,10.0,10,100.0,inf,full,both,inf,180.0,0.01,0.0,0.0,256,20,3,0.5,0.1,0.99,10.0,256,20,0,128,128,2.363960627765256,0.5437804092765928,3.3969974975290342,5.416280253957355,0.0,0.0,1.0,290.0
mppi_flee,random,300.0,1800.0,0.1,0.05,5.0,1.25,10.0,10.0,10,100.0,inf,full,both,inf,180.0,0.01,0.0,0.0,256,20,3,0.5,0.1,0.99,10.0,256,20,0,128,128,2.389989253526791,1.071761654462721,4.2477786772862345,5.946898202192731,0.0,0.0,1.0,280.0
mppi_flee,random,300.0,1800.0,0.1,0.05,5.0,2.5,10.0,10.0,10,100.0,inf,full,both,inf,180.0,0.01,0.0,0.0,256,20,3,0.5,0.1,0.99,10.0,256,20,0,128,128,2.3954834140483023,1.0792069239400122,3.974136244786485,5.623855788309108,0.0,0.0,1.0,290.0
mppi_flee,random,300.0,1800.0,0.1,0.05,5.0,3.75,10.0,10.0,10,100.0,inf,full,both,inf,180.0,0.01,0.0,0.0,256,20,3,0.5,0.1,0.99,10.0,256,20,0,128,128,2.394747160224082,1.079721661664018,3.809695550975263,5.437580595187265,0.0,0.0,1.0,290.0
mppi_flee,random,300.0,1800.0,0.1,0.05,5.0,4.5,10.0,10.0,10,100.0,inf,full,both,inf,180.0,0.01,0.0,0.0,256,20,3,0.5,0.1,0.99,10.0,256,20,0,128,128,2.3947474471869805,1.079721661664018,3.809699830692588,5.437571091337597,0.0,0.0,1.0,290.0
mppi_flee,random,300.0,1800.0,0.1,0.05,5.0,5.0,10.0,10.0,10,100.0,inf,full,both,inf,180.0,0.01,0.0,0.0,256,20,3,0.5,0.1,0.99,10.0,256,20,0,128,128,2.3947474471869805,1.079721661664018,3.809699830692588,5.437571091337597,0.0,0.0,1.0,290.0
mppi_flee,random,300.0,1800.0,0.1,0.05,5.0,5.5,10.0,10.0,10,100.0,inf,full,both,inf,180.0,0.01,0.0,0.0,256,20,3,0.5,0.1,0.99,10.0,256,20,0,128,128,2.3947474471869805,1.079721661664018,3.809699830692588,5.437571091337597,0.0,0.0,1.0,290.0
mppi_flee,random,300.0,1800.0,0.1,0.05,5.0,6.25,10.0,10.0,10,100.0,inf,full,both,inf,180.0,0.01,0.0,0.0,256,20,3,0.5,0.1,0.99,10.0,256,20,0,128,128,2.3947474471869805,1.079721661664018,3.809699830692588,5.437571091337597,0.0,0.0,1.0,290.0
mppi_flee,random,300.0,1800.0,0.1,0.05,5.0,7.5,10.0,10.0,10,100.0,inf,full,both,inf,180.0,0.01,0.0,0.0,256,20,3,0.5,0.1,0.99,10.0,256,20,0,128,128,2.3947474471869805,1.079721661664018,3.809699830692588,5.437571091337597,0.0,0.0,1.0,290.0
mppi_flee,random,300.0,1800.0,0.1,0.05,5.0,10.0,10.0,10.0,10,100.0,inf,full,both,inf,180.0,0.01,0.0,0.0,256,20,3,0.5,0.1,0.99,10.0,256,20,0,128,128,2.3947474471869805,1.079721661664018,3.809699830692588,5.437571091337597,0.0,0.0,1.0,290.0
mppi_flee,random,300.0,1800.0,0.1,0.05,5.0,inf,10.0,10.0,10,100.0,inf,full,both,inf,180.0,0.01,0.0,0.0,256,20,3,0.5,0.1,0.99,10.0,256,20,0,128,128,2.3947474471869805,1.079721661664018,3.809699830692588,5.437571091337597,0.0,0.0,1.0,290.0
mppi_flee,random,300.0,1800.0,0.1,0.075,5.0,1.25,10.0,10.0,10,100.0,inf,full,both,inf,180.0,0.01,0.0,0.0,256,20,3,0.5,0.1,0.99,10.0,256,20,0,128,128,2.3956441023530304,1.25,3.6090988909027946,5.376138689418648,0.0,0.0,1.0,290.0
mppi_flee,random,300.0,1800.0,0.1,0.075,5.0,2.5,10.0,10.0,10,100.0,inf,full,both,inf,180.0,0.01,0.0,0.0,256,20,3,0.5,0.1,0.99,10.0,256,20,0,128,128,2.413228587595364,1.5814825363423026,4.871173702869927,6.710974356614237,0.0,0.0,1.0,280.0
mppi_flee,random,300.0,1800.0,0.1,0.075,5.0,3.75,10.0,10.0,10,100.0,inf,full,both,inf,180.0,0.01,0.0,0.0,256,20,3,0.5,0.1,0.99,10.0,256,20,0,128,128,2.4597495612985183,1.610338143902744,5.077436687158773,6.557621766981628,0.0,0.0,1.0,280.0
mppi_flee,random,300.0,1800.0,0.1,0.075,5.0,4.5,10.0,10.0,10,100.0,inf,full,both,inf,180.0,0.01,0.0,0.0,256,20,3,0.5,0.1,0.99,10.0,256,20,0,128,128,2.456312027894745,1.609430680787716,4.994117446834604,6.530730799822383,0.0,0.0,1.0,280.0
mppi_flee,random,300.0,1800.0,0.1,0.075,5.0,5.0,10.0,10.0,10,100.0,inf,full,both,inf,180.0,0.01,0.0,0.0,256,20,3,0.5,0.1,0.99,10.0,256,20,0,128,128,2.4571053796374978,1.6097235082373724,4.950647935767957,6.511194076159764,0.0,0.0,1.0,280.0
mppi_flee,random,300.0,1800.0,0.1,0.075,5.0,5.5,10.0,10.0,10,100.0,inf,full,both,inf,180.0,0.01,0.0,0.0,256,20,3,0.5,0.1,0.99,10.0,256,20,0,128,128,2.457086246865045,1.6097235082373724,4.95192550341849,6.512066834127627,0.0,0.0,1.0,280.0
mppi_flee,random,300.0,1800.0,0.1,0.075,5.0,6.25,10.0,10.0,10,100.0,inf,full,both,inf,180.0,0.01,0.0,0.0,256,20,3,0.5,0.1,0.99,10.0,256,20,0,128,128,2.457084333753375,1.6097235082373724,4.952000708432675,6.5120863858575895,0.0,0.0,1.0,280.0
mppi_flee,random,300.0,1800.0,0.1,0.075,5.0,7.5,10.0,10.0,10,100.0,inf,full,both,inf,180.0,0.01,0.0,0.0,256,20,3,0.5,0.1,0.99,10.0,256,20,0,128,128,2.457084333577541,1.6097235082373724,4.952000712119738,6.512086389544653,0.0,0.0,1.0,280.0
mppi_flee,random,300.0,1800.0,0.1,0.075,5.0,10.0,10.0,10.0,10,100.0,inf,full,both,inf,180.0,0.01,0.0,0.0,256,20,3,0.5,0.1,0.99,10.0,256,20,0,128,128,2.457084333577541,1.6097235082373724,4.952000712119738,6.512086389544653,0.0,0.0,1.0,280.0
mppi_flee,random,300.0,1800.0,0.1,0.075,5.0,inf,10.0,10.0,10,100.0,inf,full,both,inf,180.0,0.01,0.0,0.0,256,20,3,0.5,0.1,0.99,10.0,256,20,0,128,128,2.457084333577541,1.6097235082373724,4.952000712119738,6.512086389544653,0.0,0.0,1.0,280.0
mppi_flee,random,300.0,1800.0,0.1,0.09,5.0,1.25,10.0,10.0,10,100.0,inf,full,both,inf,180.0,0.01,0.0,0.0,256,20,3,0.5,0.1,0.99,10.0,256,20,0,128,128,2.3946258802351914,1.25,3.763779981786477,5.300615464457539,0.0,0.0,1.0,290.0
mppi_flee,random,300.0,1800.0,0.1,0.09,5.0,2.5,10.0,10.0,10,100.0,inf,full,both,inf,180.0,0.01,0.0,0.0,256,20,3,0.5,0.1,0.99,10.0,256,20,0,128,128,2.442932981421948,1.9034500630154467,4.844385384292003,6.639827110469834,0.0,0.0,1.0,280.0
mppi_flee,random,300.0,1800.0,0.1,0.09,5.0,3.75,10.0,10.0,10,100.0,inf,full,both,inf,180.0,0.01,0.0,0.0,256,20,3,0.5,0.1,0.99,10.0,256,20,0,128,128,2.4596911127292804,1.9064822045512744,5.36604353276829,7.171627694972396,0.0,0.0,1.0,280.0
mppi_flee,random,300.0,1800.0,0.1,0.09,5.0,4.5,10.0,10.0,10,100.0,inf,full,both,inf,180.0,0.01,0.0,0.0,256,20,3,0.5,0.1,0.99,10.0,256,20,0,128,128,2.4774091325794547,1.9208052925207424,5.203280407174318,6.689526086868429,0.0,0.0,1.0,280.0
mppi_flee,random,300.0,1800.0,0.1,0.09,5.0,5.0,10.0,10.0,10,100.0,inf,full,both,inf,180.0,0.01,0.0,0.0,256,20,3,0.5,0.1,0.99,10.0,256,20,0,128,128,2.468242108095977,1.9176044722853105,5.126957756333162,6.658885308117999,0.0,0.0,1.0,280.0
mppi_flee,random,300.0,1800.0,0.1,0.09,5.0,5.5,10.0,10.0,10,100.0,inf,full,both,inf,180.0,0.01,0.0,0.0,256,20,3,0.5,0.1,0.99,10.0,256,20,0,128,128,2.4654842201689915,1.916548443231294,5.130526921098919,6.628933930623022,0.0,0.0,1.0,280.0
mppi_flee,random,300.0,1800.0,0.1,0.09,5.0,6.25,10.0,10.0,10,100.0,inf,full,both,inf,180.0,0.01,0.0,0.0,256,20,3,0.5,0.1,0.99,10.0,256,20,0,128,128,2.465989550064088,1.9171152636747104,5.100685378620452,6.646662288760639,0.0,0.0,1.0,280.0
mppi_flee,random,300.0,1800.0,0.1,0.09,5.0,7.5,10.0,10.0,10,100.0,inf,full,both,inf,180.0,0.01,0.0,0.0,256,20,3,0.5,0.1,0.99,10.0,256,20,0,128,128,2.4660044606227576,1.9171152636747104,5.101437918046628,6.647634065153444,0.0,0.0,1.0,280.0
mppi_flee,random,300.0,1800.0,0.1,0.09,5.0,10.0,10.0,10.0,10,100.0,inf,full,both,inf,180.0,0.01,0.0,0.0,256,20,3,0.5,0.1,0.99,10.0,256,20,0,128,128,2.466004457332043,1.9171152636747104,5.101437900388552,6.6476340467337,0.0,0.0,1.0,280.0
mppi_flee,random,300.0,1800.0,0.1,0.09,5.0,inf,10.0,10.0,10,100.0,inf,full,both,inf,180.0,0.01,0.0,0.0,256,20,3,0.5,0.1,0.99,10.0,256,20,0,128,128,2.466004457332043,1.9171152636747104,5.101437900388552,6.6476340467337,0.0,0.0,1.0,280.0
mppi_flee,random,300.0,1800.0,0.1,0.1,5.0,1.25,10.0,10.0,10,100.0,inf,full,both,inf,180.0,0.01,0.0,0.0,256,20,3,0.5,0.1,0.99,10.0,256,20,0,128,128,2.402884952952018,1.25,3.406181298047822,4.923070951323665,0.0,0.0,1.0,300.0
mppi_flee,random,300.0,1800.0,0.1,0.1,5.0,2.5,10.0,10.0,10,100.0,inf,full,both,inf,180.0,0.01,0.0,0.0,256,20,3,0.5,0.1,0.99,10.0,256,20,0,128,128,2.524730199067299,2.133794497318984,5.329249486232346,6.694172150391633,0.0,0.0,1.0,280.0
mppi_flee,random,300.0,1800.0,0.1,0.1,5.0,3.75,10.0,10.0,10,100.0,inf,full,both,inf,180.0,0.01,0.0,0.0,256,20,3,0.5,0.1,0.99,10.0,256,20,0,128,128,2.511710243409837,2.141508013055621,5.5667378195810455,7.526098236290737,0.0,0.0,1.0,280.0
mppi_flee,random,300.0,1800.0,0.1,0.1,5.0,4.5,10.0,10.0,10,100.0,inf,full,both,inf,180.0,0.01,0.0,0.0,256,20,3,0.5,0.1,0.99,10.0,256,20,0,128,128,2.547866239033146,2.16951102338615,5.224649575507961,6.885274141342094,0.0,0.0,1.0,280.0
mppi_flee,random,300.0,1800.0,0.1,0.1,5.0,5.0,10.0,10.0,10,100.0,inf,full,both,inf,180.0,0.01,0.0,0.0,256,20,3,0.5,0.1,0.99,10.0,256,20,0,128,128,2.5429484102345,2.1721096351267373,5.363172320001829,6.904808760428652,0.0,0.0,1.0,280.0
mppi_flee,random,300.0,1800.0,0.1,0.1,5.0,5.5,10.0,10.0,10,100.0,inf,full,both,inf,180.0,0.01,0.0,0.0,256,20,3,0.5,0.1,0.99,10.0,256,20,0,128,128,2.531336179485141,2.162202057277682,5.101144106869215,6.766335867733483,0.0,0.0,1.0,280.0
mppi_flee,random,300.0,1800.0,0.1,0.1,5.0,6.25,10.0,10.0,10,100.0,inf,full,both,inf,180.0,0.01,0.0,0.0,256,20,3,0.5,0.1,0.99,10.0,256,20,0,128,128,2.531817454172076,2.159637670199655,5.252154614202879,6.82917755568865,0.0,0.0,1.0,280.0
mppi_flee,random,300.0,1800.0,0.1,0.1,5.0,7.5,10.0,10.0,10,100.0,inf,full,both,inf,180.0,0.01,0.0,0.0,256,20,3,0.5,0.1,0.99,10.0,256,20,0,128,128,2.531734139840771,2.159297865582426,5.23917638238972,6.8280400480822285,0.0,0.0,1.0,280.0
mppi_flee,random,300.0,1800.0,0.1,0.1,5.0,10.0,10.0,10.0,10,100.0,inf,full,both,inf,180.0,0.01,0.0,0.0,256,20,3,0.5,0.1,0.99,10.0,256,20,0,128,128,2.531732614808157,2.159297865582426,5.2391456104928,6.827996914819178,0.0,0.0,1.0,280.0
mppi_flee,random,300.0,1800.0,0.1,0.1,5.0,inf,10.0,10.0,10,100.0,inf,full,both,inf,180.0,0.01,0.0,0.0,256,20,3,0.5,0.1,0.99,10.0,256,20,0,128,128,2.531732614808157,2.159297865582426,5.239145610491187,6.827996914817566,0.0,0.0,1.0,280.0
mppi_flee,random,300.0,1800.0,0.1,0.11,5.0,1.25,10.0,10.0,10,100.0,inf,full,both,inf,180.0,0.01,0.0,0.0,256,20,3,0.5,0.1,0.99,10.0,256,20,0,128,128,2.411701505219231,1.25,3.2177342488314484,4.940778951327887,0.0,0.0,1.0,290.0
mppi_flee,random,300.0,1800.0,0.1,0.11,5.0,2.5,10.0,10.0,10,100.0,inf,full,both,inf,180.0,0.01,0.0,0.0,256,20,3,0.5,0.1,0.99,10.0,256,20,0,128,128,2.635906780879384,2.3481573586230144,5.634999116638662,7.551340168475815,0.0,0.0,1.0,290.0
mppi_flee,random,300.0,1800.0,0.1,0.11,5.0,3.75,10.0,10.0,10,100.0,inf,full,both,inf,180.0,0.01,0.0,0.0,256,20,3,0.5,0.1,0.99,10.0,256,20,0,128,128,2.557918459767721,2.3589808200067983,5.473492967601258,7.38095075067021,0.0,0.0,1.0,280.0
mppi_flee,random,300.0,1800.0,0.1,0.11,5.0,4.5,10.0,10.0,10,100.0,inf,full,both,inf,180.0,0.01,0.0,0.0,256,20,3,0.5,0.1,0.99,10.0,256,20,0,128,126,2.5938594445222547,2.4072008703548144,5.640748927036839,15.767110645464472,0.0,0.0,0.984375,280.0
mppi_flee,random,300.0,1800.0,0.1,0.11,5.0,5.0,10.0,10.0,10,100.0,inf,full,both,inf,180.0,0.01,0.0,0.0,256,20,3,0.5,0.1,0.99,10.0,256,20,0,128,125,2.6054346984768344,2.441445645862124,5.758531815894257,27.00995225681927,0.0,0.0,0.9765625,280.0
mppi_flee,random,300.0,1800.0,0.1,0.11,5.0,5.5,10.0,10.0,10,100.0,inf,full,both,inf,180.0,0.01,0.0,0.0,256,20,3,0.5,0.1,0.99,10.0,256,20,0,128,126,2.5767890706415164,2.4135851828693937,5.66674174160149,21.306936641453618,0.0,0.0,0.984375,280.0
mppi_flee,random,300.0,1800.0,0.1,0.11,5.0,6.25,10.0,10.0,10,100.0,inf,full,both,inf,180.0,0.01,0.0,0.0,256,20,3,0.5,0.1,0.99,10.0,256,20,0,128,125,2.609120468635828,2.474069963879092,5.739238794544889,20.67603907313729,0.0,0.0,0.9765625,280.0
mppi_flee,random,300.0,1800.0,0.1,0.11,5.0,7.5,10.0,10.0,10,100.0,inf,full,both,inf,180.0,0.01,0.0,0.0,256,20,3,0.5,0.1,0.99,10.0,256,20,0,128,125,2.607827709010195,2.504216042595792,5.696647396589473,26.129532499628485,0.0,0.0,0.9765625,280.0
mppi_flee,random,300.0,1800.0,0.1,0.11,5.0,10.0,10.0,10.0,10,100.0,inf,full,both,inf,180.0,0.01,0.0,0.0,256,20,3,0.5,0.1,0.99,10.0,256,20,0,128,125,2.607801192297363,2.562809792595792,5.697440417184145,29.266612891407338,0.0,0.0,0.9765625,280.0
mppi_flee,random,300.0,1800.0,0.1,0.11,5.0,inf,10.0,10.0,10,100.0,inf,full,both,inf,180.0,0.01,0.0,0.0,256,20,3,0.5,0.1,0.99,10.0,256,20,0,128,125,2.607801185642451,2.674403571602251,5.697440247233148,29.87720903272394,0.0,0.0,0.9765625,280.0
mppi_flee,random,300.0,1800.0,0.1,0.125,5.0,1.25,10.0,10.0,10,100.0,inf,full,both,inf,180.0,0.01,0.0,0.0,256,20,3,0.5,0.1,0.99,10.0,256,20,0,128,128,2.392792684854742,1.25,3.2447971473557606,5.10010744788835,0.0,0.0,1.0,290.0
mppi_flee,random,300.0,1800.0,0.1,0.125,5.0,2.5,10.0,10.0,10,100.0,inf,full,both,inf,180.0,0.01,0.0,0.0,256,20,3,0.5,0.1,0.99,10.0,256,20,0,128,128,2.6271409455471915,2.4658620702590355,5.773491169909019,7.338797435671614,0.0,0.0,1.0,290.0
mppi_flee,random,300.0,1800.0,0.1,0.125,5.0,3.75,10.0,10.0,10,100.0,inf,full,both,inf,180.0,0.01,0.0,0.0,256,20,3,0.5,0.1,0.99,10.0,256,20,0,128,128,2.759714498418426,2.7659104337192173,5.673730521264637,7.046866633552736,0.0,0.0,1.0,280.0
mppi_flee,random,300.0,1800.0,0.1,0.125,5.0,4.5,10.0,10.0,10,100.0,inf,full,both,inf,180.0,0.01,0.0,0.0,256,20,3,0.5,0.1,0.99,10.0,256,20,0,128,128,2.789612441580538,2.854270363508617,5.863806573055953,7.701810627983471,0.0,0.0,1.0,280.0
mppi_flee,random,300.0,1800.0,0.1,0.125,5.0,5.0,10.0,10.0,10,100.0,inf,full,both,inf,180.0,0.01,0.0,0.0,256,20,3,0.5,0.1,0.99,10.0,256,20,0,128,125,2.759898223456668,2.874373695677112,5.976984410264889,20.393059119488598,0.0,0.0,0.9765625,280.0
mppi_flee,random,300.0,1800.0,0.1,0.125,5.0,5.5,10.0,10.0,10,100.0,inf,full,both,inf,180.0,0.01,0.0,0.0,256,20,3,0.5,0.1,0.99,10.0,256,20,0,128,124,2.7435216984673323,2.8788811128380463,6.280622950722755,34.979167290181834,0.0,0.0,0.96875,280.0
mppi_flee,random,300.0,1800.0,0.1,0.125,5.0,6.25,10.0,10.0,10,100.0,inf,full,both,inf,180.0,0.01,0.0,0.0,256,20,3,0.5,0.1,0.99,10.0,256,20,0,128,122,2.745383341089962,2.9148867284231823,6.324633907200264,56.65098905950983,0.0,0.0,0.953125,280.0
mppi_flee,random,300.0,1800.0,0.1,0.125,5.0,7.5,10.0,10.0,10,100.0,inf,full,both,inf,180.0,0.01,0.0,0.0,256,20,3,0.5,0.1,0.99,10.0,256,20,0,128,122,2.762013071789642,2.99510218661839,6.2533655588966885,52.604990782087135,0.0,0.0,0.953125,280.0
mppi_flee,random,300.0,1800.0,0.1,0.125,5.0,10.0,10.0,10.0,10,100.0,inf,full,both,inf,180.0,0.01,0.0,0.0,256,20,3,0.5,0.1,0.99,10.0,256,20,0,128,122,2.7626266355273623,3.111553239856971,6.2469872014111525,63.034053572768514,0.0,0.0,0.953125,280.0
mppi_flee,random,300.0,1800.0,0.1,0.125,5.0,inf,10.0,10.0,10,100.0,inf,full,both,inf,180.0,0.01,0.0,0.0,256,20,3,0.5,0.1,0.99,10.0,256,20,0,128,122,2.762626685696049,3.436356138301012,6.247164903453005,64.9758112150738,0.0,0.0,0.953125,280.0
mppi_flee,random,300.0,1800.0,0.1,0.15,5.0,1.25,10.0,10.0,10,100.0,inf,full,both,inf,180.0,0.01,0.0,0.0,256,20,3,0.5,0.1,0.99,10.0,256,20,0,128,128,2.4043858463052503,1.25,2.8637541267215565,4.750178161748125,0.0,0.0,1.0,290.0
mppi_flee,random,300.0,1800.0,0.1,0.15,5.0,2.5,10.0,10.0,10,100.0,inf,full,both,inf,180.0,0.01,0.0,0.0,256,20,3,0.5,0.1,0.99,10.0,256,20,0,128,128,2.5829400825994737,2.5,5.308569698467838,6.456346696762161,0.0,0.0,1.0,290.0
mppi_flee,random,300.0,1800.0,0.1,0.15,5.0,3.75,10.0,10.0,10,100.0,inf,full,both,inf,180.0,0.01,0.0,0.0,256,20,3,0.5,0.1,0.99,10.0,256,20,0,128,127,3.1784987636979896,3.3471355537339886,6.289072123852674,8.118359504103346,0.0,0.0,0.9921875,300.0
mppi_flee,random,300.0,1800.0,0.1,0.15,5.0,4.5,10.0,10.0,10,100.0,inf,full,both,inf,180.0,0.01,0.0,0.0,256,20,3,0.5,0.1,0.99,10.0,256,20,0,128,127,3.0455660952242805,3.4679196163270816,6.47559365513028,8.207275034247125,0.0,0.0,0.9921875,290.0
mppi_flee,random,300.0,1800.0,0.1,0.15,5.0,5.0,10.0,10.0,10,100.0,inf,full,both,inf,180.0,0.01,0.0,0.0,256,20,3,0.5,0.1,0.99,10.0,256,20,0,128,127,3.166363447384323,3.649434196958032,5.633462564568487,8.298103002958571,0.0,0.0,0.9921875,290.0
mppi_flee,random,300.0,1800.0,0.1,0.15,5.0,5.5,10.0,10.0,10,100.0,inf,full,both,inf,180.0,0.01,0.0,0.0,256,20,3,0.5,0.1,0.99,10.0,256,20,0,128,124,3.139319918753392,3.7460123260499967,6.415685188037992,20.022627958944543,0.0,0.0,0.96875,290.0
mppi_flee,random,300.0,1800.0,0.1,0.15,5.0,6.25,10.0,10.0,10,100.0,inf,full,both,inf,180.0,0.01,0.0,0.0,256,20,3,0.5,0.1,0.99,10.0,256,20,0,128,114,3.0681837057199197,3.7949269308486464,7.297663106400964,90.86451199041772,0.0,0.0,0.890625,280.0
mppi_flee,random,300.0,1800.0,0.1,0.15,5.0,7.5,10.0,10.0,10,100.0,inf,full,both,inf,180.0,0.01,0.0,0.0,256,20,3,0.5,0.1,0.99,10.0,256,20,0,128,113,3.021680293152541,3.892930674116142,7.529730550622708,110.31739495521876,0.0,0.0,0.8828125,280.0
mppi_flee,random,300.0,1800.0,0.1,0.15,5.0,10.0,10.0,10.0,10,100.0,inf,full,both,inf,180.0,0.01,0.0,0.0,256,20,3,0.5,0.1,0.99,10.0,256,20,0,128,113,3.021880902286152,4.184568713340466,7.523463518895201,132.5748418287546,0.0,0.0,0.8828125,280.0
mppi_flee,random,300.0,1800.0,0.1,0.15,5.0,inf,10.0,10.0,10,100.0,inf,full,both,inf,180.0,0.01,0.0,0.0,256,20,3,0.5,0.1,0.99,10.0,256,20,0,128,113,3.021903330515266,5.361959792449568,7.530870014040312,142.6422468115797,0.0,0.0,0.8828125,280.0
mppi_flee,random,300.0,1800.0,0.1,0.2,5.0,1.25,10.0,10.0,10,100.0,inf,full,both,inf,180.0,0.01,0.0,0.0,256,20,3,0.5,0.1,0.99,10.0,256,20,0,128,128,2.4099969096058373,1.25,3.5473882495067115,4.834955828433373,0.0,0.0,1.0,300.0
mppi_flee,random,300.0,1800.0,0.1,0.2,5.0,2.5,10.0,10.0,10,100.0,inf,full,both,inf,180.0,0.01,0.0,0.0,256,20,3,0.5,0.1,0.99,10.0,256,20,0,128,128,2.6387354345417844,2.5,3.6349493873989607,5.046622037101848,0.0,0.0,1.0,310.0
mppi_flee,random,300.0,1800.0,0.1,0.2,5.0,3.75,10.0,10.0,10,100.0,inf,full,both,inf,180.0,0.01,0.0,0.0,256,20,3,0.5,0.1,0.99,10.0,256,20,0,128,128,3.366048792272936,3.734132439965881,5.940372081097878,7.010368099399007,0.0,0.0,1.0,340.0
mppi_flee,random,300.0,1800.0,0.1,0.2,5.0,4.5,10.0,10.0,10,100.0,inf,full,both,inf,180.0,0.01,0.0,0.0,256,20,3,0.5,0.1,0.99,10.0,256,20,0,128,126,3.6777255532786577,4.301557281296604,7.144927843952018,9.835983271335536,0.0,0.0,0.984375,380.0
mppi_flee,random,300.0,1800.0,0.1,0.2,5.0,5.0,10.0,10.0,10,100.0,inf,full,both,inf,180.0,0.01,0.0,0.0,256,20,3,0.5,0.1,0.99,10.0,256,20,0,128,123,3.964608641520509,4.686386855894687,7.235747450733958,18.29863243488458,0.0,0.0,0.9609375,540.0
mppi_flee,random,300.0,1800.0,0.1,0.2,5.0,5.5,10.0,10.0,10,100.0,inf,full,both,inf,180.0,0.01,0.0,0.0,256,20,3,0.5,0.1,0.99,10.0,256,20,0,128,119,3.845219622462774,4.923423100202653,7.743463563860076,21.86682490426069,0.0,0.0,0.9296875,400.0
mppi_flee,random,300.0,1800.0,0.1,0.2,5.0,6.25,10.0,10.0,10,100.0,inf,full,both,inf,180.0,0.01,0.0,0.0,256,20,3,0.5,0.1,0.99,10.0,256,20,0,128,118,3.8994612286085175,5.369824091835596,8.196646664860557,32.71978032093278,0.0,0.0,0.921875,480.0
mppi_flee,random,300.0,1800.0,0.1,0.2,5.0,7.5,10.0,10.0,10,100.0,inf,full,both,inf,180.0,0.01,0.0,0.0,256,20,3,0.5,0.1,0.99,10.0,256,20,0,128,96,3.863289593243328,5.960447473304479,11.71098691888158,131.97721695109254,0.0,0.0,0.75,320.0
mppi_flee,random,300.0,1800.0,0.1,0.2,5.0,10.0,10.0,10.0,10,100.0,inf,full,both,inf,180.0,0.01,0.0,0.0,256,20,3,0.5,0.1,0.99,10.0,256,20,0,128,72,3.8770555153528496,7.135572716264362,13.96486074176289,419.6745952953951,0.0,0.0,0.5625,290.0
mppi_flee,random,300.0,1800.0,0.1,0.2,5.0,inf,10.0,10.0,10,100.0,inf,full,both,inf,180.0,0.01,0.0,0.0,256,20,3,0.5,0.1,0.99,10.0,256,20,0,128,72,3.858572447148014,14.50196740577735,13.9439737838913,640.1499343750943,0.0,0.0,0.5625,290.0
mppi_flee,transverse,300.0,1800.0,0.1,0.025,5.0,1.25,10.0,10.0,10,100.0,inf,full,both,inf,180.0,0.01,0.0,0.0,256,20,3,0.5,0.1,0.99,10.0,256,20,0,128,128,2.399035889585541,0.7343750000000003,6.254493295777032,7.554849354515306,0.0,0.0,1.0,290.0
mppi_flee,transverse,300.0,1800.0,0.1,0.025,5.0,2.5,10.0,10.0,10,100.0,inf,full,both,inf,180.0,0.01,0.0,0.0,256,20,3,0.5,0.1,0.99,10.0,256,20,0,128,128,2.398962145221546,0.7333984375000003,6.118861838829448,7.652141585566532,0.0,0.0,1.0,290.0
mppi_flee,transverse,300.0,1800.0,0.1,0.025,5.0,3.75,10.0,10.0,10,100.0,inf,full,both,inf,180.0,0.01,0.0,0.0,256,20,3,0.5,0.1,0.99,10.0,256,20,0,128,128,2.398962145221546,0.7333984375000003,6.118861838829448,7.652141585566532,0.0,0.0,1.0,290.0
mppi_flee,transverse,300.0,1800.0,0.1,0.025,5.0,4.5,10.0,10.0,10,100.0,inf,full,both,inf,180.0,0.01,0.0,0.0,256,20,3,0.5,0.1,0.99,10.0,256,20,0,128,128,2.398962145221546,0.7333984375000003,6.118861838829448,7.652141585566532,0.0,0.0,1.0,290.0
mppi_flee,transverse,300.0,1800.0,0.1,0.025,5.0,5.0,10.0,10.0,10,100.0,inf,full,both,inf,180.0,0.01,0.0,0.0,256,20,3,0.5,0.1,0.99,10.0,256,20,0,128,128,2.398962145221546,0.7333984375000003,6.118861838829448,7.652141585566532,0.0,0.0,1.0,290.0
mppi_flee,transverse,300.0,1800.0,0.1,0.025,5.0,5.5,10.0,10.0,10,100.0,inf,full,both,inf,180.0,0.01,0.0,0.0,256,20,3,0.5,0.1,0.99,10.0,256,20,0,128,128,2.398962145221546,0.7333984375000003,6.118861838829448,7.652141585566532,0.0,0.0,1.0,290.0
mppi_flee,transverse,300.0,1800.0,0.1,0.025,5.0,6.25,10.0,10.0,10,100.0,inf,full,both,inf,180.0,0.01,0.0,0.0,256,20,3,0.5,0.1,0.99,10.0,256,20,0,128,128,2.398962145221546,0.7333984375000003,6.118861838829448,7.652141585566532,0.0,0.0,1.0,290.0
mppi_flee,transverse,300.0,1800.0,0.1,0.025,5.0,7.5,10.0,10.0,10,100.0,inf,full,both,inf,180.0,0.01,0.0,0.0,256,20,3,0.5,0.1,0.99,10.0,256,20,0,128,128,2.398962145221546,0.7333984375000003,6.118861838829448,7.652141585566532,0.0,0.0,1.0,290.0
mppi_flee,transverse,300.0,1800.0,0.1,0.025,5.0,10.0,10.0,10.0,10,100.0,inf,full,both,inf,180.0,0.01,0.0,0.0,256,20,3,0.5,0.1,0.99,10.0,256,20,0,128,128,2.398962145221546,0.7333984375000003,6.118861838829448,7.652141585566532,0.0,0.0,1.0,290.0
mppi_flee,transverse,300.0,1800.0,0.1,0.025,5.0,inf,10.0,10.0,10,100.0,inf,full,both,inf,180.0,0.01,0.0,0.0,256,20,3,0.5,0.1,0.99,10.0,256,20,0,128,128,2.398962145221546,0.7333984375000003,6.118861838829448,7.652141585566532,0.0,0.0,1.0,290.0
mppi_flee,transverse,300.0,1800.0,0.1,0.05,5.0,1.25,10.0,10.0,10,100.0,inf,full,both,inf,180.0,0.01,0.0,0.0,256,20,3,0.5,0.1,0.99,10.0,256,20,0,128,128,3.317843132558653,1.25,7.427512935705775,7.894495844869815,0.0,0.0,1.0,345.0
mppi_flee,transverse,300.0,1800.0,0.1,0.05,5.0,2.5,10.0,10.0,10,100.0,inf,full,both,inf,180.0,0.01,0.0,0.0,256,20,3,0.5,0.1,0.99,10.0,256,20,0,128,70,4.892116445819104,2.454296875,17.748585352332864,101.67261993569753,0.0,0.0,0.546875,755.0
mppi_flee,transverse,300.0,1800.0,0.1,0.05,5.0,3.75,10.0,10.0,10,100.0,inf,full,both,inf,180.0,0.01,0.0,0.0,256,20,3,0.5,0.1,0.99,10.0,256,20,0,128,10,4.8165109410542986,3.576171875,32.49734690203674,1680.8551523272,0.0,0.0,0.078125,305.0
mppi_flee,transverse,300.0,1800.0,0.1,0.05,5.0,4.5,10.0,10.0,10,100.0,inf,full,both,inf,180.0,0.01,0.0,0.0,256,20,3,0.5,0.1,0.99,10.0,256,20,0,128,10,4.816513401384515,4.267578125,32.497769848197265,2004.7427168771133,0.0,0.0,0.078125,305.0
mppi_flee,transverse,300.0,1800.0,0.1,0.05,5.0,5.0,10.0,10.0,10,100.0,inf,full,both,inf,180.0,0.01,0.0,0.0,256,20,3,0.5,0.1,0.99,10.0,256,20,0,128,10,4.816513401332196,4.728515625,32.497817909611975,2158.521164880514,0.0,0.0,0.078125,305.0
mppi_flee,transverse,300.0,1800.0,0.1,0.05,5.0,5.5,10.0,10.0,10,100.0,inf,full,both,inf,180.0,0.01,0.0,0.0,256,20,3,0.5,0.1,0.99,10.0,256,20,0,128,10,4.816513401332196,5.189453125,32.49782071003167,2280.36905318495,0.0,0.0,0.078125,305.0
mppi_flee,transverse,300.0,1800.0,0.1,0.05,5.0,6.25,10.0,10.0,10,100.0,inf,full,both,inf,180.0,0.01,0.0,0.0,256,20,3,0.5,0.1,0.99,10.0,256,20,0,128,10,4.816513401332196,5.880859375,32.4978206805782,2414.7868173341794,0.0,0.0,0.078125,305.0
mppi_flee,transverse,300.0,1800.0,0.1,0.05,5.0,7.5,10.0,10.0,10,100.0,inf,full,both,inf,180.0,0.01,0.0,0.0,256,20,3,0.5,0.1,0.99,10.0,256,20,0,128,10,4.816513401332196,7.033203125,32.4978206805782,2534.400252790163,0.0,0.0,0.078125,305.0
mppi_flee,transverse,300.0,1800.0,0.1,0.05,5.0,10.0,10.0,10.0,10,100.0,inf,full,both,inf,180.0,0.01,0.0,0.0,256,20,3,0.5,0.1,0.99,10.0,256,20,0,128,10,4.816513401332196,8.416015624999993,32.4978206805782,2562.57029081776,0.0,0.0,0.078125,305.0
mppi_flee,transverse,300.0,1800.0,0.1,0.05,5.0,inf,10.0,10.0,10,100.0,inf,full,both,inf,180.0,0.01,0.0,0.0,256,20,3,0.5,0.1,0.99,10.0,256,20,0,128,10,4.816513401332196,8.416015624999993,32.4978206805782,2562.57029081776,0.0,0.0,0.078125,305.0
mppi_flee,transverse,300.0,1800.0,0.1,0.075,5.0,1.25,10.0,10.0,10,100.0,inf,full,both,inf,180.0,0.01,0.0,0.0,256,20,3,0.5,0.1,0.99,10.0,256,20,0,128,128,2.9826976199768653,1.25,4.003982605988801,4.838160475783244,0.0,0.0,1.0,340.0
mppi_flee,transverse,300.0,1800.0,0.1,0.075,5.0,2.5,10.0,10.0,10,100.0,inf,full,both,inf,180.0,0.01,0.0,0.0,256,20,3,0.5,0.1,0.99,10.0,256,20,0,128,128,4.988833718741189,2.5,7.159941661735894,7.159941661735903,0.0,0.0,1.0,730.0
mppi_flee,transverse,300.0,1800.0,0.1,0.075,5.0,3.75,10.0,10.0,10,100.0,inf,full,both,inf,180.0,0.01,0.0,0.0,256,20,3,0.5,0.1,0.99,10.0,256,20,0,128,0,5.0,3.75,88.06648404880605,1112.954772078157,0.0,0.0,0.0,
mppi_flee,transverse,300.0,1800.0,0.1,0.075,5.0,4.5,10.0,10.0,10,100.0,inf,full,both,inf,180.0,0.01,0.0,0.0,256,20,3,0.5,0.1,0.99,10.0,256,20,0,128,0,5.0,4.5,87.72098746892038,2159.1451633082065,0.0,0.0,0.0,
mppi_flee,transverse,300.0,1800.0,0.1,0.075,5.0,5.0,10.0,10.0,10,100.0,inf,full,both,inf,180.0,0.01,0.0,0.0,256,20,3,0.5,0.1,0.99,10.0,256,20,0,128,0,5.0,5.0,87.70456249666887,2650.642188662829,0.0,0.0,0.0,
mppi_flee,transverse,300.0,1800.0,0.1,0.075,5.0,5.5,10.0,10.0,10,100.0,inf,full,both,inf,180.0,0.01,0.0,0.0,256,20,3,0.5,0.1,0.99,10.0,256,20,0,128,0,5.0,5.5,87.70461477024759,3028.618843687912,0.0,0.0,0.0,
mppi_flee,transverse,300.0,1800.0,0.1,0.075,5.0,6.25,10.0,10.0,10,100.0,inf,full,both,inf,180.0,0.01,0.0,0.0,256,20,3,0.5,0.1,0.99,10.0,256,20,0,128,0,5.0,6.25,87.70463510342293,3469.5880591456867,0.0,0.0,0.0,
mppi_flee,transverse,300.0,1800.0,0.1,0.075,5.0,7.5,10.0,10.0,10,100.0,inf,full,both,inf,180.0,0.01,0.0,0.0,256,20,3,0.5,0.1,0.99,10.0,256,20,0,128,0,5.0,7.5,87.70463681721841,3998.9083340331463,0.0,0.0,0.0,
mppi_flee,transverse,300.0,1800.0,0.1,0.075,5.0,10.0,10.0,10.0,10,100.0,inf,full,both,inf,180.0,0.01,0.0,0.0,256,20,3,0.5,0.1,0.99,10.0,256,20,0,128,0,5.0,10.0,87.70463682697971,4561.033460289492,0.0,0.0,0.0,
mppi_flee,transverse,300.0,1800.0,0.1,0.075,5.0,inf,10.0,10.0,10,100.0,inf,full,both,inf,180.0,0.01,0.0,0.0,256,20,3,0.5,0.1,0.99,10.0,256,20,0,128,0,5.0,13.49999999999996,87.70463682697971,4716.760863677279,0.0,0.0,0.0,
mppi_flee,transverse,300.0,1800.0,0.1,0.09,5.0,1.25,10.0,10.0,10,100.0,inf,full,both,inf,180.0,0.01,0.0,0.0,256,20,3,0.5,0.1,0.99,10.0,256,20,0,128,128,2.9646947845065075,1.25,3.570910668333923,4.302841818637934,0.0,0.0,1.0,350.0
mppi_flee,transverse,300.0,1800.0,0.1,0.09,5.0,2.5,10.0,10.0,10,100.0,inf,full,both,inf,180.0,0.01,0.0,0.0,256,20,3,0.5,0.1,0.99,10.0,256,20,0,128,128,4.971358754597825,2.5,6.277784834404255,6.277784834404257,0.0,0.0,1.0,695.0
mppi_flee,transverse,300.0,1800.0,0.1,0.09,5.0,3.75,10.0,10.0,10,100.0,inf,full,both,inf,180.0,0.01,0.0,0.0,256,20,3,0.5,0.1,0.99,10.0,256,20,0,128,1,5.0,3.75,120.1111083551992,910.3516505064962,0.0,0.0,0.0078125,930.0
mppi_flee,transverse,300.0,1800.0,0.1,0.09,5.0,4.5,10.0,10.0,10,100.0,inf,full,both,inf,180.0,0.01,0.0,0.0,256,20,3,0.5,0.1,0.99,10.0,256,20,0,128,0,5.0,4.5,121.2512285938241,1991.6836662765068,0.0,0.0,0.0,
mppi_flee,transverse,300.0,1800.0,0.1,0.09,5.0,5.0,10.0,10.0,10,100.0,inf,full,both,inf,180.0,0.01,0.0,0.0,256,20,3,0.5,0.1,0.99,10.0,256,20,0,128,0,5.0,5.0,121.17365552490374,2657.1980603763554,0.0,0.0,0.0,
mppi_flee,transverse,300.0,1800.0,0.1,0.09,5.0,5.5,10.0,10.0,10,100.0,inf,full,both,inf,180.0,0.01,0.0,0.0,256,20,3,0.5,0.1,0.99,10.0,256,20,0,128,0,5.0,5.5,121.2272197882822,3208.0331879686496,0.0,0.0,0.0,
mppi_flee,transverse,300.0,1800.0,0.1,0.09,5.0,6.25,10.0,10.0,10,100.0,inf,full,both,inf,180.0,0.01,0.0,0.0,256,20,3,0.5,0.1,0.99,10.0,256,20,0,128,0,5.0,6.25,121.2298749385096,3839.740803469698,0.0,0.0,0.0,
mppi_flee,transverse,300.0,1800.0,0.1,0.09,5.0,7.5,10.0,10.0,10,100.0,inf,full,both,inf,180.0,0.01,0.0,0.0,256,20,3,0.5,0.1,0.99,10.0,256,20,0,128,0,5.0,7.5,121.22825449481194,4567.023208405376,0.0,0.0,0.0,
mppi_flee,transverse,300.0,1800.0,0.1,0.09,5.0,10.0,10.0,10.0,10,100.0,inf,full,both,inf,180.0,0.01,0.0,0.0,256,20,3,0.5,0.1,0.99,10.0,256,20,0,128,0,5.0,10.0,121.2282520443026,5434.90876034038,0.0,0.0,0.0,
mppi_flee,transverse,300.0,1800.0,0.1,0.09,5.0,inf,10.0,10.0,10,100.0,inf,full,both,inf,180.0,0.01,0.0,0.0,256,20,3,0.5,0.1,0.99,10.0,256,20,0,128,0,5.0,16.19999999999998,121.2282520443026,5985.03178532472,0.0,0.0,0.0,
mppi_flee,transverse,300.0,1800.0,0.1,0.1,5.0,1.25,10.0,10.0,10,100.0,inf,full,both,inf,180.0,0.01,0.0,0.0,256,20,3,0.5,0.1,0.99,10.0,256,20,0,128,128,2.9849600850134643,1.25,3.3095591738944985,4.262907969205324,0.0,0.0,1.0,350.0
mppi_flee,transverse,300.0,1800.0,0.1,0.1,5.0,2.5,10.0,10.0,10,100.0,inf,full,both,inf,180.0,0.01,0.0,0.0,256,20,3,0.5,0.1,0.99,10.0,256,20,0,128,128,4.974713760868457,2.5,5.458884104762492,5.465909111227243,0.0,0.0,1.0,660.0
mppi_flee,transverse,300.0,1800.0,0.1,0.1,5.0,3.75,10.0,10.0,10,100.0,inf,full,both,inf,180.0,0.01,0.0,0.0,256,20,3,0.5,0.1,0.99,10.0,256,20,0,128,3,5.0,3.75,139.80870419313325,823.0797969736316,0.0,0.0,0.0234375,900.0
mppi_flee,transverse,300.0,1800.0,0.1,0.1,5.0,4.5,10.0,10.0,10,100.0,inf,full,both,inf,180.0,0.01,0.0,0.0,256,20,3,0.5,0.1,0.99,10.0,256,20,0,128,0,5.0,4.5,142.56910297989305,1891.5693408077464,0.0,0.0,0.0,
mppi_flee,transverse,300.0,1800.0,0.1,0.1,5.0,5.0,10.0,10.0,10,100.0,inf,full,both,inf,180.0,0.01,0.0,0.0,256,20,3,0.5,0.1,0.99,10.0,256,20,0,128,0,5.0,5.0,142.57254431210507,2568.2491550112995,0.0,0.0,0.0,
mppi_flee,transverse,300.0,1800.0,0.1,0.1,5.0,5.5,10.0,10.0,10,100.0,inf,full,both,inf,180.0,0.01,0.0,0.0,256,20,3,0.5,0.1,0.99,10.0,256,20,0,128,0,5.0,5.5,142.56891752786453,3197.3091222414364,0.0,0.0,0.0,
mppi_flee,transverse,300.0,1800.0,0.1,0.1,5.0,6.25,10.0,10.0,10,100.0,inf,full,both,inf,180.0,0.01,0.0,0.0,256,20,3,0.5,0.1,0.99,10.0,256,20,0,128,0,5.0,6.25,142.5677991152476,3967.9394491597623,0.0,0.0,0.0,
mppi_flee,transverse,300.0,1800.0,0.1,0.1,5.0,7.5,10.0,10.0,10,100.0,inf,full,both,inf,180.0,0.01,0.0,0.0,256,20,3,0.5,0.1,0.99,10.0,256,20,0,128,0,5.0,7.5,142.56748391269764,4872.710653629289,0.0,0.0,0.0,
mppi_flee,transverse,300.0,1800.0,0.1,0.1,5.0,10.0,10.0,10.0,10,100.0,inf,full,both,inf,180.0,0.01,0.0,0.0,256,20,3,0.5,0.1,0.99,10.0,256,20,0,128,0,5.0,10.0,142.5674719111103,5946.558697430445,0.0,0.0,0.0,
mppi_flee,transverse,300.0,1800.0,0.1,0.1,5.0,inf,10.0,10.0,10,100.0,inf,full,both,inf,180.0,0.01,0.0,0.0,256,20,3,0.5,0.1,0.99,10.0,256,20,0,128,0,5.0,17.999999999999986,142.5674719111103,6853.143518788497,0.0,0.0,0.0,
mppi_flee,transverse,300.0,1800.0,0.1,0.11,5.0,1.25,10.0,10.0,10,100.0,inf,full,both,inf,180.0,0.01,0.0,0.0,256,20,3,0.5,0.1,0.99,10.0,256,20,0,128,128,2.9194002819519524,1.25,3.786275877751216,4.769112603039261,0.0,0.0,1.0,345.0
mppi_flee,transverse,300.0,1800.0,0.1,0.11,5.0,2.5,10.0,10.0,10,100.0,inf,full,both,inf,180.0,0.01,0.0,0.0,256,20,3,0.5,0.1,0.99,10.0,256,20,0,128,128,4.964000127473697,2.5,5.346534839754442,5.395704830134658,0.0,0.0,1.0,650.0
mppi_flee,transverse,300.0,1800.0,0.1,0.11,5.0,3.75,10.0,10.0,10,100.0,inf,full,both,inf,180.0,0.01,0.0,0.0,256,20,3,0.5,0.1,0.99,10.0,256,20,0,128,4,5.0,3.75,158.06486966276495,739.995346479551,0.0,0.0,0.03125,875.0
mppi_flee,transverse,300.0,1800.0,0.1,0.11,5.0,4.5,10.0,10.0,10,100.0,inf,full,both,inf,180.0,0.01,0.0,0.0,256,20,3,0.5,0.1,0.99,10.0,256,20,0,128,0,5.0,4.5,162.2144851384603,1835.6642639174088,0.0,0.0,0.0,
mppi_flee,transverse,300.0,1800.0,0.1,0.11,5.0,5.0,10.0,10.0,10,100.0,inf,full,both,inf,180.0,0.01,0.0,0.0,256,20,3,0.5,0.1,0.99,10.0,256,20,0,128,0,5.0,5.0,162.17886194131694,2519.535373910914,0.0,0.0,0.0,
mppi_flee,transverse,300.0,1800.0,0.1,0.11,5.0,5.5,10.0,10.0,10,100.0,inf,full,both,inf,180.0,0.01,0.0,0.0,256,20,3,0.5,0.1,0.99,10.0,256,20,0,128,0,5.0,5.5,162.12976342819107,3164.846644473793,0.0,0.0,0.0,
mppi_flee,transverse,300.0,1800.0,0.1,0.11,5.0,6.25,10.0,10.0,10,100.0,inf,full,both,inf,180.0,0.01,0.0,0.0,256,20,3,0.5,0.1,0.99,10.0,256,20,0,128,0,5.0,6.25,162.11803407579015,4033.992503458545,0.0,0.0,0.0,
mppi_flee,transverse,300.0,1800.0,0.1,0.11,5.0,7.5,10.0,10.0,10,100.0,inf,full,both,inf,180.0,0.01,0.0,0.0,256,20,3,0.5,0.1,0.99,10.0,256,20,0,128,0,5.0,7.5,162.1171783684173,5116.5534156680005,0.0,0.0,0.0,
mppi_flee,transverse,300.0,1800.0,0.1,0.11,5.0,10.0,10.0,10.0,10,100.0,inf,full,both,inf,180.0,0.01,0.0,0.0,256,20,3,0.5,0.1,0.99,10.0,256,20,0,128,0,5.0,10.0,162.1171067242148,6422.985566365599,0.0,0.0,0.0,
mppi_flee,transverse,300.0,1800.0,0.1,0.11,5.0,inf,10.0,10.0,10,100.0,inf,full,both,inf,180.0,0.01,0.0,0.0,256,20,3,0.5,0.1,0.99,10.0,256,20,0,128,0,5.0,19.79999999999995,162.11710673234975,7750.321825496733,0.0,0.0,0.0,
mppi_flee,transverse,300.0,1800.0,0.1,0.125,5.0,1.25,10.0,10.0,10,100.0,inf,full,both,inf,180.0,0.01,0.0,0.0,256,20,3,0.5,0.1,0.99,10.0,256,20,0,128,128,2.9020176223696224,1.25,4.004022995533513,5.29855499023221,0.0,0.0,1.0,350.0
mppi_flee,transverse,300.0,1800.0,0.1,0.125,5.0,2.5,10.0,10.0,10,100.0,inf,full,both,inf,180.0,0.01,0.0,0.0,256,20,3,0.5,0.1,0.99,10.0,256,20,0,128,128,4.96212661827495,2.5,5.007321588017664,5.152245913851253,0.0,0.0,1.0,630.0
mppi_flee,transverse,300.0,1800.0,0.1,0.125,5.0,3.75,10.0,10.0,10,100.0,inf,full,both,inf,180.0,0.01,0.0,0.0,256,20,3,0.5,0.1,0.99,10.0,256,20,0,128,6,5.0,3.75,177.5237759608824,632.3116845919762,0.0,0.0,0.046875,830.0
mppi_flee,transverse,300.0,1800.0,0.1,0.125,5.0,4.5,10.0,10.0,10,100.0,inf,full,both,inf,180.0,0.01,0.0,0.0,256,20,3,0.5,0.1,0.99,10.0,256,20,0,128,0,5.0,4.5,186.33812754721825,1751.3866995869917,0.0,0.0,0.0,
mppi_flee,transverse,300.0,1800.0,0.1,0.125,5.0,5.0,10.0,10.0,10,100.0,inf,full,both,inf,180.0,0.01,0.0,0.0,256,20,3,0.5,0.1,0.99,10.0,256,20,0,128,0,5.0,5.0,186.74281103183569,2466.67346697724,0.0,0.0,0.0,
mppi_flee,transverse,300.0,1800.0,0.1,0.125,5.0,5.5,10.0,10.0,10,100.0,inf,full,both,inf,180.0,0.01,0.0,0.0,256,20,3,0.5,0.1,0.99,10.0,256,20,0,128,0,5.0,5.5,186.6782872624766,3141.0114608715166,0.0,0.0,0.0,
mppi_flee,transverse,300.0,1800.0,0.1,0.125,5.0,6.25,10.0,10.0,10,100.0,inf,full,both,inf,180.0,0.01,0.0,0.0,256,20,3,0.5,0.1,0.99,10.0,256,20,0,128,0,5.0,6.25,186.6595468121864,4074.3866495309,0.0,0.0,0.0,
mppi_flee,transverse,300.0,1800.0,0.1,0.125,5.0,7.5,10.0,10.0,10,100.0,inf,full,both,inf,180.0,0.01,0.0,0.0,256,20,3,0.5,0.1,0.99,10.0,256,20,0,128,0,5.0,7.5,186.6546553604178,5381.679247310823,0.0,0.0,0.0,
mppi_flee,transverse,300.0,1800.0,0.1,0.125,5.0,10.0,10.0,10.0,10,100.0,inf,full,both,inf,180.0,0.01,0.0,0.0,256,20,3,0.5,0.1,0.99,10.0,256,20,0,128,0,5.0,10.0,186.65445347828884,7038.948884621163,0.0,0.0,0.0,
mppi_flee,transverse,300.0,1800.0,0.1,0.125,5.0,inf,10.0,10.0,10,100.0,inf,full,both,inf,180.0,0.01,0.0,0.0,256,20,3,0.5,0.1,0.99,10.0,256,20,0,128,0,5.0,22.5,186.65445291433687,9082.920141508715,0.0,0.0,0.0,
mppi_flee,transverse,300.0,1800.0,0.1,0.15,5.0,1.25,10.0,10.0,10,100.0,inf,full,both,inf,180.0,0.01,0.0,0.0,256,20,3,0.5,0.1,0.99,10.0,256,20,0,128,128,2.868100979798765,1.25,3.938415291564036,5.110225022755834,0.0,0.0,1.0,340.0
mppi_flee,transverse,300.0,1800.0,0.1,0.15,5.0,2.5,10.0,10.0,10,100.0,inf,full,both,inf,180.0,0.01,0.0,0.0,256,20,3,0.5,0.1,0.99,10.0,256,20,0,128,128,4.942745968685035,2.5,3.624999084766879,3.993630471595593,0.0,0.0,1.0,610.0
mppi_flee,transverse,300.0,1800.0,0.1,0.15,5.0,3.75,10.0,10.0,10,100.0,inf,full,both,inf,180.0,0.01,0.0,0.0,256,20,3,0.5,0.1,0.99,10.0,256,20,0,128,7,4.999821919072594,3.75,194.1212713752128,518.2893738366316,0.0,0.0,0.0546875,760.0
mppi_flee,transverse,300.0,1800.0,0.1,0.15,5.0,4.5,10.0,10.0,10,100.0,inf,full,both,inf,180.0,0.01,0.0,0.0,256,20,3,0.5,0.1,0.99,10.0,256,20,0,128,1,5.0,4.5,214.239641316991,1656.1993888913196,0.0,0.0,0.0078125,670.0
mppi_flee,transverse,300.0,1800.0,0.1,0.15,5.0,5.0,10.0,10.0,10,100.0,inf,full,both,inf,180.0,0.01,0.0,0.0,256,20,3,0.5,0.1,0.99,10.0,256,20,0,128,0,5.0,5.0,216.1588469122955,2403.020280981141,0.0,0.0,0.0,
mppi_flee,transverse,300.0,1800.0,0.1,0.15,5.0,5.5,10.0,10.0,10,100.0,inf,full,both,inf,180.0,0.01,0.0,0.0,256,20,3,0.5,0.1,0.99,10.0,256,20,0,128,0,5.0,5.5,216.9374547538688,3117.063195496754,0.0,0.0,0.0,
mppi_flee,transverse,300.0,1800.0,0.1,0.15,5.0,6.25,10.0,10.0,10,100.0,inf,full,both,inf,180.0,0.01,0.0,0.0,256,20,3,0.5,0.1,0.99,10.0,256,20,0,128,0,5.0,6.25,216.9185813213809,4112.026007451226,0.0,0.0,0.0,
mppi_flee,transverse,300.0,1800.0,0.1,0.15,5.0,7.5,10.0,10.0,10,100.0,inf,full,both,inf,180.0,0.01,0.0,0.0,256,20,3,0.5,0.1,0.99,10.0,256,20,0,128,0,5.0,7.5,216.90947431654035,5598.716628702561,0.0,0.0,0.0,
mppi_flee,transverse,300.0,1800.0,0.1,0.15,5.0,10.0,10.0,10.0,10,100.0,inf,full,both,inf,180.0,0.01,0.0,0.0,256,20,3,0.5,0.1,0.99,10.0,256,20,0,128,0,5.0,10.0,216.9085710805801,7820.012503268193,0.0,0.0,0.0,
mppi_flee,transverse,300.0,1800.0,0.1,0.15,5.0,inf,10.0,10.0,10,100.0,inf,full,both,inf,180.0,0.01,0.0,0.0,256,20,3,0.5,0.1,0.99,10.0,256,20,0,128,0,5.0,26.99999999999992,216.9085307709031,11316.24027851647,0.0,0.0,0.0,
mppi_flee,transverse,300.0,1800.0,0.1,0.2,5.0,1.25,10.0,10.0,10,100.0,inf,full,both,inf,180.0,0.01,0.0,0.0,256,20,3,0.5,0.1,0.99,10.0,256,20,0,128,128,2.8795772049087067,1.25,3.320013084035013,4.645428399631422,0.0,0.0,1.0,340.0
mppi_flee,transverse,300.0,1800.0,0.1,0.2,5.0,2.5,10.0,10.0,10,100.0,inf,full,both,inf,180.0,0.01,0.0,0.0,256,20,3,0.5,0.1,0.99,10.0,256,20,0,128,128,4.916560433350914,2.5,3.989606019151085,4.780525736977091,0.0,0.0,1.0,590.0
mppi_flee,transverse,300.0,1800.0,0.1,0.2,5.0,3.75,10.0,10.0,10,100.0,inf,full,both,inf,180.0,0.01,0.0,0.0,256,20,3,0.5,0.1,0.99,10.0,256,20,0,128,11,4.99647630387031,3.75,187.2937284211433,424.1656338175771,0.0,0.0,0.0859375,860.0
mppi_flee,transverse,300.0,1800.0,0.1,0.2,5.0,4.5,10.0,10.0,10,100.0,inf,full,both,inf,180.0,0.01,0.0,0.0,256,20,3,0.5,0.1,0.99,10.0,256,20,0,128,3,5.0,4.5,244.03833842261727,1577.012523694856,0.0,0.0,0.0234375,810.0
mppi_flee,transverse,300.0,1800.0,0.1,0.2,5.0,5.0,10.0,10.0,10,100.0,inf,full,both,inf,180.0,0.01,0.0,0.0,256,20,3,0.5,0.1,0.99,10.0,256,20,0,128,1,5.0,5.0,248.38872499557465,2403.477792806443,0.0,0.0,0.0078125,750.0
mppi_flee,transverse,300.0,1800.0,0.1,0.2,5.0,5.5,10.0,10.0,10,100.0,inf,full,both,inf,180.0,0.01,0.0,0.0,256,20,3,0.5,0.1,0.99,10.0,256,20,0,128,1,5.0,5.5,249.8514233158629,3176.310726274431,0.0,0.0,0.0078125,1020.0
mppi_flee,transverse,300.0,1800.0,0.1,0.2,5.0,6.25,10.0,10.0,10,100.0,inf,full,both,inf,180.0,0.01,0.0,0.0,256,20,3,0.5,0.1,0.99,10.0,256,20,0,128,0,5.0,6.25,251.62888959883176,4249.267843889405,0.0,0.0,0.0,
mppi_flee,transverse,300.0,1800.0,0.1,0.2,5.0,7.5,10.0,10.0,10,100.0,inf,full,both,inf,180.0,0.01,0.0,0.0,256,20,3,0.5,0.1,0.99,10.0,256,20,0,128,0,5.0,7.5,251.5968714823589,5863.896705776648,0.0,0.0,0.0,
mppi_flee,transverse,300.0,1800.0,0.1,0.2,5.0,10.0,10.0,10.0,10,100.0,inf,full,both,inf,180.0,0.01,0.0,0.0,256,20,3,0.5,0.1,0.99,10.0,256,20,0,128,0,5.0,10.0,251.59187113501977,8633.600700210058,0.0,0.0,0.0,
mppi_flee,transverse,300.0,1800.0,0.1,0.2,5.0,inf,10.0,10.0,10,100.0,inf,full,both,inf,180.0,0.01,0.0,0.0,256,20,3,0.5,0.1,0.99,10.0,256,20,0,128,0,5.0,35.99999999999997,251.5920569842773,15825.24731925725,0.0,0.0,0.0,
mppi_coast,flee,300.0,1800.0,0.1,0.025,5.0,1.25,10.0,10.0,10,100.0,inf,full,both,inf,180.0,0.01,0.0,0.0,256,20,3,0.5,0.1,0.99,10.0,256,20,0,128,128,2.890660616828184,0.9078125000000004,3.8369372390057297,4.726433519312538,0.0,0.0,1.0,360.0
mppi_coast,flee,300.0,1800.0,0.1,0.025,5.0,2.5,10.0,10.0,10,100.0,inf,full,both,inf,180.0,0.01,0.0,0.0,256,20,3,0.5,0.1,0.99,10.0,256,20,0,128,128,2.890660616828184,0.9082031250000004,3.838945079944054,4.720594700479806,0.0,0.0,1.0,360.0
mppi_coast,flee,300.0,1800.0,0.1,0.025,5.0,3.75,10.0,10.0,10,100.0,inf,full,both,inf,180.0,0.01,0.0,0.0,256,20,3,0.5,0.1,0.99,10.0,256,20,0,128,128,2.890660616828184,0.9082031250000004,3.838945079944054,4.720594700479806,0.0,0.0,1.0,360.0
mppi_coast,flee,300.0,1800.0,0.1,0.025,5.0,4.5,10.0,10.0,10,100.0,inf,full,both,inf,180.0,0.01,0.0,0.0,256,20,3,0.5,0.1,0.99,10.0,256,20,0,128,128,2.890660616828184,0.9082031250000004,3.838945079944054,4.720594700479806,0.0,0.0,1.0,360.0
mppi_coast,flee,300.0,1800.0,0.1,0.025,5.0,5.0,10.0,10.0,10,100.0,inf,full,both,inf,180.0,0.01,0.0,0.0,256,20,3,0.5,0.1,0.99,10.0,256,20,0,128,128,2.890660616828184,0.9082031250000004,3.838945079944054,4.720594700479806,0.0,0.0,1.0,360.0
mppi_coast,flee,300.0,1800.0,0.1,0.025,5.0,5.5,10.0,10.0,10,100.0,inf,full,both,inf,180.0,0.01,0.0,0.0,256,20,3,0.5,0.1,0.99,10.0,256,20,0,128,128,2.890660616828184,0.9082031250000004,3.838945079944054,4.720594700479806,0.0,0.0,1.0,360.0
mppi_coast,flee,300.0,1800.0,0.1,0.025,5.0,6.25,10.0,10.0,10,100.0,inf,full,both,inf,180.0,0.01,0.0,0.0,256,20,3,0.5,0.1,0.99,10.0,256,20,0,128,128,2.890660616828184,0.9082031250000004,3.838945079944054,4.720594700479806,0.0,0.0,1.0,360.0
mppi_coast,flee,300.0,1800.0,0.1,0.025,5.0,7.5,10.0,10.0,10,100.0,inf,full,both,inf,180.0,0.01,0.0,0.0,256,20,3,0.5,0.1,0.99,10.0,256,20,0,128,128,2.890660616828184,0.9082031250000004,3.838945079944054,4.720594700479806,0.0,0.0,1.0,360.0
mppi_coast,flee,300.0,1800.0,0.1,0.025,5.0,10.0,10.0,10.0,10,100.0,inf,full,both,inf,180.0,0.01,0.0,0.0,256,20,3,0.5,0.1,0.99,10.0,256,20,0,128,128,2.890660616828184,0.9082031250000004,3.838945079944054,4.720594700479806,0.0,0.0,1.0,360.0
mppi_coast,flee,300.0,1800.0,0.1,0.025,5.0,inf,10.0,10.0,10,100.0,inf,full,both,inf,180.0,0.01,0.0,0.0,256,20,3,0.5,0.1,0.99,10.0,256,20,0,128,128,2.890660616828184,0.9082031250000004,3.838945079944054,4.720594700479806,0.0,0.0,1.0,360.0
mppi_coast,flee,300.0,1800.0,0.1,0.05,5.0,1.25,10.0,10.0,10,100.0,inf,full,both,inf,180.0,0.01,0.0,0.0,256,20,3,0.5,0.1,0.99,10.0,256,20,0,128,128,3.621471569610119,1.25,2.7372277085541348,4.465229340052609,0.0,0.0,1.0,430.0
mppi_coast,flee,300.0,1800.0,0.1,0.05,5.0,2.5,10.0,10.0,10,100.0,inf,full,both,inf,180.0,0.01,0.0,0.0,256,20,3,0.5,0.1,0.99,10.0,256,20,0,128,128,4.1809850525376016,2.43203125,4.202934015074676,4.418162049471977,0.0,0.0,1.0,500.0
mppi_coast,flee,300.0,1800.0,0.1,0.05,5.0,3.75,10.0,10.0,10,100.0,inf,full,both,inf,180.0,0.01,0.0,0.0,256,20,3,0.5,0.1,0.99,10.0,256,20,0,128,124,4.191624962241623,2.595703124999999,7.054507397084873,15.452504564020348,0.0,0.0,0.96875,500.0
mppi_coast,flee,300.0,1800.0,0.1,0.05,5.0,4.5,10.0,10.0,10,100.0,inf,full,both,inf,180.0,0.01,0.0,0.0,256,20,3,0.5,0.1,0.99,10.0,256,20,0,128,124,4.191624962241623,2.619140624999999,7.285741791944422,36.40710516287965,0.0,0.0,0.96875,500.0
mppi_coast,flee,300.0,1800.0,0.1,0.05,5.0,5.0,10.0,10.0,10,100.0,inf,full,both,inf,180.0,0.01,0.0,0.0,256,20,3,0.5,0.1,0.99,10.0,256,20,0,128,124,4.191624962241623,2.634765624999999,7.285741791944422,49.15322679936162,0.0,0.0,0.96875,500.0
mppi_coast,flee,300.0,1800.0,0.1,0.05,5.0,5.5,10.0,10.0,10,100.0,inf,full,both,inf,180.0,0.01,0.0,0.0,256,20,3,0.5,0.1,0.99,10.0,256,20,0,128,124,4.191624962241623,2.650390624999999,7.285741791944422,60.406086584305264,0.0,0.0,0.96875,500.0
mppi_coast,flee,300.0,1800.0,0.1,0.05,5.0,6.25,10.0,10.0,10,100.0,inf,full,both,inf,180.0,0.01,0.0,0.0,256,20,3,0.5,0.1,0.99,10.0,256,20,0,128,124,4.191624962241623,2.673828124999999,7.285741791944422,74.5733912524841,0.0,0.0,0.96875,500.0
mppi_coast,flee,300.0,1800.0,0.1,0.05,5.0,7.5,10.0,10.0,10,100.0,inf,full,both,inf,180.0,0.01,0.0,0.0,256,20,3,0.5,0.1,0.99,10.0,256,20,0,128,124,4.191624962241623,2.712890624999999,7.285741791944422,90.95160953740084,0.0,0.0,0.96875,500.0
mppi_coast,flee,300.0,1800.0,0.1,0.05,5.0,10.0,10.0,10.0,10,100.0,inf,full,both,inf,180.0,0.01,0.0,0.0,256,20,3,0.5,0.1,0.99,10.0,256,20,0,128,124,4.191624962241623,2.7597656249999987,7.285741791944422,98.16862112752568,0.0,0.0,0.96875,500.0
mppi_coast,flee,300.0,1800.0,0.1,0.05,5.0,inf,10.0,10.0,10,100.0,inf,full,both,inf,180.0,0.01,0.0,0.0,256,20,3,0.5,0.1,0.99,10.0,256,20,0,128,124,4.191624962241623,2.7597656249999987,7.285741791944422,98.16862112752568,0.0,0.0,0.96875,500.0
mppi_coast,flee,300.0,1800.0,0.1,0.075,5.0,1.25,10.0,10.0,10,100.0,inf,full,both,inf,180.0,0.01,0.0,0.0,256,20,3,0.5,0.1,0.99,10.0,256,20,0,128,128,3.812233210871181,1.25,3.4079439447606785,5.194638418715526,0.0,0.0,1.0,460.0
mppi_coast,flee,300.0,1800.0,0.1,0.075,5.0,2.5,10.0,10.0,10,100.0,inf,full,both,inf,180.0,0.01,0.0,0.0,256,20,3,0.5,0.1,0.99,10.0,256,20,0,128,128,4.985514648216002,2.5,3.675297272882829,4.451307654215586,0.0,0.0,1.0,630.0
mppi_coast,flee,300.0,1800.0,0.1,0.075,5.0,3.75,10.0,10.0,10,100.0,inf,full,both,inf,180.0,0.01,0.0,0.0,256,20,3,0.5,0.1,0.99,10.0,256,20,0,128,52,5.0,3.75,62.21591540477766,154.05171308688588,0.0,0.0,0.40625,1025.0
mppi_coast,flee,300.0,1800.0,0.1,0.075,5.0,4.5,10.0,10.0,10,100.0,inf,full,both,inf,180.0,0.01,0.0,0.0,256,20,3,0.5,0.1,0.99,10.0,256,20,0,128,1,5.0,4.5,273.2031489061531,798.4092377039555,0.0,0.0,0.0078125,890.0
mppi_coast,flee,300.0,1800.0,0.1,0.075,5.0,5.0,10.0,10.0,10,100.0,inf,full,both,inf,180.0,0.01,0.0,0.0,256,20,3,0.5,0.1,0.99,10.0,256,20,0,128,0,5.0,5.0,281.257335800105,1416.878094408006,0.0,0.0,0.0,
mppi_coast,flee,300.0,1800.0,0.1,0.075,5.0,5.5,10.0,10.0,10,100.0,inf,full,both,inf,180.0,0.01,0.0,0.0,256,20,3,0.5,0.1,0.99,10.0,256,20,0,128,0,5.0,5.5,281.257335800105,2002.04245530554,0.0,0.0,0.0,
mppi_coast,flee,300.0,1800.0,0.1,0.075,5.0,6.25,10.0,10.0,10,100.0,inf,full,both,inf,180.0,0.01,0.0,0.0,256,20,3,0.5,0.1,0.99,10.0,256,20,0,128,0,5.0,6.25,281.257335800105,2804.4003543652952,0.0,0.0,0.0,
mppi_coast,flee,300.0,1800.0,0.1,0.075,5.0,7.5,10.0,10.0,10,100.0,inf,full,both,inf,180.0,0.01,0.0,0.0,256,20,3,0.5,0.1,0.99,10.0,256,20,0,128,0,5.0,7.5,281.257335800105,3949.813838345879,0.0,0.0,0.0,
mppi_coast,flee,300.0,1800.0,0.1,0.075,5.0,10.0,10.0,10.0,10,100.0,inf,full,both,inf,180.0,0.01,0.0,0.0,256,20,3,0.5,0.1,0.99,10.0,256,20,0,128,0,5.0,10.0,281.257335800105,5566.550302910607,0.0,0.0,0.0,
mppi_coast,flee,300.0,1800.0,0.1,0.075,5.0,inf,10.0,10.0,10,100.0,inf,full,both,inf,180.0,0.01,0.0,0.0,256,20,3,0.5,0.1,0.99,10.0,256,20,0,128,0,5.0,13.49999999999996,281.257335800105,6402.494342120284,0.0,0.0,0.0,
mppi_coast,flee,300.0,1800.0,0.1,0.09,5.0,1.25,10.0,10.0,10,100.0,inf,full,both,inf,180.0,0.01,0.0,0.0,256,20,3,0.5,0.1,0.99,10.0,256,20,0,128,128,3.8480213318098047,1.25,3.3328497238873624,5.4293595601326174,0.0,0.0,1.0,460.0
mppi_coast,flee,300.0,1800.0,0.1,0.09,5.0,2.5,10.0,10.0,10,100.0,inf,full,both,inf,180.0,0.01,0.0,0.0,256,20,3,0.5,0.1,0.99,10.0,256,20,0,128,128,4.9978151073960815,2.5,3.290328252058838,4.59869458045132,0.0,0.0,1.0,640.0
mppi_coast,flee,300.0,1800.0,0.1,0.09,5.0,3.75,10.0,10.0,10,100.0,inf,full,both,inf,180.0,0.01,0.0,0.0,256,20,3,0.5,0.1,0.99,10.0,256,20,0,128,77,5.0,3.75,58.93322113214917,154.40057061985027,0.0,0.0,0.6015625,1000.0
mppi_coast,flee,300.0,1800.0,0.1,0.09,5.0,4.5,10.0,10.0,10,100.0,inf,full,both,inf,180.0,0.01,0.0,0.0,256,20,3,0.5,0.1,0.99,10.0,256,20,0,128,0,5.0,4.5,256.54759620194113,761.2504648050389,0.0,0.0,0.0,
mppi_coast,flee,300.0,1800.0,0.1,0.09,5.0,5.0,10.0,10.0,10,100.0,inf,full,both,inf,180.0,0.01,0.0,0.0,256,20,3,0.5,0.1,0.99,10.0,256,20,0,128,0,5.0,5.0,299.8090521588837,1433.0476046181798,0.0,0.0,0.0,
mppi_coast,flee,300.0,1800.0,0.1,0.09,5.0,5.5,10.0,10.0,10,100.0,inf,full,both,inf,180.0,0.01,0.0,0.0,256,20,3,0.5,0.1,0.99,10.0,256,20,0,128,0,5.0,5.5,299.9871274848817,2098.448940578658,0.0,0.0,0.0,
mppi_coast,flee,300.0,1800.0,0.1,0.09,5.0,6.25,10.0,10.0,10,100.0,inf,full,both,inf,180.0,0.01,0.0,0.0,256,20,3,0.5,0.1,0.99,10.0,256,20,0,128,0,5.0,6.25,299.9871274848817,3030.002327966443,0.0,0.0,0.0,
mppi_coast,flee,300.0,1800.0,0.1,0.09,5.0,7.5,10.0,10.0,10,100.0,inf,full,both,inf,180.0,0.01,0.0,0.0,256,20,3,0.5,0.1,0.99,10.0,256,20,0,128,0,5.0,7.5,299.9871274848817,4408.659805613633,0.0,0.0,0.0,
mppi_coast,flee,300.0,1800.0,0.1,0.09,5.0,10.0,10.0,10.0,10,100.0,inf,full,both,inf,180.0,0.01,0.0,0.0,256,20,3,0.5,0.1,0.99,10.0,256,20,0,128,0,5.0,10.0,299.9871274848817,6559.434345194118,0.0,0.0,0.0,
mppi_coast,flee,300.0,1800.0,0.1,0.09,5.0,inf,10.0,10.0,10,100.0,inf,full,both,inf,180.0,0.01,0.0,0.0,256,20,3,0.5,0.1,0.99,10.0,256,20,0,128,0,5.0,16.19999999999998,299.9871274848817,8743.083688661936,0.0,0.0,0.0,
mppi_coast,flee,300.0,1800.0,0.1,0.1,5.0,1.25,10.0,10.0,10,100.0,inf,full,both,inf,180.0,0.01,0.0,0.0,256,20,3,0.5,0.1,0.99,10.0,256,20,0,128,128,3.8335698277099066,1.25,3.61600237060722,5.037481567366101,0.0,0.0,1.0,460.0
mppi_coast,flee,300.0,1800.0,0.1,0.1,5.0,2.5,10.0,10.0,10,100.0,inf,full,both,inf,180.0,0.01,0.0,0.0,256,20,3,0.5,0.1,0.99,10.0,256,20,0,128,128,4.9983786533097465,2.5,3.3037158471154378,4.701773915964928,0.0,0.0,1.0,640.0
mppi_coast,flee,300.0,1800.0,0.1,0.1,5.0,3.75,10.0,10.0,10,100.0,inf,full,both,inf,180.0,0.01,0.0,0.0,256,20,3,0.5,0.1,0.99,10.0,256,20,0,128,84,5.0,3.75,54.14161065202437,134.63836862531488,0.0,0.0,0.65625,990.0
mppi_coast,flee,300.0,1800.0,0.1,0.1,5.0,4.5,10.0,10.0,10,100.0,inf,full,both,inf,180.0,0.01,0.0,0.0,256,20,3,0.5,0.1,0.99,10.0,256,20,0,128,0,5.0,4.5,239.72103297335735,734.8290197694986,0.0,0.0,0.0,
mppi_coast,flee,300.0,1800.0,0.1,0.1,5.0,5.0,10.0,10.0,10,100.0,inf,full,both,inf,180.0,0.01,0.0,0.0,256,20,3,0.5,0.1,0.99,10.0,256,20,0,128,0,5.0,5.0,299.4605231076704,1406.8616899766132,0.0,0.0,0.0,
mppi_coast,flee,300.0,1800.0,0.1,0.1,5.0,5.5,10.0,10.0,10,100.0,inf,full,both,inf,180.0,0.01,0.0,0.0,256,20,3,0.5,0.1,0.99,10.0,256,20,0,128,0,5.0,5.5,300.0,2107.836123084075,0.0,0.0,0.0,
mppi_coast,flee,300.0,1800.0,0.1,0.1,5.0,6.25,10.0,10.0,10,100.0,inf,full,both,inf,180.0,0.01,0.0,0.0,256,20,3,0.5,0.1,0.99,10.0,256,20,0,128,0,5.0,6.25,300.0,3100.374331389778,0.0,0.0,0.0,
mppi_coast,flee,300.0,1800.0,0.1,0.1,5.0,7.5,10.0,10.0,10,100.0,inf,full,both,inf,180.0,0.01,0.0,0.0,256,20,3,0.5,0.1,0.99,10.0,256,20,0,128,0,5.0,7.5,300.0,4592.682787542211,0.0,0.0,0.0,
mppi_coast,flee,300.0,1800.0,0.1,0.1,5.0,10.0,10.0,10.0,10,100.0,inf,full,both,inf,180.0,0.01,0.0,0.0,256,20,3,0.5,0.1,0.99,10.0,256,20,0,128,0,5.0,10.0,300.0,7012.030157707687,0.0,0.0,0.0,
mppi_coast,flee,300.0,1800.0,0.1,0.1,5.0,inf,10.0,10.0,10,100.0,inf,full,both,inf,180.0,0.01,0.0,0.0,256,20,3,0.5,0.1,0.99,10.0,256,20,0,128,0,5.0,17.999999999999986,300.0,10284.958232745368,0.0,0.0,0.0,
mppi_coast,flee,300.0,1800.0,0.1,0.11,5.0,1.25,10.0,10.0,10,100.0,inf,full,both,inf,180.0,0.01,0.0,0.0,256,20,3,0.5,0.1,0.99,10.0,256,20,0,128,128,3.8488136891246048,1.25,3.684550078590156,5.978384239840284,0.0,0.0,1.0,460.0
mppi_coast,flee,300.0,1800.0,0.1,0.11,5.0,2.5,10.0,10.0,10,100.0,inf,full,both,inf,180.0,0.01,0.0,0.0,256,20,3,0.5,0.1,0.99,10.0,256,20,0,128,128,4.999656377017667,2.5,3.418924149252148,4.8747918968388655,0.0,0.0,1.0,650.0
mppi_coast,flee,300.0,1800.0,0.1,0.11,5.0,3.75,10.0,10.0,10,100.0,inf,full,both,inf,180.0,0.01,0.0,0.0,256,20,3,0.5,0.1,0.99,10.0,256,20,0,128,79,5.0,3.75,75.33739638529777,193.340690236588,0.0,0.0,0.6171875,990.0
mppi_coast,flee,300.0,1800.0,0.1,0.11,5.0,4.5,10.0,10.0,10,100.0,inf,full,both,inf,180.0,0.01,0.0,0.0,256,20,3,0.5,0.1,0.99,10.0,256,20,0,128,1,5.0,4.5,233.93904824148544,842.6245492555387,0.0,0.0,0.0078125,1400.0
mppi_coast,flee,300.0,1800.0,0.1,0.11,5.0,5.0,10.0,10.0,10,100.0,inf,full,both,inf,180.0,0.01,0.0,0.0,256,20,3,0.5,0.1,0.99,10.0,256,20,0,128,0,5.0,5.0,299.296571048445,1527.0643260379477,0.0,0.0,0.0,
mppi_coast,flee,300.0,1800.0,0.1,0.11,5.0,5.5,10.0,10.0,10,100.0,inf,full,both,inf,180.0,0.01,0.0,0.0,256,20,3,0.5,0.1,0.99,10.0,256,20,0,128,0,5.0,5.5,300.0,2265.2885736695225,0.0,0.0,0.0,
mppi_coast,flee,300.0,1800.0,0.1,0.11,5.0,6.25,10.0,10.0,10,100.0,inf,full,both,inf,180.0,0.01,0.0,0.0,256,20,3,0.5,0.1,0.99,10.0,256,20,0,128,0,5.0,6.25,300.0,3318.4459202263265,0.0,0.0,0.0,
mppi_coast,flee,300.0,1800.0,0.1,0.11,5.0,7.5,10.0,10.0,10,100.0,inf,full,both,inf,180.0,0.01,0.0,0.0,256,20,3,0.5,0.1,0.99,10.0,256,20,0,128,0,5.0,7.5,300.0,4918.199047902684,0.0,0.0,0.0,
mppi_coast,flee,300.0,1800.0,0.1,0.11,5.0,10.0,10.0,10.0,10,100.0,inf,full,both,inf,180.0,0.01,0.0,0.0,256,20,3,0.5,0.1,0.99,10.0,256,20,0,128,0,5.0,10.0,300.0,7578.606198198693,0.0,0.0,0.0,
mppi_coast,flee,300.0,1800.0,0.1,0.11,5.0,inf,10.0,10.0,10,100.0,inf,full,both,inf,180.0,0.01,0.0,0.0,256,20,3,0.5,0.1,0.99,10.0,256,20,0,128,0,5.0,19.79999999999995,300.0,12058.59288714774,0.0,0.0,0.0,
mppi_coast,flee,300.0,1800.0,0.1,0.125,5.0,1.25,10.0,10.0,10,100.0,inf,full,both,inf,180.0,0.01,0.0,0.0,256,20,3,0.5,0.1,0.99,10.0,256,20,0,128,128,3.8241750805723935,1.25,3.3575154269180563,5.56160236067008,0.0,0.0,1.0,460.0
mppi_coast,flee,300.0,1800.0,0.1,0.125,5.0,2.5,10.0,10.0,10,100.0,inf,full,both,inf,180.0,0.01,0.0,0.0,256,20,3,0.5,0.1,0.99,10.0,256,20,0,128,128,4.999972773985392,2.5,3.62113561786367,5.14838384022775,0.0,0.0,1.0,660.0
mppi_coast,flee,300.0,1800.0,0.1,0.125,5.0,3.75,10.0,10.0,10,100.0,inf,full,both,inf,180.0,0.01,0.0,0.0,256,20,3,0.5,0.1,0.99,10.0,256,20,0,128,78,5.0,3.75,83.68309918747157,228.8464230249459,0.0,0.0,0.609375,980.0
mppi_coast,flee,300.0,1800.0,0.1,0.125,5.0,4.5,10.0,10.0,10,100.0,inf,full,both,inf,180.0,0.01,0.0,0.0,256,20,3,0.5,0.1,0.99,10.0,256,20,0,128,0,5.0,4.5,241.54473433269416,920.17465963197,0.0,0.0,0.0,
mppi_coast,flee,300.0,1800.0,0.1,0.125,5.0,5.0,10.0,10.0,10,100.0,inf,full,both,inf,180.0,0.01,0.0,0.0,256,20,3,0.5,0.1,0.99,10.0,256,20,0,128,0,5.0,5.0,296.0343213084892,1616.7013488973234,0.0,0.0,0.0,
mppi_coast,flee,300.0,1800.0,0.1,0.125,5.0,5.5,10.0,10.0,10,100.0,inf,full,both,inf,180.0,0.01,0.0,0.0,256,20,3,0.5,0.1,0.99,10.0,256,20,0,128,0,5.0,5.5,300.0,2397.098528663203,0.0,0.0,0.0,
mppi_coast,flee,300.0,1800.0,0.1,0.125,5.0,6.25,10.0,10.0,10,100.0,inf,full,both,inf,180.0,0.01,0.0,0.0,256,20,3,0.5,0.1,0.99,10.0,256,20,0,128,0,5.0,6.25,300.0,3523.6738797416733,0.0,0.0,0.0,
mppi_coast,flee,300.0,1800.0,0.1,0.125,5.0,7.5,10.0,10.0,10,100.0,inf,full,both,inf,180.0,0.01,0.0,0.0,256,20,3,0.5,0.1,0.99,10.0,256,20,0,128,0,5.0,7.5,300.0,5257.265174677105,0.0,0.0,0.0,
mppi_coast,flee,300.0,1800.0,0.1,0.125,5.0,10.0,10.0,10.0,10,100.0,inf,full,both,inf,180.0,0.01,0.0,0.0,256,20,3,0.5,0.1,0.99,10.0,256,20,0,128,0,5.0,10.0,300.0,8220.116866277333,0.0,0.0,0.0,
mppi_coast,flee,300.0,1800.0,0.1,0.125,5.0,inf,10.0,10.0,10,100.0,inf,full,both,inf,180.0,0.01,0.0,0.0,256,20,3,0.5,0.1,0.99,10.0,256,20,0,128,0,5.0,22.5,300.0,14671.75008053912,0.0,0.0,0.0,
mppi_coast,flee,300.0,1800.0,0.1,0.15,5.0,1.25,10.0,10.0,10,100.0,inf,full,both,inf,180.0,0.01,0.0,0.0,256,20,3,0.5,0.1,0.99,10.0,256,20,0,128,128,3.862049353709288,1.25,3.154673132901699,5.69996330527773,0.0,0.0,1.0,460.0
mppi_coast,flee,300.0,1800.0,0.1,0.15,5.0,2.5,10.0,10.0,10,100.0,inf,full,both,inf,180.0,0.01,0.0,0.0,256,20,3,0.5,0.1,0.99,10.0,256,20,0,128,128,5.0,2.5,3.4436280864818087,4.875100996399727,0.0,0.0,1.0,670.0
mppi_coast,flee,300.0,1800.0,0.1,0.15,5.0,3.75,10.0,10.0,10,100.0,inf,full,both,inf,180.0,0.01,0.0,0.0,256,20,3,0.5,0.1,0.99,10.0,256,20,0,128,69,5.0,3.75,105.06490315439292,324.1830025451314,0.0,0.0,0.5390625,990.0
mppi_coast,flee,300.0,1800.0,0.1,0.15,5.0,4.5,10.0,10.0,10,100.0,inf,full,both,inf,180.0,0.01,0.0,0.0,256,20,3,0.5,0.1,0.99,10.0,256,20,0,128,0,5.0,4.5,255.89112423400823,1110.2722287062836,0.0,0.0,0.0,
mppi_coast,flee,300.0,1800.0,0.1,0.15,5.0,5.0,10.0,10.0,10,100.0,inf,full,both,inf,180.0,0.01,0.0,0.0,256,20,3,0.5,0.1,0.99,10.0,256,20,0,128,0,5.0,5.0,296.8549621939614,1838.6017508355128,0.0,0.0,0.0,
mppi_coast,flee,300.0,1800.0,0.1,0.15,5.0,5.5,10.0,10.0,10,100.0,inf,full,both,inf,180.0,0.01,0.0,0.0,256,20,3,0.5,0.1,0.99,10.0,256,20,0,128,0,5.0,5.5,300.0,2665.851418914021,0.0,0.0,0.0,
mppi_coast,flee,300.0,1800.0,0.1,0.15,5.0,6.25,10.0,10.0,10,100.0,inf,full,both,inf,180.0,0.01,0.0,0.0,256,20,3,0.5,0.1,0.99,10.0,256,20,0,128,0,5.0,6.25,300.0,3878.4212696730656,0.0,0.0,0.0,
mppi_coast,flee,300.0,1800.0,0.1,0.15,5.0,7.5,10.0,10.0,10,100.0,inf,full,both,inf,180.0,0.01,0.0,0.0,256,20,3,0.5,0.1,0.99,10.0,256,20,0,128,0,5.0,7.5,300.0,5779.13119568769,0.0,0.0,0.0,
mppi_coast,flee,300.0,1800.0,0.1,0.15,5.0,10.0,10.0,10.0,10,100.0,inf,full,both,inf,180.0,0.01,0.0,0.0,256,20,3,0.5,0.1,0.99,10.0,256,20,0,128,0,5.0,10.0,300.0,9123.361959809874,0.0,0.0,0.0,
mppi_coast,flee,300.0,1800.0,0.1,0.15,5.0,inf,10.0,10.0,10,100.0,inf,full,both,inf,180.0,0.01,0.0,0.0,256,20,3,0.5,0.1,0.99,10.0,256,20,0,128,0,5.0,26.99999999999992,300.0,19124.965217868423,0.0,0.0,0.0,
mppi_coast,flee,300.0,1800.0,0.1,0.2,5.0,1.25,10.0,10.0,10,100.0,inf,full,both,inf,180.0,0.01,0.0,0.0,256,20,3,0.5,0.1,0.99,10.0,256,20,0,128,128,3.8784177214658593,1.25,3.15425384035559,5.905416764517713,0.0,0.0,1.0,460.0
mppi_coast,flee,300.0,1800.0,0.1,0.2,5.0,2.5,10.0,10.0,10,100.0,inf,full,both,inf,180.0,0.01,0.0,0.0,256,20,3,0.5,0.1,0.99,10.0,256,20,0,128,128,5.0,2.5,3.407641034398905,4.8997595286851965,0.0,0.0,1.0,680.0
mppi_coast,flee,300.0,1800.0,0.1,0.2,5.0,3.75,10.0,10.0,10,100.0,inf,full,both,inf,180.0,0.01,0.0,0.0,256,20,3,0.5,0.1,0.99,10.0,256,20,0,128,62,5.0,3.75,121.55352914701886,462.06230337030377,0.0,0.0,0.484375,1025.0
mppi_coast,flee,300.0,1800.0,0.1,0.2,5.0,4.5,10.0,10.0,10,100.0,inf,full,both,inf,180.0,0.01,0.0,0.0,256,20,3,0.5,0.1,0.99,10.0,256,20,0,128,0,5.0,4.5,267.50446554141087,1351.9340917507873,0.0,0.0,0.0,
mppi_coast,flee,300.0,1800.0,0.1,0.2,5.0,5.0,10.0,10.0,10,100.0,inf,full,both,inf,180.0,0.01,0.0,0.0,256,20,3,0.5,0.1,0.99,10.0,256,20,0,128,0,5.0,5.0,296.7532271957287,2136.588252119226,0.0,0.0,0.0,
mppi_coast,flee,300.0,1800.0,0.1,0.2,5.0,5.5,10.0,10.0,10,100.0,inf,full,both,inf,180.0,0.01,0.0,0.0,256,20,3,0.5,0.1,0.99,10.0,256,20,0,128,0,5.0,5.5,300.0,3031.8490429631383,0.0,0.0,0.0,
mppi_coast,flee,300.0,1800.0,0.1,0.2,5.0,6.25,10.0,10.0,10,100.0,inf,full,both,inf,180.0,0.01,0.0,0.0,256,20,3,0.5,0.1,0.99,10.0,256,20,0,128,0,5.0,6.25,300.0,4364.617272086173,0.0,0.0,0.0,
mppi_coast,flee,300.0,1800.0,0.1,0.2,5.0,7.5,10.0,10.0,10,100.0,inf,full,both,inf,180.0,0.01,0.0,0.0,256,20,3,0.5,0.1,0.99,10.0,256,20,0,128,0,5.0,7.5,300.0,6496.06866788398,0.0,0.0,0.0,
mppi_coast,flee,300.0,1800.0,0.1,0.2,5.0,10.0,10.0,10.0,10,100.0,inf,full,both,inf,180.0,0.01,0.0,0.0,256,20,3,0.5,0.1,0.99,10.0,256,20,0,128,0,5.0,10.0,300.0,10390.569659692976,0.0,0.0,0.0,
mppi_coast,flee,300.0,1800.0,0.1,0.2,5.0,inf,10.0,10.0,10,100.0,inf,full,both,inf,180.0,0.01,0.0,0.0,256,20,3,0.5,0.1,0.99,10.0,256,20,0,128,0,5.0,35.99999999999997,300.0,28195.36382078262,0.0,0.0,0.0,
mppi_coast,coast,300.0,1800.0,0.1,0.025,5.0,1.25,10.0,10.0,10,100.0,inf,full,both,inf,180.0,0.01,0.0,0.0,256,20,3,0.5,0.1,0.99,10.0,256,20,0,128,128,2.2971895673979548,0.0,3.5119283915690875,4.944144116979848,0.0,0.0,1.0,290.0
mppi_coast,coast,300.0,1800.0,0.1,0.025,5.0,2.5,10.0,10.0,10,100.0,inf,full,both,inf,180.0,0.01,0.0,0.0,256,20,3,0.5,0.1,0.99,10.0,256,20,0,128,128,2.2971895673979548,0.0,3.5119283915690875,4.944144116979848,0.0,0.0,1.0,290.0
mppi_coast,coast,300.0,1800.0,0.1,0.025,5.0,3.75,10.0,10.0,10,100.0,inf,full,both,inf,180.0,0.01,0.0,0.0,256,20,3,0.5,0.1,0.99,10.0,256,20,0,128,128,2.2971895673979548,0.0,3.5119283915690875,4.944144116979848,0.0,0.0,1.0,290.0
mppi_coast,coast,300.0,1800.0,0.1,0.025,5.0,4.5,10.0,10.0,10,100.0,inf,full,both,inf,180.0,0.01,0.0,0.0,256,20,3,0.5,0.1,0.99,10.0,256,20,0,128,128,2.2971895673979548,0.0,3.5119283915690875,4.944144116979848,0.0,0.0,1.0,290.0
mppi_coast,coast,300.0,1800.0,0.1,0.025,5.0,5.0,10.0,10.0,10,100.0,inf,full,both,inf,180.0,0.01,0.0,0.0,256,20,3,0.5,0.1,0.99,10.0,256,20,0,128,128,2.2971895673979548,0.0,3.5119283915690875,4.944144116979848,0.0,0.0,1.0,290.0
mppi_coast,coast,300.0,1800.0,0.1,0.025,5.0,5.5,10.0,10.0,10,100.0,inf,full,both,inf,180.0,0.01,0.0,0.0,256,20,3,0.5,0.1,0.99,10.0,256,20,0,128,128,2.2971895673979548,0.0,3.5119283915690875,4.944144116979848,0.0,0.0,1.0,290.0
mppi_coast,coast,300.0,1800.0,0.1,0.025,5.0,6.25,10.0,10.0,10,100.0,inf,full,both,inf,180.0,0.01,0.0,0.0,256,20,3,0.5,0.1,0.99,10.0,256,20,0,128,128,2.2971895673979548,0.0,3.5119283915690875,4.944144116979848,0.0,0.0,1.0,290.0
mppi_coast,coast,300.0,1800.0,0.1,0.025,5.0,7.5,10.0,10.0,10,100.0,inf,full,both,inf,180.0,0.01,0.0,0.0,256,20,3,0.5,0.1,0.99,10.0,256,20,0,128,128,2.2971895673979548,0.0,3.5119283915690875,4.944144116979848,0.0,0.0,1.0,290.0
mppi_coast,coast,300.0,1800.0,0.1,0.025,5.0,10.0,10.0,10.0,10,100.0,inf,full,both,inf,180.0,0.01,0.0,0.0,256,20,3,0.5,0.1,0.99,10.0,256,20,0,128,128,2.2971895673979548,0.0,3.5119283915690875,4.944144116979848,0.0,0.0,1.0,290.0
mppi_coast,coast,300.0,1800.0,0.1,0.025,5.0,inf,10.0,10.0,10,100.0,inf,full,both,inf,180.0,0.01,0.0,0.0,256,20,3,0.5,0.1,0.99,10.0,256,20,0,128,128,2.2971895673979548,0.0,3.5119283915690875,4.944144116979848,0.0,0.0,1.0,290.0
mppi_coast,coast,300.0,1800.0,0.1,0.05,5.0,1.25,10.0,10.0,10,100.0,inf,full,both,inf,180.0,0.01,0.0,0.0,256,20,3,0.5,0.1,0.99,10.0,256,20,0,128,128,2.2971895673979548,0.0,3.5119283915690875,4.944144116979848,0.0,0.0,1.0,290.0
mppi_coast,coast,300.0,1800.0,0.1,0.05,5.0,2.5,10.0,10.0,10,100.0,inf,full,both,inf,180.0,0.01,0.0,0.0,256,20,3,0.5,0.1,0.99,10.0,256,20,0,128,128,2.2971895673979548,0.0,3.5119283915690875,4.944144116979848,0.0,0.0,1.0,290.0
mppi_coast,coast,300.0,1800.0,0.1,0.05,5.0,3.75,10.0,10.0,10,100.0,inf,full,both,inf,180.0,0.01,0.0,0.0,256,20,3,0.5,0.1,0.99,10.0,256,20,0,128,128,2.2971895673979548,0.0,3.5119283915690875,4.944144116979848,0.0,0.0,1.0,290.0
mppi_coast,coast,300.0,1800.0,0.1,0.05,5.0,4.5,10.0,10.0,10,100.0,inf,full,both,inf,180.0,0.01,0.0,0.0,256,20,3,0.5,0.1,0.99,10.0,256,20,0,128,128,2.2971895673979548,0.0,3.5119283915690875,4.944144116979848,0.0,0.0,1.0,290.0
mppi_coast,coast,300.0,1800.0,0.1,0.05,5.0,5.0,10.0,10.0,10,100.0,inf,full,both,inf,180.0,0.01,0.0,0.0,256,20,3,0.5,0.1,0.99,10.0,256,20,0,128,128,2.2971895673979548,0.0,3.5119283915690875,4.944144116979848,0.0,0.0,1.0,290.0
mppi_coast,coast,300.0,1800.0,0.1,0.05,5.0,5.5,10.0,10.0,10,100.0,inf,full,both,inf,180.0,0.01,0.0,0.0,256,20,3,0.5,0.1,0.99,10.0,256,20,0,128,128,2.2971895673979548,0.0,3.5119283915690875,4.944144116979848,0.0,0.0,1.0,290.0
mppi_coast,coast,300.0,1800.0,0.1,0.05,5.0,6.25,10.0,10.0,10,100.0,inf,full,both,inf,180.0,0.01,0.0,0.0,256,20,3,0.5,0.1,0.99,10.0,256,20,0,128,128,2.2971895673979548,0.0,3.5119283915690875,4.944144116979848,0.0,0.0,1.0,290.0
mppi_coast,coast,300.0,1800.0,0.1,0.05,5.0,7.5,10.0,10.0,10,100.0,inf,full,both,inf,180.0,0.01,0.0,0.0,256,20,3,0.5,0.1,0.99,10.0,256,20,0,128,128,2.2971895673979548,0.0,3.5119283915690875,4.944144116979848,0.0,0.0,1.0,290.0
mppi_coast,coast,300.0,1800.0,0.1,0.05,5.0,10.0,10.0,10.0,10,100.0,inf,full,both,inf,180.0,0.01,0.0,0.0,256,20,3,0.5,0.1,0.99,10.0,256,20,0,128,128,2.2971895673979548,0.0,3.5119283915690875,4.944144116979848,0.0,0.0,1.0,290.0
mppi_coast,coast,300.0,1800.0,0.1,0.05,5.0,inf,10.0,10.0,10,100.0,inf,full,both,inf,180.0,0.01,0.0,0.0,256,20,3,0.5,0.1,0.99,10.0,256,20,0,128,128,2.2971895673979548,0.0,3.5119283915690875,4.944144116979848,0.0,0.0,1.0,290.0
mppi_coast,coast,300.0,1800.0,0.1,0.075,5.0,1.25,10.0,10.0,10,100.0,inf,full,both,inf,180.0,0.01,0.0,0.0,256,20,3,0.5,0.1,0.99,10.0,256,20,0,128,128,2.2971895673979548,0.0,3.5119283915690875,4.944144116979848,0.0,0.0,1.0,290.0
mppi_coast,coast,300.0,1800.0,0.1,0.075,5.0,2.5,10.0,10.0,10,100.0,inf,full,both,inf,180.0,0.01,0.0,0.0,256,20,3,0.5,0.1,0.99,10.0,256,20,0,128,128,2.2971895673979548,0.0,3.5119283915690875,4.944144116979848,0.0,0.0,1.0,290.0
mppi_coast,coast,300.0,1800.0,0.1,0.075,5.0,3.75,10.0,10.0,10,100.0,inf,full,both,inf,180.0,0.01,0.0,0.0,256,20,3,0.5,0.1,0.99,10.0,256,20,0,128,128,2.2971895673979548,0.0,3.5119283915690875,4.944144116979848,0.0,0.0,1.0,290.0
mppi_coast,coast,300.0,1800.0,0.1,0.075,5.0,4.5,10.0,10.0,10,100.0,inf,full,both,inf,180.0,0.01,0.0,0.0,256,20,3,0.5,0.1,0.99,10.0,256,20,0,128,128,2.2971895673979548,0.0,3.5119283915690875,4.944144116979848,0.0,0.0,1.0,290.0
mppi_coast,coast,300.0,1800.0,0.1,0.075,5.0,5.0,10.0,10.0,10,100.0,inf,full,both,inf,180.0,0.01,0.0,0.0,256,20,3,0.5,0.1,0.99,10.0,256,20,0,128,128,2.2971895673979548,0.0,3.5119283915690875,4.944144116979848,0.0,0.0,1.0,290.0
mppi_coast,coast,300.0,1800.0,0.1,0.075,5.0,5.5,10.0,10.0,10,100.0,inf,full,both,inf,180.0,0.01,0.0,0.0,256,20,3,0.5,0.1,0.99,10.0,256,20,0,128,128,2.2971895673979548,0.0,3.5119283915690875,4.944144116979848,0.0,0.0,1.0,290.0
mppi_coast,coast,300.0,1800.0,0.1,0.075,5.0,6.25,10.0,10.0,10,100.0,inf,full,both,inf,180.0,0.01,0.0,0.0,256,20,3,0.5,0.1,0.99,10.0,256,20,0,128,128,2.2971895673979548,0.0,3.5119283915690875,4.944144116979848,0.0,0.0,1.0,290.0
mppi_coast,coast,300.0,1800.0,0.1,0.075,5.0,7.5,10.0,10.0,10,100.0,inf,full,both,inf,180.0,0.01,0.0,0.0,256,20,3,0.5,0.1,0.99,10.0,256,20,0,128,128,2.2971895673979548,0.0,3.5119283915690875,4.944144116979848,0.0,0.0,1.0,290.0
mppi_coast,coast,300.0,1800.0,0.1,0.075,5.0,10.0,10.0,10.0,10,100.0,inf,full,both,inf,180.0,0.01,0.0,0.0,256,20,3,0.5,0.1,0.99,10.0,256,20,0,128,128,2.2971895673979548,0.0,3.5119283915690875,4.944144116979848,0.0,0.0,1.0,290.0
mppi_coast,coast,300.0,1800.0,0.1,0.075,5.0,inf,10.0,10.0,10,100.0,inf,full,both,inf,180.0,0.01,0.0,0.0,256,20,3,0.5,0.1,0.99,10.0,256,20,0,128,128,2.2971895673979548,0.0,3.5119283915690875,4.944144116979848,0.0,0.0,1.0,290.0
mppi_coast,coast,300.0,1800.0,0.1,0.09,5.0,1.25,10.0,10.0,10,100.0,inf,full,both,inf,180.0,0.01,0.0,0.0,256,20,3,0.5,0.1,0.99,10.0,256,20,0,128,128,2.2971895673979548,0.0,3.5119283915690875,4.944144116979848,0.0,0.0,1.0,290.0
mppi_coast,coast,300.0,1800.0,0.1,0.09,5.0,2.5,10.0,10.0,10,100.0,inf,full,both,inf,180.0,0.01,0.0,0.0,256,20,3,0.5,0.1,0.99,10.0,256,20,0,128,128,2.2971895673979548,0.0,3.5119283915690875,4.944144116979848,0.0,0.0,1.0,290.0
mppi_coast,coast,300.0,1800.0,0.1,0.09,5.0,3.75,10.0,10.0,10,100.0,inf,full,both,inf,180.0,0.01,0.0,0.0,256,20,3,0.5,0.1,0.99,10.0,256,20,0,128,128,2.2971895673979548,0.0,3.5119283915690875,4.944144116979848,0.0,0.0,1.0,290.0
mppi_coast,coast,300.0,1800.0,0.1,0.09,5.0,4.5,10.0,10.0,10,100.0,inf,full,both,inf,180.0,0.01,0.0,0.0,256,20,3,0.5,0.1,0.99,10.0,256,20,0,128,128,2.2971895673979548,0.0,3.5119283915690875,4.944144116979848,0.0,0.0,1.0,290.0
mppi_coast,coast,300.0,1800.0,0.1,0.09,5.0,5.0,10.0,10.0,10,100.0,inf,full,both,inf,180.0,0.01,0.0,0.0,256,20,3,0.5,0.1,0.99,10.0,256,20,0,128,128,2.2971895673979548,0.0,3.5119283915690875,4.944144116979848,0.0,0.0,1.0,290.0
mppi_coast,coast,300.0,1800.0,0.1,0.09,5.0,5.5,10.0,10.0,10,100.0,inf,full,both,inf,180.0,0.01,0.0,0.0,256,20,3,0.5,0.1,0.99,10.0,256,20,0,128,128,2.2971895673979548,0.0,3.5119283915690875,4.944144116979848,0.0,0.0,1.0,290.0
mppi_coast,coast,300.0,1800.0,0.1,0.09,5.0,6.25,10.0,10.0,10,100.0,inf,full,both,inf,180.0,0.01,0.0,0.0,256,20,3,0.5,0.1,0.99,10.0,256,20,0,128,128,2.2971895673979548,0.0,3.5119283915690875,4.944144116979848,0.0,0.0,1.0,290.0
mppi_coast,coast,300.0,1800.0,0.1,0.09,5.0,7.5,10.0,10.0,10,100.0,inf,full,both,inf,180.0,0.01,0.0,0.0,256,20,3,0.5,0.1,0.99,10.0,256,20,0,128,128,2.2971895673979548,0.0,3.5119283915690875,4.944144116979848,0.0,0.0,1.0,290.0
mppi_coast,coast,300.0,1800.0,0.1,0.09,5.0,10.0,10.0,10.0,10,100.0,inf,full,both,inf,180.0,0.01,0.0,0.0,256,20,3,0.5,0.1,0.99,10.0,256,20,0,128,128,2.2971895673979548,0.0,3.5119283915690875,4.944144116979848,0.0,0.0,1.0,290.0
mppi_coast,coast,300.0,1800.0,0.1,0.09,5.0,inf,10.0,10.0,10,100.0,inf,full,both,inf,180.0,0.01,0.0,0.0,256,20,3,0.5,0.1,0.99,10.0,256,20,0,128,128,2.2971895673979548,0.0,3.5119283915690875,4.944144116979848,0.0,0.0,1.0,290.0
mppi_coast,coast,300.0,1800.0,0.1,0.1,5.0,1.25,10.0,10.0,10,100.0,inf,full,both,inf,180.0,0.01,0.0,0.0,256,20,3,0.5,0.1,0.99,10.0,256,20,0,128,128,2.2971895673979548,0.0,3.5119283915690875,4.944144116979848,0.0,0.0,1.0,290.0
mppi_coast,coast,300.0,1800.0,0.1,0.1,5.0,2.5,10.0,10.0,10,100.0,inf,full,both,inf,180.0,0.01,0.0,0.0,256,20,3,0.5,0.1,0.99,10.0,256,20,0,128,128,2.2971895673979548,0.0,3.5119283915690875,4.944144116979848,0.0,0.0,1.0,290.0
mppi_coast,coast,300.0,1800.0,0.1,0.1,5.0,3.75,10.0,10.0,10,100.0,inf,full,both,inf,180.0,0.01,0.0,0.0,256,20,3,0.5,0.1,0.99,10.0,256,20,0,128,128,2.2971895673979548,0.0,3.5119283915690875,4.944144116979848,0.0,0.0,1.0,290.0
mppi_coast,coast,300.0,1800.0,0.1,0.1,5.0,4.5,10.0,10.0,10,100.0,inf,full,both,inf,180.0,0.01,0.0,0.0,256,20,3,0.5,0.1,0.99,10.0,256,20,0,128,128,2.2971895673979548,0.0,3.5119283915690875,4.944144116979848,0.0,0.0,1.0,290.0
mppi_coast,coast,300.0,1800.0,0.1,0.1,5.0,5.0,10.0,10.0,10,100.0,inf,full,both,inf,180.0,0.01,0.0,0.0,256,20,3,0.5,0.1,0.99,10.0,256,20,0,128,128,2.2971895673979548,0.0,3.5119283915690875,4.944144116979848,0.0,0.0,1.0,290.0
mppi_coast,coast,300.0,1800.0,0.1,0.1,5.0,5.5,10.0,10.0,10,100.0,inf,full,both,inf,180.0,0.01,0.0,0.0,256,20,3,0.5,0.1,0.99,10.0,256,20,0,128,128,2.2971895673979548,0.0,3.5119283915690875,4.944144116979848,0.0,0.0,1.0,290.0
mppi_coast,coast,300.0,1800.0,0.1,0.1,5.0,6.25,10.0,10.0,10,100.0,inf,full,both,inf,180.0,0.01,0.0,0.0,256,20,3,0.5,0.1,0.99,10.0,256,20,0,128,128,2.2971895673979548,0.0,3.5119283915690875,4.944144116979848,0.0,0.0,1.0,290.0
mppi_coast,coast,300.0,1800.0,0.1,0.1,5.0,7.5,10.0,10.0,10,100.0,inf,full,both,inf,180.0,0.01,0.0,0.0,256,20,3,0.5,0.1,0.99,10.0,256,20,0,128,128,2.2971895673979548,0.0,3.5119283915690875,4.944144116979848,0.0,0.0,1.0,290.0
mppi_coast,coast,300.0,1800.0,0.1,0.1,5.0,10.0,10.0,10.0,10,100.0,inf,full,both,inf,180.0,0.01,0.0,0.0,256,20,3,0.5,0.1,0.99,10.0,256,20,0,128,128,2.2971895673979548,0.0,3.5119283915690875,4.944144116979848,0.0,0.0,1.0,290.0
mppi_coast,coast,300.0,1800.0,0.1,0.1,5.0,inf,10.0,10.0,10,100.0,inf,full,both,inf,180.0,0.01,0.0,0.0,256,20,3,0.5,0.1,0.99,10.0,256,20,0,128,128,2.2971895673979548,0.0,3.5119283915690875,4.944144116979848,0.0,0.0,1.0,290.0
mppi_coast,coast,300.0,1800.0,0.1,0.11,5.0,1.25,10.0,10.0,10,100.0,inf,full,both,inf,180.0,0.01,0.0,0.0,256,20,3,0.5,0.1,0.99,10.0,256,20,0,128,128,2.2971895673979548,0.0,3.5119283915690875,4.944144116979848,0.0,0.0,1.0,290.0
mppi_coast,coast,300.0,1800.0,0.1,0.11,5.0,2.5,10.0,10.0,10,100.0,inf,full,both,inf,180.0,0.01,0.0,0.0,256,20,3,0.5,0.1,0.99,10.0,256,20,0,128,128,2.2971895673979548,0.0,3.5119283915690875,4.944144116979848,0.0,0.0,1.0,290.0
mppi_coast,coast,300.0,1800.0,0.1,0.11,5.0,3.75,10.0,10.0,10,100.0,inf,full,both,inf,180.0,0.01,0.0,0.0,256,20,3,0.5,0.1,0.99,10.0,256,20,0,128,128,2.2971895673979548,0.0,3.5119283915690875,4.944144116979848,0.0,0.0,1.0,290.0
mppi_coast,coast,300.0,1800.0,0.1,0.11,5.0,4.5,10.0,10.0,10,100.0,inf,full,both,inf,180.0,0.01,0.0,0.0,256,20,3,0.5,0.1,0.99,10.0,256,20,0,128,128,2.2971895673979548,0.0,3.5119283915690875,4.944144116979848,0.0,0.0,1.0,290.0
mppi_coast,coast,300.0,1800.0,0.1,0.11,5.0,5.0,10.0,10.0,10,100.0,inf,full,both,inf,180.0,0.01,0.0,0.0,256,20,3,0.5,0.1,0.99,10.0,256,20,0,128,128,2.2971895673979548,0.0,3.5119283915690875,4.944144116979848,0.0,0.0,1.0,290.0
mppi_coast,coast,300.0,1800.0,0.1,0.11,5.0,5.5,10.0,10.0,10,100.0,inf,full,both,inf,180.0,0.01,0.0,0.0,256,20,3,0.5,0.1,0.99,10.0,256,20,0,128,128,2.2971895673979548,0.0,3.5119283915690875,4.944144116979848,0.0,0.0,1.0,290.0
mppi_coast,coast,300.0,1800.0,0.1,0.11,5.0,6.25,10.0,10.0,10,100.0,inf,full,both,inf,180.0,0.01,0.0,0.0,256,20,3,0.5,0.1,0.99,10.0,256,20,0,128,128,2.2971895673979548,0.0,3.5119283915690875,4.944144116979848,0.0,0.0,1.0,290.0
mppi_coast,coast,300.0,1800.0,0.1,0.11,5.0,7.5,10.0,10.0,10,100.0,inf,full,both,inf,180.0,0.01,0.0,0.0,256,20,3,0.5,0.1,0.99,10.0,256,20,0,128,128,2.2971895673979548,0.0,3.5119283915690875,4.944144116979848,0.0,0.0,1.0,290.0
mppi_coast,coast,300.0,1800.0,0.1,0.11,5.0,10.0,10.0,10.0,10,100.0,inf,full,both,inf,180.0,0.01,0.0,0.0,256,20,3,0.5,0.1,0.99,10.0,256,20,0,128,128,2.2971895673979548,0.0,3.5119283915690875,4.944144116979848,0.0,0.0,1.0,290.0
mppi_coast,coast,300.0,1800.0,0.1,0.11,5.0,inf,10.0,10.0,10,100.0,inf,full,both,inf,180.0,0.01,0.0,0.0,256,20,3,0.5,0.1,0.99,10.0,256,20,0,128,128,2.2971895673979548,0.0,3.5119283915690875,4.944144116979848,0.0,0.0,1.0,290.0
mppi_coast,coast,300.0,1800.0,0.1,0.125,5.0,1.25,10.0,10.0,10,100.0,inf,full,both,inf,180.0,0.01,0.0,0.0,256,20,3,0.5,0.1,0.99,10.0,256,20,0,128,128,2.2971895673979548,0.0,3.5119283915690875,4.944144116979848,0.0,0.0,1.0,290.0
mppi_coast,coast,300.0,1800.0,0.1,0.125,5.0,2.5,10.0,10.0,10,100.0,inf,full,both,inf,180.0,0.01,0.0,0.0,256,20,3,0.5,0.1,0.99,10.0,256,20,0,128,128,2.2971895673979548,0.0,3.5119283915690875,4.944144116979848,0.0,0.0,1.0,290.0
mppi_coast,coast,300.0,1800.0,0.1,0.125,5.0,3.75,10.0,10.0,10,100.0,inf,full,both,inf,180.0,0.01,0.0,0.0,256,20,3,0.5,0.1,0.99,10.0,256,20,0,128,128,2.2971895673979548,0.0,3.5119283915690875,4.944144116979848,0.0,0.0,1.0,290.0
mppi_coast,coast,300.0,1800.0,0.1,0.125,5.0,4.5,10.0,10.0,10,100.0,inf,full,both,inf,180.0,0.01,0.0,0.0,256,20,3,0.5,0.1,0.99,10.0,256,20,0,128,128,2.2971895673979548,0.0,3.5119283915690875,4.944144116979848,0.0,0.0,1.0,290.0
mppi_coast,coast,300.0,1800.0,0.1,0.125,5.0,5.0,10.0,10.0,10,100.0,inf,full,both,inf,180.0,0.01,0.0,0.0,256,20,3,0.5,0.1,0.99,10.0,256,20,0,128,128,2.2971895673979548,0.0,3.5119283915690875,4.944144116979848,0.0,0.0,1.0,290.0
mppi_coast,coast,300.0,1800.0,0.1,0.125,5.0,5.5,10.0,10.0,10,100.0,inf,full,both,inf,180.0,0.01,0.0,0.0,256,20,3,0.5,0.1,0.99,10.0,256,20,0,128,128,2.2971895673979548,0.0,3.5119283915690875,4.944144116979848,0.0,0.0,1.0,290.0
mppi_coast,coast,300.0,1800.0,0.1,0.125,5.0,6.25,10.0,10.0,10,100.0,inf,full,both,inf,180.0,0.01,0.0,0.0,256,20,3,0.5,0.1,0.99,10.0,256,20,0,128,128,2.2971895673979548,0.0,3.5119283915690875,4.944144116979848,0.0,0.0,1.0,290.0
mppi_coast,coast,300.0,1800.0,0.1,0.125,5.0,7.5,10.0,10.0,10,100.0,inf,full,both,inf,180.0,0.01,0.0,0.0,256,20,3,0.5,0.1,0.99,10.0,256,20,0,128,128,2.2971895673979548,0.0,3.5119283915690875,4.944144116979848,0.0,0.0,1.0,290.0
mppi_coast,coast,300.0,1800.0,0.1,0.125,5.0,10.0,10.0,10.0,10,100.0,inf,full,both,inf,180.0,0.01,0.0,0.0,256,20,3,0.5,0.1,0.99,10.0,256,20,0,128,128,2.2971895673979548,0.0,3.5119283915690875,4.944144116979848,0.0,0.0,1.0,290.0
mppi_coast,coast,300.0,1800.0,0.1,0.125,5.0,inf,10.0,10.0,10,100.0,inf,full,both,inf,180.0,0.01,0.0,0.0,256,20,3,0.5,0.1,0.99,10.0,256,20,0,128,128,2.2971895673979548,0.0,3.5119283915690875,4.944144116979848,0.0,0.0,1.0,290.0
mppi_coast,coast,300.0,1800.0,0.1,0.15,5.0,1.25,10.0,10.0,10,100.0,inf,full,both,inf,180.0,0.01,0.0,0.0,256,20,3,0.5,0.1,0.99,10.0,256,20,0,128,128,2.2971895673979548,0.0,3.5119283915690875,4.944144116979848,0.0,0.0,1.0,290.0
mppi_coast,coast,300.0,1800.0,0.1,0.15,5.0,2.5,10.0,10.0,10,100.0,inf,full,both,inf,180.0,0.01,0.0,0.0,256,20,3,0.5,0.1,0.99,10.0,256,20,0,128,128,2.2971895673979548,0.0,3.5119283915690875,4.944144116979848,0.0,0.0,1.0,290.0
mppi_coast,coast,300.0,1800.0,0.1,0.15,5.0,3.75,10.0,10.0,10,100.0,inf,full,both,inf,180.0,0.01,0.0,0.0,256,20,3,0.5,0.1,0.99,10.0,256,20,0,128,128,2.2971895673979548,0.0,3.5119283915690875,4.944144116979848,0.0,0.0,1.0,290.0
mppi_coast,coast,300.0,1800.0,0.1,0.15,5.0,4.5,10.0,10.0,10,100.0,inf,full,both,inf,180.0,0.01,0.0,0.0,256,20,3,0.5,0.1,0.99,10.0,256,20,0,128,128,2.2971895673979548,0.0,3.5119283915690875,4.944144116979848,0.0,0.0,1.0,290.0
mppi_coast,coast,300.0,1800.0,0.1,0.15,5.0,5.0,10.0,10.0,10,100.0,inf,full,both,inf,180.0,0.01,0.0,0.0,256,20,3,0.5,0.1,0.99,10.0,256,20,0,128,128,2.2971895673979548,0.0,3.5119283915690875,4.944144116979848,0.0,0.0,1.0,290.0
mppi_coast,coast,300.0,1800.0,0.1,0.15,5.0,5.5,10.0,10.0,10,100.0,inf,full,both,inf,180.0,0.01,0.0,0.0,256,20,3,0.5,0.1,0.99,10.0,256,20,0,128,128,2.2971895673979548,0.0,3.5119283915690875,4.944144116979848,0.0,0.0,1.0,290.0
mppi_coast,coast,300.0,1800.0,0.1,0.15,5.0,6.25,10.0,10.0,10,100.0,inf,full,both,inf,180.0,0.01,0.0,0.0,256,20,3,0.5,0.1,0.99,10.0,256,20,0,128,128,2.2971895673979548,0.0,3.5119283915690875,4.944144116979848,0.0,0.0,1.0,290.0
mppi_coast,coast,300.0,1800.0,0.1,0.15,5.0,7.5,10.0,10.0,10,100.0,inf,full,both,inf,180.0,0.01,0.0,0.0,256,20,3,0.5,0.1,0.99,10.0,256,20,0,128,128,2.2971895673979548,0.0,3.5119283915690875,4.944144116979848,0.0,0.0,1.0,290.0
mppi_coast,coast,300.0,1800.0,0.1,0.15,5.0,10.0,10.0,10.0,10,100.0,inf,full,both,inf,180.0,0.01,0.0,0.0,256,20,3,0.5,0.1,0.99,10.0,256,20,0,128,128,2.2971895673979548,0.0,3.5119283915690875,4.944144116979848,0.0,0.0,1.0,290.0
mppi_coast,coast,300.0,1800.0,0.1,0.15,5.0,inf,10.0,10.0,10,100.0,inf,full,both,inf,180.0,0.01,0.0,0.0,256,20,3,0.5,0.1,0.99,10.0,256,20,0,128,128,2.2971895673979548,0.0,3.5119283915690875,4.944144116979848,0.0,0.0,1.0,290.0
mppi_coast,coast,300.0,1800.0,0.1,0.2,5.0,1.25,10.0,10.0,10,100.0,inf,full,both,inf,180.0,0.01,0.0,0.0,256,20,3,0.5,0.1,0.99,10.0,256,20,0,128,128,2.2971895673979548,0.0,3.5119283915690875,4.944144116979848,0.0,0.0,1.0,290.0
mppi_coast,coast,300.0,1800.0,0.1,0.2,5.0,2.5,10.0,10.0,10,100.0,inf,full,both,inf,180.0,0.01,0.0,0.0,256,20,3,0.5,0.1,0.99,10.0,256,20,0,128,128,2.2971895673979548,0.0,3.5119283915690875,4.944144116979848,0.0,0.0,1.0,290.0
mppi_coast,coast,300.0,1800.0,0.1,0.2,5.0,3.75,10.0,10.0,10,100.0,inf,full,both,inf,180.0,0.01,0.0,0.0,256,20,3,0.5,0.1,0.99,10.0,256,20,0,128,128,2.2971895673979548,0.0,3.5119283915690875,4.944144116979848,0.0,0.0,1.0,290.0
mppi_coast,coast,300.0,1800.0,0.1,0.2,5.0,4.5,10.0,10.0,10,100.0,inf,full,both,inf,180.0,0.01,0.0,0.0,256,20,3,0.5,0.1,0.99,10.0,256,20,0,128,128,2.2971895673979548,0.0,3.5119283915690875,4.944144116979848,0.0,0.0,1.0,290.0
mppi_coast,coast,300.0,1800.0,0.1,0.2,5.0,5.0,10.0,10.0,10,100.0,inf,full,both,inf,180.0,0.01,0.0,0.0,256,20,3,0.5,0.1,0.99,10.0,256,20,0,128,128,2.2971895673979548,0.0,3.5119283915690875,4.944144116979848,0.0,0.0,1.0,290.0
mppi_coast,coast,300.0,1800.0,0.1,0.2,5.0,5.5,10.0,10.0,10,100.0,inf,full,both,inf,180.0,0.01,0.0,0.0,256,20,3,0.5,0.1,0.99,10.0,256,20,0,128,128,2.2971895673979548,0.0,3.5119283915690875,4.944144116979848,0.0,0.0,1.0,290.0
mppi_coast,coast,300.0,1800.0,0.1,0.2,5.0,6.25,10.0,10.0,10,100.0,inf,full,both,inf,180.0,0.01,0.0,0.0,256,20,3,0.5,0.1,0.99,10.0,256,20,0,128,128,2.2971895673979548,0.0,3.5119283915690875,4.944144116979848,0.0,0.0,1.0,290.0
mppi_coast,coast,300.0,1800.0,0.1,0.2,5.0,7.5,10.0,10.0,10,100.0,inf,full,both,inf,180.0,0.01,0.0,0.0,256,20,3,0.5,0.1,0.99,10.0,256,20,0,128,128,2.2971895673979548,0.0,3.5119283915690875,4.944144116979848,0.0,0.0,1.0,290.0
mppi_coast,coast,300.0,1800.0,0.1,0.2,5.0,10.0,10.0,10.0,10,100.0,inf,full,both,inf,180.0,0.01,0.0,0.0,256,20,3,0.5,0.1,0.99,10.0,256,20,0,128,128,2.2971895673979548,0.0,3.5119283915690875,4.944144116979848,0.0,0.0,1.0,290.0
mppi_coast,coast,300.0,1800.0,0.1,0.2,5.0,inf,10.0,10.0,10,100.0,inf,full,both,inf,180.0,0.01,0.0,0.0,256,20,3,0.5,0.1,0.99,10.0,256,20,0,128,128,2.2971895673979548,0.0,3.5119283915690875,4.944144116979848,0.0,0.0,1.0,290.0
mppi_coast,mppi_direct,300.0,1800.0,0.1,0.025,5.0,1.25,10.0,10.0,10,100.0,inf,full,both,inf,180.0,0.01,0.0,0.0,256,20,3,0.5,0.1,0.99,10.0,256,20,0,128,128,2.206974755432944,0.5541771621184491,3.9628787542377655,5.552131017918915,0.0,0.0,1.0,280.0
mppi_coast,mppi_direct,300.0,1800.0,0.1,0.025,5.0,2.5,10.0,10.0,10,100.0,inf,full,both,inf,180.0,0.01,0.0,0.0,256,20,3,0.5,0.1,0.99,10.0,256,20,0,128,128,2.2070025616583995,0.5544839574511847,4.098468409740843,5.86311721788041,0.0,0.0,1.0,280.0
mppi_coast,mppi_direct,300.0,1800.0,0.1,0.025,5.0,3.75,10.0,10.0,10,100.0,inf,full,both,inf,180.0,0.01,0.0,0.0,256,20,3,0.5,0.1,0.99,10.0,256,20,0,128,128,2.2070025616583995,0.5544839574511847,4.098468409740843,5.86311721788041,0.0,0.0,1.0,280.0
mppi_coast,mppi_direct,300.0,1800.0,0.1,0.025,5.0,4.5,10.0,10.0,10,100.0,inf,full,both,inf,180.0,0.01,0.0,0.0,256,20,3,0.5,0.1,0.99,10.0,256,20,0,128,128,2.2070025616583995,0.5544839574511847,4.098468409740843,5.86311721788041,0.0,0.0,1.0,280.0
mppi_coast,mppi_direct,300.0,1800.0,0.1,0.025,5.0,5.0,10.0,10.0,10,100.0,inf,full,both,inf,180.0,0.01,0.0,0.0,256,20,3,0.5,0.1,0.99,10.0,256,20,0,128,128,2.2070025616583995,0.5544839574511847,4.098468409740843,5.86311721788041,0.0,0.0,1.0,280.0
mppi_coast,mppi_direct,300.0,1800.0,0.1,0.025,5.0,5.5,10.0,10.0,10,100.0,inf,full,both,inf,180.0,0.01,0.0,0.0,256,20,3,0.5,0.1,0.99,10.0,256,20,0,128,128,2.2070025616583995,0.5544839574511847,4.098468409740843,5.86311721788041,0.0,0.0,1.0,280.0
mppi_coast,mppi_direct,300.0,1800.0,0.1,0.025,5.0,6.25,10.0,10.0,10,100.0,inf,full,both,inf,180.0,0.01,0.0,0.0,256,20,3,0.5,0.1,0.99,10.0,256,20,0,128,128,2.2070025616583995,0.5544839574511847,4.098468409740843,5.86311721788041,0.0,0.0,1.0,280.0
mppi_coast,mppi_direct,300.0,1800.0,0.1,0.025,5.0,7.5,10.0,10.0,10,100.0,inf,full,both,inf,180.0,0.01,0.0,0.0,256,20,3,0.5,0.1,0.99,10.0,256,20,0,128,128,2.2070025616583995,0.5544839574511847,4.098468409740843,5.86311721788041,0.0,0.0,1.0,280.0
mppi_coast,mppi_direct,300.0,1800.0,0.1,0.025,5.0,10.0,10.0,10.0,10,100.0,inf,full,both,inf,180.0,0.01,0.0,0.0,256,20,3,0.5,0.1,0.99,10.0,256,20,0,128,128,2.2070025616583995,0.5544839574511847,4.098468409740843,5.86311721788041,0.0,0.0,1.0,280.0
mppi_coast,mppi_direct,300.0,1800.0,0.1,0.025,5.0,inf,10.0,10.0,10,100.0,inf,full,both,inf,180.0,0.01,0.0,0.0,256,20,3,0.5,0.1,0.99,10.0,256,20,0,128,128,2.2070025616583995,0.5544839574511847,4.098468409740843,5.86311721788041,0.0,0.0,1.0,280.0
mppi_coast,mppi_direct,300.0,1800.0,0.1,0.05,5.0,1.25,10.0,10.0,10,100.0,inf,full,both,inf,180.0,0.01,0.0,0.0,256,20,3,0.5,0.1,0.99,10.0,256,20,0,128,128,2.0084992205635004,0.974880744140226,6.821566992904413,8.941456736909004,0.0,0.0,1.0,260.0
mppi_coast,mppi_direct,300.0,1800.0,0.1,0.05,5.0,2.5,10.0,10.0,10,100.0,inf,full,both,inf,180.0,0.01,0.0,0.0,256,20,3,0.5,0.1,0.99,10.0,256,20,0,128,128,2.014365236217249,1.045290104603265,7.077549277947957,8.805998952192828,0.0,0.0,1.0,260.0
mppi_coast,mppi_direct,300.0,1800.0,0.1,0.05,5.0,3.75,10.0,10.0,10,100.0,inf,full,both,inf,180.0,0.01,0.0,0.0,256,20,3,0.5,0.1,0.99,10.0,256,20,0,128,128,2.0164589590438995,1.04599824782728,6.966060229345652,8.976506893416683,0.0,0.0,1.0,260.0
mppi_coast,mppi_direct,300.0,1800.0,0.1,0.05,5.0,4.5,10.0,10.0,10,100.0,inf,full,both,inf,180.0,0.01,0.0,0.0,256,20,3,0.5,0.1,0.99,10.0,256,20,0,128,128,2.0164588364751044,1.0459981857668708,6.96605341081054,8.976475044707238,0.0,0.0,1.0,260.0
mppi_coast,mppi_direct,300.0,1800.0,0.1,0.05,5.0,5.0,10.0,10.0,10,100.0,inf,full,both,inf,180.0,0.01,0.0,0.0,256,20,3,0.5,0.1,0.99,10.0,256,20,0,128,128,2.0164588364751044,1.0459981857668708,6.96605341081054,8.976475044707238,0.0,0.0,1.0,260.0
mppi_coast,mppi_direct,300.0,1800.0,0.1,0.05,5.0,5.5,10.0,10.0,10,100.0,inf,full,both,inf,180.0,0.01,0.0,0.0,256,20,3,0.5,0.1,0.99,10.0,256,20,0,128,128,2.0164588364751044,1.0459981857668708,6.96605341081054,8.976475044707238,0.0,0.0,1.0,260.0
mppi_coast,mppi_direct,300.0,1800.0,0.1,0.05,5.0,6.25,10.0,10.0,10,100.0,inf,full,both,inf,180.0,0.01,0.0,0.0,256,20,3,0.5,0.1,0.99,10.0,256,20,0,128,128,2.0164588364751044,1.0459981857668708,6.96605341081054,8.976475044707238,0.0,0.0,1.0,260.0
mppi_coast,mppi_direct,300.0,1800.0,0.1,0.05,5.0,7.5,10.0,10.0,10,100.0,inf,full,both,inf,180.0,0.01,0.0,0.0,256,20,3,0.5,0.1,0.99,10.0,256,20,0,128,128,2.0164588364751044,1.0459981857668708,6.96605341081054,8.976475044707238,0.0,0.0,1.0,260.0
mppi_coast,mppi_direct,300.0,1800.0,0.1,0.05,5.0,10.0,10.0,10.0,10,100.0,inf,full,both,inf,180.0,0.01,0.0,0.0,256,20,3,0.5,0.1,0.99,10.0,256,20,0,128,128,2.0164588364751044,1.0459981857668708,6.96605341081054,8.976475044707238,0.0,0.0,1.0,260.0
mppi_coast,mppi_direct,300.0,1800.0,0.1,0.05,5.0,inf,10.0,10.0,10,100.0,inf,full,both,inf,180.0,0.01,0.0,0.0,256,20,3,0.5,0.1,0.99,10.0,256,20,0,128,128,2.0164588364751044,1.0459981857668708,6.96605341081054,8.976475044707238,0.0,0.0,1.0,260.0
mppi_coast,mppi_direct,300.0,1800.0,0.1,0.075,5.0,1.25,10.0,10.0,10,100.0,inf,full,both,inf,180.0,0.01,0.0,0.0,256,20,3,0.5,0.1,0.99,10.0,256,20,0,128,128,1.8511396726650544,1.242316722445941,8.497377440801275,10.958341195053311,0.0,0.0,1.0,240.0
mppi_coast,mppi_direct,300.0,1800.0,0.1,0.075,5.0,2.5,10.0,10.0,10,100.0,inf,full,both,inf,180.0,0.01,0.0,0.0,256,20,3,0.5,0.1,0.99,10.0,256,20,0,128,122,2.0508335293302697,1.5520167688389794,10.057388434654875,26.04531640555373,0.0,0.0,0.953125,240.0
mppi_coast,mppi_direct,300.0,1800.0,0.1,0.075,5.0,3.75,10.0,10.0,10,100.0,inf,full,both,inf,180.0,0.01,0.0,0.0,256,20,3,0.5,0.1,0.99,10.0,256,20,0,128,113,2.1987086353449703,1.751538028841083,12.082977555927023,224.4034705064725,0.0,0.0,0.8828125,240.0
mppi_coast,mppi_direct,300.0,1800.0,0.1,0.075,5.0,4.5,10.0,10.0,10,100.0,inf,full,both,inf,180.0,0.01,0.0,0.0,256,20,3,0.5,0.1,0.99,10.0,256,20,0,128,113,2.207329423833838,1.848684994265196,13.7419476425212,365.5848170696829,0.0,0.0,0.8828125,240.0
mppi_coast,mppi_direct,300.0,1800.0,0.1,0.075,5.0,5.0,10.0,10.0,10,100.0,inf,full,both,inf,180.0,0.01,0.0,0.0,256,20,3,0.5,0.1,0.99,10.0,256,20,0,128,114,2.18457782464045,1.880602435421309,13.55046747235281,382.7228913665001,0.0,0.0,0.890625,240.0
mppi_coast,mppi_direct,300.0,1800.0,0.1,0.075,5.0,5.5,10.0,10.0,10,100.0,inf,full,both,inf,180.0,0.01,0.0,0.0,256,20,3,0.5,0.1,0.99,10.0,256,20,0,128,114,2.18457806728677,1.9355948223559785,13.544131828635877,437.2572500960585,0.0,0.0,0.890625,240.0
mppi_coast,mppi_direct,300.0,1800.0,0.1,0.075,5.0,6.25,10.0,10.0,10,100.0,inf,full,both,inf,180.0,0.01,0.0,0.0,256,20,3,0.5,0.1,0.99,10.0,256,20,0,128,114,2.184588553167099,2.017607776664592,13.537809898410927,520.0515113165549,0.0,0.0,0.890625,240.0
mppi_coast,mppi_direct,300.0,1800.0,0.1,0.075,5.0,7.5,10.0,10.0,10,100.0,inf,full,both,inf,180.0,0.01,0.0,0.0,256,20,3,0.5,0.1,0.99,10.0,256,20,0,128,114,2.184588553167099,2.154326526664592,13.537810971305278,636.3310724733882,0.0,0.0,0.890625,240.0
mppi_coast,mppi_direct,300.0,1800.0,0.1,0.075,5.0,10.0,10.0,10.0,10,100.0,inf,full,both,inf,180.0,0.01,0.0,0.0,256,20,3,0.5,0.1,0.99,10.0,256,20,0,128,114,2.184588553167099,2.427764026664592,13.537810971305278,784.7216048847906,0.0,0.0,0.890625,240.0
mppi_coast,mppi_direct,300.0,1800.0,0.1,0.075,5.0,inf,10.0,10.0,10,100.0,inf,full,both,inf,180.0,0.01,0.0,0.0,256,20,3,0.5,0.1,0.99,10.0,256,20,0,128,114,2.184588553167099,2.731268701147173,13.537810971305278,837.9128905102485,0.0,0.0,0.890625,240.0
mppi_coast,mppi_direct,300.0,1800.0,0.1,0.09,5.0,1.25,10.0,10.0,10,100.0,inf,full,both,inf,180.0,0.01,0.0,0.0,256,20,3,0.5,0.1,0.99,10.0,256,20,0,128,128,1.940894712276628,1.25,6.514798495313287,8.68685182369407,0.0,0.0,1.0,230.0
mppi_coast,mppi_direct,300.0,1800.0,0.1,0.09,5.0,2.5,10.0,10.0,10,100.0,inf,full,both,inf,180.0,0.01,0.0,0.0,256,20,3,0.5,0.1,0.99,10.0,256,20,0,128,67,3.598098117859388,2.166056859869749,9.851453831533297,415.1201026577742,0.0,0.0,0.5234375,230.0
mppi_coast,mppi_direct,300.0,1800.0,0.1,0.09,5.0,3.75,10.0,10.0,10,100.0,inf,full,both,inf,180.0,0.01,0.0,0.0,256,20,3,0.5,0.1,0.99,10.0,256,20,0,128,36,4.098402573186008,3.1881577640435763,19.499000434726327,1880.7332673036324,0.0,0.0,0.28125,225.0
mppi_coast,mppi_direct,300.0,1800.0,0.1,0.09,5.0,4.5,10.0,10.0,10,100.0,inf,full,both,inf,180.0,0.01,0.0,0.0,256,20,3,0.5,0.1,0.99,10.0,256,20,0,128,43,3.930749865639759,3.584894749862422,17.946439108173482,2498.154687218812,0.0,0.0,0.3359375,230.0
mppi_coast,mppi_direct,300.0,1800.0,0.1,0.09,5.0,5.0,10.0,10.0,10,100.0,inf,full,both,inf,180.0,0.01,0.0,0.0,256,20,3,0.5,0.1,0.99,10.0,256,20,0,128,48,3.80794807758387,3.7971677818939735,16.808159420819393,2746.3510810426146,0.0,0.0,0.375,230.0
mppi_coast,mppi_direct,300.0,1800.0,0.1,0.09,5.0,5.5,10.0,10.0,10,100.0,inf,full,both,inf,180.0,0.01,0.0,0.0,256,20,3,0.5,0.1,0.99,10.0,256,20,0,128,55,3.628239563131906,3.903544943323332,16.761546465287083,2944.112685897978,0.0,0.0,0.4296875,230.0
mppi_coast,mppi_direct,300.0,1800.0,0.1,0.09,5.0,6.25,10.0,10.0,10,100.0,inf,full,both,inf,180.0,0.01,0.0,0.0,256,20,3,0.5,0.1,0.99,10.0,256,20,0,128,50,3.7540753891432974,4.506121640049095,16.855984993662645,3673.0145085803088,0.0,0.0,0.390625,230.0
mppi_coast,mppi_direct,300.0,1800.0,0.1,0.09,5.0,7.5,10.0,10.0,10,100.0,inf,full,both,inf,180.0,0.01,0.0,0.0,256,20,3,0.5,0.1,0.99,10.0,256,20,0,128,50,3.754103020126525,5.267855093893801,16.94197570497036,4439.605701518633,0.0,0.0,0.390625,230.0
mppi_coast,mppi_direct,300.0,1800.0,0.1,0.09,5.0,10.0,10.0,10.0,10,100.0,inf,full,both,inf,180.0,0.01,0.0,0.0,256,20,3,0.5,0.1,0.99,10.0,256,20,0,128,50,3.754103020126525,6.791292593893801,16.941921594895486,5644.208111991487,0.0,0.0,0.390625,230.0
mppi_coast,mppi_direct,300.0,1800.0,0.1,0.09,5.0,inf,10.0,10.0,10,100.0,inf,full,both,inf,180.0,0.01,0.0,0.0,256,20,3,0.5,0.1,0.99,10.0,256,20,0,128,50,3.754103020126525,9.991956521539787,16.941921594895486,6566.440925462232,0.0,0.0,0.390625,230.0
mppi_coast,mppi_direct,300.0,1800.0,0.1,0.1,5.0,1.25,10.0,10.0,10,100.0,inf,full,both,inf,180.0,0.01,0.0,0.0,256,20,3,0.5,0.1,0.99,10.0,256,20,0,128,128,1.9974149957258691,1.25,5.504369226462375,7.703823681710208,0.0,0.0,1.0,230.0
mppi_coast,mppi_direct,300.0,1800.0,0.1,0.1,5.0,2.5,10.0,10.0,10,100.0,inf,full,both,inf,180.0,0.01,0.0,0.0,256,20,3,0.5,0.1,0.99,10.0,256,20,0,128,45,4.365005059079549,2.376993311151414,10.494089770920729,534.7706300400292,0.0,0.0,0.3515625,240.0
mppi_coast,mppi_direct,300.0,1800.0,0.1,0.1,5.0,3.75,10.0,10.0,10,100.0,inf,full,both,inf,180.0,0.01,0.0,0.0,256,20,3,0.5,0.1,0.99,10.0,256,20,0,128,8,4.808236397049752,3.644286547572918,23.71086723814216,2366.727351781358,0.0,0.0,0.0625,230.0
mppi_coast,mppi_direct,300.0,1800.0,0.1,0.1,5.0,4.5,10.0,10.0,10,100.0,inf,full,both,inf,180.0,0.01,0.0,0.0,256,20,3,0.5,0.1,0.99,10.0,256,20,0,128,17,4.571775362500169,4.159024713647359,24.991891185864624,3169.1979399461666,0.0,0.0,0.1328125,220.0
mppi_coast,mppi_direct,300.0,1800.0,0.1,0.1,5.0,5.0,10.0,10.0,10,100.0,inf,full,both,inf,180.0,0.01,0.0,0.0,256,20,3,0.5,0.1,0.99,10.0,256,20,0,128,22,4.444330221890901,4.468750792048551,25.33341802241527,3722.874177436413,0.0,0.0,0.171875,220.0
mppi_coast,mppi_direct,300.0,1800.0,0.1,0.1,5.0,5.5,10.0,10.0,10,100.0,inf,full,both,inf,180.0,0.01,0.0,0.0,256,20,3,0.5,0.1,0.99,10.0,256,20,0,128,14,4.643581821241664,5.109279248767474,25.338379396039976,4592.60533149845,0.0,0.0,0.109375,220.0
mppi_coast,mppi_direct,300.0,1800.0,0.1,0.1,5.0,6.25,10.0,10.0,10,100.0,inf,full,both,inf,180.0,0.01,0.0,0.0,256,20,3,0.5,0.1,0.99,10.0,256,20,0,128,12,4.705258606725057,5.848028629479487,24.315402944892185,5467.489007007578,0.0,0.0,0.09375,225.0
mppi_coast,mppi_direct,300.0,1800.0,0.1,0.1,5.0,7.5,10.0,10.0,10,100.0,inf,full,both,inf,180.0,0.01,0.0,0.0,256,20,3,0.5,0.1,0.99,10.0,256,20,0,128,15,4.629185003019011,6.851045031216266,24.4849583582583,6617.511454120857,0.0,0.0,0.1171875,220.0
mppi_coast,mppi_direct,300.0,1800.0,0.1,0.1,5.0,10.0,10.0,10.0,10,100.0,inf,full,both,inf,180.0,0.01,0.0,0.0,256,20,3,0.5,0.1,0.99,10.0,256,20,0,128,15,4.629185002977949,9.058076381700522,24.485000601842888,8591.132295551624,0.0,0.0,0.1171875,220.0
mppi_coast,mppi_direct,300.0,1800.0,0.1,0.1,5.0,inf,10.0,10.0,10,100.0,inf,full,both,inf,180.0,0.01,0.0,0.0,256,20,3,0.5,0.1,0.99,10.0,256,20,0,128,15,4.629185002977949,15.224238258695276,24.485000601842888,10754.19555685614,0.0,0.0,0.1171875,220.0
mppi_coast,mppi_direct,300.0,1800.0,0.1,0.11,5.0,1.25,10.0,10.0,10,100.0,inf,full,both,inf,180.0,0.01,0.0,0.0,256,20,3,0.5,0.1,0.99,10.0,256,20,0,128,128,2.125265859418634,1.25,4.739832802411376,7.10679589050856,0.0,0.0,1.0,230.0
mppi_coast,mppi_direct,300.0,1800.0,0.1,0.11,5.0,2.5,10.0,10.0,10,100.0,inf,full,both,inf,180.0,0.01,0.0,0.0,256,20,3,0.5,0.1,0.99,10.0,256,20,0,128,30,4.775858703598894,2.474800848118033,10.206334714461434,588.1690133472207,0.0,0.0,0.234375,750.0
mppi_coast,mppi_direct,300.0,1800.0,0.1,0.11,5.0,3.75,10.0,10.0,10,100.0,inf,full,both,inf,180.0,0.01,0.0,0.0,256,20,3,0.5,0.1,0.99,10.0,256,20,0,128,9,4.767970391593559,3.6278445364047656,33.741220998706915,2205.111130475781,0.0,0.0,0.0703125,210.0
mppi_coast,mppi_direct,300.0,1800.0,0.1,0.11,5.0,4.5,10.0,10.0,10,100.0,inf,full,both,inf,180.0,0.01,0.0,0.0,256,20,3,0.5,0.1,0.99,10.0,256,20,0,128,7,4.826047178934631,4.369352014375594,32.912455217516495,3510.014634101878,0.0,0.0,0.0546875,220.0
mppi_coast,mppi_direct,300.0,1800.0,0.1,0.11,5.0,5.0,10.0,10.0,10,100.0,inf,full,both,inf,180.0,0.01,0.0,0.0,256,20,3,0.5,0.1,0.99,10.0,256,20,0,128,6,4.846709024450206,4.861978654580367,32.881526605825684,4197.374061375893,0.0,0.0,0.046875,215.0
mppi_coast,mppi_direct,300.0,1800.0,0.1,0.11,5.0,5.5,10.0,10.0,10,100.0,inf,full,both,inf,180.0,0.01,0.0,0.0,256,20,3,0.5,0.1,0.99,10.0,256,20,0,128,5,4.875790964846407,5.368222271440929,32.79423877809281,5001.067430276308,0.0,0.0,0.0390625,230.0
mppi_coast,mppi_direct,300.0,1800.0,0.1,0.11,5.0,6.25,10.0,10.0,10,100.0,inf,full,both,inf,180.0,0.01,0.0,0.0,256,20,3,0.5,0.1,0.99,10.0,256,20,0,128,2,4.949593835574992,6.18474310833704,32.646471282370776,6150.226425715383,0.0,0.0,0.015625,220.0
mppi_coast,mppi_direct,300.0,1800.0,0.1,0.11,5.0,7.5,10.0,10.0,10,100.0,inf,full,both,inf,180.0,0.01,0.0,0.0,256,20,3,0.5,0.1,0.99,10.0,256,20,0,128,6,4.851341463722866,7.248750905077921,32.23999926684191,7433.454911872632,0.0,0.0,0.046875,230.0
mppi_coast,mppi_direct,300.0,1800.0,0.1,0.11,5.0,10.0,10.0,10.0,10,100.0,inf,full,both,inf,180.0,0.01,0.0,0.0,256,20,3,0.5,0.1,0.99,10.0,256,20,0,128,6,4.851342548945055,9.631563772041211,32.245683845620064,9817.069973730066,0.0,0.0,0.046875,230.0
mppi_coast,mppi_direct,300.0,1800.0,0.1,0.11,5.0,inf,10.0,10.0,10,100.0,inf,full,both,inf,180.0,0.01,0.0,0.0,256,20,3,0.5,0.1,0.99,10.0,256,20,0,128,6,4.851342548945055,17.91991285921785,32.245683845620064,13174.982086438084,0.0,0.0,0.046875,230.0
mppi_coast,mppi_direct,300.0,1800.0,0.1,0.125,5.0,1.25,10.0,10.0,10,100.0,inf,full,both,inf,180.0,0.01,0.0,0.0,256,20,3,0.5,0.1,0.99,10.0,256,20,0,128,128,2.28554679301411,1.25,4.654342710025968,6.040656090773936,0.0,0.0,1.0,250.0
mppi_coast,mppi_direct,300.0,1800.0,0.1,0.125,5.0,2.5,10.0,10.0,10,100.0,inf,full,both,inf,180.0,0.01,0.0,0.0,256,20,3,0.5,0.1,0.99,10.0,256,20,0,128,53,4.8691788634001,2.487203367737719,8.870950136353427,399.4219378540632,0.0,0.0,0.4140625,730.0
mppi_coast,mppi_direct,300.0,1800.0,0.1,0.125,5.0,3.75,10.0,10.0,10,100.0,inf,full,both,inf,180.0,0.01,0.0,0.0,256,20,3,0.5,0.1,0.99,10.0,256,20,0,128,1,4.975283293109293,3.738365369794531,41.54585758804947,2302.398338367419,0.0,0.0,0.0078125,220.0
mppi_coast,mppi_direct,300.0,1800.0,0.1,0.125,5.0,4.5,10.0,10.0,10,100.0,inf,full,both,inf,180.0,0.01,0.0,0.0,256,20,3,0.5,0.1,0.99,10.0,256,20,0,128,1,4.977630974436671,4.485431456476073,47.990265549517645,3444.618356403913,0.0,0.0,0.0078125,250.0
mppi_coast,mppi_direct,300.0,1800.0,0.1,0.125,5.0,5.0,10.0,10.0,10,100.0,inf,full,both,inf,180.0,0.01,0.0,0.0,256,20,3,0.5,0.1,0.99,10.0,256,20,0,128,1,4.974371388723891,4.978951779621216,45.24342571610874,4247.179414656306,0.0,0.0,0.0078125,200.0
mppi_coast,mppi_direct,300.0,1800.0,0.1,0.125,5.0,5.5,10.0,10.0,10,100.0,inf,full,both,inf,180.0,0.01,0.0,0.0,256,20,3,0.5,0.1,0.99,10.0,256,20,0,128,0,5.0,5.5,46.8728287033584,5173.073656629761,0.0,0.0,0.0,
mppi_coast,mppi_direct,300.0,1800.0,0.1,0.125,5.0,6.25,10.0,10.0,10,100.0,inf,full,both,inf,180.0,0.01,0.0,0.0,256,20,3,0.5,0.1,0.99,10.0,256,20,0,128,2,4.947031285657835,6.186571049512144,49.36242916432624,6053.294653126333,0.0,0.0,0.015625,205.0
mppi_coast,mppi_direct,300.0,1800.0,0.1,0.125,5.0,7.5,10.0,10.0,10,100.0,inf,full,both,inf,180.0,0.01,0.0,0.0,256,20,3,0.5,0.1,0.99,10.0,256,20,0,128,1,4.973564288416275,7.459572803141189,49.52706698848922,7900.645598432047,0.0,0.0,0.0078125,200.0
mppi_coast,mppi_direct,300.0,1800.0,0.1,0.125,5.0,10.0,10.0,10.0,10,100.0,inf,full,both,inf,180.0,0.01,0.0,0.0,256,20,3,0.5,0.1,0.99,10.0,256,20,0,128,1,4.973541283053476,9.940032584313204,49.45509630017123,10738.764108811847,0.0,0.0,0.0078125,200.0
mppi_coast,mppi_direct,300.0,1800.0,0.1,0.125,5.0,inf,10.0,10.0,10,100.0,inf,full,both,inf,180.0,0.01,0.0,0.0,256,20,3,0.5,0.1,0.99,10.0,256,20,0,128,1,4.973541283053476,21.139202317456125,49.455102362681714,15973.6303061873,0.0,0.0,0.0078125,200.0
mppi_coast,mppi_direct,300.0,1800.0,0.1,0.15,5.0,1.25,10.0,10.0,10,100.0,inf,full,both,inf,180.0,0.01,0.0,0.0,256,20,3,0.5,0.1,0.99,10.0,256,20,0,128,128,2.430452211798161,1.25,4.557889252209514,5.645017748178839,0.0,0.0,1.0,280.0
mppi_coast,mppi_direct,300.0,1800.0,0.1,0.15,5.0,2.5,10.0,10.0,10,100.0,inf,full,both,inf,180.0,0.01,0.0,0.0,256,20,3,0.5,0.1,0.99,10.0,256,20,0,128,88,4.870388411613446,2.499249517306903,7.070077136333051,196.41491780313865,0.0,0.0,0.6875,735.0
mppi_coast,mppi_direct,300.0,1800.0,0.1,0.15,5.0,3.75,10.0,10.0,10,100.0,inf,full,both,inf,180.0,0.01,0.0,0.0,256,20,3,0.5,0.1,0.99,10.0,256,20,0,128,0,5.0,3.75,59.69484612719451,1993.8745513469275,0.0,0.0,0.0,
mppi_coast,mppi_direct,300.0,1800.0,0.1,0.15,5.0,4.5,10.0,10.0,10,100.0,inf,full,both,inf,180.0,0.01,0.0,0.0,256,20,3,0.5,0.1,0.99,10.0,256,20,0,128,0,5.0,4.5,68.64124763917167,3366.002532296269,0.0,0.0,0.0,
mppi_coast,mppi_direct,300.0,1800.0,0.1,0.15,5.0,5.0,10.0,10.0,10,100.0,inf,full,both,inf,180.0,0.01,0.0,0.0,256,20,3,0.5,0.1,0.99,10.0,256,20,0,128,0,5.0,5.0,69.36025692327401,4216.336798543266,0.0,0.0,0.0,
mppi_coast,mppi_direct,300.0,1800.0,0.1,0.15,5.0,5.5,10.0,10.0,10,100.0,inf,full,both,inf,180.0,0.01,0.0,0.0,256,20,3,0.5,0.1,0.99,10.0,256,20,0,128,0,5.0,5.5,75.9530694725079,5000.063222000851,0.0,0.0,0.0,
mppi_coast,mppi_direct,300.0,1800.0,0.1,0.15,5.0,6.25,10.0,10.0,10,100.0,inf,full,both,inf,180.0,0.01,0.0,0.0,256,20,3,0.5,0.1,0.99,10.0,256,20,0,128,0,5.0,6.25,71.11559992027972,6272.780258787871,0.0,0.0,0.0,
mppi_coast,mppi_direct,300.0,1800.0,0.1,0.15,5.0,7.5,10.0,10.0,10,100.0,inf,full,both,inf,180.0,0.01,0.0,0.0,256,20,3,0.5,0.1,0.99,10.0,256,20,0,128,0,5.0,7.5,71.18504691704017,8250.291978603505,0.0,0.0,0.0,
mppi_coast,mppi_direct,300.0,1800.0,0.1,0.15,5.0,10.0,10.0,10.0,10,100.0,inf,full,both,inf,180.0,0.01,0.0,0.0,256,20,3,0.5,0.1,0.99,10.0,256,20,0,128,0,5.0,10.0,70.27235220782308,11613.609783703549,0.0,0.0,0.0,
mppi_coast,mppi_direct,300.0,1800.0,0.1,0.15,5.0,inf,10.0,10.0,10,100.0,inf,full,both,inf,180.0,0.01,0.0,0.0,256,20,3,0.5,0.1,0.99,10.0,256,20,0,128,0,5.0,25.57818689302095,70.27258765476067,20152.964166871672,0.0,0.0,0.0,
mppi_coast,mppi_direct,300.0,1800.0,0.1,0.2,5.0,1.25,10.0,10.0,10,100.0,inf,full,both,inf,180.0,0.01,0.0,0.0,256,20,3,0.5,0.1,0.99,10.0,256,20,0,128,128,2.811878900098647,1.25,4.308190871857024,5.430960318797899,0.0,0.0,1.0,340.0
mppi_coast,mppi_direct,300.0,1800.0,0.1,0.2,5.0,2.5,10.0,10.0,10,100.0,inf,full,both,inf,180.0,0.01,0.0,0.0,256,20,3,0.5,0.1,0.99,10.0,256,20,0,128,127,4.272512304297119,2.5,5.397847696081753,9.445771862803577,0.0,0.0,0.9921875,640.0
mppi_coast,mppi_direct,300.0,1800.0,0.1,0.2,5.0,3.75,10.0,10.0,10,100.0,inf,full,both,inf,180.0,0.01,0.0,0.0,256,20,3,0.5,0.1,0.99,10.0,256,20,0,128,0,5.0,3.75,126.66947714268356,1504.2849920897715,0.0,0.0,0.0,
mppi_coast,mppi_direct,300.0,1800.0,0.1,0.2,5.0,4.5,10.0,10.0,10,100.0,inf,full,both,inf,180.0,0.01,0.0,0.0,256,20,3,0.5,0.1,0.99,10.0,256,20,0,128,0,5.0,4.5,122.02850506868567,3000.1959897640013,0.0,0.0,0.0,
mppi_coast,mppi_direct,300.0,1800.0,0.1,0.2,5.0,5.0,10.0,10.0,10,100.0,inf,full,both,inf,180.0,0.01,0.0,0.0,256,20,3,0.5,0.1,0.99,10.0,256,20,0,128,0,5.0,5.0,132.66384223016505,4011.810127467154,0.0,0.0,0.0,
mppi_coast,mppi_direct,300.0,1800.0,0.1,0.2,5.0,5.5,10.0,10.0,10,100.0,inf,full,both,inf,180.0,0.01,0.0,0.0,256,20,3,0.5,0.1,0.99,10.0,256,20,0,128,0,5.0,5.5,134.998892847307,5086.296052899872,0.0,0.0,0.0,
mppi_coast,mppi_direct,300.0,1800.0,0.1,0.2,5.0,6.25,10.0,10.0,10,100.0,inf,full,both,inf,180.0,0.01,0.0,0.0,256,20,3,0.5,0.1,0.99,10.0,256,20,0,128,0,5.0,6.25,137.49785495325526,6586.801898164285,0.0,0.0,0.0,
mppi_coast,mppi_direct,300.0,1800.0,0.1,0.2,5.0,7.5,10.0,10.0,10,100.0,inf,full,both,inf,180.0,0.01,0.0,0.0,256,20,3,0.5,0.1,0.99,10.0,256,20,0,128,0,5.0,7.5,134.5049832031676,8818.88279345313,0.0,0.0,0.0,
mppi_coast,mppi_direct,300.0,1800.0,0.1,0.2,5.0,10.0,10.0,10.0,10,100.0,inf,full,both,inf,180.0,0.01,0.0,0.0,256,20,3,0.5,0.1,0.99,10.0,256,20,0,128,0,5.0,10.0,139.69556633126317,12872.65798969807,0.0,0.0,0.0,
mppi_coast,mppi_direct,300.0,1800.0,0.1,0.2,5.0,inf,10.0,10.0,10,100.0,inf,full,both,inf,180.0,0.01,0.0,0.0,256,20,3,0.5,0.1,0.99,10.0,256,20,0,128,0,5.0,34.20711789993617,138.8753567604492,28752.70225277525,0.0,0.0,0.0,
mppi_coast,mppi_lqr,300.0,1800.0,0.1,0.025,5.0,1.25,10.0,10.0,10,100.0,inf,full,both,inf,180.0,0.01,0.0,0.0,256,20,3,0.5,0.1,0.99,10.0,256,20,0,128,128,2.604169627948444,0.5516801009189386,3.907681878110708,5.249925200065089,0.0,0.0,1.0,330.0
mppi_coast,mppi_lqr,300.0,1800.0,0.1,0.025,5.0,2.5,10.0,10.0,10,100.0,inf,full,both,inf,180.0,0.01,0.0,0.0,256,20,3,0.5,0.1,0.99,10.0,256,20,0,128,128,2.6383061315040424,0.5788872393158985,3.6973870057387415,5.023631672604448,0.0,0.0,1.0,330.0
mppi_coast,mppi_lqr,300.0,1800.0,0.1,0.025,5.0,3.75,10.0,10.0,10,100.0,inf,full,both,inf,180.0,0.01,0.0,0.0,256,20,3,0.5,0.1,0.99,10.0,256,20,0,128,128,2.6383061315040424,0.5788872393158985,3.6973870057387415,5.023631672604448,0.0,0.0,1.0,330.0
mppi_coast,mppi_lqr,300.0,1800.0,0.1,0.025,5.0,4.5,10.0,10.0,10,100.0,inf,full,both,inf,180.0,0.01,0.0,0.0,256,20,3,0.5,0.1,0.99,10.0,256,20,0,128,128,2.6383061315040424,0.5788872393158985,3.6973870057387415,5.023631672604448,0.0,0.0,1.0,330.0
mppi_coast,mppi_lqr,300.0,1800.0,0.1,0.025,5.0,5.0,10.0,10.0,10,100.0,inf,full,both,inf,180.0,0.01,0.0,0.0,256,20,3,0.5,0.1,0.99,10.0,256,20,0,128,128,2.6383061315040424,0.5788872393158985,3.6973870057387415,5.023631672604448,0.0,0.0,1.0,330.0
mppi_coast,mppi_lqr,300.0,1800.0,0.1,0.025,5.0,5.5,10.0,10.0,10,100.0,inf,full,both,inf,180.0,0.01,0.0,0.0,256,20,3,0.5,0.1,0.99,10.0,256,20,0,128,128,2.6383061315040424,0.5788872393158985,3.6973870057387415,5.023631672604448,0.0,0.0,1.0,330.0
mppi_coast,mppi_lqr,300.0,1800.0,0.1,0.025,5.0,6.25,10.0,10.0,10,100.0,inf,full,both,inf,180.0,0.01,0.0,0.0,256,20,3,0.5,0.1,0.99,10.0,256,20,0,128,128,2.6383061315040424,0.5788872393158985,3.6973870057387415,5.023631672604448,0.0,0.0,1.0,330.0
mppi_coast,mppi_lqr,300.0,1800.0,0.1,0.025,5.0,7.5,10.0,10.0,10,100.0,inf,full,both,inf,180.0,0.01,0.0,0.0,256,20,3,0.5,0.1,0.99,10.0,256,20,0,128,128,2.6383061315040424,0.5788872393158985,3.6973870057387415,5.023631672604448,0.0,0.0,1.0,330.0
mppi_coast,mppi_lqr,300.0,1800.0,0.1,0.025,5.0,10.0,10.0,10.0,10,100.0,inf,full,both,inf,180.0,0.01,0.0,0.0,256,20,3,0.5,0.1,0.99,10.0,256,20,0,128,128,2.6383061315040424,0.5788872393158985,3.6973870057387415,5.023631672604448,0.0,0.0,1.0,330.0
mppi_coast,mppi_lqr,300.0,1800.0,0.1,0.025,5.0,inf,10.0,10.0,10,100.0,inf,full,both,inf,180.0,0.01,0.0,0.0,256,20,3,0.5,0.1,0.99,10.0,256,20,0,128,128,2.6383061315040424,0.5788872393158985,3.6973870057387415,5.023631672604448,0.0,0.0,1.0,330.0
mppi_coast,mppi_lqr,300.0,1800.0,0.1,0.05,5.0,1.25,10.0,10.0,10,100.0,inf,full,both,inf,180.0,0.01,0.0,0.0,256,20,3,0.5,0.1,0.99,10.0,256,20,0,128,128,3.5888907562946644,1.25,2.78113417698914,4.365162871786932,0.0,0.0,1.0,430.0
mppi_coast,mppi_lqr,300.0,1800.0,0.1,0.05,5.0,2.5,10.0,10.0,10,100.0,inf,full,both,inf,180.0,0.01,0.0,0.0,256,20,3,0.5,0.1,0.99,10.0,256,20,0,128,127,3.6455011492573854,1.8309836509501776,7.322208269770751,9.796613773737644,0.0,0.0,0.9921875,440.0
mppi_coast,mppi_lqr,300.0,1800.0,0.1,0.05,5.0,3.75,10.0,10.0,10,100.0,inf,full,both,inf,180.0,0.01,0.0,0.0,256,20,3,0.5,0.1,0.99,10.0,256,20,0,128,125,3.724945360451629,2.030118054412352,7.795630904771379,72.89110003984158,0.0,0.0,0.9765625,450.0
mppi_coast,mppi_lqr,300.0,1800.0,0.1,0.05,5.0,4.5,10.0,10.0,10,100.0,inf,full,both,inf,180.0,0.01,0.0,0.0,256,20,3,0.5,0.1,0.99,10.0,256,20,0,128,124,3.724320917086942,2.0695961262598046,9.120544129811597,112.34129362656142,0.0,0.0,0.96875,450.0
mppi_coast,mppi_lqr,300.0,1800.0,0.1,0.05,5.0,5.0,10.0,10.0,10,100.0,inf,full,both,inf,180.0,0.01,0.0,0.0,256,20,3,0.5,0.1,0.99,10.0,256,20,0,128,124,3.724258079353372,2.0853306127784816,9.155992308932714,127.17201504435694,0.0,0.0,0.96875,450.0
mppi_coast,mppi_lqr,300.0,1800.0,0.1,0.05,5.0,5.5,10.0,10.0,10,100.0,inf,full,both,inf,180.0,0.01,0.0,0.0,256,20,3,0.5,0.1,0.99,10.0,256,20,0,128,124,3.7242582136987226,2.1009557155348526,9.15604495852032,136.62240653429183,0.0,0.0,0.96875,450.0
mppi_coast,mppi_lqr,300.0,1800.0,0.1,0.05,5.0,6.25,10.0,10.0,10,100.0,inf,full,both,inf,180.0,0.01,0.0,0.0,256,20,3,0.5,0.1,0.99,10.0,256,20,0,128,124,3.7242582136987226,2.1243932155348526,9.155949667633498,148.79170296427225,0.0,0.0,0.96875,450.0
mppi_coast,mppi_lqr,300.0,1800.0,0.1,0.05,5.0,7.5,10.0,10.0,10,100.0,inf,full,both,inf,180.0,0.01,0.0,0.0,256,20,3,0.5,0.1,0.99,10.0,256,20,0,128,124,3.7242582136987226,2.1634557155348526,9.155949667633498,161.28699077886984,0.0,0.0,0.96875,450.0
mppi_coast,mppi_lqr,300.0,1800.0,0.1,0.05,5.0,10.0,10.0,10.0,10,100.0,inf,full,both,inf,180.0,0.01,0.0,0.0,256,20,3,0.5,0.1,0.99,10.0,256,20,0,128,124,3.7242582136987226,2.193932524944236,9.155949667633498,163.80017617201148,0.0,0.0,0.96875,450.0
mppi_coast,mppi_lqr,300.0,1800.0,0.1,0.05,5.0,inf,10.0,10.0,10,100.0,inf,full,both,inf,180.0,0.01,0.0,0.0,256,20,3,0.5,0.1,0.99,10.0,256,20,0,128,124,3.7242582136987226,2.1940861555210143,9.155949667633498,163.80760867649025,0.0,0.0,0.96875,450.0
mppi_coast,mppi_lqr,300.0,1800.0,0.1,0.075,5.0,1.25,10.0,10.0,10,100.0,inf,full,both,inf,180.0,0.01,0.0,0.0,256,20,3,0.5,0.1,0.99,10.0,256,20,0,128,128,3.8575343504875663,1.25,2.9052611262931247,4.831479797328631,0.0,0.0,1.0,460.0
mppi_coast,mppi_lqr,300.0,1800.0,0.1,0.075,5.0,2.5,10.0,10.0,10,100.0,inf,full,both,inf,180.0,0.01,0.0,0.0,256,20,3,0.5,0.1,0.99,10.0,256,20,0,128,128,4.952255865436889,2.5,4.092572478578591,4.473780699176726,0.0,0.0,1.0,650.0
mppi_coast,mppi_lqr,300.0,1800.0,0.1,0.075,5.0,3.75,10.0,10.0,10,100.0,inf,full,both,inf,180.0,0.01,0.0,0.0,256,20,3,0.5,0.1,0.99,10.0,256,20,0,128,7,4.977301259255628,3.739580328153839,188.4968122514705,1018.7353151575882,0.0,0.0,0.0546875,550.0
mppi_coast,mppi_lqr,300.0,1800.0,0.1,0.075,5.0,4.5,10.0,10.0,10,100.0,inf,full,both,inf,180.0,0.01,0.0,0.0,256,20,3,0.5,0.1,0.99,10.0,256,20,0,128,1,4.993966687608512,4.491029750190987,201.4574341107509,2045.5654670256215,0.0,0.0,0.0078125,500.0
mppi_coast,mppi_lqr,300.0,1800.0,0.1,0.075,5.0,5.0,10.0,10.0,10,100.0,inf,full,both,inf,180.0,0.01,0.0,0.0,256,20,3,0.5,0.1,0.99,10.0,256,20,0,128,1,4.997198781266543,4.990402774136089,193.96682589593163,2709.494242905373,0.0,0.0,0.0078125,540.0
mppi_coast,mppi_lqr,300.0,1800.0,0.1,0.075,5.0,5.5,10.0,10.0,10,100.0,inf,full,both,inf,180.0,0.01,0.0,0.0,256,20,3,0.5,0.1,0.99,10.0,256,20,0,128,1,4.994762513652126,5.484723283602153,196.62437816499124,3331.3149601194905,0.0,0.0,0.0078125,500.0
mppi_coast,mppi_lqr,300.0,1800.0,0.1,0.075,5.0,6.25,10.0,10.0,10,100.0,inf,full,both,inf,180.0,0.01,0.0,0.0,256,20,3,0.5,0.1,0.99,10.0,256,20,0,128,3,4.993732650835451,6.190932969030879,191.90433998537333,4000.872418950585,0.0,0.0,0.0234375,540.0
mppi_coast,mppi_lqr,300.0,1800.0,0.1,0.075,5.0,7.5,10.0,10.0,10,100.0,inf,full,both,inf,180.0,0.01,0.0,0.0,256,20,3,0.5,0.1,0.99,10.0,256,20,0,128,3,4.9927733853409615,7.410987373123094,191.5424254688314,5120.770322900899,0.0,0.0,0.0234375,530.0
mppi_coast,mppi_lqr,300.0,1800.0,0.1,0.075,5.0,10.0,10.0,10.0,10,100.0,inf,full,both,inf,180.0,0.01,0.0,0.0,256,20,3,0.5,0.1,0.99,10.0,256,20,0,128,3,4.992772979091145,9.85239550630155,191.56952094777472,6516.950668039095,0.0,0.0,0.0234375,530.0
mppi_coast,mppi_lqr,300.0,1800.0,0.1,0.075,5.0,inf,10.0,10.0,10,100.0,inf,full,both,inf,180.0,0.01,0.0,0.0,256,20,3,0.5,0.1,0.99,10.0,256,20,0,128,3,4.992772979091145,12.662860491342236,191.56952094777472,7023.586846223045,0.0,0.0,0.0234375,530.0
mppi_coast,mppi_lqr,300.0,1800.0,0.1,0.09,5.0,1.25,10.0,10.0,10,100.0,inf,full,both,inf,180.0,0.01,0.0,0.0,256,20,3,0.5,0.1,0.99,10.0,256,20,0,128,128,3.8611678630104063,1.25,2.923358035553401,4.821478505284566,0.0,0.0,1.0,460.0
mppi_coast,mppi_lqr,300.0,1800.0,0.1,0.09,5.0,2.5,10.0,10.0,10,100.0,inf,full,both,inf,180.0,0.01,0.0,0.0,256,20,3,0.5,0.1,0.99,10.0,256,20,0,128,127,4.993219793650187,2.5,3.4971081012854075,5.486058478030033,0.0,0.0,0.9921875,650.0
mppi_coast,mppi_lqr,300.0,1800.0,0.1,0.09,5.0,3.75,10.0,10.0,10,100.0,inf,full,both,inf,180.0,0.01,0.0,0.0,256,20,3,0.5,0.1,0.99,10.0,256,20,0,128,12,5.0,3.75,190.56163677707696,617.6802540442234,0.0,0.0,0.09375,1035.0
mppi_coast,mppi_lqr,300.0,1800.0,0.1,0.09,5.0,4.5,10.0,10.0,10,100.0,inf,full,both,inf,180.0,0.01,0.0,0.0,256,20,3,0.5,0.1,0.99,10.0,256,20,0,128,0,5.0,4.5,292.62902639277775,1766.8035009660373,0.0,0.0,0.0,
mppi_coast,mppi_lqr,300.0,1800.0,0.1,0.09,5.0,5.0,10.0,10.0,10,100.0,inf,full,both,inf,180.0,0.01,0.0,0.0,256,20,3,0.5,0.1,0.99,10.0,256,20,0,128,0,5.0,5.0,291.0944024931033,2524.1261162603814,0.0,0.0,0.0,
mppi_coast,mppi_lqr,300.0,1800.0,0.1,0.09,5.0,5.5,10.0,10.0,10,100.0,inf,full,both,inf,180.0,0.01,0.0,0.0,256,20,3,0.5,0.1,0.99,10.0,256,20,0,128,0,5.0,5.5,290.7168358409185,3241.4768350373893,0.0,0.0,0.0,
mppi_coast,mppi_lqr,300.0,1800.0,0.1,0.09,5.0,6.25,10.0,10.0,10,100.0,inf,full,both,inf,180.0,0.01,0.0,0.0,256,20,3,0.5,0.1,0.99,10.0,256,20,0,128,0,5.0,6.25,288.932969543464,4261.323107707975,0.0,0.0,0.0,
mppi_coast,mppi_lqr,300.0,1800.0,0.1,0.09,5.0,7.5,10.0,10.0,10,100.0,inf,full,both,inf,180.0,0.01,0.0,0.0,256,20,3,0.5,0.1,0.99,10.0,256,20,0,128,0,5.0,7.5,288.71066440370134,5685.409968585399,0.0,0.0,0.0,
mppi_coast,mppi_lqr,300.0,1800.0,0.1,0.09,5.0,10.0,10.0,10.0,10,100.0,inf,full,both,inf,180.0,0.01,0.0,0.0,256,20,3,0.5,0.1,0.99,10.0,256,20,0,128,0,5.0,10.0,288.8362206319236,7763.765424693283,0.0,0.0,0.0,
mppi_coast,mppi_lqr,300.0,1800.0,0.1,0.09,5.0,inf,10.0,10.0,10,100.0,inf,full,both,inf,180.0,0.01,0.0,0.0,256,20,3,0.5,0.1,0.99,10.0,256,20,0,128,0,5.0,15.472945555795544,288.83622036785937,9426.789518892014,0.0,0.0,0.0,
mppi_coast,mppi_lqr,300.0,1800.0,0.1,0.1,5.0,1.25,10.0,10.0,10,100.0,inf,full,both,inf,180.0,0.01,0.0,0.0,256,20,3,0.5,0.1,0.99,10.0,256,20,0,128,128,3.85143586599177,1.25,3.485736064008245,5.121743530098112,0.0,0.0,1.0,460.0
mppi_coast,mppi_lqr,300.0,1800.0,0.1,0.1,5.0,2.5,10.0,10.0,10,100.0,inf,full,both,inf,180.0,0.01,0.0,0.0,256,20,3,0.5,0.1,0.99,10.0,256,20,0,128,128,4.975559971556322,2.496560283761345,3.560472338792065,4.720705882662701,0.0,0.0,1.0,650.0
mppi_coast,mppi_lqr,300.0,1800.0,0.1,0.1,5.0,3.75,10.0,10.0,10,100.0,inf,full,both,inf,180.0,0.01,0.0,0.0,256,20,3,0.5,0.1,0.99,10.0,256,20,0,128,22,5.0,3.75,181.07922923040957,595.6785161259047,0.0,0.0,0.171875,975.0
mppi_coast,mppi_lqr,300.0,1800.0,0.1,0.1,5.0,4.5,10.0,10.0,10,100.0,inf,full,both,inf,180.0,0.01,0.0,0.0,256,20,3,0.5,0.1,0.99,10.0,256,20,0,128,0,5.0,4.5,295.40999652920686,1662.633906176814,0.0,0.0,0.0,
mppi_coast,mppi_lqr,300.0,1800.0,0.1,0.1,5.0,5.0,10.0,10.0,10,100.0,inf,full,both,inf,180.0,0.01,0.0,0.0,256,20,3,0.5,0.1,0.99,10.0,256,20,0,128,0,5.0,5.0,298.2999863102488,2436.820976763968,0.0,0.0,0.0,
mppi_coast,mppi_lqr,300.0,1800.0,0.1,0.1,5.0,5.5,10.0,10.0,10,100.0,inf,full,both,inf,180.0,0.01,0.0,0.0,256,20,3,0.5,0.1,0.99,10.0,256,20,0,128,0,5.0,5.5,298.8271082476839,3163.603712204504,0.0,0.0,0.0,
mppi_coast,mppi_lqr,300.0,1800.0,0.1,0.1,5.0,6.25,10.0,10.0,10,100.0,inf,full,both,inf,180.0,0.01,0.0,0.0,256,20,3,0.5,0.1,0.99,10.0,256,20,0,128,0,5.0,6.25,298.9354102571012,4284.232886551051,0.0,0.0,0.0,
mppi_coast,mppi_lqr,300.0,1800.0,0.1,0.1,5.0,7.5,10.0,10.0,10,100.0,inf,full,both,inf,180.0,0.01,0.0,0.0,256,20,3,0.5,0.1,0.99,10.0,256,20,0,128,0,5.0,7.5,299.0192552509389,5837.500166462649,0.0,0.0,0.0,
mppi_coast,mppi_lqr,300.0,1800.0,0.1,0.1,5.0,10.0,10.0,10.0,10,100.0,inf,full,both,inf,180.0,0.01,0.0,0.0,256,20,3,0.5,0.1,0.99,10.0,256,20,0,128,0,5.0,10.0,299.00325546555297,8284.445268606867,0.0,0.0,0.0,
mppi_coast,mppi_lqr,300.0,1800.0,0.1,0.1,5.0,inf,10.0,10.0,10,100.0,inf,full,both,inf,180.0,0.01,0.0,0.0,256,20,3,0.5,0.1,0.99,10.0,256,20,0,128,0,5.0,17.189492230064022,299.00325546555297,10922.90685117571,0.0,0.0,0.0,
mppi_coast,mppi_lqr,300.0,1800.0,0.1,0.11,5.0,1.25,10.0,10.0,10,100.0,inf,full,both,inf,180.0,0.01,0.0,0.0,256,20,3,0.5,0.1,0.99,10.0,256,20,0,128,128,3.853330263461614,1.25,3.362057547667152,5.0076702976891605,0.0,0.0,1.0,460.0
mppi_coast,mppi_lqr,300.0,1800.0,0.1,0.11,5.0,2.5,10.0,10.0,10,100.0,inf,full,both,inf,180.0,0.01,0.0,0.0,256,20,3,0.5,0.1,0.99,10.0,256,20,0,128,128,4.999927731714839,2.5,3.5222400567536414,4.448514611321716,0.0,0.0,1.0,660.0
mppi_coast,mppi_lqr,300.0,1800.0,0.1,0.11,5.0,3.75,10.0,10.0,10,100.0,inf,full,both,inf,180.0,0.01,0.0,0.0,256,20,3,0.5,0.1,0.99,10.0,256,20,0,128,25,5.0,3.75,168.1069940838724,560.1474143584014,0.0,0.0,0.1953125,990.0
mppi_coast,mppi_lqr,300.0,1800.0,0.1,0.11,5.0,4.5,10.0,10.0,10,100.0,inf,full,both,inf,180.0,0.01,0.0,0.0,256,20,3,0.5,0.1,0.99,10.0,256,20,0,128,0,5.0,4.5,296.6754359922588,1700.3390388204878,0.0,0.0,0.0,
mppi_coast,mppi_lqr,300.0,1800.0,0.1,0.11,5.0,5.0,10.0,10.0,10,100.0,inf,full,both,inf,180.0,0.01,0.0,0.0,256,20,3,0.5,0.1,0.99,10.0,256,20,0,128,0,5.0,5.0,299.07360429997857,2435.1009708325955,0.0,0.0,0.0,
mppi_coast,mppi_lqr,300.0,1800.0,0.1,0.11,5.0,5.5,10.0,10.0,10,100.0,inf,full,both,inf,180.0,0.01,0.0,0.0,256,20,3,0.5,0.1,0.99,10.0,256,20,0,128,0,5.0,5.5,299.1345206985586,3333.2738396509963,0.0,0.0,0.0,
mppi_coast,mppi_lqr,300.0,1800.0,0.1,0.11,5.0,6.25,10.0,10.0,10,100.0,inf,full,both,inf,180.0,0.01,0.0,0.0,256,20,3,0.5,0.1,0.99,10.0,256,20,0,128,0,5.0,6.25,298.92574849127266,4397.2851364087655,0.0,0.0,0.0,
mppi_coast,mppi_lqr,300.0,1800.0,0.1,0.11,5.0,7.5,10.0,10.0,10,100.0,inf,full,both,inf,180.0,0.01,0.0,0.0,256,20,3,0.5,0.1,0.99,10.0,256,20,0,128,0,5.0,7.5,299.15810304847406,6077.395854836305,0.0,0.0,0.0,
mppi_coast,mppi_lqr,300.0,1800.0,0.1,0.11,5.0,10.0,10.0,10.0,10,100.0,inf,full,both,inf,180.0,0.01,0.0,0.0,256,20,3,0.5,0.1,0.99,10.0,256,20,0,128,0,5.0,10.0,299.1587732026334,8791.68304642519,0.0,0.0,0.0,
mppi_coast,mppi_lqr,300.0,1800.0,0.1,0.11,5.0,inf,10.0,10.0,10,100.0,inf,full,both,inf,180.0,0.01,0.0,0.0,256,20,3,0.5,0.1,0.99,10.0,256,20,0,128,0,5.0,18.9058301563857,299.1587732026334,12499.556188952592,0.0,0.0,0.0,
mppi_coast,mppi_lqr,300.0,1800.0,0.1,0.125,5.0,1.25,10.0,10.0,10,100.0,inf,full,both,inf,180.0,0.01,0.0,0.0,256,20,3,0.5,0.1,0.99,10.0,256,20,0,128,128,3.8531833182809145,1.25,3.410442255435894,5.468827590221987,0.0,0.0,1.0,460.0
mppi_coast,mppi_lqr,300.0,1800.0,0.1,0.125,5.0,2.5,10.0,10.0,10,100.0,inf,full,both,inf,180.0,0.01,0.0,0.0,256,20,3,0.5,0.1,0.99,10.0,256,20,0,128,128,4.999460775426896,2.5,3.5483293793981465,4.87839164178166,0.0,0.0,1.0,660.0
mppi_coast,mppi_lqr,300.0,1800.0,0.1,0.125,5.0,3.75,10.0,10.0,10,100.0,inf,full,both,inf,180.0,0.01,0.0,0.0,256,20,3,0.5,0.1,0.99,10.0,256,20,0,128,29,5.0,3.75,179.4153519552006,584.8743572237931,0.0,0.0,0.2265625,980.0
mppi_coast,mppi_lqr,300.0,1800.0,0.1,0.125,5.0,4.5,10.0,10.0,10,100.0,inf,full,both,inf,180.0,0.01,0.0,0.0,256,20,3,0.5,0.1,0.99,10.0,256,20,0,128,0,5.0,4.5,290.1890226284136,1689.6485211909337,0.0,0.0,0.0,
mppi_coast,mppi_lqr,300.0,1800.0,0.1,0.125,5.0,5.0,10.0,10.0,10,100.0,inf,full,both,inf,180.0,0.01,0.0,0.0,256,20,3,0.5,0.1,0.99,10.0,256,20,0,128,0,5.0,5.0,298.010495218593,2473.830135321967,0.0,0.0,0.0,
mppi_coast,mppi_lqr,300.0,1800.0,0.1,0.125,5.0,5.5,10.0,10.0,10,100.0,inf,full,both,inf,180.0,0.01,0.0,0.0,256,20,3,0.5,0.1,0.99,10.0,256,20,0,128,0,5.0,5.5,299.3849375924044,3404.224067525148,0.0,0.0,0.0,
mppi_coast,mppi_lqr,300.0,1800.0,0.1,0.125,5.0,6.25,10.0,10.0,10,100.0,inf,full,both,inf,180.0,0.01,0.0,0.0,256,20,3,0.5,0.1,0.99,10.0,256,20,0,128,0,5.0,6.25,299.3879429791228,4651.7111467370005,0.0,0.0,0.0,
mppi_coast,mppi_lqr,300.0,1800.0,0.1,0.125,5.0,7.5,10.0,10.0,10,100.0,inf,full,both,inf,180.0,0.01,0.0,0.0,256,20,3,0.5,0.1,0.99,10.0,256,20,0,128,0,5.0,7.5,299.41952097320365,6456.693339772236,0.0,0.0,0.0,
mppi_coast,mppi_lqr,300.0,1800.0,0.1,0.125,5.0,10.0,10.0,10.0,10,100.0,inf,full,both,inf,180.0,0.01,0.0,0.0,256,20,3,0.5,0.1,0.99,10.0,256,20,0,128,0,5.0,10.0,299.4188349350914,9412.618971371792,0.0,0.0,0.0,
mppi_coast,mppi_lqr,300.0,1800.0,0.1,0.125,5.0,inf,10.0,10.0,10,100.0,inf,full,both,inf,180.0,0.01,0.0,0.0,256,20,3,0.5,0.1,0.99,10.0,256,20,0,128,0,5.0,21.48699848692292,299.4188349350914,14914.460731470876,0.0,0.0,0.0,
mppi_coast,mppi_lqr,300.0,1800.0,0.1,0.15,5.0,1.25,10.0,10.0,10,100.0,inf,full,both,inf,180.0,0.01,0.0,0.0,256,20,3,0.5,0.1,0.99,10.0,256,20,0,128,128,3.874556504369784,1.25,3.0693690724233025,5.491982634265383,0.0,0.0,1.0,460.0
mppi_coast,mppi_lqr,300.0,1800.0,0.1,0.15,5.0,2.5,10.0,10.0,10,100.0,inf,full,both,inf,180.0,0.01,0.0,0.0,256,20,3,0.5,0.1,0.99,10.0,256,20,0,128,128,4.999147662591238,2.5,3.0019668387677108,4.500120715940242,0.0,0.0,1.0,680.0
mppi_coast,mppi_lqr,300.0,1800.0,0.1,0.15,5.0,3.75,10.0,10.0,10,100.0,inf,full,both,inf,180.0,0.01,0.0,0.0,256,20,3,0.5,0.1,0.99,10.0,256,20,0,128,28,5.0,3.75,190.53015525795536,708.4145036368157,0.0,0.0,0.21875,995.0
mppi_coast,mppi_lqr,300.0,1800.0,0.1,0.15,5.0,4.5,10.0,10.0,10,100.0,inf,full,both,inf,180.0,0.01,0.0,0.0,256,20,3,0.5,0.1,0.99,10.0,256,20,0,128,0,5.0,4.5,288.641632385676,1835.6008609405144,0.0,0.0,0.0,
mppi_coast,mppi_lqr,300.0,1800.0,0.1,0.15,5.0,5.0,10.0,10.0,10,100.0,inf,full,both,inf,180.0,0.01,0.0,0.0,256,20,3,0.5,0.1,0.99,10.0,256,20,0,128,0,5.0,5.0,298.92742271926585,2671.253887834728,0.0,0.0,0.0,
mppi_coast,mppi_lqr,300.0,1800.0,0.1,0.15,5.0,5.5,10.0,10.0,10,100.0,inf,full,both,inf,180.0,0.01,0.0,0.0,256,20,3,0.5,0.1,0.99,10.0,256,20,0,128,0,5.0,5.5,298.0859237510569,3445.023004242749,0.0,0.0,0.0,
mppi_coast,mppi_lqr,300.0,1800.0,0.1,0.15,5.0,6.25,10.0,10.0,10,100.0,inf,full,both,inf,180.0,0.01,0.0,0.0,256,20,3,0.5,0.1,0.99,10.0,256,20,0,128,0,5.0,6.25,298.13601618283536,4804.401340149659,0.0,0.0,0.0,
mppi_coast,mppi_lqr,300.0,1800.0,0.1,0.15,5.0,7.5,10.0,10.0,10,100.0,inf,full,both,inf,180.0,0.01,0.0,0.0,256,20,3,0.5,0.1,0.99,10.0,256,20,0,128,0,5.0,7.5,298.4521650562969,6706.641602937194,0.0,0.0,0.0,
mppi_coast,mppi_lqr,300.0,1800.0,0.1,0.15,5.0,10.0,10.0,10.0,10,100.0,inf,full,both,inf,180.0,0.01,0.0,0.0,256,20,3,0.5,0.1,0.99,10.0,256,20,0,128,0,5.0,10.0,298.4337717562417,10043.48602292761,0.0,0.0,0.0,
mppi_coast,mppi_lqr,300.0,1800.0,0.1,0.15,5.0,inf,10.0,10.0,10,100.0,inf,full,both,inf,180.0,0.01,0.0,0.0,256,20,3,0.5,0.1,0.99,10.0,256,20,0,128,0,5.0,25.76708351952765,298.43377885983165,18719.625948441317,0.0,0.0,0.0,
mppi_coast,mppi_lqr,300.0,1800.0,0.1,0.2,5.0,1.25,10.0,10.0,10,100.0,inf,full,both,inf,180.0,0.01,0.0,0.0,256,20,3,0.5,0.1,0.99,10.0,256,20,0,128,128,3.9147611814701024,1.25,3.465120395002774,5.352715001365676,0.0,0.0,1.0,470.0
mppi_coast,mppi_lqr,300.0,1800.0,0.1,0.2,5.0,2.5,10.0,10.0,10,100.0,inf,full,both,inf,180.0,0.01,0.0,0.0,256,20,3,0.5,0.1,0.99,10.0,256,20,0,128,128,4.998804544194513,2.5,3.609297175677806,4.778369721067997,0.0,0.0,1.0,690.0
mppi_coast,mppi_lqr,300.0,1800.0,0.1,0.2,5.0,3.75,10.0,10.0,10,100.0,inf,full,both,inf,180.0,0.01,0.0,0.0,256,20,3,0.5,0.1,0.99,10.0,256,20,0,128,24,5.0,3.75,212.18804818622843,842.1449526524881,0.0,0.0,0.1875,1015.0
mppi_coast,mppi_lqr,300.0,1800.0,0.1,0.2,5.0,4.5,10.0,10.0,10,100.0,inf,full,both,inf,180.0,0.01,0.0,0.0,256,20,3,0.5,0.1,0.99,10.0,256,20,0,128,0,5.0,4.5,285.4951812921527,2039.2640335494536,0.0,0.0,0.0,
mppi_coast,mppi_lqr,300.0,1800.0,0.1,0.2,5.0,5.0,10.0,10.0,10,100.0,inf,full,both,inf,180.0,0.01,0.0,0.0,256,20,3,0.5,0.1,0.99,10.0,256,20,0,128,0,5.0,5.0,297.3681041133452,3049.8421055539684,0.0,0.0,0.0,
mppi_coast,mppi_lqr,300.0,1800.0,0.1,0.2,5.0,5.5,10.0,10.0,10,100.0,inf,full,both,inf,180.0,0.01,0.0,0.0,256,20,3,0.5,0.1,0.99,10.0,256,20,0,128,0,5.0,5.5,293.6791043507777,4049.1063062805583,0.0,0.0,0.0,
mppi_coast,mppi_lqr,300.0,1800.0,0.1,0.2,5.0,6.25,10.0,10.0,10,100.0,inf,full,both,inf,180.0,0.01,0.0,0.0,256,20,3,0.5,0.1,0.99,10.0,256,20,0,128,0,5.0,6.25,296.2247117919234,5389.030756907328,0.0,0.0,0.0,
mppi_coast,mppi_lqr,300.0,1800.0,0.1,0.2,5.0,7.5,10.0,10.0,10,100.0,inf,full,both,inf,180.0,0.01,0.0,0.0,256,20,3,0.5,0.1,0.99,10.0,256,20,0,128,0,5.0,7.5,295.08490311477755,7681.733083699633,0.0,0.0,0.0,
mppi_coast,mppi_lqr,300.0,1800.0,0.1,0.2,5.0,10.0,10.0,10.0,10,100.0,inf,full,both,inf,180.0,0.01,0.0,0.0,256,20,3,0.5,0.1,0.99,10.0,256,20,0,128,0,5.0,10.0,296.08402380347945,11622.762937539354,0.0,0.0,0.0,
mppi_coast,mppi_lqr,300.0,1800.0,0.1,0.2,5.0,inf,10.0,10.0,10,100.0,inf,full,both,inf,180.0,0.01,0.0,0.0,256,20,3,0.5,0.1,0.99,10.0,256,20,0,128,0,5.0,34.341896845630345,296.04821144378946,27647.11383546831,0.0,0.0,0.0,
mppi_coast,random,300.0,1800.0,0.1,0.025,5.0,1.25,10.0,10.0,10,100.0,inf,full,both,inf,180.0,0.01,0.0,0.0,256,20,3,0.5,0.1,0.99,10.0,256,20,0,128,128,2.3222338515529204,0.5560438772798846,3.295209908878173,5.435556937200614,0.0,0.0,1.0,290.0
mppi_coast,random,300.0,1800.0,0.1,0.025,5.0,2.5,10.0,10.0,10,100.0,inf,full,both,inf,180.0,0.01,0.0,0.0,256,20,3,0.5,0.1,0.99,10.0,256,20,0,128,128,2.3222338515529204,0.5560438772798846,3.295209908878173,5.435556937200614,0.0,0.0,1.0,290.0
mppi_coast,random,300.0,1800.0,0.1,0.025,5.0,3.75,10.0,10.0,10,100.0,inf,full,both,inf,180.0,0.01,0.0,0.0,256,20,3,0.5,0.1,0.99,10.0,256,20,0,128,128,2.3222338515529204,0.5560438772798846,3.295209908878173,5.435556937200614,0.0,0.0,1.0,290.0
mppi_coast,random,300.0,1800.0,0.1,0.025,5.0,4.5,10.0,10.0,10,100.0,inf,full,both,inf,180.0,0.01,0.0,0.0,256,20,3,0.5,0.1,0.99,10.0,256,20,0,128,128,2.3222338515529204,0.5560438772798846,3.295209908878173,5.435556937200614,0.0,0.0,1.0,290.0
mppi_coast,random,300.0,1800.0,0.1,0.025,5.0,5.0,10.0,10.0,10,100.0,inf,full,both,inf,180.0,0.01,0.0,0.0,256,20,3,0.5,0.1,0.99,10.0,256,20,0,128,128,2.3222338515529204,0.5560438772798846,3.295209908878173,5.435556937200614,0.0,0.0,1.0,290.0
mppi_coast,random,300.0,1800.0,0.1,0.025,5.0,5.5,10.0,10.0,10,100.0,inf,full,both,inf,180.0,0.01,0.0,0.0,256,20,3,0.5,0.1,0.99,10.0,256,20,0,128,128,2.3222338515529204,0.5560438772798846,3.295209908878173,5.435556937200614,0.0,0.0,1.0,290.0
mppi_coast,random,300.0,1800.0,0.1,0.025,5.0,6.25,10.0,10.0,10,100.0,inf,full,both,inf,180.0,0.01,0.0,0.0,256,20,3,0.5,0.1,0.99,10.0,256,20,0,128,128,2.3222338515529204,0.5560438772798846,3.295209908878173,5.435556937200614,0.0,0.0,1.0,290.0
mppi_coast,random,300.0,1800.0,0.1,0.025,5.0,7.5,10.0,10.0,10,100.0,inf,full,both,inf,180.0,0.01,0.0,0.0,256,20,3,0.5,0.1,0.99,10.0,256,20,0,128,128,2.3222338515529204,0.5560438772798846,3.295209908878173,5.435556937200614,0.0,0.0,1.0,290.0
mppi_coast,random,300.0,1800.0,0.1,0.025,5.0,10.0,10.0,10.0,10,100.0,inf,full,both,inf,180.0,0.01,0.0,0.0,256,20,3,0.5,0.1,0.99,10.0,256,20,0,128,128,2.3222338515529204,0.5560438772798846,3.295209908878173,5.435556937200614,0.0,0.0,1.0,290.0
mppi_coast,random,300.0,1800.0,0.1,0.025,5.0,inf,10.0,10.0,10,100.0,inf,full,both,inf,180.0,0.01,0.0,0.0,256,20,3,0.5,0.1,0.99,10.0,256,20,0,128,128,2.3222338515529204,0.5560438772798846,3.295209908878173,5.435556937200614,0.0,0.0,1.0,290.0
mppi_coast,random,300.0,1800.0,0.1,0.05,5.0,1.25,10.0,10.0,10,100.0,inf,full,both,inf,180.0,0.01,0.0,0.0,256,20,3,0.5,0.1,0.99,10.0,256,20,0,128,128,2.3559566955113063,1.1173894052372324,4.032035010103364,5.85285293369566,0.0,0.0,1.0,300.0
mppi_coast,random,300.0,1800.0,0.1,0.05,5.0,2.5,10.0,10.0,10,100.0,inf,full,both,inf,180.0,0.01,0.0,0.0,256,20,3,0.5,0.1,0.99,10.0,256,20,0,128,128,2.35511976315134,1.1238837938279185,4.072756262594613,5.898239058448156,0.0,0.0,1.0,300.0
mppi_coast,random,300.0,1800.0,0.1,0.05,5.0,3.75,10.0,10.0,10,100.0,inf,full,both,inf,180.0,0.01,0.0,0.0,256,20,3,0.5,0.1,0.99,10.0,256,20,0,128,128,2.35511976315134,1.1238837938279185,4.072756262594613,5.898239058448156,0.0,0.0,1.0,300.0
mppi_coast,random,300.0,1800.0,0.1,0.05,5.0,4.5,10.0,10.0,10,100.0,inf,full,both,inf,180.0,0.01,0.0,0.0,256,20,3,0.5,0.1,0.99,10.0,256,20,0,128,128,2.35511976315134,1.1238837938279185,4.072756262594613,5.898239058448156,0.0,0.0,1.0,300.0
mppi_coast,random,300.0,1800.0,0.1,0.05,5.0,5.0,10.0,10.0,10,100.0,inf,full,both,inf,180.0,0.01,0.0,0.0,256,20,3,0.5,0.1,0.99,10.0,256,20,0,128,128,2.35511976315134,1.1238837938279185,4.072756262594613,5.898239058448156,0.0,0.0,1.0,300.0
mppi_coast,random,300.0,1800.0,0.1,0.05,5.0,5.5,10.0,10.0,10,100.0,inf,full,both,inf,180.0,0.01,0.0,0.0,256,20,3,0.5,0.1,0.99,10.0,256,20,0,128,128,2.35511976315134,1.1238837938279185,4.072756262594613,5.898239058448156,0.0,0.0,1.0,300.0
mppi_coast,random,300.0,1800.0,0.1,0.05,5.0,6.25,10.0,10.0,10,100.0,inf,full,both,inf,180.0,0.01,0.0,0.0,256,20,3,0.5,0.1,0.99,10.0,256,20,0,128,128,2.35511976315134,1.1238837938279185,4.072756262594613,5.898239058448156,0.0,0.0,1.0,300.0
mppi_coast,random,300.0,1800.0,0.1,0.05,5.0,7.5,10.0,10.0,10,100.0,inf,full,both,inf,180.0,0.01,0.0,0.0,256,20,3,0.5,0.1,0.99,10.0,256,20,0,128,128,2.35511976315134,1.1238837938279185,4.072756262594613,5.898239058448156,0.0,0.0,1.0,300.0
mppi_coast,random,300.0,1800.0,0.1,0.05,5.0,10.0,10.0,10.0,10,100.0,inf,full,both,inf,180.0,0.01,0.0,0.0,256,20,3,0.5,0.1,0.99,10.0,256,20,0,128,128,2.35511976315134,1.1238837938279185,4.072756262594613,5.898239058448156,0.0,0.0,1.0,300.0
mppi_coast,random,300.0,1800.0,0.1,0.05,5.0,inf,10.0,10.0,10,100.0,inf,full,both,inf,180.0,0.01,0.0,0.0,256,20,3,0.5,0.1,0.99,10.0,256,20,0,128,128,2.35511976315134,1.1238837938279185,4.072756262594613,5.898239058448156,0.0,0.0,1.0,300.0
mppi_coast,random,300.0,1800.0,0.1,0.075,5.0,1.25,10.0,10.0,10,100.0,inf,full,both,inf,180.0,0.01,0.0,0.0,256,20,3,0.5,0.1,0.99,10.0,256,20,0,128,128,2.403655889287281,1.25,3.842386549673227,5.463649044013924,0.0,0.0,1.0,300.0
mppi_coast,random,300.0,1800.0,0.1,0.075,5.0,2.5,10.0,10.0,10,100.0,inf,full,both,inf,180.0,0.01,0.0,0.0,256,20,3,0.5,0.1,0.99,10.0,256,20,0,128,128,2.3906608591918124,1.7134702190577804,5.025620809507624,6.196181358934003,0.0,0.0,1.0,300.0
mppi_coast,random,300.0,1800.0,0.1,0.075,5.0,3.75,10.0,10.0,10,100.0,inf,full,both,inf,180.0,0.01,0.0,0.0,256,20,3,0.5,0.1,0.99,10.0,256,20,0,128,128,2.3906608591918124,1.7134702190577804,5.025620809507624,6.196181358934003,0.0,0.0,1.0,300.0
mppi_coast,random,300.0,1800.0,0.1,0.075,5.0,4.5,10.0,10.0,10,100.0,inf,full,both,inf,180.0,0.01,0.0,0.0,256,20,3,0.5,0.1,0.99,10.0,256,20,0,128,128,2.3906608591918124,1.7134702190577804,5.025620809507624,6.196181358934003,0.0,0.0,1.0,300.0
mppi_coast,random,300.0,1800.0,0.1,0.075,5.0,5.0,10.0,10.0,10,100.0,inf,full,both,inf,180.0,0.01,0.0,0.0,256,20,3,0.5,0.1,0.99,10.0,256,20,0,128,128,2.3906608591918124,1.7134702190577804,5.025620809507624,6.196181358934003,0.0,0.0,1.0,300.0
mppi_coast,random,300.0,1800.0,0.1,0.075,5.0,5.5,10.0,10.0,10,100.0,inf,full,both,inf,180.0,0.01,0.0,0.0,256,20,3,0.5,0.1,0.99,10.0,256,20,0,128,128,2.3906608591918124,1.7134702190577804,5.025620809507624,6.196181358934003,0.0,0.0,1.0,300.0
mppi_coast,random,300.0,1800.0,0.1,0.075,5.0,6.25,10.0,10.0,10,100.0,inf,full,both,inf,180.0,0.01,0.0,0.0,256,20,3,0.5,0.1,0.99,10.0,256,20,0,128,128,2.3906608591918124,1.7134702190577804,5.025620809507624,6.196181358934003,0.0,0.0,1.0,300.0
mppi_coast,random,300.0,1800.0,0.1,0.075,5.0,7.5,10.0,10.0,10,100.0,inf,full,both,inf,180.0,0.01,0.0,0.0,256,20,3,0.5,0.1,0.99,10.0,256,20,0,128,128,2.3906608591918124,1.7134702190577804,5.025620809507624,6.196181358934003,0.0,0.0,1.0,300.0
mppi_coast,random,300.0,1800.0,0.1,0.075,5.0,10.0,10.0,10.0,10,100.0,inf,full,both,inf,180.0,0.01,0.0,0.0,256,20,3,0.5,0.1,0.99,10.0,256,20,0,128,128,2.3906608591918124,1.7134702190577804,5.025620809507624,6.196181358934003,0.0,0.0,1.0,300.0
mppi_coast,random,300.0,1800.0,0.1,0.075,5.0,inf,10.0,10.0,10,100.0,inf,full,both,inf,180.0,0.01,0.0,0.0,256,20,3,0.5,0.1,0.99,10.0,256,20,0,128,128,2.3906608591918124,1.7134702190577804,5.025620809507624,6.196181358934003,0.0,0.0,1.0,300.0
mppi_coast,random,300.0,1800.0,0.1,0.09,5.0,1.25,10.0,10.0,10,100.0,inf,full,both,inf,180.0,0.01,0.0,0.0,256,20,3,0.5,0.1,0.99,10.0,256,20,0,128,128,2.426638116551764,1.25,3.2390196023546385,5.0469866578201605,0.0,0.0,1.0,300.0
mppi_coast,random,300.0,1800.0,0.1,0.09,5.0,2.5,10.0,10.0,10,100.0,inf,full,both,inf,180.0,0.01,0.0,0.0,256,20,3,0.5,0.1,0.99,10.0,256,20,0,128,128,2.420762656846576,2.0713290671798275,5.149614602160613,6.663288508767986,0.0,0.0,1.0,305.0
mppi_coast,random,300.0,1800.0,0.1,0.09,5.0,3.75,10.0,10.0,10,100.0,inf,full,both,inf,180.0,0.01,0.0,0.0,256,20,3,0.5,0.1,0.99,10.0,256,20,0,128,128,2.420836708041988,2.0739789020931783,5.152032523443217,6.668327610312709,0.0,0.0,1.0,305.0
mppi_coast,random,300.0,1800.0,0.1,0.09,5.0,4.5,10.0,10.0,10,100.0,inf,full,both,inf,180.0,0.01,0.0,0.0,256,20,3,0.5,0.1,0.99,10.0,256,20,0,128,128,2.420836708041988,2.0739789020931783,5.152032523443217,6.668327610312709,0.0,0.0,1.0,305.0
mppi_coast,random,300.0,1800.0,0.1,0.09,5.0,5.0,10.0,10.0,10,100.0,inf,full,both,inf,180.0,0.01,0.0,0.0,256,20,3,0.5,0.1,0.99,10.0,256,20,0,128,128,2.420836708041988,2.0739789020931783,5.152032523443217,6.668327610312709,0.0,0.0,1.0,305.0
mppi_coast,random,300.0,1800.0,0.1,0.09,5.0,5.5,10.0,10.0,10,100.0,inf,full,both,inf,180.0,0.01,0.0,0.0,256,20,3,0.5,0.1,0.99,10.0,256,20,0,128,128,2.420836708041988,2.0739789020931783,5.152032523443217,6.668327610312709,0.0,0.0,1.0,305.0
mppi_coast,random,300.0,1800.0,0.1,0.09,5.0,6.25,10.0,10.0,10,100.0,inf,full,both,inf,180.0,0.01,0.0,0.0,256,20,3,0.5,0.1,0.99,10.0,256,20,0,128,128,2.420836708041988,2.0739789020931783,5.152032523443217,6.668327610312709,0.0,0.0,1.0,305.0
mppi_coast,random,300.0,1800.0,0.1,0.09,5.0,7.5,10.0,10.0,10,100.0,inf,full,both,inf,180.0,0.01,0.0,0.0,256,20,3,0.5,0.1,0.99,10.0,256,20,0,128,128,2.420836708041988,2.0739789020931783,5.152032523443217,6.668327610312709,0.0,0.0,1.0,305.0
mppi_coast,random,300.0,1800.0,0.1,0.09,5.0,10.0,10.0,10.0,10,100.0,inf,full,both,inf,180.0,0.01,0.0,0.0,256,20,3,0.5,0.1,0.99,10.0,256,20,0,128,128,2.420836708041988,2.0739789020931783,5.152032523443217,6.668327610312709,0.0,0.0,1.0,305.0
mppi_coast,random,300.0,1800.0,0.1,0.09,5.0,inf,10.0,10.0,10,100.0,inf,full,both,inf,180.0,0.01,0.0,0.0,256,20,3,0.5,0.1,0.99,10.0,256,20,0,128,128,2.420836708041988,2.0739789020931783,5.152032523443217,6.668327610312709,0.0,0.0,1.0,305.0
mppi_coast,random,300.0,1800.0,0.1,0.1,5.0,1.25,10.0,10.0,10,100.0,inf,full,both,inf,180.0,0.01,0.0,0.0,256,20,3,0.5,0.1,0.99,10.0,256,20,0,128,128,2.4068547166043426,1.25,3.515196446191831,5.255839858192054,0.0,0.0,1.0,300.0
mppi_coast,random,300.0,1800.0,0.1,0.1,5.0,2.5,10.0,10.0,10,100.0,inf,full,both,inf,180.0,0.01,0.0,0.0,256,20,3,0.5,0.1,0.99,10.0,256,20,0,128,128,2.4270297323950007,2.2696765007171398,5.09479614878951,6.9606885742599935,0.0,0.0,1.0,300.0
mppi_coast,random,300.0,1800.0,0.1,0.1,5.0,3.75,10.0,10.0,10,100.0,inf,full,both,inf,180.0,0.01,0.0,0.0,256,20,3,0.5,0.1,0.99,10.0,256,20,0,128,128,2.425803679077979,2.303826273474388,5.128825621700659,6.942314314698203,0.0,0.0,1.0,300.0
mppi_coast,random,300.0,1800.0,0.1,0.1,5.0,4.5,10.0,10.0,10,100.0,inf,full,both,inf,180.0,0.01,0.0,0.0,256,20,3,0.5,0.1,0.99,10.0,256,20,0,128,128,2.425803679077979,2.303826273474388,5.128825621700659,6.942314314698203,0.0,0.0,1.0,300.0
mppi_coast,random,300.0,1800.0,0.1,0.1,5.0,5.0,10.0,10.0,10,100.0,inf,full,both,inf,180.0,0.01,0.0,0.0,256,20,3,0.5,0.1,0.99,10.0,256,20,0,128,128,2.425803679077979,2.303826273474388,5.128825621700659,6.942314314698203,0.0,0.0,1.0,300.0
mppi_coast,random,300.0,1800.0,0.1,0.1,5.0,5.5,10.0,10.0,10,100.0,inf,full,both,inf,180.0,0.01,0.0,0.0,256,20,3,0.5,0.1,0.99,10.0,256,20,0,128,128,2.425803679077979,2.303826273474388,5.128825621700659,6.942314314698203,0.0,0.0,1.0,300.0
mppi_coast,random,300.0,1800.0,0.1,0.1,5.0,6.25,10.0,10.0,10,100.0,inf,full,both,inf,180.0,0.01,0.0,0.0,256,20,3,0.5,0.1,0.99,10.0,256,20,0,128,128,2.425803679077979,2.303826273474388,5.128825621700659,6.942314314698203,0.0,0.0,1.0,300.0
mppi_coast,random,300.0,1800.0,0.1,0.1,5.0,7.5,10.0,10.0,10,100.0,inf,full,both,inf,180.0,0.01,0.0,0.0,256,20,3,0.5,0.1,0.99,10.0,256,20,0,128,128,2.425803679077979,2.303826273474388,5.128825621700659,6.942314314698203,0.0,0.0,1.0,300.0
mppi_coast,random,300.0,1800.0,0.1,0.1,5.0,10.0,10.0,10.0,10,100.0,inf,full,both,inf,180.0,0.01,0.0,0.0,256,20,3,0.5,0.1,0.99,10.0,256,20,0,128,128,2.425803679077979,2.303826273474388,5.128825621700659,6.942314314698203,0.0,0.0,1.0,300.0
mppi_coast,random,300.0,1800.0,0.1,0.1,5.0,inf,10.0,10.0,10,100.0,inf,full,both,inf,180.0,0.01,0.0,0.0,256,20,3,0.5,0.1,0.99,10.0,256,20,0,128,128,2.425803679077979,2.303826273474388,5.128825621700659,6.942314314698203,0.0,0.0,1.0,300.0
mppi_coast,random,300.0,1800.0,0.1,0.11,5.0,1.25,10.0,10.0,10,100.0,inf,full,both,inf,180.0,0.01,0.0,0.0,256,20,3,0.5,0.1,0.99,10.0,256,20,0,128,128,2.4237501573874014,1.25,3.478409051773628,5.078897257533004,0.0,0.0,1.0,300.0
mppi_coast,random,300.0,1800.0,0.1,0.11,5.0,2.5,10.0,10.0,10,100.0,inf,full,both,inf,180.0,0.01,0.0,0.0,256,20,3,0.5,0.1,0.99,10.0,256,20,0,128,128,2.4989074718917257,2.416191091636678,5.21423930958265,6.8727743285341605,0.0,0.0,1.0,310.0
mppi_coast,random,300.0,1800.0,0.1,0.11,5.0,3.75,10.0,10.0,10,100.0,inf,full,both,inf,180.0,0.01,0.0,0.0,256,20,3,0.5,0.1,0.99,10.0,256,20,0,128,128,2.494819631056663,2.586447781417176,5.45785901303985,6.9574109472609535,0.0,0.0,1.0,310.0
mppi_coast,random,300.0,1800.0,0.1,0.11,5.0,4.5,10.0,10.0,10,100.0,inf,full,both,inf,180.0,0.01,0.0,0.0,256,20,3,0.5,0.1,0.99,10.0,256,20,0,128,127,2.494819631056663,2.598166531417176,5.48349504398703,10.98630134262155,0.0,0.0,0.9921875,310.0
mppi_coast,random,300.0,1800.0,0.1,0.11,5.0,5.0,10.0,10.0,10,100.0,inf,full,both,inf,180.0,0.01,0.0,0.0,256,20,3,0.5,0.1,0.99,10.0,256,20,0,128,126,2.494819631056663,2.605979031417176,5.491662196418049,16.01096382812857,0.0,0.0,0.984375,310.0
mppi_coast,random,300.0,1800.0,0.1,0.11,5.0,5.5,10.0,10.0,10,100.0,inf,full,both,inf,180.0,0.01,0.0,0.0,256,20,3,0.5,0.1,0.99,10.0,256,20,0,128,126,2.494819631056663,2.613791531417176,5.491662196418049,16.432935702571672,0.0,0.0,0.984375,310.0
mppi_coast,random,300.0,1800.0,0.1,0.11,5.0,6.25,10.0,10.0,10,100.0,inf,full,both,inf,180.0,0.01,0.0,0.0,256,20,3,0.5,0.1,0.99,10.0,256,20,0,128,126,2.494819631056663,2.625510281417176,5.491662196418049,18.55996973095793,0.0,0.0,0.984375,310.0
mppi_coast,random,300.0,1800.0,0.1,0.11,5.0,7.5,10.0,10.0,10,100.0,inf,full,both,inf,180.0,0.01,0.0,0.0,256,20,3,0.5,0.1,0.99,10.0,256,20,0,128,126,2.494819631056663,2.645041531417176,5.491662196418049,21.824061327596773,0.0,0.0,0.984375,310.0
mppi_coast,random,300.0,1800.0,0.1,0.11,5.0,10.0,10.0,10.0,10,100.0,inf,full,both,inf,180.0,0.01,0.0,0.0,256,20,3,0.5,0.1,0.99,10.0,256,20,0,128,126,2.494819631056663,2.684104031417176,5.491662196418049,20.65586490366364,0.0,0.0,0.984375,310.0
mppi_coast,random,300.0,1800.0,0.1,0.11,5.0,inf,10.0,10.0,10,100.0,inf,full,both,inf,180.0,0.01,0.0,0.0,256,20,3,0.5,0.1,0.99,10.0,256,20,0,128,126,2.494819631056663,2.752455345016444,5.491662196418049,23.375555737387156,0.0,0.0,0.984375,310.0
mppi_coast,random,300.0,1800.0,0.1,0.125,5.0,1.25,10.0,10.0,10,100.0,inf,full,both,inf,180.0,0.01,0.0,0.0,256,20,3,0.5,0.1,0.99,10.0,256,20,0,128,128,2.408311535320607,1.25,3.518255000493255,4.9524151575714646,0.0,0.0,1.0,300.0
mppi_coast,random,300.0,1800.0,0.1,0.125,5.0,2.5,10.0,10.0,10,100.0,inf,full,both,inf,180.0,0.01,0.0,0.0,256,20,3,0.5,0.1,0.99,10.0,256,20,0,128,128,2.492377612585788,2.491265709734278,4.899482688808828,6.422047619530924,0.0,0.0,1.0,310.0
mppi_coast,random,300.0,1800.0,0.1,0.125,5.0,3.75,10.0,10.0,10,100.0,inf,full,both,inf,180.0,0.01,0.0,0.0,256,20,3,0.5,0.1,0.99,10.0,256,20,0,128,127,2.535206730757151,2.9329944724961323,5.583469037416182,7.290556012033225,0.0,0.0,0.9921875,310.0
mppi_coast,random,300.0,1800.0,0.1,0.125,5.0,4.5,10.0,10.0,10,100.0,inf,full,both,inf,180.0,0.01,0.0,0.0,256,20,3,0.5,0.1,0.99,10.0,256,20,0,128,128,2.535206730757151,2.951562695132936,5.542297290929708,6.944978473069497,0.0,0.0,1.0,310.0
mppi_coast,random,300.0,1800.0,0.1,0.125,5.0,5.0,10.0,10.0,10,100.0,inf,full,both,inf,180.0,0.01,0.0,0.0,256,20,3,0.5,0.1,0.99,10.0,256,20,0,128,127,2.535206730757151,2.963281445132936,5.597359358996021,9.65706868659226,0.0,0.0,0.9921875,310.0
mppi_coast,random,300.0,1800.0,0.1,0.125,5.0,5.5,10.0,10.0,10,100.0,inf,full,both,inf,180.0,0.01,0.0,0.0,256,20,3,0.5,0.1,0.99,10.0,256,20,0,128,125,2.535206730757151,2.975000195132936,5.692480212808382,21.69251874548669,0.0,0.0,0.9765625,310.0
mppi_coast,random,300.0,1800.0,0.1,0.125,5.0,6.25,10.0,10.0,10,100.0,inf,full,both,inf,180.0,0.01,0.0,0.0,256,20,3,0.5,0.1,0.99,10.0,256,20,0,128,125,2.535206730757151,2.992578320132936,5.692480212808382,21.708140683913605,0.0,0.0,0.9765625,310.0
mppi_coast,random,300.0,1800.0,0.1,0.125,5.0,7.5,10.0,10.0,10,100.0,inf,full,both,inf,180.0,0.01,0.0,0.0,256,20,3,0.5,0.1,0.99,10.0,256,20,0,128,125,2.535206730757151,3.021875195132936,5.692480212808382,26.32011237030824,0.0,0.0,0.9765625,310.0
mppi_coast,random,300.0,1800.0,0.1,0.125,5.0,10.0,10.0,10.0,10,100.0,inf,full,both,inf,180.0,0.01,0.0,0.0,256,20,3,0.5,0.1,0.99,10.0,256,20,0,128,125,2.535206730757151,3.080468945132936,5.692480212808382,31.41730899840116,0.0,0.0,0.9765625,310.0
mppi_coast,random,300.0,1800.0,0.1,0.125,5.0,inf,10.0,10.0,10,100.0,inf,full,both,inf,180.0,0.01,0.0,0.0,256,20,3,0.5,0.1,0.99,10.0,256,20,0,128,125,2.535206730757151,3.230790072393262,5.692480212808382,31.88327866616817,0.0,0.0,0.9765625,310.0
mppi_coast,random,300.0,1800.0,0.1,0.15,5.0,1.25,10.0,10.0,10,100.0,inf,full,both,inf,180.0,0.01,0.0,0.0,256,20,3,0.5,0.1,0.99,10.0,256,20,0,128,128,2.439293926621453,1.25,3.571450493611485,5.253737057603584,0.0,0.0,1.0,300.0
mppi_coast,random,300.0,1800.0,0.1,0.15,5.0,2.5,10.0,10.0,10,100.0,inf,full,both,inf,180.0,0.01,0.0,0.0,256,20,3,0.5,0.1,0.99,10.0,256,20,0,128,128,2.5510465199504755,2.5,4.000684131196654,5.677852678639148,0.0,0.0,1.0,310.0
mppi_coast,random,300.0,1800.0,0.1,0.15,5.0,3.75,10.0,10.0,10,100.0,inf,full,both,inf,180.0,0.01,0.0,0.0,256,20,3,0.5,0.1,0.99,10.0,256,20,0,128,128,2.802009481767561,3.484705269294432,5.452736256445411,6.614241125921161,0.0,0.0,1.0,320.0
mppi_coast,random,300.0,1800.0,0.1,0.15,5.0,4.5,10.0,10.0,10,100.0,inf,full,both,inf,180.0,0.01,0.0,0.0,256,20,3,0.5,0.1,0.99,10.0,256,20,0,128,127,2.8175624357197786,3.692645150097455,6.187293430403345,7.895786358426375,0.0,0.0,0.9921875,320.0
mppi_coast,random,300.0,1800.0,0.1,0.15,5.0,5.0,10.0,10.0,10,100.0,inf,full,both,inf,180.0,0.01,0.0,0.0,256,20,3,0.5,0.1,0.99,10.0,256,20,0,128,128,2.818700107395914,3.762148306653237,6.128690797440592,7.120842542863414,0.0,0.0,1.0,320.0
mppi_coast,random,300.0,1800.0,0.1,0.15,5.0,5.5,10.0,10.0,10,100.0,inf,full,both,inf,180.0,0.01,0.0,0.0,256,20,3,0.5,0.1,0.99,10.0,256,20,0,128,128,2.818700107395914,3.805117056653237,6.101452433712607,7.09360417913543,0.0,0.0,1.0,320.0
mppi_coast,random,300.0,1800.0,0.1,0.15,5.0,6.25,10.0,10.0,10,100.0,inf,full,both,inf,180.0,0.01,0.0,0.0,256,20,3,0.5,0.1,0.99,10.0,256,20,0,128,120,2.818700107395914,3.869570181653237,6.532609865600981,27.221426680821963,0.0,0.0,0.9375,320.0
mppi_coast,random,300.0,1800.0,0.1,0.15,5.0,7.5,10.0,10.0,10,100.0,inf,full,both,inf,180.0,0.01,0.0,0.0,256,20,3,0.5,0.1,0.99,10.0,256,20,0,128,117,2.818700107395914,3.976992056653237,6.806636205920226,52.03489648207448,0.0,0.0,0.9140625,320.0
mppi_coast,random,300.0,1800.0,0.1,0.15,5.0,10.0,10.0,10.0,10,100.0,inf,full,both,inf,180.0,0.01,0.0,0.0,256,20,3,0.5,0.1,0.99,10.0,256,20,0,128,117,2.818700107395914,4.191835806653238,6.806636205920226,61.71680545113949,0.0,0.0,0.9140625,320.0
mppi_coast,random,300.0,1800.0,0.1,0.15,5.0,inf,10.0,10.0,10,100.0,inf,full,both,inf,180.0,0.01,0.0,0.0,256,20,3,0.5,0.1,0.99,10.0,256,20,0,128,117,2.818700107395914,5.061735086898243,6.806636205920226,77.45394279109276,0.0,0.0,0.9140625,320.0
mppi_coast,random,300.0,1800.0,0.1,0.2,5.0,1.25,10.0,10.0,10,100.0,inf,full,both,inf,180.0,0.01,0.0,0.0,256,20,3,0.5,0.1,0.99,10.0,256,20,0,128,128,2.451717434272701,1.25,3.609014788018123,5.306095470620609,0.0,0.0,1.0,300.0
mppi_coast,random,300.0,1800.0,0.1,0.2,5.0,2.5,10.0,10.0,10,100.0,inf,full,both,inf,180.0,0.01,0.0,0.0,256,20,3,0.5,0.1,0.99,10.0,256,20,0,128,128,2.6275053680776885,2.5,3.686961014537521,5.22992999964479,0.0,0.0,1.0,320.0
mppi_coast,random,300.0,1800.0,0.1,0.2,5.0,3.75,10.0,10.0,10,100.0,inf,full,both,inf,180.0,0.01,0.0,0.0,256,20,3,0.5,0.1,0.99,10.0,256,20,0,128,128,2.884558507756977,3.744045867623495,5.417830051859362,6.342939572129915,0.0,0.0,1.0,330.0
mppi_coast,random,300.0,1800.0,0.1,0.2,5.0,4.5,10.0,10.0,10,100.0,inf,full,both,inf,180.0,0.01,0.0,0.0,256,20,3,0.5,0.1,0.99,10.0,256,20,0,128,127,3.158013138866292,4.396210370500072,6.236369452511817,7.416394032468835,0.0,0.0,0.9921875,360.0
mppi_coast,random,300.0,1800.0,0.1,0.2,5.0,5.0,10.0,10.0,10,100.0,inf,full,both,inf,180.0,0.01,0.0,0.0,256,20,3,0.5,0.1,0.99,10.0,256,20,0,128,126,3.217848354225377,4.745428242144673,6.967082289173215,10.522953840875392,0.0,0.0,0.984375,360.0
mppi_coast,random,300.0,1800.0,0.1,0.2,5.0,5.5,10.0,10.0,10,100.0,inf,full,both,inf,180.0,0.01,0.0,0.0,256,20,3,0.5,0.1,0.99,10.0,256,20,0,128,125,3.3370060999427644,5.026692962392318,6.978849567508326,23.959004310159468,0.0,0.0,0.9765625,360.0
mppi_coast,random,300.0,1800.0,0.1,0.2,5.0,6.25,10.0,10.0,10,100.0,inf,full,both,inf,180.0,0.01,0.0,0.0,256,20,3,0.5,0.1,0.99,10.0,256,20,0,128,123,3.3307922772213137,5.3677489686402335,7.459833269937564,26.730226249279056,0.0,0.0,0.9609375,360.0
mppi_coast,random,300.0,1800.0,0.1,0.2,5.0,7.5,10.0,10.0,10,100.0,inf,full,both,inf,180.0,0.01,0.0,0.0,256,20,3,0.5,0.1,0.99,10.0,256,20,0,128,117,3.340967151472418,5.732998703235522,8.021017374286807,43.201189820486015,0.0,0.0,0.9140625,360.0
mppi_coast,random,300.0,1800.0,0.1,0.2,5.0,10.0,10.0,10.0,10,100.0,inf,full,both,inf,180.0,0.01,0.0,0.0,256,20,3,0.5,0.1,0.99,10.0,256,20,0,128,101,3.34435881286132,6.273514006526368,9.371506922397502,166.06494786548984,0.0,0.0,0.7890625,330.0
mppi_coast,random,300.0,1800.0,0.1,0.2,5.0,inf,10.0,10.0,10,100.0,inf,full,both,inf,180.0,0.01,0.0,0.0,256,20,3,0.5,0.1,0.99,10.0,256,20,0,128,101,3.34435881286132,9.841702687754031,9.315348447891752,276.87257686286324,0.0,0.0,0.7890625,330.0
mppi_coast,transverse,300.0,1800.0,0.1,0.025,5.0,1.25,10.0,10.0,10,100.0,inf,full,both,inf,180.0,0.01,0.0,0.0,256,20,3,0.5,0.1,0.99,10.0,256,20,0,128,128,2.357130214009217,0.7458984375000003,5.928923507096872,7.486229178625784,0.0,0.0,1.0,295.0
mppi_coast,transverse,300.0,1800.0,0.1,0.025,5.0,2.5,10.0,10.0,10,100.0,inf,full,both,inf,180.0,0.01,0.0,0.0,256,20,3,0.5,0.1,0.99,10.0,256,20,0,128,128,2.357130214009217,0.7458984375000003,5.928923507096872,7.486229178625784,0.0,0.0,1.0,295.0
mppi_coast,transverse,300.0,1800.0,0.1,0.025,5.0,3.75,10.0,10.0,10,100.0,inf,full,both,inf,180.0,0.01,0.0,0.0,256,20,3,0.5,0.1,0.99,10.0,256,20,0,128,128,2.357130214009217,0.7458984375000003,5.928923507096872,7.486229178625784,0.0,0.0,1.0,295.0
mppi_coast,transverse,300.0,1800.0,0.1,0.025,5.0,4.5,10.0,10.0,10,100.0,inf,full,both,inf,180.0,0.01,0.0,0.0,256,20,3,0.5,0.1,0.99,10.0,256,20,0,128,128,2.357130214009217,0.7458984375000003,5.928923507096872,7.486229178625784,0.0,0.0,1.0,295.0
mppi_coast,transverse,300.0,1800.0,0.1,0.025,5.0,5.0,10.0,10.0,10,100.0,inf,full,both,inf,180.0,0.01,0.0,0.0,256,20,3,0.5,0.1,0.99,10.0,256,20,0,128,128,2.357130214009217,0.7458984375000003,5.928923507096872,7.486229178625784,0.0,0.0,1.0,295.0
mppi_coast,transverse,300.0,1800.0,0.1,0.025,5.0,5.5,10.0,10.0,10,100.0,inf,full,both,inf,180.0,0.01,0.0,0.0,256,20,3,0.5,0.1,0.99,10.0,256,20,0,128,128,2.357130214009217,0.7458984375000003,5.928923507096872,7.486229178625784,0.0,0.0,1.0,295.0
mppi_coast,transverse,300.0,1800.0,0.1,0.025,5.0,6.25,10.0,10.0,10,100.0,inf,full,both,inf,180.0,0.01,0.0,0.0,256,20,3,0.5,0.1,0.99,10.0,256,20,0,128,128,2.357130214009217,0.7458984375000003,5.928923507096872,7.486229178625784,0.0,0.0,1.0,295.0
mppi_coast,transverse,300.0,1800.0,0.1,0.025,5.0,7.5,10.0,10.0,10,100.0,inf,full,both,inf,180.0,0.01,0.0,0.0,256,20,3,0.5,0.1,0.99,10.0,256,20,0,128,128,2.357130214009217,0.7458984375000003,5.928923507096872,7.486229178625784,0.0,0.0,1.0,295.0
mppi_coast,transverse,300.0,1800.0,0.1,0.025,5.0,10.0,10.0,10.0,10,100.0,inf,full,both,inf,180.0,0.01,0.0,0.0,256,20,3,0.5,0.1,0.99,10.0,256,20,0,128,128,2.357130214009217,0.7458984375000003,5.928923507096872,7.486229178625784,0.0,0.0,1.0,295.0
mppi_coast,transverse,300.0,1800.0,0.1,0.025,5.0,inf,10.0,10.0,10,100.0,inf,full,both,inf,180.0,0.01,0.0,0.0,256,20,3,0.5,0.1,0.99,10.0,256,20,0,128,128,2.357130214009217,0.7458984375000003,5.928923507096872,7.486229178625784,0.0,0.0,1.0,295.0
mppi_coast,transverse,300.0,1800.0,0.1,0.05,5.0,1.25,10.0,10.0,10,100.0,inf,full,both,inf,180.0,0.01,0.0,0.0,256,20,3,0.5,0.1,0.99,10.0,256,20,0,128,128,2.9252853480306573,1.25,7.250239887986942,7.590417859600739,0.0,0.0,1.0,330.0
mppi_coast,transverse,300.0,1800.0,0.1,0.05,5.0,2.5,10.0,10.0,10,100.0,inf,full,both,inf,180.0,0.01,0.0,0.0,256,20,3,0.5,0.1,0.99,10.0,256,20,0,128,100,4.927818716796204,2.4734375,11.677851350942996,48.241160513466994,0.0,0.0,0.78125,830.0
mppi_coast,transverse,300.0,1800.0,0.1,0.05,5.0,3.75,10.0,10.0,10,100.0,inf,full,both,inf,180.0,0.01,0.0,0.0,256,20,3,0.5,0.1,0.99,10.0,256,20,0,128,4,4.927818716796204,3.684375,25.56927244293265,1471.024181485042,0.0,0.0,0.03125,315.0
mppi_coast,transverse,300.0,1800.0,0.1,0.05,5.0,4.5,10.0,10.0,10,100.0,inf,full,both,inf,180.0,0.01,0.0,0.0,256,20,3,0.5,0.1,0.99,10.0,256,20,0,128,4,4.927818716796204,4.4109375,25.56927244293265,1910.2906235848,0.0,0.0,0.03125,315.0
mppi_coast,transverse,300.0,1800.0,0.1,0.05,5.0,5.0,10.0,10.0,10,100.0,inf,full,both,inf,180.0,0.01,0.0,0.0,256,20,3,0.5,0.1,0.99,10.0,256,20,0,128,4,4.927818716796204,4.8953125,25.56927244293265,2107.002591625434,0.0,0.0,0.03125,315.0
mppi_coast,transverse,300.0,1800.0,0.1,0.05,5.0,5.5,10.0,10.0,10,100.0,inf,full,both,inf,180.0,0.01,0.0,0.0,256,20,3,0.5,0.1,0.99,10.0,256,20,0,128,4,4.927818716796204,5.3796875,25.56927244293265,2257.0964900594613,0.0,0.0,0.03125,315.0
mppi_coast,transverse,300.0,1800.0,0.1,0.05,5.0,6.25,10.0,10.0,10,100.0,inf,full,both,inf,180.0,0.01,0.0,0.0,256,20,3,0.5,0.1,0.99,10.0,256,20,0,128,4,4.927818716796204,6.10625,25.56927244293265,2416.387150779624,0.0,0.0,0.03125,315.0
mppi_coast,transverse,300.0,1800.0,0.1,0.05,5.0,7.5,10.0,10.0,10,100.0,inf,full,both,inf,180.0,0.01,0.0,0.0,256,20,3,0.5,0.1,0.99,10.0,256,20,0,128,4,4.927818716796204,7.3171875,25.56927244293265,2551.6873740006804,0.0,0.0,0.03125,315.0
mppi_coast,transverse,300.0,1800.0,0.1,0.05,5.0,10.0,10.0,10.0,10,100.0,inf,full,both,inf,180.0,0.01,0.0,0.0,256,20,3,0.5,0.1,0.99,10.0,256,20,0,128,4,4.927818716796204,8.770312499999994,25.56927244293265,2582.3864178640383,0.0,0.0,0.03125,315.0
mppi_coast,transverse,300.0,1800.0,0.1,0.05,5.0,inf,10.0,10.0,10,100.0,inf,full,both,inf,180.0,0.01,0.0,0.0,256,20,3,0.5,0.1,0.99,10.0,256,20,0,128,4,4.927818716796204,8.770312499999994,25.56927244293265,2582.3864178640383,0.0,0.0,0.03125,315.0
mppi_coast,transverse,300.0,1800.0,0.1,0.075,5.0,1.25,10.0,10.0,10,100.0,inf,full,both,inf,180.0,0.01,0.0,0.0,256,20,3,0.5,0.1,0.99,10.0,256,20,0,128,128,2.894308396613964,1.25,4.416126339991326,4.991819456398496,0.0,0.0,1.0,340.0
mppi_coast,transverse,300.0,1800.0,0.1,0.075,5.0,2.5,10.0,10.0,10,100.0,inf,full,both,inf,180.0,0.01,0.0,0.0,256,20,3,0.5,0.1,0.99,10.0,256,20,0,128,128,4.944830157733245,2.5,6.003194527529822,6.003194527529827,0.0,0.0,1.0,610.0
mppi_coast,transverse,300.0,1800.0,0.1,0.075,5.0,3.75,10.0,10.0,10,100.0,inf,full,both,inf,180.0,0.01,0.0,0.0,256,20,3,0.5,0.1,0.99,10.0,256,20,0,128,1,5.0,3.75,104.91824033801424,804.5408835638681,0.0,0.0,0.0078125,900.0
mppi_coast,transverse,300.0,1800.0,0.1,0.075,5.0,4.5,10.0,10.0,10,100.0,inf,full,both,inf,180.0,0.01,0.0,0.0,256,20,3,0.5,0.1,0.99,10.0,256,20,0,128,0,5.0,4.5,105.27962808548266,1806.8859477652816,0.0,0.0,0.0,
mppi_coast,transverse,300.0,1800.0,0.1,0.075,5.0,5.0,10.0,10.0,10,100.0,inf,full,both,inf,180.0,0.01,0.0,0.0,256,20,3,0.5,0.1,0.99,10.0,256,20,0,128,0,5.0,5.0,105.27962808548266,2336.2524509955183,0.0,0.0,0.0,
mppi_coast,transverse,300.0,1800.0,0.1,0.075,5.0,5.5,10.0,10.0,10,100.0,inf,full,both,inf,180.0,0.01,0.0,0.0,256,20,3,0.5,0.1,0.99,10.0,256,20,0,128,0,5.0,5.5,105.27962808548266,2741.165792549701,0.0,0.0,0.0,
mppi_coast,transverse,300.0,1800.0,0.1,0.075,5.0,6.25,10.0,10.0,10,100.0,inf,full,both,inf,180.0,0.01,0.0,0.0,256,20,3,0.5,0.1,0.99,10.0,256,20,0,128,0,5.0,6.25,105.27962808548266,3194.054068332536,0.0,0.0,0.0,
mppi_coast,transverse,300.0,1800.0,0.1,0.075,5.0,7.5,10.0,10.0,10,100.0,inf,full,both,inf,180.0,0.01,0.0,0.0,256,20,3,0.5,0.1,0.99,10.0,256,20,0,128,0,5.0,7.5,105.27962808548266,3728.553571366776,0.0,0.0,0.0,
mppi_coast,transverse,300.0,1800.0,0.1,0.075,5.0,10.0,10.0,10.0,10,100.0,inf,full,both,inf,180.0,0.01,0.0,0.0,256,20,3,0.5,0.1,0.99,10.0,256,20,0,128,0,5.0,10.0,105.27962808548266,4311.882327657048,0.0,0.0,0.0,
mppi_coast,transverse,300.0,1800.0,0.1,0.075,5.0,inf,10.0,10.0,10,100.0,inf,full,both,inf,180.0,0.01,0.0,0.0,256,20,3,0.5,0.1,0.99,10.0,256,20,0,128,0,5.0,13.49999999999996,105.27962808548266,4477.999328657211,0.0,0.0,0.0,
mppi_coast,transverse,300.0,1800.0,0.1,0.09,5.0,1.25,10.0,10.0,10,100.0,inf,full,both,inf,180.0,0.01,0.0,0.0,256,20,3,0.5,0.1,0.99,10.0,256,20,0,128,128,2.937620038495376,1.25,3.664854164553143,4.707182114355985,0.0,0.0,1.0,350.0
mppi_coast,transverse,300.0,1800.0,0.1,0.09,5.0,2.5,10.0,10.0,10,100.0,inf,full,both,inf,180.0,0.01,0.0,0.0,256,20,3,0.5,0.1,0.99,10.0,256,20,0,128,128,4.90103094416831,2.5,5.113931381316812,5.215557741816791,0.0,0.0,1.0,600.0
mppi_coast,transverse,300.0,1800.0,0.1,0.09,5.0,3.75,10.0,10.0,10,100.0,inf,full,both,inf,180.0,0.01,0.0,0.0,256,20,3,0.5,0.1,0.99,10.0,256,20,0,128,4,5.0,3.75,147.50244027842336,571.3223350257817,0.0,0.0,0.03125,855.0
mppi_coast,transverse,300.0,1800.0,0.1,0.09,5.0,4.5,10.0,10.0,10,100.0,inf,full,both,inf,180.0,0.01,0.0,0.0,256,20,3,0.5,0.1,0.99,10.0,256,20,0,128,0,5.0,4.5,153.34383523787483,1612.2924762127343,0.0,0.0,0.0,
mppi_coast,transverse,300.0,1800.0,0.1,0.09,5.0,5.0,10.0,10.0,10,100.0,inf,full,both,inf,180.0,0.01,0.0,0.0,256,20,3,0.5,0.1,0.99,10.0,256,20,0,128,0,5.0,5.0,153.3439395234333,2273.21684437724,0.0,0.0,0.0,
mppi_coast,transverse,300.0,1800.0,0.1,0.09,5.0,5.5,10.0,10.0,10,100.0,inf,full,both,inf,180.0,0.01,0.0,0.0,256,20,3,0.5,0.1,0.99,10.0,256,20,0,128,0,5.0,5.5,153.3439395234333,2844.3945198053284,0.0,0.0,0.0,
mppi_coast,transverse,300.0,1800.0,0.1,0.09,5.0,6.25,10.0,10.0,10,100.0,inf,full,both,inf,180.0,0.01,0.0,0.0,256,20,3,0.5,0.1,0.99,10.0,256,20,0,128,0,5.0,6.25,153.3439395234333,3504.1728471618585,0.0,0.0,0.0,
mppi_coast,transverse,300.0,1800.0,0.1,0.09,5.0,7.5,10.0,10.0,10,100.0,inf,full,both,inf,180.0,0.01,0.0,0.0,256,20,3,0.5,0.1,0.99,10.0,256,20,0,128,0,5.0,7.5,153.3439395234333,4250.505420106715,0.0,0.0,0.0,
mppi_coast,transverse,300.0,1800.0,0.1,0.09,5.0,10.0,10.0,10.0,10,100.0,inf,full,both,inf,180.0,0.01,0.0,0.0,256,20,3,0.5,0.1,0.99,10.0,256,20,0,128,0,5.0,10.0,153.3439395234333,5147.716150363199,0.0,0.0,0.0,
mppi_coast,transverse,300.0,1800.0,0.1,0.09,5.0,inf,10.0,10.0,10,100.0,inf,full,both,inf,180.0,0.01,0.0,0.0,256,20,3,0.5,0.1,0.99,10.0,256,20,0,128,0,5.0,16.19999999999998,153.3439395234333,5726.801760116772,0.0,0.0,0.0,
mppi_coast,transverse,300.0,1800.0,0.1,0.1,5.0,1.25,10.0,10.0,10,100.0,inf,full,both,inf,180.0,0.01,0.0,0.0,256,20,3,0.5,0.1,0.99,10.0,256,20,0,128,128,2.989657133193559,1.25,3.491292604750316,4.424124218770385,0.0,0.0,1.0,350.0
mppi_coast,transverse,300.0,1800.0,0.1,0.1,5.0,2.5,10.0,10.0,10,100.0,inf,full,both,inf,180.0,0.01,0.0,0.0,256,20,3,0.5,0.1,0.99,10.0,256,20,0,128,128,4.914472196292559,2.5,4.115026062326828,4.324196524985581,0.0,0.0,1.0,590.0
mppi_coast,transverse,300.0,1800.0,0.1,0.1,5.0,3.75,10.0,10.0,10,100.0,inf,full,both,inf,180.0,0.01,0.0,0.0,256,20,3,0.5,0.1,0.99,10.0,256,20,0,128,6,5.0,3.75,164.20881531332034,481.7340064733935,0.0,0.0,0.046875,825.0
mppi_coast,transverse,300.0,1800.0,0.1,0.1,5.0,4.5,10.0,10.0,10,100.0,inf,full,both,inf,180.0,0.01,0.0,0.0,256,20,3,0.5,0.1,0.99,10.0,256,20,0,128,0,5.0,4.5,181.28127036840613,1499.3040312075536,0.0,0.0,0.0,
mppi_coast,transverse,300.0,1800.0,0.1,0.1,5.0,5.0,10.0,10.0,10,100.0,inf,full,both,inf,180.0,0.01,0.0,0.0,256,20,3,0.5,0.1,0.99,10.0,256,20,0,128,0,5.0,5.0,181.31793480312484,2185.723490775272,0.0,0.0,0.0,
mppi_coast,transverse,300.0,1800.0,0.1,0.1,5.0,5.5,10.0,10.0,10,100.0,inf,full,both,inf,180.0,0.01,0.0,0.0,256,20,3,0.5,0.1,0.99,10.0,256,20,0,128,0,5.0,5.5,181.31793480312484,2834.8302756770613,0.0,0.0,0.0,
mppi_coast,transverse,300.0,1800.0,0.1,0.1,5.0,6.25,10.0,10.0,10,100.0,inf,full,both,inf,180.0,0.01,0.0,0.0,256,20,3,0.5,0.1,0.99,10.0,256,20,0,128,0,5.0,6.25,181.31793480312484,3667.084366688068,0.0,0.0,0.0,
mppi_coast,transverse,300.0,1800.0,0.1,0.1,5.0,7.5,10.0,10.0,10,100.0,inf,full,both,inf,180.0,0.01,0.0,0.0,256,20,3,0.5,0.1,0.99,10.0,256,20,0,128,0,5.0,7.5,181.31793480312484,4647.57896145089,0.0,0.0,0.0,
mppi_coast,transverse,300.0,1800.0,0.1,0.1,5.0,10.0,10.0,10.0,10,100.0,inf,full,both,inf,180.0,0.01,0.0,0.0,256,20,3,0.5,0.1,0.99,10.0,256,20,0,128,0,5.0,10.0,181.31793480312484,5738.638268361296,0.0,0.0,0.0,
mppi_coast,transverse,300.0,1800.0,0.1,0.1,5.0,inf,10.0,10.0,10,100.0,inf,full,both,inf,180.0,0.01,0.0,0.0,256,20,3,0.5,0.1,0.99,10.0,256,20,0,128,0,5.0,17.999999999999986,181.31793480312484,6621.013813599623,0.0,0.0,0.0,
mppi_coast,transverse,300.0,1800.0,0.1,0.11,5.0,1.25,10.0,10.0,10,100.0,inf,full,both,inf,180.0,0.01,0.0,0.0,256,20,3,0.5,0.1,0.99,10.0,256,20,0,128,128,2.992370364067171,1.25,3.816979252259438,4.884732925963112,0.0,0.0,1.0,355.0
mppi_coast,transverse,300.0,1800.0,0.1,0.11,5.0,2.5,10.0,10.0,10,100.0,inf,full,both,inf,180.0,0.01,0.0,0.0,256,20,3,0.5,0.1,0.99,10.0,256,20,0,128,128,4.901979749150149,2.5,4.016530842419076,4.344906464022164,0.0,0.0,1.0,595.0
mppi_coast,transverse,300.0,1800.0,0.1,0.11,5.0,3.75,10.0,10.0,10,100.0,inf,full,both,inf,180.0,0.01,0.0,0.0,256,20,3,0.5,0.1,0.99,10.0,256,20,0,128,9,5.0,3.75,164.41229266052696,423.56359946082137,0.0,0.0,0.0703125,760.0
mppi_coast,transverse,300.0,1800.0,0.1,0.11,5.0,4.5,10.0,10.0,10,100.0,inf,full,both,inf,180.0,0.01,0.0,0.0,256,20,3,0.5,0.1,0.99,10.0,256,20,0,128,0,5.0,4.5,196.8062091594429,1400.3659728936727,0.0,0.0,0.0,
mppi_coast,transverse,300.0,1800.0,0.1,0.11,5.0,5.0,10.0,10.0,10,100.0,inf,full,both,inf,180.0,0.01,0.0,0.0,256,20,3,0.5,0.1,0.99,10.0,256,20,0,128,0,5.0,5.0,197.88009170412792,2099.3516310064515,0.0,0.0,0.0,
mppi_coast,transverse,300.0,1800.0,0.1,0.11,5.0,5.5,10.0,10.0,10,100.0,inf,full,both,inf,180.0,0.01,0.0,0.0,256,20,3,0.5,0.1,0.99,10.0,256,20,0,128,0,5.0,5.5,197.88009170412792,2763.99631956998,0.0,0.0,0.0,
mppi_coast,transverse,300.0,1800.0,0.1,0.11,5.0,6.25,10.0,10.0,10,100.0,inf,full,both,inf,180.0,0.01,0.0,0.0,256,20,3,0.5,0.1,0.99,10.0,256,20,0,128,0,5.0,6.25,197.88009170412792,3668.5863312080273,0.0,0.0,0.0,
mppi_coast,transverse,300.0,1800.0,0.1,0.11,5.0,7.5,10.0,10.0,10,100.0,inf,full,both,inf,180.0,0.01,0.0,0.0,256,20,3,0.5,0.1,0.99,10.0,256,20,0,128,0,5.0,7.5,197.88009170412792,4826.933804049332,0.0,0.0,0.0,
mppi_coast,transverse,300.0,1800.0,0.1,0.11,5.0,10.0,10.0,10.0,10,100.0,inf,full,both,inf,180.0,0.01,0.0,0.0,256,20,3,0.5,0.1,0.99,10.0,256,20,0,128,0,5.0,10.0,197.88009170412792,6179.29365385439,0.0,0.0,0.0,
mppi_coast,transverse,300.0,1800.0,0.1,0.11,5.0,inf,10.0,10.0,10,100.0,inf,full,both,inf,180.0,0.01,0.0,0.0,256,20,3,0.5,0.1,0.99,10.0,256,20,0,128,0,5.0,19.79999999999995,197.88009170412792,7495.403993567322,0.0,0.0,0.0,
mppi_coast,transverse,300.0,1800.0,0.1,0.125,5.0,1.25,10.0,10.0,10,100.0,inf,full,both,inf,180.0,0.01,0.0,0.0,256,20,3,0.5,0.1,0.99,10.0,256,20,0,128,128,2.952827935038354,1.25,3.749268255143018,4.546369842048475,0.0,0.0,1.0,350.0
mppi_coast,transverse,300.0,1800.0,0.1,0.125,5.0,2.5,10.0,10.0,10,100.0,inf,full,both,inf,180.0,0.01,0.0,0.0,256,20,3,0.5,0.1,0.99,10.0,256,20,0,128,128,4.886687491646424,2.5,3.925165334695601,4.424304932912206,0.0,0.0,1.0,590.0
mppi_coast,transverse,300.0,1800.0,0.1,0.125,5.0,3.75,10.0,10.0,10,100.0,inf,full,both,inf,180.0,0.01,0.0,0.0,256,20,3,0.5,0.1,0.99,10.0,256,20,0,128,18,5.0,3.75,147.19443934600216,345.53379158995097,0.0,0.0,0.140625,950.0
mppi_coast,transverse,300.0,1800.0,0.1,0.125,5.0,4.5,10.0,10.0,10,100.0,inf,full,both,inf,180.0,0.01,0.0,0.0,256,20,3,0.5,0.1,0.99,10.0,256,20,0,128,1,5.0,4.5,214.05065877686357,1243.371495709166,0.0,0.0,0.0078125,990.0
mppi_coast,transverse,300.0,1800.0,0.1,0.125,5.0,5.0,10.0,10.0,10,100.0,inf,full,both,inf,180.0,0.01,0.0,0.0,256,20,3,0.5,0.1,0.99,10.0,256,20,0,128,0,5.0,5.0,217.81495247596231,1957.5608762855768,0.0,0.0,0.0,
mppi_coast,transverse,300.0,1800.0,0.1,0.125,5.0,5.5,10.0,10.0,10,100.0,inf,full,both,inf,180.0,0.01,0.0,0.0,256,20,3,0.5,0.1,0.99,10.0,256,20,0,128,0,5.0,5.5,217.81495247596231,2652.5059044240547,0.0,0.0,0.0,
mppi_coast,transverse,300.0,1800.0,0.1,0.125,5.0,6.25,10.0,10.0,10,100.0,inf,full,both,inf,180.0,0.01,0.0,0.0,256,20,3,0.5,0.1,0.99,10.0,256,20,0,128,0,5.0,6.25,217.81495247596231,3631.721096410016,0.0,0.0,0.0,
mppi_coast,transverse,300.0,1800.0,0.1,0.125,5.0,7.5,10.0,10.0,10,100.0,inf,full,both,inf,180.0,0.01,0.0,0.0,256,20,3,0.5,0.1,0.99,10.0,256,20,0,128,0,5.0,7.5,217.81495247596231,5034.68049604941,0.0,0.0,0.0,
mppi_coast,transverse,300.0,1800.0,0.1,0.125,5.0,10.0,10.0,10.0,10,100.0,inf,full,both,inf,180.0,0.01,0.0,0.0,256,20,3,0.5,0.1,0.99,10.0,256,20,0,128,0,5.0,10.0,217.81495247596231,6783.138334880444,0.0,0.0,0.0,
mppi_coast,transverse,300.0,1800.0,0.1,0.125,5.0,inf,10.0,10.0,10,100.0,inf,full,both,inf,180.0,0.01,0.0,0.0,256,20,3,0.5,0.1,0.99,10.0,256,20,0,128,0,5.0,22.5,217.81495247596231,8754.89898944113,0.0,0.0,0.0,
mppi_coast,transverse,300.0,1800.0,0.1,0.15,5.0,1.25,10.0,10.0,10,100.0,inf,full,both,inf,180.0,0.01,0.0,0.0,256,20,3,0.5,0.1,0.99,10.0,256,20,0,128,128,2.9301075632367684,1.25,3.370710016734327,4.847305420531201,0.0,0.0,1.0,350.0
mppi_coast,transverse,300.0,1800.0,0.1,0.15,5.0,2.5,10.0,10.0,10,100.0,inf,full,both,inf,180.0,0.01,0.0,0.0,256,20,3,0.5,0.1,0.99,10.0,256,20,0,128,128,4.866353521264999,2.5,4.044834941494673,4.9614299133821,0.0,0.0,1.0,585.0
mppi_coast,transverse,300.0,1800.0,0.1,0.15,5.0,3.75,10.0,10.0,10,100.0,inf,full,both,inf,180.0,0.01,0.0,0.0,256,20,3,0.5,0.1,0.99,10.0,256,20,0,128,32,4.997899665199469,3.75,126.34429487446964,286.2197762981756,0.0,0.0,0.25,955.0
mppi_coast,transverse,300.0,1800.0,0.1,0.15,5.0,4.5,10.0,10.0,10,100.0,inf,full,both,inf,180.0,0.01,0.0,0.0,256,20,3,0.5,0.1,0.99,10.0,256,20,0,128,4,5.0,4.5,232.86743742573577,1105.6983020582863,0.0,0.0,0.03125,915.0
mppi_coast,transverse,300.0,1800.0,0.1,0.15,5.0,5.0,10.0,10.0,10,100.0,inf,full,both,inf,180.0,0.01,0.0,0.0,256,20,3,0.5,0.1,0.99,10.0,256,20,0,128,1,5.0,5.0,237.70021779191845,1827.5135169529287,0.0,0.0,0.0078125,1000.0
mppi_coast,transverse,300.0,1800.0,0.1,0.15,5.0,5.5,10.0,10.0,10,100.0,inf,full,both,inf,180.0,0.01,0.0,0.0,256,20,3,0.5,0.1,0.99,10.0,256,20,0,128,0,5.0,5.5,239.8385930434013,2543.8870674099394,0.0,0.0,0.0,
mppi_coast,transverse,300.0,1800.0,0.1,0.15,5.0,6.25,10.0,10.0,10,100.0,inf,full,both,inf,180.0,0.01,0.0,0.0,256,20,3,0.5,0.1,0.99,10.0,256,20,0,128,0,5.0,6.25,239.8385930434013,3565.944472570773,0.0,0.0,0.0,
mppi_coast,transverse,300.0,1800.0,0.1,0.15,5.0,7.5,10.0,10.0,10,100.0,inf,full,both,inf,180.0,0.01,0.0,0.0,256,20,3,0.5,0.1,0.99,10.0,256,20,0,128,0,5.0,7.5,239.8385930434013,5112.377620345342,0.0,0.0,0.0,
mppi_coast,transverse,300.0,1800.0,0.1,0.15,5.0,10.0,10.0,10.0,10,100.0,inf,full,both,inf,180.0,0.01,0.0,0.0,256,20,3,0.5,0.1,0.99,10.0,256,20,0,128,0,5.0,10.0,239.8385930434013,7477.051265854014,0.0,0.0,0.0,
mppi_coast,transverse,300.0,1800.0,0.1,0.15,5.0,inf,10.0,10.0,10,100.0,inf,full,both,inf,180.0,0.01,0.0,0.0,256,20,3,0.5,0.1,0.99,10.0,256,20,0,128,0,5.0,26.99999999999992,239.8385930434013,11013.07095283327,0.0,0.0,0.0,
mppi_coast,transverse,300.0,1800.0,0.1,0.2,5.0,1.25,10.0,10.0,10,100.0,inf,full,both,inf,180.0,0.01,0.0,0.0,256,20,3,0.5,0.1,0.99,10.0,256,20,0,128,128,2.910650078992892,1.25,3.4670528557220317,4.943337498914911,0.0,0.0,1.0,350.0
mppi_coast,transverse,300.0,1800.0,0.1,0.2,5.0,2.5,10.0,10.0,10,100.0,inf,full,both,inf,180.0,0.01,0.0,0.0,256,20,3,0.5,0.1,0.99,10.0,256,20,0,128,128,4.859135156368063,2.5,3.353202104936514,4.327895518174355,0.0,0.0,1.0,580.0
mppi_coast,transverse,300.0,1800.0,0.1,0.2,5.0,3.75,10.0,10.0,10,100.0,inf,full,both,inf,180.0,0.01,0.0,0.0,256,20,3,0.5,0.1,0.99,10.0,256,20,0,128,42,4.990414001708182,3.75,93.20962999848068,291.48211070468625,0.0,0.0,0.328125,970.0
mppi_coast,transverse,300.0,1800.0,0.1,0.2,5.0,4.5,10.0,10.0,10,100.0,inf,full,both,inf,180.0,0.01,0.0,0.0,256,20,3,0.5,0.1,0.99,10.0,256,20,0,128,3,5.0,4.5,255.2914398769348,1027.7638447363438,0.0,0.0,0.0234375,710.0
mppi_coast,transverse,300.0,1800.0,0.1,0.2,5.0,5.0,10.0,10.0,10,100.0,inf,full,both,inf,180.0,0.01,0.0,0.0,256,20,3,0.5,0.1,0.99,10.0,256,20,0,128,3,5.0,5.0,260.65110471439857,1784.4522864514772,0.0,0.0,0.0234375,830.0
mppi_coast,transverse,300.0,1800.0,0.1,0.2,5.0,5.5,10.0,10.0,10,100.0,inf,full,both,inf,180.0,0.01,0.0,0.0,256,20,3,0.5,0.1,0.99,10.0,256,20,0,128,1,5.0,5.5,262.695923084666,2538.951092797442,0.0,0.0,0.0078125,880.0
mppi_coast,transverse,300.0,1800.0,0.1,0.2,5.0,6.25,10.0,10.0,10,100.0,inf,full,both,inf,180.0,0.01,0.0,0.0,256,20,3,0.5,0.1,0.99,10.0,256,20,0,128,0,5.0,6.25,266.23950262852446,3603.836681912095,0.0,0.0,0.0,
mppi_coast,transverse,300.0,1800.0,0.1,0.2,5.0,7.5,10.0,10.0,10,100.0,inf,full,both,inf,180.0,0.01,0.0,0.0,256,20,3,0.5,0.1,0.99,10.0,256,20,0,128,0,5.0,7.5,266.4130746423804,5240.525136389749,0.0,0.0,0.0,
mppi_coast,transverse,300.0,1800.0,0.1,0.2,5.0,10.0,10.0,10.0,10,100.0,inf,full,both,inf,180.0,0.01,0.0,0.0,256,20,3,0.5,0.1,0.99,10.0,256,20,0,128,0,5.0,10.0,266.4130746423804,8094.6084377198595,0.0,0.0,0.0,
mppi_coast,transverse,300.0,1800.0,0.1,0.2,5.0,inf,10.0,10.0,10,100.0,inf,full,both,inf,180.0,0.01,0.0,0.0,256,20,3,0.5,0.1,0.99,10.0,256,20,0,128,0,5.0,35.99999999999997,266.4130746423804,15468.604267136658,0.0,0.0,0.0,
pd,flee,300.0,1800.0,0.1,0.025,5.0,1.25,10.0,10.0,10,100.0,inf,full,both,inf,180.0,0.01,0.0,0.0,256,20,3,0.5,0.1,0.99,10.0,256,20,0,128,128,2.1324700301452206,1.25,9.66508129541666,9.66508129541666,0.0,0.0,1.0,760.0
pd,flee,300.0,1800.0,0.1,0.025,5.0,2.5,10.0,10.0,10,100.0,inf,full,both,inf,180.0,0.01,0.0,0.0,256,20,3,0.5,0.1,0.99,10.0,256,20,0,128,128,3.2242414130322463,2.5,9.700376257953076,9.70037625795308,0.0,0.0,1.0,1210.0
pd,flee,300.0,1800.0,0.1,0.025,5.0,3.75,10.0,10.0,10,100.0,inf,full,both,inf,180.0,0.01,0.0,0.0,256,20,3,0.5,0.1,0.99,10.0,256,20,0,128,128,4.485934789732267,3.75,9.674712903781415,9.674712903781442,0.0,0.0,1.0,1700.0
pd,flee,300.0,1800.0,0.1,0.025,5.0,4.5,10.0,10.0,10,100.0,inf,full,both,inf,180.0,0.01,0.0,0.0,256,20,3,0.5,0.1,0.99,10.0,256,20,0,128,0,4.967102249130438,4.4999999999999964,25.28521120385428,33.809951080313205,0.0,0.0,0.0,
pd,flee,300.0,1800.0,0.1,0.025,5.0,5.0,10.0,10.0,10,100.0,inf,full,both,inf,180.0,0.01,0.0,0.0,256,20,3,0.5,0.1,0.99,10.0,256,20,0,128,0,4.967102249130438,4.4999999999999964,25.28521120385428,33.809951080313205,0.0,0.0,0.0,
pd,flee,300.0,1800.0,0.1,0.025,5.0,5.5,10.0,10.0,10,100.0,inf,full,both,inf,180.0,0.01,0.0,0.0,256,20,3,0.5,0.1,0.99,10.0,256,20,0,128,0,4.967102249130438,4.4999999999999964,25.28521120385428,33.809951080313205,0.0,0.0,0.0,
pd,flee,300.0,1800.0,0.1,0.025,5.0,6.25,10.0,10.0,10,100.0,inf,full,both,inf,180.0,0.01,0.0,0.0,256,20,3,0.5,0.1,0.99,10.0,256,20,0,128,0,4.967102249130438,4.4999999999999964,25.28521120385428,33.809951080313205,0.0,0.0,0.0,
pd,flee,300.0,1800.0,0.1,0.025,5.0,7.5,10.0,10.0,10,100.0,inf,full,both,inf,180.0,0.01,0.0,0.0,256,20,3,0.5,0.1,0.99,10.0,256,20,0,128,0,4.967102249130438,4.4999999999999964,25.28521120385428,33.809951080313205,0.0,0.0,0.0,
pd,flee,300.0,1800.0,0.1,0.025,5.0,10.0,10.0,10.0,10,100.0,inf,full,both,inf,180.0,0.01,0.0,0.0,256,20,3,0.5,0.1,0.99,10.0,256,20,0,128,0,4.967102249130438,4.4999999999999964,25.28521120385428,33.809951080313205,0.0,0.0,0.0,
pd,flee,300.0,1800.0,0.1,0.025,5.0,inf,10.0,10.0,10,100.0,inf,full,both,inf,180.0,0.01,0.0,0.0,256,20,3,0.5,0.1,0.99,10.0,256,20,0,128,0,4.967102249130438,4.4999999999999964,25.28521120385428,33.809951080313205,0.0,0.0,0.0,
pd,flee,300.0,1800.0,0.1,0.05,5.0,1.25,10.0,10.0,10,100.0,inf,full,both,inf,180.0,0.01,0.0,0.0,256,20,3,0.5,0.1,0.99,10.0,256,20,0,128,128,2.8735256958448754,1.25,9.666893953211044,9.666893953211051,0.0,0.0,1.0,690.0
pd,flee,300.0,1800.0,0.1,0.05,5.0,2.5,10.0,10.0,10,100.0,inf,full,both,inf,180.0,0.01,0.0,0.0,256,20,3,0.5,0.1,0.99,10.0,256,20,0,128,128,3.240949480317438,2.5,9.649482034819387,9.64948203481941,0.0,0.0,1.0,840.0
pd,flee,300.0,1800.0,0.1,0.05,5.0,3.75,10.0,10.0,10,100.0,inf,full,both,inf,180.0,0.01,0.0,0.0,256,20,3,0.5,0.1,0.99,10.0,256,20,0,128,128,4.345167172975332,3.75,9.681426163969114,9.681426163969126,0.0,0.0,1.0,1060.0
pd,flee,300.0,1800.0,0.1,0.05,5.0,4.5,10.0,10.0,10,100.0,inf,full,both,inf,180.0,0.01,0.0,0.0,256,20,3,0.5,0.1,0.99,10.0,256,20,0,128,78,4.95814564101006,4.5,19.572821567068107,49.72622272632461,0.0,0.0,0.609375,1200.0
pd,flee,300.0,1800.0,0.1,0.05,5.0,5.0,10.0,10.0,10,100.0,inf,full,both,inf,180.0,0.01,0.0,0.0,256,20,3,0.5,0.1,0.99,10.0,256,20,0,128,4,5.0,5.0,48.69516048414366,302.24603028350606,0.0,0.0,0.03125,1350.0
pd,flee,300.0,1800.0,0.1,0.05,5.0,5.5,10.0,10.0,10,100.0,inf,full,both,inf,180.0,0.01,0.0,0.0,256,20,3,0.5,0.1,0.99,10.0,256,20,0,128,0,5.0,5.5,51.44702266429461,686.3116755638222,0.0,0.0,0.0,
pd,flee,300.0,1800.0,0.1,0.05,5.0,6.25,10.0,10.0,10,100.0,inf,full,both,inf,180.0,0.01,0.0,0.0,256,20,3,0.5,0.1,0.99,10.0,256,20,0,128,0,5.0,6.25,51.44702266429461,1167.3092583170987,0.0,0.0,0.0,
pd,flee,300.0,1800.0,0.1,0.05,5.0,7.5,10.0,10.0,10,100.0,inf,full,both,inf,180.0,0.01,0.0,0.0,256,20,3,0.5,0.1,0.99,10.0,256,20,0,128,0,5.0,7.5,51.44702266429461,1708.7785900140489,0.0,0.0,0.0,
pd,flee,300.0,1800.0,0.1,0.05,5.0,10.0,10.0,10.0,10,100.0,inf,full,both,inf,180.0,0.01,0.0,0.0,256,20,3,0.5,0.1,0.99,10.0,256,20,0,128,0,5.0,8.999999999999993,51.44702266429461,1941.5880548918444,0.0,0.0,0.0,
pd,flee,300.0,1800.0,0.1,0.05,5.0,inf,10.0,10.0,10,100.0,inf,full,both,inf,180.0,0.01,0.0,0.0,256,20,3,0.5,0.1,0.99,10.0,256,20,0,128,0,5.0,8.999999999999993,51.44702266429461,1941.5880548918444,0.0,0.0,0.0,
pd,flee,300.0,1800.0,0.1,0.075,5.0,1.25,10.0,10.0,10,100.0,inf,full,both,inf,180.0,0.01,0.0,0.0,256,20,3,0.5,0.1,0.99,10.0,256,20,0,128,128,3.335487420156578,1.25,9.690758432106136,9.690758432106136,0.0,0.0,1.0,710.0
pd,flee,300.0,1800.0,0.1,0.075,5.0,2.5,10.0,10.0,10,100.0,inf,full,both,inf,180.0,0.01,0.0,0.0,256,20,3,0.5,0.1,0.99,10.0,256,20,0,128,128,4.098458545012482,2.5,9.655169853474243,9.655169853474236,0.0,0.0,1.0,790.0
pd,flee,300.0,1800.0,0.1,0.075,5.0,3.75,10.0,10.0,10,100.0,inf,full,both,inf,180.0,0.01,0.0,0.0,256,20,3,0.5,0.1,0.99,10.0,256,20,0,128,116,4.748349663388623,3.75,10.017812847662672,33.8652419397409,0.0,0.0,0.90625,900.0
pd,flee,300.0,1800.0,0.1,0.075,5.0,4.5,10.0,10.0,10,100.0,inf,full,both,inf,180.0,0.01,0.0,0.0,256,20,3,0.5,0.1,0.99,10.0,256,20,0,128,30,4.99932629127366,4.5,37.76740012288159,243.50976963240245,0.0,0.0,0.234375,930.0
pd,flee,300.0,1800.0,0.1,0.075,5.0,5.0,10.0,10.0,10,100.0,inf,full,both,inf,180.0,0.01,0.0,0.0,256,20,3,0.5,0.1,0.99,10.0,256,20,0,128,1,5.0,5.0,85.32509011571256,463.3728626964787,0.0,0.0,0.0078125,1170.0
pd,flee,300.0,1800.0,0.1,0.075,5.0,5.5,10.0,10.0,10,100.0,inf,full,both,inf,180.0,0.01,0.0,0.0,256,20,3,0.5,0.1,0.99,10.0,256,20,0,128,0,5.0,5.5,91.11753041893002,1030.0458678502644,0.0,0.0,0.0,
pd,flee,300.0,1800.0,0.1,0.075,5.0,6.25,10.0,10.0,10,100.0,inf,full,both,inf,180.0,0.01,0.0,0.0,256,20,3,0.5,0.1,0.99,10.0,256,20,0,128,0,5.0,6.25,91.11753041893002,1844.458864906848,0.0,0.0,0.0,
pd,flee,300.0,1800.0,0.1,0.075,5.0,7.5,10.0,10.0,10,100.0,inf,full,both,inf,180.0,0.01,0.0,0.0,256,20,3,0.5,0.1,0.99,10.0,256,20,0,128,0,5.0,7.5,91.11753041893002,3003.8456658799364,0.0,0.0,0.0,
pd,flee,300.0,1800.0,0.1,0.075,5.0,10.0,10.0,10.0,10,100.0,inf,full,both,inf,180.0,0.01,0.0,0.0,256,20,3,0.5,0.1,0.99,10.0,256,20,0,128,0,5.0,10.0,91.11753041893002,4628.865889651808,0.0,0.0,0.0,
pd,flee,300.0,1800.0,0.1,0.075,5.0,inf,10.0,10.0,10,100.0,inf,full,both,inf,180.0,0.01,0.0,0.0,256,20,3,0.5,0.1,0.99,10.0,256,20,0,128,0,5.0,13.49999999999996,91.11753041893002,5465.474263574018,0.0,0.0,0.0,
pd,flee,300.0,1800.0,0.1,0.09,5.0,1.25,10.0,10.0,10,100.0,inf,full,both,inf,180.0,0.01,0.0,0.0,256,20,3,0.5,0.1,0.99,10.0,256,20,0,128,128,3.4472011578553587,1.25,9.681780278353608,9.681780278353605,0.0,0.0,1.0,730.0
pd,flee,300.0,1800.0,0.1,0.09,5.0,2.5,10.0,10.0,10,100.0,inf,full,both,inf,180.0,0.01,0.0,0.0,256,20,3,0.5,0.1,0.99,10.0,256,20,0,128,128,4.606515691955796,2.5,9.674610922045373,9.674610922045373,0.0,0.0,1.0,840.0
pd,flee,300.0,1800.0,0.1,0.09,5.0,3.75,10.0,10.0,10,100.0,inf,full,both,inf,180.0,0.01,0.0,0.0,256,20,3,0.5,0.1,0.99,10.0,256,20,0,128,17,5.0,3.75,40.48102654151224,681.9882096348543,0.0,0.0,0.1328125,810.0
pd,flee,300.0,1800.0,0.1,0.09,5.0,4.5,10.0,10.0,10,100.0,inf,full,both,inf,180.0,0.01,0.0,0.0,256,20,3,0.5,0.1,0.99,10.0,256,20,0,128,3,5.0,4.5,133.62913876302036,712.3901969952582,0.0,0.0,0.0234375,760.0
pd,flee,300.0,1800.0,0.1,0.09,5.0,5.0,10.0,10.0,10,100.0,inf,full,both,inf,180.0,0.01,0.0,0.0,256,20,3,0.5,0.1,0.99,10.0,256,20,0,128,0,5.0,5.0,195.32886629194363,851.2324945321197,0.0,0.0,0.0,
pd,flee,300.0,1800.0,0.1,0.09,5.0,5.5,10.0,10.0,10,100.0,inf,full,both,inf,180.0,0.01,0.0,0.0,256,20,3,0.5,0.1,0.99,10.0,256,20,0,128,0,5.0,5.5,202.60796603873555,1416.29230112177,0.0,0.0,0.0,
pd,flee,300.0,1800.0,0.1,0.09,5.0,6.25,10.0,10.0,10,100.0,inf,full,both,inf,180.0,0.01,0.0,0.0,256,20,3,0.5,0.1,0.99,10.0,256,20,0,128,0,5.0,6.25,202.60796603873555,2332.322121982681,0.0,0.0,0.0,
pd,flee,300.0,1800.0,0.1,0.09,5.0,7.5,10.0,10.0,10,100.0,inf,full,both,inf,180.0,0.01,0.0,0.0,256,20,3,0.5,0.1,0.99,10.0,256,20,0,128,0,5.0,7.5,202.60796603873555,3713.349941659753,0.0,0.0,0.0,
pd,flee,300.0,1800.0,0.1,0.09,5.0,10.0,10.0,10.0,10,100.0,inf,full,both,inf,180.0,0.01,0.0,0.0,256,20,3,0.5,0.1,0.99,10.0,256,20,0,128,0,5.0,10.0,202.60796603873555,5864.238959784271,0.0,0.0,0.0,
pd,flee,300.0,1800.0,0.1,0.09,5.0,inf,10.0,10.0,10,100.0,inf,full,both,inf,180.0,0.01,0.0,0.0,256,20,3,0.5,0.1,0.99,10.0,256,20,0,128,0,5.0,16.19999999999998,202.60796603873555,8043.416248241518,0.0,0.0,0.0,
pd,flee,300.0,1800.0,0.1,0.1,5.0,1.25,10.0,10.0,10,100.0,inf,full,both,inf,180.0,0.01,0.0,0.0,256,20,3,0.5,0.1,0.99,10.0,256,20,0,128,128,3.5023208778377075,1.25,9.6555729927742,9.655572992774204,0.0,0.0,1.0,730.0
pd,flee,300.0,1800.0,0.1,0.1,5.0,2.5,10.0,10.0,10,100.0,inf,full,both,inf,180.0,0.01,0.0,0.0,256,20,3,0.5,0.1,0.99,10.0,256,20,0,128,113,4.801501709081422,2.5,10.037657792166785,36.965499881234834,0.0,0.0,0.8828125,860.0
pd,flee,300.0,1800.0,0.1,0.1,5.0,3.75,10.0,10.0,10,100.0,inf,full,both,inf,180.0,0.01,0.0,0.0,256,20,3,0.5,0.1,0.99,10.0,256,20,0,128,3,5.0,3.75,73.11644352839754,1099.5313796215216,0.0,0.0,0.0234375,750.0
pd,flee,300.0,1800.0,0.1,0.1,5.0,4.5,10.0,10.0,10,100.0,inf,full,both,inf,180.0,0.01,0.0,0.0,256,20,3,0.5,0.1,0.99,10.0,256,20,0,128,0,5.0,4.5,195.50106069853285,889.9491576844126,0.0,0.0,0.0,
pd,flee,300.0,1800.0,0.1,0.1,5.0,5.0,10.0,10.0,10,100.0,inf,full,both,inf,180.0,0.01,0.0,0.0,256,20,3,0.5,0.1,0.99,10.0,256,20,0,128,0,5.0,5.0,274.7330058564659,1085.3520492346274,0.0,0.0,0.0,
pd,flee,300.0,1800.0,0.1,0.1,5.0,5.5,10.0,10.0,10,100.0,inf,full,both,inf,180.0,0.01,0.0,0.0,256,20,3,0.5,0.1,0.99,10.0,256,20,0,128,0,5.0,5.5,295.0609207571272,1662.2023420547532,0.0,0.0,0.0,
pd,flee,300.0,1800.0,0.1,0.1,5.0,6.25,10.0,10.0,10,100.0,inf,full,both,inf,180.0,0.01,0.0,0.0,256,20,3,0.5,0.1,0.99,10.0,256,20,0,128,0,5.0,6.25,295.0609207571272,2623.8779176334283,0.0,0.0,0.0,
pd,flee,300.0,1800.0,0.1,0.1,5.0,7.5,10.0,10.0,10,100.0,inf,full,both,inf,180.0,0.01,0.0,0.0,256,20,3,0.5,0.1,0.99,10.0,256,20,0,128,0,5.0,7.5,295.0609207571272,4115.31566188724,0.0,0.0,0.0,
pd,flee,300.0,1800.0,0.1,0.1,5.0,10.0,10.0,10.0,10,100.0,inf,full,both,inf,180.0,0.01,0.0,0.0,256,20,3,0.5,0.1,0.99,10.0,256,20,0,128,0,5.0,10.0,295.0609207571272,6539.963169131554,0.0,0.0,0.0,
pd,flee,300.0,1800.0,0.1,0.1,5.0,inf,10.0,10.0,10,100.0,inf,full,both,inf,180.0,0.01,0.0,0.0,256,20,3,0.5,0.1,0.99,10.0,256,20,0,128,0,5.0,17.999999999999986,295.0609207571272,9807.99366902703,0.0,0.0,0.0,
pd,flee,300.0,1800.0,0.1,0.11,5.0,1.25,10.0,10.0,10,100.0,inf,full,both,inf,180.0,0.01,0.0,0.0,256,20,3,0.5,0.1,0.99,10.0,256,20,0,128,128,3.547048449691773,1.25,9.680861761837454,9.680861761837456,0.0,0.0,1.0,740.0
pd,flee,300.0,1800.0,0.1,0.11,5.0,2.5,10.0,10.0,10,100.0,inf,full,both,inf,180.0,0.01,0.0,0.0,256,20,3,0.5,0.1,0.99,10.0,256,20,0,128,93,4.916519382199441,2.5,11.82448906750922,99.90444085063568,0.0,0.0,0.7265625,870.0
pd,flee,300.0,1800.0,0.1,0.11,5.0,3.75,10.0,10.0,10,100.0,inf,full,both,inf,180.0,0.01,0.0,0.0,256,20,3,0.5,0.1,0.99,10.0,256,20,0,128,2,5.0,3.75,105.15143645612284,1322.6365707984098,0.0,0.0,0.015625,725.0
pd,flee,300.0,1800.0,0.1,0.11,5.0,4.5,10.0,10.0,10,100.0,inf,full,both,inf,180.0,0.01,0.0,0.0,256,20,3,0.5,0.1,0.99,10.0,256,20,0,128,0,5.0,4.5,223.3669684554681,1014.5214994833992,0.0,0.0,0.0,
pd,flee,300.0,1800.0,0.1,0.11,5.0,5.0,10.0,10.0,10,100.0,inf,full,both,inf,180.0,0.01,0.0,0.0,256,20,3,0.5,0.1,0.99,10.0,256,20,0,128,0,5.0,5.0,282.90599783399284,1265.2758798214038,0.0,0.0,0.0,
pd,flee,300.0,1800.0,0.1,0.11,5.0,5.5,10.0,10.0,10,100.0,inf,full,both,inf,180.0,0.01,0.0,0.0,256,20,3,0.5,0.1,0.99,10.0,256,20,0,128,0,5.0,5.5,300.0,1869.1365225448596,0.0,0.0,0.0,
pd,flee,300.0,1800.0,0.1,0.11,5.0,6.25,10.0,10.0,10,100.0,inf,full,both,inf,180.0,0.01,0.0,0.0,256,20,3,0.5,0.1,0.99,10.0,256,20,0,128,0,5.0,6.25,300.0,2875.7665293932487,0.0,0.0,0.0,
pd,flee,300.0,1800.0,0.1,0.11,5.0,7.5,10.0,10.0,10,100.0,inf,full,both,inf,180.0,0.01,0.0,0.0,256,20,3,0.5,0.1,0.99,10.0,256,20,0,128,0,5.0,7.5,300.0,4461.507158899452,0.0,0.0,0.0,
pd,flee,300.0,1800.0,0.1,0.11,5.0,10.0,10.0,10.0,10,100.0,inf,full,both,inf,180.0,0.01,0.0,0.0,256,20,3,0.5,0.1,0.99,10.0,256,20,0,128,0,5.0,10.0,300.0,7119.883790604207,0.0,0.0,0.0,
pd,flee,300.0,1800.0,0.1,0.11,5.0,inf,10.0,10.0,10,100.0,inf,full,both,inf,180.0,0.01,0.0,0.0,256,20,3,0.5,0.1,0.99,10.0,256,20,0,128,0,5.0,19.79999999999995,300.0,11588.712482383604,0.0,0.0,0.0,
pd,flee,300.0,1800.0,0.1,0.125,5.0,1.25,10.0,10.0,10,100.0,inf,full,both,inf,180.0,0.01,0.0,0.0,256,20,3,0.5,0.1,0.99,10.0,256,20,0,128,128,3.601707970878884,1.25,9.644880766722382,9.644880766722386,0.0,0.0,1.0,740.0
pd,flee,300.0,1800.0,0.1,0.125,5.0,2.5,10.0,10.0,10,100.0,inf,full,both,inf,180.0,0.01,0.0,0.0,256,20,3,0.5,0.1,0.99,10.0,256,20,0,128,58,4.986003031934916,2.5,15.886544449841992,247.12716797087117,0.0,0.0,0.453125,860.0
pd,flee,300.0,1800.0,0.1,0.125,5.0,3.75,10.0,10.0,10,100.0,inf,full,both,inf,180.0,0.01,0.0,0.0,256,20,3,0.5,0.1,0.99,10.0,256,20,0,128,1,5.0,3.75,143.47952544794447,1425.5471781058889,0.0,0.0,0.0078125,720.0
pd,flee,300.0,1800.0,0.1,0.125,5.0,4.5,10.0,10.0,10,100.0,inf,full,both,inf,180.0,0.01,0.0,0.0,256,20,3,0.5,0.1,0.99,10.0,256,20,0,128,0,5.0,4.5,241.84261703454533,1170.9631626721969,0.0,0.0,0.0,
pd,flee,300.0,1800.0,0.1,0.125,5.0,5.0,10.0,10.0,10,100.0,inf,full,both,inf,180.0,0.01,0.0,0.0,256,20,3,0.5,0.1,0.99,10.0,256,20,0,128,0,5.0,5.0,285.2158136779146,1493.2466026662416,0.0,0.0,0.0,
pd,flee,300.0,1800.0,0.1,0.125,5.0,5.5,10.0,10.0,10,100.0,inf,full,both,inf,180.0,0.01,0.0,0.0,256,20,3,0.5,0.1,0.99,10.0,256,20,0,128,0,5.0,5.5,300.0,2139.135744398261,0.0,0.0,0.0,
pd,flee,300.0,1800.0,0.1,0.125,5.0,6.25,10.0,10.0,10,100.0,inf,full,both,inf,180.0,0.01,0.0,0.0,256,20,3,0.5,0.1,0.99,10.0,256,20,0,128,0,5.0,6.25,300.0,3203.591916898761,0.0,0.0,0.0,
pd,flee,300.0,1800.0,0.1,0.125,5.0,7.5,10.0,10.0,10,100.0,inf,full,both,inf,180.0,0.01,0.0,0.0,256,20,3,0.5,0.1,0.99,10.0,256,20,0,128,0,5.0,7.5,300.0,4907.622934788117,0.0,0.0,0.0,
pd,flee,300.0,1800.0,0.1,0.125,5.0,10.0,10.0,10.0,10,100.0,inf,full,both,inf,180.0,0.01,0.0,0.0,256,20,3,0.5,0.1,0.99,10.0,256,20,0,128,0,5.0,10.0,300.0,7858.911176391358,0.0,0.0,0.0,
pd,flee,300.0,1800.0,0.1,0.125,5.0,inf,10.0,10.0,10,100.0,inf,full,both,inf,180.0,0.01,0.0,0.0,256,20,3,0.5,0.1,0.99,10.0,256,20,0,128,0,5.0,22.5,300.0,14285.821671118902,0.0,0.0,0.0,
pd,flee,300.0,1800.0,0.1,0.15,5.0,1.25,10.0,10.0,10,100.0,inf,full,both,inf,180.0,0.01,0.0,0.0,256,20,3,0.5,0.1,0.99,10.0,256,20,0,128,128,3.666105166179578,1.25,9.648307616843,9.648307616843,0.0,0.0,1.0,750.0
pd,flee,300.0,1800.0,0.1,0.15,5.0,2.5,10.0,10.0,10,100.0,inf,full,both,inf,180.0,0.01,0.0,0.0,256,20,3,0.5,0.1,0.99,10.0,256,20,0,128,23,5.0,2.5,23.603987047671943,525.1207365762107,0.0,0.0,0.1796875,830.0
pd,flee,300.0,1800.0,0.1,0.15,5.0,3.75,10.0,10.0,10,100.0,inf,full,both,inf,180.0,0.01,0.0,0.0,256,20,3,0.5,0.1,0.99,10.0,256,20,0,128,0,5.0,3.75,179.8092746081523,1496.30312275199,0.0,0.0,0.0,
pd,flee,300.0,1800.0,0.1,0.15,5.0,4.5,10.0,10.0,10,100.0,inf,full,both,inf,180.0,0.01,0.0,0.0,256,20,3,0.5,0.1,0.99,10.0,256,20,0,128,0,5.0,4.5,260.70009441919353,1391.2080811349024,0.0,0.0,0.0,
pd,flee,300.0,1800.0,0.1,0.15,5.0,5.0,10.0,10.0,10,100.0,inf,full,both,inf,180.0,0.01,0.0,0.0,256,20,3,0.5,0.1,0.99,10.0,256,20,0,128,0,5.0,5.0,286.5208974776985,1796.0128244587984,0.0,0.0,0.0,
pd,flee,300.0,1800.0,0.1,0.15,5.0,5.5,10.0,10.0,10,100.0,inf,full,both,inf,180.0,0.01,0.0,0.0,256,20,3,0.5,0.1,0.99,10.0,256,20,0,128,0,5.0,5.5,300.0,2500.534107280475,0.0,0.0,0.0,
pd,flee,300.0,1800.0,0.1,0.15,5.0,6.25,10.0,10.0,10,100.0,inf,full,both,inf,180.0,0.01,0.0,0.0,256,20,3,0.5,0.1,0.99,10.0,256,20,0,128,0,5.0,6.25,300.0,3641.7834409436314,0.0,0.0,0.0,
pd,flee,300.0,1800.0,0.1,0.15,5.0,7.5,10.0,10.0,10,100.0,inf,full,both,inf,180.0,0.01,0.0,0.0,256,20,3,0.5,0.1,0.99,10.0,256,20,0,128,0,5.0,7.5,300.0,5499.277746417595,0.0,0.0,0.0,
pd,flee,300.0,1800.0,0.1,0.15,5.0,10.0,10.0,10.0,10,100.0,inf,full,both,inf,180.0,0.01,0.0,0.0,256,20,3,0.5,0.1,0.99,10.0,256,20,0,128,0,5.0,10.0,300.0,8831.524334056405,0.0,0.0,0.0,
pd,flee,300.0,1800.0,0.1,0.15,5.0,inf,10.0,10.0,10,100.0,inf,full,both,inf,180.0,0.01,0.0,0.0,256,20,3,0.5,0.1,0.99,10.0,256,20,0,128,0,5.0,26.99999999999992,300.0,18818.639366263826,0.0,0.0,0.0,
pd,flee,300.0,1800.0,0.1,0.2,5.0,1.25,10.0,10.0,10,100.0,inf,full,both,inf,180.0,0.01,0.0,0.0,256,20,3,0.5,0.1,0.99,10.0,256,20,0,128,128,3.746915841895996,1.25,9.661655928684302,9.661655928684304,0.0,0.0,1.0,760.0
pd,flee,300.0,1800.0,0.1,0.2,5.0,2.5,10.0,10.0,10,100.0,inf,full,both,inf,180.0,0.01,0.0,0.0,256,20,3,0.5,0.1,0.99,10.0,256,20,0,128,5,5.0,2.5,34.76270342104368,904.4162021917152,0.0,0.0,0.0390625,770.0
pd,flee,300.0,1800.0,0.1,0.2,5.0,3.75,10.0,10.0,10,100.0,inf,full,both,inf,180.0,0.01,0.0,0.0,256,20,3,0.5,0.1,0.99,10.0,256,20,0,128,0,5.0,3.75,208.91771375272685,1608.374288460623,0.0,0.0,0.0,
pd,flee,300.0,1800.0,0.1,0.2,5.0,4.5,10.0,10.0,10,100.0,inf,full,both,inf,180.0,0.01,0.0,0.0,256,20,3,0.5,0.1,0.99,10.0,256,20,0,128,0,5.0,4.5,273.35477736575206,1705.5319768104332,0.0,0.0,0.0,
pd,flee,300.0,1800.0,0.1,0.2,5.0,5.0,10.0,10.0,10,100.0,inf,full,both,inf,180.0,0.01,0.0,0.0,256,20,3,0.5,0.1,0.99,10.0,256,20,0,128,0,5.0,5.0,291.2631676006904,2214.3120830757143,0.0,0.0,0.0,
pd,flee,300.0,1800.0,0.1,0.2,5.0,5.5,10.0,10.0,10,100.0,inf,full,both,inf,180.0,0.01,0.0,0.0,256,20,3,0.5,0.1,0.99,10.0,256,20,0,128,0,5.0,5.5,300.0,2993.444199412736,0.0,0.0,0.0,
pd,flee,300.0,1800.0,0.1,0.2,5.0,6.25,10.0,10.0,10,100.0,inf,full,both,inf,180.0,0.01,0.0,0.0,256,20,3,0.5,0.1,0.99,10.0,256,20,0,128,0,5.0,6.25,300.0,4242.754157722286,0.0,0.0,0.0,
pd,flee,300.0,1800.0,0.1,0.2,5.0,7.5,10.0,10.0,10,100.0,inf,full,both,inf,180.0,0.01,0.0,0.0,256,20,3,0.5,0.1,0.99,10.0,256,20,0,128,0,5.0,7.5,300.0,6311.675935382993,0.0,0.0,0.0,
pd,flee,300.0,1800.0,0.1,0.2,5.0,10.0,10.0,10.0,10,100.0,inf,full,both,inf,180.0,0.01,0.0,0.0,256,20,3,0.5,0.1,0.99,10.0,256,20,0,128,0,5.0,10.0,300.0,10165.619043672246,0.0,0.0,0.0,
pd,flee,300.0,1800.0,0.1,0.2,5.0,inf,10.0,10.0,10,100.0,inf,full,both,inf,180.0,0.01,0.0,0.0,256,20,3,0.5,0.1,0.99,10.0,256,20,0,128,0,5.0,35.99999999999997,300.0,27942.53977083246,0.0,0.0,0.0,
pd,coast,300.0,1800.0,0.1,0.025,5.0,1.25,10.0,10.0,10,100.0,inf,full,both,inf,180.0,0.01,0.0,0.0,256,20,3,0.5,0.1,0.99,10.0,256,20,0,128,128,2.20484195003598,0.0,9.674982586288555,9.674982586288555,0.0,0.0,1.0,600.0
pd,coast,300.0,1800.0,0.1,0.025,5.0,2.5,10.0,10.0,10,100.0,inf,full,both,inf,180.0,0.01,0.0,0.0,256,20,3,0.5,0.1,0.99,10.0,256,20,0,128,128,2.20484195003598,0.0,9.674982586288555,9.674982586288555,0.0,0.0,1.0,600.0
pd,coast,300.0,1800.0,0.1,0.025,5.0,3.75,10.0,10.0,10,100.0,inf,full,both,inf,180.0,0.01,0.0,0.0,256,20,3,0.5,0.1,0.99,10.0,256,20,0,128,128,2.20484195003598,0.0,9.674982586288555,9.674982586288555,0.0,0.0,1.0,600.0
pd,coast,300.0,1800.0,0.1,0.025,5.0,4.5,10.0,10.0,10,100.0,inf,full,both,inf,180.0,0.01,0.0,0.0,256,20,3,0.5,0.1,0.99,10.0,256,20,0,128,128,2.20484195003598,0.0,9.674982586288555,9.674982586288555,0.0,0.0,1.0,600.0
pd,coast,300.0,1800.0,0.1,0.025,5.0,5.0,10.0,10.0,10,100.0,inf,full,both,inf,180.0,0.01,0.0,0.0,256,20,3,0.5,0.1,0.99,10.0,256,20,0,128,128,2.20484195003598,0.0,9.674982586288555,9.674982586288555,0.0,0.0,1.0,600.0
pd,coast,300.0,1800.0,0.1,0.025,5.0,5.5,10.0,10.0,10,100.0,inf,full,both,inf,180.0,0.01,0.0,0.0,256,20,3,0.5,0.1,0.99,10.0,256,20,0,128,128,2.20484195003598,0.0,9.674982586288555,9.674982586288555,0.0,0.0,1.0,600.0
pd,coast,300.0,1800.0,0.1,0.025,5.0,6.25,10.0,10.0,10,100.0,inf,full,both,inf,180.0,0.01,0.0,0.0,256,20,3,0.5,0.1,0.99,10.0,256,20,0,128,128,2.20484195003598,0.0,9.674982586288555,9.674982586288555,0.0,0.0,1.0,600.0
pd,coast,300.0,1800.0,0.1,0.025,5.0,7.5,10.0,10.0,10,100.0,inf,full,both,inf,180.0,0.01,0.0,0.0,256,20,3,0.5,0.1,0.99,10.0,256,20,0,128,128,2.20484195003598,0.0,9.674982586288555,9.674982586288555,0.0,0.0,1.0,600.0
pd,coast,300.0,1800.0,0.1,0.025,5.0,10.0,10.0,10.0,10,100.0,inf,full,both,inf,180.0,0.01,0.0,0.0,256,20,3,0.5,0.1,0.99,10.0,256,20,0,128,128,2.20484195003598,0.0,9.674982586288555,9.674982586288555,0.0,0.0,1.0,600.0
pd,coast,300.0,1800.0,0.1,0.025,5.0,inf,10.0,10.0,10,100.0,inf,full,both,inf,180.0,0.01,0.0,0.0,256,20,3,0.5,0.1,0.99,10.0,256,20,0,128,128,2.20484195003598,0.0,9.674982586288555,9.674982586288555,0.0,0.0,1.0,600.0
pd,coast,300.0,1800.0,0.1,0.05,5.0,1.25,10.0,10.0,10,100.0,inf,full,both,inf,180.0,0.01,0.0,0.0,256,20,3,0.5,0.1,0.99,10.0,256,20,0,128,128,2.20484195003598,0.0,9.674982586288555,9.674982586288555,0.0,0.0,1.0,600.0
pd,coast,300.0,1800.0,0.1,0.05,5.0,2.5,10.0,10.0,10,100.0,inf,full,both,inf,180.0,0.01,0.0,0.0,256,20,3,0.5,0.1,0.99,10.0,256,20,0,128,128,2.20484195003598,0.0,9.674982586288555,9.674982586288555,0.0,0.0,1.0,600.0
pd,coast,300.0,1800.0,0.1,0.05,5.0,3.75,10.0,10.0,10,100.0,inf,full,both,inf,180.0,0.01,0.0,0.0,256,20,3,0.5,0.1,0.99,10.0,256,20,0,128,128,2.20484195003598,0.0,9.674982586288555,9.674982586288555,0.0,0.0,1.0,600.0
pd,coast,300.0,1800.0,0.1,0.05,5.0,4.5,10.0,10.0,10,100.0,inf,full,both,inf,180.0,0.01,0.0,0.0,256,20,3,0.5,0.1,0.99,10.0,256,20,0,128,128,2.20484195003598,0.0,9.674982586288555,9.674982586288555,0.0,0.0,1.0,600.0
pd,coast,300.0,1800.0,0.1,0.05,5.0,5.0,10.0,10.0,10,100.0,inf,full,both,inf,180.0,0.01,0.0,0.0,256,20,3,0.5,0.1,0.99,10.0,256,20,0,128,128,2.20484195003598,0.0,9.674982586288555,9.674982586288555,0.0,0.0,1.0,600.0
pd,coast,300.0,1800.0,0.1,0.05,5.0,5.5,10.0,10.0,10,100.0,inf,full,both,inf,180.0,0.01,0.0,0.0,256,20,3,0.5,0.1,0.99,10.0,256,20,0,128,128,2.20484195003598,0.0,9.674982586288555,9.674982586288555,0.0,0.0,1.0,600.0
pd,coast,300.0,1800.0,0.1,0.05,5.0,6.25,10.0,10.0,10,100.0,inf,full,both,inf,180.0,0.01,0.0,0.0,256,20,3,0.5,0.1,0.99,10.0,256,20,0,128,128,2.20484195003598,0.0,9.674982586288555,9.674982586288555,0.0,0.0,1.0,600.0
pd,coast,300.0,1800.0,0.1,0.05,5.0,7.5,10.0,10.0,10,100.0,inf,full,both,inf,180.0,0.01,0.0,0.0,256,20,3,0.5,0.1,0.99,10.0,256,20,0,128,128,2.20484195003598,0.0,9.674982586288555,9.674982586288555,0.0,0.0,1.0,600.0
pd,coast,300.0,1800.0,0.1,0.05,5.0,10.0,10.0,10.0,10,100.0,inf,full,both,inf,180.0,0.01,0.0,0.0,256,20,3,0.5,0.1,0.99,10.0,256,20,0,128,128,2.20484195003598,0.0,9.674982586288555,9.674982586288555,0.0,0.0,1.0,600.0
pd,coast,300.0,1800.0,0.1,0.05,5.0,inf,10.0,10.0,10,100.0,inf,full,both,inf,180.0,0.01,0.0,0.0,256,20,3,0.5,0.1,0.99,10.0,256,20,0,128,128,2.20484195003598,0.0,9.674982586288555,9.674982586288555,0.0,0.0,1.0,600.0
pd,coast,300.0,1800.0,0.1,0.075,5.0,1.25,10.0,10.0,10,100.0,inf,full,both,inf,180.0,0.01,0.0,0.0,256,20,3,0.5,0.1,0.99,10.0,256,20,0,128,128,2.20484195003598,0.0,9.674982586288555,9.674982586288555,0.0,0.0,1.0,600.0
pd,coast,300.0,1800.0,0.1,0.075,5.0,2.5,10.0,10.0,10,100.0,inf,full,both,inf,180.0,0.01,0.0,0.0,256,20,3,0.5,0.1,0.99,10.0,256,20,0,128,128,2.20484195003598,0.0,9.674982586288555,9.674982586288555,0.0,0.0,1.0,600.0
pd,coast,300.0,1800.0,0.1,0.075,5.0,3.75,10.0,10.0,10,100.0,inf,full,both,inf,180.0,0.01,0.0,0.0,256,20,3,0.5,0.1,0.99,10.0,256,20,0,128,128,2.20484195003598,0.0,9.674982586288555,9.674982586288555,0.0,0.0,1.0,600.0
pd,coast,300.0,1800.0,0.1,0.075,5.0,4.5,10.0,10.0,10,100.0,inf,full,both,inf,180.0,0.01,0.0,0.0,256,20,3,0.5,0.1,0.99,10.0,256,20,0,128,128,2.20484195003598,0.0,9.674982586288555,9.674982586288555,0.0,0.0,1.0,600.0
pd,coast,300.0,1800.0,0.1,0.075,5.0,5.0,10.0,10.0,10,100.0,inf,full,both,inf,180.0,0.01,0.0,0.0,256,20,3,0.5,0.1,0.99,10.0,256,20,0,128,128,2.20484195003598,0.0,9.674982586288555,9.674982586288555,0.0,0.0,1.0,600.0
pd,coast,300.0,1800.0,0.1,0.075,5.0,5.5,10.0,10.0,10,100.0,inf,full,both,inf,180.0,0.01,0.0,0.0,256,20,3,0.5,0.1,0.99,10.0,256,20,0,128,128,2.20484195003598,0.0,9.674982586288555,9.674982586288555,0.0,0.0,1.0,600.0
pd,coast,300.0,1800.0,0.1,0.075,5.0,6.25,10.0,10.0,10,100.0,inf,full,both,inf,180.0,0.01,0.0,0.0,256,20,3,0.5,0.1,0.99,10.0,256,20,0,128,128,2.20484195003598,0.0,9.674982586288555,9.674982586288555,0.0,0.0,1.0,600.0
pd,coast,300.0,1800.0,0.1,0.075,5.0,7.5,10.0,10.0,10,100.0,inf,full,both,inf,180.0,0.01,0.0,0.0,256,20,3,0.5,0.1,0.99,10.0,256,20,0,128,128,2.20484195003598,0.0,9.674982586288555,9.674982586288555,0.0,0.0,1.0,600.0
pd,coast,300.0,1800.0,0.1,0.075,5.0,10.0,10.0,10.0,10,100.0,inf,full,both,inf,180.0,0.01,0.0,0.0,256,20,3,0.5,0.1,0.99,10.0,256,20,0,128,128,2.20484195003598,0.0,9.674982586288555,9.674982586288555,0.0,0.0,1.0,600.0
pd,coast,300.0,1800.0,0.1,0.075,5.0,inf,10.0,10.0,10,100.0,inf,full,both,inf,180.0,0.01,0.0,0.0,256,20,3,0.5,0.1,0.99,10.0,256,20,0,128,128,2.20484195003598,0.0,9.674982586288555,9.674982586288555,0.0,0.0,1.0,600.0
pd,coast,300.0,1800.0,0.1,0.09,5.0,1.25,10.0,10.0,10,100.0,inf,full,both,inf,180.0,0.01,0.0,0.0,256,20,3,0.5,0.1,0.99,10.0,256,20,0,128,128,2.20484195003598,0.0,9.674982586288555,9.674982586288555,0.0,0.0,1.0,600.0
pd,coast,300.0,1800.0,0.1,0.09,5.0,2.5,10.0,10.0,10,100.0,inf,full,both,inf,180.0,0.01,0.0,0.0,256,20,3,0.5,0.1,0.99,10.0,256,20,0,128,128,2.20484195003598,0.0,9.674982586288555,9.674982586288555,0.0,0.0,1.0,600.0
pd,coast,300.0,1800.0,0.1,0.09,5.0,3.75,10.0,10.0,10,100.0,inf,full,both,inf,180.0,0.01,0.0,0.0,256,20,3,0.5,0.1,0.99,10.0,256,20,0,128,128,2.20484195003598,0.0,9.674982586288555,9.674982586288555,0.0,0.0,1.0,600.0
pd,coast,300.0,1800.0,0.1,0.09,5.0,4.5,10.0,10.0,10,100.0,inf,full,both,inf,180.0,0.01,0.0,0.0,256,20,3,0.5,0.1,0.99,10.0,256,20,0,128,128,2.20484195003598,0.0,9.674982586288555,9.674982586288555,0.0,0.0,1.0,600.0
pd,coast,300.0,1800.0,0.1,0.09,5.0,5.0,10.0,10.0,10,100.0,inf,full,both,inf,180.0,0.01,0.0,0.0,256,20,3,0.5,0.1,0.99,10.0,256,20,0,128,128,2.20484195003598,0.0,9.674982586288555,9.674982586288555,0.0,0.0,1.0,600.0
pd,coast,300.0,1800.0,0.1,0.09,5.0,5.5,10.0,10.0,10,100.0,inf,full,both,inf,180.0,0.01,0.0,0.0,256,20,3,0.5,0.1,0.99,10.0,256,20,0,128,128,2.20484195003598,0.0,9.674982586288555,9.674982586288555,0.0,0.0,1.0,600.0
pd,coast,300.0,1800.0,0.1,0.09,5.0,6.25,10.0,10.0,10,100.0,inf,full,both,inf,180.0,0.01,0.0,0.0,256,20,3,0.5,0.1,0.99,10.0,256,20,0,128,128,2.20484195003598,0.0,9.674982586288555,9.674982586288555,0.0,0.0,1.0,600.0
pd,coast,300.0,1800.0,0.1,0.09,5.0,7.5,10.0,10.0,10,100.0,inf,full,both,inf,180.0,0.01,0.0,0.0,256,20,3,0.5,0.1,0.99,10.0,256,20,0,128,128,2.20484195003598,0.0,9.674982586288555,9.674982586288555,0.0,0.0,1.0,600.0
pd,coast,300.0,1800.0,0.1,0.09,5.0,10.0,10.0,10.0,10,100.0,inf,full,both,inf,180.0,0.01,0.0,0.0,256,20,3,0.5,0.1,0.99,10.0,256,20,0,128,128,2.20484195003598,0.0,9.674982586288555,9.674982586288555,0.0,0.0,1.0,600.0
pd,coast,300.0,1800.0,0.1,0.09,5.0,inf,10.0,10.0,10,100.0,inf,full,both,inf,180.0,0.01,0.0,0.0,256,20,3,0.5,0.1,0.99,10.0,256,20,0,128,128,2.20484195003598,0.0,9.674982586288555,9.674982586288555,0.0,0.0,1.0,600.0
pd,coast,300.0,1800.0,0.1,0.1,5.0,1.25,10.0,10.0,10,100.0,inf,full,both,inf,180.0,0.01,0.0,0.0,256,20,3,0.5,0.1,0.99,10.0,256,20,0,128,128,2.20484195003598,0.0,9.674982586288555,9.674982586288555,0.0,0.0,1.0,600.0
pd,coast,300.0,1800.0,0.1,0.1,5.0,2.5,10.0,10.0,10,100.0,inf,full,both,inf,180.0,0.01,0.0,0.0,256,20,3,0.5,0.1,0.99,10.0,256,20,0,128,128,2.20484195003598,0.0,9.674982586288555,9.674982586288555,0.0,0.0,1.0,600.0
pd,coast,300.0,1800.0,0.1,0.1,5.0,3.75,10.0,10.0,10,100.0,inf,full,both,inf,180.0,0.01,0.0,0.0,256,20,3,0.5,0.1,0.99,10.0,256,20,0,128,128,2.20484195003598,0.0,9.674982586288555,9.674982586288555,0.0,0.0,1.0,600.0
pd,coast,300.0,1800.0,0.1,0.1,5.0,4.5,10.0,10.0,10,100.0,inf,full,both,inf,180.0,0.01,0.0,0.0,256,20,3,0.5,0.1,0.99,10.0,256,20,0,128,128,2.20484195003598,0.0,9.674982586288555,9.674982586288555,0.0,0.0,1.0,600.0
pd,coast,300.0,1800.0,0.1,0.1,5.0,5.0,10.0,10.0,10,100.0,inf,full,both,inf,180.0,0.01,0.0,0.0,256,20,3,0.5,0.1,0.99,10.0,256,20,0,128,128,2.20484195003598,0.0,9.674982586288555,9.674982586288555,0.0,0.0,1.0,600.0
pd,coast,300.0,1800.0,0.1,0.1,5.0,5.5,10.0,10.0,10,100.0,inf,full,both,inf,180.0,0.01,0.0,0.0,256,20,3,0.5,0.1,0.99,10.0,256,20,0,128,128,2.20484195003598,0.0,9.674982586288555,9.674982586288555,0.0,0.0,1.0,600.0
pd,coast,300.0,1800.0,0.1,0.1,5.0,6.25,10.0,10.0,10,100.0,inf,full,both,inf,180.0,0.01,0.0,0.0,256,20,3,0.5,0.1,0.99,10.0,256,20,0,128,128,2.20484195003598,0.0,9.674982586288555,9.674982586288555,0.0,0.0,1.0,600.0
pd,coast,300.0,1800.0,0.1,0.1,5.0,7.5,10.0,10.0,10,100.0,inf,full,both,inf,180.0,0.01,0.0,0.0,256,20,3,0.5,0.1,0.99,10.0,256,20,0,128,128,2.20484195003598,0.0,9.674982586288555,9.674982586288555,0.0,0.0,1.0,600.0
pd,coast,300.0,1800.0,0.1,0.1,5.0,10.0,10.0,10.0,10,100.0,inf,full,both,inf,180.0,0.01,0.0,0.0,256,20,3,0.5,0.1,0.99,10.0,256,20,0,128,128,2.20484195003598,0.0,9.674982586288555,9.674982586288555,0.0,0.0,1.0,600.0
pd,coast,300.0,1800.0,0.1,0.1,5.0,inf,10.0,10.0,10,100.0,inf,full,both,inf,180.0,0.01,0.0,0.0,256,20,3,0.5,0.1,0.99,10.0,256,20,0,128,128,2.20484195003598,0.0,9.674982586288555,9.674982586288555,0.0,0.0,1.0,600.0
pd,coast,300.0,1800.0,0.1,0.11,5.0,1.25,10.0,10.0,10,100.0,inf,full,both,inf,180.0,0.01,0.0,0.0,256,20,3,0.5,0.1,0.99,10.0,256,20,0,128,128,2.20484195003598,0.0,9.674982586288555,9.674982586288555,0.0,0.0,1.0,600.0
pd,coast,300.0,1800.0,0.1,0.11,5.0,2.5,10.0,10.0,10,100.0,inf,full,both,inf,180.0,0.01,0.0,0.0,256,20,3,0.5,0.1,0.99,10.0,256,20,0,128,128,2.20484195003598,0.0,9.674982586288555,9.674982586288555,0.0,0.0,1.0,600.0
pd,coast,300.0,1800.0,0.1,0.11,5.0,3.75,10.0,10.0,10,100.0,inf,full,both,inf,180.0,0.01,0.0,0.0,256,20,3,0.5,0.1,0.99,10.0,256,20,0,128,128,2.20484195003598,0.0,9.674982586288555,9.674982586288555,0.0,0.0,1.0,600.0
pd,coast,300.0,1800.0,0.1,0.11,5.0,4.5,10.0,10.0,10,100.0,inf,full,both,inf,180.0,0.01,0.0,0.0,256,20,3,0.5,0.1,0.99,10.0,256,20,0,128,128,2.20484195003598,0.0,9.674982586288555,9.674982586288555,0.0,0.0,1.0,600.0
pd,coast,300.0,1800.0,0.1,0.11,5.0,5.0,10.0,10.0,10,100.0,inf,full,both,inf,180.0,0.01,0.0,0.0,256,20,3,0.5,0.1,0.99,10.0,256,20,0,128,128,2.20484195003598,0.0,9.674982586288555,9.674982586288555,0.0,0.0,1.0,600.0
pd,coast,300.0,1800.0,0.1,0.11,5.0,5.5,10.0,10.0,10,100.0,inf,full,both,inf,180.0,0.01,0.0,0.0,256,20,3,0.5,0.1,0.99,10.0,256,20,0,128,128,2.20484195003598,0.0,9.674982586288555,9.674982586288555,0.0,0.0,1.0,600.0
pd,coast,300.0,1800.0,0.1,0.11,5.0,6.25,10.0,10.0,10,100.0,inf,full,both,inf,180.0,0.01,0.0,0.0,256,20,3,0.5,0.1,0.99,10.0,256,20,0,128,128,2.20484195003598,0.0,9.674982586288555,9.674982586288555,0.0,0.0,1.0,600.0
pd,coast,300.0,1800.0,0.1,0.11,5.0,7.5,10.0,10.0,10,100.0,inf,full,both,inf,180.0,0.01,0.0,0.0,256,20,3,0.5,0.1,0.99,10.0,256,20,0,128,128,2.20484195003598,0.0,9.674982586288555,9.674982586288555,0.0,0.0,1.0,600.0
pd,coast,300.0,1800.0,0.1,0.11,5.0,10.0,10.0,10.0,10,100.0,inf,full,both,inf,180.0,0.01,0.0,0.0,256,20,3,0.5,0.1,0.99,10.0,256,20,0,128,128,2.20484195003598,0.0,9.674982586288555,9.674982586288555,0.0,0.0,1.0,600.0
pd,coast,300.0,1800.0,0.1,0.11,5.0,inf,10.0,10.0,10,100.0,inf,full,both,inf,180.0,0.01,0.0,0.0,256,20,3,0.5,0.1,0.99,10.0,256,20,0,128,128,2.20484195003598,0.0,9.674982586288555,9.674982586288555,0.0,0.0,1.0,600.0
pd,coast,300.0,1800.0,0.1,0.125,5.0,1.25,10.0,10.0,10,100.0,inf,full,both,inf,180.0,0.01,0.0,0.0,256,20,3,0.5,0.1,0.99,10.0,256,20,0,128,128,2.20484195003598,0.0,9.674982586288555,9.674982586288555,0.0,0.0,1.0,600.0
pd,coast,300.0,1800.0,0.1,0.125,5.0,2.5,10.0,10.0,10,100.0,inf,full,both,inf,180.0,0.01,0.0,0.0,256,20,3,0.5,0.1,0.99,10.0,256,20,0,128,128,2.20484195003598,0.0,9.674982586288555,9.674982586288555,0.0,0.0,1.0,600.0
pd,coast,300.0,1800.0,0.1,0.125,5.0,3.75,10.0,10.0,10,100.0,inf,full,both,inf,180.0,0.01,0.0,0.0,256,20,3,0.5,0.1,0.99,10.0,256,20,0,128,128,2.20484195003598,0.0,9.674982586288555,9.674982586288555,0.0,0.0,1.0,600.0
pd,coast,300.0,1800.0,0.1,0.125,5.0,4.5,10.0,10.0,10,100.0,inf,full,both,inf,180.0,0.01,0.0,0.0,256,20,3,0.5,0.1,0.99,10.0,256,20,0,128,128,2.20484195003598,0.0,9.674982586288555,9.674982586288555,0.0,0.0,1.0,600.0
pd,coast,300.0,1800.0,0.1,0.125,5.0,5.0,10.0,10.0,10,100.0,inf,full,both,inf,180.0,0.01,0.0,0.0,256,20,3,0.5,0.1,0.99,10.0,256,20,0,128,128,2.20484195003598,0.0,9.674982586288555,9.674982586288555,0.0,0.0,1.0,600.0
pd,coast,300.0,1800.0,0.1,0.125,5.0,5.5,10.0,10.0,10,100.0,inf,full,both,inf,180.0,0.01,0.0,0.0,256,20,3,0.5,0.1,0.99,10.0,256,20,0,128,128,2.20484195003598,0.0,9.674982586288555,9.674982586288555,0.0,0.0,1.0,600.0
pd,coast,300.0,1800.0,0.1,0.125,5.0,6.25,10.0,10.0,10,100.0,inf,full,both,inf,180.0,0.01,0.0,0.0,256,20,3,0.5,0.1,0.99,10.0,256,20,0,128,128,2.20484195003598,0.0,9.674982586288555,9.674982586288555,0.0,0.0,1.0,600.0
pd,coast,300.0,1800.0,0.1,0.125,5.0,7.5,10.0,10.0,10,100.0,inf,full,both,inf,180.0,0.01,0.0,0.0,256,20,3,0.5,0.1,0.99,10.0,256,20,0,128,128,2.20484195003598,0.0,9.674982586288555,9.674982586288555,0.0,0.0,1.0,600.0
pd,coast,300.0,1800.0,0.1,0.125,5.0,10.0,10.0,10.0,10,100.0,inf,full,both,inf,180.0,0.01,0.0,0.0,256,20,3,0.5,0.1,0.99,10.0,256,20,0,128,128,2.20484195003598,0.0,9.674982586288555,9.674982586288555,0.0,0.0,1.0,600.0
pd,coast,300.0,1800.0,0.1,0.125,5.0,inf,10.0,10.0,10,100.0,inf,full,both,inf,180.0,0.01,0.0,0.0,256,20,3,0.5,0.1,0.99,10.0,256,20,0,128,128,2.20484195003598,0.0,9.674982586288555,9.674982586288555,0.0,0.0,1.0,600.0
pd,coast,300.0,1800.0,0.1,0.15,5.0,1.25,10.0,10.0,10,100.0,inf,full,both,inf,180.0,0.01,0.0,0.0,256,20,3,0.5,0.1,0.99,10.0,256,20,0,128,128,2.20484195003598,0.0,9.674982586288555,9.674982586288555,0.0,0.0,1.0,600.0
pd,coast,300.0,1800.0,0.1,0.15,5.0,2.5,10.0,10.0,10,100.0,inf,full,both,inf,180.0,0.01,0.0,0.0,256,20,3,0.5,0.1,0.99,10.0,256,20,0,128,128,2.20484195003598,0.0,9.674982586288555,9.674982586288555,0.0,0.0,1.0,600.0
pd,coast,300.0,1800.0,0.1,0.15,5.0,3.75,10.0,10.0,10,100.0,inf,full,both,inf,180.0,0.01,0.0,0.0,256,20,3,0.5,0.1,0.99,10.0,256,20,0,128,128,2.20484195003598,0.0,9.674982586288555,9.674982586288555,0.0,0.0,1.0,600.0
pd,coast,300.0,1800.0,0.1,0.15,5.0,4.5,10.0,10.0,10,100.0,inf,full,both,inf,180.0,0.01,0.0,0.0,256,20,3,0.5,0.1,0.99,10.0,256,20,0,128,128,2.20484195003598,0.0,9.674982586288555,9.674982586288555,0.0,0.0,1.0,600.0
pd,coast,300.0,1800.0,0.1,0.15,5.0,5.0,10.0,10.0,10,100.0,inf,full,both,inf,180.0,0.01,0.0,0.0,256,20,3,0.5,0.1,0.99,10.0,256,20,0,128,128,2.20484195003598,0.0,9.674982586288555,9.674982586288555,0.0,0.0,1.0,600.0
pd,coast,300.0,1800.0,0.1,0.15,5.0,5.5,10.0,10.0,10,100.0,inf,full,both,inf,180.0,0.01,0.0,0.0,256,20,3,0.5,0.1,0.99,10.0,256,20,0,128,128,2.20484195003598,0.0,9.674982586288555,9.674982586288555,0.0,0.0,1.0,600.0
pd,coast,300.0,1800.0,0.1,0.15,5.0,6.25,10.0,10.0,10,100.0,inf,full,both,inf,180.0,0.01,0.0,0.0,256,20,3,0.5,0.1,0.99,10.0,256,20,0,128,128,2.20484195003598,0.0,9.674982586288555,9.674982586288555,0.0,0.0,1.0,600.0
pd,coast,300.0,1800.0,0.1,0.15,5.0,7.5,10.0,10.0,10,100.0,inf,full,both,inf,180.0,0.01,0.0,0.0,256,20,3,0.5,0.1,0.99,10.0,256,20,0,128,128,2.20484195003598,0.0,9.674982586288555,9.674982586288555,0.0,0.0,1.0,600.0
pd,coast,300.0,1800.0,0.1,0.15,5.0,10.0,10.0,10.0,10,100.0,inf,full,both,inf,180.0,0.01,0.0,0.0,256,20,3,0.5,0.1,0.99,10.0,256,20,0,128,128,2.20484195003598,0.0,9.674982586288555,9.674982586288555,0.0,0.0,1.0,600.0
pd,coast,300.0,1800.0,0.1,0.15,5.0,inf,10.0,10.0,10,100.0,inf,full,both,inf,180.0,0.01,0.0,0.0,256,20,3,0.5,0.1,0.99,10.0,256,20,0,128,128,2.20484195003598,0.0,9.674982586288555,9.674982586288555,0.0,0.0,1.0,600.0
pd,coast,300.0,1800.0,0.1,0.2,5.0,1.25,10.0,10.0,10,100.0,inf,full,both,inf,180.0,0.01,0.0,0.0,256,20,3,0.5,0.1,0.99,10.0,256,20,0,128,128,2.20484195003598,0.0,9.674982586288555,9.674982586288555,0.0,0.0,1.0,600.0
pd,coast,300.0,1800.0,0.1,0.2,5.0,2.5,10.0,10.0,10,100.0,inf,full,both,inf,180.0,0.01,0.0,0.0,256,20,3,0.5,0.1,0.99,10.0,256,20,0,128,128,2.20484195003598,0.0,9.674982586288555,9.674982586288555,0.0,0.0,1.0,600.0
pd,coast,300.0,1800.0,0.1,0.2,5.0,3.75,10.0,10.0,10,100.0,inf,full,both,inf,180.0,0.01,0.0,0.0,256,20,3,0.5,0.1,0.99,10.0,256,20,0,128,128,2.20484195003598,0.0,9.674982586288555,9.674982586288555,0.0,0.0,1.0,600.0
pd,coast,300.0,1800.0,0.1,0.2,5.0,4.5,10.0,10.0,10,100.0,inf,full,both,inf,180.0,0.01,0.0,0.0,256,20,3,0.5,0.1,0.99,10.0,256,20,0,128,128,2.20484195003598,0.0,9.674982586288555,9.674982586288555,0.0,0.0,1.0,600.0
pd,coast,300.0,1800.0,0.1,0.2,5.0,5.0,10.0,10.0,10,100.0,inf,full,both,inf,180.0,0.01,0.0,0.0,256,20,3,0.5,0.1,0.99,10.0,256,20,0,128,128,2.20484195003598,0.0,9.674982586288555,9.674982586288555,0.0,0.0,1.0,600.0
pd,coast,300.0,1800.0,0.1,0.2,5.0,5.5,10.0,10.0,10,100.0,inf,full,both,inf,180.0,0.01,0.0,0.0,256,20,3,0.5,0.1,0.99,10.0,256,20,0,128,128,2.20484195003598,0.0,9.674982586288555,9.674982586288555,0.0,0.0,1.0,600.0
pd,coast,300.0,1800.0,0.1,0.2,5.0,6.25,10.0,10.0,10,100.0,inf,full,both,inf,180.0,0.01,0.0,0.0,256,20,3,0.5,0.1,0.99,10.0,256,20,0,128,128,2.20484195003598,0.0,9.674982586288555,9.674982586288555,0.0,0.0,1.0,600.0
pd,coast,300.0,1800.0,0.1,0.2,5.0,7.5,10.0,10.0,10,100.0,inf,full,both,inf,180.0,0.01,0.0,0.0,256,20,3,0.5,0.1,0.99,10.0,256,20,0,128,128,2.20484195003598,0.0,9.674982586288555,9.674982586288555,0.0,0.0,1.0,600.0
pd,coast,300.0,1800.0,0.1,0.2,5.0,10.0,10.0,10.0,10,100.0,inf,full,both,inf,180.0,0.01,0.0,0.0,256,20,3,0.5,0.1,0.99,10.0,256,20,0,128,128,2.20484195003598,0.0,9.674982586288555,9.674982586288555,0.0,0.0,1.0,600.0
pd,coast,300.0,1800.0,0.1,0.2,5.0,inf,10.0,10.0,10,100.0,inf,full,both,inf,180.0,0.01,0.0,0.0,256,20,3,0.5,0.1,0.99,10.0,256,20,0,128,128,2.20484195003598,0.0,9.674982586288555,9.674982586288555,0.0,0.0,1.0,600.0
pd,mppi_direct,300.0,1800.0,0.1,0.025,5.0,1.25,10.0,10.0,10,100.0,inf,full,both,inf,180.0,0.01,0.0,0.0,256,20,3,0.5,0.1,0.99,10.0,256,20,0,128,128,3.247371714414164,1.25,9.688623816733251,9.68862381673325,0.0,0.0,1.0,760.0
pd,mppi_direct,300.0,1800.0,0.1,0.025,5.0,2.5,10.0,10.0,10,100.0,inf,full,both,inf,180.0,0.01,0.0,0.0,256,20,3,0.5,0.1,0.99,10.0,256,20,0,128,128,4.545309092251741,2.5,9.711769811167768,9.711769811167754,0.0,0.0,1.0,1300.0
pd,mppi_direct,300.0,1800.0,0.1,0.025,5.0,3.75,10.0,10.0,10,100.0,inf,full,both,inf,180.0,0.01,0.0,0.0,256,20,3,0.5,0.1,0.99,10.0,256,20,0,128,0,5.0,3.75,12.770596006236552,281.9942358313801,0.0,0.0,0.0,
pd,mppi_direct,300.0,1800.0,0.1,0.025,5.0,4.5,10.0,10.0,10,100.0,inf,full,both,inf,180.0,0.01,0.0,0.0,256,20,3,0.5,0.1,0.99,10.0,256,20,0,128,0,5.0,4.132449735948691,12.819169451751073,307.8779697257816,0.0,0.0,0.0,
pd,mppi_direct,300.0,1800.0,0.1,0.025,5.0,5.0,10.0,10.0,10,100.0,inf,full,both,inf,180.0,0.01,0.0,0.0,256,20,3,0.5,0.1,0.99,10.0,256,20,0,128,0,5.0,4.133113281128323,12.819166405363418,307.11366231092063,0.0,0.0,0.0,
pd,mppi_direct,300.0,1800.0,0.1,0.025,5.0,5.5,10.0,10.0,10,100.0,inf,full,both,inf,180.0,0.01,0.0,0.0,256,20,3,0.5,0.1,0.99,10.0,256,20,0,128,0,5.0,4.13294971290175,12.819166405363418,307.0905540771999,0.0,0.0,0.0,
pd,mppi_direct,300.0,1800.0,0.1,0.025,5.0,6.25,10.0,10.0,10,100.0,inf,full,both,inf,180.0,0.01,0.0,0.0,256,20,3,0.5,0.1,0.99,10.0,256,20,0,128,0,5.0,4.132950460079986,12.819166405363418,307.0905733134505,0.0,0.0,0.0,
pd,mppi_direct,300.0,1800.0,0.1,0.025,5.0,7.5,10.0,10.0,10,100.0,inf,full,both,inf,180.0,0.01,0.0,0.0,256,20,3,0.5,0.1,0.99,10.0,256,20,0,128,0,5.0,4.132950460079986,12.819166405363418,307.0905733134505,0.0,0.0,0.0,
pd,mppi_direct,300.0,1800.0,0.1,0.025,5.0,10.0,10.0,10.0,10,100.0,inf,full,both,inf,180.0,0.01,0.0,0.0,256,20,3,0.5,0.1,0.99,10.0,256,20,0,128,0,5.0,4.132950460079986,12.819166405363418,307.0905733134505,0.0,0.0,0.0,
pd,mppi_direct,300.0,1800.0,0.1,0.025,5.0,inf,10.0,10.0,10,100.0,inf,full,both,inf,180.0,0.01,0.0,0.0,256,20,3,0.5,0.1,0.99,10.0,256,20,0,128,0,5.0,4.132950460079986,12.819166405363418,307.0905733134505,0.0,0.0,0.0,
pd,mppi_direct,300.0,1800.0,0.1,0.05,5.0,1.25,10.0,10.0,10,100.0,inf,full,both,inf,180.0,0.01,0.0,0.0,256,20,3,0.5,0.1,0.99,10.0,256,20,0,128,128,3.0492682829409934,1.25,9.728824080629847,9.728824080629844,0.0,0.0,1.0,570.0
pd,mppi_direct,300.0,1800.0,0.1,0.05,5.0,2.5,10.0,10.0,10,100.0,inf,full,both,inf,180.0,0.01,0.0,0.0,256,20,3,0.5,0.1,0.99,10.0,256,20,0,128,128,4.426569257231723,2.5,9.709491172495566,9.709491172495564,0.0,0.0,1.0,820.0
pd,mppi_direct,300.0,1800.0,0.1,0.05,5.0,3.75,10.0,10.0,10,100.0,inf,full,both,inf,180.0,0.01,0.0,0.0,256,20,3,0.5,0.1,0.99,10.0,256,20,0,128,0,5.0,3.75,13.934221241887863,712.52217598828,0.0,0.0,0.0,
pd,mppi_direct,300.0,1800.0,0.1,0.05,5.0,4.5,10.0,10.0,10,100.0,inf,full,both,inf,180.0,0.01,0.0,0.0,256,20,3,0.5,0.1,0.99,10.0,256,20,0,128,0,5.0,4.5,14.346537650805905,1425.0003213355596,0.0,0.0,0.0,
pd,mppi_direct,300.0,1800.0,0.1,0.05,5.0,5.0,10.0,10.0,10,100.0,inf,full,both,inf,180.0,0.01,0.0,0.0,256,20,3,0.5,0.1,0.99,10.0,256,20,0,128,0,5.0,5.0,14.408117352724712,1812.6525774705108,0.0,0.0,0.0,
pd,mppi_direct,300.0,1800.0,0.1,0.05,5.0,5.5,10.0,10.0,10,100.0,inf,full,both,inf,180.0,0.01,0.0,0.0,256,20,3,0.5,0.1,0.99,10.0,256,20,0,128,0,5.0,5.5,14.415434126429744,2119.9127702892893,0.0,0.0,0.0,
pd,mppi_direct,300.0,1800.0,0.1,0.05,5.0,6.25,10.0,10.0,10,100.0,inf,full,both,inf,180.0,0.01,0.0,0.0,256,20,3,0.5,0.1,0.99,10.0,256,20,0,128,0,5.0,6.25,14.415286584820764,2476.7444760460894,0.0,0.0,0.0,
pd,mppi_direct,300.0,1800.0,0.1,0.05,5.0,7.5,10.0,10.0,10,100.0,inf,full,both,inf,180.0,0.01,0.0,0.0,256,20,3,0.5,0.1,0.99,10.0,256,20,0,128,0,5.0,7.5,14.41528423405576,2801.656152380167,0.0,0.0,0.0,
pd,mppi_direct,300.0,1800.0,0.1,0.05,5.0,10.0,10.0,10.0,10,100.0,inf,full,both,inf,180.0,0.01,0.0,0.0,256,20,3,0.5,0.1,0.99,10.0,256,20,0,128,0,5.0,8.190301125854342,14.41528423405576,2838.971517153456,0.0,0.0,0.0,
pd,mppi_direct,300.0,1800.0,0.1,0.05,5.0,inf,10.0,10.0,10,100.0,inf,full,both,inf,180.0,0.01,0.0,0.0,256,20,3,0.5,0.1,0.99,10.0,256,20,0,128,0,5.0,8.190611745830582,14.41528423405576,2838.950693845821,0.0,0.0,0.0,
pd,mppi_direct,300.0,1800.0,0.1,0.075,5.0,1.25,10.0,10.0,10,100.0,inf,full,both,inf,180.0,0.01,0.0,0.0,256,20,3,0.5,0.1,0.99,10.0,256,20,0,128,128,2.950681516044659,1.25,9.678373119376523,9.678373119376529,0.0,0.0,1.0,540.0
pd,mppi_direct,300.0,1800.0,0.1,0.075,5.0,2.5,10.0,10.0,10,100.0,inf,full,both,inf,180.0,0.01,0.0,0.0,256,20,3,0.5,0.1,0.99,10.0,256,20,0,128,128,4.28989260976594,2.5,9.670873284784122,9.670873284784133,0.0,0.0,1.0,740.0
pd,mppi_direct,300.0,1800.0,0.1,0.075,5.0,3.75,10.0,10.0,10,100.0,inf,full,both,inf,180.0,0.01,0.0,0.0,256,20,3,0.5,0.1,0.99,10.0,256,20,0,128,0,5.0,3.75,14.472921828979011,490.3150285776537,0.0,0.0,0.0,
pd,mppi_direct,300.0,1800.0,0.1,0.075,5.0,4.5,10.0,10.0,10,100.0,inf,full,both,inf,180.0,0.01,0.0,0.0,256,20,3,0.5,0.1,0.99,10.0,256,20,0,128,0,5.0,4.5,17.35578771671091,1562.0547012283214,0.0,0.0,0.0,
pd,mppi_direct,300.0,1800.0,0.1,0.075,5.0,5.0,10.0,10.0,10,100.0,inf,full,both,inf,180.0,0.01,0.0,0.0,256,20,3,0.5,0.1,0.99,10.0,256,20,0,128,0,5.0,5.0,19.592007082664708,2319.2153016757093,0.0,0.0,0.0,
pd,mppi_direct,300.0,1800.0,0.1,0.075,5.0,5.5,10.0,10.0,10,100.0,inf,full,both,inf,180.0,0.01,0.0,0.0,256,20,3,0.5,0.1,0.99,10.0,256,20,0,128,0,5.0,5.5,20.58904721127156,2968.546861895054,0.0,0.0,0.0,
pd,mppi_direct,300.0,1800.0,0.1,0.075,5.0,6.25,10.0,10.0,10,100.0,inf,full,both,inf,180.0,0.01,0.0,0.0,256,20,3,0.5,0.1,0.99,10.0,256,20,0,128,0,5.0,6.25,20.9402629232416,3789.709322463045,0.0,0.0,0.0,
pd,mppi_direct,300.0,1800.0,0.1,0.075,5.0,7.5,10.0,10.0,10,100.0,inf,full,both,inf,180.0,0.01,0.0,0.0,256,20,3,0.5,0.1,0.99,10.0,256,20,0,128,0,5.0,7.5,20.90780597550355,4859.833536239048,0.0,0.0,0.0,
pd,mppi_direct,300.0,1800.0,0.1,0.075,5.0,10.0,10.0,10.0,10,100.0,inf,full,both,inf,180.0,0.01,0.0,0.0,256,20,3,0.5,0.1,0.99,10.0,256,20,0,128,0,5.0,10.0,20.914518567492685,6216.009958369553,0.0,0.0,0.0,
pd,mppi_direct,300.0,1800.0,0.1,0.075,5.0,inf,10.0,10.0,10,100.0,inf,full,both,inf,180.0,0.01,0.0,0.0,256,20,3,0.5,0.1,0.99,10.0,256,20,0,128,0,5.0,12.635718858602022,20.914518567492685,6652.244438280511,0.0,0.0,0.0,
pd,mppi_direct,300.0,1800.0,0.1,0.09,5.0,1.25,10.0,10.0,10,100.0,inf,full,both,inf,180.0,0.01,0.0,0.0,256,20,3,0.5,0.1,0.99,10.0,256,20,0,128,128,2.8959562602751165,1.25,9.712567396273736,9.712567396273728,0.0,0.0,1.0,540.0
pd,mppi_direct,300.0,1800.0,0.1,0.09,5.0,2.5,10.0,10.0,10,100.0,inf,full,both,inf,180.0,0.01,0.0,0.0,256,20,3,0.5,0.1,0.99,10.0,256,20,0,128,127,4.298910272564795,2.5,9.674208470997131,12.124550547433913,0.0,0.0,0.9921875,760.0
pd,mppi_direct,300.0,1800.0,0.1,0.09,5.0,3.75,10.0,10.0,10,100.0,inf,full,both,inf,180.0,0.01,0.0,0.0,256,20,3,0.5,0.1,0.99,10.0,256,20,0,128,0,5.0,3.75,36.39371004035876,931.264844020962,0.0,0.0,0.0,
pd,mppi_direct,300.0,1800.0,0.1,0.09,5.0,4.5,10.0,10.0,10,100.0,inf,full,both,inf,180.0,0.01,0.0,0.0,256,20,3,0.5,0.1,0.99,10.0,256,20,0,128,0,5.0,4.5,36.69628544908416,2138.0744940465725,0.0,0.0,0.0,
pd,mppi_direct,300.0,1800.0,0.1,0.09,5.0,5.0,10.0,10.0,10,100.0,inf,full,both,inf,180.0,0.01,0.0,0.0,256,20,3,0.5,0.1,0.99,10.0,256,20,0,128,0,5.0,5.0,36.07469739155359,2876.423827798394,0.0,0.0,0.0,
pd,mppi_direct,300.0,1800.0,0.1,0.09,5.0,5.5,10.0,10.0,10,100.0,inf,full,both,inf,180.0,0.01,0.0,0.0,256,20,3,0.5,0.1,0.99,10.0,256,20,0,128,0,5.0,5.5,36.13338973354437,3557.381538679197,0.0,0.0,0.0,
pd,mppi_direct,300.0,1800.0,0.1,0.09,5.0,6.25,10.0,10.0,10,100.0,inf,full,both,inf,180.0,0.01,0.0,0.0,256,20,3,0.5,0.1,0.99,10.0,256,20,0,128,0,5.0,6.25,35.988505651491494,4551.643895254513,0.0,0.0,0.0,
pd,mppi_direct,300.0,1800.0,0.1,0.09,5.0,7.5,10.0,10.0,10,100.0,inf,full,both,inf,180.0,0.01,0.0,0.0,256,20,3,0.5,0.1,0.99,10.0,256,20,0,128,0,5.0,7.5,35.985645918306645,5892.804001311024,0.0,0.0,0.0,
pd,mppi_direct,300.0,1800.0,0.1,0.09,5.0,10.0,10.0,10.0,10,100.0,inf,full,both,inf,180.0,0.01,0.0,0.0,256,20,3,0.5,0.1,0.99,10.0,256,20,0,128,0,5.0,10.0,35.98563409504193,7860.287219751683,0.0,0.0,0.0,
pd,mppi_direct,300.0,1800.0,0.1,0.09,5.0,inf,10.0,10.0,10,100.0,inf,full,both,inf,180.0,0.01,0.0,0.0,256,20,3,0.5,0.1,0.99,10.0,256,20,0,128,0,5.0,15.29809447786932,35.98563409504193,9395.088273785625,0.0,0.0,0.0,
pd,mppi_direct,300.0,1800.0,0.1,0.1,5.0,1.25,10.0,10.0,10,100.0,inf,full,both,inf,180.0,0.01,0.0,0.0,256,20,3,0.5,0.1,0.99,10.0,256,20,0,128,128,2.857119359314276,1.25,9.647307668903242,9.64730766890324,0.0,0.0,1.0,540.0
pd,mppi_direct,300.0,1800.0,0.1,0.1,5.0,2.5,10.0,10.0,10,100.0,inf,full,both,inf,180.0,0.01,0.0,0.0,256,20,3,0.5,0.1,0.99,10.0,256,20,0,128,125,4.467515106916162,2.5,9.772633638934936,20.10032206571117,0.0,0.0,0.9765625,780.0
pd,mppi_direct,300.0,1800.0,0.1,0.1,5.0,3.75,10.0,10.0,10,100.0,inf,full,both,inf,180.0,0.01,0.0,0.0,256,20,3,0.5,0.1,0.99,10.0,256,20,0,128,0,5.0,3.75,41.973888477504026,973.014350630969,0.0,0.0,0.0,
pd,mppi_direct,300.0,1800.0,0.1,0.1,5.0,4.5,10.0,10.0,10,100.0,inf,full,both,inf,180.0,0.01,0.0,0.0,256,20,3,0.5,0.1,0.99,10.0,256,20,0,128,0,5.0,4.5,43.04627478954779,2152.4551175666606,0.0,0.0,0.0,
pd,mppi_direct,300.0,1800.0,0.1,0.1,5.0,5.0,10.0,10.0,10,100.0,inf,full,both,inf,180.0,0.01,0.0,0.0,256,20,3,0.5,0.1,0.99,10.0,256,20,0,128,0,5.0,5.0,42.661038551204506,2898.6835427044125,0.0,0.0,0.0,
pd,mppi_direct,300.0,1800.0,0.1,0.1,5.0,5.5,10.0,10.0,10,100.0,inf,full,both,inf,180.0,0.01,0.0,0.0,256,20,3,0.5,0.1,0.99,10.0,256,20,0,128,0,5.0,5.5,42.00061091869761,3641.966736434324,0.0,0.0,0.0,
pd,mppi_direct,300.0,1800.0,0.1,0.1,5.0,6.25,10.0,10.0,10,100.0,inf,full,both,inf,180.0,0.01,0.0,0.0,256,20,3,0.5,0.1,0.99,10.0,256,20,0,128,0,5.0,6.25,42.04758210000136,4619.91554585802,0.0,0.0,0.0,
pd,mppi_direct,300.0,1800.0,0.1,0.1,5.0,7.5,10.0,10.0,10,100.0,inf,full,both,inf,180.0,0.01,0.0,0.0,256,20,3,0.5,0.1,0.99,10.0,256,20,0,128,0,5.0,7.5,41.94054501824783,6114.412537675864,0.0,0.0,0.0,
pd,mppi_direct,300.0,1800.0,0.1,0.1,5.0,10.0,10.0,10.0,10,100.0,inf,full,both,inf,180.0,0.01,0.0,0.0,256,20,3,0.5,0.1,0.99,10.0,256,20,0,128,0,5.0,10.0,41.93907020932681,8411.637606653616,0.0,0.0,0.0,
pd,mppi_direct,300.0,1800.0,0.1,0.1,5.0,inf,10.0,10.0,10,100.0,inf,full,both,inf,180.0,0.01,0.0,0.0,256,20,3,0.5,0.1,0.99,10.0,256,20,0,128,0,5.0,17.033873677837665,41.93907020932681,10906.061484601963,0.0,0.0,0.0,
pd,mppi_direct,300.0,1800.0,0.1,0.11,5.0,1.25,10.0,10.0,10,100.0,inf,full,both,inf,180.0,0.01,0.0,0.0,256,20,3,0.5,0.1,0.99,10.0,256,20,0,128,128,2.835759193024033,1.25,9.655630854638316,9.655630854638307,0.0,0.0,1.0,545.0
pd,mppi_direct,300.0,1800.0,0.1,0.11,5.0,2.5,10.0,10.0,10,100.0,inf,full,both,inf,180.0,0.01,0.0,0.0,256,20,3,0.5,0.1,0.99,10.0,256,20,0,128,120,4.682134230115729,2.5,9.9742157424086,38.44833968704951,0.0,0.0,0.9375,840.0
pd,mppi_direct,300.0,1800.0,0.1,0.11,5.0,3.75,10.0,10.0,10,100.0,inf,full,both,inf,180.0,0.01,0.0,0.0,256,20,3,0.5,0.1,0.99,10.0,256,20,0,128,0,5.0,3.75,46.15831187849535,1006.305702427926,0.0,0.0,0.0,
pd,mppi_direct,300.0,1800.0,0.1,0.11,5.0,4.5,10.0,10.0,10,100.0,inf,full,both,inf,180.0,0.01,0.0,0.0,256,20,3,0.5,0.1,0.99,10.0,256,20,0,128,0,5.0,4.5,47.29260171229885,2199.2689121414965,0.0,0.0,0.0,
pd,mppi_direct,300.0,1800.0,0.1,0.11,5.0,5.0,10.0,10.0,10,100.0,inf,full,both,inf,180.0,0.01,0.0,0.0,256,20,3,0.5,0.1,0.99,10.0,256,20,0,128,0,5.0,5.0,48.54097272401017,2997.8318726968764,0.0,0.0,0.0,
pd,mppi_direct,300.0,1800.0,0.1,0.11,5.0,5.5,10.0,10.0,10,100.0,inf,full,both,inf,180.0,0.01,0.0,0.0,256,20,3,0.5,0.1,0.99,10.0,256,20,0,128,0,5.0,5.5,48.39267346530648,3770.589693254351,0.0,0.0,0.0,
pd,mppi_direct,300.0,1800.0,0.1,0.11,5.0,6.25,10.0,10.0,10,100.0,inf,full,both,inf,180.0,0.01,0.0,0.0,256,20,3,0.5,0.1,0.99,10.0,256,20,0,128,0,5.0,6.25,47.92556813305692,4834.224208818743,0.0,0.0,0.0,
pd,mppi_direct,300.0,1800.0,0.1,0.11,5.0,7.5,10.0,10.0,10,100.0,inf,full,both,inf,180.0,0.01,0.0,0.0,256,20,3,0.5,0.1,0.99,10.0,256,20,0,128,0,5.0,7.5,47.880487567217095,6422.974456358486,0.0,0.0,0.0,
pd,mppi_direct,300.0,1800.0,0.1,0.11,5.0,10.0,10.0,10.0,10,100.0,inf,full,both,inf,180.0,0.01,0.0,0.0,256,20,3,0.5,0.1,0.99,10.0,256,20,0,128,0,5.0,10.0,47.86980910108692,8982.588766778903,0.0,0.0,0.0,
pd,mppi_direct,300.0,1800.0,0.1,0.11,5.0,inf,10.0,10.0,10,100.0,inf,full,both,inf,180.0,0.01,0.0,0.0,256,20,3,0.5,0.1,0.99,10.0,256,20,0,128,0,5.0,18.75764487288481,47.86980910108692,12556.194110056673,0.0,0.0,0.0,
pd,mppi_direct,300.0,1800.0,0.1,0.125,5.0,1.25,10.0,10.0,10,100.0,inf,full,both,inf,180.0,0.01,0.0,0.0,256,20,3,0.5,0.1,0.99,10.0,256,20,0,128,128,2.8013029604768405,1.25,9.68310595358158,9.683105953581578,0.0,0.0,1.0,550.0
pd,mppi_direct,300.0,1800.0,0.1,0.125,5.0,2.5,10.0,10.0,10,100.0,inf,full,both,inf,180.0,0.01,0.0,0.0,256,20,3,0.5,0.1,0.99,10.0,256,20,0,128,110,4.8334670763951815,2.5,10.73579348039139,83.9304539938036,0.0,0.0,0.859375,850.0
pd,mppi_direct,300.0,1800.0,0.1,0.125,5.0,3.75,10.0,10.0,10,100.0,inf,full,both,inf,180.0,0.01,0.0,0.0,256,20,3,0.5,0.1,0.99,10.0,256,20,0,128,0,5.0,3.75,53.68041360399978,1061.2455810607191,0.0,0.0,0.0,
pd,mppi_direct,300.0,1800.0,0.1,0.125,5.0,4.5,10.0,10.0,10,100.0,inf,full,both,inf,180.0,0.01,0.0,0.0,256,20,3,0.5,0.1,0.99,10.0,256,20,0,128,0,5.0,4.5,58.07950442723839,2317.20257051017,0.0,0.0,0.0,
pd,mppi_direct,300.0,1800.0,0.1,0.125,5.0,5.0,10.0,10.0,10,100.0,inf,full,both,inf,180.0,0.01,0.0,0.0,256,20,3,0.5,0.1,0.99,10.0,256,20,0,128,0,5.0,5.0,56.86706685352652,3141.147375992855,0.0,0.0,0.0,
pd,mppi_direct,300.0,1800.0,0.1,0.125,5.0,5.5,10.0,10.0,10,100.0,inf,full,both,inf,180.0,0.01,0.0,0.0,256,20,3,0.5,0.1,0.99,10.0,256,20,0,128,0,5.0,5.5,57.67337964329895,3955.157397550327,0.0,0.0,0.0,
pd,mppi_direct,300.0,1800.0,0.1,0.125,5.0,6.25,10.0,10.0,10,100.0,inf,full,both,inf,180.0,0.01,0.0,0.0,256,20,3,0.5,0.1,0.99,10.0,256,20,0,128,0,5.0,6.25,57.574377046800784,5127.791504470657,0.0,0.0,0.0,
pd,mppi_direct,300.0,1800.0,0.1,0.125,5.0,7.5,10.0,10.0,10,100.0,inf,full,both,inf,180.0,0.01,0.0,0.0,256,20,3,0.5,0.1,0.99,10.0,256,20,0,128,0,5.0,7.5,57.539609153436,6889.191492516422,0.0,0.0,0.0,
pd,mppi_direct,300.0,1800.0,0.1,0.125,5.0,10.0,10.0,10.0,10,100.0,inf,full,both,inf,180.0,0.01,0.0,0.0,256,20,3,0.5,0.1,0.99,10.0,256,20,0,128,0,5.0,10.0,57.5448937705717,9862.104939582368,0.0,0.0,0.0,
pd,mppi_direct,300.0,1800.0,0.1,0.125,5.0,inf,10.0,10.0,10,100.0,inf,full,both,inf,180.0,0.01,0.0,0.0,256,20,3,0.5,0.1,0.99,10.0,256,20,0,128,0,5.0,21.339912472763416,57.5449053922748,15219.386587380352,0.0,0.0,0.0,
pd,mppi_direct,300.0,1800.0,0.1,0.15,5.0,1.25,10.0,10.0,10,100.0,inf,full,both,inf,180.0,0.01,0.0,0.0,256,20,3,0.5,0.1,0.99,10.0,256,20,0,128,128,2.767304206609761,1.25,9.673848707280468,9.67384870728047,0.0,0.0,1.0,565.0
pd,mppi_direct,300.0,1800.0,0.1,0.15,5.0,2.5,10.0,10.0,10,100.0,inf,full,both,inf,180.0,0.01,0.0,0.0,256,20,3,0.5,0.1,0.99,10.0,256,20,0,128,99,4.85536446729084,2.5,13.031873930574806,167.93161785058507,0.0,0.0,0.7734375,850.0
pd,mppi_direct,300.0,1800.0,0.1,0.15,5.0,3.75,10.0,10.0,10,100.0,inf,full,both,inf,180.0,0.01,0.0,0.0,256,20,3,0.5,0.1,0.99,10.0,256,20,0,128,0,5.0,3.75,69.25121494978761,1170.9499439508106,0.0,0.0,0.0,
pd,mppi_direct,300.0,1800.0,0.1,0.15,5.0,4.5,10.0,10.0,10,100.0,inf,full,both,inf,180.0,0.01,0.0,0.0,256,20,3,0.5,0.1,0.99,10.0,256,20,0,128,0,5.0,4.5,72.5732294959524,2506.155095160625,0.0,0.0,0.0,
pd,mppi_direct,300.0,1800.0,0.1,0.15,5.0,5.0,10.0,10.0,10,100.0,inf,full,both,inf,180.0,0.01,0.0,0.0,256,20,3,0.5,0.1,0.99,10.0,256,20,0,128,0,5.0,5.0,72.47072636480787,3391.5913158479043,0.0,0.0,0.0,
pd,mppi_direct,300.0,1800.0,0.1,0.15,5.0,5.5,10.0,10.0,10,100.0,inf,full,both,inf,180.0,0.01,0.0,0.0,256,20,3,0.5,0.1,0.99,10.0,256,20,0,128,0,5.0,5.5,76.7716458418872,4304.591824276896,0.0,0.0,0.0,
pd,mppi_direct,300.0,1800.0,0.1,0.15,5.0,6.25,10.0,10.0,10,100.0,inf,full,both,inf,180.0,0.01,0.0,0.0,256,20,3,0.5,0.1,0.99,10.0,256,20,0,128,0,5.0,6.25,74.87327062428848,5533.594368250293,0.0,0.0,0.0,
pd,mppi_direct,300.0,1800.0,0.1,0.15,5.0,7.5,10.0,10.0,10,100.0,inf,full,both,inf,180.0,0.01,0.0,0.0,256,20,3,0.5,0.1,0.99,10.0,256,20,0,128,0,5.0,7.5,77.13727452116773,7571.55797042367,0.0,0.0,0.0,
pd,mppi_direct,300.0,1800.0,0.1,0.15,5.0,10.0,10.0,10.0,10,100.0,inf,full,both,inf,180.0,0.01,0.0,0.0,256,20,3,0.5,0.1,0.99,10.0,256,20,0,128,0,5.0,10.0,76.6820655792722,11003.52710771353,0.0,0.0,0.0,
pd,mppi_direct,300.0,1800.0,0.1,0.15,5.0,inf,10.0,10.0,10,100.0,inf,full,both,inf,180.0,0.01,0.0,0.0,256,20,3,0.5,0.1,0.99,10.0,256,20,0,128,0,5.0,25.618742025797623,76.67740033157385,19683.50843551508,0.0,0.0,0.0,
pd,mppi_direct,300.0,1800.0,0.1,0.2,5.0,1.25,10.0,10.0,10,100.0,inf,full,both,inf,180.0,0.01,0.0,0.0,256,20,3,0.5,0.1,0.99,10.0,256,20,0,128,128,2.8169145554039257,1.25,9.676219563974623,9.676219563974628,0.0,0.0,1.0,590.0
pd,mppi_direct,300.0,1800.0,0.1,0.2,5.0,2.5,10.0,10.0,10,100.0,inf,full,both,inf,180.0,0.01,0.0,0.0,256,20,3,0.5,0.1,0.99,10.0,256,20,0,128,78,4.84316681364495,2.5,20.559356905929054,310.6517771511044,0.0,0.0,0.609375,840.0
pd,mppi_direct,300.0,1800.0,0.1,0.2,5.0,3.75,10.0,10.0,10,100.0,inf,full,both,inf,180.0,0.01,0.0,0.0,256,20,3,0.5,0.1,0.99,10.0,256,20,0,128,0,5.0,3.75,121.61273326490203,1522.7703292234692,0.0,0.0,0.0,
pd,mppi_direct,300.0,1800.0,0.1,0.2,5.0,4.5,10.0,10.0,10,100.0,inf,full,both,inf,180.0,0.01,0.0,0.0,256,20,3,0.5,0.1,0.99,10.0,256,20,0,128,0,5.0,4.5,110.7919177694722,2820.405906260072,0.0,0.0,0.0,
pd,mppi_direct,300.0,1800.0,0.1,0.2,5.0,5.0,10.0,10.0,10,100.0,inf,full,both,inf,180.0,0.01,0.0,0.0,256,20,3,0.5,0.1,0.99,10.0,256,20,0,128,0,5.0,5.0,119.92522260501453,3933.198828517328,0.0,0.0,0.0,
pd,mppi_direct,300.0,1800.0,0.1,0.2,5.0,5.5,10.0,10.0,10,100.0,inf,full,both,inf,180.0,0.01,0.0,0.0,256,20,3,0.5,0.1,0.99,10.0,256,20,0,128,0,5.0,5.5,124.24875518704214,5006.844242319982,0.0,0.0,0.0,
pd,mppi_direct,300.0,1800.0,0.1,0.2,5.0,6.25,10.0,10.0,10,100.0,inf,full,both,inf,180.0,0.01,0.0,0.0,256,20,3,0.5,0.1,0.99,10.0,256,20,0,128,0,5.0,6.25,123.17892225459356,6469.801416590422,0.0,0.0,0.0,
pd,mppi_direct,300.0,1800.0,0.1,0.2,5.0,7.5,10.0,10.0,10,100.0,inf,full,both,inf,180.0,0.01,0.0,0.0,256,20,3,0.5,0.1,0.99,10.0,256,20,0,128,0,5.0,7.5,124.99616580472689,8810.348198948946,0.0,0.0,0.0,
pd,mppi_direct,300.0,1800.0,0.1,0.2,5.0,10.0,10.0,10.0,10,100.0,inf,full,both,inf,180.0,0.01,0.0,0.0,256,20,3,0.5,0.1,0.99,10.0,256,20,0,128,0,5.0,10.0,128.35056149045968,12948.95769046253,0.0,0.0,0.0,
pd,mppi_direct,300.0,1800.0,0.1,0.2,5.0,inf,10.0,10.0,10,100.0,inf,full,both,inf,180.0,0.01,0.0,0.0,256,20,3,0.5,0.1,0.99,10.0,256,20,0,128,0,5.0,34.214781084586505,127.34053422489929,29171.751413222595,0.0,0.0,0.0,
pd,mppi_lqr,300.0,1800.0,0.1,0.025,5.0,1.25,10.0,10.0,10,100.0,inf,full,both,inf,180.0,0.01,0.0,0.0,256,20,3,0.5,0.1,0.99,10.0,256,20,0,128,128,2.601448979667516,1.25,9.6992679693637,9.6992679693637,0.0,0.0,1.0,860.0
pd,mppi_lqr,300.0,1800.0,0.1,0.025,5.0,2.5,10.0,10.0,10,100.0,inf,full,both,inf,180.0,0.01,0.0,0.0,256,20,3,0.5,0.1,0.99,10.0,256,20,0,128,128,3.701050643557336,2.5,9.68340249698745,9.683402496987442,0.0,0.0,1.0,1410.0
pd,mppi_lqr,300.0,1800.0,0.1,0.025,5.0,3.75,10.0,10.0,10,100.0,inf,full,both,inf,180.0,0.01,0.0,0.0,256,20,3,0.5,0.1,0.99,10.0,256,20,0,128,0,4.807161899021805,3.748094617546228,19.1110805700412,21.996909864222857,0.0,0.0,0.0,
pd,mppi_lqr,300.0,1800.0,0.1,0.025,5.0,4.5,10.0,10.0,10,100.0,inf,full,both,inf,180.0,0.01,0.0,0.0,256,20,3,0.5,0.1,0.99,10.0,256,20,0,128,0,4.824534215333318,3.840525106621578,18.870513643066666,21.304697410630528,0.0,0.0,0.0,
pd,mppi_lqr,300.0,1800.0,0.1,0.025,5.0,5.0,10.0,10.0,10,100.0,inf,full,both,inf,180.0,0.01,0.0,0.0,256,20,3,0.5,0.1,0.99,10.0,256,20,0,128,0,4.822524291832636,3.8422062699392168,18.93974626951663,21.266567142115004,0.0,0.0,0.0,
pd,mppi_lqr,300.0,1800.0,0.1,0.025,5.0,5.5,10.0,10.0,10,100.0,inf,full,both,inf,180.0,0.01,0.0,0.0,256,20,3,0.5,0.1,0.99,10.0,256,20,0,128,0,4.822547689708213,3.842240176896473,18.940414344278626,21.268224517437503,0.0,0.0,0.0,
pd,mppi_lqr,300.0,1800.0,0.1,0.025,5.0,6.25,10.0,10.0,10,100.0,inf,full,both,inf,180.0,0.01,0.0,0.0,256,20,3,0.5,0.1,0.99,10.0,256,20,0,128,0,4.822547689708213,3.842240176896473,18.940414344278626,21.268224517437503,0.0,0.0,0.0,
pd,mppi_lqr,300.0,1800.0,0.1,0.025,5.0,7.5,10.0,10.0,10,100.0,inf,full,both,inf,180.0,0.01,0.0,0.0,256,20,3,0.5,0.1,0.99,10.0,256,20,0,128,0,4.822547689708213,3.842240176896473,18.940414344278626,21.268224517437503,0.0,0.0,0.0,
pd,mppi_lqr,300.0,1800.0,0.1,0.025,5.0,10.0,10.0,10.0,10,100.0,inf,full,both,inf,180.0,0.01,0.0,0.0,256,20,3,0.5,0.1,0.99,10.0,256,20,0,128,0,4.822547689708213,3.842240176896473,18.940414344278626,21.268224517437503,0.0,0.0,0.0,
pd,mppi_lqr,300.0,1800.0,0.1,0.025,5.0,inf,10.0,10.0,10,100.0,inf,full,both,inf,180.0,0.01,0.0,0.0,256,20,3,0.5,0.1,0.99,10.0,256,20,0,128,0,4.822547689708213,3.842240176896473,18.940414344278626,21.268224517437503,0.0,0.0,0.0,
pd,mppi_lqr,300.0,1800.0,0.1,0.05,5.0,1.25,10.0,10.0,10,100.0,inf,full,both,inf,180.0,0.01,0.0,0.0,256,20,3,0.5,0.1,0.99,10.0,256,20,0,128,128,2.842646992794463,1.25,9.650665929772606,9.650665929772602,0.0,0.0,1.0,690.0
pd,mppi_lqr,300.0,1800.0,0.1,0.05,5.0,2.5,10.0,10.0,10,100.0,inf,full,both,inf,180.0,0.01,0.0,0.0,256,20,3,0.5,0.1,0.99,10.0,256,20,0,128,128,3.4440476599148497,2.5,9.6938802893546,9.693880289354595,0.0,0.0,1.0,910.0
pd,mppi_lqr,300.0,1800.0,0.1,0.05,5.0,3.75,10.0,10.0,10,100.0,inf,full,both,inf,180.0,0.01,0.0,0.0,256,20,3,0.5,0.1,0.99,10.0,256,20,0,128,128,4.528864817173854,3.75,9.68103224481867,9.681032244818685,0.0,0.0,1.0,1150.0
pd,mppi_lqr,300.0,1800.0,0.1,0.05,5.0,4.5,10.0,10.0,10,100.0,inf,full,both,inf,180.0,0.01,0.0,0.0,256,20,3,0.5,0.1,0.99,10.0,256,20,0,128,37,4.96085555494334,4.5,26.983322894815096,312.2269519591287,0.0,0.0,0.2890625,1300.0
pd,mppi_lqr,300.0,1800.0,0.1,0.05,5.0,5.0,10.0,10.0,10,100.0,inf,full,both,inf,180.0,0.01,0.0,0.0,256,20,3,0.5,0.1,0.99,10.0,256,20,0,128,1,5.0,5.0,35.28651591097469,652.6369633685684,0.0,0.0,0.0078125,1370.0
pd,mppi_lqr,300.0,1800.0,0.1,0.05,5.0,5.5,10.0,10.0,10,100.0,inf,full,both,inf,180.0,0.01,0.0,0.0,256,20,3,0.5,0.1,0.99,10.0,256,20,0,128,0,5.0,5.5,35.856965598433234,946.57641120544,0.0,0.0,0.0,
pd,mppi_lqr,300.0,1800.0,0.1,0.05,5.0,6.25,10.0,10.0,10,100.0,inf,full,both,inf,180.0,0.01,0.0,0.0,256,20,3,0.5,0.1,0.99,10.0,256,20,0,128,0,5.0,6.25,36.26666219541201,1344.8892579544126,0.0,0.0,0.0,
pd,mppi_lqr,300.0,1800.0,0.1,0.05,5.0,7.5,10.0,10.0,10,100.0,inf,full,both,inf,180.0,0.01,0.0,0.0,256,20,3,0.5,0.1,0.99,10.0,256,20,0,128,0,5.0,7.5,36.20706008662042,1726.9096935326825,0.0,0.0,0.0,
pd,mppi_lqr,300.0,1800.0,0.1,0.05,5.0,10.0,10.0,10.0,10,100.0,inf,full,both,inf,180.0,0.01,0.0,0.0,256,20,3,0.5,0.1,0.99,10.0,256,20,0,128,0,5.0,8.40914563763223,36.20524684702831,1794.6237887486132,0.0,0.0,0.0,
pd,mppi_lqr,300.0,1800.0,0.1,0.05,5.0,inf,10.0,10.0,10,100.0,inf,full,both,inf,180.0,0.01,0.0,0.0,256,20,3,0.5,0.1,0.99,10.0,256,20,0,128,0,5.0,8.409572542212349,36.20524684702831,1794.539720440857,0.0,0.0,0.0,
pd,mppi_lqr,300.0,1800.0,0.1,0.075,5.0,1.25,10.0,10.0,10,100.0,inf,full,both,inf,180.0,0.01,0.0,0.0,256,20,3,0.5,0.1,0.99,10.0,256,20,0,128,128,3.37735842792874,1.25,9.664675351254308,9.664675351254305,0.0,0.0,1.0,710.0
pd,mppi_lqr,300.0,1800.0,0.1,0.075,5.0,2.5,10.0,10.0,10,100.0,inf,full,both,inf,180.0,0.01,0.0,0.0,256,20,3,0.5,0.1,0.99,10.0,256,20,0,128,118,4.149424027038723,2.5,10.168708116087863,39.30099746455788,0.0,0.0,0.921875,790.0
pd,mppi_lqr,300.0,1800.0,0.1,0.075,5.0,3.75,10.0,10.0,10,100.0,inf,full,both,inf,180.0,0.01,0.0,0.0,256,20,3,0.5,0.1,0.99,10.0,256,20,0,128,70,4.786663633140299,3.75,39.04633564739223,567.5173631271987,0.0,0.0,0.546875,940.0
pd,mppi_lqr,300.0,1800.0,0.1,0.075,5.0,4.5,10.0,10.0,10,100.0,inf,full,both,inf,180.0,0.01,0.0,0.0,256,20,3,0.5,0.1,0.99,10.0,256,20,0,128,17,4.986880507198664,4.5,57.28319779677103,1807.254762788298,0.0,0.0,0.1328125,1020.0
pd,mppi_lqr,300.0,1800.0,0.1,0.075,5.0,5.0,10.0,10.0,10,100.0,inf,full,both,inf,180.0,0.01,0.0,0.0,256,20,3,0.5,0.1,0.99,10.0,256,20,0,128,0,5.0,5.0,61.42719450198328,2715.997497819288,0.0,0.0,0.0,
pd,mppi_lqr,300.0,1800.0,0.1,0.075,5.0,5.5,10.0,10.0,10,100.0,inf,full,both,inf,180.0,0.01,0.0,0.0,256,20,3,0.5,0.1,0.99,10.0,256,20,0,128,0,5.0,5.5,62.390048618951575,3279.937603810706,0.0,0.0,0.0,
pd,mppi_lqr,300.0,1800.0,0.1,0.075,5.0,6.25,10.0,10.0,10,100.0,inf,full,both,inf,180.0,0.01,0.0,0.0,256,20,3,0.5,0.1,0.99,10.0,256,20,0,128,0,5.0,6.25,62.46562442134128,4055.056431879477,0.0,0.0,0.0,
pd,mppi_lqr,300.0,1800.0,0.1,0.075,5.0,7.5,10.0,10.0,10,100.0,inf,full,both,inf,180.0,0.01,0.0,0.0,256,20,3,0.5,0.1,0.99,10.0,256,20,0,128,0,5.0,7.5,62.23535268855714,5158.372015191105,0.0,0.0,0.0,
pd,mppi_lqr,300.0,1800.0,0.1,0.075,5.0,10.0,10.0,10.0,10,100.0,inf,full,both,inf,180.0,0.01,0.0,0.0,256,20,3,0.5,0.1,0.99,10.0,256,20,0,128,0,5.0,10.0,62.21981830586969,6569.716833645149,0.0,0.0,0.0,
pd,mppi_lqr,300.0,1800.0,0.1,0.075,5.0,inf,10.0,10.0,10,100.0,inf,full,both,inf,180.0,0.01,0.0,0.0,256,20,3,0.5,0.1,0.99,10.0,256,20,0,128,0,5.0,12.837042521970094,62.21981830586969,7074.09885683909,0.0,0.0,0.0,
pd,mppi_lqr,300.0,1800.0,0.1,0.09,5.0,1.25,10.0,10.0,10,100.0,inf,full,both,inf,180.0,0.01,0.0,0.0,256,20,3,0.5,0.1,0.99,10.0,256,20,0,128,128,3.4794411440275246,1.25,9.66202881588883,9.662028815888824,0.0,0.0,1.0,730.0
pd,mppi_lqr,300.0,1800.0,0.1,0.09,5.0,2.5,10.0,10.0,10,100.0,inf,full,both,inf,180.0,0.01,0.0,0.0,256,20,3,0.5,0.1,0.99,10.0,256,20,0,128,94,4.725805863357386,2.5,13.108044846951485,130.2487109252698,0.0,0.0,0.734375,840.0
pd,mppi_lqr,300.0,1800.0,0.1,0.09,5.0,3.75,10.0,10.0,10,100.0,inf,full,both,inf,180.0,0.01,0.0,0.0,256,20,3,0.5,0.1,0.99,10.0,256,20,0,128,12,4.965698649843011,3.75,155.70820388307203,1344.339918513174,0.0,0.0,0.09375,860.0
pd,mppi_lqr,300.0,1800.0,0.1,0.09,5.0,4.5,10.0,10.0,10,100.0,inf,full,both,inf,180.0,0.01,0.0,0.0,256,20,3,0.5,0.1,0.99,10.0,256,20,0,128,2,5.0,4.5,161.6568884751174,2522.104221801347,0.0,0.0,0.015625,930.0
pd,mppi_lqr,300.0,1800.0,0.1,0.09,5.0,5.0,10.0,10.0,10,100.0,inf,full,both,inf,180.0,0.01,0.0,0.0,256,20,3,0.5,0.1,0.99,10.0,256,20,0,128,0,5.0,5.0,161.24834871933476,3327.7075780643418,0.0,0.0,0.0,
pd,mppi_lqr,300.0,1800.0,0.1,0.09,5.0,5.5,10.0,10.0,10,100.0,inf,full,both,inf,180.0,0.01,0.0,0.0,256,20,3,0.5,0.1,0.99,10.0,256,20,0,128,0,5.0,5.5,158.43208196891834,4033.6240908310688,0.0,0.0,0.0,
pd,mppi_lqr,300.0,1800.0,0.1,0.09,5.0,6.25,10.0,10.0,10,100.0,inf,full,both,inf,180.0,0.01,0.0,0.0,256,20,3,0.5,0.1,0.99,10.0,256,20,0,128,0,5.0,6.25,157.7592985983598,5052.513673915872,0.0,0.0,0.0,
pd,mppi_lqr,300.0,1800.0,0.1,0.09,5.0,7.5,10.0,10.0,10,100.0,inf,full,both,inf,180.0,0.01,0.0,0.0,256,20,3,0.5,0.1,0.99,10.0,256,20,0,128,0,5.0,7.5,157.14602746236645,6461.24697228507,0.0,0.0,0.0,
pd,mppi_lqr,300.0,1800.0,0.1,0.09,5.0,10.0,10.0,10.0,10,100.0,inf,full,both,inf,180.0,0.01,0.0,0.0,256,20,3,0.5,0.1,0.99,10.0,256,20,0,128,0,5.0,10.0,157.19358066078212,8539.166654490376,0.0,0.0,0.0,
pd,mppi_lqr,300.0,1800.0,0.1,0.09,5.0,inf,10.0,10.0,10,100.0,inf,full,both,inf,180.0,0.01,0.0,0.0,256,20,3,0.5,0.1,0.99,10.0,256,20,0,128,0,5.0,15.455889968511269,157.19358066066982,10197.026917799496,0.0,0.0,0.0,
pd,mppi_lqr,300.0,1800.0,0.1,0.1,5.0,1.25,10.0,10.0,10,100.0,inf,full,both,inf,180.0,0.01,0.0,0.0,256,20,3,0.5,0.1,0.99,10.0,256,20,0,128,128,3.5304559310692523,1.25,9.646759225052596,9.646759225052593,0.0,0.0,1.0,730.0
pd,mppi_lqr,300.0,1800.0,0.1,0.1,5.0,2.5,10.0,10.0,10,100.0,inf,full,both,inf,180.0,0.01,0.0,0.0,256,20,3,0.5,0.1,0.99,10.0,256,20,0,128,73,4.844955062265631,2.5,16.25014705731436,220.9079907256024,0.0,0.0,0.5703125,850.0
pd,mppi_lqr,300.0,1800.0,0.1,0.1,5.0,3.75,10.0,10.0,10,100.0,inf,full,both,inf,180.0,0.01,0.0,0.0,256,20,3,0.5,0.1,0.99,10.0,256,20,0,128,2,5.0,3.75,213.52683949269323,1456.061695959217,0.0,0.0,0.015625,825.0
pd,mppi_lqr,300.0,1800.0,0.1,0.1,5.0,4.5,10.0,10.0,10,100.0,inf,full,both,inf,180.0,0.01,0.0,0.0,256,20,3,0.5,0.1,0.99,10.0,256,20,0,128,0,5.0,4.5,230.20350162923629,2545.2863952850503,0.0,0.0,0.0,
pd,mppi_lqr,300.0,1800.0,0.1,0.1,5.0,5.0,10.0,10.0,10,100.0,inf,full,both,inf,180.0,0.01,0.0,0.0,256,20,3,0.5,0.1,0.99,10.0,256,20,0,128,0,5.0,5.0,228.7193914658527,3367.063137881488,0.0,0.0,0.0,
pd,mppi_lqr,300.0,1800.0,0.1,0.1,5.0,5.5,10.0,10.0,10,100.0,inf,full,both,inf,180.0,0.01,0.0,0.0,256,20,3,0.5,0.1,0.99,10.0,256,20,0,128,0,5.0,5.5,227.8616382614392,4140.433253592585,0.0,0.0,0.0,
pd,mppi_lqr,300.0,1800.0,0.1,0.1,5.0,6.25,10.0,10.0,10,100.0,inf,full,both,inf,180.0,0.01,0.0,0.0,256,20,3,0.5,0.1,0.99,10.0,256,20,0,128,0,5.0,6.25,225.6945874134616,5244.028261447071,0.0,0.0,0.0,
pd,mppi_lqr,300.0,1800.0,0.1,0.1,5.0,7.5,10.0,10.0,10,100.0,inf,full,both,inf,180.0,0.01,0.0,0.0,256,20,3,0.5,0.1,0.99,10.0,256,20,0,128,0,5.0,7.5,224.5183271607277,6850.962534717023,0.0,0.0,0.0,
pd,mppi_lqr,300.0,1800.0,0.1,0.1,5.0,10.0,10.0,10.0,10,100.0,inf,full,both,inf,180.0,0.01,0.0,0.0,256,20,3,0.5,0.1,0.99,10.0,256,20,0,128,0,5.0,10.0,224.2241778729956,9284.826265373556,0.0,0.0,0.0,
pd,mppi_lqr,300.0,1800.0,0.1,0.1,5.0,inf,10.0,10.0,10,100.0,inf,full,both,inf,180.0,0.01,0.0,0.0,256,20,3,0.5,0.1,0.99,10.0,256,20,0,128,0,5.0,17.179370522099568,224.2241992527564,11939.005491852986,0.0,0.0,0.0,
pd,mppi_lqr,300.0,1800.0,0.1,0.11,5.0,1.25,10.0,10.0,10,100.0,inf,full,both,inf,180.0,0.01,0.0,0.0,256,20,3,0.5,0.1,0.99,10.0,256,20,0,128,128,3.572701457206618,1.25,9.702081142127014,9.70208114212701,0.0,0.0,1.0,735.0
pd,mppi_lqr,300.0,1800.0,0.1,0.11,5.0,2.5,10.0,10.0,10,100.0,inf,full,both,inf,180.0,0.01,0.0,0.0,256,20,3,0.5,0.1,0.99,10.0,256,20,0,128,56,4.9056089641645615,2.5,20.26749656601471,328.3318514587488,0.0,0.0,0.4375,850.0
pd,mppi_lqr,300.0,1800.0,0.1,0.11,5.0,3.75,10.0,10.0,10,100.0,inf,full,both,inf,180.0,0.01,0.0,0.0,256,20,3,0.5,0.1,0.99,10.0,256,20,0,128,0,5.0,3.75,232.5007306909864,1519.7590289621917,0.0,0.0,0.0,
pd,mppi_lqr,300.0,1800.0,0.1,0.11,5.0,4.5,10.0,10.0,10,100.0,inf,full,both,inf,180.0,0.01,0.0,0.0,256,20,3,0.5,0.1,0.99,10.0,256,20,0,128,0,5.0,4.5,269.2621696928168,2481.4747644388594,0.0,0.0,0.0,
pd,mppi_lqr,300.0,1800.0,0.1,0.11,5.0,5.0,10.0,10.0,10,100.0,inf,full,both,inf,180.0,0.01,0.0,0.0,256,20,3,0.5,0.1,0.99,10.0,256,20,0,128,0,5.0,5.0,269.8389803004856,3365.5936247219174,0.0,0.0,0.0,
pd,mppi_lqr,300.0,1800.0,0.1,0.11,5.0,5.5,10.0,10.0,10,100.0,inf,full,both,inf,180.0,0.01,0.0,0.0,256,20,3,0.5,0.1,0.99,10.0,256,20,0,128,0,5.0,5.5,270.476727037641,4194.429620532888,0.0,0.0,0.0,
pd,mppi_lqr,300.0,1800.0,0.1,0.11,5.0,6.25,10.0,10.0,10,100.0,inf,full,both,inf,180.0,0.01,0.0,0.0,256,20,3,0.5,0.1,0.99,10.0,256,20,0,128,0,5.0,6.25,269.15371361912594,5375.178375110548,0.0,0.0,0.0,
pd,mppi_lqr,300.0,1800.0,0.1,0.11,5.0,7.5,10.0,10.0,10,100.0,inf,full,both,inf,180.0,0.01,0.0,0.0,256,20,3,0.5,0.1,0.99,10.0,256,20,0,128,0,5.0,7.5,268.7138230550784,7121.894303364913,0.0,0.0,0.0,
pd,mppi_lqr,300.0,1800.0,0.1,0.11,5.0,10.0,10.0,10.0,10,100.0,inf,full,both,inf,180.0,0.01,0.0,0.0,256,20,3,0.5,0.1,0.99,10.0,256,20,0,128,0,5.0,10.0,268.4551427653494,9843.022435151284,0.0,0.0,0.0,
pd,mppi_lqr,300.0,1800.0,0.1,0.11,5.0,inf,10.0,10.0,10,100.0,inf,full,both,inf,180.0,0.01,0.0,0.0,256,20,3,0.5,0.1,0.99,10.0,256,20,0,128,0,5.0,18.90939622188947,268.4550298846465,13619.301429280857,0.0,0.0,0.0,
pd,mppi_lqr,300.0,1800.0,0.1,0.125,5.0,1.25,10.0,10.0,10,100.0,inf,full,both,inf,180.0,0.01,0.0,0.0,256,20,3,0.5,0.1,0.99,10.0,256,20,0,128,128,3.626848962922304,1.25,9.62987929604575,9.629879296045749,0.0,0.0,1.0,740.0
pd,mppi_lqr,300.0,1800.0,0.1,0.125,5.0,2.5,10.0,10.0,10,100.0,inf,full,both,inf,180.0,0.01,0.0,0.0,256,20,3,0.5,0.1,0.99,10.0,256,20,0,128,37,4.970900609615005,2.5,26.773995459883665,494.27197962452544,0.0,0.0,0.2890625,850.0
pd,mppi_lqr,300.0,1800.0,0.1,0.125,5.0,3.75,10.0,10.0,10,100.0,inf,full,both,inf,180.0,0.01,0.0,0.0,256,20,3,0.5,0.1,0.99,10.0,256,20,0,128,0,5.0,3.75,244.9567438532946,1593.1441635580873,0.0,0.0,0.0,
pd,mppi_lqr,300.0,1800.0,0.1,0.125,5.0,4.5,10.0,10.0,10,100.0,inf,full,both,inf,180.0,0.01,0.0,0.0,256,20,3,0.5,0.1,0.99,10.0,256,20,0,128,0,5.0,4.5,290.7374628032304,2483.7461624382117,0.0,0.0,0.0,
pd,mppi_lqr,300.0,1800.0,0.1,0.125,5.0,5.0,10.0,10.0,10,100.0,inf,full,both,inf,180.0,0.01,0.0,0.0,256,20,3,0.5,0.1,0.99,10.0,256,20,0,128,0,5.0,5.0,290.4584092344397,3396.5674606185435,0.0,0.0,0.0,
pd,mppi_lqr,300.0,1800.0,0.1,0.125,5.0,5.5,10.0,10.0,10,100.0,inf,full,both,inf,180.0,0.01,0.0,0.0,256,20,3,0.5,0.1,0.99,10.0,256,20,0,128,0,5.0,5.5,290.41312592114485,4297.429696996325,0.0,0.0,0.0,
pd,mppi_lqr,300.0,1800.0,0.1,0.125,5.0,6.25,10.0,10.0,10,100.0,inf,full,both,inf,180.0,0.01,0.0,0.0,256,20,3,0.5,0.1,0.99,10.0,256,20,0,128,0,5.0,6.25,290.85527384641443,5566.517384748974,0.0,0.0,0.0,
pd,mppi_lqr,300.0,1800.0,0.1,0.125,5.0,7.5,10.0,10.0,10,100.0,inf,full,both,inf,180.0,0.01,0.0,0.0,256,20,3,0.5,0.1,0.99,10.0,256,20,0,128,0,5.0,7.5,290.4811537179322,7582.7202091956915,0.0,0.0,0.0,
pd,mppi_lqr,300.0,1800.0,0.1,0.125,5.0,10.0,10.0,10.0,10,100.0,inf,full,both,inf,180.0,0.01,0.0,0.0,256,20,3,0.5,0.1,0.99,10.0,256,20,0,128,0,5.0,10.0,290.536320309198,10861.92771106014,0.0,0.0,0.0,
pd,mppi_lqr,300.0,1800.0,0.1,0.125,5.0,inf,10.0,10.0,10,100.0,inf,full,both,inf,180.0,0.01,0.0,0.0,256,20,3,0.5,0.1,0.99,10.0,256,20,0,128,0,5.0,21.48011754204574,290.5363272079645,16561.585803220318,0.0,0.0,0.0,
pd,mppi_lqr,300.0,1800.0,0.1,0.15,5.0,1.25,10.0,10.0,10,100.0,inf,full,both,inf,180.0,0.01,0.0,0.0,256,20,3,0.5,0.1,0.99,10.0,256,20,0,128,128,3.699263024779527,1.25,9.665059079600146,9.665059079600152,0.0,0.0,1.0,750.0
pd,mppi_lqr,300.0,1800.0,0.1,0.15,5.0,2.5,10.0,10.0,10,100.0,inf,full,both,inf,180.0,0.01,0.0,0.0,256,20,3,0.5,0.1,0.99,10.0,256,20,0,128,17,4.991175304868121,2.5,34.292313227872484,688.9689701252723,0.0,0.0,0.1328125,850.0
pd,mppi_lqr,300.0,1800.0,0.1,0.15,5.0,3.75,10.0,10.0,10,100.0,inf,full,both,inf,180.0,0.01,0.0,0.0,256,20,3,0.5,0.1,0.99,10.0,256,20,0,128,0,5.0,3.75,252.7228636752812,1725.1848500622532,0.0,0.0,0.0,
pd,mppi_lqr,300.0,1800.0,0.1,0.15,5.0,4.5,10.0,10.0,10,100.0,inf,full,both,inf,180.0,0.01,0.0,0.0,256,20,3,0.5,0.1,0.99,10.0,256,20,0,128,0,5.0,4.5,292.8940023300322,2642.687746231118,0.0,0.0,0.0,
pd,mppi_lqr,300.0,1800.0,0.1,0.15,5.0,5.0,10.0,10.0,10,100.0,inf,full,both,inf,180.0,0.01,0.0,0.0,256,20,3,0.5,0.1,0.99,10.0,256,20,0,128,0,5.0,5.0,295.66517323696075,3560.622004050395,0.0,0.0,0.0,
pd,mppi_lqr,300.0,1800.0,0.1,0.15,5.0,5.5,10.0,10.0,10,100.0,inf,full,both,inf,180.0,0.01,0.0,0.0,256,20,3,0.5,0.1,0.99,10.0,256,20,0,128,0,5.0,5.5,293.891984508924,4437.27619696662,0.0,0.0,0.0,
pd,mppi_lqr,300.0,1800.0,0.1,0.15,5.0,6.25,10.0,10.0,10,100.0,inf,full,both,inf,180.0,0.01,0.0,0.0,256,20,3,0.5,0.1,0.99,10.0,256,20,0,128,0,5.0,6.25,294.2529907404013,5835.099954608257,0.0,0.0,0.0,
pd,mppi_lqr,300.0,1800.0,0.1,0.15,5.0,7.5,10.0,10.0,10,100.0,inf,full,both,inf,180.0,0.01,0.0,0.0,256,20,3,0.5,0.1,0.99,10.0,256,20,0,128,0,5.0,7.5,294.2309132356221,8038.69772541635,0.0,0.0,0.0,
pd,mppi_lqr,300.0,1800.0,0.1,0.15,5.0,10.0,10.0,10.0,10,100.0,inf,full,both,inf,180.0,0.01,0.0,0.0,256,20,3,0.5,0.1,0.99,10.0,256,20,0,128,0,5.0,10.0,294.334822642781,11735.789798297856,0.0,0.0,0.0,
pd,mppi_lqr,300.0,1800.0,0.1,0.15,5.0,inf,10.0,10.0,10,100.0,inf,full,both,inf,180.0,0.01,0.0,0.0,256,20,3,0.5,0.1,0.99,10.0,256,20,0,128,0,5.0,25.774402968344884,294.3340595487052,20847.307098202305,0.0,0.0,0.0,
pd,mppi_lqr,300.0,1800.0,0.1,0.2,5.0,1.25,10.0,10.0,10,100.0,inf,full,both,inf,180.0,0.01,0.0,0.0,256,20,3,0.5,0.1,0.99,10.0,256,20,0,128,128,3.792645875673236,1.25,9.668689149479032,9.668689149479023,0.0,0.0,1.0,760.0
pd,mppi_lqr,300.0,1800.0,0.1,0.2,5.0,2.5,10.0,10.0,10,100.0,inf,full,both,inf,180.0,0.01,0.0,0.0,256,20,3,0.5,0.1,0.99,10.0,256,20,0,128,11,5.0,2.5,46.09935286325698,958.42313149686,0.0,0.0,0.0859375,810.0
pd,mppi_lqr,300.0,1800.0,0.1,0.2,5.0,3.75,10.0,10.0,10,100.0,inf,full,both,inf,180.0,0.01,0.0,0.0,256,20,3,0.5,0.1,0.99,10.0,256,20,0,128,0,5.0,3.75,259.7097993795063,1904.145488122789,0.0,0.0,0.0,
pd,mppi_lqr,300.0,1800.0,0.1,0.2,5.0,4.5,10.0,10.0,10,100.0,inf,full,both,inf,180.0,0.01,0.0,0.0,256,20,3,0.5,0.1,0.99,10.0,256,20,0,128,0,5.0,4.5,293.87580638331565,2978.8585234624256,0.0,0.0,0.0,
pd,mppi_lqr,300.0,1800.0,0.1,0.2,5.0,5.0,10.0,10.0,10,100.0,inf,full,both,inf,180.0,0.01,0.0,0.0,256,20,3,0.5,0.1,0.99,10.0,256,20,0,128,0,5.0,5.0,295.27510999835994,3937.875732482634,0.0,0.0,0.0,
pd,mppi_lqr,300.0,1800.0,0.1,0.2,5.0,5.5,10.0,10.0,10,100.0,inf,full,both,inf,180.0,0.01,0.0,0.0,256,20,3,0.5,0.1,0.99,10.0,256,20,0,128,0,5.0,5.5,292.10458614105346,4980.9061114756605,0.0,0.0,0.0,
pd,mppi_lqr,300.0,1800.0,0.1,0.2,5.0,6.25,10.0,10.0,10,100.0,inf,full,both,inf,180.0,0.01,0.0,0.0,256,20,3,0.5,0.1,0.99,10.0,256,20,0,128,0,5.0,6.25,293.3721013310683,6365.879218078979,0.0,0.0,0.0,
pd,mppi_lqr,300.0,1800.0,0.1,0.2,5.0,7.5,10.0,10.0,10,100.0,inf,full,both,inf,180.0,0.01,0.0,0.0,256,20,3,0.5,0.1,0.99,10.0,256,20,0,128,0,5.0,7.5,290.1640256566454,8669.229847742232,0.0,0.0,0.0,
pd,mppi_lqr,300.0,1800.0,0.1,0.2,5.0,10.0,10.0,10.0,10,100.0,inf,full,both,inf,180.0,0.01,0.0,0.0,256,20,3,0.5,0.1,0.99,10.0,256,20,0,128,0,5.0,10.0,292.4027381979338,12911.09488199096,0.0,0.0,0.0,
pd,mppi_lqr,300.0,1800.0,0.1,0.2,5.0,inf,10.0,10.0,10,100.0,inf,full,both,inf,180.0,0.01,0.0,0.0,256,20,3,0.5,0.1,0.99,10.0,256,20,0,128,0,5.0,34.354780815658664,292.4891127214973,29488.119267584905,0.0,0.0,0.0,
pd,random,300.0,1800.0,0.1,0.025,5.0,1.25,10.0,10.0,10,100.0,inf,full,both,inf,180.0,0.01,0.0,0.0,256,20,3,0.5,0.1,0.99,10.0,256,20,0,128,128,2.2652367460631844,1.137830400887335,9.667872277576016,9.667872277576016,0.0,0.0,1.0,610.0
pd,random,300.0,1800.0,0.1,0.025,5.0,2.5,10.0,10.0,10,100.0,inf,full,both,inf,180.0,0.01,0.0,0.0,256,20,3,0.5,0.1,0.99,10.0,256,20,0,128,128,2.265539158695586,1.1427990032367186,9.671803044285584,9.671803044285584,0.0,0.0,1.0,610.0
pd,random,300.0,1800.0,0.1,0.025,5.0,3.75,10.0,10.0,10,100.0,inf,full,both,inf,180.0,0.01,0.0,0.0,256,20,3,0.5,0.1,0.99,10.0,256,20,0,128,128,2.265539158695586,1.1427990032367186,9.671803044285584,9.671803044285584,0.0,0.0,1.0,610.0
pd,random,300.0,1800.0,0.1,0.025,5.0,4.5,10.0,10.0,10,100.0,inf,full,both,inf,180.0,0.01,0.0,0.0,256,20,3,0.5,0.1,0.99,10.0,256,20,0,128,128,2.265539158695586,1.1427990032367186,9.671803044285584,9.671803044285584,0.0,0.0,1.0,610.0
pd,random,300.0,1800.0,0.1,0.025,5.0,5.0,10.0,10.0,10,100.0,inf,full,both,inf,180.0,0.01,0.0,0.0,256,20,3,0.5,0.1,0.99,10.0,256,20,0,128,128,2.265539158695586,1.1427990032367186,9.671803044285584,9.671803044285584,0.0,0.0,1.0,610.0
pd,random,300.0,1800.0,0.1,0.025,5.0,5.5,10.0,10.0,10,100.0,inf,full,both,inf,180.0,0.01,0.0,0.0,256,20,3,0.5,0.1,0.99,10.0,256,20,0,128,128,2.265539158695586,1.1427990032367186,9.671803044285584,9.671803044285584,0.0,0.0,1.0,610.0
pd,random,300.0,1800.0,0.1,0.025,5.0,6.25,10.0,10.0,10,100.0,inf,full,both,inf,180.0,0.01,0.0,0.0,256,20,3,0.5,0.1,0.99,10.0,256,20,0,128,128,2.265539158695586,1.1427990032367186,9.671803044285584,9.671803044285584,0.0,0.0,1.0,610.0
pd,random,300.0,1800.0,0.1,0.025,5.0,7.5,10.0,10.0,10,100.0,inf,full,both,inf,180.0,0.01,0.0,0.0,256,20,3,0.5,0.1,0.99,10.0,256,20,0,128,128,2.265539158695586,1.1427990032367186,9.671803044285584,9.671803044285584,0.0,0.0,1.0,610.0
pd,random,300.0,1800.0,0.1,0.025,5.0,10.0,10.0,10.0,10,100.0,inf,full,both,inf,180.0,0.01,0.0,0.0,256,20,3,0.5,0.1,0.99,10.0,256,20,0,128,128,2.265539158695586,1.1427990032367186,9.671803044285584,9.671803044285584,0.0,0.0,1.0,610.0
pd,random,300.0,1800.0,0.1,0.025,5.0,inf,10.0,10.0,10,100.0,inf,full,both,inf,180.0,0.01,0.0,0.0,256,20,3,0.5,0.1,0.99,10.0,256,20,0,128,128,2.265539158695586,1.1427990032367186,9.671803044285584,9.671803044285584,0.0,0.0,1.0,610.0
pd,random,300.0,1800.0,0.1,0.05,5.0,1.25,10.0,10.0,10,100.0,inf,full,both,inf,180.0,0.01,0.0,0.0,256,20,3,0.5,0.1,0.99,10.0,256,20,0,128,128,2.2817221591580563,1.25,9.654858736936111,9.654858736936111,0.0,0.0,1.0,610.0
pd,random,300.0,1800.0,0.1,0.05,5.0,2.5,10.0,10.0,10,100.0,inf,full,both,inf,180.0,0.01,0.0,0.0,256,20,3,0.5,0.1,0.99,10.0,256,20,0,128,128,2.4496020667839584,2.3215551869295763,9.639336890129368,9.639336890129368,0.0,0.0,1.0,630.0
pd,random,300.0,1800.0,0.1,0.05,5.0,3.75,10.0,10.0,10,100.0,inf,full,both,inf,180.0,0.01,0.0,0.0,256,20,3,0.5,0.1,0.99,10.0,256,20,0,128,128,2.469097172284592,2.4106442692060006,9.628869902417296,9.628869902417296,0.0,0.0,1.0,630.0
pd,random,300.0,1800.0,0.1,0.05,5.0,4.5,10.0,10.0,10,100.0,inf,full,both,inf,180.0,0.01,0.0,0.0,256,20,3,0.5,0.1,0.99,10.0,256,20,0,128,128,2.469097172284592,2.4106442692060006,9.628869902417296,9.628869902417296,0.0,0.0,1.0,630.0
pd,random,300.0,1800.0,0.1,0.05,5.0,5.0,10.0,10.0,10,100.0,inf,full,both,inf,180.0,0.01,0.0,0.0,256,20,3,0.5,0.1,0.99,10.0,256,20,0,128,128,2.469097172284592,2.4106442692060006,9.628869902417296,9.628869902417296,0.0,0.0,1.0,630.0
pd,random,300.0,1800.0,0.1,0.05,5.0,5.5,10.0,10.0,10,100.0,inf,full,both,inf,180.0,0.01,0.0,0.0,256,20,3,0.5,0.1,0.99,10.0,256,20,0,128,128,2.469097172284592,2.4106442692060006,9.628869902417296,9.628869902417296,0.0,0.0,1.0,630.0
pd,random,300.0,1800.0,0.1,0.05,5.0,6.25,10.0,10.0,10,100.0,inf,full,both,inf,180.0,0.01,0.0,0.0,256,20,3,0.5,0.1,0.99,10.0,256,20,0,128,128,2.469097172284592,2.4106442692060006,9.628869902417296,9.628869902417296,0.0,0.0,1.0,630.0
pd,random,300.0,1800.0,0.1,0.05,5.0,7.5,10.0,10.0,10,100.0,inf,full,both,inf,180.0,0.01,0.0,0.0,256,20,3,0.5,0.1,0.99,10.0,256,20,0,128,128,2.469097172284592,2.4106442692060006,9.628869902417296,9.628869902417296,0.0,0.0,1.0,630.0
pd,random,300.0,1800.0,0.1,0.05,5.0,10.0,10.0,10.0,10,100.0,inf,full,both,inf,180.0,0.01,0.0,0.0,256,20,3,0.5,0.1,0.99,10.0,256,20,0,128,128,2.469097172284592,2.4106442692060006,9.628869902417296,9.628869902417296,0.0,0.0,1.0,630.0
pd,random,300.0,1800.0,0.1,0.05,5.0,inf,10.0,10.0,10,100.0,inf,full,both,inf,180.0,0.01,0.0,0.0,256,20,3,0.5,0.1,0.99,10.0,256,20,0,128,128,2.469097172284592,2.4106442692060006,9.628869902417296,9.628869902417296,0.0,0.0,1.0,630.0
pd,random,300.0,1800.0,0.1,0.075,5.0,1.25,10.0,10.0,10,100.0,inf,full,both,inf,180.0,0.01,0.0,0.0,256,20,3,0.5,0.1,0.99,10.0,256,20,0,128,128,2.3000375525882526,1.25,9.681665668760138,9.681665668760138,0.0,0.0,1.0,600.0
pd,random,300.0,1800.0,0.1,0.075,5.0,2.5,10.0,10.0,10,100.0,inf,full,both,inf,180.0,0.01,0.0,0.0,256,20,3,0.5,0.1,0.99,10.0,256,20,0,128,128,2.457981961853061,2.5,9.68735885301677,9.68735885301677,0.0,0.0,1.0,620.0
pd,random,300.0,1800.0,0.1,0.075,5.0,3.75,10.0,10.0,10,100.0,inf,full,both,inf,180.0,0.01,0.0,0.0,256,20,3,0.5,0.1,0.99,10.0,256,20,0,128,128,2.7152295772684982,3.5298505615241984,9.62843985950046,9.628439859500457,0.0,0.0,1.0,655.0
pd,random,300.0,1800.0,0.1,0.075,5.0,4.5,10.0,10.0,10,100.0,inf,full,both,inf,180.0,0.01,0.0,0.0,256,20,3,0.5,0.1,0.99,10.0,256,20,0,128,128,2.783160618562133,3.783277546258647,9.563315691853044,9.563315691853044,0.0,0.0,1.0,655.0
pd,random,300.0,1800.0,0.1,0.075,5.0,5.0,10.0,10.0,10,100.0,inf,full,both,inf,180.0,0.01,0.0,0.0,256,20,3,0.5,0.1,0.99,10.0,256,20,0,128,128,2.799613632989457,3.8468778011345752,9.549302308265732,9.54930230826573,0.0,0.0,1.0,655.0
pd,random,300.0,1800.0,0.1,0.075,5.0,5.5,10.0,10.0,10,100.0,inf,full,both,inf,180.0,0.01,0.0,0.0,256,20,3,0.5,0.1,0.99,10.0,256,20,0,128,128,2.810110279384844,3.8846663790602074,9.552352117067707,9.552352117067706,0.0,0.0,1.0,655.0
pd,random,300.0,1800.0,0.1,0.075,5.0,6.25,10.0,10.0,10,100.0,inf,full,both,inf,180.0,0.01,0.0,0.0,256,20,3,0.5,0.1,0.99,10.0,256,20,0,128,128,2.8151547997664923,3.9117394110637287,9.53194536095359,9.53194536095359,0.0,0.0,1.0,655.0
pd,random,300.0,1800.0,0.1,0.075,5.0,7.5,10.0,10.0,10,100.0,inf,full,both,inf,180.0,0.01,0.0,0.0,256,20,3,0.5,0.1,0.99,10.0,256,20,0,128,128,2.816093316999325,3.917154132010907,9.53140184444866,9.531401844448656,0.0,0.0,1.0,655.0
pd,random,300.0,1800.0,0.1,0.075,5.0,10.0,10.0,10.0,10,100.0,inf,full,both,inf,180.0,0.01,0.0,0.0,256,20,3,0.5,0.1,0.99,10.0,256,20,0,128,128,2.816093316999325,3.917154132010907,9.53140184444866,9.531401844448656,0.0,0.0,1.0,655.0
pd,random,300.0,1800.0,0.1,0.075,5.0,inf,10.0,10.0,10,100.0,inf,full,both,inf,180.0,0.01,0.0,0.0,256,20,3,0.5,0.1,0.99,10.0,256,20,0,128,128,2.816093316999325,3.917154132010907,9.53140184444866,9.531401844448656,0.0,0.0,1.0,655.0
pd,random,300.0,1800.0,0.1,0.09,5.0,1.25,10.0,10.0,10,100.0,inf,full,both,inf,180.0,0.01,0.0,0.0,256,20,3,0.5,0.1,0.99,10.0,256,20,0,128,128,2.308042509199608,1.25,9.680001553168708,9.680001553168708,0.0,0.0,1.0,610.0
pd,random,300.0,1800.0,0.1,0.09,5.0,2.5,10.0,10.0,10,100.0,inf,full,both,inf,180.0,0.01,0.0,0.0,256,20,3,0.5,0.1,0.99,10.0,256,20,0,128,128,2.466812687483188,2.5,9.654842023820503,9.654842023820509,0.0,0.0,1.0,620.0
pd,random,300.0,1800.0,0.1,0.09,5.0,3.75,10.0,10.0,10,100.0,inf,full,both,inf,180.0,0.01,0.0,0.0,256,20,3,0.5,0.1,0.99,10.0,256,20,0,128,128,2.750634317203732,3.732216643163349,9.64617961120785,9.64617961120785,0.0,0.0,1.0,660.0
pd,random,300.0,1800.0,0.1,0.09,5.0,4.5,10.0,10.0,10,100.0,inf,full,both,inf,180.0,0.01,0.0,0.0,256,20,3,0.5,0.1,0.99,10.0,256,20,0,128,128,2.9062387638504164,4.270595311332067,9.630372602793354,9.630372602793356,0.0,0.0,1.0,690.0
pd,random,300.0,1800.0,0.1,0.09,5.0,5.0,10.0,10.0,10,100.0,inf,full,both,inf,180.0,0.01,0.0,0.0,256,20,3,0.5,0.1,0.99,10.0,256,20,0,128,128,2.981807147233788,4.5146778747596255,9.591705212413764,9.591705212413768,0.0,0.0,1.0,700.0
pd,random,300.0,1800.0,0.1,0.09,5.0,5.5,10.0,10.0,10,100.0,inf,full,both,inf,180.0,0.01,0.0,0.0,256,20,3,0.5,0.1,0.99,10.0,256,20,0,128,128,3.032161513476897,4.692283801295605,9.576837351295474,9.576837351295476,0.0,0.0,1.0,700.0
pd,random,300.0,1800.0,0.1,0.09,5.0,6.25,10.0,10.0,10,100.0,inf,full,both,inf,180.0,0.01,0.0,0.0,256,20,3,0.5,0.1,0.99,10.0,256,20,0,128,128,3.080864773128253,4.848169926717731,9.554050063234747,9.554050063234753,0.0,0.0,1.0,700.0
pd,random,300.0,1800.0,0.1,0.09,5.0,7.5,10.0,10.0,10,100.0,inf,full,both,inf,180.0,0.01,0.0,0.0,256,20,3,0.5,0.1,0.99,10.0,256,20,0,128,128,3.122194541456494,4.99111421056499,9.53265875040663,9.53265875040663,0.0,0.0,1.0,700.0
pd,random,300.0,1800.0,0.1,0.09,5.0,10.0,10.0,10.0,10,100.0,inf,full,both,inf,180.0,0.01,0.0,0.0,256,20,3,0.5,0.1,0.99,10.0,256,20,0,128,126,3.129782666061001,5.050752689254147,9.55046435910458,11.687878012523091,0.0,0.0,0.984375,690.0
pd,random,300.0,1800.0,0.1,0.09,5.0,inf,10.0,10.0,10,100.0,inf,full,both,inf,180.0,0.01,0.0,0.0,256,20,3,0.5,0.1,0.99,10.0,256,20,0,128,126,3.129782666061001,5.085385607662612,9.55046435910458,11.513704485953792,0.0,0.0,0.984375,690.0
pd,random,300.0,1800.0,0.1,0.1,5.0,1.25,10.0,10.0,10,100.0,inf,full,both,inf,180.0,0.01,0.0,0.0,256,20,3,0.5,0.1,0.99,10.0,256,20,0,128,128,2.321940249396833,1.25,9.640311413979616,9.640311413979616,0.0,0.0,1.0,610.0
pd,random,300.0,1800.0,0.1,0.1,5.0,2.5,10.0,10.0,10,100.0,inf,full,both,inf,180.0,0.01,0.0,0.0,256,20,3,0.5,0.1,0.99,10.0,256,20,0,128,128,2.4757159354578744,2.5,9.671401972087486,9.671401972087486,0.0,0.0,1.0,610.0
pd,random,300.0,1800.0,0.1,0.1,5.0,3.75,10.0,10.0,10,100.0,inf,full,both,inf,180.0,0.01,0.0,0.0,256,20,3,0.5,0.1,0.99,10.0,256,20,0,128,128,2.746969171594248,3.748244491168185,9.63681826270753,9.63681826270753,0.0,0.0,1.0,650.0
pd,random,300.0,1800.0,0.1,0.1,5.0,4.5,10.0,10.0,10,100.0,inf,full,both,inf,180.0,0.01,0.0,0.0,256,20,3,0.5,0.1,0.99,10.0,256,20,0,128,128,2.937997494993121,4.430130844025553,9.623589974133465,9.623589974133465,0.0,0.0,1.0,700.0
pd,random,300.0,1800.0,0.1,0.1,5.0,5.0,10.0,10.0,10,100.0,inf,full,both,inf,180.0,0.01,0.0,0.0,256,20,3,0.5,0.1,0.99,10.0,256,20,0,128,128,3.04046623148744,4.772157806323959,9.570785683217522,9.570785683217524,0.0,0.0,1.0,720.0
pd,random,300.0,1800.0,0.1,0.1,5.0,5.5,10.0,10.0,10,100.0,inf,full,both,inf,180.0,0.01,0.0,0.0,256,20,3,0.5,0.1,0.99,10.0,256,20,0,128,128,3.122720711479383,5.036607142613888,9.555498974676032,9.555498974676032,0.0,0.0,1.0,720.0
pd,random,300.0,1800.0,0.1,0.1,5.0,6.25,10.0,10.0,10,100.0,inf,full,both,inf,180.0,0.01,0.0,0.0,256,20,3,0.5,0.1,0.99,10.0,256,20,0,128,128,3.2088439750472486,5.329758862040952,9.549867216424683,9.549867216424682,0.0,0.0,1.0,720.0
pd,random,300.0,1800.0,0.1,0.1,5.0,7.5,10.0,10.0,10,100.0,inf,full,both,inf,180.0,0.01,0.0,0.0,256,20,3,0.5,0.1,0.99,10.0,256,20,0,128,128,3.300807967632283,5.604945304831821,9.52371102860488,9.523711028604875,0.0,0.0,1.0,720.0
pd,random,300.0,1800.0,0.1,0.1,5.0,10.0,10.0,10.0,10,100.0,inf,full,both,inf,180.0,0.01,0.0,0.0,256,20,3,0.5,0.1,0.99,10.0,256,20,0,128,125,3.3467174152049117,5.830683998397404,9.521112104923938,11.926267610833914,0.0,0.0,0.9765625,720.0
pd,random,300.0,1800.0,0.1,0.1,5.0,inf,10.0,10.0,10,100.0,inf,full,both,inf,180.0,0.01,0.0,0.0,256,20,3,0.5,0.1,0.99,10.0,256,20,0,128,125,3.346643531459333,5.9159665837369095,9.523819684561346,15.0107498032146,0.0,0.0,0.9765625,720.0
pd,random,300.0,1800.0,0.1,0.11,5.0,1.25,10.0,10.0,10,100.0,inf,full,both,inf,180.0,0.01,0.0,0.0,256,20,3,0.5,0.1,0.99,10.0,256,20,0,128,128,2.3349408202626467,1.25,9.686417750110945,9.686417750110945,0.0,0.0,1.0,610.0
pd,random,300.0,1800.0,0.1,0.11,5.0,2.5,10.0,10.0,10,100.0,inf,full,both,inf,180.0,0.01,0.0,0.0,256,20,3,0.5,0.1,0.99,10.0,256,20,0,128,128,2.481687539698933,2.5,9.66793313629146,9.667933136291463,0.0,0.0,1.0,610.0
pd,random,300.0,1800.0,0.1,0.11,5.0,3.75,10.0,10.0,10,100.0,inf,full,both,inf,180.0,0.01,0.0,0.0,256,20,3,0.5,0.1,0.99,10.0,256,20,0,128,128,2.7323220426786743,3.75,9.700226466765896,9.700226466765896,0.0,0.0,1.0,630.0
pd,random,300.0,1800.0,0.1,0.11,5.0,4.5,10.0,10.0,10,100.0,inf,full,both,inf,180.0,0.01,0.0,0.0,256,20,3,0.5,0.1,0.99,10.0,256,20,0,128,128,2.938062738248846,4.480962151406346,9.678335062390884,9.678335062390884,0.0,0.0,1.0,680.0
pd,random,300.0,1800.0,0.1,0.11,5.0,5.0,10.0,10.0,10,100.0,inf,full,both,inf,180.0,0.01,0.0,0.0,256,20,3,0.5,0.1,0.99,10.0,256,20,0,128,128,3.0682316056150785,4.9137561246034,9.637152162685371,9.637152162685377,0.0,0.0,1.0,720.0
pd,random,300.0,1800.0,0.1,0.11,5.0,5.5,10.0,10.0,10,100.0,inf,full,both,inf,180.0,0.01,0.0,0.0,256,20,3,0.5,0.1,0.99,10.0,256,20,0,128,128,3.1763524397316503,5.268509535166719,9.604240418818488,9.604240418818492,0.0,0.0,1.0,740.0
pd,random,300.0,1800.0,0.1,0.11,5.0,6.25,10.0,10.0,10,100.0,inf,full,both,inf,180.0,0.01,0.0,0.0,256,20,3,0.5,0.1,0.99,10.0,256,20,0,128,128,3.3099331811192085,5.677238734985759,9.575896907319065,9.57648646867754,0.0,0.0,1.0,765.0
pd,random,300.0,1800.0,0.1,0.11,5.0,7.5,10.0,10.0,10,100.0,inf,full,both,inf,180.0,0.01,0.0,0.0,256,20,3,0.5,0.1,0.99,10.0,256,20,0,128,128,3.4458233336675064,6.116928531105954,9.526303713424168,9.526893274782646,0.0,0.0,1.0,755.0
pd,random,300.0,1800.0,0.1,0.11,5.0,10.0,10.0,10.0,10,100.0,inf,full,both,inf,180.0,0.01,0.0,0.0,256,20,3,0.5,0.1,0.99,10.0,256,20,0,128,119,3.563122301330498,6.594082159925234,9.681927732415597,19.23721738327485,0.0,0.0,0.9296875,730.0
pd,random,300.0,1800.0,0.1,0.11,5.0,inf,10.0,10.0,10,100.0,inf,full,both,inf,180.0,0.01,0.0,0.0,256,20,3,0.5,0.1,0.99,10.0,256,20,0,128,117,3.5651542244781544,7.011656276856056,9.680726815424345,29.90632460526397,0.0,0.0,0.9140625,730.0
pd,random,300.0,1800.0,0.1,0.125,5.0,1.25,10.0,10.0,10,100.0,inf,full,both,inf,180.0,0.01,0.0,0.0,256,20,3,0.5,0.1,0.99,10.0,256,20,0,128,128,2.333346599392262,1.25,9.728315755010671,9.728315755010676,0.0,0.0,1.0,610.0
pd,random,300.0,1800.0,0.1,0.125,5.0,2.5,10.0,10.0,10,100.0,inf,full,both,inf,180.0,0.01,0.0,0.0,256,20,3,0.5,0.1,0.99,10.0,256,20,0,128,128,2.504780439940697,2.5,9.62932299686277,9.629322996862768,0.0,0.0,1.0,610.0
pd,random,300.0,1800.0,0.1,0.125,5.0,3.75,10.0,10.0,10,100.0,inf,full,both,inf,180.0,0.01,0.0,0.0,256,20,3,0.5,0.1,0.99,10.0,256,20,0,128,128,2.737065077613168,3.75,9.651109042110532,9.651109042110532,0.0,0.0,1.0,630.0
pd,random,300.0,1800.0,0.1,0.125,5.0,4.5,10.0,10.0,10,100.0,inf,full,both,inf,180.0,0.01,0.0,0.0,256,20,3,0.5,0.1,0.99,10.0,256,20,0,128,128,2.9305604558651623,4.499595809264543,9.665649430583567,9.665649430583567,0.0,0.0,1.0,650.0
pd,random,300.0,1800.0,0.1,0.125,5.0,5.0,10.0,10.0,10,100.0,inf,full,both,inf,180.0,0.01,0.0,0.0,256,20,3,0.5,0.1,0.99,10.0,256,20,0,128,128,3.0694662470055825,4.986981837887557,9.643279209817528,9.643279209817525,0.0,0.0,1.0,690.0
pd,random,300.0,1800.0,0.1,0.125,5.0,5.5,10.0,10.0,10,100.0,inf,full,both,inf,180.0,0.01,0.0,0.0,256,20,3,0.5,0.1,0.99,10.0,256,20,0,128,128,3.2083959650613427,5.438808616926905,9.6191166637677,9.619116663767697,0.0,0.0,1.0,730.0
pd,random,300.0,1800.0,0.1,0.125,5.0,6.25,10.0,10.0,10,100.0,inf,full,both,inf,180.0,0.01,0.0,0.0,256,20,3,0.5,0.1,0.99,10.0,256,20,0,128,128,3.3897929025907096,6.007468589380886,9.584810016493105,9.584810016493105,0.0,0.0,1.0,770.0
pd,random,300.0,1800.0,0.1,0.125,5.0,7.5,10.0,10.0,10,100.0,inf,full,both,inf,180.0,0.01,0.0,0.0,256,20,3,0.5,0.1,0.99,10.0,256,20,0,128,128,3.6208677710106114,6.721080708924067,9.529558226445248,9.529558226445248,0.0,0.0,1.0,780.0
pd,random,300.0,1800.0,0.1,0.125,5.0,10.0,10.0,10.0,10,100.0,inf,full,both,inf,180.0,0.01,0.0,0.0,256,20,3,0.5,0.1,0.99,10.0,256,20,0,128,112,3.880155049749361,7.616575647059757,9.93468558554599,35.54426370694161,0.0,0.0,0.875,740.0
pd,random,300.0,1800.0,0.1,0.125,5.0,inf,10.0,10.0,10,100.0,inf,full,both,inf,180.0,0.01,0.0,0.0,256,20,3,0.5,0.1,0.99,10.0,256,20,0,128,101,3.9176655977787616,9.15310695310625,10.008843772943637,78.58906983442631,0.0,0.0,0.7890625,710.0
pd,random,300.0,1800.0,0.1,0.15,5.0,1.25,10.0,10.0,10,100.0,inf,full,both,inf,180.0,0.01,0.0,0.0,256,20,3,0.5,0.1,0.99,10.0,256,20,0,128,128,2.3383823422429835,1.25,9.671057277543833,9.671057277543833,0.0,0.0,1.0,610.0
pd,random,300.0,1800.0,0.1,0.15,5.0,2.5,10.0,10.0,10,100.0,inf,full,both,inf,180.0,0.01,0.0,0.0,256,20,3,0.5,0.1,0.99,10.0,256,20,0,128,128,2.532272672477973,2.5,9.656309983822746,9.656309983822746,0.0,0.0,1.0,610.0
pd,random,300.0,1800.0,0.1,0.15,5.0,3.75,10.0,10.0,10,100.0,inf,full,both,inf,180.0,0.01,0.0,0.0,256,20,3,0.5,0.1,0.99,10.0,256,20,0,128,128,2.757563462913064,3.75,9.6287386972302,9.6287386972302,0.0,0.0,1.0,625.0
pd,random,300.0,1800.0,0.1,0.15,5.0,4.5,10.0,10.0,10,100.0,inf,full,both,inf,180.0,0.01,0.0,0.0,256,20,3,0.5,0.1,0.99,10.0,256,20,0,128,128,2.9305867129499568,4.5,9.66797621136498,9.66797621136498,0.0,0.0,1.0,640.0
pd,random,300.0,1800.0,0.1,0.15,5.0,5.0,10.0,10.0,10,100.0,inf,full,both,inf,180.0,0.01,0.0,0.0,256,20,3,0.5,0.1,0.99,10.0,256,20,0,128,128,3.0596495460909394,5.0,9.628025286454037,9.628025286454037,0.0,0.0,1.0,650.0
pd,random,300.0,1800.0,0.1,0.15,5.0,5.5,10.0,10.0,10,100.0,inf,full,both,inf,180.0,0.01,0.0,0.0,256,20,3,0.5,0.1,0.99,10.0,256,20,0,128,128,3.207355130284292,5.495248249687137,9.65989503352698,9.65989503352698,0.0,0.0,1.0,670.0
pd,random,300.0,1800.0,0.1,0.15,5.0,6.25,10.0,10.0,10,100.0,inf,full,both,inf,180.0,0.01,0.0,0.0,256,20,3,0.5,0.1,0.99,10.0,256,20,0,128,128,3.431652014045348,6.209126258291735,9.614234441179011,9.614234441179011,0.0,0.0,1.0,730.0
pd,random,300.0,1800.0,0.1,0.15,5.0,7.5,10.0,10.0,10,100.0,inf,full,both,inf,180.0,0.01,0.0,0.0,256,20,3,0.5,0.1,0.99,10.0,256,20,0,128,128,3.762091728763272,7.246168998301843,9.542637268532951,9.543296852381289,0.0,0.0,1.0,810.0
pd,random,300.0,1800.0,0.1,0.15,5.0,10.0,10.0,10.0,10,100.0,inf,full,both,inf,180.0,0.01,0.0,0.0,256,20,3,0.5,0.1,0.99,10.0,256,20,0,128,110,4.23445533062946,8.783050155657493,10.510273805248096,45.39124352748415,0.0,0.0,0.859375,815.0
pd,random,300.0,1800.0,0.1,0.15,5.0,inf,10.0,10.0,10,100.0,inf,full,both,inf,180.0,0.01,0.0,0.0,256,20,3,0.5,0.1,0.99,10.0,256,20,0,128,80,4.321801528233536,12.749499991580096,11.376168903957073,185.17438180587277,0.0,0.0,0.625,700.0
pd,random,300.0,1800.0,0.1,0.2,5.0,1.25,10.0,10.0,10,100.0,inf,full,both,inf,180.0,0.01,0.0,0.0,256,20,3,0.5,0.1,0.99,10.0,256,20,0,128,128,2.3501586222307917,1.25,9.663619085706705,9.6636190857067,0.0,0.0,1.0,610.0
pd,random,300.0,1800.0,0.1,0.2,5.0,2.5,10.0,10.0,10,100.0,inf,full,both,inf,180.0,0.01,0.0,0.0,256,20,3,0.5,0.1,0.99,10.0,256,20,0,128,128,2.573960830308478,2.5,9.65010101896794,9.650101018967945,0.0,0.0,1.0,610.0
pd,random,300.0,1800.0,0.1,0.2,5.0,3.75,10.0,10.0,10,100.0,inf,full,both,inf,180.0,0.01,0.0,0.0,256,20,3,0.5,0.1,0.99,10.0,256,20,0,128,128,2.8165045244584284,3.75,9.650009335314657,9.650009335314657,0.0,0.0,1.0,620.0
pd,random,300.0,1800.0,0.1,0.2,5.0,4.5,10.0,10.0,10,100.0,inf,full,both,inf,180.0,0.01,0.0,0.0,256,20,3,0.5,0.1,0.99,10.0,256,20,0,128,128,2.9653755537660462,4.5,9.639222441545805,9.639222441545805,0.0,0.0,1.0,620.0
pd,random,300.0,1800.0,0.1,0.2,5.0,5.0,10.0,10.0,10,100.0,inf,full,both,inf,180.0,0.01,0.0,0.0,256,20,3,0.5,0.1,0.99,10.0,256,20,0,128,128,3.0876813749355896,5.0,9.670289731372542,9.670289731372543,0.0,0.0,1.0,630.0
pd,random,300.0,1800.0,0.1,0.2,5.0,5.5,10.0,10.0,10,100.0,inf,full,both,inf,180.0,0.01,0.0,0.0,256,20,3,0.5,0.1,0.99,10.0,256,20,0,128,128,3.222696475063653,5.5,9.674599489741146,9.674599489741142,0.0,0.0,1.0,650.0
pd,random,300.0,1800.0,0.1,0.2,5.0,6.25,10.0,10.0,10,100.0,inf,full,both,inf,180.0,0.01,0.0,0.0,256,20,3,0.5,0.1,0.99,10.0,256,20,0,128,128,3.41671417857908,6.25,9.65676989896764,9.65676989896764,0.0,0.0,1.0,680.0
pd,random,300.0,1800.0,0.1,0.2,5.0,7.5,10.0,10.0,10,100.0,inf,full,both,inf,180.0,0.01,0.0,0.0,256,20,3,0.5,0.1,0.99,10.0,256,20,0,128,128,3.8092756039429343,7.492894991032588,9.665449246747553,9.665449246747553,0.0,0.0,1.0,720.0
pd,random,300.0,1800.0,0.1,0.2,5.0,10.0,10.0,10.0,10,100.0,inf,full,both,inf,180.0,0.01,0.0,0.0,256,20,3,0.5,0.1,0.99,10.0,256,20,0,128,106,4.50162152379056,9.765934874868597,11.596768986258017,58.15837633496859,0.0,0.0,0.828125,855.0
pd,random,300.0,1800.0,0.1,0.2,5.0,inf,10.0,10.0,10,100.0,inf,full,both,inf,180.0,0.01,0.0,0.0,256,20,3,0.5,0.1,0.99,10.0,256,20,0,128,33,4.755659716624121,22.47625886839289,15.322592485374306,698.9769757616635,0.0,0.0,0.2578125,640.0
pd,transverse,300.0,1800.0,0.1,0.025,5.0,1.25,10.0,10.0,10,100.0,inf,full,both,inf,180.0,0.01,0.0,0.0,256,20,3,0.5,0.1,0.99,10.0,256,20,0,128,128,2.5072928229731097,1.25,9.719412365098686,9.719412365098686,0.0,0.0,1.0,620.0
pd,transverse,300.0,1800.0,0.1,0.025,5.0,2.5,10.0,10.0,10,100.0,inf,full,both,inf,180.0,0.01,0.0,0.0,256,20,3,0.5,0.1,0.99,10.0,256,20,0,128,128,3.886760436840013,2.5,9.861871462094443,9.86187146209445,0.0,0.0,1.0,1060.0
pd,transverse,300.0,1800.0,0.1,0.025,5.0,3.75,10.0,10.0,10,100.0,inf,full,both,inf,180.0,0.01,0.0,0.0,256,20,3,0.5,0.1,0.99,10.0,256,20,0,128,0,5.0,3.75,10.74129123663652,87.4659226043138,0.0,0.0,0.0,
pd,transverse,300.0,1800.0,0.1,0.025,5.0,4.5,10.0,10.0,10,100.0,inf,full,both,inf,180.0,0.01,0.0,0.0,256,20,3,0.5,0.1,0.99,10.0,256,20,0,128,0,5.0,4.4999999999999964,10.74129123663652,138.0066232033869,0.0,0.0,0.0,
pd,transverse,300.0,1800.0,0.1,0.025,5.0,5.0,10.0,10.0,10,100.0,inf,full,both,inf,180.0,0.01,0.0,0.0,256,20,3,0.5,0.1,0.99,10.0,256,20,0,128,0,5.0,4.4999999999999964,10.74129123663652,138.0066232033869,0.0,0.0,0.0,
pd,transverse,300.0,1800.0,0.1,0.025,5.0,5.5,10.0,10.0,10,100.0,inf,full,both,inf,180.0,0.01,0.0,0.0,256,20,3,0.5,0.1,0.99,10.0,256,20,0,128,0,5.0,4.4999999999999964,10.74129123663652,138.0066232033869,0.0,0.0,0.0,
pd,transverse,300.0,1800.0,0.1,0.025,5.0,6.25,10.0,10.0,10,100.0,inf,full,both,inf,180.0,0.01,0.0,0.0,256,20,3,0.5,0.1,0.99,10.0,256,20,0,128,0,5.0,4.4999999999999964,10.74129123663652,138.0066232033869,0.0,0.0,0.0,
pd,transverse,300.0,1800.0,0.1,0.025,5.0,7.5,10.0,10.0,10,100.0,inf,full,both,inf,180.0,0.01,0.0,0.0,256,20,3,0.5,0.1,0.99,10.0,256,20,0,128,0,5.0,4.4999999999999964,10.74129123663652,138.0066232033869,0.0,0.0,0.0,
pd,transverse,300.0,1800.0,0.1,0.025,5.0,10.0,10.0,10.0,10,100.0,inf,full,both,inf,180.0,0.01,0.0,0.0,256,20,3,0.5,0.1,0.99,10.0,256,20,0,128,0,5.0,4.4999999999999964,10.74129123663652,138.0066232033869,0.0,0.0,0.0,
pd,transverse,300.0,1800.0,0.1,0.025,5.0,inf,10.0,10.0,10,100.0,inf,full,both,inf,180.0,0.01,0.0,0.0,256,20,3,0.5,0.1,0.99,10.0,256,20,0,128,0,5.0,4.4999999999999964,10.74129123663652,138.0066232033869,0.0,0.0,0.0,
pd,transverse,300.0,1800.0,0.1,0.05,5.0,1.25,10.0,10.0,10,100.0,inf,full,both,inf,180.0,0.01,0.0,0.0,256,20,3,0.5,0.1,0.99,10.0,256,20,0,128,128,2.5613827295190217,1.25,9.66496142440717,9.664961424407169,0.0,0.0,1.0,590.0
pd,transverse,300.0,1800.0,0.1,0.05,5.0,2.5,10.0,10.0,10,100.0,inf,full,both,inf,180.0,0.01,0.0,0.0,256,20,3,0.5,0.1,0.99,10.0,256,20,0,128,128,3.701669009543306,2.5,9.655865011603003,9.65586501160301,0.0,0.0,1.0,710.0
pd,transverse,300.0,1800.0,0.1,0.05,5.0,3.75,10.0,10.0,10,100.0,inf,full,both,inf,180.0,0.01,0.0,0.0,256,20,3,0.5,0.1,0.99,10.0,256,20,0,128,48,4.994331083776716,3.75,15.08356292265865,85.09577228289024,0.0,0.0,0.375,950.0
pd,transverse,300.0,1800.0,0.1,0.05,5.0,4.5,10.0,10.0,10,100.0,inf,full,both,inf,180.0,0.01,0.0,0.0,256,20,3,0.5,0.1,0.99,10.0,256,20,0,128,0,5.0,4.5,21.920239996584687,767.8999448228052,0.0,0.0,0.0,
pd,transverse,300.0,1800.0,0.1,0.05,5.0,5.0,10.0,10.0,10,100.0,inf,full,both,inf,180.0,0.01,0.0,0.0,256,20,3,0.5,0.1,0.99,10.0,256,20,0,128,0,5.0,5.0,21.920239996584687,990.6076498431617,0.0,0.0,0.0,
pd,transverse,300.0,1800.0,0.1,0.05,5.0,5.5,10.0,10.0,10,100.0,inf,full,both,inf,180.0,0.01,0.0,0.0,256,20,3,0.5,0.1,0.99,10.0,256,20,0,128,0,5.0,5.5,21.920239996584687,1157.6350065487377,0.0,0.0,0.0,
pd,transverse,300.0,1800.0,0.1,0.05,5.0,6.25,10.0,10.0,10,100.0,inf,full,both,inf,180.0,0.01,0.0,0.0,256,20,3,0.5,0.1,0.99,10.0,256,20,0,128,0,5.0,6.25,21.920239996584687,1350.336842504621,0.0,0.0,0.0,
pd,transverse,300.0,1800.0,0.1,0.05,5.0,7.5,10.0,10.0,10,100.0,inf,full,both,inf,180.0,0.01,0.0,0.0,256,20,3,0.5,0.1,0.99,10.0,256,20,0,128,0,5.0,7.5,21.920239996584687,1533.5908889507425,0.0,0.0,0.0,
pd,transverse,300.0,1800.0,0.1,0.05,5.0,10.0,10.0,10.0,10,100.0,inf,full,both,inf,180.0,0.01,0.0,0.0,256,20,3,0.5,0.1,0.99,10.0,256,20,0,128,0,5.0,8.999999999999993,21.920239996584687,1578.7629613360834,0.0,0.0,0.0,
pd,transverse,300.0,1800.0,0.1,0.05,5.0,inf,10.0,10.0,10,100.0,inf,full,both,inf,180.0,0.01,0.0,0.0,256,20,3,0.5,0.1,0.99,10.0,256,20,0,128,0,5.0,8.999999999999993,21.920239996584687,1578.7629613360834,0.0,0.0,0.0,
pd,transverse,300.0,1800.0,0.1,0.075,5.0,1.25,10.0,10.0,10,100.0,inf,full,both,inf,180.0,0.01,0.0,0.0,256,20,3,0.5,0.1,0.99,10.0,256,20,0,128,128,2.69792138619634,1.25,9.653717055739513,9.653717055739513,0.0,0.0,1.0,600.0
pd,transverse,300.0,1800.0,0.1,0.075,5.0,2.5,10.0,10.0,10,100.0,inf,full,both,inf,180.0,0.01,0.0,0.0,256,20,3,0.5,0.1,0.99,10.0,256,20,0,128,128,3.68224055949356,2.5,9.677640049123916,9.677640049123903,0.0,0.0,1.0,630.0
pd,transverse,300.0,1800.0,0.1,0.075,5.0,3.75,10.0,10.0,10,100.0,inf,full,both,inf,180.0,0.01,0.0,0.0,256,20,3,0.5,0.1,0.99,10.0,256,20,0,128,99,4.984619168602674,3.75,11.563838404675076,41.72795482835526,0.0,0.0,0.7734375,760.0
pd,transverse,300.0,1800.0,0.1,0.075,5.0,4.5,10.0,10.0,10,100.0,inf,full,both,inf,180.0,0.01,0.0,0.0,256,20,3,0.5,0.1,0.99,10.0,256,20,0,128,0,5.0,4.5,35.06215017920382,1018.02822056406,0.0,0.0,0.0,
pd,transverse,300.0,1800.0,0.1,0.075,5.0,5.0,10.0,10.0,10,100.0,inf,full,both,inf,180.0,0.01,0.0,0.0,256,20,3,0.5,0.1,0.99,10.0,256,20,0,128,0,5.0,5.0,35.06215017920382,1498.7842167970964,0.0,0.0,0.0,
pd,transverse,300.0,1800.0,0.1,0.075,5.0,5.5,10.0,10.0,10,100.0,inf,full,both,inf,180.0,0.01,0.0,0.0,256,20,3,0.5,0.1,0.99,10.0,256,20,0,128,0,5.0,5.5,35.06215017920382,1836.5426818262292,0.0,0.0,0.0,
pd,transverse,300.0,1800.0,0.1,0.075,5.0,6.25,10.0,10.0,10,100.0,inf,full,both,inf,180.0,0.01,0.0,0.0,256,20,3,0.5,0.1,0.99,10.0,256,20,0,128,0,5.0,6.25,35.06215017920382,2256.752440875164,0.0,0.0,0.0,
pd,transverse,300.0,1800.0,0.1,0.075,5.0,7.5,10.0,10.0,10,100.0,inf,full,both,inf,180.0,0.01,0.0,0.0,256,20,3,0.5,0.1,0.99,10.0,256,20,0,128,0,5.0,7.5,35.06215017920382,2818.627328996009,0.0,0.0,0.0,
pd,transverse,300.0,1800.0,0.1,0.075,5.0,10.0,10.0,10.0,10,100.0,inf,full,both,inf,180.0,0.01,0.0,0.0,256,20,3,0.5,0.1,0.99,10.0,256,20,0,128,0,5.0,10.0,35.06215017920382,3440.19299608258,0.0,0.0,0.0,
pd,transverse,300.0,1800.0,0.1,0.075,5.0,inf,10.0,10.0,10,100.0,inf,full,both,inf,180.0,0.01,0.0,0.0,256,20,3,0.5,0.1,0.99,10.0,256,20,0,128,0,5.0,13.49999999999996,35.06215017920382,3615.7444696632538,0.0,0.0,0.0,
pd,transverse,300.0,1800.0,0.1,0.09,5.0,1.25,10.0,10.0,10,100.0,inf,full,both,inf,180.0,0.01,0.0,0.0,256,20,3,0.5,0.1,0.99,10.0,256,20,0,128,128,2.71394728420276,1.25,9.653735108267536,9.653735108267531,0.0,0.0,1.0,600.0
pd,transverse,300.0,1800.0,0.1,0.09,5.0,2.5,10.0,10.0,10,100.0,inf,full,both,inf,180.0,0.01,0.0,0.0,256,20,3,0.5,0.1,0.99,10.0,256,20,0,128,128,3.781203693819295,2.5,9.67289172845425,9.67289172845425,0.0,0.0,1.0,630.0
pd,transverse,300.0,1800.0,0.1,0.09,5.0,3.75,10.0,10.0,10,100.0,inf,full,both,inf,180.0,0.01,0.0,0.0,256,20,3,0.5,0.1,0.99,10.0,256,20,0,128,54,4.991463744758846,3.75,22.802937187337253,150.03462563388734,0.0,0.0,0.421875,740.0
pd,transverse,300.0,1800.0,0.1,0.09,5.0,4.5,10.0,10.0,10,100.0,inf,full,both,inf,180.0,0.01,0.0,0.0,256,20,3,0.5,0.1,0.99,10.0,256,20,0,128,0,5.0,4.5,66.91137006958542,1076.7029227880312,0.0,0.0,0.0,
pd,transverse,300.0,1800.0,0.1,0.09,5.0,5.0,10.0,10.0,10,100.0,inf,full,both,inf,180.0,0.01,0.0,0.0,256,20,3,0.5,0.1,0.99,10.0,256,20,0,128,0,5.0,5.0,66.92460827931818,1761.230404020872,0.0,0.0,0.0,
pd,transverse,300.0,1800.0,0.1,0.09,5.0,5.5,10.0,10.0,10,100.0,inf,full,both,inf,180.0,0.01,0.0,0.0,256,20,3,0.5,0.1,0.99,10.0,256,20,0,128,0,5.0,5.5,66.92460827931818,2282.153487060141,0.0,0.0,0.0,
pd,transverse,300.0,1800.0,0.1,0.09,5.0,6.25,10.0,10.0,10,100.0,inf,full,both,inf,180.0,0.01,0.0,0.0,256,20,3,0.5,0.1,0.99,10.0,256,20,0,128,0,5.0,6.25,66.92460827931818,2845.298617626588,0.0,0.0,0.0,
pd,transverse,300.0,1800.0,0.1,0.09,5.0,7.5,10.0,10.0,10,100.0,inf,full,both,inf,180.0,0.01,0.0,0.0,256,20,3,0.5,0.1,0.99,10.0,256,20,0,128,0,5.0,7.5,66.92460827931818,3537.172031069734,0.0,0.0,0.0,
pd,transverse,300.0,1800.0,0.1,0.09,5.0,10.0,10.0,10.0,10,100.0,inf,full,both,inf,180.0,0.01,0.0,0.0,256,20,3,0.5,0.1,0.99,10.0,256,20,0,128,0,5.0,10.0,66.92460827931818,4469.019175673111,0.0,0.0,0.0,
pd,transverse,300.0,1800.0,0.1,0.09,5.0,inf,10.0,10.0,10,100.0,inf,full,both,inf,180.0,0.01,0.0,0.0,256,20,3,0.5,0.1,0.99,10.0,256,20,0,128,0,5.0,16.19999999999998,66.92460827931818,5072.833616889079,0.0,0.0,0.0,
pd,transverse,300.0,1800.0,0.1,0.1,5.0,1.25,10.0,10.0,10,100.0,inf,full,both,inf,180.0,0.01,0.0,0.0,256,20,3,0.5,0.1,0.99,10.0,256,20,0,128,128,2.7064983771525006,1.25,9.66025084208814,9.66025084208814,0.0,0.0,1.0,610.0
pd,transverse,300.0,1800.0,0.1,0.1,5.0,2.5,10.0,10.0,10,100.0,inf,full,both,inf,180.0,0.01,0.0,0.0,256,20,3,0.5,0.1,0.99,10.0,256,20,0,128,128,3.8976759234348513,2.5,9.670663698591635,9.670663698591628,0.0,0.0,1.0,670.0
pd,transverse,300.0,1800.0,0.1,0.1,5.0,3.75,10.0,10.0,10,100.0,inf,full,both,inf,180.0,0.01,0.0,0.0,256,20,3,0.5,0.1,0.99,10.0,256,20,0,128,14,4.990539029124123,3.75,46.12827589200365,254.97592531923524,0.0,0.0,0.109375,810.0
pd,transverse,300.0,1800.0,0.1,0.1,5.0,4.5,10.0,10.0,10,100.0,inf,full,both,inf,180.0,0.01,0.0,0.0,256,20,3,0.5,0.1,0.99,10.0,256,20,0,128,0,5.0,4.5,95.94238386572376,1067.2815607367415,0.0,0.0,0.0,
pd,transverse,300.0,1800.0,0.1,0.1,5.0,5.0,10.0,10.0,10,100.0,inf,full,both,inf,180.0,0.01,0.0,0.0,256,20,3,0.5,0.1,0.99,10.0,256,20,0,128,0,5.0,5.0,96.06651944789328,1782.4928982282197,0.0,0.0,0.0,
pd,transverse,300.0,1800.0,0.1,0.1,5.0,5.5,10.0,10.0,10,100.0,inf,full,both,inf,180.0,0.01,0.0,0.0,256,20,3,0.5,0.1,0.99,10.0,256,20,0,128,0,5.0,5.5,96.06651944789328,2420.183387467075,0.0,0.0,0.0,
pd,transverse,300.0,1800.0,0.1,0.1,5.0,6.25,10.0,10.0,10,100.0,inf,full,both,inf,180.0,0.01,0.0,0.0,256,20,3,0.5,0.1,0.99,10.0,256,20,0,128,0,5.0,6.25,96.06651944789328,3159.8061155712207,0.0,0.0,0.0,
pd,transverse,300.0,1800.0,0.1,0.1,5.0,7.5,10.0,10.0,10,100.0,inf,full,both,inf,180.0,0.01,0.0,0.0,256,20,3,0.5,0.1,0.99,10.0,256,20,0,128,0,5.0,7.5,96.06651944789328,4007.037025570539,0.0,0.0,0.0,
pd,transverse,300.0,1800.0,0.1,0.1,5.0,10.0,10.0,10.0,10,100.0,inf,full,both,inf,180.0,0.01,0.0,0.0,256,20,3,0.5,0.1,0.99,10.0,256,20,0,128,0,5.0,10.0,96.06651944789328,5103.345294957376,0.0,0.0,0.0,
pd,transverse,300.0,1800.0,0.1,0.1,5.0,inf,10.0,10.0,10,100.0,inf,full,both,inf,180.0,0.01,0.0,0.0,256,20,3,0.5,0.1,0.99,10.0,256,20,0,128,0,5.0,17.999999999999986,96.06651944789328,6090.891075755114,0.0,0.0,0.0,
pd,transverse,300.0,1800.0,0.1,0.11,5.0,1.25,10.0,10.0,10,100.0,inf,full,both,inf,180.0,0.01,0.0,0.0,256,20,3,0.5,0.1,0.99,10.0,256,20,0,128,128,2.6994166962833543,1.25,9.687074830110392,9.687074830110394,0.0,0.0,1.0,610.0
pd,transverse,300.0,1800.0,0.1,0.11,5.0,2.5,10.0,10.0,10,100.0,inf,full,both,inf,180.0,0.01,0.0,0.0,256,20,3,0.5,0.1,0.99,10.0,256,20,0,128,128,3.983223051584232,2.5,9.668198807264195,9.668198807264195,0.0,0.0,1.0,700.0
pd,transverse,300.0,1800.0,0.1,0.11,5.0,3.75,10.0,10.0,10,100.0,inf,full,both,inf,180.0,0.01,0.0,0.0,256,20,3,0.5,0.1,0.99,10.0,256,20,0,128,4,4.989246294638267,3.75,61.81461240447244,307.1387607549183,0.0,0.0,0.03125,750.0
pd,transverse,300.0,1800.0,0.1,0.11,5.0,4.5,10.0,10.0,10,100.0,inf,full,both,inf,180.0,0.01,0.0,0.0,256,20,3,0.5,0.1,0.99,10.0,256,20,0,128,0,5.0,4.5,119.91284404844768,1049.5281778454237,0.0,0.0,0.0,
pd,transverse,300.0,1800.0,0.1,0.11,5.0,5.0,10.0,10.0,10,100.0,inf,full,both,inf,180.0,0.01,0.0,0.0,256,20,3,0.5,0.1,0.99,10.0,256,20,0,128,0,5.0,5.0,120.64926221523118,1759.604660982396,0.0,0.0,0.0,
pd,transverse,300.0,1800.0,0.1,0.11,5.0,5.5,10.0,10.0,10,100.0,inf,full,both,inf,180.0,0.01,0.0,0.0,256,20,3,0.5,0.1,0.99,10.0,256,20,0,128,0,5.0,5.5,120.64926221523118,2432.577882370817,0.0,0.0,0.0,
pd,transverse,300.0,1800.0,0.1,0.11,5.0,6.25,10.0,10.0,10,100.0,inf,full,both,inf,180.0,0.01,0.0,0.0,256,20,3,0.5,0.1,0.99,10.0,256,20,0,128,0,5.0,6.25,120.64926221523118,3304.3312616997086,0.0,0.0,0.0,
pd,transverse,300.0,1800.0,0.1,0.11,5.0,7.5,10.0,10.0,10,100.0,inf,full,both,inf,180.0,0.01,0.0,0.0,256,20,3,0.5,0.1,0.99,10.0,256,20,0,128,0,5.0,7.5,120.64926221523118,4349.159683400731,0.0,0.0,0.0,
pd,transverse,300.0,1800.0,0.1,0.11,5.0,10.0,10.0,10.0,10,100.0,inf,full,both,inf,180.0,0.01,0.0,0.0,256,20,3,0.5,0.1,0.99,10.0,256,20,0,128,0,5.0,10.0,120.64926221523118,5629.650582315188,0.0,0.0,0.0,
pd,transverse,300.0,1800.0,0.1,0.11,5.0,inf,10.0,10.0,10,100.0,inf,full,both,inf,180.0,0.01,0.0,0.0,256,20,3,0.5,0.1,0.99,10.0,256,20,0,128,0,5.0,19.79999999999995,120.64926221523118,7036.11544055642,0.0,0.0,0.0,
pd,transverse,300.0,1800.0,0.1,0.125,5.0,1.25,10.0,10.0,10,100.0,inf,full,both,inf,180.0,0.01,0.0,0.0,256,20,3,0.5,0.1,0.99,10.0,256,20,0,128,128,2.6947784366472725,1.25,9.670583305304694,9.6705833053047,0.0,0.0,1.0,610.0
pd,transverse,300.0,1800.0,0.1,0.125,5.0,2.5,10.0,10.0,10,100.0,inf,full,both,inf,180.0,0.01,0.0,0.0,256,20,3,0.5,0.1,0.99,10.0,256,20,0,128,128,4.076163494513744,2.5,9.709632849417568,9.709632849417572,0.0,0.0,1.0,730.0
pd,transverse,300.0,1800.0,0.1,0.125,5.0,3.75,10.0,10.0,10,100.0,inf,full,both,inf,180.0,0.01,0.0,0.0,256,20,3,0.5,0.1,0.99,10.0,256,20,0,128,4,4.987047440997157,3.75,70.67788908103915,375.2874996564722,0.0,0.0,0.03125,750.0
pd,transverse,300.0,1800.0,0.1,0.125,5.0,4.5,10.0,10.0,10,100.0,inf,full,both,inf,180.0,0.01,0.0,0.0,256,20,3,0.5,0.1,0.99,10.0,256,20,0,128,0,5.0,4.5,149.3593571392581,1012.6664097334364,0.0,0.0,0.0,
pd,transverse,300.0,1800.0,0.1,0.125,5.0,5.0,10.0,10.0,10,100.0,inf,full,both,inf,180.0,0.01,0.0,0.0,256,20,3,0.5,0.1,0.99,10.0,256,20,0,128,0,5.0,5.0,151.7064145806388,1729.3313430505352,0.0,0.0,0.0,
pd,transverse,300.0,1800.0,0.1,0.125,5.0,5.5,10.0,10.0,10,100.0,inf,full,both,inf,180.0,0.01,0.0,0.0,256,20,3,0.5,0.1,0.99,10.0,256,20,0,128,0,5.0,5.5,151.7064145806388,2422.286970500523,0.0,0.0,0.0,
pd,transverse,300.0,1800.0,0.1,0.125,5.0,6.25,10.0,10.0,10,100.0,inf,full,both,inf,180.0,0.01,0.0,0.0,256,20,3,0.5,0.1,0.99,10.0,256,20,0,128,0,5.0,6.25,151.7064145806388,3378.178839817137,0.0,0.0,0.0,
pd,transverse,300.0,1800.0,0.1,0.125,5.0,7.5,10.0,10.0,10,100.0,inf,full,both,inf,180.0,0.01,0.0,0.0,256,20,3,0.5,0.1,0.99,10.0,256,20,0,128,0,5.0,7.5,151.7064145806388,4676.913785555974,0.0,0.0,0.0,
pd,transverse,300.0,1800.0,0.1,0.125,5.0,10.0,10.0,10.0,10,100.0,inf,full,both,inf,180.0,0.01,0.0,0.0,256,20,3,0.5,0.1,0.99,10.0,256,20,0,128,0,5.0,10.0,151.7064145806388,6288.782914168973,0.0,0.0,0.0,
pd,transverse,300.0,1800.0,0.1,0.125,5.0,inf,10.0,10.0,10,100.0,inf,full,both,inf,180.0,0.01,0.0,0.0,256,20,3,0.5,0.1,0.99,10.0,256,20,0,128,0,5.0,22.5,151.7064145806388,8413.916237438054,0.0,0.0,0.0,
pd,transverse,300.0,1800.0,0.1,0.15,5.0,1.25,10.0,10.0,10,100.0,inf,full,both,inf,180.0,0.01,0.0,0.0,256,20,3,0.5,0.1,0.99,10.0,256,20,0,128,128,2.689386457589646,1.25,9.663195735848287,9.663195735848284,0.0,0.0,1.0,620.0
pd,transverse,300.0,1800.0,0.1,0.15,5.0,2.5,10.0,10.0,10,100.0,inf,full,both,inf,180.0,0.01,0.0,0.0,256,20,3,0.5,0.1,0.99,10.0,256,20,0,128,128,4.17335870812056,2.5,9.675974480539669,9.67597448053966,0.0,0.0,1.0,760.0
pd,transverse,300.0,1800.0,0.1,0.15,5.0,3.75,10.0,10.0,10,100.0,inf,full,both,inf,180.0,0.01,0.0,0.0,256,20,3,0.5,0.1,0.99,10.0,256,20,0,128,4,4.9835102394294974,3.75,73.45513690551812,506.07105548078624,0.0,0.0,0.03125,760.0
pd,transverse,300.0,1800.0,0.1,0.15,5.0,4.5,10.0,10.0,10,100.0,inf,full,both,inf,180.0,0.01,0.0,0.0,256,20,3,0.5,0.1,0.99,10.0,256,20,0,128,1,5.0,4.5,185.15472082771436,942.1587188168884,0.0,0.0,0.0078125,820.0
pd,transverse,300.0,1800.0,0.1,0.15,5.0,5.0,10.0,10.0,10,100.0,inf,full,both,inf,180.0,0.01,0.0,0.0,256,20,3,0.5,0.1,0.99,10.0,256,20,0,128,0,5.0,5.0,189.7617300824253,1672.2131248574838,0.0,0.0,0.0,
pd,transverse,300.0,1800.0,0.1,0.15,5.0,5.5,10.0,10.0,10,100.0,inf,full,both,inf,180.0,0.01,0.0,0.0,256,20,3,0.5,0.1,0.99,10.0,256,20,0,128,0,5.0,5.5,190.4951017914095,2392.524180811007,0.0,0.0,0.0,
pd,transverse,300.0,1800.0,0.1,0.15,5.0,6.25,10.0,10.0,10,100.0,inf,full,both,inf,180.0,0.01,0.0,0.0,256,20,3,0.5,0.1,0.99,10.0,256,20,0,128,0,5.0,6.25,190.4951017914095,3408.639844688933,0.0,0.0,0.0,
pd,transverse,300.0,1800.0,0.1,0.15,5.0,7.5,10.0,10.0,10,100.0,inf,full,both,inf,180.0,0.01,0.0,0.0,256,20,3,0.5,0.1,0.99,10.0,256,20,0,128,0,5.0,7.5,190.4951017914095,4918.2455674868015,0.0,0.0,0.0,
pd,transverse,300.0,1800.0,0.1,0.15,5.0,10.0,10.0,10.0,10,100.0,inf,full,both,inf,180.0,0.01,0.0,0.0,256,20,3,0.5,0.1,0.99,10.0,256,20,0,128,0,5.0,10.0,190.4951017914095,7122.562685739484,0.0,0.0,0.0,
pd,transverse,300.0,1800.0,0.1,0.15,5.0,inf,10.0,10.0,10,100.0,inf,full,both,inf,180.0,0.01,0.0,0.0,256,20,3,0.5,0.1,0.99,10.0,256,20,0,128,0,5.0,26.99999999999992,190.4951017914095,10669.67554559427,0.0,0.0,0.0,
pd,transverse,300.0,1800.0,0.1,0.2,5.0,1.25,10.0,10.0,10,100.0,inf,full,both,inf,180.0,0.01,0.0,0.0,256,20,3,0.5,0.1,0.99,10.0,256,20,0,128,128,2.6872340061142728,1.25,9.710917874732772,9.710917874732774,0.0,0.0,1.0,620.0
pd,transverse,300.0,1800.0,0.1,0.2,5.0,2.5,10.0,10.0,10,100.0,inf,full,both,inf,180.0,0.01,0.0,0.0,256,20,3,0.5,0.1,0.99,10.0,256,20,0,128,128,4.293119417599997,2.5,9.674669230019022,9.67466923001902,0.0,0.0,1.0,790.0
pd,transverse,300.0,1800.0,0.1,0.2,5.0,3.75,10.0,10.0,10,100.0,inf,full,both,inf,180.0,0.01,0.0,0.0,256,20,3,0.5,0.1,0.99,10.0,256,20,0,128,5,4.978164665109216,3.75,80.48297300521166,728.3957611833666,0.0,0.0,0.0390625,780.0
pd,transverse,300.0,1800.0,0.1,0.2,5.0,4.5,10.0,10.0,10,100.0,inf,full,both,inf,180.0,0.01,0.0,0.0,256,20,3,0.5,0.1,0.99,10.0,256,20,0,128,2,4.99765580021228,4.5,227.3410278936888,870.4081879344583,0.0,0.0,0.015625,840.0
pd,transverse,300.0,1800.0,0.1,0.2,5.0,5.0,10.0,10.0,10,100.0,inf,full,both,inf,180.0,0.01,0.0,0.0,256,20,3,0.5,0.1,0.99,10.0,256,20,0,128,0,5.0,5.0,231.61564018163403,1644.9330082875954,0.0,0.0,0.0,
pd,transverse,300.0,1800.0,0.1,0.2,5.0,5.5,10.0,10.0,10,100.0,inf,full,both,inf,180.0,0.01,0.0,0.0,256,20,3,0.5,0.1,0.99,10.0,256,20,0,128,0,5.0,5.5,234.44415179704785,2400.992969453256,0.0,0.0,0.0,
pd,transverse,300.0,1800.0,0.1,0.2,5.0,6.25,10.0,10.0,10,100.0,inf,full,both,inf,180.0,0.01,0.0,0.0,256,20,3,0.5,0.1,0.99,10.0,256,20,0,128,0,5.0,6.25,235.8397944534071,3486.1625912930217,0.0,0.0,0.0,
pd,transverse,300.0,1800.0,0.1,0.2,5.0,7.5,10.0,10.0,10,100.0,inf,full,both,inf,180.0,0.01,0.0,0.0,256,20,3,0.5,0.1,0.99,10.0,256,20,0,128,0,5.0,7.5,235.8397944534071,5138.503538760137,0.0,0.0,0.0,
pd,transverse,300.0,1800.0,0.1,0.2,5.0,10.0,10.0,10.0,10,100.0,inf,full,both,inf,180.0,0.01,0.0,0.0,256,20,3,0.5,0.1,0.99,10.0,256,20,0,128,0,5.0,10.0,235.8397944534071,7959.330741742946,0.0,0.0,0.0,
pd,transverse,300.0,1800.0,0.1,0.2,5.0,inf,10.0,10.0,10,100.0,inf,full,both,inf,180.0,0.01,0.0,0.0,256,20,3,0.5,0.1,0.99,10.0,256,20,0,128,0,5.0,35.99999999999997,235.8397944534071,15167.557169625126,0.0,0.0,0.0,
