pursuer,evader,separation_m,horizon_s,pursuer_cap_mps,evader_cap_mps,pursuer_budget_mps,evader_budget_mps,dt_s,capture_m,substeps,lookahead_s,capture_speed_mps,sensor,sensed,sensor_range_m,cone_half_angle_deg,noise_fraction,prior_sigma_m,prior_sigma_mps,planner_samples,planner_segments,planner_repeat,planner_noise,planner_temperature,planner_discount,planner_capture_bonus,planner_evader_samples,planner_evader_segments,planner_rollout_substeps,episodes,wins,pursuer_dv,evader_dv,closest_m,final_range_m,pursuer_detection_fraction,pursuer_mean_error_m,outcome,median_capture_time_s
coast,flee,300.0,1800.0,0.1,0.025,5.0,1.25,10.0,10.0,10,100.0,inf,full,both,inf,180.0,0.01,0.0,0.0,256,20,3,0.5,0.1,0.99,10.0,256,20,0,512,0,0.0,1.25,300.0,3132.800435039612,0.0,0.0,0.0,
coast,flee,300.0,1800.0,0.1,0.025,5.0,2.5,10.0,10.0,10,100.0,inf,full,both,inf,180.0,0.01,0.0,0.0,256,20,3,0.5,0.1,0.99,10.0,256,20,0,512,0,0.0,2.5,300.0,4490.135786364802,0.0,0.0,0.0,
coast,flee,300.0,1800.0,0.1,0.025,5.0,3.75,10.0,10.0,10,100.0,inf,full,both,inf,180.0,0.01,0.0,0.0,256,20,3,0.5,0.1,0.99,10.0,256,20,0,512,0,0.0,3.75,300.0,5178.3448900896165,0.0,0.0,0.0,
coast,flee,300.0,1800.0,0.1,0.025,5.0,4.5,10.0,10.0,10,100.0,inf,full,both,inf,180.0,0.01,0.0,0.0,256,20,3,0.5,0.1,0.99,10.0,256,20,0,512,0,0.0,4.4999999999999964,300.0,5294.254249049797,0.0,0.0,0.0,
coast,flee,300.0,1800.0,0.1,0.025,5.0,5.0,10.0,10.0,10,100.0,inf,full,both,inf,180.0,0.01,0.0,0.0,256,20,3,0.5,0.1,0.99,10.0,256,20,0,512,0,0.0,4.4999999999999964,300.0,5294.254249049797,0.0,0.0,0.0,
coast,flee,300.0,1800.0,0.1,0.025,5.0,5.5,10.0,10.0,10,100.0,inf,full,both,inf,180.0,0.01,0.0,0.0,256,20,3,0.5,0.1,0.99,10.0,256,20,0,512,0,0.0,4.4999999999999964,300.0,5294.254249049797,0.0,0.0,0.0,
coast,flee,300.0,1800.0,0.1,0.025,5.0,6.25,10.0,10.0,10,100.0,inf,full,both,inf,180.0,0.01,0.0,0.0,256,20,3,0.5,0.1,0.99,10.0,256,20,0,512,0,0.0,4.4999999999999964,300.0,5294.254249049797,0.0,0.0,0.0,
coast,flee,300.0,1800.0,0.1,0.025,5.0,7.5,10.0,10.0,10,100.0,inf,full,both,inf,180.0,0.01,0.0,0.0,256,20,3,0.5,0.1,0.99,10.0,256,20,0,512,0,0.0,4.4999999999999964,300.0,5294.254249049797,0.0,0.0,0.0,
coast,flee,300.0,1800.0,0.1,0.025,5.0,10.0,10.0,10.0,10,100.0,inf,full,both,inf,180.0,0.01,0.0,0.0,256,20,3,0.5,0.1,0.99,10.0,256,20,0,512,0,0.0,4.4999999999999964,300.0,5294.254249049797,0.0,0.0,0.0,
coast,flee,300.0,1800.0,0.1,0.025,5.0,inf,10.0,10.0,10,100.0,inf,full,both,inf,180.0,0.01,0.0,0.0,256,20,3,0.5,0.1,0.99,10.0,256,20,0,512,0,0.0,4.4999999999999964,300.0,5294.254249049797,0.0,0.0,0.0,
coast,flee,300.0,1800.0,0.1,0.05,5.0,1.25,10.0,10.0,10,100.0,inf,full,both,inf,180.0,0.01,0.0,0.0,256,20,3,0.5,0.1,0.99,10.0,256,20,0,512,0,0.0,1.25,300.0,3351.7268520512544,0.0,0.0,0.0,
coast,flee,300.0,1800.0,0.1,0.05,5.0,2.5,10.0,10.0,10,100.0,inf,full,both,inf,180.0,0.01,0.0,0.0,256,20,3,0.5,0.1,0.99,10.0,256,20,0,512,0,0.0,2.5,300.0,5337.448989401755,0.0,0.0,0.0,
coast,flee,300.0,1800.0,0.1,0.05,5.0,3.75,10.0,10.0,10,100.0,inf,full,both,inf,180.0,0.01,0.0,0.0,256,20,3,0.5,0.1,0.99,10.0,256,20,0,512,0,0.0,3.75,300.0,6893.717848296059,0.0,0.0,0.0,
coast,flee,300.0,1800.0,0.1,0.05,5.0,4.5,10.0,10.0,10,100.0,inf,full,both,inf,180.0,0.01,0.0,0.0,256,20,3,0.5,0.1,0.99,10.0,256,20,0,512,0,0.0,4.5,300.0,7643.014638959024,0.0,0.0,0.0,
coast,flee,300.0,1800.0,0.1,0.05,5.0,5.0,10.0,10.0,10,100.0,inf,full,both,inf,180.0,0.01,0.0,0.0,256,20,3,0.5,0.1,0.99,10.0,256,20,0,512,0,0.0,5.0,300.0,8072.777804128524,0.0,0.0,0.0,
coast,flee,300.0,1800.0,0.1,0.05,5.0,5.5,10.0,10.0,10,100.0,inf,full,both,inf,180.0,0.01,0.0,0.0,256,20,3,0.5,0.1,0.99,10.0,256,20,0,512,0,0.0,5.5,300.0,8449.625333079099,0.0,0.0,0.0,
coast,flee,300.0,1800.0,0.1,0.05,5.0,6.25,10.0,10.0,10,100.0,inf,full,both,inf,180.0,0.01,0.0,0.0,256,20,3,0.5,0.1,0.99,10.0,256,20,0,512,0,0.0,6.25,300.0,8919.248090157078,0.0,0.0,0.0,
coast,flee,300.0,1800.0,0.1,0.05,5.0,7.5,10.0,10.0,10,100.0,inf,full,both,inf,180.0,0.01,0.0,0.0,256,20,3,0.5,0.1,0.99,10.0,256,20,0,512,0,0.0,7.5,300.0,9453.310648609597,0.0,0.0,0.0,
coast,flee,300.0,1800.0,0.1,0.05,5.0,10.0,10.0,10.0,10,100.0,inf,full,both,inf,180.0,0.01,0.0,0.0,256,20,3,0.5,0.1,0.99,10.0,256,20,0,512,0,0.0,8.999999999999993,300.0,9685.262024515108,0.0,0.0,0.0,
coast,flee,300.0,1800.0,0.1,0.05,5.0,inf,10.0,10.0,10,100.0,inf,full,both,inf,180.0,0.01,0.0,0.0,256,20,3,0.5,0.1,0.99,10.0,256,20,0,512,0,0.0,8.999999999999993,300.0,9685.262024515108,0.0,0.0,0.0,
coast,flee,300.0,1800.0,0.1,0.075,5.0,1.25,10.0,10.0,10,100.0,inf,full,both,inf,180.0,0.01,0.0,0.0,256,20,3,0.5,0.1,0.99,10.0,256,20,0,512,0,0.0,1.25,300.0,3429.404271413181,0.0,0.0,0.0,
coast,flee,300.0,1800.0,0.1,0.075,5.0,2.5,10.0,10.0,10,100.0,inf,full,both,inf,180.0,0.01,0.0,0.0,256,20,3,0.5,0.1,0.99,10.0,256,20,0,512,0,0.0,2.5,300.0,5661.5350469272735,0.0,0.0,0.0,
coast,flee,300.0,1800.0,0.1,0.075,5.0,3.75,10.0,10.0,10,100.0,inf,full,both,inf,180.0,0.01,0.0,0.0,256,20,3,0.5,0.1,0.99,10.0,256,20,0,512,0,0.0,3.75,300.0,7585.009730085239,0.0,0.0,0.0,
coast,flee,300.0,1800.0,0.1,0.075,5.0,4.5,10.0,10.0,10,100.0,inf,full,both,inf,180.0,0.01,0.0,0.0,256,20,3,0.5,0.1,0.99,10.0,256,20,0,512,0,0.0,4.5,300.0,8595.419100629082,0.0,0.0,0.0,
coast,flee,300.0,1800.0,0.1,0.075,5.0,5.0,10.0,10.0,10,100.0,inf,full,both,inf,180.0,0.01,0.0,0.0,256,20,3,0.5,0.1,0.99,10.0,256,20,0,512,0,0.0,5.0,300.0,9213.022349090166,0.0,0.0,0.0,
coast,flee,300.0,1800.0,0.1,0.075,5.0,5.5,10.0,10.0,10,100.0,inf,full,both,inf,180.0,0.01,0.0,0.0,256,20,3,0.5,0.1,0.99,10.0,256,20,0,512,0,0.0,5.5,300.0,9788.276682619951,0.0,0.0,0.0,
coast,flee,300.0,1800.0,0.1,0.075,5.0,6.25,10.0,10.0,10,100.0,inf,full,both,inf,180.0,0.01,0.0,0.0,256,20,3,0.5,0.1,0.99,10.0,256,20,0,512,0,0.0,6.25,300.0,10575.42501849265,0.0,0.0,0.0,
coast,flee,300.0,1800.0,0.1,0.075,5.0,7.5,10.0,10.0,10,100.0,inf,full,both,inf,180.0,0.01,0.0,0.0,256,20,3,0.5,0.1,0.99,10.0,256,20,0,512,0,0.0,7.5,300.0,11698.008609583369,0.0,0.0,0.0,
coast,flee,300.0,1800.0,0.1,0.075,5.0,10.0,10.0,10.0,10,100.0,inf,full,both,inf,180.0,0.01,0.0,0.0,256,20,3,0.5,0.1,0.99,10.0,256,20,0,512,0,0.0,10.0,300.0,13288.566705167175,0.0,0.0,0.0,
coast,flee,300.0,1800.0,0.1,0.075,5.0,inf,10.0,10.0,10,100.0,inf,full,both,inf,180.0,0.01,0.0,0.0,256,20,3,0.5,0.1,0.99,10.0,256,20,0,512,0,0.0,13.49999999999996,300.0,14119.584380250642,0.0,0.0,0.0,
coast,flee,300.0,1800.0,0.1,0.09,5.0,1.25,10.0,10.0,10,100.0,inf,full,both,inf,180.0,0.01,0.0,0.0,256,20,3,0.5,0.1,0.99,10.0,256,20,0,512,0,0.0,1.25,300.0,3456.0206192650967,0.0,0.0,0.0,
coast,flee,300.0,1800.0,0.1,0.09,5.0,2.5,10.0,10.0,10,100.0,inf,full,both,inf,180.0,0.01,0.0,0.0,256,20,3,0.5,0.1,0.99,10.0,256,20,0,512,0,0.0,2.5,300.0,5774.628201317689,0.0,0.0,0.0,
coast,flee,300.0,1800.0,0.1,0.09,5.0,3.75,10.0,10.0,10,100.0,inf,full,both,inf,180.0,0.01,0.0,0.0,256,20,3,0.5,0.1,0.99,10.0,256,20,0,512,0,0.0,3.75,300.0,7832.536915663748,0.0,0.0,0.0,
coast,flee,300.0,1800.0,0.1,0.09,5.0,4.5,10.0,10.0,10,100.0,inf,full,both,inf,180.0,0.01,0.0,0.0,256,20,3,0.5,0.1,0.99,10.0,256,20,0,512,0,0.0,4.5,300.0,8941.76397535208,0.0,0.0,0.0,
coast,flee,300.0,1800.0,0.1,0.09,5.0,5.0,10.0,10.0,10,100.0,inf,full,both,inf,180.0,0.01,0.0,0.0,256,20,3,0.5,0.1,0.99,10.0,256,20,0,512,0,0.0,5.0,300.0,9631.180887068274,0.0,0.0,0.0,
coast,flee,300.0,1800.0,0.1,0.09,5.0,5.5,10.0,10.0,10,100.0,inf,full,both,inf,180.0,0.01,0.0,0.0,256,20,3,0.5,0.1,0.99,10.0,256,20,0,512,0,0.0,5.5,300.0,10282.66276192741,0.0,0.0,0.0,
coast,flee,300.0,1800.0,0.1,0.09,5.0,6.25,10.0,10.0,10,100.0,inf,full,both,inf,180.0,0.01,0.0,0.0,256,20,3,0.5,0.1,0.99,10.0,256,20,0,512,0,0.0,6.25,300.0,11191.116018250666,0.0,0.0,0.0,
coast,flee,300.0,1800.0,0.1,0.09,5.0,7.5,10.0,10.0,10,100.0,inf,full,both,inf,180.0,0.01,0.0,0.0,256,20,3,0.5,0.1,0.99,10.0,256,20,0,512,0,0.0,7.5,300.0,12533.40792001542,0.0,0.0,0.0,
coast,flee,300.0,1800.0,0.1,0.09,5.0,10.0,10.0,10.0,10,100.0,inf,full,both,inf,180.0,0.01,0.0,0.0,256,20,3,0.5,0.1,0.99,10.0,256,20,0,512,0,0.0,10.0,300.0,14631.291347281389,0.0,0.0,0.0,
coast,flee,300.0,1800.0,0.1,0.09,5.0,inf,10.0,10.0,10,100.0,inf,full,both,inf,180.0,0.01,0.0,0.0,256,20,3,0.5,0.1,0.99,10.0,256,20,0,512,0,0.0,16.19999999999998,300.0,16788.73552829137,0.0,0.0,0.0,
coast,flee,300.0,1800.0,0.1,0.1,5.0,1.25,10.0,10.0,10,100.0,inf,full,both,inf,180.0,0.01,0.0,0.0,256,20,3,0.5,0.1,0.99,10.0,256,20,0,512,0,0.0,1.25,300.0,3469.287701681288,0.0,0.0,0.0,
coast,flee,300.0,1800.0,0.1,0.1,5.0,2.5,10.0,10.0,10,100.0,inf,full,both,inf,180.0,0.01,0.0,0.0,256,20,3,0.5,0.1,0.99,10.0,256,20,0,512,0,0.0,2.5,300.0,5832.261936504133,0.0,0.0,0.0,
coast,flee,300.0,1800.0,0.1,0.1,5.0,3.75,10.0,10.0,10,100.0,inf,full,both,inf,180.0,0.01,0.0,0.0,256,20,3,0.5,0.1,0.99,10.0,256,20,0,512,0,0.0,3.75,300.0,7959.682208407024,0.0,0.0,0.0,
coast,flee,300.0,1800.0,0.1,0.1,5.0,4.5,10.0,10.0,10,100.0,inf,full,both,inf,180.0,0.01,0.0,0.0,256,20,3,0.5,0.1,0.99,10.0,256,20,0,512,0,0.0,4.5,300.0,9120.71998292592,0.0,0.0,0.0,
coast,flee,300.0,1800.0,0.1,0.1,5.0,5.0,10.0,10.0,10,100.0,inf,full,both,inf,180.0,0.01,0.0,0.0,256,20,3,0.5,0.1,0.99,10.0,256,20,0,512,0,0.0,5.0,300.0,9848.29273501072,0.0,0.0,0.0,
coast,flee,300.0,1800.0,0.1,0.1,5.0,5.5,10.0,10.0,10,100.0,inf,full,both,inf,180.0,0.01,0.0,0.0,256,20,3,0.5,0.1,0.99,10.0,256,20,0,512,0,0.0,5.5,300.0,10540.147375251863,0.0,0.0,0.0,
coast,flee,300.0,1800.0,0.1,0.1,5.0,6.25,10.0,10.0,10,100.0,inf,full,both,inf,180.0,0.01,0.0,0.0,256,20,3,0.5,0.1,0.99,10.0,256,20,0,512,0,0.0,6.25,300.0,11513.360091071365,0.0,0.0,0.0,
coast,flee,300.0,1800.0,0.1,0.1,5.0,7.5,10.0,10.0,10,100.0,inf,full,both,inf,180.0,0.01,0.0,0.0,256,20,3,0.5,0.1,0.99,10.0,256,20,0,512,0,0.0,7.5,300.0,12973.52751218728,0.0,0.0,0.0,
coast,flee,300.0,1800.0,0.1,0.1,5.0,10.0,10.0,10.0,10,100.0,inf,full,both,inf,180.0,0.01,0.0,0.0,256,20,3,0.5,0.1,0.99,10.0,256,20,0,512,0,0.0,10.0,300.0,15339.335353760198,0.0,0.0,0.0,
coast,flee,300.0,1800.0,0.1,0.1,5.0,inf,10.0,10.0,10,100.0,inf,full,both,inf,180.0,0.01,0.0,0.0,256,20,3,0.5,0.1,0.99,10.0,256,20,0,512,0,0.0,17.999999999999986,300.0,18570.319891688232,0.0,0.0,0.0,
coast,flee,300.0,1800.0,0.1,0.11,5.0,1.25,10.0,10.0,10,100.0,inf,full,both,inf,180.0,0.01,0.0,0.0,256,20,3,0.5,0.1,0.99,10.0,256,20,0,512,0,0.0,1.25,300.0,3480.3099364670584,0.0,0.0,0.0,
coast,flee,300.0,1800.0,0.1,0.11,5.0,2.5,10.0,10.0,10,100.0,inf,full,both,inf,180.0,0.01,0.0,0.0,256,20,3,0.5,0.1,0.99,10.0,256,20,0,512,0,0.0,2.5,300.0,5879.598273560242,0.0,0.0,0.0,
coast,flee,300.0,1800.0,0.1,0.11,5.0,3.75,10.0,10.0,10,100.0,inf,full,both,inf,180.0,0.01,0.0,0.0,256,20,3,0.5,0.1,0.99,10.0,256,20,0,512,0,0.0,3.75,300.0,8065.548467620757,0.0,0.0,0.0,
coast,flee,300.0,1800.0,0.1,0.11,5.0,4.5,10.0,10.0,10,100.0,inf,full,both,inf,180.0,0.01,0.0,0.0,256,20,3,0.5,0.1,0.99,10.0,256,20,0,512,0,0.0,4.5,300.0,9269.980544685232,0.0,0.0,0.0,
coast,flee,300.0,1800.0,0.1,0.11,5.0,5.0,10.0,10.0,10,100.0,inf,full,both,inf,180.0,0.01,0.0,0.0,256,20,3,0.5,0.1,0.99,10.0,256,20,0,512,0,0.0,5.0,300.0,10029.577536237584,0.0,0.0,0.0,
coast,flee,300.0,1800.0,0.1,0.11,5.0,5.5,10.0,10.0,10,100.0,inf,full,both,inf,180.0,0.01,0.0,0.0,256,20,3,0.5,0.1,0.99,10.0,256,20,0,512,0,0.0,5.5,300.0,10756.024766209242,0.0,0.0,0.0,
coast,flee,300.0,1800.0,0.1,0.11,5.0,6.25,10.0,10.0,10,100.0,inf,full,both,inf,180.0,0.01,0.0,0.0,256,20,3,0.5,0.1,0.99,10.0,256,20,0,512,0,0.0,6.25,300.0,11784.613030095632,0.0,0.0,0.0,
coast,flee,300.0,1800.0,0.1,0.11,5.0,7.5,10.0,10.0,10,100.0,inf,full,both,inf,180.0,0.01,0.0,0.0,256,20,3,0.5,0.1,0.99,10.0,256,20,0,512,0,0.0,7.5,300.0,13345.518424459317,0.0,0.0,0.0,
coast,flee,300.0,1800.0,0.1,0.11,5.0,10.0,10.0,10.0,10,100.0,inf,full,both,inf,180.0,0.01,0.0,0.0,256,20,3,0.5,0.1,0.99,10.0,256,20,0,512,0,0.0,10.0,300.0,15940.805612520526,0.0,0.0,0.0,
coast,flee,300.0,1800.0,0.1,0.11,5.0,inf,10.0,10.0,10,100.0,inf,full,both,inf,180.0,0.01,0.0,0.0,256,20,3,0.5,0.1,0.99,10.0,256,20,0,512,0,0.0,19.79999999999995,300.0,20353.195407944582,0.0,0.0,0.0,
coast,flee,300.0,1800.0,0.1,0.125,5.0,1.25,10.0,10.0,10,100.0,inf,full,both,inf,180.0,0.01,0.0,0.0,256,20,3,0.5,0.1,0.99,10.0,256,20,0,512,0,0.0,1.25,300.0,3493.828225332324,0.0,0.0,0.0,
coast,flee,300.0,1800.0,0.1,0.125,5.0,2.5,10.0,10.0,10,100.0,inf,full,both,inf,180.0,0.01,0.0,0.0,256,20,3,0.5,0.1,0.99,10.0,256,20,0,512,0,0.0,2.5,300.0,5937.394128818792,0.0,0.0,0.0,
coast,flee,300.0,1800.0,0.1,0.125,5.0,3.75,10.0,10.0,10,100.0,inf,full,both,inf,180.0,0.01,0.0,0.0,256,20,3,0.5,0.1,0.99,10.0,256,20,0,512,0,0.0,3.75,300.0,8194.510924875,0.0,0.0,0.0,
coast,flee,300.0,1800.0,0.1,0.125,5.0,4.5,10.0,10.0,10,100.0,inf,full,both,inf,180.0,0.01,0.0,0.0,256,20,3,0.5,0.1,0.99,10.0,256,20,0,512,0,0.0,4.5,300.0,9452.742907219452,0.0,0.0,0.0,
coast,flee,300.0,1800.0,0.1,0.125,5.0,5.0,10.0,10.0,10,100.0,inf,full,both,inf,180.0,0.01,0.0,0.0,256,20,3,0.5,0.1,0.99,10.0,256,20,0,512,0,0.0,5.0,300.0,10252.37319184647,0.0,0.0,0.0,
coast,flee,300.0,1800.0,0.1,0.125,5.0,5.5,10.0,10.0,10,100.0,inf,full,both,inf,180.0,0.01,0.0,0.0,256,20,3,0.5,0.1,0.99,10.0,256,20,0,512,0,0.0,5.5,300.0,11021.436416549508,0.0,0.0,0.0,
coast,flee,300.0,1800.0,0.1,0.125,5.0,6.25,10.0,10.0,10,100.0,inf,full,both,inf,180.0,0.01,0.0,0.0,256,20,3,0.5,0.1,0.99,10.0,256,20,0,512,0,0.0,6.25,300.0,12119.364820486517,0.0,0.0,0.0,
coast,flee,300.0,1800.0,0.1,0.125,5.0,7.5,10.0,10.0,10,100.0,inf,full,both,inf,180.0,0.01,0.0,0.0,256,20,3,0.5,0.1,0.99,10.0,256,20,0,512,0,0.0,7.5,300.0,13807.284929030846,0.0,0.0,0.0,
coast,flee,300.0,1800.0,0.1,0.125,5.0,10.0,10.0,10.0,10,100.0,inf,full,both,inf,180.0,0.01,0.0,0.0,256,20,3,0.5,0.1,0.99,10.0,256,20,0,512,0,0.0,10.0,300.0,16692.545498418593,0.0,0.0,0.0,
coast,flee,300.0,1800.0,0.1,0.125,5.0,inf,10.0,10.0,10,100.0,inf,full,both,inf,180.0,0.01,0.0,0.0,256,20,3,0.5,0.1,0.99,10.0,256,20,0,512,0,0.0,22.5,300.0,23029.39593541416,0.0,0.0,0.0,
coast,flee,300.0,1800.0,0.1,0.15,5.0,1.25,10.0,10.0,10,100.0,inf,full,both,inf,180.0,0.01,0.0,0.0,256,20,3,0.5,0.1,0.99,10.0,256,20,0,512,0,0.0,1.25,300.0,3509.934657517001,0.0,0.0,0.0,
coast,flee,300.0,1800.0,0.1,0.15,5.0,2.5,10.0,10.0,10,100.0,inf,full,both,inf,180.0,0.01,0.0,0.0,256,20,3,0.5,0.1,0.99,10.0,256,20,0,512,0,0.0,2.5,300.0,6008.361891997486,0.0,0.0,0.0,
coast,flee,300.0,1800.0,0.1,0.15,5.0,3.75,10.0,10.0,10,100.0,inf,full,both,inf,180.0,0.01,0.0,0.0,256,20,3,0.5,0.1,0.99,10.0,256,20,0,512,0,0.0,3.75,300.0,8355.020559773713,0.0,0.0,0.0,
coast,flee,300.0,1800.0,0.1,0.15,5.0,4.5,10.0,10.0,10,100.0,inf,full,both,inf,180.0,0.01,0.0,0.0,256,20,3,0.5,0.1,0.99,10.0,256,20,0,512,0,0.0,4.5,300.0,9681.240817374231,0.0,0.0,0.0,
coast,flee,300.0,1800.0,0.1,0.15,5.0,5.0,10.0,10.0,10,100.0,inf,full,both,inf,180.0,0.01,0.0,0.0,256,20,3,0.5,0.1,0.99,10.0,256,20,0,512,0,0.0,5.0,300.0,10531.320519023282,0.0,0.0,0.0,
coast,flee,300.0,1800.0,0.1,0.15,5.0,5.5,10.0,10.0,10,100.0,inf,full,both,inf,180.0,0.01,0.0,0.0,256,20,3,0.5,0.1,0.99,10.0,256,20,0,512,0,0.0,5.5,300.0,11355.110344294408,0.0,0.0,0.0,
coast,flee,300.0,1800.0,0.1,0.15,5.0,6.25,10.0,10.0,10,100.0,inf,full,both,inf,180.0,0.01,0.0,0.0,256,20,3,0.5,0.1,0.99,10.0,256,20,0,512,0,0.0,6.25,300.0,12542.040527762132,0.0,0.0,0.0,
coast,flee,300.0,1800.0,0.1,0.15,5.0,7.5,10.0,10.0,10,100.0,inf,full,both,inf,180.0,0.01,0.0,0.0,256,20,3,0.5,0.1,0.99,10.0,256,20,0,512,0,0.0,7.5,300.0,14394.965945097772,0.0,0.0,0.0,
coast,flee,300.0,1800.0,0.1,0.15,5.0,10.0,10.0,10.0,10,100.0,inf,full,both,inf,180.0,0.01,0.0,0.0,256,20,3,0.5,0.1,0.99,10.0,256,20,0,512,0,0.0,10.0,300.0,17660.22334221252,0.0,0.0,0.0,
coast,flee,300.0,1800.0,0.1,0.15,5.0,inf,10.0,10.0,10,100.0,inf,full,both,inf,180.0,0.01,0.0,0.0,256,20,3,0.5,0.1,0.99,10.0,256,20,0,512,0,0.0,26.99999999999992,300.0,27493.42312329195,0.0,0.0,0.0,
coast,flee,300.0,1800.0,0.1,0.2,5.0,1.25,10.0,10.0,10,100.0,inf,full,both,inf,180.0,0.01,0.0,0.0,256,20,3,0.5,0.1,0.99,10.0,256,20,0,512,0,0.0,1.25,300.0,3530.563582557132,0.0,0.0,0.0,
coast,flee,300.0,1800.0,0.1,0.2,5.0,2.5,10.0,10.0,10,100.0,inf,full,both,inf,180.0,0.01,0.0,0.0,256,20,3,0.5,0.1,0.99,10.0,256,20,0,512,0,0.0,2.5,300.0,6098.634506761217,0.0,0.0,0.0,
coast,flee,300.0,1800.0,0.1,0.2,5.0,3.75,10.0,10.0,10,100.0,inf,full,both,inf,180.0,0.01,0.0,0.0,256,20,3,0.5,0.1,0.99,10.0,256,20,0,512,0,0.0,3.75,300.0,8559.965887012297,0.0,0.0,0.0,
coast,flee,300.0,1800.0,0.1,0.2,5.0,4.5,10.0,10.0,10,100.0,inf,full,both,inf,180.0,0.01,0.0,0.0,256,20,3,0.5,0.1,0.99,10.0,256,20,0,512,0,0.0,4.5,300.0,9974.540581705232,0.0,0.0,0.0,
coast,flee,300.0,1800.0,0.1,0.2,5.0,5.0,10.0,10.0,10,100.0,inf,full,both,inf,180.0,0.01,0.0,0.0,256,20,3,0.5,0.1,0.99,10.0,256,20,0,512,0,0.0,5.0,300.0,10891.828564367192,0.0,0.0,0.0,
coast,flee,300.0,1800.0,0.1,0.2,5.0,5.5,10.0,10.0,10,100.0,inf,full,both,inf,180.0,0.01,0.0,0.0,256,20,3,0.5,0.1,0.99,10.0,256,20,0,512,0,0.0,5.5,300.0,11787.338272533389,0.0,0.0,0.0,
coast,flee,300.0,1800.0,0.1,0.2,5.0,6.25,10.0,10.0,10,100.0,inf,full,both,inf,180.0,0.01,0.0,0.0,256,20,3,0.5,0.1,0.99,10.0,256,20,0,512,0,0.0,6.25,300.0,13092.629032375102,0.0,0.0,0.0,
coast,flee,300.0,1800.0,0.1,0.2,5.0,7.5,10.0,10.0,10,100.0,inf,full,both,inf,180.0,0.01,0.0,0.0,256,20,3,0.5,0.1,0.99,10.0,256,20,0,512,0,0.0,7.5,300.0,15166.76630578253,0.0,0.0,0.0,
coast,flee,300.0,1800.0,0.1,0.2,5.0,10.0,10.0,10.0,10,100.0,inf,full,both,inf,180.0,0.01,0.0,0.0,256,20,3,0.5,0.1,0.99,10.0,256,20,0,512,0,0.0,10.0,300.0,18954.003753170316,0.0,0.0,0.0,
coast,flee,300.0,1800.0,0.1,0.2,5.0,inf,10.0,10.0,10,100.0,inf,full,both,inf,180.0,0.01,0.0,0.0,256,20,3,0.5,0.1,0.99,10.0,256,20,0,512,0,0.0,35.99999999999997,300.0,36430.22849836663,0.0,0.0,0.0,
coast,coast,300.0,1800.0,0.1,0.025,5.0,1.25,10.0,10.0,10,100.0,inf,full,both,inf,180.0,0.01,0.0,0.0,256,20,3,0.5,0.1,0.99,10.0,256,20,0,512,0,0.0,0.0,279.2635182873981,1203.0079718974596,0.0,0.0,0.0,
coast,coast,300.0,1800.0,0.1,0.025,5.0,2.5,10.0,10.0,10,100.0,inf,full,both,inf,180.0,0.01,0.0,0.0,256,20,3,0.5,0.1,0.99,10.0,256,20,0,512,0,0.0,0.0,279.2635182873981,1203.0079718974596,0.0,0.0,0.0,
coast,coast,300.0,1800.0,0.1,0.025,5.0,3.75,10.0,10.0,10,100.0,inf,full,both,inf,180.0,0.01,0.0,0.0,256,20,3,0.5,0.1,0.99,10.0,256,20,0,512,0,0.0,0.0,279.2635182873981,1203.0079718974596,0.0,0.0,0.0,
coast,coast,300.0,1800.0,0.1,0.025,5.0,4.5,10.0,10.0,10,100.0,inf,full,both,inf,180.0,0.01,0.0,0.0,256,20,3,0.5,0.1,0.99,10.0,256,20,0,512,0,0.0,0.0,279.2635182873981,1203.0079718974596,0.0,0.0,0.0,
coast,coast,300.0,1800.0,0.1,0.025,5.0,5.0,10.0,10.0,10,100.0,inf,full,both,inf,180.0,0.01,0.0,0.0,256,20,3,0.5,0.1,0.99,10.0,256,20,0,512,0,0.0,0.0,279.2635182873981,1203.0079718974596,0.0,0.0,0.0,
coast,coast,300.0,1800.0,0.1,0.025,5.0,5.5,10.0,10.0,10,100.0,inf,full,both,inf,180.0,0.01,0.0,0.0,256,20,3,0.5,0.1,0.99,10.0,256,20,0,512,0,0.0,0.0,279.2635182873981,1203.0079718974596,0.0,0.0,0.0,
coast,coast,300.0,1800.0,0.1,0.025,5.0,6.25,10.0,10.0,10,100.0,inf,full,both,inf,180.0,0.01,0.0,0.0,256,20,3,0.5,0.1,0.99,10.0,256,20,0,512,0,0.0,0.0,279.2635182873981,1203.0079718974596,0.0,0.0,0.0,
coast,coast,300.0,1800.0,0.1,0.025,5.0,7.5,10.0,10.0,10,100.0,inf,full,both,inf,180.0,0.01,0.0,0.0,256,20,3,0.5,0.1,0.99,10.0,256,20,0,512,0,0.0,0.0,279.2635182873981,1203.0079718974596,0.0,0.0,0.0,
coast,coast,300.0,1800.0,0.1,0.025,5.0,10.0,10.0,10.0,10,100.0,inf,full,both,inf,180.0,0.01,0.0,0.0,256,20,3,0.5,0.1,0.99,10.0,256,20,0,512,0,0.0,0.0,279.2635182873981,1203.0079718974596,0.0,0.0,0.0,
coast,coast,300.0,1800.0,0.1,0.025,5.0,inf,10.0,10.0,10,100.0,inf,full,both,inf,180.0,0.01,0.0,0.0,256,20,3,0.5,0.1,0.99,10.0,256,20,0,512,0,0.0,0.0,279.2635182873981,1203.0079718974596,0.0,0.0,0.0,
coast,coast,300.0,1800.0,0.1,0.05,5.0,1.25,10.0,10.0,10,100.0,inf,full,both,inf,180.0,0.01,0.0,0.0,256,20,3,0.5,0.1,0.99,10.0,256,20,0,512,0,0.0,0.0,279.2635182873981,1203.0079718974596,0.0,0.0,0.0,
coast,coast,300.0,1800.0,0.1,0.05,5.0,2.5,10.0,10.0,10,100.0,inf,full,both,inf,180.0,0.01,0.0,0.0,256,20,3,0.5,0.1,0.99,10.0,256,20,0,512,0,0.0,0.0,279.2635182873981,1203.0079718974596,0.0,0.0,0.0,
coast,coast,300.0,1800.0,0.1,0.05,5.0,3.75,10.0,10.0,10,100.0,inf,full,both,inf,180.0,0.01,0.0,0.0,256,20,3,0.5,0.1,0.99,10.0,256,20,0,512,0,0.0,0.0,279.2635182873981,1203.0079718974596,0.0,0.0,0.0,
coast,coast,300.0,1800.0,0.1,0.05,5.0,4.5,10.0,10.0,10,100.0,inf,full,both,inf,180.0,0.01,0.0,0.0,256,20,3,0.5,0.1,0.99,10.0,256,20,0,512,0,0.0,0.0,279.2635182873981,1203.0079718974596,0.0,0.0,0.0,
coast,coast,300.0,1800.0,0.1,0.05,5.0,5.0,10.0,10.0,10,100.0,inf,full,both,inf,180.0,0.01,0.0,0.0,256,20,3,0.5,0.1,0.99,10.0,256,20,0,512,0,0.0,0.0,279.2635182873981,1203.0079718974596,0.0,0.0,0.0,
coast,coast,300.0,1800.0,0.1,0.05,5.0,5.5,10.0,10.0,10,100.0,inf,full,both,inf,180.0,0.01,0.0,0.0,256,20,3,0.5,0.1,0.99,10.0,256,20,0,512,0,0.0,0.0,279.2635182873981,1203.0079718974596,0.0,0.0,0.0,
coast,coast,300.0,1800.0,0.1,0.05,5.0,6.25,10.0,10.0,10,100.0,inf,full,both,inf,180.0,0.01,0.0,0.0,256,20,3,0.5,0.1,0.99,10.0,256,20,0,512,0,0.0,0.0,279.2635182873981,1203.0079718974596,0.0,0.0,0.0,
coast,coast,300.0,1800.0,0.1,0.05,5.0,7.5,10.0,10.0,10,100.0,inf,full,both,inf,180.0,0.01,0.0,0.0,256,20,3,0.5,0.1,0.99,10.0,256,20,0,512,0,0.0,0.0,279.2635182873981,1203.0079718974596,0.0,0.0,0.0,
coast,coast,300.0,1800.0,0.1,0.05,5.0,10.0,10.0,10.0,10,100.0,inf,full,both,inf,180.0,0.01,0.0,0.0,256,20,3,0.5,0.1,0.99,10.0,256,20,0,512,0,0.0,0.0,279.2635182873981,1203.0079718974596,0.0,0.0,0.0,
coast,coast,300.0,1800.0,0.1,0.05,5.0,inf,10.0,10.0,10,100.0,inf,full,both,inf,180.0,0.01,0.0,0.0,256,20,3,0.5,0.1,0.99,10.0,256,20,0,512,0,0.0,0.0,279.2635182873981,1203.0079718974596,0.0,0.0,0.0,
coast,coast,300.0,1800.0,0.1,0.075,5.0,1.25,10.0,10.0,10,100.0,inf,full,both,inf,180.0,0.01,0.0,0.0,256,20,3,0.5,0.1,0.99,10.0,256,20,0,512,0,0.0,0.0,279.2635182873981,1203.0079718974596,0.0,0.0,0.0,
coast,coast,300.0,1800.0,0.1,0.075,5.0,2.5,10.0,10.0,10,100.0,inf,full,both,inf,180.0,0.01,0.0,0.0,256,20,3,0.5,0.1,0.99,10.0,256,20,0,512,0,0.0,0.0,279.2635182873981,1203.0079718974596,0.0,0.0,0.0,
coast,coast,300.0,1800.0,0.1,0.075,5.0,3.75,10.0,10.0,10,100.0,inf,full,both,inf,180.0,0.01,0.0,0.0,256,20,3,0.5,0.1,0.99,10.0,256,20,0,512,0,0.0,0.0,279.2635182873981,1203.0079718974596,0.0,0.0,0.0,
coast,coast,300.0,1800.0,0.1,0.075,5.0,4.5,10.0,10.0,10,100.0,inf,full,both,inf,180.0,0.01,0.0,0.0,256,20,3,0.5,0.1,0.99,10.0,256,20,0,512,0,0.0,0.0,279.2635182873981,1203.0079718974596,0.0,0.0,0.0,
coast,coast,300.0,1800.0,0.1,0.075,5.0,5.0,10.0,10.0,10,100.0,inf,full,both,inf,180.0,0.01,0.0,0.0,256,20,3,0.5,0.1,0.99,10.0,256,20,0,512,0,0.0,0.0,279.2635182873981,1203.0079718974596,0.0,0.0,0.0,
coast,coast,300.0,1800.0,0.1,0.075,5.0,5.5,10.0,10.0,10,100.0,inf,full,both,inf,180.0,0.01,0.0,0.0,256,20,3,0.5,0.1,0.99,10.0,256,20,0,512,0,0.0,0.0,279.2635182873981,1203.0079718974596,0.0,0.0,0.0,
coast,coast,300.0,1800.0,0.1,0.075,5.0,6.25,10.0,10.0,10,100.0,inf,full,both,inf,180.0,0.01,0.0,0.0,256,20,3,0.5,0.1,0.99,10.0,256,20,0,512,0,0.0,0.0,279.2635182873981,1203.0079718974596,0.0,0.0,0.0,
coast,coast,300.0,1800.0,0.1,0.075,5.0,7.5,10.0,10.0,10,100.0,inf,full,both,inf,180.0,0.01,0.0,0.0,256,20,3,0.5,0.1,0.99,10.0,256,20,0,512,0,0.0,0.0,279.2635182873981,1203.0079718974596,0.0,0.0,0.0,
coast,coast,300.0,1800.0,0.1,0.075,5.0,10.0,10.0,10.0,10,100.0,inf,full,both,inf,180.0,0.01,0.0,0.0,256,20,3,0.5,0.1,0.99,10.0,256,20,0,512,0,0.0,0.0,279.2635182873981,1203.0079718974596,0.0,0.0,0.0,
coast,coast,300.0,1800.0,0.1,0.075,5.0,inf,10.0,10.0,10,100.0,inf,full,both,inf,180.0,0.01,0.0,0.0,256,20,3,0.5,0.1,0.99,10.0,256,20,0,512,0,0.0,0.0,279.2635182873981,1203.0079718974596,0.0,0.0,0.0,
coast,coast,300.0,1800.0,0.1,0.09,5.0,1.25,10.0,10.0,10,100.0,inf,full,both,inf,180.0,0.01,0.0,0.0,256,20,3,0.5,0.1,0.99,10.0,256,20,0,512,0,0.0,0.0,279.2635182873981,1203.0079718974596,0.0,0.0,0.0,
coast,coast,300.0,1800.0,0.1,0.09,5.0,2.5,10.0,10.0,10,100.0,inf,full,both,inf,180.0,0.01,0.0,0.0,256,20,3,0.5,0.1,0.99,10.0,256,20,0,512,0,0.0,0.0,279.2635182873981,1203.0079718974596,0.0,0.0,0.0,
coast,coast,300.0,1800.0,0.1,0.09,5.0,3.75,10.0,10.0,10,100.0,inf,full,both,inf,180.0,0.01,0.0,0.0,256,20,3,0.5,0.1,0.99,10.0,256,20,0,512,0,0.0,0.0,279.2635182873981,1203.0079718974596,0.0,0.0,0.0,
coast,coast,300.0,1800.0,0.1,0.09,5.0,4.5,10.0,10.0,10,100.0,inf,full,both,inf,180.0,0.01,0.0,0.0,256,20,3,0.5,0.1,0.99,10.0,256,20,0,512,0,0.0,0.0,279.2635182873981,1203.0079718974596,0.0,0.0,0.0,
coast,coast,300.0,1800.0,0.1,0.09,5.0,5.0,10.0,10.0,10,100.0,inf,full,both,inf,180.0,0.01,0.0,0.0,256,20,3,0.5,0.1,0.99,10.0,256,20,0,512,0,0.0,0.0,279.2635182873981,1203.0079718974596,0.0,0.0,0.0,
coast,coast,300.0,1800.0,0.1,0.09,5.0,5.5,10.0,10.0,10,100.0,inf,full,both,inf,180.0,0.01,0.0,0.0,256,20,3,0.5,0.1,0.99,10.0,256,20,0,512,0,0.0,0.0,279.2635182873981,1203.0079718974596,0.0,0.0,0.0,
coast,coast,300.0,1800.0,0.1,0.09,5.0,6.25,10.0,10.0,10,100.0,inf,full,both,inf,180.0,0.01,0.0,0.0,256,20,3,0.5,0.1,0.99,10.0,256,20,0,512,0,0.0,0.0,279.2635182873981,1203.0079718974596,0.0,0.0,0.0,
coast,coast,300.0,1800.0,0.1,0.09,5.0,7.5,10.0,10.0,10,100.0,inf,full,both,inf,180.0,0.01,0.0,0.0,256,20,3,0.5,0.1,0.99,10.0,256,20,0,512,0,0.0,0.0,279.2635182873981,1203.0079718974596,0.0,0.0,0.0,
coast,coast,300.0,1800.0,0.1,0.09,5.0,10.0,10.0,10.0,10,100.0,inf,full,both,inf,180.0,0.01,0.0,0.0,256,20,3,0.5,0.1,0.99,10.0,256,20,0,512,0,0.0,0.0,279.2635182873981,1203.0079718974596,0.0,0.0,0.0,
coast,coast,300.0,1800.0,0.1,0.09,5.0,inf,10.0,10.0,10,100.0,inf,full,both,inf,180.0,0.01,0.0,0.0,256,20,3,0.5,0.1,0.99,10.0,256,20,0,512,0,0.0,0.0,279.2635182873981,1203.0079718974596,0.0,0.0,0.0,
coast,coast,300.0,1800.0,0.1,0.1,5.0,1.25,10.0,10.0,10,100.0,inf,full,both,inf,180.0,0.01,0.0,0.0,256,20,3,0.5,0.1,0.99,10.0,256,20,0,512,0,0.0,0.0,279.2635182873981,1203.0079718974596,0.0,0.0,0.0,
coast,coast,300.0,1800.0,0.1,0.1,5.0,2.5,10.0,10.0,10,100.0,inf,full,both,inf,180.0,0.01,0.0,0.0,256,20,3,0.5,0.1,0.99,10.0,256,20,0,512,0,0.0,0.0,279.2635182873981,1203.0079718974596,0.0,0.0,0.0,
coast,coast,300.0,1800.0,0.1,0.1,5.0,3.75,10.0,10.0,10,100.0,inf,full,both,inf,180.0,0.01,0.0,0.0,256,20,3,0.5,0.1,0.99,10.0,256,20,0,512,0,0.0,0.0,279.2635182873981,1203.0079718974596,0.0,0.0,0.0,
coast,coast,300.0,1800.0,0.1,0.1,5.0,4.5,10.0,10.0,10,100.0,inf,full,both,inf,180.0,0.01,0.0,0.0,256,20,3,0.5,0.1,0.99,10.0,256,20,0,512,0,0.0,0.0,279.2635182873981,1203.0079718974596,0.0,0.0,0.0,
coast,coast,300.0,1800.0,0.1,0.1,5.0,5.0,10.0,10.0,10,100.0,inf,full,both,inf,180.0,0.01,0.0,0.0,256,20,3,0.5,0.1,0.99,10.0,256,20,0,512,0,0.0,0.0,279.2635182873981,1203.0079718974596,0.0,0.0,0.0,
coast,coast,300.0,1800.0,0.1,0.1,5.0,5.5,10.0,10.0,10,100.0,inf,full,both,inf,180.0,0.01,0.0,0.0,256,20,3,0.5,0.1,0.99,10.0,256,20,0,512,0,0.0,0.0,279.2635182873981,1203.0079718974596,0.0,0.0,0.0,
coast,coast,300.0,1800.0,0.1,0.1,5.0,6.25,10.0,10.0,10,100.0,inf,full,both,inf,180.0,0.01,0.0,0.0,256,20,3,0.5,0.1,0.99,10.0,256,20,0,512,0,0.0,0.0,279.2635182873981,1203.0079718974596,0.0,0.0,0.0,
coast,coast,300.0,1800.0,0.1,0.1,5.0,7.5,10.0,10.0,10,100.0,inf,full,both,inf,180.0,0.01,0.0,0.0,256,20,3,0.5,0.1,0.99,10.0,256,20,0,512,0,0.0,0.0,279.2635182873981,1203.0079718974596,0.0,0.0,0.0,
coast,coast,300.0,1800.0,0.1,0.1,5.0,10.0,10.0,10.0,10,100.0,inf,full,both,inf,180.0,0.01,0.0,0.0,256,20,3,0.5,0.1,0.99,10.0,256,20,0,512,0,0.0,0.0,279.2635182873981,1203.0079718974596,0.0,0.0,0.0,
coast,coast,300.0,1800.0,0.1,0.1,5.0,inf,10.0,10.0,10,100.0,inf,full,both,inf,180.0,0.01,0.0,0.0,256,20,3,0.5,0.1,0.99,10.0,256,20,0,512,0,0.0,0.0,279.2635182873981,1203.0079718974596,0.0,0.0,0.0,
coast,coast,300.0,1800.0,0.1,0.11,5.0,1.25,10.0,10.0,10,100.0,inf,full,both,inf,180.0,0.01,0.0,0.0,256,20,3,0.5,0.1,0.99,10.0,256,20,0,512,0,0.0,0.0,279.2635182873981,1203.0079718974596,0.0,0.0,0.0,
coast,coast,300.0,1800.0,0.1,0.11,5.0,2.5,10.0,10.0,10,100.0,inf,full,both,inf,180.0,0.01,0.0,0.0,256,20,3,0.5,0.1,0.99,10.0,256,20,0,512,0,0.0,0.0,279.2635182873981,1203.0079718974596,0.0,0.0,0.0,
coast,coast,300.0,1800.0,0.1,0.11,5.0,3.75,10.0,10.0,10,100.0,inf,full,both,inf,180.0,0.01,0.0,0.0,256,20,3,0.5,0.1,0.99,10.0,256,20,0,512,0,0.0,0.0,279.2635182873981,1203.0079718974596,0.0,0.0,0.0,
coast,coast,300.0,1800.0,0.1,0.11,5.0,4.5,10.0,10.0,10,100.0,inf,full,both,inf,180.0,0.01,0.0,0.0,256,20,3,0.5,0.1,0.99,10.0,256,20,0,512,0,0.0,0.0,279.2635182873981,1203.0079718974596,0.0,0.0,0.0,
coast,coast,300.0,1800.0,0.1,0.11,5.0,5.0,10.0,10.0,10,100.0,inf,full,both,inf,180.0,0.01,0.0,0.0,256,20,3,0.5,0.1,0.99,10.0,256,20,0,512,0,0.0,0.0,279.2635182873981,1203.0079718974596,0.0,0.0,0.0,
coast,coast,300.0,1800.0,0.1,0.11,5.0,5.5,10.0,10.0,10,100.0,inf,full,both,inf,180.0,0.01,0.0,0.0,256,20,3,0.5,0.1,0.99,10.0,256,20,0,512,0,0.0,0.0,279.2635182873981,1203.0079718974596,0.0,0.0,0.0,
coast,coast,300.0,1800.0,0.1,0.11,5.0,6.25,10.0,10.0,10,100.0,inf,full,both,inf,180.0,0.01,0.0,0.0,256,20,3,0.5,0.1,0.99,10.0,256,20,0,512,0,0.0,0.0,279.2635182873981,1203.0079718974596,0.0,0.0,0.0,
coast,coast,300.0,1800.0,0.1,0.11,5.0,7.5,10.0,10.0,10,100.0,inf,full,both,inf,180.0,0.01,0.0,0.0,256,20,3,0.5,0.1,0.99,10.0,256,20,0,512,0,0.0,0.0,279.2635182873981,1203.0079718974596,0.0,0.0,0.0,
coast,coast,300.0,1800.0,0.1,0.11,5.0,10.0,10.0,10.0,10,100.0,inf,full,both,inf,180.0,0.01,0.0,0.0,256,20,3,0.5,0.1,0.99,10.0,256,20,0,512,0,0.0,0.0,279.2635182873981,1203.0079718974596,0.0,0.0,0.0,
coast,coast,300.0,1800.0,0.1,0.11,5.0,inf,10.0,10.0,10,100.0,inf,full,both,inf,180.0,0.01,0.0,0.0,256,20,3,0.5,0.1,0.99,10.0,256,20,0,512,0,0.0,0.0,279.2635182873981,1203.0079718974596,0.0,0.0,0.0,
coast,coast,300.0,1800.0,0.1,0.125,5.0,1.25,10.0,10.0,10,100.0,inf,full,both,inf,180.0,0.01,0.0,0.0,256,20,3,0.5,0.1,0.99,10.0,256,20,0,512,0,0.0,0.0,279.2635182873981,1203.0079718974596,0.0,0.0,0.0,
coast,coast,300.0,1800.0,0.1,0.125,5.0,2.5,10.0,10.0,10,100.0,inf,full,both,inf,180.0,0.01,0.0,0.0,256,20,3,0.5,0.1,0.99,10.0,256,20,0,512,0,0.0,0.0,279.2635182873981,1203.0079718974596,0.0,0.0,0.0,
coast,coast,300.0,1800.0,0.1,0.125,5.0,3.75,10.0,10.0,10,100.0,inf,full,both,inf,180.0,0.01,0.0,0.0,256,20,3,0.5,0.1,0.99,10.0,256,20,0,512,0,0.0,0.0,279.2635182873981,1203.0079718974596,0.0,0.0,0.0,
coast,coast,300.0,1800.0,0.1,0.125,5.0,4.5,10.0,10.0,10,100.0,inf,full,both,inf,180.0,0.01,0.0,0.0,256,20,3,0.5,0.1,0.99,10.0,256,20,0,512,0,0.0,0.0,279.2635182873981,1203.0079718974596,0.0,0.0,0.0,
coast,coast,300.0,1800.0,0.1,0.125,5.0,5.0,10.0,10.0,10,100.0,inf,full,both,inf,180.0,0.01,0.0,0.0,256,20,3,0.5,0.1,0.99,10.0,256,20,0,512,0,0.0,0.0,279.2635182873981,1203.0079718974596,0.0,0.0,0.0,
coast,coast,300.0,1800.0,0.1,0.125,5.0,5.5,10.0,10.0,10,100.0,inf,full,both,inf,180.0,0.01,0.0,0.0,256,20,3,0.5,0.1,0.99,10.0,256,20,0,512,0,0.0,0.0,279.2635182873981,1203.0079718974596,0.0,0.0,0.0,
coast,coast,300.0,1800.0,0.1,0.125,5.0,6.25,10.0,10.0,10,100.0,inf,full,both,inf,180.0,0.01,0.0,0.0,256,20,3,0.5,0.1,0.99,10.0,256,20,0,512,0,0.0,0.0,279.2635182873981,1203.0079718974596,0.0,0.0,0.0,
coast,coast,300.0,1800.0,0.1,0.125,5.0,7.5,10.0,10.0,10,100.0,inf,full,both,inf,180.0,0.01,0.0,0.0,256,20,3,0.5,0.1,0.99,10.0,256,20,0,512,0,0.0,0.0,279.2635182873981,1203.0079718974596,0.0,0.0,0.0,
coast,coast,300.0,1800.0,0.1,0.125,5.0,10.0,10.0,10.0,10,100.0,inf,full,both,inf,180.0,0.01,0.0,0.0,256,20,3,0.5,0.1,0.99,10.0,256,20,0,512,0,0.0,0.0,279.2635182873981,1203.0079718974596,0.0,0.0,0.0,
coast,coast,300.0,1800.0,0.1,0.125,5.0,inf,10.0,10.0,10,100.0,inf,full,both,inf,180.0,0.01,0.0,0.0,256,20,3,0.5,0.1,0.99,10.0,256,20,0,512,0,0.0,0.0,279.2635182873981,1203.0079718974596,0.0,0.0,0.0,
coast,coast,300.0,1800.0,0.1,0.15,5.0,1.25,10.0,10.0,10,100.0,inf,full,both,inf,180.0,0.01,0.0,0.0,256,20,3,0.5,0.1,0.99,10.0,256,20,0,512,0,0.0,0.0,279.2635182873981,1203.0079718974596,0.0,0.0,0.0,
coast,coast,300.0,1800.0,0.1,0.15,5.0,2.5,10.0,10.0,10,100.0,inf,full,both,inf,180.0,0.01,0.0,0.0,256,20,3,0.5,0.1,0.99,10.0,256,20,0,512,0,0.0,0.0,279.2635182873981,1203.0079718974596,0.0,0.0,0.0,
coast,coast,300.0,1800.0,0.1,0.15,5.0,3.75,10.0,10.0,10,100.0,inf,full,both,inf,180.0,0.01,0.0,0.0,256,20,3,0.5,0.1,0.99,10.0,256,20,0,512,0,0.0,0.0,279.2635182873981,1203.0079718974596,0.0,0.0,0.0,
coast,coast,300.0,1800.0,0.1,0.15,5.0,4.5,10.0,10.0,10,100.0,inf,full,both,inf,180.0,0.01,0.0,0.0,256,20,3,0.5,0.1,0.99,10.0,256,20,0,512,0,0.0,0.0,279.2635182873981,1203.0079718974596,0.0,0.0,0.0,
coast,coast,300.0,1800.0,0.1,0.15,5.0,5.0,10.0,10.0,10,100.0,inf,full,both,inf,180.0,0.01,0.0,0.0,256,20,3,0.5,0.1,0.99,10.0,256,20,0,512,0,0.0,0.0,279.2635182873981,1203.0079718974596,0.0,0.0,0.0,
coast,coast,300.0,1800.0,0.1,0.15,5.0,5.5,10.0,10.0,10,100.0,inf,full,both,inf,180.0,0.01,0.0,0.0,256,20,3,0.5,0.1,0.99,10.0,256,20,0,512,0,0.0,0.0,279.2635182873981,1203.0079718974596,0.0,0.0,0.0,
coast,coast,300.0,1800.0,0.1,0.15,5.0,6.25,10.0,10.0,10,100.0,inf,full,both,inf,180.0,0.01,0.0,0.0,256,20,3,0.5,0.1,0.99,10.0,256,20,0,512,0,0.0,0.0,279.2635182873981,1203.0079718974596,0.0,0.0,0.0,
coast,coast,300.0,1800.0,0.1,0.15,5.0,7.5,10.0,10.0,10,100.0,inf,full,both,inf,180.0,0.01,0.0,0.0,256,20,3,0.5,0.1,0.99,10.0,256,20,0,512,0,0.0,0.0,279.2635182873981,1203.0079718974596,0.0,0.0,0.0,
coast,coast,300.0,1800.0,0.1,0.15,5.0,10.0,10.0,10.0,10,100.0,inf,full,both,inf,180.0,0.01,0.0,0.0,256,20,3,0.5,0.1,0.99,10.0,256,20,0,512,0,0.0,0.0,279.2635182873981,1203.0079718974596,0.0,0.0,0.0,
coast,coast,300.0,1800.0,0.1,0.15,5.0,inf,10.0,10.0,10,100.0,inf,full,both,inf,180.0,0.01,0.0,0.0,256,20,3,0.5,0.1,0.99,10.0,256,20,0,512,0,0.0,0.0,279.2635182873981,1203.0079718974596,0.0,0.0,0.0,
coast,coast,300.0,1800.0,0.1,0.2,5.0,1.25,10.0,10.0,10,100.0,inf,full,both,inf,180.0,0.01,0.0,0.0,256,20,3,0.5,0.1,0.99,10.0,256,20,0,512,0,0.0,0.0,279.2635182873981,1203.0079718974596,0.0,0.0,0.0,
coast,coast,300.0,1800.0,0.1,0.2,5.0,2.5,10.0,10.0,10,100.0,inf,full,both,inf,180.0,0.01,0.0,0.0,256,20,3,0.5,0.1,0.99,10.0,256,20,0,512,0,0.0,0.0,279.2635182873981,1203.0079718974596,0.0,0.0,0.0,
coast,coast,300.0,1800.0,0.1,0.2,5.0,3.75,10.0,10.0,10,100.0,inf,full,both,inf,180.0,0.01,0.0,0.0,256,20,3,0.5,0.1,0.99,10.0,256,20,0,512,0,0.0,0.0,279.2635182873981,1203.0079718974596,0.0,0.0,0.0,
coast,coast,300.0,1800.0,0.1,0.2,5.0,4.5,10.0,10.0,10,100.0,inf,full,both,inf,180.0,0.01,0.0,0.0,256,20,3,0.5,0.1,0.99,10.0,256,20,0,512,0,0.0,0.0,279.2635182873981,1203.0079718974596,0.0,0.0,0.0,
coast,coast,300.0,1800.0,0.1,0.2,5.0,5.0,10.0,10.0,10,100.0,inf,full,both,inf,180.0,0.01,0.0,0.0,256,20,3,0.5,0.1,0.99,10.0,256,20,0,512,0,0.0,0.0,279.2635182873981,1203.0079718974596,0.0,0.0,0.0,
coast,coast,300.0,1800.0,0.1,0.2,5.0,5.5,10.0,10.0,10,100.0,inf,full,both,inf,180.0,0.01,0.0,0.0,256,20,3,0.5,0.1,0.99,10.0,256,20,0,512,0,0.0,0.0,279.2635182873981,1203.0079718974596,0.0,0.0,0.0,
coast,coast,300.0,1800.0,0.1,0.2,5.0,6.25,10.0,10.0,10,100.0,inf,full,both,inf,180.0,0.01,0.0,0.0,256,20,3,0.5,0.1,0.99,10.0,256,20,0,512,0,0.0,0.0,279.2635182873981,1203.0079718974596,0.0,0.0,0.0,
coast,coast,300.0,1800.0,0.1,0.2,5.0,7.5,10.0,10.0,10,100.0,inf,full,both,inf,180.0,0.01,0.0,0.0,256,20,3,0.5,0.1,0.99,10.0,256,20,0,512,0,0.0,0.0,279.2635182873981,1203.0079718974596,0.0,0.0,0.0,
coast,coast,300.0,1800.0,0.1,0.2,5.0,10.0,10.0,10.0,10,100.0,inf,full,both,inf,180.0,0.01,0.0,0.0,256,20,3,0.5,0.1,0.99,10.0,256,20,0,512,0,0.0,0.0,279.2635182873981,1203.0079718974596,0.0,0.0,0.0,
coast,coast,300.0,1800.0,0.1,0.2,5.0,inf,10.0,10.0,10,100.0,inf,full,both,inf,180.0,0.01,0.0,0.0,256,20,3,0.5,0.1,0.99,10.0,256,20,0,512,0,0.0,0.0,279.2635182873981,1203.0079718974596,0.0,0.0,0.0,
coast,mppi_direct,300.0,1800.0,0.1,0.025,5.0,1.25,10.0,10.0,10,100.0,inf,full,both,inf,180.0,0.01,0.0,0.0,256,20,3,0.5,0.1,0.99,10.0,256,20,0,512,0,0.0,1.25,228.3937859515289,2410.603596400236,0.0,0.0,0.0,
coast,mppi_direct,300.0,1800.0,0.1,0.025,5.0,2.5,10.0,10.0,10,100.0,inf,full,both,inf,180.0,0.01,0.0,0.0,256,20,3,0.5,0.1,0.99,10.0,256,20,0,512,0,0.0,2.5,228.5895029032684,3493.6845061691247,0.0,0.0,0.0,
coast,mppi_direct,300.0,1800.0,0.1,0.025,5.0,3.75,10.0,10.0,10,100.0,inf,full,both,inf,180.0,0.01,0.0,0.0,256,20,3,0.5,0.1,0.99,10.0,256,20,0,512,0,0.0,3.75,228.58611899939388,4010.197854912984,0.0,0.0,0.0,
coast,mppi_direct,300.0,1800.0,0.1,0.025,5.0,4.5,10.0,10.0,10,100.0,inf,full,both,inf,180.0,0.01,0.0,0.0,256,20,3,0.5,0.1,0.99,10.0,256,20,0,512,0,0.0,4.151508376767335,228.58611899939388,4038.168302073548,0.0,0.0,0.0,
coast,mppi_direct,300.0,1800.0,0.1,0.025,5.0,5.0,10.0,10.0,10,100.0,inf,full,both,inf,180.0,0.01,0.0,0.0,256,20,3,0.5,0.1,0.99,10.0,256,20,0,512,0,0.0,4.1528237308657285,228.58611899939388,4037.297949874928,0.0,0.0,0.0,
coast,mppi_direct,300.0,1800.0,0.1,0.025,5.0,5.5,10.0,10.0,10,100.0,inf,full,both,inf,180.0,0.01,0.0,0.0,256,20,3,0.5,0.1,0.99,10.0,256,20,0,512,0,0.0,4.1528838306311,228.58611899939388,4037.279707499224,0.0,0.0,0.0,
coast,mppi_direct,300.0,1800.0,0.1,0.025,5.0,6.25,10.0,10.0,10,100.0,inf,full,both,inf,180.0,0.01,0.0,0.0,256,20,3,0.5,0.1,0.99,10.0,256,20,0,512,0,0.0,4.152882989169536,228.58611899939388,4037.279706217823,0.0,0.0,0.0,
coast,mppi_direct,300.0,1800.0,0.1,0.025,5.0,7.5,10.0,10.0,10,100.0,inf,full,both,inf,180.0,0.01,0.0,0.0,256,20,3,0.5,0.1,0.99,10.0,256,20,0,512,0,0.0,4.152882989169536,228.58611899939388,4037.279706217823,0.0,0.0,0.0,
coast,mppi_direct,300.0,1800.0,0.1,0.025,5.0,10.0,10.0,10.0,10,100.0,inf,full,both,inf,180.0,0.01,0.0,0.0,256,20,3,0.5,0.1,0.99,10.0,256,20,0,512,0,0.0,4.152882989169536,228.58611899939388,4037.279706217823,0.0,0.0,0.0,
coast,mppi_direct,300.0,1800.0,0.1,0.025,5.0,inf,10.0,10.0,10,100.0,inf,full,both,inf,180.0,0.01,0.0,0.0,256,20,3,0.5,0.1,0.99,10.0,256,20,0,512,0,0.0,4.152882989169536,228.58611899939388,4037.279706217823,0.0,0.0,0.0,
coast,mppi_direct,300.0,1800.0,0.1,0.05,5.0,1.25,10.0,10.0,10,100.0,inf,full,both,inf,180.0,0.01,0.0,0.0,256,20,3,0.5,0.1,0.99,10.0,256,20,0,512,0,0.0,1.25,205.8661574293729,2729.720148331595,0.0,0.0,0.0,
coast,mppi_direct,300.0,1800.0,0.1,0.05,5.0,2.5,10.0,10.0,10,100.0,inf,full,both,inf,180.0,0.01,0.0,0.0,256,20,3,0.5,0.1,0.99,10.0,256,20,0,512,0,0.0,2.5,184.8137821135853,4267.893219680893,0.0,0.0,0.0,
coast,mppi_direct,300.0,1800.0,0.1,0.05,5.0,3.75,10.0,10.0,10,100.0,inf,full,both,inf,180.0,0.01,0.0,0.0,256,20,3,0.5,0.1,0.99,10.0,256,20,0,512,0,0.0,3.75,186.4499989123757,5748.344451014604,0.0,0.0,0.0,
coast,mppi_direct,300.0,1800.0,0.1,0.05,5.0,4.5,10.0,10.0,10,100.0,inf,full,both,inf,180.0,0.01,0.0,0.0,256,20,3,0.5,0.1,0.99,10.0,256,20,0,512,0,0.0,4.5,186.4779632712572,6447.357864984758,0.0,0.0,0.0,
coast,mppi_direct,300.0,1800.0,0.1,0.05,5.0,5.0,10.0,10.0,10,100.0,inf,full,both,inf,180.0,0.01,0.0,0.0,256,20,3,0.5,0.1,0.99,10.0,256,20,0,512,0,0.0,5.0,186.47806529957904,6835.09272167033,0.0,0.0,0.0,
coast,mppi_direct,300.0,1800.0,0.1,0.05,5.0,5.5,10.0,10.0,10,100.0,inf,full,both,inf,180.0,0.01,0.0,0.0,256,20,3,0.5,0.1,0.99,10.0,256,20,0,512,0,0.0,5.5,186.47806537556065,7166.686092879407,0.0,0.0,0.0,
coast,mppi_direct,300.0,1800.0,0.1,0.05,5.0,6.25,10.0,10.0,10,100.0,inf,full,both,inf,180.0,0.01,0.0,0.0,256,20,3,0.5,0.1,0.99,10.0,256,20,0,512,0,0.0,6.25,186.47806537556065,7557.1625180363635,0.0,0.0,0.0,
coast,mppi_direct,300.0,1800.0,0.1,0.05,5.0,7.5,10.0,10.0,10,100.0,inf,full,both,inf,180.0,0.01,0.0,0.0,256,20,3,0.5,0.1,0.99,10.0,256,20,0,512,0,0.0,7.5,186.47806537556065,7940.11946519553,0.0,0.0,0.0,
coast,mppi_direct,300.0,1800.0,0.1,0.05,5.0,10.0,10.0,10.0,10,100.0,inf,full,both,inf,180.0,0.01,0.0,0.0,256,20,3,0.5,0.1,0.99,10.0,256,20,0,512,0,0.0,8.436197610144175,186.47806537556065,8013.717058437887,0.0,0.0,0.0,
coast,mppi_direct,300.0,1800.0,0.1,0.05,5.0,inf,10.0,10.0,10,100.0,inf,full,both,inf,180.0,0.01,0.0,0.0,256,20,3,0.5,0.1,0.99,10.0,256,20,0,512,0,0.0,8.436342612214798,186.47806537556065,8013.646064437543,0.0,0.0,0.0,
coast,mppi_direct,300.0,1800.0,0.1,0.075,5.0,1.25,10.0,10.0,10,100.0,inf,full,both,inf,180.0,0.01,0.0,0.0,256,20,3,0.5,0.1,0.99,10.0,256,20,0,512,0,0.0,1.25,222.2859835421717,3042.158080393384,0.0,0.0,0.0,
coast,mppi_direct,300.0,1800.0,0.1,0.075,5.0,2.5,10.0,10.0,10,100.0,inf,full,both,inf,180.0,0.01,0.0,0.0,256,20,3,0.5,0.1,0.99,10.0,256,20,0,512,0,0.0,2.5,171.02811955437056,4762.970465749728,0.0,0.0,0.0,
coast,mppi_direct,300.0,1800.0,0.1,0.075,5.0,3.75,10.0,10.0,10,100.0,inf,full,both,inf,180.0,0.01,0.0,0.0,256,20,3,0.5,0.1,0.99,10.0,256,20,0,512,0,0.0,3.75,171.6377956862346,6531.480722487881,0.0,0.0,0.0,
coast,mppi_direct,300.0,1800.0,0.1,0.075,5.0,4.5,10.0,10.0,10,100.0,inf,full,both,inf,180.0,0.01,0.0,0.0,256,20,3,0.5,0.1,0.99,10.0,256,20,0,512,0,0.0,4.5,173.13221070927835,7533.428002943611,0.0,0.0,0.0,
coast,mppi_direct,300.0,1800.0,0.1,0.075,5.0,5.0,10.0,10.0,10,100.0,inf,full,both,inf,180.0,0.01,0.0,0.0,256,20,3,0.5,0.1,0.99,10.0,256,20,0,512,0,0.0,5.0,173.10831226535677,8132.085099532084,0.0,0.0,0.0,
coast,mppi_direct,300.0,1800.0,0.1,0.075,5.0,5.5,10.0,10.0,10,100.0,inf,full,both,inf,180.0,0.01,0.0,0.0,256,20,3,0.5,0.1,0.99,10.0,256,20,0,512,0,0.0,5.5,173.11748947855648,8680.999677336358,0.0,0.0,0.0,
coast,mppi_direct,300.0,1800.0,0.1,0.075,5.0,6.25,10.0,10.0,10,100.0,inf,full,both,inf,180.0,0.01,0.0,0.0,256,20,3,0.5,0.1,0.99,10.0,256,20,0,512,0,0.0,6.25,173.12250298245254,9424.04522105586,0.0,0.0,0.0,
coast,mppi_direct,300.0,1800.0,0.1,0.075,5.0,7.5,10.0,10.0,10,100.0,inf,full,both,inf,180.0,0.01,0.0,0.0,256,20,3,0.5,0.1,0.99,10.0,256,20,0,512,0,0.0,7.5,173.1225618923106,10457.55584816077,0.0,0.0,0.0,
coast,mppi_direct,300.0,1800.0,0.1,0.075,5.0,10.0,10.0,10.0,10,100.0,inf,full,both,inf,180.0,0.01,0.0,0.0,256,20,3,0.5,0.1,0.99,10.0,256,20,0,512,0,0.0,10.0,173.1225618923106,11807.72865285877,0.0,0.0,0.0,
coast,mppi_direct,300.0,1800.0,0.1,0.075,5.0,inf,10.0,10.0,10,100.0,inf,full,both,inf,180.0,0.01,0.0,0.0,256,20,3,0.5,0.1,0.99,10.0,256,20,0,512,0,0.0,12.74069824062829,173.1225618923106,12275.56136633651,0.0,0.0,0.0,
coast,mppi_direct,300.0,1800.0,0.1,0.09,5.0,1.25,10.0,10.0,10,100.0,inf,full,both,inf,180.0,0.01,0.0,0.0,256,20,3,0.5,0.1,0.99,10.0,256,20,0,512,0,0.0,1.25,232.68302753326049,3206.987229686298,0.0,0.0,0.0,
coast,mppi_direct,300.0,1800.0,0.1,0.09,5.0,2.5,10.0,10.0,10,100.0,inf,full,both,inf,180.0,0.01,0.0,0.0,256,20,3,0.5,0.1,0.99,10.0,256,20,0,512,0,0.0,2.5,171.22197870446735,4974.119162718653,0.0,0.0,0.0,
coast,mppi_direct,300.0,1800.0,0.1,0.09,5.0,3.75,10.0,10.0,10,100.0,inf,full,both,inf,180.0,0.01,0.0,0.0,256,20,3,0.5,0.1,0.99,10.0,256,20,0,512,0,0.0,3.75,171.14282856100402,6886.735694338066,0.0,0.0,0.0,
coast,mppi_direct,300.0,1800.0,0.1,0.09,5.0,4.5,10.0,10.0,10,100.0,inf,full,both,inf,180.0,0.01,0.0,0.0,256,20,3,0.5,0.1,0.99,10.0,256,20,0,512,0,0.0,4.5,172.0586822024402,7969.120032505695,0.0,0.0,0.0,
coast,mppi_direct,300.0,1800.0,0.1,0.09,5.0,5.0,10.0,10.0,10,100.0,inf,full,both,inf,180.0,0.01,0.0,0.0,256,20,3,0.5,0.1,0.99,10.0,256,20,0,512,0,0.0,5.0,172.74745522450002,8654.203138095609,0.0,0.0,0.0,
coast,mppi_direct,300.0,1800.0,0.1,0.09,5.0,5.5,10.0,10.0,10,100.0,inf,full,both,inf,180.0,0.01,0.0,0.0,256,20,3,0.5,0.1,0.99,10.0,256,20,0,512,0,0.0,5.5,173.2736637898488,9271.90184718364,0.0,0.0,0.0,
coast,mppi_direct,300.0,1800.0,0.1,0.09,5.0,6.25,10.0,10.0,10,100.0,inf,full,both,inf,180.0,0.01,0.0,0.0,256,20,3,0.5,0.1,0.99,10.0,256,20,0,512,0,0.0,6.25,173.2647627477545,10155.83942818674,0.0,0.0,0.0,
coast,mppi_direct,300.0,1800.0,0.1,0.09,5.0,7.5,10.0,10.0,10,100.0,inf,full,both,inf,180.0,0.01,0.0,0.0,256,20,3,0.5,0.1,0.99,10.0,256,20,0,512,0,0.0,7.5,173.2576993732528,11426.548580733528,0.0,0.0,0.0,
coast,mppi_direct,300.0,1800.0,0.1,0.09,5.0,10.0,10.0,10.0,10,100.0,inf,full,both,inf,180.0,0.01,0.0,0.0,256,20,3,0.5,0.1,0.99,10.0,256,20,0,512,0,0.0,10.0,173.25770244333822,13345.81180146449,0.0,0.0,0.0,
coast,mppi_direct,300.0,1800.0,0.1,0.09,5.0,inf,10.0,10.0,10,100.0,inf,full,both,inf,180.0,0.01,0.0,0.0,256,20,3,0.5,0.1,0.99,10.0,256,20,0,512,0,0.0,15.327611550201835,173.25770244333822,14885.684298912052,0.0,0.0,0.0,
coast,mppi_direct,300.0,1800.0,0.1,0.1,5.0,1.25,10.0,10.0,10,100.0,inf,full,both,inf,180.0,0.01,0.0,0.0,256,20,3,0.5,0.1,0.99,10.0,256,20,0,512,0,0.0,1.25,239.5287753831739,3292.431629515739,0.0,0.0,0.0,
coast,mppi_direct,300.0,1800.0,0.1,0.1,5.0,2.5,10.0,10.0,10,100.0,inf,full,both,inf,180.0,0.01,0.0,0.0,256,20,3,0.5,0.1,0.99,10.0,256,20,0,512,0,0.0,2.5,174.81638057561176,5079.165621335578,0.0,0.0,0.0,
coast,mppi_direct,300.0,1800.0,0.1,0.1,5.0,3.75,10.0,10.0,10,100.0,inf,full,both,inf,180.0,0.01,0.0,0.0,256,20,3,0.5,0.1,0.99,10.0,256,20,0,512,0,0.0,3.75,174.54309623959122,7090.503127670262,0.0,0.0,0.0,
coast,mppi_direct,300.0,1800.0,0.1,0.1,5.0,4.5,10.0,10.0,10,100.0,inf,full,both,inf,180.0,0.01,0.0,0.0,256,20,3,0.5,0.1,0.99,10.0,256,20,0,512,0,0.0,4.5,173.00718095457333,8177.493864092465,0.0,0.0,0.0,
coast,mppi_direct,300.0,1800.0,0.1,0.1,5.0,5.0,10.0,10.0,10,100.0,inf,full,both,inf,180.0,0.01,0.0,0.0,256,20,3,0.5,0.1,0.99,10.0,256,20,0,512,0,0.0,5.0,173.55756914182342,8932.250079320263,0.0,0.0,0.0,
coast,mppi_direct,300.0,1800.0,0.1,0.1,5.0,5.5,10.0,10.0,10,100.0,inf,full,both,inf,180.0,0.01,0.0,0.0,256,20,3,0.5,0.1,0.99,10.0,256,20,0,512,0,0.0,5.5,174.17923971003674,9597.869338144756,0.0,0.0,0.0,
coast,mppi_direct,300.0,1800.0,0.1,0.1,5.0,6.25,10.0,10.0,10,100.0,inf,full,both,inf,180.0,0.01,0.0,0.0,256,20,3,0.5,0.1,0.99,10.0,256,20,0,512,0,0.0,6.25,174.6919298547991,10523.851653800986,0.0,0.0,0.0,
coast,mppi_direct,300.0,1800.0,0.1,0.1,5.0,7.5,10.0,10.0,10,100.0,inf,full,both,inf,180.0,0.01,0.0,0.0,256,20,3,0.5,0.1,0.99,10.0,256,20,0,512,0,0.0,7.5,174.6480325394144,11926.861533189907,0.0,0.0,0.0,
coast,mppi_direct,300.0,1800.0,0.1,0.1,5.0,10.0,10.0,10.0,10,100.0,inf,full,both,inf,180.0,0.01,0.0,0.0,256,20,3,0.5,0.1,0.99,10.0,256,20,0,512,0,0.0,10.0,174.64936648879768,14135.12907168949,0.0,0.0,0.0,
coast,mppi_direct,300.0,1800.0,0.1,0.1,5.0,inf,10.0,10.0,10,100.0,inf,full,both,inf,180.0,0.01,0.0,0.0,256,20,3,0.5,0.1,0.99,10.0,256,20,0,512,0,0.0,17.0511983988658,174.64936648879768,16605.284350777165,0.0,0.0,0.0,
coast,mppi_direct,300.0,1800.0,0.1,0.11,5.0,1.25,10.0,10.0,10,100.0,inf,full,both,inf,180.0,0.01,0.0,0.0,256,20,3,0.5,0.1,0.99,10.0,256,20,0,512,0,0.0,1.25,247.01629540644225,3397.739593785716,0.0,0.0,0.0,
coast,mppi_direct,300.0,1800.0,0.1,0.11,5.0,2.5,10.0,10.0,10,100.0,inf,full,both,inf,180.0,0.01,0.0,0.0,256,20,3,0.5,0.1,0.99,10.0,256,20,0,512,0,0.0,2.5,179.40260902813014,5213.745464033641,0.0,0.0,0.0,
coast,mppi_direct,300.0,1800.0,0.1,0.11,5.0,3.75,10.0,10.0,10,100.0,inf,full,both,inf,180.0,0.01,0.0,0.0,256,20,3,0.5,0.1,0.99,10.0,256,20,0,512,0,0.0,3.75,175.33203937749747,7277.723129551044,0.0,0.0,0.0,
coast,mppi_direct,300.0,1800.0,0.1,0.11,5.0,4.5,10.0,10.0,10,100.0,inf,full,both,inf,180.0,0.01,0.0,0.0,256,20,3,0.5,0.1,0.99,10.0,256,20,0,512,0,0.0,4.5,175.63194892900404,8445.261536167405,0.0,0.0,0.0,
coast,mppi_direct,300.0,1800.0,0.1,0.11,5.0,5.0,10.0,10.0,10,100.0,inf,full,both,inf,180.0,0.01,0.0,0.0,256,20,3,0.5,0.1,0.99,10.0,256,20,0,512,0,0.0,5.0,175.8116570140396,9141.795363939276,0.0,0.0,0.0,
coast,mppi_direct,300.0,1800.0,0.1,0.11,5.0,5.5,10.0,10.0,10,100.0,inf,full,both,inf,180.0,0.01,0.0,0.0,256,20,3,0.5,0.1,0.99,10.0,256,20,0,512,0,0.0,5.5,175.5953130335269,9889.561396834775,0.0,0.0,0.0,
coast,mppi_direct,300.0,1800.0,0.1,0.11,5.0,6.25,10.0,10.0,10,100.0,inf,full,both,inf,180.0,0.01,0.0,0.0,256,20,3,0.5,0.1,0.99,10.0,256,20,0,512,0,0.0,6.25,176.1710496465051,10872.615291881812,0.0,0.0,0.0,
coast,mppi_direct,300.0,1800.0,0.1,0.11,5.0,7.5,10.0,10.0,10,100.0,inf,full,both,inf,180.0,0.01,0.0,0.0,256,20,3,0.5,0.1,0.99,10.0,256,20,0,512,0,0.0,7.5,176.3152024886668,12369.434322557794,0.0,0.0,0.0,
coast,mppi_direct,300.0,1800.0,0.1,0.11,5.0,10.0,10.0,10.0,10,100.0,inf,full,both,inf,180.0,0.01,0.0,0.0,256,20,3,0.5,0.1,0.99,10.0,256,20,0,512,0,0.0,10.0,176.3074017268428,14821.397241806588,0.0,0.0,0.0,
coast,mppi_direct,300.0,1800.0,0.1,0.11,5.0,inf,10.0,10.0,10,100.0,inf,full,both,inf,180.0,0.01,0.0,0.0,256,20,3,0.5,0.1,0.99,10.0,256,20,0,512,0,0.0,18.77286939573821,176.3074017268428,18329.160058436704,0.0,0.0,0.0,
coast,mppi_direct,300.0,1800.0,0.1,0.125,5.0,1.25,10.0,10.0,10,100.0,inf,full,both,inf,180.0,0.01,0.0,0.0,256,20,3,0.5,0.1,0.99,10.0,256,20,0,512,0,0.0,1.25,253.4253490519607,3482.170930661713,0.0,0.0,0.0,
coast,mppi_direct,300.0,1800.0,0.1,0.125,5.0,2.5,10.0,10.0,10,100.0,inf,full,both,inf,180.0,0.01,0.0,0.0,256,20,3,0.5,0.1,0.99,10.0,256,20,0,512,0,0.0,2.5,188.1077050921683,5444.537620587046,0.0,0.0,0.0,
coast,mppi_direct,300.0,1800.0,0.1,0.125,5.0,3.75,10.0,10.0,10,100.0,inf,full,both,inf,180.0,0.01,0.0,0.0,256,20,3,0.5,0.1,0.99,10.0,256,20,0,512,0,0.0,3.75,180.6733900991005,7523.520328088398,0.0,0.0,0.0,
coast,mppi_direct,300.0,1800.0,0.1,0.125,5.0,4.5,10.0,10.0,10,100.0,inf,full,both,inf,180.0,0.01,0.0,0.0,256,20,3,0.5,0.1,0.99,10.0,256,20,0,512,0,0.0,4.5,180.86170523086176,8754.392241088502,0.0,0.0,0.0,
coast,mppi_direct,300.0,1800.0,0.1,0.125,5.0,5.0,10.0,10.0,10,100.0,inf,full,both,inf,180.0,0.01,0.0,0.0,256,20,3,0.5,0.1,0.99,10.0,256,20,0,512,0,0.0,5.0,180.5798621083474,9541.224177611077,0.0,0.0,0.0,
coast,mppi_direct,300.0,1800.0,0.1,0.125,5.0,5.5,10.0,10.0,10,100.0,inf,full,both,inf,180.0,0.01,0.0,0.0,256,20,3,0.5,0.1,0.99,10.0,256,20,0,512,0,0.0,5.5,180.51167293556432,10263.07068401073,0.0,0.0,0.0,
coast,mppi_direct,300.0,1800.0,0.1,0.125,5.0,6.25,10.0,10.0,10,100.0,inf,full,both,inf,180.0,0.01,0.0,0.0,256,20,3,0.5,0.1,0.99,10.0,256,20,0,512,0,0.0,6.25,179.71899785121295,11405.22006571114,0.0,0.0,0.0,
coast,mppi_direct,300.0,1800.0,0.1,0.125,5.0,7.5,10.0,10.0,10,100.0,inf,full,both,inf,180.0,0.01,0.0,0.0,256,20,3,0.5,0.1,0.99,10.0,256,20,0,512,0,0.0,7.5,180.59981077045416,13066.40723886652,0.0,0.0,0.0,
coast,mppi_direct,300.0,1800.0,0.1,0.125,5.0,10.0,10.0,10.0,10,100.0,inf,full,both,inf,180.0,0.01,0.0,0.0,256,20,3,0.5,0.1,0.99,10.0,256,20,0,512,0,0.0,10.0,180.5490906433961,15850.147650528312,0.0,0.0,0.0,
coast,mppi_direct,300.0,1800.0,0.1,0.125,5.0,inf,10.0,10.0,10,100.0,inf,full,both,inf,180.0,0.01,0.0,0.0,256,20,3,0.5,0.1,0.99,10.0,256,20,0,512,0,0.0,21.356248669195228,180.549109780406,21098.3394572928,0.0,0.0,0.0,
coast,mppi_direct,300.0,1800.0,0.1,0.15,5.0,1.25,10.0,10.0,10,100.0,inf,full,both,inf,180.0,0.01,0.0,0.0,256,20,3,0.5,0.1,0.99,10.0,256,20,0,512,0,0.0,1.25,264.23038653216366,3630.5168261293406,0.0,0.0,0.0,
coast,mppi_direct,300.0,1800.0,0.1,0.15,5.0,2.5,10.0,10.0,10,100.0,inf,full,both,inf,180.0,0.01,0.0,0.0,256,20,3,0.5,0.1,0.99,10.0,256,20,0,512,0,0.0,2.5,205.301352361149,5759.973789266496,0.0,0.0,0.0,
coast,mppi_direct,300.0,1800.0,0.1,0.15,5.0,3.75,10.0,10.0,10,100.0,inf,full,both,inf,180.0,0.01,0.0,0.0,256,20,3,0.5,0.1,0.99,10.0,256,20,0,512,0,0.0,3.75,190.2699647804712,7873.650911742178,0.0,0.0,0.0,
coast,mppi_direct,300.0,1800.0,0.1,0.15,5.0,4.5,10.0,10.0,10,100.0,inf,full,both,inf,180.0,0.01,0.0,0.0,256,20,3,0.5,0.1,0.99,10.0,256,20,0,512,0,0.0,4.5,187.35927173637413,9167.197924754591,0.0,0.0,0.0,
coast,mppi_direct,300.0,1800.0,0.1,0.15,5.0,5.0,10.0,10.0,10,100.0,inf,full,both,inf,180.0,0.01,0.0,0.0,256,20,3,0.5,0.1,0.99,10.0,256,20,0,512,0,0.0,5.0,188.37942806667104,10063.671089730098,0.0,0.0,0.0,
coast,mppi_direct,300.0,1800.0,0.1,0.15,5.0,5.5,10.0,10.0,10,100.0,inf,full,both,inf,180.0,0.01,0.0,0.0,256,20,3,0.5,0.1,0.99,10.0,256,20,0,512,0,0.0,5.5,189.4783492409874,10878.36368414812,0.0,0.0,0.0,
coast,mppi_direct,300.0,1800.0,0.1,0.15,5.0,6.25,10.0,10.0,10,100.0,inf,full,both,inf,180.0,0.01,0.0,0.0,256,20,3,0.5,0.1,0.99,10.0,256,20,0,512,0,0.0,6.25,190.04254361866532,12004.219033337547,0.0,0.0,0.0,
coast,mppi_direct,300.0,1800.0,0.1,0.15,5.0,7.5,10.0,10.0,10,100.0,inf,full,both,inf,180.0,0.01,0.0,0.0,256,20,3,0.5,0.1,0.99,10.0,256,20,0,512,0,0.0,7.5,188.54245386322103,13938.48507798004,0.0,0.0,0.0,
coast,mppi_direct,300.0,1800.0,0.1,0.15,5.0,10.0,10.0,10.0,10,100.0,inf,full,both,inf,180.0,0.01,0.0,0.0,256,20,3,0.5,0.1,0.99,10.0,256,20,0,512,0,0.0,10.0,189.69059886566131,17163.968936177385,0.0,0.0,0.0,
coast,mppi_direct,300.0,1800.0,0.1,0.15,5.0,inf,10.0,10.0,10,100.0,inf,full,both,inf,180.0,0.01,0.0,0.0,256,20,3,0.5,0.1,0.99,10.0,256,20,0,512,0,0.0,25.660041805042795,189.6959204529589,25626.69330047469,0.0,0.0,0.0,
coast,mppi_direct,300.0,1800.0,0.1,0.2,5.0,1.25,10.0,10.0,10,100.0,inf,full,both,inf,180.0,0.01,0.0,0.0,256,20,3,0.5,0.1,0.99,10.0,256,20,0,512,0,0.0,1.25,278.7550187655619,3819.358002873895,0.0,0.0,0.0,
coast,mppi_direct,300.0,1800.0,0.1,0.2,5.0,2.5,10.0,10.0,10,100.0,inf,full,both,inf,180.0,0.01,0.0,0.0,256,20,3,0.5,0.1,0.99,10.0,256,20,0,512,0,0.0,2.5,232.43007757348948,6111.266586434525,0.0,0.0,0.0,
coast,mppi_direct,300.0,1800.0,0.1,0.2,5.0,3.75,10.0,10.0,10,100.0,inf,full,both,inf,180.0,0.01,0.0,0.0,256,20,3,0.5,0.1,0.99,10.0,256,20,0,512,0,0.0,3.75,212.840255435994,8601.426824017957,0.0,0.0,0.0,
coast,mppi_direct,300.0,1800.0,0.1,0.2,5.0,4.5,10.0,10.0,10,100.0,inf,full,both,inf,180.0,0.01,0.0,0.0,256,20,3,0.5,0.1,0.99,10.0,256,20,0,512,0,0.0,4.5,209.78952978532817,10037.395114399174,0.0,0.0,0.0,
coast,mppi_direct,300.0,1800.0,0.1,0.2,5.0,5.0,10.0,10.0,10,100.0,inf,full,both,inf,180.0,0.01,0.0,0.0,256,20,3,0.5,0.1,0.99,10.0,256,20,0,512,0,0.0,5.0,213.1591571305267,10827.849128708182,0.0,0.0,0.0,
coast,mppi_direct,300.0,1800.0,0.1,0.2,5.0,5.5,10.0,10.0,10,100.0,inf,full,both,inf,180.0,0.01,0.0,0.0,256,20,3,0.5,0.1,0.99,10.0,256,20,0,512,0,0.0,5.5,211.17935947516267,11734.335614775224,0.0,0.0,0.0,
coast,mppi_direct,300.0,1800.0,0.1,0.2,5.0,6.25,10.0,10.0,10,100.0,inf,full,both,inf,180.0,0.01,0.0,0.0,256,20,3,0.5,0.1,0.99,10.0,256,20,0,512,0,0.0,6.25,212.3381990779592,13044.910063506712,0.0,0.0,0.0,
coast,mppi_direct,300.0,1800.0,0.1,0.2,5.0,7.5,10.0,10.0,10,100.0,inf,full,both,inf,180.0,0.01,0.0,0.0,256,20,3,0.5,0.1,0.99,10.0,256,20,0,512,0,0.0,7.5,212.44454146430184,15249.290336439051,0.0,0.0,0.0,
coast,mppi_direct,300.0,1800.0,0.1,0.2,5.0,10.0,10.0,10.0,10,100.0,inf,full,both,inf,180.0,0.01,0.0,0.0,256,20,3,0.5,0.1,0.99,10.0,256,20,0,512,0,0.0,10.0,210.3779059678116,19049.649180702974,0.0,0.0,0.0,
coast,mppi_direct,300.0,1800.0,0.1,0.2,5.0,inf,10.0,10.0,10,100.0,inf,full,both,inf,180.0,0.01,0.0,0.0,256,20,3,0.5,0.1,0.99,10.0,256,20,0,512,0,0.0,34.25344011889785,210.646367510242,34601.59678984282,0.0,0.0,0.0,
coast,mppi_lqr,300.0,1800.0,0.1,0.025,5.0,1.25,10.0,10.0,10,100.0,inf,full,both,inf,180.0,0.01,0.0,0.0,256,20,3,0.5,0.1,0.99,10.0,256,20,0,512,0,0.0,1.25,299.986505168517,3244.785058433792,0.0,0.0,0.0,
coast,mppi_lqr,300.0,1800.0,0.1,0.025,5.0,2.5,10.0,10.0,10,100.0,inf,full,both,inf,180.0,0.01,0.0,0.0,256,20,3,0.5,0.1,0.99,10.0,256,20,0,512,0,0.0,2.5,299.9867125709811,4549.313393663671,0.0,0.0,0.0,
coast,mppi_lqr,300.0,1800.0,0.1,0.025,5.0,3.75,10.0,10.0,10,100.0,inf,full,both,inf,180.0,0.01,0.0,0.0,256,20,3,0.5,0.1,0.99,10.0,256,20,0,512,0,0.0,3.75,299.9867125709811,5083.0589907070125,0.0,0.0,0.0,
coast,mppi_lqr,300.0,1800.0,0.1,0.025,5.0,4.5,10.0,10.0,10,100.0,inf,full,both,inf,180.0,0.01,0.0,0.0,256,20,3,0.5,0.1,0.99,10.0,256,20,0,512,0,0.0,4.186869323080378,299.9867125709811,5115.319657705486,0.0,0.0,0.0,
coast,mppi_lqr,300.0,1800.0,0.1,0.025,5.0,5.0,10.0,10.0,10,100.0,inf,full,both,inf,180.0,0.01,0.0,0.0,256,20,3,0.5,0.1,0.99,10.0,256,20,0,512,0,0.0,4.188533543042761,299.9867125709811,5114.30878041917,0.0,0.0,0.0,
coast,mppi_lqr,300.0,1800.0,0.1,0.025,5.0,5.5,10.0,10.0,10,100.0,inf,full,both,inf,180.0,0.01,0.0,0.0,256,20,3,0.5,0.1,0.99,10.0,256,20,0,512,0,0.0,4.188629420954836,299.9867125709811,5114.280780900964,0.0,0.0,0.0,
coast,mppi_lqr,300.0,1800.0,0.1,0.025,5.0,6.25,10.0,10.0,10,100.0,inf,full,both,inf,180.0,0.01,0.0,0.0,256,20,3,0.5,0.1,0.99,10.0,256,20,0,512,0,0.0,4.188629001738387,299.9867125709811,5114.280791011224,0.0,0.0,0.0,
coast,mppi_lqr,300.0,1800.0,0.1,0.025,5.0,7.5,10.0,10.0,10,100.0,inf,full,both,inf,180.0,0.01,0.0,0.0,256,20,3,0.5,0.1,0.99,10.0,256,20,0,512,0,0.0,4.188629001738387,299.9867125709811,5114.280791011224,0.0,0.0,0.0,
coast,mppi_lqr,300.0,1800.0,0.1,0.025,5.0,10.0,10.0,10.0,10,100.0,inf,full,both,inf,180.0,0.01,0.0,0.0,256,20,3,0.5,0.1,0.99,10.0,256,20,0,512,0,0.0,4.188629001738387,299.9867125709811,5114.280791011224,0.0,0.0,0.0,
coast,mppi_lqr,300.0,1800.0,0.1,0.025,5.0,inf,10.0,10.0,10,100.0,inf,full,both,inf,180.0,0.01,0.0,0.0,256,20,3,0.5,0.1,0.99,10.0,256,20,0,512,0,0.0,4.188629001738387,299.9867125709811,5114.280791011224,0.0,0.0,0.0,
coast,mppi_lqr,300.0,1800.0,0.1,0.05,5.0,1.25,10.0,10.0,10,100.0,inf,full,both,inf,180.0,0.01,0.0,0.0,256,20,3,0.5,0.1,0.99,10.0,256,20,0,512,0,0.0,1.25,299.9640856689877,3535.239545939187,0.0,0.0,0.0,
coast,mppi_lqr,300.0,1800.0,0.1,0.05,5.0,2.5,10.0,10.0,10,100.0,inf,full,both,inf,180.0,0.01,0.0,0.0,256,20,3,0.5,0.1,0.99,10.0,256,20,0,512,0,0.0,2.5,300.0,5671.070289905022,0.0,0.0,0.0,
coast,mppi_lqr,300.0,1800.0,0.1,0.05,5.0,3.75,10.0,10.0,10,100.0,inf,full,both,inf,180.0,0.01,0.0,0.0,256,20,3,0.5,0.1,0.99,10.0,256,20,0,512,0,0.0,3.75,300.0,7233.301916779013,0.0,0.0,0.0,
coast,mppi_lqr,300.0,1800.0,0.1,0.05,5.0,4.5,10.0,10.0,10,100.0,inf,full,both,inf,180.0,0.01,0.0,0.0,256,20,3,0.5,0.1,0.99,10.0,256,20,0,512,0,0.0,4.5,300.0,7951.321231140962,0.0,0.0,0.0,
coast,mppi_lqr,300.0,1800.0,0.1,0.05,5.0,5.0,10.0,10.0,10,100.0,inf,full,both,inf,180.0,0.01,0.0,0.0,256,20,3,0.5,0.1,0.99,10.0,256,20,0,512,0,0.0,5.0,300.0,8352.353874027482,0.0,0.0,0.0,
coast,mppi_lqr,300.0,1800.0,0.1,0.05,5.0,5.5,10.0,10.0,10,100.0,inf,full,both,inf,180.0,0.01,0.0,0.0,256,20,3,0.5,0.1,0.99,10.0,256,20,0,512,0,0.0,5.5,300.0,8696.4033015689,0.0,0.0,0.0,
coast,mppi_lqr,300.0,1800.0,0.1,0.05,5.0,6.25,10.0,10.0,10,100.0,inf,full,both,inf,180.0,0.01,0.0,0.0,256,20,3,0.5,0.1,0.99,10.0,256,20,0,512,0,0.0,6.25,300.0,9104.277647562356,0.0,0.0,0.0,
coast,mppi_lqr,300.0,1800.0,0.1,0.05,5.0,7.5,10.0,10.0,10,100.0,inf,full,both,inf,180.0,0.01,0.0,0.0,256,20,3,0.5,0.1,0.99,10.0,256,20,0,512,0,0.0,7.5,300.0,9519.51575324332,0.0,0.0,0.0,
coast,mppi_lqr,300.0,1800.0,0.1,0.05,5.0,10.0,10.0,10.0,10,100.0,inf,full,both,inf,180.0,0.01,0.0,0.0,256,20,3,0.5,0.1,0.99,10.0,256,20,0,512,0,0.0,8.565420759797764,300.0,9616.483492961805,0.0,0.0,0.0,
coast,mppi_lqr,300.0,1800.0,0.1,0.05,5.0,inf,10.0,10.0,10,100.0,inf,full,both,inf,180.0,0.01,0.0,0.0,256,20,3,0.5,0.1,0.99,10.0,256,20,0,512,0,0.0,8.56532106789203,300.0,9616.358774274082,0.0,0.0,0.0,
coast,mppi_lqr,300.0,1800.0,0.1,0.075,5.0,1.25,10.0,10.0,10,100.0,inf,full,both,inf,180.0,0.01,0.0,0.0,256,20,3,0.5,0.1,0.99,10.0,256,20,0,512,0,0.0,1.25,300.0,3656.3860644577953,0.0,0.0,0.0,
coast,mppi_lqr,300.0,1800.0,0.1,0.075,5.0,2.5,10.0,10.0,10,100.0,inf,full,both,inf,180.0,0.01,0.0,0.0,256,20,3,0.5,0.1,0.99,10.0,256,20,0,512,0,0.0,2.5,300.0,6063.413921464147,0.0,0.0,0.0,
coast,mppi_lqr,300.0,1800.0,0.1,0.075,5.0,3.75,10.0,10.0,10,100.0,inf,full,both,inf,180.0,0.01,0.0,0.0,256,20,3,0.5,0.1,0.99,10.0,256,20,0,512,0,0.0,3.75,300.0,8062.18381708772,0.0,0.0,0.0,
coast,mppi_lqr,300.0,1800.0,0.1,0.075,5.0,4.5,10.0,10.0,10,100.0,inf,full,both,inf,180.0,0.01,0.0,0.0,256,20,3,0.5,0.1,0.99,10.0,256,20,0,512,0,0.0,4.5,300.0,9076.530056107506,0.0,0.0,0.0,
coast,mppi_lqr,300.0,1800.0,0.1,0.075,5.0,5.0,10.0,10.0,10,100.0,inf,full,both,inf,180.0,0.01,0.0,0.0,256,20,3,0.5,0.1,0.99,10.0,256,20,0,512,0,0.0,5.0,300.0,9686.678557909396,0.0,0.0,0.0,
coast,mppi_lqr,300.0,1800.0,0.1,0.075,5.0,5.5,10.0,10.0,10,100.0,inf,full,both,inf,180.0,0.01,0.0,0.0,256,20,3,0.5,0.1,0.99,10.0,256,20,0,512,0,0.0,5.5,300.0,10254.417576052354,0.0,0.0,0.0,
coast,mppi_lqr,300.0,1800.0,0.1,0.075,5.0,6.25,10.0,10.0,10,100.0,inf,full,both,inf,180.0,0.01,0.0,0.0,256,20,3,0.5,0.1,0.99,10.0,256,20,0,512,0,0.0,6.25,300.0,11019.55275533538,0.0,0.0,0.0,
coast,mppi_lqr,300.0,1800.0,0.1,0.075,5.0,7.5,10.0,10.0,10,100.0,inf,full,both,inf,180.0,0.01,0.0,0.0,256,20,3,0.5,0.1,0.99,10.0,256,20,0,512,0,0.0,7.5,300.0,12074.323573927288,0.0,0.0,0.0,
coast,mppi_lqr,300.0,1800.0,0.1,0.075,5.0,10.0,10.0,10.0,10,100.0,inf,full,both,inf,180.0,0.01,0.0,0.0,256,20,3,0.5,0.1,0.99,10.0,256,20,0,512,0,0.0,10.0,300.0,13474.587375068208,0.0,0.0,0.0,
coast,mppi_lqr,300.0,1800.0,0.1,0.075,5.0,inf,10.0,10.0,10,100.0,inf,full,both,inf,180.0,0.01,0.0,0.0,256,20,3,0.5,0.1,0.99,10.0,256,20,0,512,0,0.0,12.880615827330248,300.0,13993.361396935728,0.0,0.0,0.0,
coast,mppi_lqr,300.0,1800.0,0.1,0.09,5.0,1.25,10.0,10.0,10,100.0,inf,full,both,inf,180.0,0.01,0.0,0.0,256,20,3,0.5,0.1,0.99,10.0,256,20,0,512,0,0.0,1.25,300.0,3680.1795290157097,0.0,0.0,0.0,
coast,mppi_lqr,300.0,1800.0,0.1,0.09,5.0,2.5,10.0,10.0,10,100.0,inf,full,both,inf,180.0,0.01,0.0,0.0,256,20,3,0.5,0.1,0.99,10.0,256,20,0,512,0,0.0,2.5,299.9997119437917,6251.414180323873,0.0,0.0,0.0,
coast,mppi_lqr,300.0,1800.0,0.1,0.09,5.0,3.75,10.0,10.0,10,100.0,inf,full,both,inf,180.0,0.01,0.0,0.0,256,20,3,0.5,0.1,0.99,10.0,256,20,0,512,0,0.0,3.75,299.9999960010108,8354.97748773648,0.0,0.0,0.0,
coast,mppi_lqr,300.0,1800.0,0.1,0.09,5.0,4.5,10.0,10.0,10,100.0,inf,full,both,inf,180.0,0.01,0.0,0.0,256,20,3,0.5,0.1,0.99,10.0,256,20,0,512,0,0.0,4.5,299.9999927159243,9485.636194018907,0.0,0.0,0.0,
coast,mppi_lqr,300.0,1800.0,0.1,0.09,5.0,5.0,10.0,10.0,10,100.0,inf,full,both,inf,180.0,0.01,0.0,0.0,256,20,3,0.5,0.1,0.99,10.0,256,20,0,512,0,0.0,5.0,299.99999271504976,10196.992426539511,0.0,0.0,0.0,
coast,mppi_lqr,300.0,1800.0,0.1,0.09,5.0,5.5,10.0,10.0,10,100.0,inf,full,both,inf,180.0,0.01,0.0,0.0,256,20,3,0.5,0.1,0.99,10.0,256,20,0,512,0,0.0,5.5,299.99999271504976,10839.6802512723,0.0,0.0,0.0,
coast,mppi_lqr,300.0,1800.0,0.1,0.09,5.0,6.25,10.0,10.0,10,100.0,inf,full,both,inf,180.0,0.01,0.0,0.0,256,20,3,0.5,0.1,0.99,10.0,256,20,0,512,0,0.0,6.25,299.99999271504976,11744.422777986045,0.0,0.0,0.0,
coast,mppi_lqr,300.0,1800.0,0.1,0.09,5.0,7.5,10.0,10.0,10,100.0,inf,full,both,inf,180.0,0.01,0.0,0.0,256,20,3,0.5,0.1,0.99,10.0,256,20,0,512,0,0.0,7.5,299.99999271504976,13052.39654563354,0.0,0.0,0.0,
coast,mppi_lqr,300.0,1800.0,0.1,0.09,5.0,10.0,10.0,10.0,10,100.0,inf,full,both,inf,180.0,0.01,0.0,0.0,256,20,3,0.5,0.1,0.99,10.0,256,20,0,512,0,0.0,10.0,299.99999271504976,15004.23752634144,0.0,0.0,0.0,
coast,mppi_lqr,300.0,1800.0,0.1,0.09,5.0,inf,10.0,10.0,10,100.0,inf,full,both,inf,180.0,0.01,0.0,0.0,256,20,3,0.5,0.1,0.99,10.0,256,20,0,512,0,0.0,15.46037710930189,299.99999271504976,16623.453281942388,0.0,0.0,0.0,
coast,mppi_lqr,300.0,1800.0,0.1,0.1,5.0,1.25,10.0,10.0,10,100.0,inf,full,both,inf,180.0,0.01,0.0,0.0,256,20,3,0.5,0.1,0.99,10.0,256,20,0,512,0,0.0,1.25,300.0,3709.4052679941474,0.0,0.0,0.0,
coast,mppi_lqr,300.0,1800.0,0.1,0.1,5.0,2.5,10.0,10.0,10,100.0,inf,full,both,inf,180.0,0.01,0.0,0.0,256,20,3,0.5,0.1,0.99,10.0,256,20,0,512,0,0.0,2.5,299.99539090449326,6333.811370552467,0.0,0.0,0.0,
coast,mppi_lqr,300.0,1800.0,0.1,0.1,5.0,3.75,10.0,10.0,10,100.0,inf,full,both,inf,180.0,0.01,0.0,0.0,256,20,3,0.5,0.1,0.99,10.0,256,20,0,512,0,0.0,3.75,299.9999696269688,8494.23267519863,0.0,0.0,0.0,
coast,mppi_lqr,300.0,1800.0,0.1,0.1,5.0,4.5,10.0,10.0,10,100.0,inf,full,both,inf,180.0,0.01,0.0,0.0,256,20,3,0.5,0.1,0.99,10.0,256,20,0,512,0,0.0,4.5,299.9998993943391,9700.956634090213,0.0,0.0,0.0,
coast,mppi_lqr,300.0,1800.0,0.1,0.1,5.0,5.0,10.0,10.0,10,100.0,inf,full,both,inf,180.0,0.01,0.0,0.0,256,20,3,0.5,0.1,0.99,10.0,256,20,0,512,0,0.0,5.0,299.9998902052715,10439.712819716924,0.0,0.0,0.0,
coast,mppi_lqr,300.0,1800.0,0.1,0.1,5.0,5.5,10.0,10.0,10,100.0,inf,full,both,inf,180.0,0.01,0.0,0.0,256,20,3,0.5,0.1,0.99,10.0,256,20,0,512,0,0.0,5.5,299.999890204337,11156.358924226688,0.0,0.0,0.0,
coast,mppi_lqr,300.0,1800.0,0.1,0.1,5.0,6.25,10.0,10.0,10,100.0,inf,full,both,inf,180.0,0.01,0.0,0.0,256,20,3,0.5,0.1,0.99,10.0,256,20,0,512,0,0.0,6.25,299.999890204337,12116.180490154136,0.0,0.0,0.0,
coast,mppi_lqr,300.0,1800.0,0.1,0.1,5.0,7.5,10.0,10.0,10,100.0,inf,full,both,inf,180.0,0.01,0.0,0.0,256,20,3,0.5,0.1,0.99,10.0,256,20,0,512,0,0.0,7.5,299.999890204337,13560.45744024084,0.0,0.0,0.0,
coast,mppi_lqr,300.0,1800.0,0.1,0.1,5.0,10.0,10.0,10.0,10,100.0,inf,full,both,inf,180.0,0.01,0.0,0.0,256,20,3,0.5,0.1,0.99,10.0,256,20,0,512,0,0.0,10.0,299.999890204337,15800.421759315126,0.0,0.0,0.0,
coast,mppi_lqr,300.0,1800.0,0.1,0.1,5.0,inf,10.0,10.0,10,100.0,inf,full,both,inf,180.0,0.01,0.0,0.0,256,20,3,0.5,0.1,0.99,10.0,256,20,0,512,0,0.0,17.178570761784925,299.999890204337,18362.32995965624,0.0,0.0,0.0,
coast,mppi_lqr,300.0,1800.0,0.1,0.11,5.0,1.25,10.0,10.0,10,100.0,inf,full,both,inf,180.0,0.01,0.0,0.0,256,20,3,0.5,0.1,0.99,10.0,256,20,0,512,0,0.0,1.25,300.0,3735.3784543033903,0.0,0.0,0.0,
coast,mppi_lqr,300.0,1800.0,0.1,0.11,5.0,2.5,10.0,10.0,10,100.0,inf,full,both,inf,180.0,0.01,0.0,0.0,256,20,3,0.5,0.1,0.99,10.0,256,20,0,512,0,0.0,2.5,299.98557856916324,6446.789691951884,0.0,0.0,0.0,
coast,mppi_lqr,300.0,1800.0,0.1,0.11,5.0,3.75,10.0,10.0,10,100.0,inf,full,both,inf,180.0,0.01,0.0,0.0,256,20,3,0.5,0.1,0.99,10.0,256,20,0,512,0,0.0,3.75,300.0,8650.718487219361,0.0,0.0,0.0,
coast,mppi_lqr,300.0,1800.0,0.1,0.11,5.0,4.5,10.0,10.0,10,100.0,inf,full,both,inf,180.0,0.01,0.0,0.0,256,20,3,0.5,0.1,0.99,10.0,256,20,0,512,0,0.0,4.5,299.9997954996476,9907.452454734286,0.0,0.0,0.0,
coast,mppi_lqr,300.0,1800.0,0.1,0.11,5.0,5.0,10.0,10.0,10,100.0,inf,full,both,inf,180.0,0.01,0.0,0.0,256,20,3,0.5,0.1,0.99,10.0,256,20,0,512,0,0.0,5.0,299.9998144315948,10702.684313821845,0.0,0.0,0.0,
coast,mppi_lqr,300.0,1800.0,0.1,0.11,5.0,5.5,10.0,10.0,10,100.0,inf,full,both,inf,180.0,0.01,0.0,0.0,256,20,3,0.5,0.1,0.99,10.0,256,20,0,512,0,0.0,5.5,299.9998092575006,11449.689537485616,0.0,0.0,0.0,
coast,mppi_lqr,300.0,1800.0,0.1,0.11,5.0,6.25,10.0,10.0,10,100.0,inf,full,both,inf,180.0,0.01,0.0,0.0,256,20,3,0.5,0.1,0.99,10.0,256,20,0,512,0,0.0,6.25,299.9998092573401,12507.9408512424,0.0,0.0,0.0,
coast,mppi_lqr,300.0,1800.0,0.1,0.11,5.0,7.5,10.0,10.0,10,100.0,inf,full,both,inf,180.0,0.01,0.0,0.0,256,20,3,0.5,0.1,0.99,10.0,256,20,0,512,0,0.0,7.5,299.9998092573401,14055.566140516366,0.0,0.0,0.0,
coast,mppi_lqr,300.0,1800.0,0.1,0.11,5.0,10.0,10.0,10.0,10,100.0,inf,full,both,inf,180.0,0.01,0.0,0.0,256,20,3,0.5,0.1,0.99,10.0,256,20,0,512,0,0.0,10.0,299.9998092573401,16567.02231550242,0.0,0.0,0.0,
coast,mppi_lqr,300.0,1800.0,0.1,0.11,5.0,inf,10.0,10.0,10,100.0,inf,full,both,inf,180.0,0.01,0.0,0.0,256,20,3,0.5,0.1,0.99,10.0,256,20,0,512,0,0.0,18.900598547208823,299.9998092573401,20184.559576959065,0.0,0.0,0.0,
coast,mppi_lqr,300.0,1800.0,0.1,0.125,5.0,1.25,10.0,10.0,10,100.0,inf,full,both,inf,180.0,0.01,0.0,0.0,256,20,3,0.5,0.1,0.99,10.0,256,20,0,512,0,0.0,1.25,300.0,3746.023877214566,0.0,0.0,0.0,
coast,mppi_lqr,300.0,1800.0,0.1,0.125,5.0,2.5,10.0,10.0,10,100.0,inf,full,both,inf,180.0,0.01,0.0,0.0,256,20,3,0.5,0.1,0.99,10.0,256,20,0,512,0,0.0,2.5,299.9832574998068,6454.453058601592,0.0,0.0,0.0,
coast,mppi_lqr,300.0,1800.0,0.1,0.125,5.0,3.75,10.0,10.0,10,100.0,inf,full,both,inf,180.0,0.01,0.0,0.0,256,20,3,0.5,0.1,0.99,10.0,256,20,0,512,0,0.0,3.75,299.99981400790955,8876.105199752368,0.0,0.0,0.0,
coast,mppi_lqr,300.0,1800.0,0.1,0.125,5.0,4.5,10.0,10.0,10,100.0,inf,full,both,inf,180.0,0.01,0.0,0.0,256,20,3,0.5,0.1,0.99,10.0,256,20,0,512,0,0.0,4.5,299.99820883242216,10152.053375151452,0.0,0.0,0.0,
coast,mppi_lqr,300.0,1800.0,0.1,0.125,5.0,5.0,10.0,10.0,10,100.0,inf,full,both,inf,180.0,0.01,0.0,0.0,256,20,3,0.5,0.1,0.99,10.0,256,20,0,512,0,0.0,5.0,299.9986733381658,11019.211905713297,0.0,0.0,0.0,
coast,mppi_lqr,300.0,1800.0,0.1,0.125,5.0,5.5,10.0,10.0,10,100.0,inf,full,both,inf,180.0,0.01,0.0,0.0,256,20,3,0.5,0.1,0.99,10.0,256,20,0,512,0,0.0,5.5,299.9964981892656,11836.573494238082,0.0,0.0,0.0,
coast,mppi_lqr,300.0,1800.0,0.1,0.125,5.0,6.25,10.0,10.0,10,100.0,inf,full,both,inf,180.0,0.01,0.0,0.0,256,20,3,0.5,0.1,0.99,10.0,256,20,0,512,0,0.0,6.25,299.99615899509377,12955.767017114687,0.0,0.0,0.0,
coast,mppi_lqr,300.0,1800.0,0.1,0.125,5.0,7.5,10.0,10.0,10,100.0,inf,full,both,inf,180.0,0.01,0.0,0.0,256,20,3,0.5,0.1,0.99,10.0,256,20,0,512,0,0.0,7.5,299.9962663215708,14659.665022203688,0.0,0.0,0.0,
coast,mppi_lqr,300.0,1800.0,0.1,0.125,5.0,10.0,10.0,10.0,10,100.0,inf,full,both,inf,180.0,0.01,0.0,0.0,256,20,3,0.5,0.1,0.99,10.0,256,20,0,512,0,0.0,10.0,299.9962663215708,17492.38575343834,0.0,0.0,0.0,
coast,mppi_lqr,300.0,1800.0,0.1,0.125,5.0,inf,10.0,10.0,10,100.0,inf,full,both,inf,180.0,0.01,0.0,0.0,256,20,3,0.5,0.1,0.99,10.0,256,20,0,512,0,0.0,21.477097115656893,299.9962663215708,22853.448569772147,0.0,0.0,0.0,
coast,mppi_lqr,300.0,1800.0,0.1,0.15,5.0,1.25,10.0,10.0,10,100.0,inf,full,both,inf,180.0,0.01,0.0,0.0,256,20,3,0.5,0.1,0.99,10.0,256,20,0,512,0,0.0,1.25,300.0,3777.164114954323,0.0,0.0,0.0,
coast,mppi_lqr,300.0,1800.0,0.1,0.15,5.0,2.5,10.0,10.0,10,100.0,inf,full,both,inf,180.0,0.01,0.0,0.0,256,20,3,0.5,0.1,0.99,10.0,256,20,0,512,0,0.0,2.5,299.98636548742166,6503.017801060545,0.0,0.0,0.0,
coast,mppi_lqr,300.0,1800.0,0.1,0.15,5.0,3.75,10.0,10.0,10,100.0,inf,full,both,inf,180.0,0.01,0.0,0.0,256,20,3,0.5,0.1,0.99,10.0,256,20,0,512,0,0.0,3.75,299.98032490223846,9091.661833724886,0.0,0.0,0.0,
coast,mppi_lqr,300.0,1800.0,0.1,0.15,5.0,4.5,10.0,10.0,10,100.0,inf,full,both,inf,180.0,0.01,0.0,0.0,256,20,3,0.5,0.1,0.99,10.0,256,20,0,512,0,0.0,4.5,299.9648182516069,10454.60083825211,0.0,0.0,0.0,
coast,mppi_lqr,300.0,1800.0,0.1,0.15,5.0,5.0,10.0,10.0,10,100.0,inf,full,both,inf,180.0,0.01,0.0,0.0,256,20,3,0.5,0.1,0.99,10.0,256,20,0,512,0,0.0,5.0,299.9544216849592,11329.518793010026,0.0,0.0,0.0,
coast,mppi_lqr,300.0,1800.0,0.1,0.15,5.0,5.5,10.0,10.0,10,100.0,inf,full,both,inf,180.0,0.01,0.0,0.0,256,20,3,0.5,0.1,0.99,10.0,256,20,0,512,0,0.0,5.5,299.94499013821047,12133.896081916411,0.0,0.0,0.0,
coast,mppi_lqr,300.0,1800.0,0.1,0.15,5.0,6.25,10.0,10.0,10,100.0,inf,full,both,inf,180.0,0.01,0.0,0.0,256,20,3,0.5,0.1,0.99,10.0,256,20,0,512,0,0.0,6.25,299.92691623333053,13365.846295781244,0.0,0.0,0.0,
coast,mppi_lqr,300.0,1800.0,0.1,0.15,5.0,7.5,10.0,10.0,10,100.0,inf,full,both,inf,180.0,0.01,0.0,0.0,256,20,3,0.5,0.1,0.99,10.0,256,20,0,512,0,0.0,7.5,299.9198682940059,15232.559638381115,0.0,0.0,0.0,
coast,mppi_lqr,300.0,1800.0,0.1,0.15,5.0,10.0,10.0,10.0,10,100.0,inf,full,both,inf,180.0,0.01,0.0,0.0,256,20,3,0.5,0.1,0.99,10.0,256,20,0,512,0,0.0,10.0,299.91723049445494,18462.48173158441,0.0,0.0,0.0,
coast,mppi_lqr,300.0,1800.0,0.1,0.15,5.0,inf,10.0,10.0,10,100.0,inf,full,both,inf,180.0,0.01,0.0,0.0,256,20,3,0.5,0.1,0.99,10.0,256,20,0,512,0,0.0,25.760743084007583,299.91723049486905,27052.936765843428,0.0,0.0,0.0,
coast,mppi_lqr,300.0,1800.0,0.1,0.2,5.0,1.25,10.0,10.0,10,100.0,inf,full,both,inf,180.0,0.01,0.0,0.0,256,20,3,0.5,0.1,0.99,10.0,256,20,0,512,0,0.0,1.25,300.0,3822.6285278652936,0.0,0.0,0.0,
coast,mppi_lqr,300.0,1800.0,0.1,0.2,5.0,2.5,10.0,10.0,10,100.0,inf,full,both,inf,180.0,0.01,0.0,0.0,256,20,3,0.5,0.1,0.99,10.0,256,20,0,512,0,0.0,2.5,299.99467980075576,6640.021669392753,0.0,0.0,0.0,
coast,mppi_lqr,300.0,1800.0,0.1,0.2,5.0,3.75,10.0,10.0,10,100.0,inf,full,both,inf,180.0,0.01,0.0,0.0,256,20,3,0.5,0.1,0.99,10.0,256,20,0,512,0,0.0,3.75,299.9657431456923,9356.490850193852,0.0,0.0,0.0,
coast,mppi_lqr,300.0,1800.0,0.1,0.2,5.0,4.5,10.0,10.0,10,100.0,inf,full,both,inf,180.0,0.01,0.0,0.0,256,20,3,0.5,0.1,0.99,10.0,256,20,0,512,0,0.0,4.5,299.8361408321238,10950.618515271164,0.0,0.0,0.0,
coast,mppi_lqr,300.0,1800.0,0.1,0.2,5.0,5.0,10.0,10.0,10,100.0,inf,full,both,inf,180.0,0.01,0.0,0.0,256,20,3,0.5,0.1,0.99,10.0,256,20,0,512,0,0.0,5.0,299.7583660411943,11809.651091541517,0.0,0.0,0.0,
coast,mppi_lqr,300.0,1800.0,0.1,0.2,5.0,5.5,10.0,10.0,10,100.0,inf,full,both,inf,180.0,0.01,0.0,0.0,256,20,3,0.5,0.1,0.99,10.0,256,20,0,512,0,0.0,5.5,299.7955896501336,12842.95507950636,0.0,0.0,0.0,
coast,mppi_lqr,300.0,1800.0,0.1,0.2,5.0,6.25,10.0,10.0,10,100.0,inf,full,both,inf,180.0,0.01,0.0,0.0,256,20,3,0.5,0.1,0.99,10.0,256,20,0,512,0,0.0,6.25,299.4310511363062,14028.422548015704,0.0,0.0,0.0,
coast,mppi_lqr,300.0,1800.0,0.1,0.2,5.0,7.5,10.0,10.0,10,100.0,inf,full,both,inf,180.0,0.01,0.0,0.0,256,20,3,0.5,0.1,0.99,10.0,256,20,0,512,0,0.0,7.5,299.26493048068033,16169.216893598845,0.0,0.0,0.0,
coast,mppi_lqr,300.0,1800.0,0.1,0.2,5.0,10.0,10.0,10.0,10,100.0,inf,full,both,inf,180.0,0.01,0.0,0.0,256,20,3,0.5,0.1,0.99,10.0,256,20,0,512,0,0.0,10.0,299.28209810309755,19935.768482899548,0.0,0.0,0.0,
coast,mppi_lqr,300.0,1800.0,0.1,0.2,5.0,inf,10.0,10.0,10,100.0,inf,full,both,inf,180.0,0.01,0.0,0.0,256,20,3,0.5,0.1,0.99,10.0,256,20,0,512,0,0.0,34.33697605975858,299.2868642583537,35591.10799201728,0.0,0.0,0.0,
coast,random,300.0,1800.0,0.1,0.025,5.0,1.25,10.0,10.0,10,100.0,inf,full,both,inf,180.0,0.01,0.0,0.0,256,20,3,0.5,0.1,0.99,10.0,256,20,0,512,0,0.0,1.25,277.6206651479955,1222.3893120727705,0.0,0.0,0.0,
coast,random,300.0,1800.0,0.1,0.025,5.0,2.5,10.0,10.0,10,100.0,inf,full,both,inf,180.0,0.01,0.0,0.0,256,20,3,0.5,0.1,0.99,10.0,256,20,0,512,0,0.0,2.5,276.91499910017154,1221.3372385256655,0.0,0.0,0.0,
coast,random,300.0,1800.0,0.1,0.025,5.0,3.75,10.0,10.0,10,100.0,inf,full,both,inf,180.0,0.01,0.0,0.0,256,20,3,0.5,0.1,0.99,10.0,256,20,0,512,0,0.0,3.3772589225770786,276.9564021565819,1221.9300918513493,0.0,0.0,0.0,
coast,random,300.0,1800.0,0.1,0.025,5.0,4.5,10.0,10.0,10,100.0,inf,full,both,inf,180.0,0.01,0.0,0.0,256,20,3,0.5,0.1,0.99,10.0,256,20,0,512,0,0.0,3.3772589225770786,276.9564021565819,1221.9300918513493,0.0,0.0,0.0,
coast,random,300.0,1800.0,0.1,0.025,5.0,5.0,10.0,10.0,10,100.0,inf,full,both,inf,180.0,0.01,0.0,0.0,256,20,3,0.5,0.1,0.99,10.0,256,20,0,512,0,0.0,3.3772589225770786,276.9564021565819,1221.9300918513493,0.0,0.0,0.0,
coast,random,300.0,1800.0,0.1,0.025,5.0,5.5,10.0,10.0,10,100.0,inf,full,both,inf,180.0,0.01,0.0,0.0,256,20,3,0.5,0.1,0.99,10.0,256,20,0,512,0,0.0,3.3772589225770786,276.9564021565819,1221.9300918513493,0.0,0.0,0.0,
coast,random,300.0,1800.0,0.1,0.025,5.0,6.25,10.0,10.0,10,100.0,inf,full,both,inf,180.0,0.01,0.0,0.0,256,20,3,0.5,0.1,0.99,10.0,256,20,0,512,0,0.0,3.3772589225770786,276.9564021565819,1221.9300918513493,0.0,0.0,0.0,
coast,random,300.0,1800.0,0.1,0.025,5.0,7.5,10.0,10.0,10,100.0,inf,full,both,inf,180.0,0.01,0.0,0.0,256,20,3,0.5,0.1,0.99,10.0,256,20,0,512,0,0.0,3.3772589225770786,276.9564021565819,1221.9300918513493,0.0,0.0,0.0,
coast,random,300.0,1800.0,0.1,0.025,5.0,10.0,10.0,10.0,10,100.0,inf,full,both,inf,180.0,0.01,0.0,0.0,256,20,3,0.5,0.1,0.99,10.0,256,20,0,512,0,0.0,3.3772589225770786,276.9564021565819,1221.9300918513493,0.0,0.0,0.0,
coast,random,300.0,1800.0,0.1,0.025,5.0,inf,10.0,10.0,10,100.0,inf,full,both,inf,180.0,0.01,0.0,0.0,256,20,3,0.5,0.1,0.99,10.0,256,20,0,512,0,0.0,3.3772589225770786,276.9564021565819,1221.9300918513493,0.0,0.0,0.0,
coast,random,300.0,1800.0,0.1,0.05,5.0,1.25,10.0,10.0,10,100.0,inf,full,both,inf,180.0,0.01,0.0,0.0,256,20,3,0.5,0.1,0.99,10.0,256,20,0,512,0,0.0,1.25,277.420079921191,1258.2663850554852,0.0,0.0,0.0,
coast,random,300.0,1800.0,0.1,0.05,5.0,2.5,10.0,10.0,10,100.0,inf,full,both,inf,180.0,0.01,0.0,0.0,256,20,3,0.5,0.1,0.99,10.0,256,20,0,512,0,0.0,2.5,276.30964232682305,1287.9973844925898,0.0,0.0,0.0,
coast,random,300.0,1800.0,0.1,0.05,5.0,3.75,10.0,10.0,10,100.0,inf,full,both,inf,180.0,0.01,0.0,0.0,256,20,3,0.5,0.1,0.99,10.0,256,20,0,512,0,0.0,3.75,275.8380070048843,1289.0481761653105,0.0,0.0,0.0,
coast,random,300.0,1800.0,0.1,0.05,5.0,4.5,10.0,10.0,10,100.0,inf,full,both,inf,180.0,0.01,0.0,0.0,256,20,3,0.5,0.1,0.99,10.0,256,20,0,512,0,0.0,4.5,275.67957002295424,1295.2378284005738,0.0,0.0,0.0,
coast,random,300.0,1800.0,0.1,0.05,5.0,5.0,10.0,10.0,10,100.0,inf,full,both,inf,180.0,0.01,0.0,0.0,256,20,3,0.5,0.1,0.99,10.0,256,20,0,512,0,0.0,5.0,275.5344318824665,1294.5016968862058,0.0,0.0,0.0,
coast,random,300.0,1800.0,0.1,0.05,5.0,5.5,10.0,10.0,10,100.0,inf,full,both,inf,180.0,0.01,0.0,0.0,256,20,3,0.5,0.1,0.99,10.0,256,20,0,512,0,0.0,5.5,275.4877079717814,1293.673682628881,0.0,0.0,0.0,
coast,random,300.0,1800.0,0.1,0.05,5.0,6.25,10.0,10.0,10,100.0,inf,full,both,inf,180.0,0.01,0.0,0.0,256,20,3,0.5,0.1,0.99,10.0,256,20,0,512,0,0.0,6.25,275.6011541575267,1295.7144910138402,0.0,0.0,0.0,
coast,random,300.0,1800.0,0.1,0.05,5.0,7.5,10.0,10.0,10,100.0,inf,full,both,inf,180.0,0.01,0.0,0.0,256,20,3,0.5,0.1,0.99,10.0,256,20,0,512,0,0.0,6.754517845154157,275.5938741895963,1295.7178476070978,0.0,0.0,0.0,
coast,random,300.0,1800.0,0.1,0.05,5.0,10.0,10.0,10.0,10,100.0,inf,full,both,inf,180.0,0.01,0.0,0.0,256,20,3,0.5,0.1,0.99,10.0,256,20,0,512,0,0.0,6.754517845154157,275.5938741895963,1295.7178476070978,0.0,0.0,0.0,
coast,random,300.0,1800.0,0.1,0.05,5.0,inf,10.0,10.0,10,100.0,inf,full,both,inf,180.0,0.01,0.0,0.0,256,20,3,0.5,0.1,0.99,10.0,256,20,0,512,0,0.0,6.754517845154157,275.5938741895963,1295.7178476070978,0.0,0.0,0.0,
coast,random,300.0,1800.0,0.1,0.075,5.0,1.25,10.0,10.0,10,100.0,inf,full,both,inf,180.0,0.01,0.0,0.0,256,20,3,0.5,0.1,0.99,10.0,256,20,0,512,0,0.0,1.25,275.5833041454828,1298.3445719005929,0.0,0.0,0.0,
coast,random,300.0,1800.0,0.1,0.075,5.0,2.5,10.0,10.0,10,100.0,inf,full,both,inf,180.0,0.01,0.0,0.0,256,20,3,0.5,0.1,0.99,10.0,256,20,0,512,1,0.0,2.5,273.08553003456296,1359.375746621663,0.0,0.0,0.001953125,780.0
coast,random,300.0,1800.0,0.1,0.075,5.0,3.75,10.0,10.0,10,100.0,inf,full,both,inf,180.0,0.01,0.0,0.0,256,20,3,0.5,0.1,0.99,10.0,256,20,0,512,0,0.0,3.75,273.8020329928523,1395.515986319388,0.0,0.0,0.0,
coast,random,300.0,1800.0,0.1,0.075,5.0,4.5,10.0,10.0,10,100.0,inf,full,both,inf,180.0,0.01,0.0,0.0,256,20,3,0.5,0.1,0.99,10.0,256,20,0,512,0,0.0,4.5,272.1881259432208,1400.063303392002,0.0,0.0,0.0,
coast,random,300.0,1800.0,0.1,0.075,5.0,5.0,10.0,10.0,10,100.0,inf,full,both,inf,180.0,0.01,0.0,0.0,256,20,3,0.5,0.1,0.99,10.0,256,20,0,512,0,0.0,5.0,272.26967451205866,1401.4796004378936,0.0,0.0,0.0,
coast,random,300.0,1800.0,0.1,0.075,5.0,5.5,10.0,10.0,10,100.0,inf,full,both,inf,180.0,0.01,0.0,0.0,256,20,3,0.5,0.1,0.99,10.0,256,20,0,512,0,0.0,5.5,271.7364324925114,1403.6206802614506,0.0,0.0,0.0,
coast,random,300.0,1800.0,0.1,0.075,5.0,6.25,10.0,10.0,10,100.0,inf,full,both,inf,180.0,0.01,0.0,0.0,256,20,3,0.5,0.1,0.99,10.0,256,20,0,512,0,0.0,6.25,271.2244411772364,1413.6912704338013,0.0,0.0,0.0,
coast,random,300.0,1800.0,0.1,0.075,5.0,7.5,10.0,10.0,10,100.0,inf,full,both,inf,180.0,0.01,0.0,0.0,256,20,3,0.5,0.1,0.99,10.0,256,20,0,512,0,0.0,7.5,269.70020785673387,1413.595189855877,0.0,0.0,0.0,
coast,random,300.0,1800.0,0.1,0.075,5.0,10.0,10.0,10.0,10,100.0,inf,full,both,inf,180.0,0.01,0.0,0.0,256,20,3,0.5,0.1,0.99,10.0,256,20,0,512,0,0.0,9.965554417415095,269.5906400781808,1415.596917822846,0.0,0.0,0.0,
coast,random,300.0,1800.0,0.1,0.075,5.0,inf,10.0,10.0,10,100.0,inf,full,both,inf,180.0,0.01,0.0,0.0,256,20,3,0.5,0.1,0.99,10.0,256,20,0,512,0,0.0,10.131776767731235,269.5898697807713,1415.5972313266034,0.0,0.0,0.0,
coast,random,300.0,1800.0,0.1,0.09,5.0,1.25,10.0,10.0,10,100.0,inf,full,both,inf,180.0,0.01,0.0,0.0,256,20,3,0.5,0.1,0.99,10.0,256,20,0,512,0,0.0,1.25,274.192625148397,1321.4389957889362,0.0,0.0,0.0,
coast,random,300.0,1800.0,0.1,0.09,5.0,2.5,10.0,10.0,10,100.0,inf,full,both,inf,180.0,0.01,0.0,0.0,256,20,3,0.5,0.1,0.99,10.0,256,20,0,512,0,0.0,2.5,272.8071246768,1399.1562603863838,0.0,0.0,0.0,
coast,random,300.0,1800.0,0.1,0.09,5.0,3.75,10.0,10.0,10,100.0,inf,full,both,inf,180.0,0.01,0.0,0.0,256,20,3,0.5,0.1,0.99,10.0,256,20,0,512,0,0.0,3.75,271.1177809602267,1454.454442197497,0.0,0.0,0.0,
coast,random,300.0,1800.0,0.1,0.09,5.0,4.5,10.0,10.0,10,100.0,inf,full,both,inf,180.0,0.01,0.0,0.0,256,20,3,0.5,0.1,0.99,10.0,256,20,0,512,0,0.0,4.5,271.0849107069732,1476.711597616463,0.0,0.0,0.0,
coast,random,300.0,1800.0,0.1,0.09,5.0,5.0,10.0,10.0,10,100.0,inf,full,both,inf,180.0,0.01,0.0,0.0,256,20,3,0.5,0.1,0.99,10.0,256,20,0,512,0,0.0,5.0,269.76913016092936,1489.478100716028,0.0,0.0,0.0,
coast,random,300.0,1800.0,0.1,0.09,5.0,5.5,10.0,10.0,10,100.0,inf,full,both,inf,180.0,0.01,0.0,0.0,256,20,3,0.5,0.1,0.99,10.0,256,20,0,512,0,0.0,5.5,269.2612055180042,1487.0815084149217,0.0,0.0,0.0,
coast,random,300.0,1800.0,0.1,0.09,5.0,6.25,10.0,10.0,10,100.0,inf,full,both,inf,180.0,0.01,0.0,0.0,256,20,3,0.5,0.1,0.99,10.0,256,20,0,512,0,0.0,6.25,269.5394326561493,1493.2379863146166,0.0,0.0,0.0,
coast,random,300.0,1800.0,0.1,0.09,5.0,7.5,10.0,10.0,10,100.0,inf,full,both,inf,180.0,0.01,0.0,0.0,256,20,3,0.5,0.1,0.99,10.0,256,20,0,512,0,0.0,7.5,268.31755872478624,1506.828462686001,0.0,0.0,0.0,
coast,random,300.0,1800.0,0.1,0.09,5.0,10.0,10.0,10.0,10,100.0,inf,full,both,inf,180.0,0.01,0.0,0.0,256,20,3,0.5,0.1,0.99,10.0,256,20,0,512,0,0.0,10.0,267.6069437387673,1507.8165704570774,0.0,0.0,0.0,
coast,random,300.0,1800.0,0.1,0.09,5.0,inf,10.0,10.0,10,100.0,inf,full,both,inf,180.0,0.01,0.0,0.0,256,20,3,0.5,0.1,0.99,10.0,256,20,0,512,0,0.0,12.158132121277484,267.76197566911384,1511.4547597300814,0.0,0.0,0.0,
coast,random,300.0,1800.0,0.1,0.1,5.0,1.25,10.0,10.0,10,100.0,inf,full,both,inf,180.0,0.01,0.0,0.0,256,20,3,0.5,0.1,0.99,10.0,256,20,0,512,0,0.0,1.25,273.9875387550717,1343.222654206915,0.0,0.0,0.0,
coast,random,300.0,1800.0,0.1,0.1,5.0,2.5,10.0,10.0,10,100.0,inf,full,both,inf,180.0,0.01,0.0,0.0,256,20,3,0.5,0.1,0.99,10.0,256,20,0,512,0,0.0,2.5,272.29796322560776,1427.5704287596284,0.0,0.0,0.0,
coast,random,300.0,1800.0,0.1,0.1,5.0,3.75,10.0,10.0,10,100.0,inf,full,both,inf,180.0,0.01,0.0,0.0,256,20,3,0.5,0.1,0.99,10.0,256,20,0,512,0,0.0,3.75,270.3131292396457,1490.5310253115065,0.0,0.0,0.0,
coast,random,300.0,1800.0,0.1,0.1,5.0,4.5,10.0,10.0,10,100.0,inf,full,both,inf,180.0,0.01,0.0,0.0,256,20,3,0.5,0.1,0.99,10.0,256,20,0,512,0,0.0,4.5,269.5773193380207,1529.5470026798273,0.0,0.0,0.0,
coast,random,300.0,1800.0,0.1,0.1,5.0,5.0,10.0,10.0,10,100.0,inf,full,both,inf,180.0,0.01,0.0,0.0,256,20,3,0.5,0.1,0.99,10.0,256,20,0,512,0,0.0,5.0,269.0832046526063,1537.0067321570964,0.0,0.0,0.0,
coast,random,300.0,1800.0,0.1,0.1,5.0,5.5,10.0,10.0,10,100.0,inf,full,both,inf,180.0,0.01,0.0,0.0,256,20,3,0.5,0.1,0.99,10.0,256,20,0,512,0,0.0,5.5,268.0431466332733,1552.5314010091458,0.0,0.0,0.0,
coast,random,300.0,1800.0,0.1,0.1,5.0,6.25,10.0,10.0,10,100.0,inf,full,both,inf,180.0,0.01,0.0,0.0,256,20,3,0.5,0.1,0.99,10.0,256,20,0,512,0,0.0,6.25,267.14875637867664,1550.3375389727732,0.0,0.0,0.0,
coast,random,300.0,1800.0,0.1,0.1,5.0,7.5,10.0,10.0,10,100.0,inf,full,both,inf,180.0,0.01,0.0,0.0,256,20,3,0.5,0.1,0.99,10.0,256,20,0,512,0,0.0,7.5,267.5416785912158,1560.5737827082064,0.0,0.0,0.0,
coast,random,300.0,1800.0,0.1,0.1,5.0,10.0,10.0,10.0,10,100.0,inf,full,both,inf,180.0,0.01,0.0,0.0,256,20,3,0.5,0.1,0.99,10.0,256,20,0,512,0,0.0,10.0,266.14879598477813,1578.6056609790933,0.0,0.0,0.0,
coast,random,300.0,1800.0,0.1,0.1,5.0,inf,10.0,10.0,10,100.0,inf,full,both,inf,180.0,0.01,0.0,0.0,256,20,3,0.5,0.1,0.99,10.0,256,20,0,512,0,0.0,13.509035690308314,266.3069573497154,1582.8816376785842,0.0,0.0,0.0,
coast,random,300.0,1800.0,0.1,0.11,5.0,1.25,10.0,10.0,10,100.0,inf,full,both,inf,180.0,0.01,0.0,0.0,256,20,3,0.5,0.1,0.99,10.0,256,20,0,512,0,0.0,1.25,273.7975208976084,1368.3123560453178,0.0,0.0,0.0,
coast,random,300.0,1800.0,0.1,0.11,5.0,2.5,10.0,10.0,10,100.0,inf,full,both,inf,180.0,0.01,0.0,0.0,256,20,3,0.5,0.1,0.99,10.0,256,20,0,512,0,0.0,2.5,271.88622637927443,1460.972563192804,0.0,0.0,0.0,
coast,random,300.0,1800.0,0.1,0.11,5.0,3.75,10.0,10.0,10,100.0,inf,full,both,inf,180.0,0.01,0.0,0.0,256,20,3,0.5,0.1,0.99,10.0,256,20,0,512,0,0.0,3.75,269.3544114479397,1540.295322582614,0.0,0.0,0.0,
coast,random,300.0,1800.0,0.1,0.11,5.0,4.5,10.0,10.0,10,100.0,inf,full,both,inf,180.0,0.01,0.0,0.0,256,20,3,0.5,0.1,0.99,10.0,256,20,0,512,0,0.0,4.5,268.5515468720452,1573.8555447445274,0.0,0.0,0.0,
coast,random,300.0,1800.0,0.1,0.11,5.0,5.0,10.0,10.0,10,100.0,inf,full,both,inf,180.0,0.01,0.0,0.0,256,20,3,0.5,0.1,0.99,10.0,256,20,0,512,0,0.0,5.0,267.925685989209,1595.3501990494008,0.0,0.0,0.0,
coast,random,300.0,1800.0,0.1,0.11,5.0,5.5,10.0,10.0,10,100.0,inf,full,both,inf,180.0,0.01,0.0,0.0,256,20,3,0.5,0.1,0.99,10.0,256,20,0,512,1,0.0,5.5,267.4395880321517,1601.6411417767504,0.0,0.0,0.001953125,990.0
coast,random,300.0,1800.0,0.1,0.11,5.0,6.25,10.0,10.0,10,100.0,inf,full,both,inf,180.0,0.01,0.0,0.0,256,20,3,0.5,0.1,0.99,10.0,256,20,0,512,0,0.0,6.25,267.108185220835,1627.9353504950532,0.0,0.0,0.0,
coast,random,300.0,1800.0,0.1,0.11,5.0,7.5,10.0,10.0,10,100.0,inf,full,both,inf,180.0,0.01,0.0,0.0,256,20,3,0.5,0.1,0.99,10.0,256,20,0,512,0,0.0,7.5,266.62617791871264,1626.3634276204914,0.0,0.0,0.0,
coast,random,300.0,1800.0,0.1,0.11,5.0,10.0,10.0,10.0,10,100.0,inf,full,both,inf,180.0,0.01,0.0,0.0,256,20,3,0.5,0.1,0.99,10.0,256,20,0,512,0,0.0,10.0,265.02903212553764,1654.1938834324592,0.0,0.0,0.0,
coast,random,300.0,1800.0,0.1,0.11,5.0,inf,10.0,10.0,10,100.0,inf,full,both,inf,180.0,0.01,0.0,0.0,256,20,3,0.5,0.1,0.99,10.0,256,20,0,512,0,0.0,14.859939259339148,264.6961510039341,1658.9894151972546,0.0,0.0,0.0,
coast,random,300.0,1800.0,0.1,0.125,5.0,1.25,10.0,10.0,10,100.0,inf,full,both,inf,180.0,0.01,0.0,0.0,256,20,3,0.5,0.1,0.99,10.0,256,20,0,512,0,0.0,1.25,272.97043134713647,1391.10682604482,0.0,0.0,0.0,
coast,random,300.0,1800.0,0.1,0.125,5.0,2.5,10.0,10.0,10,100.0,inf,full,both,inf,180.0,0.01,0.0,0.0,256,20,3,0.5,0.1,0.99,10.0,256,20,0,512,0,0.0,2.5,270.028198191261,1487.8600206073093,0.0,0.0,0.0,
coast,random,300.0,1800.0,0.1,0.125,5.0,3.75,10.0,10.0,10,100.0,inf,full,both,inf,180.0,0.01,0.0,0.0,256,20,3,0.5,0.1,0.99,10.0,256,20,0,512,0,0.0,3.75,267.944739828335,1592.327591981259,0.0,0.0,0.0,
coast,random,300.0,1800.0,0.1,0.125,5.0,4.5,10.0,10.0,10,100.0,inf,full,both,inf,180.0,0.01,0.0,0.0,256,20,3,0.5,0.1,0.99,10.0,256,20,0,512,0,0.0,4.5,267.6876820313181,1636.6433468090231,0.0,0.0,0.0,
coast,random,300.0,1800.0,0.1,0.125,5.0,5.0,10.0,10.0,10,100.0,inf,full,both,inf,180.0,0.01,0.0,0.0,256,20,3,0.5,0.1,0.99,10.0,256,20,0,512,0,0.0,5.0,267.0270644220252,1667.43570830527,0.0,0.0,0.0,
coast,random,300.0,1800.0,0.1,0.125,5.0,5.5,10.0,10.0,10,100.0,inf,full,both,inf,180.0,0.01,0.0,0.0,256,20,3,0.5,0.1,0.99,10.0,256,20,0,512,0,0.0,5.5,266.2747166687713,1694.7248322650807,0.0,0.0,0.0,
coast,random,300.0,1800.0,0.1,0.125,5.0,6.25,10.0,10.0,10,100.0,inf,full,both,inf,180.0,0.01,0.0,0.0,256,20,3,0.5,0.1,0.99,10.0,256,20,0,512,0,0.0,6.25,266.02997599826006,1709.9899170416525,0.0,0.0,0.0,
coast,random,300.0,1800.0,0.1,0.125,5.0,7.5,10.0,10.0,10,100.0,inf,full,both,inf,180.0,0.01,0.0,0.0,256,20,3,0.5,0.1,0.99,10.0,256,20,0,512,0,0.0,7.5,265.47687369166147,1734.0025329031807,0.0,0.0,0.0,
coast,random,300.0,1800.0,0.1,0.125,5.0,10.0,10.0,10.0,10,100.0,inf,full,both,inf,180.0,0.01,0.0,0.0,256,20,3,0.5,0.1,0.99,10.0,256,20,0,512,0,0.0,10.0,264.3768583851439,1762.0994699601683,0.0,0.0,0.0,
coast,random,300.0,1800.0,0.1,0.125,5.0,inf,10.0,10.0,10,100.0,inf,full,both,inf,180.0,0.01,0.0,0.0,256,20,3,0.5,0.1,0.99,10.0,256,20,0,512,0,0.0,16.886294612885393,262.8385334740606,1780.637113401076,0.0,0.0,0.0,
coast,random,300.0,1800.0,0.1,0.15,5.0,1.25,10.0,10.0,10,100.0,inf,full,both,inf,180.0,0.01,0.0,0.0,256,20,3,0.5,0.1,0.99,10.0,256,20,0,512,0,0.0,1.25,272.5070067202974,1447.3976763812532,0.0,0.0,0.0,
coast,random,300.0,1800.0,0.1,0.15,5.0,2.5,10.0,10.0,10,100.0,inf,full,both,inf,180.0,0.01,0.0,0.0,256,20,3,0.5,0.1,0.99,10.0,256,20,0,512,0,0.0,2.5,269.54611035888735,1561.8026517361347,0.0,0.0,0.0,
coast,random,300.0,1800.0,0.1,0.15,5.0,3.75,10.0,10.0,10,100.0,inf,full,both,inf,180.0,0.01,0.0,0.0,256,20,3,0.5,0.1,0.99,10.0,256,20,0,512,0,0.0,3.75,267.52970860470805,1686.803005205118,0.0,0.0,0.0,
coast,random,300.0,1800.0,0.1,0.15,5.0,4.5,10.0,10.0,10,100.0,inf,full,both,inf,180.0,0.01,0.0,0.0,256,20,3,0.5,0.1,0.99,10.0,256,20,0,512,0,0.0,4.5,266.2151301991997,1743.8999254773776,0.0,0.0,0.0,
coast,random,300.0,1800.0,0.1,0.15,5.0,5.0,10.0,10.0,10,100.0,inf,full,both,inf,180.0,0.01,0.0,0.0,256,20,3,0.5,0.1,0.99,10.0,256,20,0,512,0,0.0,5.0,266.69775236466705,1788.0502361086335,0.0,0.0,0.0,
coast,random,300.0,1800.0,0.1,0.15,5.0,5.5,10.0,10.0,10,100.0,inf,full,both,inf,180.0,0.01,0.0,0.0,256,20,3,0.5,0.1,0.99,10.0,256,20,0,512,0,0.0,5.5,265.20956562152423,1807.8431226607809,0.0,0.0,0.0,
coast,random,300.0,1800.0,0.1,0.15,5.0,6.25,10.0,10.0,10,100.0,inf,full,both,inf,180.0,0.01,0.0,0.0,256,20,3,0.5,0.1,0.99,10.0,256,20,0,512,0,0.0,6.25,265.2775701166958,1858.8052531116705,0.0,0.0,0.0,
coast,random,300.0,1800.0,0.1,0.15,5.0,7.5,10.0,10.0,10,100.0,inf,full,both,inf,180.0,0.01,0.0,0.0,256,20,3,0.5,0.1,0.99,10.0,256,20,0,512,0,0.0,7.5,265.34273526352933,1905.203712090204,0.0,0.0,0.0,
coast,random,300.0,1800.0,0.1,0.15,5.0,10.0,10.0,10.0,10,100.0,inf,full,both,inf,180.0,0.01,0.0,0.0,256,20,3,0.5,0.1,0.99,10.0,256,20,0,512,0,0.0,10.0,264.347936110936,1943.9010035473516,0.0,0.0,0.0,
coast,random,300.0,1800.0,0.1,0.15,5.0,inf,10.0,10.0,10,100.0,inf,full,both,inf,180.0,0.01,0.0,0.0,256,20,3,0.5,0.1,0.99,10.0,256,20,0,512,0,0.0,20.263553535462474,262.19006827246045,1999.5176672945497,0.0,0.0,0.0,
coast,random,300.0,1800.0,0.1,0.2,5.0,1.25,10.0,10.0,10,100.0,inf,full,both,inf,180.0,0.01,0.0,0.0,256,20,3,0.5,0.1,0.99,10.0,256,20,0,512,0,0.0,1.25,271.6794809671032,1492.230822813024,0.0,0.0,0.0,
coast,random,300.0,1800.0,0.1,0.2,5.0,2.5,10.0,10.0,10,100.0,inf,full,both,inf,180.0,0.01,0.0,0.0,256,20,3,0.5,0.1,0.99,10.0,256,20,0,512,1,0.0,2.5,268.5420857818833,1702.3288658160457,0.0,0.0,0.001953125,840.0
coast,random,300.0,1800.0,0.1,0.2,5.0,3.75,10.0,10.0,10,100.0,inf,full,both,inf,180.0,0.01,0.0,0.0,256,20,3,0.5,0.1,0.99,10.0,256,20,0,512,0,0.0,3.75,266.7797198861226,1854.2529503121057,0.0,0.0,0.0,
coast,random,300.0,1800.0,0.1,0.2,5.0,4.5,10.0,10.0,10,100.0,inf,full,both,inf,180.0,0.01,0.0,0.0,256,20,3,0.5,0.1,0.99,10.0,256,20,0,512,0,0.0,4.5,266.0734764191109,1961.9349525000075,0.0,0.0,0.0,
coast,random,300.0,1800.0,0.1,0.2,5.0,5.0,10.0,10.0,10,100.0,inf,full,both,inf,180.0,0.01,0.0,0.0,256,20,3,0.5,0.1,0.99,10.0,256,20,0,512,0,0.0,5.0,264.5853145889287,2002.0173625791367,0.0,0.0,0.0,
coast,random,300.0,1800.0,0.1,0.2,5.0,5.5,10.0,10.0,10,100.0,inf,full,both,inf,180.0,0.01,0.0,0.0,256,20,3,0.5,0.1,0.99,10.0,256,20,0,512,0,0.0,5.5,264.7012315268652,2043.9258653238169,0.0,0.0,0.0,
coast,random,300.0,1800.0,0.1,0.2,5.0,6.25,10.0,10.0,10,100.0,inf,full,both,inf,180.0,0.01,0.0,0.0,256,20,3,0.5,0.1,0.99,10.0,256,20,0,512,0,0.0,6.25,263.7694691917649,2123.1450711066886,0.0,0.0,0.0,
coast,random,300.0,1800.0,0.1,0.2,5.0,7.5,10.0,10.0,10,100.0,inf,full,both,inf,180.0,0.01,0.0,0.0,256,20,3,0.5,0.1,0.99,10.0,256,20,0,512,0,0.0,7.5,262.5355943518384,2204.9915393378333,0.0,0.0,0.0,
coast,random,300.0,1800.0,0.1,0.2,5.0,10.0,10.0,10.0,10,100.0,inf,full,both,inf,180.0,0.01,0.0,0.0,256,20,3,0.5,0.1,0.99,10.0,256,20,0,512,0,0.0,10.0,262.9247253377022,2330.250595579068,0.0,0.0,0.0,
coast,random,300.0,1800.0,0.1,0.2,5.0,inf,10.0,10.0,10,100.0,inf,full,both,inf,180.0,0.01,0.0,0.0,256,20,3,0.5,0.1,0.99,10.0,256,20,0,512,0,0.0,27.01807138061663,260.7570818985325,2476.3648607341947,0.0,0.0,0.0,
coast,transverse,300.0,1800.0,0.1,0.025,5.0,1.25,10.0,10.0,10,100.0,inf,full,both,inf,180.0,0.01,0.0,0.0,256,20,3,0.5,0.1,0.99,10.0,256,20,0,512,0,0.0,1.25,297.01300194582933,1660.0289538433967,0.0,0.0,0.0,
coast,transverse,300.0,1800.0,0.1,0.025,5.0,2.5,10.0,10.0,10,100.0,inf,full,both,inf,180.0,0.01,0.0,0.0,256,20,3,0.5,0.1,0.99,10.0,256,20,0,512,0,0.0,2.5,297.01300194582933,2435.091774746052,0.0,0.0,0.0,
coast,transverse,300.0,1800.0,0.1,0.025,5.0,3.75,10.0,10.0,10,100.0,inf,full,both,inf,180.0,0.01,0.0,0.0,256,20,3,0.5,0.1,0.99,10.0,256,20,0,512,0,0.0,3.75,297.01300194582933,2634.156278435325,0.0,0.0,0.0,
coast,transverse,300.0,1800.0,0.1,0.025,5.0,4.5,10.0,10.0,10,100.0,inf,full,both,inf,180.0,0.01,0.0,0.0,256,20,3,0.5,0.1,0.99,10.0,256,20,0,512,0,0.0,4.4999999999999964,297.01300194582933,2646.2917617053054,0.0,0.0,0.0,
coast,transverse,300.0,1800.0,0.1,0.025,5.0,5.0,10.0,10.0,10,100.0,inf,full,both,inf,180.0,0.01,0.0,0.0,256,20,3,0.5,0.1,0.99,10.0,256,20,0,512,0,0.0,4.4999999999999964,297.01300194582933,2646.2917617053054,0.0,0.0,0.0,
coast,transverse,300.0,1800.0,0.1,0.025,5.0,5.5,10.0,10.0,10,100.0,inf,full,both,inf,180.0,0.01,0.0,0.0,256,20,3,0.5,0.1,0.99,10.0,256,20,0,512,0,0.0,4.4999999999999964,297.01300194582933,2646.2917617053054,0.0,0.0,0.0,
coast,transverse,300.0,1800.0,0.1,0.025,5.0,6.25,10.0,10.0,10,100.0,inf,full,both,inf,180.0,0.01,0.0,0.0,256,20,3,0.5,0.1,0.99,10.0,256,20,0,512,0,0.0,4.4999999999999964,297.01300194582933,2646.2917617053054,0.0,0.0,0.0,
coast,transverse,300.0,1800.0,0.1,0.025,5.0,7.5,10.0,10.0,10,100.0,inf,full,both,inf,180.0,0.01,0.0,0.0,256,20,3,0.5,0.1,0.99,10.0,256,20,0,512,0,0.0,4.4999999999999964,297.01300194582933,2646.2917617053054,0.0,0.0,0.0,
coast,transverse,300.0,1800.0,0.1,0.025,5.0,10.0,10.0,10.0,10,100.0,inf,full,both,inf,180.0,0.01,0.0,0.0,256,20,3,0.5,0.1,0.99,10.0,256,20,0,512,0,0.0,4.4999999999999964,297.01300194582933,2646.2917617053054,0.0,0.0,0.0,
coast,transverse,300.0,1800.0,0.1,0.025,5.0,inf,10.0,10.0,10,100.0,inf,full,both,inf,180.0,0.01,0.0,0.0,256,20,3,0.5,0.1,0.99,10.0,256,20,0,512,0,0.0,4.4999999999999964,297.01300194582933,2646.2917617053054,0.0,0.0,0.0,
coast,transverse,300.0,1800.0,0.1,0.05,5.0,1.25,10.0,10.0,10,100.0,inf,full,both,inf,180.0,0.01,0.0,0.0,256,20,3,0.5,0.1,0.99,10.0,256,20,0,512,0,0.0,1.25,299.2333214731543,2109.7636836547226,0.0,0.0,0.0,
coast,transverse,300.0,1800.0,0.1,0.05,5.0,2.5,10.0,10.0,10,100.0,inf,full,both,inf,180.0,0.01,0.0,0.0,256,20,3,0.5,0.1,0.99,10.0,256,20,0,512,0,0.0,2.5,299.2333214731543,3712.027021218343,0.0,0.0,0.0,
coast,transverse,300.0,1800.0,0.1,0.05,5.0,3.75,10.0,10.0,10,100.0,inf,full,both,inf,180.0,0.01,0.0,0.0,256,20,3,0.5,0.1,0.99,10.0,256,20,0,512,0,0.0,3.75,299.2333214731543,4510.615807814779,0.0,0.0,0.0,
coast,transverse,300.0,1800.0,0.1,0.05,5.0,4.5,10.0,10.0,10,100.0,inf,full,both,inf,180.0,0.01,0.0,0.0,256,20,3,0.5,0.1,0.99,10.0,256,20,0,512,0,0.0,4.5,299.2333214731543,4796.754415749619,0.0,0.0,0.0,
coast,transverse,300.0,1800.0,0.1,0.05,5.0,5.0,10.0,10.0,10,100.0,inf,full,both,inf,180.0,0.01,0.0,0.0,256,20,3,0.5,0.1,0.99,10.0,256,20,0,512,0,0.0,5.0,299.2333214731543,4937.365785418664,0.0,0.0,0.0,
coast,transverse,300.0,1800.0,0.1,0.05,5.0,5.5,10.0,10.0,10,100.0,inf,full,both,inf,180.0,0.01,0.0,0.0,256,20,3,0.5,0.1,0.99,10.0,256,20,0,512,0,0.0,5.5,299.2333214731543,5046.584168467724,0.0,0.0,0.0,
coast,transverse,300.0,1800.0,0.1,0.05,5.0,6.25,10.0,10.0,10,100.0,inf,full,both,inf,180.0,0.01,0.0,0.0,256,20,3,0.5,0.1,0.99,10.0,256,20,0,512,0,0.0,6.25,299.2333214731543,5162.522707584711,0.0,0.0,0.0,
coast,transverse,300.0,1800.0,0.1,0.05,5.0,7.5,10.0,10.0,10,100.0,inf,full,both,inf,180.0,0.01,0.0,0.0,256,20,3,0.5,0.1,0.99,10.0,256,20,0,512,0,0.0,7.5,299.2333214731543,5259.242941858376,0.0,0.0,0.0,
coast,transverse,300.0,1800.0,0.1,0.05,5.0,10.0,10.0,10.0,10,100.0,inf,full,both,inf,180.0,0.01,0.0,0.0,256,20,3,0.5,0.1,0.99,10.0,256,20,0,512,0,0.0,8.999999999999993,299.2333214731543,5280.380747078023,0.0,0.0,0.0,
coast,transverse,300.0,1800.0,0.1,0.05,5.0,inf,10.0,10.0,10,100.0,inf,full,both,inf,180.0,0.01,0.0,0.0,256,20,3,0.5,0.1,0.99,10.0,256,20,0,512,0,0.0,8.999999999999993,299.2333214731543,5280.380747078023,0.0,0.0,0.0,
coast,transverse,300.0,1800.0,0.1,0.075,5.0,1.25,10.0,10.0,10,100.0,inf,full,both,inf,180.0,0.01,0.0,0.0,256,20,3,0.5,0.1,0.99,10.0,256,20,0,512,0,0.0,1.25,299.6637096336475,2283.8409165278817,0.0,0.0,0.0,
coast,transverse,300.0,1800.0,0.1,0.075,5.0,2.5,10.0,10.0,10,100.0,inf,full,both,inf,180.0,0.01,0.0,0.0,256,20,3,0.5,0.1,0.99,10.0,256,20,0,512,0,0.0,2.5,299.6637096336475,4367.581336896316,0.0,0.0,0.0,
coast,transverse,300.0,1800.0,0.1,0.075,5.0,3.75,10.0,10.0,10,100.0,inf,full,both,inf,180.0,0.01,0.0,0.0,256,20,3,0.5,0.1,0.99,10.0,256,20,0,512,0,0.0,3.75,299.6637096336475,5601.870923354785,0.0,0.0,0.0,
coast,transverse,300.0,1800.0,0.1,0.075,5.0,4.5,10.0,10.0,10,100.0,inf,full,both,inf,180.0,0.01,0.0,0.0,256,20,3,0.5,0.1,0.99,10.0,256,20,0,512,0,0.0,4.5,299.6637096336475,6098.629603052435,0.0,0.0,0.0,
coast,transverse,300.0,1800.0,0.1,0.075,5.0,5.0,10.0,10.0,10,100.0,inf,full,both,inf,180.0,0.01,0.0,0.0,256,20,3,0.5,0.1,0.99,10.0,256,20,0,512,0,0.0,5.0,299.6637096336475,6366.809332684891,0.0,0.0,0.0,
coast,transverse,300.0,1800.0,0.1,0.075,5.0,5.5,10.0,10.0,10,100.0,inf,full,both,inf,180.0,0.01,0.0,0.0,256,20,3,0.5,0.1,0.99,10.0,256,20,0,512,0,0.0,5.5,299.6637096336475,6597.150427064506,0.0,0.0,0.0,
coast,transverse,300.0,1800.0,0.1,0.075,5.0,6.25,10.0,10.0,10,100.0,inf,full,both,inf,180.0,0.01,0.0,0.0,256,20,3,0.5,0.1,0.99,10.0,256,20,0,512,0,0.0,6.25,299.6637096336475,6885.278460736803,0.0,0.0,0.0,
coast,transverse,300.0,1800.0,0.1,0.075,5.0,7.5,10.0,10.0,10,100.0,inf,full,both,inf,180.0,0.01,0.0,0.0,256,20,3,0.5,0.1,0.99,10.0,256,20,0,512,0,0.0,7.5,299.6637096336475,7245.26278706772,0.0,0.0,0.0,
coast,transverse,300.0,1800.0,0.1,0.075,5.0,10.0,10.0,10.0,10,100.0,inf,full,both,inf,180.0,0.01,0.0,0.0,256,20,3,0.5,0.1,0.99,10.0,256,20,0,512,0,0.0,10.0,299.6637096336475,7636.954870405632,0.0,0.0,0.0,
coast,transverse,300.0,1800.0,0.1,0.075,5.0,inf,10.0,10.0,10,100.0,inf,full,both,inf,180.0,0.01,0.0,0.0,256,20,3,0.5,0.1,0.99,10.0,256,20,0,512,0,0.0,13.49999999999996,299.6637096336475,7747.634831432053,0.0,0.0,0.0,
coast,transverse,300.0,1800.0,0.1,0.09,5.0,1.25,10.0,10.0,10,100.0,inf,full,both,inf,180.0,0.01,0.0,0.0,256,20,3,0.5,0.1,0.99,10.0,256,20,0,512,0,0.0,1.25,299.76953546973954,2345.353070156,0.0,0.0,0.0,
coast,transverse,300.0,1800.0,0.1,0.09,5.0,2.5,10.0,10.0,10,100.0,inf,full,both,inf,180.0,0.01,0.0,0.0,256,20,3,0.5,0.1,0.99,10.0,256,20,0,512,0,0.0,2.5,299.76953546973954,4622.394024236098,0.0,0.0,0.0,
coast,transverse,300.0,1800.0,0.1,0.09,5.0,3.75,10.0,10.0,10,100.0,inf,full,both,inf,180.0,0.01,0.0,0.0,256,20,3,0.5,0.1,0.99,10.0,256,20,0,512,0,0.0,3.75,299.76953546973954,6067.608236840585,0.0,0.0,0.0,
coast,transverse,300.0,1800.0,0.1,0.09,5.0,4.5,10.0,10.0,10,100.0,inf,full,both,inf,180.0,0.01,0.0,0.0,256,20,3,0.5,0.1,0.99,10.0,256,20,0,512,0,0.0,4.5,299.76953546973954,6670.450346107819,0.0,0.0,0.0,
coast,transverse,300.0,1800.0,0.1,0.09,5.0,5.0,10.0,10.0,10,100.0,inf,full,both,inf,180.0,0.01,0.0,0.0,256,20,3,0.5,0.1,0.99,10.0,256,20,0,512,0,0.0,5.0,299.76953546973954,7001.625027339503,0.0,0.0,0.0,
coast,transverse,300.0,1800.0,0.1,0.09,5.0,5.5,10.0,10.0,10,100.0,inf,full,both,inf,180.0,0.01,0.0,0.0,256,20,3,0.5,0.1,0.99,10.0,256,20,0,512,0,0.0,5.5,299.76953546973954,7291.489531151519,0.0,0.0,0.0,
coast,transverse,300.0,1800.0,0.1,0.09,5.0,6.25,10.0,10.0,10,100.0,inf,full,both,inf,180.0,0.01,0.0,0.0,256,20,3,0.5,0.1,0.99,10.0,256,20,0,512,0,0.0,6.25,299.76953546973954,7663.576709980276,0.0,0.0,0.0,
coast,transverse,300.0,1800.0,0.1,0.09,5.0,7.5,10.0,10.0,10,100.0,inf,full,both,inf,180.0,0.01,0.0,0.0,256,20,3,0.5,0.1,0.99,10.0,256,20,0,512,0,0.0,7.5,299.76953546973954,8156.894348257353,0.0,0.0,0.0,
coast,transverse,300.0,1800.0,0.1,0.09,5.0,10.0,10.0,10.0,10,100.0,inf,full,both,inf,180.0,0.01,0.0,0.0,256,20,3,0.5,0.1,0.99,10.0,256,20,0,512,0,0.0,10.0,299.76953546973954,8795.137386931661,0.0,0.0,0.0,
coast,transverse,300.0,1800.0,0.1,0.09,5.0,inf,10.0,10.0,10,100.0,inf,full,both,inf,180.0,0.01,0.0,0.0,256,20,3,0.5,0.1,0.99,10.0,256,20,0,512,0,0.0,16.19999999999998,299.76953546973954,9193.447809177567,0.0,0.0,0.0,
coast,transverse,300.0,1800.0,0.1,0.1,5.0,1.25,10.0,10.0,10,100.0,inf,full,both,inf,180.0,0.01,0.0,0.0,256,20,3,0.5,0.1,0.99,10.0,256,20,0,512,0,0.0,1.25,299.8152280966824,2374.325379778716,0.0,0.0,0.0,
coast,transverse,300.0,1800.0,0.1,0.1,5.0,2.5,10.0,10.0,10,100.0,inf,full,both,inf,180.0,0.01,0.0,0.0,256,20,3,0.5,0.1,0.99,10.0,256,20,0,512,0,0.0,2.5,299.8152280966824,4756.892842966297,0.0,0.0,0.0,
coast,transverse,300.0,1800.0,0.1,0.1,5.0,3.75,10.0,10.0,10,100.0,inf,full,both,inf,180.0,0.01,0.0,0.0,256,20,3,0.5,0.1,0.99,10.0,256,20,0,512,0,0.0,3.75,299.8152280966824,6327.945465267512,0.0,0.0,0.0,
coast,transverse,300.0,1800.0,0.1,0.1,5.0,4.5,10.0,10.0,10,100.0,inf,full,both,inf,180.0,0.01,0.0,0.0,256,20,3,0.5,0.1,0.99,10.0,256,20,0,512,0,0.0,4.5,299.8152280966824,6996.04295172364,0.0,0.0,0.0,
coast,transverse,300.0,1800.0,0.1,0.1,5.0,5.0,10.0,10.0,10,100.0,inf,full,both,inf,180.0,0.01,0.0,0.0,256,20,3,0.5,0.1,0.99,10.0,256,20,0,512,0,0.0,5.0,299.8152280966824,7366.402104578447,0.0,0.0,0.0,
coast,transverse,300.0,1800.0,0.1,0.1,5.0,5.5,10.0,10.0,10,100.0,inf,full,both,inf,180.0,0.01,0.0,0.0,256,20,3,0.5,0.1,0.99,10.0,256,20,0,512,0,0.0,5.5,299.8152280966824,7691.8839924394415,0.0,0.0,0.0,
coast,transverse,300.0,1800.0,0.1,0.1,5.0,6.25,10.0,10.0,10,100.0,inf,full,both,inf,180.0,0.01,0.0,0.0,256,20,3,0.5,0.1,0.99,10.0,256,20,0,512,0,0.0,6.25,299.8152280966824,8113.785058451865,0.0,0.0,0.0,
coast,transverse,300.0,1800.0,0.1,0.1,5.0,7.5,10.0,10.0,10,100.0,inf,full,both,inf,180.0,0.01,0.0,0.0,256,20,3,0.5,0.1,0.99,10.0,256,20,0,512,0,0.0,7.5,299.8152280966824,8685.418651020082,0.0,0.0,0.0,
coast,transverse,300.0,1800.0,0.1,0.1,5.0,10.0,10.0,10.0,10,100.0,inf,full,both,inf,180.0,0.01,0.0,0.0,256,20,3,0.5,0.1,0.99,10.0,256,20,0,512,0,0.0,10.0,299.8152280966824,9472.188895632842,0.0,0.0,0.0,
coast,transverse,300.0,1800.0,0.1,0.1,5.0,inf,10.0,10.0,10,100.0,inf,full,both,inf,180.0,0.01,0.0,0.0,256,20,3,0.5,0.1,0.99,10.0,256,20,0,512,0,0.0,17.999999999999986,299.8152280966824,10147.844589644825,0.0,0.0,0.0,
coast,transverse,300.0,1800.0,0.1,0.11,5.0,1.25,10.0,10.0,10,100.0,inf,full,both,inf,180.0,0.01,0.0,0.0,256,20,3,0.5,0.1,0.99,10.0,256,20,0,512,0,0.0,1.25,299.8490008616009,2400.1619842393334,0.0,0.0,0.0,
coast,transverse,300.0,1800.0,0.1,0.11,5.0,2.5,10.0,10.0,10,100.0,inf,full,both,inf,180.0,0.01,0.0,0.0,256,20,3,0.5,0.1,0.99,10.0,256,20,0,512,0,0.0,2.5,299.8490008616009,4871.961124068095,0.0,0.0,0.0,
coast,transverse,300.0,1800.0,0.1,0.11,5.0,3.75,10.0,10.0,10,100.0,inf,full,both,inf,180.0,0.01,0.0,0.0,256,20,3,0.5,0.1,0.99,10.0,256,20,0,512,0,0.0,3.75,299.8490008616009,6557.987491368507,0.0,0.0,0.0,
coast,transverse,300.0,1800.0,0.1,0.11,5.0,4.5,10.0,10.0,10,100.0,inf,full,both,inf,180.0,0.01,0.0,0.0,256,20,3,0.5,0.1,0.99,10.0,256,20,0,512,0,0.0,4.5,299.8490008616009,7284.921267995145,0.0,0.0,0.0,
coast,transverse,300.0,1800.0,0.1,0.11,5.0,5.0,10.0,10.0,10,100.0,inf,full,both,inf,180.0,0.01,0.0,0.0,256,20,3,0.5,0.1,0.99,10.0,256,20,0,512,0,0.0,5.0,299.8490008616009,7690.504227299223,0.0,0.0,0.0,
coast,transverse,300.0,1800.0,0.1,0.11,5.0,5.5,10.0,10.0,10,100.0,inf,full,both,inf,180.0,0.01,0.0,0.0,256,20,3,0.5,0.1,0.99,10.0,256,20,0,512,0,0.0,5.5,299.8490008616009,8049.899660028341,0.0,0.0,0.0,
coast,transverse,300.0,1800.0,0.1,0.11,5.0,6.25,10.0,10.0,10,100.0,inf,full,both,inf,180.0,0.01,0.0,0.0,256,20,3,0.5,0.1,0.99,10.0,256,20,0,512,0,0.0,6.25,299.8490008616009,8518.31349607527,0.0,0.0,0.0,
coast,transverse,300.0,1800.0,0.1,0.11,5.0,7.5,10.0,10.0,10,100.0,inf,full,both,inf,180.0,0.01,0.0,0.0,256,20,3,0.5,0.1,0.99,10.0,256,20,0,512,0,0.0,7.5,299.8490008616009,9161.952069863077,0.0,0.0,0.0,
coast,transverse,300.0,1800.0,0.1,0.11,5.0,10.0,10.0,10.0,10,100.0,inf,full,both,inf,180.0,0.01,0.0,0.0,256,20,3,0.5,0.1,0.99,10.0,256,20,0,512,0,0.0,10.0,299.8490008616009,10086.71279834896,0.0,0.0,0.0,
coast,transverse,300.0,1800.0,0.1,0.11,5.0,inf,10.0,10.0,10,100.0,inf,full,both,inf,180.0,0.01,0.0,0.0,256,20,3,0.5,0.1,0.99,10.0,256,20,0,512,0,0.0,19.79999999999995,299.8490008616009,11097.001284329104,0.0,0.0,0.0,
coast,transverse,300.0,1800.0,0.1,0.125,5.0,1.25,10.0,10.0,10,100.0,inf,full,both,inf,180.0,0.01,0.0,0.0,256,20,3,0.5,0.1,0.99,10.0,256,20,0,512,0,0.0,1.25,299.88520344997454,2432.794937028239,0.0,0.0,0.0,
coast,transverse,300.0,1800.0,0.1,0.125,5.0,2.5,10.0,10.0,10,100.0,inf,full,both,inf,180.0,0.01,0.0,0.0,256,20,3,0.5,0.1,0.99,10.0,256,20,0,512,0,0.0,2.5,299.88520344997454,5012.805996298615,0.0,0.0,0.0,
coast,transverse,300.0,1800.0,0.1,0.125,5.0,3.75,10.0,10.0,10,100.0,inf,full,both,inf,180.0,0.01,0.0,0.0,256,20,3,0.5,0.1,0.99,10.0,256,20,0,512,0,0.0,3.75,299.88520344997454,6850.232636883522,0.0,0.0,0.0,
coast,transverse,300.0,1800.0,0.1,0.125,5.0,4.5,10.0,10.0,10,100.0,inf,full,both,inf,180.0,0.01,0.0,0.0,256,20,3,0.5,0.1,0.99,10.0,256,20,0,512,0,0.0,4.5,299.88520344997454,7660.000253484936,0.0,0.0,0.0,
coast,transverse,300.0,1800.0,0.1,0.125,5.0,5.0,10.0,10.0,10,100.0,inf,full,both,inf,180.0,0.01,0.0,0.0,256,20,3,0.5,0.1,0.99,10.0,256,20,0,512,0,0.0,5.0,299.88520344997454,8115.904515772226,0.0,0.0,0.0,
coast,transverse,300.0,1800.0,0.1,0.125,5.0,5.5,10.0,10.0,10,100.0,inf,full,both,inf,180.0,0.01,0.0,0.0,256,20,3,0.5,0.1,0.99,10.0,256,20,0,512,0,0.0,5.5,299.88520344997454,8520.678364151025,0.0,0.0,0.0,
coast,transverse,300.0,1800.0,0.1,0.125,5.0,6.25,10.0,10.0,10,100.0,inf,full,both,inf,180.0,0.01,0.0,0.0,256,20,3,0.5,0.1,0.99,10.0,256,20,0,512,0,0.0,6.25,299.88520344997454,9052.926324614256,0.0,0.0,0.0,
coast,transverse,300.0,1800.0,0.1,0.125,5.0,7.5,10.0,10.0,10,100.0,inf,full,both,inf,180.0,0.01,0.0,0.0,256,20,3,0.5,0.1,0.99,10.0,256,20,0,512,0,0.0,7.5,299.88520344997454,9793.336240064094,0.0,0.0,0.0,
coast,transverse,300.0,1800.0,0.1,0.125,5.0,10.0,10.0,10.0,10,100.0,inf,full,both,inf,180.0,0.01,0.0,0.0,256,20,3,0.5,0.1,0.99,10.0,256,20,0,512,0,0.0,10.0,299.88520344997454,10904.914556635018,0.0,0.0,0.0,
coast,transverse,300.0,1800.0,0.1,0.125,5.0,inf,10.0,10.0,10,100.0,inf,full,both,inf,180.0,0.01,0.0,0.0,256,20,3,0.5,0.1,0.99,10.0,256,20,0,512,0,0.0,22.5,299.88520344997454,12511.705363994954,0.0,0.0,0.0,
coast,transverse,300.0,1800.0,0.1,0.15,5.0,1.25,10.0,10.0,10,100.0,inf,full,both,inf,180.0,0.01,0.0,0.0,256,20,3,0.5,0.1,0.99,10.0,256,20,0,512,0,0.0,1.25,299.9230711793842,2470.3707175724307,0.0,0.0,0.0,
coast,transverse,300.0,1800.0,0.1,0.15,5.0,2.5,10.0,10.0,10,100.0,inf,full,both,inf,180.0,0.01,0.0,0.0,256,20,3,0.5,0.1,0.99,10.0,256,20,0,512,0,0.0,2.5,299.9230711793842,5188.090138271349,0.0,0.0,0.0,
coast,transverse,300.0,1800.0,0.1,0.15,5.0,3.75,10.0,10.0,10,100.0,inf,full,both,inf,180.0,0.01,0.0,0.0,256,20,3,0.5,0.1,0.99,10.0,256,20,0,512,0,0.0,3.75,299.9230711793842,7240.28821626027,0.0,0.0,0.0,
coast,transverse,300.0,1800.0,0.1,0.15,5.0,4.5,10.0,10.0,10,100.0,inf,full,both,inf,180.0,0.01,0.0,0.0,256,20,3,0.5,0.1,0.99,10.0,256,20,0,512,0,0.0,4.5,299.9230711793842,8171.175775284493,0.0,0.0,0.0,
coast,transverse,300.0,1800.0,0.1,0.15,5.0,5.0,10.0,10.0,10,100.0,inf,full,both,inf,180.0,0.01,0.0,0.0,256,20,3,0.5,0.1,0.99,10.0,256,20,0,512,0,0.0,5.0,299.9230711793842,8699.449733909363,0.0,0.0,0.0,
coast,transverse,300.0,1800.0,0.1,0.15,5.0,5.5,10.0,10.0,10,100.0,inf,full,both,inf,180.0,0.01,0.0,0.0,256,20,3,0.5,0.1,0.99,10.0,256,20,0,512,0,0.0,5.5,299.9230711793842,9173.173757090124,0.0,0.0,0.0,
coast,transverse,300.0,1800.0,0.1,0.15,5.0,6.25,10.0,10.0,10,100.0,inf,full,both,inf,180.0,0.01,0.0,0.0,256,20,3,0.5,0.1,0.99,10.0,256,20,0,512,0,0.0,6.25,299.9230711793842,9801.261229620606,0.0,0.0,0.0,
coast,transverse,300.0,1800.0,0.1,0.15,5.0,7.5,10.0,10.0,10,100.0,inf,full,both,inf,180.0,0.01,0.0,0.0,256,20,3,0.5,0.1,0.99,10.0,256,20,0,512,0,0.0,7.5,299.9230711793842,10687.237776400429,0.0,0.0,0.0,
coast,transverse,300.0,1800.0,0.1,0.15,5.0,10.0,10.0,10.0,10,100.0,inf,full,both,inf,180.0,0.01,0.0,0.0,256,20,3,0.5,0.1,0.99,10.0,256,20,0,512,0,0.0,10.0,299.9230711793842,12066.612133971628,0.0,0.0,0.0,
coast,transverse,300.0,1800.0,0.1,0.15,5.0,inf,10.0,10.0,10,100.0,inf,full,both,inf,180.0,0.01,0.0,0.0,256,20,3,0.5,0.1,0.99,10.0,256,20,0,512,0,0.0,26.99999999999992,299.9230711793842,14856.36339991361,0.0,0.0,0.0,
coast,transverse,300.0,1800.0,0.1,0.2,5.0,1.25,10.0,10.0,10,100.0,inf,full,both,inf,180.0,0.01,0.0,0.0,256,20,3,0.5,0.1,0.99,10.0,256,20,0,512,0,0.0,1.25,299.960269056057,2522.194500479521,0.0,0.0,0.0,
coast,transverse,300.0,1800.0,0.1,0.2,5.0,2.5,10.0,10.0,10,100.0,inf,full,both,inf,180.0,0.01,0.0,0.0,256,20,3,0.5,0.1,0.99,10.0,256,20,0,512,0,0.0,2.5,299.960269056057,5417.010251660884,0.0,0.0,0.0,
coast,transverse,300.0,1800.0,0.1,0.2,5.0,3.75,10.0,10.0,10,100.0,inf,full,both,inf,180.0,0.01,0.0,0.0,256,20,3,0.5,0.1,0.99,10.0,256,20,0,512,0,0.0,3.75,299.960269056057,7782.445998748118,0.0,0.0,0.0,
coast,transverse,300.0,1800.0,0.1,0.2,5.0,4.5,10.0,10.0,10,100.0,inf,full,both,inf,180.0,0.01,0.0,0.0,256,20,3,0.5,0.1,0.99,10.0,256,20,0,512,0,0.0,4.5,299.960269056057,8911.120496709524,0.0,0.0,0.0,
coast,transverse,300.0,1800.0,0.1,0.2,5.0,5.0,10.0,10.0,10,100.0,inf,full,both,inf,180.0,0.01,0.0,0.0,256,20,3,0.5,0.1,0.99,10.0,256,20,0,512,0,0.0,5.0,299.960269056057,9567.65187999484,0.0,0.0,0.0,
coast,transverse,300.0,1800.0,0.1,0.2,5.0,5.5,10.0,10.0,10,100.0,inf,full,both,inf,180.0,0.01,0.0,0.0,256,20,3,0.5,0.1,0.99,10.0,256,20,0,512,0,0.0,5.5,299.960269056057,10153.4633681423,0.0,0.0,0.0,
coast,transverse,300.0,1800.0,0.1,0.2,5.0,6.25,10.0,10.0,10,100.0,inf,full,both,inf,180.0,0.01,0.0,0.0,256,20,3,0.5,0.1,0.99,10.0,256,20,0,512,0,0.0,6.25,299.960269056057,10939.412500787354,0.0,0.0,0.0,
coast,transverse,300.0,1800.0,0.1,0.2,5.0,7.5,10.0,10.0,10,100.0,inf,full,both,inf,180.0,0.01,0.0,0.0,256,20,3,0.5,0.1,0.99,10.0,256,20,0,512,0,0.0,7.5,299.960269056057,12056.933487772165,0.0,0.0,0.0,
coast,transverse,300.0,1800.0,0.1,0.2,5.0,10.0,10.0,10.0,10,100.0,inf,full,both,inf,180.0,0.01,0.0,0.0,256,20,3,0.5,0.1,0.99,10.0,256,20,0,512,0,0.0,10.0,299.960269056057,13854.14438821055,0.0,0.0,0.0,
coast,transverse,300.0,1800.0,0.1,0.2,5.0,inf,10.0,10.0,10,100.0,inf,full,both,inf,180.0,0.01,0.0,0.0,256,20,3,0.5,0.1,0.99,10.0,256,20,0,512,0,0.0,35.99999999999997,299.960269056057,19500.1941084367,0.0,0.0,0.0,
direct,flee,300.0,1800.0,0.1,0.025,5.0,1.25,10.0,10.0,10,100.0,inf,full,both,inf,180.0,0.01,0.0,0.0,256,20,3,0.5,0.1,0.99,10.0,256,20,0,512,8,4.965234375,1.24130859375,39.54860965844261,1389.16688356275,0.0,0.0,0.015625,280.0
direct,flee,300.0,1800.0,0.1,0.025,5.0,2.5,10.0,10.0,10,100.0,inf,full,both,inf,180.0,0.01,0.0,0.0,256,20,3,0.5,0.1,0.99,10.0,256,20,0,512,8,4.965234375,2.47177734375,39.54860965844261,2731.7582953534943,0.0,0.0,0.015625,280.0
direct,flee,300.0,1800.0,0.1,0.025,5.0,3.75,10.0,10.0,10,100.0,inf,full,both,inf,180.0,0.01,0.0,0.0,256,20,3,0.5,0.1,0.99,10.0,256,20,0,512,8,4.965234375,3.70224609375,39.54860965844261,3420.330110828784,0.0,0.0,0.015625,280.0
direct,flee,300.0,1800.0,0.1,0.025,5.0,4.5,10.0,10.0,10,100.0,inf,full,both,inf,180.0,0.01,0.0,0.0,256,20,3,0.5,0.1,0.99,10.0,256,20,0,512,8,4.965234375,4.440527343749997,39.54860965844261,3534.7163361816647,0.0,0.0,0.015625,280.0
direct,flee,300.0,1800.0,0.1,0.025,5.0,5.0,10.0,10.0,10,100.0,inf,full,both,inf,180.0,0.01,0.0,0.0,256,20,3,0.5,0.1,0.99,10.0,256,20,0,512,8,4.965234375,4.440527343749997,39.54860965844261,3534.7163361816647,0.0,0.0,0.015625,280.0
direct,flee,300.0,1800.0,0.1,0.025,5.0,5.5,10.0,10.0,10,100.0,inf,full,both,inf,180.0,0.01,0.0,0.0,256,20,3,0.5,0.1,0.99,10.0,256,20,0,512,8,4.965234375,4.440527343749997,39.54860965844261,3534.7163361816647,0.0,0.0,0.015625,280.0
direct,flee,300.0,1800.0,0.1,0.025,5.0,6.25,10.0,10.0,10,100.0,inf,full,both,inf,180.0,0.01,0.0,0.0,256,20,3,0.5,0.1,0.99,10.0,256,20,0,512,8,4.965234375,4.440527343749997,39.54860965844261,3534.7163361816647,0.0,0.0,0.015625,280.0
direct,flee,300.0,1800.0,0.1,0.025,5.0,7.5,10.0,10.0,10,100.0,inf,full,both,inf,180.0,0.01,0.0,0.0,256,20,3,0.5,0.1,0.99,10.0,256,20,0,512,8,4.965234375,4.440527343749997,39.54860965844261,3534.7163361816647,0.0,0.0,0.015625,280.0
direct,flee,300.0,1800.0,0.1,0.025,5.0,10.0,10.0,10.0,10,100.0,inf,full,both,inf,180.0,0.01,0.0,0.0,256,20,3,0.5,0.1,0.99,10.0,256,20,0,512,8,4.965234375,4.440527343749997,39.54860965844261,3534.7163361816647,0.0,0.0,0.015625,280.0
direct,flee,300.0,1800.0,0.1,0.025,5.0,inf,10.0,10.0,10,100.0,inf,full,both,inf,180.0,0.01,0.0,0.0,256,20,3,0.5,0.1,0.99,10.0,256,20,0,512,8,4.965234375,4.440527343749997,39.54860965844261,3534.7163361816647,0.0,0.0,0.015625,280.0
direct,flee,300.0,1800.0,0.1,0.05,5.0,1.25,10.0,10.0,10,100.0,inf,full,both,inf,180.0,0.01,0.0,0.0,256,20,3,0.5,0.1,0.99,10.0,256,20,0,512,9,4.9697265625,1.25,40.93401276548911,1446.637203575651,0.0,0.0,0.017578125,330.0
direct,flee,300.0,1800.0,0.1,0.05,5.0,2.5,10.0,10.0,10,100.0,inf,full,both,inf,180.0,0.01,0.0,0.0,256,20,3,0.5,0.1,0.99,10.0,256,20,0,512,2,4.993359375,2.4966796875,49.82950503606319,1839.295499219138,0.0,0.0,0.00390625,330.0
direct,flee,300.0,1800.0,0.1,0.05,5.0,3.75,10.0,10.0,10,100.0,inf,full,both,inf,180.0,0.01,0.0,0.0,256,20,3,0.5,0.1,0.99,10.0,256,20,0,512,2,4.993359375,3.741796875,49.82950503606319,3396.7720920887923,0.0,0.0,0.00390625,330.0
direct,flee,300.0,1800.0,0.1,0.05,5.0,4.5,10.0,10.0,10,100.0,inf,full,both,inf,180.0,0.01,0.0,0.0,256,20,3,0.5,0.1,0.99,10.0,256,20,0,512,2,4.993359375,4.4888671875,49.82950503606319,4164.4557280674735,0.0,0.0,0.00390625,330.0
direct,flee,300.0,1800.0,0.1,0.05,5.0,5.0,10.0,10.0,10,100.0,inf,full,both,inf,180.0,0.01,0.0,0.0,256,20,3,0.5,0.1,0.99,10.0,256,20,0,512,2,4.993359375,4.9869140625,49.82950503606319,4603.874982455689,0.0,0.0,0.00390625,330.0
direct,flee,300.0,1800.0,0.1,0.05,5.0,5.5,10.0,10.0,10,100.0,inf,full,both,inf,180.0,0.01,0.0,0.0,256,20,3,0.5,0.1,0.99,10.0,256,20,0,512,2,4.993359375,5.4849609375,49.82950503606319,4987.962512505906,0.0,0.0,0.00390625,330.0
direct,flee,300.0,1800.0,0.1,0.05,5.0,6.25,10.0,10.0,10,100.0,inf,full,both,inf,180.0,0.01,0.0,0.0,256,20,3,0.5,0.1,0.99,10.0,256,20,0,512,2,4.993359375,6.23203125,49.82950503606319,5464.28916198909,0.0,0.0,0.00390625,330.0
direct,flee,300.0,1800.0,0.1,0.05,5.0,7.5,10.0,10.0,10,100.0,inf,full,both,inf,180.0,0.01,0.0,0.0,256,20,3,0.5,0.1,0.99,10.0,256,20,0,512,2,4.993359375,7.4771484375,49.82950503606319,6001.747460482549,0.0,0.0,0.00390625,330.0
direct,flee,300.0,1800.0,0.1,0.05,5.0,10.0,10.0,10.0,10,100.0,inf,full,both,inf,180.0,0.01,0.0,0.0,256,20,3,0.5,0.1,0.99,10.0,256,20,0,512,2,4.993359375,8.971289062499993,49.82950503606319,6233.410510157074,0.0,0.0,0.00390625,330.0
direct,flee,300.0,1800.0,0.1,0.05,5.0,inf,10.0,10.0,10,100.0,inf,full,both,inf,180.0,0.01,0.0,0.0,256,20,3,0.5,0.1,0.99,10.0,256,20,0,512,2,4.993359375,8.971289062499993,49.82950503606319,6233.410510157074,0.0,0.0,0.00390625,330.0
direct,flee,300.0,1800.0,0.1,0.075,5.0,1.25,10.0,10.0,10,100.0,inf,full,both,inf,180.0,0.01,0.0,0.0,256,20,3,0.5,0.1,0.99,10.0,256,20,0,512,9,4.9736328125,1.25,36.57389065636738,1974.85961738128,0.0,0.0,0.017578125,350.0
direct,flee,300.0,1800.0,0.1,0.075,5.0,2.5,10.0,10.0,10,100.0,inf,full,both,inf,180.0,0.01,0.0,0.0,256,20,3,0.5,0.1,0.99,10.0,256,20,0,512,6,4.9919921875,2.5,44.820341747373256,2497.445006805504,0.0,0.0,0.01171875,430.0
direct,flee,300.0,1800.0,0.1,0.075,5.0,3.75,10.0,10.0,10,100.0,inf,full,both,inf,180.0,0.01,0.0,0.0,256,20,3,0.5,0.1,0.99,10.0,256,20,0,512,2,4.9984375,3.748828125,77.63230867999457,1593.212398857858,0.0,0.0,0.00390625,460.0
direct,flee,300.0,1800.0,0.1,0.075,5.0,4.5,10.0,10.0,10,100.0,inf,full,both,inf,180.0,0.01,0.0,0.0,256,20,3,0.5,0.1,0.99,10.0,256,20,0,512,2,4.9984375,4.4958984375,79.38531768895434,2385.921322602144,0.0,0.0,0.00390625,460.0
direct,flee,300.0,1800.0,0.1,0.075,5.0,5.0,10.0,10.0,10,100.0,inf,full,both,inf,180.0,0.01,0.0,0.0,256,20,3,0.5,0.1,0.99,10.0,256,20,0,512,2,4.9984375,4.9939453125,79.38531768895434,3071.871386345923,0.0,0.0,0.00390625,460.0
direct,flee,300.0,1800.0,0.1,0.075,5.0,5.5,10.0,10.0,10,100.0,inf,full,both,inf,180.0,0.01,0.0,0.0,256,20,3,0.5,0.1,0.99,10.0,256,20,0,512,2,4.9984375,5.4919921875,79.38531768895434,3710.035681189765,0.0,0.0,0.00390625,460.0
direct,flee,300.0,1800.0,0.1,0.075,5.0,6.25,10.0,10.0,10,100.0,inf,full,both,inf,180.0,0.01,0.0,0.0,256,20,3,0.5,0.1,0.99,10.0,256,20,0,512,2,4.9984375,6.2390625,79.38531768895434,4572.951898221482,0.0,0.0,0.00390625,460.0
direct,flee,300.0,1800.0,0.1,0.075,5.0,7.5,10.0,10.0,10,100.0,inf,full,both,inf,180.0,0.01,0.0,0.0,256,20,3,0.5,0.1,0.99,10.0,256,20,0,512,2,4.9984375,7.4841796875,79.38531768895434,5781.790519667897,0.0,0.0,0.00390625,460.0
direct,flee,300.0,1800.0,0.1,0.075,5.0,10.0,10.0,10.0,10,100.0,inf,full,both,inf,180.0,0.01,0.0,0.0,256,20,3,0.5,0.1,0.99,10.0,256,20,0,512,2,4.9984375,9.9744140625,79.38531768895434,7441.563959134627,0.0,0.0,0.00390625,460.0
direct,flee,300.0,1800.0,0.1,0.075,5.0,inf,10.0,10.0,10,100.0,inf,full,both,inf,180.0,0.01,0.0,0.0,256,20,3,0.5,0.1,0.99,10.0,256,20,0,512,2,4.9984375,13.46074218749996,79.38531768895434,8279.475411859075,0.0,0.0,0.00390625,460.0
direct,flee,300.0,1800.0,0.1,0.09,5.0,1.25,10.0,10.0,10,100.0,inf,full,both,inf,180.0,0.01,0.0,0.0,256,20,3,0.5,0.1,0.99,10.0,256,20,0,512,10,4.972265625,1.25,35.54648606390197,2145.3204480997247,0.0,0.0,0.01953125,360.0
direct,flee,300.0,1800.0,0.1,0.09,5.0,2.5,10.0,10.0,10,100.0,inf,full,both,inf,180.0,0.01,0.0,0.0,256,20,3,0.5,0.1,0.99,10.0,256,20,0,512,9,4.9931640625,2.5,39.58692971010695,2997.90802723364,0.0,0.0,0.017578125,460.0
direct,flee,300.0,1800.0,0.1,0.09,5.0,3.75,10.0,10.0,10,100.0,inf,full,both,inf,180.0,0.01,0.0,0.0,256,20,3,0.5,0.1,0.99,10.0,256,20,0,512,2,5.0,3.75,83.63127803980574,1452.7721353234592,0.0,0.0,0.00390625,570.0
direct,flee,300.0,1800.0,0.1,0.09,5.0,4.5,10.0,10.0,10,100.0,inf,full,both,inf,180.0,0.01,0.0,0.0,256,20,3,0.5,0.1,0.99,10.0,256,20,0,512,0,5.0,4.5,173.59979459629946,991.3864238493408,0.0,0.0,0.0,
direct,flee,300.0,1800.0,0.1,0.09,5.0,5.0,10.0,10.0,10,100.0,inf,full,both,inf,180.0,0.01,0.0,0.0,256,20,3,0.5,0.1,0.99,10.0,256,20,0,512,0,5.0,5.0,208.6269284520663,1296.649454579624,0.0,0.0,0.0,
direct,flee,300.0,1800.0,0.1,0.09,5.0,5.5,10.0,10.0,10,100.0,inf,full,both,inf,180.0,0.01,0.0,0.0,256,20,3,0.5,0.1,0.99,10.0,256,20,0,512,0,5.0,5.5,209.4657810603706,1898.630755104682,0.0,0.0,0.0,
direct,flee,300.0,1800.0,0.1,0.09,5.0,6.25,10.0,10.0,10,100.0,inf,full,both,inf,180.0,0.01,0.0,0.0,256,20,3,0.5,0.1,0.99,10.0,256,20,0,512,0,5.0,6.25,209.4657810603706,2857.5759426209866,0.0,0.0,0.0,
direct,flee,300.0,1800.0,0.1,0.09,5.0,7.5,10.0,10.0,10,100.0,inf,full,both,inf,180.0,0.01,0.0,0.0,256,20,3,0.5,0.1,0.99,10.0,256,20,0,512,0,5.0,7.5,209.4657810603706,4303.7135157323655,0.0,0.0,0.0,
direct,flee,300.0,1800.0,0.1,0.09,5.0,10.0,10.0,10.0,10,100.0,inf,full,both,inf,180.0,0.01,0.0,0.0,256,20,3,0.5,0.1,0.99,10.0,256,20,0,512,0,5.0,10.0,209.4657810603706,6505.56124496221,0.0,0.0,0.0,
direct,flee,300.0,1800.0,0.1,0.09,5.0,inf,10.0,10.0,10,100.0,inf,full,both,inf,180.0,0.01,0.0,0.0,256,20,3,0.5,0.1,0.99,10.0,256,20,0,512,0,5.0,16.19999999999998,209.4657810603706,8688.489108282376,0.0,0.0,0.0,
direct,flee,300.0,1800.0,0.1,0.1,5.0,1.25,10.0,10.0,10,100.0,inf,full,both,inf,180.0,0.01,0.0,0.0,256,20,3,0.5,0.1,0.99,10.0,256,20,0,512,10,4.97265625,1.25,35.07673411245868,2229.708511553945,0.0,0.0,0.01953125,360.0
direct,flee,300.0,1800.0,0.1,0.1,5.0,2.5,10.0,10.0,10,100.0,inf,full,both,inf,180.0,0.01,0.0,0.0,256,20,3,0.5,0.1,0.99,10.0,256,20,0,512,11,4.995703125,2.5,38.74017771029876,3144.57332510168,0.0,0.0,0.021484375,480.0
direct,flee,300.0,1800.0,0.1,0.1,5.0,3.75,10.0,10.0,10,100.0,inf,full,both,inf,180.0,0.01,0.0,0.0,256,20,3,0.5,0.1,0.99,10.0,256,20,0,512,2,5.0,3.75,91.65011599822915,1407.6967175009172,0.0,0.0,0.00390625,625.0
direct,flee,300.0,1800.0,0.1,0.1,5.0,4.5,10.0,10.0,10,100.0,inf,full,both,inf,180.0,0.01,0.0,0.0,256,20,3,0.5,0.1,0.99,10.0,256,20,0,512,1,5.0,4.5,205.2113561022821,931.3926793280422,0.0,0.0,0.001953125,1160.0
direct,flee,300.0,1800.0,0.1,0.1,5.0,5.0,10.0,10.0,10,100.0,inf,full,both,inf,180.0,0.01,0.0,0.0,256,20,3,0.5,0.1,0.99,10.0,256,20,0,512,0,5.0,5.0,279.26351828739814,1203.0079718974596,0.0,0.0,0.0,
direct,flee,300.0,1800.0,0.1,0.1,5.0,5.5,10.0,10.0,10,100.0,inf,full,both,inf,180.0,0.01,0.0,0.0,256,20,3,0.5,0.1,0.99,10.0,256,20,0,512,0,5.0,5.5,294.3097273364404,1790.980106816845,0.0,0.0,0.0,
direct,flee,300.0,1800.0,0.1,0.1,5.0,6.25,10.0,10.0,10,100.0,inf,full,both,inf,180.0,0.01,0.0,0.0,256,20,3,0.5,0.1,0.99,10.0,256,20,0,512,0,5.0,6.25,294.3097273364404,2749.189499562949,0.0,0.0,0.0,
direct,flee,300.0,1800.0,0.1,0.1,5.0,7.5,10.0,10.0,10,100.0,inf,full,both,inf,180.0,0.01,0.0,0.0,256,20,3,0.5,0.1,0.99,10.0,256,20,0,512,0,5.0,7.5,294.3097273364404,4240.245990848789,0.0,0.0,0.0,
direct,flee,300.0,1800.0,0.1,0.1,5.0,10.0,10.0,10.0,10,100.0,inf,full,both,inf,180.0,0.01,0.0,0.0,256,20,3,0.5,0.1,0.99,10.0,256,20,0,512,0,5.0,10.0,294.3097273364404,6654.241317719738,0.0,0.0,0.0,
direct,flee,300.0,1800.0,0.1,0.1,5.0,inf,10.0,10.0,10,100.0,inf,full,both,inf,180.0,0.01,0.0,0.0,256,20,3,0.5,0.1,0.99,10.0,256,20,0,512,0,5.0,17.999999999999986,294.3097273364404,9902.528122185626,0.0,0.0,0.0,
direct,flee,300.0,1800.0,0.1,0.11,5.0,1.25,10.0,10.0,10,100.0,inf,full,both,inf,180.0,0.01,0.0,0.0,256,20,3,0.5,0.1,0.99,10.0,256,20,0,512,11,4.9701171875,1.25,34.73093673848576,2295.720601026019,0.0,0.0,0.021484375,360.0
direct,flee,300.0,1800.0,0.1,0.11,5.0,2.5,10.0,10.0,10,100.0,inf,full,both,inf,180.0,0.01,0.0,0.0,256,20,3,0.5,0.1,0.99,10.0,256,20,0,512,12,4.99765625,2.5,38.81324582599312,3210.888974926278,0.0,0.0,0.0234375,490.0
direct,flee,300.0,1800.0,0.1,0.11,5.0,3.75,10.0,10.0,10,100.0,inf,full,both,inf,180.0,0.01,0.0,0.0,256,20,3,0.5,0.1,0.99,10.0,256,20,0,512,7,5.0,3.75,104.37726736073404,1357.968515353764,0.0,0.0,0.013671875,730.0
direct,flee,300.0,1800.0,0.1,0.11,5.0,4.5,10.0,10.0,10,100.0,inf,full,both,inf,180.0,0.01,0.0,0.0,256,20,3,0.5,0.1,0.99,10.0,256,20,0,512,0,5.0,4.5,222.9745933419228,965.3197622834,0.0,0.0,0.0,
direct,flee,300.0,1800.0,0.1,0.11,5.0,5.0,10.0,10.0,10,100.0,inf,full,both,inf,180.0,0.01,0.0,0.0,256,20,3,0.5,0.1,0.99,10.0,256,20,0,512,0,5.0,5.0,282.9785171393436,1270.2289890916772,0.0,0.0,0.0,
direct,flee,300.0,1800.0,0.1,0.11,5.0,5.5,10.0,10.0,10,100.0,inf,full,both,inf,180.0,0.01,0.0,0.0,256,20,3,0.5,0.1,0.99,10.0,256,20,0,512,0,5.0,5.5,300.0,1884.649884515096,0.0,0.0,0.0,
direct,flee,300.0,1800.0,0.1,0.11,5.0,6.25,10.0,10.0,10,100.0,inf,full,both,inf,180.0,0.01,0.0,0.0,256,20,3,0.5,0.1,0.99,10.0,256,20,0,512,0,5.0,6.25,300.0,2879.8933048811346,0.0,0.0,0.0,
direct,flee,300.0,1800.0,0.1,0.11,5.0,7.5,10.0,10.0,10,100.0,inf,full,both,inf,180.0,0.01,0.0,0.0,256,20,3,0.5,0.1,0.99,10.0,256,20,0,512,0,5.0,7.5,300.0,4446.994486737361,0.0,0.0,0.0,
direct,flee,300.0,1800.0,0.1,0.11,5.0,10.0,10.0,10.0,10,100.0,inf,full,both,inf,180.0,0.01,0.0,0.0,256,20,3,0.5,0.1,0.99,10.0,256,20,0,512,0,5.0,10.0,300.0,7071.3865396687925,0.0,0.0,0.0,
direct,flee,300.0,1800.0,0.1,0.11,5.0,inf,10.0,10.0,10,100.0,inf,full,both,inf,180.0,0.01,0.0,0.0,256,20,3,0.5,0.1,0.99,10.0,256,20,0,512,0,5.0,19.79999999999995,300.0,11500.740394616974,0.0,0.0,0.0,
direct,flee,300.0,1800.0,0.1,0.125,5.0,1.25,10.0,10.0,10,100.0,inf,full,both,inf,180.0,0.01,0.0,0.0,256,20,3,0.5,0.1,0.99,10.0,256,20,0,512,11,4.9716796875,1.25,34.366333776864664,2378.4116487866736,0.0,0.0,0.021484375,370.0
direct,flee,300.0,1800.0,0.1,0.125,5.0,2.5,10.0,10.0,10,100.0,inf,full,both,inf,180.0,0.01,0.0,0.0,256,20,3,0.5,0.1,0.99,10.0,256,20,0,512,25,5.0,2.5,39.81889402116503,3114.769752361011,0.0,0.0,0.048828125,500.0
direct,flee,300.0,1800.0,0.1,0.125,5.0,3.75,10.0,10.0,10,100.0,inf,full,both,inf,180.0,0.01,0.0,0.0,256,20,3,0.5,0.1,0.99,10.0,256,20,0,512,3,5.0,3.75,129.20770240611546,1343.4377118124655,0.0,0.0,0.005859375,710.0
direct,flee,300.0,1800.0,0.1,0.125,5.0,4.5,10.0,10.0,10,100.0,inf,full,both,inf,180.0,0.01,0.0,0.0,256,20,3,0.5,0.1,0.99,10.0,256,20,0,512,0,5.0,4.5,239.66900558101835,1062.1487549314488,0.0,0.0,0.0,
direct,flee,300.0,1800.0,0.1,0.125,5.0,5.0,10.0,10.0,10,100.0,inf,full,both,inf,180.0,0.01,0.0,0.0,256,20,3,0.5,0.1,0.99,10.0,256,20,0,512,0,5.0,5.0,284.11235579763,1427.4302776201966,0.0,0.0,0.0,
direct,flee,300.0,1800.0,0.1,0.125,5.0,5.5,10.0,10.0,10,100.0,inf,full,both,inf,180.0,0.01,0.0,0.0,256,20,3,0.5,0.1,0.99,10.0,256,20,0,512,0,5.0,5.5,300.0,2081.4694572357434,0.0,0.0,0.0,
direct,flee,300.0,1800.0,0.1,0.125,5.0,6.25,10.0,10.0,10,100.0,inf,full,both,inf,180.0,0.01,0.0,0.0,256,20,3,0.5,0.1,0.99,10.0,256,20,0,512,0,5.0,6.25,300.0,3132.800435039608,0.0,0.0,0.0,
direct,flee,300.0,1800.0,0.1,0.125,5.0,7.5,10.0,10.0,10,100.0,inf,full,both,inf,180.0,0.01,0.0,0.0,256,20,3,0.5,0.1,0.99,10.0,256,20,0,512,0,5.0,7.5,300.0,4808.6638853592885,0.0,0.0,0.0,
direct,flee,300.0,1800.0,0.1,0.125,5.0,10.0,10.0,10.0,10,100.0,inf,full,both,inf,180.0,0.01,0.0,0.0,256,20,3,0.5,0.1,0.99,10.0,256,20,0,512,0,5.0,10.0,300.0,7708.074123047307,0.0,0.0,0.0,
direct,flee,300.0,1800.0,0.1,0.125,5.0,inf,10.0,10.0,10,100.0,inf,full,both,inf,180.0,0.01,0.0,0.0,256,20,3,0.5,0.1,0.99,10.0,256,20,0,512,0,5.0,22.5,300.0,14064.441833115245,0.0,0.0,0.0,
direct,flee,300.0,1800.0,0.1,0.15,5.0,1.25,10.0,10.0,10,100.0,inf,full,both,inf,180.0,0.01,0.0,0.0,256,20,3,0.5,0.1,0.99,10.0,256,20,0,512,12,4.96953125,1.25,33.94831628343472,2471.948080478705,0.0,0.0,0.0234375,370.0
direct,flee,300.0,1800.0,0.1,0.15,5.0,2.5,10.0,10.0,10,100.0,inf,full,both,inf,180.0,0.01,0.0,0.0,256,20,3,0.5,0.1,0.99,10.0,256,20,0,512,33,5.0,2.5,42.30448175053039,3021.264398915272,0.0,0.0,0.064453125,540.0
direct,flee,300.0,1800.0,0.1,0.15,5.0,3.75,10.0,10.0,10,100.0,inf,full,both,inf,180.0,0.01,0.0,0.0,256,20,3,0.5,0.1,0.99,10.0,256,20,0,512,2,5.0,3.75,162.93265779992677,1338.468861406249,0.0,0.0,0.00390625,800.0
direct,flee,300.0,1800.0,0.1,0.15,5.0,4.5,10.0,10.0,10,100.0,inf,full,both,inf,180.0,0.01,0.0,0.0,256,20,3,0.5,0.1,0.99,10.0,256,20,0,512,0,5.0,4.5,255.74976660630597,1235.7919158006628,0.0,0.0,0.0,
direct,flee,300.0,1800.0,0.1,0.15,5.0,5.0,10.0,10.0,10,100.0,inf,full,both,inf,180.0,0.01,0.0,0.0,256,20,3,0.5,0.1,0.99,10.0,256,20,0,512,0,5.0,5.0,287.6632329846438,1681.5638460425002,0.0,0.0,0.0,
direct,flee,300.0,1800.0,0.1,0.15,5.0,5.5,10.0,10.0,10,100.0,inf,full,both,inf,180.0,0.01,0.0,0.0,256,20,3,0.5,0.1,0.99,10.0,256,20,0,512,0,5.0,5.5,300.0,2385.0151283433333,0.0,0.0,0.0,
direct,flee,300.0,1800.0,0.1,0.15,5.0,6.25,10.0,10.0,10,100.0,inf,full,both,inf,180.0,0.01,0.0,0.0,256,20,3,0.5,0.1,0.99,10.0,256,20,0,512,0,5.0,6.25,300.0,3513.2428753302074,0.0,0.0,0.0,
direct,flee,300.0,1800.0,0.1,0.15,5.0,7.5,10.0,10.0,10,100.0,inf,full,both,inf,180.0,0.01,0.0,0.0,256,20,3,0.5,0.1,0.99,10.0,256,20,0,512,0,5.0,7.5,300.0,5337.448989401742,0.0,0.0,0.0,
direct,flee,300.0,1800.0,0.1,0.15,5.0,10.0,10.0,10.0,10,100.0,inf,full,both,inf,180.0,0.01,0.0,0.0,256,20,3,0.5,0.1,0.99,10.0,256,20,0,512,0,5.0,10.0,300.0,8599.859382002942,0.0,0.0,0.0,
direct,flee,300.0,1800.0,0.1,0.15,5.0,inf,10.0,10.0,10,100.0,inf,full,both,inf,180.0,0.01,0.0,0.0,256,20,3,0.5,0.1,0.99,10.0,256,20,0,512,0,5.0,26.99999999999992,300.0,18455.766684114387,0.0,0.0,0.0,
direct,flee,300.0,1800.0,0.1,0.2,5.0,1.25,10.0,10.0,10,100.0,inf,full,both,inf,180.0,0.01,0.0,0.0,256,20,3,0.5,0.1,0.99,10.0,256,20,0,512,13,4.96796875,1.25,33.53032781603478,2588.565429773839,0.0,0.0,0.025390625,370.0
direct,flee,300.0,1800.0,0.1,0.2,5.0,2.5,10.0,10.0,10,100.0,inf,full,both,inf,180.0,0.01,0.0,0.0,256,20,3,0.5,0.1,0.99,10.0,256,20,0,512,31,5.0,2.5,47.39455357222911,2993.457571098395,0.0,0.0,0.060546875,550.0
direct,flee,300.0,1800.0,0.1,0.2,5.0,3.75,10.0,10.0,10,100.0,inf,full,both,inf,180.0,0.01,0.0,0.0,256,20,3,0.5,0.1,0.99,10.0,256,20,0,512,4,5.0,3.75,200.09707691233032,1377.3855244421725,0.0,0.0,0.0078125,845.0
direct,flee,300.0,1800.0,0.1,0.2,5.0,4.5,10.0,10.0,10,100.0,inf,full,both,inf,180.0,0.01,0.0,0.0,256,20,3,0.5,0.1,0.99,10.0,256,20,0,512,1,5.0,4.5,267.54351260018336,1508.2587129061535,0.0,0.0,0.001953125,1300.0
direct,flee,300.0,1800.0,0.1,0.2,5.0,5.0,10.0,10.0,10,100.0,inf,full,both,inf,180.0,0.01,0.0,0.0,256,20,3,0.5,0.1,0.99,10.0,256,20,0,512,0,5.0,5.0,290.519308866453,2053.8485865866264,0.0,0.0,0.0,
direct,flee,300.0,1800.0,0.1,0.2,5.0,5.5,10.0,10.0,10,100.0,inf,full,both,inf,180.0,0.01,0.0,0.0,256,20,3,0.5,0.1,0.99,10.0,256,20,0,512,0,5.0,5.5,300.0,2821.871039316356,0.0,0.0,0.0,
direct,flee,300.0,1800.0,0.1,0.2,5.0,6.25,10.0,10.0,10,100.0,inf,full,both,inf,180.0,0.01,0.0,0.0,256,20,3,0.5,0.1,0.99,10.0,256,20,0,512,0,5.0,6.25,300.0,4056.263590092016,0.0,0.0,0.0,
direct,flee,300.0,1800.0,0.1,0.2,5.0,7.5,10.0,10.0,10,100.0,inf,full,both,inf,180.0,0.01,0.0,0.0,256,20,3,0.5,0.1,0.99,10.0,256,20,0,512,0,5.0,7.5,300.0,6085.479453218224,0.0,0.0,0.0,
direct,flee,300.0,1800.0,0.1,0.2,5.0,10.0,10.0,10.0,10,100.0,inf,full,both,inf,180.0,0.01,0.0,0.0,256,20,3,0.5,0.1,0.99,10.0,256,20,0,512,0,5.0,10.0,300.0,9848.29273501072,0.0,0.0,0.0,
direct,flee,300.0,1800.0,0.1,0.2,5.0,inf,10.0,10.0,10,100.0,inf,full,both,inf,180.0,0.01,0.0,0.0,256,20,3,0.5,0.1,0.99,10.0,256,20,0,512,0,5.0,35.99999999999997,300.0,27343.917078334078,0.0,0.0,0.0,
direct,coast,300.0,1800.0,0.1,0.025,5.0,1.25,10.0,10.0,10,100.0,inf,full,both,inf,180.0,0.01,0.0,0.0,256,20,3,0.5,0.1,0.99,10.0,256,20,0,512,10,4.94921875,0.0,33.734038079871645,804.0550675958016,0.0,0.0,0.01953125,240.0
direct,coast,300.0,1800.0,0.1,0.025,5.0,2.5,10.0,10.0,10,100.0,inf,full,both,inf,180.0,0.01,0.0,0.0,256,20,3,0.5,0.1,0.99,10.0,256,20,0,512,10,4.94921875,0.0,33.734038079871645,804.0550675958016,0.0,0.0,0.01953125,240.0
direct,coast,300.0,1800.0,0.1,0.025,5.0,3.75,10.0,10.0,10,100.0,inf,full,both,inf,180.0,0.01,0.0,0.0,256,20,3,0.5,0.1,0.99,10.0,256,20,0,512,10,4.94921875,0.0,33.734038079871645,804.0550675958016,0.0,0.0,0.01953125,240.0
direct,coast,300.0,1800.0,0.1,0.025,5.0,4.5,10.0,10.0,10,100.0,inf,full,both,inf,180.0,0.01,0.0,0.0,256,20,3,0.5,0.1,0.99,10.0,256,20,0,512,10,4.94921875,0.0,33.734038079871645,804.0550675958016,0.0,0.0,0.01953125,240.0
direct,coast,300.0,1800.0,0.1,0.025,5.0,5.0,10.0,10.0,10,100.0,inf,full,both,inf,180.0,0.01,0.0,0.0,256,20,3,0.5,0.1,0.99,10.0,256,20,0,512,10,4.94921875,0.0,33.734038079871645,804.0550675958016,0.0,0.0,0.01953125,240.0
direct,coast,300.0,1800.0,0.1,0.025,5.0,5.5,10.0,10.0,10,100.0,inf,full,both,inf,180.0,0.01,0.0,0.0,256,20,3,0.5,0.1,0.99,10.0,256,20,0,512,10,4.94921875,0.0,33.734038079871645,804.0550675958016,0.0,0.0,0.01953125,240.0
direct,coast,300.0,1800.0,0.1,0.025,5.0,6.25,10.0,10.0,10,100.0,inf,full,both,inf,180.0,0.01,0.0,0.0,256,20,3,0.5,0.1,0.99,10.0,256,20,0,512,10,4.94921875,0.0,33.734038079871645,804.0550675958016,0.0,0.0,0.01953125,240.0
direct,coast,300.0,1800.0,0.1,0.025,5.0,7.5,10.0,10.0,10,100.0,inf,full,both,inf,180.0,0.01,0.0,0.0,256,20,3,0.5,0.1,0.99,10.0,256,20,0,512,10,4.94921875,0.0,33.734038079871645,804.0550675958016,0.0,0.0,0.01953125,240.0
direct,coast,300.0,1800.0,0.1,0.025,5.0,10.0,10.0,10.0,10,100.0,inf,full,both,inf,180.0,0.01,0.0,0.0,256,20,3,0.5,0.1,0.99,10.0,256,20,0,512,10,4.94921875,0.0,33.734038079871645,804.0550675958016,0.0,0.0,0.01953125,240.0
direct,coast,300.0,1800.0,0.1,0.025,5.0,inf,10.0,10.0,10,100.0,inf,full,both,inf,180.0,0.01,0.0,0.0,256,20,3,0.5,0.1,0.99,10.0,256,20,0,512,10,4.94921875,0.0,33.734038079871645,804.0550675958016,0.0,0.0,0.01953125,240.0
direct,coast,300.0,1800.0,0.1,0.05,5.0,1.25,10.0,10.0,10,100.0,inf,full,both,inf,180.0,0.01,0.0,0.0,256,20,3,0.5,0.1,0.99,10.0,256,20,0,512,10,4.94921875,0.0,33.734038079871645,804.0550675958016,0.0,0.0,0.01953125,240.0
direct,coast,300.0,1800.0,0.1,0.05,5.0,2.5,10.0,10.0,10,100.0,inf,full,both,inf,180.0,0.01,0.0,0.0,256,20,3,0.5,0.1,0.99,10.0,256,20,0,512,10,4.94921875,0.0,33.734038079871645,804.0550675958016,0.0,0.0,0.01953125,240.0
direct,coast,300.0,1800.0,0.1,0.05,5.0,3.75,10.0,10.0,10,100.0,inf,full,both,inf,180.0,0.01,0.0,0.0,256,20,3,0.5,0.1,0.99,10.0,256,20,0,512,10,4.94921875,0.0,33.734038079871645,804.0550675958016,0.0,0.0,0.01953125,240.0
direct,coast,300.0,1800.0,0.1,0.05,5.0,4.5,10.0,10.0,10,100.0,inf,full,both,inf,180.0,0.01,0.0,0.0,256,20,3,0.5,0.1,0.99,10.0,256,20,0,512,10,4.94921875,0.0,33.734038079871645,804.0550675958016,0.0,0.0,0.01953125,240.0
direct,coast,300.0,1800.0,0.1,0.05,5.0,5.0,10.0,10.0,10,100.0,inf,full,both,inf,180.0,0.01,0.0,0.0,256,20,3,0.5,0.1,0.99,10.0,256,20,0,512,10,4.94921875,0.0,33.734038079871645,804.0550675958016,0.0,0.0,0.01953125,240.0
direct,coast,300.0,1800.0,0.1,0.05,5.0,5.5,10.0,10.0,10,100.0,inf,full,both,inf,180.0,0.01,0.0,0.0,256,20,3,0.5,0.1,0.99,10.0,256,20,0,512,10,4.94921875,0.0,33.734038079871645,804.0550675958016,0.0,0.0,0.01953125,240.0
direct,coast,300.0,1800.0,0.1,0.05,5.0,6.25,10.0,10.0,10,100.0,inf,full,both,inf,180.0,0.01,0.0,0.0,256,20,3,0.5,0.1,0.99,10.0,256,20,0,512,10,4.94921875,0.0,33.734038079871645,804.0550675958016,0.0,0.0,0.01953125,240.0
direct,coast,300.0,1800.0,0.1,0.05,5.0,7.5,10.0,10.0,10,100.0,inf,full,both,inf,180.0,0.01,0.0,0.0,256,20,3,0.5,0.1,0.99,10.0,256,20,0,512,10,4.94921875,0.0,33.734038079871645,804.0550675958016,0.0,0.0,0.01953125,240.0
direct,coast,300.0,1800.0,0.1,0.05,5.0,10.0,10.0,10.0,10,100.0,inf,full,both,inf,180.0,0.01,0.0,0.0,256,20,3,0.5,0.1,0.99,10.0,256,20,0,512,10,4.94921875,0.0,33.734038079871645,804.0550675958016,0.0,0.0,0.01953125,240.0
direct,coast,300.0,1800.0,0.1,0.05,5.0,inf,10.0,10.0,10,100.0,inf,full,both,inf,180.0,0.01,0.0,0.0,256,20,3,0.5,0.1,0.99,10.0,256,20,0,512,10,4.94921875,0.0,33.734038079871645,804.0550675958016,0.0,0.0,0.01953125,240.0
direct,coast,300.0,1800.0,0.1,0.075,5.0,1.25,10.0,10.0,10,100.0,inf,full,both,inf,180.0,0.01,0.0,0.0,256,20,3,0.5,0.1,0.99,10.0,256,20,0,512,10,4.94921875,0.0,33.734038079871645,804.0550675958016,0.0,0.0,0.01953125,240.0
direct,coast,300.0,1800.0,0.1,0.075,5.0,2.5,10.0,10.0,10,100.0,inf,full,both,inf,180.0,0.01,0.0,0.0,256,20,3,0.5,0.1,0.99,10.0,256,20,0,512,10,4.94921875,0.0,33.734038079871645,804.0550675958016,0.0,0.0,0.01953125,240.0
direct,coast,300.0,1800.0,0.1,0.075,5.0,3.75,10.0,10.0,10,100.0,inf,full,both,inf,180.0,0.01,0.0,0.0,256,20,3,0.5,0.1,0.99,10.0,256,20,0,512,10,4.94921875,0.0,33.734038079871645,804.0550675958016,0.0,0.0,0.01953125,240.0
direct,coast,300.0,1800.0,0.1,0.075,5.0,4.5,10.0,10.0,10,100.0,inf,full,both,inf,180.0,0.01,0.0,0.0,256,20,3,0.5,0.1,0.99,10.0,256,20,0,512,10,4.94921875,0.0,33.734038079871645,804.0550675958016,0.0,0.0,0.01953125,240.0
direct,coast,300.0,1800.0,0.1,0.075,5.0,5.0,10.0,10.0,10,100.0,inf,full,both,inf,180.0,0.01,0.0,0.0,256,20,3,0.5,0.1,0.99,10.0,256,20,0,512,10,4.94921875,0.0,33.734038079871645,804.0550675958016,0.0,0.0,0.01953125,240.0
direct,coast,300.0,1800.0,0.1,0.075,5.0,5.5,10.0,10.0,10,100.0,inf,full,both,inf,180.0,0.01,0.0,0.0,256,20,3,0.5,0.1,0.99,10.0,256,20,0,512,10,4.94921875,0.0,33.734038079871645,804.0550675958016,0.0,0.0,0.01953125,240.0
direct,coast,300.0,1800.0,0.1,0.075,5.0,6.25,10.0,10.0,10,100.0,inf,full,both,inf,180.0,0.01,0.0,0.0,256,20,3,0.5,0.1,0.99,10.0,256,20,0,512,10,4.94921875,0.0,33.734038079871645,804.0550675958016,0.0,0.0,0.01953125,240.0
direct,coast,300.0,1800.0,0.1,0.075,5.0,7.5,10.0,10.0,10,100.0,inf,full,both,inf,180.0,0.01,0.0,0.0,256,20,3,0.5,0.1,0.99,10.0,256,20,0,512,10,4.94921875,0.0,33.734038079871645,804.0550675958016,0.0,0.0,0.01953125,240.0
direct,coast,300.0,1800.0,0.1,0.075,5.0,10.0,10.0,10.0,10,100.0,inf,full,both,inf,180.0,0.01,0.0,0.0,256,20,3,0.5,0.1,0.99,10.0,256,20,0,512,10,4.94921875,0.0,33.734038079871645,804.0550675958016,0.0,0.0,0.01953125,240.0
direct,coast,300.0,1800.0,0.1,0.075,5.0,inf,10.0,10.0,10,100.0,inf,full,both,inf,180.0,0.01,0.0,0.0,256,20,3,0.5,0.1,0.99,10.0,256,20,0,512,10,4.94921875,0.0,33.734038079871645,804.0550675958016,0.0,0.0,0.01953125,240.0
direct,coast,300.0,1800.0,0.1,0.09,5.0,1.25,10.0,10.0,10,100.0,inf,full,both,inf,180.0,0.01,0.0,0.0,256,20,3,0.5,0.1,0.99,10.0,256,20,0,512,10,4.94921875,0.0,33.734038079871645,804.0550675958016,0.0,0.0,0.01953125,240.0
direct,coast,300.0,1800.0,0.1,0.09,5.0,2.5,10.0,10.0,10,100.0,inf,full,both,inf,180.0,0.01,0.0,0.0,256,20,3,0.5,0.1,0.99,10.0,256,20,0,512,10,4.94921875,0.0,33.734038079871645,804.0550675958016,0.0,0.0,0.01953125,240.0
direct,coast,300.0,1800.0,0.1,0.09,5.0,3.75,10.0,10.0,10,100.0,inf,full,both,inf,180.0,0.01,0.0,0.0,256,20,3,0.5,0.1,0.99,10.0,256,20,0,512,10,4.94921875,0.0,33.734038079871645,804.0550675958016,0.0,0.0,0.01953125,240.0
direct,coast,300.0,1800.0,0.1,0.09,5.0,4.5,10.0,10.0,10,100.0,inf,full,both,inf,180.0,0.01,0.0,0.0,256,20,3,0.5,0.1,0.99,10.0,256,20,0,512,10,4.94921875,0.0,33.734038079871645,804.0550675958016,0.0,0.0,0.01953125,240.0
direct,coast,300.0,1800.0,0.1,0.09,5.0,5.0,10.0,10.0,10,100.0,inf,full,both,inf,180.0,0.01,0.0,0.0,256,20,3,0.5,0.1,0.99,10.0,256,20,0,512,10,4.94921875,0.0,33.734038079871645,804.0550675958016,0.0,0.0,0.01953125,240.0
direct,coast,300.0,1800.0,0.1,0.09,5.0,5.5,10.0,10.0,10,100.0,inf,full,both,inf,180.0,0.01,0.0,0.0,256,20,3,0.5,0.1,0.99,10.0,256,20,0,512,10,4.94921875,0.0,33.734038079871645,804.0550675958016,0.0,0.0,0.01953125,240.0
direct,coast,300.0,1800.0,0.1,0.09,5.0,6.25,10.0,10.0,10,100.0,inf,full,both,inf,180.0,0.01,0.0,0.0,256,20,3,0.5,0.1,0.99,10.0,256,20,0,512,10,4.94921875,0.0,33.734038079871645,804.0550675958016,0.0,0.0,0.01953125,240.0
direct,coast,300.0,1800.0,0.1,0.09,5.0,7.5,10.0,10.0,10,100.0,inf,full,both,inf,180.0,0.01,0.0,0.0,256,20,3,0.5,0.1,0.99,10.0,256,20,0,512,10,4.94921875,0.0,33.734038079871645,804.0550675958016,0.0,0.0,0.01953125,240.0
direct,coast,300.0,1800.0,0.1,0.09,5.0,10.0,10.0,10.0,10,100.0,inf,full,both,inf,180.0,0.01,0.0,0.0,256,20,3,0.5,0.1,0.99,10.0,256,20,0,512,10,4.94921875,0.0,33.734038079871645,804.0550675958016,0.0,0.0,0.01953125,240.0
direct,coast,300.0,1800.0,0.1,0.09,5.0,inf,10.0,10.0,10,100.0,inf,full,both,inf,180.0,0.01,0.0,0.0,256,20,3,0.5,0.1,0.99,10.0,256,20,0,512,10,4.94921875,0.0,33.734038079871645,804.0550675958016,0.0,0.0,0.01953125,240.0
direct,coast,300.0,1800.0,0.1,0.1,5.0,1.25,10.0,10.0,10,100.0,inf,full,both,inf,180.0,0.01,0.0,0.0,256,20,3,0.5,0.1,0.99,10.0,256,20,0,512,10,4.94921875,0.0,33.734038079871645,804.0550675958016,0.0,0.0,0.01953125,240.0
direct,coast,300.0,1800.0,0.1,0.1,5.0,2.5,10.0,10.0,10,100.0,inf,full,both,inf,180.0,0.01,0.0,0.0,256,20,3,0.5,0.1,0.99,10.0,256,20,0,512,10,4.94921875,0.0,33.734038079871645,804.0550675958016,0.0,0.0,0.01953125,240.0
direct,coast,300.0,1800.0,0.1,0.1,5.0,3.75,10.0,10.0,10,100.0,inf,full,both,inf,180.0,0.01,0.0,0.0,256,20,3,0.5,0.1,0.99,10.0,256,20,0,512,10,4.94921875,0.0,33.734038079871645,804.0550675958016,0.0,0.0,0.01953125,240.0
direct,coast,300.0,1800.0,0.1,0.1,5.0,4.5,10.0,10.0,10,100.0,inf,full,both,inf,180.0,0.01,0.0,0.0,256,20,3,0.5,0.1,0.99,10.0,256,20,0,512,10,4.94921875,0.0,33.734038079871645,804.0550675958016,0.0,0.0,0.01953125,240.0
direct,coast,300.0,1800.0,0.1,0.1,5.0,5.0,10.0,10.0,10,100.0,inf,full,both,inf,180.0,0.01,0.0,0.0,256,20,3,0.5,0.1,0.99,10.0,256,20,0,512,10,4.94921875,0.0,33.734038079871645,804.0550675958016,0.0,0.0,0.01953125,240.0
direct,coast,300.0,1800.0,0.1,0.1,5.0,5.5,10.0,10.0,10,100.0,inf,full,both,inf,180.0,0.01,0.0,0.0,256,20,3,0.5,0.1,0.99,10.0,256,20,0,512,10,4.94921875,0.0,33.734038079871645,804.0550675958016,0.0,0.0,0.01953125,240.0
direct,coast,300.0,1800.0,0.1,0.1,5.0,6.25,10.0,10.0,10,100.0,inf,full,both,inf,180.0,0.01,0.0,0.0,256,20,3,0.5,0.1,0.99,10.0,256,20,0,512,10,4.94921875,0.0,33.734038079871645,804.0550675958016,0.0,0.0,0.01953125,240.0
direct,coast,300.0,1800.0,0.1,0.1,5.0,7.5,10.0,10.0,10,100.0,inf,full,both,inf,180.0,0.01,0.0,0.0,256,20,3,0.5,0.1,0.99,10.0,256,20,0,512,10,4.94921875,0.0,33.734038079871645,804.0550675958016,0.0,0.0,0.01953125,240.0
direct,coast,300.0,1800.0,0.1,0.1,5.0,10.0,10.0,10.0,10,100.0,inf,full,both,inf,180.0,0.01,0.0,0.0,256,20,3,0.5,0.1,0.99,10.0,256,20,0,512,10,4.94921875,0.0,33.734038079871645,804.0550675958016,0.0,0.0,0.01953125,240.0
direct,coast,300.0,1800.0,0.1,0.1,5.0,inf,10.0,10.0,10,100.0,inf,full,both,inf,180.0,0.01,0.0,0.0,256,20,3,0.5,0.1,0.99,10.0,256,20,0,512,10,4.94921875,0.0,33.734038079871645,804.0550675958016,0.0,0.0,0.01953125,240.0
direct,coast,300.0,1800.0,0.1,0.11,5.0,1.25,10.0,10.0,10,100.0,inf,full,both,inf,180.0,0.01,0.0,0.0,256,20,3,0.5,0.1,0.99,10.0,256,20,0,512,10,4.94921875,0.0,33.734038079871645,804.0550675958016,0.0,0.0,0.01953125,240.0
direct,coast,300.0,1800.0,0.1,0.11,5.0,2.5,10.0,10.0,10,100.0,inf,full,both,inf,180.0,0.01,0.0,0.0,256,20,3,0.5,0.1,0.99,10.0,256,20,0,512,10,4.94921875,0.0,33.734038079871645,804.0550675958016,0.0,0.0,0.01953125,240.0
direct,coast,300.0,1800.0,0.1,0.11,5.0,3.75,10.0,10.0,10,100.0,inf,full,both,inf,180.0,0.01,0.0,0.0,256,20,3,0.5,0.1,0.99,10.0,256,20,0,512,10,4.94921875,0.0,33.734038079871645,804.0550675958016,0.0,0.0,0.01953125,240.0
direct,coast,300.0,1800.0,0.1,0.11,5.0,4.5,10.0,10.0,10,100.0,inf,full,both,inf,180.0,0.01,0.0,0.0,256,20,3,0.5,0.1,0.99,10.0,256,20,0,512,10,4.94921875,0.0,33.734038079871645,804.0550675958016,0.0,0.0,0.01953125,240.0
direct,coast,300.0,1800.0,0.1,0.11,5.0,5.0,10.0,10.0,10,100.0,inf,full,both,inf,180.0,0.01,0.0,0.0,256,20,3,0.5,0.1,0.99,10.0,256,20,0,512,10,4.94921875,0.0,33.734038079871645,804.0550675958016,0.0,0.0,0.01953125,240.0
direct,coast,300.0,1800.0,0.1,0.11,5.0,5.5,10.0,10.0,10,100.0,inf,full,both,inf,180.0,0.01,0.0,0.0,256,20,3,0.5,0.1,0.99,10.0,256,20,0,512,10,4.94921875,0.0,33.734038079871645,804.0550675958016,0.0,0.0,0.01953125,240.0
direct,coast,300.0,1800.0,0.1,0.11,5.0,6.25,10.0,10.0,10,100.0,inf,full,both,inf,180.0,0.01,0.0,0.0,256,20,3,0.5,0.1,0.99,10.0,256,20,0,512,10,4.94921875,0.0,33.734038079871645,804.0550675958016,0.0,0.0,0.01953125,240.0
direct,coast,300.0,1800.0,0.1,0.11,5.0,7.5,10.0,10.0,10,100.0,inf,full,both,inf,180.0,0.01,0.0,0.0,256,20,3,0.5,0.1,0.99,10.0,256,20,0,512,10,4.94921875,0.0,33.734038079871645,804.0550675958016,0.0,0.0,0.01953125,240.0
direct,coast,300.0,1800.0,0.1,0.11,5.0,10.0,10.0,10.0,10,100.0,inf,full,both,inf,180.0,0.01,0.0,0.0,256,20,3,0.5,0.1,0.99,10.0,256,20,0,512,10,4.94921875,0.0,33.734038079871645,804.0550675958016,0.0,0.0,0.01953125,240.0
direct,coast,300.0,1800.0,0.1,0.11,5.0,inf,10.0,10.0,10,100.0,inf,full,both,inf,180.0,0.01,0.0,0.0,256,20,3,0.5,0.1,0.99,10.0,256,20,0,512,10,4.94921875,0.0,33.734038079871645,804.0550675958016,0.0,0.0,0.01953125,240.0
direct,coast,300.0,1800.0,0.1,0.125,5.0,1.25,10.0,10.0,10,100.0,inf,full,both,inf,180.0,0.01,0.0,0.0,256,20,3,0.5,0.1,0.99,10.0,256,20,0,512,10,4.94921875,0.0,33.734038079871645,804.0550675958016,0.0,0.0,0.01953125,240.0
direct,coast,300.0,1800.0,0.1,0.125,5.0,2.5,10.0,10.0,10,100.0,inf,full,both,inf,180.0,0.01,0.0,0.0,256,20,3,0.5,0.1,0.99,10.0,256,20,0,512,10,4.94921875,0.0,33.734038079871645,804.0550675958016,0.0,0.0,0.01953125,240.0
direct,coast,300.0,1800.0,0.1,0.125,5.0,3.75,10.0,10.0,10,100.0,inf,full,both,inf,180.0,0.01,0.0,0.0,256,20,3,0.5,0.1,0.99,10.0,256,20,0,512,10,4.94921875,0.0,33.734038079871645,804.0550675958016,0.0,0.0,0.01953125,240.0
direct,coast,300.0,1800.0,0.1,0.125,5.0,4.5,10.0,10.0,10,100.0,inf,full,both,inf,180.0,0.01,0.0,0.0,256,20,3,0.5,0.1,0.99,10.0,256,20,0,512,10,4.94921875,0.0,33.734038079871645,804.0550675958016,0.0,0.0,0.01953125,240.0
direct,coast,300.0,1800.0,0.1,0.125,5.0,5.0,10.0,10.0,10,100.0,inf,full,both,inf,180.0,0.01,0.0,0.0,256,20,3,0.5,0.1,0.99,10.0,256,20,0,512,10,4.94921875,0.0,33.734038079871645,804.0550675958016,0.0,0.0,0.01953125,240.0
direct,coast,300.0,1800.0,0.1,0.125,5.0,5.5,10.0,10.0,10,100.0,inf,full,both,inf,180.0,0.01,0.0,0.0,256,20,3,0.5,0.1,0.99,10.0,256,20,0,512,10,4.94921875,0.0,33.734038079871645,804.0550675958016,0.0,0.0,0.01953125,240.0
direct,coast,300.0,1800.0,0.1,0.125,5.0,6.25,10.0,10.0,10,100.0,inf,full,both,inf,180.0,0.01,0.0,0.0,256,20,3,0.5,0.1,0.99,10.0,256,20,0,512,10,4.94921875,0.0,33.734038079871645,804.0550675958016,0.0,0.0,0.01953125,240.0
direct,coast,300.0,1800.0,0.1,0.125,5.0,7.5,10.0,10.0,10,100.0,inf,full,both,inf,180.0,0.01,0.0,0.0,256,20,3,0.5,0.1,0.99,10.0,256,20,0,512,10,4.94921875,0.0,33.734038079871645,804.0550675958016,0.0,0.0,0.01953125,240.0
direct,coast,300.0,1800.0,0.1,0.125,5.0,10.0,10.0,10.0,10,100.0,inf,full,both,inf,180.0,0.01,0.0,0.0,256,20,3,0.5,0.1,0.99,10.0,256,20,0,512,10,4.94921875,0.0,33.734038079871645,804.0550675958016,0.0,0.0,0.01953125,240.0
direct,coast,300.0,1800.0,0.1,0.125,5.0,inf,10.0,10.0,10,100.0,inf,full,both,inf,180.0,0.01,0.0,0.0,256,20,3,0.5,0.1,0.99,10.0,256,20,0,512,10,4.94921875,0.0,33.734038079871645,804.0550675958016,0.0,0.0,0.01953125,240.0
direct,coast,300.0,1800.0,0.1,0.15,5.0,1.25,10.0,10.0,10,100.0,inf,full,both,inf,180.0,0.01,0.0,0.0,256,20,3,0.5,0.1,0.99,10.0,256,20,0,512,10,4.94921875,0.0,33.734038079871645,804.0550675958016,0.0,0.0,0.01953125,240.0
direct,coast,300.0,1800.0,0.1,0.15,5.0,2.5,10.0,10.0,10,100.0,inf,full,both,inf,180.0,0.01,0.0,0.0,256,20,3,0.5,0.1,0.99,10.0,256,20,0,512,10,4.94921875,0.0,33.734038079871645,804.0550675958016,0.0,0.0,0.01953125,240.0
direct,coast,300.0,1800.0,0.1,0.15,5.0,3.75,10.0,10.0,10,100.0,inf,full,both,inf,180.0,0.01,0.0,0.0,256,20,3,0.5,0.1,0.99,10.0,256,20,0,512,10,4.94921875,0.0,33.734038079871645,804.0550675958016,0.0,0.0,0.01953125,240.0
direct,coast,300.0,1800.0,0.1,0.15,5.0,4.5,10.0,10.0,10,100.0,inf,full,both,inf,180.0,0.01,0.0,0.0,256,20,3,0.5,0.1,0.99,10.0,256,20,0,512,10,4.94921875,0.0,33.734038079871645,804.0550675958016,0.0,0.0,0.01953125,240.0
direct,coast,300.0,1800.0,0.1,0.15,5.0,5.0,10.0,10.0,10,100.0,inf,full,both,inf,180.0,0.01,0.0,0.0,256,20,3,0.5,0.1,0.99,10.0,256,20,0,512,10,4.94921875,0.0,33.734038079871645,804.0550675958016,0.0,0.0,0.01953125,240.0
direct,coast,300.0,1800.0,0.1,0.15,5.0,5.5,10.0,10.0,10,100.0,inf,full,both,inf,180.0,0.01,0.0,0.0,256,20,3,0.5,0.1,0.99,10.0,256,20,0,512,10,4.94921875,0.0,33.734038079871645,804.0550675958016,0.0,0.0,0.01953125,240.0
direct,coast,300.0,1800.0,0.1,0.15,5.0,6.25,10.0,10.0,10,100.0,inf,full,both,inf,180.0,0.01,0.0,0.0,256,20,3,0.5,0.1,0.99,10.0,256,20,0,512,10,4.94921875,0.0,33.734038079871645,804.0550675958016,0.0,0.0,0.01953125,240.0
direct,coast,300.0,1800.0,0.1,0.15,5.0,7.5,10.0,10.0,10,100.0,inf,full,both,inf,180.0,0.01,0.0,0.0,256,20,3,0.5,0.1,0.99,10.0,256,20,0,512,10,4.94921875,0.0,33.734038079871645,804.0550675958016,0.0,0.0,0.01953125,240.0
direct,coast,300.0,1800.0,0.1,0.15,5.0,10.0,10.0,10.0,10,100.0,inf,full,both,inf,180.0,0.01,0.0,0.0,256,20,3,0.5,0.1,0.99,10.0,256,20,0,512,10,4.94921875,0.0,33.734038079871645,804.0550675958016,0.0,0.0,0.01953125,240.0
direct,coast,300.0,1800.0,0.1,0.15,5.0,inf,10.0,10.0,10,100.0,inf,full,both,inf,180.0,0.01,0.0,0.0,256,20,3,0.5,0.1,0.99,10.0,256,20,0,512,10,4.94921875,0.0,33.734038079871645,804.0550675958016,0.0,0.0,0.01953125,240.0
direct,coast,300.0,1800.0,0.1,0.2,5.0,1.25,10.0,10.0,10,100.0,inf,full,both,inf,180.0,0.01,0.0,0.0,256,20,3,0.5,0.1,0.99,10.0,256,20,0,512,10,4.94921875,0.0,33.734038079871645,804.0550675958016,0.0,0.0,0.01953125,240.0
direct,coast,300.0,1800.0,0.1,0.2,5.0,2.5,10.0,10.0,10,100.0,inf,full,both,inf,180.0,0.01,0.0,0.0,256,20,3,0.5,0.1,0.99,10.0,256,20,0,512,10,4.94921875,0.0,33.734038079871645,804.0550675958016,0.0,0.0,0.01953125,240.0
direct,coast,300.0,1800.0,0.1,0.2,5.0,3.75,10.0,10.0,10,100.0,inf,full,both,inf,180.0,0.01,0.0,0.0,256,20,3,0.5,0.1,0.99,10.0,256,20,0,512,10,4.94921875,0.0,33.734038079871645,804.0550675958016,0.0,0.0,0.01953125,240.0
direct,coast,300.0,1800.0,0.1,0.2,5.0,4.5,10.0,10.0,10,100.0,inf,full,both,inf,180.0,0.01,0.0,0.0,256,20,3,0.5,0.1,0.99,10.0,256,20,0,512,10,4.94921875,0.0,33.734038079871645,804.0550675958016,0.0,0.0,0.01953125,240.0
direct,coast,300.0,1800.0,0.1,0.2,5.0,5.0,10.0,10.0,10,100.0,inf,full,both,inf,180.0,0.01,0.0,0.0,256,20,3,0.5,0.1,0.99,10.0,256,20,0,512,10,4.94921875,0.0,33.734038079871645,804.0550675958016,0.0,0.0,0.01953125,240.0
direct,coast,300.0,1800.0,0.1,0.2,5.0,5.5,10.0,10.0,10,100.0,inf,full,both,inf,180.0,0.01,0.0,0.0,256,20,3,0.5,0.1,0.99,10.0,256,20,0,512,10,4.94921875,0.0,33.734038079871645,804.0550675958016,0.0,0.0,0.01953125,240.0
direct,coast,300.0,1800.0,0.1,0.2,5.0,6.25,10.0,10.0,10,100.0,inf,full,both,inf,180.0,0.01,0.0,0.0,256,20,3,0.5,0.1,0.99,10.0,256,20,0,512,10,4.94921875,0.0,33.734038079871645,804.0550675958016,0.0,0.0,0.01953125,240.0
direct,coast,300.0,1800.0,0.1,0.2,5.0,7.5,10.0,10.0,10,100.0,inf,full,both,inf,180.0,0.01,0.0,0.0,256,20,3,0.5,0.1,0.99,10.0,256,20,0,512,10,4.94921875,0.0,33.734038079871645,804.0550675958016,0.0,0.0,0.01953125,240.0
direct,coast,300.0,1800.0,0.1,0.2,5.0,10.0,10.0,10.0,10,100.0,inf,full,both,inf,180.0,0.01,0.0,0.0,256,20,3,0.5,0.1,0.99,10.0,256,20,0,512,10,4.94921875,0.0,33.734038079871645,804.0550675958016,0.0,0.0,0.01953125,240.0
direct,coast,300.0,1800.0,0.1,0.2,5.0,inf,10.0,10.0,10,100.0,inf,full,both,inf,180.0,0.01,0.0,0.0,256,20,3,0.5,0.1,0.99,10.0,256,20,0,512,10,4.94921875,0.0,33.734038079871645,804.0550675958016,0.0,0.0,0.01953125,240.0
direct,mppi_direct,300.0,1800.0,0.1,0.025,5.0,1.25,10.0,10.0,10,100.0,inf,full,both,inf,180.0,0.01,0.0,0.0,256,20,3,0.5,0.1,0.99,10.0,256,20,0,512,0,5.0,1.25,42.85315739071551,2146.6948195228497,0.0,0.0,0.0,
direct,mppi_direct,300.0,1800.0,0.1,0.025,5.0,2.5,10.0,10.0,10,100.0,inf,full,both,inf,180.0,0.01,0.0,0.0,256,20,3,0.5,0.1,0.99,10.0,256,20,0,512,0,5.0,2.5,42.85990450510883,3473.192873952012,0.0,0.0,0.0,
direct,mppi_direct,300.0,1800.0,0.1,0.025,5.0,3.75,10.0,10.0,10,100.0,inf,full,both,inf,180.0,0.01,0.0,0.0,256,20,3,0.5,0.1,0.99,10.0,256,20,0,512,0,5.0,3.75,42.85990450510883,4040.683429103202,0.0,0.0,0.0,
direct,mppi_direct,300.0,1800.0,0.1,0.025,5.0,4.5,10.0,10.0,10,100.0,inf,full,both,inf,180.0,0.01,0.0,0.0,256,20,3,0.5,0.1,0.99,10.0,256,20,0,512,0,5.0,4.240394575105484,42.85990450510883,4083.121277331063,0.0,0.0,0.0,
direct,mppi_direct,300.0,1800.0,0.1,0.025,5.0,5.0,10.0,10.0,10,100.0,inf,full,both,inf,180.0,0.01,0.0,0.0,256,20,3,0.5,0.1,0.99,10.0,256,20,0,512,0,5.0,4.241090999517265,42.85990450510883,4081.774820059708,0.0,0.0,0.0,
direct,mppi_direct,300.0,1800.0,0.1,0.025,5.0,5.5,10.0,10.0,10,100.0,inf,full,both,inf,180.0,0.01,0.0,0.0,256,20,3,0.5,0.1,0.99,10.0,256,20,0,512,0,5.0,4.241201358561029,42.85990450510883,4081.7296222209193,0.0,0.0,0.0,
direct,mppi_direct,300.0,1800.0,0.1,0.025,5.0,6.25,10.0,10.0,10,100.0,inf,full,both,inf,180.0,0.01,0.0,0.0,256,20,3,0.5,0.1,0.99,10.0,256,20,0,512,0,5.0,4.2412005951945,42.85990450510883,4081.7296337265793,0.0,0.0,0.0,
direct,mppi_direct,300.0,1800.0,0.1,0.025,5.0,7.5,10.0,10.0,10,100.0,inf,full,both,inf,180.0,0.01,0.0,0.0,256,20,3,0.5,0.1,0.99,10.0,256,20,0,512,0,5.0,4.2412005951945,42.85990450510883,4081.7296337265793,0.0,0.0,0.0,
direct,mppi_direct,300.0,1800.0,0.1,0.025,5.0,10.0,10.0,10.0,10,100.0,inf,full,both,inf,180.0,0.01,0.0,0.0,256,20,3,0.5,0.1,0.99,10.0,256,20,0,512,0,5.0,4.2412005951945,42.85990450510883,4081.7296337265793,0.0,0.0,0.0,
direct,mppi_direct,300.0,1800.0,0.1,0.025,5.0,inf,10.0,10.0,10,100.0,inf,full,both,inf,180.0,0.01,0.0,0.0,256,20,3,0.5,0.1,0.99,10.0,256,20,0,512,0,5.0,4.2412005951945,42.85990450510883,4081.7296337265793,0.0,0.0,0.0,
direct,mppi_direct,300.0,1800.0,0.1,0.05,5.0,1.25,10.0,10.0,10,100.0,inf,full,both,inf,180.0,0.01,0.0,0.0,256,20,3,0.5,0.1,0.99,10.0,256,20,0,512,0,5.0,1.25,49.98286209943,1782.9238901816277,0.0,0.0,0.0,
direct,mppi_direct,300.0,1800.0,0.1,0.05,5.0,2.5,10.0,10.0,10,100.0,inf,full,both,inf,180.0,0.01,0.0,0.0,256,20,3,0.5,0.1,0.99,10.0,256,20,0,512,0,5.0,2.5,50.5509150256784,3695.6941632002954,0.0,0.0,0.0,
direct,mppi_direct,300.0,1800.0,0.1,0.05,5.0,3.75,10.0,10.0,10,100.0,inf,full,both,inf,180.0,0.01,0.0,0.0,256,20,3,0.5,0.1,0.99,10.0,256,20,0,512,0,5.0,3.75,50.62278332918656,5225.081571901844,0.0,0.0,0.0,
direct,mppi_direct,300.0,1800.0,0.1,0.05,5.0,4.5,10.0,10.0,10,100.0,inf,full,both,inf,180.0,0.01,0.0,0.0,256,20,3,0.5,0.1,0.99,10.0,256,20,0,512,0,5.0,4.5,50.622783590180624,5942.648461672908,0.0,0.0,0.0,
direct,mppi_direct,300.0,1800.0,0.1,0.05,5.0,5.0,10.0,10.0,10,100.0,inf,full,both,inf,180.0,0.01,0.0,0.0,256,20,3,0.5,0.1,0.99,10.0,256,20,0,512,0,5.0,5.0,50.622783590180624,6340.520669053381,0.0,0.0,0.0,
direct,mppi_direct,300.0,1800.0,0.1,0.05,5.0,5.5,10.0,10.0,10,100.0,inf,full,both,inf,180.0,0.01,0.0,0.0,256,20,3,0.5,0.1,0.99,10.0,256,20,0,512,0,5.0,5.5,50.622783590180624,6681.079920953976,0.0,0.0,0.0,
direct,mppi_direct,300.0,1800.0,0.1,0.05,5.0,6.25,10.0,10.0,10,100.0,inf,full,both,inf,180.0,0.01,0.0,0.0,256,20,3,0.5,0.1,0.99,10.0,256,20,0,512,0,5.0,6.25,50.622783590180624,7081.127427921478,0.0,0.0,0.0,
direct,mppi_direct,300.0,1800.0,0.1,0.05,5.0,7.5,10.0,10.0,10,100.0,inf,full,both,inf,180.0,0.01,0.0,0.0,256,20,3,0.5,0.1,0.99,10.0,256,20,0,512,0,5.0,7.5,50.622783590180624,7479.997890097833,0.0,0.0,0.0,
direct,mppi_direct,300.0,1800.0,0.1,0.05,5.0,10.0,10.0,10.0,10,100.0,inf,full,both,inf,180.0,0.01,0.0,0.0,256,20,3,0.5,0.1,0.99,10.0,256,20,0,512,0,5.0,8.493724624561235,50.622783590180624,7563.860357150831,0.0,0.0,0.0,
direct,mppi_direct,300.0,1800.0,0.1,0.05,5.0,inf,10.0,10.0,10,100.0,inf,full,both,inf,180.0,0.01,0.0,0.0,256,20,3,0.5,0.1,0.99,10.0,256,20,0,512,0,5.0,8.494056185792003,50.622783590180624,7563.798992945003,0.0,0.0,0.0,
direct,mppi_direct,300.0,1800.0,0.1,0.075,5.0,1.25,10.0,10.0,10,100.0,inf,full,both,inf,180.0,0.01,0.0,0.0,256,20,3,0.5,0.1,0.99,10.0,256,20,0,512,0,5.0,1.25,59.78623571582001,1520.742201172085,0.0,0.0,0.0,
direct,mppi_direct,300.0,1800.0,0.1,0.075,5.0,2.5,10.0,10.0,10,100.0,inf,full,both,inf,180.0,0.01,0.0,0.0,256,20,3,0.5,0.1,0.99,10.0,256,20,0,512,0,5.0,2.5,58.56995024473661,3449.6545256623285,0.0,0.0,0.0,
direct,mppi_direct,300.0,1800.0,0.1,0.075,5.0,3.75,10.0,10.0,10,100.0,inf,full,both,inf,180.0,0.01,0.0,0.0,256,20,3,0.5,0.1,0.99,10.0,256,20,0,512,0,5.0,3.75,59.06334904972083,5370.5919263304895,0.0,0.0,0.0,
direct,mppi_direct,300.0,1800.0,0.1,0.075,5.0,4.5,10.0,10.0,10,100.0,inf,full,both,inf,180.0,0.01,0.0,0.0,256,20,3,0.5,0.1,0.99,10.0,256,20,0,512,0,5.0,4.5,59.2057894599165,6374.127593982256,0.0,0.0,0.0,
direct,mppi_direct,300.0,1800.0,0.1,0.075,5.0,5.0,10.0,10.0,10,100.0,inf,full,both,inf,180.0,0.01,0.0,0.0,256,20,3,0.5,0.1,0.99,10.0,256,20,0,512,0,5.0,5.0,59.21474199063709,6984.584604147648,0.0,0.0,0.0,
direct,mppi_direct,300.0,1800.0,0.1,0.075,5.0,5.5,10.0,10.0,10,100.0,inf,full,both,inf,180.0,0.01,0.0,0.0,256,20,3,0.5,0.1,0.99,10.0,256,20,0,512,0,5.0,5.5,59.21599191648042,7548.18090313334,0.0,0.0,0.0,
direct,mppi_direct,300.0,1800.0,0.1,0.075,5.0,6.25,10.0,10.0,10,100.0,inf,full,both,inf,180.0,0.01,0.0,0.0,256,20,3,0.5,0.1,0.99,10.0,256,20,0,512,0,5.0,6.25,59.21599651709965,8306.956364448177,0.0,0.0,0.0,
direct,mppi_direct,300.0,1800.0,0.1,0.075,5.0,7.5,10.0,10.0,10,100.0,inf,full,both,inf,180.0,0.01,0.0,0.0,256,20,3,0.5,0.1,0.99,10.0,256,20,0,512,0,5.0,7.5,59.21599651709965,9358.115818376014,0.0,0.0,0.0,
direct,mppi_direct,300.0,1800.0,0.1,0.075,5.0,10.0,10.0,10.0,10,100.0,inf,full,both,inf,180.0,0.01,0.0,0.0,256,20,3,0.5,0.1,0.99,10.0,256,20,0,512,0,5.0,10.0,59.21599651709965,10734.011619230774,0.0,0.0,0.0,
direct,mppi_direct,300.0,1800.0,0.1,0.075,5.0,inf,10.0,10.0,10,100.0,inf,full,both,inf,180.0,0.01,0.0,0.0,256,20,3,0.5,0.1,0.99,10.0,256,20,0,512,0,5.0,12.773563688279843,59.21599651709965,11215.546560876024,0.0,0.0,0.0,
direct,mppi_direct,300.0,1800.0,0.1,0.09,5.0,1.25,10.0,10.0,10,100.0,inf,full,both,inf,180.0,0.01,0.0,0.0,256,20,3,0.5,0.1,0.99,10.0,256,20,0,512,0,5.0,1.25,68.7306507468086,1421.8424392039371,0.0,0.0,0.0,
direct,mppi_direct,300.0,1800.0,0.1,0.09,5.0,2.5,10.0,10.0,10,100.0,inf,full,both,inf,180.0,0.01,0.0,0.0,256,20,3,0.5,0.1,0.99,10.0,256,20,0,512,0,5.0,2.5,64.33247688020188,3281.828310071614,0.0,0.0,0.0,
direct,mppi_direct,300.0,1800.0,0.1,0.09,5.0,3.75,10.0,10.0,10,100.0,inf,full,both,inf,180.0,0.01,0.0,0.0,256,20,3,0.5,0.1,0.99,10.0,256,20,0,512,0,5.0,3.75,65.17152581004643,5322.82534916689,0.0,0.0,0.0,
direct,mppi_direct,300.0,1800.0,0.1,0.09,5.0,4.5,10.0,10.0,10,100.0,inf,full,both,inf,180.0,0.01,0.0,0.0,256,20,3,0.5,0.1,0.99,10.0,256,20,0,512,0,5.0,4.5,65.47193952436226,6438.837683341023,0.0,0.0,0.0,
direct,mppi_direct,300.0,1800.0,0.1,0.09,5.0,5.0,10.0,10.0,10,100.0,inf,full,both,inf,180.0,0.01,0.0,0.0,256,20,3,0.5,0.1,0.99,10.0,256,20,0,512,0,5.0,5.0,65.63993112280649,7132.234858231565,0.0,0.0,0.0,
direct,mppi_direct,300.0,1800.0,0.1,0.09,5.0,5.5,10.0,10.0,10,100.0,inf,full,both,inf,180.0,0.01,0.0,0.0,256,20,3,0.5,0.1,0.99,10.0,256,20,0,512,0,5.0,5.5,65.69548632403772,7772.03207235363,0.0,0.0,0.0,
direct,mppi_direct,300.0,1800.0,0.1,0.09,5.0,6.25,10.0,10.0,10,100.0,inf,full,both,inf,180.0,0.01,0.0,0.0,256,20,3,0.5,0.1,0.99,10.0,256,20,0,512,0,5.0,6.25,65.70776850897956,8671.542484638016,0.0,0.0,0.0,
direct,mppi_direct,300.0,1800.0,0.1,0.09,5.0,7.5,10.0,10.0,10,100.0,inf,full,both,inf,180.0,0.01,0.0,0.0,256,20,3,0.5,0.1,0.99,10.0,256,20,0,512,0,5.0,7.5,65.70789343018565,9976.394873730214,0.0,0.0,0.0,
direct,mppi_direct,300.0,1800.0,0.1,0.09,5.0,10.0,10.0,10.0,10,100.0,inf,full,both,inf,180.0,0.01,0.0,0.0,256,20,3,0.5,0.1,0.99,10.0,256,20,0,512,0,5.0,10.0,65.70789343018565,11916.50700286114,0.0,0.0,0.0,
direct,mppi_direct,300.0,1800.0,0.1,0.09,5.0,inf,10.0,10.0,10,100.0,inf,full,both,inf,180.0,0.01,0.0,0.0,256,20,3,0.5,0.1,0.99,10.0,256,20,0,512,0,5.0,15.347510151894934,65.70789343018565,13480.415036220318,0.0,0.0,0.0,
direct,mppi_direct,300.0,1800.0,0.1,0.1,5.0,1.25,10.0,10.0,10,100.0,inf,full,both,inf,180.0,0.01,0.0,0.0,256,20,3,0.5,0.1,0.99,10.0,256,20,0,512,0,5.0,1.25,75.58502621291751,1394.954439613197,0.0,0.0,0.0,
direct,mppi_direct,300.0,1800.0,0.1,0.1,5.0,2.5,10.0,10.0,10,100.0,inf,full,both,inf,180.0,0.01,0.0,0.0,256,20,3,0.5,0.1,0.99,10.0,256,20,0,512,0,5.0,2.5,68.83178195241653,3177.6346948322307,0.0,0.0,0.0,
direct,mppi_direct,300.0,1800.0,0.1,0.1,5.0,3.75,10.0,10.0,10,100.0,inf,full,both,inf,180.0,0.01,0.0,0.0,256,20,3,0.5,0.1,0.99,10.0,256,20,0,512,0,5.0,3.75,69.83749427503832,5279.723272873029,0.0,0.0,0.0,
direct,mppi_direct,300.0,1800.0,0.1,0.1,5.0,4.5,10.0,10.0,10,100.0,inf,full,both,inf,180.0,0.01,0.0,0.0,256,20,3,0.5,0.1,0.99,10.0,256,20,0,512,0,5.0,4.5,69.5542738169622,6446.806523040649,0.0,0.0,0.0,
direct,mppi_direct,300.0,1800.0,0.1,0.1,5.0,5.0,10.0,10.0,10,100.0,inf,full,both,inf,180.0,0.01,0.0,0.0,256,20,3,0.5,0.1,0.99,10.0,256,20,0,512,0,5.0,5.0,70.00755725347555,7179.165469131377,0.0,0.0,0.0,
direct,mppi_direct,300.0,1800.0,0.1,0.1,5.0,5.5,10.0,10.0,10,100.0,inf,full,both,inf,180.0,0.01,0.0,0.0,256,20,3,0.5,0.1,0.99,10.0,256,20,0,512,0,5.0,5.5,70.16081554470956,7878.4604190398995,0.0,0.0,0.0,
direct,mppi_direct,300.0,1800.0,0.1,0.1,5.0,6.25,10.0,10.0,10,100.0,inf,full,both,inf,180.0,0.01,0.0,0.0,256,20,3,0.5,0.1,0.99,10.0,256,20,0,512,0,5.0,6.25,70.21515517776942,8839.43663201527,0.0,0.0,0.0,
direct,mppi_direct,300.0,1800.0,0.1,0.1,5.0,7.5,10.0,10.0,10,100.0,inf,full,both,inf,180.0,0.01,0.0,0.0,256,20,3,0.5,0.1,0.99,10.0,256,20,0,512,0,5.0,7.5,70.22048140703927,10282.820383290224,0.0,0.0,0.0,
direct,mppi_direct,300.0,1800.0,0.1,0.1,5.0,10.0,10.0,10.0,10,100.0,inf,full,both,inf,180.0,0.01,0.0,0.0,256,20,3,0.5,0.1,0.99,10.0,256,20,0,512,0,5.0,10.0,70.22048132667437,12525.506934560806,0.0,0.0,0.0,
direct,mppi_direct,300.0,1800.0,0.1,0.1,5.0,inf,10.0,10.0,10,100.0,inf,full,both,inf,180.0,0.01,0.0,0.0,256,20,3,0.5,0.1,0.99,10.0,256,20,0,512,0,5.0,17.064576659121673,70.22048132667437,15023.95432601594,0.0,0.0,0.0,
direct,mppi_direct,300.0,1800.0,0.1,0.11,5.0,1.25,10.0,10.0,10,100.0,inf,full,both,inf,180.0,0.01,0.0,0.0,256,20,3,0.5,0.1,0.99,10.0,256,20,0,512,0,5.0,1.25,83.40177055230079,1382.811242374347,0.0,0.0,0.0,
direct,mppi_direct,300.0,1800.0,0.1,0.11,5.0,2.5,10.0,10.0,10,100.0,inf,full,both,inf,180.0,0.01,0.0,0.0,256,20,3,0.5,0.1,0.99,10.0,256,20,0,512,0,5.0,2.5,73.23597714733954,3063.844296469776,0.0,0.0,0.0,
direct,mppi_direct,300.0,1800.0,0.1,0.11,5.0,3.75,10.0,10.0,10,100.0,inf,full,both,inf,180.0,0.01,0.0,0.0,256,20,3,0.5,0.1,0.99,10.0,256,20,0,512,0,5.0,3.75,74.66577539942644,5237.587148547564,0.0,0.0,0.0,
direct,mppi_direct,300.0,1800.0,0.1,0.11,5.0,4.5,10.0,10.0,10,100.0,inf,full,both,inf,180.0,0.01,0.0,0.0,256,20,3,0.5,0.1,0.99,10.0,256,20,0,512,0,5.0,4.5,74.78765848795943,6440.310204494274,0.0,0.0,0.0,
direct,mppi_direct,300.0,1800.0,0.1,0.11,5.0,5.0,10.0,10.0,10,100.0,inf,full,both,inf,180.0,0.01,0.0,0.0,256,20,3,0.5,0.1,0.99,10.0,256,20,0,512,0,5.0,5.0,74.98709190672135,7205.782495874718,0.0,0.0,0.0,
direct,mppi_direct,300.0,1800.0,0.1,0.11,5.0,5.5,10.0,10.0,10,100.0,inf,full,both,inf,180.0,0.01,0.0,0.0,256,20,3,0.5,0.1,0.99,10.0,256,20,0,512,0,5.0,5.5,75.00163861664417,7939.311722073989,0.0,0.0,0.0,
direct,mppi_direct,300.0,1800.0,0.1,0.11,5.0,6.25,10.0,10.0,10,100.0,inf,full,both,inf,180.0,0.01,0.0,0.0,256,20,3,0.5,0.1,0.99,10.0,256,20,0,512,0,5.0,6.25,75.17243613141416,8984.795795960497,0.0,0.0,0.0,
direct,mppi_direct,300.0,1800.0,0.1,0.11,5.0,7.5,10.0,10.0,10,100.0,inf,full,both,inf,180.0,0.01,0.0,0.0,256,20,3,0.5,0.1,0.99,10.0,256,20,0,512,0,5.0,7.5,75.20139431265505,10525.496028993492,0.0,0.0,0.0,
direct,mppi_direct,300.0,1800.0,0.1,0.11,5.0,10.0,10.0,10.0,10,100.0,inf,full,both,inf,180.0,0.01,0.0,0.0,256,20,3,0.5,0.1,0.99,10.0,256,20,0,512,0,5.0,10.0,75.20191120016774,13031.212332772744,0.0,0.0,0.0,
direct,mppi_direct,300.0,1800.0,0.1,0.11,5.0,inf,10.0,10.0,10,100.0,inf,full,both,inf,180.0,0.01,0.0,0.0,256,20,3,0.5,0.1,0.99,10.0,256,20,0,512,0,5.0,18.78157643724791,75.20191120016774,16585.746231722704,0.0,0.0,0.0,
direct,mppi_direct,300.0,1800.0,0.1,0.125,5.0,1.25,10.0,10.0,10,100.0,inf,full,both,inf,180.0,0.01,0.0,0.0,256,20,3,0.5,0.1,0.99,10.0,256,20,0,512,0,5.0,1.25,92.9440702043932,1386.1713175766702,0.0,0.0,0.0,
direct,mppi_direct,300.0,1800.0,0.1,0.125,5.0,2.5,10.0,10.0,10,100.0,inf,full,both,inf,180.0,0.01,0.0,0.0,256,20,3,0.5,0.1,0.99,10.0,256,20,0,512,0,5.0,2.5,82.36856730382156,2929.282327285942,0.0,0.0,0.0,
direct,mppi_direct,300.0,1800.0,0.1,0.125,5.0,3.75,10.0,10.0,10,100.0,inf,full,both,inf,180.0,0.01,0.0,0.0,256,20,3,0.5,0.1,0.99,10.0,256,20,0,512,0,5.0,3.75,83.44061468962745,5144.84581172705,0.0,0.0,0.0,
direct,mppi_direct,300.0,1800.0,0.1,0.125,5.0,4.5,10.0,10.0,10,100.0,inf,full,both,inf,180.0,0.01,0.0,0.0,256,20,3,0.5,0.1,0.99,10.0,256,20,0,512,0,5.0,4.5,83.04684029081763,6420.735769956158,0.0,0.0,0.0,
direct,mppi_direct,300.0,1800.0,0.1,0.125,5.0,5.0,10.0,10.0,10,100.0,inf,full,both,inf,180.0,0.01,0.0,0.0,256,20,3,0.5,0.1,0.99,10.0,256,20,0,512,0,5.0,5.0,83.03947812180031,7224.575558921419,0.0,0.0,0.0,
direct,mppi_direct,300.0,1800.0,0.1,0.125,5.0,5.5,10.0,10.0,10,100.0,inf,full,both,inf,180.0,0.01,0.0,0.0,256,20,3,0.5,0.1,0.99,10.0,256,20,0,512,0,5.0,5.5,82.78012160464502,8002.540956873332,0.0,0.0,0.0,
direct,mppi_direct,300.0,1800.0,0.1,0.125,5.0,6.25,10.0,10.0,10,100.0,inf,full,both,inf,180.0,0.01,0.0,0.0,256,20,3,0.5,0.1,0.99,10.0,256,20,0,512,0,5.0,6.25,82.82587235112779,9105.66251609667,0.0,0.0,0.0,
direct,mppi_direct,300.0,1800.0,0.1,0.125,5.0,7.5,10.0,10.0,10,100.0,inf,full,both,inf,180.0,0.01,0.0,0.0,256,20,3,0.5,0.1,0.99,10.0,256,20,0,512,0,5.0,7.5,83.18995501525292,10803.787998666585,0.0,0.0,0.0,
direct,mppi_direct,300.0,1800.0,0.1,0.125,5.0,10.0,10.0,10.0,10,100.0,inf,full,both,inf,180.0,0.01,0.0,0.0,256,20,3,0.5,0.1,0.99,10.0,256,20,0,512,0,5.0,10.0,83.1789382372088,13640.494359190863,0.0,0.0,0.0,
direct,mppi_direct,300.0,1800.0,0.1,0.125,5.0,inf,10.0,10.0,10,100.0,inf,full,both,inf,180.0,0.01,0.0,0.0,256,20,3,0.5,0.1,0.99,10.0,256,20,0,512,0,5.0,21.35808374681807,83.1789382372088,18946.776324550163,0.0,0.0,0.0,
direct,mppi_direct,300.0,1800.0,0.1,0.15,5.0,1.25,10.0,10.0,10,100.0,inf,full,both,inf,180.0,0.01,0.0,0.0,256,20,3,0.5,0.1,0.99,10.0,256,20,0,512,0,5.0,1.25,111.67956446618648,1461.8354524144063,0.0,0.0,0.0,
direct,mppi_direct,300.0,1800.0,0.1,0.15,5.0,2.5,10.0,10.0,10,100.0,inf,full,both,inf,180.0,0.01,0.0,0.0,256,20,3,0.5,0.1,0.99,10.0,256,20,0,512,0,5.0,2.5,97.11306963196124,2728.741850401328,0.0,0.0,0.0,
direct,mppi_direct,300.0,1800.0,0.1,0.15,5.0,3.75,10.0,10.0,10,100.0,inf,full,both,inf,180.0,0.01,0.0,0.0,256,20,3,0.5,0.1,0.99,10.0,256,20,0,512,0,5.0,3.75,98.79909211903096,5015.593295030833,0.0,0.0,0.0,
direct,mppi_direct,300.0,1800.0,0.1,0.15,5.0,4.5,10.0,10.0,10,100.0,inf,full,both,inf,180.0,0.01,0.0,0.0,256,20,3,0.5,0.1,0.99,10.0,256,20,0,512,0,5.0,4.5,97.07620466469903,6359.813775184038,0.0,0.0,0.0,
direct,mppi_direct,300.0,1800.0,0.1,0.15,5.0,5.0,10.0,10.0,10,100.0,inf,full,both,inf,180.0,0.01,0.0,0.0,256,20,3,0.5,0.1,0.99,10.0,256,20,0,512,0,5.0,5.0,97.74496470008202,7222.75604187357,0.0,0.0,0.0,
direct,mppi_direct,300.0,1800.0,0.1,0.15,5.0,5.5,10.0,10.0,10,100.0,inf,full,both,inf,180.0,0.01,0.0,0.0,256,20,3,0.5,0.1,0.99,10.0,256,20,0,512,0,5.0,5.5,98.38444062841408,8064.737624473699,0.0,0.0,0.0,
direct,mppi_direct,300.0,1800.0,0.1,0.15,5.0,6.25,10.0,10.0,10,100.0,inf,full,both,inf,180.0,0.01,0.0,0.0,256,20,3,0.5,0.1,0.99,10.0,256,20,0,512,0,5.0,6.25,98.02156112395232,9284.0475693449,0.0,0.0,0.0,
direct,mppi_direct,300.0,1800.0,0.1,0.15,5.0,7.5,10.0,10.0,10,100.0,inf,full,both,inf,180.0,0.01,0.0,0.0,256,20,3,0.5,0.1,0.99,10.0,256,20,0,512,0,5.0,7.5,97.90593578420594,11180.594437582771,0.0,0.0,0.0,
direct,mppi_direct,300.0,1800.0,0.1,0.15,5.0,10.0,10.0,10.0,10,100.0,inf,full,both,inf,180.0,0.01,0.0,0.0,256,20,3,0.5,0.1,0.99,10.0,256,20,0,512,0,5.0,10.0,98.35925878438496,14452.545234370516,0.0,0.0,0.0,
direct,mppi_direct,300.0,1800.0,0.1,0.15,5.0,inf,10.0,10.0,10,100.0,inf,full,both,inf,180.0,0.01,0.0,0.0,256,20,3,0.5,0.1,0.99,10.0,256,20,0,512,0,5.0,25.656035337873345,98.35921230444964,23016.27324435569,0.0,0.0,0.0,
direct,mppi_direct,300.0,1800.0,0.1,0.2,5.0,1.25,10.0,10.0,10,100.0,inf,full,both,inf,180.0,0.01,0.0,0.0,256,20,3,0.5,0.1,0.99,10.0,256,20,0,512,0,5.0,1.25,147.51059616879115,1662.2823547054236,0.0,0.0,0.0,
direct,mppi_direct,300.0,1800.0,0.1,0.2,5.0,2.5,10.0,10.0,10,100.0,inf,full,both,inf,180.0,0.01,0.0,0.0,256,20,3,0.5,0.1,0.99,10.0,256,20,0,512,0,5.0,2.5,138.6054883319133,2490.282003959852,0.0,0.0,0.0,
direct,mppi_direct,300.0,1800.0,0.1,0.2,5.0,3.75,10.0,10.0,10,100.0,inf,full,both,inf,180.0,0.01,0.0,0.0,256,20,3,0.5,0.1,0.99,10.0,256,20,0,512,0,5.0,3.75,130.5747446069729,4820.635496302919,0.0,0.0,0.0,
direct,mppi_direct,300.0,1800.0,0.1,0.2,5.0,4.5,10.0,10.0,10,100.0,inf,full,both,inf,180.0,0.01,0.0,0.0,256,20,3,0.5,0.1,0.99,10.0,256,20,0,512,0,5.0,4.5,130.16815571381795,6258.293559394004,0.0,0.0,0.0,
direct,mppi_direct,300.0,1800.0,0.1,0.2,5.0,5.0,10.0,10.0,10,100.0,inf,full,both,inf,180.0,0.01,0.0,0.0,256,20,3,0.5,0.1,0.99,10.0,256,20,0,512,0,5.0,5.0,134.2635488337448,7173.899178765405,0.0,0.0,0.0,
direct,mppi_direct,300.0,1800.0,0.1,0.2,5.0,5.5,10.0,10.0,10,100.0,inf,full,both,inf,180.0,0.01,0.0,0.0,256,20,3,0.5,0.1,0.99,10.0,256,20,0,512,0,5.0,5.5,133.99327106897908,8048.406895936457,0.0,0.0,0.0,
direct,mppi_direct,300.0,1800.0,0.1,0.2,5.0,6.25,10.0,10.0,10,100.0,inf,full,both,inf,180.0,0.01,0.0,0.0,256,20,3,0.5,0.1,0.99,10.0,256,20,0,512,0,5.0,6.25,135.6446138273474,9390.47326525809,0.0,0.0,0.0,
direct,mppi_direct,300.0,1800.0,0.1,0.2,5.0,7.5,10.0,10.0,10,100.0,inf,full,both,inf,180.0,0.01,0.0,0.0,256,20,3,0.5,0.1,0.99,10.0,256,20,0,512,0,5.0,7.5,135.57704055512067,11574.38633039988,0.0,0.0,0.0,
direct,mppi_direct,300.0,1800.0,0.1,0.2,5.0,10.0,10.0,10.0,10,100.0,inf,full,both,inf,180.0,0.01,0.0,0.0,256,20,3,0.5,0.1,0.99,10.0,256,20,0,512,0,5.0,10.0,135.59562027361767,15442.734114784353,0.0,0.0,0.0,
direct,mppi_direct,300.0,1800.0,0.1,0.2,5.0,inf,10.0,10.0,10,100.0,inf,full,both,inf,180.0,0.01,0.0,0.0,256,20,3,0.5,0.1,0.99,10.0,256,20,0,512,0,5.0,34.25346589377666,135.83528640831773,31346.097352000077,0.0,0.0,0.0,
direct,mppi_lqr,300.0,1800.0,0.1,0.025,5.0,1.25,10.0,10.0,10,100.0,inf,full,both,inf,180.0,0.01,0.0,0.0,256,20,3,0.5,0.1,0.99,10.0,256,20,0,512,5,4.9763671875,1.2418464433114396,45.1090005783541,2186.760817924139,0.0,0.0,0.009765625,260.0
direct,mppi_lqr,300.0,1800.0,0.1,0.025,5.0,2.5,10.0,10.0,10,100.0,inf,full,both,inf,180.0,0.01,0.0,0.0,256,20,3,0.5,0.1,0.99,10.0,256,20,0,512,4,4.9810546875,2.483846819114344,45.91591509497694,3421.189128548864,0.0,0.0,0.0078125,260.0
direct,mppi_lqr,300.0,1800.0,0.1,0.025,5.0,3.75,10.0,10.0,10,100.0,inf,full,both,inf,180.0,0.01,0.0,0.0,256,20,3,0.5,0.1,0.99,10.0,256,20,0,512,4,4.9810546875,3.724081194114344,45.91591509497694,3922.283184305263,0.0,0.0,0.0078125,260.0
direct,mppi_lqr,300.0,1800.0,0.1,0.025,5.0,4.5,10.0,10.0,10,100.0,inf,full,both,inf,180.0,0.01,0.0,0.0,256,20,3,0.5,0.1,0.99,10.0,256,20,0,512,4,4.9810546875,4.097047965811901,45.91591509497694,3944.766334404321,0.0,0.0,0.0078125,260.0
direct,mppi_lqr,300.0,1800.0,0.1,0.025,5.0,5.0,10.0,10.0,10,100.0,inf,full,both,inf,180.0,0.01,0.0,0.0,256,20,3,0.5,0.1,0.99,10.0,256,20,0,512,4,4.9810546875,4.09774601090226,45.91591509497694,3944.030016423045,0.0,0.0,0.0078125,260.0
direct,mppi_lqr,300.0,1800.0,0.1,0.025,5.0,5.5,10.0,10.0,10,100.0,inf,full,both,inf,180.0,0.01,0.0,0.0,256,20,3,0.5,0.1,0.99,10.0,256,20,0,512,4,4.9810546875,4.097854691783479,45.91591509497694,3944.020208679368,0.0,0.0,0.0078125,260.0
direct,mppi_lqr,300.0,1800.0,0.1,0.025,5.0,6.25,10.0,10.0,10,100.0,inf,full,both,inf,180.0,0.01,0.0,0.0,256,20,3,0.5,0.1,0.99,10.0,256,20,0,512,4,4.9810546875,4.097854553808882,45.91591509497694,3944.0202068056847,0.0,0.0,0.0078125,260.0
direct,mppi_lqr,300.0,1800.0,0.1,0.025,5.0,7.5,10.0,10.0,10,100.0,inf,full,both,inf,180.0,0.01,0.0,0.0,256,20,3,0.5,0.1,0.99,10.0,256,20,0,512,4,4.9810546875,4.097854553808882,45.91591509497694,3944.0202068056847,0.0,0.0,0.0078125,260.0
direct,mppi_lqr,300.0,1800.0,0.1,0.025,5.0,10.0,10.0,10.0,10,100.0,inf,full,both,inf,180.0,0.01,0.0,0.0,256,20,3,0.5,0.1,0.99,10.0,256,20,0,512,4,4.9810546875,4.097854553808882,45.91591509497694,3944.0202068056847,0.0,0.0,0.0078125,260.0
direct,mppi_lqr,300.0,1800.0,0.1,0.025,5.0,inf,10.0,10.0,10,100.0,inf,full,both,inf,180.0,0.01,0.0,0.0,256,20,3,0.5,0.1,0.99,10.0,256,20,0,512,4,4.9810546875,4.097854553808882,45.91591509497694,3944.0202068056847,0.0,0.0,0.0078125,260.0
direct,mppi_lqr,300.0,1800.0,0.1,0.05,5.0,1.25,10.0,10.0,10,100.0,inf,full,both,inf,180.0,0.01,0.0,0.0,256,20,3,0.5,0.1,0.99,10.0,256,20,0,512,1,4.9962890625,1.25,90.2756012582156,1689.790563620322,0.0,0.0,0.001953125,310.0
direct,mppi_lqr,300.0,1800.0,0.1,0.05,5.0,2.5,10.0,10.0,10,100.0,inf,full,both,inf,180.0,0.01,0.0,0.0,256,20,3,0.5,0.1,0.99,10.0,256,20,0,512,1,4.99609375,2.497495796622954,74.986947630417,3414.862296131566,0.0,0.0,0.001953125,300.0
direct,mppi_lqr,300.0,1800.0,0.1,0.05,5.0,3.75,10.0,10.0,10,100.0,inf,full,both,inf,180.0,0.01,0.0,0.0,256,20,3,0.5,0.1,0.99,10.0,256,20,0,512,2,4.9923828125,3.74043479932248,79.75586337840578,4814.195144611781,0.0,0.0,0.00390625,305.0
direct,mppi_lqr,300.0,1800.0,0.1,0.05,5.0,4.5,10.0,10.0,10,100.0,inf,full,both,inf,180.0,0.01,0.0,0.0,256,20,3,0.5,0.1,0.99,10.0,256,20,0,512,2,4.9923828125,4.487504209633962,79.75218518806857,5531.191020716942,0.0,0.0,0.00390625,305.0
direct,mppi_lqr,300.0,1800.0,0.1,0.05,5.0,5.0,10.0,10.0,10,100.0,inf,full,both,inf,180.0,0.01,0.0,0.0,256,20,3,0.5,0.1,0.99,10.0,256,20,0,512,2,4.9923828125,4.985551084633962,79.75218518806857,5928.894184141049,0.0,0.0,0.00390625,305.0
direct,mppi_lqr,300.0,1800.0,0.1,0.05,5.0,5.5,10.0,10.0,10,100.0,inf,full,both,inf,180.0,0.01,0.0,0.0,256,20,3,0.5,0.1,0.99,10.0,256,20,0,512,2,4.9923828125,5.483597959633962,79.75218518806857,6268.387452348723,0.0,0.0,0.00390625,305.0
direct,mppi_lqr,300.0,1800.0,0.1,0.05,5.0,6.25,10.0,10.0,10,100.0,inf,full,both,inf,180.0,0.01,0.0,0.0,256,20,3,0.5,0.1,0.99,10.0,256,20,0,512,2,4.9923828125,6.230668272133962,79.75218518806857,6664.956495899841,0.0,0.0,0.00390625,305.0
direct,mppi_lqr,300.0,1800.0,0.1,0.05,5.0,7.5,10.0,10.0,10,100.0,inf,full,both,inf,180.0,0.01,0.0,0.0,256,20,3,0.5,0.1,0.99,10.0,256,20,0,512,2,4.9923828125,7.475785459633962,79.75218518806857,7059.623638729137,0.0,0.0,0.00390625,305.0
direct,mppi_lqr,300.0,1800.0,0.1,0.05,5.0,10.0,10.0,10.0,10,100.0,inf,full,both,inf,180.0,0.01,0.0,0.0,256,20,3,0.5,0.1,0.99,10.0,256,20,0,512,2,4.9923828125,8.450742376148463,79.75218518806857,7140.128687664925,0.0,0.0,0.00390625,305.0
direct,mppi_lqr,300.0,1800.0,0.1,0.05,5.0,inf,10.0,10.0,10,100.0,inf,full,both,inf,180.0,0.01,0.0,0.0,256,20,3,0.5,0.1,0.99,10.0,256,20,0,512,2,4.9923828125,8.45122762964456,79.75218518806857,7140.05935473883,0.0,0.0,0.00390625,305.0
direct,mppi_lqr,300.0,1800.0,0.1,0.075,5.0,1.25,10.0,10.0,10,100.0,inf,full,both,inf,180.0,0.01,0.0,0.0,256,20,3,0.5,0.1,0.99,10.0,256,20,0,512,2,4.9939453125,1.25,93.18838444353084,2227.5444633794746,0.0,0.0,0.00390625,345.0
direct,mppi_lqr,300.0,1800.0,0.1,0.075,5.0,2.5,10.0,10.0,10,100.0,inf,full,both,inf,180.0,0.01,0.0,0.0,256,20,3,0.5,0.1,0.99,10.0,256,20,0,512,0,5.0,2.5,160.438537393533,2665.079633118079,0.0,0.0,0.0,
direct,mppi_lqr,300.0,1800.0,0.1,0.075,5.0,3.75,10.0,10.0,10,100.0,inf,full,both,inf,180.0,0.01,0.0,0.0,256,20,3,0.5,0.1,0.99,10.0,256,20,0,512,0,5.0,3.75,159.87426980528437,4520.676804730035,0.0,0.0,0.0,
direct,mppi_lqr,300.0,1800.0,0.1,0.075,5.0,4.5,10.0,10.0,10,100.0,inf,full,both,inf,180.0,0.01,0.0,0.0,256,20,3,0.5,0.1,0.99,10.0,256,20,0,512,0,5.0,4.5,162.9981459843841,5504.647097585048,0.0,0.0,0.0,
direct,mppi_lqr,300.0,1800.0,0.1,0.075,5.0,5.0,10.0,10.0,10,100.0,inf,full,both,inf,180.0,0.01,0.0,0.0,256,20,3,0.5,0.1,0.99,10.0,256,20,0,512,0,5.0,5.0,163.27534558779652,6127.001966070684,0.0,0.0,0.0,
direct,mppi_lqr,300.0,1800.0,0.1,0.075,5.0,5.5,10.0,10.0,10,100.0,inf,full,both,inf,180.0,0.01,0.0,0.0,256,20,3,0.5,0.1,0.99,10.0,256,20,0,512,0,5.0,5.5,163.3116395104681,6705.163504009232,0.0,0.0,0.0,
direct,mppi_lqr,300.0,1800.0,0.1,0.075,5.0,6.25,10.0,10.0,10,100.0,inf,full,both,inf,180.0,0.01,0.0,0.0,256,20,3,0.5,0.1,0.99,10.0,256,20,0,512,0,5.0,6.25,163.33387263618403,7486.124875144149,0.0,0.0,0.0,
direct,mppi_lqr,300.0,1800.0,0.1,0.075,5.0,7.5,10.0,10.0,10,100.0,inf,full,both,inf,180.0,0.01,0.0,0.0,256,20,3,0.5,0.1,0.99,10.0,256,20,0,512,0,5.0,7.5,163.33460623178848,8570.159000861939,0.0,0.0,0.0,
direct,mppi_lqr,300.0,1800.0,0.1,0.075,5.0,10.0,10.0,10.0,10,100.0,inf,full,both,inf,180.0,0.01,0.0,0.0,256,20,3,0.5,0.1,0.99,10.0,256,20,0,512,0,5.0,10.0,163.33460623178848,9986.688258898324,0.0,0.0,0.0,
direct,mppi_lqr,300.0,1800.0,0.1,0.075,5.0,inf,10.0,10.0,10,100.0,inf,full,both,inf,180.0,0.01,0.0,0.0,256,20,3,0.5,0.1,0.99,10.0,256,20,0,512,0,5.0,12.860580330424074,163.33460623178848,10501.787148138932,0.0,0.0,0.0,
direct,mppi_lqr,300.0,1800.0,0.1,0.09,5.0,1.25,10.0,10.0,10,100.0,inf,full,both,inf,180.0,0.01,0.0,0.0,256,20,3,0.5,0.1,0.99,10.0,256,20,0,512,2,4.994140625,1.25,87.33658538371157,2375.686771702849,0.0,0.0,0.00390625,350.0
direct,mppi_lqr,300.0,1800.0,0.1,0.09,5.0,2.5,10.0,10.0,10,100.0,inf,full,both,inf,180.0,0.01,0.0,0.0,256,20,3,0.5,0.1,0.99,10.0,256,20,0,512,0,5.0,2.5,219.39422445045776,2576.5437990449213,0.0,0.0,0.0,
direct,mppi_lqr,300.0,1800.0,0.1,0.09,5.0,3.75,10.0,10.0,10,100.0,inf,full,both,inf,180.0,0.01,0.0,0.0,256,20,3,0.5,0.1,0.99,10.0,256,20,0,512,0,5.0,3.75,223.3669139506134,4110.3920747700695,0.0,0.0,0.0,
direct,mppi_lqr,300.0,1800.0,0.1,0.09,5.0,4.5,10.0,10.0,10,100.0,inf,full,both,inf,180.0,0.01,0.0,0.0,256,20,3,0.5,0.1,0.99,10.0,256,20,0,512,0,5.0,4.5,223.30845694325112,5248.520468045142,0.0,0.0,0.0,
direct,mppi_lqr,300.0,1800.0,0.1,0.09,5.0,5.0,10.0,10.0,10,100.0,inf,full,both,inf,180.0,0.01,0.0,0.0,256,20,3,0.5,0.1,0.99,10.0,256,20,0,512,0,5.0,5.0,222.98682871449373,5971.043407785257,0.0,0.0,0.0,
direct,mppi_lqr,300.0,1800.0,0.1,0.09,5.0,5.5,10.0,10.0,10,100.0,inf,full,both,inf,180.0,0.01,0.0,0.0,256,20,3,0.5,0.1,0.99,10.0,256,20,0,512,0,5.0,5.5,222.7244935596377,6629.810963890085,0.0,0.0,0.0,
direct,mppi_lqr,300.0,1800.0,0.1,0.09,5.0,6.25,10.0,10.0,10,100.0,inf,full,both,inf,180.0,0.01,0.0,0.0,256,20,3,0.5,0.1,0.99,10.0,256,20,0,512,0,5.0,6.25,222.48666569286692,7578.465370945296,0.0,0.0,0.0,
direct,mppi_lqr,300.0,1800.0,0.1,0.09,5.0,7.5,10.0,10.0,10,100.0,inf,full,both,inf,180.0,0.01,0.0,0.0,256,20,3,0.5,0.1,0.99,10.0,256,20,0,512,0,5.0,7.5,222.5804433215285,8933.69625648957,0.0,0.0,0.0,
direct,mppi_lqr,300.0,1800.0,0.1,0.09,5.0,10.0,10.0,10.0,10,100.0,inf,full,both,inf,180.0,0.01,0.0,0.0,256,20,3,0.5,0.1,0.99,10.0,256,20,0,512,0,5.0,10.0,222.58205997398585,10951.402298322791,0.0,0.0,0.0,
direct,mppi_lqr,300.0,1800.0,0.1,0.09,5.0,inf,10.0,10.0,10,100.0,inf,full,both,inf,180.0,0.01,0.0,0.0,256,20,3,0.5,0.1,0.99,10.0,256,20,0,512,0,5.0,15.463128989146153,222.58205997398585,12597.673981229838,0.0,0.0,0.0,
direct,mppi_lqr,300.0,1800.0,0.1,0.1,5.0,1.25,10.0,10.0,10,100.0,inf,full,both,inf,180.0,0.01,0.0,0.0,256,20,3,0.5,0.1,0.99,10.0,256,20,0,512,2,4.99453125,1.25,84.9588167775242,2453.5846205227053,0.0,0.0,0.00390625,360.0
direct,mppi_lqr,300.0,1800.0,0.1,0.1,5.0,2.5,10.0,10.0,10,100.0,inf,full,both,inf,180.0,0.01,0.0,0.0,256,20,3,0.5,0.1,0.99,10.0,256,20,0,512,0,5.0,2.5,236.1109250300137,2575.585881408527,0.0,0.0,0.0,
direct,mppi_lqr,300.0,1800.0,0.1,0.1,5.0,3.75,10.0,10.0,10,100.0,inf,full,both,inf,180.0,0.01,0.0,0.0,256,20,3,0.5,0.1,0.99,10.0,256,20,0,512,0,5.0,3.75,259.2264351020575,3785.988596180139,0.0,0.0,0.0,
direct,mppi_lqr,300.0,1800.0,0.1,0.1,5.0,4.5,10.0,10.0,10,100.0,inf,full,both,inf,180.0,0.01,0.0,0.0,256,20,3,0.5,0.1,0.99,10.0,256,20,0,512,0,5.0,4.5,257.1280026059605,4972.612729868343,0.0,0.0,0.0,
direct,mppi_lqr,300.0,1800.0,0.1,0.1,5.0,5.0,10.0,10.0,10,100.0,inf,full,both,inf,180.0,0.01,0.0,0.0,256,20,3,0.5,0.1,0.99,10.0,256,20,0,512,0,5.0,5.0,256.6260456789093,5751.080328093596,0.0,0.0,0.0,
direct,mppi_lqr,300.0,1800.0,0.1,0.1,5.0,5.5,10.0,10.0,10,100.0,inf,full,both,inf,180.0,0.01,0.0,0.0,256,20,3,0.5,0.1,0.99,10.0,256,20,0,512,0,5.0,5.5,255.8823876446249,6515.65324392586,0.0,0.0,0.0,
direct,mppi_lqr,300.0,1800.0,0.1,0.1,5.0,6.25,10.0,10.0,10,100.0,inf,full,both,inf,180.0,0.01,0.0,0.0,256,20,3,0.5,0.1,0.99,10.0,256,20,0,512,0,5.0,6.25,255.6879289587516,7527.9903214360465,0.0,0.0,0.0,
direct,mppi_lqr,300.0,1800.0,0.1,0.1,5.0,7.5,10.0,10.0,10,100.0,inf,full,both,inf,180.0,0.01,0.0,0.0,256,20,3,0.5,0.1,0.99,10.0,256,20,0,512,0,5.0,7.5,255.4411496680045,9059.512811304929,0.0,0.0,0.0,
direct,mppi_lqr,300.0,1800.0,0.1,0.1,5.0,10.0,10.0,10.0,10,100.0,inf,full,both,inf,180.0,0.01,0.0,0.0,256,20,3,0.5,0.1,0.99,10.0,256,20,0,512,0,5.0,10.0,255.39205830333023,11414.470460915374,0.0,0.0,0.0,
direct,mppi_lqr,300.0,1800.0,0.1,0.1,5.0,inf,10.0,10.0,10,100.0,inf,full,both,inf,180.0,0.01,0.0,0.0,256,20,3,0.5,0.1,0.99,10.0,256,20,0,512,0,5.0,17.1839552960256,255.3920573257352,14029.629091292749,0.0,0.0,0.0,
direct,mppi_lqr,300.0,1800.0,0.1,0.11,5.0,1.25,10.0,10.0,10,100.0,inf,full,both,inf,180.0,0.01,0.0,0.0,256,20,3,0.5,0.1,0.99,10.0,256,20,0,512,1,4.997265625,1.25,83.21772088492715,2523.124234888151,0.0,0.0,0.001953125,360.0
direct,mppi_lqr,300.0,1800.0,0.1,0.11,5.0,2.5,10.0,10.0,10,100.0,inf,full,both,inf,180.0,0.01,0.0,0.0,256,20,3,0.5,0.1,0.99,10.0,256,20,0,512,0,5.0,2.5,242.05627212524485,2585.9934621698926,0.0,0.0,0.0,
direct,mppi_lqr,300.0,1800.0,0.1,0.11,5.0,3.75,10.0,10.0,10,100.0,inf,full,both,inf,180.0,0.01,0.0,0.0,256,20,3,0.5,0.1,0.99,10.0,256,20,0,512,0,5.0,3.75,280.8136973016892,3504.9358878368657,0.0,0.0,0.0,
direct,mppi_lqr,300.0,1800.0,0.1,0.11,5.0,4.5,10.0,10.0,10,100.0,inf,full,both,inf,180.0,0.01,0.0,0.0,256,20,3,0.5,0.1,0.99,10.0,256,20,0,512,0,5.0,4.5,281.00587787987376,4688.146569224337,0.0,0.0,0.0,
direct,mppi_lqr,300.0,1800.0,0.1,0.11,5.0,5.0,10.0,10.0,10,100.0,inf,full,both,inf,180.0,0.01,0.0,0.0,256,20,3,0.5,0.1,0.99,10.0,256,20,0,512,0,5.0,5.0,280.35479129925744,5500.611415987048,0.0,0.0,0.0,
direct,mppi_lqr,300.0,1800.0,0.1,0.11,5.0,5.5,10.0,10.0,10,100.0,inf,full,both,inf,180.0,0.01,0.0,0.0,256,20,3,0.5,0.1,0.99,10.0,256,20,0,512,0,5.0,5.5,280.04949783016235,6284.083237372849,0.0,0.0,0.0,
direct,mppi_lqr,300.0,1800.0,0.1,0.11,5.0,6.25,10.0,10.0,10,100.0,inf,full,both,inf,180.0,0.01,0.0,0.0,256,20,3,0.5,0.1,0.99,10.0,256,20,0,512,0,5.0,6.25,279.61805030846983,7438.984882114517,0.0,0.0,0.0,
direct,mppi_lqr,300.0,1800.0,0.1,0.11,5.0,7.5,10.0,10.0,10,100.0,inf,full,both,inf,180.0,0.01,0.0,0.0,256,20,3,0.5,0.1,0.99,10.0,256,20,0,512,0,5.0,7.5,279.55709963352206,9104.683477378408,0.0,0.0,0.0,
direct,mppi_lqr,300.0,1800.0,0.1,0.11,5.0,10.0,10.0,10.0,10,100.0,inf,full,both,inf,180.0,0.01,0.0,0.0,256,20,3,0.5,0.1,0.99,10.0,256,20,0,512,0,5.0,10.0,279.5529571472773,11763.785329124565,0.0,0.0,0.0,
direct,mppi_lqr,300.0,1800.0,0.1,0.11,5.0,inf,10.0,10.0,10,100.0,inf,full,both,inf,180.0,0.01,0.0,0.0,256,20,3,0.5,0.1,0.99,10.0,256,20,0,512,0,5.0,18.904263056038,279.5530185903032,15491.456425781162,0.0,0.0,0.0,
direct,mppi_lqr,300.0,1800.0,0.1,0.125,5.0,1.25,10.0,10.0,10,100.0,inf,full,both,inf,180.0,0.01,0.0,0.0,256,20,3,0.5,0.1,0.99,10.0,256,20,0,512,5,4.986328125,1.25,79.97448126955737,2580.336155133116,0.0,0.0,0.009765625,360.0
direct,mppi_lqr,300.0,1800.0,0.1,0.125,5.0,2.5,10.0,10.0,10,100.0,inf,full,both,inf,180.0,0.01,0.0,0.0,256,20,3,0.5,0.1,0.99,10.0,256,20,0,512,0,5.0,2.5,239.60648324791836,2644.485719309253,0.0,0.0,0.0,
direct,mppi_lqr,300.0,1800.0,0.1,0.125,5.0,3.75,10.0,10.0,10,100.0,inf,full,both,inf,180.0,0.01,0.0,0.0,256,20,3,0.5,0.1,0.99,10.0,256,20,0,512,0,5.0,3.75,291.0015891673509,3210.13254972862,0.0,0.0,0.0,
direct,mppi_lqr,300.0,1800.0,0.1,0.125,5.0,4.5,10.0,10.0,10,100.0,inf,full,both,inf,180.0,0.01,0.0,0.0,256,20,3,0.5,0.1,0.99,10.0,256,20,0,512,0,5.0,4.5,293.6957242579075,4456.78919976942,0.0,0.0,0.0,
direct,mppi_lqr,300.0,1800.0,0.1,0.125,5.0,5.0,10.0,10.0,10,100.0,inf,full,both,inf,180.0,0.01,0.0,0.0,256,20,3,0.5,0.1,0.99,10.0,256,20,0,512,0,5.0,5.0,293.0505297242012,5309.680398263812,0.0,0.0,0.0,
direct,mppi_lqr,300.0,1800.0,0.1,0.125,5.0,5.5,10.0,10.0,10,100.0,inf,full,both,inf,180.0,0.01,0.0,0.0,256,20,3,0.5,0.1,0.99,10.0,256,20,0,512,0,5.0,5.5,292.44086619309485,6232.230775548102,0.0,0.0,0.0,
direct,mppi_lqr,300.0,1800.0,0.1,0.125,5.0,6.25,10.0,10.0,10,100.0,inf,full,both,inf,180.0,0.01,0.0,0.0,256,20,3,0.5,0.1,0.99,10.0,256,20,0,512,0,5.0,6.25,292.3938798946448,7454.655132470532,0.0,0.0,0.0,
direct,mppi_lqr,300.0,1800.0,0.1,0.125,5.0,7.5,10.0,10.0,10,100.0,inf,full,both,inf,180.0,0.01,0.0,0.0,256,20,3,0.5,0.1,0.99,10.0,256,20,0,512,0,5.0,7.5,292.36921475952937,9396.543286163058,0.0,0.0,0.0,
direct,mppi_lqr,300.0,1800.0,0.1,0.125,5.0,10.0,10.0,10.0,10,100.0,inf,full,both,inf,180.0,0.01,0.0,0.0,256,20,3,0.5,0.1,0.99,10.0,256,20,0,512,0,5.0,10.0,292.35775899202827,12536.511296706638,0.0,0.0,0.0,
direct,mppi_lqr,300.0,1800.0,0.1,0.125,5.0,inf,10.0,10.0,10,100.0,inf,full,both,inf,180.0,0.01,0.0,0.0,256,20,3,0.5,0.1,0.99,10.0,256,20,0,512,0,5.0,21.479351802502496,292.3577782679816,18161.00045449132,0.0,0.0,0.0,
direct,mppi_lqr,300.0,1800.0,0.1,0.15,5.0,1.25,10.0,10.0,10,100.0,inf,full,both,inf,180.0,0.01,0.0,0.0,256,20,3,0.5,0.1,0.99,10.0,256,20,0,512,5,4.9873046875,1.25,78.9795139679241,2671.9958956866944,0.0,0.0,0.009765625,370.0
direct,mppi_lqr,300.0,1800.0,0.1,0.15,5.0,2.5,10.0,10.0,10,100.0,inf,full,both,inf,180.0,0.01,0.0,0.0,256,20,3,0.5,0.1,0.99,10.0,256,20,0,512,1,5.0,2.5,220.57738548968007,2731.1231950925103,0.0,0.0,0.001953125,540.0
direct,mppi_lqr,300.0,1800.0,0.1,0.15,5.0,3.75,10.0,10.0,10,100.0,inf,full,both,inf,180.0,0.01,0.0,0.0,256,20,3,0.5,0.1,0.99,10.0,256,20,0,512,0,5.0,3.75,293.24029884725235,3020.971673678281,0.0,0.0,0.0,
direct,mppi_lqr,300.0,1800.0,0.1,0.15,5.0,4.5,10.0,10.0,10,100.0,inf,full,both,inf,180.0,0.01,0.0,0.0,256,20,3,0.5,0.1,0.99,10.0,256,20,0,512,0,5.0,4.5,294.8858457018706,4211.644739681811,0.0,0.0,0.0,
direct,mppi_lqr,300.0,1800.0,0.1,0.15,5.0,5.0,10.0,10.0,10,100.0,inf,full,both,inf,180.0,0.01,0.0,0.0,256,20,3,0.5,0.1,0.99,10.0,256,20,0,512,0,5.0,5.0,295.30004684100146,5143.286551459431,0.0,0.0,0.0,
direct,mppi_lqr,300.0,1800.0,0.1,0.15,5.0,5.5,10.0,10.0,10,100.0,inf,full,both,inf,180.0,0.01,0.0,0.0,256,20,3,0.5,0.1,0.99,10.0,256,20,0,512,0,5.0,5.5,295.06532445731506,6064.663964089313,0.0,0.0,0.0,
direct,mppi_lqr,300.0,1800.0,0.1,0.15,5.0,6.25,10.0,10.0,10,100.0,inf,full,both,inf,180.0,0.01,0.0,0.0,256,20,3,0.5,0.1,0.99,10.0,256,20,0,512,0,5.0,6.25,295.03785222760257,7494.622650302907,0.0,0.0,0.0,
direct,mppi_lqr,300.0,1800.0,0.1,0.15,5.0,7.5,10.0,10.0,10,100.0,inf,full,both,inf,180.0,0.01,0.0,0.0,256,20,3,0.5,0.1,0.99,10.0,256,20,0,512,0,5.0,7.5,294.6939493719472,9611.357551866671,0.0,0.0,0.0,
direct,mppi_lqr,300.0,1800.0,0.1,0.15,5.0,10.0,10.0,10.0,10,100.0,inf,full,both,inf,180.0,0.01,0.0,0.0,256,20,3,0.5,0.1,0.99,10.0,256,20,0,512,0,5.0,10.0,294.69224804485674,13320.709491810265,0.0,0.0,0.0,
direct,mppi_lqr,300.0,1800.0,0.1,0.15,5.0,inf,10.0,10.0,10,100.0,inf,full,both,inf,180.0,0.01,0.0,0.0,256,20,3,0.5,0.1,0.99,10.0,256,20,0,512,0,5.0,25.762663482107016,294.6921533536632,22366.51583915322,0.0,0.0,0.0,
direct,mppi_lqr,300.0,1800.0,0.1,0.2,5.0,1.25,10.0,10.0,10,100.0,inf,full,both,inf,180.0,0.01,0.0,0.0,256,20,3,0.5,0.1,0.99,10.0,256,20,0,512,6,4.984765625,1.25,78.44126245244601,2788.678336037588,0.0,0.0,0.01171875,370.0
direct,mppi_lqr,300.0,1800.0,0.1,0.2,5.0,2.5,10.0,10.0,10,100.0,inf,full,both,inf,180.0,0.01,0.0,0.0,256,20,3,0.5,0.1,0.99,10.0,256,20,0,512,1,5.0,2.5,185.35943259466023,2870.26644875004,0.0,0.0,0.001953125,540.0
direct,mppi_lqr,300.0,1800.0,0.1,0.2,5.0,3.75,10.0,10.0,10,100.0,inf,full,both,inf,180.0,0.01,0.0,0.0,256,20,3,0.5,0.1,0.99,10.0,256,20,0,512,0,5.0,3.75,290.49995394411366,2798.325614324149,0.0,0.0,0.0,
direct,mppi_lqr,300.0,1800.0,0.1,0.2,5.0,4.5,10.0,10.0,10,100.0,inf,full,both,inf,180.0,0.01,0.0,0.0,256,20,3,0.5,0.1,0.99,10.0,256,20,0,512,0,5.0,4.5,296.7308261072815,3997.6577917324576,0.0,0.0,0.0,
direct,mppi_lqr,300.0,1800.0,0.1,0.2,5.0,5.0,10.0,10.0,10,100.0,inf,full,both,inf,180.0,0.01,0.0,0.0,256,20,3,0.5,0.1,0.99,10.0,256,20,0,512,0,5.0,5.0,295.57544599948625,5020.549454016119,0.0,0.0,0.0,
direct,mppi_lqr,300.0,1800.0,0.1,0.2,5.0,5.5,10.0,10.0,10,100.0,inf,full,both,inf,180.0,0.01,0.0,0.0,256,20,3,0.5,0.1,0.99,10.0,256,20,0,512,0,5.0,5.5,295.2755996942095,6043.826054060076,0.0,0.0,0.0,
direct,mppi_lqr,300.0,1800.0,0.1,0.2,5.0,6.25,10.0,10.0,10,100.0,inf,full,both,inf,180.0,0.01,0.0,0.0,256,20,3,0.5,0.1,0.99,10.0,256,20,0,512,0,5.0,6.25,293.804479439567,7577.450624583575,0.0,0.0,0.0,
direct,mppi_lqr,300.0,1800.0,0.1,0.2,5.0,7.5,10.0,10.0,10,100.0,inf,full,both,inf,180.0,0.01,0.0,0.0,256,20,3,0.5,0.1,0.99,10.0,256,20,0,512,0,5.0,7.5,293.52585664827546,9967.805773939368,0.0,0.0,0.0,
direct,mppi_lqr,300.0,1800.0,0.1,0.2,5.0,10.0,10.0,10.0,10,100.0,inf,full,both,inf,180.0,0.01,0.0,0.0,256,20,3,0.5,0.1,0.99,10.0,256,20,0,512,0,5.0,10.0,293.9134276746628,14211.37478105372,0.0,0.0,0.0,
direct,mppi_lqr,300.0,1800.0,0.1,0.2,5.0,inf,10.0,10.0,10,100.0,inf,full,both,inf,180.0,0.01,0.0,0.0,256,20,3,0.5,0.1,0.99,10.0,256,20,0,512,0,5.0,34.34012212849697,293.8952227084623,30740.1241136584,0.0,0.0,0.0,
direct,random,300.0,1800.0,0.1,0.025,5.0,1.25,10.0,10.0,10,100.0,inf,full,both,inf,180.0,0.01,0.0,0.0,256,20,3,0.5,0.1,0.99,10.0,256,20,0,512,9,4.954296875,1.2359805666844563,34.54658772393392,822.4205000011947,0.0,0.0,0.017578125,240.0
direct,random,300.0,1800.0,0.1,0.025,5.0,2.5,10.0,10.0,10,100.0,inf,full,both,inf,180.0,0.01,0.0,0.0,256,20,3,0.5,0.1,0.99,10.0,256,20,0,512,9,4.954296875,2.4640079104344568,34.54658772393392,835.0035111856662,0.0,0.0,0.017578125,240.0
direct,random,300.0,1800.0,0.1,0.025,5.0,3.75,10.0,10.0,10,100.0,inf,full,both,inf,180.0,0.01,0.0,0.0,256,20,3,0.5,0.1,0.99,10.0,256,20,0,512,9,4.954296875,3.325558786522715,34.54658772393392,836.0411936482417,0.0,0.0,0.017578125,240.0
direct,random,300.0,1800.0,0.1,0.025,5.0,4.5,10.0,10.0,10,100.0,inf,full,both,inf,180.0,0.01,0.0,0.0,256,20,3,0.5,0.1,0.99,10.0,256,20,0,512,9,4.954296875,3.325558786522715,34.54658772393392,836.0411936482417,0.0,0.0,0.017578125,240.0
direct,random,300.0,1800.0,0.1,0.025,5.0,5.0,10.0,10.0,10,100.0,inf,full,both,inf,180.0,0.01,0.0,0.0,256,20,3,0.5,0.1,0.99,10.0,256,20,0,512,9,4.954296875,3.325558786522715,34.54658772393392,836.0411936482417,0.0,0.0,0.017578125,240.0
direct,random,300.0,1800.0,0.1,0.025,5.0,5.5,10.0,10.0,10,100.0,inf,full,both,inf,180.0,0.01,0.0,0.0,256,20,3,0.5,0.1,0.99,10.0,256,20,0,512,9,4.954296875,3.325558786522715,34.54658772393392,836.0411936482417,0.0,0.0,0.017578125,240.0
direct,random,300.0,1800.0,0.1,0.025,5.0,6.25,10.0,10.0,10,100.0,inf,full,both,inf,180.0,0.01,0.0,0.0,256,20,3,0.5,0.1,0.99,10.0,256,20,0,512,9,4.954296875,3.325558786522715,34.54658772393392,836.0411936482417,0.0,0.0,0.017578125,240.0
direct,random,300.0,1800.0,0.1,0.025,5.0,7.5,10.0,10.0,10,100.0,inf,full,both,inf,180.0,0.01,0.0,0.0,256,20,3,0.5,0.1,0.99,10.0,256,20,0,512,9,4.954296875,3.325558786522715,34.54658772393392,836.0411936482417,0.0,0.0,0.017578125,240.0
direct,random,300.0,1800.0,0.1,0.025,5.0,10.0,10.0,10.0,10,100.0,inf,full,both,inf,180.0,0.01,0.0,0.0,256,20,3,0.5,0.1,0.99,10.0,256,20,0,512,9,4.954296875,3.325558786522715,34.54658772393392,836.0411936482417,0.0,0.0,0.017578125,240.0
direct,random,300.0,1800.0,0.1,0.025,5.0,inf,10.0,10.0,10,100.0,inf,full,both,inf,180.0,0.01,0.0,0.0,256,20,3,0.5,0.1,0.99,10.0,256,20,0,512,9,4.954296875,3.325558786522715,34.54658772393392,836.0411936482417,0.0,0.0,0.017578125,240.0
direct,random,300.0,1800.0,0.1,0.05,5.0,1.25,10.0,10.0,10,100.0,inf,full,both,inf,180.0,0.01,0.0,0.0,256,20,3,0.5,0.1,0.99,10.0,256,20,0,512,12,4.9388671875,1.2420457887755574,36.33464150496898,837.3550191178902,0.0,0.0,0.0234375,240.0
direct,random,300.0,1800.0,0.1,0.05,5.0,2.5,10.0,10.0,10,100.0,inf,full,both,inf,180.0,0.01,0.0,0.0,256,20,3,0.5,0.1,0.99,10.0,256,20,0,512,12,4.9388671875,2.4627489137755574,36.33464150496898,871.6800482483284,0.0,0.0,0.0234375,240.0
direct,random,300.0,1800.0,0.1,0.05,5.0,3.75,10.0,10.0,10,100.0,inf,full,both,inf,180.0,0.01,0.0,0.0,256,20,3,0.5,0.1,0.99,10.0,256,20,0,512,12,4.9388671875,3.683452038775557,36.31850114133954,894.680618319505,0.0,0.0,0.0234375,240.0
direct,random,300.0,1800.0,0.1,0.05,5.0,4.5,10.0,10.0,10,100.0,inf,full,both,inf,180.0,0.01,0.0,0.0,256,20,3,0.5,0.1,0.99,10.0,256,20,0,512,12,4.9388671875,4.415873913775558,36.30325783737624,903.1689547669766,0.0,0.0,0.0234375,240.0
direct,random,300.0,1800.0,0.1,0.05,5.0,5.0,10.0,10.0,10,100.0,inf,full,both,inf,180.0,0.01,0.0,0.0,256,20,3,0.5,0.1,0.99,10.0,256,20,0,512,12,4.9388671875,4.904155163775558,36.31244951067729,908.8118900194938,0.0,0.0,0.0234375,240.0
direct,random,300.0,1800.0,0.1,0.05,5.0,5.5,10.0,10.0,10,100.0,inf,full,both,inf,180.0,0.01,0.0,0.0,256,20,3,0.5,0.1,0.99,10.0,256,20,0,512,12,4.9388671875,5.392436413775558,36.31244951067729,911.3949534737344,0.0,0.0,0.0234375,240.0
direct,random,300.0,1800.0,0.1,0.05,5.0,6.25,10.0,10.0,10,100.0,inf,full,both,inf,180.0,0.01,0.0,0.0,256,20,3,0.5,0.1,0.99,10.0,256,20,0,512,12,4.9388671875,6.124858288775558,36.31244951067729,912.1100752337406,0.0,0.0,0.0234375,240.0
direct,random,300.0,1800.0,0.1,0.05,5.0,7.5,10.0,10.0,10,100.0,inf,full,both,inf,180.0,0.01,0.0,0.0,256,20,3,0.5,0.1,0.99,10.0,256,20,0,512,12,4.9388671875,6.617035270833179,36.31244951067729,912.3161751600156,0.0,0.0,0.0234375,240.0
direct,random,300.0,1800.0,0.1,0.05,5.0,10.0,10.0,10.0,10,100.0,inf,full,both,inf,180.0,0.01,0.0,0.0,256,20,3,0.5,0.1,0.99,10.0,256,20,0,512,12,4.9388671875,6.617035270833179,36.31244951067729,912.3161751600156,0.0,0.0,0.0234375,240.0
direct,random,300.0,1800.0,0.1,0.05,5.0,inf,10.0,10.0,10,100.0,inf,full,both,inf,180.0,0.01,0.0,0.0,256,20,3,0.5,0.1,0.99,10.0,256,20,0,512,12,4.9388671875,6.617035270833179,36.31244951067729,912.3161751600156,0.0,0.0,0.0234375,240.0
direct,random,300.0,1800.0,0.1,0.075,5.0,1.25,10.0,10.0,10,100.0,inf,full,both,inf,180.0,0.01,0.0,0.0,256,20,3,0.5,0.1,0.99,10.0,256,20,0,512,12,4.9384765625,1.2497999373390425,39.18750532782067,851.6397894445981,0.0,0.0,0.0234375,240.0
direct,random,300.0,1800.0,0.1,0.075,5.0,2.5,10.0,10.0,10,100.0,inf,full,both,inf,180.0,0.01,0.0,0.0,256,20,3,0.5,0.1,0.99,10.0,256,20,0,512,13,4.93359375,2.47122742213488,39.088873294525214,895.6094136493756,0.0,0.0,0.025390625,240.0
direct,random,300.0,1800.0,0.1,0.075,5.0,3.75,10.0,10.0,10,100.0,inf,full,both,inf,180.0,0.01,0.0,0.0,256,20,3,0.5,0.1,0.99,10.0,256,20,0,512,13,4.93359375,3.68948914088488,39.03194192939025,943.9262224431092,0.0,0.0,0.025390625,240.0
direct,random,300.0,1800.0,0.1,0.075,5.0,4.5,10.0,10.0,10,100.0,inf,full,both,inf,180.0,0.01,0.0,0.0,256,20,3,0.5,0.1,0.99,10.0,256,20,0,512,13,4.93359375,4.420446172134881,39.088873294525214,962.2665867139508,0.0,0.0,0.025390625,240.0
direct,random,300.0,1800.0,0.1,0.075,5.0,5.0,10.0,10.0,10,100.0,inf,full,both,inf,180.0,0.01,0.0,0.0,256,20,3,0.5,0.1,0.99,10.0,256,20,0,512,14,4.93359375,4.907750859634881,39.00565873972735,977.1975045260356,0.0,0.0,0.02734375,240.0
direct,random,300.0,1800.0,0.1,0.075,5.0,5.5,10.0,10.0,10,100.0,inf,full,both,inf,180.0,0.01,0.0,0.0,256,20,3,0.5,0.1,0.99,10.0,256,20,0,512,13,4.93359375,5.395055547134881,39.075789898726434,987.2408554829492,0.0,0.0,0.025390625,240.0
direct,random,300.0,1800.0,0.1,0.075,5.0,6.25,10.0,10.0,10,100.0,inf,full,both,inf,180.0,0.01,0.0,0.0,256,20,3,0.5,0.1,0.99,10.0,256,20,0,512,13,4.93359375,6.126012578384881,39.088873294525214,1000.4081467508912,0.0,0.0,0.025390625,240.0
direct,random,300.0,1800.0,0.1,0.075,5.0,7.5,10.0,10.0,10,100.0,inf,full,both,inf,180.0,0.01,0.0,0.0,256,20,3,0.5,0.1,0.99,10.0,256,20,0,512,13,4.93359375,7.344274297134881,39.088873294525214,1015.801487684591,0.0,0.0,0.025390625,240.0
direct,random,300.0,1800.0,0.1,0.075,5.0,10.0,10.0,10.0,10,100.0,inf,full,both,inf,180.0,0.01,0.0,0.0,256,20,3,0.5,0.1,0.99,10.0,256,20,0,512,13,4.93359375,9.746564079095537,39.088873294525214,1021.529413062148,0.0,0.0,0.025390625,240.0
direct,random,300.0,1800.0,0.1,0.075,5.0,inf,10.0,10.0,10,100.0,inf,full,both,inf,180.0,0.01,0.0,0.0,256,20,3,0.5,0.1,0.99,10.0,256,20,0,512,13,4.93359375,9.90826278701,39.088873294525214,1021.4606431954564,0.0,0.0,0.025390625,240.0
direct,random,300.0,1800.0,0.1,0.09,5.0,1.25,10.0,10.0,10,100.0,inf,full,both,inf,180.0,0.01,0.0,0.0,256,20,3,0.5,0.1,0.99,10.0,256,20,0,512,17,4.912890625,1.25,41.197315875532816,860.4508762833448,0.0,0.0,0.033203125,240.0
direct,random,300.0,1800.0,0.1,0.09,5.0,2.5,10.0,10.0,10,100.0,inf,full,both,inf,180.0,0.01,0.0,0.0,256,20,3,0.5,0.1,0.99,10.0,256,20,0,512,21,4.893359375,2.4653995732112968,41.20986060370712,896.9734691766718,0.0,0.0,0.041015625,240.0
direct,random,300.0,1800.0,0.1,0.09,5.0,3.75,10.0,10.0,10,100.0,inf,full,both,inf,180.0,0.01,0.0,0.0,256,20,3,0.5,0.1,0.99,10.0,256,20,0,512,21,4.893359375,3.6641300419612968,41.150260248959,961.906673498109,0.0,0.0,0.041015625,240.0
direct,random,300.0,1800.0,0.1,0.09,5.0,4.5,10.0,10.0,10,100.0,inf,full,both,inf,180.0,0.01,0.0,0.0,256,20,3,0.5,0.1,0.99,10.0,256,20,0,512,21,4.893359375,4.383368323211297,41.16146327238935,984.5195795748126,0.0,0.0,0.041015625,240.0
direct,random,300.0,1800.0,0.1,0.09,5.0,5.0,10.0,10.0,10,100.0,inf,full,both,inf,180.0,0.01,0.0,0.0,256,20,3,0.5,0.1,0.99,10.0,256,20,0,512,21,4.893359375,4.862860510711297,41.20270733618397,1000.510523305789,0.0,0.0,0.041015625,240.0
direct,random,300.0,1800.0,0.1,0.09,5.0,5.5,10.0,10.0,10,100.0,inf,full,both,inf,180.0,0.01,0.0,0.0,256,20,3,0.5,0.1,0.99,10.0,256,20,0,512,21,4.893359375,5.342352698211297,41.18793777993663,1015.1408675488358,0.0,0.0,0.041015625,240.0
direct,random,300.0,1800.0,0.1,0.09,5.0,6.25,10.0,10.0,10,100.0,inf,full,both,inf,180.0,0.01,0.0,0.0,256,20,3,0.5,0.1,0.99,10.0,256,20,0,512,22,4.893359375,6.061590979461297,41.1738147905501,1025.2159248246833,0.0,0.0,0.04296875,240.0
direct,random,300.0,1800.0,0.1,0.09,5.0,7.5,10.0,10.0,10,100.0,inf,full,both,inf,180.0,0.01,0.0,0.0,256,20,3,0.5,0.1,0.99,10.0,256,20,0,512,22,4.893359375,7.259767603261015,41.1781383027638,1055.343077562892,0.0,0.0,0.04296875,240.0
direct,random,300.0,1800.0,0.1,0.09,5.0,10.0,10.0,10.0,10,100.0,inf,full,both,inf,180.0,0.01,0.0,0.0,256,20,3,0.5,0.1,0.99,10.0,256,20,0,512,22,4.893359375,9.652345728261016,41.1781383027638,1080.3733630316133,0.0,0.0,0.04296875,240.0
direct,random,300.0,1800.0,0.1,0.09,5.0,inf,10.0,10.0,10,100.0,inf,full,both,inf,180.0,0.01,0.0,0.0,256,20,3,0.5,0.1,0.99,10.0,256,20,0,512,22,4.893359375,11.7150952538651,41.1781383027638,1081.687216843544,0.0,0.0,0.04296875,240.0
direct,random,300.0,1800.0,0.1,0.1,5.0,1.25,10.0,10.0,10,100.0,inf,full,both,inf,180.0,0.01,0.0,0.0,256,20,3,0.5,0.1,0.99,10.0,256,20,0,512,19,4.903125,1.25,42.60349527154528,868.7983770814,0.0,0.0,0.037109375,240.0
direct,random,300.0,1800.0,0.1,0.1,5.0,2.5,10.0,10.0,10,100.0,inf,full,both,inf,180.0,0.01,0.0,0.0,256,20,3,0.5,0.1,0.99,10.0,256,20,0,512,20,4.8978515625,2.4734898532137968,42.80491307090693,907.6934911602428,0.0,0.0,0.0390625,240.0
direct,random,300.0,1800.0,0.1,0.1,5.0,3.75,10.0,10.0,10,100.0,inf,full,both,inf,180.0,0.01,0.0,0.0,256,20,3,0.5,0.1,0.99,10.0,256,20,0,512,20,4.8978515625,3.6746617282137968,42.75595685248013,980.7767010971472,0.0,0.0,0.0390625,240.0
direct,random,300.0,1800.0,0.1,0.1,5.0,4.5,10.0,10.0,10,100.0,inf,full,both,inf,180.0,0.01,0.0,0.0,256,20,3,0.5,0.1,0.99,10.0,256,20,0,512,21,4.8978515625,4.395364853213797,42.75949654954267,1016.8324123959716,0.0,0.0,0.041015625,240.0
direct,random,300.0,1800.0,0.1,0.1,5.0,5.0,10.0,10.0,10,100.0,inf,full,both,inf,180.0,0.01,0.0,0.0,256,20,3,0.5,0.1,0.99,10.0,256,20,0,512,20,4.8978515625,4.875833603213797,42.77562999434613,1032.107952169885,0.0,0.0,0.0390625,240.0
direct,random,300.0,1800.0,0.1,0.1,5.0,5.5,10.0,10.0,10,100.0,inf,full,both,inf,180.0,0.01,0.0,0.0,256,20,3,0.5,0.1,0.99,10.0,256,20,0,512,20,4.8978515625,5.356302353213797,42.80491307090693,1054.0669071676582,0.0,0.0,0.0390625,240.0
direct,random,300.0,1800.0,0.1,0.1,5.0,6.25,10.0,10.0,10,100.0,inf,full,both,inf,180.0,0.01,0.0,0.0,256,20,3,0.5,0.1,0.99,10.0,256,20,0,512,20,4.8978515625,6.077005478213797,42.72888898770483,1075.7537305459937,0.0,0.0,0.0390625,240.0
direct,random,300.0,1800.0,0.1,0.1,5.0,7.5,10.0,10.0,10,100.0,inf,full,both,inf,180.0,0.01,0.0,0.0,256,20,3,0.5,0.1,0.99,10.0,256,20,0,512,21,4.8978515625,7.278177353213797,42.76834006353457,1098.893610846017,0.0,0.0,0.041015625,240.0
direct,random,300.0,1800.0,0.1,0.1,5.0,10.0,10.0,10.0,10,100.0,inf,full,both,inf,180.0,0.01,0.0,0.0,256,20,3,0.5,0.1,0.99,10.0,256,20,0,512,21,4.8978515625,9.67623287929111,42.74676387260437,1138.5631973149602,0.0,0.0,0.041015625,240.0
direct,random,300.0,1800.0,0.1,0.1,5.0,inf,10.0,10.0,10,100.0,inf,full,both,inf,180.0,0.01,0.0,0.0,256,20,3,0.5,0.1,0.99,10.0,256,20,0,512,21,4.8978515625,13.03726884504583,42.762257106940815,1146.7153194807472,0.0,0.0,0.041015625,240.0
direct,random,300.0,1800.0,0.1,0.11,5.0,1.25,10.0,10.0,10,100.0,inf,full,both,inf,180.0,0.01,0.0,0.0,256,20,3,0.5,0.1,0.99,10.0,256,20,0,512,19,4.9041015625,1.25,44.1165299606279,878.3839222074855,0.0,0.0,0.037109375,240.0
direct,random,300.0,1800.0,0.1,0.11,5.0,2.5,10.0,10.0,10,100.0,inf,full,both,inf,180.0,0.01,0.0,0.0,256,20,3,0.5,0.1,0.99,10.0,256,20,0,512,22,4.8890625,2.479581272430318,44.52661725347795,915.6117585862268,0.0,0.0,0.04296875,240.0
direct,random,300.0,1800.0,0.1,0.11,5.0,3.75,10.0,10.0,10,100.0,inf,full,both,inf,180.0,0.01,0.0,0.0,256,20,3,0.5,0.1,0.99,10.0,256,20,0,512,22,4.8890625,3.675870334930318,44.524035921944325,983.745810306286,0.0,0.0,0.04296875,240.0
direct,random,300.0,1800.0,0.1,0.11,5.0,4.5,10.0,10.0,10,100.0,inf,full,both,inf,180.0,0.01,0.0,0.0,256,20,3,0.5,0.1,0.99,10.0,256,20,0,512,22,4.8890625,4.393643772430318,44.50097838789414,1031.10877376659,0.0,0.0,0.04296875,240.0
direct,random,300.0,1800.0,0.1,0.11,5.0,5.0,10.0,10.0,10,100.0,inf,full,both,inf,180.0,0.01,0.0,0.0,256,20,3,0.5,0.1,0.99,10.0,256,20,0,512,22,4.8890625,4.872159397430318,44.455298202507656,1059.3188813606123,0.0,0.0,0.04296875,240.0
direct,random,300.0,1800.0,0.1,0.11,5.0,5.5,10.0,10.0,10,100.0,inf,full,both,inf,180.0,0.01,0.0,0.0,256,20,3,0.5,0.1,0.99,10.0,256,20,0,512,23,4.8890625,5.350675022430318,44.50377288451296,1074.5033393320775,0.0,0.0,0.044921875,240.0
direct,random,300.0,1800.0,0.1,0.11,5.0,6.25,10.0,10.0,10,100.0,inf,full,both,inf,180.0,0.01,0.0,0.0,256,20,3,0.5,0.1,0.99,10.0,256,20,0,512,22,4.8890625,6.068448459930318,44.49499363865019,1094.1235999730582,0.0,0.0,0.04296875,240.0
direct,random,300.0,1800.0,0.1,0.11,5.0,7.5,10.0,10.0,10,100.0,inf,full,both,inf,180.0,0.01,0.0,0.0,256,20,3,0.5,0.1,0.99,10.0,256,20,0,512,23,4.8890625,7.264737522430318,44.30557462862483,1133.6459126706525,0.0,0.0,0.044921875,240.0
direct,random,300.0,1800.0,0.1,0.11,5.0,10.0,10.0,10.0,10,100.0,inf,full,both,inf,180.0,0.01,0.0,0.0,256,20,3,0.5,0.1,0.99,10.0,256,20,0,512,22,4.8890625,9.657315647430318,44.50301254886636,1187.4756381135903,0.0,0.0,0.04296875,240.0
direct,random,300.0,1800.0,0.1,0.11,5.0,inf,10.0,10.0,10,100.0,inf,full,both,inf,180.0,0.01,0.0,0.0,256,20,3,0.5,0.1,0.99,10.0,256,20,0,512,22,4.8890625,14.303725333335734,44.50301254886636,1207.277030267663,0.0,0.0,0.04296875,240.0
direct,random,300.0,1800.0,0.1,0.125,5.0,1.25,10.0,10.0,10,100.0,inf,full,both,inf,180.0,0.01,0.0,0.0,256,20,3,0.5,0.1,0.99,10.0,256,20,0,512,18,4.9087890625,1.25,46.02885452390584,890.3855404854299,0.0,0.0,0.03515625,240.0
direct,random,300.0,1800.0,0.1,0.125,5.0,2.5,10.0,10.0,10,100.0,inf,full,both,inf,180.0,0.01,0.0,0.0,256,20,3,0.5,0.1,0.99,10.0,256,20,0,512,18,4.9091796875,2.491458837171496,47.385002757837285,936.9672082319416,0.0,0.0,0.03515625,240.0
direct,random,300.0,1800.0,0.1,0.125,5.0,3.75,10.0,10.0,10,100.0,inf,full,both,inf,180.0,0.01,0.0,0.0,256,20,3,0.5,0.1,0.99,10.0,256,20,0,512,19,4.9048828125,3.6964758554668737,47.31720660750967,1002.1355442890332,0.0,0.0,0.037109375,240.0
direct,random,300.0,1800.0,0.1,0.125,5.0,4.5,10.0,10.0,10,100.0,inf,full,both,inf,180.0,0.01,0.0,0.0,256,20,3,0.5,0.1,0.99,10.0,256,20,0,512,19,4.9048828125,4.418643824216874,47.27054946659469,1069.6165157836729,0.0,0.0,0.037109375,240.0
direct,random,300.0,1800.0,0.1,0.125,5.0,5.0,10.0,10.0,10,100.0,inf,full,both,inf,180.0,0.01,0.0,0.0,256,20,3,0.5,0.1,0.99,10.0,256,20,0,512,19,4.9048828125,4.900089136716874,47.34251919231372,1091.405165080587,0.0,0.0,0.037109375,240.0
direct,random,300.0,1800.0,0.1,0.125,5.0,5.5,10.0,10.0,10,100.0,inf,full,both,inf,180.0,0.01,0.0,0.0,256,20,3,0.5,0.1,0.99,10.0,256,20,0,512,19,4.9048828125,5.381534449216874,47.26648888636732,1124.6351974424365,0.0,0.0,0.037109375,240.0
direct,random,300.0,1800.0,0.1,0.125,5.0,6.25,10.0,10.0,10,100.0,inf,full,both,inf,180.0,0.01,0.0,0.0,256,20,3,0.5,0.1,0.99,10.0,256,20,0,512,19,4.9048828125,6.103702417966874,47.34251919231372,1153.401490811416,0.0,0.0,0.037109375,240.0
direct,random,300.0,1800.0,0.1,0.125,5.0,7.5,10.0,10.0,10,100.0,inf,full,both,inf,180.0,0.01,0.0,0.0,256,20,3,0.5,0.1,0.99,10.0,256,20,0,512,19,4.9048828125,7.307315699216874,47.27952444874548,1195.579562844383,0.0,0.0,0.037109375,240.0
direct,random,300.0,1800.0,0.1,0.125,5.0,10.0,10.0,10.0,10,100.0,inf,full,both,inf,180.0,0.01,0.0,0.0,256,20,3,0.5,0.1,0.99,10.0,256,20,0,512,19,4.9048828125,9.714542261716874,47.278479267466665,1272.6826444475664,0.0,0.0,0.037109375,240.0
direct,random,300.0,1800.0,0.1,0.125,5.0,inf,10.0,10.0,10,100.0,inf,full,both,inf,180.0,0.01,0.0,0.0,256,20,3,0.5,0.1,0.99,10.0,256,20,0,512,19,4.9048828125,16.34335074815224,47.31520318764586,1314.9127973820837,0.0,0.0,0.037109375,240.0
direct,random,300.0,1800.0,0.1,0.15,5.0,1.25,10.0,10.0,10,100.0,inf,full,both,inf,180.0,0.01,0.0,0.0,256,20,3,0.5,0.1,0.99,10.0,256,20,0,512,16,4.9189453125,1.25,49.20551956252544,934.098514539914,0.0,0.0,0.03125,240.0
direct,random,300.0,1800.0,0.1,0.15,5.0,2.5,10.0,10.0,10,100.0,inf,full,both,inf,180.0,0.01,0.0,0.0,256,20,3,0.5,0.1,0.99,10.0,256,20,0,512,15,4.925,2.499295526406199,52.71499377903086,973.3105473192396,0.0,0.0,0.029296875,240.0
direct,random,300.0,1800.0,0.1,0.15,5.0,3.75,10.0,10.0,10,100.0,inf,full,both,inf,180.0,0.01,0.0,0.0,256,20,3,0.5,0.1,0.99,10.0,256,20,0,512,16,4.9203125,3.720324140190538,52.51613761515402,1039.7278132682204,0.0,0.0,0.03125,245.0
direct,random,300.0,1800.0,0.1,0.15,5.0,4.5,10.0,10.0,10,100.0,inf,full,both,inf,180.0,0.01,0.0,0.0,256,20,3,0.5,0.1,0.99,10.0,256,20,0,512,16,4.9203125,4.446886640190538,52.51618178614937,1091.20294594475,0.0,0.0,0.03125,245.0
direct,random,300.0,1800.0,0.1,0.15,5.0,5.0,10.0,10.0,10,100.0,inf,full,both,inf,180.0,0.01,0.0,0.0,256,20,3,0.5,0.1,0.99,10.0,256,20,0,512,16,4.9203125,4.931261640190538,52.39366386541279,1130.2505103286676,0.0,0.0,0.03125,245.0
direct,random,300.0,1800.0,0.1,0.15,5.0,5.5,10.0,10.0,10,100.0,inf,full,both,inf,180.0,0.01,0.0,0.0,256,20,3,0.5,0.1,0.99,10.0,256,20,0,512,16,4.9203125,5.415636640190538,52.41585698629832,1179.4333430408735,0.0,0.0,0.03125,245.0
direct,random,300.0,1800.0,0.1,0.15,5.0,6.25,10.0,10.0,10,100.0,inf,full,both,inf,180.0,0.01,0.0,0.0,256,20,3,0.5,0.1,0.99,10.0,256,20,0,512,16,4.9203125,6.142199140190538,52.494410596904046,1229.009029392371,0.0,0.0,0.03125,245.0
direct,random,300.0,1800.0,0.1,0.15,5.0,7.5,10.0,10.0,10,100.0,inf,full,both,inf,180.0,0.01,0.0,0.0,256,20,3,0.5,0.1,0.99,10.0,256,20,0,512,16,4.9203125,7.353136640190538,52.48511562016908,1290.49219584013,0.0,0.0,0.03125,245.0
direct,random,300.0,1800.0,0.1,0.15,5.0,10.0,10.0,10.0,10,100.0,inf,full,both,inf,180.0,0.01,0.0,0.0,256,20,3,0.5,0.1,0.99,10.0,256,20,0,512,18,4.9203125,9.773786487433354,52.31447796729387,1389.3569465569665,0.0,0.0,0.03515625,250.0
direct,random,300.0,1800.0,0.1,0.15,5.0,inf,10.0,10.0,10,100.0,inf,full,both,inf,180.0,0.01,0.0,0.0,256,20,3,0.5,0.1,0.99,10.0,256,20,0,512,17,4.9203125,19.6922434232819,52.299855827103954,1497.2033594606503,0.0,0.0,0.033203125,250.0
direct,random,300.0,1800.0,0.1,0.2,5.0,1.25,10.0,10.0,10,100.0,inf,full,both,inf,180.0,0.01,0.0,0.0,256,20,3,0.5,0.1,0.99,10.0,256,20,0,512,16,4.916796875,1.25,54.592146841060206,978.9808131019014,0.0,0.0,0.03125,230.0
direct,random,300.0,1800.0,0.1,0.2,5.0,2.5,10.0,10.0,10,100.0,inf,full,both,inf,180.0,0.01,0.0,0.0,256,20,3,0.5,0.1,0.99,10.0,256,20,0,512,15,4.921484375,2.5,63.21921195817991,1053.975239088198,0.0,0.0,0.029296875,230.0
direct,random,300.0,1800.0,0.1,0.2,5.0,3.75,10.0,10.0,10,100.0,inf,full,both,inf,180.0,0.01,0.0,0.0,256,20,3,0.5,0.1,0.99,10.0,256,20,0,512,10,4.949609375,3.74441527115988,64.43853384790495,1128.5916311767207,0.0,0.0,0.01953125,235.0
direct,random,300.0,1800.0,0.1,0.2,5.0,4.5,10.0,10.0,10,100.0,inf,full,both,inf,180.0,0.01,0.0,0.0,256,20,3,0.5,0.1,0.99,10.0,256,20,0,512,9,4.9537109375,4.483484854255241,64.34053748052925,1171.262082254732,0.0,0.0,0.017578125,220.0
direct,random,300.0,1800.0,0.1,0.2,5.0,5.0,10.0,10.0,10,100.0,inf,full,both,inf,180.0,0.01,0.0,0.0,256,20,3,0.5,0.1,0.99,10.0,256,20,0,512,9,4.9537109375,4.974695791755241,64.24285063973988,1208.2385231848325,0.0,0.0,0.017578125,220.0
direct,random,300.0,1800.0,0.1,0.2,5.0,5.5,10.0,10.0,10,100.0,inf,full,both,inf,180.0,0.01,0.0,0.0,256,20,3,0.5,0.1,0.99,10.0,256,20,0,512,9,4.9537109375,5.465906729255241,64.22456040741156,1260.3338806400095,0.0,0.0,0.017578125,220.0
direct,random,300.0,1800.0,0.1,0.2,5.0,6.25,10.0,10.0,10,100.0,inf,full,both,inf,180.0,0.01,0.0,0.0,256,20,3,0.5,0.1,0.99,10.0,256,20,0,512,9,4.9537109375,6.202723135505241,64.06812696019105,1305.177494787113,0.0,0.0,0.017578125,220.0
direct,random,300.0,1800.0,0.1,0.2,5.0,7.5,10.0,10.0,10,100.0,inf,full,both,inf,180.0,0.01,0.0,0.0,256,20,3,0.5,0.1,0.99,10.0,256,20,0,512,9,4.9537109375,7.430750479255241,64.11381227640435,1443.2246396590783,0.0,0.0,0.017578125,220.0
direct,random,300.0,1800.0,0.1,0.2,5.0,10.0,10.0,10.0,10,100.0,inf,full,both,inf,180.0,0.01,0.0,0.0,256,20,3,0.5,0.1,0.99,10.0,256,20,0,512,9,4.9537109375,9.88680516675524,64.0705992293511,1609.0393869122363,0.0,0.0,0.017578125,220.0
direct,random,300.0,1800.0,0.1,0.2,5.0,inf,10.0,10.0,10,100.0,inf,full,both,inf,180.0,0.01,0.0,0.0,256,20,3,0.5,0.1,0.99,10.0,256,20,0,512,11,4.9537109375,26.56187328154224,63.67556874237666,1904.4001659549208,0.0,0.0,0.021484375,250.0
direct,transverse,300.0,1800.0,0.1,0.025,5.0,1.25,10.0,10.0,10,100.0,inf,full,both,inf,180.0,0.01,0.0,0.0,256,20,3,0.5,0.1,0.99,10.0,256,20,0,512,94,4.5291015625,1.132275390625,20.37967948634327,887.2199172264814,0.0,0.0,0.18359375,240.0
direct,transverse,300.0,1800.0,0.1,0.025,5.0,2.5,10.0,10.0,10,100.0,inf,full,both,inf,180.0,0.01,0.0,0.0,256,20,3,0.5,0.1,0.99,10.0,256,20,0,512,94,4.5291015625,2.152783203125,20.37967948634327,1572.008639743432,0.0,0.0,0.18359375,240.0
direct,transverse,300.0,1800.0,0.1,0.025,5.0,3.75,10.0,10.0,10,100.0,inf,full,both,inf,180.0,0.01,0.0,0.0,256,20,3,0.5,0.1,0.99,10.0,256,20,0,512,94,4.5291015625,3.173291015625,20.37967948634327,1773.4149390063455,0.0,0.0,0.18359375,240.0
direct,transverse,300.0,1800.0,0.1,0.025,5.0,4.5,10.0,10.0,10,100.0,inf,full,both,inf,180.0,0.01,0.0,0.0,256,20,3,0.5,0.1,0.99,10.0,256,20,0,512,94,4.5291015625,3.785595703124997,20.37967948634327,1785.7260537380982,0.0,0.0,0.18359375,240.0
direct,transverse,300.0,1800.0,0.1,0.025,5.0,5.0,10.0,10.0,10,100.0,inf,full,both,inf,180.0,0.01,0.0,0.0,256,20,3,0.5,0.1,0.99,10.0,256,20,0,512,94,4.5291015625,3.785595703124997,20.37967948634327,1785.7260537380982,0.0,0.0,0.18359375,240.0
direct,transverse,300.0,1800.0,0.1,0.025,5.0,5.5,10.0,10.0,10,100.0,inf,full,both,inf,180.0,0.01,0.0,0.0,256,20,3,0.5,0.1,0.99,10.0,256,20,0,512,94,4.5291015625,3.785595703124997,20.37967948634327,1785.7260537380982,0.0,0.0,0.18359375,240.0
direct,transverse,300.0,1800.0,0.1,0.025,5.0,6.25,10.0,10.0,10,100.0,inf,full,both,inf,180.0,0.01,0.0,0.0,256,20,3,0.5,0.1,0.99,10.0,256,20,0,512,94,4.5291015625,3.785595703124997,20.37967948634327,1785.7260537380982,0.0,0.0,0.18359375,240.0
direct,transverse,300.0,1800.0,0.1,0.025,5.0,7.5,10.0,10.0,10,100.0,inf,full,both,inf,180.0,0.01,0.0,0.0,256,20,3,0.5,0.1,0.99,10.0,256,20,0,512,94,4.5291015625,3.785595703124997,20.37967948634327,1785.7260537380982,0.0,0.0,0.18359375,240.0
direct,transverse,300.0,1800.0,0.1,0.025,5.0,10.0,10.0,10.0,10,100.0,inf,full,both,inf,180.0,0.01,0.0,0.0,256,20,3,0.5,0.1,0.99,10.0,256,20,0,512,94,4.5291015625,3.785595703124997,20.37967948634327,1785.7260537380982,0.0,0.0,0.18359375,240.0
direct,transverse,300.0,1800.0,0.1,0.025,5.0,inf,10.0,10.0,10,100.0,inf,full,both,inf,180.0,0.01,0.0,0.0,256,20,3,0.5,0.1,0.99,10.0,256,20,0,512,94,4.5291015625,3.785595703124997,20.37967948634327,1785.7260537380982,0.0,0.0,0.18359375,240.0
direct,transverse,300.0,1800.0,0.1,0.05,5.0,1.25,10.0,10.0,10,100.0,inf,full,both,inf,180.0,0.01,0.0,0.0,256,20,3,0.5,0.1,0.99,10.0,256,20,0,512,0,5.0,1.25,69.79736021225577,1092.9685262047672,0.0,0.0,0.0,
direct,transverse,300.0,1800.0,0.1,0.05,5.0,2.5,10.0,10.0,10,100.0,inf,full,both,inf,180.0,0.01,0.0,0.0,256,20,3,0.5,0.1,0.99,10.0,256,20,0,512,0,5.0,2.5,69.79736021225577,2554.2560625120013,0.0,0.0,0.0,
direct,transverse,300.0,1800.0,0.1,0.05,5.0,3.75,10.0,10.0,10,100.0,inf,full,both,inf,180.0,0.01,0.0,0.0,256,20,3,0.5,0.1,0.99,10.0,256,20,0,512,0,5.0,3.75,69.79736021225577,3538.693362781576,0.0,0.0,0.0,
direct,transverse,300.0,1800.0,0.1,0.05,5.0,4.5,10.0,10.0,10,100.0,inf,full,both,inf,180.0,0.01,0.0,0.0,256,20,3,0.5,0.1,0.99,10.0,256,20,0,512,0,5.0,4.5,69.79736021225577,3868.866781139685,0.0,0.0,0.0,
direct,transverse,300.0,1800.0,0.1,0.05,5.0,5.0,10.0,10.0,10,100.0,inf,full,both,inf,180.0,0.01,0.0,0.0,256,20,3,0.5,0.1,0.99,10.0,256,20,0,512,0,5.0,5.0,69.79736021225577,4026.480934463497,0.0,0.0,0.0,
direct,transverse,300.0,1800.0,0.1,0.05,5.0,5.5,10.0,10.0,10,100.0,inf,full,both,inf,180.0,0.01,0.0,0.0,256,20,3,0.5,0.1,0.99,10.0,256,20,0,512,0,5.0,5.5,69.79736021225577,4148.239045093915,0.0,0.0,0.0,
direct,transverse,300.0,1800.0,0.1,0.05,5.0,6.25,10.0,10.0,10,100.0,inf,full,both,inf,180.0,0.01,0.0,0.0,256,20,3,0.5,0.1,0.99,10.0,256,20,0,512,0,5.0,6.25,69.79736021225577,4278.333903038269,0.0,0.0,0.0,
direct,transverse,300.0,1800.0,0.1,0.05,5.0,7.5,10.0,10.0,10,100.0,inf,full,both,inf,180.0,0.01,0.0,0.0,256,20,3,0.5,0.1,0.99,10.0,256,20,0,512,0,5.0,7.5,69.79736021225577,4389.215895424945,0.0,0.0,0.0,
direct,transverse,300.0,1800.0,0.1,0.05,5.0,10.0,10.0,10.0,10,100.0,inf,full,both,inf,180.0,0.01,0.0,0.0,256,20,3,0.5,0.1,0.99,10.0,256,20,0,512,0,5.0,8.999999999999993,69.79736021225577,4414.114406217089,0.0,0.0,0.0,
direct,transverse,300.0,1800.0,0.1,0.05,5.0,inf,10.0,10.0,10,100.0,inf,full,both,inf,180.0,0.01,0.0,0.0,256,20,3,0.5,0.1,0.99,10.0,256,20,0,512,0,5.0,8.999999999999993,69.79736021225577,4414.114406217089,0.0,0.0,0.0,
direct,transverse,300.0,1800.0,0.1,0.075,5.0,1.25,10.0,10.0,10,100.0,inf,full,both,inf,180.0,0.01,0.0,0.0,256,20,3,0.5,0.1,0.99,10.0,256,20,0,512,0,5.0,1.25,106.59041036188056,1249.3030320879836,0.0,0.0,0.0,
direct,transverse,300.0,1800.0,0.1,0.075,5.0,2.5,10.0,10.0,10,100.0,inf,full,both,inf,180.0,0.01,0.0,0.0,256,20,3,0.5,0.1,0.99,10.0,256,20,0,512,0,5.0,2.5,115.7103383977898,2448.780281282891,0.0,0.0,0.0,
direct,transverse,300.0,1800.0,0.1,0.075,5.0,3.75,10.0,10.0,10,100.0,inf,full,both,inf,180.0,0.01,0.0,0.0,256,20,3,0.5,0.1,0.99,10.0,256,20,0,512,0,5.0,3.75,115.7103383977898,3967.47604221106,0.0,0.0,0.0,
direct,transverse,300.0,1800.0,0.1,0.075,5.0,4.5,10.0,10.0,10,100.0,inf,full,both,inf,180.0,0.01,0.0,0.0,256,20,3,0.5,0.1,0.99,10.0,256,20,0,512,0,5.0,4.5,115.7103383977898,4656.054797783369,0.0,0.0,0.0,
direct,transverse,300.0,1800.0,0.1,0.075,5.0,5.0,10.0,10.0,10,100.0,inf,full,both,inf,180.0,0.01,0.0,0.0,256,20,3,0.5,0.1,0.99,10.0,256,20,0,512,0,5.0,5.0,115.7103383977898,5010.846525890541,0.0,0.0,0.0,
direct,transverse,300.0,1800.0,0.1,0.075,5.0,5.5,10.0,10.0,10,100.0,inf,full,both,inf,180.0,0.01,0.0,0.0,256,20,3,0.5,0.1,0.99,10.0,256,20,0,512,0,5.0,5.5,115.7103383977898,5301.044047527464,0.0,0.0,0.0,
direct,transverse,300.0,1800.0,0.1,0.075,5.0,6.25,10.0,10.0,10,100.0,inf,full,both,inf,180.0,0.01,0.0,0.0,256,20,3,0.5,0.1,0.99,10.0,256,20,0,512,0,5.0,6.25,115.7103383977898,5644.8313284115575,0.0,0.0,0.0,
direct,transverse,300.0,1800.0,0.1,0.075,5.0,7.5,10.0,10.0,10,100.0,inf,full,both,inf,180.0,0.01,0.0,0.0,256,20,3,0.5,0.1,0.99,10.0,256,20,0,512,0,5.0,7.5,115.7103383977898,6050.916010079165,0.0,0.0,0.0,
direct,transverse,300.0,1800.0,0.1,0.075,5.0,10.0,10.0,10.0,10,100.0,inf,full,both,inf,180.0,0.01,0.0,0.0,256,20,3,0.5,0.1,0.99,10.0,256,20,0,512,0,5.0,10.0,115.7103383977898,6481.994967829191,0.0,0.0,0.0,
direct,transverse,300.0,1800.0,0.1,0.075,5.0,inf,10.0,10.0,10,100.0,inf,full,both,inf,180.0,0.01,0.0,0.0,256,20,3,0.5,0.1,0.99,10.0,256,20,0,512,0,5.0,13.49999999999996,115.7103383977898,6606.551179106923,0.0,0.0,0.0,
direct,transverse,300.0,1800.0,0.1,0.09,5.0,1.25,10.0,10.0,10,100.0,inf,full,both,inf,180.0,0.01,0.0,0.0,256,20,3,0.5,0.1,0.99,10.0,256,20,0,512,0,5.0,1.25,118.0656572412234,1365.2721604510396,0.0,0.0,0.0,
direct,transverse,300.0,1800.0,0.1,0.09,5.0,2.5,10.0,10.0,10,100.0,inf,full,both,inf,180.0,0.01,0.0,0.0,256,20,3,0.5,0.1,0.99,10.0,256,20,0,512,0,5.0,2.5,139.7813589339332,2258.671136829877,0.0,0.0,0.0,
direct,transverse,300.0,1800.0,0.1,0.09,5.0,3.75,10.0,10.0,10,100.0,inf,full,both,inf,180.0,0.01,0.0,0.0,256,20,3,0.5,0.1,0.99,10.0,256,20,0,512,0,5.0,3.75,139.7813589339332,3933.1818667994944,0.0,0.0,0.0,
direct,transverse,300.0,1800.0,0.1,0.09,5.0,4.5,10.0,10.0,10,100.0,inf,full,both,inf,180.0,0.01,0.0,0.0,256,20,3,0.5,0.1,0.99,10.0,256,20,0,512,0,5.0,4.5,139.7813589339332,4792.741078998824,0.0,0.0,0.0,
direct,transverse,300.0,1800.0,0.1,0.09,5.0,5.0,10.0,10.0,10,100.0,inf,full,both,inf,180.0,0.01,0.0,0.0,256,20,3,0.5,0.1,0.99,10.0,256,20,0,512,0,5.0,5.0,139.7813589339332,5273.778300679493,0.0,0.0,0.0,
direct,transverse,300.0,1800.0,0.1,0.09,5.0,5.5,10.0,10.0,10,100.0,inf,full,both,inf,180.0,0.01,0.0,0.0,256,20,3,0.5,0.1,0.99,10.0,256,20,0,512,0,5.0,5.5,139.7813589339332,5681.370995378856,0.0,0.0,0.0,
direct,transverse,300.0,1800.0,0.1,0.09,5.0,6.25,10.0,10.0,10,100.0,inf,full,both,inf,180.0,0.01,0.0,0.0,256,20,3,0.5,0.1,0.99,10.0,256,20,0,512,0,5.0,6.25,139.7813589339332,6175.472296834173,0.0,0.0,0.0,
direct,transverse,300.0,1800.0,0.1,0.09,5.0,7.5,10.0,10.0,10,100.0,inf,full,both,inf,180.0,0.01,0.0,0.0,256,20,3,0.5,0.1,0.99,10.0,256,20,0,512,0,5.0,7.5,139.7813589339332,6774.500771136114,0.0,0.0,0.0,
direct,transverse,300.0,1800.0,0.1,0.09,5.0,10.0,10.0,10.0,10,100.0,inf,full,both,inf,180.0,0.01,0.0,0.0,256,20,3,0.5,0.1,0.99,10.0,256,20,0,512,0,5.0,10.0,139.7813589339332,7480.848364430793,0.0,0.0,0.0,
direct,transverse,300.0,1800.0,0.1,0.09,5.0,inf,10.0,10.0,10,100.0,inf,full,both,inf,180.0,0.01,0.0,0.0,256,20,3,0.5,0.1,0.99,10.0,256,20,0,512,0,5.0,16.19999999999998,139.7813589339332,7914.885057783829,0.0,0.0,0.0,
direct,transverse,300.0,1800.0,0.1,0.1,5.0,1.25,10.0,10.0,10,100.0,inf,full,both,inf,180.0,0.01,0.0,0.0,256,20,3,0.5,0.1,0.99,10.0,256,20,0,512,0,5.0,1.25,123.30970217446529,1424.9563051724683,0.0,0.0,0.0,
direct,transverse,300.0,1800.0,0.1,0.1,5.0,2.5,10.0,10.0,10,100.0,inf,full,both,inf,180.0,0.01,0.0,0.0,256,20,3,0.5,0.1,0.99,10.0,256,20,0,512,0,5.0,2.5,154.24268329891862,2115.984059923823,0.0,0.0,0.0,
direct,transverse,300.0,1800.0,0.1,0.1,5.0,3.75,10.0,10.0,10,100.0,inf,full,both,inf,180.0,0.01,0.0,0.0,256,20,3,0.5,0.1,0.99,10.0,256,20,0,512,0,5.0,3.75,154.24268329891862,3861.93233868794,0.0,0.0,0.0,
direct,transverse,300.0,1800.0,0.1,0.1,5.0,4.5,10.0,10.0,10,100.0,inf,full,both,inf,180.0,0.01,0.0,0.0,256,20,3,0.5,0.1,0.99,10.0,256,20,0,512,0,5.0,4.5,154.24268329891862,4787.462089895369,0.0,0.0,0.0,
direct,transverse,300.0,1800.0,0.1,0.1,5.0,5.0,10.0,10.0,10,100.0,inf,full,both,inf,180.0,0.01,0.0,0.0,256,20,3,0.5,0.1,0.99,10.0,256,20,0,512,0,5.0,5.0,154.24268329891862,5336.88783257016,0.0,0.0,0.0,
direct,transverse,300.0,1800.0,0.1,0.1,5.0,5.5,10.0,10.0,10,100.0,inf,full,both,inf,180.0,0.01,0.0,0.0,256,20,3,0.5,0.1,0.99,10.0,256,20,0,512,0,5.0,5.5,154.24268329891862,5817.993649865392,0.0,0.0,0.0,
direct,transverse,300.0,1800.0,0.1,0.1,5.0,6.25,10.0,10.0,10,100.0,inf,full,both,inf,180.0,0.01,0.0,0.0,256,20,3,0.5,0.1,0.99,10.0,256,20,0,512,0,5.0,6.25,154.24268329891862,6416.27630912407,0.0,0.0,0.0,
direct,transverse,300.0,1800.0,0.1,0.1,5.0,7.5,10.0,10.0,10,100.0,inf,full,both,inf,180.0,0.01,0.0,0.0,256,20,3,0.5,0.1,0.99,10.0,256,20,0,512,0,5.0,7.5,154.24268329891862,7158.229986868934,0.0,0.0,0.0,
direct,transverse,300.0,1800.0,0.1,0.1,5.0,10.0,10.0,10.0,10,100.0,inf,full,both,inf,180.0,0.01,0.0,0.0,256,20,3,0.5,0.1,0.99,10.0,256,20,0,512,0,5.0,10.0,154.24268329891862,8058.63225369156,0.0,0.0,0.0,
direct,transverse,300.0,1800.0,0.1,0.1,5.0,inf,10.0,10.0,10,100.0,inf,full,both,inf,180.0,0.01,0.0,0.0,256,20,3,0.5,0.1,0.99,10.0,256,20,0,512,0,5.0,17.999999999999986,154.24268329891862,8788.058609736776,0.0,0.0,0.0,
direct,transverse,300.0,1800.0,0.1,0.11,5.0,1.25,10.0,10.0,10,100.0,inf,full,both,inf,180.0,0.01,0.0,0.0,256,20,3,0.5,0.1,0.99,10.0,256,20,0,512,0,5.0,1.25,127.37672425833284,1472.8454097038932,0.0,0.0,0.0,
direct,transverse,300.0,1800.0,0.1,0.11,5.0,2.5,10.0,10.0,10,100.0,inf,full,both,inf,180.0,0.01,0.0,0.0,256,20,3,0.5,0.1,0.99,10.0,256,20,0,512,0,5.0,2.5,167.31417860532673,1987.7017022542184,0.0,0.0,0.0,
direct,transverse,300.0,1800.0,0.1,0.11,5.0,3.75,10.0,10.0,10,100.0,inf,full,both,inf,180.0,0.01,0.0,0.0,256,20,3,0.5,0.1,0.99,10.0,256,20,0,512,0,5.0,3.75,167.3158483116962,3771.558117239247,0.0,0.0,0.0,
direct,transverse,300.0,1800.0,0.1,0.11,5.0,4.5,10.0,10.0,10,100.0,inf,full,both,inf,180.0,0.01,0.0,0.0,256,20,3,0.5,0.1,0.99,10.0,256,20,0,512,0,5.0,4.5,167.3158483116962,4744.084117236342,0.0,0.0,0.0,
direct,transverse,300.0,1800.0,0.1,0.11,5.0,5.0,10.0,10.0,10,100.0,inf,full,both,inf,180.0,0.01,0.0,0.0,256,20,3,0.5,0.1,0.99,10.0,256,20,0,512,0,5.0,5.0,167.3158483116962,5336.688704448732,0.0,0.0,0.0,
direct,transverse,300.0,1800.0,0.1,0.11,5.0,5.5,10.0,10.0,10,100.0,inf,full,both,inf,180.0,0.01,0.0,0.0,256,20,3,0.5,0.1,0.99,10.0,256,20,0,512,0,5.0,5.5,167.3158483116962,5878.490278101547,0.0,0.0,0.0,
direct,transverse,300.0,1800.0,0.1,0.11,5.0,6.25,10.0,10.0,10,100.0,inf,full,both,inf,180.0,0.01,0.0,0.0,256,20,3,0.5,0.1,0.99,10.0,256,20,0,512,0,5.0,6.25,167.3158483116962,6574.671759603077,0.0,0.0,0.0,
direct,transverse,300.0,1800.0,0.1,0.11,5.0,7.5,10.0,10.0,10,100.0,inf,full,both,inf,180.0,0.01,0.0,0.0,256,20,3,0.5,0.1,0.99,10.0,256,20,0,512,0,5.0,7.5,167.3158483116962,7462.768024185051,0.0,0.0,0.0,
direct,transverse,300.0,1800.0,0.1,0.11,5.0,10.0,10.0,10.0,10,100.0,inf,full,both,inf,180.0,0.01,0.0,0.0,256,20,3,0.5,0.1,0.99,10.0,256,20,0,512,0,5.0,10.0,167.3158483116962,8571.447339202106,0.0,0.0,0.0,
direct,transverse,300.0,1800.0,0.1,0.11,5.0,inf,10.0,10.0,10,100.0,inf,full,both,inf,180.0,0.01,0.0,0.0,256,20,3,0.5,0.1,0.99,10.0,256,20,0,512,0,5.0,19.79999999999995,167.3158483116962,9662.931736056576,0.0,0.0,0.0,
direct,transverse,300.0,1800.0,0.1,0.125,5.0,1.25,10.0,10.0,10,100.0,inf,full,both,inf,180.0,0.01,0.0,0.0,256,20,3,0.5,0.1,0.99,10.0,256,20,0,512,0,5.0,1.25,132.2911264286151,1534.7849507704243,0.0,0.0,0.0,
direct,transverse,300.0,1800.0,0.1,0.125,5.0,2.5,10.0,10.0,10,100.0,inf,full,both,inf,180.0,0.01,0.0,0.0,256,20,3,0.5,0.1,0.99,10.0,256,20,0,512,0,5.0,2.5,184.65689802520785,1851.074472248064,0.0,0.0,0.0,
direct,transverse,300.0,1800.0,0.1,0.125,5.0,3.75,10.0,10.0,10,100.0,inf,full,both,inf,180.0,0.01,0.0,0.0,256,20,3,0.5,0.1,0.99,10.0,256,20,0,512,0,5.0,3.75,184.68571907574287,3618.139335198448,0.0,0.0,0.0,
direct,transverse,300.0,1800.0,0.1,0.125,5.0,4.5,10.0,10.0,10,100.0,inf,full,both,inf,180.0,0.01,0.0,0.0,256,20,3,0.5,0.1,0.99,10.0,256,20,0,512,0,5.0,4.5,184.68571907574287,4650.290870165247,0.0,0.0,0.0,
direct,transverse,300.0,1800.0,0.1,0.125,5.0,5.0,10.0,10.0,10,100.0,inf,full,both,inf,180.0,0.01,0.0,0.0,256,20,3,0.5,0.1,0.99,10.0,256,20,0,512,0,5.0,5.0,184.68571907574287,5288.200197954633,0.0,0.0,0.0,
direct,transverse,300.0,1800.0,0.1,0.125,5.0,5.5,10.0,10.0,10,100.0,inf,full,both,inf,180.0,0.01,0.0,0.0,256,20,3,0.5,0.1,0.99,10.0,256,20,0,512,0,5.0,5.5,184.68571907574287,5886.407570666858,0.0,0.0,0.0,
direct,transverse,300.0,1800.0,0.1,0.125,5.0,6.25,10.0,10.0,10,100.0,inf,full,both,inf,180.0,0.01,0.0,0.0,256,20,3,0.5,0.1,0.99,10.0,256,20,0,512,0,5.0,6.25,184.68571907574287,6699.912907684403,0.0,0.0,0.0,
direct,transverse,300.0,1800.0,0.1,0.125,5.0,7.5,10.0,10.0,10,100.0,inf,full,both,inf,180.0,0.01,0.0,0.0,256,20,3,0.5,0.1,0.99,10.0,256,20,0,512,0,5.0,7.5,184.68571907574287,7797.045832229813,0.0,0.0,0.0,
direct,transverse,300.0,1800.0,0.1,0.125,5.0,10.0,10.0,10.0,10,100.0,inf,full,both,inf,180.0,0.01,0.0,0.0,256,20,3,0.5,0.1,0.99,10.0,256,20,0,512,0,5.0,10.0,184.68571907574287,9230.342926771837,0.0,0.0,0.0,
direct,transverse,300.0,1800.0,0.1,0.125,5.0,inf,10.0,10.0,10,100.0,inf,full,both,inf,180.0,0.01,0.0,0.0,256,20,3,0.5,0.1,0.99,10.0,256,20,0,512,0,5.0,22.5,184.68571907574287,10974.264504960898,0.0,0.0,0.0,
direct,transverse,300.0,1800.0,0.1,0.15,5.0,1.25,10.0,10.0,10,100.0,inf,full,both,inf,180.0,0.01,0.0,0.0,256,20,3,0.5,0.1,0.99,10.0,256,20,0,512,0,5.0,1.25,137.32711485321738,1602.855952070611,0.0,0.0,0.0,
direct,transverse,300.0,1800.0,0.1,0.15,5.0,2.5,10.0,10.0,10,100.0,inf,full,both,inf,180.0,0.01,0.0,0.0,256,20,3,0.5,0.1,0.99,10.0,256,20,0,512,0,5.0,2.5,207.76286125772916,1748.9909262561073,0.0,0.0,0.0,
direct,transverse,300.0,1800.0,0.1,0.15,5.0,3.75,10.0,10.0,10,100.0,inf,full,both,inf,180.0,0.01,0.0,0.0,256,20,3,0.5,0.1,0.99,10.0,256,20,0,512,0,5.0,3.75,208.0035564813347,3354.479945574764,0.0,0.0,0.0,
direct,transverse,300.0,1800.0,0.1,0.15,5.0,4.5,10.0,10.0,10,100.0,inf,full,both,inf,180.0,0.01,0.0,0.0,256,20,3,0.5,0.1,0.99,10.0,256,20,0,512,0,5.0,4.5,208.0035564813347,4466.380216392779,0.0,0.0,0.0,
direct,transverse,300.0,1800.0,0.1,0.15,5.0,5.0,10.0,10.0,10,100.0,inf,full,both,inf,180.0,0.01,0.0,0.0,256,20,3,0.5,0.1,0.99,10.0,256,20,0,512,0,5.0,5.0,208.0035564813347,5154.946455295504,0.0,0.0,0.0,
direct,transverse,300.0,1800.0,0.1,0.15,5.0,5.5,10.0,10.0,10,100.0,inf,full,both,inf,180.0,0.01,0.0,0.0,256,20,3,0.5,0.1,0.99,10.0,256,20,0,512,0,5.0,5.5,208.0035564813347,5807.734267862575,0.0,0.0,0.0,
direct,transverse,300.0,1800.0,0.1,0.15,5.0,6.25,10.0,10.0,10,100.0,inf,full,both,inf,180.0,0.01,0.0,0.0,256,20,3,0.5,0.1,0.99,10.0,256,20,0,512,0,5.0,6.25,208.0035564813347,6723.856977989942,0.0,0.0,0.0,
direct,transverse,300.0,1800.0,0.1,0.15,5.0,7.5,10.0,10.0,10,100.0,inf,full,both,inf,180.0,0.01,0.0,0.0,256,20,3,0.5,0.1,0.99,10.0,256,20,0,512,0,5.0,7.5,208.0035564813347,8076.611410936555,0.0,0.0,0.0,
direct,transverse,300.0,1800.0,0.1,0.15,5.0,10.0,10.0,10.0,10,100.0,inf,full,both,inf,180.0,0.01,0.0,0.0,256,20,3,0.5,0.1,0.99,10.0,256,20,0,512,0,5.0,10.0,208.0035564813347,10042.45428168378,0.0,0.0,0.0,
direct,transverse,300.0,1800.0,0.1,0.15,5.0,inf,10.0,10.0,10,100.0,inf,full,both,inf,180.0,0.01,0.0,0.0,256,20,3,0.5,0.1,0.99,10.0,256,20,0,512,0,5.0,26.99999999999992,208.0035564813347,13166.265085996134,0.0,0.0,0.0,
direct,transverse,300.0,1800.0,0.1,0.2,5.0,1.25,10.0,10.0,10,100.0,inf,full,both,inf,180.0,0.01,0.0,0.0,256,20,3,0.5,0.1,0.99,10.0,256,20,0,512,0,5.0,1.25,143.10505006942273,1690.1496684921972,0.0,0.0,0.0,
direct,transverse,300.0,1800.0,0.1,0.2,5.0,2.5,10.0,10.0,10,100.0,inf,full,both,inf,180.0,0.01,0.0,0.0,256,20,3,0.5,0.1,0.99,10.0,256,20,0,512,0,5.0,2.5,237.94824059430476,1756.2285757307793,0.0,0.0,0.0,
direct,transverse,300.0,1800.0,0.1,0.2,5.0,3.75,10.0,10.0,10,100.0,inf,full,both,inf,180.0,0.01,0.0,0.0,256,20,3,0.5,0.1,0.99,10.0,256,20,0,512,0,5.0,3.75,239.30699525362613,2909.568130693683,0.0,0.0,0.0,
direct,transverse,300.0,1800.0,0.1,0.2,5.0,4.5,10.0,10.0,10,100.0,inf,full,both,inf,180.0,0.01,0.0,0.0,256,20,3,0.5,0.1,0.99,10.0,256,20,0,512,0,5.0,4.5,239.31276747652805,4123.963222268556,0.0,0.0,0.0,
direct,transverse,300.0,1800.0,0.1,0.2,5.0,5.0,10.0,10.0,10,100.0,inf,full,both,inf,180.0,0.01,0.0,0.0,256,20,3,0.5,0.1,0.99,10.0,256,20,0,512,0,5.0,5.0,239.31276747652805,4897.371931344202,0.0,0.0,0.0,
direct,transverse,300.0,1800.0,0.1,0.2,5.0,5.5,10.0,10.0,10,100.0,inf,full,both,inf,180.0,0.01,0.0,0.0,256,20,3,0.5,0.1,0.99,10.0,256,20,0,512,0,5.0,5.5,239.31276747652805,5623.072555114221,0.0,0.0,0.0,
direct,transverse,300.0,1800.0,0.1,0.2,5.0,6.25,10.0,10.0,10,100.0,inf,full,both,inf,180.0,0.01,0.0,0.0,256,20,3,0.5,0.1,0.99,10.0,256,20,0,512,0,5.0,6.25,239.31276747652805,6645.418860194368,0.0,0.0,0.0,
direct,transverse,300.0,1800.0,0.1,0.2,5.0,7.5,10.0,10.0,10,100.0,inf,full,both,inf,180.0,0.01,0.0,0.0,256,20,3,0.5,0.1,0.99,10.0,256,20,0,512,0,5.0,7.5,239.31276747652805,8207.068274339936,0.0,0.0,0.0,
direct,transverse,300.0,1800.0,0.1,0.2,5.0,10.0,10.0,10.0,10,100.0,inf,full,both,inf,180.0,0.01,0.0,0.0,256,20,3,0.5,0.1,0.99,10.0,256,20,0,512,0,5.0,10.0,239.31276747652805,10882.727727880892,0.0,0.0,0.0,
direct,transverse,300.0,1800.0,0.1,0.2,5.0,inf,10.0,10.0,10,100.0,inf,full,both,inf,180.0,0.01,0.0,0.0,256,20,3,0.5,0.1,0.99,10.0,256,20,0,512,0,5.0,35.99999999999997,239.31276747652805,17580.387689177765,0.0,0.0,0.0,
hcw,flee,300.0,1800.0,0.1,0.025,5.0,1.25,10.0,10.0,10,100.0,inf,full,both,inf,180.0,0.01,0.0,0.0,256,20,3,0.5,0.1,0.99,10.0,256,20,0,512,512,2.9676084733396824,1.2123535156249996,9.68218268330123,9.682182683301226,0.0,0.0,1.0,480.0
hcw,flee,300.0,1800.0,0.1,0.025,5.0,2.5,10.0,10.0,10,100.0,inf,full,both,inf,180.0,0.01,0.0,0.0,256,20,3,0.5,0.1,0.99,10.0,256,20,0,512,512,2.9676084733396824,1.2123535156249996,9.68218268330123,9.682182683301226,0.0,0.0,1.0,480.0
hcw,flee,300.0,1800.0,0.1,0.025,5.0,3.75,10.0,10.0,10,100.0,inf,full,both,inf,180.0,0.01,0.0,0.0,256,20,3,0.5,0.1,0.99,10.0,256,20,0,512,512,2.9676084733396824,1.2123535156249996,9.68218268330123,9.682182683301226,0.0,0.0,1.0,480.0
hcw,flee,300.0,1800.0,0.1,0.025,5.0,4.5,10.0,10.0,10,100.0,inf,full,both,inf,180.0,0.01,0.0,0.0,256,20,3,0.5,0.1,0.99,10.0,256,20,0,512,512,2.9676084733396824,1.2123535156249996,9.68218268330123,9.682182683301226,0.0,0.0,1.0,480.0
hcw,flee,300.0,1800.0,0.1,0.025,5.0,5.0,10.0,10.0,10,100.0,inf,full,both,inf,180.0,0.01,0.0,0.0,256,20,3,0.5,0.1,0.99,10.0,256,20,0,512,512,2.9676084733396824,1.2123535156249996,9.68218268330123,9.682182683301226,0.0,0.0,1.0,480.0
hcw,flee,300.0,1800.0,0.1,0.025,5.0,5.5,10.0,10.0,10,100.0,inf,full,both,inf,180.0,0.01,0.0,0.0,256,20,3,0.5,0.1,0.99,10.0,256,20,0,512,512,2.9676084733396824,1.2123535156249996,9.68218268330123,9.682182683301226,0.0,0.0,1.0,480.0
hcw,flee,300.0,1800.0,0.1,0.025,5.0,6.25,10.0,10.0,10,100.0,inf,full,both,inf,180.0,0.01,0.0,0.0,256,20,3,0.5,0.1,0.99,10.0,256,20,0,512,512,2.9676084733396824,1.2123535156249996,9.68218268330123,9.682182683301226,0.0,0.0,1.0,480.0
hcw,flee,300.0,1800.0,0.1,0.025,5.0,7.5,10.0,10.0,10,100.0,inf,full,both,inf,180.0,0.01,0.0,0.0,256,20,3,0.5,0.1,0.99,10.0,256,20,0,512,512,2.9676084733396824,1.2123535156249996,9.68218268330123,9.682182683301226,0.0,0.0,1.0,480.0
hcw,flee,300.0,1800.0,0.1,0.025,5.0,10.0,10.0,10.0,10,100.0,inf,full,both,inf,180.0,0.01,0.0,0.0,256,20,3,0.5,0.1,0.99,10.0,256,20,0,512,512,2.9676084733396824,1.2123535156249996,9.68218268330123,9.682182683301226,0.0,0.0,1.0,480.0
hcw,flee,300.0,1800.0,0.1,0.025,5.0,inf,10.0,10.0,10,100.0,inf,full,both,inf,180.0,0.01,0.0,0.0,256,20,3,0.5,0.1,0.99,10.0,256,20,0,512,512,2.9676084733396824,1.2123535156249996,9.68218268330123,9.682182683301226,0.0,0.0,1.0,480.0
hcw,flee,300.0,1800.0,0.1,0.05,5.0,1.25,10.0,10.0,10,100.0,inf,full,both,inf,180.0,0.01,0.0,0.0,256,20,3,0.5,0.1,0.99,10.0,256,20,0,512,512,3.879779932542521,1.25,9.492292190352744,9.492292190352744,0.0,0.0,1.0,500.0
hcw,flee,300.0,1800.0,0.1,0.05,5.0,2.5,10.0,10.0,10,100.0,inf,full,both,inf,180.0,0.01,0.0,0.0,256,20,3,0.5,0.1,0.99,10.0,256,20,0,512,512,3.40576290534593,2.5,9.49362218593418,9.49362218593418,0.0,0.0,1.0,540.0
hcw,flee,300.0,1800.0,0.1,0.05,5.0,3.75,10.0,10.0,10,100.0,inf,full,both,inf,180.0,0.01,0.0,0.0,256,20,3,0.5,0.1,0.99,10.0,256,20,0,512,512,3.62045835230799,2.8604492187499977,9.75864682511295,9.758646825112956,0.0,0.0,1.0,570.0
hcw,flee,300.0,1800.0,0.1,0.05,5.0,4.5,10.0,10.0,10,100.0,inf,full,both,inf,180.0,0.01,0.0,0.0,256,20,3,0.5,0.1,0.99,10.0,256,20,0,512,512,3.62045835230799,2.8604492187499977,9.75864682511295,9.758646825112956,0.0,0.0,1.0,570.0
hcw,flee,300.0,1800.0,0.1,0.05,5.0,5.0,10.0,10.0,10,100.0,inf,full,both,inf,180.0,0.01,0.0,0.0,256,20,3,0.5,0.1,0.99,10.0,256,20,0,512,512,3.62045835230799,2.8604492187499977,9.75864682511295,9.758646825112956,0.0,0.0,1.0,570.0
hcw,flee,300.0,1800.0,0.1,0.05,5.0,5.5,10.0,10.0,10,100.0,inf,full,both,inf,180.0,0.01,0.0,0.0,256,20,3,0.5,0.1,0.99,10.0,256,20,0,512,512,3.62045835230799,2.8604492187499977,9.75864682511295,9.758646825112956,0.0,0.0,1.0,570.0
hcw,flee,300.0,1800.0,0.1,0.05,5.0,6.25,10.0,10.0,10,100.0,inf,full,both,inf,180.0,0.01,0.0,0.0,256,20,3,0.5,0.1,0.99,10.0,256,20,0,512,512,3.62045835230799,2.8604492187499977,9.75864682511295,9.758646825112956,0.0,0.0,1.0,570.0
hcw,flee,300.0,1800.0,0.1,0.05,5.0,7.5,10.0,10.0,10,100.0,inf,full,both,inf,180.0,0.01,0.0,0.0,256,20,3,0.5,0.1,0.99,10.0,256,20,0,512,512,3.62045835230799,2.8604492187499977,9.75864682511295,9.758646825112956,0.0,0.0,1.0,570.0
hcw,flee,300.0,1800.0,0.1,0.05,5.0,10.0,10.0,10.0,10,100.0,inf,full,both,inf,180.0,0.01,0.0,0.0,256,20,3,0.5,0.1,0.99,10.0,256,20,0,512,512,3.62045835230799,2.8604492187499977,9.75864682511295,9.758646825112956,0.0,0.0,1.0,570.0
hcw,flee,300.0,1800.0,0.1,0.05,5.0,inf,10.0,10.0,10,100.0,inf,full,both,inf,180.0,0.01,0.0,0.0,256,20,3,0.5,0.1,0.99,10.0,256,20,0,512,512,3.62045835230799,2.8604492187499977,9.75864682511295,9.758646825112956,0.0,0.0,1.0,570.0
hcw,flee,300.0,1800.0,0.1,0.075,5.0,1.25,10.0,10.0,10,100.0,inf,full,both,inf,180.0,0.01,0.0,0.0,256,20,3,0.5,0.1,0.99,10.0,256,20,0,512,512,4.304315529412822,1.25,9.407740349291878,9.40774034929188,0.0,0.0,1.0,530.0
hcw,flee,300.0,1800.0,0.1,0.075,5.0,2.5,10.0,10.0,10,100.0,inf,full,both,inf,180.0,0.01,0.0,0.0,256,20,3,0.5,0.1,0.99,10.0,256,20,0,512,512,4.883315049262463,2.5,9.143270583859945,9.14327058385995,0.0,0.0,1.0,610.0
hcw,flee,300.0,1800.0,0.1,0.075,5.0,3.75,10.0,10.0,10,100.0,inf,full,both,inf,180.0,0.01,0.0,0.0,256,20,3,0.5,0.1,0.99,10.0,256,20,0,512,512,4.630864834857466,3.75,9.22882360117574,9.228823601175742,0.0,0.0,1.0,630.0
hcw,flee,300.0,1800.0,0.1,0.075,5.0,4.5,10.0,10.0,10,100.0,inf,full,both,inf,180.0,0.01,0.0,0.0,256,20,3,0.5,0.1,0.99,10.0,256,20,0,512,512,4.880789295912972,4.5,9.346110761579531,9.346110761579526,0.0,0.0,1.0,670.0
hcw,flee,300.0,1800.0,0.1,0.075,5.0,5.0,10.0,10.0,10,100.0,inf,full,both,inf,180.0,0.01,0.0,0.0,256,20,3,0.5,0.1,0.99,10.0,256,20,0,512,34,5.0,5.0,17.300910722230643,186.49013166701,0.0,0.0,0.06640625,1075.0
hcw,flee,300.0,1800.0,0.1,0.075,5.0,5.5,10.0,10.0,10,100.0,inf,full,both,inf,180.0,0.01,0.0,0.0,256,20,3,0.5,0.1,0.99,10.0,256,20,0,512,0,5.0,5.5,17.480973917409038,768.7698958451921,0.0,0.0,0.0,
hcw,flee,300.0,1800.0,0.1,0.075,5.0,6.25,10.0,10.0,10,100.0,inf,full,both,inf,180.0,0.01,0.0,0.0,256,20,3,0.5,0.1,0.99,10.0,256,20,0,512,0,5.0,6.25,17.480973917409038,1566.722786911554,0.0,0.0,0.0,
hcw,flee,300.0,1800.0,0.1,0.075,5.0,7.5,10.0,10.0,10,100.0,inf,full,both,inf,180.0,0.01,0.0,0.0,256,20,3,0.5,0.1,0.99,10.0,256,20,0,512,0,5.0,7.5,17.480973917409038,2703.849673822232,0.0,0.0,0.0,
hcw,flee,300.0,1800.0,0.1,0.075,5.0,10.0,10.0,10.0,10,100.0,inf,full,both,inf,180.0,0.01,0.0,0.0,256,20,3,0.5,0.1,0.99,10.0,256,20,0,512,0,5.0,10.0,17.480973917409038,4310.686675596844,0.0,0.0,0.0,
hcw,flee,300.0,1800.0,0.1,0.075,5.0,inf,10.0,10.0,10,100.0,inf,full,both,inf,180.0,0.01,0.0,0.0,256,20,3,0.5,0.1,0.99,10.0,256,20,0,512,0,5.0,13.49999999999996,17.480973917409038,5145.045205971034,0.0,0.0,0.0,
hcw,flee,300.0,1800.0,0.1,0.09,5.0,1.25,10.0,10.0,10,100.0,inf,full,both,inf,180.0,0.01,0.0,0.0,256,20,3,0.5,0.1,0.99,10.0,256,20,0,512,512,4.433403161140081,1.25,9.580818005887568,9.58081800588757,0.0,0.0,1.0,530.0
hcw,flee,300.0,1800.0,0.1,0.09,5.0,2.5,10.0,10.0,10,100.0,inf,full,both,inf,180.0,0.01,0.0,0.0,256,20,3,0.5,0.1,0.99,10.0,256,20,0,512,512,5.0,2.5,6.7620763158536725,6.762076315853672,0.0,0.0,1.0,570.0
hcw,flee,300.0,1800.0,0.1,0.09,5.0,3.75,10.0,10.0,10,100.0,inf,full,both,inf,180.0,0.01,0.0,0.0,256,20,3,0.5,0.1,0.99,10.0,256,20,0,512,289,5.0,3.75,13.551899152127683,473.3721030840943,0.0,0.0,0.564453125,590.0
hcw,flee,300.0,1800.0,0.1,0.09,5.0,4.5,10.0,10.0,10,100.0,inf,full,both,inf,180.0,0.01,0.0,0.0,256,20,3,0.5,0.1,0.99,10.0,256,20,0,512,102,5.0,4.5,77.35468655838493,404.1694866443357,0.0,0.0,0.19921875,730.0
hcw,flee,300.0,1800.0,0.1,0.09,5.0,5.0,10.0,10.0,10,100.0,inf,full,both,inf,180.0,0.01,0.0,0.0,256,20,3,0.5,0.1,0.99,10.0,256,20,0,512,3,5.0,5.0,156.81553108244904,521.5903133413173,0.0,0.0,0.005859375,1210.0
hcw,flee,300.0,1800.0,0.1,0.09,5.0,5.5,10.0,10.0,10,100.0,inf,full,both,inf,180.0,0.01,0.0,0.0,256,20,3,0.5,0.1,0.99,10.0,256,20,0,512,0,5.0,5.5,180.97791468720607,1109.957891659154,0.0,0.0,0.0,
hcw,flee,300.0,1800.0,0.1,0.09,5.0,6.25,10.0,10.0,10,100.0,inf,full,both,inf,180.0,0.01,0.0,0.0,256,20,3,0.5,0.1,0.99,10.0,256,20,0,512,0,5.0,6.25,180.97791468720607,2021.0214844216164,0.0,0.0,0.0,
hcw,flee,300.0,1800.0,0.1,0.09,5.0,7.5,10.0,10.0,10,100.0,inf,full,both,inf,180.0,0.01,0.0,0.0,256,20,3,0.5,0.1,0.99,10.0,256,20,0,512,0,5.0,7.5,180.97791468720607,3378.362180732863,0.0,0.0,0.0,
hcw,flee,300.0,1800.0,0.1,0.09,5.0,10.0,10.0,10.0,10,100.0,inf,full,both,inf,180.0,0.01,0.0,0.0,256,20,3,0.5,0.1,0.99,10.0,256,20,0,512,0,5.0,10.0,180.97791468720607,5493.19561374699,0.0,0.0,0.0,
hcw,flee,300.0,1800.0,0.1,0.09,5.0,inf,10.0,10.0,10,100.0,inf,full,both,inf,180.0,0.01,0.0,0.0,256,20,3,0.5,0.1,0.99,10.0,256,20,0,512,0,5.0,16.19999999999998,180.97791468720607,7656.610838343327,0.0,0.0,0.0,
hcw,flee,300.0,1800.0,0.1,0.1,5.0,1.25,10.0,10.0,10,100.0,inf,full,both,inf,180.0,0.01,0.0,0.0,256,20,3,0.5,0.1,0.99,10.0,256,20,0,512,512,4.499462134151058,1.25,9.511167496293185,9.511167496293188,0.0,0.0,1.0,530.0
hcw,flee,300.0,1800.0,0.1,0.1,5.0,2.5,10.0,10.0,10,100.0,inf,full,both,inf,180.0,0.01,0.0,0.0,256,20,3,0.5,0.1,0.99,10.0,256,20,0,512,512,5.0,2.5,5.587698572425817,5.602442972498666,0.0,0.0,1.0,560.0
hcw,flee,300.0,1800.0,0.1,0.1,5.0,3.75,10.0,10.0,10,100.0,inf,full,both,inf,180.0,0.01,0.0,0.0,256,20,3,0.5,0.1,0.99,10.0,256,20,0,512,139,5.0,3.75,28.21730126455607,888.36110926052,0.0,0.0,0.271484375,640.0
hcw,flee,300.0,1800.0,0.1,0.1,5.0,4.5,10.0,10.0,10,100.0,inf,full,both,inf,180.0,0.01,0.0,0.0,256,20,3,0.5,0.1,0.99,10.0,256,20,0,512,35,5.0,4.5,141.53013477812055,563.0972306469034,0.0,0.0,0.068359375,880.0
hcw,flee,300.0,1800.0,0.1,0.1,5.0,5.0,10.0,10.0,10,100.0,inf,full,both,inf,180.0,0.01,0.0,0.0,256,20,3,0.5,0.1,0.99,10.0,256,20,0,512,0,5.0,5.0,241.7770339431594,752.3745009720551,0.0,0.0,0.0,
hcw,flee,300.0,1800.0,0.1,0.1,5.0,5.5,10.0,10.0,10,100.0,inf,full,both,inf,180.0,0.01,0.0,0.0,256,20,3,0.5,0.1,0.99,10.0,256,20,0,512,0,5.0,5.5,290.08733177854003,1371.0519896229737,0.0,0.0,0.0,
hcw,flee,300.0,1800.0,0.1,0.1,5.0,6.25,10.0,10.0,10,100.0,inf,full,both,inf,180.0,0.01,0.0,0.0,256,20,3,0.5,0.1,0.99,10.0,256,20,0,512,0,5.0,6.25,290.08733177854003,2333.5278693811865,0.0,0.0,0.0,
hcw,flee,300.0,1800.0,0.1,0.1,5.0,7.5,10.0,10.0,10,100.0,inf,full,both,inf,180.0,0.01,0.0,0.0,256,20,3,0.5,0.1,0.99,10.0,256,20,0,512,0,5.0,7.5,290.08733177854003,3801.122871407,0.0,0.0,0.0,
hcw,flee,300.0,1800.0,0.1,0.1,5.0,10.0,10.0,10.0,10,100.0,inf,full,both,inf,180.0,0.01,0.0,0.0,256,20,3,0.5,0.1,0.99,10.0,256,20,0,512,0,5.0,10.0,290.08733177854003,6184.132753172729,0.0,0.0,0.0,
hcw,flee,300.0,1800.0,0.1,0.1,5.0,inf,10.0,10.0,10,100.0,inf,full,both,inf,180.0,0.01,0.0,0.0,256,20,3,0.5,0.1,0.99,10.0,256,20,0,512,0,5.0,17.999999999999986,290.08733177854003,9426.142542314912,0.0,0.0,0.0,
hcw,flee,300.0,1800.0,0.1,0.11,5.0,1.25,10.0,10.0,10,100.0,inf,full,both,inf,180.0,0.01,0.0,0.0,256,20,3,0.5,0.1,0.99,10.0,256,20,0,512,512,4.5551412896502725,1.25,9.466897660666802,9.4668976606668,0.0,0.0,1.0,530.0
hcw,flee,300.0,1800.0,0.1,0.11,5.0,2.5,10.0,10.0,10,100.0,inf,full,both,inf,180.0,0.01,0.0,0.0,256,20,3,0.5,0.1,0.99,10.0,256,20,0,512,512,5.0,2.5,4.41082830566701,4.534388958423597,0.0,0.0,1.0,560.0
hcw,flee,300.0,1800.0,0.1,0.11,5.0,3.75,10.0,10.0,10,100.0,inf,full,both,inf,180.0,0.01,0.0,0.0,256,20,3,0.5,0.1,0.99,10.0,256,20,0,512,76,5.0,3.75,45.3793060549487,1048.5045726536373,0.0,0.0,0.1484375,675.0
hcw,flee,300.0,1800.0,0.1,0.11,5.0,4.5,10.0,10.0,10,100.0,inf,full,both,inf,180.0,0.01,0.0,0.0,256,20,3,0.5,0.1,0.99,10.0,256,20,0,512,15,5.0,4.5,181.1442147964795,680.7390331209647,0.0,0.0,0.029296875,970.0
hcw,flee,300.0,1800.0,0.1,0.11,5.0,5.0,10.0,10.0,10,100.0,inf,full,both,inf,180.0,0.01,0.0,0.0,256,20,3,0.5,0.1,0.99,10.0,256,20,0,512,0,5.0,5.0,264.43923234995225,950.096666659176,0.0,0.0,0.0,
hcw,flee,300.0,1800.0,0.1,0.11,5.0,5.5,10.0,10.0,10,100.0,inf,full,both,inf,180.0,0.01,0.0,0.0,256,20,3,0.5,0.1,0.99,10.0,256,20,0,512,0,5.0,5.5,300.0,1596.008823979441,0.0,0.0,0.0,
hcw,flee,300.0,1800.0,0.1,0.11,5.0,6.25,10.0,10.0,10,100.0,inf,full,both,inf,180.0,0.01,0.0,0.0,256,20,3,0.5,0.1,0.99,10.0,256,20,0,512,0,5.0,6.25,300.0,2603.799905481956,0.0,0.0,0.0,
hcw,flee,300.0,1800.0,0.1,0.11,5.0,7.5,10.0,10.0,10,100.0,inf,full,both,inf,180.0,0.01,0.0,0.0,256,20,3,0.5,0.1,0.99,10.0,256,20,0,512,0,5.0,7.5,300.0,4164.747211203164,0.0,0.0,0.0,
hcw,flee,300.0,1800.0,0.1,0.11,5.0,10.0,10.0,10.0,10,100.0,inf,full,both,inf,180.0,0.01,0.0,0.0,256,20,3,0.5,0.1,0.99,10.0,256,20,0,512,0,5.0,10.0,300.0,6775.1461232774445,0.0,0.0,0.0,
hcw,flee,300.0,1800.0,0.1,0.11,5.0,inf,10.0,10.0,10,100.0,inf,full,both,inf,180.0,0.01,0.0,0.0,256,20,3,0.5,0.1,0.99,10.0,256,20,0,512,0,5.0,19.79999999999995,300.0,11203.784286726072,0.0,0.0,0.0,
hcw,flee,300.0,1800.0,0.1,0.125,5.0,1.25,10.0,10.0,10,100.0,inf,full,both,inf,180.0,0.01,0.0,0.0,256,20,3,0.5,0.1,0.99,10.0,256,20,0,512,512,4.614967353459962,1.25,9.493218834078831,9.493218834078831,0.0,0.0,1.0,530.0
hcw,flee,300.0,1800.0,0.1,0.125,5.0,2.5,10.0,10.0,10,100.0,inf,full,both,inf,180.0,0.01,0.0,0.0,256,20,3,0.5,0.1,0.99,10.0,256,20,0,512,512,5.0,2.5,4.288973296421502,4.584413693426309,0.0,0.0,1.0,560.0
hcw,flee,300.0,1800.0,0.1,0.125,5.0,3.75,10.0,10.0,10,100.0,inf,full,both,inf,180.0,0.01,0.0,0.0,256,20,3,0.5,0.1,0.99,10.0,256,20,0,512,45,5.0,3.75,74.39546025169375,1111.766541486253,0.0,0.0,0.087890625,720.0
hcw,flee,300.0,1800.0,0.1,0.125,5.0,4.5,10.0,10.0,10,100.0,inf,full,both,inf,180.0,0.01,0.0,0.0,256,20,3,0.5,0.1,0.99,10.0,256,20,0,512,10,5.0,4.5,215.30164272177407,832.0741408621307,0.0,0.0,0.01953125,1110.0
hcw,flee,300.0,1800.0,0.1,0.125,5.0,5.0,10.0,10.0,10,100.0,inf,full,both,inf,180.0,0.01,0.0,0.0,256,20,3,0.5,0.1,0.99,10.0,256,20,0,512,0,5.0,5.0,276.7059453218662,1197.050877563247,0.0,0.0,0.0,
hcw,flee,300.0,1800.0,0.1,0.125,5.0,5.5,10.0,10.0,10,100.0,inf,full,both,inf,180.0,0.01,0.0,0.0,256,20,3,0.5,0.1,0.99,10.0,256,20,0,512,0,5.0,5.5,300.0,1878.1406817358295,0.0,0.0,0.0,
hcw,flee,300.0,1800.0,0.1,0.125,5.0,6.25,10.0,10.0,10,100.0,inf,full,both,inf,180.0,0.01,0.0,0.0,256,20,3,0.5,0.1,0.99,10.0,256,20,0,512,0,5.0,6.25,300.0,2944.49062804597,0.0,0.0,0.0,
hcw,flee,300.0,1800.0,0.1,0.125,5.0,7.5,10.0,10.0,10,100.0,inf,full,both,inf,180.0,0.01,0.0,0.0,256,20,3,0.5,0.1,0.99,10.0,256,20,0,512,0,5.0,7.5,300.0,4622.526815862244,0.0,0.0,0.0,
hcw,flee,300.0,1800.0,0.1,0.125,5.0,10.0,10.0,10.0,10,100.0,inf,full,both,inf,180.0,0.01,0.0,0.0,256,20,3,0.5,0.1,0.99,10.0,256,20,0,512,0,5.0,10.0,300.0,7516.968535717536,0.0,0.0,0.0,
hcw,flee,300.0,1800.0,0.1,0.125,5.0,inf,10.0,10.0,10,100.0,inf,full,both,inf,180.0,0.01,0.0,0.0,256,20,3,0.5,0.1,0.99,10.0,256,20,0,512,0,5.0,22.5,300.0,13876.734676473852,0.0,0.0,0.0,
hcw,flee,300.0,1800.0,0.1,0.15,5.0,1.25,10.0,10.0,10,100.0,inf,full,both,inf,180.0,0.01,0.0,0.0,256,20,3,0.5,0.1,0.99,10.0,256,20,0,512,512,4.687771981434615,1.25,9.507058229298332,9.50705822929833,0.0,0.0,1.0,520.0
hcw,flee,300.0,1800.0,0.1,0.15,5.0,2.5,10.0,10.0,10,100.0,inf,full,both,inf,180.0,0.01,0.0,0.0,256,20,3,0.5,0.1,0.99,10.0,256,20,0,512,504,5.0,2.5,4.144741886672802,39.58287261193525,0.0,0.0,0.984375,570.0
hcw,flee,300.0,1800.0,0.1,0.15,5.0,3.75,10.0,10.0,10,100.0,inf,full,both,inf,180.0,0.01,0.0,0.0,256,20,3,0.5,0.1,0.99,10.0,256,20,0,512,26,5.0,3.75,121.70841585241136,1155.1410405966565,0.0,0.0,0.05078125,770.0
hcw,flee,300.0,1800.0,0.1,0.15,5.0,4.5,10.0,10.0,10,100.0,inf,full,both,inf,180.0,0.01,0.0,0.0,256,20,3,0.5,0.1,0.99,10.0,256,20,0,512,4,5.0,4.5,242.8706416318306,1053.4252767882524,0.0,0.0,0.0078125,1170.0
hcw,flee,300.0,1800.0,0.1,0.15,5.0,5.0,10.0,10.0,10,100.0,inf,full,both,inf,180.0,0.01,0.0,0.0,256,20,3,0.5,0.1,0.99,10.0,256,20,0,512,0,5.0,5.0,283.2677418643347,1511.3223028690072,0.0,0.0,0.0,
hcw,flee,300.0,1800.0,0.1,0.15,5.0,5.5,10.0,10.0,10,100.0,inf,full,both,inf,180.0,0.01,0.0,0.0,256,20,3,0.5,0.1,0.99,10.0,256,20,0,512,0,5.0,5.5,300.0,2238.8646098146023,0.0,0.0,0.0,
hcw,flee,300.0,1800.0,0.1,0.15,5.0,6.25,10.0,10.0,10,100.0,inf,full,both,inf,180.0,0.01,0.0,0.0,256,20,3,0.5,0.1,0.99,10.0,256,20,0,512,0,5.0,6.25,300.0,3383.0433388333195,0.0,0.0,0.0,
hcw,flee,300.0,1800.0,0.1,0.15,5.0,7.5,10.0,10.0,10,100.0,inf,full,both,inf,180.0,0.01,0.0,0.0,256,20,3,0.5,0.1,0.99,10.0,256,20,0,512,0,5.0,7.5,300.0,5214.314063867763,0.0,0.0,0.0,
hcw,flee,300.0,1800.0,0.1,0.15,5.0,10.0,10.0,10.0,10,100.0,inf,full,both,inf,180.0,0.01,0.0,0.0,256,20,3,0.5,0.1,0.99,10.0,256,20,0,512,0,5.0,10.0,300.0,8476.986589400462,0.0,0.0,0.0,
hcw,flee,300.0,1800.0,0.1,0.15,5.0,inf,10.0,10.0,10,100.0,inf,full,both,inf,180.0,0.01,0.0,0.0,256,20,3,0.5,0.1,0.99,10.0,256,20,0,512,0,5.0,26.99999999999992,300.0,18339.668888136708,0.0,0.0,0.0,
hcw,flee,300.0,1800.0,0.1,0.2,5.0,1.25,10.0,10.0,10,100.0,inf,full,both,inf,180.0,0.01,0.0,0.0,256,20,3,0.5,0.1,0.99,10.0,256,20,0,512,512,4.771920423812352,1.25,9.450424352700416,9.450424352700416,0.0,0.0,1.0,510.0
hcw,flee,300.0,1800.0,0.1,0.2,5.0,2.5,10.0,10.0,10,100.0,inf,full,both,inf,180.0,0.01,0.0,0.0,256,20,3,0.5,0.1,0.99,10.0,256,20,0,512,408,5.0,2.5,6.539180691520838,459.9627737911705,0.0,0.0,0.796875,570.0
hcw,flee,300.0,1800.0,0.1,0.2,5.0,3.75,10.0,10.0,10,100.0,inf,full,both,inf,180.0,0.01,0.0,0.0,256,20,3,0.5,0.1,0.99,10.0,256,20,0,512,21,5.0,3.75,173.66573698018928,1204.3852616526874,0.0,0.0,0.041015625,830.0
hcw,flee,300.0,1800.0,0.1,0.2,5.0,4.5,10.0,10.0,10,100.0,inf,full,both,inf,180.0,0.01,0.0,0.0,256,20,3,0.5,0.1,0.99,10.0,256,20,0,512,0,5.0,4.5,262.5903481951549,1363.683837973371,0.0,0.0,0.0,
hcw,flee,300.0,1800.0,0.1,0.2,5.0,5.0,10.0,10.0,10,100.0,inf,full,both,inf,180.0,0.01,0.0,0.0,256,20,3,0.5,0.1,0.99,10.0,256,20,0,512,0,5.0,5.0,287.80931162176745,1923.5273417230744,0.0,0.0,0.0,
hcw,flee,300.0,1800.0,0.1,0.2,5.0,5.5,10.0,10.0,10,100.0,inf,full,both,inf,180.0,0.01,0.0,0.0,256,20,3,0.5,0.1,0.99,10.0,256,20,0,512,0,5.0,5.5,300.0,2713.821862897876,0.0,0.0,0.0,
hcw,flee,300.0,1800.0,0.1,0.2,5.0,6.25,10.0,10.0,10,100.0,inf,full,both,inf,180.0,0.01,0.0,0.0,256,20,3,0.5,0.1,0.99,10.0,256,20,0,512,0,5.0,6.25,300.0,3964.33671798105,0.0,0.0,0.0,
hcw,flee,300.0,1800.0,0.1,0.2,5.0,7.5,10.0,10.0,10,100.0,inf,full,both,inf,180.0,0.01,0.0,0.0,256,20,3,0.5,0.1,0.99,10.0,256,20,0,512,0,5.0,7.5,300.0,6004.426796958338,0.0,0.0,0.0,
hcw,flee,300.0,1800.0,0.1,0.2,5.0,10.0,10.0,10.0,10,100.0,inf,full,both,inf,180.0,0.01,0.0,0.0,256,20,3,0.5,0.1,0.99,10.0,256,20,0,512,0,5.0,10.0,300.0,9772.469306144065,0.0,0.0,0.0,
hcw,flee,300.0,1800.0,0.1,0.2,5.0,inf,10.0,10.0,10,100.0,inf,full,both,inf,180.0,0.01,0.0,0.0,256,20,3,0.5,0.1,0.99,10.0,256,20,0,512,0,5.0,35.99999999999997,300.0,27278.17888013834,0.0,0.0,0.0,
hcw,coast,300.0,1800.0,0.1,0.025,5.0,1.25,10.0,10.0,10,100.0,inf,full,both,inf,180.0,0.01,0.0,0.0,256,20,3,0.5,0.1,0.99,10.0,256,20,0,512,512,3.2297919277542784,0.0,9.5012737960303,9.5012737960303,0.0,0.0,1.0,400.0
hcw,coast,300.0,1800.0,0.1,0.025,5.0,2.5,10.0,10.0,10,100.0,inf,full,both,inf,180.0,0.01,0.0,0.0,256,20,3,0.5,0.1,0.99,10.0,256,20,0,512,512,3.2297919277542784,0.0,9.5012737960303,9.5012737960303,0.0,0.0,1.0,400.0
hcw,coast,300.0,1800.0,0.1,0.025,5.0,3.75,10.0,10.0,10,100.0,inf,full,both,inf,180.0,0.01,0.0,0.0,256,20,3,0.5,0.1,0.99,10.0,256,20,0,512,512,3.2297919277542784,0.0,9.5012737960303,9.5012737960303,0.0,0.0,1.0,400.0
hcw,coast,300.0,1800.0,0.1,0.025,5.0,4.5,10.0,10.0,10,100.0,inf,full,both,inf,180.0,0.01,0.0,0.0,256,20,3,0.5,0.1,0.99,10.0,256,20,0,512,512,3.2297919277542784,0.0,9.5012737960303,9.5012737960303,0.0,0.0,1.0,400.0
hcw,coast,300.0,1800.0,0.1,0.025,5.0,5.0,10.0,10.0,10,100.0,inf,full,both,inf,180.0,0.01,0.0,0.0,256,20,3,0.5,0.1,0.99,10.0,256,20,0,512,512,3.2297919277542784,0.0,9.5012737960303,9.5012737960303,0.0,0.0,1.0,400.0
hcw,coast,300.0,1800.0,0.1,0.025,5.0,5.5,10.0,10.0,10,100.0,inf,full,both,inf,180.0,0.01,0.0,0.0,256,20,3,0.5,0.1,0.99,10.0,256,20,0,512,512,3.2297919277542784,0.0,9.5012737960303,9.5012737960303,0.0,0.0,1.0,400.0
hcw,coast,300.0,1800.0,0.1,0.025,5.0,6.25,10.0,10.0,10,100.0,inf,full,both,inf,180.0,0.01,0.0,0.0,256,20,3,0.5,0.1,0.99,10.0,256,20,0,512,512,3.2297919277542784,0.0,9.5012737960303,9.5012737960303,0.0,0.0,1.0,400.0
hcw,coast,300.0,1800.0,0.1,0.025,5.0,7.5,10.0,10.0,10,100.0,inf,full,both,inf,180.0,0.01,0.0,0.0,256,20,3,0.5,0.1,0.99,10.0,256,20,0,512,512,3.2297919277542784,0.0,9.5012737960303,9.5012737960303,0.0,0.0,1.0,400.0
hcw,coast,300.0,1800.0,0.1,0.025,5.0,10.0,10.0,10.0,10,100.0,inf,full,both,inf,180.0,0.01,0.0,0.0,256,20,3,0.5,0.1,0.99,10.0,256,20,0,512,512,3.2297919277542784,0.0,9.5012737960303,9.5012737960303,0.0,0.0,1.0,400.0
hcw,coast,300.0,1800.0,0.1,0.025,5.0,inf,10.0,10.0,10,100.0,inf,full,both,inf,180.0,0.01,0.0,0.0,256,20,3,0.5,0.1,0.99,10.0,256,20,0,512,512,3.2297919277542784,0.0,9.5012737960303,9.5012737960303,0.0,0.0,1.0,400.0
hcw,coast,300.0,1800.0,0.1,0.05,5.0,1.25,10.0,10.0,10,100.0,inf,full,both,inf,180.0,0.01,0.0,0.0,256,20,3,0.5,0.1,0.99,10.0,256,20,0,512,512,3.2297919277542784,0.0,9.5012737960303,9.5012737960303,0.0,0.0,1.0,400.0
hcw,coast,300.0,1800.0,0.1,0.05,5.0,2.5,10.0,10.0,10,100.0,inf,full,both,inf,180.0,0.01,0.0,0.0,256,20,3,0.5,0.1,0.99,10.0,256,20,0,512,512,3.2297919277542784,0.0,9.5012737960303,9.5012737960303,0.0,0.0,1.0,400.0
hcw,coast,300.0,1800.0,0.1,0.05,5.0,3.75,10.0,10.0,10,100.0,inf,full,both,inf,180.0,0.01,0.0,0.0,256,20,3,0.5,0.1,0.99,10.0,256,20,0,512,512,3.2297919277542784,0.0,9.5012737960303,9.5012737960303,0.0,0.0,1.0,400.0
hcw,coast,300.0,1800.0,0.1,0.05,5.0,4.5,10.0,10.0,10,100.0,inf,full,both,inf,180.0,0.01,0.0,0.0,256,20,3,0.5,0.1,0.99,10.0,256,20,0,512,512,3.2297919277542784,0.0,9.5012737960303,9.5012737960303,0.0,0.0,1.0,400.0
hcw,coast,300.0,1800.0,0.1,0.05,5.0,5.0,10.0,10.0,10,100.0,inf,full,both,inf,180.0,0.01,0.0,0.0,256,20,3,0.5,0.1,0.99,10.0,256,20,0,512,512,3.2297919277542784,0.0,9.5012737960303,9.5012737960303,0.0,0.0,1.0,400.0
hcw,coast,300.0,1800.0,0.1,0.05,5.0,5.5,10.0,10.0,10,100.0,inf,full,both,inf,180.0,0.01,0.0,0.0,256,20,3,0.5,0.1,0.99,10.0,256,20,0,512,512,3.2297919277542784,0.0,9.5012737960303,9.5012737960303,0.0,0.0,1.0,400.0
hcw,coast,300.0,1800.0,0.1,0.05,5.0,6.25,10.0,10.0,10,100.0,inf,full,both,inf,180.0,0.01,0.0,0.0,256,20,3,0.5,0.1,0.99,10.0,256,20,0,512,512,3.2297919277542784,0.0,9.5012737960303,9.5012737960303,0.0,0.0,1.0,400.0
hcw,coast,300.0,1800.0,0.1,0.05,5.0,7.5,10.0,10.0,10,100.0,inf,full,both,inf,180.0,0.01,0.0,0.0,256,20,3,0.5,0.1,0.99,10.0,256,20,0,512,512,3.2297919277542784,0.0,9.5012737960303,9.5012737960303,0.0,0.0,1.0,400.0
hcw,coast,300.0,1800.0,0.1,0.05,5.0,10.0,10.0,10.0,10,100.0,inf,full,both,inf,180.0,0.01,0.0,0.0,256,20,3,0.5,0.1,0.99,10.0,256,20,0,512,512,3.2297919277542784,0.0,9.5012737960303,9.5012737960303,0.0,0.0,1.0,400.0
hcw,coast,300.0,1800.0,0.1,0.05,5.0,inf,10.0,10.0,10,100.0,inf,full,both,inf,180.0,0.01,0.0,0.0,256,20,3,0.5,0.1,0.99,10.0,256,20,0,512,512,3.2297919277542784,0.0,9.5012737960303,9.5012737960303,0.0,0.0,1.0,400.0
hcw,coast,300.0,1800.0,0.1,0.075,5.0,1.25,10.0,10.0,10,100.0,inf,full,both,inf,180.0,0.01,0.0,0.0,256,20,3,0.5,0.1,0.99,10.0,256,20,0,512,512,3.2297919277542784,0.0,9.5012737960303,9.5012737960303,0.0,0.0,1.0,400.0
hcw,coast,300.0,1800.0,0.1,0.075,5.0,2.5,10.0,10.0,10,100.0,inf,full,both,inf,180.0,0.01,0.0,0.0,256,20,3,0.5,0.1,0.99,10.0,256,20,0,512,512,3.2297919277542784,0.0,9.5012737960303,9.5012737960303,0.0,0.0,1.0,400.0
hcw,coast,300.0,1800.0,0.1,0.075,5.0,3.75,10.0,10.0,10,100.0,inf,full,both,inf,180.0,0.01,0.0,0.0,256,20,3,0.5,0.1,0.99,10.0,256,20,0,512,512,3.2297919277542784,0.0,9.5012737960303,9.5012737960303,0.0,0.0,1.0,400.0
hcw,coast,300.0,1800.0,0.1,0.075,5.0,4.5,10.0,10.0,10,100.0,inf,full,both,inf,180.0,0.01,0.0,0.0,256,20,3,0.5,0.1,0.99,10.0,256,20,0,512,512,3.2297919277542784,0.0,9.5012737960303,9.5012737960303,0.0,0.0,1.0,400.0
hcw,coast,300.0,1800.0,0.1,0.075,5.0,5.0,10.0,10.0,10,100.0,inf,full,both,inf,180.0,0.01,0.0,0.0,256,20,3,0.5,0.1,0.99,10.0,256,20,0,512,512,3.2297919277542784,0.0,9.5012737960303,9.5012737960303,0.0,0.0,1.0,400.0
hcw,coast,300.0,1800.0,0.1,0.075,5.0,5.5,10.0,10.0,10,100.0,inf,full,both,inf,180.0,0.01,0.0,0.0,256,20,3,0.5,0.1,0.99,10.0,256,20,0,512,512,3.2297919277542784,0.0,9.5012737960303,9.5012737960303,0.0,0.0,1.0,400.0
hcw,coast,300.0,1800.0,0.1,0.075,5.0,6.25,10.0,10.0,10,100.0,inf,full,both,inf,180.0,0.01,0.0,0.0,256,20,3,0.5,0.1,0.99,10.0,256,20,0,512,512,3.2297919277542784,0.0,9.5012737960303,9.5012737960303,0.0,0.0,1.0,400.0
hcw,coast,300.0,1800.0,0.1,0.075,5.0,7.5,10.0,10.0,10,100.0,inf,full,both,inf,180.0,0.01,0.0,0.0,256,20,3,0.5,0.1,0.99,10.0,256,20,0,512,512,3.2297919277542784,0.0,9.5012737960303,9.5012737960303,0.0,0.0,1.0,400.0
hcw,coast,300.0,1800.0,0.1,0.075,5.0,10.0,10.0,10.0,10,100.0,inf,full,both,inf,180.0,0.01,0.0,0.0,256,20,3,0.5,0.1,0.99,10.0,256,20,0,512,512,3.2297919277542784,0.0,9.5012737960303,9.5012737960303,0.0,0.0,1.0,400.0
hcw,coast,300.0,1800.0,0.1,0.075,5.0,inf,10.0,10.0,10,100.0,inf,full,both,inf,180.0,0.01,0.0,0.0,256,20,3,0.5,0.1,0.99,10.0,256,20,0,512,512,3.2297919277542784,0.0,9.5012737960303,9.5012737960303,0.0,0.0,1.0,400.0
hcw,coast,300.0,1800.0,0.1,0.09,5.0,1.25,10.0,10.0,10,100.0,inf,full,both,inf,180.0,0.01,0.0,0.0,256,20,3,0.5,0.1,0.99,10.0,256,20,0,512,512,3.2297919277542784,0.0,9.5012737960303,9.5012737960303,0.0,0.0,1.0,400.0
hcw,coast,300.0,1800.0,0.1,0.09,5.0,2.5,10.0,10.0,10,100.0,inf,full,both,inf,180.0,0.01,0.0,0.0,256,20,3,0.5,0.1,0.99,10.0,256,20,0,512,512,3.2297919277542784,0.0,9.5012737960303,9.5012737960303,0.0,0.0,1.0,400.0
hcw,coast,300.0,1800.0,0.1,0.09,5.0,3.75,10.0,10.0,10,100.0,inf,full,both,inf,180.0,0.01,0.0,0.0,256,20,3,0.5,0.1,0.99,10.0,256,20,0,512,512,3.2297919277542784,0.0,9.5012737960303,9.5012737960303,0.0,0.0,1.0,400.0
hcw,coast,300.0,1800.0,0.1,0.09,5.0,4.5,10.0,10.0,10,100.0,inf,full,both,inf,180.0,0.01,0.0,0.0,256,20,3,0.5,0.1,0.99,10.0,256,20,0,512,512,3.2297919277542784,0.0,9.5012737960303,9.5012737960303,0.0,0.0,1.0,400.0
hcw,coast,300.0,1800.0,0.1,0.09,5.0,5.0,10.0,10.0,10,100.0,inf,full,both,inf,180.0,0.01,0.0,0.0,256,20,3,0.5,0.1,0.99,10.0,256,20,0,512,512,3.2297919277542784,0.0,9.5012737960303,9.5012737960303,0.0,0.0,1.0,400.0
hcw,coast,300.0,1800.0,0.1,0.09,5.0,5.5,10.0,10.0,10,100.0,inf,full,both,inf,180.0,0.01,0.0,0.0,256,20,3,0.5,0.1,0.99,10.0,256,20,0,512,512,3.2297919277542784,0.0,9.5012737960303,9.5012737960303,0.0,0.0,1.0,400.0
hcw,coast,300.0,1800.0,0.1,0.09,5.0,6.25,10.0,10.0,10,100.0,inf,full,both,inf,180.0,0.01,0.0,0.0,256,20,3,0.5,0.1,0.99,10.0,256,20,0,512,512,3.2297919277542784,0.0,9.5012737960303,9.5012737960303,0.0,0.0,1.0,400.0
hcw,coast,300.0,1800.0,0.1,0.09,5.0,7.5,10.0,10.0,10,100.0,inf,full,both,inf,180.0,0.01,0.0,0.0,256,20,3,0.5,0.1,0.99,10.0,256,20,0,512,512,3.2297919277542784,0.0,9.5012737960303,9.5012737960303,0.0,0.0,1.0,400.0
hcw,coast,300.0,1800.0,0.1,0.09,5.0,10.0,10.0,10.0,10,100.0,inf,full,both,inf,180.0,0.01,0.0,0.0,256,20,3,0.5,0.1,0.99,10.0,256,20,0,512,512,3.2297919277542784,0.0,9.5012737960303,9.5012737960303,0.0,0.0,1.0,400.0
hcw,coast,300.0,1800.0,0.1,0.09,5.0,inf,10.0,10.0,10,100.0,inf,full,both,inf,180.0,0.01,0.0,0.0,256,20,3,0.5,0.1,0.99,10.0,256,20,0,512,512,3.2297919277542784,0.0,9.5012737960303,9.5012737960303,0.0,0.0,1.0,400.0
hcw,coast,300.0,1800.0,0.1,0.1,5.0,1.25,10.0,10.0,10,100.0,inf,full,both,inf,180.0,0.01,0.0,0.0,256,20,3,0.5,0.1,0.99,10.0,256,20,0,512,512,3.2297919277542784,0.0,9.5012737960303,9.5012737960303,0.0,0.0,1.0,400.0
hcw,coast,300.0,1800.0,0.1,0.1,5.0,2.5,10.0,10.0,10,100.0,inf,full,both,inf,180.0,0.01,0.0,0.0,256,20,3,0.5,0.1,0.99,10.0,256,20,0,512,512,3.2297919277542784,0.0,9.5012737960303,9.5012737960303,0.0,0.0,1.0,400.0
hcw,coast,300.0,1800.0,0.1,0.1,5.0,3.75,10.0,10.0,10,100.0,inf,full,both,inf,180.0,0.01,0.0,0.0,256,20,3,0.5,0.1,0.99,10.0,256,20,0,512,512,3.2297919277542784,0.0,9.5012737960303,9.5012737960303,0.0,0.0,1.0,400.0
hcw,coast,300.0,1800.0,0.1,0.1,5.0,4.5,10.0,10.0,10,100.0,inf,full,both,inf,180.0,0.01,0.0,0.0,256,20,3,0.5,0.1,0.99,10.0,256,20,0,512,512,3.2297919277542784,0.0,9.5012737960303,9.5012737960303,0.0,0.0,1.0,400.0
hcw,coast,300.0,1800.0,0.1,0.1,5.0,5.0,10.0,10.0,10,100.0,inf,full,both,inf,180.0,0.01,0.0,0.0,256,20,3,0.5,0.1,0.99,10.0,256,20,0,512,512,3.2297919277542784,0.0,9.5012737960303,9.5012737960303,0.0,0.0,1.0,400.0
hcw,coast,300.0,1800.0,0.1,0.1,5.0,5.5,10.0,10.0,10,100.0,inf,full,both,inf,180.0,0.01,0.0,0.0,256,20,3,0.5,0.1,0.99,10.0,256,20,0,512,512,3.2297919277542784,0.0,9.5012737960303,9.5012737960303,0.0,0.0,1.0,400.0
hcw,coast,300.0,1800.0,0.1,0.1,5.0,6.25,10.0,10.0,10,100.0,inf,full,both,inf,180.0,0.01,0.0,0.0,256,20,3,0.5,0.1,0.99,10.0,256,20,0,512,512,3.2297919277542784,0.0,9.5012737960303,9.5012737960303,0.0,0.0,1.0,400.0
hcw,coast,300.0,1800.0,0.1,0.1,5.0,7.5,10.0,10.0,10,100.0,inf,full,both,inf,180.0,0.01,0.0,0.0,256,20,3,0.5,0.1,0.99,10.0,256,20,0,512,512,3.2297919277542784,0.0,9.5012737960303,9.5012737960303,0.0,0.0,1.0,400.0
hcw,coast,300.0,1800.0,0.1,0.1,5.0,10.0,10.0,10.0,10,100.0,inf,full,both,inf,180.0,0.01,0.0,0.0,256,20,3,0.5,0.1,0.99,10.0,256,20,0,512,512,3.2297919277542784,0.0,9.5012737960303,9.5012737960303,0.0,0.0,1.0,400.0
hcw,coast,300.0,1800.0,0.1,0.1,5.0,inf,10.0,10.0,10,100.0,inf,full,both,inf,180.0,0.01,0.0,0.0,256,20,3,0.5,0.1,0.99,10.0,256,20,0,512,512,3.2297919277542784,0.0,9.5012737960303,9.5012737960303,0.0,0.0,1.0,400.0
hcw,coast,300.0,1800.0,0.1,0.11,5.0,1.25,10.0,10.0,10,100.0,inf,full,both,inf,180.0,0.01,0.0,0.0,256,20,3,0.5,0.1,0.99,10.0,256,20,0,512,512,3.2297919277542784,0.0,9.5012737960303,9.5012737960303,0.0,0.0,1.0,400.0
hcw,coast,300.0,1800.0,0.1,0.11,5.0,2.5,10.0,10.0,10,100.0,inf,full,both,inf,180.0,0.01,0.0,0.0,256,20,3,0.5,0.1,0.99,10.0,256,20,0,512,512,3.2297919277542784,0.0,9.5012737960303,9.5012737960303,0.0,0.0,1.0,400.0
hcw,coast,300.0,1800.0,0.1,0.11,5.0,3.75,10.0,10.0,10,100.0,inf,full,both,inf,180.0,0.01,0.0,0.0,256,20,3,0.5,0.1,0.99,10.0,256,20,0,512,512,3.2297919277542784,0.0,9.5012737960303,9.5012737960303,0.0,0.0,1.0,400.0
hcw,coast,300.0,1800.0,0.1,0.11,5.0,4.5,10.0,10.0,10,100.0,inf,full,both,inf,180.0,0.01,0.0,0.0,256,20,3,0.5,0.1,0.99,10.0,256,20,0,512,512,3.2297919277542784,0.0,9.5012737960303,9.5012737960303,0.0,0.0,1.0,400.0
hcw,coast,300.0,1800.0,0.1,0.11,5.0,5.0,10.0,10.0,10,100.0,inf,full,both,inf,180.0,0.01,0.0,0.0,256,20,3,0.5,0.1,0.99,10.0,256,20,0,512,512,3.2297919277542784,0.0,9.5012737960303,9.5012737960303,0.0,0.0,1.0,400.0
hcw,coast,300.0,1800.0,0.1,0.11,5.0,5.5,10.0,10.0,10,100.0,inf,full,both,inf,180.0,0.01,0.0,0.0,256,20,3,0.5,0.1,0.99,10.0,256,20,0,512,512,3.2297919277542784,0.0,9.5012737960303,9.5012737960303,0.0,0.0,1.0,400.0
hcw,coast,300.0,1800.0,0.1,0.11,5.0,6.25,10.0,10.0,10,100.0,inf,full,both,inf,180.0,0.01,0.0,0.0,256,20,3,0.5,0.1,0.99,10.0,256,20,0,512,512,3.2297919277542784,0.0,9.5012737960303,9.5012737960303,0.0,0.0,1.0,400.0
hcw,coast,300.0,1800.0,0.1,0.11,5.0,7.5,10.0,10.0,10,100.0,inf,full,both,inf,180.0,0.01,0.0,0.0,256,20,3,0.5,0.1,0.99,10.0,256,20,0,512,512,3.2297919277542784,0.0,9.5012737960303,9.5012737960303,0.0,0.0,1.0,400.0
hcw,coast,300.0,1800.0,0.1,0.11,5.0,10.0,10.0,10.0,10,100.0,inf,full,both,inf,180.0,0.01,0.0,0.0,256,20,3,0.5,0.1,0.99,10.0,256,20,0,512,512,3.2297919277542784,0.0,9.5012737960303,9.5012737960303,0.0,0.0,1.0,400.0
hcw,coast,300.0,1800.0,0.1,0.11,5.0,inf,10.0,10.0,10,100.0,inf,full,both,inf,180.0,0.01,0.0,0.0,256,20,3,0.5,0.1,0.99,10.0,256,20,0,512,512,3.2297919277542784,0.0,9.5012737960303,9.5012737960303,0.0,0.0,1.0,400.0
hcw,coast,300.0,1800.0,0.1,0.125,5.0,1.25,10.0,10.0,10,100.0,inf,full,both,inf,180.0,0.01,0.0,0.0,256,20,3,0.5,0.1,0.99,10.0,256,20,0,512,512,3.2297919277542784,0.0,9.5012737960303,9.5012737960303,0.0,0.0,1.0,400.0
hcw,coast,300.0,1800.0,0.1,0.125,5.0,2.5,10.0,10.0,10,100.0,inf,full,both,inf,180.0,0.01,0.0,0.0,256,20,3,0.5,0.1,0.99,10.0,256,20,0,512,512,3.2297919277542784,0.0,9.5012737960303,9.5012737960303,0.0,0.0,1.0,400.0
hcw,coast,300.0,1800.0,0.1,0.125,5.0,3.75,10.0,10.0,10,100.0,inf,full,both,inf,180.0,0.01,0.0,0.0,256,20,3,0.5,0.1,0.99,10.0,256,20,0,512,512,3.2297919277542784,0.0,9.5012737960303,9.5012737960303,0.0,0.0,1.0,400.0
hcw,coast,300.0,1800.0,0.1,0.125,5.0,4.5,10.0,10.0,10,100.0,inf,full,both,inf,180.0,0.01,0.0,0.0,256,20,3,0.5,0.1,0.99,10.0,256,20,0,512,512,3.2297919277542784,0.0,9.5012737960303,9.5012737960303,0.0,0.0,1.0,400.0
hcw,coast,300.0,1800.0,0.1,0.125,5.0,5.0,10.0,10.0,10,100.0,inf,full,both,inf,180.0,0.01,0.0,0.0,256,20,3,0.5,0.1,0.99,10.0,256,20,0,512,512,3.2297919277542784,0.0,9.5012737960303,9.5012737960303,0.0,0.0,1.0,400.0
hcw,coast,300.0,1800.0,0.1,0.125,5.0,5.5,10.0,10.0,10,100.0,inf,full,both,inf,180.0,0.01,0.0,0.0,256,20,3,0.5,0.1,0.99,10.0,256,20,0,512,512,3.2297919277542784,0.0,9.5012737960303,9.5012737960303,0.0,0.0,1.0,400.0
hcw,coast,300.0,1800.0,0.1,0.125,5.0,6.25,10.0,10.0,10,100.0,inf,full,both,inf,180.0,0.01,0.0,0.0,256,20,3,0.5,0.1,0.99,10.0,256,20,0,512,512,3.2297919277542784,0.0,9.5012737960303,9.5012737960303,0.0,0.0,1.0,400.0
hcw,coast,300.0,1800.0,0.1,0.125,5.0,7.5,10.0,10.0,10,100.0,inf,full,both,inf,180.0,0.01,0.0,0.0,256,20,3,0.5,0.1,0.99,10.0,256,20,0,512,512,3.2297919277542784,0.0,9.5012737960303,9.5012737960303,0.0,0.0,1.0,400.0
hcw,coast,300.0,1800.0,0.1,0.125,5.0,10.0,10.0,10.0,10,100.0,inf,full,both,inf,180.0,0.01,0.0,0.0,256,20,3,0.5,0.1,0.99,10.0,256,20,0,512,512,3.2297919277542784,0.0,9.5012737960303,9.5012737960303,0.0,0.0,1.0,400.0
hcw,coast,300.0,1800.0,0.1,0.125,5.0,inf,10.0,10.0,10,100.0,inf,full,both,inf,180.0,0.01,0.0,0.0,256,20,3,0.5,0.1,0.99,10.0,256,20,0,512,512,3.2297919277542784,0.0,9.5012737960303,9.5012737960303,0.0,0.0,1.0,400.0
hcw,coast,300.0,1800.0,0.1,0.15,5.0,1.25,10.0,10.0,10,100.0,inf,full,both,inf,180.0,0.01,0.0,0.0,256,20,3,0.5,0.1,0.99,10.0,256,20,0,512,512,3.2297919277542784,0.0,9.5012737960303,9.5012737960303,0.0,0.0,1.0,400.0
hcw,coast,300.0,1800.0,0.1,0.15,5.0,2.5,10.0,10.0,10,100.0,inf,full,both,inf,180.0,0.01,0.0,0.0,256,20,3,0.5,0.1,0.99,10.0,256,20,0,512,512,3.2297919277542784,0.0,9.5012737960303,9.5012737960303,0.0,0.0,1.0,400.0
hcw,coast,300.0,1800.0,0.1,0.15,5.0,3.75,10.0,10.0,10,100.0,inf,full,both,inf,180.0,0.01,0.0,0.0,256,20,3,0.5,0.1,0.99,10.0,256,20,0,512,512,3.2297919277542784,0.0,9.5012737960303,9.5012737960303,0.0,0.0,1.0,400.0
hcw,coast,300.0,1800.0,0.1,0.15,5.0,4.5,10.0,10.0,10,100.0,inf,full,both,inf,180.0,0.01,0.0,0.0,256,20,3,0.5,0.1,0.99,10.0,256,20,0,512,512,3.2297919277542784,0.0,9.5012737960303,9.5012737960303,0.0,0.0,1.0,400.0
hcw,coast,300.0,1800.0,0.1,0.15,5.0,5.0,10.0,10.0,10,100.0,inf,full,both,inf,180.0,0.01,0.0,0.0,256,20,3,0.5,0.1,0.99,10.0,256,20,0,512,512,3.2297919277542784,0.0,9.5012737960303,9.5012737960303,0.0,0.0,1.0,400.0
hcw,coast,300.0,1800.0,0.1,0.15,5.0,5.5,10.0,10.0,10,100.0,inf,full,both,inf,180.0,0.01,0.0,0.0,256,20,3,0.5,0.1,0.99,10.0,256,20,0,512,512,3.2297919277542784,0.0,9.5012737960303,9.5012737960303,0.0,0.0,1.0,400.0
hcw,coast,300.0,1800.0,0.1,0.15,5.0,6.25,10.0,10.0,10,100.0,inf,full,both,inf,180.0,0.01,0.0,0.0,256,20,3,0.5,0.1,0.99,10.0,256,20,0,512,512,3.2297919277542784,0.0,9.5012737960303,9.5012737960303,0.0,0.0,1.0,400.0
hcw,coast,300.0,1800.0,0.1,0.15,5.0,7.5,10.0,10.0,10,100.0,inf,full,both,inf,180.0,0.01,0.0,0.0,256,20,3,0.5,0.1,0.99,10.0,256,20,0,512,512,3.2297919277542784,0.0,9.5012737960303,9.5012737960303,0.0,0.0,1.0,400.0
hcw,coast,300.0,1800.0,0.1,0.15,5.0,10.0,10.0,10.0,10,100.0,inf,full,both,inf,180.0,0.01,0.0,0.0,256,20,3,0.5,0.1,0.99,10.0,256,20,0,512,512,3.2297919277542784,0.0,9.5012737960303,9.5012737960303,0.0,0.0,1.0,400.0
hcw,coast,300.0,1800.0,0.1,0.15,5.0,inf,10.0,10.0,10,100.0,inf,full,both,inf,180.0,0.01,0.0,0.0,256,20,3,0.5,0.1,0.99,10.0,256,20,0,512,512,3.2297919277542784,0.0,9.5012737960303,9.5012737960303,0.0,0.0,1.0,400.0
hcw,coast,300.0,1800.0,0.1,0.2,5.0,1.25,10.0,10.0,10,100.0,inf,full,both,inf,180.0,0.01,0.0,0.0,256,20,3,0.5,0.1,0.99,10.0,256,20,0,512,512,3.2297919277542784,0.0,9.5012737960303,9.5012737960303,0.0,0.0,1.0,400.0
hcw,coast,300.0,1800.0,0.1,0.2,5.0,2.5,10.0,10.0,10,100.0,inf,full,both,inf,180.0,0.01,0.0,0.0,256,20,3,0.5,0.1,0.99,10.0,256,20,0,512,512,3.2297919277542784,0.0,9.5012737960303,9.5012737960303,0.0,0.0,1.0,400.0
hcw,coast,300.0,1800.0,0.1,0.2,5.0,3.75,10.0,10.0,10,100.0,inf,full,both,inf,180.0,0.01,0.0,0.0,256,20,3,0.5,0.1,0.99,10.0,256,20,0,512,512,3.2297919277542784,0.0,9.5012737960303,9.5012737960303,0.0,0.0,1.0,400.0
hcw,coast,300.0,1800.0,0.1,0.2,5.0,4.5,10.0,10.0,10,100.0,inf,full,both,inf,180.0,0.01,0.0,0.0,256,20,3,0.5,0.1,0.99,10.0,256,20,0,512,512,3.2297919277542784,0.0,9.5012737960303,9.5012737960303,0.0,0.0,1.0,400.0
hcw,coast,300.0,1800.0,0.1,0.2,5.0,5.0,10.0,10.0,10,100.0,inf,full,both,inf,180.0,0.01,0.0,0.0,256,20,3,0.5,0.1,0.99,10.0,256,20,0,512,512,3.2297919277542784,0.0,9.5012737960303,9.5012737960303,0.0,0.0,1.0,400.0
hcw,coast,300.0,1800.0,0.1,0.2,5.0,5.5,10.0,10.0,10,100.0,inf,full,both,inf,180.0,0.01,0.0,0.0,256,20,3,0.5,0.1,0.99,10.0,256,20,0,512,512,3.2297919277542784,0.0,9.5012737960303,9.5012737960303,0.0,0.0,1.0,400.0
hcw,coast,300.0,1800.0,0.1,0.2,5.0,6.25,10.0,10.0,10,100.0,inf,full,both,inf,180.0,0.01,0.0,0.0,256,20,3,0.5,0.1,0.99,10.0,256,20,0,512,512,3.2297919277542784,0.0,9.5012737960303,9.5012737960303,0.0,0.0,1.0,400.0
hcw,coast,300.0,1800.0,0.1,0.2,5.0,7.5,10.0,10.0,10,100.0,inf,full,both,inf,180.0,0.01,0.0,0.0,256,20,3,0.5,0.1,0.99,10.0,256,20,0,512,512,3.2297919277542784,0.0,9.5012737960303,9.5012737960303,0.0,0.0,1.0,400.0
hcw,coast,300.0,1800.0,0.1,0.2,5.0,10.0,10.0,10.0,10,100.0,inf,full,both,inf,180.0,0.01,0.0,0.0,256,20,3,0.5,0.1,0.99,10.0,256,20,0,512,512,3.2297919277542784,0.0,9.5012737960303,9.5012737960303,0.0,0.0,1.0,400.0
hcw,coast,300.0,1800.0,0.1,0.2,5.0,inf,10.0,10.0,10,100.0,inf,full,both,inf,180.0,0.01,0.0,0.0,256,20,3,0.5,0.1,0.99,10.0,256,20,0,512,512,3.2297919277542784,0.0,9.5012737960303,9.5012737960303,0.0,0.0,1.0,400.0
hcw,mppi_direct,300.0,1800.0,0.1,0.025,5.0,1.25,10.0,10.0,10,100.0,inf,full,both,inf,180.0,0.01,0.0,0.0,256,20,3,0.5,0.1,0.99,10.0,256,20,0,512,512,2.9250153801403287,0.8949754576684767,9.531518764845126,9.531518764845126,0.0,0.0,1.0,430.0
hcw,mppi_direct,300.0,1800.0,0.1,0.025,5.0,2.5,10.0,10.0,10,100.0,inf,full,both,inf,180.0,0.01,0.0,0.0,256,20,3,0.5,0.1,0.99,10.0,256,20,0,512,512,2.9238021806719283,0.8953570764832599,9.532518216790807,9.532518216790807,0.0,0.0,1.0,430.0
hcw,mppi_direct,300.0,1800.0,0.1,0.025,5.0,3.75,10.0,10.0,10,100.0,inf,full,both,inf,180.0,0.01,0.0,0.0,256,20,3,0.5,0.1,0.99,10.0,256,20,0,512,512,2.9238021806719283,0.8953570764832599,9.532518216790807,9.532518216790807,0.0,0.0,1.0,430.0
hcw,mppi_direct,300.0,1800.0,0.1,0.025,5.0,4.5,10.0,10.0,10,100.0,inf,full,both,inf,180.0,0.01,0.0,0.0,256,20,3,0.5,0.1,0.99,10.0,256,20,0,512,512,2.9238021806719283,0.8953570764832599,9.532518216790807,9.532518216790807,0.0,0.0,1.0,430.0
hcw,mppi_direct,300.0,1800.0,0.1,0.025,5.0,5.0,10.0,10.0,10,100.0,inf,full,both,inf,180.0,0.01,0.0,0.0,256,20,3,0.5,0.1,0.99,10.0,256,20,0,512,512,2.9238021806719283,0.8953570764832599,9.532518216790807,9.532518216790807,0.0,0.0,1.0,430.0
hcw,mppi_direct,300.0,1800.0,0.1,0.025,5.0,5.5,10.0,10.0,10,100.0,inf,full,both,inf,180.0,0.01,0.0,0.0,256,20,3,0.5,0.1,0.99,10.0,256,20,0,512,512,2.9238021806719283,0.8953570764832599,9.532518216790807,9.532518216790807,0.0,0.0,1.0,430.0
hcw,mppi_direct,300.0,1800.0,0.1,0.025,5.0,6.25,10.0,10.0,10,100.0,inf,full,both,inf,180.0,0.01,0.0,0.0,256,20,3,0.5,0.1,0.99,10.0,256,20,0,512,512,2.9238021806719283,0.8953570764832599,9.532518216790807,9.532518216790807,0.0,0.0,1.0,430.0
hcw,mppi_direct,300.0,1800.0,0.1,0.025,5.0,7.5,10.0,10.0,10,100.0,inf,full,both,inf,180.0,0.01,0.0,0.0,256,20,3,0.5,0.1,0.99,10.0,256,20,0,512,512,2.9238021806719283,0.8953570764832599,9.532518216790807,9.532518216790807,0.0,0.0,1.0,430.0
hcw,mppi_direct,300.0,1800.0,0.1,0.025,5.0,10.0,10.0,10.0,10,100.0,inf,full,both,inf,180.0,0.01,0.0,0.0,256,20,3,0.5,0.1,0.99,10.0,256,20,0,512,512,2.9238021806719283,0.8953570764832599,9.532518216790807,9.532518216790807,0.0,0.0,1.0,430.0
hcw,mppi_direct,300.0,1800.0,0.1,0.025,5.0,inf,10.0,10.0,10,100.0,inf,full,both,inf,180.0,0.01,0.0,0.0,256,20,3,0.5,0.1,0.99,10.0,256,20,0,512,512,2.9238021806719283,0.8953570764832599,9.532518216790807,9.532518216790807,0.0,0.0,1.0,430.0
hcw,mppi_direct,300.0,1800.0,0.1,0.05,5.0,1.25,10.0,10.0,10,100.0,inf,full,both,inf,180.0,0.01,0.0,0.0,256,20,3,0.5,0.1,0.99,10.0,256,20,0,512,512,4.708282475460011,1.25,9.477298024742742,9.477298024742742,0.0,0.0,1.0,580.0
hcw,mppi_direct,300.0,1800.0,0.1,0.05,5.0,2.5,10.0,10.0,10,100.0,inf,full,both,inf,180.0,0.01,0.0,0.0,256,20,3,0.5,0.1,0.99,10.0,256,20,0,512,89,4.998897103405915,2.4976798883306914,10.730380452627378,582.7726092486752,0.0,0.0,0.173828125,640.0
hcw,mppi_direct,300.0,1800.0,0.1,0.05,5.0,3.75,10.0,10.0,10,100.0,inf,full,both,inf,180.0,0.01,0.0,0.0,256,20,3,0.5,0.1,0.99,10.0,256,20,0,512,9,4.9999825041872334,3.7268191695037927,11.560877390010626,2206.992945048078,0.0,0.0,0.017578125,630.0
hcw,mppi_direct,300.0,1800.0,0.1,0.05,5.0,4.5,10.0,10.0,10,100.0,inf,full,both,inf,180.0,0.01,0.0,0.0,256,20,3,0.5,0.1,0.99,10.0,256,20,0,512,10,4.999982399438142,4.459826699259667,11.550556836885782,2869.635756715771,0.0,0.0,0.01953125,630.0
hcw,mppi_direct,300.0,1800.0,0.1,0.05,5.0,5.0,10.0,10.0,10,100.0,inf,full,both,inf,180.0,0.01,0.0,0.0,256,20,3,0.5,0.1,0.99,10.0,256,20,0,512,10,4.999982399438142,4.950061074259667,11.548846391815546,3238.194500407172,0.0,0.0,0.01953125,630.0
hcw,mppi_direct,300.0,1800.0,0.1,0.05,5.0,5.5,10.0,10.0,10,100.0,inf,full,both,inf,180.0,0.01,0.0,0.0,256,20,3,0.5,0.1,0.99,10.0,256,20,0,512,10,4.999982399438142,5.440295449259667,11.548720463473256,3546.295077029107,0.0,0.0,0.01953125,630.0
hcw,mppi_direct,300.0,1800.0,0.1,0.05,5.0,6.25,10.0,10.0,10,100.0,inf,full,both,inf,180.0,0.01,0.0,0.0,256,20,3,0.5,0.1,0.99,10.0,256,20,0,512,10,4.999982399438142,6.175647011759667,11.548720453241264,3898.765815432557,0.0,0.0,0.01953125,630.0
hcw,mppi_direct,300.0,1800.0,0.1,0.05,5.0,7.5,10.0,10.0,10,100.0,inf,full,both,inf,180.0,0.01,0.0,0.0,256,20,3,0.5,0.1,0.99,10.0,256,20,0,512,10,4.999982399438142,7.401232949259667,11.548720453241264,4223.281990553877,0.0,0.0,0.01953125,630.0
hcw,mppi_direct,300.0,1800.0,0.1,0.05,5.0,10.0,10.0,10.0,10,100.0,inf,full,both,inf,180.0,0.01,0.0,0.0,256,20,3,0.5,0.1,0.99,10.0,256,20,0,512,10,4.999982399438142,8.117944027469035,11.548720453241264,4266.111261358622,0.0,0.0,0.01953125,630.0
hcw,mppi_direct,300.0,1800.0,0.1,0.05,5.0,inf,10.0,10.0,10,100.0,inf,full,both,inf,180.0,0.01,0.0,0.0,256,20,3,0.5,0.1,0.99,10.0,256,20,0,512,10,4.999982399438142,8.117800359167989,11.548720453241264,4266.08255480749,0.0,0.0,0.01953125,630.0
hcw,mppi_direct,300.0,1800.0,0.1,0.075,5.0,1.25,10.0,10.0,10,100.0,inf,full,both,inf,180.0,0.01,0.0,0.0,256,20,3,0.5,0.1,0.99,10.0,256,20,0,512,512,4.963106810504307,1.25,9.083079933085273,9.08307993308527,0.0,0.0,1.0,620.0
hcw,mppi_direct,300.0,1800.0,0.1,0.075,5.0,2.5,10.0,10.0,10,100.0,inf,full,both,inf,180.0,0.01,0.0,0.0,256,20,3,0.5,0.1,0.99,10.0,256,20,0,512,0,5.0,2.5,17.565572463335524,508.5662038578399,0.0,0.0,0.0,
hcw,mppi_direct,300.0,1800.0,0.1,0.075,5.0,3.75,10.0,10.0,10,100.0,inf,full,both,inf,180.0,0.01,0.0,0.0,256,20,3,0.5,0.1,0.99,10.0,256,20,0,512,0,5.0,3.75,18.348264241576175,2409.28795019876,0.0,0.0,0.0,
hcw,mppi_direct,300.0,1800.0,0.1,0.075,5.0,4.5,10.0,10.0,10,100.0,inf,full,both,inf,180.0,0.01,0.0,0.0,256,20,3,0.5,0.1,0.99,10.0,256,20,0,512,0,5.0,4.5,18.3922707510507,3450.9362905988905,0.0,0.0,0.0,
hcw,mppi_direct,300.0,1800.0,0.1,0.075,5.0,5.0,10.0,10.0,10,100.0,inf,full,both,inf,180.0,0.01,0.0,0.0,256,20,3,0.5,0.1,0.99,10.0,256,20,0,512,0,5.0,5.0,18.420980660340767,4079.440562377169,0.0,0.0,0.0,
hcw,mppi_direct,300.0,1800.0,0.1,0.075,5.0,5.5,10.0,10.0,10,100.0,inf,full,both,inf,180.0,0.01,0.0,0.0,256,20,3,0.5,0.1,0.99,10.0,256,20,0,512,0,5.0,5.5,18.41984863668432,4660.034005255206,0.0,0.0,0.0,
hcw,mppi_direct,300.0,1800.0,0.1,0.075,5.0,6.25,10.0,10.0,10,100.0,inf,full,both,inf,180.0,0.01,0.0,0.0,256,20,3,0.5,0.1,0.99,10.0,256,20,0,512,0,5.0,6.25,18.41973113482805,5425.192197541792,0.0,0.0,0.0,
hcw,mppi_direct,300.0,1800.0,0.1,0.075,5.0,7.5,10.0,10.0,10,100.0,inf,full,both,inf,180.0,0.01,0.0,0.0,256,20,3,0.5,0.1,0.99,10.0,256,20,0,512,0,5.0,7.5,18.41973113482805,6484.811440094306,0.0,0.0,0.0,
hcw,mppi_direct,300.0,1800.0,0.1,0.075,5.0,10.0,10.0,10.0,10,100.0,inf,full,both,inf,180.0,0.01,0.0,0.0,256,20,3,0.5,0.1,0.99,10.0,256,20,0,512,0,5.0,10.0,18.41973113482805,7842.997718107561,0.0,0.0,0.0,
hcw,mppi_direct,300.0,1800.0,0.1,0.075,5.0,inf,10.0,10.0,10,100.0,inf,full,both,inf,180.0,0.01,0.0,0.0,256,20,3,0.5,0.1,0.99,10.0,256,20,0,512,0,5.0,12.712640655341394,18.41973113482805,8303.377291169998,0.0,0.0,0.0,
hcw,mppi_direct,300.0,1800.0,0.1,0.09,5.0,1.25,10.0,10.0,10,100.0,inf,full,both,inf,180.0,0.01,0.0,0.0,256,20,3,0.5,0.1,0.99,10.0,256,20,0,512,512,4.9000022730410935,1.25,9.3050767547219,9.3050767547219,0.0,0.0,1.0,610.0
hcw,mppi_direct,300.0,1800.0,0.1,0.09,5.0,2.5,10.0,10.0,10,100.0,inf,full,both,inf,180.0,0.01,0.0,0.0,256,20,3,0.5,0.1,0.99,10.0,256,20,0,512,1,5.0,2.5,22.476739910028336,447.7341044673764,0.0,0.0,0.001953125,1150.0
hcw,mppi_direct,300.0,1800.0,0.1,0.09,5.0,3.75,10.0,10.0,10,100.0,inf,full,both,inf,180.0,0.01,0.0,0.0,256,20,3,0.5,0.1,0.99,10.0,256,20,0,512,0,5.0,3.75,23.69843039311672,2317.794993073015,0.0,0.0,0.0,
hcw,mppi_direct,300.0,1800.0,0.1,0.09,5.0,4.5,10.0,10.0,10,100.0,inf,full,both,inf,180.0,0.01,0.0,0.0,256,20,3,0.5,0.1,0.99,10.0,256,20,0,512,0,5.0,4.5,24.16903063894523,3455.9921761632536,0.0,0.0,0.0,
hcw,mppi_direct,300.0,1800.0,0.1,0.09,5.0,5.0,10.0,10.0,10,100.0,inf,full,both,inf,180.0,0.01,0.0,0.0,256,20,3,0.5,0.1,0.99,10.0,256,20,0,512,0,5.0,5.0,24.211439979877458,4164.017132225375,0.0,0.0,0.0,
hcw,mppi_direct,300.0,1800.0,0.1,0.09,5.0,5.5,10.0,10.0,10,100.0,inf,full,both,inf,180.0,0.01,0.0,0.0,256,20,3,0.5,0.1,0.99,10.0,256,20,0,512,0,5.0,5.5,24.230821716501843,4821.3924568950815,0.0,0.0,0.0,
hcw,mppi_direct,300.0,1800.0,0.1,0.09,5.0,6.25,10.0,10.0,10,100.0,inf,full,both,inf,180.0,0.01,0.0,0.0,256,20,3,0.5,0.1,0.99,10.0,256,20,0,512,0,5.0,6.25,24.24620377068344,5728.688109025956,0.0,0.0,0.0,
hcw,mppi_direct,300.0,1800.0,0.1,0.09,5.0,7.5,10.0,10.0,10,100.0,inf,full,both,inf,180.0,0.01,0.0,0.0,256,20,3,0.5,0.1,0.99,10.0,256,20,0,512,0,5.0,7.5,24.24681283415576,7029.431957034949,0.0,0.0,0.0,
hcw,mppi_direct,300.0,1800.0,0.1,0.09,5.0,10.0,10.0,10.0,10,100.0,inf,full,both,inf,180.0,0.01,0.0,0.0,256,20,3,0.5,0.1,0.99,10.0,256,20,0,512,0,5.0,10.0,24.24681283415576,8969.001495748296,0.0,0.0,0.0,
hcw,mppi_direct,300.0,1800.0,0.1,0.09,5.0,inf,10.0,10.0,10,100.0,inf,full,both,inf,180.0,0.01,0.0,0.0,256,20,3,0.5,0.1,0.99,10.0,256,20,0,512,0,5.0,15.297551440246265,24.24681283415576,10500.064849292536,0.0,0.0,0.0,
hcw,mppi_direct,300.0,1800.0,0.1,0.1,5.0,1.25,10.0,10.0,10,100.0,inf,full,both,inf,180.0,0.01,0.0,0.0,256,20,3,0.5,0.1,0.99,10.0,256,20,0,512,512,4.789916195653901,1.25,9.47106834001974,9.471068340019738,0.0,0.0,1.0,600.0
hcw,mppi_direct,300.0,1800.0,0.1,0.1,5.0,2.5,10.0,10.0,10,100.0,inf,full,both,inf,180.0,0.01,0.0,0.0,256,20,3,0.5,0.1,0.99,10.0,256,20,0,512,2,5.0,2.5,26.41708777366972,438.4040153829815,0.0,0.0,0.00390625,1125.0
hcw,mppi_direct,300.0,1800.0,0.1,0.1,5.0,3.75,10.0,10.0,10,100.0,inf,full,both,inf,180.0,0.01,0.0,0.0,256,20,3,0.5,0.1,0.99,10.0,256,20,0,512,0,5.0,3.75,28.168156215107672,2281.282706447512,0.0,0.0,0.0,
hcw,mppi_direct,300.0,1800.0,0.1,0.1,5.0,4.5,10.0,10.0,10,100.0,inf,full,both,inf,180.0,0.01,0.0,0.0,256,20,3,0.5,0.1,0.99,10.0,256,20,0,512,0,5.0,4.5,28.37067655843703,3458.618842250593,0.0,0.0,0.0,
hcw,mppi_direct,300.0,1800.0,0.1,0.1,5.0,5.0,10.0,10.0,10,100.0,inf,full,both,inf,180.0,0.01,0.0,0.0,256,20,3,0.5,0.1,0.99,10.0,256,20,0,512,0,5.0,5.0,28.851185731813285,4211.572784455346,0.0,0.0,0.0,
hcw,mppi_direct,300.0,1800.0,0.1,0.1,5.0,5.5,10.0,10.0,10,100.0,inf,full,both,inf,180.0,0.01,0.0,0.0,256,20,3,0.5,0.1,0.99,10.0,256,20,0,512,0,5.0,5.5,28.887714874632707,4911.664691645249,0.0,0.0,0.0,
hcw,mppi_direct,300.0,1800.0,0.1,0.1,5.0,6.25,10.0,10.0,10,100.0,inf,full,both,inf,180.0,0.01,0.0,0.0,256,20,3,0.5,0.1,0.99,10.0,256,20,0,512,0,5.0,6.25,28.896215627299128,5895.569808146179,0.0,0.0,0.0,
hcw,mppi_direct,300.0,1800.0,0.1,0.1,5.0,7.5,10.0,10.0,10,100.0,inf,full,both,inf,180.0,0.01,0.0,0.0,256,20,3,0.5,0.1,0.99,10.0,256,20,0,512,0,5.0,7.5,28.901434048336245,7328.094051462624,0.0,0.0,0.0,
hcw,mppi_direct,300.0,1800.0,0.1,0.1,5.0,10.0,10.0,10.0,10,100.0,inf,full,both,inf,180.0,0.01,0.0,0.0,256,20,3,0.5,0.1,0.99,10.0,256,20,0,512,0,5.0,10.0,28.901430425020283,9574.014783423332,0.0,0.0,0.0,
hcw,mppi_direct,300.0,1800.0,0.1,0.1,5.0,inf,10.0,10.0,10,100.0,inf,full,both,inf,180.0,0.01,0.0,0.0,256,20,3,0.5,0.1,0.99,10.0,256,20,0,512,0,5.0,17.01839540691368,28.901430425020283,12037.22976606766,0.0,0.0,0.0,
hcw,mppi_direct,300.0,1800.0,0.1,0.11,5.0,1.25,10.0,10.0,10,100.0,inf,full,both,inf,180.0,0.01,0.0,0.0,256,20,3,0.5,0.1,0.99,10.0,256,20,0,512,512,4.65279601879317,1.25,9.490983215995538,9.490983215995538,0.0,0.0,1.0,580.0
hcw,mppi_direct,300.0,1800.0,0.1,0.11,5.0,2.5,10.0,10.0,10,100.0,inf,full,both,inf,180.0,0.01,0.0,0.0,256,20,3,0.5,0.1,0.99,10.0,256,20,0,512,2,5.0,2.5,30.52780409499148,438.80494368891016,0.0,0.0,0.00390625,1185.0
hcw,mppi_direct,300.0,1800.0,0.1,0.11,5.0,3.75,10.0,10.0,10,100.0,inf,full,both,inf,180.0,0.01,0.0,0.0,256,20,3,0.5,0.1,0.99,10.0,256,20,0,512,0,5.0,3.75,33.434979791321815,2250.468296017966,0.0,0.0,0.0,
hcw,mppi_direct,300.0,1800.0,0.1,0.11,5.0,4.5,10.0,10.0,10,100.0,inf,full,both,inf,180.0,0.01,0.0,0.0,256,20,3,0.5,0.1,0.99,10.0,256,20,0,512,0,5.0,4.5,33.491274128790074,3461.6949545312946,0.0,0.0,0.0,
hcw,mppi_direct,300.0,1800.0,0.1,0.11,5.0,5.0,10.0,10.0,10,100.0,inf,full,both,inf,180.0,0.01,0.0,0.0,256,20,3,0.5,0.1,0.99,10.0,256,20,0,512,0,5.0,5.0,34.04088188635429,4233.707700768427,0.0,0.0,0.0,
hcw,mppi_direct,300.0,1800.0,0.1,0.11,5.0,5.5,10.0,10.0,10,100.0,inf,full,both,inf,180.0,0.01,0.0,0.0,256,20,3,0.5,0.1,0.99,10.0,256,20,0,512,0,5.0,5.5,34.23316392923902,4983.758406533666,0.0,0.0,0.0,
hcw,mppi_direct,300.0,1800.0,0.1,0.11,5.0,6.25,10.0,10.0,10,100.0,inf,full,both,inf,180.0,0.01,0.0,0.0,256,20,3,0.5,0.1,0.99,10.0,256,20,0,512,0,5.0,6.25,34.323724653719246,6022.881309596515,0.0,0.0,0.0,
hcw,mppi_direct,300.0,1800.0,0.1,0.11,5.0,7.5,10.0,10.0,10,100.0,inf,full,both,inf,180.0,0.01,0.0,0.0,256,20,3,0.5,0.1,0.99,10.0,256,20,0,512,0,5.0,7.5,34.35015035501833,7573.718850369212,0.0,0.0,0.0,
hcw,mppi_direct,300.0,1800.0,0.1,0.11,5.0,10.0,10.0,10.0,10,100.0,inf,full,both,inf,180.0,0.01,0.0,0.0,256,20,3,0.5,0.1,0.99,10.0,256,20,0,512,0,5.0,10.0,34.353424327131414,10077.89604263353,0.0,0.0,0.0,
hcw,mppi_direct,300.0,1800.0,0.1,0.11,5.0,inf,10.0,10.0,10,100.0,inf,full,both,inf,180.0,0.01,0.0,0.0,256,20,3,0.5,0.1,0.99,10.0,256,20,0,512,0,5.0,18.73747063934416,34.353424327131414,13599.166594228387,0.0,0.0,0.0,
hcw,mppi_direct,300.0,1800.0,0.1,0.125,5.0,1.25,10.0,10.0,10,100.0,inf,full,both,inf,180.0,0.01,0.0,0.0,256,20,3,0.5,0.1,0.99,10.0,256,20,0,512,512,4.446824036346078,1.25,9.488061602797924,9.506619683009434,0.0,0.0,1.0,560.0
hcw,mppi_direct,300.0,1800.0,0.1,0.125,5.0,2.5,10.0,10.0,10,100.0,inf,full,both,inf,180.0,0.01,0.0,0.0,256,20,3,0.5,0.1,0.99,10.0,256,20,0,512,3,5.0,2.5,39.29338073973246,480.3586682372668,0.0,0.0,0.005859375,1030.0
hcw,mppi_direct,300.0,1800.0,0.1,0.125,5.0,3.75,10.0,10.0,10,100.0,inf,full,both,inf,180.0,0.01,0.0,0.0,256,20,3,0.5,0.1,0.99,10.0,256,20,0,512,0,5.0,3.75,43.2892611027841,2205.440573022021,0.0,0.0,0.0,
hcw,mppi_direct,300.0,1800.0,0.1,0.125,5.0,4.5,10.0,10.0,10,100.0,inf,full,both,inf,180.0,0.01,0.0,0.0,256,20,3,0.5,0.1,0.99,10.0,256,20,0,512,0,5.0,4.5,43.13047025153562,3478.5275479251645,0.0,0.0,0.0,
hcw,mppi_direct,300.0,1800.0,0.1,0.125,5.0,5.0,10.0,10.0,10,100.0,inf,full,both,inf,180.0,0.01,0.0,0.0,256,20,3,0.5,0.1,0.99,10.0,256,20,0,512,0,5.0,5.0,42.772280193156654,4278.241804888968,0.0,0.0,0.0,
hcw,mppi_direct,300.0,1800.0,0.1,0.125,5.0,5.5,10.0,10.0,10,100.0,inf,full,both,inf,180.0,0.01,0.0,0.0,256,20,3,0.5,0.1,0.99,10.0,256,20,0,512,0,5.0,5.5,42.77638359524038,5062.867319313248,0.0,0.0,0.0,
hcw,mppi_direct,300.0,1800.0,0.1,0.125,5.0,6.25,10.0,10.0,10,100.0,inf,full,both,inf,180.0,0.01,0.0,0.0,256,20,3,0.5,0.1,0.99,10.0,256,20,0,512,0,5.0,6.25,43.23785459023421,6181.172959809746,0.0,0.0,0.0,
hcw,mppi_direct,300.0,1800.0,0.1,0.125,5.0,7.5,10.0,10.0,10,100.0,inf,full,both,inf,180.0,0.01,0.0,0.0,256,20,3,0.5,0.1,0.99,10.0,256,20,0,512,0,5.0,7.5,43.55813357391206,7887.8766481605,0.0,0.0,0.0,
hcw,mppi_direct,300.0,1800.0,0.1,0.125,5.0,10.0,10.0,10.0,10,100.0,inf,full,both,inf,180.0,0.01,0.0,0.0,256,20,3,0.5,0.1,0.99,10.0,256,20,0,512,0,5.0,10.0,43.546967276683205,10724.791986297125,0.0,0.0,0.0,
hcw,mppi_direct,300.0,1800.0,0.1,0.125,5.0,inf,10.0,10.0,10,100.0,inf,full,both,inf,180.0,0.01,0.0,0.0,256,20,3,0.5,0.1,0.99,10.0,256,20,0,512,0,5.0,21.32007748471801,43.546967276683205,15993.183390332702,0.0,0.0,0.0,
hcw,mppi_direct,300.0,1800.0,0.1,0.15,5.0,1.25,10.0,10.0,10,100.0,inf,full,both,inf,180.0,0.01,0.0,0.0,256,20,3,0.5,0.1,0.99,10.0,256,20,0,512,512,4.146804582144539,1.25,9.422418082985796,9.440933368150946,0.0,0.0,1.0,530.0
hcw,mppi_direct,300.0,1800.0,0.1,0.15,5.0,2.5,10.0,10.0,10,100.0,inf,full,both,inf,180.0,0.01,0.0,0.0,256,20,3,0.5,0.1,0.99,10.0,256,20,0,512,7,5.0,2.5,53.188763417767625,589.2793167253351,0.0,0.0,0.013671875,940.0
hcw,mppi_direct,300.0,1800.0,0.1,0.15,5.0,3.75,10.0,10.0,10,100.0,inf,full,both,inf,180.0,0.01,0.0,0.0,256,20,3,0.5,0.1,0.99,10.0,256,20,0,512,0,5.0,3.75,61.3473189011817,2139.462642481199,0.0,0.0,0.0,
hcw,mppi_direct,300.0,1800.0,0.1,0.15,5.0,4.5,10.0,10.0,10,100.0,inf,full,both,inf,180.0,0.01,0.0,0.0,256,20,3,0.5,0.1,0.99,10.0,256,20,0,512,0,5.0,4.5,60.55435233607883,3474.8225006291723,0.0,0.0,0.0,
hcw,mppi_direct,300.0,1800.0,0.1,0.15,5.0,5.0,10.0,10.0,10,100.0,inf,full,both,inf,180.0,0.01,0.0,0.0,256,20,3,0.5,0.1,0.99,10.0,256,20,0,512,0,5.0,5.0,61.5305101074836,4358.033378868004,0.0,0.0,0.0,
hcw,mppi_direct,300.0,1800.0,0.1,0.15,5.0,5.5,10.0,10.0,10,100.0,inf,full,both,inf,180.0,0.01,0.0,0.0,256,20,3,0.5,0.1,0.99,10.0,256,20,0,512,0,5.0,5.5,61.48728648464247,5210.849920379484,0.0,0.0,0.0,
hcw,mppi_direct,300.0,1800.0,0.1,0.15,5.0,6.25,10.0,10.0,10,100.0,inf,full,both,inf,180.0,0.01,0.0,0.0,256,20,3,0.5,0.1,0.99,10.0,256,20,0,512,0,5.0,6.25,61.05185076401998,6412.491229647686,0.0,0.0,0.0,
hcw,mppi_direct,300.0,1800.0,0.1,0.15,5.0,7.5,10.0,10.0,10,100.0,inf,full,both,inf,180.0,0.01,0.0,0.0,256,20,3,0.5,0.1,0.99,10.0,256,20,0,512,0,5.0,7.5,61.821069973947566,8307.003932569067,0.0,0.0,0.0,
hcw,mppi_direct,300.0,1800.0,0.1,0.15,5.0,10.0,10.0,10.0,10,100.0,inf,full,both,inf,180.0,0.01,0.0,0.0,256,20,3,0.5,0.1,0.99,10.0,256,20,0,512,0,5.0,10.0,62.11217683660008,11625.15750209833,0.0,0.0,0.0,
hcw,mppi_direct,300.0,1800.0,0.1,0.15,5.0,inf,10.0,10.0,10,100.0,inf,full,both,inf,180.0,0.01,0.0,0.0,256,20,3,0.5,0.1,0.99,10.0,256,20,0,512,0,5.0,25.6272201512898,62.11342067773754,20160.387523925438,0.0,0.0,0.0,
hcw,mppi_direct,300.0,1800.0,0.1,0.2,5.0,1.25,10.0,10.0,10,100.0,inf,full,both,inf,180.0,0.01,0.0,0.0,256,20,3,0.5,0.1,0.99,10.0,256,20,0,512,512,4.1184773746962025,1.25,9.425277710527793,9.429747516952318,0.0,0.0,1.0,510.0
hcw,mppi_direct,300.0,1800.0,0.1,0.2,5.0,2.5,10.0,10.0,10,100.0,inf,full,both,inf,180.0,0.01,0.0,0.0,256,20,3,0.5,0.1,0.99,10.0,256,20,0,512,7,5.0,2.5,86.38773251971263,884.6557483435113,0.0,0.0,0.013671875,800.0
hcw,mppi_direct,300.0,1800.0,0.1,0.2,5.0,3.75,10.0,10.0,10,100.0,inf,full,both,inf,180.0,0.01,0.0,0.0,256,20,3,0.5,0.1,0.99,10.0,256,20,0,512,0,5.0,3.75,101.2620848242784,2092.816534676427,0.0,0.0,0.0,
hcw,mppi_direct,300.0,1800.0,0.1,0.2,5.0,4.5,10.0,10.0,10,100.0,inf,full,both,inf,180.0,0.01,0.0,0.0,256,20,3,0.5,0.1,0.99,10.0,256,20,0,512,0,5.0,4.5,101.47762806543057,3536.7142058721347,0.0,0.0,0.0,
hcw,mppi_direct,300.0,1800.0,0.1,0.2,5.0,5.0,10.0,10.0,10,100.0,inf,full,both,inf,180.0,0.01,0.0,0.0,256,20,3,0.5,0.1,0.99,10.0,256,20,0,512,0,5.0,5.0,106.33917171629108,4479.390819747303,0.0,0.0,0.0,
hcw,mppi_direct,300.0,1800.0,0.1,0.2,5.0,5.5,10.0,10.0,10,100.0,inf,full,both,inf,180.0,0.01,0.0,0.0,256,20,3,0.5,0.1,0.99,10.0,256,20,0,512,0,5.0,5.5,106.22439765796403,5369.08671380073,0.0,0.0,0.0,
hcw,mppi_direct,300.0,1800.0,0.1,0.2,5.0,6.25,10.0,10.0,10,100.0,inf,full,both,inf,180.0,0.01,0.0,0.0,256,20,3,0.5,0.1,0.99,10.0,256,20,0,512,0,5.0,6.25,108.81684699391762,6734.9703232048805,0.0,0.0,0.0,
hcw,mppi_direct,300.0,1800.0,0.1,0.2,5.0,7.5,10.0,10.0,10,100.0,inf,full,both,inf,180.0,0.01,0.0,0.0,256,20,3,0.5,0.1,0.99,10.0,256,20,0,512,0,5.0,7.5,108.4722400585618,8932.009388321736,0.0,0.0,0.0,
hcw,mppi_direct,300.0,1800.0,0.1,0.2,5.0,10.0,10.0,10.0,10,100.0,inf,full,both,inf,180.0,0.01,0.0,0.0,256,20,3,0.5,0.1,0.99,10.0,256,20,0,512,0,5.0,10.0,109.025746310334,12816.701320470813,0.0,0.0,0.0,
hcw,mppi_direct,300.0,1800.0,0.1,0.2,5.0,inf,10.0,10.0,10,100.0,inf,full,both,inf,180.0,0.01,0.0,0.0,256,20,3,0.5,0.1,0.99,10.0,256,20,0,512,0,5.0,34.23576472811399,109.27583035420062,28709.50578613222,0.0,0.0,0.0,
hcw,mppi_lqr,300.0,1800.0,0.1,0.025,5.0,1.25,10.0,10.0,10,100.0,inf,full,both,inf,180.0,0.01,0.0,0.0,256,20,3,0.5,0.1,0.99,10.0,256,20,0,512,512,3.21065536960051,0.7844207825793034,9.614639149196709,9.614639149196709,0.0,0.0,1.0,450.0
hcw,mppi_lqr,300.0,1800.0,0.1,0.025,5.0,2.5,10.0,10.0,10,100.0,inf,full,both,inf,180.0,0.01,0.0,0.0,256,20,3,0.5,0.1,0.99,10.0,256,20,0,512,512,3.1409588577355967,0.8064720738647123,9.5432371050448,9.543237105044804,0.0,0.0,1.0,460.0
hcw,mppi_lqr,300.0,1800.0,0.1,0.025,5.0,3.75,10.0,10.0,10,100.0,inf,full,both,inf,180.0,0.01,0.0,0.0,256,20,3,0.5,0.1,0.99,10.0,256,20,0,512,512,3.1409588577355967,0.8064720738647123,9.5432371050448,9.543237105044804,0.0,0.0,1.0,460.0
hcw,mppi_lqr,300.0,1800.0,0.1,0.025,5.0,4.5,10.0,10.0,10,100.0,inf,full,both,inf,180.0,0.01,0.0,0.0,256,20,3,0.5,0.1,0.99,10.0,256,20,0,512,512,3.1409588577355967,0.8064720738647123,9.5432371050448,9.543237105044804,0.0,0.0,1.0,460.0
hcw,mppi_lqr,300.0,1800.0,0.1,0.025,5.0,5.0,10.0,10.0,10,100.0,inf,full,both,inf,180.0,0.01,0.0,0.0,256,20,3,0.5,0.1,0.99,10.0,256,20,0,512,512,3.1409588577355967,0.8064720738647123,9.5432371050448,9.543237105044804,0.0,0.0,1.0,460.0
hcw,mppi_lqr,300.0,1800.0,0.1,0.025,5.0,5.5,10.0,10.0,10,100.0,inf,full,both,inf,180.0,0.01,0.0,0.0,256,20,3,0.5,0.1,0.99,10.0,256,20,0,512,512,3.1409588577355967,0.8064720738647123,9.5432371050448,9.543237105044804,0.0,0.0,1.0,460.0
hcw,mppi_lqr,300.0,1800.0,0.1,0.025,5.0,6.25,10.0,10.0,10,100.0,inf,full,both,inf,180.0,0.01,0.0,0.0,256,20,3,0.5,0.1,0.99,10.0,256,20,0,512,512,3.1409588577355967,0.8064720738647123,9.5432371050448,9.543237105044804,0.0,0.0,1.0,460.0
hcw,mppi_lqr,300.0,1800.0,0.1,0.025,5.0,7.5,10.0,10.0,10,100.0,inf,full,both,inf,180.0,0.01,0.0,0.0,256,20,3,0.5,0.1,0.99,10.0,256,20,0,512,512,3.1409588577355967,0.8064720738647123,9.5432371050448,9.543237105044804,0.0,0.0,1.0,460.0
hcw,mppi_lqr,300.0,1800.0,0.1,0.025,5.0,10.0,10.0,10.0,10,100.0,inf,full,both,inf,180.0,0.01,0.0,0.0,256,20,3,0.5,0.1,0.99,10.0,256,20,0,512,512,3.1409588577355967,0.8064720738647123,9.5432371050448,9.543237105044804,0.0,0.0,1.0,460.0
hcw,mppi_lqr,300.0,1800.0,0.1,0.025,5.0,inf,10.0,10.0,10,100.0,inf,full,both,inf,180.0,0.01,0.0,0.0,256,20,3,0.5,0.1,0.99,10.0,256,20,0,512,512,3.1409588577355967,0.8064720738647123,9.5432371050448,9.543237105044804,0.0,0.0,1.0,460.0
hcw,mppi_lqr,300.0,1800.0,0.1,0.05,5.0,1.25,10.0,10.0,10,100.0,inf,full,both,inf,180.0,0.01,0.0,0.0,256,20,3,0.5,0.1,0.99,10.0,256,20,0,512,512,3.713881981695786,1.25,9.508263990953726,9.508263990953724,0.0,0.0,1.0,490.0
hcw,mppi_lqr,300.0,1800.0,0.1,0.05,5.0,2.5,10.0,10.0,10,100.0,inf,full,both,inf,180.0,0.01,0.0,0.0,256,20,3,0.5,0.1,0.99,10.0,256,20,0,512,512,3.682442491065774,2.184681108309086,9.692707015479517,9.692707015479511,0.0,0.0,1.0,530.0
hcw,mppi_lqr,300.0,1800.0,0.1,0.05,5.0,3.75,10.0,10.0,10,100.0,inf,full,both,inf,180.0,0.01,0.0,0.0,256,20,3,0.5,0.1,0.99,10.0,256,20,0,512,507,3.829326387959388,2.281326736760449,9.701321611686728,28.76241033590822,0.0,0.0,0.990234375,520.0
hcw,mppi_lqr,300.0,1800.0,0.1,0.05,5.0,4.5,10.0,10.0,10,100.0,inf,full,both,inf,180.0,0.01,0.0,0.0,256,20,3,0.5,0.1,0.99,10.0,256,20,0,512,506,3.8698262346669687,2.297228323914728,9.713122031166623,43.5273588002089,0.0,0.0,0.98828125,510.0
hcw,mppi_lqr,300.0,1800.0,0.1,0.05,5.0,5.0,10.0,10.0,10,100.0,inf,full,both,inf,180.0,0.01,0.0,0.0,256,20,3,0.5,0.1,0.99,10.0,256,20,0,512,506,3.87063817683426,2.303338368081271,9.701686852356696,47.82953392020039,0.0,0.0,0.98828125,510.0
hcw,mppi_lqr,300.0,1800.0,0.1,0.05,5.0,5.5,10.0,10.0,10,100.0,inf,full,both,inf,180.0,0.01,0.0,0.0,256,20,3,0.5,0.1,0.99,10.0,256,20,0,512,506,3.870634537685899,2.309136451646785,9.70074670492546,51.91974945377003,0.0,0.0,0.98828125,510.0
hcw,mppi_lqr,300.0,1800.0,0.1,0.05,5.0,6.25,10.0,10.0,10,100.0,inf,full,both,inf,180.0,0.01,0.0,0.0,256,20,3,0.5,0.1,0.99,10.0,256,20,0,512,506,3.870634537685899,2.317925514146785,9.70074670492546,56.5083120374601,0.0,0.0,0.98828125,510.0
hcw,mppi_lqr,300.0,1800.0,0.1,0.05,5.0,7.5,10.0,10.0,10,100.0,inf,full,both,inf,180.0,0.01,0.0,0.0,256,20,3,0.5,0.1,0.99,10.0,256,20,0,512,506,3.870634537685899,2.332573951646785,9.70074670492546,61.154060834916535,0.0,0.0,0.98828125,510.0
hcw,mppi_lqr,300.0,1800.0,0.1,0.05,5.0,10.0,10.0,10.0,10,100.0,inf,full,both,inf,180.0,0.01,0.0,0.0,256,20,3,0.5,0.1,0.99,10.0,256,20,0,512,506,3.870634537685899,2.344063538740363,9.70074670492546,62.08028136889516,0.0,0.0,0.98828125,510.0
hcw,mppi_lqr,300.0,1800.0,0.1,0.05,5.0,inf,10.0,10.0,10,100.0,inf,full,both,inf,180.0,0.01,0.0,0.0,256,20,3,0.5,0.1,0.99,10.0,256,20,0,512,506,3.870634537685899,2.3440589060768584,9.70074670492546,62.07902441195416,0.0,0.0,0.98828125,510.0
hcw,mppi_lqr,300.0,1800.0,0.1,0.075,5.0,1.25,10.0,10.0,10,100.0,inf,full,both,inf,180.0,0.01,0.0,0.0,256,20,3,0.5,0.1,0.99,10.0,256,20,0,512,512,4.291859101297476,1.25,9.442178843155553,9.44217884315555,0.0,0.0,1.0,520.0
hcw,mppi_lqr,300.0,1800.0,0.1,0.075,5.0,2.5,10.0,10.0,10,100.0,inf,full,both,inf,180.0,0.01,0.0,0.0,256,20,3,0.5,0.1,0.99,10.0,256,20,0,512,371,4.599608280474432,2.5,27.840624206234,288.4512983391007,0.0,0.0,0.724609375,570.0
hcw,mppi_lqr,300.0,1800.0,0.1,0.075,5.0,3.75,10.0,10.0,10,100.0,inf,full,both,inf,180.0,0.01,0.0,0.0,256,20,3,0.5,0.1,0.99,10.0,256,20,0,512,31,4.958559909284489,3.748485708088868,41.139421049305874,1896.5334351961064,0.0,0.0,0.060546875,600.0
hcw,mppi_lqr,300.0,1800.0,0.1,0.075,5.0,4.5,10.0,10.0,10,100.0,inf,full,both,inf,180.0,0.01,0.0,0.0,256,20,3,0.5,0.1,0.99,10.0,256,20,0,512,1,4.999746374858408,4.497474513781001,54.82498739540182,3009.552174637822,0.0,0.0,0.001953125,490.0
hcw,mppi_lqr,300.0,1800.0,0.1,0.075,5.0,5.0,10.0,10.0,10,100.0,inf,full,both,inf,180.0,0.01,0.0,0.0,256,20,3,0.5,0.1,0.99,10.0,256,20,0,512,1,4.999830916803729,4.996623843962781,58.62657113528597,3679.1476695395577,0.0,0.0,0.001953125,500.0
hcw,mppi_lqr,300.0,1800.0,0.1,0.075,5.0,5.5,10.0,10.0,10,100.0,inf,full,both,inf,180.0,0.01,0.0,0.0,256,20,3,0.5,0.1,0.99,10.0,256,20,0,512,1,5.0,5.495917345838739,58.62490743537696,4244.556693730619,0.0,0.0,0.001953125,520.0
hcw,mppi_lqr,300.0,1800.0,0.1,0.075,5.0,6.25,10.0,10.0,10,100.0,inf,full,both,inf,180.0,0.01,0.0,0.0,256,20,3,0.5,0.1,0.99,10.0,256,20,0,512,1,5.0,6.244433115003383,58.63320422381753,5028.603421257919,0.0,0.0,0.001953125,520.0
hcw,mppi_lqr,300.0,1800.0,0.1,0.075,5.0,7.5,10.0,10.0,10,100.0,inf,full,both,inf,180.0,0.01,0.0,0.0,256,20,3,0.5,0.1,0.99,10.0,256,20,0,512,0,5.0,7.5,58.62518424331687,6113.954735956539,0.0,0.0,0.0,
hcw,mppi_lqr,300.0,1800.0,0.1,0.075,5.0,10.0,10.0,10.0,10,100.0,inf,full,both,inf,180.0,0.01,0.0,0.0,256,20,3,0.5,0.1,0.99,10.0,256,20,0,512,0,5.0,10.0,58.62518447645831,7523.4780489517825,0.0,0.0,0.0,
hcw,mppi_lqr,300.0,1800.0,0.1,0.075,5.0,inf,10.0,10.0,10,100.0,inf,full,both,inf,180.0,0.01,0.0,0.0,256,20,3,0.5,0.1,0.99,10.0,256,20,0,512,0,5.0,12.831503549604738,58.62518447645831,8028.050523712255,0.0,0.0,0.0,
hcw,mppi_lqr,300.0,1800.0,0.1,0.09,5.0,1.25,10.0,10.0,10,100.0,inf,full,both,inf,180.0,0.01,0.0,0.0,256,20,3,0.5,0.1,0.99,10.0,256,20,0,512,512,4.424635142040534,1.25,9.509169739304216,9.50916973930422,0.0,0.0,1.0,530.0
hcw,mppi_lqr,300.0,1800.0,0.1,0.09,5.0,2.5,10.0,10.0,10,100.0,inf,full,both,inf,180.0,0.01,0.0,0.0,256,20,3,0.5,0.1,0.99,10.0,256,20,0,512,207,4.965013611102228,2.5,47.36444842094136,770.0702088376916,0.0,0.0,0.404296875,570.0
hcw,mppi_lqr,300.0,1800.0,0.1,0.09,5.0,3.75,10.0,10.0,10,100.0,inf,full,both,inf,180.0,0.01,0.0,0.0,256,20,3,0.5,0.1,0.99,10.0,256,20,0,512,29,4.992063651971223,3.75,152.8425833311592,1885.99587867786,0.0,0.0,0.056640625,590.0
hcw,mppi_lqr,300.0,1800.0,0.1,0.09,5.0,4.5,10.0,10.0,10,100.0,inf,full,both,inf,180.0,0.01,0.0,0.0,256,20,3,0.5,0.1,0.99,10.0,256,20,0,512,0,5.0,4.5,156.03553957705515,3130.1215478522163,0.0,0.0,0.0,
hcw,mppi_lqr,300.0,1800.0,0.1,0.09,5.0,5.0,10.0,10.0,10,100.0,inf,full,both,inf,180.0,0.01,0.0,0.0,256,20,3,0.5,0.1,0.99,10.0,256,20,0,512,0,5.0,5.0,159.0067272601756,3876.744747886175,0.0,0.0,0.0,
hcw,mppi_lqr,300.0,1800.0,0.1,0.09,5.0,5.5,10.0,10.0,10,100.0,inf,full,both,inf,180.0,0.01,0.0,0.0,256,20,3,0.5,0.1,0.99,10.0,256,20,0,512,0,5.0,5.5,158.43775274395077,4567.9696727907,0.0,0.0,0.0,
hcw,mppi_lqr,300.0,1800.0,0.1,0.09,5.0,6.25,10.0,10.0,10,100.0,inf,full,both,inf,180.0,0.01,0.0,0.0,256,20,3,0.5,0.1,0.99,10.0,256,20,0,512,0,5.0,6.25,158.0975869785491,5501.479874331979,0.0,0.0,0.0,
hcw,mppi_lqr,300.0,1800.0,0.1,0.09,5.0,7.5,10.0,10.0,10,100.0,inf,full,both,inf,180.0,0.01,0.0,0.0,256,20,3,0.5,0.1,0.99,10.0,256,20,0,512,0,5.0,7.5,157.89589179365794,6868.698585314071,0.0,0.0,0.0,
hcw,mppi_lqr,300.0,1800.0,0.1,0.09,5.0,10.0,10.0,10.0,10,100.0,inf,full,both,inf,180.0,0.01,0.0,0.0,256,20,3,0.5,0.1,0.99,10.0,256,20,0,512,0,5.0,10.0,157.8984026976329,8892.666766200084,0.0,0.0,0.0,
hcw,mppi_lqr,300.0,1800.0,0.1,0.09,5.0,inf,10.0,10.0,10,100.0,inf,full,both,inf,180.0,0.01,0.0,0.0,256,20,3,0.5,0.1,0.99,10.0,256,20,0,512,0,5.0,15.465453121393118,157.8984026976329,10543.008480010783,0.0,0.0,0.0,
hcw,mppi_lqr,300.0,1800.0,0.1,0.1,5.0,1.25,10.0,10.0,10,100.0,inf,full,both,inf,180.0,0.01,0.0,0.0,256,20,3,0.5,0.1,0.99,10.0,256,20,0,512,512,4.491393238368671,1.25,9.54898027389098,9.548980273890985,0.0,0.0,1.0,530.0
hcw,mppi_lqr,300.0,1800.0,0.1,0.1,5.0,2.5,10.0,10.0,10,100.0,inf,full,both,inf,180.0,0.01,0.0,0.0,256,20,3,0.5,0.1,0.99,10.0,256,20,0,512,193,4.987802455467399,2.5,47.38839317796801,873.655501720837,0.0,0.0,0.376953125,570.0
hcw,mppi_lqr,300.0,1800.0,0.1,0.1,5.0,3.75,10.0,10.0,10,100.0,inf,full,both,inf,180.0,0.01,0.0,0.0,256,20,3,0.5,0.1,0.99,10.0,256,20,0,512,3,5.0,3.75,220.51454291630432,1843.998919757004,0.0,0.0,0.005859375,600.0
hcw,mppi_lqr,300.0,1800.0,0.1,0.1,5.0,4.5,10.0,10.0,10,100.0,inf,full,both,inf,180.0,0.01,0.0,0.0,256,20,3,0.5,0.1,0.99,10.0,256,20,0,512,0,5.0,4.5,225.13101343733703,2963.7935110600897,0.0,0.0,0.0,
hcw,mppi_lqr,300.0,1800.0,0.1,0.1,5.0,5.0,10.0,10.0,10,100.0,inf,full,both,inf,180.0,0.01,0.0,0.0,256,20,3,0.5,0.1,0.99,10.0,256,20,0,512,0,5.0,5.0,224.07212645750715,3744.674503715872,0.0,0.0,0.0,
hcw,mppi_lqr,300.0,1800.0,0.1,0.1,5.0,5.5,10.0,10.0,10,100.0,inf,full,both,inf,180.0,0.01,0.0,0.0,256,20,3,0.5,0.1,0.99,10.0,256,20,0,512,0,5.0,5.5,223.1496684090606,4507.767527038135,0.0,0.0,0.0,
hcw,mppi_lqr,300.0,1800.0,0.1,0.1,5.0,6.25,10.0,10.0,10,100.0,inf,full,both,inf,180.0,0.01,0.0,0.0,256,20,3,0.5,0.1,0.99,10.0,256,20,0,512,0,5.0,6.25,222.18060601702263,5561.32031536373,0.0,0.0,0.0,
hcw,mppi_lqr,300.0,1800.0,0.1,0.1,5.0,7.5,10.0,10.0,10,100.0,inf,full,both,inf,180.0,0.01,0.0,0.0,256,20,3,0.5,0.1,0.99,10.0,256,20,0,512,0,5.0,7.5,221.6473997969733,7101.91191335534,0.0,0.0,0.0,
hcw,mppi_lqr,300.0,1800.0,0.1,0.1,5.0,10.0,10.0,10.0,10,100.0,inf,full,both,inf,180.0,0.01,0.0,0.0,256,20,3,0.5,0.1,0.99,10.0,256,20,0,512,0,5.0,10.0,221.66622032666805,9489.480174399148,0.0,0.0,0.0,
hcw,mppi_lqr,300.0,1800.0,0.1,0.1,5.0,inf,10.0,10.0,10,100.0,inf,full,both,inf,180.0,0.01,0.0,0.0,256,20,3,0.5,0.1,0.99,10.0,256,20,0,512,0,5.0,17.189430094425994,221.6662035462834,12118.278865410726,0.0,0.0,0.0,
hcw,mppi_lqr,300.0,1800.0,0.1,0.11,5.0,1.25,10.0,10.0,10,100.0,inf,full,both,inf,180.0,0.01,0.0,0.0,256,20,3,0.5,0.1,0.99,10.0,256,20,0,512,512,4.546445706323597,1.25,9.524960877429075,9.52496087742908,0.0,0.0,1.0,530.0
hcw,mppi_lqr,300.0,1800.0,0.1,0.11,5.0,2.5,10.0,10.0,10,100.0,inf,full,both,inf,180.0,0.01,0.0,0.0,256,20,3,0.5,0.1,0.99,10.0,256,20,0,512,160,4.995413981218107,2.5,48.51339035950805,1050.391564668961,0.0,0.0,0.3125,570.0
hcw,mppi_lqr,300.0,1800.0,0.1,0.11,5.0,3.75,10.0,10.0,10,100.0,inf,full,both,inf,180.0,0.01,0.0,0.0,256,20,3,0.5,0.1,0.99,10.0,256,20,0,512,3,5.0,3.75,244.93351113543088,1746.7849157150254,0.0,0.0,0.005859375,610.0
hcw,mppi_lqr,300.0,1800.0,0.1,0.11,5.0,4.5,10.0,10.0,10,100.0,inf,full,both,inf,180.0,0.01,0.0,0.0,256,20,3,0.5,0.1,0.99,10.0,256,20,0,512,0,5.0,4.5,268.9621005591459,2777.0340542094823,0.0,0.0,0.0,
hcw,mppi_lqr,300.0,1800.0,0.1,0.11,5.0,5.0,10.0,10.0,10,100.0,inf,full,both,inf,180.0,0.01,0.0,0.0,256,20,3,0.5,0.1,0.99,10.0,256,20,0,512,0,5.0,5.0,268.693611272314,3592.630669407879,0.0,0.0,0.0,
hcw,mppi_lqr,300.0,1800.0,0.1,0.11,5.0,5.5,10.0,10.0,10,100.0,inf,full,both,inf,180.0,0.01,0.0,0.0,256,20,3,0.5,0.1,0.99,10.0,256,20,0,512,0,5.0,5.5,267.7805052095819,4414.423983597434,0.0,0.0,0.0,
hcw,mppi_lqr,300.0,1800.0,0.1,0.11,5.0,6.25,10.0,10.0,10,100.0,inf,full,both,inf,180.0,0.01,0.0,0.0,256,20,3,0.5,0.1,0.99,10.0,256,20,0,512,0,5.0,6.25,267.27112127628203,5585.617922040261,0.0,0.0,0.0,
hcw,mppi_lqr,300.0,1800.0,0.1,0.11,5.0,7.5,10.0,10.0,10,100.0,inf,full,both,inf,180.0,0.01,0.0,0.0,256,20,3,0.5,0.1,0.99,10.0,256,20,0,512,0,5.0,7.5,266.0638678545294,7352.101421667059,0.0,0.0,0.0,
hcw,mppi_lqr,300.0,1800.0,0.1,0.11,5.0,10.0,10.0,10.0,10,100.0,inf,full,both,inf,180.0,0.01,0.0,0.0,256,20,3,0.5,0.1,0.99,10.0,256,20,0,512,0,5.0,10.0,266.1156287926379,10073.833330582573,0.0,0.0,0.0,
hcw,mppi_lqr,300.0,1800.0,0.1,0.11,5.0,inf,10.0,10.0,10,100.0,inf,full,both,inf,180.0,0.01,0.0,0.0,256,20,3,0.5,0.1,0.99,10.0,256,20,0,512,0,5.0,18.906770310123168,266.1157304652556,13829.017000836384,0.0,0.0,0.0,
hcw,mppi_lqr,300.0,1800.0,0.1,0.125,5.0,1.25,10.0,10.0,10,100.0,inf,full,both,inf,180.0,0.01,0.0,0.0,256,20,3,0.5,0.1,0.99,10.0,256,20,0,512,512,4.610118284171308,1.25,9.503136148419069,9.503136148419069,0.0,0.0,1.0,530.0
hcw,mppi_lqr,300.0,1800.0,0.1,0.125,5.0,2.5,10.0,10.0,10,100.0,inf,full,both,inf,180.0,0.01,0.0,0.0,256,20,3,0.5,0.1,0.99,10.0,256,20,0,512,176,5.0,2.5,42.98840637166972,1139.5959942227537,0.0,0.0,0.34375,560.0
hcw,mppi_lqr,300.0,1800.0,0.1,0.125,5.0,3.75,10.0,10.0,10,100.0,inf,full,both,inf,180.0,0.01,0.0,0.0,256,20,3,0.5,0.1,0.99,10.0,256,20,0,512,0,5.0,3.75,259.47287583104765,1690.110945196211,0.0,0.0,0.0,
hcw,mppi_lqr,300.0,1800.0,0.1,0.125,5.0,4.5,10.0,10.0,10,100.0,inf,full,both,inf,180.0,0.01,0.0,0.0,256,20,3,0.5,0.1,0.99,10.0,256,20,0,512,0,5.0,4.5,291.28347603891086,2691.4662630860144,0.0,0.0,0.0,
hcw,mppi_lqr,300.0,1800.0,0.1,0.125,5.0,5.0,10.0,10.0,10,100.0,inf,full,both,inf,180.0,0.01,0.0,0.0,256,20,3,0.5,0.1,0.99,10.0,256,20,0,512,0,5.0,5.0,291.0838092259199,3540.3612232350206,0.0,0.0,0.0,
hcw,mppi_lqr,300.0,1800.0,0.1,0.125,5.0,5.5,10.0,10.0,10,100.0,inf,full,both,inf,180.0,0.01,0.0,0.0,256,20,3,0.5,0.1,0.99,10.0,256,20,0,512,0,5.0,5.5,290.140682410792,4443.316568604117,0.0,0.0,0.0,
hcw,mppi_lqr,300.0,1800.0,0.1,0.125,5.0,6.25,10.0,10.0,10,100.0,inf,full,both,inf,180.0,0.01,0.0,0.0,256,20,3,0.5,0.1,0.99,10.0,256,20,0,512,0,5.0,6.25,290.22360725194017,5693.489068554846,0.0,0.0,0.0,
hcw,mppi_lqr,300.0,1800.0,0.1,0.125,5.0,7.5,10.0,10.0,10,100.0,inf,full,both,inf,180.0,0.01,0.0,0.0,256,20,3,0.5,0.1,0.99,10.0,256,20,0,512,0,5.0,7.5,289.951141351233,7675.05521554959,0.0,0.0,0.0,
hcw,mppi_lqr,300.0,1800.0,0.1,0.125,5.0,10.0,10.0,10.0,10,100.0,inf,full,both,inf,180.0,0.01,0.0,0.0,256,20,3,0.5,0.1,0.99,10.0,256,20,0,512,0,5.0,10.0,289.95090355711034,10798.257812317655,0.0,0.0,0.0,
hcw,mppi_lqr,300.0,1800.0,0.1,0.125,5.0,inf,10.0,10.0,10,100.0,inf,full,both,inf,180.0,0.01,0.0,0.0,256,20,3,0.5,0.1,0.99,10.0,256,20,0,512,0,5.0,21.47982715989104,289.9509568512914,16411.12878038743,0.0,0.0,0.0,
hcw,mppi_lqr,300.0,1800.0,0.1,0.15,5.0,1.25,10.0,10.0,10,100.0,inf,full,both,inf,180.0,0.01,0.0,0.0,256,20,3,0.5,0.1,0.99,10.0,256,20,0,512,512,4.690844749088116,1.25,9.489721313046497,9.489721313046497,0.0,0.0,1.0,525.0
hcw,mppi_lqr,300.0,1800.0,0.1,0.15,5.0,2.5,10.0,10.0,10,100.0,inf,full,both,inf,180.0,0.01,0.0,0.0,256,20,3,0.5,0.1,0.99,10.0,256,20,0,512,178,5.0,2.5,39.89222348964712,1292.2623692437598,0.0,0.0,0.34765625,570.0
hcw,mppi_lqr,300.0,1800.0,0.1,0.15,5.0,3.75,10.0,10.0,10,100.0,inf,full,both,inf,180.0,0.01,0.0,0.0,256,20,3,0.5,0.1,0.99,10.0,256,20,0,512,0,5.0,3.75,263.7220868818169,1686.6624203916342,0.0,0.0,0.0,
hcw,mppi_lqr,300.0,1800.0,0.1,0.15,5.0,4.5,10.0,10.0,10,100.0,inf,full,both,inf,180.0,0.01,0.0,0.0,256,20,3,0.5,0.1,0.99,10.0,256,20,0,512,0,5.0,4.5,293.91634762939776,2675.3666946393123,0.0,0.0,0.0,
hcw,mppi_lqr,300.0,1800.0,0.1,0.15,5.0,5.0,10.0,10.0,10,100.0,inf,full,both,inf,180.0,0.01,0.0,0.0,256,20,3,0.5,0.1,0.99,10.0,256,20,0,512,0,5.0,5.0,294.6193324767109,3578.8658503209654,0.0,0.0,0.0,
hcw,mppi_lqr,300.0,1800.0,0.1,0.15,5.0,5.5,10.0,10.0,10,100.0,inf,full,both,inf,180.0,0.01,0.0,0.0,256,20,3,0.5,0.1,0.99,10.0,256,20,0,512,0,5.0,5.5,294.34753279661686,4496.9787366597975,0.0,0.0,0.0,
hcw,mppi_lqr,300.0,1800.0,0.1,0.15,5.0,6.25,10.0,10.0,10,100.0,inf,full,both,inf,180.0,0.01,0.0,0.0,256,20,3,0.5,0.1,0.99,10.0,256,20,0,512,0,5.0,6.25,294.29339035924124,5865.021237987801,0.0,0.0,0.0,
hcw,mppi_lqr,300.0,1800.0,0.1,0.15,5.0,7.5,10.0,10.0,10,100.0,inf,full,both,inf,180.0,0.01,0.0,0.0,256,20,3,0.5,0.1,0.99,10.0,256,20,0,512,0,5.0,7.5,293.8538475616403,8008.016940650767,0.0,0.0,0.0,
hcw,mppi_lqr,300.0,1800.0,0.1,0.15,5.0,10.0,10.0,10.0,10,100.0,inf,full,both,inf,180.0,0.01,0.0,0.0,256,20,3,0.5,0.1,0.99,10.0,256,20,0,512,0,5.0,10.0,293.8005402163669,11651.92495081971,0.0,0.0,0.0,
hcw,mppi_lqr,300.0,1800.0,0.1,0.15,5.0,inf,10.0,10.0,10,100.0,inf,full,both,inf,180.0,0.01,0.0,0.0,256,20,3,0.5,0.1,0.99,10.0,256,20,0,512,0,5.0,25.76212620070012,293.80045034619525,20622.30899810713,0.0,0.0,0.0,
hcw,mppi_lqr,300.0,1800.0,0.1,0.2,5.0,1.25,10.0,10.0,10,100.0,inf,full,both,inf,180.0,0.01,0.0,0.0,256,20,3,0.5,0.1,0.99,10.0,256,20,0,512,512,4.794229285020907,1.25,9.490666919534684,9.490666919534684,0.0,0.0,1.0,520.0
hcw,mppi_lqr,300.0,1800.0,0.1,0.2,5.0,2.5,10.0,10.0,10,100.0,inf,full,both,inf,180.0,0.01,0.0,0.0,256,20,3,0.5,0.1,0.99,10.0,256,20,0,512,180,5.0,2.5,39.66694237284408,1402.0726883524603,0.0,0.0,0.3515625,570.0
hcw,mppi_lqr,300.0,1800.0,0.1,0.2,5.0,3.75,10.0,10.0,10,100.0,inf,full,both,inf,180.0,0.01,0.0,0.0,256,20,3,0.5,0.1,0.99,10.0,256,20,0,512,0,5.0,3.75,270.76126974837644,1739.1673175944743,0.0,0.0,0.0,
hcw,mppi_lqr,300.0,1800.0,0.1,0.2,5.0,4.5,10.0,10.0,10,100.0,inf,full,both,inf,180.0,0.01,0.0,0.0,256,20,3,0.5,0.1,0.99,10.0,256,20,0,512,0,5.0,4.5,294.29753649651127,2761.2808048879874,0.0,0.0,0.0,
hcw,mppi_lqr,300.0,1800.0,0.1,0.2,5.0,5.0,10.0,10.0,10,100.0,inf,full,both,inf,180.0,0.01,0.0,0.0,256,20,3,0.5,0.1,0.99,10.0,256,20,0,512,0,5.0,5.0,295.4348139201703,3700.77339729482,0.0,0.0,0.0,
hcw,mppi_lqr,300.0,1800.0,0.1,0.2,5.0,5.5,10.0,10.0,10,100.0,inf,full,both,inf,180.0,0.01,0.0,0.0,256,20,3,0.5,0.1,0.99,10.0,256,20,0,512,0,5.0,5.5,294.930693858032,4680.520174818261,0.0,0.0,0.0,
hcw,mppi_lqr,300.0,1800.0,0.1,0.2,5.0,6.25,10.0,10.0,10,100.0,inf,full,both,inf,180.0,0.01,0.0,0.0,256,20,3,0.5,0.1,0.99,10.0,256,20,0,512,0,5.0,6.25,293.2746627585713,6117.990751805422,0.0,0.0,0.0,
hcw,mppi_lqr,300.0,1800.0,0.1,0.2,5.0,7.5,10.0,10.0,10,100.0,inf,full,both,inf,180.0,0.01,0.0,0.0,256,20,3,0.5,0.1,0.99,10.0,256,20,0,512,0,5.0,7.5,292.90837740745894,8497.005683100606,0.0,0.0,0.0,
hcw,mppi_lqr,300.0,1800.0,0.1,0.2,5.0,10.0,10.0,10.0,10,100.0,inf,full,both,inf,180.0,0.01,0.0,0.0,256,20,3,0.5,0.1,0.99,10.0,256,20,0,512,0,5.0,10.0,293.31753325926263,12649.51641903052,0.0,0.0,0.0,
hcw,mppi_lqr,300.0,1800.0,0.1,0.2,5.0,inf,10.0,10.0,10,100.0,inf,full,both,inf,180.0,0.01,0.0,0.0,256,20,3,0.5,0.1,0.99,10.0,256,20,0,512,0,5.0,34.333529354121474,293.27583219524814,29086.079465174003,0.0,0.0,0.0,
hcw,random,300.0,1800.0,0.1,0.025,5.0,1.25,10.0,10.0,10,100.0,inf,full,both,inf,180.0,0.01,0.0,0.0,256,20,3,0.5,0.1,0.99,10.0,256,20,0,512,512,3.318597544984345,0.7534475455988521,9.462653720018745,9.462653720018745,0.0,0.0,1.0,400.0
hcw,random,300.0,1800.0,0.1,0.025,5.0,2.5,10.0,10.0,10,100.0,inf,full,both,inf,180.0,0.01,0.0,0.0,256,20,3,0.5,0.1,0.99,10.0,256,20,0,512,512,3.318597544984345,0.7534475455988521,9.462653720018745,9.462653720018745,0.0,0.0,1.0,400.0
hcw,random,300.0,1800.0,0.1,0.025,5.0,3.75,10.0,10.0,10,100.0,inf,full,both,inf,180.0,0.01,0.0,0.0,256,20,3,0.5,0.1,0.99,10.0,256,20,0,512,512,3.318597544984345,0.7534475455988521,9.462653720018745,9.462653720018745,0.0,0.0,1.0,400.0
hcw,random,300.0,1800.0,0.1,0.025,5.0,4.5,10.0,10.0,10,100.0,inf,full,both,inf,180.0,0.01,0.0,0.0,256,20,3,0.5,0.1,0.99,10.0,256,20,0,512,512,3.318597544984345,0.7534475455988521,9.462653720018745,9.462653720018745,0.0,0.0,1.0,400.0
hcw,random,300.0,1800.0,0.1,0.025,5.0,5.0,10.0,10.0,10,100.0,inf,full,both,inf,180.0,0.01,0.0,0.0,256,20,3,0.5,0.1,0.99,10.0,256,20,0,512,512,3.318597544984345,0.7534475455988521,9.462653720018745,9.462653720018745,0.0,0.0,1.0,400.0
hcw,random,300.0,1800.0,0.1,0.025,5.0,5.5,10.0,10.0,10,100.0,inf,full,both,inf,180.0,0.01,0.0,0.0,256,20,3,0.5,0.1,0.99,10.0,256,20,0,512,512,3.318597544984345,0.7534475455988521,9.462653720018745,9.462653720018745,0.0,0.0,1.0,400.0
hcw,random,300.0,1800.0,0.1,0.025,5.0,6.25,10.0,10.0,10,100.0,inf,full,both,inf,180.0,0.01,0.0,0.0,256,20,3,0.5,0.1,0.99,10.0,256,20,0,512,512,3.318597544984345,0.7534475455988521,9.462653720018745,9.462653720018745,0.0,0.0,1.0,400.0
hcw,random,300.0,1800.0,0.1,0.025,5.0,7.5,10.0,10.0,10,100.0,inf,full,both,inf,180.0,0.01,0.0,0.0,256,20,3,0.5,0.1,0.99,10.0,256,20,0,512,512,3.318597544984345,0.7534475455988521,9.462653720018745,9.462653720018745,0.0,0.0,1.0,400.0
hcw,random,300.0,1800.0,0.1,0.025,5.0,10.0,10.0,10.0,10,100.0,inf,full,both,inf,180.0,0.01,0.0,0.0,256,20,3,0.5,0.1,0.99,10.0,256,20,0,512,512,3.318597544984345,0.7534475455988521,9.462653720018745,9.462653720018745,0.0,0.0,1.0,400.0
hcw,random,300.0,1800.0,0.1,0.025,5.0,inf,10.0,10.0,10,100.0,inf,full,both,inf,180.0,0.01,0.0,0.0,256,20,3,0.5,0.1,0.99,10.0,256,20,0,512,512,3.318597544984345,0.7534475455988521,9.462653720018745,9.462653720018745,0.0,0.0,1.0,400.0
hcw,random,300.0,1800.0,0.1,0.05,5.0,1.25,10.0,10.0,10,100.0,inf,full,both,inf,180.0,0.01,0.0,0.0,256,20,3,0.5,0.1,0.99,10.0,256,20,0,512,512,3.3111188484872724,1.242193534697672,9.39750088539548,9.39750088539548,0.0,0.0,1.0,400.0
hcw,random,300.0,1800.0,0.1,0.05,5.0,2.5,10.0,10.0,10,100.0,inf,full,both,inf,180.0,0.01,0.0,0.0,256,20,3,0.5,0.1,0.99,10.0,256,20,0,512,512,3.449313153996311,1.4628461869385312,9.363419822227868,9.363419822227868,0.0,0.0,1.0,400.0
hcw,random,300.0,1800.0,0.1,0.05,5.0,3.75,10.0,10.0,10,100.0,inf,full,both,inf,180.0,0.01,0.0,0.0,256,20,3,0.5,0.1,0.99,10.0,256,20,0,512,512,3.449313153996311,1.4628461869385312,9.363419822227868,9.363419822227868,0.0,0.0,1.0,400.0
hcw,random,300.0,1800.0,0.1,0.05,5.0,4.5,10.0,10.0,10,100.0,inf,full,both,inf,180.0,0.01,0.0,0.0,256,20,3,0.5,0.1,0.99,10.0,256,20,0,512,512,3.449313153996311,1.4628461869385312,9.363419822227868,9.363419822227868,0.0,0.0,1.0,400.0
hcw,random,300.0,1800.0,0.1,0.05,5.0,5.0,10.0,10.0,10,100.0,inf,full,both,inf,180.0,0.01,0.0,0.0,256,20,3,0.5,0.1,0.99,10.0,256,20,0,512,512,3.449313153996311,1.4628461869385312,9.363419822227868,9.363419822227868,0.0,0.0,1.0,400.0
hcw,random,300.0,1800.0,0.1,0.05,5.0,5.5,10.0,10.0,10,100.0,inf,full,both,inf,180.0,0.01,0.0,0.0,256,20,3,0.5,0.1,0.99,10.0,256,20,0,512,512,3.449313153996311,1.4628461869385312,9.363419822227868,9.363419822227868,0.0,0.0,1.0,400.0
hcw,random,300.0,1800.0,0.1,0.05,5.0,6.25,10.0,10.0,10,100.0,inf,full,both,inf,180.0,0.01,0.0,0.0,256,20,3,0.5,0.1,0.99,10.0,256,20,0,512,512,3.449313153996311,1.4628461869385312,9.363419822227868,9.363419822227868,0.0,0.0,1.0,400.0
hcw,random,300.0,1800.0,0.1,0.05,5.0,7.5,10.0,10.0,10,100.0,inf,full,both,inf,180.0,0.01,0.0,0.0,256,20,3,0.5,0.1,0.99,10.0,256,20,0,512,512,3.449313153996311,1.4628461869385312,9.363419822227868,9.363419822227868,0.0,0.0,1.0,400.0
hcw,random,300.0,1800.0,0.1,0.05,5.0,10.0,10.0,10.0,10,100.0,inf,full,both,inf,180.0,0.01,0.0,0.0,256,20,3,0.5,0.1,0.99,10.0,256,20,0,512,512,3.449313153996311,1.4628461869385312,9.363419822227868,9.363419822227868,0.0,0.0,1.0,400.0
hcw,random,300.0,1800.0,0.1,0.05,5.0,inf,10.0,10.0,10,100.0,inf,full,both,inf,180.0,0.01,0.0,0.0,256,20,3,0.5,0.1,0.99,10.0,256,20,0,512,512,3.449313153996311,1.4628461869385312,9.363419822227868,9.363419822227868,0.0,0.0,1.0,400.0
hcw,random,300.0,1800.0,0.1,0.075,5.0,1.25,10.0,10.0,10,100.0,inf,full,both,inf,180.0,0.01,0.0,0.0,256,20,3,0.5,0.1,0.99,10.0,256,20,0,512,512,3.237810789037519,1.25,9.281866479127514,9.281866479127514,0.0,0.0,1.0,400.0
hcw,random,300.0,1800.0,0.1,0.075,5.0,2.5,10.0,10.0,10,100.0,inf,full,both,inf,180.0,0.01,0.0,0.0,256,20,3,0.5,0.1,0.99,10.0,256,20,0,512,512,3.535891681153312,2.124849349088039,9.18875552056518,9.189039431701568,0.0,0.0,1.0,390.0
hcw,random,300.0,1800.0,0.1,0.075,5.0,3.75,10.0,10.0,10,100.0,inf,full,both,inf,180.0,0.01,0.0,0.0,256,20,3,0.5,0.1,0.99,10.0,256,20,0,512,512,3.537183593814245,2.128131958332159,9.183255171159098,9.183539082295484,0.0,0.0,1.0,390.0
hcw,random,300.0,1800.0,0.1,0.075,5.0,4.5,10.0,10.0,10,100.0,inf,full,both,inf,180.0,0.01,0.0,0.0,256,20,3,0.5,0.1,0.99,10.0,256,20,0,512,512,3.537183593814245,2.128131958332159,9.183255171159098,9.183539082295484,0.0,0.0,1.0,390.0
hcw,random,300.0,1800.0,0.1,0.075,5.0,5.0,10.0,10.0,10,100.0,inf,full,both,inf,180.0,0.01,0.0,0.0,256,20,3,0.5,0.1,0.99,10.0,256,20,0,512,512,3.537183593814245,2.128131958332159,9.183255171159098,9.183539082295484,0.0,0.0,1.0,390.0
hcw,random,300.0,1800.0,0.1,0.075,5.0,5.5,10.0,10.0,10,100.0,inf,full,both,inf,180.0,0.01,0.0,0.0,256,20,3,0.5,0.1,0.99,10.0,256,20,0,512,512,3.537183593814245,2.128131958332159,9.183255171159098,9.183539082295484,0.0,0.0,1.0,390.0
hcw,random,300.0,1800.0,0.1,0.075,5.0,6.25,10.0,10.0,10,100.0,inf,full,both,inf,180.0,0.01,0.0,0.0,256,20,3,0.5,0.1,0.99,10.0,256,20,0,512,512,3.537183593814245,2.128131958332159,9.183255171159098,9.183539082295484,0.0,0.0,1.0,390.0
hcw,random,300.0,1800.0,0.1,0.075,5.0,7.5,10.0,10.0,10,100.0,inf,full,both,inf,180.0,0.01,0.0,0.0,256,20,3,0.5,0.1,0.99,10.0,256,20,0,512,512,3.537183593814245,2.128131958332159,9.183255171159098,9.183539082295484,0.0,0.0,1.0,390.0
hcw,random,300.0,1800.0,0.1,0.075,5.0,10.0,10.0,10.0,10,100.0,inf,full,both,inf,180.0,0.01,0.0,0.0,256,20,3,0.5,0.1,0.99,10.0,256,20,0,512,512,3.537183593814245,2.128131958332159,9.183255171159098,9.183539082295484,0.0,0.0,1.0,390.0
hcw,random,300.0,1800.0,0.1,0.075,5.0,inf,10.0,10.0,10,100.0,inf,full,both,inf,180.0,0.01,0.0,0.0,256,20,3,0.5,0.1,0.99,10.0,256,20,0,512,512,3.537183593814245,2.128131958332159,9.183255171159098,9.183539082295484,0.0,0.0,1.0,390.0
hcw,random,300.0,1800.0,0.1,0.09,5.0,1.25,10.0,10.0,10,100.0,inf,full,both,inf,180.0,0.01,0.0,0.0,256,20,3,0.5,0.1,0.99,10.0,256,20,0,512,512,3.246576053932134,1.25,9.36257362903496,9.362884702226344,0.0,0.0,1.0,400.0
hcw,random,300.0,1800.0,0.1,0.09,5.0,2.5,10.0,10.0,10,100.0,inf,full,both,inf,180.0,0.01,0.0,0.0,256,20,3,0.5,0.1,0.99,10.0,256,20,0,512,512,3.4758516620226056,2.367584606190869,9.202919437501413,9.204368823381612,0.0,0.0,1.0,380.0
hcw,random,300.0,1800.0,0.1,0.09,5.0,3.75,10.0,10.0,10,100.0,inf,full,both,inf,180.0,0.01,0.0,0.0,256,20,3,0.5,0.1,0.99,10.0,256,20,0,512,512,3.586543494543599,2.527274738545937,9.176776804518378,9.178226190398576,0.0,0.0,1.0,380.0
hcw,random,300.0,1800.0,0.1,0.09,5.0,4.5,10.0,10.0,10,100.0,inf,full,both,inf,180.0,0.01,0.0,0.0,256,20,3,0.5,0.1,0.99,10.0,256,20,0,512,512,3.586543494543599,2.527274738545937,9.176776804518378,9.178226190398576,0.0,0.0,1.0,380.0
hcw,random,300.0,1800.0,0.1,0.09,5.0,5.0,10.0,10.0,10,100.0,inf,full,both,inf,180.0,0.01,0.0,0.0,256,20,3,0.5,0.1,0.99,10.0,256,20,0,512,512,3.586543494543599,2.527274738545937,9.176776804518378,9.178226190398576,0.0,0.0,1.0,380.0
hcw,random,300.0,1800.0,0.1,0.09,5.0,5.5,10.0,10.0,10,100.0,inf,full,both,inf,180.0,0.01,0.0,0.0,256,20,3,0.5,0.1,0.99,10.0,256,20,0,512,512,3.586543494543599,2.527274738545937,9.176776804518378,9.178226190398576,0.0,0.0,1.0,380.0
hcw,random,300.0,1800.0,0.1,0.09,5.0,6.25,10.0,10.0,10,100.0,inf,full,both,inf,180.0,0.01,0.0,0.0,256,20,3,0.5,0.1,0.99,10.0,256,20,0,512,512,3.586543494543599,2.527274738545937,9.176776804518378,9.178226190398576,0.0,0.0,1.0,380.0
hcw,random,300.0,1800.0,0.1,0.09,5.0,7.5,10.0,10.0,10,100.0,inf,full,both,inf,180.0,0.01,0.0,0.0,256,20,3,0.5,0.1,0.99,10.0,256,20,0,512,512,3.586543494543599,2.527274738545937,9.176776804518378,9.178226190398576,0.0,0.0,1.0,380.0
hcw,random,300.0,1800.0,0.1,0.09,5.0,10.0,10.0,10.0,10,100.0,inf,full,both,inf,180.0,0.01,0.0,0.0,256,20,3,0.5,0.1,0.99,10.0,256,20,0,512,512,3.586543494543599,2.527274738545937,9.176776804518378,9.178226190398576,0.0,0.0,1.0,380.0
hcw,random,300.0,1800.0,0.1,0.09,5.0,inf,10.0,10.0,10,100.0,inf,full,both,inf,180.0,0.01,0.0,0.0,256,20,3,0.5,0.1,0.99,10.0,256,20,0,512,512,3.586543494543599,2.527274738545937,9.176776804518378,9.178226190398576,0.0,0.0,1.0,380.0
hcw,random,300.0,1800.0,0.1,0.1,5.0,1.25,10.0,10.0,10,100.0,inf,full,both,inf,180.0,0.01,0.0,0.0,256,20,3,0.5,0.1,0.99,10.0,256,20,0,512,512,3.2596367705922917,1.25,9.43386323608508,9.43386323608508,0.0,0.0,1.0,400.0
hcw,random,300.0,1800.0,0.1,0.1,5.0,2.5,10.0,10.0,10,100.0,inf,full,both,inf,180.0,0.01,0.0,0.0,256,20,3,0.5,0.1,0.99,10.0,256,20,0,512,512,3.3945309457391355,2.445139246787496,9.194749499826044,9.197551305185488,0.0,0.0,1.0,380.0
hcw,random,300.0,1800.0,0.1,0.1,5.0,3.75,10.0,10.0,10,100.0,inf,full,both,inf,180.0,0.01,0.0,0.0,256,20,3,0.5,0.1,0.99,10.0,256,20,0,512,512,3.6350711791197448,2.812747299859684,9.142950599134666,9.145590353822351,0.0,0.0,1.0,380.0
hcw,random,300.0,1800.0,0.1,0.1,5.0,4.5,10.0,10.0,10,100.0,inf,full,both,inf,180.0,0.01,0.0,0.0,256,20,3,0.5,0.1,0.99,10.0,256,20,0,512,512,3.635555411165035,2.81448316181793,9.139570885787592,9.14221064047528,0.0,0.0,1.0,380.0
hcw,random,300.0,1800.0,0.1,0.1,5.0,5.0,10.0,10.0,10,100.0,inf,full,both,inf,180.0,0.01,0.0,0.0,256,20,3,0.5,0.1,0.99,10.0,256,20,0,512,512,3.635555411165035,2.81448316181793,9.139570885787592,9.14221064047528,0.0,0.0,1.0,380.0
hcw,random,300.0,1800.0,0.1,0.1,5.0,5.5,10.0,10.0,10,100.0,inf,full,both,inf,180.0,0.01,0.0,0.0,256,20,3,0.5,0.1,0.99,10.0,256,20,0,512,512,3.635555411165035,2.81448316181793,9.139570885787592,9.14221064047528,0.0,0.0,1.0,380.0
hcw,random,300.0,1800.0,0.1,0.1,5.0,6.25,10.0,10.0,10,100.0,inf,full,both,inf,180.0,0.01,0.0,0.0,256,20,3,0.5,0.1,0.99,10.0,256,20,0,512,512,3.635555411165035,2.81448316181793,9.139570885787592,9.14221064047528,0.0,0.0,1.0,380.0
hcw,random,300.0,1800.0,0.1,0.1,5.0,7.5,10.0,10.0,10,100.0,inf,full,both,inf,180.0,0.01,0.0,0.0,256,20,3,0.5,0.1,0.99,10.0,256,20,0,512,512,3.635555411165035,2.81448316181793,9.139570885787592,9.14221064047528,0.0,0.0,1.0,380.0
hcw,random,300.0,1800.0,0.1,0.1,5.0,10.0,10.0,10.0,10,100.0,inf,full,both,inf,180.0,0.01,0.0,0.0,256,20,3,0.5,0.1,0.99,10.0,256,20,0,512,512,3.635555411165035,2.81448316181793,9.139570885787592,9.14221064047528,0.0,0.0,1.0,380.0
hcw,random,300.0,1800.0,0.1,0.1,5.0,inf,10.0,10.0,10,100.0,inf,full,both,inf,180.0,0.01,0.0,0.0,256,20,3,0.5,0.1,0.99,10.0,256,20,0,512,512,3.635555411165035,2.81448316181793,9.139570885787592,9.14221064047528,0.0,0.0,1.0,380.0
hcw,random,300.0,1800.0,0.1,0.11,5.0,1.25,10.0,10.0,10,100.0,inf,full,both,inf,180.0,0.01,0.0,0.0,256,20,3,0.5,0.1,0.99,10.0,256,20,0,512,512,3.268646262194357,1.25,9.442826793004617,9.442826793004617,0.0,0.0,1.0,400.0
hcw,random,300.0,1800.0,0.1,0.11,5.0,2.5,10.0,10.0,10,100.0,inf,full,both,inf,180.0,0.01,0.0,0.0,256,20,3,0.5,0.1,0.99,10.0,256,20,0,512,512,3.350232086033479,2.4828494707713933,9.173725993577122,9.176715658608842,0.0,0.0,1.0,390.0
hcw,random,300.0,1800.0,0.1,0.11,5.0,3.75,10.0,10.0,10,100.0,inf,full,both,inf,180.0,0.01,0.0,0.0,256,20,3,0.5,0.1,0.99,10.0,256,20,0,512,512,3.664019694045157,3.086595045559528,9.12125650893738,9.122481976889404,0.0,0.0,1.0,380.0
hcw,random,300.0,1800.0,0.1,0.11,5.0,4.5,10.0,10.0,10,100.0,inf,full,both,inf,180.0,0.01,0.0,0.0,256,20,3,0.5,0.1,0.99,10.0,256,20,0,512,511,3.675640278582814,3.110717034799516,9.122108402007049,9.57910331600798,0.0,0.0,0.998046875,380.0
hcw,random,300.0,1800.0,0.1,0.11,5.0,5.0,10.0,10.0,10,100.0,inf,full,both,inf,180.0,0.01,0.0,0.0,256,20,3,0.5,0.1,0.99,10.0,256,20,0,512,510,3.675640278582814,3.11298525091452,9.123296506152304,10.893800881360365,0.0,0.0,0.99609375,380.0
hcw,random,300.0,1800.0,0.1,0.11,5.0,5.5,10.0,10.0,10,100.0,inf,full,both,inf,180.0,0.01,0.0,0.0,256,20,3,0.5,0.1,0.99,10.0,256,20,0,512,510,3.675640278582814,3.11493837591452,9.123296506152304,10.925523103180984,0.0,0.0,0.99609375,380.0
hcw,random,300.0,1800.0,0.1,0.11,5.0,6.25,10.0,10.0,10,100.0,inf,full,both,inf,180.0,0.01,0.0,0.0,256,20,3,0.5,0.1,0.99,10.0,256,20,0,512,510,3.675640278582814,3.11786806341452,9.123296506152304,11.912320924204506,0.0,0.0,0.99609375,380.0
hcw,random,300.0,1800.0,0.1,0.11,5.0,7.5,10.0,10.0,10,100.0,inf,full,both,inf,180.0,0.01,0.0,0.0,256,20,3,0.5,0.1,0.99,10.0,256,20,0,512,510,3.675640278582814,3.12275087591452,9.123296506152304,11.887845428783942,0.0,0.0,0.99609375,380.0
hcw,random,300.0,1800.0,0.1,0.11,5.0,10.0,10.0,10.0,10,100.0,inf,full,both,inf,180.0,0.01,0.0,0.0,256,20,3,0.5,0.1,0.99,10.0,256,20,0,512,510,3.675640278582814,3.13251650091452,9.123296506152304,11.851473107059135,0.0,0.0,0.99609375,380.0
hcw,random,300.0,1800.0,0.1,0.11,5.0,inf,10.0,10.0,10,100.0,inf,full,both,inf,180.0,0.01,0.0,0.0,256,20,3,0.5,0.1,0.99,10.0,256,20,0,512,510,3.675640278582814,3.1516792435389056,9.123296506152304,11.912883245553598,0.0,0.0,0.99609375,380.0
hcw,random,300.0,1800.0,0.1,0.125,5.0,1.25,10.0,10.0,10,100.0,inf,full,both,inf,180.0,0.01,0.0,0.0,256,20,3,0.5,0.1,0.99,10.0,256,20,0,512,512,3.279619397626623,1.25,9.478760923657108,9.478760923657108,0.0,0.0,1.0,400.0
hcw,random,300.0,1800.0,0.1,0.125,5.0,2.5,10.0,10.0,10,100.0,inf,full,both,inf,180.0,0.01,0.0,0.0,256,20,3,0.5,0.1,0.99,10.0,256,20,0,512,512,3.334372183807197,2.497154148073188,9.184189909326529,9.185757581864882,0.0,0.0,1.0,390.0
hcw,random,300.0,1800.0,0.1,0.125,5.0,3.75,10.0,10.0,10,100.0,inf,full,both,inf,180.0,0.01,0.0,0.0,256,20,3,0.5,0.1,0.99,10.0,256,20,0,512,512,3.685479657996378,3.4247114326646253,9.147961788995111,9.153670909727136,0.0,0.0,1.0,390.0
hcw,random,300.0,1800.0,0.1,0.125,5.0,4.5,10.0,10.0,10,100.0,inf,full,both,inf,180.0,0.01,0.0,0.0,256,20,3,0.5,0.1,0.99,10.0,256,20,0,512,511,3.76280336035022,3.572273748674424,9.111951225221594,9.855199109628304,0.0,0.0,0.998046875,390.0
hcw,random,300.0,1800.0,0.1,0.125,5.0,5.0,10.0,10.0,10,100.0,inf,full,both,inf,180.0,0.01,0.0,0.0,256,20,3,0.5,0.1,0.99,10.0,256,20,0,512,502,3.768211910962964,3.601389217946373,9.14521561256397,15.301838336687773,0.0,0.0,0.98046875,385.0
hcw,random,300.0,1800.0,0.1,0.125,5.0,5.5,10.0,10.0,10,100.0,inf,full,both,inf,180.0,0.01,0.0,0.0,256,20,3,0.5,0.1,0.99,10.0,256,20,0,512,504,3.76832146627368,3.6168215259301904,9.126979109834116,17.218409529156084,0.0,0.0,0.984375,390.0
hcw,random,300.0,1800.0,0.1,0.125,5.0,6.25,10.0,10.0,10,100.0,inf,full,both,inf,180.0,0.01,0.0,0.0,256,20,3,0.5,0.1,0.99,10.0,256,20,0,512,504,3.76832146627368,3.630293984765271,9.130687885498428,20.409357677541387,0.0,0.0,0.984375,390.0
hcw,random,300.0,1800.0,0.1,0.125,5.0,7.5,10.0,10.0,10,100.0,inf,full,both,inf,180.0,0.01,0.0,0.0,256,20,3,0.5,0.1,0.99,10.0,256,20,0,512,504,3.76832146627368,3.649825234765271,9.130687885498428,22.24532695392375,0.0,0.0,0.984375,390.0
hcw,random,300.0,1800.0,0.1,0.125,5.0,10.0,10.0,10.0,10,100.0,inf,full,both,inf,180.0,0.01,0.0,0.0,256,20,3,0.5,0.1,0.99,10.0,256,20,0,512,504,3.76832146627368,3.688887734765271,9.130687885498428,20.35864295385508,0.0,0.0,0.984375,390.0
hcw,random,300.0,1800.0,0.1,0.125,5.0,inf,10.0,10.0,10,100.0,inf,full,both,inf,180.0,0.01,0.0,0.0,256,20,3,0.5,0.1,0.99,10.0,256,20,0,512,504,3.76832146627368,3.795471002390189,9.130687885498428,21.041136573076408,0.0,0.0,0.984375,390.0
hcw,random,300.0,1800.0,0.1,0.15,5.0,1.25,10.0,10.0,10,100.0,inf,full,both,inf,180.0,0.01,0.0,0.0,256,20,3,0.5,0.1,0.99,10.0,256,20,0,512,512,3.2958046154782124,1.25,9.488022410340044,9.488022410340044,0.0,0.0,1.0,400.0
hcw,random,300.0,1800.0,0.1,0.15,5.0,2.5,10.0,10.0,10,100.0,inf,full,both,inf,180.0,0.01,0.0,0.0,256,20,3,0.5,0.1,0.99,10.0,256,20,0,512,512,3.344375107438794,2.49988783087938,9.152826729910608,9.157655541511,0.0,0.0,1.0,390.0
hcw,random,300.0,1800.0,0.1,0.15,5.0,3.75,10.0,10.0,10,100.0,inf,full,both,inf,180.0,0.01,0.0,0.0,256,20,3,0.5,0.1,0.99,10.0,256,20,0,512,512,3.6143001983802336,3.6569941280143774,9.183608096887385,9.194817978327167,0.0,0.0,1.0,400.0
hcw,random,300.0,1800.0,0.1,0.15,5.0,4.5,10.0,10.0,10,100.0,inf,full,both,inf,180.0,0.01,0.0,0.0,256,20,3,0.5,0.1,0.99,10.0,256,20,0,512,509,3.8026036097616553,4.136402942512529,9.202594248074774,12.017757585043915,0.0,0.0,0.994140625,400.0
hcw,random,300.0,1800.0,0.1,0.15,5.0,5.0,10.0,10.0,10,100.0,inf,full,both,inf,180.0,0.01,0.0,0.0,256,20,3,0.5,0.1,0.99,10.0,256,20,0,512,507,3.880249333666304,4.320252178599102,9.161904093670705,14.124228095691544,0.0,0.0,0.990234375,400.0
hcw,random,300.0,1800.0,0.1,0.15,5.0,5.5,10.0,10.0,10,100.0,inf,full,both,inf,180.0,0.01,0.0,0.0,256,20,3,0.5,0.1,0.99,10.0,256,20,0,512,500,3.917283150603791,4.4267010066426735,9.147095532223538,19.59114143877267,0.0,0.0,0.9765625,400.0
hcw,random,300.0,1800.0,0.1,0.15,5.0,6.25,10.0,10.0,10,100.0,inf,full,both,inf,180.0,0.01,0.0,0.0,256,20,3,0.5,0.1,0.99,10.0,256,20,0,512,469,3.9205638847878954,4.515898983799832,9.33901196785111,49.61191239433464,0.0,0.0,0.916015625,390.0
hcw,random,300.0,1800.0,0.1,0.15,5.0,7.5,10.0,10.0,10,100.0,inf,full,both,inf,180.0,0.01,0.0,0.0,256,20,3,0.5,0.1,0.99,10.0,256,20,0,512,471,3.9205638847878954,4.623038368931518,9.34291224211282,66.8022102990364,0.0,0.0,0.919921875,390.0
hcw,random,300.0,1800.0,0.1,0.15,5.0,10.0,10.0,10.0,10,100.0,inf,full,both,inf,180.0,0.01,0.0,0.0,256,20,3,0.5,0.1,0.99,10.0,256,20,0,512,471,3.9205638847878954,4.823233681431518,9.339369111646004,75.47156636740529,0.0,0.0,0.919921875,390.0
hcw,random,300.0,1800.0,0.1,0.15,5.0,inf,10.0,10.0,10,100.0,inf,full,both,inf,180.0,0.01,0.0,0.0,256,20,3,0.5,0.1,0.99,10.0,256,20,0,512,471,3.9205638847878954,5.644214852373564,9.339369111646004,87.28704040103052,0.0,0.0,0.919921875,390.0
hcw,random,300.0,1800.0,0.1,0.2,5.0,1.25,10.0,10.0,10,100.0,inf,full,both,inf,180.0,0.01,0.0,0.0,256,20,3,0.5,0.1,0.99,10.0,256,20,0,512,512,3.3178658549924527,1.25,9.497871494467695,9.497871494467695,0.0,0.0,1.0,400.0
hcw,random,300.0,1800.0,0.1,0.2,5.0,2.5,10.0,10.0,10,100.0,inf,full,both,inf,180.0,0.01,0.0,0.0,256,20,3,0.5,0.1,0.99,10.0,256,20,0,512,512,3.4116462480001,2.5,9.304778552864912,9.306613483789858,0.0,0.0,1.0,400.0
hcw,random,300.0,1800.0,0.1,0.2,5.0,3.75,10.0,10.0,10,100.0,inf,full,both,inf,180.0,0.01,0.0,0.0,256,20,3,0.5,0.1,0.99,10.0,256,20,0,512,510,3.667027143460632,3.748037499178104,9.213740390804016,13.518818013997985,0.0,0.0,0.99609375,420.0
hcw,random,300.0,1800.0,0.1,0.2,5.0,4.5,10.0,10.0,10,100.0,inf,full,both,inf,180.0,0.01,0.0,0.0,256,20,3,0.5,0.1,0.99,10.0,256,20,0,512,505,3.838418611001214,4.463542091906701,9.213268969609633,19.72340775989642,0.0,0.0,0.986328125,430.0
hcw,random,300.0,1800.0,0.1,0.2,5.0,5.0,10.0,10.0,10,100.0,inf,full,both,inf,180.0,0.01,0.0,0.0,256,20,3,0.5,0.1,0.99,10.0,256,20,0,512,505,3.9437954609617374,4.901301965397969,9.318545300852444,15.555740165681536,0.0,0.0,0.986328125,440.0
hcw,random,300.0,1800.0,0.1,0.2,5.0,5.5,10.0,10.0,10,100.0,inf,full,both,inf,180.0,0.01,0.0,0.0,256,20,3,0.5,0.1,0.99,10.0,256,20,0,512,500,4.040469841859983,5.3037321169550005,9.46494474692364,20.84784262921317,0.0,0.0,0.9765625,440.0
hcw,random,300.0,1800.0,0.1,0.2,5.0,6.25,10.0,10.0,10,100.0,inf,full,both,inf,180.0,0.01,0.0,0.0,256,20,3,0.5,0.1,0.99,10.0,256,20,0,512,485,4.1860332009518135,5.8292541981217685,9.747074326075223,39.27399519122814,0.0,0.0,0.947265625,450.0
hcw,random,300.0,1800.0,0.1,0.2,5.0,7.5,10.0,10.0,10,100.0,inf,full,both,inf,180.0,0.01,0.0,0.0,256,20,3,0.5,0.1,0.99,10.0,256,20,0,512,392,4.319942943737687,6.483556073988874,11.031603893822735,130.21773786529116,0.0,0.0,0.765625,420.0
hcw,random,300.0,1800.0,0.1,0.2,5.0,10.0,10.0,10.0,10,100.0,inf,full,both,inf,180.0,0.01,0.0,0.0,256,20,3,0.5,0.1,0.99,10.0,256,20,0,512,345,4.321427298187388,7.354935051538134,11.642311913285557,292.9515417303103,0.0,0.0,0.673828125,410.0
hcw,random,300.0,1800.0,0.1,0.2,5.0,inf,10.0,10.0,10,100.0,inf,full,both,inf,180.0,0.01,0.0,0.0,256,20,3,0.5,0.1,0.99,10.0,256,20,0,512,347,4.321427298187388,12.859996810800618,11.6021911721721,454.270209870775,0.0,0.0,0.677734375,410.0
hcw,transverse,300.0,1800.0,0.1,0.025,5.0,1.25,10.0,10.0,10,100.0,inf,full,both,inf,180.0,0.01,0.0,0.0,256,20,3,0.5,0.1,0.99,10.0,256,20,0,512,512,3.445588534917947,0.9583496093750004,9.509241785876204,9.509241785876204,0.0,0.0,1.0,380.0
hcw,transverse,300.0,1800.0,0.1,0.025,5.0,2.5,10.0,10.0,10,100.0,inf,full,both,inf,180.0,0.01,0.0,0.0,256,20,3,0.5,0.1,0.99,10.0,256,20,0,512,512,3.445588534917947,0.9583496093750004,9.509241785876204,9.509241785876204,0.0,0.0,1.0,380.0
hcw,transverse,300.0,1800.0,0.1,0.025,5.0,3.75,10.0,10.0,10,100.0,inf,full,both,inf,180.0,0.01,0.0,0.0,256,20,3,0.5,0.1,0.99,10.0,256,20,0,512,512,3.445588534917947,0.9583496093750004,9.509241785876204,9.509241785876204,0.0,0.0,1.0,380.0
hcw,transverse,300.0,1800.0,0.1,0.025,5.0,4.5,10.0,10.0,10,100.0,inf,full,both,inf,180.0,0.01,0.0,0.0,256,20,3,0.5,0.1,0.99,10.0,256,20,0,512,512,3.445588534917947,0.9583496093750004,9.509241785876204,9.509241785876204,0.0,0.0,1.0,380.0
hcw,transverse,300.0,1800.0,0.1,0.025,5.0,5.0,10.0,10.0,10,100.0,inf,full,both,inf,180.0,0.01,0.0,0.0,256,20,3,0.5,0.1,0.99,10.0,256,20,0,512,512,3.445588534917947,0.9583496093750004,9.509241785876204,9.509241785876204,0.0,0.0,1.0,380.0
hcw,transverse,300.0,1800.0,0.1,0.025,5.0,5.5,10.0,10.0,10,100.0,inf,full,both,inf,180.0,0.01,0.0,0.0,256,20,3,0.5,0.1,0.99,10.0,256,20,0,512,512,3.445588534917947,0.9583496093750004,9.509241785876204,9.509241785876204,0.0,0.0,1.0,380.0
hcw,transverse,300.0,1800.0,0.1,0.025,5.0,6.25,10.0,10.0,10,100.0,inf,full,both,inf,180.0,0.01,0.0,0.0,256,20,3,0.5,0.1,0.99,10.0,256,20,0,512,512,3.445588534917947,0.9583496093750004,9.509241785876204,9.509241785876204,0.0,0.0,1.0,380.0
hcw,transverse,300.0,1800.0,0.1,0.025,5.0,7.5,10.0,10.0,10,100.0,inf,full,both,inf,180.0,0.01,0.0,0.0,256,20,3,0.5,0.1,0.99,10.0,256,20,0,512,512,3.445588534917947,0.9583496093750004,9.509241785876204,9.509241785876204,0.0,0.0,1.0,380.0
hcw,transverse,300.0,1800.0,0.1,0.025,5.0,10.0,10.0,10.0,10,100.0,inf,full,both,inf,180.0,0.01,0.0,0.0,256,20,3,0.5,0.1,0.99,10.0,256,20,0,512,512,3.445588534917947,0.9583496093750004,9.509241785876204,9.509241785876204,0.0,0.0,1.0,380.0
hcw,transverse,300.0,1800.0,0.1,0.025,5.0,inf,10.0,10.0,10,100.0,inf,full,both,inf,180.0,0.01,0.0,0.0,256,20,3,0.5,0.1,0.99,10.0,256,20,0,512,512,3.445588534917947,0.9583496093750004,9.509241785876204,9.509241785876204,0.0,0.0,1.0,380.0
hcw,transverse,300.0,1800.0,0.1,0.05,5.0,1.25,10.0,10.0,10,100.0,inf,full,both,inf,180.0,0.01,0.0,0.0,256,20,3,0.5,0.1,0.99,10.0,256,20,0,512,512,3.9945130250556535,1.25,9.484988987709285,9.484988987709285,0.0,0.0,1.0,470.0
hcw,transverse,300.0,1800.0,0.1,0.05,5.0,2.5,10.0,10.0,10,100.0,inf,full,both,inf,180.0,0.01,0.0,0.0,256,20,3,0.5,0.1,0.99,10.0,256,20,0,512,30,4.98995133471264,2.49658203125,27.77406862359244,634.4578685946266,0.0,0.0,0.05859375,515.0
hcw,transverse,300.0,1800.0,0.1,0.05,5.0,3.75,10.0,10.0,10,100.0,inf,full,both,inf,180.0,0.01,0.0,0.0,256,20,3,0.5,0.1,0.99,10.0,256,20,0,512,21,4.990056256842617,3.69775390625,29.555299468313564,1801.2028370449066,0.0,0.0,0.041015625,510.0
hcw,transverse,300.0,1800.0,0.1,0.05,5.0,4.5,10.0,10.0,10,100.0,inf,full,both,inf,180.0,0.01,0.0,0.0,256,20,3,0.5,0.1,0.99,10.0,256,20,0,512,21,4.990056256842617,4.4169921875,29.555299468313564,2097.4715350840384,0.0,0.0,0.041015625,510.0
hcw,transverse,300.0,1800.0,0.1,0.05,5.0,5.0,10.0,10.0,10,100.0,inf,full,both,inf,180.0,0.01,0.0,0.0,256,20,3,0.5,0.1,0.99,10.0,256,20,0,512,21,4.990056256842617,4.896484375,29.555299468313564,2238.110835591297,0.0,0.0,0.041015625,510.0
hcw,transverse,300.0,1800.0,0.1,0.05,5.0,5.5,10.0,10.0,10,100.0,inf,full,both,inf,180.0,0.01,0.0,0.0,256,20,3,0.5,0.1,0.99,10.0,256,20,0,512,21,4.990056256842617,5.3759765625,29.555299468313564,2348.5708009373807,0.0,0.0,0.041015625,510.0
hcw,transverse,300.0,1800.0,0.1,0.05,5.0,6.25,10.0,10.0,10,100.0,inf,full,both,inf,180.0,0.01,0.0,0.0,256,20,3,0.5,0.1,0.99,10.0,256,20,0,512,21,4.990056256842617,6.09521484375,29.555299468313564,2472.35272182224,0.0,0.0,0.041015625,510.0
hcw,transverse,300.0,1800.0,0.1,0.05,5.0,7.5,10.0,10.0,10,100.0,inf,full,both,inf,180.0,0.01,0.0,0.0,256,20,3,0.5,0.1,0.99,10.0,256,20,0,512,21,4.990056256842617,7.2939453125,29.555299468313564,2588.335325950769,0.0,0.0,0.041015625,510.0
hcw,transverse,300.0,1800.0,0.1,0.05,5.0,10.0,10.0,10.0,10,100.0,inf,full,both,inf,180.0,0.01,0.0,0.0,256,20,3,0.5,0.1,0.99,10.0,256,20,0,512,21,4.990056256842617,8.732421874999993,29.555299468313564,2617.2607074901243,0.0,0.0,0.041015625,510.0
hcw,transverse,300.0,1800.0,0.1,0.05,5.0,inf,10.0,10.0,10,100.0,inf,full,both,inf,180.0,0.01,0.0,0.0,256,20,3,0.5,0.1,0.99,10.0,256,20,0,512,21,4.990056256842617,8.732421874999993,29.555299468313564,2617.2607074901243,0.0,0.0,0.041015625,510.0
hcw,transverse,300.0,1800.0,0.1,0.075,5.0,1.25,10.0,10.0,10,100.0,inf,full,both,inf,180.0,0.01,0.0,0.0,256,20,3,0.5,0.1,0.99,10.0,256,20,0,512,512,3.9281670102187887,1.25,9.469348652502552,9.46934865250255,0.0,0.0,1.0,450.0
hcw,transverse,300.0,1800.0,0.1,0.075,5.0,2.5,10.0,10.0,10,100.0,inf,full,both,inf,180.0,0.01,0.0,0.0,256,20,3,0.5,0.1,0.99,10.0,256,20,0,512,27,4.997679102746784,2.5,71.27892406688295,545.496109700271,0.0,0.0,0.052734375,590.0
hcw,transverse,300.0,1800.0,0.1,0.075,5.0,3.75,10.0,10.0,10,100.0,inf,full,both,inf,180.0,0.01,0.0,0.0,256,20,3,0.5,0.1,0.99,10.0,256,20,0,512,0,5.0,3.75,77.31700304490936,1762.1407838566593,0.0,0.0,0.0,
hcw,transverse,300.0,1800.0,0.1,0.075,5.0,4.5,10.0,10.0,10,100.0,inf,full,both,inf,180.0,0.01,0.0,0.0,256,20,3,0.5,0.1,0.99,10.0,256,20,0,512,0,5.0,4.5,77.31700304490936,2690.414158365533,0.0,0.0,0.0,
hcw,transverse,300.0,1800.0,0.1,0.075,5.0,5.0,10.0,10.0,10,100.0,inf,full,both,inf,180.0,0.01,0.0,0.0,256,20,3,0.5,0.1,0.99,10.0,256,20,0,512,0,5.0,5.0,77.31700304490936,3134.020819708441,0.0,0.0,0.0,
hcw,transverse,300.0,1800.0,0.1,0.075,5.0,5.5,10.0,10.0,10,100.0,inf,full,both,inf,180.0,0.01,0.0,0.0,256,20,3,0.5,0.1,0.99,10.0,256,20,0,512,0,5.0,5.5,77.31700304490936,3483.711458320692,0.0,0.0,0.0,
hcw,transverse,300.0,1800.0,0.1,0.075,5.0,6.25,10.0,10.0,10,100.0,inf,full,both,inf,180.0,0.01,0.0,0.0,256,20,3,0.5,0.1,0.99,10.0,256,20,0,512,0,5.0,6.25,77.31700304490936,3897.394455067322,0.0,0.0,0.0,
hcw,transverse,300.0,1800.0,0.1,0.075,5.0,7.5,10.0,10.0,10,100.0,inf,full,both,inf,180.0,0.01,0.0,0.0,256,20,3,0.5,0.1,0.99,10.0,256,20,0,512,0,5.0,7.5,77.31700304490936,4400.246708198199,0.0,0.0,0.0,
hcw,transverse,300.0,1800.0,0.1,0.075,5.0,10.0,10.0,10.0,10,100.0,inf,full,both,inf,180.0,0.01,0.0,0.0,256,20,3,0.5,0.1,0.99,10.0,256,20,0,512,0,5.0,10.0,77.31700304490936,4942.907593544825,0.0,0.0,0.0,
hcw,transverse,300.0,1800.0,0.1,0.075,5.0,inf,10.0,10.0,10,100.0,inf,full,both,inf,180.0,0.01,0.0,0.0,256,20,3,0.5,0.1,0.99,10.0,256,20,0,512,0,5.0,13.49999999999996,77.31700304490936,5094.696079959323,0.0,0.0,0.0,
hcw,transverse,300.0,1800.0,0.1,0.09,5.0,1.25,10.0,10.0,10,100.0,inf,full,both,inf,180.0,0.01,0.0,0.0,256,20,3,0.5,0.1,0.99,10.0,256,20,0,512,512,3.847534673958328,1.25,9.475792469285592,9.475792469285592,0.0,0.0,1.0,430.0
hcw,transverse,300.0,1800.0,0.1,0.09,5.0,2.5,10.0,10.0,10,100.0,inf,full,both,inf,180.0,0.01,0.0,0.0,256,20,3,0.5,0.1,0.99,10.0,256,20,0,512,27,4.996278784464169,2.5,91.07522538479276,709.2615185975718,0.0,0.0,0.052734375,590.0
hcw,transverse,300.0,1800.0,0.1,0.09,5.0,3.75,10.0,10.0,10,100.0,inf,full,both,inf,180.0,0.01,0.0,0.0,256,20,3,0.5,0.1,0.99,10.0,256,20,0,512,0,5.0,3.75,106.57418425900696,1588.2461166654302,0.0,0.0,0.0,
hcw,transverse,300.0,1800.0,0.1,0.09,5.0,4.5,10.0,10.0,10,100.0,inf,full,both,inf,180.0,0.01,0.0,0.0,256,20,3,0.5,0.1,0.99,10.0,256,20,0,512,0,5.0,4.5,106.57418425900696,2606.351537749906,0.0,0.0,0.0,
hcw,transverse,300.0,1800.0,0.1,0.09,5.0,5.0,10.0,10.0,10,100.0,inf,full,both,inf,180.0,0.01,0.0,0.0,256,20,3,0.5,0.1,0.99,10.0,256,20,0,512,0,5.0,5.0,106.57418425900696,3212.0329620158222,0.0,0.0,0.0,
hcw,transverse,300.0,1800.0,0.1,0.09,5.0,5.5,10.0,10.0,10,100.0,inf,full,both,inf,180.0,0.01,0.0,0.0,256,20,3,0.5,0.1,0.99,10.0,256,20,0,512,0,5.0,5.5,106.57418425900696,3710.3625124375462,0.0,0.0,0.0,
hcw,transverse,300.0,1800.0,0.1,0.09,5.0,6.25,10.0,10.0,10,100.0,inf,full,both,inf,180.0,0.01,0.0,0.0,256,20,3,0.5,0.1,0.99,10.0,256,20,0,512,0,5.0,6.25,106.57418425900696,4289.841382462209,0.0,0.0,0.0,
hcw,transverse,300.0,1800.0,0.1,0.09,5.0,7.5,10.0,10.0,10,100.0,inf,full,both,inf,180.0,0.01,0.0,0.0,256,20,3,0.5,0.1,0.99,10.0,256,20,0,512,0,5.0,7.5,106.57418425900696,4980.41662091982,0.0,0.0,0.0,
hcw,transverse,300.0,1800.0,0.1,0.09,5.0,10.0,10.0,10.0,10,100.0,inf,full,both,inf,180.0,0.01,0.0,0.0,256,20,3,0.5,0.1,0.99,10.0,256,20,0,512,0,5.0,10.0,106.57418425900696,5829.326841737015,0.0,0.0,0.0,
hcw,transverse,300.0,1800.0,0.1,0.09,5.0,inf,10.0,10.0,10,100.0,inf,full,both,inf,180.0,0.01,0.0,0.0,256,20,3,0.5,0.1,0.99,10.0,256,20,0,512,0,5.0,16.19999999999998,106.57418425900696,6364.175297800576,0.0,0.0,0.0,
hcw,transverse,300.0,1800.0,0.1,0.1,5.0,1.25,10.0,10.0,10,100.0,inf,full,both,inf,180.0,0.01,0.0,0.0,256,20,3,0.5,0.1,0.99,10.0,256,20,0,512,512,3.8179261560098334,1.25,9.462869575423538,9.462869575423538,0.0,0.0,1.0,430.0
hcw,transverse,300.0,1800.0,0.1,0.1,5.0,2.5,10.0,10.0,10,100.0,inf,full,both,inf,180.0,0.01,0.0,0.0,256,20,3,0.5,0.1,0.99,10.0,256,20,0,512,28,4.996696375301447,2.5,91.98698676531534,851.917487203353,0.0,0.0,0.0546875,580.0
hcw,transverse,300.0,1800.0,0.1,0.1,5.0,3.75,10.0,10.0,10,100.0,inf,full,both,inf,180.0,0.01,0.0,0.0,256,20,3,0.5,0.1,0.99,10.0,256,20,0,512,0,5.0,3.75,124.86352054937264,1525.8676524334962,0.0,0.0,0.0,
hcw,transverse,300.0,1800.0,0.1,0.1,5.0,4.5,10.0,10.0,10,100.0,inf,full,both,inf,180.0,0.01,0.0,0.0,256,20,3,0.5,0.1,0.99,10.0,256,20,0,512,0,5.0,4.5,124.99472609998882,2528.0382203427766,0.0,0.0,0.0,
hcw,transverse,300.0,1800.0,0.1,0.1,5.0,5.0,10.0,10.0,10,100.0,inf,full,both,inf,180.0,0.01,0.0,0.0,256,20,3,0.5,0.1,0.99,10.0,256,20,0,512,0,5.0,5.0,124.99472609998882,3179.4561257435944,0.0,0.0,0.0,
hcw,transverse,300.0,1800.0,0.1,0.1,5.0,5.5,10.0,10.0,10,100.0,inf,full,both,inf,180.0,0.01,0.0,0.0,256,20,3,0.5,0.1,0.99,10.0,256,20,0,512,0,5.0,5.5,124.99472609998882,3765.347750097224,0.0,0.0,0.0,
hcw,transverse,300.0,1800.0,0.1,0.1,5.0,6.25,10.0,10.0,10,100.0,inf,full,both,inf,180.0,0.01,0.0,0.0,256,20,3,0.5,0.1,0.99,10.0,256,20,0,512,0,5.0,6.25,124.99472609998882,4475.624362201675,0.0,0.0,0.0,
hcw,transverse,300.0,1800.0,0.1,0.1,5.0,7.5,10.0,10.0,10,100.0,inf,full,both,inf,180.0,0.01,0.0,0.0,256,20,3,0.5,0.1,0.99,10.0,256,20,0,512,0,5.0,7.5,124.99472609998882,5319.126850647725,0.0,0.0,0.0,
hcw,transverse,300.0,1800.0,0.1,0.1,5.0,10.0,10.0,10.0,10,100.0,inf,full,both,inf,180.0,0.01,0.0,0.0,256,20,3,0.5,0.1,0.99,10.0,256,20,0,512,0,5.0,10.0,124.99472609998882,6348.683315140444,0.0,0.0,0.0,
hcw,transverse,300.0,1800.0,0.1,0.1,5.0,inf,10.0,10.0,10,100.0,inf,full,both,inf,180.0,0.01,0.0,0.0,256,20,3,0.5,0.1,0.99,10.0,256,20,0,512,0,5.0,17.999999999999986,124.99472609998882,7224.559768019696,0.0,0.0,0.0,
hcw,transverse,300.0,1800.0,0.1,0.11,5.0,1.25,10.0,10.0,10,100.0,inf,full,both,inf,180.0,0.01,0.0,0.0,256,20,3,0.5,0.1,0.99,10.0,256,20,0,512,512,3.800143700709493,1.25,9.482170252126847,9.482170252126847,0.0,0.0,1.0,420.0
hcw,transverse,300.0,1800.0,0.1,0.11,5.0,2.5,10.0,10.0,10,100.0,inf,full,both,inf,180.0,0.01,0.0,0.0,256,20,3,0.5,0.1,0.99,10.0,256,20,0,512,27,4.9955708071388845,2.5,87.81108755335329,995.1849009974576,0.0,0.0,0.052734375,580.0
hcw,transverse,300.0,1800.0,0.1,0.11,5.0,3.75,10.0,10.0,10,100.0,inf,full,both,inf,180.0,0.01,0.0,0.0,256,20,3,0.5,0.1,0.99,10.0,256,20,0,512,0,5.0,3.75,141.3658446583091,1467.061400864191,0.0,0.0,0.0,
hcw,transverse,300.0,1800.0,0.1,0.11,5.0,4.5,10.0,10.0,10,100.0,inf,full,both,inf,180.0,0.01,0.0,0.0,256,20,3,0.5,0.1,0.99,10.0,256,20,0,512,0,5.0,4.5,141.8939296066048,2467.6545097020785,0.0,0.0,0.0,
hcw,transverse,300.0,1800.0,0.1,0.11,5.0,5.0,10.0,10.0,10,100.0,inf,full,both,inf,180.0,0.01,0.0,0.0,256,20,3,0.5,0.1,0.99,10.0,256,20,0,512,0,5.0,5.0,141.8939296066048,3123.1886918469963,0.0,0.0,0.0,
hcw,transverse,300.0,1800.0,0.1,0.11,5.0,5.5,10.0,10.0,10,100.0,inf,full,both,inf,180.0,0.01,0.0,0.0,256,20,3,0.5,0.1,0.99,10.0,256,20,0,512,0,5.0,5.5,141.8939296066048,3751.939188122181,0.0,0.0,0.0,
hcw,transverse,300.0,1800.0,0.1,0.11,5.0,6.25,10.0,10.0,10,100.0,inf,full,both,inf,180.0,0.01,0.0,0.0,256,20,3,0.5,0.1,0.99,10.0,256,20,0,512,0,5.0,6.25,141.8939296066048,4574.824441195299,0.0,0.0,0.0,
hcw,transverse,300.0,1800.0,0.1,0.11,5.0,7.5,10.0,10.0,10,100.0,inf,full,both,inf,180.0,0.01,0.0,0.0,256,20,3,0.5,0.1,0.99,10.0,256,20,0,512,0,5.0,7.5,141.8939296066048,5590.185266680178,0.0,0.0,0.0,
hcw,transverse,300.0,1800.0,0.1,0.11,5.0,10.0,10.0,10.0,10,100.0,inf,full,both,inf,180.0,0.01,0.0,0.0,256,20,3,0.5,0.1,0.99,10.0,256,20,0,512,0,5.0,10.0,141.8939296066048,6821.09690642328,0.0,0.0,0.0,
hcw,transverse,300.0,1800.0,0.1,0.11,5.0,inf,10.0,10.0,10,100.0,inf,full,both,inf,180.0,0.01,0.0,0.0,256,20,3,0.5,0.1,0.99,10.0,256,20,0,512,0,5.0,19.79999999999995,141.8939296066048,8093.670808689124,0.0,0.0,0.0,
hcw,transverse,300.0,1800.0,0.1,0.125,5.0,1.25,10.0,10.0,10,100.0,inf,full,both,inf,180.0,0.01,0.0,0.0,256,20,3,0.5,0.1,0.99,10.0,256,20,0,512,512,3.78397462295264,1.25,9.502612891630456,9.502612891630454,0.0,0.0,1.0,420.0
hcw,transverse,300.0,1800.0,0.1,0.125,5.0,2.5,10.0,10.0,10,100.0,inf,full,both,inf,180.0,0.01,0.0,0.0,256,20,3,0.5,0.1,0.99,10.0,256,20,0,512,26,4.99491532297912,2.5,81.5034756884899,1177.2000963777537,0.0,0.0,0.05078125,580.0
hcw,transverse,300.0,1800.0,0.1,0.125,5.0,3.75,10.0,10.0,10,100.0,inf,full,both,inf,180.0,0.01,0.0,0.0,256,20,3,0.5,0.1,0.99,10.0,256,20,0,512,0,5.0,3.75,163.23932343432216,1376.8475367256883,0.0,0.0,0.0,
hcw,transverse,300.0,1800.0,0.1,0.125,5.0,4.5,10.0,10.0,10,100.0,inf,full,both,inf,180.0,0.01,0.0,0.0,256,20,3,0.5,0.1,0.99,10.0,256,20,0,512,0,5.0,4.5,164.4756915075891,2386.021076220973,0.0,0.0,0.0,
hcw,transverse,300.0,1800.0,0.1,0.125,5.0,5.0,10.0,10.0,10,100.0,inf,full,both,inf,180.0,0.01,0.0,0.0,256,20,3,0.5,0.1,0.99,10.0,256,20,0,512,0,5.0,5.0,164.4756915075891,3052.6868653652105,0.0,0.0,0.0,
hcw,transverse,300.0,1800.0,0.1,0.125,5.0,5.5,10.0,10.0,10,100.0,inf,full,both,inf,180.0,0.01,0.0,0.0,256,20,3,0.5,0.1,0.99,10.0,256,20,0,512,0,5.0,5.5,164.4756915075891,3697.126720441404,0.0,0.0,0.0,
hcw,transverse,300.0,1800.0,0.1,0.125,5.0,6.25,10.0,10.0,10,100.0,inf,full,both,inf,180.0,0.01,0.0,0.0,256,20,3,0.5,0.1,0.99,10.0,256,20,0,512,0,5.0,6.25,164.4756915075891,4609.3351213598735,0.0,0.0,0.0,
hcw,transverse,300.0,1800.0,0.1,0.125,5.0,7.5,10.0,10.0,10,100.0,inf,full,both,inf,180.0,0.01,0.0,0.0,256,20,3,0.5,0.1,0.99,10.0,256,20,0,512,0,5.0,7.5,164.4756915075891,5866.004410309288,0.0,0.0,0.0,
hcw,transverse,300.0,1800.0,0.1,0.125,5.0,10.0,10.0,10.0,10,100.0,inf,full,both,inf,180.0,0.01,0.0,0.0,256,20,3,0.5,0.1,0.99,10.0,256,20,0,512,0,5.0,10.0,164.4756915075891,7450.095194884148,0.0,0.0,0.0,
hcw,transverse,300.0,1800.0,0.1,0.125,5.0,inf,10.0,10.0,10,100.0,inf,full,both,inf,180.0,0.01,0.0,0.0,256,20,3,0.5,0.1,0.99,10.0,256,20,0,512,0,5.0,22.5,164.4756915075891,9411.201419466395,0.0,0.0,0.0,
hcw,transverse,300.0,1800.0,0.1,0.15,5.0,1.25,10.0,10.0,10,100.0,inf,full,both,inf,180.0,0.01,0.0,0.0,256,20,3,0.5,0.1,0.99,10.0,256,20,0,512,512,3.7700950124563937,1.25,9.49664916307049,9.496649163070492,0.0,0.0,1.0,420.0
hcw,transverse,300.0,1800.0,0.1,0.15,5.0,2.5,10.0,10.0,10,100.0,inf,full,both,inf,180.0,0.01,0.0,0.0,256,20,3,0.5,0.1,0.99,10.0,256,20,0,512,23,4.993335092621291,2.5,72.75132856734108,1394.6651176534954,0.0,0.0,0.044921875,580.0
hcw,transverse,300.0,1800.0,0.1,0.15,5.0,3.75,10.0,10.0,10,100.0,inf,full,both,inf,180.0,0.01,0.0,0.0,256,20,3,0.5,0.1,0.99,10.0,256,20,0,512,1,5.0,3.75,191.9735725369437,1232.6430299396209,0.0,0.0,0.001953125,580.0
hcw,transverse,300.0,1800.0,0.1,0.15,5.0,4.5,10.0,10.0,10,100.0,inf,full,both,inf,180.0,0.01,0.0,0.0,256,20,3,0.5,0.1,0.99,10.0,256,20,0,512,0,5.0,4.5,194.5244699365145,2256.4037930897,0.0,0.0,0.0,
hcw,transverse,300.0,1800.0,0.1,0.15,5.0,5.0,10.0,10.0,10,100.0,inf,full,both,inf,180.0,0.01,0.0,0.0,256,20,3,0.5,0.1,0.99,10.0,256,20,0,512,0,5.0,5.0,194.7348200472543,2947.153342427104,0.0,0.0,0.0,
hcw,transverse,300.0,1800.0,0.1,0.15,5.0,5.5,10.0,10.0,10,100.0,inf,full,both,inf,180.0,0.01,0.0,0.0,256,20,3,0.5,0.1,0.99,10.0,256,20,0,512,0,5.0,5.5,194.7348200472543,3617.1985095994487,0.0,0.0,0.0,
hcw,transverse,300.0,1800.0,0.1,0.15,5.0,6.25,10.0,10.0,10,100.0,inf,full,both,inf,180.0,0.01,0.0,0.0,256,20,3,0.5,0.1,0.99,10.0,256,20,0,512,0,5.0,6.25,194.7348200472543,4575.889057902937,0.0,0.0,0.0,
hcw,transverse,300.0,1800.0,0.1,0.15,5.0,7.5,10.0,10.0,10,100.0,inf,full,both,inf,180.0,0.01,0.0,0.0,256,20,3,0.5,0.1,0.99,10.0,256,20,0,512,0,5.0,7.5,194.7348200472543,6041.7141138231655,0.0,0.0,0.0,
hcw,transverse,300.0,1800.0,0.1,0.15,5.0,10.0,10.0,10.0,10,100.0,inf,full,both,inf,180.0,0.01,0.0,0.0,256,20,3,0.5,0.1,0.99,10.0,256,20,0,512,0,5.0,10.0,194.7348200472543,8220.815907106724,0.0,0.0,0.0,
hcw,transverse,300.0,1800.0,0.1,0.15,5.0,inf,10.0,10.0,10,100.0,inf,full,both,inf,180.0,0.01,0.0,0.0,256,20,3,0.5,0.1,0.99,10.0,256,20,0,512,0,5.0,26.99999999999992,194.7348200472543,11622.962699649936,0.0,0.0,0.0,
hcw,transverse,300.0,1800.0,0.1,0.2,5.0,1.25,10.0,10.0,10,100.0,inf,full,both,inf,180.0,0.01,0.0,0.0,256,20,3,0.5,0.1,0.99,10.0,256,20,0,512,512,3.760949563071706,1.25,9.563746771159789,9.563746771159783,0.0,0.0,1.0,420.0
hcw,transverse,300.0,1800.0,0.1,0.2,5.0,2.5,10.0,10.0,10,100.0,inf,full,both,inf,180.0,0.01,0.0,0.0,256,20,3,0.5,0.1,0.99,10.0,256,20,0,512,21,4.989463291622164,2.5,61.49358962852088,1613.6317089997628,0.0,0.0,0.041015625,570.0
hcw,transverse,300.0,1800.0,0.1,0.2,5.0,3.75,10.0,10.0,10,100.0,inf,full,both,inf,180.0,0.01,0.0,0.0,256,20,3,0.5,0.1,0.99,10.0,256,20,0,512,0,5.0,3.75,228.0826079001688,1043.8778193090968,0.0,0.0,0.0,
hcw,transverse,300.0,1800.0,0.1,0.2,5.0,4.5,10.0,10.0,10,100.0,inf,full,both,inf,180.0,0.01,0.0,0.0,256,20,3,0.5,0.1,0.99,10.0,256,20,0,512,0,5.0,4.5,232.6675009402772,2048.605815306272,0.0,0.0,0.0,
hcw,transverse,300.0,1800.0,0.1,0.2,5.0,5.0,10.0,10.0,10,100.0,inf,full,both,inf,180.0,0.01,0.0,0.0,256,20,3,0.5,0.1,0.99,10.0,256,20,0,512,0,5.0,5.0,233.45115346389937,2796.4988966467336,0.0,0.0,0.0,
hcw,transverse,300.0,1800.0,0.1,0.2,5.0,5.5,10.0,10.0,10,100.0,inf,full,both,inf,180.0,0.01,0.0,0.0,256,20,3,0.5,0.1,0.99,10.0,256,20,0,512,0,5.0,5.5,233.72359862725463,3518.2687470455685,0.0,0.0,0.0,
hcw,transverse,300.0,1800.0,0.1,0.2,5.0,6.25,10.0,10.0,10,100.0,inf,full,both,inf,180.0,0.01,0.0,0.0,256,20,3,0.5,0.1,0.99,10.0,256,20,0,512,0,5.0,6.25,233.72359862725463,4547.84287274254,0.0,0.0,0.0,
hcw,transverse,300.0,1800.0,0.1,0.2,5.0,7.5,10.0,10.0,10,100.0,inf,full,both,inf,180.0,0.01,0.0,0.0,256,20,3,0.5,0.1,0.99,10.0,256,20,0,512,0,5.0,7.5,233.72359862725463,6135.042096035412,0.0,0.0,0.0,
hcw,transverse,300.0,1800.0,0.1,0.2,5.0,10.0,10.0,10.0,10,100.0,inf,full,both,inf,180.0,0.01,0.0,0.0,256,20,3,0.5,0.1,0.99,10.0,256,20,0,512,0,5.0,10.0,233.72359862725463,8928.162726940325,0.0,0.0,0.0,
hcw,transverse,300.0,1800.0,0.1,0.2,5.0,inf,10.0,10.0,10,100.0,inf,full,both,inf,180.0,0.01,0.0,0.0,256,20,3,0.5,0.1,0.99,10.0,256,20,0,512,0,5.0,35.99999999999997,233.72359862725463,16078.198262179216,0.0,0.0,0.0,
lqr,flee,300.0,1800.0,0.1,0.025,5.0,1.25,10.0,10.0,10,100.0,inf,full,both,inf,180.0,0.01,0.0,0.0,256,20,3,0.5,0.1,0.99,10.0,256,20,0,512,512,1.9774280768284276,1.25,9.613658182211378,9.613658182211385,0.0,0.0,1.0,680.0
lqr,flee,300.0,1800.0,0.1,0.025,5.0,2.5,10.0,10.0,10,100.0,inf,full,both,inf,180.0,0.01,0.0,0.0,256,20,3,0.5,0.1,0.99,10.0,256,20,0,512,512,3.177720787402952,2.5,9.316421737614425,9.316421737614416,0.0,0.0,1.0,1200.0
lqr,flee,300.0,1800.0,0.1,0.025,5.0,3.75,10.0,10.0,10,100.0,inf,full,both,inf,180.0,0.01,0.0,0.0,256,20,3,0.5,0.1,0.99,10.0,256,20,0,512,512,4.430588605310403,3.75,9.30408026642811,9.304080266428102,0.0,0.0,1.0,1700.0
lqr,flee,300.0,1800.0,0.1,0.025,5.0,4.5,10.0,10.0,10,100.0,inf,full,both,inf,180.0,0.01,0.0,0.0,256,20,3,0.5,0.1,0.99,10.0,256,20,0,512,0,4.979363649304728,4.4999999999999964,26.26768783022348,29.142924862712903,0.0,0.0,0.0,
lqr,flee,300.0,1800.0,0.1,0.025,5.0,5.0,10.0,10.0,10,100.0,inf,full,both,inf,180.0,0.01,0.0,0.0,256,20,3,0.5,0.1,0.99,10.0,256,20,0,512,0,4.979363649304728,4.4999999999999964,26.26768783022348,29.142924862712903,0.0,0.0,0.0,
lqr,flee,300.0,1800.0,0.1,0.025,5.0,5.5,10.0,10.0,10,100.0,inf,full,both,inf,180.0,0.01,0.0,0.0,256,20,3,0.5,0.1,0.99,10.0,256,20,0,512,0,4.979363649304728,4.4999999999999964,26.26768783022348,29.142924862712903,0.0,0.0,0.0,
lqr,flee,300.0,1800.0,0.1,0.025,5.0,6.25,10.0,10.0,10,100.0,inf,full,both,inf,180.0,0.01,0.0,0.0,256,20,3,0.5,0.1,0.99,10.0,256,20,0,512,0,4.979363649304728,4.4999999999999964,26.26768783022348,29.142924862712903,0.0,0.0,0.0,
lqr,flee,300.0,1800.0,0.1,0.025,5.0,7.5,10.0,10.0,10,100.0,inf,full,both,inf,180.0,0.01,0.0,0.0,256,20,3,0.5,0.1,0.99,10.0,256,20,0,512,0,4.979363649304728,4.4999999999999964,26.26768783022348,29.142924862712903,0.0,0.0,0.0,
lqr,flee,300.0,1800.0,0.1,0.025,5.0,10.0,10.0,10.0,10,100.0,inf,full,both,inf,180.0,0.01,0.0,0.0,256,20,3,0.5,0.1,0.99,10.0,256,20,0,512,0,4.979363649304728,4.4999999999999964,26.26768783022348,29.142924862712903,0.0,0.0,0.0,
lqr,flee,300.0,1800.0,0.1,0.025,5.0,inf,10.0,10.0,10,100.0,inf,full,both,inf,180.0,0.01,0.0,0.0,256,20,3,0.5,0.1,0.99,10.0,256,20,0,512,0,4.979363649304728,4.4999999999999964,26.26768783022348,29.142924862712903,0.0,0.0,0.0,
lqr,flee,300.0,1800.0,0.1,0.05,5.0,1.25,10.0,10.0,10,100.0,inf,full,both,inf,180.0,0.01,0.0,0.0,256,20,3,0.5,0.1,0.99,10.0,256,20,0,512,512,2.827369576429932,1.25,9.340833521757924,9.340833521757926,0.0,0.0,1.0,550.0
lqr,flee,300.0,1800.0,0.1,0.05,5.0,2.5,10.0,10.0,10,100.0,inf,full,both,inf,180.0,0.01,0.0,0.0,256,20,3,0.5,0.1,0.99,10.0,256,20,0,512,512,2.9935724597560323,2.5,9.655830061272756,9.655830061272754,0.0,0.0,1.0,760.0
lqr,flee,300.0,1800.0,0.1,0.05,5.0,3.75,10.0,10.0,10,100.0,inf,full,both,inf,180.0,0.01,0.0,0.0,256,20,3,0.5,0.1,0.99,10.0,256,20,0,512,512,4.168943314253276,3.75,9.446381431036851,9.446381431036848,0.0,0.0,1.0,1020.0
lqr,flee,300.0,1800.0,0.1,0.05,5.0,4.5,10.0,10.0,10,100.0,inf,full,both,inf,180.0,0.01,0.0,0.0,256,20,3,0.5,0.1,0.99,10.0,256,20,0,512,499,4.894022977694169,4.5,9.477980019224033,10.83586549322773,0.0,0.0,0.974609375,1170.0
lqr,flee,300.0,1800.0,0.1,0.05,5.0,5.0,10.0,10.0,10,100.0,inf,full,both,inf,180.0,0.01,0.0,0.0,256,20,3,0.5,0.1,0.99,10.0,256,20,0,512,67,5.0,5.0,43.542022681174565,140.34679880783528,0.0,0.0,0.130859375,1470.0
lqr,flee,300.0,1800.0,0.1,0.05,5.0,5.5,10.0,10.0,10,100.0,inf,full,both,inf,180.0,0.01,0.0,0.0,256,20,3,0.5,0.1,0.99,10.0,256,20,0,512,0,5.0,5.5,53.57798883517756,516.9649700308323,0.0,0.0,0.0,
lqr,flee,300.0,1800.0,0.1,0.05,5.0,6.25,10.0,10.0,10,100.0,inf,full,both,inf,180.0,0.01,0.0,0.0,256,20,3,0.5,0.1,0.99,10.0,256,20,0,512,0,5.0,6.25,53.57798883517756,992.8662762655388,0.0,0.0,0.0,
lqr,flee,300.0,1800.0,0.1,0.05,5.0,7.5,10.0,10.0,10,100.0,inf,full,both,inf,180.0,0.01,0.0,0.0,256,20,3,0.5,0.1,0.99,10.0,256,20,0,512,0,5.0,7.5,53.57798883517756,1531.6880858323452,0.0,0.0,0.0,
lqr,flee,300.0,1800.0,0.1,0.05,5.0,10.0,10.0,10.0,10,100.0,inf,full,both,inf,180.0,0.01,0.0,0.0,256,20,3,0.5,0.1,0.99,10.0,256,20,0,512,0,5.0,8.999999999999993,53.57798883517756,1764.2713304085887,0.0,0.0,0.0,
lqr,flee,300.0,1800.0,0.1,0.05,5.0,inf,10.0,10.0,10,100.0,inf,full,both,inf,180.0,0.01,0.0,0.0,256,20,3,0.5,0.1,0.99,10.0,256,20,0,512,0,5.0,8.999999999999993,53.57798883517756,1764.2713304085887,0.0,0.0,0.0,
lqr,flee,300.0,1800.0,0.1,0.075,5.0,1.25,10.0,10.0,10,100.0,inf,full,both,inf,180.0,0.01,0.0,0.0,256,20,3,0.5,0.1,0.99,10.0,256,20,0,512,512,3.306043039543864,1.25,9.326576958410822,9.326576958410826,0.0,0.0,1.0,560.0
lqr,flee,300.0,1800.0,0.1,0.075,5.0,2.5,10.0,10.0,10,100.0,inf,full,both,inf,180.0,0.01,0.0,0.0,256,20,3,0.5,0.1,0.99,10.0,256,20,0,512,512,3.9909195047458463,2.5,9.36790007148761,9.367900071487613,0.0,0.0,1.0,660.0
lqr,flee,300.0,1800.0,0.1,0.075,5.0,3.75,10.0,10.0,10,100.0,inf,full,both,inf,180.0,0.01,0.0,0.0,256,20,3,0.5,0.1,0.99,10.0,256,20,0,512,512,4.565166610463223,3.75,9.524670315879476,9.524670315879476,0.0,0.0,1.0,800.0
lqr,flee,300.0,1800.0,0.1,0.075,5.0,4.5,10.0,10.0,10,100.0,inf,full,both,inf,180.0,0.01,0.0,0.0,256,20,3,0.5,0.1,0.99,10.0,256,20,0,512,391,4.995979405129961,4.5,13.186869908165388,49.89987188607438,0.0,0.0,0.763671875,890.0
lqr,flee,300.0,1800.0,0.1,0.075,5.0,5.0,10.0,10.0,10,100.0,inf,full,both,inf,180.0,0.01,0.0,0.0,256,20,3,0.5,0.1,0.99,10.0,256,20,0,512,66,5.0,5.0,60.95231069990289,228.1908849254188,0.0,0.0,0.12890625,1285.0
lqr,flee,300.0,1800.0,0.1,0.075,5.0,5.5,10.0,10.0,10,100.0,inf,full,both,inf,180.0,0.01,0.0,0.0,256,20,3,0.5,0.1,0.99,10.0,256,20,0,512,0,5.0,5.5,84.48890404275241,788.4576740328175,0.0,0.0,0.0,
lqr,flee,300.0,1800.0,0.1,0.075,5.0,6.25,10.0,10.0,10,100.0,inf,full,both,inf,180.0,0.01,0.0,0.0,256,20,3,0.5,0.1,0.99,10.0,256,20,0,512,0,5.0,6.25,84.48890404275241,1587.1201063477574,0.0,0.0,0.0,
lqr,flee,300.0,1800.0,0.1,0.075,5.0,7.5,10.0,10.0,10,100.0,inf,full,both,inf,180.0,0.01,0.0,0.0,256,20,3,0.5,0.1,0.99,10.0,256,20,0,512,0,5.0,7.5,84.48890404275241,2727.5173656978864,0.0,0.0,0.0,
lqr,flee,300.0,1800.0,0.1,0.075,5.0,10.0,10.0,10.0,10,100.0,inf,full,both,inf,180.0,0.01,0.0,0.0,256,20,3,0.5,0.1,0.99,10.0,256,20,0,512,0,5.0,10.0,84.48890404275241,4338.287003242568,0.0,0.0,0.0,
lqr,flee,300.0,1800.0,0.1,0.075,5.0,inf,10.0,10.0,10,100.0,inf,full,both,inf,180.0,0.01,0.0,0.0,256,20,3,0.5,0.1,0.99,10.0,256,20,0,512,0,5.0,13.49999999999996,84.48890404275241,5173.236017822378,0.0,0.0,0.0,
lqr,flee,300.0,1800.0,0.1,0.09,5.0,1.25,10.0,10.0,10,100.0,inf,full,both,inf,180.0,0.01,0.0,0.0,256,20,3,0.5,0.1,0.99,10.0,256,20,0,512,512,3.423073016574623,1.25,9.26652505525961,9.266525055259606,0.0,0.0,1.0,570.0
lqr,flee,300.0,1800.0,0.1,0.09,5.0,2.5,10.0,10.0,10,100.0,inf,full,both,inf,180.0,0.01,0.0,0.0,256,20,3,0.5,0.1,0.99,10.0,256,20,0,512,512,4.5262065624027485,2.5,9.324969018819614,9.324969018819605,0.0,0.0,1.0,680.0
lqr,flee,300.0,1800.0,0.1,0.09,5.0,3.75,10.0,10.0,10,100.0,inf,full,both,inf,180.0,0.01,0.0,0.0,256,20,3,0.5,0.1,0.99,10.0,256,20,0,512,345,5.0,3.75,13.78514156430296,298.6722588848138,0.0,0.0,0.673828125,730.0
lqr,flee,300.0,1800.0,0.1,0.09,5.0,4.5,10.0,10.0,10,100.0,inf,full,both,inf,180.0,0.01,0.0,0.0,256,20,3,0.5,0.1,0.99,10.0,256,20,0,512,77,5.0,4.5,70.49155920733085,462.3483622384908,0.0,0.0,0.150390625,740.0
lqr,flee,300.0,1800.0,0.1,0.09,5.0,5.0,10.0,10.0,10,100.0,inf,full,both,inf,180.0,0.01,0.0,0.0,256,20,3,0.5,0.1,0.99,10.0,256,20,0,512,4,5.0,5.0,150.53392173676437,496.5793129915037,0.0,0.0,0.0078125,1230.0
lqr,flee,300.0,1800.0,0.1,0.09,5.0,5.5,10.0,10.0,10,100.0,inf,full,both,inf,180.0,0.01,0.0,0.0,256,20,3,0.5,0.1,0.99,10.0,256,20,0,512,0,5.0,5.5,182.1431972556241,1082.2538540831956,0.0,0.0,0.0,
lqr,flee,300.0,1800.0,0.1,0.09,5.0,6.25,10.0,10.0,10,100.0,inf,full,both,inf,180.0,0.01,0.0,0.0,256,20,3,0.5,0.1,0.99,10.0,256,20,0,512,0,5.0,6.25,182.1431972556241,1991.491353934316,0.0,0.0,0.0,
lqr,flee,300.0,1800.0,0.1,0.09,5.0,7.5,10.0,10.0,10,100.0,inf,full,both,inf,180.0,0.01,0.0,0.0,256,20,3,0.5,0.1,0.99,10.0,256,20,0,512,0,5.0,7.5,182.1431972556241,3348.543492367442,0.0,0.0,0.0,
lqr,flee,300.0,1800.0,0.1,0.09,5.0,10.0,10.0,10.0,10,100.0,inf,full,both,inf,180.0,0.01,0.0,0.0,256,20,3,0.5,0.1,0.99,10.0,256,20,0,512,0,5.0,10.0,182.1431972556241,5471.61040005837,0.0,0.0,0.0,
lqr,flee,300.0,1800.0,0.1,0.09,5.0,inf,10.0,10.0,10,100.0,inf,full,both,inf,180.0,0.01,0.0,0.0,256,20,3,0.5,0.1,0.99,10.0,256,20,0,512,0,5.0,16.19999999999998,182.1431972556241,7642.1204519644,0.0,0.0,0.0,
lqr,flee,300.0,1800.0,0.1,0.1,5.0,1.25,10.0,10.0,10,100.0,inf,full,both,inf,180.0,0.01,0.0,0.0,256,20,3,0.5,0.1,0.99,10.0,256,20,0,512,512,3.478409119389621,1.25,9.372870110294174,9.372870110294173,0.0,0.0,1.0,580.0
lqr,flee,300.0,1800.0,0.1,0.1,5.0,2.5,10.0,10.0,10,100.0,inf,full,both,inf,180.0,0.01,0.0,0.0,256,20,3,0.5,0.1,0.99,10.0,256,20,0,512,512,4.746596756799619,2.5,9.26817735411744,9.26817735411744,0.0,0.0,1.0,700.0
lqr,flee,300.0,1800.0,0.1,0.1,5.0,3.75,10.0,10.0,10,100.0,inf,full,both,inf,180.0,0.01,0.0,0.0,256,20,3,0.5,0.1,0.99,10.0,256,20,0,512,150,5.0,3.75,26.44053589831673,797.1332533343613,0.0,0.0,0.29296875,700.0
lqr,flee,300.0,1800.0,0.1,0.1,5.0,4.5,10.0,10.0,10,100.0,inf,full,both,inf,180.0,0.01,0.0,0.0,256,20,3,0.5,0.1,0.99,10.0,256,20,0,512,10,5.0,4.5,131.77179352608482,620.5186831894385,0.0,0.0,0.01953125,850.0
lqr,flee,300.0,1800.0,0.1,0.1,5.0,5.0,10.0,10.0,10,100.0,inf,full,both,inf,180.0,0.01,0.0,0.0,256,20,3,0.5,0.1,0.99,10.0,256,20,0,512,1,5.0,5.0,234.82291344813515,738.3664608974232,0.0,0.0,0.001953125,1460.0
lqr,flee,300.0,1800.0,0.1,0.1,5.0,5.5,10.0,10.0,10,100.0,inf,full,both,inf,180.0,0.01,0.0,0.0,256,20,3,0.5,0.1,0.99,10.0,256,20,0,512,0,5.0,5.5,289.94994552995416,1350.3585617209349,0.0,0.0,0.0,
lqr,flee,300.0,1800.0,0.1,0.1,5.0,6.25,10.0,10.0,10,100.0,inf,full,both,inf,180.0,0.01,0.0,0.0,256,20,3,0.5,0.1,0.99,10.0,256,20,0,512,0,5.0,6.25,289.94994552995416,2311.022477602433,0.0,0.0,0.0,
lqr,flee,300.0,1800.0,0.1,0.1,5.0,7.5,10.0,10.0,10,100.0,inf,full,both,inf,180.0,0.01,0.0,0.0,256,20,3,0.5,0.1,0.99,10.0,256,20,0,512,0,5.0,7.5,289.94994552995416,3778.2103420843655,0.0,0.0,0.0,
lqr,flee,300.0,1800.0,0.1,0.1,5.0,10.0,10.0,10.0,10,100.0,inf,full,both,inf,180.0,0.01,0.0,0.0,256,20,3,0.5,0.1,0.99,10.0,256,20,0,512,0,5.0,10.0,289.94994552995416,6166.841821730244,0.0,0.0,0.0,
lqr,flee,300.0,1800.0,0.1,0.1,5.0,inf,10.0,10.0,10,100.0,inf,full,both,inf,180.0,0.01,0.0,0.0,256,20,3,0.5,0.1,0.99,10.0,256,20,0,512,0,5.0,17.999999999999986,289.94994552995416,9416.701949644115,0.0,0.0,0.0,
lqr,flee,300.0,1800.0,0.1,0.11,5.0,1.25,10.0,10.0,10,100.0,inf,full,both,inf,180.0,0.01,0.0,0.0,256,20,3,0.5,0.1,0.99,10.0,256,20,0,512,512,3.525637930107723,1.25,9.315350036968438,9.315350036968438,0.0,0.0,1.0,580.0
lqr,flee,300.0,1800.0,0.1,0.11,5.0,2.5,10.0,10.0,10,100.0,inf,full,both,inf,180.0,0.01,0.0,0.0,256,20,3,0.5,0.1,0.99,10.0,256,20,0,512,512,4.882900974367148,2.5,9.16313513993328,9.163247382941783,0.0,0.0,1.0,710.0
lqr,flee,300.0,1800.0,0.1,0.11,5.0,3.75,10.0,10.0,10,100.0,inf,full,both,inf,180.0,0.01,0.0,0.0,256,20,3,0.5,0.1,0.99,10.0,256,20,0,512,66,5.0,3.75,42.87587688581188,1114.30696871407,0.0,0.0,0.12890625,700.0
lqr,flee,300.0,1800.0,0.1,0.11,5.0,4.5,10.0,10.0,10,100.0,inf,full,both,inf,180.0,0.01,0.0,0.0,256,20,3,0.5,0.1,0.99,10.0,256,20,0,512,7,5.0,4.5,171.4070791715051,716.2198513455796,0.0,0.0,0.013671875,1040.0
lqr,flee,300.0,1800.0,0.1,0.11,5.0,5.0,10.0,10.0,10,100.0,inf,full,both,inf,180.0,0.01,0.0,0.0,256,20,3,0.5,0.1,0.99,10.0,256,20,0,512,0,5.0,5.0,259.70075548580826,941.403611083555,0.0,0.0,0.0,
lqr,flee,300.0,1800.0,0.1,0.11,5.0,5.5,10.0,10.0,10,100.0,inf,full,both,inf,180.0,0.01,0.0,0.0,256,20,3,0.5,0.1,0.99,10.0,256,20,0,512,0,5.0,5.5,300.0,1580.054151628792,0.0,0.0,0.0,
lqr,flee,300.0,1800.0,0.1,0.11,5.0,6.25,10.0,10.0,10,100.0,inf,full,both,inf,180.0,0.01,0.0,0.0,256,20,3,0.5,0.1,0.99,10.0,256,20,0,512,0,5.0,6.25,300.0,2585.464103918413,0.0,0.0,0.0,
lqr,flee,300.0,1800.0,0.1,0.11,5.0,7.5,10.0,10.0,10,100.0,inf,full,both,inf,180.0,0.01,0.0,0.0,256,20,3,0.5,0.1,0.99,10.0,256,20,0,512,0,5.0,7.5,300.0,4145.538458979308,0.0,0.0,0.0,
lqr,flee,300.0,1800.0,0.1,0.11,5.0,10.0,10.0,10.0,10,100.0,inf,full,both,inf,180.0,0.01,0.0,0.0,256,20,3,0.5,0.1,0.99,10.0,256,20,0,512,0,5.0,10.0,300.0,6759.945116887262,0.0,0.0,0.0,
lqr,flee,300.0,1800.0,0.1,0.11,5.0,inf,10.0,10.0,10,100.0,inf,full,both,inf,180.0,0.01,0.0,0.0,256,20,3,0.5,0.1,0.99,10.0,256,20,0,512,0,5.0,19.79999999999995,300.0,11197.339037811487,0.0,0.0,0.0,
lqr,flee,300.0,1800.0,0.1,0.125,5.0,1.25,10.0,10.0,10,100.0,inf,full,both,inf,180.0,0.01,0.0,0.0,256,20,3,0.5,0.1,0.99,10.0,256,20,0,512,512,3.582129169611301,1.25,9.280861030416569,9.280861030416569,0.0,0.0,1.0,580.0
lqr,flee,300.0,1800.0,0.1,0.125,5.0,2.5,10.0,10.0,10,100.0,inf,full,both,inf,180.0,0.01,0.0,0.0,256,20,3,0.5,0.1,0.99,10.0,256,20,0,512,459,4.985859399656541,2.5,9.239488841932875,78.23456495066377,0.0,0.0,0.896484375,710.0
lqr,flee,300.0,1800.0,0.1,0.125,5.0,3.75,10.0,10.0,10,100.0,inf,full,both,inf,180.0,0.01,0.0,0.0,256,20,3,0.5,0.1,0.99,10.0,256,20,0,512,27,5.0,3.75,70.51919101908877,1213.3878867881606,0.0,0.0,0.052734375,720.0
lqr,flee,300.0,1800.0,0.1,0.125,5.0,4.5,10.0,10.0,10,100.0,inf,full,both,inf,180.0,0.01,0.0,0.0,256,20,3,0.5,0.1,0.99,10.0,256,20,0,512,2,5.0,4.5,206.91202486119172,866.137880048377,0.0,0.0,0.00390625,1085.0
lqr,flee,300.0,1800.0,0.1,0.125,5.0,5.0,10.0,10.0,10,100.0,inf,full,both,inf,180.0,0.01,0.0,0.0,256,20,3,0.5,0.1,0.99,10.0,256,20,0,512,0,5.0,5.0,273.8690825956217,1192.65478281551,0.0,0.0,0.0,
lqr,flee,300.0,1800.0,0.1,0.125,5.0,5.5,10.0,10.0,10,100.0,inf,full,both,inf,180.0,0.01,0.0,0.0,256,20,3,0.5,0.1,0.99,10.0,256,20,0,512,0,5.0,5.5,300.0,1866.240863531188,0.0,0.0,0.0,
lqr,flee,300.0,1800.0,0.1,0.125,5.0,6.25,10.0,10.0,10,100.0,inf,full,both,inf,180.0,0.01,0.0,0.0,256,20,3,0.5,0.1,0.99,10.0,256,20,0,512,0,5.0,6.25,300.0,2929.42026484212,0.0,0.0,0.0,
lqr,flee,300.0,1800.0,0.1,0.125,5.0,7.5,10.0,10.0,10,100.0,inf,full,both,inf,180.0,0.01,0.0,0.0,256,20,3,0.5,0.1,0.99,10.0,256,20,0,512,0,5.0,7.5,300.0,4605.612435078634,0.0,0.0,0.0,
lqr,flee,300.0,1800.0,0.1,0.125,5.0,10.0,10.0,10.0,10,100.0,inf,full,both,inf,180.0,0.01,0.0,0.0,256,20,3,0.5,0.1,0.99,10.0,256,20,0,512,0,5.0,10.0,300.0,7501.903036929502,0.0,0.0,0.0,
lqr,flee,300.0,1800.0,0.1,0.125,5.0,inf,10.0,10.0,10,100.0,inf,full,both,inf,180.0,0.01,0.0,0.0,256,20,3,0.5,0.1,0.99,10.0,256,20,0,512,0,5.0,22.5,300.0,13871.255245450688,0.0,0.0,0.0,
lqr,flee,300.0,1800.0,0.1,0.15,5.0,1.25,10.0,10.0,10,100.0,inf,full,both,inf,180.0,0.01,0.0,0.0,256,20,3,0.5,0.1,0.99,10.0,256,20,0,512,512,3.6477164238975943,1.25,9.295288254452943,9.295288254452942,0.0,0.0,1.0,590.0
lqr,flee,300.0,1800.0,0.1,0.15,5.0,2.5,10.0,10.0,10,100.0,inf,full,both,inf,180.0,0.01,0.0,0.0,256,20,3,0.5,0.1,0.99,10.0,256,20,0,512,374,5.0,2.5,9.754945437718153,243.000237285836,0.0,0.0,0.73046875,700.0
lqr,flee,300.0,1800.0,0.1,0.15,5.0,3.75,10.0,10.0,10,100.0,inf,full,both,inf,180.0,0.01,0.0,0.0,256,20,3,0.5,0.1,0.99,10.0,256,20,0,512,9,5.0,3.75,112.18218802300537,1249.895768264505,0.0,0.0,0.017578125,760.0
lqr,flee,300.0,1800.0,0.1,0.15,5.0,4.5,10.0,10.0,10,100.0,inf,full,both,inf,180.0,0.01,0.0,0.0,256,20,3,0.5,0.1,0.99,10.0,256,20,0,512,1,5.0,4.5,236.44297265995655,1080.4845006971902,0.0,0.0,0.001953125,1120.0
lqr,flee,300.0,1800.0,0.1,0.15,5.0,5.0,10.0,10.0,10,100.0,inf,full,both,inf,180.0,0.01,0.0,0.0,256,20,3,0.5,0.1,0.99,10.0,256,20,0,512,0,5.0,5.0,282.6073578038593,1511.0664746160553,0.0,0.0,0.0,
lqr,flee,300.0,1800.0,0.1,0.15,5.0,5.5,10.0,10.0,10,100.0,inf,full,both,inf,180.0,0.01,0.0,0.0,256,20,3,0.5,0.1,0.99,10.0,256,20,0,512,0,5.0,5.5,300.0,2230.8672632894145,0.0,0.0,0.0,
lqr,flee,300.0,1800.0,0.1,0.15,5.0,6.25,10.0,10.0,10,100.0,inf,full,both,inf,180.0,0.01,0.0,0.0,256,20,3,0.5,0.1,0.99,10.0,256,20,0,512,0,5.0,6.25,300.0,3371.1981159828515,0.0,0.0,0.0,
lqr,flee,300.0,1800.0,0.1,0.15,5.0,7.5,10.0,10.0,10,100.0,inf,full,both,inf,180.0,0.01,0.0,0.0,256,20,3,0.5,0.1,0.99,10.0,256,20,0,512,0,5.0,7.5,300.0,5199.489803421112,0.0,0.0,0.0,
lqr,flee,300.0,1800.0,0.1,0.15,5.0,10.0,10.0,10.0,10,100.0,inf,full,both,inf,180.0,0.01,0.0,0.0,256,20,3,0.5,0.1,0.99,10.0,256,20,0,512,0,5.0,10.0,300.0,8461.377462619681,0.0,0.0,0.0,
lqr,flee,300.0,1800.0,0.1,0.15,5.0,inf,10.0,10.0,10,100.0,inf,full,both,inf,180.0,0.01,0.0,0.0,256,20,3,0.5,0.1,0.99,10.0,256,20,0,512,0,5.0,26.99999999999992,300.0,18333.85406961642,0.0,0.0,0.0,
lqr,flee,300.0,1800.0,0.1,0.2,5.0,1.25,10.0,10.0,10,100.0,inf,full,both,inf,180.0,0.01,0.0,0.0,256,20,3,0.5,0.1,0.99,10.0,256,20,0,512,512,3.7307966519002105,1.25,9.269159608838187,9.269159608838184,0.0,0.0,1.0,590.0
lqr,flee,300.0,1800.0,0.1,0.2,5.0,2.5,10.0,10.0,10,100.0,inf,full,both,inf,180.0,0.01,0.0,0.0,256,20,3,0.5,0.1,0.99,10.0,256,20,0,512,263,5.0,2.5,11.537500090343496,571.8309323820413,0.0,0.0,0.513671875,690.0
lqr,flee,300.0,1800.0,0.1,0.2,5.0,3.75,10.0,10.0,10,100.0,inf,full,both,inf,180.0,0.01,0.0,0.0,256,20,3,0.5,0.1,0.99,10.0,256,20,0,512,5,5.0,3.75,160.02914564476757,1302.519232575869,0.0,0.0,0.009765625,850.0
lqr,flee,300.0,1800.0,0.1,0.2,5.0,4.5,10.0,10.0,10,100.0,inf,full,both,inf,180.0,0.01,0.0,0.0,256,20,3,0.5,0.1,0.99,10.0,256,20,0,512,1,5.0,4.5,258.12116115194885,1386.356762204384,0.0,0.0,0.001953125,1290.0
lqr,flee,300.0,1800.0,0.1,0.2,5.0,5.0,10.0,10.0,10,100.0,inf,full,both,inf,180.0,0.01,0.0,0.0,256,20,3,0.5,0.1,0.99,10.0,256,20,0,512,0,5.0,5.0,287.5415125521721,1927.766969304409,0.0,0.0,0.0,
lqr,flee,300.0,1800.0,0.1,0.2,5.0,5.5,10.0,10.0,10,100.0,inf,full,both,inf,180.0,0.01,0.0,0.0,256,20,3,0.5,0.1,0.99,10.0,256,20,0,512,0,5.0,5.5,300.0,2710.227290472561,0.0,0.0,0.0,
lqr,flee,300.0,1800.0,0.1,0.2,5.0,6.25,10.0,10.0,10,100.0,inf,full,both,inf,180.0,0.01,0.0,0.0,256,20,3,0.5,0.1,0.99,10.0,256,20,0,512,0,5.0,6.25,300.0,3956.392420430509,0.0,0.0,0.0,
lqr,flee,300.0,1800.0,0.1,0.2,5.0,7.5,10.0,10.0,10,100.0,inf,full,both,inf,180.0,0.01,0.0,0.0,256,20,3,0.5,0.1,0.99,10.0,256,20,0,512,0,5.0,7.5,300.0,5992.553856142555,0.0,0.0,0.0,
lqr,flee,300.0,1800.0,0.1,0.2,5.0,10.0,10.0,10.0,10,100.0,inf,full,both,inf,180.0,0.01,0.0,0.0,256,20,3,0.5,0.1,0.99,10.0,256,20,0,512,0,5.0,10.0,300.0,9757.278241932634,0.0,0.0,0.0,
lqr,flee,300.0,1800.0,0.1,0.2,5.0,inf,10.0,10.0,10,100.0,inf,full,both,inf,180.0,0.01,0.0,0.0,256,20,3,0.5,0.1,0.99,10.0,256,20,0,512,0,5.0,35.99999999999997,300.0,27271.04571070154,0.0,0.0,0.0,
lqr,coast,300.0,1800.0,0.1,0.025,5.0,1.25,10.0,10.0,10,100.0,inf,full,both,inf,180.0,0.01,0.0,0.0,256,20,3,0.5,0.1,0.99,10.0,256,20,0,512,512,2.2241062869442803,0.0,9.356294842074488,9.356294842074488,0.0,0.0,1.0,450.0
lqr,coast,300.0,1800.0,0.1,0.025,5.0,2.5,10.0,10.0,10,100.0,inf,full,both,inf,180.0,0.01,0.0,0.0,256,20,3,0.5,0.1,0.99,10.0,256,20,0,512,512,2.2241062869442803,0.0,9.356294842074488,9.356294842074488,0.0,0.0,1.0,450.0
lqr,coast,300.0,1800.0,0.1,0.025,5.0,3.75,10.0,10.0,10,100.0,inf,full,both,inf,180.0,0.01,0.0,0.0,256,20,3,0.5,0.1,0.99,10.0,256,20,0,512,512,2.2241062869442803,0.0,9.356294842074488,9.356294842074488,0.0,0.0,1.0,450.0
lqr,coast,300.0,1800.0,0.1,0.025,5.0,4.5,10.0,10.0,10,100.0,inf,full,both,inf,180.0,0.01,0.0,0.0,256,20,3,0.5,0.1,0.99,10.0,256,20,0,512,512,2.2241062869442803,0.0,9.356294842074488,9.356294842074488,0.0,0.0,1.0,450.0
lqr,coast,300.0,1800.0,0.1,0.025,5.0,5.0,10.0,10.0,10,100.0,inf,full,both,inf,180.0,0.01,0.0,0.0,256,20,3,0.5,0.1,0.99,10.0,256,20,0,512,512,2.2241062869442803,0.0,9.356294842074488,9.356294842074488,0.0,0.0,1.0,450.0
lqr,coast,300.0,1800.0,0.1,0.025,5.0,5.5,10.0,10.0,10,100.0,inf,full,both,inf,180.0,0.01,0.0,0.0,256,20,3,0.5,0.1,0.99,10.0,256,20,0,512,512,2.2241062869442803,0.0,9.356294842074488,9.356294842074488,0.0,0.0,1.0,450.0
lqr,coast,300.0,1800.0,0.1,0.025,5.0,6.25,10.0,10.0,10,100.0,inf,full,both,inf,180.0,0.01,0.0,0.0,256,20,3,0.5,0.1,0.99,10.0,256,20,0,512,512,2.2241062869442803,0.0,9.356294842074488,9.356294842074488,0.0,0.0,1.0,450.0
lqr,coast,300.0,1800.0,0.1,0.025,5.0,7.5,10.0,10.0,10,100.0,inf,full,both,inf,180.0,0.01,0.0,0.0,256,20,3,0.5,0.1,0.99,10.0,256,20,0,512,512,2.2241062869442803,0.0,9.356294842074488,9.356294842074488,0.0,0.0,1.0,450.0
lqr,coast,300.0,1800.0,0.1,0.025,5.0,10.0,10.0,10.0,10,100.0,inf,full,both,inf,180.0,0.01,0.0,0.0,256,20,3,0.5,0.1,0.99,10.0,256,20,0,512,512,2.2241062869442803,0.0,9.356294842074488,9.356294842074488,0.0,0.0,1.0,450.0
lqr,coast,300.0,1800.0,0.1,0.025,5.0,inf,10.0,10.0,10,100.0,inf,full,both,inf,180.0,0.01,0.0,0.0,256,20,3,0.5,0.1,0.99,10.0,256,20,0,512,512,2.2241062869442803,0.0,9.356294842074488,9.356294842074488,0.0,0.0,1.0,450.0
lqr,coast,300.0,1800.0,0.1,0.05,5.0,1.25,10.0,10.0,10,100.0,inf,full,both,inf,180.0,0.01,0.0,0.0,256,20,3,0.5,0.1,0.99,10.0,256,20,0,512,512,2.2241062869442803,0.0,9.356294842074488,9.356294842074488,0.0,0.0,1.0,450.0
lqr,coast,300.0,1800.0,0.1,0.05,5.0,2.5,10.0,10.0,10,100.0,inf,full,both,inf,180.0,0.01,0.0,0.0,256,20,3,0.5,0.1,0.99,10.0,256,20,0,512,512,2.2241062869442803,0.0,9.356294842074488,9.356294842074488,0.0,0.0,1.0,450.0
lqr,coast,300.0,1800.0,0.1,0.05,5.0,3.75,10.0,10.0,10,100.0,inf,full,both,inf,180.0,0.01,0.0,0.0,256,20,3,0.5,0.1,0.99,10.0,256,20,0,512,512,2.2241062869442803,0.0,9.356294842074488,9.356294842074488,0.0,0.0,1.0,450.0
lqr,coast,300.0,1800.0,0.1,0.05,5.0,4.5,10.0,10.0,10,100.0,inf,full,both,inf,180.0,0.01,0.0,0.0,256,20,3,0.5,0.1,0.99,10.0,256,20,0,512,512,2.2241062869442803,0.0,9.356294842074488,9.356294842074488,0.0,0.0,1.0,450.0
lqr,coast,300.0,1800.0,0.1,0.05,5.0,5.0,10.0,10.0,10,100.0,inf,full,both,inf,180.0,0.01,0.0,0.0,256,20,3,0.5,0.1,0.99,10.0,256,20,0,512,512,2.2241062869442803,0.0,9.356294842074488,9.356294842074488,0.0,0.0,1.0,450.0
lqr,coast,300.0,1800.0,0.1,0.05,5.0,5.5,10.0,10.0,10,100.0,inf,full,both,inf,180.0,0.01,0.0,0.0,256,20,3,0.5,0.1,0.99,10.0,256,20,0,512,512,2.2241062869442803,0.0,9.356294842074488,9.356294842074488,0.0,0.0,1.0,450.0
lqr,coast,300.0,1800.0,0.1,0.05,5.0,6.25,10.0,10.0,10,100.0,inf,full,both,inf,180.0,0.01,0.0,0.0,256,20,3,0.5,0.1,0.99,10.0,256,20,0,512,512,2.2241062869442803,0.0,9.356294842074488,9.356294842074488,0.0,0.0,1.0,450.0
lqr,coast,300.0,1800.0,0.1,0.05,5.0,7.5,10.0,10.0,10,100.0,inf,full,both,inf,180.0,0.01,0.0,0.0,256,20,3,0.5,0.1,0.99,10.0,256,20,0,512,512,2.2241062869442803,0.0,9.356294842074488,9.356294842074488,0.0,0.0,1.0,450.0
lqr,coast,300.0,1800.0,0.1,0.05,5.0,10.0,10.0,10.0,10,100.0,inf,full,both,inf,180.0,0.01,0.0,0.0,256,20,3,0.5,0.1,0.99,10.0,256,20,0,512,512,2.2241062869442803,0.0,9.356294842074488,9.356294842074488,0.0,0.0,1.0,450.0
lqr,coast,300.0,1800.0,0.1,0.05,5.0,inf,10.0,10.0,10,100.0,inf,full,both,inf,180.0,0.01,0.0,0.0,256,20,3,0.5,0.1,0.99,10.0,256,20,0,512,512,2.2241062869442803,0.0,9.356294842074488,9.356294842074488,0.0,0.0,1.0,450.0
lqr,coast,300.0,1800.0,0.1,0.075,5.0,1.25,10.0,10.0,10,100.0,inf,full,both,inf,180.0,0.01,0.0,0.0,256,20,3,0.5,0.1,0.99,10.0,256,20,0,512,512,2.2241062869442803,0.0,9.356294842074488,9.356294842074488,0.0,0.0,1.0,450.0
lqr,coast,300.0,1800.0,0.1,0.075,5.0,2.5,10.0,10.0,10,100.0,inf,full,both,inf,180.0,0.01,0.0,0.0,256,20,3,0.5,0.1,0.99,10.0,256,20,0,512,512,2.2241062869442803,0.0,9.356294842074488,9.356294842074488,0.0,0.0,1.0,450.0
lqr,coast,300.0,1800.0,0.1,0.075,5.0,3.75,10.0,10.0,10,100.0,inf,full,both,inf,180.0,0.01,0.0,0.0,256,20,3,0.5,0.1,0.99,10.0,256,20,0,512,512,2.2241062869442803,0.0,9.356294842074488,9.356294842074488,0.0,0.0,1.0,450.0
lqr,coast,300.0,1800.0,0.1,0.075,5.0,4.5,10.0,10.0,10,100.0,inf,full,both,inf,180.0,0.01,0.0,0.0,256,20,3,0.5,0.1,0.99,10.0,256,20,0,512,512,2.2241062869442803,0.0,9.356294842074488,9.356294842074488,0.0,0.0,1.0,450.0
lqr,coast,300.0,1800.0,0.1,0.075,5.0,5.0,10.0,10.0,10,100.0,inf,full,both,inf,180.0,0.01,0.0,0.0,256,20,3,0.5,0.1,0.99,10.0,256,20,0,512,512,2.2241062869442803,0.0,9.356294842074488,9.356294842074488,0.0,0.0,1.0,450.0
lqr,coast,300.0,1800.0,0.1,0.075,5.0,5.5,10.0,10.0,10,100.0,inf,full,both,inf,180.0,0.01,0.0,0.0,256,20,3,0.5,0.1,0.99,10.0,256,20,0,512,512,2.2241062869442803,0.0,9.356294842074488,9.356294842074488,0.0,0.0,1.0,450.0
lqr,coast,300.0,1800.0,0.1,0.075,5.0,6.25,10.0,10.0,10,100.0,inf,full,both,inf,180.0,0.01,0.0,0.0,256,20,3,0.5,0.1,0.99,10.0,256,20,0,512,512,2.2241062869442803,0.0,9.356294842074488,9.356294842074488,0.0,0.0,1.0,450.0
lqr,coast,300.0,1800.0,0.1,0.075,5.0,7.5,10.0,10.0,10,100.0,inf,full,both,inf,180.0,0.01,0.0,0.0,256,20,3,0.5,0.1,0.99,10.0,256,20,0,512,512,2.2241062869442803,0.0,9.356294842074488,9.356294842074488,0.0,0.0,1.0,450.0
lqr,coast,300.0,1800.0,0.1,0.075,5.0,10.0,10.0,10.0,10,100.0,inf,full,both,inf,180.0,0.01,0.0,0.0,256,20,3,0.5,0.1,0.99,10.0,256,20,0,512,512,2.2241062869442803,0.0,9.356294842074488,9.356294842074488,0.0,0.0,1.0,450.0
lqr,coast,300.0,1800.0,0.1,0.075,5.0,inf,10.0,10.0,10,100.0,inf,full,both,inf,180.0,0.01,0.0,0.0,256,20,3,0.5,0.1,0.99,10.0,256,20,0,512,512,2.2241062869442803,0.0,9.356294842074488,9.356294842074488,0.0,0.0,1.0,450.0
lqr,coast,300.0,1800.0,0.1,0.09,5.0,1.25,10.0,10.0,10,100.0,inf,full,both,inf,180.0,0.01,0.0,0.0,256,20,3,0.5,0.1,0.99,10.0,256,20,0,512,512,2.2241062869442803,0.0,9.356294842074488,9.356294842074488,0.0,0.0,1.0,450.0
lqr,coast,300.0,1800.0,0.1,0.09,5.0,2.5,10.0,10.0,10,100.0,inf,full,both,inf,180.0,0.01,0.0,0.0,256,20,3,0.5,0.1,0.99,10.0,256,20,0,512,512,2.2241062869442803,0.0,9.356294842074488,9.356294842074488,0.0,0.0,1.0,450.0
lqr,coast,300.0,1800.0,0.1,0.09,5.0,3.75,10.0,10.0,10,100.0,inf,full,both,inf,180.0,0.01,0.0,0.0,256,20,3,0.5,0.1,0.99,10.0,256,20,0,512,512,2.2241062869442803,0.0,9.356294842074488,9.356294842074488,0.0,0.0,1.0,450.0
lqr,coast,300.0,1800.0,0.1,0.09,5.0,4.5,10.0,10.0,10,100.0,inf,full,both,inf,180.0,0.01,0.0,0.0,256,20,3,0.5,0.1,0.99,10.0,256,20,0,512,512,2.2241062869442803,0.0,9.356294842074488,9.356294842074488,0.0,0.0,1.0,450.0
lqr,coast,300.0,1800.0,0.1,0.09,5.0,5.0,10.0,10.0,10,100.0,inf,full,both,inf,180.0,0.01,0.0,0.0,256,20,3,0.5,0.1,0.99,10.0,256,20,0,512,512,2.2241062869442803,0.0,9.356294842074488,9.356294842074488,0.0,0.0,1.0,450.0
lqr,coast,300.0,1800.0,0.1,0.09,5.0,5.5,10.0,10.0,10,100.0,inf,full,both,inf,180.0,0.01,0.0,0.0,256,20,3,0.5,0.1,0.99,10.0,256,20,0,512,512,2.2241062869442803,0.0,9.356294842074488,9.356294842074488,0.0,0.0,1.0,450.0
lqr,coast,300.0,1800.0,0.1,0.09,5.0,6.25,10.0,10.0,10,100.0,inf,full,both,inf,180.0,0.01,0.0,0.0,256,20,3,0.5,0.1,0.99,10.0,256,20,0,512,512,2.2241062869442803,0.0,9.356294842074488,9.356294842074488,0.0,0.0,1.0,450.0
lqr,coast,300.0,1800.0,0.1,0.09,5.0,7.5,10.0,10.0,10,100.0,inf,full,both,inf,180.0,0.01,0.0,0.0,256,20,3,0.5,0.1,0.99,10.0,256,20,0,512,512,2.2241062869442803,0.0,9.356294842074488,9.356294842074488,0.0,0.0,1.0,450.0
lqr,coast,300.0,1800.0,0.1,0.09,5.0,10.0,10.0,10.0,10,100.0,inf,full,both,inf,180.0,0.01,0.0,0.0,256,20,3,0.5,0.1,0.99,10.0,256,20,0,512,512,2.2241062869442803,0.0,9.356294842074488,9.356294842074488,0.0,0.0,1.0,450.0
lqr,coast,300.0,1800.0,0.1,0.09,5.0,inf,10.0,10.0,10,100.0,inf,full,both,inf,180.0,0.01,0.0,0.0,256,20,3,0.5,0.1,0.99,10.0,256,20,0,512,512,2.2241062869442803,0.0,9.356294842074488,9.356294842074488,0.0,0.0,1.0,450.0
lqr,coast,300.0,1800.0,0.1,0.1,5.0,1.25,10.0,10.0,10,100.0,inf,full,both,inf,180.0,0.01,0.0,0.0,256,20,3,0.5,0.1,0.99,10.0,256,20,0,512,512,2.2241062869442803,0.0,9.356294842074488,9.356294842074488,0.0,0.0,1.0,450.0
lqr,coast,300.0,1800.0,0.1,0.1,5.0,2.5,10.0,10.0,10,100.0,inf,full,both,inf,180.0,0.01,0.0,0.0,256,20,3,0.5,0.1,0.99,10.0,256,20,0,512,512,2.2241062869442803,0.0,9.356294842074488,9.356294842074488,0.0,0.0,1.0,450.0
lqr,coast,300.0,1800.0,0.1,0.1,5.0,3.75,10.0,10.0,10,100.0,inf,full,both,inf,180.0,0.01,0.0,0.0,256,20,3,0.5,0.1,0.99,10.0,256,20,0,512,512,2.2241062869442803,0.0,9.356294842074488,9.356294842074488,0.0,0.0,1.0,450.0
lqr,coast,300.0,1800.0,0.1,0.1,5.0,4.5,10.0,10.0,10,100.0,inf,full,both,inf,180.0,0.01,0.0,0.0,256,20,3,0.5,0.1,0.99,10.0,256,20,0,512,512,2.2241062869442803,0.0,9.356294842074488,9.356294842074488,0.0,0.0,1.0,450.0
lqr,coast,300.0,1800.0,0.1,0.1,5.0,5.0,10.0,10.0,10,100.0,inf,full,both,inf,180.0,0.01,0.0,0.0,256,20,3,0.5,0.1,0.99,10.0,256,20,0,512,512,2.2241062869442803,0.0,9.356294842074488,9.356294842074488,0.0,0.0,1.0,450.0
lqr,coast,300.0,1800.0,0.1,0.1,5.0,5.5,10.0,10.0,10,100.0,inf,full,both,inf,180.0,0.01,0.0,0.0,256,20,3,0.5,0.1,0.99,10.0,256,20,0,512,512,2.2241062869442803,0.0,9.356294842074488,9.356294842074488,0.0,0.0,1.0,450.0
lqr,coast,300.0,1800.0,0.1,0.1,5.0,6.25,10.0,10.0,10,100.0,inf,full,both,inf,180.0,0.01,0.0,0.0,256,20,3,0.5,0.1,0.99,10.0,256,20,0,512,512,2.2241062869442803,0.0,9.356294842074488,9.356294842074488,0.0,0.0,1.0,450.0
lqr,coast,300.0,1800.0,0.1,0.1,5.0,7.5,10.0,10.0,10,100.0,inf,full,both,inf,180.0,0.01,0.0,0.0,256,20,3,0.5,0.1,0.99,10.0,256,20,0,512,512,2.2241062869442803,0.0,9.356294842074488,9.356294842074488,0.0,0.0,1.0,450.0
lqr,coast,300.0,1800.0,0.1,0.1,5.0,10.0,10.0,10.0,10,100.0,inf,full,both,inf,180.0,0.01,0.0,0.0,256,20,3,0.5,0.1,0.99,10.0,256,20,0,512,512,2.2241062869442803,0.0,9.356294842074488,9.356294842074488,0.0,0.0,1.0,450.0
lqr,coast,300.0,1800.0,0.1,0.1,5.0,inf,10.0,10.0,10,100.0,inf,full,both,inf,180.0,0.01,0.0,0.0,256,20,3,0.5,0.1,0.99,10.0,256,20,0,512,512,2.2241062869442803,0.0,9.356294842074488,9.356294842074488,0.0,0.0,1.0,450.0
lqr,coast,300.0,1800.0,0.1,0.11,5.0,1.25,10.0,10.0,10,100.0,inf,full,both,inf,180.0,0.01,0.0,0.0,256,20,3,0.5,0.1,0.99,10.0,256,20,0,512,512,2.2241062869442803,0.0,9.356294842074488,9.356294842074488,0.0,0.0,1.0,450.0
lqr,coast,300.0,1800.0,0.1,0.11,5.0,2.5,10.0,10.0,10,100.0,inf,full,both,inf,180.0,0.01,0.0,0.0,256,20,3,0.5,0.1,0.99,10.0,256,20,0,512,512,2.2241062869442803,0.0,9.356294842074488,9.356294842074488,0.0,0.0,1.0,450.0
lqr,coast,300.0,1800.0,0.1,0.11,5.0,3.75,10.0,10.0,10,100.0,inf,full,both,inf,180.0,0.01,0.0,0.0,256,20,3,0.5,0.1,0.99,10.0,256,20,0,512,512,2.2241062869442803,0.0,9.356294842074488,9.356294842074488,0.0,0.0,1.0,450.0
lqr,coast,300.0,1800.0,0.1,0.11,5.0,4.5,10.0,10.0,10,100.0,inf,full,both,inf,180.0,0.01,0.0,0.0,256,20,3,0.5,0.1,0.99,10.0,256,20,0,512,512,2.2241062869442803,0.0,9.356294842074488,9.356294842074488,0.0,0.0,1.0,450.0
lqr,coast,300.0,1800.0,0.1,0.11,5.0,5.0,10.0,10.0,10,100.0,inf,full,both,inf,180.0,0.01,0.0,0.0,256,20,3,0.5,0.1,0.99,10.0,256,20,0,512,512,2.2241062869442803,0.0,9.356294842074488,9.356294842074488,0.0,0.0,1.0,450.0
lqr,coast,300.0,1800.0,0.1,0.11,5.0,5.5,10.0,10.0,10,100.0,inf,full,both,inf,180.0,0.01,0.0,0.0,256,20,3,0.5,0.1,0.99,10.0,256,20,0,512,512,2.2241062869442803,0.0,9.356294842074488,9.356294842074488,0.0,0.0,1.0,450.0
lqr,coast,300.0,1800.0,0.1,0.11,5.0,6.25,10.0,10.0,10,100.0,inf,full,both,inf,180.0,0.01,0.0,0.0,256,20,3,0.5,0.1,0.99,10.0,256,20,0,512,512,2.2241062869442803,0.0,9.356294842074488,9.356294842074488,0.0,0.0,1.0,450.0
lqr,coast,300.0,1800.0,0.1,0.11,5.0,7.5,10.0,10.0,10,100.0,inf,full,both,inf,180.0,0.01,0.0,0.0,256,20,3,0.5,0.1,0.99,10.0,256,20,0,512,512,2.2241062869442803,0.0,9.356294842074488,9.356294842074488,0.0,0.0,1.0,450.0
lqr,coast,300.0,1800.0,0.1,0.11,5.0,10.0,10.0,10.0,10,100.0,inf,full,both,inf,180.0,0.01,0.0,0.0,256,20,3,0.5,0.1,0.99,10.0,256,20,0,512,512,2.2241062869442803,0.0,9.356294842074488,9.356294842074488,0.0,0.0,1.0,450.0
lqr,coast,300.0,1800.0,0.1,0.11,5.0,inf,10.0,10.0,10,100.0,inf,full,both,inf,180.0,0.01,0.0,0.0,256,20,3,0.5,0.1,0.99,10.0,256,20,0,512,512,2.2241062869442803,0.0,9.356294842074488,9.356294842074488,0.0,0.0,1.0,450.0
lqr,coast,300.0,1800.0,0.1,0.125,5.0,1.25,10.0,10.0,10,100.0,inf,full,both,inf,180.0,0.01,0.0,0.0,256,20,3,0.5,0.1,0.99,10.0,256,20,0,512,512,2.2241062869442803,0.0,9.356294842074488,9.356294842074488,0.0,0.0,1.0,450.0
lqr,coast,300.0,1800.0,0.1,0.125,5.0,2.5,10.0,10.0,10,100.0,inf,full,both,inf,180.0,0.01,0.0,0.0,256,20,3,0.5,0.1,0.99,10.0,256,20,0,512,512,2.2241062869442803,0.0,9.356294842074488,9.356294842074488,0.0,0.0,1.0,450.0
lqr,coast,300.0,1800.0,0.1,0.125,5.0,3.75,10.0,10.0,10,100.0,inf,full,both,inf,180.0,0.01,0.0,0.0,256,20,3,0.5,0.1,0.99,10.0,256,20,0,512,512,2.2241062869442803,0.0,9.356294842074488,9.356294842074488,0.0,0.0,1.0,450.0
lqr,coast,300.0,1800.0,0.1,0.125,5.0,4.5,10.0,10.0,10,100.0,inf,full,both,inf,180.0,0.01,0.0,0.0,256,20,3,0.5,0.1,0.99,10.0,256,20,0,512,512,2.2241062869442803,0.0,9.356294842074488,9.356294842074488,0.0,0.0,1.0,450.0
lqr,coast,300.0,1800.0,0.1,0.125,5.0,5.0,10.0,10.0,10,100.0,inf,full,both,inf,180.0,0.01,0.0,0.0,256,20,3,0.5,0.1,0.99,10.0,256,20,0,512,512,2.2241062869442803,0.0,9.356294842074488,9.356294842074488,0.0,0.0,1.0,450.0
lqr,coast,300.0,1800.0,0.1,0.125,5.0,5.5,10.0,10.0,10,100.0,inf,full,both,inf,180.0,0.01,0.0,0.0,256,20,3,0.5,0.1,0.99,10.0,256,20,0,512,512,2.2241062869442803,0.0,9.356294842074488,9.356294842074488,0.0,0.0,1.0,450.0
lqr,coast,300.0,1800.0,0.1,0.125,5.0,6.25,10.0,10.0,10,100.0,inf,full,both,inf,180.0,0.01,0.0,0.0,256,20,3,0.5,0.1,0.99,10.0,256,20,0,512,512,2.2241062869442803,0.0,9.356294842074488,9.356294842074488,0.0,0.0,1.0,450.0
lqr,coast,300.0,1800.0,0.1,0.125,5.0,7.5,10.0,10.0,10,100.0,inf,full,both,inf,180.0,0.01,0.0,0.0,256,20,3,0.5,0.1,0.99,10.0,256,20,0,512,512,2.2241062869442803,0.0,9.356294842074488,9.356294842074488,0.0,0.0,1.0,450.0
lqr,coast,300.0,1800.0,0.1,0.125,5.0,10.0,10.0,10.0,10,100.0,inf,full,both,inf,180.0,0.01,0.0,0.0,256,20,3,0.5,0.1,0.99,10.0,256,20,0,512,512,2.2241062869442803,0.0,9.356294842074488,9.356294842074488,0.0,0.0,1.0,450.0
lqr,coast,300.0,1800.0,0.1,0.125,5.0,inf,10.0,10.0,10,100.0,inf,full,both,inf,180.0,0.01,0.0,0.0,256,20,3,0.5,0.1,0.99,10.0,256,20,0,512,512,2.2241062869442803,0.0,9.356294842074488,9.356294842074488,0.0,0.0,1.0,450.0
lqr,coast,300.0,1800.0,0.1,0.15,5.0,1.25,10.0,10.0,10,100.0,inf,full,both,inf,180.0,0.01,0.0,0.0,256,20,3,0.5,0.1,0.99,10.0,256,20,0,512,512,2.2241062869442803,0.0,9.356294842074488,9.356294842074488,0.0,0.0,1.0,450.0
lqr,coast,300.0,1800.0,0.1,0.15,5.0,2.5,10.0,10.0,10,100.0,inf,full,both,inf,180.0,0.01,0.0,0.0,256,20,3,0.5,0.1,0.99,10.0,256,20,0,512,512,2.2241062869442803,0.0,9.356294842074488,9.356294842074488,0.0,0.0,1.0,450.0
lqr,coast,300.0,1800.0,0.1,0.15,5.0,3.75,10.0,10.0,10,100.0,inf,full,both,inf,180.0,0.01,0.0,0.0,256,20,3,0.5,0.1,0.99,10.0,256,20,0,512,512,2.2241062869442803,0.0,9.356294842074488,9.356294842074488,0.0,0.0,1.0,450.0
lqr,coast,300.0,1800.0,0.1,0.15,5.0,4.5,10.0,10.0,10,100.0,inf,full,both,inf,180.0,0.01,0.0,0.0,256,20,3,0.5,0.1,0.99,10.0,256,20,0,512,512,2.2241062869442803,0.0,9.356294842074488,9.356294842074488,0.0,0.0,1.0,450.0
lqr,coast,300.0,1800.0,0.1,0.15,5.0,5.0,10.0,10.0,10,100.0,inf,full,both,inf,180.0,0.01,0.0,0.0,256,20,3,0.5,0.1,0.99,10.0,256,20,0,512,512,2.2241062869442803,0.0,9.356294842074488,9.356294842074488,0.0,0.0,1.0,450.0
lqr,coast,300.0,1800.0,0.1,0.15,5.0,5.5,10.0,10.0,10,100.0,inf,full,both,inf,180.0,0.01,0.0,0.0,256,20,3,0.5,0.1,0.99,10.0,256,20,0,512,512,2.2241062869442803,0.0,9.356294842074488,9.356294842074488,0.0,0.0,1.0,450.0
lqr,coast,300.0,1800.0,0.1,0.15,5.0,6.25,10.0,10.0,10,100.0,inf,full,both,inf,180.0,0.01,0.0,0.0,256,20,3,0.5,0.1,0.99,10.0,256,20,0,512,512,2.2241062869442803,0.0,9.356294842074488,9.356294842074488,0.0,0.0,1.0,450.0
lqr,coast,300.0,1800.0,0.1,0.15,5.0,7.5,10.0,10.0,10,100.0,inf,full,both,inf,180.0,0.01,0.0,0.0,256,20,3,0.5,0.1,0.99,10.0,256,20,0,512,512,2.2241062869442803,0.0,9.356294842074488,9.356294842074488,0.0,0.0,1.0,450.0
lqr,coast,300.0,1800.0,0.1,0.15,5.0,10.0,10.0,10.0,10,100.0,inf,full,both,inf,180.0,0.01,0.0,0.0,256,20,3,0.5,0.1,0.99,10.0,256,20,0,512,512,2.2241062869442803,0.0,9.356294842074488,9.356294842074488,0.0,0.0,1.0,450.0
lqr,coast,300.0,1800.0,0.1,0.15,5.0,inf,10.0,10.0,10,100.0,inf,full,both,inf,180.0,0.01,0.0,0.0,256,20,3,0.5,0.1,0.99,10.0,256,20,0,512,512,2.2241062869442803,0.0,9.356294842074488,9.356294842074488,0.0,0.0,1.0,450.0
lqr,coast,300.0,1800.0,0.1,0.2,5.0,1.25,10.0,10.0,10,100.0,inf,full,both,inf,180.0,0.01,0.0,0.0,256,20,3,0.5,0.1,0.99,10.0,256,20,0,512,512,2.2241062869442803,0.0,9.356294842074488,9.356294842074488,0.0,0.0,1.0,450.0
lqr,coast,300.0,1800.0,0.1,0.2,5.0,2.5,10.0,10.0,10,100.0,inf,full,both,inf,180.0,0.01,0.0,0.0,256,20,3,0.5,0.1,0.99,10.0,256,20,0,512,512,2.2241062869442803,0.0,9.356294842074488,9.356294842074488,0.0,0.0,1.0,450.0
lqr,coast,300.0,1800.0,0.1,0.2,5.0,3.75,10.0,10.0,10,100.0,inf,full,both,inf,180.0,0.01,0.0,0.0,256,20,3,0.5,0.1,0.99,10.0,256,20,0,512,512,2.2241062869442803,0.0,9.356294842074488,9.356294842074488,0.0,0.0,1.0,450.0
lqr,coast,300.0,1800.0,0.1,0.2,5.0,4.5,10.0,10.0,10,100.0,inf,full,both,inf,180.0,0.01,0.0,0.0,256,20,3,0.5,0.1,0.99,10.0,256,20,0,512,512,2.2241062869442803,0.0,9.356294842074488,9.356294842074488,0.0,0.0,1.0,450.0
lqr,coast,300.0,1800.0,0.1,0.2,5.0,5.0,10.0,10.0,10,100.0,inf,full,both,inf,180.0,0.01,0.0,0.0,256,20,3,0.5,0.1,0.99,10.0,256,20,0,512,512,2.2241062869442803,0.0,9.356294842074488,9.356294842074488,0.0,0.0,1.0,450.0
lqr,coast,300.0,1800.0,0.1,0.2,5.0,5.5,10.0,10.0,10,100.0,inf,full,both,inf,180.0,0.01,0.0,0.0,256,20,3,0.5,0.1,0.99,10.0,256,20,0,512,512,2.2241062869442803,0.0,9.356294842074488,9.356294842074488,0.0,0.0,1.0,450.0
lqr,coast,300.0,1800.0,0.1,0.2,5.0,6.25,10.0,10.0,10,100.0,inf,full,both,inf,180.0,0.01,0.0,0.0,256,20,3,0.5,0.1,0.99,10.0,256,20,0,512,512,2.2241062869442803,0.0,9.356294842074488,9.356294842074488,0.0,0.0,1.0,450.0
lqr,coast,300.0,1800.0,0.1,0.2,5.0,7.5,10.0,10.0,10,100.0,inf,full,both,inf,180.0,0.01,0.0,0.0,256,20,3,0.5,0.1,0.99,10.0,256,20,0,512,512,2.2241062869442803,0.0,9.356294842074488,9.356294842074488,0.0,0.0,1.0,450.0
lqr,coast,300.0,1800.0,0.1,0.2,5.0,10.0,10.0,10.0,10,100.0,inf,full,both,inf,180.0,0.01,0.0,0.0,256,20,3,0.5,0.1,0.99,10.0,256,20,0,512,512,2.2241062869442803,0.0,9.356294842074488,9.356294842074488,0.0,0.0,1.0,450.0
lqr,coast,300.0,1800.0,0.1,0.2,5.0,inf,10.0,10.0,10,100.0,inf,full,both,inf,180.0,0.01,0.0,0.0,256,20,3,0.5,0.1,0.99,10.0,256,20,0,512,512,2.2241062869442803,0.0,9.356294842074488,9.356294842074488,0.0,0.0,1.0,450.0
lqr,mppi_direct,300.0,1800.0,0.1,0.025,5.0,1.25,10.0,10.0,10,100.0,inf,full,both,inf,180.0,0.01,0.0,0.0,256,20,3,0.5,0.1,0.99,10.0,256,20,0,512,512,3.461438625692737,1.25,9.62184846941353,9.62184846941353,0.0,0.0,1.0,790.0
lqr,mppi_direct,300.0,1800.0,0.1,0.025,5.0,2.5,10.0,10.0,10,100.0,inf,full,both,inf,180.0,0.01,0.0,0.0,256,20,3,0.5,0.1,0.99,10.0,256,20,0,512,512,4.7316434622338495,2.5,9.599406684195596,9.599406684195593,0.0,0.0,1.0,1300.0
lqr,mppi_direct,300.0,1800.0,0.1,0.025,5.0,3.75,10.0,10.0,10,100.0,inf,full,both,inf,180.0,0.01,0.0,0.0,256,20,3,0.5,0.1,0.99,10.0,256,20,0,512,0,5.0,3.75,12.695164367090124,355.72284666198334,0.0,0.0,0.0,
lqr,mppi_direct,300.0,1800.0,0.1,0.025,5.0,4.5,10.0,10.0,10,100.0,inf,full,both,inf,180.0,0.01,0.0,0.0,256,20,3,0.5,0.1,0.99,10.0,256,20,0,512,0,5.0,4.092543255683452,12.69736114611528,374.6601160648155,0.0,0.0,0.0,
lqr,mppi_direct,300.0,1800.0,0.1,0.025,5.0,5.0,10.0,10.0,10,100.0,inf,full,both,inf,180.0,0.01,0.0,0.0,256,20,3,0.5,0.1,0.99,10.0,256,20,0,512,0,5.0,4.093101939481972,12.697361157883131,373.951658777248,0.0,0.0,0.0,
lqr,mppi_direct,300.0,1800.0,0.1,0.025,5.0,5.5,10.0,10.0,10,100.0,inf,full,both,inf,180.0,0.01,0.0,0.0,256,20,3,0.5,0.1,0.99,10.0,256,20,0,512,0,5.0,4.09308302472336,12.697361157883131,373.9393597432888,0.0,0.0,0.0,
lqr,mppi_direct,300.0,1800.0,0.1,0.025,5.0,6.25,10.0,10.0,10,100.0,inf,full,both,inf,180.0,0.01,0.0,0.0,256,20,3,0.5,0.1,0.99,10.0,256,20,0,512,0,5.0,4.093083061867527,12.697361157883131,373.9393561619627,0.0,0.0,0.0,
lqr,mppi_direct,300.0,1800.0,0.1,0.025,5.0,7.5,10.0,10.0,10,100.0,inf,full,both,inf,180.0,0.01,0.0,0.0,256,20,3,0.5,0.1,0.99,10.0,256,20,0,512,0,5.0,4.093083061867527,12.697361157883131,373.9393561619627,0.0,0.0,0.0,
lqr,mppi_direct,300.0,1800.0,0.1,0.025,5.0,10.0,10.0,10.0,10,100.0,inf,full,both,inf,180.0,0.01,0.0,0.0,256,20,3,0.5,0.1,0.99,10.0,256,20,0,512,0,5.0,4.093083061867527,12.697361157883131,373.9393561619627,0.0,0.0,0.0,
lqr,mppi_direct,300.0,1800.0,0.1,0.025,5.0,inf,10.0,10.0,10,100.0,inf,full,both,inf,180.0,0.01,0.0,0.0,256,20,3,0.5,0.1,0.99,10.0,256,20,0,512,0,5.0,4.093083061867527,12.697361157883131,373.9393561619627,0.0,0.0,0.0,
lqr,mppi_direct,300.0,1800.0,0.1,0.05,5.0,1.25,10.0,10.0,10,100.0,inf,full,both,inf,180.0,0.01,0.0,0.0,256,20,3,0.5,0.1,0.99,10.0,256,20,0,512,512,3.231807898171408,1.25,9.6753982949272,9.6753982949272,0.0,0.0,1.0,590.0
lqr,mppi_direct,300.0,1800.0,0.1,0.05,5.0,2.5,10.0,10.0,10,100.0,inf,full,both,inf,180.0,0.01,0.0,0.0,256,20,3,0.5,0.1,0.99,10.0,256,20,0,512,512,4.677994502377566,2.5,9.6967749768164,9.696774976816402,0.0,0.0,1.0,840.0
lqr,mppi_direct,300.0,1800.0,0.1,0.05,5.0,3.75,10.0,10.0,10,100.0,inf,full,both,inf,180.0,0.01,0.0,0.0,256,20,3,0.5,0.1,0.99,10.0,256,20,0,512,0,5.0,3.75,14.016381340607412,942.416211825518,0.0,0.0,0.0,
lqr,mppi_direct,300.0,1800.0,0.1,0.05,5.0,4.5,10.0,10.0,10,100.0,inf,full,both,inf,180.0,0.01,0.0,0.0,256,20,3,0.5,0.1,0.99,10.0,256,20,0,512,0,5.0,4.5,14.131828168096192,1633.208303516441,0.0,0.0,0.0,
lqr,mppi_direct,300.0,1800.0,0.1,0.05,5.0,5.0,10.0,10.0,10,100.0,inf,full,both,inf,180.0,0.01,0.0,0.0,256,20,3,0.5,0.1,0.99,10.0,256,20,0,512,0,5.0,5.0,14.134783059727098,1991.2972484290835,0.0,0.0,0.0,
lqr,mppi_direct,300.0,1800.0,0.1,0.05,5.0,5.5,10.0,10.0,10,100.0,inf,full,both,inf,180.0,0.01,0.0,0.0,256,20,3,0.5,0.1,0.99,10.0,256,20,0,512,0,5.0,5.5,14.134712283872394,2284.2674937027823,0.0,0.0,0.0,
lqr,mppi_direct,300.0,1800.0,0.1,0.05,5.0,6.25,10.0,10.0,10,100.0,inf,full,both,inf,180.0,0.01,0.0,0.0,256,20,3,0.5,0.1,0.99,10.0,256,20,0,512,0,5.0,6.25,14.134586820377232,2618.650866490988,0.0,0.0,0.0,
lqr,mppi_direct,300.0,1800.0,0.1,0.05,5.0,7.5,10.0,10.0,10,100.0,inf,full,both,inf,180.0,0.01,0.0,0.0,256,20,3,0.5,0.1,0.99,10.0,256,20,0,512,0,5.0,7.5,14.134586820377232,2906.679072192931,0.0,0.0,0.0,
lqr,mppi_direct,300.0,1800.0,0.1,0.05,5.0,10.0,10.0,10.0,10,100.0,inf,full,both,inf,180.0,0.01,0.0,0.0,256,20,3,0.5,0.1,0.99,10.0,256,20,0,512,0,5.0,8.055069113882638,14.134586820377232,2927.6780694343265,0.0,0.0,0.0,
lqr,mppi_direct,300.0,1800.0,0.1,0.05,5.0,inf,10.0,10.0,10,100.0,inf,full,both,inf,180.0,0.01,0.0,0.0,256,20,3,0.5,0.1,0.99,10.0,256,20,0,512,0,5.0,8.055062868436513,14.134586820377232,2927.672243238296,0.0,0.0,0.0,
lqr,mppi_direct,300.0,1800.0,0.1,0.075,5.0,1.25,10.0,10.0,10,100.0,inf,full,both,inf,180.0,0.01,0.0,0.0,256,20,3,0.5,0.1,0.99,10.0,256,20,0,512,512,3.111098000715673,1.25,9.702006759806702,9.702006759806702,0.0,0.0,1.0,520.0
lqr,mppi_direct,300.0,1800.0,0.1,0.075,5.0,2.5,10.0,10.0,10,100.0,inf,full,both,inf,180.0,0.01,0.0,0.0,256,20,3,0.5,0.1,0.99,10.0,256,20,0,512,512,4.347114075063007,2.5,9.502038564964794,9.50203856496479,0.0,0.0,1.0,700.0
lqr,mppi_direct,300.0,1800.0,0.1,0.075,5.0,3.75,10.0,10.0,10,100.0,inf,full,both,inf,180.0,0.01,0.0,0.0,256,20,3,0.5,0.1,0.99,10.0,256,20,0,512,0,5.0,3.75,15.843690519065609,719.2604626247098,0.0,0.0,0.0,
lqr,mppi_direct,300.0,1800.0,0.1,0.075,5.0,4.5,10.0,10.0,10,100.0,inf,full,both,inf,180.0,0.01,0.0,0.0,256,20,3,0.5,0.1,0.99,10.0,256,20,0,512,0,5.0,4.5,18.53101795271758,1953.986324640772,0.0,0.0,0.0,
lqr,mppi_direct,300.0,1800.0,0.1,0.075,5.0,5.0,10.0,10.0,10,100.0,inf,full,both,inf,180.0,0.01,0.0,0.0,256,20,3,0.5,0.1,0.99,10.0,256,20,0,512,0,5.0,5.0,19.10080652149847,2697.3816135060606,0.0,0.0,0.0,
lqr,mppi_direct,300.0,1800.0,0.1,0.075,5.0,5.5,10.0,10.0,10,100.0,inf,full,both,inf,180.0,0.01,0.0,0.0,256,20,3,0.5,0.1,0.99,10.0,256,20,0,512,0,5.0,5.5,19.23981075482256,3298.6389733731085,0.0,0.0,0.0,
lqr,mppi_direct,300.0,1800.0,0.1,0.075,5.0,6.25,10.0,10.0,10,100.0,inf,full,both,inf,180.0,0.01,0.0,0.0,256,20,3,0.5,0.1,0.99,10.0,256,20,0,512,0,5.0,6.25,19.308593086699894,4090.283746759264,0.0,0.0,0.0,
lqr,mppi_direct,300.0,1800.0,0.1,0.075,5.0,7.5,10.0,10.0,10,100.0,inf,full,both,inf,180.0,0.01,0.0,0.0,256,20,3,0.5,0.1,0.99,10.0,256,20,0,512,0,5.0,7.5,19.293985154423872,5149.400820255006,0.0,0.0,0.0,
lqr,mppi_direct,300.0,1800.0,0.1,0.075,5.0,10.0,10.0,10.0,10,100.0,inf,full,both,inf,180.0,0.01,0.0,0.0,256,20,3,0.5,0.1,0.99,10.0,256,20,0,512,0,5.0,10.0,19.293924647915443,6495.650297722678,0.0,0.0,0.0,
lqr,mppi_direct,300.0,1800.0,0.1,0.075,5.0,inf,10.0,10.0,10,100.0,inf,full,both,inf,180.0,0.01,0.0,0.0,256,20,3,0.5,0.1,0.99,10.0,256,20,0,512,0,5.0,12.629788987473166,19.293924647915443,6930.129413420102,0.0,0.0,0.0,
lqr,mppi_direct,300.0,1800.0,0.1,0.09,5.0,1.25,10.0,10.0,10,100.0,inf,full,both,inf,180.0,0.01,0.0,0.0,256,20,3,0.5,0.1,0.99,10.0,256,20,0,512,512,3.031106728386702,1.25,9.731929360198794,9.731929360198793,0.0,0.0,1.0,490.0
lqr,mppi_direct,300.0,1800.0,0.1,0.09,5.0,2.5,10.0,10.0,10,100.0,inf,full,both,inf,180.0,0.01,0.0,0.0,256,20,3,0.5,0.1,0.99,10.0,256,20,0,512,511,4.31699422434962,2.5,9.405406722186427,10.928479810060702,0.0,0.0,0.998046875,710.0
lqr,mppi_direct,300.0,1800.0,0.1,0.09,5.0,3.75,10.0,10.0,10,100.0,inf,full,both,inf,180.0,0.01,0.0,0.0,256,20,3,0.5,0.1,0.99,10.0,256,20,0,512,0,5.0,3.75,24.04631944895628,1076.8085466394282,0.0,0.0,0.0,
lqr,mppi_direct,300.0,1800.0,0.1,0.09,5.0,4.5,10.0,10.0,10,100.0,inf,full,both,inf,180.0,0.01,0.0,0.0,256,20,3,0.5,0.1,0.99,10.0,256,20,0,512,0,5.0,4.5,24.52934590392067,2251.3845695196364,0.0,0.0,0.0,
lqr,mppi_direct,300.0,1800.0,0.1,0.09,5.0,5.0,10.0,10.0,10,100.0,inf,full,both,inf,180.0,0.01,0.0,0.0,256,20,3,0.5,0.1,0.99,10.0,256,20,0,512,0,5.0,5.0,24.556751493817977,2990.6721332698,0.0,0.0,0.0,
lqr,mppi_direct,300.0,1800.0,0.1,0.09,5.0,5.5,10.0,10.0,10,100.0,inf,full,both,inf,180.0,0.01,0.0,0.0,256,20,3,0.5,0.1,0.99,10.0,256,20,0,512,0,5.0,5.5,24.64394585258656,3679.959965961161,0.0,0.0,0.0,
lqr,mppi_direct,300.0,1800.0,0.1,0.09,5.0,6.25,10.0,10.0,10,100.0,inf,full,both,inf,180.0,0.01,0.0,0.0,256,20,3,0.5,0.1,0.99,10.0,256,20,0,512,0,5.0,6.25,24.68406138720793,4627.90432693679,0.0,0.0,0.0,
lqr,mppi_direct,300.0,1800.0,0.1,0.09,5.0,7.5,10.0,10.0,10,100.0,inf,full,both,inf,180.0,0.01,0.0,0.0,256,20,3,0.5,0.1,0.99,10.0,256,20,0,512,0,5.0,7.5,24.686013420845995,5988.079601726325,0.0,0.0,0.0,
lqr,mppi_direct,300.0,1800.0,0.1,0.09,5.0,10.0,10.0,10.0,10,100.0,inf,full,both,inf,180.0,0.01,0.0,0.0,256,20,3,0.5,0.1,0.99,10.0,256,20,0,512,0,5.0,10.0,24.68601344687853,7949.817844333576,0.0,0.0,0.0,
lqr,mppi_direct,300.0,1800.0,0.1,0.09,5.0,inf,10.0,10.0,10,100.0,inf,full,both,inf,180.0,0.01,0.0,0.0,256,20,3,0.5,0.1,0.99,10.0,256,20,0,512,0,5.0,15.277749274865473,24.68601344687853,9476.188868197056,0.0,0.0,0.0,
lqr,mppi_direct,300.0,1800.0,0.1,0.1,5.0,1.25,10.0,10.0,10,100.0,inf,full,both,inf,180.0,0.01,0.0,0.0,256,20,3,0.5,0.1,0.99,10.0,256,20,0,512,512,2.968739365465373,1.25,9.745943625423047,9.745943625423044,0.0,0.0,1.0,470.0
lqr,mppi_direct,300.0,1800.0,0.1,0.1,5.0,2.5,10.0,10.0,10,100.0,inf,full,both,inf,180.0,0.01,0.0,0.0,256,20,3,0.5,0.1,0.99,10.0,256,20,0,512,509,4.4872664153672455,2.5,9.226424470061945,14.76976131507775,0.0,0.0,0.994140625,710.0
lqr,mppi_direct,300.0,1800.0,0.1,0.1,5.0,3.75,10.0,10.0,10,100.0,inf,full,both,inf,180.0,0.01,0.0,0.0,256,20,3,0.5,0.1,0.99,10.0,256,20,0,512,0,5.0,3.75,27.900371949593413,1046.311774293987,0.0,0.0,0.0,
lqr,mppi_direct,300.0,1800.0,0.1,0.1,5.0,4.5,10.0,10.0,10,100.0,inf,full,both,inf,180.0,0.01,0.0,0.0,256,20,3,0.5,0.1,0.99,10.0,256,20,0,512,0,5.0,4.5,27.8793201053379,2210.4694438039287,0.0,0.0,0.0,
lqr,mppi_direct,300.0,1800.0,0.1,0.1,5.0,5.0,10.0,10.0,10,100.0,inf,full,both,inf,180.0,0.01,0.0,0.0,256,20,3,0.5,0.1,0.99,10.0,256,20,0,512,0,5.0,5.0,28.241869654287598,2977.6151573807338,0.0,0.0,0.0,
lqr,mppi_direct,300.0,1800.0,0.1,0.1,5.0,5.5,10.0,10.0,10,100.0,inf,full,both,inf,180.0,0.01,0.0,0.0,256,20,3,0.5,0.1,0.99,10.0,256,20,0,512,0,5.0,5.5,28.35560084474008,3704.5096632816185,0.0,0.0,0.0,
lqr,mppi_direct,300.0,1800.0,0.1,0.1,5.0,6.25,10.0,10.0,10,100.0,inf,full,both,inf,180.0,0.01,0.0,0.0,256,20,3,0.5,0.1,0.99,10.0,256,20,0,512,0,5.0,6.25,28.4273783050898,4698.528969653266,0.0,0.0,0.0,
lqr,mppi_direct,300.0,1800.0,0.1,0.1,5.0,7.5,10.0,10.0,10,100.0,inf,full,both,inf,180.0,0.01,0.0,0.0,256,20,3,0.5,0.1,0.99,10.0,256,20,0,512,0,5.0,7.5,28.461434251230493,6170.267503811977,0.0,0.0,0.0,
lqr,mppi_direct,300.0,1800.0,0.1,0.1,5.0,10.0,10.0,10.0,10,100.0,inf,full,both,inf,180.0,0.01,0.0,0.0,256,20,3,0.5,0.1,0.99,10.0,256,20,0,512,0,5.0,10.0,28.461640898087147,8444.757442672244,0.0,0.0,0.0,
lqr,mppi_direct,300.0,1800.0,0.1,0.1,5.0,inf,10.0,10.0,10,100.0,inf,full,both,inf,180.0,0.01,0.0,0.0,256,20,3,0.5,0.1,0.99,10.0,256,20,0,512,0,5.0,17.001457773561388,28.461640898087147,10904.254833145627,0.0,0.0,0.0,
lqr,mppi_direct,300.0,1800.0,0.1,0.11,5.0,1.25,10.0,10.0,10,100.0,inf,full,both,inf,180.0,0.01,0.0,0.0,256,20,3,0.5,0.1,0.99,10.0,256,20,0,512,512,2.8989534357338167,1.25,9.72490865663688,9.72494189598108,0.0,0.0,1.0,445.0
lqr,mppi_direct,300.0,1800.0,0.1,0.11,5.0,2.5,10.0,10.0,10,100.0,inf,full,both,inf,180.0,0.01,0.0,0.0,256,20,3,0.5,0.1,0.99,10.0,256,20,0,512,506,4.688070097730512,2.5,9.031402113340674,20.244634787080702,0.0,0.0,0.98828125,730.0
lqr,mppi_direct,300.0,1800.0,0.1,0.11,5.0,3.75,10.0,10.0,10,100.0,inf,full,both,inf,180.0,0.01,0.0,0.0,256,20,3,0.5,0.1,0.99,10.0,256,20,0,512,0,5.0,3.75,32.07508489008128,1053.474306775229,0.0,0.0,0.0,
lqr,mppi_direct,300.0,1800.0,0.1,0.11,5.0,4.5,10.0,10.0,10,100.0,inf,full,both,inf,180.0,0.01,0.0,0.0,256,20,3,0.5,0.1,0.99,10.0,256,20,0,512,0,5.0,4.5,32.01091279467552,2231.5359558261007,0.0,0.0,0.0,
lqr,mppi_direct,300.0,1800.0,0.1,0.11,5.0,5.0,10.0,10.0,10,100.0,inf,full,both,inf,180.0,0.01,0.0,0.0,256,20,3,0.5,0.1,0.99,10.0,256,20,0,512,0,5.0,5.0,32.65404363949437,3008.5760953943404,0.0,0.0,0.0,
lqr,mppi_direct,300.0,1800.0,0.1,0.11,5.0,5.5,10.0,10.0,10,100.0,inf,full,both,inf,180.0,0.01,0.0,0.0,256,20,3,0.5,0.1,0.99,10.0,256,20,0,512,0,5.0,5.5,32.83415190246127,3762.376562647705,0.0,0.0,0.0,
lqr,mppi_direct,300.0,1800.0,0.1,0.11,5.0,6.25,10.0,10.0,10,100.0,inf,full,both,inf,180.0,0.01,0.0,0.0,256,20,3,0.5,0.1,0.99,10.0,256,20,0,512,0,5.0,6.25,33.03324386118122,4824.741975772821,0.0,0.0,0.0,
lqr,mppi_direct,300.0,1800.0,0.1,0.11,5.0,7.5,10.0,10.0,10,100.0,inf,full,both,inf,180.0,0.01,0.0,0.0,256,20,3,0.5,0.1,0.99,10.0,256,20,0,512,0,5.0,7.5,33.02787505204824,6402.130888740786,0.0,0.0,0.0,
lqr,mppi_direct,300.0,1800.0,0.1,0.11,5.0,10.0,10.0,10.0,10,100.0,inf,full,both,inf,180.0,0.01,0.0,0.0,256,20,3,0.5,0.1,0.99,10.0,256,20,0,512,0,5.0,10.0,33.033864449390904,8927.655669461366,0.0,0.0,0.0,
lqr,mppi_direct,300.0,1800.0,0.1,0.11,5.0,inf,10.0,10.0,10,100.0,inf,full,both,inf,180.0,0.01,0.0,0.0,256,20,3,0.5,0.1,0.99,10.0,256,20,0,512,0,5.0,18.724727116266404,33.033864449390904,12447.359090132037,0.0,0.0,0.0,
lqr,mppi_direct,300.0,1800.0,0.1,0.125,5.0,1.25,10.0,10.0,10,100.0,inf,full,both,inf,180.0,0.01,0.0,0.0,256,20,3,0.5,0.1,0.99,10.0,256,20,0,512,512,2.8256144989585965,1.25,9.645171907645365,9.645192725766494,0.0,0.0,1.0,430.0
lqr,mppi_direct,300.0,1800.0,0.1,0.125,5.0,2.5,10.0,10.0,10,100.0,inf,full,both,inf,180.0,0.01,0.0,0.0,256,20,3,0.5,0.1,0.99,10.0,256,20,0,512,485,4.968664564546245,2.5,8.96363416308866,60.78566820937109,0.0,0.0,0.947265625,760.0
lqr,mppi_direct,300.0,1800.0,0.1,0.125,5.0,3.75,10.0,10.0,10,100.0,inf,full,both,inf,180.0,0.01,0.0,0.0,256,20,3,0.5,0.1,0.99,10.0,256,20,0,512,0,5.0,3.75,40.440573640442274,1067.1684600346364,0.0,0.0,0.0,
lqr,mppi_direct,300.0,1800.0,0.1,0.125,5.0,4.5,10.0,10.0,10,100.0,inf,full,both,inf,180.0,0.01,0.0,0.0,256,20,3,0.5,0.1,0.99,10.0,256,20,0,512,0,5.0,4.5,40.68726328850635,2289.6858568147686,0.0,0.0,0.0,
lqr,mppi_direct,300.0,1800.0,0.1,0.125,5.0,5.0,10.0,10.0,10,100.0,inf,full,both,inf,180.0,0.01,0.0,0.0,256,20,3,0.5,0.1,0.99,10.0,256,20,0,512,0,5.0,5.0,40.26888966272881,3084.4313522702487,0.0,0.0,0.0,
lqr,mppi_direct,300.0,1800.0,0.1,0.125,5.0,5.5,10.0,10.0,10,100.0,inf,full,both,inf,180.0,0.01,0.0,0.0,256,20,3,0.5,0.1,0.99,10.0,256,20,0,512,0,5.0,5.5,40.41436605197024,3875.652187194371,0.0,0.0,0.0,
lqr,mppi_direct,300.0,1800.0,0.1,0.125,5.0,6.25,10.0,10.0,10,100.0,inf,full,both,inf,180.0,0.01,0.0,0.0,256,20,3,0.5,0.1,0.99,10.0,256,20,0,512,0,5.0,6.25,40.89037803360822,5002.616022860949,0.0,0.0,0.0,
lqr,mppi_direct,300.0,1800.0,0.1,0.125,5.0,7.5,10.0,10.0,10,100.0,inf,full,both,inf,180.0,0.01,0.0,0.0,256,20,3,0.5,0.1,0.99,10.0,256,20,0,512,0,5.0,7.5,41.21187150262648,6733.177863624183,0.0,0.0,0.0,
lqr,mppi_direct,300.0,1800.0,0.1,0.125,5.0,10.0,10.0,10.0,10,100.0,inf,full,both,inf,180.0,0.01,0.0,0.0,256,20,3,0.5,0.1,0.99,10.0,256,20,0,512,0,5.0,10.0,41.23228410707903,9573.048728625296,0.0,0.0,0.0,
lqr,mppi_direct,300.0,1800.0,0.1,0.125,5.0,inf,10.0,10.0,10,100.0,inf,full,both,inf,180.0,0.01,0.0,0.0,256,20,3,0.5,0.1,0.99,10.0,256,20,0,512,0,5.0,21.30798746372069,41.23228403028104,14843.26410212305,0.0,0.0,0.0,
lqr,mppi_direct,300.0,1800.0,0.1,0.15,5.0,1.25,10.0,10.0,10,100.0,inf,full,both,inf,180.0,0.01,0.0,0.0,256,20,3,0.5,0.1,0.99,10.0,256,20,0,512,512,2.776037437673051,1.25,9.55492590722591,9.55492590722591,0.0,0.0,1.0,430.0
lqr,mppi_direct,300.0,1800.0,0.1,0.15,5.0,2.5,10.0,10.0,10,100.0,inf,full,both,inf,180.0,0.01,0.0,0.0,256,20,3,0.5,0.1,0.99,10.0,256,20,0,512,472,4.988811991784359,2.5,9.483976223611853,93.51464180924044,0.0,0.0,0.921875,750.0
lqr,mppi_direct,300.0,1800.0,0.1,0.15,5.0,3.75,10.0,10.0,10,100.0,inf,full,both,inf,180.0,0.01,0.0,0.0,256,20,3,0.5,0.1,0.99,10.0,256,20,0,512,0,5.0,3.75,57.68215767583254,1104.4198865997214,0.0,0.0,0.0,
lqr,mppi_direct,300.0,1800.0,0.1,0.15,5.0,4.5,10.0,10.0,10,100.0,inf,full,both,inf,180.0,0.01,0.0,0.0,256,20,3,0.5,0.1,0.99,10.0,256,20,0,512,0,5.0,4.5,57.53017878237254,2379.6915595980013,0.0,0.0,0.0,
lqr,mppi_direct,300.0,1800.0,0.1,0.15,5.0,5.0,10.0,10.0,10,100.0,inf,full,both,inf,180.0,0.01,0.0,0.0,256,20,3,0.5,0.1,0.99,10.0,256,20,0,512,0,5.0,5.0,58.49747378378231,3252.6177268842434,0.0,0.0,0.0,
lqr,mppi_direct,300.0,1800.0,0.1,0.15,5.0,5.5,10.0,10.0,10,100.0,inf,full,both,inf,180.0,0.01,0.0,0.0,256,20,3,0.5,0.1,0.99,10.0,256,20,0,512,0,5.0,5.5,58.518698505570775,4100.601878871509,0.0,0.0,0.0,
lqr,mppi_direct,300.0,1800.0,0.1,0.15,5.0,6.25,10.0,10.0,10,100.0,inf,full,both,inf,180.0,0.01,0.0,0.0,256,20,3,0.5,0.1,0.99,10.0,256,20,0,512,0,5.0,6.25,58.35187419624893,5299.761527218418,0.0,0.0,0.0,
lqr,mppi_direct,300.0,1800.0,0.1,0.15,5.0,7.5,10.0,10.0,10,100.0,inf,full,both,inf,180.0,0.01,0.0,0.0,256,20,3,0.5,0.1,0.99,10.0,256,20,0,512,0,5.0,7.5,59.06156358722165,7202.716572984954,0.0,0.0,0.0,
lqr,mppi_direct,300.0,1800.0,0.1,0.15,5.0,10.0,10.0,10.0,10,100.0,inf,full,both,inf,180.0,0.01,0.0,0.0,256,20,3,0.5,0.1,0.99,10.0,256,20,0,512,0,5.0,10.0,59.40300274654751,10520.27777290732,0.0,0.0,0.0,
lqr,mppi_direct,300.0,1800.0,0.1,0.15,5.0,inf,10.0,10.0,10,100.0,inf,full,both,inf,180.0,0.01,0.0,0.0,256,20,3,0.5,0.1,0.99,10.0,256,20,0,512,0,5.0,25.615780888385515,59.408560310005,19069.19079472372,0.0,0.0,0.0,
lqr,mppi_direct,300.0,1800.0,0.1,0.2,5.0,1.25,10.0,10.0,10,100.0,inf,full,both,inf,180.0,0.01,0.0,0.0,256,20,3,0.5,0.1,0.99,10.0,256,20,0,512,512,2.8407834028235266,1.25,9.48489170969158,9.484891709691574,0.0,0.0,1.0,460.0
lqr,mppi_direct,300.0,1800.0,0.1,0.2,5.0,2.5,10.0,10.0,10,100.0,inf,full,both,inf,180.0,0.01,0.0,0.0,256,20,3,0.5,0.1,0.99,10.0,256,20,0,512,383,4.963931355888806,2.5,12.96772967616816,309.5923132803551,0.0,0.0,0.748046875,750.0
lqr,mppi_direct,300.0,1800.0,0.1,0.2,5.0,3.75,10.0,10.0,10,100.0,inf,full,both,inf,180.0,0.01,0.0,0.0,256,20,3,0.5,0.1,0.99,10.0,256,20,0,512,0,5.0,3.75,99.37396211802336,1256.1847518261052,0.0,0.0,0.0,
lqr,mppi_direct,300.0,1800.0,0.1,0.2,5.0,4.5,10.0,10.0,10,100.0,inf,full,both,inf,180.0,0.01,0.0,0.0,256,20,3,0.5,0.1,0.99,10.0,256,20,0,512,0,5.0,4.5,99.47489157713898,2618.1932774785428,0.0,0.0,0.0,
lqr,mppi_direct,300.0,1800.0,0.1,0.2,5.0,5.0,10.0,10.0,10,100.0,inf,full,both,inf,180.0,0.01,0.0,0.0,256,20,3,0.5,0.1,0.99,10.0,256,20,0,512,0,5.0,5.0,104.06279946464478,3567.086633161656,0.0,0.0,0.0,
lqr,mppi_direct,300.0,1800.0,0.1,0.2,5.0,5.5,10.0,10.0,10,100.0,inf,full,both,inf,180.0,0.01,0.0,0.0,256,20,3,0.5,0.1,0.99,10.0,256,20,0,512,0,5.0,5.5,104.15074708930156,4459.429948035971,0.0,0.0,0.0,
lqr,mppi_direct,300.0,1800.0,0.1,0.2,5.0,6.25,10.0,10.0,10,100.0,inf,full,both,inf,180.0,0.01,0.0,0.0,256,20,3,0.5,0.1,0.99,10.0,256,20,0,512,0,5.0,6.25,107.0051721218526,5827.345334375949,0.0,0.0,0.0,
lqr,mppi_direct,300.0,1800.0,0.1,0.2,5.0,7.5,10.0,10.0,10,100.0,inf,full,both,inf,180.0,0.01,0.0,0.0,256,20,3,0.5,0.1,0.99,10.0,256,20,0,512,0,5.0,7.5,106.66636303733198,8023.495381817819,0.0,0.0,0.0,
lqr,mppi_direct,300.0,1800.0,0.1,0.2,5.0,10.0,10.0,10.0,10,100.0,inf,full,both,inf,180.0,0.01,0.0,0.0,256,20,3,0.5,0.1,0.99,10.0,256,20,0,512,0,5.0,10.0,107.80524544809126,11920.343398933835,0.0,0.0,0.0,
lqr,mppi_direct,300.0,1800.0,0.1,0.2,5.0,inf,10.0,10.0,10,100.0,inf,full,both,inf,180.0,0.01,0.0,0.0,256,20,3,0.5,0.1,0.99,10.0,256,20,0,512,0,5.0,34.23000061102115,108.19046806188126,27826.29953379828,0.0,0.0,0.0,
lqr,mppi_lqr,300.0,1800.0,0.1,0.025,5.0,1.25,10.0,10.0,10,100.0,inf,full,both,inf,180.0,0.01,0.0,0.0,256,20,3,0.5,0.1,0.99,10.0,256,20,0,512,512,2.6779200575427438,1.25,9.544791505619402,9.544791505619404,0.0,0.0,1.0,840.0
lqr,mppi_lqr,300.0,1800.0,0.1,0.025,5.0,2.5,10.0,10.0,10,100.0,inf,full,both,inf,180.0,0.01,0.0,0.0,256,20,3,0.5,0.1,0.99,10.0,256,20,0,512,512,3.751490597264593,2.5,9.551902218311808,9.551902218311811,0.0,0.0,1.0,1400.0
lqr,mppi_lqr,300.0,1800.0,0.1,0.025,5.0,3.75,10.0,10.0,10,100.0,inf,full,both,inf,180.0,0.01,0.0,0.0,256,20,3,0.5,0.1,0.99,10.0,256,20,0,512,0,4.861093028489372,3.748798809326634,20.018392368309907,23.099062806381145,0.0,0.0,0.0,
lqr,mppi_lqr,300.0,1800.0,0.1,0.025,5.0,4.5,10.0,10.0,10,100.0,inf,full,both,inf,180.0,0.01,0.0,0.0,256,20,3,0.5,0.1,0.99,10.0,256,20,0,512,0,4.886066738401714,3.8624980227563,19.94152955474574,22.55920440513847,0.0,0.0,0.0,
lqr,mppi_lqr,300.0,1800.0,0.1,0.025,5.0,5.0,10.0,10.0,10,100.0,inf,full,both,inf,180.0,0.01,0.0,0.0,256,20,3,0.5,0.1,0.99,10.0,256,20,0,512,0,4.884813499208163,3.862810350730266,19.93198052795169,22.510791337399585,0.0,0.0,0.0,
lqr,mppi_lqr,300.0,1800.0,0.1,0.025,5.0,5.5,10.0,10.0,10,100.0,inf,full,both,inf,180.0,0.01,0.0,0.0,256,20,3,0.5,0.1,0.99,10.0,256,20,0,512,0,4.884803641323314,3.862830677804489,19.93289463801993,22.50994968253384,0.0,0.0,0.0,
lqr,mppi_lqr,300.0,1800.0,0.1,0.025,5.0,6.25,10.0,10.0,10,100.0,inf,full,both,inf,180.0,0.01,0.0,0.0,256,20,3,0.5,0.1,0.99,10.0,256,20,0,512,0,4.884803641323314,3.862830677804489,19.93289463801993,22.50994968253384,0.0,0.0,0.0,
lqr,mppi_lqr,300.0,1800.0,0.1,0.025,5.0,7.5,10.0,10.0,10,100.0,inf,full,both,inf,180.0,0.01,0.0,0.0,256,20,3,0.5,0.1,0.99,10.0,256,20,0,512,0,4.884803641323314,3.862830677804489,19.93289463801993,22.50994968253384,0.0,0.0,0.0,
lqr,mppi_lqr,300.0,1800.0,0.1,0.025,5.0,10.0,10.0,10.0,10,100.0,inf,full,both,inf,180.0,0.01,0.0,0.0,256,20,3,0.5,0.1,0.99,10.0,256,20,0,512,0,4.884803641323314,3.862830677804489,19.93289463801993,22.50994968253384,0.0,0.0,0.0,
lqr,mppi_lqr,300.0,1800.0,0.1,0.025,5.0,inf,10.0,10.0,10,100.0,inf,full,both,inf,180.0,0.01,0.0,0.0,256,20,3,0.5,0.1,0.99,10.0,256,20,0,512,0,4.884803641323314,3.862830677804489,19.93289463801993,22.50994968253384,0.0,0.0,0.0,
lqr,mppi_lqr,300.0,1800.0,0.1,0.05,5.0,1.25,10.0,10.0,10,100.0,inf,full,both,inf,180.0,0.01,0.0,0.0,256,20,3,0.5,0.1,0.99,10.0,256,20,0,512,512,2.716152573060962,1.25,9.242649191739766,9.242649191739762,0.0,0.0,1.0,560.0
lqr,mppi_lqr,300.0,1800.0,0.1,0.05,5.0,2.5,10.0,10.0,10,100.0,inf,full,both,inf,180.0,0.01,0.0,0.0,256,20,3,0.5,0.1,0.99,10.0,256,20,0,512,512,3.26093035919382,2.5,9.447013181460738,9.447013181460742,0.0,0.0,1.0,860.0
lqr,mppi_lqr,300.0,1800.0,0.1,0.05,5.0,3.75,10.0,10.0,10,100.0,inf,full,both,inf,180.0,0.01,0.0,0.0,256,20,3,0.5,0.1,0.99,10.0,256,20,0,512,512,4.332354411015499,3.75,9.456082409645084,9.456082409645076,0.0,0.0,1.0,1110.0
lqr,mppi_lqr,300.0,1800.0,0.1,0.05,5.0,4.5,10.0,10.0,10,100.0,inf,full,both,inf,180.0,0.01,0.0,0.0,256,20,3,0.5,0.1,0.99,10.0,256,20,0,512,311,4.92780638919805,4.5,19.213083643831457,116.4010204250993,0.0,0.0,0.607421875,1270.0
lqr,mppi_lqr,300.0,1800.0,0.1,0.05,5.0,5.0,10.0,10.0,10,100.0,inf,full,both,inf,180.0,0.01,0.0,0.0,256,20,3,0.5,0.1,0.99,10.0,256,20,0,512,18,5.0,5.0,36.64977251141755,443.25863420131947,0.0,0.0,0.03515625,1370.0
lqr,mppi_lqr,300.0,1800.0,0.1,0.05,5.0,5.5,10.0,10.0,10,100.0,inf,full,both,inf,180.0,0.01,0.0,0.0,256,20,3,0.5,0.1,0.99,10.0,256,20,0,512,0,5.0,5.5,39.11471075668421,759.7203432528988,0.0,0.0,0.0,
lqr,mppi_lqr,300.0,1800.0,0.1,0.05,5.0,6.25,10.0,10.0,10,100.0,inf,full,both,inf,180.0,0.01,0.0,0.0,256,20,3,0.5,0.1,0.99,10.0,256,20,0,512,0,5.0,6.25,39.402356954805846,1128.4301925855857,0.0,0.0,0.0,
lqr,mppi_lqr,300.0,1800.0,0.1,0.05,5.0,7.5,10.0,10.0,10,100.0,inf,full,both,inf,180.0,0.01,0.0,0.0,256,20,3,0.5,0.1,0.99,10.0,256,20,0,512,0,5.0,7.5,39.29261864882651,1505.1741537747866,0.0,0.0,0.0,
lqr,mppi_lqr,300.0,1800.0,0.1,0.05,5.0,10.0,10.0,10.0,10,100.0,inf,full,both,inf,180.0,0.01,0.0,0.0,256,20,3,0.5,0.1,0.99,10.0,256,20,0,512,0,5.0,8.403232207557613,39.29280107781443,1573.050518667522,0.0,0.0,0.0,
lqr,mppi_lqr,300.0,1800.0,0.1,0.05,5.0,inf,10.0,10.0,10,100.0,inf,full,both,inf,180.0,0.01,0.0,0.0,256,20,3,0.5,0.1,0.99,10.0,256,20,0,512,0,5.0,8.403416220172652,39.29280107781443,1572.976647798399,0.0,0.0,0.0,
lqr,mppi_lqr,300.0,1800.0,0.1,0.075,5.0,1.25,10.0,10.0,10,100.0,inf,full,both,inf,180.0,0.01,0.0,0.0,256,20,3,0.5,0.1,0.99,10.0,256,20,0,512,512,3.320650906577082,1.25,9.29929647842976,9.299296478429758,0.0,0.0,1.0,560.0
lqr,mppi_lqr,300.0,1800.0,0.1,0.075,5.0,2.5,10.0,10.0,10,100.0,inf,full,both,inf,180.0,0.01,0.0,0.0,256,20,3,0.5,0.1,0.99,10.0,256,20,0,512,512,3.791940245348684,2.5,9.2778599197544,9.277859919754407,0.0,0.0,1.0,680.0
lqr,mppi_lqr,300.0,1800.0,0.1,0.075,5.0,3.75,10.0,10.0,10,100.0,inf,full,both,inf,180.0,0.01,0.0,0.0,256,20,3,0.5,0.1,0.99,10.0,256,20,0,512,416,4.562633325470445,3.75,16.833651978966568,205.52501052152056,0.0,0.0,0.8125,870.0
lqr,mppi_lqr,300.0,1800.0,0.1,0.075,5.0,4.5,10.0,10.0,10,100.0,inf,full,both,inf,180.0,0.01,0.0,0.0,256,20,3,0.5,0.1,0.99,10.0,256,20,0,512,187,4.965587625676845,4.5,33.985620788434794,1118.2068861465448,0.0,0.0,0.365234375,970.0
lqr,mppi_lqr,300.0,1800.0,0.1,0.075,5.0,5.0,10.0,10.0,10,100.0,inf,full,both,inf,180.0,0.01,0.0,0.0,256,20,3,0.5,0.1,0.99,10.0,256,20,0,512,5,5.0,5.0,48.582461102048015,2190.885344264798,0.0,0.0,0.009765625,1020.0
lqr,mppi_lqr,300.0,1800.0,0.1,0.075,5.0,5.5,10.0,10.0,10,100.0,inf,full,both,inf,180.0,0.01,0.0,0.0,256,20,3,0.5,0.1,0.99,10.0,256,20,0,512,0,5.0,5.5,49.861698761670176,2800.745012407888,0.0,0.0,0.0,
lqr,mppi_lqr,300.0,1800.0,0.1,0.075,5.0,6.25,10.0,10.0,10,100.0,inf,full,both,inf,180.0,0.01,0.0,0.0,256,20,3,0.5,0.1,0.99,10.0,256,20,0,512,0,5.0,6.25,50.89308923510493,3537.393960466896,0.0,0.0,0.0,
lqr,mppi_lqr,300.0,1800.0,0.1,0.075,5.0,7.5,10.0,10.0,10,100.0,inf,full,both,inf,180.0,0.01,0.0,0.0,256,20,3,0.5,0.1,0.99,10.0,256,20,0,512,0,5.0,7.5,50.84757579387897,4639.638617180751,0.0,0.0,0.0,
lqr,mppi_lqr,300.0,1800.0,0.1,0.075,5.0,10.0,10.0,10.0,10,100.0,inf,full,both,inf,180.0,0.01,0.0,0.0,256,20,3,0.5,0.1,0.99,10.0,256,20,0,512,0,5.0,10.0,50.84241063917431,6045.950134300285,0.0,0.0,0.0,
lqr,mppi_lqr,300.0,1800.0,0.1,0.075,5.0,inf,10.0,10.0,10,100.0,inf,full,both,inf,180.0,0.01,0.0,0.0,256,20,3,0.5,0.1,0.99,10.0,256,20,0,512,0,5.0,12.821468512281472,50.84241063917431,6547.295052657346,0.0,0.0,0.0,
lqr,mppi_lqr,300.0,1800.0,0.1,0.09,5.0,1.25,10.0,10.0,10,100.0,inf,full,both,inf,180.0,0.01,0.0,0.0,256,20,3,0.5,0.1,0.99,10.0,256,20,0,512,512,3.435908188143283,1.25,9.320735814011542,9.320735814011542,0.0,0.0,1.0,570.0
lqr,mppi_lqr,300.0,1800.0,0.1,0.09,5.0,2.5,10.0,10.0,10,100.0,inf,full,both,inf,180.0,0.01,0.0,0.0,256,20,3,0.5,0.1,0.99,10.0,256,20,0,512,492,4.572160078034454,2.5,9.394905509763143,30.905955480257063,0.0,0.0,0.9609375,700.0
lqr,mppi_lqr,300.0,1800.0,0.1,0.09,5.0,3.75,10.0,10.0,10,100.0,inf,full,both,inf,180.0,0.01,0.0,0.0,256,20,3,0.5,0.1,0.99,10.0,256,20,0,512,92,4.9262639389909895,3.75,117.0027181438088,1045.8314406736845,0.0,0.0,0.1796875,770.0
lqr,mppi_lqr,300.0,1800.0,0.1,0.09,5.0,4.5,10.0,10.0,10,100.0,inf,full,both,inf,180.0,0.01,0.0,0.0,256,20,3,0.5,0.1,0.99,10.0,256,20,0,512,15,4.998579143668727,4.5,126.27882983187376,2234.9970880355318,0.0,0.0,0.029296875,870.0
lqr,mppi_lqr,300.0,1800.0,0.1,0.09,5.0,5.0,10.0,10.0,10,100.0,inf,full,both,inf,180.0,0.01,0.0,0.0,256,20,3,0.5,0.1,0.99,10.0,256,20,0,512,0,5.0,5.0,128.82451267015014,3048.407174366257,0.0,0.0,0.0,
lqr,mppi_lqr,300.0,1800.0,0.1,0.09,5.0,5.5,10.0,10.0,10,100.0,inf,full,both,inf,180.0,0.01,0.0,0.0,256,20,3,0.5,0.1,0.99,10.0,256,20,0,512,0,5.0,5.5,126.8798190257728,3748.8452841240046,0.0,0.0,0.0,
lqr,mppi_lqr,300.0,1800.0,0.1,0.09,5.0,6.25,10.0,10.0,10,100.0,inf,full,both,inf,180.0,0.01,0.0,0.0,256,20,3,0.5,0.1,0.99,10.0,256,20,0,512,0,5.0,6.25,126.4141872352088,4682.202298777963,0.0,0.0,0.0,
lqr,mppi_lqr,300.0,1800.0,0.1,0.09,5.0,7.5,10.0,10.0,10,100.0,inf,full,both,inf,180.0,0.01,0.0,0.0,256,20,3,0.5,0.1,0.99,10.0,256,20,0,512,0,5.0,7.5,126.26337334289552,6072.370210696772,0.0,0.0,0.0,
lqr,mppi_lqr,300.0,1800.0,0.1,0.09,5.0,10.0,10.0,10.0,10,100.0,inf,full,both,inf,180.0,0.01,0.0,0.0,256,20,3,0.5,0.1,0.99,10.0,256,20,0,512,0,5.0,10.0,126.23603250826376,8108.690005950658,0.0,0.0,0.0,
lqr,mppi_lqr,300.0,1800.0,0.1,0.09,5.0,inf,10.0,10.0,10,100.0,inf,full,both,inf,180.0,0.01,0.0,0.0,256,20,3,0.5,0.1,0.99,10.0,256,20,0,512,0,5.0,15.46084671184127,126.23603218880412,9758.582505588063,0.0,0.0,0.0,
lqr,mppi_lqr,300.0,1800.0,0.1,0.1,5.0,1.25,10.0,10.0,10,100.0,inf,full,both,inf,180.0,0.01,0.0,0.0,256,20,3,0.5,0.1,0.99,10.0,256,20,0,512,512,3.495123927948455,1.25,9.292298908061731,9.29229890806173,0.0,0.0,1.0,580.0
lqr,mppi_lqr,300.0,1800.0,0.1,0.1,5.0,2.5,10.0,10.0,10,100.0,inf,full,both,inf,180.0,0.01,0.0,0.0,256,20,3,0.5,0.1,0.99,10.0,256,20,0,512,444,4.757028205663141,2.5,9.738414717423955,88.76699885551585,0.0,0.0,0.8671875,710.0
lqr,mppi_lqr,300.0,1800.0,0.1,0.1,5.0,3.75,10.0,10.0,10,100.0,inf,full,both,inf,180.0,0.01,0.0,0.0,256,20,3,0.5,0.1,0.99,10.0,256,20,0,512,9,4.999116408595932,3.75,180.1802798523184,1211.3860499457624,0.0,0.0,0.017578125,730.0
lqr,mppi_lqr,300.0,1800.0,0.1,0.1,5.0,4.5,10.0,10.0,10,100.0,inf,full,both,inf,180.0,0.01,0.0,0.0,256,20,3,0.5,0.1,0.99,10.0,256,20,0,512,0,5.0,4.5,210.45480062869828,2256.830449475958,0.0,0.0,0.0,
lqr,mppi_lqr,300.0,1800.0,0.1,0.1,5.0,5.0,10.0,10.0,10,100.0,inf,full,both,inf,180.0,0.01,0.0,0.0,256,20,3,0.5,0.1,0.99,10.0,256,20,0,512,0,5.0,5.0,208.9261957619784,3057.966976737311,0.0,0.0,0.0,
lqr,mppi_lqr,300.0,1800.0,0.1,0.1,5.0,5.5,10.0,10.0,10,100.0,inf,full,both,inf,180.0,0.01,0.0,0.0,256,20,3,0.5,0.1,0.99,10.0,256,20,0,512,0,5.0,5.5,208.55937493537675,3841.02107116078,0.0,0.0,0.0,
lqr,mppi_lqr,300.0,1800.0,0.1,0.1,5.0,6.25,10.0,10.0,10,100.0,inf,full,both,inf,180.0,0.01,0.0,0.0,256,20,3,0.5,0.1,0.99,10.0,256,20,0,512,0,5.0,6.25,206.7706852171417,4916.029719221684,0.0,0.0,0.0,
lqr,mppi_lqr,300.0,1800.0,0.1,0.1,5.0,7.5,10.0,10.0,10,100.0,inf,full,both,inf,180.0,0.01,0.0,0.0,256,20,3,0.5,0.1,0.99,10.0,256,20,0,512,0,5.0,7.5,206.12767457661533,6494.887348492372,0.0,0.0,0.0,
lqr,mppi_lqr,300.0,1800.0,0.1,0.1,5.0,10.0,10.0,10.0,10,100.0,inf,full,both,inf,180.0,0.01,0.0,0.0,256,20,3,0.5,0.1,0.99,10.0,256,20,0,512,0,5.0,10.0,206.07689981517996,8937.291827049421,0.0,0.0,0.0,
lqr,mppi_lqr,300.0,1800.0,0.1,0.1,5.0,inf,10.0,10.0,10,100.0,inf,full,both,inf,180.0,0.01,0.0,0.0,256,20,3,0.5,0.1,0.99,10.0,256,20,0,512,0,5.0,17.189867520427494,206.07680567540564,11580.457648198577,0.0,0.0,0.0,
lqr,mppi_lqr,300.0,1800.0,0.1,0.11,5.0,1.25,10.0,10.0,10,100.0,inf,full,both,inf,180.0,0.01,0.0,0.0,256,20,3,0.5,0.1,0.99,10.0,256,20,0,512,512,3.543576088310187,1.25,9.28615742907128,9.286157429071276,0.0,0.0,1.0,580.0
lqr,mppi_lqr,300.0,1800.0,0.1,0.11,5.0,2.5,10.0,10.0,10,100.0,inf,full,both,inf,180.0,0.01,0.0,0.0,256,20,3,0.5,0.1,0.99,10.0,256,20,0,512,381,4.8608054593246495,2.5,10.417812893159336,179.87851564102883,0.0,0.0,0.744140625,720.0
lqr,mppi_lqr,300.0,1800.0,0.1,0.11,5.0,3.75,10.0,10.0,10,100.0,inf,full,both,inf,180.0,0.01,0.0,0.0,256,20,3,0.5,0.1,0.99,10.0,256,20,0,512,7,5.0,3.75,198.4392147742108,1260.8533212925224,0.0,0.0,0.013671875,710.0
lqr,mppi_lqr,300.0,1800.0,0.1,0.11,5.0,4.5,10.0,10.0,10,100.0,inf,full,both,inf,180.0,0.01,0.0,0.0,256,20,3,0.5,0.1,0.99,10.0,256,20,0,512,0,5.0,4.5,264.710027332174,2174.0045459060093,0.0,0.0,0.0,
lqr,mppi_lqr,300.0,1800.0,0.1,0.11,5.0,5.0,10.0,10.0,10,100.0,inf,full,both,inf,180.0,0.01,0.0,0.0,256,20,3,0.5,0.1,0.99,10.0,256,20,0,512,0,5.0,5.0,265.7618709793124,3006.760088615273,0.0,0.0,0.0,
lqr,mppi_lqr,300.0,1800.0,0.1,0.11,5.0,5.5,10.0,10.0,10,100.0,inf,full,both,inf,180.0,0.01,0.0,0.0,256,20,3,0.5,0.1,0.99,10.0,256,20,0,512,0,5.0,5.5,264.4397480435063,3858.745228090272,0.0,0.0,0.0,
lqr,mppi_lqr,300.0,1800.0,0.1,0.11,5.0,6.25,10.0,10.0,10,100.0,inf,full,both,inf,180.0,0.01,0.0,0.0,256,20,3,0.5,0.1,0.99,10.0,256,20,0,512,0,5.0,6.25,263.38886680449383,5058.135535134705,0.0,0.0,0.0,
lqr,mppi_lqr,300.0,1800.0,0.1,0.11,5.0,7.5,10.0,10.0,10,100.0,inf,full,both,inf,180.0,0.01,0.0,0.0,256,20,3,0.5,0.1,0.99,10.0,256,20,0,512,0,5.0,7.5,262.5164710641532,6836.55884028573,0.0,0.0,0.0,
lqr,mppi_lqr,300.0,1800.0,0.1,0.11,5.0,10.0,10.0,10.0,10,100.0,inf,full,both,inf,180.0,0.01,0.0,0.0,256,20,3,0.5,0.1,0.99,10.0,256,20,0,512,0,5.0,10.0,262.5589530348077,9614.63408461879,0.0,0.0,0.0,
lqr,mppi_lqr,300.0,1800.0,0.1,0.11,5.0,inf,10.0,10.0,10,100.0,inf,full,both,inf,180.0,0.01,0.0,0.0,256,20,3,0.5,0.1,0.99,10.0,256,20,0,512,0,5.0,18.90981079357557,262.5573670447991,13392.876168190616,0.0,0.0,0.0,
lqr,mppi_lqr,300.0,1800.0,0.1,0.125,5.0,1.25,10.0,10.0,10,100.0,inf,full,both,inf,180.0,0.01,0.0,0.0,256,20,3,0.5,0.1,0.99,10.0,256,20,0,512,512,3.5972814805374376,1.25,9.323571748900642,9.323571748900644,0.0,0.0,1.0,580.0
lqr,mppi_lqr,300.0,1800.0,0.1,0.125,5.0,2.5,10.0,10.0,10,100.0,inf,full,both,inf,180.0,0.01,0.0,0.0,256,20,3,0.5,0.1,0.99,10.0,256,20,0,512,316,4.954577849153465,2.5,11.448415953545815,302.5324008079847,0.0,0.0,0.6171875,720.0
lqr,mppi_lqr,300.0,1800.0,0.1,0.125,5.0,3.75,10.0,10.0,10,100.0,inf,full,both,inf,180.0,0.01,0.0,0.0,256,20,3,0.5,0.1,0.99,10.0,256,20,0,512,0,5.0,3.75,215.94790350973892,1336.0310527581464,0.0,0.0,0.0,
lqr,mppi_lqr,300.0,1800.0,0.1,0.125,5.0,4.5,10.0,10.0,10,100.0,inf,full,both,inf,180.0,0.01,0.0,0.0,256,20,3,0.5,0.1,0.99,10.0,256,20,0,512,0,5.0,4.5,287.72664236567385,2184.5832271924933,0.0,0.0,0.0,
lqr,mppi_lqr,300.0,1800.0,0.1,0.125,5.0,5.0,10.0,10.0,10,100.0,inf,full,both,inf,180.0,0.01,0.0,0.0,256,20,3,0.5,0.1,0.99,10.0,256,20,0,512,0,5.0,5.0,291.29371143180674,3019.094585463601,0.0,0.0,0.0,
lqr,mppi_lqr,300.0,1800.0,0.1,0.125,5.0,5.5,10.0,10.0,10,100.0,inf,full,both,inf,180.0,0.01,0.0,0.0,256,20,3,0.5,0.1,0.99,10.0,256,20,0,512,0,5.0,5.5,290.345910828661,3938.444869963863,0.0,0.0,0.0,
lqr,mppi_lqr,300.0,1800.0,0.1,0.125,5.0,6.25,10.0,10.0,10,100.0,inf,full,both,inf,180.0,0.01,0.0,0.0,256,20,3,0.5,0.1,0.99,10.0,256,20,0,512,0,5.0,6.25,290.3195929488218,5212.998441122706,0.0,0.0,0.0,
lqr,mppi_lqr,300.0,1800.0,0.1,0.125,5.0,7.5,10.0,10.0,10,100.0,inf,full,both,inf,180.0,0.01,0.0,0.0,256,20,3,0.5,0.1,0.99,10.0,256,20,0,512,0,5.0,7.5,290.18377363115417,7199.146521808843,0.0,0.0,0.0,
lqr,mppi_lqr,300.0,1800.0,0.1,0.125,5.0,10.0,10.0,10.0,10,100.0,inf,full,both,inf,180.0,0.01,0.0,0.0,256,20,3,0.5,0.1,0.99,10.0,256,20,0,512,0,5.0,10.0,290.1990557205609,10338.739908453754,0.0,0.0,0.0,
lqr,mppi_lqr,300.0,1800.0,0.1,0.125,5.0,inf,10.0,10.0,10,100.0,inf,full,both,inf,180.0,0.01,0.0,0.0,256,20,3,0.5,0.1,0.99,10.0,256,20,0,512,0,5.0,21.48024906189116,290.19903420364574,15958.578430289544,0.0,0.0,0.0,
lqr,mppi_lqr,300.0,1800.0,0.1,0.15,5.0,1.25,10.0,10.0,10,100.0,inf,full,both,inf,180.0,0.01,0.0,0.0,256,20,3,0.5,0.1,0.99,10.0,256,20,0,512,512,3.670553072050606,1.25,9.284882796952092,9.284882796952092,0.0,0.0,1.0,590.0
lqr,mppi_lqr,300.0,1800.0,0.1,0.15,5.0,2.5,10.0,10.0,10,100.0,inf,full,both,inf,180.0,0.01,0.0,0.0,256,20,3,0.5,0.1,0.99,10.0,256,20,0,512,234,4.995515721104858,2.5,13.674598699811932,530.2159567570473,0.0,0.0,0.45703125,710.0
lqr,mppi_lqr,300.0,1800.0,0.1,0.15,5.0,3.75,10.0,10.0,10,100.0,inf,full,both,inf,180.0,0.01,0.0,0.0,256,20,3,0.5,0.1,0.99,10.0,256,20,0,512,0,5.0,3.75,233.94031536855,1410.0839655649331,0.0,0.0,0.0,
lqr,mppi_lqr,300.0,1800.0,0.1,0.15,5.0,4.5,10.0,10.0,10,100.0,inf,full,both,inf,180.0,0.01,0.0,0.0,256,20,3,0.5,0.1,0.99,10.0,256,20,0,512,0,5.0,4.5,291.85130362486336,2275.5945997178,0.0,0.0,0.0,
lqr,mppi_lqr,300.0,1800.0,0.1,0.15,5.0,5.0,10.0,10.0,10,100.0,inf,full,both,inf,180.0,0.01,0.0,0.0,256,20,3,0.5,0.1,0.99,10.0,256,20,0,512,0,5.0,5.0,294.51763779732653,3150.304446856432,0.0,0.0,0.0,
lqr,mppi_lqr,300.0,1800.0,0.1,0.15,5.0,5.5,10.0,10.0,10,100.0,inf,full,both,inf,180.0,0.01,0.0,0.0,256,20,3,0.5,0.1,0.99,10.0,256,20,0,512,0,5.0,5.5,294.58502465222347,4067.784829236654,0.0,0.0,0.0,
lqr,mppi_lqr,300.0,1800.0,0.1,0.15,5.0,6.25,10.0,10.0,10,100.0,inf,full,both,inf,180.0,0.01,0.0,0.0,256,20,3,0.5,0.1,0.99,10.0,256,20,0,512,0,5.0,6.25,294.53274676490577,5404.66061658872,0.0,0.0,0.0,
lqr,mppi_lqr,300.0,1800.0,0.1,0.15,5.0,7.5,10.0,10.0,10,100.0,inf,full,both,inf,180.0,0.01,0.0,0.0,256,20,3,0.5,0.1,0.99,10.0,256,20,0,512,0,5.0,7.5,294.08898167414566,7533.450344607892,0.0,0.0,0.0,
lqr,mppi_lqr,300.0,1800.0,0.1,0.15,5.0,10.0,10.0,10.0,10,100.0,inf,full,both,inf,180.0,0.01,0.0,0.0,256,20,3,0.5,0.1,0.99,10.0,256,20,0,512,0,5.0,10.0,294.0399986810475,11155.653476957144,0.0,0.0,0.0,
lqr,mppi_lqr,300.0,1800.0,0.1,0.15,5.0,inf,10.0,10.0,10,100.0,inf,full,both,inf,180.0,0.01,0.0,0.0,256,20,3,0.5,0.1,0.99,10.0,256,20,0,512,0,5.0,25.761523787092635,294.04003503430937,20113.79654093374,0.0,0.0,0.0,
lqr,mppi_lqr,300.0,1800.0,0.1,0.2,5.0,1.25,10.0,10.0,10,100.0,inf,full,both,inf,180.0,0.01,0.0,0.0,256,20,3,0.5,0.1,0.99,10.0,256,20,0,512,512,3.764759388925643,1.25,9.281738340865417,9.281738340865417,0.0,0.0,1.0,600.0
lqr,mppi_lqr,300.0,1800.0,0.1,0.2,5.0,2.5,10.0,10.0,10,100.0,inf,full,both,inf,180.0,0.01,0.0,0.0,256,20,3,0.5,0.1,0.99,10.0,256,20,0,512,144,5.0,2.5,17.48635622182883,892.8789754453315,0.0,0.0,0.28125,700.0
lqr,mppi_lqr,300.0,1800.0,0.1,0.2,5.0,3.75,10.0,10.0,10,100.0,inf,full,both,inf,180.0,0.01,0.0,0.0,256,20,3,0.5,0.1,0.99,10.0,256,20,0,512,0,5.0,3.75,251.5256888410917,1548.095813301683,0.0,0.0,0.0,
lqr,mppi_lqr,300.0,1800.0,0.1,0.2,5.0,4.5,10.0,10.0,10,100.0,inf,full,both,inf,180.0,0.01,0.0,0.0,256,20,3,0.5,0.1,0.99,10.0,256,20,0,512,0,5.0,4.5,292.47054240290845,2481.8698787310555,0.0,0.0,0.0,
lqr,mppi_lqr,300.0,1800.0,0.1,0.2,5.0,5.0,10.0,10.0,10,100.0,inf,full,both,inf,180.0,0.01,0.0,0.0,256,20,3,0.5,0.1,0.99,10.0,256,20,0,512,0,5.0,5.0,294.7315631287295,3386.2221083273294,0.0,0.0,0.0,
lqr,mppi_lqr,300.0,1800.0,0.1,0.2,5.0,5.5,10.0,10.0,10,100.0,inf,full,both,inf,180.0,0.01,0.0,0.0,256,20,3,0.5,0.1,0.99,10.0,256,20,0,512,0,5.0,5.5,295.16416919316845,4347.126691610175,0.0,0.0,0.0,
lqr,mppi_lqr,300.0,1800.0,0.1,0.2,5.0,6.25,10.0,10.0,10,100.0,inf,full,both,inf,180.0,0.01,0.0,0.0,256,20,3,0.5,0.1,0.99,10.0,256,20,0,512,0,5.0,6.25,293.58654806662616,5752.959565123459,0.0,0.0,0.0,
lqr,mppi_lqr,300.0,1800.0,0.1,0.2,5.0,7.5,10.0,10.0,10,100.0,inf,full,both,inf,180.0,0.01,0.0,0.0,256,20,3,0.5,0.1,0.99,10.0,256,20,0,512,0,5.0,7.5,293.1948051412133,8109.839147283797,0.0,0.0,0.0,
lqr,mppi_lqr,300.0,1800.0,0.1,0.2,5.0,10.0,10.0,10.0,10,100.0,inf,full,both,inf,180.0,0.01,0.0,0.0,256,20,3,0.5,0.1,0.99,10.0,256,20,0,512,0,5.0,10.0,293.56421690132896,12227.74249561006,0.0,0.0,0.0,
lqr,mppi_lqr,300.0,1800.0,0.1,0.2,5.0,inf,10.0,10.0,10,100.0,inf,full,both,inf,180.0,0.01,0.0,0.0,256,20,3,0.5,0.1,0.99,10.0,256,20,0,512,0,5.0,34.332641361659306,293.5448846223337,28621.81368669878,0.0,0.0,0.0,
lqr,random,300.0,1800.0,0.1,0.025,5.0,1.25,10.0,10.0,10,100.0,inf,full,both,inf,180.0,0.01,0.0,0.0,256,20,3,0.5,0.1,0.99,10.0,256,20,0,512,512,2.2511240610206147,0.8549179184209388,9.307119229119431,9.307119229119431,0.0,0.0,1.0,450.0
lqr,random,300.0,1800.0,0.1,0.025,5.0,2.5,10.0,10.0,10,100.0,inf,full,both,inf,180.0,0.01,0.0,0.0,256,20,3,0.5,0.1,0.99,10.0,256,20,0,512,512,2.2511240610206147,0.8549179184209388,9.307119229119431,9.307119229119431,0.0,0.0,1.0,450.0
lqr,random,300.0,1800.0,0.1,0.025,5.0,3.75,10.0,10.0,10,100.0,inf,full,both,inf,180.0,0.01,0.0,0.0,256,20,3,0.5,0.1,0.99,10.0,256,20,0,512,512,2.2511240610206147,0.8549179184209388,9.307119229119431,9.307119229119431,0.0,0.0,1.0,450.0
lqr,random,300.0,1800.0,0.1,0.025,5.0,4.5,10.0,10.0,10,100.0,inf,full,both,inf,180.0,0.01,0.0,0.0,256,20,3,0.5,0.1,0.99,10.0,256,20,0,512,512,2.2511240610206147,0.8549179184209388,9.307119229119431,9.307119229119431,0.0,0.0,1.0,450.0
lqr,random,300.0,1800.0,0.1,0.025,5.0,5.0,10.0,10.0,10,100.0,inf,full,both,inf,180.0,0.01,0.0,0.0,256,20,3,0.5,0.1,0.99,10.0,256,20,0,512,512,2.2511240610206147,0.8549179184209388,9.307119229119431,9.307119229119431,0.0,0.0,1.0,450.0
lqr,random,300.0,1800.0,0.1,0.025,5.0,5.5,10.0,10.0,10,100.0,inf,full,both,inf,180.0,0.01,0.0,0.0,256,20,3,0.5,0.1,0.99,10.0,256,20,0,512,512,2.2511240610206147,0.8549179184209388,9.307119229119431,9.307119229119431,0.0,0.0,1.0,450.0
lqr,random,300.0,1800.0,0.1,0.025,5.0,6.25,10.0,10.0,10,100.0,inf,full,both,inf,180.0,0.01,0.0,0.0,256,20,3,0.5,0.1,0.99,10.0,256,20,0,512,512,2.2511240610206147,0.8549179184209388,9.307119229119431,9.307119229119431,0.0,0.0,1.0,450.0
lqr,random,300.0,1800.0,0.1,0.025,5.0,7.5,10.0,10.0,10,100.0,inf,full,both,inf,180.0,0.01,0.0,0.0,256,20,3,0.5,0.1,0.99,10.0,256,20,0,512,512,2.2511240610206147,0.8549179184209388,9.307119229119431,9.307119229119431,0.0,0.0,1.0,450.0
lqr,random,300.0,1800.0,0.1,0.025,5.0,10.0,10.0,10.0,10,100.0,inf,full,both,inf,180.0,0.01,0.0,0.0,256,20,3,0.5,0.1,0.99,10.0,256,20,0,512,512,2.2511240610206147,0.8549179184209388,9.307119229119431,9.307119229119431,0.0,0.0,1.0,450.0
lqr,random,300.0,1800.0,0.1,0.025,5.0,inf,10.0,10.0,10,100.0,inf,full,both,inf,180.0,0.01,0.0,0.0,256,20,3,0.5,0.1,0.99,10.0,256,20,0,512,512,2.2511240610206147,0.8549179184209388,9.307119229119431,9.307119229119431,0.0,0.0,1.0,450.0
lqr,random,300.0,1800.0,0.1,0.05,5.0,1.25,10.0,10.0,10,100.0,inf,full,both,inf,180.0,0.01,0.0,0.0,256,20,3,0.5,0.1,0.99,10.0,256,20,0,512,512,2.2916152345551977,1.25,9.367095441660643,9.367095441660643,0.0,0.0,1.0,460.0
lqr,random,300.0,1800.0,0.1,0.05,5.0,2.5,10.0,10.0,10,100.0,inf,full,both,inf,180.0,0.01,0.0,0.0,256,20,3,0.5,0.1,0.99,10.0,256,20,0,512,512,2.3443418427706035,1.7967136124372622,9.388594346029825,9.388594346029825,0.0,0.0,1.0,460.0
lqr,random,300.0,1800.0,0.1,0.05,5.0,3.75,10.0,10.0,10,100.0,inf,full,both,inf,180.0,0.01,0.0,0.0,256,20,3,0.5,0.1,0.99,10.0,256,20,0,512,512,2.3447534854978955,1.801947511895132,9.388338251034718,9.388338251034718,0.0,0.0,1.0,460.0
lqr,random,300.0,1800.0,0.1,0.05,5.0,4.5,10.0,10.0,10,100.0,inf,full,both,inf,180.0,0.01,0.0,0.0,256,20,3,0.5,0.1,0.99,10.0,256,20,0,512,512,2.3447534854978955,1.801947511895132,9.388338251034718,9.388338251034718,0.0,0.0,1.0,460.0
lqr,random,300.0,1800.0,0.1,0.05,5.0,5.0,10.0,10.0,10,100.0,inf,full,both,inf,180.0,0.01,0.0,0.0,256,20,3,0.5,0.1,0.99,10.0,256,20,0,512,512,2.3447534854978955,1.801947511895132,9.388338251034718,9.388338251034718,0.0,0.0,1.0,460.0
lqr,random,300.0,1800.0,0.1,0.05,5.0,5.5,10.0,10.0,10,100.0,inf,full,both,inf,180.0,0.01,0.0,0.0,256,20,3,0.5,0.1,0.99,10.0,256,20,0,512,512,2.3447534854978955,1.801947511895132,9.388338251034718,9.388338251034718,0.0,0.0,1.0,460.0
lqr,random,300.0,1800.0,0.1,0.05,5.0,6.25,10.0,10.0,10,100.0,inf,full,both,inf,180.0,0.01,0.0,0.0,256,20,3,0.5,0.1,0.99,10.0,256,20,0,512,512,2.3447534854978955,1.801947511895132,9.388338251034718,9.388338251034718,0.0,0.0,1.0,460.0
lqr,random,300.0,1800.0,0.1,0.05,5.0,7.5,10.0,10.0,10,100.0,inf,full,both,inf,180.0,0.01,0.0,0.0,256,20,3,0.5,0.1,0.99,10.0,256,20,0,512,512,2.3447534854978955,1.801947511895132,9.388338251034718,9.388338251034718,0.0,0.0,1.0,460.0
lqr,random,300.0,1800.0,0.1,0.05,5.0,10.0,10.0,10.0,10,100.0,inf,full,both,inf,180.0,0.01,0.0,0.0,256,20,3,0.5,0.1,0.99,10.0,256,20,0,512,512,2.3447534854978955,1.801947511895132,9.388338251034718,9.388338251034718,0.0,0.0,1.0,460.0
lqr,random,300.0,1800.0,0.1,0.05,5.0,inf,10.0,10.0,10,100.0,inf,full,both,inf,180.0,0.01,0.0,0.0,256,20,3,0.5,0.1,0.99,10.0,256,20,0,512,512,2.3447534854978955,1.801947511895132,9.388338251034718,9.388338251034718,0.0,0.0,1.0,460.0
lqr,random,300.0,1800.0,0.1,0.075,5.0,1.25,10.0,10.0,10,100.0,inf,full,both,inf,180.0,0.01,0.0,0.0,256,20,3,0.5,0.1,0.99,10.0,256,20,0,512,512,2.3108075437118902,1.25,9.320356474633758,9.320356474633758,0.0,0.0,1.0,460.0
lqr,random,300.0,1800.0,0.1,0.075,5.0,2.5,10.0,10.0,10,100.0,inf,full,both,inf,180.0,0.01,0.0,0.0,256,20,3,0.5,0.1,0.99,10.0,256,20,0,512,512,2.447419157621255,2.4672318993517623,9.4779401234116,9.478239363140254,0.0,0.0,1.0,480.0
lqr,random,300.0,1800.0,0.1,0.075,5.0,3.75,10.0,10.0,10,100.0,inf,full,both,inf,180.0,0.01,0.0,0.0,256,20,3,0.5,0.1,0.99,10.0,256,20,0,512,512,2.545460360105509,2.922757593207859,9.43797856592103,9.438472661692536,0.0,0.0,1.0,490.0
lqr,random,300.0,1800.0,0.1,0.075,5.0,4.5,10.0,10.0,10,100.0,inf,full,both,inf,180.0,0.01,0.0,0.0,256,20,3,0.5,0.1,0.99,10.0,256,20,0,512,512,2.5663036437162026,3.008662130522426,9.424284733297476,9.424778829068982,0.0,0.0,1.0,490.0
lqr,random,300.0,1800.0,0.1,0.075,5.0,5.0,10.0,10.0,10,100.0,inf,full,both,inf,180.0,0.01,0.0,0.0,256,20,3,0.5,0.1,0.99,10.0,256,20,0,512,512,2.571150340842467,3.036345106474585,9.4212656859822,9.421759781753703,0.0,0.0,1.0,490.0
lqr,random,300.0,1800.0,0.1,0.075,5.0,5.5,10.0,10.0,10,100.0,inf,full,both,inf,180.0,0.01,0.0,0.0,256,20,3,0.5,0.1,0.99,10.0,256,20,0,512,512,2.575159597462609,3.0510331842508864,9.413686075438902,9.414180171210406,0.0,0.0,1.0,490.0
lqr,random,300.0,1800.0,0.1,0.075,5.0,6.25,10.0,10.0,10,100.0,inf,full,both,inf,180.0,0.01,0.0,0.0,256,20,3,0.5,0.1,0.99,10.0,256,20,0,512,512,2.5788462186709937,3.0641827912299906,9.414424156859864,9.41491825263137,0.0,0.0,1.0,490.0
lqr,random,300.0,1800.0,0.1,0.075,5.0,7.5,10.0,10.0,10,100.0,inf,full,both,inf,180.0,0.01,0.0,0.0,256,20,3,0.5,0.1,0.99,10.0,256,20,0,512,512,2.5813976424705527,3.074483662417741,9.411121087837596,9.4116151836091,0.0,0.0,1.0,490.0
lqr,random,300.0,1800.0,0.1,0.075,5.0,10.0,10.0,10.0,10,100.0,inf,full,both,inf,180.0,0.01,0.0,0.0,256,20,3,0.5,0.1,0.99,10.0,256,20,0,512,512,2.5822219436534435,3.0767183743031628,9.41185476773992,9.412348863511426,0.0,0.0,1.0,490.0
lqr,random,300.0,1800.0,0.1,0.075,5.0,inf,10.0,10.0,10,100.0,inf,full,both,inf,180.0,0.01,0.0,0.0,256,20,3,0.5,0.1,0.99,10.0,256,20,0,512,512,2.5822219436534435,3.0767183743031628,9.41185476773992,9.412348863511426,0.0,0.0,1.0,490.0
lqr,random,300.0,1800.0,0.1,0.09,5.0,1.25,10.0,10.0,10,100.0,inf,full,both,inf,180.0,0.01,0.0,0.0,256,20,3,0.5,0.1,0.99,10.0,256,20,0,512,512,2.325291684020101,1.25,9.351068125801351,9.351068125801351,0.0,0.0,1.0,460.0
lqr,random,300.0,1800.0,0.1,0.09,5.0,2.5,10.0,10.0,10,100.0,inf,full,both,inf,180.0,0.01,0.0,0.0,256,20,3,0.5,0.1,0.99,10.0,256,20,0,512,512,2.46630922846294,2.499736042338482,9.476298814055683,9.476348443534215,0.0,0.0,1.0,490.0
lqr,random,300.0,1800.0,0.1,0.09,5.0,3.75,10.0,10.0,10,100.0,inf,full,both,inf,180.0,0.01,0.0,0.0,256,20,3,0.5,0.1,0.99,10.0,256,20,0,512,512,2.6426137198836748,3.413328363605952,9.42730112871908,9.427428611125295,0.0,0.0,1.0,520.0
lqr,random,300.0,1800.0,0.1,0.09,5.0,4.5,10.0,10.0,10,100.0,inf,full,both,inf,180.0,0.01,0.0,0.0,256,20,3,0.5,0.1,0.99,10.0,256,20,0,512,512,2.707647842512488,3.669932302343616,9.395674212935258,9.395801695341476,0.0,0.0,1.0,520.0
lqr,random,300.0,1800.0,0.1,0.09,5.0,5.0,10.0,10.0,10,100.0,inf,full,both,inf,180.0,0.01,0.0,0.0,256,20,3,0.5,0.1,0.99,10.0,256,20,0,512,512,2.736263487396852,3.779291958462907,9.375189483576827,9.375316965983044,0.0,0.0,1.0,520.0
lqr,random,300.0,1800.0,0.1,0.09,5.0,5.5,10.0,10.0,10,100.0,inf,full,both,inf,180.0,0.01,0.0,0.0,256,20,3,0.5,0.1,0.99,10.0,256,20,0,512,512,2.754641039088733,3.85490105224729,9.363058705761876,9.363186188168092,0.0,0.0,1.0,520.0
lqr,random,300.0,1800.0,0.1,0.09,5.0,6.25,10.0,10.0,10,100.0,inf,full,both,inf,180.0,0.01,0.0,0.0,256,20,3,0.5,0.1,0.99,10.0,256,20,0,512,512,2.771414469285505,3.928214128332242,9.353150798690285,9.3532782810965,0.0,0.0,1.0,520.0
lqr,random,300.0,1800.0,0.1,0.09,5.0,7.5,10.0,10.0,10,100.0,inf,full,both,inf,180.0,0.01,0.0,0.0,256,20,3,0.5,0.1,0.99,10.0,256,20,0,512,512,2.7877483101835847,3.984928514078876,9.34206313496057,9.342190617366787,0.0,0.0,1.0,520.0
lqr,random,300.0,1800.0,0.1,0.09,5.0,10.0,10.0,10.0,10,100.0,inf,full,both,inf,180.0,0.01,0.0,0.0,256,20,3,0.5,0.1,0.99,10.0,256,20,0,512,510,2.7977086268885745,4.033188712924316,9.349169465896258,9.644776382976202,0.0,0.0,0.99609375,520.0
lqr,random,300.0,1800.0,0.1,0.09,5.0,inf,10.0,10.0,10,100.0,inf,full,both,inf,180.0,0.01,0.0,0.0,256,20,3,0.5,0.1,0.99,10.0,256,20,0,512,510,2.797666411816756,4.041291288114015,9.347818101447762,9.771611497848289,0.0,0.0,0.99609375,520.0
lqr,random,300.0,1800.0,0.1,0.1,5.0,1.25,10.0,10.0,10,100.0,inf,full,both,inf,180.0,0.01,0.0,0.0,256,20,3,0.5,0.1,0.99,10.0,256,20,0,512,512,2.331593587259478,1.25,9.323326029265976,9.323326029265976,0.0,0.0,1.0,460.0
lqr,random,300.0,1800.0,0.1,0.1,5.0,2.5,10.0,10.0,10,100.0,inf,full,both,inf,180.0,0.01,0.0,0.0,256,20,3,0.5,0.1,0.99,10.0,256,20,0,512,512,2.4693991964083035,2.5,9.455872755052724,9.455872755052724,0.0,0.0,1.0,480.0
lqr,random,300.0,1800.0,0.1,0.1,5.0,3.75,10.0,10.0,10,100.0,inf,full,both,inf,180.0,0.01,0.0,0.0,256,20,3,0.5,0.1,0.99,10.0,256,20,0,512,512,2.6794322971608127,3.595924000810932,9.47608050126276,9.476083007423377,0.0,0.0,1.0,550.0
lqr,random,300.0,1800.0,0.1,0.1,5.0,4.5,10.0,10.0,10,100.0,inf,full,both,inf,180.0,0.01,0.0,0.0,256,20,3,0.5,0.1,0.99,10.0,256,20,0,512,512,2.778676537242332,3.985949181047369,9.452591576473104,9.452840381250782,0.0,0.0,1.0,550.0
lqr,random,300.0,1800.0,0.1,0.1,5.0,5.0,10.0,10.0,10,100.0,inf,full,both,inf,180.0,0.01,0.0,0.0,256,20,3,0.5,0.1,0.99,10.0,256,20,0,512,512,2.8316564287222072,4.180554878757102,9.429778073956092,9.43002687873377,0.0,0.0,1.0,550.0
lqr,random,300.0,1800.0,0.1,0.1,5.0,5.5,10.0,10.0,10,100.0,inf,full,both,inf,180.0,0.01,0.0,0.0,256,20,3,0.5,0.1,0.99,10.0,256,20,0,512,512,2.87083331647557,4.328625598942161,9.409864067087032,9.41011287186471,0.0,0.0,1.0,550.0
lqr,random,300.0,1800.0,0.1,0.1,5.0,6.25,10.0,10.0,10,100.0,inf,full,both,inf,180.0,0.01,0.0,0.0,256,20,3,0.5,0.1,0.99,10.0,256,20,0,512,512,2.9093850060600244,4.481376198261916,9.404619555328926,9.404868360106605,0.0,0.0,1.0,550.0
lqr,random,300.0,1800.0,0.1,0.1,5.0,7.5,10.0,10.0,10,100.0,inf,full,both,inf,180.0,0.01,0.0,0.0,256,20,3,0.5,0.1,0.99,10.0,256,20,0,512,512,2.9411693731309865,4.619541115516809,9.375143852044037,9.375395785400846,0.0,0.0,1.0,550.0
lqr,random,300.0,1800.0,0.1,0.1,5.0,10.0,10.0,10.0,10,100.0,inf,full,both,inf,180.0,0.01,0.0,0.0,256,20,3,0.5,0.1,0.99,10.0,256,20,0,512,504,2.969188553329809,4.732980665042719,9.39182624466126,10.796822266883218,0.0,0.0,0.984375,550.0
lqr,random,300.0,1800.0,0.1,0.1,5.0,inf,10.0,10.0,10,100.0,inf,full,both,inf,180.0,0.01,0.0,0.0,256,20,3,0.5,0.1,0.99,10.0,256,20,0,512,502,2.969426528576507,4.806146500460277,9.39205143369028,11.621717678541666,0.0,0.0,0.98046875,550.0
lqr,random,300.0,1800.0,0.1,0.11,5.0,1.25,10.0,10.0,10,100.0,inf,full,both,inf,180.0,0.01,0.0,0.0,256,20,3,0.5,0.1,0.99,10.0,256,20,0,512,512,2.339462764014778,1.25,9.325600009222777,9.325600009222777,0.0,0.0,1.0,460.0
lqr,random,300.0,1800.0,0.1,0.11,5.0,2.5,10.0,10.0,10,100.0,inf,full,both,inf,180.0,0.01,0.0,0.0,256,20,3,0.5,0.1,0.99,10.0,256,20,0,512,512,2.4785795649306435,2.5,9.439152031726604,9.439152031726604,0.0,0.0,1.0,480.0
lqr,random,300.0,1800.0,0.1,0.11,5.0,3.75,10.0,10.0,10,100.0,inf,full,both,inf,180.0,0.01,0.0,0.0,256,20,3,0.5,0.1,0.99,10.0,256,20,0,512,512,2.697611046325884,3.689618278560349,9.53438000287609,9.534498632954271,0.0,0.0,1.0,560.0
lqr,random,300.0,1800.0,0.1,0.11,5.0,4.5,10.0,10.0,10,100.0,inf,full,both,inf,180.0,0.01,0.0,0.0,256,20,3,0.5,0.1,0.99,10.0,256,20,0,512,512,2.8255898485878204,4.207302399672353,9.46140040576555,9.461519035843734,0.0,0.0,1.0,590.0
lqr,random,300.0,1800.0,0.1,0.11,5.0,5.0,10.0,10.0,10,100.0,inf,full,both,inf,180.0,0.01,0.0,0.0,256,20,3,0.5,0.1,0.99,10.0,256,20,0,512,512,2.89721019891128,4.471088736354346,9.43003730760512,9.4301559376833,0.0,0.0,1.0,590.0
lqr,random,300.0,1800.0,0.1,0.11,5.0,5.5,10.0,10.0,10,100.0,inf,full,both,inf,180.0,0.01,0.0,0.0,256,20,3,0.5,0.1,0.99,10.0,256,20,0,512,512,2.9599316961449142,4.695050459372757,9.400859168980183,9.400977799058367,0.0,0.0,1.0,590.0
lqr,random,300.0,1800.0,0.1,0.11,5.0,6.25,10.0,10.0,10,100.0,inf,full,both,inf,180.0,0.01,0.0,0.0,256,20,3,0.5,0.1,0.99,10.0,256,20,0,512,512,3.0315911150137214,4.960866406206421,9.376525944425248,9.376644574503432,0.0,0.0,1.0,590.0
lqr,random,300.0,1800.0,0.1,0.11,5.0,7.5,10.0,10.0,10,100.0,inf,full,both,inf,180.0,0.01,0.0,0.0,256,20,3,0.5,0.1,0.99,10.0,256,20,0,512,512,3.1006141155622973,5.237612248024544,9.3475770802377,9.347697825090972,0.0,0.0,1.0,590.0
lqr,random,300.0,1800.0,0.1,0.11,5.0,10.0,10.0,10.0,10,100.0,inf,full,both,inf,180.0,0.01,0.0,0.0,256,20,3,0.5,0.1,0.99,10.0,256,20,0,512,499,3.1641956891355782,5.494862903209395,9.406907989131051,12.62761545412764,0.0,0.0,0.974609375,580.0
lqr,random,300.0,1800.0,0.1,0.11,5.0,inf,10.0,10.0,10,100.0,inf,full,both,inf,180.0,0.01,0.0,0.0,256,20,3,0.5,0.1,0.99,10.0,256,20,0,512,490,3.167653238734499,5.720622673172333,9.42798205208765,18.4539252835562,0.0,0.0,0.95703125,575.0
lqr,random,300.0,1800.0,0.1,0.125,5.0,1.25,10.0,10.0,10,100.0,inf,full,both,inf,180.0,0.01,0.0,0.0,256,20,3,0.5,0.1,0.99,10.0,256,20,0,512,512,2.340759062394697,1.25,9.34462114427077,9.34462114427077,0.0,0.0,1.0,460.0
lqr,random,300.0,1800.0,0.1,0.125,5.0,2.5,10.0,10.0,10,100.0,inf,full,both,inf,180.0,0.01,0.0,0.0,256,20,3,0.5,0.1,0.99,10.0,256,20,0,512,512,2.4912109145841157,2.5,9.427674815322613,9.427674815322613,0.0,0.0,1.0,470.0
lqr,random,300.0,1800.0,0.1,0.125,5.0,3.75,10.0,10.0,10,100.0,inf,full,both,inf,180.0,0.01,0.0,0.0,256,20,3,0.5,0.1,0.99,10.0,256,20,0,512,512,2.7122974217511704,3.739321979515218,9.528148127052004,9.528170241233555,0.0,0.0,1.0,550.0
lqr,random,300.0,1800.0,0.1,0.125,5.0,4.5,10.0,10.0,10,100.0,inf,full,both,inf,180.0,0.01,0.0,0.0,256,20,3,0.5,0.1,0.99,10.0,256,20,0,512,512,2.8628114694817937,4.386716837050881,9.498341503138532,9.498451014336258,0.0,0.0,1.0,600.0
lqr,random,300.0,1800.0,0.1,0.125,5.0,5.0,10.0,10.0,10,100.0,inf,full,both,inf,180.0,0.01,0.0,0.0,256,20,3,0.5,0.1,0.99,10.0,256,20,0,512,512,2.951181040906052,4.74223667393403,9.475132577060704,9.475289016321408,0.0,0.0,1.0,630.0
lqr,random,300.0,1800.0,0.1,0.125,5.0,5.5,10.0,10.0,10,100.0,inf,full,both,inf,180.0,0.01,0.0,0.0,256,20,3,0.5,0.1,0.99,10.0,256,20,0,512,512,3.0349969238384054,5.0456413019768105,9.441858165913068,9.442149375019657,0.0,0.0,1.0,640.0
lqr,random,300.0,1800.0,0.1,0.125,5.0,6.25,10.0,10.0,10,100.0,inf,full,both,inf,180.0,0.01,0.0,0.0,256,20,3,0.5,0.1,0.99,10.0,256,20,0,512,512,3.147620027330972,5.434891094855759,9.425030544861174,9.425269025696728,0.0,0.0,1.0,630.0
lqr,random,300.0,1800.0,0.1,0.125,5.0,7.5,10.0,10.0,10,100.0,inf,full,both,inf,180.0,0.01,0.0,0.0,256,20,3,0.5,0.1,0.99,10.0,256,20,0,512,512,3.2899916226875154,5.940812627432309,9.383743162185016,9.38421274285876,0.0,0.0,1.0,630.0
lqr,random,300.0,1800.0,0.1,0.125,5.0,10.0,10.0,10.0,10,100.0,inf,full,both,inf,180.0,0.01,0.0,0.0,256,20,3,0.5,0.1,0.99,10.0,256,20,0,512,487,3.435561534856415,6.528842207251834,9.52763791930647,16.83433343027492,0.0,0.0,0.951171875,620.0
lqr,random,300.0,1800.0,0.1,0.125,5.0,inf,10.0,10.0,10,100.0,inf,full,both,inf,180.0,0.01,0.0,0.0,256,20,3,0.5,0.1,0.99,10.0,256,20,0,512,454,3.4567000573834177,7.350993165598551,9.650234753259902,42.05964963737207,0.0,0.0,0.88671875,590.0
lqr,random,300.0,1800.0,0.1,0.15,5.0,1.25,10.0,10.0,10,100.0,inf,full,both,inf,180.0,0.01,0.0,0.0,256,20,3,0.5,0.1,0.99,10.0,256,20,0,512,512,2.34571729242975,1.25,9.318083539765288,9.318083539765288,0.0,0.0,1.0,460.0
lqr,random,300.0,1800.0,0.1,0.15,5.0,2.5,10.0,10.0,10,100.0,inf,full,both,inf,180.0,0.01,0.0,0.0,256,20,3,0.5,0.1,0.99,10.0,256,20,0,512,512,2.5164002000769847,2.5,9.382417756618931,9.382417756618931,0.0,0.0,1.0,470.0
lqr,random,300.0,1800.0,0.1,0.15,5.0,3.75,10.0,10.0,10,100.0,inf,full,both,inf,180.0,0.01,0.0,0.0,256,20,3,0.5,0.1,0.99,10.0,256,20,0,512,512,2.730042025869016,3.749874502517216,9.497210132442024,9.497210132442024,0.0,0.0,1.0,520.0
lqr,random,300.0,1800.0,0.1,0.15,5.0,4.5,10.0,10.0,10,100.0,inf,full,both,inf,180.0,0.01,0.0,0.0,256,20,3,0.5,0.1,0.99,10.0,256,20,0,512,512,2.8866811607891143,4.486566707546044,9.538940514117368,9.539220599582112,0.0,0.0,1.0,580.0
lqr,random,300.0,1800.0,0.1,0.15,5.0,5.0,10.0,10.0,10,100.0,inf,full,both,inf,180.0,0.01,0.0,0.0,256,20,3,0.5,0.1,0.99,10.0,256,20,0,512,512,2.9942553031740693,4.945429990212979,9.50124986156681,9.50161116471225,0.0,0.0,1.0,620.0
lqr,random,300.0,1800.0,0.1,0.15,5.0,5.5,10.0,10.0,10,100.0,inf,full,both,inf,180.0,0.01,0.0,0.0,256,20,3,0.5,0.1,0.99,10.0,256,20,0,512,512,3.1014926923048622,5.360187410365626,9.49104713159109,9.491456412313015,0.0,0.0,1.0,640.0
lqr,random,300.0,1800.0,0.1,0.15,5.0,6.25,10.0,10.0,10,100.0,inf,full,both,inf,180.0,0.01,0.0,0.0,256,20,3,0.5,0.1,0.99,10.0,256,20,0,512,512,3.256764907938538,5.921450360326676,9.446881005763112,9.447454923350591,0.0,0.0,1.0,700.0
lqr,random,300.0,1800.0,0.1,0.15,5.0,7.5,10.0,10.0,10,100.0,inf,full,both,inf,180.0,0.01,0.0,0.0,256,20,3,0.5,0.1,0.99,10.0,256,20,0,512,511,3.493949047762979,6.712631725815257,9.417025528373909,9.71960811277376,0.0,0.0,0.998046875,760.0
lqr,random,300.0,1800.0,0.1,0.15,5.0,10.0,10.0,10.0,10,100.0,inf,full,both,inf,180.0,0.01,0.0,0.0,256,20,3,0.5,0.1,0.99,10.0,256,20,0,512,466,3.811951080865695,7.909473114893487,9.795626311219271,26.53583023327126,0.0,0.0,0.91015625,710.0
lqr,random,300.0,1800.0,0.1,0.15,5.0,inf,10.0,10.0,10,100.0,inf,full,both,inf,180.0,0.01,0.0,0.0,256,20,3,0.5,0.1,0.99,10.0,256,20,0,512,380,3.89221894018874,10.716808925737766,10.339637607532008,129.28064741013588,0.0,0.0,0.7421875,610.0
lqr,random,300.0,1800.0,0.1,0.2,5.0,1.25,10.0,10.0,10,100.0,inf,full,both,inf,180.0,0.01,0.0,0.0,256,20,3,0.5,0.1,0.99,10.0,256,20,0,512,512,2.36064961232168,1.25,9.351061437520803,9.351061437520803,0.0,0.0,1.0,460.0
lqr,random,300.0,1800.0,0.1,0.2,5.0,2.5,10.0,10.0,10,100.0,inf,full,both,inf,180.0,0.01,0.0,0.0,256,20,3,0.5,0.1,0.99,10.0,256,20,0,512,512,2.565524724278745,2.5,9.319824331409636,9.319824331409636,0.0,0.0,1.0,470.0
lqr,random,300.0,1800.0,0.1,0.2,5.0,3.75,10.0,10.0,10,100.0,inf,full,both,inf,180.0,0.01,0.0,0.0,256,20,3,0.5,0.1,0.99,10.0,256,20,0,512,512,2.7740281849924746,3.75,9.40026135077122,9.40026135077122,0.0,0.0,1.0,490.0
lqr,random,300.0,1800.0,0.1,0.2,5.0,4.5,10.0,10.0,10,100.0,inf,full,both,inf,180.0,0.01,0.0,0.0,256,20,3,0.5,0.1,0.99,10.0,256,20,0,512,512,2.9344698823143363,4.499854194811283,9.511930893769508,9.514134455790598,0.0,0.0,1.0,530.0
lqr,random,300.0,1800.0,0.1,0.2,5.0,5.0,10.0,10.0,10,100.0,inf,full,both,inf,180.0,0.01,0.0,0.0,256,20,3,0.5,0.1,0.99,10.0,256,20,0,512,512,3.0406121279055824,4.997088492907121,9.533606723862697,9.535810285883787,0.0,0.0,1.0,560.0
lqr,random,300.0,1800.0,0.1,0.2,5.0,5.5,10.0,10.0,10,100.0,inf,full,both,inf,180.0,0.01,0.0,0.0,256,20,3,0.5,0.1,0.99,10.0,256,20,0,512,512,3.1624519358340737,5.492125538659997,9.549825254906846,9.55202881692794,0.0,0.0,1.0,590.0
lqr,random,300.0,1800.0,0.1,0.2,5.0,6.25,10.0,10.0,10,100.0,inf,full,both,inf,180.0,0.01,0.0,0.0,256,20,3,0.5,0.1,0.99,10.0,256,20,0,512,512,3.334941190758021,6.226269847532754,9.560660844263396,9.563033630846936,0.0,0.0,1.0,635.0
lqr,random,300.0,1800.0,0.1,0.2,5.0,7.5,10.0,10.0,10,100.0,inf,full,both,inf,180.0,0.01,0.0,0.0,256,20,3,0.5,0.1,0.99,10.0,256,20,0,512,510,3.660338869952327,7.365058620679149,9.557698795957048,10.593462536541718,0.0,0.0,0.99609375,710.0
lqr,random,300.0,1800.0,0.1,0.2,5.0,10.0,10.0,10.0,10,100.0,inf,full,both,inf,180.0,0.01,0.0,0.0,256,20,3,0.5,0.1,0.99,10.0,256,20,0,512,446,4.23575828586693,9.387150354256011,10.744712894493912,45.64369775760947,0.0,0.0,0.87109375,840.0
lqr,random,300.0,1800.0,0.1,0.2,5.0,inf,10.0,10.0,10,100.0,inf,full,both,inf,180.0,0.01,0.0,0.0,256,20,3,0.5,0.1,0.99,10.0,256,20,0,512,210,4.505348920317946,19.74915344802495,13.790665834476563,528.6448445371975,0.0,0.0,0.41015625,595.0
lqr,transverse,300.0,1800.0,0.1,0.025,5.0,1.25,10.0,10.0,10,100.0,inf,full,both,inf,180.0,0.01,0.0,0.0,256,20,3,0.5,0.1,0.99,10.0,256,20,0,512,512,2.9703150086147034,1.25,9.715498949494611,9.715498949494611,0.0,0.0,1.0,670.0
lqr,transverse,300.0,1800.0,0.1,0.025,5.0,2.5,10.0,10.0,10,100.0,inf,full,both,inf,180.0,0.01,0.0,0.0,256,20,3,0.5,0.1,0.99,10.0,256,20,0,512,512,4.437277283016427,2.5,9.908046290760918,9.908046290760922,0.0,0.0,1.0,1140.0
lqr,transverse,300.0,1800.0,0.1,0.025,5.0,3.75,10.0,10.0,10,100.0,inf,full,both,inf,180.0,0.01,0.0,0.0,256,20,3,0.5,0.1,0.99,10.0,256,20,0,512,0,5.0,3.75,15.0745591164484,258.3567444965876,0.0,0.0,0.0,
lqr,transverse,300.0,1800.0,0.1,0.025,5.0,4.5,10.0,10.0,10,100.0,inf,full,both,inf,180.0,0.01,0.0,0.0,256,20,3,0.5,0.1,0.99,10.0,256,20,0,512,0,5.0,4.4999999999999964,15.0745591164484,291.0437990385134,0.0,0.0,0.0,
lqr,transverse,300.0,1800.0,0.1,0.025,5.0,5.0,10.0,10.0,10,100.0,inf,full,both,inf,180.0,0.01,0.0,0.0,256,20,3,0.5,0.1,0.99,10.0,256,20,0,512,0,5.0,4.4999999999999964,15.0745591164484,291.0437990385134,0.0,0.0,0.0,
lqr,transverse,300.0,1800.0,0.1,0.025,5.0,5.5,10.0,10.0,10,100.0,inf,full,both,inf,180.0,0.01,0.0,0.0,256,20,3,0.5,0.1,0.99,10.0,256,20,0,512,0,5.0,4.4999999999999964,15.0745591164484,291.0437990385134,0.0,0.0,0.0,
lqr,transverse,300.0,1800.0,0.1,0.025,5.0,6.25,10.0,10.0,10,100.0,inf,full,both,inf,180.0,0.01,0.0,0.0,256,20,3,0.5,0.1,0.99,10.0,256,20,0,512,0,5.0,4.4999999999999964,15.0745591164484,291.0437990385134,0.0,0.0,0.0,
lqr,transverse,300.0,1800.0,0.1,0.025,5.0,7.5,10.0,10.0,10,100.0,inf,full,both,inf,180.0,0.01,0.0,0.0,256,20,3,0.5,0.1,0.99,10.0,256,20,0,512,0,5.0,4.4999999999999964,15.0745591164484,291.0437990385134,0.0,0.0,0.0,
lqr,transverse,300.0,1800.0,0.1,0.025,5.0,10.0,10.0,10.0,10,100.0,inf,full,both,inf,180.0,0.01,0.0,0.0,256,20,3,0.5,0.1,0.99,10.0,256,20,0,512,0,5.0,4.4999999999999964,15.0745591164484,291.0437990385134,0.0,0.0,0.0,
lqr,transverse,300.0,1800.0,0.1,0.025,5.0,inf,10.0,10.0,10,100.0,inf,full,both,inf,180.0,0.01,0.0,0.0,256,20,3,0.5,0.1,0.99,10.0,256,20,0,512,0,5.0,4.4999999999999964,15.0745591164484,291.0437990385134,0.0,0.0,0.0,
lqr,transverse,300.0,1800.0,0.1,0.05,5.0,1.25,10.0,10.0,10,100.0,inf,full,both,inf,180.0,0.01,0.0,0.0,256,20,3,0.5,0.1,0.99,10.0,256,20,0,512,512,2.816838428707631,1.25,9.461532123734171,9.461532123734171,0.0,0.0,1.0,490.0
lqr,transverse,300.0,1800.0,0.1,0.05,5.0,2.5,10.0,10.0,10,100.0,inf,full,both,inf,180.0,0.01,0.0,0.0,256,20,3,0.5,0.1,0.99,10.0,256,20,0,512,512,4.236172274986808,2.5,9.55709523998021,9.557095239980208,0.0,0.0,1.0,750.0
lqr,transverse,300.0,1800.0,0.1,0.05,5.0,3.75,10.0,10.0,10,100.0,inf,full,both,inf,180.0,0.01,0.0,0.0,256,20,3,0.5,0.1,0.99,10.0,256,20,0,512,0,5.0,3.75,31.15843725135837,691.6238091655315,0.0,0.0,0.0,
lqr,transverse,300.0,1800.0,0.1,0.05,5.0,4.5,10.0,10.0,10,100.0,inf,full,both,inf,180.0,0.01,0.0,0.0,256,20,3,0.5,0.1,0.99,10.0,256,20,0,512,0,5.0,4.5,31.158452006954565,1198.193272570033,0.0,0.0,0.0,
lqr,transverse,300.0,1800.0,0.1,0.05,5.0,5.0,10.0,10.0,10,100.0,inf,full,both,inf,180.0,0.01,0.0,0.0,256,20,3,0.5,0.1,0.99,10.0,256,20,0,512,0,5.0,5.0,31.158452006954565,1396.5644743930095,0.0,0.0,0.0,
lqr,transverse,300.0,1800.0,0.1,0.05,5.0,5.5,10.0,10.0,10,100.0,inf,full,both,inf,180.0,0.01,0.0,0.0,256,20,3,0.5,0.1,0.99,10.0,256,20,0,512,0,5.0,5.5,31.158452006954565,1553.566575051958,0.0,0.0,0.0,
lqr,transverse,300.0,1800.0,0.1,0.05,5.0,6.25,10.0,10.0,10,100.0,inf,full,both,inf,180.0,0.01,0.0,0.0,256,20,3,0.5,0.1,0.99,10.0,256,20,0,512,0,5.0,6.25,31.158452006954565,1732.1262464996912,0.0,0.0,0.0,
lqr,transverse,300.0,1800.0,0.1,0.05,5.0,7.5,10.0,10.0,10,100.0,inf,full,both,inf,180.0,0.01,0.0,0.0,256,20,3,0.5,0.1,0.99,10.0,256,20,0,512,0,5.0,7.5,31.158452006954565,1897.550732537828,0.0,0.0,0.0,
lqr,transverse,300.0,1800.0,0.1,0.05,5.0,10.0,10.0,10.0,10,100.0,inf,full,both,inf,180.0,0.01,0.0,0.0,256,20,3,0.5,0.1,0.99,10.0,256,20,0,512,0,5.0,8.999999999999993,31.158452006954565,1937.5632583547963,0.0,0.0,0.0,
lqr,transverse,300.0,1800.0,0.1,0.05,5.0,inf,10.0,10.0,10,100.0,inf,full,both,inf,180.0,0.01,0.0,0.0,256,20,3,0.5,0.1,0.99,10.0,256,20,0,512,0,5.0,8.999999999999993,31.158452006954565,1937.5632583547963,0.0,0.0,0.0,
lqr,transverse,300.0,1800.0,0.1,0.075,5.0,1.25,10.0,10.0,10,100.0,inf,full,both,inf,180.0,0.01,0.0,0.0,256,20,3,0.5,0.1,0.99,10.0,256,20,0,512,512,2.833037841987249,1.25,9.19273859157066,9.19273859157066,0.0,0.0,1.0,460.0
lqr,transverse,300.0,1800.0,0.1,0.075,5.0,2.5,10.0,10.0,10,100.0,inf,full,both,inf,180.0,0.01,0.0,0.0,256,20,3,0.5,0.1,0.99,10.0,256,20,0,512,512,4.201005338047981,2.5,9.47901851826167,9.47901851826168,0.0,0.0,1.0,650.0
lqr,transverse,300.0,1800.0,0.1,0.075,5.0,3.75,10.0,10.0,10,100.0,inf,full,both,inf,180.0,0.01,0.0,0.0,256,20,3,0.5,0.1,0.99,10.0,256,20,0,512,4,4.999998874440926,3.75,57.682258464825445,635.0518654915176,0.0,0.0,0.0078125,775.0
lqr,transverse,300.0,1800.0,0.1,0.075,5.0,4.5,10.0,10.0,10,100.0,inf,full,both,inf,180.0,0.01,0.0,0.0,256,20,3,0.5,0.1,0.99,10.0,256,20,0,512,0,5.0,4.5,58.622308925391415,1677.9099820835236,0.0,0.0,0.0,
lqr,transverse,300.0,1800.0,0.1,0.075,5.0,5.0,10.0,10.0,10,100.0,inf,full,both,inf,180.0,0.01,0.0,0.0,256,20,3,0.5,0.1,0.99,10.0,256,20,0,512,0,5.0,5.0,58.622308925391415,2117.399314795652,0.0,0.0,0.0,
lqr,transverse,300.0,1800.0,0.1,0.075,5.0,5.5,10.0,10.0,10,100.0,inf,full,both,inf,180.0,0.01,0.0,0.0,256,20,3,0.5,0.1,0.99,10.0,256,20,0,512,0,5.0,5.5,58.622308925391415,2448.154357422469,0.0,0.0,0.0,
lqr,transverse,300.0,1800.0,0.1,0.075,5.0,6.25,10.0,10.0,10,100.0,inf,full,both,inf,180.0,0.01,0.0,0.0,256,20,3,0.5,0.1,0.99,10.0,256,20,0,512,0,5.0,6.25,58.622308925391415,2851.8460898949006,0.0,0.0,0.0,
lqr,transverse,300.0,1800.0,0.1,0.075,5.0,7.5,10.0,10.0,10,100.0,inf,full,both,inf,180.0,0.01,0.0,0.0,256,20,3,0.5,0.1,0.99,10.0,256,20,0,512,0,5.0,7.5,58.622308925391415,3368.254394384644,0.0,0.0,0.0,
lqr,transverse,300.0,1800.0,0.1,0.075,5.0,10.0,10.0,10.0,10,100.0,inf,full,both,inf,180.0,0.01,0.0,0.0,256,20,3,0.5,0.1,0.99,10.0,256,20,0,512,0,5.0,10.0,58.622308925391415,3941.3043189261034,0.0,0.0,0.0,
lqr,transverse,300.0,1800.0,0.1,0.075,5.0,inf,10.0,10.0,10,100.0,inf,full,both,inf,180.0,0.01,0.0,0.0,256,20,3,0.5,0.1,0.99,10.0,256,20,0,512,0,5.0,13.49999999999996,58.622308925391415,4105.7963715687965,0.0,0.0,0.0,
lqr,transverse,300.0,1800.0,0.1,0.09,5.0,1.25,10.0,10.0,10,100.0,inf,full,both,inf,180.0,0.01,0.0,0.0,256,20,3,0.5,0.1,0.99,10.0,256,20,0,512,512,2.821591204303466,1.25,9.27423172798545,9.274231727985452,0.0,0.0,1.0,460.0
lqr,transverse,300.0,1800.0,0.1,0.09,5.0,2.5,10.0,10.0,10,100.0,inf,full,both,inf,180.0,0.01,0.0,0.0,256,20,3,0.5,0.1,0.99,10.0,256,20,0,512,512,4.3002339899451325,2.5,9.458049466977434,9.458049466977432,0.0,0.0,1.0,660.0
lqr,transverse,300.0,1800.0,0.1,0.09,5.0,3.75,10.0,10.0,10,100.0,inf,full,both,inf,180.0,0.01,0.0,0.0,256,20,3,0.5,0.1,0.99,10.0,256,20,0,512,15,4.999353388720005,3.75,84.28349317635865,538.9184771504059,0.0,0.0,0.029296875,730.0
lqr,transverse,300.0,1800.0,0.1,0.09,5.0,4.5,10.0,10.0,10,100.0,inf,full,both,inf,180.0,0.01,0.0,0.0,256,20,3,0.5,0.1,0.99,10.0,256,20,0,512,0,5.0,4.5,87.4548110859791,1599.93889219035,0.0,0.0,0.0,
lqr,transverse,300.0,1800.0,0.1,0.09,5.0,5.0,10.0,10.0,10,100.0,inf,full,both,inf,180.0,0.01,0.0,0.0,256,20,3,0.5,0.1,0.99,10.0,256,20,0,512,0,5.0,5.0,87.4548110859791,2268.3557292251867,0.0,0.0,0.0,
lqr,transverse,300.0,1800.0,0.1,0.09,5.0,5.5,10.0,10.0,10,100.0,inf,full,both,inf,180.0,0.01,0.0,0.0,256,20,3,0.5,0.1,0.99,10.0,256,20,0,512,0,5.0,5.5,87.4548110859791,2794.395483717577,0.0,0.0,0.0,
lqr,transverse,300.0,1800.0,0.1,0.09,5.0,6.25,10.0,10.0,10,100.0,inf,full,both,inf,180.0,0.01,0.0,0.0,256,20,3,0.5,0.1,0.99,10.0,256,20,0,512,0,5.0,6.25,87.4548110859791,3375.243818126591,0.0,0.0,0.0,
lqr,transverse,300.0,1800.0,0.1,0.09,5.0,7.5,10.0,10.0,10,100.0,inf,full,both,inf,180.0,0.01,0.0,0.0,256,20,3,0.5,0.1,0.99,10.0,256,20,0,512,0,5.0,7.5,87.4548110859791,4068.7490190342382,0.0,0.0,0.0,
lqr,transverse,300.0,1800.0,0.1,0.09,5.0,10.0,10.0,10.0,10,100.0,inf,full,both,inf,180.0,0.01,0.0,0.0,256,20,3,0.5,0.1,0.99,10.0,256,20,0,512,0,5.0,10.0,87.4548110859791,4963.173826819774,0.0,0.0,0.0,
lqr,transverse,300.0,1800.0,0.1,0.09,5.0,inf,10.0,10.0,10,100.0,inf,full,both,inf,180.0,0.01,0.0,0.0,256,20,3,0.5,0.1,0.99,10.0,256,20,0,512,0,5.0,16.19999999999998,87.4548110859791,5537.801290035215,0.0,0.0,0.0,
lqr,transverse,300.0,1800.0,0.1,0.1,5.0,1.25,10.0,10.0,10,100.0,inf,full,both,inf,180.0,0.01,0.0,0.0,256,20,3,0.5,0.1,0.99,10.0,256,20,0,512,512,2.8080532597482795,1.25,9.258618536044716,9.258618536044716,0.0,0.0,1.0,470.0
lqr,transverse,300.0,1800.0,0.1,0.1,5.0,2.5,10.0,10.0,10,100.0,inf,full,both,inf,180.0,0.01,0.0,0.0,256,20,3,0.5,0.1,0.99,10.0,256,20,0,512,512,4.390579915562975,2.5,9.386110471731394,9.386110471731383,0.0,0.0,1.0,680.0
lqr,transverse,300.0,1800.0,0.1,0.1,5.0,3.75,10.0,10.0,10,100.0,inf,full,both,inf,180.0,0.01,0.0,0.0,256,20,3,0.5,0.1,0.99,10.0,256,20,0,512,20,4.998534664230763,3.75,105.44739350143443,532.1582552567837,0.0,0.0,0.0390625,720.0
lqr,transverse,300.0,1800.0,0.1,0.1,5.0,4.5,10.0,10.0,10,100.0,inf,full,both,inf,180.0,0.01,0.0,0.0,256,20,3,0.5,0.1,0.99,10.0,256,20,0,512,0,5.0,4.5,110.37558840328334,1525.4603717988866,0.0,0.0,0.0,
lqr,transverse,300.0,1800.0,0.1,0.1,5.0,5.0,10.0,10.0,10,100.0,inf,full,both,inf,180.0,0.01,0.0,0.0,256,20,3,0.5,0.1,0.99,10.0,256,20,0,512,0,5.0,5.0,110.37875117039836,2227.64546967494,0.0,0.0,0.0,
lqr,transverse,300.0,1800.0,0.1,0.1,5.0,5.5,10.0,10.0,10,100.0,inf,full,both,inf,180.0,0.01,0.0,0.0,256,20,3,0.5,0.1,0.99,10.0,256,20,0,512,0,5.0,5.5,110.37875117039836,2862.5261661455074,0.0,0.0,0.0,
lqr,transverse,300.0,1800.0,0.1,0.1,5.0,6.25,10.0,10.0,10,100.0,inf,full,both,inf,180.0,0.01,0.0,0.0,256,20,3,0.5,0.1,0.99,10.0,256,20,0,512,0,5.0,6.25,110.37875117039836,3611.07638740811,0.0,0.0,0.0,
lqr,transverse,300.0,1800.0,0.1,0.1,5.0,7.5,10.0,10.0,10,100.0,inf,full,both,inf,180.0,0.01,0.0,0.0,256,20,3,0.5,0.1,0.99,10.0,256,20,0,512,0,5.0,7.5,110.37875117039836,4468.076230214851,0.0,0.0,0.0,
lqr,transverse,300.0,1800.0,0.1,0.1,5.0,10.0,10.0,10.0,10,100.0,inf,full,both,inf,180.0,0.01,0.0,0.0,256,20,3,0.5,0.1,0.99,10.0,256,20,0,512,0,5.0,10.0,110.37875117039836,5533.070058149675,0.0,0.0,0.0,
lqr,transverse,300.0,1800.0,0.1,0.1,5.0,inf,10.0,10.0,10,100.0,inf,full,both,inf,180.0,0.01,0.0,0.0,256,20,3,0.5,0.1,0.99,10.0,256,20,0,512,0,5.0,17.999999999999986,110.37875117039836,6468.141512241558,0.0,0.0,0.0,
lqr,transverse,300.0,1800.0,0.1,0.11,5.0,1.25,10.0,10.0,10,100.0,inf,full,both,inf,180.0,0.01,0.0,0.0,256,20,3,0.5,0.1,0.99,10.0,256,20,0,512,512,2.796299389730409,1.25,9.28257232943334,9.28257232943334,0.0,0.0,1.0,470.0
lqr,transverse,300.0,1800.0,0.1,0.11,5.0,2.5,10.0,10.0,10,100.0,inf,full,both,inf,180.0,0.01,0.0,0.0,256,20,3,0.5,0.1,0.99,10.0,256,20,0,512,512,4.447939542416197,2.5,9.466445198194812,9.46644519819482,0.0,0.0,1.0,680.0
lqr,transverse,300.0,1800.0,0.1,0.11,5.0,3.75,10.0,10.0,10,100.0,inf,full,both,inf,180.0,0.01,0.0,0.0,256,20,3,0.5,0.1,0.99,10.0,256,20,0,512,22,4.99783978947441,3.75,124.60401772141658,522.8979681697886,0.0,0.0,0.04296875,720.0
lqr,transverse,300.0,1800.0,0.1,0.11,5.0,4.5,10.0,10.0,10,100.0,inf,full,both,inf,180.0,0.01,0.0,0.0,256,20,3,0.5,0.1,0.99,10.0,256,20,0,512,0,5.0,4.5,131.12328230568914,1479.8091869230743,0.0,0.0,0.0,
lqr,transverse,300.0,1800.0,0.1,0.11,5.0,5.0,10.0,10.0,10,100.0,inf,full,both,inf,180.0,0.01,0.0,0.0,256,20,3,0.5,0.1,0.99,10.0,256,20,0,512,0,5.0,5.0,131.27630992569684,2170.047092265344,0.0,0.0,0.0,
lqr,transverse,300.0,1800.0,0.1,0.11,5.0,5.5,10.0,10.0,10,100.0,inf,full,both,inf,180.0,0.01,0.0,0.0,256,20,3,0.5,0.1,0.99,10.0,256,20,0,512,0,5.0,5.5,131.27630992569684,2839.573052120893,0.0,0.0,0.0,
lqr,transverse,300.0,1800.0,0.1,0.11,5.0,6.25,10.0,10.0,10,100.0,inf,full,both,inf,180.0,0.01,0.0,0.0,256,20,3,0.5,0.1,0.99,10.0,256,20,0,512,0,5.0,6.25,131.27630992569684,3720.830904755821,0.0,0.0,0.0,
lqr,transverse,300.0,1800.0,0.1,0.11,5.0,7.5,10.0,10.0,10,100.0,inf,full,both,inf,180.0,0.01,0.0,0.0,256,20,3,0.5,0.1,0.99,10.0,256,20,0,512,0,5.0,7.5,131.27630992569684,4782.306451542271,0.0,0.0,0.0,
lqr,transverse,300.0,1800.0,0.1,0.11,5.0,10.0,10.0,10.0,10,100.0,inf,full,both,inf,180.0,0.01,0.0,0.0,256,20,3,0.5,0.1,0.99,10.0,256,20,0,512,0,5.0,10.0,131.27630992569684,6044.697486970779,0.0,0.0,0.0,
lqr,transverse,300.0,1800.0,0.1,0.11,5.0,inf,10.0,10.0,10,100.0,inf,full,both,inf,180.0,0.01,0.0,0.0,256,20,3,0.5,0.1,0.99,10.0,256,20,0,512,0,5.0,19.79999999999995,131.27630992569684,7381.84527087542,0.0,0.0,0.0,
lqr,transverse,300.0,1800.0,0.1,0.125,5.0,1.25,10.0,10.0,10,100.0,inf,full,both,inf,180.0,0.01,0.0,0.0,256,20,3,0.5,0.1,0.99,10.0,256,20,0,512,512,2.7851984059967347,1.25,9.278696811088668,9.278696811088668,0.0,0.0,1.0,470.0
lqr,transverse,300.0,1800.0,0.1,0.125,5.0,2.5,10.0,10.0,10,100.0,inf,full,both,inf,180.0,0.01,0.0,0.0,256,20,3,0.5,0.1,0.99,10.0,256,20,0,512,512,4.504613109568071,2.5,9.35937419750295,9.359374197502948,0.0,0.0,1.0,690.0
lqr,transverse,300.0,1800.0,0.1,0.125,5.0,3.75,10.0,10.0,10,100.0,inf,full,both,inf,180.0,0.01,0.0,0.0,256,20,3,0.5,0.1,0.99,10.0,256,20,0,512,23,4.996821014104143,3.75,148.92258505048292,508.2481247121191,0.0,0.0,0.044921875,710.0
lqr,transverse,300.0,1800.0,0.1,0.125,5.0,4.5,10.0,10.0,10,100.0,inf,full,both,inf,180.0,0.01,0.0,0.0,256,20,3,0.5,0.1,0.99,10.0,256,20,0,512,0,5.0,4.5,157.26923091276362,1426.9815616416993,0.0,0.0,0.0,
lqr,transverse,300.0,1800.0,0.1,0.125,5.0,5.0,10.0,10.0,10,100.0,inf,full,both,inf,180.0,0.01,0.0,0.0,256,20,3,0.5,0.1,0.99,10.0,256,20,0,512,0,5.0,5.0,158.41662186331703,2115.880548523457,0.0,0.0,0.0,
lqr,transverse,300.0,1800.0,0.1,0.125,5.0,5.5,10.0,10.0,10,100.0,inf,full,both,inf,180.0,0.01,0.0,0.0,256,20,3,0.5,0.1,0.99,10.0,256,20,0,512,0,5.0,5.5,158.41662186331703,2787.3684027699783,0.0,0.0,0.0,
lqr,transverse,300.0,1800.0,0.1,0.125,5.0,6.25,10.0,10.0,10,100.0,inf,full,both,inf,180.0,0.01,0.0,0.0,256,20,3,0.5,0.1,0.99,10.0,256,20,0,512,0,5.0,6.25,158.41662186331703,3742.696398350409,0.0,0.0,0.0,
lqr,transverse,300.0,1800.0,0.1,0.125,5.0,7.5,10.0,10.0,10,100.0,inf,full,both,inf,180.0,0.01,0.0,0.0,256,20,3,0.5,0.1,0.99,10.0,256,20,0,512,0,5.0,7.5,158.41662186331703,5069.141095579314,0.0,0.0,0.0,
lqr,transverse,300.0,1800.0,0.1,0.125,5.0,10.0,10.0,10.0,10,100.0,inf,full,both,inf,180.0,0.01,0.0,0.0,256,20,3,0.5,0.1,0.99,10.0,256,20,0,512,0,5.0,10.0,158.41662186331703,6709.175169151484,0.0,0.0,0.0,
lqr,transverse,300.0,1800.0,0.1,0.125,5.0,inf,10.0,10.0,10,100.0,inf,full,both,inf,180.0,0.01,0.0,0.0,256,20,3,0.5,0.1,0.99,10.0,256,20,0,512,0,5.0,22.5,158.41662186331703,8743.964468064814,0.0,0.0,0.0,
lqr,transverse,300.0,1800.0,0.1,0.15,5.0,1.25,10.0,10.0,10,100.0,inf,full,both,inf,180.0,0.01,0.0,0.0,256,20,3,0.5,0.1,0.99,10.0,256,20,0,512,512,2.773408017469676,1.25,9.255714345019742,9.25571434501974,0.0,0.0,1.0,480.0
lqr,transverse,300.0,1800.0,0.1,0.15,5.0,2.5,10.0,10.0,10,100.0,inf,full,both,inf,180.0,0.01,0.0,0.0,256,20,3,0.5,0.1,0.99,10.0,256,20,0,512,512,4.549585786144533,2.5,9.354132562747576,9.354132562747578,0.0,0.0,1.0,690.0
lqr,transverse,300.0,1800.0,0.1,0.15,5.0,3.75,10.0,10.0,10,100.0,inf,full,both,inf,180.0,0.01,0.0,0.0,256,20,3,0.5,0.1,0.99,10.0,256,20,0,512,24,4.99494955388025,3.75,177.96919562448758,505.59803082564383,0.0,0.0,0.046875,710.0
lqr,transverse,300.0,1800.0,0.1,0.15,5.0,4.5,10.0,10.0,10,100.0,inf,full,both,inf,180.0,0.01,0.0,0.0,256,20,3,0.5,0.1,0.99,10.0,256,20,0,512,2,5.0,4.5,189.8704283871466,1348.8674557290278,0.0,0.0,0.00390625,715.0
lqr,transverse,300.0,1800.0,0.1,0.15,5.0,5.0,10.0,10.0,10,100.0,inf,full,both,inf,180.0,0.01,0.0,0.0,256,20,3,0.5,0.1,0.99,10.0,256,20,0,512,0,5.0,5.0,192.65324286003303,2049.1541751715954,0.0,0.0,0.0,
lqr,transverse,300.0,1800.0,0.1,0.15,5.0,5.5,10.0,10.0,10,100.0,inf,full,both,inf,180.0,0.01,0.0,0.0,256,20,3,0.5,0.1,0.99,10.0,256,20,0,512,0,5.0,5.5,193.1490724542274,2737.2475952451346,0.0,0.0,0.0,
lqr,transverse,300.0,1800.0,0.1,0.15,5.0,6.25,10.0,10.0,10,100.0,inf,full,both,inf,180.0,0.01,0.0,0.0,256,20,3,0.5,0.1,0.99,10.0,256,20,0,512,0,5.0,6.25,193.1490724542274,3721.401835643568,0.0,0.0,0.0,
lqr,transverse,300.0,1800.0,0.1,0.15,5.0,7.5,10.0,10.0,10,100.0,inf,full,both,inf,180.0,0.01,0.0,0.0,256,20,3,0.5,0.1,0.99,10.0,256,20,0,512,0,5.0,7.5,193.1490724542274,5228.7067362093785,0.0,0.0,0.0,
lqr,transverse,300.0,1800.0,0.1,0.15,5.0,10.0,10.0,10.0,10,100.0,inf,full,both,inf,180.0,0.01,0.0,0.0,256,20,3,0.5,0.1,0.99,10.0,256,20,0,512,0,5.0,10.0,193.1490724542274,7493.984719696376,0.0,0.0,0.0,
lqr,transverse,300.0,1800.0,0.1,0.15,5.0,inf,10.0,10.0,10,100.0,inf,full,both,inf,180.0,0.01,0.0,0.0,256,20,3,0.5,0.1,0.99,10.0,256,20,0,512,0,5.0,26.99999999999992,193.1490724542274,11003.587671864869,0.0,0.0,0.0,
lqr,transverse,300.0,1800.0,0.1,0.2,5.0,1.25,10.0,10.0,10,100.0,inf,full,both,inf,180.0,0.01,0.0,0.0,256,20,3,0.5,0.1,0.99,10.0,256,20,0,512,512,2.764381339390724,1.25,9.294501143087698,9.294501143087698,0.0,0.0,1.0,480.0
lqr,transverse,300.0,1800.0,0.1,0.2,5.0,2.5,10.0,10.0,10,100.0,inf,full,both,inf,180.0,0.01,0.0,0.0,256,20,3,0.5,0.1,0.99,10.0,256,20,0,512,512,4.599497475038382,2.5,9.338557615897791,9.338557615897782,0.0,0.0,1.0,690.0
lqr,transverse,300.0,1800.0,0.1,0.2,5.0,3.75,10.0,10.0,10,100.0,inf,full,both,inf,180.0,0.01,0.0,0.0,256,20,3,0.5,0.1,0.99,10.0,256,20,0,512,22,4.994186928809062,3.75,192.48671122195427,599.4185716137246,0.0,0.0,0.04296875,705.0
lqr,transverse,300.0,1800.0,0.1,0.2,5.0,4.5,10.0,10.0,10,100.0,inf,full,both,inf,180.0,0.01,0.0,0.0,256,20,3,0.5,0.1,0.99,10.0,256,20,0,512,3,4.9997646517148455,4.5,228.4390234024618,1249.1998625102217,0.0,0.0,0.005859375,700.0
lqr,transverse,300.0,1800.0,0.1,0.2,5.0,5.0,10.0,10.0,10,100.0,inf,full,both,inf,180.0,0.01,0.0,0.0,256,20,3,0.5,0.1,0.99,10.0,256,20,0,512,1,5.0,5.0,233.2372419803994,1994.8831244477965,0.0,0.0,0.001953125,700.0
lqr,transverse,300.0,1800.0,0.1,0.2,5.0,5.5,10.0,10.0,10,100.0,inf,full,both,inf,180.0,0.01,0.0,0.0,256,20,3,0.5,0.1,0.99,10.0,256,20,0,512,0,5.0,5.5,235.1322053600023,2727.2995492669365,0.0,0.0,0.0,
lqr,transverse,300.0,1800.0,0.1,0.2,5.0,6.25,10.0,10.0,10,100.0,inf,full,both,inf,180.0,0.01,0.0,0.0,256,20,3,0.5,0.1,0.99,10.0,256,20,0,512,0,5.0,6.25,235.5671606522858,3773.2446122602328,0.0,0.0,0.0,
lqr,transverse,300.0,1800.0,0.1,0.2,5.0,7.5,10.0,10.0,10,100.0,inf,full,both,inf,180.0,0.01,0.0,0.0,256,20,3,0.5,0.1,0.99,10.0,256,20,0,512,0,5.0,7.5,235.5671606522858,5371.847463430301,0.0,0.0,0.0,
lqr,transverse,300.0,1800.0,0.1,0.2,5.0,10.0,10.0,10.0,10,100.0,inf,full,both,inf,180.0,0.01,0.0,0.0,256,20,3,0.5,0.1,0.99,10.0,256,20,0,512,0,5.0,10.0,235.5671606522858,8188.306197724238,0.0,0.0,0.0,
lqr,transverse,300.0,1800.0,0.1,0.2,5.0,inf,10.0,10.0,10,100.0,inf,full,both,inf,180.0,0.01,0.0,0.0,256,20,3,0.5,0.1,0.99,10.0,256,20,0,512,0,5.0,35.99999999999997,235.5671606522858,15520.88358243812,0.0,0.0,0.0,
mppi_flee,flee,300.0,1800.0,0.1,0.025,5.0,1.25,10.0,10.0,10,100.0,inf,full,both,inf,180.0,0.01,0.0,0.0,256,20,3,0.5,0.1,0.99,10.0,256,20,0,512,512,2.9071012919433947,0.8789550781250004,3.1648291961664543,4.403043891226462,0.0,0.0,1.0,350.0
mppi_flee,flee,300.0,1800.0,0.1,0.025,5.0,2.5,10.0,10.0,10,100.0,inf,full,both,inf,180.0,0.01,0.0,0.0,256,20,3,0.5,0.1,0.99,10.0,256,20,0,512,512,2.8994773191542933,0.8783691406250005,3.424428067267064,4.427192230390763,0.0,0.0,1.0,350.0
mppi_flee,flee,300.0,1800.0,0.1,0.025,5.0,3.75,10.0,10.0,10,100.0,inf,full,both,inf,180.0,0.01,0.0,0.0,256,20,3,0.5,0.1,0.99,10.0,256,20,0,512,512,2.899477319082408,0.8783691406250005,3.424428066702148,4.427192229051358,0.0,0.0,1.0,350.0
mppi_flee,flee,300.0,1800.0,0.1,0.025,5.0,4.5,10.0,10.0,10,100.0,inf,full,both,inf,180.0,0.01,0.0,0.0,256,20,3,0.5,0.1,0.99,10.0,256,20,0,512,512,2.899477319082408,0.8783691406250005,3.424428066702148,4.427192229051358,0.0,0.0,1.0,350.0
mppi_flee,flee,300.0,1800.0,0.1,0.025,5.0,5.0,10.0,10.0,10,100.0,inf,full,both,inf,180.0,0.01,0.0,0.0,256,20,3,0.5,0.1,0.99,10.0,256,20,0,512,512,2.899477319082408,0.8783691406250005,3.424428066702148,4.427192229051358,0.0,0.0,1.0,350.0
mppi_flee,flee,300.0,1800.0,0.1,0.025,5.0,5.5,10.0,10.0,10,100.0,inf,full,both,inf,180.0,0.01,0.0,0.0,256,20,3,0.5,0.1,0.99,10.0,256,20,0,512,512,2.899477319082408,0.8783691406250005,3.424428066702148,4.427192229051358,0.0,0.0,1.0,350.0
mppi_flee,flee,300.0,1800.0,0.1,0.025,5.0,6.25,10.0,10.0,10,100.0,inf,full,both,inf,180.0,0.01,0.0,0.0,256,20,3,0.5,0.1,0.99,10.0,256,20,0,512,512,2.899477319082408,0.8783691406250005,3.424428066702148,4.427192229051358,0.0,0.0,1.0,350.0
mppi_flee,flee,300.0,1800.0,0.1,0.025,5.0,7.5,10.0,10.0,10,100.0,inf,full,both,inf,180.0,0.01,0.0,0.0,256,20,3,0.5,0.1,0.99,10.0,256,20,0,512,512,2.899477319082408,0.8783691406250005,3.424428066702148,4.427192229051358,0.0,0.0,1.0,350.0
mppi_flee,flee,300.0,1800.0,0.1,0.025,5.0,10.0,10.0,10.0,10,100.0,inf,full,both,inf,180.0,0.01,0.0,0.0,256,20,3,0.5,0.1,0.99,10.0,256,20,0,512,512,2.899477319082408,0.8783691406250005,3.424428066702148,4.427192229051358,0.0,0.0,1.0,350.0
mppi_flee,flee,300.0,1800.0,0.1,0.025,5.0,inf,10.0,10.0,10,100.0,inf,full,both,inf,180.0,0.01,0.0,0.0,256,20,3,0.5,0.1,0.99,10.0,256,20,0,512,512,2.899477319082408,0.8783691406250005,3.424428066702148,4.427192229051358,0.0,0.0,1.0,350.0
mppi_flee,flee,300.0,1800.0,0.1,0.05,5.0,1.25,10.0,10.0,10,100.0,inf,full,both,inf,180.0,0.01,0.0,0.0,256,20,3,0.5,0.1,0.99,10.0,256,20,0,512,512,3.4864467401721333,1.25,3.2582737394071453,4.658846177273157,0.0,0.0,1.0,410.0
mppi_flee,flee,300.0,1800.0,0.1,0.05,5.0,2.5,10.0,10.0,10,100.0,inf,full,both,inf,180.0,0.01,0.0,0.0,256,20,3,0.5,0.1,0.99,10.0,256,20,0,512,512,3.936536137093957,2.2536132812500003,4.755278351910609,4.946009061800076,0.0,0.0,1.0,450.0
mppi_flee,flee,300.0,1800.0,0.1,0.05,5.0,3.75,10.0,10.0,10,100.0,inf,full,both,inf,180.0,0.01,0.0,0.0,256,20,3,0.5,0.1,0.99,10.0,256,20,0,512,512,3.913697132360219,2.25654296875,4.725294919243244,4.896458886242563,0.0,0.0,1.0,450.0
mppi_flee,flee,300.0,1800.0,0.1,0.05,5.0,4.5,10.0,10.0,10,100.0,inf,full,both,inf,180.0,0.01,0.0,0.0,256,20,3,0.5,0.1,0.99,10.0,256,20,0,512,512,3.914270282180704,2.25693359375,4.676811512585482,4.843500430249153,0.0,0.0,1.0,450.0
mppi_flee,flee,300.0,1800.0,0.1,0.05,5.0,5.0,10.0,10.0,10,100.0,inf,full,both,inf,180.0,0.01,0.0,0.0,256,20,3,0.5,0.1,0.99,10.0,256,20,0,512,512,3.9142767715075832,2.25693359375,4.677720718354048,4.844002157169046,0.0,0.0,1.0,450.0
mppi_flee,flee,300.0,1800.0,0.1,0.05,5.0,5.5,10.0,10.0,10,100.0,inf,full,both,inf,180.0,0.01,0.0,0.0,256,20,3,0.5,0.1,0.99,10.0,256,20,0,512,512,3.914276014101705,2.25693359375,4.677750818381648,4.844030108267591,0.0,0.0,1.0,450.0
mppi_flee,flee,300.0,1800.0,0.1,0.05,5.0,6.25,10.0,10.0,10,100.0,inf,full,both,inf,180.0,0.01,0.0,0.0,256,20,3,0.5,0.1,0.99,10.0,256,20,0,512,512,3.914276013224979,2.25693359375,4.677750841553125,4.844030131439068,0.0,0.0,1.0,450.0
mppi_flee,flee,300.0,1800.0,0.1,0.05,5.0,7.5,10.0,10.0,10,100.0,inf,full,both,inf,180.0,0.01,0.0,0.0,256,20,3,0.5,0.1,0.99,10.0,256,20,0,512,512,3.914276013224979,2.25693359375,4.677750841553125,4.844030131439068,0.0,0.0,1.0,450.0
mppi_flee,flee,300.0,1800.0,0.1,0.05,5.0,10.0,10.0,10.0,10,100.0,inf,full,both,inf,180.0,0.01,0.0,0.0,256,20,3,0.5,0.1,0.99,10.0,256,20,0,512,512,3.914276013224979,2.25693359375,4.677750841553125,4.844030131439068,0.0,0.0,1.0,450.0
mppi_flee,flee,300.0,1800.0,0.1,0.05,5.0,inf,10.0,10.0,10,100.0,inf,full,both,inf,180.0,0.01,0.0,0.0,256,20,3,0.5,0.1,0.99,10.0,256,20,0,512,512,3.914276013224979,2.25693359375,4.677750841553125,4.844030131439068,0.0,0.0,1.0,450.0
mppi_flee,flee,300.0,1800.0,0.1,0.075,5.0,1.25,10.0,10.0,10,100.0,inf,full,both,inf,180.0,0.01,0.0,0.0,256,20,3,0.5,0.1,0.99,10.0,256,20,0,512,512,3.667839733672473,1.25,3.4279826265301163,5.2228829703068085,0.0,0.0,1.0,440.0
mppi_flee,flee,300.0,1800.0,0.1,0.075,5.0,2.5,10.0,10.0,10,100.0,inf,full,both,inf,180.0,0.01,0.0,0.0,256,20,3,0.5,0.1,0.99,10.0,256,20,0,512,512,4.813606125365624,2.5,3.386022444936738,4.680098222808321,0.0,0.0,1.0,560.0
mppi_flee,flee,300.0,1800.0,0.1,0.075,5.0,3.75,10.0,10.0,10,100.0,inf,full,both,inf,180.0,0.01,0.0,0.0,256,20,3,0.5,0.1,0.99,10.0,256,20,0,512,511,5.0,3.75,6.034973689618147,6.209503900594217,0.0,0.0,0.998046875,690.0
mppi_flee,flee,300.0,1800.0,0.1,0.075,5.0,4.5,10.0,10.0,10,100.0,inf,full,both,inf,180.0,0.01,0.0,0.0,256,20,3,0.5,0.1,0.99,10.0,256,20,0,512,337,5.0,4.499853515625,45.94656409216657,86.42488950463911,0.0,0.0,0.658203125,870.0
mppi_flee,flee,300.0,1800.0,0.1,0.075,5.0,5.0,10.0,10.0,10,100.0,inf,full,both,inf,180.0,0.01,0.0,0.0,256,20,3,0.5,0.1,0.99,10.0,256,20,0,512,2,5.0,4.9986328125,100.22559384334316,503.2867389336007,0.0,0.0,0.00390625,620.0
mppi_flee,flee,300.0,1800.0,0.1,0.075,5.0,5.5,10.0,10.0,10,100.0,inf,full,both,inf,180.0,0.01,0.0,0.0,256,20,3,0.5,0.1,0.99,10.0,256,20,0,512,2,5.0,5.496533203125,100.16479450009945,1067.7805293271242,0.0,0.0,0.00390625,615.0
mppi_flee,flee,300.0,1800.0,0.1,0.075,5.0,6.25,10.0,10.0,10,100.0,inf,full,both,inf,180.0,0.01,0.0,0.0,256,20,3,0.5,0.1,0.99,10.0,256,20,0,512,2,5.0,6.243603515625,100.17339529229628,1843.0737328070568,0.0,0.0,0.00390625,615.0
mppi_flee,flee,300.0,1800.0,0.1,0.075,5.0,7.5,10.0,10.0,10,100.0,inf,full,both,inf,180.0,0.01,0.0,0.0,256,20,3,0.5,0.1,0.99,10.0,256,20,0,512,2,5.0,7.488720703125,100.17726025368052,2961.103227256156,0.0,0.0,0.00390625,615.0
mppi_flee,flee,300.0,1800.0,0.1,0.075,5.0,10.0,10.0,10.0,10,100.0,inf,full,both,inf,180.0,0.01,0.0,0.0,256,20,3,0.5,0.1,0.99,10.0,256,20,0,512,2,5.0,9.978955078125,100.17730342483463,4558.597523487472,0.0,0.0,0.00390625,615.0
mppi_flee,flee,300.0,1800.0,0.1,0.075,5.0,inf,10.0,10.0,10,100.0,inf,full,both,inf,180.0,0.01,0.0,0.0,256,20,3,0.5,0.1,0.99,10.0,256,20,0,512,2,5.0,13.465283203124962,100.17730342483463,5390.410479952347,0.0,0.0,0.00390625,615.0
mppi_flee,flee,300.0,1800.0,0.1,0.09,5.0,1.25,10.0,10.0,10,100.0,inf,full,both,inf,180.0,0.01,0.0,0.0,256,20,3,0.5,0.1,0.99,10.0,256,20,0,512,512,3.722733618873228,1.25,3.3644497283876933,5.272671624445268,0.0,0.0,1.0,440.0
mppi_flee,flee,300.0,1800.0,0.1,0.09,5.0,2.5,10.0,10.0,10,100.0,inf,full,both,inf,180.0,0.01,0.0,0.0,256,20,3,0.5,0.1,0.99,10.0,256,20,0,512,512,4.9511590176439215,2.5,3.13906130746474,5.00947206327305,0.0,0.0,1.0,590.0
mppi_flee,flee,300.0,1800.0,0.1,0.09,5.0,3.75,10.0,10.0,10,100.0,inf,full,both,inf,180.0,0.01,0.0,0.0,256,20,3,0.5,0.1,0.99,10.0,256,20,0,512,471,5.0,3.75,10.465403580708903,28.75219650522368,0.0,0.0,0.919921875,820.0
mppi_flee,flee,300.0,1800.0,0.1,0.09,5.0,4.5,10.0,10.0,10,100.0,inf,full,both,inf,180.0,0.01,0.0,0.0,256,20,3,0.5,0.1,0.99,10.0,256,20,0,512,117,5.0,4.5,124.50406081788891,324.75198319621825,0.0,0.0,0.228515625,1090.0
mppi_flee,flee,300.0,1800.0,0.1,0.09,5.0,5.0,10.0,10.0,10,100.0,inf,full,both,inf,180.0,0.01,0.0,0.0,256,20,3,0.5,0.1,0.99,10.0,256,20,0,512,0,5.0,5.0,276.83763627237084,787.4352249684192,0.0,0.0,0.0,
mppi_flee,flee,300.0,1800.0,0.1,0.09,5.0,5.5,10.0,10.0,10,100.0,inf,full,both,inf,180.0,0.01,0.0,0.0,256,20,3,0.5,0.1,0.99,10.0,256,20,0,512,0,5.0,5.5,291.7546401143905,1423.8447763060535,0.0,0.0,0.0,
mppi_flee,flee,300.0,1800.0,0.1,0.09,5.0,6.25,10.0,10.0,10,100.0,inf,full,both,inf,180.0,0.01,0.0,0.0,256,20,3,0.5,0.1,0.99,10.0,256,20,0,512,0,5.0,6.25,291.7512173635585,2321.4311769476058,0.0,0.0,0.0,
mppi_flee,flee,300.0,1800.0,0.1,0.09,5.0,7.5,10.0,10.0,10,100.0,inf,full,both,inf,180.0,0.01,0.0,0.0,256,20,3,0.5,0.1,0.99,10.0,256,20,0,512,0,5.0,7.5,291.75391090585435,3658.908906169302,0.0,0.0,0.0,
mppi_flee,flee,300.0,1800.0,0.1,0.09,5.0,10.0,10.0,10.0,10,100.0,inf,full,both,inf,180.0,0.01,0.0,0.0,256,20,3,0.5,0.1,0.99,10.0,256,20,0,512,0,5.0,10.0,291.75430416180313,5770.883626266183,0.0,0.0,0.0,
mppi_flee,flee,300.0,1800.0,0.1,0.09,5.0,inf,10.0,10.0,10,100.0,inf,full,both,inf,180.0,0.01,0.0,0.0,256,20,3,0.5,0.1,0.99,10.0,256,20,0,512,0,5.0,16.19999999999998,291.7543041618154,7943.344274587131,0.0,0.0,0.0,
mppi_flee,flee,300.0,1800.0,0.1,0.1,5.0,1.25,10.0,10.0,10,100.0,inf,full,both,inf,180.0,0.01,0.0,0.0,256,20,3,0.5,0.1,0.99,10.0,256,20,0,512,512,3.758811116602267,1.25,3.408876566558292,5.0512898058271904,0.0,0.0,1.0,450.0
mppi_flee,flee,300.0,1800.0,0.1,0.1,5.0,2.5,10.0,10.0,10,100.0,inf,full,both,inf,180.0,0.01,0.0,0.0,256,20,3,0.5,0.1,0.99,10.0,256,20,0,512,512,4.984711662041653,2.5,3.3487767375594557,5.153327522098042,0.0,0.0,1.0,600.0
mppi_flee,flee,300.0,1800.0,0.1,0.1,5.0,3.75,10.0,10.0,10,100.0,inf,full,both,inf,180.0,0.01,0.0,0.0,256,20,3,0.5,0.1,0.99,10.0,256,20,0,512,438,5.0,3.75,21.7500664175858,54.87758021592557,0.0,0.0,0.85546875,870.0
mppi_flee,flee,300.0,1800.0,0.1,0.1,5.0,4.5,10.0,10.0,10,100.0,inf,full,both,inf,180.0,0.01,0.0,0.0,256,20,3,0.5,0.1,0.99,10.0,256,20,0,512,25,5.0,4.5,159.3019988828841,498.2032791919281,0.0,0.0,0.048828125,1190.0
mppi_flee,flee,300.0,1800.0,0.1,0.1,5.0,5.0,10.0,10.0,10,100.0,inf,full,both,inf,180.0,0.01,0.0,0.0,256,20,3,0.5,0.1,0.99,10.0,256,20,0,512,0,5.0,5.0,286.96563286572376,978.1631890040647,0.0,0.0,0.0,
mppi_flee,flee,300.0,1800.0,0.1,0.1,5.0,5.5,10.0,10.0,10,100.0,inf,full,both,inf,180.0,0.01,0.0,0.0,256,20,3,0.5,0.1,0.99,10.0,256,20,0,512,0,5.0,5.5,300.0,1649.9922140591289,0.0,0.0,0.0,
mppi_flee,flee,300.0,1800.0,0.1,0.1,5.0,6.25,10.0,10.0,10,100.0,inf,full,both,inf,180.0,0.01,0.0,0.0,256,20,3,0.5,0.1,0.99,10.0,256,20,0,512,0,5.0,6.25,300.0,2608.199850975803,0.0,0.0,0.0,
mppi_flee,flee,300.0,1800.0,0.1,0.1,5.0,7.5,10.0,10.0,10,100.0,inf,full,both,inf,180.0,0.01,0.0,0.0,256,20,3,0.5,0.1,0.99,10.0,256,20,0,512,0,5.0,7.5,300.0,4056.909525669668,0.0,0.0,0.0,
mppi_flee,flee,300.0,1800.0,0.1,0.1,5.0,10.0,10.0,10.0,10,100.0,inf,full,both,inf,180.0,0.01,0.0,0.0,256,20,3,0.5,0.1,0.99,10.0,256,20,0,512,0,5.0,10.0,300.0,6430.110075811523,0.0,0.0,0.0,
mppi_flee,flee,300.0,1800.0,0.1,0.1,5.0,inf,10.0,10.0,10,100.0,inf,full,both,inf,180.0,0.01,0.0,0.0,256,20,3,0.5,0.1,0.99,10.0,256,20,0,512,0,5.0,17.999999999999986,300.0,9683.41120604292,0.0,0.0,0.0,
mppi_flee,flee,300.0,1800.0,0.1,0.11,5.0,1.25,10.0,10.0,10,100.0,inf,full,both,inf,180.0,0.01,0.0,0.0,256,20,3,0.5,0.1,0.99,10.0,256,20,0,512,512,3.790103559078065,1.25,3.2623600036144125,5.400303433757938,0.0,0.0,1.0,450.0
mppi_flee,flee,300.0,1800.0,0.1,0.11,5.0,2.5,10.0,10.0,10,100.0,inf,full,both,inf,180.0,0.01,0.0,0.0,256,20,3,0.5,0.1,0.99,10.0,256,20,0,512,512,4.994515340368168,2.5,3.220142566335852,5.294264282527786,0.0,0.0,1.0,610.0
mppi_flee,flee,300.0,1800.0,0.1,0.11,5.0,3.75,10.0,10.0,10,100.0,inf,full,both,inf,180.0,0.01,0.0,0.0,256,20,3,0.5,0.1,0.99,10.0,256,20,0,512,396,5.0,3.75,37.35896092225388,97.60691431260712,0.0,0.0,0.7734375,900.0
mppi_flee,flee,300.0,1800.0,0.1,0.11,5.0,4.5,10.0,10.0,10,100.0,inf,full,both,inf,180.0,0.01,0.0,0.0,256,20,3,0.5,0.1,0.99,10.0,256,20,0,512,10,5.0,4.5,185.35684228665343,621.5044593116909,0.0,0.0,0.01953125,1260.0
mppi_flee,flee,300.0,1800.0,0.1,0.11,5.0,5.0,10.0,10.0,10,100.0,inf,full,both,inf,180.0,0.01,0.0,0.0,256,20,3,0.5,0.1,0.99,10.0,256,20,0,512,0,5.0,5.0,289.7779561299734,1144.5630877329193,0.0,0.0,0.0,
mppi_flee,flee,300.0,1800.0,0.1,0.11,5.0,5.5,10.0,10.0,10,100.0,inf,full,both,inf,180.0,0.01,0.0,0.0,256,20,3,0.5,0.1,0.99,10.0,256,20,0,512,0,5.0,5.5,300.0,1847.0845209520128,0.0,0.0,0.0,
mppi_flee,flee,300.0,1800.0,0.1,0.11,5.0,6.25,10.0,10.0,10,100.0,inf,full,both,inf,180.0,0.01,0.0,0.0,256,20,3,0.5,0.1,0.99,10.0,256,20,0,512,0,5.0,6.25,300.0,2858.1517558255923,0.0,0.0,0.0,
mppi_flee,flee,300.0,1800.0,0.1,0.11,5.0,7.5,10.0,10.0,10,100.0,inf,full,both,inf,180.0,0.01,0.0,0.0,256,20,3,0.5,0.1,0.99,10.0,256,20,0,512,0,5.0,7.5,300.0,4402.285075900392,0.0,0.0,0.0,
mppi_flee,flee,300.0,1800.0,0.1,0.11,5.0,10.0,10.0,10.0,10,100.0,inf,full,both,inf,180.0,0.01,0.0,0.0,256,20,3,0.5,0.1,0.99,10.0,256,20,0,512,0,5.0,10.0,300.0,6996.311177816791,0.0,0.0,0.0,
mppi_flee,flee,300.0,1800.0,0.1,0.11,5.0,inf,10.0,10.0,10,100.0,inf,full,both,inf,180.0,0.01,0.0,0.0,256,20,3,0.5,0.1,0.99,10.0,256,20,0,512,0,5.0,19.79999999999995,300.0,11436.544454760076,0.0,0.0,0.0,
mppi_flee,flee,300.0,1800.0,0.1,0.125,5.0,1.25,10.0,10.0,10,100.0,inf,full,both,inf,180.0,0.01,0.0,0.0,256,20,3,0.5,0.1,0.99,10.0,256,20,0,512,512,3.8264398492194265,1.25,3.279521378962844,5.614924841265373,0.0,0.0,1.0,450.0
mppi_flee,flee,300.0,1800.0,0.1,0.125,5.0,2.5,10.0,10.0,10,100.0,inf,full,both,inf,180.0,0.01,0.0,0.0,256,20,3,0.5,0.1,0.99,10.0,256,20,0,512,512,4.998997815947989,2.5,3.0990879182559627,4.936684263121039,0.0,0.0,1.0,630.0
mppi_flee,flee,300.0,1800.0,0.1,0.125,5.0,3.75,10.0,10.0,10,100.0,inf,full,both,inf,180.0,0.01,0.0,0.0,256,20,3,0.5,0.1,0.99,10.0,256,20,0,512,348,5.0,3.75,59.14751690456628,167.45695486621696,0.0,0.0,0.6796875,920.0
mppi_flee,flee,300.0,1800.0,0.1,0.125,5.0,4.5,10.0,10.0,10,100.0,inf,full,both,inf,180.0,0.01,0.0,0.0,256,20,3,0.5,0.1,0.99,10.0,256,20,0,512,2,5.0,4.5,211.20266771104147,779.459503689098,0.0,0.0,0.00390625,1310.0
mppi_flee,flee,300.0,1800.0,0.1,0.125,5.0,5.0,10.0,10.0,10,100.0,inf,full,both,inf,180.0,0.01,0.0,0.0,256,20,3,0.5,0.1,0.99,10.0,256,20,0,512,0,5.0,5.0,292.44595472036747,1353.9606895575089,0.0,0.0,0.0,
mppi_flee,flee,300.0,1800.0,0.1,0.125,5.0,5.5,10.0,10.0,10,100.0,inf,full,both,inf,180.0,0.01,0.0,0.0,256,20,3,0.5,0.1,0.99,10.0,256,20,0,512,0,5.0,5.5,300.0,2093.674967974888,0.0,0.0,0.0,
mppi_flee,flee,300.0,1800.0,0.1,0.125,5.0,6.25,10.0,10.0,10,100.0,inf,full,both,inf,180.0,0.01,0.0,0.0,256,20,3,0.5,0.1,0.99,10.0,256,20,0,512,0,5.0,6.25,300.0,3171.0254242167885,0.0,0.0,0.0,
mppi_flee,flee,300.0,1800.0,0.1,0.125,5.0,7.5,10.0,10.0,10,100.0,inf,full,both,inf,180.0,0.01,0.0,0.0,256,20,3,0.5,0.1,0.99,10.0,256,20,0,512,0,5.0,7.5,300.0,4837.091232174063,0.0,0.0,0.0,
mppi_flee,flee,300.0,1800.0,0.1,0.125,5.0,10.0,10.0,10.0,10,100.0,inf,full,both,inf,180.0,0.01,0.0,0.0,256,20,3,0.5,0.1,0.99,10.0,256,20,0,512,0,5.0,10.0,300.0,7707.504632401071,0.0,0.0,0.0,
mppi_flee,flee,300.0,1800.0,0.1,0.125,5.0,inf,10.0,10.0,10,100.0,inf,full,both,inf,180.0,0.01,0.0,0.0,256,20,3,0.5,0.1,0.99,10.0,256,20,0,512,0,5.0,22.5,300.0,14075.75750811606,0.0,0.0,0.0,
mppi_flee,flee,300.0,1800.0,0.1,0.15,5.0,1.25,10.0,10.0,10,100.0,inf,full,both,inf,180.0,0.01,0.0,0.0,256,20,3,0.5,0.1,0.99,10.0,256,20,0,512,512,3.848745216656945,1.25,3.264701660403602,5.686219618837094,0.0,0.0,1.0,460.0
mppi_flee,flee,300.0,1800.0,0.1,0.15,5.0,2.5,10.0,10.0,10,100.0,inf,full,both,inf,180.0,0.01,0.0,0.0,256,20,3,0.5,0.1,0.99,10.0,256,20,0,512,512,5.0,2.5,3.124831186712573,4.929614383727141,0.0,0.0,1.0,650.0
mppi_flee,flee,300.0,1800.0,0.1,0.15,5.0,3.75,10.0,10.0,10,100.0,inf,full,both,inf,180.0,0.01,0.0,0.0,256,20,3,0.5,0.1,0.99,10.0,256,20,0,512,300,5.0,3.75,87.06601511134106,269.2704664493434,0.0,0.0,0.5859375,960.0
mppi_flee,flee,300.0,1800.0,0.1,0.15,5.0,4.5,10.0,10.0,10,100.0,inf,full,both,inf,180.0,0.01,0.0,0.0,256,20,3,0.5,0.1,0.99,10.0,256,20,0,512,1,5.0,4.5,233.38560968238735,987.4248167112988,0.0,0.0,0.001953125,1370.0
mppi_flee,flee,300.0,1800.0,0.1,0.15,5.0,5.0,10.0,10.0,10,100.0,inf,full,both,inf,180.0,0.01,0.0,0.0,256,20,3,0.5,0.1,0.99,10.0,256,20,0,512,0,5.0,5.0,293.60668451982224,1624.985309111589,0.0,0.0,0.0,
mppi_flee,flee,300.0,1800.0,0.1,0.15,5.0,5.5,10.0,10.0,10,100.0,inf,full,both,inf,180.0,0.01,0.0,0.0,256,20,3,0.5,0.1,0.99,10.0,256,20,0,512,0,5.0,5.5,300.0,2413.538149134898,0.0,0.0,0.0,
mppi_flee,flee,300.0,1800.0,0.1,0.15,5.0,6.25,10.0,10.0,10,100.0,inf,full,both,inf,180.0,0.01,0.0,0.0,256,20,3,0.5,0.1,0.99,10.0,256,20,0,512,0,5.0,6.25,300.0,3576.041166960082,0.0,0.0,0.0,
mppi_flee,flee,300.0,1800.0,0.1,0.15,5.0,7.5,10.0,10.0,10,100.0,inf,full,both,inf,180.0,0.01,0.0,0.0,256,20,3,0.5,0.1,0.99,10.0,256,20,0,512,0,5.0,7.5,300.0,5404.206979724767,0.0,0.0,0.0,
mppi_flee,flee,300.0,1800.0,0.1,0.15,5.0,10.0,10.0,10.0,10,100.0,inf,full,both,inf,180.0,0.01,0.0,0.0,256,20,3,0.5,0.1,0.99,10.0,256,20,0,512,0,5.0,10.0,300.0,8640.058319057016,0.0,0.0,0.0,
mppi_flee,flee,300.0,1800.0,0.1,0.15,5.0,inf,10.0,10.0,10,100.0,inf,full,both,inf,180.0,0.01,0.0,0.0,256,20,3,0.5,0.1,0.99,10.0,256,20,0,512,0,5.0,26.99999999999992,300.0,18500.98847891099,0.0,0.0,0.0,
mppi_flee,flee,300.0,1800.0,0.1,0.2,5.0,1.25,10.0,10.0,10,100.0,inf,full,both,inf,180.0,0.01,0.0,0.0,256,20,3,0.5,0.1,0.99,10.0,256,20,0,512,512,3.889742880530448,1.25,3.399407063442547,5.909851807566275,0.0,0.0,1.0,460.0
mppi_flee,flee,300.0,1800.0,0.1,0.2,5.0,2.5,10.0,10.0,10,100.0,inf,full,both,inf,180.0,0.01,0.0,0.0,256,20,3,0.5,0.1,0.99,10.0,256,20,0,512,512,5.0,2.5,3.212947147199095,5.064702691789958,0.0,0.0,1.0,670.0
mppi_flee,flee,300.0,1800.0,0.1,0.2,5.0,3.75,10.0,10.0,10,100.0,inf,full,both,inf,180.0,0.01,0.0,0.0,256,20,3,0.5,0.1,0.99,10.0,256,20,0,512,244,5.0,3.75,118.49324542704711,439.0575100992935,0.0,0.0,0.4765625,1000.0
mppi_flee,flee,300.0,1800.0,0.1,0.2,5.0,4.5,10.0,10.0,10,100.0,inf,full,both,inf,180.0,0.01,0.0,0.0,256,20,3,0.5,0.1,0.99,10.0,256,20,0,512,1,5.0,4.5,252.3566295924165,1271.4814150553905,0.0,0.0,0.001953125,1370.0
mppi_flee,flee,300.0,1800.0,0.1,0.2,5.0,5.0,10.0,10.0,10,100.0,inf,full,both,inf,180.0,0.01,0.0,0.0,256,20,3,0.5,0.1,0.99,10.0,256,20,0,512,0,5.0,5.0,294.2695897978564,1987.0393884497332,0.0,0.0,0.0,
mppi_flee,flee,300.0,1800.0,0.1,0.2,5.0,5.5,10.0,10.0,10,100.0,inf,full,both,inf,180.0,0.01,0.0,0.0,256,20,3,0.5,0.1,0.99,10.0,256,20,0,512,0,5.0,5.5,300.0,2840.423087764823,0.0,0.0,0.0,
mppi_flee,flee,300.0,1800.0,0.1,0.2,5.0,6.25,10.0,10.0,10,100.0,inf,full,both,inf,180.0,0.01,0.0,0.0,256,20,3,0.5,0.1,0.99,10.0,256,20,0,512,0,5.0,6.25,300.0,4115.652922749674,0.0,0.0,0.0,
mppi_flee,flee,300.0,1800.0,0.1,0.2,5.0,7.5,10.0,10.0,10,100.0,inf,full,both,inf,180.0,0.01,0.0,0.0,256,20,3,0.5,0.1,0.99,10.0,256,20,0,512,0,5.0,7.5,300.0,6159.34223762046,0.0,0.0,0.0,
mppi_flee,flee,300.0,1800.0,0.1,0.2,5.0,10.0,10.0,10.0,10,100.0,inf,full,both,inf,180.0,0.01,0.0,0.0,256,20,3,0.5,0.1,0.99,10.0,256,20,0,512,0,5.0,10.0,300.0,9907.226965509792,0.0,0.0,0.0,
mppi_flee,flee,300.0,1800.0,0.1,0.2,5.0,inf,10.0,10.0,10,100.0,inf,full,both,inf,180.0,0.01,0.0,0.0,256,20,3,0.5,0.1,0.99,10.0,256,20,0,512,0,5.0,35.99999999999997,300.0,27384.61447463627,0.0,0.0,0.0,
mppi_flee,coast,300.0,1800.0,0.1,0.025,5.0,1.25,10.0,10.0,10,100.0,inf,full,both,inf,180.0,0.01,0.0,0.0,256,20,3,0.5,0.1,0.99,10.0,256,20,0,512,512,2.3301039069951828,0.0,3.1093155124365826,5.350457985092222,0.0,0.0,1.0,280.0
mppi_flee,coast,300.0,1800.0,0.1,0.025,5.0,2.5,10.0,10.0,10,100.0,inf,full,both,inf,180.0,0.01,0.0,0.0,256,20,3,0.5,0.1,0.99,10.0,256,20,0,512,512,2.3301414816368755,0.0,3.2560431961561727,5.33867562465235,0.0,0.0,1.0,280.0
mppi_flee,coast,300.0,1800.0,0.1,0.025,5.0,3.75,10.0,10.0,10,100.0,inf,full,both,inf,180.0,0.01,0.0,0.0,256,20,3,0.5,0.1,0.99,10.0,256,20,0,512,512,2.3301414816368755,0.0,3.2560431961561727,5.33867562465235,0.0,0.0,1.0,280.0
mppi_flee,coast,300.0,1800.0,0.1,0.025,5.0,4.5,10.0,10.0,10,100.0,inf,full,both,inf,180.0,0.01,0.0,0.0,256,20,3,0.5,0.1,0.99,10.0,256,20,0,512,512,2.3301414816368755,0.0,3.2560431961561727,5.33867562465235,0.0,0.0,1.0,280.0
mppi_flee,coast,300.0,1800.0,0.1,0.025,5.0,5.0,10.0,10.0,10,100.0,inf,full,both,inf,180.0,0.01,0.0,0.0,256,20,3,0.5,0.1,0.99,10.0,256,20,0,512,512,2.3301414816368755,0.0,3.2560431961561727,5.33867562465235,0.0,0.0,1.0,280.0
mppi_flee,coast,300.0,1800.0,0.1,0.025,5.0,5.5,10.0,10.0,10,100.0,inf,full,both,inf,180.0,0.01,0.0,0.0,256,20,3,0.5,0.1,0.99,10.0,256,20,0,512,512,2.3301414816368755,0.0,3.2560431961561727,5.33867562465235,0.0,0.0,1.0,280.0
mppi_flee,coast,300.0,1800.0,0.1,0.025,5.0,6.25,10.0,10.0,10,100.0,inf,full,both,inf,180.0,0.01,0.0,0.0,256,20,3,0.5,0.1,0.99,10.0,256,20,0,512,512,2.3301414816368755,0.0,3.2560431961561727,5.33867562465235,0.0,0.0,1.0,280.0
mppi_flee,coast,300.0,1800.0,0.1,0.025,5.0,7.5,10.0,10.0,10,100.0,inf,full,both,inf,180.0,0.01,0.0,0.0,256,20,3,0.5,0.1,0.99,10.0,256,20,0,512,512,2.3301414816368755,0.0,3.2560431961561727,5.33867562465235,0.0,0.0,1.0,280.0
mppi_flee,coast,300.0,1800.0,0.1,0.025,5.0,10.0,10.0,10.0,10,100.0,inf,full,both,inf,180.0,0.01,0.0,0.0,256,20,3,0.5,0.1,0.99,10.0,256,20,0,512,512,2.3301414816368755,0.0,3.2560431961561727,5.33867562465235,0.0,0.0,1.0,280.0
mppi_flee,coast,300.0,1800.0,0.1,0.025,5.0,inf,10.0,10.0,10,100.0,inf,full,both,inf,180.0,0.01,0.0,0.0,256,20,3,0.5,0.1,0.99,10.0,256,20,0,512,512,2.3301414816368755,0.0,3.2560431961561727,5.33867562465235,0.0,0.0,1.0,280.0
mppi_flee,coast,300.0,1800.0,0.1,0.05,5.0,1.25,10.0,10.0,10,100.0,inf,full,both,inf,180.0,0.01,0.0,0.0,256,20,3,0.5,0.1,0.99,10.0,256,20,0,512,512,2.3686586937129404,0.0,3.172144544759729,5.441266568349247,0.0,0.0,1.0,280.0
mppi_flee,coast,300.0,1800.0,0.1,0.05,5.0,2.5,10.0,10.0,10,100.0,inf,full,both,inf,180.0,0.01,0.0,0.0,256,20,3,0.5,0.1,0.99,10.0,256,20,0,512,512,2.3640844548390008,0.0,3.0969507548151776,5.479960821830551,0.0,0.0,1.0,280.0
mppi_flee,coast,300.0,1800.0,0.1,0.05,5.0,3.75,10.0,10.0,10,100.0,inf,full,both,inf,180.0,0.01,0.0,0.0,256,20,3,0.5,0.1,0.99,10.0,256,20,0,512,512,2.364104954167213,0.0,2.982746754304688,5.41774703467948,0.0,0.0,1.0,280.0
mppi_flee,coast,300.0,1800.0,0.1,0.05,5.0,4.5,10.0,10.0,10,100.0,inf,full,both,inf,180.0,0.01,0.0,0.0,256,20,3,0.5,0.1,0.99,10.0,256,20,0,512,512,2.364104954167213,0.0,2.982746754304688,5.41774703467948,0.0,0.0,1.0,280.0
mppi_flee,coast,300.0,1800.0,0.1,0.05,5.0,5.0,10.0,10.0,10,100.0,inf,full,both,inf,180.0,0.01,0.0,0.0,256,20,3,0.5,0.1,0.99,10.0,256,20,0,512,512,2.364104954167213,0.0,2.982746754304688,5.41774703467948,0.0,0.0,1.0,280.0
mppi_flee,coast,300.0,1800.0,0.1,0.05,5.0,5.5,10.0,10.0,10,100.0,inf,full,both,inf,180.0,0.01,0.0,0.0,256,20,3,0.5,0.1,0.99,10.0,256,20,0,512,512,2.364104954167213,0.0,2.982746754304688,5.41774703467948,0.0,0.0,1.0,280.0
mppi_flee,coast,300.0,1800.0,0.1,0.05,5.0,6.25,10.0,10.0,10,100.0,inf,full,both,inf,180.0,0.01,0.0,0.0,256,20,3,0.5,0.1,0.99,10.0,256,20,0,512,512,2.364104954167213,0.0,2.982746754304688,5.41774703467948,0.0,0.0,1.0,280.0
mppi_flee,coast,300.0,1800.0,0.1,0.05,5.0,7.5,10.0,10.0,10,100.0,inf,full,both,inf,180.0,0.01,0.0,0.0,256,20,3,0.5,0.1,0.99,10.0,256,20,0,512,512,2.364104954167213,0.0,2.982746754304688,5.41774703467948,0.0,0.0,1.0,280.0
mppi_flee,coast,300.0,1800.0,0.1,0.05,5.0,10.0,10.0,10.0,10,100.0,inf,full,both,inf,180.0,0.01,0.0,0.0,256,20,3,0.5,0.1,0.99,10.0,256,20,0,512,512,2.364104954167213,0.0,2.982746754304688,5.41774703467948,0.0,0.0,1.0,280.0
mppi_flee,coast,300.0,1800.0,0.1,0.05,5.0,inf,10.0,10.0,10,100.0,inf,full,both,inf,180.0,0.01,0.0,0.0,256,20,3,0.5,0.1,0.99,10.0,256,20,0,512,512,2.364104954167213,0.0,2.982746754304688,5.41774703467948,0.0,0.0,1.0,280.0
mppi_flee,coast,300.0,1800.0,0.1,0.075,5.0,1.25,10.0,10.0,10,100.0,inf,full,both,inf,180.0,0.01,0.0,0.0,256,20,3,0.5,0.1,0.99,10.0,256,20,0,512,512,2.404375578154668,0.0,3.308209640717902,5.570681286290211,0.0,0.0,1.0,280.0
mppi_flee,coast,300.0,1800.0,0.1,0.075,5.0,2.5,10.0,10.0,10,100.0,inf,full,both,inf,180.0,0.01,0.0,0.0,256,20,3,0.5,0.1,0.99,10.0,256,20,0,512,512,2.3694577267403463,0.0,3.3866944609028238,5.687262522949391,0.0,0.0,1.0,280.0
mppi_flee,coast,300.0,1800.0,0.1,0.075,5.0,3.75,10.0,10.0,10,100.0,inf,full,both,inf,180.0,0.01,0.0,0.0,256,20,3,0.5,0.1,0.99,10.0,256,20,0,512,512,2.385714777500917,0.0,3.367481215806836,5.675689511184274,0.0,0.0,1.0,280.0
mppi_flee,coast,300.0,1800.0,0.1,0.075,5.0,4.5,10.0,10.0,10,100.0,inf,full,both,inf,180.0,0.01,0.0,0.0,256,20,3,0.5,0.1,0.99,10.0,256,20,0,512,512,2.38329465706534,0.0,3.387963973349469,5.66453924403961,0.0,0.0,1.0,280.0
mppi_flee,coast,300.0,1800.0,0.1,0.075,5.0,5.0,10.0,10.0,10,100.0,inf,full,both,inf,180.0,0.01,0.0,0.0,256,20,3,0.5,0.1,0.99,10.0,256,20,0,512,512,2.383294657065336,0.0,3.3879639733495006,5.6645392440395685,0.0,0.0,1.0,280.0
mppi_flee,coast,300.0,1800.0,0.1,0.075,5.0,5.5,10.0,10.0,10,100.0,inf,full,both,inf,180.0,0.01,0.0,0.0,256,20,3,0.5,0.1,0.99,10.0,256,20,0,512,512,2.383294657065336,0.0,3.3879639733495006,5.6645392440395685,0.0,0.0,1.0,280.0
mppi_flee,coast,300.0,1800.0,0.1,0.075,5.0,6.25,10.0,10.0,10,100.0,inf,full,both,inf,180.0,0.01,0.0,0.0,256,20,3,0.5,0.1,0.99,10.0,256,20,0,512,512,2.383294657065336,0.0,3.3879639733495006,5.6645392440395685,0.0,0.0,1.0,280.0
mppi_flee,coast,300.0,1800.0,0.1,0.075,5.0,7.5,10.0,10.0,10,100.0,inf,full,both,inf,180.0,0.01,0.0,0.0,256,20,3,0.5,0.1,0.99,10.0,256,20,0,512,512,2.383294657065336,0.0,3.3879639733495006,5.6645392440395685,0.0,0.0,1.0,280.0
mppi_flee,coast,300.0,1800.0,0.1,0.075,5.0,10.0,10.0,10.0,10,100.0,inf,full,both,inf,180.0,0.01,0.0,0.0,256,20,3,0.5,0.1,0.99,10.0,256,20,0,512,512,2.383294657065336,0.0,3.3879639733495006,5.6645392440395685,0.0,0.0,1.0,280.0
mppi_flee,coast,300.0,1800.0,0.1,0.075,5.0,inf,10.0,10.0,10,100.0,inf,full,both,inf,180.0,0.01,0.0,0.0,256,20,3,0.5,0.1,0.99,10.0,256,20,0,512,512,2.383294657065336,0.0,3.3879639733495006,5.6645392440395685,0.0,0.0,1.0,280.0
mppi_flee,coast,300.0,1800.0,0.1,0.09,5.0,1.25,10.0,10.0,10,100.0,inf,full,both,inf,180.0,0.01,0.0,0.0,256,20,3,0.5,0.1,0.99,10.0,256,20,0,512,512,2.407668722657984,0.0,3.7113068587092974,5.880275675357917,0.0,0.0,1.0,280.0
mppi_flee,coast,300.0,1800.0,0.1,0.09,5.0,2.5,10.0,10.0,10,100.0,inf,full,both,inf,180.0,0.01,0.0,0.0,256,20,3,0.5,0.1,0.99,10.0,256,20,0,512,512,2.3705230452784702,0.0,3.4631041002097587,5.709862092011009,0.0,0.0,1.0,270.0
mppi_flee,coast,300.0,1800.0,0.1,0.09,5.0,3.75,10.0,10.0,10,100.0,inf,full,both,inf,180.0,0.01,0.0,0.0,256,20,3,0.5,0.1,0.99,10.0,256,20,0,512,512,2.395354823813923,0.0,3.66211078928253,5.920420967348496,0.0,0.0,1.0,270.0
mppi_flee,coast,300.0,1800.0,0.1,0.09,5.0,4.5,10.0,10.0,10,100.0,inf,full,both,inf,180.0,0.01,0.0,0.0,256,20,3,0.5,0.1,0.99,10.0,256,20,0,512,512,2.3981107341076764,0.0,3.3703204812004897,5.857487212769533,0.0,0.0,1.0,270.0
mppi_flee,coast,300.0,1800.0,0.1,0.09,5.0,5.0,10.0,10.0,10,100.0,inf,full,both,inf,180.0,0.01,0.0,0.0,256,20,3,0.5,0.1,0.99,10.0,256,20,0,512,512,2.398384822586138,0.0,3.398612735114822,5.896301783765668,0.0,0.0,1.0,270.0
mppi_flee,coast,300.0,1800.0,0.1,0.09,5.0,5.5,10.0,10.0,10,100.0,inf,full,both,inf,180.0,0.01,0.0,0.0,256,20,3,0.5,0.1,0.99,10.0,256,20,0,512,512,2.3984203685689054,0.0,3.398774776165821,5.895755646144062,0.0,0.0,1.0,270.0
mppi_flee,coast,300.0,1800.0,0.1,0.09,5.0,6.25,10.0,10.0,10,100.0,inf,full,both,inf,180.0,0.01,0.0,0.0,256,20,3,0.5,0.1,0.99,10.0,256,20,0,512,512,2.3984203685689054,0.0,3.398774776165821,5.895755646144062,0.0,0.0,1.0,270.0
mppi_flee,coast,300.0,1800.0,0.1,0.09,5.0,7.5,10.0,10.0,10,100.0,inf,full,both,inf,180.0,0.01,0.0,0.0,256,20,3,0.5,0.1,0.99,10.0,256,20,0,512,512,2.3984203685689054,0.0,3.398774776165821,5.895755646144062,0.0,0.0,1.0,270.0
mppi_flee,coast,300.0,1800.0,0.1,0.09,5.0,10.0,10.0,10.0,10,100.0,inf,full,both,inf,180.0,0.01,0.0,0.0,256,20,3,0.5,0.1,0.99,10.0,256,20,0,512,512,2.3984203685689054,0.0,3.398774776165821,5.895755646144062,0.0,0.0,1.0,270.0
mppi_flee,coast,300.0,1800.0,0.1,0.09,5.0,inf,10.0,10.0,10,100.0,inf,full,both,inf,180.0,0.01,0.0,0.0,256,20,3,0.5,0.1,0.99,10.0,256,20,0,512,512,2.3984203685689054,0.0,3.398774776165821,5.895755646144062,0.0,0.0,1.0,270.0
mppi_flee,coast,300.0,1800.0,0.1,0.1,5.0,1.25,10.0,10.0,10,100.0,inf,full,both,inf,180.0,0.01,0.0,0.0,256,20,3,0.5,0.1,0.99,10.0,256,20,0,512,512,2.424774993279284,0.0,3.6267238159149846,5.87687247666919,0.0,0.0,1.0,280.0
mppi_flee,coast,300.0,1800.0,0.1,0.1,5.0,2.5,10.0,10.0,10,100.0,inf,full,both,inf,180.0,0.01,0.0,0.0,256,20,3,0.5,0.1,0.99,10.0,256,20,0,512,512,2.377666942987994,0.0,3.572882712161926,5.875859966161322,0.0,0.0,1.0,270.0
mppi_flee,coast,300.0,1800.0,0.1,0.1,5.0,3.75,10.0,10.0,10,100.0,inf,full,both,inf,180.0,0.01,0.0,0.0,256,20,3,0.5,0.1,0.99,10.0,256,20,0,512,512,2.3920617837585096,0.0,3.4380096370266497,5.623807224994154,0.0,0.0,1.0,270.0
mppi_flee,coast,300.0,1800.0,0.1,0.1,5.0,4.5,10.0,10.0,10,100.0,inf,full,both,inf,180.0,0.01,0.0,0.0,256,20,3,0.5,0.1,0.99,10.0,256,20,0,512,512,2.3922895985928587,0.0,3.602684677797145,5.792866918144319,0.0,0.0,1.0,270.0
mppi_flee,coast,300.0,1800.0,0.1,0.1,5.0,5.0,10.0,10.0,10,100.0,inf,full,both,inf,180.0,0.01,0.0,0.0,256,20,3,0.5,0.1,0.99,10.0,256,20,0,512,512,2.3941510038657974,0.0,3.5986114356474634,5.877462412257518,0.0,0.0,1.0,270.0
mppi_flee,coast,300.0,1800.0,0.1,0.1,5.0,5.5,10.0,10.0,10,100.0,inf,full,both,inf,180.0,0.01,0.0,0.0,256,20,3,0.5,0.1,0.99,10.0,256,20,0,512,512,2.394223623038387,0.0,3.5240275356911424,5.84732352868561,0.0,0.0,1.0,270.0
mppi_flee,coast,300.0,1800.0,0.1,0.1,5.0,6.25,10.0,10.0,10,100.0,inf,full,both,inf,180.0,0.01,0.0,0.0,256,20,3,0.5,0.1,0.99,10.0,256,20,0,512,512,2.394340422429325,0.0,3.507427681869554,5.848878043450335,0.0,0.0,1.0,270.0
mppi_flee,coast,300.0,1800.0,0.1,0.1,5.0,7.5,10.0,10.0,10,100.0,inf,full,both,inf,180.0,0.01,0.0,0.0,256,20,3,0.5,0.1,0.99,10.0,256,20,0,512,512,2.394340422429325,0.0,3.507427681869554,5.848878043450335,0.0,0.0,1.0,270.0
mppi_flee,coast,300.0,1800.0,0.1,0.1,5.0,10.0,10.0,10.0,10,100.0,inf,full,both,inf,180.0,0.01,0.0,0.0,256,20,3,0.5,0.1,0.99,10.0,256,20,0,512,512,2.394340422429325,0.0,3.507427681869554,5.848878043450335,0.0,0.0,1.0,270.0
mppi_flee,coast,300.0,1800.0,0.1,0.1,5.0,inf,10.0,10.0,10,100.0,inf,full,both,inf,180.0,0.01,0.0,0.0,256,20,3,0.5,0.1,0.99,10.0,256,20,0,512,512,2.394340422429325,0.0,3.507427681869554,5.848878043450335,0.0,0.0,1.0,270.0
mppi_flee,coast,300.0,1800.0,0.1,0.11,5.0,1.25,10.0,10.0,10,100.0,inf,full,both,inf,180.0,0.01,0.0,0.0,256,20,3,0.5,0.1,0.99,10.0,256,20,0,512,512,2.429453640143509,0.0,3.7933192228515087,6.108246530169138,0.0,0.0,1.0,280.0
mppi_flee,coast,300.0,1800.0,0.1,0.11,5.0,2.5,10.0,10.0,10,100.0,inf,full,both,inf,180.0,0.01,0.0,0.0,256,20,3,0.5,0.1,0.99,10.0,256,20,0,512,512,2.379504793674416,0.0,3.680312071370397,6.090055215076033,0.0,0.0,1.0,270.0
mppi_flee,coast,300.0,1800.0,0.1,0.11,5.0,3.75,10.0,10.0,10,100.0,inf,full,both,inf,180.0,0.01,0.0,0.0,256,20,3,0.5,0.1,0.99,10.0,256,20,0,512,512,2.393578846841443,0.0,3.61074436780075,5.6172219412078,0.0,0.0,1.0,270.0
mppi_flee,coast,300.0,1800.0,0.1,0.11,5.0,4.5,10.0,10.0,10,100.0,inf,full,both,inf,180.0,0.01,0.0,0.0,256,20,3,0.5,0.1,0.99,10.0,256,20,0,512,512,2.398652572236176,0.0,3.5106482294953656,5.782100026267143,0.0,0.0,1.0,270.0
mppi_flee,coast,300.0,1800.0,0.1,0.11,5.0,5.0,10.0,10.0,10,100.0,inf,full,both,inf,180.0,0.01,0.0,0.0,256,20,3,0.5,0.1,0.99,10.0,256,20,0,512,512,2.39731013095564,0.0,3.5166942674615984,5.772161651922864,0.0,0.0,1.0,270.0
mppi_flee,coast,300.0,1800.0,0.1,0.11,5.0,5.5,10.0,10.0,10,100.0,inf,full,both,inf,180.0,0.01,0.0,0.0,256,20,3,0.5,0.1,0.99,10.0,256,20,0,512,512,2.3975713808175185,0.0,3.4772367532936337,5.785009120111579,0.0,0.0,1.0,270.0
mppi_flee,coast,300.0,1800.0,0.1,0.11,5.0,6.25,10.0,10.0,10,100.0,inf,full,both,inf,180.0,0.01,0.0,0.0,256,20,3,0.5,0.1,0.99,10.0,256,20,0,512,512,2.39789704528708,0.0,3.434026781729388,5.75044367402148,0.0,0.0,1.0,270.0
mppi_flee,coast,300.0,1800.0,0.1,0.11,5.0,7.5,10.0,10.0,10,100.0,inf,full,both,inf,180.0,0.01,0.0,0.0,256,20,3,0.5,0.1,0.99,10.0,256,20,0,512,512,2.397897079734548,0.0,3.434115227975642,5.750418850465421,0.0,0.0,1.0,270.0
mppi_flee,coast,300.0,1800.0,0.1,0.11,5.0,10.0,10.0,10.0,10,100.0,inf,full,both,inf,180.0,0.01,0.0,0.0,256,20,3,0.5,0.1,0.99,10.0,256,20,0,512,512,2.397897079734548,0.0,3.434115227975642,5.750418850465421,0.0,0.0,1.0,270.0
mppi_flee,coast,300.0,1800.0,0.1,0.11,5.0,inf,10.0,10.0,10,100.0,inf,full,both,inf,180.0,0.01,0.0,0.0,256,20,3,0.5,0.1,0.99,10.0,256,20,0,512,512,2.397897079734548,0.0,3.434115227975642,5.750418850465421,0.0,0.0,1.0,270.0
mppi_flee,coast,300.0,1800.0,0.1,0.125,5.0,1.25,10.0,10.0,10,100.0,inf,full,both,inf,180.0,0.01,0.0,0.0,256,20,3,0.5,0.1,0.99,10.0,256,20,0,512,512,2.4444076879051893,0.0,3.5568556955350576,5.749762088485573,0.0,0.0,1.0,280.0
mppi_flee,coast,300.0,1800.0,0.1,0.125,5.0,2.5,10.0,10.0,10,100.0,inf,full,both,inf,180.0,0.01,0.0,0.0,256,20,3,0.5,0.1,0.99,10.0,256,20,0,512,512,2.387658098083401,0.0,3.754984600906039,5.884466788432229,0.0,0.0,1.0,270.0
mppi_flee,coast,300.0,1800.0,0.1,0.125,5.0,3.75,10.0,10.0,10,100.0,inf,full,both,inf,180.0,0.01,0.0,0.0,256,20,3,0.5,0.1,0.99,10.0,256,20,0,512,512,2.400498160115564,0.0,3.857561545277443,5.918243264411426,0.0,0.0,1.0,270.0
mppi_flee,coast,300.0,1800.0,0.1,0.125,5.0,4.5,10.0,10.0,10,100.0,inf,full,both,inf,180.0,0.01,0.0,0.0,256,20,3,0.5,0.1,0.99,10.0,256,20,0,512,512,2.401882373779416,0.0,3.725152985654981,5.792782829677248,0.0,0.0,1.0,270.0
mppi_flee,coast,300.0,1800.0,0.1,0.125,5.0,5.0,10.0,10.0,10,100.0,inf,full,both,inf,180.0,0.01,0.0,0.0,256,20,3,0.5,0.1,0.99,10.0,256,20,0,512,512,2.402626497451042,0.0,3.839886862457991,5.832604521126844,0.0,0.0,1.0,270.0
mppi_flee,coast,300.0,1800.0,0.1,0.125,5.0,5.5,10.0,10.0,10,100.0,inf,full,both,inf,180.0,0.01,0.0,0.0,256,20,3,0.5,0.1,0.99,10.0,256,20,0,512,512,2.403610786684985,0.0,3.824231806803762,5.835000299981925,0.0,0.0,1.0,270.0
mppi_flee,coast,300.0,1800.0,0.1,0.125,5.0,6.25,10.0,10.0,10,100.0,inf,full,both,inf,180.0,0.01,0.0,0.0,256,20,3,0.5,0.1,0.99,10.0,256,20,0,512,512,2.403343785757305,0.0,3.8613463339840783,5.862860963458568,0.0,0.0,1.0,270.0
mppi_flee,coast,300.0,1800.0,0.1,0.125,5.0,7.5,10.0,10.0,10,100.0,inf,full,both,inf,180.0,0.01,0.0,0.0,256,20,3,0.5,0.1,0.99,10.0,256,20,0,512,512,2.402926186176056,0.0,3.8422736483241184,5.830119476102142,0.0,0.0,1.0,270.0
mppi_flee,coast,300.0,1800.0,0.1,0.125,5.0,10.0,10.0,10.0,10,100.0,inf,full,both,inf,180.0,0.01,0.0,0.0,256,20,3,0.5,0.1,0.99,10.0,256,20,0,512,512,2.402926186176056,0.0,3.8422736483241184,5.830119476102142,0.0,0.0,1.0,270.0
mppi_flee,coast,300.0,1800.0,0.1,0.125,5.0,inf,10.0,10.0,10,100.0,inf,full,both,inf,180.0,0.01,0.0,0.0,256,20,3,0.5,0.1,0.99,10.0,256,20,0,512,512,2.402926186176056,0.0,3.8422736483241184,5.830119476102142,0.0,0.0,1.0,270.0
mppi_flee,coast,300.0,1800.0,0.1,0.15,5.0,1.25,10.0,10.0,10,100.0,inf,full,both,inf,180.0,0.01,0.0,0.0,256,20,3,0.5,0.1,0.99,10.0,256,20,0,512,512,2.459289726081028,0.0,3.746921749133678,5.707872535384596,0.0,0.0,1.0,280.0
mppi_flee,coast,300.0,1800.0,0.1,0.15,5.0,2.5,10.0,10.0,10,100.0,inf,full,both,inf,180.0,0.01,0.0,0.0,256,20,3,0.5,0.1,0.99,10.0,256,20,0,512,512,2.4022822558442383,0.0,3.959406278546648,6.126682118109563,0.0,0.0,1.0,270.0
mppi_flee,coast,300.0,1800.0,0.1,0.15,5.0,3.75,10.0,10.0,10,100.0,inf,full,both,inf,180.0,0.01,0.0,0.0,256,20,3,0.5,0.1,0.99,10.0,256,20,0,512,512,2.414989668173253,0.0,3.625588026852164,6.080563910883539,0.0,0.0,1.0,270.0
mppi_flee,coast,300.0,1800.0,0.1,0.15,5.0,4.5,10.0,10.0,10,100.0,inf,full,both,inf,180.0,0.01,0.0,0.0,256,20,3,0.5,0.1,0.99,10.0,256,20,0,512,512,2.415350231383876,0.0,3.581288846838515,6.060716728683051,0.0,0.0,1.0,270.0
mppi_flee,coast,300.0,1800.0,0.1,0.15,5.0,5.0,10.0,10.0,10,100.0,inf,full,both,inf,180.0,0.01,0.0,0.0,256,20,3,0.5,0.1,0.99,10.0,256,20,0,512,512,2.414647873913802,0.0,3.513340901463345,5.963427439862767,0.0,0.0,1.0,270.0
mppi_flee,coast,300.0,1800.0,0.1,0.15,5.0,5.5,10.0,10.0,10,100.0,inf,full,both,inf,180.0,0.01,0.0,0.0,256,20,3,0.5,0.1,0.99,10.0,256,20,0,512,512,2.41340010926908,0.0,3.568102273140919,6.052760631431626,0.0,0.0,1.0,270.0
mppi_flee,coast,300.0,1800.0,0.1,0.15,5.0,6.25,10.0,10.0,10,100.0,inf,full,both,inf,180.0,0.01,0.0,0.0,256,20,3,0.5,0.1,0.99,10.0,256,20,0,512,512,2.413089611036459,0.0,3.610169095804407,6.04037616399457,0.0,0.0,1.0,270.0
mppi_flee,coast,300.0,1800.0,0.1,0.15,5.0,7.5,10.0,10.0,10,100.0,inf,full,both,inf,180.0,0.01,0.0,0.0,256,20,3,0.5,0.1,0.99,10.0,256,20,0,512,512,2.4128247943617933,0.0,3.634111152966388,6.067386501956463,0.0,0.0,1.0,270.0
mppi_flee,coast,300.0,1800.0,0.1,0.15,5.0,10.0,10.0,10.0,10,100.0,inf,full,both,inf,180.0,0.01,0.0,0.0,256,20,3,0.5,0.1,0.99,10.0,256,20,0,512,512,2.4128768697477496,0.0,3.632236249718945,6.066136468204206,0.0,0.0,1.0,270.0
mppi_flee,coast,300.0,1800.0,0.1,0.15,5.0,inf,10.0,10.0,10,100.0,inf,full,both,inf,180.0,0.01,0.0,0.0,256,20,3,0.5,0.1,0.99,10.0,256,20,0,512,512,2.4128768697477496,0.0,3.632236249718945,6.066136468204206,0.0,0.0,1.0,270.0
mppi_flee,coast,300.0,1800.0,0.1,0.2,5.0,1.25,10.0,10.0,10,100.0,inf,full,both,inf,180.0,0.01,0.0,0.0,256,20,3,0.5,0.1,0.99,10.0,256,20,0,512,512,2.4829570121284754,0.0,3.623586935803718,5.557919991844974,0.0,0.0,1.0,280.0
mppi_flee,coast,300.0,1800.0,0.1,0.2,5.0,2.5,10.0,10.0,10,100.0,inf,full,both,inf,180.0,0.01,0.0,0.0,256,20,3,0.5,0.1,0.99,10.0,256,20,0,512,512,2.4329149372721672,0.0,4.183751157467636,6.165074146700785,0.0,0.0,1.0,270.0
mppi_flee,coast,300.0,1800.0,0.1,0.2,5.0,3.75,10.0,10.0,10,100.0,inf,full,both,inf,180.0,0.01,0.0,0.0,256,20,3,0.5,0.1,0.99,10.0,256,20,0,512,512,2.4399233126220823,0.0,3.7541230352255615,6.336553798130346,0.0,0.0,1.0,270.0
mppi_flee,coast,300.0,1800.0,0.1,0.2,5.0,4.5,10.0,10.0,10,100.0,inf,full,both,inf,180.0,0.01,0.0,0.0,256,20,3,0.5,0.1,0.99,10.0,256,20,0,512,512,2.4400320561432776,0.0,3.5355788198828964,6.1730646936562,0.0,0.0,1.0,270.0
mppi_flee,coast,300.0,1800.0,0.1,0.2,5.0,5.0,10.0,10.0,10,100.0,inf,full,both,inf,180.0,0.01,0.0,0.0,256,20,3,0.5,0.1,0.99,10.0,256,20,0,512,512,2.4412059505108665,0.0,3.485323611425198,6.235774214189974,0.0,0.0,1.0,270.0
mppi_flee,coast,300.0,1800.0,0.1,0.2,5.0,5.5,10.0,10.0,10,100.0,inf,full,both,inf,180.0,0.01,0.0,0.0,256,20,3,0.5,0.1,0.99,10.0,256,20,0,512,512,2.441002428505349,0.0,3.579239677732821,6.20587259935219,0.0,0.0,1.0,270.0
mppi_flee,coast,300.0,1800.0,0.1,0.2,5.0,6.25,10.0,10.0,10,100.0,inf,full,both,inf,180.0,0.01,0.0,0.0,256,20,3,0.5,0.1,0.99,10.0,256,20,0,512,512,2.4417480494675083,0.0,3.606308421169566,6.235322669130198,0.0,0.0,1.0,270.0
mppi_flee,coast,300.0,1800.0,0.1,0.2,5.0,7.5,10.0,10.0,10,100.0,inf,full,both,inf,180.0,0.01,0.0,0.0,256,20,3,0.5,0.1,0.99,10.0,256,20,0,512,512,2.442688422914801,0.0,3.574194212927086,6.258748215981799,0.0,0.0,1.0,270.0
mppi_flee,coast,300.0,1800.0,0.1,0.2,5.0,10.0,10.0,10.0,10,100.0,inf,full,both,inf,180.0,0.01,0.0,0.0,256,20,3,0.5,0.1,0.99,10.0,256,20,0,512,512,2.4425325647156644,0.0,3.5844021535095862,6.286710776151574,0.0,0.0,1.0,270.0
mppi_flee,coast,300.0,1800.0,0.1,0.2,5.0,inf,10.0,10.0,10,100.0,inf,full,both,inf,180.0,0.01,0.0,0.0,256,20,3,0.5,0.1,0.99,10.0,256,20,0,512,512,2.442526697876604,0.0,3.586437223633806,6.291690256653648,0.0,0.0,1.0,270.0
mppi_flee,mppi_direct,300.0,1800.0,0.1,0.025,5.0,1.25,10.0,10.0,10,100.0,inf,full,both,inf,180.0,0.01,0.0,0.0,256,20,3,0.5,0.1,0.99,10.0,256,20,0,512,512,2.2103380588131136,0.5372740616507165,4.445745633793365,6.059401711620131,0.0,0.0,1.0,270.0
mppi_flee,mppi_direct,300.0,1800.0,0.1,0.025,5.0,2.5,10.0,10.0,10,100.0,inf,full,both,inf,180.0,0.01,0.0,0.0,256,20,3,0.5,0.1,0.99,10.0,256,20,0,512,512,2.211846008750217,0.5375017190447307,4.278410863224607,6.006053810396746,0.0,0.0,1.0,270.0
mppi_flee,mppi_direct,300.0,1800.0,0.1,0.025,5.0,3.75,10.0,10.0,10,100.0,inf,full,both,inf,180.0,0.01,0.0,0.0,256,20,3,0.5,0.1,0.99,10.0,256,20,0,512,512,2.211846008750217,0.5375017190447307,4.278410863224607,6.006053810396746,0.0,0.0,1.0,270.0
mppi_flee,mppi_direct,300.0,1800.0,0.1,0.025,5.0,4.5,10.0,10.0,10,100.0,inf,full,both,inf,180.0,0.01,0.0,0.0,256,20,3,0.5,0.1,0.99,10.0,256,20,0,512,512,2.211846008750217,0.5375017190447307,4.278410863224607,6.006053810396746,0.0,0.0,1.0,270.0
mppi_flee,mppi_direct,300.0,1800.0,0.1,0.025,5.0,5.0,10.0,10.0,10,100.0,inf,full,both,inf,180.0,0.01,0.0,0.0,256,20,3,0.5,0.1,0.99,10.0,256,20,0,512,512,2.211846008750217,0.5375017190447307,4.278410863224607,6.006053810396746,0.0,0.0,1.0,270.0
mppi_flee,mppi_direct,300.0,1800.0,0.1,0.025,5.0,5.5,10.0,10.0,10,100.0,inf,full,both,inf,180.0,0.01,0.0,0.0,256,20,3,0.5,0.1,0.99,10.0,256,20,0,512,512,2.211846008750217,0.5375017190447307,4.278410863224607,6.006053810396746,0.0,0.0,1.0,270.0
mppi_flee,mppi_direct,300.0,1800.0,0.1,0.025,5.0,6.25,10.0,10.0,10,100.0,inf,full,both,inf,180.0,0.01,0.0,0.0,256,20,3,0.5,0.1,0.99,10.0,256,20,0,512,512,2.211846008750217,0.5375017190447307,4.278410863224607,6.006053810396746,0.0,0.0,1.0,270.0
mppi_flee,mppi_direct,300.0,1800.0,0.1,0.025,5.0,7.5,10.0,10.0,10,100.0,inf,full,both,inf,180.0,0.01,0.0,0.0,256,20,3,0.5,0.1,0.99,10.0,256,20,0,512,512,2.211846008750217,0.5375017190447307,4.278410863224607,6.006053810396746,0.0,0.0,1.0,270.0
mppi_flee,mppi_direct,300.0,1800.0,0.1,0.025,5.0,10.0,10.0,10.0,10,100.0,inf,full,both,inf,180.0,0.01,0.0,0.0,256,20,3,0.5,0.1,0.99,10.0,256,20,0,512,512,2.211846008750217,0.5375017190447307,4.278410863224607,6.006053810396746,0.0,0.0,1.0,270.0
mppi_flee,mppi_direct,300.0,1800.0,0.1,0.025,5.0,inf,10.0,10.0,10,100.0,inf,full,both,inf,180.0,0.01,0.0,0.0,256,20,3,0.5,0.1,0.99,10.0,256,20,0,512,512,2.211846008750217,0.5375017190447307,4.278410863224607,6.006053810396746,0.0,0.0,1.0,270.0
mppi_flee,mppi_direct,300.0,1800.0,0.1,0.05,5.0,1.25,10.0,10.0,10,100.0,inf,full,both,inf,180.0,0.01,0.0,0.0,256,20,3,0.5,0.1,0.99,10.0,256,20,0,512,512,2.0960406805165626,0.9543373945692564,6.963312249623812,8.845371063390054,0.0,0.0,1.0,250.0
mppi_flee,mppi_direct,300.0,1800.0,0.1,0.05,5.0,2.5,10.0,10.0,10,100.0,inf,full,both,inf,180.0,0.01,0.0,0.0,256,20,3,0.5,0.1,0.99,10.0,256,20,0,512,509,2.103778288711711,1.0268881116603414,6.875775727718287,17.527527333069695,0.0,0.0,0.994140625,250.0
mppi_flee,mppi_direct,300.0,1800.0,0.1,0.05,5.0,3.75,10.0,10.0,10,100.0,inf,full,both,inf,180.0,0.01,0.0,0.0,256,20,3,0.5,0.1,0.99,10.0,256,20,0,512,505,2.1082896939254003,1.045148658937492,7.077735120761113,42.399764661483225,0.0,0.0,0.986328125,250.0
mppi_flee,mppi_direct,300.0,1800.0,0.1,0.05,5.0,4.5,10.0,10.0,10,100.0,inf,full,both,inf,180.0,0.01,0.0,0.0,256,20,3,0.5,0.1,0.99,10.0,256,20,0,512,505,2.1082756167572825,1.0554117288714582,7.077627498459909,53.32232175617014,0.0,0.0,0.986328125,250.0
mppi_flee,mppi_direct,300.0,1800.0,0.1,0.05,5.0,5.0,10.0,10.0,10,100.0,inf,full,both,inf,180.0,0.01,0.0,0.0,256,20,3,0.5,0.1,0.99,10.0,256,20,0,512,505,2.108275599139325,1.0622480058344936,7.077612422150907,59.34773007949678,0.0,0.0,0.986328125,250.0
mppi_flee,mppi_direct,300.0,1800.0,0.1,0.05,5.0,5.5,10.0,10.0,10,100.0,inf,full,both,inf,180.0,0.01,0.0,0.0,256,20,3,0.5,0.1,0.99,10.0,256,20,0,512,505,2.108275599003811,1.0690839433323618,7.077612422394085,64.20217614626321,0.0,0.0,0.986328125,250.0
mppi_flee,mppi_direct,300.0,1800.0,0.1,0.05,5.0,6.25,10.0,10.0,10,100.0,inf,full,both,inf,180.0,0.01,0.0,0.0,256,20,3,0.5,0.1,0.99,10.0,256,20,0,512,505,2.108275599003811,1.0793378495823618,7.077612422394085,69.86344517375638,0.0,0.0,0.986328125,250.0
mppi_flee,mppi_direct,300.0,1800.0,0.1,0.05,5.0,7.5,10.0,10.0,10,100.0,inf,full,both,inf,180.0,0.01,0.0,0.0,256,20,3,0.5,0.1,0.99,10.0,256,20,0,512,505,2.108275599003811,1.0964276933323618,7.077612422394085,75.39415752042042,0.0,0.0,0.986328125,250.0
mppi_flee,mppi_direct,300.0,1800.0,0.1,0.05,5.0,10.0,10.0,10.0,10,100.0,inf,full,both,inf,180.0,0.01,0.0,0.0,256,20,3,0.5,0.1,0.99,10.0,256,20,0,512,505,2.108275599003811,1.1105891599357347,7.077612422394085,76.71828262046999,0.0,0.0,0.986328125,250.0
mppi_flee,mppi_direct,300.0,1800.0,0.1,0.05,5.0,inf,10.0,10.0,10,100.0,inf,full,both,inf,180.0,0.01,0.0,0.0,256,20,3,0.5,0.1,0.99,10.0,256,20,0,512,505,2.108275599003811,1.110575623376456,7.077612422394085,76.71890999260279,0.0,0.0,0.986328125,250.0
mppi_flee,mppi_direct,300.0,1800.0,0.1,0.075,5.0,1.25,10.0,10.0,10,100.0,inf,full,both,inf,180.0,0.01,0.0,0.0,256,20,3,0.5,0.1,0.99,10.0,256,20,0,512,512,2.157421788044372,1.2337921308442603,8.24140903179353,10.864258956905006,0.0,0.0,1.0,230.0
mppi_flee,mppi_direct,300.0,1800.0,0.1,0.075,5.0,2.5,10.0,10.0,10,100.0,inf,full,both,inf,180.0,0.01,0.0,0.0,256,20,3,0.5,0.1,0.99,10.0,256,20,0,512,470,2.1820689540477303,1.4995409698771285,10.393169386007392,54.18172809588933,0.0,0.0,0.91796875,230.0
mppi_flee,mppi_direct,300.0,1800.0,0.1,0.075,5.0,3.75,10.0,10.0,10,100.0,inf,full,both,inf,180.0,0.01,0.0,0.0,256,20,3,0.5,0.1,0.99,10.0,256,20,0,512,452,2.275816539189041,1.7037023239744382,11.490413939983757,297.7794191687928,0.0,0.0,0.8828125,230.0
mppi_flee,mppi_direct,300.0,1800.0,0.1,0.075,5.0,4.5,10.0,10.0,10,100.0,inf,full,both,inf,180.0,0.01,0.0,0.0,256,20,3,0.5,0.1,0.99,10.0,256,20,0,512,458,2.242493738722469,1.7556751732688864,11.404861975583383,360.5015471914727,0.0,0.0,0.89453125,230.0
mppi_flee,mppi_direct,300.0,1800.0,0.1,0.075,5.0,5.0,10.0,10.0,10,100.0,inf,full,both,inf,180.0,0.01,0.0,0.0,256,20,3,0.5,0.1,0.99,10.0,256,20,0,512,454,2.263607956454453,1.8337390671109837,11.52610608496831,456.289586873901,0.0,0.0,0.88671875,230.0
mppi_flee,mppi_direct,300.0,1800.0,0.1,0.075,5.0,5.5,10.0,10.0,10,100.0,inf,full,both,inf,180.0,0.01,0.0,0.0,256,20,3,0.5,0.1,0.99,10.0,256,20,0,512,454,2.263609148643784,1.89046489585814,11.492149701318716,519.4700465829586,0.0,0.0,0.88671875,230.0
mppi_flee,mppi_direct,300.0,1800.0,0.1,0.075,5.0,6.25,10.0,10.0,10,100.0,inf,full,both,inf,180.0,0.01,0.0,0.0,256,20,3,0.5,0.1,0.99,10.0,256,20,0,512,454,2.263608579226559,1.9754290448773864,11.492665715894775,606.0746004738904,0.0,0.0,0.88671875,230.0
mppi_flee,mppi_direct,300.0,1800.0,0.1,0.075,5.0,7.5,10.0,10.0,10,100.0,inf,full,both,inf,180.0,0.01,0.0,0.0,256,20,3,0.5,0.1,0.99,10.0,256,20,0,512,454,2.2636085792191736,2.1170306073773872,11.492665701646247,727.9257200148626,0.0,0.0,0.88671875,230.0
mppi_flee,mppi_direct,300.0,1800.0,0.1,0.075,5.0,10.0,10.0,10.0,10,100.0,inf,full,both,inf,180.0,0.01,0.0,0.0,256,20,3,0.5,0.1,0.99,10.0,256,20,0,512,454,2.2636085792191736,2.4002337323773872,11.492665701646247,884.8478286935974,0.0,0.0,0.88671875,230.0
mppi_flee,mppi_direct,300.0,1800.0,0.1,0.075,5.0,inf,10.0,10.0,10,100.0,inf,full,both,inf,180.0,0.01,0.0,0.0,256,20,3,0.5,0.1,0.99,10.0,256,20,0,512,454,2.2636085792191736,2.717367166932408,11.492665701646247,941.0188128732492,0.0,0.0,0.88671875,230.0
mppi_flee,mppi_direct,300.0,1800.0,0.1,0.09,5.0,1.25,10.0,10.0,10,100.0,inf,full,both,inf,180.0,0.01,0.0,0.0,256,20,3,0.5,0.1,0.99,10.0,256,20,0,512,512,2.356448944954732,1.25,7.013183661903853,9.502907121032935,0.0,0.0,1.0,230.0
mppi_flee,mppi_direct,300.0,1800.0,0.1,0.09,5.0,2.5,10.0,10.0,10,100.0,inf,full,both,inf,180.0,0.01,0.0,0.0,256,20,3,0.5,0.1,0.99,10.0,256,20,0,512,401,2.61364412899026,1.828713553192908,13.677930861465308,105.34437417882512,0.0,0.0,0.783203125,220.0
mppi_flee,mppi_direct,300.0,1800.0,0.1,0.09,5.0,3.75,10.0,10.0,10,100.0,inf,full,both,inf,180.0,0.01,0.0,0.0,256,20,3,0.5,0.1,0.99,10.0,256,20,0,512,380,2.666499305847111,2.187452671099812,16.196402739988592,596.4984294203913,0.0,0.0,0.7421875,220.0
mppi_flee,mppi_direct,300.0,1800.0,0.1,0.09,5.0,4.5,10.0,10.0,10,100.0,inf,full,both,inf,180.0,0.01,0.0,0.0,256,20,3,0.5,0.1,0.99,10.0,256,20,0,512,377,2.680585237426489,2.39704954600525,16.423226224502123,886.4061483348777,0.0,0.0,0.736328125,220.0
mppi_flee,mppi_direct,300.0,1800.0,0.1,0.09,5.0,5.0,10.0,10.0,10,100.0,inf,full,both,inf,180.0,0.01,0.0,0.0,256,20,3,0.5,0.1,0.99,10.0,256,20,0,512,381,2.664575893189597,2.51125060781327,16.260942427645368,1038.1350180489717,0.0,0.0,0.744140625,220.0
mppi_flee,mppi_direct,300.0,1800.0,0.1,0.09,5.0,5.5,10.0,10.0,10,100.0,inf,full,both,inf,180.0,0.01,0.0,0.0,256,20,3,0.5,0.1,0.99,10.0,256,20,0,512,374,2.702209488501349,2.6906175431346724,16.283472958217416,1282.374733098353,0.0,0.0,0.73046875,220.0
mppi_flee,mppi_direct,300.0,1800.0,0.1,0.09,5.0,6.25,10.0,10.0,10,100.0,inf,full,both,inf,180.0,0.01,0.0,0.0,256,20,3,0.5,0.1,0.99,10.0,256,20,0,512,374,2.702807792524549,2.8926735072722507,16.310618932422663,1532.582490711344,0.0,0.0,0.73046875,220.0
mppi_flee,mppi_direct,300.0,1800.0,0.1,0.09,5.0,7.5,10.0,10.0,10,100.0,inf,full,both,inf,180.0,0.01,0.0,0.0,256,20,3,0.5,0.1,0.99,10.0,256,20,0,512,374,2.7027963956446506,3.229593215195107,16.310748495010635,1891.740988845423,0.0,0.0,0.73046875,220.0
mppi_flee,mppi_direct,300.0,1800.0,0.1,0.09,5.0,10.0,10.0,10.0,10,100.0,inf,full,both,inf,180.0,0.01,0.0,0.0,256,20,3,0.5,0.1,0.99,10.0,256,20,0,512,374,2.7027963956446506,3.903421340195107,16.310748494969097,2426.627387909104,0.0,0.0,0.73046875,220.0
mppi_flee,mppi_direct,300.0,1800.0,0.1,0.09,5.0,inf,10.0,10.0,10,100.0,inf,full,both,inf,180.0,0.01,0.0,0.0,256,20,3,0.5,0.1,0.99,10.0,256,20,0,512,374,2.7027963956446506,5.351289492915807,16.310748494969097,2855.3452283896177,0.0,0.0,0.73046875,220.0
mppi_flee,mppi_direct,300.0,1800.0,0.1,0.1,5.0,1.25,10.0,10.0,10,100.0,inf,full,both,inf,180.0,0.01,0.0,0.0,256,20,3,0.5,0.1,0.99,10.0,256,20,0,512,512,2.38593553777084,1.25,6.355546216547005,8.37006283952377,0.0,0.0,1.0,230.0
mppi_flee,mppi_direct,300.0,1800.0,0.1,0.1,5.0,2.5,10.0,10.0,10,100.0,inf,full,both,inf,180.0,0.01,0.0,0.0,256,20,3,0.5,0.1,0.99,10.0,256,20,0,512,368,3.005608862222199,2.0235084326100856,15.759754213274386,126.3873796547748,0.0,0.0,0.71875,210.0
mppi_flee,mppi_direct,300.0,1800.0,0.1,0.1,5.0,3.75,10.0,10.0,10,100.0,inf,full,both,inf,180.0,0.01,0.0,0.0,256,20,3,0.5,0.1,0.99,10.0,256,20,0,512,325,2.971889080774798,2.4907977108995807,20.825638079196438,832.0876639962978,0.0,0.0,0.634765625,210.0
mppi_flee,mppi_direct,300.0,1800.0,0.1,0.1,5.0,4.5,10.0,10.0,10,100.0,inf,full,both,inf,180.0,0.01,0.0,0.0,256,20,3,0.5,0.1,0.99,10.0,256,20,0,512,316,3.0369373247894207,2.8212428641101037,21.893167986897957,1306.2081379561714,0.0,0.0,0.6171875,210.0
mppi_flee,mppi_direct,300.0,1800.0,0.1,0.1,5.0,5.0,10.0,10.0,10,100.0,inf,full,both,inf,180.0,0.01,0.0,0.0,256,20,3,0.5,0.1,0.99,10.0,256,20,0,512,305,3.1025991538901234,3.080930271308848,21.67148676969336,1653.1883233734966,0.0,0.0,0.595703125,210.0
mppi_flee,mppi_direct,300.0,1800.0,0.1,0.1,5.0,5.5,10.0,10.0,10,100.0,inf,full,both,inf,180.0,0.01,0.0,0.0,256,20,3,0.5,0.1,0.99,10.0,256,20,0,512,315,3.0430609991530955,3.213152396296844,21.652317282428776,1831.1368978618948,0.0,0.0,0.615234375,210.0
mppi_flee,mppi_direct,300.0,1800.0,0.1,0.1,5.0,6.25,10.0,10.0,10,100.0,inf,full,both,inf,180.0,0.01,0.0,0.0,256,20,3,0.5,0.1,0.99,10.0,256,20,0,512,309,3.076038900043448,3.5504938007607523,21.71130909189196,2274.9167507035645,0.0,0.0,0.603515625,210.0
mppi_flee,mppi_direct,300.0,1800.0,0.1,0.1,5.0,7.5,10.0,10.0,10,100.0,inf,full,both,inf,180.0,0.01,0.0,0.0,256,20,3,0.5,0.1,0.99,10.0,256,20,0,512,308,3.08253302764342,4.057735875796201,21.823365620028767,2848.543467787682,0.0,0.0,0.6015625,210.0
mppi_flee,mppi_direct,300.0,1800.0,0.1,0.1,5.0,10.0,10.0,10.0,10,100.0,inf,full,both,inf,180.0,0.01,0.0,0.0,256,20,3,0.5,0.1,0.99,10.0,256,20,0,512,308,3.0825330262123622,5.05382961596661,21.82331342263405,3752.1804555633594,0.0,0.0,0.6015625,210.0
mppi_flee,mppi_direct,300.0,1800.0,0.1,0.1,5.0,inf,10.0,10.0,10,100.0,inf,full,both,inf,180.0,0.01,0.0,0.0,256,20,3,0.5,0.1,0.99,10.0,256,20,0,512,308,3.0825330262123622,7.874276922172249,21.82331342263405,4754.430204217819,0.0,0.0,0.6015625,210.0
mppi_flee,mppi_direct,300.0,1800.0,0.1,0.11,5.0,1.25,10.0,10.0,10,100.0,inf,full,both,inf,180.0,0.01,0.0,0.0,256,20,3,0.5,0.1,0.99,10.0,256,20,0,512,512,2.500418032639357,1.25,6.067588939353781,7.587677170172478,0.0,0.0,1.0,235.0
mppi_flee,mppi_direct,300.0,1800.0,0.1,0.11,5.0,2.5,10.0,10.0,10,100.0,inf,full,both,inf,180.0,0.01,0.0,0.0,256,20,3,0.5,0.1,0.99,10.0,256,20,0,512,351,3.290500876894502,2.1574630950668863,16.85995138950182,129.47355694067735,0.0,0.0,0.685546875,210.0
mppi_flee,mppi_direct,300.0,1800.0,0.1,0.11,5.0,3.75,10.0,10.0,10,100.0,inf,full,both,inf,180.0,0.01,0.0,0.0,256,20,3,0.5,0.1,0.99,10.0,256,20,0,512,264,3.3335318586491454,2.7903808321010684,27.66573901885242,1061.0767099477084,0.0,0.0,0.515625,210.0
mppi_flee,mppi_direct,300.0,1800.0,0.1,0.11,5.0,4.5,10.0,10.0,10,100.0,inf,full,both,inf,180.0,0.01,0.0,0.0,256,20,3,0.5,0.1,0.99,10.0,256,20,0,512,258,3.377805709281131,3.1922614701458163,27.460985894015245,1748.569294496185,0.0,0.0,0.50390625,210.0
mppi_flee,mppi_direct,300.0,1800.0,0.1,0.11,5.0,5.0,10.0,10.0,10,100.0,inf,full,both,inf,180.0,0.01,0.0,0.0,256,20,3,0.5,0.1,0.99,10.0,256,20,0,512,248,3.4386874974563075,3.498875502939284,28.60739359815318,2189.1853215033216,0.0,0.0,0.484375,200.0
mppi_flee,mppi_direct,300.0,1800.0,0.1,0.11,5.0,5.5,10.0,10.0,10,100.0,inf,full,both,inf,180.0,0.01,0.0,0.0,256,20,3,0.5,0.1,0.99,10.0,256,20,0,512,252,3.414893387918014,3.732540232674141,28.24734196259899,2527.3363530484044,0.0,0.0,0.4921875,210.0
mppi_flee,mppi_direct,300.0,1800.0,0.1,0.11,5.0,6.25,10.0,10.0,10,100.0,inf,full,both,inf,180.0,0.01,0.0,0.0,256,20,3,0.5,0.1,0.99,10.0,256,20,0,512,251,3.4216980737416343,4.122711337330505,28.79239925749524,3075.875691839486,0.0,0.0,0.490234375,210.0
mppi_flee,mppi_direct,300.0,1800.0,0.1,0.11,5.0,7.5,10.0,10.0,10,100.0,inf,full,both,inf,180.0,0.01,0.0,0.0,256,20,3,0.5,0.1,0.99,10.0,256,20,0,512,248,3.4419270488300078,4.795236339718107,28.74181884326048,3921.1713910160593,0.0,0.0,0.484375,210.0
mppi_flee,mppi_direct,300.0,1800.0,0.1,0.11,5.0,10.0,10.0,10.0,10,100.0,inf,full,both,inf,180.0,0.01,0.0,0.0,256,20,3,0.5,0.1,0.99,10.0,256,20,0,512,249,3.435518517472922,6.06825178598927,28.74460119330356,5215.043738702865,0.0,0.0,0.486328125,210.0
mppi_flee,mppi_direct,300.0,1800.0,0.1,0.11,5.0,inf,10.0,10.0,10,100.0,inf,full,both,inf,180.0,0.01,0.0,0.0,256,20,3,0.5,0.1,0.99,10.0,256,20,0,512,249,3.435518517472922,10.580308361282643,28.74460119330356,7059.129964545926,0.0,0.0,0.486328125,210.0
mppi_flee,mppi_direct,300.0,1800.0,0.1,0.125,5.0,1.25,10.0,10.0,10,100.0,inf,full,both,inf,180.0,0.01,0.0,0.0,256,20,3,0.5,0.1,0.99,10.0,256,20,0,512,512,2.5427785117522936,1.25,5.871547678332584,7.277867767349517,0.0,0.0,1.0,240.0
mppi_flee,mppi_direct,300.0,1800.0,0.1,0.125,5.0,2.5,10.0,10.0,10,100.0,inf,full,both,inf,180.0,0.01,0.0,0.0,256,20,3,0.5,0.1,0.99,10.0,256,20,0,512,345,3.8033593355744655,2.3268125858984976,15.482245352299538,161.3335933260434,0.0,0.0,0.673828125,210.0
mppi_flee,mppi_direct,300.0,1800.0,0.1,0.125,5.0,3.75,10.0,10.0,10,100.0,inf,full,both,inf,180.0,0.01,0.0,0.0,256,20,3,0.5,0.1,0.99,10.0,256,20,0,512,191,3.773815155960477,3.122043370991272,41.12832095599931,1378.267350480145,0.0,0.0,0.373046875,200.0
mppi_flee,mppi_direct,300.0,1800.0,0.1,0.125,5.0,4.5,10.0,10.0,10,100.0,inf,full,both,inf,180.0,0.01,0.0,0.0,256,20,3,0.5,0.1,0.99,10.0,256,20,0,512,169,3.923660856021003,3.703159937711502,40.4941635953048,2336.803660630895,0.0,0.0,0.330078125,200.0
mppi_flee,mppi_direct,300.0,1800.0,0.1,0.125,5.0,5.0,10.0,10.0,10,100.0,inf,full,both,inf,180.0,0.01,0.0,0.0,256,20,3,0.5,0.1,0.99,10.0,256,20,0,512,167,3.9334875364135424,4.0475456674160775,39.28786614021616,2875.9309155099963,0.0,0.0,0.326171875,200.0
mppi_flee,mppi_direct,300.0,1800.0,0.1,0.125,5.0,5.5,10.0,10.0,10,100.0,inf,full,both,inf,180.0,0.01,0.0,0.0,256,20,3,0.5,0.1,0.99,10.0,256,20,0,512,178,3.863277735851562,4.3151852273612645,39.96050004845841,3341.4092332775067,0.0,0.0,0.34765625,200.0
mppi_flee,mppi_direct,300.0,1800.0,0.1,0.125,5.0,6.25,10.0,10.0,10,100.0,inf,full,both,inf,180.0,0.01,0.0,0.0,256,20,3,0.5,0.1,0.99,10.0,256,20,0,512,179,3.857954657243391,4.795872407333917,39.83281507523899,3990.746011975744,0.0,0.0,0.349609375,200.0
mppi_flee,mppi_direct,300.0,1800.0,0.1,0.125,5.0,7.5,10.0,10.0,10,100.0,inf,full,both,inf,180.0,0.01,0.0,0.0,256,20,3,0.5,0.1,0.99,10.0,256,20,0,512,167,3.9365240094639664,5.739701125337455,40.29062376105824,5311.646652313433,0.0,0.0,0.326171875,200.0
mppi_flee,mppi_direct,300.0,1800.0,0.1,0.125,5.0,10.0,10.0,10.0,10,100.0,inf,full,both,inf,180.0,0.01,0.0,0.0,256,20,3,0.5,0.1,0.99,10.0,256,20,0,512,177,3.872052649087546,7.268977283058974,40.25897103922511,7040.989721228329,0.0,0.0,0.345703125,200.0
mppi_flee,mppi_direct,300.0,1800.0,0.1,0.125,5.0,inf,10.0,10.0,10,100.0,inf,full,both,inf,180.0,0.01,0.0,0.0,256,20,3,0.5,0.1,0.99,10.0,256,20,0,512,177,3.872052649087546,14.694719042928638,40.25897102565433,10520.606576679142,0.0,0.0,0.345703125,200.0
mppi_flee,mppi_direct,300.0,1800.0,0.1,0.15,5.0,1.25,10.0,10.0,10,100.0,inf,full,both,inf,180.0,0.01,0.0,0.0,256,20,3,0.5,0.1,0.99,10.0,256,20,0,512,512,2.6345024679788662,1.25,4.954162356007657,6.007107051825418,0.0,0.0,1.0,320.0
mppi_flee,mppi_direct,300.0,1800.0,0.1,0.15,5.0,2.5,10.0,10.0,10,100.0,inf,full,both,inf,180.0,0.01,0.0,0.0,256,20,3,0.5,0.1,0.99,10.0,256,20,0,512,373,4.403578910948402,2.464145677703785,12.999643454211736,107.89054727850076,0.0,0.0,0.728515625,840.0
mppi_flee,mppi_direct,300.0,1800.0,0.1,0.15,5.0,3.75,10.0,10.0,10,100.0,inf,full,both,inf,180.0,0.01,0.0,0.0,256,20,3,0.5,0.1,0.99,10.0,256,20,0,512,99,4.34606155591352,3.47096608652143,64.53283458561496,1678.140047493667,0.0,0.0,0.193359375,180.0
mppi_flee,mppi_direct,300.0,1800.0,0.1,0.15,5.0,4.5,10.0,10.0,10,100.0,inf,full,both,inf,180.0,0.01,0.0,0.0,256,20,3,0.5,0.1,0.99,10.0,256,20,0,512,94,4.38441553242563,4.105637613146197,62.72847105432405,2817.5578095258074,0.0,0.0,0.18359375,180.0
mppi_flee,mppi_direct,300.0,1800.0,0.1,0.15,5.0,5.0,10.0,10.0,10,100.0,inf,full,both,inf,180.0,0.01,0.0,0.0,256,20,3,0.5,0.1,0.99,10.0,256,20,0,512,96,4.373292506117525,4.501686475382597,64.03791976865784,3537.291310790036,0.0,0.0,0.1875,180.0
mppi_flee,mppi_direct,300.0,1800.0,0.1,0.15,5.0,5.5,10.0,10.0,10,100.0,inf,full,both,inf,180.0,0.01,0.0,0.0,256,20,3,0.5,0.1,0.99,10.0,256,20,0,512,98,4.3601163260925695,4.89452274688874,63.70727087503597,4163.020618480628,0.0,0.0,0.19140625,180.0
mppi_flee,mppi_direct,300.0,1800.0,0.1,0.15,5.0,6.25,10.0,10.0,10,100.0,inf,full,both,inf,180.0,0.01,0.0,0.0,256,20,3,0.5,0.1,0.99,10.0,256,20,0,512,81,4.4713015331270345,5.637233501628892,62.91140617784741,5347.193628455519,0.0,0.0,0.158203125,190.0
mppi_flee,mppi_direct,300.0,1800.0,0.1,0.15,5.0,7.5,10.0,10.0,10,100.0,inf,full,both,inf,180.0,0.01,0.0,0.0,256,20,3,0.5,0.1,0.99,10.0,256,20,0,512,86,4.43847049042414,6.637912190542223,63.44470101825336,6885.549752048517,0.0,0.0,0.16796875,190.0
mppi_flee,mppi_direct,300.0,1800.0,0.1,0.15,5.0,10.0,10.0,10.0,10,100.0,inf,full,both,inf,180.0,0.01,0.0,0.0,256,20,3,0.5,0.1,0.99,10.0,256,20,0,512,82,4.467816149542215,8.781408245101414,63.85446986814048,9596.850063263337,0.0,0.0,0.16015625,190.0
mppi_flee,mppi_direct,300.0,1800.0,0.1,0.15,5.0,inf,10.0,10.0,10,100.0,inf,full,both,inf,180.0,0.01,0.0,0.0,256,20,3,0.5,0.1,0.99,10.0,256,20,0,512,82,4.467828104340402,21.9124018725596,63.8556056138761,16740.917371545755,0.0,0.0,0.16015625,190.0
mppi_flee,mppi_direct,300.0,1800.0,0.1,0.2,5.0,1.25,10.0,10.0,10,100.0,inf,full,both,inf,180.0,0.01,0.0,0.0,256,20,3,0.5,0.1,0.99,10.0,256,20,0,512,512,2.929757496811278,1.25,4.431340634660289,5.303522462918749,0.0,0.0,1.0,350.0
mppi_flee,mppi_direct,300.0,1800.0,0.1,0.2,5.0,2.5,10.0,10.0,10,100.0,inf,full,both,inf,180.0,0.01,0.0,0.0,256,20,3,0.5,0.1,0.99,10.0,256,20,0,512,487,4.736032891539241,2.5,6.63052992441594,22.37900228671208,0.0,0.0,0.951171875,790.0
mppi_flee,mppi_direct,300.0,1800.0,0.1,0.2,5.0,3.75,10.0,10.0,10,100.0,inf,full,both,inf,180.0,0.01,0.0,0.0,256,20,3,0.5,0.1,0.99,10.0,256,20,0,512,24,4.834648495428078,3.7041188597033536,113.59960354135326,1859.407591451776,0.0,0.0,0.046875,160.0
mppi_flee,mppi_direct,300.0,1800.0,0.1,0.2,5.0,4.5,10.0,10.0,10,100.0,inf,full,both,inf,180.0,0.01,0.0,0.0,256,20,3,0.5,0.1,0.99,10.0,256,20,0,512,17,4.883109413567042,4.442195152302719,114.1114587615276,3336.2961497868287,0.0,0.0,0.033203125,160.0
mppi_flee,mppi_direct,300.0,1800.0,0.1,0.2,5.0,5.0,10.0,10.0,10,100.0,inf,full,both,inf,180.0,0.01,0.0,0.0,256,20,3,0.5,0.1,0.99,10.0,256,20,0,512,12,4.917871658272436,4.947531714893103,118.5113753329877,4260.006532661236,0.0,0.0,0.0234375,165.0
mppi_flee,mppi_direct,300.0,1800.0,0.1,0.2,5.0,5.5,10.0,10.0,10,100.0,inf,full,both,inf,180.0,0.01,0.0,0.0,256,20,3,0.5,0.1,0.99,10.0,256,20,0,512,11,4.924212204159375,5.442311892326983,117.82348442448796,5126.220471770117,0.0,0.0,0.021484375,160.0
mppi_flee,mppi_direct,300.0,1800.0,0.1,0.2,5.0,6.25,10.0,10.0,10,100.0,inf,full,both,inf,180.0,0.01,0.0,0.0,256,20,3,0.5,0.1,0.99,10.0,256,20,0,512,5,4.966001336793364,6.216025616339794,119.61390159894096,6506.663627499947,0.0,0.0,0.009765625,160.0
mppi_flee,mppi_direct,300.0,1800.0,0.1,0.2,5.0,7.5,10.0,10.0,10,100.0,inf,full,both,inf,180.0,0.01,0.0,0.0,256,20,3,0.5,0.1,0.99,10.0,256,20,0,512,9,4.938653929989655,7.417519481326292,120.09317734350356,8607.073215272381,0.0,0.0,0.017578125,160.0
mppi_flee,mppi_direct,300.0,1800.0,0.1,0.2,5.0,10.0,10.0,10.0,10,100.0,inf,full,both,inf,180.0,0.01,0.0,0.0,256,20,3,0.5,0.1,0.99,10.0,256,20,0,512,5,4.966211835358222,9.930825853244125,119.49110677483242,12425.831322348346,0.0,0.0,0.009765625,170.0
mppi_flee,mppi_direct,300.0,1800.0,0.1,0.2,5.0,inf,10.0,10.0,10,100.0,inf,full,both,inf,180.0,0.01,0.0,0.0,256,20,3,0.5,0.1,0.99,10.0,256,20,0,512,11,4.925179298296344,33.564625156685985,119.90469708879692,27663.174549850708,0.0,0.0,0.021484375,170.0
mppi_flee,mppi_lqr,300.0,1800.0,0.1,0.025,5.0,1.25,10.0,10.0,10,100.0,inf,full,both,inf,180.0,0.01,0.0,0.0,256,20,3,0.5,0.1,0.99,10.0,256,20,0,512,512,2.611236577143893,0.5308529462479069,4.028155561639076,5.414692944877608,0.0,0.0,1.0,320.0
mppi_flee,mppi_lqr,300.0,1800.0,0.1,0.025,5.0,2.5,10.0,10.0,10,100.0,inf,full,both,inf,180.0,0.01,0.0,0.0,256,20,3,0.5,0.1,0.99,10.0,256,20,0,512,512,2.625582627849172,0.5548742189618814,4.014677828024508,5.327897973057962,0.0,0.0,1.0,320.0
mppi_flee,mppi_lqr,300.0,1800.0,0.1,0.025,5.0,3.75,10.0,10.0,10,100.0,inf,full,both,inf,180.0,0.01,0.0,0.0,256,20,3,0.5,0.1,0.99,10.0,256,20,0,512,512,2.625582627849172,0.5548742189618814,4.014677828024508,5.327897973057962,0.0,0.0,1.0,320.0
mppi_flee,mppi_lqr,300.0,1800.0,0.1,0.025,5.0,4.5,10.0,10.0,10,100.0,inf,full,both,inf,180.0,0.01,0.0,0.0,256,20,3,0.5,0.1,0.99,10.0,256,20,0,512,512,2.625582627849172,0.5548742189618814,4.014677828024508,5.327897973057962,0.0,0.0,1.0,320.0
mppi_flee,mppi_lqr,300.0,1800.0,0.1,0.025,5.0,5.0,10.0,10.0,10,100.0,inf,full,both,inf,180.0,0.01,0.0,0.0,256,20,3,0.5,0.1,0.99,10.0,256,20,0,512,512,2.625582627849172,0.5548742189618814,4.014677828024508,5.327897973057962,0.0,0.0,1.0,320.0
mppi_flee,mppi_lqr,300.0,1800.0,0.1,0.025,5.0,5.5,10.0,10.0,10,100.0,inf,full,both,inf,180.0,0.01,0.0,0.0,256,20,3,0.5,0.1,0.99,10.0,256,20,0,512,512,2.625582627849172,0.5548742189618814,4.014677828024508,5.327897973057962,0.0,0.0,1.0,320.0
mppi_flee,mppi_lqr,300.0,1800.0,0.1,0.025,5.0,6.25,10.0,10.0,10,100.0,inf,full,both,inf,180.0,0.01,0.0,0.0,256,20,3,0.5,0.1,0.99,10.0,256,20,0,512,512,2.625582627849172,0.5548742189618814,4.014677828024508,5.327897973057962,0.0,0.0,1.0,320.0
mppi_flee,mppi_lqr,300.0,1800.0,0.1,0.025,5.0,7.5,10.0,10.0,10,100.0,inf,full,both,inf,180.0,0.01,0.0,0.0,256,20,3,0.5,0.1,0.99,10.0,256,20,0,512,512,2.625582627849172,0.5548742189618814,4.014677828024508,5.327897973057962,0.0,0.0,1.0,320.0
mppi_flee,mppi_lqr,300.0,1800.0,0.1,0.025,5.0,10.0,10.0,10.0,10,100.0,inf,full,both,inf,180.0,0.01,0.0,0.0,256,20,3,0.5,0.1,0.99,10.0,256,20,0,512,512,2.625582627849172,0.5548742189618814,4.014677828024508,5.327897973057962,0.0,0.0,1.0,320.0
mppi_flee,mppi_lqr,300.0,1800.0,0.1,0.025,5.0,inf,10.0,10.0,10,100.0,inf,full,both,inf,180.0,0.01,0.0,0.0,256,20,3,0.5,0.1,0.99,10.0,256,20,0,512,512,2.625582627849172,0.5548742189618814,4.014677828024508,5.327897973057962,0.0,0.0,1.0,320.0
mppi_flee,mppi_lqr,300.0,1800.0,0.1,0.05,5.0,1.25,10.0,10.0,10,100.0,inf,full,both,inf,180.0,0.01,0.0,0.0,256,20,3,0.5,0.1,0.99,10.0,256,20,0,512,512,3.452021522767971,1.2497794526582648,3.396888683629406,4.612043767356662,0.0,0.0,1.0,410.0
mppi_flee,mppi_lqr,300.0,1800.0,0.1,0.05,5.0,2.5,10.0,10.0,10,100.0,inf,full,both,inf,180.0,0.01,0.0,0.0,256,20,3,0.5,0.1,0.99,10.0,256,20,0,512,512,3.3711206361801818,1.5724278931092022,6.307095312504584,6.862727862042885,0.0,0.0,1.0,390.0
mppi_flee,mppi_lqr,300.0,1800.0,0.1,0.05,5.0,3.75,10.0,10.0,10,100.0,inf,full,both,inf,180.0,0.01,0.0,0.0,256,20,3,0.5,0.1,0.99,10.0,256,20,0,512,505,3.550114570886956,1.819598821375315,7.1119596978897945,37.66688170137336,0.0,0.0,0.986328125,410.0
mppi_flee,mppi_lqr,300.0,1800.0,0.1,0.05,5.0,4.5,10.0,10.0,10,100.0,inf,full,both,inf,180.0,0.01,0.0,0.0,256,20,3,0.5,0.1,0.99,10.0,256,20,0,512,504,3.554156642757151,1.837542558752117,7.025240604291689,56.51258013448742,0.0,0.0,0.984375,410.0
mppi_flee,mppi_lqr,300.0,1800.0,0.1,0.05,5.0,5.0,10.0,10.0,10,100.0,inf,full,both,inf,180.0,0.01,0.0,0.0,256,20,3,0.5,0.1,0.99,10.0,256,20,0,512,504,3.554283269094158,1.8454455892268515,7.026776956908885,62.3662020193209,0.0,0.0,0.984375,410.0
mppi_flee,mppi_lqr,300.0,1800.0,0.1,0.05,5.0,5.5,10.0,10.0,10,100.0,inf,full,both,inf,180.0,0.01,0.0,0.0,256,20,3,0.5,0.1,0.99,10.0,256,20,0,512,504,3.554282994527156,1.853258061264975,7.026729340601859,67.29795043217673,0.0,0.0,0.984375,410.0
mppi_flee,mppi_lqr,300.0,1800.0,0.1,0.05,5.0,6.25,10.0,10.0,10,100.0,inf,full,both,inf,180.0,0.01,0.0,0.0,256,20,3,0.5,0.1,0.99,10.0,256,20,0,512,504,3.554282994527156,1.864976811264975,7.026729369552609,73.37702972741126,0.0,0.0,0.984375,410.0
mppi_flee,mppi_lqr,300.0,1800.0,0.1,0.05,5.0,7.5,10.0,10.0,10,100.0,inf,full,both,inf,180.0,0.01,0.0,0.0,256,20,3,0.5,0.1,0.99,10.0,256,20,0,512,504,3.554282994527156,1.884508061264975,7.026729369552609,79.4404379414036,0.0,0.0,0.984375,410.0
mppi_flee,mppi_lqr,300.0,1800.0,0.1,0.05,5.0,10.0,10.0,10.0,10,100.0,inf,full,both,inf,180.0,0.01,0.0,0.0,256,20,3,0.5,0.1,0.99,10.0,256,20,0,512,504,3.554282994527156,1.899324599359947,7.026729369552609,80.61407626642307,0.0,0.0,0.984375,410.0
mppi_flee,mppi_lqr,300.0,1800.0,0.1,0.05,5.0,inf,10.0,10.0,10,100.0,inf,full,both,inf,180.0,0.01,0.0,0.0,256,20,3,0.5,0.1,0.99,10.0,256,20,0,512,504,3.554282994527156,1.8993078904149936,7.026729369552609,80.61199652746318,0.0,0.0,0.984375,410.0
mppi_flee,mppi_lqr,300.0,1800.0,0.1,0.075,5.0,1.25,10.0,10.0,10,100.0,inf,full,both,inf,180.0,0.01,0.0,0.0,256,20,3,0.5,0.1,0.99,10.0,256,20,0,512,512,3.69163569147938,1.25,3.4941039589131018,5.2382860263635385,0.0,0.0,1.0,440.0
mppi_flee,mppi_lqr,300.0,1800.0,0.1,0.075,5.0,2.5,10.0,10.0,10,100.0,inf,full,both,inf,180.0,0.01,0.0,0.0,256,20,3,0.5,0.1,0.99,10.0,256,20,0,512,512,4.781131855919713,2.5,3.708175902924281,4.5171725432780345,0.0,0.0,1.0,560.0
mppi_flee,mppi_lqr,300.0,1800.0,0.1,0.075,5.0,3.75,10.0,10.0,10,100.0,inf,full,both,inf,180.0,0.01,0.0,0.0,256,20,3,0.5,0.1,0.99,10.0,256,20,0,512,143,4.840035488550948,3.5955177827862435,52.385889574223015,1234.0341503579266,0.0,0.0,0.279296875,490.0
mppi_flee,mppi_lqr,300.0,1800.0,0.1,0.075,5.0,4.5,10.0,10.0,10,100.0,inf,full,both,inf,180.0,0.01,0.0,0.0,256,20,3,0.5,0.1,0.99,10.0,256,20,0,512,106,4.883577085596385,4.246952734164249,54.345750101560505,2205.3650710286797,0.0,0.0,0.20703125,490.0
mppi_flee,mppi_lqr,300.0,1800.0,0.1,0.075,5.0,5.0,10.0,10.0,10,100.0,inf,full,both,inf,180.0,0.01,0.0,0.0,256,20,3,0.5,0.1,0.99,10.0,256,20,0,512,50,4.939005678752217,4.833513393503236,57.648267188748925,3042.1040988456807,0.0,0.0,0.09765625,480.0
mppi_flee,mppi_lqr,300.0,1800.0,0.1,0.075,5.0,5.5,10.0,10.0,10,100.0,inf,full,both,inf,180.0,0.01,0.0,0.0,256,20,3,0.5,0.1,0.99,10.0,256,20,0,512,56,4.932473900002926,5.262331468949845,56.13291516764797,3478.9272473781693,0.0,0.0,0.109375,480.0
mppi_flee,mppi_lqr,300.0,1800.0,0.1,0.075,5.0,6.25,10.0,10.0,10,100.0,inf,full,both,inf,180.0,0.01,0.0,0.0,256,20,3,0.5,0.1,0.99,10.0,256,20,0,512,69,4.928216276189456,5.864122929079618,55.44303989123616,4057.0637687549943,0.0,0.0,0.134765625,490.0
mppi_flee,mppi_lqr,300.0,1800.0,0.1,0.075,5.0,7.5,10.0,10.0,10,100.0,inf,full,both,inf,180.0,0.01,0.0,0.0,256,20,3,0.5,0.1,0.99,10.0,256,20,0,512,63,4.93210971496349,6.993361848579121,55.5011035960383,5043.973237172353,0.0,0.0,0.123046875,490.0
mppi_flee,mppi_lqr,300.0,1800.0,0.1,0.075,5.0,10.0,10.0,10.0,10,100.0,inf,full,both,inf,180.0,0.01,0.0,0.0,256,20,3,0.5,0.1,0.99,10.0,256,20,0,512,63,4.932109982340692,9.18574983458799,55.50100357188952,6272.910866202056,0.0,0.0,0.123046875,490.0
mppi_flee,mppi_lqr,300.0,1800.0,0.1,0.075,5.0,inf,10.0,10.0,10,100.0,inf,full,both,inf,180.0,0.01,0.0,0.0,256,20,3,0.5,0.1,0.99,10.0,256,20,0,512,63,4.932109982340692,11.683389667545196,55.50100357188952,6720.1828068865,0.0,0.0,0.123046875,490.0
mppi_flee,mppi_lqr,300.0,1800.0,0.1,0.09,5.0,1.25,10.0,10.0,10,100.0,inf,full,both,inf,180.0,0.01,0.0,0.0,256,20,3,0.5,0.1,0.99,10.0,256,20,0,512,512,3.7312213960976,1.25,3.4715865867757185,5.272845878318786,0.0,0.0,1.0,440.0
mppi_flee,mppi_lqr,300.0,1800.0,0.1,0.09,5.0,2.5,10.0,10.0,10,100.0,inf,full,both,inf,180.0,0.01,0.0,0.0,256,20,3,0.5,0.1,0.99,10.0,256,20,0,512,512,4.9343967387172505,2.5,3.5431576775980957,4.591313278425978,0.0,0.0,1.0,600.0
mppi_flee,mppi_lqr,300.0,1800.0,0.1,0.09,5.0,3.75,10.0,10.0,10,100.0,inf,full,both,inf,180.0,0.01,0.0,0.0,256,20,3,0.5,0.1,0.99,10.0,256,20,0,512,39,5.0,3.75,173.7097342546497,800.4678481599641,0.0,0.0,0.076171875,820.0
mppi_flee,mppi_lqr,300.0,1800.0,0.1,0.09,5.0,4.5,10.0,10.0,10,100.0,inf,full,both,inf,180.0,0.01,0.0,0.0,256,20,3,0.5,0.1,0.99,10.0,256,20,0,512,0,5.0,4.5,219.64055863692445,2160.368500574183,0.0,0.0,0.0,
mppi_flee,mppi_lqr,300.0,1800.0,0.1,0.09,5.0,5.0,10.0,10.0,10,100.0,inf,full,both,inf,180.0,0.01,0.0,0.0,256,20,3,0.5,0.1,0.99,10.0,256,20,0,512,0,5.0,5.0,215.98921112466263,2984.838197438398,0.0,0.0,0.0,
mppi_flee,mppi_lqr,300.0,1800.0,0.1,0.09,5.0,5.5,10.0,10.0,10,100.0,inf,full,both,inf,180.0,0.01,0.0,0.0,256,20,3,0.5,0.1,0.99,10.0,256,20,0,512,0,5.0,5.5,212.689766666305,3719.472462975089,0.0,0.0,0.0,
mppi_flee,mppi_lqr,300.0,1800.0,0.1,0.09,5.0,6.25,10.0,10.0,10,100.0,inf,full,both,inf,180.0,0.01,0.0,0.0,256,20,3,0.5,0.1,0.99,10.0,256,20,0,512,0,5.0,6.25,210.8766254649093,4693.204836434554,0.0,0.0,0.0,
mppi_flee,mppi_lqr,300.0,1800.0,0.1,0.09,5.0,7.5,10.0,10.0,10,100.0,inf,full,both,inf,180.0,0.01,0.0,0.0,256,20,3,0.5,0.1,0.99,10.0,256,20,0,512,0,5.0,7.5,209.21690997433103,6084.14582459114,0.0,0.0,0.0,
mppi_flee,mppi_lqr,300.0,1800.0,0.1,0.09,5.0,10.0,10.0,10.0,10,100.0,inf,full,both,inf,180.0,0.01,0.0,0.0,256,20,3,0.5,0.1,0.99,10.0,256,20,0,512,0,5.0,10.0,209.2297717118603,8149.944532952316,0.0,0.0,0.0,
mppi_flee,mppi_lqr,300.0,1800.0,0.1,0.09,5.0,inf,10.0,10.0,10,100.0,inf,full,both,inf,180.0,0.01,0.0,0.0,256,20,3,0.5,0.1,0.99,10.0,256,20,0,512,0,5.0,15.467469666150288,209.22977067965695,9804.318983210447,0.0,0.0,0.0,
mppi_flee,mppi_lqr,300.0,1800.0,0.1,0.1,5.0,1.25,10.0,10.0,10,100.0,inf,full,both,inf,180.0,0.01,0.0,0.0,256,20,3,0.5,0.1,0.99,10.0,256,20,0,512,512,3.7737177642710216,1.25,3.3697653992026604,5.341866515315345,0.0,0.0,1.0,450.0
mppi_flee,mppi_lqr,300.0,1800.0,0.1,0.1,5.0,2.5,10.0,10.0,10,100.0,inf,full,both,inf,180.0,0.01,0.0,0.0,256,20,3,0.5,0.1,0.99,10.0,256,20,0,512,511,4.957070195180227,2.499034697364205,3.7507881272566026,5.4570052640226425,0.0,0.0,0.998046875,610.0
mppi_flee,mppi_lqr,300.0,1800.0,0.1,0.1,5.0,3.75,10.0,10.0,10,100.0,inf,full,both,inf,180.0,0.01,0.0,0.0,256,20,3,0.5,0.1,0.99,10.0,256,20,0,512,112,5.0,3.75,164.79879308171218,634.7446251227329,0.0,0.0,0.21875,880.0
mppi_flee,mppi_lqr,300.0,1800.0,0.1,0.1,5.0,4.5,10.0,10.0,10,100.0,inf,full,both,inf,180.0,0.01,0.0,0.0,256,20,3,0.5,0.1,0.99,10.0,256,20,0,512,0,5.0,4.5,282.1086061124128,1880.0758313718577,0.0,0.0,0.0,
mppi_flee,mppi_lqr,300.0,1800.0,0.1,0.1,5.0,5.0,10.0,10.0,10,100.0,inf,full,both,inf,180.0,0.01,0.0,0.0,256,20,3,0.5,0.1,0.99,10.0,256,20,0,512,0,5.0,5.0,282.669989759453,2754.7661736907203,0.0,0.0,0.0,
mppi_flee,mppi_lqr,300.0,1800.0,0.1,0.1,5.0,5.5,10.0,10.0,10,100.0,inf,full,both,inf,180.0,0.01,0.0,0.0,256,20,3,0.5,0.1,0.99,10.0,256,20,0,512,0,5.0,5.5,281.31274900664613,3578.884708784346,0.0,0.0,0.0,
mppi_flee,mppi_lqr,300.0,1800.0,0.1,0.1,5.0,6.25,10.0,10.0,10,100.0,inf,full,both,inf,180.0,0.01,0.0,0.0,256,20,3,0.5,0.1,0.99,10.0,256,20,0,512,0,5.0,6.25,280.2523884795922,4700.493013486465,0.0,0.0,0.0,
mppi_flee,mppi_lqr,300.0,1800.0,0.1,0.1,5.0,7.5,10.0,10.0,10,100.0,inf,full,both,inf,180.0,0.01,0.0,0.0,256,20,3,0.5,0.1,0.99,10.0,256,20,0,512,0,5.0,7.5,279.1573851482822,6284.252797780721,0.0,0.0,0.0,
mppi_flee,mppi_lqr,300.0,1800.0,0.1,0.1,5.0,10.0,10.0,10.0,10,100.0,inf,full,both,inf,180.0,0.01,0.0,0.0,256,20,3,0.5,0.1,0.99,10.0,256,20,0,512,0,5.0,10.0,278.9699756842002,8706.008128777657,0.0,0.0,0.0,
mppi_flee,mppi_lqr,300.0,1800.0,0.1,0.1,5.0,inf,10.0,10.0,10,100.0,inf,full,both,inf,180.0,0.01,0.0,0.0,256,20,3,0.5,0.1,0.99,10.0,256,20,0,512,0,5.0,17.19193905477858,278.969510858158,11333.994680886488,0.0,0.0,0.0,
mppi_flee,mppi_lqr,300.0,1800.0,0.1,0.11,5.0,1.25,10.0,10.0,10,100.0,inf,full,both,inf,180.0,0.01,0.0,0.0,256,20,3,0.5,0.1,0.99,10.0,256,20,0,512,512,3.792408676823646,1.25,3.344949690259878,5.352779114995565,0.0,0.0,1.0,450.0
mppi_flee,mppi_lqr,300.0,1800.0,0.1,0.11,5.0,2.5,10.0,10.0,10,100.0,inf,full,both,inf,180.0,0.01,0.0,0.0,256,20,3,0.5,0.1,0.99,10.0,256,20,0,512,511,4.98181589395193,2.5,3.5595207100234334,5.082361659546499,0.0,0.0,0.998046875,620.0
mppi_flee,mppi_lqr,300.0,1800.0,0.1,0.11,5.0,3.75,10.0,10.0,10,100.0,inf,full,both,inf,180.0,0.01,0.0,0.0,256,20,3,0.5,0.1,0.99,10.0,256,20,0,512,142,5.0,3.75,160.55506440024658,598.9322403052867,0.0,0.0,0.27734375,915.0
mppi_flee,mppi_lqr,300.0,1800.0,0.1,0.11,5.0,4.5,10.0,10.0,10,100.0,inf,full,both,inf,180.0,0.01,0.0,0.0,256,20,3,0.5,0.1,0.99,10.0,256,20,0,512,0,5.0,4.5,291.3410133016762,1773.8453083205384,0.0,0.0,0.0,
mppi_flee,mppi_lqr,300.0,1800.0,0.1,0.11,5.0,5.0,10.0,10.0,10,100.0,inf,full,both,inf,180.0,0.01,0.0,0.0,256,20,3,0.5,0.1,0.99,10.0,256,20,0,512,0,5.0,5.0,296.44108095231394,2618.262175239858,0.0,0.0,0.0,
mppi_flee,mppi_lqr,300.0,1800.0,0.1,0.11,5.0,5.5,10.0,10.0,10,100.0,inf,full,both,inf,180.0,0.01,0.0,0.0,256,20,3,0.5,0.1,0.99,10.0,256,20,0,512,0,5.0,5.5,296.3371304670997,3454.896283231169,0.0,0.0,0.0,
mppi_flee,mppi_lqr,300.0,1800.0,0.1,0.11,5.0,6.25,10.0,10.0,10,100.0,inf,full,both,inf,180.0,0.01,0.0,0.0,256,20,3,0.5,0.1,0.99,10.0,256,20,0,512,0,5.0,6.25,296.199408515071,4654.747350733422,0.0,0.0,0.0,
mppi_flee,mppi_lqr,300.0,1800.0,0.1,0.11,5.0,7.5,10.0,10.0,10,100.0,inf,full,both,inf,180.0,0.01,0.0,0.0,256,20,3,0.5,0.1,0.99,10.0,256,20,0,512,0,5.0,7.5,295.96738603003206,6347.569164059952,0.0,0.0,0.0,
mppi_flee,mppi_lqr,300.0,1800.0,0.1,0.11,5.0,10.0,10.0,10.0,10,100.0,inf,full,both,inf,180.0,0.01,0.0,0.0,256,20,3,0.5,0.1,0.99,10.0,256,20,0,512,0,5.0,10.0,295.9527980092519,9051.136049430574,0.0,0.0,0.0,
mppi_flee,mppi_lqr,300.0,1800.0,0.1,0.11,5.0,inf,10.0,10.0,10,100.0,inf,full,both,inf,180.0,0.01,0.0,0.0,256,20,3,0.5,0.1,0.99,10.0,256,20,0,512,0,5.0,18.910312467076437,295.95329656073244,12767.345210546391,0.0,0.0,0.0,
mppi_flee,mppi_lqr,300.0,1800.0,0.1,0.125,5.0,1.25,10.0,10.0,10,100.0,inf,full,both,inf,180.0,0.01,0.0,0.0,256,20,3,0.5,0.1,0.99,10.0,256,20,0,512,512,3.833148016029971,1.25,3.027123473172335,5.263165753272037,0.0,0.0,1.0,450.0
mppi_flee,mppi_lqr,300.0,1800.0,0.1,0.125,5.0,2.5,10.0,10.0,10,100.0,inf,full,both,inf,180.0,0.01,0.0,0.0,256,20,3,0.5,0.1,0.99,10.0,256,20,0,512,512,4.99392702763962,2.5,3.3841728848099244,4.737402785790814,0.0,0.0,1.0,640.0
mppi_flee,mppi_lqr,300.0,1800.0,0.1,0.125,5.0,3.75,10.0,10.0,10,100.0,inf,full,both,inf,180.0,0.01,0.0,0.0,256,20,3,0.5,0.1,0.99,10.0,256,20,0,512,155,5.0,3.75,167.9038997163402,619.2920474052681,0.0,0.0,0.302734375,950.0
mppi_flee,mppi_lqr,300.0,1800.0,0.1,0.125,5.0,4.5,10.0,10.0,10,100.0,inf,full,both,inf,180.0,0.01,0.0,0.0,256,20,3,0.5,0.1,0.99,10.0,256,20,0,512,1,5.0,4.5,290.1086131762546,1811.6093195850992,0.0,0.0,0.001953125,1040.0
mppi_flee,mppi_lqr,300.0,1800.0,0.1,0.125,5.0,5.0,10.0,10.0,10,100.0,inf,full,both,inf,180.0,0.01,0.0,0.0,256,20,3,0.5,0.1,0.99,10.0,256,20,0,512,0,5.0,5.0,297.8646099335069,2645.3941179729445,0.0,0.0,0.0,
mppi_flee,mppi_lqr,300.0,1800.0,0.1,0.125,5.0,5.5,10.0,10.0,10,100.0,inf,full,both,inf,180.0,0.01,0.0,0.0,256,20,3,0.5,0.1,0.99,10.0,256,20,0,512,0,5.0,5.5,298.1010812074078,3544.277624613602,0.0,0.0,0.0,
mppi_flee,mppi_lqr,300.0,1800.0,0.1,0.125,5.0,6.25,10.0,10.0,10,100.0,inf,full,both,inf,180.0,0.01,0.0,0.0,256,20,3,0.5,0.1,0.99,10.0,256,20,0,512,0,5.0,6.25,298.0046879054295,4739.757617308617,0.0,0.0,0.0,
mppi_flee,mppi_lqr,300.0,1800.0,0.1,0.125,5.0,7.5,10.0,10.0,10,100.0,inf,full,both,inf,180.0,0.01,0.0,0.0,256,20,3,0.5,0.1,0.99,10.0,256,20,0,512,0,5.0,7.5,298.08022063461067,6594.494761031928,0.0,0.0,0.0,
mppi_flee,mppi_lqr,300.0,1800.0,0.1,0.125,5.0,10.0,10.0,10.0,10,100.0,inf,full,both,inf,180.0,0.01,0.0,0.0,256,20,3,0.5,0.1,0.99,10.0,256,20,0,512,0,5.0,10.0,298.0808105000101,9588.486306635208,0.0,0.0,0.0,
mppi_flee,mppi_lqr,300.0,1800.0,0.1,0.125,5.0,inf,10.0,10.0,10,100.0,inf,full,both,inf,180.0,0.01,0.0,0.0,256,20,3,0.5,0.1,0.99,10.0,256,20,0,512,0,5.0,21.47835363777499,298.0808105975763,15097.204770048656,0.0,0.0,0.0,
mppi_flee,mppi_lqr,300.0,1800.0,0.1,0.15,5.0,1.25,10.0,10.0,10,100.0,inf,full,both,inf,180.0,0.01,0.0,0.0,256,20,3,0.5,0.1,0.99,10.0,256,20,0,512,512,3.856841033157389,1.25,3.537932977038602,5.460656893008399,0.0,0.0,1.0,460.0
mppi_flee,mppi_lqr,300.0,1800.0,0.1,0.15,5.0,2.5,10.0,10.0,10,100.0,inf,full,both,inf,180.0,0.01,0.0,0.0,256,20,3,0.5,0.1,0.99,10.0,256,20,0,512,512,4.998508887345186,2.5,3.3067367311342784,4.762292439700746,0.0,0.0,1.0,660.0
mppi_flee,mppi_lqr,300.0,1800.0,0.1,0.15,5.0,3.75,10.0,10.0,10,100.0,inf,full,both,inf,180.0,0.01,0.0,0.0,256,20,3,0.5,0.1,0.99,10.0,256,20,0,512,120,5.0,3.75,190.13256633084265,739.6533413288436,0.0,0.0,0.234375,980.0
mppi_flee,mppi_lqr,300.0,1800.0,0.1,0.15,5.0,4.5,10.0,10.0,10,100.0,inf,full,both,inf,180.0,0.01,0.0,0.0,256,20,3,0.5,0.1,0.99,10.0,256,20,0,512,0,5.0,4.5,288.48473545560614,1937.4935044682709,0.0,0.0,0.0,
mppi_flee,mppi_lqr,300.0,1800.0,0.1,0.15,5.0,5.0,10.0,10.0,10,100.0,inf,full,both,inf,180.0,0.01,0.0,0.0,256,20,3,0.5,0.1,0.99,10.0,256,20,0,512,0,5.0,5.0,296.77234684666035,2823.6290109508177,0.0,0.0,0.0,
mppi_flee,mppi_lqr,300.0,1800.0,0.1,0.15,5.0,5.5,10.0,10.0,10,100.0,inf,full,both,inf,180.0,0.01,0.0,0.0,256,20,3,0.5,0.1,0.99,10.0,256,20,0,512,0,5.0,5.5,297.86120178685525,3727.730080959799,0.0,0.0,0.0,
mppi_flee,mppi_lqr,300.0,1800.0,0.1,0.15,5.0,6.25,10.0,10.0,10,100.0,inf,full,both,inf,180.0,0.01,0.0,0.0,256,20,3,0.5,0.1,0.99,10.0,256,20,0,512,0,5.0,6.25,298.0585904813852,5056.307445054542,0.0,0.0,0.0,
mppi_flee,mppi_lqr,300.0,1800.0,0.1,0.15,5.0,7.5,10.0,10.0,10,100.0,inf,full,both,inf,180.0,0.01,0.0,0.0,256,20,3,0.5,0.1,0.99,10.0,256,20,0,512,0,5.0,7.5,297.83478151691395,6980.636649721459,0.0,0.0,0.0,
mppi_flee,mppi_lqr,300.0,1800.0,0.1,0.15,5.0,10.0,10.0,10.0,10,100.0,inf,full,both,inf,180.0,0.01,0.0,0.0,256,20,3,0.5,0.1,0.99,10.0,256,20,0,512,0,5.0,10.0,297.7683702301793,10426.96612332222,0.0,0.0,0.0,
mppi_flee,mppi_lqr,300.0,1800.0,0.1,0.15,5.0,inf,10.0,10.0,10,100.0,inf,full,both,inf,180.0,0.01,0.0,0.0,256,20,3,0.5,0.1,0.99,10.0,256,20,0,512,0,5.0,25.75629846728831,297.7683043411136,19191.192694064543,0.0,0.0,0.0,
mppi_flee,mppi_lqr,300.0,1800.0,0.1,0.2,5.0,1.25,10.0,10.0,10,100.0,inf,full,both,inf,180.0,0.01,0.0,0.0,256,20,3,0.5,0.1,0.99,10.0,256,20,0,512,512,3.9126944252211953,1.25,3.1282699171587285,5.483889356743013,0.0,0.0,1.0,460.0
mppi_flee,mppi_lqr,300.0,1800.0,0.1,0.2,5.0,2.5,10.0,10.0,10,100.0,inf,full,both,inf,180.0,0.01,0.0,0.0,256,20,3,0.5,0.1,0.99,10.0,256,20,0,512,512,4.999736215077604,2.5,3.316242832810793,5.067467261017131,0.0,0.0,1.0,680.0
mppi_flee,mppi_lqr,300.0,1800.0,0.1,0.2,5.0,3.75,10.0,10.0,10,100.0,inf,full,both,inf,180.0,0.01,0.0,0.0,256,20,3,0.5,0.1,0.99,10.0,256,20,0,512,92,5.0,3.75,211.43834941652045,939.656054841257,0.0,0.0,0.1796875,1010.0
mppi_flee,mppi_lqr,300.0,1800.0,0.1,0.2,5.0,4.5,10.0,10.0,10,100.0,inf,full,both,inf,180.0,0.01,0.0,0.0,256,20,3,0.5,0.1,0.99,10.0,256,20,0,512,1,5.0,4.5,287.3621654118323,2188.698204112577,0.0,0.0,0.001953125,1240.0
mppi_flee,mppi_lqr,300.0,1800.0,0.1,0.2,5.0,5.0,10.0,10.0,10,100.0,inf,full,both,inf,180.0,0.01,0.0,0.0,256,20,3,0.5,0.1,0.99,10.0,256,20,0,512,0,5.0,5.0,296.0261706060511,3125.6237443593645,0.0,0.0,0.0,
mppi_flee,mppi_lqr,300.0,1800.0,0.1,0.2,5.0,5.5,10.0,10.0,10,100.0,inf,full,both,inf,180.0,0.01,0.0,0.0,256,20,3,0.5,0.1,0.99,10.0,256,20,0,512,0,5.0,5.5,297.27257416734,4121.54429593596,0.0,0.0,0.0,
mppi_flee,mppi_lqr,300.0,1800.0,0.1,0.2,5.0,6.25,10.0,10.0,10,100.0,inf,full,both,inf,180.0,0.01,0.0,0.0,256,20,3,0.5,0.1,0.99,10.0,256,20,0,512,0,5.0,6.25,296.3147939642856,5522.94263762165,0.0,0.0,0.0,
mppi_flee,mppi_lqr,300.0,1800.0,0.1,0.2,5.0,7.5,10.0,10.0,10,100.0,inf,full,both,inf,180.0,0.01,0.0,0.0,256,20,3,0.5,0.1,0.99,10.0,256,20,0,512,0,5.0,7.5,295.7403649621449,7786.811562586352,0.0,0.0,0.0,
mppi_flee,mppi_lqr,300.0,1800.0,0.1,0.2,5.0,10.0,10.0,10.0,10,100.0,inf,full,both,inf,180.0,0.01,0.0,0.0,256,20,3,0.5,0.1,0.99,10.0,256,20,0,512,0,5.0,10.0,296.17810634632303,11753.474471075331,0.0,0.0,0.0,
mppi_flee,mppi_lqr,300.0,1800.0,0.1,0.2,5.0,inf,10.0,10.0,10,100.0,inf,full,both,inf,180.0,0.01,0.0,0.0,256,20,3,0.5,0.1,0.99,10.0,256,20,0,512,0,5.0,34.32849245503501,296.13919965008284,27753.67295305709,0.0,0.0,0.0,
mppi_flee,random,300.0,1800.0,0.1,0.025,5.0,1.25,10.0,10.0,10,100.0,inf,full,both,inf,180.0,0.01,0.0,0.0,256,20,3,0.5,0.1,0.99,10.0,256,20,0,512,512,2.3390286887345506,0.5408862329611582,3.385752596393601,5.525904364399133,0.0,0.0,1.0,290.0
mppi_flee,random,300.0,1800.0,0.1,0.025,5.0,2.5,10.0,10.0,10,100.0,inf,full,both,inf,180.0,0.01,0.0,0.0,256,20,3,0.5,0.1,0.99,10.0,256,20,0,512,512,2.335550937123221,0.5407592127254397,3.4608077933223824,5.61897174265258,0.0,0.0,1.0,290.0
mppi_flee,random,300.0,1800.0,0.1,0.025,5.0,3.75,10.0,10.0,10,100.0,inf,full,both,inf,180.0,0.01,0.0,0.0,256,20,3,0.5,0.1,0.99,10.0,256,20,0,512,512,2.335550937123221,0.5407592127254397,3.4608077933223824,5.61897174265258,0.0,0.0,1.0,290.0
mppi_flee,random,300.0,1800.0,0.1,0.025,5.0,4.5,10.0,10.0,10,100.0,inf,full,both,inf,180.0,0.01,0.0,0.0,256,20,3,0.5,0.1,0.99,10.0,256,20,0,512,512,2.335550937123221,0.5407592127254397,3.4608077933223824,5.61897174265258,0.0,0.0,1.0,290.0
mppi_flee,random,300.0,1800.0,0.1,0.025,5.0,5.0,10.0,10.0,10,100.0,inf,full,both,inf,180.0,0.01,0.0,0.0,256,20,3,0.5,0.1,0.99,10.0,256,20,0,512,512,2.335550937123221,0.5407592127254397,3.4608077933223824,5.61897174265258,0.0,0.0,1.0,290.0
mppi_flee,random,300.0,1800.0,0.1,0.025,5.0,5.5,10.0,10.0,10,100.0,inf,full,both,inf,180.0,0.01,0.0,0.0,256,20,3,0.5,0.1,0.99,10.0,256,20,0,512,512,2.335550937123221,0.5407592127254397,3.4608077933223824,5.61897174265258,0.0,0.0,1.0,290.0
mppi_flee,random,300.0,1800.0,0.1,0.025,5.0,6.25,10.0,10.0,10,100.0,inf,full,both,inf,180.0,0.01,0.0,0.0,256,20,3,0.5,0.1,0.99,10.0,256,20,0,512,512,2.335550937123221,0.5407592127254397,3.4608077933223824,5.61897174265258,0.0,0.0,1.0,290.0
mppi_flee,random,300.0,1800.0,0.1,0.025,5.0,7.5,10.0,10.0,10,100.0,inf,full,both,inf,180.0,0.01,0.0,0.0,256,20,3,0.5,0.1,0.99,10.0,256,20,0,512,512,2.335550937123221,0.5407592127254397,3.4608077933223824,5.61897174265258,0.0,0.0,1.0,290.0
mppi_flee,random,300.0,1800.0,0.1,0.025,5.0,10.0,10.0,10.0,10,100.0,inf,full,both,inf,180.0,0.01,0.0,0.0,256,20,3,0.5,0.1,0.99,10.0,256,20,0,512,512,2.335550937123221,0.5407592127254397,3.4608077933223824,5.61897174265258,0.0,0.0,1.0,290.0
mppi_flee,random,300.0,1800.0,0.1,0.025,5.0,inf,10.0,10.0,10,100.0,inf,full,both,inf,180.0,0.01,0.0,0.0,256,20,3,0.5,0.1,0.99,10.0,256,20,0,512,512,2.335550937123221,0.5407592127254397,3.4608077933223824,5.61897174265258,0.0,0.0,1.0,290.0
mppi_flee,random,300.0,1800.0,0.1,0.05,5.0,1.25,10.0,10.0,10,100.0,inf,full,both,inf,180.0,0.01,0.0,0.0,256,20,3,0.5,0.1,0.99,10.0,256,20,0,512,512,2.3831806454201723,1.0732133759817255,4.16519728046788,6.2890295041946445,0.0,0.0,1.0,280.0
mppi_flee,random,300.0,1800.0,0.1,0.05,5.0,2.5,10.0,10.0,10,100.0,inf,full,both,inf,180.0,0.01,0.0,0.0,256,20,3,0.5,0.1,0.99,10.0,256,20,0,512,512,2.393814853907587,1.078371316757554,3.9079251914685096,5.871868906943314,0.0,0.0,1.0,290.0
mppi_flee,random,300.0,1800.0,0.1,0.05,5.0,3.75,10.0,10.0,10,100.0,inf,full,both,inf,180.0,0.01,0.0,0.0,256,20,3,0.5,0.1,0.99,10.0,256,20,0,512,512,2.396914488586216,1.080271259867364,3.9419714878836327,5.834527108975803,0.0,0.0,1.0,290.0
mppi_flee,random,300.0,1800.0,0.1,0.05,5.0,4.5,10.0,10.0,10,100.0,inf,full,both,inf,180.0,0.01,0.0,0.0,256,20,3,0.5,0.1,0.99,10.0,256,20,0,512,512,2.396915808244158,1.080271259867364,3.9419339047329327,5.834466679492,0.0,0.0,1.0,290.0
mppi_flee,random,300.0,1800.0,0.1,0.05,5.0,5.0,10.0,10.0,10,100.0,inf,full,both,inf,180.0,0.01,0.0,0.0,256,20,3,0.5,0.1,0.99,10.0,256,20,0,512,512,2.396915808244158,1.080271259867364,3.9419339047329327,5.834466679492,0.0,0.0,1.0,290.0
mppi_flee,random,300.0,1800.0,0.1,0.05,5.0,5.5,10.0,10.0,10,100.0,inf,full,both,inf,180.0,0.01,0.0,0.0,256,20,3,0.5,0.1,0.99,10.0,256,20,0,512,512,2.396915808244158,1.080271259867364,3.9419339047329327,5.834466679492,0.0,0.0,1.0,290.0
mppi_flee,random,300.0,1800.0,0.1,0.05,5.0,6.25,10.0,10.0,10,100.0,inf,full,both,inf,180.0,0.01,0.0,0.0,256,20,3,0.5,0.1,0.99,10.0,256,20,0,512,512,2.396915808244158,1.080271259867364,3.9419339047329327,5.834466679492,0.0,0.0,1.0,290.0
mppi_flee,random,300.0,1800.0,0.1,0.05,5.0,7.5,10.0,10.0,10,100.0,inf,full,both,inf,180.0,0.01,0.0,0.0,256,20,3,0.5,0.1,0.99,10.0,256,20,0,512,512,2.396915808244158,1.080271259867364,3.9419339047329327,5.834466679492,0.0,0.0,1.0,290.0
mppi_flee,random,300.0,1800.0,0.1,0.05,5.0,10.0,10.0,10.0,10,100.0,inf,full,both,inf,180.0,0.01,0.0,0.0,256,20,3,0.5,0.1,0.99,10.0,256,20,0,512,512,2.396915808244158,1.080271259867364,3.9419339047329327,5.834466679492,0.0,0.0,1.0,290.0
mppi_flee,random,300.0,1800.0,0.1,0.05,5.0,inf,10.0,10.0,10,100.0,inf,full,both,inf,180.0,0.01,0.0,0.0,256,20,3,0.5,0.1,0.99,10.0,256,20,0,512,512,2.396915808244158,1.080271259867364,3.9419339047329327,5.834466679492,0.0,0.0,1.0,290.0
mppi_flee,random,300.0,1800.0,0.1,0.075,5.0,1.25,10.0,10.0,10,100.0,inf,full,both,inf,180.0,0.01,0.0,0.0,256,20,3,0.5,0.1,0.99,10.0,256,20,0,512,512,2.3826171798218887,1.2499986685362992,3.880491051281336,5.49051496771767,0.0,0.0,1.0,290.0
mppi_flee,random,300.0,1800.0,0.1,0.075,5.0,2.5,10.0,10.0,10,100.0,inf,full,both,inf,180.0,0.01,0.0,0.0,256,20,3,0.5,0.1,0.99,10.0,256,20,0,512,512,2.405319196786213,1.580457538039479,4.696091172567043,6.718403848156743,0.0,0.0,1.0,280.0
mppi_flee,random,300.0,1800.0,0.1,0.075,5.0,3.75,10.0,10.0,10,100.0,inf,full,both,inf,180.0,0.01,0.0,0.0,256,20,3,0.5,0.1,0.99,10.0,256,20,0,512,512,2.4381183928449137,1.6075845463385263,4.713236137978491,6.627277189343146,0.0,0.0,1.0,280.0
mppi_flee,random,300.0,1800.0,0.1,0.075,5.0,4.5,10.0,10.0,10,100.0,inf,full,both,inf,180.0,0.01,0.0,0.0,256,20,3,0.5,0.1,0.99,10.0,256,20,0,512,512,2.437893921687404,1.6089217866026646,4.8255219565538,6.423406725683614,0.0,0.0,1.0,290.0
mppi_flee,random,300.0,1800.0,0.1,0.075,5.0,5.0,10.0,10.0,10,100.0,inf,full,both,inf,180.0,0.01,0.0,0.0,256,20,3,0.5,0.1,0.99,10.0,256,20,0,512,512,2.4380170663494254,1.6088676568021032,4.850862362723344,6.427885126178224,0.0,0.0,1.0,290.0
mppi_flee,random,300.0,1800.0,0.1,0.075,5.0,5.5,10.0,10.0,10,100.0,inf,full,both,inf,180.0,0.01,0.0,0.0,256,20,3,0.5,0.1,0.99,10.0,256,20,0,512,512,2.4379687695659387,1.6088676568021032,4.851703149689086,6.428038796670495,0.0,0.0,1.0,290.0
mppi_flee,random,300.0,1800.0,0.1,0.075,5.0,6.25,10.0,10.0,10,100.0,inf,full,both,inf,180.0,0.01,0.0,0.0,256,20,3,0.5,0.1,0.99,10.0,256,20,0,512,512,2.43796853338005,1.6088676568021032,4.851744573826828,6.428027283983432,0.0,0.0,1.0,290.0
mppi_flee,random,300.0,1800.0,0.1,0.075,5.0,7.5,10.0,10.0,10,100.0,inf,full,both,inf,180.0,0.01,0.0,0.0,256,20,3,0.5,0.1,0.99,10.0,256,20,0,512,512,2.4379685333555083,1.6088676568021032,4.851744573807147,6.428027283328956,0.0,0.0,1.0,290.0
mppi_flee,random,300.0,1800.0,0.1,0.075,5.0,10.0,10.0,10.0,10,100.0,inf,full,both,inf,180.0,0.01,0.0,0.0,256,20,3,0.5,0.1,0.99,10.0,256,20,0,512,512,2.4379685333555083,1.6088676568021032,4.851744573807147,6.428027283328956,0.0,0.0,1.0,290.0
mppi_flee,random,300.0,1800.0,0.1,0.075,5.0,inf,10.0,10.0,10,100.0,inf,full,both,inf,180.0,0.01,0.0,0.0,256,20,3,0.5,0.1,0.99,10.0,256,20,0,512,512,2.4379685333555083,1.6088676568021032,4.851744573807147,6.428027283328956,0.0,0.0,1.0,290.0
mppi_flee,random,300.0,1800.0,0.1,0.09,5.0,1.25,10.0,10.0,10,100.0,inf,full,both,inf,180.0,0.01,0.0,0.0,256,20,3,0.5,0.1,0.99,10.0,256,20,0,512,512,2.383312959625636,1.25,3.291166566802695,5.141728239930046,0.0,0.0,1.0,290.0
mppi_flee,random,300.0,1800.0,0.1,0.09,5.0,2.5,10.0,10.0,10,100.0,inf,full,both,inf,180.0,0.01,0.0,0.0,256,20,3,0.5,0.1,0.99,10.0,256,20,0,512,512,2.4855185318944755,1.9119491510729836,5.141413854122951,6.872439093562989,0.0,0.0,1.0,280.0
mppi_flee,random,300.0,1800.0,0.1,0.09,5.0,3.75,10.0,10.0,10,100.0,inf,full,both,inf,180.0,0.01,0.0,0.0,256,20,3,0.5,0.1,0.99,10.0,256,20,0,512,512,2.466814063832542,1.921908636256394,5.109089690260092,6.862763983296615,0.0,0.0,1.0,280.0
mppi_flee,random,300.0,1800.0,0.1,0.09,5.0,4.5,10.0,10.0,10,100.0,inf,full,both,inf,180.0,0.01,0.0,0.0,256,20,3,0.5,0.1,0.99,10.0,256,20,0,512,512,2.476063467704327,1.9279185044838725,5.202037553395392,6.990607723281915,0.0,0.0,1.0,280.0
mppi_flee,random,300.0,1800.0,0.1,0.09,5.0,5.0,10.0,10.0,10,100.0,inf,full,both,inf,180.0,0.01,0.0,0.0,256,20,3,0.5,0.1,0.99,10.0,256,20,0,512,512,2.468014860779791,1.922914302269999,5.20220117471048,6.908673087041094,0.0,0.0,1.0,280.0
mppi_flee,random,300.0,1800.0,0.1,0.09,5.0,5.5,10.0,10.0,10,100.0,inf,full,both,inf,180.0,0.01,0.0,0.0,256,20,3,0.5,0.1,0.99,10.0,256,20,0,512,512,2.463401297319682,1.9197360936212515,5.227168509420738,6.920861448523887,0.0,0.0,1.0,280.0
mppi_flee,random,300.0,1800.0,0.1,0.09,5.0,6.25,10.0,10.0,10,100.0,inf,full,both,inf,180.0,0.01,0.0,0.0,256,20,3,0.5,0.1,0.99,10.0,256,20,0,512,512,2.4631263837364314,1.9197360936212515,5.2181675516409225,6.910086371117433,0.0,0.0,1.0,280.0
mppi_flee,random,300.0,1800.0,0.1,0.09,5.0,7.5,10.0,10.0,10,100.0,inf,full,both,inf,180.0,0.01,0.0,0.0,256,20,3,0.5,0.1,0.99,10.0,256,20,0,512,512,2.463127194993364,1.9197360936212515,5.217945053698559,6.9102085070737225,0.0,0.0,1.0,280.0
mppi_flee,random,300.0,1800.0,0.1,0.09,5.0,10.0,10.0,10.0,10,100.0,inf,full,both,inf,180.0,0.01,0.0,0.0,256,20,3,0.5,0.1,0.99,10.0,256,20,0,512,512,2.4631271911342782,1.9197360936212515,5.217944817973598,6.910208271345969,0.0,0.0,1.0,280.0
mppi_flee,random,300.0,1800.0,0.1,0.09,5.0,inf,10.0,10.0,10,100.0,inf,full,both,inf,180.0,0.01,0.0,0.0,256,20,3,0.5,0.1,0.99,10.0,256,20,0,512,512,2.4631271911342782,1.9197360936212515,5.217944817973598,6.910208271345969,0.0,0.0,1.0,280.0
mppi_flee,random,300.0,1800.0,0.1,0.1,5.0,1.25,10.0,10.0,10,100.0,inf,full,both,inf,180.0,0.01,0.0,0.0,256,20,3,0.5,0.1,0.99,10.0,256,20,0,512,512,2.371994172297544,1.25,3.5407373495668573,5.146597859566423,0.0,0.0,1.0,290.0
mppi_flee,random,300.0,1800.0,0.1,0.1,5.0,2.5,10.0,10.0,10,100.0,inf,full,both,inf,180.0,0.01,0.0,0.0,256,20,3,0.5,0.1,0.99,10.0,256,20,0,512,512,2.507305501510915,2.125675058761178,5.391110782451328,7.156915009008927,0.0,0.0,1.0,280.0
mppi_flee,random,300.0,1800.0,0.1,0.1,5.0,3.75,10.0,10.0,10,100.0,inf,full,both,inf,180.0,0.01,0.0,0.0,256,20,3,0.5,0.1,0.99,10.0,256,20,0,512,512,2.4957333812458886,2.1356528704494955,5.414763594732584,7.067640928546179,0.0,0.0,1.0,280.0
mppi_flee,random,300.0,1800.0,0.1,0.1,5.0,4.5,10.0,10.0,10,100.0,inf,full,both,inf,180.0,0.01,0.0,0.0,256,20,3,0.5,0.1,0.99,10.0,256,20,0,512,510,2.5113296877178657,2.1509174543918803,5.50630551260665,9.980128959521965,0.0,0.0,0.99609375,280.0
mppi_flee,random,300.0,1800.0,0.1,0.1,5.0,5.0,10.0,10.0,10,100.0,inf,full,both,inf,180.0,0.01,0.0,0.0,256,20,3,0.5,0.1,0.99,10.0,256,20,0,512,510,2.5151888716105733,2.155716375628729,5.425770138538224,9.993557557127575,0.0,0.0,0.99609375,280.0
mppi_flee,random,300.0,1800.0,0.1,0.1,5.0,5.5,10.0,10.0,10,100.0,inf,full,both,inf,180.0,0.01,0.0,0.0,256,20,3,0.5,0.1,0.99,10.0,256,20,0,512,510,2.516303431301732,2.158414636100291,5.419520587893296,9.65399530096492,0.0,0.0,0.99609375,280.0
mppi_flee,random,300.0,1800.0,0.1,0.1,5.0,6.25,10.0,10.0,10,100.0,inf,full,both,inf,180.0,0.01,0.0,0.0,256,20,3,0.5,0.1,0.99,10.0,256,20,0,512,511,2.510885809063476,2.1536804442460964,5.42027285680537,8.173641338129533,0.0,0.0,0.998046875,280.0
mppi_flee,random,300.0,1800.0,0.1,0.1,5.0,7.5,10.0,10.0,10,100.0,inf,full,both,inf,180.0,0.01,0.0,0.0,256,20,3,0.5,0.1,0.99,10.0,256,20,0,512,511,2.510442849289402,2.155775724381765,5.441155281588163,8.41664150068488,0.0,0.0,0.998046875,280.0
mppi_flee,random,300.0,1800.0,0.1,0.1,5.0,10.0,10.0,10.0,10,100.0,inf,full,both,inf,180.0,0.01,0.0,0.0,256,20,3,0.5,0.1,0.99,10.0,256,20,0,512,511,2.5104423725994227,2.160658536881765,5.44122632730656,8.96398616429662,0.0,0.0,0.998046875,280.0
mppi_flee,random,300.0,1800.0,0.1,0.1,5.0,inf,10.0,10.0,10,100.0,inf,full,both,inf,180.0,0.01,0.0,0.0,256,20,3,0.5,0.1,0.99,10.0,256,20,0,512,511,2.5104423725994227,2.1683195469186183,5.441226327296103,8.950385069104273,0.0,0.0,0.998046875,280.0
mppi_flee,random,300.0,1800.0,0.1,0.11,5.0,1.25,10.0,10.0,10,100.0,inf,full,both,inf,180.0,0.01,0.0,0.0,256,20,3,0.5,0.1,0.99,10.0,256,20,0,512,512,2.3782326770026248,1.25,3.2535428443808585,5.097907811373523,0.0,0.0,1.0,290.0
mppi_flee,random,300.0,1800.0,0.1,0.11,5.0,2.5,10.0,10.0,10,100.0,inf,full,both,inf,180.0,0.01,0.0,0.0,256,20,3,0.5,0.1,0.99,10.0,256,20,0,512,512,2.550503231741781,2.3174873215287204,5.415355644509114,7.076079163681506,0.0,0.0,1.0,280.0
mppi_flee,random,300.0,1800.0,0.1,0.11,5.0,3.75,10.0,10.0,10,100.0,inf,full,both,inf,180.0,0.01,0.0,0.0,256,20,3,0.5,0.1,0.99,10.0,256,20,0,512,512,2.563308062357747,2.369564005084215,5.446434052450975,7.371337938273158,0.0,0.0,1.0,280.0
mppi_flee,random,300.0,1800.0,0.1,0.11,5.0,4.5,10.0,10.0,10,100.0,inf,full,both,inf,180.0,0.01,0.0,0.0,256,20,3,0.5,0.1,0.99,10.0,256,20,0,512,507,2.569444790191878,2.3993469987889244,5.609992203035146,12.398505355072729,0.0,0.0,0.990234375,280.0
mppi_flee,random,300.0,1800.0,0.1,0.11,5.0,5.0,10.0,10.0,10,100.0,inf,full,both,inf,180.0,0.01,0.0,0.0,256,20,3,0.5,0.1,0.99,10.0,256,20,0,512,508,2.554014279968753,2.3902340575419267,5.662061536915306,9.573055026833856,0.0,0.0,0.9921875,280.0
mppi_flee,random,300.0,1800.0,0.1,0.11,5.0,5.5,10.0,10.0,10,100.0,inf,full,both,inf,180.0,0.01,0.0,0.0,256,20,3,0.5,0.1,0.99,10.0,256,20,0,512,509,2.5549113559359853,2.393945979151028,5.641620851817172,8.787261990262197,0.0,0.0,0.994140625,280.0
mppi_flee,random,300.0,1800.0,0.1,0.11,5.0,6.25,10.0,10.0,10,100.0,inf,full,both,inf,180.0,0.01,0.0,0.0,256,20,3,0.5,0.1,0.99,10.0,256,20,0,512,510,2.5503810039913346,2.3895173008569675,5.656446926216986,8.427242107377852,0.0,0.0,0.99609375,280.0
mppi_flee,random,300.0,1800.0,0.1,0.11,5.0,7.5,10.0,10.0,10,100.0,inf,full,both,inf,180.0,0.01,0.0,0.0,256,20,3,0.5,0.1,0.99,10.0,256,20,0,512,510,2.550491442689633,2.394934161541211,5.678665766713124,8.363525132990189,0.0,0.0,0.99609375,280.0
mppi_flee,random,300.0,1800.0,0.1,0.11,5.0,10.0,10.0,10.0,10,100.0,inf,full,both,inf,180.0,0.01,0.0,0.0,256,20,3,0.5,0.1,0.99,10.0,256,20,0,512,510,2.5503527697804262,2.404699786541211,5.678740580270018,8.369060868591626,0.0,0.0,0.99609375,280.0
mppi_flee,random,300.0,1800.0,0.1,0.11,5.0,inf,10.0,10.0,10,100.0,inf,full,both,inf,180.0,0.01,0.0,0.0,256,20,3,0.5,0.1,0.99,10.0,256,20,0,512,510,2.550352769072861,2.422574021805783,5.67874069062873,8.857943717185151,0.0,0.0,0.99609375,280.0
mppi_flee,random,300.0,1800.0,0.1,0.125,5.0,1.25,10.0,10.0,10,100.0,inf,full,both,inf,180.0,0.01,0.0,0.0,256,20,3,0.5,0.1,0.99,10.0,256,20,0,512,512,2.3830772697080707,1.25,3.4390685861795367,5.214860835458089,0.0,0.0,1.0,290.0
mppi_flee,random,300.0,1800.0,0.1,0.125,5.0,2.5,10.0,10.0,10,100.0,inf,full,both,inf,180.0,0.01,0.0,0.0,256,20,3,0.5,0.1,0.99,10.0,256,20,0,512,512,2.6086759266698456,2.4634285662025595,5.765313732201661,7.1219653713906,0.0,0.0,1.0,290.0
mppi_flee,random,300.0,1800.0,0.1,0.125,5.0,3.75,10.0,10.0,10,100.0,inf,full,both,inf,180.0,0.01,0.0,0.0,256,20,3,0.5,0.1,0.99,10.0,256,20,0,512,511,2.7077890338959034,2.7324102064097056,5.727945069638181,7.723847455855167,0.0,0.0,0.998046875,280.0
mppi_flee,random,300.0,1800.0,0.1,0.125,5.0,4.5,10.0,10.0,10,100.0,inf,full,both,inf,180.0,0.01,0.0,0.0,256,20,3,0.5,0.1,0.99,10.0,256,20,0,512,511,2.701237629369397,2.787714607328655,5.79746331622174,7.4346764099709,0.0,0.0,0.998046875,280.0
mppi_flee,random,300.0,1800.0,0.1,0.125,5.0,5.0,10.0,10.0,10,100.0,inf,full,both,inf,180.0,0.01,0.0,0.0,256,20,3,0.5,0.1,0.99,10.0,256,20,0,512,504,2.6735130703817047,2.796796516646598,5.880747356287746,15.666483039675994,0.0,0.0,0.984375,280.0
mppi_flee,random,300.0,1800.0,0.1,0.125,5.0,5.5,10.0,10.0,10,100.0,inf,full,both,inf,180.0,0.01,0.0,0.0,256,20,3,0.5,0.1,0.99,10.0,256,20,0,512,494,2.7088105798392217,2.859287481587533,6.108108566863047,31.06839212297721,0.0,0.0,0.96484375,280.0
mppi_flee,random,300.0,1800.0,0.1,0.125,5.0,6.25,10.0,10.0,10,100.0,inf,full,both,inf,180.0,0.01,0.0,0.0,256,20,3,0.5,0.1,0.99,10.0,256,20,0,512,496,2.688526795979534,2.8647127575381592,6.003908558643354,33.11552956128645,0.0,0.0,0.96875,280.0
mppi_flee,random,300.0,1800.0,0.1,0.125,5.0,7.5,10.0,10.0,10,100.0,inf,full,both,inf,180.0,0.01,0.0,0.0,256,20,3,0.5,0.1,0.99,10.0,256,20,0,512,497,2.6931033044183774,2.9033273361357703,5.99311753464026,33.20855082668643,0.0,0.0,0.970703125,280.0
mppi_flee,random,300.0,1800.0,0.1,0.125,5.0,10.0,10.0,10.0,10,100.0,inf,full,both,inf,180.0,0.01,0.0,0.0,256,20,3,0.5,0.1,0.99,10.0,256,20,0,512,496,2.69295757765442,2.985104820631918,6.00704576593385,36.09275615833043,0.0,0.0,0.96875,280.0
mppi_flee,random,300.0,1800.0,0.1,0.125,5.0,inf,10.0,10.0,10,100.0,inf,full,both,inf,180.0,0.01,0.0,0.0,256,20,3,0.5,0.1,0.99,10.0,256,20,0,512,496,2.692956978616323,3.20598906855306,6.007118770857337,38.96453632278699,0.0,0.0,0.96875,280.0
mppi_flee,random,300.0,1800.0,0.1,0.15,5.0,1.25,10.0,10.0,10,100.0,inf,full,both,inf,180.0,0.01,0.0,0.0,256,20,3,0.5,0.1,0.99,10.0,256,20,0,512,512,2.3810875156729963,1.25,3.287374591882535,4.9307484119208524,0.0,0.0,1.0,290.0
mppi_flee,random,300.0,1800.0,0.1,0.15,5.0,2.5,10.0,10.0,10,100.0,inf,full,both,inf,180.0,0.01,0.0,0.0,256,20,3,0.5,0.1,0.99,10.0,256,20,0,512,512,2.60585048184792,2.4994943543611767,4.763289646368897,6.2126798246763055,0.0,0.0,1.0,300.0
mppi_flee,random,300.0,1800.0,0.1,0.15,5.0,3.75,10.0,10.0,10,100.0,inf,full,both,inf,180.0,0.01,0.0,0.0,256,20,3,0.5,0.1,0.99,10.0,256,20,0,512,509,3.081397643380863,3.305112087217277,6.138268528699584,8.217065375306428,0.0,0.0,0.994140625,300.0
mppi_flee,random,300.0,1800.0,0.1,0.15,5.0,4.5,10.0,10.0,10,100.0,inf,full,both,inf,180.0,0.01,0.0,0.0,256,20,3,0.5,0.1,0.99,10.0,256,20,0,512,505,3.0355347096500416,3.44436279343353,6.118923805600595,10.552025805835278,0.0,0.0,0.986328125,290.0
mppi_flee,random,300.0,1800.0,0.1,0.15,5.0,5.0,10.0,10.0,10,100.0,inf,full,both,inf,180.0,0.01,0.0,0.0,256,20,3,0.5,0.1,0.99,10.0,256,20,0,512,504,2.960396445564825,3.4866942681968816,6.215950631152966,11.12520231744431,0.0,0.0,0.984375,290.0
mppi_flee,random,300.0,1800.0,0.1,0.15,5.0,5.5,10.0,10.0,10,100.0,inf,full,both,inf,180.0,0.01,0.0,0.0,256,20,3,0.5,0.1,0.99,10.0,256,20,0,512,500,2.945410653187052,3.554260229131205,6.30528390914512,15.38814636638526,0.0,0.0,0.9765625,290.0
mppi_flee,random,300.0,1800.0,0.1,0.15,5.0,6.25,10.0,10.0,10,100.0,inf,full,both,inf,180.0,0.01,0.0,0.0,256,20,3,0.5,0.1,0.99,10.0,256,20,0,512,458,2.956803946248388,3.674462495699705,6.9188025179527015,78.8212850783528,0.0,0.0,0.89453125,280.0
mppi_flee,random,300.0,1800.0,0.1,0.15,5.0,7.5,10.0,10.0,10,100.0,inf,full,both,inf,180.0,0.01,0.0,0.0,256,20,3,0.5,0.1,0.99,10.0,256,20,0,512,457,2.944148366246444,3.798123788128221,7.162387090674046,100.31971204223971,0.0,0.0,0.892578125,280.0
mppi_flee,random,300.0,1800.0,0.1,0.15,5.0,10.0,10.0,10.0,10,100.0,inf,full,both,inf,180.0,0.01,0.0,0.0,256,20,3,0.5,0.1,0.99,10.0,256,20,0,512,458,2.944658468428349,4.0618557627611045,7.091348027484578,118.2787748005918,0.0,0.0,0.89453125,280.0
mppi_flee,random,300.0,1800.0,0.1,0.15,5.0,inf,10.0,10.0,10,100.0,inf,full,both,inf,180.0,0.01,0.0,0.0,256,20,3,0.5,0.1,0.99,10.0,256,20,0,512,458,2.9446630746413383,5.149233883891249,7.09922660482358,139.06010083909126,0.0,0.0,0.89453125,280.0
mppi_flee,random,300.0,1800.0,0.1,0.2,5.0,1.25,10.0,10.0,10,100.0,inf,full,both,inf,180.0,0.01,0.0,0.0,256,20,3,0.5,0.1,0.99,10.0,256,20,0,512,512,2.39444132184726,1.25,3.166519857977516,4.863715415988645,0.0,0.0,1.0,300.0
mppi_flee,random,300.0,1800.0,0.1,0.2,5.0,2.5,10.0,10.0,10,100.0,inf,full,both,inf,180.0,0.01,0.0,0.0,256,20,3,0.5,0.1,0.99,10.0,256,20,0,512,512,2.576852179558297,2.5,3.802831447059601,5.237904693343098,0.0,0.0,1.0,300.0
mppi_flee,random,300.0,1800.0,0.1,0.2,5.0,3.75,10.0,10.0,10,100.0,inf,full,both,inf,180.0,0.01,0.0,0.0,256,20,3,0.5,0.1,0.99,10.0,256,20,0,512,512,3.2632522807792106,3.724612919862321,6.023477388658838,6.952698872659221,0.0,0.0,1.0,330.0
mppi_flee,random,300.0,1800.0,0.1,0.2,5.0,4.5,10.0,10.0,10,100.0,inf,full,both,inf,180.0,0.01,0.0,0.0,256,20,3,0.5,0.1,0.99,10.0,256,20,0,512,506,3.620382255201448,4.3130250372699255,6.593501903411941,9.004875666664018,0.0,0.0,0.98828125,360.0
mppi_flee,random,300.0,1800.0,0.1,0.2,5.0,5.0,10.0,10.0,10,100.0,inf,full,both,inf,180.0,0.01,0.0,0.0,256,20,3,0.5,0.1,0.99,10.0,256,20,0,512,495,3.6665104293453257,4.599258428815633,6.925407505970727,13.305757645972443,0.0,0.0,0.966796875,350.0
mppi_flee,random,300.0,1800.0,0.1,0.2,5.0,5.5,10.0,10.0,10,100.0,inf,full,both,inf,180.0,0.01,0.0,0.0,256,20,3,0.5,0.1,0.99,10.0,256,20,0,512,491,3.708648623423649,4.851013256465695,7.224710372230746,16.350564972298717,0.0,0.0,0.958984375,350.0
mppi_flee,random,300.0,1800.0,0.1,0.2,5.0,6.25,10.0,10.0,10,100.0,inf,full,both,inf,180.0,0.01,0.0,0.0,256,20,3,0.5,0.1,0.99,10.0,256,20,0,512,473,3.70006974880698,5.205286106577905,7.867367881046264,28.006579695040397,0.0,0.0,0.923828125,330.0
mppi_flee,random,300.0,1800.0,0.1,0.2,5.0,7.5,10.0,10.0,10,100.0,inf,full,both,inf,180.0,0.01,0.0,0.0,256,20,3,0.5,0.1,0.99,10.0,256,20,0,512,395,3.6562642721714167,5.698424381197182,10.491075595787317,122.2433496040346,0.0,0.0,0.771484375,300.0
mppi_flee,random,300.0,1800.0,0.1,0.2,5.0,10.0,10.0,10.0,10,100.0,inf,full,both,inf,180.0,0.01,0.0,0.0,256,20,3,0.5,0.1,0.99,10.0,256,20,0,512,324,3.663141288604921,6.667532154123166,12.892033993952108,383.2718247767029,0.0,0.0,0.6328125,290.0
mppi_flee,random,300.0,1800.0,0.1,0.2,5.0,inf,10.0,10.0,10,100.0,inf,full,both,inf,180.0,0.01,0.0,0.0,256,20,3,0.5,0.1,0.99,10.0,256,20,0,512,322,3.6615362842636574,12.963149714433277,12.953819070537458,544.6314413521242,0.0,0.0,0.62890625,285.0
mppi_flee,transverse,300.0,1800.0,0.1,0.025,5.0,1.25,10.0,10.0,10,100.0,inf,full,both,inf,180.0,0.01,0.0,0.0,256,20,3,0.5,0.1,0.99,10.0,256,20,0,512,512,2.389363441319309,0.7312988281250004,6.30258264439452,7.69928259418465,0.0,0.0,1.0,290.0
mppi_flee,transverse,300.0,1800.0,0.1,0.025,5.0,2.5,10.0,10.0,10,100.0,inf,full,both,inf,180.0,0.01,0.0,0.0,256,20,3,0.5,0.1,0.99,10.0,256,20,0,512,512,2.386118420956592,0.7318847656250003,6.243345207978637,7.618739324435041,0.0,0.0,1.0,290.0
mppi_flee,transverse,300.0,1800.0,0.1,0.025,5.0,3.75,10.0,10.0,10,100.0,inf,full,both,inf,180.0,0.01,0.0,0.0,256,20,3,0.5,0.1,0.99,10.0,256,20,0,512,512,2.386118420956592,0.7318847656250003,6.243345207978637,7.618739324435041,0.0,0.0,1.0,290.0
mppi_flee,transverse,300.0,1800.0,0.1,0.025,5.0,4.5,10.0,10.0,10,100.0,inf,full,both,inf,180.0,0.01,0.0,0.0,256,20,3,0.5,0.1,0.99,10.0,256,20,0,512,512,2.386118420956592,0.7318847656250003,6.243345207978637,7.618739324435041,0.0,0.0,1.0,290.0
mppi_flee,transverse,300.0,1800.0,0.1,0.025,5.0,5.0,10.0,10.0,10,100.0,inf,full,both,inf,180.0,0.01,0.0,0.0,256,20,3,0.5,0.1,0.99,10.0,256,20,0,512,512,2.386118420956592,0.7318847656250003,6.243345207978637,7.618739324435041,0.0,0.0,1.0,290.0
mppi_flee,transverse,300.0,1800.0,0.1,0.025,5.0,5.5,10.0,10.0,10,100.0,inf,full,both,inf,180.0,0.01,0.0,0.0,256,20,3,0.5,0.1,0.99,10.0,256,20,0,512,512,2.386118420956592,0.7318847656250003,6.243345207978637,7.618739324435041,0.0,0.0,1.0,290.0
mppi_flee,transverse,300.0,1800.0,0.1,0.025,5.0,6.25,10.0,10.0,10,100.0,inf,full,both,inf,180.0,0.01,0.0,0.0,256,20,3,0.5,0.1,0.99,10.0,256,20,0,512,512,2.386118420956592,0.7318847656250003,6.243345207978637,7.618739324435041,0.0,0.0,1.0,290.0
mppi_flee,transverse,300.0,1800.0,0.1,0.025,5.0,7.5,10.0,10.0,10,100.0,inf,full,both,inf,180.0,0.01,0.0,0.0,256,20,3,0.5,0.1,0.99,10.0,256,20,0,512,512,2.386118420956592,0.7318847656250003,6.243345207978637,7.618739324435041,0.0,0.0,1.0,290.0
mppi_flee,transverse,300.0,1800.0,0.1,0.025,5.0,10.0,10.0,10.0,10,100.0,inf,full,both,inf,180.0,0.01,0.0,0.0,256,20,3,0.5,0.1,0.99,10.0,256,20,0,512,512,2.386118420956592,0.7318847656250003,6.243345207978637,7.618739324435041,0.0,0.0,1.0,290.0
mppi_flee,transverse,300.0,1800.0,0.1,0.025,5.0,inf,10.0,10.0,10,100.0,inf,full,both,inf,180.0,0.01,0.0,0.0,256,20,3,0.5,0.1,0.99,10.0,256,20,0,512,512,2.386118420956592,0.7318847656250003,6.243345207978637,7.618739324435041,0.0,0.0,1.0,290.0
mppi_flee,transverse,300.0,1800.0,0.1,0.05,5.0,1.25,10.0,10.0,10,100.0,inf,full,both,inf,180.0,0.01,0.0,0.0,256,20,3,0.5,0.1,0.99,10.0,256,20,0,512,512,3.3981748209318785,1.25,7.410828574047533,7.841732225831023,0.0,0.0,1.0,360.0
mppi_flee,transverse,300.0,1800.0,0.1,0.05,5.0,2.5,10.0,10.0,10,100.0,inf,full,both,inf,180.0,0.01,0.0,0.0,256,20,3,0.5,0.1,0.99,10.0,256,20,0,512,292,4.869150406278364,2.44677734375,16.46082093157479,94.42006519827056,0.0,0.0,0.5703125,760.0
mppi_flee,transverse,300.0,1800.0,0.1,0.05,5.0,3.75,10.0,10.0,10,100.0,inf,full,both,inf,180.0,0.01,0.0,0.0,256,20,3,0.5,0.1,0.99,10.0,256,20,0,512,25,4.894258066834532,3.6462890625,30.232880312981766,1713.9130128329973,0.0,0.0,0.048828125,310.0
mppi_flee,transverse,300.0,1800.0,0.1,0.05,5.0,4.5,10.0,10.0,10,100.0,inf,full,both,inf,180.0,0.01,0.0,0.0,256,20,3,0.5,0.1,0.99,10.0,256,20,0,512,25,4.894258405137395,4.35966796875,30.2468635732574,2053.0649259856755,0.0,0.0,0.048828125,310.0
mppi_flee,transverse,300.0,1800.0,0.1,0.05,5.0,5.0,10.0,10.0,10,100.0,inf,full,both,inf,180.0,0.01,0.0,0.0,256,20,3,0.5,0.1,0.99,10.0,256,20,0,512,25,4.894258388493281,4.83525390625,30.246956712879943,2217.1889755018665,0.0,0.0,0.048828125,310.0
mppi_flee,transverse,300.0,1800.0,0.1,0.05,5.0,5.5,10.0,10.0,10,100.0,inf,full,both,inf,180.0,0.01,0.0,0.0,256,20,3,0.5,0.1,0.99,10.0,256,20,0,512,25,4.894258385658588,5.31083984375,30.24696177129397,2348.004964704891,0.0,0.0,0.048828125,310.0
mppi_flee,transverse,300.0,1800.0,0.1,0.05,5.0,6.25,10.0,10.0,10,100.0,inf,full,both,inf,180.0,0.01,0.0,0.0,256,20,3,0.5,0.1,0.99,10.0,256,20,0,512,25,4.894258385658588,6.02421875,30.246961775125115,2492.18172104868,0.0,0.0,0.048828125,310.0
mppi_flee,transverse,300.0,1800.0,0.1,0.05,5.0,7.5,10.0,10.0,10,100.0,inf,full,both,inf,180.0,0.01,0.0,0.0,256,20,3,0.5,0.1,0.99,10.0,256,20,0,512,25,4.894258385658588,7.21318359375,30.246961775125115,2619.517613205845,0.0,0.0,0.048828125,310.0
mppi_flee,transverse,300.0,1800.0,0.1,0.05,5.0,10.0,10.0,10.0,10,100.0,inf,full,both,inf,180.0,0.01,0.0,0.0,256,20,3,0.5,0.1,0.99,10.0,256,20,0,512,25,4.894258385658588,8.639941406249994,30.246961775125115,2649.178789118818,0.0,0.0,0.048828125,310.0
mppi_flee,transverse,300.0,1800.0,0.1,0.05,5.0,inf,10.0,10.0,10,100.0,inf,full,both,inf,180.0,0.01,0.0,0.0,256,20,3,0.5,0.1,0.99,10.0,256,20,0,512,25,4.894258385658588,8.639941406249994,30.246961775125115,2649.178789118818,0.0,0.0,0.048828125,310.0
mppi_flee,transverse,300.0,1800.0,0.1,0.075,5.0,1.25,10.0,10.0,10,100.0,inf,full,both,inf,180.0,0.01,0.0,0.0,256,20,3,0.5,0.1,0.99,10.0,256,20,0,512,512,2.985104679873832,1.25,4.2452303240159095,4.934649627067672,0.0,0.0,1.0,340.0
mppi_flee,transverse,300.0,1800.0,0.1,0.075,5.0,2.5,10.0,10.0,10,100.0,inf,full,both,inf,180.0,0.01,0.0,0.0,256,20,3,0.5,0.1,0.99,10.0,256,20,0,512,512,4.987708375290677,2.5,7.042826818091786,7.045782838605584,0.0,0.0,1.0,730.0
mppi_flee,transverse,300.0,1800.0,0.1,0.075,5.0,3.75,10.0,10.0,10,100.0,inf,full,both,inf,180.0,0.01,0.0,0.0,256,20,3,0.5,0.1,0.99,10.0,256,20,0,512,0,5.0,3.75,86.70238319706102,1101.401545329424,0.0,0.0,0.0,
mppi_flee,transverse,300.0,1800.0,0.1,0.075,5.0,4.5,10.0,10.0,10,100.0,inf,full,both,inf,180.0,0.01,0.0,0.0,256,20,3,0.5,0.1,0.99,10.0,256,20,0,512,0,5.0,4.5,86.70342963911241,2178.675432773773,0.0,0.0,0.0,
mppi_flee,transverse,300.0,1800.0,0.1,0.075,5.0,5.0,10.0,10.0,10,100.0,inf,full,both,inf,180.0,0.01,0.0,0.0,256,20,3,0.5,0.1,0.99,10.0,256,20,0,512,0,5.0,5.0,86.68820044255912,2671.5809350536306,0.0,0.0,0.0,
mppi_flee,transverse,300.0,1800.0,0.1,0.075,5.0,5.5,10.0,10.0,10,100.0,inf,full,both,inf,180.0,0.01,0.0,0.0,256,20,3,0.5,0.1,0.99,10.0,256,20,0,512,0,5.0,5.5,86.68575854212143,3041.090704042169,0.0,0.0,0.0,
mppi_flee,transverse,300.0,1800.0,0.1,0.075,5.0,6.25,10.0,10.0,10,100.0,inf,full,both,inf,180.0,0.01,0.0,0.0,256,20,3,0.5,0.1,0.99,10.0,256,20,0,512,0,5.0,6.25,86.68530840153666,3461.7372303018974,0.0,0.0,0.0,
mppi_flee,transverse,300.0,1800.0,0.1,0.075,5.0,7.5,10.0,10.0,10,100.0,inf,full,both,inf,180.0,0.01,0.0,0.0,256,20,3,0.5,0.1,0.99,10.0,256,20,0,512,0,5.0,7.5,86.68526852952223,3966.236523492345,0.0,0.0,0.0,
mppi_flee,transverse,300.0,1800.0,0.1,0.075,5.0,10.0,10.0,10.0,10,100.0,inf,full,both,inf,180.0,0.01,0.0,0.0,256,20,3,0.5,0.1,0.99,10.0,256,20,0,512,0,5.0,10.0,86.68526837408197,4517.109811835671,0.0,0.0,0.0,
mppi_flee,transverse,300.0,1800.0,0.1,0.075,5.0,inf,10.0,10.0,10,100.0,inf,full,both,inf,180.0,0.01,0.0,0.0,256,20,3,0.5,0.1,0.99,10.0,256,20,0,512,0,5.0,13.49999999999996,86.68526837408197,4674.665391416117,0.0,0.0,0.0,
mppi_flee,transverse,300.0,1800.0,0.1,0.09,5.0,1.25,10.0,10.0,10,100.0,inf,full,both,inf,180.0,0.01,0.0,0.0,256,20,3,0.5,0.1,0.99,10.0,256,20,0,512,512,2.96857974904282,1.25,3.67897171790107,4.581131307375235,0.0,0.0,1.0,350.0
mppi_flee,transverse,300.0,1800.0,0.1,0.09,5.0,2.5,10.0,10.0,10,100.0,inf,full,both,inf,180.0,0.01,0.0,0.0,256,20,3,0.5,0.1,0.99,10.0,256,20,0,512,512,4.981428313187186,2.5,5.951605952433275,5.95924537001151,0.0,0.0,1.0,690.0
mppi_flee,transverse,300.0,1800.0,0.1,0.09,5.0,3.75,10.0,10.0,10,100.0,inf,full,both,inf,180.0,0.01,0.0,0.0,256,20,3,0.5,0.1,0.99,10.0,256,20,0,512,7,5.0,3.75,118.24674597098206,878.5242380363968,0.0,0.0,0.013671875,940.0
mppi_flee,transverse,300.0,1800.0,0.1,0.09,5.0,4.5,10.0,10.0,10,100.0,inf,full,both,inf,180.0,0.01,0.0,0.0,256,20,3,0.5,0.1,0.99,10.0,256,20,0,512,0,5.0,4.5,120.26378746146374,1956.194390925736,0.0,0.0,0.0,
mppi_flee,transverse,300.0,1800.0,0.1,0.09,5.0,5.0,10.0,10.0,10,100.0,inf,full,both,inf,180.0,0.01,0.0,0.0,256,20,3,0.5,0.1,0.99,10.0,256,20,0,512,0,5.0,5.0,120.19748544668438,2641.0582702515903,0.0,0.0,0.0,
mppi_flee,transverse,300.0,1800.0,0.1,0.09,5.0,5.5,10.0,10.0,10,100.0,inf,full,both,inf,180.0,0.01,0.0,0.0,256,20,3,0.5,0.1,0.99,10.0,256,20,0,512,0,5.0,5.5,120.17038273249987,3204.3905655521567,0.0,0.0,0.0,
mppi_flee,transverse,300.0,1800.0,0.1,0.09,5.0,6.25,10.0,10.0,10,100.0,inf,full,both,inf,180.0,0.01,0.0,0.0,256,20,3,0.5,0.1,0.99,10.0,256,20,0,512,0,5.0,6.25,120.16858994812652,3838.642635154598,0.0,0.0,0.0,
mppi_flee,transverse,300.0,1800.0,0.1,0.09,5.0,7.5,10.0,10.0,10,100.0,inf,full,both,inf,180.0,0.01,0.0,0.0,256,20,3,0.5,0.1,0.99,10.0,256,20,0,512,0,5.0,7.5,120.16800253017588,4556.295083674318,0.0,0.0,0.0,
mppi_flee,transverse,300.0,1800.0,0.1,0.09,5.0,10.0,10.0,10.0,10,100.0,inf,full,both,inf,180.0,0.01,0.0,0.0,256,20,3,0.5,0.1,0.99,10.0,256,20,0,512,0,5.0,10.0,120.16798181234095,5413.763379175771,0.0,0.0,0.0,
mppi_flee,transverse,300.0,1800.0,0.1,0.09,5.0,inf,10.0,10.0,10,100.0,inf,full,both,inf,180.0,0.01,0.0,0.0,256,20,3,0.5,0.1,0.99,10.0,256,20,0,512,0,5.0,16.19999999999998,120.16798181234095,5962.02440493685,0.0,0.0,0.0,
mppi_flee,transverse,300.0,1800.0,0.1,0.1,5.0,1.25,10.0,10.0,10,100.0,inf,full,both,inf,180.0,0.01,0.0,0.0,256,20,3,0.5,0.1,0.99,10.0,256,20,0,512,512,2.945096640903032,1.25,3.609325327117789,4.675031638536943,0.0,0.0,1.0,350.0
mppi_flee,transverse,300.0,1800.0,0.1,0.1,5.0,2.5,10.0,10.0,10,100.0,inf,full,both,inf,180.0,0.01,0.0,0.0,256,20,3,0.5,0.1,0.99,10.0,256,20,0,512,512,4.969703226381253,2.5,5.307940939680166,5.330995711095623,0.0,0.0,1.0,665.0
mppi_flee,transverse,300.0,1800.0,0.1,0.1,5.0,3.75,10.0,10.0,10,100.0,inf,full,both,inf,180.0,0.01,0.0,0.0,256,20,3,0.5,0.1,0.99,10.0,256,20,0,512,16,5.0,3.75,138.4039903084356,791.8051556554179,0.0,0.0,0.03125,835.0
mppi_flee,transverse,300.0,1800.0,0.1,0.1,5.0,4.5,10.0,10.0,10,100.0,inf,full,both,inf,180.0,0.01,0.0,0.0,256,20,3,0.5,0.1,0.99,10.0,256,20,0,512,0,5.0,4.5,142.3638885151536,1855.706093283051,0.0,0.0,0.0,
mppi_flee,transverse,300.0,1800.0,0.1,0.1,5.0,5.0,10.0,10.0,10,100.0,inf,full,both,inf,180.0,0.01,0.0,0.0,256,20,3,0.5,0.1,0.99,10.0,256,20,0,512,0,5.0,5.0,142.3102229675492,2538.4910389161478,0.0,0.0,0.0,
mppi_flee,transverse,300.0,1800.0,0.1,0.1,5.0,5.5,10.0,10.0,10,100.0,inf,full,both,inf,180.0,0.01,0.0,0.0,256,20,3,0.5,0.1,0.99,10.0,256,20,0,512,0,5.0,5.5,142.297980367384,3183.368077244695,0.0,0.0,0.0,
mppi_flee,transverse,300.0,1800.0,0.1,0.1,5.0,6.25,10.0,10.0,10,100.0,inf,full,both,inf,180.0,0.01,0.0,0.0,256,20,3,0.5,0.1,0.99,10.0,256,20,0,512,0,5.0,6.25,142.30642594406018,3974.7678699394105,0.0,0.0,0.0,
mppi_flee,transverse,300.0,1800.0,0.1,0.1,5.0,7.5,10.0,10.0,10,100.0,inf,full,both,inf,180.0,0.01,0.0,0.0,256,20,3,0.5,0.1,0.99,10.0,256,20,0,512,0,5.0,7.5,142.30512389718143,4891.7350038144905,0.0,0.0,0.0,
mppi_flee,transverse,300.0,1800.0,0.1,0.1,5.0,10.0,10.0,10.0,10,100.0,inf,full,both,inf,180.0,0.01,0.0,0.0,256,20,3,0.5,0.1,0.99,10.0,256,20,0,512,0,5.0,10.0,142.30503110030375,5956.152674043655,0.0,0.0,0.0,
mppi_flee,transverse,300.0,1800.0,0.1,0.1,5.0,inf,10.0,10.0,10,100.0,inf,full,both,inf,180.0,0.01,0.0,0.0,256,20,3,0.5,0.1,0.99,10.0,256,20,0,512,0,5.0,17.999999999999986,142.30503109960685,6850.334604570456,0.0,0.0,0.0,
mppi_flee,transverse,300.0,1800.0,0.1,0.11,5.0,1.25,10.0,10.0,10,100.0,inf,full,both,inf,180.0,0.01,0.0,0.0,256,20,3,0.5,0.1,0.99,10.0,256,20,0,512,512,2.956025231873469,1.25,3.68641770529525,4.679410399852325,0.0,0.0,1.0,350.0
mppi_flee,transverse,300.0,1800.0,0.1,0.11,5.0,2.5,10.0,10.0,10,100.0,inf,full,both,inf,180.0,0.01,0.0,0.0,256,20,3,0.5,0.1,0.99,10.0,256,20,0,512,512,4.965546497188354,2.5,4.912789738535078,4.965427042258935,0.0,0.0,1.0,640.0
mppi_flee,transverse,300.0,1800.0,0.1,0.11,5.0,3.75,10.0,10.0,10,100.0,inf,full,both,inf,180.0,0.01,0.0,0.0,256,20,3,0.5,0.1,0.99,10.0,256,20,0,512,19,5.0,3.75,155.59434774814216,725.4808243842411,0.0,0.0,0.037109375,810.0
mppi_flee,transverse,300.0,1800.0,0.1,0.11,5.0,4.5,10.0,10.0,10,100.0,inf,full,both,inf,180.0,0.01,0.0,0.0,256,20,3,0.5,0.1,0.99,10.0,256,20,0,512,0,5.0,4.5,161.95869695046508,1790.9856134606855,0.0,0.0,0.0,
mppi_flee,transverse,300.0,1800.0,0.1,0.11,5.0,5.0,10.0,10.0,10,100.0,inf,full,both,inf,180.0,0.01,0.0,0.0,256,20,3,0.5,0.1,0.99,10.0,256,20,0,512,0,5.0,5.0,162.04564994573607,2475.3490023964387,0.0,0.0,0.0,
mppi_flee,transverse,300.0,1800.0,0.1,0.11,5.0,5.5,10.0,10.0,10,100.0,inf,full,both,inf,180.0,0.01,0.0,0.0,256,20,3,0.5,0.1,0.99,10.0,256,20,0,512,0,5.0,5.5,162.04420596353694,3129.488455007904,0.0,0.0,0.0,
mppi_flee,transverse,300.0,1800.0,0.1,0.11,5.0,6.25,10.0,10.0,10,100.0,inf,full,both,inf,180.0,0.01,0.0,0.0,256,20,3,0.5,0.1,0.99,10.0,256,20,0,512,0,5.0,6.25,162.03999743220174,4026.273157117446,0.0,0.0,0.0,
mppi_flee,transverse,300.0,1800.0,0.1,0.11,5.0,7.5,10.0,10.0,10,100.0,inf,full,both,inf,180.0,0.01,0.0,0.0,256,20,3,0.5,0.1,0.99,10.0,256,20,0,512,0,5.0,7.5,162.0379508763368,5145.31522878492,0.0,0.0,0.0,
mppi_flee,transverse,300.0,1800.0,0.1,0.11,5.0,10.0,10.0,10.0,10,100.0,inf,full,both,inf,180.0,0.01,0.0,0.0,256,20,3,0.5,0.1,0.99,10.0,256,20,0,512,0,5.0,10.0,162.03770241755646,6450.20418631403,0.0,0.0,0.0,
mppi_flee,transverse,300.0,1800.0,0.1,0.11,5.0,inf,10.0,10.0,10,100.0,inf,full,both,inf,180.0,0.01,0.0,0.0,256,20,3,0.5,0.1,0.99,10.0,256,20,0,512,0,5.0,19.79999999999995,162.0377023212513,7745.028270611868,0.0,0.0,0.0,
mppi_flee,transverse,300.0,1800.0,0.1,0.125,5.0,1.25,10.0,10.0,10,100.0,inf,full,both,inf,180.0,0.01,0.0,0.0,256,20,3,0.5,0.1,0.99,10.0,256,20,0,512,512,2.9443244067731213,1.25,3.6616365620227103,4.830253000503788,0.0,0.0,1.0,350.0
mppi_flee,transverse,300.0,1800.0,0.1,0.125,5.0,2.5,10.0,10.0,10,100.0,inf,full,both,inf,180.0,0.01,0.0,0.0,256,20,3,0.5,0.1,0.99,10.0,256,20,0,512,512,4.956663011655134,2.5,4.494106654530364,4.676166034111593,0.0,0.0,1.0,620.0
mppi_flee,transverse,300.0,1800.0,0.1,0.125,5.0,3.75,10.0,10.0,10,100.0,inf,full,both,inf,180.0,0.01,0.0,0.0,256,20,3,0.5,0.1,0.99,10.0,256,20,0,512,28,4.99871377054138,3.75,173.48241317527226,638.089719418164,0.0,0.0,0.0546875,795.0
mppi_flee,transverse,300.0,1800.0,0.1,0.125,5.0,4.5,10.0,10.0,10,100.0,inf,full,both,inf,180.0,0.01,0.0,0.0,256,20,3,0.5,0.1,0.99,10.0,256,20,0,512,2,5.0,4.5,185.57260149512567,1726.3107265681365,0.0,0.0,0.00390625,910.0
mppi_flee,transverse,300.0,1800.0,0.1,0.125,5.0,5.0,10.0,10.0,10,100.0,inf,full,both,inf,180.0,0.01,0.0,0.0,256,20,3,0.5,0.1,0.99,10.0,256,20,0,512,0,5.0,5.0,186.69402288769007,2425.805556335672,0.0,0.0,0.0,
mppi_flee,transverse,300.0,1800.0,0.1,0.125,5.0,5.5,10.0,10.0,10,100.0,inf,full,both,inf,180.0,0.01,0.0,0.0,256,20,3,0.5,0.1,0.99,10.0,256,20,0,512,0,5.0,5.5,186.7653247274505,3089.2279518673017,0.0,0.0,0.0,
mppi_flee,transverse,300.0,1800.0,0.1,0.125,5.0,6.25,10.0,10.0,10,100.0,inf,full,both,inf,180.0,0.01,0.0,0.0,256,20,3,0.5,0.1,0.99,10.0,256,20,0,512,0,5.0,6.25,186.7592152722698,4024.719868279196,0.0,0.0,0.0,
mppi_flee,transverse,300.0,1800.0,0.1,0.125,5.0,7.5,10.0,10.0,10,100.0,inf,full,both,inf,180.0,0.01,0.0,0.0,256,20,3,0.5,0.1,0.99,10.0,256,20,0,512,0,5.0,7.5,186.7577733204484,5372.2359548882005,0.0,0.0,0.0,
mppi_flee,transverse,300.0,1800.0,0.1,0.125,5.0,10.0,10.0,10.0,10,100.0,inf,full,both,inf,180.0,0.01,0.0,0.0,256,20,3,0.5,0.1,0.99,10.0,256,20,0,512,0,5.0,10.0,186.75736485157765,7079.967421105944,0.0,0.0,0.0,
mppi_flee,transverse,300.0,1800.0,0.1,0.125,5.0,inf,10.0,10.0,10,100.0,inf,full,both,inf,180.0,0.01,0.0,0.0,256,20,3,0.5,0.1,0.99,10.0,256,20,0,512,0,5.0,22.5,186.75735989853408,9089.328582890892,0.0,0.0,0.0,
mppi_flee,transverse,300.0,1800.0,0.1,0.15,5.0,1.25,10.0,10.0,10,100.0,inf,full,both,inf,180.0,0.01,0.0,0.0,256,20,3,0.5,0.1,0.99,10.0,256,20,0,512,512,2.928043406183806,1.25,3.501037197586629,4.779037823141539,0.0,0.0,1.0,350.0
mppi_flee,transverse,300.0,1800.0,0.1,0.15,5.0,2.5,10.0,10.0,10,100.0,inf,full,both,inf,180.0,0.01,0.0,0.0,256,20,3,0.5,0.1,0.99,10.0,256,20,0,512,512,4.942763303441303,2.5,4.101716927893986,4.547042025425273,0.0,0.0,1.0,610.0
mppi_flee,transverse,300.0,1800.0,0.1,0.15,5.0,3.75,10.0,10.0,10,100.0,inf,full,both,inf,180.0,0.01,0.0,0.0,256,20,3,0.5,0.1,0.99,10.0,256,20,0,512,39,4.999905928629955,3.75,190.5926728058654,532.7170277653396,0.0,0.0,0.076171875,790.0
mppi_flee,transverse,300.0,1800.0,0.1,0.15,5.0,4.5,10.0,10.0,10,100.0,inf,full,both,inf,180.0,0.01,0.0,0.0,256,20,3,0.5,0.1,0.99,10.0,256,20,0,512,6,5.0,4.5,212.78209249191625,1653.9342626236687,0.0,0.0,0.01171875,885.0
mppi_flee,transverse,300.0,1800.0,0.1,0.15,5.0,5.0,10.0,10.0,10,100.0,inf,full,both,inf,180.0,0.01,0.0,0.0,256,20,3,0.5,0.1,0.99,10.0,256,20,0,512,1,5.0,5.0,216.4444898798345,2387.2038186811847,0.0,0.0,0.001953125,930.0
mppi_flee,transverse,300.0,1800.0,0.1,0.15,5.0,5.5,10.0,10.0,10,100.0,inf,full,both,inf,180.0,0.01,0.0,0.0,256,20,3,0.5,0.1,0.99,10.0,256,20,0,512,0,5.0,5.5,217.0719089168356,3077.0610905056,0.0,0.0,0.0,
mppi_flee,transverse,300.0,1800.0,0.1,0.15,5.0,6.25,10.0,10.0,10,100.0,inf,full,both,inf,180.0,0.01,0.0,0.0,256,20,3,0.5,0.1,0.99,10.0,256,20,0,512,0,5.0,6.25,217.05123992146017,4047.025378441583,0.0,0.0,0.0,
mppi_flee,transverse,300.0,1800.0,0.1,0.15,5.0,7.5,10.0,10.0,10,100.0,inf,full,both,inf,180.0,0.01,0.0,0.0,256,20,3,0.5,0.1,0.99,10.0,256,20,0,512,0,5.0,7.5,217.04715381080968,5518.36394571203,0.0,0.0,0.0,
mppi_flee,transverse,300.0,1800.0,0.1,0.15,5.0,10.0,10.0,10.0,10,100.0,inf,full,both,inf,180.0,0.01,0.0,0.0,256,20,3,0.5,0.1,0.99,10.0,256,20,0,512,0,5.0,10.0,217.0471293626,7810.611490082308,0.0,0.0,0.0,
mppi_flee,transverse,300.0,1800.0,0.1,0.15,5.0,inf,10.0,10.0,10,100.0,inf,full,both,inf,180.0,0.01,0.0,0.0,256,20,3,0.5,0.1,0.99,10.0,256,20,0,512,0,5.0,26.99999999999992,217.0471096733337,11352.706118553038,0.0,0.0,0.0,
mppi_flee,transverse,300.0,1800.0,0.1,0.2,5.0,1.25,10.0,10.0,10,100.0,inf,full,both,inf,180.0,0.01,0.0,0.0,256,20,3,0.5,0.1,0.99,10.0,256,20,0,512,512,2.883804906911001,1.25,3.269443637910208,4.718661645533541,0.0,0.0,1.0,340.0
mppi_flee,transverse,300.0,1800.0,0.1,0.2,5.0,2.5,10.0,10.0,10,100.0,inf,full,both,inf,180.0,0.01,0.0,0.0,256,20,3,0.5,0.1,0.99,10.0,256,20,0,512,512,4.910674290358166,2.5,3.489759714392516,4.434907809005214,0.0,0.0,1.0,590.0
mppi_flee,transverse,300.0,1800.0,0.1,0.2,5.0,3.75,10.0,10.0,10,100.0,inf,full,both,inf,180.0,0.01,0.0,0.0,256,20,3,0.5,0.1,0.99,10.0,256,20,0,512,47,4.9983762010135,3.75,182.19688718501132,456.0541284479585,0.0,0.0,0.091796875,840.0
mppi_flee,transverse,300.0,1800.0,0.1,0.2,5.0,4.5,10.0,10.0,10,100.0,inf,full,both,inf,180.0,0.01,0.0,0.0,256,20,3,0.5,0.1,0.99,10.0,256,20,0,512,14,5.0,4.5,242.40407578756637,1572.558163197249,0.0,0.0,0.02734375,875.0
mppi_flee,transverse,300.0,1800.0,0.1,0.2,5.0,5.0,10.0,10.0,10,100.0,inf,full,both,inf,180.0,0.01,0.0,0.0,256,20,3,0.5,0.1,0.99,10.0,256,20,0,512,3,5.0,5.0,248.454255548577,2393.774695342641,0.0,0.0,0.005859375,760.0
mppi_flee,transverse,300.0,1800.0,0.1,0.2,5.0,5.5,10.0,10.0,10,100.0,inf,full,both,inf,180.0,0.01,0.0,0.0,256,20,3,0.5,0.1,0.99,10.0,256,20,0,512,1,5.0,5.5,250.82416109649355,3152.0581546657013,0.0,0.0,0.001953125,880.0
mppi_flee,transverse,300.0,1800.0,0.1,0.2,5.0,6.25,10.0,10.0,10,100.0,inf,full,both,inf,180.0,0.01,0.0,0.0,256,20,3,0.5,0.1,0.99,10.0,256,20,0,512,0,5.0,6.25,251.65243849125795,4203.911101268875,0.0,0.0,0.0,
mppi_flee,transverse,300.0,1800.0,0.1,0.2,5.0,7.5,10.0,10.0,10,100.0,inf,full,both,inf,180.0,0.01,0.0,0.0,256,20,3,0.5,0.1,0.99,10.0,256,20,0,512,0,5.0,7.5,251.6634851934848,5772.746367491725,0.0,0.0,0.0,
mppi_flee,transverse,300.0,1800.0,0.1,0.2,5.0,10.0,10.0,10.0,10,100.0,inf,full,both,inf,180.0,0.01,0.0,0.0,256,20,3,0.5,0.1,0.99,10.0,256,20,0,512,0,5.0,10.0,251.66881184049487,8520.132386310575,0.0,0.0,0.0,
mppi_flee,transverse,300.0,1800.0,0.1,0.2,5.0,inf,10.0,10.0,10,100.0,inf,full,both,inf,180.0,0.01,0.0,0.0,256,20,3,0.5,0.1,0.99,10.0,256,20,0,512,0,5.0,35.99999999999997,251.6695267767774,15884.83235360014,0.0,0.0,0.0,
mppi_coast,flee,300.0,1800.0,0.1,0.025,5.0,1.25,10.0,10.0,10,100.0,inf,full,both,inf,180.0,0.01,0.0,0.0,256,20,3,0.5,0.1,0.99,10.0,256,20,0,512,512,2.8895869277067234,0.9069335937500004,3.7478341974588942,4.571844115902394,0.0,0.0,1.0,360.0
mppi_coast,flee,300.0,1800.0,0.1,0.025,5.0,2.5,10.0,10.0,10,100.0,inf,full,both,inf,180.0,0.01,0.0,0.0,256,20,3,0.5,0.1,0.99,10.0,256,20,0,512,512,2.8895869277067234,0.9069335937500004,3.7478341974588942,4.571844115902394,0.0,0.0,1.0,360.0
mppi_coast,flee,300.0,1800.0,0.1,0.025,5.0,3.75,10.0,10.0,10,100.0,inf,full,both,inf,180.0,0.01,0.0,0.0,256,20,3,0.5,0.1,0.99,10.0,256,20,0,512,512,2.8895869277067234,0.9069335937500004,3.7478341974588942,4.571844115902394,0.0,0.0,1.0,360.0
mppi_coast,flee,300.0,1800.0,0.1,0.025,5.0,4.5,10.0,10.0,10,100.0,inf,full,both,inf,180.0,0.01,0.0,0.0,256,20,3,0.5,0.1,0.99,10.0,256,20,0,512,512,2.8895869277067234,0.9069335937500004,3.7478341974588942,4.571844115902394,0.0,0.0,1.0,360.0
mppi_coast,flee,300.0,1800.0,0.1,0.025,5.0,5.0,10.0,10.0,10,100.0,inf,full,both,inf,180.0,0.01,0.0,0.0,256,20,3,0.5,0.1,0.99,10.0,256,20,0,512,512,2.8895869277067234,0.9069335937500004,3.7478341974588942,4.571844115902394,0.0,0.0,1.0,360.0
mppi_coast,flee,300.0,1800.0,0.1,0.025,5.0,5.5,10.0,10.0,10,100.0,inf,full,both,inf,180.0,0.01,0.0,0.0,256,20,3,0.5,0.1,0.99,10.0,256,20,0,512,512,2.8895869277067234,0.9069335937500004,3.7478341974588942,4.571844115902394,0.0,0.0,1.0,360.0
mppi_coast,flee,300.0,1800.0,0.1,0.025,5.0,6.25,10.0,10.0,10,100.0,inf,full,both,inf,180.0,0.01,0.0,0.0,256,20,3,0.5,0.1,0.99,10.0,256,20,0,512,512,2.8895869277067234,0.9069335937500004,3.7478341974588942,4.571844115902394,0.0,0.0,1.0,360.0
mppi_coast,flee,300.0,1800.0,0.1,0.025,5.0,7.5,10.0,10.0,10,100.0,inf,full,both,inf,180.0,0.01,0.0,0.0,256,20,3,0.5,0.1,0.99,10.0,256,20,0,512,512,2.8895869277067234,0.9069335937500004,3.7478341974588942,4.571844115902394,0.0,0.0,1.0,360.0
mppi_coast,flee,300.0,1800.0,0.1,0.025,5.0,10.0,10.0,10.0,10,100.0,inf,full,both,inf,180.0,0.01,0.0,0.0,256,20,3,0.5,0.1,0.99,10.0,256,20,0,512,512,2.8895869277067234,0.9069335937500004,3.7478341974588942,4.571844115902394,0.0,0.0,1.0,360.0
mppi_coast,flee,300.0,1800.0,0.1,0.025,5.0,inf,10.0,10.0,10,100.0,inf,full,both,inf,180.0,0.01,0.0,0.0,256,20,3,0.5,0.1,0.99,10.0,256,20,0,512,512,2.8895869277067234,0.9069335937500004,3.7478341974588942,4.571844115902394,0.0,0.0,1.0,360.0
mppi_coast,flee,300.0,1800.0,0.1,0.05,5.0,1.25,10.0,10.0,10,100.0,inf,full,both,inf,180.0,0.01,0.0,0.0,256,20,3,0.5,0.1,0.99,10.0,256,20,0,512,512,3.658983112089512,1.25,3.546497529745041,4.988896828545896,0.0,0.0,1.0,435.0
mppi_coast,flee,300.0,1800.0,0.1,0.05,5.0,2.5,10.0,10.0,10,100.0,inf,full,both,inf,180.0,0.01,0.0,0.0,256,20,3,0.5,0.1,0.99,10.0,256,20,0,512,512,4.242470567120464,2.4314453125,3.955548330450608,4.168388497848412,0.0,0.0,1.0,510.0
mppi_coast,flee,300.0,1800.0,0.1,0.05,5.0,3.75,10.0,10.0,10,100.0,inf,full,both,inf,180.0,0.01,0.0,0.0,256,20,3,0.5,0.1,0.99,10.0,256,20,0,512,489,4.257411288452727,2.643847656249999,8.461556562915101,20.62982348071696,0.0,0.0,0.955078125,510.0
mppi_coast,flee,300.0,1800.0,0.1,0.05,5.0,4.5,10.0,10.0,10,100.0,inf,full,both,inf,180.0,0.01,0.0,0.0,256,20,3,0.5,0.1,0.99,10.0,256,20,0,512,485,4.257411288452727,2.683398437499999,8.806863057585922,59.4790105074639,0.0,0.0,0.947265625,510.0
mppi_coast,flee,300.0,1800.0,0.1,0.05,5.0,5.0,10.0,10.0,10,100.0,inf,full,both,inf,180.0,0.01,0.0,0.0,256,20,3,0.5,0.1,0.99,10.0,256,20,0,512,485,4.257411288452727,2.709765624999999,8.806863057585922,82.44335725486901,0.0,0.0,0.947265625,510.0
mppi_coast,flee,300.0,1800.0,0.1,0.05,5.0,5.5,10.0,10.0,10,100.0,inf,full,both,inf,180.0,0.01,0.0,0.0,256,20,3,0.5,0.1,0.99,10.0,256,20,0,512,485,4.257411288452727,2.736132812499999,8.806863057585922,102.5251985274494,0.0,0.0,0.947265625,510.0
mppi_coast,flee,300.0,1800.0,0.1,0.05,5.0,6.25,10.0,10.0,10,100.0,inf,full,both,inf,180.0,0.01,0.0,0.0,256,20,3,0.5,0.1,0.99,10.0,256,20,0,512,485,4.257411288452727,2.775683593749999,8.806863057585922,127.47695178772652,0.0,0.0,0.947265625,510.0
mppi_coast,flee,300.0,1800.0,0.1,0.05,5.0,7.5,10.0,10.0,10,100.0,inf,full,both,inf,180.0,0.01,0.0,0.0,256,20,3,0.5,0.1,0.99,10.0,256,20,0,512,485,4.257411288452727,2.841601562499999,8.806863057585922,155.7555154767789,0.0,0.0,0.947265625,510.0
mppi_coast,flee,300.0,1800.0,0.1,0.05,5.0,10.0,10.0,10.0,10,100.0,inf,full,both,inf,180.0,0.01,0.0,0.0,256,20,3,0.5,0.1,0.99,10.0,256,20,0,512,485,4.257411288452727,2.9207031249999984,8.806863057585922,168.00133704440847,0.0,0.0,0.947265625,510.0
mppi_coast,flee,300.0,1800.0,0.1,0.05,5.0,inf,10.0,10.0,10,100.0,inf,full,both,inf,180.0,0.01,0.0,0.0,256,20,3,0.5,0.1,0.99,10.0,256,20,0,512,485,4.257411288452727,2.9207031249999984,8.806863057585922,168.00133704440847,0.0,0.0,0.947265625,510.0
mppi_coast,flee,300.0,1800.0,0.1,0.075,5.0,1.25,10.0,10.0,10,100.0,inf,full,both,inf,180.0,0.01,0.0,0.0,256,20,3,0.5,0.1,0.99,10.0,256,20,0,512,512,3.865447094918891,1.25,3.619619983846248,5.462705096891364,0.0,0.0,1.0,460.0
mppi_coast,flee,300.0,1800.0,0.1,0.075,5.0,2.5,10.0,10.0,10,100.0,inf,full,both,inf,180.0,0.01,0.0,0.0,256,20,3,0.5,0.1,0.99,10.0,256,20,0,512,512,4.986198413568483,2.5,3.555361835884202,4.492946778552817,0.0,0.0,1.0,640.0
mppi_coast,flee,300.0,1800.0,0.1,0.075,5.0,3.75,10.0,10.0,10,100.0,inf,full,both,inf,180.0,0.01,0.0,0.0,256,20,3,0.5,0.1,0.99,10.0,256,20,0,512,174,5.0,3.75,71.27766447503694,188.0136178842772,0.0,0.0,0.33984375,1005.0
mppi_coast,flee,300.0,1800.0,0.1,0.075,5.0,4.5,10.0,10.0,10,100.0,inf,full,both,inf,180.0,0.01,0.0,0.0,256,20,3,0.5,0.1,0.99,10.0,256,20,0,512,5,5.0,4.5,275.7504750235029,823.7775513150237,0.0,0.0,0.009765625,1020.0
mppi_coast,flee,300.0,1800.0,0.1,0.075,5.0,5.0,10.0,10.0,10,100.0,inf,full,both,inf,180.0,0.01,0.0,0.0,256,20,3,0.5,0.1,0.99,10.0,256,20,0,512,0,5.0,5.0,281.64332059832725,1436.7659385529948,0.0,0.0,0.0,
mppi_coast,flee,300.0,1800.0,0.1,0.075,5.0,5.5,10.0,10.0,10,100.0,inf,full,both,inf,180.0,0.01,0.0,0.0,256,20,3,0.5,0.1,0.99,10.0,256,20,0,512,0,5.0,5.5,281.64332059832725,2015.6190565590464,0.0,0.0,0.0,
mppi_coast,flee,300.0,1800.0,0.1,0.075,5.0,6.25,10.0,10.0,10,100.0,inf,full,both,inf,180.0,0.01,0.0,0.0,256,20,3,0.5,0.1,0.99,10.0,256,20,0,512,0,5.0,6.25,281.64332059832725,2810.7031950115643,0.0,0.0,0.0,
mppi_coast,flee,300.0,1800.0,0.1,0.075,5.0,7.5,10.0,10.0,10,100.0,inf,full,both,inf,180.0,0.01,0.0,0.0,256,20,3,0.5,0.1,0.99,10.0,256,20,0,512,0,5.0,7.5,281.64332059832725,3948.187316228818,0.0,0.0,0.0,
mppi_coast,flee,300.0,1800.0,0.1,0.075,5.0,10.0,10.0,10.0,10,100.0,inf,full,both,inf,180.0,0.01,0.0,0.0,256,20,3,0.5,0.1,0.99,10.0,256,20,0,512,0,5.0,10.0,281.64332059832725,5558.578176837986,0.0,0.0,0.0,
mppi_coast,flee,300.0,1800.0,0.1,0.075,5.0,inf,10.0,10.0,10,100.0,inf,full,both,inf,180.0,0.01,0.0,0.0,256,20,3,0.5,0.1,0.99,10.0,256,20,0,512,0,5.0,13.49999999999996,281.64332059832725,6393.668513655559,0.0,0.0,0.0,
mppi_coast,flee,300.0,1800.0,0.1,0.09,5.0,1.25,10.0,10.0,10,100.0,inf,full,both,inf,180.0,0.01,0.0,0.0,256,20,3,0.5,0.1,0.99,10.0,256,20,0,512,512,3.845239813158357,1.25,3.555513377515207,5.418301244539288,0.0,0.0,1.0,460.0
mppi_coast,flee,300.0,1800.0,0.1,0.09,5.0,2.5,10.0,10.0,10,100.0,inf,full,both,inf,180.0,0.01,0.0,0.0,256,20,3,0.5,0.1,0.99,10.0,256,20,0,512,512,4.998530505178929,2.5,3.225261773592147,4.718472220350712,0.0,0.0,1.0,640.0
mppi_coast,flee,300.0,1800.0,0.1,0.09,5.0,3.75,10.0,10.0,10,100.0,inf,full,both,inf,180.0,0.01,0.0,0.0,256,20,3,0.5,0.1,0.99,10.0,256,20,0,512,325,5.0,3.75,49.65386966584582,137.3725184776417,0.0,0.0,0.634765625,990.0
mppi_coast,flee,300.0,1800.0,0.1,0.09,5.0,4.5,10.0,10.0,10,100.0,inf,full,both,inf,180.0,0.01,0.0,0.0,256,20,3,0.5,0.1,0.99,10.0,256,20,0,512,0,5.0,4.5,251.73184214743384,678.8057027780666,0.0,0.0,0.0,
mppi_coast,flee,300.0,1800.0,0.1,0.09,5.0,5.0,10.0,10.0,10,100.0,inf,full,both,inf,180.0,0.01,0.0,0.0,256,20,3,0.5,0.1,0.99,10.0,256,20,0,512,0,5.0,5.0,299.9887767459307,1325.4287149545935,0.0,0.0,0.0,
mppi_coast,flee,300.0,1800.0,0.1,0.09,5.0,5.5,10.0,10.0,10,100.0,inf,full,both,inf,180.0,0.01,0.0,0.0,256,20,3,0.5,0.1,0.99,10.0,256,20,0,512,0,5.0,5.5,299.9887767459307,1967.843428339092,0.0,0.0,0.0,
mppi_coast,flee,300.0,1800.0,0.1,0.09,5.0,6.25,10.0,10.0,10,100.0,inf,full,both,inf,180.0,0.01,0.0,0.0,256,20,3,0.5,0.1,0.99,10.0,256,20,0,512,0,5.0,6.25,299.9887767459307,2870.0022136304287,0.0,0.0,0.0,
mppi_coast,flee,300.0,1800.0,0.1,0.09,5.0,7.5,10.0,10.0,10,100.0,inf,full,both,inf,180.0,0.01,0.0,0.0,256,20,3,0.5,0.1,0.99,10.0,256,20,0,512,0,5.0,7.5,299.9887767459307,4211.247094786841,0.0,0.0,0.0,
mppi_coast,flee,300.0,1800.0,0.1,0.09,5.0,10.0,10.0,10.0,10,100.0,inf,full,both,inf,180.0,0.01,0.0,0.0,256,20,3,0.5,0.1,0.99,10.0,256,20,0,512,0,5.0,10.0,299.9887767459307,6321.641314767225,0.0,0.0,0.0,
mppi_coast,flee,300.0,1800.0,0.1,0.09,5.0,inf,10.0,10.0,10,100.0,inf,full,both,inf,180.0,0.01,0.0,0.0,256,20,3,0.5,0.1,0.99,10.0,256,20,0,512,0,5.0,16.19999999999998,299.9887767459307,8491.135113642978,0.0,0.0,0.0,
mppi_coast,flee,300.0,1800.0,0.1,0.1,5.0,1.25,10.0,10.0,10,100.0,inf,full,both,inf,180.0,0.01,0.0,0.0,256,20,3,0.5,0.1,0.99,10.0,256,20,0,512,512,3.846986114967899,1.25,3.503729010801865,5.554185080456957,0.0,0.0,1.0,460.0
mppi_coast,flee,300.0,1800.0,0.1,0.1,5.0,2.5,10.0,10.0,10,100.0,inf,full,both,inf,180.0,0.01,0.0,0.0,256,20,3,0.5,0.1,0.99,10.0,256,20,0,512,512,4.9992170372381,2.5,3.367329483605789,4.961150233074987,0.0,0.0,1.0,640.0
mppi_coast,flee,300.0,1800.0,0.1,0.1,5.0,3.75,10.0,10.0,10,100.0,inf,full,both,inf,180.0,0.01,0.0,0.0,256,20,3,0.5,0.1,0.99,10.0,256,20,0,512,326,5.0,3.75,56.647018897529485,157.73960218364832,0.0,0.0,0.63671875,970.0
mppi_coast,flee,300.0,1800.0,0.1,0.1,5.0,4.5,10.0,10.0,10,100.0,inf,full,both,inf,180.0,0.01,0.0,0.0,256,20,3,0.5,0.1,0.99,10.0,256,20,0,512,3,5.0,4.5,234.2684461221142,713.0298506699972,0.0,0.0,0.005859375,1740.0
mppi_coast,flee,300.0,1800.0,0.1,0.1,5.0,5.0,10.0,10.0,10,100.0,inf,full,both,inf,180.0,0.01,0.0,0.0,256,20,3,0.5,0.1,0.99,10.0,256,20,0,512,0,5.0,5.0,299.1604980680619,1351.4484558423198,0.0,0.0,0.0,
mppi_coast,flee,300.0,1800.0,0.1,0.1,5.0,5.5,10.0,10.0,10,100.0,inf,full,both,inf,180.0,0.01,0.0,0.0,256,20,3,0.5,0.1,0.99,10.0,256,20,0,512,0,5.0,5.5,300.0,2031.6083751568297,0.0,0.0,0.0,
mppi_coast,flee,300.0,1800.0,0.1,0.1,5.0,6.25,10.0,10.0,10,100.0,inf,full,both,inf,180.0,0.01,0.0,0.0,256,20,3,0.5,0.1,0.99,10.0,256,20,0,512,0,5.0,6.25,300.0,2996.5301423481587,0.0,0.0,0.0,
mppi_coast,flee,300.0,1800.0,0.1,0.1,5.0,7.5,10.0,10.0,10,100.0,inf,full,both,inf,180.0,0.01,0.0,0.0,256,20,3,0.5,0.1,0.99,10.0,256,20,0,512,0,5.0,7.5,300.0,4452.552186634807,0.0,0.0,0.0,
mppi_coast,flee,300.0,1800.0,0.1,0.1,5.0,10.0,10.0,10.0,10,100.0,inf,full,both,inf,180.0,0.01,0.0,0.0,256,20,3,0.5,0.1,0.99,10.0,256,20,0,512,0,5.0,10.0,300.0,6828.985252263658,0.0,0.0,0.0,
mppi_coast,flee,300.0,1800.0,0.1,0.1,5.0,inf,10.0,10.0,10,100.0,inf,full,both,inf,180.0,0.01,0.0,0.0,256,20,3,0.5,0.1,0.99,10.0,256,20,0,512,0,5.0,17.999999999999986,300.0,10080.357515262223,0.0,0.0,0.0,
mppi_coast,flee,300.0,1800.0,0.1,0.11,5.0,1.25,10.0,10.0,10,100.0,inf,full,both,inf,180.0,0.01,0.0,0.0,256,20,3,0.5,0.1,0.99,10.0,256,20,0,512,512,3.838586153538895,1.25,3.464356771417207,5.246997379182548,0.0,0.0,1.0,460.0
mppi_coast,flee,300.0,1800.0,0.1,0.11,5.0,2.5,10.0,10.0,10,100.0,inf,full,both,inf,180.0,0.01,0.0,0.0,256,20,3,0.5,0.1,0.99,10.0,256,20,0,512,512,4.999615927331502,2.5,3.324385305709484,4.899840273333083,0.0,0.0,1.0,650.0
mppi_coast,flee,300.0,1800.0,0.1,0.11,5.0,3.75,10.0,10.0,10,100.0,inf,full,both,inf,180.0,0.01,0.0,0.0,256,20,3,0.5,0.1,0.99,10.0,256,20,0,512,319,5.0,3.75,67.66578738042776,177.44168363019585,0.0,0.0,0.623046875,980.0
mppi_coast,flee,300.0,1800.0,0.1,0.11,5.0,4.5,10.0,10.0,10,100.0,inf,full,both,inf,180.0,0.01,0.0,0.0,256,20,3,0.5,0.1,0.99,10.0,256,20,0,512,0,5.0,4.5,235.20484696073004,785.35563541919,0.0,0.0,0.0,
mppi_coast,flee,300.0,1800.0,0.1,0.11,5.0,5.0,10.0,10.0,10,100.0,inf,full,both,inf,180.0,0.01,0.0,0.0,256,20,3,0.5,0.1,0.99,10.0,256,20,0,512,0,5.0,5.0,298.4495607698053,1423.7607963507066,0.0,0.0,0.0,
mppi_coast,flee,300.0,1800.0,0.1,0.11,5.0,5.5,10.0,10.0,10,100.0,inf,full,both,inf,180.0,0.01,0.0,0.0,256,20,3,0.5,0.1,0.99,10.0,256,20,0,512,0,5.0,5.5,300.0,2134.3454630031283,0.0,0.0,0.0,
mppi_coast,flee,300.0,1800.0,0.1,0.11,5.0,6.25,10.0,10.0,10,100.0,inf,full,both,inf,180.0,0.01,0.0,0.0,256,20,3,0.5,0.1,0.99,10.0,256,20,0,512,0,5.0,6.25,300.0,3151.1862112403646,0.0,0.0,0.0,
mppi_coast,flee,300.0,1800.0,0.1,0.11,5.0,7.5,10.0,10.0,10,100.0,inf,full,both,inf,180.0,0.01,0.0,0.0,256,20,3,0.5,0.1,0.99,10.0,256,20,0,512,0,5.0,7.5,300.0,4701.451499988065,0.0,0.0,0.0,
mppi_coast,flee,300.0,1800.0,0.1,0.11,5.0,10.0,10.0,10.0,10,100.0,inf,full,both,inf,180.0,0.01,0.0,0.0,256,20,3,0.5,0.1,0.99,10.0,256,20,0,512,0,5.0,10.0,300.0,7296.527776253957,0.0,0.0,0.0,
mppi_coast,flee,300.0,1800.0,0.1,0.11,5.0,inf,10.0,10.0,10,100.0,inf,full,both,inf,180.0,0.01,0.0,0.0,256,20,3,0.5,0.1,0.99,10.0,256,20,0,512,0,5.0,19.79999999999995,300.0,11729.656954870934,0.0,0.0,0.0,
mppi_coast,flee,300.0,1800.0,0.1,0.125,5.0,1.25,10.0,10.0,10,100.0,inf,full,both,inf,180.0,0.01,0.0,0.0,256,20,3,0.5,0.1,0.99,10.0,256,20,0,512,512,3.852358396389616,1.25,3.179229461800396,5.327087049417827,0.0,0.0,1.0,460.0
mppi_coast,flee,300.0,1800.0,0.1,0.125,5.0,2.5,10.0,10.0,10,100.0,inf,full,both,inf,180.0,0.01,0.0,0.0,256,20,3,0.5,0.1,0.99,10.0,256,20,0,512,512,4.999733496942305,2.5,3.193167252093655,4.813250513991677,0.0,0.0,1.0,660.0
mppi_coast,flee,300.0,1800.0,0.1,0.125,5.0,3.75,10.0,10.0,10,100.0,inf,full,both,inf,180.0,0.01,0.0,0.0,256,20,3,0.5,0.1,0.99,10.0,256,20,0,512,290,5.0,3.75,80.05913302479873,247.08984396495796,0.0,0.0,0.56640625,970.0
mppi_coast,flee,300.0,1800.0,0.1,0.125,5.0,4.5,10.0,10.0,10,100.0,inf,full,both,inf,180.0,0.01,0.0,0.0,256,20,3,0.5,0.1,0.99,10.0,256,20,0,512,2,5.0,4.5,239.17857159060003,886.136707366367,0.0,0.0,0.00390625,1445.0
mppi_coast,flee,300.0,1800.0,0.1,0.125,5.0,5.0,10.0,10.0,10,100.0,inf,full,both,inf,180.0,0.01,0.0,0.0,256,20,3,0.5,0.1,0.99,10.0,256,20,0,512,0,5.0,5.0,298.56490162002206,1544.2018498342418,0.0,0.0,0.0,
mppi_coast,flee,300.0,1800.0,0.1,0.125,5.0,5.5,10.0,10.0,10,100.0,inf,full,both,inf,180.0,0.01,0.0,0.0,256,20,3,0.5,0.1,0.99,10.0,256,20,0,512,0,5.0,5.5,300.0,2293.7875776850287,0.0,0.0,0.0,
mppi_coast,flee,300.0,1800.0,0.1,0.125,5.0,6.25,10.0,10.0,10,100.0,inf,full,both,inf,180.0,0.01,0.0,0.0,256,20,3,0.5,0.1,0.99,10.0,256,20,0,512,0,5.0,6.25,300.0,3380.21342802817,0.0,0.0,0.0,
mppi_coast,flee,300.0,1800.0,0.1,0.125,5.0,7.5,10.0,10.0,10,100.0,inf,full,both,inf,180.0,0.01,0.0,0.0,256,20,3,0.5,0.1,0.99,10.0,256,20,0,512,0,5.0,7.5,300.0,5057.137507828367,0.0,0.0,0.0,
mppi_coast,flee,300.0,1800.0,0.1,0.125,5.0,10.0,10.0,10.0,10,100.0,inf,full,both,inf,180.0,0.01,0.0,0.0,256,20,3,0.5,0.1,0.99,10.0,256,20,0,512,0,5.0,10.0,300.0,7938.254943034223,0.0,0.0,0.0,
mppi_coast,flee,300.0,1800.0,0.1,0.125,5.0,inf,10.0,10.0,10,100.0,inf,full,both,inf,180.0,0.01,0.0,0.0,256,20,3,0.5,0.1,0.99,10.0,256,20,0,512,0,5.0,22.5,300.0,14305.863863133076,0.0,0.0,0.0,
mppi_coast,flee,300.0,1800.0,0.1,0.15,5.0,1.25,10.0,10.0,10,100.0,inf,full,both,inf,180.0,0.01,0.0,0.0,256,20,3,0.5,0.1,0.99,10.0,256,20,0,512,512,3.856512724992416,1.25,3.394183655422253,5.550147209772449,0.0,0.0,1.0,460.0
mppi_coast,flee,300.0,1800.0,0.1,0.15,5.0,2.5,10.0,10.0,10,100.0,inf,full,both,inf,180.0,0.01,0.0,0.0,256,20,3,0.5,0.1,0.99,10.0,256,20,0,512,512,5.0,2.5,3.068890289777965,4.810073396480653,0.0,0.0,1.0,670.0
mppi_coast,flee,300.0,1800.0,0.1,0.15,5.0,3.75,10.0,10.0,10,100.0,inf,full,both,inf,180.0,0.01,0.0,0.0,256,20,3,0.5,0.1,0.99,10.0,256,20,0,512,275,5.0,3.75,101.53572253290406,317.4482279147722,0.0,0.0,0.537109375,990.0
mppi_coast,flee,300.0,1800.0,0.1,0.15,5.0,4.5,10.0,10.0,10,100.0,inf,full,both,inf,180.0,0.01,0.0,0.0,256,20,3,0.5,0.1,0.99,10.0,256,20,0,512,0,5.0,4.5,248.86518667684703,1068.987718833691,0.0,0.0,0.0,
mppi_coast,flee,300.0,1800.0,0.1,0.15,5.0,5.0,10.0,10.0,10,100.0,inf,full,both,inf,180.0,0.01,0.0,0.0,256,20,3,0.5,0.1,0.99,10.0,256,20,0,512,0,5.0,5.0,295.9284268902417,1756.4863668964192,0.0,0.0,0.0,
mppi_coast,flee,300.0,1800.0,0.1,0.15,5.0,5.5,10.0,10.0,10,100.0,inf,full,both,inf,180.0,0.01,0.0,0.0,256,20,3,0.5,0.1,0.99,10.0,256,20,0,512,0,5.0,5.5,300.0,2554.809158051097,0.0,0.0,0.0,
mppi_coast,flee,300.0,1800.0,0.1,0.15,5.0,6.25,10.0,10.0,10,100.0,inf,full,both,inf,180.0,0.01,0.0,0.0,256,20,3,0.5,0.1,0.99,10.0,256,20,0,512,0,5.0,6.25,300.0,3727.474283677856,0.0,0.0,0.0,
mppi_coast,flee,300.0,1800.0,0.1,0.15,5.0,7.5,10.0,10.0,10,100.0,inf,full,both,inf,180.0,0.01,0.0,0.0,256,20,3,0.5,0.1,0.99,10.0,256,20,0,512,0,5.0,7.5,300.0,5569.406884428467,0.0,0.0,0.0,
mppi_coast,flee,300.0,1800.0,0.1,0.15,5.0,10.0,10.0,10.0,10,100.0,inf,full,both,inf,180.0,0.01,0.0,0.0,256,20,3,0.5,0.1,0.99,10.0,256,20,0,512,0,5.0,10.0,300.0,8823.580636880155,0.0,0.0,0.0,
mppi_coast,flee,300.0,1800.0,0.1,0.15,5.0,inf,10.0,10.0,10,100.0,inf,full,both,inf,180.0,0.01,0.0,0.0,256,20,3,0.5,0.1,0.99,10.0,256,20,0,512,0,5.0,26.99999999999992,300.0,18696.36432060389,0.0,0.0,0.0,
mppi_coast,flee,300.0,1800.0,0.1,0.2,5.0,1.25,10.0,10.0,10,100.0,inf,full,both,inf,180.0,0.01,0.0,0.0,256,20,3,0.5,0.1,0.99,10.0,256,20,0,512,512,3.895877082754896,1.25,3.5125708690495103,5.772593117621421,0.0,0.0,1.0,460.0
mppi_coast,flee,300.0,1800.0,0.1,0.2,5.0,2.5,10.0,10.0,10,100.0,inf,full,both,inf,180.0,0.01,0.0,0.0,256,20,3,0.5,0.1,0.99,10.0,256,20,0,512,512,5.0,2.5,3.257386517586002,5.148332499728813,0.0,0.0,1.0,690.0
mppi_coast,flee,300.0,1800.0,0.1,0.2,5.0,3.75,10.0,10.0,10,100.0,inf,full,both,inf,180.0,0.01,0.0,0.0,256,20,3,0.5,0.1,0.99,10.0,256,20,0,512,216,5.0,3.75,128.51681079131916,497.8871025678874,0.0,0.0,0.421875,1015.0
mppi_coast,flee,300.0,1800.0,0.1,0.2,5.0,4.5,10.0,10.0,10,100.0,inf,full,both,inf,180.0,0.01,0.0,0.0,256,20,3,0.5,0.1,0.99,10.0,256,20,0,512,2,5.0,4.5,260.7515099843033,1333.3383150827271,0.0,0.0,0.00390625,1455.0
mppi_coast,flee,300.0,1800.0,0.1,0.2,5.0,5.0,10.0,10.0,10,100.0,inf,full,both,inf,180.0,0.01,0.0,0.0,256,20,3,0.5,0.1,0.99,10.0,256,20,0,512,0,5.0,5.0,296.04878363399104,2081.030746436931,0.0,0.0,0.0,
mppi_coast,flee,300.0,1800.0,0.1,0.2,5.0,5.5,10.0,10.0,10,100.0,inf,full,both,inf,180.0,0.01,0.0,0.0,256,20,3,0.5,0.1,0.99,10.0,256,20,0,512,0,5.0,5.5,300.0,2944.131405368277,0.0,0.0,0.0,
mppi_coast,flee,300.0,1800.0,0.1,0.2,5.0,6.25,10.0,10.0,10,100.0,inf,full,both,inf,180.0,0.01,0.0,0.0,256,20,3,0.5,0.1,0.99,10.0,256,20,0,512,0,5.0,6.25,300.0,4231.720454131043,0.0,0.0,0.0,
mppi_coast,flee,300.0,1800.0,0.1,0.2,5.0,7.5,10.0,10.0,10,100.0,inf,full,both,inf,180.0,0.01,0.0,0.0,256,20,3,0.5,0.1,0.99,10.0,256,20,0,512,0,5.0,7.5,300.0,6294.062186155297,0.0,0.0,0.0,
mppi_coast,flee,300.0,1800.0,0.1,0.2,5.0,10.0,10.0,10.0,10,100.0,inf,full,both,inf,180.0,0.01,0.0,0.0,256,20,3,0.5,0.1,0.99,10.0,256,20,0,512,0,5.0,10.0,300.0,10071.442656772682,0.0,0.0,0.0,
mppi_coast,flee,300.0,1800.0,0.1,0.2,5.0,inf,10.0,10.0,10,100.0,inf,full,both,inf,180.0,0.01,0.0,0.0,256,20,3,0.5,0.1,0.99,10.0,256,20,0,512,0,5.0,35.99999999999997,300.0,27590.127464156103,0.0,0.0,0.0,
mppi_coast,coast,300.0,1800.0,0.1,0.025,5.0,1.25,10.0,10.0,10,100.0,inf,full,both,inf,180.0,0.01,0.0,0.0,256,20,3,0.5,0.1,0.99,10.0,256,20,0,512,512,2.312091517136885,0.0,3.1957136680677225,5.071693813181124,0.0,0.0,1.0,290.0
mppi_coast,coast,300.0,1800.0,0.1,0.025,5.0,2.5,10.0,10.0,10,100.0,inf,full,both,inf,180.0,0.01,0.0,0.0,256,20,3,0.5,0.1,0.99,10.0,256,20,0,512,512,2.312091517136885,0.0,3.1957136680677225,5.071693813181124,0.0,0.0,1.0,290.0
mppi_coast,coast,300.0,1800.0,0.1,0.025,5.0,3.75,10.0,10.0,10,100.0,inf,full,both,inf,180.0,0.01,0.0,0.0,256,20,3,0.5,0.1,0.99,10.0,256,20,0,512,512,2.312091517136885,0.0,3.1957136680677225,5.071693813181124,0.0,0.0,1.0,290.0
mppi_coast,coast,300.0,1800.0,0.1,0.025,5.0,4.5,10.0,10.0,10,100.0,inf,full,both,inf,180.0,0.01,0.0,0.0,256,20,3,0.5,0.1,0.99,10.0,256,20,0,512,512,2.312091517136885,0.0,3.1957136680677225,5.071693813181124,0.0,0.0,1.0,290.0
mppi_coast,coast,300.0,1800.0,0.1,0.025,5.0,5.0,10.0,10.0,10,100.0,inf,full,both,inf,180.0,0.01,0.0,0.0,256,20,3,0.5,0.1,0.99,10.0,256,20,0,512,512,2.312091517136885,0.0,3.1957136680677225,5.071693813181124,0.0,0.0,1.0,290.0
mppi_coast,coast,300.0,1800.0,0.1,0.025,5.0,5.5,10.0,10.0,10,100.0,inf,full,both,inf,180.0,0.01,0.0,0.0,256,20,3,0.5,0.1,0.99,10.0,256,20,0,512,512,2.312091517136885,0.0,3.1957136680677225,5.071693813181124,0.0,0.0,1.0,290.0
mppi_coast,coast,300.0,1800.0,0.1,0.025,5.0,6.25,10.0,10.0,10,100.0,inf,full,both,inf,180.0,0.01,0.0,0.0,256,20,3,0.5,0.1,0.99,10.0,256,20,0,512,512,2.312091517136885,0.0,3.1957136680677225,5.071693813181124,0.0,0.0,1.0,290.0
mppi_coast,coast,300.0,1800.0,0.1,0.025,5.0,7.5,10.0,10.0,10,100.0,inf,full,both,inf,180.0,0.01,0.0,0.0,256,20,3,0.5,0.1,0.99,10.0,256,20,0,512,512,2.312091517136885,0.0,3.1957136680677225,5.071693813181124,0.0,0.0,1.0,290.0
mppi_coast,coast,300.0,1800.0,0.1,0.025,5.0,10.0,10.0,10.0,10,100.0,inf,full,both,inf,180.0,0.01,0.0,0.0,256,20,3,0.5,0.1,0.99,10.0,256,20,0,512,512,2.312091517136885,0.0,3.1957136680677225,5.071693813181124,0.0,0.0,1.0,290.0
mppi_coast,coast,300.0,1800.0,0.1,0.025,5.0,inf,10.0,10.0,10,100.0,inf,full,both,inf,180.0,0.01,0.0,0.0,256,20,3,0.5,0.1,0.99,10.0,256,20,0,512,512,2.312091517136885,0.0,3.1957136680677225,5.071693813181124,0.0,0.0,1.0,290.0
mppi_coast,coast,300.0,1800.0,0.1,0.05,5.0,1.25,10.0,10.0,10,100.0,inf,full,both,inf,180.0,0.01,0.0,0.0,256,20,3,0.5,0.1,0.99,10.0,256,20,0,512,512,2.312091517136885,0.0,3.1957136680677225,5.071693813181124,0.0,0.0,1.0,290.0
mppi_coast,coast,300.0,1800.0,0.1,0.05,5.0,2.5,10.0,10.0,10,100.0,inf,full,both,inf,180.0,0.01,0.0,0.0,256,20,3,0.5,0.1,0.99,10.0,256,20,0,512,512,2.312091517136885,0.0,3.1957136680677225,5.071693813181124,0.0,0.0,1.0,290.0
mppi_coast,coast,300.0,1800.0,0.1,0.05,5.0,3.75,10.0,10.0,10,100.0,inf,full,both,inf,180.0,0.01,0.0,0.0,256,20,3,0.5,0.1,0.99,10.0,256,20,0,512,512,2.312091517136885,0.0,3.1957136680677225,5.071693813181124,0.0,0.0,1.0,290.0
mppi_coast,coast,300.0,1800.0,0.1,0.05,5.0,4.5,10.0,10.0,10,100.0,inf,full,both,inf,180.0,0.01,0.0,0.0,256,20,3,0.5,0.1,0.99,10.0,256,20,0,512,512,2.312091517136885,0.0,3.1957136680677225,5.071693813181124,0.0,0.0,1.0,290.0
mppi_coast,coast,300.0,1800.0,0.1,0.05,5.0,5.0,10.0,10.0,10,100.0,inf,full,both,inf,180.0,0.01,0.0,0.0,256,20,3,0.5,0.1,0.99,10.0,256,20,0,512,512,2.312091517136885,0.0,3.1957136680677225,5.071693813181124,0.0,0.0,1.0,290.0
mppi_coast,coast,300.0,1800.0,0.1,0.05,5.0,5.5,10.0,10.0,10,100.0,inf,full,both,inf,180.0,0.01,0.0,0.0,256,20,3,0.5,0.1,0.99,10.0,256,20,0,512,512,2.312091517136885,0.0,3.1957136680677225,5.071693813181124,0.0,0.0,1.0,290.0
mppi_coast,coast,300.0,1800.0,0.1,0.05,5.0,6.25,10.0,10.0,10,100.0,inf,full,both,inf,180.0,0.01,0.0,0.0,256,20,3,0.5,0.1,0.99,10.0,256,20,0,512,512,2.312091517136885,0.0,3.1957136680677225,5.071693813181124,0.0,0.0,1.0,290.0
mppi_coast,coast,300.0,1800.0,0.1,0.05,5.0,7.5,10.0,10.0,10,100.0,inf,full,both,inf,180.0,0.01,0.0,0.0,256,20,3,0.5,0.1,0.99,10.0,256,20,0,512,512,2.312091517136885,0.0,3.1957136680677225,5.071693813181124,0.0,0.0,1.0,290.0
mppi_coast,coast,300.0,1800.0,0.1,0.05,5.0,10.0,10.0,10.0,10,100.0,inf,full,both,inf,180.0,0.01,0.0,0.0,256,20,3,0.5,0.1,0.99,10.0,256,20,0,512,512,2.312091517136885,0.0,3.1957136680677225,5.071693813181124,0.0,0.0,1.0,290.0
mppi_coast,coast,300.0,1800.0,0.1,0.05,5.0,inf,10.0,10.0,10,100.0,inf,full,both,inf,180.0,0.01,0.0,0.0,256,20,3,0.5,0.1,0.99,10.0,256,20,0,512,512,2.312091517136885,0.0,3.1957136680677225,5.071693813181124,0.0,0.0,1.0,290.0
mppi_coast,coast,300.0,1800.0,0.1,0.075,5.0,1.25,10.0,10.0,10,100.0,inf,full,both,inf,180.0,0.01,0.0,0.0,256,20,3,0.5,0.1,0.99,10.0,256,20,0,512,512,2.312091517136885,0.0,3.1957136680677225,5.071693813181124,0.0,0.0,1.0,290.0
mppi_coast,coast,300.0,1800.0,0.1,0.075,5.0,2.5,10.0,10.0,10,100.0,inf,full,both,inf,180.0,0.01,0.0,0.0,256,20,3,0.5,0.1,0.99,10.0,256,20,0,512,512,2.312091517136885,0.0,3.1957136680677225,5.071693813181124,0.0,0.0,1.0,290.0
mppi_coast,coast,300.0,1800.0,0.1,0.075,5.0,3.75,10.0,10.0,10,100.0,inf,full,both,inf,180.0,0.01,0.0,0.0,256,20,3,0.5,0.1,0.99,10.0,256,20,0,512,512,2.312091517136885,0.0,3.1957136680677225,5.071693813181124,0.0,0.0,1.0,290.0
mppi_coast,coast,300.0,1800.0,0.1,0.075,5.0,4.5,10.0,10.0,10,100.0,inf,full,both,inf,180.0,0.01,0.0,0.0,256,20,3,0.5,0.1,0.99,10.0,256,20,0,512,512,2.312091517136885,0.0,3.1957136680677225,5.071693813181124,0.0,0.0,1.0,290.0
mppi_coast,coast,300.0,1800.0,0.1,0.075,5.0,5.0,10.0,10.0,10,100.0,inf,full,both,inf,180.0,0.01,0.0,0.0,256,20,3,0.5,0.1,0.99,10.0,256,20,0,512,512,2.312091517136885,0.0,3.1957136680677225,5.071693813181124,0.0,0.0,1.0,290.0
mppi_coast,coast,300.0,1800.0,0.1,0.075,5.0,5.5,10.0,10.0,10,100.0,inf,full,both,inf,180.0,0.01,0.0,0.0,256,20,3,0.5,0.1,0.99,10.0,256,20,0,512,512,2.312091517136885,0.0,3.1957136680677225,5.071693813181124,0.0,0.0,1.0,290.0
mppi_coast,coast,300.0,1800.0,0.1,0.075,5.0,6.25,10.0,10.0,10,100.0,inf,full,both,inf,180.0,0.01,0.0,0.0,256,20,3,0.5,0.1,0.99,10.0,256,20,0,512,512,2.312091517136885,0.0,3.1957136680677225,5.071693813181124,0.0,0.0,1.0,290.0
mppi_coast,coast,300.0,1800.0,0.1,0.075,5.0,7.5,10.0,10.0,10,100.0,inf,full,both,inf,180.0,0.01,0.0,0.0,256,20,3,0.5,0.1,0.99,10.0,256,20,0,512,512,2.312091517136885,0.0,3.1957136680677225,5.071693813181124,0.0,0.0,1.0,290.0
mppi_coast,coast,300.0,1800.0,0.1,0.075,5.0,10.0,10.0,10.0,10,100.0,inf,full,both,inf,180.0,0.01,0.0,0.0,256,20,3,0.5,0.1,0.99,10.0,256,20,0,512,512,2.312091517136885,0.0,3.1957136680677225,5.071693813181124,0.0,0.0,1.0,290.0
mppi_coast,coast,300.0,1800.0,0.1,0.075,5.0,inf,10.0,10.0,10,100.0,inf,full,both,inf,180.0,0.01,0.0,0.0,256,20,3,0.5,0.1,0.99,10.0,256,20,0,512,512,2.312091517136885,0.0,3.1957136680677225,5.071693813181124,0.0,0.0,1.0,290.0
mppi_coast,coast,300.0,1800.0,0.1,0.09,5.0,1.25,10.0,10.0,10,100.0,inf,full,both,inf,180.0,0.01,0.0,0.0,256,20,3,0.5,0.1,0.99,10.0,256,20,0,512,512,2.312091517136885,0.0,3.1957136680677225,5.071693813181124,0.0,0.0,1.0,290.0
mppi_coast,coast,300.0,1800.0,0.1,0.09,5.0,2.5,10.0,10.0,10,100.0,inf,full,both,inf,180.0,0.01,0.0,0.0,256,20,3,0.5,0.1,0.99,10.0,256,20,0,512,512,2.312091517136885,0.0,3.1957136680677225,5.071693813181124,0.0,0.0,1.0,290.0
mppi_coast,coast,300.0,1800.0,0.1,0.09,5.0,3.75,10.0,10.0,10,100.0,inf,full,both,inf,180.0,0.01,0.0,0.0,256,20,3,0.5,0.1,0.99,10.0,256,20,0,512,512,2.312091517136885,0.0,3.1957136680677225,5.071693813181124,0.0,0.0,1.0,290.0
mppi_coast,coast,300.0,1800.0,0.1,0.09,5.0,4.5,10.0,10.0,10,100.0,inf,full,both,inf,180.0,0.01,0.0,0.0,256,20,3,0.5,0.1,0.99,10.0,256,20,0,512,512,2.312091517136885,0.0,3.1957136680677225,5.071693813181124,0.0,0.0,1.0,290.0
mppi_coast,coast,300.0,1800.0,0.1,0.09,5.0,5.0,10.0,10.0,10,100.0,inf,full,both,inf,180.0,0.01,0.0,0.0,256,20,3,0.5,0.1,0.99,10.0,256,20,0,512,512,2.312091517136885,0.0,3.1957136680677225,5.071693813181124,0.0,0.0,1.0,290.0
mppi_coast,coast,300.0,1800.0,0.1,0.09,5.0,5.5,10.0,10.0,10,100.0,inf,full,both,inf,180.0,0.01,0.0,0.0,256,20,3,0.5,0.1,0.99,10.0,256,20,0,512,512,2.312091517136885,0.0,3.1957136680677225,5.071693813181124,0.0,0.0,1.0,290.0
mppi_coast,coast,300.0,1800.0,0.1,0.09,5.0,6.25,10.0,10.0,10,100.0,inf,full,both,inf,180.0,0.01,0.0,0.0,256,20,3,0.5,0.1,0.99,10.0,256,20,0,512,512,2.312091517136885,0.0,3.1957136680677225,5.071693813181124,0.0,0.0,1.0,290.0
mppi_coast,coast,300.0,1800.0,0.1,0.09,5.0,7.5,10.0,10.0,10,100.0,inf,full,both,inf,180.0,0.01,0.0,0.0,256,20,3,0.5,0.1,0.99,10.0,256,20,0,512,512,2.312091517136885,0.0,3.1957136680677225,5.071693813181124,0.0,0.0,1.0,290.0
mppi_coast,coast,300.0,1800.0,0.1,0.09,5.0,10.0,10.0,10.0,10,100.0,inf,full,both,inf,180.0,0.01,0.0,0.0,256,20,3,0.5,0.1,0.99,10.0,256,20,0,512,512,2.312091517136885,0.0,3.1957136680677225,5.071693813181124,0.0,0.0,1.0,290.0
mppi_coast,coast,300.0,1800.0,0.1,0.09,5.0,inf,10.0,10.0,10,100.0,inf,full,both,inf,180.0,0.01,0.0,0.0,256,20,3,0.5,0.1,0.99,10.0,256,20,0,512,512,2.312091517136885,0.0,3.1957136680677225,5.071693813181124,0.0,0.0,1.0,290.0
mppi_coast,coast,300.0,1800.0,0.1,0.1,5.0,1.25,10.0,10.0,10,100.0,inf,full,both,inf,180.0,0.01,0.0,0.0,256,20,3,0.5,0.1,0.99,10.0,256,20,0,512,512,2.312091517136885,0.0,3.1957136680677225,5.071693813181124,0.0,0.0,1.0,290.0
mppi_coast,coast,300.0,1800.0,0.1,0.1,5.0,2.5,10.0,10.0,10,100.0,inf,full,both,inf,180.0,0.01,0.0,0.0,256,20,3,0.5,0.1,0.99,10.0,256,20,0,512,512,2.312091517136885,0.0,3.1957136680677225,5.071693813181124,0.0,0.0,1.0,290.0
mppi_coast,coast,300.0,1800.0,0.1,0.1,5.0,3.75,10.0,10.0,10,100.0,inf,full,both,inf,180.0,0.01,0.0,0.0,256,20,3,0.5,0.1,0.99,10.0,256,20,0,512,512,2.312091517136885,0.0,3.1957136680677225,5.071693813181124,0.0,0.0,1.0,290.0
mppi_coast,coast,300.0,1800.0,0.1,0.1,5.0,4.5,10.0,10.0,10,100.0,inf,full,both,inf,180.0,0.01,0.0,0.0,256,20,3,0.5,0.1,0.99,10.0,256,20,0,512,512,2.312091517136885,0.0,3.1957136680677225,5.071693813181124,0.0,0.0,1.0,290.0
mppi_coast,coast,300.0,1800.0,0.1,0.1,5.0,5.0,10.0,10.0,10,100.0,inf,full,both,inf,180.0,0.01,0.0,0.0,256,20,3,0.5,0.1,0.99,10.0,256,20,0,512,512,2.312091517136885,0.0,3.1957136680677225,5.071693813181124,0.0,0.0,1.0,290.0
mppi_coast,coast,300.0,1800.0,0.1,0.1,5.0,5.5,10.0,10.0,10,100.0,inf,full,both,inf,180.0,0.01,0.0,0.0,256,20,3,0.5,0.1,0.99,10.0,256,20,0,512,512,2.312091517136885,0.0,3.1957136680677225,5.071693813181124,0.0,0.0,1.0,290.0
mppi_coast,coast,300.0,1800.0,0.1,0.1,5.0,6.25,10.0,10.0,10,100.0,inf,full,both,inf,180.0,0.01,0.0,0.0,256,20,3,0.5,0.1,0.99,10.0,256,20,0,512,512,2.312091517136885,0.0,3.1957136680677225,5.071693813181124,0.0,0.0,1.0,290.0
mppi_coast,coast,300.0,1800.0,0.1,0.1,5.0,7.5,10.0,10.0,10,100.0,inf,full,both,inf,180.0,0.01,0.0,0.0,256,20,3,0.5,0.1,0.99,10.0,256,20,0,512,512,2.312091517136885,0.0,3.1957136680677225,5.071693813181124,0.0,0.0,1.0,290.0
mppi_coast,coast,300.0,1800.0,0.1,0.1,5.0,10.0,10.0,10.0,10,100.0,inf,full,both,inf,180.0,0.01,0.0,0.0,256,20,3,0.5,0.1,0.99,10.0,256,20,0,512,512,2.312091517136885,0.0,3.1957136680677225,5.071693813181124,0.0,0.0,1.0,290.0
mppi_coast,coast,300.0,1800.0,0.1,0.1,5.0,inf,10.0,10.0,10,100.0,inf,full,both,inf,180.0,0.01,0.0,0.0,256,20,3,0.5,0.1,0.99,10.0,256,20,0,512,512,2.312091517136885,0.0,3.1957136680677225,5.071693813181124,0.0,0.0,1.0,290.0
mppi_coast,coast,300.0,1800.0,0.1,0.11,5.0,1.25,10.0,10.0,10,100.0,inf,full,both,inf,180.0,0.01,0.0,0.0,256,20,3,0.5,0.1,0.99,10.0,256,20,0,512,512,2.312091517136885,0.0,3.1957136680677225,5.071693813181124,0.0,0.0,1.0,290.0
mppi_coast,coast,300.0,1800.0,0.1,0.11,5.0,2.5,10.0,10.0,10,100.0,inf,full,both,inf,180.0,0.01,0.0,0.0,256,20,3,0.5,0.1,0.99,10.0,256,20,0,512,512,2.312091517136885,0.0,3.1957136680677225,5.071693813181124,0.0,0.0,1.0,290.0
mppi_coast,coast,300.0,1800.0,0.1,0.11,5.0,3.75,10.0,10.0,10,100.0,inf,full,both,inf,180.0,0.01,0.0,0.0,256,20,3,0.5,0.1,0.99,10.0,256,20,0,512,512,2.312091517136885,0.0,3.1957136680677225,5.071693813181124,0.0,0.0,1.0,290.0
mppi_coast,coast,300.0,1800.0,0.1,0.11,5.0,4.5,10.0,10.0,10,100.0,inf,full,both,inf,180.0,0.01,0.0,0.0,256,20,3,0.5,0.1,0.99,10.0,256,20,0,512,512,2.312091517136885,0.0,3.1957136680677225,5.071693813181124,0.0,0.0,1.0,290.0
mppi_coast,coast,300.0,1800.0,0.1,0.11,5.0,5.0,10.0,10.0,10,100.0,inf,full,both,inf,180.0,0.01,0.0,0.0,256,20,3,0.5,0.1,0.99,10.0,256,20,0,512,512,2.312091517136885,0.0,3.1957136680677225,5.071693813181124,0.0,0.0,1.0,290.0
mppi_coast,coast,300.0,1800.0,0.1,0.11,5.0,5.5,10.0,10.0,10,100.0,inf,full,both,inf,180.0,0.01,0.0,0.0,256,20,3,0.5,0.1,0.99,10.0,256,20,0,512,512,2.312091517136885,0.0,3.1957136680677225,5.071693813181124,0.0,0.0,1.0,290.0
mppi_coast,coast,300.0,1800.0,0.1,0.11,5.0,6.25,10.0,10.0,10,100.0,inf,full,both,inf,180.0,0.01,0.0,0.0,256,20,3,0.5,0.1,0.99,10.0,256,20,0,512,512,2.312091517136885,0.0,3.1957136680677225,5.071693813181124,0.0,0.0,1.0,290.0
mppi_coast,coast,300.0,1800.0,0.1,0.11,5.0,7.5,10.0,10.0,10,100.0,inf,full,both,inf,180.0,0.01,0.0,0.0,256,20,3,0.5,0.1,0.99,10.0,256,20,0,512,512,2.312091517136885,0.0,3.1957136680677225,5.071693813181124,0.0,0.0,1.0,290.0
mppi_coast,coast,300.0,1800.0,0.1,0.11,5.0,10.0,10.0,10.0,10,100.0,inf,full,both,inf,180.0,0.01,0.0,0.0,256,20,3,0.5,0.1,0.99,10.0,256,20,0,512,512,2.312091517136885,0.0,3.1957136680677225,5.071693813181124,0.0,0.0,1.0,290.0
mppi_coast,coast,300.0,1800.0,0.1,0.11,5.0,inf,10.0,10.0,10,100.0,inf,full,both,inf,180.0,0.01,0.0,0.0,256,20,3,0.5,0.1,0.99,10.0,256,20,0,512,512,2.312091517136885,0.0,3.1957136680677225,5.071693813181124,0.0,0.0,1.0,290.0
mppi_coast,coast,300.0,1800.0,0.1,0.125,5.0,1.25,10.0,10.0,10,100.0,inf,full,both,inf,180.0,0.01,0.0,0.0,256,20,3,0.5,0.1,0.99,10.0,256,20,0,512,512,2.312091517136885,0.0,3.1957136680677225,5.071693813181124,0.0,0.0,1.0,290.0
mppi_coast,coast,300.0,1800.0,0.1,0.125,5.0,2.5,10.0,10.0,10,100.0,inf,full,both,inf,180.0,0.01,0.0,0.0,256,20,3,0.5,0.1,0.99,10.0,256,20,0,512,512,2.312091517136885,0.0,3.1957136680677225,5.071693813181124,0.0,0.0,1.0,290.0
mppi_coast,coast,300.0,1800.0,0.1,0.125,5.0,3.75,10.0,10.0,10,100.0,inf,full,both,inf,180.0,0.01,0.0,0.0,256,20,3,0.5,0.1,0.99,10.0,256,20,0,512,512,2.312091517136885,0.0,3.1957136680677225,5.071693813181124,0.0,0.0,1.0,290.0
mppi_coast,coast,300.0,1800.0,0.1,0.125,5.0,4.5,10.0,10.0,10,100.0,inf,full,both,inf,180.0,0.01,0.0,0.0,256,20,3,0.5,0.1,0.99,10.0,256,20,0,512,512,2.312091517136885,0.0,3.1957136680677225,5.071693813181124,0.0,0.0,1.0,290.0
mppi_coast,coast,300.0,1800.0,0.1,0.125,5.0,5.0,10.0,10.0,10,100.0,inf,full,both,inf,180.0,0.01,0.0,0.0,256,20,3,0.5,0.1,0.99,10.0,256,20,0,512,512,2.312091517136885,0.0,3.1957136680677225,5.071693813181124,0.0,0.0,1.0,290.0
mppi_coast,coast,300.0,1800.0,0.1,0.125,5.0,5.5,10.0,10.0,10,100.0,inf,full,both,inf,180.0,0.01,0.0,0.0,256,20,3,0.5,0.1,0.99,10.0,256,20,0,512,512,2.312091517136885,0.0,3.1957136680677225,5.071693813181124,0.0,0.0,1.0,290.0
mppi_coast,coast,300.0,1800.0,0.1,0.125,5.0,6.25,10.0,10.0,10,100.0,inf,full,both,inf,180.0,0.01,0.0,0.0,256,20,3,0.5,0.1,0.99,10.0,256,20,0,512,512,2.312091517136885,0.0,3.1957136680677225,5.071693813181124,0.0,0.0,1.0,290.0
mppi_coast,coast,300.0,1800.0,0.1,0.125,5.0,7.5,10.0,10.0,10,100.0,inf,full,both,inf,180.0,0.01,0.0,0.0,256,20,3,0.5,0.1,0.99,10.0,256,20,0,512,512,2.312091517136885,0.0,3.1957136680677225,5.071693813181124,0.0,0.0,1.0,290.0
mppi_coast,coast,300.0,1800.0,0.1,0.125,5.0,10.0,10.0,10.0,10,100.0,inf,full,both,inf,180.0,0.01,0.0,0.0,256,20,3,0.5,0.1,0.99,10.0,256,20,0,512,512,2.312091517136885,0.0,3.1957136680677225,5.071693813181124,0.0,0.0,1.0,290.0
mppi_coast,coast,300.0,1800.0,0.1,0.125,5.0,inf,10.0,10.0,10,100.0,inf,full,both,inf,180.0,0.01,0.0,0.0,256,20,3,0.5,0.1,0.99,10.0,256,20,0,512,512,2.312091517136885,0.0,3.1957136680677225,5.071693813181124,0.0,0.0,1.0,290.0
mppi_coast,coast,300.0,1800.0,0.1,0.15,5.0,1.25,10.0,10.0,10,100.0,inf,full,both,inf,180.0,0.01,0.0,0.0,256,20,3,0.5,0.1,0.99,10.0,256,20,0,512,512,2.312091517136885,0.0,3.1957136680677225,5.071693813181124,0.0,0.0,1.0,290.0
mppi_coast,coast,300.0,1800.0,0.1,0.15,5.0,2.5,10.0,10.0,10,100.0,inf,full,both,inf,180.0,0.01,0.0,0.0,256,20,3,0.5,0.1,0.99,10.0,256,20,0,512,512,2.312091517136885,0.0,3.1957136680677225,5.071693813181124,0.0,0.0,1.0,290.0
mppi_coast,coast,300.0,1800.0,0.1,0.15,5.0,3.75,10.0,10.0,10,100.0,inf,full,both,inf,180.0,0.01,0.0,0.0,256,20,3,0.5,0.1,0.99,10.0,256,20,0,512,512,2.312091517136885,0.0,3.1957136680677225,5.071693813181124,0.0,0.0,1.0,290.0
mppi_coast,coast,300.0,1800.0,0.1,0.15,5.0,4.5,10.0,10.0,10,100.0,inf,full,both,inf,180.0,0.01,0.0,0.0,256,20,3,0.5,0.1,0.99,10.0,256,20,0,512,512,2.312091517136885,0.0,3.1957136680677225,5.071693813181124,0.0,0.0,1.0,290.0
mppi_coast,coast,300.0,1800.0,0.1,0.15,5.0,5.0,10.0,10.0,10,100.0,inf,full,both,inf,180.0,0.01,0.0,0.0,256,20,3,0.5,0.1,0.99,10.0,256,20,0,512,512,2.312091517136885,0.0,3.1957136680677225,5.071693813181124,0.0,0.0,1.0,290.0
mppi_coast,coast,300.0,1800.0,0.1,0.15,5.0,5.5,10.0,10.0,10,100.0,inf,full,both,inf,180.0,0.01,0.0,0.0,256,20,3,0.5,0.1,0.99,10.0,256,20,0,512,512,2.312091517136885,0.0,3.1957136680677225,5.071693813181124,0.0,0.0,1.0,290.0
mppi_coast,coast,300.0,1800.0,0.1,0.15,5.0,6.25,10.0,10.0,10,100.0,inf,full,both,inf,180.0,0.01,0.0,0.0,256,20,3,0.5,0.1,0.99,10.0,256,20,0,512,512,2.312091517136885,0.0,3.1957136680677225,5.071693813181124,0.0,0.0,1.0,290.0
mppi_coast,coast,300.0,1800.0,0.1,0.15,5.0,7.5,10.0,10.0,10,100.0,inf,full,both,inf,180.0,0.01,0.0,0.0,256,20,3,0.5,0.1,0.99,10.0,256,20,0,512,512,2.312091517136885,0.0,3.1957136680677225,5.071693813181124,0.0,0.0,1.0,290.0
mppi_coast,coast,300.0,1800.0,0.1,0.15,5.0,10.0,10.0,10.0,10,100.0,inf,full,both,inf,180.0,0.01,0.0,0.0,256,20,3,0.5,0.1,0.99,10.0,256,20,0,512,512,2.312091517136885,0.0,3.1957136680677225,5.071693813181124,0.0,0.0,1.0,290.0
mppi_coast,coast,300.0,1800.0,0.1,0.15,5.0,inf,10.0,10.0,10,100.0,inf,full,both,inf,180.0,0.01,0.0,0.0,256,20,3,0.5,0.1,0.99,10.0,256,20,0,512,512,2.312091517136885,0.0,3.1957136680677225,5.071693813181124,0.0,0.0,1.0,290.0
mppi_coast,coast,300.0,1800.0,0.1,0.2,5.0,1.25,10.0,10.0,10,100.0,inf,full,both,inf,180.0,0.01,0.0,0.0,256,20,3,0.5,0.1,0.99,10.0,256,20,0,512,512,2.312091517136885,0.0,3.1957136680677225,5.071693813181124,0.0,0.0,1.0,290.0
mppi_coast,coast,300.0,1800.0,0.1,0.2,5.0,2.5,10.0,10.0,10,100.0,inf,full,both,inf,180.0,0.01,0.0,0.0,256,20,3,0.5,0.1,0.99,10.0,256,20,0,512,512,2.312091517136885,0.0,3.1957136680677225,5.071693813181124,0.0,0.0,1.0,290.0
mppi_coast,coast,300.0,1800.0,0.1,0.2,5.0,3.75,10.0,10.0,10,100.0,inf,full,both,inf,180.0,0.01,0.0,0.0,256,20,3,0.5,0.1,0.99,10.0,256,20,0,512,512,2.312091517136885,0.0,3.1957136680677225,5.071693813181124,0.0,0.0,1.0,290.0
mppi_coast,coast,300.0,1800.0,0.1,0.2,5.0,4.5,10.0,10.0,10,100.0,inf,full,both,inf,180.0,0.01,0.0,0.0,256,20,3,0.5,0.1,0.99,10.0,256,20,0,512,512,2.312091517136885,0.0,3.1957136680677225,5.071693813181124,0.0,0.0,1.0,290.0
mppi_coast,coast,300.0,1800.0,0.1,0.2,5.0,5.0,10.0,10.0,10,100.0,inf,full,both,inf,180.0,0.01,0.0,0.0,256,20,3,0.5,0.1,0.99,10.0,256,20,0,512,512,2.312091517136885,0.0,3.1957136680677225,5.071693813181124,0.0,0.0,1.0,290.0
mppi_coast,coast,300.0,1800.0,0.1,0.2,5.0,5.5,10.0,10.0,10,100.0,inf,full,both,inf,180.0,0.01,0.0,0.0,256,20,3,0.5,0.1,0.99,10.0,256,20,0,512,512,2.312091517136885,0.0,3.1957136680677225,5.071693813181124,0.0,0.0,1.0,290.0
mppi_coast,coast,300.0,1800.0,0.1,0.2,5.0,6.25,10.0,10.0,10,100.0,inf,full,both,inf,180.0,0.01,0.0,0.0,256,20,3,0.5,0.1,0.99,10.0,256,20,0,512,512,2.312091517136885,0.0,3.1957136680677225,5.071693813181124,0.0,0.0,1.0,290.0
mppi_coast,coast,300.0,1800.0,0.1,0.2,5.0,7.5,10.0,10.0,10,100.0,inf,full,both,inf,180.0,0.01,0.0,0.0,256,20,3,0.5,0.1,0.99,10.0,256,20,0,512,512,2.312091517136885,0.0,3.1957136680677225,5.071693813181124,0.0,0.0,1.0,290.0
mppi_coast,coast,300.0,1800.0,0.1,0.2,5.0,10.0,10.0,10.0,10,100.0,inf,full,both,inf,180.0,0.01,0.0,0.0,256,20,3,0.5,0.1,0.99,10.0,256,20,0,512,512,2.312091517136885,0.0,3.1957136680677225,5.071693813181124,0.0,0.0,1.0,290.0
mppi_coast,coast,300.0,1800.0,0.1,0.2,5.0,inf,10.0,10.0,10,100.0,inf,full,both,inf,180.0,0.01,0.0,0.0,256,20,3,0.5,0.1,0.99,10.0,256,20,0,512,512,2.312091517136885,0.0,3.1957136680677225,5.071693813181124,0.0,0.0,1.0,290.0
mppi_coast,mppi_direct,300.0,1800.0,0.1,0.025,5.0,1.25,10.0,10.0,10,100.0,inf,full,both,inf,180.0,0.01,0.0,0.0,256,20,3,0.5,0.1,0.99,10.0,256,20,0,512,512,2.2033897917551912,0.5530439912513703,4.092232991087162,6.085020508147729,0.0,0.0,1.0,280.0
mppi_coast,mppi_direct,300.0,1800.0,0.1,0.025,5.0,2.5,10.0,10.0,10,100.0,inf,full,both,inf,180.0,0.01,0.0,0.0,256,20,3,0.5,0.1,0.99,10.0,256,20,0,512,512,2.202701135710938,0.5536224713497667,4.084547573375241,5.756680713898792,0.0,0.0,1.0,280.0
mppi_coast,mppi_direct,300.0,1800.0,0.1,0.025,5.0,3.75,10.0,10.0,10,100.0,inf,full,both,inf,180.0,0.01,0.0,0.0,256,20,3,0.5,0.1,0.99,10.0,256,20,0,512,512,2.202701135710938,0.5536224713497667,4.084547573375241,5.756680713898792,0.0,0.0,1.0,280.0
mppi_coast,mppi_direct,300.0,1800.0,0.1,0.025,5.0,4.5,10.0,10.0,10,100.0,inf,full,both,inf,180.0,0.01,0.0,0.0,256,20,3,0.5,0.1,0.99,10.0,256,20,0,512,512,2.202701135710938,0.5536224713497667,4.084547573375241,5.756680713898792,0.0,0.0,1.0,280.0
mppi_coast,mppi_direct,300.0,1800.0,0.1,0.025,5.0,5.0,10.0,10.0,10,100.0,inf,full,both,inf,180.0,0.01,0.0,0.0,256,20,3,0.5,0.1,0.99,10.0,256,20,0,512,512,2.202701135710938,0.5536224713497667,4.084547573375241,5.756680713898792,0.0,0.0,1.0,280.0
mppi_coast,mppi_direct,300.0,1800.0,0.1,0.025,5.0,5.5,10.0,10.0,10,100.0,inf,full,both,inf,180.0,0.01,0.0,0.0,256,20,3,0.5,0.1,0.99,10.0,256,20,0,512,512,2.202701135710938,0.5536224713497667,4.084547573375241,5.756680713898792,0.0,0.0,1.0,280.0
mppi_coast,mppi_direct,300.0,1800.0,0.1,0.025,5.0,6.25,10.0,10.0,10,100.0,inf,full,both,inf,180.0,0.01,0.0,0.0,256,20,3,0.5,0.1,0.99,10.0,256,20,0,512,512,2.202701135710938,0.5536224713497667,4.084547573375241,5.756680713898792,0.0,0.0,1.0,280.0
mppi_coast,mppi_direct,300.0,1800.0,0.1,0.025,5.0,7.5,10.0,10.0,10,100.0,inf,full,both,inf,180.0,0.01,0.0,0.0,256,20,3,0.5,0.1,0.99,10.0,256,20,0,512,512,2.202701135710938,0.5536224713497667,4.084547573375241,5.756680713898792,0.0,0.0,1.0,280.0
mppi_coast,mppi_direct,300.0,1800.0,0.1,0.025,5.0,10.0,10.0,10.0,10,100.0,inf,full,both,inf,180.0,0.01,0.0,0.0,256,20,3,0.5,0.1,0.99,10.0,256,20,0,512,512,2.202701135710938,0.5536224713497667,4.084547573375241,5.756680713898792,0.0,0.0,1.0,280.0
mppi_coast,mppi_direct,300.0,1800.0,0.1,0.025,5.0,inf,10.0,10.0,10,100.0,inf,full,both,inf,180.0,0.01,0.0,0.0,256,20,3,0.5,0.1,0.99,10.0,256,20,0,512,512,2.202701135710938,0.5536224713497667,4.084547573375241,5.756680713898792,0.0,0.0,1.0,280.0
mppi_coast,mppi_direct,300.0,1800.0,0.1,0.05,5.0,1.25,10.0,10.0,10,100.0,inf,full,both,inf,180.0,0.01,0.0,0.0,256,20,3,0.5,0.1,0.99,10.0,256,20,0,512,512,2.0027005544365126,0.9827746105007658,6.9467490895508845,8.92376152039432,0.0,0.0,1.0,260.0
mppi_coast,mppi_direct,300.0,1800.0,0.1,0.05,5.0,2.5,10.0,10.0,10,100.0,inf,full,both,inf,180.0,0.01,0.0,0.0,256,20,3,0.5,0.1,0.99,10.0,256,20,0,512,508,2.0421635328851657,1.0562207667122598,7.07760472683538,15.786519572105734,0.0,0.0,0.9921875,260.0
mppi_coast,mppi_direct,300.0,1800.0,0.1,0.05,5.0,3.75,10.0,10.0,10,100.0,inf,full,both,inf,180.0,0.01,0.0,0.0,256,20,3,0.5,0.1,0.99,10.0,256,20,0,512,509,2.035238591370032,1.0619562451901254,7.101828057116181,25.030767806368157,0.0,0.0,0.994140625,260.0
mppi_coast,mppi_direct,300.0,1800.0,0.1,0.05,5.0,4.5,10.0,10.0,10,100.0,inf,full,both,inf,180.0,0.01,0.0,0.0,256,20,3,0.5,0.1,0.99,10.0,256,20,0,512,509,2.0352399860507164,1.0663510215487877,7.1366658405814425,28.82008138761396,0.0,0.0,0.994140625,260.0
mppi_coast,mppi_direct,300.0,1800.0,0.1,0.05,5.0,5.0,10.0,10.0,10,100.0,inf,full,both,inf,180.0,0.01,0.0,0.0,256,20,3,0.5,0.1,0.99,10.0,256,20,0,512,509,2.0352399860507164,1.0692807090487877,7.136665836813081,31.183110426665067,0.0,0.0,0.994140625,260.0
mppi_coast,mppi_direct,300.0,1800.0,0.1,0.05,5.0,5.5,10.0,10.0,10,100.0,inf,full,both,inf,180.0,0.01,0.0,0.0,256,20,3,0.5,0.1,0.99,10.0,256,20,0,512,509,2.0352399860507164,1.0722103965487877,7.136665836813081,33.36594735104578,0.0,0.0,0.994140625,260.0
mppi_coast,mppi_direct,300.0,1800.0,0.1,0.05,5.0,6.25,10.0,10.0,10,100.0,inf,full,both,inf,180.0,0.01,0.0,0.0,256,20,3,0.5,0.1,0.99,10.0,256,20,0,512,509,2.0352399860507164,1.0766049277987877,7.136665836813081,35.76585639588171,0.0,0.0,0.994140625,260.0
mppi_coast,mppi_direct,300.0,1800.0,0.1,0.05,5.0,7.5,10.0,10.0,10,100.0,inf,full,both,inf,180.0,0.01,0.0,0.0,256,20,3,0.5,0.1,0.99,10.0,256,20,0,512,509,2.0352399860507164,1.0839291465487877,7.136665836813081,38.05487621530605,0.0,0.0,0.994140625,260.0
mppi_coast,mppi_direct,300.0,1800.0,0.1,0.05,5.0,10.0,10.0,10.0,10,100.0,inf,full,both,inf,180.0,0.01,0.0,0.0,256,20,3,0.5,0.1,0.99,10.0,256,20,0,512,509,2.0352399860507164,1.0896224423094143,7.136665836813081,38.52593058703136,0.0,0.0,0.994140625,260.0
mppi_coast,mppi_direct,300.0,1800.0,0.1,0.05,5.0,inf,10.0,10.0,10,100.0,inf,full,both,inf,180.0,0.01,0.0,0.0,256,20,3,0.5,0.1,0.99,10.0,256,20,0,512,509,2.0352399860507164,1.0896240086105229,7.136665836813081,38.52788728791197,0.0,0.0,0.994140625,260.0
mppi_coast,mppi_direct,300.0,1800.0,0.1,0.075,5.0,1.25,10.0,10.0,10,100.0,inf,full,both,inf,180.0,0.01,0.0,0.0,256,20,3,0.5,0.1,0.99,10.0,256,20,0,512,512,1.917416035612285,1.2422947010309728,8.287653954463106,10.8165528685101,0.0,0.0,1.0,240.0
mppi_coast,mppi_direct,300.0,1800.0,0.1,0.075,5.0,2.5,10.0,10.0,10,100.0,inf,full,both,inf,180.0,0.01,0.0,0.0,256,20,3,0.5,0.1,0.99,10.0,256,20,0,512,484,2.065529872441943,1.5514586399514865,10.039909174732866,42.03996748770975,0.0,0.0,0.9453125,240.0
mppi_coast,mppi_direct,300.0,1800.0,0.1,0.075,5.0,3.75,10.0,10.0,10,100.0,inf,full,both,inf,180.0,0.01,0.0,0.0,256,20,3,0.5,0.1,0.99,10.0,256,20,0,512,457,2.166828495206738,1.7294199399976218,11.698374200453692,271.98618743608245,0.0,0.0,0.892578125,240.0
mppi_coast,mppi_direct,300.0,1800.0,0.1,0.075,5.0,4.5,10.0,10.0,10,100.0,inf,full,both,inf,180.0,0.01,0.0,0.0,256,20,3,0.5,0.1,0.99,10.0,256,20,0,512,455,2.176957555642218,1.8237830404621556,11.941824757868067,386.10918314120346,0.0,0.0,0.888671875,240.0
mppi_coast,mppi_direct,300.0,1800.0,0.1,0.075,5.0,5.0,10.0,10.0,10,100.0,inf,full,both,inf,180.0,0.01,0.0,0.0,256,20,3,0.5,0.1,0.99,10.0,256,20,0,512,458,2.1597488057056995,1.859090973267404,11.874966257744353,433.143563279904,0.0,0.0,0.89453125,240.0
mppi_coast,mppi_direct,300.0,1800.0,0.1,0.075,5.0,5.5,10.0,10.0,10,100.0,inf,full,both,inf,180.0,0.01,0.0,0.0,256,20,3,0.5,0.1,0.99,10.0,256,20,0,512,457,2.164119714273662,1.9187518707323592,11.883131980675454,492.3608081054737,0.0,0.0,0.892578125,240.0
mppi_coast,mppi_direct,300.0,1800.0,0.1,0.075,5.0,6.25,10.0,10.0,10,100.0,inf,full,both,inf,180.0,0.01,0.0,0.0,256,20,3,0.5,0.1,0.99,10.0,256,20,0,512,457,2.164098357851302,1.9993148958570608,11.882720111329926,576.6939920279843,0.0,0.0,0.892578125,240.0
mppi_coast,mppi_direct,300.0,1800.0,0.1,0.075,5.0,7.5,10.0,10.0,10,100.0,inf,full,both,inf,180.0,0.01,0.0,0.0,256,20,3,0.5,0.1,0.99,10.0,256,20,0,512,457,2.164098357851302,2.133592239607061,11.882733009349227,692.4730407972153,0.0,0.0,0.892578125,240.0
mppi_coast,mppi_direct,300.0,1800.0,0.1,0.075,5.0,10.0,10.0,10.0,10,100.0,inf,full,both,inf,180.0,0.01,0.0,0.0,256,20,3,0.5,0.1,0.99,10.0,256,20,0,512,457,2.164098357851302,2.402146927107061,11.882733009349227,839.9975370128113,0.0,0.0,0.892578125,240.0
mppi_coast,mppi_direct,300.0,1800.0,0.1,0.075,5.0,inf,10.0,10.0,10,100.0,inf,full,both,inf,180.0,0.01,0.0,0.0,256,20,3,0.5,0.1,0.99,10.0,256,20,0,512,457,2.164098357851302,2.697169983943234,11.882733009349227,890.6754941623255,0.0,0.0,0.892578125,240.0
mppi_coast,mppi_direct,300.0,1800.0,0.1,0.09,5.0,1.25,10.0,10.0,10,100.0,inf,full,both,inf,180.0,0.01,0.0,0.0,256,20,3,0.5,0.1,0.99,10.0,256,20,0,512,512,1.9770826166668536,1.25,6.520312161590288,8.894338396123693,0.0,0.0,1.0,230.0
mppi_coast,mppi_direct,300.0,1800.0,0.1,0.09,5.0,2.5,10.0,10.0,10,100.0,inf,full,both,inf,180.0,0.01,0.0,0.0,256,20,3,0.5,0.1,0.99,10.0,256,20,0,512,268,3.642996916498462,2.171989875948269,10.075956509988265,404.82875602028,0.0,0.0,0.5234375,230.0
mppi_coast,mppi_direct,300.0,1800.0,0.1,0.09,5.0,3.75,10.0,10.0,10,100.0,inf,full,both,inf,180.0,0.01,0.0,0.0,256,20,3,0.5,0.1,0.99,10.0,256,20,0,512,190,3.816160921234037,3.012741087571979,15.791879869184354,1597.3017203934994,0.0,0.0,0.37109375,230.0
mppi_coast,mppi_direct,300.0,1800.0,0.1,0.09,5.0,4.5,10.0,10.0,10,100.0,inf,full,both,inf,180.0,0.01,0.0,0.0,256,20,3,0.5,0.1,0.99,10.0,256,20,0,512,176,3.9057308333057055,3.563629170203624,16.854140529179205,2348.7278586683174,0.0,0.0,0.34375,230.0
mppi_coast,mppi_direct,300.0,1800.0,0.1,0.09,5.0,5.0,10.0,10.0,10,100.0,inf,full,both,inf,180.0,0.01,0.0,0.0,256,20,3,0.5,0.1,0.99,10.0,256,20,0,512,186,3.839752304788578,3.8220616856480967,16.73164998299641,2689.5866984668223,0.0,0.0,0.36328125,230.0
mppi_coast,mppi_direct,300.0,1800.0,0.1,0.09,5.0,5.5,10.0,10.0,10,100.0,inf,full,both,inf,180.0,0.01,0.0,0.0,256,20,3,0.5,0.1,0.99,10.0,256,20,0,512,169,3.943431050137113,4.261935680391514,16.800405382552825,3236.360165509789,0.0,0.0,0.330078125,230.0
mppi_coast,mppi_direct,300.0,1800.0,0.1,0.09,5.0,6.25,10.0,10.0,10,100.0,inf,full,both,inf,180.0,0.01,0.0,0.0,256,20,3,0.5,0.1,0.99,10.0,256,20,0,512,169,3.944921510806462,4.76598884118495,16.888258759706073,3842.163735851404,0.0,0.0,0.330078125,230.0
mppi_coast,mppi_direct,300.0,1800.0,0.1,0.09,5.0,7.5,10.0,10.0,10,100.0,inf,full,both,inf,180.0,0.01,0.0,0.0,256,20,3,0.5,0.1,0.99,10.0,256,20,0,512,168,3.95055961348055,5.614449707283242,16.890144270336705,4723.738042356223,0.0,0.0,0.328125,230.0
mppi_coast,mppi_direct,300.0,1800.0,0.1,0.09,5.0,10.0,10.0,10.0,10,100.0,inf,full,both,inf,180.0,0.01,0.0,0.0,256,20,3,0.5,0.1,0.99,10.0,256,20,0,512,168,3.95055961348055,7.294137207283242,16.89013858780277,6005.098817971034,0.0,0.0,0.328125,230.0
mppi_coast,mppi_direct,300.0,1800.0,0.1,0.09,5.0,inf,10.0,10.0,10,100.0,inf,full,both,inf,180.0,0.01,0.0,0.0,256,20,3,0.5,0.1,0.99,10.0,256,20,0,512,168,3.95055961348055,10.832770772450235,16.89013858780277,7018.781096670513,0.0,0.0,0.328125,230.0
mppi_coast,mppi_direct,300.0,1800.0,0.1,0.1,5.0,1.25,10.0,10.0,10,100.0,inf,full,both,inf,180.0,0.01,0.0,0.0,256,20,3,0.5,0.1,0.99,10.0,256,20,0,512,512,2.055886444650245,1.25,5.6562633690782445,7.806992471811841,0.0,0.0,1.0,230.0
mppi_coast,mppi_direct,300.0,1800.0,0.1,0.1,5.0,2.5,10.0,10.0,10,100.0,inf,full,both,inf,180.0,0.01,0.0,0.0,256,20,3,0.5,0.1,0.99,10.0,256,20,0,512,164,4.471436760972079,2.404102962134261,10.2327329510167,487.2002007302133,0.0,0.0,0.3203125,255.0
mppi_coast,mppi_direct,300.0,1800.0,0.1,0.1,5.0,3.75,10.0,10.0,10,100.0,inf,full,both,inf,180.0,0.01,0.0,0.0,256,20,3,0.5,0.1,0.99,10.0,256,20,0,512,78,4.515373470134369,3.471919996503214,20.842432405163013,2082.0545559399493,0.0,0.0,0.15234375,220.0
mppi_coast,mppi_direct,300.0,1800.0,0.1,0.1,5.0,4.5,10.0,10.0,10,100.0,inf,full,both,inf,180.0,0.01,0.0,0.0,256,20,3,0.5,0.1,0.99,10.0,256,20,0,512,55,4.658149092048847,4.224002554040603,21.413872469805337,3206.341963729948,0.0,0.0,0.107421875,220.0
mppi_coast,mppi_direct,300.0,1800.0,0.1,0.1,5.0,5.0,10.0,10.0,10,100.0,inf,full,both,inf,180.0,0.01,0.0,0.0,256,20,3,0.5,0.1,0.99,10.0,256,20,0,512,46,4.718218875530615,4.7307889189388295,22.226419796883537,3864.877979950458,0.0,0.0,0.08984375,230.0
mppi_coast,mppi_direct,300.0,1800.0,0.1,0.1,5.0,5.5,10.0,10.0,10,100.0,inf,full,both,inf,180.0,0.01,0.0,0.0,256,20,3,0.5,0.1,0.99,10.0,256,20,0,512,46,4.7172107558444365,5.184591966332752,22.069459831990617,4503.175173568034,0.0,0.0,0.08984375,225.0
mppi_coast,mppi_direct,300.0,1800.0,0.1,0.1,5.0,6.25,10.0,10.0,10,100.0,inf,full,both,inf,180.0,0.01,0.0,0.0,256,20,3,0.5,0.1,0.99,10.0,256,20,0,512,50,4.690156374384305,5.83139361993657,22.156160627725196,5308.637578300151,0.0,0.0,0.09765625,230.0
mppi_coast,mppi_direct,300.0,1800.0,0.1,0.1,5.0,7.5,10.0,10.0,10,100.0,inf,full,both,inf,180.0,0.01,0.0,0.0,256,20,3,0.5,0.1,0.99,10.0,256,20,0,512,54,4.666660087059388,6.917004852175896,21.99088348979245,6529.269317901658,0.0,0.0,0.10546875,230.0
mppi_coast,mppi_direct,300.0,1800.0,0.1,0.1,5.0,10.0,10.0,10.0,10,100.0,inf,full,both,inf,180.0,0.01,0.0,0.0,256,20,3,0.5,0.1,0.99,10.0,256,20,0,512,53,4.671987325932307,9.168248539918864,21.99365607271956,8522.869059894343,0.0,0.0,0.103515625,230.0
mppi_coast,mppi_direct,300.0,1800.0,0.1,0.1,5.0,inf,10.0,10.0,10,100.0,inf,full,both,inf,180.0,0.01,0.0,0.0,256,20,3,0.5,0.1,0.99,10.0,256,20,0,512,53,4.671987325932307,15.427479580003634,21.99365607271956,10700.61628002385,0.0,0.0,0.103515625,230.0
mppi_coast,mppi_direct,300.0,1800.0,0.1,0.11,5.0,1.25,10.0,10.0,10,100.0,inf,full,both,inf,180.0,0.01,0.0,0.0,256,20,3,0.5,0.1,0.99,10.0,256,20,0,512,512,2.139656226761274,1.25,5.1706211042575925,7.101984917779382,0.0,0.0,1.0,230.0
mppi_coast,mppi_direct,300.0,1800.0,0.1,0.11,5.0,2.5,10.0,10.0,10,100.0,inf,full,both,inf,180.0,0.01,0.0,0.0,256,20,3,0.5,0.1,0.99,10.0,256,20,0,512,171,4.728684078846038,2.4626668261972653,9.690977718002788,443.4488756799621,0.0,0.0,0.333984375,740.0
mppi_coast,mppi_direct,300.0,1800.0,0.1,0.11,5.0,3.75,10.0,10.0,10,100.0,inf,full,both,inf,180.0,0.01,0.0,0.0,256,20,3,0.5,0.1,0.99,10.0,256,20,0,512,23,4.8534382774803495,3.6732294069562696,29.443342646468416,2172.45883341813,0.0,0.0,0.044921875,210.0
mppi_coast,mppi_direct,300.0,1800.0,0.1,0.11,5.0,4.5,10.0,10.0,10,100.0,inf,full,both,inf,180.0,0.01,0.0,0.0,256,20,3,0.5,0.1,0.99,10.0,256,20,0,512,29,4.820147363801492,4.36454424057773,28.37236273751875,3262.419471006333,0.0,0.0,0.056640625,220.0
mppi_coast,mppi_direct,300.0,1800.0,0.1,0.11,5.0,5.0,10.0,10.0,10,100.0,inf,full,both,inf,180.0,0.01,0.0,0.0,256,20,3,0.5,0.1,0.99,10.0,256,20,0,512,36,4.776173075507314,4.79774476827486,28.22747302240978,3901.39917041424,0.0,0.0,0.0703125,220.0
mppi_coast,mppi_direct,300.0,1800.0,0.1,0.11,5.0,5.5,10.0,10.0,10,100.0,inf,full,both,inf,180.0,0.01,0.0,0.0,256,20,3,0.5,0.1,0.99,10.0,256,20,0,512,21,4.870933789416762,5.361561662035695,30.1393644570808,4696.133958306416,0.0,0.0,0.041015625,220.0
mppi_coast,mppi_direct,300.0,1800.0,0.1,0.11,5.0,6.25,10.0,10.0,10,100.0,inf,full,both,inf,180.0,0.01,0.0,0.0,256,20,3,0.5,0.1,0.99,10.0,256,20,0,512,19,4.88020951670623,6.094084545765173,29.701950141007547,5681.724389266466,0.0,0.0,0.037109375,220.0
mppi_coast,mppi_direct,300.0,1800.0,0.1,0.11,5.0,7.5,10.0,10.0,10,100.0,inf,full,both,inf,180.0,0.01,0.0,0.0,256,20,3,0.5,0.1,0.99,10.0,256,20,0,512,28,4.825700536143187,7.204430818370766,30.09645742470409,6962.426836961728,0.0,0.0,0.0546875,220.0
mppi_coast,mppi_direct,300.0,1800.0,0.1,0.11,5.0,10.0,10.0,10.0,10,100.0,inf,full,both,inf,180.0,0.01,0.0,0.0,256,20,3,0.5,0.1,0.99,10.0,256,20,0,512,27,4.830877832531593,9.582373369944982,30.101042235661847,9310.707701445072,0.0,0.0,0.052734375,220.0
mppi_coast,mppi_direct,300.0,1800.0,0.1,0.11,5.0,inf,10.0,10.0,10,100.0,inf,full,both,inf,180.0,0.01,0.0,0.0,256,20,3,0.5,0.1,0.99,10.0,256,20,0,512,27,4.830877832531593,17.82941931347545,30.101042235661847,12609.088532876334,0.0,0.0,0.052734375,220.0
mppi_coast,mppi_direct,300.0,1800.0,0.1,0.125,5.0,1.25,10.0,10.0,10,100.0,inf,full,both,inf,180.0,0.01,0.0,0.0,256,20,3,0.5,0.1,0.99,10.0,256,20,0,512,512,2.2513999119300183,1.25,4.6668570739583775,6.375963087828448,0.0,0.0,1.0,240.0
mppi_coast,mppi_direct,300.0,1800.0,0.1,0.125,5.0,2.5,10.0,10.0,10,100.0,inf,full,both,inf,180.0,0.01,0.0,0.0,256,20,3,0.5,0.1,0.99,10.0,256,20,0,512,217,4.891299290099466,2.4898490266239044,9.018784591223875,362.6419277895416,0.0,0.0,0.423828125,760.0
mppi_coast,mppi_direct,300.0,1800.0,0.1,0.125,5.0,3.75,10.0,10.0,10,100.0,inf,full,both,inf,180.0,0.01,0.0,0.0,256,20,3,0.5,0.1,0.99,10.0,256,20,0,512,18,4.885063857717217,3.6985091372529153,43.69070784233642,2008.9792990390488,0.0,0.0,0.03515625,210.0
mppi_coast,mppi_direct,300.0,1800.0,0.1,0.125,5.0,4.5,10.0,10.0,10,100.0,inf,full,both,inf,180.0,0.01,0.0,0.0,256,20,3,0.5,0.1,0.99,10.0,256,20,0,512,8,4.950471423828101,4.46708273134612,39.804969206955,3280.8943376290945,0.0,0.0,0.015625,215.0
mppi_coast,mppi_direct,300.0,1800.0,0.1,0.125,5.0,5.0,10.0,10.0,10,100.0,inf,full,both,inf,180.0,0.01,0.0,0.0,256,20,3,0.5,0.1,0.99,10.0,256,20,0,512,7,4.954822104220876,4.962535352591575,40.78797869734736,4033.050436346496,0.0,0.0,0.013671875,210.0
mppi_coast,mppi_direct,300.0,1800.0,0.1,0.125,5.0,5.5,10.0,10.0,10,100.0,inf,full,both,inf,180.0,0.01,0.0,0.0,256,20,3,0.5,0.1,0.99,10.0,256,20,0,512,8,4.949531672591431,5.449563191873886,40.712583795552334,4785.678506303241,0.0,0.0,0.015625,205.0
mppi_coast,mppi_direct,300.0,1800.0,0.1,0.125,5.0,6.25,10.0,10.0,10,100.0,inf,full,both,inf,180.0,0.01,0.0,0.0,256,20,3,0.5,0.1,0.99,10.0,256,20,0,512,7,4.956369930387631,6.195901126862366,40.84346913362008,5866.851662607447,0.0,0.0,0.013671875,210.0
mppi_coast,mppi_direct,300.0,1800.0,0.1,0.125,5.0,7.5,10.0,10.0,10,100.0,inf,full,both,inf,180.0,0.01,0.0,0.0,256,20,3,0.5,0.1,0.99,10.0,256,20,0,512,11,4.930376685817056,7.388834150280847,41.81773642784231,7432.843285242105,0.0,0.0,0.021484375,210.0
mppi_coast,mppi_direct,300.0,1800.0,0.1,0.125,5.0,10.0,10.0,10.0,10,100.0,inf,full,both,inf,180.0,0.01,0.0,0.0,256,20,3,0.5,0.1,0.99,10.0,256,20,0,512,9,4.942978438938734,9.865274326833914,41.88625306169409,10203.868470729029,0.0,0.0,0.017578125,210.0
mppi_coast,mppi_direct,300.0,1800.0,0.1,0.125,5.0,inf,10.0,10.0,10,100.0,inf,full,both,inf,180.0,0.01,0.0,0.0,256,20,3,0.5,0.1,0.99,10.0,256,20,0,512,9,4.942978438938734,20.95340047152161,41.88625332398319,15331.546679439818,0.0,0.0,0.017578125,210.0
mppi_coast,mppi_direct,300.0,1800.0,0.1,0.15,5.0,1.25,10.0,10.0,10,100.0,inf,full,both,inf,180.0,0.01,0.0,0.0,256,20,3,0.5,0.1,0.99,10.0,256,20,0,512,512,2.4973893168012054,1.25,4.240993536753813,5.506749878539215,0.0,0.0,1.0,280.0
mppi_coast,mppi_direct,300.0,1800.0,0.1,0.15,5.0,2.5,10.0,10.0,10,100.0,inf,full,both,inf,180.0,0.01,0.0,0.0,256,20,3,0.5,0.1,0.99,10.0,256,20,0,512,317,4.848798775203737,2.4999422749584026,7.765596146664267,212.7449229135088,0.0,0.0,0.619140625,730.0
mppi_coast,mppi_direct,300.0,1800.0,0.1,0.15,5.0,3.75,10.0,10.0,10,100.0,inf,full,both,inf,180.0,0.01,0.0,0.0,256,20,3,0.5,0.1,0.99,10.0,256,20,0,512,3,4.98021603952466,3.7427206113977984,66.06973271749591,1761.8235893921596,0.0,0.0,0.005859375,190.0
mppi_coast,mppi_direct,300.0,1800.0,0.1,0.15,5.0,4.5,10.0,10.0,10,100.0,inf,full,both,inf,180.0,0.01,0.0,0.0,256,20,3,0.5,0.1,0.99,10.0,256,20,0,512,6,4.959785336184357,4.476184116658264,67.9188511129658,3042.0014303007406,0.0,0.0,0.01171875,190.0
mppi_coast,mppi_direct,300.0,1800.0,0.1,0.15,5.0,5.0,10.0,10.0,10,100.0,inf,full,both,inf,180.0,0.01,0.0,0.0,256,20,3,0.5,0.1,0.99,10.0,256,20,0,512,1,4.992944562698507,4.99474579079924,67.78393190945438,3915.430591275741,0.0,0.0,0.001953125,180.0
mppi_coast,mppi_direct,300.0,1800.0,0.1,0.15,5.0,5.5,10.0,10.0,10,100.0,inf,full,both,inf,180.0,0.01,0.0,0.0,256,20,3,0.5,0.1,0.99,10.0,256,20,0,512,1,4.99342291915619,5.493857186116267,68.40726699846245,4705.941802429866,0.0,0.0,0.001953125,190.0
mppi_coast,mppi_direct,300.0,1800.0,0.1,0.15,5.0,6.25,10.0,10.0,10,100.0,inf,full,both,inf,180.0,0.01,0.0,0.0,256,20,3,0.5,0.1,0.99,10.0,256,20,0,512,0,5.0,6.25,68.03933030574584,5932.168181542493,0.0,0.0,0.0,
mppi_coast,mppi_direct,300.0,1800.0,0.1,0.15,5.0,7.5,10.0,10.0,10,100.0,inf,full,both,inf,180.0,0.01,0.0,0.0,256,20,3,0.5,0.1,0.99,10.0,256,20,0,512,2,4.98701419140082,7.480659984164517,70.141874311528,7728.794328167786,0.0,0.0,0.00390625,195.0
mppi_coast,mppi_direct,300.0,1800.0,0.1,0.15,5.0,10.0,10.0,10.0,10,100.0,inf,full,both,inf,180.0,0.01,0.0,0.0,256,20,3,0.5,0.1,0.99,10.0,256,20,0,512,1,4.993060483847722,9.985233949823057,71.21837574848894,10931.0779294492,0.0,0.0,0.001953125,180.0
mppi_coast,mppi_direct,300.0,1800.0,0.1,0.15,5.0,inf,10.0,10.0,10,100.0,inf,full,both,inf,180.0,0.01,0.0,0.0,256,20,3,0.5,0.1,0.99,10.0,256,20,0,512,1,4.993060483848652,25.55892153857174,71.22544023747493,19367.946749220573,0.0,0.0,0.001953125,180.0
mppi_coast,mppi_direct,300.0,1800.0,0.1,0.2,5.0,1.25,10.0,10.0,10,100.0,inf,full,both,inf,180.0,0.01,0.0,0.0,256,20,3,0.5,0.1,0.99,10.0,256,20,0,512,512,2.845368548669063,1.25,4.167389260345689,5.060041089371029,0.0,0.0,1.0,350.0
mppi_coast,mppi_direct,300.0,1800.0,0.1,0.2,5.0,2.5,10.0,10.0,10,100.0,inf,full,both,inf,180.0,0.01,0.0,0.0,256,20,3,0.5,0.1,0.99,10.0,256,20,0,512,506,4.419522574648061,2.5,5.604228767467031,12.008600561537092,0.0,0.0,0.98828125,665.0
mppi_coast,mppi_direct,300.0,1800.0,0.1,0.2,5.0,3.75,10.0,10.0,10,100.0,inf,full,both,inf,180.0,0.01,0.0,0.0,256,20,3,0.5,0.1,0.99,10.0,256,20,0,512,2,5.0,3.75,112.52118977260936,1423.964893782492,0.0,0.0,0.00390625,1150.0
mppi_coast,mppi_direct,300.0,1800.0,0.1,0.2,5.0,4.5,10.0,10.0,10,100.0,inf,full,both,inf,180.0,0.01,0.0,0.0,256,20,3,0.5,0.1,0.99,10.0,256,20,0,512,0,5.0,4.5,120.5211720086753,2780.8598336701248,0.0,0.0,0.0,
mppi_coast,mppi_direct,300.0,1800.0,0.1,0.2,5.0,5.0,10.0,10.0,10,100.0,inf,full,both,inf,180.0,0.01,0.0,0.0,256,20,3,0.5,0.1,0.99,10.0,256,20,0,512,0,5.0,5.0,124.74603242205372,3667.911984202772,0.0,0.0,0.0,
mppi_coast,mppi_direct,300.0,1800.0,0.1,0.2,5.0,5.5,10.0,10.0,10,100.0,inf,full,both,inf,180.0,0.01,0.0,0.0,256,20,3,0.5,0.1,0.99,10.0,256,20,0,512,0,5.0,5.5,123.45367872494224,4528.798085161293,0.0,0.0,0.0,
mppi_coast,mppi_direct,300.0,1800.0,0.1,0.2,5.0,6.25,10.0,10.0,10,100.0,inf,full,both,inf,180.0,0.01,0.0,0.0,256,20,3,0.5,0.1,0.99,10.0,256,20,0,512,0,5.0,6.25,125.88898862468528,5905.828894121496,0.0,0.0,0.0,
mppi_coast,mppi_direct,300.0,1800.0,0.1,0.2,5.0,7.5,10.0,10.0,10,100.0,inf,full,both,inf,180.0,0.01,0.0,0.0,256,20,3,0.5,0.1,0.99,10.0,256,20,0,512,0,5.0,7.5,126.48207089933854,8031.436993470226,0.0,0.0,0.0,
mppi_coast,mppi_direct,300.0,1800.0,0.1,0.2,5.0,10.0,10.0,10.0,10,100.0,inf,full,both,inf,180.0,0.01,0.0,0.0,256,20,3,0.5,0.1,0.99,10.0,256,20,0,512,0,5.0,10.0,126.2824789966364,11893.769884928452,0.0,0.0,0.0,
mppi_coast,mppi_direct,300.0,1800.0,0.1,0.2,5.0,inf,10.0,10.0,10,100.0,inf,full,both,inf,180.0,0.01,0.0,0.0,256,20,3,0.5,0.1,0.99,10.0,256,20,0,512,0,5.0,34.215812860119584,126.84689387074678,27593.91083225874,0.0,0.0,0.0,
mppi_coast,mppi_lqr,300.0,1800.0,0.1,0.025,5.0,1.25,10.0,10.0,10,100.0,inf,full,both,inf,180.0,0.01,0.0,0.0,256,20,3,0.5,0.1,0.99,10.0,256,20,0,512,512,2.6133509174885363,0.554384677228009,4.090168766373095,5.223681055411427,0.0,0.0,1.0,330.0
mppi_coast,mppi_lqr,300.0,1800.0,0.1,0.025,5.0,2.5,10.0,10.0,10,100.0,inf,full,both,inf,180.0,0.01,0.0,0.0,256,20,3,0.5,0.1,0.99,10.0,256,20,0,512,512,2.6408934336130585,0.5799068960075592,3.821889604148371,5.0343738443011885,0.0,0.0,1.0,330.0
mppi_coast,mppi_lqr,300.0,1800.0,0.1,0.025,5.0,3.75,10.0,10.0,10,100.0,inf,full,both,inf,180.0,0.01,0.0,0.0,256,20,3,0.5,0.1,0.99,10.0,256,20,0,512,512,2.6408934336130585,0.5799068960075592,3.821889604148371,5.0343738443011885,0.0,0.0,1.0,330.0
mppi_coast,mppi_lqr,300.0,1800.0,0.1,0.025,5.0,4.5,10.0,10.0,10,100.0,inf,full,both,inf,180.0,0.01,0.0,0.0,256,20,3,0.5,0.1,0.99,10.0,256,20,0,512,512,2.6408934336130585,0.5799068960075592,3.821889604148371,5.0343738443011885,0.0,0.0,1.0,330.0
mppi_coast,mppi_lqr,300.0,1800.0,0.1,0.025,5.0,5.0,10.0,10.0,10,100.0,inf,full,both,inf,180.0,0.01,0.0,0.0,256,20,3,0.5,0.1,0.99,10.0,256,20,0,512,512,2.6408934336130585,0.5799068960075592,3.821889604148371,5.0343738443011885,0.0,0.0,1.0,330.0
mppi_coast,mppi_lqr,300.0,1800.0,0.1,0.025,5.0,5.5,10.0,10.0,10,100.0,inf,full,both,inf,180.0,0.01,0.0,0.0,256,20,3,0.5,0.1,0.99,10.0,256,20,0,512,512,2.6408934336130585,0.5799068960075592,3.821889604148371,5.0343738443011885,0.0,0.0,1.0,330.0
mppi_coast,mppi_lqr,300.0,1800.0,0.1,0.025,5.0,6.25,10.0,10.0,10,100.0,inf,full,both,inf,180.0,0.01,0.0,0.0,256,20,3,0.5,0.1,0.99,10.0,256,20,0,512,512,2.6408934336130585,0.5799068960075592,3.821889604148371,5.0343738443011885,0.0,0.0,1.0,330.0
mppi_coast,mppi_lqr,300.0,1800.0,0.1,0.025,5.0,7.5,10.0,10.0,10,100.0,inf,full,both,inf,180.0,0.01,0.0,0.0,256,20,3,0.5,0.1,0.99,10.0,256,20,0,512,512,2.6408934336130585,0.5799068960075592,3.821889604148371,5.0343738443011885,0.0,0.0,1.0,330.0
mppi_coast,mppi_lqr,300.0,1800.0,0.1,0.025,5.0,10.0,10.0,10.0,10,100.0,inf,full,both,inf,180.0,0.01,0.0,0.0,256,20,3,0.5,0.1,0.99,10.0,256,20,0,512,512,2.6408934336130585,0.5799068960075592,3.821889604148371,5.0343738443011885,0.0,0.0,1.0,330.0
mppi_coast,mppi_lqr,300.0,1800.0,0.1,0.025,5.0,inf,10.0,10.0,10,100.0,inf,full,both,inf,180.0,0.01,0.0,0.0,256,20,3,0.5,0.1,0.99,10.0,256,20,0,512,512,2.6408934336130585,0.5799068960075592,3.821889604148371,5.0343738443011885,0.0,0.0,1.0,330.0
mppi_coast,mppi_lqr,300.0,1800.0,0.1,0.05,5.0,1.25,10.0,10.0,10,100.0,inf,full,both,inf,180.0,0.01,0.0,0.0,256,20,3,0.5,0.1,0.99,10.0,256,20,0,512,512,3.5818546645419,1.25,3.362972404613036,4.588740130973279,0.0,0.0,1.0,420.0
mppi_coast,mppi_lqr,300.0,1800.0,0.1,0.05,5.0,2.5,10.0,10.0,10,100.0,inf,full,both,inf,180.0,0.01,0.0,0.0,256,20,3,0.5,0.1,0.99,10.0,256,20,0,512,502,3.5832882831573007,1.8059207237355623,7.359728711107325,27.182326604209617,0.0,0.0,0.98046875,430.0
mppi_coast,mppi_lqr,300.0,1800.0,0.1,0.05,5.0,3.75,10.0,10.0,10,100.0,inf,full,both,inf,180.0,0.01,0.0,0.0,256,20,3,0.5,0.1,0.99,10.0,256,20,0,512,500,3.6984370770922097,2.0157999213308666,8.063429023463756,66.84599247332028,0.0,0.0,0.9765625,440.0
mppi_coast,mppi_lqr,300.0,1800.0,0.1,0.05,5.0,4.5,10.0,10.0,10,100.0,inf,full,both,inf,180.0,0.01,0.0,0.0,256,20,3,0.5,0.1,0.99,10.0,256,20,0,512,498,3.697825633473825,2.048884546856229,7.930251218161478,101.42636214452712,0.0,0.0,0.97265625,440.0
mppi_coast,mppi_lqr,300.0,1800.0,0.1,0.05,5.0,5.0,10.0,10.0,10,100.0,inf,full,both,inf,180.0,0.01,0.0,0.0,256,20,3,0.5,0.1,0.99,10.0,256,20,0,512,498,3.6975852397635047,2.062573979414103,7.888945905399425,112.9666992411215,0.0,0.0,0.97265625,440.0
mppi_coast,mppi_lqr,300.0,1800.0,0.1,0.05,5.0,5.5,10.0,10.0,10,100.0,inf,full,both,inf,180.0,0.01,0.0,0.0,256,20,3,0.5,0.1,0.99,10.0,256,20,0,512,498,3.6975852489911736,2.0762360839920606,7.888072956274807,122.18436193555556,0.0,0.0,0.97265625,440.0
mppi_coast,mppi_lqr,300.0,1800.0,0.1,0.05,5.0,6.25,10.0,10.0,10,100.0,inf,full,both,inf,180.0,0.01,0.0,0.0,256,20,3,0.5,0.1,0.99,10.0,256,20,0,512,498,3.6975852489911736,2.0967438968359917,7.888278048767318,133.206156558579,0.0,0.0,0.97265625,440.0
mppi_coast,mppi_lqr,300.0,1800.0,0.1,0.05,5.0,7.5,10.0,10.0,10,100.0,inf,full,both,inf,180.0,0.01,0.0,0.0,256,20,3,0.5,0.1,0.99,10.0,256,20,0,512,498,3.6975852489911736,2.1309235843359917,7.888278048767318,143.7923687161456,0.0,0.0,0.97265625,440.0
mppi_coast,mppi_lqr,300.0,1800.0,0.1,0.05,5.0,10.0,10.0,10.0,10,100.0,inf,full,both,inf,180.0,0.01,0.0,0.0,256,20,3,0.5,0.1,0.99,10.0,256,20,0,512,498,3.6975852489911736,2.1575292878337056,7.888278048767318,145.98183766941713,0.0,0.0,0.97265625,440.0
mppi_coast,mppi_lqr,300.0,1800.0,0.1,0.05,5.0,inf,10.0,10.0,10,100.0,inf,full,both,inf,180.0,0.01,0.0,0.0,256,20,3,0.5,0.1,0.99,10.0,256,20,0,512,498,3.6975852489911736,2.1575668087914277,7.888278048767318,145.97521236255,0.0,0.0,0.97265625,440.0
mppi_coast,mppi_lqr,300.0,1800.0,0.1,0.075,5.0,1.25,10.0,10.0,10,100.0,inf,full,both,inf,180.0,0.01,0.0,0.0,256,20,3,0.5,0.1,0.99,10.0,256,20,0,512,512,3.868617205491909,1.25,3.436282830975428,5.198030335965037,0.0,0.0,1.0,460.0
mppi_coast,mppi_lqr,300.0,1800.0,0.1,0.075,5.0,2.5,10.0,10.0,10,100.0,inf,full,both,inf,180.0,0.01,0.0,0.0,256,20,3,0.5,0.1,0.99,10.0,256,20,0,512,512,4.946046660703347,2.5,3.662301980018416,4.303557486956355,0.0,0.0,1.0,640.0
mppi_coast,mppi_lqr,300.0,1800.0,0.1,0.075,5.0,3.75,10.0,10.0,10,100.0,inf,full,both,inf,180.0,0.01,0.0,0.0,256,20,3,0.5,0.1,0.99,10.0,256,20,0,512,25,4.977497386335398,3.737401440431992,187.247301157686,1018.0376610038754,0.0,0.0,0.048828125,530.0
mppi_coast,mppi_lqr,300.0,1800.0,0.1,0.075,5.0,4.5,10.0,10.0,10,100.0,inf,full,both,inf,180.0,0.01,0.0,0.0,256,20,3,0.5,0.1,0.99,10.0,256,20,0,512,15,4.986297764044132,4.471286697206953,204.4075937667212,2083.607804914776,0.0,0.0,0.029296875,520.0
mppi_coast,mppi_lqr,300.0,1800.0,0.1,0.075,5.0,5.0,10.0,10.0,10,100.0,inf,full,both,inf,180.0,0.01,0.0,0.0,256,20,3,0.5,0.1,0.99,10.0,256,20,0,512,6,4.992192358306516,4.981581886018463,198.0805611515848,2770.2673082615875,0.0,0.0,0.01171875,490.0
mppi_coast,mppi_lqr,300.0,1800.0,0.1,0.075,5.0,5.5,10.0,10.0,10,100.0,inf,full,both,inf,180.0,0.01,0.0,0.0,256,20,3,0.5,0.1,0.99,10.0,256,20,0,512,4,4.994480901825553,5.483664189224262,194.3849764221512,3432.7211432393674,0.0,0.0,0.0078125,495.0
mppi_coast,mppi_lqr,300.0,1800.0,0.1,0.075,5.0,6.25,10.0,10.0,10,100.0,inf,full,both,inf,180.0,0.01,0.0,0.0,256,20,3,0.5,0.1,0.99,10.0,256,20,0,512,9,4.991625556662344,6.20248446061776,193.0286780369888,4180.422601317469,0.0,0.0,0.017578125,510.0
mppi_coast,mppi_lqr,300.0,1800.0,0.1,0.075,5.0,7.5,10.0,10.0,10,100.0,inf,full,both,inf,180.0,0.01,0.0,0.0,256,20,3,0.5,0.1,0.99,10.0,256,20,0,512,8,4.992045446996928,7.437925978548701,192.87429524283365,5295.119947630255,0.0,0.0,0.015625,505.0
mppi_coast,mppi_lqr,300.0,1800.0,0.1,0.075,5.0,10.0,10.0,10.0,10,100.0,inf,full,both,inf,180.0,0.01,0.0,0.0,256,20,3,0.5,0.1,0.99,10.0,256,20,0,512,8,4.992045038473779,9.89886378295382,192.89261656582573,6707.552881393209,0.0,0.0,0.015625,505.0
mppi_coast,mppi_lqr,300.0,1800.0,0.1,0.075,5.0,inf,10.0,10.0,10,100.0,inf,full,both,inf,180.0,0.01,0.0,0.0,256,20,3,0.5,0.1,0.99,10.0,256,20,0,512,8,4.992045038473779,12.712792926292622,192.89261656582573,7215.757915412648,0.0,0.0,0.015625,505.0
mppi_coast,mppi_lqr,300.0,1800.0,0.1,0.09,5.0,1.25,10.0,10.0,10,100.0,inf,full,both,inf,180.0,0.01,0.0,0.0,256,20,3,0.5,0.1,0.99,10.0,256,20,0,512,512,3.871784872734128,1.25,3.235094640154724,5.147416217709244,0.0,0.0,1.0,460.0
mppi_coast,mppi_lqr,300.0,1800.0,0.1,0.09,5.0,2.5,10.0,10.0,10,100.0,inf,full,both,inf,180.0,0.01,0.0,0.0,256,20,3,0.5,0.1,0.99,10.0,256,20,0,512,512,4.987920559442015,2.499188131814708,3.560435887696519,4.575109716057563,0.0,0.0,1.0,650.0
mppi_coast,mppi_lqr,300.0,1800.0,0.1,0.09,5.0,3.75,10.0,10.0,10,100.0,inf,full,both,inf,180.0,0.01,0.0,0.0,256,20,3,0.5,0.1,0.99,10.0,256,20,0,512,48,5.0,3.75,194.0486530721889,658.4443593317775,0.0,0.0,0.09375,990.0
mppi_coast,mppi_lqr,300.0,1800.0,0.1,0.09,5.0,4.5,10.0,10.0,10,100.0,inf,full,both,inf,180.0,0.01,0.0,0.0,256,20,3,0.5,0.1,0.99,10.0,256,20,0,512,0,5.0,4.5,293.90092816178594,1671.5840846918445,0.0,0.0,0.0,
mppi_coast,mppi_lqr,300.0,1800.0,0.1,0.09,5.0,5.0,10.0,10.0,10,100.0,inf,full,both,inf,180.0,0.01,0.0,0.0,256,20,3,0.5,0.1,0.99,10.0,256,20,0,512,0,5.0,5.0,293.3429867747124,2476.121683626945,0.0,0.0,0.0,
mppi_coast,mppi_lqr,300.0,1800.0,0.1,0.09,5.0,5.5,10.0,10.0,10,100.0,inf,full,both,inf,180.0,0.01,0.0,0.0,256,20,3,0.5,0.1,0.99,10.0,256,20,0,512,0,5.0,5.5,292.5586926100223,3195.3021333213687,0.0,0.0,0.0,
mppi_coast,mppi_lqr,300.0,1800.0,0.1,0.09,5.0,6.25,10.0,10.0,10,100.0,inf,full,both,inf,180.0,0.01,0.0,0.0,256,20,3,0.5,0.1,0.99,10.0,256,20,0,512,0,5.0,6.25,291.6197736107607,4202.43651760055,0.0,0.0,0.0,
mppi_coast,mppi_lqr,300.0,1800.0,0.1,0.09,5.0,7.5,10.0,10.0,10,100.0,inf,full,both,inf,180.0,0.01,0.0,0.0,256,20,3,0.5,0.1,0.99,10.0,256,20,0,512,0,5.0,7.5,291.2276733292858,5603.135063361882,0.0,0.0,0.0,
mppi_coast,mppi_lqr,300.0,1800.0,0.1,0.09,5.0,10.0,10.0,10.0,10,100.0,inf,full,both,inf,180.0,0.01,0.0,0.0,256,20,3,0.5,0.1,0.99,10.0,256,20,0,512,0,5.0,10.0,291.1760517214582,7651.265517824184,0.0,0.0,0.0,
mppi_coast,mppi_lqr,300.0,1800.0,0.1,0.09,5.0,inf,10.0,10.0,10,100.0,inf,full,both,inf,180.0,0.01,0.0,0.0,256,20,3,0.5,0.1,0.99,10.0,256,20,0,512,0,5.0,15.472821595286812,291.17604182203166,9304.876239135168,0.0,0.0,0.0,
mppi_coast,mppi_lqr,300.0,1800.0,0.1,0.1,5.0,1.25,10.0,10.0,10,100.0,inf,full,both,inf,180.0,0.01,0.0,0.0,256,20,3,0.5,0.1,0.99,10.0,256,20,0,512,512,3.8663048101620894,1.25,3.531277265653271,5.45668076893655,0.0,0.0,1.0,460.0
mppi_coast,mppi_lqr,300.0,1800.0,0.1,0.1,5.0,2.5,10.0,10.0,10,100.0,inf,full,both,inf,180.0,0.01,0.0,0.0,256,20,3,0.5,0.1,0.99,10.0,256,20,0,512,511,4.988563218033702,2.5,3.7002133342339576,5.042936366356357,0.0,0.0,0.998046875,650.0
mppi_coast,mppi_lqr,300.0,1800.0,0.1,0.1,5.0,3.75,10.0,10.0,10,100.0,inf,full,both,inf,180.0,0.01,0.0,0.0,256,20,3,0.5,0.1,0.99,10.0,256,20,0,512,128,5.0,3.75,164.23346965963225,551.0929947783902,0.0,0.0,0.25,980.0
mppi_coast,mppi_lqr,300.0,1800.0,0.1,0.1,5.0,4.5,10.0,10.0,10,100.0,inf,full,both,inf,180.0,0.01,0.0,0.0,256,20,3,0.5,0.1,0.99,10.0,256,20,0,512,0,5.0,4.5,297.11553181393947,1651.987756553763,0.0,0.0,0.0,
mppi_coast,mppi_lqr,300.0,1800.0,0.1,0.1,5.0,5.0,10.0,10.0,10,100.0,inf,full,both,inf,180.0,0.01,0.0,0.0,256,20,3,0.5,0.1,0.99,10.0,256,20,0,512,0,5.0,5.0,298.82228733762696,2392.3163307612917,0.0,0.0,0.0,
mppi_coast,mppi_lqr,300.0,1800.0,0.1,0.1,5.0,5.5,10.0,10.0,10,100.0,inf,full,both,inf,180.0,0.01,0.0,0.0,256,20,3,0.5,0.1,0.99,10.0,256,20,0,512,0,5.0,5.5,298.7114069611897,3179.182174808576,0.0,0.0,0.0,
mppi_coast,mppi_lqr,300.0,1800.0,0.1,0.1,5.0,6.25,10.0,10.0,10,100.0,inf,full,both,inf,180.0,0.01,0.0,0.0,256,20,3,0.5,0.1,0.99,10.0,256,20,0,512,0,5.0,6.25,298.821079435103,4268.381286857536,0.0,0.0,0.0,
mppi_coast,mppi_lqr,300.0,1800.0,0.1,0.1,5.0,7.5,10.0,10.0,10,100.0,inf,full,both,inf,180.0,0.01,0.0,0.0,256,20,3,0.5,0.1,0.99,10.0,256,20,0,512,0,5.0,7.5,298.7461853410253,5808.152377441282,0.0,0.0,0.0,
mppi_coast,mppi_lqr,300.0,1800.0,0.1,0.1,5.0,10.0,10.0,10.0,10,100.0,inf,full,both,inf,180.0,0.01,0.0,0.0,256,20,3,0.5,0.1,0.99,10.0,256,20,0,512,0,5.0,10.0,298.7752295102088,8200.628748664778,0.0,0.0,0.0,
mppi_coast,mppi_lqr,300.0,1800.0,0.1,0.1,5.0,inf,10.0,10.0,10,100.0,inf,full,both,inf,180.0,0.01,0.0,0.0,256,20,3,0.5,0.1,0.99,10.0,256,20,0,512,0,5.0,17.190847261056657,298.7752295102088,10809.581238680352,0.0,0.0,0.0,
mppi_coast,mppi_lqr,300.0,1800.0,0.1,0.11,5.0,1.25,10.0,10.0,10,100.0,inf,full,both,inf,180.0,0.01,0.0,0.0,256,20,3,0.5,0.1,0.99,10.0,256,20,0,512,512,3.874994633326164,1.25,3.347788738414471,5.268739281593112,0.0,0.0,1.0,460.0
mppi_coast,mppi_lqr,300.0,1800.0,0.1,0.11,5.0,2.5,10.0,10.0,10,100.0,inf,full,both,inf,180.0,0.01,0.0,0.0,256,20,3,0.5,0.1,0.99,10.0,256,20,0,512,512,4.993814415434131,2.5,3.7899878612966624,4.7855162144158925,0.0,0.0,1.0,660.0
mppi_coast,mppi_lqr,300.0,1800.0,0.1,0.11,5.0,3.75,10.0,10.0,10,100.0,inf,full,both,inf,180.0,0.01,0.0,0.0,256,20,3,0.5,0.1,0.99,10.0,256,20,0,512,131,5.0,3.75,169.44883547372444,548.9997245779693,0.0,0.0,0.255859375,990.0
mppi_coast,mppi_lqr,300.0,1800.0,0.1,0.11,5.0,4.5,10.0,10.0,10,100.0,inf,full,both,inf,180.0,0.01,0.0,0.0,256,20,3,0.5,0.1,0.99,10.0,256,20,0,512,0,5.0,4.5,291.5356697993066,1580.3421427581363,0.0,0.0,0.0,
mppi_coast,mppi_lqr,300.0,1800.0,0.1,0.11,5.0,5.0,10.0,10.0,10,100.0,inf,full,both,inf,180.0,0.01,0.0,0.0,256,20,3,0.5,0.1,0.99,10.0,256,20,0,512,0,5.0,5.0,299.2940610814633,2387.0934533839454,0.0,0.0,0.0,
mppi_coast,mppi_lqr,300.0,1800.0,0.1,0.11,5.0,5.5,10.0,10.0,10,100.0,inf,full,both,inf,180.0,0.01,0.0,0.0,256,20,3,0.5,0.1,0.99,10.0,256,20,0,512,0,5.0,5.5,299.1453036975756,3192.6659431102544,0.0,0.0,0.0,
mppi_coast,mppi_lqr,300.0,1800.0,0.1,0.11,5.0,6.25,10.0,10.0,10,100.0,inf,full,both,inf,180.0,0.01,0.0,0.0,256,20,3,0.5,0.1,0.99,10.0,256,20,0,512,0,5.0,6.25,299.2131391598364,4291.495911981824,0.0,0.0,0.0,
mppi_coast,mppi_lqr,300.0,1800.0,0.1,0.11,5.0,7.5,10.0,10.0,10,100.0,inf,full,both,inf,180.0,0.01,0.0,0.0,256,20,3,0.5,0.1,0.99,10.0,256,20,0,512,0,5.0,7.5,299.2147305406696,5986.809051022513,0.0,0.0,0.0,
mppi_coast,mppi_lqr,300.0,1800.0,0.1,0.11,5.0,10.0,10.0,10.0,10,100.0,inf,full,both,inf,180.0,0.01,0.0,0.0,256,20,3,0.5,0.1,0.99,10.0,256,20,0,512,0,5.0,10.0,299.2147384600447,8627.814297200164,0.0,0.0,0.0,
mppi_coast,mppi_lqr,300.0,1800.0,0.1,0.11,5.0,inf,10.0,10.0,10,100.0,inf,full,both,inf,180.0,0.01,0.0,0.0,256,20,3,0.5,0.1,0.99,10.0,256,20,0,512,0,5.0,18.908841680404684,299.2147384600447,12316.138275973131,0.0,0.0,0.0,
mppi_coast,mppi_lqr,300.0,1800.0,0.1,0.125,5.0,1.25,10.0,10.0,10,100.0,inf,full,both,inf,180.0,0.01,0.0,0.0,256,20,3,0.5,0.1,0.99,10.0,256,20,0,512,512,3.872641350592802,1.25,3.1946362031630104,5.486430129919506,0.0,0.0,1.0,460.0
mppi_coast,mppi_lqr,300.0,1800.0,0.1,0.125,5.0,2.5,10.0,10.0,10,100.0,inf,full,both,inf,180.0,0.01,0.0,0.0,256,20,3,0.5,0.1,0.99,10.0,256,20,0,512,512,4.9978804253019495,2.5,3.680479801549916,4.859630834177122,0.0,0.0,1.0,660.0
mppi_coast,mppi_lqr,300.0,1800.0,0.1,0.125,5.0,3.75,10.0,10.0,10,100.0,inf,full,both,inf,180.0,0.01,0.0,0.0,256,20,3,0.5,0.1,0.99,10.0,256,20,0,512,134,5.0,3.75,168.1400046645392,579.5648706927228,0.0,0.0,0.26171875,990.0
mppi_coast,mppi_lqr,300.0,1800.0,0.1,0.125,5.0,4.5,10.0,10.0,10,100.0,inf,full,both,inf,180.0,0.01,0.0,0.0,256,20,3,0.5,0.1,0.99,10.0,256,20,0,512,0,5.0,4.5,286.9640750255533,1626.106539762603,0.0,0.0,0.0,
mppi_coast,mppi_lqr,300.0,1800.0,0.1,0.125,5.0,5.0,10.0,10.0,10,100.0,inf,full,both,inf,180.0,0.01,0.0,0.0,256,20,3,0.5,0.1,0.99,10.0,256,20,0,512,0,5.0,5.0,298.9472777282342,2408.3872061421152,0.0,0.0,0.0,
mppi_coast,mppi_lqr,300.0,1800.0,0.1,0.125,5.0,5.5,10.0,10.0,10,100.0,inf,full,both,inf,180.0,0.01,0.0,0.0,256,20,3,0.5,0.1,0.99,10.0,256,20,0,512,0,5.0,5.5,299.2140391384157,3239.707483088726,0.0,0.0,0.0,
mppi_coast,mppi_lqr,300.0,1800.0,0.1,0.125,5.0,6.25,10.0,10.0,10,100.0,inf,full,both,inf,180.0,0.01,0.0,0.0,256,20,3,0.5,0.1,0.99,10.0,256,20,0,512,0,5.0,6.25,299.3299549304613,4447.440807364521,0.0,0.0,0.0,
mppi_coast,mppi_lqr,300.0,1800.0,0.1,0.125,5.0,7.5,10.0,10.0,10,100.0,inf,full,both,inf,180.0,0.01,0.0,0.0,256,20,3,0.5,0.1,0.99,10.0,256,20,0,512,0,5.0,7.5,299.23627654352003,6225.133164639426,0.0,0.0,0.0,
mppi_coast,mppi_lqr,300.0,1800.0,0.1,0.125,5.0,10.0,10.0,10.0,10,100.0,inf,full,both,inf,180.0,0.01,0.0,0.0,256,20,3,0.5,0.1,0.99,10.0,256,20,0,512,0,5.0,10.0,299.23406518594186,9214.268480456223,0.0,0.0,0.0,
mppi_coast,mppi_lqr,300.0,1800.0,0.1,0.125,5.0,inf,10.0,10.0,10,100.0,inf,full,both,inf,180.0,0.01,0.0,0.0,256,20,3,0.5,0.1,0.99,10.0,256,20,0,512,0,5.0,21.472893573977046,299.23406518594186,14665.067246947843,0.0,0.0,0.0,
mppi_coast,mppi_lqr,300.0,1800.0,0.1,0.15,5.0,1.25,10.0,10.0,10,100.0,inf,full,both,inf,180.0,0.01,0.0,0.0,256,20,3,0.5,0.1,0.99,10.0,256,20,0,512,512,3.880747596005693,1.25,3.418085207757158,5.605274379591014,0.0,0.0,1.0,460.0
mppi_coast,mppi_lqr,300.0,1800.0,0.1,0.15,5.0,2.5,10.0,10.0,10,100.0,inf,full,both,inf,180.0,0.01,0.0,0.0,256,20,3,0.5,0.1,0.99,10.0,256,20,0,512,512,4.999982540769331,2.5,3.4811338040735467,5.048979545541451,0.0,0.0,1.0,670.0
mppi_coast,mppi_lqr,300.0,1800.0,0.1,0.15,5.0,3.75,10.0,10.0,10,100.0,inf,full,both,inf,180.0,0.01,0.0,0.0,256,20,3,0.5,0.1,0.99,10.0,256,20,0,512,124,5.0,3.75,186.0417296315096,695.1136472531293,0.0,0.0,0.2421875,1000.0
mppi_coast,mppi_lqr,300.0,1800.0,0.1,0.15,5.0,4.5,10.0,10.0,10,100.0,inf,full,both,inf,180.0,0.01,0.0,0.0,256,20,3,0.5,0.1,0.99,10.0,256,20,0,512,0,5.0,4.5,286.73542146082264,1808.3802637231531,0.0,0.0,0.0,
mppi_coast,mppi_lqr,300.0,1800.0,0.1,0.15,5.0,5.0,10.0,10.0,10,100.0,inf,full,both,inf,180.0,0.01,0.0,0.0,256,20,3,0.5,0.1,0.99,10.0,256,20,0,512,0,5.0,5.0,297.9013479582838,2569.91975846353,0.0,0.0,0.0,
mppi_coast,mppi_lqr,300.0,1800.0,0.1,0.15,5.0,5.5,10.0,10.0,10,100.0,inf,full,both,inf,180.0,0.01,0.0,0.0,256,20,3,0.5,0.1,0.99,10.0,256,20,0,512,0,5.0,5.5,298.47247145560453,3449.515832568952,0.0,0.0,0.0,
mppi_coast,mppi_lqr,300.0,1800.0,0.1,0.15,5.0,6.25,10.0,10.0,10,100.0,inf,full,both,inf,180.0,0.01,0.0,0.0,256,20,3,0.5,0.1,0.99,10.0,256,20,0,512,0,5.0,6.25,298.7303091661331,4744.287920987585,0.0,0.0,0.0,
mppi_coast,mppi_lqr,300.0,1800.0,0.1,0.15,5.0,7.5,10.0,10.0,10,100.0,inf,full,both,inf,180.0,0.01,0.0,0.0,256,20,3,0.5,0.1,0.99,10.0,256,20,0,512,0,5.0,7.5,298.5832633560684,6629.578939041532,0.0,0.0,0.0,
mppi_coast,mppi_lqr,300.0,1800.0,0.1,0.15,5.0,10.0,10.0,10.0,10,100.0,inf,full,both,inf,180.0,0.01,0.0,0.0,256,20,3,0.5,0.1,0.99,10.0,256,20,0,512,0,5.0,10.0,298.5867401747312,10044.09844876808,0.0,0.0,0.0,
mppi_coast,mppi_lqr,300.0,1800.0,0.1,0.15,5.0,inf,10.0,10.0,10,100.0,inf,full,both,inf,180.0,0.01,0.0,0.0,256,20,3,0.5,0.1,0.99,10.0,256,20,0,512,0,5.0,25.75949140362042,298.58679182461486,18780.14027514216,0.0,0.0,0.0,
mppi_coast,mppi_lqr,300.0,1800.0,0.1,0.2,5.0,1.25,10.0,10.0,10,100.0,inf,full,both,inf,180.0,0.01,0.0,0.0,256,20,3,0.5,0.1,0.99,10.0,256,20,0,512,512,3.9281690854914433,1.25,3.457898843607863,5.68503200521602,0.0,0.0,1.0,470.0
mppi_coast,mppi_lqr,300.0,1800.0,0.1,0.2,5.0,2.5,10.0,10.0,10,100.0,inf,full,both,inf,180.0,0.01,0.0,0.0,256,20,3,0.5,0.1,0.99,10.0,256,20,0,512,512,4.999912066423586,2.5,3.470384249148202,4.951890845214894,0.0,0.0,1.0,690.0
mppi_coast,mppi_lqr,300.0,1800.0,0.1,0.2,5.0,3.75,10.0,10.0,10,100.0,inf,full,both,inf,180.0,0.01,0.0,0.0,256,20,3,0.5,0.1,0.99,10.0,256,20,0,512,109,5.0,3.75,200.29697197871155,861.1561831376347,0.0,0.0,0.212890625,1010.0
mppi_coast,mppi_lqr,300.0,1800.0,0.1,0.2,5.0,4.5,10.0,10.0,10,100.0,inf,full,both,inf,180.0,0.01,0.0,0.0,256,20,3,0.5,0.1,0.99,10.0,256,20,0,512,0,5.0,4.5,284.4396371977971,2040.54942519241,0.0,0.0,0.0,
mppi_coast,mppi_lqr,300.0,1800.0,0.1,0.2,5.0,5.0,10.0,10.0,10,100.0,inf,full,both,inf,180.0,0.01,0.0,0.0,256,20,3,0.5,0.1,0.99,10.0,256,20,0,512,0,5.0,5.0,296.80835095802377,2920.6625362700997,0.0,0.0,0.0,
mppi_coast,mppi_lqr,300.0,1800.0,0.1,0.2,5.0,5.5,10.0,10.0,10,100.0,inf,full,both,inf,180.0,0.01,0.0,0.0,256,20,3,0.5,0.1,0.99,10.0,256,20,0,512,0,5.0,5.5,298.09132688530326,3885.1254330253487,0.0,0.0,0.0,
mppi_coast,mppi_lqr,300.0,1800.0,0.1,0.2,5.0,6.25,10.0,10.0,10,100.0,inf,full,both,inf,180.0,0.01,0.0,0.0,256,20,3,0.5,0.1,0.99,10.0,256,20,0,512,0,5.0,6.25,296.9565657941789,5231.883216853319,0.0,0.0,0.0,
mppi_coast,mppi_lqr,300.0,1800.0,0.1,0.2,5.0,7.5,10.0,10.0,10,100.0,inf,full,both,inf,180.0,0.01,0.0,0.0,256,20,3,0.5,0.1,0.99,10.0,256,20,0,512,0,5.0,7.5,296.64392763764994,7436.083932333503,0.0,0.0,0.0,
mppi_coast,mppi_lqr,300.0,1800.0,0.1,0.2,5.0,10.0,10.0,10.0,10,100.0,inf,full,both,inf,180.0,0.01,0.0,0.0,256,20,3,0.5,0.1,0.99,10.0,256,20,0,512,0,5.0,10.0,297.0841129662703,11336.328982441157,0.0,0.0,0.0,
mppi_coast,mppi_lqr,300.0,1800.0,0.1,0.2,5.0,inf,10.0,10.0,10,100.0,inf,full,both,inf,180.0,0.01,0.0,0.0,256,20,3,0.5,0.1,0.99,10.0,256,20,0,512,0,5.0,34.324776450638524,297.0600698201917,27193.60175979164,0.0,0.0,0.0,
mppi_coast,random,300.0,1800.0,0.1,0.025,5.0,1.25,10.0,10.0,10,100.0,inf,full,both,inf,180.0,0.01,0.0,0.0,256,20,3,0.5,0.1,0.99,10.0,256,20,0,512,512,2.3187647862352487,0.5544625643987098,3.497213261214139,5.393413424014835,0.0,0.0,1.0,290.0
mppi_coast,random,300.0,1800.0,0.1,0.025,5.0,2.5,10.0,10.0,10,100.0,inf,full,both,inf,180.0,0.01,0.0,0.0,256,20,3,0.5,0.1,0.99,10.0,256,20,0,512,512,2.3187647862352487,0.5544625643987098,3.497213261214139,5.393413424014835,0.0,0.0,1.0,290.0
mppi_coast,random,300.0,1800.0,0.1,0.025,5.0,3.75,10.0,10.0,10,100.0,inf,full,both,inf,180.0,0.01,0.0,0.0,256,20,3,0.5,0.1,0.99,10.0,256,20,0,512,512,2.3187647862352487,0.5544625643987098,3.497213261214139,5.393413424014835,0.0,0.0,1.0,290.0
mppi_coast,random,300.0,1800.0,0.1,0.025,5.0,4.5,10.0,10.0,10,100.0,inf,full,both,inf,180.0,0.01,0.0,0.0,256,20,3,0.5,0.1,0.99,10.0,256,20,0,512,512,2.3187647862352487,0.5544625643987098,3.497213261214139,5.393413424014835,0.0,0.0,1.0,290.0
mppi_coast,random,300.0,1800.0,0.1,0.025,5.0,5.0,10.0,10.0,10,100.0,inf,full,both,inf,180.0,0.01,0.0,0.0,256,20,3,0.5,0.1,0.99,10.0,256,20,0,512,512,2.3187647862352487,0.5544625643987098,3.497213261214139,5.393413424014835,0.0,0.0,1.0,290.0
mppi_coast,random,300.0,1800.0,0.1,0.025,5.0,5.5,10.0,10.0,10,100.0,inf,full,both,inf,180.0,0.01,0.0,0.0,256,20,3,0.5,0.1,0.99,10.0,256,20,0,512,512,2.3187647862352487,0.5544625643987098,3.497213261214139,5.393413424014835,0.0,0.0,1.0,290.0
mppi_coast,random,300.0,1800.0,0.1,0.025,5.0,6.25,10.0,10.0,10,100.0,inf,full,both,inf,180.0,0.01,0.0,0.0,256,20,3,0.5,0.1,0.99,10.0,256,20,0,512,512,2.3187647862352487,0.5544625643987098,3.497213261214139,5.393413424014835,0.0,0.0,1.0,290.0
mppi_coast,random,300.0,1800.0,0.1,0.025,5.0,7.5,10.0,10.0,10,100.0,inf,full,both,inf,180.0,0.01,0.0,0.0,256,20,3,0.5,0.1,0.99,10.0,256,20,0,512,512,2.3187647862352487,0.5544625643987098,3.497213261214139,5.393413424014835,0.0,0.0,1.0,290.0
mppi_coast,random,300.0,1800.0,0.1,0.025,5.0,10.0,10.0,10.0,10,100.0,inf,full,both,inf,180.0,0.01,0.0,0.0,256,20,3,0.5,0.1,0.99,10.0,256,20,0,512,512,2.3187647862352487,0.5544625643987098,3.497213261214139,5.393413424014835,0.0,0.0,1.0,290.0
mppi_coast,random,300.0,1800.0,0.1,0.025,5.0,inf,10.0,10.0,10,100.0,inf,full,both,inf,180.0,0.01,0.0,0.0,256,20,3,0.5,0.1,0.99,10.0,256,20,0,512,512,2.3187647862352487,0.5544625643987098,3.497213261214139,5.393413424014835,0.0,0.0,1.0,290.0
mppi_coast,random,300.0,1800.0,0.1,0.05,5.0,1.25,10.0,10.0,10,100.0,inf,full,both,inf,180.0,0.01,0.0,0.0,256,20,3,0.5,0.1,0.99,10.0,256,20,0,512,512,2.331474363677919,1.1105290981422518,3.923528347053765,5.593208507321774,0.0,0.0,1.0,290.0
mppi_coast,random,300.0,1800.0,0.1,0.05,5.0,2.5,10.0,10.0,10,100.0,inf,full,both,inf,180.0,0.01,0.0,0.0,256,20,3,0.5,0.1,0.99,10.0,256,20,0,512,512,2.3312728148713826,1.117142892866565,3.9321689548558383,5.603116430732429,0.0,0.0,1.0,290.0
mppi_coast,random,300.0,1800.0,0.1,0.05,5.0,3.75,10.0,10.0,10,100.0,inf,full,both,inf,180.0,0.01,0.0,0.0,256,20,3,0.5,0.1,0.99,10.0,256,20,0,512,512,2.3312728148713826,1.117142892866565,3.9321689548558383,5.603116430732429,0.0,0.0,1.0,290.0
mppi_coast,random,300.0,1800.0,0.1,0.05,5.0,4.5,10.0,10.0,10,100.0,inf,full,both,inf,180.0,0.01,0.0,0.0,256,20,3,0.5,0.1,0.99,10.0,256,20,0,512,512,2.3312728148713826,1.117142892866565,3.9321689548558383,5.603116430732429,0.0,0.0,1.0,290.0
mppi_coast,random,300.0,1800.0,0.1,0.05,5.0,5.0,10.0,10.0,10,100.0,inf,full,both,inf,180.0,0.01,0.0,0.0,256,20,3,0.5,0.1,0.99,10.0,256,20,0,512,512,2.3312728148713826,1.117142892866565,3.9321689548558383,5.603116430732429,0.0,0.0,1.0,290.0
mppi_coast,random,300.0,1800.0,0.1,0.05,5.0,5.5,10.0,10.0,10,100.0,inf,full,both,inf,180.0,0.01,0.0,0.0,256,20,3,0.5,0.1,0.99,10.0,256,20,0,512,512,2.3312728148713826,1.117142892866565,3.9321689548558383,5.603116430732429,0.0,0.0,1.0,290.0
mppi_coast,random,300.0,1800.0,0.1,0.05,5.0,6.25,10.0,10.0,10,100.0,inf,full,both,inf,180.0,0.01,0.0,0.0,256,20,3,0.5,0.1,0.99,10.0,256,20,0,512,512,2.3312728148713826,1.117142892866565,3.9321689548558383,5.603116430732429,0.0,0.0,1.0,290.0
mppi_coast,random,300.0,1800.0,0.1,0.05,5.0,7.5,10.0,10.0,10,100.0,inf,full,both,inf,180.0,0.01,0.0,0.0,256,20,3,0.5,0.1,0.99,10.0,256,20,0,512,512,2.3312728148713826,1.117142892866565,3.9321689548558383,5.603116430732429,0.0,0.0,1.0,290.0
mppi_coast,random,300.0,1800.0,0.1,0.05,5.0,10.0,10.0,10.0,10,100.0,inf,full,both,inf,180.0,0.01,0.0,0.0,256,20,3,0.5,0.1,0.99,10.0,256,20,0,512,512,2.3312728148713826,1.117142892866565,3.9321689548558383,5.603116430732429,0.0,0.0,1.0,290.0
mppi_coast,random,300.0,1800.0,0.1,0.05,5.0,inf,10.0,10.0,10,100.0,inf,full,both,inf,180.0,0.01,0.0,0.0,256,20,3,0.5,0.1,0.99,10.0,256,20,0,512,512,2.3312728148713826,1.117142892866565,3.9321689548558383,5.603116430732429,0.0,0.0,1.0,290.0
mppi_coast,random,300.0,1800.0,0.1,0.075,5.0,1.25,10.0,10.0,10,100.0,inf,full,both,inf,180.0,0.01,0.0,0.0,256,20,3,0.5,0.1,0.99,10.0,256,20,0,512,512,2.390181069212144,1.25,3.3272077946340533,5.015631696898353,0.0,0.0,1.0,300.0
mppi_coast,random,300.0,1800.0,0.1,0.075,5.0,2.5,10.0,10.0,10,100.0,inf,full,both,inf,180.0,0.01,0.0,0.0,256,20,3,0.5,0.1,0.99,10.0,256,20,0,512,512,2.377474676610273,1.7042051300464467,4.574019048454458,6.252063164354476,0.0,0.0,1.0,300.0
mppi_coast,random,300.0,1800.0,0.1,0.075,5.0,3.75,10.0,10.0,10,100.0,inf,full,both,inf,180.0,0.01,0.0,0.0,256,20,3,0.5,0.1,0.99,10.0,256,20,0,512,512,2.3772679847605067,1.7046700710980172,4.577693443482862,6.2542895730837165,0.0,0.0,1.0,300.0
mppi_coast,random,300.0,1800.0,0.1,0.075,5.0,4.5,10.0,10.0,10,100.0,inf,full,both,inf,180.0,0.01,0.0,0.0,256,20,3,0.5,0.1,0.99,10.0,256,20,0,512,512,2.3772679847605067,1.7046700710980172,4.577693443482862,6.2542895730837165,0.0,0.0,1.0,300.0
mppi_coast,random,300.0,1800.0,0.1,0.075,5.0,5.0,10.0,10.0,10,100.0,inf,full,both,inf,180.0,0.01,0.0,0.0,256,20,3,0.5,0.1,0.99,10.0,256,20,0,512,512,2.3772679847605067,1.7046700710980172,4.577693443482862,6.2542895730837165,0.0,0.0,1.0,300.0
mppi_coast,random,300.0,1800.0,0.1,0.075,5.0,5.5,10.0,10.0,10,100.0,inf,full,both,inf,180.0,0.01,0.0,0.0,256,20,3,0.5,0.1,0.99,10.0,256,20,0,512,512,2.3772679847605067,1.7046700710980172,4.577693443482862,6.2542895730837165,0.0,0.0,1.0,300.0
mppi_coast,random,300.0,1800.0,0.1,0.075,5.0,6.25,10.0,10.0,10,100.0,inf,full,both,inf,180.0,0.01,0.0,0.0,256,20,3,0.5,0.1,0.99,10.0,256,20,0,512,512,2.3772679847605067,1.7046700710980172,4.577693443482862,6.2542895730837165,0.0,0.0,1.0,300.0
mppi_coast,random,300.0,1800.0,0.1,0.075,5.0,7.5,10.0,10.0,10,100.0,inf,full,both,inf,180.0,0.01,0.0,0.0,256,20,3,0.5,0.1,0.99,10.0,256,20,0,512,512,2.3772679847605067,1.7046700710980172,4.577693443482862,6.2542895730837165,0.0,0.0,1.0,300.0
mppi_coast,random,300.0,1800.0,0.1,0.075,5.0,10.0,10.0,10.0,10,100.0,inf,full,both,inf,180.0,0.01,0.0,0.0,256,20,3,0.5,0.1,0.99,10.0,256,20,0,512,512,2.3772679847605067,1.7046700710980172,4.577693443482862,6.2542895730837165,0.0,0.0,1.0,300.0
mppi_coast,random,300.0,1800.0,0.1,0.075,5.0,inf,10.0,10.0,10,100.0,inf,full,both,inf,180.0,0.01,0.0,0.0,256,20,3,0.5,0.1,0.99,10.0,256,20,0,512,512,2.3772679847605067,1.7046700710980172,4.577693443482862,6.2542895730837165,0.0,0.0,1.0,300.0
mppi_coast,random,300.0,1800.0,0.1,0.09,5.0,1.25,10.0,10.0,10,100.0,inf,full,both,inf,180.0,0.01,0.0,0.0,256,20,3,0.5,0.1,0.99,10.0,256,20,0,512,512,2.398157487463976,1.25,3.20990803611688,4.996721614433366,0.0,0.0,1.0,300.0
mppi_coast,random,300.0,1800.0,0.1,0.09,5.0,2.5,10.0,10.0,10,100.0,inf,full,both,inf,180.0,0.01,0.0,0.0,256,20,3,0.5,0.1,0.99,10.0,256,20,0,512,512,2.3910666742046764,2.050114911041567,5.1430816304356295,6.653060077021917,0.0,0.0,1.0,300.0
mppi_coast,random,300.0,1800.0,0.1,0.09,5.0,3.75,10.0,10.0,10,100.0,inf,full,both,inf,180.0,0.01,0.0,0.0,256,20,3,0.5,0.1,0.99,10.0,256,20,0,512,512,2.3905573473601947,2.0543925277796595,5.150517253950561,6.648895436252848,0.0,0.0,1.0,300.0
mppi_coast,random,300.0,1800.0,0.1,0.09,5.0,4.5,10.0,10.0,10,100.0,inf,full,both,inf,180.0,0.01,0.0,0.0,256,20,3,0.5,0.1,0.99,10.0,256,20,0,512,512,2.3905573473601947,2.0543925277796595,5.150517253950561,6.648895436252848,0.0,0.0,1.0,300.0
mppi_coast,random,300.0,1800.0,0.1,0.09,5.0,5.0,10.0,10.0,10,100.0,inf,full,both,inf,180.0,0.01,0.0,0.0,256,20,3,0.5,0.1,0.99,10.0,256,20,0,512,512,2.3905573473601947,2.0543925277796595,5.150517253950561,6.648895436252848,0.0,0.0,1.0,300.0
mppi_coast,random,300.0,1800.0,0.1,0.09,5.0,5.5,10.0,10.0,10,100.0,inf,full,both,inf,180.0,0.01,0.0,0.0,256,20,3,0.5,0.1,0.99,10.0,256,20,0,512,512,2.3905573473601947,2.0543925277796595,5.150517253950561,6.648895436252848,0.0,0.0,1.0,300.0
mppi_coast,random,300.0,1800.0,0.1,0.09,5.0,6.25,10.0,10.0,10,100.0,inf,full,both,inf,180.0,0.01,0.0,0.0,256,20,3,0.5,0.1,0.99,10.0,256,20,0,512,512,2.3905573473601947,2.0543925277796595,5.150517253950561,6.648895436252848,0.0,0.0,1.0,300.0
mppi_coast,random,300.0,1800.0,0.1,0.09,5.0,7.5,10.0,10.0,10,100.0,inf,full,both,inf,180.0,0.01,0.0,0.0,256,20,3,0.5,0.1,0.99,10.0,256,20,0,512,512,2.3905573473601947,2.0543925277796595,5.150517253950561,6.648895436252848,0.0,0.0,1.0,300.0
mppi_coast,random,300.0,1800.0,0.1,0.09,5.0,10.0,10.0,10.0,10,100.0,inf,full,both,inf,180.0,0.01,0.0,0.0,256,20,3,0.5,0.1,0.99,10.0,256,20,0,512,512,2.3905573473601947,2.0543925277796595,5.150517253950561,6.648895436252848,0.0,0.0,1.0,300.0
mppi_coast,random,300.0,1800.0,0.1,0.09,5.0,inf,10.0,10.0,10,100.0,inf,full,both,inf,180.0,0.01,0.0,0.0,256,20,3,0.5,0.1,0.99,10.0,256,20,0,512,512,2.3905573473601947,2.0543925277796595,5.150517253950561,6.648895436252848,0.0,0.0,1.0,300.0
mppi_coast,random,300.0,1800.0,0.1,0.1,5.0,1.25,10.0,10.0,10,100.0,inf,full,both,inf,180.0,0.01,0.0,0.0,256,20,3,0.5,0.1,0.99,10.0,256,20,0,512,512,2.3919423774466884,1.25,3.322996076765313,4.946781604745598,0.0,0.0,1.0,300.0
mppi_coast,random,300.0,1800.0,0.1,0.1,5.0,2.5,10.0,10.0,10,100.0,inf,full,both,inf,180.0,0.01,0.0,0.0,256,20,3,0.5,0.1,0.99,10.0,256,20,0,512,512,2.4057486297424178,2.2540957279380427,5.297616395251626,6.93588984431643,0.0,0.0,1.0,300.0
mppi_coast,random,300.0,1800.0,0.1,0.1,5.0,3.75,10.0,10.0,10,100.0,inf,full,both,inf,180.0,0.01,0.0,0.0,256,20,3,0.5,0.1,0.99,10.0,256,20,0,512,512,2.405800775161721,2.2904835526706635,5.308483126695494,6.953438929584055,0.0,0.0,1.0,300.0
mppi_coast,random,300.0,1800.0,0.1,0.1,5.0,4.5,10.0,10.0,10,100.0,inf,full,both,inf,180.0,0.01,0.0,0.0,256,20,3,0.5,0.1,0.99,10.0,256,20,0,512,511,2.405800775161721,2.2919483964206635,5.3145158624152815,7.800683228183431,0.0,0.0,0.998046875,300.0
mppi_coast,random,300.0,1800.0,0.1,0.1,5.0,5.0,10.0,10.0,10,100.0,inf,full,both,inf,180.0,0.01,0.0,0.0,256,20,3,0.5,0.1,0.99,10.0,256,20,0,512,511,2.405800775161721,2.2929249589206635,5.3145158624152815,7.878004141586221,0.0,0.0,0.998046875,300.0
mppi_coast,random,300.0,1800.0,0.1,0.1,5.0,5.5,10.0,10.0,10,100.0,inf,full,both,inf,180.0,0.01,0.0,0.0,256,20,3,0.5,0.1,0.99,10.0,256,20,0,512,511,2.405800775161721,2.2939015214206635,5.3145158624152815,8.068740425854669,0.0,0.0,0.998046875,300.0
mppi_coast,random,300.0,1800.0,0.1,0.1,5.0,6.25,10.0,10.0,10,100.0,inf,full,both,inf,180.0,0.01,0.0,0.0,256,20,3,0.5,0.1,0.99,10.0,256,20,0,512,511,2.405800775161721,2.2953663651706635,5.3145158624152815,8.260425941298603,0.0,0.0,0.998046875,300.0
mppi_coast,random,300.0,1800.0,0.1,0.1,5.0,7.5,10.0,10.0,10,100.0,inf,full,both,inf,180.0,0.01,0.0,0.0,256,20,3,0.5,0.1,0.99,10.0,256,20,0,512,511,2.405800775161721,2.2978077714206635,5.3145158624152815,8.305491846961944,0.0,0.0,0.998046875,300.0
mppi_coast,random,300.0,1800.0,0.1,0.1,5.0,10.0,10.0,10.0,10,100.0,inf,full,both,inf,180.0,0.01,0.0,0.0,256,20,3,0.5,0.1,0.99,10.0,256,20,0,512,511,2.405800775161721,2.3026905839206635,5.3145158624152815,8.548304008824546,0.0,0.0,0.998046875,300.0
mppi_coast,random,300.0,1800.0,0.1,0.1,5.0,inf,10.0,10.0,10,100.0,inf,full,both,inf,180.0,0.01,0.0,0.0,256,20,3,0.5,0.1,0.99,10.0,256,20,0,512,511,2.405800775161721,2.309776407669612,5.3145158624152815,8.578043394064844,0.0,0.0,0.998046875,300.0
mppi_coast,random,300.0,1800.0,0.1,0.11,5.0,1.25,10.0,10.0,10,100.0,inf,full,both,inf,180.0,0.01,0.0,0.0,256,20,3,0.5,0.1,0.99,10.0,256,20,0,512,512,2.3982736903559148,1.25,3.5309274190998536,5.279662341394951,0.0,0.0,1.0,300.0
mppi_coast,random,300.0,1800.0,0.1,0.11,5.0,2.5,10.0,10.0,10,100.0,inf,full,both,inf,180.0,0.01,0.0,0.0,256,20,3,0.5,0.1,0.99,10.0,256,20,0,512,512,2.4248155087650685,2.3975628527807102,5.415355275202383,6.946955610829694,0.0,0.0,1.0,300.0
mppi_coast,random,300.0,1800.0,0.1,0.11,5.0,3.75,10.0,10.0,10,100.0,inf,full,both,inf,180.0,0.01,0.0,0.0,256,20,3,0.5,0.1,0.99,10.0,256,20,0,512,512,2.4329507955196403,2.5346647057639697,5.653622658661563,7.256751274311746,0.0,0.0,1.0,300.0
mppi_coast,random,300.0,1800.0,0.1,0.11,5.0,4.5,10.0,10.0,10,100.0,inf,full,both,inf,180.0,0.01,0.0,0.0,256,20,3,0.5,0.1,0.99,10.0,256,20,0,512,512,2.432740266143697,2.53947180069748,5.666342566130749,7.269471181780932,0.0,0.0,1.0,300.0
mppi_coast,random,300.0,1800.0,0.1,0.11,5.0,5.0,10.0,10.0,10,100.0,inf,full,both,inf,180.0,0.01,0.0,0.0,256,20,3,0.5,0.1,0.99,10.0,256,20,0,512,509,2.432740266143697,2.54240148819748,5.71047228338429,9.037381372277768,0.0,0.0,0.994140625,300.0
mppi_coast,random,300.0,1800.0,0.1,0.11,5.0,5.5,10.0,10.0,10,100.0,inf,full,both,inf,180.0,0.01,0.0,0.0,256,20,3,0.5,0.1,0.99,10.0,256,20,0,512,509,2.432740266143697,2.54533117569748,5.71047228338429,9.560886802213185,0.0,0.0,0.994140625,300.0
mppi_coast,random,300.0,1800.0,0.1,0.11,5.0,6.25,10.0,10.0,10,100.0,inf,full,both,inf,180.0,0.01,0.0,0.0,256,20,3,0.5,0.1,0.99,10.0,256,20,0,512,509,2.432740266143697,2.54972570694748,5.71047228338429,9.493229899760845,0.0,0.0,0.994140625,300.0
mppi_coast,random,300.0,1800.0,0.1,0.11,5.0,7.5,10.0,10.0,10,100.0,inf,full,both,inf,180.0,0.01,0.0,0.0,256,20,3,0.5,0.1,0.99,10.0,256,20,0,512,509,2.432740266143697,2.55704992569748,5.71047228338429,10.72972654454888,0.0,0.0,0.994140625,300.0
mppi_coast,random,300.0,1800.0,0.1,0.11,5.0,10.0,10.0,10.0,10,100.0,inf,full,both,inf,180.0,0.01,0.0,0.0,256,20,3,0.5,0.1,0.99,10.0,256,20,0,512,509,2.432740266143697,2.57169836319748,5.71047228338429,10.10624518857942,0.0,0.0,0.994140625,300.0
mppi_coast,random,300.0,1800.0,0.1,0.11,5.0,inf,10.0,10.0,10,100.0,inf,full,both,inf,180.0,0.01,0.0,0.0,256,20,3,0.5,0.1,0.99,10.0,256,20,0,512,509,2.432740266143697,2.600661637917644,5.71047228338429,11.186140993693602,0.0,0.0,0.994140625,300.0
mppi_coast,random,300.0,1800.0,0.1,0.125,5.0,1.25,10.0,10.0,10,100.0,inf,full,both,inf,180.0,0.01,0.0,0.0,256,20,3,0.5,0.1,0.99,10.0,256,20,0,512,512,2.409374660742074,1.25,3.5423136578510217,5.039256436058542,0.0,0.0,1.0,300.0
mppi_coast,random,300.0,1800.0,0.1,0.125,5.0,2.5,10.0,10.0,10,100.0,inf,full,both,inf,180.0,0.01,0.0,0.0,256,20,3,0.5,0.1,0.99,10.0,256,20,0,512,512,2.4703207750473366,2.4859710537387008,4.9786346393516325,6.650553603752983,0.0,0.0,1.0,310.0
mppi_coast,random,300.0,1800.0,0.1,0.125,5.0,3.75,10.0,10.0,10,100.0,inf,full,both,inf,180.0,0.01,0.0,0.0,256,20,3,0.5,0.1,0.99,10.0,256,20,0,512,512,2.502839883312914,2.920398047133394,5.956559862942112,7.5935870971096655,0.0,0.0,1.0,310.0
mppi_coast,random,300.0,1800.0,0.1,0.125,5.0,4.5,10.0,10.0,10,100.0,inf,full,both,inf,180.0,0.01,0.0,0.0,256,20,3,0.5,0.1,0.99,10.0,256,20,0,512,512,2.503153516704067,2.9419384468733822,5.947029288824906,7.592661986087831,0.0,0.0,1.0,310.0
mppi_coast,random,300.0,1800.0,0.1,0.125,5.0,5.0,10.0,10.0,10,100.0,inf,full,both,inf,180.0,0.01,0.0,0.0,256,20,3,0.5,0.1,0.99,10.0,256,20,0,512,511,2.503153516704067,2.952887512950136,5.965342729976118,9.805374638895374,0.0,0.0,0.998046875,310.0
mppi_coast,random,300.0,1800.0,0.1,0.125,5.0,5.5,10.0,10.0,10,100.0,inf,full,both,inf,180.0,0.01,0.0,0.0,256,20,3,0.5,0.1,0.99,10.0,256,20,0,512,505,2.503153516704067,2.963629700450136,6.036359582463754,16.408060920318263,0.0,0.0,0.986328125,310.0
mppi_coast,random,300.0,1800.0,0.1,0.125,5.0,6.25,10.0,10.0,10,100.0,inf,full,both,inf,180.0,0.01,0.0,0.0,256,20,3,0.5,0.1,0.99,10.0,256,20,0,512,501,2.503153516704067,2.979742981700136,6.091949904573585,20.749189610088877,0.0,0.0,0.978515625,310.0
mppi_coast,random,300.0,1800.0,0.1,0.125,5.0,7.5,10.0,10.0,10,100.0,inf,full,both,inf,180.0,0.01,0.0,0.0,256,20,3,0.5,0.1,0.99,10.0,256,20,0,512,501,2.503153516704067,3.006598450450136,6.091949904573585,23.653663724429972,0.0,0.0,0.978515625,310.0
mppi_coast,random,300.0,1800.0,0.1,0.125,5.0,10.0,10.0,10.0,10,100.0,inf,full,both,inf,180.0,0.01,0.0,0.0,256,20,3,0.5,0.1,0.99,10.0,256,20,0,512,501,2.503153516704067,3.060309387950136,6.091949904573585,27.03097957347753,0.0,0.0,0.978515625,310.0
mppi_coast,random,300.0,1800.0,0.1,0.125,5.0,inf,10.0,10.0,10,100.0,inf,full,both,inf,180.0,0.01,0.0,0.0,256,20,3,0.5,0.1,0.99,10.0,256,20,0,512,501,2.503153516704067,3.2081404810533227,6.091949904573585,28.997854787679756,0.0,0.0,0.978515625,310.0
mppi_coast,random,300.0,1800.0,0.1,0.15,5.0,1.25,10.0,10.0,10,100.0,inf,full,both,inf,180.0,0.01,0.0,0.0,256,20,3,0.5,0.1,0.99,10.0,256,20,0,512,512,2.4275369342426605,1.25,3.406386512403491,5.03111734460952,0.0,0.0,1.0,300.0
mppi_coast,random,300.0,1800.0,0.1,0.15,5.0,2.5,10.0,10.0,10,100.0,inf,full,both,inf,180.0,0.01,0.0,0.0,256,20,3,0.5,0.1,0.99,10.0,256,20,0,512,512,2.537629737439026,2.4998851679519785,4.157961008139435,5.726891406006316,0.0,0.0,1.0,310.0
mppi_coast,random,300.0,1800.0,0.1,0.15,5.0,3.75,10.0,10.0,10,100.0,inf,full,both,inf,180.0,0.01,0.0,0.0,256,20,3,0.5,0.1,0.99,10.0,256,20,0,512,512,2.7281718969292146,3.4644376444324982,6.113341144761317,7.511269888643493,0.0,0.0,1.0,320.0
mppi_coast,random,300.0,1800.0,0.1,0.15,5.0,4.5,10.0,10.0,10,100.0,inf,full,both,inf,180.0,0.01,0.0,0.0,256,20,3,0.5,0.1,0.99,10.0,256,20,0,512,510,2.76048936474254,3.6395273797170846,6.389390667865232,8.772906679469362,0.0,0.0,0.99609375,320.0
mppi_coast,random,300.0,1800.0,0.1,0.15,5.0,5.0,10.0,10.0,10,100.0,inf,full,both,inf,180.0,0.01,0.0,0.0,256,20,3,0.5,0.1,0.99,10.0,256,20,0,512,509,2.7641845023231624,3.704398287903889,6.412346965466828,8.84756632213131,0.0,0.0,0.994140625,320.0
mppi_coast,random,300.0,1800.0,0.1,0.15,5.0,5.5,10.0,10.0,10,100.0,inf,full,both,inf,180.0,0.01,0.0,0.0,256,20,3,0.5,0.1,0.99,10.0,256,20,0,512,509,2.7649579584426656,3.756981301493785,6.4078622883303415,9.025544282378586,0.0,0.0,0.994140625,320.0
mppi_coast,random,300.0,1800.0,0.1,0.15,5.0,6.25,10.0,10.0,10,100.0,inf,full,both,inf,180.0,0.01,0.0,0.0,256,20,3,0.5,0.1,0.99,10.0,256,20,0,512,498,2.7648195882473185,3.822633929358391,6.601837746829239,20.297520892313177,0.0,0.0,0.97265625,320.0
mppi_coast,random,300.0,1800.0,0.1,0.15,5.0,7.5,10.0,10.0,10,100.0,inf,full,both,inf,180.0,0.01,0.0,0.0,256,20,3,0.5,0.1,0.99,10.0,256,20,0,512,475,2.7648195882473185,3.9221944685645935,6.872089907332667,57.17243613364602,0.0,0.0,0.927734375,310.0
mppi_coast,random,300.0,1800.0,0.1,0.15,5.0,10.0,10.0,10.0,10,100.0,inf,full,both,inf,180.0,0.01,0.0,0.0,256,20,3,0.5,0.1,0.99,10.0,256,20,0,512,476,2.7648195882473185,4.099525683476087,6.874307973830057,70.9742554346072,0.0,0.0,0.9296875,310.0
mppi_coast,random,300.0,1800.0,0.1,0.15,5.0,inf,10.0,10.0,10,100.0,inf,full,both,inf,180.0,0.01,0.0,0.0,256,20,3,0.5,0.1,0.99,10.0,256,20,0,512,476,2.7648195882473185,4.817407994819534,6.874307973830057,83.20423932428393,0.0,0.0,0.9296875,310.0
mppi_coast,random,300.0,1800.0,0.1,0.2,5.0,1.25,10.0,10.0,10,100.0,inf,full,both,inf,180.0,0.01,0.0,0.0,256,20,3,0.5,0.1,0.99,10.0,256,20,0,512,512,2.440607439470819,1.25,3.282021694241988,5.013992900070992,0.0,0.0,1.0,300.0
mppi_coast,random,300.0,1800.0,0.1,0.2,5.0,2.5,10.0,10.0,10,100.0,inf,full,both,inf,180.0,0.01,0.0,0.0,256,20,3,0.5,0.1,0.99,10.0,256,20,0,512,512,2.5992307990688546,2.5,3.579047825640695,5.020664115360865,0.0,0.0,1.0,310.0
mppi_coast,random,300.0,1800.0,0.1,0.2,5.0,3.75,10.0,10.0,10,100.0,inf,full,both,inf,180.0,0.01,0.0,0.0,256,20,3,0.5,0.1,0.99,10.0,256,20,0,512,512,2.8325197343803463,3.73873634210936,5.080007694669526,6.410377750783309,0.0,0.0,1.0,330.0
mppi_coast,random,300.0,1800.0,0.1,0.2,5.0,4.5,10.0,10.0,10,100.0,inf,full,both,inf,180.0,0.01,0.0,0.0,256,20,3,0.5,0.1,0.99,10.0,256,20,0,512,510,3.15242706518409,4.388489697194991,6.169656052233543,7.859972877014237,0.0,0.0,0.99609375,350.0
mppi_coast,random,300.0,1800.0,0.1,0.2,5.0,5.0,10.0,10.0,10,100.0,inf,full,both,inf,180.0,0.01,0.0,0.0,256,20,3,0.5,0.1,0.99,10.0,256,20,0,512,510,3.2777580107139097,4.735558081668161,6.383087046299883,7.685470483596442,0.0,0.0,0.99609375,360.0
mppi_coast,random,300.0,1800.0,0.1,0.2,5.0,5.5,10.0,10.0,10,100.0,inf,full,both,inf,180.0,0.01,0.0,0.0,256,20,3,0.5,0.1,0.99,10.0,256,20,0,512,506,3.337460613041019,5.015069159091705,6.653199106215584,8.93067654670353,0.0,0.0,0.98828125,360.0
mppi_coast,random,300.0,1800.0,0.1,0.2,5.0,6.25,10.0,10.0,10,100.0,inf,full,both,inf,180.0,0.01,0.0,0.0,256,20,3,0.5,0.1,0.99,10.0,256,20,0,512,495,3.397505318851917,5.343739332258478,7.1833554023356205,14.806062284757196,0.0,0.0,0.966796875,360.0
mppi_coast,random,300.0,1800.0,0.1,0.2,5.0,7.5,10.0,10.0,10,100.0,inf,full,both,inf,180.0,0.01,0.0,0.0,256,20,3,0.5,0.1,0.99,10.0,256,20,0,512,472,3.4222981264637293,5.795466880670023,7.83510135220236,33.32141661894897,0.0,0.0,0.921875,350.0
mppi_coast,random,300.0,1800.0,0.1,0.2,5.0,10.0,10.0,10.0,10,100.0,inf,full,both,inf,180.0,0.01,0.0,0.0,256,20,3,0.5,0.1,0.99,10.0,256,20,0,512,385,3.4308742743092977,6.4992284301198575,9.727791736953188,194.09476263099808,0.0,0.0,0.751953125,330.0
mppi_coast,random,300.0,1800.0,0.1,0.2,5.0,inf,10.0,10.0,10,100.0,inf,full,both,inf,180.0,0.01,0.0,0.0,256,20,3,0.5,0.1,0.99,10.0,256,20,0,512,382,3.4308742743092977,10.81269454948688,9.746659881246394,320.1700766067322,0.0,0.0,0.74609375,330.0
mppi_coast,transverse,300.0,1800.0,0.1,0.025,5.0,1.25,10.0,10.0,10,100.0,inf,full,both,inf,180.0,0.01,0.0,0.0,256,20,3,0.5,0.1,0.99,10.0,256,20,0,512,512,2.3477334310297664,0.7450683593750004,6.328084841269536,7.485696428039435,0.0,0.0,1.0,290.0
mppi_coast,transverse,300.0,1800.0,0.1,0.025,5.0,2.5,10.0,10.0,10,100.0,inf,full,both,inf,180.0,0.01,0.0,0.0,256,20,3,0.5,0.1,0.99,10.0,256,20,0,512,512,2.3477334310297664,0.7450683593750004,6.328084841269536,7.485696428039435,0.0,0.0,1.0,290.0
mppi_coast,transverse,300.0,1800.0,0.1,0.025,5.0,3.75,10.0,10.0,10,100.0,inf,full,both,inf,180.0,0.01,0.0,0.0,256,20,3,0.5,0.1,0.99,10.0,256,20,0,512,512,2.3477334310297664,0.7450683593750004,6.328084841269536,7.485696428039435,0.0,0.0,1.0,290.0
mppi_coast,transverse,300.0,1800.0,0.1,0.025,5.0,4.5,10.0,10.0,10,100.0,inf,full,both,inf,180.0,0.01,0.0,0.0,256,20,3,0.5,0.1,0.99,10.0,256,20,0,512,512,2.3477334310297664,0.7450683593750004,6.328084841269536,7.485696428039435,0.0,0.0,1.0,290.0
mppi_coast,transverse,300.0,1800.0,0.1,0.025,5.0,5.0,10.0,10.0,10,100.0,inf,full,both,inf,180.0,0.01,0.0,0.0,256,20,3,0.5,0.1,0.99,10.0,256,20,0,512,512,2.3477334310297664,0.7450683593750004,6.328084841269536,7.485696428039435,0.0,0.0,1.0,290.0
mppi_coast,transverse,300.0,1800.0,0.1,0.025,5.0,5.5,10.0,10.0,10,100.0,inf,full,both,inf,180.0,0.01,0.0,0.0,256,20,3,0.5,0.1,0.99,10.0,256,20,0,512,512,2.3477334310297664,0.7450683593750004,6.328084841269536,7.485696428039435,0.0,0.0,1.0,290.0
mppi_coast,transverse,300.0,1800.0,0.1,0.025,5.0,6.25,10.0,10.0,10,100.0,inf,full,both,inf,180.0,0.01,0.0,0.0,256,20,3,0.5,0.1,0.99,10.0,256,20,0,512,512,2.3477334310297664,0.7450683593750004,6.328084841269536,7.485696428039435,0.0,0.0,1.0,290.0
mppi_coast,transverse,300.0,1800.0,0.1,0.025,5.0,7.5,10.0,10.0,10,100.0,inf,full,both,inf,180.0,0.01,0.0,0.0,256,20,3,0.5,0.1,0.99,10.0,256,20,0,512,512,2.3477334310297664,0.7450683593750004,6.328084841269536,7.485696428039435,0.0,0.0,1.0,290.0
mppi_coast,transverse,300.0,1800.0,0.1,0.025,5.0,10.0,10.0,10.0,10,100.0,inf,full,both,inf,180.0,0.01,0.0,0.0,256,20,3,0.5,0.1,0.99,10.0,256,20,0,512,512,2.3477334310297664,0.7450683593750004,6.328084841269536,7.485696428039435,0.0,0.0,1.0,290.0
mppi_coast,transverse,300.0,1800.0,0.1,0.025,5.0,inf,10.0,10.0,10,100.0,inf,full,both,inf,180.0,0.01,0.0,0.0,256,20,3,0.5,0.1,0.99,10.0,256,20,0,512,512,2.3477334310297664,0.7450683593750004,6.328084841269536,7.485696428039435,0.0,0.0,1.0,290.0
mppi_coast,transverse,300.0,1800.0,0.1,0.05,5.0,1.25,10.0,10.0,10,100.0,inf,full,both,inf,180.0,0.01,0.0,0.0,256,20,3,0.5,0.1,0.99,10.0,256,20,0,512,512,2.9261501778216377,1.25,6.802431275026662,7.362361924786391,0.0,0.0,1.0,330.0
mppi_coast,transverse,300.0,1800.0,0.1,0.05,5.0,2.5,10.0,10.0,10,100.0,inf,full,both,inf,180.0,0.01,0.0,0.0,256,20,3,0.5,0.1,0.99,10.0,256,20,0,512,405,4.919075500540608,2.46962890625,11.86001119894872,45.989483513610566,0.0,0.0,0.791015625,790.0
mppi_coast,transverse,300.0,1800.0,0.1,0.05,5.0,3.75,10.0,10.0,10,100.0,inf,full,both,inf,180.0,0.01,0.0,0.0,256,20,3,0.5,0.1,0.99,10.0,256,20,0,512,19,4.920001869773576,3.67373046875,27.03603893917164,1461.834848767168,0.0,0.0,0.037109375,320.0
mppi_coast,transverse,300.0,1800.0,0.1,0.05,5.0,4.5,10.0,10.0,10,100.0,inf,full,both,inf,180.0,0.01,0.0,0.0,256,20,3,0.5,0.1,0.99,10.0,256,20,0,512,19,4.920001869773576,4.3958984375,27.03603893917164,1870.472269108459,0.0,0.0,0.037109375,320.0
mppi_coast,transverse,300.0,1800.0,0.1,0.05,5.0,5.0,10.0,10.0,10,100.0,inf,full,both,inf,180.0,0.01,0.0,0.0,256,20,3,0.5,0.1,0.99,10.0,256,20,0,512,19,4.920001869773576,4.87734375,27.03603893917164,2055.591105896877,0.0,0.0,0.037109375,320.0
mppi_coast,transverse,300.0,1800.0,0.1,0.05,5.0,5.5,10.0,10.0,10,100.0,inf,full,both,inf,180.0,0.01,0.0,0.0,256,20,3,0.5,0.1,0.99,10.0,256,20,0,512,19,4.920001869773576,5.3587890625,27.03603893917164,2200.0174476647417,0.0,0.0,0.037109375,320.0
mppi_coast,transverse,300.0,1800.0,0.1,0.05,5.0,6.25,10.0,10.0,10,100.0,inf,full,both,inf,180.0,0.01,0.0,0.0,256,20,3,0.5,0.1,0.99,10.0,256,20,0,512,19,4.920001869773576,6.08095703125,27.03603893917164,2357.1795247620826,0.0,0.0,0.037109375,320.0
mppi_coast,transverse,300.0,1800.0,0.1,0.05,5.0,7.5,10.0,10.0,10,100.0,inf,full,both,inf,180.0,0.01,0.0,0.0,256,20,3,0.5,0.1,0.99,10.0,256,20,0,512,19,4.920001869773576,7.2845703125,27.03603893917164,2494.2956590314666,0.0,0.0,0.037109375,320.0
mppi_coast,transverse,300.0,1800.0,0.1,0.05,5.0,10.0,10.0,10.0,10,100.0,inf,full,both,inf,180.0,0.01,0.0,0.0,256,20,3,0.5,0.1,0.99,10.0,256,20,0,512,19,4.920001869773576,8.728906249999993,27.03603893917164,2525.91434193686,0.0,0.0,0.037109375,320.0
mppi_coast,transverse,300.0,1800.0,0.1,0.05,5.0,inf,10.0,10.0,10,100.0,inf,full,both,inf,180.0,0.01,0.0,0.0,256,20,3,0.5,0.1,0.99,10.0,256,20,0,512,19,4.920001869773576,8.728906249999993,27.03603893917164,2525.91434193686,0.0,0.0,0.037109375,320.0
mppi_coast,transverse,300.0,1800.0,0.1,0.075,5.0,1.25,10.0,10.0,10,100.0,inf,full,both,inf,180.0,0.01,0.0,0.0,256,20,3,0.5,0.1,0.99,10.0,256,20,0,512,512,2.9294361015481885,1.25,3.737814223799265,4.78744834114046,0.0,0.0,1.0,340.0
mppi_coast,transverse,300.0,1800.0,0.1,0.075,5.0,2.5,10.0,10.0,10,100.0,inf,full,both,inf,180.0,0.01,0.0,0.0,256,20,3,0.5,0.1,0.99,10.0,256,20,0,512,512,4.954487601511803,2.5,5.660352357641606,5.673124919256775,0.0,0.0,1.0,610.0
mppi_coast,transverse,300.0,1800.0,0.1,0.075,5.0,3.75,10.0,10.0,10,100.0,inf,full,both,inf,180.0,0.01,0.0,0.0,256,20,3,0.5,0.1,0.99,10.0,256,20,0,512,1,5.0,3.75,107.7728720940284,799.887567830789,0.0,0.0,0.001953125,650.0
mppi_coast,transverse,300.0,1800.0,0.1,0.075,5.0,4.5,10.0,10.0,10,100.0,inf,full,both,inf,180.0,0.01,0.0,0.0,256,20,3,0.5,0.1,0.99,10.0,256,20,0,512,0,5.0,4.5,108.10930879734272,1834.3985049720095,0.0,0.0,0.0,
mppi_coast,transverse,300.0,1800.0,0.1,0.075,5.0,5.0,10.0,10.0,10,100.0,inf,full,both,inf,180.0,0.01,0.0,0.0,256,20,3,0.5,0.1,0.99,10.0,256,20,0,512,0,5.0,5.0,108.10930879734272,2371.612467363639,0.0,0.0,0.0,
mppi_coast,transverse,300.0,1800.0,0.1,0.075,5.0,5.5,10.0,10.0,10,100.0,inf,full,both,inf,180.0,0.01,0.0,0.0,256,20,3,0.5,0.1,0.99,10.0,256,20,0,512,0,5.0,5.5,108.10930879734272,2773.9120379774804,0.0,0.0,0.0,
mppi_coast,transverse,300.0,1800.0,0.1,0.075,5.0,6.25,10.0,10.0,10,100.0,inf,full,both,inf,180.0,0.01,0.0,0.0,256,20,3,0.5,0.1,0.99,10.0,256,20,0,512,0,5.0,6.25,108.10930879734272,3212.7958509602686,0.0,0.0,0.0,
mppi_coast,transverse,300.0,1800.0,0.1,0.075,5.0,7.5,10.0,10.0,10,100.0,inf,full,both,inf,180.0,0.01,0.0,0.0,256,20,3,0.5,0.1,0.99,10.0,256,20,0,512,0,5.0,7.5,108.10930879734272,3719.973446853634,0.0,0.0,0.0,
mppi_coast,transverse,300.0,1800.0,0.1,0.075,5.0,10.0,10.0,10.0,10,100.0,inf,full,both,inf,180.0,0.01,0.0,0.0,256,20,3,0.5,0.1,0.99,10.0,256,20,0,512,0,5.0,10.0,108.10930879734272,4279.801817097708,0.0,0.0,0.0,
mppi_coast,transverse,300.0,1800.0,0.1,0.075,5.0,inf,10.0,10.0,10,100.0,inf,full,both,inf,180.0,0.01,0.0,0.0,256,20,3,0.5,0.1,0.99,10.0,256,20,0,512,0,5.0,13.49999999999996,108.10930879734272,4444.798752657459,0.0,0.0,0.0,
mppi_coast,transverse,300.0,1800.0,0.1,0.09,5.0,1.25,10.0,10.0,10,100.0,inf,full,both,inf,180.0,0.01,0.0,0.0,256,20,3,0.5,0.1,0.99,10.0,256,20,0,512,512,2.949319000142781,1.25,3.739487234127091,4.859335208011311,0.0,0.0,1.0,350.0
mppi_coast,transverse,300.0,1800.0,0.1,0.09,5.0,2.5,10.0,10.0,10,100.0,inf,full,both,inf,180.0,0.01,0.0,0.0,256,20,3,0.5,0.1,0.99,10.0,256,20,0,512,512,4.900973537900172,2.5,4.956499679381716,5.052130363922553,0.0,0.0,1.0,590.0
mppi_coast,transverse,300.0,1800.0,0.1,0.09,5.0,3.75,10.0,10.0,10,100.0,inf,full,both,inf,180.0,0.01,0.0,0.0,256,20,3,0.5,0.1,0.99,10.0,256,20,0,512,21,5.0,3.75,143.70133172972774,557.610977140595,0.0,0.0,0.041015625,880.0
mppi_coast,transverse,300.0,1800.0,0.1,0.09,5.0,4.5,10.0,10.0,10,100.0,inf,full,both,inf,180.0,0.01,0.0,0.0,256,20,3,0.5,0.1,0.99,10.0,256,20,0,512,0,5.0,4.5,153.83311418555024,1576.2872548096304,0.0,0.0,0.0,
mppi_coast,transverse,300.0,1800.0,0.1,0.09,5.0,5.0,10.0,10.0,10,100.0,inf,full,both,inf,180.0,0.01,0.0,0.0,256,20,3,0.5,0.1,0.99,10.0,256,20,0,512,0,5.0,5.0,153.87480199805387,2248.9121939784523,0.0,0.0,0.0,
mppi_coast,transverse,300.0,1800.0,0.1,0.09,5.0,5.5,10.0,10.0,10,100.0,inf,full,both,inf,180.0,0.01,0.0,0.0,256,20,3,0.5,0.1,0.99,10.0,256,20,0,512,0,5.0,5.5,153.87509674955862,2843.8645516469905,0.0,0.0,0.0,
mppi_coast,transverse,300.0,1800.0,0.1,0.09,5.0,6.25,10.0,10.0,10,100.0,inf,full,both,inf,180.0,0.01,0.0,0.0,256,20,3,0.5,0.1,0.99,10.0,256,20,0,512,0,5.0,6.25,153.87509674955862,3542.5155194363037,0.0,0.0,0.0,
mppi_coast,transverse,300.0,1800.0,0.1,0.09,5.0,7.5,10.0,10.0,10,100.0,inf,full,both,inf,180.0,0.01,0.0,0.0,256,20,3,0.5,0.1,0.99,10.0,256,20,0,512,0,5.0,7.5,153.87509674955862,4315.581716768028,0.0,0.0,0.0,
mppi_coast,transverse,300.0,1800.0,0.1,0.09,5.0,10.0,10.0,10.0,10,100.0,inf,full,both,inf,180.0,0.01,0.0,0.0,256,20,3,0.5,0.1,0.99,10.0,256,20,0,512,0,5.0,10.0,153.87509674955862,5177.226918556959,0.0,0.0,0.0,
mppi_coast,transverse,300.0,1800.0,0.1,0.09,5.0,inf,10.0,10.0,10,100.0,inf,full,both,inf,180.0,0.01,0.0,0.0,256,20,3,0.5,0.1,0.99,10.0,256,20,0,512,0,5.0,16.19999999999998,153.87509674955862,5720.800367012876,0.0,0.0,0.0,
mppi_coast,transverse,300.0,1800.0,0.1,0.1,5.0,1.25,10.0,10.0,10,100.0,inf,full,both,inf,180.0,0.01,0.0,0.0,256,20,3,0.5,0.1,0.99,10.0,256,20,0,512,512,2.977932617167729,1.25,3.414399005927016,4.704160801703054,0.0,0.0,1.0,360.0
mppi_coast,transverse,300.0,1800.0,0.1,0.1,5.0,2.5,10.0,10.0,10,100.0,inf,full,both,inf,180.0,0.01,0.0,0.0,256,20,3,0.5,0.1,0.99,10.0,256,20,0,512,512,4.892380005565485,2.5,4.41533672984955,4.64182621794788,0.0,0.0,1.0,600.0
mppi_coast,transverse,300.0,1800.0,0.1,0.1,5.0,3.75,10.0,10.0,10,100.0,inf,full,both,inf,180.0,0.01,0.0,0.0,256,20,3,0.5,0.1,0.99,10.0,256,20,0,512,39,4.99977818101183,3.75,155.3002277864049,462.418039432091,0.0,0.0,0.076171875,860.0
mppi_coast,transverse,300.0,1800.0,0.1,0.1,5.0,4.5,10.0,10.0,10,100.0,inf,full,both,inf,180.0,0.01,0.0,0.0,256,20,3,0.5,0.1,0.99,10.0,256,20,0,512,0,5.0,4.5,178.54898295879295,1446.9718363011518,0.0,0.0,0.0,
mppi_coast,transverse,300.0,1800.0,0.1,0.1,5.0,5.0,10.0,10.0,10,100.0,inf,full,both,inf,180.0,0.01,0.0,0.0,256,20,3,0.5,0.1,0.99,10.0,256,20,0,512,0,5.0,5.0,179.08360352758308,2125.7400958206704,0.0,0.0,0.0,
mppi_coast,transverse,300.0,1800.0,0.1,0.1,5.0,5.5,10.0,10.0,10,100.0,inf,full,both,inf,180.0,0.01,0.0,0.0,256,20,3,0.5,0.1,0.99,10.0,256,20,0,512,0,5.0,5.5,179.10366799404153,2775.883787350222,0.0,0.0,0.0,
mppi_coast,transverse,300.0,1800.0,0.1,0.1,5.0,6.25,10.0,10.0,10,100.0,inf,full,both,inf,180.0,0.01,0.0,0.0,256,20,3,0.5,0.1,0.99,10.0,256,20,0,512,0,5.0,6.25,179.1036691474654,3618.9750650706856,0.0,0.0,0.0,
mppi_coast,transverse,300.0,1800.0,0.1,0.1,5.0,7.5,10.0,10.0,10,100.0,inf,full,both,inf,180.0,0.01,0.0,0.0,256,20,3,0.5,0.1,0.99,10.0,256,20,0,512,0,5.0,7.5,179.1036691474654,4616.970525837662,0.0,0.0,0.0,
mppi_coast,transverse,300.0,1800.0,0.1,0.1,5.0,10.0,10.0,10.0,10,100.0,inf,full,both,inf,180.0,0.01,0.0,0.0,256,20,3,0.5,0.1,0.99,10.0,256,20,0,512,0,5.0,10.0,179.1036691474654,5712.315193752573,0.0,0.0,0.0,
mppi_coast,transverse,300.0,1800.0,0.1,0.1,5.0,inf,10.0,10.0,10,100.0,inf,full,both,inf,180.0,0.01,0.0,0.0,256,20,3,0.5,0.1,0.99,10.0,256,20,0,512,0,5.0,17.999999999999986,179.1036691474654,6597.105504803176,0.0,0.0,0.0,
mppi_coast,transverse,300.0,1800.0,0.1,0.11,5.0,1.25,10.0,10.0,10,100.0,inf,full,both,inf,180.0,0.01,0.0,0.0,256,20,3,0.5,0.1,0.99,10.0,256,20,0,512,512,2.9643199674498257,1.25,3.6382770524108143,4.744116125296766,0.0,0.0,1.0,360.0
mppi_coast,transverse,300.0,1800.0,0.1,0.11,5.0,2.5,10.0,10.0,10,100.0,inf,full,both,inf,180.0,0.01,0.0,0.0,256,20,3,0.5,0.1,0.99,10.0,256,20,0,512,512,4.885686201692019,2.5,4.338429582080826,4.699209237953731,0.0,0.0,1.0,590.0
mppi_coast,transverse,300.0,1800.0,0.1,0.11,5.0,3.75,10.0,10.0,10,100.0,inf,full,both,inf,180.0,0.01,0.0,0.0,256,20,3,0.5,0.1,0.99,10.0,256,20,0,512,48,4.99918615137735,3.75,156.65022023168393,399.41924506063054,0.0,0.0,0.09375,825.0
mppi_coast,transverse,300.0,1800.0,0.1,0.11,5.0,4.5,10.0,10.0,10,100.0,inf,full,both,inf,180.0,0.01,0.0,0.0,256,20,3,0.5,0.1,0.99,10.0,256,20,0,512,3,5.0,4.5,194.4595891409099,1341.5288645573808,0.0,0.0,0.005859375,840.0
mppi_coast,transverse,300.0,1800.0,0.1,0.11,5.0,5.0,10.0,10.0,10,100.0,inf,full,both,inf,180.0,0.01,0.0,0.0,256,20,3,0.5,0.1,0.99,10.0,256,20,0,512,0,5.0,5.0,196.13207174076237,2025.569381540945,0.0,0.0,0.0,
mppi_coast,transverse,300.0,1800.0,0.1,0.11,5.0,5.5,10.0,10.0,10,100.0,inf,full,both,inf,180.0,0.01,0.0,0.0,256,20,3,0.5,0.1,0.99,10.0,256,20,0,512,0,5.0,5.5,196.17602650979563,2684.4274611598617,0.0,0.0,0.0,
mppi_coast,transverse,300.0,1800.0,0.1,0.11,5.0,6.25,10.0,10.0,10,100.0,inf,full,both,inf,180.0,0.01,0.0,0.0,256,20,3,0.5,0.1,0.99,10.0,256,20,0,512,0,5.0,6.25,196.17602650979563,3605.942807995903,0.0,0.0,0.0,
mppi_coast,transverse,300.0,1800.0,0.1,0.11,5.0,7.5,10.0,10.0,10,100.0,inf,full,both,inf,180.0,0.01,0.0,0.0,256,20,3,0.5,0.1,0.99,10.0,256,20,0,512,0,5.0,7.5,196.17602650979563,4813.190509547842,0.0,0.0,0.0,
mppi_coast,transverse,300.0,1800.0,0.1,0.11,5.0,10.0,10.0,10.0,10,100.0,inf,full,both,inf,180.0,0.01,0.0,0.0,256,20,3,0.5,0.1,0.99,10.0,256,20,0,512,0,5.0,10.0,196.17602650979563,6201.63033179507,0.0,0.0,0.0,
mppi_coast,transverse,300.0,1800.0,0.1,0.11,5.0,inf,10.0,10.0,10,100.0,inf,full,both,inf,180.0,0.01,0.0,0.0,256,20,3,0.5,0.1,0.99,10.0,256,20,0,512,0,5.0,19.79999999999995,196.17602650979563,7486.28853991947,0.0,0.0,0.0,
mppi_coast,transverse,300.0,1800.0,0.1,0.125,5.0,1.25,10.0,10.0,10,100.0,inf,full,both,inf,180.0,0.01,0.0,0.0,256,20,3,0.5,0.1,0.99,10.0,256,20,0,512,512,2.9613159815510515,1.25,3.5978310142655303,4.832315375545571,0.0,0.0,1.0,350.0
mppi_coast,transverse,300.0,1800.0,0.1,0.125,5.0,2.5,10.0,10.0,10,100.0,inf,full,both,inf,180.0,0.01,0.0,0.0,256,20,3,0.5,0.1,0.99,10.0,256,20,0,512,512,4.871177192505354,2.5,4.1630769161275305,4.679317612077952,0.0,0.0,1.0,590.0
mppi_coast,transverse,300.0,1800.0,0.1,0.125,5.0,3.75,10.0,10.0,10,100.0,inf,full,both,inf,180.0,0.01,0.0,0.0,256,20,3,0.5,0.1,0.99,10.0,256,20,0,512,75,4.9994352141912,3.75,142.14457910486652,348.1661917475816,0.0,0.0,0.146484375,910.0
mppi_coast,transverse,300.0,1800.0,0.1,0.125,5.0,4.5,10.0,10.0,10,100.0,inf,full,both,inf,180.0,0.01,0.0,0.0,256,20,3,0.5,0.1,0.99,10.0,256,20,0,512,7,5.0,4.5,213.94810937178775,1216.5016321944934,0.0,0.0,0.013671875,950.0
mppi_coast,transverse,300.0,1800.0,0.1,0.125,5.0,5.0,10.0,10.0,10,100.0,inf,full,both,inf,180.0,0.01,0.0,0.0,256,20,3,0.5,0.1,0.99,10.0,256,20,0,512,0,5.0,5.0,217.9624880487651,1910.1269597834269,0.0,0.0,0.0,
mppi_coast,transverse,300.0,1800.0,0.1,0.125,5.0,5.5,10.0,10.0,10,100.0,inf,full,both,inf,180.0,0.01,0.0,0.0,256,20,3,0.5,0.1,0.99,10.0,256,20,0,512,0,5.0,5.5,218.19453645038692,2579.2482941118446,0.0,0.0,0.0,
mppi_coast,transverse,300.0,1800.0,0.1,0.125,5.0,6.25,10.0,10.0,10,100.0,inf,full,both,inf,180.0,0.01,0.0,0.0,256,20,3,0.5,0.1,0.99,10.0,256,20,0,512,0,5.0,6.25,218.19453645038692,3526.2672863301214,0.0,0.0,0.0,
mppi_coast,transverse,300.0,1800.0,0.1,0.125,5.0,7.5,10.0,10.0,10,100.0,inf,full,both,inf,180.0,0.01,0.0,0.0,256,20,3,0.5,0.1,0.99,10.0,256,20,0,512,0,5.0,7.5,218.19453645038692,4922.853722989857,0.0,0.0,0.0,
mppi_coast,transverse,300.0,1800.0,0.1,0.125,5.0,10.0,10.0,10.0,10,100.0,inf,full,both,inf,180.0,0.01,0.0,0.0,256,20,3,0.5,0.1,0.99,10.0,256,20,0,512,0,5.0,10.0,218.19453645038692,6755.747993360647,0.0,0.0,0.0,
mppi_coast,transverse,300.0,1800.0,0.1,0.125,5.0,inf,10.0,10.0,10,100.0,inf,full,both,inf,180.0,0.01,0.0,0.0,256,20,3,0.5,0.1,0.99,10.0,256,20,0,512,0,5.0,22.5,218.19453645038692,8814.978102352421,0.0,0.0,0.0,
mppi_coast,transverse,300.0,1800.0,0.1,0.15,5.0,1.25,10.0,10.0,10,100.0,inf,full,both,inf,180.0,0.01,0.0,0.0,256,20,3,0.5,0.1,0.99,10.0,256,20,0,512,512,2.9338191424076783,1.25,3.494172131414153,4.656950401994831,0.0,0.0,1.0,350.0
mppi_coast,transverse,300.0,1800.0,0.1,0.15,5.0,2.5,10.0,10.0,10,100.0,inf,full,both,inf,180.0,0.01,0.0,0.0,256,20,3,0.5,0.1,0.99,10.0,256,20,0,512,512,4.854537624525509,2.5,3.872765006756352,4.686820850618717,0.0,0.0,1.0,580.0
mppi_coast,transverse,300.0,1800.0,0.1,0.15,5.0,3.75,10.0,10.0,10,100.0,inf,full,both,inf,180.0,0.01,0.0,0.0,256,20,3,0.5,0.1,0.99,10.0,256,20,0,512,113,4.998661201121066,3.75,124.96240955554508,315.6777377555593,0.0,0.0,0.220703125,970.0
mppi_coast,transverse,300.0,1800.0,0.1,0.15,5.0,4.5,10.0,10.0,10,100.0,inf,full,both,inf,180.0,0.01,0.0,0.0,256,20,3,0.5,0.1,0.99,10.0,256,20,0,512,15,5.0,4.5,229.982029024864,1123.853337276042,0.0,0.0,0.029296875,840.0
mppi_coast,transverse,300.0,1800.0,0.1,0.15,5.0,5.0,10.0,10.0,10,100.0,inf,full,both,inf,180.0,0.01,0.0,0.0,256,20,3,0.5,0.1,0.99,10.0,256,20,0,512,2,5.0,5.0,237.21663587058936,1831.293811055269,0.0,0.0,0.00390625,850.0
mppi_coast,transverse,300.0,1800.0,0.1,0.15,5.0,5.5,10.0,10.0,10,100.0,inf,full,both,inf,180.0,0.01,0.0,0.0,256,20,3,0.5,0.1,0.99,10.0,256,20,0,512,0,5.0,5.5,239.73283816243983,2516.626705477986,0.0,0.0,0.0,
mppi_coast,transverse,300.0,1800.0,0.1,0.15,5.0,6.25,10.0,10.0,10,100.0,inf,full,both,inf,180.0,0.01,0.0,0.0,256,20,3,0.5,0.1,0.99,10.0,256,20,0,512,0,5.0,6.25,240.23284729744276,3487.9635284221413,0.0,0.0,0.0,
mppi_coast,transverse,300.0,1800.0,0.1,0.15,5.0,7.5,10.0,10.0,10,100.0,inf,full,both,inf,180.0,0.01,0.0,0.0,256,20,3,0.5,0.1,0.99,10.0,256,20,0,512,0,5.0,7.5,240.23284729744276,4972.414496629303,0.0,0.0,0.0,
mppi_coast,transverse,300.0,1800.0,0.1,0.15,5.0,10.0,10.0,10.0,10,100.0,inf,full,both,inf,180.0,0.01,0.0,0.0,256,20,3,0.5,0.1,0.99,10.0,256,20,0,512,0,5.0,10.0,240.23284729744276,7361.014749879653,0.0,0.0,0.0,
mppi_coast,transverse,300.0,1800.0,0.1,0.15,5.0,inf,10.0,10.0,10,100.0,inf,full,both,inf,180.0,0.01,0.0,0.0,256,20,3,0.5,0.1,0.99,10.0,256,20,0,512,0,5.0,26.99999999999992,240.23284729744276,11057.920736722835,0.0,0.0,0.0,
mppi_coast,transverse,300.0,1800.0,0.1,0.2,5.0,1.25,10.0,10.0,10,100.0,inf,full,both,inf,180.0,0.01,0.0,0.0,256,20,3,0.5,0.1,0.99,10.0,256,20,0,512,512,2.917056566508772,1.25,3.16053620920508,4.637564310905881,0.0,0.0,1.0,350.0
mppi_coast,transverse,300.0,1800.0,0.1,0.2,5.0,2.5,10.0,10.0,10,100.0,inf,full,both,inf,180.0,0.01,0.0,0.0,256,20,3,0.5,0.1,0.99,10.0,256,20,0,512,512,4.841260528588498,2.5,3.3183457304351447,4.502739301085083,0.0,0.0,1.0,580.0
mppi_coast,transverse,300.0,1800.0,0.1,0.2,5.0,3.75,10.0,10.0,10,100.0,inf,full,both,inf,180.0,0.01,0.0,0.0,256,20,3,0.5,0.1,0.99,10.0,256,20,0,512,183,4.999383807488446,3.75,98.146776256767,273.43284571222,0.0,0.0,0.357421875,970.0
mppi_coast,transverse,300.0,1800.0,0.1,0.2,5.0,4.5,10.0,10.0,10,100.0,inf,full,both,inf,180.0,0.01,0.0,0.0,256,20,3,0.5,0.1,0.99,10.0,256,20,0,512,21,5.0,4.5,250.92954900195556,1035.4701385791864,0.0,0.0,0.041015625,860.0
mppi_coast,transverse,300.0,1800.0,0.1,0.2,5.0,5.0,10.0,10.0,10,100.0,inf,full,both,inf,180.0,0.01,0.0,0.0,256,20,3,0.5,0.1,0.99,10.0,256,20,0,512,8,5.0,5.0,259.33513449482984,1795.1427441559558,0.0,0.0,0.015625,925.0
mppi_coast,transverse,300.0,1800.0,0.1,0.2,5.0,5.5,10.0,10.0,10,100.0,inf,full,both,inf,180.0,0.01,0.0,0.0,256,20,3,0.5,0.1,0.99,10.0,256,20,0,512,2,5.0,5.5,264.284550200598,2533.090376593566,0.0,0.0,0.00390625,825.0
mppi_coast,transverse,300.0,1800.0,0.1,0.2,5.0,6.25,10.0,10.0,10,100.0,inf,full,both,inf,180.0,0.01,0.0,0.0,256,20,3,0.5,0.1,0.99,10.0,256,20,0,512,0,5.0,6.25,265.9104521001641,3583.4804407768484,0.0,0.0,0.0,
mppi_coast,transverse,300.0,1800.0,0.1,0.2,5.0,7.5,10.0,10.0,10,100.0,inf,full,both,inf,180.0,0.01,0.0,0.0,256,20,3,0.5,0.1,0.99,10.0,256,20,0,512,0,5.0,7.5,266.1216322423915,5178.1720063465245,0.0,0.0,0.0,
mppi_coast,transverse,300.0,1800.0,0.1,0.2,5.0,10.0,10.0,10.0,10,100.0,inf,full,both,inf,180.0,0.01,0.0,0.0,256,20,3,0.5,0.1,0.99,10.0,256,20,0,512,0,5.0,10.0,266.1216322423915,7977.084391455271,0.0,0.0,0.0,
mppi_coast,transverse,300.0,1800.0,0.1,0.2,5.0,inf,10.0,10.0,10,100.0,inf,full,both,inf,180.0,0.01,0.0,0.0,256,20,3,0.5,0.1,0.99,10.0,256,20,0,512,0,5.0,35.99999999999997,266.1216322423915,15519.03143437024,0.0,0.0,0.0,
pd,flee,300.0,1800.0,0.1,0.025,5.0,1.25,10.0,10.0,10,100.0,inf,full,both,inf,180.0,0.01,0.0,0.0,256,20,3,0.5,0.1,0.99,10.0,256,20,0,512,512,2.122587587801777,1.25,9.665212785129103,9.6652127851291,0.0,0.0,1.0,760.0
pd,flee,300.0,1800.0,0.1,0.025,5.0,2.5,10.0,10.0,10,100.0,inf,full,both,inf,180.0,0.01,0.0,0.0,256,20,3,0.5,0.1,0.99,10.0,256,20,0,512,512,3.214682548934145,2.5,9.714684908713544,9.714684908713542,0.0,0.0,1.0,1200.0
pd,flee,300.0,1800.0,0.1,0.025,5.0,3.75,10.0,10.0,10,100.0,inf,full,both,inf,180.0,0.01,0.0,0.0,256,20,3,0.5,0.1,0.99,10.0,256,20,0,512,512,4.476262500906614,3.75,9.667387362550045,9.66738736255005,0.0,0.0,1.0,1700.0
pd,flee,300.0,1800.0,0.1,0.025,5.0,4.5,10.0,10.0,10,100.0,inf,full,both,inf,180.0,0.01,0.0,0.0,256,20,3,0.5,0.1,0.99,10.0,256,20,0,512,0,4.964084477865459,4.4999999999999964,25.27966290845039,33.64834183613468,0.0,0.0,0.0,
pd,flee,300.0,1800.0,0.1,0.025,5.0,5.0,10.0,10.0,10,100.0,inf,full,both,inf,180.0,0.01,0.0,0.0,256,20,3,0.5,0.1,0.99,10.0,256,20,0,512,0,4.964084477865459,4.4999999999999964,25.27966290845039,33.64834183613468,0.0,0.0,0.0,
pd,flee,300.0,1800.0,0.1,0.025,5.0,5.5,10.0,10.0,10,100.0,inf,full,both,inf,180.0,0.01,0.0,0.0,256,20,3,0.5,0.1,0.99,10.0,256,20,0,512,0,4.964084477865459,4.4999999999999964,25.27966290845039,33.64834183613468,0.0,0.0,0.0,
pd,flee,300.0,1800.0,0.1,0.025,5.0,6.25,10.0,10.0,10,100.0,inf,full,both,inf,180.0,0.01,0.0,0.0,256,20,3,0.5,0.1,0.99,10.0,256,20,0,512,0,4.964084477865459,4.4999999999999964,25.27966290845039,33.64834183613468,0.0,0.0,0.0,
pd,flee,300.0,1800.0,0.1,0.025,5.0,7.5,10.0,10.0,10,100.0,inf,full,both,inf,180.0,0.01,0.0,0.0,256,20,3,0.5,0.1,0.99,10.0,256,20,0,512,0,4.964084477865459,4.4999999999999964,25.27966290845039,33.64834183613468,0.0,0.0,0.0,
pd,flee,300.0,1800.0,0.1,0.025,5.0,10.0,10.0,10.0,10,100.0,inf,full,both,inf,180.0,0.01,0.0,0.0,256,20,3,0.5,0.1,0.99,10.0,256,20,0,512,0,4.964084477865459,4.4999999999999964,25.27966290845039,33.64834183613468,0.0,0.0,0.0,
pd,flee,300.0,1800.0,0.1,0.025,5.0,inf,10.0,10.0,10,100.0,inf,full,both,inf,180.0,0.01,0.0,0.0,256,20,3,0.5,0.1,0.99,10.0,256,20,0,512,0,4.964084477865459,4.4999999999999964,25.27966290845039,33.64834183613468,0.0,0.0,0.0,
pd,flee,300.0,1800.0,0.1,0.05,5.0,1.25,10.0,10.0,10,100.0,inf,full,both,inf,180.0,0.01,0.0,0.0,256,20,3,0.5,0.1,0.99,10.0,256,20,0,512,512,2.8666627650268155,1.25,9.65718968239955,9.657189682399546,0.0,0.0,1.0,690.0
pd,flee,300.0,1800.0,0.1,0.05,5.0,2.5,10.0,10.0,10,100.0,inf,full,both,inf,180.0,0.01,0.0,0.0,256,20,3,0.5,0.1,0.99,10.0,256,20,0,512,512,3.232574537399705,2.5,9.655417349942006,9.655417349942002,0.0,0.0,1.0,840.0
pd,flee,300.0,1800.0,0.1,0.05,5.0,3.75,10.0,10.0,10,100.0,inf,full,both,inf,180.0,0.01,0.0,0.0,256,20,3,0.5,0.1,0.99,10.0,256,20,0,512,512,4.337233172286775,3.75,9.67578749082496,9.67578749082497,0.0,0.0,1.0,1060.0
pd,flee,300.0,1800.0,0.1,0.05,5.0,4.5,10.0,10.0,10,100.0,inf,full,both,inf,180.0,0.01,0.0,0.0,256,20,3,0.5,0.1,0.99,10.0,256,20,0,512,320,4.952681031555558,4.5,19.8254017977681,49.99276096502752,0.0,0.0,0.625,1200.0
pd,flee,300.0,1800.0,0.1,0.05,5.0,5.0,10.0,10.0,10,100.0,inf,full,both,inf,180.0,0.01,0.0,0.0,256,20,3,0.5,0.1,0.99,10.0,256,20,0,512,14,5.0,5.0,48.21381023789293,298.3585580268415,0.0,0.0,0.02734375,1365.0
pd,flee,300.0,1800.0,0.1,0.05,5.0,5.5,10.0,10.0,10,100.0,inf,full,both,inf,180.0,0.01,0.0,0.0,256,20,3,0.5,0.1,0.99,10.0,256,20,0,512,0,5.0,5.5,51.4295045311911,681.7472900160504,0.0,0.0,0.0,
pd,flee,300.0,1800.0,0.1,0.05,5.0,6.25,10.0,10.0,10,100.0,inf,full,both,inf,180.0,0.01,0.0,0.0,256,20,3,0.5,0.1,0.99,10.0,256,20,0,512,0,5.0,6.25,51.4295045311911,1162.5662699770824,0.0,0.0,0.0,
pd,flee,300.0,1800.0,0.1,0.05,5.0,7.5,10.0,10.0,10,100.0,inf,full,both,inf,180.0,0.01,0.0,0.0,256,20,3,0.5,0.1,0.99,10.0,256,20,0,512,0,5.0,7.5,51.4295045311911,1703.8187951078469,0.0,0.0,0.0,
pd,flee,300.0,1800.0,0.1,0.05,5.0,10.0,10.0,10.0,10,100.0,inf,full,both,inf,180.0,0.01,0.0,0.0,256,20,3,0.5,0.1,0.99,10.0,256,20,0,512,0,5.0,8.999999999999993,51.4295045311911,1936.5889730998656,0.0,0.0,0.0,
pd,flee,300.0,1800.0,0.1,0.05,5.0,inf,10.0,10.0,10,100.0,inf,full,both,inf,180.0,0.01,0.0,0.0,256,20,3,0.5,0.1,0.99,10.0,256,20,0,512,0,5.0,8.999999999999993,51.4295045311911,1936.5889730998656,0.0,0.0,0.0,
pd,flee,300.0,1800.0,0.1,0.075,5.0,1.25,10.0,10.0,10,100.0,inf,full,both,inf,180.0,0.01,0.0,0.0,256,20,3,0.5,0.1,0.99,10.0,256,20,0,512,512,3.3302265834931686,1.25,9.659840627427378,9.65984062742738,0.0,0.0,1.0,710.0
pd,flee,300.0,1800.0,0.1,0.075,5.0,2.5,10.0,10.0,10,100.0,inf,full,both,inf,180.0,0.01,0.0,0.0,256,20,3,0.5,0.1,0.99,10.0,256,20,0,512,512,4.090483792816629,2.5,9.652825437471142,9.652825437471137,0.0,0.0,1.0,790.0
pd,flee,300.0,1800.0,0.1,0.075,5.0,3.75,10.0,10.0,10,100.0,inf,full,both,inf,180.0,0.01,0.0,0.0,256,20,3,0.5,0.1,0.99,10.0,256,20,0,512,459,4.738080056705704,3.75,10.088907304451917,36.73431542096072,0.0,0.0,0.896484375,900.0
pd,flee,300.0,1800.0,0.1,0.075,5.0,4.5,10.0,10.0,10,100.0,inf,full,both,inf,180.0,0.01,0.0,0.0,256,20,3,0.5,0.1,0.99,10.0,256,20,0,512,145,4.999522517328809,4.5,37.71768666874483,233.0524328244035,0.0,0.0,0.283203125,930.0
pd,flee,300.0,1800.0,0.1,0.075,5.0,5.0,10.0,10.0,10,100.0,inf,full,both,inf,180.0,0.01,0.0,0.0,256,20,3,0.5,0.1,0.99,10.0,256,20,0,512,2,5.0,5.0,84.57420475534256,462.82880866601175,0.0,0.0,0.00390625,1155.0
pd,flee,300.0,1800.0,0.1,0.075,5.0,5.5,10.0,10.0,10,100.0,inf,full,both,inf,180.0,0.01,0.0,0.0,256,20,3,0.5,0.1,0.99,10.0,256,20,0,512,0,5.0,5.5,91.07106688938508,1025.2251037168346,0.0,0.0,0.0,
pd,flee,300.0,1800.0,0.1,0.075,5.0,6.25,10.0,10.0,10,100.0,inf,full,both,inf,180.0,0.01,0.0,0.0,256,20,3,0.5,0.1,0.99,10.0,256,20,0,512,0,5.0,6.25,91.07106688938508,1836.2481981022129,0.0,0.0,0.0,
pd,flee,300.0,1800.0,0.1,0.075,5.0,7.5,10.0,10.0,10,100.0,inf,full,both,inf,180.0,0.01,0.0,0.0,256,20,3,0.5,0.1,0.99,10.0,256,20,0,512,0,5.0,7.5,91.07106688938508,2991.29176270921,0.0,0.0,0.0,
pd,flee,300.0,1800.0,0.1,0.075,5.0,10.0,10.0,10.0,10,100.0,inf,full,both,inf,180.0,0.01,0.0,0.0,256,20,3,0.5,0.1,0.99,10.0,256,20,0,512,0,5.0,10.0,91.07106688938508,4611.671755554208,0.0,0.0,0.0,
pd,flee,300.0,1800.0,0.1,0.075,5.0,inf,10.0,10.0,10,100.0,inf,full,both,inf,180.0,0.01,0.0,0.0,256,20,3,0.5,0.1,0.99,10.0,256,20,0,512,0,5.0,13.49999999999996,91.07106688938508,5447.423495898254,0.0,0.0,0.0,
pd,flee,300.0,1800.0,0.1,0.09,5.0,1.25,10.0,10.0,10,100.0,inf,full,both,inf,180.0,0.01,0.0,0.0,256,20,3,0.5,0.1,0.99,10.0,256,20,0,512,512,3.4422432332232384,1.25,9.659114252605802,9.6591142526058,0.0,0.0,1.0,720.0
pd,flee,300.0,1800.0,0.1,0.09,5.0,2.5,10.0,10.0,10,100.0,inf,full,both,inf,180.0,0.01,0.0,0.0,256,20,3,0.5,0.1,0.99,10.0,256,20,0,512,512,4.599545452469431,2.5,9.659647879098037,9.65964787909804,0.0,0.0,1.0,840.0
pd,flee,300.0,1800.0,0.1,0.09,5.0,3.75,10.0,10.0,10,100.0,inf,full,both,inf,180.0,0.01,0.0,0.0,256,20,3,0.5,0.1,0.99,10.0,256,20,0,512,75,5.0,3.75,40.58086510727298,649.9380793439376,0.0,0.0,0.146484375,810.0
pd,flee,300.0,1800.0,0.1,0.09,5.0,4.5,10.0,10.0,10,100.0,inf,full,both,inf,180.0,0.01,0.0,0.0,256,20,3,0.5,0.1,0.99,10.0,256,20,0,512,11,5.0,4.5,131.07920907844127,709.69122571384,0.0,0.0,0.021484375,760.0
pd,flee,300.0,1800.0,0.1,0.09,5.0,5.0,10.0,10.0,10,100.0,inf,full,both,inf,180.0,0.01,0.0,0.0,256,20,3,0.5,0.1,0.99,10.0,256,20,0,512,1,5.0,5.0,193.52720095067087,848.7419158466568,0.0,0.0,0.001953125,1240.0
pd,flee,300.0,1800.0,0.1,0.09,5.0,5.5,10.0,10.0,10,100.0,inf,full,both,inf,180.0,0.01,0.0,0.0,256,20,3,0.5,0.1,0.99,10.0,256,20,0,512,0,5.0,5.5,201.6291628254331,1411.3712719665862,0.0,0.0,0.0,
pd,flee,300.0,1800.0,0.1,0.09,5.0,6.25,10.0,10.0,10,100.0,inf,full,both,inf,180.0,0.01,0.0,0.0,256,20,3,0.5,0.1,0.99,10.0,256,20,0,512,0,5.0,6.25,201.6291628254331,2320.9578246915003,0.0,0.0,0.0,
pd,flee,300.0,1800.0,0.1,0.09,5.0,7.5,10.0,10.0,10,100.0,inf,full,both,inf,180.0,0.01,0.0,0.0,256,20,3,0.5,0.1,0.99,10.0,256,20,0,512,0,5.0,7.5,201.6291628254331,3693.350860776679,0.0,0.0,0.0,
pd,flee,300.0,1800.0,0.1,0.09,5.0,10.0,10.0,10.0,10,100.0,inf,full,both,inf,180.0,0.01,0.0,0.0,256,20,3,0.5,0.1,0.99,10.0,256,20,0,512,0,5.0,10.0,201.6291628254331,5833.701465860428,0.0,0.0,0.0,
pd,flee,300.0,1800.0,0.1,0.09,5.0,inf,10.0,10.0,10,100.0,inf,full,both,inf,180.0,0.01,0.0,0.0,256,20,3,0.5,0.1,0.99,10.0,256,20,0,512,0,5.0,16.19999999999998,201.6291628254331,8008.109151052129,0.0,0.0,0.0,
pd,flee,300.0,1800.0,0.1,0.1,5.0,1.25,10.0,10.0,10,100.0,inf,full,both,inf,180.0,0.01,0.0,0.0,256,20,3,0.5,0.1,0.99,10.0,256,20,0,512,512,3.496979744788221,1.25,9.663430120164342,9.663430120164344,0.0,0.0,1.0,730.0
pd,flee,300.0,1800.0,0.1,0.1,5.0,2.5,10.0,10.0,10,100.0,inf,full,both,inf,180.0,0.01,0.0,0.0,256,20,3,0.5,0.1,0.99,10.0,256,20,0,512,449,4.791469128775138,2.5,10.165864445509593,39.6229192450464,0.0,0.0,0.876953125,860.0
pd,flee,300.0,1800.0,0.1,0.1,5.0,3.75,10.0,10.0,10,100.0,inf,full,both,inf,180.0,0.01,0.0,0.0,256,20,3,0.5,0.1,0.99,10.0,256,20,0,512,13,5.0,3.75,73.11669456082981,1073.0689074584188,0.0,0.0,0.025390625,750.0
pd,flee,300.0,1800.0,0.1,0.1,5.0,4.5,10.0,10.0,10,100.0,inf,full,both,inf,180.0,0.01,0.0,0.0,256,20,3,0.5,0.1,0.99,10.0,256,20,0,512,1,5.0,4.5,191.43209646182967,882.8817552738915,0.0,0.0,0.001953125,840.0
pd,flee,300.0,1800.0,0.1,0.1,5.0,5.0,10.0,10.0,10,100.0,inf,full,both,inf,180.0,0.01,0.0,0.0,256,20,3,0.5,0.1,0.99,10.0,256,20,0,512,0,5.0,5.0,272.3861142805191,1086.740449408903,0.0,0.0,0.0,
pd,flee,300.0,1800.0,0.1,0.1,5.0,5.5,10.0,10.0,10,100.0,inf,full,both,inf,180.0,0.01,0.0,0.0,256,20,3,0.5,0.1,0.99,10.0,256,20,0,512,0,5.0,5.5,294.23088258951555,1657.438981760684,0.0,0.0,0.0,
pd,flee,300.0,1800.0,0.1,0.1,5.0,6.25,10.0,10.0,10,100.0,inf,full,both,inf,180.0,0.01,0.0,0.0,256,20,3,0.5,0.1,0.99,10.0,256,20,0,512,0,5.0,6.25,294.23088258951555,2605.040046692685,0.0,0.0,0.0,
pd,flee,300.0,1800.0,0.1,0.1,5.0,7.5,10.0,10.0,10,100.0,inf,full,both,inf,180.0,0.01,0.0,0.0,256,20,3,0.5,0.1,0.99,10.0,256,20,0,512,0,5.0,7.5,294.23088258951555,4079.2046701618688,0.0,0.0,0.0,
pd,flee,300.0,1800.0,0.1,0.1,5.0,10.0,10.0,10.0,10,100.0,inf,full,both,inf,180.0,0.01,0.0,0.0,256,20,3,0.5,0.1,0.99,10.0,256,20,0,512,0,5.0,10.0,294.23088258951555,6482.868984601861,0.0,0.0,0.0,
pd,flee,300.0,1800.0,0.1,0.1,5.0,inf,10.0,10.0,10,100.0,inf,full,both,inf,180.0,0.01,0.0,0.0,256,20,3,0.5,0.1,0.99,10.0,256,20,0,512,0,5.0,17.999999999999986,294.23088258951555,9738.111502349351,0.0,0.0,0.0,
pd,flee,300.0,1800.0,0.1,0.11,5.0,1.25,10.0,10.0,10,100.0,inf,full,both,inf,180.0,0.01,0.0,0.0,256,20,3,0.5,0.1,0.99,10.0,256,20,0,512,512,3.541910133373233,1.25,9.668040134771044,9.668040134771047,0.0,0.0,1.0,730.0
pd,flee,300.0,1800.0,0.1,0.11,5.0,2.5,10.0,10.0,10,100.0,inf,full,both,inf,180.0,0.01,0.0,0.0,256,20,3,0.5,0.1,0.99,10.0,256,20,0,512,370,4.908683797689031,2.5,12.010721978195946,103.5385939552955,0.0,0.0,0.72265625,870.0
pd,flee,300.0,1800.0,0.1,0.11,5.0,3.75,10.0,10.0,10,100.0,inf,full,both,inf,180.0,0.01,0.0,0.0,256,20,3,0.5,0.1,0.99,10.0,256,20,0,512,3,5.0,3.75,104.84118907555109,1306.136773668533,0.0,0.0,0.005859375,720.0
pd,flee,300.0,1800.0,0.1,0.11,5.0,4.5,10.0,10.0,10,100.0,inf,full,both,inf,180.0,0.01,0.0,0.0,256,20,3,0.5,0.1,0.99,10.0,256,20,0,512,0,5.0,4.5,220.4553814730379,1008.9081971636492,0.0,0.0,0.0,
pd,flee,300.0,1800.0,0.1,0.11,5.0,5.0,10.0,10.0,10,100.0,inf,full,both,inf,180.0,0.01,0.0,0.0,256,20,3,0.5,0.1,0.99,10.0,256,20,0,512,0,5.0,5.0,282.659025985289,1268.8811654820272,0.0,0.0,0.0,
pd,flee,300.0,1800.0,0.1,0.11,5.0,5.5,10.0,10.0,10,100.0,inf,full,both,inf,180.0,0.01,0.0,0.0,256,20,3,0.5,0.1,0.99,10.0,256,20,0,512,0,5.0,5.5,300.0,1860.8619882683129,0.0,0.0,0.0,
pd,flee,300.0,1800.0,0.1,0.11,5.0,6.25,10.0,10.0,10,100.0,inf,full,both,inf,180.0,0.01,0.0,0.0,256,20,3,0.5,0.1,0.99,10.0,256,20,0,512,0,5.0,6.25,300.0,2846.038173213738,0.0,0.0,0.0,
pd,flee,300.0,1800.0,0.1,0.11,5.0,7.5,10.0,10.0,10,100.0,inf,full,both,inf,180.0,0.01,0.0,0.0,256,20,3,0.5,0.1,0.99,10.0,256,20,0,512,0,5.0,7.5,300.0,4406.052180086364,0.0,0.0,0.0,
pd,flee,300.0,1800.0,0.1,0.11,5.0,10.0,10.0,10.0,10,100.0,inf,full,both,inf,180.0,0.01,0.0,0.0,256,20,3,0.5,0.1,0.99,10.0,256,20,0,512,0,5.0,10.0,300.0,7031.652997187271,0.0,0.0,0.0,
pd,flee,300.0,1800.0,0.1,0.11,5.0,inf,10.0,10.0,10,100.0,inf,full,both,inf,180.0,0.01,0.0,0.0,256,20,3,0.5,0.1,0.99,10.0,256,20,0,512,0,5.0,19.79999999999995,300.0,11474.908762528414,0.0,0.0,0.0,
pd,flee,300.0,1800.0,0.1,0.125,5.0,1.25,10.0,10.0,10,100.0,inf,full,both,inf,180.0,0.01,0.0,0.0,256,20,3,0.5,0.1,0.99,10.0,256,20,0,512,512,3.5965798652868366,1.25,9.665544343031868,9.66554434303186,0.0,0.0,1.0,740.0
pd,flee,300.0,1800.0,0.1,0.125,5.0,2.5,10.0,10.0,10,100.0,inf,full,both,inf,180.0,0.01,0.0,0.0,256,20,3,0.5,0.1,0.99,10.0,256,20,0,512,246,4.98434814399354,2.5,15.897825693598769,239.2423314546146,0.0,0.0,0.48046875,860.0
pd,flee,300.0,1800.0,0.1,0.125,5.0,3.75,10.0,10.0,10,100.0,inf,full,both,inf,180.0,0.01,0.0,0.0,256,20,3,0.5,0.1,0.99,10.0,256,20,0,512,2,5.0,3.75,142.8900152199508,1417.1753007445632,0.0,0.0,0.00390625,710.0
pd,flee,300.0,1800.0,0.1,0.125,5.0,4.5,10.0,10.0,10,100.0,inf,full,both,inf,180.0,0.01,0.0,0.0,256,20,3,0.5,0.1,0.99,10.0,256,20,0,512,0,5.0,4.5,242.38235985217992,1172.0235568557075,0.0,0.0,0.0,
pd,flee,300.0,1800.0,0.1,0.125,5.0,5.0,10.0,10.0,10,100.0,inf,full,both,inf,180.0,0.01,0.0,0.0,256,20,3,0.5,0.1,0.99,10.0,256,20,0,512,0,5.0,5.0,287.43670854028284,1499.651122165678,0.0,0.0,0.0,
pd,flee,300.0,1800.0,0.1,0.125,5.0,5.5,10.0,10.0,10,100.0,inf,full,both,inf,180.0,0.01,0.0,0.0,256,20,3,0.5,0.1,0.99,10.0,256,20,0,512,0,5.0,5.5,300.0,2123.095121074608,0.0,0.0,0.0,
pd,flee,300.0,1800.0,0.1,0.125,5.0,6.25,10.0,10.0,10,100.0,inf,full,both,inf,180.0,0.01,0.0,0.0,256,20,3,0.5,0.1,0.99,10.0,256,20,0,512,0,5.0,6.25,300.0,3158.1128921183054,0.0,0.0,0.0,
pd,flee,300.0,1800.0,0.1,0.125,5.0,7.5,10.0,10.0,10,100.0,inf,full,both,inf,180.0,0.01,0.0,0.0,256,20,3,0.5,0.1,0.99,10.0,256,20,0,512,0,5.0,7.5,300.0,4826.2095696839415,0.0,0.0,0.0,
pd,flee,300.0,1800.0,0.1,0.125,5.0,10.0,10.0,10.0,10,100.0,inf,full,both,inf,180.0,0.01,0.0,0.0,256,20,3,0.5,0.1,0.99,10.0,256,20,0,512,0,5.0,10.0,300.0,7728.08971113993,0.0,0.0,0.0,
pd,flee,300.0,1800.0,0.1,0.125,5.0,inf,10.0,10.0,10,100.0,inf,full,both,inf,180.0,0.01,0.0,0.0,256,20,3,0.5,0.1,0.99,10.0,256,20,0,512,0,5.0,22.5,300.0,14102.96382807407,0.0,0.0,0.0,
pd,flee,300.0,1800.0,0.1,0.15,5.0,1.25,10.0,10.0,10,100.0,inf,full,both,inf,180.0,0.01,0.0,0.0,256,20,3,0.5,0.1,0.99,10.0,256,20,0,512,512,3.6609331703895047,1.25,9.669225608816932,9.669225608816932,0.0,0.0,1.0,750.0
pd,flee,300.0,1800.0,0.1,0.15,5.0,2.5,10.0,10.0,10,100.0,inf,full,both,inf,180.0,0.01,0.0,0.0,256,20,3,0.5,0.1,0.99,10.0,256,20,0,512,93,5.0,2.5,23.328640733093557,511.5102639575984,0.0,0.0,0.181640625,830.0
pd,flee,300.0,1800.0,0.1,0.15,5.0,3.75,10.0,10.0,10,100.0,inf,full,both,inf,180.0,0.01,0.0,0.0,256,20,3,0.5,0.1,0.99,10.0,256,20,0,512,1,5.0,3.75,176.45554290137906,1481.7434536987475,0.0,0.0,0.001953125,760.0
pd,flee,300.0,1800.0,0.1,0.15,5.0,4.5,10.0,10.0,10,100.0,inf,full,both,inf,180.0,0.01,0.0,0.0,256,20,3,0.5,0.1,0.99,10.0,256,20,0,512,1,5.0,4.5,260.1747315580189,1396.4792444229329,0.0,0.0,0.001953125,1500.0
pd,flee,300.0,1800.0,0.1,0.15,5.0,5.0,10.0,10.0,10,100.0,inf,full,both,inf,180.0,0.01,0.0,0.0,256,20,3,0.5,0.1,0.99,10.0,256,20,0,512,0,5.0,5.0,290.5792940455179,1803.1136154969704,0.0,0.0,0.0,
pd,flee,300.0,1800.0,0.1,0.15,5.0,5.5,10.0,10.0,10,100.0,inf,full,both,inf,180.0,0.01,0.0,0.0,256,20,3,0.5,0.1,0.99,10.0,256,20,0,512,0,5.0,5.5,300.0,2471.5833419090063,0.0,0.0,0.0,
pd,flee,300.0,1800.0,0.1,0.15,5.0,6.25,10.0,10.0,10,100.0,inf,full,both,inf,180.0,0.01,0.0,0.0,256,20,3,0.5,0.1,0.99,10.0,256,20,0,512,0,5.0,6.25,300.0,3575.4627876704,0.0,0.0,0.0,
pd,flee,300.0,1800.0,0.1,0.15,5.0,7.5,10.0,10.0,10,100.0,inf,full,both,inf,180.0,0.01,0.0,0.0,256,20,3,0.5,0.1,0.99,10.0,256,20,0,512,0,5.0,7.5,300.0,5384.322250512375,0.0,0.0,0.0,
pd,flee,300.0,1800.0,0.1,0.15,5.0,10.0,10.0,10.0,10,100.0,inf,full,both,inf,180.0,0.01,0.0,0.0,256,20,3,0.5,0.1,0.99,10.0,256,20,0,512,0,5.0,10.0,300.0,8643.492776413357,0.0,0.0,0.0,
pd,flee,300.0,1800.0,0.1,0.15,5.0,inf,10.0,10.0,10,100.0,inf,full,both,inf,180.0,0.01,0.0,0.0,256,20,3,0.5,0.1,0.99,10.0,256,20,0,512,0,5.0,26.99999999999992,300.0,18519.32805077124,0.0,0.0,0.0,
pd,flee,300.0,1800.0,0.1,0.2,5.0,1.25,10.0,10.0,10,100.0,inf,full,both,inf,180.0,0.01,0.0,0.0,256,20,3,0.5,0.1,0.99,10.0,256,20,0,512,512,3.7418977205244666,1.25,9.674465311008309,9.674465311008309,0.0,0.0,1.0,750.0
pd,flee,300.0,1800.0,0.1,0.2,5.0,2.5,10.0,10.0,10,100.0,inf,full,both,inf,180.0,0.01,0.0,0.0,256,20,3,0.5,0.1,0.99,10.0,256,20,0,512,31,5.0,2.5,34.2951304170736,871.8445561350851,0.0,0.0,0.060546875,770.0
pd,flee,300.0,1800.0,0.1,0.2,5.0,3.75,10.0,10.0,10,100.0,inf,full,both,inf,180.0,0.01,0.0,0.0,256,20,3,0.5,0.1,0.99,10.0,256,20,0,512,0,5.0,3.75,207.49216631762,1594.2908825601185,0.0,0.0,0.0,
pd,flee,300.0,1800.0,0.1,0.2,5.0,4.5,10.0,10.0,10,100.0,inf,full,both,inf,180.0,0.01,0.0,0.0,256,20,3,0.5,0.1,0.99,10.0,256,20,0,512,0,5.0,4.5,272.45453449862896,1710.8212827708255,0.0,0.0,0.0,
pd,flee,300.0,1800.0,0.1,0.2,5.0,5.0,10.0,10.0,10,100.0,inf,full,both,inf,180.0,0.01,0.0,0.0,256,20,3,0.5,0.1,0.99,10.0,256,20,0,512,0,5.0,5.0,290.8435539897373,2213.2416046286694,0.0,0.0,0.0,
pd,flee,300.0,1800.0,0.1,0.2,5.0,5.5,10.0,10.0,10,100.0,inf,full,both,inf,180.0,0.01,0.0,0.0,256,20,3,0.5,0.1,0.99,10.0,256,20,0,512,0,5.0,5.5,300.0,2945.8153910256083,0.0,0.0,0.0,
pd,flee,300.0,1800.0,0.1,0.2,5.0,6.25,10.0,10.0,10,100.0,inf,full,both,inf,180.0,0.01,0.0,0.0,256,20,3,0.5,0.1,0.99,10.0,256,20,0,512,0,5.0,6.25,300.0,4149.584177627446,0.0,0.0,0.0,
pd,flee,300.0,1800.0,0.1,0.2,5.0,7.5,10.0,10.0,10,100.0,inf,full,both,inf,180.0,0.01,0.0,0.0,256,20,3,0.5,0.1,0.99,10.0,256,20,0,512,0,5.0,7.5,300.0,6154.06662815281,0.0,0.0,0.0,
pd,flee,300.0,1800.0,0.1,0.2,5.0,10.0,10.0,10.0,10,100.0,inf,full,both,inf,180.0,0.01,0.0,0.0,256,20,3,0.5,0.1,0.99,10.0,256,20,0,512,0,5.0,10.0,300.0,9900.114666430572,0.0,0.0,0.0,
pd,flee,300.0,1800.0,0.1,0.2,5.0,inf,10.0,10.0,10,100.0,inf,full,both,inf,180.0,0.01,0.0,0.0,256,20,3,0.5,0.1,0.99,10.0,256,20,0,512,0,5.0,35.99999999999997,300.0,27409.789430725603,0.0,0.0,0.0,
pd,coast,300.0,1800.0,0.1,0.025,5.0,1.25,10.0,10.0,10,100.0,inf,full,both,inf,180.0,0.01,0.0,0.0,256,20,3,0.5,0.1,0.99,10.0,256,20,0,512,512,2.2004130569784404,0.0,9.678784031954793,9.678784031954793,0.0,0.0,1.0,600.0
pd,coast,300.0,1800.0,0.1,0.025,5.0,2.5,10.0,10.0,10,100.0,inf,full,both,inf,180.0,0.01,0.0,0.0,256,20,3,0.5,0.1,0.99,10.0,256,20,0,512,512,2.2004130569784404,0.0,9.678784031954793,9.678784031954793,0.0,0.0,1.0,600.0
pd,coast,300.0,1800.0,0.1,0.025,5.0,3.75,10.0,10.0,10,100.0,inf,full,both,inf,180.0,0.01,0.0,0.0,256,20,3,0.5,0.1,0.99,10.0,256,20,0,512,512,2.2004130569784404,0.0,9.678784031954793,9.678784031954793,0.0,0.0,1.0,600.0
pd,coast,300.0,1800.0,0.1,0.025,5.0,4.5,10.0,10.0,10,100.0,inf,full,both,inf,180.0,0.01,0.0,0.0,256,20,3,0.5,0.1,0.99,10.0,256,20,0,512,512,2.2004130569784404,0.0,9.678784031954793,9.678784031954793,0.0,0.0,1.0,600.0
pd,coast,300.0,1800.0,0.1,0.025,5.0,5.0,10.0,10.0,10,100.0,inf,full,both,inf,180.0,0.01,0.0,0.0,256,20,3,0.5,0.1,0.99,10.0,256,20,0,512,512,2.2004130569784404,0.0,9.678784031954793,9.678784031954793,0.0,0.0,1.0,600.0
pd,coast,300.0,1800.0,0.1,0.025,5.0,5.5,10.0,10.0,10,100.0,inf,full,both,inf,180.0,0.01,0.0,0.0,256,20,3,0.5,0.1,0.99,10.0,256,20,0,512,512,2.2004130569784404,0.0,9.678784031954793,9.678784031954793,0.0,0.0,1.0,600.0
pd,coast,300.0,1800.0,0.1,0.025,5.0,6.25,10.0,10.0,10,100.0,inf,full,both,inf,180.0,0.01,0.0,0.0,256,20,3,0.5,0.1,0.99,10.0,256,20,0,512,512,2.2004130569784404,0.0,9.678784031954793,9.678784031954793,0.0,0.0,1.0,600.0
pd,coast,300.0,1800.0,0.1,0.025,5.0,7.5,10.0,10.0,10,100.0,inf,full,both,inf,180.0,0.01,0.0,0.0,256,20,3,0.5,0.1,0.99,10.0,256,20,0,512,512,2.2004130569784404,0.0,9.678784031954793,9.678784031954793,0.0,0.0,1.0,600.0
pd,coast,300.0,1800.0,0.1,0.025,5.0,10.0,10.0,10.0,10,100.0,inf,full,both,inf,180.0,0.01,0.0,0.0,256,20,3,0.5,0.1,0.99,10.0,256,20,0,512,512,2.2004130569784404,0.0,9.678784031954793,9.678784031954793,0.0,0.0,1.0,600.0
pd,coast,300.0,1800.0,0.1,0.025,5.0,inf,10.0,10.0,10,100.0,inf,full,both,inf,180.0,0.01,0.0,0.0,256,20,3,0.5,0.1,0.99,10.0,256,20,0,512,512,2.2004130569784404,0.0,9.678784031954793,9.678784031954793,0.0,0.0,1.0,600.0
pd,coast,300.0,1800.0,0.1,0.05,5.0,1.25,10.0,10.0,10,100.0,inf,full,both,inf,180.0,0.01,0.0,0.0,256,20,3,0.5,0.1,0.99,10.0,256,20,0,512,512,2.2004130569784404,0.0,9.678784031954793,9.678784031954793,0.0,0.0,1.0,600.0
pd,coast,300.0,1800.0,0.1,0.05,5.0,2.5,10.0,10.0,10,100.0,inf,full,both,inf,180.0,0.01,0.0,0.0,256,20,3,0.5,0.1,0.99,10.0,256,20,0,512,512,2.2004130569784404,0.0,9.678784031954793,9.678784031954793,0.0,0.0,1.0,600.0
pd,coast,300.0,1800.0,0.1,0.05,5.0,3.75,10.0,10.0,10,100.0,inf,full,both,inf,180.0,0.01,0.0,0.0,256,20,3,0.5,0.1,0.99,10.0,256,20,0,512,512,2.2004130569784404,0.0,9.678784031954793,9.678784031954793,0.0,0.0,1.0,600.0
pd,coast,300.0,1800.0,0.1,0.05,5.0,4.5,10.0,10.0,10,100.0,inf,full,both,inf,180.0,0.01,0.0,0.0,256,20,3,0.5,0.1,0.99,10.0,256,20,0,512,512,2.2004130569784404,0.0,9.678784031954793,9.678784031954793,0.0,0.0,1.0,600.0
pd,coast,300.0,1800.0,0.1,0.05,5.0,5.0,10.0,10.0,10,100.0,inf,full,both,inf,180.0,0.01,0.0,0.0,256,20,3,0.5,0.1,0.99,10.0,256,20,0,512,512,2.2004130569784404,0.0,9.678784031954793,9.678784031954793,0.0,0.0,1.0,600.0
pd,coast,300.0,1800.0,0.1,0.05,5.0,5.5,10.0,10.0,10,100.0,inf,full,both,inf,180.0,0.01,0.0,0.0,256,20,3,0.5,0.1,0.99,10.0,256,20,0,512,512,2.2004130569784404,0.0,9.678784031954793,9.678784031954793,0.0,0.0,1.0,600.0
pd,coast,300.0,1800.0,0.1,0.05,5.0,6.25,10.0,10.0,10,100.0,inf,full,both,inf,180.0,0.01,0.0,0.0,256,20,3,0.5,0.1,0.99,10.0,256,20,0,512,512,2.2004130569784404,0.0,9.678784031954793,9.678784031954793,0.0,0.0,1.0,600.0
pd,coast,300.0,1800.0,0.1,0.05,5.0,7.5,10.0,10.0,10,100.0,inf,full,both,inf,180.0,0.01,0.0,0.0,256,20,3,0.5,0.1,0.99,10.0,256,20,0,512,512,2.2004130569784404,0.0,9.678784031954793,9.678784031954793,0.0,0.0,1.0,600.0
pd,coast,300.0,1800.0,0.1,0.05,5.0,10.0,10.0,10.0,10,100.0,inf,full,both,inf,180.0,0.01,0.0,0.0,256,20,3,0.5,0.1,0.99,10.0,256,20,0,512,512,2.2004130569784404,0.0,9.678784031954793,9.678784031954793,0.0,0.0,1.0,600.0
pd,coast,300.0,1800.0,0.1,0.05,5.0,inf,10.0,10.0,10,100.0,inf,full,both,inf,180.0,0.01,0.0,0.0,256,20,3,0.5,0.1,0.99,10.0,256,20,0,512,512,2.2004130569784404,0.0,9.678784031954793,9.678784031954793,0.0,0.0,1.0,600.0
pd,coast,300.0,1800.0,0.1,0.075,5.0,1.25,10.0,10.0,10,100.0,inf,full,both,inf,180.0,0.01,0.0,0.0,256,20,3,0.5,0.1,0.99,10.0,256,20,0,512,512,2.2004130569784404,0.0,9.678784031954793,9.678784031954793,0.0,0.0,1.0,600.0
pd,coast,300.0,1800.0,0.1,0.075,5.0,2.5,10.0,10.0,10,100.0,inf,full,both,inf,180.0,0.01,0.0,0.0,256,20,3,0.5,0.1,0.99,10.0,256,20,0,512,512,2.2004130569784404,0.0,9.678784031954793,9.678784031954793,0.0,0.0,1.0,600.0
pd,coast,300.0,1800.0,0.1,0.075,5.0,3.75,10.0,10.0,10,100.0,inf,full,both,inf,180.0,0.01,0.0,0.0,256,20,3,0.5,0.1,0.99,10.0,256,20,0,512,512,2.2004130569784404,0.0,9.678784031954793,9.678784031954793,0.0,0.0,1.0,600.0
pd,coast,300.0,1800.0,0.1,0.075,5.0,4.5,10.0,10.0,10,100.0,inf,full,both,inf,180.0,0.01,0.0,0.0,256,20,3,0.5,0.1,0.99,10.0,256,20,0,512,512,2.2004130569784404,0.0,9.678784031954793,9.678784031954793,0.0,0.0,1.0,600.0
pd,coast,300.0,1800.0,0.1,0.075,5.0,5.0,10.0,10.0,10,100.0,inf,full,both,inf,180.0,0.01,0.0,0.0,256,20,3,0.5,0.1,0.99,10.0,256,20,0,512,512,2.2004130569784404,0.0,9.678784031954793,9.678784031954793,0.0,0.0,1.0,600.0
pd,coast,300.0,1800.0,0.1,0.075,5.0,5.5,10.0,10.0,10,100.0,inf,full,both,inf,180.0,0.01,0.0,0.0,256,20,3,0.5,0.1,0.99,10.0,256,20,0,512,512,2.2004130569784404,0.0,9.678784031954793,9.678784031954793,0.0,0.0,1.0,600.0
pd,coast,300.0,1800.0,0.1,0.075,5.0,6.25,10.0,10.0,10,100.0,inf,full,both,inf,180.0,0.01,0.0,0.0,256,20,3,0.5,0.1,0.99,10.0,256,20,0,512,512,2.2004130569784404,0.0,9.678784031954793,9.678784031954793,0.0,0.0,1.0,600.0
pd,coast,300.0,1800.0,0.1,0.075,5.0,7.5,10.0,10.0,10,100.0,inf,full,both,inf,180.0,0.01,0.0,0.0,256,20,3,0.5,0.1,0.99,10.0,256,20,0,512,512,2.2004130569784404,0.0,9.678784031954793,9.678784031954793,0.0,0.0,1.0,600.0
pd,coast,300.0,1800.0,0.1,0.075,5.0,10.0,10.0,10.0,10,100.0,inf,full,both,inf,180.0,0.01,0.0,0.0,256,20,3,0.5,0.1,0.99,10.0,256,20,0,512,512,2.2004130569784404,0.0,9.678784031954793,9.678784031954793,0.0,0.0,1.0,600.0
pd,coast,300.0,1800.0,0.1,0.075,5.0,inf,10.0,10.0,10,100.0,inf,full,both,inf,180.0,0.01,0.0,0.0,256,20,3,0.5,0.1,0.99,10.0,256,20,0,512,512,2.2004130569784404,0.0,9.678784031954793,9.678784031954793,0.0,0.0,1.0,600.0
pd,coast,300.0,1800.0,0.1,0.09,5.0,1.25,10.0,10.0,10,100.0,inf,full,both,inf,180.0,0.01,0.0,0.0,256,20,3,0.5,0.1,0.99,10.0,256,20,0,512,512,2.2004130569784404,0.0,9.678784031954793,9.678784031954793,0.0,0.0,1.0,600.0
pd,coast,300.0,1800.0,0.1,0.09,5.0,2.5,10.0,10.0,10,100.0,inf,full,both,inf,180.0,0.01,0.0,0.0,256,20,3,0.5,0.1,0.99,10.0,256,20,0,512,512,2.2004130569784404,0.0,9.678784031954793,9.678784031954793,0.0,0.0,1.0,600.0
pd,coast,300.0,1800.0,0.1,0.09,5.0,3.75,10.0,10.0,10,100.0,inf,full,both,inf,180.0,0.01,0.0,0.0,256,20,3,0.5,0.1,0.99,10.0,256,20,0,512,512,2.2004130569784404,0.0,9.678784031954793,9.678784031954793,0.0,0.0,1.0,600.0
pd,coast,300.0,1800.0,0.1,0.09,5.0,4.5,10.0,10.0,10,100.0,inf,full,both,inf,180.0,0.01,0.0,0.0,256,20,3,0.5,0.1,0.99,10.0,256,20,0,512,512,2.2004130569784404,0.0,9.678784031954793,9.678784031954793,0.0,0.0,1.0,600.0
pd,coast,300.0,1800.0,0.1,0.09,5.0,5.0,10.0,10.0,10,100.0,inf,full,both,inf,180.0,0.01,0.0,0.0,256,20,3,0.5,0.1,0.99,10.0,256,20,0,512,512,2.2004130569784404,0.0,9.678784031954793,9.678784031954793,0.0,0.0,1.0,600.0
pd,coast,300.0,1800.0,0.1,0.09,5.0,5.5,10.0,10.0,10,100.0,inf,full,both,inf,180.0,0.01,0.0,0.0,256,20,3,0.5,0.1,0.99,10.0,256,20,0,512,512,2.2004130569784404,0.0,9.678784031954793,9.678784031954793,0.0,0.0,1.0,600.0
pd,coast,300.0,1800.0,0.1,0.09,5.0,6.25,10.0,10.0,10,100.0,inf,full,both,inf,180.0,0.01,0.0,0.0,256,20,3,0.5,0.1,0.99,10.0,256,20,0,512,512,2.2004130569784404,0.0,9.678784031954793,9.678784031954793,0.0,0.0,1.0,600.0
pd,coast,300.0,1800.0,0.1,0.09,5.0,7.5,10.0,10.0,10,100.0,inf,full,both,inf,180.0,0.01,0.0,0.0,256,20,3,0.5,0.1,0.99,10.0,256,20,0,512,512,2.2004130569784404,0.0,9.678784031954793,9.678784031954793,0.0,0.0,1.0,600.0
pd,coast,300.0,1800.0,0.1,0.09,5.0,10.0,10.0,10.0,10,100.0,inf,full,both,inf,180.0,0.01,0.0,0.0,256,20,3,0.5,0.1,0.99,10.0,256,20,0,512,512,2.2004130569784404,0.0,9.678784031954793,9.678784031954793,0.0,0.0,1.0,600.0
pd,coast,300.0,1800.0,0.1,0.09,5.0,inf,10.0,10.0,10,100.0,inf,full,both,inf,180.0,0.01,0.0,0.0,256,20,3,0.5,0.1,0.99,10.0,256,20,0,512,512,2.2004130569784404,0.0,9.678784031954793,9.678784031954793,0.0,0.0,1.0,600.0
pd,coast,300.0,1800.0,0.1,0.1,5.0,1.25,10.0,10.0,10,100.0,inf,full,both,inf,180.0,0.01,0.0,0.0,256,20,3,0.5,0.1,0.99,10.0,256,20,0,512,512,2.2004130569784404,0.0,9.678784031954793,9.678784031954793,0.0,0.0,1.0,600.0
pd,coast,300.0,1800.0,0.1,0.1,5.0,2.5,10.0,10.0,10,100.0,inf,full,both,inf,180.0,0.01,0.0,0.0,256,20,3,0.5,0.1,0.99,10.0,256,20,0,512,512,2.2004130569784404,0.0,9.678784031954793,9.678784031954793,0.0,0.0,1.0,600.0
pd,coast,300.0,1800.0,0.1,0.1,5.0,3.75,10.0,10.0,10,100.0,inf,full,both,inf,180.0,0.01,0.0,0.0,256,20,3,0.5,0.1,0.99,10.0,256,20,0,512,512,2.2004130569784404,0.0,9.678784031954793,9.678784031954793,0.0,0.0,1.0,600.0
pd,coast,300.0,1800.0,0.1,0.1,5.0,4.5,10.0,10.0,10,100.0,inf,full,both,inf,180.0,0.01,0.0,0.0,256,20,3,0.5,0.1,0.99,10.0,256,20,0,512,512,2.2004130569784404,0.0,9.678784031954793,9.678784031954793,0.0,0.0,1.0,600.0
pd,coast,300.0,1800.0,0.1,0.1,5.0,5.0,10.0,10.0,10,100.0,inf,full,both,inf,180.0,0.01,0.0,0.0,256,20,3,0.5,0.1,0.99,10.0,256,20,0,512,512,2.2004130569784404,0.0,9.678784031954793,9.678784031954793,0.0,0.0,1.0,600.0
pd,coast,300.0,1800.0,0.1,0.1,5.0,5.5,10.0,10.0,10,100.0,inf,full,both,inf,180.0,0.01,0.0,0.0,256,20,3,0.5,0.1,0.99,10.0,256,20,0,512,512,2.2004130569784404,0.0,9.678784031954793,9.678784031954793,0.0,0.0,1.0,600.0
pd,coast,300.0,1800.0,0.1,0.1,5.0,6.25,10.0,10.0,10,100.0,inf,full,both,inf,180.0,0.01,0.0,0.0,256,20,3,0.5,0.1,0.99,10.0,256,20,0,512,512,2.2004130569784404,0.0,9.678784031954793,9.678784031954793,0.0,0.0,1.0,600.0
pd,coast,300.0,1800.0,0.1,0.1,5.0,7.5,10.0,10.0,10,100.0,inf,full,both,inf,180.0,0.01,0.0,0.0,256,20,3,0.5,0.1,0.99,10.0,256,20,0,512,512,2.2004130569784404,0.0,9.678784031954793,9.678784031954793,0.0,0.0,1.0,600.0
pd,coast,300.0,1800.0,0.1,0.1,5.0,10.0,10.0,10.0,10,100.0,inf,full,both,inf,180.0,0.01,0.0,0.0,256,20,3,0.5,0.1,0.99,10.0,256,20,0,512,512,2.2004130569784404,0.0,9.678784031954793,9.678784031954793,0.0,0.0,1.0,600.0
pd,coast,300.0,1800.0,0.1,0.1,5.0,inf,10.0,10.0,10,100.0,inf,full,both,inf,180.0,0.01,0.0,0.0,256,20,3,0.5,0.1,0.99,10.0,256,20,0,512,512,2.2004130569784404,0.0,9.678784031954793,9.678784031954793,0.0,0.0,1.0,600.0
pd,coast,300.0,1800.0,0.1,0.11,5.0,1.25,10.0,10.0,10,100.0,inf,full,both,inf,180.0,0.01,0.0,0.0,256,20,3,0.5,0.1,0.99,10.0,256,20,0,512,512,2.2004130569784404,0.0,9.678784031954793,9.678784031954793,0.0,0.0,1.0,600.0
pd,coast,300.0,1800.0,0.1,0.11,5.0,2.5,10.0,10.0,10,100.0,inf,full,both,inf,180.0,0.01,0.0,0.0,256,20,3,0.5,0.1,0.99,10.0,256,20,0,512,512,2.2004130569784404,0.0,9.678784031954793,9.678784031954793,0.0,0.0,1.0,600.0
pd,coast,300.0,1800.0,0.1,0.11,5.0,3.75,10.0,10.0,10,100.0,inf,full,both,inf,180.0,0.01,0.0,0.0,256,20,3,0.5,0.1,0.99,10.0,256,20,0,512,512,2.2004130569784404,0.0,9.678784031954793,9.678784031954793,0.0,0.0,1.0,600.0
pd,coast,300.0,1800.0,0.1,0.11,5.0,4.5,10.0,10.0,10,100.0,inf,full,both,inf,180.0,0.01,0.0,0.0,256,20,3,0.5,0.1,0.99,10.0,256,20,0,512,512,2.2004130569784404,0.0,9.678784031954793,9.678784031954793,0.0,0.0,1.0,600.0
pd,coast,300.0,1800.0,0.1,0.11,5.0,5.0,10.0,10.0,10,100.0,inf,full,both,inf,180.0,0.01,0.0,0.0,256,20,3,0.5,0.1,0.99,10.0,256,20,0,512,512,2.2004130569784404,0.0,9.678784031954793,9.678784031954793,0.0,0.0,1.0,600.0
pd,coast,300.0,1800.0,0.1,0.11,5.0,5.5,10.0,10.0,10,100.0,inf,full,both,inf,180.0,0.01,0.0,0.0,256,20,3,0.5,0.1,0.99,10.0,256,20,0,512,512,2.2004130569784404,0.0,9.678784031954793,9.678784031954793,0.0,0.0,1.0,600.0
pd,coast,300.0,1800.0,0.1,0.11,5.0,6.25,10.0,10.0,10,100.0,inf,full,both,inf,180.0,0.01,0.0,0.0,256,20,3,0.5,0.1,0.99,10.0,256,20,0,512,512,2.2004130569784404,0.0,9.678784031954793,9.678784031954793,0.0,0.0,1.0,600.0
pd,coast,300.0,1800.0,0.1,0.11,5.0,7.5,10.0,10.0,10,100.0,inf,full,both,inf,180.0,0.01,0.0,0.0,256,20,3,0.5,0.1,0.99,10.0,256,20,0,512,512,2.2004130569784404,0.0,9.678784031954793,9.678784031954793,0.0,0.0,1.0,600.0
pd,coast,300.0,1800.0,0.1,0.11,5.0,10.0,10.0,10.0,10,100.0,inf,full,both,inf,180.0,0.01,0.0,0.0,256,20,3,0.5,0.1,0.99,10.0,256,20,0,512,512,2.2004130569784404,0.0,9.678784031954793,9.678784031954793,0.0,0.0,1.0,600.0
pd,coast,300.0,1800.0,0.1,0.11,5.0,inf,10.0,10.0,10,100.0,inf,full,both,inf,180.0,0.01,0.0,0.0,256,20,3,0.5,0.1,0.99,10.0,256,20,0,512,512,2.2004130569784404,0.0,9.678784031954793,9.678784031954793,0.0,0.0,1.0,600.0
pd,coast,300.0,1800.0,0.1,0.125,5.0,1.25,10.0,10.0,10,100.0,inf,full,both,inf,180.0,0.01,0.0,0.0,256,20,3,0.5,0.1,0.99,10.0,256,20,0,512,512,2.2004130569784404,0.0,9.678784031954793,9.678784031954793,0.0,0.0,1.0,600.0
pd,coast,300.0,1800.0,0.1,0.125,5.0,2.5,10.0,10.0,10,100.0,inf,full,both,inf,180.0,0.01,0.0,0.0,256,20,3,0.5,0.1,0.99,10.0,256,20,0,512,512,2.2004130569784404,0.0,9.678784031954793,9.678784031954793,0.0,0.0,1.0,600.0
pd,coast,300.0,1800.0,0.1,0.125,5.0,3.75,10.0,10.0,10,100.0,inf,full,both,inf,180.0,0.01,0.0,0.0,256,20,3,0.5,0.1,0.99,10.0,256,20,0,512,512,2.2004130569784404,0.0,9.678784031954793,9.678784031954793,0.0,0.0,1.0,600.0
pd,coast,300.0,1800.0,0.1,0.125,5.0,4.5,10.0,10.0,10,100.0,inf,full,both,inf,180.0,0.01,0.0,0.0,256,20,3,0.5,0.1,0.99,10.0,256,20,0,512,512,2.2004130569784404,0.0,9.678784031954793,9.678784031954793,0.0,0.0,1.0,600.0
pd,coast,300.0,1800.0,0.1,0.125,5.0,5.0,10.0,10.0,10,100.0,inf,full,both,inf,180.0,0.01,0.0,0.0,256,20,3,0.5,0.1,0.99,10.0,256,20,0,512,512,2.2004130569784404,0.0,9.678784031954793,9.678784031954793,0.0,0.0,1.0,600.0
pd,coast,300.0,1800.0,0.1,0.125,5.0,5.5,10.0,10.0,10,100.0,inf,full,both,inf,180.0,0.01,0.0,0.0,256,20,3,0.5,0.1,0.99,10.0,256,20,0,512,512,2.2004130569784404,0.0,9.678784031954793,9.678784031954793,0.0,0.0,1.0,600.0
pd,coast,300.0,1800.0,0.1,0.125,5.0,6.25,10.0,10.0,10,100.0,inf,full,both,inf,180.0,0.01,0.0,0.0,256,20,3,0.5,0.1,0.99,10.0,256,20,0,512,512,2.2004130569784404,0.0,9.678784031954793,9.678784031954793,0.0,0.0,1.0,600.0
pd,coast,300.0,1800.0,0.1,0.125,5.0,7.5,10.0,10.0,10,100.0,inf,full,both,inf,180.0,0.01,0.0,0.0,256,20,3,0.5,0.1,0.99,10.0,256,20,0,512,512,2.2004130569784404,0.0,9.678784031954793,9.678784031954793,0.0,0.0,1.0,600.0
pd,coast,300.0,1800.0,0.1,0.125,5.0,10.0,10.0,10.0,10,100.0,inf,full,both,inf,180.0,0.01,0.0,0.0,256,20,3,0.5,0.1,0.99,10.0,256,20,0,512,512,2.2004130569784404,0.0,9.678784031954793,9.678784031954793,0.0,0.0,1.0,600.0
pd,coast,300.0,1800.0,0.1,0.125,5.0,inf,10.0,10.0,10,100.0,inf,full,both,inf,180.0,0.01,0.0,0.0,256,20,3,0.5,0.1,0.99,10.0,256,20,0,512,512,2.2004130569784404,0.0,9.678784031954793,9.678784031954793,0.0,0.0,1.0,600.0
pd,coast,300.0,1800.0,0.1,0.15,5.0,1.25,10.0,10.0,10,100.0,inf,full,both,inf,180.0,0.01,0.0,0.0,256,20,3,0.5,0.1,0.99,10.0,256,20,0,512,512,2.2004130569784404,0.0,9.678784031954793,9.678784031954793,0.0,0.0,1.0,600.0
pd,coast,300.0,1800.0,0.1,0.15,5.0,2.5,10.0,10.0,10,100.0,inf,full,both,inf,180.0,0.01,0.0,0.0,256,20,3,0.5,0.1,0.99,10.0,256,20,0,512,512,2.2004130569784404,0.0,9.678784031954793,9.678784031954793,0.0,0.0,1.0,600.0
pd,coast,300.0,1800.0,0.1,0.15,5.0,3.75,10.0,10.0,10,100.0,inf,full,both,inf,180.0,0.01,0.0,0.0,256,20,3,0.5,0.1,0.99,10.0,256,20,0,512,512,2.2004130569784404,0.0,9.678784031954793,9.678784031954793,0.0,0.0,1.0,600.0
pd,coast,300.0,1800.0,0.1,0.15,5.0,4.5,10.0,10.0,10,100.0,inf,full,both,inf,180.0,0.01,0.0,0.0,256,20,3,0.5,0.1,0.99,10.0,256,20,0,512,512,2.2004130569784404,0.0,9.678784031954793,9.678784031954793,0.0,0.0,1.0,600.0
pd,coast,300.0,1800.0,0.1,0.15,5.0,5.0,10.0,10.0,10,100.0,inf,full,both,inf,180.0,0.01,0.0,0.0,256,20,3,0.5,0.1,0.99,10.0,256,20,0,512,512,2.2004130569784404,0.0,9.678784031954793,9.678784031954793,0.0,0.0,1.0,600.0
pd,coast,300.0,1800.0,0.1,0.15,5.0,5.5,10.0,10.0,10,100.0,inf,full,both,inf,180.0,0.01,0.0,0.0,256,20,3,0.5,0.1,0.99,10.0,256,20,0,512,512,2.2004130569784404,0.0,9.678784031954793,9.678784031954793,0.0,0.0,1.0,600.0
pd,coast,300.0,1800.0,0.1,0.15,5.0,6.25,10.0,10.0,10,100.0,inf,full,both,inf,180.0,0.01,0.0,0.0,256,20,3,0.5,0.1,0.99,10.0,256,20,0,512,512,2.2004130569784404,0.0,9.678784031954793,9.678784031954793,0.0,0.0,1.0,600.0
pd,coast,300.0,1800.0,0.1,0.15,5.0,7.5,10.0,10.0,10,100.0,inf,full,both,inf,180.0,0.01,0.0,0.0,256,20,3,0.5,0.1,0.99,10.0,256,20,0,512,512,2.2004130569784404,0.0,9.678784031954793,9.678784031954793,0.0,0.0,1.0,600.0
pd,coast,300.0,1800.0,0.1,0.15,5.0,10.0,10.0,10.0,10,100.0,inf,full,both,inf,180.0,0.01,0.0,0.0,256,20,3,0.5,0.1,0.99,10.0,256,20,0,512,512,2.2004130569784404,0.0,9.678784031954793,9.678784031954793,0.0,0.0,1.0,600.0
pd,coast,300.0,1800.0,0.1,0.15,5.0,inf,10.0,10.0,10,100.0,inf,full,both,inf,180.0,0.01,0.0,0.0,256,20,3,0.5,0.1,0.99,10.0,256,20,0,512,512,2.2004130569784404,0.0,9.678784031954793,9.678784031954793,0.0,0.0,1.0,600.0
pd,coast,300.0,1800.0,0.1,0.2,5.0,1.25,10.0,10.0,10,100.0,inf,full,both,inf,180.0,0.01,0.0,0.0,256,20,3,0.5,0.1,0.99,10.0,256,20,0,512,512,2.2004130569784404,0.0,9.678784031954793,9.678784031954793,0.0,0.0,1.0,600.0
pd,coast,300.0,1800.0,0.1,0.2,5.0,2.5,10.0,10.0,10,100.0,inf,full,both,inf,180.0,0.01,0.0,0.0,256,20,3,0.5,0.1,0.99,10.0,256,20,0,512,512,2.2004130569784404,0.0,9.678784031954793,9.678784031954793,0.0,0.0,1.0,600.0
pd,coast,300.0,1800.0,0.1,0.2,5.0,3.75,10.0,10.0,10,100.0,inf,full,both,inf,180.0,0.01,0.0,0.0,256,20,3,0.5,0.1,0.99,10.0,256,20,0,512,512,2.2004130569784404,0.0,9.678784031954793,9.678784031954793,0.0,0.0,1.0,600.0
pd,coast,300.0,1800.0,0.1,0.2,5.0,4.5,10.0,10.0,10,100.0,inf,full,both,inf,180.0,0.01,0.0,0.0,256,20,3,0.5,0.1,0.99,10.0,256,20,0,512,512,2.2004130569784404,0.0,9.678784031954793,9.678784031954793,0.0,0.0,1.0,600.0
pd,coast,300.0,1800.0,0.1,0.2,5.0,5.0,10.0,10.0,10,100.0,inf,full,both,inf,180.0,0.01,0.0,0.0,256,20,3,0.5,0.1,0.99,10.0,256,20,0,512,512,2.2004130569784404,0.0,9.678784031954793,9.678784031954793,0.0,0.0,1.0,600.0
pd,coast,300.0,1800.0,0.1,0.2,5.0,5.5,10.0,10.0,10,100.0,inf,full,both,inf,180.0,0.01,0.0,0.0,256,20,3,0.5,0.1,0.99,10.0,256,20,0,512,512,2.2004130569784404,0.0,9.678784031954793,9.678784031954793,0.0,0.0,1.0,600.0
pd,coast,300.0,1800.0,0.1,0.2,5.0,6.25,10.0,10.0,10,100.0,inf,full,both,inf,180.0,0.01,0.0,0.0,256,20,3,0.5,0.1,0.99,10.0,256,20,0,512,512,2.2004130569784404,0.0,9.678784031954793,9.678784031954793,0.0,0.0,1.0,600.0
pd,coast,300.0,1800.0,0.1,0.2,5.0,7.5,10.0,10.0,10,100.0,inf,full,both,inf,180.0,0.01,0.0,0.0,256,20,3,0.5,0.1,0.99,10.0,256,20,0,512,512,2.2004130569784404,0.0,9.678784031954793,9.678784031954793,0.0,0.0,1.0,600.0
pd,coast,300.0,1800.0,0.1,0.2,5.0,10.0,10.0,10.0,10,100.0,inf,full,both,inf,180.0,0.01,0.0,0.0,256,20,3,0.5,0.1,0.99,10.0,256,20,0,512,512,2.2004130569784404,0.0,9.678784031954793,9.678784031954793,0.0,0.0,1.0,600.0
pd,coast,300.0,1800.0,0.1,0.2,5.0,inf,10.0,10.0,10,100.0,inf,full,both,inf,180.0,0.01,0.0,0.0,256,20,3,0.5,0.1,0.99,10.0,256,20,0,512,512,2.2004130569784404,0.0,9.678784031954793,9.678784031954793,0.0,0.0,1.0,600.0
pd,mppi_direct,300.0,1800.0,0.1,0.025,5.0,1.25,10.0,10.0,10,100.0,inf,full,both,inf,180.0,0.01,0.0,0.0,256,20,3,0.5,0.1,0.99,10.0,256,20,0,512,512,3.2471228003241825,1.25,9.700146624489191,9.700146624489191,0.0,0.0,1.0,760.0
pd,mppi_direct,300.0,1800.0,0.1,0.025,5.0,2.5,10.0,10.0,10,100.0,inf,full,both,inf,180.0,0.01,0.0,0.0,256,20,3,0.5,0.1,0.99,10.0,256,20,0,512,512,4.546947988084196,2.5,9.688906323823105,9.688906323823112,0.0,0.0,1.0,1300.0
pd,mppi_direct,300.0,1800.0,0.1,0.025,5.0,3.75,10.0,10.0,10,100.0,inf,full,both,inf,180.0,0.01,0.0,0.0,256,20,3,0.5,0.1,0.99,10.0,256,20,0,512,0,5.0,3.75,12.839897345381766,280.5179726720529,0.0,0.0,0.0,
pd,mppi_direct,300.0,1800.0,0.1,0.025,5.0,4.5,10.0,10.0,10,100.0,inf,full,both,inf,180.0,0.01,0.0,0.0,256,20,3,0.5,0.1,0.99,10.0,256,20,0,512,0,5.0,4.127192627724508,12.852886233501032,305.2718319624091,0.0,0.0,0.0,
pd,mppi_direct,300.0,1800.0,0.1,0.025,5.0,5.0,10.0,10.0,10,100.0,inf,full,both,inf,180.0,0.01,0.0,0.0,256,20,3,0.5,0.1,0.99,10.0,256,20,0,512,0,5.0,4.128210647876774,12.85284752735924,304.4310776952512,0.0,0.0,0.0,
pd,mppi_direct,300.0,1800.0,0.1,0.025,5.0,5.5,10.0,10.0,10,100.0,inf,full,both,inf,180.0,0.01,0.0,0.0,256,20,3,0.5,0.1,0.99,10.0,256,20,0,512,0,5.0,4.12821344958813,12.85284752735924,304.4115725894906,0.0,0.0,0.0,
pd,mppi_direct,300.0,1800.0,0.1,0.025,5.0,6.25,10.0,10.0,10,100.0,inf,full,both,inf,180.0,0.01,0.0,0.0,256,20,3,0.5,0.1,0.99,10.0,256,20,0,512,0,5.0,4.1282133427033605,12.85284752735924,304.41156939370404,0.0,0.0,0.0,
pd,mppi_direct,300.0,1800.0,0.1,0.025,5.0,7.5,10.0,10.0,10,100.0,inf,full,both,inf,180.0,0.01,0.0,0.0,256,20,3,0.5,0.1,0.99,10.0,256,20,0,512,0,5.0,4.1282133427033605,12.85284752735924,304.41156939370404,0.0,0.0,0.0,
pd,mppi_direct,300.0,1800.0,0.1,0.025,5.0,10.0,10.0,10.0,10,100.0,inf,full,both,inf,180.0,0.01,0.0,0.0,256,20,3,0.5,0.1,0.99,10.0,256,20,0,512,0,5.0,4.1282133427033605,12.85284752735924,304.41156939370404,0.0,0.0,0.0,
pd,mppi_direct,300.0,1800.0,0.1,0.025,5.0,inf,10.0,10.0,10,100.0,inf,full,both,inf,180.0,0.01,0.0,0.0,256,20,3,0.5,0.1,0.99,10.0,256,20,0,512,0,5.0,4.1282133427033605,12.85284752735924,304.41156939370404,0.0,0.0,0.0,
pd,mppi_direct,300.0,1800.0,0.1,0.05,5.0,1.25,10.0,10.0,10,100.0,inf,full,both,inf,180.0,0.01,0.0,0.0,256,20,3,0.5,0.1,0.99,10.0,256,20,0,512,512,3.048104193132141,1.25,9.711911926200203,9.711911926200202,0.0,0.0,1.0,570.0
pd,mppi_direct,300.0,1800.0,0.1,0.05,5.0,2.5,10.0,10.0,10,100.0,inf,full,both,inf,180.0,0.01,0.0,0.0,256,20,3,0.5,0.1,0.99,10.0,256,20,0,512,512,4.425463135764328,2.5,9.694643096617895,9.6946430966179,0.0,0.0,1.0,820.0
pd,mppi_direct,300.0,1800.0,0.1,0.05,5.0,3.75,10.0,10.0,10,100.0,inf,full,both,inf,180.0,0.01,0.0,0.0,256,20,3,0.5,0.1,0.99,10.0,256,20,0,512,0,5.0,3.75,13.957587570691452,726.8144643674657,0.0,0.0,0.0,
pd,mppi_direct,300.0,1800.0,0.1,0.05,5.0,4.5,10.0,10.0,10,100.0,inf,full,both,inf,180.0,0.01,0.0,0.0,256,20,3,0.5,0.1,0.99,10.0,256,20,0,512,0,5.0,4.5,14.30950682910472,1447.2552388659417,0.0,0.0,0.0,
pd,mppi_direct,300.0,1800.0,0.1,0.05,5.0,5.0,10.0,10.0,10,100.0,inf,full,both,inf,180.0,0.01,0.0,0.0,256,20,3,0.5,0.1,0.99,10.0,256,20,0,512,0,5.0,5.0,14.38151454583434,1824.930969577988,0.0,0.0,0.0,
pd,mppi_direct,300.0,1800.0,0.1,0.05,5.0,5.5,10.0,10.0,10,100.0,inf,full,both,inf,180.0,0.01,0.0,0.0,256,20,3,0.5,0.1,0.99,10.0,256,20,0,512,0,5.0,5.5,14.383405598659024,2133.347065325648,0.0,0.0,0.0,
pd,mppi_direct,300.0,1800.0,0.1,0.05,5.0,6.25,10.0,10.0,10,100.0,inf,full,both,inf,180.0,0.01,0.0,0.0,256,20,3,0.5,0.1,0.99,10.0,256,20,0,512,0,5.0,6.25,14.38211391558907,2485.1944695364214,0.0,0.0,0.0,
pd,mppi_direct,300.0,1800.0,0.1,0.05,5.0,7.5,10.0,10.0,10,100.0,inf,full,both,inf,180.0,0.01,0.0,0.0,256,20,3,0.5,0.1,0.99,10.0,256,20,0,512,0,5.0,7.5,14.38211405129065,2806.375778613304,0.0,0.0,0.0,
pd,mppi_direct,300.0,1800.0,0.1,0.05,5.0,10.0,10.0,10.0,10,100.0,inf,full,both,inf,180.0,0.01,0.0,0.0,256,20,3,0.5,0.1,0.99,10.0,256,20,0,512,0,5.0,8.183120427682352,14.38211405129065,2842.0096667922794,0.0,0.0,0.0,
pd,mppi_direct,300.0,1800.0,0.1,0.05,5.0,inf,10.0,10.0,10,100.0,inf,full,both,inf,180.0,0.01,0.0,0.0,256,20,3,0.5,0.1,0.99,10.0,256,20,0,512,0,5.0,8.18314446099546,14.38211405129065,2841.991050273765,0.0,0.0,0.0,
pd,mppi_direct,300.0,1800.0,0.1,0.075,5.0,1.25,10.0,10.0,10,100.0,inf,full,both,inf,180.0,0.01,0.0,0.0,256,20,3,0.5,0.1,0.99,10.0,256,20,0,512,512,2.9436681371470392,1.25,9.673592208056627,9.673592208056627,0.0,0.0,1.0,540.0
pd,mppi_direct,300.0,1800.0,0.1,0.075,5.0,2.5,10.0,10.0,10,100.0,inf,full,both,inf,180.0,0.01,0.0,0.0,256,20,3,0.5,0.1,0.99,10.0,256,20,0,512,512,4.288798200013373,2.5,9.670830305062069,9.670830305062063,0.0,0.0,1.0,740.0
pd,mppi_direct,300.0,1800.0,0.1,0.075,5.0,3.75,10.0,10.0,10,100.0,inf,full,both,inf,180.0,0.01,0.0,0.0,256,20,3,0.5,0.1,0.99,10.0,256,20,0,512,0,5.0,3.75,14.082025471844084,476.4740561376155,0.0,0.0,0.0,
pd,mppi_direct,300.0,1800.0,0.1,0.075,5.0,4.5,10.0,10.0,10,100.0,inf,full,both,inf,180.0,0.01,0.0,0.0,256,20,3,0.5,0.1,0.99,10.0,256,20,0,512,0,5.0,4.5,17.41354797089885,1545.580221341858,0.0,0.0,0.0,
pd,mppi_direct,300.0,1800.0,0.1,0.075,5.0,5.0,10.0,10.0,10,100.0,inf,full,both,inf,180.0,0.01,0.0,0.0,256,20,3,0.5,0.1,0.99,10.0,256,20,0,512,0,5.0,5.0,19.855140855334245,2263.6060625555315,0.0,0.0,0.0,
pd,mppi_direct,300.0,1800.0,0.1,0.075,5.0,5.5,10.0,10.0,10,100.0,inf,full,both,inf,180.0,0.01,0.0,0.0,256,20,3,0.5,0.1,0.99,10.0,256,20,0,512,0,5.0,5.5,20.84414024837577,2899.8450326543875,0.0,0.0,0.0,
pd,mppi_direct,300.0,1800.0,0.1,0.075,5.0,6.25,10.0,10.0,10,100.0,inf,full,both,inf,180.0,0.01,0.0,0.0,256,20,3,0.5,0.1,0.99,10.0,256,20,0,512,0,5.0,6.25,21.39517281887296,3691.915919900506,0.0,0.0,0.0,
pd,mppi_direct,300.0,1800.0,0.1,0.075,5.0,7.5,10.0,10.0,10,100.0,inf,full,both,inf,180.0,0.01,0.0,0.0,256,20,3,0.5,0.1,0.99,10.0,256,20,0,512,0,5.0,7.5,21.51851514349267,4737.374823556343,0.0,0.0,0.0,
pd,mppi_direct,300.0,1800.0,0.1,0.075,5.0,10.0,10.0,10.0,10,100.0,inf,full,both,inf,180.0,0.01,0.0,0.0,256,20,3,0.5,0.1,0.99,10.0,256,20,0,512,0,5.0,10.0,21.52001024397928,6074.296502520113,0.0,0.0,0.0,
pd,mppi_direct,300.0,1800.0,0.1,0.075,5.0,inf,10.0,10.0,10,100.0,inf,full,both,inf,180.0,0.01,0.0,0.0,256,20,3,0.5,0.1,0.99,10.0,256,20,0,512,0,5.0,12.63101710190322,21.52001024397928,6508.32543438891,0.0,0.0,0.0,
pd,mppi_direct,300.0,1800.0,0.1,0.09,5.0,1.25,10.0,10.0,10,100.0,inf,full,both,inf,180.0,0.01,0.0,0.0,256,20,3,0.5,0.1,0.99,10.0,256,20,0,512,512,2.886793930764969,1.25,9.670137772916824,9.670137772916824,0.0,0.0,1.0,540.0
pd,mppi_direct,300.0,1800.0,0.1,0.09,5.0,2.5,10.0,10.0,10,100.0,inf,full,both,inf,180.0,0.01,0.0,0.0,256,20,3,0.5,0.1,0.99,10.0,256,20,0,512,511,4.296206621925514,2.5,9.661081263146592,10.351521795404194,0.0,0.0,0.998046875,760.0
pd,mppi_direct,300.0,1800.0,0.1,0.09,5.0,3.75,10.0,10.0,10,100.0,inf,full,both,inf,180.0,0.01,0.0,0.0,256,20,3,0.5,0.1,0.99,10.0,256,20,0,512,13,4.998842416691469,3.75,34.01259601086276,924.6753311080628,0.0,0.0,0.025390625,740.0
pd,mppi_direct,300.0,1800.0,0.1,0.09,5.0,4.5,10.0,10.0,10,100.0,inf,full,both,inf,180.0,0.01,0.0,0.0,256,20,3,0.5,0.1,0.99,10.0,256,20,0,512,0,5.0,4.5,34.36897250617733,2161.442870441791,0.0,0.0,0.0,
pd,mppi_direct,300.0,1800.0,0.1,0.09,5.0,5.0,10.0,10.0,10,100.0,inf,full,both,inf,180.0,0.01,0.0,0.0,256,20,3,0.5,0.1,0.99,10.0,256,20,0,512,0,5.0,5.0,34.463968549297554,2946.885957501787,0.0,0.0,0.0,
pd,mppi_direct,300.0,1800.0,0.1,0.09,5.0,5.5,10.0,10.0,10,100.0,inf,full,both,inf,180.0,0.01,0.0,0.0,256,20,3,0.5,0.1,0.99,10.0,256,20,0,512,0,5.0,5.5,34.54968603453218,3648.133659536085,0.0,0.0,0.0,
pd,mppi_direct,300.0,1800.0,0.1,0.09,5.0,6.25,10.0,10.0,10,100.0,inf,full,both,inf,180.0,0.01,0.0,0.0,256,20,3,0.5,0.1,0.99,10.0,256,20,0,512,0,5.0,6.25,34.55884598086028,4628.143525004889,0.0,0.0,0.0,
pd,mppi_direct,300.0,1800.0,0.1,0.09,5.0,7.5,10.0,10.0,10,100.0,inf,full,both,inf,180.0,0.01,0.0,0.0,256,20,3,0.5,0.1,0.99,10.0,256,20,0,512,0,5.0,7.5,34.55440956135155,6016.364514417293,0.0,0.0,0.0,
pd,mppi_direct,300.0,1800.0,0.1,0.09,5.0,10.0,10.0,10.0,10,100.0,inf,full,both,inf,180.0,0.01,0.0,0.0,256,20,3,0.5,0.1,0.99,10.0,256,20,0,512,0,5.0,10.0,34.554407616698214,8036.262656420264,0.0,0.0,0.0,
pd,mppi_direct,300.0,1800.0,0.1,0.09,5.0,inf,10.0,10.0,10,100.0,inf,full,both,inf,180.0,0.01,0.0,0.0,256,20,3,0.5,0.1,0.99,10.0,256,20,0,512,0,5.0,15.305283406840074,34.554407616698214,9588.02605320506,0.0,0.0,0.0,
pd,mppi_direct,300.0,1800.0,0.1,0.1,5.0,1.25,10.0,10.0,10,100.0,inf,full,both,inf,180.0,0.01,0.0,0.0,256,20,3,0.5,0.1,0.99,10.0,256,20,0,512,512,2.85450484245279,1.25,9.68147732510091,9.681477325100907,0.0,0.0,1.0,540.0
pd,mppi_direct,300.0,1800.0,0.1,0.1,5.0,2.5,10.0,10.0,10,100.0,inf,full,both,inf,180.0,0.01,0.0,0.0,256,20,3,0.5,0.1,0.99,10.0,256,20,0,512,506,4.494850203163835,2.5,9.711450559414113,14.80702619880385,0.0,0.0,0.98828125,790.0
pd,mppi_direct,300.0,1800.0,0.1,0.1,5.0,3.75,10.0,10.0,10,100.0,inf,full,both,inf,180.0,0.01,0.0,0.0,256,20,3,0.5,0.1,0.99,10.0,256,20,0,512,0,5.0,3.75,39.36489589193007,949.2179563655808,0.0,0.0,0.0,
pd,mppi_direct,300.0,1800.0,0.1,0.1,5.0,4.5,10.0,10.0,10,100.0,inf,full,both,inf,180.0,0.01,0.0,0.0,256,20,3,0.5,0.1,0.99,10.0,256,20,0,512,0,5.0,4.5,38.94997106872831,2100.880329006552,0.0,0.0,0.0,
pd,mppi_direct,300.0,1800.0,0.1,0.1,5.0,5.0,10.0,10.0,10,100.0,inf,full,both,inf,180.0,0.01,0.0,0.0,256,20,3,0.5,0.1,0.99,10.0,256,20,0,512,0,5.0,5.0,39.233860378570085,2888.725352634409,0.0,0.0,0.0,
pd,mppi_direct,300.0,1800.0,0.1,0.1,5.0,5.5,10.0,10.0,10,100.0,inf,full,both,inf,180.0,0.01,0.0,0.0,256,20,3,0.5,0.1,0.99,10.0,256,20,0,512,0,5.0,5.5,39.41526055485407,3638.4402227235455,0.0,0.0,0.0,
pd,mppi_direct,300.0,1800.0,0.1,0.1,5.0,6.25,10.0,10.0,10,100.0,inf,full,both,inf,180.0,0.01,0.0,0.0,256,20,3,0.5,0.1,0.99,10.0,256,20,0,512,0,5.0,6.25,39.508921931397005,4663.428307330852,0.0,0.0,0.0,
pd,mppi_direct,300.0,1800.0,0.1,0.1,5.0,7.5,10.0,10.0,10,100.0,inf,full,both,inf,180.0,0.01,0.0,0.0,256,20,3,0.5,0.1,0.99,10.0,256,20,0,512,0,5.0,7.5,39.52532695176337,6177.423450300307,0.0,0.0,0.0,
pd,mppi_direct,300.0,1800.0,0.1,0.1,5.0,10.0,10.0,10.0,10,100.0,inf,full,both,inf,180.0,0.01,0.0,0.0,256,20,3,0.5,0.1,0.99,10.0,256,20,0,512,0,5.0,10.0,39.52556364971528,8478.353684377473,0.0,0.0,0.0,
pd,mppi_direct,300.0,1800.0,0.1,0.1,5.0,inf,10.0,10.0,10,100.0,inf,full,both,inf,180.0,0.01,0.0,0.0,256,20,3,0.5,0.1,0.99,10.0,256,20,0,512,0,5.0,17.028316486461954,39.52556364971528,10971.70630152268,0.0,0.0,0.0,
pd,mppi_direct,300.0,1800.0,0.1,0.11,5.0,1.25,10.0,10.0,10,100.0,inf,full,both,inf,180.0,0.01,0.0,0.0,256,20,3,0.5,0.1,0.99,10.0,256,20,0,512,512,2.826685408437263,1.25,9.66714245236162,9.667142452361622,0.0,0.0,1.0,540.0
pd,mppi_direct,300.0,1800.0,0.1,0.11,5.0,2.5,10.0,10.0,10,100.0,inf,full,both,inf,180.0,0.01,0.0,0.0,256,20,3,0.5,0.1,0.99,10.0,256,20,0,512,489,4.67870600279953,2.5,9.87751482568552,29.33471356906997,0.0,0.0,0.955078125,840.0
pd,mppi_direct,300.0,1800.0,0.1,0.11,5.0,3.75,10.0,10.0,10,100.0,inf,full,both,inf,180.0,0.01,0.0,0.0,256,20,3,0.5,0.1,0.99,10.0,256,20,0,512,0,5.0,3.75,44.54845827079858,983.3129202404518,0.0,0.0,0.0,
pd,mppi_direct,300.0,1800.0,0.1,0.11,5.0,4.5,10.0,10.0,10,100.0,inf,full,both,inf,180.0,0.01,0.0,0.0,256,20,3,0.5,0.1,0.99,10.0,256,20,0,512,0,5.0,4.5,44.063080629084894,2125.125759837376,0.0,0.0,0.0,
pd,mppi_direct,300.0,1800.0,0.1,0.11,5.0,5.0,10.0,10.0,10,100.0,inf,full,both,inf,180.0,0.01,0.0,0.0,256,20,3,0.5,0.1,0.99,10.0,256,20,0,512,0,5.0,5.0,44.43722046822648,2916.169586532831,0.0,0.0,0.0,
pd,mppi_direct,300.0,1800.0,0.1,0.11,5.0,5.5,10.0,10.0,10,100.0,inf,full,both,inf,180.0,0.01,0.0,0.0,256,20,3,0.5,0.1,0.99,10.0,256,20,0,512,0,5.0,5.5,44.46841185453403,3690.9053176721336,0.0,0.0,0.0,
pd,mppi_direct,300.0,1800.0,0.1,0.11,5.0,6.25,10.0,10.0,10,100.0,inf,full,both,inf,180.0,0.01,0.0,0.0,256,20,3,0.5,0.1,0.99,10.0,256,20,0,512,0,5.0,6.25,44.65262635339193,4777.519101510068,0.0,0.0,0.0,
pd,mppi_direct,300.0,1800.0,0.1,0.11,5.0,7.5,10.0,10.0,10,100.0,inf,full,both,inf,180.0,0.01,0.0,0.0,256,20,3,0.5,0.1,0.99,10.0,256,20,0,512,0,5.0,7.5,44.83512590299016,6385.310521042291,0.0,0.0,0.0,
pd,mppi_direct,300.0,1800.0,0.1,0.11,5.0,10.0,10.0,10.0,10,100.0,inf,full,both,inf,180.0,0.01,0.0,0.0,256,20,3,0.5,0.1,0.99,10.0,256,20,0,512,0,5.0,10.0,44.84403794389839,8956.145754646273,0.0,0.0,0.0,
pd,mppi_direct,300.0,1800.0,0.1,0.11,5.0,inf,10.0,10.0,10,100.0,inf,full,both,inf,180.0,0.01,0.0,0.0,256,20,3,0.5,0.1,0.99,10.0,256,20,0,512,0,5.0,18.74790629156842,44.84403794389839,12515.756552933648,0.0,0.0,0.0,
pd,mppi_direct,300.0,1800.0,0.1,0.125,5.0,1.25,10.0,10.0,10,100.0,inf,full,both,inf,180.0,0.01,0.0,0.0,256,20,3,0.5,0.1,0.99,10.0,256,20,0,512,512,2.791449723560183,1.25,9.65915508566292,9.659155085662922,0.0,0.0,1.0,550.0
pd,mppi_direct,300.0,1800.0,0.1,0.125,5.0,2.5,10.0,10.0,10,100.0,inf,full,both,inf,180.0,0.01,0.0,0.0,256,20,3,0.5,0.1,0.99,10.0,256,20,0,512,456,4.820817284641547,2.5,10.51478732732612,67.96940950701517,0.0,0.0,0.890625,850.0
pd,mppi_direct,300.0,1800.0,0.1,0.125,5.0,3.75,10.0,10.0,10,100.0,inf,full,both,inf,180.0,0.01,0.0,0.0,256,20,3,0.5,0.1,0.99,10.0,256,20,0,512,0,5.0,3.75,53.55173282992311,1042.9580489978175,0.0,0.0,0.0,
pd,mppi_direct,300.0,1800.0,0.1,0.125,5.0,4.5,10.0,10.0,10,100.0,inf,full,both,inf,180.0,0.01,0.0,0.0,256,20,3,0.5,0.1,0.99,10.0,256,20,0,512,0,5.0,4.5,53.45951315633226,2215.804872135948,0.0,0.0,0.0,
pd,mppi_direct,300.0,1800.0,0.1,0.125,5.0,5.0,10.0,10.0,10,100.0,inf,full,both,inf,180.0,0.01,0.0,0.0,256,20,3,0.5,0.1,0.99,10.0,256,20,0,512,0,5.0,5.0,52.88045751990758,3010.381754998973,0.0,0.0,0.0,
pd,mppi_direct,300.0,1800.0,0.1,0.125,5.0,5.5,10.0,10.0,10,100.0,inf,full,both,inf,180.0,0.01,0.0,0.0,256,20,3,0.5,0.1,0.99,10.0,256,20,0,512,0,5.0,5.5,52.8367433309371,3803.917672812176,0.0,0.0,0.0,
pd,mppi_direct,300.0,1800.0,0.1,0.125,5.0,6.25,10.0,10.0,10,100.0,inf,full,both,inf,180.0,0.01,0.0,0.0,256,20,3,0.5,0.1,0.99,10.0,256,20,0,512,0,5.0,6.25,53.17526588482556,4954.511534237914,0.0,0.0,0.0,
pd,mppi_direct,300.0,1800.0,0.1,0.125,5.0,7.5,10.0,10.0,10,100.0,inf,full,both,inf,180.0,0.01,0.0,0.0,256,20,3,0.5,0.1,0.99,10.0,256,20,0,512,0,5.0,7.5,53.41243199616943,6699.742097521805,0.0,0.0,0.0,
pd,mppi_direct,300.0,1800.0,0.1,0.125,5.0,10.0,10.0,10.0,10,100.0,inf,full,both,inf,180.0,0.01,0.0,0.0,256,20,3,0.5,0.1,0.99,10.0,256,20,0,512,0,5.0,10.0,53.44384436231093,9578.568829509357,0.0,0.0,0.0,
pd,mppi_direct,300.0,1800.0,0.1,0.125,5.0,inf,10.0,10.0,10,100.0,inf,full,both,inf,180.0,0.01,0.0,0.0,256,20,3,0.5,0.1,0.99,10.0,256,20,0,512,0,5.0,21.32674462874497,53.44384391393999,14903.450361175996,0.0,0.0,0.0,
pd,mppi_direct,300.0,1800.0,0.1,0.15,5.0,1.25,10.0,10.0,10,100.0,inf,full,both,inf,180.0,0.01,0.0,0.0,256,20,3,0.5,0.1,0.99,10.0,256,20,0,512,512,2.7538302165884634,1.25,9.674628225372125,9.674628225372128,0.0,0.0,1.0,560.0
pd,mppi_direct,300.0,1800.0,0.1,0.15,5.0,2.5,10.0,10.0,10,100.0,inf,full,both,inf,180.0,0.01,0.0,0.0,256,20,3,0.5,0.1,0.99,10.0,256,20,0,512,425,4.8447516821987255,2.5,11.611300548022507,112.49227743975172,0.0,0.0,0.830078125,850.0
pd,mppi_direct,300.0,1800.0,0.1,0.15,5.0,3.75,10.0,10.0,10,100.0,inf,full,both,inf,180.0,0.01,0.0,0.0,256,20,3,0.5,0.1,0.99,10.0,256,20,0,512,1,5.0,3.75,70.60154605565626,1156.7384242945625,0.0,0.0,0.001953125,1710.0
pd,mppi_direct,300.0,1800.0,0.1,0.15,5.0,4.5,10.0,10.0,10,100.0,inf,full,both,inf,180.0,0.01,0.0,0.0,256,20,3,0.5,0.1,0.99,10.0,256,20,0,512,0,5.0,4.5,70.02499715787994,2359.4528903891837,0.0,0.0,0.0,
pd,mppi_direct,300.0,1800.0,0.1,0.15,5.0,5.0,10.0,10.0,10,100.0,inf,full,both,inf,180.0,0.01,0.0,0.0,256,20,3,0.5,0.1,0.99,10.0,256,20,0,512,0,5.0,5.0,70.80641679103822,3221.386944048747,0.0,0.0,0.0,
pd,mppi_direct,300.0,1800.0,0.1,0.15,5.0,5.5,10.0,10.0,10,100.0,inf,full,both,inf,180.0,0.01,0.0,0.0,256,20,3,0.5,0.1,0.99,10.0,256,20,0,512,0,5.0,5.5,70.35811449556613,4062.3899527029735,0.0,0.0,0.0,
pd,mppi_direct,300.0,1800.0,0.1,0.15,5.0,6.25,10.0,10.0,10,100.0,inf,full,both,inf,180.0,0.01,0.0,0.0,256,20,3,0.5,0.1,0.99,10.0,256,20,0,512,0,5.0,6.25,69.88964455448266,5272.307021413382,0.0,0.0,0.0,
pd,mppi_direct,300.0,1800.0,0.1,0.15,5.0,7.5,10.0,10.0,10,100.0,inf,full,both,inf,180.0,0.01,0.0,0.0,256,20,3,0.5,0.1,0.99,10.0,256,20,0,512,0,5.0,7.5,70.22883405267723,7178.694440423457,0.0,0.0,0.0,
pd,mppi_direct,300.0,1800.0,0.1,0.15,5.0,10.0,10.0,10.0,10,100.0,inf,full,both,inf,180.0,0.01,0.0,0.0,256,20,3,0.5,0.1,0.99,10.0,256,20,0,512,0,5.0,10.0,70.57726918062525,10541.869076295785,0.0,0.0,0.0,
pd,mppi_direct,300.0,1800.0,0.1,0.15,5.0,inf,10.0,10.0,10,100.0,inf,full,both,inf,180.0,0.01,0.0,0.0,256,20,3,0.5,0.1,0.99,10.0,256,20,0,512,0,5.0,25.62502334158711,70.58121321574414,19137.157012752545,0.0,0.0,0.0,
pd,mppi_direct,300.0,1800.0,0.1,0.2,5.0,1.25,10.0,10.0,10,100.0,inf,full,both,inf,180.0,0.01,0.0,0.0,256,20,3,0.5,0.1,0.99,10.0,256,20,0,512,512,2.804315627364146,1.25,9.676064182611013,9.676064182611013,0.0,0.0,1.0,580.0
pd,mppi_direct,300.0,1800.0,0.1,0.2,5.0,2.5,10.0,10.0,10,100.0,inf,full,both,inf,180.0,0.01,0.0,0.0,256,20,3,0.5,0.1,0.99,10.0,256,20,0,512,345,4.847796431848582,2.5,18.41441308834471,286.9354151079873,0.0,0.0,0.673828125,840.0
pd,mppi_direct,300.0,1800.0,0.1,0.2,5.0,3.75,10.0,10.0,10,100.0,inf,full,both,inf,180.0,0.01,0.0,0.0,256,20,3,0.5,0.1,0.99,10.0,256,20,0,512,0,5.0,3.75,110.43338955109584,1412.5672356589278,0.0,0.0,0.0,
pd,mppi_direct,300.0,1800.0,0.1,0.2,5.0,4.5,10.0,10.0,10,100.0,inf,full,both,inf,180.0,0.01,0.0,0.0,256,20,3,0.5,0.1,0.99,10.0,256,20,0,512,0,5.0,4.5,109.53804899339708,2694.0800210022994,0.0,0.0,0.0,
pd,mppi_direct,300.0,1800.0,0.1,0.2,5.0,5.0,10.0,10.0,10,100.0,inf,full,both,inf,180.0,0.01,0.0,0.0,256,20,3,0.5,0.1,0.99,10.0,256,20,0,512,0,5.0,5.0,113.04537107615086,3631.9227020893823,0.0,0.0,0.0,
pd,mppi_direct,300.0,1800.0,0.1,0.2,5.0,5.5,10.0,10.0,10,100.0,inf,full,both,inf,180.0,0.01,0.0,0.0,256,20,3,0.5,0.1,0.99,10.0,256,20,0,512,0,5.0,5.5,112.996614982835,4515.452729163467,0.0,0.0,0.0,
pd,mppi_direct,300.0,1800.0,0.1,0.2,5.0,6.25,10.0,10.0,10,100.0,inf,full,both,inf,180.0,0.01,0.0,0.0,256,20,3,0.5,0.1,0.99,10.0,256,20,0,512,0,5.0,6.25,115.10744177699748,5871.7810841450055,0.0,0.0,0.0,
pd,mppi_direct,300.0,1800.0,0.1,0.2,5.0,7.5,10.0,10.0,10,100.0,inf,full,both,inf,180.0,0.01,0.0,0.0,256,20,3,0.5,0.1,0.99,10.0,256,20,0,512,0,5.0,7.5,114.98111212183856,8067.899496390918,0.0,0.0,0.0,
pd,mppi_direct,300.0,1800.0,0.1,0.2,5.0,10.0,10.0,10.0,10,100.0,inf,full,both,inf,180.0,0.01,0.0,0.0,256,20,3,0.5,0.1,0.99,10.0,256,20,0,512,0,5.0,10.0,115.63213533979057,12004.013304730554,0.0,0.0,0.0,
pd,mppi_direct,300.0,1800.0,0.1,0.2,5.0,inf,10.0,10.0,10,100.0,inf,full,both,inf,180.0,0.01,0.0,0.0,256,20,3,0.5,0.1,0.99,10.0,256,20,0,512,0,5.0,34.234503910022134,115.99549329413266,27978.832171891667,0.0,0.0,0.0,
pd,mppi_lqr,300.0,1800.0,0.1,0.025,5.0,1.25,10.0,10.0,10,100.0,inf,full,both,inf,180.0,0.01,0.0,0.0,256,20,3,0.5,0.1,0.99,10.0,256,20,0,512,512,2.5913605410254785,1.25,9.680223833944734,9.680223833944732,0.0,0.0,1.0,860.0
pd,mppi_lqr,300.0,1800.0,0.1,0.025,5.0,2.5,10.0,10.0,10,100.0,inf,full,both,inf,180.0,0.01,0.0,0.0,256,20,3,0.5,0.1,0.99,10.0,256,20,0,512,512,3.690774736456216,2.5,9.691449720357994,9.691449720357996,0.0,0.0,1.0,1410.0
pd,mppi_lqr,300.0,1800.0,0.1,0.025,5.0,3.75,10.0,10.0,10,100.0,inf,full,both,inf,180.0,0.01,0.0,0.0,256,20,3,0.5,0.1,0.99,10.0,256,20,0,512,0,4.801818942220199,3.7471455757196472,18.841606194074625,21.59730325850809,0.0,0.0,0.0,
pd,mppi_lqr,300.0,1800.0,0.1,0.025,5.0,4.5,10.0,10.0,10,100.0,inf,full,both,inf,180.0,0.01,0.0,0.0,256,20,3,0.5,0.1,0.99,10.0,256,20,0,512,0,4.819656287699934,3.83885366740834,18.87816442213115,20.814808466664758,0.0,0.0,0.0,
pd,mppi_lqr,300.0,1800.0,0.1,0.025,5.0,5.0,10.0,10.0,10,100.0,inf,full,both,inf,180.0,0.01,0.0,0.0,256,20,3,0.5,0.1,0.99,10.0,256,20,0,512,0,4.81881767300034,3.839960654283805,18.87551992913314,20.73667856180808,0.0,0.0,0.0,
pd,mppi_lqr,300.0,1800.0,0.1,0.025,5.0,5.5,10.0,10.0,10,100.0,inf,full,both,inf,180.0,0.01,0.0,0.0,256,20,3,0.5,0.1,0.99,10.0,256,20,0,512,0,4.818825933261432,3.839951993597428,18.87583149185496,20.73784766223676,0.0,0.0,0.0,
pd,mppi_lqr,300.0,1800.0,0.1,0.025,5.0,6.25,10.0,10.0,10,100.0,inf,full,both,inf,180.0,0.01,0.0,0.0,256,20,3,0.5,0.1,0.99,10.0,256,20,0,512,0,4.818825933261432,3.839951993597428,18.87583149185496,20.73784766223676,0.0,0.0,0.0,
pd,mppi_lqr,300.0,1800.0,0.1,0.025,5.0,7.5,10.0,10.0,10,100.0,inf,full,both,inf,180.0,0.01,0.0,0.0,256,20,3,0.5,0.1,0.99,10.0,256,20,0,512,0,4.818825933261432,3.839951993597428,18.87583149185496,20.73784766223676,0.0,0.0,0.0,
pd,mppi_lqr,300.0,1800.0,0.1,0.025,5.0,10.0,10.0,10.0,10,100.0,inf,full,both,inf,180.0,0.01,0.0,0.0,256,20,3,0.5,0.1,0.99,10.0,256,20,0,512,0,4.818825933261432,3.839951993597428,18.87583149185496,20.73784766223676,0.0,0.0,0.0,
pd,mppi_lqr,300.0,1800.0,0.1,0.025,5.0,inf,10.0,10.0,10,100.0,inf,full,both,inf,180.0,0.01,0.0,0.0,256,20,3,0.5,0.1,0.99,10.0,256,20,0,512,0,4.818825933261432,3.839951993597428,18.87583149185496,20.73784766223676,0.0,0.0,0.0,
pd,mppi_lqr,300.0,1800.0,0.1,0.05,5.0,1.25,10.0,10.0,10,100.0,inf,full,both,inf,180.0,0.01,0.0,0.0,256,20,3,0.5,0.1,0.99,10.0,256,20,0,512,512,2.8237235014055355,1.25,9.673368848703864,9.673368848703866,0.0,0.0,1.0,690.0
pd,mppi_lqr,300.0,1800.0,0.1,0.05,5.0,2.5,10.0,10.0,10,100.0,inf,full,both,inf,180.0,0.01,0.0,0.0,256,20,3,0.5,0.1,0.99,10.0,256,20,0,512,512,3.454083731057369,2.5,9.659024778643404,9.659024778643404,0.0,0.0,1.0,910.0
pd,mppi_lqr,300.0,1800.0,0.1,0.05,5.0,3.75,10.0,10.0,10,100.0,inf,full,both,inf,180.0,0.01,0.0,0.0,256,20,3,0.5,0.1,0.99,10.0,256,20,0,512,509,4.518139001140478,3.75,9.800017411206529,11.331291654418523,0.0,0.0,0.994140625,1150.0
pd,mppi_lqr,300.0,1800.0,0.1,0.05,5.0,4.5,10.0,10.0,10,100.0,inf,full,both,inf,180.0,0.01,0.0,0.0,256,20,3,0.5,0.1,0.99,10.0,256,20,0,512,166,4.959330869850501,4.5,25.71932838844821,301.2943068748817,0.0,0.0,0.32421875,1300.0
pd,mppi_lqr,300.0,1800.0,0.1,0.05,5.0,5.0,10.0,10.0,10,100.0,inf,full,both,inf,180.0,0.01,0.0,0.0,256,20,3,0.5,0.1,0.99,10.0,256,20,0,512,10,4.999841147592969,5.0,35.179890402176426,634.9713445762042,0.0,0.0,0.01953125,1390.0
pd,mppi_lqr,300.0,1800.0,0.1,0.05,5.0,5.5,10.0,10.0,10,100.0,inf,full,both,inf,180.0,0.01,0.0,0.0,256,20,3,0.5,0.1,0.99,10.0,256,20,0,512,0,5.0,5.5,36.73766470390539,946.8008976034968,0.0,0.0,0.0,
pd,mppi_lqr,300.0,1800.0,0.1,0.05,5.0,6.25,10.0,10.0,10,100.0,inf,full,both,inf,180.0,0.01,0.0,0.0,256,20,3,0.5,0.1,0.99,10.0,256,20,0,512,0,5.0,6.25,36.824779441171785,1329.301340243572,0.0,0.0,0.0,
pd,mppi_lqr,300.0,1800.0,0.1,0.05,5.0,7.5,10.0,10.0,10,100.0,inf,full,both,inf,180.0,0.01,0.0,0.0,256,20,3,0.5,0.1,0.99,10.0,256,20,0,512,0,5.0,7.5,36.81813152857562,1705.5158141443735,0.0,0.0,0.0,
pd,mppi_lqr,300.0,1800.0,0.1,0.05,5.0,10.0,10.0,10.0,10,100.0,inf,full,both,inf,180.0,0.01,0.0,0.0,256,20,3,0.5,0.1,0.99,10.0,256,20,0,512,0,5.0,8.403861819243472,36.818217572541606,1773.0746058429013,0.0,0.0,0.0,
pd,mppi_lqr,300.0,1800.0,0.1,0.05,5.0,inf,10.0,10.0,10,100.0,inf,full,both,inf,180.0,0.01,0.0,0.0,256,20,3,0.5,0.1,0.99,10.0,256,20,0,512,0,5.0,8.404048768972048,36.818217572541606,1773.013990005933,0.0,0.0,0.0,
pd,mppi_lqr,300.0,1800.0,0.1,0.075,5.0,1.25,10.0,10.0,10,100.0,inf,full,both,inf,180.0,0.01,0.0,0.0,256,20,3,0.5,0.1,0.99,10.0,256,20,0,512,512,3.3682130388777107,1.25,9.681683184910252,9.681683184910248,0.0,0.0,1.0,710.0
pd,mppi_lqr,300.0,1800.0,0.1,0.075,5.0,2.5,10.0,10.0,10,100.0,inf,full,both,inf,180.0,0.01,0.0,0.0,256,20,3,0.5,0.1,0.99,10.0,256,20,0,512,491,4.104245622053804,2.5,9.896461991284676,24.829680575915912,0.0,0.0,0.958984375,790.0
pd,mppi_lqr,300.0,1800.0,0.1,0.075,5.0,3.75,10.0,10.0,10,100.0,inf,full,both,inf,180.0,0.01,0.0,0.0,256,20,3,0.5,0.1,0.99,10.0,256,20,0,512,287,4.7762875318648375,3.75,37.64895677836896,538.6778533705229,0.0,0.0,0.560546875,940.0
pd,mppi_lqr,300.0,1800.0,0.1,0.075,5.0,4.5,10.0,10.0,10,100.0,inf,full,both,inf,180.0,0.01,0.0,0.0,256,20,3,0.5,0.1,0.99,10.0,256,20,0,512,84,4.984064858634462,4.5,54.47716726814415,1669.8242200046975,0.0,0.0,0.1640625,1020.0
pd,mppi_lqr,300.0,1800.0,0.1,0.075,5.0,5.0,10.0,10.0,10,100.0,inf,full,both,inf,180.0,0.01,0.0,0.0,256,20,3,0.5,0.1,0.99,10.0,256,20,0,512,1,5.0,5.0,60.17541253495257,2544.1191440695547,0.0,0.0,0.001953125,1070.0
pd,mppi_lqr,300.0,1800.0,0.1,0.075,5.0,5.5,10.0,10.0,10,100.0,inf,full,both,inf,180.0,0.01,0.0,0.0,256,20,3,0.5,0.1,0.99,10.0,256,20,0,512,0,5.0,5.5,59.99565787903875,3136.886012876308,0.0,0.0,0.0,
pd,mppi_lqr,300.0,1800.0,0.1,0.075,5.0,6.25,10.0,10.0,10,100.0,inf,full,both,inf,180.0,0.01,0.0,0.0,256,20,3,0.5,0.1,0.99,10.0,256,20,0,512,0,5.0,6.25,60.529505113962266,3914.07172690466,0.0,0.0,0.0,
pd,mppi_lqr,300.0,1800.0,0.1,0.075,5.0,7.5,10.0,10.0,10,100.0,inf,full,both,inf,180.0,0.01,0.0,0.0,256,20,3,0.5,0.1,0.99,10.0,256,20,0,512,0,5.0,7.5,60.835522852165376,5006.022237045954,0.0,0.0,0.0,
pd,mppi_lqr,300.0,1800.0,0.1,0.075,5.0,10.0,10.0,10.0,10,100.0,inf,full,both,inf,180.0,0.01,0.0,0.0,256,20,3,0.5,0.1,0.99,10.0,256,20,0,512,0,5.0,10.0,60.80778261715223,6431.754931369202,0.0,0.0,0.0,
pd,mppi_lqr,300.0,1800.0,0.1,0.075,5.0,inf,10.0,10.0,10,100.0,inf,full,both,inf,180.0,0.01,0.0,0.0,256,20,3,0.5,0.1,0.99,10.0,256,20,0,512,0,5.0,12.832589550159009,60.80778261715223,6937.107601715567,0.0,0.0,0.0,
pd,mppi_lqr,300.0,1800.0,0.1,0.09,5.0,1.25,10.0,10.0,10,100.0,inf,full,both,inf,180.0,0.01,0.0,0.0,256,20,3,0.5,0.1,0.99,10.0,256,20,0,512,512,3.472635673440182,1.25,9.65081755737004,9.650817557370042,0.0,0.0,1.0,720.0
pd,mppi_lqr,300.0,1800.0,0.1,0.09,5.0,2.5,10.0,10.0,10,100.0,inf,full,both,inf,180.0,0.01,0.0,0.0,256,20,3,0.5,0.1,0.99,10.0,256,20,0,512,382,4.690266072906154,2.5,12.654804419513969,122.7064788382115,0.0,0.0,0.74609375,830.0
pd,mppi_lqr,300.0,1800.0,0.1,0.09,5.0,3.75,10.0,10.0,10,100.0,inf,full,both,inf,180.0,0.01,0.0,0.0,256,20,3,0.5,0.1,0.99,10.0,256,20,0,512,46,4.9662232611807005,3.75,155.27803128258813,1292.6718636518185,0.0,0.0,0.08984375,860.0
pd,mppi_lqr,300.0,1800.0,0.1,0.09,5.0,4.5,10.0,10.0,10,100.0,inf,full,both,inf,180.0,0.01,0.0,0.0,256,20,3,0.5,0.1,0.99,10.0,256,20,0,512,5,4.9998880438635975,4.5,159.30103206448237,2468.4463521865864,0.0,0.0,0.009765625,940.0
pd,mppi_lqr,300.0,1800.0,0.1,0.09,5.0,5.0,10.0,10.0,10,100.0,inf,full,both,inf,180.0,0.01,0.0,0.0,256,20,3,0.5,0.1,0.99,10.0,256,20,0,512,0,5.0,5.0,158.75550643865805,3262.0258078007905,0.0,0.0,0.0,
pd,mppi_lqr,300.0,1800.0,0.1,0.09,5.0,5.5,10.0,10.0,10,100.0,inf,full,both,inf,180.0,0.01,0.0,0.0,256,20,3,0.5,0.1,0.99,10.0,256,20,0,512,0,5.0,5.5,158.04108624703096,3980.0285569829903,0.0,0.0,0.0,
pd,mppi_lqr,300.0,1800.0,0.1,0.09,5.0,6.25,10.0,10.0,10,100.0,inf,full,both,inf,180.0,0.01,0.0,0.0,256,20,3,0.5,0.1,0.99,10.0,256,20,0,512,0,5.0,6.25,156.93482591173512,4977.396124055722,0.0,0.0,0.0,
pd,mppi_lqr,300.0,1800.0,0.1,0.09,5.0,7.5,10.0,10.0,10,100.0,inf,full,both,inf,180.0,0.01,0.0,0.0,256,20,3,0.5,0.1,0.99,10.0,256,20,0,512,0,5.0,7.5,156.5017321291211,6390.430156247261,0.0,0.0,0.0,
pd,mppi_lqr,300.0,1800.0,0.1,0.09,5.0,10.0,10.0,10.0,10,100.0,inf,full,both,inf,180.0,0.01,0.0,0.0,256,20,3,0.5,0.1,0.99,10.0,256,20,0,512,0,5.0,10.0,156.54331325787857,8460.066725967787,0.0,0.0,0.0,
pd,mppi_lqr,300.0,1800.0,0.1,0.09,5.0,inf,10.0,10.0,10,100.0,inf,full,both,inf,180.0,0.01,0.0,0.0,256,20,3,0.5,0.1,0.99,10.0,256,20,0,512,0,5.0,15.457610898757942,156.54331326064545,10114.239319703933,0.0,0.0,0.0,
pd,mppi_lqr,300.0,1800.0,0.1,0.1,5.0,1.25,10.0,10.0,10,100.0,inf,full,both,inf,180.0,0.01,0.0,0.0,256,20,3,0.5,0.1,0.99,10.0,256,20,0,512,512,3.525851295297908,1.25,9.66575140842578,9.66575140842578,0.0,0.0,1.0,730.0
pd,mppi_lqr,300.0,1800.0,0.1,0.1,5.0,2.5,10.0,10.0,10,100.0,inf,full,both,inf,180.0,0.01,0.0,0.0,256,20,3,0.5,0.1,0.99,10.0,256,20,0,512,321,4.822782253869003,2.5,15.446286753490396,203.14292593886975,0.0,0.0,0.626953125,850.0
pd,mppi_lqr,300.0,1800.0,0.1,0.1,5.0,3.75,10.0,10.0,10,100.0,inf,full,both,inf,180.0,0.01,0.0,0.0,256,20,3,0.5,0.1,0.99,10.0,256,20,0,512,4,4.999598425965671,3.75,209.0077787950921,1394.7180412875596,0.0,0.0,0.0078125,810.0
pd,mppi_lqr,300.0,1800.0,0.1,0.1,5.0,4.5,10.0,10.0,10,100.0,inf,full,both,inf,180.0,0.01,0.0,0.0,256,20,3,0.5,0.1,0.99,10.0,256,20,0,512,0,5.0,4.5,227.4496974232377,2500.830319904909,0.0,0.0,0.0,
pd,mppi_lqr,300.0,1800.0,0.1,0.1,5.0,5.0,10.0,10.0,10,100.0,inf,full,both,inf,180.0,0.01,0.0,0.0,256,20,3,0.5,0.1,0.99,10.0,256,20,0,512,0,5.0,5.0,225.86703089618555,3314.3711714268447,0.0,0.0,0.0,
pd,mppi_lqr,300.0,1800.0,0.1,0.1,5.0,5.5,10.0,10.0,10,100.0,inf,full,both,inf,180.0,0.01,0.0,0.0,256,20,3,0.5,0.1,0.99,10.0,256,20,0,512,0,5.0,5.5,224.5610272163757,4126.322543459097,0.0,0.0,0.0,
pd,mppi_lqr,300.0,1800.0,0.1,0.1,5.0,6.25,10.0,10.0,10,100.0,inf,full,both,inf,180.0,0.01,0.0,0.0,256,20,3,0.5,0.1,0.99,10.0,256,20,0,512,0,5.0,6.25,223.10384341085728,5225.623891199698,0.0,0.0,0.0,
pd,mppi_lqr,300.0,1800.0,0.1,0.1,5.0,7.5,10.0,10.0,10,100.0,inf,full,both,inf,180.0,0.01,0.0,0.0,256,20,3,0.5,0.1,0.99,10.0,256,20,0,512,0,5.0,7.5,222.72781274698235,6832.232763737404,0.0,0.0,0.0,
pd,mppi_lqr,300.0,1800.0,0.1,0.1,5.0,10.0,10.0,10.0,10,100.0,inf,full,both,inf,180.0,0.01,0.0,0.0,256,20,3,0.5,0.1,0.99,10.0,256,20,0,512,0,5.0,10.0,222.6655160022993,9306.476747371353,0.0,0.0,0.0,
pd,mppi_lqr,300.0,1800.0,0.1,0.1,5.0,inf,10.0,10.0,10,100.0,inf,full,both,inf,180.0,0.01,0.0,0.0,256,20,3,0.5,0.1,0.99,10.0,256,20,0,512,0,5.0,17.18793677316779,222.6654444268072,11957.942388903844,0.0,0.0,0.0,
pd,mppi_lqr,300.0,1800.0,0.1,0.11,5.0,1.25,10.0,10.0,10,100.0,inf,full,both,inf,180.0,0.01,0.0,0.0,256,20,3,0.5,0.1,0.99,10.0,256,20,0,512,512,3.5705653819719467,1.25,9.65856334960268,9.658563349602684,0.0,0.0,1.0,730.0
pd,mppi_lqr,300.0,1800.0,0.1,0.11,5.0,2.5,10.0,10.0,10,100.0,inf,full,both,inf,180.0,0.01,0.0,0.0,256,20,3,0.5,0.1,0.99,10.0,256,20,0,512,261,4.886274400398136,2.5,18.90745009032498,293.9205935150651,0.0,0.0,0.509765625,850.0
pd,mppi_lqr,300.0,1800.0,0.1,0.11,5.0,3.75,10.0,10.0,10,100.0,inf,full,both,inf,180.0,0.01,0.0,0.0,256,20,3,0.5,0.1,0.99,10.0,256,20,0,512,2,5.0,3.75,229.3212913610505,1458.344747432346,0.0,0.0,0.00390625,775.0
pd,mppi_lqr,300.0,1800.0,0.1,0.11,5.0,4.5,10.0,10.0,10,100.0,inf,full,both,inf,180.0,0.01,0.0,0.0,256,20,3,0.5,0.1,0.99,10.0,256,20,0,512,0,5.0,4.5,271.123032493225,2471.090436471937,0.0,0.0,0.0,
pd,mppi_lqr,300.0,1800.0,0.1,0.11,5.0,5.0,10.0,10.0,10,100.0,inf,full,both,inf,180.0,0.01,0.0,0.0,256,20,3,0.5,0.1,0.99,10.0,256,20,0,512,0,5.0,5.0,271.1099165650144,3315.1344338694653,0.0,0.0,0.0,
pd,mppi_lqr,300.0,1800.0,0.1,0.11,5.0,5.5,10.0,10.0,10,100.0,inf,full,both,inf,180.0,0.01,0.0,0.0,256,20,3,0.5,0.1,0.99,10.0,256,20,0,512,0,5.0,5.5,270.137962220167,4200.388184170783,0.0,0.0,0.0,
pd,mppi_lqr,300.0,1800.0,0.1,0.11,5.0,6.25,10.0,10.0,10,100.0,inf,full,both,inf,180.0,0.01,0.0,0.0,256,20,3,0.5,0.1,0.99,10.0,256,20,0,512,0,5.0,6.25,268.8315803583417,5428.967193946739,0.0,0.0,0.0,
pd,mppi_lqr,300.0,1800.0,0.1,0.11,5.0,7.5,10.0,10.0,10,100.0,inf,full,both,inf,180.0,0.01,0.0,0.0,256,20,3,0.5,0.1,0.99,10.0,256,20,0,512,0,5.0,7.5,268.39913506112,7226.301462446313,0.0,0.0,0.0,
pd,mppi_lqr,300.0,1800.0,0.1,0.11,5.0,10.0,10.0,10.0,10,100.0,inf,full,both,inf,180.0,0.01,0.0,0.0,256,20,3,0.5,0.1,0.99,10.0,256,20,0,512,0,5.0,10.0,268.3155251684302,10024.11640163032,0.0,0.0,0.0,
pd,mppi_lqr,300.0,1800.0,0.1,0.11,5.0,inf,10.0,10.0,10,100.0,inf,full,both,inf,180.0,0.01,0.0,0.0,256,20,3,0.5,0.1,0.99,10.0,256,20,0,512,0,5.0,18.910142579592005,268.3145084597569,13814.697828235016,0.0,0.0,0.0,
pd,mppi_lqr,300.0,1800.0,0.1,0.125,5.0,1.25,10.0,10.0,10,100.0,inf,full,both,inf,180.0,0.01,0.0,0.0,256,20,3,0.5,0.1,0.99,10.0,256,20,0,512,512,3.621153429516659,1.25,9.663112997539756,9.66311299753976,0.0,0.0,1.0,740.0
pd,mppi_lqr,300.0,1800.0,0.1,0.125,5.0,2.5,10.0,10.0,10,100.0,inf,full,both,inf,180.0,0.01,0.0,0.0,256,20,3,0.5,0.1,0.99,10.0,256,20,0,512,166,4.959658630257737,2.5,24.45043107525928,448.8793489709137,0.0,0.0,0.32421875,850.0
pd,mppi_lqr,300.0,1800.0,0.1,0.125,5.0,3.75,10.0,10.0,10,100.0,inf,full,both,inf,180.0,0.01,0.0,0.0,256,20,3,0.5,0.1,0.99,10.0,256,20,0,512,0,5.0,3.75,243.5559831609393,1570.4432287473246,0.0,0.0,0.0,
pd,mppi_lqr,300.0,1800.0,0.1,0.125,5.0,4.5,10.0,10.0,10,100.0,inf,full,both,inf,180.0,0.01,0.0,0.0,256,20,3,0.5,0.1,0.99,10.0,256,20,0,512,0,5.0,4.5,289.97851025320165,2510.9242901529124,0.0,0.0,0.0,
pd,mppi_lqr,300.0,1800.0,0.1,0.125,5.0,5.0,10.0,10.0,10,100.0,inf,full,both,inf,180.0,0.01,0.0,0.0,256,20,3,0.5,0.1,0.99,10.0,256,20,0,512,0,5.0,5.0,291.8303380013381,3396.536500838052,0.0,0.0,0.0,
pd,mppi_lqr,300.0,1800.0,0.1,0.125,5.0,5.5,10.0,10.0,10,100.0,inf,full,both,inf,180.0,0.01,0.0,0.0,256,20,3,0.5,0.1,0.99,10.0,256,20,0,512,0,5.0,5.5,290.959779317707,4311.736855525596,0.0,0.0,0.0,
pd,mppi_lqr,300.0,1800.0,0.1,0.125,5.0,6.25,10.0,10.0,10,100.0,inf,full,both,inf,180.0,0.01,0.0,0.0,256,20,3,0.5,0.1,0.99,10.0,256,20,0,512,0,5.0,6.25,290.9282021889732,5626.18388390177,0.0,0.0,0.0,
pd,mppi_lqr,300.0,1800.0,0.1,0.125,5.0,7.5,10.0,10.0,10,100.0,inf,full,both,inf,180.0,0.01,0.0,0.0,256,20,3,0.5,0.1,0.99,10.0,256,20,0,512,0,5.0,7.5,290.88101055666965,7616.797209672999,0.0,0.0,0.0,
pd,mppi_lqr,300.0,1800.0,0.1,0.125,5.0,10.0,10.0,10.0,10,100.0,inf,full,both,inf,180.0,0.01,0.0,0.0,256,20,3,0.5,0.1,0.99,10.0,256,20,0,512,0,5.0,10.0,290.85808753204,10831.18677382683,0.0,0.0,0.0,
pd,mppi_lqr,300.0,1800.0,0.1,0.125,5.0,inf,10.0,10.0,10,100.0,inf,full,both,inf,180.0,0.01,0.0,0.0,256,20,3,0.5,0.1,0.99,10.0,256,20,0,512,0,5.0,21.47887845074704,290.858055452271,16495.69178072459,0.0,0.0,0.0,
pd,mppi_lqr,300.0,1800.0,0.1,0.15,5.0,1.25,10.0,10.0,10,100.0,inf,full,both,inf,180.0,0.01,0.0,0.0,256,20,3,0.5,0.1,0.99,10.0,256,20,0,512,512,3.6891108390808425,1.25,9.65597459259182,9.655974592591823,0.0,0.0,1.0,750.0
pd,mppi_lqr,300.0,1800.0,0.1,0.15,5.0,2.5,10.0,10.0,10,100.0,inf,full,both,inf,180.0,0.01,0.0,0.0,256,20,3,0.5,0.1,0.99,10.0,256,20,0,512,85,4.99329887973032,2.5,33.04486873636687,669.5710157894385,0.0,0.0,0.166015625,850.0
pd,mppi_lqr,300.0,1800.0,0.1,0.15,5.0,3.75,10.0,10.0,10,100.0,inf,full,both,inf,180.0,0.01,0.0,0.0,256,20,3,0.5,0.1,0.99,10.0,256,20,0,512,1,5.0,3.75,257.2213704178274,1699.9209305268157,0.0,0.0,0.001953125,710.0
pd,mppi_lqr,300.0,1800.0,0.1,0.15,5.0,4.5,10.0,10.0,10,100.0,inf,full,both,inf,180.0,0.01,0.0,0.0,256,20,3,0.5,0.1,0.99,10.0,256,20,0,512,0,5.0,4.5,291.10282799364194,2643.1240915718777,0.0,0.0,0.0,
pd,mppi_lqr,300.0,1800.0,0.1,0.15,5.0,5.0,10.0,10.0,10,100.0,inf,full,both,inf,180.0,0.01,0.0,0.0,256,20,3,0.5,0.1,0.99,10.0,256,20,0,512,0,5.0,5.0,294.9625079960583,3524.3021491724394,0.0,0.0,0.0,
pd,mppi_lqr,300.0,1800.0,0.1,0.15,5.0,5.5,10.0,10.0,10,100.0,inf,full,both,inf,180.0,0.01,0.0,0.0,256,20,3,0.5,0.1,0.99,10.0,256,20,0,512,0,5.0,5.5,294.77408177097794,4464.220347511376,0.0,0.0,0.0,
pd,mppi_lqr,300.0,1800.0,0.1,0.15,5.0,6.25,10.0,10.0,10,100.0,inf,full,both,inf,180.0,0.01,0.0,0.0,256,20,3,0.5,0.1,0.99,10.0,256,20,0,512,0,5.0,6.25,294.71701685003075,5825.936207432038,0.0,0.0,0.0,
pd,mppi_lqr,300.0,1800.0,0.1,0.15,5.0,7.5,10.0,10.0,10,100.0,inf,full,both,inf,180.0,0.01,0.0,0.0,256,20,3,0.5,0.1,0.99,10.0,256,20,0,512,0,5.0,7.5,294.426382961113,7981.3454065011165,0.0,0.0,0.0,
pd,mppi_lqr,300.0,1800.0,0.1,0.15,5.0,10.0,10.0,10.0,10,100.0,inf,full,both,inf,180.0,0.01,0.0,0.0,256,20,3,0.5,0.1,0.99,10.0,256,20,0,512,0,5.0,10.0,294.3923962742092,11700.587610592664,0.0,0.0,0.0,
pd,mppi_lqr,300.0,1800.0,0.1,0.15,5.0,inf,10.0,10.0,10,100.0,inf,full,both,inf,180.0,0.01,0.0,0.0,256,20,3,0.5,0.1,0.99,10.0,256,20,0,512,0,5.0,25.76199812458833,294.39241831329275,20764.855601171934,0.0,0.0,0.0,
pd,mppi_lqr,300.0,1800.0,0.1,0.2,5.0,1.25,10.0,10.0,10,100.0,inf,full,both,inf,180.0,0.01,0.0,0.0,256,20,3,0.5,0.1,0.99,10.0,256,20,0,512,512,3.77855024286461,1.25,9.672948722023298,9.672948722023303,0.0,0.0,1.0,760.0
pd,mppi_lqr,300.0,1800.0,0.1,0.2,5.0,2.5,10.0,10.0,10,100.0,inf,full,both,inf,180.0,0.01,0.0,0.0,256,20,3,0.5,0.1,0.99,10.0,256,20,0,512,49,4.999972798929758,2.5,44.80186330312092,943.6906571553832,0.0,0.0,0.095703125,810.0
pd,mppi_lqr,300.0,1800.0,0.1,0.2,5.0,3.75,10.0,10.0,10,100.0,inf,full,both,inf,180.0,0.01,0.0,0.0,256,20,3,0.5,0.1,0.99,10.0,256,20,0,512,0,5.0,3.75,265.58799229094063,1898.908016593771,0.0,0.0,0.0,
pd,mppi_lqr,300.0,1800.0,0.1,0.2,5.0,4.5,10.0,10.0,10,100.0,inf,full,both,inf,180.0,0.01,0.0,0.0,256,20,3,0.5,0.1,0.99,10.0,256,20,0,512,0,5.0,4.5,295.0160140930737,2882.579347677052,0.0,0.0,0.0,
pd,mppi_lqr,300.0,1800.0,0.1,0.2,5.0,5.0,10.0,10.0,10,100.0,inf,full,both,inf,180.0,0.01,0.0,0.0,256,20,3,0.5,0.1,0.99,10.0,256,20,0,512,0,5.0,5.0,295.5353167542907,3798.590761089799,0.0,0.0,0.0,
pd,mppi_lqr,300.0,1800.0,0.1,0.2,5.0,5.5,10.0,10.0,10,100.0,inf,full,both,inf,180.0,0.01,0.0,0.0,256,20,3,0.5,0.1,0.99,10.0,256,20,0,512,0,5.0,5.5,295.32216563420417,4761.832505252776,0.0,0.0,0.0,
pd,mppi_lqr,300.0,1800.0,0.1,0.2,5.0,6.25,10.0,10.0,10,100.0,inf,full,both,inf,180.0,0.01,0.0,0.0,256,20,3,0.5,0.1,0.99,10.0,256,20,0,512,0,5.0,6.25,293.80282617155547,6187.523732417178,0.0,0.0,0.0,
pd,mppi_lqr,300.0,1800.0,0.1,0.2,5.0,7.5,10.0,10.0,10,100.0,inf,full,both,inf,180.0,0.01,0.0,0.0,256,20,3,0.5,0.1,0.99,10.0,256,20,0,512,0,5.0,7.5,293.4660986992557,8533.063192575879,0.0,0.0,0.0,
pd,mppi_lqr,300.0,1800.0,0.1,0.2,5.0,10.0,10.0,10.0,10,100.0,inf,full,both,inf,180.0,0.01,0.0,0.0,256,20,3,0.5,0.1,0.99,10.0,256,20,0,512,0,5.0,10.0,293.7992277314008,12728.413405244555,0.0,0.0,0.0,
pd,mppi_lqr,300.0,1800.0,0.1,0.2,5.0,inf,10.0,10.0,10,100.0,inf,full,both,inf,180.0,0.01,0.0,0.0,256,20,3,0.5,0.1,0.99,10.0,256,20,0,512,0,5.0,34.33246270832817,293.794453393401,29265.98500069355,0.0,0.0,0.0,
pd,random,300.0,1800.0,0.1,0.025,5.0,1.25,10.0,10.0,10,100.0,inf,full,both,inf,180.0,0.01,0.0,0.0,256,20,3,0.5,0.1,0.99,10.0,256,20,0,512,512,2.261775270397896,1.140659151707373,9.66044368506157,9.66044368506157,0.0,0.0,1.0,610.0
pd,random,300.0,1800.0,0.1,0.025,5.0,2.5,10.0,10.0,10,100.0,inf,full,both,inf,180.0,0.01,0.0,0.0,256,20,3,0.5,0.1,0.99,10.0,256,20,0,512,512,2.2619926041133995,1.143425285712789,9.662924149085368,9.662924149085368,0.0,0.0,1.0,610.0
pd,random,300.0,1800.0,0.1,0.025,5.0,3.75,10.0,10.0,10,100.0,inf,full,both,inf,180.0,0.01,0.0,0.0,256,20,3,0.5,0.1,0.99,10.0,256,20,0,512,512,2.2619926041133995,1.143425285712789,9.662924149085368,9.662924149085368,0.0,0.0,1.0,610.0
pd,random,300.0,1800.0,0.1,0.025,5.0,4.5,10.0,10.0,10,100.0,inf,full,both,inf,180.0,0.01,0.0,0.0,256,20,3,0.5,0.1,0.99,10.0,256,20,0,512,512,2.2619926041133995,1.143425285712789,9.662924149085368,9.662924149085368,0.0,0.0,1.0,610.0
pd,random,300.0,1800.0,0.1,0.025,5.0,5.0,10.0,10.0,10,100.0,inf,full,both,inf,180.0,0.01,0.0,0.0,256,20,3,0.5,0.1,0.99,10.0,256,20,0,512,512,2.2619926041133995,1.143425285712789,9.662924149085368,9.662924149085368,0.0,0.0,1.0,610.0
pd,random,300.0,1800.0,0.1,0.025,5.0,5.5,10.0,10.0,10,100.0,inf,full,both,inf,180.0,0.01,0.0,0.0,256,20,3,0.5,0.1,0.99,10.0,256,20,0,512,512,2.2619926041133995,1.143425285712789,9.662924149085368,9.662924149085368,0.0,0.0,1.0,610.0
pd,random,300.0,1800.0,0.1,0.025,5.0,6.25,10.0,10.0,10,100.0,inf,full,both,inf,180.0,0.01,0.0,0.0,256,20,3,0.5,0.1,0.99,10.0,256,20,0,512,512,2.2619926041133995,1.143425285712789,9.662924149085368,9.662924149085368,0.0,0.0,1.0,610.0
pd,random,300.0,1800.0,0.1,0.025,5.0,7.5,10.0,10.0,10,100.0,inf,full,both,inf,180.0,0.01,0.0,0.0,256,20,3,0.5,0.1,0.99,10.0,256,20,0,512,512,2.2619926041133995,1.143425285712789,9.662924149085368,9.662924149085368,0.0,0.0,1.0,610.0
pd,random,300.0,1800.0,0.1,0.025,5.0,10.0,10.0,10.0,10,100.0,inf,full,both,inf,180.0,0.01,0.0,0.0,256,20,3,0.5,0.1,0.99,10.0,256,20,0,512,512,2.2619926041133995,1.143425285712789,9.662924149085368,9.662924149085368,0.0,0.0,1.0,610.0
pd,random,300.0,1800.0,0.1,0.025,5.0,inf,10.0,10.0,10,100.0,inf,full,both,inf,180.0,0.01,0.0,0.0,256,20,3,0.5,0.1,0.99,10.0,256,20,0,512,512,2.2619926041133995,1.143425285712789,9.662924149085368,9.662924149085368,0.0,0.0,1.0,610.0
pd,random,300.0,1800.0,0.1,0.05,5.0,1.25,10.0,10.0,10,100.0,inf,full,both,inf,180.0,0.01,0.0,0.0,256,20,3,0.5,0.1,0.99,10.0,256,20,0,512,512,2.27090665077921,1.25,9.67419857028372,9.67419857028372,0.0,0.0,1.0,600.0
pd,random,300.0,1800.0,0.1,0.05,5.0,2.5,10.0,10.0,10,100.0,inf,full,both,inf,180.0,0.01,0.0,0.0,256,20,3,0.5,0.1,0.99,10.0,256,20,0,512,512,2.438222993245445,2.320220634359018,9.632788259791266,9.632788259791266,0.0,0.0,1.0,630.0
pd,random,300.0,1800.0,0.1,0.05,5.0,3.75,10.0,10.0,10,100.0,inf,full,both,inf,180.0,0.01,0.0,0.0,256,20,3,0.5,0.1,0.99,10.0,256,20,0,512,512,2.452227921279905,2.3901020609159302,9.610510153290369,9.610510153290369,0.0,0.0,1.0,630.0
pd,random,300.0,1800.0,0.1,0.05,5.0,4.5,10.0,10.0,10,100.0,inf,full,both,inf,180.0,0.01,0.0,0.0,256,20,3,0.5,0.1,0.99,10.0,256,20,0,512,512,2.4522286311714185,2.3903025468404464,9.60912924220831,9.60912924220831,0.0,0.0,1.0,630.0
pd,random,300.0,1800.0,0.1,0.05,5.0,5.0,10.0,10.0,10,100.0,inf,full,both,inf,180.0,0.01,0.0,0.0,256,20,3,0.5,0.1,0.99,10.0,256,20,0,512,512,2.4522286311714185,2.3903025468404464,9.60912924220831,9.60912924220831,0.0,0.0,1.0,630.0
pd,random,300.0,1800.0,0.1,0.05,5.0,5.5,10.0,10.0,10,100.0,inf,full,both,inf,180.0,0.01,0.0,0.0,256,20,3,0.5,0.1,0.99,10.0,256,20,0,512,512,2.4522286311714185,2.3903025468404464,9.60912924220831,9.60912924220831,0.0,0.0,1.0,630.0
pd,random,300.0,1800.0,0.1,0.05,5.0,6.25,10.0,10.0,10,100.0,inf,full,both,inf,180.0,0.01,0.0,0.0,256,20,3,0.5,0.1,0.99,10.0,256,20,0,512,512,2.4522286311714185,2.3903025468404464,9.60912924220831,9.60912924220831,0.0,0.0,1.0,630.0
pd,random,300.0,1800.0,0.1,0.05,5.0,7.5,10.0,10.0,10,100.0,inf,full,both,inf,180.0,0.01,0.0,0.0,256,20,3,0.5,0.1,0.99,10.0,256,20,0,512,512,2.4522286311714185,2.3903025468404464,9.60912924220831,9.60912924220831,0.0,0.0,1.0,630.0
pd,random,300.0,1800.0,0.1,0.05,5.0,10.0,10.0,10.0,10,100.0,inf,full,both,inf,180.0,0.01,0.0,0.0,256,20,3,0.5,0.1,0.99,10.0,256,20,0,512,512,2.4522286311714185,2.3903025468404464,9.60912924220831,9.60912924220831,0.0,0.0,1.0,630.0
pd,random,300.0,1800.0,0.1,0.05,5.0,inf,10.0,10.0,10,100.0,inf,full,both,inf,180.0,0.01,0.0,0.0,256,20,3,0.5,0.1,0.99,10.0,256,20,0,512,512,2.4522286311714185,2.3903025468404464,9.60912924220831,9.60912924220831,0.0,0.0,1.0,630.0
pd,random,300.0,1800.0,0.1,0.075,5.0,1.25,10.0,10.0,10,100.0,inf,full,both,inf,180.0,0.01,0.0,0.0,256,20,3,0.5,0.1,0.99,10.0,256,20,0,512,512,2.29127389931289,1.25,9.666939385453675,9.666939385453675,0.0,0.0,1.0,600.0
pd,random,300.0,1800.0,0.1,0.075,5.0,2.5,10.0,10.0,10,100.0,inf,full,both,inf,180.0,0.01,0.0,0.0,256,20,3,0.5,0.1,0.99,10.0,256,20,0,512,512,2.452027646873343,2.5,9.658993660625844,9.658993660625844,0.0,0.0,1.0,610.0
pd,random,300.0,1800.0,0.1,0.075,5.0,3.75,10.0,10.0,10,100.0,inf,full,both,inf,180.0,0.01,0.0,0.0,256,20,3,0.5,0.1,0.99,10.0,256,20,0,512,512,2.694792064231342,3.5211790364022173,9.61625335940071,9.616253359400709,0.0,0.0,1.0,650.0
pd,random,300.0,1800.0,0.1,0.075,5.0,4.5,10.0,10.0,10,100.0,inf,full,both,inf,180.0,0.01,0.0,0.0,256,20,3,0.5,0.1,0.99,10.0,256,20,0,512,512,2.7481358775370475,3.7285458748750417,9.556778109402332,9.556848593323137,0.0,0.0,1.0,650.0
pd,random,300.0,1800.0,0.1,0.075,5.0,5.0,10.0,10.0,10,100.0,inf,full,both,inf,180.0,0.01,0.0,0.0,256,20,3,0.5,0.1,0.99,10.0,256,20,0,512,512,2.7629956220683134,3.788523524528672,9.546172281526443,9.546242765447246,0.0,0.0,1.0,650.0
pd,random,300.0,1800.0,0.1,0.075,5.0,5.5,10.0,10.0,10,100.0,inf,full,both,inf,180.0,0.01,0.0,0.0,256,20,3,0.5,0.1,0.99,10.0,256,20,0,512,512,2.770794746799426,3.818407845511613,9.540350463655551,9.540420947576356,0.0,0.0,1.0,650.0
pd,random,300.0,1800.0,0.1,0.075,5.0,6.25,10.0,10.0,10,100.0,inf,full,both,inf,180.0,0.01,0.0,0.0,256,20,3,0.5,0.1,0.99,10.0,256,20,0,512,512,2.7793778250184644,3.8452639046136334,9.5409322604132,9.541002744334005,0.0,0.0,1.0,650.0
pd,random,300.0,1800.0,0.1,0.075,5.0,7.5,10.0,10.0,10,100.0,inf,full,both,inf,180.0,0.01,0.0,0.0,256,20,3,0.5,0.1,0.99,10.0,256,20,0,512,512,2.783858296823422,3.86237762774276,9.535706594155196,9.535777078076,0.0,0.0,1.0,650.0
pd,random,300.0,1800.0,0.1,0.075,5.0,10.0,10.0,10.0,10,100.0,inf,full,both,inf,180.0,0.01,0.0,0.0,256,20,3,0.5,0.1,0.99,10.0,256,20,0,512,512,2.7848516097552194,3.865957536593845,9.536430700333526,9.536501184254329,0.0,0.0,1.0,650.0
pd,random,300.0,1800.0,0.1,0.075,5.0,inf,10.0,10.0,10,100.0,inf,full,both,inf,180.0,0.01,0.0,0.0,256,20,3,0.5,0.1,0.99,10.0,256,20,0,512,512,2.7848516097552194,3.865957536593845,9.536430700333526,9.536501184254329,0.0,0.0,1.0,650.0
pd,random,300.0,1800.0,0.1,0.09,5.0,1.25,10.0,10.0,10,100.0,inf,full,both,inf,180.0,0.01,0.0,0.0,256,20,3,0.5,0.1,0.99,10.0,256,20,0,512,512,2.3069918275147496,1.25,9.652895758021751,9.652895758021751,0.0,0.0,1.0,600.0
pd,random,300.0,1800.0,0.1,0.09,5.0,2.5,10.0,10.0,10,100.0,inf,full,both,inf,180.0,0.01,0.0,0.0,256,20,3,0.5,0.1,0.99,10.0,256,20,0,512,512,2.45153154433454,2.5,9.670174983184872,9.670174983184872,0.0,0.0,1.0,610.0
pd,random,300.0,1800.0,0.1,0.09,5.0,3.75,10.0,10.0,10,100.0,inf,full,both,inf,180.0,0.01,0.0,0.0,256,20,3,0.5,0.1,0.99,10.0,256,20,0,512,512,2.7269540148325864,3.717674831821561,9.6557999772477,9.6557999772477,0.0,0.0,1.0,650.0
pd,random,300.0,1800.0,0.1,0.09,5.0,4.5,10.0,10.0,10,100.0,inf,full,both,inf,180.0,0.01,0.0,0.0,256,20,3,0.5,0.1,0.99,10.0,256,20,0,512,512,2.8733718697106285,4.250125638803172,9.587108001009236,9.587108001009236,0.0,0.0,1.0,675.0
pd,random,300.0,1800.0,0.1,0.09,5.0,5.0,10.0,10.0,10,100.0,inf,full,both,inf,180.0,0.01,0.0,0.0,256,20,3,0.5,0.1,0.99,10.0,256,20,0,512,512,2.931990167906406,4.466082461215431,9.5327108463271,9.5327108463271,0.0,0.0,1.0,675.0
pd,random,300.0,1800.0,0.1,0.09,5.0,5.5,10.0,10.0,10,100.0,inf,full,both,inf,180.0,0.01,0.0,0.0,256,20,3,0.5,0.1,0.99,10.0,256,20,0,512,512,2.9713053866996706,4.602488988141596,9.502493759914698,9.502493759914698,0.0,0.0,1.0,675.0
pd,random,300.0,1800.0,0.1,0.09,5.0,6.25,10.0,10.0,10,100.0,inf,full,both,inf,180.0,0.01,0.0,0.0,256,20,3,0.5,0.1,0.99,10.0,256,20,0,512,512,3.004963907391465,4.729109741626674,9.484822023277536,9.484822023277538,0.0,0.0,1.0,675.0
pd,random,300.0,1800.0,0.1,0.09,5.0,7.5,10.0,10.0,10,100.0,inf,full,both,inf,180.0,0.01,0.0,0.0,256,20,3,0.5,0.1,0.99,10.0,256,20,0,512,512,3.0313833920993978,4.819265071135752,9.465563730904153,9.465563730904153,0.0,0.0,1.0,675.0
pd,random,300.0,1800.0,0.1,0.09,5.0,10.0,10.0,10.0,10,100.0,inf,full,both,inf,180.0,0.01,0.0,0.0,256,20,3,0.5,0.1,0.99,10.0,256,20,0,512,508,3.046091523295511,4.884127902593895,9.468598746866135,10.342192144168369,0.0,0.0,0.9921875,670.0
pd,random,300.0,1800.0,0.1,0.09,5.0,inf,10.0,10.0,10,100.0,inf,full,both,inf,180.0,0.01,0.0,0.0,256,20,3,0.5,0.1,0.99,10.0,256,20,0,512,508,3.046106436356115,4.901140905544267,9.467299221503987,10.627748300880024,0.0,0.0,0.9921875,670.0
pd,random,300.0,1800.0,0.1,0.1,5.0,1.25,10.0,10.0,10,100.0,inf,full,both,inf,180.0,0.01,0.0,0.0,256,20,3,0.5,0.1,0.99,10.0,256,20,0,512,512,2.313771833423697,1.25,9.658431179014975,9.658431179014975,0.0,0.0,1.0,600.0
pd,random,300.0,1800.0,0.1,0.1,5.0,2.5,10.0,10.0,10,100.0,inf,full,both,inf,180.0,0.01,0.0,0.0,256,20,3,0.5,0.1,0.99,10.0,256,20,0,512,512,2.458966612915153,2.5,9.667389336696278,9.667389336696278,0.0,0.0,1.0,610.0
pd,random,300.0,1800.0,0.1,0.1,5.0,3.75,10.0,10.0,10,100.0,inf,full,both,inf,180.0,0.01,0.0,0.0,256,20,3,0.5,0.1,0.99,10.0,256,20,0,512,512,2.7238112071396627,3.743069300992468,9.664949812931797,9.664949812931797,0.0,0.0,1.0,640.0
pd,random,300.0,1800.0,0.1,0.1,5.0,4.5,10.0,10.0,10,100.0,inf,full,both,inf,180.0,0.01,0.0,0.0,256,20,3,0.5,0.1,0.99,10.0,256,20,0,512,512,2.906413085420572,4.4026526895499485,9.637117806072826,9.637117806072828,0.0,0.0,1.0,690.0
pd,random,300.0,1800.0,0.1,0.1,5.0,5.0,10.0,10.0,10,100.0,inf,full,both,inf,180.0,0.01,0.0,0.0,256,20,3,0.5,0.1,0.99,10.0,256,20,0,512,512,3.002910037415313,4.741020862535182,9.581740232430056,9.581740232430054,0.0,0.0,1.0,690.0
pd,random,300.0,1800.0,0.1,0.1,5.0,5.5,10.0,10.0,10,100.0,inf,full,both,inf,180.0,0.01,0.0,0.0,256,20,3,0.5,0.1,0.99,10.0,256,20,0,512,512,3.075434334433496,4.99234506611296,9.542066157574268,9.542066157574268,0.0,0.0,1.0,700.0
pd,random,300.0,1800.0,0.1,0.1,5.0,6.25,10.0,10.0,10,100.0,inf,full,both,inf,180.0,0.01,0.0,0.0,256,20,3,0.5,0.1,0.99,10.0,256,20,0,512,512,3.1471404273202284,5.236888510266968,9.500871503627586,9.500871503627586,0.0,0.0,1.0,700.0
pd,random,300.0,1800.0,0.1,0.1,5.0,7.5,10.0,10.0,10,100.0,inf,full,both,inf,180.0,0.01,0.0,0.0,256,20,3,0.5,0.1,0.99,10.0,256,20,0,512,512,3.20485492784143,5.453951616127897,9.46937810603559,9.46937810603559,0.0,0.0,1.0,700.0
pd,random,300.0,1800.0,0.1,0.1,5.0,10.0,10.0,10.0,10,100.0,inf,full,both,inf,180.0,0.01,0.0,0.0,256,20,3,0.5,0.1,0.99,10.0,256,20,0,512,501,3.245195300761376,5.612037325591504,9.487098826410596,12.024464996535905,0.0,0.0,0.978515625,690.0
pd,random,300.0,1800.0,0.1,0.1,5.0,inf,10.0,10.0,10,100.0,inf,full,both,inf,180.0,0.01,0.0,0.0,256,20,3,0.5,0.1,0.99,10.0,256,20,0,512,499,3.245774605305123,5.702755578386941,9.493538056797044,13.43881492321175,0.0,0.0,0.974609375,690.0
pd,random,300.0,1800.0,0.1,0.11,5.0,1.25,10.0,10.0,10,100.0,inf,full,both,inf,180.0,0.01,0.0,0.0,256,20,3,0.5,0.1,0.99,10.0,256,20,0,512,512,2.3227897162442352,1.25,9.650357987559934,9.650357987559934,0.0,0.0,1.0,600.0
pd,random,300.0,1800.0,0.1,0.11,5.0,2.5,10.0,10.0,10,100.0,inf,full,both,inf,180.0,0.01,0.0,0.0,256,20,3,0.5,0.1,0.99,10.0,256,20,0,512,512,2.46995761708273,2.5,9.661116706644387,9.661116706644384,0.0,0.0,1.0,610.0
pd,random,300.0,1800.0,0.1,0.11,5.0,3.75,10.0,10.0,10,100.0,inf,full,both,inf,180.0,0.01,0.0,0.0,256,20,3,0.5,0.1,0.99,10.0,256,20,0,512,512,2.720632022316229,3.748961297136332,9.650065517904384,9.650065517904384,0.0,0.0,1.0,630.0
pd,random,300.0,1800.0,0.1,0.11,5.0,4.5,10.0,10.0,10,100.0,inf,full,both,inf,180.0,0.01,0.0,0.0,256,20,3,0.5,0.1,0.99,10.0,256,20,0,512,512,2.9085498275669286,4.461486641559877,9.634063527013955,9.634160257370034,0.0,0.0,1.0,670.0
pd,random,300.0,1800.0,0.1,0.11,5.0,5.0,10.0,10.0,10,100.0,inf,full,both,inf,180.0,0.01,0.0,0.0,256,20,3,0.5,0.1,0.99,10.0,256,20,0,512,512,3.0335161517806664,4.878371797896216,9.607249089366412,9.607249089366412,0.0,0.0,1.0,710.0
pd,random,300.0,1800.0,0.1,0.11,5.0,5.5,10.0,10.0,10,100.0,inf,full,both,inf,180.0,0.01,0.0,0.0,256,20,3,0.5,0.1,0.99,10.0,256,20,0,512,512,3.137912225463342,5.226916558115685,9.570618966649032,9.570678477908318,0.0,0.0,1.0,715.0
pd,random,300.0,1800.0,0.1,0.11,5.0,6.25,10.0,10.0,10,100.0,inf,full,both,inf,180.0,0.01,0.0,0.0,256,20,3,0.5,0.1,0.99,10.0,256,20,0,512,512,3.252330837046607,5.620493476626915,9.51209948963779,9.512159000897078,0.0,0.0,1.0,720.0
pd,random,300.0,1800.0,0.1,0.11,5.0,7.5,10.0,10.0,10,100.0,inf,full,both,inf,180.0,0.01,0.0,0.0,256,20,3,0.5,0.1,0.99,10.0,256,20,0,512,512,3.365976420238057,6.00902068879183,9.46503347074326,9.465092982002547,0.0,0.0,1.0,720.0
pd,random,300.0,1800.0,0.1,0.11,5.0,10.0,10.0,10.0,10,100.0,inf,full,both,inf,180.0,0.01,0.0,0.0,256,20,3,0.5,0.1,0.99,10.0,256,20,0,512,490,3.456663143427004,6.350132925384793,9.514130703264511,14.678772258430904,0.0,0.0,0.95703125,710.0
pd,random,300.0,1800.0,0.1,0.11,5.0,inf,10.0,10.0,10,100.0,inf,full,both,inf,180.0,0.01,0.0,0.0,256,20,3,0.5,0.1,0.99,10.0,256,20,0,512,485,3.460734002586106,6.626615667464729,9.533264678923254,21.70746836476371,0.0,0.0,0.947265625,710.0
pd,random,300.0,1800.0,0.1,0.125,5.0,1.25,10.0,10.0,10,100.0,inf,full,both,inf,180.0,0.01,0.0,0.0,256,20,3,0.5,0.1,0.99,10.0,256,20,0,512,512,2.323989557513405,1.25,9.66552030239053,9.66552030239053,0.0,0.0,1.0,610.0
pd,random,300.0,1800.0,0.1,0.125,5.0,2.5,10.0,10.0,10,100.0,inf,full,both,inf,180.0,0.01,0.0,0.0,256,20,3,0.5,0.1,0.99,10.0,256,20,0,512,512,2.484867505235429,2.5,9.658810192064362,9.65881019206436,0.0,0.0,1.0,610.0
pd,random,300.0,1800.0,0.1,0.125,5.0,3.75,10.0,10.0,10,100.0,inf,full,both,inf,180.0,0.01,0.0,0.0,256,20,3,0.5,0.1,0.99,10.0,256,20,0,512,512,2.7159088834492238,3.75,9.665950712864044,9.665950712864044,0.0,0.0,1.0,620.0
pd,random,300.0,1800.0,0.1,0.125,5.0,4.5,10.0,10.0,10,100.0,inf,full,both,inf,180.0,0.01,0.0,0.0,256,20,3,0.5,0.1,0.99,10.0,256,20,0,512,512,2.908047632165986,4.492257558920293,9.663107877982675,9.663107877982675,0.0,0.0,1.0,650.0
pd,random,300.0,1800.0,0.1,0.125,5.0,5.0,10.0,10.0,10,100.0,inf,full,both,inf,180.0,0.01,0.0,0.0,256,20,3,0.5,0.1,0.99,10.0,256,20,0,512,512,3.038311684092486,4.961233799771739,9.654708183380388,9.654708183380388,0.0,0.0,1.0,680.0
pd,random,300.0,1800.0,0.1,0.125,5.0,5.5,10.0,10.0,10,100.0,inf,full,both,inf,180.0,0.01,0.0,0.0,256,20,3,0.5,0.1,0.99,10.0,256,20,0,512,512,3.171444809543408,5.394297578665519,9.642025611899776,9.642025611899776,0.0,0.0,1.0,710.0
pd,random,300.0,1800.0,0.1,0.125,5.0,6.25,10.0,10.0,10,100.0,inf,full,both,inf,180.0,0.01,0.0,0.0,256,20,3,0.5,0.1,0.99,10.0,256,20,0,512,512,3.3422680763292374,5.948026498086951,9.571541391422844,9.571559859033758,0.0,0.0,1.0,750.0
pd,random,300.0,1800.0,0.1,0.125,5.0,7.5,10.0,10.0,10,100.0,inf,full,both,inf,180.0,0.01,0.0,0.0,256,20,3,0.5,0.1,0.99,10.0,256,20,0,512,512,3.5448161668300777,6.622118925518593,9.5005056152196,9.500528166552916,0.0,0.0,1.0,755.0
pd,random,300.0,1800.0,0.1,0.125,5.0,10.0,10.0,10.0,10,100.0,inf,full,both,inf,180.0,0.01,0.0,0.0,256,20,3,0.5,0.1,0.99,10.0,256,20,0,512,476,3.729927120872612,7.304377897784762,9.67643265172002,19.584115588967823,0.0,0.0,0.9296875,730.0
pd,random,300.0,1800.0,0.1,0.125,5.0,inf,10.0,10.0,10,100.0,inf,full,both,inf,180.0,0.01,0.0,0.0,256,20,3,0.5,0.1,0.99,10.0,256,20,0,512,448,3.7472786665005,8.19582007393951,9.778755402952802,47.66538552815194,0.0,0.0,0.875,710.0
pd,random,300.0,1800.0,0.1,0.15,5.0,1.25,10.0,10.0,10,100.0,inf,full,both,inf,180.0,0.01,0.0,0.0,256,20,3,0.5,0.1,0.99,10.0,256,20,0,512,512,2.3270947385345395,1.25,9.66141454396087,9.66141454396087,0.0,0.0,1.0,600.0
pd,random,300.0,1800.0,0.1,0.15,5.0,2.5,10.0,10.0,10,100.0,inf,full,both,inf,180.0,0.01,0.0,0.0,256,20,3,0.5,0.1,0.99,10.0,256,20,0,512,512,2.5122897897113003,2.5,9.67631847464723,9.67631847464723,0.0,0.0,1.0,610.0
pd,random,300.0,1800.0,0.1,0.15,5.0,3.75,10.0,10.0,10,100.0,inf,full,both,inf,180.0,0.01,0.0,0.0,256,20,3,0.5,0.1,0.99,10.0,256,20,0,512,512,2.733448613931164,3.75,9.655749344111204,9.655749344111204,0.0,0.0,1.0,620.0
pd,random,300.0,1800.0,0.1,0.15,5.0,4.5,10.0,10.0,10,100.0,inf,full,both,inf,180.0,0.01,0.0,0.0,256,20,3,0.5,0.1,0.99,10.0,256,20,0,512,512,2.903944283091794,4.5,9.65277698340278,9.652776983402784,0.0,0.0,1.0,630.0
pd,random,300.0,1800.0,0.1,0.15,5.0,5.0,10.0,10.0,10,100.0,inf,full,both,inf,180.0,0.01,0.0,0.0,256,20,3,0.5,0.1,0.99,10.0,256,20,0,512,512,3.037991264948053,4.997050816571495,9.65850953057728,9.658546930565834,0.0,0.0,1.0,650.0
pd,random,300.0,1800.0,0.1,0.15,5.0,5.5,10.0,10.0,10,100.0,inf,full,both,inf,180.0,0.01,0.0,0.0,256,20,3,0.5,0.1,0.99,10.0,256,20,0,512,512,3.1741390532825653,5.483401713128425,9.649065695160855,9.6490897460752,0.0,0.0,1.0,670.0
pd,random,300.0,1800.0,0.1,0.15,5.0,6.25,10.0,10.0,10,100.0,inf,full,both,inf,180.0,0.01,0.0,0.0,256,20,3,0.5,0.1,0.99,10.0,256,20,0,512,512,3.381939095657841,6.17368422965544,9.629835918852889,9.629998688028548,0.0,0.0,1.0,720.0
pd,random,300.0,1800.0,0.1,0.15,5.0,7.5,10.0,10.0,10,100.0,inf,full,both,inf,180.0,0.01,0.0,0.0,256,20,3,0.5,0.1,0.99,10.0,256,20,0,512,512,3.7045817612031553,7.173930884891908,9.553736322888051,9.5537603738024,0.0,0.0,1.0,790.0
pd,random,300.0,1800.0,0.1,0.15,5.0,10.0,10.0,10.0,10,100.0,inf,full,both,inf,180.0,0.01,0.0,0.0,256,20,3,0.5,0.1,0.99,10.0,256,20,0,512,456,4.089969342564198,8.536750806782521,9.949516321399116,30.10433562766314,0.0,0.0,0.890625,770.0
pd,random,300.0,1800.0,0.1,0.15,5.0,inf,10.0,10.0,10,100.0,inf,full,both,inf,180.0,0.01,0.0,0.0,256,20,3,0.5,0.1,0.99,10.0,256,20,0,512,377,4.156895650490801,11.355638608892145,10.535700212614705,138.81304513384913,0.0,0.0,0.736328125,710.0
pd,random,300.0,1800.0,0.1,0.2,5.0,1.25,10.0,10.0,10,100.0,inf,full,both,inf,180.0,0.01,0.0,0.0,256,20,3,0.5,0.1,0.99,10.0,256,20,0,512,512,2.336503160909494,1.25,9.662193337332903,9.6621933373329,0.0,0.0,1.0,610.0
pd,random,300.0,1800.0,0.1,0.2,5.0,2.5,10.0,10.0,10,100.0,inf,full,both,inf,180.0,0.01,0.0,0.0,256,20,3,0.5,0.1,0.99,10.0,256,20,0,512,512,2.5606098576099257,2.5,9.654787445256757,9.654787445256757,0.0,0.0,1.0,610.0
pd,random,300.0,1800.0,0.1,0.2,5.0,3.75,10.0,10.0,10,100.0,inf,full,both,inf,180.0,0.01,0.0,0.0,256,20,3,0.5,0.1,0.99,10.0,256,20,0,512,512,2.7827274565536224,3.75,9.657971747665464,9.657971747665464,0.0,0.0,1.0,610.0
pd,random,300.0,1800.0,0.1,0.2,5.0,4.5,10.0,10.0,10,100.0,inf,full,both,inf,180.0,0.01,0.0,0.0,256,20,3,0.5,0.1,0.99,10.0,256,20,0,512,512,2.9449417882916995,4.5,9.67343841977881,9.673438419778812,0.0,0.0,1.0,620.0
pd,random,300.0,1800.0,0.1,0.2,5.0,5.0,10.0,10.0,10,100.0,inf,full,both,inf,180.0,0.01,0.0,0.0,256,20,3,0.5,0.1,0.99,10.0,256,20,0,512,512,3.056532454578428,5.0,9.65664302452034,9.65664302452034,0.0,0.0,1.0,630.0
pd,random,300.0,1800.0,0.1,0.2,5.0,5.5,10.0,10.0,10,100.0,inf,full,both,inf,180.0,0.01,0.0,0.0,256,20,3,0.5,0.1,0.99,10.0,256,20,0,512,512,3.1852505703559424,5.5,9.668060201771732,9.668060201771732,0.0,0.0,1.0,640.0
pd,random,300.0,1800.0,0.1,0.2,5.0,6.25,10.0,10.0,10,100.0,inf,full,both,inf,180.0,0.01,0.0,0.0,256,20,3,0.5,0.1,0.99,10.0,256,20,0,512,512,3.383379458267529,6.245904012607949,9.646757530729245,9.646757530729246,0.0,0.0,1.0,660.0
pd,random,300.0,1800.0,0.1,0.2,5.0,7.5,10.0,10.0,10,100.0,inf,full,both,inf,180.0,0.01,0.0,0.0,256,20,3,0.5,0.1,0.99,10.0,256,20,0,512,511,3.7551775840588646,7.458163828449833,9.650312165737231,9.953966205633414,0.0,0.0,0.998046875,710.0
pd,random,300.0,1800.0,0.1,0.2,5.0,10.0,10.0,10.0,10,100.0,inf,full,both,inf,180.0,0.01,0.0,0.0,256,20,3,0.5,0.1,0.99,10.0,256,20,0,512,439,4.425735385687928,9.64398065430414,10.965540430653697,47.71442046870515,0.0,0.0,0.857421875,840.0
pd,random,300.0,1800.0,0.1,0.2,5.0,inf,10.0,10.0,10,100.0,inf,full,both,inf,180.0,0.01,0.0,0.0,256,20,3,0.5,0.1,0.99,10.0,256,20,0,512,202,4.672414679017179,20.264950738065707,14.360796912832626,570.366939765718,0.0,0.0,0.39453125,660.0
pd,transverse,300.0,1800.0,0.1,0.025,5.0,1.25,10.0,10.0,10,100.0,inf,full,both,inf,180.0,0.01,0.0,0.0,256,20,3,0.5,0.1,0.99,10.0,256,20,0,512,512,2.514074403113786,1.25,9.72996822447566,9.729968224475662,0.0,0.0,1.0,620.0
pd,transverse,300.0,1800.0,0.1,0.025,5.0,2.5,10.0,10.0,10,100.0,inf,full,both,inf,180.0,0.01,0.0,0.0,256,20,3,0.5,0.1,0.99,10.0,256,20,0,512,512,3.8925072689808977,2.5,9.860939360540316,9.860939360540318,0.0,0.0,1.0,1060.0
pd,transverse,300.0,1800.0,0.1,0.025,5.0,3.75,10.0,10.0,10,100.0,inf,full,both,inf,180.0,0.01,0.0,0.0,256,20,3,0.5,0.1,0.99,10.0,256,20,0,512,0,5.0,3.75,10.74110684325391,89.00940584178656,0.0,0.0,0.0,
pd,transverse,300.0,1800.0,0.1,0.025,5.0,4.5,10.0,10.0,10,100.0,inf,full,both,inf,180.0,0.01,0.0,0.0,256,20,3,0.5,0.1,0.99,10.0,256,20,0,512,0,5.0,4.4999999999999964,10.74110684325391,139.2917528115273,0.0,0.0,0.0,
pd,transverse,300.0,1800.0,0.1,0.025,5.0,5.0,10.0,10.0,10,100.0,inf,full,both,inf,180.0,0.01,0.0,0.0,256,20,3,0.5,0.1,0.99,10.0,256,20,0,512,0,5.0,4.4999999999999964,10.74110684325391,139.2917528115273,0.0,0.0,0.0,
pd,transverse,300.0,1800.0,0.1,0.025,5.0,5.5,10.0,10.0,10,100.0,inf,full,both,inf,180.0,0.01,0.0,0.0,256,20,3,0.5,0.1,0.99,10.0,256,20,0,512,0,5.0,4.4999999999999964,10.74110684325391,139.2917528115273,0.0,0.0,0.0,
pd,transverse,300.0,1800.0,0.1,0.025,5.0,6.25,10.0,10.0,10,100.0,inf,full,both,inf,180.0,0.01,0.0,0.0,256,20,3,0.5,0.1,0.99,10.0,256,20,0,512,0,5.0,4.4999999999999964,10.74110684325391,139.2917528115273,0.0,0.0,0.0,
pd,transverse,300.0,1800.0,0.1,0.025,5.0,7.5,10.0,10.0,10,100.0,inf,full,both,inf,180.0,0.01,0.0,0.0,256,20,3,0.5,0.1,0.99,10.0,256,20,0,512,0,5.0,4.4999999999999964,10.74110684325391,139.2917528115273,0.0,0.0,0.0,
pd,transverse,300.0,1800.0,0.1,0.025,5.0,10.0,10.0,10.0,10,100.0,inf,full,both,inf,180.0,0.01,0.0,0.0,256,20,3,0.5,0.1,0.99,10.0,256,20,0,512,0,5.0,4.4999999999999964,10.74110684325391,139.2917528115273,0.0,0.0,0.0,
pd,transverse,300.0,1800.0,0.1,0.025,5.0,inf,10.0,10.0,10,100.0,inf,full,both,inf,180.0,0.01,0.0,0.0,256,20,3,0.5,0.1,0.99,10.0,256,20,0,512,0,5.0,4.4999999999999964,10.74110684325391,139.2917528115273,0.0,0.0,0.0,
pd,transverse,300.0,1800.0,0.1,0.05,5.0,1.25,10.0,10.0,10,100.0,inf,full,both,inf,180.0,0.01,0.0,0.0,256,20,3,0.5,0.1,0.99,10.0,256,20,0,512,512,2.566926669844088,1.25,9.660903459239986,9.660903459239984,0.0,0.0,1.0,590.0
pd,transverse,300.0,1800.0,0.1,0.05,5.0,2.5,10.0,10.0,10,100.0,inf,full,both,inf,180.0,0.01,0.0,0.0,256,20,3,0.5,0.1,0.99,10.0,256,20,0,512,512,3.706133257193912,2.5,9.664912774763934,9.664912774763932,0.0,0.0,1.0,710.0
pd,transverse,300.0,1800.0,0.1,0.05,5.0,3.75,10.0,10.0,10,100.0,inf,full,both,inf,180.0,0.01,0.0,0.0,256,20,3,0.5,0.1,0.99,10.0,256,20,0,512,191,4.994195225727537,3.75,15.490765484588277,87.51841024242506,0.0,0.0,0.373046875,950.0
pd,transverse,300.0,1800.0,0.1,0.05,5.0,4.5,10.0,10.0,10,100.0,inf,full,both,inf,180.0,0.01,0.0,0.0,256,20,3,0.5,0.1,0.99,10.0,256,20,0,512,0,5.0,4.5,21.913170744154836,771.6819892219664,0.0,0.0,0.0,
pd,transverse,300.0,1800.0,0.1,0.05,5.0,5.0,10.0,10.0,10,100.0,inf,full,both,inf,180.0,0.01,0.0,0.0,256,20,3,0.5,0.1,0.99,10.0,256,20,0,512,0,5.0,5.0,21.913170744154836,997.8189534363528,0.0,0.0,0.0,
pd,transverse,300.0,1800.0,0.1,0.05,5.0,5.5,10.0,10.0,10,100.0,inf,full,both,inf,180.0,0.01,0.0,0.0,256,20,3,0.5,0.1,0.99,10.0,256,20,0,512,0,5.0,5.5,21.913170744154836,1165.2235905337322,0.0,0.0,0.0,
pd,transverse,300.0,1800.0,0.1,0.05,5.0,6.25,10.0,10.0,10,100.0,inf,full,both,inf,180.0,0.01,0.0,0.0,256,20,3,0.5,0.1,0.99,10.0,256,20,0,512,0,5.0,6.25,21.913170744154836,1355.6780845970854,0.0,0.0,0.0,
pd,transverse,300.0,1800.0,0.1,0.05,5.0,7.5,10.0,10.0,10,100.0,inf,full,both,inf,180.0,0.01,0.0,0.0,256,20,3,0.5,0.1,0.99,10.0,256,20,0,512,0,5.0,7.5,21.913170744154836,1536.3170440313772,0.0,0.0,0.0,
pd,transverse,300.0,1800.0,0.1,0.05,5.0,10.0,10.0,10.0,10,100.0,inf,full,both,inf,180.0,0.01,0.0,0.0,256,20,3,0.5,0.1,0.99,10.0,256,20,0,512,0,5.0,8.999999999999993,21.913170744154836,1581.049608782752,0.0,0.0,0.0,
pd,transverse,300.0,1800.0,0.1,0.05,5.0,inf,10.0,10.0,10,100.0,inf,full,both,inf,180.0,0.01,0.0,0.0,256,20,3,0.5,0.1,0.99,10.0,256,20,0,512,0,5.0,8.999999999999993,21.913170744154836,1581.049608782752,0.0,0.0,0.0,
pd,transverse,300.0,1800.0,0.1,0.075,5.0,1.25,10.0,10.0,10,100.0,inf,full,both,inf,180.0,0.01,0.0,0.0,256,20,3,0.5,0.1,0.99,10.0,256,20,0,512,512,2.698299651649588,1.25,9.66096488720236,9.660964887202358,0.0,0.0,1.0,595.0
pd,transverse,300.0,1800.0,0.1,0.075,5.0,2.5,10.0,10.0,10,100.0,inf,full,both,inf,180.0,0.01,0.0,0.0,256,20,3,0.5,0.1,0.99,10.0,256,20,0,512,512,3.686751851922657,2.5,9.665796612135509,9.665796612135509,0.0,0.0,1.0,630.0
pd,transverse,300.0,1800.0,0.1,0.075,5.0,3.75,10.0,10.0,10,100.0,inf,full,both,inf,180.0,0.01,0.0,0.0,256,20,3,0.5,0.1,0.99,10.0,256,20,0,512,390,4.984247587276796,3.75,11.414333174375116,42.73738682131634,0.0,0.0,0.76171875,760.0
pd,transverse,300.0,1800.0,0.1,0.075,5.0,4.5,10.0,10.0,10,100.0,inf,full,both,inf,180.0,0.01,0.0,0.0,256,20,3,0.5,0.1,0.99,10.0,256,20,0,512,0,5.0,4.5,35.0623350745925,1023.2180215374468,0.0,0.0,0.0,
pd,transverse,300.0,1800.0,0.1,0.075,5.0,5.0,10.0,10.0,10,100.0,inf,full,both,inf,180.0,0.01,0.0,0.0,256,20,3,0.5,0.1,0.99,10.0,256,20,0,512,0,5.0,5.0,35.0623350745925,1496.226265392839,0.0,0.0,0.0,
pd,transverse,300.0,1800.0,0.1,0.075,5.0,5.5,10.0,10.0,10,100.0,inf,full,both,inf,180.0,0.01,0.0,0.0,256,20,3,0.5,0.1,0.99,10.0,256,20,0,512,0,5.0,5.5,35.0623350745925,1832.4543357797384,0.0,0.0,0.0,
pd,transverse,300.0,1800.0,0.1,0.075,5.0,6.25,10.0,10.0,10,100.0,inf,full,both,inf,180.0,0.01,0.0,0.0,256,20,3,0.5,0.1,0.99,10.0,256,20,0,512,0,5.0,6.25,35.0623350745925,2252.282290537179,0.0,0.0,0.0,
pd,transverse,300.0,1800.0,0.1,0.075,5.0,7.5,10.0,10.0,10,100.0,inf,full,both,inf,180.0,0.01,0.0,0.0,256,20,3,0.5,0.1,0.99,10.0,256,20,0,512,0,5.0,7.5,35.0623350745925,2810.495484670161,0.0,0.0,0.0,
pd,transverse,300.0,1800.0,0.1,0.075,5.0,10.0,10.0,10.0,10,100.0,inf,full,both,inf,180.0,0.01,0.0,0.0,256,20,3,0.5,0.1,0.99,10.0,256,20,0,512,0,5.0,10.0,35.0623350745925,3435.211337061828,0.0,0.0,0.0,
pd,transverse,300.0,1800.0,0.1,0.075,5.0,inf,10.0,10.0,10,100.0,inf,full,both,inf,180.0,0.01,0.0,0.0,256,20,3,0.5,0.1,0.99,10.0,256,20,0,512,0,5.0,13.49999999999996,35.0623350745925,3612.917242313789,0.0,0.0,0.0,
pd,transverse,300.0,1800.0,0.1,0.09,5.0,1.25,10.0,10.0,10,100.0,inf,full,both,inf,180.0,0.01,0.0,0.0,256,20,3,0.5,0.1,0.99,10.0,256,20,0,512,512,2.7130872151668863,1.25,9.62990011546204,9.629900115462036,0.0,0.0,1.0,600.0
pd,transverse,300.0,1800.0,0.1,0.09,5.0,2.5,10.0,10.0,10,100.0,inf,full,both,inf,180.0,0.01,0.0,0.0,256,20,3,0.5,0.1,0.99,10.0,256,20,0,512,512,3.785179288999052,2.5,9.671093211187795,9.67109321118781,0.0,0.0,1.0,630.0
pd,transverse,300.0,1800.0,0.1,0.09,5.0,3.75,10.0,10.0,10,100.0,inf,full,both,inf,180.0,0.01,0.0,0.0,256,20,3,0.5,0.1,0.99,10.0,256,20,0,512,216,4.991231487271912,3.75,22.7559994159201,149.28249965734528,0.0,0.0,0.421875,750.0
pd,transverse,300.0,1800.0,0.1,0.09,5.0,4.5,10.0,10.0,10,100.0,inf,full,both,inf,180.0,0.01,0.0,0.0,256,20,3,0.5,0.1,0.99,10.0,256,20,0,512,0,5.0,4.5,66.83781709702069,1074.7066847421547,0.0,0.0,0.0,
pd,transverse,300.0,1800.0,0.1,0.09,5.0,5.0,10.0,10.0,10,100.0,inf,full,both,inf,180.0,0.01,0.0,0.0,256,20,3,0.5,0.1,0.99,10.0,256,20,0,512,0,5.0,5.0,66.84474382014639,1769.354450250498,0.0,0.0,0.0,
pd,transverse,300.0,1800.0,0.1,0.09,5.0,5.5,10.0,10.0,10,100.0,inf,full,both,inf,180.0,0.01,0.0,0.0,256,20,3,0.5,0.1,0.99,10.0,256,20,0,512,0,5.0,5.5,66.84474382014639,2295.496443579576,0.0,0.0,0.0,
pd,transverse,300.0,1800.0,0.1,0.09,5.0,6.25,10.0,10.0,10,100.0,inf,full,both,inf,180.0,0.01,0.0,0.0,256,20,3,0.5,0.1,0.99,10.0,256,20,0,512,0,5.0,6.25,66.84474382014639,2851.9733603967143,0.0,0.0,0.0,
pd,transverse,300.0,1800.0,0.1,0.09,5.0,7.5,10.0,10.0,10,100.0,inf,full,both,inf,180.0,0.01,0.0,0.0,256,20,3,0.5,0.1,0.99,10.0,256,20,0,512,0,5.0,7.5,66.84474382014639,3530.5966784739203,0.0,0.0,0.0,
pd,transverse,300.0,1800.0,0.1,0.09,5.0,10.0,10.0,10.0,10,100.0,inf,full,both,inf,180.0,0.01,0.0,0.0,256,20,3,0.5,0.1,0.99,10.0,256,20,0,512,0,5.0,10.0,66.84474382014639,4448.106189253078,0.0,0.0,0.0,
pd,transverse,300.0,1800.0,0.1,0.09,5.0,inf,10.0,10.0,10,100.0,inf,full,both,inf,180.0,0.01,0.0,0.0,256,20,3,0.5,0.1,0.99,10.0,256,20,0,512,0,5.0,16.19999999999998,66.84474382014639,5051.753013056637,0.0,0.0,0.0,
pd,transverse,300.0,1800.0,0.1,0.1,5.0,1.25,10.0,10.0,10,100.0,inf,full,both,inf,180.0,0.01,0.0,0.0,256,20,3,0.5,0.1,0.99,10.0,256,20,0,512,512,2.7051590240965275,1.25,9.667743619924156,9.667743619924154,0.0,0.0,1.0,600.0
pd,transverse,300.0,1800.0,0.1,0.1,5.0,2.5,10.0,10.0,10,100.0,inf,full,both,inf,180.0,0.01,0.0,0.0,256,20,3,0.5,0.1,0.99,10.0,256,20,0,512,512,3.900544984907653,2.5,9.660574181894413,9.660574181894413,0.0,0.0,1.0,670.0
pd,transverse,300.0,1800.0,0.1,0.1,5.0,3.75,10.0,10.0,10,100.0,inf,full,both,inf,180.0,0.01,0.0,0.0,256,20,3,0.5,0.1,0.99,10.0,256,20,0,512,51,4.991348734467277,3.75,45.12117441741707,258.4526220262336,0.0,0.0,0.099609375,800.0
pd,transverse,300.0,1800.0,0.1,0.1,5.0,4.5,10.0,10.0,10,100.0,inf,full,both,inf,180.0,0.01,0.0,0.0,256,20,3,0.5,0.1,0.99,10.0,256,20,0,512,0,5.0,4.5,95.7855551190237,1050.0064305504584,0.0,0.0,0.0,
pd,transverse,300.0,1800.0,0.1,0.1,5.0,5.0,10.0,10.0,10,100.0,inf,full,both,inf,180.0,0.01,0.0,0.0,256,20,3,0.5,0.1,0.99,10.0,256,20,0,512,0,5.0,5.0,95.9283109678678,1773.899172875051,0.0,0.0,0.0,
pd,transverse,300.0,1800.0,0.1,0.1,5.0,5.5,10.0,10.0,10,100.0,inf,full,both,inf,180.0,0.01,0.0,0.0,256,20,3,0.5,0.1,0.99,10.0,256,20,0,512,0,5.0,5.5,95.9283109678678,2428.9868939459056,0.0,0.0,0.0,
pd,transverse,300.0,1800.0,0.1,0.1,5.0,6.25,10.0,10.0,10,100.0,inf,full,both,inf,180.0,0.01,0.0,0.0,256,20,3,0.5,0.1,0.99,10.0,256,20,0,512,0,5.0,6.25,95.9283109678678,3186.413086190143,0.0,0.0,0.0,
pd,transverse,300.0,1800.0,0.1,0.1,5.0,7.5,10.0,10.0,10,100.0,inf,full,both,inf,180.0,0.01,0.0,0.0,256,20,3,0.5,0.1,0.99,10.0,256,20,0,512,0,5.0,7.5,95.9283109678678,4027.8111651096633,0.0,0.0,0.0,
pd,transverse,300.0,1800.0,0.1,0.1,5.0,10.0,10.0,10.0,10,100.0,inf,full,both,inf,180.0,0.01,0.0,0.0,256,20,3,0.5,0.1,0.99,10.0,256,20,0,512,0,5.0,10.0,95.9283109678678,5091.418166576807,0.0,0.0,0.0,
pd,transverse,300.0,1800.0,0.1,0.1,5.0,inf,10.0,10.0,10,100.0,inf,full,both,inf,180.0,0.01,0.0,0.0,256,20,3,0.5,0.1,0.99,10.0,256,20,0,512,0,5.0,17.999999999999986,95.9283109678678,6062.588479409149,0.0,0.0,0.0,
pd,transverse,300.0,1800.0,0.1,0.11,5.0,1.25,10.0,10.0,10,100.0,inf,full,both,inf,180.0,0.01,0.0,0.0,256,20,3,0.5,0.1,0.99,10.0,256,20,0,512,512,2.6984317564211926,1.25,9.667757379095004,9.667757379095008,0.0,0.0,1.0,610.0
pd,transverse,300.0,1800.0,0.1,0.11,5.0,2.5,10.0,10.0,10,100.0,inf,full,both,inf,180.0,0.01,0.0,0.0,256,20,3,0.5,0.1,0.99,10.0,256,20,0,512,512,3.986402308328024,2.5,9.676043967500146,9.676043967500137,0.0,0.0,1.0,700.0
pd,transverse,300.0,1800.0,0.1,0.11,5.0,3.75,10.0,10.0,10,100.0,inf,full,both,inf,180.0,0.01,0.0,0.0,256,20,3,0.5,0.1,0.99,10.0,256,20,0,512,27,4.991403659465015,3.75,60.79772428085307,303.3751638162066,0.0,0.0,0.052734375,800.0
pd,transverse,300.0,1800.0,0.1,0.11,5.0,4.5,10.0,10.0,10,100.0,inf,full,both,inf,180.0,0.01,0.0,0.0,256,20,3,0.5,0.1,0.99,10.0,256,20,0,512,0,5.0,4.5,119.63274962987484,1019.8491385302344,0.0,0.0,0.0,
pd,transverse,300.0,1800.0,0.1,0.11,5.0,5.0,10.0,10.0,10,100.0,inf,full,both,inf,180.0,0.01,0.0,0.0,256,20,3,0.5,0.1,0.99,10.0,256,20,0,512,0,5.0,5.0,120.51983070935584,1729.8184741875589,0.0,0.0,0.0,
pd,transverse,300.0,1800.0,0.1,0.11,5.0,5.5,10.0,10.0,10,100.0,inf,full,both,inf,180.0,0.01,0.0,0.0,256,20,3,0.5,0.1,0.99,10.0,256,20,0,512,0,5.0,5.5,120.51983965300272,2414.536107268544,0.0,0.0,0.0,
pd,transverse,300.0,1800.0,0.1,0.11,5.0,6.25,10.0,10.0,10,100.0,inf,full,both,inf,180.0,0.01,0.0,0.0,256,20,3,0.5,0.1,0.99,10.0,256,20,0,512,0,5.0,6.25,120.51983965300272,3316.4144255275028,0.0,0.0,0.0,
pd,transverse,300.0,1800.0,0.1,0.11,5.0,7.5,10.0,10.0,10,100.0,inf,full,both,inf,180.0,0.01,0.0,0.0,256,20,3,0.5,0.1,0.99,10.0,256,20,0,512,0,5.0,7.5,120.51983965300272,4387.910205161177,0.0,0.0,0.0,
pd,transverse,300.0,1800.0,0.1,0.11,5.0,10.0,10.0,10.0,10,100.0,inf,full,both,inf,180.0,0.01,0.0,0.0,256,20,3,0.5,0.1,0.99,10.0,256,20,0,512,0,5.0,10.0,120.51983965300272,5644.392692397489,0.0,0.0,0.0,
pd,transverse,300.0,1800.0,0.1,0.11,5.0,inf,10.0,10.0,10,100.0,inf,full,both,inf,180.0,0.01,0.0,0.0,256,20,3,0.5,0.1,0.99,10.0,256,20,0,512,0,5.0,19.79999999999995,120.51983965300272,7012.105891547275,0.0,0.0,0.0,
pd,transverse,300.0,1800.0,0.1,0.125,5.0,1.25,10.0,10.0,10,100.0,inf,full,both,inf,180.0,0.01,0.0,0.0,256,20,3,0.5,0.1,0.99,10.0,256,20,0,512,512,2.693140725724414,1.25,9.646986501833783,9.646986501833783,0.0,0.0,1.0,610.0
pd,transverse,300.0,1800.0,0.1,0.125,5.0,2.5,10.0,10.0,10,100.0,inf,full,both,inf,180.0,0.01,0.0,0.0,256,20,3,0.5,0.1,0.99,10.0,256,20,0,512,512,4.079675750825679,2.5,9.679812183329824,9.679812183329815,0.0,0.0,1.0,730.0
pd,transverse,300.0,1800.0,0.1,0.125,5.0,3.75,10.0,10.0,10,100.0,inf,full,both,inf,180.0,0.01,0.0,0.0,256,20,3,0.5,0.1,0.99,10.0,256,20,0,512,23,4.991555369487242,3.75,70.6476946088084,372.7951611033803,0.0,0.0,0.044921875,830.0
pd,transverse,300.0,1800.0,0.1,0.125,5.0,4.5,10.0,10.0,10,100.0,inf,full,both,inf,180.0,0.01,0.0,0.0,256,20,3,0.5,0.1,0.99,10.0,256,20,0,512,0,5.0,4.5,148.76335048177614,976.8791415427264,0.0,0.0,0.0,
pd,transverse,300.0,1800.0,0.1,0.125,5.0,5.0,10.0,10.0,10,100.0,inf,full,both,inf,180.0,0.01,0.0,0.0,256,20,3,0.5,0.1,0.99,10.0,256,20,0,512,0,5.0,5.0,151.57284322030816,1682.4713427436984,0.0,0.0,0.0,
pd,transverse,300.0,1800.0,0.1,0.125,5.0,5.5,10.0,10.0,10,100.0,inf,full,both,inf,180.0,0.01,0.0,0.0,256,20,3,0.5,0.1,0.99,10.0,256,20,0,512,0,5.0,5.5,151.67121006663183,2369.227829999042,0.0,0.0,0.0,
pd,transverse,300.0,1800.0,0.1,0.125,5.0,6.25,10.0,10.0,10,100.0,inf,full,both,inf,180.0,0.01,0.0,0.0,256,20,3,0.5,0.1,0.99,10.0,256,20,0,512,0,5.0,6.25,151.67121006663183,3338.9106886418526,0.0,0.0,0.0,
pd,transverse,300.0,1800.0,0.1,0.125,5.0,7.5,10.0,10.0,10,100.0,inf,full,both,inf,180.0,0.01,0.0,0.0,256,20,3,0.5,0.1,0.99,10.0,256,20,0,512,0,5.0,7.5,151.67121006663183,4688.997972258539,0.0,0.0,0.0,
pd,transverse,300.0,1800.0,0.1,0.125,5.0,10.0,10.0,10.0,10,100.0,inf,full,both,inf,180.0,0.01,0.0,0.0,256,20,3,0.5,0.1,0.99,10.0,256,20,0,512,0,5.0,10.0,151.67121006663183,6344.373704895881,0.0,0.0,0.0,
pd,transverse,300.0,1800.0,0.1,0.125,5.0,inf,10.0,10.0,10,100.0,inf,full,both,inf,180.0,0.01,0.0,0.0,256,20,3,0.5,0.1,0.99,10.0,256,20,0,512,0,5.0,22.5,151.67121006663183,8404.764420081528,0.0,0.0,0.0,
pd,transverse,300.0,1800.0,0.1,0.15,5.0,1.25,10.0,10.0,10,100.0,inf,full,both,inf,180.0,0.01,0.0,0.0,256,20,3,0.5,0.1,0.99,10.0,256,20,0,512,512,2.687935358602499,1.25,9.67306240468788,9.673062404687876,0.0,0.0,1.0,620.0
pd,transverse,300.0,1800.0,0.1,0.15,5.0,2.5,10.0,10.0,10,100.0,inf,full,both,inf,180.0,0.01,0.0,0.0,256,20,3,0.5,0.1,0.99,10.0,256,20,0,512,512,4.1776272928660045,2.5,9.674907368337667,9.674907368337664,0.0,0.0,1.0,760.0
pd,transverse,300.0,1800.0,0.1,0.15,5.0,3.75,10.0,10.0,10,100.0,inf,full,both,inf,180.0,0.01,0.0,0.0,256,20,3,0.5,0.1,0.99,10.0,256,20,0,512,27,4.991054180855885,3.75,75.42834626061014,502.6282591444203,0.0,0.0,0.052734375,840.0
pd,transverse,300.0,1800.0,0.1,0.15,5.0,4.5,10.0,10.0,10,100.0,inf,full,both,inf,180.0,0.01,0.0,0.0,256,20,3,0.5,0.1,0.99,10.0,256,20,0,512,2,4.999828992486497,4.5,184.19477076568512,922.8835091717682,0.0,0.0,0.00390625,840.0
pd,transverse,300.0,1800.0,0.1,0.15,5.0,5.0,10.0,10.0,10,100.0,inf,full,both,inf,180.0,0.01,0.0,0.0,256,20,3,0.5,0.1,0.99,10.0,256,20,0,512,0,5.0,5.0,189.01398756170585,1629.2441456805675,0.0,0.0,0.0,
pd,transverse,300.0,1800.0,0.1,0.15,5.0,5.5,10.0,10.0,10,100.0,inf,full,both,inf,180.0,0.01,0.0,0.0,256,20,3,0.5,0.1,0.99,10.0,256,20,0,512,0,5.0,5.5,190.5874994715112,2328.2664278453312,0.0,0.0,0.0,
pd,transverse,300.0,1800.0,0.1,0.15,5.0,6.25,10.0,10.0,10,100.0,inf,full,both,inf,180.0,0.01,0.0,0.0,256,20,3,0.5,0.1,0.99,10.0,256,20,0,512,0,5.0,6.25,190.5874994715112,3322.5083309222155,0.0,0.0,0.0,
pd,transverse,300.0,1800.0,0.1,0.15,5.0,7.5,10.0,10.0,10,100.0,inf,full,both,inf,180.0,0.01,0.0,0.0,256,20,3,0.5,0.1,0.99,10.0,256,20,0,512,0,5.0,7.5,190.5874994715112,4838.872846347609,0.0,0.0,0.0,
pd,transverse,300.0,1800.0,0.1,0.15,5.0,10.0,10.0,10.0,10,100.0,inf,full,both,inf,180.0,0.01,0.0,0.0,256,20,3,0.5,0.1,0.99,10.0,256,20,0,512,0,5.0,10.0,190.5874994715112,7139.178418182873,0.0,0.0,0.0,
pd,transverse,300.0,1800.0,0.1,0.15,5.0,inf,10.0,10.0,10,100.0,inf,full,both,inf,180.0,0.01,0.0,0.0,256,20,3,0.5,0.1,0.99,10.0,256,20,0,512,0,5.0,26.99999999999992,190.5874994715112,10697.583999578006,0.0,0.0,0.0,
pd,transverse,300.0,1800.0,0.1,0.2,5.0,1.25,10.0,10.0,10,100.0,inf,full,both,inf,180.0,0.01,0.0,0.0,256,20,3,0.5,0.1,0.99,10.0,256,20,0,512,512,2.688158494668045,1.25,9.670543579505347,9.670543579505344,0.0,0.0,1.0,620.0
pd,transverse,300.0,1800.0,0.1,0.2,5.0,2.5,10.0,10.0,10,100.0,inf,full,both,inf,180.0,0.01,0.0,0.0,256,20,3,0.5,0.1,0.99,10.0,256,20,0,512,511,4.292122653191378,2.5,9.672972957938812,10.455489621939122,0.0,0.0,0.998046875,790.0
pd,transverse,300.0,1800.0,0.1,0.2,5.0,3.75,10.0,10.0,10,100.0,inf,full,both,inf,180.0,0.01,0.0,0.0,256,20,3,0.5,0.1,0.99,10.0,256,20,0,512,21,4.990276171779295,3.75,84.49858728456361,730.2886992222042,0.0,0.0,0.041015625,850.0
pd,transverse,300.0,1800.0,0.1,0.2,5.0,4.5,10.0,10.0,10,100.0,inf,full,both,inf,180.0,0.01,0.0,0.0,256,20,3,0.5,0.1,0.99,10.0,256,20,0,512,1,4.999462833009615,4.5,225.9337881318241,895.2975500148448,0.0,0.0,0.001953125,840.0
pd,transverse,300.0,1800.0,0.1,0.2,5.0,5.0,10.0,10.0,10,100.0,inf,full,both,inf,180.0,0.01,0.0,0.0,256,20,3,0.5,0.1,0.99,10.0,256,20,0,512,0,5.0,5.0,231.36179164420548,1633.7726799066245,0.0,0.0,0.0,
pd,transverse,300.0,1800.0,0.1,0.2,5.0,5.5,10.0,10.0,10,100.0,inf,full,both,inf,180.0,0.01,0.0,0.0,256,20,3,0.5,0.1,0.99,10.0,256,20,0,512,0,5.0,5.5,234.89988546283777,2367.322017489173,0.0,0.0,0.0,
pd,transverse,300.0,1800.0,0.1,0.2,5.0,6.25,10.0,10.0,10,100.0,inf,full,both,inf,180.0,0.01,0.0,0.0,256,20,3,0.5,0.1,0.99,10.0,256,20,0,512,0,5.0,6.25,235.95992566999368,3421.44780901503,0.0,0.0,0.0,
pd,transverse,300.0,1800.0,0.1,0.2,5.0,7.5,10.0,10.0,10,100.0,inf,full,both,inf,180.0,0.01,0.0,0.0,256,20,3,0.5,0.1,0.99,10.0,256,20,0,512,0,5.0,7.5,235.95992566999368,5015.390182331313,0.0,0.0,0.0,
pd,transverse,300.0,1800.0,0.1,0.2,5.0,10.0,10.0,10.0,10,100.0,inf,full,both,inf,180.0,0.01,0.0,0.0,256,20,3,0.5,0.1,0.99,10.0,256,20,0,512,0,5.0,10.0,235.95992566999368,7817.743153799833,0.0,0.0,0.0,
pd,transverse,300.0,1800.0,0.1,0.2,5.0,inf,10.0,10.0,10,100.0,inf,full,both,inf,180.0,0.01,0.0,0.0,256,20,3,0.5,0.1,0.99,10.0,256,20,0,512,0,5.0,35.99999999999997,235.95992566999368,15238.54849883294,0.0,0.0,0.0,
