pursuer,evader,separation_m,horizon_s,pursuer_cap_mps,evader_cap_mps,pursuer_budget_mps,evader_budget_mps,dt_s,capture_m,substeps,lookahead_s,capture_speed_mps,sensor,sensed,sensor_range_m,cone_half_angle_deg,noise_fraction,prior_sigma_m,prior_sigma_mps,planner_samples,planner_segments,planner_repeat,planner_noise,planner_temperature,planner_discount,planner_capture_bonus,planner_evader_samples,planner_evader_segments,planner_rollout_substeps,episodes,wins,pursuer_dv,evader_dv,closest_m,final_range_m,pursuer_detection_fraction,pursuer_mean_error_m,outcome,median_capture_time_s
coast,flee,300.0,1800.0,0.1,0.025,5.0,1.25,10.0,10.0,10,100.0,inf,full,both,inf,180.0,0.01,0.0,0.0,256,20,3,0.5,0.1,0.99,10.0,256,20,0,128,0,0.0,1.25,300.0,3450.72375645854,0.0,0.0,0.0,
coast,flee,300.0,1800.0,0.1,0.025,5.0,2.5,10.0,10.0,10,100.0,inf,full,both,inf,180.0,0.01,0.0,0.0,256,20,3,0.5,0.1,0.99,10.0,256,20,0,128,0,0.0,2.5,300.0,4856.678236608875,0.0,0.0,0.0,
coast,flee,300.0,1800.0,0.1,0.025,5.0,3.75,10.0,10.0,10,100.0,inf,full,both,inf,180.0,0.01,0.0,0.0,256,20,3,0.5,0.1,0.99,10.0,256,20,0,128,0,0.0,3.75,300.0,5548.723617013008,0.0,0.0,0.0,
coast,flee,300.0,1800.0,0.1,0.025,5.0,4.5,10.0,10.0,10,100.0,inf,full,both,inf,180.0,0.01,0.0,0.0,256,20,3,0.5,0.1,0.99,10.0,256,20,0,128,0,0.0,4.4999999999999964,300.0,5664.618573481705,0.0,0.0,0.0,
coast,flee,300.0,1800.0,0.1,0.025,5.0,5.0,10.0,10.0,10,100.0,inf,full,both,inf,180.0,0.01,0.0,0.0,256,20,3,0.5,0.1,0.99,10.0,256,20,0,128,0,0.0,4.4999999999999964,300.0,5664.618573481705,0.0,0.0,0.0,
coast,flee,300.0,1800.0,0.1,0.025,5.0,5.5,10.0,10.0,10,100.0,inf,full,both,inf,180.0,0.01,0.0,0.0,256,20,3,0.5,0.1,0.99,10.0,256,20,0,128,0,0.0,4.4999999999999964,300.0,5664.618573481705,0.0,0.0,0.0,
coast,flee,300.0,1800.0,0.1,0.025,5.0,6.25,10.0,10.0,10,100.0,inf,full,both,inf,180.0,0.01,0.0,0.0,256,20,3,0.5,0.1,0.99,10.0,256,20,0,128,0,0.0,4.4999999999999964,300.0,5664.618573481705,0.0,0.0,0.0,
coast,flee,300.0,1800.0,0.1,0.025,5.0,7.5,10.0,10.0,10,100.0,inf,full,both,inf,180.0,0.01,0.0,0.0,256,20,3,0.5,0.1,0.99,10.0,256,20,0,128,0,0.0,4.4999999999999964,300.0,5664.618573481705,0.0,0.0,0.0,
coast,flee,300.0,1800.0,0.1,0.025,5.0,10.0,10.0,10.0,10,100.0,inf,full,both,inf,180.0,0.01,0.0,0.0,256,20,3,0.5,0.1,0.99,10.0,256,20,0,128,0,0.0,4.4999999999999964,300.0,5664.618573481705,0.0,0.0,0.0,
coast,flee,300.0,1800.0,0.1,0.025,5.0,inf,10.0,10.0,10,100.0,inf,full,both,inf,180.0,0.01,0.0,0.0,256,20,3,0.5,0.1,0.99,10.0,256,20,0,128,0,0.0,4.4999999999999964,300.0,5664.618573481705,0.0,0.0,0.0,
coast,flee,300.0,1800.0,0.1,0.05,5.0,1.25,10.0,10.0,10,100.0,inf,full,both,inf,180.0,0.01,0.0,0.0,256,20,3,0.5,0.1,0.99,10.0,256,20,0,128,0,0.0,1.25,300.0,3711.189327837908,0.0,0.0,0.0,
coast,flee,300.0,1800.0,0.1,0.05,5.0,2.5,10.0,10.0,10,100.0,inf,full,both,inf,180.0,0.01,0.0,0.0,256,20,3,0.5,0.1,0.99,10.0,256,20,0,128,0,0.0,2.5,300.0,5825.50299454652,0.0,0.0,0.0,
coast,flee,300.0,1800.0,0.1,0.05,5.0,3.75,10.0,10.0,10,100.0,inf,full,both,inf,180.0,0.01,0.0,0.0,256,20,3,0.5,0.1,0.99,10.0,256,20,0,128,0,0.0,3.75,300.0,7442.688886518289,0.0,0.0,0.0,
coast,flee,300.0,1800.0,0.1,0.05,5.0,4.5,10.0,10.0,10,100.0,inf,full,both,inf,180.0,0.01,0.0,0.0,256,20,3,0.5,0.1,0.99,10.0,256,20,0,128,0,0.0,4.5,300.0,8207.784721714841,0.0,0.0,0.0,
coast,flee,300.0,1800.0,0.1,0.05,5.0,5.0,10.0,10.0,10,100.0,inf,full,both,inf,180.0,0.01,0.0,0.0,256,20,3,0.5,0.1,0.99,10.0,256,20,0,128,0,0.0,5.0,300.0,8642.885541302798,0.0,0.0,0.0,
coast,flee,300.0,1800.0,0.1,0.05,5.0,5.5,10.0,10.0,10,100.0,inf,full,both,inf,180.0,0.01,0.0,0.0,256,20,3,0.5,0.1,0.99,10.0,256,20,0,128,0,0.0,5.5,300.0,9022.46507576137,0.0,0.0,0.0,
coast,flee,300.0,1800.0,0.1,0.05,5.0,6.25,10.0,10.0,10,100.0,inf,full,both,inf,180.0,0.01,0.0,0.0,256,20,3,0.5,0.1,0.99,10.0,256,20,0,128,0,0.0,6.25,300.0,9493.455952851516,0.0,0.0,0.0,
coast,flee,300.0,1800.0,0.1,0.05,5.0,7.5,10.0,10.0,10,100.0,inf,full,both,inf,180.0,0.01,0.0,0.0,256,20,3,0.5,0.1,0.99,10.0,256,20,0,128,0,0.0,7.5,300.0,10027.430270632216,0.0,0.0,0.0,
coast,flee,300.0,1800.0,0.1,0.05,5.0,10.0,10.0,10.0,10,100.0,inf,full,both,inf,180.0,0.01,0.0,0.0,256,20,3,0.5,0.1,0.99,10.0,256,20,0,128,0,0.0,8.999999999999993,300.0,10259.268242427735,0.0,0.0,0.0,
coast,flee,300.0,1800.0,0.1,0.05,5.0,inf,10.0,10.0,10,100.0,inf,full,both,inf,180.0,0.01,0.0,0.0,256,20,3,0.5,0.1,0.99,10.0,256,20,0,128,0,0.0,8.999999999999993,300.0,10259.268242427735,0.0,0.0,0.0,
coast,flee,300.0,1800.0,0.1,0.075,5.0,1.25,10.0,10.0,10,100.0,inf,full,both,inf,180.0,0.01,0.0,0.0,256,20,3,0.5,0.1,0.99,10.0,256,20,0,128,0,0.0,1.25,300.0,3802.71435162712,0.0,0.0,0.0,
coast,flee,300.0,1800.0,0.1,0.075,5.0,2.5,10.0,10.0,10,100.0,inf,full,both,inf,180.0,0.01,0.0,0.0,256,20,3,0.5,0.1,0.99,10.0,256,20,0,128,0,0.0,2.5,300.0,6199.873499475747,0.0,0.0,0.0,
coast,flee,300.0,1800.0,0.1,0.075,5.0,3.75,10.0,10.0,10,100.0,inf,full,both,inf,180.0,0.01,0.0,0.0,256,20,3,0.5,0.1,0.99,10.0,256,20,0,128,0,0.0,3.75,300.0,8231.783795345142,0.0,0.0,0.0,
coast,flee,300.0,1800.0,0.1,0.075,5.0,4.5,10.0,10.0,10,100.0,inf,full,both,inf,180.0,0.01,0.0,0.0,256,20,3,0.5,0.1,0.99,10.0,256,20,0,128,0,0.0,4.5,300.0,9284.991479314443,0.0,0.0,0.0,
coast,flee,300.0,1800.0,0.1,0.075,5.0,5.0,10.0,10.0,10,100.0,inf,full,both,inf,180.0,0.01,0.0,0.0,256,20,3,0.5,0.1,0.99,10.0,256,20,0,128,0,0.0,5.0,300.0,9923.613291848382,0.0,0.0,0.0,
coast,flee,300.0,1800.0,0.1,0.075,5.0,5.5,10.0,10.0,10,100.0,inf,full,both,inf,180.0,0.01,0.0,0.0,256,20,3,0.5,0.1,0.99,10.0,256,20,0,128,0,0.0,5.5,300.0,10514.903929790771,0.0,0.0,0.0,
coast,flee,300.0,1800.0,0.1,0.075,5.0,6.25,10.0,10.0,10,100.0,inf,full,both,inf,180.0,0.01,0.0,0.0,256,20,3,0.5,0.1,0.99,10.0,256,20,0,128,0,0.0,6.25,300.0,11318.533781117489,0.0,0.0,0.0,
coast,flee,300.0,1800.0,0.1,0.075,5.0,7.5,10.0,10.0,10,100.0,inf,full,both,inf,180.0,0.01,0.0,0.0,256,20,3,0.5,0.1,0.99,10.0,256,20,0,128,0,0.0,7.5,300.0,12454.48264638918,0.0,0.0,0.0,
coast,flee,300.0,1800.0,0.1,0.075,5.0,10.0,10.0,10.0,10,100.0,inf,full,both,inf,180.0,0.01,0.0,0.0,256,20,3,0.5,0.1,0.99,10.0,256,20,0,128,0,0.0,10.0,300.0,14048.650455853489,0.0,0.0,0.0,
coast,flee,300.0,1800.0,0.1,0.075,5.0,inf,10.0,10.0,10,100.0,inf,full,both,inf,180.0,0.01,0.0,0.0,256,20,3,0.5,0.1,0.99,10.0,256,20,0,128,0,0.0,13.49999999999996,300.0,14878.869418655791,0.0,0.0,0.0,
coast,flee,300.0,1800.0,0.1,0.09,5.0,1.25,10.0,10.0,10,100.0,inf,full,both,inf,180.0,0.01,0.0,0.0,256,20,3,0.5,0.1,0.99,10.0,256,20,0,128,0,0.0,1.25,300.0,3833.867082165072,0.0,0.0,0.0,
coast,flee,300.0,1800.0,0.1,0.09,5.0,2.5,10.0,10.0,10,100.0,inf,full,both,inf,180.0,0.01,0.0,0.0,256,20,3,0.5,0.1,0.99,10.0,256,20,0,128,0,0.0,2.5,300.0,6330.276575725311,0.0,0.0,0.0,
coast,flee,300.0,1800.0,0.1,0.09,5.0,3.75,10.0,10.0,10,100.0,inf,full,both,inf,180.0,0.01,0.0,0.0,256,20,3,0.5,0.1,0.99,10.0,256,20,0,128,0,0.0,3.75,300.0,8515.851646726114,0.0,0.0,0.0,
coast,flee,300.0,1800.0,0.1,0.09,5.0,4.5,10.0,10.0,10,100.0,inf,full,both,inf,180.0,0.01,0.0,0.0,256,20,3,0.5,0.1,0.99,10.0,256,20,0,128,0,0.0,4.5,300.0,9680.809840165764,0.0,0.0,0.0,
coast,flee,300.0,1800.0,0.1,0.09,5.0,5.0,10.0,10.0,10,100.0,inf,full,both,inf,180.0,0.01,0.0,0.0,256,20,3,0.5,0.1,0.99,10.0,256,20,0,128,0,0.0,5.0,300.0,10399.821603164726,0.0,0.0,0.0,
coast,flee,300.0,1800.0,0.1,0.09,5.0,5.5,10.0,10.0,10,100.0,inf,full,both,inf,180.0,0.01,0.0,0.0,256,20,3,0.5,0.1,0.99,10.0,256,20,0,128,0,0.0,5.5,300.0,11075.626549595054,0.0,0.0,0.0,
coast,flee,300.0,1800.0,0.1,0.09,5.0,6.25,10.0,10.0,10,100.0,inf,full,both,inf,180.0,0.01,0.0,0.0,256,20,3,0.5,0.1,0.99,10.0,256,20,0,128,0,0.0,6.25,300.0,12011.935851546064,0.0,0.0,0.0,
coast,flee,300.0,1800.0,0.1,0.09,5.0,7.5,10.0,10.0,10,100.0,inf,full,both,inf,180.0,0.01,0.0,0.0,256,20,3,0.5,0.1,0.99,10.0,256,20,0,128,0,0.0,7.5,300.0,13382.657817211002,0.0,0.0,0.0,
coast,flee,300.0,1800.0,0.1,0.09,5.0,10.0,10.0,10.0,10,100.0,inf,full,both,inf,180.0,0.01,0.0,0.0,256,20,3,0.5,0.1,0.99,10.0,256,20,0,128,0,0.0,10.0,300.0,15498.00532945563,0.0,0.0,0.0,
coast,flee,300.0,1800.0,0.1,0.09,5.0,inf,10.0,10.0,10,100.0,inf,full,both,inf,180.0,0.01,0.0,0.0,256,20,3,0.5,0.1,0.99,10.0,256,20,0,128,0,0.0,16.19999999999998,300.0,17654.337411498513,0.0,0.0,0.0,
coast,flee,300.0,1800.0,0.1,0.1,5.0,1.25,10.0,10.0,10,100.0,inf,full,both,inf,180.0,0.01,0.0,0.0,256,20,3,0.5,0.1,0.99,10.0,256,20,0,128,0,0.0,1.25,300.0,3849.346467785271,0.0,0.0,0.0,
coast,flee,300.0,1800.0,0.1,0.1,5.0,2.5,10.0,10.0,10,100.0,inf,full,both,inf,180.0,0.01,0.0,0.0,256,20,3,0.5,0.1,0.99,10.0,256,20,0,128,0,0.0,2.5,300.0,6396.6149955058845,0.0,0.0,0.0,
coast,flee,300.0,1800.0,0.1,0.1,5.0,3.75,10.0,10.0,10,100.0,inf,full,both,inf,180.0,0.01,0.0,0.0,256,20,3,0.5,0.1,0.99,10.0,256,20,0,128,0,0.0,3.75,300.0,8661.851979177996,0.0,0.0,0.0,
coast,flee,300.0,1800.0,0.1,0.1,5.0,4.5,10.0,10.0,10,100.0,inf,full,both,inf,180.0,0.01,0.0,0.0,256,20,3,0.5,0.1,0.99,10.0,256,20,0,128,0,0.0,4.5,300.0,9885.805464214916,0.0,0.0,0.0,
coast,flee,300.0,1800.0,0.1,0.1,5.0,5.0,10.0,10.0,10,100.0,inf,full,both,inf,180.0,0.01,0.0,0.0,256,20,3,0.5,0.1,0.99,10.0,256,20,0,128,0,0.0,5.0,300.0,10647.959152937274,0.0,0.0,0.0,
coast,flee,300.0,1800.0,0.1,0.1,5.0,5.5,10.0,10.0,10,100.0,inf,full,both,inf,180.0,0.01,0.0,0.0,256,20,3,0.5,0.1,0.99,10.0,256,20,0,128,0,0.0,5.5,300.0,11369.090965472898,0.0,0.0,0.0,
coast,flee,300.0,1800.0,0.1,0.1,5.0,6.25,10.0,10.0,10,100.0,inf,full,both,inf,180.0,0.01,0.0,0.0,256,20,3,0.5,0.1,0.99,10.0,256,20,0,128,0,0.0,6.25,300.0,12377.359504174425,0.0,0.0,0.0,
coast,flee,300.0,1800.0,0.1,0.1,5.0,7.5,10.0,10.0,10,100.0,inf,full,both,inf,180.0,0.01,0.0,0.0,256,20,3,0.5,0.1,0.99,10.0,256,20,0,128,0,0.0,7.5,300.0,13876.600439503847,0.0,0.0,0.0,
coast,flee,300.0,1800.0,0.1,0.1,5.0,10.0,10.0,10.0,10,100.0,inf,full,both,inf,180.0,0.01,0.0,0.0,256,20,3,0.5,0.1,0.99,10.0,256,20,0,128,0,0.0,10.0,300.0,16273.179058382248,0.0,0.0,0.0,
coast,flee,300.0,1800.0,0.1,0.1,5.0,inf,10.0,10.0,10,100.0,inf,full,both,inf,180.0,0.01,0.0,0.0,256,20,3,0.5,0.1,0.99,10.0,256,20,0,128,0,0.0,17.999999999999986,300.0,19505.355242991147,0.0,0.0,0.0,
coast,flee,300.0,1800.0,0.1,0.11,5.0,1.25,10.0,10.0,10,100.0,inf,full,both,inf,180.0,0.01,0.0,0.0,256,20,3,0.5,0.1,0.99,10.0,256,20,0,128,0,0.0,1.25,300.0,3862.180054602089,0.0,0.0,0.0,
coast,flee,300.0,1800.0,0.1,0.11,5.0,2.5,10.0,10.0,10,100.0,inf,full,both,inf,180.0,0.01,0.0,0.0,256,20,3,0.5,0.1,0.99,10.0,256,20,0,128,0,0.0,2.5,300.0,6451.019079980867,0.0,0.0,0.0,
coast,flee,300.0,1800.0,0.1,0.11,5.0,3.75,10.0,10.0,10,100.0,inf,full,both,inf,180.0,0.01,0.0,0.0,256,20,3,0.5,0.1,0.99,10.0,256,20,0,128,0,0.0,3.75,300.0,8783.404297280314,0.0,0.0,0.0,
coast,flee,300.0,1800.0,0.1,0.11,5.0,4.5,10.0,10.0,10,100.0,inf,full,both,inf,180.0,0.01,0.0,0.0,256,20,3,0.5,0.1,0.99,10.0,256,20,0,128,0,0.0,4.5,300.0,10056.933892478291,0.0,0.0,0.0,
coast,flee,300.0,1800.0,0.1,0.11,5.0,5.0,10.0,10.0,10,100.0,inf,full,both,inf,180.0,0.01,0.0,0.0,256,20,3,0.5,0.1,0.99,10.0,256,20,0,128,0,0.0,5.0,300.0,10855.4830974954,0.0,0.0,0.0,
coast,flee,300.0,1800.0,0.1,0.11,5.0,5.5,10.0,10.0,10,100.0,inf,full,both,inf,180.0,0.01,0.0,0.0,256,20,3,0.5,0.1,0.99,10.0,256,20,0,128,0,0.0,5.5,300.0,11615.7166717557,0.0,0.0,0.0,
coast,flee,300.0,1800.0,0.1,0.11,5.0,6.25,10.0,10.0,10,100.0,inf,full,both,inf,180.0,0.01,0.0,0.0,256,20,3,0.5,0.1,0.99,10.0,256,20,0,128,0,0.0,6.25,300.0,12686.05438499378,0.0,0.0,0.0,
coast,flee,300.0,1800.0,0.1,0.11,5.0,7.5,10.0,10.0,10,100.0,inf,full,both,inf,180.0,0.01,0.0,0.0,256,20,3,0.5,0.1,0.99,10.0,256,20,0,128,0,0.0,7.5,300.0,14296.43246837114,0.0,0.0,0.0,
coast,flee,300.0,1800.0,0.1,0.11,5.0,10.0,10.0,10.0,10,100.0,inf,full,both,inf,180.0,0.01,0.0,0.0,256,20,3,0.5,0.1,0.99,10.0,256,20,0,128,0,0.0,10.0,300.0,16937.62601066597,0.0,0.0,0.0,
coast,flee,300.0,1800.0,0.1,0.11,5.0,inf,10.0,10.0,10,100.0,inf,full,both,inf,180.0,0.01,0.0,0.0,256,20,3,0.5,0.1,0.99,10.0,256,20,0,128,0,0.0,19.79999999999995,300.0,21356.71078957945,0.0,0.0,0.0,
coast,flee,300.0,1800.0,0.1,0.125,5.0,1.25,10.0,10.0,10,100.0,inf,full,both,inf,180.0,0.01,0.0,0.0,256,20,3,0.5,0.1,0.99,10.0,256,20,0,128,0,0.0,1.25,300.0,3877.885522216424,0.0,0.0,0.0,
coast,flee,300.0,1800.0,0.1,0.125,5.0,2.5,10.0,10.0,10,100.0,inf,full,both,inf,180.0,0.01,0.0,0.0,256,20,3,0.5,0.1,0.99,10.0,256,20,0,128,0,0.0,2.5,300.0,6517.333178505366,0.0,0.0,0.0,
coast,flee,300.0,1800.0,0.1,0.125,5.0,3.75,10.0,10.0,10,100.0,inf,full,both,inf,180.0,0.01,0.0,0.0,256,20,3,0.5,0.1,0.99,10.0,256,20,0,128,0,0.0,3.75,300.0,8931.396480467818,0.0,0.0,0.0,
coast,flee,300.0,1800.0,0.1,0.125,5.0,4.5,10.0,10.0,10,100.0,inf,full,both,inf,180.0,0.01,0.0,0.0,256,20,3,0.5,0.1,0.99,10.0,256,20,0,128,0,0.0,4.5,300.0,10266.55779614566,0.0,0.0,0.0,
coast,flee,300.0,1800.0,0.1,0.125,5.0,5.0,10.0,10.0,10,100.0,inf,full,both,inf,180.0,0.01,0.0,0.0,256,20,3,0.5,0.1,0.99,10.0,256,20,0,128,0,0.0,5.0,300.0,11110.80355192097,0.0,0.0,0.0,
coast,flee,300.0,1800.0,0.1,0.125,5.0,5.5,10.0,10.0,10,100.0,inf,full,both,inf,180.0,0.01,0.0,0.0,256,20,3,0.5,0.1,0.99,10.0,256,20,0,128,0,0.0,5.5,300.0,11919.482753640195,0.0,0.0,0.0,
coast,flee,300.0,1800.0,0.1,0.125,5.0,6.25,10.0,10.0,10,100.0,inf,full,both,inf,180.0,0.01,0.0,0.0,256,20,3,0.5,0.1,0.99,10.0,256,20,0,128,0,0.0,6.25,300.0,13068.14542079607,0.0,0.0,0.0,
coast,flee,300.0,1800.0,0.1,0.125,5.0,7.5,10.0,10.0,10,100.0,inf,full,both,inf,180.0,0.01,0.0,0.0,256,20,3,0.5,0.1,0.99,10.0,256,20,0,128,0,0.0,7.5,300.0,14820.18053939166,0.0,0.0,0.0,
coast,flee,300.0,1800.0,0.1,0.125,5.0,10.0,10.0,10.0,10,100.0,inf,full,both,inf,180.0,0.01,0.0,0.0,256,20,3,0.5,0.1,0.99,10.0,256,20,0,128,0,0.0,10.0,300.0,17775.38774365503,0.0,0.0,0.0,
coast,flee,300.0,1800.0,0.1,0.125,5.0,inf,10.0,10.0,10,100.0,inf,full,both,inf,180.0,0.01,0.0,0.0,256,20,3,0.5,0.1,0.99,10.0,256,20,0,128,0,0.0,22.5,300.0,24134.11980657191,0.0,0.0,0.0,
coast,flee,300.0,1800.0,0.1,0.15,5.0,1.25,10.0,10.0,10,100.0,inf,full,both,inf,180.0,0.01,0.0,0.0,256,20,3,0.5,0.1,0.99,10.0,256,20,0,128,0,0.0,1.25,300.0,3896.5414375983537,0.0,0.0,0.0,
coast,flee,300.0,1800.0,0.1,0.15,5.0,2.5,10.0,10.0,10,100.0,inf,full,both,inf,180.0,0.01,0.0,0.0,256,20,3,0.5,0.1,0.99,10.0,256,20,0,128,0,0.0,2.5,300.0,6598.541752923039,0.0,0.0,0.0,
coast,flee,300.0,1800.0,0.1,0.15,5.0,3.75,10.0,10.0,10,100.0,inf,full,both,inf,180.0,0.01,0.0,0.0,256,20,3,0.5,0.1,0.99,10.0,256,20,0,128,0,0.0,3.75,300.0,9115.354521677362,0.0,0.0,0.0,
coast,flee,300.0,1800.0,0.1,0.15,5.0,4.5,10.0,10.0,10,100.0,inf,full,both,inf,180.0,0.01,0.0,0.0,256,20,3,0.5,0.1,0.99,10.0,256,20,0,128,0,0.0,4.5,300.0,10528.582478803795,0.0,0.0,0.0,
coast,flee,300.0,1800.0,0.1,0.15,5.0,5.0,10.0,10.0,10,100.0,inf,full,both,inf,180.0,0.01,0.0,0.0,256,20,3,0.5,0.1,0.99,10.0,256,20,0,128,0,0.0,5.0,300.0,11430.65222581753,0.0,0.0,0.0,
coast,flee,300.0,1800.0,0.1,0.15,5.0,5.5,10.0,10.0,10,100.0,inf,full,both,inf,180.0,0.01,0.0,0.0,256,20,3,0.5,0.1,0.99,10.0,256,20,0,128,0,0.0,5.5,300.0,12301.909064692292,0.0,0.0,0.0,
coast,flee,300.0,1800.0,0.1,0.15,5.0,6.25,10.0,10.0,10,100.0,inf,full,both,inf,180.0,0.01,0.0,0.0,256,20,3,0.5,0.1,0.99,10.0,256,20,0,128,0,0.0,6.25,300.0,13551.914784824656,0.0,0.0,0.0,
coast,flee,300.0,1800.0,0.1,0.15,5.0,7.5,10.0,10.0,10,100.0,inf,full,both,inf,180.0,0.01,0.0,0.0,256,20,3,0.5,0.1,0.99,10.0,256,20,0,128,0,0.0,7.5,300.0,15490.159636356047,0.0,0.0,0.0,
coast,flee,300.0,1800.0,0.1,0.15,5.0,10.0,10.0,10.0,10,100.0,inf,full,both,inf,180.0,0.01,0.0,0.0,256,20,3,0.5,0.1,0.99,10.0,256,20,0,128,0,0.0,10.0,300.0,18864.61275165532,0.0,0.0,0.0,
coast,flee,300.0,1800.0,0.1,0.15,5.0,inf,10.0,10.0,10,100.0,inf,full,both,inf,180.0,0.01,0.0,0.0,256,20,3,0.5,0.1,0.99,10.0,256,20,0,128,0,0.0,26.99999999999992,300.0,28763.558058023624,0.0,0.0,0.0,
coast,flee,300.0,1800.0,0.1,0.2,5.0,1.25,10.0,10.0,10,100.0,inf,full,both,inf,180.0,0.01,0.0,0.0,256,20,3,0.5,0.1,0.99,10.0,256,20,0,128,0,0.0,1.25,300.0,3920.343841444819,0.0,0.0,0.0,
coast,flee,300.0,1800.0,0.1,0.2,5.0,2.5,10.0,10.0,10,100.0,inf,full,both,inf,180.0,0.01,0.0,0.0,256,20,3,0.5,0.1,0.99,10.0,256,20,0,128,0,0.0,2.5,300.0,6701.419980254005,0.0,0.0,0.0,
coast,flee,300.0,1800.0,0.1,0.2,5.0,3.75,10.0,10.0,10,100.0,inf,full,both,inf,180.0,0.01,0.0,0.0,256,20,3,0.5,0.1,0.99,10.0,256,20,0,128,0,0.0,3.75,300.0,9349.572162532775,0.0,0.0,0.0,
coast,flee,300.0,1800.0,0.1,0.2,5.0,4.5,10.0,10.0,10,100.0,inf,full,both,inf,180.0,0.01,0.0,0.0,256,20,3,0.5,0.1,0.99,10.0,256,20,0,128,0,0.0,4.5,300.0,10864.362078868247,0.0,0.0,0.0,
coast,flee,300.0,1800.0,0.1,0.2,5.0,5.0,10.0,10.0,10,100.0,inf,full,both,inf,180.0,0.01,0.0,0.0,256,20,3,0.5,0.1,0.99,10.0,256,20,0,128,0,0.0,5.0,300.0,11843.72586123356,0.0,0.0,0.0,
coast,flee,300.0,1800.0,0.1,0.2,5.0,5.5,10.0,10.0,10,100.0,inf,full,both,inf,180.0,0.01,0.0,0.0,256,20,3,0.5,0.1,0.99,10.0,256,20,0,128,0,0.0,5.5,300.0,12797.398979271731,0.0,0.0,0.0,
coast,flee,300.0,1800.0,0.1,0.2,5.0,6.25,10.0,10.0,10,100.0,inf,full,both,inf,180.0,0.01,0.0,0.0,256,20,3,0.5,0.1,0.99,10.0,256,20,0,128,0,0.0,6.25,300.0,14183.191887399104,0.0,0.0,0.0,
coast,flee,300.0,1800.0,0.1,0.2,5.0,7.5,10.0,10.0,10,100.0,inf,full,both,inf,180.0,0.01,0.0,0.0,256,20,3,0.5,0.1,0.99,10.0,256,20,0,128,0,0.0,7.5,300.0,16374.025337227808,0.0,0.0,0.0,
coast,flee,300.0,1800.0,0.1,0.2,5.0,10.0,10.0,10.0,10,100.0,inf,full,both,inf,180.0,0.01,0.0,0.0,256,20,3,0.5,0.1,0.99,10.0,256,20,0,128,0,0.0,10.0,300.0,20336.301424354024,0.0,0.0,0.0,
coast,flee,300.0,1800.0,0.1,0.2,5.0,inf,10.0,10.0,10,100.0,inf,full,both,inf,180.0,0.01,0.0,0.0,256,20,3,0.5,0.1,0.99,10.0,256,20,0,128,0,0.0,35.99999999999997,300.0,38022.20798818022,0.0,0.0,0.0,
coast,coast,300.0,1800.0,0.1,0.025,5.0,1.25,10.0,10.0,10,100.0,inf,full,both,inf,180.0,0.01,0.0,0.0,256,20,3,0.5,0.1,0.99,10.0,256,20,0,128,0,0.0,0.0,278.67938523023537,1270.5839773399582,0.0,0.0,0.0,
coast,coast,300.0,1800.0,0.1,0.025,5.0,2.5,10.0,10.0,10,100.0,inf,full,both,inf,180.0,0.01,0.0,0.0,256,20,3,0.5,0.1,0.99,10.0,256,20,0,128,0,0.0,0.0,278.67938523023537,1270.5839773399582,0.0,0.0,0.0,
coast,coast,300.0,1800.0,0.1,0.025,5.0,3.75,10.0,10.0,10,100.0,inf,full,both,inf,180.0,0.01,0.0,0.0,256,20,3,0.5,0.1,0.99,10.0,256,20,0,128,0,0.0,0.0,278.67938523023537,1270.5839773399582,0.0,0.0,0.0,
coast,coast,300.0,1800.0,0.1,0.025,5.0,4.5,10.0,10.0,10,100.0,inf,full,both,inf,180.0,0.01,0.0,0.0,256,20,3,0.5,0.1,0.99,10.0,256,20,0,128,0,0.0,0.0,278.67938523023537,1270.5839773399582,0.0,0.0,0.0,
coast,coast,300.0,1800.0,0.1,0.025,5.0,5.0,10.0,10.0,10,100.0,inf,full,both,inf,180.0,0.01,0.0,0.0,256,20,3,0.5,0.1,0.99,10.0,256,20,0,128,0,0.0,0.0,278.67938523023537,1270.5839773399582,0.0,0.0,0.0,
coast,coast,300.0,1800.0,0.1,0.025,5.0,5.5,10.0,10.0,10,100.0,inf,full,both,inf,180.0,0.01,0.0,0.0,256,20,3,0.5,0.1,0.99,10.0,256,20,0,128,0,0.0,0.0,278.67938523023537,1270.5839773399582,0.0,0.0,0.0,
coast,coast,300.0,1800.0,0.1,0.025,5.0,6.25,10.0,10.0,10,100.0,inf,full,both,inf,180.0,0.01,0.0,0.0,256,20,3,0.5,0.1,0.99,10.0,256,20,0,128,0,0.0,0.0,278.67938523023537,1270.5839773399582,0.0,0.0,0.0,
coast,coast,300.0,1800.0,0.1,0.025,5.0,7.5,10.0,10.0,10,100.0,inf,full,both,inf,180.0,0.01,0.0,0.0,256,20,3,0.5,0.1,0.99,10.0,256,20,0,128,0,0.0,0.0,278.67938523023537,1270.5839773399582,0.0,0.0,0.0,
coast,coast,300.0,1800.0,0.1,0.025,5.0,10.0,10.0,10.0,10,100.0,inf,full,both,inf,180.0,0.01,0.0,0.0,256,20,3,0.5,0.1,0.99,10.0,256,20,0,128,0,0.0,0.0,278.67938523023537,1270.5839773399582,0.0,0.0,0.0,
coast,coast,300.0,1800.0,0.1,0.025,5.0,inf,10.0,10.0,10,100.0,inf,full,both,inf,180.0,0.01,0.0,0.0,256,20,3,0.5,0.1,0.99,10.0,256,20,0,128,0,0.0,0.0,278.67938523023537,1270.5839773399582,0.0,0.0,0.0,
coast,coast,300.0,1800.0,0.1,0.05,5.0,1.25,10.0,10.0,10,100.0,inf,full,both,inf,180.0,0.01,0.0,0.0,256,20,3,0.5,0.1,0.99,10.0,256,20,0,128,0,0.0,0.0,278.67938523023537,1270.5839773399582,0.0,0.0,0.0,
coast,coast,300.0,1800.0,0.1,0.05,5.0,2.5,10.0,10.0,10,100.0,inf,full,both,inf,180.0,0.01,0.0,0.0,256,20,3,0.5,0.1,0.99,10.0,256,20,0,128,0,0.0,0.0,278.67938523023537,1270.5839773399582,0.0,0.0,0.0,
coast,coast,300.0,1800.0,0.1,0.05,5.0,3.75,10.0,10.0,10,100.0,inf,full,both,inf,180.0,0.01,0.0,0.0,256,20,3,0.5,0.1,0.99,10.0,256,20,0,128,0,0.0,0.0,278.67938523023537,1270.5839773399582,0.0,0.0,0.0,
coast,coast,300.0,1800.0,0.1,0.05,5.0,4.5,10.0,10.0,10,100.0,inf,full,both,inf,180.0,0.01,0.0,0.0,256,20,3,0.5,0.1,0.99,10.0,256,20,0,128,0,0.0,0.0,278.67938523023537,1270.5839773399582,0.0,0.0,0.0,
coast,coast,300.0,1800.0,0.1,0.05,5.0,5.0,10.0,10.0,10,100.0,inf,full,both,inf,180.0,0.01,0.0,0.0,256,20,3,0.5,0.1,0.99,10.0,256,20,0,128,0,0.0,0.0,278.67938523023537,1270.5839773399582,0.0,0.0,0.0,
coast,coast,300.0,1800.0,0.1,0.05,5.0,5.5,10.0,10.0,10,100.0,inf,full,both,inf,180.0,0.01,0.0,0.0,256,20,3,0.5,0.1,0.99,10.0,256,20,0,128,0,0.0,0.0,278.67938523023537,1270.5839773399582,0.0,0.0,0.0,
coast,coast,300.0,1800.0,0.1,0.05,5.0,6.25,10.0,10.0,10,100.0,inf,full,both,inf,180.0,0.01,0.0,0.0,256,20,3,0.5,0.1,0.99,10.0,256,20,0,128,0,0.0,0.0,278.67938523023537,1270.5839773399582,0.0,0.0,0.0,
coast,coast,300.0,1800.0,0.1,0.05,5.0,7.5,10.0,10.0,10,100.0,inf,full,both,inf,180.0,0.01,0.0,0.0,256,20,3,0.5,0.1,0.99,10.0,256,20,0,128,0,0.0,0.0,278.67938523023537,1270.5839773399582,0.0,0.0,0.0,
coast,coast,300.0,1800.0,0.1,0.05,5.0,10.0,10.0,10.0,10,100.0,inf,full,both,inf,180.0,0.01,0.0,0.0,256,20,3,0.5,0.1,0.99,10.0,256,20,0,128,0,0.0,0.0,278.67938523023537,1270.5839773399582,0.0,0.0,0.0,
coast,coast,300.0,1800.0,0.1,0.05,5.0,inf,10.0,10.0,10,100.0,inf,full,both,inf,180.0,0.01,0.0,0.0,256,20,3,0.5,0.1,0.99,10.0,256,20,0,128,0,0.0,0.0,278.67938523023537,1270.5839773399582,0.0,0.0,0.0,
coast,coast,300.0,1800.0,0.1,0.075,5.0,1.25,10.0,10.0,10,100.0,inf,full,both,inf,180.0,0.01,0.0,0.0,256,20,3,0.5,0.1,0.99,10.0,256,20,0,128,0,0.0,0.0,278.67938523023537,1270.5839773399582,0.0,0.0,0.0,
coast,coast,300.0,1800.0,0.1,0.075,5.0,2.5,10.0,10.0,10,100.0,inf,full,both,inf,180.0,0.01,0.0,0.0,256,20,3,0.5,0.1,0.99,10.0,256,20,0,128,0,0.0,0.0,278.67938523023537,1270.5839773399582,0.0,0.0,0.0,
coast,coast,300.0,1800.0,0.1,0.075,5.0,3.75,10.0,10.0,10,100.0,inf,full,both,inf,180.0,0.01,0.0,0.0,256,20,3,0.5,0.1,0.99,10.0,256,20,0,128,0,0.0,0.0,278.67938523023537,1270.5839773399582,0.0,0.0,0.0,
coast,coast,300.0,1800.0,0.1,0.075,5.0,4.5,10.0,10.0,10,100.0,inf,full,both,inf,180.0,0.01,0.0,0.0,256,20,3,0.5,0.1,0.99,10.0,256,20,0,128,0,0.0,0.0,278.67938523023537,1270.5839773399582,0.0,0.0,0.0,
coast,coast,300.0,1800.0,0.1,0.075,5.0,5.0,10.0,10.0,10,100.0,inf,full,both,inf,180.0,0.01,0.0,0.0,256,20,3,0.5,0.1,0.99,10.0,256,20,0,128,0,0.0,0.0,278.67938523023537,1270.5839773399582,0.0,0.0,0.0,
coast,coast,300.0,1800.0,0.1,0.075,5.0,5.5,10.0,10.0,10,100.0,inf,full,both,inf,180.0,0.01,0.0,0.0,256,20,3,0.5,0.1,0.99,10.0,256,20,0,128,0,0.0,0.0,278.67938523023537,1270.5839773399582,0.0,0.0,0.0,
coast,coast,300.0,1800.0,0.1,0.075,5.0,6.25,10.0,10.0,10,100.0,inf,full,both,inf,180.0,0.01,0.0,0.0,256,20,3,0.5,0.1,0.99,10.0,256,20,0,128,0,0.0,0.0,278.67938523023537,1270.5839773399582,0.0,0.0,0.0,
coast,coast,300.0,1800.0,0.1,0.075,5.0,7.5,10.0,10.0,10,100.0,inf,full,both,inf,180.0,0.01,0.0,0.0,256,20,3,0.5,0.1,0.99,10.0,256,20,0,128,0,0.0,0.0,278.67938523023537,1270.5839773399582,0.0,0.0,0.0,
coast,coast,300.0,1800.0,0.1,0.075,5.0,10.0,10.0,10.0,10,100.0,inf,full,both,inf,180.0,0.01,0.0,0.0,256,20,3,0.5,0.1,0.99,10.0,256,20,0,128,0,0.0,0.0,278.67938523023537,1270.5839773399582,0.0,0.0,0.0,
coast,coast,300.0,1800.0,0.1,0.075,5.0,inf,10.0,10.0,10,100.0,inf,full,both,inf,180.0,0.01,0.0,0.0,256,20,3,0.5,0.1,0.99,10.0,256,20,0,128,0,0.0,0.0,278.67938523023537,1270.5839773399582,0.0,0.0,0.0,
coast,coast,300.0,1800.0,0.1,0.09,5.0,1.25,10.0,10.0,10,100.0,inf,full,both,inf,180.0,0.01,0.0,0.0,256,20,3,0.5,0.1,0.99,10.0,256,20,0,128,0,0.0,0.0,278.67938523023537,1270.5839773399582,0.0,0.0,0.0,
coast,coast,300.0,1800.0,0.1,0.09,5.0,2.5,10.0,10.0,10,100.0,inf,full,both,inf,180.0,0.01,0.0,0.0,256,20,3,0.5,0.1,0.99,10.0,256,20,0,128,0,0.0,0.0,278.67938523023537,1270.5839773399582,0.0,0.0,0.0,
coast,coast,300.0,1800.0,0.1,0.09,5.0,3.75,10.0,10.0,10,100.0,inf,full,both,inf,180.0,0.01,0.0,0.0,256,20,3,0.5,0.1,0.99,10.0,256,20,0,128,0,0.0,0.0,278.67938523023537,1270.5839773399582,0.0,0.0,0.0,
coast,coast,300.0,1800.0,0.1,0.09,5.0,4.5,10.0,10.0,10,100.0,inf,full,both,inf,180.0,0.01,0.0,0.0,256,20,3,0.5,0.1,0.99,10.0,256,20,0,128,0,0.0,0.0,278.67938523023537,1270.5839773399582,0.0,0.0,0.0,
coast,coast,300.0,1800.0,0.1,0.09,5.0,5.0,10.0,10.0,10,100.0,inf,full,both,inf,180.0,0.01,0.0,0.0,256,20,3,0.5,0.1,0.99,10.0,256,20,0,128,0,0.0,0.0,278.67938523023537,1270.5839773399582,0.0,0.0,0.0,
coast,coast,300.0,1800.0,0.1,0.09,5.0,5.5,10.0,10.0,10,100.0,inf,full,both,inf,180.0,0.01,0.0,0.0,256,20,3,0.5,0.1,0.99,10.0,256,20,0,128,0,0.0,0.0,278.67938523023537,1270.5839773399582,0.0,0.0,0.0,
coast,coast,300.0,1800.0,0.1,0.09,5.0,6.25,10.0,10.0,10,100.0,inf,full,both,inf,180.0,0.01,0.0,0.0,256,20,3,0.5,0.1,0.99,10.0,256,20,0,128,0,0.0,0.0,278.67938523023537,1270.5839773399582,0.0,0.0,0.0,
coast,coast,300.0,1800.0,0.1,0.09,5.0,7.5,10.0,10.0,10,100.0,inf,full,both,inf,180.0,0.01,0.0,0.0,256,20,3,0.5,0.1,0.99,10.0,256,20,0,128,0,0.0,0.0,278.67938523023537,1270.5839773399582,0.0,0.0,0.0,
coast,coast,300.0,1800.0,0.1,0.09,5.0,10.0,10.0,10.0,10,100.0,inf,full,both,inf,180.0,0.01,0.0,0.0,256,20,3,0.5,0.1,0.99,10.0,256,20,0,128,0,0.0,0.0,278.67938523023537,1270.5839773399582,0.0,0.0,0.0,
coast,coast,300.0,1800.0,0.1,0.09,5.0,inf,10.0,10.0,10,100.0,inf,full,both,inf,180.0,0.01,0.0,0.0,256,20,3,0.5,0.1,0.99,10.0,256,20,0,128,0,0.0,0.0,278.67938523023537,1270.5839773399582,0.0,0.0,0.0,
coast,coast,300.0,1800.0,0.1,0.1,5.0,1.25,10.0,10.0,10,100.0,inf,full,both,inf,180.0,0.01,0.0,0.0,256,20,3,0.5,0.1,0.99,10.0,256,20,0,128,0,0.0,0.0,278.67938523023537,1270.5839773399582,0.0,0.0,0.0,
coast,coast,300.0,1800.0,0.1,0.1,5.0,2.5,10.0,10.0,10,100.0,inf,full,both,inf,180.0,0.01,0.0,0.0,256,20,3,0.5,0.1,0.99,10.0,256,20,0,128,0,0.0,0.0,278.67938523023537,1270.5839773399582,0.0,0.0,0.0,
coast,coast,300.0,1800.0,0.1,0.1,5.0,3.75,10.0,10.0,10,100.0,inf,full,both,inf,180.0,0.01,0.0,0.0,256,20,3,0.5,0.1,0.99,10.0,256,20,0,128,0,0.0,0.0,278.67938523023537,1270.5839773399582,0.0,0.0,0.0,
coast,coast,300.0,1800.0,0.1,0.1,5.0,4.5,10.0,10.0,10,100.0,inf,full,both,inf,180.0,0.01,0.0,0.0,256,20,3,0.5,0.1,0.99,10.0,256,20,0,128,0,0.0,0.0,278.67938523023537,1270.5839773399582,0.0,0.0,0.0,
coast,coast,300.0,1800.0,0.1,0.1,5.0,5.0,10.0,10.0,10,100.0,inf,full,both,inf,180.0,0.01,0.0,0.0,256,20,3,0.5,0.1,0.99,10.0,256,20,0,128,0,0.0,0.0,278.67938523023537,1270.5839773399582,0.0,0.0,0.0,
coast,coast,300.0,1800.0,0.1,0.1,5.0,5.5,10.0,10.0,10,100.0,inf,full,both,inf,180.0,0.01,0.0,0.0,256,20,3,0.5,0.1,0.99,10.0,256,20,0,128,0,0.0,0.0,278.67938523023537,1270.5839773399582,0.0,0.0,0.0,
coast,coast,300.0,1800.0,0.1,0.1,5.0,6.25,10.0,10.0,10,100.0,inf,full,both,inf,180.0,0.01,0.0,0.0,256,20,3,0.5,0.1,0.99,10.0,256,20,0,128,0,0.0,0.0,278.67938523023537,1270.5839773399582,0.0,0.0,0.0,
coast,coast,300.0,1800.0,0.1,0.1,5.0,7.5,10.0,10.0,10,100.0,inf,full,both,inf,180.0,0.01,0.0,0.0,256,20,3,0.5,0.1,0.99,10.0,256,20,0,128,0,0.0,0.0,278.67938523023537,1270.5839773399582,0.0,0.0,0.0,
coast,coast,300.0,1800.0,0.1,0.1,5.0,10.0,10.0,10.0,10,100.0,inf,full,both,inf,180.0,0.01,0.0,0.0,256,20,3,0.5,0.1,0.99,10.0,256,20,0,128,0,0.0,0.0,278.67938523023537,1270.5839773399582,0.0,0.0,0.0,
coast,coast,300.0,1800.0,0.1,0.1,5.0,inf,10.0,10.0,10,100.0,inf,full,both,inf,180.0,0.01,0.0,0.0,256,20,3,0.5,0.1,0.99,10.0,256,20,0,128,0,0.0,0.0,278.67938523023537,1270.5839773399582,0.0,0.0,0.0,
coast,coast,300.0,1800.0,0.1,0.11,5.0,1.25,10.0,10.0,10,100.0,inf,full,both,inf,180.0,0.01,0.0,0.0,256,20,3,0.5,0.1,0.99,10.0,256,20,0,128,0,0.0,0.0,278.67938523023537,1270.5839773399582,0.0,0.0,0.0,
coast,coast,300.0,1800.0,0.1,0.11,5.0,2.5,10.0,10.0,10,100.0,inf,full,both,inf,180.0,0.01,0.0,0.0,256,20,3,0.5,0.1,0.99,10.0,256,20,0,128,0,0.0,0.0,278.67938523023537,1270.5839773399582,0.0,0.0,0.0,
coast,coast,300.0,1800.0,0.1,0.11,5.0,3.75,10.0,10.0,10,100.0,inf,full,both,inf,180.0,0.01,0.0,0.0,256,20,3,0.5,0.1,0.99,10.0,256,20,0,128,0,0.0,0.0,278.67938523023537,1270.5839773399582,0.0,0.0,0.0,
coast,coast,300.0,1800.0,0.1,0.11,5.0,4.5,10.0,10.0,10,100.0,inf,full,both,inf,180.0,0.01,0.0,0.0,256,20,3,0.5,0.1,0.99,10.0,256,20,0,128,0,0.0,0.0,278.67938523023537,1270.5839773399582,0.0,0.0,0.0,
coast,coast,300.0,1800.0,0.1,0.11,5.0,5.0,10.0,10.0,10,100.0,inf,full,both,inf,180.0,0.01,0.0,0.0,256,20,3,0.5,0.1,0.99,10.0,256,20,0,128,0,0.0,0.0,278.67938523023537,1270.5839773399582,0.0,0.0,0.0,
coast,coast,300.0,1800.0,0.1,0.11,5.0,5.5,10.0,10.0,10,100.0,inf,full,both,inf,180.0,0.01,0.0,0.0,256,20,3,0.5,0.1,0.99,10.0,256,20,0,128,0,0.0,0.0,278.67938523023537,1270.5839773399582,0.0,0.0,0.0,
coast,coast,300.0,1800.0,0.1,0.11,5.0,6.25,10.0,10.0,10,100.0,inf,full,both,inf,180.0,0.01,0.0,0.0,256,20,3,0.5,0.1,0.99,10.0,256,20,0,128,0,0.0,0.0,278.67938523023537,1270.5839773399582,0.0,0.0,0.0,
coast,coast,300.0,1800.0,0.1,0.11,5.0,7.5,10.0,10.0,10,100.0,inf,full,both,inf,180.0,0.01,0.0,0.0,256,20,3,0.5,0.1,0.99,10.0,256,20,0,128,0,0.0,0.0,278.67938523023537,1270.5839773399582,0.0,0.0,0.0,
coast,coast,300.0,1800.0,0.1,0.11,5.0,10.0,10.0,10.0,10,100.0,inf,full,both,inf,180.0,0.01,0.0,0.0,256,20,3,0.5,0.1,0.99,10.0,256,20,0,128,0,0.0,0.0,278.67938523023537,1270.5839773399582,0.0,0.0,0.0,
coast,coast,300.0,1800.0,0.1,0.11,5.0,inf,10.0,10.0,10,100.0,inf,full,both,inf,180.0,0.01,0.0,0.0,256,20,3,0.5,0.1,0.99,10.0,256,20,0,128,0,0.0,0.0,278.67938523023537,1270.5839773399582,0.0,0.0,0.0,
coast,coast,300.0,1800.0,0.1,0.125,5.0,1.25,10.0,10.0,10,100.0,inf,full,both,inf,180.0,0.01,0.0,0.0,256,20,3,0.5,0.1,0.99,10.0,256,20,0,128,0,0.0,0.0,278.67938523023537,1270.5839773399582,0.0,0.0,0.0,
coast,coast,300.0,1800.0,0.1,0.125,5.0,2.5,10.0,10.0,10,100.0,inf,full,both,inf,180.0,0.01,0.0,0.0,256,20,3,0.5,0.1,0.99,10.0,256,20,0,128,0,0.0,0.0,278.67938523023537,1270.5839773399582,0.0,0.0,0.0,
coast,coast,300.0,1800.0,0.1,0.125,5.0,3.75,10.0,10.0,10,100.0,inf,full,both,inf,180.0,0.01,0.0,0.0,256,20,3,0.5,0.1,0.99,10.0,256,20,0,128,0,0.0,0.0,278.67938523023537,1270.5839773399582,0.0,0.0,0.0,
coast,coast,300.0,1800.0,0.1,0.125,5.0,4.5,10.0,10.0,10,100.0,inf,full,both,inf,180.0,0.01,0.0,0.0,256,20,3,0.5,0.1,0.99,10.0,256,20,0,128,0,0.0,0.0,278.67938523023537,1270.5839773399582,0.0,0.0,0.0,
coast,coast,300.0,1800.0,0.1,0.125,5.0,5.0,10.0,10.0,10,100.0,inf,full,both,inf,180.0,0.01,0.0,0.0,256,20,3,0.5,0.1,0.99,10.0,256,20,0,128,0,0.0,0.0,278.67938523023537,1270.5839773399582,0.0,0.0,0.0,
coast,coast,300.0,1800.0,0.1,0.125,5.0,5.5,10.0,10.0,10,100.0,inf,full,both,inf,180.0,0.01,0.0,0.0,256,20,3,0.5,0.1,0.99,10.0,256,20,0,128,0,0.0,0.0,278.67938523023537,1270.5839773399582,0.0,0.0,0.0,
coast,coast,300.0,1800.0,0.1,0.125,5.0,6.25,10.0,10.0,10,100.0,inf,full,both,inf,180.0,0.01,0.0,0.0,256,20,3,0.5,0.1,0.99,10.0,256,20,0,128,0,0.0,0.0,278.67938523023537,1270.5839773399582,0.0,0.0,0.0,
coast,coast,300.0,1800.0,0.1,0.125,5.0,7.5,10.0,10.0,10,100.0,inf,full,both,inf,180.0,0.01,0.0,0.0,256,20,3,0.5,0.1,0.99,10.0,256,20,0,128,0,0.0,0.0,278.67938523023537,1270.5839773399582,0.0,0.0,0.0,
coast,coast,300.0,1800.0,0.1,0.125,5.0,10.0,10.0,10.0,10,100.0,inf,full,both,inf,180.0,0.01,0.0,0.0,256,20,3,0.5,0.1,0.99,10.0,256,20,0,128,0,0.0,0.0,278.67938523023537,1270.5839773399582,0.0,0.0,0.0,
coast,coast,300.0,1800.0,0.1,0.125,5.0,inf,10.0,10.0,10,100.0,inf,full,both,inf,180.0,0.01,0.0,0.0,256,20,3,0.5,0.1,0.99,10.0,256,20,0,128,0,0.0,0.0,278.67938523023537,1270.5839773399582,0.0,0.0,0.0,
coast,coast,300.0,1800.0,0.1,0.15,5.0,1.25,10.0,10.0,10,100.0,inf,full,both,inf,180.0,0.01,0.0,0.0,256,20,3,0.5,0.1,0.99,10.0,256,20,0,128,0,0.0,0.0,278.67938523023537,1270.5839773399582,0.0,0.0,0.0,
coast,coast,300.0,1800.0,0.1,0.15,5.0,2.5,10.0,10.0,10,100.0,inf,full,both,inf,180.0,0.01,0.0,0.0,256,20,3,0.5,0.1,0.99,10.0,256,20,0,128,0,0.0,0.0,278.67938523023537,1270.5839773399582,0.0,0.0,0.0,
coast,coast,300.0,1800.0,0.1,0.15,5.0,3.75,10.0,10.0,10,100.0,inf,full,both,inf,180.0,0.01,0.0,0.0,256,20,3,0.5,0.1,0.99,10.0,256,20,0,128,0,0.0,0.0,278.67938523023537,1270.5839773399582,0.0,0.0,0.0,
coast,coast,300.0,1800.0,0.1,0.15,5.0,4.5,10.0,10.0,10,100.0,inf,full,both,inf,180.0,0.01,0.0,0.0,256,20,3,0.5,0.1,0.99,10.0,256,20,0,128,0,0.0,0.0,278.67938523023537,1270.5839773399582,0.0,0.0,0.0,
coast,coast,300.0,1800.0,0.1,0.15,5.0,5.0,10.0,10.0,10,100.0,inf,full,both,inf,180.0,0.01,0.0,0.0,256,20,3,0.5,0.1,0.99,10.0,256,20,0,128,0,0.0,0.0,278.67938523023537,1270.5839773399582,0.0,0.0,0.0,
coast,coast,300.0,1800.0,0.1,0.15,5.0,5.5,10.0,10.0,10,100.0,inf,full,both,inf,180.0,0.01,0.0,0.0,256,20,3,0.5,0.1,0.99,10.0,256,20,0,128,0,0.0,0.0,278.67938523023537,1270.5839773399582,0.0,0.0,0.0,
coast,coast,300.0,1800.0,0.1,0.15,5.0,6.25,10.0,10.0,10,100.0,inf,full,both,inf,180.0,0.01,0.0,0.0,256,20,3,0.5,0.1,0.99,10.0,256,20,0,128,0,0.0,0.0,278.67938523023537,1270.5839773399582,0.0,0.0,0.0,
coast,coast,300.0,1800.0,0.1,0.15,5.0,7.5,10.0,10.0,10,100.0,inf,full,both,inf,180.0,0.01,0.0,0.0,256,20,3,0.5,0.1,0.99,10.0,256,20,0,128,0,0.0,0.0,278.67938523023537,1270.5839773399582,0.0,0.0,0.0,
coast,coast,300.0,1800.0,0.1,0.15,5.0,10.0,10.0,10.0,10,100.0,inf,full,both,inf,180.0,0.01,0.0,0.0,256,20,3,0.5,0.1,0.99,10.0,256,20,0,128,0,0.0,0.0,278.67938523023537,1270.5839773399582,0.0,0.0,0.0,
coast,coast,300.0,1800.0,0.1,0.15,5.0,inf,10.0,10.0,10,100.0,inf,full,both,inf,180.0,0.01,0.0,0.0,256,20,3,0.5,0.1,0.99,10.0,256,20,0,128,0,0.0,0.0,278.67938523023537,1270.5839773399582,0.0,0.0,0.0,
coast,coast,300.0,1800.0,0.1,0.2,5.0,1.25,10.0,10.0,10,100.0,inf,full,both,inf,180.0,0.01,0.0,0.0,256,20,3,0.5,0.1,0.99,10.0,256,20,0,128,0,0.0,0.0,278.67938523023537,1270.5839773399582,0.0,0.0,0.0,
coast,coast,300.0,1800.0,0.1,0.2,5.0,2.5,10.0,10.0,10,100.0,inf,full,both,inf,180.0,0.01,0.0,0.0,256,20,3,0.5,0.1,0.99,10.0,256,20,0,128,0,0.0,0.0,278.67938523023537,1270.5839773399582,0.0,0.0,0.0,
coast,coast,300.0,1800.0,0.1,0.2,5.0,3.75,10.0,10.0,10,100.0,inf,full,both,inf,180.0,0.01,0.0,0.0,256,20,3,0.5,0.1,0.99,10.0,256,20,0,128,0,0.0,0.0,278.67938523023537,1270.5839773399582,0.0,0.0,0.0,
coast,coast,300.0,1800.0,0.1,0.2,5.0,4.5,10.0,10.0,10,100.0,inf,full,both,inf,180.0,0.01,0.0,0.0,256,20,3,0.5,0.1,0.99,10.0,256,20,0,128,0,0.0,0.0,278.67938523023537,1270.5839773399582,0.0,0.0,0.0,
coast,coast,300.0,1800.0,0.1,0.2,5.0,5.0,10.0,10.0,10,100.0,inf,full,both,inf,180.0,0.01,0.0,0.0,256,20,3,0.5,0.1,0.99,10.0,256,20,0,128,0,0.0,0.0,278.67938523023537,1270.5839773399582,0.0,0.0,0.0,
coast,coast,300.0,1800.0,0.1,0.2,5.0,5.5,10.0,10.0,10,100.0,inf,full,both,inf,180.0,0.01,0.0,0.0,256,20,3,0.5,0.1,0.99,10.0,256,20,0,128,0,0.0,0.0,278.67938523023537,1270.5839773399582,0.0,0.0,0.0,
coast,coast,300.0,1800.0,0.1,0.2,5.0,6.25,10.0,10.0,10,100.0,inf,full,both,inf,180.0,0.01,0.0,0.0,256,20,3,0.5,0.1,0.99,10.0,256,20,0,128,0,0.0,0.0,278.67938523023537,1270.5839773399582,0.0,0.0,0.0,
coast,coast,300.0,1800.0,0.1,0.2,5.0,7.5,10.0,10.0,10,100.0,inf,full,both,inf,180.0,0.01,0.0,0.0,256,20,3,0.5,0.1,0.99,10.0,256,20,0,128,0,0.0,0.0,278.67938523023537,1270.5839773399582,0.0,0.0,0.0,
coast,coast,300.0,1800.0,0.1,0.2,5.0,10.0,10.0,10.0,10,100.0,inf,full,both,inf,180.0,0.01,0.0,0.0,256,20,3,0.5,0.1,0.99,10.0,256,20,0,128,0,0.0,0.0,278.67938523023537,1270.5839773399582,0.0,0.0,0.0,
coast,coast,300.0,1800.0,0.1,0.2,5.0,inf,10.0,10.0,10,100.0,inf,full,both,inf,180.0,0.01,0.0,0.0,256,20,3,0.5,0.1,0.99,10.0,256,20,0,128,0,0.0,0.0,278.67938523023537,1270.5839773399582,0.0,0.0,0.0,
coast,mppi_direct,300.0,1800.0,0.1,0.025,5.0,1.25,10.0,10.0,10,100.0,inf,full,both,inf,180.0,0.01,0.0,0.0,256,20,3,0.5,0.1,0.99,10.0,256,20,0,128,0,0.0,1.25,221.28606460142,2152.783022838157,0.0,0.0,0.0,
coast,mppi_direct,300.0,1800.0,0.1,0.025,5.0,2.5,10.0,10.0,10,100.0,inf,full,both,inf,180.0,0.01,0.0,0.0,256,20,3,0.5,0.1,0.99,10.0,256,20,0,128,0,0.0,2.5,223.9760425684499,3140.17782625018,0.0,0.0,0.0,
coast,mppi_direct,300.0,1800.0,0.1,0.025,5.0,3.75,10.0,10.0,10,100.0,inf,full,both,inf,180.0,0.01,0.0,0.0,256,20,3,0.5,0.1,0.99,10.0,256,20,0,128,0,0.0,3.75,223.98485656274332,3653.4966339834,0.0,0.0,0.0,
coast,mppi_direct,300.0,1800.0,0.1,0.025,5.0,4.5,10.0,10.0,10,100.0,inf,full,both,inf,180.0,0.01,0.0,0.0,256,20,3,0.5,0.1,0.99,10.0,256,20,0,128,0,0.0,4.149407201300368,223.98485656274332,3680.798857055163,0.0,0.0,0.0,
coast,mppi_direct,300.0,1800.0,0.1,0.025,5.0,5.0,10.0,10.0,10,100.0,inf,full,both,inf,180.0,0.01,0.0,0.0,256,20,3,0.5,0.1,0.99,10.0,256,20,0,128,0,0.0,4.150150778827955,223.98485656274332,3680.039455705101,0.0,0.0,0.0,
coast,mppi_direct,300.0,1800.0,0.1,0.025,5.0,5.5,10.0,10.0,10,100.0,inf,full,both,inf,180.0,0.01,0.0,0.0,256,20,3,0.5,0.1,0.99,10.0,256,20,0,128,0,0.0,4.1503228560845695,223.98485656274332,3680.014651500181,0.0,0.0,0.0,
coast,mppi_direct,300.0,1800.0,0.1,0.025,5.0,6.25,10.0,10.0,10,100.0,inf,full,both,inf,180.0,0.01,0.0,0.0,256,20,3,0.5,0.1,0.99,10.0,256,20,0,128,0,0.0,4.150322718946068,223.98485656274332,3680.014628139706,0.0,0.0,0.0,
coast,mppi_direct,300.0,1800.0,0.1,0.025,5.0,7.5,10.0,10.0,10,100.0,inf,full,both,inf,180.0,0.01,0.0,0.0,256,20,3,0.5,0.1,0.99,10.0,256,20,0,128,0,0.0,4.150322718946068,223.98485656274332,3680.014628139706,0.0,0.0,0.0,
coast,mppi_direct,300.0,1800.0,0.1,0.025,5.0,10.0,10.0,10.0,10,100.0,inf,full,both,inf,180.0,0.01,0.0,0.0,256,20,3,0.5,0.1,0.99,10.0,256,20,0,128,0,0.0,4.150322718946068,223.98485656274332,3680.014628139706,0.0,0.0,0.0,
coast,mppi_direct,300.0,1800.0,0.1,0.025,5.0,inf,10.0,10.0,10,100.0,inf,full,both,inf,180.0,0.01,0.0,0.0,256,20,3,0.5,0.1,0.99,10.0,256,20,0,128,0,0.0,4.150322718946068,223.98485656274332,3680.014628139706,0.0,0.0,0.0,
coast,mppi_direct,300.0,1800.0,0.1,0.05,5.0,1.25,10.0,10.0,10,100.0,inf,full,both,inf,180.0,0.01,0.0,0.0,256,20,3,0.5,0.1,0.99,10.0,256,20,0,128,0,0.0,1.25,199.8611844369616,2439.6433917928875,0.0,0.0,0.0,
coast,mppi_direct,300.0,1800.0,0.1,0.05,5.0,2.5,10.0,10.0,10,100.0,inf,full,both,inf,180.0,0.01,0.0,0.0,256,20,3,0.5,0.1,0.99,10.0,256,20,0,128,0,0.0,2.5,174.02329611721396,3928.80337086405,0.0,0.0,0.0,
coast,mppi_direct,300.0,1800.0,0.1,0.05,5.0,3.75,10.0,10.0,10,100.0,inf,full,both,inf,180.0,0.01,0.0,0.0,256,20,3,0.5,0.1,0.99,10.0,256,20,0,128,0,0.0,3.75,176.16339577712174,5325.68192602982,0.0,0.0,0.0,
coast,mppi_direct,300.0,1800.0,0.1,0.05,5.0,4.5,10.0,10.0,10,100.0,inf,full,both,inf,180.0,0.01,0.0,0.0,256,20,3,0.5,0.1,0.99,10.0,256,20,0,128,0,0.0,4.5,176.19661830625878,5998.044609521777,0.0,0.0,0.0,
coast,mppi_direct,300.0,1800.0,0.1,0.05,5.0,5.0,10.0,10.0,10,100.0,inf,full,both,inf,180.0,0.01,0.0,0.0,256,20,3,0.5,0.1,0.99,10.0,256,20,0,128,0,0.0,5.0,176.19651483696,6383.234720846819,0.0,0.0,0.0,
coast,mppi_direct,300.0,1800.0,0.1,0.05,5.0,5.5,10.0,10.0,10,100.0,inf,full,both,inf,180.0,0.01,0.0,0.0,256,20,3,0.5,0.1,0.99,10.0,256,20,0,128,0,0.0,5.5,176.19651483696,6709.703302109148,0.0,0.0,0.0,
coast,mppi_direct,300.0,1800.0,0.1,0.05,5.0,6.25,10.0,10.0,10,100.0,inf,full,both,inf,180.0,0.01,0.0,0.0,256,20,3,0.5,0.1,0.99,10.0,256,20,0,128,0,0.0,6.25,176.19651483696,7094.276403513461,0.0,0.0,0.0,
coast,mppi_direct,300.0,1800.0,0.1,0.05,5.0,7.5,10.0,10.0,10,100.0,inf,full,both,inf,180.0,0.01,0.0,0.0,256,20,3,0.5,0.1,0.99,10.0,256,20,0,128,0,0.0,7.5,176.19651483696,7475.883540786259,0.0,0.0,0.0,
coast,mppi_direct,300.0,1800.0,0.1,0.05,5.0,10.0,10.0,10.0,10,100.0,inf,full,both,inf,180.0,0.01,0.0,0.0,256,20,3,0.5,0.1,0.99,10.0,256,20,0,128,0,0.0,8.42954882642531,176.19651483696,7548.405875997001,0.0,0.0,0.0,
coast,mppi_direct,300.0,1800.0,0.1,0.05,5.0,inf,10.0,10.0,10,100.0,inf,full,both,inf,180.0,0.01,0.0,0.0,256,20,3,0.5,0.1,0.99,10.0,256,20,0,128,0,0.0,8.42910445297192,176.19651483696,7548.321686170855,0.0,0.0,0.0,
coast,mppi_direct,300.0,1800.0,0.1,0.075,5.0,1.25,10.0,10.0,10,100.0,inf,full,both,inf,180.0,0.01,0.0,0.0,256,20,3,0.5,0.1,0.99,10.0,256,20,0,128,0,0.0,1.25,215.91445616960476,2731.369769303325,0.0,0.0,0.0,
coast,mppi_direct,300.0,1800.0,0.1,0.075,5.0,2.5,10.0,10.0,10,100.0,inf,full,both,inf,180.0,0.01,0.0,0.0,256,20,3,0.5,0.1,0.99,10.0,256,20,0,128,0,0.0,2.5,165.1661022034414,4558.113556137668,0.0,0.0,0.0,
coast,mppi_direct,300.0,1800.0,0.1,0.075,5.0,3.75,10.0,10.0,10,100.0,inf,full,both,inf,180.0,0.01,0.0,0.0,256,20,3,0.5,0.1,0.99,10.0,256,20,0,128,0,0.0,3.75,164.16824123927654,6201.26340762551,0.0,0.0,0.0,
coast,mppi_direct,300.0,1800.0,0.1,0.075,5.0,4.5,10.0,10.0,10,100.0,inf,full,both,inf,180.0,0.01,0.0,0.0,256,20,3,0.5,0.1,0.99,10.0,256,20,0,128,0,0.0,4.5,165.10256215815352,7136.661651952881,0.0,0.0,0.0,
coast,mppi_direct,300.0,1800.0,0.1,0.075,5.0,5.0,10.0,10.0,10,100.0,inf,full,both,inf,180.0,0.01,0.0,0.0,256,20,3,0.5,0.1,0.99,10.0,256,20,0,128,0,0.0,5.0,165.27448293573343,7692.552617592573,0.0,0.0,0.0,
coast,mppi_direct,300.0,1800.0,0.1,0.075,5.0,5.5,10.0,10.0,10,100.0,inf,full,both,inf,180.0,0.01,0.0,0.0,256,20,3,0.5,0.1,0.99,10.0,256,20,0,128,0,0.0,5.5,165.37765583731178,8228.195310366742,0.0,0.0,0.0,
coast,mppi_direct,300.0,1800.0,0.1,0.075,5.0,6.25,10.0,10.0,10,100.0,inf,full,both,inf,180.0,0.01,0.0,0.0,256,20,3,0.5,0.1,0.99,10.0,256,20,0,128,0,0.0,6.25,165.38775228454188,8945.50536548859,0.0,0.0,0.0,
coast,mppi_direct,300.0,1800.0,0.1,0.075,5.0,7.5,10.0,10.0,10,100.0,inf,full,both,inf,180.0,0.01,0.0,0.0,256,20,3,0.5,0.1,0.99,10.0,256,20,0,128,0,0.0,7.5,165.38769538890517,9969.55442214124,0.0,0.0,0.0,
coast,mppi_direct,300.0,1800.0,0.1,0.075,5.0,10.0,10.0,10.0,10,100.0,inf,full,both,inf,180.0,0.01,0.0,0.0,256,20,3,0.5,0.1,0.99,10.0,256,20,0,128,0,0.0,10.0,165.38769538890517,11310.409599207542,0.0,0.0,0.0,
coast,mppi_direct,300.0,1800.0,0.1,0.075,5.0,inf,10.0,10.0,10,100.0,inf,full,both,inf,180.0,0.01,0.0,0.0,256,20,3,0.5,0.1,0.99,10.0,256,20,0,128,0,0.0,12.734912715021872,165.38769538890517,11777.069515057929,0.0,0.0,0.0,
coast,mppi_direct,300.0,1800.0,0.1,0.09,5.0,1.25,10.0,10.0,10,100.0,inf,full,both,inf,180.0,0.01,0.0,0.0,256,20,3,0.5,0.1,0.99,10.0,256,20,0,128,0,0.0,1.25,228.52941851508348,2828.3653022118533,0.0,0.0,0.0,
coast,mppi_direct,300.0,1800.0,0.1,0.09,5.0,2.5,10.0,10.0,10,100.0,inf,full,both,inf,180.0,0.01,0.0,0.0,256,20,3,0.5,0.1,0.99,10.0,256,20,0,128,0,0.0,2.5,166.01993672045612,4710.304827080014,0.0,0.0,0.0,
coast,mppi_direct,300.0,1800.0,0.1,0.09,5.0,3.75,10.0,10.0,10,100.0,inf,full,both,inf,180.0,0.01,0.0,0.0,256,20,3,0.5,0.1,0.99,10.0,256,20,0,128,0,0.0,3.75,166.11486821464126,6548.885259538845,0.0,0.0,0.0,
coast,mppi_direct,300.0,1800.0,0.1,0.09,5.0,4.5,10.0,10.0,10,100.0,inf,full,both,inf,180.0,0.01,0.0,0.0,256,20,3,0.5,0.1,0.99,10.0,256,20,0,128,0,0.0,4.5,165.27884302944167,7573.959201353631,0.0,0.0,0.0,
coast,mppi_direct,300.0,1800.0,0.1,0.09,5.0,5.0,10.0,10.0,10,100.0,inf,full,both,inf,180.0,0.01,0.0,0.0,256,20,3,0.5,0.1,0.99,10.0,256,20,0,128,0,0.0,5.0,166.294546358416,8282.485125820705,0.0,0.0,0.0,
coast,mppi_direct,300.0,1800.0,0.1,0.09,5.0,5.5,10.0,10.0,10,100.0,inf,full,both,inf,180.0,0.01,0.0,0.0,256,20,3,0.5,0.1,0.99,10.0,256,20,0,128,0,0.0,5.5,166.56831637080398,8879.503573809612,0.0,0.0,0.0,
coast,mppi_direct,300.0,1800.0,0.1,0.09,5.0,6.25,10.0,10.0,10,100.0,inf,full,both,inf,180.0,0.01,0.0,0.0,256,20,3,0.5,0.1,0.99,10.0,256,20,0,128,0,0.0,6.25,166.87136645546153,9730.932611091168,0.0,0.0,0.0,
coast,mppi_direct,300.0,1800.0,0.1,0.09,5.0,7.5,10.0,10.0,10,100.0,inf,full,both,inf,180.0,0.01,0.0,0.0,256,20,3,0.5,0.1,0.99,10.0,256,20,0,128,0,0.0,7.5,166.8856010927669,10999.4857353257,0.0,0.0,0.0,
coast,mppi_direct,300.0,1800.0,0.1,0.09,5.0,10.0,10.0,10.0,10,100.0,inf,full,both,inf,180.0,0.01,0.0,0.0,256,20,3,0.5,0.1,0.99,10.0,256,20,0,128,0,0.0,10.0,166.88560095066916,12911.704025782556,0.0,0.0,0.0,
coast,mppi_direct,300.0,1800.0,0.1,0.09,5.0,inf,10.0,10.0,10,100.0,inf,full,both,inf,180.0,0.01,0.0,0.0,256,20,3,0.5,0.1,0.99,10.0,256,20,0,128,0,0.0,15.32587566189174,166.88560095066916,14445.143481444977,0.0,0.0,0.0,
coast,mppi_direct,300.0,1800.0,0.1,0.1,5.0,1.25,10.0,10.0,10,100.0,inf,full,both,inf,180.0,0.01,0.0,0.0,256,20,3,0.5,0.1,0.99,10.0,256,20,0,128,0,0.0,1.25,237.12943437600472,2947.849520277728,0.0,0.0,0.0,
coast,mppi_direct,300.0,1800.0,0.1,0.1,5.0,2.5,10.0,10.0,10,100.0,inf,full,both,inf,180.0,0.01,0.0,0.0,256,20,3,0.5,0.1,0.99,10.0,256,20,0,128,0,0.0,2.5,166.4011525018115,4811.274891092569,0.0,0.0,0.0,
coast,mppi_direct,300.0,1800.0,0.1,0.1,5.0,3.75,10.0,10.0,10,100.0,inf,full,both,inf,180.0,0.01,0.0,0.0,256,20,3,0.5,0.1,0.99,10.0,256,20,0,128,0,0.0,3.75,166.44778182100023,6812.46627928105,0.0,0.0,0.0,
coast,mppi_direct,300.0,1800.0,0.1,0.1,5.0,4.5,10.0,10.0,10,100.0,inf,full,both,inf,180.0,0.01,0.0,0.0,256,20,3,0.5,0.1,0.99,10.0,256,20,0,128,0,0.0,4.5,166.83330536221783,7853.632434307228,0.0,0.0,0.0,
coast,mppi_direct,300.0,1800.0,0.1,0.1,5.0,5.0,10.0,10.0,10,100.0,inf,full,both,inf,180.0,0.01,0.0,0.0,256,20,3,0.5,0.1,0.99,10.0,256,20,0,128,0,0.0,5.0,166.85293554918928,8513.425255516551,0.0,0.0,0.0,
coast,mppi_direct,300.0,1800.0,0.1,0.1,5.0,5.5,10.0,10.0,10,100.0,inf,full,both,inf,180.0,0.01,0.0,0.0,256,20,3,0.5,0.1,0.99,10.0,256,20,0,128,0,0.0,5.5,167.7578881495761,9205.34815093653,0.0,0.0,0.0,
coast,mppi_direct,300.0,1800.0,0.1,0.1,5.0,6.25,10.0,10.0,10,100.0,inf,full,both,inf,180.0,0.01,0.0,0.0,256,20,3,0.5,0.1,0.99,10.0,256,20,0,128,0,0.0,6.25,168.3419267629669,10137.764475652612,0.0,0.0,0.0,
coast,mppi_direct,300.0,1800.0,0.1,0.1,5.0,7.5,10.0,10.0,10,100.0,inf,full,both,inf,180.0,0.01,0.0,0.0,256,20,3,0.5,0.1,0.99,10.0,256,20,0,128,0,0.0,7.5,168.35498133071755,11528.837145640491,0.0,0.0,0.0,
coast,mppi_direct,300.0,1800.0,0.1,0.1,5.0,10.0,10.0,10.0,10,100.0,inf,full,both,inf,180.0,0.01,0.0,0.0,256,20,3,0.5,0.1,0.99,10.0,256,20,0,128,0,0.0,10.0,168.355214184478,13745.151329571743,0.0,0.0,0.0,
coast,mppi_direct,300.0,1800.0,0.1,0.1,5.0,inf,10.0,10.0,10,100.0,inf,full,both,inf,180.0,0.01,0.0,0.0,256,20,3,0.5,0.1,0.99,10.0,256,20,0,128,0,0.0,17.050122272815216,168.355214184478,16203.468326289723,0.0,0.0,0.0,
coast,mppi_direct,300.0,1800.0,0.1,0.11,5.0,1.25,10.0,10.0,10,100.0,inf,full,both,inf,180.0,0.01,0.0,0.0,256,20,3,0.5,0.1,0.99,10.0,256,20,0,128,0,0.0,1.25,243.9941894627576,3035.7187690378087,0.0,0.0,0.0,
coast,mppi_direct,300.0,1800.0,0.1,0.11,5.0,2.5,10.0,10.0,10,100.0,inf,full,both,inf,180.0,0.01,0.0,0.0,256,20,3,0.5,0.1,0.99,10.0,256,20,0,128,0,0.0,2.5,170.02182646274184,4926.840426334745,0.0,0.0,0.0,
coast,mppi_direct,300.0,1800.0,0.1,0.11,5.0,3.75,10.0,10.0,10,100.0,inf,full,both,inf,180.0,0.01,0.0,0.0,256,20,3,0.5,0.1,0.99,10.0,256,20,0,128,0,0.0,3.75,164.40425352245282,7051.099131505174,0.0,0.0,0.0,
coast,mppi_direct,300.0,1800.0,0.1,0.11,5.0,4.5,10.0,10.0,10,100.0,inf,full,both,inf,180.0,0.01,0.0,0.0,256,20,3,0.5,0.1,0.99,10.0,256,20,0,128,0,0.0,4.5,164.9155975059671,8091.148852525434,0.0,0.0,0.0,
coast,mppi_direct,300.0,1800.0,0.1,0.11,5.0,5.0,10.0,10.0,10,100.0,inf,full,both,inf,180.0,0.01,0.0,0.0,256,20,3,0.5,0.1,0.99,10.0,256,20,0,128,0,0.0,5.0,165.3581463245547,8805.067613794332,0.0,0.0,0.0,
coast,mppi_direct,300.0,1800.0,0.1,0.11,5.0,5.5,10.0,10.0,10,100.0,inf,full,both,inf,180.0,0.01,0.0,0.0,256,20,3,0.5,0.1,0.99,10.0,256,20,0,128,0,0.0,5.5,165.64980407236374,9501.008655816217,0.0,0.0,0.0,
coast,mppi_direct,300.0,1800.0,0.1,0.11,5.0,6.25,10.0,10.0,10,100.0,inf,full,both,inf,180.0,0.01,0.0,0.0,256,20,3,0.5,0.1,0.99,10.0,256,20,0,128,0,0.0,6.25,166.71924796118367,10514.316306345669,0.0,0.0,0.0,
coast,mppi_direct,300.0,1800.0,0.1,0.11,5.0,7.5,10.0,10.0,10,100.0,inf,full,both,inf,180.0,0.01,0.0,0.0,256,20,3,0.5,0.1,0.99,10.0,256,20,0,128,0,0.0,7.5,167.09867554366056,11978.769716044691,0.0,0.0,0.0,
coast,mppi_direct,300.0,1800.0,0.1,0.11,5.0,10.0,10.0,10.0,10,100.0,inf,full,both,inf,180.0,0.01,0.0,0.0,256,20,3,0.5,0.1,0.99,10.0,256,20,0,128,0,0.0,10.0,167.11068332884176,14454.997186482293,0.0,0.0,0.0,
coast,mppi_direct,300.0,1800.0,0.1,0.11,5.0,inf,10.0,10.0,10,100.0,inf,full,both,inf,180.0,0.01,0.0,0.0,256,20,3,0.5,0.1,0.99,10.0,256,20,0,128,0,0.0,18.76825605930216,167.11068332884176,17940.929979655644,0.0,0.0,0.0,
coast,mppi_direct,300.0,1800.0,0.1,0.125,5.0,1.25,10.0,10.0,10,100.0,inf,full,both,inf,180.0,0.01,0.0,0.0,256,20,3,0.5,0.1,0.99,10.0,256,20,0,128,0,0.0,1.25,251.10281310561504,3182.516131339993,0.0,0.0,0.0,
coast,mppi_direct,300.0,1800.0,0.1,0.125,5.0,2.5,10.0,10.0,10,100.0,inf,full,both,inf,180.0,0.01,0.0,0.0,256,20,3,0.5,0.1,0.99,10.0,256,20,0,128,0,0.0,2.5,189.0781560083192,5124.670549847197,0.0,0.0,0.0,
coast,mppi_direct,300.0,1800.0,0.1,0.125,5.0,3.75,10.0,10.0,10,100.0,inf,full,both,inf,180.0,0.01,0.0,0.0,256,20,3,0.5,0.1,0.99,10.0,256,20,0,128,0,0.0,3.75,168.53233275176862,7113.647900210372,0.0,0.0,0.0,
coast,mppi_direct,300.0,1800.0,0.1,0.125,5.0,4.5,10.0,10.0,10,100.0,inf,full,both,inf,180.0,0.01,0.0,0.0,256,20,3,0.5,0.1,0.99,10.0,256,20,0,128,0,0.0,4.5,171.06251584992876,8442.513116359189,0.0,0.0,0.0,
coast,mppi_direct,300.0,1800.0,0.1,0.125,5.0,5.0,10.0,10.0,10,100.0,inf,full,both,inf,180.0,0.01,0.0,0.0,256,20,3,0.5,0.1,0.99,10.0,256,20,0,128,0,0.0,5.0,170.0050279372008,9183.48799742236,0.0,0.0,0.0,
coast,mppi_direct,300.0,1800.0,0.1,0.125,5.0,5.5,10.0,10.0,10,100.0,inf,full,both,inf,180.0,0.01,0.0,0.0,256,20,3,0.5,0.1,0.99,10.0,256,20,0,128,0,0.0,5.5,169.0613644211725,9914.07784596938,0.0,0.0,0.0,
coast,mppi_direct,300.0,1800.0,0.1,0.125,5.0,6.25,10.0,10.0,10,100.0,inf,full,both,inf,180.0,0.01,0.0,0.0,256,20,3,0.5,0.1,0.99,10.0,256,20,0,128,0,0.0,6.25,169.80207773930167,10982.000184916678,0.0,0.0,0.0,
coast,mppi_direct,300.0,1800.0,0.1,0.125,5.0,7.5,10.0,10.0,10,100.0,inf,full,both,inf,180.0,0.01,0.0,0.0,256,20,3,0.5,0.1,0.99,10.0,256,20,0,128,0,0.0,7.5,171.03860924327225,12679.665565101366,0.0,0.0,0.0,
coast,mppi_direct,300.0,1800.0,0.1,0.125,5.0,10.0,10.0,10.0,10,100.0,inf,full,both,inf,180.0,0.01,0.0,0.0,256,20,3,0.5,0.1,0.99,10.0,256,20,0,128,0,0.0,10.0,171.1334406000619,15417.28813764893,0.0,0.0,0.0,
coast,mppi_direct,300.0,1800.0,0.1,0.125,5.0,inf,10.0,10.0,10,100.0,inf,full,both,inf,180.0,0.01,0.0,0.0,256,20,3,0.5,0.1,0.99,10.0,256,20,0,128,0,0.0,21.34160134485972,171.13344063254365,20653.891435180256,0.0,0.0,0.0,
coast,mppi_direct,300.0,1800.0,0.1,0.15,5.0,1.25,10.0,10.0,10,100.0,inf,full,both,inf,180.0,0.01,0.0,0.0,256,20,3,0.5,0.1,0.99,10.0,256,20,0,128,0,0.0,1.25,260.540261994027,3312.174887496149,0.0,0.0,0.0,
coast,mppi_direct,300.0,1800.0,0.1,0.15,5.0,2.5,10.0,10.0,10,100.0,inf,full,both,inf,180.0,0.01,0.0,0.0,256,20,3,0.5,0.1,0.99,10.0,256,20,0,128,0,0.0,2.5,184.94743821895776,5278.497459497699,0.0,0.0,0.0,
coast,mppi_direct,300.0,1800.0,0.1,0.15,5.0,3.75,10.0,10.0,10,100.0,inf,full,both,inf,180.0,0.01,0.0,0.0,256,20,3,0.5,0.1,0.99,10.0,256,20,0,128,0,0.0,3.75,180.48569546559972,7319.236877639873,0.0,0.0,0.0,
coast,mppi_direct,300.0,1800.0,0.1,0.15,5.0,4.5,10.0,10.0,10,100.0,inf,full,both,inf,180.0,0.01,0.0,0.0,256,20,3,0.5,0.1,0.99,10.0,256,20,0,128,0,0.0,4.5,177.41967922630053,8778.253556004554,0.0,0.0,0.0,
coast,mppi_direct,300.0,1800.0,0.1,0.15,5.0,5.0,10.0,10.0,10,100.0,inf,full,both,inf,180.0,0.01,0.0,0.0,256,20,3,0.5,0.1,0.99,10.0,256,20,0,128,0,0.0,5.0,174.01141823115157,9661.428587547118,0.0,0.0,0.0,
coast,mppi_direct,300.0,1800.0,0.1,0.15,5.0,5.5,10.0,10.0,10,100.0,inf,full,both,inf,180.0,0.01,0.0,0.0,256,20,3,0.5,0.1,0.99,10.0,256,20,0,128,0,0.0,5.5,181.3308232928564,10411.242961654969,0.0,0.0,0.0,
coast,mppi_direct,300.0,1800.0,0.1,0.15,5.0,6.25,10.0,10.0,10,100.0,inf,full,both,inf,180.0,0.01,0.0,0.0,256,20,3,0.5,0.1,0.99,10.0,256,20,0,128,0,0.0,6.25,176.97556094462317,11586.783691566425,0.0,0.0,0.0,
coast,mppi_direct,300.0,1800.0,0.1,0.15,5.0,7.5,10.0,10.0,10,100.0,inf,full,both,inf,180.0,0.01,0.0,0.0,256,20,3,0.5,0.1,0.99,10.0,256,20,0,128,0,0.0,7.5,177.6659264116504,13500.881963197944,0.0,0.0,0.0,
coast,mppi_direct,300.0,1800.0,0.1,0.15,5.0,10.0,10.0,10.0,10,100.0,inf,full,both,inf,180.0,0.01,0.0,0.0,256,20,3,0.5,0.1,0.99,10.0,256,20,0,128,0,0.0,10.0,178.32479123615298,16703.920061355053,0.0,0.0,0.0,
coast,mppi_direct,300.0,1800.0,0.1,0.15,5.0,inf,10.0,10.0,10,100.0,inf,full,both,inf,180.0,0.01,0.0,0.0,256,20,3,0.5,0.1,0.99,10.0,256,20,0,128,0,0.0,25.646554920367794,178.32055221934996,25198.066497273947,0.0,0.0,0.0,
coast,mppi_direct,300.0,1800.0,0.1,0.2,5.0,1.25,10.0,10.0,10,100.0,inf,full,both,inf,180.0,0.01,0.0,0.0,256,20,3,0.5,0.1,0.99,10.0,256,20,0,128,0,0.0,1.25,273.4681818380217,3512.803870430566,0.0,0.0,0.0,
coast,mppi_direct,300.0,1800.0,0.1,0.2,5.0,2.5,10.0,10.0,10,100.0,inf,full,both,inf,180.0,0.01,0.0,0.0,256,20,3,0.5,0.1,0.99,10.0,256,20,0,128,0,0.0,2.5,226.78061911256776,5650.378454787772,0.0,0.0,0.0,
coast,mppi_direct,300.0,1800.0,0.1,0.2,5.0,3.75,10.0,10.0,10,100.0,inf,full,both,inf,180.0,0.01,0.0,0.0,256,20,3,0.5,0.1,0.99,10.0,256,20,0,128,0,0.0,3.75,206.59390637354684,8072.460823605766,0.0,0.0,0.0,
coast,mppi_direct,300.0,1800.0,0.1,0.2,5.0,4.5,10.0,10.0,10,100.0,inf,full,both,inf,180.0,0.01,0.0,0.0,256,20,3,0.5,0.1,0.99,10.0,256,20,0,128,0,0.0,4.5,202.62864736947031,9487.231101199508,0.0,0.0,0.0,
coast,mppi_direct,300.0,1800.0,0.1,0.2,5.0,5.0,10.0,10.0,10,100.0,inf,full,both,inf,180.0,0.01,0.0,0.0,256,20,3,0.5,0.1,0.99,10.0,256,20,0,128,0,0.0,5.0,200.6132642362968,10318.351966841556,0.0,0.0,0.0,
coast,mppi_direct,300.0,1800.0,0.1,0.2,5.0,5.5,10.0,10.0,10,100.0,inf,full,both,inf,180.0,0.01,0.0,0.0,256,20,3,0.5,0.1,0.99,10.0,256,20,0,128,0,0.0,5.5,194.88042981708887,11191.08318725905,0.0,0.0,0.0,
coast,mppi_direct,300.0,1800.0,0.1,0.2,5.0,6.25,10.0,10.0,10,100.0,inf,full,both,inf,180.0,0.01,0.0,0.0,256,20,3,0.5,0.1,0.99,10.0,256,20,0,128,0,0.0,6.25,194.42609736059356,12442.836985321554,0.0,0.0,0.0,
coast,mppi_direct,300.0,1800.0,0.1,0.2,5.0,7.5,10.0,10.0,10,100.0,inf,full,both,inf,180.0,0.01,0.0,0.0,256,20,3,0.5,0.1,0.99,10.0,256,20,0,128,0,0.0,7.5,193.8360252111125,14637.45169367628,0.0,0.0,0.0,
coast,mppi_direct,300.0,1800.0,0.1,0.2,5.0,10.0,10.0,10.0,10,100.0,inf,full,both,inf,180.0,0.01,0.0,0.0,256,20,3,0.5,0.1,0.99,10.0,256,20,0,128,0,0.0,10.0,193.9856765636076,18551.131245179185,0.0,0.0,0.0,
coast,mppi_direct,300.0,1800.0,0.1,0.2,5.0,inf,10.0,10.0,10,100.0,inf,full,both,inf,180.0,0.01,0.0,0.0,256,20,3,0.5,0.1,0.99,10.0,256,20,0,128,0,0.0,34.24601642676481,194.3126185640737,34109.597874838,0.0,0.0,0.0,
coast,mppi_lqr,300.0,1800.0,0.1,0.025,5.0,1.25,10.0,10.0,10,100.0,inf,full,both,inf,180.0,0.01,0.0,0.0,256,20,3,0.5,0.1,0.99,10.0,256,20,0,128,0,0.0,1.25,299.99709641724854,3530.356223940975,0.0,0.0,0.0,
coast,mppi_lqr,300.0,1800.0,0.1,0.025,5.0,2.5,10.0,10.0,10,100.0,inf,full,both,inf,180.0,0.01,0.0,0.0,256,20,3,0.5,0.1,0.99,10.0,256,20,0,128,0,0.0,2.5,299.99700383125514,4865.438280746389,0.0,0.0,0.0,
coast,mppi_lqr,300.0,1800.0,0.1,0.025,5.0,3.75,10.0,10.0,10,100.0,inf,full,both,inf,180.0,0.01,0.0,0.0,256,20,3,0.5,0.1,0.99,10.0,256,20,0,128,0,0.0,3.75,299.99700383125514,5401.0187619467415,0.0,0.0,0.0,
coast,mppi_lqr,300.0,1800.0,0.1,0.025,5.0,4.5,10.0,10.0,10,100.0,inf,full,both,inf,180.0,0.01,0.0,0.0,256,20,3,0.5,0.1,0.99,10.0,256,20,0,128,0,0.0,4.190255737209639,299.99700383125514,5433.839403890125,0.0,0.0,0.0,
coast,mppi_lqr,300.0,1800.0,0.1,0.025,5.0,5.0,10.0,10.0,10,100.0,inf,full,both,inf,180.0,0.01,0.0,0.0,256,20,3,0.5,0.1,0.99,10.0,256,20,0,128,0,0.0,4.191733168028714,299.99700383125514,5432.805186590784,0.0,0.0,0.0,
coast,mppi_lqr,300.0,1800.0,0.1,0.025,5.0,5.5,10.0,10.0,10,100.0,inf,full,both,inf,180.0,0.01,0.0,0.0,256,20,3,0.5,0.1,0.99,10.0,256,20,0,128,0,0.0,4.191805173186936,299.99700383125514,5432.771590413751,0.0,0.0,0.0,
coast,mppi_lqr,300.0,1800.0,0.1,0.025,5.0,6.25,10.0,10.0,10,100.0,inf,full,both,inf,180.0,0.01,0.0,0.0,256,20,3,0.5,0.1,0.99,10.0,256,20,0,128,0,0.0,4.191801782996677,299.99700383125514,5432.771501096146,0.0,0.0,0.0,
coast,mppi_lqr,300.0,1800.0,0.1,0.025,5.0,7.5,10.0,10.0,10,100.0,inf,full,both,inf,180.0,0.01,0.0,0.0,256,20,3,0.5,0.1,0.99,10.0,256,20,0,128,0,0.0,4.191801782996677,299.99700383125514,5432.771501096146,0.0,0.0,0.0,
coast,mppi_lqr,300.0,1800.0,0.1,0.025,5.0,10.0,10.0,10.0,10,100.0,inf,full,both,inf,180.0,0.01,0.0,0.0,256,20,3,0.5,0.1,0.99,10.0,256,20,0,128,0,0.0,4.191801782996677,299.99700383125514,5432.771501096146,0.0,0.0,0.0,
coast,mppi_lqr,300.0,1800.0,0.1,0.025,5.0,inf,10.0,10.0,10,100.0,inf,full,both,inf,180.0,0.01,0.0,0.0,256,20,3,0.5,0.1,0.99,10.0,256,20,0,128,0,0.0,4.191801782996677,299.99700383125514,5432.771501096146,0.0,0.0,0.0,
coast,mppi_lqr,300.0,1800.0,0.1,0.05,5.0,1.25,10.0,10.0,10,100.0,inf,full,both,inf,180.0,0.01,0.0,0.0,256,20,3,0.5,0.1,0.99,10.0,256,20,0,128,0,0.0,1.25,299.94881121021314,3867.443761809723,0.0,0.0,0.0,
coast,mppi_lqr,300.0,1800.0,0.1,0.05,5.0,2.5,10.0,10.0,10,100.0,inf,full,both,inf,180.0,0.01,0.0,0.0,256,20,3,0.5,0.1,0.99,10.0,256,20,0,128,0,0.0,2.5,300.0,6125.541272927351,0.0,0.0,0.0,
coast,mppi_lqr,300.0,1800.0,0.1,0.05,5.0,3.75,10.0,10.0,10,100.0,inf,full,both,inf,180.0,0.01,0.0,0.0,256,20,3,0.5,0.1,0.99,10.0,256,20,0,128,0,0.0,3.75,300.0,7728.181289383905,0.0,0.0,0.0,
coast,mppi_lqr,300.0,1800.0,0.1,0.05,5.0,4.5,10.0,10.0,10,100.0,inf,full,both,inf,180.0,0.01,0.0,0.0,256,20,3,0.5,0.1,0.99,10.0,256,20,0,128,0,0.0,4.5,300.0,8456.23334099557,0.0,0.0,0.0,
coast,mppi_lqr,300.0,1800.0,0.1,0.05,5.0,5.0,10.0,10.0,10,100.0,inf,full,both,inf,180.0,0.01,0.0,0.0,256,20,3,0.5,0.1,0.99,10.0,256,20,0,128,0,0.0,5.0,300.0,8859.748912375431,0.0,0.0,0.0,
coast,mppi_lqr,300.0,1800.0,0.1,0.05,5.0,5.5,10.0,10.0,10,100.0,inf,full,both,inf,180.0,0.01,0.0,0.0,256,20,3,0.5,0.1,0.99,10.0,256,20,0,128,0,0.0,5.5,300.0,9206.305320825128,0.0,0.0,0.0,
coast,mppi_lqr,300.0,1800.0,0.1,0.05,5.0,6.25,10.0,10.0,10,100.0,inf,full,both,inf,180.0,0.01,0.0,0.0,256,20,3,0.5,0.1,0.99,10.0,256,20,0,128,0,0.0,6.25,300.0,9610.472736887374,0.0,0.0,0.0,
coast,mppi_lqr,300.0,1800.0,0.1,0.05,5.0,7.5,10.0,10.0,10,100.0,inf,full,both,inf,180.0,0.01,0.0,0.0,256,20,3,0.5,0.1,0.99,10.0,256,20,0,128,0,0.0,7.5,300.0,10028.915881582732,0.0,0.0,0.0,
coast,mppi_lqr,300.0,1800.0,0.1,0.05,5.0,10.0,10.0,10.0,10,100.0,inf,full,both,inf,180.0,0.01,0.0,0.0,256,20,3,0.5,0.1,0.99,10.0,256,20,0,128,0,0.0,8.56462706695058,300.0,10126.278128088048,0.0,0.0,0.0,
coast,mppi_lqr,300.0,1800.0,0.1,0.05,5.0,inf,10.0,10.0,10,100.0,inf,full,both,inf,180.0,0.01,0.0,0.0,256,20,3,0.5,0.1,0.99,10.0,256,20,0,128,0,0.0,8.564922592066118,300.0,10126.094714826448,0.0,0.0,0.0,
coast,mppi_lqr,300.0,1800.0,0.1,0.075,5.0,1.25,10.0,10.0,10,100.0,inf,full,both,inf,180.0,0.01,0.0,0.0,256,20,3,0.5,0.1,0.99,10.0,256,20,0,128,0,0.0,1.25,300.0,4038.941965100412,0.0,0.0,0.0,
coast,mppi_lqr,300.0,1800.0,0.1,0.075,5.0,2.5,10.0,10.0,10,100.0,inf,full,both,inf,180.0,0.01,0.0,0.0,256,20,3,0.5,0.1,0.99,10.0,256,20,0,128,0,0.0,2.5,300.0,6636.599691848846,0.0,0.0,0.0,
coast,mppi_lqr,300.0,1800.0,0.1,0.075,5.0,3.75,10.0,10.0,10,100.0,inf,full,both,inf,180.0,0.01,0.0,0.0,256,20,3,0.5,0.1,0.99,10.0,256,20,0,128,0,0.0,3.75,300.0,8695.132533381266,0.0,0.0,0.0,
coast,mppi_lqr,300.0,1800.0,0.1,0.075,5.0,4.5,10.0,10.0,10,100.0,inf,full,both,inf,180.0,0.01,0.0,0.0,256,20,3,0.5,0.1,0.99,10.0,256,20,0,128,0,0.0,4.5,300.0,9724.214131314702,0.0,0.0,0.0,
coast,mppi_lqr,300.0,1800.0,0.1,0.075,5.0,5.0,10.0,10.0,10,100.0,inf,full,both,inf,180.0,0.01,0.0,0.0,256,20,3,0.5,0.1,0.99,10.0,256,20,0,128,0,0.0,5.0,300.0,10361.776292362165,0.0,0.0,0.0,
coast,mppi_lqr,300.0,1800.0,0.1,0.075,5.0,5.5,10.0,10.0,10,100.0,inf,full,both,inf,180.0,0.01,0.0,0.0,256,20,3,0.5,0.1,0.99,10.0,256,20,0,128,0,0.0,5.5,300.0,10956.400862417651,0.0,0.0,0.0,
coast,mppi_lqr,300.0,1800.0,0.1,0.075,5.0,6.25,10.0,10.0,10,100.0,inf,full,both,inf,180.0,0.01,0.0,0.0,256,20,3,0.5,0.1,0.99,10.0,256,20,0,128,0,0.0,6.25,300.0,11738.85521434862,0.0,0.0,0.0,
coast,mppi_lqr,300.0,1800.0,0.1,0.075,5.0,7.5,10.0,10.0,10,100.0,inf,full,both,inf,180.0,0.01,0.0,0.0,256,20,3,0.5,0.1,0.99,10.0,256,20,0,128,0,0.0,7.5,300.0,12795.60282386782,0.0,0.0,0.0,
coast,mppi_lqr,300.0,1800.0,0.1,0.075,5.0,10.0,10.0,10.0,10,100.0,inf,full,both,inf,180.0,0.01,0.0,0.0,256,20,3,0.5,0.1,0.99,10.0,256,20,0,128,0,0.0,10.0,300.0,14193.020759108582,0.0,0.0,0.0,
coast,mppi_lqr,300.0,1800.0,0.1,0.075,5.0,inf,10.0,10.0,10,100.0,inf,full,both,inf,180.0,0.01,0.0,0.0,256,20,3,0.5,0.1,0.99,10.0,256,20,0,128,0,0.0,12.880014682258864,300.0,14711.874772039637,0.0,0.0,0.0,
coast,mppi_lqr,300.0,1800.0,0.1,0.09,5.0,1.25,10.0,10.0,10,100.0,inf,full,both,inf,180.0,0.01,0.0,0.0,256,20,3,0.5,0.1,0.99,10.0,256,20,0,128,0,0.0,1.25,299.99999320328226,4084.407888766281,0.0,0.0,0.0,
coast,mppi_lqr,300.0,1800.0,0.1,0.09,5.0,2.5,10.0,10.0,10,100.0,inf,full,both,inf,180.0,0.01,0.0,0.0,256,20,3,0.5,0.1,0.99,10.0,256,20,0,128,0,0.0,2.5,299.9996808167704,6775.996014720505,0.0,0.0,0.0,
coast,mppi_lqr,300.0,1800.0,0.1,0.09,5.0,3.75,10.0,10.0,10,100.0,inf,full,both,inf,180.0,0.01,0.0,0.0,256,20,3,0.5,0.1,0.99,10.0,256,20,0,128,0,0.0,3.75,299.9999877862881,9050.262565214884,0.0,0.0,0.0,
coast,mppi_lqr,300.0,1800.0,0.1,0.09,5.0,4.5,10.0,10.0,10,100.0,inf,full,both,inf,180.0,0.01,0.0,0.0,256,20,3,0.5,0.1,0.99,10.0,256,20,0,128,0,0.0,4.5,299.9999755677078,10269.093984508332,0.0,0.0,0.0,
coast,mppi_lqr,300.0,1800.0,0.1,0.09,5.0,5.0,10.0,10.0,10,100.0,inf,full,both,inf,180.0,0.01,0.0,0.0,256,20,3,0.5,0.1,0.99,10.0,256,20,0,128,0,0.0,5.0,299.999975863847,10945.711462610278,0.0,0.0,0.0,
coast,mppi_lqr,300.0,1800.0,0.1,0.09,5.0,5.5,10.0,10.0,10,100.0,inf,full,both,inf,180.0,0.01,0.0,0.0,256,20,3,0.5,0.1,0.99,10.0,256,20,0,128,0,0.0,5.5,299.999975863847,11632.533581568225,0.0,0.0,0.0,
coast,mppi_lqr,300.0,1800.0,0.1,0.09,5.0,6.25,10.0,10.0,10,100.0,inf,full,both,inf,180.0,0.01,0.0,0.0,256,20,3,0.5,0.1,0.99,10.0,256,20,0,128,0,0.0,6.25,299.999975863847,12571.219981405366,0.0,0.0,0.0,
coast,mppi_lqr,300.0,1800.0,0.1,0.09,5.0,7.5,10.0,10.0,10,100.0,inf,full,both,inf,180.0,0.01,0.0,0.0,256,20,3,0.5,0.1,0.99,10.0,256,20,0,128,0,0.0,7.5,299.999975863847,13914.518600706027,0.0,0.0,0.0,
coast,mppi_lqr,300.0,1800.0,0.1,0.09,5.0,10.0,10.0,10.0,10,100.0,inf,full,both,inf,180.0,0.01,0.0,0.0,256,20,3,0.5,0.1,0.99,10.0,256,20,0,128,0,0.0,10.0,299.999975863847,15869.279829921612,0.0,0.0,0.0,
coast,mppi_lqr,300.0,1800.0,0.1,0.09,5.0,inf,10.0,10.0,10,100.0,inf,full,both,inf,180.0,0.01,0.0,0.0,256,20,3,0.5,0.1,0.99,10.0,256,20,0,128,0,0.0,15.4580600171028,299.999975863847,17488.53402761614,0.0,0.0,0.0,
coast,mppi_lqr,300.0,1800.0,0.1,0.1,5.0,1.25,10.0,10.0,10,100.0,inf,full,both,inf,180.0,0.01,0.0,0.0,256,20,3,0.5,0.1,0.99,10.0,256,20,0,128,0,0.0,1.25,300.0,4109.430068991047,0.0,0.0,0.0,
coast,mppi_lqr,300.0,1800.0,0.1,0.1,5.0,2.5,10.0,10.0,10,100.0,inf,full,both,inf,180.0,0.01,0.0,0.0,256,20,3,0.5,0.1,0.99,10.0,256,20,0,128,0,0.0,2.5,299.99853170257364,6876.956281088972,0.0,0.0,0.0,
coast,mppi_lqr,300.0,1800.0,0.1,0.1,5.0,3.75,10.0,10.0,10,100.0,inf,full,both,inf,180.0,0.01,0.0,0.0,256,20,3,0.5,0.1,0.99,10.0,256,20,0,128,0,0.0,3.75,299.9999643968515,9317.949012954918,0.0,0.0,0.0,
coast,mppi_lqr,300.0,1800.0,0.1,0.1,5.0,4.5,10.0,10.0,10,100.0,inf,full,both,inf,180.0,0.01,0.0,0.0,256,20,3,0.5,0.1,0.99,10.0,256,20,0,128,0,0.0,4.5,299.99994677554474,10519.862124597206,0.0,0.0,0.0,
coast,mppi_lqr,300.0,1800.0,0.1,0.1,5.0,5.0,10.0,10.0,10,100.0,inf,full,both,inf,180.0,0.01,0.0,0.0,256,20,3,0.5,0.1,0.99,10.0,256,20,0,128,0,0.0,5.0,299.9999439380769,11325.215273522856,0.0,0.0,0.0,
coast,mppi_lqr,300.0,1800.0,0.1,0.1,5.0,5.5,10.0,10.0,10,100.0,inf,full,both,inf,180.0,0.01,0.0,0.0,256,20,3,0.5,0.1,0.99,10.0,256,20,0,128,0,0.0,5.5,299.99994410115926,12003.777268307977,0.0,0.0,0.0,
coast,mppi_lqr,300.0,1800.0,0.1,0.1,5.0,6.25,10.0,10.0,10,100.0,inf,full,both,inf,180.0,0.01,0.0,0.0,256,20,3,0.5,0.1,0.99,10.0,256,20,0,128,0,0.0,6.25,299.99994410115926,13022.893199365146,0.0,0.0,0.0,
coast,mppi_lqr,300.0,1800.0,0.1,0.1,5.0,7.5,10.0,10.0,10,100.0,inf,full,both,inf,180.0,0.01,0.0,0.0,256,20,3,0.5,0.1,0.99,10.0,256,20,0,128,0,0.0,7.5,299.99994410115926,14518.546482934184,0.0,0.0,0.0,
coast,mppi_lqr,300.0,1800.0,0.1,0.1,5.0,10.0,10.0,10.0,10,100.0,inf,full,both,inf,180.0,0.01,0.0,0.0,256,20,3,0.5,0.1,0.99,10.0,256,20,0,128,0,0.0,10.0,299.99994410115926,16789.064001308492,0.0,0.0,0.0,
coast,mppi_lqr,300.0,1800.0,0.1,0.1,5.0,inf,10.0,10.0,10,100.0,inf,full,both,inf,180.0,0.01,0.0,0.0,256,20,3,0.5,0.1,0.99,10.0,256,20,0,128,0,0.0,17.178947077893234,299.99994410115926,19350.152248899485,0.0,0.0,0.0,
coast,mppi_lqr,300.0,1800.0,0.1,0.11,5.0,1.25,10.0,10.0,10,100.0,inf,full,both,inf,180.0,0.01,0.0,0.0,256,20,3,0.5,0.1,0.99,10.0,256,20,0,128,0,0.0,1.25,299.9997858105106,4115.577380807118,0.0,0.0,0.0,
coast,mppi_lqr,300.0,1800.0,0.1,0.11,5.0,2.5,10.0,10.0,10,100.0,inf,full,both,inf,180.0,0.01,0.0,0.0,256,20,3,0.5,0.1,0.99,10.0,256,20,0,128,0,0.0,2.5,299.9924992447655,6915.314652788076,0.0,0.0,0.0,
coast,mppi_lqr,300.0,1800.0,0.1,0.11,5.0,3.75,10.0,10.0,10,100.0,inf,full,both,inf,180.0,0.01,0.0,0.0,256,20,3,0.5,0.1,0.99,10.0,256,20,0,128,0,0.0,3.75,299.9999267123667,9452.769838458731,0.0,0.0,0.0,
coast,mppi_lqr,300.0,1800.0,0.1,0.11,5.0,4.5,10.0,10.0,10,100.0,inf,full,both,inf,180.0,0.01,0.0,0.0,256,20,3,0.5,0.1,0.99,10.0,256,20,0,128,0,0.0,4.5,299.9999245287515,10780.069946324127,0.0,0.0,0.0,
coast,mppi_lqr,300.0,1800.0,0.1,0.11,5.0,5.0,10.0,10.0,10,100.0,inf,full,both,inf,180.0,0.01,0.0,0.0,256,20,3,0.5,0.1,0.99,10.0,256,20,0,128,0,0.0,5.0,299.9999225756824,11627.616914190565,0.0,0.0,0.0,
coast,mppi_lqr,300.0,1800.0,0.1,0.11,5.0,5.5,10.0,10.0,10,100.0,inf,full,both,inf,180.0,0.01,0.0,0.0,256,20,3,0.5,0.1,0.99,10.0,256,20,0,128,0,0.0,5.5,299.99992184858246,12377.834291267252,0.0,0.0,0.0,
coast,mppi_lqr,300.0,1800.0,0.1,0.11,5.0,6.25,10.0,10.0,10,100.0,inf,full,both,inf,180.0,0.01,0.0,0.0,256,20,3,0.5,0.1,0.99,10.0,256,20,0,128,0,0.0,6.25,299.9999218988821,13455.98260134521,0.0,0.0,0.0,
coast,mppi_lqr,300.0,1800.0,0.1,0.11,5.0,7.5,10.0,10.0,10,100.0,inf,full,both,inf,180.0,0.01,0.0,0.0,256,20,3,0.5,0.1,0.99,10.0,256,20,0,128,0,0.0,7.5,299.9999218988821,15081.16521195987,0.0,0.0,0.0,
coast,mppi_lqr,300.0,1800.0,0.1,0.11,5.0,10.0,10.0,10.0,10,100.0,inf,full,both,inf,180.0,0.01,0.0,0.0,256,20,3,0.5,0.1,0.99,10.0,256,20,0,128,0,0.0,10.0,299.9999218988821,17649.192357885233,0.0,0.0,0.0,
coast,mppi_lqr,300.0,1800.0,0.1,0.11,5.0,inf,10.0,10.0,10,100.0,inf,full,both,inf,180.0,0.01,0.0,0.0,256,20,3,0.5,0.1,0.99,10.0,256,20,0,128,0,0.0,18.90004455541096,299.9999218988821,21266.316112973185,0.0,0.0,0.0,
coast,mppi_lqr,300.0,1800.0,0.1,0.125,5.0,1.25,10.0,10.0,10,100.0,inf,full,both,inf,180.0,0.01,0.0,0.0,256,20,3,0.5,0.1,0.99,10.0,256,20,0,128,0,0.0,1.25,300.0,4117.354942872391,0.0,0.0,0.0,
coast,mppi_lqr,300.0,1800.0,0.1,0.125,5.0,2.5,10.0,10.0,10,100.0,inf,full,both,inf,180.0,0.01,0.0,0.0,256,20,3,0.5,0.1,0.99,10.0,256,20,0,128,0,0.0,2.5,299.9584726525958,6995.701478177966,0.0,0.0,0.0,
coast,mppi_lqr,300.0,1800.0,0.1,0.125,5.0,3.75,10.0,10.0,10,100.0,inf,full,both,inf,180.0,0.01,0.0,0.0,256,20,3,0.5,0.1,0.99,10.0,256,20,0,128,0,0.0,3.75,299.99684595732634,9598.646192330832,0.0,0.0,0.0,
coast,mppi_lqr,300.0,1800.0,0.1,0.125,5.0,4.5,10.0,10.0,10,100.0,inf,full,both,inf,180.0,0.01,0.0,0.0,256,20,3,0.5,0.1,0.99,10.0,256,20,0,128,0,0.0,4.5,299.9998661562042,11117.160473621549,0.0,0.0,0.0,
coast,mppi_lqr,300.0,1800.0,0.1,0.125,5.0,5.0,10.0,10.0,10,100.0,inf,full,both,inf,180.0,0.01,0.0,0.0,256,20,3,0.5,0.1,0.99,10.0,256,20,0,128,0,0.0,5.0,299.9998062612228,11950.812664102536,0.0,0.0,0.0,
coast,mppi_lqr,300.0,1800.0,0.1,0.125,5.0,5.5,10.0,10.0,10,100.0,inf,full,both,inf,180.0,0.01,0.0,0.0,256,20,3,0.5,0.1,0.99,10.0,256,20,0,128,0,0.0,5.5,299.9998865833552,12842.079439086308,0.0,0.0,0.0,
coast,mppi_lqr,300.0,1800.0,0.1,0.125,5.0,6.25,10.0,10.0,10,100.0,inf,full,both,inf,180.0,0.01,0.0,0.0,256,20,3,0.5,0.1,0.99,10.0,256,20,0,128,0,0.0,6.25,299.9998861122424,14056.1096075468,0.0,0.0,0.0,
coast,mppi_lqr,300.0,1800.0,0.1,0.125,5.0,7.5,10.0,10.0,10,100.0,inf,full,both,inf,180.0,0.01,0.0,0.0,256,20,3,0.5,0.1,0.99,10.0,256,20,0,128,0,0.0,7.5,299.99988616755013,15779.634310648782,0.0,0.0,0.0,
coast,mppi_lqr,300.0,1800.0,0.1,0.125,5.0,10.0,10.0,10.0,10,100.0,inf,full,both,inf,180.0,0.01,0.0,0.0,256,20,3,0.5,0.1,0.99,10.0,256,20,0,128,0,0.0,10.0,299.99988616755013,18727.630772789173,0.0,0.0,0.0,
coast,mppi_lqr,300.0,1800.0,0.1,0.125,5.0,inf,10.0,10.0,10,100.0,inf,full,both,inf,180.0,0.01,0.0,0.0,256,20,3,0.5,0.1,0.99,10.0,256,20,0,128,0,0.0,21.474444290256884,299.99988616755013,24120.46047289957,0.0,0.0,0.0,
coast,mppi_lqr,300.0,1800.0,0.1,0.15,5.0,1.25,10.0,10.0,10,100.0,inf,full,both,inf,180.0,0.01,0.0,0.0,256,20,3,0.5,0.1,0.99,10.0,256,20,0,128,0,0.0,1.25,300.0,4143.075714451071,0.0,0.0,0.0,
coast,mppi_lqr,300.0,1800.0,0.1,0.15,5.0,2.5,10.0,10.0,10,100.0,inf,full,both,inf,180.0,0.01,0.0,0.0,256,20,3,0.5,0.1,0.99,10.0,256,20,0,128,0,0.0,2.5,299.9755267662651,7121.895877496334,0.0,0.0,0.0,
coast,mppi_lqr,300.0,1800.0,0.1,0.15,5.0,3.75,10.0,10.0,10,100.0,inf,full,both,inf,180.0,0.01,0.0,0.0,256,20,3,0.5,0.1,0.99,10.0,256,20,0,128,0,0.0,3.75,299.99892547850067,9914.960800088367,0.0,0.0,0.0,
coast,mppi_lqr,300.0,1800.0,0.1,0.15,5.0,4.5,10.0,10.0,10,100.0,inf,full,both,inf,180.0,0.01,0.0,0.0,256,20,3,0.5,0.1,0.99,10.0,256,20,0,128,0,0.0,4.5,299.9759322836282,11404.157998380304,0.0,0.0,0.0,
coast,mppi_lqr,300.0,1800.0,0.1,0.15,5.0,5.0,10.0,10.0,10,100.0,inf,full,both,inf,180.0,0.01,0.0,0.0,256,20,3,0.5,0.1,0.99,10.0,256,20,0,128,0,0.0,5.0,299.9818474944793,12442.003011010447,0.0,0.0,0.0,
coast,mppi_lqr,300.0,1800.0,0.1,0.15,5.0,5.5,10.0,10.0,10,100.0,inf,full,both,inf,180.0,0.01,0.0,0.0,256,20,3,0.5,0.1,0.99,10.0,256,20,0,128,0,0.0,5.5,299.9683375363897,13307.499226417702,0.0,0.0,0.0,
coast,mppi_lqr,300.0,1800.0,0.1,0.15,5.0,6.25,10.0,10.0,10,100.0,inf,full,both,inf,180.0,0.01,0.0,0.0,256,20,3,0.5,0.1,0.99,10.0,256,20,0,128,0,0.0,6.25,299.9691465690835,14617.199313349494,0.0,0.0,0.0,
coast,mppi_lqr,300.0,1800.0,0.1,0.15,5.0,7.5,10.0,10.0,10,100.0,inf,full,both,inf,180.0,0.01,0.0,0.0,256,20,3,0.5,0.1,0.99,10.0,256,20,0,128,0,0.0,7.5,299.97291201909707,16569.261518446558,0.0,0.0,0.0,
coast,mppi_lqr,300.0,1800.0,0.1,0.15,5.0,10.0,10.0,10.0,10,100.0,inf,full,both,inf,180.0,0.01,0.0,0.0,256,20,3,0.5,0.1,0.99,10.0,256,20,0,128,0,0.0,10.0,299.97331909750574,19966.74361178101,0.0,0.0,0.0,
coast,mppi_lqr,300.0,1800.0,0.1,0.15,5.0,inf,10.0,10.0,10,100.0,inf,full,both,inf,180.0,0.01,0.0,0.0,256,20,3,0.5,0.1,0.99,10.0,256,20,0,128,0,0.0,25.76874725297992,299.97331909750574,28677.72608162056,0.0,0.0,0.0,
coast,mppi_lqr,300.0,1800.0,0.1,0.2,5.0,1.25,10.0,10.0,10,100.0,inf,full,both,inf,180.0,0.01,0.0,0.0,256,20,3,0.5,0.1,0.99,10.0,256,20,0,128,0,0.0,1.25,300.0,4186.142764293551,0.0,0.0,0.0,
coast,mppi_lqr,300.0,1800.0,0.1,0.2,5.0,2.5,10.0,10.0,10,100.0,inf,full,both,inf,180.0,0.01,0.0,0.0,256,20,3,0.5,0.1,0.99,10.0,256,20,0,128,0,0.0,2.5,299.99827856804376,7238.01353533323,0.0,0.0,0.0,
coast,mppi_lqr,300.0,1800.0,0.1,0.2,5.0,3.75,10.0,10.0,10,100.0,inf,full,both,inf,180.0,0.01,0.0,0.0,256,20,3,0.5,0.1,0.99,10.0,256,20,0,128,0,0.0,3.75,299.9756599744298,10149.771745682016,0.0,0.0,0.0,
coast,mppi_lqr,300.0,1800.0,0.1,0.2,5.0,4.5,10.0,10.0,10,100.0,inf,full,both,inf,180.0,0.01,0.0,0.0,256,20,3,0.5,0.1,0.99,10.0,256,20,0,128,0,0.0,4.5,299.9347970709833,11628.014213751156,0.0,0.0,0.0,
coast,mppi_lqr,300.0,1800.0,0.1,0.2,5.0,5.0,10.0,10.0,10,100.0,inf,full,both,inf,180.0,0.01,0.0,0.0,256,20,3,0.5,0.1,0.99,10.0,256,20,0,128,0,0.0,5.0,299.7786295440394,12699.141719016212,0.0,0.0,0.0,
coast,mppi_lqr,300.0,1800.0,0.1,0.2,5.0,5.5,10.0,10.0,10,100.0,inf,full,both,inf,180.0,0.01,0.0,0.0,256,20,3,0.5,0.1,0.99,10.0,256,20,0,128,0,0.0,5.5,299.38314614004213,13674.26446046086,0.0,0.0,0.0,
coast,mppi_lqr,300.0,1800.0,0.1,0.2,5.0,6.25,10.0,10.0,10,100.0,inf,full,both,inf,180.0,0.01,0.0,0.0,256,20,3,0.5,0.1,0.99,10.0,256,20,0,128,0,0.0,6.25,299.4526654280135,15311.278210095936,0.0,0.0,0.0,
coast,mppi_lqr,300.0,1800.0,0.1,0.2,5.0,7.5,10.0,10.0,10,100.0,inf,full,both,inf,180.0,0.01,0.0,0.0,256,20,3,0.5,0.1,0.99,10.0,256,20,0,128,0,0.0,7.5,299.40249601484953,17282.833563797347,0.0,0.0,0.0,
coast,mppi_lqr,300.0,1800.0,0.1,0.2,5.0,10.0,10.0,10.0,10,100.0,inf,full,both,inf,180.0,0.01,0.0,0.0,256,20,3,0.5,0.1,0.99,10.0,256,20,0,128,0,0.0,10.0,298.5839586104896,21192.764148376104,0.0,0.0,0.0,
coast,mppi_lqr,300.0,1800.0,0.1,0.2,5.0,inf,10.0,10.0,10,100.0,inf,full,both,inf,180.0,0.01,0.0,0.0,256,20,3,0.5,0.1,0.99,10.0,256,20,0,128,0,0.0,34.34565607944995,298.5841244826173,37264.90350329207,0.0,0.0,0.0,
coast,random,300.0,1800.0,0.1,0.025,5.0,1.25,10.0,10.0,10,100.0,inf,full,both,inf,180.0,0.01,0.0,0.0,256,20,3,0.5,0.1,0.99,10.0,256,20,0,128,1,0.0,1.25,277.7523653126826,1254.6385464674252,0.0,0.0,0.0078125,1540.0
coast,random,300.0,1800.0,0.1,0.025,5.0,2.5,10.0,10.0,10,100.0,inf,full,both,inf,180.0,0.01,0.0,0.0,256,20,3,0.5,0.1,0.99,10.0,256,20,0,128,0,0.0,2.5,277.725951941292,1265.6903118094642,0.0,0.0,0.0,
coast,random,300.0,1800.0,0.1,0.025,5.0,3.75,10.0,10.0,10,100.0,inf,full,both,inf,180.0,0.01,0.0,0.0,256,20,3,0.5,0.1,0.99,10.0,256,20,0,128,0,0.0,3.3768349236133486,277.80847608171115,1266.3071704751717,0.0,0.0,0.0,
coast,random,300.0,1800.0,0.1,0.025,5.0,4.5,10.0,10.0,10,100.0,inf,full,both,inf,180.0,0.01,0.0,0.0,256,20,3,0.5,0.1,0.99,10.0,256,20,0,128,0,0.0,3.3768349236133486,277.80847608171115,1266.3071704751717,0.0,0.0,0.0,
coast,random,300.0,1800.0,0.1,0.025,5.0,5.0,10.0,10.0,10,100.0,inf,full,both,inf,180.0,0.01,0.0,0.0,256,20,3,0.5,0.1,0.99,10.0,256,20,0,128,0,0.0,3.3768349236133486,277.80847608171115,1266.3071704751717,0.0,0.0,0.0,
coast,random,300.0,1800.0,0.1,0.025,5.0,5.5,10.0,10.0,10,100.0,inf,full,both,inf,180.0,0.01,0.0,0.0,256,20,3,0.5,0.1,0.99,10.0,256,20,0,128,0,0.0,3.3768349236133486,277.80847608171115,1266.3071704751717,0.0,0.0,0.0,
coast,random,300.0,1800.0,0.1,0.025,5.0,6.25,10.0,10.0,10,100.0,inf,full,both,inf,180.0,0.01,0.0,0.0,256,20,3,0.5,0.1,0.99,10.0,256,20,0,128,0,0.0,3.3768349236133486,277.80847608171115,1266.3071704751717,0.0,0.0,0.0,
coast,random,300.0,1800.0,0.1,0.025,5.0,7.5,10.0,10.0,10,100.0,inf,full,both,inf,180.0,0.01,0.0,0.0,256,20,3,0.5,0.1,0.99,10.0,256,20,0,128,0,0.0,3.3768349236133486,277.80847608171115,1266.3071704751717,0.0,0.0,0.0,
coast,random,300.0,1800.0,0.1,0.025,5.0,10.0,10.0,10.0,10,100.0,inf,full,both,inf,180.0,0.01,0.0,0.0,256,20,3,0.5,0.1,0.99,10.0,256,20,0,128,0,0.0,3.3768349236133486,277.80847608171115,1266.3071704751717,0.0,0.0,0.0,
coast,random,300.0,1800.0,0.1,0.025,5.0,inf,10.0,10.0,10,100.0,inf,full,both,inf,180.0,0.01,0.0,0.0,256,20,3,0.5,0.1,0.99,10.0,256,20,0,128,0,0.0,3.3768349236133486,277.80847608171115,1266.3071704751717,0.0,0.0,0.0,
coast,random,300.0,1800.0,0.1,0.05,5.0,1.25,10.0,10.0,10,100.0,inf,full,both,inf,180.0,0.01,0.0,0.0,256,20,3,0.5,0.1,0.99,10.0,256,20,0,128,0,0.0,1.25,275.97609470936027,1333.0477116135007,0.0,0.0,0.0,
coast,random,300.0,1800.0,0.1,0.05,5.0,2.5,10.0,10.0,10,100.0,inf,full,both,inf,180.0,0.01,0.0,0.0,256,20,3,0.5,0.1,0.99,10.0,256,20,0,128,0,0.0,2.5,275.8069699999105,1288.677586058286,0.0,0.0,0.0,
coast,random,300.0,1800.0,0.1,0.05,5.0,3.75,10.0,10.0,10,100.0,inf,full,both,inf,180.0,0.01,0.0,0.0,256,20,3,0.5,0.1,0.99,10.0,256,20,0,128,0,0.0,3.75,274.61152890561607,1299.3181007126052,0.0,0.0,0.0,
coast,random,300.0,1800.0,0.1,0.05,5.0,4.5,10.0,10.0,10,100.0,inf,full,both,inf,180.0,0.01,0.0,0.0,256,20,3,0.5,0.1,0.99,10.0,256,20,0,128,0,0.0,4.5,275.9081539544391,1320.6841818769194,0.0,0.0,0.0,
coast,random,300.0,1800.0,0.1,0.05,5.0,5.0,10.0,10.0,10,100.0,inf,full,both,inf,180.0,0.01,0.0,0.0,256,20,3,0.5,0.1,0.99,10.0,256,20,0,128,0,0.0,5.0,274.3559312382252,1315.8437665509264,0.0,0.0,0.0,
coast,random,300.0,1800.0,0.1,0.05,5.0,5.5,10.0,10.0,10,100.0,inf,full,both,inf,180.0,0.01,0.0,0.0,256,20,3,0.5,0.1,0.99,10.0,256,20,0,128,0,0.0,5.5,274.6552722763585,1318.7617502960202,0.0,0.0,0.0,
coast,random,300.0,1800.0,0.1,0.05,5.0,6.25,10.0,10.0,10,100.0,inf,full,both,inf,180.0,0.01,0.0,0.0,256,20,3,0.5,0.1,0.99,10.0,256,20,0,128,0,0.0,6.25,274.3342765925642,1318.247611448033,0.0,0.0,0.0,
coast,random,300.0,1800.0,0.1,0.05,5.0,7.5,10.0,10.0,10,100.0,inf,full,both,inf,180.0,0.01,0.0,0.0,256,20,3,0.5,0.1,0.99,10.0,256,20,0,128,0,0.0,6.753669847226697,274.3845762665212,1317.9158921343176,0.0,0.0,0.0,
coast,random,300.0,1800.0,0.1,0.05,5.0,10.0,10.0,10.0,10,100.0,inf,full,both,inf,180.0,0.01,0.0,0.0,256,20,3,0.5,0.1,0.99,10.0,256,20,0,128,0,0.0,6.753669847226697,274.3845762665212,1317.9158921343176,0.0,0.0,0.0,
coast,random,300.0,1800.0,0.1,0.05,5.0,inf,10.0,10.0,10,100.0,inf,full,both,inf,180.0,0.01,0.0,0.0,256,20,3,0.5,0.1,0.99,10.0,256,20,0,128,0,0.0,6.753669847226697,274.3845762665212,1317.9158921343176,0.0,0.0,0.0,
coast,random,300.0,1800.0,0.1,0.075,5.0,1.25,10.0,10.0,10,100.0,inf,full,both,inf,180.0,0.01,0.0,0.0,256,20,3,0.5,0.1,0.99,10.0,256,20,0,128,0,0.0,1.25,271.031513488606,1321.1050533482594,0.0,0.0,0.0,
coast,random,300.0,1800.0,0.1,0.075,5.0,2.5,10.0,10.0,10,100.0,inf,full,both,inf,180.0,0.01,0.0,0.0,256,20,3,0.5,0.1,0.99,10.0,256,20,0,128,0,0.0,2.5,270.46076032537053,1360.2310163375448,0.0,0.0,0.0,
coast,random,300.0,1800.0,0.1,0.075,5.0,3.75,10.0,10.0,10,100.0,inf,full,both,inf,180.0,0.01,0.0,0.0,256,20,3,0.5,0.1,0.99,10.0,256,20,0,128,0,0.0,3.75,270.33731342609485,1365.14050736147,0.0,0.0,0.0,
coast,random,300.0,1800.0,0.1,0.075,5.0,4.5,10.0,10.0,10,100.0,inf,full,both,inf,180.0,0.01,0.0,0.0,256,20,3,0.5,0.1,0.99,10.0,256,20,0,128,0,0.0,4.5,269.971076860253,1381.7640019474077,0.0,0.0,0.0,
coast,random,300.0,1800.0,0.1,0.075,5.0,5.0,10.0,10.0,10,100.0,inf,full,both,inf,180.0,0.01,0.0,0.0,256,20,3,0.5,0.1,0.99,10.0,256,20,0,128,0,0.0,5.0,271.35553979073177,1380.5216425716974,0.0,0.0,0.0,
coast,random,300.0,1800.0,0.1,0.075,5.0,5.5,10.0,10.0,10,100.0,inf,full,both,inf,180.0,0.01,0.0,0.0,256,20,3,0.5,0.1,0.99,10.0,256,20,0,128,0,0.0,5.5,270.2856960356873,1382.358351880188,0.0,0.0,0.0,
coast,random,300.0,1800.0,0.1,0.075,5.0,6.25,10.0,10.0,10,100.0,inf,full,both,inf,180.0,0.01,0.0,0.0,256,20,3,0.5,0.1,0.99,10.0,256,20,0,128,1,0.0,6.25,270.61388847088995,1413.227228455686,0.0,0.0,0.0078125,1480.0
coast,random,300.0,1800.0,0.1,0.075,5.0,7.5,10.0,10.0,10,100.0,inf,full,both,inf,180.0,0.01,0.0,0.0,256,20,3,0.5,0.1,0.99,10.0,256,20,0,128,0,0.0,7.5,270.4854703480902,1416.5555776118983,0.0,0.0,0.0,
coast,random,300.0,1800.0,0.1,0.075,5.0,10.0,10.0,10.0,10,100.0,inf,full,both,inf,180.0,0.01,0.0,0.0,256,20,3,0.5,0.1,0.99,10.0,256,20,0,128,0,0.0,9.971688242504287,270.3887792291865,1421.5923406942284,0.0,0.0,0.0,
coast,random,300.0,1800.0,0.1,0.075,5.0,inf,10.0,10.0,10,100.0,inf,full,both,inf,180.0,0.01,0.0,0.0,256,20,3,0.5,0.1,0.99,10.0,256,20,0,128,0,0.0,10.130504770840048,270.397991424455,1421.478978526339,0.0,0.0,0.0,
coast,random,300.0,1800.0,0.1,0.09,5.0,1.25,10.0,10.0,10,100.0,inf,full,both,inf,180.0,0.01,0.0,0.0,256,20,3,0.5,0.1,0.99,10.0,256,20,0,128,0,0.0,1.25,269.6521407005094,1329.9476251953597,0.0,0.0,0.0,
coast,random,300.0,1800.0,0.1,0.09,5.0,2.5,10.0,10.0,10,100.0,inf,full,both,inf,180.0,0.01,0.0,0.0,256,20,3,0.5,0.1,0.99,10.0,256,20,0,128,0,0.0,2.5,272.8964066042832,1443.9360883916415,0.0,0.0,0.0,
coast,random,300.0,1800.0,0.1,0.09,5.0,3.75,10.0,10.0,10,100.0,inf,full,both,inf,180.0,0.01,0.0,0.0,256,20,3,0.5,0.1,0.99,10.0,256,20,0,128,0,0.0,3.75,270.04496166274896,1422.6334462112266,0.0,0.0,0.0,
coast,random,300.0,1800.0,0.1,0.09,5.0,4.5,10.0,10.0,10,100.0,inf,full,both,inf,180.0,0.01,0.0,0.0,256,20,3,0.5,0.1,0.99,10.0,256,20,0,128,0,0.0,4.5,269.35452537825086,1432.6325820527009,0.0,0.0,0.0,
coast,random,300.0,1800.0,0.1,0.09,5.0,5.0,10.0,10.0,10,100.0,inf,full,both,inf,180.0,0.01,0.0,0.0,256,20,3,0.5,0.1,0.99,10.0,256,20,0,128,0,0.0,5.0,267.36233929558,1457.409814068703,0.0,0.0,0.0,
coast,random,300.0,1800.0,0.1,0.09,5.0,5.5,10.0,10.0,10,100.0,inf,full,both,inf,180.0,0.01,0.0,0.0,256,20,3,0.5,0.1,0.99,10.0,256,20,0,128,0,0.0,5.5,266.71215977251825,1443.5123931437497,0.0,0.0,0.0,
coast,random,300.0,1800.0,0.1,0.09,5.0,6.25,10.0,10.0,10,100.0,inf,full,both,inf,180.0,0.01,0.0,0.0,256,20,3,0.5,0.1,0.99,10.0,256,20,0,128,0,0.0,6.25,268.9167728617736,1449.196990954711,0.0,0.0,0.0,
coast,random,300.0,1800.0,0.1,0.09,5.0,7.5,10.0,10.0,10,100.0,inf,full,both,inf,180.0,0.01,0.0,0.0,256,20,3,0.5,0.1,0.99,10.0,256,20,0,128,0,0.0,7.5,269.1287648629756,1493.561127613203,0.0,0.0,0.0,
coast,random,300.0,1800.0,0.1,0.09,5.0,10.0,10.0,10.0,10,100.0,inf,full,both,inf,180.0,0.01,0.0,0.0,256,20,3,0.5,0.1,0.99,10.0,256,20,0,128,0,0.0,10.0,268.9186883529659,1502.2292014260015,0.0,0.0,0.0,
coast,random,300.0,1800.0,0.1,0.09,5.0,inf,10.0,10.0,10,100.0,inf,full,both,inf,180.0,0.01,0.0,0.0,256,20,3,0.5,0.1,0.99,10.0,256,20,0,128,0,0.0,12.156605725008056,268.6146149176981,1504.299377612481,0.0,0.0,0.0,
coast,random,300.0,1800.0,0.1,0.1,5.0,1.25,10.0,10.0,10,100.0,inf,full,both,inf,180.0,0.01,0.0,0.0,256,20,3,0.5,0.1,0.99,10.0,256,20,0,128,1,0.0,1.25,269.67759314159684,1346.5491321219472,0.0,0.0,0.0078125,840.0
coast,random,300.0,1800.0,0.1,0.1,5.0,2.5,10.0,10.0,10,100.0,inf,full,both,inf,180.0,0.01,0.0,0.0,256,20,3,0.5,0.1,0.99,10.0,256,20,0,128,0,0.0,2.5,272.0825394656066,1512.840389826414,0.0,0.0,0.0,
coast,random,300.0,1800.0,0.1,0.1,5.0,3.75,10.0,10.0,10,100.0,inf,full,both,inf,180.0,0.01,0.0,0.0,256,20,3,0.5,0.1,0.99,10.0,256,20,0,128,0,0.0,3.75,265.8752627693819,1464.1375873902632,0.0,0.0,0.0,
coast,random,300.0,1800.0,0.1,0.1,5.0,4.5,10.0,10.0,10,100.0,inf,full,both,inf,180.0,0.01,0.0,0.0,256,20,3,0.5,0.1,0.99,10.0,256,20,0,128,0,0.0,4.5,269.24196431280296,1480.533706054219,0.0,0.0,0.0,
coast,random,300.0,1800.0,0.1,0.1,5.0,5.0,10.0,10.0,10,100.0,inf,full,both,inf,180.0,0.01,0.0,0.0,256,20,3,0.5,0.1,0.99,10.0,256,20,0,128,0,0.0,5.0,268.54024168047164,1485.116140943241,0.0,0.0,0.0,
coast,random,300.0,1800.0,0.1,0.1,5.0,5.5,10.0,10.0,10,100.0,inf,full,both,inf,180.0,0.01,0.0,0.0,256,20,3,0.5,0.1,0.99,10.0,256,20,0,128,0,0.0,5.5,267.0388802054432,1505.4031944668718,0.0,0.0,0.0,
coast,random,300.0,1800.0,0.1,0.1,5.0,6.25,10.0,10.0,10,100.0,inf,full,both,inf,180.0,0.01,0.0,0.0,256,20,3,0.5,0.1,0.99,10.0,256,20,0,128,0,0.0,6.25,267.1761601279177,1498.723643576561,0.0,0.0,0.0,
coast,random,300.0,1800.0,0.1,0.1,5.0,7.5,10.0,10.0,10,100.0,inf,full,both,inf,180.0,0.01,0.0,0.0,256,20,3,0.5,0.1,0.99,10.0,256,20,0,128,0,0.0,7.5,268.0560478387545,1515.6670397338726,0.0,0.0,0.0,
coast,random,300.0,1800.0,0.1,0.1,5.0,10.0,10.0,10.0,10,100.0,inf,full,both,inf,180.0,0.01,0.0,0.0,256,20,3,0.5,0.1,0.99,10.0,256,20,0,128,0,0.0,10.0,268.12641254128886,1558.513974113014,0.0,0.0,0.0,
coast,random,300.0,1800.0,0.1,0.1,5.0,inf,10.0,10.0,10,100.0,inf,full,both,inf,180.0,0.01,0.0,0.0,256,20,3,0.5,0.1,0.99,10.0,256,20,0,128,0,0.0,13.507339694453394,267.9777209873524,1566.141330164531,0.0,0.0,0.0,
coast,random,300.0,1800.0,0.1,0.11,5.0,1.25,10.0,10.0,10,100.0,inf,full,both,inf,180.0,0.01,0.0,0.0,256,20,3,0.5,0.1,0.99,10.0,256,20,0,128,1,0.0,1.25,266.7697602688441,1345.9183786494057,0.0,0.0,0.0078125,1440.0
coast,random,300.0,1800.0,0.1,0.11,5.0,2.5,10.0,10.0,10,100.0,inf,full,both,inf,180.0,0.01,0.0,0.0,256,20,3,0.5,0.1,0.99,10.0,256,20,0,128,0,0.0,2.5,271.4396893478331,1539.5765558668284,0.0,0.0,0.0,
coast,random,300.0,1800.0,0.1,0.11,5.0,3.75,10.0,10.0,10,100.0,inf,full,both,inf,180.0,0.01,0.0,0.0,256,20,3,0.5,0.1,0.99,10.0,256,20,0,128,0,0.0,3.75,267.6853168646528,1510.9327777309693,0.0,0.0,0.0,
coast,random,300.0,1800.0,0.1,0.11,5.0,4.5,10.0,10.0,10,100.0,inf,full,both,inf,180.0,0.01,0.0,0.0,256,20,3,0.5,0.1,0.99,10.0,256,20,0,128,0,0.0,4.5,267.9446613797094,1513.786938235947,0.0,0.0,0.0,
coast,random,300.0,1800.0,0.1,0.11,5.0,5.0,10.0,10.0,10,100.0,inf,full,both,inf,180.0,0.01,0.0,0.0,256,20,3,0.5,0.1,0.99,10.0,256,20,0,128,0,0.0,5.0,268.2181425005849,1535.1489398956792,0.0,0.0,0.0,
coast,random,300.0,1800.0,0.1,0.11,5.0,5.5,10.0,10.0,10,100.0,inf,full,both,inf,180.0,0.01,0.0,0.0,256,20,3,0.5,0.1,0.99,10.0,256,20,0,128,0,0.0,5.5,267.7695282150585,1542.2576013301382,0.0,0.0,0.0,
coast,random,300.0,1800.0,0.1,0.11,5.0,6.25,10.0,10.0,10,100.0,inf,full,both,inf,180.0,0.01,0.0,0.0,256,20,3,0.5,0.1,0.99,10.0,256,20,0,128,0,0.0,6.25,267.3418935241657,1575.1449424565762,0.0,0.0,0.0,
coast,random,300.0,1800.0,0.1,0.11,5.0,7.5,10.0,10.0,10,100.0,inf,full,both,inf,180.0,0.01,0.0,0.0,256,20,3,0.5,0.1,0.99,10.0,256,20,0,128,0,0.0,7.5,267.9690223527357,1558.2158805486977,0.0,0.0,0.0,
coast,random,300.0,1800.0,0.1,0.11,5.0,10.0,10.0,10.0,10,100.0,inf,full,both,inf,180.0,0.01,0.0,0.0,256,20,3,0.5,0.1,0.99,10.0,256,20,0,128,0,0.0,10.0,267.2963563774826,1623.1387496715747,0.0,0.0,0.0,
coast,random,300.0,1800.0,0.1,0.11,5.0,inf,10.0,10.0,10,100.0,inf,full,both,inf,180.0,0.01,0.0,0.0,256,20,3,0.5,0.1,0.99,10.0,256,20,0,128,0,0.0,14.858073663898736,267.4315533622729,1632.549068744146,0.0,0.0,0.0,
coast,random,300.0,1800.0,0.1,0.125,5.0,1.25,10.0,10.0,10,100.0,inf,full,both,inf,180.0,0.01,0.0,0.0,256,20,3,0.5,0.1,0.99,10.0,256,20,0,128,0,0.0,1.25,263.22612620059533,1326.122657312905,0.0,0.0,0.0,
coast,random,300.0,1800.0,0.1,0.125,5.0,2.5,10.0,10.0,10,100.0,inf,full,both,inf,180.0,0.01,0.0,0.0,256,20,3,0.5,0.1,0.99,10.0,256,20,0,128,0,0.0,2.5,268.16097884475585,1536.5825548927146,0.0,0.0,0.0,
coast,random,300.0,1800.0,0.1,0.125,5.0,3.75,10.0,10.0,10,100.0,inf,full,both,inf,180.0,0.01,0.0,0.0,256,20,3,0.5,0.1,0.99,10.0,256,20,0,128,0,0.0,3.75,266.9980007901635,1600.4709178293965,0.0,0.0,0.0,
coast,random,300.0,1800.0,0.1,0.125,5.0,4.5,10.0,10.0,10,100.0,inf,full,both,inf,180.0,0.01,0.0,0.0,256,20,3,0.5,0.1,0.99,10.0,256,20,0,128,0,0.0,4.5,265.3777426744929,1582.9219866020185,0.0,0.0,0.0,
coast,random,300.0,1800.0,0.1,0.125,5.0,5.0,10.0,10.0,10,100.0,inf,full,both,inf,180.0,0.01,0.0,0.0,256,20,3,0.5,0.1,0.99,10.0,256,20,0,128,0,0.0,5.0,266.448752313962,1593.1780234029045,0.0,0.0,0.0,
coast,random,300.0,1800.0,0.1,0.125,5.0,5.5,10.0,10.0,10,100.0,inf,full,both,inf,180.0,0.01,0.0,0.0,256,20,3,0.5,0.1,0.99,10.0,256,20,0,128,0,0.0,5.5,267.8595202024351,1623.0565420800915,0.0,0.0,0.0,
coast,random,300.0,1800.0,0.1,0.125,5.0,6.25,10.0,10.0,10,100.0,inf,full,both,inf,180.0,0.01,0.0,0.0,256,20,3,0.5,0.1,0.99,10.0,256,20,0,128,0,0.0,6.25,267.1898498206112,1636.2353839469392,0.0,0.0,0.0,
coast,random,300.0,1800.0,0.1,0.125,5.0,7.5,10.0,10.0,10,100.0,inf,full,both,inf,180.0,0.01,0.0,0.0,256,20,3,0.5,0.1,0.99,10.0,256,20,0,128,0,0.0,7.5,266.92270849814,1668.670398699972,0.0,0.0,0.0,
coast,random,300.0,1800.0,0.1,0.125,5.0,10.0,10.0,10.0,10,100.0,inf,full,both,inf,180.0,0.01,0.0,0.0,256,20,3,0.5,0.1,0.99,10.0,256,20,0,128,0,0.0,10.0,267.4965372143244,1694.902569574851,0.0,0.0,0.0,
coast,random,300.0,1800.0,0.1,0.125,5.0,inf,10.0,10.0,10,100.0,inf,full,both,inf,180.0,0.01,0.0,0.0,256,20,3,0.5,0.1,0.99,10.0,256,20,0,128,0,0.0,16.88417461806674,266.31243757823165,1740.439823627279,0.0,0.0,0.0,
coast,random,300.0,1800.0,0.1,0.15,5.0,1.25,10.0,10.0,10,100.0,inf,full,both,inf,180.0,0.01,0.0,0.0,256,20,3,0.5,0.1,0.99,10.0,256,20,0,128,0,0.0,1.25,268.0302310638676,1357.6204001988528,0.0,0.0,0.0,
coast,random,300.0,1800.0,0.1,0.15,5.0,2.5,10.0,10.0,10,100.0,inf,full,both,inf,180.0,0.01,0.0,0.0,256,20,3,0.5,0.1,0.99,10.0,256,20,0,128,0,0.0,2.5,267.9813308043302,1550.1006321019545,0.0,0.0,0.0,
coast,random,300.0,1800.0,0.1,0.15,5.0,3.75,10.0,10.0,10,100.0,inf,full,both,inf,180.0,0.01,0.0,0.0,256,20,3,0.5,0.1,0.99,10.0,256,20,0,128,0,0.0,3.75,267.37002518755065,1779.4843225237123,0.0,0.0,0.0,
coast,random,300.0,1800.0,0.1,0.15,5.0,4.5,10.0,10.0,10,100.0,inf,full,both,inf,180.0,0.01,0.0,0.0,256,20,3,0.5,0.1,0.99,10.0,256,20,0,128,0,0.0,4.5,266.2870283952629,1745.248963982587,0.0,0.0,0.0,
coast,random,300.0,1800.0,0.1,0.15,5.0,5.0,10.0,10.0,10,100.0,inf,full,both,inf,180.0,0.01,0.0,0.0,256,20,3,0.5,0.1,0.99,10.0,256,20,0,128,0,0.0,5.0,267.6980032983404,1742.0445663109738,0.0,0.0,0.0,
coast,random,300.0,1800.0,0.1,0.15,5.0,5.5,10.0,10.0,10,100.0,inf,full,both,inf,180.0,0.01,0.0,0.0,256,20,3,0.5,0.1,0.99,10.0,256,20,0,128,0,0.0,5.5,264.310055296749,1744.9404107001485,0.0,0.0,0.0,
coast,random,300.0,1800.0,0.1,0.15,5.0,6.25,10.0,10.0,10,100.0,inf,full,both,inf,180.0,0.01,0.0,0.0,256,20,3,0.5,0.1,0.99,10.0,256,20,0,128,0,0.0,6.25,265.1873882232725,1772.8711151991624,0.0,0.0,0.0,
coast,random,300.0,1800.0,0.1,0.15,5.0,7.5,10.0,10.0,10,100.0,inf,full,both,inf,180.0,0.01,0.0,0.0,256,20,3,0.5,0.1,0.99,10.0,256,20,0,128,0,0.0,7.5,264.8805489849729,1811.0425309242712,0.0,0.0,0.0,
coast,random,300.0,1800.0,0.1,0.15,5.0,10.0,10.0,10.0,10,100.0,inf,full,both,inf,180.0,0.01,0.0,0.0,256,20,3,0.5,0.1,0.99,10.0,256,20,0,128,0,0.0,10.0,265.8467748006339,1856.151100794003,0.0,0.0,0.0,
coast,random,300.0,1800.0,0.1,0.15,5.0,inf,10.0,10.0,10,100.0,inf,full,both,inf,180.0,0.01,0.0,0.0,256,20,3,0.5,0.1,0.99,10.0,256,20,0,128,0,0.0,20.261009541680096,263.8660922359781,1944.745611665274,0.0,0.0,0.0,
coast,random,300.0,1800.0,0.1,0.2,5.0,1.25,10.0,10.0,10,100.0,inf,full,both,inf,180.0,0.01,0.0,0.0,256,20,3,0.5,0.1,0.99,10.0,256,20,0,128,0,0.0,1.25,264.8404619392578,1369.5000368439528,0.0,0.0,0.0,
coast,random,300.0,1800.0,0.1,0.2,5.0,2.5,10.0,10.0,10,100.0,inf,full,both,inf,180.0,0.01,0.0,0.0,256,20,3,0.5,0.1,0.99,10.0,256,20,0,128,0,0.0,2.5,264.7979302987223,1682.4751190951938,0.0,0.0,0.0,
coast,random,300.0,1800.0,0.1,0.2,5.0,3.75,10.0,10.0,10,100.0,inf,full,both,inf,180.0,0.01,0.0,0.0,256,20,3,0.5,0.1,0.99,10.0,256,20,0,128,0,0.0,3.75,265.46078649499213,1881.4077141785408,0.0,0.0,0.0,
coast,random,300.0,1800.0,0.1,0.2,5.0,4.5,10.0,10.0,10,100.0,inf,full,both,inf,180.0,0.01,0.0,0.0,256,20,3,0.5,0.1,0.99,10.0,256,20,0,128,0,0.0,4.5,267.55043184780214,2029.7127906283708,0.0,0.0,0.0,
coast,random,300.0,1800.0,0.1,0.2,5.0,5.0,10.0,10.0,10,100.0,inf,full,both,inf,180.0,0.01,0.0,0.0,256,20,3,0.5,0.1,0.99,10.0,256,20,0,128,0,0.0,5.0,265.8642226847254,2098.379373149708,0.0,0.0,0.0,
coast,random,300.0,1800.0,0.1,0.2,5.0,5.5,10.0,10.0,10,100.0,inf,full,both,inf,180.0,0.01,0.0,0.0,256,20,3,0.5,0.1,0.99,10.0,256,20,0,128,0,0.0,5.5,266.90962644358586,2085.782901851927,0.0,0.0,0.0,
coast,random,300.0,1800.0,0.1,0.2,5.0,6.25,10.0,10.0,10,100.0,inf,full,both,inf,180.0,0.01,0.0,0.0,256,20,3,0.5,0.1,0.99,10.0,256,20,0,128,0,0.0,6.25,265.81967118674856,2042.312230888866,0.0,0.0,0.0,
coast,random,300.0,1800.0,0.1,0.2,5.0,7.5,10.0,10.0,10,100.0,inf,full,both,inf,180.0,0.01,0.0,0.0,256,20,3,0.5,0.1,0.99,10.0,256,20,0,128,0,0.0,7.5,262.1513254838724,2113.969918574142,0.0,0.0,0.0,
coast,random,300.0,1800.0,0.1,0.2,5.0,10.0,10.0,10.0,10,100.0,inf,full,both,inf,180.0,0.01,0.0,0.0,256,20,3,0.5,0.1,0.99,10.0,256,20,0,128,0,0.0,10.0,263.614232222336,2215.761135844029,0.0,0.0,0.0,
coast,random,300.0,1800.0,0.1,0.2,5.0,inf,10.0,10.0,10,100.0,inf,full,both,inf,180.0,0.01,0.0,0.0,256,20,3,0.5,0.1,0.99,10.0,256,20,0,128,0,0.0,27.01467938890679,261.447402966618,2415.6022634592755,0.0,0.0,0.0,
coast,transverse,300.0,1800.0,0.1,0.025,5.0,1.25,10.0,10.0,10,100.0,inf,full,both,inf,180.0,0.01,0.0,0.0,256,20,3,0.5,0.1,0.99,10.0,256,20,0,128,0,0.0,1.25,297.7461150559026,1645.6504051928816,0.0,0.0,0.0,
coast,transverse,300.0,1800.0,0.1,0.025,5.0,2.5,10.0,10.0,10,100.0,inf,full,both,inf,180.0,0.01,0.0,0.0,256,20,3,0.5,0.1,0.99,10.0,256,20,0,128,0,0.0,2.5,297.7461150559026,2468.9512700504188,0.0,0.0,0.0,
coast,transverse,300.0,1800.0,0.1,0.025,5.0,3.75,10.0,10.0,10,100.0,inf,full,both,inf,180.0,0.01,0.0,0.0,256,20,3,0.5,0.1,0.99,10.0,256,20,0,128,0,0.0,3.75,297.7461150559026,2679.251722882305,0.0,0.0,0.0,
coast,transverse,300.0,1800.0,0.1,0.025,5.0,4.5,10.0,10.0,10,100.0,inf,full,both,inf,180.0,0.01,0.0,0.0,256,20,3,0.5,0.1,0.99,10.0,256,20,0,128,0,0.0,4.4999999999999964,297.7461150559026,2691.14113877232,0.0,0.0,0.0,
coast,transverse,300.0,1800.0,0.1,0.025,5.0,5.0,10.0,10.0,10,100.0,inf,full,both,inf,180.0,0.01,0.0,0.0,256,20,3,0.5,0.1,0.99,10.0,256,20,0,128,0,0.0,4.4999999999999964,297.7461150559026,2691.14113877232,0.0,0.0,0.0,
coast,transverse,300.0,1800.0,0.1,0.025,5.0,5.5,10.0,10.0,10,100.0,inf,full,both,inf,180.0,0.01,0.0,0.0,256,20,3,0.5,0.1,0.99,10.0,256,20,0,128,0,0.0,4.4999999999999964,297.7461150559026,2691.14113877232,0.0,0.0,0.0,
coast,transverse,300.0,1800.0,0.1,0.025,5.0,6.25,10.0,10.0,10,100.0,inf,full,both,inf,180.0,0.01,0.0,0.0,256,20,3,0.5,0.1,0.99,10.0,256,20,0,128,0,0.0,4.4999999999999964,297.7461150559026,2691.14113877232,0.0,0.0,0.0,
coast,transverse,300.0,1800.0,0.1,0.025,5.0,7.5,10.0,10.0,10,100.0,inf,full,both,inf,180.0,0.01,0.0,0.0,256,20,3,0.5,0.1,0.99,10.0,256,20,0,128,0,0.0,4.4999999999999964,297.7461150559026,2691.14113877232,0.0,0.0,0.0,
coast,transverse,300.0,1800.0,0.1,0.025,5.0,10.0,10.0,10.0,10,100.0,inf,full,both,inf,180.0,0.01,0.0,0.0,256,20,3,0.5,0.1,0.99,10.0,256,20,0,128,0,0.0,4.4999999999999964,297.7461150559026,2691.14113877232,0.0,0.0,0.0,
coast,transverse,300.0,1800.0,0.1,0.025,5.0,inf,10.0,10.0,10,100.0,inf,full,both,inf,180.0,0.01,0.0,0.0,256,20,3,0.5,0.1,0.99,10.0,256,20,0,128,0,0.0,4.4999999999999964,297.7461150559026,2691.14113877232,0.0,0.0,0.0,
coast,transverse,300.0,1800.0,0.1,0.05,5.0,1.25,10.0,10.0,10,100.0,inf,full,both,inf,180.0,0.01,0.0,0.0,256,20,3,0.5,0.1,0.99,10.0,256,20,0,128,0,0.0,1.25,299.41523348146774,2064.924064647155,0.0,0.0,0.0,
coast,transverse,300.0,1800.0,0.1,0.05,5.0,2.5,10.0,10.0,10,100.0,inf,full,both,inf,180.0,0.01,0.0,0.0,256,20,3,0.5,0.1,0.99,10.0,256,20,0,128,0,0.0,2.5,299.41523348146774,3766.599445384202,0.0,0.0,0.0,
coast,transverse,300.0,1800.0,0.1,0.05,5.0,3.75,10.0,10.0,10,100.0,inf,full,both,inf,180.0,0.01,0.0,0.0,256,20,3,0.5,0.1,0.99,10.0,256,20,0,128,0,0.0,3.75,299.41523348146774,4660.365427991802,0.0,0.0,0.0,
coast,transverse,300.0,1800.0,0.1,0.05,5.0,4.5,10.0,10.0,10,100.0,inf,full,both,inf,180.0,0.01,0.0,0.0,256,20,3,0.5,0.1,0.99,10.0,256,20,0,128,0,0.0,4.5,299.41523348146774,4956.928347752197,0.0,0.0,0.0,
coast,transverse,300.0,1800.0,0.1,0.05,5.0,5.0,10.0,10.0,10,100.0,inf,full,both,inf,180.0,0.01,0.0,0.0,256,20,3,0.5,0.1,0.99,10.0,256,20,0,128,0,0.0,5.0,299.41523348146774,5094.492198139204,0.0,0.0,0.0,
coast,transverse,300.0,1800.0,0.1,0.05,5.0,5.5,10.0,10.0,10,100.0,inf,full,both,inf,180.0,0.01,0.0,0.0,256,20,3,0.5,0.1,0.99,10.0,256,20,0,128,0,0.0,5.5,299.41523348146774,5197.0864683937925,0.0,0.0,0.0,
coast,transverse,300.0,1800.0,0.1,0.05,5.0,6.25,10.0,10.0,10,100.0,inf,full,both,inf,180.0,0.01,0.0,0.0,256,20,3,0.5,0.1,0.99,10.0,256,20,0,128,0,0.0,6.25,299.41523348146774,5301.846289797688,0.0,0.0,0.0,
coast,transverse,300.0,1800.0,0.1,0.05,5.0,7.5,10.0,10.0,10,100.0,inf,full,both,inf,180.0,0.01,0.0,0.0,256,20,3,0.5,0.1,0.99,10.0,256,20,0,128,0,0.0,7.5,299.41523348146774,5386.4848114656825,0.0,0.0,0.0,
coast,transverse,300.0,1800.0,0.1,0.05,5.0,10.0,10.0,10.0,10,100.0,inf,full,both,inf,180.0,0.01,0.0,0.0,256,20,3,0.5,0.1,0.99,10.0,256,20,0,128,0,0.0,8.999999999999993,299.41523348146774,5404.91151453107,0.0,0.0,0.0,
coast,transverse,300.0,1800.0,0.1,0.05,5.0,inf,10.0,10.0,10,100.0,inf,full,both,inf,180.0,0.01,0.0,0.0,256,20,3,0.5,0.1,0.99,10.0,256,20,0,128,0,0.0,8.999999999999993,299.41523348146774,5404.91151453107,0.0,0.0,0.0,
coast,transverse,300.0,1800.0,0.1,0.075,5.0,1.25,10.0,10.0,10,100.0,inf,full,both,inf,180.0,0.01,0.0,0.0,256,20,3,0.5,0.1,0.99,10.0,256,20,0,128,0,0.0,1.25,299.74034939029855,2220.485564126971,0.0,0.0,0.0,
coast,transverse,300.0,1800.0,0.1,0.075,5.0,2.5,10.0,10.0,10,100.0,inf,full,both,inf,180.0,0.01,0.0,0.0,256,20,3,0.5,0.1,0.99,10.0,256,20,0,128,0,0.0,2.5,299.74034939029855,4385.82563793633,0.0,0.0,0.0,
coast,transverse,300.0,1800.0,0.1,0.075,5.0,3.75,10.0,10.0,10,100.0,inf,full,both,inf,180.0,0.01,0.0,0.0,256,20,3,0.5,0.1,0.99,10.0,256,20,0,128,0,0.0,3.75,299.74034939029855,5793.785935668115,0.0,0.0,0.0,
coast,transverse,300.0,1800.0,0.1,0.075,5.0,4.5,10.0,10.0,10,100.0,inf,full,both,inf,180.0,0.01,0.0,0.0,256,20,3,0.5,0.1,0.99,10.0,256,20,0,128,0,0.0,4.5,299.74034939029855,6344.653233433281,0.0,0.0,0.0,
coast,transverse,300.0,1800.0,0.1,0.075,5.0,5.0,10.0,10.0,10,100.0,inf,full,both,inf,180.0,0.01,0.0,0.0,256,20,3,0.5,0.1,0.99,10.0,256,20,0,128,0,0.0,5.0,299.74034939029855,6626.920741854572,0.0,0.0,0.0,
coast,transverse,300.0,1800.0,0.1,0.075,5.0,5.5,10.0,10.0,10,100.0,inf,full,both,inf,180.0,0.01,0.0,0.0,256,20,3,0.5,0.1,0.99,10.0,256,20,0,128,0,0.0,5.5,299.74034939029855,6859.198630315095,0.0,0.0,0.0,
coast,transverse,300.0,1800.0,0.1,0.075,5.0,6.25,10.0,10.0,10,100.0,inf,full,both,inf,180.0,0.01,0.0,0.0,256,20,3,0.5,0.1,0.99,10.0,256,20,0,128,0,0.0,6.25,299.74034939029855,7135.93580592949,0.0,0.0,0.0,
coast,transverse,300.0,1800.0,0.1,0.075,5.0,7.5,10.0,10.0,10,100.0,inf,full,both,inf,180.0,0.01,0.0,0.0,256,20,3,0.5,0.1,0.99,10.0,256,20,0,128,0,0.0,7.5,299.74034939029855,7460.387454351712,0.0,0.0,0.0,
coast,transverse,300.0,1800.0,0.1,0.075,5.0,10.0,10.0,10.0,10,100.0,inf,full,both,inf,180.0,0.01,0.0,0.0,256,20,3,0.5,0.1,0.99,10.0,256,20,0,128,0,0.0,10.0,299.74034939029855,7793.176996224442,0.0,0.0,0.0,
coast,transverse,300.0,1800.0,0.1,0.075,5.0,inf,10.0,10.0,10,100.0,inf,full,both,inf,180.0,0.01,0.0,0.0,256,20,3,0.5,0.1,0.99,10.0,256,20,0,128,0,0.0,13.49999999999996,299.74034939029855,7887.908311043053,0.0,0.0,0.0,
coast,transverse,300.0,1800.0,0.1,0.09,5.0,1.25,10.0,10.0,10,100.0,inf,full,both,inf,180.0,0.01,0.0,0.0,256,20,3,0.5,0.1,0.99,10.0,256,20,0,128,0,0.0,1.25,299.8210140107546,2271.7606158239946,0.0,0.0,0.0,
coast,transverse,300.0,1800.0,0.1,0.09,5.0,2.5,10.0,10.0,10,100.0,inf,full,both,inf,180.0,0.01,0.0,0.0,256,20,3,0.5,0.1,0.99,10.0,256,20,0,128,0,0.0,2.5,299.8210140107546,4618.339647511635,0.0,0.0,0.0,
coast,transverse,300.0,1800.0,0.1,0.09,5.0,3.75,10.0,10.0,10,100.0,inf,full,both,inf,180.0,0.01,0.0,0.0,256,20,3,0.5,0.1,0.99,10.0,256,20,0,128,0,0.0,3.75,299.8210140107546,6258.656413364057,0.0,0.0,0.0,
coast,transverse,300.0,1800.0,0.1,0.09,5.0,4.5,10.0,10.0,10,100.0,inf,full,both,inf,180.0,0.01,0.0,0.0,256,20,3,0.5,0.1,0.99,10.0,256,20,0,128,0,0.0,4.5,299.8210140107546,6941.415385559728,0.0,0.0,0.0,
coast,transverse,300.0,1800.0,0.1,0.09,5.0,5.0,10.0,10.0,10,100.0,inf,full,both,inf,180.0,0.01,0.0,0.0,256,20,3,0.5,0.1,0.99,10.0,256,20,0,128,0,0.0,5.0,299.8210140107546,7300.789855643743,0.0,0.0,0.0,
coast,transverse,300.0,1800.0,0.1,0.09,5.0,5.5,10.0,10.0,10,100.0,inf,full,both,inf,180.0,0.01,0.0,0.0,256,20,3,0.5,0.1,0.99,10.0,256,20,0,128,0,0.0,5.5,299.8210140107546,7602.990707537039,0.0,0.0,0.0,
coast,transverse,300.0,1800.0,0.1,0.09,5.0,6.25,10.0,10.0,10,100.0,inf,full,both,inf,180.0,0.01,0.0,0.0,256,20,3,0.5,0.1,0.99,10.0,256,20,0,128,0,0.0,6.25,299.8210140107546,7972.848967359853,0.0,0.0,0.0,
coast,transverse,300.0,1800.0,0.1,0.09,5.0,7.5,10.0,10.0,10,100.0,inf,full,both,inf,180.0,0.01,0.0,0.0,256,20,3,0.5,0.1,0.99,10.0,256,20,0,128,0,0.0,7.5,299.8210140107546,8432.13637738815,0.0,0.0,0.0,
coast,transverse,300.0,1800.0,0.1,0.09,5.0,10.0,10.0,10.0,10,100.0,inf,full,both,inf,180.0,0.01,0.0,0.0,256,20,3,0.5,0.1,0.99,10.0,256,20,0,128,0,0.0,10.0,299.8210140107546,8980.864833571442,0.0,0.0,0.0,
coast,transverse,300.0,1800.0,0.1,0.09,5.0,inf,10.0,10.0,10,100.0,inf,full,both,inf,180.0,0.01,0.0,0.0,256,20,3,0.5,0.1,0.99,10.0,256,20,0,128,0,0.0,16.19999999999998,299.8210140107546,9317.874288507872,0.0,0.0,0.0,
coast,transverse,300.0,1800.0,0.1,0.1,5.0,1.25,10.0,10.0,10,100.0,inf,full,both,inf,180.0,0.01,0.0,0.0,256,20,3,0.5,0.1,0.99,10.0,256,20,0,128,0,0.0,1.25,299.8560137498859,2295.366725704914,0.0,0.0,0.0,
coast,transverse,300.0,1800.0,0.1,0.1,5.0,2.5,10.0,10.0,10,100.0,inf,full,both,inf,180.0,0.01,0.0,0.0,256,20,3,0.5,0.1,0.99,10.0,256,20,0,128,0,0.0,2.5,299.8560137498859,4742.090211821581,0.0,0.0,0.0,
coast,transverse,300.0,1800.0,0.1,0.1,5.0,3.75,10.0,10.0,10,100.0,inf,full,both,inf,180.0,0.01,0.0,0.0,256,20,3,0.5,0.1,0.99,10.0,256,20,0,128,0,0.0,3.75,299.8560137498859,6516.633188864874,0.0,0.0,0.0,
coast,transverse,300.0,1800.0,0.1,0.1,5.0,4.5,10.0,10.0,10,100.0,inf,full,both,inf,180.0,0.01,0.0,0.0,256,20,3,0.5,0.1,0.99,10.0,256,20,0,128,0,0.0,4.5,299.8560137498859,7283.004410395122,0.0,0.0,0.0,
coast,transverse,300.0,1800.0,0.1,0.1,5.0,5.0,10.0,10.0,10,100.0,inf,full,both,inf,180.0,0.01,0.0,0.0,256,20,3,0.5,0.1,0.99,10.0,256,20,0,128,0,0.0,5.0,299.8560137498859,7693.291161325808,0.0,0.0,0.0,
coast,transverse,300.0,1800.0,0.1,0.1,5.0,5.5,10.0,10.0,10,100.0,inf,full,both,inf,180.0,0.01,0.0,0.0,256,20,3,0.5,0.1,0.99,10.0,256,20,0,128,0,0.0,5.5,299.8560137498859,8040.109574027394,0.0,0.0,0.0,
coast,transverse,300.0,1800.0,0.1,0.1,5.0,6.25,10.0,10.0,10,100.0,inf,full,both,inf,180.0,0.01,0.0,0.0,256,20,3,0.5,0.1,0.99,10.0,256,20,0,128,0,0.0,6.25,299.8560137498859,8467.884307186741,0.0,0.0,0.0,
coast,transverse,300.0,1800.0,0.1,0.1,5.0,7.5,10.0,10.0,10,100.0,inf,full,both,inf,180.0,0.01,0.0,0.0,256,20,3,0.5,0.1,0.99,10.0,256,20,0,128,0,0.0,7.5,299.8560137498859,9008.743606609412,0.0,0.0,0.0,
coast,transverse,300.0,1800.0,0.1,0.1,5.0,10.0,10.0,10.0,10,100.0,inf,full,both,inf,180.0,0.01,0.0,0.0,256,20,3,0.5,0.1,0.99,10.0,256,20,0,128,0,0.0,10.0,299.8560137498859,9689.362805922614,0.0,0.0,0.0,
coast,transverse,300.0,1800.0,0.1,0.1,5.0,inf,10.0,10.0,10,100.0,inf,full,both,inf,180.0,0.01,0.0,0.0,256,20,3,0.5,0.1,0.99,10.0,256,20,0,128,0,0.0,17.999999999999986,299.8560137498859,10255.724941996305,0.0,0.0,0.0,
coast,transverse,300.0,1800.0,0.1,0.11,5.0,1.25,10.0,10.0,10,100.0,inf,full,both,inf,180.0,0.01,0.0,0.0,256,20,3,0.5,0.1,0.99,10.0,256,20,0,128,0,0.0,1.25,299.88194703950694,2316.881251354634,0.0,0.0,0.0,
coast,transverse,300.0,1800.0,0.1,0.11,5.0,2.5,10.0,10.0,10,100.0,inf,full,both,inf,180.0,0.01,0.0,0.0,256,20,3,0.5,0.1,0.99,10.0,256,20,0,128,0,0.0,2.5,299.88194703950694,4839.414497961271,0.0,0.0,0.0,
coast,transverse,300.0,1800.0,0.1,0.11,5.0,3.75,10.0,10.0,10,100.0,inf,full,both,inf,180.0,0.01,0.0,0.0,256,20,3,0.5,0.1,0.99,10.0,256,20,0,128,0,0.0,3.75,299.88194703950694,6728.951247707151,0.0,0.0,0.0,
coast,transverse,300.0,1800.0,0.1,0.11,5.0,4.5,10.0,10.0,10,100.0,inf,full,both,inf,180.0,0.01,0.0,0.0,256,20,3,0.5,0.1,0.99,10.0,256,20,0,128,0,0.0,4.5,299.88194703950694,7566.412845076554,0.0,0.0,0.0,
coast,transverse,300.0,1800.0,0.1,0.11,5.0,5.0,10.0,10.0,10,100.0,inf,full,both,inf,180.0,0.01,0.0,0.0,256,20,3,0.5,0.1,0.99,10.0,256,20,0,128,0,0.0,5.0,299.88194703950694,8021.572630987121,0.0,0.0,0.0,
coast,transverse,300.0,1800.0,0.1,0.11,5.0,5.5,10.0,10.0,10,100.0,inf,full,both,inf,180.0,0.01,0.0,0.0,256,20,3,0.5,0.1,0.99,10.0,256,20,0,128,0,0.0,5.5,299.88194703950694,8411.331799790574,0.0,0.0,0.0,
coast,transverse,300.0,1800.0,0.1,0.11,5.0,6.25,10.0,10.0,10,100.0,inf,full,both,inf,180.0,0.01,0.0,0.0,256,20,3,0.5,0.1,0.99,10.0,256,20,0,128,0,0.0,6.25,299.88194703950694,8896.574905312978,0.0,0.0,0.0,
coast,transverse,300.0,1800.0,0.1,0.11,5.0,7.5,10.0,10.0,10,100.0,inf,full,both,inf,180.0,0.01,0.0,0.0,256,20,3,0.5,0.1,0.99,10.0,256,20,0,128,0,0.0,7.5,299.88194703950694,9521.015251895871,0.0,0.0,0.0,
coast,transverse,300.0,1800.0,0.1,0.11,5.0,10.0,10.0,10.0,10,100.0,inf,full,both,inf,180.0,0.01,0.0,0.0,256,20,3,0.5,0.1,0.99,10.0,256,20,0,128,0,0.0,10.0,299.88194703950694,10339.892947016468,0.0,0.0,0.0,
coast,transverse,300.0,1800.0,0.1,0.11,5.0,inf,10.0,10.0,10,100.0,inf,full,both,inf,180.0,0.01,0.0,0.0,256,20,3,0.5,0.1,0.99,10.0,256,20,0,128,0,0.0,19.79999999999995,299.88194703950694,11188.800111814797,0.0,0.0,0.0,
coast,transverse,300.0,1800.0,0.1,0.125,5.0,1.25,10.0,10.0,10,100.0,inf,full,both,inf,180.0,0.01,0.0,0.0,256,20,3,0.5,0.1,0.99,10.0,256,20,0,128,0,0.0,1.25,299.909865646603,2341.20958596761,0.0,0.0,0.0,
coast,transverse,300.0,1800.0,0.1,0.125,5.0,2.5,10.0,10.0,10,100.0,inf,full,both,inf,180.0,0.01,0.0,0.0,256,20,3,0.5,0.1,0.99,10.0,256,20,0,128,0,0.0,2.5,299.909865646603,4963.895953757405,0.0,0.0,0.0,
coast,transverse,300.0,1800.0,0.1,0.125,5.0,3.75,10.0,10.0,10,100.0,inf,full,both,inf,180.0,0.01,0.0,0.0,256,20,3,0.5,0.1,0.99,10.0,256,20,0,128,0,0.0,3.75,299.909865646603,7004.795742549676,0.0,0.0,0.0,
coast,transverse,300.0,1800.0,0.1,0.125,5.0,4.5,10.0,10.0,10,100.0,inf,full,both,inf,180.0,0.01,0.0,0.0,256,20,3,0.5,0.1,0.99,10.0,256,20,0,128,0,0.0,4.5,299.909865646603,7944.430905799356,0.0,0.0,0.0,
coast,transverse,300.0,1800.0,0.1,0.125,5.0,5.0,10.0,10.0,10,100.0,inf,full,both,inf,180.0,0.01,0.0,0.0,256,20,3,0.5,0.1,0.99,10.0,256,20,0,128,0,0.0,5.0,299.909865646603,8466.78356785897,0.0,0.0,0.0,
coast,transverse,300.0,1800.0,0.1,0.125,5.0,5.5,10.0,10.0,10,100.0,inf,full,both,inf,180.0,0.01,0.0,0.0,256,20,3,0.5,0.1,0.99,10.0,256,20,0,128,0,0.0,5.5,299.909865646603,8918.140362076567,0.0,0.0,0.0,
coast,transverse,300.0,1800.0,0.1,0.125,5.0,6.25,10.0,10.0,10,100.0,inf,full,both,inf,180.0,0.01,0.0,0.0,256,20,3,0.5,0.1,0.99,10.0,256,20,0,128,0,0.0,6.25,299.909865646603,9486.800362853945,0.0,0.0,0.0,
coast,transverse,300.0,1800.0,0.1,0.125,5.0,7.5,10.0,10.0,10,100.0,inf,full,both,inf,180.0,0.01,0.0,0.0,256,20,3,0.5,0.1,0.99,10.0,256,20,0,128,0,0.0,7.5,299.909865646603,10225.735090782488,0.0,0.0,0.0,
coast,transverse,300.0,1800.0,0.1,0.125,5.0,10.0,10.0,10.0,10,100.0,inf,full,both,inf,180.0,0.01,0.0,0.0,256,20,3,0.5,0.1,0.99,10.0,256,20,0,128,0,0.0,10.0,299.909865646603,11227.642855774582,0.0,0.0,0.0,
coast,transverse,300.0,1800.0,0.1,0.125,5.0,inf,10.0,10.0,10,100.0,inf,full,both,inf,180.0,0.01,0.0,0.0,256,20,3,0.5,0.1,0.99,10.0,256,20,0,128,0,0.0,22.5,299.909865646603,12566.40616618281,0.0,0.0,0.0,
coast,transverse,300.0,1800.0,0.1,0.15,5.0,1.25,10.0,10.0,10,100.0,inf,full,both,inf,180.0,0.01,0.0,0.0,256,20,3,0.5,0.1,0.99,10.0,256,20,0,128,0,0.0,1.25,299.93921044455266,2372.4187688063766,0.0,0.0,0.0,
coast,transverse,300.0,1800.0,0.1,0.15,5.0,2.5,10.0,10.0,10,100.0,inf,full,both,inf,180.0,0.01,0.0,0.0,256,20,3,0.5,0.1,0.99,10.0,256,20,0,128,0,0.0,2.5,299.93921044455266,5119.327605087138,0.0,0.0,0.0,
coast,transverse,300.0,1800.0,0.1,0.15,5.0,3.75,10.0,10.0,10,100.0,inf,full,both,inf,180.0,0.01,0.0,0.0,256,20,3,0.5,0.1,0.99,10.0,256,20,0,128,0,0.0,3.75,299.93921044455266,7357.401315273833,0.0,0.0,0.0,
coast,transverse,300.0,1800.0,0.1,0.15,5.0,4.5,10.0,10.0,10,100.0,inf,full,both,inf,180.0,0.01,0.0,0.0,256,20,3,0.5,0.1,0.99,10.0,256,20,0,128,0,0.0,4.5,299.93921044455266,8433.27498420176,0.0,0.0,0.0,
coast,transverse,300.0,1800.0,0.1,0.15,5.0,5.0,10.0,10.0,10,100.0,inf,full,both,inf,180.0,0.01,0.0,0.0,256,20,3,0.5,0.1,0.99,10.0,256,20,0,128,0,0.0,5.0,299.93921044455266,9045.881416205822,0.0,0.0,0.0,
coast,transverse,300.0,1800.0,0.1,0.15,5.0,5.5,10.0,10.0,10,100.0,inf,full,both,inf,180.0,0.01,0.0,0.0,256,20,3,0.5,0.1,0.99,10.0,256,20,0,128,0,0.0,5.5,299.93921044455266,9585.724232147635,0.0,0.0,0.0,
coast,transverse,300.0,1800.0,0.1,0.15,5.0,6.25,10.0,10.0,10,100.0,inf,full,both,inf,180.0,0.01,0.0,0.0,256,20,3,0.5,0.1,0.99,10.0,256,20,0,128,0,0.0,6.25,299.93921044455266,10276.591258723598,0.0,0.0,0.0,
coast,transverse,300.0,1800.0,0.1,0.15,5.0,7.5,10.0,10.0,10,100.0,inf,full,both,inf,180.0,0.01,0.0,0.0,256,20,3,0.5,0.1,0.99,10.0,256,20,0,128,0,0.0,7.5,299.93921044455266,11190.655248753656,0.0,0.0,0.0,
coast,transverse,300.0,1800.0,0.1,0.15,5.0,10.0,10.0,10.0,10,100.0,inf,full,both,inf,180.0,0.01,0.0,0.0,256,20,3,0.5,0.1,0.99,10.0,256,20,0,128,0,0.0,10.0,299.93921044455266,12481.780550566664,0.0,0.0,0.0,
coast,transverse,300.0,1800.0,0.1,0.15,5.0,inf,10.0,10.0,10,100.0,inf,full,both,inf,180.0,0.01,0.0,0.0,256,20,3,0.5,0.1,0.99,10.0,256,20,0,128,0,0.0,26.99999999999992,299.93921044455266,14837.769595368476,0.0,0.0,0.0,
coast,transverse,300.0,1800.0,0.1,0.2,5.0,1.25,10.0,10.0,10,100.0,inf,full,both,inf,180.0,0.01,0.0,0.0,256,20,3,0.5,0.1,0.99,10.0,256,20,0,128,0,0.0,1.25,299.96829747889427,2411.596348888876,0.0,0.0,0.0,
coast,transverse,300.0,1800.0,0.1,0.2,5.0,2.5,10.0,10.0,10,100.0,inf,full,both,inf,180.0,0.01,0.0,0.0,256,20,3,0.5,0.1,0.99,10.0,256,20,0,128,0,0.0,2.5,299.96829747889427,5316.579783955081,0.0,0.0,0.0,
coast,transverse,300.0,1800.0,0.1,0.2,5.0,3.75,10.0,10.0,10,100.0,inf,full,both,inf,180.0,0.01,0.0,0.0,256,20,3,0.5,0.1,0.99,10.0,256,20,0,128,0,0.0,3.75,299.96829747889427,7821.399903139761,0.0,0.0,0.0,
coast,transverse,300.0,1800.0,0.1,0.2,5.0,4.5,10.0,10.0,10,100.0,inf,full,both,inf,180.0,0.01,0.0,0.0,256,20,3,0.5,0.1,0.99,10.0,256,20,0,128,0,0.0,4.5,299.96829747889427,9097.72950162684,0.0,0.0,0.0,
coast,transverse,300.0,1800.0,0.1,0.2,5.0,5.0,10.0,10.0,10,100.0,inf,full,both,inf,180.0,0.01,0.0,0.0,256,20,3,0.5,0.1,0.99,10.0,256,20,0,128,0,0.0,5.0,299.96829747889427,9858.531366192648,0.0,0.0,0.0,
coast,transverse,300.0,1800.0,0.1,0.2,5.0,5.5,10.0,10.0,10,100.0,inf,full,both,inf,180.0,0.01,0.0,0.0,256,20,3,0.5,0.1,0.99,10.0,256,20,0,128,0,0.0,5.5,299.96829747889427,10542.011639437997,0.0,0.0,0.0,
coast,transverse,300.0,1800.0,0.1,0.2,5.0,6.25,10.0,10.0,10,100.0,inf,full,both,inf,180.0,0.01,0.0,0.0,256,20,3,0.5,0.1,0.99,10.0,256,20,0,128,0,0.0,6.25,299.96829747889427,11447.566973141222,0.0,0.0,0.0,
coast,transverse,300.0,1800.0,0.1,0.2,5.0,7.5,10.0,10.0,10,100.0,inf,full,both,inf,180.0,0.01,0.0,0.0,256,20,3,0.5,0.1,0.99,10.0,256,20,0,128,0,0.0,7.5,299.96829747889427,12678.178448378809,0.0,0.0,0.0,
coast,transverse,300.0,1800.0,0.1,0.2,5.0,10.0,10.0,10.0,10,100.0,inf,full,both,inf,180.0,0.01,0.0,0.0,256,20,3,0.5,0.1,0.99,10.0,256,20,0,128,0,0.0,10.0,299.96829747889427,14474.787913521955,0.0,0.0,0.0,
coast,transverse,300.0,1800.0,0.1,0.2,5.0,inf,10.0,10.0,10,100.0,inf,full,both,inf,180.0,0.01,0.0,0.0,256,20,3,0.5,0.1,0.99,10.0,256,20,0,128,0,0.0,35.99999999999997,299.96829747889427,19311.842115520078,0.0,0.0,0.0,
direct,flee,300.0,1800.0,0.1,0.025,5.0,1.25,10.0,10.0,10,100.0,inf,full,both,inf,180.0,0.01,0.0,0.0,256,20,3,0.5,0.1,0.99,10.0,256,20,0,128,3,4.94609375,1.2365234375,38.54379619644661,1520.3443673551071,0.0,0.0,0.0234375,270.0
direct,flee,300.0,1800.0,0.1,0.025,5.0,2.5,10.0,10.0,10,100.0,inf,full,both,inf,180.0,0.01,0.0,0.0,256,20,3,0.5,0.1,0.99,10.0,256,20,0,128,3,4.94609375,2.4572265625,38.54379619644661,2910.188599102064,0.0,0.0,0.0234375,270.0
direct,flee,300.0,1800.0,0.1,0.025,5.0,3.75,10.0,10.0,10,100.0,inf,full,both,inf,180.0,0.01,0.0,0.0,256,20,3,0.5,0.1,0.99,10.0,256,20,0,128,3,4.94609375,3.6779296875,38.54379619644661,3599.0889236005733,0.0,0.0,0.0234375,270.0
direct,flee,300.0,1800.0,0.1,0.025,5.0,4.5,10.0,10.0,10,100.0,inf,full,both,inf,180.0,0.01,0.0,0.0,256,20,3,0.5,0.1,0.99,10.0,256,20,0,128,3,4.94609375,4.410351562499996,38.54379619644661,3712.5886077829223,0.0,0.0,0.0234375,270.0
direct,flee,300.0,1800.0,0.1,0.025,5.0,5.0,10.0,10.0,10,100.0,inf,full,both,inf,180.0,0.01,0.0,0.0,256,20,3,0.5,0.1,0.99,10.0,256,20,0,128,3,4.94609375,4.410351562499996,38.54379619644661,3712.5886077829223,0.0,0.0,0.0234375,270.0
direct,flee,300.0,1800.0,0.1,0.025,5.0,5.5,10.0,10.0,10,100.0,inf,full,both,inf,180.0,0.01,0.0,0.0,256,20,3,0.5,0.1,0.99,10.0,256,20,0,128,3,4.94609375,4.410351562499996,38.54379619644661,3712.5886077829223,0.0,0.0,0.0234375,270.0
direct,flee,300.0,1800.0,0.1,0.025,5.0,6.25,10.0,10.0,10,100.0,inf,full,both,inf,180.0,0.01,0.0,0.0,256,20,3,0.5,0.1,0.99,10.0,256,20,0,128,3,4.94609375,4.410351562499996,38.54379619644661,3712.5886077829223,0.0,0.0,0.0234375,270.0
direct,flee,300.0,1800.0,0.1,0.025,5.0,7.5,10.0,10.0,10,100.0,inf,full,both,inf,180.0,0.01,0.0,0.0,256,20,3,0.5,0.1,0.99,10.0,256,20,0,128,3,4.94609375,4.410351562499996,38.54379619644661,3712.5886077829223,0.0,0.0,0.0234375,270.0
direct,flee,300.0,1800.0,0.1,0.025,5.0,10.0,10.0,10.0,10,100.0,inf,full,both,inf,180.0,0.01,0.0,0.0,256,20,3,0.5,0.1,0.99,10.0,256,20,0,128,3,4.94609375,4.410351562499996,38.54379619644661,3712.5886077829223,0.0,0.0,0.0234375,270.0
direct,flee,300.0,1800.0,0.1,0.025,5.0,inf,10.0,10.0,10,100.0,inf,full,both,inf,180.0,0.01,0.0,0.0,256,20,3,0.5,0.1,0.99,10.0,256,20,0,128,3,4.94609375,4.410351562499996,38.54379619644661,3712.5886077829223,0.0,0.0,0.0234375,270.0
direct,flee,300.0,1800.0,0.1,0.05,5.0,1.25,10.0,10.0,10,100.0,inf,full,both,inf,180.0,0.01,0.0,0.0,256,20,3,0.5,0.1,0.99,10.0,256,20,0,128,3,4.959375,1.25,39.33026351677656,1565.4437340626637,0.0,0.0,0.0234375,330.0
direct,flee,300.0,1800.0,0.1,0.05,5.0,2.5,10.0,10.0,10,100.0,inf,full,both,inf,180.0,0.01,0.0,0.0,256,20,3,0.5,0.1,0.99,10.0,256,20,0,128,3,4.9609375,2.48046875,47.99492981381021,1964.334128769989,0.0,0.0,0.0234375,330.0
direct,flee,300.0,1800.0,0.1,0.05,5.0,3.75,10.0,10.0,10,100.0,inf,full,both,inf,180.0,0.01,0.0,0.0,256,20,3,0.5,0.1,0.99,10.0,256,20,0,128,3,4.9609375,3.701171875,47.99492981381021,3555.105031298985,0.0,0.0,0.0234375,330.0
direct,flee,300.0,1800.0,0.1,0.05,5.0,4.5,10.0,10.0,10,100.0,inf,full,both,inf,180.0,0.01,0.0,0.0,256,20,3,0.5,0.1,0.99,10.0,256,20,0,128,3,4.9609375,4.43359375,47.99492981381021,4326.496321025846,0.0,0.0,0.0234375,330.0
direct,flee,300.0,1800.0,0.1,0.05,5.0,5.0,10.0,10.0,10,100.0,inf,full,both,inf,180.0,0.01,0.0,0.0,256,20,3,0.5,0.1,0.99,10.0,256,20,0,128,3,4.9609375,4.921875,47.99492981381021,4764.082684314602,0.0,0.0,0.0234375,330.0
direct,flee,300.0,1800.0,0.1,0.05,5.0,5.5,10.0,10.0,10,100.0,inf,full,both,inf,180.0,0.01,0.0,0.0,256,20,3,0.5,0.1,0.99,10.0,256,20,0,128,3,4.9609375,5.41015625,47.99492981381021,5144.3698167408,0.0,0.0,0.0234375,330.0
direct,flee,300.0,1800.0,0.1,0.05,5.0,6.25,10.0,10.0,10,100.0,inf,full,both,inf,180.0,0.01,0.0,0.0,256,20,3,0.5,0.1,0.99,10.0,256,20,0,128,3,4.9609375,6.142578125,47.99492981381021,5613.5617342411,0.0,0.0,0.0234375,330.0
direct,flee,300.0,1800.0,0.1,0.05,5.0,7.5,10.0,10.0,10,100.0,inf,full,both,inf,180.0,0.01,0.0,0.0,256,20,3,0.5,0.1,0.99,10.0,256,20,0,128,3,4.9609375,7.36328125,47.99492981381021,6140.801585123332,0.0,0.0,0.0234375,330.0
direct,flee,300.0,1800.0,0.1,0.05,5.0,10.0,10.0,10.0,10,100.0,inf,full,both,inf,180.0,0.01,0.0,0.0,256,20,3,0.5,0.1,0.99,10.0,256,20,0,128,3,4.9609375,8.828124999999993,47.99492981381021,6367.839102421935,0.0,0.0,0.0234375,330.0
direct,flee,300.0,1800.0,0.1,0.05,5.0,inf,10.0,10.0,10,100.0,inf,full,both,inf,180.0,0.01,0.0,0.0,256,20,3,0.5,0.1,0.99,10.0,256,20,0,128,3,4.9609375,8.828124999999993,47.99492981381021,6367.839102421935,0.0,0.0,0.0234375,330.0
direct,flee,300.0,1800.0,0.1,0.075,5.0,1.25,10.0,10.0,10,100.0,inf,full,both,inf,180.0,0.01,0.0,0.0,256,20,3,0.5,0.1,0.99,10.0,256,20,0,128,3,4.96484375,1.25,34.81142972984135,2139.7456572370893,0.0,0.0,0.0234375,350.0
direct,flee,300.0,1800.0,0.1,0.075,5.0,2.5,10.0,10.0,10,100.0,inf,full,both,inf,180.0,0.01,0.0,0.0,256,20,3,0.5,0.1,0.99,10.0,256,20,0,128,3,4.98359375,2.5,41.96307541529215,2707.863024745089,0.0,0.0,0.0234375,430.0
direct,flee,300.0,1800.0,0.1,0.075,5.0,3.75,10.0,10.0,10,100.0,inf,full,both,inf,180.0,0.01,0.0,0.0,256,20,3,0.5,0.1,0.99,10.0,256,20,0,128,0,5.0,3.75,73.160453583994,1590.9277206327704,0.0,0.0,0.0,
direct,flee,300.0,1800.0,0.1,0.075,5.0,4.5,10.0,10.0,10,100.0,inf,full,both,inf,180.0,0.01,0.0,0.0,256,20,3,0.5,0.1,0.99,10.0,256,20,0,128,0,5.0,4.5,75.68010339173337,2236.654643346444,0.0,0.0,0.0,
direct,flee,300.0,1800.0,0.1,0.075,5.0,5.0,10.0,10.0,10,100.0,inf,full,both,inf,180.0,0.01,0.0,0.0,256,20,3,0.5,0.1,0.99,10.0,256,20,0,128,0,5.0,5.0,75.68010339173337,2896.6520939003785,0.0,0.0,0.0,
direct,flee,300.0,1800.0,0.1,0.075,5.0,5.5,10.0,10.0,10,100.0,inf,full,both,inf,180.0,0.01,0.0,0.0,256,20,3,0.5,0.1,0.99,10.0,256,20,0,128,0,5.0,5.5,75.68010339173337,3515.443230817564,0.0,0.0,0.0,
direct,flee,300.0,1800.0,0.1,0.075,5.0,6.25,10.0,10.0,10,100.0,inf,full,both,inf,180.0,0.01,0.0,0.0,256,20,3,0.5,0.1,0.99,10.0,256,20,0,128,0,5.0,6.25,75.68010339173337,4355.4157231597865,0.0,0.0,0.0,
direct,flee,300.0,1800.0,0.1,0.075,5.0,7.5,10.0,10.0,10,100.0,inf,full,both,inf,180.0,0.01,0.0,0.0,256,20,3,0.5,0.1,0.99,10.0,256,20,0,128,0,5.0,7.5,75.68010339173337,5539.7717349720615,0.0,0.0,0.0,
direct,flee,300.0,1800.0,0.1,0.075,5.0,10.0,10.0,10.0,10,100.0,inf,full,both,inf,180.0,0.01,0.0,0.0,256,20,3,0.5,0.1,0.99,10.0,256,20,0,128,0,5.0,10.0,75.68010339173337,7184.275834825855,0.0,0.0,0.0,
direct,flee,300.0,1800.0,0.1,0.075,5.0,inf,10.0,10.0,10,100.0,inf,full,both,inf,180.0,0.01,0.0,0.0,256,20,3,0.5,0.1,0.99,10.0,256,20,0,128,0,5.0,13.49999999999996,75.68010339173337,8023.184162971114,0.0,0.0,0.0,
direct,flee,300.0,1800.0,0.1,0.09,5.0,1.25,10.0,10.0,10,100.0,inf,full,both,inf,180.0,0.01,0.0,0.0,256,20,3,0.5,0.1,0.99,10.0,256,20,0,128,5,4.94375,1.25,33.72137622789364,2300.66679557444,0.0,0.0,0.0390625,360.0
direct,flee,300.0,1800.0,0.1,0.09,5.0,2.5,10.0,10.0,10,100.0,inf,full,both,inf,180.0,0.01,0.0,0.0,256,20,3,0.5,0.1,0.99,10.0,256,20,0,128,4,4.98828125,2.5,36.55714118063048,3163.4153809273066,0.0,0.0,0.03125,460.0
direct,flee,300.0,1800.0,0.1,0.09,5.0,3.75,10.0,10.0,10,100.0,inf,full,both,inf,180.0,0.01,0.0,0.0,256,20,3,0.5,0.1,0.99,10.0,256,20,0,128,1,5.0,3.75,76.68985875718782,1400.5308873402516,0.0,0.0,0.0078125,570.0
direct,flee,300.0,1800.0,0.1,0.09,5.0,4.5,10.0,10.0,10,100.0,inf,full,both,inf,180.0,0.01,0.0,0.0,256,20,3,0.5,0.1,0.99,10.0,256,20,0,128,0,5.0,4.5,174.7764742173375,914.0854413017648,0.0,0.0,0.0,
direct,flee,300.0,1800.0,0.1,0.09,5.0,5.0,10.0,10.0,10,100.0,inf,full,both,inf,180.0,0.01,0.0,0.0,256,20,3,0.5,0.1,0.99,10.0,256,20,0,128,0,5.0,5.0,211.42211060275605,1275.3413968438165,0.0,0.0,0.0,
direct,flee,300.0,1800.0,0.1,0.09,5.0,5.5,10.0,10.0,10,100.0,inf,full,both,inf,180.0,0.01,0.0,0.0,256,20,3,0.5,0.1,0.99,10.0,256,20,0,128,0,5.0,5.5,212.46947164982475,1928.5034535285108,0.0,0.0,0.0,
direct,flee,300.0,1800.0,0.1,0.09,5.0,6.25,10.0,10.0,10,100.0,inf,full,both,inf,180.0,0.01,0.0,0.0,256,20,3,0.5,0.1,0.99,10.0,256,20,0,128,0,5.0,6.25,212.46947164982475,2937.908807312533,0.0,0.0,0.0,
direct,flee,300.0,1800.0,0.1,0.09,5.0,7.5,10.0,10.0,10,100.0,inf,full,both,inf,180.0,0.01,0.0,0.0,256,20,3,0.5,0.1,0.99,10.0,256,20,0,128,0,5.0,7.5,212.46947164982475,4435.418327895896,0.0,0.0,0.0,
direct,flee,300.0,1800.0,0.1,0.09,5.0,10.0,10.0,10.0,10,100.0,inf,full,both,inf,180.0,0.01,0.0,0.0,256,20,3,0.5,0.1,0.99,10.0,256,20,0,128,0,5.0,10.0,212.46947164982475,6687.1875378676405,0.0,0.0,0.0,
direct,flee,300.0,1800.0,0.1,0.09,5.0,inf,10.0,10.0,10,100.0,inf,full,both,inf,180.0,0.01,0.0,0.0,256,20,3,0.5,0.1,0.99,10.0,256,20,0,128,0,5.0,16.19999999999998,212.46947164982475,8886.298717888058,0.0,0.0,0.0,
direct,flee,300.0,1800.0,0.1,0.1,5.0,1.25,10.0,10.0,10,100.0,inf,full,both,inf,180.0,0.01,0.0,0.0,256,20,3,0.5,0.1,0.99,10.0,256,20,0,128,4,4.95625,1.25,33.162965113229795,2399.822397222922,0.0,0.0,0.03125,360.0
direct,flee,300.0,1800.0,0.1,0.1,5.0,2.5,10.0,10.0,10,100.0,inf,full,both,inf,180.0,0.01,0.0,0.0,256,20,3,0.5,0.1,0.99,10.0,256,20,0,128,4,4.99375,2.5,35.52884138312438,3279.598756435799,0.0,0.0,0.03125,480.0
direct,flee,300.0,1800.0,0.1,0.1,5.0,3.75,10.0,10.0,10,100.0,inf,full,both,inf,180.0,0.01,0.0,0.0,256,20,3,0.5,0.1,0.99,10.0,256,20,0,128,2,5.0,3.75,83.53651318757086,1312.646299969046,0.0,0.0,0.015625,625.0
direct,flee,300.0,1800.0,0.1,0.1,5.0,4.5,10.0,10.0,10,100.0,inf,full,both,inf,180.0,0.01,0.0,0.0,256,20,3,0.5,0.1,0.99,10.0,256,20,0,128,1,5.0,4.5,207.3020296340298,891.3347547908725,0.0,0.0,0.0078125,1130.0
direct,flee,300.0,1800.0,0.1,0.1,5.0,5.0,10.0,10.0,10,100.0,inf,full,both,inf,180.0,0.01,0.0,0.0,256,20,3,0.5,0.1,0.99,10.0,256,20,0,128,0,5.0,5.0,278.6793852302354,1270.5839773399568,0.0,0.0,0.0,
direct,flee,300.0,1800.0,0.1,0.1,5.0,5.5,10.0,10.0,10,100.0,inf,full,both,inf,180.0,0.01,0.0,0.0,256,20,3,0.5,0.1,0.99,10.0,256,20,0,128,0,5.0,5.5,295.2275235459403,1932.3362561695933,0.0,0.0,0.0,
direct,flee,300.0,1800.0,0.1,0.1,5.0,6.25,10.0,10.0,10,100.0,inf,full,both,inf,180.0,0.01,0.0,0.0,256,20,3,0.5,0.1,0.99,10.0,256,20,0,128,0,5.0,6.25,295.2275235459403,2954.5706176814583,0.0,0.0,0.0,
direct,flee,300.0,1800.0,0.1,0.1,5.0,7.5,10.0,10.0,10,100.0,inf,full,both,inf,180.0,0.01,0.0,0.0,256,20,3,0.5,0.1,0.99,10.0,256,20,0,128,0,5.0,7.5,295.2275235459403,4516.144507530136,0.0,0.0,0.0,
direct,flee,300.0,1800.0,0.1,0.1,5.0,10.0,10.0,10.0,10,100.0,inf,full,both,inf,180.0,0.01,0.0,0.0,256,20,3,0.5,0.1,0.99,10.0,256,20,0,128,0,5.0,10.0,295.2275235459403,7003.064092492533,0.0,0.0,0.0,
direct,flee,300.0,1800.0,0.1,0.1,5.0,inf,10.0,10.0,10,100.0,inf,full,both,inf,180.0,0.01,0.0,0.0,256,20,3,0.5,0.1,0.99,10.0,256,20,0,128,0,5.0,17.999999999999986,295.2275235459403,10279.59419331665,0.0,0.0,0.0,
direct,flee,300.0,1800.0,0.1,0.11,5.0,1.25,10.0,10.0,10,100.0,inf,full,both,inf,180.0,0.01,0.0,0.0,256,20,3,0.5,0.1,0.99,10.0,256,20,0,128,5,4.94609375,1.25,32.778244595807244,2459.481121677089,0.0,0.0,0.0390625,360.0
direct,flee,300.0,1800.0,0.1,0.11,5.0,2.5,10.0,10.0,10,100.0,inf,full,both,inf,180.0,0.01,0.0,0.0,256,20,3,0.5,0.1,0.99,10.0,256,20,0,128,4,4.996875,2.5,35.40637663422091,3315.692850752117,0.0,0.0,0.03125,490.0
direct,flee,300.0,1800.0,0.1,0.11,5.0,3.75,10.0,10.0,10,100.0,inf,full,both,inf,180.0,0.01,0.0,0.0,256,20,3,0.5,0.1,0.99,10.0,256,20,0,128,5,5.0,3.75,95.9583041704908,1211.543031241476,0.0,0.0,0.0390625,730.0
direct,flee,300.0,1800.0,0.1,0.11,5.0,4.5,10.0,10.0,10,100.0,inf,full,both,inf,180.0,0.01,0.0,0.0,256,20,3,0.5,0.1,0.99,10.0,256,20,0,128,0,5.0,4.5,229.0493844273733,958.1134756644416,0.0,0.0,0.0,
direct,flee,300.0,1800.0,0.1,0.11,5.0,5.0,10.0,10.0,10,100.0,inf,full,both,inf,180.0,0.01,0.0,0.0,256,20,3,0.5,0.1,0.99,10.0,256,20,0,128,0,5.0,5.0,286.4154491595194,1398.1342554265796,0.0,0.0,0.0,
direct,flee,300.0,1800.0,0.1,0.11,5.0,5.5,10.0,10.0,10,100.0,inf,full,both,inf,180.0,0.01,0.0,0.0,256,20,3,0.5,0.1,0.99,10.0,256,20,0,128,0,5.0,5.5,300.0,2081.788572162449,0.0,0.0,0.0,
direct,flee,300.0,1800.0,0.1,0.11,5.0,6.25,10.0,10.0,10,100.0,inf,full,both,inf,180.0,0.01,0.0,0.0,256,20,3,0.5,0.1,0.99,10.0,256,20,0,128,0,5.0,6.25,300.0,3141.3168238721632,0.0,0.0,0.0,
direct,flee,300.0,1800.0,0.1,0.11,5.0,7.5,10.0,10.0,10,100.0,inf,full,both,inf,180.0,0.01,0.0,0.0,256,20,3,0.5,0.1,0.99,10.0,256,20,0,128,0,5.0,7.5,300.0,4784.405786415599,0.0,0.0,0.0,
direct,flee,300.0,1800.0,0.1,0.11,5.0,10.0,10.0,10.0,10,100.0,inf,full,both,inf,180.0,0.01,0.0,0.0,256,20,3,0.5,0.1,0.99,10.0,256,20,0,128,0,5.0,10.0,300.0,7492.879991253815,0.0,0.0,0.0,
direct,flee,300.0,1800.0,0.1,0.11,5.0,inf,10.0,10.0,10,100.0,inf,full,both,inf,180.0,0.01,0.0,0.0,256,20,3,0.5,0.1,0.99,10.0,256,20,0,128,0,5.0,19.79999999999995,300.0,11960.758280384764,0.0,0.0,0.0,
direct,flee,300.0,1800.0,0.1,0.125,5.0,1.25,10.0,10.0,10,100.0,inf,full,both,inf,180.0,0.01,0.0,0.0,256,20,3,0.5,0.1,0.99,10.0,256,20,0,128,5,4.94765625,1.25,32.36536909537472,2544.9863580640385,0.0,0.0,0.0390625,370.0
direct,flee,300.0,1800.0,0.1,0.125,5.0,2.5,10.0,10.0,10,100.0,inf,full,both,inf,180.0,0.01,0.0,0.0,256,20,3,0.5,0.1,0.99,10.0,256,20,0,128,5,5.0,2.5,36.09586732243632,3264.183830108819,0.0,0.0,0.0390625,500.0
direct,flee,300.0,1800.0,0.1,0.125,5.0,3.75,10.0,10.0,10,100.0,inf,full,both,inf,180.0,0.01,0.0,0.0,256,20,3,0.5,0.1,0.99,10.0,256,20,0,128,4,5.0,3.75,124.30124873915008,1176.1523967847409,0.0,0.0,0.03125,735.0
direct,flee,300.0,1800.0,0.1,0.125,5.0,4.5,10.0,10.0,10,100.0,inf,full,both,inf,180.0,0.01,0.0,0.0,256,20,3,0.5,0.1,0.99,10.0,256,20,0,128,0,5.0,4.5,250.80934671958516,1099.8902405075053,0.0,0.0,0.0,
direct,flee,300.0,1800.0,0.1,0.125,5.0,5.0,10.0,10.0,10,100.0,inf,full,both,inf,180.0,0.01,0.0,0.0,256,20,3,0.5,0.1,0.99,10.0,256,20,0,128,0,5.0,5.0,287.127710325621,1611.8812768028597,0.0,0.0,0.0,
direct,flee,300.0,1800.0,0.1,0.125,5.0,5.5,10.0,10.0,10,100.0,inf,full,both,inf,180.0,0.01,0.0,0.0,256,20,3,0.5,0.1,0.99,10.0,256,20,0,128,0,5.0,5.5,300.0,2331.571195638474,0.0,0.0,0.0,
direct,flee,300.0,1800.0,0.1,0.125,5.0,6.25,10.0,10.0,10,100.0,inf,full,both,inf,180.0,0.01,0.0,0.0,256,20,3,0.5,0.1,0.99,10.0,256,20,0,128,0,5.0,6.25,300.0,3450.723756458536,0.0,0.0,0.0,
direct,flee,300.0,1800.0,0.1,0.125,5.0,7.5,10.0,10.0,10,100.0,inf,full,both,inf,180.0,0.01,0.0,0.0,256,20,3,0.5,0.1,0.99,10.0,256,20,0,128,0,5.0,7.5,300.0,5212.487461789005,0.0,0.0,0.0,
direct,flee,300.0,1800.0,0.1,0.125,5.0,10.0,10.0,10.0,10,100.0,inf,full,both,inf,180.0,0.01,0.0,0.0,256,20,3,0.5,0.1,0.99,10.0,256,20,0,128,0,5.0,10.0,300.0,8215.004109804346,0.0,0.0,0.0,
direct,flee,300.0,1800.0,0.1,0.125,5.0,inf,10.0,10.0,10,100.0,inf,full,both,inf,180.0,0.01,0.0,0.0,256,20,3,0.5,0.1,0.99,10.0,256,20,0,128,0,5.0,22.5,300.0,14630.945606525866,0.0,0.0,0.0,
direct,flee,300.0,1800.0,0.1,0.15,5.0,1.25,10.0,10.0,10,100.0,inf,full,both,inf,180.0,0.01,0.0,0.0,256,20,3,0.5,0.1,0.99,10.0,256,20,0,128,4,4.959375,1.25,31.84098461626723,2657.688154721258,0.0,0.0,0.03125,370.0
direct,flee,300.0,1800.0,0.1,0.15,5.0,2.5,10.0,10.0,10,100.0,inf,full,both,inf,180.0,0.01,0.0,0.0,256,20,3,0.5,0.1,0.99,10.0,256,20,0,128,13,5.0,2.5,38.17709353402091,2880.365379423894,0.0,0.0,0.1015625,530.0
direct,flee,300.0,1800.0,0.1,0.15,5.0,3.75,10.0,10.0,10,100.0,inf,full,both,inf,180.0,0.01,0.0,0.0,256,20,3,0.5,0.1,0.99,10.0,256,20,0,128,2,5.0,3.75,170.90025117693807,1200.0252911310463,0.0,0.0,0.015625,760.0
direct,flee,300.0,1800.0,0.1,0.15,5.0,4.5,10.0,10.0,10,100.0,inf,full,both,inf,180.0,0.01,0.0,0.0,256,20,3,0.5,0.1,0.99,10.0,256,20,0,128,1,5.0,4.5,268.5707514874426,1326.9458579574405,0.0,0.0,0.0078125,1130.0
direct,flee,300.0,1800.0,0.1,0.15,5.0,5.0,10.0,10.0,10,100.0,inf,full,both,inf,180.0,0.01,0.0,0.0,256,20,3,0.5,0.1,0.99,10.0,256,20,0,128,0,5.0,5.0,292.8635319038309,1924.759374150108,0.0,0.0,0.0,
direct,flee,300.0,1800.0,0.1,0.15,5.0,5.5,10.0,10.0,10,100.0,inf,full,both,inf,180.0,0.01,0.0,0.0,256,20,3,0.5,0.1,0.99,10.0,256,20,0,128,0,5.0,5.5,300.0,2692.98585214986,0.0,0.0,0.0,
direct,flee,300.0,1800.0,0.1,0.15,5.0,6.25,10.0,10.0,10,100.0,inf,full,both,inf,180.0,0.01,0.0,0.0,256,20,3,0.5,0.1,0.99,10.0,256,20,0,128,0,5.0,6.25,300.0,3897.980512541496,0.0,0.0,0.0,
direct,flee,300.0,1800.0,0.1,0.15,5.0,7.5,10.0,10.0,10,100.0,inf,full,both,inf,180.0,0.01,0.0,0.0,256,20,3,0.5,0.1,0.99,10.0,256,20,0,128,0,5.0,7.5,300.0,5825.5029945465085,0.0,0.0,0.0,
direct,flee,300.0,1800.0,0.1,0.15,5.0,10.0,10.0,10.0,10,100.0,inf,full,both,inf,180.0,0.01,0.0,0.0,256,20,3,0.5,0.1,0.99,10.0,256,20,0,128,0,5.0,10.0,300.0,9224.994321105683,0.0,0.0,0.0,
direct,flee,300.0,1800.0,0.1,0.15,5.0,inf,10.0,10.0,10,100.0,inf,full,both,inf,180.0,0.01,0.0,0.0,256,20,3,0.5,0.1,0.99,10.0,256,20,0,128,0,5.0,26.99999999999992,300.0,19191.97882322571,0.0,0.0,0.0,
direct,flee,300.0,1800.0,0.1,0.2,5.0,1.25,10.0,10.0,10,100.0,inf,full,both,inf,180.0,0.01,0.0,0.0,256,20,3,0.5,0.1,0.99,10.0,256,20,0,128,4,4.96015625,1.25,31.30817248047713,2782.212684897784,0.0,0.0,0.03125,370.0
direct,flee,300.0,1800.0,0.1,0.2,5.0,2.5,10.0,10.0,10,100.0,inf,full,both,inf,180.0,0.01,0.0,0.0,256,20,3,0.5,0.1,0.99,10.0,256,20,0,128,17,5.0,2.5,42.817996910853786,2666.699710004265,0.0,0.0,0.1328125,550.0
direct,flee,300.0,1800.0,0.1,0.2,5.0,3.75,10.0,10.0,10,100.0,inf,full,both,inf,180.0,0.01,0.0,0.0,256,20,3,0.5,0.1,0.99,10.0,256,20,0,128,1,5.0,3.75,214.0895761932544,1277.4282408812342,0.0,0.0,0.0078125,810.0
direct,flee,300.0,1800.0,0.1,0.2,5.0,4.5,10.0,10.0,10,100.0,inf,full,both,inf,180.0,0.01,0.0,0.0,256,20,3,0.5,0.1,0.99,10.0,256,20,0,128,0,5.0,4.5,278.7383302695793,1674.726306011206,0.0,0.0,0.0,
direct,flee,300.0,1800.0,0.1,0.2,5.0,5.0,10.0,10.0,10,100.0,inf,full,both,inf,180.0,0.01,0.0,0.0,256,20,3,0.5,0.1,0.99,10.0,256,20,0,128,0,5.0,5.0,292.0668181722321,2361.135956940456,0.0,0.0,0.0,
direct,flee,300.0,1800.0,0.1,0.2,5.0,5.5,10.0,10.0,10,100.0,inf,full,both,inf,180.0,0.01,0.0,0.0,256,20,3,0.5,0.1,0.99,10.0,256,20,0,128,0,5.0,5.5,300.0,3200.6685880194827,0.0,0.0,0.0,
direct,flee,300.0,1800.0,0.1,0.2,5.0,6.25,10.0,10.0,10,100.0,inf,full,both,inf,180.0,0.01,0.0,0.0,256,20,3,0.5,0.1,0.99,10.0,256,20,0,128,0,5.0,6.25,300.0,4527.227564017328,0.0,0.0,0.0,
direct,flee,300.0,1800.0,0.1,0.2,5.0,7.5,10.0,10.0,10,100.0,inf,full,both,inf,180.0,0.01,0.0,0.0,256,20,3,0.5,0.1,0.99,10.0,256,20,0,128,0,5.0,7.5,300.0,6688.023621720939,0.0,0.0,0.0,
direct,flee,300.0,1800.0,0.1,0.2,5.0,10.0,10.0,10.0,10,100.0,inf,full,both,inf,180.0,0.01,0.0,0.0,256,20,3,0.5,0.1,0.99,10.0,256,20,0,128,0,5.0,10.0,300.0,10647.959152937272,0.0,0.0,0.0,
direct,flee,300.0,1800.0,0.1,0.2,5.0,inf,10.0,10.0,10,100.0,inf,full,both,inf,180.0,0.01,0.0,0.0,256,20,3,0.5,0.1,0.99,10.0,256,20,0,128,0,5.0,35.99999999999997,300.0,28408.05282320047,0.0,0.0,0.0,
direct,coast,300.0,1800.0,0.1,0.025,5.0,1.25,10.0,10.0,10,100.0,inf,full,both,inf,180.0,0.01,0.0,0.0,256,20,3,0.5,0.1,0.99,10.0,256,20,0,128,5,4.8984375,0.0,33.040148962376136,860.8773192964543,0.0,0.0,0.0390625,240.0
direct,coast,300.0,1800.0,0.1,0.025,5.0,2.5,10.0,10.0,10,100.0,inf,full,both,inf,180.0,0.01,0.0,0.0,256,20,3,0.5,0.1,0.99,10.0,256,20,0,128,5,4.8984375,0.0,33.040148962376136,860.8773192964543,0.0,0.0,0.0390625,240.0
direct,coast,300.0,1800.0,0.1,0.025,5.0,3.75,10.0,10.0,10,100.0,inf,full,both,inf,180.0,0.01,0.0,0.0,256,20,3,0.5,0.1,0.99,10.0,256,20,0,128,5,4.8984375,0.0,33.040148962376136,860.8773192964543,0.0,0.0,0.0390625,240.0
direct,coast,300.0,1800.0,0.1,0.025,5.0,4.5,10.0,10.0,10,100.0,inf,full,both,inf,180.0,0.01,0.0,0.0,256,20,3,0.5,0.1,0.99,10.0,256,20,0,128,5,4.8984375,0.0,33.040148962376136,860.8773192964543,0.0,0.0,0.0390625,240.0
direct,coast,300.0,1800.0,0.1,0.025,5.0,5.0,10.0,10.0,10,100.0,inf,full,both,inf,180.0,0.01,0.0,0.0,256,20,3,0.5,0.1,0.99,10.0,256,20,0,128,5,4.8984375,0.0,33.040148962376136,860.8773192964543,0.0,0.0,0.0390625,240.0
direct,coast,300.0,1800.0,0.1,0.025,5.0,5.5,10.0,10.0,10,100.0,inf,full,both,inf,180.0,0.01,0.0,0.0,256,20,3,0.5,0.1,0.99,10.0,256,20,0,128,5,4.8984375,0.0,33.040148962376136,860.8773192964543,0.0,0.0,0.0390625,240.0
direct,coast,300.0,1800.0,0.1,0.025,5.0,6.25,10.0,10.0,10,100.0,inf,full,both,inf,180.0,0.01,0.0,0.0,256,20,3,0.5,0.1,0.99,10.0,256,20,0,128,5,4.8984375,0.0,33.040148962376136,860.8773192964543,0.0,0.0,0.0390625,240.0
direct,coast,300.0,1800.0,0.1,0.025,5.0,7.5,10.0,10.0,10,100.0,inf,full,both,inf,180.0,0.01,0.0,0.0,256,20,3,0.5,0.1,0.99,10.0,256,20,0,128,5,4.8984375,0.0,33.040148962376136,860.8773192964543,0.0,0.0,0.0390625,240.0
direct,coast,300.0,1800.0,0.1,0.025,5.0,10.0,10.0,10.0,10,100.0,inf,full,both,inf,180.0,0.01,0.0,0.0,256,20,3,0.5,0.1,0.99,10.0,256,20,0,128,5,4.8984375,0.0,33.040148962376136,860.8773192964543,0.0,0.0,0.0390625,240.0
direct,coast,300.0,1800.0,0.1,0.025,5.0,inf,10.0,10.0,10,100.0,inf,full,both,inf,180.0,0.01,0.0,0.0,256,20,3,0.5,0.1,0.99,10.0,256,20,0,128,5,4.8984375,0.0,33.040148962376136,860.8773192964543,0.0,0.0,0.0390625,240.0
direct,coast,300.0,1800.0,0.1,0.05,5.0,1.25,10.0,10.0,10,100.0,inf,full,both,inf,180.0,0.01,0.0,0.0,256,20,3,0.5,0.1,0.99,10.0,256,20,0,128,5,4.8984375,0.0,33.040148962376136,860.8773192964543,0.0,0.0,0.0390625,240.0
direct,coast,300.0,1800.0,0.1,0.05,5.0,2.5,10.0,10.0,10,100.0,inf,full,both,inf,180.0,0.01,0.0,0.0,256,20,3,0.5,0.1,0.99,10.0,256,20,0,128,5,4.8984375,0.0,33.040148962376136,860.8773192964543,0.0,0.0,0.0390625,240.0
direct,coast,300.0,1800.0,0.1,0.05,5.0,3.75,10.0,10.0,10,100.0,inf,full,both,inf,180.0,0.01,0.0,0.0,256,20,3,0.5,0.1,0.99,10.0,256,20,0,128,5,4.8984375,0.0,33.040148962376136,860.8773192964543,0.0,0.0,0.0390625,240.0
direct,coast,300.0,1800.0,0.1,0.05,5.0,4.5,10.0,10.0,10,100.0,inf,full,both,inf,180.0,0.01,0.0,0.0,256,20,3,0.5,0.1,0.99,10.0,256,20,0,128,5,4.8984375,0.0,33.040148962376136,860.8773192964543,0.0,0.0,0.0390625,240.0
direct,coast,300.0,1800.0,0.1,0.05,5.0,5.0,10.0,10.0,10,100.0,inf,full,both,inf,180.0,0.01,0.0,0.0,256,20,3,0.5,0.1,0.99,10.0,256,20,0,128,5,4.8984375,0.0,33.040148962376136,860.8773192964543,0.0,0.0,0.0390625,240.0
direct,coast,300.0,1800.0,0.1,0.05,5.0,5.5,10.0,10.0,10,100.0,inf,full,both,inf,180.0,0.01,0.0,0.0,256,20,3,0.5,0.1,0.99,10.0,256,20,0,128,5,4.8984375,0.0,33.040148962376136,860.8773192964543,0.0,0.0,0.0390625,240.0
direct,coast,300.0,1800.0,0.1,0.05,5.0,6.25,10.0,10.0,10,100.0,inf,full,both,inf,180.0,0.01,0.0,0.0,256,20,3,0.5,0.1,0.99,10.0,256,20,0,128,5,4.8984375,0.0,33.040148962376136,860.8773192964543,0.0,0.0,0.0390625,240.0
direct,coast,300.0,1800.0,0.1,0.05,5.0,7.5,10.0,10.0,10,100.0,inf,full,both,inf,180.0,0.01,0.0,0.0,256,20,3,0.5,0.1,0.99,10.0,256,20,0,128,5,4.8984375,0.0,33.040148962376136,860.8773192964543,0.0,0.0,0.0390625,240.0
direct,coast,300.0,1800.0,0.1,0.05,5.0,10.0,10.0,10.0,10,100.0,inf,full,both,inf,180.0,0.01,0.0,0.0,256,20,3,0.5,0.1,0.99,10.0,256,20,0,128,5,4.8984375,0.0,33.040148962376136,860.8773192964543,0.0,0.0,0.0390625,240.0
direct,coast,300.0,1800.0,0.1,0.05,5.0,inf,10.0,10.0,10,100.0,inf,full,both,inf,180.0,0.01,0.0,0.0,256,20,3,0.5,0.1,0.99,10.0,256,20,0,128,5,4.8984375,0.0,33.040148962376136,860.8773192964543,0.0,0.0,0.0390625,240.0
direct,coast,300.0,1800.0,0.1,0.075,5.0,1.25,10.0,10.0,10,100.0,inf,full,both,inf,180.0,0.01,0.0,0.0,256,20,3,0.5,0.1,0.99,10.0,256,20,0,128,5,4.8984375,0.0,33.040148962376136,860.8773192964543,0.0,0.0,0.0390625,240.0
direct,coast,300.0,1800.0,0.1,0.075,5.0,2.5,10.0,10.0,10,100.0,inf,full,both,inf,180.0,0.01,0.0,0.0,256,20,3,0.5,0.1,0.99,10.0,256,20,0,128,5,4.8984375,0.0,33.040148962376136,860.8773192964543,0.0,0.0,0.0390625,240.0
direct,coast,300.0,1800.0,0.1,0.075,5.0,3.75,10.0,10.0,10,100.0,inf,full,both,inf,180.0,0.01,0.0,0.0,256,20,3,0.5,0.1,0.99,10.0,256,20,0,128,5,4.8984375,0.0,33.040148962376136,860.8773192964543,0.0,0.0,0.0390625,240.0
direct,coast,300.0,1800.0,0.1,0.075,5.0,4.5,10.0,10.0,10,100.0,inf,full,both,inf,180.0,0.01,0.0,0.0,256,20,3,0.5,0.1,0.99,10.0,256,20,0,128,5,4.8984375,0.0,33.040148962376136,860.8773192964543,0.0,0.0,0.0390625,240.0
direct,coast,300.0,1800.0,0.1,0.075,5.0,5.0,10.0,10.0,10,100.0,inf,full,both,inf,180.0,0.01,0.0,0.0,256,20,3,0.5,0.1,0.99,10.0,256,20,0,128,5,4.8984375,0.0,33.040148962376136,860.8773192964543,0.0,0.0,0.0390625,240.0
direct,coast,300.0,1800.0,0.1,0.075,5.0,5.5,10.0,10.0,10,100.0,inf,full,both,inf,180.0,0.01,0.0,0.0,256,20,3,0.5,0.1,0.99,10.0,256,20,0,128,5,4.8984375,0.0,33.040148962376136,860.8773192964543,0.0,0.0,0.0390625,240.0
direct,coast,300.0,1800.0,0.1,0.075,5.0,6.25,10.0,10.0,10,100.0,inf,full,both,inf,180.0,0.01,0.0,0.0,256,20,3,0.5,0.1,0.99,10.0,256,20,0,128,5,4.8984375,0.0,33.040148962376136,860.8773192964543,0.0,0.0,0.0390625,240.0
direct,coast,300.0,1800.0,0.1,0.075,5.0,7.5,10.0,10.0,10,100.0,inf,full,both,inf,180.0,0.01,0.0,0.0,256,20,3,0.5,0.1,0.99,10.0,256,20,0,128,5,4.8984375,0.0,33.040148962376136,860.8773192964543,0.0,0.0,0.0390625,240.0
direct,coast,300.0,1800.0,0.1,0.075,5.0,10.0,10.0,10.0,10,100.0,inf,full,both,inf,180.0,0.01,0.0,0.0,256,20,3,0.5,0.1,0.99,10.0,256,20,0,128,5,4.8984375,0.0,33.040148962376136,860.8773192964543,0.0,0.0,0.0390625,240.0
direct,coast,300.0,1800.0,0.1,0.075,5.0,inf,10.0,10.0,10,100.0,inf,full,both,inf,180.0,0.01,0.0,0.0,256,20,3,0.5,0.1,0.99,10.0,256,20,0,128,5,4.8984375,0.0,33.040148962376136,860.8773192964543,0.0,0.0,0.0390625,240.0
direct,coast,300.0,1800.0,0.1,0.09,5.0,1.25,10.0,10.0,10,100.0,inf,full,both,inf,180.0,0.01,0.0,0.0,256,20,3,0.5,0.1,0.99,10.0,256,20,0,128,5,4.8984375,0.0,33.040148962376136,860.8773192964543,0.0,0.0,0.0390625,240.0
direct,coast,300.0,1800.0,0.1,0.09,5.0,2.5,10.0,10.0,10,100.0,inf,full,both,inf,180.0,0.01,0.0,0.0,256,20,3,0.5,0.1,0.99,10.0,256,20,0,128,5,4.8984375,0.0,33.040148962376136,860.8773192964543,0.0,0.0,0.0390625,240.0
direct,coast,300.0,1800.0,0.1,0.09,5.0,3.75,10.0,10.0,10,100.0,inf,full,both,inf,180.0,0.01,0.0,0.0,256,20,3,0.5,0.1,0.99,10.0,256,20,0,128,5,4.8984375,0.0,33.040148962376136,860.8773192964543,0.0,0.0,0.0390625,240.0
direct,coast,300.0,1800.0,0.1,0.09,5.0,4.5,10.0,10.0,10,100.0,inf,full,both,inf,180.0,0.01,0.0,0.0,256,20,3,0.5,0.1,0.99,10.0,256,20,0,128,5,4.8984375,0.0,33.040148962376136,860.8773192964543,0.0,0.0,0.0390625,240.0
direct,coast,300.0,1800.0,0.1,0.09,5.0,5.0,10.0,10.0,10,100.0,inf,full,both,inf,180.0,0.01,0.0,0.0,256,20,3,0.5,0.1,0.99,10.0,256,20,0,128,5,4.8984375,0.0,33.040148962376136,860.8773192964543,0.0,0.0,0.0390625,240.0
direct,coast,300.0,1800.0,0.1,0.09,5.0,5.5,10.0,10.0,10,100.0,inf,full,both,inf,180.0,0.01,0.0,0.0,256,20,3,0.5,0.1,0.99,10.0,256,20,0,128,5,4.8984375,0.0,33.040148962376136,860.8773192964543,0.0,0.0,0.0390625,240.0
direct,coast,300.0,1800.0,0.1,0.09,5.0,6.25,10.0,10.0,10,100.0,inf,full,both,inf,180.0,0.01,0.0,0.0,256,20,3,0.5,0.1,0.99,10.0,256,20,0,128,5,4.8984375,0.0,33.040148962376136,860.8773192964543,0.0,0.0,0.0390625,240.0
direct,coast,300.0,1800.0,0.1,0.09,5.0,7.5,10.0,10.0,10,100.0,inf,full,both,inf,180.0,0.01,0.0,0.0,256,20,3,0.5,0.1,0.99,10.0,256,20,0,128,5,4.8984375,0.0,33.040148962376136,860.8773192964543,0.0,0.0,0.0390625,240.0
direct,coast,300.0,1800.0,0.1,0.09,5.0,10.0,10.0,10.0,10,100.0,inf,full,both,inf,180.0,0.01,0.0,0.0,256,20,3,0.5,0.1,0.99,10.0,256,20,0,128,5,4.8984375,0.0,33.040148962376136,860.8773192964543,0.0,0.0,0.0390625,240.0
direct,coast,300.0,1800.0,0.1,0.09,5.0,inf,10.0,10.0,10,100.0,inf,full,both,inf,180.0,0.01,0.0,0.0,256,20,3,0.5,0.1,0.99,10.0,256,20,0,128,5,4.8984375,0.0,33.040148962376136,860.8773192964543,0.0,0.0,0.0390625,240.0
direct,coast,300.0,1800.0,0.1,0.1,5.0,1.25,10.0,10.0,10,100.0,inf,full,both,inf,180.0,0.01,0.0,0.0,256,20,3,0.5,0.1,0.99,10.0,256,20,0,128,5,4.8984375,0.0,33.040148962376136,860.8773192964543,0.0,0.0,0.0390625,240.0
direct,coast,300.0,1800.0,0.1,0.1,5.0,2.5,10.0,10.0,10,100.0,inf,full,both,inf,180.0,0.01,0.0,0.0,256,20,3,0.5,0.1,0.99,10.0,256,20,0,128,5,4.8984375,0.0,33.040148962376136,860.8773192964543,0.0,0.0,0.0390625,240.0
direct,coast,300.0,1800.0,0.1,0.1,5.0,3.75,10.0,10.0,10,100.0,inf,full,both,inf,180.0,0.01,0.0,0.0,256,20,3,0.5,0.1,0.99,10.0,256,20,0,128,5,4.8984375,0.0,33.040148962376136,860.8773192964543,0.0,0.0,0.0390625,240.0
direct,coast,300.0,1800.0,0.1,0.1,5.0,4.5,10.0,10.0,10,100.0,inf,full,both,inf,180.0,0.01,0.0,0.0,256,20,3,0.5,0.1,0.99,10.0,256,20,0,128,5,4.8984375,0.0,33.040148962376136,860.8773192964543,0.0,0.0,0.0390625,240.0
direct,coast,300.0,1800.0,0.1,0.1,5.0,5.0,10.0,10.0,10,100.0,inf,full,both,inf,180.0,0.01,0.0,0.0,256,20,3,0.5,0.1,0.99,10.0,256,20,0,128,5,4.8984375,0.0,33.040148962376136,860.8773192964543,0.0,0.0,0.0390625,240.0
direct,coast,300.0,1800.0,0.1,0.1,5.0,5.5,10.0,10.0,10,100.0,inf,full,both,inf,180.0,0.01,0.0,0.0,256,20,3,0.5,0.1,0.99,10.0,256,20,0,128,5,4.8984375,0.0,33.040148962376136,860.8773192964543,0.0,0.0,0.0390625,240.0
direct,coast,300.0,1800.0,0.1,0.1,5.0,6.25,10.0,10.0,10,100.0,inf,full,both,inf,180.0,0.01,0.0,0.0,256,20,3,0.5,0.1,0.99,10.0,256,20,0,128,5,4.8984375,0.0,33.040148962376136,860.8773192964543,0.0,0.0,0.0390625,240.0
direct,coast,300.0,1800.0,0.1,0.1,5.0,7.5,10.0,10.0,10,100.0,inf,full,both,inf,180.0,0.01,0.0,0.0,256,20,3,0.5,0.1,0.99,10.0,256,20,0,128,5,4.8984375,0.0,33.040148962376136,860.8773192964543,0.0,0.0,0.0390625,240.0
direct,coast,300.0,1800.0,0.1,0.1,5.0,10.0,10.0,10.0,10,100.0,inf,full,both,inf,180.0,0.01,0.0,0.0,256,20,3,0.5,0.1,0.99,10.0,256,20,0,128,5,4.8984375,0.0,33.040148962376136,860.8773192964543,0.0,0.0,0.0390625,240.0
direct,coast,300.0,1800.0,0.1,0.1,5.0,inf,10.0,10.0,10,100.0,inf,full,both,inf,180.0,0.01,0.0,0.0,256,20,3,0.5,0.1,0.99,10.0,256,20,0,128,5,4.8984375,0.0,33.040148962376136,860.8773192964543,0.0,0.0,0.0390625,240.0
direct,coast,300.0,1800.0,0.1,0.11,5.0,1.25,10.0,10.0,10,100.0,inf,full,both,inf,180.0,0.01,0.0,0.0,256,20,3,0.5,0.1,0.99,10.0,256,20,0,128,5,4.8984375,0.0,33.040148962376136,860.8773192964543,0.0,0.0,0.0390625,240.0
direct,coast,300.0,1800.0,0.1,0.11,5.0,2.5,10.0,10.0,10,100.0,inf,full,both,inf,180.0,0.01,0.0,0.0,256,20,3,0.5,0.1,0.99,10.0,256,20,0,128,5,4.8984375,0.0,33.040148962376136,860.8773192964543,0.0,0.0,0.0390625,240.0
direct,coast,300.0,1800.0,0.1,0.11,5.0,3.75,10.0,10.0,10,100.0,inf,full,both,inf,180.0,0.01,0.0,0.0,256,20,3,0.5,0.1,0.99,10.0,256,20,0,128,5,4.8984375,0.0,33.040148962376136,860.8773192964543,0.0,0.0,0.0390625,240.0
direct,coast,300.0,1800.0,0.1,0.11,5.0,4.5,10.0,10.0,10,100.0,inf,full,both,inf,180.0,0.01,0.0,0.0,256,20,3,0.5,0.1,0.99,10.0,256,20,0,128,5,4.8984375,0.0,33.040148962376136,860.8773192964543,0.0,0.0,0.0390625,240.0
direct,coast,300.0,1800.0,0.1,0.11,5.0,5.0,10.0,10.0,10,100.0,inf,full,both,inf,180.0,0.01,0.0,0.0,256,20,3,0.5,0.1,0.99,10.0,256,20,0,128,5,4.8984375,0.0,33.040148962376136,860.8773192964543,0.0,0.0,0.0390625,240.0
direct,coast,300.0,1800.0,0.1,0.11,5.0,5.5,10.0,10.0,10,100.0,inf,full,both,inf,180.0,0.01,0.0,0.0,256,20,3,0.5,0.1,0.99,10.0,256,20,0,128,5,4.8984375,0.0,33.040148962376136,860.8773192964543,0.0,0.0,0.0390625,240.0
direct,coast,300.0,1800.0,0.1,0.11,5.0,6.25,10.0,10.0,10,100.0,inf,full,both,inf,180.0,0.01,0.0,0.0,256,20,3,0.5,0.1,0.99,10.0,256,20,0,128,5,4.8984375,0.0,33.040148962376136,860.8773192964543,0.0,0.0,0.0390625,240.0
direct,coast,300.0,1800.0,0.1,0.11,5.0,7.5,10.0,10.0,10,100.0,inf,full,both,inf,180.0,0.01,0.0,0.0,256,20,3,0.5,0.1,0.99,10.0,256,20,0,128,5,4.8984375,0.0,33.040148962376136,860.8773192964543,0.0,0.0,0.0390625,240.0
direct,coast,300.0,1800.0,0.1,0.11,5.0,10.0,10.0,10.0,10,100.0,inf,full,both,inf,180.0,0.01,0.0,0.0,256,20,3,0.5,0.1,0.99,10.0,256,20,0,128,5,4.8984375,0.0,33.040148962376136,860.8773192964543,0.0,0.0,0.0390625,240.0
direct,coast,300.0,1800.0,0.1,0.11,5.0,inf,10.0,10.0,10,100.0,inf,full,both,inf,180.0,0.01,0.0,0.0,256,20,3,0.5,0.1,0.99,10.0,256,20,0,128,5,4.8984375,0.0,33.040148962376136,860.8773192964543,0.0,0.0,0.0390625,240.0
direct,coast,300.0,1800.0,0.1,0.125,5.0,1.25,10.0,10.0,10,100.0,inf,full,both,inf,180.0,0.01,0.0,0.0,256,20,3,0.5,0.1,0.99,10.0,256,20,0,128,5,4.8984375,0.0,33.040148962376136,860.8773192964543,0.0,0.0,0.0390625,240.0
direct,coast,300.0,1800.0,0.1,0.125,5.0,2.5,10.0,10.0,10,100.0,inf,full,both,inf,180.0,0.01,0.0,0.0,256,20,3,0.5,0.1,0.99,10.0,256,20,0,128,5,4.8984375,0.0,33.040148962376136,860.8773192964543,0.0,0.0,0.0390625,240.0
direct,coast,300.0,1800.0,0.1,0.125,5.0,3.75,10.0,10.0,10,100.0,inf,full,both,inf,180.0,0.01,0.0,0.0,256,20,3,0.5,0.1,0.99,10.0,256,20,0,128,5,4.8984375,0.0,33.040148962376136,860.8773192964543,0.0,0.0,0.0390625,240.0
direct,coast,300.0,1800.0,0.1,0.125,5.0,4.5,10.0,10.0,10,100.0,inf,full,both,inf,180.0,0.01,0.0,0.0,256,20,3,0.5,0.1,0.99,10.0,256,20,0,128,5,4.8984375,0.0,33.040148962376136,860.8773192964543,0.0,0.0,0.0390625,240.0
direct,coast,300.0,1800.0,0.1,0.125,5.0,5.0,10.0,10.0,10,100.0,inf,full,both,inf,180.0,0.01,0.0,0.0,256,20,3,0.5,0.1,0.99,10.0,256,20,0,128,5,4.8984375,0.0,33.040148962376136,860.8773192964543,0.0,0.0,0.0390625,240.0
direct,coast,300.0,1800.0,0.1,0.125,5.0,5.5,10.0,10.0,10,100.0,inf,full,both,inf,180.0,0.01,0.0,0.0,256,20,3,0.5,0.1,0.99,10.0,256,20,0,128,5,4.8984375,0.0,33.040148962376136,860.8773192964543,0.0,0.0,0.0390625,240.0
direct,coast,300.0,1800.0,0.1,0.125,5.0,6.25,10.0,10.0,10,100.0,inf,full,both,inf,180.0,0.01,0.0,0.0,256,20,3,0.5,0.1,0.99,10.0,256,20,0,128,5,4.8984375,0.0,33.040148962376136,860.8773192964543,0.0,0.0,0.0390625,240.0
direct,coast,300.0,1800.0,0.1,0.125,5.0,7.5,10.0,10.0,10,100.0,inf,full,both,inf,180.0,0.01,0.0,0.0,256,20,3,0.5,0.1,0.99,10.0,256,20,0,128,5,4.8984375,0.0,33.040148962376136,860.8773192964543,0.0,0.0,0.0390625,240.0
direct,coast,300.0,1800.0,0.1,0.125,5.0,10.0,10.0,10.0,10,100.0,inf,full,both,inf,180.0,0.01,0.0,0.0,256,20,3,0.5,0.1,0.99,10.0,256,20,0,128,5,4.8984375,0.0,33.040148962376136,860.8773192964543,0.0,0.0,0.0390625,240.0
direct,coast,300.0,1800.0,0.1,0.125,5.0,inf,10.0,10.0,10,100.0,inf,full,both,inf,180.0,0.01,0.0,0.0,256,20,3,0.5,0.1,0.99,10.0,256,20,0,128,5,4.8984375,0.0,33.040148962376136,860.8773192964543,0.0,0.0,0.0390625,240.0
direct,coast,300.0,1800.0,0.1,0.15,5.0,1.25,10.0,10.0,10,100.0,inf,full,both,inf,180.0,0.01,0.0,0.0,256,20,3,0.5,0.1,0.99,10.0,256,20,0,128,5,4.8984375,0.0,33.040148962376136,860.8773192964543,0.0,0.0,0.0390625,240.0
direct,coast,300.0,1800.0,0.1,0.15,5.0,2.5,10.0,10.0,10,100.0,inf,full,both,inf,180.0,0.01,0.0,0.0,256,20,3,0.5,0.1,0.99,10.0,256,20,0,128,5,4.8984375,0.0,33.040148962376136,860.8773192964543,0.0,0.0,0.0390625,240.0
direct,coast,300.0,1800.0,0.1,0.15,5.0,3.75,10.0,10.0,10,100.0,inf,full,both,inf,180.0,0.01,0.0,0.0,256,20,3,0.5,0.1,0.99,10.0,256,20,0,128,5,4.8984375,0.0,33.040148962376136,860.8773192964543,0.0,0.0,0.0390625,240.0
direct,coast,300.0,1800.0,0.1,0.15,5.0,4.5,10.0,10.0,10,100.0,inf,full,both,inf,180.0,0.01,0.0,0.0,256,20,3,0.5,0.1,0.99,10.0,256,20,0,128,5,4.8984375,0.0,33.040148962376136,860.8773192964543,0.0,0.0,0.0390625,240.0
direct,coast,300.0,1800.0,0.1,0.15,5.0,5.0,10.0,10.0,10,100.0,inf,full,both,inf,180.0,0.01,0.0,0.0,256,20,3,0.5,0.1,0.99,10.0,256,20,0,128,5,4.8984375,0.0,33.040148962376136,860.8773192964543,0.0,0.0,0.0390625,240.0
direct,coast,300.0,1800.0,0.1,0.15,5.0,5.5,10.0,10.0,10,100.0,inf,full,both,inf,180.0,0.01,0.0,0.0,256,20,3,0.5,0.1,0.99,10.0,256,20,0,128,5,4.8984375,0.0,33.040148962376136,860.8773192964543,0.0,0.0,0.0390625,240.0
direct,coast,300.0,1800.0,0.1,0.15,5.0,6.25,10.0,10.0,10,100.0,inf,full,both,inf,180.0,0.01,0.0,0.0,256,20,3,0.5,0.1,0.99,10.0,256,20,0,128,5,4.8984375,0.0,33.040148962376136,860.8773192964543,0.0,0.0,0.0390625,240.0
direct,coast,300.0,1800.0,0.1,0.15,5.0,7.5,10.0,10.0,10,100.0,inf,full,both,inf,180.0,0.01,0.0,0.0,256,20,3,0.5,0.1,0.99,10.0,256,20,0,128,5,4.8984375,0.0,33.040148962376136,860.8773192964543,0.0,0.0,0.0390625,240.0
direct,coast,300.0,1800.0,0.1,0.15,5.0,10.0,10.0,10.0,10,100.0,inf,full,both,inf,180.0,0.01,0.0,0.0,256,20,3,0.5,0.1,0.99,10.0,256,20,0,128,5,4.8984375,0.0,33.040148962376136,860.8773192964543,0.0,0.0,0.0390625,240.0
direct,coast,300.0,1800.0,0.1,0.15,5.0,inf,10.0,10.0,10,100.0,inf,full,both,inf,180.0,0.01,0.0,0.0,256,20,3,0.5,0.1,0.99,10.0,256,20,0,128,5,4.8984375,0.0,33.040148962376136,860.8773192964543,0.0,0.0,0.0390625,240.0
direct,coast,300.0,1800.0,0.1,0.2,5.0,1.25,10.0,10.0,10,100.0,inf,full,both,inf,180.0,0.01,0.0,0.0,256,20,3,0.5,0.1,0.99,10.0,256,20,0,128,5,4.8984375,0.0,33.040148962376136,860.8773192964543,0.0,0.0,0.0390625,240.0
direct,coast,300.0,1800.0,0.1,0.2,5.0,2.5,10.0,10.0,10,100.0,inf,full,both,inf,180.0,0.01,0.0,0.0,256,20,3,0.5,0.1,0.99,10.0,256,20,0,128,5,4.8984375,0.0,33.040148962376136,860.8773192964543,0.0,0.0,0.0390625,240.0
direct,coast,300.0,1800.0,0.1,0.2,5.0,3.75,10.0,10.0,10,100.0,inf,full,both,inf,180.0,0.01,0.0,0.0,256,20,3,0.5,0.1,0.99,10.0,256,20,0,128,5,4.8984375,0.0,33.040148962376136,860.8773192964543,0.0,0.0,0.0390625,240.0
direct,coast,300.0,1800.0,0.1,0.2,5.0,4.5,10.0,10.0,10,100.0,inf,full,both,inf,180.0,0.01,0.0,0.0,256,20,3,0.5,0.1,0.99,10.0,256,20,0,128,5,4.8984375,0.0,33.040148962376136,860.8773192964543,0.0,0.0,0.0390625,240.0
direct,coast,300.0,1800.0,0.1,0.2,5.0,5.0,10.0,10.0,10,100.0,inf,full,both,inf,180.0,0.01,0.0,0.0,256,20,3,0.5,0.1,0.99,10.0,256,20,0,128,5,4.8984375,0.0,33.040148962376136,860.8773192964543,0.0,0.0,0.0390625,240.0
direct,coast,300.0,1800.0,0.1,0.2,5.0,5.5,10.0,10.0,10,100.0,inf,full,both,inf,180.0,0.01,0.0,0.0,256,20,3,0.5,0.1,0.99,10.0,256,20,0,128,5,4.8984375,0.0,33.040148962376136,860.8773192964543,0.0,0.0,0.0390625,240.0
direct,coast,300.0,1800.0,0.1,0.2,5.0,6.25,10.0,10.0,10,100.0,inf,full,both,inf,180.0,0.01,0.0,0.0,256,20,3,0.5,0.1,0.99,10.0,256,20,0,128,5,4.8984375,0.0,33.040148962376136,860.8773192964543,0.0,0.0,0.0390625,240.0
direct,coast,300.0,1800.0,0.1,0.2,5.0,7.5,10.0,10.0,10,100.0,inf,full,both,inf,180.0,0.01,0.0,0.0,256,20,3,0.5,0.1,0.99,10.0,256,20,0,128,5,4.8984375,0.0,33.040148962376136,860.8773192964543,0.0,0.0,0.0390625,240.0
direct,coast,300.0,1800.0,0.1,0.2,5.0,10.0,10.0,10.0,10,100.0,inf,full,both,inf,180.0,0.01,0.0,0.0,256,20,3,0.5,0.1,0.99,10.0,256,20,0,128,5,4.8984375,0.0,33.040148962376136,860.8773192964543,0.0,0.0,0.0390625,240.0
direct,coast,300.0,1800.0,0.1,0.2,5.0,inf,10.0,10.0,10,100.0,inf,full,both,inf,180.0,0.01,0.0,0.0,256,20,3,0.5,0.1,0.99,10.0,256,20,0,128,5,4.8984375,0.0,33.040148962376136,860.8773192964543,0.0,0.0,0.0390625,240.0
direct,mppi_direct,300.0,1800.0,0.1,0.025,5.0,1.25,10.0,10.0,10,100.0,inf,full,both,inf,180.0,0.01,0.0,0.0,256,20,3,0.5,0.1,0.99,10.0,256,20,0,128,0,5.0,1.25,41.80447977827481,2344.556557876756,0.0,0.0,0.0,
direct,mppi_direct,300.0,1800.0,0.1,0.025,5.0,2.5,10.0,10.0,10,100.0,inf,full,both,inf,180.0,0.01,0.0,0.0,256,20,3,0.5,0.1,0.99,10.0,256,20,0,128,0,5.0,2.5,41.98584967532612,3712.543837312547,0.0,0.0,0.0,
direct,mppi_direct,300.0,1800.0,0.1,0.025,5.0,3.75,10.0,10.0,10,100.0,inf,full,both,inf,180.0,0.01,0.0,0.0,256,20,3,0.5,0.1,0.99,10.0,256,20,0,128,0,5.0,3.75,41.98584967532612,4280.1500486582245,0.0,0.0,0.0,
direct,mppi_direct,300.0,1800.0,0.1,0.025,5.0,4.5,10.0,10.0,10,100.0,inf,full,both,inf,180.0,0.01,0.0,0.0,256,20,3,0.5,0.1,0.99,10.0,256,20,0,128,0,5.0,4.239585816619406,41.98584967532612,4322.225771977871,0.0,0.0,0.0,
direct,mppi_direct,300.0,1800.0,0.1,0.025,5.0,5.0,10.0,10.0,10,100.0,inf,full,both,inf,180.0,0.01,0.0,0.0,256,20,3,0.5,0.1,0.99,10.0,256,20,0,128,0,5.0,4.24041380359644,41.98584967532612,4320.974879531773,0.0,0.0,0.0,
direct,mppi_direct,300.0,1800.0,0.1,0.025,5.0,5.5,10.0,10.0,10,100.0,inf,full,both,inf,180.0,0.01,0.0,0.0,256,20,3,0.5,0.1,0.99,10.0,256,20,0,128,0,5.0,4.240530287986132,41.98584967532612,4320.901686002081,0.0,0.0,0.0,
direct,mppi_direct,300.0,1800.0,0.1,0.025,5.0,6.25,10.0,10.0,10,100.0,inf,full,both,inf,180.0,0.01,0.0,0.0,256,20,3,0.5,0.1,0.99,10.0,256,20,0,128,0,5.0,4.2405266540092335,41.98584967532612,4320.901716347059,0.0,0.0,0.0,
direct,mppi_direct,300.0,1800.0,0.1,0.025,5.0,7.5,10.0,10.0,10,100.0,inf,full,both,inf,180.0,0.01,0.0,0.0,256,20,3,0.5,0.1,0.99,10.0,256,20,0,128,0,5.0,4.2405266540092335,41.98584967532612,4320.901716347059,0.0,0.0,0.0,
direct,mppi_direct,300.0,1800.0,0.1,0.025,5.0,10.0,10.0,10.0,10,100.0,inf,full,both,inf,180.0,0.01,0.0,0.0,256,20,3,0.5,0.1,0.99,10.0,256,20,0,128,0,5.0,4.2405266540092335,41.98584967532612,4320.901716347059,0.0,0.0,0.0,
direct,mppi_direct,300.0,1800.0,0.1,0.025,5.0,inf,10.0,10.0,10,100.0,inf,full,both,inf,180.0,0.01,0.0,0.0,256,20,3,0.5,0.1,0.99,10.0,256,20,0,128,0,5.0,4.2405266540092335,41.98584967532612,4320.901716347059,0.0,0.0,0.0,
direct,mppi_direct,300.0,1800.0,0.1,0.05,5.0,1.25,10.0,10.0,10,100.0,inf,full,both,inf,180.0,0.01,0.0,0.0,256,20,3,0.5,0.1,0.99,10.0,256,20,0,128,0,5.0,1.25,48.43989619883282,1984.0584991007192,0.0,0.0,0.0,
direct,mppi_direct,300.0,1800.0,0.1,0.05,5.0,2.5,10.0,10.0,10,100.0,inf,full,both,inf,180.0,0.01,0.0,0.0,256,20,3,0.5,0.1,0.99,10.0,256,20,0,128,0,5.0,2.5,48.55572401828833,3993.0659698454288,0.0,0.0,0.0,
direct,mppi_direct,300.0,1800.0,0.1,0.05,5.0,3.75,10.0,10.0,10,100.0,inf,full,both,inf,180.0,0.01,0.0,0.0,256,20,3,0.5,0.1,0.99,10.0,256,20,0,128,0,5.0,3.75,48.60932849045391,5555.844981337681,0.0,0.0,0.0,
direct,mppi_direct,300.0,1800.0,0.1,0.05,5.0,4.5,10.0,10.0,10,100.0,inf,full,both,inf,180.0,0.01,0.0,0.0,256,20,3,0.5,0.1,0.99,10.0,256,20,0,128,0,5.0,4.5,48.609330944905935,6276.282256195846,0.0,0.0,0.0,
direct,mppi_direct,300.0,1800.0,0.1,0.05,5.0,5.0,10.0,10.0,10,100.0,inf,full,both,inf,180.0,0.01,0.0,0.0,256,20,3,0.5,0.1,0.99,10.0,256,20,0,128,0,5.0,5.0,48.609330944905935,6676.9982866509545,0.0,0.0,0.0,
direct,mppi_direct,300.0,1800.0,0.1,0.05,5.0,5.5,10.0,10.0,10,100.0,inf,full,both,inf,180.0,0.01,0.0,0.0,256,20,3,0.5,0.1,0.99,10.0,256,20,0,128,0,5.0,5.5,48.609330944905935,7014.103941989245,0.0,0.0,0.0,
direct,mppi_direct,300.0,1800.0,0.1,0.05,5.0,6.25,10.0,10.0,10,100.0,inf,full,both,inf,180.0,0.01,0.0,0.0,256,20,3,0.5,0.1,0.99,10.0,256,20,0,128,0,5.0,6.25,48.609330944905935,7413.053350656353,0.0,0.0,0.0,
direct,mppi_direct,300.0,1800.0,0.1,0.05,5.0,7.5,10.0,10.0,10,100.0,inf,full,both,inf,180.0,0.01,0.0,0.0,256,20,3,0.5,0.1,0.99,10.0,256,20,0,128,0,5.0,7.5,48.609330944905935,7809.496604015517,0.0,0.0,0.0,
direct,mppi_direct,300.0,1800.0,0.1,0.05,5.0,10.0,10.0,10.0,10,100.0,inf,full,both,inf,180.0,0.01,0.0,0.0,256,20,3,0.5,0.1,0.99,10.0,256,20,0,128,0,5.0,8.490319444139136,48.609330944905935,7892.508219745096,0.0,0.0,0.0,
direct,mppi_direct,300.0,1800.0,0.1,0.05,5.0,inf,10.0,10.0,10,100.0,inf,full,both,inf,180.0,0.01,0.0,0.0,256,20,3,0.5,0.1,0.99,10.0,256,20,0,128,0,5.0,8.490494618183943,48.609330944905935,7892.421710384316,0.0,0.0,0.0,
direct,mppi_direct,300.0,1800.0,0.1,0.075,5.0,1.25,10.0,10.0,10,100.0,inf,full,both,inf,180.0,0.01,0.0,0.0,256,20,3,0.5,0.1,0.99,10.0,256,20,0,128,0,5.0,1.25,56.49776335276449,1679.2697476744513,0.0,0.0,0.0,
direct,mppi_direct,300.0,1800.0,0.1,0.075,5.0,2.5,10.0,10.0,10,100.0,inf,full,both,inf,180.0,0.01,0.0,0.0,256,20,3,0.5,0.1,0.99,10.0,256,20,0,128,0,5.0,2.5,56.909802212430286,3750.005033740212,0.0,0.0,0.0,
direct,mppi_direct,300.0,1800.0,0.1,0.075,5.0,3.75,10.0,10.0,10,100.0,inf,full,both,inf,180.0,0.01,0.0,0.0,256,20,3,0.5,0.1,0.99,10.0,256,20,0,128,0,5.0,3.75,56.77772551703688,5729.73376707591,0.0,0.0,0.0,
direct,mppi_direct,300.0,1800.0,0.1,0.075,5.0,4.5,10.0,10.0,10,100.0,inf,full,both,inf,180.0,0.01,0.0,0.0,256,20,3,0.5,0.1,0.99,10.0,256,20,0,128,0,5.0,4.5,56.99650889041527,6742.796587034929,0.0,0.0,0.0,
direct,mppi_direct,300.0,1800.0,0.1,0.075,5.0,5.0,10.0,10.0,10,100.0,inf,full,both,inf,180.0,0.01,0.0,0.0,256,20,3,0.5,0.1,0.99,10.0,256,20,0,128,0,5.0,5.0,57.05528422473141,7356.750132199342,0.0,0.0,0.0,
direct,mppi_direct,300.0,1800.0,0.1,0.075,5.0,5.5,10.0,10.0,10,100.0,inf,full,both,inf,180.0,0.01,0.0,0.0,256,20,3,0.5,0.1,0.99,10.0,256,20,0,128,0,5.0,5.5,57.05413545563701,7920.785167629175,0.0,0.0,0.0,
direct,mppi_direct,300.0,1800.0,0.1,0.075,5.0,6.25,10.0,10.0,10,100.0,inf,full,both,inf,180.0,0.01,0.0,0.0,256,20,3,0.5,0.1,0.99,10.0,256,20,0,128,0,5.0,6.25,57.054124621341664,8680.584652059362,0.0,0.0,0.0,
direct,mppi_direct,300.0,1800.0,0.1,0.075,5.0,7.5,10.0,10.0,10,100.0,inf,full,both,inf,180.0,0.01,0.0,0.0,256,20,3,0.5,0.1,0.99,10.0,256,20,0,128,0,5.0,7.5,57.054124621341664,9735.453923410903,0.0,0.0,0.0,
direct,mppi_direct,300.0,1800.0,0.1,0.075,5.0,10.0,10.0,10.0,10,100.0,inf,full,both,inf,180.0,0.01,0.0,0.0,256,20,3,0.5,0.1,0.99,10.0,256,20,0,128,0,5.0,10.0,57.054124621341664,11098.557575792933,0.0,0.0,0.0,
direct,mppi_direct,300.0,1800.0,0.1,0.075,5.0,inf,10.0,10.0,10,100.0,inf,full,both,inf,180.0,0.01,0.0,0.0,256,20,3,0.5,0.1,0.99,10.0,256,20,0,128,0,5.0,12.772126881194833,57.054124621341664,11577.340407723768,0.0,0.0,0.0,
direct,mppi_direct,300.0,1800.0,0.1,0.09,5.0,1.25,10.0,10.0,10,100.0,inf,full,both,inf,180.0,0.01,0.0,0.0,256,20,3,0.5,0.1,0.99,10.0,256,20,0,128,0,5.0,1.25,64.92688338991019,1575.7356509829574,0.0,0.0,0.0,
direct,mppi_direct,300.0,1800.0,0.1,0.09,5.0,2.5,10.0,10.0,10,100.0,inf,full,both,inf,180.0,0.01,0.0,0.0,256,20,3,0.5,0.1,0.99,10.0,256,20,0,128,0,5.0,2.5,62.92167719913613,3565.627897278337,0.0,0.0,0.0,
direct,mppi_direct,300.0,1800.0,0.1,0.09,5.0,3.75,10.0,10.0,10,100.0,inf,full,both,inf,180.0,0.01,0.0,0.0,256,20,3,0.5,0.1,0.99,10.0,256,20,0,128,0,5.0,3.75,62.9222532990717,5685.932883146498,0.0,0.0,0.0,
direct,mppi_direct,300.0,1800.0,0.1,0.09,5.0,4.5,10.0,10.0,10,100.0,inf,full,both,inf,180.0,0.01,0.0,0.0,256,20,3,0.5,0.1,0.99,10.0,256,20,0,128,0,5.0,4.5,62.80394147985152,6808.604340552797,0.0,0.0,0.0,
direct,mppi_direct,300.0,1800.0,0.1,0.09,5.0,5.0,10.0,10.0,10,100.0,inf,full,both,inf,180.0,0.01,0.0,0.0,256,20,3,0.5,0.1,0.99,10.0,256,20,0,128,0,5.0,5.0,62.86154040969138,7522.210060026515,0.0,0.0,0.0,
direct,mppi_direct,300.0,1800.0,0.1,0.09,5.0,5.5,10.0,10.0,10,100.0,inf,full,both,inf,180.0,0.01,0.0,0.0,256,20,3,0.5,0.1,0.99,10.0,256,20,0,128,0,5.0,5.5,62.92118207366517,8153.604250968494,0.0,0.0,0.0,
direct,mppi_direct,300.0,1800.0,0.1,0.09,5.0,6.25,10.0,10.0,10,100.0,inf,full,both,inf,180.0,0.01,0.0,0.0,256,20,3,0.5,0.1,0.99,10.0,256,20,0,128,0,5.0,6.25,62.96538620394446,9034.546134634014,0.0,0.0,0.0,
direct,mppi_direct,300.0,1800.0,0.1,0.09,5.0,7.5,10.0,10.0,10,100.0,inf,full,both,inf,180.0,0.01,0.0,0.0,256,20,3,0.5,0.1,0.99,10.0,256,20,0,128,0,5.0,7.5,62.96528324172342,10338.345477342013,0.0,0.0,0.0,
direct,mppi_direct,300.0,1800.0,0.1,0.09,5.0,10.0,10.0,10.0,10,100.0,inf,full,both,inf,180.0,0.01,0.0,0.0,256,20,3,0.5,0.1,0.99,10.0,256,20,0,128,0,5.0,10.0,62.96528324172342,12270.953177373103,0.0,0.0,0.0,
direct,mppi_direct,300.0,1800.0,0.1,0.09,5.0,inf,10.0,10.0,10,100.0,inf,full,both,inf,180.0,0.01,0.0,0.0,256,20,3,0.5,0.1,0.99,10.0,256,20,0,128,0,5.0,15.348926029527233,62.96528324172342,13828.25615791678,0.0,0.0,0.0,
direct,mppi_direct,300.0,1800.0,0.1,0.1,5.0,1.25,10.0,10.0,10,100.0,inf,full,both,inf,180.0,0.01,0.0,0.0,256,20,3,0.5,0.1,0.99,10.0,256,20,0,128,0,5.0,1.25,72.46969640956628,1534.510480180837,0.0,0.0,0.0,
direct,mppi_direct,300.0,1800.0,0.1,0.1,5.0,2.5,10.0,10.0,10,100.0,inf,full,both,inf,180.0,0.01,0.0,0.0,256,20,3,0.5,0.1,0.99,10.0,256,20,0,128,0,5.0,2.5,65.92016548561062,3441.297236788229,0.0,0.0,0.0,
direct,mppi_direct,300.0,1800.0,0.1,0.1,5.0,3.75,10.0,10.0,10,100.0,inf,full,both,inf,180.0,0.01,0.0,0.0,256,20,3,0.5,0.1,0.99,10.0,256,20,0,128,0,5.0,3.75,66.59229346707103,5622.331264235627,0.0,0.0,0.0,
direct,mppi_direct,300.0,1800.0,0.1,0.1,5.0,4.5,10.0,10.0,10,100.0,inf,full,both,inf,180.0,0.01,0.0,0.0,256,20,3,0.5,0.1,0.99,10.0,256,20,0,128,0,5.0,4.5,67.605760555953,6810.215235254103,0.0,0.0,0.0,
direct,mppi_direct,300.0,1800.0,0.1,0.1,5.0,5.0,10.0,10.0,10,100.0,inf,full,both,inf,180.0,0.01,0.0,0.0,256,20,3,0.5,0.1,0.99,10.0,256,20,0,128,0,5.0,5.0,67.05624205341185,7542.48081628614,0.0,0.0,0.0,
direct,mppi_direct,300.0,1800.0,0.1,0.1,5.0,5.5,10.0,10.0,10,100.0,inf,full,both,inf,180.0,0.01,0.0,0.0,256,20,3,0.5,0.1,0.99,10.0,256,20,0,128,0,5.0,5.5,67.35311191072769,8268.731211814862,0.0,0.0,0.0,
direct,mppi_direct,300.0,1800.0,0.1,0.1,5.0,6.25,10.0,10.0,10,100.0,inf,full,both,inf,180.0,0.01,0.0,0.0,256,20,3,0.5,0.1,0.99,10.0,256,20,0,128,0,5.0,6.25,67.38923886706839,9202.064545966574,0.0,0.0,0.0,
direct,mppi_direct,300.0,1800.0,0.1,0.1,5.0,7.5,10.0,10.0,10,100.0,inf,full,both,inf,180.0,0.01,0.0,0.0,256,20,3,0.5,0.1,0.99,10.0,256,20,0,128,0,5.0,7.5,67.4118300304323,10628.89251542964,0.0,0.0,0.0,
direct,mppi_direct,300.0,1800.0,0.1,0.1,5.0,10.0,10.0,10.0,10,100.0,inf,full,both,inf,180.0,0.01,0.0,0.0,256,20,3,0.5,0.1,0.99,10.0,256,20,0,128,0,5.0,10.0,67.41183015603482,12863.26628231267,0.0,0.0,0.0,
direct,mppi_direct,300.0,1800.0,0.1,0.1,5.0,inf,10.0,10.0,10,100.0,inf,full,both,inf,180.0,0.01,0.0,0.0,256,20,3,0.5,0.1,0.99,10.0,256,20,0,128,0,5.0,17.067008049092045,67.41183015603482,15343.184297737118,0.0,0.0,0.0,
direct,mppi_direct,300.0,1800.0,0.1,0.11,5.0,1.25,10.0,10.0,10,100.0,inf,full,both,inf,180.0,0.01,0.0,0.0,256,20,3,0.5,0.1,0.99,10.0,256,20,0,128,0,5.0,1.25,81.35660596325157,1524.423955885058,0.0,0.0,0.0,
direct,mppi_direct,300.0,1800.0,0.1,0.11,5.0,2.5,10.0,10.0,10,100.0,inf,full,both,inf,180.0,0.01,0.0,0.0,256,20,3,0.5,0.1,0.99,10.0,256,20,0,128,0,5.0,2.5,69.22267388006185,3347.4250533084573,0.0,0.0,0.0,
direct,mppi_direct,300.0,1800.0,0.1,0.11,5.0,3.75,10.0,10.0,10,100.0,inf,full,both,inf,180.0,0.01,0.0,0.0,256,20,3,0.5,0.1,0.99,10.0,256,20,0,128,0,5.0,3.75,69.34666798278397,5567.376727330819,0.0,0.0,0.0,
direct,mppi_direct,300.0,1800.0,0.1,0.11,5.0,4.5,10.0,10.0,10,100.0,inf,full,both,inf,180.0,0.01,0.0,0.0,256,20,3,0.5,0.1,0.99,10.0,256,20,0,128,0,5.0,4.5,71.23105824175401,6803.603353081231,0.0,0.0,0.0,
direct,mppi_direct,300.0,1800.0,0.1,0.11,5.0,5.0,10.0,10.0,10,100.0,inf,full,both,inf,180.0,0.01,0.0,0.0,256,20,3,0.5,0.1,0.99,10.0,256,20,0,128,0,5.0,5.0,71.12446513861083,7574.592436767385,0.0,0.0,0.0,
direct,mppi_direct,300.0,1800.0,0.1,0.11,5.0,5.5,10.0,10.0,10,100.0,inf,full,both,inf,180.0,0.01,0.0,0.0,256,20,3,0.5,0.1,0.99,10.0,256,20,0,128,0,5.0,5.5,70.8861858917893,8305.086002531956,0.0,0.0,0.0,
direct,mppi_direct,300.0,1800.0,0.1,0.11,5.0,6.25,10.0,10.0,10,100.0,inf,full,both,inf,180.0,0.01,0.0,0.0,256,20,3,0.5,0.1,0.99,10.0,256,20,0,128,0,5.0,6.25,71.11890626190201,9357.647521679562,0.0,0.0,0.0,
direct,mppi_direct,300.0,1800.0,0.1,0.11,5.0,7.5,10.0,10.0,10,100.0,inf,full,both,inf,180.0,0.01,0.0,0.0,256,20,3,0.5,0.1,0.99,10.0,256,20,0,128,0,5.0,7.5,71.1863043144979,10864.356845815635,0.0,0.0,0.0,
direct,mppi_direct,300.0,1800.0,0.1,0.11,5.0,10.0,10.0,10.0,10,100.0,inf,full,both,inf,180.0,0.01,0.0,0.0,256,20,3,0.5,0.1,0.99,10.0,256,20,0,128,0,5.0,10.0,71.18595518459155,13352.540677555446,0.0,0.0,0.0,
direct,mppi_direct,300.0,1800.0,0.1,0.11,5.0,inf,10.0,10.0,10,100.0,inf,full,both,inf,180.0,0.01,0.0,0.0,256,20,3,0.5,0.1,0.99,10.0,256,20,0,128,0,5.0,18.785509549755897,71.18595518459155,16894.50977130795,0.0,0.0,0.0,
direct,mppi_direct,300.0,1800.0,0.1,0.125,5.0,1.25,10.0,10.0,10,100.0,inf,full,both,inf,180.0,0.01,0.0,0.0,256,20,3,0.5,0.1,0.99,10.0,256,20,0,128,0,5.0,1.25,90.61911589389288,1520.6694202690028,0.0,0.0,0.0,
direct,mppi_direct,300.0,1800.0,0.1,0.125,5.0,2.5,10.0,10.0,10,100.0,inf,full,both,inf,180.0,0.01,0.0,0.0,256,20,3,0.5,0.1,0.99,10.0,256,20,0,128,0,5.0,2.5,81.00283510670458,3174.538619260973,0.0,0.0,0.0,
direct,mppi_direct,300.0,1800.0,0.1,0.125,5.0,3.75,10.0,10.0,10,100.0,inf,full,both,inf,180.0,0.01,0.0,0.0,256,20,3,0.5,0.1,0.99,10.0,256,20,0,128,0,5.0,3.75,76.61288967483257,5467.837899929813,0.0,0.0,0.0,
direct,mppi_direct,300.0,1800.0,0.1,0.125,5.0,4.5,10.0,10.0,10,100.0,inf,full,both,inf,180.0,0.01,0.0,0.0,256,20,3,0.5,0.1,0.99,10.0,256,20,0,128,0,5.0,4.5,75.86771159586527,6743.739248924018,0.0,0.0,0.0,
direct,mppi_direct,300.0,1800.0,0.1,0.125,5.0,5.0,10.0,10.0,10,100.0,inf,full,both,inf,180.0,0.01,0.0,0.0,256,20,3,0.5,0.1,0.99,10.0,256,20,0,128,0,5.0,5.0,77.33575525938001,7583.867555829175,0.0,0.0,0.0,
direct,mppi_direct,300.0,1800.0,0.1,0.125,5.0,5.5,10.0,10.0,10,100.0,inf,full,both,inf,180.0,0.01,0.0,0.0,256,20,3,0.5,0.1,0.99,10.0,256,20,0,128,0,5.0,5.5,77.43472950959158,8382.741232848872,0.0,0.0,0.0,
direct,mppi_direct,300.0,1800.0,0.1,0.125,5.0,6.25,10.0,10.0,10,100.0,inf,full,both,inf,180.0,0.01,0.0,0.0,256,20,3,0.5,0.1,0.99,10.0,256,20,0,128,0,5.0,6.25,77.3508637385754,9487.622795313946,0.0,0.0,0.0,
direct,mppi_direct,300.0,1800.0,0.1,0.125,5.0,7.5,10.0,10.0,10,100.0,inf,full,both,inf,180.0,0.01,0.0,0.0,256,20,3,0.5,0.1,0.99,10.0,256,20,0,128,0,5.0,7.5,77.68394983461855,11169.62611117224,0.0,0.0,0.0,
direct,mppi_direct,300.0,1800.0,0.1,0.125,5.0,10.0,10.0,10.0,10,100.0,inf,full,both,inf,180.0,0.01,0.0,0.0,256,20,3,0.5,0.1,0.99,10.0,256,20,0,128,0,5.0,10.0,77.73275493297699,13950.378229713251,0.0,0.0,0.0,
direct,mppi_direct,300.0,1800.0,0.1,0.125,5.0,inf,10.0,10.0,10,100.0,inf,full,both,inf,180.0,0.01,0.0,0.0,256,20,3,0.5,0.1,0.99,10.0,256,20,0,128,0,5.0,21.358537779108666,77.73275493297699,19257.48305635853,0.0,0.0,0.0,
direct,mppi_direct,300.0,1800.0,0.1,0.15,5.0,1.25,10.0,10.0,10,100.0,inf,full,both,inf,180.0,0.01,0.0,0.0,256,20,3,0.5,0.1,0.99,10.0,256,20,0,128,0,5.0,1.25,109.93035129013168,1596.937706858742,0.0,0.0,0.0,
direct,mppi_direct,300.0,1800.0,0.1,0.15,5.0,2.5,10.0,10.0,10,100.0,inf,full,both,inf,180.0,0.01,0.0,0.0,256,20,3,0.5,0.1,0.99,10.0,256,20,0,128,0,5.0,2.5,86.07032699652389,2962.967709790902,0.0,0.0,0.0,
direct,mppi_direct,300.0,1800.0,0.1,0.15,5.0,3.75,10.0,10.0,10,100.0,inf,full,both,inf,180.0,0.01,0.0,0.0,256,20,3,0.5,0.1,0.99,10.0,256,20,0,128,0,5.0,3.75,89.76761506386335,5335.703361790742,0.0,0.0,0.0,
direct,mppi_direct,300.0,1800.0,0.1,0.15,5.0,4.5,10.0,10.0,10,100.0,inf,full,both,inf,180.0,0.01,0.0,0.0,256,20,3,0.5,0.1,0.99,10.0,256,20,0,128,0,5.0,4.5,89.11622334847605,6667.2701408112025,0.0,0.0,0.0,
direct,mppi_direct,300.0,1800.0,0.1,0.15,5.0,5.0,10.0,10.0,10,100.0,inf,full,both,inf,180.0,0.01,0.0,0.0,256,20,3,0.5,0.1,0.99,10.0,256,20,0,128,0,5.0,5.0,90.61143315894782,7583.927186027751,0.0,0.0,0.0,
direct,mppi_direct,300.0,1800.0,0.1,0.15,5.0,5.5,10.0,10.0,10,100.0,inf,full,both,inf,180.0,0.01,0.0,0.0,256,20,3,0.5,0.1,0.99,10.0,256,20,0,128,0,5.0,5.5,90.98442404616245,8371.168196838185,0.0,0.0,0.0,
direct,mppi_direct,300.0,1800.0,0.1,0.15,5.0,6.25,10.0,10.0,10,100.0,inf,full,both,inf,180.0,0.01,0.0,0.0,256,20,3,0.5,0.1,0.99,10.0,256,20,0,128,0,5.0,6.25,91.64968500611472,9616.892376885631,0.0,0.0,0.0,
direct,mppi_direct,300.0,1800.0,0.1,0.15,5.0,7.5,10.0,10.0,10,100.0,inf,full,both,inf,180.0,0.01,0.0,0.0,256,20,3,0.5,0.1,0.99,10.0,256,20,0,128,0,5.0,7.5,92.10437716229296,11502.29732833519,0.0,0.0,0.0,
direct,mppi_direct,300.0,1800.0,0.1,0.15,5.0,10.0,10.0,10.0,10,100.0,inf,full,both,inf,180.0,0.01,0.0,0.0,256,20,3,0.5,0.1,0.99,10.0,256,20,0,128,0,5.0,10.0,92.5940525811696,14683.974664860663,0.0,0.0,0.0,
direct,mppi_direct,300.0,1800.0,0.1,0.15,5.0,inf,10.0,10.0,10,100.0,inf,full,both,inf,180.0,0.01,0.0,0.0,256,20,3,0.5,0.1,0.99,10.0,256,20,0,128,0,5.0,25.651420358245577,92.59461318010896,23274.96379237672,0.0,0.0,0.0,
direct,mppi_direct,300.0,1800.0,0.1,0.2,5.0,1.25,10.0,10.0,10,100.0,inf,full,both,inf,180.0,0.01,0.0,0.0,256,20,3,0.5,0.1,0.99,10.0,256,20,0,128,0,5.0,1.25,143.06389040513378,1776.1310121882452,0.0,0.0,0.0,
direct,mppi_direct,300.0,1800.0,0.1,0.2,5.0,2.5,10.0,10.0,10,100.0,inf,full,both,inf,180.0,0.01,0.0,0.0,256,20,3,0.5,0.1,0.99,10.0,256,20,0,128,0,5.0,2.5,129.88451908795793,2723.025225199919,0.0,0.0,0.0,
direct,mppi_direct,300.0,1800.0,0.1,0.2,5.0,3.75,10.0,10.0,10,100.0,inf,full,both,inf,180.0,0.01,0.0,0.0,256,20,3,0.5,0.1,0.99,10.0,256,20,0,128,0,5.0,3.75,121.34158316405764,5065.592161866169,0.0,0.0,0.0,
direct,mppi_direct,300.0,1800.0,0.1,0.2,5.0,4.5,10.0,10.0,10,100.0,inf,full,both,inf,180.0,0.01,0.0,0.0,256,20,3,0.5,0.1,0.99,10.0,256,20,0,128,0,5.0,4.5,124.26714198163349,6503.739376726251,0.0,0.0,0.0,
direct,mppi_direct,300.0,1800.0,0.1,0.2,5.0,5.0,10.0,10.0,10,100.0,inf,full,both,inf,180.0,0.01,0.0,0.0,256,20,3,0.5,0.1,0.99,10.0,256,20,0,128,0,5.0,5.0,121.35387474813405,7505.596659274674,0.0,0.0,0.0,
direct,mppi_direct,300.0,1800.0,0.1,0.2,5.0,5.5,10.0,10.0,10,100.0,inf,full,both,inf,180.0,0.01,0.0,0.0,256,20,3,0.5,0.1,0.99,10.0,256,20,0,128,0,5.0,5.5,118.52089160069409,8401.182556736525,0.0,0.0,0.0,
direct,mppi_direct,300.0,1800.0,0.1,0.2,5.0,6.25,10.0,10.0,10,100.0,inf,full,both,inf,180.0,0.01,0.0,0.0,256,20,3,0.5,0.1,0.99,10.0,256,20,0,128,0,5.0,6.25,119.89827818216752,9754.96265412104,0.0,0.0,0.0,
direct,mppi_direct,300.0,1800.0,0.1,0.2,5.0,7.5,10.0,10.0,10,100.0,inf,full,both,inf,180.0,0.01,0.0,0.0,256,20,3,0.5,0.1,0.99,10.0,256,20,0,128,0,5.0,7.5,119.70533070902287,11847.430228796546,0.0,0.0,0.0,
direct,mppi_direct,300.0,1800.0,0.1,0.2,5.0,10.0,10.0,10.0,10,100.0,inf,full,both,inf,180.0,0.01,0.0,0.0,256,20,3,0.5,0.1,0.99,10.0,256,20,0,128,0,5.0,10.0,119.48371839000394,15800.306819142112,0.0,0.0,0.0,
direct,mppi_direct,300.0,1800.0,0.1,0.2,5.0,inf,10.0,10.0,10,100.0,inf,full,both,inf,180.0,0.01,0.0,0.0,256,20,3,0.5,0.1,0.99,10.0,256,20,0,128,0,5.0,34.246756284833204,119.6470763638048,31581.870941942136,0.0,0.0,0.0,
direct,mppi_lqr,300.0,1800.0,0.1,0.025,5.0,1.25,10.0,10.0,10,100.0,inf,full,both,inf,180.0,0.01,0.0,0.0,256,20,3,0.5,0.1,0.99,10.0,256,20,0,128,4,4.925,1.224529740322929,44.05629982772647,2350.555599157384,0.0,0.0,0.03125,260.0
direct,mppi_lqr,300.0,1800.0,0.1,0.025,5.0,2.5,10.0,10.0,10,100.0,inf,full,both,inf,180.0,0.01,0.0,0.0,256,20,3,0.5,0.1,0.99,10.0,256,20,0,128,3,4.94375,2.451919938391896,45.00009294183565,3601.585986557467,0.0,0.0,0.0234375,260.0
direct,mppi_lqr,300.0,1800.0,0.1,0.025,5.0,3.75,10.0,10.0,10,100.0,inf,full,both,inf,180.0,0.01,0.0,0.0,256,20,3,0.5,0.1,0.99,10.0,256,20,0,128,3,4.94375,3.672623063391896,45.00009294183565,4095.639743543397,0.0,0.0,0.0234375,260.0
direct,mppi_lqr,300.0,1800.0,0.1,0.025,5.0,4.5,10.0,10.0,10,100.0,inf,full,both,inf,180.0,0.01,0.0,0.0,256,20,3,0.5,0.1,0.99,10.0,256,20,0,128,3,4.94375,4.039323919783869,45.00009294183565,4117.782860117634,0.0,0.0,0.0234375,260.0
direct,mppi_lqr,300.0,1800.0,0.1,0.025,5.0,5.0,10.0,10.0,10,100.0,inf,full,both,inf,180.0,0.01,0.0,0.0,256,20,3,0.5,0.1,0.99,10.0,256,20,0,128,3,4.94375,4.039812103769818,45.00009294183565,4117.047867933067,0.0,0.0,0.0234375,260.0
direct,mppi_lqr,300.0,1800.0,0.1,0.025,5.0,5.5,10.0,10.0,10,100.0,inf,full,both,inf,180.0,0.01,0.0,0.0,256,20,3,0.5,0.1,0.99,10.0,256,20,0,128,3,4.94375,4.039691359381919,45.00009294183565,4117.026748452225,0.0,0.0,0.0234375,260.0
direct,mppi_lqr,300.0,1800.0,0.1,0.025,5.0,6.25,10.0,10.0,10,100.0,inf,full,both,inf,180.0,0.01,0.0,0.0,256,20,3,0.5,0.1,0.99,10.0,256,20,0,128,3,4.94375,4.039691037760718,45.00009294183565,4117.026750258944,0.0,0.0,0.0234375,260.0
direct,mppi_lqr,300.0,1800.0,0.1,0.025,5.0,7.5,10.0,10.0,10,100.0,inf,full,both,inf,180.0,0.01,0.0,0.0,256,20,3,0.5,0.1,0.99,10.0,256,20,0,128,3,4.94375,4.039691037760718,45.00009294183565,4117.026750258944,0.0,0.0,0.0234375,260.0
direct,mppi_lqr,300.0,1800.0,0.1,0.025,5.0,10.0,10.0,10.0,10,100.0,inf,full,both,inf,180.0,0.01,0.0,0.0,256,20,3,0.5,0.1,0.99,10.0,256,20,0,128,3,4.94375,4.039691037760718,45.00009294183565,4117.026750258944,0.0,0.0,0.0234375,260.0
direct,mppi_lqr,300.0,1800.0,0.1,0.025,5.0,inf,10.0,10.0,10,100.0,inf,full,both,inf,180.0,0.01,0.0,0.0,256,20,3,0.5,0.1,0.99,10.0,256,20,0,128,3,4.94375,4.039691037760718,45.00009294183565,4117.026750258944,0.0,0.0,0.0234375,260.0
direct,mppi_lqr,300.0,1800.0,0.1,0.05,5.0,1.25,10.0,10.0,10,100.0,inf,full,both,inf,180.0,0.01,0.0,0.0,256,20,3,0.5,0.1,0.99,10.0,256,20,0,128,0,5.0,1.25,89.27531115712014,1839.490323054618,0.0,0.0,0.0,
direct,mppi_lqr,300.0,1800.0,0.1,0.05,5.0,2.5,10.0,10.0,10,100.0,inf,full,both,inf,180.0,0.01,0.0,0.0,256,20,3,0.5,0.1,0.99,10.0,256,20,0,128,3,4.953125,2.4684431560177003,73.25658232216155,3610.8706804421145,0.0,0.0,0.0234375,300.0
direct,mppi_lqr,300.0,1800.0,0.1,0.05,5.0,3.75,10.0,10.0,10,100.0,inf,full,both,inf,180.0,0.01,0.0,0.0,256,20,3,0.5,0.1,0.99,10.0,256,20,0,128,1,4.984375,3.730300134456382,79.1523140897672,5098.353356281827,0.0,0.0,0.0078125,300.0
direct,mppi_lqr,300.0,1800.0,0.1,0.05,5.0,4.5,10.0,10.0,10,100.0,inf,full,both,inf,180.0,0.01,0.0,0.0,256,20,3,0.5,0.1,0.99,10.0,256,20,0,128,1,4.984375,4.474440530844019,79.15040042402055,5827.231818657122,0.0,0.0,0.0078125,300.0
direct,mppi_lqr,300.0,1800.0,0.1,0.05,5.0,5.0,10.0,10.0,10,100.0,inf,full,both,inf,180.0,0.01,0.0,0.0,256,20,3,0.5,0.1,0.99,10.0,256,20,0,128,1,4.984375,4.970534280844019,79.15040042402055,6223.812573127826,0.0,0.0,0.0078125,300.0
direct,mppi_lqr,300.0,1800.0,0.1,0.05,5.0,5.5,10.0,10.0,10,100.0,inf,full,both,inf,180.0,0.01,0.0,0.0,256,20,3,0.5,0.1,0.99,10.0,256,20,0,128,1,4.984375,5.466628030844019,79.15040042402055,6561.573340073841,0.0,0.0,0.0078125,300.0
direct,mppi_lqr,300.0,1800.0,0.1,0.05,5.0,6.25,10.0,10.0,10,100.0,inf,full,both,inf,180.0,0.01,0.0,0.0,256,20,3,0.5,0.1,0.99,10.0,256,20,0,128,1,4.984375,6.210768655844019,79.15040042402055,6957.560031693746,0.0,0.0,0.0078125,300.0
direct,mppi_lqr,300.0,1800.0,0.1,0.05,5.0,7.5,10.0,10.0,10,100.0,inf,full,both,inf,180.0,0.01,0.0,0.0,256,20,3,0.5,0.1,0.99,10.0,256,20,0,128,1,4.984375,7.451003030844019,79.15040042402055,7349.379451614359,0.0,0.0,0.0078125,300.0
direct,mppi_lqr,300.0,1800.0,0.1,0.05,5.0,10.0,10.0,10.0,10,100.0,inf,full,both,inf,180.0,0.01,0.0,0.0,256,20,3,0.5,0.1,0.99,10.0,256,20,0,128,1,4.984375,8.424167918993744,79.15040042402055,7429.271590633822,0.0,0.0,0.0078125,300.0
direct,mppi_lqr,300.0,1800.0,0.1,0.05,5.0,inf,10.0,10.0,10,100.0,inf,full,both,inf,180.0,0.01,0.0,0.0,256,20,3,0.5,0.1,0.99,10.0,256,20,0,128,1,4.984375,8.424147057627437,79.15040042402055,7429.131521813122,0.0,0.0,0.0078125,300.0
direct,mppi_lqr,300.0,1800.0,0.1,0.075,5.0,1.25,10.0,10.0,10,100.0,inf,full,both,inf,180.0,0.01,0.0,0.0,256,20,3,0.5,0.1,0.99,10.0,256,20,0,128,0,5.0,1.25,91.19112163823748,2418.790768909098,0.0,0.0,0.0,
direct,mppi_lqr,300.0,1800.0,0.1,0.075,5.0,2.5,10.0,10.0,10,100.0,inf,full,both,inf,180.0,0.01,0.0,0.0,256,20,3,0.5,0.1,0.99,10.0,256,20,0,128,0,5.0,2.5,162.2883954722411,2869.1045587814942,0.0,0.0,0.0,
direct,mppi_lqr,300.0,1800.0,0.1,0.075,5.0,3.75,10.0,10.0,10,100.0,inf,full,both,inf,180.0,0.01,0.0,0.0,256,20,3,0.5,0.1,0.99,10.0,256,20,0,128,0,5.0,3.75,160.63863380871933,4677.177223460897,0.0,0.0,0.0,
direct,mppi_lqr,300.0,1800.0,0.1,0.075,5.0,4.5,10.0,10.0,10,100.0,inf,full,both,inf,180.0,0.01,0.0,0.0,256,20,3,0.5,0.1,0.99,10.0,256,20,0,128,0,5.0,4.5,163.11580882799657,5681.518383039274,0.0,0.0,0.0,
direct,mppi_lqr,300.0,1800.0,0.1,0.075,5.0,5.0,10.0,10.0,10,100.0,inf,full,both,inf,180.0,0.01,0.0,0.0,256,20,3,0.5,0.1,0.99,10.0,256,20,0,128,0,5.0,5.0,163.69551583534036,6309.903332774778,0.0,0.0,0.0,
direct,mppi_lqr,300.0,1800.0,0.1,0.075,5.0,5.5,10.0,10.0,10,100.0,inf,full,both,inf,180.0,0.01,0.0,0.0,256,20,3,0.5,0.1,0.99,10.0,256,20,0,128,0,5.0,5.5,163.75063014379904,6909.266856353211,0.0,0.0,0.0,
direct,mppi_lqr,300.0,1800.0,0.1,0.075,5.0,6.25,10.0,10.0,10,100.0,inf,full,both,inf,180.0,0.01,0.0,0.0,256,20,3,0.5,0.1,0.99,10.0,256,20,0,128,0,5.0,6.25,163.79116598859187,7674.082873059989,0.0,0.0,0.0,
direct,mppi_lqr,300.0,1800.0,0.1,0.075,5.0,7.5,10.0,10.0,10,100.0,inf,full,both,inf,180.0,0.01,0.0,0.0,256,20,3,0.5,0.1,0.99,10.0,256,20,0,128,0,5.0,7.5,163.79148895400292,8770.51845517658,0.0,0.0,0.0,
direct,mppi_lqr,300.0,1800.0,0.1,0.075,5.0,10.0,10.0,10.0,10,100.0,inf,full,both,inf,180.0,0.01,0.0,0.0,256,20,3,0.5,0.1,0.99,10.0,256,20,0,128,0,5.0,10.0,163.79148895400292,10181.088026781012,0.0,0.0,0.0,
direct,mppi_lqr,300.0,1800.0,0.1,0.075,5.0,inf,10.0,10.0,10,100.0,inf,full,both,inf,180.0,0.01,0.0,0.0,256,20,3,0.5,0.1,0.99,10.0,256,20,0,128,0,5.0,12.85984233532588,163.79148895400292,10694.028987215996,0.0,0.0,0.0,
direct,mppi_lqr,300.0,1800.0,0.1,0.09,5.0,1.25,10.0,10.0,10,100.0,inf,full,both,inf,180.0,0.01,0.0,0.0,256,20,3,0.5,0.1,0.99,10.0,256,20,0,128,0,5.0,1.25,86.91924719108665,2585.402222852906,0.0,0.0,0.0,
direct,mppi_lqr,300.0,1800.0,0.1,0.09,5.0,2.5,10.0,10.0,10,100.0,inf,full,both,inf,180.0,0.01,0.0,0.0,256,20,3,0.5,0.1,0.99,10.0,256,20,0,128,0,5.0,2.5,223.08404262961747,2762.13445960201,0.0,0.0,0.0,
direct,mppi_lqr,300.0,1800.0,0.1,0.09,5.0,3.75,10.0,10.0,10,100.0,inf,full,both,inf,180.0,0.01,0.0,0.0,256,20,3,0.5,0.1,0.99,10.0,256,20,0,128,0,5.0,3.75,224.89171408274984,4157.864011732643,0.0,0.0,0.0,
direct,mppi_lqr,300.0,1800.0,0.1,0.09,5.0,4.5,10.0,10.0,10,100.0,inf,full,both,inf,180.0,0.01,0.0,0.0,256,20,3,0.5,0.1,0.99,10.0,256,20,0,128,0,5.0,4.5,225.66993504576348,5215.245366102024,0.0,0.0,0.0,
direct,mppi_lqr,300.0,1800.0,0.1,0.09,5.0,5.0,10.0,10.0,10,100.0,inf,full,both,inf,180.0,0.01,0.0,0.0,256,20,3,0.5,0.1,0.99,10.0,256,20,0,128,0,5.0,5.0,225.7858207094844,5935.020748351974,0.0,0.0,0.0,
direct,mppi_lqr,300.0,1800.0,0.1,0.09,5.0,5.5,10.0,10.0,10,100.0,inf,full,both,inf,180.0,0.01,0.0,0.0,256,20,3,0.5,0.1,0.99,10.0,256,20,0,128,0,5.0,5.5,225.14124424752717,6607.341596621365,0.0,0.0,0.0,
direct,mppi_lqr,300.0,1800.0,0.1,0.09,5.0,6.25,10.0,10.0,10,100.0,inf,full,both,inf,180.0,0.01,0.0,0.0,256,20,3,0.5,0.1,0.99,10.0,256,20,0,128,0,5.0,6.25,225.046286448177,7530.4468674219825,0.0,0.0,0.0,
direct,mppi_lqr,300.0,1800.0,0.1,0.09,5.0,7.5,10.0,10.0,10,100.0,inf,full,both,inf,180.0,0.01,0.0,0.0,256,20,3,0.5,0.1,0.99,10.0,256,20,0,128,0,5.0,7.5,224.94120049497255,8864.030978715438,0.0,0.0,0.0,
direct,mppi_lqr,300.0,1800.0,0.1,0.09,5.0,10.0,10.0,10.0,10,100.0,inf,full,both,inf,180.0,0.01,0.0,0.0,256,20,3,0.5,0.1,0.99,10.0,256,20,0,128,0,5.0,10.0,224.94143434302083,10861.90698494114,0.0,0.0,0.0,
direct,mppi_lqr,300.0,1800.0,0.1,0.09,5.0,inf,10.0,10.0,10,100.0,inf,full,both,inf,180.0,0.01,0.0,0.0,256,20,3,0.5,0.1,0.99,10.0,256,20,0,128,0,5.0,15.459137468832658,224.94143434302083,12489.335751959798,0.0,0.0,0.0,
direct,mppi_lqr,300.0,1800.0,0.1,0.1,5.0,1.25,10.0,10.0,10,100.0,inf,full,both,inf,180.0,0.01,0.0,0.0,256,20,3,0.5,0.1,0.99,10.0,256,20,0,128,0,5.0,1.25,84.549075000555,2663.8882676837297,0.0,0.0,0.0,
direct,mppi_lqr,300.0,1800.0,0.1,0.1,5.0,2.5,10.0,10.0,10,100.0,inf,full,both,inf,180.0,0.01,0.0,0.0,256,20,3,0.5,0.1,0.99,10.0,256,20,0,128,0,5.0,2.5,236.33213546541148,2704.7767466163173,0.0,0.0,0.0,
direct,mppi_lqr,300.0,1800.0,0.1,0.1,5.0,3.75,10.0,10.0,10,100.0,inf,full,both,inf,180.0,0.01,0.0,0.0,256,20,3,0.5,0.1,0.99,10.0,256,20,0,128,0,5.0,3.75,260.3641093395024,3765.147169544729,0.0,0.0,0.0,
direct,mppi_lqr,300.0,1800.0,0.1,0.1,5.0,4.5,10.0,10.0,10,100.0,inf,full,both,inf,180.0,0.01,0.0,0.0,256,20,3,0.5,0.1,0.99,10.0,256,20,0,128,0,5.0,4.5,259.01163640011134,4857.222592018397,0.0,0.0,0.0,
direct,mppi_lqr,300.0,1800.0,0.1,0.1,5.0,5.0,10.0,10.0,10,100.0,inf,full,both,inf,180.0,0.01,0.0,0.0,256,20,3,0.5,0.1,0.99,10.0,256,20,0,128,0,5.0,5.0,257.0786427764962,5600.516960414755,0.0,0.0,0.0,
direct,mppi_lqr,300.0,1800.0,0.1,0.1,5.0,5.5,10.0,10.0,10,100.0,inf,full,both,inf,180.0,0.01,0.0,0.0,256,20,3,0.5,0.1,0.99,10.0,256,20,0,128,0,5.0,5.5,257.4875285438287,6314.543101639539,0.0,0.0,0.0,
direct,mppi_lqr,300.0,1800.0,0.1,0.1,5.0,6.25,10.0,10.0,10,100.0,inf,full,both,inf,180.0,0.01,0.0,0.0,256,20,3,0.5,0.1,0.99,10.0,256,20,0,128,0,5.0,6.25,257.45613223909817,7394.117870247986,0.0,0.0,0.0,
direct,mppi_lqr,300.0,1800.0,0.1,0.1,5.0,7.5,10.0,10.0,10,100.0,inf,full,both,inf,180.0,0.01,0.0,0.0,256,20,3,0.5,0.1,0.99,10.0,256,20,0,128,0,5.0,7.5,257.26698441929943,8903.03801090504,0.0,0.0,0.0,
direct,mppi_lqr,300.0,1800.0,0.1,0.1,5.0,10.0,10.0,10.0,10,100.0,inf,full,both,inf,180.0,0.01,0.0,0.0,256,20,3,0.5,0.1,0.99,10.0,256,20,0,128,0,5.0,10.0,257.2624933086665,11213.084897029052,0.0,0.0,0.0,
direct,mppi_lqr,300.0,1800.0,0.1,0.1,5.0,inf,10.0,10.0,10,100.0,inf,full,both,inf,180.0,0.01,0.0,0.0,256,20,3,0.5,0.1,0.99,10.0,256,20,0,128,0,5.0,17.18926506899396,257.26249330866875,13797.112946190477,0.0,0.0,0.0,
direct,mppi_lqr,300.0,1800.0,0.1,0.11,5.0,1.25,10.0,10.0,10,100.0,inf,full,both,inf,180.0,0.01,0.0,0.0,256,20,3,0.5,0.1,0.99,10.0,256,20,0,128,0,5.0,1.25,80.37957696569498,2713.9778766679638,0.0,0.0,0.0,
direct,mppi_lqr,300.0,1800.0,0.1,0.11,5.0,2.5,10.0,10.0,10,100.0,inf,full,both,inf,180.0,0.01,0.0,0.0,256,20,3,0.5,0.1,0.99,10.0,256,20,0,128,0,5.0,2.5,242.8891447185657,2722.0236339471658,0.0,0.0,0.0,
direct,mppi_lqr,300.0,1800.0,0.1,0.11,5.0,3.75,10.0,10.0,10,100.0,inf,full,both,inf,180.0,0.01,0.0,0.0,256,20,3,0.5,0.1,0.99,10.0,256,20,0,128,0,5.0,3.75,283.1203682901573,3400.995131448261,0.0,0.0,0.0,
direct,mppi_lqr,300.0,1800.0,0.1,0.11,5.0,4.5,10.0,10.0,10,100.0,inf,full,both,inf,180.0,0.01,0.0,0.0,256,20,3,0.5,0.1,0.99,10.0,256,20,0,128,0,5.0,4.5,280.4109315336035,4580.365560342414,0.0,0.0,0.0,
direct,mppi_lqr,300.0,1800.0,0.1,0.11,5.0,5.0,10.0,10.0,10,100.0,inf,full,both,inf,180.0,0.01,0.0,0.0,256,20,3,0.5,0.1,0.99,10.0,256,20,0,128,0,5.0,5.0,279.3495826232664,5343.726875125341,0.0,0.0,0.0,
direct,mppi_lqr,300.0,1800.0,0.1,0.11,5.0,5.5,10.0,10.0,10,100.0,inf,full,both,inf,180.0,0.01,0.0,0.0,256,20,3,0.5,0.1,0.99,10.0,256,20,0,128,0,5.0,5.5,278.86741940323105,6114.900815669311,0.0,0.0,0.0,
direct,mppi_lqr,300.0,1800.0,0.1,0.11,5.0,6.25,10.0,10.0,10,100.0,inf,full,both,inf,180.0,0.01,0.0,0.0,256,20,3,0.5,0.1,0.99,10.0,256,20,0,128,0,5.0,6.25,279.0082087377417,7194.954669316421,0.0,0.0,0.0,
direct,mppi_lqr,300.0,1800.0,0.1,0.11,5.0,7.5,10.0,10.0,10,100.0,inf,full,both,inf,180.0,0.01,0.0,0.0,256,20,3,0.5,0.1,0.99,10.0,256,20,0,128,0,5.0,7.5,278.88548331330355,8831.166873039527,0.0,0.0,0.0,
direct,mppi_lqr,300.0,1800.0,0.1,0.11,5.0,10.0,10.0,10.0,10,100.0,inf,full,both,inf,180.0,0.01,0.0,0.0,256,20,3,0.5,0.1,0.99,10.0,256,20,0,128,0,5.0,10.0,278.8757737275045,11445.58048015138,0.0,0.0,0.0,
direct,mppi_lqr,300.0,1800.0,0.1,0.11,5.0,inf,10.0,10.0,10,100.0,inf,full,both,inf,180.0,0.01,0.0,0.0,256,20,3,0.5,0.1,0.99,10.0,256,20,0,128,0,5.0,18.915918008065574,278.8757704775253,15149.294341153449,0.0,0.0,0.0,
direct,mppi_lqr,300.0,1800.0,0.1,0.125,5.0,1.25,10.0,10.0,10,100.0,inf,full,both,inf,180.0,0.01,0.0,0.0,256,20,3,0.5,0.1,0.99,10.0,256,20,0,128,0,5.0,1.25,76.37895612050488,2775.243886992638,0.0,0.0,0.0,
direct,mppi_lqr,300.0,1800.0,0.1,0.125,5.0,2.5,10.0,10.0,10,100.0,inf,full,both,inf,180.0,0.01,0.0,0.0,256,20,3,0.5,0.1,0.99,10.0,256,20,0,128,0,5.0,2.5,227.25478884412468,2797.49319463196,0.0,0.0,0.0,
direct,mppi_lqr,300.0,1800.0,0.1,0.125,5.0,3.75,10.0,10.0,10,100.0,inf,full,both,inf,180.0,0.01,0.0,0.0,256,20,3,0.5,0.1,0.99,10.0,256,20,0,128,0,5.0,3.75,292.998753063112,3080.153807788344,0.0,0.0,0.0,
direct,mppi_lqr,300.0,1800.0,0.1,0.125,5.0,4.5,10.0,10.0,10,100.0,inf,full,both,inf,180.0,0.01,0.0,0.0,256,20,3,0.5,0.1,0.99,10.0,256,20,0,128,0,5.0,4.5,293.69900237542737,4138.8103339784775,0.0,0.0,0.0,
direct,mppi_lqr,300.0,1800.0,0.1,0.125,5.0,5.0,10.0,10.0,10,100.0,inf,full,both,inf,180.0,0.01,0.0,0.0,256,20,3,0.5,0.1,0.99,10.0,256,20,0,128,0,5.0,5.0,293.35458963010484,4981.269035601979,0.0,0.0,0.0,
direct,mppi_lqr,300.0,1800.0,0.1,0.125,5.0,5.5,10.0,10.0,10,100.0,inf,full,both,inf,180.0,0.01,0.0,0.0,256,20,3,0.5,0.1,0.99,10.0,256,20,0,128,0,5.0,5.5,293.2378156104228,5840.726126814583,0.0,0.0,0.0,
direct,mppi_lqr,300.0,1800.0,0.1,0.125,5.0,6.25,10.0,10.0,10,100.0,inf,full,both,inf,180.0,0.01,0.0,0.0,256,20,3,0.5,0.1,0.99,10.0,256,20,0,128,0,5.0,6.25,292.9512196847,7031.522486148818,0.0,0.0,0.0,
direct,mppi_lqr,300.0,1800.0,0.1,0.125,5.0,7.5,10.0,10.0,10,100.0,inf,full,both,inf,180.0,0.01,0.0,0.0,256,20,3,0.5,0.1,0.99,10.0,256,20,0,128,0,5.0,7.5,292.98559022435853,8936.24680091101,0.0,0.0,0.0,
direct,mppi_lqr,300.0,1800.0,0.1,0.125,5.0,10.0,10.0,10.0,10,100.0,inf,full,both,inf,180.0,0.01,0.0,0.0,256,20,3,0.5,0.1,0.99,10.0,256,20,0,128,0,5.0,10.0,292.9692199890864,11995.557951826078,0.0,0.0,0.0,
direct,mppi_lqr,300.0,1800.0,0.1,0.125,5.0,inf,10.0,10.0,10,100.0,inf,full,both,inf,180.0,0.01,0.0,0.0,256,20,3,0.5,0.1,0.99,10.0,256,20,0,128,0,5.0,21.48600731568735,292.9692199890932,17615.53440522407,0.0,0.0,0.0,
direct,mppi_lqr,300.0,1800.0,0.1,0.15,5.0,1.25,10.0,10.0,10,100.0,inf,full,both,inf,180.0,0.01,0.0,0.0,256,20,3,0.5,0.1,0.99,10.0,256,20,0,128,0,5.0,1.25,74.12928230405208,2876.375606759058,0.0,0.0,0.0,
direct,mppi_lqr,300.0,1800.0,0.1,0.15,5.0,2.5,10.0,10.0,10,100.0,inf,full,both,inf,180.0,0.01,0.0,0.0,256,20,3,0.5,0.1,0.99,10.0,256,20,0,128,0,5.0,2.5,211.61943446992444,2891.2380489530046,0.0,0.0,0.0,
direct,mppi_lqr,300.0,1800.0,0.1,0.15,5.0,3.75,10.0,10.0,10,100.0,inf,full,both,inf,180.0,0.01,0.0,0.0,256,20,3,0.5,0.1,0.99,10.0,256,20,0,128,0,5.0,3.75,292.2916347871277,2808.337953962596,0.0,0.0,0.0,
direct,mppi_lqr,300.0,1800.0,0.1,0.15,5.0,4.5,10.0,10.0,10,100.0,inf,full,both,inf,180.0,0.01,0.0,0.0,256,20,3,0.5,0.1,0.99,10.0,256,20,0,128,0,5.0,4.5,297.0313450555121,3970.1974519096702,0.0,0.0,0.0,
direct,mppi_lqr,300.0,1800.0,0.1,0.15,5.0,5.0,10.0,10.0,10,100.0,inf,full,both,inf,180.0,0.01,0.0,0.0,256,20,3,0.5,0.1,0.99,10.0,256,20,0,128,0,5.0,5.0,297.00829585603725,4871.710259945746,0.0,0.0,0.0,
direct,mppi_lqr,300.0,1800.0,0.1,0.15,5.0,5.5,10.0,10.0,10,100.0,inf,full,both,inf,180.0,0.01,0.0,0.0,256,20,3,0.5,0.1,0.99,10.0,256,20,0,128,0,5.0,5.5,296.20397281567995,5745.494746497512,0.0,0.0,0.0,
direct,mppi_lqr,300.0,1800.0,0.1,0.15,5.0,6.25,10.0,10.0,10,100.0,inf,full,both,inf,180.0,0.01,0.0,0.0,256,20,3,0.5,0.1,0.99,10.0,256,20,0,128,0,5.0,6.25,296.20142935408853,7069.23121953932,0.0,0.0,0.0,
direct,mppi_lqr,300.0,1800.0,0.1,0.15,5.0,7.5,10.0,10.0,10,100.0,inf,full,both,inf,180.0,0.01,0.0,0.0,256,20,3,0.5,0.1,0.99,10.0,256,20,0,128,0,5.0,7.5,295.7468365713029,9206.412847990568,0.0,0.0,0.0,
direct,mppi_lqr,300.0,1800.0,0.1,0.15,5.0,10.0,10.0,10.0,10,100.0,inf,full,both,inf,180.0,0.01,0.0,0.0,256,20,3,0.5,0.1,0.99,10.0,256,20,0,128,0,5.0,10.0,295.72760794561765,12789.969002908943,0.0,0.0,0.0,
direct,mppi_lqr,300.0,1800.0,0.1,0.15,5.0,inf,10.0,10.0,10,100.0,inf,full,both,inf,180.0,0.01,0.0,0.0,256,20,3,0.5,0.1,0.99,10.0,256,20,0,128,0,5.0,25.773496141386307,295.7275779500044,21775.047787168587,0.0,0.0,0.0,
direct,mppi_lqr,300.0,1800.0,0.1,0.2,5.0,1.25,10.0,10.0,10,100.0,inf,full,both,inf,180.0,0.01,0.0,0.0,256,20,3,0.5,0.1,0.99,10.0,256,20,0,128,0,5.0,1.25,74.79261624190829,3019.348151014405,0.0,0.0,0.0,
direct,mppi_lqr,300.0,1800.0,0.1,0.2,5.0,2.5,10.0,10.0,10,100.0,inf,full,both,inf,180.0,0.01,0.0,0.0,256,20,3,0.5,0.1,0.99,10.0,256,20,0,128,0,5.0,2.5,186.17108362853747,2946.2643033316463,0.0,0.0,0.0,
direct,mppi_lqr,300.0,1800.0,0.1,0.2,5.0,3.75,10.0,10.0,10,100.0,inf,full,both,inf,180.0,0.01,0.0,0.0,256,20,3,0.5,0.1,0.99,10.0,256,20,0,128,0,5.0,3.75,286.0990200869829,2489.941421269298,0.0,0.0,0.0,
direct,mppi_lqr,300.0,1800.0,0.1,0.2,5.0,4.5,10.0,10.0,10,100.0,inf,full,both,inf,180.0,0.01,0.0,0.0,256,20,3,0.5,0.1,0.99,10.0,256,20,0,128,0,5.0,4.5,295.9858556834836,3727.708333747416,0.0,0.0,0.0,
direct,mppi_lqr,300.0,1800.0,0.1,0.2,5.0,5.0,10.0,10.0,10,100.0,inf,full,both,inf,180.0,0.01,0.0,0.0,256,20,3,0.5,0.1,0.99,10.0,256,20,0,128,0,5.0,5.0,295.8818428329419,4808.19007396188,0.0,0.0,0.0,
direct,mppi_lqr,300.0,1800.0,0.1,0.2,5.0,5.5,10.0,10.0,10,100.0,inf,full,both,inf,180.0,0.01,0.0,0.0,256,20,3,0.5,0.1,0.99,10.0,256,20,0,128,0,5.0,5.5,292.5113724031665,5916.51999813843,0.0,0.0,0.0,
direct,mppi_lqr,300.0,1800.0,0.1,0.2,5.0,6.25,10.0,10.0,10,100.0,inf,full,both,inf,180.0,0.01,0.0,0.0,256,20,3,0.5,0.1,0.99,10.0,256,20,0,128,0,5.0,6.25,292.78349320665103,7492.308084312985,0.0,0.0,0.0,
direct,mppi_lqr,300.0,1800.0,0.1,0.2,5.0,7.5,10.0,10.0,10,100.0,inf,full,both,inf,180.0,0.01,0.0,0.0,256,20,3,0.5,0.1,0.99,10.0,256,20,0,128,0,5.0,7.5,293.4325642587466,9509.898330049917,0.0,0.0,0.0,
direct,mppi_lqr,300.0,1800.0,0.1,0.2,5.0,10.0,10.0,10.0,10,100.0,inf,full,both,inf,180.0,0.01,0.0,0.0,256,20,3,0.5,0.1,0.99,10.0,256,20,0,128,0,5.0,10.0,290.738261971735,13769.189830963536,0.0,0.0,0.0,
direct,mppi_lqr,300.0,1800.0,0.1,0.2,5.0,inf,10.0,10.0,10,100.0,inf,full,both,inf,180.0,0.01,0.0,0.0,256,20,3,0.5,0.1,0.99,10.0,256,20,0,128,0,5.0,34.34792770199192,290.6614396946369,30225.322024199475,0.0,0.0,0.0,
direct,random,300.0,1800.0,0.1,0.025,5.0,1.25,10.0,10.0,10,100.0,inf,full,both,inf,180.0,0.01,0.0,0.0,256,20,3,0.5,0.1,0.99,10.0,256,20,0,128,6,4.878125,1.2133002875215593,33.17947805523831,896.2009258446267,0.0,0.0,0.046875,240.0
direct,random,300.0,1800.0,0.1,0.025,5.0,2.5,10.0,10.0,10,100.0,inf,full,both,inf,180.0,0.01,0.0,0.0,256,20,3,0.5,0.1,0.99,10.0,256,20,0,128,6,4.878125,2.4047065375215597,33.17947805523831,899.8451338121249,0.0,0.0,0.046875,240.0
direct,random,300.0,1800.0,0.1,0.025,5.0,3.75,10.0,10.0,10,100.0,inf,full,both,inf,180.0,0.01,0.0,0.0,256,20,3,0.5,0.1,0.99,10.0,256,20,0,128,6,4.878125,3.2400253442450047,33.17947805523831,901.2608719888266,0.0,0.0,0.046875,240.0
direct,random,300.0,1800.0,0.1,0.025,5.0,4.5,10.0,10.0,10,100.0,inf,full,both,inf,180.0,0.01,0.0,0.0,256,20,3,0.5,0.1,0.99,10.0,256,20,0,128,6,4.878125,3.2400253442450047,33.17947805523831,901.2608719888266,0.0,0.0,0.046875,240.0
direct,random,300.0,1800.0,0.1,0.025,5.0,5.0,10.0,10.0,10,100.0,inf,full,both,inf,180.0,0.01,0.0,0.0,256,20,3,0.5,0.1,0.99,10.0,256,20,0,128,6,4.878125,3.2400253442450047,33.17947805523831,901.2608719888266,0.0,0.0,0.046875,240.0
direct,random,300.0,1800.0,0.1,0.025,5.0,5.5,10.0,10.0,10,100.0,inf,full,both,inf,180.0,0.01,0.0,0.0,256,20,3,0.5,0.1,0.99,10.0,256,20,0,128,6,4.878125,3.2400253442450047,33.17947805523831,901.2608719888266,0.0,0.0,0.046875,240.0
direct,random,300.0,1800.0,0.1,0.025,5.0,6.25,10.0,10.0,10,100.0,inf,full,both,inf,180.0,0.01,0.0,0.0,256,20,3,0.5,0.1,0.99,10.0,256,20,0,128,6,4.878125,3.2400253442450047,33.17947805523831,901.2608719888266,0.0,0.0,0.046875,240.0
direct,random,300.0,1800.0,0.1,0.025,5.0,7.5,10.0,10.0,10,100.0,inf,full,both,inf,180.0,0.01,0.0,0.0,256,20,3,0.5,0.1,0.99,10.0,256,20,0,128,6,4.878125,3.2400253442450047,33.17947805523831,901.2608719888266,0.0,0.0,0.046875,240.0
direct,random,300.0,1800.0,0.1,0.025,5.0,10.0,10.0,10.0,10,100.0,inf,full,both,inf,180.0,0.01,0.0,0.0,256,20,3,0.5,0.1,0.99,10.0,256,20,0,128,6,4.878125,3.2400253442450047,33.17947805523831,901.2608719888266,0.0,0.0,0.046875,240.0
direct,random,300.0,1800.0,0.1,0.025,5.0,inf,10.0,10.0,10,100.0,inf,full,both,inf,180.0,0.01,0.0,0.0,256,20,3,0.5,0.1,0.99,10.0,256,20,0,128,6,4.878125,3.2400253442450047,33.17947805523831,901.2608719888266,0.0,0.0,0.046875,240.0
direct,random,300.0,1800.0,0.1,0.05,5.0,1.25,10.0,10.0,10,100.0,inf,full,both,inf,180.0,0.01,0.0,0.0,256,20,3,0.5,0.1,0.99,10.0,256,20,0,128,7,4.85625,1.2318835810982254,34.26271783547884,847.9975112119591,0.0,0.0,0.0546875,240.0
direct,random,300.0,1800.0,0.1,0.05,5.0,2.5,10.0,10.0,10,100.0,inf,full,both,inf,180.0,0.01,0.0,0.0,256,20,3,0.5,0.1,0.99,10.0,256,20,0,128,7,4.85625,2.4135242060982254,34.26271783547884,958.8166436302035,0.0,0.0,0.0546875,240.0
direct,random,300.0,1800.0,0.1,0.05,5.0,3.75,10.0,10.0,10,100.0,inf,full,both,inf,180.0,0.01,0.0,0.0,256,20,3,0.5,0.1,0.99,10.0,256,20,0,128,7,4.85625,3.5951648310982254,34.26271783547884,979.6470806944748,0.0,0.0,0.0546875,240.0
direct,random,300.0,1800.0,0.1,0.05,5.0,4.5,10.0,10.0,10,100.0,inf,full,both,inf,180.0,0.01,0.0,0.0,256,20,3,0.5,0.1,0.99,10.0,256,20,0,128,7,4.85625,4.304149206098225,34.26271783547884,970.842104807678,0.0,0.0,0.0546875,240.0
direct,random,300.0,1800.0,0.1,0.05,5.0,5.0,10.0,10.0,10,100.0,inf,full,both,inf,180.0,0.01,0.0,0.0,256,20,3,0.5,0.1,0.99,10.0,256,20,0,128,7,4.85625,4.776805456098225,34.26271783547884,979.3029370228512,0.0,0.0,0.0546875,240.0
direct,random,300.0,1800.0,0.1,0.05,5.0,5.5,10.0,10.0,10,100.0,inf,full,both,inf,180.0,0.01,0.0,0.0,256,20,3,0.5,0.1,0.99,10.0,256,20,0,128,7,4.85625,5.249461706098225,34.189149134593094,981.2839926804028,0.0,0.0,0.0546875,240.0
direct,random,300.0,1800.0,0.1,0.05,5.0,6.25,10.0,10.0,10,100.0,inf,full,both,inf,180.0,0.01,0.0,0.0,256,20,3,0.5,0.1,0.99,10.0,256,20,0,128,7,4.85625,5.958446081098225,34.26271783547884,982.4912477972176,0.0,0.0,0.0546875,240.0
direct,random,300.0,1800.0,0.1,0.05,5.0,7.5,10.0,10.0,10,100.0,inf,full,both,inf,180.0,0.01,0.0,0.0,256,20,3,0.5,0.1,0.99,10.0,256,20,0,128,7,4.85625,6.433323617030046,34.26271783547884,982.6554374590888,0.0,0.0,0.0546875,240.0
direct,random,300.0,1800.0,0.1,0.05,5.0,10.0,10.0,10.0,10,100.0,inf,full,both,inf,180.0,0.01,0.0,0.0,256,20,3,0.5,0.1,0.99,10.0,256,20,0,128,7,4.85625,6.433323617030046,34.26271783547884,982.6554374590888,0.0,0.0,0.0546875,240.0
direct,random,300.0,1800.0,0.1,0.05,5.0,inf,10.0,10.0,10,100.0,inf,full,both,inf,180.0,0.01,0.0,0.0,256,20,3,0.5,0.1,0.99,10.0,256,20,0,128,7,4.85625,6.433323617030046,34.26271783547884,982.6554374590888,0.0,0.0,0.0546875,240.0
direct,random,300.0,1800.0,0.1,0.075,5.0,1.25,10.0,10.0,10,100.0,inf,full,both,inf,180.0,0.01,0.0,0.0,256,20,3,0.5,0.1,0.99,10.0,256,20,0,128,10,4.7953125,1.2492402986858346,36.291958894764655,833.9066162256496,0.0,0.0,0.078125,240.0
direct,random,300.0,1800.0,0.1,0.075,5.0,2.5,10.0,10.0,10,100.0,inf,full,both,inf,180.0,0.01,0.0,0.0,256,20,3,0.5,0.1,0.99,10.0,256,20,0,128,11,4.775,2.401488963224463,36.59987512175706,937.5588755882374,0.0,0.0,0.0859375,240.0
direct,random,300.0,1800.0,0.1,0.075,5.0,3.75,10.0,10.0,10,100.0,inf,full,both,inf,180.0,0.01,0.0,0.0,256,20,3,0.5,0.1,0.99,10.0,256,20,0,128,11,4.775,3.544067088224463,36.59987512175706,1038.2917183300597,0.0,0.0,0.0859375,240.0
direct,random,300.0,1800.0,0.1,0.075,5.0,4.5,10.0,10.0,10,100.0,inf,full,both,inf,180.0,0.01,0.0,0.0,256,20,3,0.5,0.1,0.99,10.0,256,20,0,128,11,4.775,4.229613963224463,36.59987512175706,1045.2729944738037,0.0,0.0,0.0859375,240.0
direct,random,300.0,1800.0,0.1,0.075,5.0,5.0,10.0,10.0,10,100.0,inf,full,both,inf,180.0,0.01,0.0,0.0,256,20,3,0.5,0.1,0.99,10.0,256,20,0,128,11,4.775,4.686645213224463,36.59987512175706,1075.5330905307544,0.0,0.0,0.0859375,240.0
direct,random,300.0,1800.0,0.1,0.075,5.0,5.5,10.0,10.0,10,100.0,inf,full,both,inf,180.0,0.01,0.0,0.0,256,20,3,0.5,0.1,0.99,10.0,256,20,0,128,11,4.775,5.143676463224463,36.59987512175706,1073.809646616062,0.0,0.0,0.0859375,240.0
direct,random,300.0,1800.0,0.1,0.075,5.0,6.25,10.0,10.0,10,100.0,inf,full,both,inf,180.0,0.01,0.0,0.0,256,20,3,0.5,0.1,0.99,10.0,256,20,0,128,11,4.775,5.829223338224463,36.59987512175706,1062.0997772289245,0.0,0.0,0.0859375,240.0
direct,random,300.0,1800.0,0.1,0.075,5.0,7.5,10.0,10.0,10,100.0,inf,full,both,inf,180.0,0.01,0.0,0.0,256,20,3,0.5,0.1,0.99,10.0,256,20,0,128,11,4.775,6.971801463224463,36.59987512175706,1077.8781410891395,0.0,0.0,0.0859375,240.0
direct,random,300.0,1800.0,0.1,0.075,5.0,10.0,10.0,10.0,10,100.0,inf,full,both,inf,180.0,0.01,0.0,0.0,256,20,3,0.5,0.1,0.99,10.0,256,20,0,128,11,4.775,9.231542508459489,36.59987512175706,1086.1748891987038,0.0,0.0,0.0859375,240.0
direct,random,300.0,1800.0,0.1,0.075,5.0,inf,10.0,10.0,10,100.0,inf,full,both,inf,180.0,0.01,0.0,0.0,256,20,3,0.5,0.1,0.99,10.0,256,20,0,128,11,4.775,9.378359663910436,36.59987512175706,1086.301541803253,0.0,0.0,0.0859375,240.0
direct,random,300.0,1800.0,0.1,0.09,5.0,1.25,10.0,10.0,10,100.0,inf,full,both,inf,180.0,0.01,0.0,0.0,256,20,3,0.5,0.1,0.99,10.0,256,20,0,128,7,4.85546875,1.25,38.09976086151795,855.4310371531833,0.0,0.0,0.0546875,240.0
direct,random,300.0,1800.0,0.1,0.09,5.0,2.5,10.0,10.0,10,100.0,inf,full,both,inf,180.0,0.01,0.0,0.0,256,20,3,0.5,0.1,0.99,10.0,256,20,0,128,8,4.83515625,2.443261054956629,38.6164207620175,920.8427236135536,0.0,0.0,0.0625,240.0
direct,random,300.0,1800.0,0.1,0.09,5.0,3.75,10.0,10.0,10,100.0,inf,full,both,inf,180.0,0.01,0.0,0.0,256,20,3,0.5,0.1,0.99,10.0,256,20,0,128,8,4.83515625,3.615136054956629,38.6164207620175,1063.8481090500995,0.0,0.0,0.0625,240.0
direct,random,300.0,1800.0,0.1,0.09,5.0,4.5,10.0,10.0,10,100.0,inf,full,both,inf,180.0,0.01,0.0,0.0,256,20,3,0.5,0.1,0.99,10.0,256,20,0,128,8,4.83515625,4.318261054956629,38.6164207620175,1116.317458486191,0.0,0.0,0.0625,240.0
direct,random,300.0,1800.0,0.1,0.09,5.0,5.0,10.0,10.0,10,100.0,inf,full,both,inf,180.0,0.01,0.0,0.0,256,20,3,0.5,0.1,0.99,10.0,256,20,0,128,8,4.83515625,4.787011054956629,38.6164207620175,1112.048437681015,0.0,0.0,0.0625,240.0
direct,random,300.0,1800.0,0.1,0.09,5.0,5.5,10.0,10.0,10,100.0,inf,full,both,inf,180.0,0.01,0.0,0.0,256,20,3,0.5,0.1,0.99,10.0,256,20,0,128,8,4.83515625,5.255761054956629,38.6164207620175,1137.4941128202895,0.0,0.0,0.0625,240.0
direct,random,300.0,1800.0,0.1,0.09,5.0,6.25,10.0,10.0,10,100.0,inf,full,both,inf,180.0,0.01,0.0,0.0,256,20,3,0.5,0.1,0.99,10.0,256,20,0,128,8,4.83515625,5.958886054956629,38.6164207620175,1168.1967382569464,0.0,0.0,0.0625,240.0
direct,random,300.0,1800.0,0.1,0.09,5.0,7.5,10.0,10.0,10,100.0,inf,full,both,inf,180.0,0.01,0.0,0.0,256,20,3,0.5,0.1,0.99,10.0,256,20,0,128,8,4.83515625,7.130761054956629,38.6164207620175,1154.7668465967129,0.0,0.0,0.0625,240.0
direct,random,300.0,1800.0,0.1,0.09,5.0,10.0,10.0,10.0,10,100.0,inf,full,both,inf,180.0,0.01,0.0,0.0,256,20,3,0.5,0.1,0.99,10.0,256,20,0,128,8,4.83515625,9.47451105495663,38.6164207620175,1189.0725506330457,0.0,0.0,0.0625,240.0
direct,random,300.0,1800.0,0.1,0.09,5.0,inf,10.0,10.0,10,100.0,inf,full,both,inf,180.0,0.01,0.0,0.0,256,20,3,0.5,0.1,0.99,10.0,256,20,0,128,8,4.83515625,11.496964820851575,38.6164207620175,1187.833397649668,0.0,0.0,0.0625,240.0
direct,random,300.0,1800.0,0.1,0.1,5.0,1.25,10.0,10.0,10,100.0,inf,full,both,inf,180.0,0.01,0.0,0.0,256,20,3,0.5,0.1,0.99,10.0,256,20,0,128,8,4.8359375,1.25,39.54129460613612,864.7393581621964,0.0,0.0,0.0625,240.0
direct,random,300.0,1800.0,0.1,0.1,5.0,2.5,10.0,10.0,10,100.0,inf,full,both,inf,180.0,0.01,0.0,0.0,256,20,3,0.5,0.1,0.99,10.0,256,20,0,128,7,4.85546875,2.4594613444297937,40.21346116919273,887.9857452134836,0.0,0.0,0.0546875,240.0
direct,random,300.0,1800.0,0.1,0.1,5.0,3.75,10.0,10.0,10,100.0,inf,full,both,inf,180.0,0.01,0.0,0.0,256,20,3,0.5,0.1,0.99,10.0,256,20,0,128,7,4.85546875,3.6411019694297937,40.21346116919273,1070.8005808943697,0.0,0.0,0.0546875,240.0
direct,random,300.0,1800.0,0.1,0.1,5.0,4.5,10.0,10.0,10,100.0,inf,full,both,inf,180.0,0.01,0.0,0.0,256,20,3,0.5,0.1,0.99,10.0,256,20,0,128,7,4.85546875,4.350086344429793,40.21346116919273,1131.2469289796825,0.0,0.0,0.0546875,240.0
direct,random,300.0,1800.0,0.1,0.1,5.0,5.0,10.0,10.0,10,100.0,inf,full,both,inf,180.0,0.01,0.0,0.0,256,20,3,0.5,0.1,0.99,10.0,256,20,0,128,7,4.85546875,4.822742594429793,40.21346116919273,1168.1984517571386,0.0,0.0,0.0546875,240.0
direct,random,300.0,1800.0,0.1,0.1,5.0,5.5,10.0,10.0,10,100.0,inf,full,both,inf,180.0,0.01,0.0,0.0,256,20,3,0.5,0.1,0.99,10.0,256,20,0,128,7,4.85546875,5.295398844429793,40.21346116919273,1171.4052618070273,0.0,0.0,0.0546875,240.0
direct,random,300.0,1800.0,0.1,0.1,5.0,6.25,10.0,10.0,10,100.0,inf,full,both,inf,180.0,0.01,0.0,0.0,256,20,3,0.5,0.1,0.99,10.0,256,20,0,128,7,4.85546875,6.004383219429793,40.21346116919273,1198.5177621362304,0.0,0.0,0.0546875,240.0
direct,random,300.0,1800.0,0.1,0.1,5.0,7.5,10.0,10.0,10,100.0,inf,full,both,inf,180.0,0.01,0.0,0.0,256,20,3,0.5,0.1,0.99,10.0,256,20,0,128,7,4.85546875,7.186023844429793,40.21346116919273,1228.5287953985826,0.0,0.0,0.0546875,240.0
direct,random,300.0,1800.0,0.1,0.1,5.0,10.0,10.0,10.0,10,100.0,inf,full,both,inf,180.0,0.01,0.0,0.0,256,20,3,0.5,0.1,0.99,10.0,256,20,0,128,7,4.85546875,9.549305094429794,40.21346116919273,1237.7767385106713,0.0,0.0,0.0546875,240.0
direct,random,300.0,1800.0,0.1,0.1,5.0,inf,10.0,10.0,10,100.0,inf,full,both,inf,180.0,0.01,0.0,0.0,256,20,3,0.5,0.1,0.99,10.0,256,20,0,128,7,4.85546875,12.869194180589496,40.21346116919273,1252.240244784225,0.0,0.0,0.0546875,240.0
direct,random,300.0,1800.0,0.1,0.11,5.0,1.25,10.0,10.0,10,100.0,inf,full,both,inf,180.0,0.01,0.0,0.0,256,20,3,0.5,0.1,0.99,10.0,256,20,0,128,7,4.85859375,1.25,40.294506916186286,869.6772573868284,0.0,0.0,0.0546875,240.0
direct,random,300.0,1800.0,0.1,0.11,5.0,2.5,10.0,10.0,10,100.0,inf,full,both,inf,180.0,0.01,0.0,0.0,256,20,3,0.5,0.1,0.99,10.0,256,20,0,128,6,4.8765625,2.474428241576421,41.901327601416725,903.1533211448632,0.0,0.0,0.046875,235.0
direct,random,300.0,1800.0,0.1,0.11,5.0,3.75,10.0,10.0,10,100.0,inf,full,both,inf,180.0,0.01,0.0,0.0,256,20,3,0.5,0.1,0.99,10.0,256,20,0,128,7,4.8765625,3.665834491576421,41.6281298578872,1051.363713004325,0.0,0.0,0.0546875,240.0
direct,random,300.0,1800.0,0.1,0.11,5.0,4.5,10.0,10.0,10,100.0,inf,full,both,inf,180.0,0.01,0.0,0.0,256,20,3,0.5,0.1,0.99,10.0,256,20,0,128,6,4.8765625,4.380678241576421,41.89989403620607,1152.7235321724977,0.0,0.0,0.046875,235.0
direct,random,300.0,1800.0,0.1,0.11,5.0,5.0,10.0,10.0,10,100.0,inf,full,both,inf,180.0,0.01,0.0,0.0,256,20,3,0.5,0.1,0.99,10.0,256,20,0,128,6,4.8765625,4.857240741576421,41.89989403620607,1186.66632163011,0.0,0.0,0.046875,235.0
direct,random,300.0,1800.0,0.1,0.11,5.0,5.5,10.0,10.0,10,100.0,inf,full,both,inf,180.0,0.01,0.0,0.0,256,20,3,0.5,0.1,0.99,10.0,256,20,0,128,6,4.8765625,5.333803241576421,41.89989403620607,1225.7035205025452,0.0,0.0,0.046875,235.0
direct,random,300.0,1800.0,0.1,0.11,5.0,6.25,10.0,10.0,10,100.0,inf,full,both,inf,180.0,0.01,0.0,0.0,256,20,3,0.5,0.1,0.99,10.0,256,20,0,128,6,4.8765625,6.048646991576421,41.89989403620607,1221.0588144281662,0.0,0.0,0.046875,235.0
direct,random,300.0,1800.0,0.1,0.11,5.0,7.5,10.0,10.0,10,100.0,inf,full,both,inf,180.0,0.01,0.0,0.0,256,20,3,0.5,0.1,0.99,10.0,256,20,0,128,6,4.8765625,7.240053241576421,41.89989403620607,1292.0093449076658,0.0,0.0,0.046875,235.0
direct,random,300.0,1800.0,0.1,0.11,5.0,10.0,10.0,10.0,10,100.0,inf,full,both,inf,180.0,0.01,0.0,0.0,256,20,3,0.5,0.1,0.99,10.0,256,20,0,128,6,4.8765625,9.62286574157642,41.89989403620607,1294.136568898435,0.0,0.0,0.046875,235.0
direct,random,300.0,1800.0,0.1,0.11,5.0,inf,10.0,10.0,10,100.0,inf,full,both,inf,180.0,0.01,0.0,0.0,256,20,3,0.5,0.1,0.99,10.0,256,20,0,128,6,4.8765625,14.257106045198984,41.89989403620607,1321.6332009315263,0.0,0.0,0.046875,235.0
direct,random,300.0,1800.0,0.1,0.125,5.0,1.25,10.0,10.0,10,100.0,inf,full,both,inf,180.0,0.01,0.0,0.0,256,20,3,0.5,0.1,0.99,10.0,256,20,0,128,7,4.859375,1.25,41.64731662166325,871.7995499319125,0.0,0.0,0.0546875,240.0
direct,random,300.0,1800.0,0.1,0.125,5.0,2.5,10.0,10.0,10,100.0,inf,full,both,inf,180.0,0.01,0.0,0.0,256,20,3,0.5,0.1,0.99,10.0,256,20,0,128,5,4.89765625,2.4891173193490785,44.65664750783654,916.3873866853984,0.0,0.0,0.0390625,240.0
direct,random,300.0,1800.0,0.1,0.125,5.0,3.75,10.0,10.0,10,100.0,inf,full,both,inf,180.0,0.01,0.0,0.0,256,20,3,0.5,0.1,0.99,10.0,256,20,0,128,5,4.89765625,3.690289194349079,44.713965427236026,1040.2076591889545,0.0,0.0,0.0390625,240.0
direct,random,300.0,1800.0,0.1,0.125,5.0,4.5,10.0,10.0,10,100.0,inf,full,both,inf,180.0,0.01,0.0,0.0,256,20,3,0.5,0.1,0.99,10.0,256,20,0,128,5,4.89765625,4.410992319349079,44.713965427236026,1155.9620008019947,0.0,0.0,0.0390625,240.0
direct,random,300.0,1800.0,0.1,0.125,5.0,5.0,10.0,10.0,10,100.0,inf,full,both,inf,180.0,0.01,0.0,0.0,256,20,3,0.5,0.1,0.99,10.0,256,20,0,128,5,4.89765625,4.891461069349079,44.713965427236026,1214.988393599322,0.0,0.0,0.0390625,240.0
direct,random,300.0,1800.0,0.1,0.125,5.0,5.5,10.0,10.0,10,100.0,inf,full,both,inf,180.0,0.01,0.0,0.0,256,20,3,0.5,0.1,0.99,10.0,256,20,0,128,5,4.89765625,5.371929819349079,44.713965427236026,1256.4870249640271,0.0,0.0,0.0390625,240.0
direct,random,300.0,1800.0,0.1,0.125,5.0,6.25,10.0,10.0,10,100.0,inf,full,both,inf,180.0,0.01,0.0,0.0,256,20,3,0.5,0.1,0.99,10.0,256,20,0,128,5,4.89765625,6.092632944349079,44.713965427236026,1314.9544436542833,0.0,0.0,0.0390625,240.0
direct,random,300.0,1800.0,0.1,0.125,5.0,7.5,10.0,10.0,10,100.0,inf,full,both,inf,180.0,0.01,0.0,0.0,256,20,3,0.5,0.1,0.99,10.0,256,20,0,128,5,4.89765625,7.293804819349079,44.713965427236026,1333.7167638967671,0.0,0.0,0.0390625,240.0
direct,random,300.0,1800.0,0.1,0.125,5.0,10.0,10.0,10.0,10,100.0,inf,full,both,inf,180.0,0.01,0.0,0.0,256,20,3,0.5,0.1,0.99,10.0,256,20,0,128,5,4.89765625,9.69614856934908,44.713965427236026,1403.135797676267,0.0,0.0,0.0390625,240.0
direct,random,300.0,1800.0,0.1,0.125,5.0,inf,10.0,10.0,10,100.0,inf,full,both,inf,180.0,0.01,0.0,0.0,256,20,3,0.5,0.1,0.99,10.0,256,20,0,128,5,4.89765625,16.316825625749857,44.713965427236026,1434.015066204804,0.0,0.0,0.0390625,240.0
direct,random,300.0,1800.0,0.1,0.15,5.0,1.25,10.0,10.0,10,100.0,inf,full,both,inf,180.0,0.01,0.0,0.0,256,20,3,0.5,0.1,0.99,10.0,256,20,0,128,4,4.91953125,1.25,45.53535115255106,912.2007316502504,0.0,0.0,0.03125,235.0
direct,random,300.0,1800.0,0.1,0.15,5.0,2.5,10.0,10.0,10,100.0,inf,full,both,inf,180.0,0.01,0.0,0.0,256,20,3,0.5,0.1,0.99,10.0,256,20,0,128,2,4.9578125,2.497785611445814,49.32765341128715,943.201854954808,0.0,0.0,0.015625,230.0
direct,random,300.0,1800.0,0.1,0.15,5.0,3.75,10.0,10.0,10,100.0,inf,full,both,inf,180.0,0.01,0.0,0.0,256,20,3,0.5,0.1,0.99,10.0,256,20,0,128,3,4.9375,3.7234126305813504,49.94056735315122,1003.6648962530955,0.0,0.0,0.0234375,240.0
direct,random,300.0,1800.0,0.1,0.15,5.0,4.5,10.0,10.0,10,100.0,inf,full,both,inf,180.0,0.01,0.0,0.0,256,20,3,0.5,0.1,0.99,10.0,256,20,0,128,3,4.9375,4.45583450558135,49.94056735315122,1126.768943454141,0.0,0.0,0.0234375,240.0
direct,random,300.0,1800.0,0.1,0.15,5.0,5.0,10.0,10.0,10,100.0,inf,full,both,inf,180.0,0.01,0.0,0.0,256,20,3,0.5,0.1,0.99,10.0,256,20,0,128,3,4.9375,4.94411575558135,49.738074297519134,1213.947635782701,0.0,0.0,0.0234375,240.0
direct,random,300.0,1800.0,0.1,0.15,5.0,5.5,10.0,10.0,10,100.0,inf,full,both,inf,180.0,0.01,0.0,0.0,256,20,3,0.5,0.1,0.99,10.0,256,20,0,128,3,4.9375,5.43239700558135,49.94056735315122,1283.9029990750653,0.0,0.0,0.0234375,240.0
direct,random,300.0,1800.0,0.1,0.15,5.0,6.25,10.0,10.0,10,100.0,inf,full,both,inf,180.0,0.01,0.0,0.0,256,20,3,0.5,0.1,0.99,10.0,256,20,0,128,3,4.9375,6.16481888058135,49.94056735315122,1350.7116614944075,0.0,0.0,0.0234375,240.0
direct,random,300.0,1800.0,0.1,0.15,5.0,7.5,10.0,10.0,10,100.0,inf,full,both,inf,180.0,0.01,0.0,0.0,256,20,3,0.5,0.1,0.99,10.0,256,20,0,128,3,4.9375,7.38552200558135,49.94056735315122,1465.4949451226926,0.0,0.0,0.0234375,240.0
direct,random,300.0,1800.0,0.1,0.15,5.0,10.0,10.0,10.0,10,100.0,inf,full,both,inf,180.0,0.01,0.0,0.0,256,20,3,0.5,0.1,0.99,10.0,256,20,0,128,3,4.9375,9.82692825558135,49.94056735315122,1562.8916373922425,0.0,0.0,0.0234375,240.0
direct,random,300.0,1800.0,0.1,0.15,5.0,inf,10.0,10.0,10,100.0,inf,full,both,inf,180.0,0.01,0.0,0.0,256,20,3,0.5,0.1,0.99,10.0,256,20,0,128,3,4.9375,19.84670226198704,49.88799998961246,1629.350401456344,0.0,0.0,0.0234375,240.0
direct,random,300.0,1800.0,0.1,0.2,5.0,1.25,10.0,10.0,10,100.0,inf,full,both,inf,180.0,0.01,0.0,0.0,256,20,3,0.5,0.1,0.99,10.0,256,20,0,128,6,4.87578125,1.25,51.76847772005169,929.7135873262844,0.0,0.0,0.046875,230.0
direct,random,300.0,1800.0,0.1,0.2,5.0,2.5,10.0,10.0,10,100.0,inf,full,both,inf,180.0,0.01,0.0,0.0,256,20,3,0.5,0.1,0.99,10.0,256,20,0,128,2,4.9578125,2.5,58.54519001035454,1049.599009067848,0.0,0.0,0.015625,230.0
direct,random,300.0,1800.0,0.1,0.2,5.0,3.75,10.0,10.0,10,100.0,inf,full,both,inf,180.0,0.01,0.0,0.0,256,20,3,0.5,0.1,0.99,10.0,256,20,0,128,2,4.9578125,3.743792273594418,61.09245456863742,1095.2833188019754,0.0,0.0,0.015625,230.0
direct,random,300.0,1800.0,0.1,0.2,5.0,4.5,10.0,10.0,10,100.0,inf,full,both,inf,180.0,0.01,0.0,0.0,256,20,3,0.5,0.1,0.99,10.0,256,20,0,128,3,4.940625,4.480590840077236,61.38697722985351,1129.827459000029,0.0,0.0,0.0234375,250.0
direct,random,300.0,1800.0,0.1,0.2,5.0,5.0,10.0,10.0,10,100.0,inf,full,both,inf,180.0,0.01,0.0,0.0,256,20,3,0.5,0.1,0.99,10.0,256,20,0,128,3,4.940625,4.968872090077236,61.35325008492429,1143.7725794908183,0.0,0.0,0.0234375,250.0
direct,random,300.0,1800.0,0.1,0.2,5.0,5.5,10.0,10.0,10,100.0,inf,full,both,inf,180.0,0.01,0.0,0.0,256,20,3,0.5,0.1,0.99,10.0,256,20,0,128,3,4.940625,5.457153340077236,61.1097787645553,1241.63429751899,0.0,0.0,0.0234375,250.0
direct,random,300.0,1800.0,0.1,0.2,5.0,6.25,10.0,10.0,10,100.0,inf,full,both,inf,180.0,0.01,0.0,0.0,256,20,3,0.5,0.1,0.99,10.0,256,20,0,128,3,4.940625,6.189575215077236,61.11770653153537,1372.354736907135,0.0,0.0,0.0234375,250.0
direct,random,300.0,1800.0,0.1,0.2,5.0,7.5,10.0,10.0,10,100.0,inf,full,both,inf,180.0,0.01,0.0,0.0,256,20,3,0.5,0.1,0.99,10.0,256,20,0,128,3,4.940625,7.410278340077236,61.311680563552855,1516.772859931623,0.0,0.0,0.0234375,250.0
direct,random,300.0,1800.0,0.1,0.2,5.0,10.0,10.0,10.0,10,100.0,inf,full,both,inf,180.0,0.01,0.0,0.0,256,20,3,0.5,0.1,0.99,10.0,256,20,0,128,3,4.940625,9.851684590077236,61.31543869898305,1758.0378119526254,0.0,0.0,0.0234375,250.0
direct,random,300.0,1800.0,0.1,0.2,5.0,inf,10.0,10.0,10,100.0,inf,full,both,inf,180.0,0.01,0.0,0.0,256,20,3,0.5,0.1,0.99,10.0,256,20,0,128,3,4.940625,26.46415476998761,61.31543869898305,1997.0645774308296,0.0,0.0,0.0234375,250.0
direct,transverse,300.0,1800.0,0.1,0.025,5.0,1.25,10.0,10.0,10,100.0,inf,full,both,inf,180.0,0.01,0.0,0.0,256,20,3,0.5,0.1,0.99,10.0,256,20,0,128,14,4.71875,1.1796875,21.44543583181265,940.8198940823164,0.0,0.0,0.109375,240.0
direct,transverse,300.0,1800.0,0.1,0.025,5.0,2.5,10.0,10.0,10,100.0,inf,full,both,inf,180.0,0.01,0.0,0.0,256,20,3,0.5,0.1,0.99,10.0,256,20,0,128,14,4.71875,2.29296875,21.44543583181265,1740.2955218721247,0.0,0.0,0.109375,240.0
direct,transverse,300.0,1800.0,0.1,0.025,5.0,3.75,10.0,10.0,10,100.0,inf,full,both,inf,180.0,0.01,0.0,0.0,256,20,3,0.5,0.1,0.99,10.0,256,20,0,128,14,4.71875,3.40625,21.44543583181265,1968.325641256077,0.0,0.0,0.109375,240.0
direct,transverse,300.0,1800.0,0.1,0.025,5.0,4.5,10.0,10.0,10,100.0,inf,full,both,inf,180.0,0.01,0.0,0.0,256,20,3,0.5,0.1,0.99,10.0,256,20,0,128,14,4.71875,4.0742187499999964,21.44543583181265,1981.1126031424883,0.0,0.0,0.109375,240.0
direct,transverse,300.0,1800.0,0.1,0.025,5.0,5.0,10.0,10.0,10,100.0,inf,full,both,inf,180.0,0.01,0.0,0.0,256,20,3,0.5,0.1,0.99,10.0,256,20,0,128,14,4.71875,4.0742187499999964,21.44543583181265,1981.1126031424883,0.0,0.0,0.109375,240.0
direct,transverse,300.0,1800.0,0.1,0.025,5.0,5.5,10.0,10.0,10,100.0,inf,full,both,inf,180.0,0.01,0.0,0.0,256,20,3,0.5,0.1,0.99,10.0,256,20,0,128,14,4.71875,4.0742187499999964,21.44543583181265,1981.1126031424883,0.0,0.0,0.109375,240.0
direct,transverse,300.0,1800.0,0.1,0.025,5.0,6.25,10.0,10.0,10,100.0,inf,full,both,inf,180.0,0.01,0.0,0.0,256,20,3,0.5,0.1,0.99,10.0,256,20,0,128,14,4.71875,4.0742187499999964,21.44543583181265,1981.1126031424883,0.0,0.0,0.109375,240.0
direct,transverse,300.0,1800.0,0.1,0.025,5.0,7.5,10.0,10.0,10,100.0,inf,full,both,inf,180.0,0.01,0.0,0.0,256,20,3,0.5,0.1,0.99,10.0,256,20,0,128,14,4.71875,4.0742187499999964,21.44543583181265,1981.1126031424883,0.0,0.0,0.109375,240.0
direct,transverse,300.0,1800.0,0.1,0.025,5.0,10.0,10.0,10.0,10,100.0,inf,full,both,inf,180.0,0.01,0.0,0.0,256,20,3,0.5,0.1,0.99,10.0,256,20,0,128,14,4.71875,4.0742187499999964,21.44543583181265,1981.1126031424883,0.0,0.0,0.109375,240.0
direct,transverse,300.0,1800.0,0.1,0.025,5.0,inf,10.0,10.0,10,100.0,inf,full,both,inf,180.0,0.01,0.0,0.0,256,20,3,0.5,0.1,0.99,10.0,256,20,0,128,14,4.71875,4.0742187499999964,21.44543583181265,1981.1126031424883,0.0,0.0,0.109375,240.0
direct,transverse,300.0,1800.0,0.1,0.05,5.0,1.25,10.0,10.0,10,100.0,inf,full,both,inf,180.0,0.01,0.0,0.0,256,20,3,0.5,0.1,0.99,10.0,256,20,0,128,0,5.0,1.25,71.44174613498777,1121.215935654067,0.0,0.0,0.0,
direct,transverse,300.0,1800.0,0.1,0.05,5.0,2.5,10.0,10.0,10,100.0,inf,full,both,inf,180.0,0.01,0.0,0.0,256,20,3,0.5,0.1,0.99,10.0,256,20,0,128,0,5.0,2.5,71.44174613498777,2442.6483712660324,0.0,0.0,0.0,
direct,transverse,300.0,1800.0,0.1,0.05,5.0,3.75,10.0,10.0,10,100.0,inf,full,both,inf,180.0,0.01,0.0,0.0,256,20,3,0.5,0.1,0.99,10.0,256,20,0,128,0,5.0,3.75,71.44174613498777,3488.42843607521,0.0,0.0,0.0,
direct,transverse,300.0,1800.0,0.1,0.05,5.0,4.5,10.0,10.0,10,100.0,inf,full,both,inf,180.0,0.01,0.0,0.0,256,20,3,0.5,0.1,0.99,10.0,256,20,0,128,0,5.0,4.5,71.44174613498777,3877.554416500178,0.0,0.0,0.0,
direct,transverse,300.0,1800.0,0.1,0.05,5.0,5.0,10.0,10.0,10,100.0,inf,full,both,inf,180.0,0.01,0.0,0.0,256,20,3,0.5,0.1,0.99,10.0,256,20,0,128,0,5.0,5.0,71.44174613498777,4064.425850227918,0.0,0.0,0.0,
direct,transverse,300.0,1800.0,0.1,0.05,5.0,5.5,10.0,10.0,10,100.0,inf,full,both,inf,180.0,0.01,0.0,0.0,256,20,3,0.5,0.1,0.99,10.0,256,20,0,128,0,5.0,5.5,71.44174613498777,4205.976152766979,0.0,0.0,0.0,
direct,transverse,300.0,1800.0,0.1,0.05,5.0,6.25,10.0,10.0,10,100.0,inf,full,both,inf,180.0,0.01,0.0,0.0,256,20,3,0.5,0.1,0.99,10.0,256,20,0,128,0,5.0,6.25,71.44174613498777,4351.489281312088,0.0,0.0,0.0,
direct,transverse,300.0,1800.0,0.1,0.05,5.0,7.5,10.0,10.0,10,100.0,inf,full,both,inf,180.0,0.01,0.0,0.0,256,20,3,0.5,0.1,0.99,10.0,256,20,0,128,0,5.0,7.5,71.44174613498777,4467.883452592239,0.0,0.0,0.0,
direct,transverse,300.0,1800.0,0.1,0.05,5.0,10.0,10.0,10.0,10,100.0,inf,full,both,inf,180.0,0.01,0.0,0.0,256,20,3,0.5,0.1,0.99,10.0,256,20,0,128,0,5.0,8.999999999999993,71.44174613498777,4492.416951175939,0.0,0.0,0.0,
direct,transverse,300.0,1800.0,0.1,0.05,5.0,inf,10.0,10.0,10,100.0,inf,full,both,inf,180.0,0.01,0.0,0.0,256,20,3,0.5,0.1,0.99,10.0,256,20,0,128,0,5.0,8.999999999999993,71.44174613498777,4492.416951175939,0.0,0.0,0.0,
direct,transverse,300.0,1800.0,0.1,0.075,5.0,1.25,10.0,10.0,10,100.0,inf,full,both,inf,180.0,0.01,0.0,0.0,256,20,3,0.5,0.1,0.99,10.0,256,20,0,128,0,5.0,1.25,108.69460194455594,1227.3306054538796,0.0,0.0,0.0,
direct,transverse,300.0,1800.0,0.1,0.075,5.0,2.5,10.0,10.0,10,100.0,inf,full,both,inf,180.0,0.01,0.0,0.0,256,20,3,0.5,0.1,0.99,10.0,256,20,0,128,0,5.0,2.5,117.7317594991818,2444.101808879718,0.0,0.0,0.0,
direct,transverse,300.0,1800.0,0.1,0.075,5.0,3.75,10.0,10.0,10,100.0,inf,full,both,inf,180.0,0.01,0.0,0.0,256,20,3,0.5,0.1,0.99,10.0,256,20,0,128,0,5.0,3.75,117.7317594991818,3777.010118110436,0.0,0.0,0.0,
direct,transverse,300.0,1800.0,0.1,0.075,5.0,4.5,10.0,10.0,10,100.0,inf,full,both,inf,180.0,0.01,0.0,0.0,256,20,3,0.5,0.1,0.99,10.0,256,20,0,128,0,5.0,4.5,117.7317594991818,4460.701635901523,0.0,0.0,0.0,
direct,transverse,300.0,1800.0,0.1,0.075,5.0,5.0,10.0,10.0,10,100.0,inf,full,both,inf,180.0,0.01,0.0,0.0,256,20,3,0.5,0.1,0.99,10.0,256,20,0,128,0,5.0,5.0,117.7317594991818,4841.152867609014,0.0,0.0,0.0,
direct,transverse,300.0,1800.0,0.1,0.075,5.0,5.5,10.0,10.0,10,100.0,inf,full,both,inf,180.0,0.01,0.0,0.0,256,20,3,0.5,0.1,0.99,10.0,256,20,0,128,0,5.0,5.5,117.7317594991818,5167.344970840888,0.0,0.0,0.0,
direct,transverse,300.0,1800.0,0.1,0.075,5.0,6.25,10.0,10.0,10,100.0,inf,full,both,inf,180.0,0.01,0.0,0.0,256,20,3,0.5,0.1,0.99,10.0,256,20,0,128,0,5.0,6.25,117.7317594991818,5569.4621287203,0.0,0.0,0.0,
direct,transverse,300.0,1800.0,0.1,0.075,5.0,7.5,10.0,10.0,10,100.0,inf,full,both,inf,180.0,0.01,0.0,0.0,256,20,3,0.5,0.1,0.99,10.0,256,20,0,128,0,5.0,7.5,117.7317594991818,6056.076966220051,0.0,0.0,0.0,
direct,transverse,300.0,1800.0,0.1,0.075,5.0,10.0,10.0,10.0,10,100.0,inf,full,both,inf,180.0,0.01,0.0,0.0,256,20,3,0.5,0.1,0.99,10.0,256,20,0,128,0,5.0,10.0,117.7317594991818,6554.701147506479,0.0,0.0,0.0,
direct,transverse,300.0,1800.0,0.1,0.075,5.0,inf,10.0,10.0,10,100.0,inf,full,both,inf,180.0,0.01,0.0,0.0,256,20,3,0.5,0.1,0.99,10.0,256,20,0,128,0,5.0,13.49999999999996,117.7317594991818,6685.971554556949,0.0,0.0,0.0,
direct,transverse,300.0,1800.0,0.1,0.09,5.0,1.25,10.0,10.0,10,100.0,inf,full,both,inf,180.0,0.01,0.0,0.0,256,20,3,0.5,0.1,0.99,10.0,256,20,0,128,0,5.0,1.25,120.27909123695196,1334.5860031724335,0.0,0.0,0.0,
direct,transverse,300.0,1800.0,0.1,0.09,5.0,2.5,10.0,10.0,10,100.0,inf,full,both,inf,180.0,0.01,0.0,0.0,256,20,3,0.5,0.1,0.99,10.0,256,20,0,128,0,5.0,2.5,141.95663691774502,2327.278234427448,0.0,0.0,0.0,
direct,transverse,300.0,1800.0,0.1,0.09,5.0,3.75,10.0,10.0,10,100.0,inf,full,both,inf,180.0,0.01,0.0,0.0,256,20,3,0.5,0.1,0.99,10.0,256,20,0,128,0,5.0,3.75,141.95663691774502,3803.2265443191327,0.0,0.0,0.0,
direct,transverse,300.0,1800.0,0.1,0.09,5.0,4.5,10.0,10.0,10,100.0,inf,full,both,inf,180.0,0.01,0.0,0.0,256,20,3,0.5,0.1,0.99,10.0,256,20,0,128,0,5.0,4.5,141.95663691774502,4567.950812902726,0.0,0.0,0.0,
direct,transverse,300.0,1800.0,0.1,0.09,5.0,5.0,10.0,10.0,10,100.0,inf,full,both,inf,180.0,0.01,0.0,0.0,256,20,3,0.5,0.1,0.99,10.0,256,20,0,128,0,5.0,5.0,141.95663691774502,5025.655928862875,0.0,0.0,0.0,
direct,transverse,300.0,1800.0,0.1,0.09,5.0,5.5,10.0,10.0,10,100.0,inf,full,both,inf,180.0,0.01,0.0,0.0,256,20,3,0.5,0.1,0.99,10.0,256,20,0,128,0,5.0,5.5,141.95663691774502,5435.523642489768,0.0,0.0,0.0,
direct,transverse,300.0,1800.0,0.1,0.09,5.0,6.25,10.0,10.0,10,100.0,inf,full,both,inf,180.0,0.01,0.0,0.0,256,20,3,0.5,0.1,0.99,10.0,256,20,0,128,0,5.0,6.25,141.95663691774502,5963.738989707666,0.0,0.0,0.0,
direct,transverse,300.0,1800.0,0.1,0.09,5.0,7.5,10.0,10.0,10,100.0,inf,full,both,inf,180.0,0.01,0.0,0.0,256,20,3,0.5,0.1,0.99,10.0,256,20,0,128,0,5.0,7.5,141.95663691774502,6650.14172381957,0.0,0.0,0.0,
direct,transverse,300.0,1800.0,0.1,0.09,5.0,10.0,10.0,10.0,10,100.0,inf,full,both,inf,180.0,0.01,0.0,0.0,256,20,3,0.5,0.1,0.99,10.0,256,20,0,128,0,5.0,10.0,141.95663691774502,7494.832970054004,0.0,0.0,0.0,
direct,transverse,300.0,1800.0,0.1,0.09,5.0,inf,10.0,10.0,10,100.0,inf,full,both,inf,180.0,0.01,0.0,0.0,256,20,3,0.5,0.1,0.99,10.0,256,20,0,128,0,5.0,16.19999999999998,141.95663691774502,7983.594516632707,0.0,0.0,0.0,
direct,transverse,300.0,1800.0,0.1,0.1,5.0,1.25,10.0,10.0,10,100.0,inf,full,both,inf,180.0,0.01,0.0,0.0,256,20,3,0.5,0.1,0.99,10.0,256,20,0,128,0,5.0,1.25,125.41882716559196,1391.2011279783922,0.0,0.0,0.0,
direct,transverse,300.0,1800.0,0.1,0.1,5.0,2.5,10.0,10.0,10,100.0,inf,full,both,inf,180.0,0.01,0.0,0.0,256,20,3,0.5,0.1,0.99,10.0,256,20,0,128,0,5.0,2.5,156.28903428473154,2203.961970154528,0.0,0.0,0.0,
direct,transverse,300.0,1800.0,0.1,0.1,5.0,3.75,10.0,10.0,10,100.0,inf,full,both,inf,180.0,0.01,0.0,0.0,256,20,3,0.5,0.1,0.99,10.0,256,20,0,128,0,5.0,3.75,156.28903428473154,3811.712484919408,0.0,0.0,0.0,
direct,transverse,300.0,1800.0,0.1,0.1,5.0,4.5,10.0,10.0,10,100.0,inf,full,both,inf,180.0,0.01,0.0,0.0,256,20,3,0.5,0.1,0.99,10.0,256,20,0,128,0,5.0,4.5,156.28903428473154,4607.307701750719,0.0,0.0,0.0,
direct,transverse,300.0,1800.0,0.1,0.1,5.0,5.0,10.0,10.0,10,100.0,inf,full,both,inf,180.0,0.01,0.0,0.0,256,20,3,0.5,0.1,0.99,10.0,256,20,0,128,0,5.0,5.0,156.28903428473154,5097.62846682622,0.0,0.0,0.0,
direct,transverse,300.0,1800.0,0.1,0.1,5.0,5.5,10.0,10.0,10,100.0,inf,full,both,inf,180.0,0.01,0.0,0.0,256,20,3,0.5,0.1,0.99,10.0,256,20,0,128,0,5.0,5.5,156.28903428473154,5546.804726463765,0.0,0.0,0.0,
direct,transverse,300.0,1800.0,0.1,0.1,5.0,6.25,10.0,10.0,10,100.0,inf,full,both,inf,180.0,0.01,0.0,0.0,256,20,3,0.5,0.1,0.99,10.0,256,20,0,128,0,5.0,6.25,156.28903428473154,6140.36008390722,0.0,0.0,0.0,
direct,transverse,300.0,1800.0,0.1,0.1,5.0,7.5,10.0,10.0,10,100.0,inf,full,both,inf,180.0,0.01,0.0,0.0,256,20,3,0.5,0.1,0.99,10.0,256,20,0,128,0,5.0,7.5,156.28903428473154,6940.710340011421,0.0,0.0,0.0,
direct,transverse,300.0,1800.0,0.1,0.1,5.0,10.0,10.0,10.0,10,100.0,inf,full,both,inf,180.0,0.01,0.0,0.0,256,20,3,0.5,0.1,0.99,10.0,256,20,0,128,0,5.0,10.0,156.28903428473154,7996.631795538523,0.0,0.0,0.0,
direct,transverse,300.0,1800.0,0.1,0.1,5.0,inf,10.0,10.0,10,100.0,inf,full,both,inf,180.0,0.01,0.0,0.0,256,20,3,0.5,0.1,0.99,10.0,256,20,0,128,0,5.0,17.999999999999986,156.28903428473154,8838.857020180825,0.0,0.0,0.0,
direct,transverse,300.0,1800.0,0.1,0.11,5.0,1.25,10.0,10.0,10,100.0,inf,full,both,inf,180.0,0.01,0.0,0.0,256,20,3,0.5,0.1,0.99,10.0,256,20,0,128,0,5.0,1.25,129.53580851525197,1438.8515489527522,0.0,0.0,0.0,
direct,transverse,300.0,1800.0,0.1,0.11,5.0,2.5,10.0,10.0,10,100.0,inf,full,both,inf,180.0,0.01,0.0,0.0,256,20,3,0.5,0.1,0.99,10.0,256,20,0,128,0,5.0,2.5,169.51513065384026,2080.3828390856443,0.0,0.0,0.0,
direct,transverse,300.0,1800.0,0.1,0.11,5.0,3.75,10.0,10.0,10,100.0,inf,full,both,inf,180.0,0.01,0.0,0.0,256,20,3,0.5,0.1,0.99,10.0,256,20,0,128,0,5.0,3.75,169.51525849366976,3798.694108087814,0.0,0.0,0.0,
direct,transverse,300.0,1800.0,0.1,0.11,5.0,4.5,10.0,10.0,10,100.0,inf,full,both,inf,180.0,0.01,0.0,0.0,256,20,3,0.5,0.1,0.99,10.0,256,20,0,128,0,5.0,4.5,169.51525849366976,4634.190183663105,0.0,0.0,0.0,
direct,transverse,300.0,1800.0,0.1,0.11,5.0,5.0,10.0,10.0,10,100.0,inf,full,both,inf,180.0,0.01,0.0,0.0,256,20,3,0.5,0.1,0.99,10.0,256,20,0,128,0,5.0,5.0,169.51525849366976,5145.271982047984,0.0,0.0,0.0,
direct,transverse,300.0,1800.0,0.1,0.11,5.0,5.5,10.0,10.0,10,100.0,inf,full,both,inf,180.0,0.01,0.0,0.0,256,20,3,0.5,0.1,0.99,10.0,256,20,0,128,0,5.0,5.5,169.51525849366976,5626.36213591145,0.0,0.0,0.0,
direct,transverse,300.0,1800.0,0.1,0.11,5.0,6.25,10.0,10.0,10,100.0,inf,full,both,inf,180.0,0.01,0.0,0.0,256,20,3,0.5,0.1,0.99,10.0,256,20,0,128,0,5.0,6.25,169.51525849366976,6275.761999550183,0.0,0.0,0.0,
direct,transverse,300.0,1800.0,0.1,0.11,5.0,7.5,10.0,10.0,10,100.0,inf,full,both,inf,180.0,0.01,0.0,0.0,256,20,3,0.5,0.1,0.99,10.0,256,20,0,128,0,5.0,7.5,169.51525849366976,7177.717446155247,0.0,0.0,0.0,
direct,transverse,300.0,1800.0,0.1,0.11,5.0,10.0,10.0,10.0,10,100.0,inf,full,both,inf,180.0,0.01,0.0,0.0,256,20,3,0.5,0.1,0.99,10.0,256,20,0,128,0,5.0,10.0,169.51525849366976,8434.003201130587,0.0,0.0,0.0,
direct,transverse,300.0,1800.0,0.1,0.11,5.0,inf,10.0,10.0,10,100.0,inf,full,both,inf,180.0,0.01,0.0,0.0,256,20,3,0.5,0.1,0.99,10.0,256,20,0,128,0,5.0,19.79999999999995,169.51525849366976,9705.36110262666,0.0,0.0,0.0,
direct,transverse,300.0,1800.0,0.1,0.125,5.0,1.25,10.0,10.0,10,100.0,inf,full,both,inf,180.0,0.01,0.0,0.0,256,20,3,0.5,0.1,0.99,10.0,256,20,0,128,0,5.0,1.25,134.1087355641321,1495.6460352907525,0.0,0.0,0.0,
direct,transverse,300.0,1800.0,0.1,0.125,5.0,2.5,10.0,10.0,10,100.0,inf,full,both,inf,180.0,0.01,0.0,0.0,256,20,3,0.5,0.1,0.99,10.0,256,20,0,128,0,5.0,2.5,186.64207828067816,1933.064707778113,0.0,0.0,0.0,
direct,transverse,300.0,1800.0,0.1,0.125,5.0,3.75,10.0,10.0,10,100.0,inf,full,both,inf,180.0,0.01,0.0,0.0,256,20,3,0.5,0.1,0.99,10.0,256,20,0,128,0,5.0,3.75,186.6482757871196,3740.6968523269697,0.0,0.0,0.0,
direct,transverse,300.0,1800.0,0.1,0.125,5.0,4.5,10.0,10.0,10,100.0,inf,full,both,inf,180.0,0.01,0.0,0.0,256,20,3,0.5,0.1,0.99,10.0,256,20,0,128,0,5.0,4.5,186.6482757871196,4663.367956838599,0.0,0.0,0.0,
direct,transverse,300.0,1800.0,0.1,0.125,5.0,5.0,10.0,10.0,10,100.0,inf,full,both,inf,180.0,0.01,0.0,0.0,256,20,3,0.5,0.1,0.99,10.0,256,20,0,128,0,5.0,5.0,186.6482757871196,5209.7476646041705,0.0,0.0,0.0,
direct,transverse,300.0,1800.0,0.1,0.125,5.0,5.5,10.0,10.0,10,100.0,inf,full,both,inf,180.0,0.01,0.0,0.0,256,20,3,0.5,0.1,0.99,10.0,256,20,0,128,0,5.0,5.5,186.6482757871196,5720.154957214217,0.0,0.0,0.0,
direct,transverse,300.0,1800.0,0.1,0.125,5.0,6.25,10.0,10.0,10,100.0,inf,full,both,inf,180.0,0.01,0.0,0.0,256,20,3,0.5,0.1,0.99,10.0,256,20,0,128,0,5.0,6.25,186.6482757871196,6428.840350244301,0.0,0.0,0.0,
direct,transverse,300.0,1800.0,0.1,0.125,5.0,7.5,10.0,10.0,10,100.0,inf,full,both,inf,180.0,0.01,0.0,0.0,256,20,3,0.5,0.1,0.99,10.0,256,20,0,128,0,5.0,7.5,186.6482757871196,7446.732438161499,0.0,0.0,0.0,
direct,transverse,300.0,1800.0,0.1,0.125,5.0,10.0,10.0,10.0,10,100.0,inf,full,both,inf,180.0,0.01,0.0,0.0,256,20,3,0.5,0.1,0.99,10.0,256,20,0,128,0,5.0,10.0,186.6482757871196,8957.326781214158,0.0,0.0,0.0,
direct,transverse,300.0,1800.0,0.1,0.125,5.0,inf,10.0,10.0,10,100.0,inf,full,both,inf,180.0,0.01,0.0,0.0,256,20,3,0.5,0.1,0.99,10.0,256,20,0,128,0,5.0,22.5,186.6482757871196,10990.895643250193,0.0,0.0,0.0,
direct,transverse,300.0,1800.0,0.1,0.15,5.0,1.25,10.0,10.0,10,100.0,inf,full,both,inf,180.0,0.01,0.0,0.0,256,20,3,0.5,0.1,0.99,10.0,256,20,0,128,0,5.0,1.25,139.20124553703442,1562.8392043221204,0.0,0.0,0.0,
direct,transverse,300.0,1800.0,0.1,0.15,5.0,2.5,10.0,10.0,10,100.0,inf,full,both,inf,180.0,0.01,0.0,0.0,256,20,3,0.5,0.1,0.99,10.0,256,20,0,128,0,5.0,2.5,209.9556861955409,1805.4030199377844,0.0,0.0,0.0,
direct,transverse,300.0,1800.0,0.1,0.15,5.0,3.75,10.0,10.0,10,100.0,inf,full,both,inf,180.0,0.01,0.0,0.0,256,20,3,0.5,0.1,0.99,10.0,256,20,0,128,0,5.0,3.75,210.0497320554245,3559.351412528972,0.0,0.0,0.0,
direct,transverse,300.0,1800.0,0.1,0.15,5.0,4.5,10.0,10.0,10,100.0,inf,full,both,inf,180.0,0.01,0.0,0.0,256,20,3,0.5,0.1,0.99,10.0,256,20,0,128,0,5.0,4.5,210.0497320554245,4637.104390942989,0.0,0.0,0.0,
direct,transverse,300.0,1800.0,0.1,0.15,5.0,5.0,10.0,10.0,10,100.0,inf,full,both,inf,180.0,0.01,0.0,0.0,256,20,3,0.5,0.1,0.99,10.0,256,20,0,128,0,5.0,5.0,210.0497320554245,5262.752601356675,0.0,0.0,0.0,
direct,transverse,300.0,1800.0,0.1,0.15,5.0,5.5,10.0,10.0,10,100.0,inf,full,both,inf,180.0,0.01,0.0,0.0,256,20,3,0.5,0.1,0.99,10.0,256,20,0,128,0,5.0,5.5,210.0497320554245,5832.446299021041,0.0,0.0,0.0,
direct,transverse,300.0,1800.0,0.1,0.15,5.0,6.25,10.0,10.0,10,100.0,inf,full,both,inf,180.0,0.01,0.0,0.0,256,20,3,0.5,0.1,0.99,10.0,256,20,0,128,0,5.0,6.25,210.0497320554245,6610.72430663859,0.0,0.0,0.0,
direct,transverse,300.0,1800.0,0.1,0.15,5.0,7.5,10.0,10.0,10,100.0,inf,full,both,inf,180.0,0.01,0.0,0.0,256,20,3,0.5,0.1,0.99,10.0,256,20,0,128,0,5.0,7.5,210.0497320554245,7768.298155127287,0.0,0.0,0.0,
direct,transverse,300.0,1800.0,0.1,0.15,5.0,10.0,10.0,10.0,10,100.0,inf,full,both,inf,180.0,0.01,0.0,0.0,256,20,3,0.5,0.1,0.99,10.0,256,20,0,128,0,5.0,10.0,210.0497320554245,9614.519740669972,0.0,0.0,0.0,
direct,transverse,300.0,1800.0,0.1,0.15,5.0,inf,10.0,10.0,10,100.0,inf,full,both,inf,180.0,0.01,0.0,0.0,256,20,3,0.5,0.1,0.99,10.0,256,20,0,128,0,5.0,26.99999999999992,210.0497320554245,13160.418283929655,0.0,0.0,0.0,
direct,transverse,300.0,1800.0,0.1,0.2,5.0,1.25,10.0,10.0,10,100.0,inf,full,both,inf,180.0,0.01,0.0,0.0,256,20,3,0.5,0.1,0.99,10.0,256,20,0,128,0,5.0,1.25,144.60800009735547,1644.7475045566478,0.0,0.0,0.0,
direct,transverse,300.0,1800.0,0.1,0.2,5.0,2.5,10.0,10.0,10,100.0,inf,full,both,inf,180.0,0.01,0.0,0.0,256,20,3,0.5,0.1,0.99,10.0,256,20,0,128,0,5.0,2.5,239.9342791752488,1772.842488872002,0.0,0.0,0.0,
direct,transverse,300.0,1800.0,0.1,0.2,5.0,3.75,10.0,10.0,10,100.0,inf,full,both,inf,180.0,0.01,0.0,0.0,256,20,3,0.5,0.1,0.99,10.0,256,20,0,128,0,5.0,3.75,240.8299094822233,3158.6854396970944,0.0,0.0,0.0,
direct,transverse,300.0,1800.0,0.1,0.2,5.0,4.5,10.0,10.0,10,100.0,inf,full,both,inf,180.0,0.01,0.0,0.0,256,20,3,0.5,0.1,0.99,10.0,256,20,0,128,0,5.0,4.5,240.829939806918,4431.116487571499,0.0,0.0,0.0,
direct,transverse,300.0,1800.0,0.1,0.2,5.0,5.0,10.0,10.0,10,100.0,inf,full,both,inf,180.0,0.01,0.0,0.0,256,20,3,0.5,0.1,0.99,10.0,256,20,0,128,0,5.0,5.0,240.829939806918,5215.155645653389,0.0,0.0,0.0,
direct,transverse,300.0,1800.0,0.1,0.2,5.0,5.5,10.0,10.0,10,100.0,inf,full,both,inf,180.0,0.01,0.0,0.0,256,20,3,0.5,0.1,0.99,10.0,256,20,0,128,0,5.0,5.5,240.829939806918,5928.125328264144,0.0,0.0,0.0,
direct,transverse,300.0,1800.0,0.1,0.2,5.0,6.25,10.0,10.0,10,100.0,inf,full,both,inf,180.0,0.01,0.0,0.0,256,20,3,0.5,0.1,0.99,10.0,256,20,0,128,0,5.0,6.25,240.829939806918,6891.3436992036,0.0,0.0,0.0,
direct,transverse,300.0,1800.0,0.1,0.2,5.0,7.5,10.0,10.0,10,100.0,inf,full,both,inf,180.0,0.01,0.0,0.0,256,20,3,0.5,0.1,0.99,10.0,256,20,0,128,0,5.0,7.5,240.829939806918,8271.41412832324,0.0,0.0,0.0,
direct,transverse,300.0,1800.0,0.1,0.2,5.0,10.0,10.0,10.0,10,100.0,inf,full,both,inf,180.0,0.01,0.0,0.0,256,20,3,0.5,0.1,0.99,10.0,256,20,0,128,0,5.0,10.0,240.829939806918,10539.32655187237,0.0,0.0,0.0,
direct,transverse,300.0,1800.0,0.1,0.2,5.0,inf,10.0,10.0,10,100.0,inf,full,both,inf,180.0,0.01,0.0,0.0,256,20,3,0.5,0.1,0.99,10.0,256,20,0,128,0,5.0,35.99999999999997,240.829939806918,17500.407537372168,0.0,0.0,0.0,
hcw,flee,300.0,1800.0,0.1,0.025,5.0,1.25,10.0,10.0,10,100.0,inf,full,both,inf,180.0,0.01,0.0,0.0,256,20,3,0.5,0.1,0.99,10.0,256,20,0,128,128,2.967005071571792,1.2119140624999998,9.716656085229092,9.716656085229092,0.0,0.0,1.0,480.0
hcw,flee,300.0,1800.0,0.1,0.025,5.0,2.5,10.0,10.0,10,100.0,inf,full,both,inf,180.0,0.01,0.0,0.0,256,20,3,0.5,0.1,0.99,10.0,256,20,0,128,128,2.967005071571792,1.2119140624999998,9.716656085229092,9.716656085229092,0.0,0.0,1.0,480.0
hcw,flee,300.0,1800.0,0.1,0.025,5.0,3.75,10.0,10.0,10,100.0,inf,full,both,inf,180.0,0.01,0.0,0.0,256,20,3,0.5,0.1,0.99,10.0,256,20,0,128,128,2.967005071571792,1.2119140624999998,9.716656085229092,9.716656085229092,0.0,0.0,1.0,480.0
hcw,flee,300.0,1800.0,0.1,0.025,5.0,4.5,10.0,10.0,10,100.0,inf,full,both,inf,180.0,0.01,0.0,0.0,256,20,3,0.5,0.1,0.99,10.0,256,20,0,128,128,2.967005071571792,1.2119140624999998,9.716656085229092,9.716656085229092,0.0,0.0,1.0,480.0
hcw,flee,300.0,1800.0,0.1,0.025,5.0,5.0,10.0,10.0,10,100.0,inf,full,both,inf,180.0,0.01,0.0,0.0,256,20,3,0.5,0.1,0.99,10.0,256,20,0,128,128,2.967005071571792,1.2119140624999998,9.716656085229092,9.716656085229092,0.0,0.0,1.0,480.0
hcw,flee,300.0,1800.0,0.1,0.025,5.0,5.5,10.0,10.0,10,100.0,inf,full,both,inf,180.0,0.01,0.0,0.0,256,20,3,0.5,0.1,0.99,10.0,256,20,0,128,128,2.967005071571792,1.2119140624999998,9.716656085229092,9.716656085229092,0.0,0.0,1.0,480.0
hcw,flee,300.0,1800.0,0.1,0.025,5.0,6.25,10.0,10.0,10,100.0,inf,full,both,inf,180.0,0.01,0.0,0.0,256,20,3,0.5,0.1,0.99,10.0,256,20,0,128,128,2.967005071571792,1.2119140624999998,9.716656085229092,9.716656085229092,0.0,0.0,1.0,480.0
hcw,flee,300.0,1800.0,0.1,0.025,5.0,7.5,10.0,10.0,10,100.0,inf,full,both,inf,180.0,0.01,0.0,0.0,256,20,3,0.5,0.1,0.99,10.0,256,20,0,128,128,2.967005071571792,1.2119140624999998,9.716656085229092,9.716656085229092,0.0,0.0,1.0,480.0
hcw,flee,300.0,1800.0,0.1,0.025,5.0,10.0,10.0,10.0,10,100.0,inf,full,both,inf,180.0,0.01,0.0,0.0,256,20,3,0.5,0.1,0.99,10.0,256,20,0,128,128,2.967005071571792,1.2119140624999998,9.716656085229092,9.716656085229092,0.0,0.0,1.0,480.0
hcw,flee,300.0,1800.0,0.1,0.025,5.0,inf,10.0,10.0,10,100.0,inf,full,both,inf,180.0,0.01,0.0,0.0,256,20,3,0.5,0.1,0.99,10.0,256,20,0,128,128,2.967005071571792,1.2119140624999998,9.716656085229092,9.716656085229092,0.0,0.0,1.0,480.0
hcw,flee,300.0,1800.0,0.1,0.05,5.0,1.25,10.0,10.0,10,100.0,inf,full,both,inf,180.0,0.01,0.0,0.0,256,20,3,0.5,0.1,0.99,10.0,256,20,0,128,128,3.884306540534135,1.25,9.561014890319855,9.561014890319855,0.0,0.0,1.0,500.0
hcw,flee,300.0,1800.0,0.1,0.05,5.0,2.5,10.0,10.0,10,100.0,inf,full,both,inf,180.0,0.01,0.0,0.0,256,20,3,0.5,0.1,0.99,10.0,256,20,0,128,128,3.4085169923209198,2.5,9.540376918624933,9.54037691862493,0.0,0.0,1.0,540.0
hcw,flee,300.0,1800.0,0.1,0.05,5.0,3.75,10.0,10.0,10,100.0,inf,full,both,inf,180.0,0.01,0.0,0.0,256,20,3,0.5,0.1,0.99,10.0,256,20,0,128,128,3.62698362074091,2.865234374999998,9.744584447266504,9.744584447266508,0.0,0.0,1.0,570.0
hcw,flee,300.0,1800.0,0.1,0.05,5.0,4.5,10.0,10.0,10,100.0,inf,full,both,inf,180.0,0.01,0.0,0.0,256,20,3,0.5,0.1,0.99,10.0,256,20,0,128,128,3.62698362074091,2.865234374999998,9.744584447266504,9.744584447266508,0.0,0.0,1.0,570.0
hcw,flee,300.0,1800.0,0.1,0.05,5.0,5.0,10.0,10.0,10,100.0,inf,full,both,inf,180.0,0.01,0.0,0.0,256,20,3,0.5,0.1,0.99,10.0,256,20,0,128,128,3.62698362074091,2.865234374999998,9.744584447266504,9.744584447266508,0.0,0.0,1.0,570.0
hcw,flee,300.0,1800.0,0.1,0.05,5.0,5.5,10.0,10.0,10,100.0,inf,full,both,inf,180.0,0.01,0.0,0.0,256,20,3,0.5,0.1,0.99,10.0,256,20,0,128,128,3.62698362074091,2.865234374999998,9.744584447266504,9.744584447266508,0.0,0.0,1.0,570.0
hcw,flee,300.0,1800.0,0.1,0.05,5.0,6.25,10.0,10.0,10,100.0,inf,full,both,inf,180.0,0.01,0.0,0.0,256,20,3,0.5,0.1,0.99,10.0,256,20,0,128,128,3.62698362074091,2.865234374999998,9.744584447266504,9.744584447266508,0.0,0.0,1.0,570.0
hcw,flee,300.0,1800.0,0.1,0.05,5.0,7.5,10.0,10.0,10,100.0,inf,full,both,inf,180.0,0.01,0.0,0.0,256,20,3,0.5,0.1,0.99,10.0,256,20,0,128,128,3.62698362074091,2.865234374999998,9.744584447266504,9.744584447266508,0.0,0.0,1.0,570.0
hcw,flee,300.0,1800.0,0.1,0.05,5.0,10.0,10.0,10.0,10,100.0,inf,full,both,inf,180.0,0.01,0.0,0.0,256,20,3,0.5,0.1,0.99,10.0,256,20,0,128,128,3.62698362074091,2.865234374999998,9.744584447266504,9.744584447266508,0.0,0.0,1.0,570.0
hcw,flee,300.0,1800.0,0.1,0.05,5.0,inf,10.0,10.0,10,100.0,inf,full,both,inf,180.0,0.01,0.0,0.0,256,20,3,0.5,0.1,0.99,10.0,256,20,0,128,128,3.62698362074091,2.865234374999998,9.744584447266504,9.744584447266508,0.0,0.0,1.0,570.0
hcw,flee,300.0,1800.0,0.1,0.075,5.0,1.25,10.0,10.0,10,100.0,inf,full,both,inf,180.0,0.01,0.0,0.0,256,20,3,0.5,0.1,0.99,10.0,256,20,0,128,128,4.308544241674311,1.25,9.343497534652643,9.343497534652643,0.0,0.0,1.0,530.0
hcw,flee,300.0,1800.0,0.1,0.075,5.0,2.5,10.0,10.0,10,100.0,inf,full,both,inf,180.0,0.01,0.0,0.0,256,20,3,0.5,0.1,0.99,10.0,256,20,0,128,128,4.897480568671694,2.5,9.202793439240534,9.202793439240535,0.0,0.0,1.0,610.0
hcw,flee,300.0,1800.0,0.1,0.075,5.0,3.75,10.0,10.0,10,100.0,inf,full,both,inf,180.0,0.01,0.0,0.0,256,20,3,0.5,0.1,0.99,10.0,256,20,0,128,128,4.658462732540404,3.75,9.133779452307094,9.133779452307092,0.0,0.0,1.0,630.0
hcw,flee,300.0,1800.0,0.1,0.075,5.0,4.5,10.0,10.0,10,100.0,inf,full,both,inf,180.0,0.01,0.0,0.0,256,20,3,0.5,0.1,0.99,10.0,256,20,0,128,128,4.8909817604748085,4.5,9.292932746728134,9.292932746728164,0.0,0.0,1.0,670.0
hcw,flee,300.0,1800.0,0.1,0.075,5.0,5.0,10.0,10.0,10,100.0,inf,full,both,inf,180.0,0.01,0.0,0.0,256,20,3,0.5,0.1,0.99,10.0,256,20,0,128,9,5.0,5.0,17.74632984945956,214.15297900866983,0.0,0.0,0.0703125,920.0
hcw,flee,300.0,1800.0,0.1,0.075,5.0,5.5,10.0,10.0,10,100.0,inf,full,both,inf,180.0,0.01,0.0,0.0,256,20,3,0.5,0.1,0.99,10.0,256,20,0,128,0,5.0,5.5,17.929964688774426,814.04843397239,0.0,0.0,0.0,
hcw,flee,300.0,1800.0,0.1,0.075,5.0,6.25,10.0,10.0,10,100.0,inf,full,both,inf,180.0,0.01,0.0,0.0,256,20,3,0.5,0.1,0.99,10.0,256,20,0,128,0,5.0,6.25,17.929964688774426,1631.0004334102532,0.0,0.0,0.0,
hcw,flee,300.0,1800.0,0.1,0.075,5.0,7.5,10.0,10.0,10,100.0,inf,full,both,inf,180.0,0.01,0.0,0.0,256,20,3,0.5,0.1,0.99,10.0,256,20,0,128,0,5.0,7.5,17.929964688774426,2784.750042649883,0.0,0.0,0.0,
hcw,flee,300.0,1800.0,0.1,0.075,5.0,10.0,10.0,10.0,10,100.0,inf,full,both,inf,180.0,0.01,0.0,0.0,256,20,3,0.5,0.1,0.99,10.0,256,20,0,128,0,5.0,10.0,17.929964688774426,4398.254393912362,0.0,0.0,0.0,
hcw,flee,300.0,1800.0,0.1,0.075,5.0,inf,10.0,10.0,10,100.0,inf,full,both,inf,180.0,0.01,0.0,0.0,256,20,3,0.5,0.1,0.99,10.0,256,20,0,128,0,5.0,13.49999999999996,17.929964688774426,5232.249424480807,0.0,0.0,0.0,
hcw,flee,300.0,1800.0,0.1,0.09,5.0,1.25,10.0,10.0,10,100.0,inf,full,both,inf,180.0,0.01,0.0,0.0,256,20,3,0.5,0.1,0.99,10.0,256,20,0,128,128,4.445634796716795,1.25,9.543506863714072,9.543506863714066,0.0,0.0,1.0,530.0
hcw,flee,300.0,1800.0,0.1,0.09,5.0,2.5,10.0,10.0,10,100.0,inf,full,both,inf,180.0,0.01,0.0,0.0,256,20,3,0.5,0.1,0.99,10.0,256,20,0,128,128,5.0,2.5,6.452139539841646,6.452139539841648,0.0,0.0,1.0,570.0
hcw,flee,300.0,1800.0,0.1,0.09,5.0,3.75,10.0,10.0,10,100.0,inf,full,both,inf,180.0,0.01,0.0,0.0,256,20,3,0.5,0.1,0.99,10.0,256,20,0,128,72,5.0,3.75,12.653338520197298,469.9822362992939,0.0,0.0,0.5625,600.0
hcw,flee,300.0,1800.0,0.1,0.09,5.0,4.5,10.0,10.0,10,100.0,inf,full,both,inf,180.0,0.01,0.0,0.0,256,20,3,0.5,0.1,0.99,10.0,256,20,0,128,25,5.0,4.5,88.0482966837644,382.9945581070109,0.0,0.0,0.1953125,730.0
hcw,flee,300.0,1800.0,0.1,0.09,5.0,5.0,10.0,10.0,10,100.0,inf,full,both,inf,180.0,0.01,0.0,0.0,256,20,3,0.5,0.1,0.99,10.0,256,20,0,128,2,5.0,5.0,169.51590535859754,607.8936363429441,0.0,0.0,0.015625,1160.0
hcw,flee,300.0,1800.0,0.1,0.09,5.0,5.5,10.0,10.0,10,100.0,inf,full,both,inf,180.0,0.01,0.0,0.0,256,20,3,0.5,0.1,0.99,10.0,256,20,0,128,0,5.0,5.5,187.39619686283183,1235.9730048023464,0.0,0.0,0.0,
hcw,flee,300.0,1800.0,0.1,0.09,5.0,6.25,10.0,10.0,10,100.0,inf,full,both,inf,180.0,0.01,0.0,0.0,256,20,3,0.5,0.1,0.99,10.0,256,20,0,128,0,5.0,6.25,187.39619686283183,2181.6824758067605,0.0,0.0,0.0,
hcw,flee,300.0,1800.0,0.1,0.09,5.0,7.5,10.0,10.0,10,100.0,inf,full,both,inf,180.0,0.01,0.0,0.0,256,20,3,0.5,0.1,0.99,10.0,256,20,0,128,0,5.0,7.5,187.39619686283183,3575.8483680663817,0.0,0.0,0.0,
hcw,flee,300.0,1800.0,0.1,0.09,5.0,10.0,10.0,10.0,10,100.0,inf,full,both,inf,180.0,0.01,0.0,0.0,256,20,3,0.5,0.1,0.99,10.0,256,20,0,128,0,5.0,10.0,187.39619686283183,5718.34373482812,0.0,0.0,0.0,
hcw,flee,300.0,1800.0,0.1,0.09,5.0,inf,10.0,10.0,10,100.0,inf,full,both,inf,180.0,0.01,0.0,0.0,256,20,3,0.5,0.1,0.99,10.0,256,20,0,128,0,5.0,16.19999999999998,187.39619686283183,7884.831174465971,0.0,0.0,0.0,
hcw,flee,300.0,1800.0,0.1,0.1,5.0,1.25,10.0,10.0,10,100.0,inf,full,both,inf,180.0,0.01,0.0,0.0,256,20,3,0.5,0.1,0.99,10.0,256,20,0,128,128,4.503541471198138,1.25,9.558657325228385,9.55865732522839,0.0,0.0,1.0,530.0
hcw,flee,300.0,1800.0,0.1,0.1,5.0,2.5,10.0,10.0,10,100.0,inf,full,both,inf,180.0,0.01,0.0,0.0,256,20,3,0.5,0.1,0.99,10.0,256,20,0,128,128,5.0,2.5,5.904662588425491,5.915907426109996,0.0,0.0,1.0,560.0
hcw,flee,300.0,1800.0,0.1,0.1,5.0,3.75,10.0,10.0,10,100.0,inf,full,both,inf,180.0,0.01,0.0,0.0,256,20,3,0.5,0.1,0.99,10.0,256,20,0,128,33,5.0,3.75,27.21858033863253,868.0810138463752,0.0,0.0,0.2578125,640.0
hcw,flee,300.0,1800.0,0.1,0.1,5.0,4.5,10.0,10.0,10,100.0,inf,full,both,inf,180.0,0.01,0.0,0.0,256,20,3,0.5,0.1,0.99,10.0,256,20,0,128,4,5.0,4.5,156.9575547407204,586.192079528568,0.0,0.0,0.03125,845.0
hcw,flee,300.0,1800.0,0.1,0.1,5.0,5.0,10.0,10.0,10,100.0,inf,full,both,inf,180.0,0.01,0.0,0.0,256,20,3,0.5,0.1,0.99,10.0,256,20,0,128,0,5.0,5.0,256.7807907020266,882.0737586451802,0.0,0.0,0.0,
hcw,flee,300.0,1800.0,0.1,0.1,5.0,5.5,10.0,10.0,10,100.0,inf,full,both,inf,180.0,0.01,0.0,0.0,256,20,3,0.5,0.1,0.99,10.0,256,20,0,128,0,5.0,5.5,292.02823533989823,1539.9244889649651,0.0,0.0,0.0,
hcw,flee,300.0,1800.0,0.1,0.1,5.0,6.25,10.0,10.0,10,100.0,inf,full,both,inf,180.0,0.01,0.0,0.0,256,20,3,0.5,0.1,0.99,10.0,256,20,0,128,0,5.0,6.25,292.02823533989823,2543.520834777908,0.0,0.0,0.0,
hcw,flee,300.0,1800.0,0.1,0.1,5.0,7.5,10.0,10.0,10,100.0,inf,full,both,inf,180.0,0.01,0.0,0.0,256,20,3,0.5,0.1,0.99,10.0,256,20,0,128,0,5.0,7.5,292.02823533989823,4056.901580689701,0.0,0.0,0.0,
hcw,flee,300.0,1800.0,0.1,0.1,5.0,10.0,10.0,10.0,10,100.0,inf,full,both,inf,180.0,0.01,0.0,0.0,256,20,3,0.5,0.1,0.99,10.0,256,20,0,128,0,5.0,10.0,292.02823533989823,6479.002929707193,0.0,0.0,0.0,
hcw,flee,300.0,1800.0,0.1,0.1,5.0,inf,10.0,10.0,10,100.0,inf,full,both,inf,180.0,0.01,0.0,0.0,256,20,3,0.5,0.1,0.99,10.0,256,20,0,128,0,5.0,17.999999999999986,292.02823533989823,9727.19908549371,0.0,0.0,0.0,
hcw,flee,300.0,1800.0,0.1,0.11,5.0,1.25,10.0,10.0,10,100.0,inf,full,both,inf,180.0,0.01,0.0,0.0,256,20,3,0.5,0.1,0.99,10.0,256,20,0,128,128,4.558461676466657,1.25,9.46531241249067,9.465312412490674,0.0,0.0,1.0,530.0
hcw,flee,300.0,1800.0,0.1,0.11,5.0,2.5,10.0,10.0,10,100.0,inf,full,both,inf,180.0,0.01,0.0,0.0,256,20,3,0.5,0.1,0.99,10.0,256,20,0,128,128,5.0,2.5,4.085709821200511,4.303709229637768,0.0,0.0,1.0,560.0
hcw,flee,300.0,1800.0,0.1,0.11,5.0,3.75,10.0,10.0,10,100.0,inf,full,both,inf,180.0,0.01,0.0,0.0,256,20,3,0.5,0.1,0.99,10.0,256,20,0,128,13,5.0,3.75,44.817802331026,1057.921223329986,0.0,0.0,0.1015625,670.0
hcw,flee,300.0,1800.0,0.1,0.11,5.0,4.5,10.0,10.0,10,100.0,inf,full,both,inf,180.0,0.01,0.0,0.0,256,20,3,0.5,0.1,0.99,10.0,256,20,0,128,4,5.0,4.5,198.23036887415012,704.889082850181,0.0,0.0,0.03125,980.0
hcw,flee,300.0,1800.0,0.1,0.11,5.0,5.0,10.0,10.0,10,100.0,inf,full,both,inf,180.0,0.01,0.0,0.0,256,20,3,0.5,0.1,0.99,10.0,256,20,0,128,0,5.0,5.0,274.42510868754096,1111.7163887401225,0.0,0.0,0.0,
hcw,flee,300.0,1800.0,0.1,0.11,5.0,5.5,10.0,10.0,10,100.0,inf,full,both,inf,180.0,0.01,0.0,0.0,256,20,3,0.5,0.1,0.99,10.0,256,20,0,128,0,5.0,5.5,300.0,1800.12295081901,0.0,0.0,0.0,
hcw,flee,300.0,1800.0,0.1,0.11,5.0,6.25,10.0,10.0,10,100.0,inf,full,both,inf,180.0,0.01,0.0,0.0,256,20,3,0.5,0.1,0.99,10.0,256,20,0,128,0,5.0,6.25,300.0,2855.709344999112,0.0,0.0,0.0,
hcw,flee,300.0,1800.0,0.1,0.11,5.0,7.5,10.0,10.0,10,100.0,inf,full,both,inf,180.0,0.01,0.0,0.0,256,20,3,0.5,0.1,0.99,10.0,256,20,0,128,0,5.0,7.5,300.0,4472.117091137267,0.0,0.0,0.0,
hcw,flee,300.0,1800.0,0.1,0.11,5.0,10.0,10.0,10.0,10,100.0,inf,full,both,inf,180.0,0.01,0.0,0.0,256,20,3,0.5,0.1,0.99,10.0,256,20,0,128,0,5.0,10.0,300.0,7135.464948721425,0.0,0.0,0.0,
hcw,flee,300.0,1800.0,0.1,0.11,5.0,inf,10.0,10.0,10,100.0,inf,full,both,inf,180.0,0.01,0.0,0.0,256,20,3,0.5,0.1,0.99,10.0,256,20,0,128,0,5.0,19.79999999999995,300.0,11576.236782551712,0.0,0.0,0.0,
hcw,flee,300.0,1800.0,0.1,0.125,5.0,1.25,10.0,10.0,10,100.0,inf,full,both,inf,180.0,0.01,0.0,0.0,256,20,3,0.5,0.1,0.99,10.0,256,20,0,128,128,4.6277236439677045,1.25,9.445296286067745,9.445296286067736,0.0,0.0,1.0,530.0
hcw,flee,300.0,1800.0,0.1,0.125,5.0,2.5,10.0,10.0,10,100.0,inf,full,both,inf,180.0,0.01,0.0,0.0,256,20,3,0.5,0.1,0.99,10.0,256,20,0,128,128,5.0,2.5,3.563128329446801,3.948338351768588,0.0,0.0,1.0,560.0
hcw,flee,300.0,1800.0,0.1,0.125,5.0,3.75,10.0,10.0,10,100.0,inf,full,both,inf,180.0,0.01,0.0,0.0,256,20,3,0.5,0.1,0.99,10.0,256,20,0,128,7,5.0,3.75,76.78134887976137,1066.4622953067194,0.0,0.0,0.0546875,710.0
hcw,flee,300.0,1800.0,0.1,0.125,5.0,4.5,10.0,10.0,10,100.0,inf,full,both,inf,180.0,0.01,0.0,0.0,256,20,3,0.5,0.1,0.99,10.0,256,20,0,128,2,5.0,4.5,233.25661041831975,900.6354006813218,0.0,0.0,0.015625,1075.0
hcw,flee,300.0,1800.0,0.1,0.125,5.0,5.0,10.0,10.0,10,100.0,inf,full,both,inf,180.0,0.01,0.0,0.0,256,20,3,0.5,0.1,0.99,10.0,256,20,0,128,0,5.0,5.0,282.3407809963017,1396.7072200641137,0.0,0.0,0.0,
hcw,flee,300.0,1800.0,0.1,0.125,5.0,5.5,10.0,10.0,10,100.0,inf,full,both,inf,180.0,0.01,0.0,0.0,256,20,3,0.5,0.1,0.99,10.0,256,20,0,128,0,5.0,5.5,300.0,2125.4378538937844,0.0,0.0,0.0,
hcw,flee,300.0,1800.0,0.1,0.125,5.0,6.25,10.0,10.0,10,100.0,inf,full,both,inf,180.0,0.01,0.0,0.0,256,20,3,0.5,0.1,0.99,10.0,256,20,0,128,0,5.0,6.25,300.0,3248.898812107929,0.0,0.0,0.0,
hcw,flee,300.0,1800.0,0.1,0.125,5.0,7.5,10.0,10.0,10,100.0,inf,full,both,inf,180.0,0.01,0.0,0.0,256,20,3,0.5,0.1,0.99,10.0,256,20,0,128,0,5.0,7.5,300.0,4996.737475395677,0.0,0.0,0.0,
hcw,flee,300.0,1800.0,0.1,0.125,5.0,10.0,10.0,10.0,10,100.0,inf,full,both,inf,180.0,0.01,0.0,0.0,256,20,3,0.5,0.1,0.99,10.0,256,20,0,128,0,5.0,10.0,300.0,7967.0315118602,0.0,0.0,0.0,
hcw,flee,300.0,1800.0,0.1,0.125,5.0,inf,10.0,10.0,10,100.0,inf,full,both,inf,180.0,0.01,0.0,0.0,256,20,3,0.5,0.1,0.99,10.0,256,20,0,128,0,5.0,22.5,300.0,14354.27942141828,0.0,0.0,0.0,
hcw,flee,300.0,1800.0,0.1,0.15,5.0,1.25,10.0,10.0,10,100.0,inf,full,both,inf,180.0,0.01,0.0,0.0,256,20,3,0.5,0.1,0.99,10.0,256,20,0,128,128,4.694516596076176,1.25,9.528055783125524,9.528055783125527,0.0,0.0,1.0,520.0
hcw,flee,300.0,1800.0,0.1,0.15,5.0,2.5,10.0,10.0,10,100.0,inf,full,both,inf,180.0,0.01,0.0,0.0,256,20,3,0.5,0.1,0.99,10.0,256,20,0,128,127,5.0,2.5,3.746981933857749,22.633245822631743,0.0,0.0,0.9921875,570.0
hcw,flee,300.0,1800.0,0.1,0.15,5.0,3.75,10.0,10.0,10,100.0,inf,full,both,inf,180.0,0.01,0.0,0.0,256,20,3,0.5,0.1,0.99,10.0,256,20,0,128,5,5.0,3.75,136.6640165632111,1061.296564803916,0.0,0.0,0.0390625,770.0
hcw,flee,300.0,1800.0,0.1,0.15,5.0,4.5,10.0,10.0,10,100.0,inf,full,both,inf,180.0,0.01,0.0,0.0,256,20,3,0.5,0.1,0.99,10.0,256,20,0,128,0,5.0,4.5,258.4048847711982,1176.4172238508938,0.0,0.0,0.0,
hcw,flee,300.0,1800.0,0.1,0.15,5.0,5.0,10.0,10.0,10,100.0,inf,full,both,inf,180.0,0.01,0.0,0.0,256,20,3,0.5,0.1,0.99,10.0,256,20,0,128,0,5.0,5.0,286.1031687992389,1758.3837736591684,0.0,0.0,0.0,
hcw,flee,300.0,1800.0,0.1,0.15,5.0,5.5,10.0,10.0,10,100.0,inf,full,both,inf,180.0,0.01,0.0,0.0,256,20,3,0.5,0.1,0.99,10.0,256,20,0,128,0,5.0,5.5,300.0,2540.7507063662583,0.0,0.0,0.0,
hcw,flee,300.0,1800.0,0.1,0.15,5.0,6.25,10.0,10.0,10,100.0,inf,full,both,inf,180.0,0.01,0.0,0.0,256,20,3,0.5,0.1,0.99,10.0,256,20,0,128,0,5.0,6.25,300.0,3754.974327851566,0.0,0.0,0.0,
hcw,flee,300.0,1800.0,0.1,0.15,5.0,7.5,10.0,10.0,10,100.0,inf,full,both,inf,180.0,0.01,0.0,0.0,256,20,3,0.5,0.1,0.99,10.0,256,20,0,128,0,5.0,7.5,300.0,5677.368079816141,0.0,0.0,0.0,
hcw,flee,300.0,1800.0,0.1,0.15,5.0,10.0,10.0,10.0,10,100.0,inf,full,both,inf,180.0,0.01,0.0,0.0,256,20,3,0.5,0.1,0.99,10.0,256,20,0,128,0,5.0,10.0,300.0,9054.344731587027,0.0,0.0,0.0,
hcw,flee,300.0,1800.0,0.1,0.15,5.0,inf,10.0,10.0,10,100.0,inf,full,both,inf,180.0,0.01,0.0,0.0,256,20,3,0.5,0.1,0.99,10.0,256,20,0,128,0,5.0,26.99999999999992,300.0,18987.809064953744,0.0,0.0,0.0,
hcw,flee,300.0,1800.0,0.1,0.2,5.0,1.25,10.0,10.0,10,100.0,inf,full,both,inf,180.0,0.01,0.0,0.0,256,20,3,0.5,0.1,0.99,10.0,256,20,0,128,128,4.780431240393501,1.25,9.481557987979336,9.481557987979333,0.0,0.0,1.0,510.0
hcw,flee,300.0,1800.0,0.1,0.2,5.0,2.5,10.0,10.0,10,100.0,inf,full,both,inf,180.0,0.01,0.0,0.0,256,20,3,0.5,0.1,0.99,10.0,256,20,0,128,98,5.0,2.5,6.718060794862693,586.7101200564517,0.0,0.0,0.765625,570.0
hcw,flee,300.0,1800.0,0.1,0.2,5.0,3.75,10.0,10.0,10,100.0,inf,full,both,inf,180.0,0.01,0.0,0.0,256,20,3,0.5,0.1,0.99,10.0,256,20,0,128,4,5.0,3.75,190.01473072868936,1127.6667516928442,0.0,0.0,0.03125,835.0
hcw,flee,300.0,1800.0,0.1,0.2,5.0,4.5,10.0,10.0,10,100.0,inf,full,both,inf,180.0,0.01,0.0,0.0,256,20,3,0.5,0.1,0.99,10.0,256,20,0,128,0,5.0,4.5,273.5221160555668,1546.1051975293226,0.0,0.0,0.0,
hcw,flee,300.0,1800.0,0.1,0.2,5.0,5.0,10.0,10.0,10,100.0,inf,full,both,inf,180.0,0.01,0.0,0.0,256,20,3,0.5,0.1,0.99,10.0,256,20,0,128,0,5.0,5.0,289.67471931545896,2232.166106937935,0.0,0.0,0.0,
hcw,flee,300.0,1800.0,0.1,0.2,5.0,5.5,10.0,10.0,10,100.0,inf,full,both,inf,180.0,0.01,0.0,0.0,256,20,3,0.5,0.1,0.99,10.0,256,20,0,128,0,5.0,5.5,300.0,3087.324661497488,0.0,0.0,0.0,
hcw,flee,300.0,1800.0,0.1,0.2,5.0,6.25,10.0,10.0,10,100.0,inf,full,both,inf,180.0,0.01,0.0,0.0,256,20,3,0.5,0.1,0.99,10.0,256,20,0,128,0,5.0,6.25,300.0,4426.155984140219,0.0,0.0,0.0,
hcw,flee,300.0,1800.0,0.1,0.2,5.0,7.5,10.0,10.0,10,100.0,inf,full,both,inf,180.0,0.01,0.0,0.0,256,20,3,0.5,0.1,0.99,10.0,256,20,0,128,0,5.0,7.5,300.0,6589.293127016992,0.0,0.0,0.0,
hcw,flee,300.0,1800.0,0.1,0.2,5.0,10.0,10.0,10.0,10,100.0,inf,full,both,inf,180.0,0.01,0.0,0.0,256,20,3,0.5,0.1,0.99,10.0,256,20,0,128,0,5.0,10.0,300.0,10537.224513095884,0.0,0.0,0.0,
hcw,flee,300.0,1800.0,0.1,0.2,5.0,inf,10.0,10.0,10,100.0,inf,full,both,inf,180.0,0.01,0.0,0.0,256,20,3,0.5,0.1,0.99,10.0,256,20,0,128,0,5.0,35.99999999999997,300.0,28255.36082336567,0.0,0.0,0.0,
hcw,coast,300.0,1800.0,0.1,0.025,5.0,1.25,10.0,10.0,10,100.0,inf,full,both,inf,180.0,0.01,0.0,0.0,256,20,3,0.5,0.1,0.99,10.0,256,20,0,128,128,3.230227993321954,0.0,9.572978134005687,9.572978134005687,0.0,0.0,1.0,410.0
hcw,coast,300.0,1800.0,0.1,0.025,5.0,2.5,10.0,10.0,10,100.0,inf,full,both,inf,180.0,0.01,0.0,0.0,256,20,3,0.5,0.1,0.99,10.0,256,20,0,128,128,3.230227993321954,0.0,9.572978134005687,9.572978134005687,0.0,0.0,1.0,410.0
hcw,coast,300.0,1800.0,0.1,0.025,5.0,3.75,10.0,10.0,10,100.0,inf,full,both,inf,180.0,0.01,0.0,0.0,256,20,3,0.5,0.1,0.99,10.0,256,20,0,128,128,3.230227993321954,0.0,9.572978134005687,9.572978134005687,0.0,0.0,1.0,410.0
hcw,coast,300.0,1800.0,0.1,0.025,5.0,4.5,10.0,10.0,10,100.0,inf,full,both,inf,180.0,0.01,0.0,0.0,256,20,3,0.5,0.1,0.99,10.0,256,20,0,128,128,3.230227993321954,0.0,9.572978134005687,9.572978134005687,0.0,0.0,1.0,410.0
hcw,coast,300.0,1800.0,0.1,0.025,5.0,5.0,10.0,10.0,10,100.0,inf,full,both,inf,180.0,0.01,0.0,0.0,256,20,3,0.5,0.1,0.99,10.0,256,20,0,128,128,3.230227993321954,0.0,9.572978134005687,9.572978134005687,0.0,0.0,1.0,410.0
hcw,coast,300.0,1800.0,0.1,0.025,5.0,5.5,10.0,10.0,10,100.0,inf,full,both,inf,180.0,0.01,0.0,0.0,256,20,3,0.5,0.1,0.99,10.0,256,20,0,128,128,3.230227993321954,0.0,9.572978134005687,9.572978134005687,0.0,0.0,1.0,410.0
hcw,coast,300.0,1800.0,0.1,0.025,5.0,6.25,10.0,10.0,10,100.0,inf,full,both,inf,180.0,0.01,0.0,0.0,256,20,3,0.5,0.1,0.99,10.0,256,20,0,128,128,3.230227993321954,0.0,9.572978134005687,9.572978134005687,0.0,0.0,1.0,410.0
hcw,coast,300.0,1800.0,0.1,0.025,5.0,7.5,10.0,10.0,10,100.0,inf,full,both,inf,180.0,0.01,0.0,0.0,256,20,3,0.5,0.1,0.99,10.0,256,20,0,128,128,3.230227993321954,0.0,9.572978134005687,9.572978134005687,0.0,0.0,1.0,410.0
hcw,coast,300.0,1800.0,0.1,0.025,5.0,10.0,10.0,10.0,10,100.0,inf,full,both,inf,180.0,0.01,0.0,0.0,256,20,3,0.5,0.1,0.99,10.0,256,20,0,128,128,3.230227993321954,0.0,9.572978134005687,9.572978134005687,0.0,0.0,1.0,410.0
hcw,coast,300.0,1800.0,0.1,0.025,5.0,inf,10.0,10.0,10,100.0,inf,full,both,inf,180.0,0.01,0.0,0.0,256,20,3,0.5,0.1,0.99,10.0,256,20,0,128,128,3.230227993321954,0.0,9.572978134005687,9.572978134005687,0.0,0.0,1.0,410.0
hcw,coast,300.0,1800.0,0.1,0.05,5.0,1.25,10.0,10.0,10,100.0,inf,full,both,inf,180.0,0.01,0.0,0.0,256,20,3,0.5,0.1,0.99,10.0,256,20,0,128,128,3.230227993321954,0.0,9.572978134005687,9.572978134005687,0.0,0.0,1.0,410.0
hcw,coast,300.0,1800.0,0.1,0.05,5.0,2.5,10.0,10.0,10,100.0,inf,full,both,inf,180.0,0.01,0.0,0.0,256,20,3,0.5,0.1,0.99,10.0,256,20,0,128,128,3.230227993321954,0.0,9.572978134005687,9.572978134005687,0.0,0.0,1.0,410.0
hcw,coast,300.0,1800.0,0.1,0.05,5.0,3.75,10.0,10.0,10,100.0,inf,full,both,inf,180.0,0.01,0.0,0.0,256,20,3,0.5,0.1,0.99,10.0,256,20,0,128,128,3.230227993321954,0.0,9.572978134005687,9.572978134005687,0.0,0.0,1.0,410.0
hcw,coast,300.0,1800.0,0.1,0.05,5.0,4.5,10.0,10.0,10,100.0,inf,full,both,inf,180.0,0.01,0.0,0.0,256,20,3,0.5,0.1,0.99,10.0,256,20,0,128,128,3.230227993321954,0.0,9.572978134005687,9.572978134005687,0.0,0.0,1.0,410.0
hcw,coast,300.0,1800.0,0.1,0.05,5.0,5.0,10.0,10.0,10,100.0,inf,full,both,inf,180.0,0.01,0.0,0.0,256,20,3,0.5,0.1,0.99,10.0,256,20,0,128,128,3.230227993321954,0.0,9.572978134005687,9.572978134005687,0.0,0.0,1.0,410.0
hcw,coast,300.0,1800.0,0.1,0.05,5.0,5.5,10.0,10.0,10,100.0,inf,full,both,inf,180.0,0.01,0.0,0.0,256,20,3,0.5,0.1,0.99,10.0,256,20,0,128,128,3.230227993321954,0.0,9.572978134005687,9.572978134005687,0.0,0.0,1.0,410.0
hcw,coast,300.0,1800.0,0.1,0.05,5.0,6.25,10.0,10.0,10,100.0,inf,full,both,inf,180.0,0.01,0.0,0.0,256,20,3,0.5,0.1,0.99,10.0,256,20,0,128,128,3.230227993321954,0.0,9.572978134005687,9.572978134005687,0.0,0.0,1.0,410.0
hcw,coast,300.0,1800.0,0.1,0.05,5.0,7.5,10.0,10.0,10,100.0,inf,full,both,inf,180.0,0.01,0.0,0.0,256,20,3,0.5,0.1,0.99,10.0,256,20,0,128,128,3.230227993321954,0.0,9.572978134005687,9.572978134005687,0.0,0.0,1.0,410.0
hcw,coast,300.0,1800.0,0.1,0.05,5.0,10.0,10.0,10.0,10,100.0,inf,full,both,inf,180.0,0.01,0.0,0.0,256,20,3,0.5,0.1,0.99,10.0,256,20,0,128,128,3.230227993321954,0.0,9.572978134005687,9.572978134005687,0.0,0.0,1.0,410.0
hcw,coast,300.0,1800.0,0.1,0.05,5.0,inf,10.0,10.0,10,100.0,inf,full,both,inf,180.0,0.01,0.0,0.0,256,20,3,0.5,0.1,0.99,10.0,256,20,0,128,128,3.230227993321954,0.0,9.572978134005687,9.572978134005687,0.0,0.0,1.0,410.0
hcw,coast,300.0,1800.0,0.1,0.075,5.0,1.25,10.0,10.0,10,100.0,inf,full,both,inf,180.0,0.01,0.0,0.0,256,20,3,0.5,0.1,0.99,10.0,256,20,0,128,128,3.230227993321954,0.0,9.572978134005687,9.572978134005687,0.0,0.0,1.0,410.0
hcw,coast,300.0,1800.0,0.1,0.075,5.0,2.5,10.0,10.0,10,100.0,inf,full,both,inf,180.0,0.01,0.0,0.0,256,20,3,0.5,0.1,0.99,10.0,256,20,0,128,128,3.230227993321954,0.0,9.572978134005687,9.572978134005687,0.0,0.0,1.0,410.0
hcw,coast,300.0,1800.0,0.1,0.075,5.0,3.75,10.0,10.0,10,100.0,inf,full,both,inf,180.0,0.01,0.0,0.0,256,20,3,0.5,0.1,0.99,10.0,256,20,0,128,128,3.230227993321954,0.0,9.572978134005687,9.572978134005687,0.0,0.0,1.0,410.0
hcw,coast,300.0,1800.0,0.1,0.075,5.0,4.5,10.0,10.0,10,100.0,inf,full,both,inf,180.0,0.01,0.0,0.0,256,20,3,0.5,0.1,0.99,10.0,256,20,0,128,128,3.230227993321954,0.0,9.572978134005687,9.572978134005687,0.0,0.0,1.0,410.0
hcw,coast,300.0,1800.0,0.1,0.075,5.0,5.0,10.0,10.0,10,100.0,inf,full,both,inf,180.0,0.01,0.0,0.0,256,20,3,0.5,0.1,0.99,10.0,256,20,0,128,128,3.230227993321954,0.0,9.572978134005687,9.572978134005687,0.0,0.0,1.0,410.0
hcw,coast,300.0,1800.0,0.1,0.075,5.0,5.5,10.0,10.0,10,100.0,inf,full,both,inf,180.0,0.01,0.0,0.0,256,20,3,0.5,0.1,0.99,10.0,256,20,0,128,128,3.230227993321954,0.0,9.572978134005687,9.572978134005687,0.0,0.0,1.0,410.0
hcw,coast,300.0,1800.0,0.1,0.075,5.0,6.25,10.0,10.0,10,100.0,inf,full,both,inf,180.0,0.01,0.0,0.0,256,20,3,0.5,0.1,0.99,10.0,256,20,0,128,128,3.230227993321954,0.0,9.572978134005687,9.572978134005687,0.0,0.0,1.0,410.0
hcw,coast,300.0,1800.0,0.1,0.075,5.0,7.5,10.0,10.0,10,100.0,inf,full,both,inf,180.0,0.01,0.0,0.0,256,20,3,0.5,0.1,0.99,10.0,256,20,0,128,128,3.230227993321954,0.0,9.572978134005687,9.572978134005687,0.0,0.0,1.0,410.0
hcw,coast,300.0,1800.0,0.1,0.075,5.0,10.0,10.0,10.0,10,100.0,inf,full,both,inf,180.0,0.01,0.0,0.0,256,20,3,0.5,0.1,0.99,10.0,256,20,0,128,128,3.230227993321954,0.0,9.572978134005687,9.572978134005687,0.0,0.0,1.0,410.0
hcw,coast,300.0,1800.0,0.1,0.075,5.0,inf,10.0,10.0,10,100.0,inf,full,both,inf,180.0,0.01,0.0,0.0,256,20,3,0.5,0.1,0.99,10.0,256,20,0,128,128,3.230227993321954,0.0,9.572978134005687,9.572978134005687,0.0,0.0,1.0,410.0
hcw,coast,300.0,1800.0,0.1,0.09,5.0,1.25,10.0,10.0,10,100.0,inf,full,both,inf,180.0,0.01,0.0,0.0,256,20,3,0.5,0.1,0.99,10.0,256,20,0,128,128,3.230227993321954,0.0,9.572978134005687,9.572978134005687,0.0,0.0,1.0,410.0
hcw,coast,300.0,1800.0,0.1,0.09,5.0,2.5,10.0,10.0,10,100.0,inf,full,both,inf,180.0,0.01,0.0,0.0,256,20,3,0.5,0.1,0.99,10.0,256,20,0,128,128,3.230227993321954,0.0,9.572978134005687,9.572978134005687,0.0,0.0,1.0,410.0
hcw,coast,300.0,1800.0,0.1,0.09,5.0,3.75,10.0,10.0,10,100.0,inf,full,both,inf,180.0,0.01,0.0,0.0,256,20,3,0.5,0.1,0.99,10.0,256,20,0,128,128,3.230227993321954,0.0,9.572978134005687,9.572978134005687,0.0,0.0,1.0,410.0
hcw,coast,300.0,1800.0,0.1,0.09,5.0,4.5,10.0,10.0,10,100.0,inf,full,both,inf,180.0,0.01,0.0,0.0,256,20,3,0.5,0.1,0.99,10.0,256,20,0,128,128,3.230227993321954,0.0,9.572978134005687,9.572978134005687,0.0,0.0,1.0,410.0
hcw,coast,300.0,1800.0,0.1,0.09,5.0,5.0,10.0,10.0,10,100.0,inf,full,both,inf,180.0,0.01,0.0,0.0,256,20,3,0.5,0.1,0.99,10.0,256,20,0,128,128,3.230227993321954,0.0,9.572978134005687,9.572978134005687,0.0,0.0,1.0,410.0
hcw,coast,300.0,1800.0,0.1,0.09,5.0,5.5,10.0,10.0,10,100.0,inf,full,both,inf,180.0,0.01,0.0,0.0,256,20,3,0.5,0.1,0.99,10.0,256,20,0,128,128,3.230227993321954,0.0,9.572978134005687,9.572978134005687,0.0,0.0,1.0,410.0
hcw,coast,300.0,1800.0,0.1,0.09,5.0,6.25,10.0,10.0,10,100.0,inf,full,both,inf,180.0,0.01,0.0,0.0,256,20,3,0.5,0.1,0.99,10.0,256,20,0,128,128,3.230227993321954,0.0,9.572978134005687,9.572978134005687,0.0,0.0,1.0,410.0
hcw,coast,300.0,1800.0,0.1,0.09,5.0,7.5,10.0,10.0,10,100.0,inf,full,both,inf,180.0,0.01,0.0,0.0,256,20,3,0.5,0.1,0.99,10.0,256,20,0,128,128,3.230227993321954,0.0,9.572978134005687,9.572978134005687,0.0,0.0,1.0,410.0
hcw,coast,300.0,1800.0,0.1,0.09,5.0,10.0,10.0,10.0,10,100.0,inf,full,both,inf,180.0,0.01,0.0,0.0,256,20,3,0.5,0.1,0.99,10.0,256,20,0,128,128,3.230227993321954,0.0,9.572978134005687,9.572978134005687,0.0,0.0,1.0,410.0
hcw,coast,300.0,1800.0,0.1,0.09,5.0,inf,10.0,10.0,10,100.0,inf,full,both,inf,180.0,0.01,0.0,0.0,256,20,3,0.5,0.1,0.99,10.0,256,20,0,128,128,3.230227993321954,0.0,9.572978134005687,9.572978134005687,0.0,0.0,1.0,410.0
hcw,coast,300.0,1800.0,0.1,0.1,5.0,1.25,10.0,10.0,10,100.0,inf,full,both,inf,180.0,0.01,0.0,0.0,256,20,3,0.5,0.1,0.99,10.0,256,20,0,128,128,3.230227993321954,0.0,9.572978134005687,9.572978134005687,0.0,0.0,1.0,410.0
hcw,coast,300.0,1800.0,0.1,0.1,5.0,2.5,10.0,10.0,10,100.0,inf,full,both,inf,180.0,0.01,0.0,0.0,256,20,3,0.5,0.1,0.99,10.0,256,20,0,128,128,3.230227993321954,0.0,9.572978134005687,9.572978134005687,0.0,0.0,1.0,410.0
hcw,coast,300.0,1800.0,0.1,0.1,5.0,3.75,10.0,10.0,10,100.0,inf,full,both,inf,180.0,0.01,0.0,0.0,256,20,3,0.5,0.1,0.99,10.0,256,20,0,128,128,3.230227993321954,0.0,9.572978134005687,9.572978134005687,0.0,0.0,1.0,410.0
hcw,coast,300.0,1800.0,0.1,0.1,5.0,4.5,10.0,10.0,10,100.0,inf,full,both,inf,180.0,0.01,0.0,0.0,256,20,3,0.5,0.1,0.99,10.0,256,20,0,128,128,3.230227993321954,0.0,9.572978134005687,9.572978134005687,0.0,0.0,1.0,410.0
hcw,coast,300.0,1800.0,0.1,0.1,5.0,5.0,10.0,10.0,10,100.0,inf,full,both,inf,180.0,0.01,0.0,0.0,256,20,3,0.5,0.1,0.99,10.0,256,20,0,128,128,3.230227993321954,0.0,9.572978134005687,9.572978134005687,0.0,0.0,1.0,410.0
hcw,coast,300.0,1800.0,0.1,0.1,5.0,5.5,10.0,10.0,10,100.0,inf,full,both,inf,180.0,0.01,0.0,0.0,256,20,3,0.5,0.1,0.99,10.0,256,20,0,128,128,3.230227993321954,0.0,9.572978134005687,9.572978134005687,0.0,0.0,1.0,410.0
hcw,coast,300.0,1800.0,0.1,0.1,5.0,6.25,10.0,10.0,10,100.0,inf,full,both,inf,180.0,0.01,0.0,0.0,256,20,3,0.5,0.1,0.99,10.0,256,20,0,128,128,3.230227993321954,0.0,9.572978134005687,9.572978134005687,0.0,0.0,1.0,410.0
hcw,coast,300.0,1800.0,0.1,0.1,5.0,7.5,10.0,10.0,10,100.0,inf,full,both,inf,180.0,0.01,0.0,0.0,256,20,3,0.5,0.1,0.99,10.0,256,20,0,128,128,3.230227993321954,0.0,9.572978134005687,9.572978134005687,0.0,0.0,1.0,410.0
hcw,coast,300.0,1800.0,0.1,0.1,5.0,10.0,10.0,10.0,10,100.0,inf,full,both,inf,180.0,0.01,0.0,0.0,256,20,3,0.5,0.1,0.99,10.0,256,20,0,128,128,3.230227993321954,0.0,9.572978134005687,9.572978134005687,0.0,0.0,1.0,410.0
hcw,coast,300.0,1800.0,0.1,0.1,5.0,inf,10.0,10.0,10,100.0,inf,full,both,inf,180.0,0.01,0.0,0.0,256,20,3,0.5,0.1,0.99,10.0,256,20,0,128,128,3.230227993321954,0.0,9.572978134005687,9.572978134005687,0.0,0.0,1.0,410.0
hcw,coast,300.0,1800.0,0.1,0.11,5.0,1.25,10.0,10.0,10,100.0,inf,full,both,inf,180.0,0.01,0.0,0.0,256,20,3,0.5,0.1,0.99,10.0,256,20,0,128,128,3.230227993321954,0.0,9.572978134005687,9.572978134005687,0.0,0.0,1.0,410.0
hcw,coast,300.0,1800.0,0.1,0.11,5.0,2.5,10.0,10.0,10,100.0,inf,full,both,inf,180.0,0.01,0.0,0.0,256,20,3,0.5,0.1,0.99,10.0,256,20,0,128,128,3.230227993321954,0.0,9.572978134005687,9.572978134005687,0.0,0.0,1.0,410.0
hcw,coast,300.0,1800.0,0.1,0.11,5.0,3.75,10.0,10.0,10,100.0,inf,full,both,inf,180.0,0.01,0.0,0.0,256,20,3,0.5,0.1,0.99,10.0,256,20,0,128,128,3.230227993321954,0.0,9.572978134005687,9.572978134005687,0.0,0.0,1.0,410.0
hcw,coast,300.0,1800.0,0.1,0.11,5.0,4.5,10.0,10.0,10,100.0,inf,full,both,inf,180.0,0.01,0.0,0.0,256,20,3,0.5,0.1,0.99,10.0,256,20,0,128,128,3.230227993321954,0.0,9.572978134005687,9.572978134005687,0.0,0.0,1.0,410.0
hcw,coast,300.0,1800.0,0.1,0.11,5.0,5.0,10.0,10.0,10,100.0,inf,full,both,inf,180.0,0.01,0.0,0.0,256,20,3,0.5,0.1,0.99,10.0,256,20,0,128,128,3.230227993321954,0.0,9.572978134005687,9.572978134005687,0.0,0.0,1.0,410.0
hcw,coast,300.0,1800.0,0.1,0.11,5.0,5.5,10.0,10.0,10,100.0,inf,full,both,inf,180.0,0.01,0.0,0.0,256,20,3,0.5,0.1,0.99,10.0,256,20,0,128,128,3.230227993321954,0.0,9.572978134005687,9.572978134005687,0.0,0.0,1.0,410.0
hcw,coast,300.0,1800.0,0.1,0.11,5.0,6.25,10.0,10.0,10,100.0,inf,full,both,inf,180.0,0.01,0.0,0.0,256,20,3,0.5,0.1,0.99,10.0,256,20,0,128,128,3.230227993321954,0.0,9.572978134005687,9.572978134005687,0.0,0.0,1.0,410.0
hcw,coast,300.0,1800.0,0.1,0.11,5.0,7.5,10.0,10.0,10,100.0,inf,full,both,inf,180.0,0.01,0.0,0.0,256,20,3,0.5,0.1,0.99,10.0,256,20,0,128,128,3.230227993321954,0.0,9.572978134005687,9.572978134005687,0.0,0.0,1.0,410.0
hcw,coast,300.0,1800.0,0.1,0.11,5.0,10.0,10.0,10.0,10,100.0,inf,full,both,inf,180.0,0.01,0.0,0.0,256,20,3,0.5,0.1,0.99,10.0,256,20,0,128,128,3.230227993321954,0.0,9.572978134005687,9.572978134005687,0.0,0.0,1.0,410.0
hcw,coast,300.0,1800.0,0.1,0.11,5.0,inf,10.0,10.0,10,100.0,inf,full,both,inf,180.0,0.01,0.0,0.0,256,20,3,0.5,0.1,0.99,10.0,256,20,0,128,128,3.230227993321954,0.0,9.572978134005687,9.572978134005687,0.0,0.0,1.0,410.0
hcw,coast,300.0,1800.0,0.1,0.125,5.0,1.25,10.0,10.0,10,100.0,inf,full,both,inf,180.0,0.01,0.0,0.0,256,20,3,0.5,0.1,0.99,10.0,256,20,0,128,128,3.230227993321954,0.0,9.572978134005687,9.572978134005687,0.0,0.0,1.0,410.0
hcw,coast,300.0,1800.0,0.1,0.125,5.0,2.5,10.0,10.0,10,100.0,inf,full,both,inf,180.0,0.01,0.0,0.0,256,20,3,0.5,0.1,0.99,10.0,256,20,0,128,128,3.230227993321954,0.0,9.572978134005687,9.572978134005687,0.0,0.0,1.0,410.0
hcw,coast,300.0,1800.0,0.1,0.125,5.0,3.75,10.0,10.0,10,100.0,inf,full,both,inf,180.0,0.01,0.0,0.0,256,20,3,0.5,0.1,0.99,10.0,256,20,0,128,128,3.230227993321954,0.0,9.572978134005687,9.572978134005687,0.0,0.0,1.0,410.0
hcw,coast,300.0,1800.0,0.1,0.125,5.0,4.5,10.0,10.0,10,100.0,inf,full,both,inf,180.0,0.01,0.0,0.0,256,20,3,0.5,0.1,0.99,10.0,256,20,0,128,128,3.230227993321954,0.0,9.572978134005687,9.572978134005687,0.0,0.0,1.0,410.0
hcw,coast,300.0,1800.0,0.1,0.125,5.0,5.0,10.0,10.0,10,100.0,inf,full,both,inf,180.0,0.01,0.0,0.0,256,20,3,0.5,0.1,0.99,10.0,256,20,0,128,128,3.230227993321954,0.0,9.572978134005687,9.572978134005687,0.0,0.0,1.0,410.0
hcw,coast,300.0,1800.0,0.1,0.125,5.0,5.5,10.0,10.0,10,100.0,inf,full,both,inf,180.0,0.01,0.0,0.0,256,20,3,0.5,0.1,0.99,10.0,256,20,0,128,128,3.230227993321954,0.0,9.572978134005687,9.572978134005687,0.0,0.0,1.0,410.0
hcw,coast,300.0,1800.0,0.1,0.125,5.0,6.25,10.0,10.0,10,100.0,inf,full,both,inf,180.0,0.01,0.0,0.0,256,20,3,0.5,0.1,0.99,10.0,256,20,0,128,128,3.230227993321954,0.0,9.572978134005687,9.572978134005687,0.0,0.0,1.0,410.0
hcw,coast,300.0,1800.0,0.1,0.125,5.0,7.5,10.0,10.0,10,100.0,inf,full,both,inf,180.0,0.01,0.0,0.0,256,20,3,0.5,0.1,0.99,10.0,256,20,0,128,128,3.230227993321954,0.0,9.572978134005687,9.572978134005687,0.0,0.0,1.0,410.0
hcw,coast,300.0,1800.0,0.1,0.125,5.0,10.0,10.0,10.0,10,100.0,inf,full,both,inf,180.0,0.01,0.0,0.0,256,20,3,0.5,0.1,0.99,10.0,256,20,0,128,128,3.230227993321954,0.0,9.572978134005687,9.572978134005687,0.0,0.0,1.0,410.0
hcw,coast,300.0,1800.0,0.1,0.125,5.0,inf,10.0,10.0,10,100.0,inf,full,both,inf,180.0,0.01,0.0,0.0,256,20,3,0.5,0.1,0.99,10.0,256,20,0,128,128,3.230227993321954,0.0,9.572978134005687,9.572978134005687,0.0,0.0,1.0,410.0
hcw,coast,300.0,1800.0,0.1,0.15,5.0,1.25,10.0,10.0,10,100.0,inf,full,both,inf,180.0,0.01,0.0,0.0,256,20,3,0.5,0.1,0.99,10.0,256,20,0,128,128,3.230227993321954,0.0,9.572978134005687,9.572978134005687,0.0,0.0,1.0,410.0
hcw,coast,300.0,1800.0,0.1,0.15,5.0,2.5,10.0,10.0,10,100.0,inf,full,both,inf,180.0,0.01,0.0,0.0,256,20,3,0.5,0.1,0.99,10.0,256,20,0,128,128,3.230227993321954,0.0,9.572978134005687,9.572978134005687,0.0,0.0,1.0,410.0
hcw,coast,300.0,1800.0,0.1,0.15,5.0,3.75,10.0,10.0,10,100.0,inf,full,both,inf,180.0,0.01,0.0,0.0,256,20,3,0.5,0.1,0.99,10.0,256,20,0,128,128,3.230227993321954,0.0,9.572978134005687,9.572978134005687,0.0,0.0,1.0,410.0
hcw,coast,300.0,1800.0,0.1,0.15,5.0,4.5,10.0,10.0,10,100.0,inf,full,both,inf,180.0,0.01,0.0,0.0,256,20,3,0.5,0.1,0.99,10.0,256,20,0,128,128,3.230227993321954,0.0,9.572978134005687,9.572978134005687,0.0,0.0,1.0,410.0
hcw,coast,300.0,1800.0,0.1,0.15,5.0,5.0,10.0,10.0,10,100.0,inf,full,both,inf,180.0,0.01,0.0,0.0,256,20,3,0.5,0.1,0.99,10.0,256,20,0,128,128,3.230227993321954,0.0,9.572978134005687,9.572978134005687,0.0,0.0,1.0,410.0
hcw,coast,300.0,1800.0,0.1,0.15,5.0,5.5,10.0,10.0,10,100.0,inf,full,both,inf,180.0,0.01,0.0,0.0,256,20,3,0.5,0.1,0.99,10.0,256,20,0,128,128,3.230227993321954,0.0,9.572978134005687,9.572978134005687,0.0,0.0,1.0,410.0
hcw,coast,300.0,1800.0,0.1,0.15,5.0,6.25,10.0,10.0,10,100.0,inf,full,both,inf,180.0,0.01,0.0,0.0,256,20,3,0.5,0.1,0.99,10.0,256,20,0,128,128,3.230227993321954,0.0,9.572978134005687,9.572978134005687,0.0,0.0,1.0,410.0
hcw,coast,300.0,1800.0,0.1,0.15,5.0,7.5,10.0,10.0,10,100.0,inf,full,both,inf,180.0,0.01,0.0,0.0,256,20,3,0.5,0.1,0.99,10.0,256,20,0,128,128,3.230227993321954,0.0,9.572978134005687,9.572978134005687,0.0,0.0,1.0,410.0
hcw,coast,300.0,1800.0,0.1,0.15,5.0,10.0,10.0,10.0,10,100.0,inf,full,both,inf,180.0,0.01,0.0,0.0,256,20,3,0.5,0.1,0.99,10.0,256,20,0,128,128,3.230227993321954,0.0,9.572978134005687,9.572978134005687,0.0,0.0,1.0,410.0
hcw,coast,300.0,1800.0,0.1,0.15,5.0,inf,10.0,10.0,10,100.0,inf,full,both,inf,180.0,0.01,0.0,0.0,256,20,3,0.5,0.1,0.99,10.0,256,20,0,128,128,3.230227993321954,0.0,9.572978134005687,9.572978134005687,0.0,0.0,1.0,410.0
hcw,coast,300.0,1800.0,0.1,0.2,5.0,1.25,10.0,10.0,10,100.0,inf,full,both,inf,180.0,0.01,0.0,0.0,256,20,3,0.5,0.1,0.99,10.0,256,20,0,128,128,3.230227993321954,0.0,9.572978134005687,9.572978134005687,0.0,0.0,1.0,410.0
hcw,coast,300.0,1800.0,0.1,0.2,5.0,2.5,10.0,10.0,10,100.0,inf,full,both,inf,180.0,0.01,0.0,0.0,256,20,3,0.5,0.1,0.99,10.0,256,20,0,128,128,3.230227993321954,0.0,9.572978134005687,9.572978134005687,0.0,0.0,1.0,410.0
hcw,coast,300.0,1800.0,0.1,0.2,5.0,3.75,10.0,10.0,10,100.0,inf,full,both,inf,180.0,0.01,0.0,0.0,256,20,3,0.5,0.1,0.99,10.0,256,20,0,128,128,3.230227993321954,0.0,9.572978134005687,9.572978134005687,0.0,0.0,1.0,410.0
hcw,coast,300.0,1800.0,0.1,0.2,5.0,4.5,10.0,10.0,10,100.0,inf,full,both,inf,180.0,0.01,0.0,0.0,256,20,3,0.5,0.1,0.99,10.0,256,20,0,128,128,3.230227993321954,0.0,9.572978134005687,9.572978134005687,0.0,0.0,1.0,410.0
hcw,coast,300.0,1800.0,0.1,0.2,5.0,5.0,10.0,10.0,10,100.0,inf,full,both,inf,180.0,0.01,0.0,0.0,256,20,3,0.5,0.1,0.99,10.0,256,20,0,128,128,3.230227993321954,0.0,9.572978134005687,9.572978134005687,0.0,0.0,1.0,410.0
hcw,coast,300.0,1800.0,0.1,0.2,5.0,5.5,10.0,10.0,10,100.0,inf,full,both,inf,180.0,0.01,0.0,0.0,256,20,3,0.5,0.1,0.99,10.0,256,20,0,128,128,3.230227993321954,0.0,9.572978134005687,9.572978134005687,0.0,0.0,1.0,410.0
hcw,coast,300.0,1800.0,0.1,0.2,5.0,6.25,10.0,10.0,10,100.0,inf,full,both,inf,180.0,0.01,0.0,0.0,256,20,3,0.5,0.1,0.99,10.0,256,20,0,128,128,3.230227993321954,0.0,9.572978134005687,9.572978134005687,0.0,0.0,1.0,410.0
hcw,coast,300.0,1800.0,0.1,0.2,5.0,7.5,10.0,10.0,10,100.0,inf,full,both,inf,180.0,0.01,0.0,0.0,256,20,3,0.5,0.1,0.99,10.0,256,20,0,128,128,3.230227993321954,0.0,9.572978134005687,9.572978134005687,0.0,0.0,1.0,410.0
hcw,coast,300.0,1800.0,0.1,0.2,5.0,10.0,10.0,10.0,10,100.0,inf,full,both,inf,180.0,0.01,0.0,0.0,256,20,3,0.5,0.1,0.99,10.0,256,20,0,128,128,3.230227993321954,0.0,9.572978134005687,9.572978134005687,0.0,0.0,1.0,410.0
hcw,coast,300.0,1800.0,0.1,0.2,5.0,inf,10.0,10.0,10,100.0,inf,full,both,inf,180.0,0.01,0.0,0.0,256,20,3,0.5,0.1,0.99,10.0,256,20,0,128,128,3.230227993321954,0.0,9.572978134005687,9.572978134005687,0.0,0.0,1.0,410.0
hcw,mppi_direct,300.0,1800.0,0.1,0.025,5.0,1.25,10.0,10.0,10,100.0,inf,full,both,inf,180.0,0.01,0.0,0.0,256,20,3,0.5,0.1,0.99,10.0,256,20,0,128,128,2.895078980382994,0.9003204794281859,9.508378322705646,9.508378322705646,0.0,0.0,1.0,430.0
hcw,mppi_direct,300.0,1800.0,0.1,0.025,5.0,2.5,10.0,10.0,10,100.0,inf,full,both,inf,180.0,0.01,0.0,0.0,256,20,3,0.5,0.1,0.99,10.0,256,20,0,128,128,2.9017115223228456,0.899401219385311,9.51651839038954,9.51651839038954,0.0,0.0,1.0,430.0
hcw,mppi_direct,300.0,1800.0,0.1,0.025,5.0,3.75,10.0,10.0,10,100.0,inf,full,both,inf,180.0,0.01,0.0,0.0,256,20,3,0.5,0.1,0.99,10.0,256,20,0,128,128,2.9017115223228456,0.899401219385311,9.51651839038954,9.51651839038954,0.0,0.0,1.0,430.0
hcw,mppi_direct,300.0,1800.0,0.1,0.025,5.0,4.5,10.0,10.0,10,100.0,inf,full,both,inf,180.0,0.01,0.0,0.0,256,20,3,0.5,0.1,0.99,10.0,256,20,0,128,128,2.9017115223228456,0.899401219385311,9.51651839038954,9.51651839038954,0.0,0.0,1.0,430.0
hcw,mppi_direct,300.0,1800.0,0.1,0.025,5.0,5.0,10.0,10.0,10,100.0,inf,full,both,inf,180.0,0.01,0.0,0.0,256,20,3,0.5,0.1,0.99,10.0,256,20,0,128,128,2.9017115223228456,0.899401219385311,9.51651839038954,9.51651839038954,0.0,0.0,1.0,430.0
hcw,mppi_direct,300.0,1800.0,0.1,0.025,5.0,5.5,10.0,10.0,10,100.0,inf,full,both,inf,180.0,0.01,0.0,0.0,256,20,3,0.5,0.1,0.99,10.0,256,20,0,128,128,2.9017115223228456,0.899401219385311,9.51651839038954,9.51651839038954,0.0,0.0,1.0,430.0
hcw,mppi_direct,300.0,1800.0,0.1,0.025,5.0,6.25,10.0,10.0,10,100.0,inf,full,both,inf,180.0,0.01,0.0,0.0,256,20,3,0.5,0.1,0.99,10.0,256,20,0,128,128,2.9017115223228456,0.899401219385311,9.51651839038954,9.51651839038954,0.0,0.0,1.0,430.0
hcw,mppi_direct,300.0,1800.0,0.1,0.025,5.0,7.5,10.0,10.0,10,100.0,inf,full,both,inf,180.0,0.01,0.0,0.0,256,20,3,0.5,0.1,0.99,10.0,256,20,0,128,128,2.9017115223228456,0.899401219385311,9.51651839038954,9.51651839038954,0.0,0.0,1.0,430.0
hcw,mppi_direct,300.0,1800.0,0.1,0.025,5.0,10.0,10.0,10.0,10,100.0,inf,full,both,inf,180.0,0.01,0.0,0.0,256,20,3,0.5,0.1,0.99,10.0,256,20,0,128,128,2.9017115223228456,0.899401219385311,9.51651839038954,9.51651839038954,0.0,0.0,1.0,430.0
hcw,mppi_direct,300.0,1800.0,0.1,0.025,5.0,inf,10.0,10.0,10,100.0,inf,full,both,inf,180.0,0.01,0.0,0.0,256,20,3,0.5,0.1,0.99,10.0,256,20,0,128,128,2.9017115223228456,0.899401219385311,9.51651839038954,9.51651839038954,0.0,0.0,1.0,430.0
hcw,mppi_direct,300.0,1800.0,0.1,0.05,5.0,1.25,10.0,10.0,10,100.0,inf,full,both,inf,180.0,0.01,0.0,0.0,256,20,3,0.5,0.1,0.99,10.0,256,20,0,128,128,4.708212738524512,1.25,9.505128820711995,9.505128820711995,0.0,0.0,1.0,580.0
hcw,mppi_direct,300.0,1800.0,0.1,0.05,5.0,2.5,10.0,10.0,10,100.0,inf,full,both,inf,180.0,0.01,0.0,0.0,256,20,3,0.5,0.1,0.99,10.0,256,20,0,128,20,4.998330237040095,2.4964315372065693,10.772343462464232,569.9985793380949,0.0,0.0,0.15625,640.0
hcw,mppi_direct,300.0,1800.0,0.1,0.05,5.0,3.75,10.0,10.0,10,100.0,inf,full,both,inf,180.0,0.01,0.0,0.0,256,20,3,0.5,0.1,0.99,10.0,256,20,0,128,5,4.999596856236948,3.696964749909076,11.558266021283885,2084.588144346242,0.0,0.0,0.0390625,620.0
hcw,mppi_direct,300.0,1800.0,0.1,0.05,5.0,4.5,10.0,10.0,10,100.0,inf,full,both,inf,180.0,0.01,0.0,0.0,256,20,3,0.5,0.1,0.99,10.0,256,20,0,128,5,4.999554070563348,4.417653641004933,11.538260781250164,2716.5144225810145,0.0,0.0,0.0390625,620.0
hcw,mppi_direct,300.0,1800.0,0.1,0.05,5.0,5.0,10.0,10.0,10,100.0,inf,full,both,inf,180.0,0.01,0.0,0.0,256,20,3,0.5,0.1,0.99,10.0,256,20,0,128,5,4.999554070563348,4.898122391004933,11.540667767847498,3076.427108655544,0.0,0.0,0.0390625,620.0
hcw,mppi_direct,300.0,1800.0,0.1,0.05,5.0,5.5,10.0,10.0,10,100.0,inf,full,both,inf,180.0,0.01,0.0,0.0,256,20,3,0.5,0.1,0.99,10.0,256,20,0,128,5,4.999554070563348,5.378591141004933,11.54058574998425,3371.991360747825,0.0,0.0,0.0390625,620.0
hcw,mppi_direct,300.0,1800.0,0.1,0.05,5.0,6.25,10.0,10.0,10,100.0,inf,full,both,inf,180.0,0.01,0.0,0.0,256,20,3,0.5,0.1,0.99,10.0,256,20,0,128,5,4.999554070563348,6.099294266004933,11.540585681309455,3714.439035484186,0.0,0.0,0.0390625,620.0
hcw,mppi_direct,300.0,1800.0,0.1,0.05,5.0,7.5,10.0,10.0,10,100.0,inf,full,both,inf,180.0,0.01,0.0,0.0,256,20,3,0.5,0.1,0.99,10.0,256,20,0,128,5,4.999554070563348,7.300466141004933,11.540585681309455,4033.703997877054,0.0,0.0,0.0390625,620.0
hcw,mppi_direct,300.0,1800.0,0.1,0.05,5.0,10.0,10.0,10.0,10,100.0,inf,full,both,inf,180.0,0.01,0.0,0.0,256,20,3,0.5,0.1,0.99,10.0,256,20,0,128,5,4.999554070563348,7.999040353637685,11.540585681309455,4074.1086559602936,0.0,0.0,0.0390625,620.0
hcw,mppi_direct,300.0,1800.0,0.1,0.05,5.0,inf,10.0,10.0,10,100.0,inf,full,both,inf,180.0,0.01,0.0,0.0,256,20,3,0.5,0.1,0.99,10.0,256,20,0,128,5,4.999554070563348,7.999146263685946,11.540585681309455,4074.0622279403833,0.0,0.0,0.0390625,620.0
hcw,mppi_direct,300.0,1800.0,0.1,0.075,5.0,1.25,10.0,10.0,10,100.0,inf,full,both,inf,180.0,0.01,0.0,0.0,256,20,3,0.5,0.1,0.99,10.0,256,20,0,128,128,4.949038660014695,1.25,9.200790159312712,9.20079015931271,0.0,0.0,1.0,615.0
hcw,mppi_direct,300.0,1800.0,0.1,0.075,5.0,2.5,10.0,10.0,10,100.0,inf,full,both,inf,180.0,0.01,0.0,0.0,256,20,3,0.5,0.1,0.99,10.0,256,20,0,128,0,5.0,2.5,17.150921159440518,560.7827881566704,0.0,0.0,0.0,
hcw,mppi_direct,300.0,1800.0,0.1,0.075,5.0,3.75,10.0,10.0,10,100.0,inf,full,both,inf,180.0,0.01,0.0,0.0,256,20,3,0.5,0.1,0.99,10.0,256,20,0,128,0,5.0,3.75,17.63116285618518,2565.059862378409,0.0,0.0,0.0,
hcw,mppi_direct,300.0,1800.0,0.1,0.075,5.0,4.5,10.0,10.0,10,100.0,inf,full,both,inf,180.0,0.01,0.0,0.0,256,20,3,0.5,0.1,0.99,10.0,256,20,0,128,0,5.0,4.5,17.73153704036425,3627.2237106205775,0.0,0.0,0.0,
hcw,mppi_direct,300.0,1800.0,0.1,0.075,5.0,5.0,10.0,10.0,10,100.0,inf,full,both,inf,180.0,0.01,0.0,0.0,256,20,3,0.5,0.1,0.99,10.0,256,20,0,128,0,5.0,5.0,17.74410307915736,4281.22688337289,0.0,0.0,0.0,
hcw,mppi_direct,300.0,1800.0,0.1,0.075,5.0,5.5,10.0,10.0,10,100.0,inf,full,both,inf,180.0,0.01,0.0,0.0,256,20,3,0.5,0.1,0.99,10.0,256,20,0,128,0,5.0,5.5,17.750655812385357,4875.497259227331,0.0,0.0,0.0,
hcw,mppi_direct,300.0,1800.0,0.1,0.075,5.0,6.25,10.0,10.0,10,100.0,inf,full,both,inf,180.0,0.01,0.0,0.0,256,20,3,0.5,0.1,0.99,10.0,256,20,0,128,0,5.0,6.25,17.750774510668826,5641.473513186419,0.0,0.0,0.0,
hcw,mppi_direct,300.0,1800.0,0.1,0.075,5.0,7.5,10.0,10.0,10,100.0,inf,full,both,inf,180.0,0.01,0.0,0.0,256,20,3,0.5,0.1,0.99,10.0,256,20,0,128,0,5.0,7.5,17.750774510668826,6716.236194004947,0.0,0.0,0.0,
hcw,mppi_direct,300.0,1800.0,0.1,0.075,5.0,10.0,10.0,10.0,10,100.0,inf,full,both,inf,180.0,0.01,0.0,0.0,256,20,3,0.5,0.1,0.99,10.0,256,20,0,128,0,5.0,10.0,17.750774510668826,8072.878230748231,0.0,0.0,0.0,
hcw,mppi_direct,300.0,1800.0,0.1,0.075,5.0,inf,10.0,10.0,10,100.0,inf,full,both,inf,180.0,0.01,0.0,0.0,256,20,3,0.5,0.1,0.99,10.0,256,20,0,128,0,5.0,12.70592293584601,17.750774510668826,8525.168351297953,0.0,0.0,0.0,
hcw,mppi_direct,300.0,1800.0,0.1,0.09,5.0,1.25,10.0,10.0,10,100.0,inf,full,both,inf,180.0,0.01,0.0,0.0,256,20,3,0.5,0.1,0.99,10.0,256,20,0,128,128,4.900646117655484,1.25,9.294841382804035,9.29484138280404,0.0,0.0,1.0,610.0
hcw,mppi_direct,300.0,1800.0,0.1,0.09,5.0,2.5,10.0,10.0,10,100.0,inf,full,both,inf,180.0,0.01,0.0,0.0,256,20,3,0.5,0.1,0.99,10.0,256,20,0,128,0,5.0,2.5,21.63576784713767,493.2845573098092,0.0,0.0,0.0,
hcw,mppi_direct,300.0,1800.0,0.1,0.09,5.0,3.75,10.0,10.0,10,100.0,inf,full,both,inf,180.0,0.01,0.0,0.0,256,20,3,0.5,0.1,0.99,10.0,256,20,0,128,0,5.0,3.75,22.34287046037331,2493.1858424755587,0.0,0.0,0.0,
hcw,mppi_direct,300.0,1800.0,0.1,0.09,5.0,4.5,10.0,10.0,10,100.0,inf,full,both,inf,180.0,0.01,0.0,0.0,256,20,3,0.5,0.1,0.99,10.0,256,20,0,128,0,5.0,4.5,22.688584485231235,3645.0375232601377,0.0,0.0,0.0,
hcw,mppi_direct,300.0,1800.0,0.1,0.09,5.0,5.0,10.0,10.0,10,100.0,inf,full,both,inf,180.0,0.01,0.0,0.0,256,20,3,0.5,0.1,0.99,10.0,256,20,0,128,0,5.0,5.0,22.83612679543114,4372.589425521834,0.0,0.0,0.0,
hcw,mppi_direct,300.0,1800.0,0.1,0.09,5.0,5.5,10.0,10.0,10,100.0,inf,full,both,inf,180.0,0.01,0.0,0.0,256,20,3,0.5,0.1,0.99,10.0,256,20,0,128,0,5.0,5.5,22.76532578936464,5032.283158865664,0.0,0.0,0.0,
hcw,mppi_direct,300.0,1800.0,0.1,0.09,5.0,6.25,10.0,10.0,10,100.0,inf,full,both,inf,180.0,0.01,0.0,0.0,256,20,3,0.5,0.1,0.99,10.0,256,20,0,128,0,5.0,6.25,22.796606376223465,5965.495022618484,0.0,0.0,0.0,
hcw,mppi_direct,300.0,1800.0,0.1,0.09,5.0,7.5,10.0,10.0,10,100.0,inf,full,both,inf,180.0,0.01,0.0,0.0,256,20,3,0.5,0.1,0.99,10.0,256,20,0,128,0,5.0,7.5,22.797332829112044,7278.395216343407,0.0,0.0,0.0,
hcw,mppi_direct,300.0,1800.0,0.1,0.09,5.0,10.0,10.0,10.0,10,100.0,inf,full,both,inf,180.0,0.01,0.0,0.0,256,20,3,0.5,0.1,0.99,10.0,256,20,0,128,0,5.0,10.0,22.797332829112044,9221.80589911602,0.0,0.0,0.0,
hcw,mppi_direct,300.0,1800.0,0.1,0.09,5.0,inf,10.0,10.0,10,100.0,inf,full,both,inf,180.0,0.01,0.0,0.0,256,20,3,0.5,0.1,0.99,10.0,256,20,0,128,0,5.0,15.285575282853085,22.797332829112044,10745.4897139858,0.0,0.0,0.0,
hcw,mppi_direct,300.0,1800.0,0.1,0.1,5.0,1.25,10.0,10.0,10,100.0,inf,full,both,inf,180.0,0.01,0.0,0.0,256,20,3,0.5,0.1,0.99,10.0,256,20,0,128,128,4.782238802795707,1.25,9.482592561903765,9.48259256190376,0.0,0.0,1.0,600.0
hcw,mppi_direct,300.0,1800.0,0.1,0.1,5.0,2.5,10.0,10.0,10,100.0,inf,full,both,inf,180.0,0.01,0.0,0.0,256,20,3,0.5,0.1,0.99,10.0,256,20,0,128,0,5.0,2.5,25.24575600005961,458.5477512003563,0.0,0.0,0.0,
hcw,mppi_direct,300.0,1800.0,0.1,0.1,5.0,3.75,10.0,10.0,10,100.0,inf,full,both,inf,180.0,0.01,0.0,0.0,256,20,3,0.5,0.1,0.99,10.0,256,20,0,128,0,5.0,3.75,26.551972952917712,2470.509066050996,0.0,0.0,0.0,
hcw,mppi_direct,300.0,1800.0,0.1,0.1,5.0,4.5,10.0,10.0,10,100.0,inf,full,both,inf,180.0,0.01,0.0,0.0,256,20,3,0.5,0.1,0.99,10.0,256,20,0,128,0,5.0,4.5,27.11903439660934,3675.441912946885,0.0,0.0,0.0,
hcw,mppi_direct,300.0,1800.0,0.1,0.1,5.0,5.0,10.0,10.0,10,100.0,inf,full,both,inf,180.0,0.01,0.0,0.0,256,20,3,0.5,0.1,0.99,10.0,256,20,0,128,0,5.0,5.0,27.01998793300193,4415.299068906896,0.0,0.0,0.0,
hcw,mppi_direct,300.0,1800.0,0.1,0.1,5.0,5.5,10.0,10.0,10,100.0,inf,full,both,inf,180.0,0.01,0.0,0.0,256,20,3,0.5,0.1,0.99,10.0,256,20,0,128,0,5.0,5.5,27.055975908390096,5141.58478458554,0.0,0.0,0.0,
hcw,mppi_direct,300.0,1800.0,0.1,0.1,5.0,6.25,10.0,10.0,10,100.0,inf,full,both,inf,180.0,0.01,0.0,0.0,256,20,3,0.5,0.1,0.99,10.0,256,20,0,128,0,5.0,6.25,26.97558417211622,6106.716232490104,0.0,0.0,0.0,
hcw,mppi_direct,300.0,1800.0,0.1,0.1,5.0,7.5,10.0,10.0,10,100.0,inf,full,both,inf,180.0,0.01,0.0,0.0,256,20,3,0.5,0.1,0.99,10.0,256,20,0,128,0,5.0,7.5,27.007473729486296,7572.208871420212,0.0,0.0,0.0,
hcw,mppi_direct,300.0,1800.0,0.1,0.1,5.0,10.0,10.0,10.0,10,100.0,inf,full,both,inf,180.0,0.01,0.0,0.0,256,20,3,0.5,0.1,0.99,10.0,256,20,0,128,0,5.0,10.0,27.00747583644037,9819.538994452509,0.0,0.0,0.0,
hcw,mppi_direct,300.0,1800.0,0.1,0.1,5.0,inf,10.0,10.0,10,100.0,inf,full,both,inf,180.0,0.01,0.0,0.0,256,20,3,0.5,0.1,0.99,10.0,256,20,0,128,0,5.0,17.00909176195666,27.00747583644037,12259.40990970122,0.0,0.0,0.0,
hcw,mppi_direct,300.0,1800.0,0.1,0.11,5.0,1.25,10.0,10.0,10,100.0,inf,full,both,inf,180.0,0.01,0.0,0.0,256,20,3,0.5,0.1,0.99,10.0,256,20,0,128,128,4.646742097623478,1.25,9.466842903731257,9.46684290373126,0.0,0.0,1.0,580.0
hcw,mppi_direct,300.0,1800.0,0.1,0.11,5.0,2.5,10.0,10.0,10,100.0,inf,full,both,inf,180.0,0.01,0.0,0.0,256,20,3,0.5,0.1,0.99,10.0,256,20,0,128,0,5.0,2.5,28.029748920881357,456.6588549836992,0.0,0.0,0.0,
hcw,mppi_direct,300.0,1800.0,0.1,0.11,5.0,3.75,10.0,10.0,10,100.0,inf,full,both,inf,180.0,0.01,0.0,0.0,256,20,3,0.5,0.1,0.99,10.0,256,20,0,128,0,5.0,3.75,30.116348896611985,2414.5629961263,0.0,0.0,0.0,
hcw,mppi_direct,300.0,1800.0,0.1,0.11,5.0,4.5,10.0,10.0,10,100.0,inf,full,both,inf,180.0,0.01,0.0,0.0,256,20,3,0.5,0.1,0.99,10.0,256,20,0,128,0,5.0,4.5,31.45903345441043,3683.156679345912,0.0,0.0,0.0,
hcw,mppi_direct,300.0,1800.0,0.1,0.11,5.0,5.0,10.0,10.0,10,100.0,inf,full,both,inf,180.0,0.01,0.0,0.0,256,20,3,0.5,0.1,0.99,10.0,256,20,0,128,0,5.0,5.0,31.486397785759056,4468.735154258728,0.0,0.0,0.0,
hcw,mppi_direct,300.0,1800.0,0.1,0.11,5.0,5.5,10.0,10.0,10,100.0,inf,full,both,inf,180.0,0.01,0.0,0.0,256,20,3,0.5,0.1,0.99,10.0,256,20,0,128,0,5.0,5.5,31.04028587653416,5187.2159170918685,0.0,0.0,0.0,
hcw,mppi_direct,300.0,1800.0,0.1,0.11,5.0,6.25,10.0,10.0,10,100.0,inf,full,both,inf,180.0,0.01,0.0,0.0,256,20,3,0.5,0.1,0.99,10.0,256,20,0,128,0,5.0,6.25,31.35484643442869,6239.156412517224,0.0,0.0,0.0,
hcw,mppi_direct,300.0,1800.0,0.1,0.11,5.0,7.5,10.0,10.0,10,100.0,inf,full,both,inf,180.0,0.01,0.0,0.0,256,20,3,0.5,0.1,0.99,10.0,256,20,0,128,0,5.0,7.5,31.22708013082076,7792.07216963712,0.0,0.0,0.0,
hcw,mppi_direct,300.0,1800.0,0.1,0.11,5.0,10.0,10.0,10.0,10,100.0,inf,full,both,inf,180.0,0.01,0.0,0.0,256,20,3,0.5,0.1,0.99,10.0,256,20,0,128,0,5.0,10.0,31.22718343572426,10286.892032973165,0.0,0.0,0.0,
hcw,mppi_direct,300.0,1800.0,0.1,0.11,5.0,inf,10.0,10.0,10,100.0,inf,full,both,inf,180.0,0.01,0.0,0.0,256,20,3,0.5,0.1,0.99,10.0,256,20,0,128,0,5.0,18.724059139307325,31.22718343572426,13784.394009836382,0.0,0.0,0.0,
hcw,mppi_direct,300.0,1800.0,0.1,0.125,5.0,1.25,10.0,10.0,10,100.0,inf,full,both,inf,180.0,0.01,0.0,0.0,256,20,3,0.5,0.1,0.99,10.0,256,20,0,128,128,4.422373534676341,1.25,9.489431316314002,9.495909545712786,0.0,0.0,1.0,560.0
hcw,mppi_direct,300.0,1800.0,0.1,0.125,5.0,2.5,10.0,10.0,10,100.0,inf,full,both,inf,180.0,0.01,0.0,0.0,256,20,3,0.5,0.1,0.99,10.0,256,20,0,128,2,5.0,2.5,37.68066400898903,463.48707546734624,0.0,0.0,0.015625,1035.0
hcw,mppi_direct,300.0,1800.0,0.1,0.125,5.0,3.75,10.0,10.0,10,100.0,inf,full,both,inf,180.0,0.01,0.0,0.0,256,20,3,0.5,0.1,0.99,10.0,256,20,0,128,0,5.0,3.75,37.42940058333289,2369.9075572658016,0.0,0.0,0.0,
hcw,mppi_direct,300.0,1800.0,0.1,0.125,5.0,4.5,10.0,10.0,10,100.0,inf,full,both,inf,180.0,0.01,0.0,0.0,256,20,3,0.5,0.1,0.99,10.0,256,20,0,128,0,5.0,4.5,37.29958776949176,3669.896662128713,0.0,0.0,0.0,
hcw,mppi_direct,300.0,1800.0,0.1,0.125,5.0,5.0,10.0,10.0,10,100.0,inf,full,both,inf,180.0,0.01,0.0,0.0,256,20,3,0.5,0.1,0.99,10.0,256,20,0,128,0,5.0,5.0,39.034168450504936,4502.6026099810215,0.0,0.0,0.0,
hcw,mppi_direct,300.0,1800.0,0.1,0.125,5.0,5.5,10.0,10.0,10,100.0,inf,full,both,inf,180.0,0.01,0.0,0.0,256,20,3,0.5,0.1,0.99,10.0,256,20,0,128,0,5.0,5.5,39.20270946840024,5291.641758838448,0.0,0.0,0.0,
hcw,mppi_direct,300.0,1800.0,0.1,0.125,5.0,6.25,10.0,10.0,10,100.0,inf,full,both,inf,180.0,0.01,0.0,0.0,256,20,3,0.5,0.1,0.99,10.0,256,20,0,128,0,5.0,6.25,38.88880820695727,6405.336289435973,0.0,0.0,0.0,
hcw,mppi_direct,300.0,1800.0,0.1,0.125,5.0,7.5,10.0,10.0,10,100.0,inf,full,both,inf,180.0,0.01,0.0,0.0,256,20,3,0.5,0.1,0.99,10.0,256,20,0,128,0,5.0,7.5,39.23170328037626,8107.461054032438,0.0,0.0,0.0,
hcw,mppi_direct,300.0,1800.0,0.1,0.125,5.0,10.0,10.0,10.0,10,100.0,inf,full,both,inf,180.0,0.01,0.0,0.0,256,20,3,0.5,0.1,0.99,10.0,256,20,0,128,0,5.0,10.0,39.24959301361044,10915.866602047015,0.0,0.0,0.0,
hcw,mppi_direct,300.0,1800.0,0.1,0.125,5.0,inf,10.0,10.0,10,100.0,inf,full,both,inf,180.0,0.01,0.0,0.0,256,20,3,0.5,0.1,0.99,10.0,256,20,0,128,0,5.0,21.308165946130657,39.24959301361044,16167.657445703564,0.0,0.0,0.0,
hcw,mppi_direct,300.0,1800.0,0.1,0.15,5.0,1.25,10.0,10.0,10,100.0,inf,full,both,inf,180.0,0.01,0.0,0.0,256,20,3,0.5,0.1,0.99,10.0,256,20,0,128,128,4.115045515238343,1.25,9.358995565100775,9.36348532721613,0.0,0.0,1.0,520.0
hcw,mppi_direct,300.0,1800.0,0.1,0.15,5.0,2.5,10.0,10.0,10,100.0,inf,full,both,inf,180.0,0.01,0.0,0.0,256,20,3,0.5,0.1,0.99,10.0,256,20,0,128,1,5.0,2.5,46.23513929648006,525.9189853265046,0.0,0.0,0.0078125,900.0
hcw,mppi_direct,300.0,1800.0,0.1,0.15,5.0,3.75,10.0,10.0,10,100.0,inf,full,both,inf,180.0,0.01,0.0,0.0,256,20,3,0.5,0.1,0.99,10.0,256,20,0,128,0,5.0,3.75,52.29173049356174,2300.717946036669,0.0,0.0,0.0,
hcw,mppi_direct,300.0,1800.0,0.1,0.15,5.0,4.5,10.0,10.0,10,100.0,inf,full,both,inf,180.0,0.01,0.0,0.0,256,20,3,0.5,0.1,0.99,10.0,256,20,0,128,0,5.0,4.5,51.87669949375558,3663.9323890105497,0.0,0.0,0.0,
hcw,mppi_direct,300.0,1800.0,0.1,0.15,5.0,5.0,10.0,10.0,10,100.0,inf,full,both,inf,180.0,0.01,0.0,0.0,256,20,3,0.5,0.1,0.99,10.0,256,20,0,128,0,5.0,5.0,54.864857625497294,4568.352765043084,0.0,0.0,0.0,
hcw,mppi_direct,300.0,1800.0,0.1,0.15,5.0,5.5,10.0,10.0,10,100.0,inf,full,both,inf,180.0,0.01,0.0,0.0,256,20,3,0.5,0.1,0.99,10.0,256,20,0,128,0,5.0,5.5,54.325443031618256,5390.985331303376,0.0,0.0,0.0,
hcw,mppi_direct,300.0,1800.0,0.1,0.15,5.0,6.25,10.0,10.0,10,100.0,inf,full,both,inf,180.0,0.01,0.0,0.0,256,20,3,0.5,0.1,0.99,10.0,256,20,0,128,0,5.0,6.25,56.87690935947069,6646.909930822267,0.0,0.0,0.0,
hcw,mppi_direct,300.0,1800.0,0.1,0.15,5.0,7.5,10.0,10.0,10,100.0,inf,full,both,inf,180.0,0.01,0.0,0.0,256,20,3,0.5,0.1,0.99,10.0,256,20,0,128,0,5.0,7.5,57.29191974794817,8493.514793830098,0.0,0.0,0.0,
hcw,mppi_direct,300.0,1800.0,0.1,0.15,5.0,10.0,10.0,10.0,10,100.0,inf,full,both,inf,180.0,0.01,0.0,0.0,256,20,3,0.5,0.1,0.99,10.0,256,20,0,128,0,5.0,10.0,57.88459247892394,11749.496357308062,0.0,0.0,0.0,
hcw,mppi_direct,300.0,1800.0,0.1,0.15,5.0,inf,10.0,10.0,10,100.0,inf,full,both,inf,180.0,0.01,0.0,0.0,256,20,3,0.5,0.1,0.99,10.0,256,20,0,128,0,5.0,25.61068407914524,57.88920258701398,20251.57952959266,0.0,0.0,0.0,
hcw,mppi_direct,300.0,1800.0,0.1,0.2,5.0,1.25,10.0,10.0,10,100.0,inf,full,both,inf,180.0,0.01,0.0,0.0,256,20,3,0.5,0.1,0.99,10.0,256,20,0,128,128,4.048079941422992,1.25,9.438197303002305,9.441224076581014,0.0,0.0,1.0,500.0
hcw,mppi_direct,300.0,1800.0,0.1,0.2,5.0,2.5,10.0,10.0,10,100.0,inf,full,both,inf,180.0,0.01,0.0,0.0,256,20,3,0.5,0.1,0.99,10.0,256,20,0,128,3,5.0,2.5,81.90872569111738,808.8623471227737,0.0,0.0,0.0234375,850.0
hcw,mppi_direct,300.0,1800.0,0.1,0.2,5.0,3.75,10.0,10.0,10,100.0,inf,full,both,inf,180.0,0.01,0.0,0.0,256,20,3,0.5,0.1,0.99,10.0,256,20,0,128,0,5.0,3.75,90.4791719642104,2212.728620190568,0.0,0.0,0.0,
hcw,mppi_direct,300.0,1800.0,0.1,0.2,5.0,4.5,10.0,10.0,10,100.0,inf,full,both,inf,180.0,0.01,0.0,0.0,256,20,3,0.5,0.1,0.99,10.0,256,20,0,128,0,5.0,4.5,95.73373724452806,3691.5509364221393,0.0,0.0,0.0,
hcw,mppi_direct,300.0,1800.0,0.1,0.2,5.0,5.0,10.0,10.0,10,100.0,inf,full,both,inf,180.0,0.01,0.0,0.0,256,20,3,0.5,0.1,0.99,10.0,256,20,0,128,0,5.0,5.0,92.40349709362496,4675.257351424506,0.0,0.0,0.0,
hcw,mppi_direct,300.0,1800.0,0.1,0.2,5.0,5.5,10.0,10.0,10,100.0,inf,full,both,inf,180.0,0.01,0.0,0.0,256,20,3,0.5,0.1,0.99,10.0,256,20,0,128,0,5.0,5.5,90.45796099646368,5582.555551441848,0.0,0.0,0.0,
hcw,mppi_direct,300.0,1800.0,0.1,0.2,5.0,6.25,10.0,10.0,10,100.0,inf,full,both,inf,180.0,0.01,0.0,0.0,256,20,3,0.5,0.1,0.99,10.0,256,20,0,128,0,5.0,6.25,91.83896441419066,6975.318151847479,0.0,0.0,0.0,
hcw,mppi_direct,300.0,1800.0,0.1,0.2,5.0,7.5,10.0,10.0,10,100.0,inf,full,both,inf,180.0,0.01,0.0,0.0,256,20,3,0.5,0.1,0.99,10.0,256,20,0,128,0,5.0,7.5,92.4132815329945,9058.57663941201,0.0,0.0,0.0,
hcw,mppi_direct,300.0,1800.0,0.1,0.2,5.0,10.0,10.0,10.0,10,100.0,inf,full,both,inf,180.0,0.01,0.0,0.0,256,20,3,0.5,0.1,0.99,10.0,256,20,0,128,0,5.0,10.0,92.46159443439244,12992.78164535214,0.0,0.0,0.0,
hcw,mppi_direct,300.0,1800.0,0.1,0.2,5.0,inf,10.0,10.0,10,100.0,inf,full,both,inf,180.0,0.01,0.0,0.0,256,20,3,0.5,0.1,0.99,10.0,256,20,0,128,0,5.0,34.2237560028095,92.67395859243712,28814.283746816945,0.0,0.0,0.0,
hcw,mppi_lqr,300.0,1800.0,0.1,0.025,5.0,1.25,10.0,10.0,10,100.0,inf,full,both,inf,180.0,0.01,0.0,0.0,256,20,3,0.5,0.1,0.99,10.0,256,20,0,128,128,3.206144083447481,0.7876104926588521,9.58443008761324,9.58443008761324,0.0,0.0,1.0,460.0
hcw,mppi_lqr,300.0,1800.0,0.1,0.025,5.0,2.5,10.0,10.0,10,100.0,inf,full,both,inf,180.0,0.01,0.0,0.0,256,20,3,0.5,0.1,0.99,10.0,256,20,0,128,128,3.132478543536524,0.8109156466435871,9.542542387606115,9.542542387606115,0.0,0.0,1.0,460.0
hcw,mppi_lqr,300.0,1800.0,0.1,0.025,5.0,3.75,10.0,10.0,10,100.0,inf,full,both,inf,180.0,0.01,0.0,0.0,256,20,3,0.5,0.1,0.99,10.0,256,20,0,128,128,3.132478543536524,0.8109156466435871,9.542542387606115,9.542542387606115,0.0,0.0,1.0,460.0
hcw,mppi_lqr,300.0,1800.0,0.1,0.025,5.0,4.5,10.0,10.0,10,100.0,inf,full,both,inf,180.0,0.01,0.0,0.0,256,20,3,0.5,0.1,0.99,10.0,256,20,0,128,128,3.132478543536524,0.8109156466435871,9.542542387606115,9.542542387606115,0.0,0.0,1.0,460.0
hcw,mppi_lqr,300.0,1800.0,0.1,0.025,5.0,5.0,10.0,10.0,10,100.0,inf,full,both,inf,180.0,0.01,0.0,0.0,256,20,3,0.5,0.1,0.99,10.0,256,20,0,128,128,3.132478543536524,0.8109156466435871,9.542542387606115,9.542542387606115,0.0,0.0,1.0,460.0
hcw,mppi_lqr,300.0,1800.0,0.1,0.025,5.0,5.5,10.0,10.0,10,100.0,inf,full,both,inf,180.0,0.01,0.0,0.0,256,20,3,0.5,0.1,0.99,10.0,256,20,0,128,128,3.132478543536524,0.8109156466435871,9.542542387606115,9.542542387606115,0.0,0.0,1.0,460.0
hcw,mppi_lqr,300.0,1800.0,0.1,0.025,5.0,6.25,10.0,10.0,10,100.0,inf,full,both,inf,180.0,0.01,0.0,0.0,256,20,3,0.5,0.1,0.99,10.0,256,20,0,128,128,3.132478543536524,0.8109156466435871,9.542542387606115,9.542542387606115,0.0,0.0,1.0,460.0
hcw,mppi_lqr,300.0,1800.0,0.1,0.025,5.0,7.5,10.0,10.0,10,100.0,inf,full,both,inf,180.0,0.01,0.0,0.0,256,20,3,0.5,0.1,0.99,10.0,256,20,0,128,128,3.132478543536524,0.8109156466435871,9.542542387606115,9.542542387606115,0.0,0.0,1.0,460.0
hcw,mppi_lqr,300.0,1800.0,0.1,0.025,5.0,10.0,10.0,10.0,10,100.0,inf,full,both,inf,180.0,0.01,0.0,0.0,256,20,3,0.5,0.1,0.99,10.0,256,20,0,128,128,3.132478543536524,0.8109156466435871,9.542542387606115,9.542542387606115,0.0,0.0,1.0,460.0
hcw,mppi_lqr,300.0,1800.0,0.1,0.025,5.0,inf,10.0,10.0,10,100.0,inf,full,both,inf,180.0,0.01,0.0,0.0,256,20,3,0.5,0.1,0.99,10.0,256,20,0,128,128,3.132478543536524,0.8109156466435871,9.542542387606115,9.542542387606115,0.0,0.0,1.0,460.0
hcw,mppi_lqr,300.0,1800.0,0.1,0.05,5.0,1.25,10.0,10.0,10,100.0,inf,full,both,inf,180.0,0.01,0.0,0.0,256,20,3,0.5,0.1,0.99,10.0,256,20,0,128,128,3.723382935669153,1.25,9.488860338760302,9.4888603387603,0.0,0.0,1.0,500.0
hcw,mppi_lqr,300.0,1800.0,0.1,0.05,5.0,2.5,10.0,10.0,10,100.0,inf,full,both,inf,180.0,0.01,0.0,0.0,256,20,3,0.5,0.1,0.99,10.0,256,20,0,128,128,3.6859635162435,2.1960730180089603,9.682914851070125,9.68291485107012,0.0,0.0,1.0,530.0
hcw,mppi_lqr,300.0,1800.0,0.1,0.05,5.0,3.75,10.0,10.0,10,100.0,inf,full,both,inf,180.0,0.01,0.0,0.0,256,20,3,0.5,0.1,0.99,10.0,256,20,0,128,128,3.8314885789233553,2.2622017009025037,9.686138999519224,9.686575506781814,0.0,0.0,1.0,520.0
hcw,mppi_lqr,300.0,1800.0,0.1,0.05,5.0,4.5,10.0,10.0,10,100.0,inf,full,both,inf,180.0,0.01,0.0,0.0,256,20,3,0.5,0.1,0.99,10.0,256,20,0,128,128,3.874623030946938,2.27030245817196,9.655281374603865,9.65528137460386,0.0,0.0,1.0,510.0
hcw,mppi_lqr,300.0,1800.0,0.1,0.05,5.0,5.0,10.0,10.0,10,100.0,inf,full,both,inf,180.0,0.01,0.0,0.0,256,20,3,0.5,0.1,0.99,10.0,256,20,0,128,128,3.8743219476870103,2.270110914478548,9.665580893689611,9.665580893689617,0.0,0.0,1.0,510.0
hcw,mppi_lqr,300.0,1800.0,0.1,0.05,5.0,5.5,10.0,10.0,10,100.0,inf,full,both,inf,180.0,0.01,0.0,0.0,256,20,3,0.5,0.1,0.99,10.0,256,20,0,128,128,3.8743248784125472,2.2701184310647307,9.665430805058572,9.665430805058564,0.0,0.0,1.0,510.0
hcw,mppi_lqr,300.0,1800.0,0.1,0.05,5.0,6.25,10.0,10.0,10,100.0,inf,full,both,inf,180.0,0.01,0.0,0.0,256,20,3,0.5,0.1,0.99,10.0,256,20,0,128,128,3.8743248784125472,2.2701184310647307,9.665430805058572,9.665430805058564,0.0,0.0,1.0,510.0
hcw,mppi_lqr,300.0,1800.0,0.1,0.05,5.0,7.5,10.0,10.0,10,100.0,inf,full,both,inf,180.0,0.01,0.0,0.0,256,20,3,0.5,0.1,0.99,10.0,256,20,0,128,128,3.8743248784125472,2.2701184310647307,9.665430805058572,9.665430805058564,0.0,0.0,1.0,510.0
hcw,mppi_lqr,300.0,1800.0,0.1,0.05,5.0,10.0,10.0,10.0,10,100.0,inf,full,both,inf,180.0,0.01,0.0,0.0,256,20,3,0.5,0.1,0.99,10.0,256,20,0,128,128,3.8743248784125472,2.2701184310647307,9.665430805058572,9.665430805058564,0.0,0.0,1.0,510.0
hcw,mppi_lqr,300.0,1800.0,0.1,0.05,5.0,inf,10.0,10.0,10,100.0,inf,full,both,inf,180.0,0.01,0.0,0.0,256,20,3,0.5,0.1,0.99,10.0,256,20,0,128,128,3.8743248784125472,2.2701184310647307,9.665430805058572,9.665430805058564,0.0,0.0,1.0,510.0
hcw,mppi_lqr,300.0,1800.0,0.1,0.075,5.0,1.25,10.0,10.0,10,100.0,inf,full,both,inf,180.0,0.01,0.0,0.0,256,20,3,0.5,0.1,0.99,10.0,256,20,0,128,128,4.293253364447394,1.25,9.48770582462224,9.48770582462224,0.0,0.0,1.0,530.0
hcw,mppi_lqr,300.0,1800.0,0.1,0.075,5.0,2.5,10.0,10.0,10,100.0,inf,full,both,inf,180.0,0.01,0.0,0.0,256,20,3,0.5,0.1,0.99,10.0,256,20,0,128,101,4.638811568303971,2.5,21.64294236298031,218.5128668313764,0.0,0.0,0.7890625,570.0
hcw,mppi_lqr,300.0,1800.0,0.1,0.075,5.0,3.75,10.0,10.0,10,100.0,inf,full,both,inf,180.0,0.01,0.0,0.0,256,20,3,0.5,0.1,0.99,10.0,256,20,0,128,7,4.96432102031279,3.75,34.32855609433788,1995.7108609918832,0.0,0.0,0.0546875,610.0
hcw,mppi_lqr,300.0,1800.0,0.1,0.075,5.0,4.5,10.0,10.0,10,100.0,inf,full,both,inf,180.0,0.01,0.0,0.0,256,20,3,0.5,0.1,0.99,10.0,256,20,0,128,0,5.0,4.5,50.50147383025279,3193.7257916951007,0.0,0.0,0.0,
hcw,mppi_lqr,300.0,1800.0,0.1,0.075,5.0,5.0,10.0,10.0,10,100.0,inf,full,both,inf,180.0,0.01,0.0,0.0,256,20,3,0.5,0.1,0.99,10.0,256,20,0,128,0,5.0,5.0,54.90514371319676,3859.2111530008274,0.0,0.0,0.0,
hcw,mppi_lqr,300.0,1800.0,0.1,0.075,5.0,5.5,10.0,10.0,10,100.0,inf,full,both,inf,180.0,0.01,0.0,0.0,256,20,3,0.5,0.1,0.99,10.0,256,20,0,128,0,5.0,5.5,55.38542430235614,4432.460162573063,0.0,0.0,0.0,
hcw,mppi_lqr,300.0,1800.0,0.1,0.075,5.0,6.25,10.0,10.0,10,100.0,inf,full,both,inf,180.0,0.01,0.0,0.0,256,20,3,0.5,0.1,0.99,10.0,256,20,0,128,0,5.0,6.25,55.56321987752029,5262.686645784417,0.0,0.0,0.0,
hcw,mppi_lqr,300.0,1800.0,0.1,0.075,5.0,7.5,10.0,10.0,10,100.0,inf,full,both,inf,180.0,0.01,0.0,0.0,256,20,3,0.5,0.1,0.99,10.0,256,20,0,128,1,5.0,7.467391839820398,55.56528583684199,6314.011988612437,0.0,0.0,0.0078125,500.0
hcw,mppi_lqr,300.0,1800.0,0.1,0.075,5.0,10.0,10.0,10.0,10,100.0,inf,full,both,inf,180.0,0.01,0.0,0.0,256,20,3,0.5,0.1,0.99,10.0,256,20,0,128,1,5.0,9.9478605898204,55.56528537349194,7718.349067157218,0.0,0.0,0.0078125,500.0
hcw,mppi_lqr,300.0,1800.0,0.1,0.075,5.0,inf,10.0,10.0,10,100.0,inf,full,both,inf,180.0,0.01,0.0,0.0,256,20,3,0.5,0.1,0.99,10.0,256,20,0,128,1,5.0,12.762801386446334,55.56528537349194,8219.262173547577,0.0,0.0,0.0078125,500.0
hcw,mppi_lqr,300.0,1800.0,0.1,0.09,5.0,1.25,10.0,10.0,10,100.0,inf,full,both,inf,180.0,0.01,0.0,0.0,256,20,3,0.5,0.1,0.99,10.0,256,20,0,128,128,4.428628366029245,1.25,9.501290029517795,9.501290029517792,0.0,0.0,1.0,530.0
hcw,mppi_lqr,300.0,1800.0,0.1,0.09,5.0,2.5,10.0,10.0,10,100.0,inf,full,both,inf,180.0,0.01,0.0,0.0,256,20,3,0.5,0.1,0.99,10.0,256,20,0,128,56,4.977646867443489,2.5,45.085902464080206,726.6465772183423,0.0,0.0,0.4375,570.0
hcw,mppi_lqr,300.0,1800.0,0.1,0.09,5.0,3.75,10.0,10.0,10,100.0,inf,full,both,inf,180.0,0.01,0.0,0.0,256,20,3,0.5,0.1,0.99,10.0,256,20,0,128,7,4.995109393192587,3.75,155.71065881840718,2001.4733316896304,0.0,0.0,0.0546875,550.0
hcw,mppi_lqr,300.0,1800.0,0.1,0.09,5.0,4.5,10.0,10.0,10,100.0,inf,full,both,inf,180.0,0.01,0.0,0.0,256,20,3,0.5,0.1,0.99,10.0,256,20,0,128,0,5.0,4.5,158.2198216030156,3190.323034050969,0.0,0.0,0.0,
hcw,mppi_lqr,300.0,1800.0,0.1,0.09,5.0,5.0,10.0,10.0,10,100.0,inf,full,both,inf,180.0,0.01,0.0,0.0,256,20,3,0.5,0.1,0.99,10.0,256,20,0,128,0,5.0,5.0,160.52998035169867,3902.0358259289706,0.0,0.0,0.0,
hcw,mppi_lqr,300.0,1800.0,0.1,0.09,5.0,5.5,10.0,10.0,10,100.0,inf,full,both,inf,180.0,0.01,0.0,0.0,256,20,3,0.5,0.1,0.99,10.0,256,20,0,128,0,5.0,5.5,159.51500161158944,4593.373969547519,0.0,0.0,0.0,
hcw,mppi_lqr,300.0,1800.0,0.1,0.09,5.0,6.25,10.0,10.0,10,100.0,inf,full,both,inf,180.0,0.01,0.0,0.0,256,20,3,0.5,0.1,0.99,10.0,256,20,0,128,0,5.0,6.25,158.164489949735,5548.938802563754,0.0,0.0,0.0,
hcw,mppi_lqr,300.0,1800.0,0.1,0.09,5.0,7.5,10.0,10.0,10,100.0,inf,full,both,inf,180.0,0.01,0.0,0.0,256,20,3,0.5,0.1,0.99,10.0,256,20,0,128,0,5.0,7.5,158.0548072021387,6879.681741016003,0.0,0.0,0.0,
hcw,mppi_lqr,300.0,1800.0,0.1,0.09,5.0,10.0,10.0,10.0,10,100.0,inf,full,both,inf,180.0,0.01,0.0,0.0,256,20,3,0.5,0.1,0.99,10.0,256,20,0,128,0,5.0,10.0,158.03430222844418,8931.987281360338,0.0,0.0,0.0,
hcw,mppi_lqr,300.0,1800.0,0.1,0.09,5.0,inf,10.0,10.0,10,100.0,inf,full,both,inf,180.0,0.01,0.0,0.0,256,20,3,0.5,0.1,0.99,10.0,256,20,0,128,0,5.0,15.46033419369572,158.03430222844418,10563.641630707663,0.0,0.0,0.0,
hcw,mppi_lqr,300.0,1800.0,0.1,0.1,5.0,1.25,10.0,10.0,10,100.0,inf,full,both,inf,180.0,0.01,0.0,0.0,256,20,3,0.5,0.1,0.99,10.0,256,20,0,128,128,4.495346967452031,1.25,9.522158093859314,9.522158093859318,0.0,0.0,1.0,530.0
hcw,mppi_lqr,300.0,1800.0,0.1,0.1,5.0,2.5,10.0,10.0,10,100.0,inf,full,both,inf,180.0,0.01,0.0,0.0,256,20,3,0.5,0.1,0.99,10.0,256,20,0,128,51,4.994210116253412,2.5,43.3616139230004,856.8827429665735,0.0,0.0,0.3984375,570.0
hcw,mppi_lqr,300.0,1800.0,0.1,0.1,5.0,3.75,10.0,10.0,10,100.0,inf,full,both,inf,180.0,0.01,0.0,0.0,256,20,3,0.5,0.1,0.99,10.0,256,20,0,128,1,5.0,3.75,221.78259065843272,1859.346569927872,0.0,0.0,0.0078125,580.0
hcw,mppi_lqr,300.0,1800.0,0.1,0.1,5.0,4.5,10.0,10.0,10,100.0,inf,full,both,inf,180.0,0.01,0.0,0.0,256,20,3,0.5,0.1,0.99,10.0,256,20,0,128,0,5.0,4.5,226.7082068262443,2862.0274618022045,0.0,0.0,0.0,
hcw,mppi_lqr,300.0,1800.0,0.1,0.1,5.0,5.0,10.0,10.0,10,100.0,inf,full,both,inf,180.0,0.01,0.0,0.0,256,20,3,0.5,0.1,0.99,10.0,256,20,0,128,0,5.0,5.0,223.5633243565124,3632.010574358151,0.0,0.0,0.0,
hcw,mppi_lqr,300.0,1800.0,0.1,0.1,5.0,5.5,10.0,10.0,10,100.0,inf,full,both,inf,180.0,0.01,0.0,0.0,256,20,3,0.5,0.1,0.99,10.0,256,20,0,128,0,5.0,5.5,222.5460242720495,4366.002470280674,0.0,0.0,0.0,
hcw,mppi_lqr,300.0,1800.0,0.1,0.1,5.0,6.25,10.0,10.0,10,100.0,inf,full,both,inf,180.0,0.01,0.0,0.0,256,20,3,0.5,0.1,0.99,10.0,256,20,0,128,0,5.0,6.25,220.7294973476775,5434.416350773598,0.0,0.0,0.0,
hcw,mppi_lqr,300.0,1800.0,0.1,0.1,5.0,7.5,10.0,10.0,10,100.0,inf,full,both,inf,180.0,0.01,0.0,0.0,256,20,3,0.5,0.1,0.99,10.0,256,20,0,128,0,5.0,7.5,220.5164665665056,6974.447225497176,0.0,0.0,0.0,
hcw,mppi_lqr,300.0,1800.0,0.1,0.1,5.0,10.0,10.0,10.0,10,100.0,inf,full,both,inf,180.0,0.01,0.0,0.0,256,20,3,0.5,0.1,0.99,10.0,256,20,0,128,0,5.0,10.0,220.42370056029708,9324.61982813665,0.0,0.0,0.0,
hcw,mppi_lqr,300.0,1800.0,0.1,0.1,5.0,inf,10.0,10.0,10,100.0,inf,full,both,inf,180.0,0.01,0.0,0.0,256,20,3,0.5,0.1,0.99,10.0,256,20,0,128,0,5.0,17.185599501512687,220.4247396408648,11917.271132754213,0.0,0.0,0.0,
hcw,mppi_lqr,300.0,1800.0,0.1,0.11,5.0,1.25,10.0,10.0,10,100.0,inf,full,both,inf,180.0,0.01,0.0,0.0,256,20,3,0.5,0.1,0.99,10.0,256,20,0,128,128,4.545606241729513,1.25,9.502479915925717,9.502479915925717,0.0,0.0,1.0,530.0
hcw,mppi_lqr,300.0,1800.0,0.1,0.11,5.0,2.5,10.0,10.0,10,100.0,inf,full,both,inf,180.0,0.01,0.0,0.0,256,20,3,0.5,0.1,0.99,10.0,256,20,0,128,51,4.999580352699325,2.5,37.68302325462831,979.148889260716,0.0,0.0,0.3984375,570.0
hcw,mppi_lqr,300.0,1800.0,0.1,0.11,5.0,3.75,10.0,10.0,10,100.0,inf,full,both,inf,180.0,0.01,0.0,0.0,256,20,3,0.5,0.1,0.99,10.0,256,20,0,128,0,5.0,3.75,248.78527618820164,1716.8003709793418,0.0,0.0,0.0,
hcw,mppi_lqr,300.0,1800.0,0.1,0.11,5.0,4.5,10.0,10.0,10,100.0,inf,full,both,inf,180.0,0.01,0.0,0.0,256,20,3,0.5,0.1,0.99,10.0,256,20,0,128,0,5.0,4.5,267.8498775525974,2673.023502840929,0.0,0.0,0.0,
hcw,mppi_lqr,300.0,1800.0,0.1,0.11,5.0,5.0,10.0,10.0,10,100.0,inf,full,both,inf,180.0,0.01,0.0,0.0,256,20,3,0.5,0.1,0.99,10.0,256,20,0,128,0,5.0,5.0,267.79636834844285,3497.093761987707,0.0,0.0,0.0,
hcw,mppi_lqr,300.0,1800.0,0.1,0.11,5.0,5.5,10.0,10.0,10,100.0,inf,full,both,inf,180.0,0.01,0.0,0.0,256,20,3,0.5,0.1,0.99,10.0,256,20,0,128,0,5.0,5.5,266.57655584257003,4287.370948852437,0.0,0.0,0.0,
hcw,mppi_lqr,300.0,1800.0,0.1,0.11,5.0,6.25,10.0,10.0,10,100.0,inf,full,both,inf,180.0,0.01,0.0,0.0,256,20,3,0.5,0.1,0.99,10.0,256,20,0,128,0,5.0,6.25,266.7443679914821,5406.437691908701,0.0,0.0,0.0,
hcw,mppi_lqr,300.0,1800.0,0.1,0.11,5.0,7.5,10.0,10.0,10,100.0,inf,full,both,inf,180.0,0.01,0.0,0.0,256,20,3,0.5,0.1,0.99,10.0,256,20,0,128,0,5.0,7.5,265.6786786638041,7149.516576464857,0.0,0.0,0.0,
hcw,mppi_lqr,300.0,1800.0,0.1,0.11,5.0,10.0,10.0,10.0,10,100.0,inf,full,both,inf,180.0,0.01,0.0,0.0,256,20,3,0.5,0.1,0.99,10.0,256,20,0,128,0,5.0,10.0,265.64877523892926,9821.999917435149,0.0,0.0,0.0,
hcw,mppi_lqr,300.0,1800.0,0.1,0.11,5.0,inf,10.0,10.0,10,100.0,inf,full,both,inf,180.0,0.01,0.0,0.0,256,20,3,0.5,0.1,0.99,10.0,256,20,0,128,0,5.0,18.918236708793334,265.64867242942813,13580.683749960368,0.0,0.0,0.0,
hcw,mppi_lqr,300.0,1800.0,0.1,0.125,5.0,1.25,10.0,10.0,10,100.0,inf,full,both,inf,180.0,0.01,0.0,0.0,256,20,3,0.5,0.1,0.99,10.0,256,20,0,128,128,4.610630785640274,1.25,9.431811855928736,9.431811855928736,0.0,0.0,1.0,530.0
hcw,mppi_lqr,300.0,1800.0,0.1,0.125,5.0,2.5,10.0,10.0,10,100.0,inf,full,both,inf,180.0,0.01,0.0,0.0,256,20,3,0.5,0.1,0.99,10.0,256,20,0,128,53,4.998861552612596,2.5,37.71239089243336,1092.249141010905,0.0,0.0,0.4140625,570.0
hcw,mppi_lqr,300.0,1800.0,0.1,0.125,5.0,3.75,10.0,10.0,10,100.0,inf,full,both,inf,180.0,0.01,0.0,0.0,256,20,3,0.5,0.1,0.99,10.0,256,20,0,128,0,5.0,3.75,255.38947278084163,1609.6793362756523,0.0,0.0,0.0,
hcw,mppi_lqr,300.0,1800.0,0.1,0.125,5.0,4.5,10.0,10.0,10,100.0,inf,full,both,inf,180.0,0.01,0.0,0.0,256,20,3,0.5,0.1,0.99,10.0,256,20,0,128,0,5.0,4.5,289.60832924178754,2470.2876091130083,0.0,0.0,0.0,
hcw,mppi_lqr,300.0,1800.0,0.1,0.125,5.0,5.0,10.0,10.0,10,100.0,inf,full,both,inf,180.0,0.01,0.0,0.0,256,20,3,0.5,0.1,0.99,10.0,256,20,0,128,0,5.0,5.0,291.39943524991554,3387.5018782205225,0.0,0.0,0.0,
hcw,mppi_lqr,300.0,1800.0,0.1,0.125,5.0,5.5,10.0,10.0,10,100.0,inf,full,both,inf,180.0,0.01,0.0,0.0,256,20,3,0.5,0.1,0.99,10.0,256,20,0,128,0,5.0,5.5,291.1793380415276,4279.79613709012,0.0,0.0,0.0,
hcw,mppi_lqr,300.0,1800.0,0.1,0.125,5.0,6.25,10.0,10.0,10,100.0,inf,full,both,inf,180.0,0.01,0.0,0.0,256,20,3,0.5,0.1,0.99,10.0,256,20,0,128,0,5.0,6.25,290.62818221292827,5564.021906838108,0.0,0.0,0.0,
hcw,mppi_lqr,300.0,1800.0,0.1,0.125,5.0,7.5,10.0,10.0,10,100.0,inf,full,both,inf,180.0,0.01,0.0,0.0,256,20,3,0.5,0.1,0.99,10.0,256,20,0,128,0,5.0,7.5,290.7443891457771,7456.61633768913,0.0,0.0,0.0,
hcw,mppi_lqr,300.0,1800.0,0.1,0.125,5.0,10.0,10.0,10.0,10,100.0,inf,full,both,inf,180.0,0.01,0.0,0.0,256,20,3,0.5,0.1,0.99,10.0,256,20,0,128,0,5.0,10.0,290.7635751798177,10623.879610763888,0.0,0.0,0.0,
hcw,mppi_lqr,300.0,1800.0,0.1,0.125,5.0,inf,10.0,10.0,10,100.0,inf,full,both,inf,180.0,0.01,0.0,0.0,256,20,3,0.5,0.1,0.99,10.0,256,20,0,128,0,5.0,21.502909868510468,290.76357567517385,16237.370829808242,0.0,0.0,0.0,
hcw,mppi_lqr,300.0,1800.0,0.1,0.15,5.0,1.25,10.0,10.0,10,100.0,inf,full,both,inf,180.0,0.01,0.0,0.0,256,20,3,0.5,0.1,0.99,10.0,256,20,0,128,128,4.691318699932296,1.25,9.508459175569872,9.508459175569865,0.0,0.0,1.0,530.0
hcw,mppi_lqr,300.0,1800.0,0.1,0.15,5.0,2.5,10.0,10.0,10,100.0,inf,full,both,inf,180.0,0.01,0.0,0.0,256,20,3,0.5,0.1,0.99,10.0,256,20,0,128,44,5.0,2.5,34.65038442085456,1399.0520701895018,0.0,0.0,0.34375,570.0
hcw,mppi_lqr,300.0,1800.0,0.1,0.15,5.0,3.75,10.0,10.0,10,100.0,inf,full,both,inf,180.0,0.01,0.0,0.0,256,20,3,0.5,0.1,0.99,10.0,256,20,0,128,0,5.0,3.75,256.1479474482411,1561.2823234356938,0.0,0.0,0.0,
hcw,mppi_lqr,300.0,1800.0,0.1,0.15,5.0,4.5,10.0,10.0,10,100.0,inf,full,both,inf,180.0,0.01,0.0,0.0,256,20,3,0.5,0.1,0.99,10.0,256,20,0,128,0,5.0,4.5,295.50669180721985,2518.612312421176,0.0,0.0,0.0,
hcw,mppi_lqr,300.0,1800.0,0.1,0.15,5.0,5.0,10.0,10.0,10,100.0,inf,full,both,inf,180.0,0.01,0.0,0.0,256,20,3,0.5,0.1,0.99,10.0,256,20,0,128,0,5.0,5.0,296.69972781483807,3411.8597976507613,0.0,0.0,0.0,
hcw,mppi_lqr,300.0,1800.0,0.1,0.15,5.0,5.5,10.0,10.0,10,100.0,inf,full,both,inf,180.0,0.01,0.0,0.0,256,20,3,0.5,0.1,0.99,10.0,256,20,0,128,0,5.0,5.5,295.66240234903074,4332.584820325823,0.0,0.0,0.0,
hcw,mppi_lqr,300.0,1800.0,0.1,0.15,5.0,6.25,10.0,10.0,10,100.0,inf,full,both,inf,180.0,0.01,0.0,0.0,256,20,3,0.5,0.1,0.99,10.0,256,20,0,128,0,5.0,6.25,295.56577783919994,5714.327384916627,0.0,0.0,0.0,
hcw,mppi_lqr,300.0,1800.0,0.1,0.15,5.0,7.5,10.0,10.0,10,100.0,inf,full,both,inf,180.0,0.01,0.0,0.0,256,20,3,0.5,0.1,0.99,10.0,256,20,0,128,0,5.0,7.5,295.0988865428956,7788.982264774652,0.0,0.0,0.0,
hcw,mppi_lqr,300.0,1800.0,0.1,0.15,5.0,10.0,10.0,10.0,10,100.0,inf,full,both,inf,180.0,0.01,0.0,0.0,256,20,3,0.5,0.1,0.99,10.0,256,20,0,128,0,5.0,10.0,295.07591426654494,11445.752380457236,0.0,0.0,0.0,
hcw,mppi_lqr,300.0,1800.0,0.1,0.15,5.0,inf,10.0,10.0,10,100.0,inf,full,both,inf,180.0,0.01,0.0,0.0,256,20,3,0.5,0.1,0.99,10.0,256,20,0,128,0,5.0,25.778674671077223,295.0755521997549,20459.112153335765,0.0,0.0,0.0,
hcw,mppi_lqr,300.0,1800.0,0.1,0.2,5.0,1.25,10.0,10.0,10,100.0,inf,full,both,inf,180.0,0.01,0.0,0.0,256,20,3,0.5,0.1,0.99,10.0,256,20,0,128,128,4.797597852550522,1.25,9.513023229331582,9.513023229331589,0.0,0.0,1.0,520.0
hcw,mppi_lqr,300.0,1800.0,0.1,0.2,5.0,2.5,10.0,10.0,10,100.0,inf,full,both,inf,180.0,0.01,0.0,0.0,256,20,3,0.5,0.1,0.99,10.0,256,20,0,128,44,5.0,2.5,38.23862085395026,1555.905927247043,0.0,0.0,0.34375,570.0
hcw,mppi_lqr,300.0,1800.0,0.1,0.2,5.0,3.75,10.0,10.0,10,100.0,inf,full,both,inf,180.0,0.01,0.0,0.0,256,20,3,0.5,0.1,0.99,10.0,256,20,0,128,0,5.0,3.75,265.50466046915284,1559.3620896900063,0.0,0.0,0.0,
hcw,mppi_lqr,300.0,1800.0,0.1,0.2,5.0,4.5,10.0,10.0,10,100.0,inf,full,both,inf,180.0,0.01,0.0,0.0,256,20,3,0.5,0.1,0.99,10.0,256,20,0,128,0,5.0,4.5,294.0743808950523,2617.210682642142,0.0,0.0,0.0,
hcw,mppi_lqr,300.0,1800.0,0.1,0.2,5.0,5.0,10.0,10.0,10,100.0,inf,full,both,inf,180.0,0.01,0.0,0.0,256,20,3,0.5,0.1,0.99,10.0,256,20,0,128,0,5.0,5.0,295.5134876057402,3616.8161922514855,0.0,0.0,0.0,
hcw,mppi_lqr,300.0,1800.0,0.1,0.2,5.0,5.5,10.0,10.0,10,100.0,inf,full,both,inf,180.0,0.01,0.0,0.0,256,20,3,0.5,0.1,0.99,10.0,256,20,0,128,0,5.0,5.5,291.55565928710905,4604.9480199535865,0.0,0.0,0.0,
hcw,mppi_lqr,300.0,1800.0,0.1,0.2,5.0,6.25,10.0,10.0,10,100.0,inf,full,both,inf,180.0,0.01,0.0,0.0,256,20,3,0.5,0.1,0.99,10.0,256,20,0,128,0,5.0,6.25,291.9905873539104,6175.183971176839,0.0,0.0,0.0,
hcw,mppi_lqr,300.0,1800.0,0.1,0.2,5.0,7.5,10.0,10.0,10,100.0,inf,full,both,inf,180.0,0.01,0.0,0.0,256,20,3,0.5,0.1,0.99,10.0,256,20,0,128,0,5.0,7.5,292.6737694034913,8172.429768492597,0.0,0.0,0.0,
hcw,mppi_lqr,300.0,1800.0,0.1,0.2,5.0,10.0,10.0,10.0,10,100.0,inf,full,both,inf,180.0,0.01,0.0,0.0,256,20,3,0.5,0.1,0.99,10.0,256,20,0,128,0,5.0,10.0,289.69214134692834,12560.9558778811,0.0,0.0,0.0,
hcw,mppi_lqr,300.0,1800.0,0.1,0.2,5.0,inf,10.0,10.0,10,100.0,inf,full,both,inf,180.0,0.01,0.0,0.0,256,20,3,0.5,0.1,0.99,10.0,256,20,0,128,0,5.0,34.33953352600886,289.5341114142212,29013.231778544432,0.0,0.0,0.0,
hcw,random,300.0,1800.0,0.1,0.025,5.0,1.25,10.0,10.0,10,100.0,inf,full,both,inf,180.0,0.01,0.0,0.0,256,20,3,0.5,0.1,0.99,10.0,256,20,0,128,128,3.310358064988008,0.7581893899349381,9.471312274881726,9.471312274881726,0.0,0.0,1.0,410.0
hcw,random,300.0,1800.0,0.1,0.025,5.0,2.5,10.0,10.0,10,100.0,inf,full,both,inf,180.0,0.01,0.0,0.0,256,20,3,0.5,0.1,0.99,10.0,256,20,0,128,128,3.310358064988008,0.7581893899349381,9.471312274881726,9.471312274881726,0.0,0.0,1.0,410.0
hcw,random,300.0,1800.0,0.1,0.025,5.0,3.75,10.0,10.0,10,100.0,inf,full,both,inf,180.0,0.01,0.0,0.0,256,20,3,0.5,0.1,0.99,10.0,256,20,0,128,128,3.310358064988008,0.7581893899349381,9.471312274881726,9.471312274881726,0.0,0.0,1.0,410.0
hcw,random,300.0,1800.0,0.1,0.025,5.0,4.5,10.0,10.0,10,100.0,inf,full,both,inf,180.0,0.01,0.0,0.0,256,20,3,0.5,0.1,0.99,10.0,256,20,0,128,128,3.310358064988008,0.7581893899349381,9.471312274881726,9.471312274881726,0.0,0.0,1.0,410.0
hcw,random,300.0,1800.0,0.1,0.025,5.0,5.0,10.0,10.0,10,100.0,inf,full,both,inf,180.0,0.01,0.0,0.0,256,20,3,0.5,0.1,0.99,10.0,256,20,0,128,128,3.310358064988008,0.7581893899349381,9.471312274881726,9.471312274881726,0.0,0.0,1.0,410.0
hcw,random,300.0,1800.0,0.1,0.025,5.0,5.5,10.0,10.0,10,100.0,inf,full,both,inf,180.0,0.01,0.0,0.0,256,20,3,0.5,0.1,0.99,10.0,256,20,0,128,128,3.310358064988008,0.7581893899349381,9.471312274881726,9.471312274881726,0.0,0.0,1.0,410.0
hcw,random,300.0,1800.0,0.1,0.025,5.0,6.25,10.0,10.0,10,100.0,inf,full,both,inf,180.0,0.01,0.0,0.0,256,20,3,0.5,0.1,0.99,10.0,256,20,0,128,128,3.310358064988008,0.7581893899349381,9.471312274881726,9.471312274881726,0.0,0.0,1.0,410.0
hcw,random,300.0,1800.0,0.1,0.025,5.0,7.5,10.0,10.0,10,100.0,inf,full,both,inf,180.0,0.01,0.0,0.0,256,20,3,0.5,0.1,0.99,10.0,256,20,0,128,128,3.310358064988008,0.7581893899349381,9.471312274881726,9.471312274881726,0.0,0.0,1.0,410.0
hcw,random,300.0,1800.0,0.1,0.025,5.0,10.0,10.0,10.0,10,100.0,inf,full,both,inf,180.0,0.01,0.0,0.0,256,20,3,0.5,0.1,0.99,10.0,256,20,0,128,128,3.310358064988008,0.7581893899349381,9.471312274881726,9.471312274881726,0.0,0.0,1.0,410.0
hcw,random,300.0,1800.0,0.1,0.025,5.0,inf,10.0,10.0,10,100.0,inf,full,both,inf,180.0,0.01,0.0,0.0,256,20,3,0.5,0.1,0.99,10.0,256,20,0,128,128,3.310358064988008,0.7581893899349381,9.471312274881726,9.471312274881726,0.0,0.0,1.0,410.0
hcw,random,300.0,1800.0,0.1,0.05,5.0,1.25,10.0,10.0,10,100.0,inf,full,both,inf,180.0,0.01,0.0,0.0,256,20,3,0.5,0.1,0.99,10.0,256,20,0,128,128,3.300928564883001,1.2456305255837743,9.456175253386604,9.456175253386604,0.0,0.0,1.0,400.0
hcw,random,300.0,1800.0,0.1,0.05,5.0,2.5,10.0,10.0,10,100.0,inf,full,both,inf,180.0,0.01,0.0,0.0,256,20,3,0.5,0.1,0.99,10.0,256,20,0,128,128,3.444882355832464,1.47842699823155,9.496537091479478,9.496537091479478,0.0,0.0,1.0,400.0
hcw,random,300.0,1800.0,0.1,0.05,5.0,3.75,10.0,10.0,10,100.0,inf,full,both,inf,180.0,0.01,0.0,0.0,256,20,3,0.5,0.1,0.99,10.0,256,20,0,128,128,3.444882355832464,1.47842699823155,9.496537091479478,9.496537091479478,0.0,0.0,1.0,400.0
hcw,random,300.0,1800.0,0.1,0.05,5.0,4.5,10.0,10.0,10,100.0,inf,full,both,inf,180.0,0.01,0.0,0.0,256,20,3,0.5,0.1,0.99,10.0,256,20,0,128,128,3.444882355832464,1.47842699823155,9.496537091479478,9.496537091479478,0.0,0.0,1.0,400.0
hcw,random,300.0,1800.0,0.1,0.05,5.0,5.0,10.0,10.0,10,100.0,inf,full,both,inf,180.0,0.01,0.0,0.0,256,20,3,0.5,0.1,0.99,10.0,256,20,0,128,128,3.444882355832464,1.47842699823155,9.496537091479478,9.496537091479478,0.0,0.0,1.0,400.0
hcw,random,300.0,1800.0,0.1,0.05,5.0,5.5,10.0,10.0,10,100.0,inf,full,both,inf,180.0,0.01,0.0,0.0,256,20,3,0.5,0.1,0.99,10.0,256,20,0,128,128,3.444882355832464,1.47842699823155,9.496537091479478,9.496537091479478,0.0,0.0,1.0,400.0
hcw,random,300.0,1800.0,0.1,0.05,5.0,6.25,10.0,10.0,10,100.0,inf,full,both,inf,180.0,0.01,0.0,0.0,256,20,3,0.5,0.1,0.99,10.0,256,20,0,128,128,3.444882355832464,1.47842699823155,9.496537091479478,9.496537091479478,0.0,0.0,1.0,400.0
hcw,random,300.0,1800.0,0.1,0.05,5.0,7.5,10.0,10.0,10,100.0,inf,full,both,inf,180.0,0.01,0.0,0.0,256,20,3,0.5,0.1,0.99,10.0,256,20,0,128,128,3.444882355832464,1.47842699823155,9.496537091479478,9.496537091479478,0.0,0.0,1.0,400.0
hcw,random,300.0,1800.0,0.1,0.05,5.0,10.0,10.0,10.0,10,100.0,inf,full,both,inf,180.0,0.01,0.0,0.0,256,20,3,0.5,0.1,0.99,10.0,256,20,0,128,128,3.444882355832464,1.47842699823155,9.496537091479478,9.496537091479478,0.0,0.0,1.0,400.0
hcw,random,300.0,1800.0,0.1,0.05,5.0,inf,10.0,10.0,10,100.0,inf,full,both,inf,180.0,0.01,0.0,0.0,256,20,3,0.5,0.1,0.99,10.0,256,20,0,128,128,3.444882355832464,1.47842699823155,9.496537091479478,9.496537091479478,0.0,0.0,1.0,400.0
hcw,random,300.0,1800.0,0.1,0.075,5.0,1.25,10.0,10.0,10,100.0,inf,full,both,inf,180.0,0.01,0.0,0.0,256,20,3,0.5,0.1,0.99,10.0,256,20,0,128,128,3.216970541259913,1.25,9.287494938254094,9.287494938254094,0.0,0.0,1.0,400.0
hcw,random,300.0,1800.0,0.1,0.075,5.0,2.5,10.0,10.0,10,100.0,inf,full,both,inf,180.0,0.01,0.0,0.0,256,20,3,0.5,0.1,0.99,10.0,256,20,0,128,128,3.553770411815519,2.158326713693606,9.144400421192906,9.144400421192906,0.0,0.0,1.0,400.0
hcw,random,300.0,1800.0,0.1,0.075,5.0,3.75,10.0,10.0,10,100.0,inf,full,both,inf,180.0,0.01,0.0,0.0,256,20,3,0.5,0.1,0.99,10.0,256,20,0,128,128,3.5551307343295675,2.1637779494061173,9.151439408689434,9.151439408689434,0.0,0.0,1.0,400.0
hcw,random,300.0,1800.0,0.1,0.075,5.0,4.5,10.0,10.0,10,100.0,inf,full,both,inf,180.0,0.01,0.0,0.0,256,20,3,0.5,0.1,0.99,10.0,256,20,0,128,128,3.5551307343295675,2.1637779494061173,9.151439408689434,9.151439408689434,0.0,0.0,1.0,400.0
hcw,random,300.0,1800.0,0.1,0.075,5.0,5.0,10.0,10.0,10,100.0,inf,full,both,inf,180.0,0.01,0.0,0.0,256,20,3,0.5,0.1,0.99,10.0,256,20,0,128,128,3.5551307343295675,2.1637779494061173,9.151439408689434,9.151439408689434,0.0,0.0,1.0,400.0
hcw,random,300.0,1800.0,0.1,0.075,5.0,5.5,10.0,10.0,10,100.0,inf,full,both,inf,180.0,0.01,0.0,0.0,256,20,3,0.5,0.1,0.99,10.0,256,20,0,128,128,3.5551307343295675,2.1637779494061173,9.151439408689434,9.151439408689434,0.0,0.0,1.0,400.0
hcw,random,300.0,1800.0,0.1,0.075,5.0,6.25,10.0,10.0,10,100.0,inf,full,both,inf,180.0,0.01,0.0,0.0,256,20,3,0.5,0.1,0.99,10.0,256,20,0,128,128,3.5551307343295675,2.1637779494061173,9.151439408689434,9.151439408689434,0.0,0.0,1.0,400.0
hcw,random,300.0,1800.0,0.1,0.075,5.0,7.5,10.0,10.0,10,100.0,inf,full,both,inf,180.0,0.01,0.0,0.0,256,20,3,0.5,0.1,0.99,10.0,256,20,0,128,128,3.5551307343295675,2.1637779494061173,9.151439408689434,9.151439408689434,0.0,0.0,1.0,400.0
hcw,random,300.0,1800.0,0.1,0.075,5.0,10.0,10.0,10.0,10,100.0,inf,full,both,inf,180.0,0.01,0.0,0.0,256,20,3,0.5,0.1,0.99,10.0,256,20,0,128,128,3.5551307343295675,2.1637779494061173,9.151439408689434,9.151439408689434,0.0,0.0,1.0,400.0
hcw,random,300.0,1800.0,0.1,0.075,5.0,inf,10.0,10.0,10,100.0,inf,full,both,inf,180.0,0.01,0.0,0.0,256,20,3,0.5,0.1,0.99,10.0,256,20,0,128,128,3.5551307343295675,2.1637779494061173,9.151439408689434,9.151439408689434,0.0,0.0,1.0,400.0
hcw,random,300.0,1800.0,0.1,0.09,5.0,1.25,10.0,10.0,10,100.0,inf,full,both,inf,180.0,0.01,0.0,0.0,256,20,3,0.5,0.1,0.99,10.0,256,20,0,128,128,3.239761745243281,1.25,9.370472804018643,9.370472804018643,0.0,0.0,1.0,400.0
hcw,random,300.0,1800.0,0.1,0.09,5.0,2.5,10.0,10.0,10,100.0,inf,full,both,inf,180.0,0.01,0.0,0.0,256,20,3,0.5,0.1,0.99,10.0,256,20,0,128,128,3.480297381438504,2.38795214117858,9.168797570916963,9.16879757091696,0.0,0.0,1.0,395.0
hcw,random,300.0,1800.0,0.1,0.09,5.0,3.75,10.0,10.0,10,100.0,inf,full,both,inf,180.0,0.01,0.0,0.0,256,20,3,0.5,0.1,0.99,10.0,256,20,0,128,128,3.6097392639516217,2.5714109856707226,9.129353544848936,9.129353544848936,0.0,0.0,1.0,390.0
hcw,random,300.0,1800.0,0.1,0.09,5.0,4.5,10.0,10.0,10,100.0,inf,full,both,inf,180.0,0.01,0.0,0.0,256,20,3,0.5,0.1,0.99,10.0,256,20,0,128,128,3.6097392639516217,2.5714109856707226,9.129353544848936,9.129353544848936,0.0,0.0,1.0,390.0
hcw,random,300.0,1800.0,0.1,0.09,5.0,5.0,10.0,10.0,10,100.0,inf,full,both,inf,180.0,0.01,0.0,0.0,256,20,3,0.5,0.1,0.99,10.0,256,20,0,128,128,3.6097392639516217,2.5714109856707226,9.129353544848936,9.129353544848936,0.0,0.0,1.0,390.0
hcw,random,300.0,1800.0,0.1,0.09,5.0,5.5,10.0,10.0,10,100.0,inf,full,both,inf,180.0,0.01,0.0,0.0,256,20,3,0.5,0.1,0.99,10.0,256,20,0,128,128,3.6097392639516217,2.5714109856707226,9.129353544848936,9.129353544848936,0.0,0.0,1.0,390.0
hcw,random,300.0,1800.0,0.1,0.09,5.0,6.25,10.0,10.0,10,100.0,inf,full,both,inf,180.0,0.01,0.0,0.0,256,20,3,0.5,0.1,0.99,10.0,256,20,0,128,128,3.6097392639516217,2.5714109856707226,9.129353544848936,9.129353544848936,0.0,0.0,1.0,390.0
hcw,random,300.0,1800.0,0.1,0.09,5.0,7.5,10.0,10.0,10,100.0,inf,full,both,inf,180.0,0.01,0.0,0.0,256,20,3,0.5,0.1,0.99,10.0,256,20,0,128,128,3.6097392639516217,2.5714109856707226,9.129353544848936,9.129353544848936,0.0,0.0,1.0,390.0
hcw,random,300.0,1800.0,0.1,0.09,5.0,10.0,10.0,10.0,10,100.0,inf,full,both,inf,180.0,0.01,0.0,0.0,256,20,3,0.5,0.1,0.99,10.0,256,20,0,128,128,3.6097392639516217,2.5714109856707226,9.129353544848936,9.129353544848936,0.0,0.0,1.0,390.0
hcw,random,300.0,1800.0,0.1,0.09,5.0,inf,10.0,10.0,10,100.0,inf,full,both,inf,180.0,0.01,0.0,0.0,256,20,3,0.5,0.1,0.99,10.0,256,20,0,128,128,3.6097392639516217,2.5714109856707226,9.129353544848936,9.129353544848936,0.0,0.0,1.0,390.0
hcw,random,300.0,1800.0,0.1,0.1,5.0,1.25,10.0,10.0,10,100.0,inf,full,both,inf,180.0,0.01,0.0,0.0,256,20,3,0.5,0.1,0.99,10.0,256,20,0,128,128,3.2478835713037064,1.25,9.480256535020407,9.480256535020407,0.0,0.0,1.0,400.0
hcw,random,300.0,1800.0,0.1,0.1,5.0,2.5,10.0,10.0,10,100.0,inf,full,both,inf,180.0,0.01,0.0,0.0,256,20,3,0.5,0.1,0.99,10.0,256,20,0,128,128,3.374793516224769,2.453554367837864,9.192786325372092,9.1964477084399,0.0,0.0,1.0,390.0
hcw,random,300.0,1800.0,0.1,0.1,5.0,3.75,10.0,10.0,10,100.0,inf,full,both,inf,180.0,0.01,0.0,0.0,256,20,3,0.5,0.1,0.99,10.0,256,20,0,128,128,3.633616924410658,2.8400846158348907,9.1363154652905,9.140437952945682,0.0,0.0,1.0,390.0
hcw,random,300.0,1800.0,0.1,0.1,5.0,4.5,10.0,10.0,10,100.0,inf,full,both,inf,180.0,0.01,0.0,0.0,256,20,3,0.5,0.1,0.99,10.0,256,20,0,128,128,3.633616924410658,2.8400846158348907,9.1363154652905,9.140437952945682,0.0,0.0,1.0,390.0
hcw,random,300.0,1800.0,0.1,0.1,5.0,5.0,10.0,10.0,10,100.0,inf,full,both,inf,180.0,0.01,0.0,0.0,256,20,3,0.5,0.1,0.99,10.0,256,20,0,128,128,3.633616924410658,2.8400846158348907,9.1363154652905,9.140437952945682,0.0,0.0,1.0,390.0
hcw,random,300.0,1800.0,0.1,0.1,5.0,5.5,10.0,10.0,10,100.0,inf,full,both,inf,180.0,0.01,0.0,0.0,256,20,3,0.5,0.1,0.99,10.0,256,20,0,128,128,3.633616924410658,2.8400846158348907,9.1363154652905,9.140437952945682,0.0,0.0,1.0,390.0
hcw,random,300.0,1800.0,0.1,0.1,5.0,6.25,10.0,10.0,10,100.0,inf,full,both,inf,180.0,0.01,0.0,0.0,256,20,3,0.5,0.1,0.99,10.0,256,20,0,128,128,3.633616924410658,2.8400846158348907,9.1363154652905,9.140437952945682,0.0,0.0,1.0,390.0
hcw,random,300.0,1800.0,0.1,0.1,5.0,7.5,10.0,10.0,10,100.0,inf,full,both,inf,180.0,0.01,0.0,0.0,256,20,3,0.5,0.1,0.99,10.0,256,20,0,128,128,3.633616924410658,2.8400846158348907,9.1363154652905,9.140437952945682,0.0,0.0,1.0,390.0
hcw,random,300.0,1800.0,0.1,0.1,5.0,10.0,10.0,10.0,10,100.0,inf,full,both,inf,180.0,0.01,0.0,0.0,256,20,3,0.5,0.1,0.99,10.0,256,20,0,128,128,3.633616924410658,2.8400846158348907,9.1363154652905,9.140437952945682,0.0,0.0,1.0,390.0
hcw,random,300.0,1800.0,0.1,0.1,5.0,inf,10.0,10.0,10,100.0,inf,full,both,inf,180.0,0.01,0.0,0.0,256,20,3,0.5,0.1,0.99,10.0,256,20,0,128,128,3.633616924410658,2.8400846158348907,9.1363154652905,9.140437952945682,0.0,0.0,1.0,390.0
hcw,random,300.0,1800.0,0.1,0.11,5.0,1.25,10.0,10.0,10,100.0,inf,full,both,inf,180.0,0.01,0.0,0.0,256,20,3,0.5,0.1,0.99,10.0,256,20,0,128,128,3.2438470081271653,1.25,9.418153549994829,9.418153549994829,0.0,0.0,1.0,400.0
hcw,random,300.0,1800.0,0.1,0.11,5.0,2.5,10.0,10.0,10,100.0,inf,full,both,inf,180.0,0.01,0.0,0.0,256,20,3,0.5,0.1,0.99,10.0,256,20,0,128,128,3.351397608762147,2.485968354368297,9.250532442942456,9.250666962670987,0.0,0.0,1.0,390.0
hcw,random,300.0,1800.0,0.1,0.11,5.0,3.75,10.0,10.0,10,100.0,inf,full,both,inf,180.0,0.01,0.0,0.0,256,20,3,0.5,0.1,0.99,10.0,256,20,0,128,128,3.704179535468784,3.142202429065197,9.185341039330623,9.185587387411578,0.0,0.0,1.0,390.0
hcw,random,300.0,1800.0,0.1,0.11,5.0,4.5,10.0,10.0,10,100.0,inf,full,both,inf,180.0,0.01,0.0,0.0,256,20,3,0.5,0.1,0.99,10.0,256,20,0,128,128,3.715193500854372,3.167550136250285,9.171772852089578,9.17201920017053,0.0,0.0,1.0,390.0
hcw,random,300.0,1800.0,0.1,0.11,5.0,5.0,10.0,10.0,10,100.0,inf,full,both,inf,180.0,0.01,0.0,0.0,256,20,3,0.5,0.1,0.99,10.0,256,20,0,128,128,3.715193500854372,3.170940284637477,9.159800374270793,9.160046722351744,0.0,0.0,1.0,390.0
hcw,random,300.0,1800.0,0.1,0.11,5.0,5.5,10.0,10.0,10,100.0,inf,full,both,inf,180.0,0.01,0.0,0.0,256,20,3,0.5,0.1,0.99,10.0,256,20,0,128,128,3.715193500854372,3.170940284637477,9.159800374270793,9.160046722351744,0.0,0.0,1.0,390.0
hcw,random,300.0,1800.0,0.1,0.11,5.0,6.25,10.0,10.0,10,100.0,inf,full,both,inf,180.0,0.01,0.0,0.0,256,20,3,0.5,0.1,0.99,10.0,256,20,0,128,128,3.715193500854372,3.170940284637477,9.159800374270793,9.160046722351744,0.0,0.0,1.0,390.0
hcw,random,300.0,1800.0,0.1,0.11,5.0,7.5,10.0,10.0,10,100.0,inf,full,both,inf,180.0,0.01,0.0,0.0,256,20,3,0.5,0.1,0.99,10.0,256,20,0,128,128,3.715193500854372,3.170940284637477,9.159800374270793,9.160046722351744,0.0,0.0,1.0,390.0
hcw,random,300.0,1800.0,0.1,0.11,5.0,10.0,10.0,10.0,10,100.0,inf,full,both,inf,180.0,0.01,0.0,0.0,256,20,3,0.5,0.1,0.99,10.0,256,20,0,128,128,3.715193500854372,3.170940284637477,9.159800374270793,9.160046722351744,0.0,0.0,1.0,390.0
hcw,random,300.0,1800.0,0.1,0.11,5.0,inf,10.0,10.0,10,100.0,inf,full,both,inf,180.0,0.01,0.0,0.0,256,20,3,0.5,0.1,0.99,10.0,256,20,0,128,128,3.715193500854372,3.170940284637477,9.159800374270793,9.160046722351744,0.0,0.0,1.0,390.0
hcw,random,300.0,1800.0,0.1,0.125,5.0,1.25,10.0,10.0,10,100.0,inf,full,both,inf,180.0,0.01,0.0,0.0,256,20,3,0.5,0.1,0.99,10.0,256,20,0,128,128,3.255738068411326,1.25,9.517212874711705,9.517212874711705,0.0,0.0,1.0,400.0
hcw,random,300.0,1800.0,0.1,0.125,5.0,2.5,10.0,10.0,10,100.0,inf,full,both,inf,180.0,0.01,0.0,0.0,256,20,3,0.5,0.1,0.99,10.0,256,20,0,128,128,3.280510977536214,2.497796189407984,9.250702955355868,9.25338170515554,0.0,0.0,1.0,400.0
hcw,random,300.0,1800.0,0.1,0.125,5.0,3.75,10.0,10.0,10,100.0,inf,full,both,inf,180.0,0.01,0.0,0.0,256,20,3,0.5,0.1,0.99,10.0,256,20,0,128,128,3.707251102569553,3.449913739213745,9.212666882097215,9.213945967235071,0.0,0.0,1.0,395.0
hcw,random,300.0,1800.0,0.1,0.125,5.0,4.5,10.0,10.0,10,100.0,inf,full,both,inf,180.0,0.01,0.0,0.0,256,20,3,0.5,0.1,0.99,10.0,256,20,0,128,128,3.7879720772316863,3.609088630628276,9.154098908540622,9.155377993678478,0.0,0.0,1.0,400.0
hcw,random,300.0,1800.0,0.1,0.125,5.0,5.0,10.0,10.0,10,100.0,inf,full,both,inf,180.0,0.01,0.0,0.0,256,20,3,0.5,0.1,0.99,10.0,256,20,0,128,126,3.791312159420849,3.6337909384789366,9.179097328630458,13.290299090584826,0.0,0.0,0.984375,400.0
hcw,random,300.0,1800.0,0.1,0.125,5.0,5.5,10.0,10.0,10,100.0,inf,full,both,inf,180.0,0.01,0.0,0.0,256,20,3,0.5,0.1,0.99,10.0,256,20,0,128,126,3.791312159420849,3.649504529192739,9.161959576034011,18.42702753022925,0.0,0.0,0.984375,400.0
hcw,random,300.0,1800.0,0.1,0.125,5.0,6.25,10.0,10.0,10,100.0,inf,full,both,inf,180.0,0.01,0.0,0.0,256,20,3,0.5,0.1,0.99,10.0,256,20,0,128,126,3.791312159420849,3.6626575976681455,9.150683342880098,19.71697168145163,0.0,0.0,0.984375,400.0
hcw,random,300.0,1800.0,0.1,0.125,5.0,7.5,10.0,10.0,10,100.0,inf,full,both,inf,180.0,0.01,0.0,0.0,256,20,3,0.5,0.1,0.99,10.0,256,20,0,128,126,3.791312159420849,3.6821888476681455,9.150683342880098,18.19419426679127,0.0,0.0,0.984375,400.0
hcw,random,300.0,1800.0,0.1,0.125,5.0,10.0,10.0,10.0,10,100.0,inf,full,both,inf,180.0,0.01,0.0,0.0,256,20,3,0.5,0.1,0.99,10.0,256,20,0,128,126,3.791312159420849,3.7212513476681455,9.150683342880098,19.7068446133298,0.0,0.0,0.984375,400.0
hcw,random,300.0,1800.0,0.1,0.125,5.0,inf,10.0,10.0,10,100.0,inf,full,both,inf,180.0,0.01,0.0,0.0,256,20,3,0.5,0.1,0.99,10.0,256,20,0,128,126,3.791312159420849,3.829600188309993,9.150683342880098,21.055257256739758,0.0,0.0,0.984375,400.0
hcw,random,300.0,1800.0,0.1,0.15,5.0,1.25,10.0,10.0,10,100.0,inf,full,both,inf,180.0,0.01,0.0,0.0,256,20,3,0.5,0.1,0.99,10.0,256,20,0,128,128,3.2697580472238474,1.25,9.475130537549274,9.475130537549274,0.0,0.0,1.0,400.0
hcw,random,300.0,1800.0,0.1,0.15,5.0,2.5,10.0,10.0,10,100.0,inf,full,both,inf,180.0,0.01,0.0,0.0,256,20,3,0.5,0.1,0.99,10.0,256,20,0,128,128,3.3026183408860126,2.5,9.12518528071966,9.125347029577677,0.0,0.0,1.0,390.0
hcw,random,300.0,1800.0,0.1,0.15,5.0,3.75,10.0,10.0,10,100.0,inf,full,both,inf,180.0,0.01,0.0,0.0,256,20,3,0.5,0.1,0.99,10.0,256,20,0,128,128,3.607023587681861,3.665708730649231,9.284367479506097,9.29753862690402,0.0,0.0,1.0,395.0
hcw,random,300.0,1800.0,0.1,0.15,5.0,4.5,10.0,10.0,10,100.0,inf,full,both,inf,180.0,0.01,0.0,0.0,256,20,3,0.5,0.1,0.99,10.0,256,20,0,128,128,3.8042244451734137,4.153067426929685,9.150773653320252,9.1637254075571,0.0,0.0,1.0,390.0
hcw,random,300.0,1800.0,0.1,0.15,5.0,5.0,10.0,10.0,10,100.0,inf,full,both,inf,180.0,0.01,0.0,0.0,256,20,3,0.5,0.1,0.99,10.0,256,20,0,128,128,3.8815338808689535,4.331281512258248,9.089684529489976,9.102636283726824,0.0,0.0,1.0,390.0
hcw,random,300.0,1800.0,0.1,0.15,5.0,5.5,10.0,10.0,10,100.0,inf,full,both,inf,180.0,0.01,0.0,0.0,256,20,3,0.5,0.1,0.99,10.0,256,20,0,128,127,3.909158627613065,4.42630750841634,9.139926280421257,13.718246675574685,0.0,0.0,0.9921875,390.0
hcw,random,300.0,1800.0,0.1,0.15,5.0,6.25,10.0,10.0,10,100.0,inf,full,both,inf,180.0,0.01,0.0,0.0,256,20,3,0.5,0.1,0.99,10.0,256,20,0,128,118,3.9129464247434536,4.508954079915847,9.532363451805466,54.355512100009,0.0,0.0,0.921875,390.0
hcw,random,300.0,1800.0,0.1,0.15,5.0,7.5,10.0,10.0,10,100.0,inf,full,both,inf,180.0,0.01,0.0,0.0,256,20,3,0.5,0.1,0.99,10.0,256,20,0,128,120,3.9129464247434536,4.596634882268769,9.45349237505173,63.25242033228345,0.0,0.0,0.9375,390.0
hcw,random,300.0,1800.0,0.1,0.15,5.0,10.0,10.0,10.0,10,100.0,inf,full,both,inf,180.0,0.01,0.0,0.0,256,20,3,0.5,0.1,0.99,10.0,256,20,0,128,120,3.9129464247434536,4.752884882268769,9.45349237505173,64.05609134051677,0.0,0.0,0.9375,390.0
hcw,random,300.0,1800.0,0.1,0.15,5.0,inf,10.0,10.0,10,100.0,inf,full,both,inf,180.0,0.01,0.0,0.0,256,20,3,0.5,0.1,0.99,10.0,256,20,0,128,120,3.9129464247434536,5.398583906347298,9.45349237505173,71.33215209849966,0.0,0.0,0.9375,390.0
hcw,random,300.0,1800.0,0.1,0.2,5.0,1.25,10.0,10.0,10,100.0,inf,full,both,inf,180.0,0.01,0.0,0.0,256,20,3,0.5,0.1,0.99,10.0,256,20,0,128,128,3.2894077250149105,1.25,9.498576288892185,9.498576288892185,0.0,0.0,1.0,400.0
hcw,random,300.0,1800.0,0.1,0.2,5.0,2.5,10.0,10.0,10,100.0,inf,full,both,inf,180.0,0.01,0.0,0.0,256,20,3,0.5,0.1,0.99,10.0,256,20,0,128,128,3.376596037999,2.5,9.393853727870557,9.39385372787056,0.0,0.0,1.0,400.0
hcw,random,300.0,1800.0,0.1,0.2,5.0,3.75,10.0,10.0,10,100.0,inf,full,both,inf,180.0,0.01,0.0,0.0,256,20,3,0.5,0.1,0.99,10.0,256,20,0,128,128,3.593915219705394,3.747319809107787,9.246597523742953,9.26664021497228,0.0,0.0,1.0,420.0
hcw,random,300.0,1800.0,0.1,0.2,5.0,4.5,10.0,10.0,10,100.0,inf,full,both,inf,180.0,0.01,0.0,0.0,256,20,3,0.5,0.1,0.99,10.0,256,20,0,128,127,3.811878953529071,4.465195172343599,9.40330601542047,11.642204290311344,0.0,0.0,0.9921875,430.0
hcw,random,300.0,1800.0,0.1,0.2,5.0,5.0,10.0,10.0,10,100.0,inf,full,both,inf,180.0,0.01,0.0,0.0,256,20,3,0.5,0.1,0.99,10.0,256,20,0,128,127,3.9196737004262254,4.91495181449106,9.24437379402344,10.73488647263318,0.0,0.0,0.9921875,430.0
hcw,random,300.0,1800.0,0.1,0.2,5.0,5.5,10.0,10.0,10,100.0,inf,full,both,inf,180.0,0.01,0.0,0.0,256,20,3,0.5,0.1,0.99,10.0,256,20,0,128,124,4.043220056973493,5.327416441396634,9.412983781878523,26.925758871475093,0.0,0.0,0.96875,450.0
hcw,random,300.0,1800.0,0.1,0.2,5.0,6.25,10.0,10.0,10,100.0,inf,full,both,inf,180.0,0.01,0.0,0.0,256,20,3,0.5,0.1,0.99,10.0,256,20,0,128,120,4.197985236179028,5.85444997938075,9.805708668829968,39.03464752914304,0.0,0.0,0.9375,450.0
hcw,random,300.0,1800.0,0.1,0.2,5.0,7.5,10.0,10.0,10,100.0,inf,full,both,inf,180.0,0.01,0.0,0.0,256,20,3,0.5,0.1,0.99,10.0,256,20,0,128,106,4.3411551449320855,6.500966769042275,10.97652600884538,100.94474626405096,0.0,0.0,0.828125,435.0
hcw,random,300.0,1800.0,0.1,0.2,5.0,10.0,10.0,10.0,10,100.0,inf,full,both,inf,180.0,0.01,0.0,0.0,256,20,3,0.5,0.1,0.99,10.0,256,20,0,128,93,4.342025462575088,7.243383194720255,11.632714465594535,280.1801086693288,0.0,0.0,0.7265625,410.0
hcw,random,300.0,1800.0,0.1,0.2,5.0,inf,10.0,10.0,10,100.0,inf,full,both,inf,180.0,0.01,0.0,0.0,256,20,3,0.5,0.1,0.99,10.0,256,20,0,128,93,4.342025462575088,11.902443429818756,11.632714465594535,355.4188932367124,0.0,0.0,0.7265625,410.0
hcw,transverse,300.0,1800.0,0.1,0.025,5.0,1.25,10.0,10.0,10,100.0,inf,full,both,inf,180.0,0.01,0.0,0.0,256,20,3,0.5,0.1,0.99,10.0,256,20,0,128,128,3.4477112149281086,0.9597656250000004,9.517314685481145,9.51731468548114,0.0,0.0,1.0,380.0
hcw,transverse,300.0,1800.0,0.1,0.025,5.0,2.5,10.0,10.0,10,100.0,inf,full,both,inf,180.0,0.01,0.0,0.0,256,20,3,0.5,0.1,0.99,10.0,256,20,0,128,128,3.4477112149281086,0.9597656250000004,9.517314685481145,9.51731468548114,0.0,0.0,1.0,380.0
hcw,transverse,300.0,1800.0,0.1,0.025,5.0,3.75,10.0,10.0,10,100.0,inf,full,both,inf,180.0,0.01,0.0,0.0,256,20,3,0.5,0.1,0.99,10.0,256,20,0,128,128,3.4477112149281086,0.9597656250000004,9.517314685481145,9.51731468548114,0.0,0.0,1.0,380.0
hcw,transverse,300.0,1800.0,0.1,0.025,5.0,4.5,10.0,10.0,10,100.0,inf,full,both,inf,180.0,0.01,0.0,0.0,256,20,3,0.5,0.1,0.99,10.0,256,20,0,128,128,3.4477112149281086,0.9597656250000004,9.517314685481145,9.51731468548114,0.0,0.0,1.0,380.0
hcw,transverse,300.0,1800.0,0.1,0.025,5.0,5.0,10.0,10.0,10,100.0,inf,full,both,inf,180.0,0.01,0.0,0.0,256,20,3,0.5,0.1,0.99,10.0,256,20,0,128,128,3.4477112149281086,0.9597656250000004,9.517314685481145,9.51731468548114,0.0,0.0,1.0,380.0
hcw,transverse,300.0,1800.0,0.1,0.025,5.0,5.5,10.0,10.0,10,100.0,inf,full,both,inf,180.0,0.01,0.0,0.0,256,20,3,0.5,0.1,0.99,10.0,256,20,0,128,128,3.4477112149281086,0.9597656250000004,9.517314685481145,9.51731468548114,0.0,0.0,1.0,380.0
hcw,transverse,300.0,1800.0,0.1,0.025,5.0,6.25,10.0,10.0,10,100.0,inf,full,both,inf,180.0,0.01,0.0,0.0,256,20,3,0.5,0.1,0.99,10.0,256,20,0,128,128,3.4477112149281086,0.9597656250000004,9.517314685481145,9.51731468548114,0.0,0.0,1.0,380.0
hcw,transverse,300.0,1800.0,0.1,0.025,5.0,7.5,10.0,10.0,10,100.0,inf,full,both,inf,180.0,0.01,0.0,0.0,256,20,3,0.5,0.1,0.99,10.0,256,20,0,128,128,3.4477112149281086,0.9597656250000004,9.517314685481145,9.51731468548114,0.0,0.0,1.0,380.0
hcw,transverse,300.0,1800.0,0.1,0.025,5.0,10.0,10.0,10.0,10,100.0,inf,full,both,inf,180.0,0.01,0.0,0.0,256,20,3,0.5,0.1,0.99,10.0,256,20,0,128,128,3.4477112149281086,0.9597656250000004,9.517314685481145,9.51731468548114,0.0,0.0,1.0,380.0
hcw,transverse,300.0,1800.0,0.1,0.025,5.0,inf,10.0,10.0,10,100.0,inf,full,both,inf,180.0,0.01,0.0,0.0,256,20,3,0.5,0.1,0.99,10.0,256,20,0,128,128,3.4477112149281086,0.9597656250000004,9.517314685481145,9.51731468548114,0.0,0.0,1.0,380.0
hcw,transverse,300.0,1800.0,0.1,0.05,5.0,1.25,10.0,10.0,10,100.0,inf,full,both,inf,180.0,0.01,0.0,0.0,256,20,3,0.5,0.1,0.99,10.0,256,20,0,128,128,4.012476024948098,1.25,9.44582433687362,9.44582433687362,0.0,0.0,1.0,470.0
hcw,transverse,300.0,1800.0,0.1,0.05,5.0,2.5,10.0,10.0,10,100.0,inf,full,both,inf,180.0,0.01,0.0,0.0,256,20,3,0.5,0.1,0.99,10.0,256,20,0,128,6,4.987647358435156,2.494921875,28.37887946420596,666.605866186563,0.0,0.0,0.046875,515.0
hcw,transverse,300.0,1800.0,0.1,0.05,5.0,3.75,10.0,10.0,10,100.0,inf,full,both,inf,180.0,0.01,0.0,0.0,256,20,3,0.5,0.1,0.99,10.0,256,20,0,128,4,4.987647358435156,3.70703125,29.933378525514232,1794.7471508207382,0.0,0.0,0.03125,470.0
hcw,transverse,300.0,1800.0,0.1,0.05,5.0,4.5,10.0,10.0,10,100.0,inf,full,both,inf,180.0,0.01,0.0,0.0,256,20,3,0.5,0.1,0.99,10.0,256,20,0,128,4,4.987647358435156,4.43359375,29.933378525514232,2057.858292986305,0.0,0.0,0.03125,470.0
hcw,transverse,300.0,1800.0,0.1,0.05,5.0,5.0,10.0,10.0,10,100.0,inf,full,both,inf,180.0,0.01,0.0,0.0,256,20,3,0.5,0.1,0.99,10.0,256,20,0,128,4,4.987647358435156,4.91796875,29.933378525514232,2198.936287731165,0.0,0.0,0.03125,470.0
hcw,transverse,300.0,1800.0,0.1,0.05,5.0,5.5,10.0,10.0,10,100.0,inf,full,both,inf,180.0,0.01,0.0,0.0,256,20,3,0.5,0.1,0.99,10.0,256,20,0,128,4,4.987647358435156,5.40234375,29.933378525514232,2318.4469270614727,0.0,0.0,0.03125,470.0
hcw,transverse,300.0,1800.0,0.1,0.05,5.0,6.25,10.0,10.0,10,100.0,inf,full,both,inf,180.0,0.01,0.0,0.0,256,20,3,0.5,0.1,0.99,10.0,256,20,0,128,4,4.987647358435156,6.12890625,29.933378525514232,2458.6784161564424,0.0,0.0,0.03125,470.0
hcw,transverse,300.0,1800.0,0.1,0.05,5.0,7.5,10.0,10.0,10,100.0,inf,full,both,inf,180.0,0.01,0.0,0.0,256,20,3,0.5,0.1,0.99,10.0,256,20,0,128,4,4.987647358435156,7.33984375,29.933378525514232,2591.239421836554,0.0,0.0,0.03125,470.0
hcw,transverse,300.0,1800.0,0.1,0.05,5.0,10.0,10.0,10.0,10,100.0,inf,full,both,inf,180.0,0.01,0.0,0.0,256,20,3,0.5,0.1,0.99,10.0,256,20,0,128,4,4.987647358435156,8.792968749999993,29.933378525514232,2623.502613624411,0.0,0.0,0.03125,470.0
hcw,transverse,300.0,1800.0,0.1,0.05,5.0,inf,10.0,10.0,10,100.0,inf,full,both,inf,180.0,0.01,0.0,0.0,256,20,3,0.5,0.1,0.99,10.0,256,20,0,128,4,4.987647358435156,8.792968749999993,29.933378525514232,2623.502613624411,0.0,0.0,0.03125,470.0
hcw,transverse,300.0,1800.0,0.1,0.075,5.0,1.25,10.0,10.0,10,100.0,inf,full,both,inf,180.0,0.01,0.0,0.0,256,20,3,0.5,0.1,0.99,10.0,256,20,0,128,128,3.9471746574021567,1.25,9.517422245216157,9.517422245216158,0.0,0.0,1.0,450.0
hcw,transverse,300.0,1800.0,0.1,0.075,5.0,2.5,10.0,10.0,10,100.0,inf,full,both,inf,180.0,0.01,0.0,0.0,256,20,3,0.5,0.1,0.99,10.0,256,20,0,128,7,4.990990471665179,2.5,71.77393236233816,541.1971702894832,0.0,0.0,0.0546875,580.0
hcw,transverse,300.0,1800.0,0.1,0.075,5.0,3.75,10.0,10.0,10,100.0,inf,full,both,inf,180.0,0.01,0.0,0.0,256,20,3,0.5,0.1,0.99,10.0,256,20,0,128,0,5.0,3.75,78.46844814797632,1730.998658431148,0.0,0.0,0.0,
hcw,transverse,300.0,1800.0,0.1,0.075,5.0,4.5,10.0,10.0,10,100.0,inf,full,both,inf,180.0,0.01,0.0,0.0,256,20,3,0.5,0.1,0.99,10.0,256,20,0,128,0,5.0,4.5,78.46844814797632,2709.981275580132,0.0,0.0,0.0,
hcw,transverse,300.0,1800.0,0.1,0.075,5.0,5.0,10.0,10.0,10,100.0,inf,full,both,inf,180.0,0.01,0.0,0.0,256,20,3,0.5,0.1,0.99,10.0,256,20,0,128,0,5.0,5.0,78.46844814797632,3201.3410197366616,0.0,0.0,0.0,
hcw,transverse,300.0,1800.0,0.1,0.075,5.0,5.5,10.0,10.0,10,100.0,inf,full,both,inf,180.0,0.01,0.0,0.0,256,20,3,0.5,0.1,0.99,10.0,256,20,0,128,0,5.0,5.5,78.46844814797632,3589.2687228878985,0.0,0.0,0.0,
hcw,transverse,300.0,1800.0,0.1,0.075,5.0,6.25,10.0,10.0,10,100.0,inf,full,both,inf,180.0,0.01,0.0,0.0,256,20,3,0.5,0.1,0.99,10.0,256,20,0,128,0,5.0,6.25,78.46844814797632,4033.414187011612,0.0,0.0,0.0,
hcw,transverse,300.0,1800.0,0.1,0.075,5.0,7.5,10.0,10.0,10,100.0,inf,full,both,inf,180.0,0.01,0.0,0.0,256,20,3,0.5,0.1,0.99,10.0,256,20,0,128,0,5.0,7.5,78.46844814797632,4537.536377691329,0.0,0.0,0.0,
hcw,transverse,300.0,1800.0,0.1,0.075,5.0,10.0,10.0,10.0,10,100.0,inf,full,both,inf,180.0,0.01,0.0,0.0,256,20,3,0.5,0.1,0.99,10.0,256,20,0,128,0,5.0,10.0,78.46844814797632,5035.626742535627,0.0,0.0,0.0,
hcw,transverse,300.0,1800.0,0.1,0.075,5.0,inf,10.0,10.0,10,100.0,inf,full,both,inf,180.0,0.01,0.0,0.0,256,20,3,0.5,0.1,0.99,10.0,256,20,0,128,0,5.0,13.49999999999996,78.46844814797632,5170.905257951155,0.0,0.0,0.0,
hcw,transverse,300.0,1800.0,0.1,0.09,5.0,1.25,10.0,10.0,10,100.0,inf,full,both,inf,180.0,0.01,0.0,0.0,256,20,3,0.5,0.1,0.99,10.0,256,20,0,128,128,3.8639450126144648,1.25,9.483912565543452,9.483912565543458,0.0,0.0,1.0,430.0
hcw,transverse,300.0,1800.0,0.1,0.09,5.0,2.5,10.0,10.0,10,100.0,inf,full,both,inf,180.0,0.01,0.0,0.0,256,20,3,0.5,0.1,0.99,10.0,256,20,0,128,7,4.9892773245454105,2.5,93.05832741241484,713.8471582815437,0.0,0.0,0.0546875,580.0
hcw,transverse,300.0,1800.0,0.1,0.09,5.0,3.75,10.0,10.0,10,100.0,inf,full,both,inf,180.0,0.01,0.0,0.0,256,20,3,0.5,0.1,0.99,10.0,256,20,0,128,0,5.0,3.75,108.01575668389005,1534.764289178017,0.0,0.0,0.0,
hcw,transverse,300.0,1800.0,0.1,0.09,5.0,4.5,10.0,10.0,10,100.0,inf,full,both,inf,180.0,0.01,0.0,0.0,256,20,3,0.5,0.1,0.99,10.0,256,20,0,128,0,5.0,4.5,108.01575668389005,2511.5922454666065,0.0,0.0,0.0,
hcw,transverse,300.0,1800.0,0.1,0.09,5.0,5.0,10.0,10.0,10,100.0,inf,full,both,inf,180.0,0.01,0.0,0.0,256,20,3,0.5,0.1,0.99,10.0,256,20,0,128,0,5.0,5.0,108.01575668389005,3125.098359488598,0.0,0.0,0.0,
hcw,transverse,300.0,1800.0,0.1,0.09,5.0,5.5,10.0,10.0,10,100.0,inf,full,both,inf,180.0,0.01,0.0,0.0,256,20,3,0.5,0.1,0.99,10.0,256,20,0,128,0,5.0,5.5,108.01575668389005,3650.9978683501913,0.0,0.0,0.0,
hcw,transverse,300.0,1800.0,0.1,0.09,5.0,6.25,10.0,10.0,10,100.0,inf,full,both,inf,180.0,0.01,0.0,0.0,256,20,3,0.5,0.1,0.99,10.0,256,20,0,128,0,5.0,6.25,108.01575668389005,4291.556274432116,0.0,0.0,0.0,
hcw,transverse,300.0,1800.0,0.1,0.09,5.0,7.5,10.0,10.0,10,100.0,inf,full,both,inf,180.0,0.01,0.0,0.0,256,20,3,0.5,0.1,0.99,10.0,256,20,0,128,0,5.0,7.5,108.01575668389005,5077.212853606026,0.0,0.0,0.0,
hcw,transverse,300.0,1800.0,0.1,0.09,5.0,10.0,10.0,10.0,10,100.0,inf,full,both,inf,180.0,0.01,0.0,0.0,256,20,3,0.5,0.1,0.99,10.0,256,20,0,128,0,5.0,10.0,108.01575668389005,5986.73490308978,0.0,0.0,0.0,
hcw,transverse,300.0,1800.0,0.1,0.09,5.0,inf,10.0,10.0,10,100.0,inf,full,both,inf,180.0,0.01,0.0,0.0,256,20,3,0.5,0.1,0.99,10.0,256,20,0,128,0,5.0,16.19999999999998,108.01575668389005,6497.931311211143,0.0,0.0,0.0,
hcw,transverse,300.0,1800.0,0.1,0.1,5.0,1.25,10.0,10.0,10,100.0,inf,full,both,inf,180.0,0.01,0.0,0.0,256,20,3,0.5,0.1,0.99,10.0,256,20,0,128,128,3.8331421897923623,1.25,9.44374449579273,9.443744495792728,0.0,0.0,1.0,430.0
hcw,transverse,300.0,1800.0,0.1,0.1,5.0,2.5,10.0,10.0,10,100.0,inf,full,both,inf,180.0,0.01,0.0,0.0,256,20,3,0.5,0.1,0.99,10.0,256,20,0,128,6,4.992179849130436,2.5,95.22070684392996,878.0585709946132,0.0,0.0,0.046875,585.0
hcw,transverse,300.0,1800.0,0.1,0.1,5.0,3.75,10.0,10.0,10,100.0,inf,full,both,inf,180.0,0.01,0.0,0.0,256,20,3,0.5,0.1,0.99,10.0,256,20,0,128,0,5.0,3.75,126.41956003731768,1510.64966809752,0.0,0.0,0.0,
hcw,transverse,300.0,1800.0,0.1,0.1,5.0,4.5,10.0,10.0,10,100.0,inf,full,both,inf,180.0,0.01,0.0,0.0,256,20,3,0.5,0.1,0.99,10.0,256,20,0,128,0,5.0,4.5,126.51217668355764,2435.0820450749025,0.0,0.0,0.0,
hcw,transverse,300.0,1800.0,0.1,0.1,5.0,5.0,10.0,10.0,10,100.0,inf,full,both,inf,180.0,0.01,0.0,0.0,256,20,3,0.5,0.1,0.99,10.0,256,20,0,128,0,5.0,5.0,126.51217668355764,3056.4533309542708,0.0,0.0,0.0,
hcw,transverse,300.0,1800.0,0.1,0.1,5.0,5.5,10.0,10.0,10,100.0,inf,full,both,inf,180.0,0.01,0.0,0.0,256,20,3,0.5,0.1,0.99,10.0,256,20,0,128,0,5.0,5.5,126.51217668355764,3638.49403175288,0.0,0.0,0.0,
hcw,transverse,300.0,1800.0,0.1,0.1,5.0,6.25,10.0,10.0,10,100.0,inf,full,both,inf,180.0,0.01,0.0,0.0,256,20,3,0.5,0.1,0.99,10.0,256,20,0,128,0,5.0,6.25,126.51217668355764,4377.804834486193,0.0,0.0,0.0,
hcw,transverse,300.0,1800.0,0.1,0.1,5.0,7.5,10.0,10.0,10,100.0,inf,full,both,inf,180.0,0.01,0.0,0.0,256,20,3,0.5,0.1,0.99,10.0,256,20,0,128,0,5.0,7.5,126.51217668355764,5308.859790531373,0.0,0.0,0.0,
hcw,transverse,300.0,1800.0,0.1,0.1,5.0,10.0,10.0,10.0,10,100.0,inf,full,both,inf,180.0,0.01,0.0,0.0,256,20,3,0.5,0.1,0.99,10.0,256,20,0,128,0,5.0,10.0,126.51217668355764,6466.885687376908,0.0,0.0,0.0,
hcw,transverse,300.0,1800.0,0.1,0.1,5.0,inf,10.0,10.0,10,100.0,inf,full,both,inf,180.0,0.01,0.0,0.0,256,20,3,0.5,0.1,0.99,10.0,256,20,0,128,0,5.0,17.999999999999986,126.51217668355764,7360.829547991381,0.0,0.0,0.0,
hcw,transverse,300.0,1800.0,0.1,0.11,5.0,1.25,10.0,10.0,10,100.0,inf,full,both,inf,180.0,0.01,0.0,0.0,256,20,3,0.5,0.1,0.99,10.0,256,20,0,128,128,3.812061387218021,1.25,9.51121102766297,9.511211027662968,0.0,0.0,1.0,420.0
hcw,transverse,300.0,1800.0,0.1,0.11,5.0,2.5,10.0,10.0,10,100.0,inf,full,both,inf,180.0,0.01,0.0,0.0,256,20,3,0.5,0.1,0.99,10.0,256,20,0,128,5,4.991397017366328,2.5,90.29896153733452,1040.1453167424795,0.0,0.0,0.0390625,580.0
hcw,transverse,300.0,1800.0,0.1,0.11,5.0,3.75,10.0,10.0,10,100.0,inf,full,both,inf,180.0,0.01,0.0,0.0,256,20,3,0.5,0.1,0.99,10.0,256,20,0,128,0,5.0,3.75,142.75863177528404,1491.1521472008644,0.0,0.0,0.0,
hcw,transverse,300.0,1800.0,0.1,0.11,5.0,4.5,10.0,10.0,10,100.0,inf,full,both,inf,180.0,0.01,0.0,0.0,256,20,3,0.5,0.1,0.99,10.0,256,20,0,128,0,5.0,4.5,143.40256762262143,2412.586845116341,0.0,0.0,0.0,
hcw,transverse,300.0,1800.0,0.1,0.11,5.0,5.0,10.0,10.0,10,100.0,inf,full,both,inf,180.0,0.01,0.0,0.0,256,20,3,0.5,0.1,0.99,10.0,256,20,0,128,0,5.0,5.0,143.40256762262143,3011.425960279643,0.0,0.0,0.0,
hcw,transverse,300.0,1800.0,0.1,0.11,5.0,5.5,10.0,10.0,10,100.0,inf,full,both,inf,180.0,0.01,0.0,0.0,256,20,3,0.5,0.1,0.99,10.0,256,20,0,128,0,5.0,5.5,143.40256762262143,3599.785317852947,0.0,0.0,0.0,
hcw,transverse,300.0,1800.0,0.1,0.11,5.0,6.25,10.0,10.0,10,100.0,inf,full,both,inf,180.0,0.01,0.0,0.0,256,20,3,0.5,0.1,0.99,10.0,256,20,0,128,0,5.0,6.25,143.40256762262143,4405.8580169583,0.0,0.0,0.0,
hcw,transverse,300.0,1800.0,0.1,0.11,5.0,7.5,10.0,10.0,10,100.0,inf,full,both,inf,180.0,0.01,0.0,0.0,256,20,3,0.5,0.1,0.99,10.0,256,20,0,128,0,5.0,7.5,143.40256762262143,5471.21384882286,0.0,0.0,0.0,
hcw,transverse,300.0,1800.0,0.1,0.11,5.0,10.0,10.0,10.0,10,100.0,inf,full,both,inf,180.0,0.01,0.0,0.0,256,20,3,0.5,0.1,0.99,10.0,256,20,0,128,0,5.0,10.0,143.40256762262143,6864.751975653878,0.0,0.0,0.0,
hcw,transverse,300.0,1800.0,0.1,0.11,5.0,inf,10.0,10.0,10,100.0,inf,full,both,inf,180.0,0.01,0.0,0.0,256,20,3,0.5,0.1,0.99,10.0,256,20,0,128,0,5.0,19.79999999999995,143.40256762262143,8234.125132803805,0.0,0.0,0.0,
hcw,transverse,300.0,1800.0,0.1,0.125,5.0,1.25,10.0,10.0,10,100.0,inf,full,both,inf,180.0,0.01,0.0,0.0,256,20,3,0.5,0.1,0.99,10.0,256,20,0,128,128,3.794612493486007,1.25,9.485109613588332,9.485109613588326,0.0,0.0,1.0,420.0
hcw,transverse,300.0,1800.0,0.1,0.125,5.0,2.5,10.0,10.0,10,100.0,inf,full,both,inf,180.0,0.01,0.0,0.0,256,20,3,0.5,0.1,0.99,10.0,256,20,0,128,5,4.998599399879346,2.5,83.02620589034348,1231.845290986435,0.0,0.0,0.0390625,580.0
hcw,transverse,300.0,1800.0,0.1,0.125,5.0,3.75,10.0,10.0,10,100.0,inf,full,both,inf,180.0,0.01,0.0,0.0,256,20,3,0.5,0.1,0.99,10.0,256,20,0,128,0,5.0,3.75,164.28471275218502,1445.7496754048568,0.0,0.0,0.0,
hcw,transverse,300.0,1800.0,0.1,0.125,5.0,4.5,10.0,10.0,10,100.0,inf,full,both,inf,180.0,0.01,0.0,0.0,256,20,3,0.5,0.1,0.99,10.0,256,20,0,128,0,5.0,4.5,166.48607181545424,2409.539020321414,0.0,0.0,0.0,
hcw,transverse,300.0,1800.0,0.1,0.125,5.0,5.0,10.0,10.0,10,100.0,inf,full,both,inf,180.0,0.01,0.0,0.0,256,20,3,0.5,0.1,0.99,10.0,256,20,0,128,0,5.0,5.0,166.48607181545424,3015.49494448275,0.0,0.0,0.0,
hcw,transverse,300.0,1800.0,0.1,0.125,5.0,5.5,10.0,10.0,10,100.0,inf,full,both,inf,180.0,0.01,0.0,0.0,256,20,3,0.5,0.1,0.99,10.0,256,20,0,128,0,5.0,5.5,166.48607181545424,3595.1589409862813,0.0,0.0,0.0,
hcw,transverse,300.0,1800.0,0.1,0.125,5.0,6.25,10.0,10.0,10,100.0,inf,full,both,inf,180.0,0.01,0.0,0.0,256,20,3,0.5,0.1,0.99,10.0,256,20,0,128,0,5.0,6.25,166.48607181545424,4430.0833872140265,0.0,0.0,0.0,
hcw,transverse,300.0,1800.0,0.1,0.125,5.0,7.5,10.0,10.0,10,100.0,inf,full,both,inf,180.0,0.01,0.0,0.0,256,20,3,0.5,0.1,0.99,10.0,256,20,0,128,0,5.0,7.5,166.48607181545424,5654.4113651715625,0.0,0.0,0.0,
hcw,transverse,300.0,1800.0,0.1,0.125,5.0,10.0,10.0,10.0,10,100.0,inf,full,both,inf,180.0,0.01,0.0,0.0,256,20,3,0.5,0.1,0.99,10.0,256,20,0,128,0,5.0,10.0,166.48607181545424,7368.123690949263,0.0,0.0,0.0,
hcw,transverse,300.0,1800.0,0.1,0.125,5.0,inf,10.0,10.0,10,100.0,inf,full,both,inf,180.0,0.01,0.0,0.0,256,20,3,0.5,0.1,0.99,10.0,256,20,0,128,0,5.0,22.5,166.48607181545424,9542.076572383943,0.0,0.0,0.0,
hcw,transverse,300.0,1800.0,0.1,0.15,5.0,1.25,10.0,10.0,10,100.0,inf,full,both,inf,180.0,0.01,0.0,0.0,256,20,3,0.5,0.1,0.99,10.0,256,20,0,128,128,3.7806311126441616,1.25,9.467170620394352,9.467170620394352,0.0,0.0,1.0,420.0
hcw,transverse,300.0,1800.0,0.1,0.15,5.0,2.5,10.0,10.0,10,100.0,inf,full,both,inf,180.0,0.01,0.0,0.0,256,20,3,0.5,0.1,0.99,10.0,256,20,0,128,4,4.998494509933656,2.5,73.27071617959595,1471.9412237430704,0.0,0.0,0.03125,575.0
hcw,transverse,300.0,1800.0,0.1,0.15,5.0,3.75,10.0,10.0,10,100.0,inf,full,both,inf,180.0,0.01,0.0,0.0,256,20,3,0.5,0.1,0.99,10.0,256,20,0,128,0,5.0,3.75,192.4122424399426,1322.140218037499,0.0,0.0,0.0,
hcw,transverse,300.0,1800.0,0.1,0.15,5.0,4.5,10.0,10.0,10,100.0,inf,full,both,inf,180.0,0.01,0.0,0.0,256,20,3,0.5,0.1,0.99,10.0,256,20,0,128,0,5.0,4.5,195.8666781856423,2375.466083397615,0.0,0.0,0.0,
hcw,transverse,300.0,1800.0,0.1,0.15,5.0,5.0,10.0,10.0,10,100.0,inf,full,both,inf,180.0,0.01,0.0,0.0,256,20,3,0.5,0.1,0.99,10.0,256,20,0,128,0,5.0,5.0,196.6754625323881,3041.5792190909187,0.0,0.0,0.0,
hcw,transverse,300.0,1800.0,0.1,0.15,5.0,5.5,10.0,10.0,10,100.0,inf,full,both,inf,180.0,0.01,0.0,0.0,256,20,3,0.5,0.1,0.99,10.0,256,20,0,128,0,5.0,5.5,196.6754625323881,3663.5529928514175,0.0,0.0,0.0,
hcw,transverse,300.0,1800.0,0.1,0.15,5.0,6.25,10.0,10.0,10,100.0,inf,full,both,inf,180.0,0.01,0.0,0.0,256,20,3,0.5,0.1,0.99,10.0,256,20,0,128,0,5.0,6.25,196.6754625323881,4524.767016759127,0.0,0.0,0.0,
hcw,transverse,300.0,1800.0,0.1,0.15,5.0,7.5,10.0,10.0,10,100.0,inf,full,both,inf,180.0,0.01,0.0,0.0,256,20,3,0.5,0.1,0.99,10.0,256,20,0,128,0,5.0,7.5,196.6754625323881,5833.403157259196,0.0,0.0,0.0,
hcw,transverse,300.0,1800.0,0.1,0.15,5.0,10.0,10.0,10.0,10,100.0,inf,full,both,inf,180.0,0.01,0.0,0.0,256,20,3,0.5,0.1,0.99,10.0,256,20,0,128,0,5.0,10.0,196.6754625323881,7940.289805270126,0.0,0.0,0.0,
hcw,transverse,300.0,1800.0,0.1,0.15,5.0,inf,10.0,10.0,10,100.0,inf,full,both,inf,180.0,0.01,0.0,0.0,256,20,3,0.5,0.1,0.99,10.0,256,20,0,128,0,5.0,26.99999999999992,196.6754625323881,11716.445185507862,0.0,0.0,0.0,
hcw,transverse,300.0,1800.0,0.1,0.2,5.0,1.25,10.0,10.0,10,100.0,inf,full,both,inf,180.0,0.01,0.0,0.0,256,20,3,0.5,0.1,0.99,10.0,256,20,0,128,128,3.7706461735462016,1.25,9.528001743086593,9.52800174308659,0.0,0.0,1.0,420.0
hcw,transverse,300.0,1800.0,0.1,0.2,5.0,2.5,10.0,10.0,10,100.0,inf,full,both,inf,180.0,0.01,0.0,0.0,256,20,3,0.5,0.1,0.99,10.0,256,20,0,128,2,4.997155434077523,2.5,62.12336446120394,1733.581452917115,0.0,0.0,0.015625,565.0
hcw,transverse,300.0,1800.0,0.1,0.2,5.0,3.75,10.0,10.0,10,100.0,inf,full,both,inf,180.0,0.01,0.0,0.0,256,20,3,0.5,0.1,0.99,10.0,256,20,0,128,0,5.0,3.75,228.5564534525165,1122.6018330882268,0.0,0.0,0.0,
hcw,transverse,300.0,1800.0,0.1,0.2,5.0,4.5,10.0,10.0,10,100.0,inf,full,both,inf,180.0,0.01,0.0,0.0,256,20,3,0.5,0.1,0.99,10.0,256,20,0,128,0,5.0,4.5,232.4414596564173,2223.0912363267894,0.0,0.0,0.0,
hcw,transverse,300.0,1800.0,0.1,0.2,5.0,5.0,10.0,10.0,10,100.0,inf,full,both,inf,180.0,0.01,0.0,0.0,256,20,3,0.5,0.1,0.99,10.0,256,20,0,128,0,5.0,5.0,234.0325780696893,3004.43008568748,0.0,0.0,0.0,
hcw,transverse,300.0,1800.0,0.1,0.2,5.0,5.5,10.0,10.0,10,100.0,inf,full,both,inf,180.0,0.01,0.0,0.0,256,20,3,0.5,0.1,0.99,10.0,256,20,0,128,0,5.0,5.5,235.42710843762643,3740.115725940592,0.0,0.0,0.0,
hcw,transverse,300.0,1800.0,0.1,0.2,5.0,6.25,10.0,10.0,10,100.0,inf,full,both,inf,180.0,0.01,0.0,0.0,256,20,3,0.5,0.1,0.99,10.0,256,20,0,128,0,5.0,6.25,235.42710843762643,4757.109479963171,0.0,0.0,0.0,
hcw,transverse,300.0,1800.0,0.1,0.2,5.0,7.5,10.0,10.0,10,100.0,inf,full,both,inf,180.0,0.01,0.0,0.0,256,20,3,0.5,0.1,0.99,10.0,256,20,0,128,0,5.0,7.5,235.42710843762643,6232.940758079622,0.0,0.0,0.0,
hcw,transverse,300.0,1800.0,0.1,0.2,5.0,10.0,10.0,10.0,10,100.0,inf,full,both,inf,180.0,0.01,0.0,0.0,256,20,3,0.5,0.1,0.99,10.0,256,20,0,128,0,5.0,10.0,235.42710843762643,8681.156816030101,0.0,0.0,0.0,
hcw,transverse,300.0,1800.0,0.1,0.2,5.0,inf,10.0,10.0,10,100.0,inf,full,both,inf,180.0,0.01,0.0,0.0,256,20,3,0.5,0.1,0.99,10.0,256,20,0,128,0,5.0,35.99999999999997,235.42710843762643,16091.449270632476,0.0,0.0,0.0,
lqr,flee,300.0,1800.0,0.1,0.025,5.0,1.25,10.0,10.0,10,100.0,inf,full,both,inf,180.0,0.01,0.0,0.0,256,20,3,0.5,0.1,0.99,10.0,256,20,0,128,128,1.976411168996567,1.25,9.618665404305483,9.618665404305482,0.0,0.0,1.0,680.0
lqr,flee,300.0,1800.0,0.1,0.025,5.0,2.5,10.0,10.0,10,100.0,inf,full,both,inf,180.0,0.01,0.0,0.0,256,20,3,0.5,0.1,0.99,10.0,256,20,0,128,128,3.179826980174528,2.5,9.291608290282367,9.291608290282358,0.0,0.0,1.0,1200.0
lqr,flee,300.0,1800.0,0.1,0.025,5.0,3.75,10.0,10.0,10,100.0,inf,full,both,inf,180.0,0.01,0.0,0.0,256,20,3,0.5,0.1,0.99,10.0,256,20,0,128,128,4.436773493705632,3.75,9.287630495294223,9.287630495294229,0.0,0.0,1.0,1700.0
lqr,flee,300.0,1800.0,0.1,0.025,5.0,4.5,10.0,10.0,10,100.0,inf,full,both,inf,180.0,0.01,0.0,0.0,256,20,3,0.5,0.1,0.99,10.0,256,20,0,128,0,4.981836018903454,4.4999999999999964,26.280216642974818,29.26737272351525,0.0,0.0,0.0,
lqr,flee,300.0,1800.0,0.1,0.025,5.0,5.0,10.0,10.0,10,100.0,inf,full,both,inf,180.0,0.01,0.0,0.0,256,20,3,0.5,0.1,0.99,10.0,256,20,0,128,0,4.981836018903454,4.4999999999999964,26.280216642974818,29.26737272351525,0.0,0.0,0.0,
lqr,flee,300.0,1800.0,0.1,0.025,5.0,5.5,10.0,10.0,10,100.0,inf,full,both,inf,180.0,0.01,0.0,0.0,256,20,3,0.5,0.1,0.99,10.0,256,20,0,128,0,4.981836018903454,4.4999999999999964,26.280216642974818,29.26737272351525,0.0,0.0,0.0,
lqr,flee,300.0,1800.0,0.1,0.025,5.0,6.25,10.0,10.0,10,100.0,inf,full,both,inf,180.0,0.01,0.0,0.0,256,20,3,0.5,0.1,0.99,10.0,256,20,0,128,0,4.981836018903454,4.4999999999999964,26.280216642974818,29.26737272351525,0.0,0.0,0.0,
lqr,flee,300.0,1800.0,0.1,0.025,5.0,7.5,10.0,10.0,10,100.0,inf,full,both,inf,180.0,0.01,0.0,0.0,256,20,3,0.5,0.1,0.99,10.0,256,20,0,128,0,4.981836018903454,4.4999999999999964,26.280216642974818,29.26737272351525,0.0,0.0,0.0,
lqr,flee,300.0,1800.0,0.1,0.025,5.0,10.0,10.0,10.0,10,100.0,inf,full,both,inf,180.0,0.01,0.0,0.0,256,20,3,0.5,0.1,0.99,10.0,256,20,0,128,0,4.981836018903454,4.4999999999999964,26.280216642974818,29.26737272351525,0.0,0.0,0.0,
lqr,flee,300.0,1800.0,0.1,0.025,5.0,inf,10.0,10.0,10,100.0,inf,full,both,inf,180.0,0.01,0.0,0.0,256,20,3,0.5,0.1,0.99,10.0,256,20,0,128,0,4.981836018903454,4.4999999999999964,26.280216642974818,29.26737272351525,0.0,0.0,0.0,
lqr,flee,300.0,1800.0,0.1,0.05,5.0,1.25,10.0,10.0,10,100.0,inf,full,both,inf,180.0,0.01,0.0,0.0,256,20,3,0.5,0.1,0.99,10.0,256,20,0,128,128,2.836033241482896,1.25,9.318383194274215,9.31838319427422,0.0,0.0,1.0,560.0
lqr,flee,300.0,1800.0,0.1,0.05,5.0,2.5,10.0,10.0,10,100.0,inf,full,both,inf,180.0,0.01,0.0,0.0,256,20,3,0.5,0.1,0.99,10.0,256,20,0,128,128,3.00652115442022,2.5,9.577837638834955,9.577837638834955,0.0,0.0,1.0,760.0
lqr,flee,300.0,1800.0,0.1,0.05,5.0,3.75,10.0,10.0,10,100.0,inf,full,both,inf,180.0,0.01,0.0,0.0,256,20,3,0.5,0.1,0.99,10.0,256,20,0,128,128,4.18376710949982,3.75,9.467227098618284,9.46722709861828,0.0,0.0,1.0,1020.0
lqr,flee,300.0,1800.0,0.1,0.05,5.0,4.5,10.0,10.0,10,100.0,inf,full,both,inf,180.0,0.01,0.0,0.0,256,20,3,0.5,0.1,0.99,10.0,256,20,0,128,127,4.904644027131271,4.5,9.447906273452412,9.81911095540002,0.0,0.0,0.9921875,1170.0
lqr,flee,300.0,1800.0,0.1,0.05,5.0,5.0,10.0,10.0,10,100.0,inf,full,both,inf,180.0,0.01,0.0,0.0,256,20,3,0.5,0.1,0.99,10.0,256,20,0,128,11,5.0,5.0,45.74293811626488,165.50067321802737,0.0,0.0,0.0859375,1400.0
lqr,flee,300.0,1800.0,0.1,0.05,5.0,5.5,10.0,10.0,10,100.0,inf,full,both,inf,180.0,0.01,0.0,0.0,256,20,3,0.5,0.1,0.99,10.0,256,20,0,128,0,5.0,5.5,53.58880937937832,550.3747172508627,0.0,0.0,0.0,
lqr,flee,300.0,1800.0,0.1,0.05,5.0,6.25,10.0,10.0,10,100.0,inf,full,both,inf,180.0,0.01,0.0,0.0,256,20,3,0.5,0.1,0.99,10.0,256,20,0,128,0,5.0,6.25,53.58880937937832,1032.584651320493,0.0,0.0,0.0,
lqr,flee,300.0,1800.0,0.1,0.05,5.0,7.5,10.0,10.0,10,100.0,inf,full,both,inf,180.0,0.01,0.0,0.0,256,20,3,0.5,0.1,0.99,10.0,256,20,0,128,0,5.0,7.5,53.58880937937832,1574.3123901904637,0.0,0.0,0.0,
lqr,flee,300.0,1800.0,0.1,0.05,5.0,10.0,10.0,10.0,10,100.0,inf,full,both,inf,180.0,0.01,0.0,0.0,256,20,3,0.5,0.1,0.99,10.0,256,20,0,128,0,5.0,8.999999999999993,53.58880937937832,1807.0865217807675,0.0,0.0,0.0,
lqr,flee,300.0,1800.0,0.1,0.05,5.0,inf,10.0,10.0,10,100.0,inf,full,both,inf,180.0,0.01,0.0,0.0,256,20,3,0.5,0.1,0.99,10.0,256,20,0,128,0,5.0,8.999999999999993,53.58880937937832,1807.0865217807675,0.0,0.0,0.0,
lqr,flee,300.0,1800.0,0.1,0.075,5.0,1.25,10.0,10.0,10,100.0,inf,full,both,inf,180.0,0.01,0.0,0.0,256,20,3,0.5,0.1,0.99,10.0,256,20,0,128,128,3.3101798320600784,1.25,9.396698074612178,9.396698074612182,0.0,0.0,1.0,560.0
lqr,flee,300.0,1800.0,0.1,0.075,5.0,2.5,10.0,10.0,10,100.0,inf,full,both,inf,180.0,0.01,0.0,0.0,256,20,3,0.5,0.1,0.99,10.0,256,20,0,128,128,4.012918002889773,2.5,9.361304053379046,9.361304053379053,0.0,0.0,1.0,660.0
lqr,flee,300.0,1800.0,0.1,0.075,5.0,3.75,10.0,10.0,10,100.0,inf,full,both,inf,180.0,0.01,0.0,0.0,256,20,3,0.5,0.1,0.99,10.0,256,20,0,128,128,4.588867745637363,3.75,9.548679565485578,9.54867956548559,0.0,0.0,1.0,800.0
lqr,flee,300.0,1800.0,0.1,0.075,5.0,4.5,10.0,10.0,10,100.0,inf,full,both,inf,180.0,0.01,0.0,0.0,256,20,3,0.5,0.1,0.99,10.0,256,20,0,128,91,4.9960960127706,4.5,13.307941104144922,50.37377187487918,0.0,0.0,0.7109375,890.0
lqr,flee,300.0,1800.0,0.1,0.075,5.0,5.0,10.0,10.0,10,100.0,inf,full,both,inf,180.0,0.01,0.0,0.0,256,20,3,0.5,0.1,0.99,10.0,256,20,0,128,13,5.0,5.0,66.43081215628439,280.14823163932283,0.0,0.0,0.1015625,1230.0
lqr,flee,300.0,1800.0,0.1,0.075,5.0,5.5,10.0,10.0,10,100.0,inf,full,both,inf,180.0,0.01,0.0,0.0,256,20,3,0.5,0.1,0.99,10.0,256,20,0,128,0,5.0,5.5,84.87058196019335,868.676497356229,0.0,0.0,0.0,
lqr,flee,300.0,1800.0,0.1,0.075,5.0,6.25,10.0,10.0,10,100.0,inf,full,both,inf,180.0,0.01,0.0,0.0,256,20,3,0.5,0.1,0.99,10.0,256,20,0,128,0,5.0,6.25,84.87058196019335,1695.64071248234,0.0,0.0,0.0,
lqr,flee,300.0,1800.0,0.1,0.075,5.0,7.5,10.0,10.0,10,100.0,inf,full,both,inf,180.0,0.01,0.0,0.0,256,20,3,0.5,0.1,0.99,10.0,256,20,0,128,0,5.0,7.5,84.87058196019335,2864.345958947525,0.0,0.0,0.0,
lqr,flee,300.0,1800.0,0.1,0.075,5.0,10.0,10.0,10.0,10,100.0,inf,full,both,inf,180.0,0.01,0.0,0.0,256,20,3,0.5,0.1,0.99,10.0,256,20,0,128,0,5.0,10.0,84.87058196019335,4492.0436545783095,0.0,0.0,0.0,
lqr,flee,300.0,1800.0,0.1,0.075,5.0,inf,10.0,10.0,10,100.0,inf,full,both,inf,180.0,0.01,0.0,0.0,256,20,3,0.5,0.1,0.99,10.0,256,20,0,128,0,5.0,13.49999999999996,84.87058196019335,5328.050467145208,0.0,0.0,0.0,
lqr,flee,300.0,1800.0,0.1,0.09,5.0,1.25,10.0,10.0,10,100.0,inf,full,both,inf,180.0,0.01,0.0,0.0,256,20,3,0.5,0.1,0.99,10.0,256,20,0,128,128,3.427568609443183,1.25,9.299379046557023,9.299379046557023,0.0,0.0,1.0,570.0
lqr,flee,300.0,1800.0,0.1,0.09,5.0,2.5,10.0,10.0,10,100.0,inf,full,both,inf,180.0,0.01,0.0,0.0,256,20,3,0.5,0.1,0.99,10.0,256,20,0,128,128,4.544588006087321,2.5,9.354329551762296,9.3543295517623,0.0,0.0,1.0,690.0
lqr,flee,300.0,1800.0,0.1,0.09,5.0,3.75,10.0,10.0,10,100.0,inf,full,both,inf,180.0,0.01,0.0,0.0,256,20,3,0.5,0.1,0.99,10.0,256,20,0,128,81,5.0,3.75,14.2076769362694,349.018033768623,0.0,0.0,0.6328125,730.0
lqr,flee,300.0,1800.0,0.1,0.09,5.0,4.5,10.0,10.0,10,100.0,inf,full,both,inf,180.0,0.01,0.0,0.0,256,20,3,0.5,0.1,0.99,10.0,256,20,0,128,16,5.0,4.5,81.59212260348346,457.7338876435763,0.0,0.0,0.125,730.0
lqr,flee,300.0,1800.0,0.1,0.09,5.0,5.0,10.0,10.0,10,100.0,inf,full,both,inf,180.0,0.01,0.0,0.0,256,20,3,0.5,0.1,0.99,10.0,256,20,0,128,2,5.0,5.0,163.98801335016176,593.268109232717,0.0,0.0,0.015625,1210.0
lqr,flee,300.0,1800.0,0.1,0.09,5.0,5.5,10.0,10.0,10,100.0,inf,full,both,inf,180.0,0.01,0.0,0.0,256,20,3,0.5,0.1,0.99,10.0,256,20,0,128,0,5.0,5.5,188.4047602551236,1223.1369164825278,0.0,0.0,0.0,
lqr,flee,300.0,1800.0,0.1,0.09,5.0,6.25,10.0,10.0,10,100.0,inf,full,both,inf,180.0,0.01,0.0,0.0,256,20,3,0.5,0.1,0.99,10.0,256,20,0,128,0,5.0,6.25,188.4047602551236,2172.817813519064,0.0,0.0,0.0,
lqr,flee,300.0,1800.0,0.1,0.09,5.0,7.5,10.0,10.0,10,100.0,inf,full,both,inf,180.0,0.01,0.0,0.0,256,20,3,0.5,0.1,0.99,10.0,256,20,0,128,0,5.0,7.5,188.4047602551236,3575.611383410479,0.0,0.0,0.0,
lqr,flee,300.0,1800.0,0.1,0.09,5.0,10.0,10.0,10.0,10,100.0,inf,full,both,inf,180.0,0.01,0.0,0.0,256,20,3,0.5,0.1,0.99,10.0,256,20,0,128,0,5.0,10.0,188.4047602551236,5737.518339740832,0.0,0.0,0.0,
lqr,flee,300.0,1800.0,0.1,0.09,5.0,inf,10.0,10.0,10,100.0,inf,full,both,inf,180.0,0.01,0.0,0.0,256,20,3,0.5,0.1,0.99,10.0,256,20,0,128,0,5.0,16.19999999999998,188.4047602551236,7915.369563922043,0.0,0.0,0.0,
lqr,flee,300.0,1800.0,0.1,0.1,5.0,1.25,10.0,10.0,10,100.0,inf,full,both,inf,180.0,0.01,0.0,0.0,256,20,3,0.5,0.1,0.99,10.0,256,20,0,128,128,3.4843593022901134,1.25,9.296028982047858,9.296028982047858,0.0,0.0,1.0,580.0
lqr,flee,300.0,1800.0,0.1,0.1,5.0,2.5,10.0,10.0,10,100.0,inf,full,both,inf,180.0,0.01,0.0,0.0,256,20,3,0.5,0.1,0.99,10.0,256,20,0,128,128,4.76620348224729,2.5,9.186955891464432,9.186955891464413,0.0,0.0,1.0,700.0
lqr,flee,300.0,1800.0,0.1,0.1,5.0,3.75,10.0,10.0,10,100.0,inf,full,both,inf,180.0,0.01,0.0,0.0,256,20,3,0.5,0.1,0.99,10.0,256,20,0,128,25,5.0,3.75,26.485899525272057,896.4371278528442,0.0,0.0,0.1953125,700.0
lqr,flee,300.0,1800.0,0.1,0.1,5.0,4.5,10.0,10.0,10,100.0,inf,full,both,inf,180.0,0.01,0.0,0.0,256,20,3,0.5,0.1,0.99,10.0,256,20,0,128,5,5.0,4.5,144.3340247036771,611.1651963750845,0.0,0.0,0.0390625,980.0
lqr,flee,300.0,1800.0,0.1,0.1,5.0,5.0,10.0,10.0,10,100.0,inf,full,both,inf,180.0,0.01,0.0,0.0,256,20,3,0.5,0.1,0.99,10.0,256,20,0,128,1,5.0,5.0,250.5341444116025,877.0711493069844,0.0,0.0,0.0078125,1450.0
lqr,flee,300.0,1800.0,0.1,0.1,5.0,5.5,10.0,10.0,10,100.0,inf,full,both,inf,180.0,0.01,0.0,0.0,256,20,3,0.5,0.1,0.99,10.0,256,20,0,128,0,5.0,5.5,291.87798916210494,1534.432824540832,0.0,0.0,0.0,
lqr,flee,300.0,1800.0,0.1,0.1,5.0,6.25,10.0,10.0,10,100.0,inf,full,both,inf,180.0,0.01,0.0,0.0,256,20,3,0.5,0.1,0.99,10.0,256,20,0,128,0,5.0,6.25,291.87798916210494,2541.2221334816204,0.0,0.0,0.0,
lqr,flee,300.0,1800.0,0.1,0.1,5.0,7.5,10.0,10.0,10,100.0,inf,full,both,inf,180.0,0.01,0.0,0.0,256,20,3,0.5,0.1,0.99,10.0,256,20,0,128,0,5.0,7.5,291.87798916210494,4062.4898100708056,0.0,0.0,0.0,
lqr,flee,300.0,1800.0,0.1,0.1,5.0,10.0,10.0,10.0,10,100.0,inf,full,both,inf,180.0,0.01,0.0,0.0,256,20,3,0.5,0.1,0.99,10.0,256,20,0,128,0,5.0,10.0,291.87798916210494,6502.2720910544,0.0,0.0,0.0,
lqr,flee,300.0,1800.0,0.1,0.1,5.0,inf,10.0,10.0,10,100.0,inf,full,both,inf,180.0,0.01,0.0,0.0,256,20,3,0.5,0.1,0.99,10.0,256,20,0,128,0,5.0,17.999999999999986,291.87798916210494,9765.20579693645,0.0,0.0,0.0,
lqr,flee,300.0,1800.0,0.1,0.11,5.0,1.25,10.0,10.0,10,100.0,inf,full,both,inf,180.0,0.01,0.0,0.0,256,20,3,0.5,0.1,0.99,10.0,256,20,0,128,128,3.530141798444555,1.25,9.334186341010232,9.334186341010229,0.0,0.0,1.0,580.0
lqr,flee,300.0,1800.0,0.1,0.11,5.0,2.5,10.0,10.0,10,100.0,inf,full,both,inf,180.0,0.01,0.0,0.0,256,20,3,0.5,0.1,0.99,10.0,256,20,0,128,128,4.8946900468982335,2.5,9.127807111190904,9.127807111190908,0.0,0.0,1.0,720.0
lqr,flee,300.0,1800.0,0.1,0.11,5.0,3.75,10.0,10.0,10,100.0,inf,full,both,inf,180.0,0.01,0.0,0.0,256,20,3,0.5,0.1,0.99,10.0,256,20,0,128,14,5.0,3.75,43.30136661343935,1068.6597047465511,0.0,0.0,0.109375,700.0
lqr,flee,300.0,1800.0,0.1,0.11,5.0,4.5,10.0,10.0,10,100.0,inf,full,both,inf,180.0,0.01,0.0,0.0,256,20,3,0.5,0.1,0.99,10.0,256,20,0,128,3,5.0,4.5,184.95957269778825,736.0451917530058,0.0,0.0,0.0234375,940.0
lqr,flee,300.0,1800.0,0.1,0.11,5.0,5.0,10.0,10.0,10,100.0,inf,full,both,inf,180.0,0.01,0.0,0.0,256,20,3,0.5,0.1,0.99,10.0,256,20,0,128,0,5.0,5.0,272.12811875456407,1114.5168109187136,0.0,0.0,0.0,
lqr,flee,300.0,1800.0,0.1,0.11,5.0,5.5,10.0,10.0,10,100.0,inf,full,both,inf,180.0,0.01,0.0,0.0,256,20,3,0.5,0.1,0.99,10.0,256,20,0,128,0,5.0,5.5,300.0,1799.4318440029651,0.0,0.0,0.0,
lqr,flee,300.0,1800.0,0.1,0.11,5.0,6.25,10.0,10.0,10,100.0,inf,full,both,inf,180.0,0.01,0.0,0.0,256,20,3,0.5,0.1,0.99,10.0,256,20,0,128,0,5.0,6.25,300.0,2856.6497256771195,0.0,0.0,0.0,
lqr,flee,300.0,1800.0,0.1,0.11,5.0,7.5,10.0,10.0,10,100.0,inf,full,both,inf,180.0,0.01,0.0,0.0,256,20,3,0.5,0.1,0.99,10.0,256,20,0,128,0,5.0,7.5,300.0,4479.371700729266,0.0,0.0,0.0,
lqr,flee,300.0,1800.0,0.1,0.11,5.0,10.0,10.0,10.0,10,100.0,inf,full,both,inf,180.0,0.01,0.0,0.0,256,20,3,0.5,0.1,0.99,10.0,256,20,0,128,0,5.0,10.0,300.0,7158.495828362813,0.0,0.0,0.0,
lqr,flee,300.0,1800.0,0.1,0.11,5.0,inf,10.0,10.0,10,100.0,inf,full,both,inf,180.0,0.01,0.0,0.0,256,20,3,0.5,0.1,0.99,10.0,256,20,0,128,0,5.0,19.79999999999995,300.0,11617.292050800816,0.0,0.0,0.0,
lqr,flee,300.0,1800.0,0.1,0.125,5.0,1.25,10.0,10.0,10,100.0,inf,full,both,inf,180.0,0.01,0.0,0.0,256,20,3,0.5,0.1,0.99,10.0,256,20,0,128,128,3.5874591394630904,1.25,9.246703442741463,9.246703442741468,0.0,0.0,1.0,580.0
lqr,flee,300.0,1800.0,0.1,0.125,5.0,2.5,10.0,10.0,10,100.0,inf,full,both,inf,180.0,0.01,0.0,0.0,256,20,3,0.5,0.1,0.99,10.0,256,20,0,128,120,4.987702058931332,2.5,9.166901404954595,51.72275005305353,0.0,0.0,0.9375,710.0
lqr,flee,300.0,1800.0,0.1,0.125,5.0,3.75,10.0,10.0,10,100.0,inf,full,both,inf,180.0,0.01,0.0,0.0,256,20,3,0.5,0.1,0.99,10.0,256,20,0,128,12,5.0,3.75,72.77235820402986,1041.8536855608356,0.0,0.0,0.09375,750.0
lqr,flee,300.0,1800.0,0.1,0.125,5.0,4.5,10.0,10.0,10,100.0,inf,full,both,inf,180.0,0.01,0.0,0.0,256,20,3,0.5,0.1,0.99,10.0,256,20,0,128,1,5.0,4.5,224.84908002782,930.125003170338,0.0,0.0,0.0078125,1030.0
lqr,flee,300.0,1800.0,0.1,0.125,5.0,5.0,10.0,10.0,10,100.0,inf,full,both,inf,180.0,0.01,0.0,0.0,256,20,3,0.5,0.1,0.99,10.0,256,20,0,128,0,5.0,5.0,282.3422074891214,1405.6220279981703,0.0,0.0,0.0,
lqr,flee,300.0,1800.0,0.1,0.125,5.0,5.5,10.0,10.0,10,100.0,inf,full,both,inf,180.0,0.01,0.0,0.0,256,20,3,0.5,0.1,0.99,10.0,256,20,0,128,0,5.0,5.5,300.0,2129.3193300334497,0.0,0.0,0.0,
lqr,flee,300.0,1800.0,0.1,0.125,5.0,6.25,10.0,10.0,10,100.0,inf,full,both,inf,180.0,0.01,0.0,0.0,256,20,3,0.5,0.1,0.99,10.0,256,20,0,128,0,5.0,6.25,300.0,3252.3778827287256,0.0,0.0,0.0,
lqr,flee,300.0,1800.0,0.1,0.125,5.0,7.5,10.0,10.0,10,100.0,inf,full,both,inf,180.0,0.01,0.0,0.0,256,20,3,0.5,0.1,0.99,10.0,256,20,0,128,0,5.0,7.5,300.0,5004.211942425128,0.0,0.0,0.0,
lqr,flee,300.0,1800.0,0.1,0.125,5.0,10.0,10.0,10.0,10,100.0,inf,full,both,inf,180.0,0.01,0.0,0.0,256,20,3,0.5,0.1,0.99,10.0,256,20,0,128,0,5.0,10.0,300.0,7987.322259322362,0.0,0.0,0.0,
lqr,flee,300.0,1800.0,0.1,0.125,5.0,inf,10.0,10.0,10,100.0,inf,full,both,inf,180.0,0.01,0.0,0.0,256,20,3,0.5,0.1,0.99,10.0,256,20,0,128,0,5.0,22.5,300.0,14396.859415006931,0.0,0.0,0.0,
lqr,flee,300.0,1800.0,0.1,0.15,5.0,1.25,10.0,10.0,10,100.0,inf,full,both,inf,180.0,0.01,0.0,0.0,256,20,3,0.5,0.1,0.99,10.0,256,20,0,128,128,3.652966993219043,1.25,9.291043587343763,9.291043587343763,0.0,0.0,1.0,590.0
lqr,flee,300.0,1800.0,0.1,0.15,5.0,2.5,10.0,10.0,10,100.0,inf,full,both,inf,180.0,0.01,0.0,0.0,256,20,3,0.5,0.1,0.99,10.0,256,20,0,128,86,5.0,2.5,9.620673314855528,319.8908366401743,0.0,0.0,0.671875,700.0
lqr,flee,300.0,1800.0,0.1,0.15,5.0,3.75,10.0,10.0,10,100.0,inf,full,both,inf,180.0,0.01,0.0,0.0,256,20,3,0.5,0.1,0.99,10.0,256,20,0,128,7,5.0,3.75,124.63140137958123,1082.5849418939663,0.0,0.0,0.0546875,770.0
lqr,flee,300.0,1800.0,0.1,0.15,5.0,4.5,10.0,10.0,10,100.0,inf,full,both,inf,180.0,0.01,0.0,0.0,256,20,3,0.5,0.1,0.99,10.0,256,20,0,128,1,5.0,4.5,252.77482705763447,1197.436824272973,0.0,0.0,0.0078125,1120.0
lqr,flee,300.0,1800.0,0.1,0.15,5.0,5.0,10.0,10.0,10,100.0,inf,full,both,inf,180.0,0.01,0.0,0.0,256,20,3,0.5,0.1,0.99,10.0,256,20,0,128,0,5.0,5.0,287.2227259815908,1773.4474416997643,0.0,0.0,0.0,
lqr,flee,300.0,1800.0,0.1,0.15,5.0,5.5,10.0,10.0,10,100.0,inf,full,both,inf,180.0,0.01,0.0,0.0,256,20,3,0.5,0.1,0.99,10.0,256,20,0,128,0,5.0,5.5,300.0,2549.840116978776,0.0,0.0,0.0,
lqr,flee,300.0,1800.0,0.1,0.15,5.0,6.25,10.0,10.0,10,100.0,inf,full,both,inf,180.0,0.01,0.0,0.0,256,20,3,0.5,0.1,0.99,10.0,256,20,0,128,0,5.0,6.25,300.0,3761.6092500452496,0.0,0.0,0.0,
lqr,flee,300.0,1800.0,0.1,0.15,5.0,7.5,10.0,10.0,10,100.0,inf,full,both,inf,180.0,0.01,0.0,0.0,256,20,3,0.5,0.1,0.99,10.0,256,20,0,128,0,5.0,7.5,300.0,5684.986576411905,0.0,0.0,0.0,
lqr,flee,300.0,1800.0,0.1,0.15,5.0,10.0,10.0,10.0,10,100.0,inf,full,both,inf,180.0,0.01,0.0,0.0,256,20,3,0.5,0.1,0.99,10.0,256,20,0,128,0,5.0,10.0,300.0,9070.489807248525,0.0,0.0,0.0,
lqr,flee,300.0,1800.0,0.1,0.15,5.0,inf,10.0,10.0,10,100.0,inf,full,both,inf,180.0,0.01,0.0,0.0,256,20,3,0.5,0.1,0.99,10.0,256,20,0,128,0,5.0,26.99999999999992,300.0,19031.51116388057,0.0,0.0,0.0,
lqr,flee,300.0,1800.0,0.1,0.2,5.0,1.25,10.0,10.0,10,100.0,inf,full,both,inf,180.0,0.01,0.0,0.0,256,20,3,0.5,0.1,0.99,10.0,256,20,0,128,128,3.736006029694252,1.25,9.255736770542908,9.255736770542912,0.0,0.0,1.0,590.0
lqr,flee,300.0,1800.0,0.1,0.2,5.0,2.5,10.0,10.0,10,100.0,inf,full,both,inf,180.0,0.01,0.0,0.0,256,20,3,0.5,0.1,0.99,10.0,256,20,0,128,66,5.0,2.5,11.716682510962594,615.7730975176055,0.0,0.0,0.515625,690.0
lqr,flee,300.0,1800.0,0.1,0.2,5.0,3.75,10.0,10.0,10,100.0,inf,full,both,inf,180.0,0.01,0.0,0.0,256,20,3,0.5,0.1,0.99,10.0,256,20,0,128,4,5.0,3.75,171.39554488878497,1185.6397197829108,0.0,0.0,0.03125,820.0
lqr,flee,300.0,1800.0,0.1,0.2,5.0,4.5,10.0,10.0,10,100.0,inf,full,both,inf,180.0,0.01,0.0,0.0,256,20,3,0.5,0.1,0.99,10.0,256,20,0,128,0,5.0,4.5,272.0628886023049,1575.7777255535625,0.0,0.0,0.0,
lqr,flee,300.0,1800.0,0.1,0.2,5.0,5.0,10.0,10.0,10,100.0,inf,full,both,inf,180.0,0.01,0.0,0.0,256,20,3,0.5,0.1,0.99,10.0,256,20,0,128,0,5.0,5.0,289.78614913754654,2254.734810262455,0.0,0.0,0.0,
lqr,flee,300.0,1800.0,0.1,0.2,5.0,5.5,10.0,10.0,10,100.0,inf,full,both,inf,180.0,0.01,0.0,0.0,256,20,3,0.5,0.1,0.99,10.0,256,20,0,128,0,5.0,5.5,300.0,3103.220427905233,0.0,0.0,0.0,
lqr,flee,300.0,1800.0,0.1,0.2,5.0,6.25,10.0,10.0,10,100.0,inf,full,both,inf,180.0,0.01,0.0,0.0,256,20,3,0.5,0.1,0.99,10.0,256,20,0,128,0,5.0,6.25,300.0,4437.917382034554,0.0,0.0,0.0,
lqr,flee,300.0,1800.0,0.1,0.2,5.0,7.5,10.0,10.0,10,100.0,inf,full,both,inf,180.0,0.01,0.0,0.0,256,20,3,0.5,0.1,0.99,10.0,256,20,0,128,0,5.0,7.5,300.0,6599.025417768536,0.0,0.0,0.0,
lqr,flee,300.0,1800.0,0.1,0.2,5.0,10.0,10.0,10.0,10,100.0,inf,full,both,inf,180.0,0.01,0.0,0.0,256,20,3,0.5,0.1,0.99,10.0,256,20,0,128,0,5.0,10.0,300.0,10549.421372105342,0.0,0.0,0.0,
lqr,flee,300.0,1800.0,0.1,0.2,5.0,inf,10.0,10.0,10,100.0,inf,full,both,inf,180.0,0.01,0.0,0.0,256,20,3,0.5,0.1,0.99,10.0,256,20,0,128,0,5.0,35.99999999999997,300.0,28300.61751523516,0.0,0.0,0.0,
lqr,coast,300.0,1800.0,0.1,0.025,5.0,1.25,10.0,10.0,10,100.0,inf,full,both,inf,180.0,0.01,0.0,0.0,256,20,3,0.5,0.1,0.99,10.0,256,20,0,128,128,2.221743464789536,0.0,9.347134049328934,9.347134049328934,0.0,0.0,1.0,450.0
lqr,coast,300.0,1800.0,0.1,0.025,5.0,2.5,10.0,10.0,10,100.0,inf,full,both,inf,180.0,0.01,0.0,0.0,256,20,3,0.5,0.1,0.99,10.0,256,20,0,128,128,2.221743464789536,0.0,9.347134049328934,9.347134049328934,0.0,0.0,1.0,450.0
lqr,coast,300.0,1800.0,0.1,0.025,5.0,3.75,10.0,10.0,10,100.0,inf,full,both,inf,180.0,0.01,0.0,0.0,256,20,3,0.5,0.1,0.99,10.0,256,20,0,128,128,2.221743464789536,0.0,9.347134049328934,9.347134049328934,0.0,0.0,1.0,450.0
lqr,coast,300.0,1800.0,0.1,0.025,5.0,4.5,10.0,10.0,10,100.0,inf,full,both,inf,180.0,0.01,0.0,0.0,256,20,3,0.5,0.1,0.99,10.0,256,20,0,128,128,2.221743464789536,0.0,9.347134049328934,9.347134049328934,0.0,0.0,1.0,450.0
lqr,coast,300.0,1800.0,0.1,0.025,5.0,5.0,10.0,10.0,10,100.0,inf,full,both,inf,180.0,0.01,0.0,0.0,256,20,3,0.5,0.1,0.99,10.0,256,20,0,128,128,2.221743464789536,0.0,9.347134049328934,9.347134049328934,0.0,0.0,1.0,450.0
lqr,coast,300.0,1800.0,0.1,0.025,5.0,5.5,10.0,10.0,10,100.0,inf,full,both,inf,180.0,0.01,0.0,0.0,256,20,3,0.5,0.1,0.99,10.0,256,20,0,128,128,2.221743464789536,0.0,9.347134049328934,9.347134049328934,0.0,0.0,1.0,450.0
lqr,coast,300.0,1800.0,0.1,0.025,5.0,6.25,10.0,10.0,10,100.0,inf,full,both,inf,180.0,0.01,0.0,0.0,256,20,3,0.5,0.1,0.99,10.0,256,20,0,128,128,2.221743464789536,0.0,9.347134049328934,9.347134049328934,0.0,0.0,1.0,450.0
lqr,coast,300.0,1800.0,0.1,0.025,5.0,7.5,10.0,10.0,10,100.0,inf,full,both,inf,180.0,0.01,0.0,0.0,256,20,3,0.5,0.1,0.99,10.0,256,20,0,128,128,2.221743464789536,0.0,9.347134049328934,9.347134049328934,0.0,0.0,1.0,450.0
lqr,coast,300.0,1800.0,0.1,0.025,5.0,10.0,10.0,10.0,10,100.0,inf,full,both,inf,180.0,0.01,0.0,0.0,256,20,3,0.5,0.1,0.99,10.0,256,20,0,128,128,2.221743464789536,0.0,9.347134049328934,9.347134049328934,0.0,0.0,1.0,450.0
lqr,coast,300.0,1800.0,0.1,0.025,5.0,inf,10.0,10.0,10,100.0,inf,full,both,inf,180.0,0.01,0.0,0.0,256,20,3,0.5,0.1,0.99,10.0,256,20,0,128,128,2.221743464789536,0.0,9.347134049328934,9.347134049328934,0.0,0.0,1.0,450.0
lqr,coast,300.0,1800.0,0.1,0.05,5.0,1.25,10.0,10.0,10,100.0,inf,full,both,inf,180.0,0.01,0.0,0.0,256,20,3,0.5,0.1,0.99,10.0,256,20,0,128,128,2.221743464789536,0.0,9.347134049328934,9.347134049328934,0.0,0.0,1.0,450.0
lqr,coast,300.0,1800.0,0.1,0.05,5.0,2.5,10.0,10.0,10,100.0,inf,full,both,inf,180.0,0.01,0.0,0.0,256,20,3,0.5,0.1,0.99,10.0,256,20,0,128,128,2.221743464789536,0.0,9.347134049328934,9.347134049328934,0.0,0.0,1.0,450.0
lqr,coast,300.0,1800.0,0.1,0.05,5.0,3.75,10.0,10.0,10,100.0,inf,full,both,inf,180.0,0.01,0.0,0.0,256,20,3,0.5,0.1,0.99,10.0,256,20,0,128,128,2.221743464789536,0.0,9.347134049328934,9.347134049328934,0.0,0.0,1.0,450.0
lqr,coast,300.0,1800.0,0.1,0.05,5.0,4.5,10.0,10.0,10,100.0,inf,full,both,inf,180.0,0.01,0.0,0.0,256,20,3,0.5,0.1,0.99,10.0,256,20,0,128,128,2.221743464789536,0.0,9.347134049328934,9.347134049328934,0.0,0.0,1.0,450.0
lqr,coast,300.0,1800.0,0.1,0.05,5.0,5.0,10.0,10.0,10,100.0,inf,full,both,inf,180.0,0.01,0.0,0.0,256,20,3,0.5,0.1,0.99,10.0,256,20,0,128,128,2.221743464789536,0.0,9.347134049328934,9.347134049328934,0.0,0.0,1.0,450.0
lqr,coast,300.0,1800.0,0.1,0.05,5.0,5.5,10.0,10.0,10,100.0,inf,full,both,inf,180.0,0.01,0.0,0.0,256,20,3,0.5,0.1,0.99,10.0,256,20,0,128,128,2.221743464789536,0.0,9.347134049328934,9.347134049328934,0.0,0.0,1.0,450.0
lqr,coast,300.0,1800.0,0.1,0.05,5.0,6.25,10.0,10.0,10,100.0,inf,full,both,inf,180.0,0.01,0.0,0.0,256,20,3,0.5,0.1,0.99,10.0,256,20,0,128,128,2.221743464789536,0.0,9.347134049328934,9.347134049328934,0.0,0.0,1.0,450.0
lqr,coast,300.0,1800.0,0.1,0.05,5.0,7.5,10.0,10.0,10,100.0,inf,full,both,inf,180.0,0.01,0.0,0.0,256,20,3,0.5,0.1,0.99,10.0,256,20,0,128,128,2.221743464789536,0.0,9.347134049328934,9.347134049328934,0.0,0.0,1.0,450.0
lqr,coast,300.0,1800.0,0.1,0.05,5.0,10.0,10.0,10.0,10,100.0,inf,full,both,inf,180.0,0.01,0.0,0.0,256,20,3,0.5,0.1,0.99,10.0,256,20,0,128,128,2.221743464789536,0.0,9.347134049328934,9.347134049328934,0.0,0.0,1.0,450.0
lqr,coast,300.0,1800.0,0.1,0.05,5.0,inf,10.0,10.0,10,100.0,inf,full,both,inf,180.0,0.01,0.0,0.0,256,20,3,0.5,0.1,0.99,10.0,256,20,0,128,128,2.221743464789536,0.0,9.347134049328934,9.347134049328934,0.0,0.0,1.0,450.0
lqr,coast,300.0,1800.0,0.1,0.075,5.0,1.25,10.0,10.0,10,100.0,inf,full,both,inf,180.0,0.01,0.0,0.0,256,20,3,0.5,0.1,0.99,10.0,256,20,0,128,128,2.221743464789536,0.0,9.347134049328934,9.347134049328934,0.0,0.0,1.0,450.0
lqr,coast,300.0,1800.0,0.1,0.075,5.0,2.5,10.0,10.0,10,100.0,inf,full,both,inf,180.0,0.01,0.0,0.0,256,20,3,0.5,0.1,0.99,10.0,256,20,0,128,128,2.221743464789536,0.0,9.347134049328934,9.347134049328934,0.0,0.0,1.0,450.0
lqr,coast,300.0,1800.0,0.1,0.075,5.0,3.75,10.0,10.0,10,100.0,inf,full,both,inf,180.0,0.01,0.0,0.0,256,20,3,0.5,0.1,0.99,10.0,256,20,0,128,128,2.221743464789536,0.0,9.347134049328934,9.347134049328934,0.0,0.0,1.0,450.0
lqr,coast,300.0,1800.0,0.1,0.075,5.0,4.5,10.0,10.0,10,100.0,inf,full,both,inf,180.0,0.01,0.0,0.0,256,20,3,0.5,0.1,0.99,10.0,256,20,0,128,128,2.221743464789536,0.0,9.347134049328934,9.347134049328934,0.0,0.0,1.0,450.0
lqr,coast,300.0,1800.0,0.1,0.075,5.0,5.0,10.0,10.0,10,100.0,inf,full,both,inf,180.0,0.01,0.0,0.0,256,20,3,0.5,0.1,0.99,10.0,256,20,0,128,128,2.221743464789536,0.0,9.347134049328934,9.347134049328934,0.0,0.0,1.0,450.0
lqr,coast,300.0,1800.0,0.1,0.075,5.0,5.5,10.0,10.0,10,100.0,inf,full,both,inf,180.0,0.01,0.0,0.0,256,20,3,0.5,0.1,0.99,10.0,256,20,0,128,128,2.221743464789536,0.0,9.347134049328934,9.347134049328934,0.0,0.0,1.0,450.0
lqr,coast,300.0,1800.0,0.1,0.075,5.0,6.25,10.0,10.0,10,100.0,inf,full,both,inf,180.0,0.01,0.0,0.0,256,20,3,0.5,0.1,0.99,10.0,256,20,0,128,128,2.221743464789536,0.0,9.347134049328934,9.347134049328934,0.0,0.0,1.0,450.0
lqr,coast,300.0,1800.0,0.1,0.075,5.0,7.5,10.0,10.0,10,100.0,inf,full,both,inf,180.0,0.01,0.0,0.0,256,20,3,0.5,0.1,0.99,10.0,256,20,0,128,128,2.221743464789536,0.0,9.347134049328934,9.347134049328934,0.0,0.0,1.0,450.0
lqr,coast,300.0,1800.0,0.1,0.075,5.0,10.0,10.0,10.0,10,100.0,inf,full,both,inf,180.0,0.01,0.0,0.0,256,20,3,0.5,0.1,0.99,10.0,256,20,0,128,128,2.221743464789536,0.0,9.347134049328934,9.347134049328934,0.0,0.0,1.0,450.0
lqr,coast,300.0,1800.0,0.1,0.075,5.0,inf,10.0,10.0,10,100.0,inf,full,both,inf,180.0,0.01,0.0,0.0,256,20,3,0.5,0.1,0.99,10.0,256,20,0,128,128,2.221743464789536,0.0,9.347134049328934,9.347134049328934,0.0,0.0,1.0,450.0
lqr,coast,300.0,1800.0,0.1,0.09,5.0,1.25,10.0,10.0,10,100.0,inf,full,both,inf,180.0,0.01,0.0,0.0,256,20,3,0.5,0.1,0.99,10.0,256,20,0,128,128,2.221743464789536,0.0,9.347134049328934,9.347134049328934,0.0,0.0,1.0,450.0
lqr,coast,300.0,1800.0,0.1,0.09,5.0,2.5,10.0,10.0,10,100.0,inf,full,both,inf,180.0,0.01,0.0,0.0,256,20,3,0.5,0.1,0.99,10.0,256,20,0,128,128,2.221743464789536,0.0,9.347134049328934,9.347134049328934,0.0,0.0,1.0,450.0
lqr,coast,300.0,1800.0,0.1,0.09,5.0,3.75,10.0,10.0,10,100.0,inf,full,both,inf,180.0,0.01,0.0,0.0,256,20,3,0.5,0.1,0.99,10.0,256,20,0,128,128,2.221743464789536,0.0,9.347134049328934,9.347134049328934,0.0,0.0,1.0,450.0
lqr,coast,300.0,1800.0,0.1,0.09,5.0,4.5,10.0,10.0,10,100.0,inf,full,both,inf,180.0,0.01,0.0,0.0,256,20,3,0.5,0.1,0.99,10.0,256,20,0,128,128,2.221743464789536,0.0,9.347134049328934,9.347134049328934,0.0,0.0,1.0,450.0
lqr,coast,300.0,1800.0,0.1,0.09,5.0,5.0,10.0,10.0,10,100.0,inf,full,both,inf,180.0,0.01,0.0,0.0,256,20,3,0.5,0.1,0.99,10.0,256,20,0,128,128,2.221743464789536,0.0,9.347134049328934,9.347134049328934,0.0,0.0,1.0,450.0
lqr,coast,300.0,1800.0,0.1,0.09,5.0,5.5,10.0,10.0,10,100.0,inf,full,both,inf,180.0,0.01,0.0,0.0,256,20,3,0.5,0.1,0.99,10.0,256,20,0,128,128,2.221743464789536,0.0,9.347134049328934,9.347134049328934,0.0,0.0,1.0,450.0
lqr,coast,300.0,1800.0,0.1,0.09,5.0,6.25,10.0,10.0,10,100.0,inf,full,both,inf,180.0,0.01,0.0,0.0,256,20,3,0.5,0.1,0.99,10.0,256,20,0,128,128,2.221743464789536,0.0,9.347134049328934,9.347134049328934,0.0,0.0,1.0,450.0
lqr,coast,300.0,1800.0,0.1,0.09,5.0,7.5,10.0,10.0,10,100.0,inf,full,both,inf,180.0,0.01,0.0,0.0,256,20,3,0.5,0.1,0.99,10.0,256,20,0,128,128,2.221743464789536,0.0,9.347134049328934,9.347134049328934,0.0,0.0,1.0,450.0
lqr,coast,300.0,1800.0,0.1,0.09,5.0,10.0,10.0,10.0,10,100.0,inf,full,both,inf,180.0,0.01,0.0,0.0,256,20,3,0.5,0.1,0.99,10.0,256,20,0,128,128,2.221743464789536,0.0,9.347134049328934,9.347134049328934,0.0,0.0,1.0,450.0
lqr,coast,300.0,1800.0,0.1,0.09,5.0,inf,10.0,10.0,10,100.0,inf,full,both,inf,180.0,0.01,0.0,0.0,256,20,3,0.5,0.1,0.99,10.0,256,20,0,128,128,2.221743464789536,0.0,9.347134049328934,9.347134049328934,0.0,0.0,1.0,450.0
lqr,coast,300.0,1800.0,0.1,0.1,5.0,1.25,10.0,10.0,10,100.0,inf,full,both,inf,180.0,0.01,0.0,0.0,256,20,3,0.5,0.1,0.99,10.0,256,20,0,128,128,2.221743464789536,0.0,9.347134049328934,9.347134049328934,0.0,0.0,1.0,450.0
lqr,coast,300.0,1800.0,0.1,0.1,5.0,2.5,10.0,10.0,10,100.0,inf,full,both,inf,180.0,0.01,0.0,0.0,256,20,3,0.5,0.1,0.99,10.0,256,20,0,128,128,2.221743464789536,0.0,9.347134049328934,9.347134049328934,0.0,0.0,1.0,450.0
lqr,coast,300.0,1800.0,0.1,0.1,5.0,3.75,10.0,10.0,10,100.0,inf,full,both,inf,180.0,0.01,0.0,0.0,256,20,3,0.5,0.1,0.99,10.0,256,20,0,128,128,2.221743464789536,0.0,9.347134049328934,9.347134049328934,0.0,0.0,1.0,450.0
lqr,coast,300.0,1800.0,0.1,0.1,5.0,4.5,10.0,10.0,10,100.0,inf,full,both,inf,180.0,0.01,0.0,0.0,256,20,3,0.5,0.1,0.99,10.0,256,20,0,128,128,2.221743464789536,0.0,9.347134049328934,9.347134049328934,0.0,0.0,1.0,450.0
lqr,coast,300.0,1800.0,0.1,0.1,5.0,5.0,10.0,10.0,10,100.0,inf,full,both,inf,180.0,0.01,0.0,0.0,256,20,3,0.5,0.1,0.99,10.0,256,20,0,128,128,2.221743464789536,0.0,9.347134049328934,9.347134049328934,0.0,0.0,1.0,450.0
lqr,coast,300.0,1800.0,0.1,0.1,5.0,5.5,10.0,10.0,10,100.0,inf,full,both,inf,180.0,0.01,0.0,0.0,256,20,3,0.5,0.1,0.99,10.0,256,20,0,128,128,2.221743464789536,0.0,9.347134049328934,9.347134049328934,0.0,0.0,1.0,450.0
lqr,coast,300.0,1800.0,0.1,0.1,5.0,6.25,10.0,10.0,10,100.0,inf,full,both,inf,180.0,0.01,0.0,0.0,256,20,3,0.5,0.1,0.99,10.0,256,20,0,128,128,2.221743464789536,0.0,9.347134049328934,9.347134049328934,0.0,0.0,1.0,450.0
lqr,coast,300.0,1800.0,0.1,0.1,5.0,7.5,10.0,10.0,10,100.0,inf,full,both,inf,180.0,0.01,0.0,0.0,256,20,3,0.5,0.1,0.99,10.0,256,20,0,128,128,2.221743464789536,0.0,9.347134049328934,9.347134049328934,0.0,0.0,1.0,450.0
lqr,coast,300.0,1800.0,0.1,0.1,5.0,10.0,10.0,10.0,10,100.0,inf,full,both,inf,180.0,0.01,0.0,0.0,256,20,3,0.5,0.1,0.99,10.0,256,20,0,128,128,2.221743464789536,0.0,9.347134049328934,9.347134049328934,0.0,0.0,1.0,450.0
lqr,coast,300.0,1800.0,0.1,0.1,5.0,inf,10.0,10.0,10,100.0,inf,full,both,inf,180.0,0.01,0.0,0.0,256,20,3,0.5,0.1,0.99,10.0,256,20,0,128,128,2.221743464789536,0.0,9.347134049328934,9.347134049328934,0.0,0.0,1.0,450.0
lqr,coast,300.0,1800.0,0.1,0.11,5.0,1.25,10.0,10.0,10,100.0,inf,full,both,inf,180.0,0.01,0.0,0.0,256,20,3,0.5,0.1,0.99,10.0,256,20,0,128,128,2.221743464789536,0.0,9.347134049328934,9.347134049328934,0.0,0.0,1.0,450.0
lqr,coast,300.0,1800.0,0.1,0.11,5.0,2.5,10.0,10.0,10,100.0,inf,full,both,inf,180.0,0.01,0.0,0.0,256,20,3,0.5,0.1,0.99,10.0,256,20,0,128,128,2.221743464789536,0.0,9.347134049328934,9.347134049328934,0.0,0.0,1.0,450.0
lqr,coast,300.0,1800.0,0.1,0.11,5.0,3.75,10.0,10.0,10,100.0,inf,full,both,inf,180.0,0.01,0.0,0.0,256,20,3,0.5,0.1,0.99,10.0,256,20,0,128,128,2.221743464789536,0.0,9.347134049328934,9.347134049328934,0.0,0.0,1.0,450.0
lqr,coast,300.0,1800.0,0.1,0.11,5.0,4.5,10.0,10.0,10,100.0,inf,full,both,inf,180.0,0.01,0.0,0.0,256,20,3,0.5,0.1,0.99,10.0,256,20,0,128,128,2.221743464789536,0.0,9.347134049328934,9.347134049328934,0.0,0.0,1.0,450.0
lqr,coast,300.0,1800.0,0.1,0.11,5.0,5.0,10.0,10.0,10,100.0,inf,full,both,inf,180.0,0.01,0.0,0.0,256,20,3,0.5,0.1,0.99,10.0,256,20,0,128,128,2.221743464789536,0.0,9.347134049328934,9.347134049328934,0.0,0.0,1.0,450.0
lqr,coast,300.0,1800.0,0.1,0.11,5.0,5.5,10.0,10.0,10,100.0,inf,full,both,inf,180.0,0.01,0.0,0.0,256,20,3,0.5,0.1,0.99,10.0,256,20,0,128,128,2.221743464789536,0.0,9.347134049328934,9.347134049328934,0.0,0.0,1.0,450.0
lqr,coast,300.0,1800.0,0.1,0.11,5.0,6.25,10.0,10.0,10,100.0,inf,full,both,inf,180.0,0.01,0.0,0.0,256,20,3,0.5,0.1,0.99,10.0,256,20,0,128,128,2.221743464789536,0.0,9.347134049328934,9.347134049328934,0.0,0.0,1.0,450.0
lqr,coast,300.0,1800.0,0.1,0.11,5.0,7.5,10.0,10.0,10,100.0,inf,full,both,inf,180.0,0.01,0.0,0.0,256,20,3,0.5,0.1,0.99,10.0,256,20,0,128,128,2.221743464789536,0.0,9.347134049328934,9.347134049328934,0.0,0.0,1.0,450.0
lqr,coast,300.0,1800.0,0.1,0.11,5.0,10.0,10.0,10.0,10,100.0,inf,full,both,inf,180.0,0.01,0.0,0.0,256,20,3,0.5,0.1,0.99,10.0,256,20,0,128,128,2.221743464789536,0.0,9.347134049328934,9.347134049328934,0.0,0.0,1.0,450.0
lqr,coast,300.0,1800.0,0.1,0.11,5.0,inf,10.0,10.0,10,100.0,inf,full,both,inf,180.0,0.01,0.0,0.0,256,20,3,0.5,0.1,0.99,10.0,256,20,0,128,128,2.221743464789536,0.0,9.347134049328934,9.347134049328934,0.0,0.0,1.0,450.0
lqr,coast,300.0,1800.0,0.1,0.125,5.0,1.25,10.0,10.0,10,100.0,inf,full,both,inf,180.0,0.01,0.0,0.0,256,20,3,0.5,0.1,0.99,10.0,256,20,0,128,128,2.221743464789536,0.0,9.347134049328934,9.347134049328934,0.0,0.0,1.0,450.0
lqr,coast,300.0,1800.0,0.1,0.125,5.0,2.5,10.0,10.0,10,100.0,inf,full,both,inf,180.0,0.01,0.0,0.0,256,20,3,0.5,0.1,0.99,10.0,256,20,0,128,128,2.221743464789536,0.0,9.347134049328934,9.347134049328934,0.0,0.0,1.0,450.0
lqr,coast,300.0,1800.0,0.1,0.125,5.0,3.75,10.0,10.0,10,100.0,inf,full,both,inf,180.0,0.01,0.0,0.0,256,20,3,0.5,0.1,0.99,10.0,256,20,0,128,128,2.221743464789536,0.0,9.347134049328934,9.347134049328934,0.0,0.0,1.0,450.0
lqr,coast,300.0,1800.0,0.1,0.125,5.0,4.5,10.0,10.0,10,100.0,inf,full,both,inf,180.0,0.01,0.0,0.0,256,20,3,0.5,0.1,0.99,10.0,256,20,0,128,128,2.221743464789536,0.0,9.347134049328934,9.347134049328934,0.0,0.0,1.0,450.0
lqr,coast,300.0,1800.0,0.1,0.125,5.0,5.0,10.0,10.0,10,100.0,inf,full,both,inf,180.0,0.01,0.0,0.0,256,20,3,0.5,0.1,0.99,10.0,256,20,0,128,128,2.221743464789536,0.0,9.347134049328934,9.347134049328934,0.0,0.0,1.0,450.0
lqr,coast,300.0,1800.0,0.1,0.125,5.0,5.5,10.0,10.0,10,100.0,inf,full,both,inf,180.0,0.01,0.0,0.0,256,20,3,0.5,0.1,0.99,10.0,256,20,0,128,128,2.221743464789536,0.0,9.347134049328934,9.347134049328934,0.0,0.0,1.0,450.0
lqr,coast,300.0,1800.0,0.1,0.125,5.0,6.25,10.0,10.0,10,100.0,inf,full,both,inf,180.0,0.01,0.0,0.0,256,20,3,0.5,0.1,0.99,10.0,256,20,0,128,128,2.221743464789536,0.0,9.347134049328934,9.347134049328934,0.0,0.0,1.0,450.0
lqr,coast,300.0,1800.0,0.1,0.125,5.0,7.5,10.0,10.0,10,100.0,inf,full,both,inf,180.0,0.01,0.0,0.0,256,20,3,0.5,0.1,0.99,10.0,256,20,0,128,128,2.221743464789536,0.0,9.347134049328934,9.347134049328934,0.0,0.0,1.0,450.0
lqr,coast,300.0,1800.0,0.1,0.125,5.0,10.0,10.0,10.0,10,100.0,inf,full,both,inf,180.0,0.01,0.0,0.0,256,20,3,0.5,0.1,0.99,10.0,256,20,0,128,128,2.221743464789536,0.0,9.347134049328934,9.347134049328934,0.0,0.0,1.0,450.0
lqr,coast,300.0,1800.0,0.1,0.125,5.0,inf,10.0,10.0,10,100.0,inf,full,both,inf,180.0,0.01,0.0,0.0,256,20,3,0.5,0.1,0.99,10.0,256,20,0,128,128,2.221743464789536,0.0,9.347134049328934,9.347134049328934,0.0,0.0,1.0,450.0
lqr,coast,300.0,1800.0,0.1,0.15,5.0,1.25,10.0,10.0,10,100.0,inf,full,both,inf,180.0,0.01,0.0,0.0,256,20,3,0.5,0.1,0.99,10.0,256,20,0,128,128,2.221743464789536,0.0,9.347134049328934,9.347134049328934,0.0,0.0,1.0,450.0
lqr,coast,300.0,1800.0,0.1,0.15,5.0,2.5,10.0,10.0,10,100.0,inf,full,both,inf,180.0,0.01,0.0,0.0,256,20,3,0.5,0.1,0.99,10.0,256,20,0,128,128,2.221743464789536,0.0,9.347134049328934,9.347134049328934,0.0,0.0,1.0,450.0
lqr,coast,300.0,1800.0,0.1,0.15,5.0,3.75,10.0,10.0,10,100.0,inf,full,both,inf,180.0,0.01,0.0,0.0,256,20,3,0.5,0.1,0.99,10.0,256,20,0,128,128,2.221743464789536,0.0,9.347134049328934,9.347134049328934,0.0,0.0,1.0,450.0
lqr,coast,300.0,1800.0,0.1,0.15,5.0,4.5,10.0,10.0,10,100.0,inf,full,both,inf,180.0,0.01,0.0,0.0,256,20,3,0.5,0.1,0.99,10.0,256,20,0,128,128,2.221743464789536,0.0,9.347134049328934,9.347134049328934,0.0,0.0,1.0,450.0
lqr,coast,300.0,1800.0,0.1,0.15,5.0,5.0,10.0,10.0,10,100.0,inf,full,both,inf,180.0,0.01,0.0,0.0,256,20,3,0.5,0.1,0.99,10.0,256,20,0,128,128,2.221743464789536,0.0,9.347134049328934,9.347134049328934,0.0,0.0,1.0,450.0
lqr,coast,300.0,1800.0,0.1,0.15,5.0,5.5,10.0,10.0,10,100.0,inf,full,both,inf,180.0,0.01,0.0,0.0,256,20,3,0.5,0.1,0.99,10.0,256,20,0,128,128,2.221743464789536,0.0,9.347134049328934,9.347134049328934,0.0,0.0,1.0,450.0
lqr,coast,300.0,1800.0,0.1,0.15,5.0,6.25,10.0,10.0,10,100.0,inf,full,both,inf,180.0,0.01,0.0,0.0,256,20,3,0.5,0.1,0.99,10.0,256,20,0,128,128,2.221743464789536,0.0,9.347134049328934,9.347134049328934,0.0,0.0,1.0,450.0
lqr,coast,300.0,1800.0,0.1,0.15,5.0,7.5,10.0,10.0,10,100.0,inf,full,both,inf,180.0,0.01,0.0,0.0,256,20,3,0.5,0.1,0.99,10.0,256,20,0,128,128,2.221743464789536,0.0,9.347134049328934,9.347134049328934,0.0,0.0,1.0,450.0
lqr,coast,300.0,1800.0,0.1,0.15,5.0,10.0,10.0,10.0,10,100.0,inf,full,both,inf,180.0,0.01,0.0,0.0,256,20,3,0.5,0.1,0.99,10.0,256,20,0,128,128,2.221743464789536,0.0,9.347134049328934,9.347134049328934,0.0,0.0,1.0,450.0
lqr,coast,300.0,1800.0,0.1,0.15,5.0,inf,10.0,10.0,10,100.0,inf,full,both,inf,180.0,0.01,0.0,0.0,256,20,3,0.5,0.1,0.99,10.0,256,20,0,128,128,2.221743464789536,0.0,9.347134049328934,9.347134049328934,0.0,0.0,1.0,450.0
lqr,coast,300.0,1800.0,0.1,0.2,5.0,1.25,10.0,10.0,10,100.0,inf,full,both,inf,180.0,0.01,0.0,0.0,256,20,3,0.5,0.1,0.99,10.0,256,20,0,128,128,2.221743464789536,0.0,9.347134049328934,9.347134049328934,0.0,0.0,1.0,450.0
lqr,coast,300.0,1800.0,0.1,0.2,5.0,2.5,10.0,10.0,10,100.0,inf,full,both,inf,180.0,0.01,0.0,0.0,256,20,3,0.5,0.1,0.99,10.0,256,20,0,128,128,2.221743464789536,0.0,9.347134049328934,9.347134049328934,0.0,0.0,1.0,450.0
lqr,coast,300.0,1800.0,0.1,0.2,5.0,3.75,10.0,10.0,10,100.0,inf,full,both,inf,180.0,0.01,0.0,0.0,256,20,3,0.5,0.1,0.99,10.0,256,20,0,128,128,2.221743464789536,0.0,9.347134049328934,9.347134049328934,0.0,0.0,1.0,450.0
lqr,coast,300.0,1800.0,0.1,0.2,5.0,4.5,10.0,10.0,10,100.0,inf,full,both,inf,180.0,0.01,0.0,0.0,256,20,3,0.5,0.1,0.99,10.0,256,20,0,128,128,2.221743464789536,0.0,9.347134049328934,9.347134049328934,0.0,0.0,1.0,450.0
lqr,coast,300.0,1800.0,0.1,0.2,5.0,5.0,10.0,10.0,10,100.0,inf,full,both,inf,180.0,0.01,0.0,0.0,256,20,3,0.5,0.1,0.99,10.0,256,20,0,128,128,2.221743464789536,0.0,9.347134049328934,9.347134049328934,0.0,0.0,1.0,450.0
lqr,coast,300.0,1800.0,0.1,0.2,5.0,5.5,10.0,10.0,10,100.0,inf,full,both,inf,180.0,0.01,0.0,0.0,256,20,3,0.5,0.1,0.99,10.0,256,20,0,128,128,2.221743464789536,0.0,9.347134049328934,9.347134049328934,0.0,0.0,1.0,450.0
lqr,coast,300.0,1800.0,0.1,0.2,5.0,6.25,10.0,10.0,10,100.0,inf,full,both,inf,180.0,0.01,0.0,0.0,256,20,3,0.5,0.1,0.99,10.0,256,20,0,128,128,2.221743464789536,0.0,9.347134049328934,9.347134049328934,0.0,0.0,1.0,450.0
lqr,coast,300.0,1800.0,0.1,0.2,5.0,7.5,10.0,10.0,10,100.0,inf,full,both,inf,180.0,0.01,0.0,0.0,256,20,3,0.5,0.1,0.99,10.0,256,20,0,128,128,2.221743464789536,0.0,9.347134049328934,9.347134049328934,0.0,0.0,1.0,450.0
lqr,coast,300.0,1800.0,0.1,0.2,5.0,10.0,10.0,10.0,10,100.0,inf,full,both,inf,180.0,0.01,0.0,0.0,256,20,3,0.5,0.1,0.99,10.0,256,20,0,128,128,2.221743464789536,0.0,9.347134049328934,9.347134049328934,0.0,0.0,1.0,450.0
lqr,coast,300.0,1800.0,0.1,0.2,5.0,inf,10.0,10.0,10,100.0,inf,full,both,inf,180.0,0.01,0.0,0.0,256,20,3,0.5,0.1,0.99,10.0,256,20,0,128,128,2.221743464789536,0.0,9.347134049328934,9.347134049328934,0.0,0.0,1.0,450.0
lqr,mppi_direct,300.0,1800.0,0.1,0.025,5.0,1.25,10.0,10.0,10,100.0,inf,full,both,inf,180.0,0.01,0.0,0.0,256,20,3,0.5,0.1,0.99,10.0,256,20,0,128,128,3.456201602331735,1.25,9.63433065111555,9.634330651115548,0.0,0.0,1.0,790.0
lqr,mppi_direct,300.0,1800.0,0.1,0.025,5.0,2.5,10.0,10.0,10,100.0,inf,full,both,inf,180.0,0.01,0.0,0.0,256,20,3,0.5,0.1,0.99,10.0,256,20,0,128,128,4.729880803189912,2.5,9.609338623561534,9.609338623561516,0.0,0.0,1.0,1300.0
lqr,mppi_direct,300.0,1800.0,0.1,0.025,5.0,3.75,10.0,10.0,10,100.0,inf,full,both,inf,180.0,0.01,0.0,0.0,256,20,3,0.5,0.1,0.99,10.0,256,20,0,128,0,5.0,3.75,12.619609727023215,355.5875244886876,0.0,0.0,0.0,
lqr,mppi_direct,300.0,1800.0,0.1,0.025,5.0,4.5,10.0,10.0,10,100.0,inf,full,both,inf,180.0,0.01,0.0,0.0,256,20,3,0.5,0.1,0.99,10.0,256,20,0,128,0,5.0,4.094940533102591,12.623728180534698,374.7586058004642,0.0,0.0,0.0,
lqr,mppi_direct,300.0,1800.0,0.1,0.025,5.0,5.0,10.0,10.0,10,100.0,inf,full,both,inf,180.0,0.01,0.0,0.0,256,20,3,0.5,0.1,0.99,10.0,256,20,0,128,0,5.0,4.095992197812373,12.623728180536553,374.1592640719298,0.0,0.0,0.0,
lqr,mppi_direct,300.0,1800.0,0.1,0.025,5.0,5.5,10.0,10.0,10,100.0,inf,full,both,inf,180.0,0.01,0.0,0.0,256,20,3,0.5,0.1,0.99,10.0,256,20,0,128,0,5.0,4.096003770967171,12.623728180536553,374.1492445505201,0.0,0.0,0.0,
lqr,mppi_direct,300.0,1800.0,0.1,0.025,5.0,6.25,10.0,10.0,10,100.0,inf,full,both,inf,180.0,0.01,0.0,0.0,256,20,3,0.5,0.1,0.99,10.0,256,20,0,128,0,5.0,4.096003814721229,12.623728180536553,374.1492509816588,0.0,0.0,0.0,
lqr,mppi_direct,300.0,1800.0,0.1,0.025,5.0,7.5,10.0,10.0,10,100.0,inf,full,both,inf,180.0,0.01,0.0,0.0,256,20,3,0.5,0.1,0.99,10.0,256,20,0,128,0,5.0,4.096003814721229,12.623728180536553,374.1492509816588,0.0,0.0,0.0,
lqr,mppi_direct,300.0,1800.0,0.1,0.025,5.0,10.0,10.0,10.0,10,100.0,inf,full,both,inf,180.0,0.01,0.0,0.0,256,20,3,0.5,0.1,0.99,10.0,256,20,0,128,0,5.0,4.096003814721229,12.623728180536553,374.1492509816588,0.0,0.0,0.0,
lqr,mppi_direct,300.0,1800.0,0.1,0.025,5.0,inf,10.0,10.0,10,100.0,inf,full,both,inf,180.0,0.01,0.0,0.0,256,20,3,0.5,0.1,0.99,10.0,256,20,0,128,0,5.0,4.096003814721229,12.623728180536553,374.1492509816588,0.0,0.0,0.0,
lqr,mppi_direct,300.0,1800.0,0.1,0.05,5.0,1.25,10.0,10.0,10,100.0,inf,full,both,inf,180.0,0.01,0.0,0.0,256,20,3,0.5,0.1,0.99,10.0,256,20,0,128,128,3.2391312664497023,1.25,9.67737406851382,9.677374068513824,0.0,0.0,1.0,590.0
lqr,mppi_direct,300.0,1800.0,0.1,0.05,5.0,2.5,10.0,10.0,10,100.0,inf,full,both,inf,180.0,0.01,0.0,0.0,256,20,3,0.5,0.1,0.99,10.0,256,20,0,128,128,4.6773624128802735,2.5,9.709421961094291,9.70942196109429,0.0,0.0,1.0,840.0
lqr,mppi_direct,300.0,1800.0,0.1,0.05,5.0,3.75,10.0,10.0,10,100.0,inf,full,both,inf,180.0,0.01,0.0,0.0,256,20,3,0.5,0.1,0.99,10.0,256,20,0,128,0,5.0,3.75,14.043054562888363,937.1814942058468,0.0,0.0,0.0,
lqr,mppi_direct,300.0,1800.0,0.1,0.05,5.0,4.5,10.0,10.0,10,100.0,inf,full,both,inf,180.0,0.01,0.0,0.0,256,20,3,0.5,0.1,0.99,10.0,256,20,0,128,0,5.0,4.5,14.19377747343554,1634.129296203875,0.0,0.0,0.0,
lqr,mppi_direct,300.0,1800.0,0.1,0.05,5.0,5.0,10.0,10.0,10,100.0,inf,full,both,inf,180.0,0.01,0.0,0.0,256,20,3,0.5,0.1,0.99,10.0,256,20,0,128,0,5.0,5.0,14.184569865549603,2004.2429475443653,0.0,0.0,0.0,
lqr,mppi_direct,300.0,1800.0,0.1,0.05,5.0,5.5,10.0,10.0,10,100.0,inf,full,both,inf,180.0,0.01,0.0,0.0,256,20,3,0.5,0.1,0.99,10.0,256,20,0,128,0,5.0,5.5,14.186899345860054,2297.0315652350514,0.0,0.0,0.0,
lqr,mppi_direct,300.0,1800.0,0.1,0.05,5.0,6.25,10.0,10.0,10,100.0,inf,full,both,inf,180.0,0.01,0.0,0.0,256,20,3,0.5,0.1,0.99,10.0,256,20,0,128,0,5.0,6.25,14.186801415274672,2624.9217772507127,0.0,0.0,0.0,
lqr,mppi_direct,300.0,1800.0,0.1,0.05,5.0,7.5,10.0,10.0,10,100.0,inf,full,both,inf,180.0,0.01,0.0,0.0,256,20,3,0.5,0.1,0.99,10.0,256,20,0,128,0,5.0,7.5,14.186801415274672,2912.4280368085733,0.0,0.0,0.0,
lqr,mppi_direct,300.0,1800.0,0.1,0.05,5.0,10.0,10.0,10.0,10,100.0,inf,full,both,inf,180.0,0.01,0.0,0.0,256,20,3,0.5,0.1,0.99,10.0,256,20,0,128,0,5.0,8.04565051645894,14.186801415274672,2932.3146271770106,0.0,0.0,0.0,
lqr,mppi_direct,300.0,1800.0,0.1,0.05,5.0,inf,10.0,10.0,10,100.0,inf,full,both,inf,180.0,0.01,0.0,0.0,256,20,3,0.5,0.1,0.99,10.0,256,20,0,128,0,5.0,8.045748331765893,14.186801415274672,2932.3207920089444,0.0,0.0,0.0,
lqr,mppi_direct,300.0,1800.0,0.1,0.075,5.0,1.25,10.0,10.0,10,100.0,inf,full,both,inf,180.0,0.01,0.0,0.0,256,20,3,0.5,0.1,0.99,10.0,256,20,0,128,128,3.093410738165256,1.25,9.717819099842634,9.717819099842636,0.0,0.0,1.0,530.0
lqr,mppi_direct,300.0,1800.0,0.1,0.075,5.0,2.5,10.0,10.0,10,100.0,inf,full,both,inf,180.0,0.01,0.0,0.0,256,20,3,0.5,0.1,0.99,10.0,256,20,0,128,128,4.3471579974002825,2.5,9.427129735481616,9.427129735481609,0.0,0.0,1.0,700.0
lqr,mppi_direct,300.0,1800.0,0.1,0.075,5.0,3.75,10.0,10.0,10,100.0,inf,full,both,inf,180.0,0.01,0.0,0.0,256,20,3,0.5,0.1,0.99,10.0,256,20,0,128,0,5.0,3.75,15.766283901797278,725.873591305297,0.0,0.0,0.0,
lqr,mppi_direct,300.0,1800.0,0.1,0.075,5.0,4.5,10.0,10.0,10,100.0,inf,full,both,inf,180.0,0.01,0.0,0.0,256,20,3,0.5,0.1,0.99,10.0,256,20,0,128,0,5.0,4.5,18.791527773650564,2005.0971826458187,0.0,0.0,0.0,
lqr,mppi_direct,300.0,1800.0,0.1,0.075,5.0,5.0,10.0,10.0,10,100.0,inf,full,both,inf,180.0,0.01,0.0,0.0,256,20,3,0.5,0.1,0.99,10.0,256,20,0,128,0,5.0,5.0,19.191390853954218,2786.729082680281,0.0,0.0,0.0,
lqr,mppi_direct,300.0,1800.0,0.1,0.075,5.0,5.5,10.0,10.0,10,100.0,inf,full,both,inf,180.0,0.01,0.0,0.0,256,20,3,0.5,0.1,0.99,10.0,256,20,0,128,0,5.0,5.5,19.31098530772269,3353.593113016588,0.0,0.0,0.0,
lqr,mppi_direct,300.0,1800.0,0.1,0.075,5.0,6.25,10.0,10.0,10,100.0,inf,full,both,inf,180.0,0.01,0.0,0.0,256,20,3,0.5,0.1,0.99,10.0,256,20,0,128,0,5.0,6.25,19.41418009680457,4188.390361180485,0.0,0.0,0.0,
lqr,mppi_direct,300.0,1800.0,0.1,0.075,5.0,7.5,10.0,10.0,10,100.0,inf,full,both,inf,180.0,0.01,0.0,0.0,256,20,3,0.5,0.1,0.99,10.0,256,20,0,128,0,5.0,7.5,19.41367563435749,5264.0134362519,0.0,0.0,0.0,
lqr,mppi_direct,300.0,1800.0,0.1,0.075,5.0,10.0,10.0,10.0,10,100.0,inf,full,both,inf,180.0,0.01,0.0,0.0,256,20,3,0.5,0.1,0.99,10.0,256,20,0,128,0,5.0,10.0,19.41309543187085,6627.291034049851,0.0,0.0,0.0,
lqr,mppi_direct,300.0,1800.0,0.1,0.075,5.0,inf,10.0,10.0,10,100.0,inf,full,both,inf,180.0,0.01,0.0,0.0,256,20,3,0.5,0.1,0.99,10.0,256,20,0,128,0,5.0,12.627191773112346,19.41309543187085,7059.833212886335,0.0,0.0,0.0,
lqr,mppi_direct,300.0,1800.0,0.1,0.09,5.0,1.25,10.0,10.0,10,100.0,inf,full,both,inf,180.0,0.01,0.0,0.0,256,20,3,0.5,0.1,0.99,10.0,256,20,0,128,128,3.0259975285895764,1.25,9.742340756956487,9.742340756956487,0.0,0.0,1.0,500.0
lqr,mppi_direct,300.0,1800.0,0.1,0.09,5.0,2.5,10.0,10.0,10,100.0,inf,full,both,inf,180.0,0.01,0.0,0.0,256,20,3,0.5,0.1,0.99,10.0,256,20,0,128,128,4.293687127545478,2.5,9.45579344664649,9.455793446646505,0.0,0.0,1.0,710.0
lqr,mppi_direct,300.0,1800.0,0.1,0.09,5.0,3.75,10.0,10.0,10,100.0,inf,full,both,inf,180.0,0.01,0.0,0.0,256,20,3,0.5,0.1,0.99,10.0,256,20,0,128,0,5.0,3.75,23.816961892099567,1179.281688306396,0.0,0.0,0.0,
lqr,mppi_direct,300.0,1800.0,0.1,0.09,5.0,4.5,10.0,10.0,10,100.0,inf,full,both,inf,180.0,0.01,0.0,0.0,256,20,3,0.5,0.1,0.99,10.0,256,20,0,128,0,5.0,4.5,24.111828945455525,2404.969585975379,0.0,0.0,0.0,
lqr,mppi_direct,300.0,1800.0,0.1,0.09,5.0,5.0,10.0,10.0,10,100.0,inf,full,both,inf,180.0,0.01,0.0,0.0,256,20,3,0.5,0.1,0.99,10.0,256,20,0,128,0,5.0,5.0,24.326518967143063,3178.0735449981275,0.0,0.0,0.0,
lqr,mppi_direct,300.0,1800.0,0.1,0.09,5.0,5.5,10.0,10.0,10,100.0,inf,full,both,inf,180.0,0.01,0.0,0.0,256,20,3,0.5,0.1,0.99,10.0,256,20,0,128,0,5.0,5.5,24.214032430061064,3877.9381180099854,0.0,0.0,0.0,
lqr,mppi_direct,300.0,1800.0,0.1,0.09,5.0,6.25,10.0,10.0,10,100.0,inf,full,both,inf,180.0,0.01,0.0,0.0,256,20,3,0.5,0.1,0.99,10.0,256,20,0,128,0,5.0,6.25,24.230981930507763,4825.2962542854975,0.0,0.0,0.0,
lqr,mppi_direct,300.0,1800.0,0.1,0.09,5.0,7.5,10.0,10.0,10,100.0,inf,full,both,inf,180.0,0.01,0.0,0.0,256,20,3,0.5,0.1,0.99,10.0,256,20,0,128,0,5.0,7.5,24.23572381405324,6173.5217498505335,0.0,0.0,0.0,
lqr,mppi_direct,300.0,1800.0,0.1,0.09,5.0,10.0,10.0,10.0,10,100.0,inf,full,both,inf,180.0,0.01,0.0,0.0,256,20,3,0.5,0.1,0.99,10.0,256,20,0,128,0,5.0,10.0,24.23572379118591,8163.275108178442,0.0,0.0,0.0,
lqr,mppi_direct,300.0,1800.0,0.1,0.09,5.0,inf,10.0,10.0,10,100.0,inf,full,both,inf,180.0,0.01,0.0,0.0,256,20,3,0.5,0.1,0.99,10.0,256,20,0,128,0,5.0,15.266414746042718,24.23572379118591,9676.977624527934,0.0,0.0,0.0,
lqr,mppi_direct,300.0,1800.0,0.1,0.1,5.0,1.25,10.0,10.0,10,100.0,inf,full,both,inf,180.0,0.01,0.0,0.0,256,20,3,0.5,0.1,0.99,10.0,256,20,0,128,128,2.9498267243199248,1.25,9.757754460256004,9.757754460256,0.0,0.0,1.0,460.0
lqr,mppi_direct,300.0,1800.0,0.1,0.1,5.0,2.5,10.0,10.0,10,100.0,inf,full,both,inf,180.0,0.01,0.0,0.0,256,20,3,0.5,0.1,0.99,10.0,256,20,0,128,128,4.457272721513103,2.5,9.25753456205782,9.257534562057812,0.0,0.0,1.0,710.0
lqr,mppi_direct,300.0,1800.0,0.1,0.1,5.0,3.75,10.0,10.0,10,100.0,inf,full,both,inf,180.0,0.01,0.0,0.0,256,20,3,0.5,0.1,0.99,10.0,256,20,0,128,0,5.0,3.75,27.01771776119319,1164.1140711789524,0.0,0.0,0.0,
lqr,mppi_direct,300.0,1800.0,0.1,0.1,5.0,4.5,10.0,10.0,10,100.0,inf,full,both,inf,180.0,0.01,0.0,0.0,256,20,3,0.5,0.1,0.99,10.0,256,20,0,128,0,5.0,4.5,27.60236836405262,2373.612416597684,0.0,0.0,0.0,
lqr,mppi_direct,300.0,1800.0,0.1,0.1,5.0,5.0,10.0,10.0,10,100.0,inf,full,both,inf,180.0,0.01,0.0,0.0,256,20,3,0.5,0.1,0.99,10.0,256,20,0,128,0,5.0,5.0,27.591532856000548,3136.255246978286,0.0,0.0,0.0,
lqr,mppi_direct,300.0,1800.0,0.1,0.1,5.0,5.5,10.0,10.0,10,100.0,inf,full,both,inf,180.0,0.01,0.0,0.0,256,20,3,0.5,0.1,0.99,10.0,256,20,0,128,0,5.0,5.5,27.706274723125173,3889.0064262312153,0.0,0.0,0.0,
lqr,mppi_direct,300.0,1800.0,0.1,0.1,5.0,6.25,10.0,10.0,10,100.0,inf,full,both,inf,180.0,0.01,0.0,0.0,256,20,3,0.5,0.1,0.99,10.0,256,20,0,128,0,5.0,6.25,27.55498047443241,4912.153193701119,0.0,0.0,0.0,
lqr,mppi_direct,300.0,1800.0,0.1,0.1,5.0,7.5,10.0,10.0,10,100.0,inf,full,both,inf,180.0,0.01,0.0,0.0,256,20,3,0.5,0.1,0.99,10.0,256,20,0,128,0,5.0,7.5,27.580173789190606,6415.415461591051,0.0,0.0,0.0,
lqr,mppi_direct,300.0,1800.0,0.1,0.1,5.0,10.0,10.0,10.0,10,100.0,inf,full,both,inf,180.0,0.01,0.0,0.0,256,20,3,0.5,0.1,0.99,10.0,256,20,0,128,0,5.0,10.0,27.580867471936525,8710.366013096409,0.0,0.0,0.0,
lqr,mppi_direct,300.0,1800.0,0.1,0.1,5.0,inf,10.0,10.0,10,100.0,inf,full,both,inf,180.0,0.01,0.0,0.0,256,20,3,0.5,0.1,0.99,10.0,256,20,0,128,0,5.0,16.992358926565966,27.580867471936525,11159.915338156436,0.0,0.0,0.0,
lqr,mppi_direct,300.0,1800.0,0.1,0.11,5.0,1.25,10.0,10.0,10,100.0,inf,full,both,inf,180.0,0.01,0.0,0.0,256,20,3,0.5,0.1,0.99,10.0,256,20,0,128,128,2.892672548761136,1.25,9.756912818774376,9.756912818774378,0.0,0.0,1.0,440.0
lqr,mppi_direct,300.0,1800.0,0.1,0.11,5.0,2.5,10.0,10.0,10,100.0,inf,full,both,inf,180.0,0.01,0.0,0.0,256,20,3,0.5,0.1,0.99,10.0,256,20,0,128,126,4.6768703194674925,2.5,9.109144986517094,21.53248734004383,0.0,0.0,0.984375,730.0
lqr,mppi_direct,300.0,1800.0,0.1,0.11,5.0,3.75,10.0,10.0,10,100.0,inf,full,both,inf,180.0,0.01,0.0,0.0,256,20,3,0.5,0.1,0.99,10.0,256,20,0,128,0,5.0,3.75,30.057559579053983,1150.578361806978,0.0,0.0,0.0,
lqr,mppi_direct,300.0,1800.0,0.1,0.11,5.0,4.5,10.0,10.0,10,100.0,inf,full,both,inf,180.0,0.01,0.0,0.0,256,20,3,0.5,0.1,0.99,10.0,256,20,0,128,0,5.0,4.5,31.58398475255017,2392.537141070163,0.0,0.0,0.0,
lqr,mppi_direct,300.0,1800.0,0.1,0.11,5.0,5.0,10.0,10.0,10,100.0,inf,full,both,inf,180.0,0.01,0.0,0.0,256,20,3,0.5,0.1,0.99,10.0,256,20,0,128,0,5.0,5.0,31.606350539225588,3183.5199612937217,0.0,0.0,0.0,
lqr,mppi_direct,300.0,1800.0,0.1,0.11,5.0,5.5,10.0,10.0,10,100.0,inf,full,both,inf,180.0,0.01,0.0,0.0,256,20,3,0.5,0.1,0.99,10.0,256,20,0,128,0,5.0,5.5,31.46430706497887,3921.334057516411,0.0,0.0,0.0,
lqr,mppi_direct,300.0,1800.0,0.1,0.11,5.0,6.25,10.0,10.0,10,100.0,inf,full,both,inf,180.0,0.01,0.0,0.0,256,20,3,0.5,0.1,0.99,10.0,256,20,0,128,0,5.0,6.25,31.659892487134297,5005.047699591304,0.0,0.0,0.0,
lqr,mppi_direct,300.0,1800.0,0.1,0.11,5.0,7.5,10.0,10.0,10,100.0,inf,full,both,inf,180.0,0.01,0.0,0.0,256,20,3,0.5,0.1,0.99,10.0,256,20,0,128,0,5.0,7.5,31.507091067533263,6618.7882222367525,0.0,0.0,0.0,
lqr,mppi_direct,300.0,1800.0,0.1,0.11,5.0,10.0,10.0,10.0,10,100.0,inf,full,both,inf,180.0,0.01,0.0,0.0,256,20,3,0.5,0.1,0.99,10.0,256,20,0,128,0,5.0,10.0,31.51185206246435,9160.9637792935,0.0,0.0,0.0,
lqr,mppi_direct,300.0,1800.0,0.1,0.11,5.0,inf,10.0,10.0,10,100.0,inf,full,both,inf,180.0,0.01,0.0,0.0,256,20,3,0.5,0.1,0.99,10.0,256,20,0,128,0,5.0,18.712013722050617,31.51185206246435,12668.054036989974,0.0,0.0,0.0,
lqr,mppi_direct,300.0,1800.0,0.1,0.125,5.0,1.25,10.0,10.0,10,100.0,inf,full,both,inf,180.0,0.01,0.0,0.0,256,20,3,0.5,0.1,0.99,10.0,256,20,0,128,128,2.8167088134027862,1.25,9.60497864270643,9.60497864270643,0.0,0.0,1.0,430.0
lqr,mppi_direct,300.0,1800.0,0.1,0.125,5.0,2.5,10.0,10.0,10,100.0,inf,full,both,inf,180.0,0.01,0.0,0.0,256,20,3,0.5,0.1,0.99,10.0,256,20,0,128,123,4.97293554314527,2.5,9.02063928136629,49.26603418593,0.0,0.0,0.9609375,760.0
lqr,mppi_direct,300.0,1800.0,0.1,0.125,5.0,3.75,10.0,10.0,10,100.0,inf,full,both,inf,180.0,0.01,0.0,0.0,256,20,3,0.5,0.1,0.99,10.0,256,20,0,128,0,5.0,3.75,36.513314766271016,1161.260316328406,0.0,0.0,0.0,
lqr,mppi_direct,300.0,1800.0,0.1,0.125,5.0,4.5,10.0,10.0,10,100.0,inf,full,both,inf,180.0,0.01,0.0,0.0,256,20,3,0.5,0.1,0.99,10.0,256,20,0,128,0,5.0,4.5,36.675799810792405,2428.932989647948,0.0,0.0,0.0,
lqr,mppi_direct,300.0,1800.0,0.1,0.125,5.0,5.0,10.0,10.0,10,100.0,inf,full,both,inf,180.0,0.01,0.0,0.0,256,20,3,0.5,0.1,0.99,10.0,256,20,0,128,0,5.0,5.0,38.60310961689834,3262.1262096546084,0.0,0.0,0.0,
lqr,mppi_direct,300.0,1800.0,0.1,0.125,5.0,5.5,10.0,10.0,10,100.0,inf,full,both,inf,180.0,0.01,0.0,0.0,256,20,3,0.5,0.1,0.99,10.0,256,20,0,128,0,5.0,5.5,38.51644026748076,4045.78574449341,0.0,0.0,0.0,
lqr,mppi_direct,300.0,1800.0,0.1,0.125,5.0,6.25,10.0,10.0,10,100.0,inf,full,both,inf,180.0,0.01,0.0,0.0,256,20,3,0.5,0.1,0.99,10.0,256,20,0,128,0,5.0,6.25,38.2302064462137,5165.225361962694,0.0,0.0,0.0,
lqr,mppi_direct,300.0,1800.0,0.1,0.125,5.0,7.5,10.0,10.0,10,100.0,inf,full,both,inf,180.0,0.01,0.0,0.0,256,20,3,0.5,0.1,0.99,10.0,256,20,0,128,0,5.0,7.5,38.57413416863263,6891.429712745041,0.0,0.0,0.0,
lqr,mppi_direct,300.0,1800.0,0.1,0.125,5.0,10.0,10.0,10.0,10,100.0,inf,full,both,inf,180.0,0.01,0.0,0.0,256,20,3,0.5,0.1,0.99,10.0,256,20,0,128,0,5.0,10.0,38.5646891368034,9729.019705551313,0.0,0.0,0.0,
lqr,mppi_direct,300.0,1800.0,0.1,0.125,5.0,inf,10.0,10.0,10,100.0,inf,full,both,inf,180.0,0.01,0.0,0.0,256,20,3,0.5,0.1,0.99,10.0,256,20,0,128,0,5.0,21.295965977618916,38.564689138264825,14995.953367601298,0.0,0.0,0.0,
lqr,mppi_direct,300.0,1800.0,0.1,0.15,5.0,1.25,10.0,10.0,10,100.0,inf,full,both,inf,180.0,0.01,0.0,0.0,256,20,3,0.5,0.1,0.99,10.0,256,20,0,128,128,2.7608378451158297,1.25,9.558864963250798,9.558864963250794,0.0,0.0,1.0,430.0
lqr,mppi_direct,300.0,1800.0,0.1,0.15,5.0,2.5,10.0,10.0,10,100.0,inf,full,both,inf,180.0,0.01,0.0,0.0,256,20,3,0.5,0.1,0.99,10.0,256,20,0,128,118,4.988077905058386,2.5,9.243061720550788,88.1355676968612,0.0,0.0,0.921875,760.0
lqr,mppi_direct,300.0,1800.0,0.1,0.15,5.0,3.75,10.0,10.0,10,100.0,inf,full,both,inf,180.0,0.01,0.0,0.0,256,20,3,0.5,0.1,0.99,10.0,256,20,0,128,0,5.0,3.75,50.55162838152855,1195.8453917548802,0.0,0.0,0.0,
lqr,mppi_direct,300.0,1800.0,0.1,0.15,5.0,4.5,10.0,10.0,10,100.0,inf,full,both,inf,180.0,0.01,0.0,0.0,256,20,3,0.5,0.1,0.99,10.0,256,20,0,128,0,5.0,4.5,50.187576056693565,2501.629753027328,0.0,0.0,0.0,
lqr,mppi_direct,300.0,1800.0,0.1,0.15,5.0,5.0,10.0,10.0,10,100.0,inf,full,both,inf,180.0,0.01,0.0,0.0,256,20,3,0.5,0.1,0.99,10.0,256,20,0,128,0,5.0,5.0,53.096297888606514,3408.2074226242275,0.0,0.0,0.0,
lqr,mppi_direct,300.0,1800.0,0.1,0.15,5.0,5.5,10.0,10.0,10,100.0,inf,full,both,inf,180.0,0.01,0.0,0.0,256,20,3,0.5,0.1,0.99,10.0,256,20,0,128,0,5.0,5.5,52.3662859559858,4228.75259414021,0.0,0.0,0.0,
lqr,mppi_direct,300.0,1800.0,0.1,0.15,5.0,6.25,10.0,10.0,10,100.0,inf,full,both,inf,180.0,0.01,0.0,0.0,256,20,3,0.5,0.1,0.99,10.0,256,20,0,128,0,5.0,6.25,55.52856041725065,5479.251516484496,0.0,0.0,0.0,
lqr,mppi_direct,300.0,1800.0,0.1,0.15,5.0,7.5,10.0,10.0,10,100.0,inf,full,both,inf,180.0,0.01,0.0,0.0,256,20,3,0.5,0.1,0.99,10.0,256,20,0,128,0,5.0,7.5,55.84144953914972,7340.376874866551,0.0,0.0,0.0,
lqr,mppi_direct,300.0,1800.0,0.1,0.15,5.0,10.0,10.0,10.0,10,100.0,inf,full,both,inf,180.0,0.01,0.0,0.0,256,20,3,0.5,0.1,0.99,10.0,256,20,0,128,0,5.0,10.0,56.277438628031724,10612.734462596416,0.0,0.0,0.0,
lqr,mppi_direct,300.0,1800.0,0.1,0.15,5.0,inf,10.0,10.0,10,100.0,inf,full,both,inf,180.0,0.01,0.0,0.0,256,20,3,0.5,0.1,0.99,10.0,256,20,0,128,0,5.0,25.6049207262658,56.28462150670849,19124.84513160153,0.0,0.0,0.0,
lqr,mppi_direct,300.0,1800.0,0.1,0.2,5.0,1.25,10.0,10.0,10,100.0,inf,full,both,inf,180.0,0.01,0.0,0.0,256,20,3,0.5,0.1,0.99,10.0,256,20,0,128,128,2.810735253521164,1.25,9.523551684074295,9.523551684074292,0.0,0.0,1.0,460.0
lqr,mppi_direct,300.0,1800.0,0.1,0.2,5.0,2.5,10.0,10.0,10,100.0,inf,full,both,inf,180.0,0.01,0.0,0.0,256,20,3,0.5,0.1,0.99,10.0,256,20,0,128,102,4.9597592303059725,2.5,11.636243297526336,233.35599920168883,0.0,0.0,0.796875,750.0
lqr,mppi_direct,300.0,1800.0,0.1,0.2,5.0,3.75,10.0,10.0,10,100.0,inf,full,both,inf,180.0,0.01,0.0,0.0,256,20,3,0.5,0.1,0.99,10.0,256,20,0,128,0,5.0,3.75,88.29438590889771,1325.5782830346884,0.0,0.0,0.0,
lqr,mppi_direct,300.0,1800.0,0.1,0.2,5.0,4.5,10.0,10.0,10,100.0,inf,full,both,inf,180.0,0.01,0.0,0.0,256,20,3,0.5,0.1,0.99,10.0,256,20,0,128,0,5.0,4.5,94.36138406789092,2732.657680704594,0.0,0.0,0.0,
lqr,mppi_direct,300.0,1800.0,0.1,0.2,5.0,5.0,10.0,10.0,10,100.0,inf,full,both,inf,180.0,0.01,0.0,0.0,256,20,3,0.5,0.1,0.99,10.0,256,20,0,128,0,5.0,5.0,90.96502769418284,3693.6851577013495,0.0,0.0,0.0,
lqr,mppi_direct,300.0,1800.0,0.1,0.2,5.0,5.5,10.0,10.0,10,100.0,inf,full,both,inf,180.0,0.01,0.0,0.0,256,20,3,0.5,0.1,0.99,10.0,256,20,0,128,0,5.0,5.5,89.79864579121407,4596.614626723314,0.0,0.0,0.0,
lqr,mppi_direct,300.0,1800.0,0.1,0.2,5.0,6.25,10.0,10.0,10,100.0,inf,full,both,inf,180.0,0.01,0.0,0.0,256,20,3,0.5,0.1,0.99,10.0,256,20,0,128,0,5.0,6.25,90.8682844547694,5984.765564102949,0.0,0.0,0.0,
lqr,mppi_direct,300.0,1800.0,0.1,0.2,5.0,7.5,10.0,10.0,10,100.0,inf,full,both,inf,180.0,0.01,0.0,0.0,256,20,3,0.5,0.1,0.99,10.0,256,20,0,128,0,5.0,7.5,91.39496839812564,8026.504713872731,0.0,0.0,0.0,
lqr,mppi_direct,300.0,1800.0,0.1,0.2,5.0,10.0,10.0,10.0,10,100.0,inf,full,both,inf,180.0,0.01,0.0,0.0,256,20,3,0.5,0.1,0.99,10.0,256,20,0,128,0,5.0,10.0,92.36693990449776,11985.251841238023,0.0,0.0,0.0,
lqr,mppi_direct,300.0,1800.0,0.1,0.2,5.0,inf,10.0,10.0,10,100.0,inf,full,both,inf,180.0,0.01,0.0,0.0,256,20,3,0.5,0.1,0.99,10.0,256,20,0,128,0,5.0,34.21695911876556,92.47677220906236,27835.24137872966,0.0,0.0,0.0,
lqr,mppi_lqr,300.0,1800.0,0.1,0.025,5.0,1.25,10.0,10.0,10,100.0,inf,full,both,inf,180.0,0.01,0.0,0.0,256,20,3,0.5,0.1,0.99,10.0,256,20,0,128,128,2.6705228680505706,1.25,9.526413406294042,9.526413406294038,0.0,0.0,1.0,840.0
lqr,mppi_lqr,300.0,1800.0,0.1,0.025,5.0,2.5,10.0,10.0,10,100.0,inf,full,both,inf,180.0,0.01,0.0,0.0,256,20,3,0.5,0.1,0.99,10.0,256,20,0,128,128,3.732035932847491,2.5,9.555716230848548,9.555716230848544,0.0,0.0,1.0,1390.0
lqr,mppi_lqr,300.0,1800.0,0.1,0.025,5.0,3.75,10.0,10.0,10,100.0,inf,full,both,inf,180.0,0.01,0.0,0.0,256,20,3,0.5,0.1,0.99,10.0,256,20,0,128,0,4.853588808531037,3.7491703089766415,20.20473702456102,22.292352955172674,0.0,0.0,0.0,
lqr,mppi_lqr,300.0,1800.0,0.1,0.025,5.0,4.5,10.0,10.0,10,100.0,inf,full,both,inf,180.0,0.01,0.0,0.0,256,20,3,0.5,0.1,0.99,10.0,256,20,0,128,0,4.879081491215586,3.864297352942532,19.8695418812752,21.52266285137088,0.0,0.0,0.0,
lqr,mppi_lqr,300.0,1800.0,0.1,0.025,5.0,5.0,10.0,10.0,10,100.0,inf,full,both,inf,180.0,0.01,0.0,0.0,256,20,3,0.5,0.1,0.99,10.0,256,20,0,128,0,4.877401777030774,3.86472362042247,19.852305206405116,21.45370451900899,0.0,0.0,0.0,
lqr,mppi_lqr,300.0,1800.0,0.1,0.025,5.0,5.5,10.0,10.0,10,100.0,inf,full,both,inf,180.0,0.01,0.0,0.0,256,20,3,0.5,0.1,0.99,10.0,256,20,0,128,0,4.877389024070718,3.864706990880272,19.85221892826388,21.451824703474195,0.0,0.0,0.0,
lqr,mppi_lqr,300.0,1800.0,0.1,0.025,5.0,6.25,10.0,10.0,10,100.0,inf,full,both,inf,180.0,0.01,0.0,0.0,256,20,3,0.5,0.1,0.99,10.0,256,20,0,128,0,4.877389024070718,3.864706990880272,19.85221892826388,21.451824703474195,0.0,0.0,0.0,
lqr,mppi_lqr,300.0,1800.0,0.1,0.025,5.0,7.5,10.0,10.0,10,100.0,inf,full,both,inf,180.0,0.01,0.0,0.0,256,20,3,0.5,0.1,0.99,10.0,256,20,0,128,0,4.877389024070718,3.864706990880272,19.85221892826388,21.451824703474195,0.0,0.0,0.0,
lqr,mppi_lqr,300.0,1800.0,0.1,0.025,5.0,10.0,10.0,10.0,10,100.0,inf,full,both,inf,180.0,0.01,0.0,0.0,256,20,3,0.5,0.1,0.99,10.0,256,20,0,128,0,4.877389024070718,3.864706990880272,19.85221892826388,21.451824703474195,0.0,0.0,0.0,
lqr,mppi_lqr,300.0,1800.0,0.1,0.025,5.0,inf,10.0,10.0,10,100.0,inf,full,both,inf,180.0,0.01,0.0,0.0,256,20,3,0.5,0.1,0.99,10.0,256,20,0,128,0,4.877389024070718,3.864706990880272,19.85221892826388,21.451824703474195,0.0,0.0,0.0,
lqr,mppi_lqr,300.0,1800.0,0.1,0.05,5.0,1.25,10.0,10.0,10,100.0,inf,full,both,inf,180.0,0.01,0.0,0.0,256,20,3,0.5,0.1,0.99,10.0,256,20,0,128,128,2.7245845422096124,1.25,9.239176408123376,9.239176408123376,0.0,0.0,1.0,560.0
lqr,mppi_lqr,300.0,1800.0,0.1,0.05,5.0,2.5,10.0,10.0,10,100.0,inf,full,both,inf,180.0,0.01,0.0,0.0,256,20,3,0.5,0.1,0.99,10.0,256,20,0,128,128,3.274847459976761,2.5,9.471085700801597,9.471085700801604,0.0,0.0,1.0,850.0
lqr,mppi_lqr,300.0,1800.0,0.1,0.05,5.0,3.75,10.0,10.0,10,100.0,inf,full,both,inf,180.0,0.01,0.0,0.0,256,20,3,0.5,0.1,0.99,10.0,256,20,0,128,128,4.335081521817557,3.75,9.460646517268192,9.460646517268229,0.0,0.0,1.0,1110.0
lqr,mppi_lqr,300.0,1800.0,0.1,0.05,5.0,4.5,10.0,10.0,10,100.0,inf,full,both,inf,180.0,0.01,0.0,0.0,256,20,3,0.5,0.1,0.99,10.0,256,20,0,128,77,4.939867229447518,4.5,18.586672308315368,105.10334833203474,0.0,0.0,0.6015625,1270.0
lqr,mppi_lqr,300.0,1800.0,0.1,0.05,5.0,5.0,10.0,10.0,10,100.0,inf,full,both,inf,180.0,0.01,0.0,0.0,256,20,3,0.5,0.1,0.99,10.0,256,20,0,128,5,5.0,5.0,36.5927741978974,454.6902940808383,0.0,0.0,0.0390625,1360.0
lqr,mppi_lqr,300.0,1800.0,0.1,0.05,5.0,5.5,10.0,10.0,10,100.0,inf,full,both,inf,180.0,0.01,0.0,0.0,256,20,3,0.5,0.1,0.99,10.0,256,20,0,128,0,5.0,5.5,38.51431960563938,759.5375716556682,0.0,0.0,0.0,
lqr,mppi_lqr,300.0,1800.0,0.1,0.05,5.0,6.25,10.0,10.0,10,100.0,inf,full,both,inf,180.0,0.01,0.0,0.0,256,20,3,0.5,0.1,0.99,10.0,256,20,0,128,0,5.0,6.25,39.03236225620889,1126.9714613067354,0.0,0.0,0.0,
lqr,mppi_lqr,300.0,1800.0,0.1,0.05,5.0,7.5,10.0,10.0,10,100.0,inf,full,both,inf,180.0,0.01,0.0,0.0,256,20,3,0.5,0.1,0.99,10.0,256,20,0,128,0,5.0,7.5,38.64485221485863,1505.8220805422395,0.0,0.0,0.0,
lqr,mppi_lqr,300.0,1800.0,0.1,0.05,5.0,10.0,10.0,10.0,10,100.0,inf,full,both,inf,180.0,0.01,0.0,0.0,256,20,3,0.5,0.1,0.99,10.0,256,20,0,128,0,5.0,8.40322840149405,38.64584875452754,1573.1043574647863,0.0,0.0,0.0,
lqr,mppi_lqr,300.0,1800.0,0.1,0.05,5.0,inf,10.0,10.0,10,100.0,inf,full,both,inf,180.0,0.01,0.0,0.0,256,20,3,0.5,0.1,0.99,10.0,256,20,0,128,0,5.0,8.403514381567998,38.64584875452754,1573.053557379742,0.0,0.0,0.0,
lqr,mppi_lqr,300.0,1800.0,0.1,0.075,5.0,1.25,10.0,10.0,10,100.0,inf,full,both,inf,180.0,0.01,0.0,0.0,256,20,3,0.5,0.1,0.99,10.0,256,20,0,128,128,3.322427127200426,1.25,9.299685785794004,9.299685785794004,0.0,0.0,1.0,565.0
lqr,mppi_lqr,300.0,1800.0,0.1,0.075,5.0,2.5,10.0,10.0,10,100.0,inf,full,both,inf,180.0,0.01,0.0,0.0,256,20,3,0.5,0.1,0.99,10.0,256,20,0,128,128,3.800810216389249,2.5,9.323016388723593,9.323016388723584,0.0,0.0,1.0,680.0
lqr,mppi_lqr,300.0,1800.0,0.1,0.075,5.0,3.75,10.0,10.0,10,100.0,inf,full,both,inf,180.0,0.01,0.0,0.0,256,20,3,0.5,0.1,0.99,10.0,256,20,0,128,107,4.566150084578267,3.75,15.695351749175908,195.0671383020421,0.0,0.0,0.8359375,870.0
lqr,mppi_lqr,300.0,1800.0,0.1,0.075,5.0,4.5,10.0,10.0,10,100.0,inf,full,both,inf,180.0,0.01,0.0,0.0,256,20,3,0.5,0.1,0.99,10.0,256,20,0,128,52,4.974567066120756,4.5,31.940809332247788,1103.7809706951934,0.0,0.0,0.40625,970.0
lqr,mppi_lqr,300.0,1800.0,0.1,0.075,5.0,5.0,10.0,10.0,10,100.0,inf,full,both,inf,180.0,0.01,0.0,0.0,256,20,3,0.5,0.1,0.99,10.0,256,20,0,128,0,5.0,5.0,48.62783505149184,2313.2968383381403,0.0,0.0,0.0,
lqr,mppi_lqr,300.0,1800.0,0.1,0.075,5.0,5.5,10.0,10.0,10,100.0,inf,full,both,inf,180.0,0.01,0.0,0.0,256,20,3,0.5,0.1,0.99,10.0,256,20,0,128,0,5.0,5.5,49.90031108787118,2876.7024341689785,0.0,0.0,0.0,
lqr,mppi_lqr,300.0,1800.0,0.1,0.075,5.0,6.25,10.0,10.0,10,100.0,inf,full,both,inf,180.0,0.01,0.0,0.0,256,20,3,0.5,0.1,0.99,10.0,256,20,0,128,0,5.0,6.25,49.913740944589954,3621.110010202039,0.0,0.0,0.0,
lqr,mppi_lqr,300.0,1800.0,0.1,0.075,5.0,7.5,10.0,10.0,10,100.0,inf,full,both,inf,180.0,0.01,0.0,0.0,256,20,3,0.5,0.1,0.99,10.0,256,20,0,128,0,5.0,7.5,49.98263993055836,4713.015403036507,0.0,0.0,0.0,
lqr,mppi_lqr,300.0,1800.0,0.1,0.075,5.0,10.0,10.0,10.0,10,100.0,inf,full,both,inf,180.0,0.01,0.0,0.0,256,20,3,0.5,0.1,0.99,10.0,256,20,0,128,0,5.0,10.0,50.07257864334003,6139.11880059698,0.0,0.0,0.0,
lqr,mppi_lqr,300.0,1800.0,0.1,0.075,5.0,inf,10.0,10.0,10,100.0,inf,full,both,inf,180.0,0.01,0.0,0.0,256,20,3,0.5,0.1,0.99,10.0,256,20,0,128,0,5.0,12.832255158316809,50.07257864334003,6641.796014085415,0.0,0.0,0.0,
lqr,mppi_lqr,300.0,1800.0,0.1,0.09,5.0,1.25,10.0,10.0,10,100.0,inf,full,both,inf,180.0,0.01,0.0,0.0,256,20,3,0.5,0.1,0.99,10.0,256,20,0,128,128,3.43912802511896,1.25,9.299140350914398,9.299140350914398,0.0,0.0,1.0,570.0
lqr,mppi_lqr,300.0,1800.0,0.1,0.09,5.0,2.5,10.0,10.0,10,100.0,inf,full,both,inf,180.0,0.01,0.0,0.0,256,20,3,0.5,0.1,0.99,10.0,256,20,0,128,123,4.602240451261332,2.5,9.342610419897976,30.234395702968143,0.0,0.0,0.9609375,700.0
lqr,mppi_lqr,300.0,1800.0,0.1,0.09,5.0,3.75,10.0,10.0,10,100.0,inf,full,both,inf,180.0,0.01,0.0,0.0,256,20,3,0.5,0.1,0.99,10.0,256,20,0,128,19,4.941088512626629,3.75,119.18347493247296,1133.917686837385,0.0,0.0,0.1484375,770.0
lqr,mppi_lqr,300.0,1800.0,0.1,0.09,5.0,4.5,10.0,10.0,10,100.0,inf,full,both,inf,180.0,0.01,0.0,0.0,256,20,3,0.5,0.1,0.99,10.0,256,20,0,128,2,4.9996855535519655,4.5,125.92315748954957,2313.6962158869,0.0,0.0,0.015625,870.0
lqr,mppi_lqr,300.0,1800.0,0.1,0.09,5.0,5.0,10.0,10.0,10,100.0,inf,full,both,inf,180.0,0.01,0.0,0.0,256,20,3,0.5,0.1,0.99,10.0,256,20,0,128,0,5.0,5.0,126.35183463746672,3073.174319084671,0.0,0.0,0.0,
lqr,mppi_lqr,300.0,1800.0,0.1,0.09,5.0,5.5,10.0,10.0,10,100.0,inf,full,both,inf,180.0,0.01,0.0,0.0,256,20,3,0.5,0.1,0.99,10.0,256,20,0,128,0,5.0,5.5,124.63707612209392,3770.8724745897393,0.0,0.0,0.0,
lqr,mppi_lqr,300.0,1800.0,0.1,0.09,5.0,6.25,10.0,10.0,10,100.0,inf,full,both,inf,180.0,0.01,0.0,0.0,256,20,3,0.5,0.1,0.99,10.0,256,20,0,128,0,5.0,6.25,123.3377027713488,4709.166931263998,0.0,0.0,0.0,
lqr,mppi_lqr,300.0,1800.0,0.1,0.09,5.0,7.5,10.0,10.0,10,100.0,inf,full,both,inf,180.0,0.01,0.0,0.0,256,20,3,0.5,0.1,0.99,10.0,256,20,0,128,0,5.0,7.5,122.588190412222,6066.38782044107,0.0,0.0,0.0,
lqr,mppi_lqr,300.0,1800.0,0.1,0.09,5.0,10.0,10.0,10.0,10,100.0,inf,full,both,inf,180.0,0.01,0.0,0.0,256,20,3,0.5,0.1,0.99,10.0,256,20,0,128,0,5.0,10.0,122.51688208604644,8125.617511584415,0.0,0.0,0.0,
lqr,mppi_lqr,300.0,1800.0,0.1,0.09,5.0,inf,10.0,10.0,10,100.0,inf,full,both,inf,180.0,0.01,0.0,0.0,256,20,3,0.5,0.1,0.99,10.0,256,20,0,128,0,5.0,15.455444465201056,122.51688208604644,9759.20795051917,0.0,0.0,0.0,
lqr,mppi_lqr,300.0,1800.0,0.1,0.1,5.0,1.25,10.0,10.0,10,100.0,inf,full,both,inf,180.0,0.01,0.0,0.0,256,20,3,0.5,0.1,0.99,10.0,256,20,0,128,128,3.496211398033588,1.25,9.330043703122934,9.330043703122929,0.0,0.0,1.0,580.0
lqr,mppi_lqr,300.0,1800.0,0.1,0.1,5.0,2.5,10.0,10.0,10,100.0,inf,full,both,inf,180.0,0.01,0.0,0.0,256,20,3,0.5,0.1,0.99,10.0,256,20,0,128,118,4.769738506256796,2.5,9.544152846832231,60.05697500427725,0.0,0.0,0.921875,720.0
lqr,mppi_lqr,300.0,1800.0,0.1,0.1,5.0,3.75,10.0,10.0,10,100.0,inf,full,both,inf,180.0,0.01,0.0,0.0,256,20,3,0.5,0.1,0.99,10.0,256,20,0,128,2,4.997926264092538,3.75,179.31743402891226,1229.1589939006988,0.0,0.0,0.015625,735.0
lqr,mppi_lqr,300.0,1800.0,0.1,0.1,5.0,4.5,10.0,10.0,10,100.0,inf,full,both,inf,180.0,0.01,0.0,0.0,256,20,3,0.5,0.1,0.99,10.0,256,20,0,128,0,5.0,4.5,211.8972192674001,2151.318409703019,0.0,0.0,0.0,
lqr,mppi_lqr,300.0,1800.0,0.1,0.1,5.0,5.0,10.0,10.0,10,100.0,inf,full,both,inf,180.0,0.01,0.0,0.0,256,20,3,0.5,0.1,0.99,10.0,256,20,0,128,0,5.0,5.0,208.88878832830773,2925.380870254147,0.0,0.0,0.0,
lqr,mppi_lqr,300.0,1800.0,0.1,0.1,5.0,5.5,10.0,10.0,10,100.0,inf,full,both,inf,180.0,0.01,0.0,0.0,256,20,3,0.5,0.1,0.99,10.0,256,20,0,128,0,5.0,5.5,206.5655707534581,3692.573078167189,0.0,0.0,0.0,
lqr,mppi_lqr,300.0,1800.0,0.1,0.1,5.0,6.25,10.0,10.0,10,100.0,inf,full,both,inf,180.0,0.01,0.0,0.0,256,20,3,0.5,0.1,0.99,10.0,256,20,0,128,0,5.0,6.25,204.69318161858797,4729.570276505327,0.0,0.0,0.0,
lqr,mppi_lqr,300.0,1800.0,0.1,0.1,5.0,7.5,10.0,10.0,10,100.0,inf,full,both,inf,180.0,0.01,0.0,0.0,256,20,3,0.5,0.1,0.99,10.0,256,20,0,128,0,5.0,7.5,203.3224100984815,6272.85396252436,0.0,0.0,0.0,
lqr,mppi_lqr,300.0,1800.0,0.1,0.1,5.0,10.0,10.0,10.0,10,100.0,inf,full,both,inf,180.0,0.01,0.0,0.0,256,20,3,0.5,0.1,0.99,10.0,256,20,0,128,0,5.0,10.0,203.59168148488703,8638.926378748443,0.0,0.0,0.0,
lqr,mppi_lqr,300.0,1800.0,0.1,0.1,5.0,inf,10.0,10.0,10,100.0,inf,full,both,inf,180.0,0.01,0.0,0.0,256,20,3,0.5,0.1,0.99,10.0,256,20,0,128,0,5.0,17.187470410833193,203.5919285136116,11246.58358079485,0.0,0.0,0.0,
lqr,mppi_lqr,300.0,1800.0,0.1,0.11,5.0,1.25,10.0,10.0,10,100.0,inf,full,both,inf,180.0,0.01,0.0,0.0,256,20,3,0.5,0.1,0.99,10.0,256,20,0,128,128,3.5413548884465653,1.25,9.27172264383889,9.271722643838888,0.0,0.0,1.0,580.0
lqr,mppi_lqr,300.0,1800.0,0.1,0.11,5.0,2.5,10.0,10.0,10,100.0,inf,full,both,inf,180.0,0.01,0.0,0.0,256,20,3,0.5,0.1,0.99,10.0,256,20,0,128,112,4.872303542096993,2.5,9.720697506267214,87.64834394175072,0.0,0.0,0.875,720.0
lqr,mppi_lqr,300.0,1800.0,0.1,0.11,5.0,3.75,10.0,10.0,10,100.0,inf,full,both,inf,180.0,0.01,0.0,0.0,256,20,3,0.5,0.1,0.99,10.0,256,20,0,128,0,5.0,3.75,200.04714463036584,1253.9631341861816,0.0,0.0,0.0,
lqr,mppi_lqr,300.0,1800.0,0.1,0.11,5.0,4.5,10.0,10.0,10,100.0,inf,full,both,inf,180.0,0.01,0.0,0.0,256,20,3,0.5,0.1,0.99,10.0,256,20,0,128,0,5.0,4.5,263.6588065931281,2076.3878878727387,0.0,0.0,0.0,
lqr,mppi_lqr,300.0,1800.0,0.1,0.11,5.0,5.0,10.0,10.0,10,100.0,inf,full,both,inf,180.0,0.01,0.0,0.0,256,20,3,0.5,0.1,0.99,10.0,256,20,0,128,0,5.0,5.0,265.21264560423384,2918.251400228786,0.0,0.0,0.0,
lqr,mppi_lqr,300.0,1800.0,0.1,0.11,5.0,5.5,10.0,10.0,10,100.0,inf,full,both,inf,180.0,0.01,0.0,0.0,256,20,3,0.5,0.1,0.99,10.0,256,20,0,128,0,5.0,5.5,263.3762295406636,3753.1480485122456,0.0,0.0,0.0,
lqr,mppi_lqr,300.0,1800.0,0.1,0.11,5.0,6.25,10.0,10.0,10,100.0,inf,full,both,inf,180.0,0.01,0.0,0.0,256,20,3,0.5,0.1,0.99,10.0,256,20,0,128,0,5.0,6.25,262.96163517154645,4917.774689696116,0.0,0.0,0.0,
lqr,mppi_lqr,300.0,1800.0,0.1,0.11,5.0,7.5,10.0,10.0,10,100.0,inf,full,both,inf,180.0,0.01,0.0,0.0,256,20,3,0.5,0.1,0.99,10.0,256,20,0,128,0,5.0,7.5,262.02985799816906,6659.227455407071,0.0,0.0,0.0,
lqr,mppi_lqr,300.0,1800.0,0.1,0.11,5.0,10.0,10.0,10.0,10,100.0,inf,full,both,inf,180.0,0.01,0.0,0.0,256,20,3,0.5,0.1,0.99,10.0,256,20,0,128,0,5.0,10.0,262.2497661892557,9369.605035284863,0.0,0.0,0.0,
lqr,mppi_lqr,300.0,1800.0,0.1,0.11,5.0,inf,10.0,10.0,10,100.0,inf,full,both,inf,180.0,0.01,0.0,0.0,256,20,3,0.5,0.1,0.99,10.0,256,20,0,128,0,5.0,18.91968450277889,262.2486605615605,13148.669308115848,0.0,0.0,0.0,
lqr,mppi_lqr,300.0,1800.0,0.1,0.125,5.0,1.25,10.0,10.0,10,100.0,inf,full,both,inf,180.0,0.01,0.0,0.0,256,20,3,0.5,0.1,0.99,10.0,256,20,0,128,128,3.5950653455709403,1.25,9.30066202014511,9.3006620201451,0.0,0.0,1.0,585.0
lqr,mppi_lqr,300.0,1800.0,0.1,0.125,5.0,2.5,10.0,10.0,10,100.0,inf,full,both,inf,180.0,0.01,0.0,0.0,256,20,3,0.5,0.1,0.99,10.0,256,20,0,128,93,4.9590892861396645,2.5,10.61685044049421,215.4076170078356,0.0,0.0,0.7265625,720.0
lqr,mppi_lqr,300.0,1800.0,0.1,0.125,5.0,3.75,10.0,10.0,10,100.0,inf,full,both,inf,180.0,0.01,0.0,0.0,256,20,3,0.5,0.1,0.99,10.0,256,20,0,128,0,5.0,3.75,213.29567934377596,1269.6503865240898,0.0,0.0,0.0,
lqr,mppi_lqr,300.0,1800.0,0.1,0.125,5.0,4.5,10.0,10.0,10,100.0,inf,full,both,inf,180.0,0.01,0.0,0.0,256,20,3,0.5,0.1,0.99,10.0,256,20,0,128,0,5.0,4.5,286.2149176167115,2013.6012242258696,0.0,0.0,0.0,
lqr,mppi_lqr,300.0,1800.0,0.1,0.125,5.0,5.0,10.0,10.0,10,100.0,inf,full,both,inf,180.0,0.01,0.0,0.0,256,20,3,0.5,0.1,0.99,10.0,256,20,0,128,0,5.0,5.0,291.7083339542995,2940.2309339784406,0.0,0.0,0.0,
lqr,mppi_lqr,300.0,1800.0,0.1,0.125,5.0,5.5,10.0,10.0,10,100.0,inf,full,both,inf,180.0,0.01,0.0,0.0,256,20,3,0.5,0.1,0.99,10.0,256,20,0,128,0,5.0,5.5,291.49294190296195,3843.4976838535576,0.0,0.0,0.0,
lqr,mppi_lqr,300.0,1800.0,0.1,0.125,5.0,6.25,10.0,10.0,10,100.0,inf,full,both,inf,180.0,0.01,0.0,0.0,256,20,3,0.5,0.1,0.99,10.0,256,20,0,128,0,5.0,6.25,290.86252973705166,5141.233315350152,0.0,0.0,0.0,
lqr,mppi_lqr,300.0,1800.0,0.1,0.125,5.0,7.5,10.0,10.0,10,100.0,inf,full,both,inf,180.0,0.01,0.0,0.0,256,20,3,0.5,0.1,0.99,10.0,256,20,0,128,0,5.0,7.5,291.06062323405337,7066.450039530991,0.0,0.0,0.0,
lqr,mppi_lqr,300.0,1800.0,0.1,0.125,5.0,10.0,10.0,10.0,10,100.0,inf,full,both,inf,180.0,0.01,0.0,0.0,256,20,3,0.5,0.1,0.99,10.0,256,20,0,128,0,5.0,10.0,291.05542586895416,10219.381865972262,0.0,0.0,0.0,
lqr,mppi_lqr,300.0,1800.0,0.1,0.125,5.0,inf,10.0,10.0,10,100.0,inf,full,both,inf,180.0,0.01,0.0,0.0,256,20,3,0.5,0.1,0.99,10.0,256,20,0,128,0,5.0,21.49862348358912,291.05544360176714,15866.344204198784,0.0,0.0,0.0,
lqr,mppi_lqr,300.0,1800.0,0.1,0.15,5.0,1.25,10.0,10.0,10,100.0,inf,full,both,inf,180.0,0.01,0.0,0.0,256,20,3,0.5,0.1,0.99,10.0,256,20,0,128,128,3.665593258038509,1.25,9.29942977097828,9.299429770978287,0.0,0.0,1.0,590.0
lqr,mppi_lqr,300.0,1800.0,0.1,0.15,5.0,2.5,10.0,10.0,10,100.0,inf,full,both,inf,180.0,0.01,0.0,0.0,256,20,3,0.5,0.1,0.99,10.0,256,20,0,128,59,4.995180813183817,2.5,12.527787125626826,517.0900772129929,0.0,0.0,0.4609375,710.0
lqr,mppi_lqr,300.0,1800.0,0.1,0.15,5.0,3.75,10.0,10.0,10,100.0,inf,full,both,inf,180.0,0.01,0.0,0.0,256,20,3,0.5,0.1,0.99,10.0,256,20,0,128,0,5.0,3.75,227.38276456842823,1312.933027269685,0.0,0.0,0.0,
lqr,mppi_lqr,300.0,1800.0,0.1,0.15,5.0,4.5,10.0,10.0,10,100.0,inf,full,both,inf,180.0,0.01,0.0,0.0,256,20,3,0.5,0.1,0.99,10.0,256,20,0,128,0,5.0,4.5,293.9245273786005,2141.284285534065,0.0,0.0,0.0,
lqr,mppi_lqr,300.0,1800.0,0.1,0.15,5.0,5.0,10.0,10.0,10,100.0,inf,full,both,inf,180.0,0.01,0.0,0.0,256,20,3,0.5,0.1,0.99,10.0,256,20,0,128,0,5.0,5.0,296.9008920749729,3016.993062767217,0.0,0.0,0.0,
lqr,mppi_lqr,300.0,1800.0,0.1,0.15,5.0,5.5,10.0,10.0,10,100.0,inf,full,both,inf,180.0,0.01,0.0,0.0,256,20,3,0.5,0.1,0.99,10.0,256,20,0,128,0,5.0,5.5,295.9192112935333,3939.896332566167,0.0,0.0,0.0,
lqr,mppi_lqr,300.0,1800.0,0.1,0.15,5.0,6.25,10.0,10.0,10,100.0,inf,full,both,inf,180.0,0.01,0.0,0.0,256,20,3,0.5,0.1,0.99,10.0,256,20,0,128,0,5.0,6.25,295.7609335156097,5331.629008922985,0.0,0.0,0.0,
lqr,mppi_lqr,300.0,1800.0,0.1,0.15,5.0,7.5,10.0,10.0,10,100.0,inf,full,both,inf,180.0,0.01,0.0,0.0,256,20,3,0.5,0.1,0.99,10.0,256,20,0,128,0,5.0,7.5,295.3289246303028,7446.983259635376,0.0,0.0,0.0,
lqr,mppi_lqr,300.0,1800.0,0.1,0.15,5.0,10.0,10.0,10.0,10,100.0,inf,full,both,inf,180.0,0.01,0.0,0.0,256,20,3,0.5,0.1,0.99,10.0,256,20,0,128,0,5.0,10.0,295.3036285668378,11129.4622076735,0.0,0.0,0.0,
lqr,mppi_lqr,300.0,1800.0,0.1,0.15,5.0,inf,10.0,10.0,10,100.0,inf,full,both,inf,180.0,0.01,0.0,0.0,256,20,3,0.5,0.1,0.99,10.0,256,20,0,128,0,5.0,25.775021869349366,295.30315630721554,20166.703330398468,0.0,0.0,0.0,
lqr,mppi_lqr,300.0,1800.0,0.1,0.2,5.0,1.25,10.0,10.0,10,100.0,inf,full,both,inf,180.0,0.01,0.0,0.0,256,20,3,0.5,0.1,0.99,10.0,256,20,0,128,128,3.764639341657991,1.25,9.34361200301985,9.34361200301986,0.0,0.0,1.0,600.0
lqr,mppi_lqr,300.0,1800.0,0.1,0.2,5.0,2.5,10.0,10.0,10,100.0,inf,full,both,inf,180.0,0.01,0.0,0.0,256,20,3,0.5,0.1,0.99,10.0,256,20,0,128,26,5.0,2.5,16.73034370740919,1005.8527498464504,0.0,0.0,0.203125,700.0
lqr,mppi_lqr,300.0,1800.0,0.1,0.2,5.0,3.75,10.0,10.0,10,100.0,inf,full,both,inf,180.0,0.01,0.0,0.0,256,20,3,0.5,0.1,0.99,10.0,256,20,0,128,0,5.0,3.75,244.63268491050349,1395.984669741929,0.0,0.0,0.0,
lqr,mppi_lqr,300.0,1800.0,0.1,0.2,5.0,4.5,10.0,10.0,10,100.0,inf,full,both,inf,180.0,0.01,0.0,0.0,256,20,3,0.5,0.1,0.99,10.0,256,20,0,128,0,5.0,4.5,292.1138046846507,2371.847281173611,0.0,0.0,0.0,
lqr,mppi_lqr,300.0,1800.0,0.1,0.2,5.0,5.0,10.0,10.0,10,100.0,inf,full,both,inf,180.0,0.01,0.0,0.0,256,20,3,0.5,0.1,0.99,10.0,256,20,0,128,0,5.0,5.0,295.3447074649524,3334.695810095493,0.0,0.0,0.0,
lqr,mppi_lqr,300.0,1800.0,0.1,0.2,5.0,5.5,10.0,10.0,10,100.0,inf,full,both,inf,180.0,0.01,0.0,0.0,256,20,3,0.5,0.1,0.99,10.0,256,20,0,128,0,5.0,5.5,291.9116578899247,4296.533778021378,0.0,0.0,0.0,
lqr,mppi_lqr,300.0,1800.0,0.1,0.2,5.0,6.25,10.0,10.0,10,100.0,inf,full,both,inf,180.0,0.01,0.0,0.0,256,20,3,0.5,0.1,0.99,10.0,256,20,0,128,0,5.0,6.25,292.3239927013849,5831.059502958046,0.0,0.0,0.0,
lqr,mppi_lqr,300.0,1800.0,0.1,0.2,5.0,7.5,10.0,10.0,10,100.0,inf,full,both,inf,180.0,0.01,0.0,0.0,256,20,3,0.5,0.1,0.99,10.0,256,20,0,128,0,5.0,7.5,292.97060350375574,7840.627704354341,0.0,0.0,0.0,
lqr,mppi_lqr,300.0,1800.0,0.1,0.2,5.0,10.0,10.0,10.0,10,100.0,inf,full,both,inf,180.0,0.01,0.0,0.0,256,20,3,0.5,0.1,0.99,10.0,256,20,0,128,0,5.0,10.0,290.16192677312824,12278.203794854026,0.0,0.0,0.0,
lqr,mppi_lqr,300.0,1800.0,0.1,0.2,5.0,inf,10.0,10.0,10,100.0,inf,full,both,inf,180.0,0.01,0.0,0.0,256,20,3,0.5,0.1,0.99,10.0,256,20,0,128,0,5.0,34.33617452633015,289.97483424706024,28876.44216550688,0.0,0.0,0.0,
lqr,random,300.0,1800.0,0.1,0.025,5.0,1.25,10.0,10.0,10,100.0,inf,full,both,inf,180.0,0.01,0.0,0.0,256,20,3,0.5,0.1,0.99,10.0,256,20,0,128,128,2.234028209218723,0.8586105580788088,9.319423268924108,9.319423268924108,0.0,0.0,1.0,450.0
lqr,random,300.0,1800.0,0.1,0.025,5.0,2.5,10.0,10.0,10,100.0,inf,full,both,inf,180.0,0.01,0.0,0.0,256,20,3,0.5,0.1,0.99,10.0,256,20,0,128,128,2.234028209218723,0.8586105580788088,9.319423268924108,9.319423268924108,0.0,0.0,1.0,450.0
lqr,random,300.0,1800.0,0.1,0.025,5.0,3.75,10.0,10.0,10,100.0,inf,full,both,inf,180.0,0.01,0.0,0.0,256,20,3,0.5,0.1,0.99,10.0,256,20,0,128,128,2.234028209218723,0.8586105580788088,9.319423268924108,9.319423268924108,0.0,0.0,1.0,450.0
lqr,random,300.0,1800.0,0.1,0.025,5.0,4.5,10.0,10.0,10,100.0,inf,full,both,inf,180.0,0.01,0.0,0.0,256,20,3,0.5,0.1,0.99,10.0,256,20,0,128,128,2.234028209218723,0.8586105580788088,9.319423268924108,9.319423268924108,0.0,0.0,1.0,450.0
lqr,random,300.0,1800.0,0.1,0.025,5.0,5.0,10.0,10.0,10,100.0,inf,full,both,inf,180.0,0.01,0.0,0.0,256,20,3,0.5,0.1,0.99,10.0,256,20,0,128,128,2.234028209218723,0.8586105580788088,9.319423268924108,9.319423268924108,0.0,0.0,1.0,450.0
lqr,random,300.0,1800.0,0.1,0.025,5.0,5.5,10.0,10.0,10,100.0,inf,full,both,inf,180.0,0.01,0.0,0.0,256,20,3,0.5,0.1,0.99,10.0,256,20,0,128,128,2.234028209218723,0.8586105580788088,9.319423268924108,9.319423268924108,0.0,0.0,1.0,450.0
lqr,random,300.0,1800.0,0.1,0.025,5.0,6.25,10.0,10.0,10,100.0,inf,full,both,inf,180.0,0.01,0.0,0.0,256,20,3,0.5,0.1,0.99,10.0,256,20,0,128,128,2.234028209218723,0.8586105580788088,9.319423268924108,9.319423268924108,0.0,0.0,1.0,450.0
lqr,random,300.0,1800.0,0.1,0.025,5.0,7.5,10.0,10.0,10,100.0,inf,full,both,inf,180.0,0.01,0.0,0.0,256,20,3,0.5,0.1,0.99,10.0,256,20,0,128,128,2.234028209218723,0.8586105580788088,9.319423268924108,9.319423268924108,0.0,0.0,1.0,450.0
lqr,random,300.0,1800.0,0.1,0.025,5.0,10.0,10.0,10.0,10,100.0,inf,full,both,inf,180.0,0.01,0.0,0.0,256,20,3,0.5,0.1,0.99,10.0,256,20,0,128,128,2.234028209218723,0.8586105580788088,9.319423268924108,9.319423268924108,0.0,0.0,1.0,450.0
lqr,random,300.0,1800.0,0.1,0.025,5.0,inf,10.0,10.0,10,100.0,inf,full,both,inf,180.0,0.01,0.0,0.0,256,20,3,0.5,0.1,0.99,10.0,256,20,0,128,128,2.234028209218723,0.8586105580788088,9.319423268924108,9.319423268924108,0.0,0.0,1.0,450.0
lqr,random,300.0,1800.0,0.1,0.05,5.0,1.25,10.0,10.0,10,100.0,inf,full,both,inf,180.0,0.01,0.0,0.0,256,20,3,0.5,0.1,0.99,10.0,256,20,0,128,128,2.261894910019872,1.25,9.37655814419858,9.37655814419858,0.0,0.0,1.0,460.0
lqr,random,300.0,1800.0,0.1,0.05,5.0,2.5,10.0,10.0,10,100.0,inf,full,both,inf,180.0,0.01,0.0,0.0,256,20,3,0.5,0.1,0.99,10.0,256,20,0,128,128,2.313198606404525,1.7951344006837564,9.41106633837223,9.411066338372231,0.0,0.0,1.0,460.0
lqr,random,300.0,1800.0,0.1,0.05,5.0,3.75,10.0,10.0,10,100.0,inf,full,both,inf,180.0,0.01,0.0,0.0,256,20,3,0.5,0.1,0.99,10.0,256,20,0,128,128,2.3138540843159108,1.8025230865063095,9.414586205586938,9.414586205586938,0.0,0.0,1.0,460.0
lqr,random,300.0,1800.0,0.1,0.05,5.0,4.5,10.0,10.0,10,100.0,inf,full,both,inf,180.0,0.01,0.0,0.0,256,20,3,0.5,0.1,0.99,10.0,256,20,0,128,128,2.3138540843159108,1.8025230865063095,9.414586205586938,9.414586205586938,0.0,0.0,1.0,460.0
lqr,random,300.0,1800.0,0.1,0.05,5.0,5.0,10.0,10.0,10,100.0,inf,full,both,inf,180.0,0.01,0.0,0.0,256,20,3,0.5,0.1,0.99,10.0,256,20,0,128,128,2.3138540843159108,1.8025230865063095,9.414586205586938,9.414586205586938,0.0,0.0,1.0,460.0
lqr,random,300.0,1800.0,0.1,0.05,5.0,5.5,10.0,10.0,10,100.0,inf,full,both,inf,180.0,0.01,0.0,0.0,256,20,3,0.5,0.1,0.99,10.0,256,20,0,128,128,2.3138540843159108,1.8025230865063095,9.414586205586938,9.414586205586938,0.0,0.0,1.0,460.0
lqr,random,300.0,1800.0,0.1,0.05,5.0,6.25,10.0,10.0,10,100.0,inf,full,both,inf,180.0,0.01,0.0,0.0,256,20,3,0.5,0.1,0.99,10.0,256,20,0,128,128,2.3138540843159108,1.8025230865063095,9.414586205586938,9.414586205586938,0.0,0.0,1.0,460.0
lqr,random,300.0,1800.0,0.1,0.05,5.0,7.5,10.0,10.0,10,100.0,inf,full,both,inf,180.0,0.01,0.0,0.0,256,20,3,0.5,0.1,0.99,10.0,256,20,0,128,128,2.3138540843159108,1.8025230865063095,9.414586205586938,9.414586205586938,0.0,0.0,1.0,460.0
lqr,random,300.0,1800.0,0.1,0.05,5.0,10.0,10.0,10.0,10,100.0,inf,full,both,inf,180.0,0.01,0.0,0.0,256,20,3,0.5,0.1,0.99,10.0,256,20,0,128,128,2.3138540843159108,1.8025230865063095,9.414586205586938,9.414586205586938,0.0,0.0,1.0,460.0
lqr,random,300.0,1800.0,0.1,0.05,5.0,inf,10.0,10.0,10,100.0,inf,full,both,inf,180.0,0.01,0.0,0.0,256,20,3,0.5,0.1,0.99,10.0,256,20,0,128,128,2.3138540843159108,1.8025230865063095,9.414586205586938,9.414586205586938,0.0,0.0,1.0,460.0
lqr,random,300.0,1800.0,0.1,0.075,5.0,1.25,10.0,10.0,10,100.0,inf,full,both,inf,180.0,0.01,0.0,0.0,256,20,3,0.5,0.1,0.99,10.0,256,20,0,128,128,2.2726089097648265,1.25,9.277363352679806,9.277363352679806,0.0,0.0,1.0,460.0
lqr,random,300.0,1800.0,0.1,0.075,5.0,2.5,10.0,10.0,10,100.0,inf,full,both,inf,180.0,0.01,0.0,0.0,256,20,3,0.5,0.1,0.99,10.0,256,20,0,128,128,2.404607625745065,2.46590048305486,9.471275173773398,9.4712751737734,0.0,0.0,1.0,490.0
lqr,random,300.0,1800.0,0.1,0.075,5.0,3.75,10.0,10.0,10,100.0,inf,full,both,inf,180.0,0.01,0.0,0.0,256,20,3,0.5,0.1,0.99,10.0,256,20,0,128,128,2.4819904044601766,2.8762897180059035,9.390046129178062,9.39004612917806,0.0,0.0,1.0,490.0
lqr,random,300.0,1800.0,0.1,0.075,5.0,4.5,10.0,10.0,10,100.0,inf,full,both,inf,180.0,0.01,0.0,0.0,256,20,3,0.5,0.1,0.99,10.0,256,20,0,128,128,2.4941547216458844,2.931619753247005,9.371637217355376,9.371637217355376,0.0,0.0,1.0,490.0
lqr,random,300.0,1800.0,0.1,0.075,5.0,5.0,10.0,10.0,10,100.0,inf,full,both,inf,180.0,0.01,0.0,0.0,256,20,3,0.5,0.1,0.99,10.0,256,20,0,128,128,2.4960831977970384,2.948689124966095,9.36403899342071,9.36403899342071,0.0,0.0,1.0,490.0
lqr,random,300.0,1800.0,0.1,0.075,5.0,5.5,10.0,10.0,10,100.0,inf,full,both,inf,180.0,0.01,0.0,0.0,256,20,3,0.5,0.1,0.99,10.0,256,20,0,128,128,2.499710809980283,2.956501624966095,9.364077284537316,9.364077284537316,0.0,0.0,1.0,490.0
lqr,random,300.0,1800.0,0.1,0.075,5.0,6.25,10.0,10.0,10,100.0,inf,full,both,inf,180.0,0.01,0.0,0.0,256,20,3,0.5,0.1,0.99,10.0,256,20,0,128,128,2.5019192740207337,2.9677311272243343,9.360386753343963,9.360386753343963,0.0,0.0,1.0,490.0
lqr,random,300.0,1800.0,0.1,0.075,5.0,7.5,10.0,10.0,10,100.0,inf,full,both,inf,180.0,0.01,0.0,0.0,256,20,3,0.5,0.1,0.99,10.0,256,20,0,128,128,2.5019192740207337,2.9677311272243343,9.360386753343963,9.360386753343963,0.0,0.0,1.0,490.0
lqr,random,300.0,1800.0,0.1,0.075,5.0,10.0,10.0,10.0,10,100.0,inf,full,both,inf,180.0,0.01,0.0,0.0,256,20,3,0.5,0.1,0.99,10.0,256,20,0,128,128,2.5019192740207337,2.9677311272243343,9.360386753343963,9.360386753343963,0.0,0.0,1.0,490.0
lqr,random,300.0,1800.0,0.1,0.075,5.0,inf,10.0,10.0,10,100.0,inf,full,both,inf,180.0,0.01,0.0,0.0,256,20,3,0.5,0.1,0.99,10.0,256,20,0,128,128,2.5019192740207337,2.9677311272243343,9.360386753343963,9.360386753343963,0.0,0.0,1.0,490.0
lqr,random,300.0,1800.0,0.1,0.09,5.0,1.25,10.0,10.0,10,100.0,inf,full,both,inf,180.0,0.01,0.0,0.0,256,20,3,0.5,0.1,0.99,10.0,256,20,0,128,128,2.288662531934356,1.25,9.359905044226924,9.359905044226924,0.0,0.0,1.0,450.0
lqr,random,300.0,1800.0,0.1,0.09,5.0,2.5,10.0,10.0,10,100.0,inf,full,both,inf,180.0,0.01,0.0,0.0,256,20,3,0.5,0.1,0.99,10.0,256,20,0,128,128,2.417701149560457,2.4981528170974583,9.470394942085996,9.470394942085996,0.0,0.0,1.0,500.0
lqr,random,300.0,1800.0,0.1,0.09,5.0,3.75,10.0,10.0,10,100.0,inf,full,both,inf,180.0,0.01,0.0,0.0,256,20,3,0.5,0.1,0.99,10.0,256,20,0,128,128,2.5860992966668688,3.3827037378565445,9.381879800411278,9.381879800411276,0.0,0.0,1.0,510.0
lqr,random,300.0,1800.0,0.1,0.09,5.0,4.5,10.0,10.0,10,100.0,inf,full,both,inf,180.0,0.01,0.0,0.0,256,20,3,0.5,0.1,0.99,10.0,256,20,0,128,128,2.6578226198906454,3.6310414711737584,9.34336561599381,9.343365615993807,0.0,0.0,1.0,510.0
lqr,random,300.0,1800.0,0.1,0.09,5.0,5.0,10.0,10.0,10,100.0,inf,full,both,inf,180.0,0.01,0.0,0.0,256,20,3,0.5,0.1,0.99,10.0,256,20,0,128,128,2.684111513254143,3.743586580675101,9.34254818315932,9.34254818315932,0.0,0.0,1.0,510.0
lqr,random,300.0,1800.0,0.1,0.09,5.0,5.5,10.0,10.0,10,100.0,inf,full,both,inf,180.0,0.01,0.0,0.0,256,20,3,0.5,0.1,0.99,10.0,256,20,0,128,128,2.706397839592002,3.825220583885117,9.322763367708044,9.322763367708044,0.0,0.0,1.0,510.0
lqr,random,300.0,1800.0,0.1,0.09,5.0,6.25,10.0,10.0,10,100.0,inf,full,both,inf,180.0,0.01,0.0,0.0,256,20,3,0.5,0.1,0.99,10.0,256,20,0,128,128,2.7235356626382643,3.90145501133254,9.329806429833122,9.329996307010765,0.0,0.0,1.0,510.0
lqr,random,300.0,1800.0,0.1,0.09,5.0,7.5,10.0,10.0,10,100.0,inf,full,both,inf,180.0,0.01,0.0,0.0,256,20,3,0.5,0.1,0.99,10.0,256,20,0,128,128,2.741469474866368,3.9650467650955714,9.320896367129835,9.321086244307482,0.0,0.0,1.0,510.0
lqr,random,300.0,1800.0,0.1,0.09,5.0,10.0,10.0,10.0,10,100.0,inf,full,both,inf,180.0,0.01,0.0,0.0,256,20,3,0.5,0.1,0.99,10.0,256,20,0,128,128,2.748985064625137,3.996069489032159,9.3096659225687,9.309855799746344,0.0,0.0,1.0,510.0
lqr,random,300.0,1800.0,0.1,0.09,5.0,inf,10.0,10.0,10,100.0,inf,full,both,inf,180.0,0.01,0.0,0.0,256,20,3,0.5,0.1,0.99,10.0,256,20,0,128,128,2.7489303869501027,3.998712246822702,9.306952961668486,9.307142838846133,0.0,0.0,1.0,510.0
lqr,random,300.0,1800.0,0.1,0.1,5.0,1.25,10.0,10.0,10,100.0,inf,full,both,inf,180.0,0.01,0.0,0.0,256,20,3,0.5,0.1,0.99,10.0,256,20,0,128,128,2.29742695840478,1.25,9.26999747299766,9.26999747299766,0.0,0.0,1.0,450.0
lqr,random,300.0,1800.0,0.1,0.1,5.0,2.5,10.0,10.0,10,100.0,inf,full,both,inf,180.0,0.01,0.0,0.0,256,20,3,0.5,0.1,0.99,10.0,256,20,0,128,128,2.4179171836952222,2.499978896125186,9.517531555716715,9.517531555716715,0.0,0.0,1.0,490.0
lqr,random,300.0,1800.0,0.1,0.1,5.0,3.75,10.0,10.0,10,100.0,inf,full,both,inf,180.0,0.01,0.0,0.0,256,20,3,0.5,0.1,0.99,10.0,256,20,0,128,128,2.619962461527488,3.5781281222480548,9.4977749930087,9.4977749930087,0.0,0.0,1.0,550.0
lqr,random,300.0,1800.0,0.1,0.1,5.0,4.5,10.0,10.0,10,100.0,inf,full,both,inf,180.0,0.01,0.0,0.0,256,20,3,0.5,0.1,0.99,10.0,256,20,0,128,128,2.723472755957173,3.957625893161655,9.475455275165308,9.475455275165308,0.0,0.0,1.0,550.0
lqr,random,300.0,1800.0,0.1,0.1,5.0,5.0,10.0,10.0,10,100.0,inf,full,both,inf,180.0,0.01,0.0,0.0,256,20,3,0.5,0.1,0.99,10.0,256,20,0,128,128,2.781302162628357,4.152628166496634,9.449041261246634,9.449041261246636,0.0,0.0,1.0,550.0
lqr,random,300.0,1800.0,0.1,0.1,5.0,5.5,10.0,10.0,10,100.0,inf,full,both,inf,180.0,0.01,0.0,0.0,256,20,3,0.5,0.1,0.99,10.0,256,20,0,128,128,2.8273742209981485,4.321028695694381,9.42382093693305,9.42382093693305,0.0,0.0,1.0,550.0
lqr,random,300.0,1800.0,0.1,0.1,5.0,6.25,10.0,10.0,10,100.0,inf,full,both,inf,180.0,0.01,0.0,0.0,256,20,3,0.5,0.1,0.99,10.0,256,20,0,128,128,2.8758323230831992,4.5039125233793,9.404872108170952,9.404872108170952,0.0,0.0,1.0,550.0
lqr,random,300.0,1800.0,0.1,0.1,5.0,7.5,10.0,10.0,10,100.0,inf,full,both,inf,180.0,0.01,0.0,0.0,256,20,3,0.5,0.1,0.99,10.0,256,20,0,128,128,2.934703126497727,4.698351449889651,9.353337295991686,9.353337295991686,0.0,0.0,1.0,550.0
lqr,random,300.0,1800.0,0.1,0.1,5.0,10.0,10.0,10.0,10,100.0,inf,full,both,inf,180.0,0.01,0.0,0.0,256,20,3,0.5,0.1,0.99,10.0,256,20,0,128,128,2.9649145788643527,4.849159693402804,9.333207396057087,9.333207396057087,0.0,0.0,1.0,550.0
lqr,random,300.0,1800.0,0.1,0.1,5.0,inf,10.0,10.0,10,100.0,inf,full,both,inf,180.0,0.01,0.0,0.0,256,20,3,0.5,0.1,0.99,10.0,256,20,0,128,127,2.966354827502723,4.88016628680895,9.353142774378483,9.933484718023744,0.0,0.0,0.9921875,550.0
lqr,random,300.0,1800.0,0.1,0.11,5.0,1.25,10.0,10.0,10,100.0,inf,full,both,inf,180.0,0.01,0.0,0.0,256,20,3,0.5,0.1,0.99,10.0,256,20,0,128,128,2.303729162813035,1.25,9.303362737374329,9.30336273737433,0.0,0.0,1.0,450.0
lqr,random,300.0,1800.0,0.1,0.11,5.0,2.5,10.0,10.0,10,100.0,inf,full,both,inf,180.0,0.01,0.0,0.0,256,20,3,0.5,0.1,0.99,10.0,256,20,0,128,128,2.425839253746572,2.5,9.46339181386944,9.46339181386944,0.0,0.0,1.0,480.0
lqr,random,300.0,1800.0,0.1,0.11,5.0,3.75,10.0,10.0,10,100.0,inf,full,both,inf,180.0,0.01,0.0,0.0,256,20,3,0.5,0.1,0.99,10.0,256,20,0,128,128,2.6421230846374617,3.6851528672487017,9.46782354789215,9.469072833651364,0.0,0.0,1.0,560.0
lqr,random,300.0,1800.0,0.1,0.11,5.0,4.5,10.0,10.0,10,100.0,inf,full,both,inf,180.0,0.01,0.0,0.0,256,20,3,0.5,0.1,0.99,10.0,256,20,0,128,128,2.7645581062042845,4.185993428751747,9.453660761732918,9.454910047492136,0.0,0.0,1.0,600.0
lqr,random,300.0,1800.0,0.1,0.11,5.0,5.0,10.0,10.0,10,100.0,inf,full,both,inf,180.0,0.01,0.0,0.0,256,20,3,0.5,0.1,0.99,10.0,256,20,0,128,128,2.840061205628977,4.442426199995716,9.416101080333895,9.417350366093114,0.0,0.0,1.0,590.0
lqr,random,300.0,1800.0,0.1,0.11,5.0,5.5,10.0,10.0,10,100.0,inf,full,both,inf,180.0,0.01,0.0,0.0,256,20,3,0.5,0.1,0.99,10.0,256,20,0,128,128,2.905944278783923,4.663530475819373,9.38578744778386,9.38703673354308,0.0,0.0,1.0,590.0
lqr,random,300.0,1800.0,0.1,0.11,5.0,6.25,10.0,10.0,10,100.0,inf,full,both,inf,180.0,0.01,0.0,0.0,256,20,3,0.5,0.1,0.99,10.0,256,20,0,128,128,2.985183748006333,4.952295263122222,9.401358219212437,9.402741842063625,0.0,0.0,1.0,590.0
lqr,random,300.0,1800.0,0.1,0.11,5.0,7.5,10.0,10.0,10,100.0,inf,full,both,inf,180.0,0.01,0.0,0.0,256,20,3,0.5,0.1,0.99,10.0,256,20,0,128,128,3.070015555012805,5.268885264865968,9.40241669026123,9.403813283596314,0.0,0.0,1.0,590.0
lqr,random,300.0,1800.0,0.1,0.11,5.0,10.0,10.0,10.0,10,100.0,inf,full,both,inf,180.0,0.01,0.0,0.0,256,20,3,0.5,0.1,0.99,10.0,256,20,0,128,125,3.1436900875170557,5.589514151074029,9.441094294114324,11.968828962286722,0.0,0.0,0.9765625,590.0
lqr,random,300.0,1800.0,0.1,0.11,5.0,inf,10.0,10.0,10,100.0,inf,full,both,inf,180.0,0.01,0.0,0.0,256,20,3,0.5,0.1,0.99,10.0,256,20,0,128,123,3.151992216930013,5.790154201096286,9.458105991373262,18.89366469603528,0.0,0.0,0.9609375,570.0
lqr,random,300.0,1800.0,0.1,0.125,5.0,1.25,10.0,10.0,10,100.0,inf,full,both,inf,180.0,0.01,0.0,0.0,256,20,3,0.5,0.1,0.99,10.0,256,20,0,128,128,2.307802156569367,1.25,9.306920598413576,9.306920598413576,0.0,0.0,1.0,450.0
lqr,random,300.0,1800.0,0.1,0.125,5.0,2.5,10.0,10.0,10,100.0,inf,full,both,inf,180.0,0.01,0.0,0.0,256,20,3,0.5,0.1,0.99,10.0,256,20,0,128,128,2.42155428409732,2.5,9.330497413200504,9.330497413200504,0.0,0.0,1.0,480.0
lqr,random,300.0,1800.0,0.1,0.125,5.0,3.75,10.0,10.0,10,100.0,inf,full,both,inf,180.0,0.01,0.0,0.0,256,20,3,0.5,0.1,0.99,10.0,256,20,0,128,128,2.644451313812763,3.7346016455301063,9.507817059597208,9.507817059597208,0.0,0.0,1.0,560.0
lqr,random,300.0,1800.0,0.1,0.125,5.0,4.5,10.0,10.0,10,100.0,inf,full,both,inf,180.0,0.01,0.0,0.0,256,20,3,0.5,0.1,0.99,10.0,256,20,0,128,128,2.7947943477028407,4.373817334215383,9.525517560078974,9.525529942859809,0.0,0.0,1.0,610.0
lqr,random,300.0,1800.0,0.1,0.125,5.0,5.0,10.0,10.0,10,100.0,inf,full,both,inf,180.0,0.01,0.0,0.0,256,20,3,0.5,0.1,0.99,10.0,256,20,0,128,128,2.896751543631829,4.726429158431012,9.487638829879169,9.487649843096987,0.0,0.0,1.0,630.0
lqr,random,300.0,1800.0,0.1,0.125,5.0,5.5,10.0,10.0,10,100.0,inf,full,both,inf,180.0,0.01,0.0,0.0,256,20,3,0.5,0.1,0.99,10.0,256,20,0,128,128,2.9868342362070983,5.032965123267482,9.48145286556715,9.481463878784966,0.0,0.0,1.0,650.0
lqr,random,300.0,1800.0,0.1,0.125,5.0,6.25,10.0,10.0,10,100.0,inf,full,both,inf,180.0,0.01,0.0,0.0,256,20,3,0.5,0.1,0.99,10.0,256,20,0,128,128,3.095303863199774,5.422189277710293,9.458359983311643,9.458762678755,0.0,0.0,1.0,650.0
lqr,random,300.0,1800.0,0.1,0.125,5.0,7.5,10.0,10.0,10,100.0,inf,full,both,inf,180.0,0.01,0.0,0.0,256,20,3,0.5,0.1,0.99,10.0,256,20,0,128,128,3.2602075487601945,5.964125720190434,9.424396174604846,9.424798870048198,0.0,0.0,1.0,650.0
lqr,random,300.0,1800.0,0.1,0.125,5.0,10.0,10.0,10.0,10,100.0,inf,full,both,inf,180.0,0.01,0.0,0.0,256,20,3,0.5,0.1,0.99,10.0,256,20,0,128,123,3.437754515352276,6.640260188844925,9.548008625635749,16.507992786563207,0.0,0.0,0.9609375,610.0
lqr,random,300.0,1800.0,0.1,0.125,5.0,inf,10.0,10.0,10,100.0,inf,full,both,inf,180.0,0.01,0.0,0.0,256,20,3,0.5,0.1,0.99,10.0,256,20,0,128,114,3.472592092354144,7.515343438150256,9.670051248815064,39.28647769880114,0.0,0.0,0.890625,600.0
lqr,random,300.0,1800.0,0.1,0.15,5.0,1.25,10.0,10.0,10,100.0,inf,full,both,inf,180.0,0.01,0.0,0.0,256,20,3,0.5,0.1,0.99,10.0,256,20,0,128,128,2.313895849086605,1.25,9.348102331225482,9.348102331225482,0.0,0.0,1.0,450.0
lqr,random,300.0,1800.0,0.1,0.15,5.0,2.5,10.0,10.0,10,100.0,inf,full,both,inf,180.0,0.01,0.0,0.0,256,20,3,0.5,0.1,0.99,10.0,256,20,0,128,128,2.450928358519008,2.5,9.344355705194308,9.344355705194308,0.0,0.0,1.0,470.0
lqr,random,300.0,1800.0,0.1,0.15,5.0,3.75,10.0,10.0,10,100.0,inf,full,both,inf,180.0,0.01,0.0,0.0,256,20,3,0.5,0.1,0.99,10.0,256,20,0,128,128,2.6602952882927253,3.747091590440876,9.498232277547617,9.498232277547617,0.0,0.0,1.0,530.0
lqr,random,300.0,1800.0,0.1,0.15,5.0,4.5,10.0,10.0,10,100.0,inf,full,both,inf,180.0,0.01,0.0,0.0,256,20,3,0.5,0.1,0.99,10.0,256,20,0,128,128,2.8077069127265,4.477971984394406,9.500545931408588,9.500545931408588,0.0,0.0,1.0,580.0
lqr,random,300.0,1800.0,0.1,0.15,5.0,5.0,10.0,10.0,10,100.0,inf,full,both,inf,180.0,0.01,0.0,0.0,256,20,3,0.5,0.1,0.99,10.0,256,20,0,128,128,2.9351170940546054,4.928526935100357,9.541046893956375,9.541046893956374,0.0,0.0,1.0,620.0
lqr,random,300.0,1800.0,0.1,0.15,5.0,5.5,10.0,10.0,10,100.0,inf,full,both,inf,180.0,0.01,0.0,0.0,256,20,3,0.5,0.1,0.99,10.0,256,20,0,128,128,3.034326431871585,5.338183578849043,9.52079278762998,9.521026803477175,0.0,0.0,1.0,655.0
lqr,random,300.0,1800.0,0.1,0.15,5.0,6.25,10.0,10.0,10,100.0,inf,full,both,inf,180.0,0.01,0.0,0.0,256,20,3,0.5,0.1,0.99,10.0,256,20,0,128,128,3.195560654595409,5.891295014736095,9.516481741325018,9.516715757172214,0.0,0.0,1.0,700.0
lqr,random,300.0,1800.0,0.1,0.15,5.0,7.5,10.0,10.0,10,100.0,inf,full,both,inf,180.0,0.01,0.0,0.0,256,20,3,0.5,0.1,0.99,10.0,256,20,0,128,127,3.444930239764996,6.706994993354259,9.463194747037766,10.022161170103049,0.0,0.0,0.9921875,780.0
lqr,random,300.0,1800.0,0.1,0.15,5.0,10.0,10.0,10.0,10,100.0,inf,full,both,inf,180.0,0.01,0.0,0.0,256,20,3,0.5,0.1,0.99,10.0,256,20,0,128,120,3.797535496142293,8.007838899605149,9.732174461459186,22.8739735286664,0.0,0.0,0.9375,765.0
lqr,random,300.0,1800.0,0.1,0.15,5.0,inf,10.0,10.0,10,100.0,inf,full,both,inf,180.0,0.01,0.0,0.0,256,20,3,0.5,0.1,0.99,10.0,256,20,0,128,87,3.945212022963679,11.474279534034515,10.605586567180934,144.01338553010382,0.0,0.0,0.6796875,590.0
lqr,random,300.0,1800.0,0.1,0.2,5.0,1.25,10.0,10.0,10,100.0,inf,full,both,inf,180.0,0.01,0.0,0.0,256,20,3,0.5,0.1,0.99,10.0,256,20,0,128,128,2.329493496442797,1.25,9.279362157242796,9.279362157242796,0.0,0.0,1.0,450.0
lqr,random,300.0,1800.0,0.1,0.2,5.0,2.5,10.0,10.0,10,100.0,inf,full,both,inf,180.0,0.01,0.0,0.0,256,20,3,0.5,0.1,0.99,10.0,256,20,0,128,128,2.5012994291376582,2.5,9.40237922173211,9.402379221732112,0.0,0.0,1.0,460.0
lqr,random,300.0,1800.0,0.1,0.2,5.0,3.75,10.0,10.0,10,100.0,inf,full,both,inf,180.0,0.01,0.0,0.0,256,20,3,0.5,0.1,0.99,10.0,256,20,0,128,128,2.683689045297652,3.75,9.388242832506752,9.388242832506757,0.0,0.0,1.0,510.0
lqr,random,300.0,1800.0,0.1,0.2,5.0,4.5,10.0,10.0,10,100.0,inf,full,both,inf,180.0,0.01,0.0,0.0,256,20,3,0.5,0.1,0.99,10.0,256,20,0,128,128,2.859830565243977,4.498213738567078,9.467430228062048,9.467430228062048,0.0,0.0,1.0,530.0
lqr,random,300.0,1800.0,0.1,0.2,5.0,5.0,10.0,10.0,10,100.0,inf,full,both,inf,180.0,0.01,0.0,0.0,256,20,3,0.5,0.1,0.99,10.0,256,20,0,128,128,2.958928932896889,4.992137204605576,9.558860464235254,9.558860464235252,0.0,0.0,1.0,560.0
lqr,random,300.0,1800.0,0.1,0.2,5.0,5.5,10.0,10.0,10,100.0,inf,full,both,inf,180.0,0.01,0.0,0.0,256,20,3,0.5,0.1,0.99,10.0,256,20,0,128,128,3.0800556687132503,5.482184563302577,9.490618445248032,9.490618445248032,0.0,0.0,1.0,590.0
lqr,random,300.0,1800.0,0.1,0.2,5.0,6.25,10.0,10.0,10,100.0,inf,full,both,inf,180.0,0.01,0.0,0.0,256,20,3,0.5,0.1,0.99,10.0,256,20,0,128,128,3.278367578323345,6.206396116432186,9.52333894938396,9.52333894938396,0.0,0.0,1.0,630.0
lqr,random,300.0,1800.0,0.1,0.2,5.0,7.5,10.0,10.0,10,100.0,inf,full,both,inf,180.0,0.01,0.0,0.0,256,20,3,0.5,0.1,0.99,10.0,256,20,0,128,128,3.5949967434671346,7.354696407855689,9.51960016432522,9.52014647645876,0.0,0.0,1.0,700.0
lqr,random,300.0,1800.0,0.1,0.2,5.0,10.0,10.0,10.0,10,100.0,inf,full,both,inf,180.0,0.01,0.0,0.0,256,20,3,0.5,0.1,0.99,10.0,256,20,0,128,114,4.213751975243721,9.438909301674446,10.826822459993275,60.34561990635284,0.0,0.0,0.890625,850.0
lqr,random,300.0,1800.0,0.1,0.2,5.0,inf,10.0,10.0,10,100.0,inf,full,both,inf,180.0,0.01,0.0,0.0,256,20,3,0.5,0.1,0.99,10.0,256,20,0,128,50,4.519656946061587,20.13739081342362,14.056497519718514,519.5681232438568,0.0,0.0,0.390625,635.0
lqr,transverse,300.0,1800.0,0.1,0.025,5.0,1.25,10.0,10.0,10,100.0,inf,full,both,inf,180.0,0.01,0.0,0.0,256,20,3,0.5,0.1,0.99,10.0,256,20,0,128,128,2.9728563438634463,1.25,9.730386410042426,9.730386410042426,0.0,0.0,1.0,670.0
lqr,transverse,300.0,1800.0,0.1,0.025,5.0,2.5,10.0,10.0,10,100.0,inf,full,both,inf,180.0,0.01,0.0,0.0,256,20,3,0.5,0.1,0.99,10.0,256,20,0,128,128,4.439735472286642,2.5,9.908754720439502,9.908754720439502,0.0,0.0,1.0,1140.0
lqr,transverse,300.0,1800.0,0.1,0.025,5.0,3.75,10.0,10.0,10,100.0,inf,full,both,inf,180.0,0.01,0.0,0.0,256,20,3,0.5,0.1,0.99,10.0,256,20,0,128,0,5.0,3.75,15.033546730599072,260.27567622760114,0.0,0.0,0.0,
lqr,transverse,300.0,1800.0,0.1,0.025,5.0,4.5,10.0,10.0,10,100.0,inf,full,both,inf,180.0,0.01,0.0,0.0,256,20,3,0.5,0.1,0.99,10.0,256,20,0,128,0,5.0,4.4999999999999964,15.033546730599072,292.4003526764726,0.0,0.0,0.0,
lqr,transverse,300.0,1800.0,0.1,0.025,5.0,5.0,10.0,10.0,10,100.0,inf,full,both,inf,180.0,0.01,0.0,0.0,256,20,3,0.5,0.1,0.99,10.0,256,20,0,128,0,5.0,4.4999999999999964,15.033546730599072,292.4003526764726,0.0,0.0,0.0,
lqr,transverse,300.0,1800.0,0.1,0.025,5.0,5.5,10.0,10.0,10,100.0,inf,full,both,inf,180.0,0.01,0.0,0.0,256,20,3,0.5,0.1,0.99,10.0,256,20,0,128,0,5.0,4.4999999999999964,15.033546730599072,292.4003526764726,0.0,0.0,0.0,
lqr,transverse,300.0,1800.0,0.1,0.025,5.0,6.25,10.0,10.0,10,100.0,inf,full,both,inf,180.0,0.01,0.0,0.0,256,20,3,0.5,0.1,0.99,10.0,256,20,0,128,0,5.0,4.4999999999999964,15.033546730599072,292.4003526764726,0.0,0.0,0.0,
lqr,transverse,300.0,1800.0,0.1,0.025,5.0,7.5,10.0,10.0,10,100.0,inf,full,both,inf,180.0,0.01,0.0,0.0,256,20,3,0.5,0.1,0.99,10.0,256,20,0,128,0,5.0,4.4999999999999964,15.033546730599072,292.4003526764726,0.0,0.0,0.0,
lqr,transverse,300.0,1800.0,0.1,0.025,5.0,10.0,10.0,10.0,10,100.0,inf,full,both,inf,180.0,0.01,0.0,0.0,256,20,3,0.5,0.1,0.99,10.0,256,20,0,128,0,5.0,4.4999999999999964,15.033546730599072,292.4003526764726,0.0,0.0,0.0,
lqr,transverse,300.0,1800.0,0.1,0.025,5.0,inf,10.0,10.0,10,100.0,inf,full,both,inf,180.0,0.01,0.0,0.0,256,20,3,0.5,0.1,0.99,10.0,256,20,0,128,0,5.0,4.4999999999999964,15.033546730599072,292.4003526764726,0.0,0.0,0.0,
lqr,transverse,300.0,1800.0,0.1,0.05,5.0,1.25,10.0,10.0,10,100.0,inf,full,both,inf,180.0,0.01,0.0,0.0,256,20,3,0.5,0.1,0.99,10.0,256,20,0,128,128,2.82934782850015,1.25,9.435426212598594,9.435426212598593,0.0,0.0,1.0,490.0
lqr,transverse,300.0,1800.0,0.1,0.05,5.0,2.5,10.0,10.0,10,100.0,inf,full,both,inf,180.0,0.01,0.0,0.0,256,20,3,0.5,0.1,0.99,10.0,256,20,0,128,128,4.242002599881387,2.5,9.567128230338142,9.567128230338142,0.0,0.0,1.0,750.0
lqr,transverse,300.0,1800.0,0.1,0.05,5.0,3.75,10.0,10.0,10,100.0,inf,full,both,inf,180.0,0.01,0.0,0.0,256,20,3,0.5,0.1,0.99,10.0,256,20,0,128,0,5.0,3.75,31.118786577246176,701.6795892418846,0.0,0.0,0.0,
lqr,transverse,300.0,1800.0,0.1,0.05,5.0,4.5,10.0,10.0,10,100.0,inf,full,both,inf,180.0,0.01,0.0,0.0,256,20,3,0.5,0.1,0.99,10.0,256,20,0,128,0,5.0,4.5,31.118786577246176,1177.652304416045,0.0,0.0,0.0,
lqr,transverse,300.0,1800.0,0.1,0.05,5.0,5.0,10.0,10.0,10,100.0,inf,full,both,inf,180.0,0.01,0.0,0.0,256,20,3,0.5,0.1,0.99,10.0,256,20,0,128,0,5.0,5.0,31.118786577246176,1371.508248804705,0.0,0.0,0.0,
lqr,transverse,300.0,1800.0,0.1,0.05,5.0,5.5,10.0,10.0,10,100.0,inf,full,both,inf,180.0,0.01,0.0,0.0,256,20,3,0.5,0.1,0.99,10.0,256,20,0,128,0,5.0,5.5,31.118786577246176,1533.8191412650738,0.0,0.0,0.0,
lqr,transverse,300.0,1800.0,0.1,0.05,5.0,6.25,10.0,10.0,10,100.0,inf,full,both,inf,180.0,0.01,0.0,0.0,256,20,3,0.5,0.1,0.99,10.0,256,20,0,128,0,5.0,6.25,31.118786577246176,1723.6812192992577,0.0,0.0,0.0,
lqr,transverse,300.0,1800.0,0.1,0.05,5.0,7.5,10.0,10.0,10,100.0,inf,full,both,inf,180.0,0.01,0.0,0.0,256,20,3,0.5,0.1,0.99,10.0,256,20,0,128,0,5.0,7.5,31.118786577246176,1899.0816327905256,0.0,0.0,0.0,
lqr,transverse,300.0,1800.0,0.1,0.05,5.0,10.0,10.0,10.0,10,100.0,inf,full,both,inf,180.0,0.01,0.0,0.0,256,20,3,0.5,0.1,0.99,10.0,256,20,0,128,0,5.0,8.999999999999993,31.118786577246176,1940.5527846745624,0.0,0.0,0.0,
lqr,transverse,300.0,1800.0,0.1,0.05,5.0,inf,10.0,10.0,10,100.0,inf,full,both,inf,180.0,0.01,0.0,0.0,256,20,3,0.5,0.1,0.99,10.0,256,20,0,128,0,5.0,8.999999999999993,31.118786577246176,1940.5527846745624,0.0,0.0,0.0,
lqr,transverse,300.0,1800.0,0.1,0.075,5.0,1.25,10.0,10.0,10,100.0,inf,full,both,inf,180.0,0.01,0.0,0.0,256,20,3,0.5,0.1,0.99,10.0,256,20,0,128,128,2.844221390361916,1.25,9.168810576354709,9.16881057635471,0.0,0.0,1.0,470.0
lqr,transverse,300.0,1800.0,0.1,0.075,5.0,2.5,10.0,10.0,10,100.0,inf,full,both,inf,180.0,0.01,0.0,0.0,256,20,3,0.5,0.1,0.99,10.0,256,20,0,128,128,4.204238000619093,2.5,9.433409764165106,9.433409764165123,0.0,0.0,1.0,650.0
lqr,transverse,300.0,1800.0,0.1,0.075,5.0,3.75,10.0,10.0,10,100.0,inf,full,both,inf,180.0,0.01,0.0,0.0,256,20,3,0.5,0.1,0.99,10.0,256,20,0,128,2,5.0,3.75,57.67046022942351,628.6916345155662,0.0,0.0,0.015625,770.0
lqr,transverse,300.0,1800.0,0.1,0.075,5.0,4.5,10.0,10.0,10,100.0,inf,full,both,inf,180.0,0.01,0.0,0.0,256,20,3,0.5,0.1,0.99,10.0,256,20,0,128,0,5.0,4.5,58.522383152182,1691.1204457089652,0.0,0.0,0.0,
lqr,transverse,300.0,1800.0,0.1,0.075,5.0,5.0,10.0,10.0,10,100.0,inf,full,both,inf,180.0,0.01,0.0,0.0,256,20,3,0.5,0.1,0.99,10.0,256,20,0,128,0,5.0,5.0,58.522383152182,2159.17767237588,0.0,0.0,0.0,
lqr,transverse,300.0,1800.0,0.1,0.075,5.0,5.5,10.0,10.0,10,100.0,inf,full,both,inf,180.0,0.01,0.0,0.0,256,20,3,0.5,0.1,0.99,10.0,256,20,0,128,0,5.0,5.5,58.522383152182,2510.880520329373,0.0,0.0,0.0,
lqr,transverse,300.0,1800.0,0.1,0.075,5.0,6.25,10.0,10.0,10,100.0,inf,full,both,inf,180.0,0.01,0.0,0.0,256,20,3,0.5,0.1,0.99,10.0,256,20,0,128,0,5.0,6.25,58.522383152182,2926.489526649707,0.0,0.0,0.0,
lqr,transverse,300.0,1800.0,0.1,0.075,5.0,7.5,10.0,10.0,10,100.0,inf,full,both,inf,180.0,0.01,0.0,0.0,256,20,3,0.5,0.1,0.99,10.0,256,20,0,128,0,5.0,7.5,58.522383152182,3426.4234934517217,0.0,0.0,0.0,
lqr,transverse,300.0,1800.0,0.1,0.075,5.0,10.0,10.0,10.0,10,100.0,inf,full,both,inf,180.0,0.01,0.0,0.0,256,20,3,0.5,0.1,0.99,10.0,256,20,0,128,0,5.0,10.0,58.522383152182,3954.7941423200623,0.0,0.0,0.0,
lqr,transverse,300.0,1800.0,0.1,0.075,5.0,inf,10.0,10.0,10,100.0,inf,full,both,inf,180.0,0.01,0.0,0.0,256,20,3,0.5,0.1,0.99,10.0,256,20,0,128,0,5.0,13.49999999999996,58.522383152182,4109.160001597968,0.0,0.0,0.0,
lqr,transverse,300.0,1800.0,0.1,0.09,5.0,1.25,10.0,10.0,10,100.0,inf,full,both,inf,180.0,0.01,0.0,0.0,256,20,3,0.5,0.1,0.99,10.0,256,20,0,128,128,2.8304829584524245,1.25,9.283721866574302,9.283721866574297,0.0,0.0,1.0,470.0
lqr,transverse,300.0,1800.0,0.1,0.09,5.0,2.5,10.0,10.0,10,100.0,inf,full,both,inf,180.0,0.01,0.0,0.0,256,20,3,0.5,0.1,0.99,10.0,256,20,0,128,128,4.307306803124303,2.5,9.408602231519138,9.408602231519149,0.0,0.0,1.0,660.0
lqr,transverse,300.0,1800.0,0.1,0.09,5.0,3.75,10.0,10.0,10,100.0,inf,full,both,inf,180.0,0.01,0.0,0.0,256,20,3,0.5,0.1,0.99,10.0,256,20,0,128,3,4.9974910853524985,3.75,84.55748734321479,536.879438018292,0.0,0.0,0.0234375,720.0
lqr,transverse,300.0,1800.0,0.1,0.09,5.0,4.5,10.0,10.0,10,100.0,inf,full,both,inf,180.0,0.01,0.0,0.0,256,20,3,0.5,0.1,0.99,10.0,256,20,0,128,0,5.0,4.5,88.02321358887822,1552.7286356888162,0.0,0.0,0.0,
lqr,transverse,300.0,1800.0,0.1,0.09,5.0,5.0,10.0,10.0,10,100.0,inf,full,both,inf,180.0,0.01,0.0,0.0,256,20,3,0.5,0.1,0.99,10.0,256,20,0,128,0,5.0,5.0,88.02321358887822,2220.252583790018,0.0,0.0,0.0,
lqr,transverse,300.0,1800.0,0.1,0.09,5.0,5.5,10.0,10.0,10,100.0,inf,full,both,inf,180.0,0.01,0.0,0.0,256,20,3,0.5,0.1,0.99,10.0,256,20,0,128,0,5.0,5.5,88.02321358887822,2767.813556204755,0.0,0.0,0.0,
lqr,transverse,300.0,1800.0,0.1,0.09,5.0,6.25,10.0,10.0,10,100.0,inf,full,both,inf,180.0,0.01,0.0,0.0,256,20,3,0.5,0.1,0.99,10.0,256,20,0,128,0,5.0,6.25,88.02321358887822,3399.163374755637,0.0,0.0,0.0,
lqr,transverse,300.0,1800.0,0.1,0.09,5.0,7.5,10.0,10.0,10,100.0,inf,full,both,inf,180.0,0.01,0.0,0.0,256,20,3,0.5,0.1,0.99,10.0,256,20,0,128,0,5.0,7.5,88.02321358887822,4160.142841074918,0.0,0.0,0.0,
lqr,transverse,300.0,1800.0,0.1,0.09,5.0,10.0,10.0,10.0,10,100.0,inf,full,both,inf,180.0,0.01,0.0,0.0,256,20,3,0.5,0.1,0.99,10.0,256,20,0,128,0,5.0,10.0,88.02321358887822,5077.794938875903,0.0,0.0,0.0,
lqr,transverse,300.0,1800.0,0.1,0.09,5.0,inf,10.0,10.0,10,100.0,inf,full,both,inf,180.0,0.01,0.0,0.0,256,20,3,0.5,0.1,0.99,10.0,256,20,0,128,0,5.0,16.19999999999998,88.02321358887822,5619.427881286685,0.0,0.0,0.0,
lqr,transverse,300.0,1800.0,0.1,0.1,5.0,1.25,10.0,10.0,10,100.0,inf,full,both,inf,180.0,0.01,0.0,0.0,256,20,3,0.5,0.1,0.99,10.0,256,20,0,128,128,2.8157178798340867,1.25,9.320557849486756,9.32055784948676,0.0,0.0,1.0,470.0
lqr,transverse,300.0,1800.0,0.1,0.1,5.0,2.5,10.0,10.0,10,100.0,inf,full,both,inf,180.0,0.01,0.0,0.0,256,20,3,0.5,0.1,0.99,10.0,256,20,0,128,128,4.397665235159447,2.5,9.39355922190806,9.393559221908047,0.0,0.0,1.0,680.0
lqr,transverse,300.0,1800.0,0.1,0.1,5.0,3.75,10.0,10.0,10,100.0,inf,full,both,inf,180.0,0.01,0.0,0.0,256,20,3,0.5,0.1,0.99,10.0,256,20,0,128,5,4.995333078326921,3.75,105.62698238709352,540.9118350594432,0.0,0.0,0.0390625,710.0
lqr,transverse,300.0,1800.0,0.1,0.1,5.0,4.5,10.0,10.0,10,100.0,inf,full,both,inf,180.0,0.01,0.0,0.0,256,20,3,0.5,0.1,0.99,10.0,256,20,0,128,0,5.0,4.5,111.3660330842851,1487.765257745613,0.0,0.0,0.0,
lqr,transverse,300.0,1800.0,0.1,0.1,5.0,5.0,10.0,10.0,10,100.0,inf,full,both,inf,180.0,0.01,0.0,0.0,256,20,3,0.5,0.1,0.99,10.0,256,20,0,128,0,5.0,5.0,111.3660330842851,2153.0586163027488,0.0,0.0,0.0,
lqr,transverse,300.0,1800.0,0.1,0.1,5.0,5.5,10.0,10.0,10,100.0,inf,full,both,inf,180.0,0.01,0.0,0.0,256,20,3,0.5,0.1,0.99,10.0,256,20,0,128,0,5.0,5.5,111.3660330842851,2774.967695120067,0.0,0.0,0.0,
lqr,transverse,300.0,1800.0,0.1,0.1,5.0,6.25,10.0,10.0,10,100.0,inf,full,both,inf,180.0,0.01,0.0,0.0,256,20,3,0.5,0.1,0.99,10.0,256,20,0,128,0,5.0,6.25,111.3660330842851,3543.350457734898,0.0,0.0,0.0,
lqr,transverse,300.0,1800.0,0.1,0.1,5.0,7.5,10.0,10.0,10,100.0,inf,full,both,inf,180.0,0.01,0.0,0.0,256,20,3,0.5,0.1,0.99,10.0,256,20,0,128,0,5.0,7.5,111.3660330842851,4478.622439122331,0.0,0.0,0.0,
lqr,transverse,300.0,1800.0,0.1,0.1,5.0,10.0,10.0,10.0,10,100.0,inf,full,both,inf,180.0,0.01,0.0,0.0,256,20,3,0.5,0.1,0.99,10.0,256,20,0,128,0,5.0,10.0,111.3660330842851,5647.820907031601,0.0,0.0,0.0,
lqr,transverse,300.0,1800.0,0.1,0.1,5.0,inf,10.0,10.0,10,100.0,inf,full,both,inf,180.0,0.01,0.0,0.0,256,20,3,0.5,0.1,0.99,10.0,256,20,0,128,0,5.0,17.999999999999986,111.3660330842851,6579.694879266155,0.0,0.0,0.0,
lqr,transverse,300.0,1800.0,0.1,0.11,5.0,1.25,10.0,10.0,10,100.0,inf,full,both,inf,180.0,0.01,0.0,0.0,256,20,3,0.5,0.1,0.99,10.0,256,20,0,128,128,2.805083110776099,1.25,9.240233492219474,9.24023349221947,0.0,0.0,1.0,470.0
lqr,transverse,300.0,1800.0,0.1,0.11,5.0,2.5,10.0,10.0,10,100.0,inf,full,both,inf,180.0,0.01,0.0,0.0,256,20,3,0.5,0.1,0.99,10.0,256,20,0,128,128,4.455901849375761,2.5,9.477812111550222,9.47781211155022,0.0,0.0,1.0,680.0
lqr,transverse,300.0,1800.0,0.1,0.11,5.0,3.75,10.0,10.0,10,100.0,inf,full,both,inf,180.0,0.01,0.0,0.0,256,20,3,0.5,0.1,0.99,10.0,256,20,0,128,7,4.99316979657547,3.75,124.71894338241358,535.777123999252,0.0,0.0,0.0546875,710.0
lqr,transverse,300.0,1800.0,0.1,0.11,5.0,4.5,10.0,10.0,10,100.0,inf,full,both,inf,180.0,0.01,0.0,0.0,256,20,3,0.5,0.1,0.99,10.0,256,20,0,128,0,5.0,4.5,132.28329381303317,1477.9285208429435,0.0,0.0,0.0,
lqr,transverse,300.0,1800.0,0.1,0.11,5.0,5.0,10.0,10.0,10,100.0,inf,full,both,inf,180.0,0.01,0.0,0.0,256,20,3,0.5,0.1,0.99,10.0,256,20,0,128,0,5.0,5.0,132.39715899370543,2120.7541357027085,0.0,0.0,0.0,
lqr,transverse,300.0,1800.0,0.1,0.11,5.0,5.5,10.0,10.0,10,100.0,inf,full,both,inf,180.0,0.01,0.0,0.0,256,20,3,0.5,0.1,0.99,10.0,256,20,0,128,0,5.0,5.5,132.39715899370543,2746.6104866089995,0.0,0.0,0.0,
lqr,transverse,300.0,1800.0,0.1,0.11,5.0,6.25,10.0,10.0,10,100.0,inf,full,both,inf,180.0,0.01,0.0,0.0,256,20,3,0.5,0.1,0.99,10.0,256,20,0,128,0,5.0,6.25,132.39715899370543,3599.4665123265827,0.0,0.0,0.0,
lqr,transverse,300.0,1800.0,0.1,0.11,5.0,7.5,10.0,10.0,10,100.0,inf,full,both,inf,180.0,0.01,0.0,0.0,256,20,3,0.5,0.1,0.99,10.0,256,20,0,128,0,5.0,7.5,132.39715899370543,4696.421109484282,0.0,0.0,0.0,
lqr,transverse,300.0,1800.0,0.1,0.11,5.0,10.0,10.0,10.0,10,100.0,inf,full,both,inf,180.0,0.01,0.0,0.0,256,20,3,0.5,0.1,0.99,10.0,256,20,0,128,0,5.0,10.0,132.39715899370543,6097.041413313805,0.0,0.0,0.0,
lqr,transverse,300.0,1800.0,0.1,0.11,5.0,inf,10.0,10.0,10,100.0,inf,full,both,inf,180.0,0.01,0.0,0.0,256,20,3,0.5,0.1,0.99,10.0,256,20,0,128,0,5.0,19.79999999999995,132.39715899370543,7500.383324736741,0.0,0.0,0.0,
lqr,transverse,300.0,1800.0,0.1,0.125,5.0,1.25,10.0,10.0,10,100.0,inf,full,both,inf,180.0,0.01,0.0,0.0,256,20,3,0.5,0.1,0.99,10.0,256,20,0,128,128,2.7931600150928224,1.25,9.256127828172051,9.25612782817205,0.0,0.0,1.0,475.0
lqr,transverse,300.0,1800.0,0.1,0.125,5.0,2.5,10.0,10.0,10,100.0,inf,full,both,inf,180.0,0.01,0.0,0.0,256,20,3,0.5,0.1,0.99,10.0,256,20,0,128,128,4.5147786917923165,2.5,9.361724763163728,9.361724763163751,0.0,0.0,1.0,685.0
lqr,transverse,300.0,1800.0,0.1,0.125,5.0,3.75,10.0,10.0,10,100.0,inf,full,both,inf,180.0,0.01,0.0,0.0,256,20,3,0.5,0.1,0.99,10.0,256,20,0,128,7,4.990832318888654,3.75,149.2606205540505,525.6590165306462,0.0,0.0,0.0546875,700.0
lqr,transverse,300.0,1800.0,0.1,0.125,5.0,4.5,10.0,10.0,10,100.0,inf,full,both,inf,180.0,0.01,0.0,0.0,256,20,3,0.5,0.1,0.99,10.0,256,20,0,128,0,5.0,4.5,158.12498316822675,1477.82500872035,0.0,0.0,0.0,
lqr,transverse,300.0,1800.0,0.1,0.125,5.0,5.0,10.0,10.0,10,100.0,inf,full,both,inf,180.0,0.01,0.0,0.0,256,20,3,0.5,0.1,0.99,10.0,256,20,0,128,0,5.0,5.0,159.76989256680494,2131.6248048771217,0.0,0.0,0.0,
lqr,transverse,300.0,1800.0,0.1,0.125,5.0,5.5,10.0,10.0,10,100.0,inf,full,both,inf,180.0,0.01,0.0,0.0,256,20,3,0.5,0.1,0.99,10.0,256,20,0,128,0,5.0,5.5,159.76989256680494,2752.5401352285585,0.0,0.0,0.0,
lqr,transverse,300.0,1800.0,0.1,0.125,5.0,6.25,10.0,10.0,10,100.0,inf,full,both,inf,180.0,0.01,0.0,0.0,256,20,3,0.5,0.1,0.99,10.0,256,20,0,128,0,5.0,6.25,159.76989256680494,3628.995108010212,0.0,0.0,0.0,
lqr,transverse,300.0,1800.0,0.1,0.125,5.0,7.5,10.0,10.0,10,100.0,inf,full,both,inf,180.0,0.01,0.0,0.0,256,20,3,0.5,0.1,0.99,10.0,256,20,0,128,0,5.0,7.5,159.76989256680494,4896.560183155827,0.0,0.0,0.0,
lqr,transverse,300.0,1800.0,0.1,0.125,5.0,10.0,10.0,10.0,10,100.0,inf,full,both,inf,180.0,0.01,0.0,0.0,256,20,3,0.5,0.1,0.99,10.0,256,20,0,128,0,5.0,10.0,159.76989256680494,6626.81190883023,0.0,0.0,0.0,
lqr,transverse,300.0,1800.0,0.1,0.125,5.0,inf,10.0,10.0,10,100.0,inf,full,both,inf,180.0,0.01,0.0,0.0,256,20,3,0.5,0.1,0.99,10.0,256,20,0,128,0,5.0,22.5,159.76989256680494,8854.000495364287,0.0,0.0,0.0,
lqr,transverse,300.0,1800.0,0.1,0.15,5.0,1.25,10.0,10.0,10,100.0,inf,full,both,inf,180.0,0.01,0.0,0.0,256,20,3,0.5,0.1,0.99,10.0,256,20,0,128,128,2.7805449202305708,1.25,9.274650204454453,9.27465020445445,0.0,0.0,1.0,480.0
lqr,transverse,300.0,1800.0,0.1,0.15,5.0,2.5,10.0,10.0,10,100.0,inf,full,both,inf,180.0,0.01,0.0,0.0,256,20,3,0.5,0.1,0.99,10.0,256,20,0,128,128,4.566602634110058,2.5,9.390435684277522,9.39043568427752,0.0,0.0,1.0,690.0
lqr,transverse,300.0,1800.0,0.1,0.15,5.0,3.75,10.0,10.0,10,100.0,inf,full,both,inf,180.0,0.01,0.0,0.0,256,20,3,0.5,0.1,0.99,10.0,256,20,0,128,5,4.98695116533911,3.75,179.5671565374074,537.3797108771862,0.0,0.0,0.0390625,710.0
lqr,transverse,300.0,1800.0,0.1,0.15,5.0,4.5,10.0,10.0,10,100.0,inf,full,both,inf,180.0,0.01,0.0,0.0,256,20,3,0.5,0.1,0.99,10.0,256,20,0,128,2,5.0,4.5,189.98510348515504,1441.0403957961548,0.0,0.0,0.015625,725.0
lqr,transverse,300.0,1800.0,0.1,0.15,5.0,5.0,10.0,10.0,10,100.0,inf,full,both,inf,180.0,0.01,0.0,0.0,256,20,3,0.5,0.1,0.99,10.0,256,20,0,128,0,5.0,5.0,193.57331061196237,2151.2990719327054,0.0,0.0,0.0,
lqr,transverse,300.0,1800.0,0.1,0.15,5.0,5.5,10.0,10.0,10,100.0,inf,full,both,inf,180.0,0.01,0.0,0.0,256,20,3,0.5,0.1,0.99,10.0,256,20,0,128,0,5.0,5.5,194.59926842769772,2819.4833394834736,0.0,0.0,0.0,
lqr,transverse,300.0,1800.0,0.1,0.15,5.0,6.25,10.0,10.0,10,100.0,inf,full,both,inf,180.0,0.01,0.0,0.0,256,20,3,0.5,0.1,0.99,10.0,256,20,0,128,0,5.0,6.25,194.59926842769772,3736.316614671543,0.0,0.0,0.0,
lqr,transverse,300.0,1800.0,0.1,0.15,5.0,7.5,10.0,10.0,10,100.0,inf,full,both,inf,180.0,0.01,0.0,0.0,256,20,3,0.5,0.1,0.99,10.0,256,20,0,128,0,5.0,7.5,194.59926842769772,5093.648239319368,0.0,0.0,0.0,
lqr,transverse,300.0,1800.0,0.1,0.15,5.0,10.0,10.0,10.0,10,100.0,inf,full,both,inf,180.0,0.01,0.0,0.0,256,20,3,0.5,0.1,0.99,10.0,256,20,0,128,0,5.0,10.0,194.59926842769772,7233.283683514906,0.0,0.0,0.0,
lqr,transverse,300.0,1800.0,0.1,0.15,5.0,inf,10.0,10.0,10,100.0,inf,full,both,inf,180.0,0.01,0.0,0.0,256,20,3,0.5,0.1,0.99,10.0,256,20,0,128,0,5.0,26.99999999999992,194.59926842769772,11081.340125802106,0.0,0.0,0.0,
lqr,transverse,300.0,1800.0,0.1,0.2,5.0,1.25,10.0,10.0,10,100.0,inf,full,both,inf,180.0,0.01,0.0,0.0,256,20,3,0.5,0.1,0.99,10.0,256,20,0,128,128,2.771366597993857,1.25,9.367939682107272,9.367939682107274,0.0,0.0,1.0,480.0
lqr,transverse,300.0,1800.0,0.1,0.2,5.0,2.5,10.0,10.0,10,100.0,inf,full,both,inf,180.0,0.01,0.0,0.0,256,20,3,0.5,0.1,0.99,10.0,256,20,0,128,128,4.632509523004071,2.5,9.303219840518125,9.30352593576909,0.0,0.0,1.0,690.0
lqr,transverse,300.0,1800.0,0.1,0.2,5.0,3.75,10.0,10.0,10,100.0,inf,full,both,inf,180.0,0.01,0.0,0.0,256,20,3,0.5,0.1,0.99,10.0,256,20,0,128,4,4.995164626066194,3.75,196.4698535675504,644.206460194386,0.0,0.0,0.03125,720.0
lqr,transverse,300.0,1800.0,0.1,0.2,5.0,4.5,10.0,10.0,10,100.0,inf,full,both,inf,180.0,0.01,0.0,0.0,256,20,3,0.5,0.1,0.99,10.0,256,20,0,128,2,5.0,4.5,228.61431937827757,1348.177172113795,0.0,0.0,0.015625,720.0
lqr,transverse,300.0,1800.0,0.1,0.2,5.0,5.0,10.0,10.0,10,100.0,inf,full,both,inf,180.0,0.01,0.0,0.0,256,20,3,0.5,0.1,0.99,10.0,256,20,0,128,0,5.0,5.0,232.44076740292783,2155.2661499981004,0.0,0.0,0.0,
lqr,transverse,300.0,1800.0,0.1,0.2,5.0,5.5,10.0,10.0,10,100.0,inf,full,both,inf,180.0,0.01,0.0,0.0,256,20,3,0.5,0.1,0.99,10.0,256,20,0,128,0,5.0,5.5,235.21795649706428,2919.78824662571,0.0,0.0,0.0,
lqr,transverse,300.0,1800.0,0.1,0.2,5.0,6.25,10.0,10.0,10,100.0,inf,full,both,inf,180.0,0.01,0.0,0.0,256,20,3,0.5,0.1,0.99,10.0,256,20,0,128,0,5.0,6.25,237.283061745066,3979.4590276101007,0.0,0.0,0.0,
lqr,transverse,300.0,1800.0,0.1,0.2,5.0,7.5,10.0,10.0,10,100.0,inf,full,both,inf,180.0,0.01,0.0,0.0,256,20,3,0.5,0.1,0.99,10.0,256,20,0,128,0,5.0,7.5,237.283061745066,5516.69378833722,0.0,0.0,0.0,
lqr,transverse,300.0,1800.0,0.1,0.2,5.0,10.0,10.0,10.0,10,100.0,inf,full,both,inf,180.0,0.01,0.0,0.0,256,20,3,0.5,0.1,0.99,10.0,256,20,0,128,0,5.0,10.0,237.283061745066,8025.503519731098,0.0,0.0,0.0,
lqr,transverse,300.0,1800.0,0.1,0.2,5.0,inf,10.0,10.0,10,100.0,inf,full,both,inf,180.0,0.01,0.0,0.0,256,20,3,0.5,0.1,0.99,10.0,256,20,0,128,0,5.0,35.99999999999997,237.283061745066,15523.825980897236,0.0,0.0,0.0,
mppi_flee,flee,300.0,1800.0,0.1,0.025,5.0,1.25,10.0,10.0,10,100.0,inf,full,both,inf,180.0,0.01,0.0,0.0,256,20,3,0.5,0.1,0.99,10.0,256,20,0,128,128,2.904569501241164,0.8796875000000004,3.3434401553947386,4.515738724383756,0.0,0.0,1.0,350.0
mppi_flee,flee,300.0,1800.0,0.1,0.025,5.0,2.5,10.0,10.0,10,100.0,inf,full,both,inf,180.0,0.01,0.0,0.0,256,20,3,0.5,0.1,0.99,10.0,256,20,0,128,128,2.901239528662652,0.8775390625000005,3.6836795995568328,4.7846891803243645,0.0,0.0,1.0,350.0
mppi_flee,flee,300.0,1800.0,0.1,0.025,5.0,3.75,10.0,10.0,10,100.0,inf,full,both,inf,180.0,0.01,0.0,0.0,256,20,3,0.5,0.1,0.99,10.0,256,20,0,128,128,2.901239528449377,0.8775390625000005,3.6836796085918144,4.784689189359347,0.0,0.0,1.0,350.0
mppi_flee,flee,300.0,1800.0,0.1,0.025,5.0,4.5,10.0,10.0,10,100.0,inf,full,both,inf,180.0,0.01,0.0,0.0,256,20,3,0.5,0.1,0.99,10.0,256,20,0,128,128,2.901239528449377,0.8775390625000005,3.6836796085918144,4.784689189359347,0.0,0.0,1.0,350.0
mppi_flee,flee,300.0,1800.0,0.1,0.025,5.0,5.0,10.0,10.0,10,100.0,inf,full,both,inf,180.0,0.01,0.0,0.0,256,20,3,0.5,0.1,0.99,10.0,256,20,0,128,128,2.901239528449377,0.8775390625000005,3.6836796085918144,4.784689189359347,0.0,0.0,1.0,350.0
mppi_flee,flee,300.0,1800.0,0.1,0.025,5.0,5.5,10.0,10.0,10,100.0,inf,full,both,inf,180.0,0.01,0.0,0.0,256,20,3,0.5,0.1,0.99,10.0,256,20,0,128,128,2.901239528449377,0.8775390625000005,3.6836796085918144,4.784689189359347,0.0,0.0,1.0,350.0
mppi_flee,flee,300.0,1800.0,0.1,0.025,5.0,6.25,10.0,10.0,10,100.0,inf,full,both,inf,180.0,0.01,0.0,0.0,256,20,3,0.5,0.1,0.99,10.0,256,20,0,128,128,2.901239528449377,0.8775390625000005,3.6836796085918144,4.784689189359347,0.0,0.0,1.0,350.0
mppi_flee,flee,300.0,1800.0,0.1,0.025,5.0,7.5,10.0,10.0,10,100.0,inf,full,both,inf,180.0,0.01,0.0,0.0,256,20,3,0.5,0.1,0.99,10.0,256,20,0,128,128,2.901239528449377,0.8775390625000005,3.6836796085918144,4.784689189359347,0.0,0.0,1.0,350.0
mppi_flee,flee,300.0,1800.0,0.1,0.025,5.0,10.0,10.0,10.0,10,100.0,inf,full,both,inf,180.0,0.01,0.0,0.0,256,20,3,0.5,0.1,0.99,10.0,256,20,0,128,128,2.901239528449377,0.8775390625000005,3.6836796085918144,4.784689189359347,0.0,0.0,1.0,350.0
mppi_flee,flee,300.0,1800.0,0.1,0.025,5.0,inf,10.0,10.0,10,100.0,inf,full,both,inf,180.0,0.01,0.0,0.0,256,20,3,0.5,0.1,0.99,10.0,256,20,0,128,128,2.901239528449377,0.8775390625000005,3.6836796085918144,4.784689189359347,0.0,0.0,1.0,350.0
mppi_flee,flee,300.0,1800.0,0.1,0.05,5.0,1.25,10.0,10.0,10,100.0,inf,full,both,inf,180.0,0.01,0.0,0.0,256,20,3,0.5,0.1,0.99,10.0,256,20,0,128,128,3.478537030242283,1.25,3.5798854530489663,4.537804215871926,0.0,0.0,1.0,410.0
mppi_flee,flee,300.0,1800.0,0.1,0.05,5.0,2.5,10.0,10.0,10,100.0,inf,full,both,inf,180.0,0.01,0.0,0.0,256,20,3,0.5,0.1,0.99,10.0,256,20,0,128,128,3.9367344831248,2.25625,4.868574937334501,5.042246265117653,0.0,0.0,1.0,450.0
mppi_flee,flee,300.0,1800.0,0.1,0.05,5.0,3.75,10.0,10.0,10,100.0,inf,full,both,inf,180.0,0.01,0.0,0.0,256,20,3,0.5,0.1,0.99,10.0,256,20,0,128,128,3.923810897439101,2.25234375,4.744190511375056,4.977999440240266,0.0,0.0,1.0,450.0
mppi_flee,flee,300.0,1800.0,0.1,0.05,5.0,4.5,10.0,10.0,10,100.0,inf,full,both,inf,180.0,0.01,0.0,0.0,256,20,3,0.5,0.1,0.99,10.0,256,20,0,128,128,3.9237707043746552,2.25234375,4.7832299427728495,5.013454123093245,0.0,0.0,1.0,450.0
mppi_flee,flee,300.0,1800.0,0.1,0.05,5.0,5.0,10.0,10.0,10,100.0,inf,full,both,inf,180.0,0.01,0.0,0.0,256,20,3,0.5,0.1,0.99,10.0,256,20,0,128,128,3.92376438570407,2.25234375,4.784518373388945,5.014373946352342,0.0,0.0,1.0,450.0
mppi_flee,flee,300.0,1800.0,0.1,0.05,5.0,5.5,10.0,10.0,10,100.0,inf,full,both,inf,180.0,0.01,0.0,0.0,256,20,3,0.5,0.1,0.99,10.0,256,20,0,128,128,3.9237640463826815,2.25234375,4.7845271122566055,5.014380618941911,0.0,0.0,1.0,450.0
mppi_flee,flee,300.0,1800.0,0.1,0.05,5.0,6.25,10.0,10.0,10,100.0,inf,full,both,inf,180.0,0.01,0.0,0.0,256,20,3,0.5,0.1,0.99,10.0,256,20,0,128,128,3.9237640463826815,2.25234375,4.7845271122566055,5.014380618941911,0.0,0.0,1.0,450.0
mppi_flee,flee,300.0,1800.0,0.1,0.05,5.0,7.5,10.0,10.0,10,100.0,inf,full,both,inf,180.0,0.01,0.0,0.0,256,20,3,0.5,0.1,0.99,10.0,256,20,0,128,128,3.9237640463826815,2.25234375,4.7845271122566055,5.014380618941911,0.0,0.0,1.0,450.0
mppi_flee,flee,300.0,1800.0,0.1,0.05,5.0,10.0,10.0,10.0,10,100.0,inf,full,both,inf,180.0,0.01,0.0,0.0,256,20,3,0.5,0.1,0.99,10.0,256,20,0,128,128,3.9237640463826815,2.25234375,4.7845271122566055,5.014380618941911,0.0,0.0,1.0,450.0
mppi_flee,flee,300.0,1800.0,0.1,0.05,5.0,inf,10.0,10.0,10,100.0,inf,full,both,inf,180.0,0.01,0.0,0.0,256,20,3,0.5,0.1,0.99,10.0,256,20,0,128,128,3.9237640463826815,2.25234375,4.7845271122566055,5.014380618941911,0.0,0.0,1.0,450.0
mppi_flee,flee,300.0,1800.0,0.1,0.075,5.0,1.25,10.0,10.0,10,100.0,inf,full,both,inf,180.0,0.01,0.0,0.0,256,20,3,0.5,0.1,0.99,10.0,256,20,0,128,128,3.680103199406681,1.25,3.786719541490888,5.476456289829591,0.0,0.0,1.0,440.0
mppi_flee,flee,300.0,1800.0,0.1,0.075,5.0,2.5,10.0,10.0,10,100.0,inf,full,both,inf,180.0,0.01,0.0,0.0,256,20,3,0.5,0.1,0.99,10.0,256,20,0,128,128,4.838203414207581,2.5,3.247259484694568,4.85400092988308,0.0,0.0,1.0,560.0
mppi_flee,flee,300.0,1800.0,0.1,0.075,5.0,3.75,10.0,10.0,10,100.0,inf,full,both,inf,180.0,0.01,0.0,0.0,256,20,3,0.5,0.1,0.99,10.0,256,20,0,128,128,5.0,3.75,5.770579099270844,5.771535493078075,0.0,0.0,1.0,710.0
mppi_flee,flee,300.0,1800.0,0.1,0.075,5.0,4.5,10.0,10.0,10,100.0,inf,full,both,inf,180.0,0.01,0.0,0.0,256,20,3,0.5,0.1,0.99,10.0,256,20,0,128,76,5.0,4.4982421875,58.858066321257,118.58190957607655,0.0,0.0,0.59375,870.0
mppi_flee,flee,300.0,1800.0,0.1,0.075,5.0,5.0,10.0,10.0,10,100.0,inf,full,both,inf,180.0,0.01,0.0,0.0,256,20,3,0.5,0.1,0.99,10.0,256,20,0,128,1,5.0,4.997265625,104.3511018997382,572.4608438658864,0.0,0.0,0.0078125,620.0
mppi_flee,flee,300.0,1800.0,0.1,0.075,5.0,5.5,10.0,10.0,10,100.0,inf,full,both,inf,180.0,0.01,0.0,0.0,256,20,3,0.5,0.1,0.99,10.0,256,20,0,128,1,5.0,5.4939453125,104.28481026660975,1148.0528317208148,0.0,0.0,0.0078125,630.0
mppi_flee,flee,300.0,1800.0,0.1,0.075,5.0,6.25,10.0,10.0,10,100.0,inf,full,both,inf,180.0,0.01,0.0,0.0,256,20,3,0.5,0.1,0.99,10.0,256,20,0,128,1,5.0,6.2380859375,104.29582788369432,1934.5587200205173,0.0,0.0,0.0078125,630.0
mppi_flee,flee,300.0,1800.0,0.1,0.075,5.0,7.5,10.0,10.0,10,100.0,inf,full,both,inf,180.0,0.01,0.0,0.0,256,20,3,0.5,0.1,0.99,10.0,256,20,0,128,1,5.0,7.4783203125,104.29990454664792,3059.4304944263304,0.0,0.0,0.0078125,630.0
mppi_flee,flee,300.0,1800.0,0.1,0.075,5.0,10.0,10.0,10.0,10,100.0,inf,full,both,inf,180.0,0.01,0.0,0.0,256,20,3,0.5,0.1,0.99,10.0,256,20,0,128,1,5.0,9.9587890625,104.29994130884889,4653.20956846508,0.0,0.0,0.0078125,630.0
mppi_flee,flee,300.0,1800.0,0.1,0.075,5.0,inf,10.0,10.0,10,100.0,inf,full,both,inf,180.0,0.01,0.0,0.0,256,20,3,0.5,0.1,0.99,10.0,256,20,0,128,1,5.0,13.431445312499962,104.29994130884889,5480.951892078494,0.0,0.0,0.0078125,630.0
mppi_flee,flee,300.0,1800.0,0.1,0.09,5.0,1.25,10.0,10.0,10,100.0,inf,full,both,inf,180.0,0.01,0.0,0.0,256,20,3,0.5,0.1,0.99,10.0,256,20,0,128,128,3.750855643343984,1.25,3.4783296462222943,5.828555570507689,0.0,0.0,1.0,440.0
mppi_flee,flee,300.0,1800.0,0.1,0.09,5.0,2.5,10.0,10.0,10,100.0,inf,full,both,inf,180.0,0.01,0.0,0.0,256,20,3,0.5,0.1,0.99,10.0,256,20,0,128,128,4.958214836821108,2.5,3.138415567781745,4.810637364112413,0.0,0.0,1.0,595.0
mppi_flee,flee,300.0,1800.0,0.1,0.09,5.0,3.75,10.0,10.0,10,100.0,inf,full,both,inf,180.0,0.01,0.0,0.0,256,20,3,0.5,0.1,0.99,10.0,256,20,0,128,117,5.0,3.75,9.327143757596858,23.46656358154589,0.0,0.0,0.9140625,830.0
mppi_flee,flee,300.0,1800.0,0.1,0.09,5.0,4.5,10.0,10.0,10,100.0,inf,full,both,inf,180.0,0.01,0.0,0.0,256,20,3,0.5,0.1,0.99,10.0,256,20,0,128,21,5.0,4.5,152.0409116940399,419.6050453635258,0.0,0.0,0.1640625,1070.0
mppi_flee,flee,300.0,1800.0,0.1,0.09,5.0,5.0,10.0,10.0,10,100.0,inf,full,both,inf,180.0,0.01,0.0,0.0,256,20,3,0.5,0.1,0.99,10.0,256,20,0,128,0,5.0,5.0,276.9335937106933,941.997726356675,0.0,0.0,0.0,
mppi_flee,flee,300.0,1800.0,0.1,0.09,5.0,5.5,10.0,10.0,10,100.0,inf,full,both,inf,180.0,0.01,0.0,0.0,256,20,3,0.5,0.1,0.99,10.0,256,20,0,128,0,5.0,5.5,292.96036116075163,1598.4539842938486,0.0,0.0,0.0,
mppi_flee,flee,300.0,1800.0,0.1,0.09,5.0,6.25,10.0,10.0,10,100.0,inf,full,both,inf,180.0,0.01,0.0,0.0,256,20,3,0.5,0.1,0.99,10.0,256,20,0,128,0,5.0,6.25,292.9567121029227,2517.881983922019,0.0,0.0,0.0,
mppi_flee,flee,300.0,1800.0,0.1,0.09,5.0,7.5,10.0,10.0,10,100.0,inf,full,both,inf,180.0,0.01,0.0,0.0,256,20,3,0.5,0.1,0.99,10.0,256,20,0,128,0,5.0,7.5,292.95861428467555,3876.495097796165,0.0,0.0,0.0,
mppi_flee,flee,300.0,1800.0,0.1,0.09,5.0,10.0,10.0,10.0,10,100.0,inf,full,both,inf,180.0,0.01,0.0,0.0,256,20,3,0.5,0.1,0.99,10.0,256,20,0,128,0,5.0,10.0,292.95888080707266,5998.829362150187,0.0,0.0,0.0,
mppi_flee,flee,300.0,1800.0,0.1,0.09,5.0,inf,10.0,10.0,10,100.0,inf,full,both,inf,180.0,0.01,0.0,0.0,256,20,3,0.5,0.1,0.99,10.0,256,20,0,128,0,5.0,16.19999999999998,292.95888080707664,8168.018280893278,0.0,0.0,0.0,
mppi_flee,flee,300.0,1800.0,0.1,0.1,5.0,1.25,10.0,10.0,10,100.0,inf,full,both,inf,180.0,0.01,0.0,0.0,256,20,3,0.5,0.1,0.99,10.0,256,20,0,128,128,3.7785027815295664,1.25,3.1543922846637136,5.138676856539906,0.0,0.0,1.0,450.0
mppi_flee,flee,300.0,1800.0,0.1,0.1,5.0,2.5,10.0,10.0,10,100.0,inf,full,both,inf,180.0,0.01,0.0,0.0,256,20,3,0.5,0.1,0.99,10.0,256,20,0,128,128,4.989183675297048,2.5,3.1089253985130254,5.150606567462495,0.0,0.0,1.0,610.0
mppi_flee,flee,300.0,1800.0,0.1,0.1,5.0,3.75,10.0,10.0,10,100.0,inf,full,both,inf,180.0,0.01,0.0,0.0,256,20,3,0.5,0.1,0.99,10.0,256,20,0,128,96,5.0,3.75,27.879057954411763,80.2063803480432,0.0,0.0,0.75,870.0
mppi_flee,flee,300.0,1800.0,0.1,0.1,5.0,4.5,10.0,10.0,10,100.0,inf,full,both,inf,180.0,0.01,0.0,0.0,256,20,3,0.5,0.1,0.99,10.0,256,20,0,128,11,5.0,4.5,187.49891229178817,609.9351237942747,0.0,0.0,0.0859375,1150.0
mppi_flee,flee,300.0,1800.0,0.1,0.1,5.0,5.0,10.0,10.0,10,100.0,inf,full,both,inf,180.0,0.01,0.0,0.0,256,20,3,0.5,0.1,0.99,10.0,256,20,0,128,0,5.0,5.0,284.1534961293311,1176.4796866469042,0.0,0.0,0.0,
mppi_flee,flee,300.0,1800.0,0.1,0.1,5.0,5.5,10.0,10.0,10,100.0,inf,full,both,inf,180.0,0.01,0.0,0.0,256,20,3,0.5,0.1,0.99,10.0,256,20,0,128,0,5.0,5.5,300.0,1875.039035384663,0.0,0.0,0.0,
mppi_flee,flee,300.0,1800.0,0.1,0.1,5.0,6.25,10.0,10.0,10,100.0,inf,full,both,inf,180.0,0.01,0.0,0.0,256,20,3,0.5,0.1,0.99,10.0,256,20,0,128,0,5.0,6.25,300.0,2863.684301220612,0.0,0.0,0.0,
mppi_flee,flee,300.0,1800.0,0.1,0.1,5.0,7.5,10.0,10.0,10,100.0,inf,full,both,inf,180.0,0.01,0.0,0.0,256,20,3,0.5,0.1,0.99,10.0,256,20,0,128,0,5.0,7.5,300.0,4345.145793894614,0.0,0.0,0.0,
mppi_flee,flee,300.0,1800.0,0.1,0.1,5.0,10.0,10.0,10.0,10,100.0,inf,full,both,inf,180.0,0.01,0.0,0.0,256,20,3,0.5,0.1,0.99,10.0,256,20,0,128,0,5.0,10.0,300.0,6741.746094827547,0.0,0.0,0.0,
mppi_flee,flee,300.0,1800.0,0.1,0.1,5.0,inf,10.0,10.0,10,100.0,inf,full,both,inf,180.0,0.01,0.0,0.0,256,20,3,0.5,0.1,0.99,10.0,256,20,0,128,0,5.0,17.999999999999986,300.0,9992.762650135845,0.0,0.0,0.0,
mppi_flee,flee,300.0,1800.0,0.1,0.11,5.0,1.25,10.0,10.0,10,100.0,inf,full,both,inf,180.0,0.01,0.0,0.0,256,20,3,0.5,0.1,0.99,10.0,256,20,0,128,128,3.825260223383807,1.25,3.356623488851011,5.93650664199015,0.0,0.0,1.0,450.0
mppi_flee,flee,300.0,1800.0,0.1,0.11,5.0,2.5,10.0,10.0,10,100.0,inf,full,both,inf,180.0,0.01,0.0,0.0,256,20,3,0.5,0.1,0.99,10.0,256,20,0,128,128,4.995823713340378,2.5,3.2348025424579445,5.167929164933213,0.0,0.0,1.0,620.0
mppi_flee,flee,300.0,1800.0,0.1,0.11,5.0,3.75,10.0,10.0,10,100.0,inf,full,both,inf,180.0,0.01,0.0,0.0,256,20,3,0.5,0.1,0.99,10.0,256,20,0,128,87,5.0,3.75,50.97864189761789,120.18324302903224,0.0,0.0,0.6796875,920.0
mppi_flee,flee,300.0,1800.0,0.1,0.11,5.0,4.5,10.0,10.0,10,100.0,inf,full,both,inf,180.0,0.01,0.0,0.0,256,20,3,0.5,0.1,0.99,10.0,256,20,0,128,4,5.0,4.5,206.1656227070436,775.6699202672863,0.0,0.0,0.03125,1215.0
mppi_flee,flee,300.0,1800.0,0.1,0.11,5.0,5.0,10.0,10.0,10,100.0,inf,full,both,inf,180.0,0.01,0.0,0.0,256,20,3,0.5,0.1,0.99,10.0,256,20,0,128,0,5.0,5.0,287.0175081560853,1372.6513270737871,0.0,0.0,0.0,
mppi_flee,flee,300.0,1800.0,0.1,0.11,5.0,5.5,10.0,10.0,10,100.0,inf,full,both,inf,180.0,0.01,0.0,0.0,256,20,3,0.5,0.1,0.99,10.0,256,20,0,128,0,5.0,5.5,300.0,2107.209192591506,0.0,0.0,0.0,
mppi_flee,flee,300.0,1800.0,0.1,0.11,5.0,6.25,10.0,10.0,10,100.0,inf,full,both,inf,180.0,0.01,0.0,0.0,256,20,3,0.5,0.1,0.99,10.0,256,20,0,128,0,5.0,6.25,300.0,3155.5393760111774,0.0,0.0,0.0,
mppi_flee,flee,300.0,1800.0,0.1,0.11,5.0,7.5,10.0,10.0,10,100.0,inf,full,both,inf,180.0,0.01,0.0,0.0,256,20,3,0.5,0.1,0.99,10.0,256,20,0,128,0,5.0,7.5,300.0,4742.520811167173,0.0,0.0,0.0,
mppi_flee,flee,300.0,1800.0,0.1,0.11,5.0,10.0,10.0,10.0,10,100.0,inf,full,both,inf,180.0,0.01,0.0,0.0,256,20,3,0.5,0.1,0.99,10.0,256,20,0,128,0,5.0,10.0,300.0,7374.183323276365,0.0,0.0,0.0,
mppi_flee,flee,300.0,1800.0,0.1,0.11,5.0,inf,10.0,10.0,10,100.0,inf,full,both,inf,180.0,0.01,0.0,0.0,256,20,3,0.5,0.1,0.99,10.0,256,20,0,128,0,5.0,19.79999999999995,300.0,11816.41120066339,0.0,0.0,0.0,
mppi_flee,flee,300.0,1800.0,0.1,0.125,5.0,1.25,10.0,10.0,10,100.0,inf,full,both,inf,180.0,0.01,0.0,0.0,256,20,3,0.5,0.1,0.99,10.0,256,20,0,128,128,3.8337176126042354,1.25,3.597779770874917,5.221793588906528,0.0,0.0,1.0,450.0
mppi_flee,flee,300.0,1800.0,0.1,0.125,5.0,2.5,10.0,10.0,10,100.0,inf,full,both,inf,180.0,0.01,0.0,0.0,256,20,3,0.5,0.1,0.99,10.0,256,20,0,128,128,5.0,2.5,3.2602495573062527,5.42768610924192,0.0,0.0,1.0,640.0
mppi_flee,flee,300.0,1800.0,0.1,0.125,5.0,3.75,10.0,10.0,10,100.0,inf,full,both,inf,180.0,0.01,0.0,0.0,256,20,3,0.5,0.1,0.99,10.0,256,20,0,128,77,5.0,3.75,84.87909496332409,202.477489044158,0.0,0.0,0.6015625,950.0
mppi_flee,flee,300.0,1800.0,0.1,0.125,5.0,4.5,10.0,10.0,10,100.0,inf,full,both,inf,180.0,0.01,0.0,0.0,256,20,3,0.5,0.1,0.99,10.0,256,20,0,128,2,5.0,4.5,222.642253273569,975.0874918089704,0.0,0.0,0.015625,1430.0
mppi_flee,flee,300.0,1800.0,0.1,0.125,5.0,5.0,10.0,10.0,10,100.0,inf,full,both,inf,180.0,0.01,0.0,0.0,256,20,3,0.5,0.1,0.99,10.0,256,20,0,128,0,5.0,5.0,288.6806741781139,1623.835730938355,0.0,0.0,0.0,
mppi_flee,flee,300.0,1800.0,0.1,0.125,5.0,5.5,10.0,10.0,10,100.0,inf,full,both,inf,180.0,0.01,0.0,0.0,256,20,3,0.5,0.1,0.99,10.0,256,20,0,128,0,5.0,5.5,300.0,2404.199269550854,0.0,0.0,0.0,
mppi_flee,flee,300.0,1800.0,0.1,0.125,5.0,6.25,10.0,10.0,10,100.0,inf,full,both,inf,180.0,0.01,0.0,0.0,256,20,3,0.5,0.1,0.99,10.0,256,20,0,128,0,5.0,6.25,300.0,3529.7491429830666,0.0,0.0,0.0,
mppi_flee,flee,300.0,1800.0,0.1,0.125,5.0,7.5,10.0,10.0,10,100.0,inf,full,both,inf,180.0,0.01,0.0,0.0,256,20,3,0.5,0.1,0.99,10.0,256,20,0,128,0,5.0,7.5,300.0,5254.79756707336,0.0,0.0,0.0,
mppi_flee,flee,300.0,1800.0,0.1,0.125,5.0,10.0,10.0,10.0,10,100.0,inf,full,both,inf,180.0,0.01,0.0,0.0,256,20,3,0.5,0.1,0.99,10.0,256,20,0,128,0,5.0,10.0,300.0,8187.946339811171,0.0,0.0,0.0,
mppi_flee,flee,300.0,1800.0,0.1,0.125,5.0,inf,10.0,10.0,10,100.0,inf,full,both,inf,180.0,0.01,0.0,0.0,256,20,3,0.5,0.1,0.99,10.0,256,20,0,128,0,5.0,22.5,300.0,14572.934844306335,0.0,0.0,0.0,
mppi_flee,flee,300.0,1800.0,0.1,0.15,5.0,1.25,10.0,10.0,10,100.0,inf,full,both,inf,180.0,0.01,0.0,0.0,256,20,3,0.5,0.1,0.99,10.0,256,20,0,128,128,3.895537812380444,1.25,3.3988216330351304,5.759245161578477,0.0,0.0,1.0,460.0
mppi_flee,flee,300.0,1800.0,0.1,0.15,5.0,2.5,10.0,10.0,10,100.0,inf,full,both,inf,180.0,0.01,0.0,0.0,256,20,3,0.5,0.1,0.99,10.0,256,20,0,128,128,5.0,2.5,3.0005437472249854,4.613131337541524,0.0,0.0,1.0,660.0
mppi_flee,flee,300.0,1800.0,0.1,0.15,5.0,3.75,10.0,10.0,10,100.0,inf,full,both,inf,180.0,0.01,0.0,0.0,256,20,3,0.5,0.1,0.99,10.0,256,20,0,128,65,5.0,3.75,113.45734572966384,339.57647139477183,0.0,0.0,0.5078125,980.0
mppi_flee,flee,300.0,1800.0,0.1,0.15,5.0,4.5,10.0,10.0,10,100.0,inf,full,both,inf,180.0,0.01,0.0,0.0,256,20,3,0.5,0.1,0.99,10.0,256,20,0,128,0,5.0,4.5,235.245843537033,1233.1771943042663,0.0,0.0,0.0,
mppi_flee,flee,300.0,1800.0,0.1,0.15,5.0,5.0,10.0,10.0,10,100.0,inf,full,both,inf,180.0,0.01,0.0,0.0,256,20,3,0.5,0.1,0.99,10.0,256,20,0,128,0,5.0,5.0,290.5336266290035,1942.124880596483,0.0,0.0,0.0,
mppi_flee,flee,300.0,1800.0,0.1,0.15,5.0,5.5,10.0,10.0,10,100.0,inf,full,both,inf,180.0,0.01,0.0,0.0,256,20,3,0.5,0.1,0.99,10.0,256,20,0,128,0,5.0,5.5,300.0,2779.727803527724,0.0,0.0,0.0,
mppi_flee,flee,300.0,1800.0,0.1,0.15,5.0,6.25,10.0,10.0,10,100.0,inf,full,both,inf,180.0,0.01,0.0,0.0,256,20,3,0.5,0.1,0.99,10.0,256,20,0,128,0,5.0,6.25,300.0,4002.244326912035,0.0,0.0,0.0,
mppi_flee,flee,300.0,1800.0,0.1,0.15,5.0,7.5,10.0,10.0,10,100.0,inf,full,both,inf,180.0,0.01,0.0,0.0,256,20,3,0.5,0.1,0.99,10.0,256,20,0,128,0,5.0,7.5,300.0,5909.021023075821,0.0,0.0,0.0,
mppi_flee,flee,300.0,1800.0,0.1,0.15,5.0,10.0,10.0,10.0,10,100.0,inf,full,both,inf,180.0,0.01,0.0,0.0,256,20,3,0.5,0.1,0.99,10.0,256,20,0,128,0,5.0,10.0,300.0,9243.516199025107,0.0,0.0,0.0,
mppi_flee,flee,300.0,1800.0,0.1,0.15,5.0,inf,10.0,10.0,10,100.0,inf,full,both,inf,180.0,0.01,0.0,0.0,256,20,3,0.5,0.1,0.99,10.0,256,20,0,128,0,5.0,26.99999999999992,300.0,19158.56211331954,0.0,0.0,0.0,
mppi_flee,flee,300.0,1800.0,0.1,0.2,5.0,1.25,10.0,10.0,10,100.0,inf,full,both,inf,180.0,0.01,0.0,0.0,256,20,3,0.5,0.1,0.99,10.0,256,20,0,128,128,3.9300086665437535,1.25,3.190224701503091,6.064045570099653,0.0,0.0,1.0,470.0
mppi_flee,flee,300.0,1800.0,0.1,0.2,5.0,2.5,10.0,10.0,10,100.0,inf,full,both,inf,180.0,0.01,0.0,0.0,256,20,3,0.5,0.1,0.99,10.0,256,20,0,128,128,5.0,2.5,3.5884269862308704,5.151757483780206,0.0,0.0,1.0,680.0
mppi_flee,flee,300.0,1800.0,0.1,0.2,5.0,3.75,10.0,10.0,10,100.0,inf,full,both,inf,180.0,0.01,0.0,0.0,256,20,3,0.5,0.1,0.99,10.0,256,20,0,128,48,5.0,3.75,147.6445845351569,558.9528908602364,0.0,0.0,0.375,1010.0
mppi_flee,flee,300.0,1800.0,0.1,0.2,5.0,4.5,10.0,10.0,10,100.0,inf,full,both,inf,180.0,0.01,0.0,0.0,256,20,3,0.5,0.1,0.99,10.0,256,20,0,128,1,5.0,4.5,248.30941146575407,1570.5520899251674,0.0,0.0,0.0078125,1440.0
mppi_flee,flee,300.0,1800.0,0.1,0.2,5.0,5.0,10.0,10.0,10,100.0,inf,full,both,inf,180.0,0.01,0.0,0.0,256,20,3,0.5,0.1,0.99,10.0,256,20,0,128,0,5.0,5.0,290.4165917966975,2365.166189875809,0.0,0.0,0.0,
mppi_flee,flee,300.0,1800.0,0.1,0.2,5.0,5.5,10.0,10.0,10,100.0,inf,full,both,inf,180.0,0.01,0.0,0.0,256,20,3,0.5,0.1,0.99,10.0,256,20,0,128,0,5.0,5.5,300.0,3278.53008200674,0.0,0.0,0.0,
mppi_flee,flee,300.0,1800.0,0.1,0.2,5.0,6.25,10.0,10.0,10,100.0,inf,full,both,inf,180.0,0.01,0.0,0.0,256,20,3,0.5,0.1,0.99,10.0,256,20,0,128,0,5.0,6.25,300.0,4631.704454726835,0.0,0.0,0.0,
mppi_flee,flee,300.0,1800.0,0.1,0.2,5.0,7.5,10.0,10.0,10,100.0,inf,full,both,inf,180.0,0.01,0.0,0.0,256,20,3,0.5,0.1,0.99,10.0,256,20,0,128,0,5.0,7.5,300.0,6783.8766834856615,0.0,0.0,0.0,
mppi_flee,flee,300.0,1800.0,0.1,0.2,5.0,10.0,10.0,10.0,10,100.0,inf,full,both,inf,180.0,0.01,0.0,0.0,256,20,3,0.5,0.1,0.99,10.0,256,20,0,128,0,5.0,10.0,300.0,10690.130160374543,0.0,0.0,0.0,
mppi_flee,flee,300.0,1800.0,0.1,0.2,5.0,inf,10.0,10.0,10,100.0,inf,full,both,inf,180.0,0.01,0.0,0.0,256,20,3,0.5,0.1,0.99,10.0,256,20,0,128,0,5.0,35.99999999999997,300.0,28340.35263607791,0.0,0.0,0.0,
mppi_flee,coast,300.0,1800.0,0.1,0.025,5.0,1.25,10.0,10.0,10,100.0,inf,full,both,inf,180.0,0.01,0.0,0.0,256,20,3,0.5,0.1,0.99,10.0,256,20,0,128,128,2.3299527334361576,0.0,3.3031501458436154,5.280636178145161,0.0,0.0,1.0,280.0
mppi_flee,coast,300.0,1800.0,0.1,0.025,5.0,2.5,10.0,10.0,10,100.0,inf,full,both,inf,180.0,0.01,0.0,0.0,256,20,3,0.5,0.1,0.99,10.0,256,20,0,128,128,2.3274330615460146,0.0,3.491407441227325,5.292456061913475,0.0,0.0,1.0,280.0
mppi_flee,coast,300.0,1800.0,0.1,0.025,5.0,3.75,10.0,10.0,10,100.0,inf,full,both,inf,180.0,0.01,0.0,0.0,256,20,3,0.5,0.1,0.99,10.0,256,20,0,128,128,2.3274330615460146,0.0,3.491407441227325,5.292456061913475,0.0,0.0,1.0,280.0
mppi_flee,coast,300.0,1800.0,0.1,0.025,5.0,4.5,10.0,10.0,10,100.0,inf,full,both,inf,180.0,0.01,0.0,0.0,256,20,3,0.5,0.1,0.99,10.0,256,20,0,128,128,2.3274330615460146,0.0,3.491407441227325,5.292456061913475,0.0,0.0,1.0,280.0
mppi_flee,coast,300.0,1800.0,0.1,0.025,5.0,5.0,10.0,10.0,10,100.0,inf,full,both,inf,180.0,0.01,0.0,0.0,256,20,3,0.5,0.1,0.99,10.0,256,20,0,128,128,2.3274330615460146,0.0,3.491407441227325,5.292456061913475,0.0,0.0,1.0,280.0
mppi_flee,coast,300.0,1800.0,0.1,0.025,5.0,5.5,10.0,10.0,10,100.0,inf,full,both,inf,180.0,0.01,0.0,0.0,256,20,3,0.5,0.1,0.99,10.0,256,20,0,128,128,2.3274330615460146,0.0,3.491407441227325,5.292456061913475,0.0,0.0,1.0,280.0
mppi_flee,coast,300.0,1800.0,0.1,0.025,5.0,6.25,10.0,10.0,10,100.0,inf,full,both,inf,180.0,0.01,0.0,0.0,256,20,3,0.5,0.1,0.99,10.0,256,20,0,128,128,2.3274330615460146,0.0,3.491407441227325,5.292456061913475,0.0,0.0,1.0,280.0
mppi_flee,coast,300.0,1800.0,0.1,0.025,5.0,7.5,10.0,10.0,10,100.0,inf,full,both,inf,180.0,0.01,0.0,0.0,256,20,3,0.5,0.1,0.99,10.0,256,20,0,128,128,2.3274330615460146,0.0,3.491407441227325,5.292456061913475,0.0,0.0,1.0,280.0
mppi_flee,coast,300.0,1800.0,0.1,0.025,5.0,10.0,10.0,10.0,10,100.0,inf,full,both,inf,180.0,0.01,0.0,0.0,256,20,3,0.5,0.1,0.99,10.0,256,20,0,128,128,2.3274330615460146,0.0,3.491407441227325,5.292456061913475,0.0,0.0,1.0,280.0
mppi_flee,coast,300.0,1800.0,0.1,0.025,5.0,inf,10.0,10.0,10,100.0,inf,full,both,inf,180.0,0.01,0.0,0.0,256,20,3,0.5,0.1,0.99,10.0,256,20,0,128,128,2.3274330615460146,0.0,3.491407441227325,5.292456061913475,0.0,0.0,1.0,280.0
mppi_flee,coast,300.0,1800.0,0.1,0.05,5.0,1.25,10.0,10.0,10,100.0,inf,full,both,inf,180.0,0.01,0.0,0.0,256,20,3,0.5,0.1,0.99,10.0,256,20,0,128,128,2.376521509716284,0.0,2.944636289888332,5.223433723094508,0.0,0.0,1.0,280.0
mppi_flee,coast,300.0,1800.0,0.1,0.05,5.0,2.5,10.0,10.0,10,100.0,inf,full,both,inf,180.0,0.01,0.0,0.0,256,20,3,0.5,0.1,0.99,10.0,256,20,0,128,128,2.357550343964158,0.0,3.181611135292424,5.690909132613452,0.0,0.0,1.0,280.0
mppi_flee,coast,300.0,1800.0,0.1,0.05,5.0,3.75,10.0,10.0,10,100.0,inf,full,both,inf,180.0,0.01,0.0,0.0,256,20,3,0.5,0.1,0.99,10.0,256,20,0,128,128,2.35802484197017,0.0,3.182310079820062,5.674628676446404,0.0,0.0,1.0,280.0
mppi_flee,coast,300.0,1800.0,0.1,0.05,5.0,4.5,10.0,10.0,10,100.0,inf,full,both,inf,180.0,0.01,0.0,0.0,256,20,3,0.5,0.1,0.99,10.0,256,20,0,128,128,2.35802484197017,0.0,3.182310079820062,5.674628676446404,0.0,0.0,1.0,280.0
mppi_flee,coast,300.0,1800.0,0.1,0.05,5.0,5.0,10.0,10.0,10,100.0,inf,full,both,inf,180.0,0.01,0.0,0.0,256,20,3,0.5,0.1,0.99,10.0,256,20,0,128,128,2.35802484197017,0.0,3.182310079820062,5.674628676446404,0.0,0.0,1.0,280.0
mppi_flee,coast,300.0,1800.0,0.1,0.05,5.0,5.5,10.0,10.0,10,100.0,inf,full,both,inf,180.0,0.01,0.0,0.0,256,20,3,0.5,0.1,0.99,10.0,256,20,0,128,128,2.35802484197017,0.0,3.182310079820062,5.674628676446404,0.0,0.0,1.0,280.0
mppi_flee,coast,300.0,1800.0,0.1,0.05,5.0,6.25,10.0,10.0,10,100.0,inf,full,both,inf,180.0,0.01,0.0,0.0,256,20,3,0.5,0.1,0.99,10.0,256,20,0,128,128,2.35802484197017,0.0,3.182310079820062,5.674628676446404,0.0,0.0,1.0,280.0
mppi_flee,coast,300.0,1800.0,0.1,0.05,5.0,7.5,10.0,10.0,10,100.0,inf,full,both,inf,180.0,0.01,0.0,0.0,256,20,3,0.5,0.1,0.99,10.0,256,20,0,128,128,2.35802484197017,0.0,3.182310079820062,5.674628676446404,0.0,0.0,1.0,280.0
mppi_flee,coast,300.0,1800.0,0.1,0.05,5.0,10.0,10.0,10.0,10,100.0,inf,full,both,inf,180.0,0.01,0.0,0.0,256,20,3,0.5,0.1,0.99,10.0,256,20,0,128,128,2.35802484197017,0.0,3.182310079820062,5.674628676446404,0.0,0.0,1.0,280.0
mppi_flee,coast,300.0,1800.0,0.1,0.05,5.0,inf,10.0,10.0,10,100.0,inf,full,both,inf,180.0,0.01,0.0,0.0,256,20,3,0.5,0.1,0.99,10.0,256,20,0,128,128,2.35802484197017,0.0,3.182310079820062,5.674628676446404,0.0,0.0,1.0,280.0
mppi_flee,coast,300.0,1800.0,0.1,0.075,5.0,1.25,10.0,10.0,10,100.0,inf,full,both,inf,180.0,0.01,0.0,0.0,256,20,3,0.5,0.1,0.99,10.0,256,20,0,128,128,2.4000573174536863,0.0,3.409524758140888,6.237166764566035,0.0,0.0,1.0,280.0
mppi_flee,coast,300.0,1800.0,0.1,0.075,5.0,2.5,10.0,10.0,10,100.0,inf,full,both,inf,180.0,0.01,0.0,0.0,256,20,3,0.5,0.1,0.99,10.0,256,20,0,128,128,2.36631407803018,0.0,3.741895195089655,6.11490828730027,0.0,0.0,1.0,275.0
mppi_flee,coast,300.0,1800.0,0.1,0.075,5.0,3.75,10.0,10.0,10,100.0,inf,full,both,inf,180.0,0.01,0.0,0.0,256,20,3,0.5,0.1,0.99,10.0,256,20,0,128,128,2.386843935320225,0.0,3.3080716928638627,5.9613656610467896,0.0,0.0,1.0,280.0
mppi_flee,coast,300.0,1800.0,0.1,0.075,5.0,4.5,10.0,10.0,10,100.0,inf,full,both,inf,180.0,0.01,0.0,0.0,256,20,3,0.5,0.1,0.99,10.0,256,20,0,128,128,2.3884589625707946,0.0,3.309827014722215,6.102087445944579,0.0,0.0,1.0,280.0
mppi_flee,coast,300.0,1800.0,0.1,0.075,5.0,5.0,10.0,10.0,10,100.0,inf,full,both,inf,180.0,0.01,0.0,0.0,256,20,3,0.5,0.1,0.99,10.0,256,20,0,128,128,2.3884589625707937,0.0,3.3098270147223423,6.102087445944533,0.0,0.0,1.0,280.0
mppi_flee,coast,300.0,1800.0,0.1,0.075,5.0,5.5,10.0,10.0,10,100.0,inf,full,both,inf,180.0,0.01,0.0,0.0,256,20,3,0.5,0.1,0.99,10.0,256,20,0,128,128,2.3884589625707937,0.0,3.3098270147223423,6.102087445944533,0.0,0.0,1.0,280.0
mppi_flee,coast,300.0,1800.0,0.1,0.075,5.0,6.25,10.0,10.0,10,100.0,inf,full,both,inf,180.0,0.01,0.0,0.0,256,20,3,0.5,0.1,0.99,10.0,256,20,0,128,128,2.3884589625707937,0.0,3.3098270147223423,6.102087445944533,0.0,0.0,1.0,280.0
mppi_flee,coast,300.0,1800.0,0.1,0.075,5.0,7.5,10.0,10.0,10,100.0,inf,full,both,inf,180.0,0.01,0.0,0.0,256,20,3,0.5,0.1,0.99,10.0,256,20,0,128,128,2.3884589625707937,0.0,3.3098270147223423,6.102087445944533,0.0,0.0,1.0,280.0
mppi_flee,coast,300.0,1800.0,0.1,0.075,5.0,10.0,10.0,10.0,10,100.0,inf,full,both,inf,180.0,0.01,0.0,0.0,256,20,3,0.5,0.1,0.99,10.0,256,20,0,128,128,2.3884589625707937,0.0,3.3098270147223423,6.102087445944533,0.0,0.0,1.0,280.0
mppi_flee,coast,300.0,1800.0,0.1,0.075,5.0,inf,10.0,10.0,10,100.0,inf,full,both,inf,180.0,0.01,0.0,0.0,256,20,3,0.5,0.1,0.99,10.0,256,20,0,128,128,2.3884589625707937,0.0,3.3098270147223423,6.102087445944533,0.0,0.0,1.0,280.0
mppi_flee,coast,300.0,1800.0,0.1,0.09,5.0,1.25,10.0,10.0,10,100.0,inf,full,both,inf,180.0,0.01,0.0,0.0,256,20,3,0.5,0.1,0.99,10.0,256,20,0,128,128,2.4073719866409524,0.0,3.601896877614426,5.656937589697483,0.0,0.0,1.0,280.0
mppi_flee,coast,300.0,1800.0,0.1,0.09,5.0,2.5,10.0,10.0,10,100.0,inf,full,both,inf,180.0,0.01,0.0,0.0,256,20,3,0.5,0.1,0.99,10.0,256,20,0,128,128,2.362076101848181,0.0,3.666426661328104,5.407358571382844,0.0,0.0,1.0,270.0
mppi_flee,coast,300.0,1800.0,0.1,0.09,5.0,3.75,10.0,10.0,10,100.0,inf,full,both,inf,180.0,0.01,0.0,0.0,256,20,3,0.5,0.1,0.99,10.0,256,20,0,128,128,2.395989323213469,0.0,3.65620322629478,5.563815562308204,0.0,0.0,1.0,270.0
mppi_flee,coast,300.0,1800.0,0.1,0.09,5.0,4.5,10.0,10.0,10,100.0,inf,full,both,inf,180.0,0.01,0.0,0.0,256,20,3,0.5,0.1,0.99,10.0,256,20,0,128,128,2.398933822092856,0.0,3.4874333296929305,5.618583551116341,0.0,0.0,1.0,280.0
mppi_flee,coast,300.0,1800.0,0.1,0.09,5.0,5.0,10.0,10.0,10,100.0,inf,full,both,inf,180.0,0.01,0.0,0.0,256,20,3,0.5,0.1,0.99,10.0,256,20,0,128,128,2.3977031601481147,0.0,3.5649519893309427,5.585336073031471,0.0,0.0,1.0,275.0
mppi_flee,coast,300.0,1800.0,0.1,0.09,5.0,5.5,10.0,10.0,10,100.0,inf,full,both,inf,180.0,0.01,0.0,0.0,256,20,3,0.5,0.1,0.99,10.0,256,20,0,128,128,2.3976954934952164,0.0,3.56582068199069,5.5859589039621165,0.0,0.0,1.0,275.0
mppi_flee,coast,300.0,1800.0,0.1,0.09,5.0,6.25,10.0,10.0,10,100.0,inf,full,both,inf,180.0,0.01,0.0,0.0,256,20,3,0.5,0.1,0.99,10.0,256,20,0,128,128,2.3976954934952164,0.0,3.56582068199069,5.5859589039621165,0.0,0.0,1.0,275.0
mppi_flee,coast,300.0,1800.0,0.1,0.09,5.0,7.5,10.0,10.0,10,100.0,inf,full,both,inf,180.0,0.01,0.0,0.0,256,20,3,0.5,0.1,0.99,10.0,256,20,0,128,128,2.3976954934952164,0.0,3.56582068199069,5.5859589039621165,0.0,0.0,1.0,275.0
mppi_flee,coast,300.0,1800.0,0.1,0.09,5.0,10.0,10.0,10.0,10,100.0,inf,full,both,inf,180.0,0.01,0.0,0.0,256,20,3,0.5,0.1,0.99,10.0,256,20,0,128,128,2.3976954934952164,0.0,3.56582068199069,5.5859589039621165,0.0,0.0,1.0,275.0
mppi_flee,coast,300.0,1800.0,0.1,0.09,5.0,inf,10.0,10.0,10,100.0,inf,full,both,inf,180.0,0.01,0.0,0.0,256,20,3,0.5,0.1,0.99,10.0,256,20,0,128,128,2.3976954934952164,0.0,3.56582068199069,5.5859589039621165,0.0,0.0,1.0,275.0
mppi_flee,coast,300.0,1800.0,0.1,0.1,5.0,1.25,10.0,10.0,10,100.0,inf,full,both,inf,180.0,0.01,0.0,0.0,256,20,3,0.5,0.1,0.99,10.0,256,20,0,128,128,2.403992399339717,0.0,3.684189221607936,6.016092356871671,0.0,0.0,1.0,280.0
mppi_flee,coast,300.0,1800.0,0.1,0.1,5.0,2.5,10.0,10.0,10,100.0,inf,full,both,inf,180.0,0.01,0.0,0.0,256,20,3,0.5,0.1,0.99,10.0,256,20,0,128,128,2.368217103994844,0.0,4.0363948065038455,5.672313065465979,0.0,0.0,1.0,270.0
mppi_flee,coast,300.0,1800.0,0.1,0.1,5.0,3.75,10.0,10.0,10,100.0,inf,full,both,inf,180.0,0.01,0.0,0.0,256,20,3,0.5,0.1,0.99,10.0,256,20,0,128,128,2.3925157915408644,0.0,3.66250279421569,5.564168264282225,0.0,0.0,1.0,270.0
mppi_flee,coast,300.0,1800.0,0.1,0.1,5.0,4.5,10.0,10.0,10,100.0,inf,full,both,inf,180.0,0.01,0.0,0.0,256,20,3,0.5,0.1,0.99,10.0,256,20,0,128,128,2.3974025593809354,0.0,3.3801775931961715,5.587754607710721,0.0,0.0,1.0,270.0
mppi_flee,coast,300.0,1800.0,0.1,0.1,5.0,5.0,10.0,10.0,10,100.0,inf,full,both,inf,180.0,0.01,0.0,0.0,256,20,3,0.5,0.1,0.99,10.0,256,20,0,128,128,2.395154238046957,0.0,3.367387162920117,5.560425386685943,0.0,0.0,1.0,270.0
mppi_flee,coast,300.0,1800.0,0.1,0.1,5.0,5.5,10.0,10.0,10,100.0,inf,full,both,inf,180.0,0.01,0.0,0.0,256,20,3,0.5,0.1,0.99,10.0,256,20,0,128,128,2.395803499823421,0.0,3.359231722129682,5.548457331547523,0.0,0.0,1.0,270.0
mppi_flee,coast,300.0,1800.0,0.1,0.1,5.0,6.25,10.0,10.0,10,100.0,inf,full,both,inf,180.0,0.01,0.0,0.0,256,20,3,0.5,0.1,0.99,10.0,256,20,0,128,128,2.395705985918929,0.0,3.361110890285534,5.5495166307297366,0.0,0.0,1.0,270.0
mppi_flee,coast,300.0,1800.0,0.1,0.1,5.0,7.5,10.0,10.0,10,100.0,inf,full,both,inf,180.0,0.01,0.0,0.0,256,20,3,0.5,0.1,0.99,10.0,256,20,0,128,128,2.395705985918929,0.0,3.361110890285534,5.5495166307297366,0.0,0.0,1.0,270.0
mppi_flee,coast,300.0,1800.0,0.1,0.1,5.0,10.0,10.0,10.0,10,100.0,inf,full,both,inf,180.0,0.01,0.0,0.0,256,20,3,0.5,0.1,0.99,10.0,256,20,0,128,128,2.395705985918929,0.0,3.361110890285534,5.5495166307297366,0.0,0.0,1.0,270.0
mppi_flee,coast,300.0,1800.0,0.1,0.1,5.0,inf,10.0,10.0,10,100.0,inf,full,both,inf,180.0,0.01,0.0,0.0,256,20,3,0.5,0.1,0.99,10.0,256,20,0,128,128,2.395705985918929,0.0,3.361110890285534,5.5495166307297366,0.0,0.0,1.0,270.0
mppi_flee,coast,300.0,1800.0,0.1,0.11,5.0,1.25,10.0,10.0,10,100.0,inf,full,both,inf,180.0,0.01,0.0,0.0,256,20,3,0.5,0.1,0.99,10.0,256,20,0,128,128,2.4260344732918906,0.0,3.649304318282268,5.824084173504657,0.0,0.0,1.0,280.0
mppi_flee,coast,300.0,1800.0,0.1,0.11,5.0,2.5,10.0,10.0,10,100.0,inf,full,both,inf,180.0,0.01,0.0,0.0,256,20,3,0.5,0.1,0.99,10.0,256,20,0,128,128,2.3886345054413445,0.0,3.467960399322661,6.2765680312269065,0.0,0.0,1.0,270.0
mppi_flee,coast,300.0,1800.0,0.1,0.11,5.0,3.75,10.0,10.0,10,100.0,inf,full,both,inf,180.0,0.01,0.0,0.0,256,20,3,0.5,0.1,0.99,10.0,256,20,0,128,128,2.398350324554134,0.0,3.514230927545692,5.594155248687395,0.0,0.0,1.0,270.0
mppi_flee,coast,300.0,1800.0,0.1,0.11,5.0,4.5,10.0,10.0,10,100.0,inf,full,both,inf,180.0,0.01,0.0,0.0,256,20,3,0.5,0.1,0.99,10.0,256,20,0,128,128,2.407681867433018,0.0,3.4117953569912283,5.858806409622332,0.0,0.0,1.0,270.0
mppi_flee,coast,300.0,1800.0,0.1,0.11,5.0,5.0,10.0,10.0,10,100.0,inf,full,both,inf,180.0,0.01,0.0,0.0,256,20,3,0.5,0.1,0.99,10.0,256,20,0,128,128,2.4002365483991714,0.0,3.6180965477649982,5.738958662311726,0.0,0.0,1.0,270.0
mppi_flee,coast,300.0,1800.0,0.1,0.11,5.0,5.5,10.0,10.0,10,100.0,inf,full,both,inf,180.0,0.01,0.0,0.0,256,20,3,0.5,0.1,0.99,10.0,256,20,0,128,128,2.401487972797623,0.0,3.5445408985907494,5.737957063833757,0.0,0.0,1.0,270.0
mppi_flee,coast,300.0,1800.0,0.1,0.11,5.0,6.25,10.0,10.0,10,100.0,inf,full,both,inf,180.0,0.01,0.0,0.0,256,20,3,0.5,0.1,0.99,10.0,256,20,0,128,128,2.401312040432368,0.0,3.57845193596727,5.6642528385863455,0.0,0.0,1.0,270.0
mppi_flee,coast,300.0,1800.0,0.1,0.11,5.0,7.5,10.0,10.0,10,100.0,inf,full,both,inf,180.0,0.01,0.0,0.0,256,20,3,0.5,0.1,0.99,10.0,256,20,0,128,128,2.400941410737444,0.0,3.588915104465031,5.6751669174662505,0.0,0.0,1.0,270.0
mppi_flee,coast,300.0,1800.0,0.1,0.11,5.0,10.0,10.0,10.0,10,100.0,inf,full,both,inf,180.0,0.01,0.0,0.0,256,20,3,0.5,0.1,0.99,10.0,256,20,0,128,128,2.400941410737444,0.0,3.588915104465031,5.6751669174662505,0.0,0.0,1.0,270.0
mppi_flee,coast,300.0,1800.0,0.1,0.11,5.0,inf,10.0,10.0,10,100.0,inf,full,both,inf,180.0,0.01,0.0,0.0,256,20,3,0.5,0.1,0.99,10.0,256,20,0,128,128,2.400941410737444,0.0,3.588915104465031,5.6751669174662505,0.0,0.0,1.0,270.0
mppi_flee,coast,300.0,1800.0,0.1,0.125,5.0,1.25,10.0,10.0,10,100.0,inf,full,both,inf,180.0,0.01,0.0,0.0,256,20,3,0.5,0.1,0.99,10.0,256,20,0,128,128,2.4363883511367943,0.0,3.6436828360797855,5.843970743085846,0.0,0.0,1.0,280.0
mppi_flee,coast,300.0,1800.0,0.1,0.125,5.0,2.5,10.0,10.0,10,100.0,inf,full,both,inf,180.0,0.01,0.0,0.0,256,20,3,0.5,0.1,0.99,10.0,256,20,0,128,128,2.3934523434649586,0.0,3.645398453638194,6.0414163717030736,0.0,0.0,1.0,270.0
mppi_flee,coast,300.0,1800.0,0.1,0.125,5.0,3.75,10.0,10.0,10,100.0,inf,full,both,inf,180.0,0.01,0.0,0.0,256,20,3,0.5,0.1,0.99,10.0,256,20,0,128,128,2.421995526601479,0.0,3.701531781282814,5.717281763698839,0.0,0.0,1.0,270.0
mppi_flee,coast,300.0,1800.0,0.1,0.125,5.0,4.5,10.0,10.0,10,100.0,inf,full,both,inf,180.0,0.01,0.0,0.0,256,20,3,0.5,0.1,0.99,10.0,256,20,0,128,128,2.407716017061978,0.0,4.004100911103299,6.138923127958116,0.0,0.0,1.0,270.0
mppi_flee,coast,300.0,1800.0,0.1,0.125,5.0,5.0,10.0,10.0,10,100.0,inf,full,both,inf,180.0,0.01,0.0,0.0,256,20,3,0.5,0.1,0.99,10.0,256,20,0,128,128,2.4098499869909493,0.0,3.959972264714059,6.388287514331782,0.0,0.0,1.0,270.0
mppi_flee,coast,300.0,1800.0,0.1,0.125,5.0,5.5,10.0,10.0,10,100.0,inf,full,both,inf,180.0,0.01,0.0,0.0,256,20,3,0.5,0.1,0.99,10.0,256,20,0,128,128,2.4096774760532016,0.0,3.88133092795092,6.174146453128353,0.0,0.0,1.0,270.0
mppi_flee,coast,300.0,1800.0,0.1,0.125,5.0,6.25,10.0,10.0,10,100.0,inf,full,both,inf,180.0,0.01,0.0,0.0,256,20,3,0.5,0.1,0.99,10.0,256,20,0,128,128,2.407635461062525,0.0,3.848369257706604,6.0815037442134745,0.0,0.0,1.0,270.0
mppi_flee,coast,300.0,1800.0,0.1,0.125,5.0,7.5,10.0,10.0,10,100.0,inf,full,both,inf,180.0,0.01,0.0,0.0,256,20,3,0.5,0.1,0.99,10.0,256,20,0,128,128,2.407680697131761,0.0,3.84625993196021,6.07430013804003,0.0,0.0,1.0,270.0
mppi_flee,coast,300.0,1800.0,0.1,0.125,5.0,10.0,10.0,10.0,10,100.0,inf,full,both,inf,180.0,0.01,0.0,0.0,256,20,3,0.5,0.1,0.99,10.0,256,20,0,128,128,2.407680697131761,0.0,3.84625993196021,6.07430013804003,0.0,0.0,1.0,270.0
mppi_flee,coast,300.0,1800.0,0.1,0.125,5.0,inf,10.0,10.0,10,100.0,inf,full,both,inf,180.0,0.01,0.0,0.0,256,20,3,0.5,0.1,0.99,10.0,256,20,0,128,128,2.407680697131761,0.0,3.84625993196021,6.07430013804003,0.0,0.0,1.0,270.0
mppi_flee,coast,300.0,1800.0,0.1,0.15,5.0,1.25,10.0,10.0,10,100.0,inf,full,both,inf,180.0,0.01,0.0,0.0,256,20,3,0.5,0.1,0.99,10.0,256,20,0,128,128,2.4832395221723145,0.0,3.9512987979978074,5.79166410200328,0.0,0.0,1.0,270.0
mppi_flee,coast,300.0,1800.0,0.1,0.15,5.0,2.5,10.0,10.0,10,100.0,inf,full,both,inf,180.0,0.01,0.0,0.0,256,20,3,0.5,0.1,0.99,10.0,256,20,0,128,128,2.409103765005263,0.0,3.6888312066255664,5.76583874917005,0.0,0.0,1.0,270.0
mppi_flee,coast,300.0,1800.0,0.1,0.15,5.0,3.75,10.0,10.0,10,100.0,inf,full,both,inf,180.0,0.01,0.0,0.0,256,20,3,0.5,0.1,0.99,10.0,256,20,0,128,128,2.4263199700265354,0.0,3.500908715619066,5.784216367508583,0.0,0.0,1.0,270.0
mppi_flee,coast,300.0,1800.0,0.1,0.15,5.0,4.5,10.0,10.0,10,100.0,inf,full,both,inf,180.0,0.01,0.0,0.0,256,20,3,0.5,0.1,0.99,10.0,256,20,0,128,128,2.4258923622720814,0.0,3.6461068382851054,5.984949840871715,0.0,0.0,1.0,270.0
mppi_flee,coast,300.0,1800.0,0.1,0.15,5.0,5.0,10.0,10.0,10,100.0,inf,full,both,inf,180.0,0.01,0.0,0.0,256,20,3,0.5,0.1,0.99,10.0,256,20,0,128,128,2.4281987608227285,0.0,3.5823329186274475,6.076283837151969,0.0,0.0,1.0,270.0
mppi_flee,coast,300.0,1800.0,0.1,0.15,5.0,5.5,10.0,10.0,10,100.0,inf,full,both,inf,180.0,0.01,0.0,0.0,256,20,3,0.5,0.1,0.99,10.0,256,20,0,128,128,2.4263900032942254,0.0,3.4907810154890235,5.858184256161797,0.0,0.0,1.0,270.0
mppi_flee,coast,300.0,1800.0,0.1,0.15,5.0,6.25,10.0,10.0,10,100.0,inf,full,both,inf,180.0,0.01,0.0,0.0,256,20,3,0.5,0.1,0.99,10.0,256,20,0,128,128,2.4255373926750123,0.0,3.545778629561013,5.820488387890347,0.0,0.0,1.0,270.0
mppi_flee,coast,300.0,1800.0,0.1,0.15,5.0,7.5,10.0,10.0,10,100.0,inf,full,both,inf,180.0,0.01,0.0,0.0,256,20,3,0.5,0.1,0.99,10.0,256,20,0,128,128,2.425249888253373,0.0,3.589308276133992,5.817201818838497,0.0,0.0,1.0,270.0
mppi_flee,coast,300.0,1800.0,0.1,0.15,5.0,10.0,10.0,10.0,10,100.0,inf,full,both,inf,180.0,0.01,0.0,0.0,256,20,3,0.5,0.1,0.99,10.0,256,20,0,128,128,2.4253534073927754,0.0,3.608215880517701,5.837012356646898,0.0,0.0,1.0,270.0
mppi_flee,coast,300.0,1800.0,0.1,0.15,5.0,inf,10.0,10.0,10,100.0,inf,full,both,inf,180.0,0.01,0.0,0.0,256,20,3,0.5,0.1,0.99,10.0,256,20,0,128,128,2.4253534073927754,0.0,3.608215880517701,5.837012356646898,0.0,0.0,1.0,270.0
mppi_flee,coast,300.0,1800.0,0.1,0.2,5.0,1.25,10.0,10.0,10,100.0,inf,full,both,inf,180.0,0.01,0.0,0.0,256,20,3,0.5,0.1,0.99,10.0,256,20,0,128,128,2.4802212510304136,0.0,3.686990828959616,5.372628135612327,0.0,0.0,1.0,280.0
mppi_flee,coast,300.0,1800.0,0.1,0.2,5.0,2.5,10.0,10.0,10,100.0,inf,full,both,inf,180.0,0.01,0.0,0.0,256,20,3,0.5,0.1,0.99,10.0,256,20,0,128,128,2.43689022441185,0.0,3.530112730706667,6.05783667866147,0.0,0.0,1.0,270.0
mppi_flee,coast,300.0,1800.0,0.1,0.2,5.0,3.75,10.0,10.0,10,100.0,inf,full,both,inf,180.0,0.01,0.0,0.0,256,20,3,0.5,0.1,0.99,10.0,256,20,0,128,128,2.4597127471340534,0.0,3.5855431157717423,6.320901276723204,0.0,0.0,1.0,270.0
mppi_flee,coast,300.0,1800.0,0.1,0.2,5.0,4.5,10.0,10.0,10,100.0,inf,full,both,inf,180.0,0.01,0.0,0.0,256,20,3,0.5,0.1,0.99,10.0,256,20,0,128,128,2.458527747535732,0.0,3.720891634540678,6.436061269801553,0.0,0.0,1.0,270.0
mppi_flee,coast,300.0,1800.0,0.1,0.2,5.0,5.0,10.0,10.0,10,100.0,inf,full,both,inf,180.0,0.01,0.0,0.0,256,20,3,0.5,0.1,0.99,10.0,256,20,0,128,128,2.45923208956481,0.0,3.729813540209468,6.345980715974841,0.0,0.0,1.0,270.0
mppi_flee,coast,300.0,1800.0,0.1,0.2,5.0,5.5,10.0,10.0,10,100.0,inf,full,both,inf,180.0,0.01,0.0,0.0,256,20,3,0.5,0.1,0.99,10.0,256,20,0,128,128,2.460360986223479,0.0,3.666563808237472,6.162544977308644,0.0,0.0,1.0,270.0
mppi_flee,coast,300.0,1800.0,0.1,0.2,5.0,6.25,10.0,10.0,10,100.0,inf,full,both,inf,180.0,0.01,0.0,0.0,256,20,3,0.5,0.1,0.99,10.0,256,20,0,128,128,2.477396733550106,0.0,3.5561128752085103,6.222213450456989,0.0,0.0,1.0,270.0
mppi_flee,coast,300.0,1800.0,0.1,0.2,5.0,7.5,10.0,10.0,10,100.0,inf,full,both,inf,180.0,0.01,0.0,0.0,256,20,3,0.5,0.1,0.99,10.0,256,20,0,128,128,2.474757257430369,0.0,3.775823877642375,6.142777408110772,0.0,0.0,1.0,270.0
mppi_flee,coast,300.0,1800.0,0.1,0.2,5.0,10.0,10.0,10.0,10,100.0,inf,full,both,inf,180.0,0.01,0.0,0.0,256,20,3,0.5,0.1,0.99,10.0,256,20,0,128,128,2.4938150039445,0.0,3.7421015615239535,6.121492255245765,0.0,0.0,1.0,270.0
mppi_flee,coast,300.0,1800.0,0.1,0.2,5.0,inf,10.0,10.0,10,100.0,inf,full,both,inf,180.0,0.01,0.0,0.0,256,20,3,0.5,0.1,0.99,10.0,256,20,0,128,128,2.493576051341362,0.0,3.7490095683574713,6.128677807978043,0.0,0.0,1.0,270.0
mppi_flee,mppi_direct,300.0,1800.0,0.1,0.025,5.0,1.25,10.0,10.0,10,100.0,inf,full,both,inf,180.0,0.01,0.0,0.0,256,20,3,0.5,0.1,0.99,10.0,256,20,0,128,128,2.2210284899632367,0.5385799431114776,4.711708139241821,6.303412256892851,0.0,0.0,1.0,270.0
mppi_flee,mppi_direct,300.0,1800.0,0.1,0.025,5.0,2.5,10.0,10.0,10,100.0,inf,full,both,inf,180.0,0.01,0.0,0.0,256,20,3,0.5,0.1,0.99,10.0,256,20,0,128,128,2.222022483405424,0.5389387998088147,4.562753448160758,5.91167651127016,0.0,0.0,1.0,270.0
mppi_flee,mppi_direct,300.0,1800.0,0.1,0.025,5.0,3.75,10.0,10.0,10,100.0,inf,full,both,inf,180.0,0.01,0.0,0.0,256,20,3,0.5,0.1,0.99,10.0,256,20,0,128,128,2.222022483405424,0.5389387998088147,4.562753448160758,5.91167651127016,0.0,0.0,1.0,270.0
mppi_flee,mppi_direct,300.0,1800.0,0.1,0.025,5.0,4.5,10.0,10.0,10,100.0,inf,full,both,inf,180.0,0.01,0.0,0.0,256,20,3,0.5,0.1,0.99,10.0,256,20,0,128,128,2.222022483405424,0.5389387998088147,4.562753448160758,5.91167651127016,0.0,0.0,1.0,270.0
mppi_flee,mppi_direct,300.0,1800.0,0.1,0.025,5.0,5.0,10.0,10.0,10,100.0,inf,full,both,inf,180.0,0.01,0.0,0.0,256,20,3,0.5,0.1,0.99,10.0,256,20,0,128,128,2.222022483405424,0.5389387998088147,4.562753448160758,5.91167651127016,0.0,0.0,1.0,270.0
mppi_flee,mppi_direct,300.0,1800.0,0.1,0.025,5.0,5.5,10.0,10.0,10,100.0,inf,full,both,inf,180.0,0.01,0.0,0.0,256,20,3,0.5,0.1,0.99,10.0,256,20,0,128,128,2.222022483405424,0.5389387998088147,4.562753448160758,5.91167651127016,0.0,0.0,1.0,270.0
mppi_flee,mppi_direct,300.0,1800.0,0.1,0.025,5.0,6.25,10.0,10.0,10,100.0,inf,full,both,inf,180.0,0.01,0.0,0.0,256,20,3,0.5,0.1,0.99,10.0,256,20,0,128,128,2.222022483405424,0.5389387998088147,4.562753448160758,5.91167651127016,0.0,0.0,1.0,270.0
mppi_flee,mppi_direct,300.0,1800.0,0.1,0.025,5.0,7.5,10.0,10.0,10,100.0,inf,full,both,inf,180.0,0.01,0.0,0.0,256,20,3,0.5,0.1,0.99,10.0,256,20,0,128,128,2.222022483405424,0.5389387998088147,4.562753448160758,5.91167651127016,0.0,0.0,1.0,270.0
mppi_flee,mppi_direct,300.0,1800.0,0.1,0.025,5.0,10.0,10.0,10.0,10,100.0,inf,full,both,inf,180.0,0.01,0.0,0.0,256,20,3,0.5,0.1,0.99,10.0,256,20,0,128,128,2.222022483405424,0.5389387998088147,4.562753448160758,5.91167651127016,0.0,0.0,1.0,270.0
mppi_flee,mppi_direct,300.0,1800.0,0.1,0.025,5.0,inf,10.0,10.0,10,100.0,inf,full,both,inf,180.0,0.01,0.0,0.0,256,20,3,0.5,0.1,0.99,10.0,256,20,0,128,128,2.222022483405424,0.5389387998088147,4.562753448160758,5.91167651127016,0.0,0.0,1.0,270.0
mppi_flee,mppi_direct,300.0,1800.0,0.1,0.05,5.0,1.25,10.0,10.0,10,100.0,inf,full,both,inf,180.0,0.01,0.0,0.0,256,20,3,0.5,0.1,0.99,10.0,256,20,0,128,128,2.0630724298723533,0.9463348742075316,6.984890870108456,9.434596658386427,0.0,0.0,1.0,250.0
mppi_flee,mppi_direct,300.0,1800.0,0.1,0.05,5.0,2.5,10.0,10.0,10,100.0,inf,full,both,inf,180.0,0.01,0.0,0.0,256,20,3,0.5,0.1,0.99,10.0,256,20,0,128,128,2.0643420021661325,0.998271795100891,6.90301131030372,8.85339986829548,0.0,0.0,1.0,250.0
mppi_flee,mppi_direct,300.0,1800.0,0.1,0.05,5.0,3.75,10.0,10.0,10,100.0,inf,full,both,inf,180.0,0.01,0.0,0.0,256,20,3,0.5,0.1,0.99,10.0,256,20,0,128,126,2.102883103364764,1.0370903578972088,7.156662292784068,47.143694707794914,0.0,0.0,0.984375,250.0
mppi_flee,mppi_direct,300.0,1800.0,0.1,0.05,5.0,4.5,10.0,10.0,10,100.0,inf,full,both,inf,180.0,0.01,0.0,0.0,256,20,3,0.5,0.1,0.99,10.0,256,20,0,128,126,2.102885714695979,1.048809409099544,7.156718486417773,61.872202540315406,0.0,0.0,0.984375,250.0
mppi_flee,mppi_direct,300.0,1800.0,0.1,0.05,5.0,5.0,10.0,10.0,10,100.0,inf,full,both,inf,180.0,0.01,0.0,0.0,256,20,3,0.5,0.1,0.99,10.0,256,20,0,128,126,2.102885714695979,1.056621909099544,7.156718486417773,67.88266388383752,0.0,0.0,0.984375,250.0
mppi_flee,mppi_direct,300.0,1800.0,0.1,0.05,5.0,5.5,10.0,10.0,10,100.0,inf,full,both,inf,180.0,0.01,0.0,0.0,256,20,3,0.5,0.1,0.99,10.0,256,20,0,128,126,2.102885714695979,1.064434409099544,7.156718486417773,73.28950330331138,0.0,0.0,0.984375,250.0
mppi_flee,mppi_direct,300.0,1800.0,0.1,0.05,5.0,6.25,10.0,10.0,10,100.0,inf,full,both,inf,180.0,0.01,0.0,0.0,256,20,3,0.5,0.1,0.99,10.0,256,20,0,128,126,2.102885714695979,1.076153159099544,7.156718486417773,79.21291022774342,0.0,0.0,0.984375,250.0
mppi_flee,mppi_direct,300.0,1800.0,0.1,0.05,5.0,7.5,10.0,10.0,10,100.0,inf,full,both,inf,180.0,0.01,0.0,0.0,256,20,3,0.5,0.1,0.99,10.0,256,20,0,128,126,2.102885714695979,1.095684409099544,7.156718486417773,85.21925909222139,0.0,0.0,0.984375,250.0
mppi_flee,mppi_direct,300.0,1800.0,0.1,0.05,5.0,10.0,10.0,10.0,10,100.0,inf,full,both,inf,180.0,0.01,0.0,0.0,256,20,3,0.5,0.1,0.99,10.0,256,20,0,128,126,2.102885714695979,1.112060815243423,7.156718486417773,86.82676401144211,0.0,0.0,0.984375,250.0
mppi_flee,mppi_direct,300.0,1800.0,0.1,0.05,5.0,inf,10.0,10.0,10,100.0,inf,full,both,inf,180.0,0.01,0.0,0.0,256,20,3,0.5,0.1,0.99,10.0,256,20,0,128,126,2.102885714695979,1.1120792261950037,7.156718486417773,86.8267520662721,0.0,0.0,0.984375,250.0
mppi_flee,mppi_direct,300.0,1800.0,0.1,0.075,5.0,1.25,10.0,10.0,10,100.0,inf,full,both,inf,180.0,0.01,0.0,0.0,256,20,3,0.5,0.1,0.99,10.0,256,20,0,128,128,2.040602240246159,1.2337121304622911,8.506897966855865,10.859733882497192,0.0,0.0,1.0,230.0
mppi_flee,mppi_direct,300.0,1800.0,0.1,0.075,5.0,2.5,10.0,10.0,10,100.0,inf,full,both,inf,180.0,0.01,0.0,0.0,256,20,3,0.5,0.1,0.99,10.0,256,20,0,128,118,2.1414021453522203,1.4859268924698577,10.06826201377492,74.9370645381691,0.0,0.0,0.921875,230.0
mppi_flee,mppi_direct,300.0,1800.0,0.1,0.075,5.0,3.75,10.0,10.0,10,100.0,inf,full,both,inf,180.0,0.01,0.0,0.0,256,20,3,0.5,0.1,0.99,10.0,256,20,0,128,104,2.481570128778732,1.855319349185816,12.91075154084482,485.7556439218536,0.0,0.0,0.8125,230.0
mppi_flee,mppi_direct,300.0,1800.0,0.1,0.075,5.0,4.5,10.0,10.0,10,100.0,inf,full,both,inf,180.0,0.01,0.0,0.0,256,20,3,0.5,0.1,0.99,10.0,256,20,0,128,105,2.463176296637659,1.972777096237196,12.855466682061326,653.6647872837069,0.0,0.0,0.8203125,230.0
mppi_flee,mppi_direct,300.0,1800.0,0.1,0.075,5.0,5.0,10.0,10.0,10,100.0,inf,full,both,inf,180.0,0.01,0.0,0.0,256,20,3,0.5,0.1,0.99,10.0,256,20,0,128,104,2.484208115249082,2.087722676760348,13.19463620726563,800.3294669095638,0.0,0.0,0.8125,230.0
mppi_flee,mppi_direct,300.0,1800.0,0.1,0.075,5.0,5.5,10.0,10.0,10,100.0,inf,full,both,inf,180.0,0.01,0.0,0.0,256,20,3,0.5,0.1,0.99,10.0,256,20,0,128,104,2.484233391547075,2.1815014737387943,13.187535081042038,908.1218174271283,0.0,0.0,0.8125,230.0
mppi_flee,mppi_direct,300.0,1800.0,0.1,0.075,5.0,6.25,10.0,10.0,10,100.0,inf,full,both,inf,180.0,0.01,0.0,0.0,256,20,3,0.5,0.1,0.99,10.0,256,20,0,128,104,2.4842293963877378,2.3221262746705693,13.187976339264424,1052.3949932857304,0.0,0.0,0.8125,230.0
mppi_flee,mppi_direct,300.0,1800.0,0.1,0.075,5.0,7.5,10.0,10.0,10,100.0,inf,full,both,inf,180.0,0.01,0.0,0.0,256,20,3,0.5,0.1,0.99,10.0,256,20,0,128,104,2.4842293963877378,2.5565012746705693,13.18797635126232,1253.7848802214723,0.0,0.0,0.8125,230.0
mppi_flee,mppi_direct,300.0,1800.0,0.1,0.075,5.0,10.0,10.0,10.0,10,100.0,inf,full,both,inf,180.0,0.01,0.0,0.0,256,20,3,0.5,0.1,0.99,10.0,256,20,0,128,104,2.4842293963877378,3.0252512746705693,13.18797635126232,1515.8014478233686,0.0,0.0,0.8125,230.0
mppi_flee,mppi_direct,300.0,1800.0,0.1,0.075,5.0,inf,10.0,10.0,10,100.0,inf,full,both,inf,180.0,0.01,0.0,0.0,256,20,3,0.5,0.1,0.99,10.0,256,20,0,128,104,2.4842293963877378,3.5539065832069445,13.18797635126232,1609.7948997105707,0.0,0.0,0.8125,230.0
mppi_flee,mppi_direct,300.0,1800.0,0.1,0.09,5.0,1.25,10.0,10.0,10,100.0,inf,full,both,inf,180.0,0.01,0.0,0.0,256,20,3,0.5,0.1,0.99,10.0,256,20,0,128,128,2.2810689375545143,1.25,7.02793499495268,9.140095653457102,0.0,0.0,1.0,230.0
mppi_flee,mppi_direct,300.0,1800.0,0.1,0.09,5.0,2.5,10.0,10.0,10,100.0,inf,full,both,inf,180.0,0.01,0.0,0.0,256,20,3,0.5,0.1,0.99,10.0,256,20,0,128,98,2.699192600797468,1.8486307503435695,13.33521617308858,127.07404954882426,0.0,0.0,0.765625,220.0
mppi_flee,mppi_direct,300.0,1800.0,0.1,0.09,5.0,3.75,10.0,10.0,10,100.0,inf,full,both,inf,180.0,0.01,0.0,0.0,256,20,3,0.5,0.1,0.99,10.0,256,20,0,128,94,2.6873603701493853,2.191893462077967,17.302452113436804,654.3288370789147,0.0,0.0,0.734375,220.0
mppi_flee,mppi_direct,300.0,1800.0,0.1,0.09,5.0,4.5,10.0,10.0,10,100.0,inf,full,both,inf,180.0,0.01,0.0,0.0,256,20,3,0.5,0.1,0.99,10.0,256,20,0,128,93,2.71380261266757,2.422433711717359,16.565592318433325,957.5551069103836,0.0,0.0,0.7265625,220.0
mppi_flee,mppi_direct,300.0,1800.0,0.1,0.09,5.0,5.0,10.0,10.0,10,100.0,inf,full,both,inf,180.0,0.01,0.0,0.0,256,20,3,0.5,0.1,0.99,10.0,256,20,0,128,96,2.648067622709508,2.4863172695757614,16.908817779831498,1014.6067541102828,0.0,0.0,0.75,220.0
mppi_flee,mppi_direct,300.0,1800.0,0.1,0.09,5.0,5.5,10.0,10.0,10,100.0,inf,full,both,inf,180.0,0.01,0.0,0.0,256,20,3,0.5,0.1,0.99,10.0,256,20,0,128,97,2.630420852847409,2.5893368328865742,16.963632975955704,1141.5590252840195,0.0,0.0,0.7578125,220.0
mppi_flee,mppi_direct,300.0,1800.0,0.1,0.09,5.0,6.25,10.0,10.0,10,100.0,inf,full,both,inf,180.0,0.01,0.0,0.0,256,20,3,0.5,0.1,0.99,10.0,256,20,0,128,96,2.6514971508162457,2.8040687388764094,17.084478807799275,1394.7420037573022,0.0,0.0,0.75,220.0
mppi_flee,mppi_direct,300.0,1800.0,0.1,0.09,5.0,7.5,10.0,10.0,10,100.0,inf,full,both,inf,180.0,0.01,0.0,0.0,256,20,3,0.5,0.1,0.99,10.0,256,20,0,128,96,2.6514955435540744,3.116339270522748,17.07850273663522,1720.3386860577743,0.0,0.0,0.75,220.0
mppi_flee,mppi_direct,300.0,1800.0,0.1,0.09,5.0,10.0,10.0,10.0,10,100.0,inf,full,both,inf,180.0,0.01,0.0,0.0,256,20,3,0.5,0.1,0.99,10.0,256,20,0,128,96,2.6514955435540744,3.741339270522748,17.078502736636484,2212.034322608229,0.0,0.0,0.75,220.0
mppi_flee,mppi_direct,300.0,1800.0,0.1,0.09,5.0,inf,10.0,10.0,10,100.0,inf,full,both,inf,180.0,0.01,0.0,0.0,256,20,3,0.5,0.1,0.99,10.0,256,20,0,128,96,2.6514955435540744,5.094877786613375,17.078502736636484,2610.171589464272,0.0,0.0,0.75,220.0
mppi_flee,mppi_direct,300.0,1800.0,0.1,0.1,5.0,1.25,10.0,10.0,10,100.0,inf,full,both,inf,180.0,0.01,0.0,0.0,256,20,3,0.5,0.1,0.99,10.0,256,20,0,128,128,2.385520968620297,1.25,6.441291335920122,8.83613974746137,0.0,0.0,1.0,230.0
mppi_flee,mppi_direct,300.0,1800.0,0.1,0.1,5.0,2.5,10.0,10.0,10,100.0,inf,full,both,inf,180.0,0.01,0.0,0.0,256,20,3,0.5,0.1,0.99,10.0,256,20,0,128,83,3.0970402934545898,2.041290023399615,16.827005061191823,179.4827584952049,0.0,0.0,0.6484375,210.0
mppi_flee,mppi_direct,300.0,1800.0,0.1,0.1,5.0,3.75,10.0,10.0,10,100.0,inf,full,both,inf,180.0,0.01,0.0,0.0,256,20,3,0.5,0.1,0.99,10.0,256,20,0,128,87,2.8382432604277485,2.403340767837101,20.565007518402087,834.2532754295468,0.0,0.0,0.6796875,210.0
mppi_flee,mppi_direct,300.0,1800.0,0.1,0.1,5.0,4.5,10.0,10.0,10,100.0,inf,full,both,inf,180.0,0.01,0.0,0.0,256,20,3,0.5,0.1,0.99,10.0,256,20,0,128,80,3.0144185076871386,2.7912985529878838,22.377238675271887,1394.3327735767616,0.0,0.0,0.625,210.0
mppi_flee,mppi_direct,300.0,1800.0,0.1,0.1,5.0,5.0,10.0,10.0,10,100.0,inf,full,both,inf,180.0,0.01,0.0,0.0,256,20,3,0.5,0.1,0.99,10.0,256,20,0,128,79,3.04240550899723,3.019109770100826,22.092439496271645,1795.0742386521588,0.0,0.0,0.6171875,210.0
mppi_flee,mppi_direct,300.0,1800.0,0.1,0.1,5.0,5.5,10.0,10.0,10,100.0,inf,full,both,inf,180.0,0.01,0.0,0.0,256,20,3,0.5,0.1,0.99,10.0,256,20,0,128,80,3.0247415996181664,3.188078878610105,22.07972558854767,1949.8107480274052,0.0,0.0,0.625,210.0
mppi_flee,mppi_direct,300.0,1800.0,0.1,0.1,5.0,6.25,10.0,10.0,10,100.0,inf,full,both,inf,180.0,0.01,0.0,0.0,256,20,3,0.5,0.1,0.99,10.0,256,20,0,128,79,3.0511960895515733,3.5065773166020766,21.841366026687652,2384.7840663350858,0.0,0.0,0.6171875,210.0
mppi_flee,mppi_direct,300.0,1800.0,0.1,0.1,5.0,7.5,10.0,10.0,10,100.0,inf,full,both,inf,180.0,0.01,0.0,0.0,256,20,3,0.5,0.1,0.99,10.0,256,20,0,128,79,3.051484678104719,3.9854122625493,21.807025862984176,2966.970305755921,0.0,0.0,0.6171875,210.0
mppi_flee,mppi_direct,300.0,1800.0,0.1,0.1,5.0,10.0,10.0,10.0,10,100.0,inf,full,both,inf,180.0,0.01,0.0,0.0,256,20,3,0.5,0.1,0.99,10.0,256,20,0,128,79,3.051484675852214,4.942443439005546,21.807177720232275,3854.986615570603,0.0,0.0,0.6171875,210.0
mppi_flee,mppi_direct,300.0,1800.0,0.1,0.1,5.0,inf,10.0,10.0,10,100.0,inf,full,both,inf,180.0,0.01,0.0,0.0,256,20,3,0.5,0.1,0.99,10.0,256,20,0,128,79,3.051484675852214,7.664071291606081,21.807177720232275,4828.847031658508,0.0,0.0,0.6171875,210.0
mppi_flee,mppi_direct,300.0,1800.0,0.1,0.11,5.0,1.25,10.0,10.0,10,100.0,inf,full,both,inf,180.0,0.01,0.0,0.0,256,20,3,0.5,0.1,0.99,10.0,256,20,0,128,128,2.426119282280744,1.25,6.060468352360306,7.752135759282894,0.0,0.0,1.0,230.0
mppi_flee,mppi_direct,300.0,1800.0,0.1,0.11,5.0,2.5,10.0,10.0,10,100.0,inf,full,both,inf,180.0,0.01,0.0,0.0,256,20,3,0.5,0.1,0.99,10.0,256,20,0,128,79,3.2502273932353964,2.149802906839119,19.10622586828017,188.9922523479333,0.0,0.0,0.6171875,210.0
mppi_flee,mppi_direct,300.0,1800.0,0.1,0.11,5.0,3.75,10.0,10.0,10,100.0,inf,full,both,inf,180.0,0.01,0.0,0.0,256,20,3,0.5,0.1,0.99,10.0,256,20,0,128,69,3.26122324974587,2.7460052680292164,25.103217512945054,1138.557405900038,0.0,0.0,0.5390625,210.0
mppi_flee,mppi_direct,300.0,1800.0,0.1,0.11,5.0,4.5,10.0,10.0,10,100.0,inf,full,both,inf,180.0,0.01,0.0,0.0,256,20,3,0.5,0.1,0.99,10.0,256,20,0,128,69,3.2706294530436493,3.1049237663802747,28.71508006002211,1789.2321578788512,0.0,0.0,0.5390625,210.0
mppi_flee,mppi_direct,300.0,1800.0,0.1,0.11,5.0,5.0,10.0,10.0,10,100.0,inf,full,both,inf,180.0,0.01,0.0,0.0,256,20,3,0.5,0.1,0.99,10.0,256,20,0,128,65,3.371085858881991,3.4325979350623887,27.3657051960216,2188.866656841272,0.0,0.0,0.5078125,210.0
mppi_flee,mppi_direct,300.0,1800.0,0.1,0.11,5.0,5.5,10.0,10.0,10,100.0,inf,full,both,inf,180.0,0.01,0.0,0.0,256,20,3,0.5,0.1,0.99,10.0,256,20,0,128,69,3.271971743343068,3.568243792619554,27.887713323828194,2466.938384695902,0.0,0.0,0.5390625,210.0
mppi_flee,mppi_direct,300.0,1800.0,0.1,0.11,5.0,6.25,10.0,10.0,10,100.0,inf,full,both,inf,180.0,0.01,0.0,0.0,256,20,3,0.5,0.1,0.99,10.0,256,20,0,128,65,3.375300734219699,4.047220318804848,28.40786313294286,3171.12299748531,0.0,0.0,0.5078125,210.0
mppi_flee,mppi_direct,300.0,1800.0,0.1,0.11,5.0,7.5,10.0,10.0,10,100.0,inf,full,both,inf,180.0,0.01,0.0,0.0,256,20,3,0.5,0.1,0.99,10.0,256,20,0,128,64,3.3993632593072265,4.711629318105048,28.18152973670013,3966.332196348508,0.0,0.0,0.5,210.0
mppi_flee,mppi_direct,300.0,1800.0,0.1,0.11,5.0,10.0,10.0,10.0,10,100.0,inf,full,both,inf,180.0,0.01,0.0,0.0,256,20,3,0.5,0.1,0.99,10.0,256,20,0,128,64,3.399336299120719,5.961656479981413,28.18423122768949,5233.7599305618105,0.0,0.0,0.5,210.0
mppi_flee,mppi_direct,300.0,1800.0,0.1,0.11,5.0,inf,10.0,10.0,10,100.0,inf,full,both,inf,180.0,0.01,0.0,0.0,256,20,3,0.5,0.1,0.99,10.0,256,20,0,128,64,3.399336299120719,10.358118426503676,28.18423122768949,7004.820911426476,0.0,0.0,0.5,210.0
mppi_flee,mppi_direct,300.0,1800.0,0.1,0.125,5.0,1.25,10.0,10.0,10,100.0,inf,full,both,inf,180.0,0.01,0.0,0.0,256,20,3,0.5,0.1,0.99,10.0,256,20,0,128,128,2.5750481260246034,1.25,5.285209451751352,6.655252340962656,0.0,0.0,1.0,245.0
mppi_flee,mppi_direct,300.0,1800.0,0.1,0.125,5.0,2.5,10.0,10.0,10,100.0,inf,full,both,inf,180.0,0.01,0.0,0.0,256,20,3,0.5,0.1,0.99,10.0,256,20,0,128,84,3.764776976195623,2.3329770441628,18.1596666287627,146.882015163929,0.0,0.0,0.65625,200.0
mppi_flee,mppi_direct,300.0,1800.0,0.1,0.125,5.0,3.75,10.0,10.0,10,100.0,inf,full,both,inf,180.0,0.01,0.0,0.0,256,20,3,0.5,0.1,0.99,10.0,256,20,0,128,50,3.714934808372647,3.0901177099879016,35.84038036982137,1539.788692846931,0.0,0.0,0.390625,200.0
mppi_flee,mppi_direct,300.0,1800.0,0.1,0.125,5.0,4.5,10.0,10.0,10,100.0,inf,full,both,inf,180.0,0.01,0.0,0.0,256,20,3,0.5,0.1,0.99,10.0,256,20,0,128,47,3.802559013648162,3.604277698532597,35.66574523603194,2424.826515688464,0.0,0.0,0.3671875,200.0
mppi_flee,mppi_direct,300.0,1800.0,0.1,0.125,5.0,5.0,10.0,10.0,10,100.0,inf,full,both,inf,180.0,0.01,0.0,0.0,256,20,3,0.5,0.1,0.99,10.0,256,20,0,128,41,3.956408925419959,4.063399283708032,37.8930492681905,3077.9978572818536,0.0,0.0,0.3203125,200.0
mppi_flee,mppi_direct,300.0,1800.0,0.1,0.125,5.0,5.5,10.0,10.0,10,100.0,inf,full,both,inf,180.0,0.01,0.0,0.0,256,20,3,0.5,0.1,0.99,10.0,256,20,0,128,44,3.869135606795077,4.320676215732297,37.92733516590597,3602.359775274607,0.0,0.0,0.34375,200.0
mppi_flee,mppi_direct,300.0,1800.0,0.1,0.125,5.0,6.25,10.0,10.0,10,100.0,inf,full,both,inf,180.0,0.01,0.0,0.0,256,20,3,0.5,0.1,0.99,10.0,256,20,0,128,46,3.8275986674988047,4.755420305711636,37.889711736204745,4104.257147362036,0.0,0.0,0.359375,200.0
mppi_flee,mppi_direct,300.0,1800.0,0.1,0.125,5.0,7.5,10.0,10.0,10,100.0,inf,full,both,inf,180.0,0.01,0.0,0.0,256,20,3,0.5,0.1,0.99,10.0,256,20,0,128,39,4.009035055717511,5.850673309360774,37.893429031971536,5749.429950846868,0.0,0.0,0.3046875,200.0
mppi_flee,mppi_direct,300.0,1800.0,0.1,0.125,5.0,10.0,10.0,10.0,10,100.0,inf,full,both,inf,180.0,0.01,0.0,0.0,256,20,3,0.5,0.1,0.99,10.0,256,20,0,128,41,3.958024598739362,7.462517860840225,37.974425752783965,7578.529215235476,0.0,0.0,0.3203125,200.0
mppi_flee,mppi_direct,300.0,1800.0,0.1,0.125,5.0,inf,10.0,10.0,10,100.0,inf,full,both,inf,180.0,0.01,0.0,0.0,256,20,3,0.5,0.1,0.99,10.0,256,20,0,128,41,3.958024598739362,15.185238081580286,37.974425768240856,11212.368036614263,0.0,0.0,0.3203125,200.0
mppi_flee,mppi_direct,300.0,1800.0,0.1,0.15,5.0,1.25,10.0,10.0,10,100.0,inf,full,both,inf,180.0,0.01,0.0,0.0,256,20,3,0.5,0.1,0.99,10.0,256,20,0,128,128,2.613082415754058,1.25,5.468306155249105,6.385179795367746,0.0,0.0,1.0,295.0
mppi_flee,mppi_direct,300.0,1800.0,0.1,0.15,5.0,2.5,10.0,10.0,10,100.0,inf,full,both,inf,180.0,0.01,0.0,0.0,256,20,3,0.5,0.1,0.99,10.0,256,20,0,128,80,4.39081324242384,2.459257508933322,14.029945183125266,190.7956153494121,0.0,0.0,0.625,820.0
mppi_flee,mppi_direct,300.0,1800.0,0.1,0.15,5.0,3.75,10.0,10.0,10,100.0,inf,full,both,inf,180.0,0.01,0.0,0.0,256,20,3,0.5,0.1,0.99,10.0,256,20,0,128,30,4.205679454707599,3.409517969877801,55.37242547942832,1739.954747349255,0.0,0.0,0.234375,180.0
mppi_flee,mppi_direct,300.0,1800.0,0.1,0.15,5.0,4.5,10.0,10.0,10,100.0,inf,full,both,inf,180.0,0.01,0.0,0.0,256,20,3,0.5,0.1,0.99,10.0,256,20,0,128,29,4.241566313705271,4.012141365083281,55.02564842693179,2849.694495671198,0.0,0.0,0.2265625,190.0
mppi_flee,mppi_direct,300.0,1800.0,0.1,0.15,5.0,5.0,10.0,10.0,10,100.0,inf,full,both,inf,180.0,0.01,0.0,0.0,256,20,3,0.5,0.1,0.99,10.0,256,20,0,128,31,4.190849838431404,4.350508383779228,56.183233895532936,3444.4554778308125,0.0,0.0,0.2421875,190.0
mppi_flee,mppi_direct,300.0,1800.0,0.1,0.15,5.0,5.5,10.0,10.0,10,100.0,inf,full,both,inf,180.0,0.01,0.0,0.0,256,20,3,0.5,0.1,0.99,10.0,256,20,0,128,30,4.21535895089438,4.75600951261686,57.22325678169125,4068.98819193756,0.0,0.0,0.234375,180.0
mppi_flee,mppi_direct,300.0,1800.0,0.1,0.15,5.0,6.25,10.0,10.0,10,100.0,inf,full,both,inf,180.0,0.01,0.0,0.0,256,20,3,0.5,0.1,0.99,10.0,256,20,0,128,25,4.3465889591427525,5.48580060515366,60.569387216762784,5335.955331847568,0.0,0.0,0.1953125,190.0
mppi_flee,mppi_direct,300.0,1800.0,0.1,0.15,5.0,7.5,10.0,10.0,10,100.0,inf,full,both,inf,180.0,0.01,0.0,0.0,256,20,3,0.5,0.1,0.99,10.0,256,20,0,128,28,4.271167431137734,6.379801790248746,60.81774572091207,6646.931352679467,0.0,0.0,0.21875,190.0
mppi_flee,mppi_direct,300.0,1800.0,0.1,0.15,5.0,10.0,10.0,10.0,10,100.0,inf,full,both,inf,180.0,0.01,0.0,0.0,256,20,3,0.5,0.1,0.99,10.0,256,20,0,128,27,4.2967388289342745,8.394940949572074,61.265959690719285,9441.635540415737,0.0,0.0,0.2109375,190.0
mppi_flee,mppi_direct,300.0,1800.0,0.1,0.15,5.0,inf,10.0,10.0,10,100.0,inf,full,both,inf,180.0,0.01,0.0,0.0,256,20,3,0.5,0.1,0.99,10.0,256,20,0,128,27,4.29673830240739,20.725521400982306,61.26938977465796,16147.593291520032,0.0,0.0,0.2109375,190.0
mppi_flee,mppi_direct,300.0,1800.0,0.1,0.2,5.0,1.25,10.0,10.0,10,100.0,inf,full,both,inf,180.0,0.01,0.0,0.0,256,20,3,0.5,0.1,0.99,10.0,256,20,0,128,128,2.837832404082657,1.25,4.769552689445331,5.611419870392912,0.0,0.0,1.0,340.0
mppi_flee,mppi_direct,300.0,1800.0,0.1,0.2,5.0,2.5,10.0,10.0,10,100.0,inf,full,both,inf,180.0,0.01,0.0,0.0,256,20,3,0.5,0.1,0.99,10.0,256,20,0,128,123,4.665349361064666,2.5,6.908956665895822,17.926480501837062,0.0,0.0,0.9609375,790.0
mppi_flee,mppi_direct,300.0,1800.0,0.1,0.2,5.0,3.75,10.0,10.0,10,100.0,inf,full,both,inf,180.0,0.01,0.0,0.0,256,20,3,0.5,0.1,0.99,10.0,256,20,0,128,7,4.808563626548109,3.695833434486442,103.6048022865212,1945.4321620834085,0.0,0.0,0.0546875,170.0
mppi_flee,mppi_direct,300.0,1800.0,0.1,0.2,5.0,4.5,10.0,10.0,10,100.0,inf,full,both,inf,180.0,0.01,0.0,0.0,256,20,3,0.5,0.1,0.99,10.0,256,20,0,128,2,4.944831863171141,4.470854617840499,106.41145817089696,3560.762081321296,0.0,0.0,0.015625,160.0
mppi_flee,mppi_direct,300.0,1800.0,0.1,0.2,5.0,5.0,10.0,10.0,10,100.0,inf,full,both,inf,180.0,0.01,0.0,0.0,256,20,3,0.5,0.1,0.99,10.0,256,20,0,128,2,4.944952840775558,4.962830154714175,103.13728162862026,4558.130471859451,0.0,0.0,0.015625,165.0
mppi_flee,mppi_direct,300.0,1800.0,0.1,0.2,5.0,5.5,10.0,10.0,10,100.0,inf,full,both,inf,180.0,0.01,0.0,0.0,256,20,3,0.5,0.1,0.99,10.0,256,20,0,128,1,4.972207585245925,5.480172337012729,103.3178318145525,5431.877123239058,0.0,0.0,0.0078125,170.0
mppi_flee,mppi_direct,300.0,1800.0,0.1,0.2,5.0,6.25,10.0,10.0,10,100.0,inf,full,both,inf,180.0,0.01,0.0,0.0,256,20,3,0.5,0.1,0.99,10.0,256,20,0,128,2,4.945121444638959,6.197345277954031,103.4304832516088,6801.9640743415375,0.0,0.0,0.015625,170.0
mppi_flee,mppi_direct,300.0,1800.0,0.1,0.2,5.0,7.5,10.0,10.0,10,100.0,inf,full,both,inf,180.0,0.01,0.0,0.0,256,20,3,0.5,0.1,0.99,10.0,256,20,0,128,1,4.972972502519558,7.461974965884864,104.13168833679109,8965.640172080533,0.0,0.0,0.0078125,160.0
mppi_flee,mppi_direct,300.0,1800.0,0.1,0.2,5.0,10.0,10.0,10.0,10,100.0,inf,full,both,inf,180.0,0.01,0.0,0.0,256,20,3,0.5,0.1,0.99,10.0,256,20,0,128,2,4.944378649759012,9.887786284669144,102.89118563147656,12738.408952052869,0.0,0.0,0.015625,165.0
mppi_flee,mppi_direct,300.0,1800.0,0.1,0.2,5.0,inf,10.0,10.0,10,100.0,inf,full,both,inf,180.0,0.01,0.0,0.0,256,20,3,0.5,0.1,0.99,10.0,256,20,0,128,2,4.945078730166374,33.73069730347092,103.633048094974,28102.110200392064,0.0,0.0,0.015625,170.0
mppi_flee,mppi_lqr,300.0,1800.0,0.1,0.025,5.0,1.25,10.0,10.0,10,100.0,inf,full,both,inf,180.0,0.01,0.0,0.0,256,20,3,0.5,0.1,0.99,10.0,256,20,0,128,128,2.631806335225154,0.5391551970655658,4.476677182579321,5.35246401931132,0.0,0.0,1.0,320.0
mppi_flee,mppi_lqr,300.0,1800.0,0.1,0.025,5.0,2.5,10.0,10.0,10,100.0,inf,full,both,inf,180.0,0.01,0.0,0.0,256,20,3,0.5,0.1,0.99,10.0,256,20,0,128,128,2.67336098076733,0.5641734072590643,4.033180133729815,5.499357617778557,0.0,0.0,1.0,325.0
mppi_flee,mppi_lqr,300.0,1800.0,0.1,0.025,5.0,3.75,10.0,10.0,10,100.0,inf,full,both,inf,180.0,0.01,0.0,0.0,256,20,3,0.5,0.1,0.99,10.0,256,20,0,128,128,2.67336098076733,0.5641734072590643,4.033180133729815,5.499357617778557,0.0,0.0,1.0,325.0
mppi_flee,mppi_lqr,300.0,1800.0,0.1,0.025,5.0,4.5,10.0,10.0,10,100.0,inf,full,both,inf,180.0,0.01,0.0,0.0,256,20,3,0.5,0.1,0.99,10.0,256,20,0,128,128,2.67336098076733,0.5641734072590643,4.033180133729815,5.499357617778557,0.0,0.0,1.0,325.0
mppi_flee,mppi_lqr,300.0,1800.0,0.1,0.025,5.0,5.0,10.0,10.0,10,100.0,inf,full,both,inf,180.0,0.01,0.0,0.0,256,20,3,0.5,0.1,0.99,10.0,256,20,0,128,128,2.67336098076733,0.5641734072590643,4.033180133729815,5.499357617778557,0.0,0.0,1.0,325.0
mppi_flee,mppi_lqr,300.0,1800.0,0.1,0.025,5.0,5.5,10.0,10.0,10,100.0,inf,full,both,inf,180.0,0.01,0.0,0.0,256,20,3,0.5,0.1,0.99,10.0,256,20,0,128,128,2.67336098076733,0.5641734072590643,4.033180133729815,5.499357617778557,0.0,0.0,1.0,325.0
mppi_flee,mppi_lqr,300.0,1800.0,0.1,0.025,5.0,6.25,10.0,10.0,10,100.0,inf,full,both,inf,180.0,0.01,0.0,0.0,256,20,3,0.5,0.1,0.99,10.0,256,20,0,128,128,2.67336098076733,0.5641734072590643,4.033180133729815,5.499357617778557,0.0,0.0,1.0,325.0
mppi_flee,mppi_lqr,300.0,1800.0,0.1,0.025,5.0,7.5,10.0,10.0,10,100.0,inf,full,both,inf,180.0,0.01,0.0,0.0,256,20,3,0.5,0.1,0.99,10.0,256,20,0,128,128,2.67336098076733,0.5641734072590643,4.033180133729815,5.499357617778557,0.0,0.0,1.0,325.0
mppi_flee,mppi_lqr,300.0,1800.0,0.1,0.025,5.0,10.0,10.0,10.0,10,100.0,inf,full,both,inf,180.0,0.01,0.0,0.0,256,20,3,0.5,0.1,0.99,10.0,256,20,0,128,128,2.67336098076733,0.5641734072590643,4.033180133729815,5.499357617778557,0.0,0.0,1.0,325.0
mppi_flee,mppi_lqr,300.0,1800.0,0.1,0.025,5.0,inf,10.0,10.0,10,100.0,inf,full,both,inf,180.0,0.01,0.0,0.0,256,20,3,0.5,0.1,0.99,10.0,256,20,0,128,128,2.67336098076733,0.5641734072590643,4.033180133729815,5.499357617778557,0.0,0.0,1.0,325.0
mppi_flee,mppi_lqr,300.0,1800.0,0.1,0.05,5.0,1.25,10.0,10.0,10,100.0,inf,full,both,inf,180.0,0.01,0.0,0.0,256,20,3,0.5,0.1,0.99,10.0,256,20,0,128,128,3.467777336051601,1.25,3.989223735064111,5.120564388836794,0.0,0.0,1.0,410.0
mppi_flee,mppi_lqr,300.0,1800.0,0.1,0.05,5.0,2.5,10.0,10.0,10,100.0,inf,full,both,inf,180.0,0.01,0.0,0.0,256,20,3,0.5,0.1,0.99,10.0,256,20,0,128,128,3.379529505109124,1.5770725484747363,6.3835147855561605,6.746247264705545,0.0,0.0,1.0,390.0
mppi_flee,mppi_lqr,300.0,1800.0,0.1,0.05,5.0,3.75,10.0,10.0,10,100.0,inf,full,both,inf,180.0,0.01,0.0,0.0,256,20,3,0.5,0.1,0.99,10.0,256,20,0,128,126,3.611893159232847,1.8503452895536296,6.864562752739537,34.63641886464184,0.0,0.0,0.984375,410.0
mppi_flee,mppi_lqr,300.0,1800.0,0.1,0.05,5.0,4.5,10.0,10.0,10,100.0,inf,full,both,inf,180.0,0.01,0.0,0.0,256,20,3,0.5,0.1,0.99,10.0,256,20,0,128,127,3.5898639390553715,1.8421093612988224,7.007709326289023,24.71282014603634,0.0,0.0,0.9921875,410.0
mppi_flee,mppi_lqr,300.0,1800.0,0.1,0.05,5.0,5.0,10.0,10.0,10,100.0,inf,full,both,inf,180.0,0.01,0.0,0.0,256,20,3,0.5,0.1,0.99,10.0,256,20,0,128,127,3.5898643495933547,1.8459968245084728,7.007735512625506,27.45540470207794,0.0,0.0,0.9921875,410.0
mppi_flee,mppi_lqr,300.0,1800.0,0.1,0.05,5.0,5.5,10.0,10.0,10,100.0,inf,full,both,inf,180.0,0.01,0.0,0.0,256,20,3,0.5,0.1,0.99,10.0,256,20,0,128,127,3.589864349398576,1.849903074509772,7.007735514685011,29.78015216498853,0.0,0.0,0.9921875,410.0
mppi_flee,mppi_lqr,300.0,1800.0,0.1,0.05,5.0,6.25,10.0,10.0,10,100.0,inf,full,both,inf,180.0,0.01,0.0,0.0,256,20,3,0.5,0.1,0.99,10.0,256,20,0,128,127,3.589864349398576,1.855762449509772,7.007735514685011,32.48434720422393,0.0,0.0,0.9921875,410.0
mppi_flee,mppi_lqr,300.0,1800.0,0.1,0.05,5.0,7.5,10.0,10.0,10,100.0,inf,full,both,inf,180.0,0.01,0.0,0.0,256,20,3,0.5,0.1,0.99,10.0,256,20,0,128,127,3.589864349398576,1.865528074509772,7.007735514685011,35.42239048939765,0.0,0.0,0.9921875,410.0
mppi_flee,mppi_lqr,300.0,1800.0,0.1,0.05,5.0,10.0,10.0,10.0,10,100.0,inf,full,both,inf,180.0,0.01,0.0,0.0,256,20,3,0.5,0.1,0.99,10.0,256,20,0,128,127,3.589864349398576,1.8733546609990408,7.007735514685011,36.197175021425366,0.0,0.0,0.9921875,410.0
mppi_flee,mppi_lqr,300.0,1800.0,0.1,0.05,5.0,inf,10.0,10.0,10,100.0,inf,full,both,inf,180.0,0.01,0.0,0.0,256,20,3,0.5,0.1,0.99,10.0,256,20,0,128,127,3.589864349398576,1.873342502774319,7.007735514685011,36.197672490166426,0.0,0.0,0.9921875,410.0
mppi_flee,mppi_lqr,300.0,1800.0,0.1,0.075,5.0,1.25,10.0,10.0,10,100.0,inf,full,both,inf,180.0,0.01,0.0,0.0,256,20,3,0.5,0.1,0.99,10.0,256,20,0,128,128,3.686377992189701,1.25,3.1052414723024664,5.058040428164661,0.0,0.0,1.0,440.0
mppi_flee,mppi_lqr,300.0,1800.0,0.1,0.075,5.0,2.5,10.0,10.0,10,100.0,inf,full,both,inf,180.0,0.01,0.0,0.0,256,20,3,0.5,0.1,0.99,10.0,256,20,0,128,128,4.7883670952368735,2.5,3.814439890754693,4.725752155499055,0.0,0.0,1.0,560.0
mppi_flee,mppi_lqr,300.0,1800.0,0.1,0.075,5.0,3.75,10.0,10.0,10,100.0,inf,full,both,inf,180.0,0.01,0.0,0.0,256,20,3,0.5,0.1,0.99,10.0,256,20,0,128,41,4.851116685882291,3.5934064525585603,46.04492678235438,1280.655952271987,0.0,0.0,0.3203125,500.0
mppi_flee,mppi_lqr,300.0,1800.0,0.1,0.075,5.0,4.5,10.0,10.0,10,100.0,inf,full,both,inf,180.0,0.01,0.0,0.0,256,20,3,0.5,0.1,0.99,10.0,256,20,0,128,22,4.909927303891859,4.294894008121803,50.65039133018447,2462.7940438144656,0.0,0.0,0.171875,480.0
mppi_flee,mppi_lqr,300.0,1800.0,0.1,0.075,5.0,5.0,10.0,10.0,10,100.0,inf,full,both,inf,180.0,0.01,0.0,0.0,256,20,3,0.5,0.1,0.99,10.0,256,20,0,128,12,4.93503220118421,4.838215715393809,53.261326932829625,3243.155076895672,0.0,0.0,0.09375,475.0
mppi_flee,mppi_lqr,300.0,1800.0,0.1,0.075,5.0,5.5,10.0,10.0,10,100.0,inf,full,both,inf,180.0,0.01,0.0,0.0,256,20,3,0.5,0.1,0.99,10.0,256,20,0,128,11,4.9434074217324735,5.311516226338223,51.93519356578467,3724.462678144318,0.0,0.0,0.0859375,480.0
mppi_flee,mppi_lqr,300.0,1800.0,0.1,0.075,5.0,6.25,10.0,10.0,10,100.0,inf,full,both,inf,180.0,0.01,0.0,0.0,256,20,3,0.5,0.1,0.99,10.0,256,20,0,128,15,4.937715570286242,5.912173136067236,51.951555472312975,4303.60567974897,0.0,0.0,0.1171875,480.0
mppi_flee,mppi_lqr,300.0,1800.0,0.1,0.075,5.0,7.5,10.0,10.0,10,100.0,inf,full,both,inf,180.0,0.01,0.0,0.0,256,20,3,0.5,0.1,0.99,10.0,256,20,0,128,12,4.942220717882268,7.106532979232051,52.28714537203353,5440.796264560406,0.0,0.0,0.09375,475.0
mppi_flee,mppi_lqr,300.0,1800.0,0.1,0.075,5.0,10.0,10.0,10.0,10,100.0,inf,full,both,inf,180.0,0.01,0.0,0.0,256,20,3,0.5,0.1,0.99,10.0,256,20,0,128,12,4.942220715467105,9.37215787777538,52.28638625354453,6724.249399521063,0.0,0.0,0.09375,475.0
mppi_flee,mppi_lqr,300.0,1800.0,0.1,0.075,5.0,inf,10.0,10.0,10,100.0,inf,full,both,inf,180.0,0.01,0.0,0.0,256,20,3,0.5,0.1,0.99,10.0,256,20,0,128,12,4.942220715467105,11.95868147113703,52.28638625354453,7186.983220759458,0.0,0.0,0.09375,475.0
mppi_flee,mppi_lqr,300.0,1800.0,0.1,0.09,5.0,1.25,10.0,10.0,10,100.0,inf,full,both,inf,180.0,0.01,0.0,0.0,256,20,3,0.5,0.1,0.99,10.0,256,20,0,128,128,3.7655696883189407,1.25,3.150595796533772,5.114965455186409,0.0,0.0,1.0,450.0
mppi_flee,mppi_lqr,300.0,1800.0,0.1,0.09,5.0,2.5,10.0,10.0,10,100.0,inf,full,both,inf,180.0,0.01,0.0,0.0,256,20,3,0.5,0.1,0.99,10.0,256,20,0,128,128,4.9354172004358645,2.5,3.719674260348683,4.624719171037225,0.0,0.0,1.0,600.0
mppi_flee,mppi_lqr,300.0,1800.0,0.1,0.09,5.0,3.75,10.0,10.0,10,100.0,inf,full,both,inf,180.0,0.01,0.0,0.0,256,20,3,0.5,0.1,0.99,10.0,256,20,0,128,11,5.0,3.75,168.14241170628696,713.1506054600562,0.0,0.0,0.0859375,810.0
mppi_flee,mppi_lqr,300.0,1800.0,0.1,0.09,5.0,4.5,10.0,10.0,10,100.0,inf,full,both,inf,180.0,0.01,0.0,0.0,256,20,3,0.5,0.1,0.99,10.0,256,20,0,128,0,5.0,4.5,223.1728631562567,1977.9382632400973,0.0,0.0,0.0,
mppi_flee,mppi_lqr,300.0,1800.0,0.1,0.09,5.0,5.0,10.0,10.0,10,100.0,inf,full,both,inf,180.0,0.01,0.0,0.0,256,20,3,0.5,0.1,0.99,10.0,256,20,0,128,0,5.0,5.0,220.99831060195035,2791.8913338848606,0.0,0.0,0.0,
mppi_flee,mppi_lqr,300.0,1800.0,0.1,0.09,5.0,5.5,10.0,10.0,10,100.0,inf,full,both,inf,180.0,0.01,0.0,0.0,256,20,3,0.5,0.1,0.99,10.0,256,20,0,128,0,5.0,5.5,213.3632609115957,3527.7436743810263,0.0,0.0,0.0,
mppi_flee,mppi_lqr,300.0,1800.0,0.1,0.09,5.0,6.25,10.0,10.0,10,100.0,inf,full,both,inf,180.0,0.01,0.0,0.0,256,20,3,0.5,0.1,0.99,10.0,256,20,0,128,0,5.0,6.25,207.39635528047495,4503.183442306715,0.0,0.0,0.0,
mppi_flee,mppi_lqr,300.0,1800.0,0.1,0.09,5.0,7.5,10.0,10.0,10,100.0,inf,full,both,inf,180.0,0.01,0.0,0.0,256,20,3,0.5,0.1,0.99,10.0,256,20,0,128,0,5.0,7.5,206.1008528268024,5874.41615603214,0.0,0.0,0.0,
mppi_flee,mppi_lqr,300.0,1800.0,0.1,0.09,5.0,10.0,10.0,10.0,10,100.0,inf,full,both,inf,180.0,0.01,0.0,0.0,256,20,3,0.5,0.1,0.99,10.0,256,20,0,128,0,5.0,10.0,206.19038053594667,7919.587192206917,0.0,0.0,0.0,
mppi_flee,mppi_lqr,300.0,1800.0,0.1,0.09,5.0,inf,10.0,10.0,10,100.0,inf,full,both,inf,180.0,0.01,0.0,0.0,256,20,3,0.5,0.1,0.99,10.0,256,20,0,128,0,5.0,15.466595863488172,206.19038057331625,9559.343429577588,0.0,0.0,0.0,
mppi_flee,mppi_lqr,300.0,1800.0,0.1,0.1,5.0,1.25,10.0,10.0,10,100.0,inf,full,both,inf,180.0,0.01,0.0,0.0,256,20,3,0.5,0.1,0.99,10.0,256,20,0,128,128,3.7657107691052807,1.25,2.970640288861419,4.627147984481047,0.0,0.0,1.0,450.0
mppi_flee,mppi_lqr,300.0,1800.0,0.1,0.1,5.0,2.5,10.0,10.0,10,100.0,inf,full,both,inf,180.0,0.01,0.0,0.0,256,20,3,0.5,0.1,0.99,10.0,256,20,0,128,128,4.954821703392483,2.4964119023091733,3.8944750751857504,4.853384058826324,0.0,0.0,1.0,610.0
mppi_flee,mppi_lqr,300.0,1800.0,0.1,0.1,5.0,3.75,10.0,10.0,10,100.0,inf,full,both,inf,180.0,0.01,0.0,0.0,256,20,3,0.5,0.1,0.99,10.0,256,20,0,128,19,5.0,3.75,155.78260024122818,573.6066653042051,0.0,0.0,0.1484375,910.0
mppi_flee,mppi_lqr,300.0,1800.0,0.1,0.1,5.0,4.5,10.0,10.0,10,100.0,inf,full,both,inf,180.0,0.01,0.0,0.0,256,20,3,0.5,0.1,0.99,10.0,256,20,0,128,0,5.0,4.5,284.40831869490984,1783.1719580283384,0.0,0.0,0.0,
mppi_flee,mppi_lqr,300.0,1800.0,0.1,0.1,5.0,5.0,10.0,10.0,10,100.0,inf,full,both,inf,180.0,0.01,0.0,0.0,256,20,3,0.5,0.1,0.99,10.0,256,20,0,128,0,5.0,5.0,284.90233113367003,2671.760893431725,0.0,0.0,0.0,
mppi_flee,mppi_lqr,300.0,1800.0,0.1,0.1,5.0,5.5,10.0,10.0,10,100.0,inf,full,both,inf,180.0,0.01,0.0,0.0,256,20,3,0.5,0.1,0.99,10.0,256,20,0,128,0,5.0,5.5,283.5770568727926,3434.2702326247027,0.0,0.0,0.0,
mppi_flee,mppi_lqr,300.0,1800.0,0.1,0.1,5.0,6.25,10.0,10.0,10,100.0,inf,full,both,inf,180.0,0.01,0.0,0.0,256,20,3,0.5,0.1,0.99,10.0,256,20,0,128,0,5.0,6.25,281.68840736971094,4494.9828664418455,0.0,0.0,0.0,
mppi_flee,mppi_lqr,300.0,1800.0,0.1,0.1,5.0,7.5,10.0,10.0,10,100.0,inf,full,both,inf,180.0,0.01,0.0,0.0,256,20,3,0.5,0.1,0.99,10.0,256,20,0,128,0,5.0,7.5,280.6413973084848,6108.440887233154,0.0,0.0,0.0,
mppi_flee,mppi_lqr,300.0,1800.0,0.1,0.1,5.0,10.0,10.0,10.0,10,100.0,inf,full,both,inf,180.0,0.01,0.0,0.0,256,20,3,0.5,0.1,0.99,10.0,256,20,0,128,0,5.0,10.0,280.4941881316251,8544.710157032681,0.0,0.0,0.0,
mppi_flee,mppi_lqr,300.0,1800.0,0.1,0.1,5.0,inf,10.0,10.0,10,100.0,inf,full,both,inf,180.0,0.01,0.0,0.0,256,20,3,0.5,0.1,0.99,10.0,256,20,0,128,0,5.0,17.196848220253152,280.49418430956126,11172.889692653142,0.0,0.0,0.0,
mppi_flee,mppi_lqr,300.0,1800.0,0.1,0.11,5.0,1.25,10.0,10.0,10,100.0,inf,full,both,inf,180.0,0.01,0.0,0.0,256,20,3,0.5,0.1,0.99,10.0,256,20,0,128,128,3.808799207952901,1.25,3.163707740525899,5.459813301593978,0.0,0.0,1.0,450.0
mppi_flee,mppi_lqr,300.0,1800.0,0.1,0.11,5.0,2.5,10.0,10.0,10,100.0,inf,full,both,inf,180.0,0.01,0.0,0.0,256,20,3,0.5,0.1,0.99,10.0,256,20,0,128,128,4.98613319296951,2.5,3.471188899437592,4.348477805314426,0.0,0.0,1.0,620.0
mppi_flee,mppi_lqr,300.0,1800.0,0.1,0.11,5.0,3.75,10.0,10.0,10,100.0,inf,full,both,inf,180.0,0.01,0.0,0.0,256,20,3,0.5,0.1,0.99,10.0,256,20,0,128,30,5.0,3.75,150.19601548112732,536.5472145616501,0.0,0.0,0.234375,915.0
mppi_flee,mppi_lqr,300.0,1800.0,0.1,0.11,5.0,4.5,10.0,10.0,10,100.0,inf,full,both,inf,180.0,0.01,0.0,0.0,256,20,3,0.5,0.1,0.99,10.0,256,20,0,128,0,5.0,4.5,295.0610926570761,1714.2026249757964,0.0,0.0,0.0,
mppi_flee,mppi_lqr,300.0,1800.0,0.1,0.11,5.0,5.0,10.0,10.0,10,100.0,inf,full,both,inf,180.0,0.01,0.0,0.0,256,20,3,0.5,0.1,0.99,10.0,256,20,0,128,0,5.0,5.0,297.24219372884414,2633.8745393347904,0.0,0.0,0.0,
mppi_flee,mppi_lqr,300.0,1800.0,0.1,0.11,5.0,5.5,10.0,10.0,10,100.0,inf,full,both,inf,180.0,0.01,0.0,0.0,256,20,3,0.5,0.1,0.99,10.0,256,20,0,128,0,5.0,5.5,296.3977992356379,3468.4747926497894,0.0,0.0,0.0,
mppi_flee,mppi_lqr,300.0,1800.0,0.1,0.11,5.0,6.25,10.0,10.0,10,100.0,inf,full,both,inf,180.0,0.01,0.0,0.0,256,20,3,0.5,0.1,0.99,10.0,256,20,0,128,0,5.0,6.25,296.909730386242,4633.445287811698,0.0,0.0,0.0,
mppi_flee,mppi_lqr,300.0,1800.0,0.1,0.11,5.0,7.5,10.0,10.0,10,100.0,inf,full,both,inf,180.0,0.01,0.0,0.0,256,20,3,0.5,0.1,0.99,10.0,256,20,0,128,0,5.0,7.5,296.78115520503064,6374.333449176477,0.0,0.0,0.0,
mppi_flee,mppi_lqr,300.0,1800.0,0.1,0.11,5.0,10.0,10.0,10.0,10,100.0,inf,full,both,inf,180.0,0.01,0.0,0.0,256,20,3,0.5,0.1,0.99,10.0,256,20,0,128,0,5.0,10.0,296.7628515782418,9096.194724929775,0.0,0.0,0.0,
mppi_flee,mppi_lqr,300.0,1800.0,0.1,0.11,5.0,inf,10.0,10.0,10,100.0,inf,full,both,inf,180.0,0.01,0.0,0.0,256,20,3,0.5,0.1,0.99,10.0,256,20,0,128,0,5.0,18.909060094999,296.7628612225214,12837.359017635095,0.0,0.0,0.0,
mppi_flee,mppi_lqr,300.0,1800.0,0.1,0.125,5.0,1.25,10.0,10.0,10,100.0,inf,full,both,inf,180.0,0.01,0.0,0.0,256,20,3,0.5,0.1,0.99,10.0,256,20,0,128,128,3.814478431801258,1.25,3.521197230910148,5.1860259850422885,0.0,0.0,1.0,450.0
mppi_flee,mppi_lqr,300.0,1800.0,0.1,0.125,5.0,2.5,10.0,10.0,10,100.0,inf,full,both,inf,180.0,0.01,0.0,0.0,256,20,3,0.5,0.1,0.99,10.0,256,20,0,128,128,4.991328615657357,2.5,3.5213995387647508,4.994577449475981,0.0,0.0,1.0,640.0
mppi_flee,mppi_lqr,300.0,1800.0,0.1,0.125,5.0,3.75,10.0,10.0,10,100.0,inf,full,both,inf,180.0,0.01,0.0,0.0,256,20,3,0.5,0.1,0.99,10.0,256,20,0,128,31,5.0,3.75,170.09768326484118,586.6285486219458,0.0,0.0,0.2421875,940.0
mppi_flee,mppi_lqr,300.0,1800.0,0.1,0.125,5.0,4.5,10.0,10.0,10,100.0,inf,full,both,inf,180.0,0.01,0.0,0.0,256,20,3,0.5,0.1,0.99,10.0,256,20,0,128,0,5.0,4.5,296.19713773187686,1706.445232698156,0.0,0.0,0.0,
mppi_flee,mppi_lqr,300.0,1800.0,0.1,0.125,5.0,5.0,10.0,10.0,10,100.0,inf,full,both,inf,180.0,0.01,0.0,0.0,256,20,3,0.5,0.1,0.99,10.0,256,20,0,128,0,5.0,5.0,299.34989887761094,2600.3060236206534,0.0,0.0,0.0,
mppi_flee,mppi_lqr,300.0,1800.0,0.1,0.125,5.0,5.5,10.0,10.0,10,100.0,inf,full,both,inf,180.0,0.01,0.0,0.0,256,20,3,0.5,0.1,0.99,10.0,256,20,0,128,0,5.0,5.5,299.17177713617025,3582.4289386426003,0.0,0.0,0.0,
mppi_flee,mppi_lqr,300.0,1800.0,0.1,0.125,5.0,6.25,10.0,10.0,10,100.0,inf,full,both,inf,180.0,0.01,0.0,0.0,256,20,3,0.5,0.1,0.99,10.0,256,20,0,128,0,5.0,6.25,298.92088102474656,4888.26512700212,0.0,0.0,0.0,
mppi_flee,mppi_lqr,300.0,1800.0,0.1,0.125,5.0,7.5,10.0,10.0,10,100.0,inf,full,both,inf,180.0,0.01,0.0,0.0,256,20,3,0.5,0.1,0.99,10.0,256,20,0,128,0,5.0,7.5,298.96867959100234,6729.816058303996,0.0,0.0,0.0,
mppi_flee,mppi_lqr,300.0,1800.0,0.1,0.125,5.0,10.0,10.0,10.0,10,100.0,inf,full,both,inf,180.0,0.01,0.0,0.0,256,20,3,0.5,0.1,0.99,10.0,256,20,0,128,0,5.0,10.0,298.9640359206443,9780.582791468434,0.0,0.0,0.0,
mppi_flee,mppi_lqr,300.0,1800.0,0.1,0.125,5.0,inf,10.0,10.0,10,100.0,inf,full,both,inf,180.0,0.01,0.0,0.0,256,20,3,0.5,0.1,0.99,10.0,256,20,0,128,0,5.0,21.48747727848228,298.9640359206044,15287.259009638676,0.0,0.0,0.0,
mppi_flee,mppi_lqr,300.0,1800.0,0.1,0.15,5.0,1.25,10.0,10.0,10,100.0,inf,full,both,inf,180.0,0.01,0.0,0.0,256,20,3,0.5,0.1,0.99,10.0,256,20,0,128,128,3.87629056506706,1.25,3.5368361106185104,5.416946543904935,0.0,0.0,1.0,460.0
mppi_flee,mppi_lqr,300.0,1800.0,0.1,0.15,5.0,2.5,10.0,10.0,10,100.0,inf,full,both,inf,180.0,0.01,0.0,0.0,256,20,3,0.5,0.1,0.99,10.0,256,20,0,128,128,4.99742142682078,2.5,3.1670548988040617,4.534256323743028,0.0,0.0,1.0,660.0
mppi_flee,mppi_lqr,300.0,1800.0,0.1,0.15,5.0,3.75,10.0,10.0,10,100.0,inf,full,both,inf,180.0,0.01,0.0,0.0,256,20,3,0.5,0.1,0.99,10.0,256,20,0,128,30,5.0,3.75,185.24119296055264,695.1940705114048,0.0,0.0,0.234375,1000.0
mppi_flee,mppi_lqr,300.0,1800.0,0.1,0.15,5.0,4.5,10.0,10.0,10,100.0,inf,full,both,inf,180.0,0.01,0.0,0.0,256,20,3,0.5,0.1,0.99,10.0,256,20,0,128,0,5.0,4.5,286.07708781380546,1872.5253150474948,0.0,0.0,0.0,
mppi_flee,mppi_lqr,300.0,1800.0,0.1,0.15,5.0,5.0,10.0,10.0,10,100.0,inf,full,both,inf,180.0,0.01,0.0,0.0,256,20,3,0.5,0.1,0.99,10.0,256,20,0,128,0,5.0,5.0,298.53236757303364,2808.58662386936,0.0,0.0,0.0,
mppi_flee,mppi_lqr,300.0,1800.0,0.1,0.15,5.0,5.5,10.0,10.0,10,100.0,inf,full,both,inf,180.0,0.01,0.0,0.0,256,20,3,0.5,0.1,0.99,10.0,256,20,0,128,0,5.0,5.5,298.72254251481456,3745.014677242886,0.0,0.0,0.0,
mppi_flee,mppi_lqr,300.0,1800.0,0.1,0.15,5.0,6.25,10.0,10.0,10,100.0,inf,full,both,inf,180.0,0.01,0.0,0.0,256,20,3,0.5,0.1,0.99,10.0,256,20,0,128,0,5.0,6.25,298.49573797263827,5056.496922868618,0.0,0.0,0.0,
mppi_flee,mppi_lqr,300.0,1800.0,0.1,0.15,5.0,7.5,10.0,10.0,10,100.0,inf,full,both,inf,180.0,0.01,0.0,0.0,256,20,3,0.5,0.1,0.99,10.0,256,20,0,128,0,5.0,7.5,298.370660239343,7241.727462126062,0.0,0.0,0.0,
mppi_flee,mppi_lqr,300.0,1800.0,0.1,0.15,5.0,10.0,10.0,10.0,10,100.0,inf,full,both,inf,180.0,0.01,0.0,0.0,256,20,3,0.5,0.1,0.99,10.0,256,20,0,128,0,5.0,10.0,298.3805969906944,10783.584325340213,0.0,0.0,0.0,
mppi_flee,mppi_lqr,300.0,1800.0,0.1,0.15,5.0,inf,10.0,10.0,10,100.0,inf,full,both,inf,180.0,0.01,0.0,0.0,256,20,3,0.5,0.1,0.99,10.0,256,20,0,128,0,5.0,25.767711410287045,298.38057328167463,19676.304653003877,0.0,0.0,0.0,
mppi_flee,mppi_lqr,300.0,1800.0,0.1,0.2,5.0,1.25,10.0,10.0,10,100.0,inf,full,both,inf,180.0,0.01,0.0,0.0,256,20,3,0.5,0.1,0.99,10.0,256,20,0,128,128,3.900959186310528,1.25,3.561565951204018,5.65324426746879,0.0,0.0,1.0,460.0
mppi_flee,mppi_lqr,300.0,1800.0,0.1,0.2,5.0,2.5,10.0,10.0,10,100.0,inf,full,both,inf,180.0,0.01,0.0,0.0,256,20,3,0.5,0.1,0.99,10.0,256,20,0,128,128,5.0,2.5,3.4436074409870017,4.697296021229298,0.0,0.0,1.0,700.0
mppi_flee,mppi_lqr,300.0,1800.0,0.1,0.2,5.0,3.75,10.0,10.0,10,100.0,inf,full,both,inf,180.0,0.01,0.0,0.0,256,20,3,0.5,0.1,0.99,10.0,256,20,0,128,20,5.0,3.75,219.48838142935932,916.300588986753,0.0,0.0,0.15625,1030.0
mppi_flee,mppi_lqr,300.0,1800.0,0.1,0.2,5.0,4.5,10.0,10.0,10,100.0,inf,full,both,inf,180.0,0.01,0.0,0.0,256,20,3,0.5,0.1,0.99,10.0,256,20,0,128,0,5.0,4.5,293.8562589128368,2222.825170017124,0.0,0.0,0.0,
mppi_flee,mppi_lqr,300.0,1800.0,0.1,0.2,5.0,5.0,10.0,10.0,10,100.0,inf,full,both,inf,180.0,0.01,0.0,0.0,256,20,3,0.5,0.1,0.99,10.0,256,20,0,128,0,5.0,5.0,297.44611815249795,3247.5147626986054,0.0,0.0,0.0,
mppi_flee,mppi_lqr,300.0,1800.0,0.1,0.2,5.0,5.5,10.0,10.0,10,100.0,inf,full,both,inf,180.0,0.01,0.0,0.0,256,20,3,0.5,0.1,0.99,10.0,256,20,0,128,0,5.0,5.5,295.36329980028063,4227.068632940996,0.0,0.0,0.0,
mppi_flee,mppi_lqr,300.0,1800.0,0.1,0.2,5.0,6.25,10.0,10.0,10,100.0,inf,full,both,inf,180.0,0.01,0.0,0.0,256,20,3,0.5,0.1,0.99,10.0,256,20,0,128,0,5.0,6.25,295.0675506902448,5849.050255125746,0.0,0.0,0.0,
mppi_flee,mppi_lqr,300.0,1800.0,0.1,0.2,5.0,7.5,10.0,10.0,10,100.0,inf,full,both,inf,180.0,0.01,0.0,0.0,256,20,3,0.5,0.1,0.99,10.0,256,20,0,128,0,5.0,7.5,295.3726569961824,7706.034050910511,0.0,0.0,0.0,
mppi_flee,mppi_lqr,300.0,1800.0,0.1,0.2,5.0,10.0,10.0,10.0,10,100.0,inf,full,both,inf,180.0,0.01,0.0,0.0,256,20,3,0.5,0.1,0.99,10.0,256,20,0,128,0,5.0,10.0,293.16030279310365,12044.987213426484,0.0,0.0,0.0,
mppi_flee,mppi_lqr,300.0,1800.0,0.1,0.2,5.0,inf,10.0,10.0,10,100.0,inf,full,both,inf,180.0,0.01,0.0,0.0,256,20,3,0.5,0.1,0.99,10.0,256,20,0,128,0,5.0,34.33664789665818,293.0246874134685,28334.1410496471,0.0,0.0,0.0,
mppi_flee,random,300.0,1800.0,0.1,0.025,5.0,1.25,10.0,10.0,10,100.0,inf,full,both,inf,180.0,0.01,0.0,0.0,256,20,3,0.5,0.1,0.99,10.0,256,20,0,128,128,2.353754819223486,0.544797003004752,3.8111198708959217,5.856774835443034,0.0,0.0,1.0,290.0
mppi_flee,random,300.0,1800.0,0.1,0.025,5.0,2.5,10.0,10.0,10,100.0,inf,full,both,inf,180.0,0.01,0.0,0.0,256,20,3,0.5,0.1,0.99,10.0,256,20,0,128,128,2.3505477314804297,0.5450527452994411,3.723400661084426,5.796577359955192,0.0,0.0,1.0,290.0
mppi_flee,random,300.0,1800.0,0.1,0.025,5.0,3.75,10.0,10.0,10,100.0,inf,full,both,inf,180.0,0.01,0.0,0.0,256,20,3,0.5,0.1,0.99,10.0,256,20,0,128,128,2.3505477314804297,0.5450527452994411,3.723400661084426,5.796577359955192,0.0,0.0,1.0,290.0
mppi_flee,random,300.0,1800.0,0.1,0.025,5.0,4.5,10.0,10.0,10,100.0,inf,full,both,inf,180.0,0.01,0.0,0.0,256,20,3,0.5,0.1,0.99,10.0,256,20,0,128,128,2.3505477314804297,0.5450527452994411,3.723400661084426,5.796577359955192,0.0,0.0,1.0,290.0
mppi_flee,random,300.0,1800.0,0.1,0.025,5.0,5.0,10.0,10.0,10,100.0,inf,full,both,inf,180.0,0.01,0.0,0.0,256,20,3,0.5,0.1,0.99,10.0,256,20,0,128,128,2.3505477314804297,0.5450527452994411,3.723400661084426,5.796577359955192,0.0,0.0,1.0,290.0
mppi_flee,random,300.0,1800.0,0.1,0.025,5.0,5.5,10.0,10.0,10,100.0,inf,full,both,inf,180.0,0.01,0.0,0.0,256,20,3,0.5,0.1,0.99,10.0,256,20,0,128,128,2.3505477314804297,0.5450527452994411,3.723400661084426,5.796577359955192,0.0,0.0,1.0,290.0
mppi_flee,random,300.0,1800.0,0.1,0.025,5.0,6.25,10.0,10.0,10,100.0,inf,full,both,inf,180.0,0.01,0.0,0.0,256,20,3,0.5,0.1,0.99,10.0,256,20,0,128,128,2.3505477314804297,0.5450527452994411,3.723400661084426,5.796577359955192,0.0,0.0,1.0,290.0
mppi_flee,random,300.0,1800.0,0.1,0.025,5.0,7.5,10.0,10.0,10,100.0,inf,full,both,inf,180.0,0.01,0.0,0.0,256,20,3,0.5,0.1,0.99,10.0,256,20,0,128,128,2.3505477314804297,0.5450527452994411,3.723400661084426,5.796577359955192,0.0,0.0,1.0,290.0
mppi_flee,random,300.0,1800.0,0.1,0.025,5.0,10.0,10.0,10.0,10,100.0,inf,full,both,inf,180.0,0.01,0.0,0.0,256,20,3,0.5,0.1,0.99,10.0,256,20,0,128,128,2.3505477314804297,0.5450527452994411,3.723400661084426,5.796577359955192,0.0,0.0,1.0,290.0
mppi_flee,random,300.0,1800.0,0.1,0.025,5.0,inf,10.0,10.0,10,100.0,inf,full,both,inf,180.0,0.01,0.0,0.0,256,20,3,0.5,0.1,0.99,10.0,256,20,0,128,128,2.3505477314804297,0.5450527452994411,3.723400661084426,5.796577359955192,0.0,0.0,1.0,290.0
mppi_flee,random,300.0,1800.0,0.1,0.05,5.0,1.25,10.0,10.0,10,100.0,inf,full,both,inf,180.0,0.01,0.0,0.0,256,20,3,0.5,0.1,0.99,10.0,256,20,0,128,128,2.3866937875513914,1.0739465948142926,3.9573600861431655,6.047679290219777,0.0,0.0,1.0,280.0
mppi_flee,random,300.0,1800.0,0.1,0.05,5.0,2.5,10.0,10.0,10,100.0,inf,full,both,inf,180.0,0.01,0.0,0.0,256,20,3,0.5,0.1,0.99,10.0,256,20,0,128,128,2.3901001271158164,1.0779877649806011,4.041111080939154,5.971710377264087,0.0,0.0,1.0,290.0
mppi_flee,random,300.0,1800.0,0.1,0.05,5.0,3.75,10.0,10.0,10,100.0,inf,full,both,inf,180.0,0.01,0.0,0.0,256,20,3,0.5,0.1,0.99,10.0,256,20,0,128,128,2.3934076390414387,1.0806277317182582,3.879866342153975,6.059401506963229,0.0,0.0,1.0,290.0
mppi_flee,random,300.0,1800.0,0.1,0.05,5.0,4.5,10.0,10.0,10,100.0,inf,full,both,inf,180.0,0.01,0.0,0.0,256,20,3,0.5,0.1,0.99,10.0,256,20,0,128,128,2.39340696341907,1.0806277317182582,3.8798900268411183,6.059406401119847,0.0,0.0,1.0,290.0
mppi_flee,random,300.0,1800.0,0.1,0.05,5.0,5.0,10.0,10.0,10,100.0,inf,full,both,inf,180.0,0.01,0.0,0.0,256,20,3,0.5,0.1,0.99,10.0,256,20,0,128,128,2.39340696341907,1.0806277317182582,3.8798900268411183,6.059406401119847,0.0,0.0,1.0,290.0
mppi_flee,random,300.0,1800.0,0.1,0.05,5.0,5.5,10.0,10.0,10,100.0,inf,full,both,inf,180.0,0.01,0.0,0.0,256,20,3,0.5,0.1,0.99,10.0,256,20,0,128,128,2.39340696341907,1.0806277317182582,3.8798900268411183,6.059406401119847,0.0,0.0,1.0,290.0
mppi_flee,random,300.0,1800.0,0.1,0.05,5.0,6.25,10.0,10.0,10,100.0,inf,full,both,inf,180.0,0.01,0.0,0.0,256,20,3,0.5,0.1,0.99,10.0,256,20,0,128,128,2.39340696341907,1.0806277317182582,3.8798900268411183,6.059406401119847,0.0,0.0,1.0,290.0
mppi_flee,random,300.0,1800.0,0.1,0.05,5.0,7.5,10.0,10.0,10,100.0,inf,full,both,inf,180.0,0.01,0.0,0.0,256,20,3,0.5,0.1,0.99,10.0,256,20,0,128,128,2.39340696341907,1.0806277317182582,3.8798900268411183,6.059406401119847,0.0,0.0,1.0,290.0
mppi_flee,random,300.0,1800.0,0.1,0.05,5.0,10.0,10.0,10.0,10,100.0,inf,full,both,inf,180.0,0.01,0.0,0.0,256,20,3,0.5,0.1,0.99,10.0,256,20,0,128,128,2.39340696341907,1.0806277317182582,3.8798900268411183,6.059406401119847,0.0,0.0,1.0,290.0
mppi_flee,random,300.0,1800.0,0.1,0.05,5.0,inf,10.0,10.0,10,100.0,inf,full,both,inf,180.0,0.01,0.0,0.0,256,20,3,0.5,0.1,0.99,10.0,256,20,0,128,128,2.39340696341907,1.0806277317182582,3.8798900268411183,6.059406401119847,0.0,0.0,1.0,290.0
mppi_flee,random,300.0,1800.0,0.1,0.075,5.0,1.25,10.0,10.0,10,100.0,inf,full,both,inf,180.0,0.01,0.0,0.0,256,20,3,0.5,0.1,0.99,10.0,256,20,0,128,128,2.376766831032961,1.25,4.2109096890457485,5.737353417707617,0.0,0.0,1.0,285.0
mppi_flee,random,300.0,1800.0,0.1,0.075,5.0,2.5,10.0,10.0,10,100.0,inf,full,both,inf,180.0,0.01,0.0,0.0,256,20,3,0.5,0.1,0.99,10.0,256,20,0,128,128,2.400991834184,1.5800707611468836,4.636477067042542,6.550069596440021,0.0,0.0,1.0,280.0
mppi_flee,random,300.0,1800.0,0.1,0.075,5.0,3.75,10.0,10.0,10,100.0,inf,full,both,inf,180.0,0.01,0.0,0.0,256,20,3,0.5,0.1,0.99,10.0,256,20,0,128,128,2.4374593663867588,1.6003205880693594,4.912590210755668,6.473556085084198,0.0,0.0,1.0,280.0
mppi_flee,random,300.0,1800.0,0.1,0.075,5.0,4.5,10.0,10.0,10,100.0,inf,full,both,inf,180.0,0.01,0.0,0.0,256,20,3,0.5,0.1,0.99,10.0,256,20,0,128,128,2.4333650886599627,1.5977489931801612,5.23668445680346,6.506509946140617,0.0,0.0,1.0,280.0
mppi_flee,random,300.0,1800.0,0.1,0.075,5.0,5.0,10.0,10.0,10,100.0,inf,full,both,inf,180.0,0.01,0.0,0.0,256,20,3,0.5,0.1,0.99,10.0,256,20,0,128,128,2.4336371909236094,1.5977489931801612,5.237567400919684,6.504024289819825,0.0,0.0,1.0,280.0
mppi_flee,random,300.0,1800.0,0.1,0.075,5.0,5.5,10.0,10.0,10,100.0,inf,full,both,inf,180.0,0.01,0.0,0.0,256,20,3,0.5,0.1,0.99,10.0,256,20,0,128,128,2.433636173159372,1.5977489931801612,5.238454817250137,6.504166477846594,0.0,0.0,1.0,280.0
mppi_flee,random,300.0,1800.0,0.1,0.075,5.0,6.25,10.0,10.0,10,100.0,inf,full,both,inf,180.0,0.01,0.0,0.0,256,20,3,0.5,0.1,0.99,10.0,256,20,0,128,128,2.4336361339075907,1.5977489931801612,5.238509049980821,6.504164752698571,0.0,0.0,1.0,280.0
mppi_flee,random,300.0,1800.0,0.1,0.075,5.0,7.5,10.0,10.0,10,100.0,inf,full,both,inf,180.0,0.01,0.0,0.0,256,20,3,0.5,0.1,0.99,10.0,256,20,0,128,128,2.433636133892403,1.5977489931801612,5.238509050127192,6.504164752049971,0.0,0.0,1.0,280.0
mppi_flee,random,300.0,1800.0,0.1,0.075,5.0,10.0,10.0,10.0,10,100.0,inf,full,both,inf,180.0,0.01,0.0,0.0,256,20,3,0.5,0.1,0.99,10.0,256,20,0,128,128,2.433636133892403,1.5977489931801612,5.238509050127192,6.504164752049971,0.0,0.0,1.0,280.0
mppi_flee,random,300.0,1800.0,0.1,0.075,5.0,inf,10.0,10.0,10,100.0,inf,full,both,inf,180.0,0.01,0.0,0.0,256,20,3,0.5,0.1,0.99,10.0,256,20,0,128,128,2.433636133892403,1.5977489931801612,5.238509050127192,6.504164752049971,0.0,0.0,1.0,280.0
mppi_flee,random,300.0,1800.0,0.1,0.09,5.0,1.25,10.0,10.0,10,100.0,inf,full,both,inf,180.0,0.01,0.0,0.0,256,20,3,0.5,0.1,0.99,10.0,256,20,0,128,128,2.374821735762997,1.25,3.02332920837559,5.081997250665051,0.0,0.0,1.0,290.0
mppi_flee,random,300.0,1800.0,0.1,0.09,5.0,2.5,10.0,10.0,10,100.0,inf,full,both,inf,180.0,0.01,0.0,0.0,256,20,3,0.5,0.1,0.99,10.0,256,20,0,128,128,2.4548049092380086,1.9076924969756213,5.012283211688212,6.765766957448108,0.0,0.0,1.0,280.0
mppi_flee,random,300.0,1800.0,0.1,0.09,5.0,3.75,10.0,10.0,10,100.0,inf,full,both,inf,180.0,0.01,0.0,0.0,256,20,3,0.5,0.1,0.99,10.0,256,20,0,128,128,2.499567325810858,1.9352339520492168,5.1506423137443855,6.640716090248459,0.0,0.0,1.0,280.0
mppi_flee,random,300.0,1800.0,0.1,0.09,5.0,4.5,10.0,10.0,10,100.0,inf,full,both,inf,180.0,0.01,0.0,0.0,256,20,3,0.5,0.1,0.99,10.0,256,20,0,128,128,2.5083104441638877,1.9472870406493623,5.135947781644442,6.633829503182836,0.0,0.0,1.0,280.0
mppi_flee,random,300.0,1800.0,0.1,0.09,5.0,5.0,10.0,10.0,10,100.0,inf,full,both,inf,180.0,0.01,0.0,0.0,256,20,3,0.5,0.1,0.99,10.0,256,20,0,128,128,2.5149438033805307,1.9564368411398565,5.359376195151537,6.720369404259315,0.0,0.0,1.0,280.0
mppi_flee,random,300.0,1800.0,0.1,0.09,5.0,5.5,10.0,10.0,10,100.0,inf,full,both,inf,180.0,0.01,0.0,0.0,256,20,3,0.5,0.1,0.99,10.0,256,20,0,128,128,2.506781368502637,1.946553967595682,5.272847320848114,6.696960137085968,0.0,0.0,1.0,280.0
mppi_flee,random,300.0,1800.0,0.1,0.09,5.0,6.25,10.0,10.0,10,100.0,inf,full,both,inf,180.0,0.01,0.0,0.0,256,20,3,0.5,0.1,0.99,10.0,256,20,0,128,128,2.5070557248988603,1.947180428097087,5.2306267826479935,6.655652251061688,0.0,0.0,1.0,280.0
mppi_flee,random,300.0,1800.0,0.1,0.09,5.0,7.5,10.0,10.0,10,100.0,inf,full,both,inf,180.0,0.01,0.0,0.0,256,20,3,0.5,0.1,0.99,10.0,256,20,0,128,128,2.5070631665071743,1.947180428097087,5.230737268270306,6.656296943782694,0.0,0.0,1.0,280.0
mppi_flee,random,300.0,1800.0,0.1,0.09,5.0,10.0,10.0,10.0,10,100.0,inf,full,both,inf,180.0,0.01,0.0,0.0,256,20,3,0.5,0.1,0.99,10.0,256,20,0,128,128,2.5070631664110365,1.947180428097087,5.2307264260236925,6.656286101319471,0.0,0.0,1.0,280.0
mppi_flee,random,300.0,1800.0,0.1,0.09,5.0,inf,10.0,10.0,10,100.0,inf,full,both,inf,180.0,0.01,0.0,0.0,256,20,3,0.5,0.1,0.99,10.0,256,20,0,128,128,2.5070631664110365,1.947180428097087,5.2307264260236925,6.656286101319471,0.0,0.0,1.0,280.0
mppi_flee,random,300.0,1800.0,0.1,0.1,5.0,1.25,10.0,10.0,10,100.0,inf,full,both,inf,180.0,0.01,0.0,0.0,256,20,3,0.5,0.1,0.99,10.0,256,20,0,128,128,2.3779416145807777,1.25,3.249830377379506,4.798172589262516,0.0,0.0,1.0,290.0
mppi_flee,random,300.0,1800.0,0.1,0.1,5.0,2.5,10.0,10.0,10,100.0,inf,full,both,inf,180.0,0.01,0.0,0.0,256,20,3,0.5,0.1,0.99,10.0,256,20,0,128,128,2.485029654279132,2.129372700512971,5.296913195774413,7.050500977836825,0.0,0.0,1.0,280.0
mppi_flee,random,300.0,1800.0,0.1,0.1,5.0,3.75,10.0,10.0,10,100.0,inf,full,both,inf,180.0,0.01,0.0,0.0,256,20,3,0.5,0.1,0.99,10.0,256,20,0,128,128,2.547103930658797,2.172209861499663,5.260345483525461,6.802758484553002,0.0,0.0,1.0,280.0
mppi_flee,random,300.0,1800.0,0.1,0.1,5.0,4.5,10.0,10.0,10,100.0,inf,full,both,inf,180.0,0.01,0.0,0.0,256,20,3,0.5,0.1,0.99,10.0,256,20,0,128,128,2.499258069465976,2.142258886169344,5.443992327081384,7.123192523616505,0.0,0.0,1.0,280.0
mppi_flee,random,300.0,1800.0,0.1,0.1,5.0,5.0,10.0,10.0,10,100.0,inf,full,both,inf,180.0,0.01,0.0,0.0,256,20,3,0.5,0.1,0.99,10.0,256,20,0,128,126,2.5290134931310986,2.171620096574619,5.378333780826996,22.38851162966933,0.0,0.0,0.984375,280.0
mppi_flee,random,300.0,1800.0,0.1,0.1,5.0,5.5,10.0,10.0,10,100.0,inf,full,both,inf,180.0,0.01,0.0,0.0,256,20,3,0.5,0.1,0.99,10.0,256,20,0,128,126,2.5258354277857,2.1798409256100992,5.27449184525917,22.822801083444503,0.0,0.0,0.984375,280.0
mppi_flee,random,300.0,1800.0,0.1,0.1,5.0,6.25,10.0,10.0,10,100.0,inf,full,both,inf,180.0,0.01,0.0,0.0,256,20,3,0.5,0.1,0.99,10.0,256,20,0,128,126,2.527806444349787,2.191583301715953,5.409438569793895,23.219579495340795,0.0,0.0,0.984375,280.0
mppi_flee,random,300.0,1800.0,0.1,0.1,5.0,7.5,10.0,10.0,10,100.0,inf,full,both,inf,180.0,0.01,0.0,0.0,256,20,3,0.5,0.1,0.99,10.0,256,20,0,128,126,2.5277343719198884,2.211114551715953,5.410300944373825,25.058178895691416,0.0,0.0,0.984375,280.0
mppi_flee,random,300.0,1800.0,0.1,0.1,5.0,10.0,10.0,10.0,10,100.0,inf,full,both,inf,180.0,0.01,0.0,0.0,256,20,3,0.5,0.1,0.99,10.0,256,20,0,128,126,2.527735421722528,2.250177051715953,5.410363127928493,21.23152086977907,0.0,0.0,0.984375,280.0
mppi_flee,random,300.0,1800.0,0.1,0.1,5.0,inf,10.0,10.0,10,100.0,inf,full,both,inf,180.0,0.01,0.0,0.0,256,20,3,0.5,0.1,0.99,10.0,256,20,0,128,126,2.527735421722528,2.3028347989181706,5.410363127928493,20.828994187496846,0.0,0.0,0.984375,280.0
mppi_flee,random,300.0,1800.0,0.1,0.11,5.0,1.25,10.0,10.0,10,100.0,inf,full,both,inf,180.0,0.01,0.0,0.0,256,20,3,0.5,0.1,0.99,10.0,256,20,0,128,128,2.3654488072436144,1.25,3.005061970166785,4.735216507326062,0.0,0.0,1.0,290.0
mppi_flee,random,300.0,1800.0,0.1,0.11,5.0,2.5,10.0,10.0,10,100.0,inf,full,both,inf,180.0,0.01,0.0,0.0,256,20,3,0.5,0.1,0.99,10.0,256,20,0,128,128,2.5903777236670806,2.3231945823657294,5.463279722088549,7.087628841388393,0.0,0.0,1.0,280.0
mppi_flee,random,300.0,1800.0,0.1,0.11,5.0,3.75,10.0,10.0,10,100.0,inf,full,both,inf,180.0,0.01,0.0,0.0,256,20,3,0.5,0.1,0.99,10.0,256,20,0,128,128,2.555361448189198,2.362208961809229,5.304545122811048,7.069630711241103,0.0,0.0,1.0,280.0
mppi_flee,random,300.0,1800.0,0.1,0.11,5.0,4.5,10.0,10.0,10,100.0,inf,full,both,inf,180.0,0.01,0.0,0.0,256,20,3,0.5,0.1,0.99,10.0,256,20,0,128,127,2.5435851354933017,2.370704786609949,5.336275208456349,11.12544614925134,0.0,0.0,0.9921875,280.0
mppi_flee,random,300.0,1800.0,0.1,0.11,5.0,5.0,10.0,10.0,10,100.0,inf,full,both,inf,180.0,0.01,0.0,0.0,256,20,3,0.5,0.1,0.99,10.0,256,20,0,128,126,2.5657973330957207,2.395943882225367,5.351311998541077,14.785411335977336,0.0,0.0,0.984375,280.0
mppi_flee,random,300.0,1800.0,0.1,0.11,5.0,5.5,10.0,10.0,10,100.0,inf,full,both,inf,180.0,0.01,0.0,0.0,256,20,3,0.5,0.1,0.99,10.0,256,20,0,128,126,2.5581380747887184,2.401538386986568,5.5172765862533,25.018898530901826,0.0,0.0,0.984375,280.0
mppi_flee,random,300.0,1800.0,0.1,0.11,5.0,6.25,10.0,10.0,10,100.0,inf,full,both,inf,180.0,0.01,0.0,0.0,256,20,3,0.5,0.1,0.99,10.0,256,20,0,128,127,2.539912490357061,2.3837808331779984,5.528407472497576,12.181564737150737,0.0,0.0,0.9921875,280.0
mppi_flee,random,300.0,1800.0,0.1,0.11,5.0,7.5,10.0,10.0,10,100.0,inf,full,both,inf,180.0,0.01,0.0,0.0,256,20,3,0.5,0.1,0.99,10.0,256,20,0,128,127,2.539873967861266,2.393542510660404,5.509745222640285,10.99245457181954,0.0,0.0,0.9921875,280.0
mppi_flee,random,300.0,1800.0,0.1,0.11,5.0,10.0,10.0,10.0,10,100.0,inf,full,both,inf,180.0,0.01,0.0,0.0,256,20,3,0.5,0.1,0.99,10.0,256,20,0,128,127,2.5398810213890872,2.413073760660404,5.509212393962666,11.118646497137322,0.0,0.0,0.9921875,280.0
mppi_flee,random,300.0,1800.0,0.1,0.11,5.0,inf,10.0,10.0,10,100.0,inf,full,both,inf,180.0,0.01,0.0,0.0,256,20,3,0.5,0.1,0.99,10.0,256,20,0,128,127,2.539881016600637,2.4499905448206745,5.509212502525628,10.344992379982626,0.0,0.0,0.9921875,280.0
mppi_flee,random,300.0,1800.0,0.1,0.125,5.0,1.25,10.0,10.0,10,100.0,inf,full,both,inf,180.0,0.01,0.0,0.0,256,20,3,0.5,0.1,0.99,10.0,256,20,0,128,128,2.366289471164995,1.25,2.9555715930314963,4.628696746494792,0.0,0.0,1.0,290.0
mppi_flee,random,300.0,1800.0,0.1,0.125,5.0,2.5,10.0,10.0,10,100.0,inf,full,both,inf,180.0,0.01,0.0,0.0,256,20,3,0.5,0.1,0.99,10.0,256,20,0,128,128,2.5325325174201825,2.4630667977896423,5.41944809329568,6.948830626045602,0.0,0.0,1.0,280.0
mppi_flee,random,300.0,1800.0,0.1,0.125,5.0,3.75,10.0,10.0,10,100.0,inf,full,both,inf,180.0,0.01,0.0,0.0,256,20,3,0.5,0.1,0.99,10.0,256,20,0,128,128,2.6921608565232398,2.717824300081958,5.547402986165917,7.00648819553349,0.0,0.0,1.0,280.0
mppi_flee,random,300.0,1800.0,0.1,0.125,5.0,4.5,10.0,10.0,10,100.0,inf,full,both,inf,180.0,0.01,0.0,0.0,256,20,3,0.5,0.1,0.99,10.0,256,20,0,128,127,2.7015219729006548,2.783818141500386,5.770513604909076,8.214837169385843,0.0,0.0,0.9921875,280.0
mppi_flee,random,300.0,1800.0,0.1,0.125,5.0,5.0,10.0,10.0,10,100.0,inf,full,both,inf,180.0,0.01,0.0,0.0,256,20,3,0.5,0.1,0.99,10.0,256,20,0,128,126,2.633780349566196,2.7473130383074174,5.915599545186054,10.782997379978854,0.0,0.0,0.984375,280.0
mppi_flee,random,300.0,1800.0,0.1,0.125,5.0,5.5,10.0,10.0,10,100.0,inf,full,both,inf,180.0,0.01,0.0,0.0,256,20,3,0.5,0.1,0.99,10.0,256,20,0,128,125,2.648780962350292,2.773928771432738,6.228917513683917,27.30864833684797,0.0,0.0,0.9765625,280.0
mppi_flee,random,300.0,1800.0,0.1,0.125,5.0,6.25,10.0,10.0,10,100.0,inf,full,both,inf,180.0,0.01,0.0,0.0,256,20,3,0.5,0.1,0.99,10.0,256,20,0,128,125,2.672065586435774,2.816441669304767,6.112453759551362,32.1764603060215,0.0,0.0,0.9765625,280.0
mppi_flee,random,300.0,1800.0,0.1,0.125,5.0,7.5,10.0,10.0,10,100.0,inf,full,both,inf,180.0,0.01,0.0,0.0,256,20,3,0.5,0.1,0.99,10.0,256,20,0,128,125,2.6524659721265693,2.824938994626427,6.1506694048095305,34.2212677603801,0.0,0.0,0.9765625,280.0
mppi_flee,random,300.0,1800.0,0.1,0.125,5.0,10.0,10.0,10.0,10,100.0,inf,full,both,inf,180.0,0.01,0.0,0.0,256,20,3,0.5,0.1,0.99,10.0,256,20,0,128,125,2.652026018018449,2.8840731530896235,6.102124716931614,32.17134409217697,0.0,0.0,0.9765625,280.0
mppi_flee,random,300.0,1800.0,0.1,0.125,5.0,inf,10.0,10.0,10,100.0,inf,full,both,inf,180.0,0.01,0.0,0.0,256,20,3,0.5,0.1,0.99,10.0,256,20,0,128,125,2.652025905109407,3.045204665908527,6.102197339703802,32.00424165974742,0.0,0.0,0.9765625,280.0
mppi_flee,random,300.0,1800.0,0.1,0.15,5.0,1.25,10.0,10.0,10,100.0,inf,full,both,inf,180.0,0.01,0.0,0.0,256,20,3,0.5,0.1,0.99,10.0,256,20,0,128,128,2.3517789996240985,1.25,3.038794250246645,4.899904522733286,0.0,0.0,1.0,290.0
mppi_flee,random,300.0,1800.0,0.1,0.15,5.0,2.5,10.0,10.0,10,100.0,inf,full,both,inf,180.0,0.01,0.0,0.0,256,20,3,0.5,0.1,0.99,10.0,256,20,0,128,128,2.5737957652620094,2.4986844306053646,5.197784820450668,6.57642307319242,0.0,0.0,1.0,290.0
mppi_flee,random,300.0,1800.0,0.1,0.15,5.0,3.75,10.0,10.0,10,100.0,inf,full,both,inf,180.0,0.01,0.0,0.0,256,20,3,0.5,0.1,0.99,10.0,256,20,0,128,127,2.884454510994962,3.265008160779334,6.021890382603646,11.204198090777693,0.0,0.0,0.9921875,290.0
mppi_flee,random,300.0,1800.0,0.1,0.15,5.0,4.5,10.0,10.0,10,100.0,inf,full,both,inf,180.0,0.01,0.0,0.0,256,20,3,0.5,0.1,0.99,10.0,256,20,0,128,126,2.9759676352448103,3.42000075782634,6.078835975694292,12.960572456994566,0.0,0.0,0.984375,280.0
mppi_flee,random,300.0,1800.0,0.1,0.15,5.0,5.0,10.0,10.0,10,100.0,inf,full,both,inf,180.0,0.01,0.0,0.0,256,20,3,0.5,0.1,0.99,10.0,256,20,0,128,126,3.003009777076482,3.5281851207812926,6.388692777000924,9.674525304210857,0.0,0.0,0.984375,280.0
mppi_flee,random,300.0,1800.0,0.1,0.15,5.0,5.5,10.0,10.0,10,100.0,inf,full,both,inf,180.0,0.01,0.0,0.0,256,20,3,0.5,0.1,0.99,10.0,256,20,0,128,126,3.004786066541059,3.6199890397369057,6.270423889011251,10.0578515313429,0.0,0.0,0.984375,290.0
mppi_flee,random,300.0,1800.0,0.1,0.15,5.0,6.25,10.0,10.0,10,100.0,inf,full,both,inf,180.0,0.01,0.0,0.0,256,20,3,0.5,0.1,0.99,10.0,256,20,0,128,117,2.9600206737217154,3.656416287815953,7.3049936295256765,62.79235477162014,0.0,0.0,0.9140625,280.0
mppi_flee,random,300.0,1800.0,0.1,0.15,5.0,7.5,10.0,10.0,10,100.0,inf,full,both,inf,180.0,0.01,0.0,0.0,256,20,3,0.5,0.1,0.99,10.0,256,20,0,128,119,2.9346047263295563,3.733331433750605,7.058980903418119,70.61422664943656,0.0,0.0,0.9296875,280.0
mppi_flee,random,300.0,1800.0,0.1,0.15,5.0,10.0,10.0,10.0,10,100.0,inf,full,both,inf,180.0,0.01,0.0,0.0,256,20,3,0.5,0.1,0.99,10.0,256,20,0,128,119,2.9330008917229,3.90665373277498,7.167650326666702,64.7381448932639,0.0,0.0,0.9296875,280.0
mppi_flee,random,300.0,1800.0,0.1,0.15,5.0,inf,10.0,10.0,10,100.0,inf,full,both,inf,180.0,0.01,0.0,0.0,256,20,3,0.5,0.1,0.99,10.0,256,20,0,128,119,2.933011777234376,4.6328072809095024,7.170340114551498,81.11750032033011,0.0,0.0,0.9296875,280.0
mppi_flee,random,300.0,1800.0,0.1,0.2,5.0,1.25,10.0,10.0,10,100.0,inf,full,both,inf,180.0,0.01,0.0,0.0,256,20,3,0.5,0.1,0.99,10.0,256,20,0,128,128,2.3815815163180187,1.25,3.1318046719976564,4.924257506245965,0.0,0.0,1.0,295.0
mppi_flee,random,300.0,1800.0,0.1,0.2,5.0,2.5,10.0,10.0,10,100.0,inf,full,both,inf,180.0,0.01,0.0,0.0,256,20,3,0.5,0.1,0.99,10.0,256,20,0,128,128,2.566876158124212,2.5,3.812591389256792,5.096160840174624,0.0,0.0,1.0,300.0
mppi_flee,random,300.0,1800.0,0.1,0.2,5.0,3.75,10.0,10.0,10,100.0,inf,full,both,inf,180.0,0.01,0.0,0.0,256,20,3,0.5,0.1,0.99,10.0,256,20,0,128,128,3.3781041439032427,3.7318898390278887,5.678572417987544,6.775026428063094,0.0,0.0,1.0,350.0
mppi_flee,random,300.0,1800.0,0.1,0.2,5.0,4.5,10.0,10.0,10,100.0,inf,full,both,inf,180.0,0.01,0.0,0.0,256,20,3,0.5,0.1,0.99,10.0,256,20,0,128,128,3.6777914462377055,4.337633954685279,6.206331808103095,7.006319138908958,0.0,0.0,1.0,390.0
mppi_flee,random,300.0,1800.0,0.1,0.2,5.0,5.0,10.0,10.0,10,100.0,inf,full,both,inf,180.0,0.01,0.0,0.0,256,20,3,0.5,0.1,0.99,10.0,256,20,0,128,124,3.783013302776394,4.6390222378211,6.891547010966343,17.810282685819054,0.0,0.0,0.96875,405.0
mppi_flee,random,300.0,1800.0,0.1,0.2,5.0,5.5,10.0,10.0,10,100.0,inf,full,both,inf,180.0,0.01,0.0,0.0,256,20,3,0.5,0.1,0.99,10.0,256,20,0,128,125,3.775846008915448,4.913830384976318,6.98199490691692,10.079321757826214,0.0,0.0,0.9765625,400.0
mppi_flee,random,300.0,1800.0,0.1,0.2,5.0,6.25,10.0,10.0,10,100.0,inf,full,both,inf,180.0,0.01,0.0,0.0,256,20,3,0.5,0.1,0.99,10.0,256,20,0,128,119,3.7798778587345176,5.292852329851272,8.535968323610762,24.489368458650816,0.0,0.0,0.9296875,360.0
mppi_flee,random,300.0,1800.0,0.1,0.2,5.0,7.5,10.0,10.0,10,100.0,inf,full,both,inf,180.0,0.01,0.0,0.0,256,20,3,0.5,0.1,0.99,10.0,256,20,0,128,100,3.802000102297437,5.891520096924377,10.998242108622373,106.8744096686093,0.0,0.0,0.78125,325.0
mppi_flee,random,300.0,1800.0,0.1,0.2,5.0,10.0,10.0,10.0,10,100.0,inf,full,both,inf,180.0,0.01,0.0,0.0,256,20,3,0.5,0.1,0.99,10.0,256,20,0,128,81,3.810475919807649,6.870627067289582,12.570742728692668,397.2613375734801,0.0,0.0,0.6328125,290.0
mppi_flee,random,300.0,1800.0,0.1,0.2,5.0,inf,10.0,10.0,10,100.0,inf,full,both,inf,180.0,0.01,0.0,0.0,256,20,3,0.5,0.1,0.99,10.0,256,20,0,128,80,3.810769860883135,13.266777721288834,12.66712558121275,516.8469391880009,0.0,0.0,0.625,290.0
mppi_flee,transverse,300.0,1800.0,0.1,0.025,5.0,1.25,10.0,10.0,10,100.0,inf,full,both,inf,180.0,0.01,0.0,0.0,256,20,3,0.5,0.1,0.99,10.0,256,20,0,128,128,2.404429108889212,0.7353515625000003,6.165891184994202,7.892429677537793,0.0,0.0,1.0,290.0
mppi_flee,transverse,300.0,1800.0,0.1,0.025,5.0,2.5,10.0,10.0,10,100.0,inf,full,both,inf,180.0,0.01,0.0,0.0,256,20,3,0.5,0.1,0.99,10.0,256,20,0,128,128,2.40824949805572,0.7347656250000003,6.171003833419609,7.722580479462212,0.0,0.0,1.0,290.0
mppi_flee,transverse,300.0,1800.0,0.1,0.025,5.0,3.75,10.0,10.0,10,100.0,inf,full,both,inf,180.0,0.01,0.0,0.0,256,20,3,0.5,0.1,0.99,10.0,256,20,0,128,128,2.40824949805572,0.7347656250000003,6.171003833419609,7.722580479462212,0.0,0.0,1.0,290.0
mppi_flee,transverse,300.0,1800.0,0.1,0.025,5.0,4.5,10.0,10.0,10,100.0,inf,full,both,inf,180.0,0.01,0.0,0.0,256,20,3,0.5,0.1,0.99,10.0,256,20,0,128,128,2.40824949805572,0.7347656250000003,6.171003833419609,7.722580479462212,0.0,0.0,1.0,290.0
mppi_flee,transverse,300.0,1800.0,0.1,0.025,5.0,5.0,10.0,10.0,10,100.0,inf,full,both,inf,180.0,0.01,0.0,0.0,256,20,3,0.5,0.1,0.99,10.0,256,20,0,128,128,2.40824949805572,0.7347656250000003,6.171003833419609,7.722580479462212,0.0,0.0,1.0,290.0
mppi_flee,transverse,300.0,1800.0,0.1,0.025,5.0,5.5,10.0,10.0,10,100.0,inf,full,both,inf,180.0,0.01,0.0,0.0,256,20,3,0.5,0.1,0.99,10.0,256,20,0,128,128,2.40824949805572,0.7347656250000003,6.171003833419609,7.722580479462212,0.0,0.0,1.0,290.0
mppi_flee,transverse,300.0,1800.0,0.1,0.025,5.0,6.25,10.0,10.0,10,100.0,inf,full,both,inf,180.0,0.01,0.0,0.0,256,20,3,0.5,0.1,0.99,10.0,256,20,0,128,128,2.40824949805572,0.7347656250000003,6.171003833419609,7.722580479462212,0.0,0.0,1.0,290.0
mppi_flee,transverse,300.0,1800.0,0.1,0.025,5.0,7.5,10.0,10.0,10,100.0,inf,full,both,inf,180.0,0.01,0.0,0.0,256,20,3,0.5,0.1,0.99,10.0,256,20,0,128,128,2.40824949805572,0.7347656250000003,6.171003833419609,7.722580479462212,0.0,0.0,1.0,290.0
mppi_flee,transverse,300.0,1800.0,0.1,0.025,5.0,10.0,10.0,10.0,10,100.0,inf,full,both,inf,180.0,0.01,0.0,0.0,256,20,3,0.5,0.1,0.99,10.0,256,20,0,128,128,2.40824949805572,0.7347656250000003,6.171003833419609,7.722580479462212,0.0,0.0,1.0,290.0
mppi_flee,transverse,300.0,1800.0,0.1,0.025,5.0,inf,10.0,10.0,10,100.0,inf,full,both,inf,180.0,0.01,0.0,0.0,256,20,3,0.5,0.1,0.99,10.0,256,20,0,128,128,2.40824949805572,0.7347656250000003,6.171003833419609,7.722580479462212,0.0,0.0,1.0,290.0
mppi_flee,transverse,300.0,1800.0,0.1,0.05,5.0,1.25,10.0,10.0,10,100.0,inf,full,both,inf,180.0,0.01,0.0,0.0,256,20,3,0.5,0.1,0.99,10.0,256,20,0,128,128,3.355922064160413,1.25,7.129982980558316,7.394263625069965,0.0,0.0,1.0,360.0
mppi_flee,transverse,300.0,1800.0,0.1,0.05,5.0,2.5,10.0,10.0,10,100.0,inf,full,both,inf,180.0,0.01,0.0,0.0,256,20,3,0.5,0.1,0.99,10.0,256,20,0,128,69,4.915832437176086,2.466796875,18.772230165961656,95.90873275768833,0.0,0.0,0.5390625,780.0
mppi_flee,transverse,300.0,1800.0,0.1,0.05,5.0,3.75,10.0,10.0,10,100.0,inf,full,both,inf,180.0,0.01,0.0,0.0,256,20,3,0.5,0.1,0.99,10.0,256,20,0,128,8,4.864215939009283,3.616796875,30.62834060999545,1689.1904677053558,0.0,0.0,0.0625,315.0
mppi_flee,transverse,300.0,1800.0,0.1,0.05,5.0,4.5,10.0,10.0,10,100.0,inf,full,both,inf,180.0,0.01,0.0,0.0,256,20,3,0.5,0.1,0.99,10.0,256,20,0,128,8,4.864213485405839,4.319921875,30.627328381278968,1981.6075187779268,0.0,0.0,0.0625,315.0
mppi_flee,transverse,300.0,1800.0,0.1,0.05,5.0,5.0,10.0,10.0,10,100.0,inf,full,both,inf,180.0,0.01,0.0,0.0,256,20,3,0.5,0.1,0.99,10.0,256,20,0,128,8,4.864213485018497,4.788671875,30.62731486155688,2127.26871395509,0.0,0.0,0.0625,315.0
mppi_flee,transverse,300.0,1800.0,0.1,0.05,5.0,5.5,10.0,10.0,10,100.0,inf,full,both,inf,180.0,0.01,0.0,0.0,256,20,3,0.5,0.1,0.99,10.0,256,20,0,128,8,4.864213485018497,5.257421875,30.62731306089021,2248.9975309341708,0.0,0.0,0.0625,315.0
mppi_flee,transverse,300.0,1800.0,0.1,0.05,5.0,6.25,10.0,10.0,10,100.0,inf,full,both,inf,180.0,0.01,0.0,0.0,256,20,3,0.5,0.1,0.99,10.0,256,20,0,128,8,4.864213485018497,5.960546875,30.627313003783275,2390.1248781748195,0.0,0.0,0.0625,315.0
mppi_flee,transverse,300.0,1800.0,0.1,0.05,5.0,7.5,10.0,10.0,10,100.0,inf,full,both,inf,180.0,0.01,0.0,0.0,256,20,3,0.5,0.1,0.99,10.0,256,20,0,128,8,4.864213485018497,7.132421875,30.627313003783275,2520.7123332863544,0.0,0.0,0.0625,315.0
mppi_flee,transverse,300.0,1800.0,0.1,0.05,5.0,10.0,10.0,10.0,10,100.0,inf,full,both,inf,180.0,0.01,0.0,0.0,256,20,3,0.5,0.1,0.99,10.0,256,20,0,128,8,4.864213485018497,8.538671874999993,30.627313003783275,2551.849664546856,0.0,0.0,0.0625,315.0
mppi_flee,transverse,300.0,1800.0,0.1,0.05,5.0,inf,10.0,10.0,10,100.0,inf,full,both,inf,180.0,0.01,0.0,0.0,256,20,3,0.5,0.1,0.99,10.0,256,20,0,128,8,4.864213485018497,8.538671874999993,30.627313003783275,2551.849664546856,0.0,0.0,0.0625,315.0
mppi_flee,transverse,300.0,1800.0,0.1,0.075,5.0,1.25,10.0,10.0,10,100.0,inf,full,both,inf,180.0,0.01,0.0,0.0,256,20,3,0.5,0.1,0.99,10.0,256,20,0,128,128,3.007657174449841,1.25,4.230454152238936,4.881319963807113,0.0,0.0,1.0,350.0
mppi_flee,transverse,300.0,1800.0,0.1,0.075,5.0,2.5,10.0,10.0,10,100.0,inf,full,both,inf,180.0,0.01,0.0,0.0,256,20,3,0.5,0.1,0.99,10.0,256,20,0,128,127,4.989938783753841,2.5,7.332998179379853,9.052733696634055,0.0,0.0,0.9921875,740.0
mppi_flee,transverse,300.0,1800.0,0.1,0.075,5.0,3.75,10.0,10.0,10,100.0,inf,full,both,inf,180.0,0.01,0.0,0.0,256,20,3,0.5,0.1,0.99,10.0,256,20,0,128,0,5.0,3.75,88.61037150452765,1101.575945112284,0.0,0.0,0.0,
mppi_flee,transverse,300.0,1800.0,0.1,0.075,5.0,4.5,10.0,10.0,10,100.0,inf,full,both,inf,180.0,0.01,0.0,0.0,256,20,3,0.5,0.1,0.99,10.0,256,20,0,128,0,5.0,4.5,88.26917406440468,2185.94226630506,0.0,0.0,0.0,
mppi_flee,transverse,300.0,1800.0,0.1,0.075,5.0,5.0,10.0,10.0,10,100.0,inf,full,both,inf,180.0,0.01,0.0,0.0,256,20,3,0.5,0.1,0.99,10.0,256,20,0,128,0,5.0,5.0,88.25717392055981,2705.8920804873173,0.0,0.0,0.0,
mppi_flee,transverse,300.0,1800.0,0.1,0.075,5.0,5.5,10.0,10.0,10,100.0,inf,full,both,inf,180.0,0.01,0.0,0.0,256,20,3,0.5,0.1,0.99,10.0,256,20,0,128,0,5.0,5.5,88.2538537057628,3104.886729688392,0.0,0.0,0.0,
mppi_flee,transverse,300.0,1800.0,0.1,0.075,5.0,6.25,10.0,10.0,10,100.0,inf,full,both,inf,180.0,0.01,0.0,0.0,256,20,3,0.5,0.1,0.99,10.0,256,20,0,128,0,5.0,6.25,88.25334433713729,3557.35962324524,0.0,0.0,0.0,
mppi_flee,transverse,300.0,1800.0,0.1,0.075,5.0,7.5,10.0,10.0,10,100.0,inf,full,both,inf,180.0,0.01,0.0,0.0,256,20,3,0.5,0.1,0.99,10.0,256,20,0,128,0,5.0,7.5,88.25332320969684,4078.028165690777,0.0,0.0,0.0,
mppi_flee,transverse,300.0,1800.0,0.1,0.075,5.0,10.0,10.0,10.0,10,100.0,inf,full,both,inf,180.0,0.01,0.0,0.0,256,20,3,0.5,0.1,0.99,10.0,256,20,0,128,0,5.0,10.0,88.25332334080316,4614.223256176116,0.0,0.0,0.0,
mppi_flee,transverse,300.0,1800.0,0.1,0.075,5.0,inf,10.0,10.0,10,100.0,inf,full,both,inf,180.0,0.01,0.0,0.0,256,20,3,0.5,0.1,0.99,10.0,256,20,0,128,0,5.0,13.49999999999996,88.25332334080316,4763.143218577096,0.0,0.0,0.0,
mppi_flee,transverse,300.0,1800.0,0.1,0.09,5.0,1.25,10.0,10.0,10,100.0,inf,full,both,inf,180.0,0.01,0.0,0.0,256,20,3,0.5,0.1,0.99,10.0,256,20,0,128,128,3.0044430435474894,1.25,3.8775722996658,4.813156617811947,0.0,0.0,1.0,350.0
mppi_flee,transverse,300.0,1800.0,0.1,0.09,5.0,2.5,10.0,10.0,10,100.0,inf,full,both,inf,180.0,0.01,0.0,0.0,256,20,3,0.5,0.1,0.99,10.0,256,20,0,128,128,4.964450156475396,2.5,6.3533409762740725,6.353340976274077,0.0,0.0,1.0,700.0
mppi_flee,transverse,300.0,1800.0,0.1,0.09,5.0,3.75,10.0,10.0,10,100.0,inf,full,both,inf,180.0,0.01,0.0,0.0,256,20,3,0.5,0.1,0.99,10.0,256,20,0,128,2,5.0,3.75,120.49504286604528,883.0820927761973,0.0,0.0,0.015625,985.0
mppi_flee,transverse,300.0,1800.0,0.1,0.09,5.0,4.5,10.0,10.0,10,100.0,inf,full,both,inf,180.0,0.01,0.0,0.0,256,20,3,0.5,0.1,0.99,10.0,256,20,0,128,0,5.0,4.5,122.18830764882226,1909.322586895556,0.0,0.0,0.0,
mppi_flee,transverse,300.0,1800.0,0.1,0.09,5.0,5.0,10.0,10.0,10,100.0,inf,full,both,inf,180.0,0.01,0.0,0.0,256,20,3,0.5,0.1,0.99,10.0,256,20,0,128,0,5.0,5.0,122.1716554641914,2575.171079686163,0.0,0.0,0.0,
mppi_flee,transverse,300.0,1800.0,0.1,0.09,5.0,5.5,10.0,10.0,10,100.0,inf,full,both,inf,180.0,0.01,0.0,0.0,256,20,3,0.5,0.1,0.99,10.0,256,20,0,128,0,5.0,5.5,122.18094356394184,3138.867548617043,0.0,0.0,0.0,
mppi_flee,transverse,300.0,1800.0,0.1,0.09,5.0,6.25,10.0,10.0,10,100.0,inf,full,both,inf,180.0,0.01,0.0,0.0,256,20,3,0.5,0.1,0.99,10.0,256,20,0,128,0,5.0,6.25,122.17990627999647,3801.458524654257,0.0,0.0,0.0,
mppi_flee,transverse,300.0,1800.0,0.1,0.09,5.0,7.5,10.0,10.0,10,100.0,inf,full,both,inf,180.0,0.01,0.0,0.0,256,20,3,0.5,0.1,0.99,10.0,256,20,0,128,0,5.0,7.5,122.17947190198592,4583.901664536264,0.0,0.0,0.0,
mppi_flee,transverse,300.0,1800.0,0.1,0.09,5.0,10.0,10.0,10.0,10,100.0,inf,full,both,inf,180.0,0.01,0.0,0.0,256,20,3,0.5,0.1,0.99,10.0,256,20,0,128,0,5.0,10.0,122.17945904236828,5500.066136863251,0.0,0.0,0.0,
mppi_flee,transverse,300.0,1800.0,0.1,0.09,5.0,inf,10.0,10.0,10,100.0,inf,full,both,inf,180.0,0.01,0.0,0.0,256,20,3,0.5,0.1,0.99,10.0,256,20,0,128,0,5.0,16.19999999999998,122.17945904236828,6044.301102829766,0.0,0.0,0.0,
mppi_flee,transverse,300.0,1800.0,0.1,0.1,5.0,1.25,10.0,10.0,10,100.0,inf,full,both,inf,180.0,0.01,0.0,0.0,256,20,3,0.5,0.1,0.99,10.0,256,20,0,128,128,3.032460693530757,1.25,3.991457859681676,4.814565532445014,0.0,0.0,1.0,360.0
mppi_flee,transverse,300.0,1800.0,0.1,0.1,5.0,2.5,10.0,10.0,10,100.0,inf,full,both,inf,180.0,0.01,0.0,0.0,256,20,3,0.5,0.1,0.99,10.0,256,20,0,128,128,4.958622540621573,2.5,5.57487724458897,5.574877244588969,0.0,0.0,1.0,665.0
mppi_flee,transverse,300.0,1800.0,0.1,0.1,5.0,3.75,10.0,10.0,10,100.0,inf,full,both,inf,180.0,0.01,0.0,0.0,256,20,3,0.5,0.1,0.99,10.0,256,20,0,128,6,5.0,3.75,139.42079834695673,827.2012080676358,0.0,0.0,0.046875,815.0
mppi_flee,transverse,300.0,1800.0,0.1,0.1,5.0,4.5,10.0,10.0,10,100.0,inf,full,both,inf,180.0,0.01,0.0,0.0,256,20,3,0.5,0.1,0.99,10.0,256,20,0,128,0,5.0,4.5,144.59996877145667,1848.8666834935743,0.0,0.0,0.0,
mppi_flee,transverse,300.0,1800.0,0.1,0.1,5.0,5.0,10.0,10.0,10,100.0,inf,full,both,inf,180.0,0.01,0.0,0.0,256,20,3,0.5,0.1,0.99,10.0,256,20,0,128,0,5.0,5.0,144.56255241538668,2494.17345733033,0.0,0.0,0.0,
mppi_flee,transverse,300.0,1800.0,0.1,0.1,5.0,5.5,10.0,10.0,10,100.0,inf,full,both,inf,180.0,0.01,0.0,0.0,256,20,3,0.5,0.1,0.99,10.0,256,20,0,128,0,5.0,5.5,144.53857184534334,3112.997361161672,0.0,0.0,0.0,
mppi_flee,transverse,300.0,1800.0,0.1,0.1,5.0,6.25,10.0,10.0,10,100.0,inf,full,both,inf,180.0,0.01,0.0,0.0,256,20,3,0.5,0.1,0.99,10.0,256,20,0,128,0,5.0,6.25,144.53250588256566,3892.696391373546,0.0,0.0,0.0,
mppi_flee,transverse,300.0,1800.0,0.1,0.1,5.0,7.5,10.0,10.0,10,100.0,inf,full,both,inf,180.0,0.01,0.0,0.0,256,20,3,0.5,0.1,0.99,10.0,256,20,0,128,0,5.0,7.5,144.53109995117373,4846.790571472405,0.0,0.0,0.0,
mppi_flee,transverse,300.0,1800.0,0.1,0.1,5.0,10.0,10.0,10.0,10,100.0,inf,full,both,inf,180.0,0.01,0.0,0.0,256,20,3,0.5,0.1,0.99,10.0,256,20,0,128,0,5.0,10.0,144.53101924679325,6012.5317473328505,0.0,0.0,0.0,
mppi_flee,transverse,300.0,1800.0,0.1,0.1,5.0,inf,10.0,10.0,10,100.0,inf,full,both,inf,180.0,0.01,0.0,0.0,256,20,3,0.5,0.1,0.99,10.0,256,20,0,128,0,5.0,17.999999999999986,144.53101924679325,6943.170197194831,0.0,0.0,0.0,
mppi_flee,transverse,300.0,1800.0,0.1,0.11,5.0,1.25,10.0,10.0,10,100.0,inf,full,both,inf,180.0,0.01,0.0,0.0,256,20,3,0.5,0.1,0.99,10.0,256,20,0,128,128,2.9928664071839544,1.25,2.986859881442642,4.224128306326367,0.0,0.0,1.0,350.0
mppi_flee,transverse,300.0,1800.0,0.1,0.11,5.0,2.5,10.0,10.0,10,100.0,inf,full,both,inf,180.0,0.01,0.0,0.0,256,20,3,0.5,0.1,0.99,10.0,256,20,0,128,128,4.962567460609298,2.5,5.147050104815211,5.257421080323238,0.0,0.0,1.0,650.0
mppi_flee,transverse,300.0,1800.0,0.1,0.11,5.0,3.75,10.0,10.0,10,100.0,inf,full,both,inf,180.0,0.01,0.0,0.0,256,20,3,0.5,0.1,0.99,10.0,256,20,0,128,7,5.0,3.75,155.4065405794818,790.5833603019292,0.0,0.0,0.0546875,760.0
mppi_flee,transverse,300.0,1800.0,0.1,0.11,5.0,4.5,10.0,10.0,10,100.0,inf,full,both,inf,180.0,0.01,0.0,0.0,256,20,3,0.5,0.1,0.99,10.0,256,20,0,128,0,5.0,4.5,164.33465073059392,1826.5867141915796,0.0,0.0,0.0,
mppi_flee,transverse,300.0,1800.0,0.1,0.11,5.0,5.0,10.0,10.0,10,100.0,inf,full,both,inf,180.0,0.01,0.0,0.0,256,20,3,0.5,0.1,0.99,10.0,256,20,0,128,0,5.0,5.0,164.2544704856099,2470.6838186700093,0.0,0.0,0.0,
mppi_flee,transverse,300.0,1800.0,0.1,0.11,5.0,5.5,10.0,10.0,10,100.0,inf,full,both,inf,180.0,0.01,0.0,0.0,256,20,3,0.5,0.1,0.99,10.0,256,20,0,128,0,5.0,5.5,164.22701049055027,3081.161462847856,0.0,0.0,0.0,
mppi_flee,transverse,300.0,1800.0,0.1,0.11,5.0,6.25,10.0,10.0,10,100.0,inf,full,both,inf,180.0,0.01,0.0,0.0,256,20,3,0.5,0.1,0.99,10.0,256,20,0,128,0,5.0,6.25,164.2119833569132,3929.65355351043,0.0,0.0,0.0,
mppi_flee,transverse,300.0,1800.0,0.1,0.11,5.0,7.5,10.0,10.0,10,100.0,inf,full,both,inf,180.0,0.01,0.0,0.0,256,20,3,0.5,0.1,0.99,10.0,256,20,0,128,0,5.0,7.5,164.2091720264525,5029.408671002014,0.0,0.0,0.0,
mppi_flee,transverse,300.0,1800.0,0.1,0.11,5.0,10.0,10.0,10.0,10,100.0,inf,full,both,inf,180.0,0.01,0.0,0.0,256,20,3,0.5,0.1,0.99,10.0,256,20,0,128,0,5.0,10.0,164.20900335945706,6417.2749627349485,0.0,0.0,0.0,
mppi_flee,transverse,300.0,1800.0,0.1,0.11,5.0,inf,10.0,10.0,10,100.0,inf,full,both,inf,180.0,0.01,0.0,0.0,256,20,3,0.5,0.1,0.99,10.0,256,20,0,128,0,5.0,19.79999999999995,164.20900327011293,7817.145126846917,0.0,0.0,0.0,
mppi_flee,transverse,300.0,1800.0,0.1,0.125,5.0,1.25,10.0,10.0,10,100.0,inf,full,both,inf,180.0,0.01,0.0,0.0,256,20,3,0.5,0.1,0.99,10.0,256,20,0,128,128,2.9754676245410243,1.25,4.135221163791834,5.104048262765984,0.0,0.0,1.0,350.0
mppi_flee,transverse,300.0,1800.0,0.1,0.125,5.0,2.5,10.0,10.0,10,100.0,inf,full,both,inf,180.0,0.01,0.0,0.0,256,20,3,0.5,0.1,0.99,10.0,256,20,0,128,128,4.969696032185913,2.5,4.6069030428465805,4.715994711935815,0.0,0.0,1.0,630.0
mppi_flee,transverse,300.0,1800.0,0.1,0.125,5.0,3.75,10.0,10.0,10,100.0,inf,full,both,inf,180.0,0.01,0.0,0.0,256,20,3,0.5,0.1,0.99,10.0,256,20,0,128,10,5.0,3.75,175.2560866669103,715.1411716905986,0.0,0.0,0.078125,745.0
mppi_flee,transverse,300.0,1800.0,0.1,0.125,5.0,4.5,10.0,10.0,10,100.0,inf,full,both,inf,180.0,0.01,0.0,0.0,256,20,3,0.5,0.1,0.99,10.0,256,20,0,128,1,5.0,4.5,187.12208473098912,1824.1818777831488,0.0,0.0,0.0078125,970.0
mppi_flee,transverse,300.0,1800.0,0.1,0.125,5.0,5.0,10.0,10.0,10,100.0,inf,full,both,inf,180.0,0.01,0.0,0.0,256,20,3,0.5,0.1,0.99,10.0,256,20,0,128,0,5.0,5.0,189.26177492821415,2488.5033003627027,0.0,0.0,0.0,
mppi_flee,transverse,300.0,1800.0,0.1,0.125,5.0,5.5,10.0,10.0,10,100.0,inf,full,both,inf,180.0,0.01,0.0,0.0,256,20,3,0.5,0.1,0.99,10.0,256,20,0,128,0,5.0,5.5,189.22751398385037,3102.827844447511,0.0,0.0,0.0,
mppi_flee,transverse,300.0,1800.0,0.1,0.125,5.0,6.25,10.0,10.0,10,100.0,inf,full,both,inf,180.0,0.01,0.0,0.0,256,20,3,0.5,0.1,0.99,10.0,256,20,0,128,0,5.0,6.25,189.20373460739623,3962.966012500413,0.0,0.0,0.0,
mppi_flee,transverse,300.0,1800.0,0.1,0.125,5.0,7.5,10.0,10.0,10,100.0,inf,full,both,inf,180.0,0.01,0.0,0.0,256,20,3,0.5,0.1,0.99,10.0,256,20,0,128,0,5.0,7.5,189.19789919185996,5226.540367366551,0.0,0.0,0.0,
mppi_flee,transverse,300.0,1800.0,0.1,0.125,5.0,10.0,10.0,10.0,10,100.0,inf,full,both,inf,180.0,0.01,0.0,0.0,256,20,3,0.5,0.1,0.99,10.0,256,20,0,128,0,5.0,10.0,189.19739876693868,6954.046318307862,0.0,0.0,0.0,
mppi_flee,transverse,300.0,1800.0,0.1,0.125,5.0,inf,10.0,10.0,10,100.0,inf,full,both,inf,180.0,0.01,0.0,0.0,256,20,3,0.5,0.1,0.99,10.0,256,20,0,128,0,5.0,22.5,189.197395412563,9154.433034150905,0.0,0.0,0.0,
mppi_flee,transverse,300.0,1800.0,0.1,0.15,5.0,1.25,10.0,10.0,10,100.0,inf,full,both,inf,180.0,0.01,0.0,0.0,256,20,3,0.5,0.1,0.99,10.0,256,20,0,128,128,2.9440498605584047,1.25,3.874850395640992,4.90316373822834,0.0,0.0,1.0,350.0
mppi_flee,transverse,300.0,1800.0,0.1,0.15,5.0,2.5,10.0,10.0,10,100.0,inf,full,both,inf,180.0,0.01,0.0,0.0,256,20,3,0.5,0.1,0.99,10.0,256,20,0,128,128,4.958028843603031,2.5,3.54100463972109,4.095470573202989,0.0,0.0,1.0,610.0
mppi_flee,transverse,300.0,1800.0,0.1,0.15,5.0,3.75,10.0,10.0,10,100.0,inf,full,both,inf,180.0,0.01,0.0,0.0,256,20,3,0.5,0.1,0.99,10.0,256,20,0,128,10,4.999639966091879,3.75,195.43857860115267,611.1266838247169,0.0,0.0,0.078125,775.0
mppi_flee,transverse,300.0,1800.0,0.1,0.15,5.0,4.5,10.0,10.0,10,100.0,inf,full,both,inf,180.0,0.01,0.0,0.0,256,20,3,0.5,0.1,0.99,10.0,256,20,0,128,3,5.0,4.5,211.45924623631424,1806.007261499492,0.0,0.0,0.0234375,720.0
mppi_flee,transverse,300.0,1800.0,0.1,0.15,5.0,5.0,10.0,10.0,10,100.0,inf,full,both,inf,180.0,0.01,0.0,0.0,256,20,3,0.5,0.1,0.99,10.0,256,20,0,128,1,5.0,5.0,216.84626944682037,2538.082600213682,0.0,0.0,0.0078125,1020.0
mppi_flee,transverse,300.0,1800.0,0.1,0.15,5.0,5.5,10.0,10.0,10,100.0,inf,full,both,inf,180.0,0.01,0.0,0.0,256,20,3,0.5,0.1,0.99,10.0,256,20,0,128,0,5.0,5.5,219.3215647184365,3208.9748500705864,0.0,0.0,0.0,
mppi_flee,transverse,300.0,1800.0,0.1,0.15,5.0,6.25,10.0,10.0,10,100.0,inf,full,both,inf,180.0,0.01,0.0,0.0,256,20,3,0.5,0.1,0.99,10.0,256,20,0,128,0,5.0,6.25,219.31030866351568,4111.022761056579,0.0,0.0,0.0,
mppi_flee,transverse,300.0,1800.0,0.1,0.15,5.0,7.5,10.0,10.0,10,100.0,inf,full,both,inf,180.0,0.01,0.0,0.0,256,20,3,0.5,0.1,0.99,10.0,256,20,0,128,0,5.0,7.5,219.3082145898425,5444.269872533046,0.0,0.0,0.0,
mppi_flee,transverse,300.0,1800.0,0.1,0.15,5.0,10.0,10.0,10.0,10,100.0,inf,full,both,inf,180.0,0.01,0.0,0.0,256,20,3,0.5,0.1,0.99,10.0,256,20,0,128,0,5.0,10.0,219.3080638105396,7580.816140034562,0.0,0.0,0.0,
mppi_flee,transverse,300.0,1800.0,0.1,0.15,5.0,inf,10.0,10.0,10,100.0,inf,full,both,inf,180.0,0.01,0.0,0.0,256,20,3,0.5,0.1,0.99,10.0,256,20,0,128,0,5.0,26.99999999999992,219.308031189526,11377.525782502633,0.0,0.0,0.0,
mppi_flee,transverse,300.0,1800.0,0.1,0.2,5.0,1.25,10.0,10.0,10,100.0,inf,full,both,inf,180.0,0.01,0.0,0.0,256,20,3,0.5,0.1,0.99,10.0,256,20,0,128,128,2.9147612689149787,1.25,3.823111119295597,5.060821981741918,0.0,0.0,1.0,350.0
mppi_flee,transverse,300.0,1800.0,0.1,0.2,5.0,2.5,10.0,10.0,10,100.0,inf,full,both,inf,180.0,0.01,0.0,0.0,256,20,3,0.5,0.1,0.99,10.0,256,20,0,128,128,4.943724049778466,2.5,3.4393352482223825,4.208471296003598,0.0,0.0,1.0,595.0
mppi_flee,transverse,300.0,1800.0,0.1,0.2,5.0,3.75,10.0,10.0,10,100.0,inf,full,both,inf,180.0,0.01,0.0,0.0,256,20,3,0.5,0.1,0.99,10.0,256,20,0,128,10,4.995611356099927,3.75,194.5080763744293,489.7215507555092,0.0,0.0,0.078125,765.0
mppi_flee,transverse,300.0,1800.0,0.1,0.2,5.0,4.5,10.0,10.0,10,100.0,inf,full,both,inf,180.0,0.01,0.0,0.0,256,20,3,0.5,0.1,0.99,10.0,256,20,0,128,3,5.0,4.5,243.2563672162612,1718.886895480964,0.0,0.0,0.0234375,640.0
mppi_flee,transverse,300.0,1800.0,0.1,0.2,5.0,5.0,10.0,10.0,10,100.0,inf,full,both,inf,180.0,0.01,0.0,0.0,256,20,3,0.5,0.1,0.99,10.0,256,20,0,128,2,5.0,5.0,247.6683979009707,2586.366523196011,0.0,0.0,0.015625,745.0
mppi_flee,transverse,300.0,1800.0,0.1,0.2,5.0,5.5,10.0,10.0,10,100.0,inf,full,both,inf,180.0,0.01,0.0,0.0,256,20,3,0.5,0.1,0.99,10.0,256,20,0,128,0,5.0,5.5,250.27520800117077,3387.059242299118,0.0,0.0,0.0,
mppi_flee,transverse,300.0,1800.0,0.1,0.2,5.0,6.25,10.0,10.0,10,100.0,inf,full,both,inf,180.0,0.01,0.0,0.0,256,20,3,0.5,0.1,0.99,10.0,256,20,0,128,0,5.0,6.25,253.34232810405007,4454.193529683656,0.0,0.0,0.0,
mppi_flee,transverse,300.0,1800.0,0.1,0.2,5.0,7.5,10.0,10.0,10,100.0,inf,full,both,inf,180.0,0.01,0.0,0.0,256,20,3,0.5,0.1,0.99,10.0,256,20,0,128,0,5.0,7.5,253.34338828747005,5976.4397486184,0.0,0.0,0.0,
mppi_flee,transverse,300.0,1800.0,0.1,0.2,5.0,10.0,10.0,10.0,10,100.0,inf,full,both,inf,180.0,0.01,0.0,0.0,256,20,3,0.5,0.1,0.99,10.0,256,20,0,128,0,5.0,10.0,253.34757443453145,8436.454264004673,0.0,0.0,0.0,
mppi_flee,transverse,300.0,1800.0,0.1,0.2,5.0,inf,10.0,10.0,10,100.0,inf,full,both,inf,180.0,0.01,0.0,0.0,256,20,3,0.5,0.1,0.99,10.0,256,20,0,128,0,5.0,35.99999999999997,253.3480754834766,15812.221962136118,0.0,0.0,0.0,
mppi_coast,flee,300.0,1800.0,0.1,0.025,5.0,1.25,10.0,10.0,10,100.0,inf,full,both,inf,180.0,0.01,0.0,0.0,256,20,3,0.5,0.1,0.99,10.0,256,20,0,128,128,2.944770745641453,0.9222656250000004,3.628418999853951,4.504061775858207,0.0,0.0,1.0,360.0
mppi_coast,flee,300.0,1800.0,0.1,0.025,5.0,2.5,10.0,10.0,10,100.0,inf,full,both,inf,180.0,0.01,0.0,0.0,256,20,3,0.5,0.1,0.99,10.0,256,20,0,128,128,2.944770745641453,0.9226562500000004,3.627817839793681,4.498267594058579,0.0,0.0,1.0,360.0
mppi_coast,flee,300.0,1800.0,0.1,0.025,5.0,3.75,10.0,10.0,10,100.0,inf,full,both,inf,180.0,0.01,0.0,0.0,256,20,3,0.5,0.1,0.99,10.0,256,20,0,128,128,2.944770745641453,0.9226562500000004,3.627817839793681,4.498267594058579,0.0,0.0,1.0,360.0
mppi_coast,flee,300.0,1800.0,0.1,0.025,5.0,4.5,10.0,10.0,10,100.0,inf,full,both,inf,180.0,0.01,0.0,0.0,256,20,3,0.5,0.1,0.99,10.0,256,20,0,128,128,2.944770745641453,0.9226562500000004,3.627817839793681,4.498267594058579,0.0,0.0,1.0,360.0
mppi_coast,flee,300.0,1800.0,0.1,0.025,5.0,5.0,10.0,10.0,10,100.0,inf,full,both,inf,180.0,0.01,0.0,0.0,256,20,3,0.5,0.1,0.99,10.0,256,20,0,128,128,2.944770745641453,0.9226562500000004,3.627817839793681,4.498267594058579,0.0,0.0,1.0,360.0
mppi_coast,flee,300.0,1800.0,0.1,0.025,5.0,5.5,10.0,10.0,10,100.0,inf,full,both,inf,180.0,0.01,0.0,0.0,256,20,3,0.5,0.1,0.99,10.0,256,20,0,128,128,2.944770745641453,0.9226562500000004,3.627817839793681,4.498267594058579,0.0,0.0,1.0,360.0
mppi_coast,flee,300.0,1800.0,0.1,0.025,5.0,6.25,10.0,10.0,10,100.0,inf,full,both,inf,180.0,0.01,0.0,0.0,256,20,3,0.5,0.1,0.99,10.0,256,20,0,128,128,2.944770745641453,0.9226562500000004,3.627817839793681,4.498267594058579,0.0,0.0,1.0,360.0
mppi_coast,flee,300.0,1800.0,0.1,0.025,5.0,7.5,10.0,10.0,10,100.0,inf,full,both,inf,180.0,0.01,0.0,0.0,256,20,3,0.5,0.1,0.99,10.0,256,20,0,128,128,2.944770745641453,0.9226562500000004,3.627817839793681,4.498267594058579,0.0,0.0,1.0,360.0
mppi_coast,flee,300.0,1800.0,0.1,0.025,5.0,10.0,10.0,10.0,10,100.0,inf,full,both,inf,180.0,0.01,0.0,0.0,256,20,3,0.5,0.1,0.99,10.0,256,20,0,128,128,2.944770745641453,0.9226562500000004,3.627817839793681,4.498267594058579,0.0,0.0,1.0,360.0
mppi_coast,flee,300.0,1800.0,0.1,0.025,5.0,inf,10.0,10.0,10,100.0,inf,full,both,inf,180.0,0.01,0.0,0.0,256,20,3,0.5,0.1,0.99,10.0,256,20,0,128,128,2.944770745641453,0.9226562500000004,3.627817839793681,4.498267594058579,0.0,0.0,1.0,360.0
mppi_coast,flee,300.0,1800.0,0.1,0.05,5.0,1.25,10.0,10.0,10,100.0,inf,full,both,inf,180.0,0.01,0.0,0.0,256,20,3,0.5,0.1,0.99,10.0,256,20,0,128,128,3.688460644117618,1.25,3.1343278849471887,4.892051871784243,0.0,0.0,1.0,440.0
mppi_coast,flee,300.0,1800.0,0.1,0.05,5.0,2.5,10.0,10.0,10,100.0,inf,full,both,inf,180.0,0.01,0.0,0.0,256,20,3,0.5,0.1,0.99,10.0,256,20,0,128,128,4.2830944821827055,2.42109375,3.663826572319445,3.968318410520153,0.0,0.0,1.0,520.0
mppi_coast,flee,300.0,1800.0,0.1,0.05,5.0,3.75,10.0,10.0,10,100.0,inf,full,both,inf,180.0,0.01,0.0,0.0,256,20,3,0.5,0.1,0.99,10.0,256,20,0,128,119,4.296929961761634,2.6859374999999988,12.089382967292517,34.15130594677292,0.0,0.0,0.9296875,510.0
mppi_coast,flee,300.0,1800.0,0.1,0.05,5.0,4.5,10.0,10.0,10,100.0,inf,full,both,inf,180.0,0.01,0.0,0.0,256,20,3,0.5,0.1,0.99,10.0,256,20,0,128,119,4.296929961761634,2.739062499999999,12.48555312826804,87.3773250956392,0.0,0.0,0.9296875,510.0
mppi_coast,flee,300.0,1800.0,0.1,0.05,5.0,5.0,10.0,10.0,10,100.0,inf,full,both,inf,180.0,0.01,0.0,0.0,256,20,3,0.5,0.1,0.99,10.0,256,20,0,128,119,4.296929961761634,2.774218749999999,12.48555312826804,118.0589307299038,0.0,0.0,0.9296875,510.0
mppi_coast,flee,300.0,1800.0,0.1,0.05,5.0,5.5,10.0,10.0,10,100.0,inf,full,both,inf,180.0,0.01,0.0,0.0,256,20,3,0.5,0.1,0.99,10.0,256,20,0,128,119,4.296929961761634,2.809374999999999,12.48555312826804,144.9215318629575,0.0,0.0,0.9296875,510.0
mppi_coast,flee,300.0,1800.0,0.1,0.05,5.0,6.25,10.0,10.0,10,100.0,inf,full,both,inf,180.0,0.01,0.0,0.0,256,20,3,0.5,0.1,0.99,10.0,256,20,0,128,119,4.296929961761634,2.862109374999999,12.48555312826804,178.31526251691056,0.0,0.0,0.9296875,510.0
mppi_coast,flee,300.0,1800.0,0.1,0.05,5.0,7.5,10.0,10.0,10,100.0,inf,full,both,inf,180.0,0.01,0.0,0.0,256,20,3,0.5,0.1,0.99,10.0,256,20,0,128,119,4.296929961761634,2.949999999999999,12.48555312826804,216.12697594853836,0.0,0.0,0.9296875,510.0
mppi_coast,flee,300.0,1800.0,0.1,0.05,5.0,10.0,10.0,10.0,10,100.0,inf,full,both,inf,180.0,0.01,0.0,0.0,256,20,3,0.5,0.1,0.99,10.0,256,20,0,128,119,4.296929961761634,3.0554687499999984,12.48555312826804,232.4689667625027,0.0,0.0,0.9296875,510.0
mppi_coast,flee,300.0,1800.0,0.1,0.05,5.0,inf,10.0,10.0,10,100.0,inf,full,both,inf,180.0,0.01,0.0,0.0,256,20,3,0.5,0.1,0.99,10.0,256,20,0,128,119,4.296929961761634,3.0554687499999984,12.48555312826804,232.4689667625027,0.0,0.0,0.9296875,510.0
mppi_coast,flee,300.0,1800.0,0.1,0.075,5.0,1.25,10.0,10.0,10,100.0,inf,full,both,inf,180.0,0.01,0.0,0.0,256,20,3,0.5,0.1,0.99,10.0,256,20,0,128,128,3.814726660806808,1.25,3.199291033905555,5.143008341501581,0.0,0.0,1.0,450.0
mppi_coast,flee,300.0,1800.0,0.1,0.075,5.0,2.5,10.0,10.0,10,100.0,inf,full,both,inf,180.0,0.01,0.0,0.0,256,20,3,0.5,0.1,0.99,10.0,256,20,0,128,128,4.975661931009227,2.5,3.015238441779992,4.425825962080223,0.0,0.0,1.0,630.0
mppi_coast,flee,300.0,1800.0,0.1,0.075,5.0,3.75,10.0,10.0,10,100.0,inf,full,both,inf,180.0,0.01,0.0,0.0,256,20,3,0.5,0.1,0.99,10.0,256,20,0,128,55,5.0,3.75,72.20105367879312,163.3882265970078,0.0,0.0,0.4296875,970.0
mppi_coast,flee,300.0,1800.0,0.1,0.075,5.0,4.5,10.0,10.0,10,100.0,inf,full,both,inf,180.0,0.01,0.0,0.0,256,20,3,0.5,0.1,0.99,10.0,256,20,0,128,2,5.0,4.5,259.83292815170404,820.5324787231095,0.0,0.0,0.015625,960.0
mppi_coast,flee,300.0,1800.0,0.1,0.075,5.0,5.0,10.0,10.0,10,100.0,inf,full,both,inf,180.0,0.01,0.0,0.0,256,20,3,0.5,0.1,0.99,10.0,256,20,0,128,0,5.0,5.0,272.47573305081625,1435.543018285094,0.0,0.0,0.0,
mppi_coast,flee,300.0,1800.0,0.1,0.075,5.0,5.5,10.0,10.0,10,100.0,inf,full,both,inf,180.0,0.01,0.0,0.0,256,20,3,0.5,0.1,0.99,10.0,256,20,0,128,0,5.0,5.5,272.47573305081625,2016.062576484292,0.0,0.0,0.0,
mppi_coast,flee,300.0,1800.0,0.1,0.075,5.0,6.25,10.0,10.0,10,100.0,inf,full,both,inf,180.0,0.01,0.0,0.0,256,20,3,0.5,0.1,0.99,10.0,256,20,0,128,0,5.0,6.25,272.47573305081625,2810.337539671571,0.0,0.0,0.0,
mppi_coast,flee,300.0,1800.0,0.1,0.075,5.0,7.5,10.0,10.0,10,100.0,inf,full,both,inf,180.0,0.01,0.0,0.0,256,20,3,0.5,0.1,0.99,10.0,256,20,0,128,0,5.0,7.5,272.47573305081625,3942.5784162314735,0.0,0.0,0.0,
mppi_coast,flee,300.0,1800.0,0.1,0.075,5.0,10.0,10.0,10.0,10,100.0,inf,full,both,inf,180.0,0.01,0.0,0.0,256,20,3,0.5,0.1,0.99,10.0,256,20,0,128,0,5.0,10.0,272.47573305081625,5543.549754851242,0.0,0.0,0.0,
mppi_coast,flee,300.0,1800.0,0.1,0.075,5.0,inf,10.0,10.0,10,100.0,inf,full,both,inf,180.0,0.01,0.0,0.0,256,20,3,0.5,0.1,0.99,10.0,256,20,0,128,0,5.0,13.49999999999996,272.47573305081625,6376.49097141778,0.0,0.0,0.0,
mppi_coast,flee,300.0,1800.0,0.1,0.09,5.0,1.25,10.0,10.0,10,100.0,inf,full,both,inf,180.0,0.01,0.0,0.0,256,20,3,0.5,0.1,0.99,10.0,256,20,0,128,128,3.864189270617951,1.25,3.692288220731606,5.678424191011422,0.0,0.0,1.0,460.0
mppi_coast,flee,300.0,1800.0,0.1,0.09,5.0,2.5,10.0,10.0,10,100.0,inf,full,both,inf,180.0,0.01,0.0,0.0,256,20,3,0.5,0.1,0.99,10.0,256,20,0,128,128,4.998022193872412,2.5,3.559157058210342,4.628881643604881,0.0,0.0,1.0,650.0
mppi_coast,flee,300.0,1800.0,0.1,0.09,5.0,3.75,10.0,10.0,10,100.0,inf,full,both,inf,180.0,0.01,0.0,0.0,256,20,3,0.5,0.1,0.99,10.0,256,20,0,128,73,5.0,3.75,60.85624990654343,144.62039362299709,0.0,0.0,0.5703125,980.0
mppi_coast,flee,300.0,1800.0,0.1,0.09,5.0,4.5,10.0,10.0,10,100.0,inf,full,both,inf,180.0,0.01,0.0,0.0,256,20,3,0.5,0.1,0.99,10.0,256,20,0,128,0,5.0,4.5,245.65937283658792,781.4116874392075,0.0,0.0,0.0,
mppi_coast,flee,300.0,1800.0,0.1,0.09,5.0,5.0,10.0,10.0,10,100.0,inf,full,both,inf,180.0,0.01,0.0,0.0,256,20,3,0.5,0.1,0.99,10.0,256,20,0,128,0,5.0,5.0,299.9655445080098,1446.116631756062,0.0,0.0,0.0,
mppi_coast,flee,300.0,1800.0,0.1,0.09,5.0,5.5,10.0,10.0,10,100.0,inf,full,both,inf,180.0,0.01,0.0,0.0,256,20,3,0.5,0.1,0.99,10.0,256,20,0,128,0,5.0,5.5,299.9655445080098,2105.793043655928,0.0,0.0,0.0,
mppi_coast,flee,300.0,1800.0,0.1,0.09,5.0,6.25,10.0,10.0,10,100.0,inf,full,both,inf,180.0,0.01,0.0,0.0,256,20,3,0.5,0.1,0.99,10.0,256,20,0,128,0,5.0,6.25,299.9655445080098,3026.3161432782504,0.0,0.0,0.0,
mppi_coast,flee,300.0,1800.0,0.1,0.09,5.0,7.5,10.0,10.0,10,100.0,inf,full,both,inf,180.0,0.01,0.0,0.0,256,20,3,0.5,0.1,0.99,10.0,256,20,0,128,0,5.0,7.5,299.9655445080098,4384.08272957943,0.0,0.0,0.0,
mppi_coast,flee,300.0,1800.0,0.1,0.09,5.0,10.0,10.0,10.0,10,100.0,inf,full,both,inf,180.0,0.01,0.0,0.0,256,20,3,0.5,0.1,0.99,10.0,256,20,0,128,0,5.0,10.0,299.9655445080098,6499.997584025194,0.0,0.0,0.0,
mppi_coast,flee,300.0,1800.0,0.1,0.09,5.0,inf,10.0,10.0,10,100.0,inf,full,both,inf,180.0,0.01,0.0,0.0,256,20,3,0.5,0.1,0.99,10.0,256,20,0,128,0,5.0,16.19999999999998,299.9655445080098,8664.9052375311,0.0,0.0,0.0,
mppi_coast,flee,300.0,1800.0,0.1,0.1,5.0,1.25,10.0,10.0,10,100.0,inf,full,both,inf,180.0,0.01,0.0,0.0,256,20,3,0.5,0.1,0.99,10.0,256,20,0,128,128,3.870120157428448,1.25,2.9767691264810816,5.128624657604067,0.0,0.0,1.0,460.0
mppi_coast,flee,300.0,1800.0,0.1,0.1,5.0,2.5,10.0,10.0,10,100.0,inf,full,both,inf,180.0,0.01,0.0,0.0,256,20,3,0.5,0.1,0.99,10.0,256,20,0,128,128,4.998392404215538,2.5,3.049540748782091,4.367500739115626,0.0,0.0,1.0,660.0
mppi_coast,flee,300.0,1800.0,0.1,0.1,5.0,3.75,10.0,10.0,10,100.0,inf,full,both,inf,180.0,0.01,0.0,0.0,256,20,3,0.5,0.1,0.99,10.0,256,20,0,128,66,5.0,3.75,75.40855433543405,207.5213687869864,0.0,0.0,0.515625,960.0
mppi_coast,flee,300.0,1800.0,0.1,0.1,5.0,4.5,10.0,10.0,10,100.0,inf,full,both,inf,180.0,0.01,0.0,0.0,256,20,3,0.5,0.1,0.99,10.0,256,20,0,128,0,5.0,4.5,246.4477975816828,883.8036161261992,0.0,0.0,0.0,
mppi_coast,flee,300.0,1800.0,0.1,0.1,5.0,5.0,10.0,10.0,10,100.0,inf,full,both,inf,180.0,0.01,0.0,0.0,256,20,3,0.5,0.1,0.99,10.0,256,20,0,128,0,5.0,5.0,298.7923073070229,1553.810786258564,0.0,0.0,0.0,
mppi_coast,flee,300.0,1800.0,0.1,0.1,5.0,5.5,10.0,10.0,10,100.0,inf,full,both,inf,180.0,0.01,0.0,0.0,256,20,3,0.5,0.1,0.99,10.0,256,20,0,128,0,5.0,5.5,300.0,2254.860289480465,0.0,0.0,0.0,
mppi_coast,flee,300.0,1800.0,0.1,0.1,5.0,6.25,10.0,10.0,10,100.0,inf,full,both,inf,180.0,0.01,0.0,0.0,256,20,3,0.5,0.1,0.99,10.0,256,20,0,128,0,5.0,6.25,300.0,3243.1569982265737,0.0,0.0,0.0,
mppi_coast,flee,300.0,1800.0,0.1,0.1,5.0,7.5,10.0,10.0,10,100.0,inf,full,both,inf,180.0,0.01,0.0,0.0,256,20,3,0.5,0.1,0.99,10.0,256,20,0,128,0,5.0,7.5,300.0,4722.513706708326,0.0,0.0,0.0,
mppi_coast,flee,300.0,1800.0,0.1,0.1,5.0,10.0,10.0,10.0,10,100.0,inf,full,both,inf,180.0,0.01,0.0,0.0,256,20,3,0.5,0.1,0.99,10.0,256,20,0,128,0,5.0,10.0,300.0,7111.193988558257,0.0,0.0,0.0,
mppi_coast,flee,300.0,1800.0,0.1,0.1,5.0,inf,10.0,10.0,10,100.0,inf,full,both,inf,180.0,0.01,0.0,0.0,256,20,3,0.5,0.1,0.99,10.0,256,20,0,128,0,5.0,17.999999999999986,300.0,10354.720986768534,0.0,0.0,0.0,
mppi_coast,flee,300.0,1800.0,0.1,0.11,5.0,1.25,10.0,10.0,10,100.0,inf,full,both,inf,180.0,0.01,0.0,0.0,256,20,3,0.5,0.1,0.99,10.0,256,20,0,128,128,3.871429762731404,1.25,3.1989245332422427,5.722474364985324,0.0,0.0,1.0,460.0
mppi_coast,flee,300.0,1800.0,0.1,0.11,5.0,2.5,10.0,10.0,10,100.0,inf,full,both,inf,180.0,0.01,0.0,0.0,256,20,3,0.5,0.1,0.99,10.0,256,20,0,128,128,5.0,2.5,3.385085096153809,5.151438257325933,0.0,0.0,1.0,660.0
mppi_coast,flee,300.0,1800.0,0.1,0.11,5.0,3.75,10.0,10.0,10,100.0,inf,full,both,inf,180.0,0.01,0.0,0.0,256,20,3,0.5,0.1,0.99,10.0,256,20,0,128,68,5.0,3.75,97.4488187867615,229.083663352058,0.0,0.0,0.53125,970.0
mppi_coast,flee,300.0,1800.0,0.1,0.11,5.0,4.5,10.0,10.0,10,100.0,inf,full,both,inf,180.0,0.01,0.0,0.0,256,20,3,0.5,0.1,0.99,10.0,256,20,0,128,1,5.0,4.5,247.81698105545345,991.055343271831,0.0,0.0,0.0078125,1340.0
mppi_coast,flee,300.0,1800.0,0.1,0.11,5.0,5.0,10.0,10.0,10,100.0,inf,full,both,inf,180.0,0.01,0.0,0.0,256,20,3,0.5,0.1,0.99,10.0,256,20,0,128,0,5.0,5.0,296.5644612156314,1683.7215850251912,0.0,0.0,0.0,
mppi_coast,flee,300.0,1800.0,0.1,0.11,5.0,5.5,10.0,10.0,10,100.0,inf,full,both,inf,180.0,0.01,0.0,0.0,256,20,3,0.5,0.1,0.99,10.0,256,20,0,128,0,5.0,5.5,300.0,2424.6727746014963,0.0,0.0,0.0,
mppi_coast,flee,300.0,1800.0,0.1,0.11,5.0,6.25,10.0,10.0,10,100.0,inf,full,both,inf,180.0,0.01,0.0,0.0,256,20,3,0.5,0.1,0.99,10.0,256,20,0,128,0,5.0,6.25,300.0,3476.634492808674,0.0,0.0,0.0,
mppi_coast,flee,300.0,1800.0,0.1,0.11,5.0,7.5,10.0,10.0,10,100.0,inf,full,both,inf,180.0,0.01,0.0,0.0,256,20,3,0.5,0.1,0.99,10.0,256,20,0,128,0,5.0,7.5,300.0,5066.614464987687,0.0,0.0,0.0,
mppi_coast,flee,300.0,1800.0,0.1,0.11,5.0,10.0,10.0,10.0,10,100.0,inf,full,both,inf,180.0,0.01,0.0,0.0,256,20,3,0.5,0.1,0.99,10.0,256,20,0,128,0,5.0,10.0,300.0,7695.38268719046,0.0,0.0,0.0,
mppi_coast,flee,300.0,1800.0,0.1,0.11,5.0,inf,10.0,10.0,10,100.0,inf,full,both,inf,180.0,0.01,0.0,0.0,256,20,3,0.5,0.1,0.99,10.0,256,20,0,128,0,5.0,19.79999999999995,300.0,12128.496310674158,0.0,0.0,0.0,
mppi_coast,flee,300.0,1800.0,0.1,0.125,5.0,1.25,10.0,10.0,10,100.0,inf,full,both,inf,180.0,0.01,0.0,0.0,256,20,3,0.5,0.1,0.99,10.0,256,20,0,128,128,3.880474342537208,1.25,3.559203290323789,5.5833591816861,0.0,0.0,1.0,460.0
mppi_coast,flee,300.0,1800.0,0.1,0.125,5.0,2.5,10.0,10.0,10,100.0,inf,full,both,inf,180.0,0.01,0.0,0.0,256,20,3,0.5,0.1,0.99,10.0,256,20,0,128,128,4.99990960537387,2.5,3.568209548179512,4.845066182854074,0.0,0.0,1.0,660.0
mppi_coast,flee,300.0,1800.0,0.1,0.125,5.0,3.75,10.0,10.0,10,100.0,inf,full,both,inf,180.0,0.01,0.0,0.0,256,20,3,0.5,0.1,0.99,10.0,256,20,0,128,64,5.0,3.75,103.1762846633572,301.1308028113341,0.0,0.0,0.5,975.0
mppi_coast,flee,300.0,1800.0,0.1,0.125,5.0,4.5,10.0,10.0,10,100.0,inf,full,both,inf,180.0,0.01,0.0,0.0,256,20,3,0.5,0.1,0.99,10.0,256,20,0,128,1,5.0,4.5,245.1789272428509,1087.308513328186,0.0,0.0,0.0078125,1340.0
mppi_coast,flee,300.0,1800.0,0.1,0.125,5.0,5.0,10.0,10.0,10,100.0,inf,full,both,inf,180.0,0.01,0.0,0.0,256,20,3,0.5,0.1,0.99,10.0,256,20,0,128,0,5.0,5.0,294.4190417443913,1792.8315946481475,0.0,0.0,0.0,
mppi_coast,flee,300.0,1800.0,0.1,0.125,5.0,5.5,10.0,10.0,10,100.0,inf,full,both,inf,180.0,0.01,0.0,0.0,256,20,3,0.5,0.1,0.99,10.0,256,20,0,128,0,5.0,5.5,300.0,2576.727844287041,0.0,0.0,0.0,
mppi_coast,flee,300.0,1800.0,0.1,0.125,5.0,6.25,10.0,10.0,10,100.0,inf,full,both,inf,180.0,0.01,0.0,0.0,256,20,3,0.5,0.1,0.99,10.0,256,20,0,128,0,5.0,6.25,300.0,3704.7834232663695,0.0,0.0,0.0,
mppi_coast,flee,300.0,1800.0,0.1,0.125,5.0,7.5,10.0,10.0,10,100.0,inf,full,both,inf,180.0,0.01,0.0,0.0,256,20,3,0.5,0.1,0.99,10.0,256,20,0,128,0,5.0,7.5,300.0,5432.3192735713255,0.0,0.0,0.0,
mppi_coast,flee,300.0,1800.0,0.1,0.125,5.0,10.0,10.0,10.0,10,100.0,inf,full,both,inf,180.0,0.01,0.0,0.0,256,20,3,0.5,0.1,0.99,10.0,256,20,0,128,0,5.0,10.0,300.0,8365.208430746907,0.0,0.0,0.0,
mppi_coast,flee,300.0,1800.0,0.1,0.125,5.0,inf,10.0,10.0,10,100.0,inf,full,both,inf,180.0,0.01,0.0,0.0,256,20,3,0.5,0.1,0.99,10.0,256,20,0,128,0,5.0,22.5,300.0,14740.93443133735,0.0,0.0,0.0,
mppi_coast,flee,300.0,1800.0,0.1,0.15,5.0,1.25,10.0,10.0,10,100.0,inf,full,both,inf,180.0,0.01,0.0,0.0,256,20,3,0.5,0.1,0.99,10.0,256,20,0,128,128,3.881716176565847,1.25,3.176962966907998,5.517767008685657,0.0,0.0,1.0,460.0
mppi_coast,flee,300.0,1800.0,0.1,0.15,5.0,2.5,10.0,10.0,10,100.0,inf,full,both,inf,180.0,0.01,0.0,0.0,256,20,3,0.5,0.1,0.99,10.0,256,20,0,128,128,5.0,2.5,3.215225404405979,5.134691829439262,0.0,0.0,1.0,670.0
mppi_coast,flee,300.0,1800.0,0.1,0.15,5.0,3.75,10.0,10.0,10,100.0,inf,full,both,inf,180.0,0.01,0.0,0.0,256,20,3,0.5,0.1,0.99,10.0,256,20,0,128,60,5.0,3.75,130.15671590054245,384.4869937398768,0.0,0.0,0.46875,990.0
mppi_coast,flee,300.0,1800.0,0.1,0.15,5.0,4.5,10.0,10.0,10,100.0,inf,full,both,inf,180.0,0.01,0.0,0.0,256,20,3,0.5,0.1,0.99,10.0,256,20,0,128,1,5.0,4.5,251.18074568305872,1318.3657287116575,0.0,0.0,0.0078125,1310.0
mppi_coast,flee,300.0,1800.0,0.1,0.15,5.0,5.0,10.0,10.0,10,100.0,inf,full,both,inf,180.0,0.01,0.0,0.0,256,20,3,0.5,0.1,0.99,10.0,256,20,0,128,0,5.0,5.0,293.8387735347312,2064.22046337416,0.0,0.0,0.0,
mppi_coast,flee,300.0,1800.0,0.1,0.15,5.0,5.5,10.0,10.0,10,100.0,inf,full,both,inf,180.0,0.01,0.0,0.0,256,20,3,0.5,0.1,0.99,10.0,256,20,0,128,0,5.0,5.5,300.0,2906.494116030296,0.0,0.0,0.0,
mppi_coast,flee,300.0,1800.0,0.1,0.15,5.0,6.25,10.0,10.0,10,100.0,inf,full,both,inf,180.0,0.01,0.0,0.0,256,20,3,0.5,0.1,0.99,10.0,256,20,0,128,0,5.0,6.25,300.0,4134.202879855621,0.0,0.0,0.0,
mppi_coast,flee,300.0,1800.0,0.1,0.15,5.0,7.5,10.0,10.0,10,100.0,inf,full,both,inf,180.0,0.01,0.0,0.0,256,20,3,0.5,0.1,0.99,10.0,256,20,0,128,0,5.0,7.5,300.0,6047.532012385595,0.0,0.0,0.0,
mppi_coast,flee,300.0,1800.0,0.1,0.15,5.0,10.0,10.0,10.0,10,100.0,inf,full,both,inf,180.0,0.01,0.0,0.0,256,20,3,0.5,0.1,0.99,10.0,256,20,0,128,0,5.0,10.0,300.0,9388.153889652764,0.0,0.0,0.0,
mppi_coast,flee,300.0,1800.0,0.1,0.15,5.0,inf,10.0,10.0,10,100.0,inf,full,both,inf,180.0,0.01,0.0,0.0,256,20,3,0.5,0.1,0.99,10.0,256,20,0,128,0,5.0,26.99999999999992,300.0,19294.71686114779,0.0,0.0,0.0,
mppi_coast,flee,300.0,1800.0,0.1,0.2,5.0,1.25,10.0,10.0,10,100.0,inf,full,both,inf,180.0,0.01,0.0,0.0,256,20,3,0.5,0.1,0.99,10.0,256,20,0,128,128,3.911185337879422,1.25,2.9572846545373217,5.821382939846201,0.0,0.0,1.0,470.0
mppi_coast,flee,300.0,1800.0,0.1,0.2,5.0,2.5,10.0,10.0,10,100.0,inf,full,both,inf,180.0,0.01,0.0,0.0,256,20,3,0.5,0.1,0.99,10.0,256,20,0,128,128,5.0,2.5,3.1498990462195704,4.792763193322218,0.0,0.0,1.0,700.0
mppi_coast,flee,300.0,1800.0,0.1,0.2,5.0,3.75,10.0,10.0,10,100.0,inf,full,both,inf,180.0,0.01,0.0,0.0,256,20,3,0.5,0.1,0.99,10.0,256,20,0,128,47,5.0,3.75,154.9919749109349,581.6831079383591,0.0,0.0,0.3671875,1020.0
mppi_coast,flee,300.0,1800.0,0.1,0.2,5.0,4.5,10.0,10.0,10,100.0,inf,full,both,inf,180.0,0.01,0.0,0.0,256,20,3,0.5,0.1,0.99,10.0,256,20,0,128,0,5.0,4.5,259.65750530341137,1629.5550014160028,0.0,0.0,0.0,
mppi_coast,flee,300.0,1800.0,0.1,0.2,5.0,5.0,10.0,10.0,10,100.0,inf,full,both,inf,180.0,0.01,0.0,0.0,256,20,3,0.5,0.1,0.99,10.0,256,20,0,128,0,5.0,5.0,290.5900386453756,2440.1150419320984,0.0,0.0,0.0,
mppi_coast,flee,300.0,1800.0,0.1,0.2,5.0,5.5,10.0,10.0,10,100.0,inf,full,both,inf,180.0,0.01,0.0,0.0,256,20,3,0.5,0.1,0.99,10.0,256,20,0,128,0,5.0,5.5,300.0,3359.5347178297,0.0,0.0,0.0,
mppi_coast,flee,300.0,1800.0,0.1,0.2,5.0,6.25,10.0,10.0,10,100.0,inf,full,both,inf,180.0,0.01,0.0,0.0,256,20,3,0.5,0.1,0.99,10.0,256,20,0,128,0,5.0,6.25,300.0,4719.140582660476,0.0,0.0,0.0,
mppi_coast,flee,300.0,1800.0,0.1,0.2,5.0,7.5,10.0,10.0,10,100.0,inf,full,both,inf,180.0,0.01,0.0,0.0,256,20,3,0.5,0.1,0.99,10.0,256,20,0,128,0,5.0,7.5,300.0,6881.184605472733,0.0,0.0,0.0,
mppi_coast,flee,300.0,1800.0,0.1,0.2,5.0,10.0,10.0,10.0,10,100.0,inf,full,both,inf,180.0,0.01,0.0,0.0,256,20,3,0.5,0.1,0.99,10.0,256,20,0,128,0,5.0,10.0,300.0,10801.675289468183,0.0,0.0,0.0,
mppi_coast,flee,300.0,1800.0,0.1,0.2,5.0,inf,10.0,10.0,10,100.0,inf,full,both,inf,180.0,0.01,0.0,0.0,256,20,3,0.5,0.1,0.99,10.0,256,20,0,128,0,5.0,35.99999999999997,300.0,28448.52403015961,0.0,0.0,0.0,
mppi_coast,coast,300.0,1800.0,0.1,0.025,5.0,1.25,10.0,10.0,10,100.0,inf,full,both,inf,180.0,0.01,0.0,0.0,256,20,3,0.5,0.1,0.99,10.0,256,20,0,128,128,2.3133726649199864,0.0,3.4911738558138485,5.024513202987901,0.0,0.0,1.0,290.0
mppi_coast,coast,300.0,1800.0,0.1,0.025,5.0,2.5,10.0,10.0,10,100.0,inf,full,both,inf,180.0,0.01,0.0,0.0,256,20,3,0.5,0.1,0.99,10.0,256,20,0,128,128,2.3133726649199864,0.0,3.4911738558138485,5.024513202987901,0.0,0.0,1.0,290.0
mppi_coast,coast,300.0,1800.0,0.1,0.025,5.0,3.75,10.0,10.0,10,100.0,inf,full,both,inf,180.0,0.01,0.0,0.0,256,20,3,0.5,0.1,0.99,10.0,256,20,0,128,128,2.3133726649199864,0.0,3.4911738558138485,5.024513202987901,0.0,0.0,1.0,290.0
mppi_coast,coast,300.0,1800.0,0.1,0.025,5.0,4.5,10.0,10.0,10,100.0,inf,full,both,inf,180.0,0.01,0.0,0.0,256,20,3,0.5,0.1,0.99,10.0,256,20,0,128,128,2.3133726649199864,0.0,3.4911738558138485,5.024513202987901,0.0,0.0,1.0,290.0
mppi_coast,coast,300.0,1800.0,0.1,0.025,5.0,5.0,10.0,10.0,10,100.0,inf,full,both,inf,180.0,0.01,0.0,0.0,256,20,3,0.5,0.1,0.99,10.0,256,20,0,128,128,2.3133726649199864,0.0,3.4911738558138485,5.024513202987901,0.0,0.0,1.0,290.0
mppi_coast,coast,300.0,1800.0,0.1,0.025,5.0,5.5,10.0,10.0,10,100.0,inf,full,both,inf,180.0,0.01,0.0,0.0,256,20,3,0.5,0.1,0.99,10.0,256,20,0,128,128,2.3133726649199864,0.0,3.4911738558138485,5.024513202987901,0.0,0.0,1.0,290.0
mppi_coast,coast,300.0,1800.0,0.1,0.025,5.0,6.25,10.0,10.0,10,100.0,inf,full,both,inf,180.0,0.01,0.0,0.0,256,20,3,0.5,0.1,0.99,10.0,256,20,0,128,128,2.3133726649199864,0.0,3.4911738558138485,5.024513202987901,0.0,0.0,1.0,290.0
mppi_coast,coast,300.0,1800.0,0.1,0.025,5.0,7.5,10.0,10.0,10,100.0,inf,full,both,inf,180.0,0.01,0.0,0.0,256,20,3,0.5,0.1,0.99,10.0,256,20,0,128,128,2.3133726649199864,0.0,3.4911738558138485,5.024513202987901,0.0,0.0,1.0,290.0
mppi_coast,coast,300.0,1800.0,0.1,0.025,5.0,10.0,10.0,10.0,10,100.0,inf,full,both,inf,180.0,0.01,0.0,0.0,256,20,3,0.5,0.1,0.99,10.0,256,20,0,128,128,2.3133726649199864,0.0,3.4911738558138485,5.024513202987901,0.0,0.0,1.0,290.0
mppi_coast,coast,300.0,1800.0,0.1,0.025,5.0,inf,10.0,10.0,10,100.0,inf,full,both,inf,180.0,0.01,0.0,0.0,256,20,3,0.5,0.1,0.99,10.0,256,20,0,128,128,2.3133726649199864,0.0,3.4911738558138485,5.024513202987901,0.0,0.0,1.0,290.0
mppi_coast,coast,300.0,1800.0,0.1,0.05,5.0,1.25,10.0,10.0,10,100.0,inf,full,both,inf,180.0,0.01,0.0,0.0,256,20,3,0.5,0.1,0.99,10.0,256,20,0,128,128,2.3133726649199864,0.0,3.4911738558138485,5.024513202987901,0.0,0.0,1.0,290.0
mppi_coast,coast,300.0,1800.0,0.1,0.05,5.0,2.5,10.0,10.0,10,100.0,inf,full,both,inf,180.0,0.01,0.0,0.0,256,20,3,0.5,0.1,0.99,10.0,256,20,0,128,128,2.3133726649199864,0.0,3.4911738558138485,5.024513202987901,0.0,0.0,1.0,290.0
mppi_coast,coast,300.0,1800.0,0.1,0.05,5.0,3.75,10.0,10.0,10,100.0,inf,full,both,inf,180.0,0.01,0.0,0.0,256,20,3,0.5,0.1,0.99,10.0,256,20,0,128,128,2.3133726649199864,0.0,3.4911738558138485,5.024513202987901,0.0,0.0,1.0,290.0
mppi_coast,coast,300.0,1800.0,0.1,0.05,5.0,4.5,10.0,10.0,10,100.0,inf,full,both,inf,180.0,0.01,0.0,0.0,256,20,3,0.5,0.1,0.99,10.0,256,20,0,128,128,2.3133726649199864,0.0,3.4911738558138485,5.024513202987901,0.0,0.0,1.0,290.0
mppi_coast,coast,300.0,1800.0,0.1,0.05,5.0,5.0,10.0,10.0,10,100.0,inf,full,both,inf,180.0,0.01,0.0,0.0,256,20,3,0.5,0.1,0.99,10.0,256,20,0,128,128,2.3133726649199864,0.0,3.4911738558138485,5.024513202987901,0.0,0.0,1.0,290.0
mppi_coast,coast,300.0,1800.0,0.1,0.05,5.0,5.5,10.0,10.0,10,100.0,inf,full,both,inf,180.0,0.01,0.0,0.0,256,20,3,0.5,0.1,0.99,10.0,256,20,0,128,128,2.3133726649199864,0.0,3.4911738558138485,5.024513202987901,0.0,0.0,1.0,290.0
mppi_coast,coast,300.0,1800.0,0.1,0.05,5.0,6.25,10.0,10.0,10,100.0,inf,full,both,inf,180.0,0.01,0.0,0.0,256,20,3,0.5,0.1,0.99,10.0,256,20,0,128,128,2.3133726649199864,0.0,3.4911738558138485,5.024513202987901,0.0,0.0,1.0,290.0
mppi_coast,coast,300.0,1800.0,0.1,0.05,5.0,7.5,10.0,10.0,10,100.0,inf,full,both,inf,180.0,0.01,0.0,0.0,256,20,3,0.5,0.1,0.99,10.0,256,20,0,128,128,2.3133726649199864,0.0,3.4911738558138485,5.024513202987901,0.0,0.0,1.0,290.0
mppi_coast,coast,300.0,1800.0,0.1,0.05,5.0,10.0,10.0,10.0,10,100.0,inf,full,both,inf,180.0,0.01,0.0,0.0,256,20,3,0.5,0.1,0.99,10.0,256,20,0,128,128,2.3133726649199864,0.0,3.4911738558138485,5.024513202987901,0.0,0.0,1.0,290.0
mppi_coast,coast,300.0,1800.0,0.1,0.05,5.0,inf,10.0,10.0,10,100.0,inf,full,both,inf,180.0,0.01,0.0,0.0,256,20,3,0.5,0.1,0.99,10.0,256,20,0,128,128,2.3133726649199864,0.0,3.4911738558138485,5.024513202987901,0.0,0.0,1.0,290.0
mppi_coast,coast,300.0,1800.0,0.1,0.075,5.0,1.25,10.0,10.0,10,100.0,inf,full,both,inf,180.0,0.01,0.0,0.0,256,20,3,0.5,0.1,0.99,10.0,256,20,0,128,128,2.3133726649199864,0.0,3.4911738558138485,5.024513202987901,0.0,0.0,1.0,290.0
mppi_coast,coast,300.0,1800.0,0.1,0.075,5.0,2.5,10.0,10.0,10,100.0,inf,full,both,inf,180.0,0.01,0.0,0.0,256,20,3,0.5,0.1,0.99,10.0,256,20,0,128,128,2.3133726649199864,0.0,3.4911738558138485,5.024513202987901,0.0,0.0,1.0,290.0
mppi_coast,coast,300.0,1800.0,0.1,0.075,5.0,3.75,10.0,10.0,10,100.0,inf,full,both,inf,180.0,0.01,0.0,0.0,256,20,3,0.5,0.1,0.99,10.0,256,20,0,128,128,2.3133726649199864,0.0,3.4911738558138485,5.024513202987901,0.0,0.0,1.0,290.0
mppi_coast,coast,300.0,1800.0,0.1,0.075,5.0,4.5,10.0,10.0,10,100.0,inf,full,both,inf,180.0,0.01,0.0,0.0,256,20,3,0.5,0.1,0.99,10.0,256,20,0,128,128,2.3133726649199864,0.0,3.4911738558138485,5.024513202987901,0.0,0.0,1.0,290.0
mppi_coast,coast,300.0,1800.0,0.1,0.075,5.0,5.0,10.0,10.0,10,100.0,inf,full,both,inf,180.0,0.01,0.0,0.0,256,20,3,0.5,0.1,0.99,10.0,256,20,0,128,128,2.3133726649199864,0.0,3.4911738558138485,5.024513202987901,0.0,0.0,1.0,290.0
mppi_coast,coast,300.0,1800.0,0.1,0.075,5.0,5.5,10.0,10.0,10,100.0,inf,full,both,inf,180.0,0.01,0.0,0.0,256,20,3,0.5,0.1,0.99,10.0,256,20,0,128,128,2.3133726649199864,0.0,3.4911738558138485,5.024513202987901,0.0,0.0,1.0,290.0
mppi_coast,coast,300.0,1800.0,0.1,0.075,5.0,6.25,10.0,10.0,10,100.0,inf,full,both,inf,180.0,0.01,0.0,0.0,256,20,3,0.5,0.1,0.99,10.0,256,20,0,128,128,2.3133726649199864,0.0,3.4911738558138485,5.024513202987901,0.0,0.0,1.0,290.0
mppi_coast,coast,300.0,1800.0,0.1,0.075,5.0,7.5,10.0,10.0,10,100.0,inf,full,both,inf,180.0,0.01,0.0,0.0,256,20,3,0.5,0.1,0.99,10.0,256,20,0,128,128,2.3133726649199864,0.0,3.4911738558138485,5.024513202987901,0.0,0.0,1.0,290.0
mppi_coast,coast,300.0,1800.0,0.1,0.075,5.0,10.0,10.0,10.0,10,100.0,inf,full,both,inf,180.0,0.01,0.0,0.0,256,20,3,0.5,0.1,0.99,10.0,256,20,0,128,128,2.3133726649199864,0.0,3.4911738558138485,5.024513202987901,0.0,0.0,1.0,290.0
mppi_coast,coast,300.0,1800.0,0.1,0.075,5.0,inf,10.0,10.0,10,100.0,inf,full,both,inf,180.0,0.01,0.0,0.0,256,20,3,0.5,0.1,0.99,10.0,256,20,0,128,128,2.3133726649199864,0.0,3.4911738558138485,5.024513202987901,0.0,0.0,1.0,290.0
mppi_coast,coast,300.0,1800.0,0.1,0.09,5.0,1.25,10.0,10.0,10,100.0,inf,full,both,inf,180.0,0.01,0.0,0.0,256,20,3,0.5,0.1,0.99,10.0,256,20,0,128,128,2.3133726649199864,0.0,3.4911738558138485,5.024513202987901,0.0,0.0,1.0,290.0
mppi_coast,coast,300.0,1800.0,0.1,0.09,5.0,2.5,10.0,10.0,10,100.0,inf,full,both,inf,180.0,0.01,0.0,0.0,256,20,3,0.5,0.1,0.99,10.0,256,20,0,128,128,2.3133726649199864,0.0,3.4911738558138485,5.024513202987901,0.0,0.0,1.0,290.0
mppi_coast,coast,300.0,1800.0,0.1,0.09,5.0,3.75,10.0,10.0,10,100.0,inf,full,both,inf,180.0,0.01,0.0,0.0,256,20,3,0.5,0.1,0.99,10.0,256,20,0,128,128,2.3133726649199864,0.0,3.4911738558138485,5.024513202987901,0.0,0.0,1.0,290.0
mppi_coast,coast,300.0,1800.0,0.1,0.09,5.0,4.5,10.0,10.0,10,100.0,inf,full,both,inf,180.0,0.01,0.0,0.0,256,20,3,0.5,0.1,0.99,10.0,256,20,0,128,128,2.3133726649199864,0.0,3.4911738558138485,5.024513202987901,0.0,0.0,1.0,290.0
mppi_coast,coast,300.0,1800.0,0.1,0.09,5.0,5.0,10.0,10.0,10,100.0,inf,full,both,inf,180.0,0.01,0.0,0.0,256,20,3,0.5,0.1,0.99,10.0,256,20,0,128,128,2.3133726649199864,0.0,3.4911738558138485,5.024513202987901,0.0,0.0,1.0,290.0
mppi_coast,coast,300.0,1800.0,0.1,0.09,5.0,5.5,10.0,10.0,10,100.0,inf,full,both,inf,180.0,0.01,0.0,0.0,256,20,3,0.5,0.1,0.99,10.0,256,20,0,128,128,2.3133726649199864,0.0,3.4911738558138485,5.024513202987901,0.0,0.0,1.0,290.0
mppi_coast,coast,300.0,1800.0,0.1,0.09,5.0,6.25,10.0,10.0,10,100.0,inf,full,both,inf,180.0,0.01,0.0,0.0,256,20,3,0.5,0.1,0.99,10.0,256,20,0,128,128,2.3133726649199864,0.0,3.4911738558138485,5.024513202987901,0.0,0.0,1.0,290.0
mppi_coast,coast,300.0,1800.0,0.1,0.09,5.0,7.5,10.0,10.0,10,100.0,inf,full,both,inf,180.0,0.01,0.0,0.0,256,20,3,0.5,0.1,0.99,10.0,256,20,0,128,128,2.3133726649199864,0.0,3.4911738558138485,5.024513202987901,0.0,0.0,1.0,290.0
mppi_coast,coast,300.0,1800.0,0.1,0.09,5.0,10.0,10.0,10.0,10,100.0,inf,full,both,inf,180.0,0.01,0.0,0.0,256,20,3,0.5,0.1,0.99,10.0,256,20,0,128,128,2.3133726649199864,0.0,3.4911738558138485,5.024513202987901,0.0,0.0,1.0,290.0
mppi_coast,coast,300.0,1800.0,0.1,0.09,5.0,inf,10.0,10.0,10,100.0,inf,full,both,inf,180.0,0.01,0.0,0.0,256,20,3,0.5,0.1,0.99,10.0,256,20,0,128,128,2.3133726649199864,0.0,3.4911738558138485,5.024513202987901,0.0,0.0,1.0,290.0
mppi_coast,coast,300.0,1800.0,0.1,0.1,5.0,1.25,10.0,10.0,10,100.0,inf,full,both,inf,180.0,0.01,0.0,0.0,256,20,3,0.5,0.1,0.99,10.0,256,20,0,128,128,2.3133726649199864,0.0,3.4911738558138485,5.024513202987901,0.0,0.0,1.0,290.0
mppi_coast,coast,300.0,1800.0,0.1,0.1,5.0,2.5,10.0,10.0,10,100.0,inf,full,both,inf,180.0,0.01,0.0,0.0,256,20,3,0.5,0.1,0.99,10.0,256,20,0,128,128,2.3133726649199864,0.0,3.4911738558138485,5.024513202987901,0.0,0.0,1.0,290.0
mppi_coast,coast,300.0,1800.0,0.1,0.1,5.0,3.75,10.0,10.0,10,100.0,inf,full,both,inf,180.0,0.01,0.0,0.0,256,20,3,0.5,0.1,0.99,10.0,256,20,0,128,128,2.3133726649199864,0.0,3.4911738558138485,5.024513202987901,0.0,0.0,1.0,290.0
mppi_coast,coast,300.0,1800.0,0.1,0.1,5.0,4.5,10.0,10.0,10,100.0,inf,full,both,inf,180.0,0.01,0.0,0.0,256,20,3,0.5,0.1,0.99,10.0,256,20,0,128,128,2.3133726649199864,0.0,3.4911738558138485,5.024513202987901,0.0,0.0,1.0,290.0
mppi_coast,coast,300.0,1800.0,0.1,0.1,5.0,5.0,10.0,10.0,10,100.0,inf,full,both,inf,180.0,0.01,0.0,0.0,256,20,3,0.5,0.1,0.99,10.0,256,20,0,128,128,2.3133726649199864,0.0,3.4911738558138485,5.024513202987901,0.0,0.0,1.0,290.0
mppi_coast,coast,300.0,1800.0,0.1,0.1,5.0,5.5,10.0,10.0,10,100.0,inf,full,both,inf,180.0,0.01,0.0,0.0,256,20,3,0.5,0.1,0.99,10.0,256,20,0,128,128,2.3133726649199864,0.0,3.4911738558138485,5.024513202987901,0.0,0.0,1.0,290.0
mppi_coast,coast,300.0,1800.0,0.1,0.1,5.0,6.25,10.0,10.0,10,100.0,inf,full,both,inf,180.0,0.01,0.0,0.0,256,20,3,0.5,0.1,0.99,10.0,256,20,0,128,128,2.3133726649199864,0.0,3.4911738558138485,5.024513202987901,0.0,0.0,1.0,290.0
mppi_coast,coast,300.0,1800.0,0.1,0.1,5.0,7.5,10.0,10.0,10,100.0,inf,full,both,inf,180.0,0.01,0.0,0.0,256,20,3,0.5,0.1,0.99,10.0,256,20,0,128,128,2.3133726649199864,0.0,3.4911738558138485,5.024513202987901,0.0,0.0,1.0,290.0
mppi_coast,coast,300.0,1800.0,0.1,0.1,5.0,10.0,10.0,10.0,10,100.0,inf,full,both,inf,180.0,0.01,0.0,0.0,256,20,3,0.5,0.1,0.99,10.0,256,20,0,128,128,2.3133726649199864,0.0,3.4911738558138485,5.024513202987901,0.0,0.0,1.0,290.0
mppi_coast,coast,300.0,1800.0,0.1,0.1,5.0,inf,10.0,10.0,10,100.0,inf,full,both,inf,180.0,0.01,0.0,0.0,256,20,3,0.5,0.1,0.99,10.0,256,20,0,128,128,2.3133726649199864,0.0,3.4911738558138485,5.024513202987901,0.0,0.0,1.0,290.0
mppi_coast,coast,300.0,1800.0,0.1,0.11,5.0,1.25,10.0,10.0,10,100.0,inf,full,both,inf,180.0,0.01,0.0,0.0,256,20,3,0.5,0.1,0.99,10.0,256,20,0,128,128,2.3133726649199864,0.0,3.4911738558138485,5.024513202987901,0.0,0.0,1.0,290.0
mppi_coast,coast,300.0,1800.0,0.1,0.11,5.0,2.5,10.0,10.0,10,100.0,inf,full,both,inf,180.0,0.01,0.0,0.0,256,20,3,0.5,0.1,0.99,10.0,256,20,0,128,128,2.3133726649199864,0.0,3.4911738558138485,5.024513202987901,0.0,0.0,1.0,290.0
mppi_coast,coast,300.0,1800.0,0.1,0.11,5.0,3.75,10.0,10.0,10,100.0,inf,full,both,inf,180.0,0.01,0.0,0.0,256,20,3,0.5,0.1,0.99,10.0,256,20,0,128,128,2.3133726649199864,0.0,3.4911738558138485,5.024513202987901,0.0,0.0,1.0,290.0
mppi_coast,coast,300.0,1800.0,0.1,0.11,5.0,4.5,10.0,10.0,10,100.0,inf,full,both,inf,180.0,0.01,0.0,0.0,256,20,3,0.5,0.1,0.99,10.0,256,20,0,128,128,2.3133726649199864,0.0,3.4911738558138485,5.024513202987901,0.0,0.0,1.0,290.0
mppi_coast,coast,300.0,1800.0,0.1,0.11,5.0,5.0,10.0,10.0,10,100.0,inf,full,both,inf,180.0,0.01,0.0,0.0,256,20,3,0.5,0.1,0.99,10.0,256,20,0,128,128,2.3133726649199864,0.0,3.4911738558138485,5.024513202987901,0.0,0.0,1.0,290.0
mppi_coast,coast,300.0,1800.0,0.1,0.11,5.0,5.5,10.0,10.0,10,100.0,inf,full,both,inf,180.0,0.01,0.0,0.0,256,20,3,0.5,0.1,0.99,10.0,256,20,0,128,128,2.3133726649199864,0.0,3.4911738558138485,5.024513202987901,0.0,0.0,1.0,290.0
mppi_coast,coast,300.0,1800.0,0.1,0.11,5.0,6.25,10.0,10.0,10,100.0,inf,full,both,inf,180.0,0.01,0.0,0.0,256,20,3,0.5,0.1,0.99,10.0,256,20,0,128,128,2.3133726649199864,0.0,3.4911738558138485,5.024513202987901,0.0,0.0,1.0,290.0
mppi_coast,coast,300.0,1800.0,0.1,0.11,5.0,7.5,10.0,10.0,10,100.0,inf,full,both,inf,180.0,0.01,0.0,0.0,256,20,3,0.5,0.1,0.99,10.0,256,20,0,128,128,2.3133726649199864,0.0,3.4911738558138485,5.024513202987901,0.0,0.0,1.0,290.0
mppi_coast,coast,300.0,1800.0,0.1,0.11,5.0,10.0,10.0,10.0,10,100.0,inf,full,both,inf,180.0,0.01,0.0,0.0,256,20,3,0.5,0.1,0.99,10.0,256,20,0,128,128,2.3133726649199864,0.0,3.4911738558138485,5.024513202987901,0.0,0.0,1.0,290.0
mppi_coast,coast,300.0,1800.0,0.1,0.11,5.0,inf,10.0,10.0,10,100.0,inf,full,both,inf,180.0,0.01,0.0,0.0,256,20,3,0.5,0.1,0.99,10.0,256,20,0,128,128,2.3133726649199864,0.0,3.4911738558138485,5.024513202987901,0.0,0.0,1.0,290.0
mppi_coast,coast,300.0,1800.0,0.1,0.125,5.0,1.25,10.0,10.0,10,100.0,inf,full,both,inf,180.0,0.01,0.0,0.0,256,20,3,0.5,0.1,0.99,10.0,256,20,0,128,128,2.3133726649199864,0.0,3.4911738558138485,5.024513202987901,0.0,0.0,1.0,290.0
mppi_coast,coast,300.0,1800.0,0.1,0.125,5.0,2.5,10.0,10.0,10,100.0,inf,full,both,inf,180.0,0.01,0.0,0.0,256,20,3,0.5,0.1,0.99,10.0,256,20,0,128,128,2.3133726649199864,0.0,3.4911738558138485,5.024513202987901,0.0,0.0,1.0,290.0
mppi_coast,coast,300.0,1800.0,0.1,0.125,5.0,3.75,10.0,10.0,10,100.0,inf,full,both,inf,180.0,0.01,0.0,0.0,256,20,3,0.5,0.1,0.99,10.0,256,20,0,128,128,2.3133726649199864,0.0,3.4911738558138485,5.024513202987901,0.0,0.0,1.0,290.0
mppi_coast,coast,300.0,1800.0,0.1,0.125,5.0,4.5,10.0,10.0,10,100.0,inf,full,both,inf,180.0,0.01,0.0,0.0,256,20,3,0.5,0.1,0.99,10.0,256,20,0,128,128,2.3133726649199864,0.0,3.4911738558138485,5.024513202987901,0.0,0.0,1.0,290.0
mppi_coast,coast,300.0,1800.0,0.1,0.125,5.0,5.0,10.0,10.0,10,100.0,inf,full,both,inf,180.0,0.01,0.0,0.0,256,20,3,0.5,0.1,0.99,10.0,256,20,0,128,128,2.3133726649199864,0.0,3.4911738558138485,5.024513202987901,0.0,0.0,1.0,290.0
mppi_coast,coast,300.0,1800.0,0.1,0.125,5.0,5.5,10.0,10.0,10,100.0,inf,full,both,inf,180.0,0.01,0.0,0.0,256,20,3,0.5,0.1,0.99,10.0,256,20,0,128,128,2.3133726649199864,0.0,3.4911738558138485,5.024513202987901,0.0,0.0,1.0,290.0
mppi_coast,coast,300.0,1800.0,0.1,0.125,5.0,6.25,10.0,10.0,10,100.0,inf,full,both,inf,180.0,0.01,0.0,0.0,256,20,3,0.5,0.1,0.99,10.0,256,20,0,128,128,2.3133726649199864,0.0,3.4911738558138485,5.024513202987901,0.0,0.0,1.0,290.0
mppi_coast,coast,300.0,1800.0,0.1,0.125,5.0,7.5,10.0,10.0,10,100.0,inf,full,both,inf,180.0,0.01,0.0,0.0,256,20,3,0.5,0.1,0.99,10.0,256,20,0,128,128,2.3133726649199864,0.0,3.4911738558138485,5.024513202987901,0.0,0.0,1.0,290.0
mppi_coast,coast,300.0,1800.0,0.1,0.125,5.0,10.0,10.0,10.0,10,100.0,inf,full,both,inf,180.0,0.01,0.0,0.0,256,20,3,0.5,0.1,0.99,10.0,256,20,0,128,128,2.3133726649199864,0.0,3.4911738558138485,5.024513202987901,0.0,0.0,1.0,290.0
mppi_coast,coast,300.0,1800.0,0.1,0.125,5.0,inf,10.0,10.0,10,100.0,inf,full,both,inf,180.0,0.01,0.0,0.0,256,20,3,0.5,0.1,0.99,10.0,256,20,0,128,128,2.3133726649199864,0.0,3.4911738558138485,5.024513202987901,0.0,0.0,1.0,290.0
mppi_coast,coast,300.0,1800.0,0.1,0.15,5.0,1.25,10.0,10.0,10,100.0,inf,full,both,inf,180.0,0.01,0.0,0.0,256,20,3,0.5,0.1,0.99,10.0,256,20,0,128,128,2.3133726649199864,0.0,3.4911738558138485,5.024513202987901,0.0,0.0,1.0,290.0
mppi_coast,coast,300.0,1800.0,0.1,0.15,5.0,2.5,10.0,10.0,10,100.0,inf,full,both,inf,180.0,0.01,0.0,0.0,256,20,3,0.5,0.1,0.99,10.0,256,20,0,128,128,2.3133726649199864,0.0,3.4911738558138485,5.024513202987901,0.0,0.0,1.0,290.0
mppi_coast,coast,300.0,1800.0,0.1,0.15,5.0,3.75,10.0,10.0,10,100.0,inf,full,both,inf,180.0,0.01,0.0,0.0,256,20,3,0.5,0.1,0.99,10.0,256,20,0,128,128,2.3133726649199864,0.0,3.4911738558138485,5.024513202987901,0.0,0.0,1.0,290.0
mppi_coast,coast,300.0,1800.0,0.1,0.15,5.0,4.5,10.0,10.0,10,100.0,inf,full,both,inf,180.0,0.01,0.0,0.0,256,20,3,0.5,0.1,0.99,10.0,256,20,0,128,128,2.3133726649199864,0.0,3.4911738558138485,5.024513202987901,0.0,0.0,1.0,290.0
mppi_coast,coast,300.0,1800.0,0.1,0.15,5.0,5.0,10.0,10.0,10,100.0,inf,full,both,inf,180.0,0.01,0.0,0.0,256,20,3,0.5,0.1,0.99,10.0,256,20,0,128,128,2.3133726649199864,0.0,3.4911738558138485,5.024513202987901,0.0,0.0,1.0,290.0
mppi_coast,coast,300.0,1800.0,0.1,0.15,5.0,5.5,10.0,10.0,10,100.0,inf,full,both,inf,180.0,0.01,0.0,0.0,256,20,3,0.5,0.1,0.99,10.0,256,20,0,128,128,2.3133726649199864,0.0,3.4911738558138485,5.024513202987901,0.0,0.0,1.0,290.0
mppi_coast,coast,300.0,1800.0,0.1,0.15,5.0,6.25,10.0,10.0,10,100.0,inf,full,both,inf,180.0,0.01,0.0,0.0,256,20,3,0.5,0.1,0.99,10.0,256,20,0,128,128,2.3133726649199864,0.0,3.4911738558138485,5.024513202987901,0.0,0.0,1.0,290.0
mppi_coast,coast,300.0,1800.0,0.1,0.15,5.0,7.5,10.0,10.0,10,100.0,inf,full,both,inf,180.0,0.01,0.0,0.0,256,20,3,0.5,0.1,0.99,10.0,256,20,0,128,128,2.3133726649199864,0.0,3.4911738558138485,5.024513202987901,0.0,0.0,1.0,290.0
mppi_coast,coast,300.0,1800.0,0.1,0.15,5.0,10.0,10.0,10.0,10,100.0,inf,full,both,inf,180.0,0.01,0.0,0.0,256,20,3,0.5,0.1,0.99,10.0,256,20,0,128,128,2.3133726649199864,0.0,3.4911738558138485,5.024513202987901,0.0,0.0,1.0,290.0
mppi_coast,coast,300.0,1800.0,0.1,0.15,5.0,inf,10.0,10.0,10,100.0,inf,full,both,inf,180.0,0.01,0.0,0.0,256,20,3,0.5,0.1,0.99,10.0,256,20,0,128,128,2.3133726649199864,0.0,3.4911738558138485,5.024513202987901,0.0,0.0,1.0,290.0
mppi_coast,coast,300.0,1800.0,0.1,0.2,5.0,1.25,10.0,10.0,10,100.0,inf,full,both,inf,180.0,0.01,0.0,0.0,256,20,3,0.5,0.1,0.99,10.0,256,20,0,128,128,2.3133726649199864,0.0,3.4911738558138485,5.024513202987901,0.0,0.0,1.0,290.0
mppi_coast,coast,300.0,1800.0,0.1,0.2,5.0,2.5,10.0,10.0,10,100.0,inf,full,both,inf,180.0,0.01,0.0,0.0,256,20,3,0.5,0.1,0.99,10.0,256,20,0,128,128,2.3133726649199864,0.0,3.4911738558138485,5.024513202987901,0.0,0.0,1.0,290.0
mppi_coast,coast,300.0,1800.0,0.1,0.2,5.0,3.75,10.0,10.0,10,100.0,inf,full,both,inf,180.0,0.01,0.0,0.0,256,20,3,0.5,0.1,0.99,10.0,256,20,0,128,128,2.3133726649199864,0.0,3.4911738558138485,5.024513202987901,0.0,0.0,1.0,290.0
mppi_coast,coast,300.0,1800.0,0.1,0.2,5.0,4.5,10.0,10.0,10,100.0,inf,full,both,inf,180.0,0.01,0.0,0.0,256,20,3,0.5,0.1,0.99,10.0,256,20,0,128,128,2.3133726649199864,0.0,3.4911738558138485,5.024513202987901,0.0,0.0,1.0,290.0
mppi_coast,coast,300.0,1800.0,0.1,0.2,5.0,5.0,10.0,10.0,10,100.0,inf,full,both,inf,180.0,0.01,0.0,0.0,256,20,3,0.5,0.1,0.99,10.0,256,20,0,128,128,2.3133726649199864,0.0,3.4911738558138485,5.024513202987901,0.0,0.0,1.0,290.0
mppi_coast,coast,300.0,1800.0,0.1,0.2,5.0,5.5,10.0,10.0,10,100.0,inf,full,both,inf,180.0,0.01,0.0,0.0,256,20,3,0.5,0.1,0.99,10.0,256,20,0,128,128,2.3133726649199864,0.0,3.4911738558138485,5.024513202987901,0.0,0.0,1.0,290.0
mppi_coast,coast,300.0,1800.0,0.1,0.2,5.0,6.25,10.0,10.0,10,100.0,inf,full,both,inf,180.0,0.01,0.0,0.0,256,20,3,0.5,0.1,0.99,10.0,256,20,0,128,128,2.3133726649199864,0.0,3.4911738558138485,5.024513202987901,0.0,0.0,1.0,290.0
mppi_coast,coast,300.0,1800.0,0.1,0.2,5.0,7.5,10.0,10.0,10,100.0,inf,full,both,inf,180.0,0.01,0.0,0.0,256,20,3,0.5,0.1,0.99,10.0,256,20,0,128,128,2.3133726649199864,0.0,3.4911738558138485,5.024513202987901,0.0,0.0,1.0,290.0
mppi_coast,coast,300.0,1800.0,0.1,0.2,5.0,10.0,10.0,10.0,10,100.0,inf,full,both,inf,180.0,0.01,0.0,0.0,256,20,3,0.5,0.1,0.99,10.0,256,20,0,128,128,2.3133726649199864,0.0,3.4911738558138485,5.024513202987901,0.0,0.0,1.0,290.0
mppi_coast,coast,300.0,1800.0,0.1,0.2,5.0,inf,10.0,10.0,10,100.0,inf,full,both,inf,180.0,0.01,0.0,0.0,256,20,3,0.5,0.1,0.99,10.0,256,20,0,128,128,2.3133726649199864,0.0,3.4911738558138485,5.024513202987901,0.0,0.0,1.0,290.0
mppi_coast,mppi_direct,300.0,1800.0,0.1,0.025,5.0,1.25,10.0,10.0,10,100.0,inf,full,both,inf,180.0,0.01,0.0,0.0,256,20,3,0.5,0.1,0.99,10.0,256,20,0,128,128,2.235813238071396,0.5555968056468837,3.689512427112412,5.624305022380024,0.0,0.0,1.0,280.0
mppi_coast,mppi_direct,300.0,1800.0,0.1,0.025,5.0,2.5,10.0,10.0,10,100.0,inf,full,both,inf,180.0,0.01,0.0,0.0,256,20,3,0.5,0.1,0.99,10.0,256,20,0,128,128,2.2347988292734806,0.5546516896267735,3.972420452109311,5.763350297327634,0.0,0.0,1.0,280.0
mppi_coast,mppi_direct,300.0,1800.0,0.1,0.025,5.0,3.75,10.0,10.0,10,100.0,inf,full,both,inf,180.0,0.01,0.0,0.0,256,20,3,0.5,0.1,0.99,10.0,256,20,0,128,128,2.2347988292734806,0.5546516896267735,3.972420452109311,5.763350297327634,0.0,0.0,1.0,280.0
mppi_coast,mppi_direct,300.0,1800.0,0.1,0.025,5.0,4.5,10.0,10.0,10,100.0,inf,full,both,inf,180.0,0.01,0.0,0.0,256,20,3,0.5,0.1,0.99,10.0,256,20,0,128,128,2.2347988292734806,0.5546516896267735,3.972420452109311,5.763350297327634,0.0,0.0,1.0,280.0
mppi_coast,mppi_direct,300.0,1800.0,0.1,0.025,5.0,5.0,10.0,10.0,10,100.0,inf,full,both,inf,180.0,0.01,0.0,0.0,256,20,3,0.5,0.1,0.99,10.0,256,20,0,128,128,2.2347988292734806,0.5546516896267735,3.972420452109311,5.763350297327634,0.0,0.0,1.0,280.0
mppi_coast,mppi_direct,300.0,1800.0,0.1,0.025,5.0,5.5,10.0,10.0,10,100.0,inf,full,both,inf,180.0,0.01,0.0,0.0,256,20,3,0.5,0.1,0.99,10.0,256,20,0,128,128,2.2347988292734806,0.5546516896267735,3.972420452109311,5.763350297327634,0.0,0.0,1.0,280.0
mppi_coast,mppi_direct,300.0,1800.0,0.1,0.025,5.0,6.25,10.0,10.0,10,100.0,inf,full,both,inf,180.0,0.01,0.0,0.0,256,20,3,0.5,0.1,0.99,10.0,256,20,0,128,128,2.2347988292734806,0.5546516896267735,3.972420452109311,5.763350297327634,0.0,0.0,1.0,280.0
mppi_coast,mppi_direct,300.0,1800.0,0.1,0.025,5.0,7.5,10.0,10.0,10,100.0,inf,full,both,inf,180.0,0.01,0.0,0.0,256,20,3,0.5,0.1,0.99,10.0,256,20,0,128,128,2.2347988292734806,0.5546516896267735,3.972420452109311,5.763350297327634,0.0,0.0,1.0,280.0
mppi_coast,mppi_direct,300.0,1800.0,0.1,0.025,5.0,10.0,10.0,10.0,10,100.0,inf,full,both,inf,180.0,0.01,0.0,0.0,256,20,3,0.5,0.1,0.99,10.0,256,20,0,128,128,2.2347988292734806,0.5546516896267735,3.972420452109311,5.763350297327634,0.0,0.0,1.0,280.0
mppi_coast,mppi_direct,300.0,1800.0,0.1,0.025,5.0,inf,10.0,10.0,10,100.0,inf,full,both,inf,180.0,0.01,0.0,0.0,256,20,3,0.5,0.1,0.99,10.0,256,20,0,128,128,2.2347988292734806,0.5546516896267735,3.972420452109311,5.763350297327634,0.0,0.0,1.0,280.0
mppi_coast,mppi_direct,300.0,1800.0,0.1,0.05,5.0,1.25,10.0,10.0,10,100.0,inf,full,both,inf,180.0,0.01,0.0,0.0,256,20,3,0.5,0.1,0.99,10.0,256,20,0,128,128,2.0101505314830312,0.9692166271256786,6.948652353585764,8.737065234572482,0.0,0.0,1.0,260.0
mppi_coast,mppi_direct,300.0,1800.0,0.1,0.05,5.0,2.5,10.0,10.0,10,100.0,inf,full,both,inf,180.0,0.01,0.0,0.0,256,20,3,0.5,0.1,0.99,10.0,256,20,0,128,127,2.046177228217548,1.0581275991821038,7.321802049818412,12.18281339156795,0.0,0.0,0.9921875,260.0
mppi_coast,mppi_direct,300.0,1800.0,0.1,0.05,5.0,3.75,10.0,10.0,10,100.0,inf,full,both,inf,180.0,0.01,0.0,0.0,256,20,3,0.5,0.1,0.99,10.0,256,20,0,128,126,2.072254649009902,1.0885098136320377,7.845434880243009,46.21449603564259,0.0,0.0,0.984375,260.0
mppi_coast,mppi_direct,300.0,1800.0,0.1,0.05,5.0,4.5,10.0,10.0,10,100.0,inf,full,both,inf,180.0,0.01,0.0,0.0,256,20,3,0.5,0.1,0.99,10.0,256,20,0,128,126,2.0722448210781006,1.100228644194116,7.848538734912565,57.774356479154754,0.0,0.0,0.984375,260.0
mppi_coast,mppi_direct,300.0,1800.0,0.1,0.05,5.0,5.0,10.0,10.0,10,100.0,inf,full,both,inf,180.0,0.01,0.0,0.0,256,20,3,0.5,0.1,0.99,10.0,256,20,0,128,126,2.0722448210781006,1.108041144194116,7.848538839219786,63.7501157838345,0.0,0.0,0.984375,260.0
mppi_coast,mppi_direct,300.0,1800.0,0.1,0.05,5.0,5.5,10.0,10.0,10,100.0,inf,full,both,inf,180.0,0.01,0.0,0.0,256,20,3,0.5,0.1,0.99,10.0,256,20,0,128,126,2.0722448210781006,1.115853644194116,7.848538839219786,68.3951477478044,0.0,0.0,0.984375,260.0
mppi_coast,mppi_direct,300.0,1800.0,0.1,0.05,5.0,6.25,10.0,10.0,10,100.0,inf,full,both,inf,180.0,0.01,0.0,0.0,256,20,3,0.5,0.1,0.99,10.0,256,20,0,128,126,2.0722448210781006,1.127572394194116,7.848538839219786,74.4271328975023,0.0,0.0,0.984375,260.0
mppi_coast,mppi_direct,300.0,1800.0,0.1,0.05,5.0,7.5,10.0,10.0,10,100.0,inf,full,both,inf,180.0,0.01,0.0,0.0,256,20,3,0.5,0.1,0.99,10.0,256,20,0,128,126,2.0722448210781006,1.147103644194116,7.848538839219786,80.96716714852315,0.0,0.0,0.984375,260.0
mppi_coast,mppi_direct,300.0,1800.0,0.1,0.05,5.0,10.0,10.0,10.0,10,100.0,inf,full,both,inf,180.0,0.01,0.0,0.0,256,20,3,0.5,0.1,0.99,10.0,256,20,0,128,126,2.0722448210781006,1.1640587181834745,7.848538839219786,82.48718306167702,0.0,0.0,0.984375,260.0
mppi_coast,mppi_direct,300.0,1800.0,0.1,0.05,5.0,inf,10.0,10.0,10,100.0,inf,full,both,inf,180.0,0.01,0.0,0.0,256,20,3,0.5,0.1,0.99,10.0,256,20,0,128,126,2.0722448210781006,1.1639863506986388,7.848538839219786,82.48065044783195,0.0,0.0,0.984375,260.0
mppi_coast,mppi_direct,300.0,1800.0,0.1,0.075,5.0,1.25,10.0,10.0,10,100.0,inf,full,both,inf,180.0,0.01,0.0,0.0,256,20,3,0.5,0.1,0.99,10.0,256,20,0,128,128,1.8760883928356231,1.2419638610078445,8.40772603736408,10.961212034446488,0.0,0.0,1.0,240.0
mppi_coast,mppi_direct,300.0,1800.0,0.1,0.075,5.0,2.5,10.0,10.0,10,100.0,inf,full,both,inf,180.0,0.01,0.0,0.0,256,20,3,0.5,0.1,0.99,10.0,256,20,0,128,117,2.1376229794799486,1.5651538486992878,10.445688095681891,57.76891762928554,0.0,0.0,0.9140625,240.0
mppi_coast,mppi_direct,300.0,1800.0,0.1,0.075,5.0,3.75,10.0,10.0,10,100.0,inf,full,both,inf,180.0,0.01,0.0,0.0,256,20,3,0.5,0.1,0.99,10.0,256,20,0,128,114,2.1568857110224515,1.718531756032897,12.455035108222845,296.83724754890017,0.0,0.0,0.890625,240.0
mppi_coast,mppi_direct,300.0,1800.0,0.1,0.075,5.0,4.5,10.0,10.0,10,100.0,inf,full,both,inf,180.0,0.01,0.0,0.0,256,20,3,0.5,0.1,0.99,10.0,256,20,0,128,117,2.097318108684582,1.7387962298064104,12.332320139191754,293.28037024398253,0.0,0.0,0.9140625,240.0
mppi_coast,mppi_direct,300.0,1800.0,0.1,0.075,5.0,5.0,10.0,10.0,10,100.0,inf,full,both,inf,180.0,0.01,0.0,0.0,256,20,3,0.5,0.1,0.99,10.0,256,20,0,128,119,2.0461912287307045,1.7266079222756754,12.45039137160838,272.2593905072447,0.0,0.0,0.9296875,240.0
mppi_coast,mppi_direct,300.0,1800.0,0.1,0.075,5.0,5.5,10.0,10.0,10,100.0,inf,full,both,inf,180.0,0.01,0.0,0.0,256,20,3,0.5,0.1,0.99,10.0,256,20,0,128,119,2.046186043780271,1.7616344384439109,12.51285902845684,317.43459649797785,0.0,0.0,0.9296875,240.0
mppi_coast,mppi_direct,300.0,1800.0,0.1,0.075,5.0,6.25,10.0,10.0,10,100.0,inf,full,both,inf,180.0,0.01,0.0,0.0,256,20,3,0.5,0.1,0.99,10.0,256,20,0,128,119,2.04620865432408,1.8143238438576772,12.531645463041537,368.5589279130086,0.0,0.0,0.9296875,240.0
mppi_coast,mppi_direct,300.0,1800.0,0.1,0.075,5.0,7.5,10.0,10.0,10,100.0,inf,full,both,inf,180.0,0.01,0.0,0.0,256,20,3,0.5,0.1,0.99,10.0,256,20,0,128,119,2.04620865432408,1.9022144688576772,12.531638211962992,446.46799608900767,0.0,0.0,0.9296875,240.0
mppi_coast,mppi_direct,300.0,1800.0,0.1,0.075,5.0,10.0,10.0,10.0,10,100.0,inf,full,both,inf,180.0,0.01,0.0,0.0,256,20,3,0.5,0.1,0.99,10.0,256,20,0,128,119,2.04620865432408,2.0779957188576774,12.531638211962992,546.7429196067221,0.0,0.0,0.9296875,240.0
mppi_coast,mppi_direct,300.0,1800.0,0.1,0.075,5.0,inf,10.0,10.0,10,100.0,inf,full,both,inf,180.0,0.01,0.0,0.0,256,20,3,0.5,0.1,0.99,10.0,256,20,0,128,119,2.04620865432408,2.2738208938647,12.531638211962992,580.384831986021,0.0,0.0,0.9296875,240.0
mppi_coast,mppi_direct,300.0,1800.0,0.1,0.09,5.0,1.25,10.0,10.0,10,100.0,inf,full,both,inf,180.0,0.01,0.0,0.0,256,20,3,0.5,0.1,0.99,10.0,256,20,0,128,128,1.917627962957548,1.25,6.714142734372282,8.650697531011414,0.0,0.0,1.0,230.0
mppi_coast,mppi_direct,300.0,1800.0,0.1,0.09,5.0,2.5,10.0,10.0,10,100.0,inf,full,both,inf,180.0,0.01,0.0,0.0,256,20,3,0.5,0.1,0.99,10.0,256,20,0,128,63,3.6073555728186135,2.1692455659731027,11.062485384615515,397.30324514689937,0.0,0.0,0.4921875,230.0
mppi_coast,mppi_direct,300.0,1800.0,0.1,0.09,5.0,3.75,10.0,10.0,10,100.0,inf,full,both,inf,180.0,0.01,0.0,0.0,256,20,3,0.5,0.1,0.99,10.0,256,20,0,128,52,3.696324999347474,2.9304141547530413,14.895791303065067,1574.7881049673128,0.0,0.0,0.40625,230.0
mppi_coast,mppi_direct,300.0,1800.0,0.1,0.09,5.0,4.5,10.0,10.0,10,100.0,inf,full,both,inf,180.0,0.01,0.0,0.0,256,20,3,0.5,0.1,0.99,10.0,256,20,0,128,39,4.028057825032773,3.6612638528051424,14.42666118889948,2645.1236831752576,0.0,0.0,0.3046875,230.0
mppi_coast,mppi_direct,300.0,1800.0,0.1,0.09,5.0,5.0,10.0,10.0,10,100.0,inf,full,both,inf,180.0,0.01,0.0,0.0,256,20,3,0.5,0.1,0.99,10.0,256,20,0,128,48,3.801253196462479,3.779504067559387,14.565765316343748,2836.509102401076,0.0,0.0,0.375,230.0
mppi_coast,mppi_direct,300.0,1800.0,0.1,0.09,5.0,5.5,10.0,10.0,10,100.0,inf,full,both,inf,180.0,0.01,0.0,0.0,256,20,3,0.5,0.1,0.99,10.0,256,20,0,128,40,3.9999773088954735,4.325541619519616,15.10002117886286,3547.6795823355087,0.0,0.0,0.3125,230.0
mppi_coast,mppi_direct,300.0,1800.0,0.1,0.09,5.0,6.25,10.0,10.0,10,100.0,inf,full,both,inf,180.0,0.01,0.0,0.0,256,20,3,0.5,0.1,0.99,10.0,256,20,0,128,38,4.0473877776246185,4.909227322152073,14.885213467006944,4286.418676869723,0.0,0.0,0.296875,230.0
mppi_coast,mppi_direct,300.0,1800.0,0.1,0.09,5.0,7.5,10.0,10.0,10,100.0,inf,full,both,inf,180.0,0.01,0.0,0.0,256,20,3,0.5,0.1,0.99,10.0,256,20,0,128,39,4.023021798652863,5.743068745570724,14.882568215713396,5133.869736857946,0.0,0.0,0.3046875,230.0
mppi_coast,mppi_direct,300.0,1800.0,0.1,0.09,5.0,10.0,10.0,10.0,10,100.0,inf,full,both,inf,180.0,0.01,0.0,0.0,256,20,3,0.5,0.1,0.99,10.0,256,20,0,128,39,4.023021798652863,7.481349995570724,14.882563359140551,6473.382250646601,0.0,0.0,0.3046875,230.0
mppi_coast,mppi_direct,300.0,1800.0,0.1,0.09,5.0,inf,10.0,10.0,10,100.0,inf,full,both,inf,180.0,0.01,0.0,0.0,256,20,3,0.5,0.1,0.99,10.0,256,20,0,128,39,4.023021798652863,11.140587258926873,14.882563359140551,7519.644718525924,0.0,0.0,0.3046875,230.0
mppi_coast,mppi_direct,300.0,1800.0,0.1,0.1,5.0,1.25,10.0,10.0,10,100.0,inf,full,both,inf,180.0,0.01,0.0,0.0,256,20,3,0.5,0.1,0.99,10.0,256,20,0,128,128,1.959992243857236,1.25,5.908544687841163,7.903352400487222,0.0,0.0,1.0,230.0
mppi_coast,mppi_direct,300.0,1800.0,0.1,0.1,5.0,2.5,10.0,10.0,10,100.0,inf,full,both,inf,180.0,0.01,0.0,0.0,256,20,3,0.5,0.1,0.99,10.0,256,20,0,128,41,4.366423177936108,2.380793781520787,11.087045110903183,483.9335072996181,0.0,0.0,0.3203125,230.0
mppi_coast,mppi_direct,300.0,1800.0,0.1,0.1,5.0,3.75,10.0,10.0,10,100.0,inf,full,both,inf,180.0,0.01,0.0,0.0,256,20,3,0.5,0.1,0.99,10.0,256,20,0,128,12,4.704335147944024,3.580921430367375,20.97350854884393,2400.587178876812,0.0,0.0,0.09375,230.0
mppi_coast,mppi_direct,300.0,1800.0,0.1,0.1,5.0,4.5,10.0,10.0,10,100.0,inf,full,both,inf,180.0,0.01,0.0,0.0,256,20,3,0.5,0.1,0.99,10.0,256,20,0,128,14,4.651679298150267,4.216878669814651,20.22220547285585,3375.615052247214,0.0,0.0,0.109375,225.0
mppi_coast,mppi_direct,300.0,1800.0,0.1,0.1,5.0,5.0,10.0,10.0,10,100.0,inf,full,both,inf,180.0,0.01,0.0,0.0,256,20,3,0.5,0.1,0.99,10.0,256,20,0,128,14,4.656418039331465,4.675087304988352,21.709487150879188,3997.445805752603,0.0,0.0,0.109375,230.0
mppi_coast,mppi_direct,300.0,1800.0,0.1,0.1,5.0,5.5,10.0,10.0,10,100.0,inf,full,both,inf,180.0,0.01,0.0,0.0,256,20,3,0.5,0.1,0.99,10.0,256,20,0,128,11,4.722482910274291,5.194929746301926,22.24301627805446,4676.8889664797125,0.0,0.0,0.0859375,230.0
mppi_coast,mppi_direct,300.0,1800.0,0.1,0.1,5.0,6.25,10.0,10.0,10,100.0,inf,full,both,inf,180.0,0.01,0.0,0.0,256,20,3,0.5,0.1,0.99,10.0,256,20,0,128,14,4.6479778962419145,5.780533220568659,21.50484903558582,5435.421320724018,0.0,0.0,0.109375,230.0
mppi_coast,mppi_direct,300.0,1800.0,0.1,0.1,5.0,7.5,10.0,10.0,10,100.0,inf,full,both,inf,180.0,0.01,0.0,0.0,256,20,3,0.5,0.1,0.99,10.0,256,20,0,128,12,4.704596513307108,6.986741094270983,21.665991614612576,6774.358082742423,0.0,0.0,0.09375,230.0
mppi_coast,mppi_direct,300.0,1800.0,0.1,0.1,5.0,10.0,10.0,10.0,10,100.0,inf,full,both,inf,180.0,0.01,0.0,0.0,256,20,3,0.5,0.1,0.99,10.0,256,20,0,128,12,4.704596513343651,9.25236613871045,21.66722823856432,8755.798179690604,0.0,0.0,0.09375,230.0
mppi_coast,mppi_direct,300.0,1800.0,0.1,0.1,5.0,inf,10.0,10.0,10,100.0,inf,full,both,inf,180.0,0.01,0.0,0.0,256,20,3,0.5,0.1,0.99,10.0,256,20,0,128,12,4.704596513343651,15.564759593896294,21.66722823856432,10936.225760713703,0.0,0.0,0.09375,230.0
mppi_coast,mppi_direct,300.0,1800.0,0.1,0.11,5.0,1.25,10.0,10.0,10,100.0,inf,full,both,inf,180.0,0.01,0.0,0.0,256,20,3,0.5,0.1,0.99,10.0,256,20,0,128,128,2.056386289546254,1.25,5.149883140421309,7.44076144862897,0.0,0.0,1.0,230.0
mppi_coast,mppi_direct,300.0,1800.0,0.1,0.11,5.0,2.5,10.0,10.0,10,100.0,inf,full,both,inf,180.0,0.01,0.0,0.0,256,20,3,0.5,0.1,0.99,10.0,256,20,0,128,31,4.796599752329615,2.470999496555169,10.858449116571762,608.0841790275107,0.0,0.0,0.2421875,750.0
mppi_coast,mppi_direct,300.0,1800.0,0.1,0.11,5.0,3.75,10.0,10.0,10,100.0,inf,full,both,inf,180.0,0.01,0.0,0.0,256,20,3,0.5,0.1,0.99,10.0,256,20,0,128,9,4.773206196167919,3.635330904937839,26.815859554173088,2374.9030166337598,0.0,0.0,0.0703125,230.0
mppi_coast,mppi_direct,300.0,1800.0,0.1,0.11,5.0,4.5,10.0,10.0,10,100.0,inf,full,both,inf,180.0,0.01,0.0,0.0,256,20,3,0.5,0.1,0.99,10.0,256,20,0,128,10,4.752276735784859,4.312919848297987,25.99057695235208,3503.8567712469694,0.0,0.0,0.078125,220.0
mppi_coast,mppi_direct,300.0,1800.0,0.1,0.11,5.0,5.0,10.0,10.0,10,100.0,inf,full,both,inf,180.0,0.01,0.0,0.0,256,20,3,0.5,0.1,0.99,10.0,256,20,0,128,13,4.677331608348129,4.708822320172457,24.9316940333872,4176.910978003184,0.0,0.0,0.1015625,220.0
mppi_coast,mppi_direct,300.0,1800.0,0.1,0.11,5.0,5.5,10.0,10.0,10,100.0,inf,full,both,inf,180.0,0.01,0.0,0.0,256,20,3,0.5,0.1,0.99,10.0,256,20,0,128,6,4.846287943277134,5.3361225944076605,25.70226675103662,5042.424267203732,0.0,0.0,0.046875,210.0
mppi_coast,mppi_direct,300.0,1800.0,0.1,0.11,5.0,6.25,10.0,10.0,10,100.0,inf,full,both,inf,180.0,0.01,0.0,0.0,256,20,3,0.5,0.1,0.99,10.0,256,20,0,128,6,4.8453373326745055,6.052176405076216,25.53967525375678,5997.437906609511,0.0,0.0,0.046875,220.0
mppi_coast,mppi_direct,300.0,1800.0,0.1,0.11,5.0,7.5,10.0,10.0,10,100.0,inf,full,both,inf,180.0,0.01,0.0,0.0,256,20,3,0.5,0.1,0.99,10.0,256,20,0,128,9,4.772785297666553,7.119665052339357,25.94101683549822,7313.579725342741,0.0,0.0,0.0703125,220.0
mppi_coast,mppi_direct,300.0,1800.0,0.1,0.11,5.0,10.0,10.0,10.0,10,100.0,inf,full,both,inf,180.0,0.01,0.0,0.0,256,20,3,0.5,0.1,0.99,10.0,256,20,0,128,8,4.796875416593598,9.504018035722032,25.93217848561421,9654.883747260426,0.0,0.0,0.0625,220.0
mppi_coast,mppi_direct,300.0,1800.0,0.1,0.11,5.0,inf,10.0,10.0,10,100.0,inf,full,both,inf,180.0,0.01,0.0,0.0,256,20,3,0.5,0.1,0.99,10.0,256,20,0,128,8,4.796875416593598,17.655685719278946,25.93217848561421,12906.42093725071,0.0,0.0,0.0625,220.0
mppi_coast,mppi_direct,300.0,1800.0,0.1,0.125,5.0,1.25,10.0,10.0,10,100.0,inf,full,both,inf,180.0,0.01,0.0,0.0,256,20,3,0.5,0.1,0.99,10.0,256,20,0,128,128,2.1526978020514984,1.25,4.635873182088979,6.336074086485202,0.0,0.0,1.0,240.0
mppi_coast,mppi_direct,300.0,1800.0,0.1,0.125,5.0,2.5,10.0,10.0,10,100.0,inf,full,both,inf,180.0,0.01,0.0,0.0,256,20,3,0.5,0.1,0.99,10.0,256,20,0,128,53,4.821004707048394,2.484487109261378,9.113691420411064,398.034966576334,0.0,0.0,0.4140625,760.0
mppi_coast,mppi_direct,300.0,1800.0,0.1,0.125,5.0,3.75,10.0,10.0,10,100.0,inf,full,both,inf,180.0,0.01,0.0,0.0,256,20,3,0.5,0.1,0.99,10.0,256,20,0,128,1,4.975242272790588,3.739425320017131,31.79595663717637,2389.8027024957173,0.0,0.0,0.0078125,220.0
mppi_coast,mppi_direct,300.0,1800.0,0.1,0.125,5.0,4.5,10.0,10.0,10,100.0,inf,full,both,inf,180.0,0.01,0.0,0.0,256,20,3,0.5,0.1,0.99,10.0,256,20,0,128,2,4.947088361498345,4.462439353024343,32.40289388185246,3655.6102726351737,0.0,0.0,0.015625,200.0
mppi_coast,mppi_direct,300.0,1800.0,0.1,0.125,5.0,5.0,10.0,10.0,10,100.0,inf,full,both,inf,180.0,0.01,0.0,0.0,256,20,3,0.5,0.1,0.99,10.0,256,20,0,128,4,4.89814994502563,4.914067075875432,31.59771010591445,4386.695691725674,0.0,0.0,0.03125,215.0
mppi_coast,mppi_direct,300.0,1800.0,0.1,0.125,5.0,5.5,10.0,10.0,10,100.0,inf,full,both,inf,180.0,0.01,0.0,0.0,256,20,3,0.5,0.1,0.99,10.0,256,20,0,128,2,4.951719032368268,5.453549214096962,34.51566405161549,5202.929190848515,0.0,0.0,0.015625,235.0
mppi_coast,mppi_direct,300.0,1800.0,0.1,0.125,5.0,6.25,10.0,10.0,10,100.0,inf,full,both,inf,180.0,0.01,0.0,0.0,256,20,3,0.5,0.1,0.99,10.0,256,20,0,128,3,4.92733317827586,6.159674451495386,35.0888156933082,6246.120204093522,0.0,0.0,0.0234375,230.0
mppi_coast,mppi_direct,300.0,1800.0,0.1,0.125,5.0,7.5,10.0,10.0,10,100.0,inf,full,both,inf,180.0,0.01,0.0,0.0,256,20,3,0.5,0.1,0.99,10.0,256,20,0,128,1,4.97261299252406,7.456812667016551,37.62858897080214,7876.26891544658,0.0,0.0,0.0078125,190.0
mppi_coast,mppi_direct,300.0,1800.0,0.1,0.125,5.0,10.0,10.0,10.0,10,100.0,inf,full,both,inf,180.0,0.01,0.0,0.0,256,20,3,0.5,0.1,0.99,10.0,256,20,0,128,2,4.944830742730007,9.87545488068911,37.724773318331714,10562.987255179842,0.0,0.0,0.015625,195.0
mppi_coast,mppi_direct,300.0,1800.0,0.1,0.125,5.0,inf,10.0,10.0,10,100.0,inf,full,both,inf,180.0,0.01,0.0,0.0,256,20,3,0.5,0.1,0.99,10.0,256,20,0,128,2,4.944830742730007,20.96886321286075,37.724772548882925,15697.443870800556,0.0,0.0,0.015625,195.0
mppi_coast,mppi_direct,300.0,1800.0,0.1,0.15,5.0,1.25,10.0,10.0,10,100.0,inf,full,both,inf,180.0,0.01,0.0,0.0,256,20,3,0.5,0.1,0.99,10.0,256,20,0,128,128,2.430571160660961,1.25,4.888944613651994,6.303841795683312,0.0,0.0,1.0,270.0
mppi_coast,mppi_direct,300.0,1800.0,0.1,0.15,5.0,2.5,10.0,10.0,10,100.0,inf,full,both,inf,180.0,0.01,0.0,0.0,256,20,3,0.5,0.1,0.99,10.0,256,20,0,128,61,4.946686679084445,2.5,8.584632497818605,356.29454003518646,0.0,0.0,0.4765625,750.0
mppi_coast,mppi_direct,300.0,1800.0,0.1,0.15,5.0,3.75,10.0,10.0,10,100.0,inf,full,both,inf,180.0,0.01,0.0,0.0,256,20,3,0.5,0.1,0.99,10.0,256,20,0,128,0,5.0,3.75,53.3195525272692,1992.6216370231489,0.0,0.0,0.0,
mppi_coast,mppi_direct,300.0,1800.0,0.1,0.15,5.0,4.5,10.0,10.0,10,100.0,inf,full,both,inf,180.0,0.01,0.0,0.0,256,20,3,0.5,0.1,0.99,10.0,256,20,0,128,2,4.945536327868122,4.46692246813412,53.70600478255812,3236.197207906482,0.0,0.0,0.015625,180.0
mppi_coast,mppi_direct,300.0,1800.0,0.1,0.15,5.0,5.0,10.0,10.0,10,100.0,inf,full,both,inf,180.0,0.01,0.0,0.0,256,20,3,0.5,0.1,0.99,10.0,256,20,0,128,1,4.974548367218021,4.980905625869044,52.84887401289157,4315.032215368656,0.0,0.0,0.0078125,200.0
mppi_coast,mppi_direct,300.0,1800.0,0.1,0.15,5.0,5.5,10.0,10.0,10,100.0,inf,full,both,inf,180.0,0.01,0.0,0.0,256,20,3,0.5,0.1,0.99,10.0,256,20,0,128,0,5.0,5.5,56.89546342219169,4979.613690699895,0.0,0.0,0.0,
mppi_coast,mppi_direct,300.0,1800.0,0.1,0.15,5.0,6.25,10.0,10.0,10,100.0,inf,full,both,inf,180.0,0.01,0.0,0.0,256,20,3,0.5,0.1,0.99,10.0,256,20,0,128,0,5.0,6.25,57.28307403702832,6299.466504972365,0.0,0.0,0.0,
mppi_coast,mppi_direct,300.0,1800.0,0.1,0.15,5.0,7.5,10.0,10.0,10,100.0,inf,full,both,inf,180.0,0.01,0.0,0.0,256,20,3,0.5,0.1,0.99,10.0,256,20,0,128,3,4.9184328511504125,7.380676061135665,53.79768056064701,8007.231967059643,0.0,0.0,0.0234375,190.0
mppi_coast,mppi_direct,300.0,1800.0,0.1,0.15,5.0,10.0,10.0,10.0,10,100.0,inf,full,both,inf,180.0,0.01,0.0,0.0,256,20,3,0.5,0.1,0.99,10.0,256,20,0,128,0,5.0,10.0,55.94559601111553,11408.770629050054,0.0,0.0,0.0,
mppi_coast,mppi_direct,300.0,1800.0,0.1,0.15,5.0,inf,10.0,10.0,10,100.0,inf,full,both,inf,180.0,0.01,0.0,0.0,256,20,3,0.5,0.1,0.99,10.0,256,20,0,128,0,5.0,25.56657626380258,55.9534529235639,19817.225642202524,0.0,0.0,0.0,
mppi_coast,mppi_direct,300.0,1800.0,0.1,0.2,5.0,1.25,10.0,10.0,10,100.0,inf,full,both,inf,180.0,0.01,0.0,0.0,256,20,3,0.5,0.1,0.99,10.0,256,20,0,128,128,2.727769695646796,1.25,3.966715654954731,5.348793579478119,0.0,0.0,1.0,330.0
mppi_coast,mppi_direct,300.0,1800.0,0.1,0.2,5.0,2.5,10.0,10.0,10,100.0,inf,full,both,inf,180.0,0.01,0.0,0.0,256,20,3,0.5,0.1,0.99,10.0,256,20,0,128,126,4.486996795618696,2.5,5.712546406261422,13.157131628537751,0.0,0.0,0.984375,665.0
mppi_coast,mppi_direct,300.0,1800.0,0.1,0.2,5.0,3.75,10.0,10.0,10,100.0,inf,full,both,inf,180.0,0.01,0.0,0.0,256,20,3,0.5,0.1,0.99,10.0,256,20,0,128,0,5.0,3.75,104.87098823724908,1423.034412753966,0.0,0.0,0.0,
mppi_coast,mppi_direct,300.0,1800.0,0.1,0.2,5.0,4.5,10.0,10.0,10,100.0,inf,full,both,inf,180.0,0.01,0.0,0.0,256,20,3,0.5,0.1,0.99,10.0,256,20,0,128,0,5.0,4.5,111.93994747265208,2899.5564970232567,0.0,0.0,0.0,
mppi_coast,mppi_direct,300.0,1800.0,0.1,0.2,5.0,5.0,10.0,10.0,10,100.0,inf,full,both,inf,180.0,0.01,0.0,0.0,256,20,3,0.5,0.1,0.99,10.0,256,20,0,128,0,5.0,5.0,107.71540548071796,3850.2283788104105,0.0,0.0,0.0,
mppi_coast,mppi_direct,300.0,1800.0,0.1,0.2,5.0,5.5,10.0,10.0,10,100.0,inf,full,both,inf,180.0,0.01,0.0,0.0,256,20,3,0.5,0.1,0.99,10.0,256,20,0,128,0,5.0,5.5,104.70926103566306,4772.276089230472,0.0,0.0,0.0,
mppi_coast,mppi_direct,300.0,1800.0,0.1,0.2,5.0,6.25,10.0,10.0,10,100.0,inf,full,both,inf,180.0,0.01,0.0,0.0,256,20,3,0.5,0.1,0.99,10.0,256,20,0,128,0,5.0,6.25,102.04593477213896,6193.350779088712,0.0,0.0,0.0,
mppi_coast,mppi_direct,300.0,1800.0,0.1,0.2,5.0,7.5,10.0,10.0,10,100.0,inf,full,both,inf,180.0,0.01,0.0,0.0,256,20,3,0.5,0.1,0.99,10.0,256,20,0,128,0,5.0,7.5,101.671570558675,8270.475419652003,0.0,0.0,0.0,
mppi_coast,mppi_direct,300.0,1800.0,0.1,0.2,5.0,10.0,10.0,10.0,10,100.0,inf,full,both,inf,180.0,0.01,0.0,0.0,256,20,3,0.5,0.1,0.99,10.0,256,20,0,128,0,5.0,10.0,101.8789299474206,12185.63310117251,0.0,0.0,0.0,
mppi_coast,mppi_direct,300.0,1800.0,0.1,0.2,5.0,inf,10.0,10.0,10,100.0,inf,full,both,inf,180.0,0.01,0.0,0.0,256,20,3,0.5,0.1,0.99,10.0,256,20,0,128,0,5.0,34.210527738016815,102.87307404630512,27739.78661656491,0.0,0.0,0.0,
mppi_coast,mppi_lqr,300.0,1800.0,0.1,0.025,5.0,1.25,10.0,10.0,10,100.0,inf,full,both,inf,180.0,0.01,0.0,0.0,256,20,3,0.5,0.1,0.99,10.0,256,20,0,128,128,2.647018331205417,0.5644682526114042,3.6302322626862775,4.978617964923838,0.0,0.0,1.0,330.0
mppi_coast,mppi_lqr,300.0,1800.0,0.1,0.025,5.0,2.5,10.0,10.0,10,100.0,inf,full,both,inf,180.0,0.01,0.0,0.0,256,20,3,0.5,0.1,0.99,10.0,256,20,0,128,128,2.6550146307606526,0.5872624988913812,4.035003353831606,4.828982524712043,0.0,0.0,1.0,330.0
mppi_coast,mppi_lqr,300.0,1800.0,0.1,0.025,5.0,3.75,10.0,10.0,10,100.0,inf,full,both,inf,180.0,0.01,0.0,0.0,256,20,3,0.5,0.1,0.99,10.0,256,20,0,128,128,2.6550146307606526,0.5872624988913812,4.035003353831606,4.828982524712043,0.0,0.0,1.0,330.0
mppi_coast,mppi_lqr,300.0,1800.0,0.1,0.025,5.0,4.5,10.0,10.0,10,100.0,inf,full,both,inf,180.0,0.01,0.0,0.0,256,20,3,0.5,0.1,0.99,10.0,256,20,0,128,128,2.6550146307606526,0.5872624988913812,4.035003353831606,4.828982524712043,0.0,0.0,1.0,330.0
mppi_coast,mppi_lqr,300.0,1800.0,0.1,0.025,5.0,5.0,10.0,10.0,10,100.0,inf,full,both,inf,180.0,0.01,0.0,0.0,256,20,3,0.5,0.1,0.99,10.0,256,20,0,128,128,2.6550146307606526,0.5872624988913812,4.035003353831606,4.828982524712043,0.0,0.0,1.0,330.0
mppi_coast,mppi_lqr,300.0,1800.0,0.1,0.025,5.0,5.5,10.0,10.0,10,100.0,inf,full,both,inf,180.0,0.01,0.0,0.0,256,20,3,0.5,0.1,0.99,10.0,256,20,0,128,128,2.6550146307606526,0.5872624988913812,4.035003353831606,4.828982524712043,0.0,0.0,1.0,330.0
mppi_coast,mppi_lqr,300.0,1800.0,0.1,0.025,5.0,6.25,10.0,10.0,10,100.0,inf,full,both,inf,180.0,0.01,0.0,0.0,256,20,3,0.5,0.1,0.99,10.0,256,20,0,128,128,2.6550146307606526,0.5872624988913812,4.035003353831606,4.828982524712043,0.0,0.0,1.0,330.0
mppi_coast,mppi_lqr,300.0,1800.0,0.1,0.025,5.0,7.5,10.0,10.0,10,100.0,inf,full,both,inf,180.0,0.01,0.0,0.0,256,20,3,0.5,0.1,0.99,10.0,256,20,0,128,128,2.6550146307606526,0.5872624988913812,4.035003353831606,4.828982524712043,0.0,0.0,1.0,330.0
mppi_coast,mppi_lqr,300.0,1800.0,0.1,0.025,5.0,10.0,10.0,10.0,10,100.0,inf,full,both,inf,180.0,0.01,0.0,0.0,256,20,3,0.5,0.1,0.99,10.0,256,20,0,128,128,2.6550146307606526,0.5872624988913812,4.035003353831606,4.828982524712043,0.0,0.0,1.0,330.0
mppi_coast,mppi_lqr,300.0,1800.0,0.1,0.025,5.0,inf,10.0,10.0,10,100.0,inf,full,both,inf,180.0,0.01,0.0,0.0,256,20,3,0.5,0.1,0.99,10.0,256,20,0,128,128,2.6550146307606526,0.5872624988913812,4.035003353831606,4.828982524712043,0.0,0.0,1.0,330.0
mppi_coast,mppi_lqr,300.0,1800.0,0.1,0.05,5.0,1.25,10.0,10.0,10,100.0,inf,full,both,inf,180.0,0.01,0.0,0.0,256,20,3,0.5,0.1,0.99,10.0,256,20,0,128,128,3.6277994962486986,1.25,3.3968198265080094,4.888176733933781,0.0,0.0,1.0,430.0
mppi_coast,mppi_lqr,300.0,1800.0,0.1,0.05,5.0,2.5,10.0,10.0,10,100.0,inf,full,both,inf,180.0,0.01,0.0,0.0,256,20,3,0.5,0.1,0.99,10.0,256,20,0,128,124,3.6791917241372554,1.8524469846062213,6.977178139308171,55.94306898055136,0.0,0.0,0.96875,440.0
mppi_coast,mppi_lqr,300.0,1800.0,0.1,0.05,5.0,3.75,10.0,10.0,10,100.0,inf,full,both,inf,180.0,0.01,0.0,0.0,256,20,3,0.5,0.1,0.99,10.0,256,20,0,128,121,3.764330969479334,2.0846393138860475,10.0345795440927,129.62518215609333,0.0,0.0,0.9453125,450.0
mppi_coast,mppi_lqr,300.0,1800.0,0.1,0.05,5.0,4.5,10.0,10.0,10,100.0,inf,full,both,inf,180.0,0.01,0.0,0.0,256,20,3,0.5,0.1,0.99,10.0,256,20,0,128,123,3.757127824954257,2.100658623634406,8.519848331938222,128.0942400215365,0.0,0.0,0.9609375,450.0
mppi_coast,mppi_lqr,300.0,1800.0,0.1,0.05,5.0,5.0,10.0,10.0,10,100.0,inf,full,both,inf,180.0,0.01,0.0,0.0,256,20,3,0.5,0.1,0.99,10.0,256,20,0,128,123,3.7570193012579503,2.120382644057337,8.514331211155655,142.75967241482363,0.0,0.0,0.9609375,450.0
mppi_coast,mppi_lqr,300.0,1800.0,0.1,0.05,5.0,5.5,10.0,10.0,10,100.0,inf,full,both,inf,180.0,0.01,0.0,0.0,256,20,3,0.5,0.1,0.99,10.0,256,20,0,128,123,3.757019559691652,2.139915001930228,8.525871011758323,155.95321942547298,0.0,0.0,0.9609375,450.0
mppi_coast,mppi_lqr,300.0,1800.0,0.1,0.05,5.0,6.25,10.0,10.0,10,100.0,inf,full,both,inf,180.0,0.01,0.0,0.0,256,20,3,0.5,0.1,0.99,10.0,256,20,0,128,123,3.757019559691652,2.169211876930228,8.526312314062293,170.6700518817526,0.0,0.0,0.9609375,450.0
mppi_coast,mppi_lqr,300.0,1800.0,0.1,0.05,5.0,7.5,10.0,10.0,10,100.0,inf,full,both,inf,180.0,0.01,0.0,0.0,256,20,3,0.5,0.1,0.99,10.0,256,20,0,128,123,3.757019559691652,2.218040001930228,8.526312314062293,185.55952250868995,0.0,0.0,0.9609375,450.0
mppi_coast,mppi_lqr,300.0,1800.0,0.1,0.05,5.0,10.0,10.0,10.0,10,100.0,inf,full,both,inf,180.0,0.01,0.0,0.0,256,20,3,0.5,0.1,0.99,10.0,256,20,0,128,123,3.757019559691652,2.256271406725387,8.526312314062293,188.6557891968472,0.0,0.0,0.9609375,450.0
mppi_coast,mppi_lqr,300.0,1800.0,0.1,0.05,5.0,inf,10.0,10.0,10,100.0,inf,full,both,inf,180.0,0.01,0.0,0.0,256,20,3,0.5,0.1,0.99,10.0,256,20,0,128,123,3.757019559691652,2.2562182287555217,8.526312314062293,188.64622061912252,0.0,0.0,0.9609375,450.0
mppi_coast,mppi_lqr,300.0,1800.0,0.1,0.075,5.0,1.25,10.0,10.0,10,100.0,inf,full,both,inf,180.0,0.01,0.0,0.0,256,20,3,0.5,0.1,0.99,10.0,256,20,0,128,128,3.878508341120588,1.25,3.5528572538047003,5.241888924225583,0.0,0.0,1.0,460.0
mppi_coast,mppi_lqr,300.0,1800.0,0.1,0.075,5.0,2.5,10.0,10.0,10,100.0,inf,full,both,inf,180.0,0.01,0.0,0.0,256,20,3,0.5,0.1,0.99,10.0,256,20,0,128,128,4.958041361281517,2.5,3.846683901976979,4.669486400186935,0.0,0.0,1.0,645.0
mppi_coast,mppi_lqr,300.0,1800.0,0.1,0.075,5.0,3.75,10.0,10.0,10,100.0,inf,full,both,inf,180.0,0.01,0.0,0.0,256,20,3,0.5,0.1,0.99,10.0,256,20,0,128,7,4.980403604867321,3.736977607179248,186.80966898725032,984.5738132494442,0.0,0.0,0.0546875,550.0
mppi_coast,mppi_lqr,300.0,1800.0,0.1,0.075,5.0,4.5,10.0,10.0,10,100.0,inf,full,both,inf,180.0,0.01,0.0,0.0,256,20,3,0.5,0.1,0.99,10.0,256,20,0,128,4,4.98351185201096,4.46760811121096,204.41020662623671,1983.4060355175648,0.0,0.0,0.03125,515.0
mppi_coast,mppi_lqr,300.0,1800.0,0.1,0.075,5.0,5.0,10.0,10.0,10,100.0,inf,full,both,inf,180.0,0.01,0.0,0.0,256,20,3,0.5,0.1,0.99,10.0,256,20,0,128,6,4.9769182161278405,4.930278883254619,196.24490761523003,2620.1265984325964,0.0,0.0,0.046875,520.0
mppi_coast,mppi_lqr,300.0,1800.0,0.1,0.075,5.0,5.5,10.0,10.0,10,100.0,inf,full,both,inf,180.0,0.01,0.0,0.0,256,20,3,0.5,0.1,0.99,10.0,256,20,0,128,2,4.992781958107646,5.468796887616716,202.4672086196005,3228.4238807608986,0.0,0.0,0.015625,505.0
mppi_coast,mppi_lqr,300.0,1800.0,0.1,0.075,5.0,6.25,10.0,10.0,10,100.0,inf,full,both,inf,180.0,0.01,0.0,0.0,256,20,3,0.5,0.1,0.99,10.0,256,20,0,128,2,4.991367525106968,6.206802017673952,195.5945014396298,4115.626104568395,0.0,0.0,0.015625,505.0
mppi_coast,mppi_lqr,300.0,1800.0,0.1,0.075,5.0,7.5,10.0,10.0,10,100.0,inf,full,both,inf,180.0,0.01,0.0,0.0,256,20,3,0.5,0.1,0.99,10.0,256,20,0,128,2,4.991789457410225,7.43736010510598,196.8479112182496,5227.5067279592095,0.0,0.0,0.015625,505.0
mppi_coast,mppi_lqr,300.0,1800.0,0.1,0.075,5.0,10.0,10.0,10.0,10,100.0,inf,full,both,inf,180.0,0.01,0.0,0.0,256,20,3,0.5,0.1,0.99,10.0,256,20,0,128,2,4.991789457777848,9.898297608392603,196.79390442650453,6639.870560937101,0.0,0.0,0.015625,505.0
mppi_coast,mppi_lqr,300.0,1800.0,0.1,0.075,5.0,inf,10.0,10.0,10,100.0,inf,full,both,inf,180.0,0.01,0.0,0.0,256,20,3,0.5,0.1,0.99,10.0,256,20,0,128,2,4.991789457777848,12.713578961556994,196.79390442650453,7148.890562762519,0.0,0.0,0.015625,505.0
mppi_coast,mppi_lqr,300.0,1800.0,0.1,0.09,5.0,1.25,10.0,10.0,10,100.0,inf,full,both,inf,180.0,0.01,0.0,0.0,256,20,3,0.5,0.1,0.99,10.0,256,20,0,128,128,3.852678788751573,1.25,2.987905749564737,4.934118770597835,0.0,0.0,1.0,460.0
mppi_coast,mppi_lqr,300.0,1800.0,0.1,0.09,5.0,2.5,10.0,10.0,10,100.0,inf,full,both,inf,180.0,0.01,0.0,0.0,256,20,3,0.5,0.1,0.99,10.0,256,20,0,128,128,4.979417984069702,2.5,3.1942821374118733,4.287569827507177,0.0,0.0,1.0,645.0
mppi_coast,mppi_lqr,300.0,1800.0,0.1,0.09,5.0,3.75,10.0,10.0,10,100.0,inf,full,both,inf,180.0,0.01,0.0,0.0,256,20,3,0.5,0.1,0.99,10.0,256,20,0,128,16,5.0,3.75,185.6662112537076,546.1195028861193,0.0,0.0,0.125,1000.0
mppi_coast,mppi_lqr,300.0,1800.0,0.1,0.09,5.0,4.5,10.0,10.0,10,100.0,inf,full,both,inf,180.0,0.01,0.0,0.0,256,20,3,0.5,0.1,0.99,10.0,256,20,0,128,0,5.0,4.5,294.2429981032343,1612.7595324507377,0.0,0.0,0.0,
mppi_coast,mppi_lqr,300.0,1800.0,0.1,0.09,5.0,5.0,10.0,10.0,10,100.0,inf,full,both,inf,180.0,0.01,0.0,0.0,256,20,3,0.5,0.1,0.99,10.0,256,20,0,128,0,5.0,5.0,292.3099830295679,2398.914991519936,0.0,0.0,0.0,
mppi_coast,mppi_lqr,300.0,1800.0,0.1,0.09,5.0,5.5,10.0,10.0,10,100.0,inf,full,both,inf,180.0,0.01,0.0,0.0,256,20,3,0.5,0.1,0.99,10.0,256,20,0,128,0,5.0,5.5,294.5152687301763,3139.6467524454824,0.0,0.0,0.0,
mppi_coast,mppi_lqr,300.0,1800.0,0.1,0.09,5.0,6.25,10.0,10.0,10,100.0,inf,full,both,inf,180.0,0.01,0.0,0.0,256,20,3,0.5,0.1,0.99,10.0,256,20,0,128,0,5.0,6.25,293.88014496544463,4145.863254755363,0.0,0.0,0.0,
mppi_coast,mppi_lqr,300.0,1800.0,0.1,0.09,5.0,7.5,10.0,10.0,10,100.0,inf,full,both,inf,180.0,0.01,0.0,0.0,256,20,3,0.5,0.1,0.99,10.0,256,20,0,128,0,5.0,7.5,293.5260648324118,5520.176032062298,0.0,0.0,0.0,
mppi_coast,mppi_lqr,300.0,1800.0,0.1,0.09,5.0,10.0,10.0,10.0,10,100.0,inf,full,both,inf,180.0,0.01,0.0,0.0,256,20,3,0.5,0.1,0.99,10.0,256,20,0,128,0,5.0,10.0,293.41690712353284,7538.318961921307,0.0,0.0,0.0,
mppi_coast,mppi_lqr,300.0,1800.0,0.1,0.09,5.0,inf,10.0,10.0,10,100.0,inf,full,both,inf,180.0,0.01,0.0,0.0,256,20,3,0.5,0.1,0.99,10.0,256,20,0,128,0,5.0,15.473657251421256,293.4168821547208,9175.646115521518,0.0,0.0,0.0,
mppi_coast,mppi_lqr,300.0,1800.0,0.1,0.1,5.0,1.25,10.0,10.0,10,100.0,inf,full,both,inf,180.0,0.01,0.0,0.0,256,20,3,0.5,0.1,0.99,10.0,256,20,0,128,128,3.885678297543842,1.25,3.114533152091615,5.52321843409308,0.0,0.0,1.0,460.0
mppi_coast,mppi_lqr,300.0,1800.0,0.1,0.1,5.0,2.5,10.0,10.0,10,100.0,inf,full,both,inf,180.0,0.01,0.0,0.0,256,20,3,0.5,0.1,0.99,10.0,256,20,0,128,128,4.994881713185436,2.5,3.4532533793913367,4.292618263558574,0.0,0.0,1.0,660.0
mppi_coast,mppi_lqr,300.0,1800.0,0.1,0.1,5.0,3.75,10.0,10.0,10,100.0,inf,full,both,inf,180.0,0.01,0.0,0.0,256,20,3,0.5,0.1,0.99,10.0,256,20,0,128,28,5.0,3.75,168.6014636509254,495.0006683930297,0.0,0.0,0.21875,985.0
mppi_coast,mppi_lqr,300.0,1800.0,0.1,0.1,5.0,4.5,10.0,10.0,10,100.0,inf,full,both,inf,180.0,0.01,0.0,0.0,256,20,3,0.5,0.1,0.99,10.0,256,20,0,128,0,5.0,4.5,295.05039181682366,1595.4369967588816,0.0,0.0,0.0,
mppi_coast,mppi_lqr,300.0,1800.0,0.1,0.1,5.0,5.0,10.0,10.0,10,100.0,inf,full,both,inf,180.0,0.01,0.0,0.0,256,20,3,0.5,0.1,0.99,10.0,256,20,0,128,0,5.0,5.0,298.56944467932414,2375.1960333158668,0.0,0.0,0.0,
mppi_coast,mppi_lqr,300.0,1800.0,0.1,0.1,5.0,5.5,10.0,10.0,10,100.0,inf,full,both,inf,180.0,0.01,0.0,0.0,256,20,3,0.5,0.1,0.99,10.0,256,20,0,128,0,5.0,5.5,297.954166891787,3184.9972678165623,0.0,0.0,0.0,
mppi_coast,mppi_lqr,300.0,1800.0,0.1,0.1,5.0,6.25,10.0,10.0,10,100.0,inf,full,both,inf,180.0,0.01,0.0,0.0,256,20,3,0.5,0.1,0.99,10.0,256,20,0,128,0,5.0,6.25,298.2927665145426,4255.498479741461,0.0,0.0,0.0,
mppi_coast,mppi_lqr,300.0,1800.0,0.1,0.1,5.0,7.5,10.0,10.0,10,100.0,inf,full,both,inf,180.0,0.01,0.0,0.0,256,20,3,0.5,0.1,0.99,10.0,256,20,0,128,0,5.0,7.5,298.154086129997,5822.013761071702,0.0,0.0,0.0,
mppi_coast,mppi_lqr,300.0,1800.0,0.1,0.1,5.0,10.0,10.0,10.0,10,100.0,inf,full,both,inf,180.0,0.01,0.0,0.0,256,20,3,0.5,0.1,0.99,10.0,256,20,0,128,0,5.0,10.0,298.12640789402536,8193.365474254522,0.0,0.0,0.0,
mppi_coast,mppi_lqr,300.0,1800.0,0.1,0.1,5.0,inf,10.0,10.0,10,100.0,inf,full,both,inf,180.0,0.01,0.0,0.0,256,20,3,0.5,0.1,0.99,10.0,256,20,0,128,0,5.0,17.199056598611772,298.12640789402536,10811.024851489366,0.0,0.0,0.0,
mppi_coast,mppi_lqr,300.0,1800.0,0.1,0.11,5.0,1.25,10.0,10.0,10,100.0,inf,full,both,inf,180.0,0.01,0.0,0.0,256,20,3,0.5,0.1,0.99,10.0,256,20,0,128,128,3.867985430304513,1.25,3.006736168219115,4.955306537720044,0.0,0.0,1.0,460.0
mppi_coast,mppi_lqr,300.0,1800.0,0.1,0.11,5.0,2.5,10.0,10.0,10,100.0,inf,full,both,inf,180.0,0.01,0.0,0.0,256,20,3,0.5,0.1,0.99,10.0,256,20,0,128,128,4.997878832641069,2.5,3.731523469846031,4.71309942606349,0.0,0.0,1.0,650.0
mppi_coast,mppi_lqr,300.0,1800.0,0.1,0.11,5.0,3.75,10.0,10.0,10,100.0,inf,full,both,inf,180.0,0.01,0.0,0.0,256,20,3,0.5,0.1,0.99,10.0,256,20,0,128,34,5.0,3.75,163.8706508523455,508.598776273734,0.0,0.0,0.265625,970.0
mppi_coast,mppi_lqr,300.0,1800.0,0.1,0.11,5.0,4.5,10.0,10.0,10,100.0,inf,full,both,inf,180.0,0.01,0.0,0.0,256,20,3,0.5,0.1,0.99,10.0,256,20,0,128,0,5.0,4.5,297.351252000586,1654.8655746190382,0.0,0.0,0.0,
mppi_coast,mppi_lqr,300.0,1800.0,0.1,0.11,5.0,5.0,10.0,10.0,10,100.0,inf,full,both,inf,180.0,0.01,0.0,0.0,256,20,3,0.5,0.1,0.99,10.0,256,20,0,128,0,5.0,5.0,298.89857815567245,2387.5272887767537,0.0,0.0,0.0,
mppi_coast,mppi_lqr,300.0,1800.0,0.1,0.11,5.0,5.5,10.0,10.0,10,100.0,inf,full,both,inf,180.0,0.01,0.0,0.0,256,20,3,0.5,0.1,0.99,10.0,256,20,0,128,0,5.0,5.5,299.3819863354437,3271.1462947001605,0.0,0.0,0.0,
mppi_coast,mppi_lqr,300.0,1800.0,0.1,0.11,5.0,6.25,10.0,10.0,10,100.0,inf,full,both,inf,180.0,0.01,0.0,0.0,256,20,3,0.5,0.1,0.99,10.0,256,20,0,128,0,5.0,6.25,299.2979645959856,4410.351626653514,0.0,0.0,0.0,
mppi_coast,mppi_lqr,300.0,1800.0,0.1,0.11,5.0,7.5,10.0,10.0,10,100.0,inf,full,both,inf,180.0,0.01,0.0,0.0,256,20,3,0.5,0.1,0.99,10.0,256,20,0,128,0,5.0,7.5,299.27708665477684,6112.244944899951,0.0,0.0,0.0,
mppi_coast,mppi_lqr,300.0,1800.0,0.1,0.11,5.0,10.0,10.0,10.0,10,100.0,inf,full,both,inf,180.0,0.01,0.0,0.0,256,20,3,0.5,0.1,0.99,10.0,256,20,0,128,0,5.0,10.0,299.27397098863577,8792.20176646602,0.0,0.0,0.0,
mppi_coast,mppi_lqr,300.0,1800.0,0.1,0.11,5.0,inf,10.0,10.0,10,100.0,inf,full,both,inf,180.0,0.01,0.0,0.0,256,20,3,0.5,0.1,0.99,10.0,256,20,0,128,0,5.0,18.90172709161287,299.27397098863577,12486.769552217118,0.0,0.0,0.0,
mppi_coast,mppi_lqr,300.0,1800.0,0.1,0.125,5.0,1.25,10.0,10.0,10,100.0,inf,full,both,inf,180.0,0.01,0.0,0.0,256,20,3,0.5,0.1,0.99,10.0,256,20,0,128,128,3.904037622692344,1.25,3.6020296716584506,6.125972902558225,0.0,0.0,1.0,460.0
mppi_coast,mppi_lqr,300.0,1800.0,0.1,0.125,5.0,2.5,10.0,10.0,10,100.0,inf,full,both,inf,180.0,0.01,0.0,0.0,256,20,3,0.5,0.1,0.99,10.0,256,20,0,128,128,4.999578066997185,2.5,3.2605903409601167,4.707634358287795,0.0,0.0,1.0,660.0
mppi_coast,mppi_lqr,300.0,1800.0,0.1,0.125,5.0,3.75,10.0,10.0,10,100.0,inf,full,both,inf,180.0,0.01,0.0,0.0,256,20,3,0.5,0.1,0.99,10.0,256,20,0,128,36,5.0,3.75,171.78483140624786,574.6351745895332,0.0,0.0,0.28125,975.0
mppi_coast,mppi_lqr,300.0,1800.0,0.1,0.125,5.0,4.5,10.0,10.0,10,100.0,inf,full,both,inf,180.0,0.01,0.0,0.0,256,20,3,0.5,0.1,0.99,10.0,256,20,0,128,0,5.0,4.5,284.5066803959515,1611.2992070840448,0.0,0.0,0.0,
mppi_coast,mppi_lqr,300.0,1800.0,0.1,0.125,5.0,5.0,10.0,10.0,10,100.0,inf,full,both,inf,180.0,0.01,0.0,0.0,256,20,3,0.5,0.1,0.99,10.0,256,20,0,128,0,5.0,5.0,298.9091300247323,2457.9185731957105,0.0,0.0,0.0,
mppi_coast,mppi_lqr,300.0,1800.0,0.1,0.125,5.0,5.5,10.0,10.0,10,100.0,inf,full,both,inf,180.0,0.01,0.0,0.0,256,20,3,0.5,0.1,0.99,10.0,256,20,0,128,0,5.0,5.5,299.6742155916656,3321.993635181173,0.0,0.0,0.0,
mppi_coast,mppi_lqr,300.0,1800.0,0.1,0.125,5.0,6.25,10.0,10.0,10,100.0,inf,full,both,inf,180.0,0.01,0.0,0.0,256,20,3,0.5,0.1,0.99,10.0,256,20,0,128,0,5.0,6.25,299.4900859266308,4598.288887481508,0.0,0.0,0.0,
mppi_coast,mppi_lqr,300.0,1800.0,0.1,0.125,5.0,7.5,10.0,10.0,10,100.0,inf,full,both,inf,180.0,0.01,0.0,0.0,256,20,3,0.5,0.1,0.99,10.0,256,20,0,128,0,5.0,7.5,299.5408682503653,6415.186191118581,0.0,0.0,0.0,
mppi_coast,mppi_lqr,300.0,1800.0,0.1,0.125,5.0,10.0,10.0,10.0,10,100.0,inf,full,both,inf,180.0,0.01,0.0,0.0,256,20,3,0.5,0.1,0.99,10.0,256,20,0,128,0,5.0,10.0,299.5413492411617,9439.7382639421,0.0,0.0,0.0,
mppi_coast,mppi_lqr,300.0,1800.0,0.1,0.125,5.0,inf,10.0,10.0,10,100.0,inf,full,both,inf,180.0,0.01,0.0,0.0,256,20,3,0.5,0.1,0.99,10.0,256,20,0,128,0,5.0,21.484624544817304,299.5413492411617,14937.840642103803,0.0,0.0,0.0,
mppi_coast,mppi_lqr,300.0,1800.0,0.1,0.15,5.0,1.25,10.0,10.0,10,100.0,inf,full,both,inf,180.0,0.01,0.0,0.0,256,20,3,0.5,0.1,0.99,10.0,256,20,0,128,128,3.892555600393834,1.25,3.152205275007743,5.25971041901539,0.0,0.0,1.0,460.0
mppi_coast,mppi_lqr,300.0,1800.0,0.1,0.15,5.0,2.5,10.0,10.0,10,100.0,inf,full,both,inf,180.0,0.01,0.0,0.0,256,20,3,0.5,0.1,0.99,10.0,256,20,0,128,128,4.997313484560878,2.5,3.302297352960513,4.350875369081714,0.0,0.0,1.0,670.0
mppi_coast,mppi_lqr,300.0,1800.0,0.1,0.15,5.0,3.75,10.0,10.0,10,100.0,inf,full,both,inf,180.0,0.01,0.0,0.0,256,20,3,0.5,0.1,0.99,10.0,256,20,0,128,25,5.0,3.75,196.1423671475423,694.4047891799735,0.0,0.0,0.1953125,1020.0
mppi_coast,mppi_lqr,300.0,1800.0,0.1,0.15,5.0,4.5,10.0,10.0,10,100.0,inf,full,both,inf,180.0,0.01,0.0,0.0,256,20,3,0.5,0.1,0.99,10.0,256,20,0,128,0,5.0,4.5,285.2331365120895,1757.5940481801422,0.0,0.0,0.0,
mppi_coast,mppi_lqr,300.0,1800.0,0.1,0.15,5.0,5.0,10.0,10.0,10,100.0,inf,full,both,inf,180.0,0.01,0.0,0.0,256,20,3,0.5,0.1,0.99,10.0,256,20,0,128,0,5.0,5.0,297.54061154912466,2721.5941729070564,0.0,0.0,0.0,
mppi_coast,mppi_lqr,300.0,1800.0,0.1,0.15,5.0,5.5,10.0,10.0,10,100.0,inf,full,both,inf,180.0,0.01,0.0,0.0,256,20,3,0.5,0.1,0.99,10.0,256,20,0,128,0,5.0,5.5,299.2358005054507,3618.452874878426,0.0,0.0,0.0,
mppi_coast,mppi_lqr,300.0,1800.0,0.1,0.15,5.0,6.25,10.0,10.0,10,100.0,inf,full,both,inf,180.0,0.01,0.0,0.0,256,20,3,0.5,0.1,0.99,10.0,256,20,0,128,0,5.0,6.25,298.97739320409016,4922.133108696237,0.0,0.0,0.0,
mppi_coast,mppi_lqr,300.0,1800.0,0.1,0.15,5.0,7.5,10.0,10.0,10,100.0,inf,full,both,inf,180.0,0.01,0.0,0.0,256,20,3,0.5,0.1,0.99,10.0,256,20,0,128,0,5.0,7.5,298.9345303965695,6927.198040622391,0.0,0.0,0.0,
mppi_coast,mppi_lqr,300.0,1800.0,0.1,0.15,5.0,10.0,10.0,10.0,10,100.0,inf,full,both,inf,180.0,0.01,0.0,0.0,256,20,3,0.5,0.1,0.99,10.0,256,20,0,128,0,5.0,10.0,298.9788134480307,10402.800049106054,0.0,0.0,0.0,
mppi_coast,mppi_lqr,300.0,1800.0,0.1,0.15,5.0,inf,10.0,10.0,10,100.0,inf,full,both,inf,180.0,0.01,0.0,0.0,256,20,3,0.5,0.1,0.99,10.0,256,20,0,128,0,5.0,25.76853188617241,298.978800300406,19143.44833965863,0.0,0.0,0.0,
mppi_coast,mppi_lqr,300.0,1800.0,0.1,0.2,5.0,1.25,10.0,10.0,10,100.0,inf,full,both,inf,180.0,0.01,0.0,0.0,256,20,3,0.5,0.1,0.99,10.0,256,20,0,128,128,3.9306510505929255,1.25,3.191087164455628,5.352704676839887,0.0,0.0,1.0,470.0
mppi_coast,mppi_lqr,300.0,1800.0,0.1,0.2,5.0,2.5,10.0,10.0,10,100.0,inf,full,both,inf,180.0,0.01,0.0,0.0,256,20,3,0.5,0.1,0.99,10.0,256,20,0,128,128,4.999744923507714,2.5,3.1608247786480743,5.0118235524034604,0.0,0.0,1.0,705.0
mppi_coast,mppi_lqr,300.0,1800.0,0.1,0.2,5.0,3.75,10.0,10.0,10,100.0,inf,full,both,inf,180.0,0.01,0.0,0.0,256,20,3,0.5,0.1,0.99,10.0,256,20,0,128,19,5.0,3.75,208.94894832632804,903.3756926918624,0.0,0.0,0.1484375,1040.0
mppi_coast,mppi_lqr,300.0,1800.0,0.1,0.2,5.0,4.5,10.0,10.0,10,100.0,inf,full,both,inf,180.0,0.01,0.0,0.0,256,20,3,0.5,0.1,0.99,10.0,256,20,0,128,0,5.0,4.5,285.367681803223,2121.2811329179863,0.0,0.0,0.0,
mppi_coast,mppi_lqr,300.0,1800.0,0.1,0.2,5.0,5.0,10.0,10.0,10,100.0,inf,full,both,inf,180.0,0.01,0.0,0.0,256,20,3,0.5,0.1,0.99,10.0,256,20,0,128,0,5.0,5.0,295.93020223081504,3059.903572178106,0.0,0.0,0.0,
mppi_coast,mppi_lqr,300.0,1800.0,0.1,0.2,5.0,5.5,10.0,10.0,10,100.0,inf,full,both,inf,180.0,0.01,0.0,0.0,256,20,3,0.5,0.1,0.99,10.0,256,20,0,128,0,5.0,5.5,296.19178187881465,4029.688825833036,0.0,0.0,0.0,
mppi_coast,mppi_lqr,300.0,1800.0,0.1,0.2,5.0,6.25,10.0,10.0,10,100.0,inf,full,both,inf,180.0,0.01,0.0,0.0,256,20,3,0.5,0.1,0.99,10.0,256,20,0,128,0,5.0,6.25,296.3068620071076,5701.139273697484,0.0,0.0,0.0,
mppi_coast,mppi_lqr,300.0,1800.0,0.1,0.2,5.0,7.5,10.0,10.0,10,100.0,inf,full,both,inf,180.0,0.01,0.0,0.0,256,20,3,0.5,0.1,0.99,10.0,256,20,0,128,0,5.0,7.5,296.9899303203213,7587.058868268233,0.0,0.0,0.0,
mppi_coast,mppi_lqr,300.0,1800.0,0.1,0.2,5.0,10.0,10.0,10.0,10,100.0,inf,full,both,inf,180.0,0.01,0.0,0.0,256,20,3,0.5,0.1,0.99,10.0,256,20,0,128,0,5.0,10.0,294.15095947230355,11830.0617618107,0.0,0.0,0.0,
mppi_coast,mppi_lqr,300.0,1800.0,0.1,0.2,5.0,inf,10.0,10.0,10,100.0,inf,full,both,inf,180.0,0.01,0.0,0.0,256,20,3,0.5,0.1,0.99,10.0,256,20,0,128,0,5.0,34.32258921101105,293.93462071347625,28015.15905542478,0.0,0.0,0.0,
mppi_coast,random,300.0,1800.0,0.1,0.025,5.0,1.25,10.0,10.0,10,100.0,inf,full,both,inf,180.0,0.01,0.0,0.0,256,20,3,0.5,0.1,0.99,10.0,256,20,0,128,128,2.3160445869096558,0.5551546210992013,3.4309224746974687,5.2682569652297975,0.0,0.0,1.0,290.0
mppi_coast,random,300.0,1800.0,0.1,0.025,5.0,2.5,10.0,10.0,10,100.0,inf,full,both,inf,180.0,0.01,0.0,0.0,256,20,3,0.5,0.1,0.99,10.0,256,20,0,128,128,2.3160445869096558,0.5551546210992013,3.4309224746974687,5.2682569652297975,0.0,0.0,1.0,290.0
mppi_coast,random,300.0,1800.0,0.1,0.025,5.0,3.75,10.0,10.0,10,100.0,inf,full,both,inf,180.0,0.01,0.0,0.0,256,20,3,0.5,0.1,0.99,10.0,256,20,0,128,128,2.3160445869096558,0.5551546210992013,3.4309224746974687,5.2682569652297975,0.0,0.0,1.0,290.0
mppi_coast,random,300.0,1800.0,0.1,0.025,5.0,4.5,10.0,10.0,10,100.0,inf,full,both,inf,180.0,0.01,0.0,0.0,256,20,3,0.5,0.1,0.99,10.0,256,20,0,128,128,2.3160445869096558,0.5551546210992013,3.4309224746974687,5.2682569652297975,0.0,0.0,1.0,290.0
mppi_coast,random,300.0,1800.0,0.1,0.025,5.0,5.0,10.0,10.0,10,100.0,inf,full,both,inf,180.0,0.01,0.0,0.0,256,20,3,0.5,0.1,0.99,10.0,256,20,0,128,128,2.3160445869096558,0.5551546210992013,3.4309224746974687,5.2682569652297975,0.0,0.0,1.0,290.0
mppi_coast,random,300.0,1800.0,0.1,0.025,5.0,5.5,10.0,10.0,10,100.0,inf,full,both,inf,180.0,0.01,0.0,0.0,256,20,3,0.5,0.1,0.99,10.0,256,20,0,128,128,2.3160445869096558,0.5551546210992013,3.4309224746974687,5.2682569652297975,0.0,0.0,1.0,290.0
mppi_coast,random,300.0,1800.0,0.1,0.025,5.0,6.25,10.0,10.0,10,100.0,inf,full,both,inf,180.0,0.01,0.0,0.0,256,20,3,0.5,0.1,0.99,10.0,256,20,0,128,128,2.3160445869096558,0.5551546210992013,3.4309224746974687,5.2682569652297975,0.0,0.0,1.0,290.0
mppi_coast,random,300.0,1800.0,0.1,0.025,5.0,7.5,10.0,10.0,10,100.0,inf,full,both,inf,180.0,0.01,0.0,0.0,256,20,3,0.5,0.1,0.99,10.0,256,20,0,128,128,2.3160445869096558,0.5551546210992013,3.4309224746974687,5.2682569652297975,0.0,0.0,1.0,290.0
mppi_coast,random,300.0,1800.0,0.1,0.025,5.0,10.0,10.0,10.0,10,100.0,inf,full,both,inf,180.0,0.01,0.0,0.0,256,20,3,0.5,0.1,0.99,10.0,256,20,0,128,128,2.3160445869096558,0.5551546210992013,3.4309224746974687,5.2682569652297975,0.0,0.0,1.0,290.0
mppi_coast,random,300.0,1800.0,0.1,0.025,5.0,inf,10.0,10.0,10,100.0,inf,full,both,inf,180.0,0.01,0.0,0.0,256,20,3,0.5,0.1,0.99,10.0,256,20,0,128,128,2.3160445869096558,0.5551546210992013,3.4309224746974687,5.2682569652297975,0.0,0.0,1.0,290.0
mppi_coast,random,300.0,1800.0,0.1,0.05,5.0,1.25,10.0,10.0,10,100.0,inf,full,both,inf,180.0,0.01,0.0,0.0,256,20,3,0.5,0.1,0.99,10.0,256,20,0,128,128,2.334670933365747,1.1151740097091838,4.505001167173391,5.962981489588538,0.0,0.0,1.0,300.0
mppi_coast,random,300.0,1800.0,0.1,0.05,5.0,2.5,10.0,10.0,10,100.0,inf,full,both,inf,180.0,0.01,0.0,0.0,256,20,3,0.5,0.1,0.99,10.0,256,20,0,128,128,2.3349447017896376,1.1218816783690615,4.541860433457289,6.01563929966692,0.0,0.0,1.0,300.0
mppi_coast,random,300.0,1800.0,0.1,0.05,5.0,3.75,10.0,10.0,10,100.0,inf,full,both,inf,180.0,0.01,0.0,0.0,256,20,3,0.5,0.1,0.99,10.0,256,20,0,128,128,2.3349447017896376,1.1218816783690615,4.541860433457289,6.01563929966692,0.0,0.0,1.0,300.0
mppi_coast,random,300.0,1800.0,0.1,0.05,5.0,4.5,10.0,10.0,10,100.0,inf,full,both,inf,180.0,0.01,0.0,0.0,256,20,3,0.5,0.1,0.99,10.0,256,20,0,128,128,2.3349447017896376,1.1218816783690615,4.541860433457289,6.01563929966692,0.0,0.0,1.0,300.0
mppi_coast,random,300.0,1800.0,0.1,0.05,5.0,5.0,10.0,10.0,10,100.0,inf,full,both,inf,180.0,0.01,0.0,0.0,256,20,3,0.5,0.1,0.99,10.0,256,20,0,128,128,2.3349447017896376,1.1218816783690615,4.541860433457289,6.01563929966692,0.0,0.0,1.0,300.0
mppi_coast,random,300.0,1800.0,0.1,0.05,5.0,5.5,10.0,10.0,10,100.0,inf,full,both,inf,180.0,0.01,0.0,0.0,256,20,3,0.5,0.1,0.99,10.0,256,20,0,128,128,2.3349447017896376,1.1218816783690615,4.541860433457289,6.01563929966692,0.0,0.0,1.0,300.0
mppi_coast,random,300.0,1800.0,0.1,0.05,5.0,6.25,10.0,10.0,10,100.0,inf,full,both,inf,180.0,0.01,0.0,0.0,256,20,3,0.5,0.1,0.99,10.0,256,20,0,128,128,2.3349447017896376,1.1218816783690615,4.541860433457289,6.01563929966692,0.0,0.0,1.0,300.0
mppi_coast,random,300.0,1800.0,0.1,0.05,5.0,7.5,10.0,10.0,10,100.0,inf,full,both,inf,180.0,0.01,0.0,0.0,256,20,3,0.5,0.1,0.99,10.0,256,20,0,128,128,2.3349447017896376,1.1218816783690615,4.541860433457289,6.01563929966692,0.0,0.0,1.0,300.0
mppi_coast,random,300.0,1800.0,0.1,0.05,5.0,10.0,10.0,10.0,10,100.0,inf,full,both,inf,180.0,0.01,0.0,0.0,256,20,3,0.5,0.1,0.99,10.0,256,20,0,128,128,2.3349447017896376,1.1218816783690615,4.541860433457289,6.01563929966692,0.0,0.0,1.0,300.0
mppi_coast,random,300.0,1800.0,0.1,0.05,5.0,inf,10.0,10.0,10,100.0,inf,full,both,inf,180.0,0.01,0.0,0.0,256,20,3,0.5,0.1,0.99,10.0,256,20,0,128,128,2.3349447017896376,1.1218816783690615,4.541860433457289,6.01563929966692,0.0,0.0,1.0,300.0
mppi_coast,random,300.0,1800.0,0.1,0.075,5.0,1.25,10.0,10.0,10,100.0,inf,full,both,inf,180.0,0.01,0.0,0.0,256,20,3,0.5,0.1,0.99,10.0,256,20,0,128,128,2.360594955160336,1.25,4.05793800189514,5.871739193755793,0.0,0.0,1.0,300.0
mppi_coast,random,300.0,1800.0,0.1,0.075,5.0,2.5,10.0,10.0,10,100.0,inf,full,both,inf,180.0,0.01,0.0,0.0,256,20,3,0.5,0.1,0.99,10.0,256,20,0,128,128,2.351377367181508,1.6902080889289348,4.39323764249413,6.105832364202592,0.0,0.0,1.0,300.0
mppi_coast,random,300.0,1800.0,0.1,0.075,5.0,3.75,10.0,10.0,10,100.0,inf,full,both,inf,180.0,0.01,0.0,0.0,256,20,3,0.5,0.1,0.99,10.0,256,20,0,128,128,2.351377367181508,1.6902080889289348,4.39323764249413,6.105832364202592,0.0,0.0,1.0,300.0
mppi_coast,random,300.0,1800.0,0.1,0.075,5.0,4.5,10.0,10.0,10,100.0,inf,full,both,inf,180.0,0.01,0.0,0.0,256,20,3,0.5,0.1,0.99,10.0,256,20,0,128,128,2.351377367181508,1.6902080889289348,4.39323764249413,6.105832364202592,0.0,0.0,1.0,300.0
mppi_coast,random,300.0,1800.0,0.1,0.075,5.0,5.0,10.0,10.0,10,100.0,inf,full,both,inf,180.0,0.01,0.0,0.0,256,20,3,0.5,0.1,0.99,10.0,256,20,0,128,128,2.351377367181508,1.6902080889289348,4.39323764249413,6.105832364202592,0.0,0.0,1.0,300.0
mppi_coast,random,300.0,1800.0,0.1,0.075,5.0,5.5,10.0,10.0,10,100.0,inf,full,both,inf,180.0,0.01,0.0,0.0,256,20,3,0.5,0.1,0.99,10.0,256,20,0,128,128,2.351377367181508,1.6902080889289348,4.39323764249413,6.105832364202592,0.0,0.0,1.0,300.0
mppi_coast,random,300.0,1800.0,0.1,0.075,5.0,6.25,10.0,10.0,10,100.0,inf,full,both,inf,180.0,0.01,0.0,0.0,256,20,3,0.5,0.1,0.99,10.0,256,20,0,128,128,2.351377367181508,1.6902080889289348,4.39323764249413,6.105832364202592,0.0,0.0,1.0,300.0
mppi_coast,random,300.0,1800.0,0.1,0.075,5.0,7.5,10.0,10.0,10,100.0,inf,full,both,inf,180.0,0.01,0.0,0.0,256,20,3,0.5,0.1,0.99,10.0,256,20,0,128,128,2.351377367181508,1.6902080889289348,4.39323764249413,6.105832364202592,0.0,0.0,1.0,300.0
mppi_coast,random,300.0,1800.0,0.1,0.075,5.0,10.0,10.0,10.0,10,100.0,inf,full,both,inf,180.0,0.01,0.0,0.0,256,20,3,0.5,0.1,0.99,10.0,256,20,0,128,128,2.351377367181508,1.6902080889289348,4.39323764249413,6.105832364202592,0.0,0.0,1.0,300.0
mppi_coast,random,300.0,1800.0,0.1,0.075,5.0,inf,10.0,10.0,10,100.0,inf,full,both,inf,180.0,0.01,0.0,0.0,256,20,3,0.5,0.1,0.99,10.0,256,20,0,128,128,2.351377367181508,1.6902080889289348,4.39323764249413,6.105832364202592,0.0,0.0,1.0,300.0
mppi_coast,random,300.0,1800.0,0.1,0.09,5.0,1.25,10.0,10.0,10,100.0,inf,full,both,inf,180.0,0.01,0.0,0.0,256,20,3,0.5,0.1,0.99,10.0,256,20,0,128,128,2.3976295761026343,1.25,3.738897966182026,5.153312652430373,0.0,0.0,1.0,300.0
mppi_coast,random,300.0,1800.0,0.1,0.09,5.0,2.5,10.0,10.0,10,100.0,inf,full,both,inf,180.0,0.01,0.0,0.0,256,20,3,0.5,0.1,0.99,10.0,256,20,0,128,128,2.4042127156276085,2.0570324457946407,5.079043764490407,6.374196587933236,0.0,0.0,1.0,300.0
mppi_coast,random,300.0,1800.0,0.1,0.09,5.0,3.75,10.0,10.0,10,100.0,inf,full,both,inf,180.0,0.01,0.0,0.0,256,20,3,0.5,0.1,0.99,10.0,256,20,0,128,128,2.4042947392595693,2.063380700803299,5.052137432285147,6.395345112403011,0.0,0.0,1.0,300.0
mppi_coast,random,300.0,1800.0,0.1,0.09,5.0,4.5,10.0,10.0,10,100.0,inf,full,both,inf,180.0,0.01,0.0,0.0,256,20,3,0.5,0.1,0.99,10.0,256,20,0,128,128,2.4042947392595693,2.063380700803299,5.052137432285147,6.395345112403011,0.0,0.0,1.0,300.0
mppi_coast,random,300.0,1800.0,0.1,0.09,5.0,5.0,10.0,10.0,10,100.0,inf,full,both,inf,180.0,0.01,0.0,0.0,256,20,3,0.5,0.1,0.99,10.0,256,20,0,128,128,2.4042947392595693,2.063380700803299,5.052137432285147,6.395345112403011,0.0,0.0,1.0,300.0
mppi_coast,random,300.0,1800.0,0.1,0.09,5.0,5.5,10.0,10.0,10,100.0,inf,full,both,inf,180.0,0.01,0.0,0.0,256,20,3,0.5,0.1,0.99,10.0,256,20,0,128,128,2.4042947392595693,2.063380700803299,5.052137432285147,6.395345112403011,0.0,0.0,1.0,300.0
mppi_coast,random,300.0,1800.0,0.1,0.09,5.0,6.25,10.0,10.0,10,100.0,inf,full,both,inf,180.0,0.01,0.0,0.0,256,20,3,0.5,0.1,0.99,10.0,256,20,0,128,128,2.4042947392595693,2.063380700803299,5.052137432285147,6.395345112403011,0.0,0.0,1.0,300.0
mppi_coast,random,300.0,1800.0,0.1,0.09,5.0,7.5,10.0,10.0,10,100.0,inf,full,both,inf,180.0,0.01,0.0,0.0,256,20,3,0.5,0.1,0.99,10.0,256,20,0,128,128,2.4042947392595693,2.063380700803299,5.052137432285147,6.395345112403011,0.0,0.0,1.0,300.0
mppi_coast,random,300.0,1800.0,0.1,0.09,5.0,10.0,10.0,10.0,10,100.0,inf,full,both,inf,180.0,0.01,0.0,0.0,256,20,3,0.5,0.1,0.99,10.0,256,20,0,128,128,2.4042947392595693,2.063380700803299,5.052137432285147,6.395345112403011,0.0,0.0,1.0,300.0
mppi_coast,random,300.0,1800.0,0.1,0.09,5.0,inf,10.0,10.0,10,100.0,inf,full,both,inf,180.0,0.01,0.0,0.0,256,20,3,0.5,0.1,0.99,10.0,256,20,0,128,128,2.4042947392595693,2.063380700803299,5.052137432285147,6.395345112403011,0.0,0.0,1.0,300.0
mppi_coast,random,300.0,1800.0,0.1,0.1,5.0,1.25,10.0,10.0,10,100.0,inf,full,both,inf,180.0,0.01,0.0,0.0,256,20,3,0.5,0.1,0.99,10.0,256,20,0,128,128,2.3942679658254047,1.25,3.667865482839929,5.49246955295385,0.0,0.0,1.0,295.0
mppi_coast,random,300.0,1800.0,0.1,0.1,5.0,2.5,10.0,10.0,10,100.0,inf,full,both,inf,180.0,0.01,0.0,0.0,256,20,3,0.5,0.1,0.99,10.0,256,20,0,128,128,2.4165645892894974,2.2523883741347435,5.3230099143466,6.697588721299788,0.0,0.0,1.0,300.0
mppi_coast,random,300.0,1800.0,0.1,0.1,5.0,3.75,10.0,10.0,10,100.0,inf,full,both,inf,180.0,0.01,0.0,0.0,256,20,3,0.5,0.1,0.99,10.0,256,20,0,128,128,2.419750485801373,2.2987528605447696,5.215815706216548,6.754350027276714,0.0,0.0,1.0,300.0
mppi_coast,random,300.0,1800.0,0.1,0.1,5.0,4.5,10.0,10.0,10,100.0,inf,full,both,inf,180.0,0.01,0.0,0.0,256,20,3,0.5,0.1,0.99,10.0,256,20,0,128,128,2.419750485801373,2.2987528605447696,5.215815706216548,6.754350027276714,0.0,0.0,1.0,300.0
mppi_coast,random,300.0,1800.0,0.1,0.1,5.0,5.0,10.0,10.0,10,100.0,inf,full,both,inf,180.0,0.01,0.0,0.0,256,20,3,0.5,0.1,0.99,10.0,256,20,0,128,128,2.419750485801373,2.2987528605447696,5.215815706216548,6.754350027276714,0.0,0.0,1.0,300.0
mppi_coast,random,300.0,1800.0,0.1,0.1,5.0,5.5,10.0,10.0,10,100.0,inf,full,both,inf,180.0,0.01,0.0,0.0,256,20,3,0.5,0.1,0.99,10.0,256,20,0,128,128,2.419750485801373,2.2987528605447696,5.215815706216548,6.754350027276714,0.0,0.0,1.0,300.0
mppi_coast,random,300.0,1800.0,0.1,0.1,5.0,6.25,10.0,10.0,10,100.0,inf,full,both,inf,180.0,0.01,0.0,0.0,256,20,3,0.5,0.1,0.99,10.0,256,20,0,128,128,2.419750485801373,2.2987528605447696,5.215815706216548,6.754350027276714,0.0,0.0,1.0,300.0
mppi_coast,random,300.0,1800.0,0.1,0.1,5.0,7.5,10.0,10.0,10,100.0,inf,full,both,inf,180.0,0.01,0.0,0.0,256,20,3,0.5,0.1,0.99,10.0,256,20,0,128,128,2.419750485801373,2.2987528605447696,5.215815706216548,6.754350027276714,0.0,0.0,1.0,300.0
mppi_coast,random,300.0,1800.0,0.1,0.1,5.0,10.0,10.0,10.0,10,100.0,inf,full,both,inf,180.0,0.01,0.0,0.0,256,20,3,0.5,0.1,0.99,10.0,256,20,0,128,128,2.419750485801373,2.2987528605447696,5.215815706216548,6.754350027276714,0.0,0.0,1.0,300.0
mppi_coast,random,300.0,1800.0,0.1,0.1,5.0,inf,10.0,10.0,10,100.0,inf,full,both,inf,180.0,0.01,0.0,0.0,256,20,3,0.5,0.1,0.99,10.0,256,20,0,128,128,2.419750485801373,2.2987528605447696,5.215815706216548,6.754350027276714,0.0,0.0,1.0,300.0
mppi_coast,random,300.0,1800.0,0.1,0.11,5.0,1.25,10.0,10.0,10,100.0,inf,full,both,inf,180.0,0.01,0.0,0.0,256,20,3,0.5,0.1,0.99,10.0,256,20,0,128,128,2.4005260872717304,1.25,3.642516407419056,5.223396045646169,0.0,0.0,1.0,300.0
mppi_coast,random,300.0,1800.0,0.1,0.11,5.0,2.5,10.0,10.0,10,100.0,inf,full,both,inf,180.0,0.01,0.0,0.0,256,20,3,0.5,0.1,0.99,10.0,256,20,0,128,128,2.456081243259596,2.4109098071678545,5.1181217090458775,6.834399775673525,0.0,0.0,1.0,310.0
mppi_coast,random,300.0,1800.0,0.1,0.11,5.0,3.75,10.0,10.0,10,100.0,inf,full,both,inf,180.0,0.01,0.0,0.0,256,20,3,0.5,0.1,0.99,10.0,256,20,0,128,128,2.4529390401456967,2.5633376448519622,5.690357204513101,7.1807065427645735,0.0,0.0,1.0,310.0
mppi_coast,random,300.0,1800.0,0.1,0.11,5.0,4.5,10.0,10.0,10,100.0,inf,full,both,inf,180.0,0.01,0.0,0.0,256,20,3,0.5,0.1,0.99,10.0,256,20,0,128,128,2.4529390401456967,2.5633376448519622,5.690357204513101,7.1807065427645735,0.0,0.0,1.0,310.0
mppi_coast,random,300.0,1800.0,0.1,0.11,5.0,5.0,10.0,10.0,10,100.0,inf,full,both,inf,180.0,0.01,0.0,0.0,256,20,3,0.5,0.1,0.99,10.0,256,20,0,128,128,2.4529390401456967,2.5633376448519622,5.690357204513101,7.1807065427645735,0.0,0.0,1.0,310.0
mppi_coast,random,300.0,1800.0,0.1,0.11,5.0,5.5,10.0,10.0,10,100.0,inf,full,both,inf,180.0,0.01,0.0,0.0,256,20,3,0.5,0.1,0.99,10.0,256,20,0,128,128,2.4529390401456967,2.5633376448519622,5.690357204513101,7.1807065427645735,0.0,0.0,1.0,310.0
mppi_coast,random,300.0,1800.0,0.1,0.11,5.0,6.25,10.0,10.0,10,100.0,inf,full,both,inf,180.0,0.01,0.0,0.0,256,20,3,0.5,0.1,0.99,10.0,256,20,0,128,128,2.4529390401456967,2.5633376448519622,5.690357204513101,7.1807065427645735,0.0,0.0,1.0,310.0
mppi_coast,random,300.0,1800.0,0.1,0.11,5.0,7.5,10.0,10.0,10,100.0,inf,full,both,inf,180.0,0.01,0.0,0.0,256,20,3,0.5,0.1,0.99,10.0,256,20,0,128,128,2.4529390401456967,2.5633376448519622,5.690357204513101,7.1807065427645735,0.0,0.0,1.0,310.0
mppi_coast,random,300.0,1800.0,0.1,0.11,5.0,10.0,10.0,10.0,10,100.0,inf,full,both,inf,180.0,0.01,0.0,0.0,256,20,3,0.5,0.1,0.99,10.0,256,20,0,128,128,2.4529390401456967,2.5633376448519622,5.690357204513101,7.1807065427645735,0.0,0.0,1.0,310.0
mppi_coast,random,300.0,1800.0,0.1,0.11,5.0,inf,10.0,10.0,10,100.0,inf,full,both,inf,180.0,0.01,0.0,0.0,256,20,3,0.5,0.1,0.99,10.0,256,20,0,128,128,2.4529390401456967,2.5633376448519622,5.690357204513101,7.1807065427645735,0.0,0.0,1.0,310.0
mppi_coast,random,300.0,1800.0,0.1,0.125,5.0,1.25,10.0,10.0,10,100.0,inf,full,both,inf,180.0,0.01,0.0,0.0,256,20,3,0.5,0.1,0.99,10.0,256,20,0,128,128,2.394543586566051,1.25,3.551810742586677,5.337444567867292,0.0,0.0,1.0,300.0
mppi_coast,random,300.0,1800.0,0.1,0.125,5.0,2.5,10.0,10.0,10,100.0,inf,full,both,inf,180.0,0.01,0.0,0.0,256,20,3,0.5,0.1,0.99,10.0,256,20,0,128,128,2.4876765479432588,2.4860714353547264,4.73490667644292,6.248625739644279,0.0,0.0,1.0,310.0
mppi_coast,random,300.0,1800.0,0.1,0.125,5.0,3.75,10.0,10.0,10,100.0,inf,full,both,inf,180.0,0.01,0.0,0.0,256,20,3,0.5,0.1,0.99,10.0,256,20,0,128,128,2.531287851048636,2.9360571164237994,5.938055862078256,7.114666254025789,0.0,0.0,1.0,310.0
mppi_coast,random,300.0,1800.0,0.1,0.125,5.0,4.5,10.0,10.0,10,100.0,inf,full,both,inf,180.0,0.01,0.0,0.0,256,20,3,0.5,0.1,0.99,10.0,256,20,0,128,128,2.532187223033627,2.9600405871367044,5.969427079244934,7.161079523379695,0.0,0.0,1.0,310.0
mppi_coast,random,300.0,1800.0,0.1,0.125,5.0,5.0,10.0,10.0,10,100.0,inf,full,both,inf,180.0,0.01,0.0,0.0,256,20,3,0.5,0.1,0.99,10.0,256,20,0,128,128,2.532187223033627,2.9690692297353656,5.893912644376309,7.0917191601095775,0.0,0.0,1.0,310.0
mppi_coast,random,300.0,1800.0,0.1,0.125,5.0,5.5,10.0,10.0,10,100.0,inf,full,both,inf,180.0,0.01,0.0,0.0,256,20,3,0.5,0.1,0.99,10.0,256,20,0,128,128,2.532187223033627,2.9768817297353656,5.93375263451475,7.131559150248019,0.0,0.0,1.0,310.0
mppi_coast,random,300.0,1800.0,0.1,0.125,5.0,6.25,10.0,10.0,10,100.0,inf,full,both,inf,180.0,0.01,0.0,0.0,256,20,3,0.5,0.1,0.99,10.0,256,20,0,128,127,2.532187223033627,2.9886004797353656,5.973935764083327,11.380535680507624,0.0,0.0,0.9921875,310.0
mppi_coast,random,300.0,1800.0,0.1,0.125,5.0,7.5,10.0,10.0,10,100.0,inf,full,both,inf,180.0,0.01,0.0,0.0,256,20,3,0.5,0.1,0.99,10.0,256,20,0,128,126,2.532187223033627,3.0081317297353656,5.981034231567925,22.551289001106635,0.0,0.0,0.984375,305.0
mppi_coast,random,300.0,1800.0,0.1,0.125,5.0,10.0,10.0,10.0,10,100.0,inf,full,both,inf,180.0,0.01,0.0,0.0,256,20,3,0.5,0.1,0.99,10.0,256,20,0,128,126,2.532187223033627,3.0471942297353656,5.981034231567925,21.39766046324704,0.0,0.0,0.984375,305.0
mppi_coast,random,300.0,1800.0,0.1,0.125,5.0,inf,10.0,10.0,10,100.0,inf,full,both,inf,180.0,0.01,0.0,0.0,256,20,3,0.5,0.1,0.99,10.0,256,20,0,128,126,2.532187223033627,3.1559622874706306,5.981034231567925,20.897842706019485,0.0,0.0,0.984375,305.0
mppi_coast,random,300.0,1800.0,0.1,0.15,5.0,1.25,10.0,10.0,10,100.0,inf,full,both,inf,180.0,0.01,0.0,0.0,256,20,3,0.5,0.1,0.99,10.0,256,20,0,128,128,2.4080740775520613,1.25,3.9325129636639087,5.298696012993886,0.0,0.0,1.0,300.0
mppi_coast,random,300.0,1800.0,0.1,0.15,5.0,2.5,10.0,10.0,10,100.0,inf,full,both,inf,180.0,0.01,0.0,0.0,256,20,3,0.5,0.1,0.99,10.0,256,20,0,128,128,2.546512817554736,2.5,4.136220692909913,5.228688027430748,0.0,0.0,1.0,310.0
mppi_coast,random,300.0,1800.0,0.1,0.15,5.0,3.75,10.0,10.0,10,100.0,inf,full,both,inf,180.0,0.01,0.0,0.0,256,20,3,0.5,0.1,0.99,10.0,256,20,0,128,128,2.722905924858042,3.4628514695341144,6.583981202051575,7.751673948622765,0.0,0.0,1.0,315.0
mppi_coast,random,300.0,1800.0,0.1,0.15,5.0,4.5,10.0,10.0,10,100.0,inf,full,both,inf,180.0,0.01,0.0,0.0,256,20,3,0.5,0.1,0.99,10.0,256,20,0,128,128,2.821380680219446,3.650235018239696,6.979460165507868,7.953019825779211,0.0,0.0,1.0,320.0
mppi_coast,random,300.0,1800.0,0.1,0.15,5.0,5.0,10.0,10.0,10,100.0,inf,full,both,inf,180.0,0.01,0.0,0.0,256,20,3,0.5,0.1,0.99,10.0,256,20,0,128,126,2.833365138157339,3.724836898354522,7.015071091901279,8.599428197019057,0.0,0.0,0.984375,315.0
mppi_coast,random,300.0,1800.0,0.1,0.15,5.0,5.5,10.0,10.0,10,100.0,inf,full,both,inf,180.0,0.01,0.0,0.0,256,20,3,0.5,0.1,0.99,10.0,256,20,0,128,125,2.832568666211631,3.7888391401690233,7.106725840031468,11.183489892019333,0.0,0.0,0.9765625,310.0
mppi_coast,random,300.0,1800.0,0.1,0.15,5.0,6.25,10.0,10.0,10,100.0,inf,full,both,inf,180.0,0.01,0.0,0.0,256,20,3,0.5,0.1,0.99,10.0,256,20,0,128,119,2.8326460807640887,3.881171302240897,7.302443242596129,31.64018458087851,0.0,0.0,0.9296875,310.0
mppi_coast,random,300.0,1800.0,0.1,0.15,5.0,7.5,10.0,10.0,10,100.0,inf,full,both,inf,180.0,0.01,0.0,0.0,256,20,3,0.5,0.1,0.99,10.0,256,20,0,128,116,2.8326460807640887,4.016946759874223,7.338989727125292,69.9536575349202,0.0,0.0,0.90625,310.0
mppi_coast,random,300.0,1800.0,0.1,0.15,5.0,10.0,10.0,10.0,10,100.0,inf,full,both,inf,180.0,0.01,0.0,0.0,256,20,3,0.5,0.1,0.99,10.0,256,20,0,128,116,2.8326460807640887,4.251321759874223,7.338989727125292,86.00797260476013,0.0,0.0,0.90625,310.0
mppi_coast,random,300.0,1800.0,0.1,0.15,5.0,inf,10.0,10.0,10,100.0,inf,full,both,inf,180.0,0.01,0.0,0.0,256,20,3,0.5,0.1,0.99,10.0,256,20,0,128,116,2.8326460807640887,5.209856202755763,7.338989727125292,99.24286078234309,0.0,0.0,0.90625,310.0
mppi_coast,random,300.0,1800.0,0.1,0.2,5.0,1.25,10.0,10.0,10,100.0,inf,full,both,inf,180.0,0.01,0.0,0.0,256,20,3,0.5,0.1,0.99,10.0,256,20,0,128,128,2.4308388702813235,1.25,3.869182045607285,5.529303823408831,0.0,0.0,1.0,300.0
mppi_coast,random,300.0,1800.0,0.1,0.2,5.0,2.5,10.0,10.0,10,100.0,inf,full,both,inf,180.0,0.01,0.0,0.0,256,20,3,0.5,0.1,0.99,10.0,256,20,0,128,128,2.613817816061187,2.5,3.342028257084231,4.935366763917839,0.0,0.0,1.0,310.0
mppi_coast,random,300.0,1800.0,0.1,0.2,5.0,3.75,10.0,10.0,10,100.0,inf,full,both,inf,180.0,0.01,0.0,0.0,256,20,3,0.5,0.1,0.99,10.0,256,20,0,128,128,2.918973293208463,3.742861087912444,5.229596171340644,6.216255132011066,0.0,0.0,1.0,330.0
mppi_coast,random,300.0,1800.0,0.1,0.2,5.0,4.5,10.0,10.0,10,100.0,inf,full,both,inf,180.0,0.01,0.0,0.0,256,20,3,0.5,0.1,0.99,10.0,256,20,0,128,128,3.2524880592278285,4.414465551289797,5.526382099589995,6.393889355730344,0.0,0.0,1.0,360.0
mppi_coast,random,300.0,1800.0,0.1,0.2,5.0,5.0,10.0,10.0,10,100.0,inf,full,both,inf,180.0,0.01,0.0,0.0,256,20,3,0.5,0.1,0.99,10.0,256,20,0,128,127,3.383364367364984,4.776262814345548,6.139426261858864,7.135887398967749,0.0,0.0,0.9921875,380.0
mppi_coast,random,300.0,1800.0,0.1,0.2,5.0,5.5,10.0,10.0,10,100.0,inf,full,both,inf,180.0,0.01,0.0,0.0,256,20,3,0.5,0.1,0.99,10.0,256,20,0,128,127,3.464690934010505,5.072518339585938,6.375954974059937,8.449117071071415,0.0,0.0,0.9921875,390.0
mppi_coast,random,300.0,1800.0,0.1,0.2,5.0,6.25,10.0,10.0,10,100.0,inf,full,both,inf,180.0,0.01,0.0,0.0,256,20,3,0.5,0.1,0.99,10.0,256,20,0,128,123,3.5738721770602595,5.458669201852453,6.887545859016584,12.180399796567322,0.0,0.0,0.9609375,390.0
mppi_coast,random,300.0,1800.0,0.1,0.2,5.0,7.5,10.0,10.0,10,100.0,inf,full,both,inf,180.0,0.01,0.0,0.0,256,20,3,0.5,0.1,0.99,10.0,256,20,0,128,114,3.597086497425013,6.004617144347645,8.000872019736898,29.54442495635685,0.0,0.0,0.890625,375.0
mppi_coast,random,300.0,1800.0,0.1,0.2,5.0,10.0,10.0,10.0,10,100.0,inf,full,both,inf,180.0,0.01,0.0,0.0,256,20,3,0.5,0.1,0.99,10.0,256,20,0,128,92,3.6018806311729867,6.804101852995464,10.22270784758285,229.97723195442504,0.0,0.0,0.71875,335.0
mppi_coast,random,300.0,1800.0,0.1,0.2,5.0,inf,10.0,10.0,10,100.0,inf,full,both,inf,180.0,0.01,0.0,0.0,256,20,3,0.5,0.1,0.99,10.0,256,20,0,128,92,3.6018806311729867,11.568146993391466,10.287135476489002,346.2121330703891,0.0,0.0,0.71875,335.0
mppi_coast,transverse,300.0,1800.0,0.1,0.025,5.0,1.25,10.0,10.0,10,100.0,inf,full,both,inf,180.0,0.01,0.0,0.0,256,20,3,0.5,0.1,0.99,10.0,256,20,0,128,128,2.401412438727468,0.7550781250000004,6.277819387636852,7.384186049284685,0.0,0.0,1.0,300.0
mppi_coast,transverse,300.0,1800.0,0.1,0.025,5.0,2.5,10.0,10.0,10,100.0,inf,full,both,inf,180.0,0.01,0.0,0.0,256,20,3,0.5,0.1,0.99,10.0,256,20,0,128,128,2.401412438727468,0.7550781250000004,6.277819387636852,7.384186049284685,0.0,0.0,1.0,300.0
mppi_coast,transverse,300.0,1800.0,0.1,0.025,5.0,3.75,10.0,10.0,10,100.0,inf,full,both,inf,180.0,0.01,0.0,0.0,256,20,3,0.5,0.1,0.99,10.0,256,20,0,128,128,2.401412438727468,0.7550781250000004,6.277819387636852,7.384186049284685,0.0,0.0,1.0,300.0
mppi_coast,transverse,300.0,1800.0,0.1,0.025,5.0,4.5,10.0,10.0,10,100.0,inf,full,both,inf,180.0,0.01,0.0,0.0,256,20,3,0.5,0.1,0.99,10.0,256,20,0,128,128,2.401412438727468,0.7550781250000004,6.277819387636852,7.384186049284685,0.0,0.0,1.0,300.0
mppi_coast,transverse,300.0,1800.0,0.1,0.025,5.0,5.0,10.0,10.0,10,100.0,inf,full,both,inf,180.0,0.01,0.0,0.0,256,20,3,0.5,0.1,0.99,10.0,256,20,0,128,128,2.401412438727468,0.7550781250000004,6.277819387636852,7.384186049284685,0.0,0.0,1.0,300.0
mppi_coast,transverse,300.0,1800.0,0.1,0.025,5.0,5.5,10.0,10.0,10,100.0,inf,full,both,inf,180.0,0.01,0.0,0.0,256,20,3,0.5,0.1,0.99,10.0,256,20,0,128,128,2.401412438727468,0.7550781250000004,6.277819387636852,7.384186049284685,0.0,0.0,1.0,300.0
mppi_coast,transverse,300.0,1800.0,0.1,0.025,5.0,6.25,10.0,10.0,10,100.0,inf,full,both,inf,180.0,0.01,0.0,0.0,256,20,3,0.5,0.1,0.99,10.0,256,20,0,128,128,2.401412438727468,0.7550781250000004,6.277819387636852,7.384186049284685,0.0,0.0,1.0,300.0
mppi_coast,transverse,300.0,1800.0,0.1,0.025,5.0,7.5,10.0,10.0,10,100.0,inf,full,both,inf,180.0,0.01,0.0,0.0,256,20,3,0.5,0.1,0.99,10.0,256,20,0,128,128,2.401412438727468,0.7550781250000004,6.277819387636852,7.384186049284685,0.0,0.0,1.0,300.0
mppi_coast,transverse,300.0,1800.0,0.1,0.025,5.0,10.0,10.0,10.0,10,100.0,inf,full,both,inf,180.0,0.01,0.0,0.0,256,20,3,0.5,0.1,0.99,10.0,256,20,0,128,128,2.401412438727468,0.7550781250000004,6.277819387636852,7.384186049284685,0.0,0.0,1.0,300.0
mppi_coast,transverse,300.0,1800.0,0.1,0.025,5.0,inf,10.0,10.0,10,100.0,inf,full,both,inf,180.0,0.01,0.0,0.0,256,20,3,0.5,0.1,0.99,10.0,256,20,0,128,128,2.401412438727468,0.7550781250000004,6.277819387636852,7.384186049284685,0.0,0.0,1.0,300.0
mppi_coast,transverse,300.0,1800.0,0.1,0.05,5.0,1.25,10.0,10.0,10,100.0,inf,full,both,inf,180.0,0.01,0.0,0.0,256,20,3,0.5,0.1,0.99,10.0,256,20,0,128,128,2.952593849381792,1.25,6.705332803940282,7.264024080355194,0.0,0.0,1.0,340.0
mppi_coast,transverse,300.0,1800.0,0.1,0.05,5.0,2.5,10.0,10.0,10,100.0,inf,full,both,inf,180.0,0.01,0.0,0.0,256,20,3,0.5,0.1,0.99,10.0,256,20,0,128,94,4.874383414653833,2.45390625,14.27021990197319,51.58853237017294,0.0,0.0,0.734375,795.0
mppi_coast,transverse,300.0,1800.0,0.1,0.05,5.0,3.75,10.0,10.0,10,100.0,inf,full,both,inf,180.0,0.01,0.0,0.0,256,20,3,0.5,0.1,0.99,10.0,256,20,0,128,7,4.874383414653833,3.635546875,27.80481530570971,1484.5597744317688,0.0,0.0,0.0546875,330.0
mppi_coast,transverse,300.0,1800.0,0.1,0.05,5.0,4.5,10.0,10.0,10,100.0,inf,full,both,inf,180.0,0.01,0.0,0.0,256,20,3,0.5,0.1,0.99,10.0,256,20,0,128,7,4.874383414653833,4.34453125,27.80481530570971,1877.235251186405,0.0,0.0,0.0546875,330.0
mppi_coast,transverse,300.0,1800.0,0.1,0.05,5.0,5.0,10.0,10.0,10,100.0,inf,full,both,inf,180.0,0.01,0.0,0.0,256,20,3,0.5,0.1,0.99,10.0,256,20,0,128,7,4.874383414653833,4.8171875,27.80481530570971,2046.7232010033,0.0,0.0,0.0546875,330.0
mppi_coast,transverse,300.0,1800.0,0.1,0.05,5.0,5.5,10.0,10.0,10,100.0,inf,full,both,inf,180.0,0.01,0.0,0.0,256,20,3,0.5,0.1,0.99,10.0,256,20,0,128,7,4.874383414653833,5.28984375,27.80481530570971,2177.928092232573,0.0,0.0,0.0546875,330.0
mppi_coast,transverse,300.0,1800.0,0.1,0.05,5.0,6.25,10.0,10.0,10,100.0,inf,full,both,inf,180.0,0.01,0.0,0.0,256,20,3,0.5,0.1,0.99,10.0,256,20,0,128,7,4.874383414653833,5.998828125,27.80481530570971,2322.288351332504,0.0,0.0,0.0546875,330.0
mppi_coast,transverse,300.0,1800.0,0.1,0.05,5.0,7.5,10.0,10.0,10,100.0,inf,full,both,inf,180.0,0.01,0.0,0.0,256,20,3,0.5,0.1,0.99,10.0,256,20,0,128,7,4.874383414653833,7.18046875,27.80481530570971,2451.651348371572,0.0,0.0,0.0546875,330.0
mppi_coast,transverse,300.0,1800.0,0.1,0.05,5.0,10.0,10.0,10.0,10,100.0,inf,full,both,inf,180.0,0.01,0.0,0.0,256,20,3,0.5,0.1,0.99,10.0,256,20,0,128,7,4.874383414653833,8.598437499999994,27.80481530570971,2482.2638663942544,0.0,0.0,0.0546875,330.0
mppi_coast,transverse,300.0,1800.0,0.1,0.05,5.0,inf,10.0,10.0,10,100.0,inf,full,both,inf,180.0,0.01,0.0,0.0,256,20,3,0.5,0.1,0.99,10.0,256,20,0,128,7,4.874383414653833,8.598437499999994,27.80481530570971,2482.2638663942544,0.0,0.0,0.0546875,330.0
mppi_coast,transverse,300.0,1800.0,0.1,0.075,5.0,1.25,10.0,10.0,10,100.0,inf,full,both,inf,180.0,0.01,0.0,0.0,256,20,3,0.5,0.1,0.99,10.0,256,20,0,128,128,2.96703180393916,1.25,3.6109211721873127,4.730884673479835,0.0,0.0,1.0,350.0
mppi_coast,transverse,300.0,1800.0,0.1,0.075,5.0,2.5,10.0,10.0,10,100.0,inf,full,both,inf,180.0,0.01,0.0,0.0,256,20,3,0.5,0.1,0.99,10.0,256,20,0,128,128,4.931554961214298,2.5,5.818350195177293,5.830102547743112,0.0,0.0,1.0,610.0
mppi_coast,transverse,300.0,1800.0,0.1,0.075,5.0,3.75,10.0,10.0,10,100.0,inf,full,both,inf,180.0,0.01,0.0,0.0,256,20,3,0.5,0.1,0.99,10.0,256,20,0,128,0,5.0,3.75,108.00504943824546,806.1619961930559,0.0,0.0,0.0,
mppi_coast,transverse,300.0,1800.0,0.1,0.075,5.0,4.5,10.0,10.0,10,100.0,inf,full,both,inf,180.0,0.01,0.0,0.0,256,20,3,0.5,0.1,0.99,10.0,256,20,0,128,0,5.0,4.5,108.15672436334164,1805.758027040653,0.0,0.0,0.0,
mppi_coast,transverse,300.0,1800.0,0.1,0.075,5.0,5.0,10.0,10.0,10,100.0,inf,full,both,inf,180.0,0.01,0.0,0.0,256,20,3,0.5,0.1,0.99,10.0,256,20,0,128,0,5.0,5.0,108.15672436334164,2345.193513329492,0.0,0.0,0.0,
mppi_coast,transverse,300.0,1800.0,0.1,0.075,5.0,5.5,10.0,10.0,10,100.0,inf,full,both,inf,180.0,0.01,0.0,0.0,256,20,3,0.5,0.1,0.99,10.0,256,20,0,128,0,5.0,5.5,108.15672436334164,2762.3349552148147,0.0,0.0,0.0,
mppi_coast,transverse,300.0,1800.0,0.1,0.075,5.0,6.25,10.0,10.0,10,100.0,inf,full,both,inf,180.0,0.01,0.0,0.0,256,20,3,0.5,0.1,0.99,10.0,256,20,0,128,0,5.0,6.25,108.15672436334164,3228.13269425464,0.0,0.0,0.0,
mppi_coast,transverse,300.0,1800.0,0.1,0.075,5.0,7.5,10.0,10.0,10,100.0,inf,full,both,inf,180.0,0.01,0.0,0.0,256,20,3,0.5,0.1,0.99,10.0,256,20,0,128,0,5.0,7.5,108.15672436334164,3768.1189077984377,0.0,0.0,0.0,
mppi_coast,transverse,300.0,1800.0,0.1,0.075,5.0,10.0,10.0,10.0,10,100.0,inf,full,both,inf,180.0,0.01,0.0,0.0,256,20,3,0.5,0.1,0.99,10.0,256,20,0,128,0,5.0,10.0,108.15672436334164,4343.493562980085,0.0,0.0,0.0,
mppi_coast,transverse,300.0,1800.0,0.1,0.075,5.0,inf,10.0,10.0,10,100.0,inf,full,both,inf,180.0,0.01,0.0,0.0,256,20,3,0.5,0.1,0.99,10.0,256,20,0,128,0,5.0,13.49999999999996,108.15672436334164,4505.785033639836,0.0,0.0,0.0,
mppi_coast,transverse,300.0,1800.0,0.1,0.09,5.0,1.25,10.0,10.0,10,100.0,inf,full,both,inf,180.0,0.01,0.0,0.0,256,20,3,0.5,0.1,0.99,10.0,256,20,0,128,128,2.970763347364536,1.25,3.7485252504296183,4.821231504717874,0.0,0.0,1.0,350.0
mppi_coast,transverse,300.0,1800.0,0.1,0.09,5.0,2.5,10.0,10.0,10,100.0,inf,full,both,inf,180.0,0.01,0.0,0.0,256,20,3,0.5,0.1,0.99,10.0,256,20,0,128,128,4.9146214047914425,2.5,4.682957728444524,4.756835680882068,0.0,0.0,1.0,600.0
mppi_coast,transverse,300.0,1800.0,0.1,0.09,5.0,3.75,10.0,10.0,10,100.0,inf,full,both,inf,180.0,0.01,0.0,0.0,256,20,3,0.5,0.1,0.99,10.0,256,20,0,128,8,5.0,3.75,144.3396205657264,593.5138174130504,0.0,0.0,0.0625,870.0
mppi_coast,transverse,300.0,1800.0,0.1,0.09,5.0,4.5,10.0,10.0,10,100.0,inf,full,both,inf,180.0,0.01,0.0,0.0,256,20,3,0.5,0.1,0.99,10.0,256,20,0,128,0,5.0,4.5,153.9355699470443,1577.573673426282,0.0,0.0,0.0,
mppi_coast,transverse,300.0,1800.0,0.1,0.09,5.0,5.0,10.0,10.0,10,100.0,inf,full,both,inf,180.0,0.01,0.0,0.0,256,20,3,0.5,0.1,0.99,10.0,256,20,0,128,0,5.0,5.0,153.9355699470443,2198.157363551943,0.0,0.0,0.0,
mppi_coast,transverse,300.0,1800.0,0.1,0.09,5.0,5.5,10.0,10.0,10,100.0,inf,full,both,inf,180.0,0.01,0.0,0.0,256,20,3,0.5,0.1,0.99,10.0,256,20,0,128,0,5.0,5.5,153.9355699470443,2751.7756571052814,0.0,0.0,0.0,
mppi_coast,transverse,300.0,1800.0,0.1,0.09,5.0,6.25,10.0,10.0,10,100.0,inf,full,both,inf,180.0,0.01,0.0,0.0,256,20,3,0.5,0.1,0.99,10.0,256,20,0,128,0,5.0,6.25,153.9355699470443,3428.119748649227,0.0,0.0,0.0,
mppi_coast,transverse,300.0,1800.0,0.1,0.09,5.0,7.5,10.0,10.0,10,100.0,inf,full,both,inf,180.0,0.01,0.0,0.0,256,20,3,0.5,0.1,0.99,10.0,256,20,0,128,0,5.0,7.5,153.9355699470443,4242.522481912574,0.0,0.0,0.0,
mppi_coast,transverse,300.0,1800.0,0.1,0.09,5.0,10.0,10.0,10.0,10,100.0,inf,full,both,inf,180.0,0.01,0.0,0.0,256,20,3,0.5,0.1,0.99,10.0,256,20,0,128,0,5.0,10.0,153.9355699470443,5219.07567431812,0.0,0.0,0.0,
mppi_coast,transverse,300.0,1800.0,0.1,0.09,5.0,inf,10.0,10.0,10,100.0,inf,full,both,inf,180.0,0.01,0.0,0.0,256,20,3,0.5,0.1,0.99,10.0,256,20,0,128,0,5.0,16.19999999999998,153.9355699470443,5807.600137871651,0.0,0.0,0.0,
mppi_coast,transverse,300.0,1800.0,0.1,0.1,5.0,1.25,10.0,10.0,10,100.0,inf,full,both,inf,180.0,0.01,0.0,0.0,256,20,3,0.5,0.1,0.99,10.0,256,20,0,128,128,2.9897430563978027,1.25,3.307837366813432,4.665420595097981,0.0,0.0,1.0,350.0
mppi_coast,transverse,300.0,1800.0,0.1,0.1,5.0,2.5,10.0,10.0,10,100.0,inf,full,both,inf,180.0,0.01,0.0,0.0,256,20,3,0.5,0.1,0.99,10.0,256,20,0,128,128,4.869575975109772,2.5,4.057121179747655,4.240516907812479,0.0,0.0,1.0,590.0
mppi_coast,transverse,300.0,1800.0,0.1,0.1,5.0,3.75,10.0,10.0,10,100.0,inf,full,both,inf,180.0,0.01,0.0,0.0,256,20,3,0.5,0.1,0.99,10.0,256,20,0,128,10,5.0,3.75,156.32638070935562,499.1971573107211,0.0,0.0,0.078125,825.0
mppi_coast,transverse,300.0,1800.0,0.1,0.1,5.0,4.5,10.0,10.0,10,100.0,inf,full,both,inf,180.0,0.01,0.0,0.0,256,20,3,0.5,0.1,0.99,10.0,256,20,0,128,0,5.0,4.5,178.05265181990947,1477.2947391258024,0.0,0.0,0.0,
mppi_coast,transverse,300.0,1800.0,0.1,0.1,5.0,5.0,10.0,10.0,10,100.0,inf,full,both,inf,180.0,0.01,0.0,0.0,256,20,3,0.5,0.1,0.99,10.0,256,20,0,128,0,5.0,5.0,178.1497672263329,2113.039111175895,0.0,0.0,0.0,
mppi_coast,transverse,300.0,1800.0,0.1,0.1,5.0,5.5,10.0,10.0,10,100.0,inf,full,both,inf,180.0,0.01,0.0,0.0,256,20,3,0.5,0.1,0.99,10.0,256,20,0,128,0,5.0,5.5,178.1497672263329,2709.675223785784,0.0,0.0,0.0,
mppi_coast,transverse,300.0,1800.0,0.1,0.1,5.0,6.25,10.0,10.0,10,100.0,inf,full,both,inf,180.0,0.01,0.0,0.0,256,20,3,0.5,0.1,0.99,10.0,256,20,0,128,0,5.0,6.25,178.1497672263329,3495.7078853383127,0.0,0.0,0.0,
mppi_coast,transverse,300.0,1800.0,0.1,0.1,5.0,7.5,10.0,10.0,10,100.0,inf,full,both,inf,180.0,0.01,0.0,0.0,256,20,3,0.5,0.1,0.99,10.0,256,20,0,128,0,5.0,7.5,178.1497672263329,4487.82103458838,0.0,0.0,0.0,
mppi_coast,transverse,300.0,1800.0,0.1,0.1,5.0,10.0,10.0,10.0,10,100.0,inf,full,both,inf,180.0,0.01,0.0,0.0,256,20,3,0.5,0.1,0.99,10.0,256,20,0,128,0,5.0,10.0,178.1497672263329,5707.467811727436,0.0,0.0,0.0,
mppi_coast,transverse,300.0,1800.0,0.1,0.1,5.0,inf,10.0,10.0,10,100.0,inf,full,both,inf,180.0,0.01,0.0,0.0,256,20,3,0.5,0.1,0.99,10.0,256,20,0,128,0,5.0,17.999999999999986,178.1497672263329,6680.691105058715,0.0,0.0,0.0,
mppi_coast,transverse,300.0,1800.0,0.1,0.11,5.0,1.25,10.0,10.0,10,100.0,inf,full,both,inf,180.0,0.01,0.0,0.0,256,20,3,0.5,0.1,0.99,10.0,256,20,0,128,128,3.0227478908914245,1.25,3.849074123459017,4.896744081391296,0.0,0.0,1.0,360.0
mppi_coast,transverse,300.0,1800.0,0.1,0.11,5.0,2.5,10.0,10.0,10,100.0,inf,full,both,inf,180.0,0.01,0.0,0.0,256,20,3,0.5,0.1,0.99,10.0,256,20,0,128,128,4.878857378176884,2.5,4.492381848791708,4.777396772150564,0.0,0.0,1.0,590.0
mppi_coast,transverse,300.0,1800.0,0.1,0.11,5.0,3.75,10.0,10.0,10,100.0,inf,full,both,inf,180.0,0.01,0.0,0.0,256,20,3,0.5,0.1,0.99,10.0,256,20,0,128,13,4.998273419607052,3.75,158.25455371314135,437.801857933091,0.0,0.0,0.1015625,820.0
mppi_coast,transverse,300.0,1800.0,0.1,0.11,5.0,4.5,10.0,10.0,10,100.0,inf,full,both,inf,180.0,0.01,0.0,0.0,256,20,3,0.5,0.1,0.99,10.0,256,20,0,128,0,5.0,4.5,197.08739566292385,1392.219775826783,0.0,0.0,0.0,
mppi_coast,transverse,300.0,1800.0,0.1,0.11,5.0,5.0,10.0,10.0,10,100.0,inf,full,both,inf,180.0,0.01,0.0,0.0,256,20,3,0.5,0.1,0.99,10.0,256,20,0,128,0,5.0,5.0,197.9489501542048,2046.358715535641,0.0,0.0,0.0,
mppi_coast,transverse,300.0,1800.0,0.1,0.11,5.0,5.5,10.0,10.0,10,100.0,inf,full,both,inf,180.0,0.01,0.0,0.0,256,20,3,0.5,0.1,0.99,10.0,256,20,0,128,0,5.0,5.5,197.9489501542048,2656.1398021236414,0.0,0.0,0.0,
mppi_coast,transverse,300.0,1800.0,0.1,0.11,5.0,6.25,10.0,10.0,10,100.0,inf,full,both,inf,180.0,0.01,0.0,0.0,256,20,3,0.5,0.1,0.99,10.0,256,20,0,128,0,5.0,6.25,197.9489501542048,3496.393628993944,0.0,0.0,0.0,
mppi_coast,transverse,300.0,1800.0,0.1,0.11,5.0,7.5,10.0,10.0,10,100.0,inf,full,both,inf,180.0,0.01,0.0,0.0,256,20,3,0.5,0.1,0.99,10.0,256,20,0,128,0,5.0,7.5,197.9489501542048,4645.455126979899,0.0,0.0,0.0,
mppi_coast,transverse,300.0,1800.0,0.1,0.11,5.0,10.0,10.0,10.0,10,100.0,inf,full,both,inf,180.0,0.01,0.0,0.0,256,20,3,0.5,0.1,0.99,10.0,256,20,0,128,0,5.0,10.0,197.9489501542048,6146.402901940639,0.0,0.0,0.0,
mppi_coast,transverse,300.0,1800.0,0.1,0.11,5.0,inf,10.0,10.0,10,100.0,inf,full,both,inf,180.0,0.01,0.0,0.0,256,20,3,0.5,0.1,0.99,10.0,256,20,0,128,0,5.0,19.79999999999995,197.9489501542048,7586.03443188891,0.0,0.0,0.0,
mppi_coast,transverse,300.0,1800.0,0.1,0.125,5.0,1.25,10.0,10.0,10,100.0,inf,full,both,inf,180.0,0.01,0.0,0.0,256,20,3,0.5,0.1,0.99,10.0,256,20,0,128,128,2.9739211478072054,1.25,3.216182099958816,4.558516020375627,0.0,0.0,1.0,350.0
mppi_coast,transverse,300.0,1800.0,0.1,0.125,5.0,2.5,10.0,10.0,10,100.0,inf,full,both,inf,180.0,0.01,0.0,0.0,256,20,3,0.5,0.1,0.99,10.0,256,20,0,128,128,4.869551412393347,2.5,3.6269667456424353,4.224733560034797,0.0,0.0,1.0,580.0
mppi_coast,transverse,300.0,1800.0,0.1,0.125,5.0,3.75,10.0,10.0,10,100.0,inf,full,both,inf,180.0,0.01,0.0,0.0,256,20,3,0.5,0.1,0.99,10.0,256,20,0,128,20,4.9967861538154175,3.75,147.81023189272864,357.66292766692965,0.0,0.0,0.15625,835.0
mppi_coast,transverse,300.0,1800.0,0.1,0.125,5.0,4.5,10.0,10.0,10,100.0,inf,full,both,inf,180.0,0.01,0.0,0.0,256,20,3,0.5,0.1,0.99,10.0,256,20,0,128,3,5.0,4.5,209.0161355537657,1291.4717722590265,0.0,0.0,0.0234375,820.0
mppi_coast,transverse,300.0,1800.0,0.1,0.125,5.0,5.0,10.0,10.0,10,100.0,inf,full,both,inf,180.0,0.01,0.0,0.0,256,20,3,0.5,0.1,0.99,10.0,256,20,0,128,0,5.0,5.0,216.26857048121383,1983.1465951941277,0.0,0.0,0.0,
mppi_coast,transverse,300.0,1800.0,0.1,0.125,5.0,5.5,10.0,10.0,10,100.0,inf,full,both,inf,180.0,0.01,0.0,0.0,256,20,3,0.5,0.1,0.99,10.0,256,20,0,128,0,5.0,5.5,216.54290092942645,2636.64891577152,0.0,0.0,0.0,
mppi_coast,transverse,300.0,1800.0,0.1,0.125,5.0,6.25,10.0,10.0,10,100.0,inf,full,both,inf,180.0,0.01,0.0,0.0,256,20,3,0.5,0.1,0.99,10.0,256,20,0,128,0,5.0,6.25,216.54290092942645,3532.189711660284,0.0,0.0,0.0,
mppi_coast,transverse,300.0,1800.0,0.1,0.125,5.0,7.5,10.0,10.0,10,100.0,inf,full,both,inf,180.0,0.01,0.0,0.0,256,20,3,0.5,0.1,0.99,10.0,256,20,0,128,0,5.0,7.5,216.54290092942645,4810.1361944542505,0.0,0.0,0.0,
mppi_coast,transverse,300.0,1800.0,0.1,0.125,5.0,10.0,10.0,10.0,10,100.0,inf,full,both,inf,180.0,0.01,0.0,0.0,256,20,3,0.5,0.1,0.99,10.0,256,20,0,128,0,5.0,10.0,216.54290092942645,6533.217551254845,0.0,0.0,0.0,
mppi_coast,transverse,300.0,1800.0,0.1,0.125,5.0,inf,10.0,10.0,10,100.0,inf,full,both,inf,180.0,0.01,0.0,0.0,256,20,3,0.5,0.1,0.99,10.0,256,20,0,128,0,5.0,22.5,216.54290092942645,8766.104782297625,0.0,0.0,0.0,
mppi_coast,transverse,300.0,1800.0,0.1,0.15,5.0,1.25,10.0,10.0,10,100.0,inf,full,both,inf,180.0,0.01,0.0,0.0,256,20,3,0.5,0.1,0.99,10.0,256,20,0,128,128,2.992785561861628,1.25,3.3615124332943984,4.522584641602528,0.0,0.0,1.0,360.0
mppi_coast,transverse,300.0,1800.0,0.1,0.15,5.0,2.5,10.0,10.0,10,100.0,inf,full,both,inf,180.0,0.01,0.0,0.0,256,20,3,0.5,0.1,0.99,10.0,256,20,0,128,128,4.921971741889763,2.5,3.746322496426156,4.551743462997428,0.0,0.0,1.0,590.0
mppi_coast,transverse,300.0,1800.0,0.1,0.15,5.0,3.75,10.0,10.0,10,100.0,inf,full,both,inf,180.0,0.01,0.0,0.0,256,20,3,0.5,0.1,0.99,10.0,256,20,0,128,27,4.9955387526698,3.75,141.512775148934,323.6660176116445,0.0,0.0,0.2109375,920.0
mppi_coast,transverse,300.0,1800.0,0.1,0.15,5.0,4.5,10.0,10.0,10,100.0,inf,full,both,inf,180.0,0.01,0.0,0.0,256,20,3,0.5,0.1,0.99,10.0,256,20,0,128,5,5.0,4.5,230.5912812412433,1232.519329575806,0.0,0.0,0.0390625,710.0
mppi_coast,transverse,300.0,1800.0,0.1,0.15,5.0,5.0,10.0,10.0,10,100.0,inf,full,both,inf,180.0,0.01,0.0,0.0,256,20,3,0.5,0.1,0.99,10.0,256,20,0,128,3,5.0,5.0,237.07869501304145,1970.57801779308,0.0,0.0,0.0234375,930.0
mppi_coast,transverse,300.0,1800.0,0.1,0.15,5.0,5.5,10.0,10.0,10,100.0,inf,full,both,inf,180.0,0.01,0.0,0.0,256,20,3,0.5,0.1,0.99,10.0,256,20,0,128,0,5.0,5.5,242.1486166806549,2674.3421946326343,0.0,0.0,0.0,
mppi_coast,transverse,300.0,1800.0,0.1,0.15,5.0,6.25,10.0,10.0,10,100.0,inf,full,both,inf,180.0,0.01,0.0,0.0,256,20,3,0.5,0.1,0.99,10.0,256,20,0,128,0,5.0,6.25,242.4740739407036,3627.163596462569,0.0,0.0,0.0,
mppi_coast,transverse,300.0,1800.0,0.1,0.15,5.0,7.5,10.0,10.0,10,100.0,inf,full,both,inf,180.0,0.01,0.0,0.0,256,20,3,0.5,0.1,0.99,10.0,256,20,0,128,0,5.0,7.5,242.4740739407036,5009.863897027022,0.0,0.0,0.0,
mppi_coast,transverse,300.0,1800.0,0.1,0.15,5.0,10.0,10.0,10.0,10,100.0,inf,full,both,inf,180.0,0.01,0.0,0.0,256,20,3,0.5,0.1,0.99,10.0,256,20,0,128,0,5.0,10.0,242.4740739407036,7180.706138695465,0.0,0.0,0.0,
mppi_coast,transverse,300.0,1800.0,0.1,0.15,5.0,inf,10.0,10.0,10,100.0,inf,full,both,inf,180.0,0.01,0.0,0.0,256,20,3,0.5,0.1,0.99,10.0,256,20,0,128,0,5.0,26.99999999999992,242.4740739407036,11049.49519513705,0.0,0.0,0.0,
mppi_coast,transverse,300.0,1800.0,0.1,0.2,5.0,1.25,10.0,10.0,10,100.0,inf,full,both,inf,180.0,0.01,0.0,0.0,256,20,3,0.5,0.1,0.99,10.0,256,20,0,128,128,2.934760747227791,1.25,3.545983920063972,4.920206981071582,0.0,0.0,1.0,350.0
mppi_coast,transverse,300.0,1800.0,0.1,0.2,5.0,2.5,10.0,10.0,10,100.0,inf,full,both,inf,180.0,0.01,0.0,0.0,256,20,3,0.5,0.1,0.99,10.0,256,20,0,128,128,4.889486293049708,2.5,3.1803178182160585,4.442146539245249,0.0,0.0,1.0,580.0
mppi_coast,transverse,300.0,1800.0,0.1,0.2,5.0,3.75,10.0,10.0,10,100.0,inf,full,both,inf,180.0,0.01,0.0,0.0,256,20,3,0.5,0.1,0.99,10.0,256,20,0,128,48,4.995999633115295,3.75,101.88157884541768,263.98666494331,0.0,0.0,0.375,980.0
mppi_coast,transverse,300.0,1800.0,0.1,0.2,5.0,4.5,10.0,10.0,10,100.0,inf,full,both,inf,180.0,0.01,0.0,0.0,256,20,3,0.5,0.1,0.99,10.0,256,20,0,128,6,5.0,4.5,250.1909365878179,1112.3017381526258,0.0,0.0,0.046875,745.0
mppi_coast,transverse,300.0,1800.0,0.1,0.2,5.0,5.0,10.0,10.0,10,100.0,inf,full,both,inf,180.0,0.01,0.0,0.0,256,20,3,0.5,0.1,0.99,10.0,256,20,0,128,3,5.0,5.0,257.55943358169696,1919.2885444027377,0.0,0.0,0.0234375,740.0
mppi_coast,transverse,300.0,1800.0,0.1,0.2,5.0,5.5,10.0,10.0,10,100.0,inf,full,both,inf,180.0,0.01,0.0,0.0,256,20,3,0.5,0.1,0.99,10.0,256,20,0,128,2,5.0,5.5,260.52598686648304,2702.7581843220087,0.0,0.0,0.015625,910.0
mppi_coast,transverse,300.0,1800.0,0.1,0.2,5.0,6.25,10.0,10.0,10,100.0,inf,full,both,inf,180.0,0.01,0.0,0.0,256,20,3,0.5,0.1,0.99,10.0,256,20,0,128,0,5.0,6.25,265.82903174223446,3802.556185678329,0.0,0.0,0.0,
mppi_coast,transverse,300.0,1800.0,0.1,0.2,5.0,7.5,10.0,10.0,10,100.0,inf,full,both,inf,180.0,0.01,0.0,0.0,256,20,3,0.5,0.1,0.99,10.0,256,20,0,128,0,5.0,7.5,266.29277832896184,5411.784485090801,0.0,0.0,0.0,
mppi_coast,transverse,300.0,1800.0,0.1,0.2,5.0,10.0,10.0,10.0,10,100.0,inf,full,both,inf,180.0,0.01,0.0,0.0,256,20,3,0.5,0.1,0.99,10.0,256,20,0,128,0,5.0,10.0,266.29277832896184,7999.228017732483,0.0,0.0,0.0,
mppi_coast,transverse,300.0,1800.0,0.1,0.2,5.0,inf,10.0,10.0,10,100.0,inf,full,both,inf,180.0,0.01,0.0,0.0,256,20,3,0.5,0.1,0.99,10.0,256,20,0,128,0,5.0,35.99999999999997,266.29277832896184,15388.313794628575,0.0,0.0,0.0,
pd,flee,300.0,1800.0,0.1,0.025,5.0,1.25,10.0,10.0,10,100.0,inf,full,both,inf,180.0,0.01,0.0,0.0,256,20,3,0.5,0.1,0.99,10.0,256,20,0,128,128,2.118715473559547,1.25,9.670808043331936,9.670808043331933,0.0,0.0,1.0,760.0
pd,flee,300.0,1800.0,0.1,0.025,5.0,2.5,10.0,10.0,10,100.0,inf,full,both,inf,180.0,0.01,0.0,0.0,256,20,3,0.5,0.1,0.99,10.0,256,20,0,128,128,3.2098701896148016,2.5,9.70724523443526,9.70724523443526,0.0,0.0,1.0,1200.0
pd,flee,300.0,1800.0,0.1,0.025,5.0,3.75,10.0,10.0,10,100.0,inf,full,both,inf,180.0,0.01,0.0,0.0,256,20,3,0.5,0.1,0.99,10.0,256,20,0,128,128,4.471241790692611,3.75,9.653673961293803,9.653673961293809,0.0,0.0,1.0,1700.0
pd,flee,300.0,1800.0,0.1,0.025,5.0,4.5,10.0,10.0,10,100.0,inf,full,both,inf,180.0,0.01,0.0,0.0,256,20,3,0.5,0.1,0.99,10.0,256,20,0,128,0,4.967664673747779,4.4999999999999964,25.27582927245054,32.206800407099706,0.0,0.0,0.0,
pd,flee,300.0,1800.0,0.1,0.025,5.0,5.0,10.0,10.0,10,100.0,inf,full,both,inf,180.0,0.01,0.0,0.0,256,20,3,0.5,0.1,0.99,10.0,256,20,0,128,0,4.967664673747779,4.4999999999999964,25.27582927245054,32.206800407099706,0.0,0.0,0.0,
pd,flee,300.0,1800.0,0.1,0.025,5.0,5.5,10.0,10.0,10,100.0,inf,full,both,inf,180.0,0.01,0.0,0.0,256,20,3,0.5,0.1,0.99,10.0,256,20,0,128,0,4.967664673747779,4.4999999999999964,25.27582927245054,32.206800407099706,0.0,0.0,0.0,
pd,flee,300.0,1800.0,0.1,0.025,5.0,6.25,10.0,10.0,10,100.0,inf,full,both,inf,180.0,0.01,0.0,0.0,256,20,3,0.5,0.1,0.99,10.0,256,20,0,128,0,4.967664673747779,4.4999999999999964,25.27582927245054,32.206800407099706,0.0,0.0,0.0,
pd,flee,300.0,1800.0,0.1,0.025,5.0,7.5,10.0,10.0,10,100.0,inf,full,both,inf,180.0,0.01,0.0,0.0,256,20,3,0.5,0.1,0.99,10.0,256,20,0,128,0,4.967664673747779,4.4999999999999964,25.27582927245054,32.206800407099706,0.0,0.0,0.0,
pd,flee,300.0,1800.0,0.1,0.025,5.0,10.0,10.0,10.0,10,100.0,inf,full,both,inf,180.0,0.01,0.0,0.0,256,20,3,0.5,0.1,0.99,10.0,256,20,0,128,0,4.967664673747779,4.4999999999999964,25.27582927245054,32.206800407099706,0.0,0.0,0.0,
pd,flee,300.0,1800.0,0.1,0.025,5.0,inf,10.0,10.0,10,100.0,inf,full,both,inf,180.0,0.01,0.0,0.0,256,20,3,0.5,0.1,0.99,10.0,256,20,0,128,0,4.967664673747779,4.4999999999999964,25.27582927245054,32.206800407099706,0.0,0.0,0.0,
pd,flee,300.0,1800.0,0.1,0.05,5.0,1.25,10.0,10.0,10,100.0,inf,full,both,inf,180.0,0.01,0.0,0.0,256,20,3,0.5,0.1,0.99,10.0,256,20,0,128,128,2.870631022449481,1.25,9.658366180232983,9.658366180232983,0.0,0.0,1.0,690.0
pd,flee,300.0,1800.0,0.1,0.05,5.0,2.5,10.0,10.0,10,100.0,inf,full,both,inf,180.0,0.01,0.0,0.0,256,20,3,0.5,0.1,0.99,10.0,256,20,0,128,128,3.2388337013544293,2.5,9.661611731217054,9.661611731217048,0.0,0.0,1.0,840.0
pd,flee,300.0,1800.0,0.1,0.05,5.0,3.75,10.0,10.0,10,100.0,inf,full,both,inf,180.0,0.01,0.0,0.0,256,20,3,0.5,0.1,0.99,10.0,256,20,0,128,128,4.343199958548676,3.75,9.698444363594016,9.698444363594016,0.0,0.0,1.0,1060.0
pd,flee,300.0,1800.0,0.1,0.05,5.0,4.5,10.0,10.0,10,100.0,inf,full,both,inf,180.0,0.01,0.0,0.0,256,20,3,0.5,0.1,0.99,10.0,256,20,0,128,78,4.9607919230824455,4.5,19.50036832385148,41.21841145810717,0.0,0.0,0.609375,1200.0
pd,flee,300.0,1800.0,0.1,0.05,5.0,5.0,10.0,10.0,10,100.0,inf,full,both,inf,180.0,0.01,0.0,0.0,256,20,3,0.5,0.1,0.99,10.0,256,20,0,128,6,5.0,5.0,48.31330979617832,312.4541427494993,0.0,0.0,0.046875,1395.0
pd,flee,300.0,1800.0,0.1,0.05,5.0,5.5,10.0,10.0,10,100.0,inf,full,both,inf,180.0,0.01,0.0,0.0,256,20,3,0.5,0.1,0.99,10.0,256,20,0,128,0,5.0,5.5,51.46353894067066,704.7094936704093,0.0,0.0,0.0,
pd,flee,300.0,1800.0,0.1,0.05,5.0,6.25,10.0,10.0,10,100.0,inf,full,both,inf,180.0,0.01,0.0,0.0,256,20,3,0.5,0.1,0.99,10.0,256,20,0,128,0,5.0,6.25,51.46353894067066,1193.6483760366702,0.0,0.0,0.0,
pd,flee,300.0,1800.0,0.1,0.05,5.0,7.5,10.0,10.0,10,100.0,inf,full,both,inf,180.0,0.01,0.0,0.0,256,20,3,0.5,0.1,0.99,10.0,256,20,0,128,0,5.0,7.5,51.46353894067066,1739.8760345947446,0.0,0.0,0.0,
pd,flee,300.0,1800.0,0.1,0.05,5.0,10.0,10.0,10.0,10,100.0,inf,full,both,inf,180.0,0.01,0.0,0.0,256,20,3,0.5,0.1,0.99,10.0,256,20,0,128,0,5.0,8.999999999999993,51.46353894067066,1973.173658977955,0.0,0.0,0.0,
pd,flee,300.0,1800.0,0.1,0.05,5.0,inf,10.0,10.0,10,100.0,inf,full,both,inf,180.0,0.01,0.0,0.0,256,20,3,0.5,0.1,0.99,10.0,256,20,0,128,0,5.0,8.999999999999993,51.46353894067066,1973.173658977955,0.0,0.0,0.0,
pd,flee,300.0,1800.0,0.1,0.075,5.0,1.25,10.0,10.0,10,100.0,inf,full,both,inf,180.0,0.01,0.0,0.0,256,20,3,0.5,0.1,0.99,10.0,256,20,0,128,128,3.330654786935892,1.25,9.617757530994847,9.617757530994846,0.0,0.0,1.0,710.0
pd,flee,300.0,1800.0,0.1,0.075,5.0,2.5,10.0,10.0,10,100.0,inf,full,both,inf,180.0,0.01,0.0,0.0,256,20,3,0.5,0.1,0.99,10.0,256,20,0,128,128,4.105078485966731,2.5,9.633719699343862,9.633719699343867,0.0,0.0,1.0,790.0
pd,flee,300.0,1800.0,0.1,0.075,5.0,3.75,10.0,10.0,10,100.0,inf,full,both,inf,180.0,0.01,0.0,0.0,256,20,3,0.5,0.1,0.99,10.0,256,20,0,128,120,4.756676304397073,3.75,9.885169194280968,26.192989074173408,0.0,0.0,0.9375,900.0
pd,flee,300.0,1800.0,0.1,0.075,5.0,4.5,10.0,10.0,10,100.0,inf,full,both,inf,180.0,0.01,0.0,0.0,256,20,3,0.5,0.1,0.99,10.0,256,20,0,128,28,4.999208826424163,4.5,39.397779835988295,237.3529604967678,0.0,0.0,0.21875,930.0
pd,flee,300.0,1800.0,0.1,0.075,5.0,5.0,10.0,10.0,10,100.0,inf,full,both,inf,180.0,0.01,0.0,0.0,256,20,3,0.5,0.1,0.99,10.0,256,20,0,128,2,5.0,5.0,85.34369797485961,500.9973050499066,0.0,0.0,0.015625,1180.0
pd,flee,300.0,1800.0,0.1,0.075,5.0,5.5,10.0,10.0,10,100.0,inf,full,both,inf,180.0,0.01,0.0,0.0,256,20,3,0.5,0.1,0.99,10.0,256,20,0,128,0,5.0,5.5,91.59119492434964,1099.5420161319942,0.0,0.0,0.0,
pd,flee,300.0,1800.0,0.1,0.075,5.0,6.25,10.0,10.0,10,100.0,inf,full,both,inf,180.0,0.01,0.0,0.0,256,20,3,0.5,0.1,0.99,10.0,256,20,0,128,0,5.0,6.25,91.59119492434964,1947.4344001427053,0.0,0.0,0.0,
pd,flee,300.0,1800.0,0.1,0.075,5.0,7.5,10.0,10.0,10,100.0,inf,full,both,inf,180.0,0.01,0.0,0.0,256,20,3,0.5,0.1,0.99,10.0,256,20,0,128,0,5.0,7.5,91.59119492434964,3143.726147297197,0.0,0.0,0.0,
pd,flee,300.0,1800.0,0.1,0.075,5.0,10.0,10.0,10.0,10,100.0,inf,full,both,inf,180.0,0.01,0.0,0.0,256,20,3,0.5,0.1,0.99,10.0,256,20,0,128,0,5.0,10.0,91.59119492434964,4796.788064704004,0.0,0.0,0.0,
pd,flee,300.0,1800.0,0.1,0.075,5.0,inf,10.0,10.0,10,100.0,inf,full,both,inf,180.0,0.01,0.0,0.0,256,20,3,0.5,0.1,0.99,10.0,256,20,0,128,0,5.0,13.49999999999996,91.59119492434964,5636.610799079915,0.0,0.0,0.0,
pd,flee,300.0,1800.0,0.1,0.09,5.0,1.25,10.0,10.0,10,100.0,inf,full,both,inf,180.0,0.01,0.0,0.0,256,20,3,0.5,0.1,0.99,10.0,256,20,0,128,128,3.441542918447656,1.25,9.699115581944156,9.69911558194416,0.0,0.0,1.0,720.0
pd,flee,300.0,1800.0,0.1,0.09,5.0,2.5,10.0,10.0,10,100.0,inf,full,both,inf,180.0,0.01,0.0,0.0,256,20,3,0.5,0.1,0.99,10.0,256,20,0,128,128,4.610502278830888,2.5,9.679977775133432,9.679977775133434,0.0,0.0,1.0,840.0
pd,flee,300.0,1800.0,0.1,0.09,5.0,3.75,10.0,10.0,10,100.0,inf,full,both,inf,180.0,0.01,0.0,0.0,256,20,3,0.5,0.1,0.99,10.0,256,20,0,128,16,5.0,3.75,41.22091036787364,686.0355957241867,0.0,0.0,0.125,820.0
pd,flee,300.0,1800.0,0.1,0.09,5.0,4.5,10.0,10.0,10,100.0,inf,full,both,inf,180.0,0.01,0.0,0.0,256,20,3,0.5,0.1,0.99,10.0,256,20,0,128,5,5.0,4.5,138.85303985341375,671.9010179302452,0.0,0.0,0.0390625,750.0
pd,flee,300.0,1800.0,0.1,0.09,5.0,5.0,10.0,10.0,10,100.0,inf,full,both,inf,180.0,0.01,0.0,0.0,256,20,3,0.5,0.1,0.99,10.0,256,20,0,128,0,5.0,5.0,198.7741055211713,913.574804521786,0.0,0.0,0.0,
pd,flee,300.0,1800.0,0.1,0.09,5.0,5.5,10.0,10.0,10,100.0,inf,full,both,inf,180.0,0.01,0.0,0.0,256,20,3,0.5,0.1,0.99,10.0,256,20,0,128,0,5.0,5.5,206.73493709349268,1538.176683059547,0.0,0.0,0.0,
pd,flee,300.0,1800.0,0.1,0.09,5.0,6.25,10.0,10.0,10,100.0,inf,full,both,inf,180.0,0.01,0.0,0.0,256,20,3,0.5,0.1,0.99,10.0,256,20,0,128,0,5.0,6.25,206.73493709349268,2504.984451790749,0.0,0.0,0.0,
pd,flee,300.0,1800.0,0.1,0.09,5.0,7.5,10.0,10.0,10,100.0,inf,full,both,inf,180.0,0.01,0.0,0.0,256,20,3,0.5,0.1,0.99,10.0,256,20,0,128,0,5.0,7.5,206.73493709349268,3943.482520821032,0.0,0.0,0.0,
pd,flee,300.0,1800.0,0.1,0.09,5.0,10.0,10.0,10.0,10,100.0,inf,full,both,inf,180.0,0.01,0.0,0.0,256,20,3,0.5,0.1,0.99,10.0,256,20,0,128,0,5.0,10.0,206.73493709349268,6150.653996414986,0.0,0.0,0.0,
pd,flee,300.0,1800.0,0.1,0.09,5.0,inf,10.0,10.0,10,100.0,inf,full,both,inf,180.0,0.01,0.0,0.0,256,20,3,0.5,0.1,0.99,10.0,256,20,0,128,0,5.0,16.19999999999998,206.73493709349268,8345.923491383415,0.0,0.0,0.0,
pd,flee,300.0,1800.0,0.1,0.1,5.0,1.25,10.0,10.0,10,100.0,inf,full,both,inf,180.0,0.01,0.0,0.0,256,20,3,0.5,0.1,0.99,10.0,256,20,0,128,128,3.496926545708896,1.25,9.631370406095126,9.631370406095122,0.0,0.0,1.0,730.0
pd,flee,300.0,1800.0,0.1,0.1,5.0,2.5,10.0,10.0,10,100.0,inf,full,both,inf,180.0,0.01,0.0,0.0,256,20,3,0.5,0.1,0.99,10.0,256,20,0,128,119,4.806214874073968,2.5,9.921948087351016,27.010672852399235,0.0,0.0,0.9296875,860.0
pd,flee,300.0,1800.0,0.1,0.1,5.0,3.75,10.0,10.0,10,100.0,inf,full,both,inf,180.0,0.01,0.0,0.0,256,20,3,0.5,0.1,0.99,10.0,256,20,0,128,5,5.0,3.75,73.21100117716165,1034.054530122387,0.0,0.0,0.0390625,750.0
pd,flee,300.0,1800.0,0.1,0.1,5.0,4.5,10.0,10.0,10,100.0,inf,full,both,inf,180.0,0.01,0.0,0.0,256,20,3,0.5,0.1,0.99,10.0,256,20,0,128,0,5.0,4.5,198.19281264587917,870.6679150685941,0.0,0.0,0.0,
pd,flee,300.0,1800.0,0.1,0.1,5.0,5.0,10.0,10.0,10,100.0,inf,full,both,inf,180.0,0.01,0.0,0.0,256,20,3,0.5,0.1,0.99,10.0,256,20,0,128,0,5.0,5.0,274.45318086869435,1187.00158504071,0.0,0.0,0.0,
pd,flee,300.0,1800.0,0.1,0.1,5.0,5.5,10.0,10.0,10,100.0,inf,full,both,inf,180.0,0.01,0.0,0.0,256,20,3,0.5,0.1,0.99,10.0,256,20,0,128,0,5.0,5.5,295.2544885033256,1833.89934046906,0.0,0.0,0.0,
pd,flee,300.0,1800.0,0.1,0.1,5.0,6.25,10.0,10.0,10,100.0,inf,full,both,inf,180.0,0.01,0.0,0.0,256,20,3,0.5,0.1,0.99,10.0,256,20,0,128,0,5.0,6.25,295.2544885033256,2848.472265727109,0.0,0.0,0.0,
pd,flee,300.0,1800.0,0.1,0.1,5.0,7.5,10.0,10.0,10,100.0,inf,full,both,inf,180.0,0.01,0.0,0.0,256,20,3,0.5,0.1,0.99,10.0,256,20,0,128,0,5.0,7.5,295.2544885033256,4400.7561647849225,0.0,0.0,0.0,
pd,flee,300.0,1800.0,0.1,0.1,5.0,10.0,10.0,10.0,10,100.0,inf,full,both,inf,180.0,0.01,0.0,0.0,256,20,3,0.5,0.1,0.99,10.0,256,20,0,128,0,5.0,10.0,295.2544885033256,6890.008451787339,0.0,0.0,0.0,
pd,flee,300.0,1800.0,0.1,0.1,5.0,inf,10.0,10.0,10,100.0,inf,full,both,inf,180.0,0.01,0.0,0.0,256,20,3,0.5,0.1,0.99,10.0,256,20,0,128,0,5.0,17.999999999999986,295.2544885033256,10181.481895686416,0.0,0.0,0.0,
pd,flee,300.0,1800.0,0.1,0.11,5.0,1.25,10.0,10.0,10,100.0,inf,full,both,inf,180.0,0.01,0.0,0.0,256,20,3,0.5,0.1,0.99,10.0,256,20,0,128,128,3.5412780225692644,1.25,9.707241447292764,9.707241447292771,0.0,0.0,1.0,740.0
pd,flee,300.0,1800.0,0.1,0.11,5.0,2.5,10.0,10.0,10,100.0,inf,full,both,inf,180.0,0.01,0.0,0.0,256,20,3,0.5,0.1,0.99,10.0,256,20,0,128,87,4.9180565294823,2.5,11.77039370277872,118.8678371696961,0.0,0.0,0.6796875,870.0
pd,flee,300.0,1800.0,0.1,0.11,5.0,3.75,10.0,10.0,10,100.0,inf,full,both,inf,180.0,0.01,0.0,0.0,256,20,3,0.5,0.1,0.99,10.0,256,20,0,128,3,5.0,3.75,106.01064524197464,1202.652142025741,0.0,0.0,0.0234375,720.0
pd,flee,300.0,1800.0,0.1,0.11,5.0,4.5,10.0,10.0,10,100.0,inf,full,both,inf,180.0,0.01,0.0,0.0,256,20,3,0.5,0.1,0.99,10.0,256,20,0,128,0,5.0,4.5,225.07661574443893,1012.9535586276726,0.0,0.0,0.0,
pd,flee,300.0,1800.0,0.1,0.11,5.0,5.0,10.0,10.0,10,100.0,inf,full,both,inf,180.0,0.01,0.0,0.0,256,20,3,0.5,0.1,0.99,10.0,256,20,0,128,0,5.0,5.0,282.55783605936074,1408.6759610753438,0.0,0.0,0.0,
pd,flee,300.0,1800.0,0.1,0.11,5.0,5.5,10.0,10.0,10,100.0,inf,full,both,inf,180.0,0.01,0.0,0.0,256,20,3,0.5,0.1,0.99,10.0,256,20,0,128,0,5.0,5.5,300.0,2081.0426412001248,0.0,0.0,0.0,
pd,flee,300.0,1800.0,0.1,0.11,5.0,6.25,10.0,10.0,10,100.0,inf,full,both,inf,180.0,0.01,0.0,0.0,256,20,3,0.5,0.1,0.99,10.0,256,20,0,128,0,5.0,6.25,300.0,3138.0213547242333,0.0,0.0,0.0,
pd,flee,300.0,1800.0,0.1,0.11,5.0,7.5,10.0,10.0,10,100.0,inf,full,both,inf,180.0,0.01,0.0,0.0,256,20,3,0.5,0.1,0.99,10.0,256,20,0,128,0,5.0,7.5,300.0,4784.491969890763,0.0,0.0,0.0,
pd,flee,300.0,1800.0,0.1,0.11,5.0,10.0,10.0,10.0,10,100.0,inf,full,both,inf,180.0,0.01,0.0,0.0,256,20,3,0.5,0.1,0.99,10.0,256,20,0,128,0,5.0,10.0,300.0,7511.546104133433,0.0,0.0,0.0,
pd,flee,300.0,1800.0,0.1,0.11,5.0,inf,10.0,10.0,10,100.0,inf,full,both,inf,180.0,0.01,0.0,0.0,256,20,3,0.5,0.1,0.99,10.0,256,20,0,128,0,5.0,19.79999999999995,300.0,12008.756369911023,0.0,0.0,0.0,
pd,flee,300.0,1800.0,0.1,0.125,5.0,1.25,10.0,10.0,10,100.0,inf,full,both,inf,180.0,0.01,0.0,0.0,256,20,3,0.5,0.1,0.99,10.0,256,20,0,128,128,3.596217470435413,1.25,9.63041709500972,9.630417095009715,0.0,0.0,1.0,740.0
pd,flee,300.0,1800.0,0.1,0.125,5.0,2.5,10.0,10.0,10,100.0,inf,full,both,inf,180.0,0.01,0.0,0.0,256,20,3,0.5,0.1,0.99,10.0,256,20,0,128,62,4.985200782409842,2.5,15.745727733042193,257.5428724041864,0.0,0.0,0.484375,860.0
pd,flee,300.0,1800.0,0.1,0.125,5.0,3.75,10.0,10.0,10,100.0,inf,full,both,inf,180.0,0.01,0.0,0.0,256,20,3,0.5,0.1,0.99,10.0,256,20,0,128,0,5.0,3.75,147.8176913025341,1302.9320065795089,0.0,0.0,0.0,
pd,flee,300.0,1800.0,0.1,0.125,5.0,4.5,10.0,10.0,10,100.0,inf,full,both,inf,180.0,0.01,0.0,0.0,256,20,3,0.5,0.1,0.99,10.0,256,20,0,128,0,5.0,4.5,246.8903477622192,1209.6904371619696,0.0,0.0,0.0,
pd,flee,300.0,1800.0,0.1,0.125,5.0,5.0,10.0,10.0,10,100.0,inf,full,both,inf,180.0,0.01,0.0,0.0,256,20,3,0.5,0.1,0.99,10.0,256,20,0,128,0,5.0,5.0,289.2336685843438,1690.9180835225654,0.0,0.0,0.0,
pd,flee,300.0,1800.0,0.1,0.125,5.0,5.5,10.0,10.0,10,100.0,inf,full,both,inf,180.0,0.01,0.0,0.0,256,20,3,0.5,0.1,0.99,10.0,256,20,0,128,0,5.0,5.5,300.0,2395.960743984014,0.0,0.0,0.0,
pd,flee,300.0,1800.0,0.1,0.125,5.0,6.25,10.0,10.0,10,100.0,inf,full,both,inf,180.0,0.01,0.0,0.0,256,20,3,0.5,0.1,0.99,10.0,256,20,0,128,0,5.0,6.25,300.0,3507.8836253521317,0.0,0.0,0.0,
pd,flee,300.0,1800.0,0.1,0.125,5.0,7.5,10.0,10.0,10,100.0,inf,full,both,inf,180.0,0.01,0.0,0.0,256,20,3,0.5,0.1,0.99,10.0,256,20,0,128,0,5.0,7.5,300.0,5273.272834331119,0.0,0.0,0.0,
pd,flee,300.0,1800.0,0.1,0.125,5.0,10.0,10.0,10.0,10,100.0,inf,full,both,inf,180.0,0.01,0.0,0.0,256,20,3,0.5,0.1,0.99,10.0,256,20,0,128,0,5.0,10.0,300.0,8298.793310018316,0.0,0.0,0.0,
pd,flee,300.0,1800.0,0.1,0.125,5.0,inf,10.0,10.0,10,100.0,inf,full,both,inf,180.0,0.01,0.0,0.0,256,20,3,0.5,0.1,0.99,10.0,256,20,0,128,0,5.0,22.5,300.0,14759.603330517062,0.0,0.0,0.0,
pd,flee,300.0,1800.0,0.1,0.15,5.0,1.25,10.0,10.0,10,100.0,inf,full,both,inf,180.0,0.01,0.0,0.0,256,20,3,0.5,0.1,0.99,10.0,256,20,0,128,128,3.6604574332707696,1.25,9.65413147366355,9.654131473663552,0.0,0.0,1.0,750.0
pd,flee,300.0,1800.0,0.1,0.15,5.0,2.5,10.0,10.0,10,100.0,inf,full,both,inf,180.0,0.01,0.0,0.0,256,20,3,0.5,0.1,0.99,10.0,256,20,0,128,21,5.0,2.5,23.59178241178083,555.8885643070753,0.0,0.0,0.1640625,830.0
pd,flee,300.0,1800.0,0.1,0.15,5.0,3.75,10.0,10.0,10,100.0,inf,full,both,inf,180.0,0.01,0.0,0.0,256,20,3,0.5,0.1,0.99,10.0,256,20,0,128,0,5.0,3.75,182.59184931010265,1369.1515174842054,0.0,0.0,0.0,
pd,flee,300.0,1800.0,0.1,0.15,5.0,4.5,10.0,10.0,10,100.0,inf,full,both,inf,180.0,0.01,0.0,0.0,256,20,3,0.5,0.1,0.99,10.0,256,20,0,128,0,5.0,4.5,261.9733587236318,1484.4777321342635,0.0,0.0,0.0,
pd,flee,300.0,1800.0,0.1,0.15,5.0,5.0,10.0,10.0,10,100.0,inf,full,both,inf,180.0,0.01,0.0,0.0,256,20,3,0.5,0.1,0.99,10.0,256,20,0,128,0,5.0,5.0,290.4829302278789,2056.6781542867548,0.0,0.0,0.0,
pd,flee,300.0,1800.0,0.1,0.15,5.0,5.5,10.0,10.0,10,100.0,inf,full,both,inf,180.0,0.01,0.0,0.0,256,20,3,0.5,0.1,0.99,10.0,256,20,0,128,0,5.0,5.5,300.0,2809.2265335090024,0.0,0.0,0.0,
pd,flee,300.0,1800.0,0.1,0.15,5.0,6.25,10.0,10.0,10,100.0,inf,full,both,inf,180.0,0.01,0.0,0.0,256,20,3,0.5,0.1,0.99,10.0,256,20,0,128,0,5.0,6.25,300.0,3997.258458886344,0.0,0.0,0.0,
pd,flee,300.0,1800.0,0.1,0.15,5.0,7.5,10.0,10.0,10,100.0,inf,full,both,inf,180.0,0.01,0.0,0.0,256,20,3,0.5,0.1,0.99,10.0,256,20,0,128,0,5.0,7.5,300.0,5918.677218870931,0.0,0.0,0.0,
pd,flee,300.0,1800.0,0.1,0.15,5.0,10.0,10.0,10.0,10,100.0,inf,full,both,inf,180.0,0.01,0.0,0.0,256,20,3,0.5,0.1,0.99,10.0,256,20,0,128,0,5.0,10.0,300.0,9335.392509842057,0.0,0.0,0.0,
pd,flee,300.0,1800.0,0.1,0.15,5.0,inf,10.0,10.0,10,100.0,inf,full,both,inf,180.0,0.01,0.0,0.0,256,20,3,0.5,0.1,0.99,10.0,256,20,0,128,0,5.0,26.99999999999992,300.0,19364.702020054927,0.0,0.0,0.0,
pd,flee,300.0,1800.0,0.1,0.2,5.0,1.25,10.0,10.0,10,100.0,inf,full,both,inf,180.0,0.01,0.0,0.0,256,20,3,0.5,0.1,0.99,10.0,256,20,0,128,128,3.7415805260891855,1.25,9.658170731016789,9.658170731016794,0.0,0.0,1.0,760.0
pd,flee,300.0,1800.0,0.1,0.2,5.0,2.5,10.0,10.0,10,100.0,inf,full,both,inf,180.0,0.01,0.0,0.0,256,20,3,0.5,0.1,0.99,10.0,256,20,0,128,8,5.0,2.5,34.74176321782044,918.3669579197732,0.0,0.0,0.0625,770.0
pd,flee,300.0,1800.0,0.1,0.2,5.0,3.75,10.0,10.0,10,100.0,inf,full,both,inf,180.0,0.01,0.0,0.0,256,20,3,0.5,0.1,0.99,10.0,256,20,0,128,0,5.0,3.75,212.2907769172201,1498.71412907916,0.0,0.0,0.0,
pd,flee,300.0,1800.0,0.1,0.2,5.0,4.5,10.0,10.0,10,100.0,inf,full,both,inf,180.0,0.01,0.0,0.0,256,20,3,0.5,0.1,0.99,10.0,256,20,0,128,0,5.0,4.5,276.8216708171407,1873.189101516209,0.0,0.0,0.0,
pd,flee,300.0,1800.0,0.1,0.2,5.0,5.0,10.0,10.0,10,100.0,inf,full,both,inf,180.0,0.01,0.0,0.0,256,20,3,0.5,0.1,0.99,10.0,256,20,0,128,0,5.0,5.0,294.0717566903952,2546.614382514156,0.0,0.0,0.0,
pd,flee,300.0,1800.0,0.1,0.2,5.0,5.5,10.0,10.0,10,100.0,inf,full,both,inf,180.0,0.01,0.0,0.0,256,20,3,0.5,0.1,0.99,10.0,256,20,0,128,0,5.0,5.5,300.0,3366.2807479526573,0.0,0.0,0.0,
pd,flee,300.0,1800.0,0.1,0.2,5.0,6.25,10.0,10.0,10,100.0,inf,full,both,inf,180.0,0.01,0.0,0.0,256,20,3,0.5,0.1,0.99,10.0,256,20,0,128,0,5.0,6.25,300.0,4666.674609575317,0.0,0.0,0.0,
pd,flee,300.0,1800.0,0.1,0.2,5.0,7.5,10.0,10.0,10,100.0,inf,full,both,inf,180.0,0.01,0.0,0.0,256,20,3,0.5,0.1,0.99,10.0,256,20,0,128,0,5.0,7.5,300.0,6807.734667751152,0.0,0.0,0.0,
pd,flee,300.0,1800.0,0.1,0.2,5.0,10.0,10.0,10.0,10,100.0,inf,full,both,inf,180.0,0.01,0.0,0.0,256,20,3,0.5,0.1,0.99,10.0,256,20,0,128,0,5.0,10.0,300.0,10765.13594995204,0.0,0.0,0.0,
pd,flee,300.0,1800.0,0.1,0.2,5.0,inf,10.0,10.0,10,100.0,inf,full,both,inf,180.0,0.01,0.0,0.0,256,20,3,0.5,0.1,0.99,10.0,256,20,0,128,0,5.0,35.99999999999997,300.0,28605.107089732686,0.0,0.0,0.0,
pd,coast,300.0,1800.0,0.1,0.025,5.0,1.25,10.0,10.0,10,100.0,inf,full,both,inf,180.0,0.01,0.0,0.0,256,20,3,0.5,0.1,0.99,10.0,256,20,0,128,128,2.1942480949227163,0.0,9.65631188452545,9.65631188452545,0.0,0.0,1.0,600.0
pd,coast,300.0,1800.0,0.1,0.025,5.0,2.5,10.0,10.0,10,100.0,inf,full,both,inf,180.0,0.01,0.0,0.0,256,20,3,0.5,0.1,0.99,10.0,256,20,0,128,128,2.1942480949227163,0.0,9.65631188452545,9.65631188452545,0.0,0.0,1.0,600.0
pd,coast,300.0,1800.0,0.1,0.025,5.0,3.75,10.0,10.0,10,100.0,inf,full,both,inf,180.0,0.01,0.0,0.0,256,20,3,0.5,0.1,0.99,10.0,256,20,0,128,128,2.1942480949227163,0.0,9.65631188452545,9.65631188452545,0.0,0.0,1.0,600.0
pd,coast,300.0,1800.0,0.1,0.025,5.0,4.5,10.0,10.0,10,100.0,inf,full,both,inf,180.0,0.01,0.0,0.0,256,20,3,0.5,0.1,0.99,10.0,256,20,0,128,128,2.1942480949227163,0.0,9.65631188452545,9.65631188452545,0.0,0.0,1.0,600.0
pd,coast,300.0,1800.0,0.1,0.025,5.0,5.0,10.0,10.0,10,100.0,inf,full,both,inf,180.0,0.01,0.0,0.0,256,20,3,0.5,0.1,0.99,10.0,256,20,0,128,128,2.1942480949227163,0.0,9.65631188452545,9.65631188452545,0.0,0.0,1.0,600.0
pd,coast,300.0,1800.0,0.1,0.025,5.0,5.5,10.0,10.0,10,100.0,inf,full,both,inf,180.0,0.01,0.0,0.0,256,20,3,0.5,0.1,0.99,10.0,256,20,0,128,128,2.1942480949227163,0.0,9.65631188452545,9.65631188452545,0.0,0.0,1.0,600.0
pd,coast,300.0,1800.0,0.1,0.025,5.0,6.25,10.0,10.0,10,100.0,inf,full,both,inf,180.0,0.01,0.0,0.0,256,20,3,0.5,0.1,0.99,10.0,256,20,0,128,128,2.1942480949227163,0.0,9.65631188452545,9.65631188452545,0.0,0.0,1.0,600.0
pd,coast,300.0,1800.0,0.1,0.025,5.0,7.5,10.0,10.0,10,100.0,inf,full,both,inf,180.0,0.01,0.0,0.0,256,20,3,0.5,0.1,0.99,10.0,256,20,0,128,128,2.1942480949227163,0.0,9.65631188452545,9.65631188452545,0.0,0.0,1.0,600.0
pd,coast,300.0,1800.0,0.1,0.025,5.0,10.0,10.0,10.0,10,100.0,inf,full,both,inf,180.0,0.01,0.0,0.0,256,20,3,0.5,0.1,0.99,10.0,256,20,0,128,128,2.1942480949227163,0.0,9.65631188452545,9.65631188452545,0.0,0.0,1.0,600.0
pd,coast,300.0,1800.0,0.1,0.025,5.0,inf,10.0,10.0,10,100.0,inf,full,both,inf,180.0,0.01,0.0,0.0,256,20,3,0.5,0.1,0.99,10.0,256,20,0,128,128,2.1942480949227163,0.0,9.65631188452545,9.65631188452545,0.0,0.0,1.0,600.0
pd,coast,300.0,1800.0,0.1,0.05,5.0,1.25,10.0,10.0,10,100.0,inf,full,both,inf,180.0,0.01,0.0,0.0,256,20,3,0.5,0.1,0.99,10.0,256,20,0,128,128,2.1942480949227163,0.0,9.65631188452545,9.65631188452545,0.0,0.0,1.0,600.0
pd,coast,300.0,1800.0,0.1,0.05,5.0,2.5,10.0,10.0,10,100.0,inf,full,both,inf,180.0,0.01,0.0,0.0,256,20,3,0.5,0.1,0.99,10.0,256,20,0,128,128,2.1942480949227163,0.0,9.65631188452545,9.65631188452545,0.0,0.0,1.0,600.0
pd,coast,300.0,1800.0,0.1,0.05,5.0,3.75,10.0,10.0,10,100.0,inf,full,both,inf,180.0,0.01,0.0,0.0,256,20,3,0.5,0.1,0.99,10.0,256,20,0,128,128,2.1942480949227163,0.0,9.65631188452545,9.65631188452545,0.0,0.0,1.0,600.0
pd,coast,300.0,1800.0,0.1,0.05,5.0,4.5,10.0,10.0,10,100.0,inf,full,both,inf,180.0,0.01,0.0,0.0,256,20,3,0.5,0.1,0.99,10.0,256,20,0,128,128,2.1942480949227163,0.0,9.65631188452545,9.65631188452545,0.0,0.0,1.0,600.0
pd,coast,300.0,1800.0,0.1,0.05,5.0,5.0,10.0,10.0,10,100.0,inf,full,both,inf,180.0,0.01,0.0,0.0,256,20,3,0.5,0.1,0.99,10.0,256,20,0,128,128,2.1942480949227163,0.0,9.65631188452545,9.65631188452545,0.0,0.0,1.0,600.0
pd,coast,300.0,1800.0,0.1,0.05,5.0,5.5,10.0,10.0,10,100.0,inf,full,both,inf,180.0,0.01,0.0,0.0,256,20,3,0.5,0.1,0.99,10.0,256,20,0,128,128,2.1942480949227163,0.0,9.65631188452545,9.65631188452545,0.0,0.0,1.0,600.0
pd,coast,300.0,1800.0,0.1,0.05,5.0,6.25,10.0,10.0,10,100.0,inf,full,both,inf,180.0,0.01,0.0,0.0,256,20,3,0.5,0.1,0.99,10.0,256,20,0,128,128,2.1942480949227163,0.0,9.65631188452545,9.65631188452545,0.0,0.0,1.0,600.0
pd,coast,300.0,1800.0,0.1,0.05,5.0,7.5,10.0,10.0,10,100.0,inf,full,both,inf,180.0,0.01,0.0,0.0,256,20,3,0.5,0.1,0.99,10.0,256,20,0,128,128,2.1942480949227163,0.0,9.65631188452545,9.65631188452545,0.0,0.0,1.0,600.0
pd,coast,300.0,1800.0,0.1,0.05,5.0,10.0,10.0,10.0,10,100.0,inf,full,both,inf,180.0,0.01,0.0,0.0,256,20,3,0.5,0.1,0.99,10.0,256,20,0,128,128,2.1942480949227163,0.0,9.65631188452545,9.65631188452545,0.0,0.0,1.0,600.0
pd,coast,300.0,1800.0,0.1,0.05,5.0,inf,10.0,10.0,10,100.0,inf,full,both,inf,180.0,0.01,0.0,0.0,256,20,3,0.5,0.1,0.99,10.0,256,20,0,128,128,2.1942480949227163,0.0,9.65631188452545,9.65631188452545,0.0,0.0,1.0,600.0
pd,coast,300.0,1800.0,0.1,0.075,5.0,1.25,10.0,10.0,10,100.0,inf,full,both,inf,180.0,0.01,0.0,0.0,256,20,3,0.5,0.1,0.99,10.0,256,20,0,128,128,2.1942480949227163,0.0,9.65631188452545,9.65631188452545,0.0,0.0,1.0,600.0
pd,coast,300.0,1800.0,0.1,0.075,5.0,2.5,10.0,10.0,10,100.0,inf,full,both,inf,180.0,0.01,0.0,0.0,256,20,3,0.5,0.1,0.99,10.0,256,20,0,128,128,2.1942480949227163,0.0,9.65631188452545,9.65631188452545,0.0,0.0,1.0,600.0
pd,coast,300.0,1800.0,0.1,0.075,5.0,3.75,10.0,10.0,10,100.0,inf,full,both,inf,180.0,0.01,0.0,0.0,256,20,3,0.5,0.1,0.99,10.0,256,20,0,128,128,2.1942480949227163,0.0,9.65631188452545,9.65631188452545,0.0,0.0,1.0,600.0
pd,coast,300.0,1800.0,0.1,0.075,5.0,4.5,10.0,10.0,10,100.0,inf,full,both,inf,180.0,0.01,0.0,0.0,256,20,3,0.5,0.1,0.99,10.0,256,20,0,128,128,2.1942480949227163,0.0,9.65631188452545,9.65631188452545,0.0,0.0,1.0,600.0
pd,coast,300.0,1800.0,0.1,0.075,5.0,5.0,10.0,10.0,10,100.0,inf,full,both,inf,180.0,0.01,0.0,0.0,256,20,3,0.5,0.1,0.99,10.0,256,20,0,128,128,2.1942480949227163,0.0,9.65631188452545,9.65631188452545,0.0,0.0,1.0,600.0
pd,coast,300.0,1800.0,0.1,0.075,5.0,5.5,10.0,10.0,10,100.0,inf,full,both,inf,180.0,0.01,0.0,0.0,256,20,3,0.5,0.1,0.99,10.0,256,20,0,128,128,2.1942480949227163,0.0,9.65631188452545,9.65631188452545,0.0,0.0,1.0,600.0
pd,coast,300.0,1800.0,0.1,0.075,5.0,6.25,10.0,10.0,10,100.0,inf,full,both,inf,180.0,0.01,0.0,0.0,256,20,3,0.5,0.1,0.99,10.0,256,20,0,128,128,2.1942480949227163,0.0,9.65631188452545,9.65631188452545,0.0,0.0,1.0,600.0
pd,coast,300.0,1800.0,0.1,0.075,5.0,7.5,10.0,10.0,10,100.0,inf,full,both,inf,180.0,0.01,0.0,0.0,256,20,3,0.5,0.1,0.99,10.0,256,20,0,128,128,2.1942480949227163,0.0,9.65631188452545,9.65631188452545,0.0,0.0,1.0,600.0
pd,coast,300.0,1800.0,0.1,0.075,5.0,10.0,10.0,10.0,10,100.0,inf,full,both,inf,180.0,0.01,0.0,0.0,256,20,3,0.5,0.1,0.99,10.0,256,20,0,128,128,2.1942480949227163,0.0,9.65631188452545,9.65631188452545,0.0,0.0,1.0,600.0
pd,coast,300.0,1800.0,0.1,0.075,5.0,inf,10.0,10.0,10,100.0,inf,full,both,inf,180.0,0.01,0.0,0.0,256,20,3,0.5,0.1,0.99,10.0,256,20,0,128,128,2.1942480949227163,0.0,9.65631188452545,9.65631188452545,0.0,0.0,1.0,600.0
pd,coast,300.0,1800.0,0.1,0.09,5.0,1.25,10.0,10.0,10,100.0,inf,full,both,inf,180.0,0.01,0.0,0.0,256,20,3,0.5,0.1,0.99,10.0,256,20,0,128,128,2.1942480949227163,0.0,9.65631188452545,9.65631188452545,0.0,0.0,1.0,600.0
pd,coast,300.0,1800.0,0.1,0.09,5.0,2.5,10.0,10.0,10,100.0,inf,full,both,inf,180.0,0.01,0.0,0.0,256,20,3,0.5,0.1,0.99,10.0,256,20,0,128,128,2.1942480949227163,0.0,9.65631188452545,9.65631188452545,0.0,0.0,1.0,600.0
pd,coast,300.0,1800.0,0.1,0.09,5.0,3.75,10.0,10.0,10,100.0,inf,full,both,inf,180.0,0.01,0.0,0.0,256,20,3,0.5,0.1,0.99,10.0,256,20,0,128,128,2.1942480949227163,0.0,9.65631188452545,9.65631188452545,0.0,0.0,1.0,600.0
pd,coast,300.0,1800.0,0.1,0.09,5.0,4.5,10.0,10.0,10,100.0,inf,full,both,inf,180.0,0.01,0.0,0.0,256,20,3,0.5,0.1,0.99,10.0,256,20,0,128,128,2.1942480949227163,0.0,9.65631188452545,9.65631188452545,0.0,0.0,1.0,600.0
pd,coast,300.0,1800.0,0.1,0.09,5.0,5.0,10.0,10.0,10,100.0,inf,full,both,inf,180.0,0.01,0.0,0.0,256,20,3,0.5,0.1,0.99,10.0,256,20,0,128,128,2.1942480949227163,0.0,9.65631188452545,9.65631188452545,0.0,0.0,1.0,600.0
pd,coast,300.0,1800.0,0.1,0.09,5.0,5.5,10.0,10.0,10,100.0,inf,full,both,inf,180.0,0.01,0.0,0.0,256,20,3,0.5,0.1,0.99,10.0,256,20,0,128,128,2.1942480949227163,0.0,9.65631188452545,9.65631188452545,0.0,0.0,1.0,600.0
pd,coast,300.0,1800.0,0.1,0.09,5.0,6.25,10.0,10.0,10,100.0,inf,full,both,inf,180.0,0.01,0.0,0.0,256,20,3,0.5,0.1,0.99,10.0,256,20,0,128,128,2.1942480949227163,0.0,9.65631188452545,9.65631188452545,0.0,0.0,1.0,600.0
pd,coast,300.0,1800.0,0.1,0.09,5.0,7.5,10.0,10.0,10,100.0,inf,full,both,inf,180.0,0.01,0.0,0.0,256,20,3,0.5,0.1,0.99,10.0,256,20,0,128,128,2.1942480949227163,0.0,9.65631188452545,9.65631188452545,0.0,0.0,1.0,600.0
pd,coast,300.0,1800.0,0.1,0.09,5.0,10.0,10.0,10.0,10,100.0,inf,full,both,inf,180.0,0.01,0.0,0.0,256,20,3,0.5,0.1,0.99,10.0,256,20,0,128,128,2.1942480949227163,0.0,9.65631188452545,9.65631188452545,0.0,0.0,1.0,600.0
pd,coast,300.0,1800.0,0.1,0.09,5.0,inf,10.0,10.0,10,100.0,inf,full,both,inf,180.0,0.01,0.0,0.0,256,20,3,0.5,0.1,0.99,10.0,256,20,0,128,128,2.1942480949227163,0.0,9.65631188452545,9.65631188452545,0.0,0.0,1.0,600.0
pd,coast,300.0,1800.0,0.1,0.1,5.0,1.25,10.0,10.0,10,100.0,inf,full,both,inf,180.0,0.01,0.0,0.0,256,20,3,0.5,0.1,0.99,10.0,256,20,0,128,128,2.1942480949227163,0.0,9.65631188452545,9.65631188452545,0.0,0.0,1.0,600.0
pd,coast,300.0,1800.0,0.1,0.1,5.0,2.5,10.0,10.0,10,100.0,inf,full,both,inf,180.0,0.01,0.0,0.0,256,20,3,0.5,0.1,0.99,10.0,256,20,0,128,128,2.1942480949227163,0.0,9.65631188452545,9.65631188452545,0.0,0.0,1.0,600.0
pd,coast,300.0,1800.0,0.1,0.1,5.0,3.75,10.0,10.0,10,100.0,inf,full,both,inf,180.0,0.01,0.0,0.0,256,20,3,0.5,0.1,0.99,10.0,256,20,0,128,128,2.1942480949227163,0.0,9.65631188452545,9.65631188452545,0.0,0.0,1.0,600.0
pd,coast,300.0,1800.0,0.1,0.1,5.0,4.5,10.0,10.0,10,100.0,inf,full,both,inf,180.0,0.01,0.0,0.0,256,20,3,0.5,0.1,0.99,10.0,256,20,0,128,128,2.1942480949227163,0.0,9.65631188452545,9.65631188452545,0.0,0.0,1.0,600.0
pd,coast,300.0,1800.0,0.1,0.1,5.0,5.0,10.0,10.0,10,100.0,inf,full,both,inf,180.0,0.01,0.0,0.0,256,20,3,0.5,0.1,0.99,10.0,256,20,0,128,128,2.1942480949227163,0.0,9.65631188452545,9.65631188452545,0.0,0.0,1.0,600.0
pd,coast,300.0,1800.0,0.1,0.1,5.0,5.5,10.0,10.0,10,100.0,inf,full,both,inf,180.0,0.01,0.0,0.0,256,20,3,0.5,0.1,0.99,10.0,256,20,0,128,128,2.1942480949227163,0.0,9.65631188452545,9.65631188452545,0.0,0.0,1.0,600.0
pd,coast,300.0,1800.0,0.1,0.1,5.0,6.25,10.0,10.0,10,100.0,inf,full,both,inf,180.0,0.01,0.0,0.0,256,20,3,0.5,0.1,0.99,10.0,256,20,0,128,128,2.1942480949227163,0.0,9.65631188452545,9.65631188452545,0.0,0.0,1.0,600.0
pd,coast,300.0,1800.0,0.1,0.1,5.0,7.5,10.0,10.0,10,100.0,inf,full,both,inf,180.0,0.01,0.0,0.0,256,20,3,0.5,0.1,0.99,10.0,256,20,0,128,128,2.1942480949227163,0.0,9.65631188452545,9.65631188452545,0.0,0.0,1.0,600.0
pd,coast,300.0,1800.0,0.1,0.1,5.0,10.0,10.0,10.0,10,100.0,inf,full,both,inf,180.0,0.01,0.0,0.0,256,20,3,0.5,0.1,0.99,10.0,256,20,0,128,128,2.1942480949227163,0.0,9.65631188452545,9.65631188452545,0.0,0.0,1.0,600.0
pd,coast,300.0,1800.0,0.1,0.1,5.0,inf,10.0,10.0,10,100.0,inf,full,both,inf,180.0,0.01,0.0,0.0,256,20,3,0.5,0.1,0.99,10.0,256,20,0,128,128,2.1942480949227163,0.0,9.65631188452545,9.65631188452545,0.0,0.0,1.0,600.0
pd,coast,300.0,1800.0,0.1,0.11,5.0,1.25,10.0,10.0,10,100.0,inf,full,both,inf,180.0,0.01,0.0,0.0,256,20,3,0.5,0.1,0.99,10.0,256,20,0,128,128,2.1942480949227163,0.0,9.65631188452545,9.65631188452545,0.0,0.0,1.0,600.0
pd,coast,300.0,1800.0,0.1,0.11,5.0,2.5,10.0,10.0,10,100.0,inf,full,both,inf,180.0,0.01,0.0,0.0,256,20,3,0.5,0.1,0.99,10.0,256,20,0,128,128,2.1942480949227163,0.0,9.65631188452545,9.65631188452545,0.0,0.0,1.0,600.0
pd,coast,300.0,1800.0,0.1,0.11,5.0,3.75,10.0,10.0,10,100.0,inf,full,both,inf,180.0,0.01,0.0,0.0,256,20,3,0.5,0.1,0.99,10.0,256,20,0,128,128,2.1942480949227163,0.0,9.65631188452545,9.65631188452545,0.0,0.0,1.0,600.0
pd,coast,300.0,1800.0,0.1,0.11,5.0,4.5,10.0,10.0,10,100.0,inf,full,both,inf,180.0,0.01,0.0,0.0,256,20,3,0.5,0.1,0.99,10.0,256,20,0,128,128,2.1942480949227163,0.0,9.65631188452545,9.65631188452545,0.0,0.0,1.0,600.0
pd,coast,300.0,1800.0,0.1,0.11,5.0,5.0,10.0,10.0,10,100.0,inf,full,both,inf,180.0,0.01,0.0,0.0,256,20,3,0.5,0.1,0.99,10.0,256,20,0,128,128,2.1942480949227163,0.0,9.65631188452545,9.65631188452545,0.0,0.0,1.0,600.0
pd,coast,300.0,1800.0,0.1,0.11,5.0,5.5,10.0,10.0,10,100.0,inf,full,both,inf,180.0,0.01,0.0,0.0,256,20,3,0.5,0.1,0.99,10.0,256,20,0,128,128,2.1942480949227163,0.0,9.65631188452545,9.65631188452545,0.0,0.0,1.0,600.0
pd,coast,300.0,1800.0,0.1,0.11,5.0,6.25,10.0,10.0,10,100.0,inf,full,both,inf,180.0,0.01,0.0,0.0,256,20,3,0.5,0.1,0.99,10.0,256,20,0,128,128,2.1942480949227163,0.0,9.65631188452545,9.65631188452545,0.0,0.0,1.0,600.0
pd,coast,300.0,1800.0,0.1,0.11,5.0,7.5,10.0,10.0,10,100.0,inf,full,both,inf,180.0,0.01,0.0,0.0,256,20,3,0.5,0.1,0.99,10.0,256,20,0,128,128,2.1942480949227163,0.0,9.65631188452545,9.65631188452545,0.0,0.0,1.0,600.0
pd,coast,300.0,1800.0,0.1,0.11,5.0,10.0,10.0,10.0,10,100.0,inf,full,both,inf,180.0,0.01,0.0,0.0,256,20,3,0.5,0.1,0.99,10.0,256,20,0,128,128,2.1942480949227163,0.0,9.65631188452545,9.65631188452545,0.0,0.0,1.0,600.0
pd,coast,300.0,1800.0,0.1,0.11,5.0,inf,10.0,10.0,10,100.0,inf,full,both,inf,180.0,0.01,0.0,0.0,256,20,3,0.5,0.1,0.99,10.0,256,20,0,128,128,2.1942480949227163,0.0,9.65631188452545,9.65631188452545,0.0,0.0,1.0,600.0
pd,coast,300.0,1800.0,0.1,0.125,5.0,1.25,10.0,10.0,10,100.0,inf,full,both,inf,180.0,0.01,0.0,0.0,256,20,3,0.5,0.1,0.99,10.0,256,20,0,128,128,2.1942480949227163,0.0,9.65631188452545,9.65631188452545,0.0,0.0,1.0,600.0
pd,coast,300.0,1800.0,0.1,0.125,5.0,2.5,10.0,10.0,10,100.0,inf,full,both,inf,180.0,0.01,0.0,0.0,256,20,3,0.5,0.1,0.99,10.0,256,20,0,128,128,2.1942480949227163,0.0,9.65631188452545,9.65631188452545,0.0,0.0,1.0,600.0
pd,coast,300.0,1800.0,0.1,0.125,5.0,3.75,10.0,10.0,10,100.0,inf,full,both,inf,180.0,0.01,0.0,0.0,256,20,3,0.5,0.1,0.99,10.0,256,20,0,128,128,2.1942480949227163,0.0,9.65631188452545,9.65631188452545,0.0,0.0,1.0,600.0
pd,coast,300.0,1800.0,0.1,0.125,5.0,4.5,10.0,10.0,10,100.0,inf,full,both,inf,180.0,0.01,0.0,0.0,256,20,3,0.5,0.1,0.99,10.0,256,20,0,128,128,2.1942480949227163,0.0,9.65631188452545,9.65631188452545,0.0,0.0,1.0,600.0
pd,coast,300.0,1800.0,0.1,0.125,5.0,5.0,10.0,10.0,10,100.0,inf,full,both,inf,180.0,0.01,0.0,0.0,256,20,3,0.5,0.1,0.99,10.0,256,20,0,128,128,2.1942480949227163,0.0,9.65631188452545,9.65631188452545,0.0,0.0,1.0,600.0
pd,coast,300.0,1800.0,0.1,0.125,5.0,5.5,10.0,10.0,10,100.0,inf,full,both,inf,180.0,0.01,0.0,0.0,256,20,3,0.5,0.1,0.99,10.0,256,20,0,128,128,2.1942480949227163,0.0,9.65631188452545,9.65631188452545,0.0,0.0,1.0,600.0
pd,coast,300.0,1800.0,0.1,0.125,5.0,6.25,10.0,10.0,10,100.0,inf,full,both,inf,180.0,0.01,0.0,0.0,256,20,3,0.5,0.1,0.99,10.0,256,20,0,128,128,2.1942480949227163,0.0,9.65631188452545,9.65631188452545,0.0,0.0,1.0,600.0
pd,coast,300.0,1800.0,0.1,0.125,5.0,7.5,10.0,10.0,10,100.0,inf,full,both,inf,180.0,0.01,0.0,0.0,256,20,3,0.5,0.1,0.99,10.0,256,20,0,128,128,2.1942480949227163,0.0,9.65631188452545,9.65631188452545,0.0,0.0,1.0,600.0
pd,coast,300.0,1800.0,0.1,0.125,5.0,10.0,10.0,10.0,10,100.0,inf,full,both,inf,180.0,0.01,0.0,0.0,256,20,3,0.5,0.1,0.99,10.0,256,20,0,128,128,2.1942480949227163,0.0,9.65631188452545,9.65631188452545,0.0,0.0,1.0,600.0
pd,coast,300.0,1800.0,0.1,0.125,5.0,inf,10.0,10.0,10,100.0,inf,full,both,inf,180.0,0.01,0.0,0.0,256,20,3,0.5,0.1,0.99,10.0,256,20,0,128,128,2.1942480949227163,0.0,9.65631188452545,9.65631188452545,0.0,0.0,1.0,600.0
pd,coast,300.0,1800.0,0.1,0.15,5.0,1.25,10.0,10.0,10,100.0,inf,full,both,inf,180.0,0.01,0.0,0.0,256,20,3,0.5,0.1,0.99,10.0,256,20,0,128,128,2.1942480949227163,0.0,9.65631188452545,9.65631188452545,0.0,0.0,1.0,600.0
pd,coast,300.0,1800.0,0.1,0.15,5.0,2.5,10.0,10.0,10,100.0,inf,full,both,inf,180.0,0.01,0.0,0.0,256,20,3,0.5,0.1,0.99,10.0,256,20,0,128,128,2.1942480949227163,0.0,9.65631188452545,9.65631188452545,0.0,0.0,1.0,600.0
pd,coast,300.0,1800.0,0.1,0.15,5.0,3.75,10.0,10.0,10,100.0,inf,full,both,inf,180.0,0.01,0.0,0.0,256,20,3,0.5,0.1,0.99,10.0,256,20,0,128,128,2.1942480949227163,0.0,9.65631188452545,9.65631188452545,0.0,0.0,1.0,600.0
pd,coast,300.0,1800.0,0.1,0.15,5.0,4.5,10.0,10.0,10,100.0,inf,full,both,inf,180.0,0.01,0.0,0.0,256,20,3,0.5,0.1,0.99,10.0,256,20,0,128,128,2.1942480949227163,0.0,9.65631188452545,9.65631188452545,0.0,0.0,1.0,600.0
pd,coast,300.0,1800.0,0.1,0.15,5.0,5.0,10.0,10.0,10,100.0,inf,full,both,inf,180.0,0.01,0.0,0.0,256,20,3,0.5,0.1,0.99,10.0,256,20,0,128,128,2.1942480949227163,0.0,9.65631188452545,9.65631188452545,0.0,0.0,1.0,600.0
pd,coast,300.0,1800.0,0.1,0.15,5.0,5.5,10.0,10.0,10,100.0,inf,full,both,inf,180.0,0.01,0.0,0.0,256,20,3,0.5,0.1,0.99,10.0,256,20,0,128,128,2.1942480949227163,0.0,9.65631188452545,9.65631188452545,0.0,0.0,1.0,600.0
pd,coast,300.0,1800.0,0.1,0.15,5.0,6.25,10.0,10.0,10,100.0,inf,full,both,inf,180.0,0.01,0.0,0.0,256,20,3,0.5,0.1,0.99,10.0,256,20,0,128,128,2.1942480949227163,0.0,9.65631188452545,9.65631188452545,0.0,0.0,1.0,600.0
pd,coast,300.0,1800.0,0.1,0.15,5.0,7.5,10.0,10.0,10,100.0,inf,full,both,inf,180.0,0.01,0.0,0.0,256,20,3,0.5,0.1,0.99,10.0,256,20,0,128,128,2.1942480949227163,0.0,9.65631188452545,9.65631188452545,0.0,0.0,1.0,600.0
pd,coast,300.0,1800.0,0.1,0.15,5.0,10.0,10.0,10.0,10,100.0,inf,full,both,inf,180.0,0.01,0.0,0.0,256,20,3,0.5,0.1,0.99,10.0,256,20,0,128,128,2.1942480949227163,0.0,9.65631188452545,9.65631188452545,0.0,0.0,1.0,600.0
pd,coast,300.0,1800.0,0.1,0.15,5.0,inf,10.0,10.0,10,100.0,inf,full,both,inf,180.0,0.01,0.0,0.0,256,20,3,0.5,0.1,0.99,10.0,256,20,0,128,128,2.1942480949227163,0.0,9.65631188452545,9.65631188452545,0.0,0.0,1.0,600.0
pd,coast,300.0,1800.0,0.1,0.2,5.0,1.25,10.0,10.0,10,100.0,inf,full,both,inf,180.0,0.01,0.0,0.0,256,20,3,0.5,0.1,0.99,10.0,256,20,0,128,128,2.1942480949227163,0.0,9.65631188452545,9.65631188452545,0.0,0.0,1.0,600.0
pd,coast,300.0,1800.0,0.1,0.2,5.0,2.5,10.0,10.0,10,100.0,inf,full,both,inf,180.0,0.01,0.0,0.0,256,20,3,0.5,0.1,0.99,10.0,256,20,0,128,128,2.1942480949227163,0.0,9.65631188452545,9.65631188452545,0.0,0.0,1.0,600.0
pd,coast,300.0,1800.0,0.1,0.2,5.0,3.75,10.0,10.0,10,100.0,inf,full,both,inf,180.0,0.01,0.0,0.0,256,20,3,0.5,0.1,0.99,10.0,256,20,0,128,128,2.1942480949227163,0.0,9.65631188452545,9.65631188452545,0.0,0.0,1.0,600.0
pd,coast,300.0,1800.0,0.1,0.2,5.0,4.5,10.0,10.0,10,100.0,inf,full,both,inf,180.0,0.01,0.0,0.0,256,20,3,0.5,0.1,0.99,10.0,256,20,0,128,128,2.1942480949227163,0.0,9.65631188452545,9.65631188452545,0.0,0.0,1.0,600.0
pd,coast,300.0,1800.0,0.1,0.2,5.0,5.0,10.0,10.0,10,100.0,inf,full,both,inf,180.0,0.01,0.0,0.0,256,20,3,0.5,0.1,0.99,10.0,256,20,0,128,128,2.1942480949227163,0.0,9.65631188452545,9.65631188452545,0.0,0.0,1.0,600.0
pd,coast,300.0,1800.0,0.1,0.2,5.0,5.5,10.0,10.0,10,100.0,inf,full,both,inf,180.0,0.01,0.0,0.0,256,20,3,0.5,0.1,0.99,10.0,256,20,0,128,128,2.1942480949227163,0.0,9.65631188452545,9.65631188452545,0.0,0.0,1.0,600.0
pd,coast,300.0,1800.0,0.1,0.2,5.0,6.25,10.0,10.0,10,100.0,inf,full,both,inf,180.0,0.01,0.0,0.0,256,20,3,0.5,0.1,0.99,10.0,256,20,0,128,128,2.1942480949227163,0.0,9.65631188452545,9.65631188452545,0.0,0.0,1.0,600.0
pd,coast,300.0,1800.0,0.1,0.2,5.0,7.5,10.0,10.0,10,100.0,inf,full,both,inf,180.0,0.01,0.0,0.0,256,20,3,0.5,0.1,0.99,10.0,256,20,0,128,128,2.1942480949227163,0.0,9.65631188452545,9.65631188452545,0.0,0.0,1.0,600.0
pd,coast,300.0,1800.0,0.1,0.2,5.0,10.0,10.0,10.0,10,100.0,inf,full,both,inf,180.0,0.01,0.0,0.0,256,20,3,0.5,0.1,0.99,10.0,256,20,0,128,128,2.1942480949227163,0.0,9.65631188452545,9.65631188452545,0.0,0.0,1.0,600.0
pd,coast,300.0,1800.0,0.1,0.2,5.0,inf,10.0,10.0,10,100.0,inf,full,both,inf,180.0,0.01,0.0,0.0,256,20,3,0.5,0.1,0.99,10.0,256,20,0,128,128,2.1942480949227163,0.0,9.65631188452545,9.65631188452545,0.0,0.0,1.0,600.0
pd,mppi_direct,300.0,1800.0,0.1,0.025,5.0,1.25,10.0,10.0,10,100.0,inf,full,both,inf,180.0,0.01,0.0,0.0,256,20,3,0.5,0.1,0.99,10.0,256,20,0,128,128,3.2371471170318022,1.25,9.696293668314349,9.696293668314354,0.0,0.0,1.0,760.0
pd,mppi_direct,300.0,1800.0,0.1,0.025,5.0,2.5,10.0,10.0,10,100.0,inf,full,both,inf,180.0,0.01,0.0,0.0,256,20,3,0.5,0.1,0.99,10.0,256,20,0,128,128,4.540254097608788,2.5,9.672505625787457,9.672505625787467,0.0,0.0,1.0,1300.0
pd,mppi_direct,300.0,1800.0,0.1,0.025,5.0,3.75,10.0,10.0,10,100.0,inf,full,both,inf,180.0,0.01,0.0,0.0,256,20,3,0.5,0.1,0.99,10.0,256,20,0,128,0,5.0,3.75,12.817822462369104,275.7294930498246,0.0,0.0,0.0,
pd,mppi_direct,300.0,1800.0,0.1,0.025,5.0,4.5,10.0,10.0,10,100.0,inf,full,both,inf,180.0,0.01,0.0,0.0,256,20,3,0.5,0.1,0.99,10.0,256,20,0,128,0,5.0,4.127262280371015,12.836601790197085,300.2867072084293,0.0,0.0,0.0,
pd,mppi_direct,300.0,1800.0,0.1,0.025,5.0,5.0,10.0,10.0,10,100.0,inf,full,both,inf,180.0,0.01,0.0,0.0,256,20,3,0.5,0.1,0.99,10.0,256,20,0,128,0,5.0,4.127834937512367,12.836611424093483,299.56326150505254,0.0,0.0,0.0,
pd,mppi_direct,300.0,1800.0,0.1,0.025,5.0,5.5,10.0,10.0,10,100.0,inf,full,both,inf,180.0,0.01,0.0,0.0,256,20,3,0.5,0.1,0.99,10.0,256,20,0,128,0,5.0,4.12830584066649,12.836611424093483,299.56565171951047,0.0,0.0,0.0,
pd,mppi_direct,300.0,1800.0,0.1,0.025,5.0,6.25,10.0,10.0,10,100.0,inf,full,both,inf,180.0,0.01,0.0,0.0,256,20,3,0.5,0.1,0.99,10.0,256,20,0,128,0,5.0,4.128305114359484,12.836611424093483,299.5656409683048,0.0,0.0,0.0,
pd,mppi_direct,300.0,1800.0,0.1,0.025,5.0,7.5,10.0,10.0,10,100.0,inf,full,both,inf,180.0,0.01,0.0,0.0,256,20,3,0.5,0.1,0.99,10.0,256,20,0,128,0,5.0,4.128305114359484,12.836611424093483,299.5656409683048,0.0,0.0,0.0,
pd,mppi_direct,300.0,1800.0,0.1,0.025,5.0,10.0,10.0,10.0,10,100.0,inf,full,both,inf,180.0,0.01,0.0,0.0,256,20,3,0.5,0.1,0.99,10.0,256,20,0,128,0,5.0,4.128305114359484,12.836611424093483,299.5656409683048,0.0,0.0,0.0,
pd,mppi_direct,300.0,1800.0,0.1,0.025,5.0,inf,10.0,10.0,10,100.0,inf,full,both,inf,180.0,0.01,0.0,0.0,256,20,3,0.5,0.1,0.99,10.0,256,20,0,128,0,5.0,4.128305114359484,12.836611424093483,299.5656409683048,0.0,0.0,0.0,
pd,mppi_direct,300.0,1800.0,0.1,0.05,5.0,1.25,10.0,10.0,10,100.0,inf,full,both,inf,180.0,0.01,0.0,0.0,256,20,3,0.5,0.1,0.99,10.0,256,20,0,128,128,3.0373079303867327,1.25,9.671167200131912,9.67116720013191,0.0,0.0,1.0,570.0
pd,mppi_direct,300.0,1800.0,0.1,0.05,5.0,2.5,10.0,10.0,10,100.0,inf,full,both,inf,180.0,0.01,0.0,0.0,256,20,3,0.5,0.1,0.99,10.0,256,20,0,128,128,4.417546637205776,2.5,9.682803447897854,9.682803447897864,0.0,0.0,1.0,820.0
pd,mppi_direct,300.0,1800.0,0.1,0.05,5.0,3.75,10.0,10.0,10,100.0,inf,full,both,inf,180.0,0.01,0.0,0.0,256,20,3,0.5,0.1,0.99,10.0,256,20,0,128,0,5.0,3.75,14.053708822040427,737.8658552027302,0.0,0.0,0.0,
pd,mppi_direct,300.0,1800.0,0.1,0.05,5.0,4.5,10.0,10.0,10,100.0,inf,full,both,inf,180.0,0.01,0.0,0.0,256,20,3,0.5,0.1,0.99,10.0,256,20,0,128,0,5.0,4.5,14.420089737730738,1476.2854102913982,0.0,0.0,0.0,
pd,mppi_direct,300.0,1800.0,0.1,0.05,5.0,5.0,10.0,10.0,10,100.0,inf,full,both,inf,180.0,0.01,0.0,0.0,256,20,3,0.5,0.1,0.99,10.0,256,20,0,128,0,5.0,5.0,14.512368336197149,1866.2528326556856,0.0,0.0,0.0,
pd,mppi_direct,300.0,1800.0,0.1,0.05,5.0,5.5,10.0,10.0,10,100.0,inf,full,both,inf,180.0,0.01,0.0,0.0,256,20,3,0.5,0.1,0.99,10.0,256,20,0,128,0,5.0,5.5,14.50667207966926,2179.009564816952,0.0,0.0,0.0,
pd,mppi_direct,300.0,1800.0,0.1,0.05,5.0,6.25,10.0,10.0,10,100.0,inf,full,both,inf,180.0,0.01,0.0,0.0,256,20,3,0.5,0.1,0.99,10.0,256,20,0,128,0,5.0,6.25,14.505563756315023,2537.1304928474333,0.0,0.0,0.0,
pd,mppi_direct,300.0,1800.0,0.1,0.05,5.0,7.5,10.0,10.0,10,100.0,inf,full,both,inf,180.0,0.01,0.0,0.0,256,20,3,0.5,0.1,0.99,10.0,256,20,0,128,0,5.0,7.5,14.505563727377558,2858.470060933777,0.0,0.0,0.0,
pd,mppi_direct,300.0,1800.0,0.1,0.05,5.0,10.0,10.0,10.0,10,100.0,inf,full,both,inf,180.0,0.01,0.0,0.0,256,20,3,0.5,0.1,0.99,10.0,256,20,0,128,0,5.0,8.18162768469094,14.505563727377558,2893.82288499597,0.0,0.0,0.0,
pd,mppi_direct,300.0,1800.0,0.1,0.05,5.0,inf,10.0,10.0,10,100.0,inf,full,both,inf,180.0,0.01,0.0,0.0,256,20,3,0.5,0.1,0.99,10.0,256,20,0,128,0,5.0,8.181504128413575,14.505563727377558,2893.807177992085,0.0,0.0,0.0,
pd,mppi_direct,300.0,1800.0,0.1,0.075,5.0,1.25,10.0,10.0,10,100.0,inf,full,both,inf,180.0,0.01,0.0,0.0,256,20,3,0.5,0.1,0.99,10.0,256,20,0,128,128,2.922852793439814,1.25,9.714226489480236,9.714226489480238,0.0,0.0,1.0,540.0
pd,mppi_direct,300.0,1800.0,0.1,0.075,5.0,2.5,10.0,10.0,10,100.0,inf,full,both,inf,180.0,0.01,0.0,0.0,256,20,3,0.5,0.1,0.99,10.0,256,20,0,128,128,4.288421585664905,2.5,9.68337229888034,9.683372298880332,0.0,0.0,1.0,750.0
pd,mppi_direct,300.0,1800.0,0.1,0.075,5.0,3.75,10.0,10.0,10,100.0,inf,full,both,inf,180.0,0.01,0.0,0.0,256,20,3,0.5,0.1,0.99,10.0,256,20,0,128,0,5.0,3.75,13.665964696914203,465.3039044808075,0.0,0.0,0.0,
pd,mppi_direct,300.0,1800.0,0.1,0.075,5.0,4.5,10.0,10.0,10,100.0,inf,full,both,inf,180.0,0.01,0.0,0.0,256,20,3,0.5,0.1,0.99,10.0,256,20,0,128,0,5.0,4.5,16.958710144086044,1542.9301994266666,0.0,0.0,0.0,
pd,mppi_direct,300.0,1800.0,0.1,0.075,5.0,5.0,10.0,10.0,10,100.0,inf,full,both,inf,180.0,0.01,0.0,0.0,256,20,3,0.5,0.1,0.99,10.0,256,20,0,128,0,5.0,5.0,19.53475563624133,2269.884164316598,0.0,0.0,0.0,
pd,mppi_direct,300.0,1800.0,0.1,0.075,5.0,5.5,10.0,10.0,10,100.0,inf,full,both,inf,180.0,0.01,0.0,0.0,256,20,3,0.5,0.1,0.99,10.0,256,20,0,128,0,5.0,5.5,21.664653946185265,2890.11281906085,0.0,0.0,0.0,
pd,mppi_direct,300.0,1800.0,0.1,0.075,5.0,6.25,10.0,10.0,10,100.0,inf,full,both,inf,180.0,0.01,0.0,0.0,256,20,3,0.5,0.1,0.99,10.0,256,20,0,128,0,5.0,6.25,21.664656399090678,3638.5541701263446,0.0,0.0,0.0,
pd,mppi_direct,300.0,1800.0,0.1,0.075,5.0,7.5,10.0,10.0,10,100.0,inf,full,both,inf,180.0,0.01,0.0,0.0,256,20,3,0.5,0.1,0.99,10.0,256,20,0,128,0,5.0,7.5,21.897445868140803,4690.34242832719,0.0,0.0,0.0,
pd,mppi_direct,300.0,1800.0,0.1,0.075,5.0,10.0,10.0,10.0,10,100.0,inf,full,both,inf,180.0,0.01,0.0,0.0,256,20,3,0.5,0.1,0.99,10.0,256,20,0,128,0,5.0,10.0,21.893874601553804,6023.882458784994,0.0,0.0,0.0,
pd,mppi_direct,300.0,1800.0,0.1,0.075,5.0,inf,10.0,10.0,10,100.0,inf,full,both,inf,180.0,0.01,0.0,0.0,256,20,3,0.5,0.1,0.99,10.0,256,20,0,128,0,5.0,12.62164737157858,21.893874601553804,6451.61504739814,0.0,0.0,0.0,
pd,mppi_direct,300.0,1800.0,0.1,0.09,5.0,1.25,10.0,10.0,10,100.0,inf,full,both,inf,180.0,0.01,0.0,0.0,256,20,3,0.5,0.1,0.99,10.0,256,20,0,128,128,2.8775643587497397,1.25,9.651205795213423,9.651205795213428,0.0,0.0,1.0,540.0
pd,mppi_direct,300.0,1800.0,0.1,0.09,5.0,2.5,10.0,10.0,10,100.0,inf,full,both,inf,180.0,0.01,0.0,0.0,256,20,3,0.5,0.1,0.99,10.0,256,20,0,128,128,4.272833068157182,2.5,9.665614400838813,9.665614400838813,0.0,0.0,1.0,770.0
pd,mppi_direct,300.0,1800.0,0.1,0.09,5.0,3.75,10.0,10.0,10,100.0,inf,full,both,inf,180.0,0.01,0.0,0.0,256,20,3,0.5,0.1,0.99,10.0,256,20,0,128,2,4.999252692996318,3.75,34.032711888234246,977.0197336361814,0.0,0.0,0.015625,715.0
pd,mppi_direct,300.0,1800.0,0.1,0.09,5.0,4.5,10.0,10.0,10,100.0,inf,full,both,inf,180.0,0.01,0.0,0.0,256,20,3,0.5,0.1,0.99,10.0,256,20,0,128,0,5.0,4.5,33.96314096528976,2232.4622186605966,0.0,0.0,0.0,
pd,mppi_direct,300.0,1800.0,0.1,0.09,5.0,5.0,10.0,10.0,10,100.0,inf,full,both,inf,180.0,0.01,0.0,0.0,256,20,3,0.5,0.1,0.99,10.0,256,20,0,128,0,5.0,5.0,34.379914753740294,3051.1448352445354,0.0,0.0,0.0,
pd,mppi_direct,300.0,1800.0,0.1,0.09,5.0,5.5,10.0,10.0,10,100.0,inf,full,both,inf,180.0,0.01,0.0,0.0,256,20,3,0.5,0.1,0.99,10.0,256,20,0,128,0,5.0,5.5,34.25222787485228,3806.9357983087816,0.0,0.0,0.0,
pd,mppi_direct,300.0,1800.0,0.1,0.09,5.0,6.25,10.0,10.0,10,100.0,inf,full,both,inf,180.0,0.01,0.0,0.0,256,20,3,0.5,0.1,0.99,10.0,256,20,0,128,0,5.0,6.25,34.32326921678046,4813.662804745641,0.0,0.0,0.0,
pd,mppi_direct,300.0,1800.0,0.1,0.09,5.0,7.5,10.0,10.0,10,100.0,inf,full,both,inf,180.0,0.01,0.0,0.0,256,20,3,0.5,0.1,0.99,10.0,256,20,0,128,0,5.0,7.5,34.319753343511806,6196.000990695969,0.0,0.0,0.0,
pd,mppi_direct,300.0,1800.0,0.1,0.09,5.0,10.0,10.0,10.0,10,100.0,inf,full,both,inf,180.0,0.01,0.0,0.0,256,20,3,0.5,0.1,0.99,10.0,256,20,0,128,0,5.0,10.0,34.31975383881135,8230.889105450922,0.0,0.0,0.0,
pd,mppi_direct,300.0,1800.0,0.1,0.09,5.0,inf,10.0,10.0,10,100.0,inf,full,both,inf,180.0,0.01,0.0,0.0,256,20,3,0.5,0.1,0.99,10.0,256,20,0,128,0,5.0,15.297749518639122,34.31975383881135,9782.62985122802,0.0,0.0,0.0,
pd,mppi_direct,300.0,1800.0,0.1,0.1,5.0,1.25,10.0,10.0,10,100.0,inf,full,both,inf,180.0,0.01,0.0,0.0,256,20,3,0.5,0.1,0.99,10.0,256,20,0,128,128,2.8421845022062606,1.25,9.652563945292268,9.652563945292272,0.0,0.0,1.0,540.0
pd,mppi_direct,300.0,1800.0,0.1,0.1,5.0,2.5,10.0,10.0,10,100.0,inf,full,both,inf,180.0,0.01,0.0,0.0,256,20,3,0.5,0.1,0.99,10.0,256,20,0,128,126,4.479252007892753,2.5,9.70935548601812,15.17789701914096,0.0,0.0,0.984375,790.0
pd,mppi_direct,300.0,1800.0,0.1,0.1,5.0,3.75,10.0,10.0,10,100.0,inf,full,both,inf,180.0,0.01,0.0,0.0,256,20,3,0.5,0.1,0.99,10.0,256,20,0,128,0,5.0,3.75,38.372488965144,1052.654063543955,0.0,0.0,0.0,
pd,mppi_direct,300.0,1800.0,0.1,0.1,5.0,4.5,10.0,10.0,10,100.0,inf,full,both,inf,180.0,0.01,0.0,0.0,256,20,3,0.5,0.1,0.99,10.0,256,20,0,128,0,5.0,4.5,38.79879474617269,2244.6035318707404,0.0,0.0,0.0,
pd,mppi_direct,300.0,1800.0,0.1,0.1,5.0,5.0,10.0,10.0,10,100.0,inf,full,both,inf,180.0,0.01,0.0,0.0,256,20,3,0.5,0.1,0.99,10.0,256,20,0,128,0,5.0,5.0,38.6189317341408,3052.717772276579,0.0,0.0,0.0,
pd,mppi_direct,300.0,1800.0,0.1,0.1,5.0,5.5,10.0,10.0,10,100.0,inf,full,both,inf,180.0,0.01,0.0,0.0,256,20,3,0.5,0.1,0.99,10.0,256,20,0,128,0,5.0,5.5,38.834511320283085,3839.808643844164,0.0,0.0,0.0,
pd,mppi_direct,300.0,1800.0,0.1,0.1,5.0,6.25,10.0,10.0,10,100.0,inf,full,both,inf,180.0,0.01,0.0,0.0,256,20,3,0.5,0.1,0.99,10.0,256,20,0,128,0,5.0,6.25,38.628493089492665,4893.140129107868,0.0,0.0,0.0,
pd,mppi_direct,300.0,1800.0,0.1,0.1,5.0,7.5,10.0,10.0,10,100.0,inf,full,both,inf,180.0,0.01,0.0,0.0,256,20,3,0.5,0.1,0.99,10.0,256,20,0,128,0,5.0,7.5,38.60441261068889,6392.320236255973,0.0,0.0,0.0,
pd,mppi_direct,300.0,1800.0,0.1,0.1,5.0,10.0,10.0,10.0,10,100.0,inf,full,both,inf,180.0,0.01,0.0,0.0,256,20,3,0.5,0.1,0.99,10.0,256,20,0,128,0,5.0,10.0,38.60600476959418,8734.765629628764,0.0,0.0,0.0,
pd,mppi_direct,300.0,1800.0,0.1,0.1,5.0,inf,10.0,10.0,10,100.0,inf,full,both,inf,180.0,0.01,0.0,0.0,256,20,3,0.5,0.1,0.99,10.0,256,20,0,128,0,5.0,17.0219356642821,38.60600476959418,11219.164415198748,0.0,0.0,0.0,
pd,mppi_direct,300.0,1800.0,0.1,0.11,5.0,1.25,10.0,10.0,10,100.0,inf,full,both,inf,180.0,0.01,0.0,0.0,256,20,3,0.5,0.1,0.99,10.0,256,20,0,128,128,2.8191209378414657,1.25,9.685548405514009,9.685548405514014,0.0,0.0,1.0,540.0
pd,mppi_direct,300.0,1800.0,0.1,0.11,5.0,2.5,10.0,10.0,10,100.0,inf,full,both,inf,180.0,0.01,0.0,0.0,256,20,3,0.5,0.1,0.99,10.0,256,20,0,128,120,4.667908825342621,2.5,9.84083703269742,33.13548167109707,0.0,0.0,0.9375,840.0
pd,mppi_direct,300.0,1800.0,0.1,0.11,5.0,3.75,10.0,10.0,10,100.0,inf,full,both,inf,180.0,0.01,0.0,0.0,256,20,3,0.5,0.1,0.99,10.0,256,20,0,128,0,5.0,3.75,42.28706373526647,1072.3374687213286,0.0,0.0,0.0,
pd,mppi_direct,300.0,1800.0,0.1,0.11,5.0,4.5,10.0,10.0,10,100.0,inf,full,both,inf,180.0,0.01,0.0,0.0,256,20,3,0.5,0.1,0.99,10.0,256,20,0,128,0,5.0,4.5,43.38517555493826,2284.0397851499856,0.0,0.0,0.0,
pd,mppi_direct,300.0,1800.0,0.1,0.11,5.0,5.0,10.0,10.0,10,100.0,inf,full,both,inf,180.0,0.01,0.0,0.0,256,20,3,0.5,0.1,0.99,10.0,256,20,0,128,0,5.0,5.0,43.420369340284346,3081.383637668044,0.0,0.0,0.0,
pd,mppi_direct,300.0,1800.0,0.1,0.11,5.0,5.5,10.0,10.0,10,100.0,inf,full,both,inf,180.0,0.01,0.0,0.0,256,20,3,0.5,0.1,0.99,10.0,256,20,0,128,0,5.0,5.5,43.11586082906784,3860.906381203375,0.0,0.0,0.0,
pd,mppi_direct,300.0,1800.0,0.1,0.11,5.0,6.25,10.0,10.0,10,100.0,inf,full,both,inf,180.0,0.01,0.0,0.0,256,20,3,0.5,0.1,0.99,10.0,256,20,0,128,0,5.0,6.25,43.52262577161356,4971.911734456975,0.0,0.0,0.0,
pd,mppi_direct,300.0,1800.0,0.1,0.11,5.0,7.5,10.0,10.0,10,100.0,inf,full,both,inf,180.0,0.01,0.0,0.0,256,20,3,0.5,0.1,0.99,10.0,256,20,0,128,0,5.0,7.5,43.28398482465085,6630.842692991265,0.0,0.0,0.0,
pd,mppi_direct,300.0,1800.0,0.1,0.11,5.0,10.0,10.0,10.0,10,100.0,inf,full,both,inf,180.0,0.01,0.0,0.0,256,20,3,0.5,0.1,0.99,10.0,256,20,0,128,0,5.0,10.0,43.28901612526263,9230.108288944884,0.0,0.0,0.0,
pd,mppi_direct,300.0,1800.0,0.1,0.11,5.0,inf,10.0,10.0,10,100.0,inf,full,both,inf,180.0,0.01,0.0,0.0,256,20,3,0.5,0.1,0.99,10.0,256,20,0,128,0,5.0,18.74376997244879,43.28901612526263,12774.583638665845,0.0,0.0,0.0,
pd,mppi_direct,300.0,1800.0,0.1,0.125,5.0,1.25,10.0,10.0,10,100.0,inf,full,both,inf,180.0,0.01,0.0,0.0,256,20,3,0.5,0.1,0.99,10.0,256,20,0,128,128,2.7779847896062333,1.25,9.663886708359726,9.66388670835973,0.0,0.0,1.0,550.0
pd,mppi_direct,300.0,1800.0,0.1,0.125,5.0,2.5,10.0,10.0,10,100.0,inf,full,both,inf,180.0,0.01,0.0,0.0,256,20,3,0.5,0.1,0.99,10.0,256,20,0,128,113,4.800594031252547,2.5,10.34851167940128,64.06716056626887,0.0,0.0,0.8828125,850.0
pd,mppi_direct,300.0,1800.0,0.1,0.125,5.0,3.75,10.0,10.0,10,100.0,inf,full,both,inf,180.0,0.01,0.0,0.0,256,20,3,0.5,0.1,0.99,10.0,256,20,0,128,0,5.0,3.75,49.463615448761104,1129.7419861268263,0.0,0.0,0.0,
pd,mppi_direct,300.0,1800.0,0.1,0.125,5.0,4.5,10.0,10.0,10,100.0,inf,full,both,inf,180.0,0.01,0.0,0.0,256,20,3,0.5,0.1,0.99,10.0,256,20,0,128,0,5.0,4.5,48.71051036236374,2334.6349559025302,0.0,0.0,0.0,
pd,mppi_direct,300.0,1800.0,0.1,0.125,5.0,5.0,10.0,10.0,10,100.0,inf,full,both,inf,180.0,0.01,0.0,0.0,256,20,3,0.5,0.1,0.99,10.0,256,20,0,128,0,5.0,5.0,50.30747617655623,3173.8940243639704,0.0,0.0,0.0,
pd,mppi_direct,300.0,1800.0,0.1,0.125,5.0,5.5,10.0,10.0,10,100.0,inf,full,both,inf,180.0,0.01,0.0,0.0,256,20,3,0.5,0.1,0.99,10.0,256,20,0,128,0,5.0,5.5,50.21906097155097,3958.55055719395,0.0,0.0,0.0,
pd,mppi_direct,300.0,1800.0,0.1,0.125,5.0,6.25,10.0,10.0,10,100.0,inf,full,both,inf,180.0,0.01,0.0,0.0,256,20,3,0.5,0.1,0.99,10.0,256,20,0,128,0,5.0,6.25,50.03604245009042,5115.264877782256,0.0,0.0,0.0,
pd,mppi_direct,300.0,1800.0,0.1,0.125,5.0,7.5,10.0,10.0,10,100.0,inf,full,both,inf,180.0,0.01,0.0,0.0,256,20,3,0.5,0.1,0.99,10.0,256,20,0,128,0,5.0,7.5,50.2327227040705,6864.552049007105,0.0,0.0,0.0,
pd,mppi_direct,300.0,1800.0,0.1,0.125,5.0,10.0,10.0,10.0,10,100.0,inf,full,both,inf,180.0,0.01,0.0,0.0,256,20,3,0.5,0.1,0.99,10.0,256,20,0,128,0,5.0,10.0,50.2108180115434,9762.86066362192,0.0,0.0,0.0,
pd,mppi_direct,300.0,1800.0,0.1,0.125,5.0,inf,10.0,10.0,10,100.0,inf,full,both,inf,180.0,0.01,0.0,0.0,256,20,3,0.5,0.1,0.99,10.0,256,20,0,128,0,5.0,21.316314059355463,50.21081802726845,15083.736459400508,0.0,0.0,0.0,
pd,mppi_direct,300.0,1800.0,0.1,0.15,5.0,1.25,10.0,10.0,10,100.0,inf,full,both,inf,180.0,0.01,0.0,0.0,256,20,3,0.5,0.1,0.99,10.0,256,20,0,128,128,2.736246157936501,1.25,9.661884190534096,9.661884190534092,0.0,0.0,1.0,560.0
pd,mppi_direct,300.0,1800.0,0.1,0.15,5.0,2.5,10.0,10.0,10,100.0,inf,full,both,inf,180.0,0.01,0.0,0.0,256,20,3,0.5,0.1,0.99,10.0,256,20,0,128,110,4.832140841045052,2.5,11.172807910242575,90.8513622531559,0.0,0.0,0.859375,850.0
pd,mppi_direct,300.0,1800.0,0.1,0.15,5.0,3.75,10.0,10.0,10,100.0,inf,full,both,inf,180.0,0.01,0.0,0.0,256,20,3,0.5,0.1,0.99,10.0,256,20,0,128,0,5.0,3.75,63.31036581782583,1230.9026428151892,0.0,0.0,0.0,
pd,mppi_direct,300.0,1800.0,0.1,0.15,5.0,4.5,10.0,10.0,10,100.0,inf,full,both,inf,180.0,0.01,0.0,0.0,256,20,3,0.5,0.1,0.99,10.0,256,20,0,128,0,5.0,4.5,62.65563737822141,2455.0840812910296,0.0,0.0,0.0,
pd,mppi_direct,300.0,1800.0,0.1,0.15,5.0,5.0,10.0,10.0,10,100.0,inf,full,both,inf,180.0,0.01,0.0,0.0,256,20,3,0.5,0.1,0.99,10.0,256,20,0,128,0,5.0,5.0,65.39149738343608,3350.64813339865,0.0,0.0,0.0,
pd,mppi_direct,300.0,1800.0,0.1,0.15,5.0,5.5,10.0,10.0,10,100.0,inf,full,both,inf,180.0,0.01,0.0,0.0,256,20,3,0.5,0.1,0.99,10.0,256,20,0,128,0,5.0,5.5,63.50517842270769,4149.047841256362,0.0,0.0,0.0,
pd,mppi_direct,300.0,1800.0,0.1,0.15,5.0,6.25,10.0,10.0,10,100.0,inf,full,both,inf,180.0,0.01,0.0,0.0,256,20,3,0.5,0.1,0.99,10.0,256,20,0,128,0,5.0,6.25,66.55802198036598,5418.0026889648125,0.0,0.0,0.0,
pd,mppi_direct,300.0,1800.0,0.1,0.15,5.0,7.5,10.0,10.0,10,100.0,inf,full,both,inf,180.0,0.01,0.0,0.0,256,20,3,0.5,0.1,0.99,10.0,256,20,0,128,0,5.0,7.5,66.73333087000896,7294.238656185396,0.0,0.0,0.0,
pd,mppi_direct,300.0,1800.0,0.1,0.15,5.0,10.0,10.0,10.0,10,100.0,inf,full,both,inf,180.0,0.01,0.0,0.0,256,20,3,0.5,0.1,0.99,10.0,256,20,0,128,0,5.0,10.0,67.1914218996251,10580.398579933051,0.0,0.0,0.0,
pd,mppi_direct,300.0,1800.0,0.1,0.15,5.0,inf,10.0,10.0,10,100.0,inf,full,both,inf,180.0,0.01,0.0,0.0,256,20,3,0.5,0.1,0.99,10.0,256,20,0,128,0,5.0,25.6165956520025,67.20333252518802,19169.67492560041,0.0,0.0,0.0,
pd,mppi_direct,300.0,1800.0,0.1,0.2,5.0,1.25,10.0,10.0,10,100.0,inf,full,both,inf,180.0,0.01,0.0,0.0,256,20,3,0.5,0.1,0.99,10.0,256,20,0,128,128,2.7749981334636096,1.25,9.682029123530407,9.6820291235304,0.0,0.0,1.0,580.0
pd,mppi_direct,300.0,1800.0,0.1,0.2,5.0,2.5,10.0,10.0,10,100.0,inf,full,both,inf,180.0,0.01,0.0,0.0,256,20,3,0.5,0.1,0.99,10.0,256,20,0,128,94,4.830882213180761,2.5,15.871438203609,209.96669058118985,0.0,0.0,0.734375,850.0
pd,mppi_direct,300.0,1800.0,0.1,0.2,5.0,3.75,10.0,10.0,10,100.0,inf,full,both,inf,180.0,0.01,0.0,0.0,256,20,3,0.5,0.1,0.99,10.0,256,20,0,128,0,5.0,3.75,99.54547399151076,1472.329258582773,0.0,0.0,0.0,
pd,mppi_direct,300.0,1800.0,0.1,0.2,5.0,4.5,10.0,10.0,10,100.0,inf,full,both,inf,180.0,0.01,0.0,0.0,256,20,3,0.5,0.1,0.99,10.0,256,20,0,128,0,5.0,4.5,103.73237005619087,2797.654518288017,0.0,0.0,0.0,
pd,mppi_direct,300.0,1800.0,0.1,0.2,5.0,5.0,10.0,10.0,10,100.0,inf,full,both,inf,180.0,0.01,0.0,0.0,256,20,3,0.5,0.1,0.99,10.0,256,20,0,128,0,5.0,5.0,100.17322323990707,3729.6472845572575,0.0,0.0,0.0,
pd,mppi_direct,300.0,1800.0,0.1,0.2,5.0,5.5,10.0,10.0,10,100.0,inf,full,both,inf,180.0,0.01,0.0,0.0,256,20,3,0.5,0.1,0.99,10.0,256,20,0,128,0,5.0,5.5,98.62570388624688,4608.832576849839,0.0,0.0,0.0,
pd,mppi_direct,300.0,1800.0,0.1,0.2,5.0,6.25,10.0,10.0,10,100.0,inf,full,both,inf,180.0,0.01,0.0,0.0,256,20,3,0.5,0.1,0.99,10.0,256,20,0,128,0,5.0,6.25,99.873555962104,5959.67427926215,0.0,0.0,0.0,
pd,mppi_direct,300.0,1800.0,0.1,0.2,5.0,7.5,10.0,10.0,10,100.0,inf,full,both,inf,180.0,0.01,0.0,0.0,256,20,3,0.5,0.1,0.99,10.0,256,20,0,128,0,5.0,7.5,100.10565867350688,8013.925739809311,0.0,0.0,0.0,
pd,mppi_direct,300.0,1800.0,0.1,0.2,5.0,10.0,10.0,10.0,10,100.0,inf,full,both,inf,180.0,0.01,0.0,0.0,256,20,3,0.5,0.1,0.99,10.0,256,20,0,128,0,5.0,10.0,99.97590529988564,11976.119449922164,0.0,0.0,0.0,
pd,mppi_direct,300.0,1800.0,0.1,0.2,5.0,inf,10.0,10.0,10,100.0,inf,full,both,inf,180.0,0.01,0.0,0.0,256,20,3,0.5,0.1,0.99,10.0,256,20,0,128,0,5.0,34.22379828542766,100.66489656529892,28001.08953010043,0.0,0.0,0.0,
pd,mppi_lqr,300.0,1800.0,0.1,0.025,5.0,1.25,10.0,10.0,10,100.0,inf,full,both,inf,180.0,0.01,0.0,0.0,256,20,3,0.5,0.1,0.99,10.0,256,20,0,128,128,2.587888683608944,1.25,9.677253942813786,9.677253942813785,0.0,0.0,1.0,860.0
pd,mppi_lqr,300.0,1800.0,0.1,0.025,5.0,2.5,10.0,10.0,10,100.0,inf,full,both,inf,180.0,0.01,0.0,0.0,256,20,3,0.5,0.1,0.99,10.0,256,20,0,128,128,3.674138348828255,2.5,9.69984770073314,9.699847700733145,0.0,0.0,1.0,1405.0
pd,mppi_lqr,300.0,1800.0,0.1,0.025,5.0,3.75,10.0,10.0,10,100.0,inf,full,both,inf,180.0,0.01,0.0,0.0,256,20,3,0.5,0.1,0.99,10.0,256,20,0,128,0,4.7911505239779,3.7471049417215023,19.07644334216312,21.28626117790813,0.0,0.0,0.0,
pd,mppi_lqr,300.0,1800.0,0.1,0.025,5.0,4.5,10.0,10.0,10,100.0,inf,full,both,inf,180.0,0.01,0.0,0.0,256,20,3,0.5,0.1,0.99,10.0,256,20,0,128,0,4.811733113713791,3.843373846329901,19.021518419340275,20.31068899278725,0.0,0.0,0.0,
pd,mppi_lqr,300.0,1800.0,0.1,0.025,5.0,5.0,10.0,10.0,10,100.0,inf,full,both,inf,180.0,0.01,0.0,0.0,256,20,3,0.5,0.1,0.99,10.0,256,20,0,128,0,4.810265777065957,3.8441813050931,18.84069984757572,20.06372290121444,0.0,0.0,0.0,
pd,mppi_lqr,300.0,1800.0,0.1,0.025,5.0,5.5,10.0,10.0,10,100.0,inf,full,both,inf,180.0,0.01,0.0,0.0,256,20,3,0.5,0.1,0.99,10.0,256,20,0,128,0,4.810286781275085,3.8442289070265536,18.84045391191392,20.06442988505992,0.0,0.0,0.0,
pd,mppi_lqr,300.0,1800.0,0.1,0.025,5.0,6.25,10.0,10.0,10,100.0,inf,full,both,inf,180.0,0.01,0.0,0.0,256,20,3,0.5,0.1,0.99,10.0,256,20,0,128,0,4.810286781275085,3.8442289070265536,18.84045391191392,20.06442988505992,0.0,0.0,0.0,
pd,mppi_lqr,300.0,1800.0,0.1,0.025,5.0,7.5,10.0,10.0,10,100.0,inf,full,both,inf,180.0,0.01,0.0,0.0,256,20,3,0.5,0.1,0.99,10.0,256,20,0,128,0,4.810286781275085,3.8442289070265536,18.84045391191392,20.06442988505992,0.0,0.0,0.0,
pd,mppi_lqr,300.0,1800.0,0.1,0.025,5.0,10.0,10.0,10.0,10,100.0,inf,full,both,inf,180.0,0.01,0.0,0.0,256,20,3,0.5,0.1,0.99,10.0,256,20,0,128,0,4.810286781275085,3.8442289070265536,18.84045391191392,20.06442988505992,0.0,0.0,0.0,
pd,mppi_lqr,300.0,1800.0,0.1,0.025,5.0,inf,10.0,10.0,10,100.0,inf,full,both,inf,180.0,0.01,0.0,0.0,256,20,3,0.5,0.1,0.99,10.0,256,20,0,128,0,4.810286781275085,3.8442289070265536,18.84045391191392,20.06442988505992,0.0,0.0,0.0,
pd,mppi_lqr,300.0,1800.0,0.1,0.05,5.0,1.25,10.0,10.0,10,100.0,inf,full,both,inf,180.0,0.01,0.0,0.0,256,20,3,0.5,0.1,0.99,10.0,256,20,0,128,128,2.8263006824666075,1.25,9.645452221030698,9.645452221030704,0.0,0.0,1.0,690.0
pd,mppi_lqr,300.0,1800.0,0.1,0.05,5.0,2.5,10.0,10.0,10,100.0,inf,full,both,inf,180.0,0.01,0.0,0.0,256,20,3,0.5,0.1,0.99,10.0,256,20,0,128,128,3.4474225857361507,2.5,9.660137339866443,9.660137339866454,0.0,0.0,1.0,910.0
pd,mppi_lqr,300.0,1800.0,0.1,0.05,5.0,3.75,10.0,10.0,10,100.0,inf,full,both,inf,180.0,0.01,0.0,0.0,256,20,3,0.5,0.1,0.99,10.0,256,20,0,128,127,4.523200787187226,3.75,9.872762455772166,11.2611763391937,0.0,0.0,0.9921875,1150.0
pd,mppi_lqr,300.0,1800.0,0.1,0.05,5.0,4.5,10.0,10.0,10,100.0,inf,full,both,inf,180.0,0.01,0.0,0.0,256,20,3,0.5,0.1,0.99,10.0,256,20,0,128,41,4.966216972649112,4.5,25.565405208241987,304.89936108835974,0.0,0.0,0.3203125,1290.0
pd,mppi_lqr,300.0,1800.0,0.1,0.05,5.0,5.0,10.0,10.0,10,100.0,inf,full,both,inf,180.0,0.01,0.0,0.0,256,20,3,0.5,0.1,0.99,10.0,256,20,0,128,5,4.999450030752215,5.0,34.16601151256384,656.0647787898464,0.0,0.0,0.0390625,1380.0
pd,mppi_lqr,300.0,1800.0,0.1,0.05,5.0,5.5,10.0,10.0,10,100.0,inf,full,both,inf,180.0,0.01,0.0,0.0,256,20,3,0.5,0.1,0.99,10.0,256,20,0,128,0,5.0,5.5,36.65482485771663,969.5775805746244,0.0,0.0,0.0,
pd,mppi_lqr,300.0,1800.0,0.1,0.05,5.0,6.25,10.0,10.0,10,100.0,inf,full,both,inf,180.0,0.01,0.0,0.0,256,20,3,0.5,0.1,0.99,10.0,256,20,0,128,0,5.0,6.25,36.05636067418271,1353.0768039361922,0.0,0.0,0.0,
pd,mppi_lqr,300.0,1800.0,0.1,0.05,5.0,7.5,10.0,10.0,10,100.0,inf,full,both,inf,180.0,0.01,0.0,0.0,256,20,3,0.5,0.1,0.99,10.0,256,20,0,128,0,5.0,7.5,36.079979893825936,1730.3253623828273,0.0,0.0,0.0,
pd,mppi_lqr,300.0,1800.0,0.1,0.05,5.0,10.0,10.0,10.0,10,100.0,inf,full,both,inf,180.0,0.01,0.0,0.0,256,20,3,0.5,0.1,0.99,10.0,256,20,0,128,0,5.0,8.40338992336318,36.080416736297735,1797.8450755587232,0.0,0.0,0.0,
pd,mppi_lqr,300.0,1800.0,0.1,0.05,5.0,inf,10.0,10.0,10,100.0,inf,full,both,inf,180.0,0.01,0.0,0.0,256,20,3,0.5,0.1,0.99,10.0,256,20,0,128,0,5.0,8.403509495345256,36.080416736297735,1797.804002379984,0.0,0.0,0.0,
pd,mppi_lqr,300.0,1800.0,0.1,0.075,5.0,1.25,10.0,10.0,10,100.0,inf,full,both,inf,180.0,0.01,0.0,0.0,256,20,3,0.5,0.1,0.99,10.0,256,20,0,128,128,3.365271129840544,1.25,9.647515843924678,9.64751584392468,0.0,0.0,1.0,710.0
pd,mppi_lqr,300.0,1800.0,0.1,0.075,5.0,2.5,10.0,10.0,10,100.0,inf,full,both,inf,180.0,0.01,0.0,0.0,256,20,3,0.5,0.1,0.99,10.0,256,20,0,128,122,4.107074646054976,2.5,9.934012544364432,28.667164191829333,0.0,0.0,0.953125,790.0
pd,mppi_lqr,300.0,1800.0,0.1,0.075,5.0,3.75,10.0,10.0,10,100.0,inf,full,both,inf,180.0,0.01,0.0,0.0,256,20,3,0.5,0.1,0.99,10.0,256,20,0,128,74,4.789793910059143,3.75,32.40676281452912,540.7183505009932,0.0,0.0,0.578125,930.0
pd,mppi_lqr,300.0,1800.0,0.1,0.075,5.0,4.5,10.0,10.0,10,100.0,inf,full,both,inf,180.0,0.01,0.0,0.0,256,20,3,0.5,0.1,0.99,10.0,256,20,0,128,19,4.985639013726776,4.5,51.42625631150324,1808.9950706308068,0.0,0.0,0.1484375,1020.0
pd,mppi_lqr,300.0,1800.0,0.1,0.075,5.0,5.0,10.0,10.0,10,100.0,inf,full,both,inf,180.0,0.01,0.0,0.0,256,20,3,0.5,0.1,0.99,10.0,256,20,0,128,0,5.0,5.0,57.907948770691135,2700.4357623936307,0.0,0.0,0.0,
pd,mppi_lqr,300.0,1800.0,0.1,0.075,5.0,5.5,10.0,10.0,10,100.0,inf,full,both,inf,180.0,0.01,0.0,0.0,256,20,3,0.5,0.1,0.99,10.0,256,20,0,128,0,5.0,5.5,57.61145059144,3286.7831736217995,0.0,0.0,0.0,
pd,mppi_lqr,300.0,1800.0,0.1,0.075,5.0,6.25,10.0,10.0,10,100.0,inf,full,both,inf,180.0,0.01,0.0,0.0,256,20,3,0.5,0.1,0.99,10.0,256,20,0,128,0,5.0,6.25,56.99695130374322,4084.667340445038,0.0,0.0,0.0,
pd,mppi_lqr,300.0,1800.0,0.1,0.075,5.0,7.5,10.0,10.0,10,100.0,inf,full,both,inf,180.0,0.01,0.0,0.0,256,20,3,0.5,0.1,0.99,10.0,256,20,0,128,0,5.0,7.5,56.856518857106,5200.985547947332,0.0,0.0,0.0,
pd,mppi_lqr,300.0,1800.0,0.1,0.075,5.0,10.0,10.0,10.0,10,100.0,inf,full,both,inf,180.0,0.01,0.0,0.0,256,20,3,0.5,0.1,0.99,10.0,256,20,0,128,0,5.0,10.0,56.894635816551904,6635.053880971274,0.0,0.0,0.0,
pd,mppi_lqr,300.0,1800.0,0.1,0.075,5.0,inf,10.0,10.0,10,100.0,inf,full,both,inf,180.0,0.01,0.0,0.0,256,20,3,0.5,0.1,0.99,10.0,256,20,0,128,0,5.0,12.834400122860693,56.894635816551904,7139.2640583300345,0.0,0.0,0.0,
pd,mppi_lqr,300.0,1800.0,0.1,0.09,5.0,1.25,10.0,10.0,10,100.0,inf,full,both,inf,180.0,0.01,0.0,0.0,256,20,3,0.5,0.1,0.99,10.0,256,20,0,128,128,3.469721168541348,1.25,9.659135128302042,9.659135128302042,0.0,0.0,1.0,720.0
pd,mppi_lqr,300.0,1800.0,0.1,0.09,5.0,2.5,10.0,10.0,10,100.0,inf,full,both,inf,180.0,0.01,0.0,0.0,256,20,3,0.5,0.1,0.99,10.0,256,20,0,128,107,4.741543817610268,2.5,11.634438744379995,82.62830548213887,0.0,0.0,0.8359375,840.0
pd,mppi_lqr,300.0,1800.0,0.1,0.09,5.0,3.75,10.0,10.0,10,100.0,inf,full,both,inf,180.0,0.01,0.0,0.0,256,20,3,0.5,0.1,0.99,10.0,256,20,0,128,9,4.969336554697225,3.75,155.50291655196943,1344.79928318844,0.0,0.0,0.0703125,860.0
pd,mppi_lqr,300.0,1800.0,0.1,0.09,5.0,4.5,10.0,10.0,10,100.0,inf,full,both,inf,180.0,0.01,0.0,0.0,256,20,3,0.5,0.1,0.99,10.0,256,20,0,128,3,4.999045400321949,4.5,159.1138803986176,2459.433241146493,0.0,0.0,0.0234375,950.0
pd,mppi_lqr,300.0,1800.0,0.1,0.09,5.0,5.0,10.0,10.0,10,100.0,inf,full,both,inf,180.0,0.01,0.0,0.0,256,20,3,0.5,0.1,0.99,10.0,256,20,0,128,0,5.0,5.0,157.55206310064193,3241.04463293127,0.0,0.0,0.0,
pd,mppi_lqr,300.0,1800.0,0.1,0.09,5.0,5.5,10.0,10.0,10,100.0,inf,full,both,inf,180.0,0.01,0.0,0.0,256,20,3,0.5,0.1,0.99,10.0,256,20,0,128,0,5.0,5.5,156.60931727256414,3931.98270324595,0.0,0.0,0.0,
pd,mppi_lqr,300.0,1800.0,0.1,0.09,5.0,6.25,10.0,10.0,10,100.0,inf,full,both,inf,180.0,0.01,0.0,0.0,256,20,3,0.5,0.1,0.99,10.0,256,20,0,128,0,5.0,6.25,154.1334990851972,4853.365933976051,0.0,0.0,0.0,
pd,mppi_lqr,300.0,1800.0,0.1,0.09,5.0,7.5,10.0,10.0,10,100.0,inf,full,both,inf,180.0,0.01,0.0,0.0,256,20,3,0.5,0.1,0.99,10.0,256,20,0,128,0,5.0,7.5,154.1384890192753,6193.738727147901,0.0,0.0,0.0,
pd,mppi_lqr,300.0,1800.0,0.1,0.09,5.0,10.0,10.0,10.0,10,100.0,inf,full,both,inf,180.0,0.01,0.0,0.0,256,20,3,0.5,0.1,0.99,10.0,256,20,0,128,0,5.0,10.0,154.1609051165718,8241.754089043061,0.0,0.0,0.0,
pd,mppi_lqr,300.0,1800.0,0.1,0.09,5.0,inf,10.0,10.0,10,100.0,inf,full,both,inf,180.0,0.01,0.0,0.0,256,20,3,0.5,0.1,0.99,10.0,256,20,0,128,0,5.0,15.451617505814047,154.1609051165718,9866.602894009004,0.0,0.0,0.0,
pd,mppi_lqr,300.0,1800.0,0.1,0.1,5.0,1.25,10.0,10.0,10,100.0,inf,full,both,inf,180.0,0.01,0.0,0.0,256,20,3,0.5,0.1,0.99,10.0,256,20,0,128,128,3.523212162458073,1.25,9.660254043989877,9.660254043989877,0.0,0.0,1.0,730.0
pd,mppi_lqr,300.0,1800.0,0.1,0.1,5.0,2.5,10.0,10.0,10,100.0,inf,full,both,inf,180.0,0.01,0.0,0.0,256,20,3,0.5,0.1,0.99,10.0,256,20,0,128,93,4.83465344344068,2.5,13.48451791459155,143.03114969997688,0.0,0.0,0.7265625,850.0
pd,mppi_lqr,300.0,1800.0,0.1,0.1,5.0,3.75,10.0,10.0,10,100.0,inf,full,both,inf,180.0,0.01,0.0,0.0,256,20,3,0.5,0.1,0.99,10.0,256,20,0,128,2,4.998545383028605,3.75,211.7006547968114,1383.8193312545077,0.0,0.0,0.015625,820.0
pd,mppi_lqr,300.0,1800.0,0.1,0.1,5.0,4.5,10.0,10.0,10,100.0,inf,full,both,inf,180.0,0.01,0.0,0.0,256,20,3,0.5,0.1,0.99,10.0,256,20,0,128,0,5.0,4.5,229.90324621435693,2347.292448901619,0.0,0.0,0.0,
pd,mppi_lqr,300.0,1800.0,0.1,0.1,5.0,5.0,10.0,10.0,10,100.0,inf,full,both,inf,180.0,0.01,0.0,0.0,256,20,3,0.5,0.1,0.99,10.0,256,20,0,128,0,5.0,5.0,225.49660830647312,3138.020275772291,0.0,0.0,0.0,
pd,mppi_lqr,300.0,1800.0,0.1,0.1,5.0,5.5,10.0,10.0,10,100.0,inf,full,both,inf,180.0,0.01,0.0,0.0,256,20,3,0.5,0.1,0.99,10.0,256,20,0,128,0,5.0,5.5,224.81279784361175,3898.6652412770313,0.0,0.0,0.0,
pd,mppi_lqr,300.0,1800.0,0.1,0.1,5.0,6.25,10.0,10.0,10,100.0,inf,full,both,inf,180.0,0.01,0.0,0.0,256,20,3,0.5,0.1,0.99,10.0,256,20,0,128,0,5.0,6.25,225.06632447543495,4994.732915692166,0.0,0.0,0.0,
pd,mppi_lqr,300.0,1800.0,0.1,0.1,5.0,7.5,10.0,10.0,10,100.0,inf,full,both,inf,180.0,0.01,0.0,0.0,256,20,3,0.5,0.1,0.99,10.0,256,20,0,128,0,5.0,7.5,224.71493076890368,6582.420446942562,0.0,0.0,0.0,
pd,mppi_lqr,300.0,1800.0,0.1,0.1,5.0,10.0,10.0,10.0,10,100.0,inf,full,both,inf,180.0,0.01,0.0,0.0,256,20,3,0.5,0.1,0.99,10.0,256,20,0,128,0,5.0,10.0,224.7727879350401,8993.781590297967,0.0,0.0,0.0,
pd,mppi_lqr,300.0,1800.0,0.1,0.1,5.0,inf,10.0,10.0,10,100.0,inf,full,both,inf,180.0,0.01,0.0,0.0,256,20,3,0.5,0.1,0.99,10.0,256,20,0,128,0,5.0,17.189563878994196,224.77233902510525,11614.50698072194,0.0,0.0,0.0,
pd,mppi_lqr,300.0,1800.0,0.1,0.11,5.0,1.25,10.0,10.0,10,100.0,inf,full,both,inf,180.0,0.01,0.0,0.0,256,20,3,0.5,0.1,0.99,10.0,256,20,0,128,128,3.563252255235741,1.25,9.679666368638266,9.679666368638266,0.0,0.0,1.0,730.0
pd,mppi_lqr,300.0,1800.0,0.1,0.11,5.0,2.5,10.0,10.0,10,100.0,inf,full,both,inf,180.0,0.01,0.0,0.0,256,20,3,0.5,0.1,0.99,10.0,256,20,0,128,66,4.898830563053411,2.5,15.955800622913715,239.04376770747143,0.0,0.0,0.515625,860.0
pd,mppi_lqr,300.0,1800.0,0.1,0.11,5.0,3.75,10.0,10.0,10,100.0,inf,full,both,inf,180.0,0.01,0.0,0.0,256,20,3,0.5,0.1,0.99,10.0,256,20,0,128,1,5.0,3.75,234.6176420588988,1405.0631948157554,0.0,0.0,0.0078125,750.0
pd,mppi_lqr,300.0,1800.0,0.1,0.11,5.0,4.5,10.0,10.0,10,100.0,inf,full,both,inf,180.0,0.01,0.0,0.0,256,20,3,0.5,0.1,0.99,10.0,256,20,0,128,0,5.0,4.5,270.2017435657842,2332.737309642215,0.0,0.0,0.0,
pd,mppi_lqr,300.0,1800.0,0.1,0.11,5.0,5.0,10.0,10.0,10,100.0,inf,full,both,inf,180.0,0.01,0.0,0.0,256,20,3,0.5,0.1,0.99,10.0,256,20,0,128,0,5.0,5.0,269.72449044904084,3188.7361314473183,0.0,0.0,0.0,
pd,mppi_lqr,300.0,1800.0,0.1,0.11,5.0,5.5,10.0,10.0,10,100.0,inf,full,both,inf,180.0,0.01,0.0,0.0,256,20,3,0.5,0.1,0.99,10.0,256,20,0,128,0,5.0,5.5,268.65787431282865,4032.570218082359,0.0,0.0,0.0,
pd,mppi_lqr,300.0,1800.0,0.1,0.11,5.0,6.25,10.0,10.0,10,100.0,inf,full,both,inf,180.0,0.01,0.0,0.0,256,20,3,0.5,0.1,0.99,10.0,256,20,0,128,0,5.0,6.25,268.5509242447791,5185.938562442302,0.0,0.0,0.0,
pd,mppi_lqr,300.0,1800.0,0.1,0.11,5.0,7.5,10.0,10.0,10,100.0,inf,full,both,inf,180.0,0.01,0.0,0.0,256,20,3,0.5,0.1,0.99,10.0,256,20,0,128,0,5.0,7.5,268.67440424552564,6961.642253531263,0.0,0.0,0.0,
pd,mppi_lqr,300.0,1800.0,0.1,0.11,5.0,10.0,10.0,10.0,10,100.0,inf,full,both,inf,180.0,0.01,0.0,0.0,256,20,3,0.5,0.1,0.99,10.0,256,20,0,128,0,5.0,10.0,268.5904052591814,9722.100707390706,0.0,0.0,0.0,
pd,mppi_lqr,300.0,1800.0,0.1,0.11,5.0,inf,10.0,10.0,10,100.0,inf,full,both,inf,180.0,0.01,0.0,0.0,256,20,3,0.5,0.1,0.99,10.0,256,20,0,128,0,5.0,18.923520307518963,268.5868791492693,13516.430462723143,0.0,0.0,0.0,
pd,mppi_lqr,300.0,1800.0,0.1,0.125,5.0,1.25,10.0,10.0,10,100.0,inf,full,both,inf,180.0,0.01,0.0,0.0,256,20,3,0.5,0.1,0.99,10.0,256,20,0,128,128,3.613907965334634,1.25,9.662748661442684,9.662748661442686,0.0,0.0,1.0,740.0
pd,mppi_lqr,300.0,1800.0,0.1,0.125,5.0,2.5,10.0,10.0,10,100.0,inf,full,both,inf,180.0,0.01,0.0,0.0,256,20,3,0.5,0.1,0.99,10.0,256,20,0,128,38,4.959577262564044,2.5,21.77074262409915,423.387483494699,0.0,0.0,0.296875,850.0
pd,mppi_lqr,300.0,1800.0,0.1,0.125,5.0,3.75,10.0,10.0,10,100.0,inf,full,both,inf,180.0,0.01,0.0,0.0,256,20,3,0.5,0.1,0.99,10.0,256,20,0,128,0,5.0,3.75,248.5664934455268,1463.1845013336765,0.0,0.0,0.0,
pd,mppi_lqr,300.0,1800.0,0.1,0.125,5.0,4.5,10.0,10.0,10,100.0,inf,full,both,inf,180.0,0.01,0.0,0.0,256,20,3,0.5,0.1,0.99,10.0,256,20,0,128,0,5.0,4.5,290.9463216013063,2331.79981647189,0.0,0.0,0.0,
pd,mppi_lqr,300.0,1800.0,0.1,0.125,5.0,5.0,10.0,10.0,10,100.0,inf,full,both,inf,180.0,0.01,0.0,0.0,256,20,3,0.5,0.1,0.99,10.0,256,20,0,128,0,5.0,5.0,292.2152263158848,3259.070420622164,0.0,0.0,0.0,
pd,mppi_lqr,300.0,1800.0,0.1,0.125,5.0,5.5,10.0,10.0,10,100.0,inf,full,both,inf,180.0,0.01,0.0,0.0,256,20,3,0.5,0.1,0.99,10.0,256,20,0,128,0,5.0,5.5,292.10884392291536,4186.257289880723,0.0,0.0,0.0,
pd,mppi_lqr,300.0,1800.0,0.1,0.125,5.0,6.25,10.0,10.0,10,100.0,inf,full,both,inf,180.0,0.01,0.0,0.0,256,20,3,0.5,0.1,0.99,10.0,256,20,0,128,0,5.0,6.25,291.6597615496158,5460.562799165296,0.0,0.0,0.0,
pd,mppi_lqr,300.0,1800.0,0.1,0.125,5.0,7.5,10.0,10.0,10,100.0,inf,full,both,inf,180.0,0.01,0.0,0.0,256,20,3,0.5,0.1,0.99,10.0,256,20,0,128,0,5.0,7.5,291.8454436503001,7407.022568109697,0.0,0.0,0.0,
pd,mppi_lqr,300.0,1800.0,0.1,0.125,5.0,10.0,10.0,10.0,10,100.0,inf,full,both,inf,180.0,0.01,0.0,0.0,256,20,3,0.5,0.1,0.99,10.0,256,20,0,128,0,5.0,10.0,291.8532890943874,10592.713266567289,0.0,0.0,0.0,
pd,mppi_lqr,300.0,1800.0,0.1,0.125,5.0,inf,10.0,10.0,10,100.0,inf,full,both,inf,180.0,0.01,0.0,0.0,256,20,3,0.5,0.1,0.99,10.0,256,20,0,128,0,5.0,21.496624801192645,291.8532766856788,16283.573711698164,0.0,0.0,0.0,
pd,mppi_lqr,300.0,1800.0,0.1,0.15,5.0,1.25,10.0,10.0,10,100.0,inf,full,both,inf,180.0,0.01,0.0,0.0,256,20,3,0.5,0.1,0.99,10.0,256,20,0,128,128,3.680358736708359,1.25,9.64724848644614,9.647248486446143,0.0,0.0,1.0,750.0
pd,mppi_lqr,300.0,1800.0,0.1,0.15,5.0,2.5,10.0,10.0,10,100.0,inf,full,both,inf,180.0,0.01,0.0,0.0,256,20,3,0.5,0.1,0.99,10.0,256,20,0,128,19,4.99378142973216,2.5,30.2085666435274,677.7083775234684,0.0,0.0,0.1484375,850.0
pd,mppi_lqr,300.0,1800.0,0.1,0.15,5.0,3.75,10.0,10.0,10,100.0,inf,full,both,inf,180.0,0.01,0.0,0.0,256,20,3,0.5,0.1,0.99,10.0,256,20,0,128,0,5.0,3.75,260.5636077329407,1577.370063129328,0.0,0.0,0.0,
pd,mppi_lqr,300.0,1800.0,0.1,0.15,5.0,4.5,10.0,10.0,10,100.0,inf,full,both,inf,180.0,0.01,0.0,0.0,256,20,3,0.5,0.1,0.99,10.0,256,20,0,128,0,5.0,4.5,293.8515744598856,2479.7941692529976,0.0,0.0,0.0,
pd,mppi_lqr,300.0,1800.0,0.1,0.15,5.0,5.0,10.0,10.0,10,100.0,inf,full,both,inf,180.0,0.01,0.0,0.0,256,20,3,0.5,0.1,0.99,10.0,256,20,0,128,0,5.0,5.0,296.9917579499189,3366.697442861441,0.0,0.0,0.0,
pd,mppi_lqr,300.0,1800.0,0.1,0.15,5.0,5.5,10.0,10.0,10,100.0,inf,full,both,inf,180.0,0.01,0.0,0.0,256,20,3,0.5,0.1,0.99,10.0,256,20,0,128,0,5.0,5.5,296.0020447806752,4260.951594703197,0.0,0.0,0.0,
pd,mppi_lqr,300.0,1800.0,0.1,0.15,5.0,6.25,10.0,10.0,10,100.0,inf,full,both,inf,180.0,0.01,0.0,0.0,256,20,3,0.5,0.1,0.99,10.0,256,20,0,128,0,5.0,6.25,295.91936033428124,5623.08237601101,0.0,0.0,0.0,
pd,mppi_lqr,300.0,1800.0,0.1,0.15,5.0,7.5,10.0,10.0,10,100.0,inf,full,both,inf,180.0,0.01,0.0,0.0,256,20,3,0.5,0.1,0.99,10.0,256,20,0,128,0,5.0,7.5,295.4912697112177,7793.562172171914,0.0,0.0,0.0,
pd,mppi_lqr,300.0,1800.0,0.1,0.15,5.0,10.0,10.0,10.0,10,100.0,inf,full,both,inf,180.0,0.01,0.0,0.0,256,20,3,0.5,0.1,0.99,10.0,256,20,0,128,0,5.0,10.0,295.4843153634898,11465.273913962152,0.0,0.0,0.0,
pd,mppi_lqr,300.0,1800.0,0.1,0.15,5.0,inf,10.0,10.0,10,100.0,inf,full,both,inf,180.0,0.01,0.0,0.0,256,20,3,0.5,0.1,0.99,10.0,256,20,0,128,0,5.0,25.778581904174438,295.4839295730395,20557.015555534566,0.0,0.0,0.0,
pd,mppi_lqr,300.0,1800.0,0.1,0.2,5.0,1.25,10.0,10.0,10,100.0,inf,full,both,inf,180.0,0.01,0.0,0.0,256,20,3,0.5,0.1,0.99,10.0,256,20,0,128,128,3.7755786707310897,1.25,9.652835872273275,9.652835872273275,0.0,0.0,1.0,760.0
pd,mppi_lqr,300.0,1800.0,0.1,0.2,5.0,2.5,10.0,10.0,10,100.0,inf,full,both,inf,180.0,0.01,0.0,0.0,256,20,3,0.5,0.1,0.99,10.0,256,20,0,128,12,5.0,2.5,43.75573754621139,1008.1188225128684,0.0,0.0,0.09375,800.0
pd,mppi_lqr,300.0,1800.0,0.1,0.2,5.0,3.75,10.0,10.0,10,100.0,inf,full,both,inf,180.0,0.01,0.0,0.0,256,20,3,0.5,0.1,0.99,10.0,256,20,0,128,0,5.0,3.75,257.40183549703244,1711.6987749914535,0.0,0.0,0.0,
pd,mppi_lqr,300.0,1800.0,0.1,0.2,5.0,4.5,10.0,10.0,10,100.0,inf,full,both,inf,180.0,0.01,0.0,0.0,256,20,3,0.5,0.1,0.99,10.0,256,20,0,128,0,5.0,4.5,289.36576137076435,2709.722772854045,0.0,0.0,0.0,
pd,mppi_lqr,300.0,1800.0,0.1,0.2,5.0,5.0,10.0,10.0,10,100.0,inf,full,both,inf,180.0,0.01,0.0,0.0,256,20,3,0.5,0.1,0.99,10.0,256,20,0,128,0,5.0,5.0,295.8821942522744,3671.068706116095,0.0,0.0,0.0,
pd,mppi_lqr,300.0,1800.0,0.1,0.2,5.0,5.5,10.0,10.0,10,100.0,inf,full,both,inf,180.0,0.01,0.0,0.0,256,20,3,0.5,0.1,0.99,10.0,256,20,0,128,0,5.0,5.5,292.49144669083427,4607.922631701106,0.0,0.0,0.0,
pd,mppi_lqr,300.0,1800.0,0.1,0.2,5.0,6.25,10.0,10.0,10,100.0,inf,full,both,inf,180.0,0.01,0.0,0.0,256,20,3,0.5,0.1,0.99,10.0,256,20,0,128,0,5.0,6.25,292.7840460958372,6135.502590804728,0.0,0.0,0.0,
pd,mppi_lqr,300.0,1800.0,0.1,0.2,5.0,7.5,10.0,10.0,10,100.0,inf,full,both,inf,180.0,0.01,0.0,0.0,256,20,3,0.5,0.1,0.99,10.0,256,20,0,128,0,5.0,7.5,293.38463130376954,8145.848220237076,0.0,0.0,0.0,
pd,mppi_lqr,300.0,1800.0,0.1,0.2,5.0,10.0,10.0,10.0,10,100.0,inf,full,both,inf,180.0,0.01,0.0,0.0,256,20,3,0.5,0.1,0.99,10.0,256,20,0,128,0,5.0,10.0,290.7148840955674,12658.834105924934,0.0,0.0,0.0,
pd,mppi_lqr,300.0,1800.0,0.1,0.2,5.0,inf,10.0,10.0,10,100.0,inf,full,both,inf,180.0,0.01,0.0,0.0,256,20,3,0.5,0.1,0.99,10.0,256,20,0,128,0,5.0,34.33005636270076,290.63248041815217,29295.27480551549,0.0,0.0,0.0,
pd,random,300.0,1800.0,0.1,0.025,5.0,1.25,10.0,10.0,10,100.0,inf,full,both,inf,180.0,0.01,0.0,0.0,256,20,3,0.5,0.1,0.99,10.0,256,20,0,128,128,2.2459024875555205,1.137217513313019,9.658508999811186,9.658508999811186,0.0,0.0,1.0,610.0
pd,random,300.0,1800.0,0.1,0.025,5.0,2.5,10.0,10.0,10,100.0,inf,full,both,inf,180.0,0.01,0.0,0.0,256,20,3,0.5,0.1,0.99,10.0,256,20,0,128,128,2.2458625147300832,1.1375623542807614,9.664540431706216,9.664540431706216,0.0,0.0,1.0,610.0
pd,random,300.0,1800.0,0.1,0.025,5.0,3.75,10.0,10.0,10,100.0,inf,full,both,inf,180.0,0.01,0.0,0.0,256,20,3,0.5,0.1,0.99,10.0,256,20,0,128,128,2.2458625147300832,1.1375623542807614,9.664540431706216,9.664540431706216,0.0,0.0,1.0,610.0
pd,random,300.0,1800.0,0.1,0.025,5.0,4.5,10.0,10.0,10,100.0,inf,full,both,inf,180.0,0.01,0.0,0.0,256,20,3,0.5,0.1,0.99,10.0,256,20,0,128,128,2.2458625147300832,1.1375623542807614,9.664540431706216,9.664540431706216,0.0,0.0,1.0,610.0
pd,random,300.0,1800.0,0.1,0.025,5.0,5.0,10.0,10.0,10,100.0,inf,full,both,inf,180.0,0.01,0.0,0.0,256,20,3,0.5,0.1,0.99,10.0,256,20,0,128,128,2.2458625147300832,1.1375623542807614,9.664540431706216,9.664540431706216,0.0,0.0,1.0,610.0
pd,random,300.0,1800.0,0.1,0.025,5.0,5.5,10.0,10.0,10,100.0,inf,full,both,inf,180.0,0.01,0.0,0.0,256,20,3,0.5,0.1,0.99,10.0,256,20,0,128,128,2.2458625147300832,1.1375623542807614,9.664540431706216,9.664540431706216,0.0,0.0,1.0,610.0
pd,random,300.0,1800.0,0.1,0.025,5.0,6.25,10.0,10.0,10,100.0,inf,full,both,inf,180.0,0.01,0.0,0.0,256,20,3,0.5,0.1,0.99,10.0,256,20,0,128,128,2.2458625147300832,1.1375623542807614,9.664540431706216,9.664540431706216,0.0,0.0,1.0,610.0
pd,random,300.0,1800.0,0.1,0.025,5.0,7.5,10.0,10.0,10,100.0,inf,full,both,inf,180.0,0.01,0.0,0.0,256,20,3,0.5,0.1,0.99,10.0,256,20,0,128,128,2.2458625147300832,1.1375623542807614,9.664540431706216,9.664540431706216,0.0,0.0,1.0,610.0
pd,random,300.0,1800.0,0.1,0.025,5.0,10.0,10.0,10.0,10,100.0,inf,full,both,inf,180.0,0.01,0.0,0.0,256,20,3,0.5,0.1,0.99,10.0,256,20,0,128,128,2.2458625147300832,1.1375623542807614,9.664540431706216,9.664540431706216,0.0,0.0,1.0,610.0
pd,random,300.0,1800.0,0.1,0.025,5.0,inf,10.0,10.0,10,100.0,inf,full,both,inf,180.0,0.01,0.0,0.0,256,20,3,0.5,0.1,0.99,10.0,256,20,0,128,128,2.2458625147300832,1.1375623542807614,9.664540431706216,9.664540431706216,0.0,0.0,1.0,610.0
pd,random,300.0,1800.0,0.1,0.05,5.0,1.25,10.0,10.0,10,100.0,inf,full,both,inf,180.0,0.01,0.0,0.0,256,20,3,0.5,0.1,0.99,10.0,256,20,0,128,128,2.2386807935534376,1.25,9.666264792417548,9.666264792417548,0.0,0.0,1.0,600.0
pd,random,300.0,1800.0,0.1,0.05,5.0,2.5,10.0,10.0,10,100.0,inf,full,both,inf,180.0,0.01,0.0,0.0,256,20,3,0.5,0.1,0.99,10.0,256,20,0,128,128,2.413641634013338,2.3122650414997774,9.6548405428323,9.654840542832302,0.0,0.0,1.0,620.0
pd,random,300.0,1800.0,0.1,0.05,5.0,3.75,10.0,10.0,10,100.0,inf,full,both,inf,180.0,0.01,0.0,0.0,256,20,3,0.5,0.1,0.99,10.0,256,20,0,128,128,2.4318972814698125,2.3921690517426053,9.63017116799932,9.63017116799932,0.0,0.0,1.0,620.0
pd,random,300.0,1800.0,0.1,0.05,5.0,4.5,10.0,10.0,10,100.0,inf,full,both,inf,180.0,0.01,0.0,0.0,256,20,3,0.5,0.1,0.99,10.0,256,20,0,128,128,2.431987235790112,2.3932009990646765,9.631738847134692,9.631738847134692,0.0,0.0,1.0,620.0
pd,random,300.0,1800.0,0.1,0.05,5.0,5.0,10.0,10.0,10,100.0,inf,full,both,inf,180.0,0.01,0.0,0.0,256,20,3,0.5,0.1,0.99,10.0,256,20,0,128,128,2.431987235790112,2.3932009990646765,9.631738847134692,9.631738847134692,0.0,0.0,1.0,620.0
pd,random,300.0,1800.0,0.1,0.05,5.0,5.5,10.0,10.0,10,100.0,inf,full,both,inf,180.0,0.01,0.0,0.0,256,20,3,0.5,0.1,0.99,10.0,256,20,0,128,128,2.431987235790112,2.3932009990646765,9.631738847134692,9.631738847134692,0.0,0.0,1.0,620.0
pd,random,300.0,1800.0,0.1,0.05,5.0,6.25,10.0,10.0,10,100.0,inf,full,both,inf,180.0,0.01,0.0,0.0,256,20,3,0.5,0.1,0.99,10.0,256,20,0,128,128,2.431987235790112,2.3932009990646765,9.631738847134692,9.631738847134692,0.0,0.0,1.0,620.0
pd,random,300.0,1800.0,0.1,0.05,5.0,7.5,10.0,10.0,10,100.0,inf,full,both,inf,180.0,0.01,0.0,0.0,256,20,3,0.5,0.1,0.99,10.0,256,20,0,128,128,2.431987235790112,2.3932009990646765,9.631738847134692,9.631738847134692,0.0,0.0,1.0,620.0
pd,random,300.0,1800.0,0.1,0.05,5.0,10.0,10.0,10.0,10,100.0,inf,full,both,inf,180.0,0.01,0.0,0.0,256,20,3,0.5,0.1,0.99,10.0,256,20,0,128,128,2.431987235790112,2.3932009990646765,9.631738847134692,9.631738847134692,0.0,0.0,1.0,620.0
pd,random,300.0,1800.0,0.1,0.05,5.0,inf,10.0,10.0,10,100.0,inf,full,both,inf,180.0,0.01,0.0,0.0,256,20,3,0.5,0.1,0.99,10.0,256,20,0,128,128,2.431987235790112,2.3932009990646765,9.631738847134692,9.631738847134692,0.0,0.0,1.0,620.0
pd,random,300.0,1800.0,0.1,0.075,5.0,1.25,10.0,10.0,10,100.0,inf,full,both,inf,180.0,0.01,0.0,0.0,256,20,3,0.5,0.1,0.99,10.0,256,20,0,128,128,2.248242529231247,1.25,9.659023921275542,9.659023921275542,0.0,0.0,1.0,600.0
pd,random,300.0,1800.0,0.1,0.075,5.0,2.5,10.0,10.0,10,100.0,inf,full,both,inf,180.0,0.01,0.0,0.0,256,20,3,0.5,0.1,0.99,10.0,256,20,0,128,128,2.412379942498531,2.5,9.647739349355126,9.647739349355128,0.0,0.0,1.0,610.0
pd,random,300.0,1800.0,0.1,0.075,5.0,3.75,10.0,10.0,10,100.0,inf,full,both,inf,180.0,0.01,0.0,0.0,256,20,3,0.5,0.1,0.99,10.0,256,20,0,128,128,2.661765080600443,3.507507221273178,9.640359488500728,9.640362037814636,0.0,0.0,1.0,640.0
pd,random,300.0,1800.0,0.1,0.075,5.0,4.5,10.0,10.0,10,100.0,inf,full,both,inf,180.0,0.01,0.0,0.0,256,20,3,0.5,0.1,0.99,10.0,256,20,0,128,128,2.7214092590139267,3.7269647684723184,9.589147224265073,9.58914977357898,0.0,0.0,1.0,640.0
pd,random,300.0,1800.0,0.1,0.075,5.0,5.0,10.0,10.0,10,100.0,inf,full,both,inf,180.0,0.01,0.0,0.0,256,20,3,0.5,0.1,0.99,10.0,256,20,0,128,128,2.7407383117527573,3.801446077032128,9.573460260853386,9.57346281016729,0.0,0.0,1.0,640.0
pd,random,300.0,1800.0,0.1,0.075,5.0,5.5,10.0,10.0,10,100.0,inf,full,both,inf,180.0,0.01,0.0,0.0,256,20,3,0.5,0.1,0.99,10.0,256,20,0,128,128,2.751481864684334,3.844163507005202,9.573172920221191,9.573175469535098,0.0,0.0,1.0,640.0
pd,random,300.0,1800.0,0.1,0.075,5.0,6.25,10.0,10.0,10,100.0,inf,full,both,inf,180.0,0.01,0.0,0.0,256,20,3,0.5,0.1,0.99,10.0,256,20,0,128,128,2.7587587504169826,3.873396402072448,9.560147540564005,9.56015008987791,0.0,0.0,1.0,640.0
pd,random,300.0,1800.0,0.1,0.075,5.0,7.5,10.0,10.0,10,100.0,inf,full,both,inf,180.0,0.01,0.0,0.0,256,20,3,0.5,0.1,0.99,10.0,256,20,0,128,128,2.7602391753668427,3.8802102266635465,9.565296812091091,9.565299361405,0.0,0.0,1.0,640.0
pd,random,300.0,1800.0,0.1,0.075,5.0,10.0,10.0,10.0,10,100.0,inf,full,both,inf,180.0,0.01,0.0,0.0,256,20,3,0.5,0.1,0.99,10.0,256,20,0,128,128,2.7602391753668427,3.8802102266635465,9.565296812091091,9.565299361405,0.0,0.0,1.0,640.0
pd,random,300.0,1800.0,0.1,0.075,5.0,inf,10.0,10.0,10,100.0,inf,full,both,inf,180.0,0.01,0.0,0.0,256,20,3,0.5,0.1,0.99,10.0,256,20,0,128,128,2.7602391753668427,3.8802102266635465,9.565296812091091,9.565299361405,0.0,0.0,1.0,640.0
pd,random,300.0,1800.0,0.1,0.09,5.0,1.25,10.0,10.0,10,100.0,inf,full,both,inf,180.0,0.01,0.0,0.0,256,20,3,0.5,0.1,0.99,10.0,256,20,0,128,128,2.2654066047689607,1.25,9.687676021814609,9.687676021814609,0.0,0.0,1.0,600.0
pd,random,300.0,1800.0,0.1,0.09,5.0,2.5,10.0,10.0,10,100.0,inf,full,both,inf,180.0,0.01,0.0,0.0,256,20,3,0.5,0.1,0.99,10.0,256,20,0,128,128,2.406524317977982,2.5,9.688462511206003,9.688462511206003,0.0,0.0,1.0,610.0
pd,random,300.0,1800.0,0.1,0.09,5.0,3.75,10.0,10.0,10,100.0,inf,full,both,inf,180.0,0.01,0.0,0.0,256,20,3,0.5,0.1,0.99,10.0,256,20,0,128,128,2.697867419783967,3.717098098947143,9.68660618358251,9.68660618358251,0.0,0.0,1.0,655.0
pd,random,300.0,1800.0,0.1,0.09,5.0,4.5,10.0,10.0,10,100.0,inf,full,both,inf,180.0,0.01,0.0,0.0,256,20,3,0.5,0.1,0.99,10.0,256,20,0,128,128,2.84408493701317,4.245873509498735,9.641919015323774,9.641923040418863,0.0,0.0,1.0,670.0
pd,random,300.0,1800.0,0.1,0.09,5.0,5.0,10.0,10.0,10,100.0,inf,full,both,inf,180.0,0.01,0.0,0.0,256,20,3,0.5,0.1,0.99,10.0,256,20,0,128,128,2.896103851025374,4.450218940407303,9.60779300193366,9.607797027028749,0.0,0.0,1.0,670.0
pd,random,300.0,1800.0,0.1,0.09,5.0,5.5,10.0,10.0,10,100.0,inf,full,both,inf,180.0,0.01,0.0,0.0,256,20,3,0.5,0.1,0.99,10.0,256,20,0,128,128,2.941035539097653,4.596606824184843,9.600482331572447,9.60048635666754,0.0,0.0,1.0,670.0
pd,random,300.0,1800.0,0.1,0.09,5.0,6.25,10.0,10.0,10,100.0,inf,full,both,inf,180.0,0.01,0.0,0.0,256,20,3,0.5,0.1,0.99,10.0,256,20,0,128,128,2.986070029792498,4.746751413802891,9.589470324699509,9.589474349794596,0.0,0.0,1.0,670.0
pd,random,300.0,1800.0,0.1,0.09,5.0,7.5,10.0,10.0,10,100.0,inf,full,both,inf,180.0,0.01,0.0,0.0,256,20,3,0.5,0.1,0.99,10.0,256,20,0,128,128,3.014412609780893,4.860911542044661,9.557288981924469,9.55729300701956,0.0,0.0,1.0,670.0
pd,random,300.0,1800.0,0.1,0.09,5.0,10.0,10.0,10.0,10,100.0,inf,full,both,inf,180.0,0.01,0.0,0.0,256,20,3,0.5,0.1,0.99,10.0,256,20,0,128,128,3.0190739689487205,4.884750411676094,9.547193811383517,9.547197836478606,0.0,0.0,1.0,670.0
pd,random,300.0,1800.0,0.1,0.09,5.0,inf,10.0,10.0,10,100.0,inf,full,both,inf,180.0,0.01,0.0,0.0,256,20,3,0.5,0.1,0.99,10.0,256,20,0,128,128,3.0190739689487205,4.884750411676094,9.547193811383517,9.547197836478606,0.0,0.0,1.0,670.0
pd,random,300.0,1800.0,0.1,0.1,5.0,1.25,10.0,10.0,10,100.0,inf,full,both,inf,180.0,0.01,0.0,0.0,256,20,3,0.5,0.1,0.99,10.0,256,20,0,128,128,2.274562952421459,1.25,9.646095415383144,9.646095415383142,0.0,0.0,1.0,600.0
pd,random,300.0,1800.0,0.1,0.1,5.0,2.5,10.0,10.0,10,100.0,inf,full,both,inf,180.0,0.01,0.0,0.0,256,20,3,0.5,0.1,0.99,10.0,256,20,0,128,128,2.407714221389592,2.5,9.67888007629418,9.67888007629418,0.0,0.0,1.0,610.0
pd,random,300.0,1800.0,0.1,0.1,5.0,3.75,10.0,10.0,10,100.0,inf,full,both,inf,180.0,0.01,0.0,0.0,256,20,3,0.5,0.1,0.99,10.0,256,20,0,128,128,2.680257046864484,3.743217913093481,9.647829986183252,9.64794975064564,0.0,0.0,1.0,640.0
pd,random,300.0,1800.0,0.1,0.1,5.0,4.5,10.0,10.0,10,100.0,inf,full,both,inf,180.0,0.01,0.0,0.0,256,20,3,0.5,0.1,0.99,10.0,256,20,0,128,128,2.8746894913682715,4.3975715798194495,9.644082322152505,9.644202086614891,0.0,0.0,1.0,690.0
pd,random,300.0,1800.0,0.1,0.1,5.0,5.0,10.0,10.0,10,100.0,inf,full,both,inf,180.0,0.01,0.0,0.0,256,20,3,0.5,0.1,0.99,10.0,256,20,0,128,128,2.9791948145012714,4.739169729569493,9.588525492379349,9.588645256841737,0.0,0.0,1.0,695.0
pd,random,300.0,1800.0,0.1,0.1,5.0,5.5,10.0,10.0,10,100.0,inf,full,both,inf,180.0,0.01,0.0,0.0,256,20,3,0.5,0.1,0.99,10.0,256,20,0,128,128,3.042243202150809,4.99599325467052,9.51881335608785,9.518933120550235,0.0,0.0,1.0,700.0
pd,random,300.0,1800.0,0.1,0.1,5.0,6.25,10.0,10.0,10,100.0,inf,full,both,inf,180.0,0.01,0.0,0.0,256,20,3,0.5,0.1,0.99,10.0,256,20,0,128,128,3.125163469114006,5.264452398366462,9.484088223854894,9.484207988317282,0.0,0.0,1.0,700.0
pd,random,300.0,1800.0,0.1,0.1,5.0,7.5,10.0,10.0,10,100.0,inf,full,both,inf,180.0,0.01,0.0,0.0,256,20,3,0.5,0.1,0.99,10.0,256,20,0,128,128,3.211294095576809,5.544469665856926,9.421224241052954,9.42134400551534,0.0,0.0,1.0,700.0
pd,random,300.0,1800.0,0.1,0.1,5.0,10.0,10.0,10.0,10,100.0,inf,full,both,inf,180.0,0.01,0.0,0.0,256,20,3,0.5,0.1,0.99,10.0,256,20,0,128,127,3.253228602755136,5.70504385551454,9.393369525326,10.546170736833933,0.0,0.0,0.9921875,700.0
pd,random,300.0,1800.0,0.1,0.1,5.0,inf,10.0,10.0,10,100.0,inf,full,both,inf,180.0,0.01,0.0,0.0,256,20,3,0.5,0.1,0.99,10.0,256,20,0,128,127,3.2534862400791784,5.739967305675124,9.395438973527895,11.170754884117692,0.0,0.0,0.9921875,700.0
pd,random,300.0,1800.0,0.1,0.11,5.0,1.25,10.0,10.0,10,100.0,inf,full,both,inf,180.0,0.01,0.0,0.0,256,20,3,0.5,0.1,0.99,10.0,256,20,0,128,128,2.282388792342352,1.25,9.694108209743268,9.694108209743268,0.0,0.0,1.0,600.0
pd,random,300.0,1800.0,0.1,0.11,5.0,2.5,10.0,10.0,10,100.0,inf,full,both,inf,180.0,0.01,0.0,0.0,256,20,3,0.5,0.1,0.99,10.0,256,20,0,128,128,2.4225777216495863,2.5,9.653353890138575,9.653353890138575,0.0,0.0,1.0,610.0
pd,random,300.0,1800.0,0.1,0.11,5.0,3.75,10.0,10.0,10,100.0,inf,full,both,inf,180.0,0.01,0.0,0.0,256,20,3,0.5,0.1,0.99,10.0,256,20,0,128,128,2.668896247866536,3.749691338019791,9.655065545494148,9.655065545494146,0.0,0.0,1.0,620.0
pd,random,300.0,1800.0,0.1,0.11,5.0,4.5,10.0,10.0,10,100.0,inf,full,both,inf,180.0,0.01,0.0,0.0,256,20,3,0.5,0.1,0.99,10.0,256,20,0,128,128,2.874798160478045,4.463053429795089,9.644337231543664,9.644337231543664,0.0,0.0,1.0,660.0
pd,random,300.0,1800.0,0.1,0.11,5.0,5.0,10.0,10.0,10,100.0,inf,full,both,inf,180.0,0.01,0.0,0.0,256,20,3,0.5,0.1,0.99,10.0,256,20,0,128,128,2.999964315618715,4.875082862376442,9.63535879657956,9.635358796579556,0.0,0.0,1.0,700.0
pd,random,300.0,1800.0,0.1,0.11,5.0,5.5,10.0,10.0,10,100.0,inf,full,both,inf,180.0,0.01,0.0,0.0,256,20,3,0.5,0.1,0.99,10.0,256,20,0,128,128,3.109149233112912,5.226067671583632,9.554159529926652,9.554159529926652,0.0,0.0,1.0,725.0
pd,random,300.0,1800.0,0.1,0.11,5.0,6.25,10.0,10.0,10,100.0,inf,full,both,inf,180.0,0.01,0.0,0.0,256,20,3,0.5,0.1,0.99,10.0,256,20,0,128,128,3.2220031647306477,5.618683064989384,9.490657910414942,9.490657910414944,0.0,0.0,1.0,710.0
pd,random,300.0,1800.0,0.1,0.11,5.0,7.5,10.0,10.0,10,100.0,inf,full,both,inf,180.0,0.01,0.0,0.0,256,20,3,0.5,0.1,0.99,10.0,256,20,0,128,128,3.3419090542879952,6.033929140529817,9.43141789725309,9.431428510503345,0.0,0.0,1.0,710.0
pd,random,300.0,1800.0,0.1,0.11,5.0,10.0,10.0,10.0,10,100.0,inf,full,both,inf,180.0,0.01,0.0,0.0,256,20,3,0.5,0.1,0.99,10.0,256,20,0,128,125,3.4412246308009165,6.393457522288915,9.399180311334709,11.834745798290603,0.0,0.0,0.9765625,700.0
pd,random,300.0,1800.0,0.1,0.11,5.0,inf,10.0,10.0,10,100.0,inf,full,both,inf,180.0,0.01,0.0,0.0,256,20,3,0.5,0.1,0.99,10.0,256,20,0,128,124,3.4451993160130367,6.573163043634066,9.395411756285814,19.354405587926788,0.0,0.0,0.96875,700.0
pd,random,300.0,1800.0,0.1,0.125,5.0,1.25,10.0,10.0,10,100.0,inf,full,both,inf,180.0,0.01,0.0,0.0,256,20,3,0.5,0.1,0.99,10.0,256,20,0,128,128,2.2870129372881984,1.25,9.665214749969538,9.665214749969538,0.0,0.0,1.0,600.0
pd,random,300.0,1800.0,0.1,0.125,5.0,2.5,10.0,10.0,10,100.0,inf,full,both,inf,180.0,0.01,0.0,0.0,256,20,3,0.5,0.1,0.99,10.0,256,20,0,128,128,2.418762931222431,2.5,9.65665664813286,9.656656648132858,0.0,0.0,1.0,610.0
pd,random,300.0,1800.0,0.1,0.125,5.0,3.75,10.0,10.0,10,100.0,inf,full,both,inf,180.0,0.01,0.0,0.0,256,20,3,0.5,0.1,0.99,10.0,256,20,0,128,128,2.660229742923282,3.75,9.675027032004618,9.675027032004618,0.0,0.0,1.0,620.0
pd,random,300.0,1800.0,0.1,0.125,5.0,4.5,10.0,10.0,10,100.0,inf,full,both,inf,180.0,0.01,0.0,0.0,256,20,3,0.5,0.1,0.99,10.0,256,20,0,128,128,2.852509554772847,4.492299897371427,9.64900031358252,9.650613114347127,0.0,0.0,1.0,640.0
pd,random,300.0,1800.0,0.1,0.125,5.0,5.0,10.0,10.0,10,100.0,inf,full,both,inf,180.0,0.01,0.0,0.0,256,20,3,0.5,0.1,0.99,10.0,256,20,0,128,128,2.9923819233971103,4.955040206564326,9.62744926644619,9.629062067210796,0.0,0.0,1.0,660.0
pd,random,300.0,1800.0,0.1,0.125,5.0,5.5,10.0,10.0,10,100.0,inf,full,both,inf,180.0,0.01,0.0,0.0,256,20,3,0.5,0.1,0.99,10.0,256,20,0,128,128,3.1209116104240557,5.374106759663785,9.6169714664908,9.618822837722242,0.0,0.0,1.0,705.0
pd,random,300.0,1800.0,0.1,0.125,5.0,6.25,10.0,10.0,10,100.0,inf,full,both,inf,180.0,0.01,0.0,0.0,256,20,3,0.5,0.1,0.99,10.0,256,20,0,128,128,3.297681043441904,5.931695454765201,9.58940884451466,9.591688737778831,0.0,0.0,1.0,750.0
pd,random,300.0,1800.0,0.1,0.125,5.0,7.5,10.0,10.0,10,100.0,inf,full,both,inf,180.0,0.01,0.0,0.0,256,20,3,0.5,0.1,0.99,10.0,256,20,0,128,128,3.5010098066724664,6.600002945071187,9.524879889194288,9.527159782458458,0.0,0.0,1.0,740.0
pd,random,300.0,1800.0,0.1,0.125,5.0,10.0,10.0,10.0,10,100.0,inf,full,both,inf,180.0,0.01,0.0,0.0,256,20,3,0.5,0.1,0.99,10.0,256,20,0,128,120,3.722348157166579,7.366145405280222,9.671982456844477,18.15730090779838,0.0,0.0,0.9375,710.0
pd,random,300.0,1800.0,0.1,0.125,5.0,inf,10.0,10.0,10,100.0,inf,full,both,inf,180.0,0.01,0.0,0.0,256,20,3,0.5,0.1,0.99,10.0,256,20,0,128,114,3.7412751058930818,8.201265618079018,9.71485172363402,41.76889088444164,0.0,0.0,0.890625,705.0
pd,random,300.0,1800.0,0.1,0.15,5.0,1.25,10.0,10.0,10,100.0,inf,full,both,inf,180.0,0.01,0.0,0.0,256,20,3,0.5,0.1,0.99,10.0,256,20,0,128,128,2.290505945272568,1.25,9.64854625991217,9.64854625991217,0.0,0.0,1.0,600.0
pd,random,300.0,1800.0,0.1,0.15,5.0,2.5,10.0,10.0,10,100.0,inf,full,both,inf,180.0,0.01,0.0,0.0,256,20,3,0.5,0.1,0.99,10.0,256,20,0,128,128,2.444453010435517,2.5,9.689620810468217,9.689620810468217,0.0,0.0,1.0,610.0
pd,random,300.0,1800.0,0.1,0.15,5.0,3.75,10.0,10.0,10,100.0,inf,full,both,inf,180.0,0.01,0.0,0.0,256,20,3,0.5,0.1,0.99,10.0,256,20,0,128,128,2.6718876908812064,3.75,9.679096721459215,9.679096721459214,0.0,0.0,1.0,620.0
pd,random,300.0,1800.0,0.1,0.15,5.0,4.5,10.0,10.0,10,100.0,inf,full,both,inf,180.0,0.01,0.0,0.0,256,20,3,0.5,0.1,0.99,10.0,256,20,0,128,128,2.8442539457662908,4.5,9.633663324448452,9.633663324448452,0.0,0.0,1.0,630.0
pd,random,300.0,1800.0,0.1,0.15,5.0,5.0,10.0,10.0,10,100.0,inf,full,both,inf,180.0,0.01,0.0,0.0,256,20,3,0.5,0.1,0.99,10.0,256,20,0,128,128,2.975872477765292,4.998531749452921,9.64559454899712,9.64559454899712,0.0,0.0,1.0,640.0
pd,random,300.0,1800.0,0.1,0.15,5.0,5.5,10.0,10.0,10,100.0,inf,full,both,inf,180.0,0.01,0.0,0.0,256,20,3,0.5,0.1,0.99,10.0,256,20,0,128,128,3.1195688954818284,5.47995918948664,9.586777357175617,9.586777357175611,0.0,0.0,1.0,660.0
pd,random,300.0,1800.0,0.1,0.15,5.0,6.25,10.0,10.0,10,100.0,inf,full,both,inf,180.0,0.01,0.0,0.0,256,20,3,0.5,0.1,0.99,10.0,256,20,0,128,128,3.323029744250687,6.150122643320225,9.603301645974405,9.603301645974408,0.0,0.0,1.0,710.0
pd,random,300.0,1800.0,0.1,0.15,5.0,7.5,10.0,10.0,10,100.0,inf,full,both,inf,180.0,0.01,0.0,0.0,256,20,3,0.5,0.1,0.99,10.0,256,20,0,128,128,3.6522422411098887,7.12966386337948,9.536712242648283,9.536712242648289,0.0,0.0,1.0,785.0
pd,random,300.0,1800.0,0.1,0.15,5.0,10.0,10.0,10.0,10,100.0,inf,full,both,inf,180.0,0.01,0.0,0.0,256,20,3,0.5,0.1,0.99,10.0,256,20,0,128,116,4.06226715136046,8.551394134172414,9.851699907460654,31.774847659463443,0.0,0.0,0.90625,795.0
pd,random,300.0,1800.0,0.1,0.15,5.0,inf,10.0,10.0,10,100.0,inf,full,both,inf,180.0,0.01,0.0,0.0,256,20,3,0.5,0.1,0.99,10.0,256,20,0,128,86,4.162665233323914,12.060270994530097,10.64908105627501,170.78534037104862,0.0,0.0,0.671875,700.0
pd,random,300.0,1800.0,0.1,0.2,5.0,1.25,10.0,10.0,10,100.0,inf,full,both,inf,180.0,0.01,0.0,0.0,256,20,3,0.5,0.1,0.99,10.0,256,20,0,128,128,2.299670966173207,1.25,9.654031046020677,9.65403104602068,0.0,0.0,1.0,600.0
pd,random,300.0,1800.0,0.1,0.2,5.0,2.5,10.0,10.0,10,100.0,inf,full,both,inf,180.0,0.01,0.0,0.0,256,20,3,0.5,0.1,0.99,10.0,256,20,0,128,128,2.4916463612532773,2.5,9.640896530638452,9.64089653063845,0.0,0.0,1.0,600.0
pd,random,300.0,1800.0,0.1,0.2,5.0,3.75,10.0,10.0,10,100.0,inf,full,both,inf,180.0,0.01,0.0,0.0,256,20,3,0.5,0.1,0.99,10.0,256,20,0,128,128,2.699076279771163,3.75,9.678296907208924,9.678296907208924,0.0,0.0,1.0,620.0
pd,random,300.0,1800.0,0.1,0.2,5.0,4.5,10.0,10.0,10,100.0,inf,full,both,inf,180.0,0.01,0.0,0.0,256,20,3,0.5,0.1,0.99,10.0,256,20,0,128,128,2.880919352979597,4.5,9.674168883821164,9.674168883821167,0.0,0.0,1.0,630.0
pd,random,300.0,1800.0,0.1,0.2,5.0,5.0,10.0,10.0,10,100.0,inf,full,both,inf,180.0,0.01,0.0,0.0,256,20,3,0.5,0.1,0.99,10.0,256,20,0,128,128,2.986742933000532,4.998852419869748,9.672535275788947,9.67253527578895,0.0,0.0,1.0,630.0
pd,random,300.0,1800.0,0.1,0.2,5.0,5.5,10.0,10.0,10,100.0,inf,full,both,inf,180.0,0.01,0.0,0.0,256,20,3,0.5,0.1,0.99,10.0,256,20,0,128,128,3.113732962418429,5.494946169869748,9.64298373483958,9.64298373483958,0.0,0.0,1.0,650.0
pd,random,300.0,1800.0,0.1,0.2,5.0,6.25,10.0,10.0,10,100.0,inf,full,both,inf,180.0,0.01,0.0,0.0,256,20,3,0.5,0.1,0.99,10.0,256,20,0,128,128,3.325574149392691,6.232456325366365,9.67404596391138,9.67404596391138,0.0,0.0,1.0,660.0
pd,random,300.0,1800.0,0.1,0.2,5.0,7.5,10.0,10.0,10,100.0,inf,full,both,inf,180.0,0.01,0.0,0.0,256,20,3,0.5,0.1,0.99,10.0,256,20,0,128,128,3.6711181106811375,7.421582478046228,9.579976629161973,9.579976629161964,0.0,0.0,1.0,710.0
pd,random,300.0,1800.0,0.1,0.2,5.0,10.0,10.0,10.0,10,100.0,inf,full,both,inf,180.0,0.01,0.0,0.0,256,20,3,0.5,0.1,0.99,10.0,256,20,0,128,111,4.352438106466567,9.553120980637177,10.913302415646845,56.131866474711366,0.0,0.0,0.8671875,840.0
pd,random,300.0,1800.0,0.1,0.2,5.0,inf,10.0,10.0,10,100.0,inf,full,both,inf,180.0,0.01,0.0,0.0,256,20,3,0.5,0.1,0.99,10.0,256,20,0,128,45,4.616583379821191,20.785458731631724,14.30419019280307,562.4160120092212,0.0,0.0,0.3515625,630.0
pd,transverse,300.0,1800.0,0.1,0.025,5.0,1.25,10.0,10.0,10,100.0,inf,full,both,inf,180.0,0.01,0.0,0.0,256,20,3,0.5,0.1,0.99,10.0,256,20,0,128,128,2.514114678206361,1.25,9.737220669395962,9.737220669395962,0.0,0.0,1.0,620.0
pd,transverse,300.0,1800.0,0.1,0.025,5.0,2.5,10.0,10.0,10,100.0,inf,full,both,inf,180.0,0.01,0.0,0.0,256,20,3,0.5,0.1,0.99,10.0,256,20,0,128,128,3.893058831447847,2.5,9.860812105945248,9.860812105945246,0.0,0.0,1.0,1060.0
pd,transverse,300.0,1800.0,0.1,0.025,5.0,3.75,10.0,10.0,10,100.0,inf,full,both,inf,180.0,0.01,0.0,0.0,256,20,3,0.5,0.1,0.99,10.0,256,20,0,128,0,5.0,3.75,10.741553709449938,89.22064017061385,0.0,0.0,0.0,
pd,transverse,300.0,1800.0,0.1,0.025,5.0,4.5,10.0,10.0,10,100.0,inf,full,both,inf,180.0,0.01,0.0,0.0,256,20,3,0.5,0.1,0.99,10.0,256,20,0,128,0,5.0,4.4999999999999964,10.741553709449938,139.1905819897524,0.0,0.0,0.0,
pd,transverse,300.0,1800.0,0.1,0.025,5.0,5.0,10.0,10.0,10,100.0,inf,full,both,inf,180.0,0.01,0.0,0.0,256,20,3,0.5,0.1,0.99,10.0,256,20,0,128,0,5.0,4.4999999999999964,10.741553709449938,139.1905819897524,0.0,0.0,0.0,
pd,transverse,300.0,1800.0,0.1,0.025,5.0,5.5,10.0,10.0,10,100.0,inf,full,both,inf,180.0,0.01,0.0,0.0,256,20,3,0.5,0.1,0.99,10.0,256,20,0,128,0,5.0,4.4999999999999964,10.741553709449938,139.1905819897524,0.0,0.0,0.0,
pd,transverse,300.0,1800.0,0.1,0.025,5.0,6.25,10.0,10.0,10,100.0,inf,full,both,inf,180.0,0.01,0.0,0.0,256,20,3,0.5,0.1,0.99,10.0,256,20,0,128,0,5.0,4.4999999999999964,10.741553709449938,139.1905819897524,0.0,0.0,0.0,
pd,transverse,300.0,1800.0,0.1,0.025,5.0,7.5,10.0,10.0,10,100.0,inf,full,both,inf,180.0,0.01,0.0,0.0,256,20,3,0.5,0.1,0.99,10.0,256,20,0,128,0,5.0,4.4999999999999964,10.741553709449938,139.1905819897524,0.0,0.0,0.0,
pd,transverse,300.0,1800.0,0.1,0.025,5.0,10.0,10.0,10.0,10,100.0,inf,full,both,inf,180.0,0.01,0.0,0.0,256,20,3,0.5,0.1,0.99,10.0,256,20,0,128,0,5.0,4.4999999999999964,10.741553709449938,139.1905819897524,0.0,0.0,0.0,
pd,transverse,300.0,1800.0,0.1,0.025,5.0,inf,10.0,10.0,10,100.0,inf,full,both,inf,180.0,0.01,0.0,0.0,256,20,3,0.5,0.1,0.99,10.0,256,20,0,128,0,5.0,4.4999999999999964,10.741553709449938,139.1905819897524,0.0,0.0,0.0,
pd,transverse,300.0,1800.0,0.1,0.05,5.0,1.25,10.0,10.0,10,100.0,inf,full,both,inf,180.0,0.01,0.0,0.0,256,20,3,0.5,0.1,0.99,10.0,256,20,0,128,128,2.576863031758239,1.25,9.654479655711754,9.654479655711755,0.0,0.0,1.0,590.0
pd,transverse,300.0,1800.0,0.1,0.05,5.0,2.5,10.0,10.0,10,100.0,inf,full,both,inf,180.0,0.01,0.0,0.0,256,20,3,0.5,0.1,0.99,10.0,256,20,0,128,128,3.709620186700639,2.5,9.639819708679424,9.639819708679422,0.0,0.0,1.0,710.0
pd,transverse,300.0,1800.0,0.1,0.05,5.0,3.75,10.0,10.0,10,100.0,inf,full,both,inf,180.0,0.01,0.0,0.0,256,20,3,0.5,0.1,0.99,10.0,256,20,0,128,46,4.996696893192666,3.75,15.29979946204082,82.92968830690504,0.0,0.0,0.359375,950.0
pd,transverse,300.0,1800.0,0.1,0.05,5.0,4.5,10.0,10.0,10,100.0,inf,full,both,inf,180.0,0.01,0.0,0.0,256,20,3,0.5,0.1,0.99,10.0,256,20,0,128,0,5.0,4.5,21.920055105926927,772.9885893395879,0.0,0.0,0.0,
pd,transverse,300.0,1800.0,0.1,0.05,5.0,5.0,10.0,10.0,10,100.0,inf,full,both,inf,180.0,0.01,0.0,0.0,256,20,3,0.5,0.1,0.99,10.0,256,20,0,128,0,5.0,5.0,21.920055105926927,986.7294325900432,0.0,0.0,0.0,
pd,transverse,300.0,1800.0,0.1,0.05,5.0,5.5,10.0,10.0,10,100.0,inf,full,both,inf,180.0,0.01,0.0,0.0,256,20,3,0.5,0.1,0.99,10.0,256,20,0,128,0,5.0,5.5,21.920055105926927,1153.270376435413,0.0,0.0,0.0,
pd,transverse,300.0,1800.0,0.1,0.05,5.0,6.25,10.0,10.0,10,100.0,inf,full,both,inf,180.0,0.01,0.0,0.0,256,20,3,0.5,0.1,0.99,10.0,256,20,0,128,0,5.0,6.25,21.920055105926927,1351.4196615548688,0.0,0.0,0.0,
pd,transverse,300.0,1800.0,0.1,0.05,5.0,7.5,10.0,10.0,10,100.0,inf,full,both,inf,180.0,0.01,0.0,0.0,256,20,3,0.5,0.1,0.99,10.0,256,20,0,128,0,5.0,7.5,21.920055105926927,1540.2426164942754,0.0,0.0,0.0,
pd,transverse,300.0,1800.0,0.1,0.05,5.0,10.0,10.0,10.0,10,100.0,inf,full,both,inf,180.0,0.01,0.0,0.0,256,20,3,0.5,0.1,0.99,10.0,256,20,0,128,0,5.0,8.999999999999993,21.920055105926927,1586.0718865199983,0.0,0.0,0.0,
pd,transverse,300.0,1800.0,0.1,0.05,5.0,inf,10.0,10.0,10,100.0,inf,full,both,inf,180.0,0.01,0.0,0.0,256,20,3,0.5,0.1,0.99,10.0,256,20,0,128,0,5.0,8.999999999999993,21.920055105926927,1586.0718865199983,0.0,0.0,0.0,
pd,transverse,300.0,1800.0,0.1,0.075,5.0,1.25,10.0,10.0,10,100.0,inf,full,both,inf,180.0,0.01,0.0,0.0,256,20,3,0.5,0.1,0.99,10.0,256,20,0,128,128,2.7057552100293747,1.25,9.639733996392753,9.639733996392756,0.0,0.0,1.0,600.0
pd,transverse,300.0,1800.0,0.1,0.075,5.0,2.5,10.0,10.0,10,100.0,inf,full,both,inf,180.0,0.01,0.0,0.0,256,20,3,0.5,0.1,0.99,10.0,256,20,0,128,128,3.691006479710519,2.5,9.644271868493783,9.644271868493782,0.0,0.0,1.0,630.0
pd,transverse,300.0,1800.0,0.1,0.075,5.0,3.75,10.0,10.0,10,100.0,inf,full,both,inf,180.0,0.01,0.0,0.0,256,20,3,0.5,0.1,0.99,10.0,256,20,0,128,102,4.990025556075,3.75,10.968959791556204,38.20138108831522,0.0,0.0,0.796875,760.0
pd,transverse,300.0,1800.0,0.1,0.075,5.0,4.5,10.0,10.0,10,100.0,inf,full,both,inf,180.0,0.01,0.0,0.0,256,20,3,0.5,0.1,0.99,10.0,256,20,0,128,0,5.0,4.5,35.05312346792011,1011.6126589905384,0.0,0.0,0.0,
pd,transverse,300.0,1800.0,0.1,0.075,5.0,5.0,10.0,10.0,10,100.0,inf,full,both,inf,180.0,0.01,0.0,0.0,256,20,3,0.5,0.1,0.99,10.0,256,20,0,128,0,5.0,5.0,35.05312346792011,1488.4964446881809,0.0,0.0,0.0,
pd,transverse,300.0,1800.0,0.1,0.075,5.0,5.5,10.0,10.0,10,100.0,inf,full,both,inf,180.0,0.01,0.0,0.0,256,20,3,0.5,0.1,0.99,10.0,256,20,0,128,0,5.0,5.5,35.05312346792011,1844.223589270172,0.0,0.0,0.0,
pd,transverse,300.0,1800.0,0.1,0.075,5.0,6.25,10.0,10.0,10,100.0,inf,full,both,inf,180.0,0.01,0.0,0.0,256,20,3,0.5,0.1,0.99,10.0,256,20,0,128,0,5.0,6.25,35.05312346792011,2291.229416595543,0.0,0.0,0.0,
pd,transverse,300.0,1800.0,0.1,0.075,5.0,7.5,10.0,10.0,10,100.0,inf,full,both,inf,180.0,0.01,0.0,0.0,256,20,3,0.5,0.1,0.99,10.0,256,20,0,128,0,5.0,7.5,35.05312346792011,2858.2306627627904,0.0,0.0,0.0,
pd,transverse,300.0,1800.0,0.1,0.075,5.0,10.0,10.0,10.0,10,100.0,inf,full,both,inf,180.0,0.01,0.0,0.0,256,20,3,0.5,0.1,0.99,10.0,256,20,0,128,0,5.0,10.0,35.05312346792011,3453.427134800352,0.0,0.0,0.0,
pd,transverse,300.0,1800.0,0.1,0.075,5.0,inf,10.0,10.0,10,100.0,inf,full,both,inf,180.0,0.01,0.0,0.0,256,20,3,0.5,0.1,0.99,10.0,256,20,0,128,0,5.0,13.49999999999996,35.05312346792011,3621.607234732922,0.0,0.0,0.0,
pd,transverse,300.0,1800.0,0.1,0.09,5.0,1.25,10.0,10.0,10,100.0,inf,full,both,inf,180.0,0.01,0.0,0.0,256,20,3,0.5,0.1,0.99,10.0,256,20,0,128,128,2.7176238874817065,1.25,9.65780930839688,9.657809308396883,0.0,0.0,1.0,600.0
pd,transverse,300.0,1800.0,0.1,0.09,5.0,2.5,10.0,10.0,10,100.0,inf,full,both,inf,180.0,0.01,0.0,0.0,256,20,3,0.5,0.1,0.99,10.0,256,20,0,128,128,3.791855474024948,2.5,9.676636229651214,9.676636229651232,0.0,0.0,1.0,635.0
pd,transverse,300.0,1800.0,0.1,0.09,5.0,3.75,10.0,10.0,10,100.0,inf,full,both,inf,180.0,0.01,0.0,0.0,256,20,3,0.5,0.1,0.99,10.0,256,20,0,128,41,4.990649769337039,3.75,22.66525113278284,176.75839234604524,0.0,0.0,0.3203125,750.0
pd,transverse,300.0,1800.0,0.1,0.09,5.0,4.5,10.0,10.0,10,100.0,inf,full,both,inf,180.0,0.01,0.0,0.0,256,20,3,0.5,0.1,0.99,10.0,256,20,0,128,0,5.0,4.5,67.27432402776455,1060.8753916029368,0.0,0.0,0.0,
pd,transverse,300.0,1800.0,0.1,0.09,5.0,5.0,10.0,10.0,10,100.0,inf,full,both,inf,180.0,0.01,0.0,0.0,256,20,3,0.5,0.1,0.99,10.0,256,20,0,128,0,5.0,5.0,67.29995644674202,1732.805164947193,0.0,0.0,0.0,
pd,transverse,300.0,1800.0,0.1,0.09,5.0,5.5,10.0,10.0,10,100.0,inf,full,both,inf,180.0,0.01,0.0,0.0,256,20,3,0.5,0.1,0.99,10.0,256,20,0,128,0,5.0,5.5,67.29995644674202,2262.0282206598904,0.0,0.0,0.0,
pd,transverse,300.0,1800.0,0.1,0.09,5.0,6.25,10.0,10.0,10,100.0,inf,full,both,inf,180.0,0.01,0.0,0.0,256,20,3,0.5,0.1,0.99,10.0,256,20,0,128,0,5.0,6.25,67.29995644674202,2858.4339195006773,0.0,0.0,0.0,
pd,transverse,300.0,1800.0,0.1,0.09,5.0,7.5,10.0,10.0,10,100.0,inf,full,both,inf,180.0,0.01,0.0,0.0,256,20,3,0.5,0.1,0.99,10.0,256,20,0,128,0,5.0,7.5,67.29995644674202,3604.14978132746,0.0,0.0,0.0,
pd,transverse,300.0,1800.0,0.1,0.09,5.0,10.0,10.0,10.0,10,100.0,inf,full,both,inf,180.0,0.01,0.0,0.0,256,20,3,0.5,0.1,0.99,10.0,256,20,0,128,0,5.0,10.0,67.29995644674202,4546.252599235873,0.0,0.0,0.0,
pd,transverse,300.0,1800.0,0.1,0.09,5.0,inf,10.0,10.0,10,100.0,inf,full,both,inf,180.0,0.01,0.0,0.0,256,20,3,0.5,0.1,0.99,10.0,256,20,0,128,0,5.0,16.19999999999998,67.29995644674202,5114.949477537412,0.0,0.0,0.0,
pd,transverse,300.0,1800.0,0.1,0.1,5.0,1.25,10.0,10.0,10,100.0,inf,full,both,inf,180.0,0.01,0.0,0.0,256,20,3,0.5,0.1,0.99,10.0,256,20,0,128,128,2.7097966019570108,1.25,9.638019275702192,9.638019275702192,0.0,0.0,1.0,610.0
pd,transverse,300.0,1800.0,0.1,0.1,5.0,2.5,10.0,10.0,10,100.0,inf,full,both,inf,180.0,0.01,0.0,0.0,256,20,3,0.5,0.1,0.99,10.0,256,20,0,128,128,3.907386387047554,2.5,9.682675245969516,9.682675245969506,0.0,0.0,1.0,670.0
pd,transverse,300.0,1800.0,0.1,0.1,5.0,3.75,10.0,10.0,10,100.0,inf,full,both,inf,180.0,0.01,0.0,0.0,256,20,3,0.5,0.1,0.99,10.0,256,20,0,128,10,4.988379019619148,3.75,49.60829822679088,261.09290923113514,0.0,0.0,0.078125,790.0
pd,transverse,300.0,1800.0,0.1,0.1,5.0,4.5,10.0,10.0,10,100.0,inf,full,both,inf,180.0,0.01,0.0,0.0,256,20,3,0.5,0.1,0.99,10.0,256,20,0,128,0,5.0,4.5,96.50011997442289,1044.502484143348,0.0,0.0,0.0,
pd,transverse,300.0,1800.0,0.1,0.1,5.0,5.0,10.0,10.0,10,100.0,inf,full,both,inf,180.0,0.01,0.0,0.0,256,20,3,0.5,0.1,0.99,10.0,256,20,0,128,0,5.0,5.0,96.8525836647394,1727.6151974342995,0.0,0.0,0.0,
pd,transverse,300.0,1800.0,0.1,0.1,5.0,5.5,10.0,10.0,10,100.0,inf,full,both,inf,180.0,0.01,0.0,0.0,256,20,3,0.5,0.1,0.99,10.0,256,20,0,128,0,5.0,5.5,96.8525836647394,2355.163032816918,0.0,0.0,0.0,
pd,transverse,300.0,1800.0,0.1,0.1,5.0,6.25,10.0,10.0,10,100.0,inf,full,both,inf,180.0,0.01,0.0,0.0,256,20,3,0.5,0.1,0.99,10.0,256,20,0,128,0,5.0,6.25,96.8525836647394,3116.4135165941657,0.0,0.0,0.0,
pd,transverse,300.0,1800.0,0.1,0.1,5.0,7.5,10.0,10.0,10,100.0,inf,full,both,inf,180.0,0.01,0.0,0.0,256,20,3,0.5,0.1,0.99,10.0,256,20,0,128,0,5.0,7.5,96.8525836647394,4032.730975923999,0.0,0.0,0.0,
pd,transverse,300.0,1800.0,0.1,0.1,5.0,10.0,10.0,10.0,10,100.0,inf,full,both,inf,180.0,0.01,0.0,0.0,256,20,3,0.5,0.1,0.99,10.0,256,20,0,128,0,5.0,10.0,96.8525836647394,5207.536359864154,0.0,0.0,0.0,
pd,transverse,300.0,1800.0,0.1,0.1,5.0,inf,10.0,10.0,10,100.0,inf,full,both,inf,180.0,0.01,0.0,0.0,256,20,3,0.5,0.1,0.99,10.0,256,20,0,128,0,5.0,17.999999999999986,96.8525836647394,6168.903724283972,0.0,0.0,0.0,
pd,transverse,300.0,1800.0,0.1,0.11,5.0,1.25,10.0,10.0,10,100.0,inf,full,both,inf,180.0,0.01,0.0,0.0,256,20,3,0.5,0.1,0.99,10.0,256,20,0,128,128,2.70268481341194,1.25,9.655585948523765,9.655585948523772,0.0,0.0,1.0,610.0
pd,transverse,300.0,1800.0,0.1,0.11,5.0,2.5,10.0,10.0,10,100.0,inf,full,both,inf,180.0,0.01,0.0,0.0,256,20,3,0.5,0.1,0.99,10.0,256,20,0,128,128,3.9969421354488897,2.5,9.659293850951611,9.659293850951618,0.0,0.0,1.0,700.0
pd,transverse,300.0,1800.0,0.1,0.11,5.0,3.75,10.0,10.0,10,100.0,inf,full,both,inf,180.0,0.01,0.0,0.0,256,20,3,0.5,0.1,0.99,10.0,256,20,0,128,7,4.987119287527729,3.75,66.37083360427663,302.3906446733048,0.0,0.0,0.0546875,800.0
pd,transverse,300.0,1800.0,0.1,0.11,5.0,4.5,10.0,10.0,10,100.0,inf,full,both,inf,180.0,0.01,0.0,0.0,256,20,3,0.5,0.1,0.99,10.0,256,20,0,128,0,5.0,4.5,120.53690884809296,1042.7095868150154,0.0,0.0,0.0,
pd,transverse,300.0,1800.0,0.1,0.11,5.0,5.0,10.0,10.0,10,100.0,inf,full,both,inf,180.0,0.01,0.0,0.0,256,20,3,0.5,0.1,0.99,10.0,256,20,0,128,0,5.0,5.0,121.80249789681812,1714.0008663975573,0.0,0.0,0.0,
pd,transverse,300.0,1800.0,0.1,0.11,5.0,5.5,10.0,10.0,10,100.0,inf,full,both,inf,180.0,0.01,0.0,0.0,256,20,3,0.5,0.1,0.99,10.0,256,20,0,128,0,5.0,5.5,121.80249789681812,2351.6955666924805,0.0,0.0,0.0,
pd,transverse,300.0,1800.0,0.1,0.11,5.0,6.25,10.0,10.0,10,100.0,inf,full,both,inf,180.0,0.01,0.0,0.0,256,20,3,0.5,0.1,0.99,10.0,256,20,0,128,0,5.0,6.25,121.80249789681812,3209.4014805315364,0.0,0.0,0.0,
pd,transverse,300.0,1800.0,0.1,0.11,5.0,7.5,10.0,10.0,10,100.0,inf,full,both,inf,180.0,0.01,0.0,0.0,256,20,3,0.5,0.1,0.99,10.0,256,20,0,128,0,5.0,7.5,121.80249789681812,4299.895602677516,0.0,0.0,0.0,
pd,transverse,300.0,1800.0,0.1,0.11,5.0,10.0,10.0,10.0,10,100.0,inf,full,both,inf,180.0,0.01,0.0,0.0,256,20,3,0.5,0.1,0.99,10.0,256,20,0,128,0,5.0,10.0,121.80249789681812,5694.41958454914,0.0,0.0,0.0,
pd,transverse,300.0,1800.0,0.1,0.11,5.0,inf,10.0,10.0,10,100.0,inf,full,both,inf,180.0,0.01,0.0,0.0,256,20,3,0.5,0.1,0.99,10.0,256,20,0,128,0,5.0,19.79999999999995,121.80249789681812,7130.680177360399,0.0,0.0,0.0,
pd,transverse,300.0,1800.0,0.1,0.125,5.0,1.25,10.0,10.0,10,100.0,inf,full,both,inf,180.0,0.01,0.0,0.0,256,20,3,0.5,0.1,0.99,10.0,256,20,0,128,128,2.6967303693285447,1.25,9.660550520622364,9.660550520622358,0.0,0.0,1.0,610.0
pd,transverse,300.0,1800.0,0.1,0.125,5.0,2.5,10.0,10.0,10,100.0,inf,full,both,inf,180.0,0.01,0.0,0.0,256,20,3,0.5,0.1,0.99,10.0,256,20,0,128,128,4.09290266763725,2.5,9.674703491918708,9.674703491918724,0.0,0.0,1.0,730.0
pd,transverse,300.0,1800.0,0.1,0.125,5.0,3.75,10.0,10.0,10,100.0,inf,full,both,inf,180.0,0.01,0.0,0.0,256,20,3,0.5,0.1,0.99,10.0,256,20,0,128,5,4.985607640211536,3.75,75.95279595713458,379.39397720422926,0.0,0.0,0.0390625,800.0
pd,transverse,300.0,1800.0,0.1,0.125,5.0,4.5,10.0,10.0,10,100.0,inf,full,both,inf,180.0,0.01,0.0,0.0,256,20,3,0.5,0.1,0.99,10.0,256,20,0,128,1,5.0,4.5,149.05811637998607,1034.2331876712665,0.0,0.0,0.0078125,780.0
pd,transverse,300.0,1800.0,0.1,0.125,5.0,5.0,10.0,10.0,10,100.0,inf,full,both,inf,180.0,0.01,0.0,0.0,256,20,3,0.5,0.1,0.99,10.0,256,20,0,128,0,5.0,5.0,153.1637765183931,1723.1827114551088,0.0,0.0,0.0,
pd,transverse,300.0,1800.0,0.1,0.125,5.0,5.5,10.0,10.0,10,100.0,inf,full,both,inf,180.0,0.01,0.0,0.0,256,20,3,0.5,0.1,0.99,10.0,256,20,0,128,0,5.0,5.5,153.23732383400957,2369.57724124196,0.0,0.0,0.0,
pd,transverse,300.0,1800.0,0.1,0.125,5.0,6.25,10.0,10.0,10,100.0,inf,full,both,inf,180.0,0.01,0.0,0.0,256,20,3,0.5,0.1,0.99,10.0,256,20,0,128,0,5.0,6.25,153.23732383400957,3260.848686975594,0.0,0.0,0.0,
pd,transverse,300.0,1800.0,0.1,0.125,5.0,7.5,10.0,10.0,10,100.0,inf,full,both,inf,180.0,0.01,0.0,0.0,256,20,3,0.5,0.1,0.99,10.0,256,20,0,128,0,5.0,7.5,153.23732383400957,4532.444580184841,0.0,0.0,0.0,
pd,transverse,300.0,1800.0,0.1,0.125,5.0,10.0,10.0,10.0,10,100.0,inf,full,both,inf,180.0,0.01,0.0,0.0,256,20,3,0.5,0.1,0.99,10.0,256,20,0,128,0,5.0,10.0,153.23732383400957,6257.176664024633,0.0,0.0,0.0,
pd,transverse,300.0,1800.0,0.1,0.125,5.0,inf,10.0,10.0,10,100.0,inf,full,both,inf,180.0,0.01,0.0,0.0,256,20,3,0.5,0.1,0.99,10.0,256,20,0,128,0,5.0,22.5,153.23732383400957,8512.533766398117,0.0,0.0,0.0,
pd,transverse,300.0,1800.0,0.1,0.15,5.0,1.25,10.0,10.0,10,100.0,inf,full,both,inf,180.0,0.01,0.0,0.0,256,20,3,0.5,0.1,0.99,10.0,256,20,0,128,128,2.6913383125245693,1.25,9.650705328417327,9.650705328417333,0.0,0.0,1.0,620.0
pd,transverse,300.0,1800.0,0.1,0.15,5.0,2.5,10.0,10.0,10,100.0,inf,full,both,inf,180.0,0.01,0.0,0.0,256,20,3,0.5,0.1,0.99,10.0,256,20,0,128,128,4.197639509010998,2.5,9.658931177512336,9.658931177512338,0.0,0.0,1.0,760.0
pd,transverse,300.0,1800.0,0.1,0.15,5.0,3.75,10.0,10.0,10,100.0,inf,full,both,inf,180.0,0.01,0.0,0.0,256,20,3,0.5,0.1,0.99,10.0,256,20,0,128,5,4.984580671142102,3.75,77.75711180478702,530.2726023363766,0.0,0.0,0.0390625,840.0
pd,transverse,300.0,1800.0,0.1,0.15,5.0,4.5,10.0,10.0,10,100.0,inf,full,both,inf,180.0,0.01,0.0,0.0,256,20,3,0.5,0.1,0.99,10.0,256,20,0,128,2,4.998453147412852,4.5,184.42817064813008,1001.5869000236568,0.0,0.0,0.015625,825.0
pd,transverse,300.0,1800.0,0.1,0.15,5.0,5.0,10.0,10.0,10,100.0,inf,full,both,inf,180.0,0.01,0.0,0.0,256,20,3,0.5,0.1,0.99,10.0,256,20,0,128,0,5.0,5.0,189.88469329617493,1734.4870881054442,0.0,0.0,0.0,
pd,transverse,300.0,1800.0,0.1,0.15,5.0,5.5,10.0,10.0,10,100.0,inf,full,both,inf,180.0,0.01,0.0,0.0,256,20,3,0.5,0.1,0.99,10.0,256,20,0,128,0,5.0,5.5,192.21661884138533,2428.916984635463,0.0,0.0,0.0,
pd,transverse,300.0,1800.0,0.1,0.15,5.0,6.25,10.0,10.0,10,100.0,inf,full,both,inf,180.0,0.01,0.0,0.0,256,20,3,0.5,0.1,0.99,10.0,256,20,0,128,0,5.0,6.25,192.21661884138533,3376.323765357777,0.0,0.0,0.0,
pd,transverse,300.0,1800.0,0.1,0.15,5.0,7.5,10.0,10.0,10,100.0,inf,full,both,inf,180.0,0.01,0.0,0.0,256,20,3,0.5,0.1,0.99,10.0,256,20,0,128,0,5.0,7.5,192.21661884138533,4749.505608956992,0.0,0.0,0.0,
pd,transverse,300.0,1800.0,0.1,0.15,5.0,10.0,10.0,10.0,10,100.0,inf,full,both,inf,180.0,0.01,0.0,0.0,256,20,3,0.5,0.1,0.99,10.0,256,20,0,128,0,5.0,10.0,192.21661884138533,6889.895879495237,0.0,0.0,0.0,
pd,transverse,300.0,1800.0,0.1,0.15,5.0,inf,10.0,10.0,10,100.0,inf,full,both,inf,180.0,0.01,0.0,0.0,256,20,3,0.5,0.1,0.99,10.0,256,20,0,128,0,5.0,26.99999999999992,192.21661884138533,10766.476948219746,0.0,0.0,0.0,
pd,transverse,300.0,1800.0,0.1,0.2,5.0,1.25,10.0,10.0,10,100.0,inf,full,both,inf,180.0,0.01,0.0,0.0,256,20,3,0.5,0.1,0.99,10.0,256,20,0,128,128,2.6915419036715016,1.25,9.698355375594062,9.698355375594064,0.0,0.0,1.0,625.0
pd,transverse,300.0,1800.0,0.1,0.2,5.0,2.5,10.0,10.0,10,100.0,inf,full,both,inf,180.0,0.01,0.0,0.0,256,20,3,0.5,0.1,0.99,10.0,256,20,0,128,127,4.3319173369273,2.5,9.695757830708471,13.333696435716485,0.0,0.0,0.9921875,790.0
pd,transverse,300.0,1800.0,0.1,0.2,5.0,3.75,10.0,10.0,10,100.0,inf,full,both,inf,180.0,0.01,0.0,0.0,256,20,3,0.5,0.1,0.99,10.0,256,20,0,128,4,4.992239338487047,3.75,79.78858001602683,784.15841338228,0.0,0.0,0.03125,850.0
pd,transverse,300.0,1800.0,0.1,0.2,5.0,4.5,10.0,10.0,10,100.0,inf,full,both,inf,180.0,0.01,0.0,0.0,256,20,3,0.5,0.1,0.99,10.0,256,20,0,128,2,4.999218665897359,4.5,226.74520933037715,951.1433120622868,0.0,0.0,0.015625,865.0
pd,transverse,300.0,1800.0,0.1,0.2,5.0,5.0,10.0,10.0,10,100.0,inf,full,both,inf,180.0,0.01,0.0,0.0,256,20,3,0.5,0.1,0.99,10.0,256,20,0,128,0,5.0,5.0,231.7523792050414,1761.2305621244436,0.0,0.0,0.0,
pd,transverse,300.0,1800.0,0.1,0.2,5.0,5.5,10.0,10.0,10,100.0,inf,full,both,inf,180.0,0.01,0.0,0.0,256,20,3,0.5,0.1,0.99,10.0,256,20,0,128,0,5.0,5.5,234.8455699201102,2546.334371216833,0.0,0.0,0.0,
pd,transverse,300.0,1800.0,0.1,0.2,5.0,6.25,10.0,10.0,10,100.0,inf,full,both,inf,180.0,0.01,0.0,0.0,256,20,3,0.5,0.1,0.99,10.0,256,20,0,128,0,5.0,6.25,237.785501760163,3627.600742909025,0.0,0.0,0.0,
pd,transverse,300.0,1800.0,0.1,0.2,5.0,7.5,10.0,10.0,10,100.0,inf,full,both,inf,180.0,0.01,0.0,0.0,256,20,3,0.5,0.1,0.99,10.0,256,20,0,128,0,5.0,7.5,237.785501760163,5189.798683286762,0.0,0.0,0.0,
pd,transverse,300.0,1800.0,0.1,0.2,5.0,10.0,10.0,10.0,10,100.0,inf,full,both,inf,180.0,0.01,0.0,0.0,256,20,3,0.5,0.1,0.99,10.0,256,20,0,128,0,5.0,10.0,237.785501760163,7709.677410053883,0.0,0.0,0.0,
pd,transverse,300.0,1800.0,0.1,0.2,5.0,inf,10.0,10.0,10,100.0,inf,full,both,inf,180.0,0.01,0.0,0.0,256,20,3,0.5,0.1,0.99,10.0,256,20,0,128,0,5.0,35.99999999999997,237.785501760163,15228.936697965984,0.0,0.0,0.0,
