pursuer,evader,separation_m,horizon_s,pursuer_cap_mps,evader_cap_mps,pursuer_budget_mps,evader_budget_mps,dt_s,capture_m,substeps,lookahead_s,capture_speed_mps,sensor,sensed,sensor_range_m,cone_half_angle_deg,noise_fraction,prior_sigma_m,prior_sigma_mps,planner_samples,planner_segments,planner_repeat,planner_noise,planner_temperature,planner_discount,planner_capture_bonus,planner_evader_samples,planner_evader_segments,planner_rollout_substeps,episodes,wins,pursuer_dv,evader_dv,closest_m,final_range_m,pursuer_detection_fraction,pursuer_mean_error_m,outcome,median_capture_time_s
coast,flee,300.0,1800.0,0.1,0.025,5.0,1.25,10.0,10.0,10,100.0,inf,cone,both,5000.0,10.0,0.01,30.0,0.01,256,20,3,0.5,0.1,0.99,10.0,256,20,0,128,0,0.0,1.25,300.0,3178.8127384616,0.808203125,161.45981397964576,0.0,
coast,flee,300.0,1800.0,0.1,0.025,5.0,2.5,10.0,10.0,10,100.0,inf,cone,both,5000.0,10.0,0.01,30.0,0.01,256,20,3,0.5,0.1,0.99,10.0,256,20,0,128,0,0.0,2.5,300.0,4559.560825042775,0.7756944444444445,233.75926752944005,0.0,
coast,flee,300.0,1800.0,0.1,0.025,5.0,3.75,10.0,10.0,10,100.0,inf,cone,both,5000.0,10.0,0.01,30.0,0.01,256,20,3,0.5,0.1,0.99,10.0,256,20,0,128,0,0.0,3.75,300.0,5252.109403540283,0.7596788194444445,266.0120977098315,0.0,
coast,flee,300.0,1800.0,0.1,0.025,5.0,4.5,10.0,10.0,10,100.0,inf,cone,both,5000.0,10.0,0.01,30.0,0.01,256,20,3,0.5,0.1,0.99,10.0,256,20,0,128,0,0.0,4.4999999999999964,300.0,5368.120105314988,0.7590711805555556,269.9737386287689,0.0,
coast,flee,300.0,1800.0,0.1,0.025,5.0,5.0,10.0,10.0,10,100.0,inf,cone,both,5000.0,10.0,0.01,30.0,0.01,256,20,3,0.5,0.1,0.99,10.0,256,20,0,128,0,0.0,4.4999999999999964,300.0,5368.120105314988,0.7590711805555556,269.9737386287689,0.0,
coast,flee,300.0,1800.0,0.1,0.025,5.0,5.5,10.0,10.0,10,100.0,inf,cone,both,5000.0,10.0,0.01,30.0,0.01,256,20,3,0.5,0.1,0.99,10.0,256,20,0,128,0,0.0,4.4999999999999964,300.0,5368.120105314988,0.7590711805555556,269.9737386287689,0.0,
coast,flee,300.0,1800.0,0.1,0.025,5.0,6.25,10.0,10.0,10,100.0,inf,cone,both,5000.0,10.0,0.01,30.0,0.01,256,20,3,0.5,0.1,0.99,10.0,256,20,0,128,0,0.0,4.4999999999999964,300.0,5368.120105314988,0.7590711805555556,269.9737386287689,0.0,
coast,flee,300.0,1800.0,0.1,0.025,5.0,7.5,10.0,10.0,10,100.0,inf,cone,both,5000.0,10.0,0.01,30.0,0.01,256,20,3,0.5,0.1,0.99,10.0,256,20,0,128,0,0.0,4.4999999999999964,300.0,5368.120105314988,0.7590711805555556,269.9737386287689,0.0,
coast,flee,300.0,1800.0,0.1,0.025,5.0,10.0,10.0,10.0,10,100.0,inf,cone,both,5000.0,10.0,0.01,30.0,0.01,256,20,3,0.5,0.1,0.99,10.0,256,20,0,128,0,0.0,4.4999999999999964,300.0,5368.120105314988,0.7590711805555556,269.9737386287689,0.0,
coast,flee,300.0,1800.0,0.1,0.025,5.0,inf,10.0,10.0,10,100.0,inf,cone,both,5000.0,10.0,0.01,30.0,0.01,256,20,3,0.5,0.1,0.99,10.0,256,20,0,128,0,0.0,4.4999999999999964,300.0,5368.120105314988,0.7590711805555556,269.9737386287689,0.0,
coast,flee,300.0,1800.0,0.1,0.05,5.0,1.25,10.0,10.0,10,100.0,inf,cone,both,5000.0,10.0,0.01,30.0,0.01,256,20,3,0.5,0.1,0.99,10.0,256,20,0,128,0,0.0,1.25,300.0,3414.702235303988,0.8019097222222222,195.247948184861,0.0,
coast,flee,300.0,1800.0,0.1,0.05,5.0,2.5,10.0,10.0,10,100.0,inf,cone,both,5000.0,10.0,0.01,30.0,0.01,256,20,3,0.5,0.1,0.99,10.0,256,20,0,128,0,0.0,2.5,300.0,5455.272209234367,0.7404513888888888,349.16380449938464,0.0,
coast,flee,300.0,1800.0,0.1,0.05,5.0,3.75,10.0,10.0,10,100.0,inf,cone,both,5000.0,10.0,0.01,30.0,0.01,256,20,3,0.5,0.1,0.99,10.0,256,20,0,128,0,0.0,3.75,300.0,7045.461092299897,0.6825520833333334,442.4458082035628,0.0,
coast,flee,300.0,1800.0,0.1,0.05,5.0,4.5,10.0,10.0,10,100.0,inf,cone,both,5000.0,10.0,0.01,30.0,0.01,256,20,3,0.5,0.1,0.99,10.0,256,20,0,128,0,0.0,4.5,300.0,7807.278572538426,0.6530381944444444,481.6684907064836,0.0,
coast,flee,300.0,1800.0,0.1,0.05,5.0,5.0,10.0,10.0,10,100.0,inf,cone,both,5000.0,10.0,0.01,30.0,0.01,256,20,3,0.5,0.1,0.99,10.0,256,20,0,128,0,0.0,5.0,300.0,8242.7786822975,0.6340711805555556,500.5185725267661,0.0,
coast,flee,300.0,1800.0,0.1,0.05,5.0,5.5,10.0,10.0,10,100.0,inf,cone,both,5000.0,10.0,0.01,30.0,0.01,256,20,3,0.5,0.1,0.99,10.0,256,20,0,128,0,0.0,5.5,300.0,8623.710709352172,0.6185329861111111,520.675049905397,0.0,
coast,flee,300.0,1800.0,0.1,0.05,5.0,6.25,10.0,10.0,10,100.0,inf,cone,both,5000.0,10.0,0.01,30.0,0.01,256,20,3,0.5,0.1,0.99,10.0,256,20,0,128,0,0.0,6.25,300.0,9096.962141545357,0.6038628472222223,560.6723358202353,0.0,
coast,flee,300.0,1800.0,0.1,0.05,5.0,7.5,10.0,10.0,10,100.0,inf,cone,both,5000.0,10.0,0.01,30.0,0.01,256,20,3,0.5,0.1,0.99,10.0,256,20,0,128,0,0.0,7.5,300.0,9633.109431931513,0.5982638888888889,612.3327472042731,0.0,
coast,flee,300.0,1800.0,0.1,0.05,5.0,10.0,10.0,10.0,10,100.0,inf,cone,both,5000.0,10.0,0.01,30.0,0.01,256,20,3,0.5,0.1,0.99,10.0,256,20,0,128,0,0.0,8.999999999999993,300.0,9865.247325355596,0.5982638888888889,624.6766974099259,0.0,
coast,flee,300.0,1800.0,0.1,0.05,5.0,inf,10.0,10.0,10,100.0,inf,cone,both,5000.0,10.0,0.01,30.0,0.01,256,20,3,0.5,0.1,0.99,10.0,256,20,0,128,0,0.0,8.999999999999993,300.0,9865.247325355596,0.5982638888888889,624.6766974099259,0.0,
coast,flee,300.0,1800.0,0.1,0.075,5.0,1.25,10.0,10.0,10,100.0,inf,cone,both,5000.0,10.0,0.01,30.0,0.01,256,20,3,0.5,0.1,0.99,10.0,256,20,0,128,0,0.0,1.25,300.0,3498.7081618778097,0.7928385416666667,219.524050009674,0.0,
coast,flee,300.0,1800.0,0.1,0.075,5.0,2.5,10.0,10.0,10,100.0,inf,cone,both,5000.0,10.0,0.01,30.0,0.01,256,20,3,0.5,0.1,0.99,10.0,256,20,0,128,0,0.0,2.5,300.0,5800.402259774759,0.7220486111111111,406.8574847438337,0.0,
coast,flee,300.0,1800.0,0.1,0.075,5.0,3.75,10.0,10.0,10,100.0,inf,cone,both,5000.0,10.0,0.01,30.0,0.01,256,20,3,0.5,0.1,0.99,10.0,256,20,0,128,0,0.0,3.75,300.0,7776.313899495537,0.6456163194444444,546.4386763506945,0.0,
coast,flee,300.0,1800.0,0.1,0.075,5.0,4.5,10.0,10.0,10,100.0,inf,cone,both,5000.0,10.0,0.01,30.0,0.01,256,20,3,0.5,0.1,0.99,10.0,256,20,0,128,0,0.0,4.5,300.0,8811.464985887143,0.6000868055555556,612.197646361908,0.0,
coast,flee,300.0,1800.0,0.1,0.075,5.0,5.0,10.0,10.0,10,100.0,inf,cone,both,5000.0,10.0,0.01,30.0,0.01,256,20,3,0.5,0.1,0.99,10.0,256,20,0,128,0,0.0,5.0,300.0,9443.124774151886,0.5693576388888889,652.7794378659238,0.0,
coast,flee,300.0,1800.0,0.1,0.075,5.0,5.5,10.0,10.0,10,100.0,inf,cone,both,5000.0,10.0,0.01,30.0,0.01,256,20,3,0.5,0.1,0.99,10.0,256,20,0,128,0,0.0,5.5,300.0,10030.302774429734,0.5414496527777778,687.5625503401037,0.0,
coast,flee,300.0,1800.0,0.1,0.075,5.0,6.25,10.0,10.0,10,100.0,inf,cone,both,5000.0,10.0,0.01,30.0,0.01,256,20,3,0.5,0.1,0.99,10.0,256,20,0,128,0,0.0,6.25,300.0,10832.041110948308,0.514453125,733.2210682395272,0.0,
coast,flee,300.0,1800.0,0.1,0.075,5.0,7.5,10.0,10.0,10,100.0,inf,cone,both,5000.0,10.0,0.01,30.0,0.01,256,20,3,0.5,0.1,0.99,10.0,256,20,0,128,0,0.0,7.5,300.0,11971.36862790826,0.4940538194444444,817.250899037329,0.0,
coast,flee,300.0,1800.0,0.1,0.075,5.0,10.0,10.0,10.0,10,100.0,inf,cone,both,5000.0,10.0,0.01,30.0,0.01,256,20,3,0.5,0.1,0.99,10.0,256,20,0,128,0,0.0,10.0,300.0,13575.786836904002,0.489453125,1058.0437610598456,0.0,
coast,flee,300.0,1800.0,0.1,0.075,5.0,inf,10.0,10.0,10,100.0,inf,cone,both,5000.0,10.0,0.01,30.0,0.01,256,20,3,0.5,0.1,0.99,10.0,256,20,0,128,0,0.0,13.49999999999996,300.0,14408.696573317717,0.489453125,1128.4690436629432,0.0,
coast,flee,300.0,1800.0,0.1,0.09,5.0,1.25,10.0,10.0,10,100.0,inf,cone,both,5000.0,10.0,0.01,30.0,0.01,256,20,3,0.5,0.1,0.99,10.0,256,20,0,128,0,0.0,1.25,300.0,3527.1629255551748,0.7916666666666666,230.8999107862663,0.0,
coast,flee,300.0,1800.0,0.1,0.09,5.0,2.5,10.0,10.0,10,100.0,inf,cone,both,5000.0,10.0,0.01,30.0,0.01,256,20,3,0.5,0.1,0.99,10.0,256,20,0,128,0,0.0,2.5,300.0,5921.037787597725,0.7169704861111111,422.7032067128608,0.0,
coast,flee,300.0,1800.0,0.1,0.09,5.0,3.75,10.0,10.0,10,100.0,inf,cone,both,5000.0,10.0,0.01,30.0,0.01,256,20,3,0.5,0.1,0.99,10.0,256,20,0,128,0,0.0,3.75,300.0,8039.098799607552,0.6336805555555556,577.776771910167,0.0,
coast,flee,300.0,1800.0,0.1,0.09,5.0,4.5,10.0,10.0,10,100.0,inf,cone,both,5000.0,10.0,0.01,30.0,0.01,256,20,3,0.5,0.1,0.99,10.0,256,20,0,128,0,0.0,4.5,300.0,9177.562945479089,0.5831597222222222,657.5265937426105,0.0,
coast,flee,300.0,1800.0,0.1,0.09,5.0,5.0,10.0,10.0,10,100.0,inf,cone,both,5000.0,10.0,0.01,30.0,0.01,256,20,3,0.5,0.1,0.99,10.0,256,20,0,128,0,0.0,5.0,300.0,9884.377350810306,0.5480902777777777,705.186276916315,0.0,
coast,flee,300.0,1800.0,0.1,0.09,5.0,5.5,10.0,10.0,10,100.0,inf,cone,both,5000.0,10.0,0.01,30.0,0.01,256,20,3,0.5,0.1,0.99,10.0,256,20,0,128,0,0.0,5.5,300.0,10551.58605387148,0.5161458333333333,748.530647294742,0.0,
coast,flee,300.0,1800.0,0.1,0.09,5.0,6.25,10.0,10.0,10,100.0,inf,cone,both,5000.0,10.0,0.01,30.0,0.01,256,20,3,0.5,0.1,0.99,10.0,256,20,0,128,0,0.0,6.25,300.0,11480.544283201842,0.4854166666666666,803.7028733949137,0.0,
coast,flee,300.0,1800.0,0.1,0.09,5.0,7.5,10.0,10.0,10,100.0,inf,cone,both,5000.0,10.0,0.01,30.0,0.01,256,20,3,0.5,0.1,0.99,10.0,256,20,0,128,0,0.0,7.5,300.0,12848.706374355,0.4582465277777778,882.472913771047,0.0,
coast,flee,300.0,1800.0,0.1,0.09,5.0,10.0,10.0,10.0,10,100.0,inf,cone,both,5000.0,10.0,0.01,30.0,0.01,256,20,3,0.5,0.1,0.99,10.0,256,20,0,128,0,0.0,10.0,300.0,14975.081710630508,0.4473090277777777,1199.2764179094538,0.0,
coast,flee,300.0,1800.0,0.1,0.09,5.0,inf,10.0,10.0,10,100.0,inf,cone,both,5000.0,10.0,0.01,30.0,0.01,256,20,3,0.5,0.1,0.99,10.0,256,20,0,128,0,0.0,16.19999999999998,300.0,17142.8085849563,0.4473090277777777,1471.7549020628412,0.0,
coast,flee,300.0,1800.0,0.1,0.1,5.0,1.25,10.0,10.0,10,100.0,inf,cone,both,5000.0,10.0,0.01,30.0,0.01,256,20,3,0.5,0.1,0.99,10.0,256,20,0,128,0,0.0,1.25,300.0,3541.3846415575526,0.7915364583333333,233.32552315176608,0.0,
coast,flee,300.0,1800.0,0.1,0.1,5.0,2.5,10.0,10.0,10,100.0,inf,cone,both,5000.0,10.0,0.01,30.0,0.01,256,20,3,0.5,0.1,0.99,10.0,256,20,0,128,0,0.0,2.5,300.0,5982.325057530131,0.7144097222222222,430.917452955726,0.0,
coast,flee,300.0,1800.0,0.1,0.1,5.0,3.75,10.0,10.0,10,100.0,inf,cone,both,5000.0,10.0,0.01,30.0,0.01,256,20,3,0.5,0.1,0.99,10.0,256,20,0,128,0,0.0,3.75,300.0,8174.106699937048,0.6279947916666667,592.9388700065491,0.0,
coast,flee,300.0,1800.0,0.1,0.1,5.0,4.5,10.0,10.0,10,100.0,inf,cone,both,5000.0,10.0,0.01,30.0,0.01,256,20,3,0.5,0.1,0.99,10.0,256,20,0,128,0,0.0,4.5,300.0,9367.331568961006,0.5742621527777778,683.3520042681004,0.0,
coast,flee,300.0,1800.0,0.1,0.1,5.0,5.0,10.0,10.0,10,100.0,inf,cone,both,5000.0,10.0,0.01,30.0,0.01,256,20,3,0.5,0.1,0.99,10.0,256,20,0,128,0,0.0,5.0,300.0,10114.077725878033,0.5370659722222222,733.6354665923674,0.0,
coast,flee,300.0,1800.0,0.1,0.1,5.0,5.5,10.0,10.0,10,100.0,inf,cone,both,5000.0,10.0,0.01,30.0,0.01,256,20,3,0.5,0.1,0.99,10.0,256,20,0,128,0,0.0,5.5,300.0,10823.576380390134,0.503515625,780.8329024823759,0.0,
coast,flee,300.0,1800.0,0.1,0.1,5.0,6.25,10.0,10.0,10,100.0,inf,cone,both,5000.0,10.0,0.01,30.0,0.01,256,20,3,0.5,0.1,0.99,10.0,256,20,0,128,0,0.0,6.25,300.0,11820.35556309255,0.4708767361111111,845.6453329512563,0.0,
coast,flee,300.0,1800.0,0.1,0.1,5.0,7.5,10.0,10.0,10,100.0,inf,cone,both,5000.0,10.0,0.01,30.0,0.01,256,20,3,0.5,0.1,0.99,10.0,256,20,0,128,0,0.0,7.5,300.0,13312.171192842894,0.4404947916666666,935.5496741278688,0.0,
coast,flee,300.0,1800.0,0.1,0.1,5.0,10.0,10.0,10.0,10,100.0,inf,cone,both,5000.0,10.0,0.01,30.0,0.01,256,20,3,0.5,0.1,0.99,10.0,256,20,0,128,0,0.0,10.0,300.0,15716.794699042342,0.4247395833333333,1242.4950585428787,0.0,
coast,flee,300.0,1800.0,0.1,0.1,5.0,inf,10.0,10.0,10,100.0,inf,cone,both,5000.0,10.0,0.01,30.0,0.01,256,20,3,0.5,0.1,0.99,10.0,256,20,0,128,0,0.0,17.999999999999986,300.0,18968.14422154449,0.4247395833333333,1717.2067995066166,0.0,
coast,flee,300.0,1800.0,0.1,0.11,5.0,1.25,10.0,10.0,10,100.0,inf,cone,both,5000.0,10.0,0.01,30.0,0.01,256,20,3,0.5,0.1,0.99,10.0,256,20,0,128,0,0.0,1.25,300.0,3553.0874768802373,0.7912760416666667,235.3793933759053,0.0,
coast,flee,300.0,1800.0,0.1,0.11,5.0,2.5,10.0,10.0,10,100.0,inf,cone,both,5000.0,10.0,0.01,30.0,0.01,256,20,3,0.5,0.1,0.99,10.0,256,20,0,128,0,0.0,2.5,300.0,6032.81478145744,0.7121961805555556,437.3426893897264,0.0,
coast,flee,300.0,1800.0,0.1,0.11,5.0,3.75,10.0,10.0,10,100.0,inf,cone,both,5000.0,10.0,0.01,30.0,0.01,256,20,3,0.5,0.1,0.99,10.0,256,20,0,128,0,0.0,3.75,300.0,8285.92739830292,0.6230034722222222,607.9365555612302,0.0,
coast,flee,300.0,1800.0,0.1,0.11,5.0,4.5,10.0,10.0,10,100.0,inf,cone,both,5000.0,10.0,0.01,30.0,0.01,256,20,3,0.5,0.1,0.99,10.0,256,20,0,128,0,0.0,4.5,300.0,9525.674464544749,0.5675347222222222,701.7628948240325,0.0,
coast,flee,300.0,1800.0,0.1,0.11,5.0,5.0,10.0,10.0,10,100.0,inf,cone,both,5000.0,10.0,0.01,30.0,0.01,256,20,3,0.5,0.1,0.99,10.0,256,20,0,128,0,0.0,5.0,300.0,10305.882272618028,0.5282118055555556,757.7698771762018,0.0,
coast,flee,300.0,1800.0,0.1,0.11,5.0,5.5,10.0,10.0,10,100.0,inf,cone,both,5000.0,10.0,0.01,30.0,0.01,256,20,3,0.5,0.1,0.99,10.0,256,20,0,128,0,0.0,5.5,300.0,11051.5937547681,0.4932725694444444,810.1657451281815,0.0,
coast,flee,300.0,1800.0,0.1,0.11,5.0,6.25,10.0,10.0,10,100.0,inf,cone,both,5000.0,10.0,0.01,30.0,0.01,256,20,3,0.5,0.1,0.99,10.0,256,20,0,128,0,0.0,6.25,300.0,12106.415169352009,0.4586371527777778,881.2922076358698,0.0,
coast,flee,300.0,1800.0,0.1,0.11,5.0,7.5,10.0,10.0,10,100.0,inf,cone,both,5000.0,10.0,0.01,30.0,0.01,256,20,3,0.5,0.1,0.99,10.0,256,20,0,128,0,0.0,7.5,300.0,13704.10314912138,0.4260416666666666,981.841510971174,0.0,
coast,flee,300.0,1800.0,0.1,0.11,5.0,10.0,10.0,10.0,10,100.0,inf,cone,both,5000.0,10.0,0.01,30.0,0.01,256,20,3,0.5,0.1,0.99,10.0,256,20,0,128,0,0.0,10.0,300.0,16348.015700594322,0.4055555555555555,1261.051992588247,0.0,
coast,flee,300.0,1800.0,0.1,0.11,5.0,inf,10.0,10.0,10,100.0,inf,cone,both,5000.0,10.0,0.01,30.0,0.01,256,20,3,0.5,0.1,0.99,10.0,256,20,0,128,0,0.0,19.79999999999995,300.0,20795.79483285625,0.4051215277777777,1979.907216827254,0.0,
coast,flee,300.0,1800.0,0.1,0.125,5.0,1.25,10.0,10.0,10,100.0,inf,cone,both,5000.0,10.0,0.01,30.0,0.01,256,20,3,0.5,0.1,0.99,10.0,256,20,0,128,0,0.0,1.25,300.0,3567.559671363834,0.7908420138888889,237.82193720549213,0.0,
coast,flee,300.0,1800.0,0.1,0.125,5.0,2.5,10.0,10.0,10,100.0,inf,cone,both,5000.0,10.0,0.01,30.0,0.01,256,20,3,0.5,0.1,0.99,10.0,256,20,0,128,0,0.0,2.5,300.0,6094.643456269326,0.7094184027777778,446.1491744864185,0.0,
coast,flee,300.0,1800.0,0.1,0.125,5.0,3.75,10.0,10.0,10,100.0,inf,cone,both,5000.0,10.0,0.01,30.0,0.01,256,20,3,0.5,0.1,0.99,10.0,256,20,0,128,0,0.0,3.75,300.0,8422.359976636815,0.6172743055555555,627.0422424618306,0.0,
coast,flee,300.0,1800.0,0.1,0.125,5.0,4.5,10.0,10.0,10,100.0,inf,cone,both,5000.0,10.0,0.01,30.0,0.01,256,20,3,0.5,0.1,0.99,10.0,256,20,0,128,0,0.0,4.5,300.0,9718.663507672,0.5592013888888889,727.7748444031565,0.0,
coast,flee,300.0,1800.0,0.1,0.125,5.0,5.0,10.0,10.0,10,100.0,inf,cone,both,5000.0,10.0,0.01,30.0,0.01,256,20,3,0.5,0.1,0.99,10.0,256,20,0,128,0,0.0,5.0,300.0,10541.900108503498,0.5177083333333333,787.4131832805389,0.0,
coast,flee,300.0,1800.0,0.1,0.125,5.0,5.5,10.0,10.0,10,100.0,inf,cone,both,5000.0,10.0,0.01,30.0,0.01,256,20,3,0.5,0.1,0.99,10.0,256,20,0,128,0,0.0,5.5,300.0,11332.291521303086,0.4810329861111111,846.320626721172,0.0,
coast,flee,300.0,1800.0,0.1,0.125,5.0,6.25,10.0,10.0,10,100.0,inf,cone,both,5000.0,10.0,0.01,30.0,0.01,256,20,3,0.5,0.1,0.99,10.0,256,20,0,128,0,0.0,6.25,300.0,12459.611762574585,0.4447048611111111,926.0437224325603,0.0,
coast,flee,300.0,1800.0,0.1,0.125,5.0,7.5,10.0,10.0,10,100.0,inf,cone,both,5000.0,10.0,0.01,30.0,0.01,256,20,3,0.5,0.1,0.99,10.0,256,20,0,128,0,0.0,7.5,300.0,14190.39510520396,0.4084201388888889,1043.926235754534,0.0,
coast,flee,300.0,1800.0,0.1,0.125,5.0,10.0,10.0,10.0,10,100.0,inf,cone,both,5000.0,10.0,0.01,30.0,0.01,256,20,3,0.5,0.1,0.99,10.0,256,20,0,128,0,0.0,10.0,300.0,17138.050164861088,0.3817274305555556,1271.3368851614057,0.0,
coast,flee,300.0,1800.0,0.1,0.125,5.0,inf,10.0,10.0,10,100.0,inf,cone,both,5000.0,10.0,0.01,30.0,0.01,256,20,3,0.5,0.1,0.99,10.0,256,20,0,128,0,0.0,22.5,300.0,23537.87478360006,0.3799913194444444,2382.794921593101,0.0,
coast,flee,300.0,1800.0,0.1,0.15,5.0,1.25,10.0,10.0,10,100.0,inf,cone,both,5000.0,10.0,0.01,30.0,0.01,256,20,3,0.5,0.1,0.99,10.0,256,20,0,128,0,0.0,1.25,300.0,3586.1503198231826,0.7904079861111111,243.98405487354216,0.0,
coast,flee,300.0,1800.0,0.1,0.15,5.0,2.5,10.0,10.0,10,100.0,inf,cone,both,5000.0,10.0,0.01,30.0,0.01,256,20,3,0.5,0.1,0.99,10.0,256,20,0,128,0,0.0,2.5,300.0,6171.719643521337,0.6993489583333333,472.7680058042617,0.0,
coast,flee,300.0,1800.0,0.1,0.15,5.0,3.75,10.0,10.0,10,100.0,inf,cone,both,5000.0,10.0,0.01,30.0,0.01,256,20,3,0.5,0.1,0.99,10.0,256,20,0,128,0,0.0,3.75,300.0,8593.93335152473,0.6041232638888889,674.1473172480991,0.0,
coast,flee,300.0,1800.0,0.1,0.15,5.0,4.5,10.0,10.0,10,100.0,inf,cone,both,5000.0,10.0,0.01,30.0,0.01,256,20,3,0.5,0.1,0.99,10.0,256,20,0,128,0,0.0,4.5,300.0,9962.09482288643,0.5431857638888888,783.2082960444171,0.0,
coast,flee,300.0,1800.0,0.1,0.15,5.0,5.0,10.0,10.0,10,100.0,inf,cone,both,5000.0,10.0,0.01,30.0,0.01,256,20,3,0.5,0.1,0.99,10.0,256,20,0,128,0,0.0,5.0,300.0,10838.325017732535,0.4997395833333333,855.6839017794933,0.0,
coast,flee,300.0,1800.0,0.1,0.15,5.0,5.5,10.0,10.0,10,100.0,inf,cone,both,5000.0,10.0,0.01,30.0,0.01,256,20,3,0.5,0.1,0.99,10.0,256,20,0,128,0,0.0,5.5,300.0,11687.28299563314,0.4615885416666667,923.7985197730768,0.0,
coast,flee,300.0,1800.0,0.1,0.15,5.0,6.25,10.0,10.0,10,100.0,inf,cone,both,5000.0,10.0,0.01,30.0,0.01,256,20,3,0.5,0.1,0.99,10.0,256,20,0,128,0,0.0,6.25,300.0,12909.103695500124,0.4233072916666667,1022.4247805115866,0.0,
coast,flee,300.0,1800.0,0.1,0.15,5.0,7.5,10.0,10.0,10,100.0,inf,cone,both,5000.0,10.0,0.01,30.0,0.01,256,20,3,0.5,0.1,0.99,10.0,256,20,0,128,0,0.0,7.5,300.0,14812.752634350163,0.3835069444444444,1159.7191439978458,0.0,
coast,flee,300.0,1800.0,0.1,0.15,5.0,10.0,10.0,10.0,10,100.0,inf,cone,both,5000.0,10.0,0.01,30.0,0.01,256,20,3,0.5,0.1,0.99,10.0,256,20,0,128,0,0.0,10.0,300.0,18159.62210745092,0.3500434027777778,1387.0650968735483,0.0,
coast,flee,300.0,1800.0,0.1,0.15,5.0,inf,10.0,10.0,10,100.0,inf,cone,both,5000.0,10.0,0.01,30.0,0.01,256,20,3,0.5,0.1,0.99,10.0,256,20,0,128,0,0.0,26.99999999999992,300.0,28115.579634508616,0.3443142361111111,3169.8848188144434,0.0,
coast,flee,300.0,1800.0,0.1,0.2,5.0,1.25,10.0,10.0,10,100.0,inf,cone,both,5000.0,10.0,0.01,30.0,0.01,256,20,3,0.5,0.1,0.99,10.0,256,20,0,128,0,0.0,1.25,300.0,3607.5246696016743,0.7901475694444444,247.7193162928984,0.0,
coast,flee,300.0,1800.0,0.1,0.2,5.0,2.5,10.0,10.0,10,100.0,inf,cone,both,5000.0,10.0,0.01,30.0,0.01,256,20,3,0.5,0.1,0.99,10.0,256,20,0,128,0,0.0,2.5,300.0,6264.405009135272,0.7022569444444444,470.4378001174924,0.0,
coast,flee,300.0,1800.0,0.1,0.2,5.0,3.75,10.0,10.0,10,100.0,inf,cone,both,5000.0,10.0,0.01,30.0,0.01,256,20,3,0.5,0.1,0.99,10.0,256,20,0,128,0,0.0,3.75,300.0,8810.504919544666,0.60078125,684.8734615731657,0.0,
coast,flee,300.0,1800.0,0.1,0.2,5.0,4.5,10.0,10.0,10,100.0,inf,cone,both,5000.0,10.0,0.01,30.0,0.01,256,20,3,0.5,0.1,0.99,10.0,256,20,0,128,0,0.0,4.5,300.0,10270.67422089643,0.5355034722222223,804.0979843897995,0.0,
coast,flee,300.0,1800.0,0.1,0.2,5.0,5.0,10.0,10.0,10,100.0,inf,cone,both,5000.0,10.0,0.01,30.0,0.01,256,20,3,0.5,0.1,0.99,10.0,256,20,0,128,0,0.0,5.0,300.0,11217.204795675829,0.4882378472222222,880.3868455239103,0.0,
coast,flee,300.0,1800.0,0.1,0.2,5.0,5.5,10.0,10.0,10,100.0,inf,cone,both,5000.0,10.0,0.01,30.0,0.01,256,20,3,0.5,0.1,0.99,10.0,256,20,0,128,0,0.0,5.5,300.0,12141.65221239287,0.4473524305555555,962.5274257338046,0.0,
coast,flee,300.0,1800.0,0.1,0.2,5.0,6.25,10.0,10.0,10,100.0,inf,cone,both,5000.0,10.0,0.01,30.0,0.01,256,20,3,0.5,0.1,0.99,10.0,256,20,0,128,0,0.0,6.25,300.0,13487.844507544172,0.4052951388888889,1078.1717848555609,0.0,
coast,flee,300.0,1800.0,0.1,0.2,5.0,7.5,10.0,10.0,10,100.0,inf,cone,both,5000.0,10.0,0.01,30.0,0.01,256,20,3,0.5,0.1,0.99,10.0,256,20,0,128,0,0.0,7.5,300.0,15625.956549948747,0.3603732638888889,1234.9617392626506,0.0,
coast,flee,300.0,1800.0,0.1,0.2,5.0,10.0,10.0,10.0,10,100.0,inf,cone,both,5000.0,10.0,0.01,30.0,0.01,256,20,3,0.5,0.1,0.99,10.0,256,20,0,128,0,0.0,10.0,300.0,19520.408586192752,0.31640625,1498.6539793631498,0.0,
coast,flee,300.0,1800.0,0.1,0.2,5.0,inf,10.0,10.0,10,100.0,inf,cone,both,5000.0,10.0,0.01,30.0,0.01,256,20,3,0.5,0.1,0.99,10.0,256,20,0,128,0,0.0,35.99999999999997,300.0,37269.20004348119,0.300390625,4711.297111469768,0.0,
coast,coast,300.0,1800.0,0.1,0.025,5.0,1.25,10.0,10.0,10,100.0,inf,cone,both,5000.0,10.0,0.01,30.0,0.01,256,20,3,0.5,0.1,0.99,10.0,256,20,0,128,0,0.0,0.0,279.2097537529803,1196.4469384400647,0.8458767361111111,20.88672685055773,0.0,
coast,coast,300.0,1800.0,0.1,0.025,5.0,2.5,10.0,10.0,10,100.0,inf,cone,both,5000.0,10.0,0.01,30.0,0.01,256,20,3,0.5,0.1,0.99,10.0,256,20,0,128,0,0.0,0.0,279.2097537529803,1196.4469384400647,0.8458767361111111,20.88672685055773,0.0,
coast,coast,300.0,1800.0,0.1,0.025,5.0,3.75,10.0,10.0,10,100.0,inf,cone,both,5000.0,10.0,0.01,30.0,0.01,256,20,3,0.5,0.1,0.99,10.0,256,20,0,128,0,0.0,0.0,279.2097537529803,1196.4469384400647,0.8458767361111111,20.88672685055773,0.0,
coast,coast,300.0,1800.0,0.1,0.025,5.0,4.5,10.0,10.0,10,100.0,inf,cone,both,5000.0,10.0,0.01,30.0,0.01,256,20,3,0.5,0.1,0.99,10.0,256,20,0,128,0,0.0,0.0,279.2097537529803,1196.4469384400647,0.8458767361111111,20.88672685055773,0.0,
coast,coast,300.0,1800.0,0.1,0.025,5.0,5.0,10.0,10.0,10,100.0,inf,cone,both,5000.0,10.0,0.01,30.0,0.01,256,20,3,0.5,0.1,0.99,10.0,256,20,0,128,0,0.0,0.0,279.2097537529803,1196.4469384400647,0.8458767361111111,20.88672685055773,0.0,
coast,coast,300.0,1800.0,0.1,0.025,5.0,5.5,10.0,10.0,10,100.0,inf,cone,both,5000.0,10.0,0.01,30.0,0.01,256,20,3,0.5,0.1,0.99,10.0,256,20,0,128,0,0.0,0.0,279.2097537529803,1196.4469384400647,0.8458767361111111,20.88672685055773,0.0,
coast,coast,300.0,1800.0,0.1,0.025,5.0,6.25,10.0,10.0,10,100.0,inf,cone,both,5000.0,10.0,0.01,30.0,0.01,256,20,3,0.5,0.1,0.99,10.0,256,20,0,128,0,0.0,0.0,279.2097537529803,1196.4469384400647,0.8458767361111111,20.88672685055773,0.0,
coast,coast,300.0,1800.0,0.1,0.025,5.0,7.5,10.0,10.0,10,100.0,inf,cone,both,5000.0,10.0,0.01,30.0,0.01,256,20,3,0.5,0.1,0.99,10.0,256,20,0,128,0,0.0,0.0,279.2097537529803,1196.4469384400647,0.8458767361111111,20.88672685055773,0.0,
coast,coast,300.0,1800.0,0.1,0.025,5.0,10.0,10.0,10.0,10,100.0,inf,cone,both,5000.0,10.0,0.01,30.0,0.01,256,20,3,0.5,0.1,0.99,10.0,256,20,0,128,0,0.0,0.0,279.2097537529803,1196.4469384400647,0.8458767361111111,20.88672685055773,0.0,
coast,coast,300.0,1800.0,0.1,0.025,5.0,inf,10.0,10.0,10,100.0,inf,cone,both,5000.0,10.0,0.01,30.0,0.01,256,20,3,0.5,0.1,0.99,10.0,256,20,0,128,0,0.0,0.0,279.2097537529803,1196.4469384400647,0.8458767361111111,20.88672685055773,0.0,
coast,coast,300.0,1800.0,0.1,0.05,5.0,1.25,10.0,10.0,10,100.0,inf,cone,both,5000.0,10.0,0.01,30.0,0.01,256,20,3,0.5,0.1,0.99,10.0,256,20,0,128,0,0.0,0.0,279.2097537529803,1196.4469384400647,0.8458767361111111,21.45463707055857,0.0,
coast,coast,300.0,1800.0,0.1,0.05,5.0,2.5,10.0,10.0,10,100.0,inf,cone,both,5000.0,10.0,0.01,30.0,0.01,256,20,3,0.5,0.1,0.99,10.0,256,20,0,128,0,0.0,0.0,279.2097537529803,1196.4469384400647,0.8458767361111111,21.45463707055857,0.0,
coast,coast,300.0,1800.0,0.1,0.05,5.0,3.75,10.0,10.0,10,100.0,inf,cone,both,5000.0,10.0,0.01,30.0,0.01,256,20,3,0.5,0.1,0.99,10.0,256,20,0,128,0,0.0,0.0,279.2097537529803,1196.4469384400647,0.8458767361111111,21.45463707055857,0.0,
coast,coast,300.0,1800.0,0.1,0.05,5.0,4.5,10.0,10.0,10,100.0,inf,cone,both,5000.0,10.0,0.01,30.0,0.01,256,20,3,0.5,0.1,0.99,10.0,256,20,0,128,0,0.0,0.0,279.2097537529803,1196.4469384400647,0.8458767361111111,21.45463707055857,0.0,
coast,coast,300.0,1800.0,0.1,0.05,5.0,5.0,10.0,10.0,10,100.0,inf,cone,both,5000.0,10.0,0.01,30.0,0.01,256,20,3,0.5,0.1,0.99,10.0,256,20,0,128,0,0.0,0.0,279.2097537529803,1196.4469384400647,0.8458767361111111,21.45463707055857,0.0,
coast,coast,300.0,1800.0,0.1,0.05,5.0,5.5,10.0,10.0,10,100.0,inf,cone,both,5000.0,10.0,0.01,30.0,0.01,256,20,3,0.5,0.1,0.99,10.0,256,20,0,128,0,0.0,0.0,279.2097537529803,1196.4469384400647,0.8458767361111111,21.45463707055857,0.0,
coast,coast,300.0,1800.0,0.1,0.05,5.0,6.25,10.0,10.0,10,100.0,inf,cone,both,5000.0,10.0,0.01,30.0,0.01,256,20,3,0.5,0.1,0.99,10.0,256,20,0,128,0,0.0,0.0,279.2097537529803,1196.4469384400647,0.8458767361111111,21.45463707055857,0.0,
coast,coast,300.0,1800.0,0.1,0.05,5.0,7.5,10.0,10.0,10,100.0,inf,cone,both,5000.0,10.0,0.01,30.0,0.01,256,20,3,0.5,0.1,0.99,10.0,256,20,0,128,0,0.0,0.0,279.2097537529803,1196.4469384400647,0.8458767361111111,21.45463707055857,0.0,
coast,coast,300.0,1800.0,0.1,0.05,5.0,10.0,10.0,10.0,10,100.0,inf,cone,both,5000.0,10.0,0.01,30.0,0.01,256,20,3,0.5,0.1,0.99,10.0,256,20,0,128,0,0.0,0.0,279.2097537529803,1196.4469384400647,0.8458767361111111,21.45463707055857,0.0,
coast,coast,300.0,1800.0,0.1,0.05,5.0,inf,10.0,10.0,10,100.0,inf,cone,both,5000.0,10.0,0.01,30.0,0.01,256,20,3,0.5,0.1,0.99,10.0,256,20,0,128,0,0.0,0.0,279.2097537529803,1196.4469384400647,0.8458767361111111,21.45463707055857,0.0,
coast,coast,300.0,1800.0,0.1,0.075,5.0,1.25,10.0,10.0,10,100.0,inf,cone,both,5000.0,10.0,0.01,30.0,0.01,256,20,3,0.5,0.1,0.99,10.0,256,20,0,128,0,0.0,0.0,279.2097537529803,1196.4469384400647,0.8458767361111111,21.819743652858183,0.0,
coast,coast,300.0,1800.0,0.1,0.075,5.0,2.5,10.0,10.0,10,100.0,inf,cone,both,5000.0,10.0,0.01,30.0,0.01,256,20,3,0.5,0.1,0.99,10.0,256,20,0,128,0,0.0,0.0,279.2097537529803,1196.4469384400647,0.8458767361111111,21.819743652858183,0.0,
coast,coast,300.0,1800.0,0.1,0.075,5.0,3.75,10.0,10.0,10,100.0,inf,cone,both,5000.0,10.0,0.01,30.0,0.01,256,20,3,0.5,0.1,0.99,10.0,256,20,0,128,0,0.0,0.0,279.2097537529803,1196.4469384400647,0.8458767361111111,21.819743652858183,0.0,
coast,coast,300.0,1800.0,0.1,0.075,5.0,4.5,10.0,10.0,10,100.0,inf,cone,both,5000.0,10.0,0.01,30.0,0.01,256,20,3,0.5,0.1,0.99,10.0,256,20,0,128,0,0.0,0.0,279.2097537529803,1196.4469384400647,0.8458767361111111,21.819743652858183,0.0,
coast,coast,300.0,1800.0,0.1,0.075,5.0,5.0,10.0,10.0,10,100.0,inf,cone,both,5000.0,10.0,0.01,30.0,0.01,256,20,3,0.5,0.1,0.99,10.0,256,20,0,128,0,0.0,0.0,279.2097537529803,1196.4469384400647,0.8458767361111111,21.819743652858183,0.0,
coast,coast,300.0,1800.0,0.1,0.075,5.0,5.5,10.0,10.0,10,100.0,inf,cone,both,5000.0,10.0,0.01,30.0,0.01,256,20,3,0.5,0.1,0.99,10.0,256,20,0,128,0,0.0,0.0,279.2097537529803,1196.4469384400647,0.8458767361111111,21.819743652858183,0.0,
coast,coast,300.0,1800.0,0.1,0.075,5.0,6.25,10.0,10.0,10,100.0,inf,cone,both,5000.0,10.0,0.01,30.0,0.01,256,20,3,0.5,0.1,0.99,10.0,256,20,0,128,0,0.0,0.0,279.2097537529803,1196.4469384400647,0.8458767361111111,21.819743652858183,0.0,
coast,coast,300.0,1800.0,0.1,0.075,5.0,7.5,10.0,10.0,10,100.0,inf,cone,both,5000.0,10.0,0.01,30.0,0.01,256,20,3,0.5,0.1,0.99,10.0,256,20,0,128,0,0.0,0.0,279.2097537529803,1196.4469384400647,0.8458767361111111,21.819743652858183,0.0,
coast,coast,300.0,1800.0,0.1,0.075,5.0,10.0,10.0,10.0,10,100.0,inf,cone,both,5000.0,10.0,0.01,30.0,0.01,256,20,3,0.5,0.1,0.99,10.0,256,20,0,128,0,0.0,0.0,279.2097537529803,1196.4469384400647,0.8458767361111111,21.819743652858183,0.0,
coast,coast,300.0,1800.0,0.1,0.075,5.0,inf,10.0,10.0,10,100.0,inf,cone,both,5000.0,10.0,0.01,30.0,0.01,256,20,3,0.5,0.1,0.99,10.0,256,20,0,128,0,0.0,0.0,279.2097537529803,1196.4469384400647,0.8458767361111111,21.819743652858183,0.0,
coast,coast,300.0,1800.0,0.1,0.09,5.0,1.25,10.0,10.0,10,100.0,inf,cone,both,5000.0,10.0,0.01,30.0,0.01,256,20,3,0.5,0.1,0.99,10.0,256,20,0,128,0,0.0,0.0,279.2097537529803,1196.4469384400647,0.8458767361111111,21.990827651700165,0.0,
coast,coast,300.0,1800.0,0.1,0.09,5.0,2.5,10.0,10.0,10,100.0,inf,cone,both,5000.0,10.0,0.01,30.0,0.01,256,20,3,0.5,0.1,0.99,10.0,256,20,0,128,0,0.0,0.0,279.2097537529803,1196.4469384400647,0.8458767361111111,21.990827651700165,0.0,
coast,coast,300.0,1800.0,0.1,0.09,5.0,3.75,10.0,10.0,10,100.0,inf,cone,both,5000.0,10.0,0.01,30.0,0.01,256,20,3,0.5,0.1,0.99,10.0,256,20,0,128,0,0.0,0.0,279.2097537529803,1196.4469384400647,0.8458767361111111,21.990827651700165,0.0,
coast,coast,300.0,1800.0,0.1,0.09,5.0,4.5,10.0,10.0,10,100.0,inf,cone,both,5000.0,10.0,0.01,30.0,0.01,256,20,3,0.5,0.1,0.99,10.0,256,20,0,128,0,0.0,0.0,279.2097537529803,1196.4469384400647,0.8458767361111111,21.990827651700165,0.0,
coast,coast,300.0,1800.0,0.1,0.09,5.0,5.0,10.0,10.0,10,100.0,inf,cone,both,5000.0,10.0,0.01,30.0,0.01,256,20,3,0.5,0.1,0.99,10.0,256,20,0,128,0,0.0,0.0,279.2097537529803,1196.4469384400647,0.8458767361111111,21.990827651700165,0.0,
coast,coast,300.0,1800.0,0.1,0.09,5.0,5.5,10.0,10.0,10,100.0,inf,cone,both,5000.0,10.0,0.01,30.0,0.01,256,20,3,0.5,0.1,0.99,10.0,256,20,0,128,0,0.0,0.0,279.2097537529803,1196.4469384400647,0.8458767361111111,21.990827651700165,0.0,
coast,coast,300.0,1800.0,0.1,0.09,5.0,6.25,10.0,10.0,10,100.0,inf,cone,both,5000.0,10.0,0.01,30.0,0.01,256,20,3,0.5,0.1,0.99,10.0,256,20,0,128,0,0.0,0.0,279.2097537529803,1196.4469384400647,0.8458767361111111,21.990827651700165,0.0,
coast,coast,300.0,1800.0,0.1,0.09,5.0,7.5,10.0,10.0,10,100.0,inf,cone,both,5000.0,10.0,0.01,30.0,0.01,256,20,3,0.5,0.1,0.99,10.0,256,20,0,128,0,0.0,0.0,279.2097537529803,1196.4469384400647,0.8458767361111111,21.990827651700165,0.0,
coast,coast,300.0,1800.0,0.1,0.09,5.0,10.0,10.0,10.0,10,100.0,inf,cone,both,5000.0,10.0,0.01,30.0,0.01,256,20,3,0.5,0.1,0.99,10.0,256,20,0,128,0,0.0,0.0,279.2097537529803,1196.4469384400647,0.8458767361111111,21.990827651700165,0.0,
coast,coast,300.0,1800.0,0.1,0.09,5.0,inf,10.0,10.0,10,100.0,inf,cone,both,5000.0,10.0,0.01,30.0,0.01,256,20,3,0.5,0.1,0.99,10.0,256,20,0,128,0,0.0,0.0,279.2097537529803,1196.4469384400647,0.8458767361111111,21.990827651700165,0.0,
coast,coast,300.0,1800.0,0.1,0.1,5.0,1.25,10.0,10.0,10,100.0,inf,cone,both,5000.0,10.0,0.01,30.0,0.01,256,20,3,0.5,0.1,0.99,10.0,256,20,0,128,0,0.0,0.0,279.2097537529803,1196.4469384400647,0.8458767361111111,22.091506253497627,0.0,
coast,coast,300.0,1800.0,0.1,0.1,5.0,2.5,10.0,10.0,10,100.0,inf,cone,both,5000.0,10.0,0.01,30.0,0.01,256,20,3,0.5,0.1,0.99,10.0,256,20,0,128,0,0.0,0.0,279.2097537529803,1196.4469384400647,0.8458767361111111,22.091506253497627,0.0,
coast,coast,300.0,1800.0,0.1,0.1,5.0,3.75,10.0,10.0,10,100.0,inf,cone,both,5000.0,10.0,0.01,30.0,0.01,256,20,3,0.5,0.1,0.99,10.0,256,20,0,128,0,0.0,0.0,279.2097537529803,1196.4469384400647,0.8458767361111111,22.091506253497627,0.0,
coast,coast,300.0,1800.0,0.1,0.1,5.0,4.5,10.0,10.0,10,100.0,inf,cone,both,5000.0,10.0,0.01,30.0,0.01,256,20,3,0.5,0.1,0.99,10.0,256,20,0,128,0,0.0,0.0,279.2097537529803,1196.4469384400647,0.8458767361111111,22.091506253497627,0.0,
coast,coast,300.0,1800.0,0.1,0.1,5.0,5.0,10.0,10.0,10,100.0,inf,cone,both,5000.0,10.0,0.01,30.0,0.01,256,20,3,0.5,0.1,0.99,10.0,256,20,0,128,0,0.0,0.0,279.2097537529803,1196.4469384400647,0.8458767361111111,22.091506253497627,0.0,
coast,coast,300.0,1800.0,0.1,0.1,5.0,5.5,10.0,10.0,10,100.0,inf,cone,both,5000.0,10.0,0.01,30.0,0.01,256,20,3,0.5,0.1,0.99,10.0,256,20,0,128,0,0.0,0.0,279.2097537529803,1196.4469384400647,0.8458767361111111,22.091506253497627,0.0,
coast,coast,300.0,1800.0,0.1,0.1,5.0,6.25,10.0,10.0,10,100.0,inf,cone,both,5000.0,10.0,0.01,30.0,0.01,256,20,3,0.5,0.1,0.99,10.0,256,20,0,128,0,0.0,0.0,279.2097537529803,1196.4469384400647,0.8458767361111111,22.091506253497627,0.0,
coast,coast,300.0,1800.0,0.1,0.1,5.0,7.5,10.0,10.0,10,100.0,inf,cone,both,5000.0,10.0,0.01,30.0,0.01,256,20,3,0.5,0.1,0.99,10.0,256,20,0,128,0,0.0,0.0,279.2097537529803,1196.4469384400647,0.8458767361111111,22.091506253497627,0.0,
coast,coast,300.0,1800.0,0.1,0.1,5.0,10.0,10.0,10.0,10,100.0,inf,cone,both,5000.0,10.0,0.01,30.0,0.01,256,20,3,0.5,0.1,0.99,10.0,256,20,0,128,0,0.0,0.0,279.2097537529803,1196.4469384400647,0.8458767361111111,22.091506253497627,0.0,
coast,coast,300.0,1800.0,0.1,0.1,5.0,inf,10.0,10.0,10,100.0,inf,cone,both,5000.0,10.0,0.01,30.0,0.01,256,20,3,0.5,0.1,0.99,10.0,256,20,0,128,0,0.0,0.0,279.2097537529803,1196.4469384400647,0.8458767361111111,22.091506253497627,0.0,
coast,coast,300.0,1800.0,0.1,0.11,5.0,1.25,10.0,10.0,10,100.0,inf,cone,both,5000.0,10.0,0.01,30.0,0.01,256,20,3,0.5,0.1,0.99,10.0,256,20,0,128,0,0.0,0.0,279.2097537529803,1196.4469384400647,0.8458767361111111,22.183651442478137,0.0,
coast,coast,300.0,1800.0,0.1,0.11,5.0,2.5,10.0,10.0,10,100.0,inf,cone,both,5000.0,10.0,0.01,30.0,0.01,256,20,3,0.5,0.1,0.99,10.0,256,20,0,128,0,0.0,0.0,279.2097537529803,1196.4469384400647,0.8458767361111111,22.183651442478137,0.0,
coast,coast,300.0,1800.0,0.1,0.11,5.0,3.75,10.0,10.0,10,100.0,inf,cone,both,5000.0,10.0,0.01,30.0,0.01,256,20,3,0.5,0.1,0.99,10.0,256,20,0,128,0,0.0,0.0,279.2097537529803,1196.4469384400647,0.8458767361111111,22.183651442478137,0.0,
coast,coast,300.0,1800.0,0.1,0.11,5.0,4.5,10.0,10.0,10,100.0,inf,cone,both,5000.0,10.0,0.01,30.0,0.01,256,20,3,0.5,0.1,0.99,10.0,256,20,0,128,0,0.0,0.0,279.2097537529803,1196.4469384400647,0.8458767361111111,22.183651442478137,0.0,
coast,coast,300.0,1800.0,0.1,0.11,5.0,5.0,10.0,10.0,10,100.0,inf,cone,both,5000.0,10.0,0.01,30.0,0.01,256,20,3,0.5,0.1,0.99,10.0,256,20,0,128,0,0.0,0.0,279.2097537529803,1196.4469384400647,0.8458767361111111,22.183651442478137,0.0,
coast,coast,300.0,1800.0,0.1,0.11,5.0,5.5,10.0,10.0,10,100.0,inf,cone,both,5000.0,10.0,0.01,30.0,0.01,256,20,3,0.5,0.1,0.99,10.0,256,20,0,128,0,0.0,0.0,279.2097537529803,1196.4469384400647,0.8458767361111111,22.183651442478137,0.0,
coast,coast,300.0,1800.0,0.1,0.11,5.0,6.25,10.0,10.0,10,100.0,inf,cone,both,5000.0,10.0,0.01,30.0,0.01,256,20,3,0.5,0.1,0.99,10.0,256,20,0,128,0,0.0,0.0,279.2097537529803,1196.4469384400647,0.8458767361111111,22.183651442478137,0.0,
coast,coast,300.0,1800.0,0.1,0.11,5.0,7.5,10.0,10.0,10,100.0,inf,cone,both,5000.0,10.0,0.01,30.0,0.01,256,20,3,0.5,0.1,0.99,10.0,256,20,0,128,0,0.0,0.0,279.2097537529803,1196.4469384400647,0.8458767361111111,22.183651442478137,0.0,
coast,coast,300.0,1800.0,0.1,0.11,5.0,10.0,10.0,10.0,10,100.0,inf,cone,both,5000.0,10.0,0.01,30.0,0.01,256,20,3,0.5,0.1,0.99,10.0,256,20,0,128,0,0.0,0.0,279.2097537529803,1196.4469384400647,0.8458767361111111,22.183651442478137,0.0,
coast,coast,300.0,1800.0,0.1,0.11,5.0,inf,10.0,10.0,10,100.0,inf,cone,both,5000.0,10.0,0.01,30.0,0.01,256,20,3,0.5,0.1,0.99,10.0,256,20,0,128,0,0.0,0.0,279.2097537529803,1196.4469384400647,0.8458767361111111,22.183651442478137,0.0,
coast,coast,300.0,1800.0,0.1,0.125,5.0,1.25,10.0,10.0,10,100.0,inf,cone,both,5000.0,10.0,0.01,30.0,0.01,256,20,3,0.5,0.1,0.99,10.0,256,20,0,128,0,0.0,0.0,279.2097537529803,1196.4469384400647,0.8458767361111111,22.308617812174276,0.0,
coast,coast,300.0,1800.0,0.1,0.125,5.0,2.5,10.0,10.0,10,100.0,inf,cone,both,5000.0,10.0,0.01,30.0,0.01,256,20,3,0.5,0.1,0.99,10.0,256,20,0,128,0,0.0,0.0,279.2097537529803,1196.4469384400647,0.8458767361111111,22.308617812174276,0.0,
coast,coast,300.0,1800.0,0.1,0.125,5.0,3.75,10.0,10.0,10,100.0,inf,cone,both,5000.0,10.0,0.01,30.0,0.01,256,20,3,0.5,0.1,0.99,10.0,256,20,0,128,0,0.0,0.0,279.2097537529803,1196.4469384400647,0.8458767361111111,22.308617812174276,0.0,
coast,coast,300.0,1800.0,0.1,0.125,5.0,4.5,10.0,10.0,10,100.0,inf,cone,both,5000.0,10.0,0.01,30.0,0.01,256,20,3,0.5,0.1,0.99,10.0,256,20,0,128,0,0.0,0.0,279.2097537529803,1196.4469384400647,0.8458767361111111,22.308617812174276,0.0,
coast,coast,300.0,1800.0,0.1,0.125,5.0,5.0,10.0,10.0,10,100.0,inf,cone,both,5000.0,10.0,0.01,30.0,0.01,256,20,3,0.5,0.1,0.99,10.0,256,20,0,128,0,0.0,0.0,279.2097537529803,1196.4469384400647,0.8458767361111111,22.308617812174276,0.0,
coast,coast,300.0,1800.0,0.1,0.125,5.0,5.5,10.0,10.0,10,100.0,inf,cone,both,5000.0,10.0,0.01,30.0,0.01,256,20,3,0.5,0.1,0.99,10.0,256,20,0,128,0,0.0,0.0,279.2097537529803,1196.4469384400647,0.8458767361111111,22.308617812174276,0.0,
coast,coast,300.0,1800.0,0.1,0.125,5.0,6.25,10.0,10.0,10,100.0,inf,cone,both,5000.0,10.0,0.01,30.0,0.01,256,20,3,0.5,0.1,0.99,10.0,256,20,0,128,0,0.0,0.0,279.2097537529803,1196.4469384400647,0.8458767361111111,22.308617812174276,0.0,
coast,coast,300.0,1800.0,0.1,0.125,5.0,7.5,10.0,10.0,10,100.0,inf,cone,both,5000.0,10.0,0.01,30.0,0.01,256,20,3,0.5,0.1,0.99,10.0,256,20,0,128,0,0.0,0.0,279.2097537529803,1196.4469384400647,0.8458767361111111,22.308617812174276,0.0,
coast,coast,300.0,1800.0,0.1,0.125,5.0,10.0,10.0,10.0,10,100.0,inf,cone,both,5000.0,10.0,0.01,30.0,0.01,256,20,3,0.5,0.1,0.99,10.0,256,20,0,128,0,0.0,0.0,279.2097537529803,1196.4469384400647,0.8458767361111111,22.308617812174276,0.0,
coast,coast,300.0,1800.0,0.1,0.125,5.0,inf,10.0,10.0,10,100.0,inf,cone,both,5000.0,10.0,0.01,30.0,0.01,256,20,3,0.5,0.1,0.99,10.0,256,20,0,128,0,0.0,0.0,279.2097537529803,1196.4469384400647,0.8458767361111111,22.308617812174276,0.0,
coast,coast,300.0,1800.0,0.1,0.15,5.0,1.25,10.0,10.0,10,100.0,inf,cone,both,5000.0,10.0,0.01,30.0,0.01,256,20,3,0.5,0.1,0.99,10.0,256,20,0,128,0,0.0,0.0,279.2097537529803,1196.4469384400647,0.8458767361111111,22.489110755921423,0.0,
coast,coast,300.0,1800.0,0.1,0.15,5.0,2.5,10.0,10.0,10,100.0,inf,cone,both,5000.0,10.0,0.01,30.0,0.01,256,20,3,0.5,0.1,0.99,10.0,256,20,0,128,0,0.0,0.0,279.2097537529803,1196.4469384400647,0.8458767361111111,22.489110755921423,0.0,
coast,coast,300.0,1800.0,0.1,0.15,5.0,3.75,10.0,10.0,10,100.0,inf,cone,both,5000.0,10.0,0.01,30.0,0.01,256,20,3,0.5,0.1,0.99,10.0,256,20,0,128,0,0.0,0.0,279.2097537529803,1196.4469384400647,0.8458767361111111,22.489110755921423,0.0,
coast,coast,300.0,1800.0,0.1,0.15,5.0,4.5,10.0,10.0,10,100.0,inf,cone,both,5000.0,10.0,0.01,30.0,0.01,256,20,3,0.5,0.1,0.99,10.0,256,20,0,128,0,0.0,0.0,279.2097537529803,1196.4469384400647,0.8458767361111111,22.489110755921423,0.0,
coast,coast,300.0,1800.0,0.1,0.15,5.0,5.0,10.0,10.0,10,100.0,inf,cone,both,5000.0,10.0,0.01,30.0,0.01,256,20,3,0.5,0.1,0.99,10.0,256,20,0,128,0,0.0,0.0,279.2097537529803,1196.4469384400647,0.8458767361111111,22.489110755921423,0.0,
coast,coast,300.0,1800.0,0.1,0.15,5.0,5.5,10.0,10.0,10,100.0,inf,cone,both,5000.0,10.0,0.01,30.0,0.01,256,20,3,0.5,0.1,0.99,10.0,256,20,0,128,0,0.0,0.0,279.2097537529803,1196.4469384400647,0.8458767361111111,22.489110755921423,0.0,
coast,coast,300.0,1800.0,0.1,0.15,5.0,6.25,10.0,10.0,10,100.0,inf,cone,both,5000.0,10.0,0.01,30.0,0.01,256,20,3,0.5,0.1,0.99,10.0,256,20,0,128,0,0.0,0.0,279.2097537529803,1196.4469384400647,0.8458767361111111,22.489110755921423,0.0,
coast,coast,300.0,1800.0,0.1,0.15,5.0,7.5,10.0,10.0,10,100.0,inf,cone,both,5000.0,10.0,0.01,30.0,0.01,256,20,3,0.5,0.1,0.99,10.0,256,20,0,128,0,0.0,0.0,279.2097537529803,1196.4469384400647,0.8458767361111111,22.489110755921423,0.0,
coast,coast,300.0,1800.0,0.1,0.15,5.0,10.0,10.0,10.0,10,100.0,inf,cone,both,5000.0,10.0,0.01,30.0,0.01,256,20,3,0.5,0.1,0.99,10.0,256,20,0,128,0,0.0,0.0,279.2097537529803,1196.4469384400647,0.8458767361111111,22.489110755921423,0.0,
coast,coast,300.0,1800.0,0.1,0.15,5.0,inf,10.0,10.0,10,100.0,inf,cone,both,5000.0,10.0,0.01,30.0,0.01,256,20,3,0.5,0.1,0.99,10.0,256,20,0,128,0,0.0,0.0,279.2097537529803,1196.4469384400647,0.8458767361111111,22.489110755921423,0.0,
coast,coast,300.0,1800.0,0.1,0.2,5.0,1.25,10.0,10.0,10,100.0,inf,cone,both,5000.0,10.0,0.01,30.0,0.01,256,20,3,0.5,0.1,0.99,10.0,256,20,0,128,0,0.0,0.0,279.2097537529803,1196.4469384400647,0.8458767361111111,22.77781025325673,0.0,
coast,coast,300.0,1800.0,0.1,0.2,5.0,2.5,10.0,10.0,10,100.0,inf,cone,both,5000.0,10.0,0.01,30.0,0.01,256,20,3,0.5,0.1,0.99,10.0,256,20,0,128,0,0.0,0.0,279.2097537529803,1196.4469384400647,0.8458767361111111,22.77781025325673,0.0,
coast,coast,300.0,1800.0,0.1,0.2,5.0,3.75,10.0,10.0,10,100.0,inf,cone,both,5000.0,10.0,0.01,30.0,0.01,256,20,3,0.5,0.1,0.99,10.0,256,20,0,128,0,0.0,0.0,279.2097537529803,1196.4469384400647,0.8458767361111111,22.77781025325673,0.0,
coast,coast,300.0,1800.0,0.1,0.2,5.0,4.5,10.0,10.0,10,100.0,inf,cone,both,5000.0,10.0,0.01,30.0,0.01,256,20,3,0.5,0.1,0.99,10.0,256,20,0,128,0,0.0,0.0,279.2097537529803,1196.4469384400647,0.8458767361111111,22.77781025325673,0.0,
coast,coast,300.0,1800.0,0.1,0.2,5.0,5.0,10.0,10.0,10,100.0,inf,cone,both,5000.0,10.0,0.01,30.0,0.01,256,20,3,0.5,0.1,0.99,10.0,256,20,0,128,0,0.0,0.0,279.2097537529803,1196.4469384400647,0.8458767361111111,22.77781025325673,0.0,
coast,coast,300.0,1800.0,0.1,0.2,5.0,5.5,10.0,10.0,10,100.0,inf,cone,both,5000.0,10.0,0.01,30.0,0.01,256,20,3,0.5,0.1,0.99,10.0,256,20,0,128,0,0.0,0.0,279.2097537529803,1196.4469384400647,0.8458767361111111,22.77781025325673,0.0,
coast,coast,300.0,1800.0,0.1,0.2,5.0,6.25,10.0,10.0,10,100.0,inf,cone,both,5000.0,10.0,0.01,30.0,0.01,256,20,3,0.5,0.1,0.99,10.0,256,20,0,128,0,0.0,0.0,279.2097537529803,1196.4469384400647,0.8458767361111111,22.77781025325673,0.0,
coast,coast,300.0,1800.0,0.1,0.2,5.0,7.5,10.0,10.0,10,100.0,inf,cone,both,5000.0,10.0,0.01,30.0,0.01,256,20,3,0.5,0.1,0.99,10.0,256,20,0,128,0,0.0,0.0,279.2097537529803,1196.4469384400647,0.8458767361111111,22.77781025325673,0.0,
coast,coast,300.0,1800.0,0.1,0.2,5.0,10.0,10.0,10.0,10,100.0,inf,cone,both,5000.0,10.0,0.01,30.0,0.01,256,20,3,0.5,0.1,0.99,10.0,256,20,0,128,0,0.0,0.0,279.2097537529803,1196.4469384400647,0.8458767361111111,22.77781025325673,0.0,
coast,coast,300.0,1800.0,0.1,0.2,5.0,inf,10.0,10.0,10,100.0,inf,cone,both,5000.0,10.0,0.01,30.0,0.01,256,20,3,0.5,0.1,0.99,10.0,256,20,0,128,0,0.0,0.0,279.2097537529803,1196.4469384400647,0.8458767361111111,22.77781025325673,0.0,
coast,mppi_direct,300.0,1800.0,0.1,0.025,5.0,1.25,10.0,10.0,10,100.0,inf,cone,both,5000.0,10.0,0.01,30.0,0.01,256,20,3,0.5,0.1,0.99,10.0,256,20,0,128,0,0.0,1.25,235.1103230888545,2410.897297913324,0.7511284722222222,186.86863583214253,0.0,
coast,mppi_direct,300.0,1800.0,0.1,0.025,5.0,2.5,10.0,10.0,10,100.0,inf,cone,both,5000.0,10.0,0.01,30.0,0.01,256,20,3,0.5,0.1,0.99,10.0,256,20,0,128,0,0.0,2.5,233.85959053251275,3461.685851376847,0.7603298611111111,237.8034224497584,0.0,
coast,mppi_direct,300.0,1800.0,0.1,0.025,5.0,3.75,10.0,10.0,10,100.0,inf,cone,both,5000.0,10.0,0.01,30.0,0.01,256,20,3,0.5,0.1,0.99,10.0,256,20,0,128,0,0.0,3.749701379060067,233.88645955823415,3975.109919178512,0.7545572916666666,254.41239614773696,0.0,
coast,mppi_direct,300.0,1800.0,0.1,0.025,5.0,4.5,10.0,10.0,10,100.0,inf,cone,both,5000.0,10.0,0.01,30.0,0.01,256,20,3,0.5,0.1,0.99,10.0,256,20,0,128,0,0.0,4.150971299396672,233.88645955823415,4003.223014640519,0.7545138888888889,254.9331885471761,0.0,
coast,mppi_direct,300.0,1800.0,0.1,0.025,5.0,5.0,10.0,10.0,10,100.0,inf,cone,both,5000.0,10.0,0.01,30.0,0.01,256,20,3,0.5,0.1,0.99,10.0,256,20,0,128,0,0.0,4.151415788627414,233.88645955823415,4002.24187447083,0.7545138888888889,254.9117840918369,0.0,
coast,mppi_direct,300.0,1800.0,0.1,0.025,5.0,5.5,10.0,10.0,10,100.0,inf,cone,both,5000.0,10.0,0.01,30.0,0.01,256,20,3,0.5,0.1,0.99,10.0,256,20,0,128,0,0.0,4.151115755293305,233.88645955823415,4002.201773260677,0.7545138888888889,254.9105483027837,0.0,
coast,mppi_direct,300.0,1800.0,0.1,0.025,5.0,6.25,10.0,10.0,10,100.0,inf,cone,both,5000.0,10.0,0.01,30.0,0.01,256,20,3,0.5,0.1,0.99,10.0,256,20,0,128,0,0.0,4.151117386245148,233.88645955823415,4002.2017792955744,0.7545138888888889,254.91054821622868,0.0,
coast,mppi_direct,300.0,1800.0,0.1,0.025,5.0,7.5,10.0,10.0,10,100.0,inf,cone,both,5000.0,10.0,0.01,30.0,0.01,256,20,3,0.5,0.1,0.99,10.0,256,20,0,128,0,0.0,4.151117386245148,233.88645955823415,4002.2017792955744,0.7545138888888889,254.91054821622868,0.0,
coast,mppi_direct,300.0,1800.0,0.1,0.025,5.0,10.0,10.0,10.0,10,100.0,inf,cone,both,5000.0,10.0,0.01,30.0,0.01,256,20,3,0.5,0.1,0.99,10.0,256,20,0,128,0,0.0,4.151117386245148,233.88645955823415,4002.2017792955744,0.7545138888888889,254.91054821622868,0.0,
coast,mppi_direct,300.0,1800.0,0.1,0.025,5.0,inf,10.0,10.0,10,100.0,inf,cone,both,5000.0,10.0,0.01,30.0,0.01,256,20,3,0.5,0.1,0.99,10.0,256,20,0,128,0,0.0,4.151117386245148,233.88645955823415,4002.2017792955744,0.7545138888888889,254.91054821622868,0.0,
coast,mppi_direct,300.0,1800.0,0.1,0.05,5.0,1.25,10.0,10.0,10,100.0,inf,cone,both,5000.0,10.0,0.01,30.0,0.01,256,20,3,0.5,0.1,0.99,10.0,256,20,0,128,0,0.0,1.25,208.62326159790663,2780.258201443712,0.7454861111111111,245.2441850987876,0.0,
coast,mppi_direct,300.0,1800.0,0.1,0.05,5.0,2.5,10.0,10.0,10,100.0,inf,cone,both,5000.0,10.0,0.01,30.0,0.01,256,20,3,0.5,0.1,0.99,10.0,256,20,0,128,0,0.0,2.5,189.92142146750555,4342.736642245931,0.7213107638888889,413.0974302260821,0.0,
coast,mppi_direct,300.0,1800.0,0.1,0.05,5.0,3.75,10.0,10.0,10,100.0,inf,cone,both,5000.0,10.0,0.01,30.0,0.01,256,20,3,0.5,0.1,0.99,10.0,256,20,0,128,0,0.0,3.75,191.6562638694636,5774.220383461993,0.6801649305555556,513.3867428923928,0.0,
coast,mppi_direct,300.0,1800.0,0.1,0.05,5.0,4.5,10.0,10.0,10,100.0,inf,cone,both,5000.0,10.0,0.01,30.0,0.01,256,20,3,0.5,0.1,0.99,10.0,256,20,0,128,0,0.0,4.5,191.65782205792237,6469.545239900287,0.6614149305555556,554.7131818036297,0.0,
coast,mppi_direct,300.0,1800.0,0.1,0.05,5.0,5.0,10.0,10.0,10,100.0,inf,cone,both,5000.0,10.0,0.01,30.0,0.01,256,20,3,0.5,0.1,0.99,10.0,256,20,0,128,0,0.0,5.0,191.6578266907433,6852.414246656967,0.6515625,575.3065540715675,0.0,
coast,mppi_direct,300.0,1800.0,0.1,0.05,5.0,5.5,10.0,10.0,10,100.0,inf,cone,both,5000.0,10.0,0.01,30.0,0.01,256,20,3,0.5,0.1,0.99,10.0,256,20,0,128,0,0.0,5.5,191.6578266907433,7179.896701724033,0.6443142361111112,591.3695434226628,0.0,
coast,mppi_direct,300.0,1800.0,0.1,0.05,5.0,6.25,10.0,10.0,10,100.0,inf,cone,both,5000.0,10.0,0.01,30.0,0.01,256,20,3,0.5,0.1,0.99,10.0,256,20,0,128,0,0.0,6.25,191.6578266907433,7569.469803110996,0.6354166666666666,614.1504066430109,0.0,
coast,mppi_direct,300.0,1800.0,0.1,0.05,5.0,7.5,10.0,10.0,10,100.0,inf,cone,both,5000.0,10.0,0.01,30.0,0.01,256,20,3,0.5,0.1,0.99,10.0,256,20,0,128,0,0.0,7.5,191.6578266907433,7950.803794075648,0.6290798611111111,639.5031884586223,0.0,
coast,mppi_direct,300.0,1800.0,0.1,0.05,5.0,10.0,10.0,10.0,10,100.0,inf,cone,both,5000.0,10.0,0.01,30.0,0.01,256,20,3,0.5,0.1,0.99,10.0,256,20,0,128,0,0.0,8.427229357369548,191.6578266907433,8022.269758899773,0.6290798611111111,641.2252441093862,0.0,
coast,mppi_direct,300.0,1800.0,0.1,0.05,5.0,inf,10.0,10.0,10,100.0,inf,cone,both,5000.0,10.0,0.01,30.0,0.01,256,20,3,0.5,0.1,0.99,10.0,256,20,0,128,0,0.0,8.426806534708064,191.6578266907433,8022.127864487942,0.6290798611111111,641.2231254007698,0.0,
coast,mppi_direct,300.0,1800.0,0.1,0.075,5.0,1.25,10.0,10.0,10,100.0,inf,cone,both,5000.0,10.0,0.01,30.0,0.01,256,20,3,0.5,0.1,0.99,10.0,256,20,0,128,0,0.0,1.25,225.41548382752205,3032.529027830825,0.7608940972222222,260.74183645542,0.0,
coast,mppi_direct,300.0,1800.0,0.1,0.075,5.0,2.5,10.0,10.0,10,100.0,inf,cone,both,5000.0,10.0,0.01,30.0,0.01,256,20,3,0.5,0.1,0.99,10.0,256,20,0,128,0,0.0,2.5,173.43488276789134,4887.517439635545,0.709375,474.3948597930338,0.0,
coast,mppi_direct,300.0,1800.0,0.1,0.075,5.0,3.75,10.0,10.0,10,100.0,inf,cone,both,5000.0,10.0,0.01,30.0,0.01,256,20,3,0.5,0.1,0.99,10.0,256,20,0,128,0,0.0,3.75,174.61886024763632,6682.81495390057,0.6446614583333333,636.3892060188759,0.0,
coast,mppi_direct,300.0,1800.0,0.1,0.075,5.0,4.5,10.0,10.0,10,100.0,inf,cone,both,5000.0,10.0,0.01,30.0,0.01,256,20,3,0.5,0.1,0.99,10.0,256,20,0,128,0,0.0,4.5,174.45272544188003,7613.975276225392,0.6126736111111111,709.6352143216425,0.0,
coast,mppi_direct,300.0,1800.0,0.1,0.075,5.0,5.0,10.0,10.0,10,100.0,inf,cone,both,5000.0,10.0,0.01,30.0,0.01,256,20,3,0.5,0.1,0.99,10.0,256,20,0,128,0,0.0,5.0,174.54424527265482,8192.115388615151,0.59296875,752.0173748323881,0.0,
coast,mppi_direct,300.0,1800.0,0.1,0.075,5.0,5.5,10.0,10.0,10,100.0,inf,cone,both,5000.0,10.0,0.01,30.0,0.01,256,20,3,0.5,0.1,0.99,10.0,256,20,0,128,0,0.0,5.5,174.54646023410797,8750.743374431677,0.5720920138888889,788.3090644666823,0.0,
coast,mppi_direct,300.0,1800.0,0.1,0.075,5.0,6.25,10.0,10.0,10,100.0,inf,cone,both,5000.0,10.0,0.01,30.0,0.01,256,20,3,0.5,0.1,0.99,10.0,256,20,0,128,0,0.0,6.25,174.5395769644723,9485.918367659096,0.5437934027777778,835.7392987851753,0.0,
coast,mppi_direct,300.0,1800.0,0.1,0.075,5.0,7.5,10.0,10.0,10,100.0,inf,cone,both,5000.0,10.0,0.01,30.0,0.01,256,20,3,0.5,0.1,0.99,10.0,256,20,0,128,0,0.0,7.5,174.53961820715924,10527.342117945986,0.5194444444444445,904.4971304543478,0.0,
coast,mppi_direct,300.0,1800.0,0.1,0.075,5.0,10.0,10.0,10.0,10,100.0,inf,cone,both,5000.0,10.0,0.01,30.0,0.01,256,20,3,0.5,0.1,0.99,10.0,256,20,0,128,0,0.0,10.0,174.53961820715924,11868.66664280466,0.5123697916666666,1061.6073999349726,0.0,
coast,mppi_direct,300.0,1800.0,0.1,0.075,5.0,inf,10.0,10.0,10,100.0,inf,cone,both,5000.0,10.0,0.01,30.0,0.01,256,20,3,0.5,0.1,0.99,10.0,256,20,0,128,0,0.0,12.728783913975937,174.53961820715924,12331.891652844934,0.5125,1091.0403356379695,0.0,
coast,mppi_direct,300.0,1800.0,0.1,0.09,5.0,1.25,10.0,10.0,10,100.0,inf,cone,both,5000.0,10.0,0.01,30.0,0.01,256,20,3,0.5,0.1,0.99,10.0,256,20,0,128,0,0.0,1.25,238.16206412626707,3205.538726068811,0.759765625,274.672063181988,0.0,
coast,mppi_direct,300.0,1800.0,0.1,0.09,5.0,2.5,10.0,10.0,10,100.0,inf,cone,both,5000.0,10.0,0.01,30.0,0.01,256,20,3,0.5,0.1,0.99,10.0,256,20,0,128,0,0.0,2.5,168.25867647743544,5026.302960106436,0.7121527777777777,459.4972222069136,0.0,
coast,mppi_direct,300.0,1800.0,0.1,0.09,5.0,3.75,10.0,10.0,10,100.0,inf,cone,both,5000.0,10.0,0.01,30.0,0.01,256,20,3,0.5,0.1,0.99,10.0,256,20,0,128,0,0.0,3.75,170.1884389808195,6949.158872216372,0.6347222222222222,687.6964862006416,0.0,
coast,mppi_direct,300.0,1800.0,0.1,0.09,5.0,4.5,10.0,10.0,10,100.0,inf,cone,both,5000.0,10.0,0.01,30.0,0.01,256,20,3,0.5,0.1,0.99,10.0,256,20,0,128,0,0.0,4.5,173.4926405385313,8075.078200181922,0.5941840277777778,779.1493736541266,0.0,
coast,mppi_direct,300.0,1800.0,0.1,0.09,5.0,5.0,10.0,10.0,10,100.0,inf,cone,both,5000.0,10.0,0.01,30.0,0.01,256,20,3,0.5,0.1,0.99,10.0,256,20,0,128,0,0.0,5.0,172.85158617876328,8727.616338512289,0.56953125,828.661854050223,0.0,
coast,mppi_direct,300.0,1800.0,0.1,0.09,5.0,5.5,10.0,10.0,10,100.0,inf,cone,both,5000.0,10.0,0.01,30.0,0.01,256,20,3,0.5,0.1,0.99,10.0,256,20,0,128,0,0.0,5.5,172.85344205639117,9375.65562868487,0.5432291666666667,881.4770827175975,0.0,
coast,mppi_direct,300.0,1800.0,0.1,0.09,5.0,6.25,10.0,10.0,10,100.0,inf,cone,both,5000.0,10.0,0.01,30.0,0.01,256,20,3,0.5,0.1,0.99,10.0,256,20,0,128,0,0.0,6.25,172.81696179265433,10222.525144223284,0.5097222222222222,943.4559692762768,0.0,
coast,mppi_direct,300.0,1800.0,0.1,0.09,5.0,7.5,10.0,10.0,10,100.0,inf,cone,both,5000.0,10.0,0.01,30.0,0.01,256,20,3,0.5,0.1,0.99,10.0,256,20,0,128,0,0.0,7.5,172.82418180993844,11497.67836026285,0.4803819444444444,1026.8778410215905,0.0,
coast,mppi_direct,300.0,1800.0,0.1,0.09,5.0,10.0,10.0,10.0,10,100.0,inf,cone,both,5000.0,10.0,0.01,30.0,0.01,256,20,3,0.5,0.1,0.99,10.0,256,20,0,128,0,0.0,10.0,172.8241825641375,13421.477286538971,0.4669270833333333,1242.4630707013146,0.0,
coast,mppi_direct,300.0,1800.0,0.1,0.09,5.0,inf,10.0,10.0,10,100.0,inf,cone,both,5000.0,10.0,0.01,30.0,0.01,256,20,3,0.5,0.1,0.99,10.0,256,20,0,128,0,0.0,15.315616472854328,172.8241825641375,14954.221141836337,0.4670572916666666,1411.2361414226118,0.0,
coast,mppi_direct,300.0,1800.0,0.1,0.1,5.0,1.25,10.0,10.0,10,100.0,inf,cone,both,5000.0,10.0,0.01,30.0,0.01,256,20,3,0.5,0.1,0.99,10.0,256,20,0,128,0,0.0,1.25,243.02451940841848,3265.076711441892,0.7510850694444444,282.60494036252766,0.0,
coast,mppi_direct,300.0,1800.0,0.1,0.1,5.0,2.5,10.0,10.0,10,100.0,inf,cone,both,5000.0,10.0,0.01,30.0,0.01,256,20,3,0.5,0.1,0.99,10.0,256,20,0,128,0,0.0,2.5,167.81604806546858,5269.001766216276,0.706640625,479.3151420946997,0.0,
coast,mppi_direct,300.0,1800.0,0.1,0.1,5.0,3.75,10.0,10.0,10,100.0,inf,cone,both,5000.0,10.0,0.01,30.0,0.01,256,20,3,0.5,0.1,0.99,10.0,256,20,0,128,0,0.0,3.75,174.06292170710924,7212.599697161733,0.6286892361111112,703.587841515104,0.0,
coast,mppi_direct,300.0,1800.0,0.1,0.1,5.0,4.5,10.0,10.0,10,100.0,inf,cone,both,5000.0,10.0,0.01,30.0,0.01,256,20,3,0.5,0.1,0.99,10.0,256,20,0,128,0,0.0,4.5,172.08069974090918,8261.111923590877,0.5838541666666667,808.3121591960171,0.0,
coast,mppi_direct,300.0,1800.0,0.1,0.1,5.0,5.0,10.0,10.0,10,100.0,inf,cone,both,5000.0,10.0,0.01,30.0,0.01,256,20,3,0.5,0.1,0.99,10.0,256,20,0,128,0,0.0,5.0,172.31779898816896,8971.599232980712,0.5565104166666667,869.1917459954992,0.0,
coast,mppi_direct,300.0,1800.0,0.1,0.1,5.0,5.5,10.0,10.0,10,100.0,inf,cone,both,5000.0,10.0,0.01,30.0,0.01,256,20,3,0.5,0.1,0.99,10.0,256,20,0,128,0,0.0,5.5,171.46588680724332,9665.748153838173,0.5279947916666666,917.4481667754104,0.0,
coast,mppi_direct,300.0,1800.0,0.1,0.1,5.0,6.25,10.0,10.0,10,100.0,inf,cone,both,5000.0,10.0,0.01,30.0,0.01,256,20,3,0.5,0.1,0.99,10.0,256,20,0,128,0,0.0,6.25,171.399257009849,10583.925945028534,0.4921440972222222,992.686336387476,0.0,
coast,mppi_direct,300.0,1800.0,0.1,0.1,5.0,7.5,10.0,10.0,10,100.0,inf,cone,both,5000.0,10.0,0.01,30.0,0.01,256,20,3,0.5,0.1,0.99,10.0,256,20,0,128,0,0.0,7.5,171.39702771690725,11962.93359184327,0.4610677083333333,1088.2299855091046,0.0,
coast,mppi_direct,300.0,1800.0,0.1,0.1,5.0,10.0,10.0,10.0,10,100.0,inf,cone,both,5000.0,10.0,0.01,30.0,0.01,256,20,3,0.5,0.1,0.99,10.0,256,20,0,128,0,0.0,10.0,171.39691428825066,14176.991281276643,0.4429253472222222,1312.0832889990115,0.0,
coast,mppi_direct,300.0,1800.0,0.1,0.1,5.0,inf,10.0,10.0,10,100.0,inf,cone,both,5000.0,10.0,0.01,30.0,0.01,256,20,3,0.5,0.1,0.99,10.0,256,20,0,128,0,0.0,17.040089069697082,171.39691428825066,16627.905663239922,0.4429253472222222,1634.764146062911,0.0,
coast,mppi_direct,300.0,1800.0,0.1,0.11,5.0,1.25,10.0,10.0,10,100.0,inf,cone,both,5000.0,10.0,0.01,30.0,0.01,256,20,3,0.5,0.1,0.99,10.0,256,20,0,128,0,0.0,1.25,250.9487023670353,3402.42095615498,0.7453125,287.6656940387039,0.0,
coast,mppi_direct,300.0,1800.0,0.1,0.11,5.0,2.5,10.0,10.0,10,100.0,inf,cone,both,5000.0,10.0,0.01,30.0,0.01,256,20,3,0.5,0.1,0.99,10.0,256,20,0,128,0,0.0,2.5,176.51480732169847,5424.306854070603,0.7147135416666667,452.36800487597264,0.0,
coast,mppi_direct,300.0,1800.0,0.1,0.11,5.0,3.75,10.0,10.0,10,100.0,inf,cone,both,5000.0,10.0,0.01,30.0,0.01,256,20,3,0.5,0.1,0.99,10.0,256,20,0,128,0,0.0,3.75,171.7295707212095,7304.6306180537695,0.6104166666666667,768.0436021759683,0.0,
coast,mppi_direct,300.0,1800.0,0.1,0.11,5.0,4.5,10.0,10.0,10,100.0,inf,cone,both,5000.0,10.0,0.01,30.0,0.01,256,20,3,0.5,0.1,0.99,10.0,256,20,0,128,0,0.0,4.5,170.55067394778064,8479.091912599999,0.5733506944444444,850.6613791967388,0.0,
coast,mppi_direct,300.0,1800.0,0.1,0.11,5.0,5.0,10.0,10.0,10,100.0,inf,cone,both,5000.0,10.0,0.01,30.0,0.01,256,20,3,0.5,0.1,0.99,10.0,256,20,0,128,0,0.0,5.0,171.11148796910783,9166.021022864676,0.5336805555555556,953.1485230408252,0.0,
coast,mppi_direct,300.0,1800.0,0.1,0.11,5.0,5.5,10.0,10.0,10,100.0,inf,cone,both,5000.0,10.0,0.01,30.0,0.01,256,20,3,0.5,0.1,0.99,10.0,256,20,0,128,0,0.0,5.5,170.69498437697956,9907.721154942888,0.5141927083333333,960.1080250742366,0.0,
coast,mppi_direct,300.0,1800.0,0.1,0.11,5.0,6.25,10.0,10.0,10,100.0,inf,cone,both,5000.0,10.0,0.01,30.0,0.01,256,20,3,0.5,0.1,0.99,10.0,256,20,0,128,0,0.0,6.25,169.8718893369975,10912.065752324168,0.4782986111111111,1033.9146877746596,0.0,
coast,mppi_direct,300.0,1800.0,0.1,0.11,5.0,7.5,10.0,10.0,10,100.0,inf,cone,both,5000.0,10.0,0.01,30.0,0.01,256,20,3,0.5,0.1,0.99,10.0,256,20,0,128,0,0.0,7.5,169.9058442977744,12407.862616487497,0.4445746527777778,1148.787640856678,0.0,
coast,mppi_direct,300.0,1800.0,0.1,0.11,5.0,10.0,10.0,10.0,10,100.0,inf,cone,both,5000.0,10.0,0.01,30.0,0.01,256,20,3,0.5,0.1,0.99,10.0,256,20,0,128,0,0.0,10.0,169.90595934295004,14848.931346628551,0.4220920138888889,1364.832544075425,0.0,
coast,mppi_direct,300.0,1800.0,0.1,0.11,5.0,inf,10.0,10.0,10,100.0,inf,cone,both,5000.0,10.0,0.01,30.0,0.01,256,20,3,0.5,0.1,0.99,10.0,256,20,0,128,0,0.0,18.76002011265908,169.90595934295004,18343.75796748776,0.4216579861111111,1869.2848860355173,0.0,
coast,mppi_direct,300.0,1800.0,0.1,0.125,5.0,1.25,10.0,10.0,10,100.0,inf,cone,both,5000.0,10.0,0.01,30.0,0.01,256,20,3,0.5,0.1,0.99,10.0,256,20,0,128,0,0.0,1.25,258.06273778564366,3542.315353515614,0.7427951388888889,293.1830365221106,0.0,
coast,mppi_direct,300.0,1800.0,0.1,0.125,5.0,2.5,10.0,10.0,10,100.0,inf,cone,both,5000.0,10.0,0.01,30.0,0.01,256,20,3,0.5,0.1,0.99,10.0,256,20,0,128,0,0.0,2.5,189.4576989010125,5465.627745460307,0.6868489583333334,516.40252037661,0.0,
coast,mppi_direct,300.0,1800.0,0.1,0.125,5.0,3.75,10.0,10.0,10,100.0,inf,cone,both,5000.0,10.0,0.01,30.0,0.01,256,20,3,0.5,0.1,0.99,10.0,256,20,0,128,1,0.0,3.7422167290631143,170.28363144152573,7495.806584986027,0.6313802083333333,669.5842089518267,0.0078125,260.0
coast,mppi_direct,300.0,1800.0,0.1,0.125,5.0,4.5,10.0,10.0,10,100.0,inf,cone,both,5000.0,10.0,0.01,30.0,0.01,256,20,3,0.5,0.1,0.99,10.0,256,20,0,128,0,0.0,4.5,180.2626366307568,8750.898090343513,0.553515625,906.6993041547972,0.0,
coast,mppi_direct,300.0,1800.0,0.1,0.125,5.0,5.0,10.0,10.0,10,100.0,inf,cone,both,5000.0,10.0,0.01,30.0,0.01,256,20,3,0.5,0.1,0.99,10.0,256,20,0,128,0,0.0,5.0,176.72476698385253,9529.336212919912,0.5243055555555556,942.007037347552,0.0,
coast,mppi_direct,300.0,1800.0,0.1,0.125,5.0,5.5,10.0,10.0,10,100.0,inf,cone,both,5000.0,10.0,0.01,30.0,0.01,256,20,3,0.5,0.1,0.99,10.0,256,20,0,128,0,0.0,5.5,174.43803215734877,10163.63221114174,0.4884982638888889,1032.6622379593898,0.0,
coast,mppi_direct,300.0,1800.0,0.1,0.125,5.0,6.25,10.0,10.0,10,100.0,inf,cone,both,5000.0,10.0,0.01,30.0,0.01,256,20,3,0.5,0.1,0.99,10.0,256,20,0,128,0,0.0,6.25,174.52389075103773,11290.243090191165,0.4646701388888888,1063.8133261105193,0.0,
coast,mppi_direct,300.0,1800.0,0.1,0.125,5.0,7.5,10.0,10.0,10,100.0,inf,cone,both,5000.0,10.0,0.01,30.0,0.01,256,20,3,0.5,0.1,0.99,10.0,256,20,0,128,0,0.0,7.5,174.75594996395506,12912.193573201468,0.4254774305555555,1227.733814702691,0.0,
coast,mppi_direct,300.0,1800.0,0.1,0.125,5.0,10.0,10.0,10.0,10,100.0,inf,cone,both,5000.0,10.0,0.01,30.0,0.01,256,20,3,0.5,0.1,0.99,10.0,256,20,0,128,0,0.0,10.0,174.71570224907052,15629.237092187504,0.398046875,1436.9345581389173,0.0,
coast,mppi_direct,300.0,1800.0,0.1,0.125,5.0,inf,10.0,10.0,10,100.0,inf,cone,both,5000.0,10.0,0.01,30.0,0.01,256,20,3,0.5,0.1,0.99,10.0,256,20,0,128,0,0.0,21.34624577349273,174.71570230222827,20841.938124105945,0.3957899305555555,2244.4718343119075,0.0,
coast,mppi_direct,300.0,1800.0,0.1,0.15,5.0,1.25,10.0,10.0,10,100.0,inf,cone,both,5000.0,10.0,0.01,30.0,0.01,256,20,3,0.5,0.1,0.99,10.0,256,20,0,128,0,0.0,1.25,267.2782931290875,3676.864447655624,0.7427083333333333,293.8056296764345,0.0,
coast,mppi_direct,300.0,1800.0,0.1,0.15,5.0,2.5,10.0,10.0,10,100.0,inf,cone,both,5000.0,10.0,0.01,30.0,0.01,256,20,3,0.5,0.1,0.99,10.0,256,20,0,128,0,0.0,2.5,213.2532787884317,5737.033268321715,0.6812065972222222,543.6067407538505,0.0,
coast,mppi_direct,300.0,1800.0,0.1,0.15,5.0,3.75,10.0,10.0,10,100.0,inf,cone,both,5000.0,10.0,0.01,30.0,0.01,256,20,3,0.5,0.1,0.99,10.0,256,20,0,128,0,0.0,3.75,187.76215720924145,8290.036328955526,0.5516927083333333,888.1245005824884,0.0,
coast,mppi_direct,300.0,1800.0,0.1,0.15,5.0,4.5,10.0,10.0,10,100.0,inf,cone,both,5000.0,10.0,0.01,30.0,0.01,256,20,3,0.5,0.1,0.99,10.0,256,20,0,128,1,0.0,4.4879397279846565,180.902398301982,9123.720030338947,0.5417100694444444,906.960477402815,0.0078125,230.0
coast,mppi_direct,300.0,1800.0,0.1,0.15,5.0,5.0,10.0,10.0,10,100.0,inf,cone,both,5000.0,10.0,0.01,30.0,0.01,256,20,3,0.5,0.1,0.99,10.0,256,20,0,128,0,0.0,5.0,187.52907234624533,10190.675951001544,0.49375,1059.774173867425,0.0,
coast,mppi_direct,300.0,1800.0,0.1,0.15,5.0,5.5,10.0,10.0,10,100.0,inf,cone,both,5000.0,10.0,0.01,30.0,0.01,256,20,3,0.5,0.1,0.99,10.0,256,20,0,128,0,0.0,5.5,191.15550115460357,10994.138450348488,0.4627170138888888,1140.5561322837232,0.0,
coast,mppi_direct,300.0,1800.0,0.1,0.15,5.0,6.25,10.0,10.0,10,100.0,inf,cone,both,5000.0,10.0,0.01,30.0,0.01,256,20,3,0.5,0.1,0.99,10.0,256,20,0,128,0,0.0,6.25,186.27255628480236,12032.193297567492,0.4344618055555556,1227.8942184810928,0.0,
coast,mppi_direct,300.0,1800.0,0.1,0.15,5.0,7.5,10.0,10.0,10,100.0,inf,cone,both,5000.0,10.0,0.01,30.0,0.01,256,20,3,0.5,0.1,0.99,10.0,256,20,0,128,0,0.0,7.5,185.14695897793476,13771.59208903901,0.4023003472222222,1319.0727643797118,0.0,
coast,mppi_direct,300.0,1800.0,0.1,0.15,5.0,10.0,10.0,10.0,10,100.0,inf,cone,both,5000.0,10.0,0.01,30.0,0.01,256,20,3,0.5,0.1,0.99,10.0,256,20,0,128,0,0.0,10.0,183.8850024421875,16941.677501025963,0.3699652777777777,1567.5795373327114,0.0,
coast,mppi_direct,300.0,1800.0,0.1,0.15,5.0,inf,10.0,10.0,10,100.0,inf,cone,both,5000.0,10.0,0.01,30.0,0.01,256,20,3,0.5,0.1,0.99,10.0,256,20,0,128,0,0.0,25.648820533088298,183.88068620408956,25286.8272327287,0.3641059027777777,2898.985283002551,0.0,
coast,mppi_direct,300.0,1800.0,0.1,0.2,5.0,1.25,10.0,10.0,10,100.0,inf,cone,both,5000.0,10.0,0.01,30.0,0.01,256,20,3,0.5,0.1,0.99,10.0,256,20,0,128,0,0.0,1.25,275.34135059799866,3718.3156725069,0.75625,267.0186503003644,0.0,
coast,mppi_direct,300.0,1800.0,0.1,0.2,5.0,2.5,10.0,10.0,10,100.0,inf,cone,both,5000.0,10.0,0.01,30.0,0.01,256,20,3,0.5,0.1,0.99,10.0,256,20,0,128,0,0.0,2.5,236.1794409729576,6105.745963725322,0.6720052083333333,562.4366376162909,0.0,
coast,mppi_direct,300.0,1800.0,0.1,0.2,5.0,3.75,10.0,10.0,10,100.0,inf,cone,both,5000.0,10.0,0.01,30.0,0.01,256,20,3,0.5,0.1,0.99,10.0,256,20,0,128,0,0.0,3.75,219.40434855430323,8524.059676592275,0.5593315972222223,887.2272227030024,0.0,
coast,mppi_direct,300.0,1800.0,0.1,0.2,5.0,4.5,10.0,10.0,10,100.0,inf,cone,both,5000.0,10.0,0.01,30.0,0.01,256,20,3,0.5,0.1,0.99,10.0,256,20,0,128,0,0.0,4.5,208.47348367008223,10054.56207875754,0.5077256944444445,937.073755283515,0.0,
coast,mppi_direct,300.0,1800.0,0.1,0.2,5.0,5.0,10.0,10.0,10,100.0,inf,cone,both,5000.0,10.0,0.01,30.0,0.01,256,20,3,0.5,0.1,0.99,10.0,256,20,0,128,0,0.0,5.0,214.9756721946152,11532.77578410113,0.4403645833333333,1187.248150818415,0.0,
coast,mppi_direct,300.0,1800.0,0.1,0.2,5.0,5.5,10.0,10.0,10,100.0,inf,cone,both,5000.0,10.0,0.01,30.0,0.01,256,20,3,0.5,0.1,0.99,10.0,256,20,0,128,0,0.0,5.5,219.7060806548133,12308.379720964733,0.431640625,1139.2144795621025,0.0,
coast,mppi_direct,300.0,1800.0,0.1,0.2,5.0,6.25,10.0,10.0,10,100.0,inf,cone,both,5000.0,10.0,0.01,30.0,0.01,256,20,3,0.5,0.1,0.99,10.0,256,20,0,128,0,0.0,6.25,214.29987520891677,13600.864752117714,0.3948350694444444,1396.4704696813558,0.0,
coast,mppi_direct,300.0,1800.0,0.1,0.2,5.0,7.5,10.0,10.0,10,100.0,inf,cone,both,5000.0,10.0,0.01,30.0,0.01,256,20,3,0.5,0.1,0.99,10.0,256,20,0,128,0,0.0,7.5,213.6796343517554,15882.907878089072,0.35625,1634.8964204963038,0.0,
coast,mppi_direct,300.0,1800.0,0.1,0.2,5.0,10.0,10.0,10.0,10,100.0,inf,cone,both,5000.0,10.0,0.01,30.0,0.01,256,20,3,0.5,0.1,0.99,10.0,256,20,0,128,0,0.0,10.0,209.870407499742,19317.15503911225,0.3279079861111111,1833.5247690374515,0.0,
coast,mppi_direct,300.0,1800.0,0.1,0.2,5.0,inf,10.0,10.0,10,100.0,inf,cone,both,5000.0,10.0,0.01,30.0,0.01,256,20,3,0.5,0.1,0.99,10.0,256,20,0,128,0,0.0,34.253643161459976,209.87381801399863,34834.12825373049,0.3140625,4479.306932605544,0.0,
coast,mppi_lqr,300.0,1800.0,0.1,0.025,5.0,1.25,10.0,10.0,10,100.0,inf,cone,both,5000.0,10.0,0.01,30.0,0.01,256,20,3,0.5,0.1,0.99,10.0,256,20,0,128,0,0.0,1.25,299.98256553021423,3239.32994072261,0.8294704861111111,106.15088368639258,0.0,
coast,mppi_lqr,300.0,1800.0,0.1,0.025,5.0,2.5,10.0,10.0,10,100.0,inf,cone,both,5000.0,10.0,0.01,30.0,0.01,256,20,3,0.5,0.1,0.99,10.0,256,20,0,128,0,0.0,2.5,299.9829055337884,4549.046235081213,0.7999131944444444,143.20931060885573,0.0,
coast,mppi_lqr,300.0,1800.0,0.1,0.025,5.0,3.75,10.0,10.0,10,100.0,inf,cone,both,5000.0,10.0,0.01,30.0,0.01,256,20,3,0.5,0.1,0.99,10.0,256,20,0,128,0,0.0,3.75,299.9829055337884,5086.819641866665,0.7861979166666667,157.4791813807423,0.0,
coast,mppi_lqr,300.0,1800.0,0.1,0.025,5.0,4.5,10.0,10.0,10,100.0,inf,cone,both,5000.0,10.0,0.01,30.0,0.01,256,20,3,0.5,0.1,0.99,10.0,256,20,0,128,0,0.0,4.188069075786157,299.9829055337884,5119.486822310659,0.7861545138888889,158.20878770130537,0.0,
coast,mppi_lqr,300.0,1800.0,0.1,0.025,5.0,5.0,10.0,10.0,10,100.0,inf,cone,both,5000.0,10.0,0.01,30.0,0.01,256,20,3,0.5,0.1,0.99,10.0,256,20,0,128,0,0.0,4.189577951749463,299.9829055337884,5118.474725696508,0.7861545138888889,158.19497568483882,0.0,
coast,mppi_lqr,300.0,1800.0,0.1,0.025,5.0,5.5,10.0,10.0,10,100.0,inf,cone,both,5000.0,10.0,0.01,30.0,0.01,256,20,3,0.5,0.1,0.99,10.0,256,20,0,128,0,0.0,4.189670120245048,299.9829055337884,5118.451149911879,0.7861545138888889,158.1942692444523,0.0,
coast,mppi_lqr,300.0,1800.0,0.1,0.025,5.0,6.25,10.0,10.0,10,100.0,inf,cone,both,5000.0,10.0,0.01,30.0,0.01,256,20,3,0.5,0.1,0.99,10.0,256,20,0,128,0,0.0,4.189673355443471,299.9829055337884,5118.451139642913,0.7861545138888889,158.1942683498335,0.0,
coast,mppi_lqr,300.0,1800.0,0.1,0.025,5.0,7.5,10.0,10.0,10,100.0,inf,cone,both,5000.0,10.0,0.01,30.0,0.01,256,20,3,0.5,0.1,0.99,10.0,256,20,0,128,0,0.0,4.189673355443471,299.9829055337884,5118.451139642913,0.7861545138888889,158.1942683498335,0.0,
coast,mppi_lqr,300.0,1800.0,0.1,0.025,5.0,10.0,10.0,10.0,10,100.0,inf,cone,both,5000.0,10.0,0.01,30.0,0.01,256,20,3,0.5,0.1,0.99,10.0,256,20,0,128,0,0.0,4.189673355443471,299.9829055337884,5118.451139642913,0.7861545138888889,158.1942683498335,0.0,
coast,mppi_lqr,300.0,1800.0,0.1,0.025,5.0,inf,10.0,10.0,10,100.0,inf,cone,both,5000.0,10.0,0.01,30.0,0.01,256,20,3,0.5,0.1,0.99,10.0,256,20,0,128,0,0.0,4.189673355443471,299.9829055337884,5118.451139642913,0.7861545138888889,158.1942683498335,0.0,
coast,mppi_lqr,300.0,1800.0,0.1,0.05,5.0,1.25,10.0,10.0,10,100.0,inf,cone,both,5000.0,10.0,0.01,30.0,0.01,256,20,3,0.5,0.1,0.99,10.0,256,20,0,128,0,0.0,1.25,299.91971461332224,3557.4665194579684,0.7931857638888888,183.20873241703117,0.0,
coast,mppi_lqr,300.0,1800.0,0.1,0.05,5.0,2.5,10.0,10.0,10,100.0,inf,cone,both,5000.0,10.0,0.01,30.0,0.01,256,20,3,0.5,0.1,0.99,10.0,256,20,0,128,0,0.0,2.5,300.0,5671.44344486799,0.7296875,279.13563783250066,0.0,
coast,mppi_lqr,300.0,1800.0,0.1,0.05,5.0,3.75,10.0,10.0,10,100.0,inf,cone,both,5000.0,10.0,0.01,30.0,0.01,256,20,3,0.5,0.1,0.99,10.0,256,20,0,128,0,0.0,3.75,300.0,7222.435168776447,0.665625,372.8959779294318,0.0,
coast,mppi_lqr,300.0,1800.0,0.1,0.05,5.0,4.5,10.0,10.0,10,100.0,inf,cone,both,5000.0,10.0,0.01,30.0,0.01,256,20,3,0.5,0.1,0.99,10.0,256,20,0,128,0,0.0,4.5,300.0,7939.851812221566,0.641015625,401.8087411173145,0.0,
coast,mppi_lqr,300.0,1800.0,0.1,0.05,5.0,5.0,10.0,10.0,10,100.0,inf,cone,both,5000.0,10.0,0.01,30.0,0.01,256,20,3,0.5,0.1,0.99,10.0,256,20,0,128,0,0.0,5.0,300.0,8342.748760542236,0.6274739583333333,417.3240998878988,0.0,
coast,mppi_lqr,300.0,1800.0,0.1,0.05,5.0,5.5,10.0,10.0,10,100.0,inf,cone,both,5000.0,10.0,0.01,30.0,0.01,256,20,3,0.5,0.1,0.99,10.0,256,20,0,128,0,0.0,5.5,300.0,8683.968402060756,0.6164496527777777,453.0658271622452,0.0,
coast,mppi_lqr,300.0,1800.0,0.1,0.05,5.0,6.25,10.0,10.0,10,100.0,inf,cone,both,5000.0,10.0,0.01,30.0,0.01,256,20,3,0.5,0.1,0.99,10.0,256,20,0,128,0,0.0,6.25,300.0,9095.928581678654,0.6071180555555555,490.1953722426201,0.0,
coast,mppi_lqr,300.0,1800.0,0.1,0.05,5.0,7.5,10.0,10.0,10,100.0,inf,cone,both,5000.0,10.0,0.01,30.0,0.01,256,20,3,0.5,0.1,0.99,10.0,256,20,0,128,0,0.0,7.5,300.0,9513.977103119329,0.6028645833333334,524.9740944423368,0.0,
coast,mppi_lqr,300.0,1800.0,0.1,0.05,5.0,10.0,10.0,10.0,10,100.0,inf,cone,both,5000.0,10.0,0.01,30.0,0.01,256,20,3,0.5,0.1,0.99,10.0,256,20,0,128,0,0.0,8.56258579970358,300.0,9610.797594743604,0.6029079861111111,527.9099444623598,0.0,
coast,mppi_lqr,300.0,1800.0,0.1,0.05,5.0,inf,10.0,10.0,10,100.0,inf,cone,both,5000.0,10.0,0.01,30.0,0.01,256,20,3,0.5,0.1,0.99,10.0,256,20,0,128,0,0.0,8.563382535428806,300.0,9610.65751303094,0.6029079861111111,527.9079288467339,0.0,
coast,mppi_lqr,300.0,1800.0,0.1,0.075,5.0,1.25,10.0,10.0,10,100.0,inf,cone,both,5000.0,10.0,0.01,30.0,0.01,256,20,3,0.5,0.1,0.99,10.0,256,20,0,128,0,0.0,1.25,300.0,3657.690065062144,0.8032986111111111,186.08343154199852,0.0,
coast,mppi_lqr,300.0,1800.0,0.1,0.075,5.0,2.5,10.0,10.0,10,100.0,inf,cone,both,5000.0,10.0,0.01,30.0,0.01,256,20,3,0.5,0.1,0.99,10.0,256,20,0,128,0,0.0,2.5,300.0,6137.36063820124,0.7162326388888889,290.42390929807107,0.0,
coast,mppi_lqr,300.0,1800.0,0.1,0.075,5.0,3.75,10.0,10.0,10,100.0,inf,cone,both,5000.0,10.0,0.01,30.0,0.01,256,20,3,0.5,0.1,0.99,10.0,256,20,0,128,0,0.0,3.75,300.0,8100.656958026176,0.6586371527777778,301.393148051683,0.0,
coast,mppi_lqr,300.0,1800.0,0.1,0.075,5.0,4.5,10.0,10.0,10,100.0,inf,cone,both,5000.0,10.0,0.01,30.0,0.01,256,20,3,0.5,0.1,0.99,10.0,256,20,0,128,0,0.0,4.5,300.0,9128.67139160516,0.6144965277777777,366.2203579463044,0.0,
coast,mppi_lqr,300.0,1800.0,0.1,0.075,5.0,5.0,10.0,10.0,10,100.0,inf,cone,both,5000.0,10.0,0.01,30.0,0.01,256,20,3,0.5,0.1,0.99,10.0,256,20,0,128,0,0.0,5.0,300.0,9763.123112661126,0.5857638888888889,385.79454939965694,0.0,
coast,mppi_lqr,300.0,1800.0,0.1,0.075,5.0,5.5,10.0,10.0,10,100.0,inf,cone,both,5000.0,10.0,0.01,30.0,0.01,256,20,3,0.5,0.1,0.99,10.0,256,20,0,128,0,0.0,5.5,300.0,10332.781645247704,0.56171875,405.5992483897074,0.0,
coast,mppi_lqr,300.0,1800.0,0.1,0.075,5.0,6.25,10.0,10.0,10,100.0,inf,cone,both,5000.0,10.0,0.01,30.0,0.01,256,20,3,0.5,0.1,0.99,10.0,256,20,0,128,0,0.0,6.25,300.0,11095.526132313527,0.5380642361111111,428.6296654899773,0.0,
coast,mppi_lqr,300.0,1800.0,0.1,0.075,5.0,7.5,10.0,10.0,10,100.0,inf,cone,both,5000.0,10.0,0.01,30.0,0.01,256,20,3,0.5,0.1,0.99,10.0,256,20,0,128,0,0.0,7.5,300.0,12156.947380523618,0.5213541666666667,506.6383416612964,0.0,
coast,mppi_lqr,300.0,1800.0,0.1,0.075,5.0,10.0,10.0,10.0,10,100.0,inf,cone,both,5000.0,10.0,0.01,30.0,0.01,256,20,3,0.5,0.1,0.99,10.0,256,20,0,128,0,0.0,10.0,300.0,13566.775676983923,0.5184027777777778,704.576286282041,0.0,
coast,mppi_lqr,300.0,1800.0,0.1,0.075,5.0,inf,10.0,10.0,10,100.0,inf,cone,both,5000.0,10.0,0.01,30.0,0.01,256,20,3,0.5,0.1,0.99,10.0,256,20,0,128,0,0.0,12.87852495229593,300.0,14087.207582530298,0.5185329861111111,739.2981817599799,0.0,
coast,mppi_lqr,300.0,1800.0,0.1,0.09,5.0,1.25,10.0,10.0,10,100.0,inf,cone,both,5000.0,10.0,0.01,30.0,0.01,256,20,3,0.5,0.1,0.99,10.0,256,20,0,128,0,0.0,1.25,300.0,3699.6957256136334,0.8127604166666667,173.52922748066072,0.0,
coast,mppi_lqr,300.0,1800.0,0.1,0.09,5.0,2.5,10.0,10.0,10,100.0,inf,cone,both,5000.0,10.0,0.01,30.0,0.01,256,20,3,0.5,0.1,0.99,10.0,256,20,0,128,0,0.0,2.5,300.0,6196.084940180405,0.7315104166666667,268.28785882703914,0.0,
coast,mppi_lqr,300.0,1800.0,0.1,0.09,5.0,3.75,10.0,10.0,10,100.0,inf,cone,both,5000.0,10.0,0.01,30.0,0.01,256,20,3,0.5,0.1,0.99,10.0,256,20,0,128,0,0.0,3.75,300.0,8439.193404489948,0.6303819444444444,379.9714158795349,0.0,
coast,mppi_lqr,300.0,1800.0,0.1,0.09,5.0,4.5,10.0,10.0,10,100.0,inf,cone,both,5000.0,10.0,0.01,30.0,0.01,256,20,3,0.5,0.1,0.99,10.0,256,20,0,128,0,0.0,4.5,300.0,9568.452991868056,0.5815972222222222,432.41693074894056,0.0,
coast,mppi_lqr,300.0,1800.0,0.1,0.09,5.0,5.0,10.0,10.0,10,100.0,inf,cone,both,5000.0,10.0,0.01,30.0,0.01,256,20,3,0.5,0.1,0.99,10.0,256,20,0,128,0,0.0,5.0,300.0,10285.491233588293,0.5533420138888889,435.125248771052,0.0,
coast,mppi_lqr,300.0,1800.0,0.1,0.09,5.0,5.5,10.0,10.0,10,100.0,inf,cone,both,5000.0,10.0,0.01,30.0,0.01,256,20,3,0.5,0.1,0.99,10.0,256,20,0,128,0,0.0,5.5,300.0,10944.918676724972,0.5335069444444445,381.3596366525052,0.0,
coast,mppi_lqr,300.0,1800.0,0.1,0.09,5.0,6.25,10.0,10.0,10,100.0,inf,cone,both,5000.0,10.0,0.01,30.0,0.01,256,20,3,0.5,0.1,0.99,10.0,256,20,0,128,0,0.0,6.25,300.0,11887.28797999827,0.5060329861111111,396.6900648853788,0.0,
coast,mppi_lqr,300.0,1800.0,0.1,0.09,5.0,7.5,10.0,10.0,10,100.0,inf,cone,both,5000.0,10.0,0.01,30.0,0.01,256,20,3,0.5,0.1,0.99,10.0,256,20,0,128,0,0.0,7.5,300.0,13193.273446584495,0.4790364583333333,482.8944223315275,0.0,
coast,mppi_lqr,300.0,1800.0,0.1,0.09,5.0,10.0,10.0,10.0,10,100.0,inf,cone,both,5000.0,10.0,0.01,30.0,0.01,256,20,3,0.5,0.1,0.99,10.0,256,20,0,128,0,0.0,10.0,300.0,15157.189254051968,0.4712239583333333,773.5887171886499,0.0,
coast,mppi_lqr,300.0,1800.0,0.1,0.09,5.0,inf,10.0,10.0,10,100.0,inf,cone,both,5000.0,10.0,0.01,30.0,0.01,256,20,3,0.5,0.1,0.99,10.0,256,20,0,128,0,0.0,15.45800983346467,300.0,16791.257963324035,0.4713107638888889,957.1545926091156,0.0,
coast,mppi_lqr,300.0,1800.0,0.1,0.1,5.0,1.25,10.0,10.0,10,100.0,inf,cone,both,5000.0,10.0,0.01,30.0,0.01,256,20,3,0.5,0.1,0.99,10.0,256,20,0,128,0,0.0,1.25,300.0,3709.687024522008,0.8138454861111111,174.50335842999115,0.0,
coast,mppi_lqr,300.0,1800.0,0.1,0.1,5.0,2.5,10.0,10.0,10,100.0,inf,cone,both,5000.0,10.0,0.01,30.0,0.01,256,20,3,0.5,0.1,0.99,10.0,256,20,0,128,0,0.0,2.5,299.9952823419059,6338.340647125539,0.7364149305555555,268.6888882949983,0.0,
coast,mppi_lqr,300.0,1800.0,0.1,0.1,5.0,3.75,10.0,10.0,10,100.0,inf,cone,both,5000.0,10.0,0.01,30.0,0.01,256,20,3,0.5,0.1,0.99,10.0,256,20,0,128,0,0.0,3.75,300.0,8641.40032508993,0.6363715277777778,303.89751629243403,0.0,
coast,mppi_lqr,300.0,1800.0,0.1,0.1,5.0,4.5,10.0,10.0,10,100.0,inf,cone,both,5000.0,10.0,0.01,30.0,0.01,256,20,3,0.5,0.1,0.99,10.0,256,20,0,128,0,0.0,4.5,300.0,9845.977475693477,0.5877170138888889,313.5272466394316,0.0,
coast,mppi_lqr,300.0,1800.0,0.1,0.1,5.0,5.0,10.0,10.0,10,100.0,inf,cone,both,5000.0,10.0,0.01,30.0,0.01,256,20,3,0.5,0.1,0.99,10.0,256,20,0,128,0,0.0,5.0,300.0,10536.675423832214,0.5482638888888889,412.7848274529879,0.0,
coast,mppi_lqr,300.0,1800.0,0.1,0.1,5.0,5.5,10.0,10.0,10,100.0,inf,cone,both,5000.0,10.0,0.01,30.0,0.01,256,20,3,0.5,0.1,0.99,10.0,256,20,0,128,0,0.0,5.5,300.0,11237.637104806996,0.5148871527777777,441.9289395937079,0.0,
coast,mppi_lqr,300.0,1800.0,0.1,0.1,5.0,6.25,10.0,10.0,10,100.0,inf,cone,both,5000.0,10.0,0.01,30.0,0.01,256,20,3,0.5,0.1,0.99,10.0,256,20,0,128,0,0.0,6.25,300.0,12231.87546922243,0.4919704861111111,365.83593347018433,0.0,
coast,mppi_lqr,300.0,1800.0,0.1,0.1,5.0,7.5,10.0,10.0,10,100.0,inf,cone,both,5000.0,10.0,0.01,30.0,0.01,256,20,3,0.5,0.1,0.99,10.0,256,20,0,128,0,0.0,7.5,300.0,13696.636833289507,0.4611111111111111,483.20388223444826,0.0,
coast,mppi_lqr,300.0,1800.0,0.1,0.1,5.0,10.0,10.0,10.0,10,100.0,inf,cone,both,5000.0,10.0,0.01,30.0,0.01,256,20,3,0.5,0.1,0.99,10.0,256,20,0,128,0,0.0,10.0,300.0,15954.809556723683,0.4486111111111111,769.1578598154481,0.0,
coast,mppi_lqr,300.0,1800.0,0.1,0.1,5.0,inf,10.0,10.0,10,100.0,inf,cone,both,5000.0,10.0,0.01,30.0,0.01,256,20,3,0.5,0.1,0.99,10.0,256,20,0,128,0,0.0,17.178191572678926,300.0,18530.70761676577,0.4490451388888888,1114.2351791066249,0.0,
coast,mppi_lqr,300.0,1800.0,0.1,0.11,5.0,1.25,10.0,10.0,10,100.0,inf,cone,both,5000.0,10.0,0.01,30.0,0.01,256,20,3,0.5,0.1,0.99,10.0,256,20,0,128,0,0.0,1.25,300.0,3740.372728752761,0.8039930555555556,184.51427240603047,0.0,
coast,mppi_lqr,300.0,1800.0,0.1,0.11,5.0,2.5,10.0,10.0,10,100.0,inf,cone,both,5000.0,10.0,0.01,30.0,0.01,256,20,3,0.5,0.1,0.99,10.0,256,20,0,128,0,0.0,2.5,299.992978312675,6324.496504445605,0.6854166666666667,377.3743845541508,0.0,
coast,mppi_lqr,300.0,1800.0,0.1,0.11,5.0,3.75,10.0,10.0,10,100.0,inf,cone,both,5000.0,10.0,0.01,30.0,0.01,256,20,3,0.5,0.1,0.99,10.0,256,20,0,128,0,0.0,3.75,300.0,8724.262408323535,0.6418402777777777,251.93485470755212,0.0,
coast,mppi_lqr,300.0,1800.0,0.1,0.11,5.0,4.5,10.0,10.0,10,100.0,inf,cone,both,5000.0,10.0,0.01,30.0,0.01,256,20,3,0.5,0.1,0.99,10.0,256,20,0,128,0,0.0,4.5,300.0,10015.123627048051,0.5695746527777777,388.3054422054608,0.0,
coast,mppi_lqr,300.0,1800.0,0.1,0.11,5.0,5.0,10.0,10.0,10,100.0,inf,cone,both,5000.0,10.0,0.01,30.0,0.01,256,20,3,0.5,0.1,0.99,10.0,256,20,0,128,0,0.0,5.0,300.0,10829.108911317502,0.5406684027777777,425.4506495906806,0.0,
coast,mppi_lqr,300.0,1800.0,0.1,0.11,5.0,5.5,10.0,10.0,10,100.0,inf,cone,both,5000.0,10.0,0.01,30.0,0.01,256,20,3,0.5,0.1,0.99,10.0,256,20,0,128,0,0.0,5.5,300.0,11525.04785781502,0.5059461805555555,508.5264657739486,0.0,
coast,mppi_lqr,300.0,1800.0,0.1,0.11,5.0,6.25,10.0,10.0,10,100.0,inf,cone,both,5000.0,10.0,0.01,30.0,0.01,256,20,3,0.5,0.1,0.99,10.0,256,20,0,128,0,0.0,6.25,300.0,12528.546271900452,0.4775173611111111,506.807622857801,0.0,
coast,mppi_lqr,300.0,1800.0,0.1,0.11,5.0,7.5,10.0,10.0,10,100.0,inf,cone,both,5000.0,10.0,0.01,30.0,0.01,256,20,3,0.5,0.1,0.99,10.0,256,20,0,128,0,0.0,7.5,300.0,14147.15183695776,0.4458767361111111,562.7511961271783,0.0,
coast,mppi_lqr,300.0,1800.0,0.1,0.11,5.0,10.0,10.0,10.0,10,100.0,inf,cone,both,5000.0,10.0,0.01,30.0,0.01,256,20,3,0.5,0.1,0.99,10.0,256,20,0,128,0,0.0,10.0,300.0,16652.478081095516,0.428515625,813.3857378880543,0.0,
coast,mppi_lqr,300.0,1800.0,0.1,0.11,5.0,inf,10.0,10.0,10,100.0,inf,cone,both,5000.0,10.0,0.01,30.0,0.01,256,20,3,0.5,0.1,0.99,10.0,256,20,0,128,0,0.0,18.89840277645453,300.0,20286.90472665689,0.4288628472222222,1365.4790692516967,0.0,
coast,mppi_lqr,300.0,1800.0,0.1,0.125,5.0,1.25,10.0,10.0,10,100.0,inf,cone,both,5000.0,10.0,0.01,30.0,0.01,256,20,3,0.5,0.1,0.99,10.0,256,20,0,128,0,0.0,1.25,300.0,3757.538228261823,0.7907552083333333,204.49921523972847,0.0,
coast,mppi_lqr,300.0,1800.0,0.1,0.125,5.0,2.5,10.0,10.0,10,100.0,inf,cone,both,5000.0,10.0,0.01,30.0,0.01,256,20,3,0.5,0.1,0.99,10.0,256,20,0,128,0,0.0,2.5,299.98513443195384,6483.466494556193,0.7111111111111111,337.8030243828061,0.0,
coast,mppi_lqr,300.0,1800.0,0.1,0.125,5.0,3.75,10.0,10.0,10,100.0,inf,cone,both,5000.0,10.0,0.01,30.0,0.01,256,20,3,0.5,0.1,0.99,10.0,256,20,0,128,0,0.0,3.75,299.99995295980614,8965.657271859758,0.6134548611111111,383.396487694348,0.0,
coast,mppi_lqr,300.0,1800.0,0.1,0.125,5.0,4.5,10.0,10.0,10,100.0,inf,cone,both,5000.0,10.0,0.01,30.0,0.01,256,20,3,0.5,0.1,0.99,10.0,256,20,0,128,0,0.0,4.5,299.9998892359712,10197.914536793009,0.5560329861111111,459.7920714911589,0.0,
coast,mppi_lqr,300.0,1800.0,0.1,0.125,5.0,5.0,10.0,10.0,10,100.0,inf,cone,both,5000.0,10.0,0.01,30.0,0.01,256,20,3,0.5,0.1,0.99,10.0,256,20,0,128,0,0.0,5.0,299.9998899308683,10999.663857395,0.5101128472222223,582.4347509093419,0.0,
coast,mppi_lqr,300.0,1800.0,0.1,0.125,5.0,5.5,10.0,10.0,10,100.0,inf,cone,both,5000.0,10.0,0.01,30.0,0.01,256,20,3,0.5,0.1,0.99,10.0,256,20,0,128,0,0.0,5.5,299.9998899883962,11799.84097685864,0.4754340277777777,664.541253268495,0.0,
coast,mppi_lqr,300.0,1800.0,0.1,0.125,5.0,6.25,10.0,10.0,10,100.0,inf,cone,both,5000.0,10.0,0.01,30.0,0.01,256,20,3,0.5,0.1,0.99,10.0,256,20,0,128,0,0.0,6.25,299.9998900486323,12909.587826449744,0.4456163194444444,669.7500271795591,0.0,
coast,mppi_lqr,300.0,1800.0,0.1,0.125,5.0,7.5,10.0,10.0,10,100.0,inf,cone,both,5000.0,10.0,0.01,30.0,0.01,256,20,3,0.5,0.1,0.99,10.0,256,20,0,128,0,0.0,7.5,299.999890048907,14564.832657877516,0.4146701388888889,765.8058596905088,0.0,
coast,mppi_lqr,300.0,1800.0,0.1,0.125,5.0,10.0,10.0,10.0,10,100.0,inf,cone,both,5000.0,10.0,0.01,30.0,0.01,256,20,3,0.5,0.1,0.99,10.0,256,20,0,128,0,0.0,10.0,299.999890048907,17434.584215418246,0.3904079861111111,1025.3157622363472,0.0,
coast,mppi_lqr,300.0,1800.0,0.1,0.125,5.0,inf,10.0,10.0,10,100.0,inf,cone,both,5000.0,10.0,0.01,30.0,0.01,256,20,3,0.5,0.1,0.99,10.0,256,20,0,128,0,0.0,21.472815932862616,299.999890048907,22835.749756870533,0.3899305555555555,2031.8897210576613,0.0,
coast,mppi_lqr,300.0,1800.0,0.1,0.15,5.0,1.25,10.0,10.0,10,100.0,inf,cone,both,5000.0,10.0,0.01,30.0,0.01,256,20,3,0.5,0.1,0.99,10.0,256,20,0,128,0,0.0,1.25,300.0,3806.042101928946,0.7863715277777777,211.709354930798,0.0,
coast,mppi_lqr,300.0,1800.0,0.1,0.15,5.0,2.5,10.0,10.0,10,100.0,inf,cone,both,5000.0,10.0,0.01,30.0,0.01,256,20,3,0.5,0.1,0.99,10.0,256,20,0,128,0,0.0,2.5,299.99037277424577,6471.007819566511,0.7059895833333333,334.1320467287698,0.0,
coast,mppi_lqr,300.0,1800.0,0.1,0.15,5.0,3.75,10.0,10.0,10,100.0,inf,cone,both,5000.0,10.0,0.01,30.0,0.01,256,20,3,0.5,0.1,0.99,10.0,256,20,0,128,0,0.0,3.75,299.998255416289,9282.097844740149,0.6006944444444444,430.1917665142142,0.0,
coast,mppi_lqr,300.0,1800.0,0.1,0.15,5.0,4.5,10.0,10.0,10,100.0,inf,cone,both,5000.0,10.0,0.01,30.0,0.01,256,20,3,0.5,0.1,0.99,10.0,256,20,0,128,0,0.0,4.5,299.99032768415464,10634.77009756825,0.5384982638888889,520.846878824264,0.0,
coast,mppi_lqr,300.0,1800.0,0.1,0.15,5.0,5.0,10.0,10.0,10,100.0,inf,cone,both,5000.0,10.0,0.01,30.0,0.01,256,20,3,0.5,0.1,0.99,10.0,256,20,0,128,0,0.0,5.0,299.9922711569074,11420.78666324827,0.5018229166666667,613.5306767182612,0.0,
coast,mppi_lqr,300.0,1800.0,0.1,0.15,5.0,5.5,10.0,10.0,10,100.0,inf,cone,both,5000.0,10.0,0.01,30.0,0.01,256,20,3,0.5,0.1,0.99,10.0,256,20,0,128,0,0.0,5.5,299.995306218533,12163.934695728474,0.4700520833333333,669.5206709899345,0.0,
coast,mppi_lqr,300.0,1800.0,0.1,0.15,5.0,6.25,10.0,10.0,10,100.0,inf,cone,both,5000.0,10.0,0.01,30.0,0.01,256,20,3,0.5,0.1,0.99,10.0,256,20,0,128,0,0.0,6.25,299.9948607990026,13470.773874825893,0.4288628472222222,823.8756897656056,0.0,
coast,mppi_lqr,300.0,1800.0,0.1,0.15,5.0,7.5,10.0,10.0,10,100.0,inf,cone,both,5000.0,10.0,0.01,30.0,0.01,256,20,3,0.5,0.1,0.99,10.0,256,20,0,128,0,0.0,7.5,299.99471667584794,15226.2147054314,0.3970920138888889,850.0161426586886,0.0,
coast,mppi_lqr,300.0,1800.0,0.1,0.15,5.0,10.0,10.0,10.0,10,100.0,inf,cone,both,5000.0,10.0,0.01,30.0,0.01,256,20,3,0.5,0.1,0.99,10.0,256,20,0,128,0,0.0,10.0,299.99473518853017,18504.5819171794,0.3684461805555555,1038.496495204305,0.0,
coast,mppi_lqr,300.0,1800.0,0.1,0.15,5.0,inf,10.0,10.0,10,100.0,inf,cone,both,5000.0,10.0,0.01,30.0,0.01,256,20,3,0.5,0.1,0.99,10.0,256,20,0,128,0,0.0,25.76603324811536,299.99473518853017,27089.91255200284,0.3650173611111111,2573.8246203084555,0.0,
coast,mppi_lqr,300.0,1800.0,0.1,0.2,5.0,1.25,10.0,10.0,10,100.0,inf,cone,both,5000.0,10.0,0.01,30.0,0.01,256,20,3,0.5,0.1,0.99,10.0,256,20,0,128,0,0.0,1.25,300.0,3797.0903077232665,0.7927083333333333,207.07709004140375,0.0,
coast,mppi_lqr,300.0,1800.0,0.1,0.2,5.0,2.5,10.0,10.0,10,100.0,inf,cone,both,5000.0,10.0,0.01,30.0,0.01,256,20,3,0.5,0.1,0.99,10.0,256,20,0,128,0,0.0,2.5,299.9984866518379,6597.811267392994,0.6968315972222222,365.83457728688336,0.0,
coast,mppi_lqr,300.0,1800.0,0.1,0.2,5.0,3.75,10.0,10.0,10,100.0,inf,cone,both,5000.0,10.0,0.01,30.0,0.01,256,20,3,0.5,0.1,0.99,10.0,256,20,0,128,0,0.0,3.75,299.98801957972586,9356.491326705163,0.5845486111111111,552.4732401273325,0.0,
coast,mppi_lqr,300.0,1800.0,0.1,0.2,5.0,4.5,10.0,10.0,10,100.0,inf,cone,both,5000.0,10.0,0.01,30.0,0.01,256,20,3,0.5,0.1,0.99,10.0,256,20,0,128,0,0.0,4.5,299.3499784323115,10978.876940962902,0.5121961805555556,642.8744033660298,0.0,
coast,mppi_lqr,300.0,1800.0,0.1,0.2,5.0,5.0,10.0,10.0,10,100.0,inf,cone,both,5000.0,10.0,0.01,30.0,0.01,256,20,3,0.5,0.1,0.99,10.0,256,20,0,128,0,0.0,5.0,299.82796256464013,12176.594501623687,0.466015625,790.5528839182323,0.0,
coast,mppi_lqr,300.0,1800.0,0.1,0.2,5.0,5.5,10.0,10.0,10,100.0,inf,cone,both,5000.0,10.0,0.01,30.0,0.01,256,20,3,0.5,0.1,0.99,10.0,256,20,0,128,0,0.0,5.5,297.3921774530592,13112.297226659854,0.4307725694444444,947.2547954170412,0.0,
coast,mppi_lqr,300.0,1800.0,0.1,0.2,5.0,6.25,10.0,10.0,10,100.0,inf,cone,both,5000.0,10.0,0.01,30.0,0.01,256,20,3,0.5,0.1,0.99,10.0,256,20,0,128,0,0.0,6.25,299.8099863652768,14480.749973448052,0.396484375,955.3923300427488,0.0,
coast,mppi_lqr,300.0,1800.0,0.1,0.2,5.0,7.5,10.0,10.0,10,100.0,inf,cone,both,5000.0,10.0,0.01,30.0,0.01,256,20,3,0.5,0.1,0.99,10.0,256,20,0,128,0,0.0,7.5,299.79142662692755,16613.51687283344,0.3503472222222222,1317.244174463968,0.0,
coast,mppi_lqr,300.0,1800.0,0.1,0.2,5.0,10.0,10.0,10.0,10,100.0,inf,cone,both,5000.0,10.0,0.01,30.0,0.01,256,20,3,0.5,0.1,0.99,10.0,256,20,0,128,0,0.0,10.0,299.72305400048947,20305.829627058087,0.3154079861111111,1648.2945939254882,0.0,
coast,mppi_lqr,300.0,1800.0,0.1,0.2,5.0,inf,10.0,10.0,10,100.0,inf,cone,both,5000.0,10.0,0.01,30.0,0.01,256,20,3,0.5,0.1,0.99,10.0,256,20,0,128,0,0.0,34.3145660352004,299.72427829457905,36034.34511053455,0.3049045138888889,4425.708134267973,0.0,
coast,random,300.0,1800.0,0.1,0.025,5.0,1.25,10.0,10.0,10,100.0,inf,cone,both,5000.0,10.0,0.01,30.0,0.01,256,20,3,0.5,0.1,0.99,10.0,256,20,0,128,0,0.0,1.25,278.12531737284627,1233.2061411592924,0.8354600694444444,28.665302857694844,0.0,
coast,random,300.0,1800.0,0.1,0.025,5.0,2.5,10.0,10.0,10,100.0,inf,cone,both,5000.0,10.0,0.01,30.0,0.01,256,20,3,0.5,0.1,0.99,10.0,256,20,0,128,0,0.0,2.5,278.93929562043724,1240.197889141214,0.8356336805555555,28.345953391282205,0.0,
coast,random,300.0,1800.0,0.1,0.025,5.0,3.75,10.0,10.0,10,100.0,inf,cone,both,5000.0,10.0,0.01,30.0,0.01,256,20,3,0.5,0.1,0.99,10.0,256,20,0,128,0,0.0,3.370510509639384,278.4193487608174,1241.8073118433051,0.8353298611111111,28.363011090140976,0.0,
coast,random,300.0,1800.0,0.1,0.025,5.0,4.5,10.0,10.0,10,100.0,inf,cone,both,5000.0,10.0,0.01,30.0,0.01,256,20,3,0.5,0.1,0.99,10.0,256,20,0,128,0,0.0,3.370510509639384,278.4193487608174,1241.8073118433051,0.8353298611111111,28.363011090140976,0.0,
coast,random,300.0,1800.0,0.1,0.025,5.0,5.0,10.0,10.0,10,100.0,inf,cone,both,5000.0,10.0,0.01,30.0,0.01,256,20,3,0.5,0.1,0.99,10.0,256,20,0,128,0,0.0,3.370510509639384,278.4193487608174,1241.8073118433051,0.8353298611111111,28.363011090140976,0.0,
coast,random,300.0,1800.0,0.1,0.025,5.0,5.5,10.0,10.0,10,100.0,inf,cone,both,5000.0,10.0,0.01,30.0,0.01,256,20,3,0.5,0.1,0.99,10.0,256,20,0,128,0,0.0,3.370510509639384,278.4193487608174,1241.8073118433051,0.8353298611111111,28.363011090140976,0.0,
coast,random,300.0,1800.0,0.1,0.025,5.0,6.25,10.0,10.0,10,100.0,inf,cone,both,5000.0,10.0,0.01,30.0,0.01,256,20,3,0.5,0.1,0.99,10.0,256,20,0,128,0,0.0,3.370510509639384,278.4193487608174,1241.8073118433051,0.8353298611111111,28.363011090140976,0.0,
coast,random,300.0,1800.0,0.1,0.025,5.0,7.5,10.0,10.0,10,100.0,inf,cone,both,5000.0,10.0,0.01,30.0,0.01,256,20,3,0.5,0.1,0.99,10.0,256,20,0,128,0,0.0,3.370510509639384,278.4193487608174,1241.8073118433051,0.8353298611111111,28.363011090140976,0.0,
coast,random,300.0,1800.0,0.1,0.025,5.0,10.0,10.0,10.0,10,100.0,inf,cone,both,5000.0,10.0,0.01,30.0,0.01,256,20,3,0.5,0.1,0.99,10.0,256,20,0,128,0,0.0,3.370510509639384,278.4193487608174,1241.8073118433051,0.8353298611111111,28.363011090140976,0.0,
coast,random,300.0,1800.0,0.1,0.025,5.0,inf,10.0,10.0,10,100.0,inf,cone,both,5000.0,10.0,0.01,30.0,0.01,256,20,3,0.5,0.1,0.99,10.0,256,20,0,128,0,0.0,3.370510509639384,278.4193487608174,1241.8073118433051,0.8353298611111111,28.363011090140976,0.0,
coast,random,300.0,1800.0,0.1,0.05,5.0,1.25,10.0,10.0,10,100.0,inf,cone,both,5000.0,10.0,0.01,30.0,0.01,256,20,3,0.5,0.1,0.99,10.0,256,20,0,128,0,0.0,1.25,275.3555829070441,1298.4144053815833,0.8250434027777778,40.86092462192588,0.0,
coast,random,300.0,1800.0,0.1,0.05,5.0,2.5,10.0,10.0,10,100.0,inf,cone,both,5000.0,10.0,0.01,30.0,0.01,256,20,3,0.5,0.1,0.99,10.0,256,20,0,128,0,0.0,2.5,275.60805475463985,1313.7469258612264,0.8207899305555556,45.55740968073223,0.0,
coast,random,300.0,1800.0,0.1,0.05,5.0,3.75,10.0,10.0,10,100.0,inf,cone,both,5000.0,10.0,0.01,30.0,0.01,256,20,3,0.5,0.1,0.99,10.0,256,20,0,128,0,0.0,3.75,276.0445805354605,1329.024899860235,0.8207465277777778,46.103514661231685,0.0,
coast,random,300.0,1800.0,0.1,0.05,5.0,4.5,10.0,10.0,10,100.0,inf,cone,both,5000.0,10.0,0.01,30.0,0.01,256,20,3,0.5,0.1,0.99,10.0,256,20,0,128,0,0.0,4.5,276.1991621833414,1335.9499030732854,0.8217013888888889,45.86768426652138,0.0,
coast,random,300.0,1800.0,0.1,0.05,5.0,5.0,10.0,10.0,10,100.0,inf,cone,both,5000.0,10.0,0.01,30.0,0.01,256,20,3,0.5,0.1,0.99,10.0,256,20,0,128,0,0.0,5.0,275.6898301926814,1342.3409233308814,0.8217881944444444,46.10417278116629,0.0,
coast,random,300.0,1800.0,0.1,0.05,5.0,5.5,10.0,10.0,10,100.0,inf,cone,both,5000.0,10.0,0.01,30.0,0.01,256,20,3,0.5,0.1,0.99,10.0,256,20,0,128,0,0.0,5.5,275.49748991905153,1342.7636696777204,0.8216145833333334,46.1183769271692,0.0,
coast,random,300.0,1800.0,0.1,0.05,5.0,6.25,10.0,10.0,10,100.0,inf,cone,both,5000.0,10.0,0.01,30.0,0.01,256,20,3,0.5,0.1,0.99,10.0,256,20,0,128,0,0.0,6.25,275.52924185170724,1346.2643646502604,0.8214409722222222,46.3048709012789,0.0,
coast,random,300.0,1800.0,0.1,0.05,5.0,7.5,10.0,10.0,10,100.0,inf,cone,both,5000.0,10.0,0.01,30.0,0.01,256,20,3,0.5,0.1,0.99,10.0,256,20,0,128,0,0.0,6.741021019278768,275.4581782736247,1345.5497552901938,0.8214409722222222,46.306011863538586,0.0,
coast,random,300.0,1800.0,0.1,0.05,5.0,10.0,10.0,10.0,10,100.0,inf,cone,both,5000.0,10.0,0.01,30.0,0.01,256,20,3,0.5,0.1,0.99,10.0,256,20,0,128,0,0.0,6.741021019278768,275.4581782736247,1345.5497552901938,0.8214409722222222,46.306011863538586,0.0,
coast,random,300.0,1800.0,0.1,0.05,5.0,inf,10.0,10.0,10,100.0,inf,cone,both,5000.0,10.0,0.01,30.0,0.01,256,20,3,0.5,0.1,0.99,10.0,256,20,0,128,0,0.0,6.741021019278768,275.4581782736247,1345.5497552901938,0.8214409722222222,46.306011863538586,0.0,
coast,random,300.0,1800.0,0.1,0.075,5.0,1.25,10.0,10.0,10,100.0,inf,cone,both,5000.0,10.0,0.01,30.0,0.01,256,20,3,0.5,0.1,0.99,10.0,256,20,0,128,1,0.0,1.25,274.538184860238,1325.3665207292138,0.8049045138888888,56.14648601137394,0.0078125,980.0
coast,random,300.0,1800.0,0.1,0.075,5.0,2.5,10.0,10.0,10,100.0,inf,cone,both,5000.0,10.0,0.01,30.0,0.01,256,20,3,0.5,0.1,0.99,10.0,256,20,0,128,0,0.0,2.5,275.4819090605809,1400.8436267688194,0.8115885416666667,63.88094117446942,0.0,
coast,random,300.0,1800.0,0.1,0.075,5.0,3.75,10.0,10.0,10,100.0,inf,cone,both,5000.0,10.0,0.01,30.0,0.01,256,20,3,0.5,0.1,0.99,10.0,256,20,0,128,0,0.0,3.75,274.9644343765627,1440.9006947393036,0.8090277777777778,66.84798078510461,0.0,
coast,random,300.0,1800.0,0.1,0.075,5.0,4.5,10.0,10.0,10,100.0,inf,cone,both,5000.0,10.0,0.01,30.0,0.01,256,20,3,0.5,0.1,0.99,10.0,256,20,0,128,0,0.0,4.5,275.2884305080881,1465.7000201668056,0.8108506944444445,68.0067185553582,0.0,
coast,random,300.0,1800.0,0.1,0.075,5.0,5.0,10.0,10.0,10,100.0,inf,cone,both,5000.0,10.0,0.01,30.0,0.01,256,20,3,0.5,0.1,0.99,10.0,256,20,0,128,0,0.0,5.0,275.66779917242513,1482.8971694245406,0.8106770833333333,68.76966643064326,0.0,
coast,random,300.0,1800.0,0.1,0.075,5.0,5.5,10.0,10.0,10,100.0,inf,cone,both,5000.0,10.0,0.01,30.0,0.01,256,20,3,0.5,0.1,0.99,10.0,256,20,0,128,0,0.0,5.5,273.73892904762414,1474.672365029448,0.8115451388888889,67.26454456028901,0.0,
coast,random,300.0,1800.0,0.1,0.075,5.0,6.25,10.0,10.0,10,100.0,inf,cone,both,5000.0,10.0,0.01,30.0,0.01,256,20,3,0.5,0.1,0.99,10.0,256,20,0,128,0,0.0,6.25,273.3075618119512,1487.1468639938662,0.8115885416666666,67.48085735065474,0.0,
coast,random,300.0,1800.0,0.1,0.075,5.0,7.5,10.0,10.0,10,100.0,inf,cone,both,5000.0,10.0,0.01,30.0,0.01,256,20,3,0.5,0.1,0.99,10.0,256,20,0,128,0,0.0,7.5,271.8911803798225,1497.6167707368686,0.81171875,67.98906967370316,0.0,
coast,random,300.0,1800.0,0.1,0.075,5.0,10.0,10.0,10.0,10,100.0,inf,cone,both,5000.0,10.0,0.01,30.0,0.01,256,20,3,0.5,0.1,0.99,10.0,256,20,0,128,0,0.0,9.964452686627553,271.2990769488249,1499.9346190658275,0.8119791666666667,67.7630345542292,0.0,
coast,random,300.0,1800.0,0.1,0.075,5.0,inf,10.0,10.0,10,100.0,inf,cone,both,5000.0,10.0,0.01,30.0,0.01,256,20,3,0.5,0.1,0.99,10.0,256,20,0,128,0,0.0,10.111531528918151,271.2993946098068,1499.9028938692488,0.8119791666666667,67.76311198214431,0.0,
coast,random,300.0,1800.0,0.1,0.09,5.0,1.25,10.0,10.0,10,100.0,inf,cone,both,5000.0,10.0,0.01,30.0,0.01,256,20,3,0.5,0.1,0.99,10.0,256,20,0,128,0,0.0,1.25,274.5857342191099,1369.1569445715168,0.798828125,63.35716183516868,0.0,
coast,random,300.0,1800.0,0.1,0.09,5.0,2.5,10.0,10.0,10,100.0,inf,cone,both,5000.0,10.0,0.01,30.0,0.01,256,20,3,0.5,0.1,0.99,10.0,256,20,0,128,0,0.0,2.5,277.1821006998369,1476.8101825014148,0.8029513888888888,75.97071879403445,0.0,
coast,random,300.0,1800.0,0.1,0.09,5.0,3.75,10.0,10.0,10,100.0,inf,cone,both,5000.0,10.0,0.01,30.0,0.01,256,20,3,0.5,0.1,0.99,10.0,256,20,0,128,0,0.0,3.75,275.4195797734472,1502.3886520547608,0.8115451388888889,74.6202839398546,0.0,
coast,random,300.0,1800.0,0.1,0.09,5.0,4.5,10.0,10.0,10,100.0,inf,cone,both,5000.0,10.0,0.01,30.0,0.01,256,20,3,0.5,0.1,0.99,10.0,256,20,0,128,0,0.0,4.5,275.71417689875204,1534.612268725085,0.8065104166666667,78.87283028910791,0.0,
coast,random,300.0,1800.0,0.1,0.09,5.0,5.0,10.0,10.0,10,100.0,inf,cone,both,5000.0,10.0,0.01,30.0,0.01,256,20,3,0.5,0.1,0.99,10.0,256,20,0,128,0,0.0,5.0,274.72238613190484,1554.8016590994368,0.8051649305555556,82.00507938040526,0.0,
coast,random,300.0,1800.0,0.1,0.09,5.0,5.5,10.0,10.0,10,100.0,inf,cone,both,5000.0,10.0,0.01,30.0,0.01,256,20,3,0.5,0.1,0.99,10.0,256,20,0,128,0,0.0,5.5,273.5158153354164,1567.182136515649,0.8091145833333333,79.4875777317019,0.0,
coast,random,300.0,1800.0,0.1,0.09,5.0,6.25,10.0,10.0,10,100.0,inf,cone,both,5000.0,10.0,0.01,30.0,0.01,256,20,3,0.5,0.1,0.99,10.0,256,20,0,128,0,0.0,6.25,273.2405582569752,1576.6120337490554,0.8096354166666667,79.72351660761554,0.0,
coast,random,300.0,1800.0,0.1,0.09,5.0,7.5,10.0,10.0,10,100.0,inf,cone,both,5000.0,10.0,0.01,30.0,0.01,256,20,3,0.5,0.1,0.99,10.0,256,20,0,128,0,0.0,7.5,273.27802022528834,1595.2070283494654,0.8107204861111111,77.95423376063418,0.0,
coast,random,300.0,1800.0,0.1,0.09,5.0,10.0,10.0,10.0,10,100.0,inf,cone,both,5000.0,10.0,0.01,30.0,0.01,256,20,3,0.5,0.1,0.99,10.0,256,20,0,128,0,0.0,10.0,271.8137328532256,1610.1506173841535,0.81171875,78.23073614131829,0.0,
coast,random,300.0,1800.0,0.1,0.09,5.0,inf,10.0,10.0,10,100.0,inf,cone,both,5000.0,10.0,0.01,30.0,0.01,256,20,3,0.5,0.1,0.99,10.0,256,20,0,128,0,0.0,12.133837834701785,271.38069577388995,1610.9337343059908,0.8116319444444444,78.45122078606262,0.0,
coast,random,300.0,1800.0,0.1,0.1,5.0,1.25,10.0,10.0,10,100.0,inf,cone,both,5000.0,10.0,0.01,30.0,0.01,256,20,3,0.5,0.1,0.99,10.0,256,20,0,128,0,0.0,1.25,276.15946428257445,1389.450016194793,0.7952256944444445,70.41656368202709,0.0,
coast,random,300.0,1800.0,0.1,0.1,5.0,2.5,10.0,10.0,10,100.0,inf,cone,both,5000.0,10.0,0.01,30.0,0.01,256,20,3,0.5,0.1,0.99,10.0,256,20,0,128,0,0.0,2.5,278.88040429431504,1523.3031936060097,0.8048177083333333,79.38447414772061,0.0,
coast,random,300.0,1800.0,0.1,0.1,5.0,3.75,10.0,10.0,10,100.0,inf,cone,both,5000.0,10.0,0.01,30.0,0.01,256,20,3,0.5,0.1,0.99,10.0,256,20,0,128,0,0.0,3.75,273.7054511652563,1556.3513951932375,0.80390625,85.88573273020114,0.0,
coast,random,300.0,1800.0,0.1,0.1,5.0,4.5,10.0,10.0,10,100.0,inf,cone,both,5000.0,10.0,0.01,30.0,0.01,256,20,3,0.5,0.1,0.99,10.0,256,20,0,128,0,0.0,4.5,274.0291088246901,1587.3246076312284,0.8088107638888888,84.42686535787165,0.0,
coast,random,300.0,1800.0,0.1,0.1,5.0,5.0,10.0,10.0,10,100.0,inf,cone,both,5000.0,10.0,0.01,30.0,0.01,256,20,3,0.5,0.1,0.99,10.0,256,20,0,128,0,0.0,5.0,275.51530535533766,1601.7480054193593,0.8055555555555556,86.43229312409076,0.0,
coast,random,300.0,1800.0,0.1,0.1,5.0,5.5,10.0,10.0,10,100.0,inf,cone,both,5000.0,10.0,0.01,30.0,0.01,256,20,3,0.5,0.1,0.99,10.0,256,20,0,128,0,0.0,5.5,274.38623407775486,1623.1530714018086,0.8045138888888889,89.68942366427152,0.0,
coast,random,300.0,1800.0,0.1,0.1,5.0,6.25,10.0,10.0,10,100.0,inf,cone,both,5000.0,10.0,0.01,30.0,0.01,256,20,3,0.5,0.1,0.99,10.0,256,20,0,128,0,0.0,6.25,273.590270495001,1644.6430700837127,0.80859375,87.04380289018921,0.0,
coast,random,300.0,1800.0,0.1,0.1,5.0,7.5,10.0,10.0,10,100.0,inf,cone,both,5000.0,10.0,0.01,30.0,0.01,256,20,3,0.5,0.1,0.99,10.0,256,20,0,128,0,0.0,7.5,273.0121476370982,1655.954996449265,0.8103732638888889,84.58186452588524,0.0,
coast,random,300.0,1800.0,0.1,0.1,5.0,10.0,10.0,10.0,10,100.0,inf,cone,both,5000.0,10.0,0.01,30.0,0.01,256,20,3,0.5,0.1,0.99,10.0,256,20,0,128,0,0.0,10.0,271.277408800315,1688.2219845326877,0.8112413194444444,85.6531475295282,0.0,
coast,random,300.0,1800.0,0.1,0.1,5.0,inf,10.0,10.0,10,100.0,inf,cone,both,5000.0,10.0,0.01,30.0,0.01,256,20,3,0.5,0.1,0.99,10.0,256,20,0,128,0,0.0,13.482042038557536,270.73121032403765,1689.7032758289115,0.8109809027777778,86.21551549252537,0.0,
coast,random,300.0,1800.0,0.1,0.11,5.0,1.25,10.0,10.0,10,100.0,inf,cone,both,5000.0,10.0,0.01,30.0,0.01,256,20,3,0.5,0.1,0.99,10.0,256,20,0,128,0,0.0,1.25,277.8487494961465,1441.948952246672,0.7809461805555555,79.39012803862217,0.0,
coast,random,300.0,1800.0,0.1,0.11,5.0,2.5,10.0,10.0,10,100.0,inf,cone,both,5000.0,10.0,0.01,30.0,0.01,256,20,3,0.5,0.1,0.99,10.0,256,20,0,128,0,0.0,2.5,275.9373517896664,1549.5270646750168,0.805078125,86.464826190449,0.0,
coast,random,300.0,1800.0,0.1,0.11,5.0,3.75,10.0,10.0,10,100.0,inf,cone,both,5000.0,10.0,0.01,30.0,0.01,256,20,3,0.5,0.1,0.99,10.0,256,20,0,128,0,0.0,3.75,276.0033402163107,1603.3357631605272,0.8021701388888889,89.80557646188618,0.0,
coast,random,300.0,1800.0,0.1,0.11,5.0,4.5,10.0,10.0,10,100.0,inf,cone,both,5000.0,10.0,0.01,30.0,0.01,256,20,3,0.5,0.1,0.99,10.0,256,20,0,128,0,0.0,4.5,274.10190850345833,1625.0715738532192,0.8089409722222223,88.99777334102856,0.0,
coast,random,300.0,1800.0,0.1,0.11,5.0,5.0,10.0,10.0,10,100.0,inf,cone,both,5000.0,10.0,0.01,30.0,0.01,256,20,3,0.5,0.1,0.99,10.0,256,20,0,128,0,0.0,5.0,274.54992331348296,1660.6606547302008,0.80859375,91.37992400831932,0.0,
coast,random,300.0,1800.0,0.1,0.11,5.0,5.5,10.0,10.0,10,100.0,inf,cone,both,5000.0,10.0,0.01,30.0,0.01,256,20,3,0.5,0.1,0.99,10.0,256,20,0,128,0,0.0,5.5,274.7582551365056,1672.4198850844705,0.8046006944444445,94.06807892651436,0.0,
coast,random,300.0,1800.0,0.1,0.11,5.0,6.25,10.0,10.0,10,100.0,inf,cone,both,5000.0,10.0,0.01,30.0,0.01,256,20,3,0.5,0.1,0.99,10.0,256,20,0,128,0,0.0,6.25,272.3616027324082,1706.7665760392863,0.8054253472222223,96.01348170371172,0.0,
coast,random,300.0,1800.0,0.1,0.11,5.0,7.5,10.0,10.0,10,100.0,inf,cone,both,5000.0,10.0,0.01,30.0,0.01,256,20,3,0.5,0.1,0.99,10.0,256,20,0,128,0,0.0,7.5,273.17924587870675,1736.1616316181935,0.8087239583333333,94.60034720065572,0.0,
coast,random,300.0,1800.0,0.1,0.11,5.0,10.0,10.0,10.0,10,100.0,inf,cone,both,5000.0,10.0,0.01,30.0,0.01,256,20,3,0.5,0.1,0.99,10.0,256,20,0,128,0,0.0,10.0,272.0342038602184,1757.2885517571185,0.8094618055555556,93.34489290093336,0.0,
coast,random,300.0,1800.0,0.1,0.11,5.0,inf,10.0,10.0,10,100.0,inf,cone,both,5000.0,10.0,0.01,30.0,0.01,256,20,3,0.5,0.1,0.99,10.0,256,20,0,128,0,0.0,14.83024624241329,269.97641326289386,1772.0414512642683,0.8099826388888889,94.41740149613648,0.0,
coast,random,300.0,1800.0,0.1,0.125,5.0,1.25,10.0,10.0,10,100.0,inf,cone,both,5000.0,10.0,0.01,30.0,0.01,256,20,3,0.5,0.1,0.99,10.0,256,20,0,128,0,0.0,1.25,276.81729253092004,1439.037798048583,0.7776041666666667,85.46307870955509,0.0,
coast,random,300.0,1800.0,0.1,0.125,5.0,2.5,10.0,10.0,10,100.0,inf,cone,both,5000.0,10.0,0.01,30.0,0.01,256,20,3,0.5,0.1,0.99,10.0,256,20,0,128,0,0.0,2.5,274.44317698962044,1585.4295992527334,0.7879774305555556,100.41586503173076,0.0,
coast,random,300.0,1800.0,0.1,0.125,5.0,3.75,10.0,10.0,10,100.0,inf,cone,both,5000.0,10.0,0.01,30.0,0.01,256,20,3,0.5,0.1,0.99,10.0,256,20,0,128,0,0.0,3.75,274.3080221227425,1664.9773267712462,0.8019965277777777,99.39187718122642,0.0,
coast,random,300.0,1800.0,0.1,0.125,5.0,4.5,10.0,10.0,10,100.0,inf,cone,both,5000.0,10.0,0.01,30.0,0.01,256,20,3,0.5,0.1,0.99,10.0,256,20,0,128,0,0.0,4.5,275.23960469385986,1711.7978721113343,0.797265625,102.5042772776427,0.0,
coast,random,300.0,1800.0,0.1,0.125,5.0,5.0,10.0,10.0,10,100.0,inf,cone,both,5000.0,10.0,0.01,30.0,0.01,256,20,3,0.5,0.1,0.99,10.0,256,20,0,128,0,0.0,5.0,274.1323663112096,1727.069734143069,0.8003038194444444,101.61597485148404,0.0,
coast,random,300.0,1800.0,0.1,0.125,5.0,5.5,10.0,10.0,10,100.0,inf,cone,both,5000.0,10.0,0.01,30.0,0.01,256,20,3,0.5,0.1,0.99,10.0,256,20,0,128,0,0.0,5.5,273.51304722412243,1749.3103066826304,0.8023003472222222,102.66650791798064,0.0,
coast,random,300.0,1800.0,0.1,0.125,5.0,6.25,10.0,10.0,10,100.0,inf,cone,both,5000.0,10.0,0.01,30.0,0.01,256,20,3,0.5,0.1,0.99,10.0,256,20,0,128,0,0.0,6.25,273.6854052263406,1784.8325853010697,0.7977864583333334,107.8197209574042,0.0,
coast,random,300.0,1800.0,0.1,0.125,5.0,7.5,10.0,10.0,10,100.0,inf,cone,both,5000.0,10.0,0.01,30.0,0.01,256,20,3,0.5,0.1,0.99,10.0,256,20,0,128,0,0.0,7.5,272.4600165776584,1833.4258370241864,0.8014756944444444,107.0254711739871,0.0,
coast,random,300.0,1800.0,0.1,0.125,5.0,10.0,10.0,10.0,10,100.0,inf,cone,both,5000.0,10.0,0.01,30.0,0.01,256,20,3,0.5,0.1,0.99,10.0,256,20,0,128,0,0.0,10.0,271.04201111659887,1881.990474023868,0.803125,105.31663648016804,0.0,
coast,random,300.0,1800.0,0.1,0.125,5.0,inf,10.0,10.0,10,100.0,inf,cone,both,5000.0,10.0,0.01,30.0,0.01,256,20,3,0.5,0.1,0.99,10.0,256,20,0,128,0,0.0,16.852552548196922,271.1865528070193,1902.786032802028,0.8036892361111111,107.51805881310982,0.0,
coast,random,300.0,1800.0,0.1,0.15,5.0,1.25,10.0,10.0,10,100.0,inf,cone,both,5000.0,10.0,0.01,30.0,0.01,256,20,3,0.5,0.1,0.99,10.0,256,20,0,128,0,0.0,1.25,275.7221495304832,1475.5425769976164,0.7707465277777777,93.84322038359238,0.0,
coast,random,300.0,1800.0,0.1,0.15,5.0,2.5,10.0,10.0,10,100.0,inf,cone,both,5000.0,10.0,0.01,30.0,0.01,256,20,3,0.5,0.1,0.99,10.0,256,20,0,128,0,0.0,2.5,272.03740444060685,1626.6209376977788,0.7802951388888889,114.3383188295672,0.0,
coast,random,300.0,1800.0,0.1,0.15,5.0,3.75,10.0,10.0,10,100.0,inf,cone,both,5000.0,10.0,0.01,30.0,0.01,256,20,3,0.5,0.1,0.99,10.0,256,20,0,128,0,0.0,3.75,272.7679868169549,1800.7032225070943,0.7982638888888889,116.83788608499069,0.0,
coast,random,300.0,1800.0,0.1,0.15,5.0,4.5,10.0,10.0,10,100.0,inf,cone,both,5000.0,10.0,0.01,30.0,0.01,256,20,3,0.5,0.1,0.99,10.0,256,20,0,128,0,0.0,4.5,273.90717940665127,1824.6070617761852,0.7944444444444444,119.68165349257794,0.0,
coast,random,300.0,1800.0,0.1,0.15,5.0,5.0,10.0,10.0,10,100.0,inf,cone,both,5000.0,10.0,0.01,30.0,0.01,256,20,3,0.5,0.1,0.99,10.0,256,20,0,128,0,0.0,5.0,274.9757926775746,1868.3808012704108,0.7947048611111112,123.4469425805585,0.0,
coast,random,300.0,1800.0,0.1,0.15,5.0,5.5,10.0,10.0,10,100.0,inf,cone,both,5000.0,10.0,0.01,30.0,0.01,256,20,3,0.5,0.1,0.99,10.0,256,20,0,128,0,0.0,5.5,274.5962898706097,1900.2600489471315,0.7958333333333333,123.58373382436336,0.0,
coast,random,300.0,1800.0,0.1,0.15,5.0,6.25,10.0,10.0,10,100.0,inf,cone,both,5000.0,10.0,0.01,30.0,0.01,256,20,3,0.5,0.1,0.99,10.0,256,20,0,128,0,0.0,6.25,273.301469854623,1923.5955883541037,0.8000868055555556,120.14120777886384,0.0,
coast,random,300.0,1800.0,0.1,0.15,5.0,7.5,10.0,10.0,10,100.0,inf,cone,both,5000.0,10.0,0.01,30.0,0.01,256,20,3,0.5,0.1,0.99,10.0,256,20,0,128,0,0.0,7.5,272.2977662402854,1985.52022696979,0.7970052083333333,128.12884705669103,0.0,
coast,random,300.0,1800.0,0.1,0.15,5.0,10.0,10.0,10.0,10,100.0,inf,cone,both,5000.0,10.0,0.01,30.0,0.01,256,20,3,0.5,0.1,0.99,10.0,256,20,0,128,0,0.0,10.0,270.85823444189407,2083.241433549508,0.8001302083333334,128.6757784033107,0.0,
coast,random,300.0,1800.0,0.1,0.15,5.0,inf,10.0,10.0,10,100.0,inf,cone,both,5000.0,10.0,0.01,30.0,0.01,256,20,3,0.5,0.1,0.99,10.0,256,20,0,128,0,0.0,20.223063057836303,271.3411830785674,2132.8576742549585,0.8026475694444445,126.63211458465672,0.0,
coast,random,300.0,1800.0,0.1,0.2,5.0,1.25,10.0,10.0,10,100.0,inf,cone,both,5000.0,10.0,0.01,30.0,0.01,256,20,3,0.5,0.1,0.99,10.0,256,20,0,128,0,0.0,1.25,271.4692802647798,1542.714879814676,0.7675347222222222,110.3005905808289,0.0,
coast,random,300.0,1800.0,0.1,0.2,5.0,2.5,10.0,10.0,10,100.0,inf,cone,both,5000.0,10.0,0.01,30.0,0.01,256,20,3,0.5,0.1,0.99,10.0,256,20,0,128,0,0.0,2.5,267.8590506631803,1797.8170966762343,0.7661892361111111,142.69427418073366,0.0,
coast,random,300.0,1800.0,0.1,0.2,5.0,3.75,10.0,10.0,10,100.0,inf,cone,both,5000.0,10.0,0.01,30.0,0.01,256,20,3,0.5,0.1,0.99,10.0,256,20,0,128,0,0.0,3.75,271.9278423484128,1984.362541265496,0.7721788194444444,157.56392405146286,0.0,
coast,random,300.0,1800.0,0.1,0.2,5.0,4.5,10.0,10.0,10,100.0,inf,cone,both,5000.0,10.0,0.01,30.0,0.01,256,20,3,0.5,0.1,0.99,10.0,256,20,0,128,0,0.0,4.5,272.2618813525096,2085.6096445774724,0.7849826388888889,164.46922491057057,0.0,
coast,random,300.0,1800.0,0.1,0.2,5.0,5.0,10.0,10.0,10,100.0,inf,cone,both,5000.0,10.0,0.01,30.0,0.01,256,20,3,0.5,0.1,0.99,10.0,256,20,0,128,0,0.0,5.0,270.7598779897416,2117.0471861335723,0.7792534722222222,163.4323725453136,0.0,
coast,random,300.0,1800.0,0.1,0.2,5.0,5.5,10.0,10.0,10,100.0,inf,cone,both,5000.0,10.0,0.01,30.0,0.01,256,20,3,0.5,0.1,0.99,10.0,256,20,0,128,0,0.0,5.5,271.1291763438792,2169.0034526664763,0.7778211805555556,169.03059005906897,0.0,
coast,random,300.0,1800.0,0.1,0.2,5.0,6.25,10.0,10.0,10,100.0,inf,cone,both,5000.0,10.0,0.01,30.0,0.01,256,20,3,0.5,0.1,0.99,10.0,256,20,0,128,0,0.0,6.25,270.40470029365383,2209.9227967349343,0.7841145833333333,164.61492003721787,0.0,
coast,random,300.0,1800.0,0.1,0.2,5.0,7.5,10.0,10.0,10,100.0,inf,cone,both,5000.0,10.0,0.01,30.0,0.01,256,20,3,0.5,0.1,0.99,10.0,256,20,0,128,0,0.0,7.5,271.682581541836,2291.0723907422525,0.7825086805555556,171.6736020326681,0.0,
coast,random,300.0,1800.0,0.1,0.2,5.0,10.0,10.0,10.0,10,100.0,inf,cone,both,5000.0,10.0,0.01,30.0,0.01,256,20,3,0.5,0.1,0.99,10.0,256,20,0,128,0,0.0,10.0,270.18618264444194,2418.4395144740515,0.7827256944444444,175.69310519694525,0.0,
coast,random,300.0,1800.0,0.1,0.2,5.0,inf,10.0,10.0,10,100.0,inf,cone,both,5000.0,10.0,0.01,30.0,0.01,256,20,3,0.5,0.1,0.99,10.0,256,20,0,128,0,0.0,26.96408407711507,268.2798683229224,2626.923639324452,0.783203125,174.76598575141753,0.0,
coast,transverse,300.0,1800.0,0.1,0.025,5.0,1.25,10.0,10.0,10,100.0,inf,cone,both,5000.0,10.0,0.01,30.0,0.01,256,20,3,0.5,0.1,0.99,10.0,256,20,0,128,0,0.0,1.25,295.8619332497757,1664.8945075058436,0.7873263888888888,197.50387151179137,0.0,
coast,transverse,300.0,1800.0,0.1,0.025,5.0,2.5,10.0,10.0,10,100.0,inf,cone,both,5000.0,10.0,0.01,30.0,0.01,256,20,3,0.5,0.1,0.99,10.0,256,20,0,128,0,0.0,2.5,295.8614829989009,2449.581032004452,0.7868489583333333,261.27568553155555,0.0,
coast,transverse,300.0,1800.0,0.1,0.025,5.0,3.75,10.0,10.0,10,100.0,inf,cone,both,5000.0,10.0,0.01,30.0,0.01,256,20,3,0.5,0.1,0.99,10.0,256,20,0,128,0,0.0,3.75,295.8614829989009,2650.545729316018,0.7868489583333333,270.6471162555769,0.0,
coast,transverse,300.0,1800.0,0.1,0.025,5.0,4.5,10.0,10.0,10,100.0,inf,cone,both,5000.0,10.0,0.01,30.0,0.01,256,20,3,0.5,0.1,0.99,10.0,256,20,0,128,0,0.0,4.4999999999999964,295.8614829989009,2662.664063174705,0.7868489583333333,271.7690480724774,0.0,
coast,transverse,300.0,1800.0,0.1,0.025,5.0,5.0,10.0,10.0,10,100.0,inf,cone,both,5000.0,10.0,0.01,30.0,0.01,256,20,3,0.5,0.1,0.99,10.0,256,20,0,128,0,0.0,4.4999999999999964,295.8614829989009,2662.664063174705,0.7868489583333333,271.7690480724774,0.0,
coast,transverse,300.0,1800.0,0.1,0.025,5.0,5.5,10.0,10.0,10,100.0,inf,cone,both,5000.0,10.0,0.01,30.0,0.01,256,20,3,0.5,0.1,0.99,10.0,256,20,0,128,0,0.0,4.4999999999999964,295.8614829989009,2662.664063174705,0.7868489583333333,271.7690480724774,0.0,
coast,transverse,300.0,1800.0,0.1,0.025,5.0,6.25,10.0,10.0,10,100.0,inf,cone,both,5000.0,10.0,0.01,30.0,0.01,256,20,3,0.5,0.1,0.99,10.0,256,20,0,128,0,0.0,4.4999999999999964,295.8614829989009,2662.664063174705,0.7868489583333333,271.7690480724774,0.0,
coast,transverse,300.0,1800.0,0.1,0.025,5.0,7.5,10.0,10.0,10,100.0,inf,cone,both,5000.0,10.0,0.01,30.0,0.01,256,20,3,0.5,0.1,0.99,10.0,256,20,0,128,0,0.0,4.4999999999999964,295.8614829989009,2662.664063174705,0.7868489583333333,271.7690480724774,0.0,
coast,transverse,300.0,1800.0,0.1,0.025,5.0,10.0,10.0,10.0,10,100.0,inf,cone,both,5000.0,10.0,0.01,30.0,0.01,256,20,3,0.5,0.1,0.99,10.0,256,20,0,128,0,0.0,4.4999999999999964,295.8614829989009,2662.664063174705,0.7868489583333333,271.7690480724774,0.0,
coast,transverse,300.0,1800.0,0.1,0.025,5.0,inf,10.0,10.0,10,100.0,inf,cone,both,5000.0,10.0,0.01,30.0,0.01,256,20,3,0.5,0.1,0.99,10.0,256,20,0,128,0,0.0,4.4999999999999964,295.8614829989009,2662.664063174705,0.7868489583333333,271.7690480724774,0.0,
coast,transverse,300.0,1800.0,0.1,0.05,5.0,1.25,10.0,10.0,10,100.0,inf,cone,both,5000.0,10.0,0.01,30.0,0.01,256,20,3,0.5,0.1,0.99,10.0,256,20,0,128,0,0.0,1.25,298.2747293070133,2097.08844755304,0.7724826388888889,253.7058419179404,0.0,
coast,transverse,300.0,1800.0,0.1,0.05,5.0,2.5,10.0,10.0,10,100.0,inf,cone,both,5000.0,10.0,0.01,30.0,0.01,256,20,3,0.5,0.1,0.99,10.0,256,20,0,128,0,0.0,2.5,298.26420284656604,3718.2979907170816,0.7726996527777777,407.2614633339137,0.0,
coast,transverse,300.0,1800.0,0.1,0.05,5.0,3.75,10.0,10.0,10,100.0,inf,cone,both,5000.0,10.0,0.01,30.0,0.01,256,20,3,0.5,0.1,0.99,10.0,256,20,0,128,0,0.0,3.75,298.26420284656604,4527.346877771597,0.7614149305555555,472.1385576722725,0.0,
coast,transverse,300.0,1800.0,0.1,0.05,5.0,4.5,10.0,10.0,10,100.0,inf,cone,both,5000.0,10.0,0.01,30.0,0.01,256,20,3,0.5,0.1,0.99,10.0,256,20,0,128,0,0.0,4.5,298.26420284656604,4820.4109600828,0.7529079861111111,494.6696807898068,0.0,
coast,transverse,300.0,1800.0,0.1,0.05,5.0,5.0,10.0,10.0,10,100.0,inf,cone,both,5000.0,10.0,0.01,30.0,0.01,256,20,3,0.5,0.1,0.99,10.0,256,20,0,128,0,0.0,5.0,298.26420284656604,4964.761977881118,0.7495225694444444,500.7680534341192,0.0,
coast,transverse,300.0,1800.0,0.1,0.05,5.0,5.5,10.0,10.0,10,100.0,inf,cone,both,5000.0,10.0,0.01,30.0,0.01,256,20,3,0.5,0.1,0.99,10.0,256,20,0,128,0,0.0,5.5,298.26420284656604,5076.651203679076,0.7472222222222222,504.5428052307546,0.0,
coast,transverse,300.0,1800.0,0.1,0.05,5.0,6.25,10.0,10.0,10,100.0,inf,cone,both,5000.0,10.0,0.01,30.0,0.01,256,20,3,0.5,0.1,0.99,10.0,256,20,0,128,0,0.0,6.25,298.26420284656604,5194.636569217553,0.7444010416666667,507.67507494498784,0.0,
coast,transverse,300.0,1800.0,0.1,0.05,5.0,7.5,10.0,10.0,10,100.0,inf,cone,both,5000.0,10.0,0.01,30.0,0.01,256,20,3,0.5,0.1,0.99,10.0,256,20,0,128,0,0.0,7.5,298.26420284656604,5292.423662269704,0.742578125,510.55514037832296,0.0,
coast,transverse,300.0,1800.0,0.1,0.05,5.0,10.0,10.0,10.0,10,100.0,inf,cone,both,5000.0,10.0,0.01,30.0,0.01,256,20,3,0.5,0.1,0.99,10.0,256,20,0,128,0,0.0,8.999999999999993,298.26420284656604,5313.664920130287,0.7424045138888888,513.786558667633,0.0,
coast,transverse,300.0,1800.0,0.1,0.05,5.0,inf,10.0,10.0,10,100.0,inf,cone,both,5000.0,10.0,0.01,30.0,0.01,256,20,3,0.5,0.1,0.99,10.0,256,20,0,128,0,0.0,8.999999999999993,298.26420284656604,5313.664920130287,0.7424045138888888,513.786558667633,0.0,
coast,transverse,300.0,1800.0,0.1,0.075,5.0,1.25,10.0,10.0,10,100.0,inf,cone,both,5000.0,10.0,0.01,30.0,0.01,256,20,3,0.5,0.1,0.99,10.0,256,20,0,128,0,0.0,1.25,298.8228632870575,2264.038888232442,0.7717013888888888,271.285963909779,0.0,
coast,transverse,300.0,1800.0,0.1,0.075,5.0,2.5,10.0,10.0,10,100.0,inf,cone,both,5000.0,10.0,0.01,30.0,0.01,256,20,3,0.5,0.1,0.99,10.0,256,20,0,128,0,0.0,2.5,298.803451285404,4356.642170063004,0.7572916666666667,474.622709615946,0.0,
coast,transverse,300.0,1800.0,0.1,0.075,5.0,3.75,10.0,10.0,10,100.0,inf,cone,both,5000.0,10.0,0.01,30.0,0.01,256,20,3,0.5,0.1,0.99,10.0,256,20,0,128,0,0.0,3.75,298.803451285404,5604.653809545111,0.7210069444444445,584.9996738236831,0.0,
coast,transverse,300.0,1800.0,0.1,0.075,5.0,4.5,10.0,10.0,10,100.0,inf,cone,both,5000.0,10.0,0.01,30.0,0.01,256,20,3,0.5,0.1,0.99,10.0,256,20,0,128,0,0.0,4.5,298.803451285404,6111.908182769226,0.7029079861111112,635.1399967473837,0.0,
coast,transverse,300.0,1800.0,0.1,0.075,5.0,5.0,10.0,10.0,10,100.0,inf,cone,both,5000.0,10.0,0.01,30.0,0.01,256,20,3,0.5,0.1,0.99,10.0,256,20,0,128,0,0.0,5.0,298.803451285404,6389.465254806653,0.69296875,654.1451125011756,0.0,
coast,transverse,300.0,1800.0,0.1,0.075,5.0,5.5,10.0,10.0,10,100.0,inf,cone,both,5000.0,10.0,0.01,30.0,0.01,256,20,3,0.5,0.1,0.99,10.0,256,20,0,128,0,0.0,5.5,298.803451285404,6629.052522323785,0.6848524305555556,668.9971739106172,0.0,
coast,transverse,300.0,1800.0,0.1,0.075,5.0,6.25,10.0,10.0,10,100.0,inf,cone,both,5000.0,10.0,0.01,30.0,0.01,256,20,3,0.5,0.1,0.99,10.0,256,20,0,128,0,0.0,6.25,298.803451285404,6929.118636828368,0.6729166666666667,683.430771497728,0.0,
coast,transverse,300.0,1800.0,0.1,0.075,5.0,7.5,10.0,10.0,10,100.0,inf,cone,both,5000.0,10.0,0.01,30.0,0.01,256,20,3,0.5,0.1,0.99,10.0,256,20,0,128,0,0.0,7.5,298.803451285404,7301.7977523841,0.6512152777777778,697.0268889771236,0.0,
coast,transverse,300.0,1800.0,0.1,0.075,5.0,10.0,10.0,10.0,10,100.0,inf,cone,both,5000.0,10.0,0.01,30.0,0.01,256,20,3,0.5,0.1,0.99,10.0,256,20,0,128,0,0.0,10.0,298.803451285404,7699.87054336766,0.6336371527777778,712.6780104336056,0.0,
coast,transverse,300.0,1800.0,0.1,0.075,5.0,inf,10.0,10.0,10,100.0,inf,cone,both,5000.0,10.0,0.01,30.0,0.01,256,20,3,0.5,0.1,0.99,10.0,256,20,0,128,0,0.0,13.49999999999996,298.803451285404,7810.203343476547,0.6322916666666667,748.7996684791489,0.0,
coast,transverse,300.0,1800.0,0.1,0.09,5.0,1.25,10.0,10.0,10,100.0,inf,cone,both,5000.0,10.0,0.01,30.0,0.01,256,20,3,0.5,0.1,0.99,10.0,256,20,0,128,0,0.0,1.25,298.9750781827409,2324.003837080714,0.7716579861111111,277.7838091062536,0.0,
coast,transverse,300.0,1800.0,0.1,0.09,5.0,2.5,10.0,10.0,10,100.0,inf,cone,both,5000.0,10.0,0.01,30.0,0.01,256,20,3,0.5,0.1,0.99,10.0,256,20,0,128,0,0.0,2.5,298.9521708536052,4607.462459406221,0.7492621527777777,492.15447044017935,0.0,
coast,transverse,300.0,1800.0,0.1,0.09,5.0,3.75,10.0,10.0,10,100.0,inf,cone,both,5000.0,10.0,0.01,30.0,0.01,256,20,3,0.5,0.1,0.99,10.0,256,20,0,128,0,0.0,3.75,298.9521708536052,6067.061626564922,0.7002170138888889,632.7531095953428,0.0,
coast,transverse,300.0,1800.0,0.1,0.09,5.0,4.5,10.0,10.0,10,100.0,inf,cone,both,5000.0,10.0,0.01,30.0,0.01,256,20,3,0.5,0.1,0.99,10.0,256,20,0,128,0,0.0,4.5,298.9521708536052,6677.442798412225,0.6794270833333333,687.1594575388293,0.0,
coast,transverse,300.0,1800.0,0.1,0.09,5.0,5.0,10.0,10.0,10,100.0,inf,cone,both,5000.0,10.0,0.01,30.0,0.01,256,20,3,0.5,0.1,0.99,10.0,256,20,0,128,0,0.0,5.0,298.9521708536052,7015.937861996059,0.6653645833333334,724.449996333989,0.0,
coast,transverse,300.0,1800.0,0.1,0.09,5.0,5.5,10.0,10.0,10,100.0,inf,cone,both,5000.0,10.0,0.01,30.0,0.01,256,20,3,0.5,0.1,0.99,10.0,256,20,0,128,0,0.0,5.5,298.9521708536052,7315.426637845391,0.6540364583333333,745.8926368376807,0.0,
coast,transverse,300.0,1800.0,0.1,0.09,5.0,6.25,10.0,10.0,10,100.0,inf,cone,both,5000.0,10.0,0.01,30.0,0.01,256,20,3,0.5,0.1,0.99,10.0,256,20,0,128,0,0.0,6.25,298.9521708536052,7702.660053277036,0.6348958333333333,769.7173035113175,0.0,
coast,transverse,300.0,1800.0,0.1,0.09,5.0,7.5,10.0,10.0,10,100.0,inf,cone,both,5000.0,10.0,0.01,30.0,0.01,256,20,3,0.5,0.1,0.99,10.0,256,20,0,128,0,0.0,7.5,298.9521708536052,8215.495230733355,0.60625,794.3783829700387,0.0,
coast,transverse,300.0,1800.0,0.1,0.09,5.0,10.0,10.0,10.0,10,100.0,inf,cone,both,5000.0,10.0,0.01,30.0,0.01,256,20,3,0.5,0.1,0.99,10.0,256,20,0,128,0,0.0,10.0,298.9521708536052,8869.755725089206,0.5823350694444445,814.7905727809955,0.0,
coast,transverse,300.0,1800.0,0.1,0.09,5.0,inf,10.0,10.0,10,100.0,inf,cone,both,5000.0,10.0,0.01,30.0,0.01,256,20,3,0.5,0.1,0.99,10.0,256,20,0,128,0,0.0,16.19999999999998,298.9521708536052,9267.027156360324,0.5787760416666666,917.7564364816432,0.0,
coast,transverse,300.0,1800.0,0.1,0.1,5.0,1.25,10.0,10.0,10,100.0,inf,cone,both,5000.0,10.0,0.01,30.0,0.01,256,20,3,0.5,0.1,0.99,10.0,256,20,0,128,0,0.0,1.25,299.046350048292,2352.390861866342,0.7717013888888888,280.46128408419304,0.0,
coast,transverse,300.0,1800.0,0.1,0.1,5.0,2.5,10.0,10.0,10,100.0,inf,cone,both,5000.0,10.0,0.01,30.0,0.01,256,20,3,0.5,0.1,0.99,10.0,256,20,0,128,0,0.0,2.5,299.02196226042275,4738.350674807181,0.7436631944444444,503.4400394826222,0.0,
coast,transverse,300.0,1800.0,0.1,0.1,5.0,3.75,10.0,10.0,10,100.0,inf,cone,both,5000.0,10.0,0.01,30.0,0.01,256,20,3,0.5,0.1,0.99,10.0,256,20,0,128,0,0.0,3.75,299.02196226042275,6321.078619596742,0.6885850694444444,658.0846390918759,0.0,
coast,transverse,300.0,1800.0,0.1,0.1,5.0,4.5,10.0,10.0,10,100.0,inf,cone,both,5000.0,10.0,0.01,30.0,0.01,256,20,3,0.5,0.1,0.99,10.0,256,20,0,128,0,0.0,4.5,299.02196226042275,6995.779399207204,0.66484375,721.185673431881,0.0,
coast,transverse,300.0,1800.0,0.1,0.1,5.0,5.0,10.0,10.0,10,100.0,inf,cone,both,5000.0,10.0,0.01,30.0,0.01,256,20,3,0.5,0.1,0.99,10.0,256,20,0,128,0,0.0,5.0,299.02196226042275,7372.920087737767,0.6501736111111112,754.407925530239,0.0,
coast,transverse,300.0,1800.0,0.1,0.1,5.0,5.5,10.0,10.0,10,100.0,inf,cone,both,5000.0,10.0,0.01,30.0,0.01,256,20,3,0.5,0.1,0.99,10.0,256,20,0,128,0,0.0,5.5,299.02196226042275,7708.078074273616,0.6365017361111112,790.8297275346264,0.0,
coast,transverse,300.0,1800.0,0.1,0.1,5.0,6.25,10.0,10.0,10,100.0,inf,cone,both,5000.0,10.0,0.01,30.0,0.01,256,20,3,0.5,0.1,0.99,10.0,256,20,0,128,0,0.0,6.25,299.02196226042275,8147.631684732828,0.6130642361111112,821.468433514796,0.0,
coast,transverse,300.0,1800.0,0.1,0.1,5.0,7.5,10.0,10.0,10,100.0,inf,cone,both,5000.0,10.0,0.01,30.0,0.01,256,20,3,0.5,0.1,0.99,10.0,256,20,0,128,0,0.0,7.5,299.02196226042275,8745.565972990167,0.5821614583333333,854.312706352637,0.0,
coast,transverse,300.0,1800.0,0.1,0.1,5.0,10.0,10.0,10.0,10,100.0,inf,cone,both,5000.0,10.0,0.01,30.0,0.01,256,20,3,0.5,0.1,0.99,10.0,256,20,0,128,0,0.0,10.0,299.02196226042275,9558.030336091198,0.555078125,883.3348427673454,0.0,
coast,transverse,300.0,1800.0,0.1,0.1,5.0,inf,10.0,10.0,10,100.0,inf,cone,both,5000.0,10.0,0.01,30.0,0.01,256,20,3,0.5,0.1,0.99,10.0,256,20,0,128,0,0.0,17.999999999999986,299.02196226042275,10233.429938018067,0.5496527777777778,1048.0010497138612,0.0,
coast,transverse,300.0,1800.0,0.1,0.11,5.0,1.25,10.0,10.0,10,100.0,inf,cone,both,5000.0,10.0,0.01,30.0,0.01,256,20,3,0.5,0.1,0.99,10.0,256,20,0,128,0,0.0,1.25,299.099897456777,2378.849981444908,0.7717447916666667,283.4845034696072,0.0,
coast,transverse,300.0,1800.0,0.1,0.11,5.0,2.5,10.0,10.0,10,100.0,inf,cone,both,5000.0,10.0,0.01,30.0,0.01,256,20,3,0.5,0.1,0.99,10.0,256,20,0,128,0,0.0,2.5,299.0741185203591,4851.561005515974,0.7391927083333333,513.1836606162548,0.0,
coast,transverse,300.0,1800.0,0.1,0.11,5.0,3.75,10.0,10.0,10,100.0,inf,cone,both,5000.0,10.0,0.01,30.0,0.01,256,20,3,0.5,0.1,0.99,10.0,256,20,0,128,0,0.0,3.75,299.0741185203591,6551.014944087315,0.6791232638888889,682.0271395950895,0.0,
coast,transverse,300.0,1800.0,0.1,0.11,5.0,4.5,10.0,10.0,10,100.0,inf,cone,both,5000.0,10.0,0.01,30.0,0.01,256,20,3,0.5,0.1,0.99,10.0,256,20,0,128,0,0.0,4.5,299.0741185203591,7283.822280577814,0.6525607638888888,751.3755072567426,0.0,
coast,transverse,300.0,1800.0,0.1,0.11,5.0,5.0,10.0,10.0,10,100.0,inf,cone,both,5000.0,10.0,0.01,30.0,0.01,256,20,3,0.5,0.1,0.99,10.0,256,20,0,128,0,0.0,5.0,299.0741185203591,7694.505338181963,0.6360243055555556,789.2760589220719,0.0,
coast,transverse,300.0,1800.0,0.1,0.11,5.0,5.5,10.0,10.0,10,100.0,inf,cone,both,5000.0,10.0,0.01,30.0,0.01,256,20,3,0.5,0.1,0.99,10.0,256,20,0,128,0,0.0,5.5,299.0741185203591,8061.515212167234,0.6205729166666667,821.8811475495555,0.0,
coast,transverse,300.0,1800.0,0.1,0.11,5.0,6.25,10.0,10.0,10,100.0,inf,cone,both,5000.0,10.0,0.01,30.0,0.01,256,20,3,0.5,0.1,0.99,10.0,256,20,0,128,0,0.0,6.25,299.0741185203591,8545.95056929708,0.5944010416666666,869.0440108010501,0.0,
coast,transverse,300.0,1800.0,0.1,0.11,5.0,7.5,10.0,10.0,10,100.0,inf,cone,both,5000.0,10.0,0.01,30.0,0.01,256,20,3,0.5,0.1,0.99,10.0,256,20,0,128,0,0.0,7.5,299.0741185203591,9218.56133160303,0.562109375,908.4523094984432,0.0,
coast,transverse,300.0,1800.0,0.1,0.11,5.0,10.0,10.0,10.0,10,100.0,inf,cone,both,5000.0,10.0,0.01,30.0,0.01,256,20,3,0.5,0.1,0.99,10.0,256,20,0,128,0,0.0,10.0,299.0741185203591,10177.294166461596,0.5323350694444444,947.8105077916296,0.0,
coast,transverse,300.0,1800.0,0.1,0.11,5.0,inf,10.0,10.0,10,100.0,inf,cone,both,5000.0,10.0,0.01,30.0,0.01,256,20,3,0.5,0.1,0.99,10.0,256,20,0,128,0,0.0,19.79999999999995,299.0741185203591,11190.85473962362,0.5245225694444444,1185.5029773748574,0.0,
coast,transverse,300.0,1800.0,0.1,0.125,5.0,1.25,10.0,10.0,10,100.0,inf,cone,both,5000.0,10.0,0.01,30.0,0.01,256,20,3,0.5,0.1,0.99,10.0,256,20,0,128,0,0.0,1.25,299.16365359675024,2408.2327103672205,0.7718315972222223,286.43547066186494,0.0,
coast,transverse,300.0,1800.0,0.1,0.125,5.0,2.5,10.0,10.0,10,100.0,inf,cone,both,5000.0,10.0,0.01,30.0,0.01,256,20,3,0.5,0.1,0.99,10.0,256,20,0,128,0,0.0,2.5,299.1353610693819,4986.466918088565,0.7338541666666667,524.9139831317347,0.0,
coast,transverse,300.0,1800.0,0.1,0.125,5.0,3.75,10.0,10.0,10,100.0,inf,cone,both,5000.0,10.0,0.01,30.0,0.01,256,20,3,0.5,0.1,0.99,10.0,256,20,0,128,0,0.0,3.75,299.1353610693819,6834.171828665973,0.6655815972222222,711.844844317343,0.0,
coast,transverse,300.0,1800.0,0.1,0.125,5.0,4.5,10.0,10.0,10,100.0,inf,cone,both,5000.0,10.0,0.01,30.0,0.01,256,20,3,0.5,0.1,0.99,10.0,256,20,0,128,0,0.0,4.5,299.1353610693819,7651.967248047267,0.6375434027777778,791.2723677256597,0.0,
coast,transverse,300.0,1800.0,0.1,0.125,5.0,5.0,10.0,10.0,10,100.0,inf,cone,both,5000.0,10.0,0.01,30.0,0.01,256,20,3,0.5,0.1,0.99,10.0,256,20,0,128,0,0.0,5.0,299.1353610693819,8114.299135775609,0.6192274305555555,834.375283682437,0.0,
coast,transverse,300.0,1800.0,0.1,0.125,5.0,5.5,10.0,10.0,10,100.0,inf,cone,both,5000.0,10.0,0.01,30.0,0.01,256,20,3,0.5,0.1,0.99,10.0,256,20,0,128,0,0.0,5.5,299.1353610693819,8528.666765235921,0.5996527777777778,871.7708733239227,0.0,
coast,transverse,300.0,1800.0,0.1,0.125,5.0,6.25,10.0,10.0,10,100.0,inf,cone,both,5000.0,10.0,0.01,30.0,0.01,256,20,3,0.5,0.1,0.99,10.0,256,20,0,128,0,0.0,6.25,299.1353610693819,9081.045750291818,0.5700520833333333,929.6288160500244,0.0,
coast,transverse,300.0,1800.0,0.1,0.125,5.0,7.5,10.0,10.0,10,100.0,inf,cone,both,5000.0,10.0,0.01,30.0,0.01,256,20,3,0.5,0.1,0.99,10.0,256,20,0,128,0,0.0,7.5,299.1353610693819,9859.605263879106,0.5366319444444444,983.0435560186964,0.0,
coast,transverse,300.0,1800.0,0.1,0.125,5.0,10.0,10.0,10.0,10,100.0,inf,cone,both,5000.0,10.0,0.01,30.0,0.01,256,20,3,0.5,0.1,0.99,10.0,256,20,0,128,0,0.0,10.0,299.1353610693819,11019.899858209898,0.5037760416666667,1041.9503413998457,0.0,
coast,transverse,300.0,1800.0,0.1,0.125,5.0,inf,10.0,10.0,10,100.0,inf,cone,both,5000.0,10.0,0.01,30.0,0.01,256,20,3,0.5,0.1,0.99,10.0,256,20,0,128,0,0.0,22.5,299.1353610693819,12620.64681388642,0.4923611111111111,1416.6565195025144,0.0,
coast,transverse,300.0,1800.0,0.1,0.15,5.0,1.25,10.0,10.0,10,100.0,inf,cone,both,5000.0,10.0,0.01,30.0,0.01,256,20,3,0.5,0.1,0.99,10.0,256,20,0,128,0,0.0,1.25,299.23686540004564,2443.074452415092,0.7720486111111111,289.60973357900764,0.0,
coast,transverse,300.0,1800.0,0.1,0.15,5.0,2.5,10.0,10.0,10,100.0,inf,cone,both,5000.0,10.0,0.01,30.0,0.01,256,20,3,0.5,0.1,0.99,10.0,256,20,0,128,0,0.0,2.5,299.2046163359104,5158.260570998138,0.7254774305555556,539.8074470313044,0.0,
coast,transverse,300.0,1800.0,0.1,0.15,5.0,3.75,10.0,10.0,10,100.0,inf,cone,both,5000.0,10.0,0.01,30.0,0.01,256,20,3,0.5,0.1,0.99,10.0,256,20,0,128,0,0.0,3.75,299.2046163359104,7220.27832658138,0.6444010416666667,757.3444823343721,0.0,
coast,transverse,300.0,1800.0,0.1,0.15,5.0,4.5,10.0,10.0,10,100.0,inf,cone,both,5000.0,10.0,0.01,30.0,0.01,256,20,3,0.5,0.1,0.99,10.0,256,20,0,128,0,0.0,4.5,299.2046163359104,8159.118766975223,0.6111545138888889,842.6011516393246,0.0,
coast,transverse,300.0,1800.0,0.1,0.15,5.0,5.0,10.0,10.0,10,100.0,inf,cone,both,5000.0,10.0,0.01,30.0,0.01,256,20,3,0.5,0.1,0.99,10.0,256,20,0,128,0,0.0,5.0,299.2046163359104,8692.413398351773,0.5904513888888889,896.2531282505429,0.0,
coast,transverse,300.0,1800.0,0.1,0.15,5.0,5.5,10.0,10.0,10,100.0,inf,cone,both,5000.0,10.0,0.01,30.0,0.01,256,20,3,0.5,0.1,0.99,10.0,256,20,0,128,0,0.0,5.5,299.2046163359104,9171.30159295662,0.5680121527777777,958.4367820655168,0.0,
coast,transverse,300.0,1800.0,0.1,0.15,5.0,6.25,10.0,10.0,10,100.0,inf,cone,both,5000.0,10.0,0.01,30.0,0.01,256,20,3,0.5,0.1,0.99,10.0,256,20,0,128,0,0.0,6.25,299.2046163359104,9812.839338137948,0.5391927083333333,1020.0840907912046,0.0,
coast,transverse,300.0,1800.0,0.1,0.15,5.0,7.5,10.0,10.0,10,100.0,inf,cone,both,5000.0,10.0,0.01,30.0,0.01,256,20,3,0.5,0.1,0.99,10.0,256,20,0,128,0,0.0,7.5,299.2046163359104,10734.531850860534,0.5041666666666667,1092.344322916425,0.0,
coast,transverse,300.0,1800.0,0.1,0.15,5.0,10.0,10.0,10.0,10,100.0,inf,cone,both,5000.0,10.0,0.01,30.0,0.01,256,20,3,0.5,0.1,0.99,10.0,256,20,0,128,0,0.0,10.0,299.2046163359104,12179.525336729625,0.4673611111111111,1180.8297974680363,0.0,
coast,transverse,300.0,1800.0,0.1,0.15,5.0,inf,10.0,10.0,10,100.0,inf,cone,both,5000.0,10.0,0.01,30.0,0.01,256,20,3,0.5,0.1,0.99,10.0,256,20,0,128,0,0.0,26.99999999999992,299.2046163359104,14975.541614909776,0.4501736111111111,1833.235695055984,0.0,
coast,transverse,300.0,1800.0,0.1,0.2,5.0,1.25,10.0,10.0,10,100.0,inf,cone,both,5000.0,10.0,0.01,30.0,0.01,256,20,3,0.5,0.1,0.99,10.0,256,20,0,128,0,0.0,1.25,299.32373740646767,2488.177693268908,0.7797743055555556,285.56020869030164,0.0,
coast,transverse,300.0,1800.0,0.1,0.2,5.0,2.5,10.0,10.0,10,100.0,inf,cone,both,5000.0,10.0,0.01,30.0,0.01,256,20,3,0.5,0.1,0.99,10.0,256,20,0,128,0,0.0,2.5,299.2867635127342,5377.604685213654,0.7204427083333333,543.0120439003163,0.0,
coast,transverse,300.0,1800.0,0.1,0.2,5.0,3.75,10.0,10.0,10,100.0,inf,cone,both,5000.0,10.0,0.01,30.0,0.01,256,20,3,0.5,0.1,0.99,10.0,256,20,0,128,0,0.0,3.75,299.2867635127342,7748.18957078601,0.6275173611111111,781.3509060327764,0.0,
coast,transverse,300.0,1800.0,0.1,0.2,5.0,4.5,10.0,10.0,10,100.0,inf,cone,both,5000.0,10.0,0.01,30.0,0.01,256,20,3,0.5,0.1,0.99,10.0,256,20,0,128,0,0.0,4.5,299.2867635127342,8882.515774552936,0.5857204861111112,902.7314328531731,0.0,
coast,transverse,300.0,1800.0,0.1,0.2,5.0,5.0,10.0,10.0,10,100.0,inf,cone,both,5000.0,10.0,0.01,30.0,0.01,256,20,3,0.5,0.1,0.99,10.0,256,20,0,128,0,0.0,5.0,299.2867635127342,9544.69207353861,0.5584201388888889,966.7912932579776,0.0,
coast,transverse,300.0,1800.0,0.1,0.2,5.0,5.5,10.0,10.0,10,100.0,inf,cone,both,5000.0,10.0,0.01,30.0,0.01,256,20,3,0.5,0.1,0.99,10.0,256,20,0,128,0,0.0,5.5,299.2867635127342,10136.68548427784,0.5307725694444444,1030.0432837806843,0.0,
coast,transverse,300.0,1800.0,0.1,0.2,5.0,6.25,10.0,10.0,10,100.0,inf,cone,both,5000.0,10.0,0.01,30.0,0.01,256,20,3,0.5,0.1,0.99,10.0,256,20,0,128,0,0.0,6.25,299.2867635127342,10933.072608390165,0.4986111111111111,1110.541669272361,0.0,
coast,transverse,300.0,1800.0,0.1,0.2,5.0,7.5,10.0,10.0,10,100.0,inf,cone,both,5000.0,10.0,0.01,30.0,0.01,256,20,3,0.5,0.1,0.99,10.0,256,20,0,128,0,0.0,7.5,299.2867635127342,12078.578851005725,0.4622829861111111,1213.1140098788453,0.0,
coast,transverse,300.0,1800.0,0.1,0.2,5.0,10.0,10.0,10.0,10,100.0,inf,cone,both,5000.0,10.0,0.01,30.0,0.01,256,20,3,0.5,0.1,0.99,10.0,256,20,0,128,0,0.0,10.0,299.2867635127342,13959.839059070437,0.4215711805555555,1356.6844156593293,0.0,
coast,transverse,300.0,1800.0,0.1,0.2,5.0,inf,10.0,10.0,10,100.0,inf,cone,both,5000.0,10.0,0.01,30.0,0.01,256,20,3,0.5,0.1,0.99,10.0,256,20,0,128,0,0.0,35.99999999999997,299.2867635127342,19630.725941957586,0.3943142361111111,2769.0076920593024,0.0,
direct,flee,300.0,1800.0,0.1,0.025,5.0,1.25,10.0,10.0,10,100.0,inf,cone,both,5000.0,10.0,0.01,30.0,0.01,256,20,3,0.5,0.1,0.99,10.0,256,20,0,128,1,4.98203125,1.2455078125,59.71256987263618,1389.2838220579315,0.7114583333333333,205.8026385040915,0.0078125,270.0
direct,flee,300.0,1800.0,0.1,0.025,5.0,2.5,10.0,10.0,10,100.0,inf,cone,both,5000.0,10.0,0.01,30.0,0.01,256,20,3,0.5,0.1,0.99,10.0,256,20,0,128,1,4.98203125,2.4857421875,59.72003791767618,2705.508662190851,0.7111979166666667,298.42911149825113,0.0078125,270.0
direct,flee,300.0,1800.0,0.1,0.025,5.0,3.75,10.0,10.0,10,100.0,inf,cone,both,5000.0,10.0,0.01,30.0,0.01,256,20,3,0.5,0.1,0.99,10.0,256,20,0,128,1,4.98203125,3.7259765625,59.72003791767618,3391.8021934801754,0.7108506944444445,330.4293941074267,0.0078125,270.0
direct,flee,300.0,1800.0,0.1,0.025,5.0,4.5,10.0,10.0,10,100.0,inf,cone,both,5000.0,10.0,0.01,30.0,0.01,256,20,3,0.5,0.1,0.99,10.0,256,20,0,128,1,4.98203125,4.470117187499996,59.72003791767618,3506.25841099056,0.7108506944444445,333.3198248611859,0.0078125,270.0
direct,flee,300.0,1800.0,0.1,0.025,5.0,5.0,10.0,10.0,10,100.0,inf,cone,both,5000.0,10.0,0.01,30.0,0.01,256,20,3,0.5,0.1,0.99,10.0,256,20,0,128,1,4.98203125,4.470117187499996,59.72003791767618,3506.25841099056,0.7108506944444445,333.3198248611859,0.0078125,270.0
direct,flee,300.0,1800.0,0.1,0.025,5.0,5.5,10.0,10.0,10,100.0,inf,cone,both,5000.0,10.0,0.01,30.0,0.01,256,20,3,0.5,0.1,0.99,10.0,256,20,0,128,1,4.98203125,4.470117187499996,59.72003791767618,3506.25841099056,0.7108506944444445,333.3198248611859,0.0078125,270.0
direct,flee,300.0,1800.0,0.1,0.025,5.0,6.25,10.0,10.0,10,100.0,inf,cone,both,5000.0,10.0,0.01,30.0,0.01,256,20,3,0.5,0.1,0.99,10.0,256,20,0,128,1,4.98203125,4.470117187499996,59.72003791767618,3506.25841099056,0.7108506944444445,333.3198248611859,0.0078125,270.0
direct,flee,300.0,1800.0,0.1,0.025,5.0,7.5,10.0,10.0,10,100.0,inf,cone,both,5000.0,10.0,0.01,30.0,0.01,256,20,3,0.5,0.1,0.99,10.0,256,20,0,128,1,4.98203125,4.470117187499996,59.72003791767618,3506.25841099056,0.7108506944444445,333.3198248611859,0.0078125,270.0
direct,flee,300.0,1800.0,0.1,0.025,5.0,10.0,10.0,10.0,10,100.0,inf,cone,both,5000.0,10.0,0.01,30.0,0.01,256,20,3,0.5,0.1,0.99,10.0,256,20,0,128,1,4.98203125,4.470117187499996,59.72003791767618,3506.25841099056,0.7108506944444445,333.3198248611859,0.0078125,270.0
direct,flee,300.0,1800.0,0.1,0.025,5.0,inf,10.0,10.0,10,100.0,inf,cone,both,5000.0,10.0,0.01,30.0,0.01,256,20,3,0.5,0.1,0.99,10.0,256,20,0,128,1,4.98203125,4.470117187499996,59.72003791767618,3506.25841099056,0.7108506944444445,333.3198248611859,0.0078125,270.0
direct,flee,300.0,1800.0,0.1,0.05,5.0,1.25,10.0,10.0,10,100.0,inf,cone,both,5000.0,10.0,0.01,30.0,0.01,256,20,3,0.5,0.1,0.99,10.0,256,20,0,128,2,4.97265625,1.25,77.26121414746765,1664.739412546744,0.7246961805555555,303.2376033443023,0.015625,325.0
direct,flee,300.0,1800.0,0.1,0.05,5.0,2.5,10.0,10.0,10,100.0,inf,cone,both,5000.0,10.0,0.01,30.0,0.01,256,20,3,0.5,0.1,0.99,10.0,256,20,0,128,2,4.97421875,2.487109375,85.64264380177984,2384.3418969558893,0.7237847222222222,465.46505693620776,0.015625,335.0
direct,flee,300.0,1800.0,0.1,0.05,5.0,3.75,10.0,10.0,10,100.0,inf,cone,both,5000.0,10.0,0.01,30.0,0.01,256,20,3,0.5,0.1,0.99,10.0,256,20,0,128,2,4.97421875,3.717578125,85.61030345678365,3905.868194981798,0.7233072916666666,587.4571815636564,0.015625,335.0
direct,flee,300.0,1800.0,0.1,0.05,5.0,4.5,10.0,10.0,10,100.0,inf,cone,both,5000.0,10.0,0.01,30.0,0.01,256,20,3,0.5,0.1,0.99,10.0,256,20,0,128,2,4.97421875,4.455859375,85.61030345678365,4656.444827620926,0.7150173611111111,654.6702135652856,0.015625,335.0
direct,flee,300.0,1800.0,0.1,0.05,5.0,5.0,10.0,10.0,10,100.0,inf,cone,both,5000.0,10.0,0.01,30.0,0.01,256,20,3,0.5,0.1,0.99,10.0,256,20,0,128,2,4.97421875,4.948046875,85.61030345678365,5087.261041100898,0.70625,681.8950137049022,0.015625,335.0
direct,flee,300.0,1800.0,0.1,0.05,5.0,5.5,10.0,10.0,10,100.0,inf,cone,both,5000.0,10.0,0.01,30.0,0.01,256,20,3,0.5,0.1,0.99,10.0,256,20,0,128,2,4.97421875,5.440234375,85.61030345678365,5464.509270010695,0.6970052083333333,705.0721947416341,0.015625,335.0
direct,flee,300.0,1800.0,0.1,0.05,5.0,6.25,10.0,10.0,10,100.0,inf,cone,both,5000.0,10.0,0.01,30.0,0.01,256,20,3,0.5,0.1,0.99,10.0,256,20,0,128,2,4.97421875,6.178515625,85.61030345678365,5933.266294312344,0.68671875,728.1504935851721,0.015625,335.0
direct,flee,300.0,1800.0,0.1,0.05,5.0,7.5,10.0,10.0,10,100.0,inf,cone,both,5000.0,10.0,0.01,30.0,0.01,256,20,3,0.5,0.1,0.99,10.0,256,20,0,128,2,4.97421875,7.408984375,85.61030345678365,6463.255309089064,0.6743923611111111,749.2732219570576,0.015625,335.0
direct,flee,300.0,1800.0,0.1,0.05,5.0,10.0,10.0,10.0,10,100.0,inf,cone,both,5000.0,10.0,0.01,30.0,0.01,256,20,3,0.5,0.1,0.99,10.0,256,20,0,128,2,4.97421875,8.885546874999992,85.61030345678365,6692.019488627596,0.6712673611111111,757.5851507543806,0.015625,335.0
direct,flee,300.0,1800.0,0.1,0.05,5.0,inf,10.0,10.0,10,100.0,inf,cone,both,5000.0,10.0,0.01,30.0,0.01,256,20,3,0.5,0.1,0.99,10.0,256,20,0,128,2,4.97421875,8.885546874999992,85.61030345678365,6692.019488627596,0.6712673611111111,757.5851507543806,0.015625,335.0
direct,flee,300.0,1800.0,0.1,0.075,5.0,1.25,10.0,10.0,10,100.0,inf,cone,both,5000.0,10.0,0.01,30.0,0.01,256,20,3,0.5,0.1,0.99,10.0,256,20,0,128,2,4.9765625,1.25,83.20892100190271,2078.054542773859,0.7318576388888889,315.09175299066754,0.015625,350.0
direct,flee,300.0,1800.0,0.1,0.075,5.0,2.5,10.0,10.0,10,100.0,inf,cone,both,5000.0,10.0,0.01,30.0,0.01,256,20,3,0.5,0.1,0.99,10.0,256,20,0,128,2,4.9890625,2.5,104.82545921267037,3016.503163715241,0.7303385416666667,543.1149033959617,0.015625,430.0
direct,flee,300.0,1800.0,0.1,0.075,5.0,3.75,10.0,10.0,10,100.0,inf,cone,both,5000.0,10.0,0.01,30.0,0.01,256,20,3,0.5,0.1,0.99,10.0,256,20,0,128,2,4.99453125,3.7458984375,130.51118185179234,2880.759363330013,0.730078125,723.9344574751818,0.015625,465.0
direct,flee,300.0,1800.0,0.1,0.075,5.0,4.5,10.0,10.0,10,100.0,inf,cone,both,5000.0,10.0,0.01,30.0,0.01,256,20,3,0.5,0.1,0.99,10.0,256,20,0,128,2,4.99453125,4.4841796875,131.643306858353,3717.217988895353,0.730078125,810.1302982231307,0.015625,465.0
direct,flee,300.0,1800.0,0.1,0.075,5.0,5.0,10.0,10.0,10,100.0,inf,cone,both,5000.0,10.0,0.01,30.0,0.01,256,20,3,0.5,0.1,0.99,10.0,256,20,0,128,2,4.99453125,4.9763671875,131.643306858353,4376.204378750602,0.730078125,860.3452919984472,0.015625,465.0
direct,flee,300.0,1800.0,0.1,0.075,5.0,5.5,10.0,10.0,10,100.0,inf,cone,both,5000.0,10.0,0.01,30.0,0.01,256,20,3,0.5,0.1,0.99,10.0,256,20,0,128,2,4.99453125,5.4685546875,131.643306858353,4992.383430846016,0.7281684027777777,904.9004904515298,0.015625,465.0
direct,flee,300.0,1800.0,0.1,0.075,5.0,6.25,10.0,10.0,10,100.0,inf,cone,both,5000.0,10.0,0.01,30.0,0.01,256,20,3,0.5,0.1,0.99,10.0,256,20,0,128,2,4.99453125,6.2068359375,131.643306858353,5828.419569457725,0.7110677083333333,962.13168779693,0.015625,465.0
direct,flee,300.0,1800.0,0.1,0.075,5.0,7.5,10.0,10.0,10,100.0,inf,cone,both,5000.0,10.0,0.01,30.0,0.01,256,20,3,0.5,0.1,0.99,10.0,256,20,0,128,2,4.99453125,7.4373046875,131.643306858353,7003.512944956236,0.6779947916666667,1034.6487267540376,0.015625,465.0
direct,flee,300.0,1800.0,0.1,0.075,5.0,10.0,10.0,10.0,10,100.0,inf,cone,both,5000.0,10.0,0.01,30.0,0.01,256,20,3,0.5,0.1,0.99,10.0,256,20,0,128,2,4.99453125,9.8982421875,131.643306858353,8626.211036169698,0.6282552083333334,1113.024729200403,0.015625,465.0
direct,flee,300.0,1800.0,0.1,0.075,5.0,inf,10.0,10.0,10,100.0,inf,cone,both,5000.0,10.0,0.01,30.0,0.01,256,20,3,0.5,0.1,0.99,10.0,256,20,0,128,2,4.99453125,13.343554687499962,131.643306858353,9451.636907807086,0.6192274305555555,1158.6933440571206,0.015625,465.0
direct,flee,300.0,1800.0,0.1,0.09,5.0,1.25,10.0,10.0,10,100.0,inf,cone,both,5000.0,10.0,0.01,30.0,0.01,256,20,3,0.5,0.1,0.99,10.0,256,20,0,128,2,4.97734375,1.25,85.95249738596486,2216.5820725992826,0.7320746527777777,320.992554094764,0.015625,355.0
direct,flee,300.0,1800.0,0.1,0.09,5.0,2.5,10.0,10.0,10,100.0,inf,cone,both,5000.0,10.0,0.01,30.0,0.01,256,20,3,0.5,0.1,0.99,10.0,256,20,0,128,2,4.99453125,2.5,111.28324111031804,3468.6144701786798,0.7304253472222222,571.7437509435558,0.015625,465.0
direct,flee,300.0,1800.0,0.1,0.09,5.0,3.75,10.0,10.0,10,100.0,inf,cone,both,5000.0,10.0,0.01,30.0,0.01,256,20,3,0.5,0.1,0.99,10.0,256,20,0,128,0,5.0,3.75,146.8843305320476,2916.9278277522376,0.7302951388888889,776.540691922251,0.0,
direct,flee,300.0,1800.0,0.1,0.09,5.0,4.5,10.0,10.0,10,100.0,inf,cone,both,5000.0,10.0,0.01,30.0,0.01,256,20,3,0.5,0.1,0.99,10.0,256,20,0,128,0,5.0,4.5,210.19311287104583,2868.388586612162,0.7302951388888889,875.6307342920431,0.0,
direct,flee,300.0,1800.0,0.1,0.09,5.0,5.0,10.0,10.0,10,100.0,inf,cone,both,5000.0,10.0,0.01,30.0,0.01,256,20,3,0.5,0.1,0.99,10.0,256,20,0,128,0,5.0,5.0,234.17254983222284,3254.397757330426,0.7302951388888889,935.975531414373,0.0,
direct,flee,300.0,1800.0,0.1,0.09,5.0,5.5,10.0,10.0,10,100.0,inf,cone,both,5000.0,10.0,0.01,30.0,0.01,256,20,3,0.5,0.1,0.99,10.0,256,20,0,128,0,5.0,5.5,234.62036800632765,3855.623790095044,0.7302951388888889,991.5417688124356,0.0,
direct,flee,300.0,1800.0,0.1,0.09,5.0,6.25,10.0,10.0,10,100.0,inf,cone,both,5000.0,10.0,0.01,30.0,0.01,256,20,3,0.5,0.1,0.99,10.0,256,20,0,128,0,5.0,6.25,234.62036800632765,4781.765875490645,0.7302951388888889,1065.396172170609,0.0,
direct,flee,300.0,1800.0,0.1,0.09,5.0,7.5,10.0,10.0,10,100.0,inf,cone,both,5000.0,10.0,0.01,30.0,0.01,256,20,3,0.5,0.1,0.99,10.0,256,20,0,128,0,5.0,7.5,234.62036800632765,6176.190105681728,0.7215711805555556,1165.3030676771484,0.0,
direct,flee,300.0,1800.0,0.1,0.09,5.0,10.0,10.0,10.0,10,100.0,inf,cone,both,5000.0,10.0,0.01,30.0,0.01,256,20,3,0.5,0.1,0.99,10.0,256,20,0,128,0,5.0,10.0,234.62036800632765,8326.371373025959,0.6530815972222223,1295.2590024126837,0.0,
direct,flee,300.0,1800.0,0.1,0.09,5.0,inf,10.0,10.0,10,100.0,inf,cone,both,5000.0,10.0,0.01,30.0,0.01,256,20,3,0.5,0.1,0.99,10.0,256,20,0,128,0,5.0,16.19999999999998,234.62036800632765,10495.421860038132,0.6091579861111112,1406.624269582035,0.0,
direct,flee,300.0,1800.0,0.1,0.1,5.0,1.25,10.0,10.0,10,100.0,inf,cone,both,5000.0,10.0,0.01,30.0,0.01,256,20,3,0.5,0.1,0.99,10.0,256,20,0,128,2,4.978125,1.25,87.40063260924687,2284.5316371174777,0.7322482638888889,323.9609639021893,0.015625,360.0
direct,flee,300.0,1800.0,0.1,0.1,5.0,2.5,10.0,10.0,10,100.0,inf,cone,both,5000.0,10.0,0.01,30.0,0.01,256,20,3,0.5,0.1,0.99,10.0,256,20,0,128,3,4.996875,2.5,112.54370136789966,3589.81742338202,0.7303819444444445,584.447764167126,0.0234375,480.0
direct,flee,300.0,1800.0,0.1,0.1,5.0,3.75,10.0,10.0,10,100.0,inf,cone,both,5000.0,10.0,0.01,30.0,0.01,256,20,3,0.5,0.1,0.99,10.0,256,20,0,128,2,5.0,3.75,153.70027237630586,2915.2769912895856,0.7304253472222222,802.4106943623955,0.015625,755.0
direct,flee,300.0,1800.0,0.1,0.1,5.0,4.5,10.0,10.0,10,100.0,inf,cone,both,5000.0,10.0,0.01,30.0,0.01,256,20,3,0.5,0.1,0.99,10.0,256,20,0,128,0,5.0,4.5,233.264524937421,2866.8717551056698,0.7304253472222222,909.2448816002156,0.0,
direct,flee,300.0,1800.0,0.1,0.1,5.0,5.0,10.0,10.0,10,100.0,inf,cone,both,5000.0,10.0,0.01,30.0,0.01,256,20,3,0.5,0.1,0.99,10.0,256,20,0,128,0,5.0,5.0,286.24866846095534,3238.865226558985,0.7304253472222222,975.1066759996552,0.0,
direct,flee,300.0,1800.0,0.1,0.1,5.0,5.5,10.0,10.0,10,100.0,inf,cone,both,5000.0,10.0,0.01,30.0,0.01,256,20,3,0.5,0.1,0.99,10.0,256,20,0,128,0,5.0,5.5,296.4709728986429,3838.980732264001,0.7304253472222222,1036.458543194671,0.0,
direct,flee,300.0,1800.0,0.1,0.1,5.0,6.25,10.0,10.0,10,100.0,inf,cone,both,5000.0,10.0,0.01,30.0,0.01,256,20,3,0.5,0.1,0.99,10.0,256,20,0,128,0,5.0,6.25,296.4709728986429,4790.5210832475095,0.7304253472222222,1119.4660876524238,0.0,
direct,flee,300.0,1800.0,0.1,0.1,5.0,7.5,10.0,10.0,10,100.0,inf,cone,both,5000.0,10.0,0.01,30.0,0.01,256,20,3,0.5,0.1,0.99,10.0,256,20,0,128,0,5.0,7.5,296.4709728986429,6261.778662034008,0.7166232638888889,1235.4343351583038,0.0,
direct,flee,300.0,1800.0,0.1,0.1,5.0,10.0,10.0,10.0,10,100.0,inf,cone,both,5000.0,10.0,0.01,30.0,0.01,256,20,3,0.5,0.1,0.99,10.0,256,20,0,128,0,5.0,10.0,296.4709728986429,8650.538083294348,0.6432725694444444,1397.590897322716,0.0,
direct,flee,300.0,1800.0,0.1,0.1,5.0,inf,10.0,10.0,10,100.0,inf,cone,both,5000.0,10.0,0.01,30.0,0.01,256,20,3,0.5,0.1,0.99,10.0,256,20,0,128,0,5.0,17.999999999999986,296.4709728986429,11889.337137917451,0.5763888888888888,1593.7805421394455,0.0,
direct,flee,300.0,1800.0,0.1,0.11,5.0,1.25,10.0,10.0,10,100.0,inf,cone,both,5000.0,10.0,0.01,30.0,0.01,256,20,3,0.5,0.1,0.99,10.0,256,20,0,128,2,4.978125,1.25,88.62831077656793,2339.3839028850816,0.7322916666666667,326.4893646274805,0.015625,360.0
direct,flee,300.0,1800.0,0.1,0.11,5.0,2.5,10.0,10.0,10,100.0,inf,cone,both,5000.0,10.0,0.01,30.0,0.01,256,20,3,0.5,0.1,0.99,10.0,256,20,0,128,2,4.99921875,2.5,112.40707713157896,3720.3761600207727,0.7301215277777777,594.5381437128125,0.015625,510.0
direct,flee,300.0,1800.0,0.1,0.11,5.0,3.75,10.0,10.0,10,100.0,inf,cone,both,5000.0,10.0,0.01,30.0,0.01,256,20,3,0.5,0.1,0.99,10.0,256,20,0,128,2,5.0,3.75,161.3967406067871,2937.5560156328397,0.7305555555555555,824.6458971834847,0.015625,730.0
direct,flee,300.0,1800.0,0.1,0.11,5.0,4.5,10.0,10.0,10,100.0,inf,cone,both,5000.0,10.0,0.01,30.0,0.01,256,20,3,0.5,0.1,0.99,10.0,256,20,0,128,0,5.0,4.5,245.0741518382595,2935.296053927587,0.7305555555555555,938.9288592252102,0.0,
direct,flee,300.0,1800.0,0.1,0.11,5.0,5.0,10.0,10.0,10,100.0,inf,cone,both,5000.0,10.0,0.01,30.0,0.01,256,20,3,0.5,0.1,0.99,10.0,256,20,0,128,0,5.0,5.0,285.74719248256133,3335.5576285826014,0.7305555555555555,1009.786707132906,0.0,
direct,flee,300.0,1800.0,0.1,0.11,5.0,5.5,10.0,10.0,10,100.0,inf,cone,both,5000.0,10.0,0.01,30.0,0.01,256,20,3,0.5,0.1,0.99,10.0,256,20,0,128,0,5.0,5.5,300.0,3970.326129812241,0.7305555555555555,1076.2804308206485,0.0,
direct,flee,300.0,1800.0,0.1,0.11,5.0,6.25,10.0,10.0,10,100.0,inf,cone,both,5000.0,10.0,0.01,30.0,0.01,256,20,3,0.5,0.1,0.99,10.0,256,20,0,128,0,5.0,6.25,300.0,4967.722518901901,0.7305555555555555,1167.3485524065954,0.0,
direct,flee,300.0,1800.0,0.1,0.11,5.0,7.5,10.0,10.0,10,100.0,inf,cone,both,5000.0,10.0,0.01,30.0,0.01,256,20,3,0.5,0.1,0.99,10.0,256,20,0,128,0,5.0,7.5,300.0,6527.705537005048,0.7077690972222223,1297.65657611683,0.0,
direct,flee,300.0,1800.0,0.1,0.11,5.0,10.0,10.0,10.0,10,100.0,inf,cone,both,5000.0,10.0,0.01,30.0,0.01,256,20,3,0.5,0.1,0.99,10.0,256,20,0,128,0,5.0,10.0,300.0,9139.626153911928,0.6243055555555556,1490.815529511873,0.0,
direct,flee,300.0,1800.0,0.1,0.11,5.0,inf,10.0,10.0,10,100.0,inf,cone,both,5000.0,10.0,0.01,30.0,0.01,256,20,3,0.5,0.1,0.99,10.0,256,20,0,128,0,5.0,19.79999999999995,300.0,13564.111381599138,0.5416666666666666,1806.3267728986652,0.0,
direct,flee,300.0,1800.0,0.1,0.125,5.0,1.25,10.0,10.0,10,100.0,inf,cone,both,5000.0,10.0,0.01,30.0,0.01,256,20,3,0.5,0.1,0.99,10.0,256,20,0,128,2,4.97890625,1.25,90.25106416058924,2406.4887046758786,0.732421875,329.5385488805449,0.015625,365.0
direct,flee,300.0,1800.0,0.1,0.125,5.0,2.5,10.0,10.0,10,100.0,inf,cone,both,5000.0,10.0,0.01,30.0,0.01,256,20,3,0.5,0.1,0.99,10.0,256,20,0,128,3,5.0,2.5,111.2285265905528,3726.3817642958666,0.7371527777777778,589.404448699675,0.0234375,530.0
direct,flee,300.0,1800.0,0.1,0.125,5.0,3.75,10.0,10.0,10,100.0,inf,cone,both,5000.0,10.0,0.01,30.0,0.01,256,20,3,0.5,0.1,0.99,10.0,256,20,0,128,1,5.0,3.75,176.13762376506918,2938.141793680621,0.7377170138888889,827.9279739489233,0.0078125,760.0
direct,flee,300.0,1800.0,0.1,0.125,5.0,4.5,10.0,10.0,10,100.0,inf,cone,both,5000.0,10.0,0.01,30.0,0.01,256,20,3,0.5,0.1,0.99,10.0,256,20,0,128,0,5.0,4.5,256.9663801520162,2999.1332315146697,0.7377170138888889,948.5957317650071,0.0,
direct,flee,300.0,1800.0,0.1,0.125,5.0,5.0,10.0,10.0,10,100.0,inf,cone,both,5000.0,10.0,0.01,30.0,0.01,256,20,3,0.5,0.1,0.99,10.0,256,20,0,128,0,5.0,5.0,283.9455266578126,3440.9188212988406,0.7377170138888889,1023.8421219106364,0.0,
direct,flee,300.0,1800.0,0.1,0.125,5.0,5.5,10.0,10.0,10,100.0,inf,cone,both,5000.0,10.0,0.01,30.0,0.01,256,20,3,0.5,0.1,0.99,10.0,256,20,0,128,0,5.0,5.5,300.0,4123.154286196255,0.7377170138888889,1094.86330202123,0.0,
direct,flee,300.0,1800.0,0.1,0.125,5.0,6.25,10.0,10.0,10,100.0,inf,cone,both,5000.0,10.0,0.01,30.0,0.01,256,20,3,0.5,0.1,0.99,10.0,256,20,0,128,0,5.0,6.25,300.0,5184.298190018429,0.7359375,1193.306258537668,0.0,
direct,flee,300.0,1800.0,0.1,0.125,5.0,7.5,10.0,10.0,10,100.0,inf,cone,both,5000.0,10.0,0.01,30.0,0.01,256,20,3,0.5,0.1,0.99,10.0,256,20,0,128,0,5.0,7.5,300.0,6863.214874028325,0.70078125,1338.186141717499,0.0,
direct,flee,300.0,1800.0,0.1,0.125,5.0,10.0,10.0,10.0,10,100.0,inf,cone,both,5000.0,10.0,0.01,30.0,0.01,256,20,3,0.5,0.1,0.99,10.0,256,20,0,128,0,5.0,10.0,300.0,9762.508607827082,0.6002604166666666,1564.798043022504,0.0,
direct,flee,300.0,1800.0,0.1,0.125,5.0,inf,10.0,10.0,10,100.0,inf,cone,both,5000.0,10.0,0.01,30.0,0.01,256,20,3,0.5,0.1,0.99,10.0,256,20,0,128,0,5.0,22.5,300.0,16123.242085894051,0.5007378472222223,2100.420561333628,0.0,
direct,flee,300.0,1800.0,0.1,0.15,5.0,1.25,10.0,10.0,10,100.0,inf,cone,both,5000.0,10.0,0.01,30.0,0.01,256,20,3,0.5,0.1,0.99,10.0,256,20,0,128,2,4.9796875,1.25,92.23272922221764,2484.822083534852,0.7325954861111111,333.03005935613953,0.015625,370.0
direct,flee,300.0,1800.0,0.1,0.15,5.0,2.5,10.0,10.0,10,100.0,inf,cone,both,5000.0,10.0,0.01,30.0,0.01,256,20,3,0.5,0.1,0.99,10.0,256,20,0,128,9,5.0,2.5,112.89097147452786,3546.909122576044,0.7376969818376068,612.6115182047192,0.0703125,530.0
direct,flee,300.0,1800.0,0.1,0.15,5.0,3.75,10.0,10.0,10,100.0,inf,cone,both,5000.0,10.0,0.01,30.0,0.01,256,20,3,0.5,0.1,0.99,10.0,256,20,0,128,1,5.0,3.75,198.37302261620613,2993.3299429206445,0.7380642361111112,858.5543535719924,0.0078125,770.0
direct,flee,300.0,1800.0,0.1,0.15,5.0,4.5,10.0,10.0,10,100.0,inf,cone,both,5000.0,10.0,0.01,30.0,0.01,256,20,3,0.5,0.1,0.99,10.0,256,20,0,128,0,5.0,4.5,261.1440712656498,3196.0044176580072,0.7380642361111112,992.3991583923824,0.0,
direct,flee,300.0,1800.0,0.1,0.15,5.0,5.0,10.0,10.0,10,100.0,inf,cone,both,5000.0,10.0,0.01,30.0,0.01,256,20,3,0.5,0.1,0.99,10.0,256,20,0,128,0,5.0,5.0,291.565556262544,3715.837751011203,0.7380642361111112,1076.4887428715128,0.0,
direct,flee,300.0,1800.0,0.1,0.15,5.0,5.5,10.0,10.0,10,100.0,inf,cone,both,5000.0,10.0,0.01,30.0,0.01,256,20,3,0.5,0.1,0.99,10.0,256,20,0,128,0,5.0,5.5,300.0,4457.167709215275,0.7380642361111112,1156.4516207539286,0.0,
direct,flee,300.0,1800.0,0.1,0.15,5.0,6.25,10.0,10.0,10,100.0,inf,cone,both,5000.0,10.0,0.01,30.0,0.01,256,20,3,0.5,0.1,0.99,10.0,256,20,0,128,0,5.0,6.25,300.0,5606.299500829444,0.7270399305555556,1268.9291191861244,0.0,
direct,flee,300.0,1800.0,0.1,0.15,5.0,7.5,10.0,10.0,10,100.0,inf,cone,both,5000.0,10.0,0.01,30.0,0.01,256,20,3,0.5,0.1,0.99,10.0,256,20,0,128,0,5.0,7.5,300.0,7446.453235420119,0.681640625,1439.712784562386,0.0,
direct,flee,300.0,1800.0,0.1,0.15,5.0,10.0,10.0,10.0,10,100.0,inf,cone,both,5000.0,10.0,0.01,30.0,0.01,256,20,3,0.5,0.1,0.99,10.0,256,20,0,128,0,5.0,10.0,300.0,10729.265979274334,0.5581597222222222,1723.1409592558707,0.0,
direct,flee,300.0,1800.0,0.1,0.15,5.0,inf,10.0,10.0,10,100.0,inf,cone,both,5000.0,10.0,0.01,30.0,0.01,256,20,3,0.5,0.1,0.99,10.0,256,20,0,128,0,5.0,26.99999999999992,300.0,20620.033664885257,0.441015625,2759.507053059671,0.0,
direct,flee,300.0,1800.0,0.1,0.2,5.0,1.25,10.0,10.0,10,100.0,inf,cone,both,5000.0,10.0,0.01,30.0,0.01,256,20,3,0.5,0.1,0.99,10.0,256,20,0,128,2,4.9796875,1.25,94.84683503036342,2583.798088699522,0.7328559027777778,337.9160812658708,0.015625,370.0
direct,flee,300.0,1800.0,0.1,0.2,5.0,2.5,10.0,10.0,10,100.0,inf,cone,both,5000.0,10.0,0.01,30.0,0.01,256,20,3,0.5,0.1,0.99,10.0,256,20,0,128,7,5.0,2.5,116.38178911470652,3644.6245886385664,0.7385416666666667,629.5889366766129,0.0546875,550.0
direct,flee,300.0,1800.0,0.1,0.2,5.0,3.75,10.0,10.0,10,100.0,inf,cone,both,5000.0,10.0,0.01,30.0,0.01,256,20,3,0.5,0.1,0.99,10.0,256,20,0,128,0,5.0,3.75,223.61372286330663,3097.681554195551,0.7386284722222223,896.4575569223739,0.0,
direct,flee,300.0,1800.0,0.1,0.2,5.0,4.5,10.0,10.0,10,100.0,inf,cone,both,5000.0,10.0,0.01,30.0,0.01,256,20,3,0.5,0.1,0.99,10.0,256,20,0,128,0,5.0,4.5,268.8544554448748,3479.747370850405,0.7386284722222223,1047.2064025357215,0.0,
direct,flee,300.0,1800.0,0.1,0.2,5.0,5.0,10.0,10.0,10,100.0,inf,cone,both,5000.0,10.0,0.01,30.0,0.01,256,20,3,0.5,0.1,0.99,10.0,256,20,0,128,0,5.0,5.0,293.77183605092387,4113.138472328921,0.7386284722222223,1143.9401573219254,0.0,
direct,flee,300.0,1800.0,0.1,0.2,5.0,5.5,10.0,10.0,10,100.0,inf,cone,both,5000.0,10.0,0.01,30.0,0.01,256,20,3,0.5,0.1,0.99,10.0,256,20,0,128,0,5.0,5.5,300.0,4935.345413911718,0.7361979166666667,1236.924625820307,0.0,
direct,flee,300.0,1800.0,0.1,0.2,5.0,6.25,10.0,10.0,10,100.0,inf,cone,both,5000.0,10.0,0.01,30.0,0.01,256,20,3,0.5,0.1,0.99,10.0,256,20,0,128,0,5.0,6.25,300.0,6209.12095019544,0.7101128472222222,1370.3419668503282,0.0,
direct,flee,300.0,1800.0,0.1,0.2,5.0,7.5,10.0,10.0,10,100.0,inf,cone,both,5000.0,10.0,0.01,30.0,0.01,256,20,3,0.5,0.1,0.99,10.0,256,20,0,128,0,5.0,7.5,300.0,8281.039882492938,0.6515625,1579.9775880259228,0.0,
direct,flee,300.0,1800.0,0.1,0.2,5.0,10.0,10.0,10.0,10,100.0,inf,cone,both,5000.0,10.0,0.01,30.0,0.01,256,20,3,0.5,0.1,0.99,10.0,256,20,0,128,0,5.0,10.0,300.0,12100.366240258292,0.5006944444444444,1952.6508633707451,0.0,
direct,flee,300.0,1800.0,0.1,0.2,5.0,inf,10.0,10.0,10,100.0,inf,cone,both,5000.0,10.0,0.01,30.0,0.01,256,20,3,0.5,0.1,0.99,10.0,256,20,0,128,0,5.0,35.99999999999997,300.0,29745.370594622545,0.3613715277777777,4296.271443214915,0.0,
direct,coast,300.0,1800.0,0.1,0.025,5.0,1.25,10.0,10.0,10,100.0,inf,cone,both,5000.0,10.0,0.01,30.0,0.01,256,20,3,0.5,0.1,0.99,10.0,256,20,0,128,1,4.9796875,0.0,47.2743417329012,836.2648876519839,0.8032118055555556,27.825146997924403,0.0078125,240.0
direct,coast,300.0,1800.0,0.1,0.025,5.0,2.5,10.0,10.0,10,100.0,inf,cone,both,5000.0,10.0,0.01,30.0,0.01,256,20,3,0.5,0.1,0.99,10.0,256,20,0,128,1,4.9796875,0.0,47.2743417329012,836.2648876519839,0.8032118055555556,27.825146997924403,0.0078125,240.0
direct,coast,300.0,1800.0,0.1,0.025,5.0,3.75,10.0,10.0,10,100.0,inf,cone,both,5000.0,10.0,0.01,30.0,0.01,256,20,3,0.5,0.1,0.99,10.0,256,20,0,128,1,4.9796875,0.0,47.2743417329012,836.2648876519839,0.8032118055555556,27.825146997924403,0.0078125,240.0
direct,coast,300.0,1800.0,0.1,0.025,5.0,4.5,10.0,10.0,10,100.0,inf,cone,both,5000.0,10.0,0.01,30.0,0.01,256,20,3,0.5,0.1,0.99,10.0,256,20,0,128,1,4.9796875,0.0,47.2743417329012,836.2648876519839,0.8032118055555556,27.825146997924403,0.0078125,240.0
direct,coast,300.0,1800.0,0.1,0.025,5.0,5.0,10.0,10.0,10,100.0,inf,cone,both,5000.0,10.0,0.01,30.0,0.01,256,20,3,0.5,0.1,0.99,10.0,256,20,0,128,1,4.9796875,0.0,47.2743417329012,836.2648876519839,0.8032118055555556,27.825146997924403,0.0078125,240.0
direct,coast,300.0,1800.0,0.1,0.025,5.0,5.5,10.0,10.0,10,100.0,inf,cone,both,5000.0,10.0,0.01,30.0,0.01,256,20,3,0.5,0.1,0.99,10.0,256,20,0,128,1,4.9796875,0.0,47.2743417329012,836.2648876519839,0.8032118055555556,27.825146997924403,0.0078125,240.0
direct,coast,300.0,1800.0,0.1,0.025,5.0,6.25,10.0,10.0,10,100.0,inf,cone,both,5000.0,10.0,0.01,30.0,0.01,256,20,3,0.5,0.1,0.99,10.0,256,20,0,128,1,4.9796875,0.0,47.2743417329012,836.2648876519839,0.8032118055555556,27.825146997924403,0.0078125,240.0
direct,coast,300.0,1800.0,0.1,0.025,5.0,7.5,10.0,10.0,10,100.0,inf,cone,both,5000.0,10.0,0.01,30.0,0.01,256,20,3,0.5,0.1,0.99,10.0,256,20,0,128,1,4.9796875,0.0,47.2743417329012,836.2648876519839,0.8032118055555556,27.825146997924403,0.0078125,240.0
direct,coast,300.0,1800.0,0.1,0.025,5.0,10.0,10.0,10.0,10,100.0,inf,cone,both,5000.0,10.0,0.01,30.0,0.01,256,20,3,0.5,0.1,0.99,10.0,256,20,0,128,1,4.9796875,0.0,47.2743417329012,836.2648876519839,0.8032118055555556,27.825146997924403,0.0078125,240.0
direct,coast,300.0,1800.0,0.1,0.025,5.0,inf,10.0,10.0,10,100.0,inf,cone,both,5000.0,10.0,0.01,30.0,0.01,256,20,3,0.5,0.1,0.99,10.0,256,20,0,128,1,4.9796875,0.0,47.2743417329012,836.2648876519839,0.8032118055555556,27.825146997924403,0.0078125,240.0
direct,coast,300.0,1800.0,0.1,0.05,5.0,1.25,10.0,10.0,10,100.0,inf,cone,both,5000.0,10.0,0.01,30.0,0.01,256,20,3,0.5,0.1,0.99,10.0,256,20,0,128,2,4.959375,0.0,47.2728001769342,832.9853504275919,0.8032118055555556,28.224692372631843,0.015625,240.0
direct,coast,300.0,1800.0,0.1,0.05,5.0,2.5,10.0,10.0,10,100.0,inf,cone,both,5000.0,10.0,0.01,30.0,0.01,256,20,3,0.5,0.1,0.99,10.0,256,20,0,128,2,4.959375,0.0,47.2728001769342,832.9853504275919,0.8032118055555556,28.224692372631843,0.015625,240.0
direct,coast,300.0,1800.0,0.1,0.05,5.0,3.75,10.0,10.0,10,100.0,inf,cone,both,5000.0,10.0,0.01,30.0,0.01,256,20,3,0.5,0.1,0.99,10.0,256,20,0,128,2,4.959375,0.0,47.2728001769342,832.9853504275919,0.8032118055555556,28.224692372631843,0.015625,240.0
direct,coast,300.0,1800.0,0.1,0.05,5.0,4.5,10.0,10.0,10,100.0,inf,cone,both,5000.0,10.0,0.01,30.0,0.01,256,20,3,0.5,0.1,0.99,10.0,256,20,0,128,2,4.959375,0.0,47.2728001769342,832.9853504275919,0.8032118055555556,28.224692372631843,0.015625,240.0
direct,coast,300.0,1800.0,0.1,0.05,5.0,5.0,10.0,10.0,10,100.0,inf,cone,both,5000.0,10.0,0.01,30.0,0.01,256,20,3,0.5,0.1,0.99,10.0,256,20,0,128,2,4.959375,0.0,47.2728001769342,832.9853504275919,0.8032118055555556,28.224692372631843,0.015625,240.0
direct,coast,300.0,1800.0,0.1,0.05,5.0,5.5,10.0,10.0,10,100.0,inf,cone,both,5000.0,10.0,0.01,30.0,0.01,256,20,3,0.5,0.1,0.99,10.0,256,20,0,128,2,4.959375,0.0,47.2728001769342,832.9853504275919,0.8032118055555556,28.224692372631843,0.015625,240.0
direct,coast,300.0,1800.0,0.1,0.05,5.0,6.25,10.0,10.0,10,100.0,inf,cone,both,5000.0,10.0,0.01,30.0,0.01,256,20,3,0.5,0.1,0.99,10.0,256,20,0,128,2,4.959375,0.0,47.2728001769342,832.9853504275919,0.8032118055555556,28.224692372631843,0.015625,240.0
direct,coast,300.0,1800.0,0.1,0.05,5.0,7.5,10.0,10.0,10,100.0,inf,cone,both,5000.0,10.0,0.01,30.0,0.01,256,20,3,0.5,0.1,0.99,10.0,256,20,0,128,2,4.959375,0.0,47.2728001769342,832.9853504275919,0.8032118055555556,28.224692372631843,0.015625,240.0
direct,coast,300.0,1800.0,0.1,0.05,5.0,10.0,10.0,10.0,10,100.0,inf,cone,both,5000.0,10.0,0.01,30.0,0.01,256,20,3,0.5,0.1,0.99,10.0,256,20,0,128,2,4.959375,0.0,47.2728001769342,832.9853504275919,0.8032118055555556,28.224692372631843,0.015625,240.0
direct,coast,300.0,1800.0,0.1,0.05,5.0,inf,10.0,10.0,10,100.0,inf,cone,both,5000.0,10.0,0.01,30.0,0.01,256,20,3,0.5,0.1,0.99,10.0,256,20,0,128,2,4.959375,0.0,47.2728001769342,832.9853504275919,0.8032118055555556,28.224692372631843,0.015625,240.0
direct,coast,300.0,1800.0,0.1,0.075,5.0,1.25,10.0,10.0,10,100.0,inf,cone,both,5000.0,10.0,0.01,30.0,0.01,256,20,3,0.5,0.1,0.99,10.0,256,20,0,128,2,4.959375,0.0,47.27009768040847,832.9658499231609,0.8032118055555556,28.476406743744263,0.015625,240.0
direct,coast,300.0,1800.0,0.1,0.075,5.0,2.5,10.0,10.0,10,100.0,inf,cone,both,5000.0,10.0,0.01,30.0,0.01,256,20,3,0.5,0.1,0.99,10.0,256,20,0,128,2,4.959375,0.0,47.27009768040847,832.9658499231609,0.8032118055555556,28.476406743744263,0.015625,240.0
direct,coast,300.0,1800.0,0.1,0.075,5.0,3.75,10.0,10.0,10,100.0,inf,cone,both,5000.0,10.0,0.01,30.0,0.01,256,20,3,0.5,0.1,0.99,10.0,256,20,0,128,2,4.959375,0.0,47.27009768040847,832.9658499231609,0.8032118055555556,28.476406743744263,0.015625,240.0
direct,coast,300.0,1800.0,0.1,0.075,5.0,4.5,10.0,10.0,10,100.0,inf,cone,both,5000.0,10.0,0.01,30.0,0.01,256,20,3,0.5,0.1,0.99,10.0,256,20,0,128,2,4.959375,0.0,47.27009768040847,832.9658499231609,0.8032118055555556,28.476406743744263,0.015625,240.0
direct,coast,300.0,1800.0,0.1,0.075,5.0,5.0,10.0,10.0,10,100.0,inf,cone,both,5000.0,10.0,0.01,30.0,0.01,256,20,3,0.5,0.1,0.99,10.0,256,20,0,128,2,4.959375,0.0,47.27009768040847,832.9658499231609,0.8032118055555556,28.476406743744263,0.015625,240.0
direct,coast,300.0,1800.0,0.1,0.075,5.0,5.5,10.0,10.0,10,100.0,inf,cone,both,5000.0,10.0,0.01,30.0,0.01,256,20,3,0.5,0.1,0.99,10.0,256,20,0,128,2,4.959375,0.0,47.27009768040847,832.9658499231609,0.8032118055555556,28.476406743744263,0.015625,240.0
direct,coast,300.0,1800.0,0.1,0.075,5.0,6.25,10.0,10.0,10,100.0,inf,cone,both,5000.0,10.0,0.01,30.0,0.01,256,20,3,0.5,0.1,0.99,10.0,256,20,0,128,2,4.959375,0.0,47.27009768040847,832.9658499231609,0.8032118055555556,28.476406743744263,0.015625,240.0
direct,coast,300.0,1800.0,0.1,0.075,5.0,7.5,10.0,10.0,10,100.0,inf,cone,both,5000.0,10.0,0.01,30.0,0.01,256,20,3,0.5,0.1,0.99,10.0,256,20,0,128,2,4.959375,0.0,47.27009768040847,832.9658499231609,0.8032118055555556,28.476406743744263,0.015625,240.0
direct,coast,300.0,1800.0,0.1,0.075,5.0,10.0,10.0,10.0,10,100.0,inf,cone,both,5000.0,10.0,0.01,30.0,0.01,256,20,3,0.5,0.1,0.99,10.0,256,20,0,128,2,4.959375,0.0,47.27009768040847,832.9658499231609,0.8032118055555556,28.476406743744263,0.015625,240.0
direct,coast,300.0,1800.0,0.1,0.075,5.0,inf,10.0,10.0,10,100.0,inf,cone,both,5000.0,10.0,0.01,30.0,0.01,256,20,3,0.5,0.1,0.99,10.0,256,20,0,128,2,4.959375,0.0,47.27009768040847,832.9658499231609,0.8032118055555556,28.476406743744263,0.015625,240.0
direct,coast,300.0,1800.0,0.1,0.09,5.0,1.25,10.0,10.0,10,100.0,inf,cone,both,5000.0,10.0,0.01,30.0,0.01,256,20,3,0.5,0.1,0.99,10.0,256,20,0,128,2,4.959375,0.0,47.268713423401,832.951713489237,0.8032118055555556,28.59302221274107,0.015625,240.0
direct,coast,300.0,1800.0,0.1,0.09,5.0,2.5,10.0,10.0,10,100.0,inf,cone,both,5000.0,10.0,0.01,30.0,0.01,256,20,3,0.5,0.1,0.99,10.0,256,20,0,128,2,4.959375,0.0,47.268713423401,832.951713489237,0.8032118055555556,28.59302221274107,0.015625,240.0
direct,coast,300.0,1800.0,0.1,0.09,5.0,3.75,10.0,10.0,10,100.0,inf,cone,both,5000.0,10.0,0.01,30.0,0.01,256,20,3,0.5,0.1,0.99,10.0,256,20,0,128,2,4.959375,0.0,47.268713423401,832.951713489237,0.8032118055555556,28.59302221274107,0.015625,240.0
direct,coast,300.0,1800.0,0.1,0.09,5.0,4.5,10.0,10.0,10,100.0,inf,cone,both,5000.0,10.0,0.01,30.0,0.01,256,20,3,0.5,0.1,0.99,10.0,256,20,0,128,2,4.959375,0.0,47.268713423401,832.951713489237,0.8032118055555556,28.59302221274107,0.015625,240.0
direct,coast,300.0,1800.0,0.1,0.09,5.0,5.0,10.0,10.0,10,100.0,inf,cone,both,5000.0,10.0,0.01,30.0,0.01,256,20,3,0.5,0.1,0.99,10.0,256,20,0,128,2,4.959375,0.0,47.268713423401,832.951713489237,0.8032118055555556,28.59302221274107,0.015625,240.0
direct,coast,300.0,1800.0,0.1,0.09,5.0,5.5,10.0,10.0,10,100.0,inf,cone,both,5000.0,10.0,0.01,30.0,0.01,256,20,3,0.5,0.1,0.99,10.0,256,20,0,128,2,4.959375,0.0,47.268713423401,832.951713489237,0.8032118055555556,28.59302221274107,0.015625,240.0
direct,coast,300.0,1800.0,0.1,0.09,5.0,6.25,10.0,10.0,10,100.0,inf,cone,both,5000.0,10.0,0.01,30.0,0.01,256,20,3,0.5,0.1,0.99,10.0,256,20,0,128,2,4.959375,0.0,47.268713423401,832.951713489237,0.8032118055555556,28.59302221274107,0.015625,240.0
direct,coast,300.0,1800.0,0.1,0.09,5.0,7.5,10.0,10.0,10,100.0,inf,cone,both,5000.0,10.0,0.01,30.0,0.01,256,20,3,0.5,0.1,0.99,10.0,256,20,0,128,2,4.959375,0.0,47.268713423401,832.951713489237,0.8032118055555556,28.59302221274107,0.015625,240.0
direct,coast,300.0,1800.0,0.1,0.09,5.0,10.0,10.0,10.0,10,100.0,inf,cone,both,5000.0,10.0,0.01,30.0,0.01,256,20,3,0.5,0.1,0.99,10.0,256,20,0,128,2,4.959375,0.0,47.268713423401,832.951713489237,0.8032118055555556,28.59302221274107,0.015625,240.0
direct,coast,300.0,1800.0,0.1,0.09,5.0,inf,10.0,10.0,10,100.0,inf,cone,both,5000.0,10.0,0.01,30.0,0.01,256,20,3,0.5,0.1,0.99,10.0,256,20,0,128,2,4.959375,0.0,47.268713423401,832.951713489237,0.8032118055555556,28.59302221274107,0.015625,240.0
direct,coast,300.0,1800.0,0.1,0.1,5.0,1.25,10.0,10.0,10,100.0,inf,cone,both,5000.0,10.0,0.01,30.0,0.01,256,20,3,0.5,0.1,0.99,10.0,256,20,0,128,2,4.959375,0.0,47.26790700983342,832.9426450281661,0.8032118055555556,28.66118946321692,0.015625,240.0
direct,coast,300.0,1800.0,0.1,0.1,5.0,2.5,10.0,10.0,10,100.0,inf,cone,both,5000.0,10.0,0.01,30.0,0.01,256,20,3,0.5,0.1,0.99,10.0,256,20,0,128,2,4.959375,0.0,47.26790700983342,832.9426450281661,0.8032118055555556,28.66118946321692,0.015625,240.0
direct,coast,300.0,1800.0,0.1,0.1,5.0,3.75,10.0,10.0,10,100.0,inf,cone,both,5000.0,10.0,0.01,30.0,0.01,256,20,3,0.5,0.1,0.99,10.0,256,20,0,128,2,4.959375,0.0,47.26790700983342,832.9426450281661,0.8032118055555556,28.66118946321692,0.015625,240.0
direct,coast,300.0,1800.0,0.1,0.1,5.0,4.5,10.0,10.0,10,100.0,inf,cone,both,5000.0,10.0,0.01,30.0,0.01,256,20,3,0.5,0.1,0.99,10.0,256,20,0,128,2,4.959375,0.0,47.26790700983342,832.9426450281661,0.8032118055555556,28.66118946321692,0.015625,240.0
direct,coast,300.0,1800.0,0.1,0.1,5.0,5.0,10.0,10.0,10,100.0,inf,cone,both,5000.0,10.0,0.01,30.0,0.01,256,20,3,0.5,0.1,0.99,10.0,256,20,0,128,2,4.959375,0.0,47.26790700983342,832.9426450281661,0.8032118055555556,28.66118946321692,0.015625,240.0
direct,coast,300.0,1800.0,0.1,0.1,5.0,5.5,10.0,10.0,10,100.0,inf,cone,both,5000.0,10.0,0.01,30.0,0.01,256,20,3,0.5,0.1,0.99,10.0,256,20,0,128,2,4.959375,0.0,47.26790700983342,832.9426450281661,0.8032118055555556,28.66118946321692,0.015625,240.0
direct,coast,300.0,1800.0,0.1,0.1,5.0,6.25,10.0,10.0,10,100.0,inf,cone,both,5000.0,10.0,0.01,30.0,0.01,256,20,3,0.5,0.1,0.99,10.0,256,20,0,128,2,4.959375,0.0,47.26790700983342,832.9426450281661,0.8032118055555556,28.66118946321692,0.015625,240.0
direct,coast,300.0,1800.0,0.1,0.1,5.0,7.5,10.0,10.0,10,100.0,inf,cone,both,5000.0,10.0,0.01,30.0,0.01,256,20,3,0.5,0.1,0.99,10.0,256,20,0,128,2,4.959375,0.0,47.26790700983342,832.9426450281661,0.8032118055555556,28.66118946321692,0.015625,240.0
direct,coast,300.0,1800.0,0.1,0.1,5.0,10.0,10.0,10.0,10,100.0,inf,cone,both,5000.0,10.0,0.01,30.0,0.01,256,20,3,0.5,0.1,0.99,10.0,256,20,0,128,2,4.959375,0.0,47.26790700983342,832.9426450281661,0.8032118055555556,28.66118946321692,0.015625,240.0
direct,coast,300.0,1800.0,0.1,0.1,5.0,inf,10.0,10.0,10,100.0,inf,cone,both,5000.0,10.0,0.01,30.0,0.01,256,20,3,0.5,0.1,0.99,10.0,256,20,0,128,2,4.959375,0.0,47.26790700983342,832.9426450281661,0.8032118055555556,28.66118946321692,0.015625,240.0
direct,coast,300.0,1800.0,0.1,0.11,5.0,1.25,10.0,10.0,10,100.0,inf,cone,both,5000.0,10.0,0.01,30.0,0.01,256,20,3,0.5,0.1,0.99,10.0,256,20,0,128,2,4.959375,0.0,47.26718707344413,832.9341579207321,0.8032118055555556,28.72327305908442,0.015625,240.0
direct,coast,300.0,1800.0,0.1,0.11,5.0,2.5,10.0,10.0,10,100.0,inf,cone,both,5000.0,10.0,0.01,30.0,0.01,256,20,3,0.5,0.1,0.99,10.0,256,20,0,128,2,4.959375,0.0,47.26718707344413,832.9341579207321,0.8032118055555556,28.72327305908442,0.015625,240.0
direct,coast,300.0,1800.0,0.1,0.11,5.0,3.75,10.0,10.0,10,100.0,inf,cone,both,5000.0,10.0,0.01,30.0,0.01,256,20,3,0.5,0.1,0.99,10.0,256,20,0,128,2,4.959375,0.0,47.26718707344413,832.9341579207321,0.8032118055555556,28.72327305908442,0.015625,240.0
direct,coast,300.0,1800.0,0.1,0.11,5.0,4.5,10.0,10.0,10,100.0,inf,cone,both,5000.0,10.0,0.01,30.0,0.01,256,20,3,0.5,0.1,0.99,10.0,256,20,0,128,2,4.959375,0.0,47.26718707344413,832.9341579207321,0.8032118055555556,28.72327305908442,0.015625,240.0
direct,coast,300.0,1800.0,0.1,0.11,5.0,5.0,10.0,10.0,10,100.0,inf,cone,both,5000.0,10.0,0.01,30.0,0.01,256,20,3,0.5,0.1,0.99,10.0,256,20,0,128,2,4.959375,0.0,47.26718707344413,832.9341579207321,0.8032118055555556,28.72327305908442,0.015625,240.0
direct,coast,300.0,1800.0,0.1,0.11,5.0,5.5,10.0,10.0,10,100.0,inf,cone,both,5000.0,10.0,0.01,30.0,0.01,256,20,3,0.5,0.1,0.99,10.0,256,20,0,128,2,4.959375,0.0,47.26718707344413,832.9341579207321,0.8032118055555556,28.72327305908442,0.015625,240.0
direct,coast,300.0,1800.0,0.1,0.11,5.0,6.25,10.0,10.0,10,100.0,inf,cone,both,5000.0,10.0,0.01,30.0,0.01,256,20,3,0.5,0.1,0.99,10.0,256,20,0,128,2,4.959375,0.0,47.26718707344413,832.9341579207321,0.8032118055555556,28.72327305908442,0.015625,240.0
direct,coast,300.0,1800.0,0.1,0.11,5.0,7.5,10.0,10.0,10,100.0,inf,cone,both,5000.0,10.0,0.01,30.0,0.01,256,20,3,0.5,0.1,0.99,10.0,256,20,0,128,2,4.959375,0.0,47.26718707344413,832.9341579207321,0.8032118055555556,28.72327305908442,0.015625,240.0
direct,coast,300.0,1800.0,0.1,0.11,5.0,10.0,10.0,10.0,10,100.0,inf,cone,both,5000.0,10.0,0.01,30.0,0.01,256,20,3,0.5,0.1,0.99,10.0,256,20,0,128,2,4.959375,0.0,47.26718707344413,832.9341579207321,0.8032118055555556,28.72327305908442,0.015625,240.0
direct,coast,300.0,1800.0,0.1,0.11,5.0,inf,10.0,10.0,10,100.0,inf,cone,both,5000.0,10.0,0.01,30.0,0.01,256,20,3,0.5,0.1,0.99,10.0,256,20,0,128,2,4.959375,0.0,47.26718707344413,832.9341579207321,0.8032118055555556,28.72327305908442,0.015625,240.0
direct,coast,300.0,1800.0,0.1,0.125,5.0,1.25,10.0,10.0,10,100.0,inf,cone,both,5000.0,10.0,0.01,30.0,0.01,256,20,3,0.5,0.1,0.99,10.0,256,20,0,128,2,4.959375,0.0,47.26625179930107,832.9227471695832,0.8032118055555556,28.80714585327637,0.015625,240.0
direct,coast,300.0,1800.0,0.1,0.125,5.0,2.5,10.0,10.0,10,100.0,inf,cone,both,5000.0,10.0,0.01,30.0,0.01,256,20,3,0.5,0.1,0.99,10.0,256,20,0,128,2,4.959375,0.0,47.26625179930107,832.9227471695832,0.8032118055555556,28.80714585327637,0.015625,240.0
direct,coast,300.0,1800.0,0.1,0.125,5.0,3.75,10.0,10.0,10,100.0,inf,cone,both,5000.0,10.0,0.01,30.0,0.01,256,20,3,0.5,0.1,0.99,10.0,256,20,0,128,2,4.959375,0.0,47.26625179930107,832.9227471695832,0.8032118055555556,28.80714585327637,0.015625,240.0
direct,coast,300.0,1800.0,0.1,0.125,5.0,4.5,10.0,10.0,10,100.0,inf,cone,both,5000.0,10.0,0.01,30.0,0.01,256,20,3,0.5,0.1,0.99,10.0,256,20,0,128,2,4.959375,0.0,47.26625179930107,832.9227471695832,0.8032118055555556,28.80714585327637,0.015625,240.0
direct,coast,300.0,1800.0,0.1,0.125,5.0,5.0,10.0,10.0,10,100.0,inf,cone,both,5000.0,10.0,0.01,30.0,0.01,256,20,3,0.5,0.1,0.99,10.0,256,20,0,128,2,4.959375,0.0,47.26625179930107,832.9227471695832,0.8032118055555556,28.80714585327637,0.015625,240.0
direct,coast,300.0,1800.0,0.1,0.125,5.0,5.5,10.0,10.0,10,100.0,inf,cone,both,5000.0,10.0,0.01,30.0,0.01,256,20,3,0.5,0.1,0.99,10.0,256,20,0,128,2,4.959375,0.0,47.26625179930107,832.9227471695832,0.8032118055555556,28.80714585327637,0.015625,240.0
direct,coast,300.0,1800.0,0.1,0.125,5.0,6.25,10.0,10.0,10,100.0,inf,cone,both,5000.0,10.0,0.01,30.0,0.01,256,20,3,0.5,0.1,0.99,10.0,256,20,0,128,2,4.959375,0.0,47.26625179930107,832.9227471695832,0.8032118055555556,28.80714585327637,0.015625,240.0
direct,coast,300.0,1800.0,0.1,0.125,5.0,7.5,10.0,10.0,10,100.0,inf,cone,both,5000.0,10.0,0.01,30.0,0.01,256,20,3,0.5,0.1,0.99,10.0,256,20,0,128,2,4.959375,0.0,47.26625179930107,832.9227471695832,0.8032118055555556,28.80714585327637,0.015625,240.0
direct,coast,300.0,1800.0,0.1,0.125,5.0,10.0,10.0,10.0,10,100.0,inf,cone,both,5000.0,10.0,0.01,30.0,0.01,256,20,3,0.5,0.1,0.99,10.0,256,20,0,128,2,4.959375,0.0,47.26625179930107,832.9227471695832,0.8032118055555556,28.80714585327637,0.015625,240.0
direct,coast,300.0,1800.0,0.1,0.125,5.0,inf,10.0,10.0,10,100.0,inf,cone,both,5000.0,10.0,0.01,30.0,0.01,256,20,3,0.5,0.1,0.99,10.0,256,20,0,128,2,4.959375,0.0,47.26625179930107,832.9227471695832,0.8032118055555556,28.80714585327637,0.015625,240.0
direct,coast,300.0,1800.0,0.1,0.15,5.0,1.25,10.0,10.0,10,100.0,inf,cone,both,5000.0,10.0,0.01,30.0,0.01,256,20,3,0.5,0.1,0.99,10.0,256,20,0,128,2,4.959375,0.0,47.26501201052273,832.9073930392791,0.8032118055555556,28.92766027689774,0.015625,240.0
direct,coast,300.0,1800.0,0.1,0.15,5.0,2.5,10.0,10.0,10,100.0,inf,cone,both,5000.0,10.0,0.01,30.0,0.01,256,20,3,0.5,0.1,0.99,10.0,256,20,0,128,2,4.959375,0.0,47.26501201052273,832.9073930392791,0.8032118055555556,28.92766027689774,0.015625,240.0
direct,coast,300.0,1800.0,0.1,0.15,5.0,3.75,10.0,10.0,10,100.0,inf,cone,both,5000.0,10.0,0.01,30.0,0.01,256,20,3,0.5,0.1,0.99,10.0,256,20,0,128,2,4.959375,0.0,47.26501201052273,832.9073930392791,0.8032118055555556,28.92766027689774,0.015625,240.0
direct,coast,300.0,1800.0,0.1,0.15,5.0,4.5,10.0,10.0,10,100.0,inf,cone,both,5000.0,10.0,0.01,30.0,0.01,256,20,3,0.5,0.1,0.99,10.0,256,20,0,128,2,4.959375,0.0,47.26501201052273,832.9073930392791,0.8032118055555556,28.92766027689774,0.015625,240.0
direct,coast,300.0,1800.0,0.1,0.15,5.0,5.0,10.0,10.0,10,100.0,inf,cone,both,5000.0,10.0,0.01,30.0,0.01,256,20,3,0.5,0.1,0.99,10.0,256,20,0,128,2,4.959375,0.0,47.26501201052273,832.9073930392791,0.8032118055555556,28.92766027689774,0.015625,240.0
direct,coast,300.0,1800.0,0.1,0.15,5.0,5.5,10.0,10.0,10,100.0,inf,cone,both,5000.0,10.0,0.01,30.0,0.01,256,20,3,0.5,0.1,0.99,10.0,256,20,0,128,2,4.959375,0.0,47.26501201052273,832.9073930392791,0.8032118055555556,28.92766027689774,0.015625,240.0
direct,coast,300.0,1800.0,0.1,0.15,5.0,6.25,10.0,10.0,10,100.0,inf,cone,both,5000.0,10.0,0.01,30.0,0.01,256,20,3,0.5,0.1,0.99,10.0,256,20,0,128,2,4.959375,0.0,47.26501201052273,832.9073930392791,0.8032118055555556,28.92766027689774,0.015625,240.0
direct,coast,300.0,1800.0,0.1,0.15,5.0,7.5,10.0,10.0,10,100.0,inf,cone,both,5000.0,10.0,0.01,30.0,0.01,256,20,3,0.5,0.1,0.99,10.0,256,20,0,128,2,4.959375,0.0,47.26501201052273,832.9073930392791,0.8032118055555556,28.92766027689774,0.015625,240.0
direct,coast,300.0,1800.0,0.1,0.15,5.0,10.0,10.0,10.0,10,100.0,inf,cone,both,5000.0,10.0,0.01,30.0,0.01,256,20,3,0.5,0.1,0.99,10.0,256,20,0,128,2,4.959375,0.0,47.26501201052273,832.9073930392791,0.8032118055555556,28.92766027689774,0.015625,240.0
direct,coast,300.0,1800.0,0.1,0.15,5.0,inf,10.0,10.0,10,100.0,inf,cone,both,5000.0,10.0,0.01,30.0,0.01,256,20,3,0.5,0.1,0.99,10.0,256,20,0,128,2,4.959375,0.0,47.26501201052273,832.9073930392791,0.8032118055555556,28.92766027689774,0.015625,240.0
direct,coast,300.0,1800.0,0.1,0.2,5.0,1.25,10.0,10.0,10,100.0,inf,cone,both,5000.0,10.0,0.01,30.0,0.01,256,20,3,0.5,0.1,0.99,10.0,256,20,0,128,2,4.959375,0.0,47.26336377269346,832.8883273725021,0.8032118055555556,29.1188042232706,0.015625,240.0
direct,coast,300.0,1800.0,0.1,0.2,5.0,2.5,10.0,10.0,10,100.0,inf,cone,both,5000.0,10.0,0.01,30.0,0.01,256,20,3,0.5,0.1,0.99,10.0,256,20,0,128,2,4.959375,0.0,47.26336377269346,832.8883273725021,0.8032118055555556,29.1188042232706,0.015625,240.0
direct,coast,300.0,1800.0,0.1,0.2,5.0,3.75,10.0,10.0,10,100.0,inf,cone,both,5000.0,10.0,0.01,30.0,0.01,256,20,3,0.5,0.1,0.99,10.0,256,20,0,128,2,4.959375,0.0,47.26336377269346,832.8883273725021,0.8032118055555556,29.1188042232706,0.015625,240.0
direct,coast,300.0,1800.0,0.1,0.2,5.0,4.5,10.0,10.0,10,100.0,inf,cone,both,5000.0,10.0,0.01,30.0,0.01,256,20,3,0.5,0.1,0.99,10.0,256,20,0,128,2,4.959375,0.0,47.26336377269346,832.8883273725021,0.8032118055555556,29.1188042232706,0.015625,240.0
direct,coast,300.0,1800.0,0.1,0.2,5.0,5.0,10.0,10.0,10,100.0,inf,cone,both,5000.0,10.0,0.01,30.0,0.01,256,20,3,0.5,0.1,0.99,10.0,256,20,0,128,2,4.959375,0.0,47.26336377269346,832.8883273725021,0.8032118055555556,29.1188042232706,0.015625,240.0
direct,coast,300.0,1800.0,0.1,0.2,5.0,5.5,10.0,10.0,10,100.0,inf,cone,both,5000.0,10.0,0.01,30.0,0.01,256,20,3,0.5,0.1,0.99,10.0,256,20,0,128,2,4.959375,0.0,47.26336377269346,832.8883273725021,0.8032118055555556,29.1188042232706,0.015625,240.0
direct,coast,300.0,1800.0,0.1,0.2,5.0,6.25,10.0,10.0,10,100.0,inf,cone,both,5000.0,10.0,0.01,30.0,0.01,256,20,3,0.5,0.1,0.99,10.0,256,20,0,128,2,4.959375,0.0,47.26336377269346,832.8883273725021,0.8032118055555556,29.1188042232706,0.015625,240.0
direct,coast,300.0,1800.0,0.1,0.2,5.0,7.5,10.0,10.0,10,100.0,inf,cone,both,5000.0,10.0,0.01,30.0,0.01,256,20,3,0.5,0.1,0.99,10.0,256,20,0,128,2,4.959375,0.0,47.26336377269346,832.8883273725021,0.8032118055555556,29.1188042232706,0.015625,240.0
direct,coast,300.0,1800.0,0.1,0.2,5.0,10.0,10.0,10.0,10,100.0,inf,cone,both,5000.0,10.0,0.01,30.0,0.01,256,20,3,0.5,0.1,0.99,10.0,256,20,0,128,2,4.959375,0.0,47.26336377269346,832.8883273725021,0.8032118055555556,29.1188042232706,0.015625,240.0
direct,coast,300.0,1800.0,0.1,0.2,5.0,inf,10.0,10.0,10,100.0,inf,cone,both,5000.0,10.0,0.01,30.0,0.01,256,20,3,0.5,0.1,0.99,10.0,256,20,0,128,2,4.959375,0.0,47.26336377269346,832.8883273725021,0.8032118055555556,29.1188042232706,0.015625,240.0
direct,mppi_direct,300.0,1800.0,0.1,0.025,5.0,1.25,10.0,10.0,10,100.0,inf,cone,both,5000.0,10.0,0.01,30.0,0.01,256,20,3,0.5,0.1,0.99,10.0,256,20,0,128,1,4.97890625,1.242728015294993,56.29316362436874,2196.5631930015425,0.7966145833333333,151.89623173660735,0.0078125,230.0
direct,mppi_direct,300.0,1800.0,0.1,0.025,5.0,2.5,10.0,10.0,10,100.0,inf,cone,both,5000.0,10.0,0.01,30.0,0.01,256,20,3,0.5,0.1,0.99,10.0,256,20,0,128,1,4.97890625,2.483018428189704,56.17065928712145,3429.644524036752,0.7950520833333333,212.9187579605916,0.0078125,230.0
direct,mppi_direct,300.0,1800.0,0.1,0.025,5.0,3.75,10.0,10.0,10,100.0,inf,cone,both,5000.0,10.0,0.01,30.0,0.01,256,20,3,0.5,0.1,0.99,10.0,256,20,0,128,1,4.97890625,3.723252803189704,56.17065928712145,3970.514989674969,0.7904079861111111,228.7891219733462,0.0078125,230.0
direct,mppi_direct,300.0,1800.0,0.1,0.025,5.0,4.5,10.0,10.0,10,100.0,inf,cone,both,5000.0,10.0,0.01,30.0,0.01,256,20,3,0.5,0.1,0.99,10.0,256,20,0,128,1,4.97890625,4.195944439283126,56.17065928712145,4009.080845055791,0.7901041666666667,229.5117807040162,0.0078125,230.0
direct,mppi_direct,300.0,1800.0,0.1,0.025,5.0,5.0,10.0,10.0,10,100.0,inf,cone,both,5000.0,10.0,0.01,30.0,0.01,256,20,3,0.5,0.1,0.99,10.0,256,20,0,128,1,4.97890625,4.196339519137517,56.17065928712145,4007.740617864513,0.7901041666666667,229.4847836187606,0.0078125,230.0
direct,mppi_direct,300.0,1800.0,0.1,0.025,5.0,5.5,10.0,10.0,10,100.0,inf,cone,both,5000.0,10.0,0.01,30.0,0.01,256,20,3,0.5,0.1,0.99,10.0,256,20,0,128,1,4.97890625,4.196191078417947,56.17065928712145,4007.68875902748,0.7901041666666667,229.48393929708408,0.0078125,230.0
direct,mppi_direct,300.0,1800.0,0.1,0.025,5.0,6.25,10.0,10.0,10,100.0,inf,cone,both,5000.0,10.0,0.01,30.0,0.01,256,20,3,0.5,0.1,0.99,10.0,256,20,0,128,1,4.97890625,4.196188024034141,56.17065928712145,4007.6888597534567,0.7901041666666667,229.4839387511048,0.0078125,230.0
direct,mppi_direct,300.0,1800.0,0.1,0.025,5.0,7.5,10.0,10.0,10,100.0,inf,cone,both,5000.0,10.0,0.01,30.0,0.01,256,20,3,0.5,0.1,0.99,10.0,256,20,0,128,1,4.97890625,4.196188024034141,56.17065928712145,4007.6888597534567,0.7901041666666667,229.4839387511048,0.0078125,230.0
direct,mppi_direct,300.0,1800.0,0.1,0.025,5.0,10.0,10.0,10.0,10,100.0,inf,cone,both,5000.0,10.0,0.01,30.0,0.01,256,20,3,0.5,0.1,0.99,10.0,256,20,0,128,1,4.97890625,4.196188024034141,56.17065928712145,4007.6888597534567,0.7901041666666667,229.4839387511048,0.0078125,230.0
direct,mppi_direct,300.0,1800.0,0.1,0.025,5.0,inf,10.0,10.0,10,100.0,inf,cone,both,5000.0,10.0,0.01,30.0,0.01,256,20,3,0.5,0.1,0.99,10.0,256,20,0,128,1,4.97890625,4.196188024034141,56.17065928712145,4007.6888597534567,0.7901041666666667,229.4839387511048,0.0078125,230.0
direct,mppi_direct,300.0,1800.0,0.1,0.05,5.0,1.25,10.0,10.0,10,100.0,inf,cone,both,5000.0,10.0,0.01,30.0,0.01,256,20,3,0.5,0.1,0.99,10.0,256,20,0,128,0,5.0,1.25,63.28984019661704,2145.830398364595,0.8527777777777777,124.21908781127324,0.0,
direct,mppi_direct,300.0,1800.0,0.1,0.05,5.0,2.5,10.0,10.0,10,100.0,inf,cone,both,5000.0,10.0,0.01,30.0,0.01,256,20,3,0.5,0.1,0.99,10.0,256,20,0,128,0,5.0,2.5,63.05069672129025,4051.019283779231,0.8500868055555556,182.56952534982756,0.0,
direct,mppi_direct,300.0,1800.0,0.1,0.05,5.0,3.75,10.0,10.0,10,100.0,inf,cone,both,5000.0,10.0,0.01,30.0,0.01,256,20,3,0.5,0.1,0.99,10.0,256,20,0,128,0,5.0,3.75,62.966258140377874,5560.28907077245,0.7949652777777778,240.78344617454405,0.0,
direct,mppi_direct,300.0,1800.0,0.1,0.05,5.0,4.5,10.0,10.0,10,100.0,inf,cone,both,5000.0,10.0,0.01,30.0,0.01,256,20,3,0.5,0.1,0.99,10.0,256,20,0,128,0,5.0,4.5,62.96626713677311,6256.283583715029,0.7695746527777778,260.43641709615684,0.0,
direct,mppi_direct,300.0,1800.0,0.1,0.05,5.0,5.0,10.0,10.0,10,100.0,inf,cone,both,5000.0,10.0,0.01,30.0,0.01,256,20,3,0.5,0.1,0.99,10.0,256,20,0,128,0,5.0,5.0,62.96626713677311,6654.8131300875375,0.7562934027777778,269.99899523967264,0.0,
direct,mppi_direct,300.0,1800.0,0.1,0.05,5.0,5.5,10.0,10.0,10,100.0,inf,cone,both,5000.0,10.0,0.01,30.0,0.01,256,20,3,0.5,0.1,0.99,10.0,256,20,0,128,0,5.0,5.5,62.96626713677311,6994.216175109575,0.7450954861111111,278.3878585831192,0.0,
direct,mppi_direct,300.0,1800.0,0.1,0.05,5.0,6.25,10.0,10.0,10,100.0,inf,cone,both,5000.0,10.0,0.01,30.0,0.01,256,20,3,0.5,0.1,0.99,10.0,256,20,0,128,0,5.0,6.25,62.96626713677311,7391.054652715813,0.7340277777777777,291.73691776108046,0.0,
direct,mppi_direct,300.0,1800.0,0.1,0.05,5.0,7.5,10.0,10.0,10,100.0,inf,cone,both,5000.0,10.0,0.01,30.0,0.01,256,20,3,0.5,0.1,0.99,10.0,256,20,0,128,0,5.0,7.5,62.96626713677311,7784.369836717146,0.7278211805555556,314.7441745480745,0.0,
direct,mppi_direct,300.0,1800.0,0.1,0.05,5.0,10.0,10.0,10.0,10,100.0,inf,cone,both,5000.0,10.0,0.01,30.0,0.01,256,20,3,0.5,0.1,0.99,10.0,256,20,0,128,0,5.0,8.474706534867337,62.96626713677311,7865.156972323778,0.7274739583333333,316.9081461559987,0.0,
direct,mppi_direct,300.0,1800.0,0.1,0.05,5.0,inf,10.0,10.0,10,100.0,inf,cone,both,5000.0,10.0,0.01,30.0,0.01,256,20,3,0.5,0.1,0.99,10.0,256,20,0,128,0,5.0,8.474639624874708,62.96626713677311,7864.969443289524,0.7274739583333333,316.90391347129804,0.0,
direct,mppi_direct,300.0,1800.0,0.1,0.075,5.0,1.25,10.0,10.0,10,100.0,inf,cone,both,5000.0,10.0,0.01,30.0,0.01,256,20,3,0.5,0.1,0.99,10.0,256,20,0,128,0,5.0,1.25,75.92890334685002,1991.4929222109656,0.8482204861111111,137.34781306909386,0.0,
direct,mppi_direct,300.0,1800.0,0.1,0.075,5.0,2.5,10.0,10.0,10,100.0,inf,cone,both,5000.0,10.0,0.01,30.0,0.01,256,20,3,0.5,0.1,0.99,10.0,256,20,0,128,0,5.0,2.5,71.84046448264112,4003.508239117051,0.8745225694444444,152.13276456661046,0.0,
direct,mppi_direct,300.0,1800.0,0.1,0.075,5.0,3.75,10.0,10.0,10,100.0,inf,cone,both,5000.0,10.0,0.01,30.0,0.01,256,20,3,0.5,0.1,0.99,10.0,256,20,0,128,0,5.0,3.75,71.62465733805331,5914.663642901307,0.7715711805555555,308.10172864706067,0.0,
direct,mppi_direct,300.0,1800.0,0.1,0.075,5.0,4.5,10.0,10.0,10,100.0,inf,cone,both,5000.0,10.0,0.01,30.0,0.01,256,20,3,0.5,0.1,0.99,10.0,256,20,0,128,0,5.0,4.5,71.10962774517128,6925.985697264597,0.7412326388888889,310.8594723709754,0.0,
direct,mppi_direct,300.0,1800.0,0.1,0.075,5.0,5.0,10.0,10.0,10,100.0,inf,cone,both,5000.0,10.0,0.01,30.0,0.01,256,20,3,0.5,0.1,0.99,10.0,256,20,0,128,0,5.0,5.0,71.1324246605773,7550.149484247795,0.7152777777777778,329.37815331587655,0.0,
direct,mppi_direct,300.0,1800.0,0.1,0.075,5.0,5.5,10.0,10.0,10,100.0,inf,cone,both,5000.0,10.0,0.01,30.0,0.01,256,20,3,0.5,0.1,0.99,10.0,256,20,0,128,0,5.0,5.5,71.13328330666371,8122.324291140736,0.6907552083333334,346.5068542910927,0.0,
direct,mppi_direct,300.0,1800.0,0.1,0.075,5.0,6.25,10.0,10.0,10,100.0,inf,cone,both,5000.0,10.0,0.01,30.0,0.01,256,20,3,0.5,0.1,0.99,10.0,256,20,0,128,0,5.0,6.25,71.13328181746883,8861.647327762825,0.6631510416666666,368.1125736691728,0.0,
direct,mppi_direct,300.0,1800.0,0.1,0.075,5.0,7.5,10.0,10.0,10,100.0,inf,cone,both,5000.0,10.0,0.01,30.0,0.01,256,20,3,0.5,0.1,0.99,10.0,256,20,0,128,0,5.0,7.5,71.13328181746883,9927.364950911577,0.6247395833333333,397.6067511437322,0.0,
direct,mppi_direct,300.0,1800.0,0.1,0.075,5.0,10.0,10.0,10.0,10,100.0,inf,cone,both,5000.0,10.0,0.01,30.0,0.01,256,20,3,0.5,0.1,0.99,10.0,256,20,0,128,0,5.0,10.0,71.13328181746883,11298.931827972136,0.6095920138888888,524.088737849233,0.0,
direct,mppi_direct,300.0,1800.0,0.1,0.075,5.0,inf,10.0,10.0,10,100.0,inf,cone,both,5000.0,10.0,0.01,30.0,0.01,256,20,3,0.5,0.1,0.99,10.0,256,20,0,128,0,5.0,12.765659453205418,71.13328181746883,11776.594420476444,0.6095920138888888,555.5344895530053,0.0,
direct,mppi_direct,300.0,1800.0,0.1,0.09,5.0,1.25,10.0,10.0,10,100.0,inf,cone,both,5000.0,10.0,0.01,30.0,0.01,256,20,3,0.5,0.1,0.99,10.0,256,20,0,128,0,5.0,1.25,89.8647200787545,1943.1340921428432,0.8420138888888888,156.17490041558924,0.0,
direct,mppi_direct,300.0,1800.0,0.1,0.09,5.0,2.5,10.0,10.0,10,100.0,inf,cone,both,5000.0,10.0,0.01,30.0,0.01,256,20,3,0.5,0.1,0.99,10.0,256,20,0,128,1,4.97578125,2.4907564811776943,76.58527923382583,3919.106120844092,0.8431857638888889,222.0353997029931,0.0078125,190.0
direct,mppi_direct,300.0,1800.0,0.1,0.09,5.0,3.75,10.0,10.0,10,100.0,inf,cone,both,5000.0,10.0,0.01,30.0,0.01,256,20,3,0.5,0.1,0.99,10.0,256,20,0,128,0,5.0,3.75,77.58851989281509,5965.307032342699,0.7943142361111111,233.7083845514772,0.0,
direct,mppi_direct,300.0,1800.0,0.1,0.09,5.0,4.5,10.0,10.0,10,100.0,inf,cone,both,5000.0,10.0,0.01,30.0,0.01,256,20,3,0.5,0.1,0.99,10.0,256,20,0,128,0,5.0,4.5,78.32955582453498,7119.004233747173,0.7186197916666667,370.029606295651,0.0,
direct,mppi_direct,300.0,1800.0,0.1,0.09,5.0,5.0,10.0,10.0,10,100.0,inf,cone,both,5000.0,10.0,0.01,30.0,0.01,256,20,3,0.5,0.1,0.99,10.0,256,20,0,128,0,5.0,5.0,77.78773364066652,7847.724289120147,0.6988715277777777,360.8376571532398,0.0,
direct,mppi_direct,300.0,1800.0,0.1,0.09,5.0,5.5,10.0,10.0,10,100.0,inf,cone,both,5000.0,10.0,0.01,30.0,0.01,256,20,3,0.5,0.1,0.99,10.0,256,20,0,128,0,5.0,5.5,77.86770399509828,8488.427908753698,0.6799479166666667,334.16791674502923,0.0,
direct,mppi_direct,300.0,1800.0,0.1,0.09,5.0,6.25,10.0,10.0,10,100.0,inf,cone,both,5000.0,10.0,0.01,30.0,0.01,256,20,3,0.5,0.1,0.99,10.0,256,20,0,128,0,5.0,6.25,77.88536727682484,9401.661885892509,0.6439236111111111,358.8481685068444,0.0,
direct,mppi_direct,300.0,1800.0,0.1,0.09,5.0,7.5,10.0,10.0,10,100.0,inf,cone,both,5000.0,10.0,0.01,30.0,0.01,256,20,3,0.5,0.1,0.99,10.0,256,20,0,128,0,5.0,7.5,77.8850144870339,10710.028577029829,0.5927951388888889,392.8464887903004,0.0,
direct,mppi_direct,300.0,1800.0,0.1,0.09,5.0,10.0,10.0,10.0,10,100.0,inf,cone,both,5000.0,10.0,0.01,30.0,0.01,256,20,3,0.5,0.1,0.99,10.0,256,20,0,128,0,5.0,10.0,77.8850144870339,12664.194409425554,0.5641927083333333,527.5298276990442,0.0,
direct,mppi_direct,300.0,1800.0,0.1,0.09,5.0,inf,10.0,10.0,10,100.0,inf,cone,both,5000.0,10.0,0.01,30.0,0.01,256,20,3,0.5,0.1,0.99,10.0,256,20,0,128,0,5.0,15.343858230749426,77.8850144870339,14225.964789544263,0.5641059027777778,696.971054487307,0.0,
direct,mppi_direct,300.0,1800.0,0.1,0.1,5.0,1.25,10.0,10.0,10,100.0,inf,cone,both,5000.0,10.0,0.01,30.0,0.01,256,20,3,0.5,0.1,0.99,10.0,256,20,0,128,0,5.0,1.25,97.96656101240968,1952.1932898032817,0.8357204861111112,180.6759760854824,0.0,
direct,mppi_direct,300.0,1800.0,0.1,0.1,5.0,2.5,10.0,10.0,10,100.0,inf,cone,both,5000.0,10.0,0.01,30.0,0.01,256,20,3,0.5,0.1,0.99,10.0,256,20,0,128,0,5.0,2.5,79.13037314350132,3810.864715401042,0.8780381944444444,150.71556378399487,0.0,
direct,mppi_direct,300.0,1800.0,0.1,0.1,5.0,3.75,10.0,10.0,10,100.0,inf,cone,both,5000.0,10.0,0.01,30.0,0.01,256,20,3,0.5,0.1,0.99,10.0,256,20,0,128,0,5.0,3.75,84.74680236384691,6026.034169076412,0.7885850694444444,230.39728478996392,0.0,
direct,mppi_direct,300.0,1800.0,0.1,0.1,5.0,4.5,10.0,10.0,10,100.0,inf,cone,both,5000.0,10.0,0.01,30.0,0.01,256,20,3,0.5,0.1,0.99,10.0,256,20,0,128,0,5.0,4.5,82.24454319348712,7157.67367718759,0.7304253472222222,351.9384951193606,0.0,
direct,mppi_direct,300.0,1800.0,0.1,0.1,5.0,5.0,10.0,10.0,10,100.0,inf,cone,both,5000.0,10.0,0.01,30.0,0.01,256,20,3,0.5,0.1,0.99,10.0,256,20,0,128,0,5.0,5.0,82.81611974340049,7948.522125694758,0.68203125,418.5092000993088,0.0,
direct,mppi_direct,300.0,1800.0,0.1,0.1,5.0,5.5,10.0,10.0,10,100.0,inf,cone,both,5000.0,10.0,0.01,30.0,0.01,256,20,3,0.5,0.1,0.99,10.0,256,20,0,128,0,5.0,5.5,82.10782433109048,8658.131841106326,0.6568576388888889,423.5119136773283,0.0,
direct,mppi_direct,300.0,1800.0,0.1,0.1,5.0,6.25,10.0,10.0,10,100.0,inf,cone,both,5000.0,10.0,0.01,30.0,0.01,256,20,3,0.5,0.1,0.99,10.0,256,20,0,128,0,5.0,6.25,82.10638452478693,9635.494429831464,0.6221354166666667,429.317625859615,0.0,
direct,mppi_direct,300.0,1800.0,0.1,0.1,5.0,7.5,10.0,10.0,10,100.0,inf,cone,both,5000.0,10.0,0.01,30.0,0.01,256,20,3,0.5,0.1,0.99,10.0,256,20,0,128,0,5.0,7.5,82.1012190971369,11099.486788418251,0.5659288194444444,476.0974740123391,0.0,
direct,mppi_direct,300.0,1800.0,0.1,0.1,5.0,10.0,10.0,10.0,10,100.0,inf,cone,both,5000.0,10.0,0.01,30.0,0.01,256,20,3,0.5,0.1,0.99,10.0,256,20,0,128,0,5.0,10.0,82.1012190283134,13361.92773484081,0.5296875,592.2400972301123,0.0,
direct,mppi_direct,300.0,1800.0,0.1,0.1,5.0,inf,10.0,10.0,10,100.0,inf,cone,both,5000.0,10.0,0.01,30.0,0.01,256,20,3,0.5,0.1,0.99,10.0,256,20,0,128,0,5.0,17.065474724234548,82.1012190283134,15865.825522279603,0.5285590277777777,900.991193972982,0.0,
direct,mppi_direct,300.0,1800.0,0.1,0.11,5.0,1.25,10.0,10.0,10,100.0,inf,cone,both,5000.0,10.0,0.01,30.0,0.01,256,20,3,0.5,0.1,0.99,10.0,256,20,0,128,0,5.0,1.25,109.7066992260588,1928.0876910342415,0.8295138888888889,187.84965986456197,0.0,
direct,mppi_direct,300.0,1800.0,0.1,0.11,5.0,2.5,10.0,10.0,10,100.0,inf,cone,both,5000.0,10.0,0.01,30.0,0.01,256,20,3,0.5,0.1,0.99,10.0,256,20,0,128,1,4.975,2.4931718282611053,85.62169664172288,3776.2731188546713,0.8589409722222222,214.7872085504737,0.0078125,180.0
direct,mppi_direct,300.0,1800.0,0.1,0.11,5.0,3.75,10.0,10.0,10,100.0,inf,cone,both,5000.0,10.0,0.01,30.0,0.01,256,20,3,0.5,0.1,0.99,10.0,256,20,0,128,0,5.0,3.75,87.55520438040381,6030.777007032976,0.7810329861111112,265.8648226242767,0.0,
direct,mppi_direct,300.0,1800.0,0.1,0.11,5.0,4.5,10.0,10.0,10,100.0,inf,cone,both,5000.0,10.0,0.01,30.0,0.01,256,20,3,0.5,0.1,0.99,10.0,256,20,0,128,0,5.0,4.5,87.02732137910158,7253.661104211453,0.7302517361111112,340.3576634687888,0.0,
direct,mppi_direct,300.0,1800.0,0.1,0.11,5.0,5.0,10.0,10.0,10,100.0,inf,cone,both,5000.0,10.0,0.01,30.0,0.01,256,20,3,0.5,0.1,0.99,10.0,256,20,0,128,0,5.0,5.0,86.02317307704583,7986.857550853303,0.7003038194444444,326.60283691255347,0.0,
direct,mppi_direct,300.0,1800.0,0.1,0.11,5.0,5.5,10.0,10.0,10,100.0,inf,cone,both,5000.0,10.0,0.01,30.0,0.01,256,20,3,0.5,0.1,0.99,10.0,256,20,0,128,0,5.0,5.5,86.27260626962378,8754.599271278461,0.6556423611111111,411.5348978471709,0.0,
direct,mppi_direct,300.0,1800.0,0.1,0.11,5.0,6.25,10.0,10.0,10,100.0,inf,cone,both,5000.0,10.0,0.01,30.0,0.01,256,20,3,0.5,0.1,0.99,10.0,256,20,0,128,0,5.0,6.25,85.93375828105825,9780.95984483889,0.6180555555555556,412.7278797150263,0.0,
direct,mppi_direct,300.0,1800.0,0.1,0.11,5.0,7.5,10.0,10.0,10,100.0,inf,cone,both,5000.0,10.0,0.01,30.0,0.01,256,20,3,0.5,0.1,0.99,10.0,256,20,0,128,0,5.0,7.5,85.9085729399931,11366.043705167236,0.556640625,459.9325497336946,0.0,
direct,mppi_direct,300.0,1800.0,0.1,0.11,5.0,10.0,10.0,10.0,10,100.0,inf,cone,both,5000.0,10.0,0.01,30.0,0.01,256,20,3,0.5,0.1,0.99,10.0,256,20,0,128,0,5.0,10.0,85.90750195052347,13887.451649252933,0.5123697916666666,554.0829447579869,0.0,
direct,mppi_direct,300.0,1800.0,0.1,0.11,5.0,inf,10.0,10.0,10,100.0,inf,cone,both,5000.0,10.0,0.01,30.0,0.01,256,20,3,0.5,0.1,0.99,10.0,256,20,0,128,0,5.0,18.78650074406686,85.90750195052347,17461.73751268466,0.5090711805555556,1017.608664191102,0.0,
direct,mppi_direct,300.0,1800.0,0.1,0.125,5.0,1.25,10.0,10.0,10,100.0,inf,cone,both,5000.0,10.0,0.01,30.0,0.01,256,20,3,0.5,0.1,0.99,10.0,256,20,0,128,0,5.0,1.25,122.24107313838446,1952.3777536838636,0.8224392361111111,194.76746164856456,0.0,
direct,mppi_direct,300.0,1800.0,0.1,0.125,5.0,2.5,10.0,10.0,10,100.0,inf,cone,both,5000.0,10.0,0.01,30.0,0.01,256,20,3,0.5,0.1,0.99,10.0,256,20,0,128,0,5.0,2.5,100.38241374490116,3708.816293576441,0.8381944444444445,305.11202848912114,0.0,
direct,mppi_direct,300.0,1800.0,0.1,0.125,5.0,3.75,10.0,10.0,10,100.0,inf,cone,both,5000.0,10.0,0.01,30.0,0.01,256,20,3,0.5,0.1,0.99,10.0,256,20,0,128,2,4.95078125,3.7205552551541072,93.5537204357056,5945.125795878088,0.8009982638888888,203.2326634633579,0.015625,185.0
direct,mppi_direct,300.0,1800.0,0.1,0.125,5.0,4.5,10.0,10.0,10,100.0,inf,cone,both,5000.0,10.0,0.01,30.0,0.01,256,20,3,0.5,0.1,0.99,10.0,256,20,0,128,0,5.0,4.5,98.38026284691668,7260.755869254667,0.7264322916666667,329.04011005231723,0.0,
direct,mppi_direct,300.0,1800.0,0.1,0.125,5.0,5.0,10.0,10.0,10,100.0,inf,cone,both,5000.0,10.0,0.01,30.0,0.01,256,20,3,0.5,0.1,0.99,10.0,256,20,0,128,0,5.0,5.0,95.20974506583671,8108.352530090829,0.6760416666666667,457.4480632467874,0.0,
direct,mppi_direct,300.0,1800.0,0.1,0.125,5.0,5.5,10.0,10.0,10,100.0,inf,cone,both,5000.0,10.0,0.01,30.0,0.01,256,20,3,0.5,0.1,0.99,10.0,256,20,0,128,0,5.0,5.5,93.8745939035241,8864.966623807763,0.6535590277777777,432.9046458697257,0.0,
direct,mppi_direct,300.0,1800.0,0.1,0.125,5.0,6.25,10.0,10.0,10,100.0,inf,cone,both,5000.0,10.0,0.01,30.0,0.01,256,20,3,0.5,0.1,0.99,10.0,256,20,0,128,0,5.0,6.25,93.56531375988796,9984.87395392977,0.6014322916666667,512.8364980228688,0.0,
direct,mppi_direct,300.0,1800.0,0.1,0.125,5.0,7.5,10.0,10.0,10,100.0,inf,cone,both,5000.0,10.0,0.01,30.0,0.01,256,20,3,0.5,0.1,0.99,10.0,256,20,0,128,0,5.0,7.5,93.46351526808152,11734.709657087047,0.5267361111111111,649.875998967588,0.0,
direct,mppi_direct,300.0,1800.0,0.1,0.125,5.0,10.0,10.0,10.0,10,100.0,inf,cone,both,5000.0,10.0,0.01,30.0,0.01,256,20,3,0.5,0.1,0.99,10.0,256,20,0,128,0,5.0,10.0,93.44195104737776,14619.66286955423,0.4739583333333333,765.9279049269385,0.0,
direct,mppi_direct,300.0,1800.0,0.1,0.125,5.0,inf,10.0,10.0,10,100.0,inf,cone,both,5000.0,10.0,0.01,30.0,0.01,256,20,3,0.5,0.1,0.99,10.0,256,20,0,128,0,5.0,21.365628966828496,93.44195104737776,19975.41713538856,0.4662760416666666,1461.7143323824291,0.0,
direct,mppi_direct,300.0,1800.0,0.1,0.15,5.0,1.25,10.0,10.0,10,100.0,inf,cone,both,5000.0,10.0,0.01,30.0,0.01,256,20,3,0.5,0.1,0.99,10.0,256,20,0,128,0,5.0,1.25,146.50522134110778,1995.5583153177329,0.8329861111111111,189.2156611909925,0.0,
direct,mppi_direct,300.0,1800.0,0.1,0.15,5.0,2.5,10.0,10.0,10,100.0,inf,cone,both,5000.0,10.0,0.01,30.0,0.01,256,20,3,0.5,0.1,0.99,10.0,256,20,0,128,0,5.0,2.5,126.08742342365794,3535.605453320782,0.8471788194444444,325.3602680303952,0.0,
direct,mppi_direct,300.0,1800.0,0.1,0.15,5.0,3.75,10.0,10.0,10,100.0,inf,cone,both,5000.0,10.0,0.01,30.0,0.01,256,20,3,0.5,0.1,0.99,10.0,256,20,0,128,0,5.0,3.75,113.16981242009616,6113.653143924425,0.7621527777777778,379.4446367696994,0.0,
direct,mppi_direct,300.0,1800.0,0.1,0.15,5.0,4.5,10.0,10.0,10,100.0,inf,cone,both,5000.0,10.0,0.01,30.0,0.01,256,20,3,0.5,0.1,0.99,10.0,256,20,0,128,1,4.97421875,4.4815552643124255,109.61657354245658,7390.09215860069,0.7106336805555555,377.44705365119466,0.0078125,170.0
direct,mppi_direct,300.0,1800.0,0.1,0.15,5.0,5.0,10.0,10.0,10,100.0,inf,cone,both,5000.0,10.0,0.01,30.0,0.01,256,20,3,0.5,0.1,0.99,10.0,256,20,0,128,0,5.0,5.0,111.7443483376906,8239.126045914276,0.666796875,526.6780798485771,0.0,
direct,mppi_direct,300.0,1800.0,0.1,0.15,5.0,5.5,10.0,10.0,10,100.0,inf,cone,both,5000.0,10.0,0.01,30.0,0.01,256,20,3,0.5,0.1,0.99,10.0,256,20,0,128,1,4.975,5.4752739247989926,116.07131281008436,9072.91252356044,0.6226128472222222,578.763773968603,0.0078125,180.0
direct,mppi_direct,300.0,1800.0,0.1,0.15,5.0,6.25,10.0,10.0,10,100.0,inf,cone,both,5000.0,10.0,0.01,30.0,0.01,256,20,3,0.5,0.1,0.99,10.0,256,20,0,128,0,5.0,6.25,111.8461547455019,10358.30749133631,0.580859375,597.123272263098,0.0,
direct,mppi_direct,300.0,1800.0,0.1,0.15,5.0,7.5,10.0,10.0,10,100.0,inf,cone,both,5000.0,10.0,0.01,30.0,0.01,256,20,3,0.5,0.1,0.99,10.0,256,20,0,128,0,5.0,7.5,111.05161666248505,12234.621010830762,0.5074652777777777,667.5457877253754,0.0,
direct,mppi_direct,300.0,1800.0,0.1,0.15,5.0,10.0,10.0,10.0,10,100.0,inf,cone,both,5000.0,10.0,0.01,30.0,0.01,256,20,3,0.5,0.1,0.99,10.0,256,20,0,128,0,5.0,10.0,110.6810233105755,15543.291705902304,0.4467447916666666,745.4823162906391,0.0,
direct,mppi_direct,300.0,1800.0,0.1,0.15,5.0,inf,10.0,10.0,10,100.0,inf,cone,both,5000.0,10.0,0.01,30.0,0.01,256,20,3,0.5,0.1,0.99,10.0,256,20,0,128,0,5.0,25.64953764719365,110.6806633977452,24149.581061884248,0.4292100694444444,1879.4182059547752,0.0,
direct,mppi_direct,300.0,1800.0,0.1,0.2,5.0,1.25,10.0,10.0,10,100.0,inf,cone,both,5000.0,10.0,0.01,30.0,0.01,256,20,3,0.5,0.1,0.99,10.0,256,20,0,128,0,5.0,1.25,180.5028048581962,2151.7095390637137,0.822265625,236.60992168694665,0.0,
direct,mppi_direct,300.0,1800.0,0.1,0.2,5.0,2.5,10.0,10.0,10,100.0,inf,cone,both,5000.0,10.0,0.01,30.0,0.01,256,20,3,0.5,0.1,0.99,10.0,256,20,0,128,0,5.0,2.5,165.44295780579392,3614.591546195214,0.8041232638888889,431.94624035592017,0.0,
direct,mppi_direct,300.0,1800.0,0.1,0.2,5.0,3.75,10.0,10.0,10,100.0,inf,cone,both,5000.0,10.0,0.01,30.0,0.01,256,20,3,0.5,0.1,0.99,10.0,256,20,0,128,1,4.97265625,3.739932660020276,159.45003808160632,5912.4773821788585,0.7484809027777778,569.3926636864885,0.0078125,150.0
direct,mppi_direct,300.0,1800.0,0.1,0.2,5.0,4.5,10.0,10.0,10,100.0,inf,cone,both,5000.0,10.0,0.01,30.0,0.01,256,20,3,0.5,0.1,0.99,10.0,256,20,0,128,0,5.0,4.5,147.85194181200106,7457.120822414485,0.6942708333333333,644.9437509133829,0.0,
direct,mppi_direct,300.0,1800.0,0.1,0.2,5.0,5.0,10.0,10.0,10,100.0,inf,cone,both,5000.0,10.0,0.01,30.0,0.01,256,20,3,0.5,0.1,0.99,10.0,256,20,0,128,0,5.0,5.0,157.6678758105696,8817.669390986195,0.6182725694444444,842.7367258393857,0.0,
direct,mppi_direct,300.0,1800.0,0.1,0.2,5.0,5.5,10.0,10.0,10,100.0,inf,cone,both,5000.0,10.0,0.01,30.0,0.01,256,20,3,0.5,0.1,0.99,10.0,256,20,0,128,0,5.0,5.5,163.040499180227,9661.192648635317,0.6015190972222222,757.4433957444662,0.0,
direct,mppi_direct,300.0,1800.0,0.1,0.2,5.0,6.25,10.0,10.0,10,100.0,inf,cone,both,5000.0,10.0,0.01,30.0,0.01,256,20,3,0.5,0.1,0.99,10.0,256,20,0,128,0,5.0,6.25,156.83719946191235,11117.99176481686,0.5404947916666667,872.4942626975565,0.0,
direct,mppi_direct,300.0,1800.0,0.1,0.2,5.0,7.5,10.0,10.0,10,100.0,inf,cone,both,5000.0,10.0,0.01,30.0,0.01,256,20,3,0.5,0.1,0.99,10.0,256,20,0,128,0,5.0,7.5,158.2398287525547,13528.198394482084,0.464453125,1175.7356624117715,0.0,
direct,mppi_direct,300.0,1800.0,0.1,0.2,5.0,10.0,10.0,10.0,10,100.0,inf,cone,both,5000.0,10.0,0.01,30.0,0.01,256,20,3,0.5,0.1,0.99,10.0,256,20,0,128,0,5.0,10.0,156.79513477358202,17452.691609459478,0.389453125,1409.1811054153206,0.0,
direct,mppi_direct,300.0,1800.0,0.1,0.2,5.0,inf,10.0,10.0,10,100.0,inf,cone,both,5000.0,10.0,0.01,30.0,0.01,256,20,3,0.5,0.1,0.99,10.0,256,20,0,128,0,5.0,34.236904281742376,156.36086576886694,33518.71093097167,0.354296875,3686.993407508522,0.0,
direct,mppi_lqr,300.0,1800.0,0.1,0.025,5.0,1.25,10.0,10.0,10,100.0,inf,cone,both,5000.0,10.0,0.01,30.0,0.01,256,20,3,0.5,0.1,0.99,10.0,256,20,0,128,0,5.0,1.25,61.41441954356576,1918.406831766937,0.7265190972222222,141.11263342111152,0.0,
direct,mppi_lqr,300.0,1800.0,0.1,0.025,5.0,2.5,10.0,10.0,10,100.0,inf,cone,both,5000.0,10.0,0.01,30.0,0.01,256,20,3,0.5,0.1,0.99,10.0,256,20,0,128,0,5.0,2.5,61.24579772098664,3117.2251336572263,0.7245225694444445,221.3213061306749,0.0,
direct,mppi_lqr,300.0,1800.0,0.1,0.025,5.0,3.75,10.0,10.0,10,100.0,inf,cone,both,5000.0,10.0,0.01,30.0,0.01,256,20,3,0.5,0.1,0.99,10.0,256,20,0,128,0,5.0,3.75,61.29178616829629,3626.675477191061,0.7238715277777777,238.2437818878151,0.0,
direct,mppi_lqr,300.0,1800.0,0.1,0.025,5.0,4.5,10.0,10.0,10,100.0,inf,cone,both,5000.0,10.0,0.01,30.0,0.01,256,20,3,0.5,0.1,0.99,10.0,256,20,0,128,0,5.0,4.146252029813543,61.29178616829629,3651.794426447462,0.723828125,238.49521299202016,0.0,
direct,mppi_lqr,300.0,1800.0,0.1,0.025,5.0,5.0,10.0,10.0,10,100.0,inf,cone,both,5000.0,10.0,0.01,30.0,0.01,256,20,3,0.5,0.1,0.99,10.0,256,20,0,128,0,5.0,4.146686042461518,61.29178616829629,3651.0307479287594,0.7237847222222222,238.59573849711217,0.0,
direct,mppi_lqr,300.0,1800.0,0.1,0.025,5.0,5.5,10.0,10.0,10,100.0,inf,cone,both,5000.0,10.0,0.01,30.0,0.01,256,20,3,0.5,0.1,0.99,10.0,256,20,0,128,0,5.0,4.146533507961472,61.29178616829629,3651.005193824915,0.7237847222222222,238.5953184471444,0.0,
direct,mppi_lqr,300.0,1800.0,0.1,0.025,5.0,6.25,10.0,10.0,10,100.0,inf,cone,both,5000.0,10.0,0.01,30.0,0.01,256,20,3,0.5,0.1,0.99,10.0,256,20,0,128,0,5.0,4.146533887267402,61.29178616829629,3651.005246059709,0.7237847222222222,238.59531847656157,0.0,
direct,mppi_lqr,300.0,1800.0,0.1,0.025,5.0,7.5,10.0,10.0,10,100.0,inf,cone,both,5000.0,10.0,0.01,30.0,0.01,256,20,3,0.5,0.1,0.99,10.0,256,20,0,128,0,5.0,4.146533887267402,61.29178616829629,3651.005246059709,0.7237847222222222,238.59531847656157,0.0,
direct,mppi_lqr,300.0,1800.0,0.1,0.025,5.0,10.0,10.0,10.0,10,100.0,inf,cone,both,5000.0,10.0,0.01,30.0,0.01,256,20,3,0.5,0.1,0.99,10.0,256,20,0,128,0,5.0,4.146533887267402,61.29178616829629,3651.005246059709,0.7237847222222222,238.59531847656157,0.0,
direct,mppi_lqr,300.0,1800.0,0.1,0.025,5.0,inf,10.0,10.0,10,100.0,inf,cone,both,5000.0,10.0,0.01,30.0,0.01,256,20,3,0.5,0.1,0.99,10.0,256,20,0,128,0,5.0,4.146533887267402,61.29178616829629,3651.005246059709,0.7237847222222222,238.59531847656157,0.0,
direct,mppi_lqr,300.0,1800.0,0.1,0.05,5.0,1.25,10.0,10.0,10,100.0,inf,cone,both,5000.0,10.0,0.01,30.0,0.01,256,20,3,0.5,0.1,0.99,10.0,256,20,0,128,1,4.98515625,1.25,114.7766882888488,1707.0162035372314,0.7234809027777778,269.02264940014373,0.0078125,310.0
direct,mppi_lqr,300.0,1800.0,0.1,0.05,5.0,2.5,10.0,10.0,10,100.0,inf,cone,both,5000.0,10.0,0.01,30.0,0.01,256,20,3,0.5,0.1,0.99,10.0,256,20,0,128,0,5.0,2.5,100.43580289188154,3161.628928535504,0.7152777777777778,380.8440261136735,0.0,
direct,mppi_lqr,300.0,1800.0,0.1,0.05,5.0,3.75,10.0,10.0,10,100.0,inf,cone,both,5000.0,10.0,0.01,30.0,0.01,256,20,3,0.5,0.1,0.99,10.0,256,20,0,128,0,5.0,3.75,104.65749329859727,4569.927663505753,0.694140625,502.5619782713533,0.0,
direct,mppi_lqr,300.0,1800.0,0.1,0.05,5.0,4.5,10.0,10.0,10,100.0,inf,cone,both,5000.0,10.0,0.01,30.0,0.01,256,20,3,0.5,0.1,0.99,10.0,256,20,0,128,0,5.0,4.5,104.6790919599803,5269.422287810234,0.6762152777777778,550.7082101844829,0.0,
direct,mppi_lqr,300.0,1800.0,0.1,0.05,5.0,5.0,10.0,10.0,10,100.0,inf,cone,both,5000.0,10.0,0.01,30.0,0.01,256,20,3,0.5,0.1,0.99,10.0,256,20,0,128,0,5.0,5.0,104.64162088479917,5664.798092924169,0.6661024305555555,573.0950089366712,0.0,
direct,mppi_lqr,300.0,1800.0,0.1,0.05,5.0,5.5,10.0,10.0,10,100.0,inf,cone,both,5000.0,10.0,0.01,30.0,0.01,256,20,3,0.5,0.1,0.99,10.0,256,20,0,128,0,5.0,5.5,104.64134510186744,6004.244559020423,0.6576388888888889,591.0308520154073,0.0,
direct,mppi_lqr,300.0,1800.0,0.1,0.05,5.0,6.25,10.0,10.0,10,100.0,inf,cone,both,5000.0,10.0,0.01,30.0,0.01,256,20,3,0.5,0.1,0.99,10.0,256,20,0,128,0,5.0,6.25,104.64116693356404,6404.686085463072,0.6486111111111111,608.8736741817316,0.0,
direct,mppi_lqr,300.0,1800.0,0.1,0.05,5.0,7.5,10.0,10.0,10,100.0,inf,cone,both,5000.0,10.0,0.01,30.0,0.01,256,20,3,0.5,0.1,0.99,10.0,256,20,0,128,0,5.0,7.5,104.64116693356404,6805.2166655741385,0.6421875,628.930571478371,0.0,
direct,mppi_lqr,300.0,1800.0,0.1,0.05,5.0,10.0,10.0,10.0,10,100.0,inf,cone,both,5000.0,10.0,0.01,30.0,0.01,256,20,3,0.5,0.1,0.99,10.0,256,20,0,128,0,5.0,8.507410730174746,104.64116693356404,6891.55716397616,0.6417534722222222,631.1272171850964,0.0,
direct,mppi_lqr,300.0,1800.0,0.1,0.05,5.0,inf,10.0,10.0,10,100.0,inf,cone,both,5000.0,10.0,0.01,30.0,0.01,256,20,3,0.5,0.1,0.99,10.0,256,20,0,128,0,5.0,8.506753426560588,104.64116693356404,6891.458127789591,0.6417534722222222,631.1250038299853,0.0,
direct,mppi_lqr,300.0,1800.0,0.1,0.075,5.0,1.25,10.0,10.0,10,100.0,inf,cone,both,5000.0,10.0,0.01,30.0,0.01,256,20,3,0.5,0.1,0.99,10.0,256,20,0,128,0,5.0,1.25,127.22455997804794,2182.134103935093,0.7101996527777777,341.66441082937934,0.0,
direct,mppi_lqr,300.0,1800.0,0.1,0.075,5.0,2.5,10.0,10.0,10,100.0,inf,cone,both,5000.0,10.0,0.01,30.0,0.01,256,20,3,0.5,0.1,0.99,10.0,256,20,0,128,0,5.0,2.5,184.81033472245636,3045.030488650875,0.7158854166666667,495.7490631633332,0.0,
direct,mppi_lqr,300.0,1800.0,0.1,0.075,5.0,3.75,10.0,10.0,10,100.0,inf,cone,both,5000.0,10.0,0.01,30.0,0.01,256,20,3,0.5,0.1,0.99,10.0,256,20,0,128,1,5.0,3.75,179.92036099855886,4797.236764959042,0.6868706597222223,712.9243088547634,0.0078125,560.0
direct,mppi_lqr,300.0,1800.0,0.1,0.075,5.0,4.5,10.0,10.0,10,100.0,inf,cone,both,5000.0,10.0,0.01,30.0,0.01,256,20,3,0.5,0.1,0.99,10.0,256,20,0,128,0,5.0,4.5,181.3228226383098,5780.764877862617,0.6621527777777778,796.8145956499001,0.0,
direct,mppi_lqr,300.0,1800.0,0.1,0.075,5.0,5.0,10.0,10.0,10,100.0,inf,cone,both,5000.0,10.0,0.01,30.0,0.01,256,20,3,0.5,0.1,0.99,10.0,256,20,0,128,0,5.0,5.0,181.0137172346625,6397.252220870403,0.6458333333333334,848.9039365542942,0.0,
direct,mppi_lqr,300.0,1800.0,0.1,0.075,5.0,5.5,10.0,10.0,10,100.0,inf,cone,both,5000.0,10.0,0.01,30.0,0.01,256,20,3,0.5,0.1,0.99,10.0,256,20,0,128,0,5.0,5.5,180.95355291400423,6977.246770036849,0.6294270833333333,896.8611875339922,0.0,
direct,mppi_lqr,300.0,1800.0,0.1,0.075,5.0,6.25,10.0,10.0,10,100.0,inf,cone,both,5000.0,10.0,0.01,30.0,0.01,256,20,3,0.5,0.1,0.99,10.0,256,20,0,128,0,5.0,6.25,181.1872367812236,7754.921752922487,0.6068142361111111,953.8013173037026,0.0,
direct,mppi_lqr,300.0,1800.0,0.1,0.075,5.0,7.5,10.0,10.0,10,100.0,inf,cone,both,5000.0,10.0,0.01,30.0,0.01,256,20,3,0.5,0.1,0.99,10.0,256,20,0,128,0,5.0,7.5,181.13858467915531,8860.83545193977,0.5721788194444445,1025.0089994471518,0.0,
direct,mppi_lqr,300.0,1800.0,0.1,0.075,5.0,10.0,10.0,10.0,10,100.0,inf,cone,both,5000.0,10.0,0.01,30.0,0.01,256,20,3,0.5,0.1,0.99,10.0,256,20,0,128,0,5.0,10.0,181.13734220761995,10286.041746136132,0.5490017361111111,1128.9056282669176,0.0,
direct,mppi_lqr,300.0,1800.0,0.1,0.075,5.0,inf,10.0,10.0,10,100.0,inf,cone,both,5000.0,10.0,0.01,30.0,0.01,256,20,3,0.5,0.1,0.99,10.0,256,20,0,128,0,5.0,12.868071505637856,181.13734220761995,10804.633624683562,0.5486111111111112,1162.7729619909417,0.0,
direct,mppi_lqr,300.0,1800.0,0.1,0.09,5.0,1.25,10.0,10.0,10,100.0,inf,cone,both,5000.0,10.0,0.01,30.0,0.01,256,20,3,0.5,0.1,0.99,10.0,256,20,0,128,0,5.0,1.25,125.62605599437236,2308.375635308519,0.7170138888888888,346.1899888840781,0.0,
direct,mppi_lqr,300.0,1800.0,0.1,0.09,5.0,2.5,10.0,10.0,10,100.0,inf,cone,both,5000.0,10.0,0.01,30.0,0.01,256,20,3,0.5,0.1,0.99,10.0,256,20,0,128,0,5.0,2.5,228.06228237779703,3167.9278696827387,0.7235677083333333,560.0987238135014,0.0,
direct,mppi_lqr,300.0,1800.0,0.1,0.09,5.0,3.75,10.0,10.0,10,100.0,inf,cone,both,5000.0,10.0,0.01,30.0,0.01,256,20,3,0.5,0.1,0.99,10.0,256,20,0,128,0,5.0,3.75,234.42628270208544,4719.387337493131,0.7125434027777777,721.2307572962093,0.0,
direct,mppi_lqr,300.0,1800.0,0.1,0.09,5.0,4.5,10.0,10.0,10,100.0,inf,cone,both,5000.0,10.0,0.01,30.0,0.01,256,20,3,0.5,0.1,0.99,10.0,256,20,0,128,0,5.0,4.5,235.06613318251573,5831.771615000047,0.6890190972222222,794.9471360345934,0.0,
direct,mppi_lqr,300.0,1800.0,0.1,0.09,5.0,5.0,10.0,10.0,10,100.0,inf,cone,both,5000.0,10.0,0.01,30.0,0.01,256,20,3,0.5,0.1,0.99,10.0,256,20,0,128,0,5.0,5.0,235.4005373536632,6426.585384305268,0.6735677083333333,818.8833303109215,0.0,
direct,mppi_lqr,300.0,1800.0,0.1,0.09,5.0,5.5,10.0,10.0,10,100.0,inf,cone,both,5000.0,10.0,0.01,30.0,0.01,256,20,3,0.5,0.1,0.99,10.0,256,20,0,128,0,5.0,5.5,235.2444137637187,7145.242718194452,0.6473958333333333,902.4758843043006,0.0,
direct,mppi_lqr,300.0,1800.0,0.1,0.09,5.0,6.25,10.0,10.0,10,100.0,inf,cone,both,5000.0,10.0,0.01,30.0,0.01,256,20,3,0.5,0.1,0.99,10.0,256,20,0,128,0,5.0,6.25,235.1388994338284,8095.648690301615,0.6210069444444445,972.7537162935496,0.0,
direct,mppi_lqr,300.0,1800.0,0.1,0.09,5.0,7.5,10.0,10.0,10,100.0,inf,cone,both,5000.0,10.0,0.01,30.0,0.01,256,20,3,0.5,0.1,0.99,10.0,256,20,0,128,0,5.0,7.5,235.1646955380985,9473.68404102722,0.5803819444444445,1064.2987054223763,0.0,
direct,mppi_lqr,300.0,1800.0,0.1,0.09,5.0,10.0,10.0,10.0,10,100.0,inf,cone,both,5000.0,10.0,0.01,30.0,0.01,256,20,3,0.5,0.1,0.99,10.0,256,20,0,128,0,5.0,10.0,235.15658444233677,11522.673567918924,0.5340711805555556,1191.5881152239856,0.0,
direct,mppi_lqr,300.0,1800.0,0.1,0.09,5.0,inf,10.0,10.0,10,100.0,inf,cone,both,5000.0,10.0,0.01,30.0,0.01,256,20,3,0.5,0.1,0.99,10.0,256,20,0,128,0,5.0,15.453475968285517,235.15658444230385,13171.578027473815,0.5287760416666667,1346.0127973502258,0.0,
direct,mppi_lqr,300.0,1800.0,0.1,0.1,5.0,1.25,10.0,10.0,10,100.0,inf,cone,both,5000.0,10.0,0.01,30.0,0.01,256,20,3,0.5,0.1,0.99,10.0,256,20,0,128,0,5.0,1.25,124.09174812059808,2369.8767051034624,0.723828125,335.62179723162063,0.0,
direct,mppi_lqr,300.0,1800.0,0.1,0.1,5.0,2.5,10.0,10.0,10,100.0,inf,cone,both,5000.0,10.0,0.01,30.0,0.01,256,20,3,0.5,0.1,0.99,10.0,256,20,0,128,0,5.0,2.5,240.77709800956325,3283.961829231309,0.7294270833333333,584.501620373874,0.0,
direct,mppi_lqr,300.0,1800.0,0.1,0.1,5.0,3.75,10.0,10.0,10,100.0,inf,cone,both,5000.0,10.0,0.01,30.0,0.01,256,20,3,0.5,0.1,0.99,10.0,256,20,0,128,0,5.0,3.75,262.51464554970795,4647.802364615707,0.7168836805555555,777.7135969114008,0.0,
direct,mppi_lqr,300.0,1800.0,0.1,0.1,5.0,4.5,10.0,10.0,10,100.0,inf,cone,both,5000.0,10.0,0.01,30.0,0.01,256,20,3,0.5,0.1,0.99,10.0,256,20,0,128,0,5.0,4.5,262.8690764489114,5864.55969418192,0.683984375,928.1268042987874,0.0,
direct,mppi_lqr,300.0,1800.0,0.1,0.1,5.0,5.0,10.0,10.0,10,100.0,inf,cone,both,5000.0,10.0,0.01,30.0,0.01,256,20,3,0.5,0.1,0.99,10.0,256,20,0,128,0,5.0,5.0,264.58612091176553,6595.375731687036,0.6724826388888889,929.486223067558,0.0,
direct,mppi_lqr,300.0,1800.0,0.1,0.1,5.0,5.5,10.0,10.0,10,100.0,inf,cone,both,5000.0,10.0,0.01,30.0,0.01,256,20,3,0.5,0.1,0.99,10.0,256,20,0,128,0,5.0,5.5,264.3396190948408,7274.82635286177,0.6585069444444445,961.6384046960536,0.0,
direct,mppi_lqr,300.0,1800.0,0.1,0.1,5.0,6.25,10.0,10.0,10,100.0,inf,cone,both,5000.0,10.0,0.01,30.0,0.01,256,20,3,0.5,0.1,0.99,10.0,256,20,0,128,0,5.0,6.25,263.6406341647178,8259.87829992913,0.6254340277777778,1071.1507659230515,0.0,
direct,mppi_lqr,300.0,1800.0,0.1,0.1,5.0,7.5,10.0,10.0,10,100.0,inf,cone,both,5000.0,10.0,0.01,30.0,0.01,256,20,3,0.5,0.1,0.99,10.0,256,20,0,128,0,5.0,7.5,263.55883045909616,9802.975679692436,0.5801649305555555,1179.1670124273928,0.0,
direct,mppi_lqr,300.0,1800.0,0.1,0.1,5.0,10.0,10.0,10.0,10,100.0,inf,cone,both,5000.0,10.0,0.01,30.0,0.01,256,20,3,0.5,0.1,0.99,10.0,256,20,0,128,0,5.0,10.0,263.64170897155543,12147.139831592194,0.521875,1323.4020181060182,0.0,
direct,mppi_lqr,300.0,1800.0,0.1,0.1,5.0,inf,10.0,10.0,10,100.0,inf,cone,both,5000.0,10.0,0.01,30.0,0.01,256,20,3,0.5,0.1,0.99,10.0,256,20,0,128,0,5.0,17.18109279182943,263.64170628247746,14784.58317208584,0.5104166666666666,1578.0718671230268,0.0,
direct,mppi_lqr,300.0,1800.0,0.1,0.11,5.0,1.25,10.0,10.0,10,100.0,inf,cone,both,5000.0,10.0,0.01,30.0,0.01,256,20,3,0.5,0.1,0.99,10.0,256,20,0,128,1,4.9890625,1.25,125.16872396244295,2424.178929212699,0.7382378472222222,325.4398615494411,0.0078125,360.0
direct,mppi_lqr,300.0,1800.0,0.1,0.11,5.0,2.5,10.0,10.0,10,100.0,inf,cone,both,5000.0,10.0,0.01,30.0,0.01,256,20,3,0.5,0.1,0.99,10.0,256,20,0,128,0,5.0,2.5,247.3551246698035,3265.649781317214,0.7157552083333333,612.2087955705705,0.0,
direct,mppi_lqr,300.0,1800.0,0.1,0.11,5.0,3.75,10.0,10.0,10,100.0,inf,cone,both,5000.0,10.0,0.01,30.0,0.01,256,20,3,0.5,0.1,0.99,10.0,256,20,0,128,0,5.0,3.75,281.5044474674292,4447.769307671075,0.733984375,755.078835758445,0.0,
direct,mppi_lqr,300.0,1800.0,0.1,0.11,5.0,4.5,10.0,10.0,10,100.0,inf,cone,both,5000.0,10.0,0.01,30.0,0.01,256,20,3,0.5,0.1,0.99,10.0,256,20,0,128,0,5.0,4.5,283.0200120720661,5683.768631212168,0.6956163194444445,933.2517759079795,0.0,
direct,mppi_lqr,300.0,1800.0,0.1,0.11,5.0,5.0,10.0,10.0,10,100.0,inf,cone,both,5000.0,10.0,0.01,30.0,0.01,256,20,3,0.5,0.1,0.99,10.0,256,20,0,128,0,5.0,5.0,284.8724303823103,6449.4502841023,0.6712239583333334,1036.5642510669236,0.0,
direct,mppi_lqr,300.0,1800.0,0.1,0.11,5.0,5.5,10.0,10.0,10,100.0,inf,cone,both,5000.0,10.0,0.01,30.0,0.01,256,20,3,0.5,0.1,0.99,10.0,256,20,0,128,0,5.0,5.5,284.3298621079828,7164.730230945459,0.6550347222222223,1063.2230264600792,0.0,
direct,mppi_lqr,300.0,1800.0,0.1,0.11,5.0,6.25,10.0,10.0,10,100.0,inf,cone,both,5000.0,10.0,0.01,30.0,0.01,256,20,3,0.5,0.1,0.99,10.0,256,20,0,128,0,5.0,6.25,284.3899516221393,8206.229163392929,0.6233506944444445,1145.2064796674856,0.0,
direct,mppi_lqr,300.0,1800.0,0.1,0.11,5.0,7.5,10.0,10.0,10,100.0,inf,cone,both,5000.0,10.0,0.01,30.0,0.01,256,20,3,0.5,0.1,0.99,10.0,256,20,0,128,0,5.0,7.5,284.0228225566232,9934.024707149329,0.5743055555555555,1276.503155549336,0.0,
direct,mppi_lqr,300.0,1800.0,0.1,0.11,5.0,10.0,10.0,10.0,10,100.0,inf,cone,both,5000.0,10.0,0.01,30.0,0.01,256,20,3,0.5,0.1,0.99,10.0,256,20,0,128,0,5.0,10.0,283.99509797827164,12584.140571451797,0.506640625,1459.6467299889755,0.0,
direct,mppi_lqr,300.0,1800.0,0.1,0.11,5.0,inf,10.0,10.0,10,100.0,inf,cone,both,5000.0,10.0,0.01,30.0,0.01,256,20,3,0.5,0.1,0.99,10.0,256,20,0,128,0,5.0,18.90281532075816,283.9950424806576,16314.703064406664,0.4884982638888889,1823.0544485216556,0.0,
direct,mppi_lqr,300.0,1800.0,0.1,0.125,5.0,1.25,10.0,10.0,10,100.0,inf,cone,both,5000.0,10.0,0.01,30.0,0.01,256,20,3,0.5,0.1,0.99,10.0,256,20,0,128,0,5.0,1.25,129.25420197633838,2499.9776736627823,0.7239149305555556,346.3471824929248,0.0,
direct,mppi_lqr,300.0,1800.0,0.1,0.125,5.0,2.5,10.0,10.0,10,100.0,inf,cone,both,5000.0,10.0,0.01,30.0,0.01,256,20,3,0.5,0.1,0.99,10.0,256,20,0,128,0,5.0,2.5,253.74398136646525,3357.58525732774,0.7452690972222222,585.1193328886218,0.0,
direct,mppi_lqr,300.0,1800.0,0.1,0.125,5.0,3.75,10.0,10.0,10,100.0,inf,cone,both,5000.0,10.0,0.01,30.0,0.01,256,20,3,0.5,0.1,0.99,10.0,256,20,0,128,0,5.0,3.75,287.30282212457706,4347.042448495877,0.7426215277777778,801.9449731532237,0.0,
direct,mppi_lqr,300.0,1800.0,0.1,0.125,5.0,4.5,10.0,10.0,10,100.0,inf,cone,both,5000.0,10.0,0.01,30.0,0.01,256,20,3,0.5,0.1,0.99,10.0,256,20,0,128,0,5.0,4.5,292.8660664933451,5148.338242659213,0.7286458333333333,857.6764360064158,0.0,
direct,mppi_lqr,300.0,1800.0,0.1,0.125,5.0,5.0,10.0,10.0,10,100.0,inf,cone,both,5000.0,10.0,0.01,30.0,0.01,256,20,3,0.5,0.1,0.99,10.0,256,20,0,128,0,5.0,5.0,294.7612014750092,6245.84692568163,0.6934027777777778,1005.9987321531228,0.0,
direct,mppi_lqr,300.0,1800.0,0.1,0.125,5.0,5.5,10.0,10.0,10,100.0,inf,cone,both,5000.0,10.0,0.01,30.0,0.01,256,20,3,0.5,0.1,0.99,10.0,256,20,0,128,0,5.0,5.5,294.34801980310783,7191.032293330105,0.6680121527777778,1088.877933590467,0.0,
direct,mppi_lqr,300.0,1800.0,0.1,0.125,5.0,6.25,10.0,10.0,10,100.0,inf,cone,both,5000.0,10.0,0.01,30.0,0.01,256,20,3,0.5,0.1,0.99,10.0,256,20,0,128,0,5.0,6.25,294.188943535317,8340.5706617714,0.6404947916666667,1108.5761546734757,0.0,
direct,mppi_lqr,300.0,1800.0,0.1,0.125,5.0,7.5,10.0,10.0,10,100.0,inf,cone,both,5000.0,10.0,0.01,30.0,0.01,256,20,3,0.5,0.1,0.99,10.0,256,20,0,128,0,5.0,7.5,294.1121124383587,10228.777909291492,0.5825520833333333,1242.1442533797847,0.0,
direct,mppi_lqr,300.0,1800.0,0.1,0.125,5.0,10.0,10.0,10.0,10,100.0,inf,cone,both,5000.0,10.0,0.01,30.0,0.01,256,20,3,0.5,0.1,0.99,10.0,256,20,0,128,0,5.0,10.0,294.1219987213216,13295.026948565934,0.4991753472222222,1482.2501336748346,0.0,
direct,mppi_lqr,300.0,1800.0,0.1,0.125,5.0,inf,10.0,10.0,10,100.0,inf,cone,both,5000.0,10.0,0.01,30.0,0.01,256,20,3,0.5,0.1,0.99,10.0,256,20,0,128,0,5.0,21.48225571788804,294.1219984315787,18836.689338374566,0.4715711805555556,2042.3733419650407,0.0,
direct,mppi_lqr,300.0,1800.0,0.1,0.15,5.0,1.25,10.0,10.0,10,100.0,inf,cone,both,5000.0,10.0,0.01,30.0,0.01,256,20,3,0.5,0.1,0.99,10.0,256,20,0,128,1,4.98984375,1.25,133.2582747424018,2574.060901622028,0.7244791666666667,348.9636599377675,0.0078125,370.0
direct,mppi_lqr,300.0,1800.0,0.1,0.15,5.0,2.5,10.0,10.0,10,100.0,inf,cone,both,5000.0,10.0,0.01,30.0,0.01,256,20,3,0.5,0.1,0.99,10.0,256,20,0,128,0,5.0,2.5,229.3054375675024,3447.077680935078,0.7382378472222222,604.9320901166521,0.0,
direct,mppi_lqr,300.0,1800.0,0.1,0.15,5.0,3.75,10.0,10.0,10,100.0,inf,cone,both,5000.0,10.0,0.01,30.0,0.01,256,20,3,0.5,0.1,0.99,10.0,256,20,0,128,0,5.0,3.75,286.1463252895354,3955.286912199257,0.7610677083333334,761.7632000537724,0.0,
direct,mppi_lqr,300.0,1800.0,0.1,0.15,5.0,4.5,10.0,10.0,10,100.0,inf,cone,both,5000.0,10.0,0.01,30.0,0.01,256,20,3,0.5,0.1,0.99,10.0,256,20,0,128,0,5.0,4.5,294.8355780015629,4800.575312745616,0.7924045138888889,657.2414728483456,0.0,
direct,mppi_lqr,300.0,1800.0,0.1,0.15,5.0,5.0,10.0,10.0,10,100.0,inf,cone,both,5000.0,10.0,0.01,30.0,0.01,256,20,3,0.5,0.1,0.99,10.0,256,20,0,128,0,5.0,5.0,297.0970026405988,5904.342855190964,0.7549913194444444,824.8864707530457,0.0,
direct,mppi_lqr,300.0,1800.0,0.1,0.15,5.0,5.5,10.0,10.0,10,100.0,inf,cone,both,5000.0,10.0,0.01,30.0,0.01,256,20,3,0.5,0.1,0.99,10.0,256,20,0,128,0,5.0,5.5,296.7219288957776,6891.115090793025,0.7135416666666666,939.9161529878344,0.0,
direct,mppi_lqr,300.0,1800.0,0.1,0.15,5.0,6.25,10.0,10.0,10,100.0,inf,cone,both,5000.0,10.0,0.01,30.0,0.01,256,20,3,0.5,0.1,0.99,10.0,256,20,0,128,0,5.0,6.25,296.6958858059834,8243.325435783001,0.6747829861111111,991.353237110623,0.0,
direct,mppi_lqr,300.0,1800.0,0.1,0.15,5.0,7.5,10.0,10.0,10,100.0,inf,cone,both,5000.0,10.0,0.01,30.0,0.01,256,20,3,0.5,0.1,0.99,10.0,256,20,0,128,0,5.0,7.5,296.7724778443884,10290.666214485356,0.6008680555555556,1078.0102467334725,0.0,
direct,mppi_lqr,300.0,1800.0,0.1,0.15,5.0,10.0,10.0,10.0,10,100.0,inf,cone,both,5000.0,10.0,0.01,30.0,0.01,256,20,3,0.5,0.1,0.99,10.0,256,20,0,128,0,5.0,10.0,296.78898633000205,13773.96105167348,0.507421875,1221.3289717079613,0.0,
direct,mppi_lqr,300.0,1800.0,0.1,0.15,5.0,inf,10.0,10.0,10,100.0,inf,cone,both,5000.0,10.0,0.01,30.0,0.01,256,20,3,0.5,0.1,0.99,10.0,256,20,0,128,0,5.0,25.768438950998902,296.78907996245374,22688.89572873078,0.4628472222222222,2144.96926839188,0.0,
direct,mppi_lqr,300.0,1800.0,0.1,0.2,5.0,1.25,10.0,10.0,10,100.0,inf,cone,both,5000.0,10.0,0.01,30.0,0.01,256,20,3,0.5,0.1,0.99,10.0,256,20,0,128,0,5.0,1.25,134.8962649140245,2688.902046437081,0.7325520833333333,351.7035350780112,0.0,
direct,mppi_lqr,300.0,1800.0,0.1,0.2,5.0,2.5,10.0,10.0,10,100.0,inf,cone,both,5000.0,10.0,0.01,30.0,0.01,256,20,3,0.5,0.1,0.99,10.0,256,20,0,128,0,5.0,2.5,209.3144151275544,3566.6980217918963,0.7657118055555555,561.1786514238025,0.0,
direct,mppi_lqr,300.0,1800.0,0.1,0.2,5.0,3.75,10.0,10.0,10,100.0,inf,cone,both,5000.0,10.0,0.01,30.0,0.01,256,20,3,0.5,0.1,0.99,10.0,256,20,0,128,0,5.0,3.75,287.4881204818697,3829.7320374835904,0.7841579861111111,740.2930627727586,0.0,
direct,mppi_lqr,300.0,1800.0,0.1,0.2,5.0,4.5,10.0,10.0,10,100.0,inf,cone,both,5000.0,10.0,0.01,30.0,0.01,256,20,3,0.5,0.1,0.99,10.0,256,20,0,128,0,5.0,4.5,297.2446405205197,5309.293269580553,0.7395399305555556,985.618902305324,0.0,
direct,mppi_lqr,300.0,1800.0,0.1,0.2,5.0,5.0,10.0,10.0,10,100.0,inf,cone,both,5000.0,10.0,0.01,30.0,0.01,256,20,3,0.5,0.1,0.99,10.0,256,20,0,128,0,5.0,5.0,296.8736656697965,6049.505911641757,0.7527777777777778,915.7884188488114,0.0,
direct,mppi_lqr,300.0,1800.0,0.1,0.2,5.0,5.5,10.0,10.0,10,100.0,inf,cone,both,5000.0,10.0,0.01,30.0,0.01,256,20,3,0.5,0.1,0.99,10.0,256,20,0,128,0,5.0,5.5,293.1419631215071,7118.327874789093,0.7296440972222222,875.4103836391884,0.0,
direct,mppi_lqr,300.0,1800.0,0.1,0.2,5.0,6.25,10.0,10.0,10,100.0,inf,cone,both,5000.0,10.0,0.01,30.0,0.01,256,20,3,0.5,0.1,0.99,10.0,256,20,0,128,0,5.0,6.25,295.87676035627504,8721.266577529244,0.6451822916666666,1070.8171352874735,0.0,
direct,mppi_lqr,300.0,1800.0,0.1,0.2,5.0,7.5,10.0,10.0,10,100.0,inf,cone,both,5000.0,10.0,0.01,30.0,0.01,256,20,3,0.5,0.1,0.99,10.0,256,20,0,128,0,5.0,7.5,294.1002302689953,11015.227550283886,0.5678385416666667,1253.7867355982737,0.0,
direct,mppi_lqr,300.0,1800.0,0.1,0.2,5.0,10.0,10.0,10.0,10,100.0,inf,cone,both,5000.0,10.0,0.01,30.0,0.01,256,20,3,0.5,0.1,0.99,10.0,256,20,0,128,0,5.0,10.0,294.6601276457639,15232.197065065277,0.4509548611111111,1569.8457150289662,0.0,
direct,mppi_lqr,300.0,1800.0,0.1,0.2,5.0,inf,10.0,10.0,10,100.0,inf,cone,both,5000.0,10.0,0.01,30.0,0.01,256,20,3,0.5,0.1,0.99,10.0,256,20,0,128,0,5.0,34.353844938777115,294.6106113384961,31545.3848546736,0.3829861111111111,3610.7708813296617,0.0,
direct,random,300.0,1800.0,0.1,0.025,5.0,1.25,10.0,10.0,10,100.0,inf,cone,both,5000.0,10.0,0.01,30.0,0.01,256,20,3,0.5,0.1,0.99,10.0,256,20,0,128,3,4.9390625,1.2315340861881006,48.03655317380069,867.5122022484945,0.8087239583333333,34.162910802114084,0.0234375,240.0
direct,random,300.0,1800.0,0.1,0.025,5.0,2.5,10.0,10.0,10,100.0,inf,cone,both,5000.0,10.0,0.01,30.0,0.01,256,20,3,0.5,0.1,0.99,10.0,256,20,0,128,3,4.9390625,2.452237211188101,48.01806604100255,883.9487057304251,0.812890625,33.36827045745075,0.0234375,240.0
direct,random,300.0,1800.0,0.1,0.025,5.0,3.75,10.0,10.0,10,100.0,inf,cone,both,5000.0,10.0,0.01,30.0,0.01,256,20,3,0.5,0.1,0.99,10.0,256,20,0,128,3,4.9390625,3.3013195997198483,48.01806604100255,883.321037216106,0.8122395833333333,33.481636851964915,0.0234375,240.0
direct,random,300.0,1800.0,0.1,0.025,5.0,4.5,10.0,10.0,10,100.0,inf,cone,both,5000.0,10.0,0.01,30.0,0.01,256,20,3,0.5,0.1,0.99,10.0,256,20,0,128,3,4.9390625,3.3013195997198483,48.01806604100255,883.321037216106,0.8122395833333333,33.481636851964915,0.0234375,240.0
direct,random,300.0,1800.0,0.1,0.025,5.0,5.0,10.0,10.0,10,100.0,inf,cone,both,5000.0,10.0,0.01,30.0,0.01,256,20,3,0.5,0.1,0.99,10.0,256,20,0,128,3,4.9390625,3.3013195997198483,48.01806604100255,883.321037216106,0.8122395833333333,33.481636851964915,0.0234375,240.0
direct,random,300.0,1800.0,0.1,0.025,5.0,5.5,10.0,10.0,10,100.0,inf,cone,both,5000.0,10.0,0.01,30.0,0.01,256,20,3,0.5,0.1,0.99,10.0,256,20,0,128,3,4.9390625,3.3013195997198483,48.01806604100255,883.321037216106,0.8122395833333333,33.481636851964915,0.0234375,240.0
direct,random,300.0,1800.0,0.1,0.025,5.0,6.25,10.0,10.0,10,100.0,inf,cone,both,5000.0,10.0,0.01,30.0,0.01,256,20,3,0.5,0.1,0.99,10.0,256,20,0,128,3,4.9390625,3.3013195997198483,48.01806604100255,883.321037216106,0.8122395833333333,33.481636851964915,0.0234375,240.0
direct,random,300.0,1800.0,0.1,0.025,5.0,7.5,10.0,10.0,10,100.0,inf,cone,both,5000.0,10.0,0.01,30.0,0.01,256,20,3,0.5,0.1,0.99,10.0,256,20,0,128,3,4.9390625,3.3013195997198483,48.01806604100255,883.321037216106,0.8122395833333333,33.481636851964915,0.0234375,240.0
direct,random,300.0,1800.0,0.1,0.025,5.0,10.0,10.0,10.0,10,100.0,inf,cone,both,5000.0,10.0,0.01,30.0,0.01,256,20,3,0.5,0.1,0.99,10.0,256,20,0,128,3,4.9390625,3.3013195997198483,48.01806604100255,883.321037216106,0.8122395833333333,33.481636851964915,0.0234375,240.0
direct,random,300.0,1800.0,0.1,0.025,5.0,inf,10.0,10.0,10,100.0,inf,cone,both,5000.0,10.0,0.01,30.0,0.01,256,20,3,0.5,0.1,0.99,10.0,256,20,0,128,3,4.9390625,3.3013195997198483,48.01806604100255,883.321037216106,0.8122395833333333,33.481636851964915,0.0234375,240.0
direct,random,300.0,1800.0,0.1,0.05,5.0,1.25,10.0,10.0,10,100.0,inf,cone,both,5000.0,10.0,0.01,30.0,0.01,256,20,3,0.5,0.1,0.99,10.0,256,20,0,128,4,4.91796875,1.2406011515152078,51.59213859463874,874.8104305116572,0.7871961805555555,49.50918800778004,0.03125,235.0
direct,random,300.0,1800.0,0.1,0.05,5.0,2.5,10.0,10.0,10,100.0,inf,cone,both,5000.0,10.0,0.01,30.0,0.01,256,20,3,0.5,0.1,0.99,10.0,256,20,0,128,4,4.91796875,2.451538651515208,50.6713387509681,928.7490317167913,0.7905815972222222,53.67187766334351,0.03125,235.0
direct,random,300.0,1800.0,0.1,0.05,5.0,3.75,10.0,10.0,10,100.0,inf,cone,both,5000.0,10.0,0.01,30.0,0.01,256,20,3,0.5,0.1,0.99,10.0,256,20,0,128,4,4.91796875,3.662476151515208,50.56760790392133,966.6037448470668,0.7884114583333334,55.7049941936387,0.03125,235.0
direct,random,300.0,1800.0,0.1,0.05,5.0,4.5,10.0,10.0,10,100.0,inf,cone,both,5000.0,10.0,0.01,30.0,0.01,256,20,3,0.5,0.1,0.99,10.0,256,20,0,128,4,4.91796875,4.389038651515207,50.56891115688492,966.975889759554,0.7921875,54.91107536598585,0.03125,235.0
direct,random,300.0,1800.0,0.1,0.05,5.0,5.0,10.0,10.0,10,100.0,inf,cone,both,5000.0,10.0,0.01,30.0,0.01,256,20,3,0.5,0.1,0.99,10.0,256,20,0,128,4,4.91796875,4.873413651515207,50.56891115688492,972.8684597222637,0.7901909722222222,55.734135546510615,0.03125,235.0
direct,random,300.0,1800.0,0.1,0.05,5.0,5.5,10.0,10.0,10,100.0,inf,cone,both,5000.0,10.0,0.01,30.0,0.01,256,20,3,0.5,0.1,0.99,10.0,256,20,0,128,4,4.91796875,5.357788651515207,50.56891115688492,971.1604146695375,0.7904947916666667,55.590996231532245,0.03125,235.0
direct,random,300.0,1800.0,0.1,0.05,5.0,6.25,10.0,10.0,10,100.0,inf,cone,both,5000.0,10.0,0.01,30.0,0.01,256,20,3,0.5,0.1,0.99,10.0,256,20,0,128,4,4.91796875,6.084351151515207,50.56891115688492,972.040228840275,0.7904947916666667,55.66830799818436,0.03125,235.0
direct,random,300.0,1800.0,0.1,0.05,5.0,7.5,10.0,10.0,10,100.0,inf,cone,both,5000.0,10.0,0.01,30.0,0.01,256,20,3,0.5,0.1,0.99,10.0,256,20,0,128,4,4.91796875,6.558669135989544,50.56891115688492,972.5830707413008,0.7904947916666667,55.6701231039898,0.03125,235.0
direct,random,300.0,1800.0,0.1,0.05,5.0,10.0,10.0,10.0,10,100.0,inf,cone,both,5000.0,10.0,0.01,30.0,0.01,256,20,3,0.5,0.1,0.99,10.0,256,20,0,128,4,4.91796875,6.558669135989544,50.56891115688492,972.5830707413008,0.7904947916666667,55.6701231039898,0.03125,235.0
direct,random,300.0,1800.0,0.1,0.05,5.0,inf,10.0,10.0,10,100.0,inf,cone,both,5000.0,10.0,0.01,30.0,0.01,256,20,3,0.5,0.1,0.99,10.0,256,20,0,128,4,4.91796875,6.558669135989544,50.56891115688492,972.5830707413008,0.7904947916666667,55.6701231039898,0.03125,235.0
direct,random,300.0,1800.0,0.1,0.075,5.0,1.25,10.0,10.0,10,100.0,inf,cone,both,5000.0,10.0,0.01,30.0,0.01,256,20,3,0.5,0.1,0.99,10.0,256,20,0,128,3,4.93828125,1.25,55.870985391674985,894.8782026470298,0.7421440972222222,75.9916007060585,0.0234375,230.0
direct,random,300.0,1800.0,0.1,0.075,5.0,2.5,10.0,10.0,10,100.0,inf,cone,both,5000.0,10.0,0.01,30.0,0.01,256,20,3,0.5,0.1,0.99,10.0,256,20,0,128,3,4.9375,2.4735797970054745,55.71608588002274,986.0989911415228,0.7838541666666666,71.99529766391002,0.0234375,230.0
direct,random,300.0,1800.0,0.1,0.075,5.0,3.75,10.0,10.0,10,100.0,inf,cone,both,5000.0,10.0,0.01,30.0,0.01,256,20,3,0.5,0.1,0.99,10.0,256,20,0,128,3,4.9375,3.6942829220054745,55.51239152375448,1030.2964281731606,0.7883680555555556,74.1566318774265,0.0234375,230.0
direct,random,300.0,1800.0,0.1,0.075,5.0,4.5,10.0,10.0,10,100.0,inf,cone,both,5000.0,10.0,0.01,30.0,0.01,256,20,3,0.5,0.1,0.99,10.0,256,20,0,128,3,4.9375,4.426704797005475,55.35642525791224,1077.6272096085168,0.7838975694444444,78.26278584439841,0.0234375,230.0
direct,random,300.0,1800.0,0.1,0.075,5.0,5.0,10.0,10.0,10,100.0,inf,cone,both,5000.0,10.0,0.01,30.0,0.01,256,20,3,0.5,0.1,0.99,10.0,256,20,0,128,3,4.9375,4.914986047005475,55.36871116320804,1088.499315993878,0.7873263888888888,76.71143903136944,0.0234375,230.0
direct,random,300.0,1800.0,0.1,0.075,5.0,5.5,10.0,10.0,10,100.0,inf,cone,both,5000.0,10.0,0.01,30.0,0.01,256,20,3,0.5,0.1,0.99,10.0,256,20,0,128,3,4.9375,5.403267297005475,55.36934545496758,1089.5510671665652,0.7865885416666667,77.19205185036635,0.0234375,230.0
direct,random,300.0,1800.0,0.1,0.075,5.0,6.25,10.0,10.0,10,100.0,inf,cone,both,5000.0,10.0,0.01,30.0,0.01,256,20,3,0.5,0.1,0.99,10.0,256,20,0,128,3,4.9375,6.135689172005475,55.36934545496758,1092.826781274286,0.7891493055555555,75.40618382285338,0.0234375,230.0
direct,random,300.0,1800.0,0.1,0.075,5.0,7.5,10.0,10.0,10,100.0,inf,cone,both,5000.0,10.0,0.01,30.0,0.01,256,20,3,0.5,0.1,0.99,10.0,256,20,0,128,3,4.9375,7.356392297005475,55.24866777328929,1107.5211359920886,0.7901041666666667,75.53490363208225,0.0234375,230.0
direct,random,300.0,1800.0,0.1,0.075,5.0,10.0,10.0,10.0,10,100.0,inf,cone,both,5000.0,10.0,0.01,30.0,0.01,256,20,3,0.5,0.1,0.99,10.0,256,20,0,128,3,4.9375,9.76360388810899,55.36934545496758,1107.8050950815586,0.7900607638888889,75.59814750996004,0.0234375,230.0
direct,random,300.0,1800.0,0.1,0.075,5.0,inf,10.0,10.0,10,100.0,inf,cone,both,5000.0,10.0,0.01,30.0,0.01,256,20,3,0.5,0.1,0.99,10.0,256,20,0,128,3,4.9375,9.90715850509547,55.36934545496758,1107.8770560592343,0.7900607638888889,75.59906112371256,0.0234375,230.0
direct,random,300.0,1800.0,0.1,0.09,5.0,1.25,10.0,10.0,10,100.0,inf,cone,both,5000.0,10.0,0.01,30.0,0.01,256,20,3,0.5,0.1,0.99,10.0,256,20,0,128,3,4.9375,1.25,58.23813328248399,908.237401046828,0.7581597222222223,80.11600184249028,0.0234375,240.0
direct,random,300.0,1800.0,0.1,0.09,5.0,2.5,10.0,10.0,10,100.0,inf,cone,both,5000.0,10.0,0.01,30.0,0.01,256,20,3,0.5,0.1,0.99,10.0,256,20,0,128,2,4.9578125,2.485746834760323,58.98951190445016,1014.4736213661588,0.7694010416666667,85.90739833513193,0.015625,230.0
direct,random,300.0,1800.0,0.1,0.09,5.0,3.75,10.0,10.0,10,100.0,inf,cone,both,5000.0,10.0,0.01,30.0,0.01,256,20,3,0.5,0.1,0.99,10.0,256,20,0,128,2,4.9578125,3.716215584760323,58.688707788299446,1085.6864723632184,0.7828125,86.08255108420042,0.015625,230.0
direct,random,300.0,1800.0,0.1,0.09,5.0,4.5,10.0,10.0,10,100.0,inf,cone,both,5000.0,10.0,0.01,30.0,0.01,256,20,3,0.5,0.1,0.99,10.0,256,20,0,128,2,4.9578125,4.454496834760323,58.64476882757027,1113.216682982955,0.7804253472222222,90.6527241393684,0.015625,230.0
direct,random,300.0,1800.0,0.1,0.09,5.0,5.0,10.0,10.0,10,100.0,inf,cone,both,5000.0,10.0,0.01,30.0,0.01,256,20,3,0.5,0.1,0.99,10.0,256,20,0,128,2,4.9578125,4.946684334760323,58.66632235663438,1148.5139634568825,0.7761284722222223,94.56948526741256,0.015625,230.0
direct,random,300.0,1800.0,0.1,0.09,5.0,5.5,10.0,10.0,10,100.0,inf,cone,both,5000.0,10.0,0.01,30.0,0.01,256,20,3,0.5,0.1,0.99,10.0,256,20,0,128,2,4.9578125,5.438871834760323,58.56162958164997,1175.7046390165149,0.7771267361111112,94.9309402021829,0.015625,230.0
direct,random,300.0,1800.0,0.1,0.09,5.0,6.25,10.0,10.0,10,100.0,inf,cone,both,5000.0,10.0,0.01,30.0,0.01,256,20,3,0.5,0.1,0.99,10.0,256,20,0,128,2,4.9578125,6.177153084760323,58.66501333830404,1197.9096809401854,0.7784288194444444,94.78846822197072,0.015625,230.0
direct,random,300.0,1800.0,0.1,0.09,5.0,7.5,10.0,10.0,10,100.0,inf,cone,both,5000.0,10.0,0.01,30.0,0.01,256,20,3,0.5,0.1,0.99,10.0,256,20,0,128,2,4.9578125,7.407621834760323,58.65353305871541,1195.0605762995176,0.7818142361111111,91.8655515438362,0.015625,230.0
direct,random,300.0,1800.0,0.1,0.09,5.0,10.0,10.0,10.0,10,100.0,inf,cone,both,5000.0,10.0,0.01,30.0,0.01,256,20,3,0.5,0.1,0.99,10.0,256,20,0,128,2,4.9578125,9.868559334760324,58.526334971082704,1210.175461850772,0.7831163194444445,91.78183567319434,0.015625,230.0
direct,random,300.0,1800.0,0.1,0.09,5.0,inf,10.0,10.0,10,100.0,inf,cone,both,5000.0,10.0,0.01,30.0,0.01,256,20,3,0.5,0.1,0.99,10.0,256,20,0,128,2,4.9578125,11.970758255755923,58.65270935686472,1214.3038399989505,0.7830729166666667,91.874355910759,0.015625,230.0
direct,random,300.0,1800.0,0.1,0.1,5.0,1.25,10.0,10.0,10,100.0,inf,cone,both,5000.0,10.0,0.01,30.0,0.01,256,20,3,0.5,0.1,0.99,10.0,256,20,0,128,1,4.978125,1.25,60.5072677407712,933.6841107251944,0.7577690972222222,84.97133852649418,0.0078125,220.0
direct,random,300.0,1800.0,0.1,0.1,5.0,2.5,10.0,10.0,10,100.0,inf,cone,both,5000.0,10.0,0.01,30.0,0.01,256,20,3,0.5,0.1,0.99,10.0,256,20,0,128,2,4.95859375,2.4891745303308146,60.930622425625536,1036.177795882788,0.7717447916666667,89.61204594814969,0.015625,235.0
direct,random,300.0,1800.0,0.1,0.1,5.0,3.75,10.0,10.0,10,100.0,inf,cone,both,5000.0,10.0,0.01,30.0,0.01,256,20,3,0.5,0.1,0.99,10.0,256,20,0,128,2,4.95859375,3.719643280330815,61.02748910061038,1119.8438974783803,0.78671875,92.13076735180027,0.015625,235.0
direct,random,300.0,1800.0,0.1,0.1,5.0,4.5,10.0,10.0,10,100.0,inf,cone,both,5000.0,10.0,0.01,30.0,0.01,256,20,3,0.5,0.1,0.99,10.0,256,20,0,128,2,4.95859375,4.457924530330815,60.86043817414107,1165.55868406504,0.7865017361111111,95.44426342824995,0.015625,235.0
direct,random,300.0,1800.0,0.1,0.1,5.0,5.0,10.0,10.0,10,100.0,inf,cone,both,5000.0,10.0,0.01,30.0,0.01,256,20,3,0.5,0.1,0.99,10.0,256,20,0,128,2,4.95859375,4.950112030330815,60.81422097942277,1182.8269468016356,0.7862413194444444,97.0634351519179,0.015625,235.0
direct,random,300.0,1800.0,0.1,0.1,5.0,5.5,10.0,10.0,10,100.0,inf,cone,both,5000.0,10.0,0.01,30.0,0.01,256,20,3,0.5,0.1,0.99,10.0,256,20,0,128,2,4.95859375,5.442299530330815,60.83160038089424,1217.271223893771,0.7813368055555555,101.71115401456352,0.015625,235.0
direct,random,300.0,1800.0,0.1,0.1,5.0,6.25,10.0,10.0,10,100.0,inf,cone,both,5000.0,10.0,0.01,30.0,0.01,256,20,3,0.5,0.1,0.99,10.0,256,20,0,128,2,4.95859375,6.180580780330815,60.83160038089424,1253.7089850092386,0.7845052083333334,101.10040256618,0.015625,235.0
direct,random,300.0,1800.0,0.1,0.1,5.0,7.5,10.0,10.0,10,100.0,inf,cone,both,5000.0,10.0,0.01,30.0,0.01,256,20,3,0.5,0.1,0.99,10.0,256,20,0,128,2,4.95859375,7.411049530330815,60.83160038089424,1279.2351575562109,0.7862413194444444,99.73461895703716,0.015625,235.0
direct,random,300.0,1800.0,0.1,0.1,5.0,10.0,10.0,10.0,10,100.0,inf,cone,both,5000.0,10.0,0.01,30.0,0.01,256,20,3,0.5,0.1,0.99,10.0,256,20,0,128,2,4.95859375,9.871987030330814,60.7860255018985,1297.5550585985304,0.7896701388888889,98.22408513981536,0.015625,235.0
direct,random,300.0,1800.0,0.1,0.1,5.0,inf,10.0,10.0,10,100.0,inf,cone,both,5000.0,10.0,0.01,30.0,0.01,256,20,3,0.5,0.1,0.99,10.0,256,20,0,128,2,4.95859375,13.301513609214815,60.83160038089424,1299.276384457155,0.7895833333333333,98.3906621721343,0.015625,235.0
direct,random,300.0,1800.0,0.1,0.11,5.0,1.25,10.0,10.0,10,100.0,inf,cone,both,5000.0,10.0,0.01,30.0,0.01,256,20,3,0.5,0.1,0.99,10.0,256,20,0,128,1,4.98046875,1.25,62.89187701150147,973.3654470599016,0.7604166666666666,84.2847907519479,0.0078125,250.0
direct,random,300.0,1800.0,0.1,0.11,5.0,2.5,10.0,10.0,10,100.0,inf,cone,both,5000.0,10.0,0.01,30.0,0.01,256,20,3,0.5,0.1,0.99,10.0,256,20,0,128,1,4.978125,2.495917670244262,63.60875740840888,1072.0157455101937,0.7580295138888888,101.64845172044956,0.0078125,220.0
direct,random,300.0,1800.0,0.1,0.11,5.0,3.75,10.0,10.0,10,100.0,inf,cone,both,5000.0,10.0,0.01,30.0,0.01,256,20,3,0.5,0.1,0.99,10.0,256,20,0,128,1,4.978125,3.736152045244262,63.23110875998624,1157.4241457668056,0.7821180555555556,93.803411995299,0.0078125,220.0
direct,random,300.0,1800.0,0.1,0.11,5.0,4.5,10.0,10.0,10,100.0,inf,cone,both,5000.0,10.0,0.01,30.0,0.01,256,20,3,0.5,0.1,0.99,10.0,256,20,0,128,1,4.978125,4.480292670244261,63.24220521305083,1198.6816799067062,0.7875,96.18329907266508,0.0078125,220.0
direct,random,300.0,1800.0,0.1,0.11,5.0,5.0,10.0,10.0,10,100.0,inf,cone,both,5000.0,10.0,0.01,30.0,0.01,256,20,3,0.5,0.1,0.99,10.0,256,20,0,128,1,4.978125,4.976386420244261,63.171006927507385,1227.3256978959992,0.7849826388888889,99.98124560719846,0.0078125,220.0
direct,random,300.0,1800.0,0.1,0.11,5.0,5.5,10.0,10.0,10,100.0,inf,cone,both,5000.0,10.0,0.01,30.0,0.01,256,20,3,0.5,0.1,0.99,10.0,256,20,0,128,1,4.978125,5.472480170244261,63.14574758127385,1246.9127642252968,0.783984375,101.34118872794288,0.0078125,220.0
direct,random,300.0,1800.0,0.1,0.11,5.0,6.25,10.0,10.0,10,100.0,inf,cone,both,5000.0,10.0,0.01,30.0,0.01,256,20,3,0.5,0.1,0.99,10.0,256,20,0,128,1,4.978125,6.216620795244261,63.157822024896376,1298.0484819427604,0.7796875,107.69895823060484,0.0078125,220.0
direct,random,300.0,1800.0,0.1,0.11,5.0,7.5,10.0,10.0,10,100.0,inf,cone,both,5000.0,10.0,0.01,30.0,0.01,256,20,3,0.5,0.1,0.99,10.0,256,20,0,128,1,4.978125,7.456855170244261,63.157822024896376,1350.387494070334,0.7833333333333333,107.69818731374605,0.0078125,220.0
direct,random,300.0,1800.0,0.1,0.11,5.0,10.0,10.0,10.0,10,100.0,inf,cone,both,5000.0,10.0,0.01,30.0,0.01,256,20,3,0.5,0.1,0.99,10.0,256,20,0,128,1,4.978125,9.937323920244262,63.157822024896376,1359.7171517371255,0.7875,103.23716185229392,0.0078125,220.0
direct,random,300.0,1800.0,0.1,0.11,5.0,inf,10.0,10.0,10,100.0,inf,cone,both,5000.0,10.0,0.01,30.0,0.01,256,20,3,0.5,0.1,0.99,10.0,256,20,0,128,1,4.978125,14.728652597118582,63.157822024896376,1375.8761488566008,0.7880642361111111,103.61941768549411,0.0078125,220.0
direct,random,300.0,1800.0,0.1,0.125,5.0,1.25,10.0,10.0,10,100.0,inf,cone,both,5000.0,10.0,0.01,30.0,0.01,256,20,3,0.5,0.1,0.99,10.0,256,20,0,128,1,4.98046875,1.25,64.51442302846658,988.5184786794116,0.76953125,84.83086920730743,0.0078125,250.0
direct,random,300.0,1800.0,0.1,0.125,5.0,2.5,10.0,10.0,10,100.0,inf,cone,both,5000.0,10.0,0.01,30.0,0.01,256,20,3,0.5,0.1,0.99,10.0,256,20,0,128,2,4.9609375,2.4982040587553698,66.62472211640038,1075.1342282103426,0.7370225694444444,118.73567655635094,0.015625,250.0
direct,random,300.0,1800.0,0.1,0.125,5.0,3.75,10.0,10.0,10,100.0,inf,cone,both,5000.0,10.0,0.01,30.0,0.01,256,20,3,0.5,0.1,0.99,10.0,256,20,0,128,2,4.9609375,3.7286728087553698,66.61487143939672,1182.4219654119065,0.7638888888888888,114.74911159936867,0.015625,250.0
direct,random,300.0,1800.0,0.1,0.125,5.0,4.5,10.0,10.0,10,100.0,inf,cone,both,5000.0,10.0,0.01,30.0,0.01,256,20,3,0.5,0.1,0.99,10.0,256,20,0,128,2,4.9609375,4.46695405875537,66.62294434480434,1227.1513192827576,0.7698350694444445,112.40962688342532,0.015625,250.0
direct,random,300.0,1800.0,0.1,0.125,5.0,5.0,10.0,10.0,10,100.0,inf,cone,both,5000.0,10.0,0.01,30.0,0.01,256,20,3,0.5,0.1,0.99,10.0,256,20,0,128,2,4.9609375,4.95914155875537,66.59721002535865,1254.2500498406253,0.7730902777777777,113.9334695835055,0.015625,250.0
direct,random,300.0,1800.0,0.1,0.125,5.0,5.5,10.0,10.0,10,100.0,inf,cone,both,5000.0,10.0,0.01,30.0,0.01,256,20,3,0.5,0.1,0.99,10.0,256,20,0,128,2,4.9609375,5.45132905875537,66.59111914458035,1301.8838304884016,0.7730902777777777,112.88794266740294,0.015625,250.0
direct,random,300.0,1800.0,0.1,0.125,5.0,6.25,10.0,10.0,10,100.0,inf,cone,both,5000.0,10.0,0.01,30.0,0.01,256,20,3,0.5,0.1,0.99,10.0,256,20,0,128,2,4.9609375,6.18961030875537,66.28884465957297,1330.895112639504,0.7700520833333333,117.61713468601268,0.015625,250.0
direct,random,300.0,1800.0,0.1,0.125,5.0,7.5,10.0,10.0,10,100.0,inf,cone,both,5000.0,10.0,0.01,30.0,0.01,256,20,3,0.5,0.1,0.99,10.0,256,20,0,128,2,4.9609375,7.42007905875537,66.41560975871249,1402.9295312503075,0.7654513888888889,125.89398031528192,0.015625,250.0
direct,random,300.0,1800.0,0.1,0.125,5.0,10.0,10.0,10.0,10,100.0,inf,cone,both,5000.0,10.0,0.01,30.0,0.01,256,20,3,0.5,0.1,0.99,10.0,256,20,0,128,2,4.9609375,9.88101655875537,66.41550173945953,1453.7431000591955,0.7692274305555555,123.94107487798634,0.015625,250.0
direct,random,300.0,1800.0,0.1,0.125,5.0,inf,10.0,10.0,10,100.0,inf,cone,both,5000.0,10.0,0.01,30.0,0.01,256,20,3,0.5,0.1,0.99,10.0,256,20,0,128,2,4.9609375,16.6273085705995,66.41550173945953,1480.4305601928438,0.7723524305555556,122.82799813794192,0.015625,250.0
direct,random,300.0,1800.0,0.1,0.15,5.0,1.25,10.0,10.0,10,100.0,inf,cone,both,5000.0,10.0,0.01,30.0,0.01,256,20,3,0.5,0.1,0.99,10.0,256,20,0,128,2,4.9578125,1.25,68.06645151508441,1040.0601664402948,0.7587239583333333,94.4815229012234,0.015625,230.0
direct,random,300.0,1800.0,0.1,0.15,5.0,2.5,10.0,10.0,10,100.0,inf,cone,both,5000.0,10.0,0.01,30.0,0.01,256,20,3,0.5,0.1,0.99,10.0,256,20,0,128,3,4.940625,2.5,73.10404272971903,1122.1245212360786,0.7306857638888888,140.45113282618993,0.0234375,250.0
direct,random,300.0,1800.0,0.1,0.15,5.0,3.75,10.0,10.0,10,100.0,inf,cone,both,5000.0,10.0,0.01,30.0,0.01,256,20,3,0.5,0.1,0.99,10.0,256,20,0,128,3,4.940625,3.7293921178807534,72.38406053117964,1221.5259904977208,0.7431423611111111,134.6800858262212,0.0234375,250.0
direct,random,300.0,1800.0,0.1,0.15,5.0,4.5,10.0,10.0,10,100.0,inf,cone,both,5000.0,10.0,0.01,30.0,0.01,256,20,3,0.5,0.1,0.99,10.0,256,20,0,128,3,4.940625,4.461813992880755,73.45605593388984,1303.2264812170706,0.7572048611111111,137.84102289475197,0.0234375,250.0
direct,random,300.0,1800.0,0.1,0.15,5.0,5.0,10.0,10.0,10,100.0,inf,cone,both,5000.0,10.0,0.01,30.0,0.01,256,20,3,0.5,0.1,0.99,10.0,256,20,0,128,3,4.940625,4.950095242880755,73.04466036792475,1343.5605545027563,0.7540364583333333,138.60888163088043,0.0234375,250.0
direct,random,300.0,1800.0,0.1,0.15,5.0,5.5,10.0,10.0,10,100.0,inf,cone,both,5000.0,10.0,0.01,30.0,0.01,256,20,3,0.5,0.1,0.99,10.0,256,20,0,128,3,4.940625,5.438376492880755,73.12956879112858,1366.292786513823,0.7622829861111111,137.39761027022575,0.0234375,250.0
direct,random,300.0,1800.0,0.1,0.15,5.0,6.25,10.0,10.0,10,100.0,inf,cone,both,5000.0,10.0,0.01,30.0,0.01,256,20,3,0.5,0.1,0.99,10.0,256,20,0,128,3,4.940625,6.170798367880755,72.98495615292376,1424.2859712458262,0.7602430555555556,140.53297303549624,0.0234375,250.0
direct,random,300.0,1800.0,0.1,0.15,5.0,7.5,10.0,10.0,10,100.0,inf,cone,both,5000.0,10.0,0.01,30.0,0.01,256,20,3,0.5,0.1,0.99,10.0,256,20,0,128,3,4.940625,7.391501492880755,72.86362970437658,1500.4548840129466,0.7587673611111111,143.75590658383496,0.0234375,250.0
direct,random,300.0,1800.0,0.1,0.15,5.0,10.0,10.0,10.0,10,100.0,inf,cone,both,5000.0,10.0,0.01,30.0,0.01,256,20,3,0.5,0.1,0.99,10.0,256,20,0,128,3,4.940625,9.832907742880757,72.70132879676467,1626.1080702980255,0.7557725694444445,155.20225763496742,0.0234375,250.0
direct,random,300.0,1800.0,0.1,0.15,5.0,inf,10.0,10.0,10,100.0,inf,cone,both,5000.0,10.0,0.01,30.0,0.01,256,20,3,0.5,0.1,0.99,10.0,256,20,0,128,3,4.940625,19.81233674232068,72.86377796505863,1678.4973215030263,0.7599826388888888,150.03701512738692,0.0234375,250.0
direct,random,300.0,1800.0,0.1,0.2,5.0,1.25,10.0,10.0,10,100.0,inf,cone,both,5000.0,10.0,0.01,30.0,0.01,256,20,3,0.5,0.1,0.99,10.0,256,20,0,128,2,4.9609375,1.25,73.84398859646194,1080.3904030855551,0.7590711805555556,109.28094917235248,0.015625,250.0
direct,random,300.0,1800.0,0.1,0.2,5.0,2.5,10.0,10.0,10,100.0,inf,cone,both,5000.0,10.0,0.01,30.0,0.01,256,20,3,0.5,0.1,0.99,10.0,256,20,0,128,2,4.9609375,2.5,84.61928362688353,1218.889371176024,0.7629774305555556,147.03701119124773,0.015625,250.0
direct,random,300.0,1800.0,0.1,0.2,5.0,3.75,10.0,10.0,10,100.0,inf,cone,both,5000.0,10.0,0.01,30.0,0.01,256,20,3,0.5,0.1,0.99,10.0,256,20,0,128,1,4.9796875,3.75,88.15701193689381,1366.8621372262164,0.7422743055555555,181.0484062263707,0.0078125,240.0
direct,random,300.0,1800.0,0.1,0.2,5.0,4.5,10.0,10.0,10,100.0,inf,cone,both,5000.0,10.0,0.01,30.0,0.01,256,20,3,0.5,0.1,0.99,10.0,256,20,0,128,1,4.9796875,4.494927579832415,87.3198998387659,1459.2282335220953,0.7519965277777778,183.2399235495909,0.0078125,240.0
direct,random,300.0,1800.0,0.1,0.2,5.0,5.0,10.0,10.0,10,100.0,inf,cone,both,5000.0,10.0,0.01,30.0,0.01,256,20,3,0.5,0.1,0.99,10.0,256,20,0,128,1,4.9796875,4.991021329832415,86.78414019403144,1479.697539176578,0.7498697916666667,176.9512066554857,0.0078125,240.0
direct,random,300.0,1800.0,0.1,0.2,5.0,5.5,10.0,10.0,10,100.0,inf,cone,both,5000.0,10.0,0.01,30.0,0.01,256,20,3,0.5,0.1,0.99,10.0,256,20,0,128,1,4.9796875,5.487115079832415,87.40416406125746,1559.1530522769606,0.7631944444444444,174.98018080172088,0.0078125,240.0
direct,random,300.0,1800.0,0.1,0.2,5.0,6.25,10.0,10.0,10,100.0,inf,cone,both,5000.0,10.0,0.01,30.0,0.01,256,20,3,0.5,0.1,0.99,10.0,256,20,0,128,1,4.9796875,6.231255704832415,87.10489176689771,1621.325046300387,0.7600694444444445,177.4712652193102,0.0078125,240.0
direct,random,300.0,1800.0,0.1,0.2,5.0,7.5,10.0,10.0,10,100.0,inf,cone,both,5000.0,10.0,0.01,30.0,0.01,256,20,3,0.5,0.1,0.99,10.0,256,20,0,128,1,4.9796875,7.471490079832415,87.06690063000957,1683.9286761168046,0.7641059027777778,180.97409831477543,0.0078125,240.0
direct,random,300.0,1800.0,0.1,0.2,5.0,10.0,10.0,10.0,10,100.0,inf,cone,both,5000.0,10.0,0.01,30.0,0.01,256,20,3,0.5,0.1,0.99,10.0,256,20,0,128,1,4.9796875,9.951958829832414,86.90761667933702,1883.1323286484164,0.7670138888888889,185.1774992979632,0.0078125,240.0
direct,random,300.0,1800.0,0.1,0.2,5.0,inf,10.0,10.0,10,100.0,inf,cone,both,5000.0,10.0,0.01,30.0,0.01,256,20,3,0.5,0.1,0.99,10.0,256,20,0,128,1,4.9796875,26.77683935391678,86.90761667933702,2138.2293428962757,0.7712239583333333,187.95727834746185,0.0078125,240.0
direct,transverse,300.0,1800.0,0.1,0.025,5.0,1.25,10.0,10.0,10,100.0,inf,cone,both,5000.0,10.0,0.01,30.0,0.01,256,20,3,0.5,0.1,0.99,10.0,256,20,0,128,13,4.73828125,1.1845703125,35.10072219029928,1218.597737060528,0.7950086805555555,91.2089291635763,0.1015625,240.0
direct,transverse,300.0,1800.0,0.1,0.025,5.0,2.5,10.0,10.0,10,100.0,inf,cone,both,5000.0,10.0,0.01,30.0,0.01,256,20,3,0.5,0.1,0.99,10.0,256,20,0,128,13,4.73828125,2.3076171875,35.10072219029928,1819.618267210716,0.802734375,121.65899663958147,0.1015625,240.0
direct,transverse,300.0,1800.0,0.1,0.025,5.0,3.75,10.0,10.0,10,100.0,inf,cone,both,5000.0,10.0,0.01,30.0,0.01,256,20,3,0.5,0.1,0.99,10.0,256,20,0,128,13,4.73828125,3.4306640625,35.10072219029928,2040.922020328107,0.802734375,128.44842213580313,0.1015625,240.0
direct,transverse,300.0,1800.0,0.1,0.025,5.0,4.5,10.0,10.0,10,100.0,inf,cone,both,5000.0,10.0,0.01,30.0,0.01,256,20,3,0.5,0.1,0.99,10.0,256,20,0,128,13,4.73828125,4.1044921874999964,35.10072219029928,2060.671042997507,0.802734375,129.53253850520727,0.1015625,240.0
direct,transverse,300.0,1800.0,0.1,0.025,5.0,5.0,10.0,10.0,10,100.0,inf,cone,both,5000.0,10.0,0.01,30.0,0.01,256,20,3,0.5,0.1,0.99,10.0,256,20,0,128,13,4.73828125,4.1044921874999964,35.10072219029928,2060.671042997507,0.802734375,129.53253850520727,0.1015625,240.0
direct,transverse,300.0,1800.0,0.1,0.025,5.0,5.5,10.0,10.0,10,100.0,inf,cone,both,5000.0,10.0,0.01,30.0,0.01,256,20,3,0.5,0.1,0.99,10.0,256,20,0,128,13,4.73828125,4.1044921874999964,35.10072219029928,2060.671042997507,0.802734375,129.53253850520727,0.1015625,240.0
direct,transverse,300.0,1800.0,0.1,0.025,5.0,6.25,10.0,10.0,10,100.0,inf,cone,both,5000.0,10.0,0.01,30.0,0.01,256,20,3,0.5,0.1,0.99,10.0,256,20,0,128,13,4.73828125,4.1044921874999964,35.10072219029928,2060.671042997507,0.802734375,129.53253850520727,0.1015625,240.0
direct,transverse,300.0,1800.0,0.1,0.025,5.0,7.5,10.0,10.0,10,100.0,inf,cone,both,5000.0,10.0,0.01,30.0,0.01,256,20,3,0.5,0.1,0.99,10.0,256,20,0,128,13,4.73828125,4.1044921874999964,35.10072219029928,2060.671042997507,0.802734375,129.53253850520727,0.1015625,240.0
direct,transverse,300.0,1800.0,0.1,0.025,5.0,10.0,10.0,10.0,10,100.0,inf,cone,both,5000.0,10.0,0.01,30.0,0.01,256,20,3,0.5,0.1,0.99,10.0,256,20,0,128,13,4.73828125,4.1044921874999964,35.10072219029928,2060.671042997507,0.802734375,129.53253850520727,0.1015625,240.0
direct,transverse,300.0,1800.0,0.1,0.025,5.0,inf,10.0,10.0,10,100.0,inf,cone,both,5000.0,10.0,0.01,30.0,0.01,256,20,3,0.5,0.1,0.99,10.0,256,20,0,128,13,4.73828125,4.1044921874999964,35.10072219029928,2060.671042997507,0.802734375,129.53253850520727,0.1015625,240.0
direct,transverse,300.0,1800.0,0.1,0.05,5.0,1.25,10.0,10.0,10,100.0,inf,cone,both,5000.0,10.0,0.01,30.0,0.01,256,20,3,0.5,0.1,0.99,10.0,256,20,0,128,0,5.0,1.25,80.78189267907845,1675.7941597823835,0.8006076388888889,162.93371028563493,0.0,
direct,transverse,300.0,1800.0,0.1,0.05,5.0,2.5,10.0,10.0,10,100.0,inf,cone,both,5000.0,10.0,0.01,30.0,0.01,256,20,3,0.5,0.1,0.99,10.0,256,20,0,128,0,5.0,2.5,80.7822528187158,2898.28671213745,0.830859375,168.27476293968087,0.0,
direct,transverse,300.0,1800.0,0.1,0.05,5.0,3.75,10.0,10.0,10,100.0,inf,cone,both,5000.0,10.0,0.01,30.0,0.01,256,20,3,0.5,0.1,0.99,10.0,256,20,0,128,0,5.0,3.75,80.7822528187158,3725.5893782037056,0.8077256944444444,224.70173374525265,0.0,
direct,transverse,300.0,1800.0,0.1,0.05,5.0,4.5,10.0,10.0,10,100.0,inf,cone,both,5000.0,10.0,0.01,30.0,0.01,256,20,3,0.5,0.1,0.99,10.0,256,20,0,128,0,5.0,4.5,80.7822528187158,4024.839378691996,0.8055989583333333,228.5510175138395,0.0,
direct,transverse,300.0,1800.0,0.1,0.05,5.0,5.0,10.0,10.0,10,100.0,inf,cone,both,5000.0,10.0,0.01,30.0,0.01,256,20,3,0.5,0.1,0.99,10.0,256,20,0,128,0,5.0,5.0,80.7822528187158,4180.759367656855,0.8048611111111111,230.30891393055217,0.0,
direct,transverse,300.0,1800.0,0.1,0.05,5.0,5.5,10.0,10.0,10,100.0,inf,cone,both,5000.0,10.0,0.01,30.0,0.01,256,20,3,0.5,0.1,0.99,10.0,256,20,0,128,0,5.0,5.5,80.7822528187158,4310.1951281298925,0.8036024305555556,233.13990648258016,0.0,
direct,transverse,300.0,1800.0,0.1,0.05,5.0,6.25,10.0,10.0,10,100.0,inf,cone,both,5000.0,10.0,0.01,30.0,0.01,256,20,3,0.5,0.1,0.99,10.0,256,20,0,128,0,5.0,6.25,80.7822528187158,4459.203626014048,0.8015190972222223,237.33099435448665,0.0,
direct,transverse,300.0,1800.0,0.1,0.05,5.0,7.5,10.0,10.0,10,100.0,inf,cone,both,5000.0,10.0,0.01,30.0,0.01,256,20,3,0.5,0.1,0.99,10.0,256,20,0,128,0,5.0,7.5,80.7822528187158,4601.738110469467,0.799609375,243.03983935139985,0.0,
direct,transverse,300.0,1800.0,0.1,0.05,5.0,10.0,10.0,10.0,10,100.0,inf,cone,both,5000.0,10.0,0.01,30.0,0.01,256,20,3,0.5,0.1,0.99,10.0,256,20,0,128,0,5.0,8.999999999999993,80.7822528187158,4642.006446746471,0.7992621527777778,246.2766192250129,0.0,
direct,transverse,300.0,1800.0,0.1,0.05,5.0,inf,10.0,10.0,10,100.0,inf,cone,both,5000.0,10.0,0.01,30.0,0.01,256,20,3,0.5,0.1,0.99,10.0,256,20,0,128,0,5.0,8.999999999999993,80.7822528187158,4642.006446746471,0.7992621527777778,246.2766192250129,0.0,
direct,transverse,300.0,1800.0,0.1,0.075,5.0,1.25,10.0,10.0,10,100.0,inf,cone,both,5000.0,10.0,0.01,30.0,0.01,256,20,3,0.5,0.1,0.99,10.0,256,20,0,128,0,5.0,1.25,117.4551460898923,1853.5362344578316,0.7872395833333333,210.41309107610184,0.0,
direct,transverse,300.0,1800.0,0.1,0.075,5.0,2.5,10.0,10.0,10,100.0,inf,cone,both,5000.0,10.0,0.01,30.0,0.01,256,20,3,0.5,0.1,0.99,10.0,256,20,0,128,0,5.0,2.5,125.83873976639896,3168.197857900253,0.8202256944444445,201.97762544137117,0.0,
direct,transverse,300.0,1800.0,0.1,0.075,5.0,3.75,10.0,10.0,10,100.0,inf,cone,both,5000.0,10.0,0.01,30.0,0.01,256,20,3,0.5,0.1,0.99,10.0,256,20,0,128,0,5.0,3.75,125.83873976639896,4488.10629452529,0.8023871527777777,290.9333626838172,0.0,
direct,transverse,300.0,1800.0,0.1,0.075,5.0,4.5,10.0,10.0,10,100.0,inf,cone,both,5000.0,10.0,0.01,30.0,0.01,256,20,3,0.5,0.1,0.99,10.0,256,20,0,128,0,5.0,4.5,125.83873976639896,5076.72460377319,0.7724826388888889,336.030978718067,0.0,
direct,transverse,300.0,1800.0,0.1,0.075,5.0,5.0,10.0,10.0,10,100.0,inf,cone,both,5000.0,10.0,0.01,30.0,0.01,256,20,3,0.5,0.1,0.99,10.0,256,20,0,128,0,5.0,5.0,125.83873976639896,5381.25444289682,0.7569010416666667,362.4765810651856,0.0,
direct,transverse,300.0,1800.0,0.1,0.075,5.0,5.5,10.0,10.0,10,100.0,inf,cone,both,5000.0,10.0,0.01,30.0,0.01,256,20,3,0.5,0.1,0.99,10.0,256,20,0,128,0,5.0,5.5,125.83873976639896,5633.952260443052,0.7475260416666667,359.0758363479476,0.0,
direct,transverse,300.0,1800.0,0.1,0.075,5.0,6.25,10.0,10.0,10,100.0,inf,cone,both,5000.0,10.0,0.01,30.0,0.01,256,20,3,0.5,0.1,0.99,10.0,256,20,0,128,0,5.0,6.25,125.83873976639896,5943.711477063452,0.7327690972222223,364.7893877218871,0.0,
direct,transverse,300.0,1800.0,0.1,0.075,5.0,7.5,10.0,10.0,10,100.0,inf,cone,both,5000.0,10.0,0.01,30.0,0.01,256,20,3,0.5,0.1,0.99,10.0,256,20,0,128,0,5.0,7.5,125.83873976639896,6337.9830688867205,0.7149739583333333,376.1077091366609,0.0,
direct,transverse,300.0,1800.0,0.1,0.075,5.0,10.0,10.0,10.0,10,100.0,inf,cone,both,5000.0,10.0,0.01,30.0,0.01,256,20,3,0.5,0.1,0.99,10.0,256,20,0,128,0,5.0,10.0,125.83873976639896,6822.482451641402,0.6936197916666667,397.725272991932,0.0,
direct,transverse,300.0,1800.0,0.1,0.075,5.0,inf,10.0,10.0,10,100.0,inf,cone,both,5000.0,10.0,0.01,30.0,0.01,256,20,3,0.5,0.1,0.99,10.0,256,20,0,128,0,5.0,13.49999999999996,125.83873976639896,6993.795245978367,0.6902777777777778,425.4646983722899,0.0,
direct,transverse,300.0,1800.0,0.1,0.09,5.0,1.25,10.0,10.0,10,100.0,inf,cone,both,5000.0,10.0,0.01,30.0,0.01,256,20,3,0.5,0.1,0.99,10.0,256,20,0,128,0,5.0,1.25,129.35204466529936,1946.9126088379712,0.7868489583333333,216.26751256375832,0.0,
direct,transverse,300.0,1800.0,0.1,0.09,5.0,2.5,10.0,10.0,10,100.0,inf,cone,both,5000.0,10.0,0.01,30.0,0.01,256,20,3,0.5,0.1,0.99,10.0,256,20,0,128,0,5.0,2.5,149.12557761593635,3167.1453230186744,0.8071614583333333,230.72948354183316,0.0,
direct,transverse,300.0,1800.0,0.1,0.09,5.0,3.75,10.0,10.0,10,100.0,inf,cone,both,5000.0,10.0,0.01,30.0,0.01,256,20,3,0.5,0.1,0.99,10.0,256,20,0,128,0,5.0,3.75,149.12557761593635,4657.9565489957085,0.8042100694444444,283.0118782621789,0.0,
direct,transverse,300.0,1800.0,0.1,0.09,5.0,4.5,10.0,10.0,10,100.0,inf,cone,both,5000.0,10.0,0.01,30.0,0.01,256,20,3,0.5,0.1,0.99,10.0,256,20,0,128,0,5.0,4.5,149.12557761593635,5404.447121053667,0.7646267361111111,359.0907462189808,0.0,
direct,transverse,300.0,1800.0,0.1,0.09,5.0,5.0,10.0,10.0,10,100.0,inf,cone,both,5000.0,10.0,0.01,30.0,0.01,256,20,3,0.5,0.1,0.99,10.0,256,20,0,128,0,5.0,5.0,149.12557761593635,5820.127086416662,0.7416232638888889,396.03203089119904,0.0,
direct,transverse,300.0,1800.0,0.1,0.09,5.0,5.5,10.0,10.0,10,100.0,inf,cone,both,5000.0,10.0,0.01,30.0,0.01,256,20,3,0.5,0.1,0.99,10.0,256,20,0,128,0,5.0,5.5,149.12557761593635,6172.76035090941,0.7221788194444444,427.65706000293727,0.0,
direct,transverse,300.0,1800.0,0.1,0.09,5.0,6.25,10.0,10.0,10,100.0,inf,cone,both,5000.0,10.0,0.01,30.0,0.01,256,20,3,0.5,0.1,0.99,10.0,256,20,0,128,0,5.0,6.25,149.12557761593635,6603.318499433481,0.7020833333333334,424.7881384023552,0.0,
direct,transverse,300.0,1800.0,0.1,0.09,5.0,7.5,10.0,10.0,10,100.0,inf,cone,both,5000.0,10.0,0.01,30.0,0.01,256,20,3,0.5,0.1,0.99,10.0,256,20,0,128,0,5.0,7.5,149.12557761593635,7142.504589506282,0.6723090277777778,437.3434050098616,0.0,
direct,transverse,300.0,1800.0,0.1,0.09,5.0,10.0,10.0,10.0,10,100.0,inf,cone,both,5000.0,10.0,0.01,30.0,0.01,256,20,3,0.5,0.1,0.99,10.0,256,20,0,128,0,5.0,10.0,149.12557761593635,7851.611197896255,0.6368923611111111,462.4300380771056,0.0,
direct,transverse,300.0,1800.0,0.1,0.09,5.0,inf,10.0,10.0,10,100.0,inf,cone,both,5000.0,10.0,0.01,30.0,0.01,256,20,3,0.5,0.1,0.99,10.0,256,20,0,128,0,5.0,16.19999999999998,149.12557761593635,8383.039573503886,0.6295138888888889,552.8548631848103,0.0,
direct,transverse,300.0,1800.0,0.1,0.1,5.0,1.25,10.0,10.0,10,100.0,inf,cone,both,5000.0,10.0,0.01,30.0,0.01,256,20,3,0.5,0.1,0.99,10.0,256,20,0,128,0,5.0,1.25,134.88325891865964,1995.491483468282,0.7866319444444444,219.6748092415912,0.0,
direct,transverse,300.0,1800.0,0.1,0.1,5.0,2.5,10.0,10.0,10,100.0,inf,cone,both,5000.0,10.0,0.01,30.0,0.01,256,20,3,0.5,0.1,0.99,10.0,256,20,0,128,0,5.0,2.5,162.9476371292456,3128.444817011068,0.7945746527777777,298.1862373821273,0.0,
direct,transverse,300.0,1800.0,0.1,0.1,5.0,3.75,10.0,10.0,10,100.0,inf,cone,both,5000.0,10.0,0.01,30.0,0.01,256,20,3,0.5,0.1,0.99,10.0,256,20,0,128,0,5.0,3.75,162.9476371292456,4729.747139845309,0.8010416666666667,307.0388735894926,0.0,
direct,transverse,300.0,1800.0,0.1,0.1,5.0,4.5,10.0,10.0,10,100.0,inf,cone,both,5000.0,10.0,0.01,30.0,0.01,256,20,3,0.5,0.1,0.99,10.0,256,20,0,128,0,5.0,4.5,162.9476371292456,5555.909792102726,0.7580729166666667,403.8951346950308,0.0,
direct,transverse,300.0,1800.0,0.1,0.1,5.0,5.0,10.0,10.0,10,100.0,inf,cone,both,5000.0,10.0,0.01,30.0,0.01,256,20,3,0.5,0.1,0.99,10.0,256,20,0,128,0,5.0,5.0,162.9476371292456,6039.504144034609,0.7338975694444444,422.676721549802,0.0,
direct,transverse,300.0,1800.0,0.1,0.1,5.0,5.5,10.0,10.0,10,100.0,inf,cone,both,5000.0,10.0,0.01,30.0,0.01,256,20,3,0.5,0.1,0.99,10.0,256,20,0,128,0,5.0,5.5,162.9476371292456,6463.011793565031,0.7120225694444444,446.0938490085992,0.0,
direct,transverse,300.0,1800.0,0.1,0.1,5.0,6.25,10.0,10.0,10,100.0,inf,cone,both,5000.0,10.0,0.01,30.0,0.01,256,20,3,0.5,0.1,0.99,10.0,256,20,0,128,0,5.0,6.25,162.9476371292456,6991.038386496754,0.6855902777777778,469.2124214545847,0.0,
direct,transverse,300.0,1800.0,0.1,0.1,5.0,7.5,10.0,10.0,10,100.0,inf,cone,both,5000.0,10.0,0.01,30.0,0.01,256,20,3,0.5,0.1,0.99,10.0,256,20,0,128,0,5.0,7.5,162.9476371292456,7653.807519131831,0.6495659722222222,481.7956423354252,0.0,
direct,transverse,300.0,1800.0,0.1,0.1,5.0,10.0,10.0,10.0,10,100.0,inf,cone,both,5000.0,10.0,0.01,30.0,0.01,256,20,3,0.5,0.1,0.99,10.0,256,20,0,128,0,5.0,10.0,162.9476371292456,8511.11614031474,0.6065972222222222,509.0989760461139,0.0,
direct,transverse,300.0,1800.0,0.1,0.1,5.0,inf,10.0,10.0,10,100.0,inf,cone,both,5000.0,10.0,0.01,30.0,0.01,256,20,3,0.5,0.1,0.99,10.0,256,20,0,128,0,5.0,17.999999999999986,162.9476371292456,9351.11710820521,0.5957465277777778,657.668060711899,0.0,
direct,transverse,300.0,1800.0,0.1,0.11,5.0,1.25,10.0,10.0,10,100.0,inf,cone,both,5000.0,10.0,0.01,30.0,0.01,256,20,3,0.5,0.1,0.99,10.0,256,20,0,128,0,5.0,1.25,139.2438836177002,2033.3131428079384,0.7865451388888889,221.62873847050585,0.0,
direct,transverse,300.0,1800.0,0.1,0.11,5.0,2.5,10.0,10.0,10,100.0,inf,cone,both,5000.0,10.0,0.01,30.0,0.01,256,20,3,0.5,0.1,0.99,10.0,256,20,0,128,0,5.0,2.5,175.35911500034675,3078.9813754774405,0.7855034722222222,336.60252684372824,0.0,
direct,transverse,300.0,1800.0,0.1,0.11,5.0,3.75,10.0,10.0,10,100.0,inf,cone,both,5000.0,10.0,0.01,30.0,0.01,256,20,3,0.5,0.1,0.99,10.0,256,20,0,128,0,5.0,3.75,175.35928214644142,4752.2297801799805,0.797265625,332.4417505553103,0.0,
direct,transverse,300.0,1800.0,0.1,0.11,5.0,4.5,10.0,10.0,10,100.0,inf,cone,both,5000.0,10.0,0.01,30.0,0.01,256,20,3,0.5,0.1,0.99,10.0,256,20,0,128,0,5.0,4.5,175.35928214644142,5629.389428381347,0.7595052083333333,399.3055930067657,0.0,
direct,transverse,300.0,1800.0,0.1,0.11,5.0,5.0,10.0,10.0,10,100.0,inf,cone,both,5000.0,10.0,0.01,30.0,0.01,256,20,3,0.5,0.1,0.99,10.0,256,20,0,128,0,5.0,5.0,175.35928214644142,6157.093645755937,0.7334635416666667,441.3236948217422,0.0,
direct,transverse,300.0,1800.0,0.1,0.11,5.0,5.5,10.0,10.0,10,100.0,inf,cone,both,5000.0,10.0,0.01,30.0,0.01,256,20,3,0.5,0.1,0.99,10.0,256,20,0,128,0,5.0,5.5,175.35928214644142,6635.165933890574,0.7089409722222222,459.8741427393771,0.0,
direct,transverse,300.0,1800.0,0.1,0.11,5.0,6.25,10.0,10.0,10,100.0,inf,cone,both,5000.0,10.0,0.01,30.0,0.01,256,20,3,0.5,0.1,0.99,10.0,256,20,0,128,0,5.0,6.25,175.35928214644142,7251.146796688175,0.6720052083333333,533.9128412974791,0.0,
direct,transverse,300.0,1800.0,0.1,0.11,5.0,7.5,10.0,10.0,10,100.0,inf,cone,both,5000.0,10.0,0.01,30.0,0.01,256,20,3,0.5,0.1,0.99,10.0,256,20,0,128,0,5.0,7.5,175.35928214644142,8042.222559150833,0.62890625,535.3415414999306,0.0,
direct,transverse,300.0,1800.0,0.1,0.11,5.0,10.0,10.0,10.0,10,100.0,inf,cone,both,5000.0,10.0,0.01,30.0,0.01,256,20,3,0.5,0.1,0.99,10.0,256,20,0,128,0,5.0,10.0,175.35928214644142,9066.82564019052,0.5803819444444445,570.5458882678034,0.0,
direct,transverse,300.0,1800.0,0.1,0.11,5.0,inf,10.0,10.0,10,100.0,inf,cone,both,5000.0,10.0,0.01,30.0,0.01,256,20,3,0.5,0.1,0.99,10.0,256,20,0,128,0,5.0,19.79999999999995,175.35928214644142,10271.754664241756,0.5660590277777777,790.0679382951706,0.0,
direct,transverse,300.0,1800.0,0.1,0.125,5.0,1.25,10.0,10.0,10,100.0,inf,cone,both,5000.0,10.0,0.01,30.0,0.01,256,20,3,0.5,0.1,0.99,10.0,256,20,0,128,0,5.0,1.25,144.28282044384258,2078.6427572957487,0.786328125,224.434627298993,0.0,
direct,transverse,300.0,1800.0,0.1,0.125,5.0,2.5,10.0,10.0,10,100.0,inf,cone,both,5000.0,10.0,0.01,30.0,0.01,256,20,3,0.5,0.1,0.99,10.0,256,20,0,128,0,5.0,2.5,191.70342384645272,3023.5348661123758,0.781640625,374.5154091205248,0.0,
direct,transverse,300.0,1800.0,0.1,0.125,5.0,3.75,10.0,10.0,10,100.0,inf,cone,both,5000.0,10.0,0.01,30.0,0.01,256,20,3,0.5,0.1,0.99,10.0,256,20,0,128,0,5.0,3.75,191.70703229503587,4757.809209421569,0.7902777777777777,392.35233620779456,0.0,
direct,transverse,300.0,1800.0,0.1,0.125,5.0,4.5,10.0,10.0,10,100.0,inf,cone,both,5000.0,10.0,0.01,30.0,0.01,256,20,3,0.5,0.1,0.99,10.0,256,20,0,128,0,5.0,4.5,191.70703229503587,5705.690016971203,0.7657118055555555,352.27728506636214,0.0,
direct,transverse,300.0,1800.0,0.1,0.125,5.0,5.0,10.0,10.0,10,100.0,inf,cone,both,5000.0,10.0,0.01,30.0,0.01,256,20,3,0.5,0.1,0.99,10.0,256,20,0,128,0,5.0,5.0,191.70703229503587,6282.089908798838,0.7340277777777777,455.3330132094301,0.0,
direct,transverse,300.0,1800.0,0.1,0.125,5.0,5.5,10.0,10.0,10,100.0,inf,cone,both,5000.0,10.0,0.01,30.0,0.01,256,20,3,0.5,0.1,0.99,10.0,256,20,0,128,0,5.0,5.5,191.70703229503587,6817.443578208611,0.7059895833333333,493.7124293175812,0.0,
direct,transverse,300.0,1800.0,0.1,0.125,5.0,6.25,10.0,10.0,10,100.0,inf,cone,both,5000.0,10.0,0.01,30.0,0.01,256,20,3,0.5,0.1,0.99,10.0,256,20,0,128,0,5.0,6.25,191.70703229503587,7538.659521165451,0.6668402777777778,558.2501201778052,0.0,
direct,transverse,300.0,1800.0,0.1,0.125,5.0,7.5,10.0,10.0,10,100.0,inf,cone,both,5000.0,10.0,0.01,30.0,0.01,256,20,3,0.5,0.1,0.99,10.0,256,20,0,128,0,5.0,7.5,191.70703229503587,8514.67740913746,0.6155381944444445,595.3213780978475,0.0,
direct,transverse,300.0,1800.0,0.1,0.125,5.0,10.0,10.0,10.0,10,100.0,inf,cone,both,5000.0,10.0,0.01,30.0,0.01,256,20,3,0.5,0.1,0.99,10.0,256,20,0,128,0,5.0,10.0,191.70703229503587,9808.6825992267,0.554296875,629.4189474131028,0.0,
direct,transverse,300.0,1800.0,0.1,0.125,5.0,inf,10.0,10.0,10,100.0,inf,cone,both,5000.0,10.0,0.01,30.0,0.01,256,20,3,0.5,0.1,0.99,10.0,256,20,0,128,0,5.0,22.5,191.70703229503587,11637.594143087808,0.5326388888888889,972.2215171486184,0.0,
direct,transverse,300.0,1800.0,0.1,0.15,5.0,1.25,10.0,10.0,10,100.0,inf,cone,both,5000.0,10.0,0.01,30.0,0.01,256,20,3,0.5,0.1,0.99,10.0,256,20,0,128,0,5.0,1.25,149.886103483302,2131.395856386276,0.7861545138888889,227.27765501973863,0.0,
direct,transverse,300.0,1800.0,0.1,0.15,5.0,2.5,10.0,10.0,10,100.0,inf,cone,both,5000.0,10.0,0.01,30.0,0.01,256,20,3,0.5,0.1,0.99,10.0,256,20,0,128,0,5.0,2.5,213.4545602517109,2986.645519225647,0.7763888888888889,424.1082518628515,0.0,
direct,transverse,300.0,1800.0,0.1,0.15,5.0,3.75,10.0,10.0,10,100.0,inf,cone,both,5000.0,10.0,0.01,30.0,0.01,256,20,3,0.5,0.1,0.99,10.0,256,20,0,128,0,5.0,3.75,213.54879430298183,4694.602517450679,0.7832465277777778,411.3317329942161,0.0,
direct,transverse,300.0,1800.0,0.1,0.15,5.0,4.5,10.0,10.0,10,100.0,inf,cone,both,5000.0,10.0,0.01,30.0,0.01,256,20,3,0.5,0.1,0.99,10.0,256,20,0,128,0,5.0,4.5,213.54879430298183,5746.664452367252,0.7644097222222223,422.113450029502,0.0,
direct,transverse,300.0,1800.0,0.1,0.15,5.0,5.0,10.0,10.0,10,100.0,inf,cone,both,5000.0,10.0,0.01,30.0,0.01,256,20,3,0.5,0.1,0.99,10.0,256,20,0,128,0,5.0,5.0,213.54879430298183,6383.698567847682,0.7399739583333333,410.8163760086528,0.0,
direct,transverse,300.0,1800.0,0.1,0.15,5.0,5.5,10.0,10.0,10,100.0,inf,cone,both,5000.0,10.0,0.01,30.0,0.01,256,20,3,0.5,0.1,0.99,10.0,256,20,0,128,0,5.0,5.5,213.54879430298183,6980.008452265148,0.7091579861111111,527.8302485013562,0.0,
direct,transverse,300.0,1800.0,0.1,0.15,5.0,6.25,10.0,10.0,10,100.0,inf,cone,both,5000.0,10.0,0.01,30.0,0.01,256,20,3,0.5,0.1,0.99,10.0,256,20,0,128,0,5.0,6.25,213.54879430298183,7807.935379098386,0.6712673611111111,589.2814047912698,0.0,
direct,transverse,300.0,1800.0,0.1,0.15,5.0,7.5,10.0,10.0,10,100.0,inf,cone,both,5000.0,10.0,0.01,30.0,0.01,256,20,3,0.5,0.1,0.99,10.0,256,20,0,128,0,5.0,7.5,213.54879430298183,9019.861967631809,0.6065972222222222,703.6536720892273,0.0,
direct,transverse,300.0,1800.0,0.1,0.15,5.0,10.0,10.0,10.0,10,100.0,inf,cone,both,5000.0,10.0,0.01,30.0,0.01,256,20,3,0.5,0.1,0.99,10.0,256,20,0,128,0,5.0,10.0,213.54879430298183,10793.41987619854,0.5232638888888889,759.4203629850731,0.0,
direct,transverse,300.0,1800.0,0.1,0.15,5.0,inf,10.0,10.0,10,100.0,inf,cone,both,5000.0,10.0,0.01,30.0,0.01,256,20,3,0.5,0.1,0.99,10.0,256,20,0,128,0,5.0,26.99999999999992,213.54879430298183,13915.684489869072,0.4871961805555556,1352.293428258473,0.0,
direct,transverse,300.0,1800.0,0.1,0.2,5.0,1.25,10.0,10.0,10,100.0,inf,cone,both,5000.0,10.0,0.01,30.0,0.01,256,20,3,0.5,0.1,0.99,10.0,256,20,0,128,0,5.0,1.25,156.29535772163803,2194.553601675628,0.7860677083333333,230.7627543624277,0.0,
direct,transverse,300.0,1800.0,0.1,0.2,5.0,2.5,10.0,10.0,10,100.0,inf,cone,both,5000.0,10.0,0.01,30.0,0.01,256,20,3,0.5,0.1,0.99,10.0,256,20,0,128,0,5.0,2.5,241.85003671708904,3025.3603754357923,0.7744791666666667,453.20744871848814,0.0,
direct,transverse,300.0,1800.0,0.1,0.2,5.0,3.75,10.0,10.0,10,100.0,inf,cone,both,5000.0,10.0,0.01,30.0,0.01,256,20,3,0.5,0.1,0.99,10.0,256,20,0,128,0,5.0,3.75,242.6476681610661,4499.802521313851,0.77890625,577.570853859709,0.0,
direct,transverse,300.0,1800.0,0.1,0.2,5.0,4.5,10.0,10.0,10,100.0,inf,cone,both,5000.0,10.0,0.01,30.0,0.01,256,20,3,0.5,0.1,0.99,10.0,256,20,0,128,0,5.0,4.5,242.6476681610661,5713.895703028338,0.761328125,651.9461859168094,0.0,
direct,transverse,300.0,1800.0,0.1,0.2,5.0,5.0,10.0,10.0,10,100.0,inf,cone,both,5000.0,10.0,0.01,30.0,0.01,256,20,3,0.5,0.1,0.99,10.0,256,20,0,128,0,5.0,5.0,242.6476681610661,6465.913240331812,0.7361545138888889,643.463407045642,0.0,
direct,transverse,300.0,1800.0,0.1,0.2,5.0,5.5,10.0,10.0,10,100.0,inf,cone,both,5000.0,10.0,0.01,30.0,0.01,256,20,3,0.5,0.1,0.99,10.0,256,20,0,128,0,5.0,5.5,242.6476681610661,7159.490836701511,0.7088107638888889,635.9167181655363,0.0,
direct,transverse,300.0,1800.0,0.1,0.2,5.0,6.25,10.0,10.0,10,100.0,inf,cone,both,5000.0,10.0,0.01,30.0,0.01,256,20,3,0.5,0.1,0.99,10.0,256,20,0,128,0,5.0,6.25,242.6476681610661,8120.988802741394,0.6665798611111111,666.6839802858593,0.0,
direct,transverse,300.0,1800.0,0.1,0.2,5.0,7.5,10.0,10.0,10,100.0,inf,cone,both,5000.0,10.0,0.01,30.0,0.01,256,20,3,0.5,0.1,0.99,10.0,256,20,0,128,0,5.0,7.5,242.6476681610661,9558.006590031684,0.5986979166666667,871.6225413906201,0.0,
direct,transverse,300.0,1800.0,0.1,0.2,5.0,10.0,10.0,10.0,10,100.0,inf,cone,both,5000.0,10.0,0.01,30.0,0.01,256,20,3,0.5,0.1,0.99,10.0,256,20,0,128,0,5.0,10.0,242.6476681610661,11991.350649988668,0.4921006944444444,960.4049562737664,0.0,
direct,transverse,300.0,1800.0,0.1,0.2,5.0,inf,10.0,10.0,10,100.0,inf,cone,both,5000.0,10.0,0.01,30.0,0.01,256,20,3,0.5,0.1,0.99,10.0,256,20,0,128,0,5.0,35.99999999999997,242.6476681610661,18430.49244442436,0.4251736111111111,2201.973106426858,0.0,
hcw,flee,300.0,1800.0,0.1,0.025,5.0,1.25,10.0,10.0,10,100.0,inf,cone,both,5000.0,10.0,0.01,30.0,0.01,256,20,3,0.5,0.1,0.99,10.0,256,20,0,128,89,3.633302562872602,1.25,54.3179480934763,657.1222202380247,0.7115451388888889,253.455810670364,0.6953125,510.0
hcw,flee,300.0,1800.0,0.1,0.025,5.0,2.5,10.0,10.0,10,100.0,inf,cone,both,5000.0,10.0,0.01,30.0,0.01,256,20,3,0.5,0.1,0.99,10.0,256,20,0,128,89,3.628246822695309,1.6429687499999996,54.401191127040576,1055.964581186042,0.7116319444444444,358.25472486192285,0.6953125,510.0
hcw,flee,300.0,1800.0,0.1,0.025,5.0,3.75,10.0,10.0,10,100.0,inf,cone,both,5000.0,10.0,0.01,30.0,0.01,256,20,3,0.5,0.1,0.99,10.0,256,20,0,128,89,3.622767963413119,2.023828125,54.401191127040576,1266.0429416818663,0.7103732638888889,389.4584302322214,0.6953125,510.0
hcw,flee,300.0,1800.0,0.1,0.025,5.0,4.5,10.0,10.0,10,100.0,inf,cone,both,5000.0,10.0,0.01,30.0,0.01,256,20,3,0.5,0.1,0.99,10.0,256,20,0,128,89,3.622767963413119,2.2523437499999988,54.401191127040576,1301.304023585717,0.7103298611111111,391.0769522007067,0.6953125,510.0
hcw,flee,300.0,1800.0,0.1,0.025,5.0,5.0,10.0,10.0,10,100.0,inf,cone,both,5000.0,10.0,0.01,30.0,0.01,256,20,3,0.5,0.1,0.99,10.0,256,20,0,128,89,3.622767963413119,2.2523437499999988,54.401191127040576,1301.304023585717,0.7103298611111111,391.0769522007067,0.6953125,510.0
hcw,flee,300.0,1800.0,0.1,0.025,5.0,5.5,10.0,10.0,10,100.0,inf,cone,both,5000.0,10.0,0.01,30.0,0.01,256,20,3,0.5,0.1,0.99,10.0,256,20,0,128,89,3.622767963413119,2.2523437499999988,54.401191127040576,1301.304023585717,0.7103298611111111,391.0769522007067,0.6953125,510.0
hcw,flee,300.0,1800.0,0.1,0.025,5.0,6.25,10.0,10.0,10,100.0,inf,cone,both,5000.0,10.0,0.01,30.0,0.01,256,20,3,0.5,0.1,0.99,10.0,256,20,0,128,89,3.622767963413119,2.2523437499999988,54.401191127040576,1301.304023585717,0.7103298611111111,391.0769522007067,0.6953125,510.0
hcw,flee,300.0,1800.0,0.1,0.025,5.0,7.5,10.0,10.0,10,100.0,inf,cone,both,5000.0,10.0,0.01,30.0,0.01,256,20,3,0.5,0.1,0.99,10.0,256,20,0,128,89,3.622767963413119,2.2523437499999988,54.401191127040576,1301.304023585717,0.7103298611111111,391.0769522007067,0.6953125,510.0
hcw,flee,300.0,1800.0,0.1,0.025,5.0,10.0,10.0,10.0,10,100.0,inf,cone,both,5000.0,10.0,0.01,30.0,0.01,256,20,3,0.5,0.1,0.99,10.0,256,20,0,128,89,3.622767963413119,2.2523437499999988,54.401191127040576,1301.304023585717,0.7103298611111111,391.0769522007067,0.6953125,510.0
hcw,flee,300.0,1800.0,0.1,0.025,5.0,inf,10.0,10.0,10,100.0,inf,cone,both,5000.0,10.0,0.01,30.0,0.01,256,20,3,0.5,0.1,0.99,10.0,256,20,0,128,89,3.622767963413119,2.2523437499999988,54.401191127040576,1301.304023585717,0.7103298611111111,391.0769522007067,0.6953125,510.0
hcw,flee,300.0,1800.0,0.1,0.05,5.0,1.25,10.0,10.0,10,100.0,inf,cone,both,5000.0,10.0,0.01,30.0,0.01,256,20,3,0.5,0.1,0.99,10.0,256,20,0,128,89,4.200997400725647,1.25,74.31869531941922,740.2883761671519,0.7213975694444444,285.42861702855583,0.6953125,500.0
hcw,flee,300.0,1800.0,0.1,0.05,5.0,2.5,10.0,10.0,10,100.0,inf,cone,both,5000.0,10.0,0.01,30.0,0.01,256,20,3,0.5,0.1,0.99,10.0,256,20,0,128,89,4.32636709287324,2.5,74.39456692435985,1338.796699311009,0.7171006944444445,478.4886201183647,0.6953125,560.0
hcw,flee,300.0,1800.0,0.1,0.05,5.0,3.75,10.0,10.0,10,100.0,inf,cone,both,5000.0,10.0,0.01,30.0,0.01,256,20,3,0.5,0.1,0.99,10.0,256,20,0,128,71,4.498590532248739,3.3289062499999984,74.61603072401978,1935.552323224076,0.7130208333333333,629.3884075647404,0.5546875,600.0
hcw,flee,300.0,1800.0,0.1,0.05,5.0,4.5,10.0,10.0,10,100.0,inf,cone,both,5000.0,10.0,0.01,30.0,0.01,256,20,3,0.5,0.1,0.99,10.0,256,20,0,128,71,4.498590532248739,3.6628906249999984,74.61603072401978,2263.7650763606653,0.7093315972222223,683.1483319651637,0.5546875,600.0
hcw,flee,300.0,1800.0,0.1,0.05,5.0,5.0,10.0,10.0,10,100.0,inf,cone,both,5000.0,10.0,0.01,30.0,0.01,256,20,3,0.5,0.1,0.99,10.0,256,20,0,128,71,4.498590532248739,3.8855468749999984,74.61603072401978,2453.208766208603,0.7069444444444445,710.5246993657851,0.5546875,600.0
hcw,flee,300.0,1800.0,0.1,0.05,5.0,5.5,10.0,10.0,10,100.0,inf,cone,both,5000.0,10.0,0.01,30.0,0.01,256,20,3,0.5,0.1,0.99,10.0,256,20,0,128,71,4.473535577294941,4.108203124999998,74.61603072401978,2626.660364540999,0.7056423611111111,750.6530693075982,0.5546875,600.0
hcw,flee,300.0,1800.0,0.1,0.05,5.0,6.25,10.0,10.0,10,100.0,inf,cone,both,5000.0,10.0,0.01,30.0,0.01,256,20,3,0.5,0.1,0.99,10.0,256,20,0,128,71,4.473535577294941,4.442187499999998,74.61603072401978,2834.786734105167,0.7045138888888889,772.9599979025169,0.5546875,600.0
hcw,flee,300.0,1800.0,0.1,0.05,5.0,7.5,10.0,10.0,10,100.0,inf,cone,both,5000.0,10.0,0.01,30.0,0.01,256,20,3,0.5,0.1,0.99,10.0,256,20,0,128,71,4.473535577294941,4.998828124999998,74.61603072401978,3072.3548669056577,0.7039496527777778,791.1799734148342,0.5546875,600.0
hcw,flee,300.0,1800.0,0.1,0.05,5.0,10.0,10.0,10.0,10,100.0,inf,cone,both,5000.0,10.0,0.01,30.0,0.01,256,20,3,0.5,0.1,0.99,10.0,256,20,0,128,71,4.473535577294941,5.666796874999996,74.61603072401978,3175.6824658874257,0.70390625,795.2335732902527,0.5546875,600.0
hcw,flee,300.0,1800.0,0.1,0.05,5.0,inf,10.0,10.0,10,100.0,inf,cone,both,5000.0,10.0,0.01,30.0,0.01,256,20,3,0.5,0.1,0.99,10.0,256,20,0,128,71,4.473535577294941,5.666796874999996,74.61603072401978,3175.6824658874257,0.70390625,795.2335732902527,0.5546875,600.0
hcw,flee,300.0,1800.0,0.1,0.075,5.0,1.25,10.0,10.0,10,100.0,inf,cone,both,5000.0,10.0,0.01,30.0,0.01,256,20,3,0.5,0.1,0.99,10.0,256,20,0,128,89,4.457735849042676,1.25,88.21958344209172,735.9027917993238,0.7374565972222222,277.4656633940421,0.6953125,510.0
hcw,flee,300.0,1800.0,0.1,0.075,5.0,2.5,10.0,10.0,10,100.0,inf,cone,both,5000.0,10.0,0.01,30.0,0.01,256,20,3,0.5,0.1,0.99,10.0,256,20,0,128,89,4.615056857708903,2.5,88.45695911434609,1447.5337073617484,0.7238715277777777,513.0133347584218,0.6953125,570.0
hcw,flee,300.0,1800.0,0.1,0.075,5.0,3.75,10.0,10.0,10,100.0,inf,cone,both,5000.0,10.0,0.01,30.0,0.01,256,20,3,0.5,0.1,0.99,10.0,256,20,0,128,89,4.587791060443527,3.75,88.23935705362302,2036.8399500257492,0.7171875,714.0361965797822,0.6953125,590.0
hcw,flee,300.0,1800.0,0.1,0.075,5.0,4.5,10.0,10.0,10,100.0,inf,cone,both,5000.0,10.0,0.01,30.0,0.01,256,20,3,0.5,0.1,0.99,10.0,256,20,0,128,0,4.590134810291085,4.5,107.50012365045376,2634.6901729486285,0.7111979166666667,800.1062112840167,0.0,
hcw,flee,300.0,1800.0,0.1,0.075,5.0,5.0,10.0,10.0,10,100.0,inf,cone,both,5000.0,10.0,0.01,30.0,0.01,256,20,3,0.5,0.1,0.99,10.0,256,20,0,128,0,4.574085629949641,5.0,107.52025961054947,3271.40042908966,0.7079427083333333,868.2607291547846,0.0,
hcw,flee,300.0,1800.0,0.1,0.075,5.0,5.5,10.0,10.0,10,100.0,inf,cone,both,5000.0,10.0,0.01,30.0,0.01,256,20,3,0.5,0.1,0.99,10.0,256,20,0,128,0,4.561348021629319,5.5,107.52025961054947,3868.326140828299,0.7051215277777778,934.2706165329988,0.0,
hcw,flee,300.0,1800.0,0.1,0.075,5.0,6.25,10.0,10.0,10,100.0,inf,cone,both,5000.0,10.0,0.01,30.0,0.01,256,20,3,0.5,0.1,0.99,10.0,256,20,0,128,0,4.546918345762292,6.25,107.52025961054947,4681.118408451112,0.703125,1011.0563637126872,0.0,
hcw,flee,300.0,1800.0,0.1,0.075,5.0,7.5,10.0,10.0,10,100.0,inf,cone,both,5000.0,10.0,0.01,30.0,0.01,256,20,3,0.5,0.1,0.99,10.0,256,20,0,128,0,4.519271348539827,7.5,107.52025961054947,5839.96596230762,0.7016927083333333,1122.3744895919974,0.0,
hcw,flee,300.0,1800.0,0.1,0.075,5.0,10.0,10.0,10.0,10,100.0,inf,cone,both,5000.0,10.0,0.01,30.0,0.01,256,20,3,0.5,0.1,0.99,10.0,256,20,0,128,0,4.519271348539827,10.0,107.52025961054947,7452.3533643949395,0.6816840277777778,1206.9136975217264,0.0,
hcw,flee,300.0,1800.0,0.1,0.075,5.0,inf,10.0,10.0,10,100.0,inf,cone,both,5000.0,10.0,0.01,30.0,0.01,256,20,3,0.5,0.1,0.99,10.0,256,20,0,128,0,4.519271348539827,13.49999999999996,107.52025961054947,8287.098551639687,0.6641059027777778,1234.4279849262498,0.0,
hcw,flee,300.0,1800.0,0.1,0.09,5.0,1.25,10.0,10.0,10,100.0,inf,cone,both,5000.0,10.0,0.01,30.0,0.01,256,20,3,0.5,0.1,0.99,10.0,256,20,0,128,89,4.48664108860017,1.25,93.35267521652231,733.2790179595526,0.7416232638888889,275.8180236059044,0.6953125,500.0
hcw,flee,300.0,1800.0,0.1,0.09,5.0,2.5,10.0,10.0,10,100.0,inf,cone,both,5000.0,10.0,0.01,30.0,0.01,256,20,3,0.5,0.1,0.99,10.0,256,20,0,128,89,4.617151873835416,2.5,93.83418791713522,1475.6150761723786,0.73125,522.753016191357,0.6953125,550.0
hcw,flee,300.0,1800.0,0.1,0.09,5.0,3.75,10.0,10.0,10,100.0,inf,cone,both,5000.0,10.0,0.01,30.0,0.01,256,20,3,0.5,0.1,0.99,10.0,256,20,0,128,50,4.604024738736539,3.75,99.21769177289164,2441.2943361260445,0.7231770833333333,729.2452389280293,0.390625,600.0
hcw,flee,300.0,1800.0,0.1,0.09,5.0,4.5,10.0,10.0,10,100.0,inf,cone,both,5000.0,10.0,0.01,30.0,0.01,256,20,3,0.5,0.1,0.99,10.0,256,20,0,128,18,4.594225557877,4.5,140.91822561787671,2721.2237734932787,0.7163194444444444,843.1216145221866,0.140625,750.0
hcw,flee,300.0,1800.0,0.1,0.09,5.0,5.0,10.0,10.0,10,100.0,inf,cone,both,5000.0,10.0,0.01,30.0,0.01,256,20,3,0.5,0.1,0.99,10.0,256,20,0,128,0,4.585631808604584,5.0,197.59965528337148,2997.7302986907184,0.7125434027777777,903.9095598683964,0.0,
hcw,flee,300.0,1800.0,0.1,0.09,5.0,5.5,10.0,10.0,10,100.0,inf,cone,both,5000.0,10.0,0.01,30.0,0.01,256,20,3,0.5,0.1,0.99,10.0,256,20,0,128,0,4.585631808604584,5.5,215.1951680511428,3620.0053478572167,0.709765625,958.8659626510574,0.0,
hcw,flee,300.0,1800.0,0.1,0.09,5.0,6.25,10.0,10.0,10,100.0,inf,cone,both,5000.0,10.0,0.01,30.0,0.01,256,20,3,0.5,0.1,0.99,10.0,256,20,0,128,0,4.556467159897212,6.25,215.1951680511428,4555.478280706468,0.7069010416666667,1067.8725742859287,0.0,
hcw,flee,300.0,1800.0,0.1,0.09,5.0,7.5,10.0,10.0,10,100.0,inf,cone,both,5000.0,10.0,0.01,30.0,0.01,256,20,3,0.5,0.1,0.99,10.0,256,20,0,128,0,4.543555135515091,7.5,215.1951680511428,5929.085238186543,0.704296875,1190.9006703143602,0.0,
hcw,flee,300.0,1800.0,0.1,0.09,5.0,10.0,10.0,10.0,10,100.0,inf,cone,both,5000.0,10.0,0.01,30.0,0.01,256,20,3,0.5,0.1,0.99,10.0,256,20,0,128,0,4.543555135515091,10.0,215.1951680511428,8053.831273963153,0.6670138888888889,1325.775153813966,0.0,
hcw,flee,300.0,1800.0,0.1,0.09,5.0,inf,10.0,10.0,10,100.0,inf,cone,both,5000.0,10.0,0.01,30.0,0.01,256,20,3,0.5,0.1,0.99,10.0,256,20,0,128,0,4.543555135515091,16.19999999999998,215.1951680511428,10222.55037548389,0.6132378472222222,1431.0628541092435,0.0,
hcw,flee,300.0,1800.0,0.1,0.1,5.0,1.25,10.0,10.0,10,100.0,inf,cone,both,5000.0,10.0,0.01,30.0,0.01,256,20,3,0.5,0.1,0.99,10.0,256,20,0,128,89,4.460103408752697,1.25,95.49317214563791,729.0066057956354,0.7441840277777778,275.8218795275085,0.6953125,490.0
hcw,flee,300.0,1800.0,0.1,0.1,5.0,2.5,10.0,10.0,10,100.0,inf,cone,both,5000.0,10.0,0.01,30.0,0.01,256,20,3,0.5,0.1,0.99,10.0,256,20,0,128,89,4.621058123352058,2.5,95.30897137881098,1491.7577093352818,0.7332465277777778,528.4239016996547,0.6953125,550.0
hcw,flee,300.0,1800.0,0.1,0.1,5.0,3.75,10.0,10.0,10,100.0,inf,cone,both,5000.0,10.0,0.01,30.0,0.01,256,20,3,0.5,0.1,0.99,10.0,256,20,0,128,25,4.619463494875302,3.75,110.14777875406509,2754.967271402983,0.7261284722222222,726.575491157613,0.1953125,640.0
hcw,flee,300.0,1800.0,0.1,0.1,5.0,4.5,10.0,10.0,10,100.0,inf,cone,both,5000.0,10.0,0.01,30.0,0.01,256,20,3,0.5,0.1,0.99,10.0,256,20,0,128,6,4.608101814172274,4.5,185.83603267539104,2877.568434720948,0.7182291666666667,847.2833673047817,0.046875,895.0
hcw,flee,300.0,1800.0,0.1,0.1,5.0,5.0,10.0,10.0,10,100.0,inf,cone,both,5000.0,10.0,0.01,30.0,0.01,256,20,3,0.5,0.1,0.99,10.0,256,20,0,128,0,4.585631808604584,5.0,259.5481250486379,3230.258790574624,0.7135850694444444,935.0148225187776,0.0,
hcw,flee,300.0,1800.0,0.1,0.1,5.0,5.5,10.0,10.0,10,100.0,inf,cone,both,5000.0,10.0,0.01,30.0,0.01,256,20,3,0.5,0.1,0.99,10.0,256,20,0,128,0,4.585631808604584,5.5,293.4502455230664,3885.213451975695,0.7107638888888889,995.5718457115338,0.0,
hcw,flee,300.0,1800.0,0.1,0.1,5.0,6.25,10.0,10.0,10,100.0,inf,cone,both,5000.0,10.0,0.01,30.0,0.01,256,20,3,0.5,0.1,0.99,10.0,256,20,0,128,0,4.556467159897212,6.25,293.4502455230664,4881.082900974426,0.7076822916666666,1115.9575975365217,0.0,
hcw,flee,300.0,1800.0,0.1,0.1,5.0,7.5,10.0,10.0,10,100.0,inf,cone,both,5000.0,10.0,0.01,30.0,0.01,256,20,3,0.5,0.1,0.99,10.0,256,20,0,128,0,4.556467159897212,7.5,293.4502455230664,6364.502324576061,0.6994357638888888,1230.8132109520366,0.0,
hcw,flee,300.0,1800.0,0.1,0.1,5.0,10.0,10.0,10.0,10,100.0,inf,cone,both,5000.0,10.0,0.01,30.0,0.01,256,20,3,0.5,0.1,0.99,10.0,256,20,0,128,0,4.543555135515091,10.0,293.4502455230664,8774.758757486366,0.6392795138888889,1424.3114073929617,0.0,
hcw,flee,300.0,1800.0,0.1,0.1,5.0,inf,10.0,10.0,10,100.0,inf,cone,both,5000.0,10.0,0.01,30.0,0.01,256,20,3,0.5,0.1,0.99,10.0,256,20,0,128,0,4.543555135515091,17.999999999999986,293.4502455230664,12027.700678351192,0.5672743055555556,1626.0593514036232,0.0,
hcw,flee,300.0,1800.0,0.1,0.11,5.0,1.25,10.0,10.0,10,100.0,inf,cone,both,5000.0,10.0,0.01,30.0,0.01,256,20,3,0.5,0.1,0.99,10.0,256,20,0,128,89,4.4270696819898765,1.25,96.57415968104918,730.552878789845,0.7450520833333333,277.13215803785647,0.6953125,480.0
hcw,flee,300.0,1800.0,0.1,0.11,5.0,2.5,10.0,10.0,10,100.0,inf,cone,both,5000.0,10.0,0.01,30.0,0.01,256,20,3,0.5,0.1,0.99,10.0,256,20,0,128,89,4.635231132424395,2.5,95.15937276258828,1492.434141834707,0.7389322916666666,521.4411153892391,0.6953125,550.0
hcw,flee,300.0,1800.0,0.1,0.11,5.0,3.75,10.0,10.0,10,100.0,inf,cone,both,5000.0,10.0,0.01,30.0,0.01,256,20,3,0.5,0.1,0.99,10.0,256,20,0,128,13,4.6218072444355895,3.75,121.60307520505484,2928.9033685533136,0.7275607638888889,739.2141957605245,0.1015625,680.0
hcw,flee,300.0,1800.0,0.1,0.11,5.0,4.5,10.0,10.0,10,100.0,inf,cone,both,5000.0,10.0,0.01,30.0,0.01,256,20,3,0.5,0.1,0.99,10.0,256,20,0,128,3,4.610130916772133,4.5,214.170362769029,2998.19937134995,0.7197482638888889,865.9519526659177,0.0234375,1010.0
hcw,flee,300.0,1800.0,0.1,0.11,5.0,5.0,10.0,10.0,10,100.0,inf,cone,both,5000.0,10.0,0.01,30.0,0.01,256,20,3,0.5,0.1,0.99,10.0,256,20,0,128,0,4.597945565149361,5.0,275.09996215184407,3419.195194592726,0.7149739583333333,937.7961713593093,0.0,
hcw,flee,300.0,1800.0,0.1,0.11,5.0,5.5,10.0,10.0,10,100.0,inf,cone,both,5000.0,10.0,0.01,30.0,0.01,256,20,3,0.5,0.1,0.99,10.0,256,20,0,128,0,4.597945565149361,5.5,300.0,4105.399682103004,0.7117621527777778,1001.3689398721828,0.0,
hcw,flee,300.0,1800.0,0.1,0.11,5.0,6.25,10.0,10.0,10,100.0,inf,cone,both,5000.0,10.0,0.01,30.0,0.01,256,20,3,0.5,0.1,0.99,10.0,256,20,0,128,0,4.556467159897212,6.25,300.0,5160.486232574371,0.70859375,1156.6577474905914,0.0,
hcw,flee,300.0,1800.0,0.1,0.11,5.0,7.5,10.0,10.0,10,100.0,inf,cone,both,5000.0,10.0,0.01,30.0,0.01,256,20,3,0.5,0.1,0.99,10.0,256,20,0,128,0,4.556467159897212,7.5,300.0,6744.761968306517,0.6892361111111112,1285.9760807634011,0.0,
hcw,flee,300.0,1800.0,0.1,0.11,5.0,10.0,10.0,10.0,10,100.0,inf,cone,both,5000.0,10.0,0.01,30.0,0.01,256,20,3,0.5,0.1,0.99,10.0,256,20,0,128,0,4.543555135515091,10.0,300.0,9391.960858250874,0.6139322916666666,1511.9025065303963,0.0,
hcw,flee,300.0,1800.0,0.1,0.11,5.0,inf,10.0,10.0,10,100.0,inf,cone,both,5000.0,10.0,0.01,30.0,0.01,256,20,3,0.5,0.1,0.99,10.0,256,20,0,128,0,4.543555135515091,19.79999999999995,300.0,13841.108428929112,0.5294270833333333,1837.7776757228105,0.0,
hcw,flee,300.0,1800.0,0.1,0.125,5.0,1.25,10.0,10.0,10,100.0,inf,cone,both,5000.0,10.0,0.01,30.0,0.01,256,20,3,0.5,0.1,0.99,10.0,256,20,0,128,89,4.386799714514236,1.25,97.20637513842402,733.2774988131421,0.7458333333333333,279.1470674219894,0.6953125,460.0
hcw,flee,300.0,1800.0,0.1,0.125,5.0,2.5,10.0,10.0,10,100.0,inf,cone,both,5000.0,10.0,0.01,30.0,0.01,256,20,3,0.5,0.1,0.99,10.0,256,20,0,128,89,4.666521969812122,2.5,94.95569849415207,1475.916699722993,0.7506944444444444,496.08108270505465,0.6953125,560.0
hcw,flee,300.0,1800.0,0.1,0.125,5.0,3.75,10.0,10.0,10,100.0,inf,cone,both,5000.0,10.0,0.01,30.0,0.01,256,20,3,0.5,0.1,0.99,10.0,256,20,0,128,11,4.62227384734381,3.75,141.054057697537,2962.3938263195355,0.7294704861111111,754.9488222118383,0.0859375,720.0
hcw,flee,300.0,1800.0,0.1,0.125,5.0,4.5,10.0,10.0,10,100.0,inf,cone,both,5000.0,10.0,0.01,30.0,0.01,256,20,3,0.5,0.1,0.99,10.0,256,20,0,128,1,4.610130916772133,4.5,240.3282917135099,3163.073318280594,0.7216145833333333,890.5294259323417,0.0078125,1120.0
hcw,flee,300.0,1800.0,0.1,0.125,5.0,5.0,10.0,10.0,10,100.0,inf,cone,both,5000.0,10.0,0.01,30.0,0.01,256,20,3,0.5,0.1,0.99,10.0,256,20,0,128,0,4.597945565149361,5.0,285.35789604345814,3664.4037953633497,0.7166232638888889,967.6701746980478,0.0,
hcw,flee,300.0,1800.0,0.1,0.125,5.0,5.5,10.0,10.0,10,100.0,inf,cone,both,5000.0,10.0,0.01,30.0,0.01,256,20,3,0.5,0.1,0.99,10.0,256,20,0,128,0,4.597945565149361,5.5,300.0,4388.766896396243,0.7131944444444445,1038.7940986362146,0.0,
hcw,flee,300.0,1800.0,0.1,0.125,5.0,6.25,10.0,10.0,10,100.0,inf,cone,both,5000.0,10.0,0.01,30.0,0.01,256,20,3,0.5,0.1,0.99,10.0,256,20,0,128,0,4.556467159897212,6.25,300.0,5510.819370770632,0.7091579861111111,1209.3282226567856,0.0,
hcw,flee,300.0,1800.0,0.1,0.125,5.0,7.5,10.0,10.0,10,100.0,inf,cone,both,5000.0,10.0,0.01,30.0,0.01,256,20,3,0.5,0.1,0.99,10.0,256,20,0,128,0,4.556467159897212,7.5,300.0,7220.965831962557,0.6749565972222222,1357.1881303417188,0.0,
hcw,flee,300.0,1800.0,0.1,0.125,5.0,10.0,10.0,10.0,10,100.0,inf,cone,both,5000.0,10.0,0.01,30.0,0.01,256,20,3,0.5,0.1,0.99,10.0,256,20,0,128,0,4.543555135515091,10.0,300.0,10166.667735848545,0.5806423611111111,1625.0136303608915,0.0,
hcw,flee,300.0,1800.0,0.1,0.125,5.0,inf,10.0,10.0,10,100.0,inf,cone,both,5000.0,10.0,0.01,30.0,0.01,256,20,3,0.5,0.1,0.99,10.0,256,20,0,128,0,4.543555135515091,22.5,300.0,16565.642432203087,0.4833767361111111,2187.1799431991963,0.0,
hcw,flee,300.0,1800.0,0.1,0.15,5.0,1.25,10.0,10.0,10,100.0,inf,cone,both,5000.0,10.0,0.01,30.0,0.01,256,20,3,0.5,0.1,0.99,10.0,256,20,0,128,89,4.363716891221888,1.25,97.26407459838696,754.1254137419932,0.7411024305555556,289.46685846189644,0.6953125,460.0
hcw,flee,300.0,1800.0,0.1,0.15,5.0,2.5,10.0,10.0,10,100.0,inf,cone,both,5000.0,10.0,0.01,30.0,0.01,256,20,3,0.5,0.1,0.99,10.0,256,20,0,128,79,4.651786996971778,2.5,95.4137362463716,1642.5904783801257,0.7509982638888889,513.0468113065936,0.6171875,560.0
hcw,flee,300.0,1800.0,0.1,0.15,5.0,3.75,10.0,10.0,10,100.0,inf,cone,both,5000.0,10.0,0.01,30.0,0.01,256,20,3,0.5,0.1,0.99,10.0,256,20,0,128,6,4.6533058037381245,3.75,171.8174234237501,3006.504506797909,0.7387586805555556,732.0560795777908,0.046875,780.0
hcw,flee,300.0,1800.0,0.1,0.15,5.0,4.5,10.0,10.0,10,100.0,inf,cone,both,5000.0,10.0,0.01,30.0,0.01,256,20,3,0.5,0.1,0.99,10.0,256,20,0,128,0,4.637984779389758,4.5,259.2956434785261,3342.234571341165,0.7300347222222222,869.9240285008673,0.0,
hcw,flee,300.0,1800.0,0.1,0.15,5.0,5.0,10.0,10.0,10,100.0,inf,cone,both,5000.0,10.0,0.01,30.0,0.01,256,20,3,0.5,0.1,0.99,10.0,256,20,0,128,0,4.614436771163157,5.0,291.33856667671125,3944.445359472348,0.721875,975.494440343214,0.0,
hcw,flee,300.0,1800.0,0.1,0.15,5.0,5.5,10.0,10.0,10,100.0,inf,cone,both,5000.0,10.0,0.01,30.0,0.01,256,20,3,0.5,0.1,0.99,10.0,256,20,0,128,0,4.614436771163157,5.5,300.0,4721.80550562855,0.7174479166666666,1051.901035589166,0.0,
hcw,flee,300.0,1800.0,0.1,0.15,5.0,6.25,10.0,10.0,10,100.0,inf,cone,both,5000.0,10.0,0.01,30.0,0.01,256,20,3,0.5,0.1,0.99,10.0,256,20,0,128,0,4.56878091644199,6.25,300.0,5937.943620119694,0.7032552083333333,1242.6246108239031,0.0,
hcw,flee,300.0,1800.0,0.1,0.15,5.0,7.5,10.0,10.0,10,100.0,inf,cone,both,5000.0,10.0,0.01,30.0,0.01,256,20,3,0.5,0.1,0.99,10.0,256,20,0,128,0,4.544845622299971,7.5,300.0,7840.352657822527,0.6523871527777778,1490.197523748036,0.0,
hcw,flee,300.0,1800.0,0.1,0.15,5.0,10.0,10.0,10.0,10,100.0,inf,cone,both,5000.0,10.0,0.01,30.0,0.01,256,20,3,0.5,0.1,0.99,10.0,256,20,0,128,0,4.53193359791785,10.0,300.0,11176.531446949502,0.5365017361111111,1826.662911681817,0.0,
hcw,flee,300.0,1800.0,0.1,0.15,5.0,inf,10.0,10.0,10,100.0,inf,cone,both,5000.0,10.0,0.01,30.0,0.01,256,20,3,0.5,0.1,0.99,10.0,256,20,0,128,0,4.53193359791785,26.99999999999992,300.0,21124.017360307746,0.4236111111111111,2910.0097633559258,0.0,
hcw,flee,300.0,1800.0,0.1,0.2,5.0,1.25,10.0,10.0,10,100.0,inf,cone,both,5000.0,10.0,0.01,30.0,0.01,256,20,3,0.5,0.1,0.99,10.0,256,20,0,128,89,4.348364352407206,1.25,96.93581379337766,741.5497296419122,0.747265625,285.2434501076922,0.6953125,450.0
hcw,flee,300.0,1800.0,0.1,0.2,5.0,2.5,10.0,10.0,10,100.0,inf,cone,both,5000.0,10.0,0.01,30.0,0.01,256,20,3,0.5,0.1,0.99,10.0,256,20,0,128,59,4.651786996971778,2.5,93.7560125250866,2067.10765160445,0.758845029239766,514.3338222323337,0.4609375,570.0
hcw,flee,300.0,1800.0,0.1,0.2,5.0,3.75,10.0,10.0,10,100.0,inf,cone,both,5000.0,10.0,0.01,30.0,0.01,256,20,3,0.5,0.1,0.99,10.0,256,20,0,128,4,4.63857083089778,3.75,206.09143847957404,3084.488710994019,0.7487847222222223,755.4078821868087,0.03125,840.0
hcw,flee,300.0,1800.0,0.1,0.2,5.0,4.5,10.0,10.0,10,100.0,inf,cone,both,5000.0,10.0,0.01,30.0,0.01,256,20,3,0.5,0.1,0.99,10.0,256,20,0,128,0,4.641162873166447,4.5,272.4100506260155,3582.460054514047,0.7411024305555556,892.5046319032973,0.0,
hcw,flee,300.0,1800.0,0.1,0.2,5.0,5.0,10.0,10.0,10,100.0,inf,cone,both,5000.0,10.0,0.01,30.0,0.01,256,20,3,0.5,0.1,0.99,10.0,256,20,0,128,0,4.641162873166447,5.0,295.2615802565216,4262.732043886524,0.7355902777777777,977.568353483716,0.0,
hcw,flee,300.0,1800.0,0.1,0.2,5.0,5.5,10.0,10.0,10,100.0,inf,cone,both,5000.0,10.0,0.01,30.0,0.01,256,20,3,0.5,0.1,0.99,10.0,256,20,0,128,0,4.641162873166447,5.5,300.0,5104.22632440836,0.729296875,1061.0996867762349,0.0,
hcw,flee,300.0,1800.0,0.1,0.2,5.0,6.25,10.0,10.0,10,100.0,inf,cone,both,5000.0,10.0,0.01,30.0,0.01,256,20,3,0.5,0.1,0.99,10.0,256,20,0,128,0,4.611998224459077,6.25,300.0,6419.819834758408,0.6994357638888888,1231.0724975809549,0.0,
hcw,flee,300.0,1800.0,0.1,0.2,5.0,7.5,10.0,10.0,10,100.0,inf,cone,both,5000.0,10.0,0.01,30.0,0.01,256,20,3,0.5,0.1,0.99,10.0,256,20,0,128,0,4.597198593085146,7.5,300.0,8530.66551213215,0.6370659722222223,1456.538563399055,0.0,
hcw,flee,300.0,1800.0,0.1,0.2,5.0,10.0,10.0,10.0,10,100.0,inf,cone,both,5000.0,10.0,0.01,30.0,0.01,256,20,3,0.5,0.1,0.99,10.0,256,20,0,128,0,4.573522179936539,10.0,300.0,12410.731934825451,0.4896701388888889,1904.9525703579225,0.0,
hcw,flee,300.0,1800.0,0.1,0.2,5.0,inf,10.0,10.0,10,100.0,inf,cone,both,5000.0,10.0,0.01,30.0,0.01,256,20,3,0.5,0.1,0.99,10.0,256,20,0,128,0,4.560610155554418,35.99999999999997,300.0,30137.90058836398,0.3534722222222222,4340.221288239345,0.0,
hcw,coast,300.0,1800.0,0.1,0.025,5.0,1.25,10.0,10.0,10,100.0,inf,cone,both,5000.0,10.0,0.01,30.0,0.01,256,20,3,0.5,0.1,0.99,10.0,256,20,0,128,92,3.4258450257693247,0.0,26.570236608547397,92.37208634206831,0.6990138520182425,40.5197229799652,0.71875,400.0
hcw,coast,300.0,1800.0,0.1,0.025,5.0,2.5,10.0,10.0,10,100.0,inf,cone,both,5000.0,10.0,0.01,30.0,0.01,256,20,3,0.5,0.1,0.99,10.0,256,20,0,128,92,3.4258450257693247,0.0,26.570236608547397,92.37208634206831,0.6990138520182425,40.5197229799652,0.71875,400.0
hcw,coast,300.0,1800.0,0.1,0.025,5.0,3.75,10.0,10.0,10,100.0,inf,cone,both,5000.0,10.0,0.01,30.0,0.01,256,20,3,0.5,0.1,0.99,10.0,256,20,0,128,92,3.4258450257693247,0.0,26.570236608547397,92.37208634206831,0.6990138520182425,40.5197229799652,0.71875,400.0
hcw,coast,300.0,1800.0,0.1,0.025,5.0,4.5,10.0,10.0,10,100.0,inf,cone,both,5000.0,10.0,0.01,30.0,0.01,256,20,3,0.5,0.1,0.99,10.0,256,20,0,128,92,3.4258450257693247,0.0,26.570236608547397,92.37208634206831,0.6990138520182425,40.5197229799652,0.71875,400.0
hcw,coast,300.0,1800.0,0.1,0.025,5.0,5.0,10.0,10.0,10,100.0,inf,cone,both,5000.0,10.0,0.01,30.0,0.01,256,20,3,0.5,0.1,0.99,10.0,256,20,0,128,92,3.4258450257693247,0.0,26.570236608547397,92.37208634206831,0.6990138520182425,40.5197229799652,0.71875,400.0
hcw,coast,300.0,1800.0,0.1,0.025,5.0,5.5,10.0,10.0,10,100.0,inf,cone,both,5000.0,10.0,0.01,30.0,0.01,256,20,3,0.5,0.1,0.99,10.0,256,20,0,128,92,3.4258450257693247,0.0,26.570236608547397,92.37208634206831,0.6990138520182425,40.5197229799652,0.71875,400.0
hcw,coast,300.0,1800.0,0.1,0.025,5.0,6.25,10.0,10.0,10,100.0,inf,cone,both,5000.0,10.0,0.01,30.0,0.01,256,20,3,0.5,0.1,0.99,10.0,256,20,0,128,92,3.4258450257693247,0.0,26.570236608547397,92.37208634206831,0.6990138520182425,40.5197229799652,0.71875,400.0
hcw,coast,300.0,1800.0,0.1,0.025,5.0,7.5,10.0,10.0,10,100.0,inf,cone,both,5000.0,10.0,0.01,30.0,0.01,256,20,3,0.5,0.1,0.99,10.0,256,20,0,128,92,3.4258450257693247,0.0,26.570236608547397,92.37208634206831,0.6990138520182425,40.5197229799652,0.71875,400.0
hcw,coast,300.0,1800.0,0.1,0.025,5.0,10.0,10.0,10.0,10,100.0,inf,cone,both,5000.0,10.0,0.01,30.0,0.01,256,20,3,0.5,0.1,0.99,10.0,256,20,0,128,92,3.4258450257693247,0.0,26.570236608547397,92.37208634206831,0.6990138520182425,40.5197229799652,0.71875,400.0
hcw,coast,300.0,1800.0,0.1,0.025,5.0,inf,10.0,10.0,10,100.0,inf,cone,both,5000.0,10.0,0.01,30.0,0.01,256,20,3,0.5,0.1,0.99,10.0,256,20,0,128,92,3.4258450257693247,0.0,26.570236608547397,92.37208634206831,0.6990138520182425,40.5197229799652,0.71875,400.0
hcw,coast,300.0,1800.0,0.1,0.05,5.0,1.25,10.0,10.0,10,100.0,inf,cone,both,5000.0,10.0,0.01,30.0,0.01,256,20,3,0.5,0.1,0.99,10.0,256,20,0,128,92,3.498510109608553,0.0,26.5712582878488,92.37310802136972,0.6988912730158965,40.65344483836597,0.71875,390.0
hcw,coast,300.0,1800.0,0.1,0.05,5.0,2.5,10.0,10.0,10,100.0,inf,cone,both,5000.0,10.0,0.01,30.0,0.01,256,20,3,0.5,0.1,0.99,10.0,256,20,0,128,92,3.498510109608553,0.0,26.5712582878488,92.37310802136972,0.6988912730158965,40.65344483836597,0.71875,390.0
hcw,coast,300.0,1800.0,0.1,0.05,5.0,3.75,10.0,10.0,10,100.0,inf,cone,both,5000.0,10.0,0.01,30.0,0.01,256,20,3,0.5,0.1,0.99,10.0,256,20,0,128,92,3.498510109608553,0.0,26.5712582878488,92.37310802136972,0.6988912730158965,40.65344483836597,0.71875,390.0
hcw,coast,300.0,1800.0,0.1,0.05,5.0,4.5,10.0,10.0,10,100.0,inf,cone,both,5000.0,10.0,0.01,30.0,0.01,256,20,3,0.5,0.1,0.99,10.0,256,20,0,128,92,3.498510109608553,0.0,26.5712582878488,92.37310802136972,0.6988912730158965,40.65344483836597,0.71875,390.0
hcw,coast,300.0,1800.0,0.1,0.05,5.0,5.0,10.0,10.0,10,100.0,inf,cone,both,5000.0,10.0,0.01,30.0,0.01,256,20,3,0.5,0.1,0.99,10.0,256,20,0,128,92,3.498510109608553,0.0,26.5712582878488,92.37310802136972,0.6988912730158965,40.65344483836597,0.71875,390.0
hcw,coast,300.0,1800.0,0.1,0.05,5.0,5.5,10.0,10.0,10,100.0,inf,cone,both,5000.0,10.0,0.01,30.0,0.01,256,20,3,0.5,0.1,0.99,10.0,256,20,0,128,92,3.498510109608553,0.0,26.5712582878488,92.37310802136972,0.6988912730158965,40.65344483836597,0.71875,390.0
hcw,coast,300.0,1800.0,0.1,0.05,5.0,6.25,10.0,10.0,10,100.0,inf,cone,both,5000.0,10.0,0.01,30.0,0.01,256,20,3,0.5,0.1,0.99,10.0,256,20,0,128,92,3.498510109608553,0.0,26.5712582878488,92.37310802136972,0.6988912730158965,40.65344483836597,0.71875,390.0
hcw,coast,300.0,1800.0,0.1,0.05,5.0,7.5,10.0,10.0,10,100.0,inf,cone,both,5000.0,10.0,0.01,30.0,0.01,256,20,3,0.5,0.1,0.99,10.0,256,20,0,128,92,3.498510109608553,0.0,26.5712582878488,92.37310802136972,0.6988912730158965,40.65344483836597,0.71875,390.0
hcw,coast,300.0,1800.0,0.1,0.05,5.0,10.0,10.0,10.0,10,100.0,inf,cone,both,5000.0,10.0,0.01,30.0,0.01,256,20,3,0.5,0.1,0.99,10.0,256,20,0,128,92,3.498510109608553,0.0,26.5712582878488,92.37310802136972,0.6988912730158965,40.65344483836597,0.71875,390.0
hcw,coast,300.0,1800.0,0.1,0.05,5.0,inf,10.0,10.0,10,100.0,inf,cone,both,5000.0,10.0,0.01,30.0,0.01,256,20,3,0.5,0.1,0.99,10.0,256,20,0,128,92,3.498510109608553,0.0,26.5712582878488,92.37310802136972,0.6988912730158965,40.65344483836597,0.71875,390.0
hcw,coast,300.0,1800.0,0.1,0.075,5.0,1.25,10.0,10.0,10,100.0,inf,cone,both,5000.0,10.0,0.01,30.0,0.01,256,20,3,0.5,0.1,0.99,10.0,256,20,0,128,92,3.496396922429592,0.0,26.60259493118757,92.40444466470848,0.6988096262601426,40.75627504482272,0.71875,380.0
hcw,coast,300.0,1800.0,0.1,0.075,5.0,2.5,10.0,10.0,10,100.0,inf,cone,both,5000.0,10.0,0.01,30.0,0.01,256,20,3,0.5,0.1,0.99,10.0,256,20,0,128,92,3.496396922429592,0.0,26.60259493118757,92.40444466470848,0.6988096262601426,40.75627504482272,0.71875,380.0
hcw,coast,300.0,1800.0,0.1,0.075,5.0,3.75,10.0,10.0,10,100.0,inf,cone,both,5000.0,10.0,0.01,30.0,0.01,256,20,3,0.5,0.1,0.99,10.0,256,20,0,128,92,3.496396922429592,0.0,26.60259493118757,92.40444466470848,0.6988096262601426,40.75627504482272,0.71875,380.0
hcw,coast,300.0,1800.0,0.1,0.075,5.0,4.5,10.0,10.0,10,100.0,inf,cone,both,5000.0,10.0,0.01,30.0,0.01,256,20,3,0.5,0.1,0.99,10.0,256,20,0,128,92,3.496396922429592,0.0,26.60259493118757,92.40444466470848,0.6988096262601426,40.75627504482272,0.71875,380.0
hcw,coast,300.0,1800.0,0.1,0.075,5.0,5.0,10.0,10.0,10,100.0,inf,cone,both,5000.0,10.0,0.01,30.0,0.01,256,20,3,0.5,0.1,0.99,10.0,256,20,0,128,92,3.496396922429592,0.0,26.60259493118757,92.40444466470848,0.6988096262601426,40.75627504482272,0.71875,380.0
hcw,coast,300.0,1800.0,0.1,0.075,5.0,5.5,10.0,10.0,10,100.0,inf,cone,both,5000.0,10.0,0.01,30.0,0.01,256,20,3,0.5,0.1,0.99,10.0,256,20,0,128,92,3.496396922429592,0.0,26.60259493118757,92.40444466470848,0.6988096262601426,40.75627504482272,0.71875,380.0
hcw,coast,300.0,1800.0,0.1,0.075,5.0,6.25,10.0,10.0,10,100.0,inf,cone,both,5000.0,10.0,0.01,30.0,0.01,256,20,3,0.5,0.1,0.99,10.0,256,20,0,128,92,3.496396922429592,0.0,26.60259493118757,92.40444466470848,0.6988096262601426,40.75627504482272,0.71875,380.0
hcw,coast,300.0,1800.0,0.1,0.075,5.0,7.5,10.0,10.0,10,100.0,inf,cone,both,5000.0,10.0,0.01,30.0,0.01,256,20,3,0.5,0.1,0.99,10.0,256,20,0,128,92,3.496396922429592,0.0,26.60259493118757,92.40444466470848,0.6988096262601426,40.75627504482272,0.71875,380.0
hcw,coast,300.0,1800.0,0.1,0.075,5.0,10.0,10.0,10.0,10,100.0,inf,cone,both,5000.0,10.0,0.01,30.0,0.01,256,20,3,0.5,0.1,0.99,10.0,256,20,0,128,92,3.496396922429592,0.0,26.60259493118757,92.40444466470848,0.6988096262601426,40.75627504482272,0.71875,380.0
hcw,coast,300.0,1800.0,0.1,0.075,5.0,inf,10.0,10.0,10,100.0,inf,cone,both,5000.0,10.0,0.01,30.0,0.01,256,20,3,0.5,0.1,0.99,10.0,256,20,0,128,92,3.496396922429592,0.0,26.60259493118757,92.40444466470848,0.6988096262601426,40.75627504482272,0.71875,380.0
hcw,coast,300.0,1800.0,0.1,0.09,5.0,1.25,10.0,10.0,10,100.0,inf,cone,both,5000.0,10.0,0.01,30.0,0.01,256,20,3,0.5,0.1,0.99,10.0,256,20,0,128,92,3.480097486034768,0.0,26.573587373254824,92.37543710677572,0.6988096262601426,40.80821583122499,0.71875,380.0
hcw,coast,300.0,1800.0,0.1,0.09,5.0,2.5,10.0,10.0,10,100.0,inf,cone,both,5000.0,10.0,0.01,30.0,0.01,256,20,3,0.5,0.1,0.99,10.0,256,20,0,128,92,3.480097486034768,0.0,26.573587373254824,92.37543710677572,0.6988096262601426,40.80821583122499,0.71875,380.0
hcw,coast,300.0,1800.0,0.1,0.09,5.0,3.75,10.0,10.0,10,100.0,inf,cone,both,5000.0,10.0,0.01,30.0,0.01,256,20,3,0.5,0.1,0.99,10.0,256,20,0,128,92,3.480097486034768,0.0,26.573587373254824,92.37543710677572,0.6988096262601426,40.80821583122499,0.71875,380.0
hcw,coast,300.0,1800.0,0.1,0.09,5.0,4.5,10.0,10.0,10,100.0,inf,cone,both,5000.0,10.0,0.01,30.0,0.01,256,20,3,0.5,0.1,0.99,10.0,256,20,0,128,92,3.480097486034768,0.0,26.573587373254824,92.37543710677572,0.6988096262601426,40.80821583122499,0.71875,380.0
hcw,coast,300.0,1800.0,0.1,0.09,5.0,5.0,10.0,10.0,10,100.0,inf,cone,both,5000.0,10.0,0.01,30.0,0.01,256,20,3,0.5,0.1,0.99,10.0,256,20,0,128,92,3.480097486034768,0.0,26.573587373254824,92.37543710677572,0.6988096262601426,40.80821583122499,0.71875,380.0
hcw,coast,300.0,1800.0,0.1,0.09,5.0,5.5,10.0,10.0,10,100.0,inf,cone,both,5000.0,10.0,0.01,30.0,0.01,256,20,3,0.5,0.1,0.99,10.0,256,20,0,128,92,3.480097486034768,0.0,26.573587373254824,92.37543710677572,0.6988096262601426,40.80821583122499,0.71875,380.0
hcw,coast,300.0,1800.0,0.1,0.09,5.0,6.25,10.0,10.0,10,100.0,inf,cone,both,5000.0,10.0,0.01,30.0,0.01,256,20,3,0.5,0.1,0.99,10.0,256,20,0,128,92,3.480097486034768,0.0,26.573587373254824,92.37543710677572,0.6988096262601426,40.80821583122499,0.71875,380.0
hcw,coast,300.0,1800.0,0.1,0.09,5.0,7.5,10.0,10.0,10,100.0,inf,cone,both,5000.0,10.0,0.01,30.0,0.01,256,20,3,0.5,0.1,0.99,10.0,256,20,0,128,92,3.480097486034768,0.0,26.573587373254824,92.37543710677572,0.6988096262601426,40.80821583122499,0.71875,380.0
hcw,coast,300.0,1800.0,0.1,0.09,5.0,10.0,10.0,10.0,10,100.0,inf,cone,both,5000.0,10.0,0.01,30.0,0.01,256,20,3,0.5,0.1,0.99,10.0,256,20,0,128,92,3.480097486034768,0.0,26.573587373254824,92.37543710677572,0.6988096262601426,40.80821583122499,0.71875,380.0
hcw,coast,300.0,1800.0,0.1,0.09,5.0,inf,10.0,10.0,10,100.0,inf,cone,both,5000.0,10.0,0.01,30.0,0.01,256,20,3,0.5,0.1,0.99,10.0,256,20,0,128,92,3.480097486034768,0.0,26.573587373254824,92.37543710677572,0.6988096262601426,40.80821583122499,0.71875,380.0
hcw,coast,300.0,1800.0,0.1,0.1,5.0,1.25,10.0,10.0,10,100.0,inf,cone,both,5000.0,10.0,0.01,30.0,0.01,256,20,3,0.5,0.1,0.99,10.0,256,20,0,128,92,3.467930256744468,0.0,26.537433536698163,92.33928327021908,0.6988096262601426,40.83915833734683,0.71875,370.0
hcw,coast,300.0,1800.0,0.1,0.1,5.0,2.5,10.0,10.0,10,100.0,inf,cone,both,5000.0,10.0,0.01,30.0,0.01,256,20,3,0.5,0.1,0.99,10.0,256,20,0,128,92,3.467930256744468,0.0,26.537433536698163,92.33928327021908,0.6988096262601426,40.83915833734683,0.71875,370.0
hcw,coast,300.0,1800.0,0.1,0.1,5.0,3.75,10.0,10.0,10,100.0,inf,cone,both,5000.0,10.0,0.01,30.0,0.01,256,20,3,0.5,0.1,0.99,10.0,256,20,0,128,92,3.467930256744468,0.0,26.537433536698163,92.33928327021908,0.6988096262601426,40.83915833734683,0.71875,370.0
hcw,coast,300.0,1800.0,0.1,0.1,5.0,4.5,10.0,10.0,10,100.0,inf,cone,both,5000.0,10.0,0.01,30.0,0.01,256,20,3,0.5,0.1,0.99,10.0,256,20,0,128,92,3.467930256744468,0.0,26.537433536698163,92.33928327021908,0.6988096262601426,40.83915833734683,0.71875,370.0
hcw,coast,300.0,1800.0,0.1,0.1,5.0,5.0,10.0,10.0,10,100.0,inf,cone,both,5000.0,10.0,0.01,30.0,0.01,256,20,3,0.5,0.1,0.99,10.0,256,20,0,128,92,3.467930256744468,0.0,26.537433536698163,92.33928327021908,0.6988096262601426,40.83915833734683,0.71875,370.0
hcw,coast,300.0,1800.0,0.1,0.1,5.0,5.5,10.0,10.0,10,100.0,inf,cone,both,5000.0,10.0,0.01,30.0,0.01,256,20,3,0.5,0.1,0.99,10.0,256,20,0,128,92,3.467930256744468,0.0,26.537433536698163,92.33928327021908,0.6988096262601426,40.83915833734683,0.71875,370.0
hcw,coast,300.0,1800.0,0.1,0.1,5.0,6.25,10.0,10.0,10,100.0,inf,cone,both,5000.0,10.0,0.01,30.0,0.01,256,20,3,0.5,0.1,0.99,10.0,256,20,0,128,92,3.467930256744468,0.0,26.537433536698163,92.33928327021908,0.6988096262601426,40.83915833734683,0.71875,370.0
hcw,coast,300.0,1800.0,0.1,0.1,5.0,7.5,10.0,10.0,10,100.0,inf,cone,both,5000.0,10.0,0.01,30.0,0.01,256,20,3,0.5,0.1,0.99,10.0,256,20,0,128,92,3.467930256744468,0.0,26.537433536698163,92.33928327021908,0.6988096262601426,40.83915833734683,0.71875,370.0
hcw,coast,300.0,1800.0,0.1,0.1,5.0,10.0,10.0,10.0,10,100.0,inf,cone,both,5000.0,10.0,0.01,30.0,0.01,256,20,3,0.5,0.1,0.99,10.0,256,20,0,128,92,3.467930256744468,0.0,26.537433536698163,92.33928327021908,0.6988096262601426,40.83915833734683,0.71875,370.0
hcw,coast,300.0,1800.0,0.1,0.1,5.0,inf,10.0,10.0,10,100.0,inf,cone,both,5000.0,10.0,0.01,30.0,0.01,256,20,3,0.5,0.1,0.99,10.0,256,20,0,128,92,3.467930256744468,0.0,26.537433536698163,92.33928327021908,0.6988096262601426,40.83915833734683,0.71875,370.0
hcw,coast,300.0,1800.0,0.1,0.11,5.0,1.25,10.0,10.0,10,100.0,inf,cone,both,5000.0,10.0,0.01,30.0,0.01,256,20,3,0.5,0.1,0.99,10.0,256,20,0,128,92,3.455258107158629,0.0,26.49880044904969,92.3006501825706,0.6988096262601426,40.8682668226113,0.71875,370.0
hcw,coast,300.0,1800.0,0.1,0.11,5.0,2.5,10.0,10.0,10,100.0,inf,cone,both,5000.0,10.0,0.01,30.0,0.01,256,20,3,0.5,0.1,0.99,10.0,256,20,0,128,92,3.455258107158629,0.0,26.49880044904969,92.3006501825706,0.6988096262601426,40.8682668226113,0.71875,370.0
hcw,coast,300.0,1800.0,0.1,0.11,5.0,3.75,10.0,10.0,10,100.0,inf,cone,both,5000.0,10.0,0.01,30.0,0.01,256,20,3,0.5,0.1,0.99,10.0,256,20,0,128,92,3.455258107158629,0.0,26.49880044904969,92.3006501825706,0.6988096262601426,40.8682668226113,0.71875,370.0
hcw,coast,300.0,1800.0,0.1,0.11,5.0,4.5,10.0,10.0,10,100.0,inf,cone,both,5000.0,10.0,0.01,30.0,0.01,256,20,3,0.5,0.1,0.99,10.0,256,20,0,128,92,3.455258107158629,0.0,26.49880044904969,92.3006501825706,0.6988096262601426,40.8682668226113,0.71875,370.0
hcw,coast,300.0,1800.0,0.1,0.11,5.0,5.0,10.0,10.0,10,100.0,inf,cone,both,5000.0,10.0,0.01,30.0,0.01,256,20,3,0.5,0.1,0.99,10.0,256,20,0,128,92,3.455258107158629,0.0,26.49880044904969,92.3006501825706,0.6988096262601426,40.8682668226113,0.71875,370.0
hcw,coast,300.0,1800.0,0.1,0.11,5.0,5.5,10.0,10.0,10,100.0,inf,cone,both,5000.0,10.0,0.01,30.0,0.01,256,20,3,0.5,0.1,0.99,10.0,256,20,0,128,92,3.455258107158629,0.0,26.49880044904969,92.3006501825706,0.6988096262601426,40.8682668226113,0.71875,370.0
hcw,coast,300.0,1800.0,0.1,0.11,5.0,6.25,10.0,10.0,10,100.0,inf,cone,both,5000.0,10.0,0.01,30.0,0.01,256,20,3,0.5,0.1,0.99,10.0,256,20,0,128,92,3.455258107158629,0.0,26.49880044904969,92.3006501825706,0.6988096262601426,40.8682668226113,0.71875,370.0
hcw,coast,300.0,1800.0,0.1,0.11,5.0,7.5,10.0,10.0,10,100.0,inf,cone,both,5000.0,10.0,0.01,30.0,0.01,256,20,3,0.5,0.1,0.99,10.0,256,20,0,128,92,3.455258107158629,0.0,26.49880044904969,92.3006501825706,0.6988096262601426,40.8682668226113,0.71875,370.0
hcw,coast,300.0,1800.0,0.1,0.11,5.0,10.0,10.0,10.0,10,100.0,inf,cone,both,5000.0,10.0,0.01,30.0,0.01,256,20,3,0.5,0.1,0.99,10.0,256,20,0,128,92,3.455258107158629,0.0,26.49880044904969,92.3006501825706,0.6988096262601426,40.8682668226113,0.71875,370.0
hcw,coast,300.0,1800.0,0.1,0.11,5.0,inf,10.0,10.0,10,100.0,inf,cone,both,5000.0,10.0,0.01,30.0,0.01,256,20,3,0.5,0.1,0.99,10.0,256,20,0,128,92,3.455258107158629,0.0,26.49880044904969,92.3006501825706,0.6988096262601426,40.8682668226113,0.71875,370.0
hcw,coast,300.0,1800.0,0.1,0.125,5.0,1.25,10.0,10.0,10,100.0,inf,cone,both,5000.0,10.0,0.01,30.0,0.01,256,20,3,0.5,0.1,0.99,10.0,256,20,0,128,92,3.431634399911887,0.0,26.489194846937043,92.29104458045796,0.6988096262601426,40.91016353255648,0.71875,360.0
hcw,coast,300.0,1800.0,0.1,0.125,5.0,2.5,10.0,10.0,10,100.0,inf,cone,both,5000.0,10.0,0.01,30.0,0.01,256,20,3,0.5,0.1,0.99,10.0,256,20,0,128,92,3.431634399911887,0.0,26.489194846937043,92.29104458045796,0.6988096262601426,40.91016353255648,0.71875,360.0
hcw,coast,300.0,1800.0,0.1,0.125,5.0,3.75,10.0,10.0,10,100.0,inf,cone,both,5000.0,10.0,0.01,30.0,0.01,256,20,3,0.5,0.1,0.99,10.0,256,20,0,128,92,3.431634399911887,0.0,26.489194846937043,92.29104458045796,0.6988096262601426,40.91016353255648,0.71875,360.0
hcw,coast,300.0,1800.0,0.1,0.125,5.0,4.5,10.0,10.0,10,100.0,inf,cone,both,5000.0,10.0,0.01,30.0,0.01,256,20,3,0.5,0.1,0.99,10.0,256,20,0,128,92,3.431634399911887,0.0,26.489194846937043,92.29104458045796,0.6988096262601426,40.91016353255648,0.71875,360.0
hcw,coast,300.0,1800.0,0.1,0.125,5.0,5.0,10.0,10.0,10,100.0,inf,cone,both,5000.0,10.0,0.01,30.0,0.01,256,20,3,0.5,0.1,0.99,10.0,256,20,0,128,92,3.431634399911887,0.0,26.489194846937043,92.29104458045796,0.6988096262601426,40.91016353255648,0.71875,360.0
hcw,coast,300.0,1800.0,0.1,0.125,5.0,5.5,10.0,10.0,10,100.0,inf,cone,both,5000.0,10.0,0.01,30.0,0.01,256,20,3,0.5,0.1,0.99,10.0,256,20,0,128,92,3.431634399911887,0.0,26.489194846937043,92.29104458045796,0.6988096262601426,40.91016353255648,0.71875,360.0
hcw,coast,300.0,1800.0,0.1,0.125,5.0,6.25,10.0,10.0,10,100.0,inf,cone,both,5000.0,10.0,0.01,30.0,0.01,256,20,3,0.5,0.1,0.99,10.0,256,20,0,128,92,3.431634399911887,0.0,26.489194846937043,92.29104458045796,0.6988096262601426,40.91016353255648,0.71875,360.0
hcw,coast,300.0,1800.0,0.1,0.125,5.0,7.5,10.0,10.0,10,100.0,inf,cone,both,5000.0,10.0,0.01,30.0,0.01,256,20,3,0.5,0.1,0.99,10.0,256,20,0,128,92,3.431634399911887,0.0,26.489194846937043,92.29104458045796,0.6988096262601426,40.91016353255648,0.71875,360.0
hcw,coast,300.0,1800.0,0.1,0.125,5.0,10.0,10.0,10.0,10,100.0,inf,cone,both,5000.0,10.0,0.01,30.0,0.01,256,20,3,0.5,0.1,0.99,10.0,256,20,0,128,92,3.431634399911887,0.0,26.489194846937043,92.29104458045796,0.6988096262601426,40.91016353255648,0.71875,360.0
hcw,coast,300.0,1800.0,0.1,0.125,5.0,inf,10.0,10.0,10,100.0,inf,cone,both,5000.0,10.0,0.01,30.0,0.01,256,20,3,0.5,0.1,0.99,10.0,256,20,0,128,92,3.431634399911887,0.0,26.489194846937043,92.29104458045796,0.6988096262601426,40.91016353255648,0.71875,360.0
hcw,coast,300.0,1800.0,0.1,0.15,5.0,1.25,10.0,10.0,10,100.0,inf,cone,both,5000.0,10.0,0.01,30.0,0.01,256,20,3,0.5,0.1,0.99,10.0,256,20,0,128,92,3.3983947636963934,0.0,26.447557298851827,92.24940703237274,0.6987685528756957,40.9730834652436,0.71875,360.0
hcw,coast,300.0,1800.0,0.1,0.15,5.0,2.5,10.0,10.0,10,100.0,inf,cone,both,5000.0,10.0,0.01,30.0,0.01,256,20,3,0.5,0.1,0.99,10.0,256,20,0,128,92,3.3983947636963934,0.0,26.447557298851827,92.24940703237274,0.6987685528756957,40.9730834652436,0.71875,360.0
hcw,coast,300.0,1800.0,0.1,0.15,5.0,3.75,10.0,10.0,10,100.0,inf,cone,both,5000.0,10.0,0.01,30.0,0.01,256,20,3,0.5,0.1,0.99,10.0,256,20,0,128,92,3.3983947636963934,0.0,26.447557298851827,92.24940703237274,0.6987685528756957,40.9730834652436,0.71875,360.0
hcw,coast,300.0,1800.0,0.1,0.15,5.0,4.5,10.0,10.0,10,100.0,inf,cone,both,5000.0,10.0,0.01,30.0,0.01,256,20,3,0.5,0.1,0.99,10.0,256,20,0,128,92,3.3983947636963934,0.0,26.447557298851827,92.24940703237274,0.6987685528756957,40.9730834652436,0.71875,360.0
hcw,coast,300.0,1800.0,0.1,0.15,5.0,5.0,10.0,10.0,10,100.0,inf,cone,both,5000.0,10.0,0.01,30.0,0.01,256,20,3,0.5,0.1,0.99,10.0,256,20,0,128,92,3.3983947636963934,0.0,26.447557298851827,92.24940703237274,0.6987685528756957,40.9730834652436,0.71875,360.0
hcw,coast,300.0,1800.0,0.1,0.15,5.0,5.5,10.0,10.0,10,100.0,inf,cone,both,5000.0,10.0,0.01,30.0,0.01,256,20,3,0.5,0.1,0.99,10.0,256,20,0,128,92,3.3983947636963934,0.0,26.447557298851827,92.24940703237274,0.6987685528756957,40.9730834652436,0.71875,360.0
hcw,coast,300.0,1800.0,0.1,0.15,5.0,6.25,10.0,10.0,10,100.0,inf,cone,both,5000.0,10.0,0.01,30.0,0.01,256,20,3,0.5,0.1,0.99,10.0,256,20,0,128,92,3.3983947636963934,0.0,26.447557298851827,92.24940703237274,0.6987685528756957,40.9730834652436,0.71875,360.0
hcw,coast,300.0,1800.0,0.1,0.15,5.0,7.5,10.0,10.0,10,100.0,inf,cone,both,5000.0,10.0,0.01,30.0,0.01,256,20,3,0.5,0.1,0.99,10.0,256,20,0,128,92,3.3983947636963934,0.0,26.447557298851827,92.24940703237274,0.6987685528756957,40.9730834652436,0.71875,360.0
hcw,coast,300.0,1800.0,0.1,0.15,5.0,10.0,10.0,10.0,10,100.0,inf,cone,both,5000.0,10.0,0.01,30.0,0.01,256,20,3,0.5,0.1,0.99,10.0,256,20,0,128,92,3.3983947636963934,0.0,26.447557298851827,92.24940703237274,0.6987685528756957,40.9730834652436,0.71875,360.0
hcw,coast,300.0,1800.0,0.1,0.15,5.0,inf,10.0,10.0,10,100.0,inf,cone,both,5000.0,10.0,0.01,30.0,0.01,256,20,3,0.5,0.1,0.99,10.0,256,20,0,128,92,3.3983947636963934,0.0,26.447557298851827,92.24940703237274,0.6987685528756957,40.9730834652436,0.71875,360.0
hcw,coast,300.0,1800.0,0.1,0.2,5.0,1.25,10.0,10.0,10,100.0,inf,cone,both,5000.0,10.0,0.01,30.0,0.01,256,20,3,0.5,0.1,0.99,10.0,256,20,0,128,92,3.355365794094617,0.0,26.33296879240016,92.13481852592108,0.6987248710193915,41.06755580365554,0.71875,330.0
hcw,coast,300.0,1800.0,0.1,0.2,5.0,2.5,10.0,10.0,10,100.0,inf,cone,both,5000.0,10.0,0.01,30.0,0.01,256,20,3,0.5,0.1,0.99,10.0,256,20,0,128,92,3.355365794094617,0.0,26.33296879240016,92.13481852592108,0.6987248710193915,41.06755580365554,0.71875,330.0
hcw,coast,300.0,1800.0,0.1,0.2,5.0,3.75,10.0,10.0,10,100.0,inf,cone,both,5000.0,10.0,0.01,30.0,0.01,256,20,3,0.5,0.1,0.99,10.0,256,20,0,128,92,3.355365794094617,0.0,26.33296879240016,92.13481852592108,0.6987248710193915,41.06755580365554,0.71875,330.0
hcw,coast,300.0,1800.0,0.1,0.2,5.0,4.5,10.0,10.0,10,100.0,inf,cone,both,5000.0,10.0,0.01,30.0,0.01,256,20,3,0.5,0.1,0.99,10.0,256,20,0,128,92,3.355365794094617,0.0,26.33296879240016,92.13481852592108,0.6987248710193915,41.06755580365554,0.71875,330.0
hcw,coast,300.0,1800.0,0.1,0.2,5.0,5.0,10.0,10.0,10,100.0,inf,cone,both,5000.0,10.0,0.01,30.0,0.01,256,20,3,0.5,0.1,0.99,10.0,256,20,0,128,92,3.355365794094617,0.0,26.33296879240016,92.13481852592108,0.6987248710193915,41.06755580365554,0.71875,330.0
hcw,coast,300.0,1800.0,0.1,0.2,5.0,5.5,10.0,10.0,10,100.0,inf,cone,both,5000.0,10.0,0.01,30.0,0.01,256,20,3,0.5,0.1,0.99,10.0,256,20,0,128,92,3.355365794094617,0.0,26.33296879240016,92.13481852592108,0.6987248710193915,41.06755580365554,0.71875,330.0
hcw,coast,300.0,1800.0,0.1,0.2,5.0,6.25,10.0,10.0,10,100.0,inf,cone,both,5000.0,10.0,0.01,30.0,0.01,256,20,3,0.5,0.1,0.99,10.0,256,20,0,128,92,3.355365794094617,0.0,26.33296879240016,92.13481852592108,0.6987248710193915,41.06755580365554,0.71875,330.0
hcw,coast,300.0,1800.0,0.1,0.2,5.0,7.5,10.0,10.0,10,100.0,inf,cone,both,5000.0,10.0,0.01,30.0,0.01,256,20,3,0.5,0.1,0.99,10.0,256,20,0,128,92,3.355365794094617,0.0,26.33296879240016,92.13481852592108,0.6987248710193915,41.06755580365554,0.71875,330.0
hcw,coast,300.0,1800.0,0.1,0.2,5.0,10.0,10.0,10.0,10,100.0,inf,cone,both,5000.0,10.0,0.01,30.0,0.01,256,20,3,0.5,0.1,0.99,10.0,256,20,0,128,92,3.355365794094617,0.0,26.33296879240016,92.13481852592108,0.6987248710193915,41.06755580365554,0.71875,330.0
hcw,coast,300.0,1800.0,0.1,0.2,5.0,inf,10.0,10.0,10,100.0,inf,cone,both,5000.0,10.0,0.01,30.0,0.01,256,20,3,0.5,0.1,0.99,10.0,256,20,0,128,92,3.355365794094617,0.0,26.33296879240016,92.13481852592108,0.6987248710193915,41.06755580365554,0.71875,330.0
hcw,mppi_direct,300.0,1800.0,0.1,0.025,5.0,1.25,10.0,10.0,10,100.0,inf,cone,both,5000.0,10.0,0.01,30.0,0.01,256,20,3,0.5,0.1,0.99,10.0,256,20,0,128,89,3.354327533684149,0.9190691576023976,26.8488823073248,263.1157404523328,0.6953125,104.4284104266352,0.6953125,370.0
hcw,mppi_direct,300.0,1800.0,0.1,0.025,5.0,2.5,10.0,10.0,10,100.0,inf,cone,both,5000.0,10.0,0.01,30.0,0.01,256,20,3,0.5,0.1,0.99,10.0,256,20,0,128,89,3.371939471048793,1.2918789638316113,25.141322860767684,363.1764927841349,0.6974826388888888,122.53020648590052,0.6953125,360.0
hcw,mppi_direct,300.0,1800.0,0.1,0.025,5.0,3.75,10.0,10.0,10,100.0,inf,cone,both,5000.0,10.0,0.01,30.0,0.01,256,20,3,0.5,0.1,0.99,10.0,256,20,0,128,90,3.431767640106912,1.647616734675497,24.13801930840089,399.6547949307278,0.7025682903821452,127.25978835103156,0.703125,360.0
hcw,mppi_direct,300.0,1800.0,0.1,0.025,5.0,4.5,10.0,10.0,10,100.0,inf,cone,both,5000.0,10.0,0.01,30.0,0.01,256,20,3,0.5,0.1,0.99,10.0,256,20,0,128,90,3.442459599533736,1.718620632483742,23.919664995255747,402.6846746784113,0.7031866776315789,127.22913202258688,0.703125,360.0
hcw,mppi_direct,300.0,1800.0,0.1,0.025,5.0,5.0,10.0,10.0,10,100.0,inf,cone,both,5000.0,10.0,0.01,30.0,0.01,256,20,3,0.5,0.1,0.99,10.0,256,20,0,128,90,3.442455892080355,1.719047815553277,23.934970506006017,402.4410861240684,0.7032300804093568,127.21230927651752,0.703125,360.0
hcw,mppi_direct,300.0,1800.0,0.1,0.025,5.0,5.5,10.0,10.0,10,100.0,inf,cone,both,5000.0,10.0,0.01,30.0,0.01,256,20,3,0.5,0.1,0.99,10.0,256,20,0,128,90,3.442443419457709,1.7190561088486829,23.93527290578931,402.43362029371167,0.7032300804093568,127.21218287606496,0.703125,360.0
hcw,mppi_direct,300.0,1800.0,0.1,0.025,5.0,6.25,10.0,10.0,10,100.0,inf,cone,both,5000.0,10.0,0.01,30.0,0.01,256,20,3,0.5,0.1,0.99,10.0,256,20,0,128,90,3.442443419457709,1.719056002517893,23.93527290578931,402.4336338772964,0.7032300804093568,127.21218290598658,0.703125,360.0
hcw,mppi_direct,300.0,1800.0,0.1,0.025,5.0,7.5,10.0,10.0,10,100.0,inf,cone,both,5000.0,10.0,0.01,30.0,0.01,256,20,3,0.5,0.1,0.99,10.0,256,20,0,128,90,3.442443419457709,1.719056002517893,23.93527290578931,402.4336338772964,0.7032300804093568,127.21218290598658,0.703125,360.0
hcw,mppi_direct,300.0,1800.0,0.1,0.025,5.0,10.0,10.0,10.0,10,100.0,inf,cone,both,5000.0,10.0,0.01,30.0,0.01,256,20,3,0.5,0.1,0.99,10.0,256,20,0,128,90,3.442443419457709,1.719056002517893,23.93527290578931,402.4336338772964,0.7032300804093568,127.21218290598658,0.703125,360.0
hcw,mppi_direct,300.0,1800.0,0.1,0.025,5.0,inf,10.0,10.0,10,100.0,inf,cone,both,5000.0,10.0,0.01,30.0,0.01,256,20,3,0.5,0.1,0.99,10.0,256,20,0,128,90,3.442443419457709,1.719056002517893,23.93527290578931,402.4336338772964,0.7032300804093568,127.21218290598658,0.703125,360.0
hcw,mppi_direct,300.0,1800.0,0.1,0.05,5.0,1.25,10.0,10.0,10,100.0,inf,cone,both,5000.0,10.0,0.01,30.0,0.01,256,20,3,0.5,0.1,0.99,10.0,256,20,0,128,89,4.320750861247921,1.222013490132568,26.65573353195623,756.8290669140266,0.6953125,300.5909992574672,0.6953125,580.0
hcw,mppi_direct,300.0,1800.0,0.1,0.05,5.0,2.5,10.0,10.0,10,100.0,inf,cone,both,5000.0,10.0,0.01,30.0,0.01,256,20,3,0.5,0.1,0.99,10.0,256,20,0,128,7,4.344989518173609,2.415552878631288,31.7376783720085,2075.2918635724204,0.6953125,511.4160896121825,0.0546875,250.0
hcw,mppi_direct,300.0,1800.0,0.1,0.05,5.0,3.75,10.0,10.0,10,100.0,inf,cone,both,5000.0,10.0,0.01,30.0,0.01,256,20,3,0.5,0.1,0.99,10.0,256,20,0,128,6,4.368461708252767,3.619642069001627,31.59977769677669,3573.75752745978,0.6953125,639.8508581361572,0.046875,255.0
hcw,mppi_direct,300.0,1800.0,0.1,0.05,5.0,4.5,10.0,10.0,10,100.0,inf,cone,both,5000.0,10.0,0.01,30.0,0.01,256,20,3,0.5,0.1,0.99,10.0,256,20,0,128,6,4.368461708252767,4.334486079047862,31.629775535949207,4249.353064909908,0.6953125,690.7734567661771,0.046875,255.0
hcw,mppi_direct,300.0,1800.0,0.1,0.05,5.0,5.0,10.0,10.0,10,100.0,inf,cone,both,5000.0,10.0,0.01,30.0,0.01,256,20,3,0.5,0.1,0.99,10.0,256,20,0,128,6,4.368461708252767,4.811048579047862,31.62973687175383,4623.399871997036,0.6950086805555555,715.4208791612663,0.046875,255.0
hcw,mppi_direct,300.0,1800.0,0.1,0.05,5.0,5.5,10.0,10.0,10,100.0,inf,cone,both,5000.0,10.0,0.01,30.0,0.01,256,20,3,0.5,0.1,0.99,10.0,256,20,0,128,6,4.368461708252767,5.287611079047862,31.629745845800823,4942.529955616511,0.6934027777777778,733.7224254335115,0.046875,255.0
hcw,mppi_direct,300.0,1800.0,0.1,0.05,5.0,6.25,10.0,10.0,10,100.0,inf,cone,both,5000.0,10.0,0.01,30.0,0.01,256,20,3,0.5,0.1,0.99,10.0,256,20,0,128,6,4.368461708252767,6.002454829047862,31.629745845800823,5309.047329709025,0.6901475694444444,751.3143351142725,0.046875,255.0
hcw,mppi_direct,300.0,1800.0,0.1,0.05,5.0,7.5,10.0,10.0,10,100.0,inf,cone,both,5000.0,10.0,0.01,30.0,0.01,256,20,3,0.5,0.1,0.99,10.0,256,20,0,128,6,4.368461708252767,7.193861079047862,31.629745845800823,5666.99846176084,0.6845052083333334,763.7897314766122,0.046875,255.0
hcw,mppi_direct,300.0,1800.0,0.1,0.05,5.0,10.0,10.0,10.0,10,100.0,inf,cone,both,5000.0,10.0,0.01,30.0,0.01,256,20,3,0.5,0.1,0.99,10.0,256,20,0,128,6,4.368461708252767,8.049227206940072,31.629745845800823,5732.18447323092,0.6837239583333333,765.1053463334937,0.046875,255.0
hcw,mppi_direct,300.0,1800.0,0.1,0.05,5.0,inf,10.0,10.0,10,100.0,inf,cone,both,5000.0,10.0,0.01,30.0,0.01,256,20,3,0.5,0.1,0.99,10.0,256,20,0,128,6,4.368461708252767,8.049134465827374,31.629745845800823,5732.072020406356,0.6837239583333333,765.1032748583336,0.046875,255.0
hcw,mppi_direct,300.0,1800.0,0.1,0.075,5.0,1.25,10.0,10.0,10,100.0,inf,cone,both,5000.0,10.0,0.01,30.0,0.01,256,20,3,0.5,0.1,0.99,10.0,256,20,0,128,90,4.454780364924911,1.2466428117129642,29.947960778376057,795.019767493219,0.701891447368421,323.33074985933433,0.703125,580.0
hcw,mppi_direct,300.0,1800.0,0.1,0.075,5.0,2.5,10.0,10.0,10,100.0,inf,cone,both,5000.0,10.0,0.01,30.0,0.01,256,20,3,0.5,0.1,0.99,10.0,256,20,0,128,5,4.399571050825864,2.4630626353255205,41.8460175801482,1847.2715195193368,0.6953125,582.3949858583195,0.0390625,240.0
hcw,mppi_direct,300.0,1800.0,0.1,0.075,5.0,3.75,10.0,10.0,10,100.0,inf,cone,both,5000.0,10.0,0.01,30.0,0.01,256,20,3,0.5,0.1,0.99,10.0,256,20,0,128,2,4.43942938578355,3.712612562683108,41.739121364125054,3745.8221874857695,0.6953125,784.0577274343372,0.015625,225.0
hcw,mppi_direct,300.0,1800.0,0.1,0.075,5.0,4.5,10.0,10.0,10,100.0,inf,cone,both,5000.0,10.0,0.01,30.0,0.01,256,20,3,0.5,0.1,0.99,10.0,256,20,0,128,4,4.397308109686561,4.403787446621064,41.29626856073992,4662.660671986494,0.6951822916666667,872.1427778570061,0.03125,230.0
hcw,mppi_direct,300.0,1800.0,0.1,0.075,5.0,5.0,10.0,10.0,10,100.0,inf,cone,both,5000.0,10.0,0.01,30.0,0.01,256,20,3,0.5,0.1,0.99,10.0,256,20,0,128,4,4.397305384367924,4.888651301173239,41.33293437974968,5261.880579418206,0.6904079861111111,925.5225968139168,0.03125,230.0
hcw,mppi_direct,300.0,1800.0,0.1,0.075,5.0,5.5,10.0,10.0,10,100.0,inf,cone,both,5000.0,10.0,0.01,30.0,0.01,256,20,3,0.5,0.1,0.99,10.0,256,20,0,128,4,4.397305384367924,5.372994519594556,41.33061650896994,5812.812484753081,0.67890625,971.2503144919992,0.03125,230.0
hcw,mppi_direct,300.0,1800.0,0.1,0.075,5.0,6.25,10.0,10.0,10,100.0,inf,cone,both,5000.0,10.0,0.01,30.0,0.01,256,20,3,0.5,0.1,0.99,10.0,256,20,0,128,4,4.397305384367924,6.0995565385837,41.33055682476351,6530.0038253946905,0.6571180555555556,1027.5457945036464,0.03125,230.0
hcw,mppi_direct,300.0,1800.0,0.1,0.075,5.0,7.5,10.0,10.0,10,100.0,inf,cone,both,5000.0,10.0,0.01,30.0,0.01,256,20,3,0.5,0.1,0.99,10.0,256,20,0,128,4,4.397305384367924,7.3104940385837,41.33055682476351,7550.365456919019,0.6252604166666667,1098.8635603004516,0.03125,230.0
hcw,mppi_direct,300.0,1800.0,0.1,0.075,5.0,10.0,10.0,10.0,10,100.0,inf,cone,both,5000.0,10.0,0.01,30.0,0.01,256,20,3,0.5,0.1,0.99,10.0,256,20,0,128,4,4.397305384367924,9.7323690385837,41.33055682476351,8872.64392929182,0.5904079861111111,1170.381938933557,0.03125,230.0
hcw,mppi_direct,300.0,1800.0,0.1,0.075,5.0,inf,10.0,10.0,10,100.0,inf,cone,both,5000.0,10.0,0.01,30.0,0.01,256,20,3,0.5,0.1,0.99,10.0,256,20,0,128,4,4.397305384367924,12.396288839400055,41.33055682476351,9328.81069034134,0.5881944444444445,1196.9917364728672,0.03125,230.0
hcw,mppi_direct,300.0,1800.0,0.1,0.09,5.0,1.25,10.0,10.0,10,100.0,inf,cone,both,5000.0,10.0,0.01,30.0,0.01,256,20,3,0.5,0.1,0.99,10.0,256,20,0,128,91,4.516580382145615,1.25,32.71637857477001,811.1479459516596,0.708224629461585,331.28654234832777,0.7109375,570.0
hcw,mppi_direct,300.0,1800.0,0.1,0.09,5.0,2.5,10.0,10.0,10,100.0,inf,cone,both,5000.0,10.0,0.01,30.0,0.01,256,20,3,0.5,0.1,0.99,10.0,256,20,0,128,3,4.426655364924912,2.4779175757825302,47.44852523652284,1808.8513863399976,0.702734375,590.4891732756024,0.0234375,210.0
hcw,mppi_direct,300.0,1800.0,0.1,0.09,5.0,3.75,10.0,10.0,10,100.0,inf,cone,both,5000.0,10.0,0.01,30.0,0.01,256,20,3,0.5,0.1,0.99,10.0,256,20,0,128,2,4.462235795496588,3.715295745498381,49.386199195133216,3757.6015754090463,0.7100260416666667,789.8515191508366,0.015625,215.0
hcw,mppi_direct,300.0,1800.0,0.1,0.09,5.0,4.5,10.0,10.0,10,100.0,inf,cone,both,5000.0,10.0,0.01,30.0,0.01,256,20,3,0.5,0.1,0.99,10.0,256,20,0,128,1,4.472819958631738,4.47687435464618,50.28150603039165,4942.561449721979,0.7010850694444445,922.5836799319076,0.0078125,220.0
hcw,mppi_direct,300.0,1800.0,0.1,0.09,5.0,5.0,10.0,10.0,10,100.0,inf,cone,both,5000.0,10.0,0.01,30.0,0.01,256,20,3,0.5,0.1,0.99,10.0,256,20,0,128,3,4.415364528060061,4.920677609573731,49.78871569411202,5605.271083245903,0.6825520833333333,1010.5927599353632,0.0234375,210.0
hcw,mppi_direct,300.0,1800.0,0.1,0.09,5.0,5.5,10.0,10.0,10,100.0,inf,cone,both,5000.0,10.0,0.01,30.0,0.01,256,20,3,0.5,0.1,0.99,10.0,256,20,0,128,2,4.437239528060061,5.438029686184999,49.80143406847788,6246.008118809176,0.6667534722222223,1068.2894606829118,0.015625,210.0
hcw,mppi_direct,300.0,1800.0,0.1,0.09,5.0,6.25,10.0,10.0,10,100.0,inf,cone,both,5000.0,10.0,0.01,30.0,0.01,256,20,3,0.5,0.1,0.99,10.0,256,20,0,128,2,4.437239528060061,6.176278853152498,49.85350742177242,7141.255093364499,0.637109375,1147.1632639681293,0.015625,210.0
hcw,mppi_direct,300.0,1800.0,0.1,0.09,5.0,7.5,10.0,10.0,10,100.0,inf,cone,both,5000.0,10.0,0.01,30.0,0.01,256,20,3,0.5,0.1,0.99,10.0,256,20,0,128,2,4.437239528060061,7.406745550111994,49.85084235112772,8413.093915417532,0.5950954861111111,1248.6711283293362,0.015625,210.0
hcw,mppi_direct,300.0,1800.0,0.1,0.09,5.0,10.0,10.0,10.0,10,100.0,inf,cone,both,5000.0,10.0,0.01,30.0,0.01,256,20,3,0.5,0.1,0.99,10.0,256,20,0,128,2,4.437239528060061,9.867683050111994,49.85084235112772,10314.5599409536,0.5401909722222222,1371.8920784323052,0.015625,210.0
hcw,mppi_direct,300.0,1800.0,0.1,0.09,5.0,inf,10.0,10.0,10,100.0,inf,cone,both,5000.0,10.0,0.01,30.0,0.01,256,20,3,0.5,0.1,0.99,10.0,256,20,0,128,2,4.437239528060061,15.113314454970062,49.85084235112772,11835.294518388662,0.5330295138888889,1495.4961770503398,0.015625,210.0
hcw,mppi_direct,300.0,1800.0,0.1,0.1,5.0,1.25,10.0,10.0,10,100.0,inf,cone,both,5000.0,10.0,0.01,30.0,0.01,256,20,3,0.5,0.1,0.99,10.0,256,20,0,128,91,4.516580382145615,1.25,34.739032945631905,813.397726822085,0.7073049916573971,338.3473769134416,0.7109375,570.0
hcw,mppi_direct,300.0,1800.0,0.1,0.1,5.0,2.5,10.0,10.0,10,100.0,inf,cone,both,5000.0,10.0,0.01,30.0,0.01,256,20,3,0.5,0.1,0.99,10.0,256,20,0,128,3,4.467171539892524,2.480188250314402,51.00604670459277,1720.467226563366,0.7252604166666666,558.5174941308311,0.0234375,210.0
hcw,mppi_direct,300.0,1800.0,0.1,0.1,5.0,3.75,10.0,10.0,10,100.0,inf,cone,both,5000.0,10.0,0.01,30.0,0.01,256,20,3,0.5,0.1,0.99,10.0,256,20,0,128,2,4.461702343164568,3.719646438657089,57.084344710718334,3791.7190634480394,0.71015625,817.5247255858986,0.015625,215.0
hcw,mppi_direct,300.0,1800.0,0.1,0.1,5.0,4.5,10.0,10.0,10,100.0,inf,cone,both,5000.0,10.0,0.01,30.0,0.01,256,20,3,0.5,0.1,0.99,10.0,256,20,0,128,1,4.472038708631738,4.477649924377049,55.15735888906946,5028.296802966099,0.6994357638888888,962.9740411387812,0.0078125,210.0
hcw,mppi_direct,300.0,1800.0,0.1,0.1,5.0,5.0,10.0,10.0,10,100.0,inf,cone,both,5000.0,10.0,0.01,30.0,0.01,256,20,3,0.5,0.1,0.99,10.0,256,20,0,128,0,4.4946949586317375,5.0,55.62164503838928,5789.382937852054,0.68515625,1029.0394428000684,0.0,
hcw,mppi_direct,300.0,1800.0,0.1,0.1,5.0,5.5,10.0,10.0,10,100.0,inf,cone,both,5000.0,10.0,0.01,30.0,0.01,256,20,3,0.5,0.1,0.99,10.0,256,20,0,128,1,4.472038708631738,5.4711201622311245,55.08812523514652,6470.798504943207,0.6648871527777778,1090.3722420201427,0.0078125,210.0
hcw,mppi_direct,300.0,1800.0,0.1,0.1,5.0,6.25,10.0,10.0,10,100.0,inf,cone,both,5000.0,10.0,0.01,30.0,0.01,256,20,3,0.5,0.1,0.99,10.0,256,20,0,128,1,4.472038708631738,6.215121207351613,55.26672942882511,7403.728847550622,0.6328125,1173.489247934387,0.0078125,210.0
hcw,mppi_direct,300.0,1800.0,0.1,0.1,5.0,7.5,10.0,10.0,10,100.0,inf,cone,both,5000.0,10.0,0.01,30.0,0.01,256,20,3,0.5,0.1,0.99,10.0,256,20,0,128,1,4.472038708631738,7.455343423772358,55.263104043786,8844.461511349422,0.5835069444444444,1293.0227507104646,0.0078125,210.0
hcw,mppi_direct,300.0,1800.0,0.1,0.1,5.0,10.0,10.0,10.0,10,100.0,inf,cone,both,5000.0,10.0,0.01,30.0,0.01,256,20,3,0.5,0.1,0.99,10.0,256,20,0,128,1,4.472038708631738,9.935812177117876,55.26310628674645,11049.46905867195,0.5191840277777777,1447.6471648494755,0.0078125,210.0
hcw,mppi_direct,300.0,1800.0,0.1,0.1,5.0,inf,10.0,10.0,10,100.0,inf,cone,both,5000.0,10.0,0.01,30.0,0.01,256,20,3,0.5,0.1,0.99,10.0,256,20,0,128,1,4.472038708631738,16.928803278979903,55.26310628674645,13503.803840011728,0.5070746527777777,1665.1364317469636,0.0078125,210.0
hcw,mppi_direct,300.0,1800.0,0.1,0.11,5.0,1.25,10.0,10.0,10,100.0,inf,cone,both,5000.0,10.0,0.01,30.0,0.01,256,20,3,0.5,0.1,0.99,10.0,256,20,0,128,91,4.509563343028466,1.25,38.50698355620513,831.265886124592,0.7080592105263158,345.4173840024174,0.7109375,570.0
hcw,mppi_direct,300.0,1800.0,0.1,0.11,5.0,2.5,10.0,10.0,10,100.0,inf,cone,both,5000.0,10.0,0.01,30.0,0.01,256,20,3,0.5,0.1,0.99,10.0,256,20,0,128,1,4.502781500687735,2.4939767010750185,56.4755936783966,1817.968984067008,0.7177083333333333,594.1620066887779,0.0078125,190.0
hcw,mppi_direct,300.0,1800.0,0.1,0.11,5.0,3.75,10.0,10.0,10,100.0,inf,cone,both,5000.0,10.0,0.01,30.0,0.01,256,20,3,0.5,0.1,0.99,10.0,256,20,0,128,0,4.506767045496588,3.75,62.01613274566628,3843.866538068002,0.71015625,836.921886062201,0.0,
hcw,mppi_direct,300.0,1800.0,0.1,0.11,5.0,4.5,10.0,10.0,10,100.0,inf,cone,both,5000.0,10.0,0.01,30.0,0.01,256,20,3,0.5,0.1,0.99,10.0,256,20,0,128,2,4.470991856972409,4.458079169135136,61.83064342203701,5055.065330802671,0.7127170138888889,946.94640775419,0.015625,200.0
hcw,mppi_direct,300.0,1800.0,0.1,0.11,5.0,5.0,10.0,10.0,10,100.0,inf,cone,both,5000.0,10.0,0.01,30.0,0.01,256,20,3,0.5,0.1,0.99,10.0,256,20,0,128,1,4.497535426405055,4.974437512982585,60.20857185345975,5779.268487963171,0.695703125,1004.767107892818,0.0078125,200.0
hcw,mppi_direct,300.0,1800.0,0.1,0.11,5.0,5.5,10.0,10.0,10,100.0,inf,cone,both,5000.0,10.0,0.01,30.0,0.01,256,20,3,0.5,0.1,0.99,10.0,256,20,0,128,0,4.508900839540205,5.5,60.79507097920923,6597.3062028046825,0.6657986111111112,1102.977925024263,0.0,
hcw,mppi_direct,300.0,1800.0,0.1,0.11,5.0,6.25,10.0,10.0,10,100.0,inf,cone,both,5000.0,10.0,0.01,30.0,0.01,256,20,3,0.5,0.1,0.99,10.0,256,20,0,128,0,4.508900839540205,6.25,60.329863158011925,7653.318971009671,0.6289496527777778,1192.0752205019523,0.0,
hcw,mppi_direct,300.0,1800.0,0.1,0.11,5.0,7.5,10.0,10.0,10,100.0,inf,cone,both,5000.0,10.0,0.01,30.0,0.01,256,20,3,0.5,0.1,0.99,10.0,256,20,0,128,0,4.508900839540205,7.5,60.40954311877776,9188.0608543308,0.5755642361111111,1325.144144720142,0.0,
hcw,mppi_direct,300.0,1800.0,0.1,0.11,5.0,10.0,10.0,10.0,10,100.0,inf,cone,both,5000.0,10.0,0.01,30.0,0.01,256,20,3,0.5,0.1,0.99,10.0,256,20,0,128,0,4.508900839540205,10.0,60.40600458235186,11688.359132194058,0.5008680555555556,1508.5097399541417,0.0,
hcw,mppi_direct,300.0,1800.0,0.1,0.11,5.0,inf,10.0,10.0,10,100.0,inf,cone,both,5000.0,10.0,0.01,30.0,0.01,256,20,3,0.5,0.1,0.99,10.0,256,20,0,128,0,4.508900839540205,18.76841113347812,60.40600458235186,15237.414431325014,0.4835503472222222,1844.2082722804823,0.0,
hcw,mppi_direct,300.0,1800.0,0.1,0.125,5.0,1.25,10.0,10.0,10,100.0,inf,cone,both,5000.0,10.0,0.01,30.0,0.01,256,20,3,0.5,0.1,0.99,10.0,256,20,0,128,90,4.49722514998976,1.25,42.01398575504253,851.3916804253079,0.7017780172413793,356.0373896854085,0.703125,560.0
hcw,mppi_direct,300.0,1800.0,0.1,0.125,5.0,2.5,10.0,10.0,10,100.0,inf,cone,both,5000.0,10.0,0.01,30.0,0.01,256,20,3,0.5,0.1,0.99,10.0,256,20,0,128,1,4.4895653346137365,2.4966507953758037,72.03421058408847,1865.704232810556,0.7102430555555556,623.6380525038815,0.0078125,190.0
hcw,mppi_direct,300.0,1800.0,0.1,0.125,5.0,3.75,10.0,10.0,10,100.0,inf,cone,both,5000.0,10.0,0.01,30.0,0.01,256,20,3,0.5,0.1,0.99,10.0,256,20,0,128,2,4.474306951636386,3.724058315166889,69.5450099210513,3822.878963955743,0.7175347222222223,853.2673718901965,0.015625,205.0
hcw,mppi_direct,300.0,1800.0,0.1,0.125,5.0,4.5,10.0,10.0,10,100.0,inf,cone,both,5000.0,10.0,0.01,30.0,0.01,256,20,3,0.5,0.1,0.99,10.0,256,20,0,128,2,4.473979179893317,4.461191071911762,74.20699931365206,5076.332924738101,0.7108940972222222,958.5088518102154,0.015625,195.0
hcw,mppi_direct,300.0,1800.0,0.1,0.125,5.0,5.0,10.0,10.0,10,100.0,inf,cone,both,5000.0,10.0,0.01,30.0,0.01,256,20,3,0.5,0.1,0.99,10.0,256,20,0,128,1,4.508635237880877,4.977164577050663,71.69494304729656,5876.224398040165,0.6995225694444445,1019.4996153323484,0.0078125,200.0
hcw,mppi_direct,300.0,1800.0,0.1,0.125,5.0,5.5,10.0,10.0,10,100.0,inf,cone,both,5000.0,10.0,0.01,30.0,0.01,256,20,3,0.5,0.1,0.99,10.0,256,20,0,128,0,4.520972926405055,5.5,69.97029139200477,6697.197891511924,0.6661458333333333,1113.3525641960614,0.0,
hcw,mppi_direct,300.0,1800.0,0.1,0.125,5.0,6.25,10.0,10.0,10,100.0,inf,cone,both,5000.0,10.0,0.01,30.0,0.01,256,20,3,0.5,0.1,0.99,10.0,256,20,0,128,1,4.496359421992737,6.21732798959353,69.59459464184339,7789.201561485496,0.6258246527777778,1212.7679689467825,0.0078125,190.0
hcw,mppi_direct,300.0,1800.0,0.1,0.125,5.0,7.5,10.0,10.0,10,100.0,inf,cone,both,5000.0,10.0,0.01,30.0,0.01,256,20,3,0.5,0.1,0.99,10.0,256,20,0,128,1,4.496443832399756,7.457748531076223,69.38008325903336,9487.390495684587,0.5645833333333333,1362.9629662119123,0.0078125,190.0
hcw,mppi_direct,300.0,1800.0,0.1,0.125,5.0,10.0,10.0,10.0,10,100.0,inf,cone,both,5000.0,10.0,0.01,30.0,0.01,256,20,3,0.5,0.1,0.99,10.0,256,20,0,128,1,4.4964429056220965,9.93822357592182,69.37850240636017,12327.840224228692,0.4813802083333333,1586.3335051194808,0.0078125,190.0
hcw,mppi_direct,300.0,1800.0,0.1,0.125,5.0,inf,10.0,10.0,10,100.0,inf,cone,both,5000.0,10.0,0.01,30.0,0.01,256,20,3,0.5,0.1,0.99,10.0,256,20,0,128,1,4.4964429056220965,21.19564599481611,69.37850240636017,17599.11299235215,0.4572916666666666,2130.4509181487665,0.0078125,190.0
hcw,mppi_direct,300.0,1800.0,0.1,0.15,5.0,1.25,10.0,10.0,10,100.0,inf,cone,both,5000.0,10.0,0.01,30.0,0.01,256,20,3,0.5,0.1,0.99,10.0,256,20,0,128,94,4.526003196143422,1.25,45.66647550055763,812.2685291638612,0.7284662664379645,338.1471125556723,0.734375,550.0
hcw,mppi_direct,300.0,1800.0,0.1,0.15,5.0,2.5,10.0,10.0,10,100.0,inf,cone,both,5000.0,10.0,0.01,30.0,0.01,256,20,3,0.5,0.1,0.99,10.0,256,20,0,128,0,4.565424915868298,2.5,98.28702037359024,1860.157043130672,0.7407118055555556,584.8347485691168,0.0,
hcw,mppi_direct,300.0,1800.0,0.1,0.15,5.0,3.75,10.0,10.0,10,100.0,inf,cone,both,5000.0,10.0,0.01,30.0,0.01,256,20,3,0.5,0.1,0.99,10.0,256,20,0,128,0,4.521924123818526,3.75,92.05087174718426,3924.351223801737,0.71796875,892.6105477169556,0.0,
hcw,mppi_direct,300.0,1800.0,0.1,0.15,5.0,4.5,10.0,10.0,10,100.0,inf,cone,both,5000.0,10.0,0.01,30.0,0.01,256,20,3,0.5,0.1,0.99,10.0,256,20,0,128,2,4.472091875262817,4.466598608674558,89.44839272288867,5275.173365678498,0.7095486111111111,1037.75147861313,0.015625,190.0
hcw,mppi_direct,300.0,1800.0,0.1,0.15,5.0,5.0,10.0,10.0,10,100.0,inf,cone,both,5000.0,10.0,0.01,30.0,0.01,256,20,3,0.5,0.1,0.99,10.0,256,20,0,128,0,4.520529375262817,5.0,90.72968539117916,6180.991855763848,0.6840277777777778,1097.6366910809977,0.0,
hcw,mppi_direct,300.0,1800.0,0.1,0.15,5.0,5.5,10.0,10.0,10,100.0,inf,cone,both,5000.0,10.0,0.01,30.0,0.01,256,20,3,0.5,0.1,0.99,10.0,256,20,0,128,1,4.509297741369138,5.477912584098644,95.64638131448132,7033.59681233744,0.6542100694444445,1183.0911898816987,0.0078125,200.0
hcw,mppi_direct,300.0,1800.0,0.1,0.15,5.0,6.25,10.0,10.0,10,100.0,inf,cone,both,5000.0,10.0,0.01,30.0,0.01,256,20,3,0.5,0.1,0.99,10.0,256,20,0,128,2,4.472416679893317,6.189627785138581,91.6788828170986,8205.96804545139,0.6126736111111111,1320.2381166480336,0.015625,185.0
hcw,mppi_direct,300.0,1800.0,0.1,0.15,5.0,7.5,10.0,10.0,10,100.0,inf,cone,both,5000.0,10.0,0.01,30.0,0.01,256,20,3,0.5,0.1,0.99,10.0,256,20,0,128,1,4.523340592886703,7.460840250158515,91.16808153565066,10055.328431191076,0.5510850694444445,1434.2399867441918,0.0078125,190.0
hcw,mppi_direct,300.0,1800.0,0.1,0.15,5.0,10.0,10.0,10.0,10,100.0,inf,cone,both,5000.0,10.0,0.01,30.0,0.01,256,20,3,0.5,0.1,0.99,10.0,256,20,0,128,1,4.522559342886703,9.9411597487883,90.71926292736266,13289.558475487767,0.4538628472222222,1708.5433982755578,0.0078125,180.0
hcw,mppi_direct,300.0,1800.0,0.1,0.15,5.0,inf,10.0,10.0,10,100.0,inf,cone,both,5000.0,10.0,0.01,30.0,0.01,256,20,3,0.5,0.1,0.99,10.0,256,20,0,128,1,4.522559342886703,25.45476434363796,90.71620522085531,21757.92524498286,0.41796875,2687.7727394196704,0.0078125,180.0
hcw,mppi_direct,300.0,1800.0,0.1,0.2,5.0,1.25,10.0,10.0,10,100.0,inf,cone,both,5000.0,10.0,0.01,30.0,0.01,256,20,3,0.5,0.1,0.99,10.0,256,20,0,128,97,4.526314438256352,1.25,52.89048354347905,766.972906097445,0.7511358641207854,326.7224591310832,0.7578125,540.0
hcw,mppi_direct,300.0,1800.0,0.1,0.2,5.0,2.5,10.0,10.0,10,100.0,inf,cone,both,5000.0,10.0,0.01,30.0,0.01,256,20,3,0.5,0.1,0.99,10.0,256,20,0,128,1,4.5287233127172914,2.5,133.32676626604265,2302.132845481554,0.7178385416666667,692.8710714176746,0.0078125,780.0
hcw,mppi_direct,300.0,1800.0,0.1,0.2,5.0,3.75,10.0,10.0,10,100.0,inf,cone,both,5000.0,10.0,0.01,30.0,0.01,256,20,3,0.5,0.1,0.99,10.0,256,20,0,128,1,4.528789500771024,3.739932660020276,144.56208740783322,3969.63796177599,0.7256510416666667,912.7734079882086,0.0078125,150.0
hcw,mppi_direct,300.0,1800.0,0.1,0.2,5.0,4.5,10.0,10.0,10,100.0,inf,cone,both,5000.0,10.0,0.01,30.0,0.01,256,20,3,0.5,0.1,0.99,10.0,256,20,0,128,0,4.5685566746680175,4.5,133.72579993046946,5407.162230372406,0.7319878472222222,1029.5338370572208,0.0,
hcw,mppi_direct,300.0,1800.0,0.1,0.2,5.0,5.0,10.0,10.0,10,100.0,inf,cone,both,5000.0,10.0,0.01,30.0,0.01,256,20,3,0.5,0.1,0.99,10.0,256,20,0,128,0,4.525031608829328,5.0,144.58419087085576,6789.539897392002,0.6713975694444444,1246.3240567381936,0.0,
hcw,mppi_direct,300.0,1800.0,0.1,0.2,5.0,5.5,10.0,10.0,10,100.0,inf,cone,both,5000.0,10.0,0.01,30.0,0.01,256,20,3,0.5,0.1,0.99,10.0,256,20,0,128,0,4.536653146426569,5.5,150.14304283697604,7819.358455191706,0.6348958333333333,1321.4734493961453,0.0,
hcw,mppi_direct,300.0,1800.0,0.1,0.2,5.0,6.25,10.0,10.0,10,100.0,inf,cone,both,5000.0,10.0,0.01,30.0,0.01,256,20,3,0.5,0.1,0.99,10.0,256,20,0,128,0,4.521806255866417,6.25,143.80455747874396,9259.443629396248,0.5763454861111111,1491.7979443421711,0.0,
hcw,mppi_direct,300.0,1800.0,0.1,0.2,5.0,7.5,10.0,10.0,10,100.0,inf,cone,both,5000.0,10.0,0.01,30.0,0.01,256,20,3,0.5,0.1,0.99,10.0,256,20,0,128,0,4.537494674056632,7.5,145.99232892487916,11638.175040885884,0.5065104166666666,1714.5324103179798,0.0,
hcw,mppi_direct,300.0,1800.0,0.1,0.2,5.0,10.0,10.0,10.0,10,100.0,inf,cone,both,5000.0,10.0,0.01,30.0,0.01,256,20,3,0.5,0.1,0.99,10.0,256,20,0,128,0,4.525351743484956,10.0,145.68083777011756,15603.657315459568,0.4037326388888889,2138.5661375656523,0.0,
hcw,mppi_direct,300.0,1800.0,0.1,0.2,5.0,inf,10.0,10.0,10,100.0,inf,cone,both,5000.0,10.0,0.01,30.0,0.01,256,20,3,0.5,0.1,0.99,10.0,256,20,0,128,0,4.539557624393424,34.23279212673668,145.2575346951844,31600.544216393788,0.353125,4227.607343866001,0.0,
hcw,mppi_lqr,300.0,1800.0,0.1,0.025,5.0,1.25,10.0,10.0,10,100.0,inf,cone,both,5000.0,10.0,0.01,30.0,0.01,256,20,3,0.5,0.1,0.99,10.0,256,20,0,128,89,3.5781747618234863,0.9793898184537314,44.803773989950805,597.2364498659954,0.706640625,226.8756046597652,0.6953125,470.0
hcw,mppi_lqr,300.0,1800.0,0.1,0.025,5.0,2.5,10.0,10.0,10,100.0,inf,cone,both,5000.0,10.0,0.01,30.0,0.01,256,20,3,0.5,0.1,0.99,10.0,256,20,0,128,89,3.5288832344950003,1.36714797955417,45.64702897915515,966.6261281743144,0.7028211805555555,319.5959998178984,0.6953125,470.0
hcw,mppi_lqr,300.0,1800.0,0.1,0.025,5.0,3.75,10.0,10.0,10,100.0,inf,cone,both,5000.0,10.0,0.01,30.0,0.01,256,20,3,0.5,0.1,0.99,10.0,256,20,0,128,89,3.528883234493664,1.7480073545426609,45.64702897896473,1109.5075042642827,0.7027777777777777,335.5008296157396,0.6953125,470.0
hcw,mppi_lqr,300.0,1800.0,0.1,0.025,5.0,4.5,10.0,10.0,10,100.0,inf,cone,both,5000.0,10.0,0.01,30.0,0.01,256,20,3,0.5,0.1,0.99,10.0,256,20,0,128,89,3.528883234493664,1.847766177726731,45.64702897896473,1114.8481682728166,0.7027777777777777,335.5383342484818,0.6953125,470.0
hcw,mppi_lqr,300.0,1800.0,0.1,0.025,5.0,5.0,10.0,10.0,10,100.0,inf,cone,both,5000.0,10.0,0.01,30.0,0.01,256,20,3,0.5,0.1,0.99,10.0,256,20,0,128,89,3.528883234493664,1.84762555873749,45.64702897896473,1114.6388963731674,0.7027777777777777,335.53079934979775,0.6953125,470.0
hcw,mppi_lqr,300.0,1800.0,0.1,0.025,5.0,5.5,10.0,10.0,10,100.0,inf,cone,both,5000.0,10.0,0.01,30.0,0.01,256,20,3,0.5,0.1,0.99,10.0,256,20,0,128,89,3.528883234493664,1.847658149228248,45.64702897896473,1114.6318934902492,0.7027777777777777,335.53068790447406,0.6953125,470.0
hcw,mppi_lqr,300.0,1800.0,0.1,0.025,5.0,6.25,10.0,10.0,10,100.0,inf,cone,both,5000.0,10.0,0.01,30.0,0.01,256,20,3,0.5,0.1,0.99,10.0,256,20,0,128,89,3.528883234493664,1.8476582259563064,45.64702897896473,1114.6319077598205,0.7027777777777777,335.5306879594711,0.6953125,470.0
hcw,mppi_lqr,300.0,1800.0,0.1,0.025,5.0,7.5,10.0,10.0,10,100.0,inf,cone,both,5000.0,10.0,0.01,30.0,0.01,256,20,3,0.5,0.1,0.99,10.0,256,20,0,128,89,3.528883234493664,1.8476582259563064,45.64702897896473,1114.6319077598205,0.7027777777777777,335.5306879594711,0.6953125,470.0
hcw,mppi_lqr,300.0,1800.0,0.1,0.025,5.0,10.0,10.0,10.0,10,100.0,inf,cone,both,5000.0,10.0,0.01,30.0,0.01,256,20,3,0.5,0.1,0.99,10.0,256,20,0,128,89,3.528883234493664,1.8476582259563064,45.64702897896473,1114.6319077598205,0.7027777777777777,335.5306879594711,0.6953125,470.0
hcw,mppi_lqr,300.0,1800.0,0.1,0.025,5.0,inf,10.0,10.0,10,100.0,inf,cone,both,5000.0,10.0,0.01,30.0,0.01,256,20,3,0.5,0.1,0.99,10.0,256,20,0,128,89,3.528883234493664,1.8476582259563064,45.64702897896473,1114.6319077598205,0.7027777777777777,335.5306879594711,0.6953125,470.0
hcw,mppi_lqr,300.0,1800.0,0.1,0.05,5.0,1.25,10.0,10.0,10,100.0,inf,cone,both,5000.0,10.0,0.01,30.0,0.01,256,20,3,0.5,0.1,0.99,10.0,256,20,0,128,89,4.109101793936949,1.25,70.39047666558754,751.3944742428779,0.7091145833333333,293.7597333406684,0.6953125,490.0
hcw,mppi_lqr,300.0,1800.0,0.1,0.05,5.0,2.5,10.0,10.0,10,100.0,inf,cone,both,5000.0,10.0,0.01,30.0,0.01,256,20,3,0.5,0.1,0.99,10.0,256,20,0,128,87,4.285466991958354,2.3681106047794054,68.61398787485398,1345.2271503904412,0.7048611111111112,494.6201389509042,0.6796875,550.0
hcw,mppi_lqr,300.0,1800.0,0.1,0.05,5.0,3.75,10.0,10.0,10,100.0,inf,cone,both,5000.0,10.0,0.01,30.0,0.01,256,20,3,0.5,0.1,0.99,10.0,256,20,0,128,86,4.2560182926984265,2.739842635331933,69.19441872538363,1825.0215012515007,0.7080295138888889,595.2658727405617,0.671875,500.0
hcw,mppi_lqr,300.0,1800.0,0.1,0.05,5.0,4.5,10.0,10.0,10,100.0,inf,cone,both,5000.0,10.0,0.01,30.0,0.01,256,20,3,0.5,0.1,0.99,10.0,256,20,0,128,86,4.257824863979403,2.99218174870661,69.18537459913497,2043.411265186894,0.707421875,636.3777949300696,0.671875,500.0
hcw,mppi_lqr,300.0,1800.0,0.1,0.05,5.0,5.0,10.0,10.0,10,100.0,inf,cone,both,5000.0,10.0,0.01,30.0,0.01,256,20,3,0.5,0.1,0.99,10.0,256,20,0,128,86,4.258622387899289,3.156710670705003,69.17893077945189,2171.116120522337,0.7055555555555556,658.608485716451,0.671875,500.0
hcw,mppi_lqr,300.0,1800.0,0.1,0.05,5.0,5.5,10.0,10.0,10,100.0,inf,cone,both,5000.0,10.0,0.01,30.0,0.01,256,20,3,0.5,0.1,0.99,10.0,256,20,0,128,86,4.258623525495255,3.320774307757228,69.1789492864368,2281.521727437973,0.7046875,674.4225142842413,0.671875,500.0
hcw,mppi_lqr,300.0,1800.0,0.1,0.05,5.0,6.25,10.0,10.0,10,100.0,inf,cone,both,5000.0,10.0,0.01,30.0,0.01,256,20,3,0.5,0.1,0.99,10.0,256,20,0,128,86,4.258623525495255,3.566868057757228,69.1789492864368,2410.6090739436286,0.7041232638888889,689.0004052740434,0.671875,500.0
hcw,mppi_lqr,300.0,1800.0,0.1,0.05,5.0,7.5,10.0,10.0,10,100.0,inf,cone,both,5000.0,10.0,0.01,30.0,0.01,256,20,3,0.5,0.1,0.99,10.0,256,20,0,128,86,4.258623525495255,3.9770243077572274,69.1789492864368,2541.833627887272,0.7037760416666666,699.6436126988032,0.671875,500.0
hcw,mppi_lqr,300.0,1800.0,0.1,0.05,5.0,10.0,10.0,10.0,10,100.0,inf,cone,both,5000.0,10.0,0.01,30.0,0.01,256,20,3,0.5,0.1,0.99,10.0,256,20,0,128,86,4.258623525495255,4.309388770521168,69.1789492864368,2571.353683009472,0.7037326388888889,700.4085205184451,0.671875,500.0
hcw,mppi_lqr,300.0,1800.0,0.1,0.05,5.0,inf,10.0,10.0,10,100.0,inf,cone,both,5000.0,10.0,0.01,30.0,0.01,256,20,3,0.5,0.1,0.99,10.0,256,20,0,128,86,4.258623525495255,4.309674549151649,69.1789492864368,2571.323344237172,0.7037326388888889,700.4086383928168,0.671875,500.0
hcw,mppi_lqr,300.0,1800.0,0.1,0.075,5.0,1.25,10.0,10.0,10,100.0,inf,cone,both,5000.0,10.0,0.01,30.0,0.01,256,20,3,0.5,0.1,0.99,10.0,256,20,0,128,89,4.425953557439842,1.25,85.45885594348269,783.9316295375961,0.7220052083333334,302.93839841905174,0.6953125,510.0
hcw,mppi_lqr,300.0,1800.0,0.1,0.075,5.0,2.5,10.0,10.0,10,100.0,inf,cone,both,5000.0,10.0,0.01,30.0,0.01,256,20,3,0.5,0.1,0.99,10.0,256,20,0,128,50,4.540020488069031,2.5,106.4487904117594,1791.0362182377794,0.7080295138888889,568.8911507371159,0.390625,560.0
hcw,mppi_lqr,300.0,1800.0,0.1,0.075,5.0,3.75,10.0,10.0,10,100.0,inf,cone,both,5000.0,10.0,0.01,30.0,0.01,256,20,3,0.5,0.1,0.99,10.0,256,20,0,128,1,4.548621952068048,3.7498254182252895,118.1041133786587,3537.971200188181,0.7083333333333334,754.2893372469321,0.0078125,560.0
hcw,mppi_lqr,300.0,1800.0,0.1,0.075,5.0,4.5,10.0,10.0,10,100.0,inf,cone,both,5000.0,10.0,0.01,30.0,0.01,256,20,3,0.5,0.1,0.99,10.0,256,20,0,128,0,4.533886979227705,4.5,126.20006731137671,4659.8258904901,0.704296875,857.1879085291235,0.0,
hcw,mppi_lqr,300.0,1800.0,0.1,0.075,5.0,5.0,10.0,10.0,10,100.0,inf,cone,both,5000.0,10.0,0.01,30.0,0.01,256,20,3,0.5,0.1,0.99,10.0,256,20,0,128,0,4.548621952068048,5.0,127.01301356610172,5287.354705904555,0.70703125,889.9371304756899,0.0,
hcw,mppi_lqr,300.0,1800.0,0.1,0.075,5.0,5.5,10.0,10.0,10,100.0,inf,cone,both,5000.0,10.0,0.01,30.0,0.01,256,20,3,0.5,0.1,0.99,10.0,256,20,0,128,0,4.533886979227705,5.5,127.81339275025287,5901.158579025159,0.6969618055555555,946.032036578269,0.0,
hcw,mppi_lqr,300.0,1800.0,0.1,0.075,5.0,6.25,10.0,10.0,10,100.0,inf,cone,both,5000.0,10.0,0.01,30.0,0.01,256,20,3,0.5,0.1,0.99,10.0,256,20,0,128,0,4.533886979227705,6.25,127.82738901174037,6680.342827665231,0.6769965277777777,999.6248405567728,0.0,
hcw,mppi_lqr,300.0,1800.0,0.1,0.075,5.0,7.5,10.0,10.0,10,100.0,inf,cone,both,5000.0,10.0,0.01,30.0,0.01,256,20,3,0.5,0.1,0.99,10.0,256,20,0,128,0,4.533886979227705,7.5,127.85235332183866,7762.522751914537,0.6434895833333333,1064.1868721871022,0.0,
hcw,mppi_lqr,300.0,1800.0,0.1,0.075,5.0,10.0,10.0,10.0,10,100.0,inf,cone,both,5000.0,10.0,0.01,30.0,0.01,256,20,3,0.5,0.1,0.99,10.0,256,20,0,128,0,4.533886979227705,10.0,127.85228398907094,9181.133525660796,0.6022569444444444,1134.948119222708,0.0,
hcw,mppi_lqr,300.0,1800.0,0.1,0.075,5.0,inf,10.0,10.0,10,100.0,inf,cone,both,5000.0,10.0,0.01,30.0,0.01,256,20,3,0.5,0.1,0.99,10.0,256,20,0,128,0,4.533886979227705,12.857750481622276,127.85228398907094,9693.094239987444,0.5997395833333333,1163.6594435981642,0.0,
hcw,mppi_lqr,300.0,1800.0,0.1,0.09,5.0,1.25,10.0,10.0,10,100.0,inf,cone,both,5000.0,10.0,0.01,30.0,0.01,256,20,3,0.5,0.1,0.99,10.0,256,20,0,128,90,4.43727748882367,1.25,88.58693515179338,797.8019737122437,0.7265332695578232,308.4856754035128,0.703125,510.0
hcw,mppi_lqr,300.0,1800.0,0.1,0.09,5.0,2.5,10.0,10.0,10,100.0,inf,cone,both,5000.0,10.0,0.01,30.0,0.01,256,20,3,0.5,0.1,0.99,10.0,256,20,0,128,32,4.578627818832303,2.5,113.39645016780597,2124.7932829303,0.7183066716269841,587.392462468681,0.25,560.0
hcw,mppi_lqr,300.0,1800.0,0.1,0.09,5.0,3.75,10.0,10.0,10,100.0,inf,cone,both,5000.0,10.0,0.01,30.0,0.01,256,20,3,0.5,0.1,0.99,10.0,256,20,0,128,5,4.575562423329627,3.75,197.0435747445011,3518.713824989469,0.7282118055555555,758.3763611699197,0.0390625,570.0
hcw,mppi_lqr,300.0,1800.0,0.1,0.09,5.0,4.5,10.0,10.0,10,100.0,inf,cone,both,5000.0,10.0,0.01,30.0,0.01,256,20,3,0.5,0.1,0.99,10.0,256,20,0,128,0,4.575562423329627,4.5,202.0465451048798,4657.305670279514,0.7234375,852.8743597385552,0.0,
hcw,mppi_lqr,300.0,1800.0,0.1,0.09,5.0,5.0,10.0,10.0,10,100.0,inf,cone,both,5000.0,10.0,0.01,30.0,0.01,256,20,3,0.5,0.1,0.99,10.0,256,20,0,128,0,4.534254844050579,5.0,201.35752381310508,5507.923377100597,0.709765625,971.4786142528058,0.0,
hcw,mppi_lqr,300.0,1800.0,0.1,0.09,5.0,5.5,10.0,10.0,10,100.0,inf,cone,both,5000.0,10.0,0.01,30.0,0.01,256,20,3,0.5,0.1,0.99,10.0,256,20,0,128,0,4.546264363065872,5.5,200.0734867896641,6231.699464788368,0.694921875,995.957841497663,0.0,
hcw,mppi_lqr,300.0,1800.0,0.1,0.09,5.0,6.25,10.0,10.0,10,100.0,inf,cone,both,5000.0,10.0,0.01,30.0,0.01,256,20,3,0.5,0.1,0.99,10.0,256,20,0,128,0,4.546397774622257,6.25,199.5436810919471,7140.884164934353,0.6671875,1070.8174406514268,0.0,
hcw,mppi_lqr,300.0,1800.0,0.1,0.09,5.0,7.5,10.0,10.0,10,100.0,inf,cone,both,5000.0,10.0,0.01,30.0,0.01,256,20,3,0.5,0.1,0.99,10.0,256,20,0,128,0,4.546397774622257,7.5,199.53147353528905,8536.493678529965,0.623828125,1164.4624207679426,0.0,
hcw,mppi_lqr,300.0,1800.0,0.1,0.09,5.0,10.0,10.0,10.0,10,100.0,inf,cone,both,5000.0,10.0,0.01,30.0,0.01,256,20,3,0.5,0.1,0.99,10.0,256,20,0,128,0,4.546397774622257,10.0,199.4867718408104,10581.237759375534,0.5647569444444445,1280.9562039338275,0.0,
hcw,mppi_lqr,300.0,1800.0,0.1,0.09,5.0,inf,10.0,10.0,10,100.0,inf,cone,both,5000.0,10.0,0.01,30.0,0.01,256,20,3,0.5,0.1,0.99,10.0,256,20,0,128,0,4.546397774622257,15.457053666366397,199.4867718408104,12224.856813052898,0.5537760416666666,1396.3858206816972,0.0,
hcw,mppi_lqr,300.0,1800.0,0.1,0.1,5.0,1.25,10.0,10.0,10,100.0,inf,cone,both,5000.0,10.0,0.01,30.0,0.01,256,20,3,0.5,0.1,0.99,10.0,256,20,0,128,90,4.440777537460746,1.25,91.41024003746304,799.2033284924474,0.7246202256944444,310.3972605378743,0.703125,500.0
hcw,mppi_lqr,300.0,1800.0,0.1,0.1,5.0,2.5,10.0,10.0,10,100.0,inf,cone,both,5000.0,10.0,0.01,30.0,0.01,256,20,3,0.5,0.1,0.99,10.0,256,20,0,128,31,4.563935650913981,2.5,117.89808268248656,2204.1992701735376,0.7220486111111111,592.4226200457142,0.2421875,560.0
hcw,mppi_lqr,300.0,1800.0,0.1,0.1,5.0,3.75,10.0,10.0,10,100.0,inf,cone,both,5000.0,10.0,0.01,30.0,0.01,256,20,3,0.5,0.1,0.99,10.0,256,20,0,128,0,4.580292717151425,3.75,239.052431572868,3520.765822995051,0.7344618055555555,770.1711131917742,0.0,
hcw,mppi_lqr,300.0,1800.0,0.1,0.1,5.0,4.5,10.0,10.0,10,100.0,inf,cone,both,5000.0,10.0,0.01,30.0,0.01,256,20,3,0.5,0.1,0.99,10.0,256,20,0,128,0,4.521038677976582,4.5,246.03014677390192,4880.908786874536,0.7124565972222222,1007.1615658053632,0.0,
hcw,mppi_lqr,300.0,1800.0,0.1,0.1,5.0,5.0,10.0,10.0,10,100.0,inf,cone,both,5000.0,10.0,0.01,30.0,0.01,256,20,3,0.5,0.1,0.99,10.0,256,20,0,128,0,4.568149786579749,5.0,246.15705327022528,5625.9885941264265,0.7138020833333334,992.2119036912094,0.0,
hcw,mppi_lqr,300.0,1800.0,0.1,0.1,5.0,5.5,10.0,10.0,10,100.0,inf,cone,both,5000.0,10.0,0.01,30.0,0.01,256,20,3,0.5,0.1,0.99,10.0,256,20,0,128,0,4.553414813739405,5.5,245.37498490996717,6385.774293617138,0.6989149305555555,1073.4352989333067,0.0,
hcw,mppi_lqr,300.0,1800.0,0.1,0.1,5.0,6.25,10.0,10.0,10,100.0,inf,cone,both,5000.0,10.0,0.01,30.0,0.01,256,20,3,0.5,0.1,0.99,10.0,256,20,0,128,0,4.553414813739405,6.25,244.2872771272658,7374.40721415021,0.6687934027777778,1150.777311328155,0.0,
hcw,mppi_lqr,300.0,1800.0,0.1,0.1,5.0,7.5,10.0,10.0,10,100.0,inf,cone,both,5000.0,10.0,0.01,30.0,0.01,256,20,3,0.5,0.1,0.99,10.0,256,20,0,128,0,4.553414813739405,7.5,244.77382319174276,8959.999497260007,0.6187065972222222,1266.2558186676554,0.0,
hcw,mppi_lqr,300.0,1800.0,0.1,0.1,5.0,10.0,10.0,10.0,10,100.0,inf,cone,both,5000.0,10.0,0.01,30.0,0.01,256,20,3,0.5,0.1,0.99,10.0,256,20,0,128,0,4.553414813739405,10.0,244.68331352964825,11351.719400375085,0.5490885416666667,1413.1986456808086,0.0,
hcw,mppi_lqr,300.0,1800.0,0.1,0.1,5.0,inf,10.0,10.0,10,100.0,inf,cone,both,5000.0,10.0,0.01,30.0,0.01,256,20,3,0.5,0.1,0.99,10.0,256,20,0,128,0,4.553414813739405,17.19051606462483,244.6831967023275,13991.423236118766,0.5310763888888889,1614.7947521693077,0.0,
hcw,mppi_lqr,300.0,1800.0,0.1,0.11,5.0,1.25,10.0,10.0,10,100.0,inf,cone,both,5000.0,10.0,0.01,30.0,0.01,256,20,3,0.5,0.1,0.99,10.0,256,20,0,128,91,4.415801111482723,1.25,91.22927032374996,790.8632202389715,0.7297448893506678,310.4506428833181,0.7109375,500.0
hcw,mppi_lqr,300.0,1800.0,0.1,0.11,5.0,2.5,10.0,10.0,10,100.0,inf,cone,both,5000.0,10.0,0.01,30.0,0.01,256,20,3,0.5,0.1,0.99,10.0,256,20,0,128,31,4.522003986284866,2.5,120.90722627270256,2340.706212265952,0.7028211805555555,632.8895351550606,0.2421875,560.0
hcw,mppi_lqr,300.0,1800.0,0.1,0.11,5.0,3.75,10.0,10.0,10,100.0,inf,cone,both,5000.0,10.0,0.01,30.0,0.01,256,20,3,0.5,0.1,0.99,10.0,256,20,0,128,0,4.565557744311082,3.75,252.847626142437,3574.501144473037,0.7296875,842.9428783014082,0.0,
hcw,mppi_lqr,300.0,1800.0,0.1,0.11,5.0,4.5,10.0,10.0,10,100.0,inf,cone,both,5000.0,10.0,0.01,30.0,0.01,256,20,3,0.5,0.1,0.99,10.0,256,20,0,128,0,4.582650306153602,4.5,276.65435962040846,4436.685822018188,0.7359375,903.378462355426,0.0,
hcw,mppi_lqr,300.0,1800.0,0.1,0.11,5.0,5.0,10.0,10.0,10,100.0,inf,cone,both,5000.0,10.0,0.01,30.0,0.01,256,20,3,0.5,0.1,0.99,10.0,256,20,0,128,0,4.552341578237084,5.0,278.82919233110454,5425.691090600383,0.7198350694444444,1048.8710730606315,0.0,
hcw,mppi_lqr,300.0,1800.0,0.1,0.11,5.0,5.5,10.0,10.0,10,100.0,inf,cone,both,5000.0,10.0,0.01,30.0,0.01,256,20,3,0.5,0.1,0.99,10.0,256,20,0,128,0,4.565557744311082,5.5,278.0364101934149,6177.839855460159,0.7057725694444444,1076.179174112653,0.0,
hcw,mppi_lqr,300.0,1800.0,0.1,0.11,5.0,6.25,10.0,10.0,10,100.0,inf,cone,both,5000.0,10.0,0.01,30.0,0.01,256,20,3,0.5,0.1,0.99,10.0,256,20,0,128,0,4.565557744311082,6.25,278.0042905134035,7259.329559851069,0.6754340277777777,1146.169984047629,0.0,
hcw,mppi_lqr,300.0,1800.0,0.1,0.11,5.0,7.5,10.0,10.0,10,100.0,inf,cone,both,5000.0,10.0,0.01,30.0,0.01,256,20,3,0.5,0.1,0.99,10.0,256,20,0,128,0,4.552341578237084,7.5,277.3327389243309,8932.798724941029,0.6196180555555556,1309.652414245286,0.0,
hcw,mppi_lqr,300.0,1800.0,0.1,0.11,5.0,10.0,10.0,10.0,10,100.0,inf,cone,both,5000.0,10.0,0.01,30.0,0.01,256,20,3,0.5,0.1,0.99,10.0,256,20,0,128,0,4.565557744311082,10.0,277.1113582222517,11581.486718877626,0.5440538194444444,1448.2883248279122,0.0,
hcw,mppi_lqr,300.0,1800.0,0.1,0.11,5.0,inf,10.0,10.0,10,100.0,inf,cone,both,5000.0,10.0,0.01,30.0,0.01,256,20,3,0.5,0.1,0.99,10.0,256,20,0,128,0,4.565557744311082,18.91186728906255,277.11118119556124,15293.675707055463,0.5148871527777777,1748.307916824007,0.0,
hcw,mppi_lqr,300.0,1800.0,0.1,0.125,5.0,1.25,10.0,10.0,10,100.0,inf,cone,both,5000.0,10.0,0.01,30.0,0.01,256,20,3,0.5,0.1,0.99,10.0,256,20,0,128,90,4.417626612050243,1.25,94.83311632236888,791.4651124691127,0.73054789624183,307.60633978142744,0.703125,490.0
hcw,mppi_lqr,300.0,1800.0,0.1,0.125,5.0,2.5,10.0,10.0,10,100.0,inf,cone,both,5000.0,10.0,0.01,30.0,0.01,256,20,3,0.5,0.1,0.99,10.0,256,20,0,128,20,4.594908868180843,2.5,117.65593047079312,2464.9899258754367,0.7478298611111112,553.2680146632276,0.15625,555.0
hcw,mppi_lqr,300.0,1800.0,0.1,0.125,5.0,3.75,10.0,10.0,10,100.0,inf,cone,both,5000.0,10.0,0.01,30.0,0.01,256,20,3,0.5,0.1,0.99,10.0,256,20,0,128,0,4.580448080142512,3.75,258.92313826154384,3394.0430500424677,0.7353298611111111,828.9410555993077,0.0,
hcw,mppi_lqr,300.0,1800.0,0.1,0.125,5.0,4.5,10.0,10.0,10,100.0,inf,cone,both,5000.0,10.0,0.01,30.0,0.01,256,20,3,0.5,0.1,0.99,10.0,256,20,0,128,0,4.553878154099755,4.5,291.6499775905606,4381.268092459018,0.7189236111111111,983.9205527690342,0.0,
hcw,mppi_lqr,300.0,1800.0,0.1,0.125,5.0,5.0,10.0,10.0,10,100.0,inf,cone,both,5000.0,10.0,0.01,30.0,0.01,256,20,3,0.5,0.1,0.99,10.0,256,20,0,128,0,4.57110412749866,5.0,293.83337182742883,5244.135800731238,0.7271267361111111,1049.8402064783418,0.0,
hcw,mppi_lqr,300.0,1800.0,0.1,0.125,5.0,5.5,10.0,10.0,10,100.0,inf,cone,both,5000.0,10.0,0.01,30.0,0.01,256,20,3,0.5,0.1,0.99,10.0,256,20,0,128,0,4.543458285557636,5.5,293.1342717983589,6219.89539142436,0.705078125,1197.1627822557098,0.0,
hcw,mppi_lqr,300.0,1800.0,0.1,0.125,5.0,6.25,10.0,10.0,10,100.0,inf,cone,both,5000.0,10.0,0.01,30.0,0.01,256,20,3,0.5,0.1,0.99,10.0,256,20,0,128,0,4.57110412749866,6.25,292.99221811677705,7285.535059867326,0.6775607638888889,1206.1212668734302,0.0,
hcw,mppi_lqr,300.0,1800.0,0.1,0.125,5.0,7.5,10.0,10.0,10,100.0,inf,cone,both,5000.0,10.0,0.01,30.0,0.01,256,20,3,0.5,0.1,0.99,10.0,256,20,0,128,0,4.594722393018452,7.5,292.866740617667,9142.871430081845,0.6109809027777777,1278.66748623719,0.0,
hcw,mppi_lqr,300.0,1800.0,0.1,0.125,5.0,10.0,10.0,10.0,10,100.0,inf,cone,both,5000.0,10.0,0.01,30.0,0.01,256,20,3,0.5,0.1,0.99,10.0,256,20,0,128,0,4.569960048289513,10.0,292.8810710362541,12223.058109908514,0.5203559027777778,1557.9861061504964,0.0,
hcw,mppi_lqr,300.0,1800.0,0.1,0.125,5.0,inf,10.0,10.0,10,100.0,inf,cone,both,5000.0,10.0,0.01,30.0,0.01,256,20,3,0.5,0.1,0.99,10.0,256,20,0,128,0,4.569960048289513,21.47980248886613,292.8810612091198,17772.63649618943,0.484375,2054.9899953864674,0.0,
hcw,mppi_lqr,300.0,1800.0,0.1,0.15,5.0,1.25,10.0,10.0,10,100.0,inf,cone,both,5000.0,10.0,0.01,30.0,0.01,256,20,3,0.5,0.1,0.99,10.0,256,20,0,128,89,4.360182143013986,1.25,97.21973558361314,841.8415912266277,0.7138888888888889,333.1330025575765,0.6953125,470.0
hcw,mppi_lqr,300.0,1800.0,0.1,0.15,5.0,2.5,10.0,10.0,10,100.0,inf,cone,both,5000.0,10.0,0.01,30.0,0.01,256,20,3,0.5,0.1,0.99,10.0,256,20,0,128,33,4.577928314458548,2.5,111.18483670295188,2402.691492825195,0.7324424342105263,604.4653783614551,0.2578125,560.0
hcw,mppi_lqr,300.0,1800.0,0.1,0.15,5.0,3.75,10.0,10.0,10,100.0,inf,cone,both,5000.0,10.0,0.01,30.0,0.01,256,20,3,0.5,0.1,0.99,10.0,256,20,0,128,0,4.598591504479038,3.75,257.9914504606724,3280.0172872482663,0.7527777777777778,821.7446683383769,0.0,
hcw,mppi_lqr,300.0,1800.0,0.1,0.15,5.0,4.5,10.0,10.0,10,100.0,inf,cone,both,5000.0,10.0,0.01,30.0,0.01,256,20,3,0.5,0.1,0.99,10.0,256,20,0,128,0,4.622515436095803,4.5,294.4799598519027,4112.973605271357,0.7697916666666667,891.5248324620939,0.0,
hcw,mppi_lqr,300.0,1800.0,0.1,0.15,5.0,5.0,10.0,10.0,10,100.0,inf,cone,both,5000.0,10.0,0.01,30.0,0.01,256,20,3,0.5,0.1,0.99,10.0,256,20,0,128,0,4.632848104957716,5.0,296.7664766221369,5099.127151832924,0.7667534722222222,965.277966440456,0.0,
hcw,mppi_lqr,300.0,1800.0,0.1,0.15,5.0,5.5,10.0,10.0,10,100.0,inf,cone,both,5000.0,10.0,0.01,30.0,0.01,256,20,3,0.5,0.1,0.99,10.0,256,20,0,128,0,4.621395456365107,5.5,296.3099585917765,6026.217444044765,0.7426215277777778,1062.8093844140624,0.0,
hcw,mppi_lqr,300.0,1800.0,0.1,0.15,5.0,6.25,10.0,10.0,10,100.0,inf,cone,both,5000.0,10.0,0.01,30.0,0.01,256,20,3,0.5,0.1,0.99,10.0,256,20,0,128,0,4.621395456365107,6.25,296.2668016068511,7338.32157609331,0.7059027777777778,1160.0334013776744,0.0,
hcw,mppi_lqr,300.0,1800.0,0.1,0.15,5.0,7.5,10.0,10.0,10,100.0,inf,cone,both,5000.0,10.0,0.01,30.0,0.01,256,20,3,0.5,0.1,0.99,10.0,256,20,0,128,0,4.634611622439105,7.5,296.3955766987885,9386.352481514426,0.6194878472222223,1261.7020201912962,0.0,
hcw,mppi_lqr,300.0,1800.0,0.1,0.15,5.0,10.0,10.0,10.0,10,100.0,inf,cone,both,5000.0,10.0,0.01,30.0,0.01,256,20,3,0.5,0.1,0.99,10.0,256,20,0,128,0,4.633309888587177,10.0,296.4026840087887,12912.085474331643,0.5180121527777778,1487.0523183645907,0.0,
hcw,mppi_lqr,300.0,1800.0,0.1,0.15,5.0,inf,10.0,10.0,10,100.0,inf,cone,both,5000.0,10.0,0.01,30.0,0.01,256,20,3,0.5,0.1,0.99,10.0,256,20,0,128,0,4.633309888587177,25.7700930394894,296.4026470832556,21792.590395134022,0.4602430555555555,2371.9088429544195,0.0,
hcw,mppi_lqr,300.0,1800.0,0.1,0.2,5.0,1.25,10.0,10.0,10,100.0,inf,cone,both,5000.0,10.0,0.01,30.0,0.01,256,20,3,0.5,0.1,0.99,10.0,256,20,0,128,91,4.367304982183584,1.25,92.78629610910362,807.0855245769214,0.7355319363695091,317.9062085637504,0.7109375,460.0
hcw,mppi_lqr,300.0,1800.0,0.1,0.2,5.0,2.5,10.0,10.0,10,100.0,inf,cone,both,5000.0,10.0,0.01,30.0,0.01,256,20,3,0.5,0.1,0.99,10.0,256,20,0,128,26,4.599495458643528,2.5,114.93916577693965,2664.902559685459,0.7347386853448276,589.9863867260351,0.203125,565.0
hcw,mppi_lqr,300.0,1800.0,0.1,0.2,5.0,3.75,10.0,10.0,10,100.0,inf,cone,both,5000.0,10.0,0.01,30.0,0.01,256,20,3,0.5,0.1,0.99,10.0,256,20,0,128,0,4.56242161619793,3.75,270.5780252571252,3498.500019412294,0.7401909722222222,929.5594288831968,0.0,
hcw,mppi_lqr,300.0,1800.0,0.1,0.2,5.0,4.5,10.0,10.0,10,100.0,inf,cone,both,5000.0,10.0,0.01,30.0,0.01,256,20,3,0.5,0.1,0.99,10.0,256,20,0,128,0,4.56734598273294,4.5,295.15185393869064,4686.476877181811,0.7334635416666667,1096.0395637125227,0.0,
hcw,mppi_lqr,300.0,1800.0,0.1,0.2,5.0,5.0,10.0,10.0,10,100.0,inf,cone,both,5000.0,10.0,0.01,30.0,0.01,256,20,3,0.5,0.1,0.99,10.0,256,20,0,128,0,4.610251751798406,5.0,296.2608844059471,5420.956872771903,0.7536458333333333,1106.9104010582305,0.0,
hcw,mppi_lqr,300.0,1800.0,0.1,0.2,5.0,5.5,10.0,10.0,10,100.0,inf,cone,both,5000.0,10.0,0.01,30.0,0.01,256,20,3,0.5,0.1,0.99,10.0,256,20,0,128,0,4.634100324472871,5.5,292.77505553290337,6343.088821832629,0.7430555555555556,1108.2595178872923,0.0,
hcw,mppi_lqr,300.0,1800.0,0.1,0.2,5.0,6.25,10.0,10.0,10,100.0,inf,cone,both,5000.0,10.0,0.01,30.0,0.01,256,20,3,0.5,0.1,0.99,10.0,256,20,0,128,0,4.620181946572078,6.25,295.6167212978998,7963.655521484773,0.670703125,1261.280910880779,0.0,
hcw,mppi_lqr,300.0,1800.0,0.1,0.2,5.0,7.5,10.0,10.0,10,100.0,inf,cone,both,5000.0,10.0,0.01,30.0,0.01,256,20,3,0.5,0.1,0.99,10.0,256,20,0,128,0,4.587805810809256,7.5,293.79289754835924,10261.12511152828,0.5762586805555555,1569.0418799695576,0.0,
hcw,mppi_lqr,300.0,1800.0,0.1,0.2,5.0,10.0,10.0,10.0,10,100.0,inf,cone,both,5000.0,10.0,0.01,30.0,0.01,256,20,3,0.5,0.1,0.99,10.0,256,20,0,128,0,4.587805810809256,10.0,294.44331209109265,14388.013795732684,0.4598958333333333,1898.6034844053488,0.0,
hcw,mppi_lqr,300.0,1800.0,0.1,0.2,5.0,inf,10.0,10.0,10,100.0,inf,cone,both,5000.0,10.0,0.01,30.0,0.01,256,20,3,0.5,0.1,0.99,10.0,256,20,0,128,0,4.587805810809256,34.354708615039755,294.39583865101787,30608.346519039325,0.3779947916666666,3918.4059387943703,0.0,
hcw,random,300.0,1800.0,0.1,0.025,5.0,1.25,10.0,10.0,10,100.0,inf,cone,both,5000.0,10.0,0.01,30.0,0.01,256,20,3,0.5,0.1,0.99,10.0,256,20,0,128,90,3.413420851107732,0.8932677121238554,29.136784072390945,132.2365278526821,0.6971905048076923,54.994326737235696,0.703125,400.0
hcw,random,300.0,1800.0,0.1,0.025,5.0,2.5,10.0,10.0,10,100.0,inf,cone,both,5000.0,10.0,0.01,30.0,0.01,256,20,3,0.5,0.1,0.99,10.0,256,20,0,128,90,3.412400612832576,1.2690169412642938,29.239101538632344,144.12556286866447,0.6971875,57.30903143760853,0.703125,400.0
hcw,random,300.0,1800.0,0.1,0.025,5.0,3.75,10.0,10.0,10,100.0,inf,cone,both,5000.0,10.0,0.01,30.0,0.01,256,20,3,0.5,0.1,0.99,10.0,256,20,0,128,90,3.412400612832576,1.5290762360642354,29.239101538632344,144.20468822190378,0.6971875,57.31179117173272,0.703125,400.0
hcw,random,300.0,1800.0,0.1,0.025,5.0,4.5,10.0,10.0,10,100.0,inf,cone,both,5000.0,10.0,0.01,30.0,0.01,256,20,3,0.5,0.1,0.99,10.0,256,20,0,128,90,3.412400612832576,1.5290762360642354,29.239101538632344,144.20468822190378,0.6971875,57.31179117173272,0.703125,400.0
hcw,random,300.0,1800.0,0.1,0.025,5.0,5.0,10.0,10.0,10,100.0,inf,cone,both,5000.0,10.0,0.01,30.0,0.01,256,20,3,0.5,0.1,0.99,10.0,256,20,0,128,90,3.412400612832576,1.5290762360642354,29.239101538632344,144.20468822190378,0.6971875,57.31179117173272,0.703125,400.0
hcw,random,300.0,1800.0,0.1,0.025,5.0,5.5,10.0,10.0,10,100.0,inf,cone,both,5000.0,10.0,0.01,30.0,0.01,256,20,3,0.5,0.1,0.99,10.0,256,20,0,128,90,3.412400612832576,1.5290762360642354,29.239101538632344,144.20468822190378,0.6971875,57.31179117173272,0.703125,400.0
hcw,random,300.0,1800.0,0.1,0.025,5.0,6.25,10.0,10.0,10,100.0,inf,cone,both,5000.0,10.0,0.01,30.0,0.01,256,20,3,0.5,0.1,0.99,10.0,256,20,0,128,90,3.412400612832576,1.5290762360642354,29.239101538632344,144.20468822190378,0.6971875,57.31179117173272,0.703125,400.0
hcw,random,300.0,1800.0,0.1,0.025,5.0,7.5,10.0,10.0,10,100.0,inf,cone,both,5000.0,10.0,0.01,30.0,0.01,256,20,3,0.5,0.1,0.99,10.0,256,20,0,128,90,3.412400612832576,1.5290762360642354,29.239101538632344,144.20468822190378,0.6971875,57.31179117173272,0.703125,400.0
hcw,random,300.0,1800.0,0.1,0.025,5.0,10.0,10.0,10.0,10,100.0,inf,cone,both,5000.0,10.0,0.01,30.0,0.01,256,20,3,0.5,0.1,0.99,10.0,256,20,0,128,90,3.412400612832576,1.5290762360642354,29.239101538632344,144.20468822190378,0.6971875,57.31179117173272,0.703125,400.0
hcw,random,300.0,1800.0,0.1,0.025,5.0,inf,10.0,10.0,10,100.0,inf,cone,both,5000.0,10.0,0.01,30.0,0.01,256,20,3,0.5,0.1,0.99,10.0,256,20,0,128,90,3.412400612832576,1.5290762360642354,29.239101538632344,144.20468822190378,0.6971875,57.31179117173272,0.703125,400.0
hcw,random,300.0,1800.0,0.1,0.05,5.0,1.25,10.0,10.0,10,100.0,inf,cone,both,5000.0,10.0,0.01,30.0,0.01,256,20,3,0.5,0.1,0.99,10.0,256,20,0,128,91,3.4612893997521685,1.238468077857591,30.648283195899214,171.18832729796918,0.7021351662072876,69.38273206102285,0.7109375,390.0
hcw,random,300.0,1800.0,0.1,0.05,5.0,2.5,10.0,10.0,10,100.0,inf,cone,both,5000.0,10.0,0.01,30.0,0.01,256,20,3,0.5,0.1,0.99,10.0,256,20,0,128,91,3.48362766686904,1.738149021056363,30.07031590208652,188.1417852623923,0.7032267059109271,73.94578415381359,0.7109375,390.0
hcw,random,300.0,1800.0,0.1,0.05,5.0,3.75,10.0,10.0,10,100.0,inf,cone,both,5000.0,10.0,0.01,30.0,0.01,256,20,3,0.5,0.1,0.99,10.0,256,20,0,128,92,3.4837438897149338,2.1101447168199754,29.84706453323024,195.33425097153165,0.7035010667623878,75.84762954614872,0.71875,390.0
hcw,random,300.0,1800.0,0.1,0.05,5.0,4.5,10.0,10.0,10,100.0,inf,cone,both,5000.0,10.0,0.01,30.0,0.01,256,20,3,0.5,0.1,0.99,10.0,256,20,0,128,92,3.4837438897149338,2.323335625859129,29.908920325500645,199.28431581466077,0.7035010667623878,76.52198117337726,0.71875,390.0
hcw,random,300.0,1800.0,0.1,0.05,5.0,5.0,10.0,10.0,10,100.0,inf,cone,both,5000.0,10.0,0.01,30.0,0.01,256,20,3,0.5,0.1,0.99,10.0,256,20,0,128,92,3.496960055788932,2.463960625859129,29.27652017954797,202.01227992951868,0.7045427334290545,76.93394705101389,0.71875,390.0
hcw,random,300.0,1800.0,0.1,0.05,5.0,5.5,10.0,10.0,10,100.0,inf,cone,both,5000.0,10.0,0.01,30.0,0.01,256,20,3,0.5,0.1,0.99,10.0,256,20,0,128,92,3.484525139675023,2.604585625859129,29.908920325500645,202.4086798293414,0.7035444695401656,77.00925234368437,0.71875,390.0
hcw,random,300.0,1800.0,0.1,0.05,5.0,6.25,10.0,10.0,10,100.0,inf,cone,both,5000.0,10.0,0.01,30.0,0.01,256,20,3,0.5,0.1,0.99,10.0,256,20,0,128,92,3.49468138892337,2.815523125859129,29.908920325500645,202.97868089134505,0.7041087056512767,76.94229125404647,0.71875,390.0
hcw,random,300.0,1800.0,0.1,0.05,5.0,7.5,10.0,10.0,10,100.0,inf,cone,both,5000.0,10.0,0.01,30.0,0.01,256,20,3,0.5,0.1,0.99,10.0,256,20,0,128,92,3.497025138672317,2.9564569120114843,29.908920325500645,202.86553667715407,0.70423891398461,76.90140804392072,0.71875,390.0
hcw,random,300.0,1800.0,0.1,0.05,5.0,10.0,10.0,10.0,10,100.0,inf,cone,both,5000.0,10.0,0.01,30.0,0.01,256,20,3,0.5,0.1,0.99,10.0,256,20,0,128,92,3.497025138672317,2.9564569120114843,29.908920325500645,202.86553667715407,0.70423891398461,76.90140804392072,0.71875,390.0
hcw,random,300.0,1800.0,0.1,0.05,5.0,inf,10.0,10.0,10,100.0,inf,cone,both,5000.0,10.0,0.01,30.0,0.01,256,20,3,0.5,0.1,0.99,10.0,256,20,0,128,92,3.497025138672317,2.9564569120114843,29.908920325500645,202.86553667715407,0.70423891398461,76.90140804392072,0.71875,390.0
hcw,random,300.0,1800.0,0.1,0.075,5.0,1.25,10.0,10.0,10,100.0,inf,cone,both,5000.0,10.0,0.01,30.0,0.01,256,20,3,0.5,0.1,0.99,10.0,256,20,0,128,89,3.400757669900305,1.25,35.05837519851544,215.04296460394812,0.6980902777777778,88.93913419838415,0.6953125,370.0
hcw,random,300.0,1800.0,0.1,0.075,5.0,2.5,10.0,10.0,10,100.0,inf,cone,both,5000.0,10.0,0.01,30.0,0.01,256,20,3,0.5,0.1,0.99,10.0,256,20,0,128,93,3.5266689460167764,2.173367977356172,30.053773437726917,226.6136773001693,0.7116376831026469,88.32899856498,0.7265625,370.0
hcw,random,300.0,1800.0,0.1,0.075,5.0,3.75,10.0,10.0,10,100.0,inf,cone,both,5000.0,10.0,0.01,30.0,0.01,256,20,3,0.5,0.1,0.99,10.0,256,20,0,128,91,3.4940933781439,2.557658841940809,32.21617370938066,247.17564844105655,0.7050440207738226,96.50189176985916,0.7109375,370.0
hcw,random,300.0,1800.0,0.1,0.075,5.0,4.5,10.0,10.0,10,100.0,inf,cone,both,5000.0,10.0,0.01,30.0,0.01,256,20,3,0.5,0.1,0.99,10.0,256,20,0,128,92,3.502711762942998,2.7827264553746973,31.35718595716948,258.48074210576226,0.706595100729037,99.8512277509655,0.71875,370.0
hcw,random,300.0,1800.0,0.1,0.075,5.0,5.0,10.0,10.0,10,100.0,inf,cone,both,5000.0,10.0,0.01,30.0,0.01,256,20,3,0.5,0.1,0.99,10.0,256,20,0,128,92,3.502711762942998,2.9289217619671413,31.148969277529996,265.28803084678725,0.7066534971936834,101.0738121886019,0.71875,370.0
hcw,random,300.0,1800.0,0.1,0.075,5.0,5.5,10.0,10.0,10,100.0,inf,cone,both,5000.0,10.0,0.01,30.0,0.01,256,20,3,0.5,0.1,0.99,10.0,256,20,0,128,91,3.502711762942998,3.0734530119671413,31.44353436818513,260.87712152660094,0.7092229416381278,99.52346042833202,0.7109375,370.0
hcw,random,300.0,1800.0,0.1,0.075,5.0,6.25,10.0,10.0,10,100.0,inf,cone,both,5000.0,10.0,0.01,30.0,0.01,256,20,3,0.5,0.1,0.99,10.0,256,20,0,128,92,3.529933591736497,3.285275693859952,30.35895430808564,255.8592240610364,0.7102993305270168,98.40919494212729,0.71875,370.0
hcw,random,300.0,1800.0,0.1,0.075,5.0,7.5,10.0,10.0,10,100.0,inf,cone,both,5000.0,10.0,0.01,30.0,0.01,256,20,3,0.5,0.1,0.99,10.0,256,20,0,128,92,3.529933591736497,3.636838193859952,31.222460838842128,268.11418655138505,0.7097784971936834,100.0314580505538,0.71875,370.0
hcw,random,300.0,1800.0,0.1,0.075,5.0,10.0,10.0,10.0,10,100.0,inf,cone,both,5000.0,10.0,0.01,30.0,0.01,256,20,3,0.5,0.1,0.99,10.0,256,20,0,128,92,3.519842425474322,4.33251091873578,31.27795723925254,270.42451855745486,0.7091708583047945,100.23472622690188,0.71875,370.0
hcw,random,300.0,1800.0,0.1,0.075,5.0,inf,10.0,10.0,10,100.0,inf,cone,both,5000.0,10.0,0.01,30.0,0.01,256,20,3,0.5,0.1,0.99,10.0,256,20,0,128,92,3.519842425474322,4.371651812260427,31.27795723925254,270.41057693816015,0.7091708583047945,100.23416899621212,0.71875,370.0
hcw,random,300.0,1800.0,0.1,0.09,5.0,1.25,10.0,10.0,10,100.0,inf,cone,both,5000.0,10.0,0.01,30.0,0.01,256,20,3,0.5,0.1,0.99,10.0,256,20,0,128,90,3.440806511233266,1.25,34.85905537964205,215.06493615019616,0.7043521148989899,92.2948498338394,0.703125,370.0
hcw,random,300.0,1800.0,0.1,0.09,5.0,2.5,10.0,10.0,10,100.0,inf,cone,both,5000.0,10.0,0.01,30.0,0.01,256,20,3,0.5,0.1,0.99,10.0,256,20,0,128,90,3.504022263701862,2.381538700315313,35.94868451675535,258.3378231011367,0.7014544977390181,104.82568207585769,0.703125,370.0
hcw,random,300.0,1800.0,0.1,0.09,5.0,3.75,10.0,10.0,10,100.0,inf,cone,both,5000.0,10.0,0.01,30.0,0.01,256,20,3,0.5,0.1,0.99,10.0,256,20,0,128,91,3.5360523199513203,2.866360091530651,34.13189401454249,267.9545231174933,0.7049693520688136,106.34422191054873,0.7109375,370.0
hcw,random,300.0,1800.0,0.1,0.09,5.0,4.5,10.0,10.0,10,100.0,inf,cone,both,5000.0,10.0,0.01,30.0,0.01,256,20,3,0.5,0.1,0.99,10.0,256,20,0,128,90,3.5360523199513203,3.0959523950105723,34.28112708374785,290.27190797463635,0.7082378472222223,110.60260365274247,0.703125,370.0
hcw,random,300.0,1800.0,0.1,0.09,5.0,5.0,10.0,10.0,10,100.0,inf,cone,both,5000.0,10.0,0.01,30.0,0.01,256,20,3,0.5,0.1,0.99,10.0,256,20,0,128,90,3.5360523199513203,3.2482961450105723,34.32067210980118,298.6874478651856,0.708187666476408,113.58623191715832,0.703125,370.0
hcw,random,300.0,1800.0,0.1,0.09,5.0,5.5,10.0,10.0,10,100.0,inf,cone,both,5000.0,10.0,0.01,30.0,0.01,256,20,3,0.5,0.1,0.99,10.0,256,20,0,128,90,3.5360523199513203,3.397850093767921,34.05054370059785,310.48500092770087,0.708187666476408,116.56316542117716,0.703125,370.0
hcw,random,300.0,1800.0,0.1,0.09,5.0,6.25,10.0,10.0,10,100.0,inf,cone,both,5000.0,10.0,0.01,30.0,0.01,256,20,3,0.5,0.1,0.99,10.0,256,20,0,128,90,3.5360523199513203,3.620506343767921,33.83207587273948,311.9635420841776,0.708187666476408,116.69235614716936,0.703125,370.0
hcw,random,300.0,1800.0,0.1,0.09,5.0,7.5,10.0,10.0,10,100.0,inf,cone,both,5000.0,10.0,0.01,30.0,0.01,256,20,3,0.5,0.1,0.99,10.0,256,20,0,128,90,3.563274148744819,3.991600093767921,33.55655184229965,304.6677460841578,0.712267527587519,113.82782471465838,0.703125,370.0
hcw,random,300.0,1800.0,0.1,0.09,5.0,10.0,10.0,10.0,10,100.0,inf,cone,both,5000.0,10.0,0.01,30.0,0.01,256,20,3,0.5,0.1,0.99,10.0,256,20,0,128,90,3.564926367067549,4.733787593767921,34.02739413691808,317.6153909185456,0.7126581525875191,115.36018626701906,0.703125,370.0
hcw,random,300.0,1800.0,0.1,0.09,5.0,inf,10.0,10.0,10,100.0,inf,cone,both,5000.0,10.0,0.01,30.0,0.01,256,20,3,0.5,0.1,0.99,10.0,256,20,0,128,90,3.564926367067549,5.368200400361753,34.07754241911391,319.386993755678,0.7126581525875191,115.48216855271362,0.703125,370.0
hcw,random,300.0,1800.0,0.1,0.1,5.0,1.25,10.0,10.0,10,100.0,inf,cone,both,5000.0,10.0,0.01,30.0,0.01,256,20,3,0.5,0.1,0.99,10.0,256,20,0,128,90,3.4352070818884983,1.25,36.438633572184486,217.22126832069276,0.7037038469471947,95.05862838542632,0.703125,370.0
hcw,random,300.0,1800.0,0.1,0.1,5.0,2.5,10.0,10.0,10,100.0,inf,cone,both,5000.0,10.0,0.01,30.0,0.01,256,20,3,0.5,0.1,0.99,10.0,256,20,0,128,91,3.5138494671865663,2.450477657221001,36.04658980311464,268.04844821402025,0.7022725636861986,110.85639765459706,0.7109375,380.0
hcw,random,300.0,1800.0,0.1,0.1,5.0,3.75,10.0,10.0,10,100.0,inf,cone,both,5000.0,10.0,0.01,30.0,0.01,256,20,3,0.5,0.1,0.99,10.0,256,20,0,128,92,3.5768827734822377,3.0563206901303976,33.66231308817329,280.6067839772594,0.7077234644917194,111.13823121568154,0.71875,375.0
hcw,random,300.0,1800.0,0.1,0.1,5.0,4.5,10.0,10.0,10,100.0,inf,cone,both,5000.0,10.0,0.01,30.0,0.01,256,20,3,0.5,0.1,0.99,10.0,256,20,0,128,91,3.5585101784833064,3.298929570296428,35.27669145268852,303.87685450512515,0.7052482169669669,118.90676797663146,0.7109375,370.0
hcw,random,300.0,1800.0,0.1,0.1,5.0,5.0,10.0,10.0,10,100.0,inf,cone,both,5000.0,10.0,0.01,30.0,0.01,256,20,3,0.5,0.1,0.99,10.0,256,20,0,128,90,3.5585101784833064,3.451273320296428,35.30007566951399,316.8009165785237,0.7083149020167427,120.3190722404857,0.703125,370.0
hcw,random,300.0,1800.0,0.1,0.1,5.0,5.5,10.0,10.0,10,100.0,inf,cone,both,5000.0,10.0,0.01,30.0,0.01,256,20,3,0.5,0.1,0.99,10.0,256,20,0,128,90,3.5585101784833064,3.603617070296428,35.346438012965926,326.9996924453111,0.7083333333333334,123.62772762343704,0.703125,370.0
hcw,random,300.0,1800.0,0.1,0.1,5.0,6.25,10.0,10.0,10,100.0,inf,cone,both,5000.0,10.0,0.01,30.0,0.01,256,20,3,0.5,0.1,0.99,10.0,256,20,0,128,90,3.5585101784833064,3.827206632432249,35.34128351112172,339.521433960058,0.7083333333333334,126.85878407341276,0.703125,370.0
hcw,random,300.0,1800.0,0.1,0.1,5.0,7.5,10.0,10.0,10,100.0,inf,cone,both,5000.0,10.0,0.01,30.0,0.01,256,20,3,0.5,0.1,0.99,10.0,256,20,0,128,90,3.5725158412028075,4.198300382432249,34.90378018886495,334.7953635745686,0.7103732638888889,125.10557354875144,0.703125,370.0
hcw,random,300.0,1800.0,0.1,0.1,5.0,10.0,10.0,10.0,10,100.0,inf,cone,both,5000.0,10.0,0.01,30.0,0.01,256,20,3,0.5,0.1,0.99,10.0,256,20,0,128,90,3.587384225599536,4.940487882432249,35.15428439391133,348.7797586264012,0.7125868055555555,125.89890669525887,0.703125,370.0
hcw,random,300.0,1800.0,0.1,0.1,5.0,inf,10.0,10.0,10,100.0,inf,cone,both,5000.0,10.0,0.01,30.0,0.01,256,20,3,0.5,0.1,0.99,10.0,256,20,0,128,90,3.587384225599536,5.975252111980952,35.208723756693296,348.7794701535435,0.7127170138888889,125.8065116122634,0.703125,370.0
hcw,random,300.0,1800.0,0.1,0.11,5.0,1.25,10.0,10.0,10,100.0,inf,cone,both,5000.0,10.0,0.01,30.0,0.01,256,20,3,0.5,0.1,0.99,10.0,256,20,0,128,89,3.4419551925938707,1.25,38.75715937207895,240.4619177188054,0.7007378472222222,102.5060984732389,0.6953125,370.0
hcw,random,300.0,1800.0,0.1,0.11,5.0,2.5,10.0,10.0,10,100.0,inf,cone,both,5000.0,10.0,0.01,30.0,0.01,256,20,3,0.5,0.1,0.99,10.0,256,20,0,128,89,3.529199777727332,2.4872434048690377,38.36438025379233,302.75274918334446,0.7016493055555556,123.11226234816492,0.6953125,380.0
hcw,random,300.0,1800.0,0.1,0.11,5.0,3.75,10.0,10.0,10,100.0,inf,cone,both,5000.0,10.0,0.01,30.0,0.01,256,20,3,0.5,0.1,0.99,10.0,256,20,0,128,91,3.645453457876699,3.2742757726888034,34.725765483527724,298.88424025736504,0.7108803910818713,117.42518444812278,0.7109375,380.0
hcw,random,300.0,1800.0,0.1,0.11,5.0,4.5,10.0,10.0,10,100.0,inf,cone,both,5000.0,10.0,0.01,30.0,0.01,256,20,3,0.5,0.1,0.99,10.0,256,20,0,128,87,3.6272904636666463,3.539287212019276,36.62599954899073,331.08570394359987,0.7082251236681887,124.06830675393556,0.6796875,380.0
hcw,random,300.0,1800.0,0.1,0.11,5.0,5.0,10.0,10.0,10,100.0,inf,cone,both,5000.0,10.0,0.01,30.0,0.01,256,20,3,0.5,0.1,0.99,10.0,256,20,0,128,87,3.6272904636666463,3.7110340873871146,36.554525711648886,349.5836482030241,0.7055034722222222,128.9808843275922,0.6796875,380.0
hcw,random,300.0,1800.0,0.1,0.11,5.0,5.5,10.0,10.0,10,100.0,inf,cone,both,5000.0,10.0,0.01,30.0,0.01,256,20,3,0.5,0.1,0.99,10.0,256,20,0,128,86,3.6410128572151694,3.8790028373871146,36.06888166779858,363.4967713570922,0.7099153951486697,129.75231074696677,0.671875,380.0
hcw,random,300.0,1800.0,0.1,0.11,5.0,6.25,10.0,10.0,10,100.0,inf,cone,both,5000.0,10.0,0.01,30.0,0.01,256,20,3,0.5,0.1,0.99,10.0,256,20,0,128,85,3.6272904636666463,4.130955962387114,36.60176585918839,388.7163869105713,0.7114583333333333,135.083118699016,0.6640625,380.0
hcw,random,300.0,1800.0,0.1,0.11,5.0,7.5,10.0,10.0,10,100.0,inf,cone,both,5000.0,10.0,0.01,30.0,0.01,256,20,3,0.5,0.1,0.99,10.0,256,20,0,128,85,3.635884212881056,4.550877837387114,36.60176585918839,400.6601544624042,0.7119357638888889,138.0337632862611,0.6640625,380.0
hcw,random,300.0,1800.0,0.1,0.11,5.0,10.0,10.0,10.0,10,100.0,inf,cone,both,5000.0,10.0,0.01,30.0,0.01,256,20,3,0.5,0.1,0.99,10.0,256,20,0,128,85,3.656164510782876,5.390721587387115,36.43817577537091,399.3519602739391,0.715625,134.90085642524957,0.6640625,380.0
hcw,random,300.0,1800.0,0.1,0.11,5.0,inf,10.0,10.0,10,100.0,inf,cone,both,5000.0,10.0,0.01,30.0,0.01,256,20,3,0.5,0.1,0.99,10.0,256,20,0,128,85,3.672570758976015,7.016796734772884,36.60176585918839,405.5397890738984,0.7166666666666667,134.93864816134362,0.6640625,380.0
hcw,random,300.0,1800.0,0.1,0.125,5.0,1.25,10.0,10.0,10,100.0,inf,cone,both,5000.0,10.0,0.01,30.0,0.01,256,20,3,0.5,0.1,0.99,10.0,256,20,0,128,91,3.449077963698576,1.25,39.23630421105044,252.04130447795492,0.7120372988939165,105.31381279481069,0.7109375,360.0
hcw,random,300.0,1800.0,0.1,0.125,5.0,2.5,10.0,10.0,10,100.0,inf,cone,both,5000.0,10.0,0.01,30.0,0.01,256,20,3,0.5,0.1,0.99,10.0,256,20,0,128,91,3.594147475934019,2.499433166195338,39.33231850956563,314.39359065504,0.7123697916666667,130.8205728833391,0.7109375,390.0
hcw,random,300.0,1800.0,0.1,0.125,5.0,3.75,10.0,10.0,10,100.0,inf,cone,both,5000.0,10.0,0.01,30.0,0.01,256,20,3,0.5,0.1,0.99,10.0,256,20,0,128,90,3.700489422204369,3.5286326095001264,39.03372081507128,328.10391556735794,0.7149197048611111,130.09343069144327,0.703125,390.0
hcw,random,300.0,1800.0,0.1,0.125,5.0,4.5,10.0,10.0,10,100.0,inf,cone,both,5000.0,10.0,0.01,30.0,0.01,256,20,3,0.5,0.1,0.99,10.0,256,20,0,128,92,3.757138627300177,3.865889347575639,35.52198614432172,333.698121906108,0.7266529679513388,123.96592504122418,0.71875,390.0
hcw,random,300.0,1800.0,0.1,0.125,5.0,5.0,10.0,10.0,10,100.0,inf,cone,both,5000.0,10.0,0.01,30.0,0.01,256,20,3,0.5,0.1,0.99,10.0,256,20,0,128,86,3.746648020630525,4.040831222569319,36.25376891127751,364.4520232156892,0.7249866097813239,127.74891366949475,0.671875,390.0
hcw,random,300.0,1800.0,0.1,0.125,5.0,5.5,10.0,10.0,10,100.0,inf,cone,both,5000.0,10.0,0.01,30.0,0.01,256,20,3,0.5,0.1,0.99,10.0,256,20,0,128,86,3.727488050941699,4.210702688122933,37.48779974870905,377.6667821103982,0.7207542276412613,133.998880341076,0.671875,390.0
hcw,random,300.0,1800.0,0.1,0.125,5.0,6.25,10.0,10.0,10,100.0,inf,cone,both,5000.0,10.0,0.01,30.0,0.01,256,20,3,0.5,0.1,0.99,10.0,256,20,0,128,86,3.7474604441958417,4.462655813122933,36.93600847141765,398.26326684656993,0.7255254506501182,136.02450684753524,0.671875,390.0
hcw,random,300.0,1800.0,0.1,0.125,5.0,7.5,10.0,10.0,10,100.0,inf,cone,both,5000.0,10.0,0.01,30.0,0.01,256,20,3,0.5,0.1,0.99,10.0,256,20,0,128,85,3.727488050941699,4.882577688122933,37.47077365370109,429.90692286819257,0.7238798389479906,142.7420912933973,0.6640625,390.0
hcw,random,300.0,1800.0,0.1,0.125,5.0,10.0,10.0,10.0,10,100.0,inf,cone,both,5000.0,10.0,0.01,30.0,0.01,256,20,3,0.5,0.1,0.99,10.0,256,20,0,128,85,3.740704217015697,5.722421438122933,37.47077365370109,434.66759709418994,0.7247478945035462,142.18033716050013,0.6640625,390.0
hcw,random,300.0,1800.0,0.1,0.125,5.0,inf,10.0,10.0,10,100.0,inf,cone,both,5000.0,10.0,0.01,30.0,0.01,256,20,3,0.5,0.1,0.99,10.0,256,20,0,128,85,3.761516405027253,8.022671749725191,37.47077365370109,439.4986584504245,0.7262235889479906,142.73840134382067,0.6640625,390.0
hcw,random,300.0,1800.0,0.1,0.15,5.0,1.25,10.0,10.0,10,100.0,inf,cone,both,5000.0,10.0,0.01,30.0,0.01,256,20,3,0.5,0.1,0.99,10.0,256,20,0,128,91,3.4357751762435917,1.25,41.474991534924186,267.0572175502144,0.7135094169246646,112.70906219935532,0.7109375,350.0
hcw,random,300.0,1800.0,0.1,0.15,5.0,2.5,10.0,10.0,10,100.0,inf,cone,both,5000.0,10.0,0.01,30.0,0.01,256,20,3,0.5,0.1,0.99,10.0,256,20,0,128,91,3.5510614877652342,2.5,43.46700337732732,350.9378713299211,0.7099358974358975,148.5555339682326,0.7109375,370.0
hcw,random,300.0,1800.0,0.1,0.15,5.0,3.75,10.0,10.0,10,100.0,inf,cone,both,5000.0,10.0,0.01,30.0,0.01,256,20,3,0.5,0.1,0.99,10.0,256,20,0,128,90,3.78426715862896,3.6949123017992953,41.36875663557442,370.396923678454,0.7167375283446712,148.2994831073637,0.703125,410.0
hcw,random,300.0,1800.0,0.1,0.15,5.0,4.5,10.0,10.0,10,100.0,inf,cone,both,5000.0,10.0,0.01,30.0,0.01,256,20,3,0.5,0.1,0.99,10.0,256,20,0,128,90,3.836762104621104,4.288861773470656,42.26025193599894,380.8356671208932,0.7154088050314465,152.3899484876047,0.703125,410.0
hcw,random,300.0,1800.0,0.1,0.15,5.0,5.0,10.0,10.0,10,100.0,inf,cone,both,5000.0,10.0,0.01,30.0,0.01,256,20,3,0.5,0.1,0.99,10.0,256,20,0,128,91,3.8852196610350473,4.58796000552617,39.53345194932165,389.39084934606257,0.7246981239635157,148.98216207790423,0.7109375,410.0
hcw,random,300.0,1800.0,0.1,0.15,5.0,5.5,10.0,10.0,10,100.0,inf,cone,both,5000.0,10.0,0.01,30.0,0.01,256,20,3,0.5,0.1,0.99,10.0,256,20,0,128,88,3.893766032257645,4.817163304541342,39.25432154399191,417.6652007362551,0.7251775568181819,149.60024902669687,0.6875,410.0
hcw,random,300.0,1800.0,0.1,0.15,5.0,6.25,10.0,10.0,10,100.0,inf,cone,both,5000.0,10.0,0.01,30.0,0.01,256,20,3,0.5,0.1,0.99,10.0,256,20,0,128,83,3.897222853763368,5.112230160982829,40.21361019952152,439.6322661970022,0.7241071989693313,153.7105094753683,0.6484375,410.0
hcw,random,300.0,1800.0,0.1,0.15,5.0,7.5,10.0,10.0,10,100.0,inf,cone,both,5000.0,10.0,0.01,30.0,0.01,256,20,3,0.5,0.1,0.99,10.0,256,20,0,128,83,3.901195699758969,5.567845713488097,40.62165911534305,474.547038815624,0.7227542958471267,160.65019790004123,0.6484375,410.0
hcw,random,300.0,1800.0,0.1,0.15,5.0,10.0,10.0,10.0,10,100.0,inf,cone,both,5000.0,10.0,0.01,30.0,0.01,256,20,3,0.5,0.1,0.99,10.0,256,20,0,128,83,3.892601950245242,6.466283213488097,40.64218344280937,516.0270592337868,0.7224105289544047,169.9614195711919,0.6484375,410.0
hcw,random,300.0,1800.0,0.1,0.15,5.0,inf,10.0,10.0,10,100.0,inf,cone,both,5000.0,10.0,0.01,30.0,0.01,256,20,3,0.5,0.1,0.99,10.0,256,20,0,128,82,3.926630304330796,10.162016423039129,40.67833574278796,532.8111669185893,0.7267987782234105,166.52332814043626,0.640625,410.0
hcw,random,300.0,1800.0,0.1,0.2,5.0,1.25,10.0,10.0,10,100.0,inf,cone,both,5000.0,10.0,0.01,30.0,0.01,256,20,3,0.5,0.1,0.99,10.0,256,20,0,128,92,3.37783583896193,1.25,44.08277081747434,319.1200120088646,0.7147569444444445,136.1419735233331,0.71875,340.0
hcw,random,300.0,1800.0,0.1,0.2,5.0,2.5,10.0,10.0,10,100.0,inf,cone,both,5000.0,10.0,0.01,30.0,0.01,256,20,3,0.5,0.1,0.99,10.0,256,20,0,128,94,3.633634950473077,2.5,45.22692845283255,375.9704374130763,0.7253837509458698,158.34128163330473,0.734375,390.0
hcw,random,300.0,1800.0,0.1,0.2,5.0,3.75,10.0,10.0,10,100.0,inf,cone,both,5000.0,10.0,0.01,30.0,0.01,256,20,3,0.5,0.1,0.99,10.0,256,20,0,128,91,3.9203316412228486,3.75,47.49248939727073,462.5262046693149,0.7191797071392659,191.7056191073264,0.7109375,430.0
hcw,random,300.0,1800.0,0.1,0.2,5.0,4.5,10.0,10.0,10,100.0,inf,cone,both,5000.0,10.0,0.01,30.0,0.01,256,20,3,0.5,0.1,0.99,10.0,256,20,0,128,90,4.0466307403159485,4.4777552931427325,46.00452126058652,501.0766159840856,0.7167896434134977,200.24660384721489,0.703125,460.0
hcw,random,300.0,1800.0,0.1,0.2,5.0,5.0,10.0,10.0,10,100.0,inf,cone,both,5000.0,10.0,0.01,30.0,0.01,256,20,3,0.5,0.1,0.99,10.0,256,20,0,128,88,4.066186256271444,4.9449956448619785,44.94229094117115,488.5232820113844,0.7217154264156119,190.6311704493197,0.6875,450.0
hcw,random,300.0,1800.0,0.1,0.2,5.0,5.5,10.0,10.0,10,100.0,inf,cone,both,5000.0,10.0,0.01,30.0,0.01,256,20,3,0.5,0.1,0.99,10.0,256,20,0,128,85,4.086098813779143,5.401782675891075,46.98083527986981,518.1806584331122,0.7116121136368414,198.7300851587091,0.6640625,460.0
hcw,random,300.0,1800.0,0.1,0.2,5.0,6.25,10.0,10.0,10,100.0,inf,cone,both,5000.0,10.0,0.01,30.0,0.01,256,20,3,0.5,0.1,0.99,10.0,256,20,0,128,85,4.148972883390942,6.035500391059472,46.47299184986294,521.961434729675,0.7213358534023078,195.59636043551475,0.6640625,480.0
hcw,random,300.0,1800.0,0.1,0.2,5.0,7.5,10.0,10.0,10,100.0,inf,cone,both,5000.0,10.0,0.01,30.0,0.01,256,20,3,0.5,0.1,0.99,10.0,256,20,0,128,63,4.200814601046132,6.916320168218363,45.70101331820738,615.209615552606,0.7222338811708978,196.4990692071385,0.4921875,430.0
hcw,random,300.0,1800.0,0.1,0.2,5.0,10.0,10.0,10.0,10,100.0,inf,cone,both,5000.0,10.0,0.01,30.0,0.01,256,20,3,0.5,0.1,0.99,10.0,256,20,0,128,54,4.179646513886409,8.389925114617636,47.73692150432151,793.129871090177,0.7161701356658284,212.45570657182577,0.421875,420.0
hcw,random,300.0,1800.0,0.1,0.2,5.0,inf,10.0,10.0,10,100.0,inf,cone,both,5000.0,10.0,0.01,30.0,0.01,256,20,3,0.5,0.1,0.99,10.0,256,20,0,128,53,4.208789963194285,18.31393929769708,47.97355215336857,1027.827249279748,0.7243057929815601,220.0125987174765,0.4140625,420.0
hcw,transverse,300.0,1800.0,0.1,0.025,5.0,1.25,10.0,10.0,10,100.0,inf,cone,both,5000.0,10.0,0.01,30.0,0.01,256,20,3,0.5,0.1,0.99,10.0,256,20,0,128,92,3.5229039911452387,1.0371093750000002,36.0051621612646,590.2773527134294,0.7136048715726128,212.05735225572244,0.71875,375.0
hcw,transverse,300.0,1800.0,0.1,0.025,5.0,2.5,10.0,10.0,10,100.0,inf,cone,both,5000.0,10.0,0.01,30.0,0.01,256,20,3,0.5,0.1,0.99,10.0,256,20,0,128,92,3.5229039911452387,1.3888671875000005,36.00518250280981,691.5256294989636,0.7136048715726128,248.32180702245213,0.71875,375.0
hcw,transverse,300.0,1800.0,0.1,0.025,5.0,3.75,10.0,10.0,10,100.0,inf,cone,both,5000.0,10.0,0.01,30.0,0.01,256,20,3,0.5,0.1,0.99,10.0,256,20,0,128,92,3.5229039911452387,1.7404296875000005,36.00518250280981,711.1469419840004,0.7136048715726128,252.09430211358853,0.71875,375.0
hcw,transverse,300.0,1800.0,0.1,0.025,5.0,4.5,10.0,10.0,10,100.0,inf,cone,both,5000.0,10.0,0.01,30.0,0.01,256,20,3,0.5,0.1,0.99,10.0,256,20,0,128,92,3.5229039911452387,1.9513671874999996,36.00518250280981,713.433055927055,0.7136048715726128,252.1956651629748,0.71875,375.0
hcw,transverse,300.0,1800.0,0.1,0.025,5.0,5.0,10.0,10.0,10,100.0,inf,cone,both,5000.0,10.0,0.01,30.0,0.01,256,20,3,0.5,0.1,0.99,10.0,256,20,0,128,92,3.5229039911452387,1.9513671874999996,36.00518250280981,713.433055927055,0.7136048715726128,252.1956651629748,0.71875,375.0
hcw,transverse,300.0,1800.0,0.1,0.025,5.0,5.5,10.0,10.0,10,100.0,inf,cone,both,5000.0,10.0,0.01,30.0,0.01,256,20,3,0.5,0.1,0.99,10.0,256,20,0,128,92,3.5229039911452387,1.9513671874999996,36.00518250280981,713.433055927055,0.7136048715726128,252.1956651629748,0.71875,375.0
hcw,transverse,300.0,1800.0,0.1,0.025,5.0,6.25,10.0,10.0,10,100.0,inf,cone,both,5000.0,10.0,0.01,30.0,0.01,256,20,3,0.5,0.1,0.99,10.0,256,20,0,128,92,3.5229039911452387,1.9513671874999996,36.00518250280981,713.433055927055,0.7136048715726128,252.1956651629748,0.71875,375.0
hcw,transverse,300.0,1800.0,0.1,0.025,5.0,7.5,10.0,10.0,10,100.0,inf,cone,both,5000.0,10.0,0.01,30.0,0.01,256,20,3,0.5,0.1,0.99,10.0,256,20,0,128,92,3.5229039911452387,1.9513671874999996,36.00518250280981,713.433055927055,0.7136048715726128,252.1956651629748,0.71875,375.0
hcw,transverse,300.0,1800.0,0.1,0.025,5.0,10.0,10.0,10.0,10,100.0,inf,cone,both,5000.0,10.0,0.01,30.0,0.01,256,20,3,0.5,0.1,0.99,10.0,256,20,0,128,92,3.5229039911452387,1.9513671874999996,36.00518250280981,713.433055927055,0.7136048715726128,252.1956651629748,0.71875,375.0
hcw,transverse,300.0,1800.0,0.1,0.025,5.0,inf,10.0,10.0,10,100.0,inf,cone,both,5000.0,10.0,0.01,30.0,0.01,256,20,3,0.5,0.1,0.99,10.0,256,20,0,128,92,3.5229039911452387,1.9513671874999996,36.00518250280981,713.433055927055,0.7136048715726128,252.1956651629748,0.71875,375.0
hcw,transverse,300.0,1800.0,0.1,0.05,5.0,1.25,10.0,10.0,10,100.0,inf,cone,both,5000.0,10.0,0.01,30.0,0.01,256,20,3,0.5,0.1,0.99,10.0,256,20,0,128,97,4.2901111136736665,1.25,43.34913974289205,705.741658184886,0.749672394475034,258.77730186709266,0.7578125,520.0
hcw,transverse,300.0,1800.0,0.1,0.05,5.0,2.5,10.0,10.0,10,100.0,inf,cone,both,5000.0,10.0,0.01,30.0,0.01,256,20,3,0.5,0.1,0.99,10.0,256,20,0,128,9,4.580708326488374,2.5,63.538725142319386,1546.840436974267,0.7549936038011696,361.77891794714793,0.0703125,580.0
hcw,transverse,300.0,1800.0,0.1,0.05,5.0,3.75,10.0,10.0,10,100.0,inf,cone,both,5000.0,10.0,0.01,30.0,0.01,256,20,3,0.5,0.1,0.99,10.0,256,20,0,128,0,4.580708326488374,3.75,65.67369481957243,2627.674269347933,0.7555555555555555,397.6635544134776,0.0,
hcw,transverse,300.0,1800.0,0.1,0.05,5.0,4.5,10.0,10.0,10,100.0,inf,cone,both,5000.0,10.0,0.01,30.0,0.01,256,20,3,0.5,0.1,0.99,10.0,256,20,0,128,0,4.580708326488374,4.5,65.67369481957243,2977.340519615916,0.7555555555555555,406.3402199467653,0.0,
hcw,transverse,300.0,1800.0,0.1,0.05,5.0,5.0,10.0,10.0,10,100.0,inf,cone,both,5000.0,10.0,0.01,30.0,0.01,256,20,3,0.5,0.1,0.99,10.0,256,20,0,128,0,4.580708326488374,5.0,65.67369481957243,3147.992217726028,0.7555555555555555,410.0973533263042,0.0,
hcw,transverse,300.0,1800.0,0.1,0.05,5.0,5.5,10.0,10.0,10,100.0,inf,cone,both,5000.0,10.0,0.01,30.0,0.01,256,20,3,0.5,0.1,0.99,10.0,256,20,0,128,0,4.580708326488374,5.5,65.67369481957243,3282.18656499037,0.7555555555555555,412.8992927175208,0.0,
hcw,transverse,300.0,1800.0,0.1,0.05,5.0,6.25,10.0,10.0,10,100.0,inf,cone,both,5000.0,10.0,0.01,30.0,0.01,256,20,3,0.5,0.1,0.99,10.0,256,20,0,128,0,4.580708326488374,6.25,65.67369481957243,3430.517360271016,0.7555555555555555,415.7433143063871,0.0,
hcw,transverse,300.0,1800.0,0.1,0.05,5.0,7.5,10.0,10.0,10,100.0,inf,cone,both,5000.0,10.0,0.01,30.0,0.01,256,20,3,0.5,0.1,0.99,10.0,256,20,0,128,0,4.580708326488374,7.5,65.67369481957243,3571.4587648758866,0.7555555555555555,418.3379619971969,0.0,
hcw,transverse,300.0,1800.0,0.1,0.05,5.0,10.0,10.0,10.0,10,100.0,inf,cone,both,5000.0,10.0,0.01,30.0,0.01,256,20,3,0.5,0.1,0.99,10.0,256,20,0,128,0,4.580708326488374,8.999999999999993,65.67369481957243,3613.792578177974,0.7555555555555555,419.7979455513437,0.0,
hcw,transverse,300.0,1800.0,0.1,0.05,5.0,inf,10.0,10.0,10,100.0,inf,cone,both,5000.0,10.0,0.01,30.0,0.01,256,20,3,0.5,0.1,0.99,10.0,256,20,0,128,0,4.580708326488374,8.999999999999993,65.67369481957243,3613.792578177974,0.7555555555555555,419.7979455513437,0.0,
hcw,transverse,300.0,1800.0,0.1,0.075,5.0,1.25,10.0,10.0,10,100.0,inf,cone,both,5000.0,10.0,0.01,30.0,0.01,256,20,3,0.5,0.1,0.99,10.0,256,20,0,128,98,4.247056327700586,1.25,48.807020142215855,721.6613767474065,0.7585126749912322,273.903660542489,0.765625,490.0
hcw,transverse,300.0,1800.0,0.1,0.075,5.0,2.5,10.0,10.0,10,100.0,inf,cone,both,5000.0,10.0,0.01,30.0,0.01,256,20,3,0.5,0.1,0.99,10.0,256,20,0,128,1,4.597199532502169,2.5,105.26613822895364,1624.9442239227408,0.7637152777777778,432.6609137973279,0.0078125,580.0
hcw,transverse,300.0,1800.0,0.1,0.075,5.0,3.75,10.0,10.0,10,100.0,inf,cone,both,5000.0,10.0,0.01,30.0,0.01,256,20,3,0.5,0.1,0.99,10.0,256,20,0,128,0,4.597199532502169,3.75,109.52668745246834,2883.0566705895635,0.7637152777777778,510.6460151924632,0.0,
hcw,transverse,300.0,1800.0,0.1,0.075,5.0,4.5,10.0,10.0,10,100.0,inf,cone,both,5000.0,10.0,0.01,30.0,0.01,256,20,3,0.5,0.1,0.99,10.0,256,20,0,128,0,4.597199532502169,4.5,109.52668745246834,3635.38294474197,0.7637152777777778,536.9836538519045,0.0,
hcw,transverse,300.0,1800.0,0.1,0.075,5.0,5.0,10.0,10.0,10,100.0,inf,cone,both,5000.0,10.0,0.01,30.0,0.01,256,20,3,0.5,0.1,0.99,10.0,256,20,0,128,0,4.597199532502169,5.0,109.52668745246834,4010.631738625657,0.7637152777777778,549.1882128423581,0.0,
hcw,transverse,300.0,1800.0,0.1,0.075,5.0,5.5,10.0,10.0,10,100.0,inf,cone,both,5000.0,10.0,0.01,30.0,0.01,256,20,3,0.5,0.1,0.99,10.0,256,20,0,128,0,4.597199532502169,5.5,109.52668745246834,4322.871747116609,0.7625434027777778,558.7625649582093,0.0,
hcw,transverse,300.0,1800.0,0.1,0.075,5.0,6.25,10.0,10.0,10,100.0,inf,cone,both,5000.0,10.0,0.01,30.0,0.01,256,20,3,0.5,0.1,0.99,10.0,256,20,0,128,0,4.597199532502169,6.25,109.52668745246834,4714.392159473462,0.7574652777777777,569.698669191667,0.0,
hcw,transverse,300.0,1800.0,0.1,0.075,5.0,7.5,10.0,10.0,10,100.0,inf,cone,both,5000.0,10.0,0.01,30.0,0.01,256,20,3,0.5,0.1,0.99,10.0,256,20,0,128,0,4.597199532502169,7.5,109.52668745246834,5223.282533397745,0.7458333333333333,581.7869905461299,0.0,
hcw,transverse,300.0,1800.0,0.1,0.075,5.0,10.0,10.0,10.0,10,100.0,inf,cone,both,5000.0,10.0,0.01,30.0,0.01,256,20,3,0.5,0.1,0.99,10.0,256,20,0,128,0,4.597199532502169,10.0,109.52668745246834,5828.948437641762,0.7306423611111111,594.6003254639687,0.0,
hcw,transverse,300.0,1800.0,0.1,0.075,5.0,inf,10.0,10.0,10,100.0,inf,cone,both,5000.0,10.0,0.01,30.0,0.01,256,20,3,0.5,0.1,0.99,10.0,256,20,0,128,0,4.597199532502169,13.49999999999996,109.52668745246834,6028.901937822156,0.7277777777777777,604.9096524512207,0.0,
hcw,transverse,300.0,1800.0,0.1,0.09,5.0,1.25,10.0,10.0,10,100.0,inf,cone,both,5000.0,10.0,0.01,30.0,0.01,256,20,3,0.5,0.1,0.99,10.0,256,20,0,128,98,4.120206659023617,1.25,51.58109454853147,731.0607101494155,0.7591352241809334,280.0723163142105,0.765625,470.0
hcw,transverse,300.0,1800.0,0.1,0.09,5.0,2.5,10.0,10.0,10,100.0,inf,cone,both,5000.0,10.0,0.01,30.0,0.01,256,20,3,0.5,0.1,0.99,10.0,256,20,0,128,1,4.597199532502169,2.5,126.79359113356912,1824.8888517092323,0.7639756944444445,468.2435294650645,0.0078125,580.0
hcw,transverse,300.0,1800.0,0.1,0.09,5.0,3.75,10.0,10.0,10,100.0,inf,cone,both,5000.0,10.0,0.01,30.0,0.01,256,20,3,0.5,0.1,0.99,10.0,256,20,0,128,0,4.597199532502169,3.75,135.01562889565886,2942.678417750927,0.7639756944444445,565.9028882300588,0.0,
hcw,transverse,300.0,1800.0,0.1,0.09,5.0,4.5,10.0,10.0,10,100.0,inf,cone,both,5000.0,10.0,0.01,30.0,0.01,256,20,3,0.5,0.1,0.99,10.0,256,20,0,128,0,4.597199532502169,4.5,135.01562889565886,3847.291679587391,0.7639756944444445,602.934863429651,0.0,
hcw,transverse,300.0,1800.0,0.1,0.09,5.0,5.0,10.0,10.0,10,100.0,inf,cone,both,5000.0,10.0,0.01,30.0,0.01,256,20,3,0.5,0.1,0.99,10.0,256,20,0,128,0,4.597199532502169,5.0,135.01562889565886,4351.792141305078,0.763671875,621.0019446909114,0.0,
hcw,transverse,300.0,1800.0,0.1,0.09,5.0,5.5,10.0,10.0,10,100.0,inf,cone,both,5000.0,10.0,0.01,30.0,0.01,256,20,3,0.5,0.1,0.99,10.0,256,20,0,128,0,4.597199532502169,5.5,135.01562889565886,4766.970566312421,0.7608072916666667,635.4157706001494,0.0,
hcw,transverse,300.0,1800.0,0.1,0.09,5.0,6.25,10.0,10.0,10,100.0,inf,cone,both,5000.0,10.0,0.01,30.0,0.01,256,20,3,0.5,0.1,0.99,10.0,256,20,0,128,0,4.597199532502169,6.25,135.01562889565886,5263.047046939994,0.7470052083333333,652.2690028941537,0.0,
hcw,transverse,300.0,1800.0,0.1,0.09,5.0,7.5,10.0,10.0,10,100.0,inf,cone,both,5000.0,10.0,0.01,30.0,0.01,256,20,3,0.5,0.1,0.99,10.0,256,20,0,128,0,4.597199532502169,7.5,135.01562889565886,5890.105225055014,0.7246961805555555,672.1289536620104,0.0,
hcw,transverse,300.0,1800.0,0.1,0.09,5.0,10.0,10.0,10.0,10,100.0,inf,cone,both,5000.0,10.0,0.01,30.0,0.01,256,20,3,0.5,0.1,0.99,10.0,256,20,0,128,0,4.597199532502169,10.0,135.01562889565886,6749.797757216803,0.6954861111111111,695.2338731038052,0.0,
hcw,transverse,300.0,1800.0,0.1,0.09,5.0,inf,10.0,10.0,10,100.0,inf,cone,both,5000.0,10.0,0.01,30.0,0.01,256,20,3,0.5,0.1,0.99,10.0,256,20,0,128,0,4.597199532502169,16.19999999999998,135.01562889565886,7385.098696120369,0.6748263888888889,730.9472263684935,0.0,
hcw,transverse,300.0,1800.0,0.1,0.1,5.0,1.25,10.0,10.0,10,100.0,inf,cone,both,5000.0,10.0,0.01,30.0,0.01,256,20,3,0.5,0.1,0.99,10.0,256,20,0,128,98,4.05285414619707,1.25,53.04766801397908,737.1970208665563,0.7593589540149928,283.61030993184323,0.765625,460.0
hcw,transverse,300.0,1800.0,0.1,0.1,5.0,2.5,10.0,10.0,10,100.0,inf,cone,both,5000.0,10.0,0.01,30.0,0.01,256,20,3,0.5,0.1,0.99,10.0,256,20,0,128,1,4.597199532502169,2.5,135.5019127401735,1972.628378271365,0.7640625,488.3433128977782,0.0078125,570.0
hcw,transverse,300.0,1800.0,0.1,0.1,5.0,3.75,10.0,10.0,10,100.0,inf,cone,both,5000.0,10.0,0.01,30.0,0.01,256,20,3,0.5,0.1,0.99,10.0,256,20,0,128,0,4.597199532502169,3.75,150.56262063586917,2971.997691135882,0.7640625,597.9302267557805,0.0,
hcw,transverse,300.0,1800.0,0.1,0.1,5.0,4.5,10.0,10.0,10,100.0,inf,cone,both,5000.0,10.0,0.01,30.0,0.01,256,20,3,0.5,0.1,0.99,10.0,256,20,0,128,0,4.597199532502169,4.5,150.56262063586917,3912.0890956424696,0.7640625,641.5528815905653,0.0,
hcw,transverse,300.0,1800.0,0.1,0.1,5.0,5.0,10.0,10.0,10,100.0,inf,cone,both,5000.0,10.0,0.01,30.0,0.01,256,20,3,0.5,0.1,0.99,10.0,256,20,0,128,0,4.597199532502169,5.0,150.56262063586917,4484.261466322196,0.763671875,663.5591725051602,0.0,
hcw,transverse,300.0,1800.0,0.1,0.1,5.0,5.5,10.0,10.0,10,100.0,inf,cone,both,5000.0,10.0,0.01,30.0,0.01,256,20,3,0.5,0.1,0.99,10.0,256,20,0,128,0,4.597199532502169,5.5,150.56262063586917,4979.508420547611,0.7595052083333333,681.1578704972706,0.0,
hcw,transverse,300.0,1800.0,0.1,0.1,5.0,6.25,10.0,10.0,10,100.0,inf,cone,both,5000.0,10.0,0.01,30.0,0.01,256,20,3,0.5,0.1,0.99,10.0,256,20,0,128,0,4.597199532502169,6.25,150.56262063586917,5578.232303888119,0.7400607638888889,702.2732624919271,0.0,
hcw,transverse,300.0,1800.0,0.1,0.1,5.0,7.5,10.0,10.0,10,100.0,inf,cone,both,5000.0,10.0,0.01,30.0,0.01,256,20,3,0.5,0.1,0.99,10.0,256,20,0,128,0,4.597199532502169,7.5,150.56262063586917,6310.19827627446,0.7101128472222222,727.1197507328836,0.0,
hcw,transverse,300.0,1800.0,0.1,0.1,5.0,10.0,10.0,10.0,10,100.0,inf,cone,both,5000.0,10.0,0.01,30.0,0.01,256,20,3,0.5,0.1,0.99,10.0,256,20,0,128,0,4.597199532502169,10.0,150.56262063586917,7294.5151072283315,0.6690104166666666,758.2551694749574,0.0,
hcw,transverse,300.0,1800.0,0.1,0.1,5.0,inf,10.0,10.0,10,100.0,inf,cone,both,5000.0,10.0,0.01,30.0,0.01,256,20,3,0.5,0.1,0.99,10.0,256,20,0,128,0,4.597199532502169,17.999999999999986,150.56262063586917,8291.8976491741,0.6381944444444444,824.8514062332628,0.0,
hcw,transverse,300.0,1800.0,0.1,0.11,5.0,1.25,10.0,10.0,10,100.0,inf,cone,both,5000.0,10.0,0.01,30.0,0.01,256,20,3,0.5,0.1,0.99,10.0,256,20,0,128,98,4.0039321814960775,1.25,54.21784306053679,740.9476037069575,0.7593992243575239,286.08108445657774,0.765625,450.0
hcw,transverse,300.0,1800.0,0.1,0.11,5.0,2.5,10.0,10.0,10,100.0,inf,cone,both,5000.0,10.0,0.01,30.0,0.01,256,20,3,0.5,0.1,0.99,10.0,256,20,0,128,1,4.597199532502169,2.5,134.65970946657623,2113.6790637372856,0.7641059027777778,505.2677879157488,0.0078125,570.0
hcw,transverse,300.0,1800.0,0.1,0.11,5.0,3.75,10.0,10.0,10,100.0,inf,cone,both,5000.0,10.0,0.01,30.0,0.01,256,20,3,0.5,0.1,0.99,10.0,256,20,0,128,0,4.597199532502169,3.75,164.78688195864447,2990.675923812885,0.7641059027777778,627.2221235767364,0.0,
hcw,transverse,300.0,1800.0,0.1,0.11,5.0,4.5,10.0,10.0,10,100.0,inf,cone,both,5000.0,10.0,0.01,30.0,0.01,256,20,3,0.5,0.1,0.99,10.0,256,20,0,128,0,4.597199532502169,4.5,164.78688195864447,3954.067013522457,0.7641059027777778,676.7836002383624,0.0,
hcw,transverse,300.0,1800.0,0.1,0.11,5.0,5.0,10.0,10.0,10,100.0,inf,cone,both,5000.0,10.0,0.01,30.0,0.01,256,20,3,0.5,0.1,0.99,10.0,256,20,0,128,0,4.597199532502169,5.0,164.78688195864447,4557.722826354165,0.763671875,702.6626871932018,0.0,
hcw,transverse,300.0,1800.0,0.1,0.11,5.0,5.5,10.0,10.0,10,100.0,inf,cone,both,5000.0,10.0,0.01,30.0,0.01,256,20,3,0.5,0.1,0.99,10.0,256,20,0,128,0,4.597199532502169,5.5,164.78688195864447,5113.630082054255,0.7578559027777778,723.7527452338647,0.0,
hcw,transverse,300.0,1800.0,0.1,0.11,5.0,6.25,10.0,10.0,10,100.0,inf,cone,both,5000.0,10.0,0.01,30.0,0.01,256,20,3,0.5,0.1,0.99,10.0,256,20,0,128,0,4.597199532502169,6.25,164.78688195864447,5818.857995287448,0.7339409722222222,749.0651989985174,0.0,
hcw,transverse,300.0,1800.0,0.1,0.11,5.0,7.5,10.0,10.0,10,100.0,inf,cone,both,5000.0,10.0,0.01,30.0,0.01,256,20,3,0.5,0.1,0.99,10.0,256,20,0,128,0,4.597199532502169,7.5,164.78688195864447,6687.540028256289,0.6960503472222223,779.5887520019602,0.0,
hcw,transverse,300.0,1800.0,0.1,0.11,5.0,10.0,10.0,10.0,10,100.0,inf,cone,both,5000.0,10.0,0.01,30.0,0.01,256,20,3,0.5,0.1,0.99,10.0,256,20,0,128,0,4.597199532502169,10.0,164.78688195864447,7809.380473415817,0.6419704861111111,817.7627459678292,0.0,
hcw,transverse,300.0,1800.0,0.1,0.11,5.0,inf,10.0,10.0,10,100.0,inf,cone,both,5000.0,10.0,0.01,30.0,0.01,256,20,3,0.5,0.1,0.99,10.0,256,20,0,128,0,4.597199532502169,19.79999999999995,164.78688195864447,9202.716411394762,0.6053385416666667,931.936461935948,0.0,
hcw,transverse,300.0,1800.0,0.1,0.125,5.0,1.25,10.0,10.0,10,100.0,inf,cone,both,5000.0,10.0,0.01,30.0,0.01,256,20,3,0.5,0.1,0.99,10.0,256,20,0,128,98,3.951703205333948,1.25,55.691670576632895,743.9535680296672,0.7598175746902153,288.48543188646534,0.765625,440.0
hcw,transverse,300.0,1800.0,0.1,0.125,5.0,2.5,10.0,10.0,10,100.0,inf,cone,both,5000.0,10.0,0.01,30.0,0.01,256,20,3,0.5,0.1,0.99,10.0,256,20,0,128,1,4.597199532502169,2.5,130.61015235460528,2292.559394303351,0.7642361111111111,524.7227627474343,0.0078125,600.0
hcw,transverse,300.0,1800.0,0.1,0.125,5.0,3.75,10.0,10.0,10,100.0,inf,cone,both,5000.0,10.0,0.01,30.0,0.01,256,20,3,0.5,0.1,0.99,10.0,256,20,0,128,0,4.597199532502169,3.75,183.2363355840723,2994.8068425434467,0.7642361111111111,664.5454268893553,0.0,
hcw,transverse,300.0,1800.0,0.1,0.125,5.0,4.5,10.0,10.0,10,100.0,inf,cone,both,5000.0,10.0,0.01,30.0,0.01,256,20,3,0.5,0.1,0.99,10.0,256,20,0,128,0,4.597199532502169,4.5,183.52036788557697,3992.075780482129,0.7642361111111111,722.3313362805843,0.0,
hcw,transverse,300.0,1800.0,0.1,0.125,5.0,5.0,10.0,10.0,10,100.0,inf,cone,both,5000.0,10.0,0.01,30.0,0.01,256,20,3,0.5,0.1,0.99,10.0,256,20,0,128,0,4.597199532502169,5.0,183.52036788557697,4625.081743621467,0.7639322916666667,753.3930572249072,0.0,
hcw,transverse,300.0,1800.0,0.1,0.125,5.0,5.5,10.0,10.0,10,100.0,inf,cone,both,5000.0,10.0,0.01,30.0,0.01,256,20,3,0.5,0.1,0.99,10.0,256,20,0,128,0,4.597199532502169,5.5,183.52036788557697,5223.792721027042,0.7566840277777778,779.7698169402531,0.0,
hcw,transverse,300.0,1800.0,0.1,0.125,5.0,6.25,10.0,10.0,10,100.0,inf,cone,both,5000.0,10.0,0.01,30.0,0.01,256,20,3,0.5,0.1,0.99,10.0,256,20,0,128,0,4.597199532502169,6.25,183.52036788557697,6043.789083230254,0.7284722222222222,812.0028720832713,0.0,
hcw,transverse,300.0,1800.0,0.1,0.125,5.0,7.5,10.0,10.0,10,100.0,inf,cone,both,5000.0,10.0,0.01,30.0,0.01,256,20,3,0.5,0.1,0.99,10.0,256,20,0,128,0,4.597199532502169,7.5,183.52036788557697,7137.6586351047135,0.6794704861111112,852.7653104810937,0.0,
hcw,transverse,300.0,1800.0,0.1,0.125,5.0,10.0,10.0,10.0,10,100.0,inf,cone,both,5000.0,10.0,0.01,30.0,0.01,256,20,3,0.5,0.1,0.99,10.0,256,20,0,128,0,4.597199532502169,10.0,183.52036788557697,8530.983008342107,0.6076822916666667,905.5414525504444,0.0,
hcw,transverse,300.0,1800.0,0.1,0.125,5.0,inf,10.0,10.0,10,100.0,inf,cone,both,5000.0,10.0,0.01,30.0,0.01,256,20,3,0.5,0.1,0.99,10.0,256,20,0,128,0,4.597199532502169,22.5,183.52036788557697,10574.765159929346,0.5647135416666667,1110.6070258740103,0.0,
hcw,transverse,300.0,1800.0,0.1,0.15,5.0,1.25,10.0,10.0,10,100.0,inf,cone,both,5000.0,10.0,0.01,30.0,0.01,256,20,3,0.5,0.1,0.99,10.0,256,20,0,128,98,3.910209749369313,1.25,57.35274349733776,747.4655247750762,0.7601090861164129,291.3012417124332,0.765625,430.0
hcw,transverse,300.0,1800.0,0.1,0.15,5.0,2.5,10.0,10.0,10,100.0,inf,cone,both,5000.0,10.0,0.01,30.0,0.01,256,20,3,0.5,0.1,0.99,10.0,256,20,0,128,1,4.597199532502169,2.5,124.9855595166862,2507.740836050357,0.7643229166666666,545.7773784197384,0.0078125,590.0
hcw,transverse,300.0,1800.0,0.1,0.15,5.0,3.75,10.0,10.0,10,100.0,inf,cone,both,5000.0,10.0,0.01,30.0,0.01,256,20,3,0.5,0.1,0.99,10.0,256,20,0,128,0,4.597199532502169,3.75,207.85751936132627,2980.3398920512104,0.7643229166666666,716.2825532279052,0.0,
hcw,transverse,300.0,1800.0,0.1,0.15,5.0,4.5,10.0,10.0,10,100.0,inf,cone,both,5000.0,10.0,0.01,30.0,0.01,256,20,3,0.5,0.1,0.99,10.0,256,20,0,128,0,4.597199532502169,4.5,208.5803319653168,4019.8360855251,0.7643229166666666,786.8396992506578,0.0,
hcw,transverse,300.0,1800.0,0.1,0.15,5.0,5.0,10.0,10.0,10,100.0,inf,cone,both,5000.0,10.0,0.01,30.0,0.01,256,20,3,0.5,0.1,0.99,10.0,256,20,0,128,0,4.597199532502169,5.0,208.5803319653168,4689.98274007344,0.7643229166666666,825.4419047903194,0.0,
hcw,transverse,300.0,1800.0,0.1,0.15,5.0,5.5,10.0,10.0,10,100.0,inf,cone,both,5000.0,10.0,0.01,30.0,0.01,256,20,3,0.5,0.1,0.99,10.0,256,20,0,128,0,4.597199532502169,5.5,208.5803319653168,5329.009361270023,0.7568142361111111,858.9440414591229,0.0,
hcw,transverse,300.0,1800.0,0.1,0.15,5.0,6.25,10.0,10.0,10,100.0,inf,cone,both,5000.0,10.0,0.01,30.0,0.01,256,20,3,0.5,0.1,0.99,10.0,256,20,0,128,0,4.597199532502169,6.25,208.5803319653168,6228.992023335532,0.7261284722222222,902.1412167777796,0.0,
hcw,transverse,300.0,1800.0,0.1,0.15,5.0,7.5,10.0,10.0,10,100.0,inf,cone,both,5000.0,10.0,0.01,30.0,0.01,256,20,3,0.5,0.1,0.99,10.0,256,20,0,128,0,4.597199532502169,7.5,208.5803319653168,7569.1113416314,0.66796875,958.5875294403842,0.0,
hcw,transverse,300.0,1800.0,0.1,0.15,5.0,10.0,10.0,10.0,10,100.0,inf,cone,both,5000.0,10.0,0.01,30.0,0.01,256,20,3,0.5,0.1,0.99,10.0,256,20,0,128,0,4.597199532502169,10.0,208.5803319653168,9501.39818495323,0.5724392361111111,1033.3164455602432,0.0,
hcw,transverse,300.0,1800.0,0.1,0.15,5.0,inf,10.0,10.0,10,100.0,inf,cone,both,5000.0,10.0,0.01,30.0,0.01,256,20,3,0.5,0.1,0.99,10.0,256,20,0,128,0,4.597199532502169,26.99999999999992,208.5803319653168,12865.11918338602,0.5126736111111111,1453.8370282819865,0.0,
hcw,transverse,300.0,1800.0,0.1,0.2,5.0,1.25,10.0,10.0,10,100.0,inf,cone,both,5000.0,10.0,0.01,30.0,0.01,256,20,3,0.5,0.1,0.99,10.0,256,20,0,128,98,3.877515263260158,1.25,59.545771018213344,751.8259626139949,0.7611393768514882,294.81424592559824,0.765625,420.0
hcw,transverse,300.0,1800.0,0.1,0.2,5.0,2.5,10.0,10.0,10,100.0,inf,cone,both,5000.0,10.0,0.01,30.0,0.01,256,20,3,0.5,0.1,0.99,10.0,256,20,0,128,1,4.597199532502169,2.5,118.1850360051875,2738.88474861307,0.7645833333333333,568.2120886401584,0.0078125,580.0
hcw,transverse,300.0,1800.0,0.1,0.2,5.0,3.75,10.0,10.0,10,100.0,inf,cone,both,5000.0,10.0,0.01,30.0,0.01,256,20,3,0.5,0.1,0.99,10.0,256,20,0,128,0,4.597199532502169,3.75,239.724034168092,2954.8500375440703,0.7645833333333333,786.8255481677091,0.0,
hcw,transverse,300.0,1800.0,0.1,0.2,5.0,4.5,10.0,10.0,10,100.0,inf,cone,both,5000.0,10.0,0.01,30.0,0.01,256,20,3,0.5,0.1,0.99,10.0,256,20,0,128,0,4.597199532502169,4.5,241.0528877942405,4046.125123626032,0.7645833333333333,884.0176524604167,0.0,
hcw,transverse,300.0,1800.0,0.1,0.2,5.0,5.0,10.0,10.0,10,100.0,inf,cone,both,5000.0,10.0,0.01,30.0,0.01,256,20,3,0.5,0.1,0.99,10.0,256,20,0,128,0,4.597199532502169,5.0,241.0528877942405,4787.004094607518,0.7645833333333333,937.6091962608908,0.0,
hcw,transverse,300.0,1800.0,0.1,0.2,5.0,5.5,10.0,10.0,10,100.0,inf,cone,both,5000.0,10.0,0.01,30.0,0.01,256,20,3,0.5,0.1,0.99,10.0,256,20,0,128,0,4.597199532502169,5.5,241.0528877942405,5487.687748902389,0.7588541666666667,983.9009740666432,0.0,
hcw,transverse,300.0,1800.0,0.1,0.2,5.0,6.25,10.0,10.0,10,100.0,inf,cone,both,5000.0,10.0,0.01,30.0,0.01,256,20,3,0.5,0.1,0.99,10.0,256,20,0,128,0,4.597199532502169,6.25,241.0528877942405,6478.210453539716,0.7273003472222223,1044.8884976895356,0.0,
hcw,transverse,300.0,1800.0,0.1,0.2,5.0,7.5,10.0,10.0,10,100.0,inf,cone,both,5000.0,10.0,0.01,30.0,0.01,256,20,3,0.5,0.1,0.99,10.0,256,20,0,128,0,4.597199532502169,7.5,241.0528877942405,7989.406645624585,0.6661892361111111,1129.4537581835557,0.0,
hcw,transverse,300.0,1800.0,0.1,0.2,5.0,10.0,10.0,10.0,10,100.0,inf,cone,both,5000.0,10.0,0.01,30.0,0.01,256,20,3,0.5,0.1,0.99,10.0,256,20,0,128,0,4.597199532502169,10.0,241.0528877942405,10589.17070346978,0.5473090277777778,1250.69410827754,0.0,
hcw,transverse,300.0,1800.0,0.1,0.2,5.0,inf,10.0,10.0,10,100.0,inf,cone,both,5000.0,10.0,0.01,30.0,0.01,256,20,3,0.5,0.1,0.99,10.0,256,20,0,128,0,4.597199532502169,35.99999999999997,241.0528877942405,17267.15752787617,0.4434461805555555,2272.6522576054663,0.0,
lqr,flee,300.0,1800.0,0.1,0.025,5.0,1.25,10.0,10.0,10,100.0,inf,cone,both,5000.0,10.0,0.01,30.0,0.01,256,20,3,0.5,0.1,0.99,10.0,256,20,0,128,91,2.391710210513988,1.25,59.52727870532468,618.3695200131009,0.7267629449354993,228.14471296048956,0.7109375,710.0
lqr,flee,300.0,1800.0,0.1,0.025,5.0,2.5,10.0,10.0,10,100.0,inf,cone,both,5000.0,10.0,0.01,30.0,0.01,256,20,3,0.5,0.1,0.99,10.0,256,20,0,128,91,3.153337664645502,2.5,60.41085785856492,998.0518251880906,0.7241315857438017,330.2761467750855,0.7109375,1210.0
lqr,flee,300.0,1800.0,0.1,0.025,5.0,3.75,10.0,10.0,10,100.0,inf,cone,both,5000.0,10.0,0.01,30.0,0.01,256,20,3,0.5,0.1,0.99,10.0,256,20,0,128,89,4.036216392541592,3.75,60.82829396604617,1202.223480380835,0.7250434027777778,355.9097770866564,0.6953125,1710.0
lqr,flee,300.0,1800.0,0.1,0.025,5.0,4.5,10.0,10.0,10,100.0,inf,cone,both,5000.0,10.0,0.01,30.0,0.01,256,20,3,0.5,0.1,0.99,10.0,256,20,0,128,0,4.398643553121106,4.4999999999999964,75.18480871848219,1253.0992978403262,0.7249565972222223,357.3842726663986,0.0,
lqr,flee,300.0,1800.0,0.1,0.025,5.0,5.0,10.0,10.0,10,100.0,inf,cone,both,5000.0,10.0,0.01,30.0,0.01,256,20,3,0.5,0.1,0.99,10.0,256,20,0,128,0,4.398643553121106,4.4999999999999964,75.18480871848219,1253.0992978403262,0.7249565972222223,357.3842726663986,0.0,
lqr,flee,300.0,1800.0,0.1,0.025,5.0,5.5,10.0,10.0,10,100.0,inf,cone,both,5000.0,10.0,0.01,30.0,0.01,256,20,3,0.5,0.1,0.99,10.0,256,20,0,128,0,4.398643553121106,4.4999999999999964,75.18480871848219,1253.0992978403262,0.7249565972222223,357.3842726663986,0.0,
lqr,flee,300.0,1800.0,0.1,0.025,5.0,6.25,10.0,10.0,10,100.0,inf,cone,both,5000.0,10.0,0.01,30.0,0.01,256,20,3,0.5,0.1,0.99,10.0,256,20,0,128,0,4.398643553121106,4.4999999999999964,75.18480871848219,1253.0992978403262,0.7249565972222223,357.3842726663986,0.0,
lqr,flee,300.0,1800.0,0.1,0.025,5.0,7.5,10.0,10.0,10,100.0,inf,cone,both,5000.0,10.0,0.01,30.0,0.01,256,20,3,0.5,0.1,0.99,10.0,256,20,0,128,0,4.398643553121106,4.4999999999999964,75.18480871848219,1253.0992978403262,0.7249565972222223,357.3842726663986,0.0,
lqr,flee,300.0,1800.0,0.1,0.025,5.0,10.0,10.0,10.0,10,100.0,inf,cone,both,5000.0,10.0,0.01,30.0,0.01,256,20,3,0.5,0.1,0.99,10.0,256,20,0,128,0,4.398643553121106,4.4999999999999964,75.18480871848219,1253.0992978403262,0.7249565972222223,357.3842726663986,0.0,
lqr,flee,300.0,1800.0,0.1,0.025,5.0,inf,10.0,10.0,10,100.0,inf,cone,both,5000.0,10.0,0.01,30.0,0.01,256,20,3,0.5,0.1,0.99,10.0,256,20,0,128,0,4.398643553121106,4.4999999999999964,75.18480871848219,1253.0992978403262,0.7249565972222223,357.3842726663986,0.0,
lqr,flee,300.0,1800.0,0.1,0.05,5.0,1.25,10.0,10.0,10,100.0,inf,cone,both,5000.0,10.0,0.01,30.0,0.01,256,20,3,0.5,0.1,0.99,10.0,256,20,0,128,92,3.171129940699935,1.25,75.07428862791163,660.2701660884757,0.746750723721483,235.5060716505193,0.71875,570.0
lqr,flee,300.0,1800.0,0.1,0.05,5.0,2.5,10.0,10.0,10,100.0,inf,cone,both,5000.0,10.0,0.01,30.0,0.01,256,20,3,0.5,0.1,0.99,10.0,256,20,0,128,89,3.3274803445602963,2.5,78.09488232961527,1250.7510007000724,0.7384114583333333,410.7672907029914,0.6953125,780.0
lqr,flee,300.0,1800.0,0.1,0.05,5.0,3.75,10.0,10.0,10,100.0,inf,cone,both,5000.0,10.0,0.01,30.0,0.01,256,20,3,0.5,0.1,0.99,10.0,256,20,0,128,89,3.9742248878498607,3.75,82.53001022240825,1703.995425257464,0.7251302083333333,579.0783246870368,0.6953125,1030.0
lqr,flee,300.0,1800.0,0.1,0.05,5.0,4.5,10.0,10.0,10,100.0,inf,cone,both,5000.0,10.0,0.01,30.0,0.01,256,20,3,0.5,0.1,0.99,10.0,256,20,0,128,78,4.362720713894329,4.5,83.69064045440625,1940.5616874337893,0.7229166666666667,647.7180511869265,0.609375,1180.0
lqr,flee,300.0,1800.0,0.1,0.05,5.0,5.0,10.0,10.0,10,100.0,inf,cone,both,5000.0,10.0,0.01,30.0,0.01,256,20,3,0.5,0.1,0.99,10.0,256,20,0,128,0,4.353221334315916,5.0,116.8591713491502,2209.859920708176,0.7212673611111111,676.9811255680517,0.0,
lqr,flee,300.0,1800.0,0.1,0.05,5.0,5.5,10.0,10.0,10,100.0,inf,cone,both,5000.0,10.0,0.01,30.0,0.01,256,20,3,0.5,0.1,0.99,10.0,256,20,0,128,0,4.353221334315916,5.5,118.01022356379798,2591.6485193169674,0.7208333333333333,696.9716026885853,0.0,
lqr,flee,300.0,1800.0,0.1,0.05,5.0,6.25,10.0,10.0,10,100.0,inf,cone,both,5000.0,10.0,0.01,30.0,0.01,256,20,3,0.5,0.1,0.99,10.0,256,20,0,128,0,4.314343835731911,6.25,118.01022356379798,3077.346387133093,0.7204427083333333,739.8281732769453,0.0,
lqr,flee,300.0,1800.0,0.1,0.05,5.0,7.5,10.0,10.0,10,100.0,inf,cone,both,5000.0,10.0,0.01,30.0,0.01,256,20,3,0.5,0.1,0.99,10.0,256,20,0,128,0,4.314343835731911,7.5,118.01022356379798,3615.905203376,0.7203993055555555,757.7587205776341,0.0,
lqr,flee,300.0,1800.0,0.1,0.05,5.0,10.0,10.0,10.0,10,100.0,inf,cone,both,5000.0,10.0,0.01,30.0,0.01,256,20,3,0.5,0.1,0.99,10.0,256,20,0,128,0,4.314343835731911,8.999999999999993,118.01022356379798,3848.430866010184,0.7203993055555555,761.7719162658817,0.0,
lqr,flee,300.0,1800.0,0.1,0.05,5.0,inf,10.0,10.0,10,100.0,inf,cone,both,5000.0,10.0,0.01,30.0,0.01,256,20,3,0.5,0.1,0.99,10.0,256,20,0,128,0,4.314343835731911,8.999999999999993,118.01022356379798,3848.430866010184,0.7203993055555555,761.7719162658817,0.0,
lqr,flee,300.0,1800.0,0.1,0.075,5.0,1.25,10.0,10.0,10,100.0,inf,cone,both,5000.0,10.0,0.01,30.0,0.01,256,20,3,0.5,0.1,0.99,10.0,256,20,0,128,91,3.607170565464154,1.25,84.65027755937204,689.4014152557393,0.752678422021419,242.2118645518665,0.7109375,560.0
lqr,flee,300.0,1800.0,0.1,0.075,5.0,2.5,10.0,10.0,10,100.0,inf,cone,both,5000.0,10.0,0.01,30.0,0.01,256,20,3,0.5,0.1,0.99,10.0,256,20,0,128,90,3.967147030539381,2.5,85.94724560721666,1334.3902273766323,0.7448646405677656,453.71312134632575,0.703125,670.0
lqr,flee,300.0,1800.0,0.1,0.075,5.0,3.75,10.0,10.0,10,100.0,inf,cone,both,5000.0,10.0,0.01,30.0,0.01,256,20,3,0.5,0.1,0.99,10.0,256,20,0,128,89,4.289505212020892,3.75,92.88416056522982,1875.3654267432555,0.73203125,668.790792469786,0.6953125,820.0
lqr,flee,300.0,1800.0,0.1,0.075,5.0,4.5,10.0,10.0,10,100.0,inf,cone,both,5000.0,10.0,0.01,30.0,0.01,256,20,3,0.5,0.1,0.99,10.0,256,20,0,128,55,4.351927758321918,4.5,99.29571098,2251.517735207751,0.7278645833333334,799.4610507978825,0.4296875,860.0
lqr,flee,300.0,1800.0,0.1,0.075,5.0,5.0,10.0,10.0,10,100.0,inf,cone,both,5000.0,10.0,0.01,30.0,0.01,256,20,3,0.5,0.1,0.99,10.0,256,20,0,128,1,4.292406439928452,5.0,148.29830574733728,2604.511764259896,0.7273871527777778,880.2485437785145,0.0078125,1580.0
lqr,flee,300.0,1800.0,0.1,0.075,5.0,5.5,10.0,10.0,10,100.0,inf,cone,both,5000.0,10.0,0.01,30.0,0.01,256,20,3,0.5,0.1,0.99,10.0,256,20,0,128,0,4.292406439928452,5.5,154.57365267741156,3183.055987114434,0.7273871527777778,926.2260499120348,0.0,
lqr,flee,300.0,1800.0,0.1,0.075,5.0,6.25,10.0,10.0,10,100.0,inf,cone,both,5000.0,10.0,0.01,30.0,0.01,256,20,3,0.5,0.1,0.99,10.0,256,20,0,128,0,4.292406439928452,6.25,154.57365267741156,3983.9710395950665,0.7269097222222223,984.6900269321249,0.0,
lqr,flee,300.0,1800.0,0.1,0.075,5.0,7.5,10.0,10.0,10,100.0,inf,cone,both,5000.0,10.0,0.01,30.0,0.01,256,20,3,0.5,0.1,0.99,10.0,256,20,0,128,0,4.292406439928452,7.5,154.57365267741156,5127.112424785063,0.7252604166666666,1057.852858727567,0.0,
lqr,flee,300.0,1800.0,0.1,0.075,5.0,10.0,10.0,10.0,10,100.0,inf,cone,both,5000.0,10.0,0.01,30.0,0.01,256,20,3,0.5,0.1,0.99,10.0,256,20,0,128,0,4.292406439928452,10.0,154.57365267741156,6740.379188686061,0.7186631944444445,1134.9722299810992,0.0,
lqr,flee,300.0,1800.0,0.1,0.075,5.0,inf,10.0,10.0,10,100.0,inf,cone,both,5000.0,10.0,0.01,30.0,0.01,256,20,3,0.5,0.1,0.99,10.0,256,20,0,128,0,4.292406439928452,13.49999999999996,154.57365267741156,7575.610808455915,0.7068142361111112,1158.2192086069758,0.0,
lqr,flee,300.0,1800.0,0.1,0.09,5.0,1.25,10.0,10.0,10,100.0,inf,cone,both,5000.0,10.0,0.01,30.0,0.01,256,20,3,0.5,0.1,0.99,10.0,256,20,0,128,93,3.717325724470228,1.25,85.7852984973557,669.9201119558778,0.7563753858024691,239.68258630519057,0.7265625,570.0
lqr,flee,300.0,1800.0,0.1,0.09,5.0,2.5,10.0,10.0,10,100.0,inf,cone,both,5000.0,10.0,0.01,30.0,0.01,256,20,3,0.5,0.1,0.99,10.0,256,20,0,128,89,4.37708361776145,2.5,89.1627255821622,1393.7578090446673,0.7483506944444445,471.05516276140105,0.6953125,680.0
lqr,flee,300.0,1800.0,0.1,0.09,5.0,3.75,10.0,10.0,10,100.0,inf,cone,both,5000.0,10.0,0.01,30.0,0.01,256,20,3,0.5,0.1,0.99,10.0,256,20,0,128,58,4.425163513631125,3.75,98.0291540009591,2186.283954955989,0.7333767361111111,726.0709295842862,0.453125,720.0
lqr,flee,300.0,1800.0,0.1,0.09,5.0,4.5,10.0,10.0,10,100.0,inf,cone,both,5000.0,10.0,0.01,30.0,0.01,256,20,3,0.5,0.1,0.99,10.0,256,20,0,128,14,4.333303204060771,4.5,139.56277075348362,2613.532585376186,0.7280815972222222,865.9840635674185,0.109375,775.0
lqr,flee,300.0,1800.0,0.1,0.09,5.0,5.0,10.0,10.0,10,100.0,inf,cone,both,5000.0,10.0,0.01,30.0,0.01,256,20,3,0.5,0.1,0.99,10.0,256,20,0,128,0,4.292406439928452,5.0,202.4131634304973,2865.7473541879435,0.7279079861111111,949.340669903882,0.0,
lqr,flee,300.0,1800.0,0.1,0.09,5.0,5.5,10.0,10.0,10,100.0,inf,cone,both,5000.0,10.0,0.01,30.0,0.01,256,20,3,0.5,0.1,0.99,10.0,256,20,0,128,0,4.292406439928452,5.5,220.83986814836197,3494.0216528422875,0.7279079861111111,1006.3716078826596,0.0,
lqr,flee,300.0,1800.0,0.1,0.09,5.0,6.25,10.0,10.0,10,100.0,inf,cone,both,5000.0,10.0,0.01,30.0,0.01,256,20,3,0.5,0.1,0.99,10.0,256,20,0,128,0,4.292406439928452,6.25,220.83986814836197,4412.534447151359,0.7268663194444445,1081.6994988045412,0.0,
lqr,flee,300.0,1800.0,0.1,0.09,5.0,7.5,10.0,10.0,10,100.0,inf,cone,both,5000.0,10.0,0.01,30.0,0.01,256,20,3,0.5,0.1,0.99,10.0,256,20,0,128,0,4.292406439928452,7.5,220.83986814836197,5777.07865140116,0.7248697916666667,1183.0887274160225,0.0,
lqr,flee,300.0,1800.0,0.1,0.09,5.0,10.0,10.0,10.0,10,100.0,inf,cone,both,5000.0,10.0,0.01,30.0,0.01,256,20,3,0.5,0.1,0.99,10.0,256,20,0,128,0,4.292406439928452,10.0,220.83986814836197,7908.585214429011,0.6851128472222222,1313.133295710585,0.0,
lqr,flee,300.0,1800.0,0.1,0.09,5.0,inf,10.0,10.0,10,100.0,inf,cone,both,5000.0,10.0,0.01,30.0,0.01,256,20,3,0.5,0.1,0.99,10.0,256,20,0,128,0,4.292406439928452,16.19999999999998,220.83986814836197,10082.942692256049,0.6303819444444444,1411.9519730014165,0.0,
lqr,flee,300.0,1800.0,0.1,0.1,5.0,1.25,10.0,10.0,10,100.0,inf,cone,both,5000.0,10.0,0.01,30.0,0.01,256,20,3,0.5,0.1,0.99,10.0,256,20,0,128,93,3.7617142704841378,1.25,86.5777707657732,675.8188362060255,0.7565471824218838,241.85444207215104,0.7265625,580.0
lqr,flee,300.0,1800.0,0.1,0.1,5.0,2.5,10.0,10.0,10,100.0,inf,cone,both,5000.0,10.0,0.01,30.0,0.01,256,20,3,0.5,0.1,0.99,10.0,256,20,0,128,89,4.519477796857037,2.5,89.71266005063919,1416.0296423805537,0.7480902777777778,480.3745971685648,0.6953125,700.0
lqr,flee,300.0,1800.0,0.1,0.1,5.0,3.75,10.0,10.0,10,100.0,inf,cone,both,5000.0,10.0,0.01,30.0,0.01,256,20,3,0.5,0.1,0.99,10.0,256,20,0,128,24,4.444075679377365,3.75,106.17236881882258,2589.802792606044,0.7344184027777778,742.5973670448174,0.1875,695.0
lqr,flee,300.0,1800.0,0.1,0.1,5.0,4.5,10.0,10.0,10,100.0,inf,cone,both,5000.0,10.0,0.01,30.0,0.01,256,20,3,0.5,0.1,0.99,10.0,256,20,0,128,5,4.3489525379691365,4.5,179.8950050753135,2764.569262661621,0.7296875,890.4986310585335,0.0390625,870.0
lqr,flee,300.0,1800.0,0.1,0.1,5.0,5.0,10.0,10.0,10,100.0,inf,cone,both,5000.0,10.0,0.01,30.0,0.01,256,20,3,0.5,0.1,0.99,10.0,256,20,0,128,0,4.311318605674692,5.0,256.3020852989766,3089.173576673727,0.7295138888888889,979.8817645297436,0.0,
lqr,flee,300.0,1800.0,0.1,0.1,5.0,5.5,10.0,10.0,10,100.0,inf,cone,both,5000.0,10.0,0.01,30.0,0.01,256,20,3,0.5,0.1,0.99,10.0,256,20,0,128,0,4.292406439928452,5.5,294.1116313236676,3744.932068594496,0.7280381944444444,1049.7423028708488,0.0,
lqr,flee,300.0,1800.0,0.1,0.1,5.0,6.25,10.0,10.0,10,100.0,inf,cone,both,5000.0,10.0,0.01,30.0,0.01,256,20,3,0.5,0.1,0.99,10.0,256,20,0,128,0,4.292406439928452,6.25,294.1116313236676,4722.123685355242,0.7268229166666667,1134.444848094424,0.0,
lqr,flee,300.0,1800.0,0.1,0.1,5.0,7.5,10.0,10.0,10,100.0,inf,cone,both,5000.0,10.0,0.01,30.0,0.01,256,20,3,0.5,0.1,0.99,10.0,256,20,0,128,0,4.292406439928452,7.5,294.1116313236676,6203.475250688858,0.7187065972222222,1252.2931994131186,0.0,
lqr,flee,300.0,1800.0,0.1,0.1,5.0,10.0,10.0,10.0,10,100.0,inf,cone,both,5000.0,10.0,0.01,30.0,0.01,256,20,3,0.5,0.1,0.99,10.0,256,20,0,128,0,4.292406439928452,10.0,294.1116313236676,8607.090945630169,0.6580295138888889,1415.5957481838986,0.0,
lqr,flee,300.0,1800.0,0.1,0.1,5.0,inf,10.0,10.0,10,100.0,inf,cone,both,5000.0,10.0,0.01,30.0,0.01,256,20,3,0.5,0.1,0.99,10.0,256,20,0,128,0,4.292406439928452,17.999999999999986,294.1116313236676,11865.66137064001,0.5831597222222222,1606.0471853205322,0.0,
lqr,flee,300.0,1800.0,0.1,0.11,5.0,1.25,10.0,10.0,10,100.0,inf,cone,both,5000.0,10.0,0.01,30.0,0.01,256,20,3,0.5,0.1,0.99,10.0,256,20,0,128,94,3.802876731647847,1.25,86.51827981537403,671.1201681920942,0.7553107500038149,243.43864077911405,0.734375,580.0
lqr,flee,300.0,1800.0,0.1,0.11,5.0,2.5,10.0,10.0,10,100.0,inf,cone,both,5000.0,10.0,0.01,30.0,0.01,256,20,3,0.5,0.1,0.99,10.0,256,20,0,128,87,4.599536076637885,2.5,87.79985555093864,1414.860214459524,0.7525607638888889,479.9508302903558,0.6796875,710.0
lqr,flee,300.0,1800.0,0.1,0.11,5.0,3.75,10.0,10.0,10,100.0,inf,cone,both,5000.0,10.0,0.01,30.0,0.01,256,20,3,0.5,0.1,0.99,10.0,256,20,0,128,13,4.424544524955741,3.75,116.88422273621568,2766.542074444148,0.740234375,754.3304543579525,0.1015625,690.0
lqr,flee,300.0,1800.0,0.1,0.11,5.0,4.5,10.0,10.0,10,100.0,inf,cone,both,5000.0,10.0,0.01,30.0,0.01,256,20,3,0.5,0.1,0.99,10.0,256,20,0,128,4,4.350179518157319,4.5,207.8606941106807,2829.044336821339,0.7362413194444445,901.5786259517506,0.03125,965.0
lqr,flee,300.0,1800.0,0.1,0.11,5.0,5.0,10.0,10.0,10,100.0,inf,cone,both,5000.0,10.0,0.01,30.0,0.01,256,20,3,0.5,0.1,0.99,10.0,256,20,0,128,0,4.331348923113089,5.0,272.6311122643699,3234.1249915835097,0.735546875,982.4991312327218,0.0,
lqr,flee,300.0,1800.0,0.1,0.11,5.0,5.5,10.0,10.0,10,100.0,inf,cone,both,5000.0,10.0,0.01,30.0,0.01,256,20,3,0.5,0.1,0.99,10.0,256,20,0,128,0,4.312436757366849,5.5,300.0,3918.5016635545694,0.7346354166666667,1055.5626779443514,0.0,
lqr,flee,300.0,1800.0,0.1,0.11,5.0,6.25,10.0,10.0,10,100.0,inf,cone,both,5000.0,10.0,0.01,30.0,0.01,256,20,3,0.5,0.1,0.99,10.0,256,20,0,128,0,4.312436757366849,6.25,300.0,4946.145746248342,0.7327256944444445,1145.673254088775,0.0,
lqr,flee,300.0,1800.0,0.1,0.11,5.0,7.5,10.0,10.0,10,100.0,inf,cone,both,5000.0,10.0,0.01,30.0,0.01,256,20,3,0.5,0.1,0.99,10.0,256,20,0,128,0,4.312436757366849,7.5,300.0,6527.6070246951695,0.7131510416666667,1273.9585835062687,0.0,
lqr,flee,300.0,1800.0,0.1,0.11,5.0,10.0,10.0,10.0,10,100.0,inf,cone,both,5000.0,10.0,0.01,30.0,0.01,256,20,3,0.5,0.1,0.99,10.0,256,20,0,128,0,4.312436757366849,10.0,300.0,9165.243100964157,0.6356336805555556,1463.061499615569,0.0,
lqr,flee,300.0,1800.0,0.1,0.11,5.0,inf,10.0,10.0,10,100.0,inf,cone,both,5000.0,10.0,0.01,30.0,0.01,256,20,3,0.5,0.1,0.99,10.0,256,20,0,128,0,4.312436757366849,19.79999999999995,300.0,13620.371177543891,0.5474826388888889,1769.102269150588,0.0,
lqr,flee,300.0,1800.0,0.1,0.125,5.0,1.25,10.0,10.0,10,100.0,inf,cone,both,5000.0,10.0,0.01,30.0,0.01,256,20,3,0.5,0.1,0.99,10.0,256,20,0,128,94,3.852523961840391,1.25,86.51030595810975,675.7479964250782,0.7556169383208255,245.52799492146684,0.734375,580.0
lqr,flee,300.0,1800.0,0.1,0.125,5.0,2.5,10.0,10.0,10,100.0,inf,cone,both,5000.0,10.0,0.01,30.0,0.01,256,20,3,0.5,0.1,0.99,10.0,256,20,0,128,73,4.611932280889608,2.5,87.43009498930276,1531.0939890862555,0.7522135416666667,494.44611930607385,0.5703125,700.0
lqr,flee,300.0,1800.0,0.1,0.125,5.0,3.75,10.0,10.0,10,100.0,inf,cone,both,5000.0,10.0,0.01,30.0,0.01,256,20,3,0.5,0.1,0.99,10.0,256,20,0,128,11,4.446258879702783,3.75,134.1959805638871,2820.503126610504,0.7410590277777778,768.7552777054727,0.0859375,730.0
lqr,flee,300.0,1800.0,0.1,0.125,5.0,4.5,10.0,10.0,10,100.0,inf,cone,both,5000.0,10.0,0.01,30.0,0.01,256,20,3,0.5,0.1,0.99,10.0,256,20,0,128,1,4.331348923113089,4.5,234.00496920728952,2998.7006559480183,0.7366319444444445,944.0049346363836,0.0078125,1090.0
lqr,flee,300.0,1800.0,0.1,0.125,5.0,5.0,10.0,10.0,10,100.0,inf,cone,both,5000.0,10.0,0.01,30.0,0.01,256,20,3,0.5,0.1,0.99,10.0,256,20,0,128,0,4.331348923113089,5.0,283.3611048498447,3475.4702100929976,0.7356770833333334,1020.6642741066952,0.0,
lqr,flee,300.0,1800.0,0.1,0.125,5.0,5.5,10.0,10.0,10,100.0,inf,cone,both,5000.0,10.0,0.01,30.0,0.01,256,20,3,0.5,0.1,0.99,10.0,256,20,0,128,0,4.312436757366849,5.5,300.0,4198.001116162386,0.7348524305555556,1100.3742478424242,0.0,
lqr,flee,300.0,1800.0,0.1,0.125,5.0,6.25,10.0,10.0,10,100.0,inf,cone,both,5000.0,10.0,0.01,30.0,0.01,256,20,3,0.5,0.1,0.99,10.0,256,20,0,128,0,4.312436757366849,6.25,300.0,5289.844052187335,0.7318142361111111,1200.8147136698244,0.0,
lqr,flee,300.0,1800.0,0.1,0.125,5.0,7.5,10.0,10.0,10,100.0,inf,cone,both,5000.0,10.0,0.01,30.0,0.01,256,20,3,0.5,0.1,0.99,10.0,256,20,0,128,0,4.312436757366849,7.5,300.0,6996.345620235546,0.6984809027777777,1347.6537459901012,0.0,
lqr,flee,300.0,1800.0,0.1,0.125,5.0,10.0,10.0,10.0,10,100.0,inf,cone,both,5000.0,10.0,0.01,30.0,0.01,256,20,3,0.5,0.1,0.99,10.0,256,20,0,128,0,4.312436757366849,10.0,300.0,9928.91086702119,0.6008246527777777,1576.2626241580174,0.0,
lqr,flee,300.0,1800.0,0.1,0.125,5.0,inf,10.0,10.0,10,100.0,inf,cone,both,5000.0,10.0,0.01,30.0,0.01,256,20,3,0.5,0.1,0.99,10.0,256,20,0,128,0,4.312436757366849,22.5,300.0,16333.26679938456,0.49921875,2112.785502971521,0.0,
lqr,flee,300.0,1800.0,0.1,0.15,5.0,1.25,10.0,10.0,10,100.0,inf,cone,both,5000.0,10.0,0.01,30.0,0.01,256,20,3,0.5,0.1,0.99,10.0,256,20,0,128,94,3.9139581269069423,1.25,86.53431186197085,680.9311801360931,0.7560294803004747,248.09080447825224,0.734375,590.0
lqr,flee,300.0,1800.0,0.1,0.15,5.0,2.5,10.0,10.0,10,100.0,inf,cone,both,5000.0,10.0,0.01,30.0,0.01,256,20,3,0.5,0.1,0.99,10.0,256,20,0,128,58,4.63089901625368,2.5,87.25891525171774,1701.7000974224834,0.7568142361111111,503.34617691247786,0.453125,685.0
lqr,flee,300.0,1800.0,0.1,0.15,5.0,3.75,10.0,10.0,10,100.0,inf,cone,both,5000.0,10.0,0.01,30.0,0.01,256,20,3,0.5,0.1,0.99,10.0,256,20,0,128,6,4.446258879702783,3.75,161.73497616447298,2911.7615101073347,0.7416232638888889,796.018123254347,0.046875,785.0
lqr,flee,300.0,1800.0,0.1,0.15,5.0,4.5,10.0,10.0,10,100.0,inf,cone,both,5000.0,10.0,0.01,30.0,0.01,256,20,3,0.5,0.1,0.99,10.0,256,20,0,128,1,4.352282034330115,4.5,253.98586269759727,3207.3840189165844,0.7381076388888889,976.1187386328268,0.0078125,1230.0
lqr,flee,300.0,1800.0,0.1,0.15,5.0,5.0,10.0,10.0,10,100.0,inf,cone,both,5000.0,10.0,0.01,30.0,0.01,256,20,3,0.5,0.1,0.99,10.0,256,20,0,128,0,4.312436757366849,5.0,288.88451930845383,3782.623955047565,0.7358506944444444,1076.554999021879,0.0,
lqr,flee,300.0,1800.0,0.1,0.15,5.0,5.5,10.0,10.0,10,100.0,inf,cone,both,5000.0,10.0,0.01,30.0,0.01,256,20,3,0.5,0.1,0.99,10.0,256,20,0,128,0,4.312436757366849,5.5,300.0,4552.748114596162,0.7354166666666667,1157.8573814198132,0.0,
lqr,flee,300.0,1800.0,0.1,0.15,5.0,6.25,10.0,10.0,10,100.0,inf,cone,both,5000.0,10.0,0.01,30.0,0.01,256,20,3,0.5,0.1,0.99,10.0,256,20,0,128,0,4.312436757366849,6.25,300.0,5729.5017752354615,0.7243055555555555,1272.251775983081,0.0,
lqr,flee,300.0,1800.0,0.1,0.15,5.0,7.5,10.0,10.0,10,100.0,inf,cone,both,5000.0,10.0,0.01,30.0,0.01,256,20,3,0.5,0.1,0.99,10.0,256,20,0,128,0,4.312436757366849,7.5,300.0,7599.308854287934,0.6778645833333333,1445.64883809515,0.0,
lqr,flee,300.0,1800.0,0.1,0.15,5.0,10.0,10.0,10.0,10,100.0,inf,cone,both,5000.0,10.0,0.01,30.0,0.01,256,20,3,0.5,0.1,0.99,10.0,256,20,0,128,0,4.312436757366849,10.0,300.0,10918.161258532498,0.5571180555555556,1731.063526506444,0.0,
lqr,flee,300.0,1800.0,0.1,0.15,5.0,inf,10.0,10.0,10,100.0,inf,cone,both,5000.0,10.0,0.01,30.0,0.01,256,20,3,0.5,0.1,0.99,10.0,256,20,0,128,0,4.312436757366849,26.99999999999992,300.0,20869.353435494275,0.438671875,2775.1820679202165,0.0,
lqr,flee,300.0,1800.0,0.1,0.2,5.0,1.25,10.0,10.0,10,100.0,inf,cone,both,5000.0,10.0,0.01,30.0,0.01,256,20,3,0.5,0.1,0.99,10.0,256,20,0,128,94,3.992725563101123,1.25,86.52819418625567,689.4688545372694,0.7557885486957971,253.32697924075973,0.734375,595.0
lqr,flee,300.0,1800.0,0.1,0.2,5.0,2.5,10.0,10.0,10,100.0,inf,cone,both,5000.0,10.0,0.01,30.0,0.01,256,20,3,0.5,0.1,0.99,10.0,256,20,0,128,32,4.636856488270742,2.5,88.70491914548762,2048.8411255215588,0.7601559573970037,506.1727048644558,0.25,670.0
lqr,flee,300.0,1800.0,0.1,0.2,5.0,3.75,10.0,10.0,10,100.0,inf,cone,both,5000.0,10.0,0.01,30.0,0.01,256,20,3,0.5,0.1,0.99,10.0,256,20,0,128,5,4.510453712653822,3.75,195.35603564883297,2982.1274357118227,0.7489583333333333,785.7890634944239,0.0390625,830.0
lqr,flee,300.0,1800.0,0.1,0.2,5.0,4.5,10.0,10.0,10,100.0,inf,cone,both,5000.0,10.0,0.01,30.0,0.01,256,20,3,0.5,0.1,0.99,10.0,256,20,0,128,0,4.3730831936933,4.5,266.2432001017684,3476.0105838062755,0.7451388888888889,1000.8196590303286,0.0,
lqr,flee,300.0,1800.0,0.1,0.2,5.0,5.0,10.0,10.0,10,100.0,inf,cone,both,5000.0,10.0,0.01,30.0,0.01,256,20,3,0.5,0.1,0.99,10.0,256,20,0,128,0,4.333237916730034,5.0,291.5492875611972,4147.623762352035,0.7422743055555555,1109.9918283780514,0.0,
lqr,flee,300.0,1800.0,0.1,0.2,5.0,5.5,10.0,10.0,10,100.0,inf,cone,both,5000.0,10.0,0.01,30.0,0.01,256,20,3,0.5,0.1,0.99,10.0,256,20,0,128,0,4.333237916730034,5.5,300.0,4985.889691676485,0.7387586805555556,1200.531846787387,0.0,
lqr,flee,300.0,1800.0,0.1,0.2,5.0,6.25,10.0,10.0,10,100.0,inf,cone,both,5000.0,10.0,0.01,30.0,0.01,256,20,3,0.5,0.1,0.99,10.0,256,20,0,128,0,4.333237916730034,6.25,300.0,6277.691137037181,0.7118055555555556,1331.0854251099483,0.0,
lqr,flee,300.0,1800.0,0.1,0.2,5.0,7.5,10.0,10.0,10,100.0,inf,cone,both,5000.0,10.0,0.01,30.0,0.01,256,20,3,0.5,0.1,0.99,10.0,256,20,0,128,0,4.333237916730034,7.5,300.0,8372.659491043112,0.6514756944444444,1537.0525175975229,0.0,
lqr,flee,300.0,1800.0,0.1,0.2,5.0,10.0,10.0,10.0,10,100.0,inf,cone,both,5000.0,10.0,0.01,30.0,0.01,256,20,3,0.5,0.1,0.99,10.0,256,20,0,128,0,4.333237916730034,10.0,300.0,12224.277961953729,0.5010850694444444,1903.2090123832893,0.0,
lqr,flee,300.0,1800.0,0.1,0.2,5.0,inf,10.0,10.0,10,100.0,inf,cone,both,5000.0,10.0,0.01,30.0,0.01,256,20,3,0.5,0.1,0.99,10.0,256,20,0,128,0,4.333237916730034,35.99999999999997,300.0,29941.571497926536,0.3608940972222222,4244.069642342804,0.0,
lqr,coast,300.0,1800.0,0.1,0.025,5.0,1.25,10.0,10.0,10,100.0,inf,cone,both,5000.0,10.0,0.01,30.0,0.01,256,20,3,0.5,0.1,0.99,10.0,256,20,0,128,98,2.394308453657364,0.0,24.012620959655926,73.9948718008576,0.7189640176767165,35.58897314710292,0.765625,450.0
lqr,coast,300.0,1800.0,0.1,0.025,5.0,2.5,10.0,10.0,10,100.0,inf,cone,both,5000.0,10.0,0.01,30.0,0.01,256,20,3,0.5,0.1,0.99,10.0,256,20,0,128,98,2.394308453657364,0.0,24.012620959655926,73.9948718008576,0.7189640176767165,35.58897314710292,0.765625,450.0
lqr,coast,300.0,1800.0,0.1,0.025,5.0,3.75,10.0,10.0,10,100.0,inf,cone,both,5000.0,10.0,0.01,30.0,0.01,256,20,3,0.5,0.1,0.99,10.0,256,20,0,128,98,2.394308453657364,0.0,24.012620959655926,73.9948718008576,0.7189640176767165,35.58897314710292,0.765625,450.0
lqr,coast,300.0,1800.0,0.1,0.025,5.0,4.5,10.0,10.0,10,100.0,inf,cone,both,5000.0,10.0,0.01,30.0,0.01,256,20,3,0.5,0.1,0.99,10.0,256,20,0,128,98,2.394308453657364,0.0,24.012620959655926,73.9948718008576,0.7189640176767165,35.58897314710292,0.765625,450.0
lqr,coast,300.0,1800.0,0.1,0.025,5.0,5.0,10.0,10.0,10,100.0,inf,cone,both,5000.0,10.0,0.01,30.0,0.01,256,20,3,0.5,0.1,0.99,10.0,256,20,0,128,98,2.394308453657364,0.0,24.012620959655926,73.9948718008576,0.7189640176767165,35.58897314710292,0.765625,450.0
lqr,coast,300.0,1800.0,0.1,0.025,5.0,5.5,10.0,10.0,10,100.0,inf,cone,both,5000.0,10.0,0.01,30.0,0.01,256,20,3,0.5,0.1,0.99,10.0,256,20,0,128,98,2.394308453657364,0.0,24.012620959655926,73.9948718008576,0.7189640176767165,35.58897314710292,0.765625,450.0
lqr,coast,300.0,1800.0,0.1,0.025,5.0,6.25,10.0,10.0,10,100.0,inf,cone,both,5000.0,10.0,0.01,30.0,0.01,256,20,3,0.5,0.1,0.99,10.0,256,20,0,128,98,2.394308453657364,0.0,24.012620959655926,73.9948718008576,0.7189640176767165,35.58897314710292,0.765625,450.0
lqr,coast,300.0,1800.0,0.1,0.025,5.0,7.5,10.0,10.0,10,100.0,inf,cone,both,5000.0,10.0,0.01,30.0,0.01,256,20,3,0.5,0.1,0.99,10.0,256,20,0,128,98,2.394308453657364,0.0,24.012620959655926,73.9948718008576,0.7189640176767165,35.58897314710292,0.765625,450.0
lqr,coast,300.0,1800.0,0.1,0.025,5.0,10.0,10.0,10.0,10,100.0,inf,cone,both,5000.0,10.0,0.01,30.0,0.01,256,20,3,0.5,0.1,0.99,10.0,256,20,0,128,98,2.394308453657364,0.0,24.012620959655926,73.9948718008576,0.7189640176767165,35.58897314710292,0.765625,450.0
lqr,coast,300.0,1800.0,0.1,0.025,5.0,inf,10.0,10.0,10,100.0,inf,cone,both,5000.0,10.0,0.01,30.0,0.01,256,20,3,0.5,0.1,0.99,10.0,256,20,0,128,98,2.394308453657364,0.0,24.012620959655926,73.9948718008576,0.7189640176767165,35.58897314710292,0.765625,450.0
lqr,coast,300.0,1800.0,0.1,0.05,5.0,1.25,10.0,10.0,10,100.0,inf,cone,both,5000.0,10.0,0.01,30.0,0.01,256,20,3,0.5,0.1,0.99,10.0,256,20,0,128,98,2.414338339932498,0.0,24.002354827703645,73.9952716151251,0.7190169775878898,35.69233128647768,0.765625,450.0
lqr,coast,300.0,1800.0,0.1,0.05,5.0,2.5,10.0,10.0,10,100.0,inf,cone,both,5000.0,10.0,0.01,30.0,0.01,256,20,3,0.5,0.1,0.99,10.0,256,20,0,128,98,2.414338339932498,0.0,24.002354827703645,73.9952716151251,0.7190169775878898,35.69233128647768,0.765625,450.0
lqr,coast,300.0,1800.0,0.1,0.05,5.0,3.75,10.0,10.0,10,100.0,inf,cone,both,5000.0,10.0,0.01,30.0,0.01,256,20,3,0.5,0.1,0.99,10.0,256,20,0,128,98,2.414338339932498,0.0,24.002354827703645,73.9952716151251,0.7190169775878898,35.69233128647768,0.765625,450.0
lqr,coast,300.0,1800.0,0.1,0.05,5.0,4.5,10.0,10.0,10,100.0,inf,cone,both,5000.0,10.0,0.01,30.0,0.01,256,20,3,0.5,0.1,0.99,10.0,256,20,0,128,98,2.414338339932498,0.0,24.002354827703645,73.9952716151251,0.7190169775878898,35.69233128647768,0.765625,450.0
lqr,coast,300.0,1800.0,0.1,0.05,5.0,5.0,10.0,10.0,10,100.0,inf,cone,both,5000.0,10.0,0.01,30.0,0.01,256,20,3,0.5,0.1,0.99,10.0,256,20,0,128,98,2.414338339932498,0.0,24.002354827703645,73.9952716151251,0.7190169775878898,35.69233128647768,0.765625,450.0
lqr,coast,300.0,1800.0,0.1,0.05,5.0,5.5,10.0,10.0,10,100.0,inf,cone,both,5000.0,10.0,0.01,30.0,0.01,256,20,3,0.5,0.1,0.99,10.0,256,20,0,128,98,2.414338339932498,0.0,24.002354827703645,73.9952716151251,0.7190169775878898,35.69233128647768,0.765625,450.0
lqr,coast,300.0,1800.0,0.1,0.05,5.0,6.25,10.0,10.0,10,100.0,inf,cone,both,5000.0,10.0,0.01,30.0,0.01,256,20,3,0.5,0.1,0.99,10.0,256,20,0,128,98,2.414338339932498,0.0,24.002354827703645,73.9952716151251,0.7190169775878898,35.69233128647768,0.765625,450.0
lqr,coast,300.0,1800.0,0.1,0.05,5.0,7.5,10.0,10.0,10,100.0,inf,cone,both,5000.0,10.0,0.01,30.0,0.01,256,20,3,0.5,0.1,0.99,10.0,256,20,0,128,98,2.414338339932498,0.0,24.002354827703645,73.9952716151251,0.7190169775878898,35.69233128647768,0.765625,450.0
lqr,coast,300.0,1800.0,0.1,0.05,5.0,10.0,10.0,10.0,10,100.0,inf,cone,both,5000.0,10.0,0.01,30.0,0.01,256,20,3,0.5,0.1,0.99,10.0,256,20,0,128,98,2.414338339932498,0.0,24.002354827703645,73.9952716151251,0.7190169775878898,35.69233128647768,0.765625,450.0
lqr,coast,300.0,1800.0,0.1,0.05,5.0,inf,10.0,10.0,10,100.0,inf,cone,both,5000.0,10.0,0.01,30.0,0.01,256,20,3,0.5,0.1,0.99,10.0,256,20,0,128,98,2.414338339932498,0.0,24.002354827703645,73.9952716151251,0.7190169775878898,35.69233128647768,0.765625,450.0
lqr,coast,300.0,1800.0,0.1,0.075,5.0,1.25,10.0,10.0,10,100.0,inf,cone,both,5000.0,10.0,0.01,30.0,0.01,256,20,3,0.5,0.1,0.99,10.0,256,20,0,128,98,2.436079932742265,0.0,23.992370016878624,73.99184050605164,0.719096526210326,35.756981067563665,0.765625,450.0
lqr,coast,300.0,1800.0,0.1,0.075,5.0,2.5,10.0,10.0,10,100.0,inf,cone,both,5000.0,10.0,0.01,30.0,0.01,256,20,3,0.5,0.1,0.99,10.0,256,20,0,128,98,2.436079932742265,0.0,23.992370016878624,73.99184050605164,0.719096526210326,35.756981067563665,0.765625,450.0
lqr,coast,300.0,1800.0,0.1,0.075,5.0,3.75,10.0,10.0,10,100.0,inf,cone,both,5000.0,10.0,0.01,30.0,0.01,256,20,3,0.5,0.1,0.99,10.0,256,20,0,128,98,2.436079932742265,0.0,23.992370016878624,73.99184050605164,0.719096526210326,35.756981067563665,0.765625,450.0
lqr,coast,300.0,1800.0,0.1,0.075,5.0,4.5,10.0,10.0,10,100.0,inf,cone,both,5000.0,10.0,0.01,30.0,0.01,256,20,3,0.5,0.1,0.99,10.0,256,20,0,128,98,2.436079932742265,0.0,23.992370016878624,73.99184050605164,0.719096526210326,35.756981067563665,0.765625,450.0
lqr,coast,300.0,1800.0,0.1,0.075,5.0,5.0,10.0,10.0,10,100.0,inf,cone,both,5000.0,10.0,0.01,30.0,0.01,256,20,3,0.5,0.1,0.99,10.0,256,20,0,128,98,2.436079932742265,0.0,23.992370016878624,73.99184050605164,0.719096526210326,35.756981067563665,0.765625,450.0
lqr,coast,300.0,1800.0,0.1,0.075,5.0,5.5,10.0,10.0,10,100.0,inf,cone,both,5000.0,10.0,0.01,30.0,0.01,256,20,3,0.5,0.1,0.99,10.0,256,20,0,128,98,2.436079932742265,0.0,23.992370016878624,73.99184050605164,0.719096526210326,35.756981067563665,0.765625,450.0
lqr,coast,300.0,1800.0,0.1,0.075,5.0,6.25,10.0,10.0,10,100.0,inf,cone,both,5000.0,10.0,0.01,30.0,0.01,256,20,3,0.5,0.1,0.99,10.0,256,20,0,128,98,2.436079932742265,0.0,23.992370016878624,73.99184050605164,0.719096526210326,35.756981067563665,0.765625,450.0
lqr,coast,300.0,1800.0,0.1,0.075,5.0,7.5,10.0,10.0,10,100.0,inf,cone,both,5000.0,10.0,0.01,30.0,0.01,256,20,3,0.5,0.1,0.99,10.0,256,20,0,128,98,2.436079932742265,0.0,23.992370016878624,73.99184050605164,0.719096526210326,35.756981067563665,0.765625,450.0
lqr,coast,300.0,1800.0,0.1,0.075,5.0,10.0,10.0,10.0,10,100.0,inf,cone,both,5000.0,10.0,0.01,30.0,0.01,256,20,3,0.5,0.1,0.99,10.0,256,20,0,128,98,2.436079932742265,0.0,23.992370016878624,73.99184050605164,0.719096526210326,35.756981067563665,0.765625,450.0
lqr,coast,300.0,1800.0,0.1,0.075,5.0,inf,10.0,10.0,10,100.0,inf,cone,both,5000.0,10.0,0.01,30.0,0.01,256,20,3,0.5,0.1,0.99,10.0,256,20,0,128,98,2.436079932742265,0.0,23.992370016878624,73.99184050605164,0.719096526210326,35.756981067563665,0.765625,450.0
lqr,coast,300.0,1800.0,0.1,0.09,5.0,1.25,10.0,10.0,10,100.0,inf,cone,both,5000.0,10.0,0.01,30.0,0.01,256,20,3,0.5,0.1,0.99,10.0,256,20,0,128,98,2.44937116985,0.0,24.003866020949708,74.00595890196435,0.719096526210326,35.79008797608333,0.765625,450.0
lqr,coast,300.0,1800.0,0.1,0.09,5.0,2.5,10.0,10.0,10,100.0,inf,cone,both,5000.0,10.0,0.01,30.0,0.01,256,20,3,0.5,0.1,0.99,10.0,256,20,0,128,98,2.44937116985,0.0,24.003866020949708,74.00595890196435,0.719096526210326,35.79008797608333,0.765625,450.0
lqr,coast,300.0,1800.0,0.1,0.09,5.0,3.75,10.0,10.0,10,100.0,inf,cone,both,5000.0,10.0,0.01,30.0,0.01,256,20,3,0.5,0.1,0.99,10.0,256,20,0,128,98,2.44937116985,0.0,24.003866020949708,74.00595890196435,0.719096526210326,35.79008797608333,0.765625,450.0
lqr,coast,300.0,1800.0,0.1,0.09,5.0,4.5,10.0,10.0,10,100.0,inf,cone,both,5000.0,10.0,0.01,30.0,0.01,256,20,3,0.5,0.1,0.99,10.0,256,20,0,128,98,2.44937116985,0.0,24.003866020949708,74.00595890196435,0.719096526210326,35.79008797608333,0.765625,450.0
lqr,coast,300.0,1800.0,0.1,0.09,5.0,5.0,10.0,10.0,10,100.0,inf,cone,both,5000.0,10.0,0.01,30.0,0.01,256,20,3,0.5,0.1,0.99,10.0,256,20,0,128,98,2.44937116985,0.0,24.003866020949708,74.00595890196435,0.719096526210326,35.79008797608333,0.765625,450.0
lqr,coast,300.0,1800.0,0.1,0.09,5.0,5.5,10.0,10.0,10,100.0,inf,cone,both,5000.0,10.0,0.01,30.0,0.01,256,20,3,0.5,0.1,0.99,10.0,256,20,0,128,98,2.44937116985,0.0,24.003866020949708,74.00595890196435,0.719096526210326,35.79008797608333,0.765625,450.0
lqr,coast,300.0,1800.0,0.1,0.09,5.0,6.25,10.0,10.0,10,100.0,inf,cone,both,5000.0,10.0,0.01,30.0,0.01,256,20,3,0.5,0.1,0.99,10.0,256,20,0,128,98,2.44937116985,0.0,24.003866020949708,74.00595890196435,0.719096526210326,35.79008797608333,0.765625,450.0
lqr,coast,300.0,1800.0,0.1,0.09,5.0,7.5,10.0,10.0,10,100.0,inf,cone,both,5000.0,10.0,0.01,30.0,0.01,256,20,3,0.5,0.1,0.99,10.0,256,20,0,128,98,2.44937116985,0.0,24.003866020949708,74.00595890196435,0.719096526210326,35.79008797608333,0.765625,450.0
lqr,coast,300.0,1800.0,0.1,0.09,5.0,10.0,10.0,10.0,10,100.0,inf,cone,both,5000.0,10.0,0.01,30.0,0.01,256,20,3,0.5,0.1,0.99,10.0,256,20,0,128,98,2.44937116985,0.0,24.003866020949708,74.00595890196435,0.719096526210326,35.79008797608333,0.765625,450.0
lqr,coast,300.0,1800.0,0.1,0.09,5.0,inf,10.0,10.0,10,100.0,inf,cone,both,5000.0,10.0,0.01,30.0,0.01,256,20,3,0.5,0.1,0.99,10.0,256,20,0,128,98,2.44937116985,0.0,24.003866020949708,74.00595890196435,0.719096526210326,35.79008797608333,0.765625,450.0
lqr,coast,300.0,1800.0,0.1,0.1,5.0,1.25,10.0,10.0,10,100.0,inf,cone,both,5000.0,10.0,0.01,30.0,0.01,256,20,3,0.5,0.1,0.99,10.0,256,20,0,128,98,2.4584182990438324,0.0,24.00207621766461,74.00559329888443,0.719096526210326,35.809099851595974,0.765625,450.0
lqr,coast,300.0,1800.0,0.1,0.1,5.0,2.5,10.0,10.0,10,100.0,inf,cone,both,5000.0,10.0,0.01,30.0,0.01,256,20,3,0.5,0.1,0.99,10.0,256,20,0,128,98,2.4584182990438324,0.0,24.00207621766461,74.00559329888443,0.719096526210326,35.809099851595974,0.765625,450.0
lqr,coast,300.0,1800.0,0.1,0.1,5.0,3.75,10.0,10.0,10,100.0,inf,cone,both,5000.0,10.0,0.01,30.0,0.01,256,20,3,0.5,0.1,0.99,10.0,256,20,0,128,98,2.4584182990438324,0.0,24.00207621766461,74.00559329888443,0.719096526210326,35.809099851595974,0.765625,450.0
lqr,coast,300.0,1800.0,0.1,0.1,5.0,4.5,10.0,10.0,10,100.0,inf,cone,both,5000.0,10.0,0.01,30.0,0.01,256,20,3,0.5,0.1,0.99,10.0,256,20,0,128,98,2.4584182990438324,0.0,24.00207621766461,74.00559329888443,0.719096526210326,35.809099851595974,0.765625,450.0
lqr,coast,300.0,1800.0,0.1,0.1,5.0,5.0,10.0,10.0,10,100.0,inf,cone,both,5000.0,10.0,0.01,30.0,0.01,256,20,3,0.5,0.1,0.99,10.0,256,20,0,128,98,2.4584182990438324,0.0,24.00207621766461,74.00559329888443,0.719096526210326,35.809099851595974,0.765625,450.0
lqr,coast,300.0,1800.0,0.1,0.1,5.0,5.5,10.0,10.0,10,100.0,inf,cone,both,5000.0,10.0,0.01,30.0,0.01,256,20,3,0.5,0.1,0.99,10.0,256,20,0,128,98,2.4584182990438324,0.0,24.00207621766461,74.00559329888443,0.719096526210326,35.809099851595974,0.765625,450.0
lqr,coast,300.0,1800.0,0.1,0.1,5.0,6.25,10.0,10.0,10,100.0,inf,cone,both,5000.0,10.0,0.01,30.0,0.01,256,20,3,0.5,0.1,0.99,10.0,256,20,0,128,98,2.4584182990438324,0.0,24.00207621766461,74.00559329888443,0.719096526210326,35.809099851595974,0.765625,450.0
lqr,coast,300.0,1800.0,0.1,0.1,5.0,7.5,10.0,10.0,10,100.0,inf,cone,both,5000.0,10.0,0.01,30.0,0.01,256,20,3,0.5,0.1,0.99,10.0,256,20,0,128,98,2.4584182990438324,0.0,24.00207621766461,74.00559329888443,0.719096526210326,35.809099851595974,0.765625,450.0
lqr,coast,300.0,1800.0,0.1,0.1,5.0,10.0,10.0,10.0,10,100.0,inf,cone,both,5000.0,10.0,0.01,30.0,0.01,256,20,3,0.5,0.1,0.99,10.0,256,20,0,128,98,2.4584182990438324,0.0,24.00207621766461,74.00559329888443,0.719096526210326,35.809099851595974,0.765625,450.0
lqr,coast,300.0,1800.0,0.1,0.1,5.0,inf,10.0,10.0,10,100.0,inf,cone,both,5000.0,10.0,0.01,30.0,0.01,256,20,3,0.5,0.1,0.99,10.0,256,20,0,128,98,2.4584182990438324,0.0,24.00207621766461,74.00559329888443,0.719096526210326,35.809099851595974,0.765625,450.0
lqr,coast,300.0,1800.0,0.1,0.11,5.0,1.25,10.0,10.0,10,100.0,inf,cone,both,5000.0,10.0,0.01,30.0,0.01,256,20,3,0.5,0.1,0.99,10.0,256,20,0,128,98,2.46731838011121,0.0,24.01044780462653,74.01520194676668,0.719096526210326,35.82650627943734,0.765625,450.0
lqr,coast,300.0,1800.0,0.1,0.11,5.0,2.5,10.0,10.0,10,100.0,inf,cone,both,5000.0,10.0,0.01,30.0,0.01,256,20,3,0.5,0.1,0.99,10.0,256,20,0,128,98,2.46731838011121,0.0,24.01044780462653,74.01520194676668,0.719096526210326,35.82650627943734,0.765625,450.0
lqr,coast,300.0,1800.0,0.1,0.11,5.0,3.75,10.0,10.0,10,100.0,inf,cone,both,5000.0,10.0,0.01,30.0,0.01,256,20,3,0.5,0.1,0.99,10.0,256,20,0,128,98,2.46731838011121,0.0,24.01044780462653,74.01520194676668,0.719096526210326,35.82650627943734,0.765625,450.0
lqr,coast,300.0,1800.0,0.1,0.11,5.0,4.5,10.0,10.0,10,100.0,inf,cone,both,5000.0,10.0,0.01,30.0,0.01,256,20,3,0.5,0.1,0.99,10.0,256,20,0,128,98,2.46731838011121,0.0,24.01044780462653,74.01520194676668,0.719096526210326,35.82650627943734,0.765625,450.0
lqr,coast,300.0,1800.0,0.1,0.11,5.0,5.0,10.0,10.0,10,100.0,inf,cone,both,5000.0,10.0,0.01,30.0,0.01,256,20,3,0.5,0.1,0.99,10.0,256,20,0,128,98,2.46731838011121,0.0,24.01044780462653,74.01520194676668,0.719096526210326,35.82650627943734,0.765625,450.0
lqr,coast,300.0,1800.0,0.1,0.11,5.0,5.5,10.0,10.0,10,100.0,inf,cone,both,5000.0,10.0,0.01,30.0,0.01,256,20,3,0.5,0.1,0.99,10.0,256,20,0,128,98,2.46731838011121,0.0,24.01044780462653,74.01520194676668,0.719096526210326,35.82650627943734,0.765625,450.0
lqr,coast,300.0,1800.0,0.1,0.11,5.0,6.25,10.0,10.0,10,100.0,inf,cone,both,5000.0,10.0,0.01,30.0,0.01,256,20,3,0.5,0.1,0.99,10.0,256,20,0,128,98,2.46731838011121,0.0,24.01044780462653,74.01520194676668,0.719096526210326,35.82650627943734,0.765625,450.0
lqr,coast,300.0,1800.0,0.1,0.11,5.0,7.5,10.0,10.0,10,100.0,inf,cone,both,5000.0,10.0,0.01,30.0,0.01,256,20,3,0.5,0.1,0.99,10.0,256,20,0,128,98,2.46731838011121,0.0,24.01044780462653,74.01520194676668,0.719096526210326,35.82650627943734,0.765625,450.0
lqr,coast,300.0,1800.0,0.1,0.11,5.0,10.0,10.0,10.0,10,100.0,inf,cone,both,5000.0,10.0,0.01,30.0,0.01,256,20,3,0.5,0.1,0.99,10.0,256,20,0,128,98,2.46731838011121,0.0,24.01044780462653,74.01520194676668,0.719096526210326,35.82650627943734,0.765625,450.0
lqr,coast,300.0,1800.0,0.1,0.11,5.0,inf,10.0,10.0,10,100.0,inf,cone,both,5000.0,10.0,0.01,30.0,0.01,256,20,3,0.5,0.1,0.99,10.0,256,20,0,128,98,2.46731838011121,0.0,24.01044780462653,74.01520194676668,0.719096526210326,35.82650627943734,0.765625,450.0
lqr,coast,300.0,1800.0,0.1,0.125,5.0,1.25,10.0,10.0,10,100.0,inf,cone,both,5000.0,10.0,0.01,30.0,0.01,256,20,3,0.5,0.1,0.99,10.0,256,20,0,128,98,2.4807925672600373,0.0,24.00249103886481,74.00883921351037,0.719096526210326,35.849238427335926,0.765625,450.0
lqr,coast,300.0,1800.0,0.1,0.125,5.0,2.5,10.0,10.0,10,100.0,inf,cone,both,5000.0,10.0,0.01,30.0,0.01,256,20,3,0.5,0.1,0.99,10.0,256,20,0,128,98,2.4807925672600373,0.0,24.00249103886481,74.00883921351037,0.719096526210326,35.849238427335926,0.765625,450.0
lqr,coast,300.0,1800.0,0.1,0.125,5.0,3.75,10.0,10.0,10,100.0,inf,cone,both,5000.0,10.0,0.01,30.0,0.01,256,20,3,0.5,0.1,0.99,10.0,256,20,0,128,98,2.4807925672600373,0.0,24.00249103886481,74.00883921351037,0.719096526210326,35.849238427335926,0.765625,450.0
lqr,coast,300.0,1800.0,0.1,0.125,5.0,4.5,10.0,10.0,10,100.0,inf,cone,both,5000.0,10.0,0.01,30.0,0.01,256,20,3,0.5,0.1,0.99,10.0,256,20,0,128,98,2.4807925672600373,0.0,24.00249103886481,74.00883921351037,0.719096526210326,35.849238427335926,0.765625,450.0
lqr,coast,300.0,1800.0,0.1,0.125,5.0,5.0,10.0,10.0,10,100.0,inf,cone,both,5000.0,10.0,0.01,30.0,0.01,256,20,3,0.5,0.1,0.99,10.0,256,20,0,128,98,2.4807925672600373,0.0,24.00249103886481,74.00883921351037,0.719096526210326,35.849238427335926,0.765625,450.0
lqr,coast,300.0,1800.0,0.1,0.125,5.0,5.5,10.0,10.0,10,100.0,inf,cone,both,5000.0,10.0,0.01,30.0,0.01,256,20,3,0.5,0.1,0.99,10.0,256,20,0,128,98,2.4807925672600373,0.0,24.00249103886481,74.00883921351037,0.719096526210326,35.849238427335926,0.765625,450.0
lqr,coast,300.0,1800.0,0.1,0.125,5.0,6.25,10.0,10.0,10,100.0,inf,cone,both,5000.0,10.0,0.01,30.0,0.01,256,20,3,0.5,0.1,0.99,10.0,256,20,0,128,98,2.4807925672600373,0.0,24.00249103886481,74.00883921351037,0.719096526210326,35.849238427335926,0.765625,450.0
lqr,coast,300.0,1800.0,0.1,0.125,5.0,7.5,10.0,10.0,10,100.0,inf,cone,both,5000.0,10.0,0.01,30.0,0.01,256,20,3,0.5,0.1,0.99,10.0,256,20,0,128,98,2.4807925672600373,0.0,24.00249103886481,74.00883921351037,0.719096526210326,35.849238427335926,0.765625,450.0
lqr,coast,300.0,1800.0,0.1,0.125,5.0,10.0,10.0,10.0,10,100.0,inf,cone,both,5000.0,10.0,0.01,30.0,0.01,256,20,3,0.5,0.1,0.99,10.0,256,20,0,128,98,2.4807925672600373,0.0,24.00249103886481,74.00883921351037,0.719096526210326,35.849238427335926,0.765625,450.0
lqr,coast,300.0,1800.0,0.1,0.125,5.0,inf,10.0,10.0,10,100.0,inf,cone,both,5000.0,10.0,0.01,30.0,0.01,256,20,3,0.5,0.1,0.99,10.0,256,20,0,128,98,2.4807925672600373,0.0,24.00249103886481,74.00883921351037,0.719096526210326,35.849238427335926,0.765625,450.0
lqr,coast,300.0,1800.0,0.1,0.15,5.0,1.25,10.0,10.0,10,100.0,inf,cone,both,5000.0,10.0,0.01,30.0,0.01,256,20,3,0.5,0.1,0.99,10.0,256,20,0,128,98,2.502787719291025,0.0,23.994857235593184,74.00338280504063,0.719096526210326,35.88129417522345,0.765625,450.0
lqr,coast,300.0,1800.0,0.1,0.15,5.0,2.5,10.0,10.0,10,100.0,inf,cone,both,5000.0,10.0,0.01,30.0,0.01,256,20,3,0.5,0.1,0.99,10.0,256,20,0,128,98,2.502787719291025,0.0,23.994857235593184,74.00338280504063,0.719096526210326,35.88129417522345,0.765625,450.0
lqr,coast,300.0,1800.0,0.1,0.15,5.0,3.75,10.0,10.0,10,100.0,inf,cone,both,5000.0,10.0,0.01,30.0,0.01,256,20,3,0.5,0.1,0.99,10.0,256,20,0,128,98,2.502787719291025,0.0,23.994857235593184,74.00338280504063,0.719096526210326,35.88129417522345,0.765625,450.0
lqr,coast,300.0,1800.0,0.1,0.15,5.0,4.5,10.0,10.0,10,100.0,inf,cone,both,5000.0,10.0,0.01,30.0,0.01,256,20,3,0.5,0.1,0.99,10.0,256,20,0,128,98,2.502787719291025,0.0,23.994857235593184,74.00338280504063,0.719096526210326,35.88129417522345,0.765625,450.0
lqr,coast,300.0,1800.0,0.1,0.15,5.0,5.0,10.0,10.0,10,100.0,inf,cone,both,5000.0,10.0,0.01,30.0,0.01,256,20,3,0.5,0.1,0.99,10.0,256,20,0,128,98,2.502787719291025,0.0,23.994857235593184,74.00338280504063,0.719096526210326,35.88129417522345,0.765625,450.0
lqr,coast,300.0,1800.0,0.1,0.15,5.0,5.5,10.0,10.0,10,100.0,inf,cone,both,5000.0,10.0,0.01,30.0,0.01,256,20,3,0.5,0.1,0.99,10.0,256,20,0,128,98,2.502787719291025,0.0,23.994857235593184,74.00338280504063,0.719096526210326,35.88129417522345,0.765625,450.0
lqr,coast,300.0,1800.0,0.1,0.15,5.0,6.25,10.0,10.0,10,100.0,inf,cone,both,5000.0,10.0,0.01,30.0,0.01,256,20,3,0.5,0.1,0.99,10.0,256,20,0,128,98,2.502787719291025,0.0,23.994857235593184,74.00338280504063,0.719096526210326,35.88129417522345,0.765625,450.0
lqr,coast,300.0,1800.0,0.1,0.15,5.0,7.5,10.0,10.0,10,100.0,inf,cone,both,5000.0,10.0,0.01,30.0,0.01,256,20,3,0.5,0.1,0.99,10.0,256,20,0,128,98,2.502787719291025,0.0,23.994857235593184,74.00338280504063,0.719096526210326,35.88129417522345,0.765625,450.0
lqr,coast,300.0,1800.0,0.1,0.15,5.0,10.0,10.0,10.0,10,100.0,inf,cone,both,5000.0,10.0,0.01,30.0,0.01,256,20,3,0.5,0.1,0.99,10.0,256,20,0,128,98,2.502787719291025,0.0,23.994857235593184,74.00338280504063,0.719096526210326,35.88129417522345,0.765625,450.0
lqr,coast,300.0,1800.0,0.1,0.15,5.0,inf,10.0,10.0,10,100.0,inf,cone,both,5000.0,10.0,0.01,30.0,0.01,256,20,3,0.5,0.1,0.99,10.0,256,20,0,128,98,2.502787719291025,0.0,23.994857235593184,74.00338280504063,0.719096526210326,35.88129417522345,0.765625,450.0
lqr,coast,300.0,1800.0,0.1,0.2,5.0,1.25,10.0,10.0,10,100.0,inf,cone,both,5000.0,10.0,0.01,30.0,0.01,256,20,3,0.5,0.1,0.99,10.0,256,20,0,128,98,2.544634255377522,0.0,23.954844597801177,73.96670385526744,0.7191323132833074,35.92625405214621,0.765625,450.0
lqr,coast,300.0,1800.0,0.1,0.2,5.0,2.5,10.0,10.0,10,100.0,inf,cone,both,5000.0,10.0,0.01,30.0,0.01,256,20,3,0.5,0.1,0.99,10.0,256,20,0,128,98,2.544634255377522,0.0,23.954844597801177,73.96670385526744,0.7191323132833074,35.92625405214621,0.765625,450.0
lqr,coast,300.0,1800.0,0.1,0.2,5.0,3.75,10.0,10.0,10,100.0,inf,cone,both,5000.0,10.0,0.01,30.0,0.01,256,20,3,0.5,0.1,0.99,10.0,256,20,0,128,98,2.544634255377522,0.0,23.954844597801177,73.96670385526744,0.7191323132833074,35.92625405214621,0.765625,450.0
lqr,coast,300.0,1800.0,0.1,0.2,5.0,4.5,10.0,10.0,10,100.0,inf,cone,both,5000.0,10.0,0.01,30.0,0.01,256,20,3,0.5,0.1,0.99,10.0,256,20,0,128,98,2.544634255377522,0.0,23.954844597801177,73.96670385526744,0.7191323132833074,35.92625405214621,0.765625,450.0
lqr,coast,300.0,1800.0,0.1,0.2,5.0,5.0,10.0,10.0,10,100.0,inf,cone,both,5000.0,10.0,0.01,30.0,0.01,256,20,3,0.5,0.1,0.99,10.0,256,20,0,128,98,2.544634255377522,0.0,23.954844597801177,73.96670385526744,0.7191323132833074,35.92625405214621,0.765625,450.0
lqr,coast,300.0,1800.0,0.1,0.2,5.0,5.5,10.0,10.0,10,100.0,inf,cone,both,5000.0,10.0,0.01,30.0,0.01,256,20,3,0.5,0.1,0.99,10.0,256,20,0,128,98,2.544634255377522,0.0,23.954844597801177,73.96670385526744,0.7191323132833074,35.92625405214621,0.765625,450.0
lqr,coast,300.0,1800.0,0.1,0.2,5.0,6.25,10.0,10.0,10,100.0,inf,cone,both,5000.0,10.0,0.01,30.0,0.01,256,20,3,0.5,0.1,0.99,10.0,256,20,0,128,98,2.544634255377522,0.0,23.954844597801177,73.96670385526744,0.7191323132833074,35.92625405214621,0.765625,450.0
lqr,coast,300.0,1800.0,0.1,0.2,5.0,7.5,10.0,10.0,10,100.0,inf,cone,both,5000.0,10.0,0.01,30.0,0.01,256,20,3,0.5,0.1,0.99,10.0,256,20,0,128,98,2.544634255377522,0.0,23.954844597801177,73.96670385526744,0.7191323132833074,35.92625405214621,0.765625,450.0
lqr,coast,300.0,1800.0,0.1,0.2,5.0,10.0,10.0,10.0,10,100.0,inf,cone,both,5000.0,10.0,0.01,30.0,0.01,256,20,3,0.5,0.1,0.99,10.0,256,20,0,128,98,2.544634255377522,0.0,23.954844597801177,73.96670385526744,0.7191323132833074,35.92625405214621,0.765625,450.0
lqr,coast,300.0,1800.0,0.1,0.2,5.0,inf,10.0,10.0,10,100.0,inf,cone,both,5000.0,10.0,0.01,30.0,0.01,256,20,3,0.5,0.1,0.99,10.0,256,20,0,128,98,2.544634255377522,0.0,23.954844597801177,73.96670385526744,0.7191323132833074,35.92625405214621,0.765625,450.0
lqr,mppi_direct,300.0,1800.0,0.1,0.025,5.0,1.25,10.0,10.0,10,100.0,inf,cone,both,5000.0,10.0,0.01,30.0,0.01,256,20,3,0.5,0.1,0.99,10.0,256,20,0,128,106,3.598164634220814,1.2377747336051694,18.25685514699633,190.43422033467976,0.7724394992333093,81.04246726797517,0.828125,790.0
lqr,mppi_direct,300.0,1800.0,0.1,0.025,5.0,2.5,10.0,10.0,10,100.0,inf,cone,both,5000.0,10.0,0.01,30.0,0.01,256,20,3,0.5,0.1,0.99,10.0,256,20,0,128,88,4.361580992946915,2.4186572499549808,20.200977126876158,223.74753328703125,0.7904513888888889,67.65050989007734,0.6875,1300.0
lqr,mppi_direct,300.0,1800.0,0.1,0.025,5.0,3.75,10.0,10.0,10,100.0,inf,cone,both,5000.0,10.0,0.01,30.0,0.01,256,20,3,0.5,0.1,0.99,10.0,256,20,0,128,6,4.501435080287983,3.580594369801559,22.889893830439263,554.5323924810834,0.7911024305555555,69.02535333889188,0.046875,360.0
lqr,mppi_direct,300.0,1800.0,0.1,0.025,5.0,4.5,10.0,10.0,10,100.0,inf,cone,both,5000.0,10.0,0.01,30.0,0.01,256,20,3,0.5,0.1,0.99,10.0,256,20,0,128,6,4.501435080287983,3.8674506457880704,22.87239274738061,571.6168997892174,0.7911024305555555,69.11887408071043,0.046875,360.0
lqr,mppi_direct,300.0,1800.0,0.1,0.025,5.0,5.0,10.0,10.0,10,100.0,inf,cone,both,5000.0,10.0,0.01,30.0,0.01,256,20,3,0.5,0.1,0.99,10.0,256,20,0,128,6,4.501435080287983,3.8681545177524623,22.87217519046046,571.1022464939759,0.7911024305555555,69.11673461288761,0.046875,360.0
lqr,mppi_direct,300.0,1800.0,0.1,0.025,5.0,5.5,10.0,10.0,10,100.0,inf,cone,both,5000.0,10.0,0.01,30.0,0.01,256,20,3,0.5,0.1,0.99,10.0,256,20,0,128,6,4.501435080287983,3.868414389384504,22.87217519046046,571.0910923664777,0.7911024305555555,69.11672316961854,0.046875,360.0
lqr,mppi_direct,300.0,1800.0,0.1,0.025,5.0,6.25,10.0,10.0,10,100.0,inf,cone,both,5000.0,10.0,0.01,30.0,0.01,256,20,3,0.5,0.1,0.99,10.0,256,20,0,128,6,4.501435080287983,3.868414869350766,22.87217519046046,571.0910978815982,0.7911024305555555,69.11672317421997,0.046875,360.0
lqr,mppi_direct,300.0,1800.0,0.1,0.025,5.0,7.5,10.0,10.0,10,100.0,inf,cone,both,5000.0,10.0,0.01,30.0,0.01,256,20,3,0.5,0.1,0.99,10.0,256,20,0,128,6,4.501435080287983,3.868414869350766,22.87217519046046,571.0910978815982,0.7911024305555555,69.11672317421997,0.046875,360.0
lqr,mppi_direct,300.0,1800.0,0.1,0.025,5.0,10.0,10.0,10.0,10,100.0,inf,cone,both,5000.0,10.0,0.01,30.0,0.01,256,20,3,0.5,0.1,0.99,10.0,256,20,0,128,6,4.501435080287983,3.868414869350766,22.87217519046046,571.0910978815982,0.7911024305555555,69.11672317421997,0.046875,360.0
lqr,mppi_direct,300.0,1800.0,0.1,0.025,5.0,inf,10.0,10.0,10,100.0,inf,cone,both,5000.0,10.0,0.01,30.0,0.01,256,20,3,0.5,0.1,0.99,10.0,256,20,0,128,6,4.501435080287983,3.868414869350766,22.87217519046046,571.0910978815982,0.7911024305555555,69.11672317421997,0.046875,360.0
lqr,mppi_direct,300.0,1800.0,0.1,0.05,5.0,1.25,10.0,10.0,10,100.0,inf,cone,both,5000.0,10.0,0.01,30.0,0.01,256,20,3,0.5,0.1,0.99,10.0,256,20,0,128,90,3.672887895482165,1.244538302723787,27.088481755277453,330.0313968875257,0.8378748421717171,89.95095941497821,0.703125,590.0
lqr,mppi_direct,300.0,1800.0,0.1,0.05,5.0,2.5,10.0,10.0,10,100.0,inf,cone,both,5000.0,10.0,0.01,30.0,0.01,256,20,3,0.5,0.1,0.99,10.0,256,20,0,128,89,4.554176483259249,2.4698650721399904,28.89372346763547,829.261097978244,0.8171875,189.687895398883,0.6953125,840.0
lqr,mppi_direct,300.0,1800.0,0.1,0.05,5.0,3.75,10.0,10.0,10,100.0,inf,cone,both,5000.0,10.0,0.01,30.0,0.01,256,20,3,0.5,0.1,0.99,10.0,256,20,0,128,3,4.699258809454616,3.690813248100371,33.62630774449816,1935.571309722488,0.8197048611111111,225.0927186988921,0.0234375,310.0
lqr,mppi_direct,300.0,1800.0,0.1,0.05,5.0,4.5,10.0,10.0,10,100.0,inf,cone,both,5000.0,10.0,0.01,30.0,0.01,256,20,3,0.5,0.1,0.99,10.0,256,20,0,128,3,4.699259472897456,4.423232813702709,33.79259743938914,2601.1722382328785,0.8169270833333333,240.556174085212,0.0234375,310.0
lqr,mppi_direct,300.0,1800.0,0.1,0.05,5.0,5.0,10.0,10.0,10,100.0,inf,cone,both,5000.0,10.0,0.01,30.0,0.01,256,20,3,0.5,0.1,0.99,10.0,256,20,0,128,3,4.699259472897456,4.911514063702709,33.79298619026936,2969.4543794209285,0.8145399305555555,248.4635977432796,0.0234375,310.0
lqr,mppi_direct,300.0,1800.0,0.1,0.05,5.0,5.5,10.0,10.0,10,100.0,inf,cone,both,5000.0,10.0,0.01,30.0,0.01,256,20,3,0.5,0.1,0.99,10.0,256,20,0,128,3,4.699259472897456,5.399795313702709,33.7951098027943,3278.599373533121,0.8118489583333334,254.5908509495792,0.0234375,310.0
lqr,mppi_direct,300.0,1800.0,0.1,0.05,5.0,6.25,10.0,10.0,10,100.0,inf,cone,both,5000.0,10.0,0.01,30.0,0.01,256,20,3,0.5,0.1,0.99,10.0,256,20,0,128,3,4.699259472897456,6.132217188702709,33.79501714328537,3637.6950408474,0.8086371527777778,260.4361304191676,0.0234375,310.0
lqr,mppi_direct,300.0,1800.0,0.1,0.05,5.0,7.5,10.0,10.0,10,100.0,inf,cone,both,5000.0,10.0,0.01,30.0,0.01,256,20,3,0.5,0.1,0.99,10.0,256,20,0,128,3,4.699259472897456,7.352920313702709,33.79501714328537,3973.0184154912095,0.8068576388888888,266.04271568547057,0.0234375,310.0
lqr,mppi_direct,300.0,1800.0,0.1,0.05,5.0,10.0,10.0,10.0,10,100.0,inf,cone,both,5000.0,10.0,0.01,30.0,0.01,256,20,3,0.5,0.1,0.99,10.0,256,20,0,128,3,4.699259472897456,8.113163079832448,33.79501714328537,4022.58900691964,0.8068142361111111,266.8585853669625,0.0234375,310.0
lqr,mppi_direct,300.0,1800.0,0.1,0.05,5.0,inf,10.0,10.0,10,100.0,inf,cone,both,5000.0,10.0,0.01,30.0,0.01,256,20,3,0.5,0.1,0.99,10.0,256,20,0,128,3,4.699259472897456,8.113535094122991,33.79501714328537,4022.542432026753,0.8068142361111111,266.85734105242835,0.0234375,310.0
lqr,mppi_direct,300.0,1800.0,0.1,0.075,5.0,1.25,10.0,10.0,10,100.0,inf,cone,both,5000.0,10.0,0.01,30.0,0.01,256,20,3,0.5,0.1,0.99,10.0,256,20,0,128,90,3.634763886151443,1.25,31.324774853866103,409.9251286506174,0.8342202240566038,115.6146733819926,0.703125,580.0
lqr,mppi_direct,300.0,1800.0,0.1,0.075,5.0,2.5,10.0,10.0,10,100.0,inf,cone,both,5000.0,10.0,0.01,30.0,0.01,256,20,3,0.5,0.1,0.99,10.0,256,20,0,128,84,4.525369082538796,2.492167285966157,32.15581373604771,852.8118859051627,0.8448784722222222,163.0544509856021,0.65625,695.0
lqr,mppi_direct,300.0,1800.0,0.1,0.075,5.0,3.75,10.0,10.0,10,100.0,inf,cone,both,5000.0,10.0,0.01,30.0,0.01,256,20,3,0.5,0.1,0.99,10.0,256,20,0,128,0,4.75450665074399,3.75,45.13186692478136,2448.135388649604,0.8152777777777778,286.4190005791678,0.0,
lqr,mppi_direct,300.0,1800.0,0.1,0.075,5.0,4.5,10.0,10.0,10,100.0,inf,cone,both,5000.0,10.0,0.01,30.0,0.01,256,20,3,0.5,0.1,0.99,10.0,256,20,0,128,1,4.754614928423411,4.479058267582714,44.7153600128898,3467.5170911121763,0.8155815972222222,289.8050630862251,0.0078125,270.0
lqr,mppi_direct,300.0,1800.0,0.1,0.075,5.0,5.0,10.0,10.0,10,100.0,inf,cone,both,5000.0,10.0,0.01,30.0,0.01,256,20,3,0.5,0.1,0.99,10.0,256,20,0,128,1,4.773894217889554,4.975120139916035,44.822607124525135,4122.540459424753,0.8126736111111111,290.6052086042196,0.0078125,270.0
lqr,mppi_direct,300.0,1800.0,0.1,0.075,5.0,5.5,10.0,10.0,10,100.0,inf,cone,both,5000.0,10.0,0.01,30.0,0.01,256,20,3,0.5,0.1,0.99,10.0,256,20,0,128,1,4.773894210013191,5.471214449467805,44.83867839222627,4650.139054621264,0.8081163194444444,303.1034914830911,0.0078125,270.0
lqr,mppi_direct,300.0,1800.0,0.1,0.075,5.0,6.25,10.0,10.0,10,100.0,inf,cone,both,5000.0,10.0,0.01,30.0,0.01,256,20,3,0.5,0.1,0.99,10.0,256,20,0,128,1,4.754614346478656,6.215357398215997,44.83663760372478,5466.2253845952455,0.7927517361111112,335.92929875334147,0.0078125,270.0
lqr,mppi_direct,300.0,1800.0,0.1,0.075,5.0,7.5,10.0,10.0,10,100.0,inf,cone,both,5000.0,10.0,0.01,30.0,0.01,256,20,3,0.5,0.1,0.99,10.0,256,20,0,128,1,4.754614346478656,7.455591773215997,44.83663850695693,6509.581892687062,0.7491753472222222,357.76075862433413,0.0078125,270.0
lqr,mppi_direct,300.0,1800.0,0.1,0.075,5.0,10.0,10.0,10.0,10,100.0,inf,cone,both,5000.0,10.0,0.01,30.0,0.01,256,20,3,0.5,0.1,0.99,10.0,256,20,0,128,1,4.754614346478656,9.936060523215998,44.83663850695693,7883.933794209424,0.7012586805555555,394.0515467033743,0.0078125,270.0
lqr,mppi_direct,300.0,1800.0,0.1,0.075,5.0,inf,10.0,10.0,10,100.0,inf,cone,both,5000.0,10.0,0.01,30.0,0.01,256,20,3,0.5,0.1,0.99,10.0,256,20,0,128,1,4.754614346478656,12.64753423807912,44.83663850695693,8346.97671082811,0.6974392361111111,415.9655494578964,0.0078125,270.0
lqr,mppi_direct,300.0,1800.0,0.1,0.09,5.0,1.25,10.0,10.0,10,100.0,inf,cone,both,5000.0,10.0,0.01,30.0,0.01,256,20,3,0.5,0.1,0.99,10.0,256,20,0,128,91,3.5922792855676757,1.25,32.786791163721865,400.4897315813496,0.842818770589997,109.9901145583562,0.7109375,550.0
lqr,mppi_direct,300.0,1800.0,0.1,0.09,5.0,2.5,10.0,10.0,10,100.0,inf,cone,both,5000.0,10.0,0.01,30.0,0.01,256,20,3,0.5,0.1,0.99,10.0,256,20,0,128,60,4.430091476465567,2.4945332261748234,35.125129884634205,1206.9043676189604,0.8019097222222222,285.8601004761293,0.46875,710.0
lqr,mppi_direct,300.0,1800.0,0.1,0.09,5.0,3.75,10.0,10.0,10,100.0,inf,cone,both,5000.0,10.0,0.01,30.0,0.01,256,20,3,0.5,0.1,0.99,10.0,256,20,0,128,0,4.753486928934549,3.75,51.958099338448406,2422.394406055957,0.816796875,305.4442082801431,0.0,
lqr,mppi_direct,300.0,1800.0,0.1,0.09,5.0,4.5,10.0,10.0,10,100.0,inf,cone,both,5000.0,10.0,0.01,30.0,0.01,256,20,3,0.5,0.1,0.99,10.0,256,20,0,128,0,4.712409727949146,4.5,52.67057566886815,3609.5157733651977,0.7964409722222222,392.0520168586671,0.0,
lqr,mppi_direct,300.0,1800.0,0.1,0.09,5.0,5.0,10.0,10.0,10,100.0,inf,cone,both,5000.0,10.0,0.01,30.0,0.01,256,20,3,0.5,0.1,0.99,10.0,256,20,0,128,0,4.732639075416412,5.0,51.95413051313877,4291.032384159837,0.790625,393.3176419117446,0.0,
lqr,mppi_direct,300.0,1800.0,0.1,0.09,5.0,5.5,10.0,10.0,10,100.0,inf,cone,both,5000.0,10.0,0.01,30.0,0.01,256,20,3,0.5,0.1,0.99,10.0,256,20,0,128,0,4.732639075416412,5.5,51.9095035158441,4908.173362598285,0.7847222222222222,414.1897092258758,0.0,
lqr,mppi_direct,300.0,1800.0,0.1,0.09,5.0,6.25,10.0,10.0,10,100.0,inf,cone,both,5000.0,10.0,0.01,30.0,0.01,256,20,3,0.5,0.1,0.99,10.0,256,20,0,128,0,4.755696863353153,6.25,51.97636882335408,5821.885571161907,0.7648003472222222,424.96394913473296,0.0,
lqr,mppi_direct,300.0,1800.0,0.1,0.09,5.0,7.5,10.0,10.0,10,100.0,inf,cone,both,5000.0,10.0,0.01,30.0,0.01,256,20,3,0.5,0.1,0.99,10.0,256,20,0,128,0,4.775926210820418,7.5,51.98158305447593,7088.472809124731,0.7140625,425.7198514731396,0.0,
lqr,mppi_direct,300.0,1800.0,0.1,0.09,5.0,10.0,10.0,10.0,10,100.0,inf,cone,both,5000.0,10.0,0.01,30.0,0.01,256,20,3,0.5,0.1,0.99,10.0,256,20,0,128,0,4.756812529474973,10.0,51.981583055187954,9050.756928011711,0.6327690972222222,504.7151749510256,0.0,
lqr,mppi_direct,300.0,1800.0,0.1,0.09,5.0,inf,10.0,10.0,10,100.0,inf,cone,both,5000.0,10.0,0.01,30.0,0.01,256,20,3,0.5,0.1,0.99,10.0,256,20,0,128,0,4.756812529474973,15.320157104891384,51.981583055187954,10597.556324615904,0.6169704861111112,596.3011591194687,0.0,
lqr,mppi_direct,300.0,1800.0,0.1,0.1,5.0,1.25,10.0,10.0,10,100.0,inf,cone,both,5000.0,10.0,0.01,30.0,0.01,256,20,3,0.5,0.1,0.99,10.0,256,20,0,128,91,3.6049273825658177,1.25,35.1771049594298,414.6904497542568,0.8518510008169935,105.19242349069636,0.7109375,540.0
lqr,mppi_direct,300.0,1800.0,0.1,0.1,5.0,2.5,10.0,10.0,10,100.0,inf,cone,both,5000.0,10.0,0.01,30.0,0.01,256,20,3,0.5,0.1,0.99,10.0,256,20,0,128,43,4.679960485175837,2.5,36.17975347847319,1197.6567815314718,0.8441319444444444,212.67589297728412,0.3359375,720.0
lqr,mppi_direct,300.0,1800.0,0.1,0.1,5.0,3.75,10.0,10.0,10,100.0,inf,cone,both,5000.0,10.0,0.01,30.0,0.01,256,20,3,0.5,0.1,0.99,10.0,256,20,0,128,0,4.7955181556394,3.75,58.891411783114975,2447.0125818679003,0.8250434027777778,279.3645466852618,0.0,
lqr,mppi_direct,300.0,1800.0,0.1,0.1,5.0,4.5,10.0,10.0,10,100.0,inf,cone,both,5000.0,10.0,0.01,30.0,0.01,256,20,3,0.5,0.1,0.99,10.0,256,20,0,128,0,4.756075153534451,4.5,57.547146378531465,3633.8262942461247,0.8041232638888889,352.8481085546651,0.0,
lqr,mppi_direct,300.0,1800.0,0.1,0.1,5.0,5.0,10.0,10.0,10,100.0,inf,cone,both,5000.0,10.0,0.01,30.0,0.01,256,20,3,0.5,0.1,0.99,10.0,256,20,0,128,0,4.754979776252365,5.0,57.85815301683894,4361.737698885907,0.7974826388888889,375.09743694579896,0.0,
lqr,mppi_direct,300.0,1800.0,0.1,0.1,5.0,5.5,10.0,10.0,10,100.0,inf,cone,both,5000.0,10.0,0.01,30.0,0.01,256,20,3,0.5,0.1,0.99,10.0,256,20,0,128,0,4.712902698596486,5.5,57.28268467411496,5103.269698697058,0.7811197916666667,448.01477290394496,0.0,
lqr,mppi_direct,300.0,1800.0,0.1,0.1,5.0,6.25,10.0,10.0,10,100.0,inf,cone,both,5000.0,10.0,0.01,30.0,0.01,256,20,3,0.5,0.1,0.99,10.0,256,20,0,128,0,4.776357545159841,6.25,57.2346026631242,5969.836811962476,0.7608072916666666,397.3122229812447,0.0,
lqr,mppi_direct,300.0,1800.0,0.1,0.1,5.0,7.5,10.0,10.0,10,100.0,inf,cone,both,5000.0,10.0,0.01,30.0,0.01,256,20,3,0.5,0.1,0.99,10.0,256,20,0,128,0,4.735966022028532,7.5,57.28658838198418,7480.430135990407,0.6913194444444445,508.9544668219781,0.0,
lqr,mppi_direct,300.0,1800.0,0.1,0.1,5.0,10.0,10.0,10.0,10,100.0,inf,cone,both,5000.0,10.0,0.01,30.0,0.01,256,20,3,0.5,0.1,0.99,10.0,256,20,0,128,0,4.797663440864997,10.0,57.28611048925978,9624.064933163663,0.6086805555555556,476.84581073601584,0.0,
lqr,mppi_direct,300.0,1800.0,0.1,0.1,5.0,inf,10.0,10.0,10,100.0,inf,cone,both,5000.0,10.0,0.01,30.0,0.01,256,20,3,0.5,0.1,0.99,10.0,256,20,0,128,0,4.797663440864997,17.04373072091806,57.28611048925978,12106.62600438634,0.5845486111111111,650.6955146132825,0.0,
lqr,mppi_direct,300.0,1800.0,0.1,0.11,5.0,1.25,10.0,10.0,10,100.0,inf,cone,both,5000.0,10.0,0.01,30.0,0.01,256,20,3,0.5,0.1,0.99,10.0,256,20,0,128,93,3.510619074058217,1.25,37.685365154192645,452.4101621538365,0.8392423115079365,130.14475516048094,0.7265625,530.0
lqr,mppi_direct,300.0,1800.0,0.1,0.11,5.0,2.5,10.0,10.0,10,100.0,inf,cone,both,5000.0,10.0,0.01,30.0,0.01,256,20,3,0.5,0.1,0.99,10.0,256,20,0,128,31,4.646274761918989,2.4963770912658205,39.71906421420065,1424.9657424379077,0.8192708333333333,280.1315795917054,0.2421875,730.0
lqr,mppi_direct,300.0,1800.0,0.1,0.11,5.0,3.75,10.0,10.0,10,100.0,inf,cone,both,5000.0,10.0,0.01,30.0,0.01,256,20,3,0.5,0.1,0.99,10.0,256,20,0,128,0,4.779276492615678,3.75,64.00369433353747,2519.551496661369,0.8205729166666667,322.8840984700898,0.0,
lqr,mppi_direct,300.0,1800.0,0.1,0.11,5.0,4.5,10.0,10.0,10,100.0,inf,cone,both,5000.0,10.0,0.01,30.0,0.01,256,20,3,0.5,0.1,0.99,10.0,256,20,0,128,1,4.751671229123173,4.480959542730888,64.03544035047256,3697.801838380435,0.8152777777777778,349.37529059794747,0.0078125,230.0
lqr,mppi_direct,300.0,1800.0,0.1,0.11,5.0,5.0,10.0,10.0,10,100.0,inf,cone,both,5000.0,10.0,0.01,30.0,0.01,256,20,3,0.5,0.1,0.99,10.0,256,20,0,128,0,4.756075153534451,5.0,62.58817606768455,4461.043854484235,0.7991319444444445,389.7223834451942,0.0,
lqr,mppi_direct,300.0,1800.0,0.1,0.11,5.0,5.5,10.0,10.0,10,100.0,inf,cone,both,5000.0,10.0,0.01,30.0,0.01,256,20,3,0.5,0.1,0.99,10.0,256,20,0,128,0,4.756075153534451,5.5,63.15189559718486,5230.711376334232,0.7802083333333333,415.9692477380201,0.0,
lqr,mppi_direct,300.0,1800.0,0.1,0.11,5.0,6.25,10.0,10.0,10,100.0,inf,cone,both,5000.0,10.0,0.01,30.0,0.01,256,20,3,0.5,0.1,0.99,10.0,256,20,0,128,0,4.754854203097752,6.25,62.62869563669578,6289.801423826196,0.7409288194444444,452.1982091579909,0.0,
lqr,mppi_direct,300.0,1800.0,0.1,0.11,5.0,7.5,10.0,10.0,10,100.0,inf,cone,both,5000.0,10.0,0.01,30.0,0.01,256,20,3,0.5,0.1,0.99,10.0,256,20,0,128,0,4.736338806516661,7.5,62.66701244418415,7863.871165962043,0.6677083333333333,547.7519475809336,0.0,
lqr,mppi_direct,300.0,1800.0,0.1,0.11,5.0,10.0,10.0,10.0,10,100.0,inf,cone,both,5000.0,10.0,0.01,30.0,0.01,256,20,3,0.5,0.1,0.99,10.0,256,20,0,128,0,4.776863862552669,10.0,62.66309119329803,10324.945418544265,0.5739583333333333,562.8443235078201,0.0,
lqr,mppi_direct,300.0,1800.0,0.1,0.11,5.0,inf,10.0,10.0,10,100.0,inf,cone,both,5000.0,10.0,0.01,30.0,0.01,256,20,3,0.5,0.1,0.99,10.0,256,20,0,128,0,4.776863862552669,18.76721379064028,62.66309119329803,13868.62012340504,0.5438802083333333,841.9735131517175,0.0,
lqr,mppi_direct,300.0,1800.0,0.1,0.125,5.0,1.25,10.0,10.0,10,100.0,inf,cone,both,5000.0,10.0,0.01,30.0,0.01,256,20,3,0.5,0.1,0.99,10.0,256,20,0,128,91,3.5053842131327952,1.25,39.01967686212023,497.3166948982191,0.8399154988542218,134.98182268110983,0.7109375,520.0
lqr,mppi_direct,300.0,1800.0,0.1,0.125,5.0,2.5,10.0,10.0,10,100.0,inf,cone,both,5000.0,10.0,0.01,30.0,0.01,256,20,3,0.5,0.1,0.99,10.0,256,20,0,128,27,4.733531636391215,2.5,45.95091682072463,1469.0826760623336,0.8249565972222223,282.31156026858395,0.2109375,720.0
lqr,mppi_direct,300.0,1800.0,0.1,0.125,5.0,3.75,10.0,10.0,10,100.0,inf,cone,both,5000.0,10.0,0.01,30.0,0.01,256,20,3,0.5,0.1,0.99,10.0,256,20,0,128,2,4.666291807989652,3.72840460157058,71.41658954965344,2613.49912715332,0.8095920138888889,376.7575384029163,0.015625,230.0
lqr,mppi_direct,300.0,1800.0,0.1,0.125,5.0,4.5,10.0,10.0,10,100.0,inf,cone,both,5000.0,10.0,0.01,30.0,0.01,256,20,3,0.5,0.1,0.99,10.0,256,20,0,128,1,4.713041629831808,4.4826514249407285,75.83339443869862,3854.049502314096,0.8066840277777778,421.402424578763,0.0078125,220.0
lqr,mppi_direct,300.0,1800.0,0.1,0.125,5.0,5.0,10.0,10.0,10,100.0,inf,cone,both,5000.0,10.0,0.01,30.0,0.01,256,20,3,0.5,0.1,0.99,10.0,256,20,0,128,0,4.751046437765774,5.0,73.93521257251705,4658.571748939294,0.8015625,434.56067138256026,0.0,
lqr,mppi_direct,300.0,1800.0,0.1,0.125,5.0,5.5,10.0,10.0,10,100.0,inf,cone,both,5000.0,10.0,0.01,30.0,0.01,256,20,3,0.5,0.1,0.99,10.0,256,20,0,128,0,4.759497134559851,5.5,72.23214082700416,5406.736665889804,0.7739583333333333,444.8360349516149,0.0,
lqr,mppi_direct,300.0,1800.0,0.1,0.125,5.0,6.25,10.0,10.0,10,100.0,inf,cone,both,5000.0,10.0,0.01,30.0,0.01,256,20,3,0.5,0.1,0.99,10.0,256,20,0,128,1,4.7349244157325705,6.219202108153525,71.62046644865879,6486.171803759515,0.7305555555555555,464.8193702990824,0.0078125,210.0
lqr,mppi_direct,300.0,1800.0,0.1,0.125,5.0,7.5,10.0,10.0,10,100.0,inf,cone,both,5000.0,10.0,0.01,30.0,0.01,256,20,3,0.5,0.1,0.99,10.0,256,20,0,128,1,4.753984571338559,7.460537491621049,71.47600075854011,8200.539971685983,0.6539930555555555,518.2409351944781,0.0078125,220.0
lqr,mppi_direct,300.0,1800.0,0.1,0.125,5.0,10.0,10.0,10.0,10,100.0,inf,cone,both,5000.0,10.0,0.01,30.0,0.01,256,20,3,0.5,0.1,0.99,10.0,256,20,0,128,1,4.655216358067617,9.941026475134151,71.4814966983521,11143.082769948049,0.5373697916666667,802.8446939167225,0.0078125,220.0
lqr,mppi_direct,300.0,1800.0,0.1,0.125,5.0,inf,10.0,10.0,10,100.0,inf,cone,both,5000.0,10.0,0.01,30.0,0.01,256,20,3,0.5,0.1,0.99,10.0,256,20,0,128,1,4.69579445826175,21.1946348008897,71.48149857335466,16362.67746130121,0.5009548611111111,1203.4321848029645,0.0078125,220.0
lqr,mppi_direct,300.0,1800.0,0.1,0.15,5.0,1.25,10.0,10.0,10,100.0,inf,cone,both,5000.0,10.0,0.01,30.0,0.01,256,20,3,0.5,0.1,0.99,10.0,256,20,0,128,94,3.383950286558262,1.25,44.86794503391323,499.888548404054,0.8267604597179316,162.98686850798208,0.734375,510.0
lqr,mppi_direct,300.0,1800.0,0.1,0.15,5.0,2.5,10.0,10.0,10,100.0,inf,cone,both,5000.0,10.0,0.01,30.0,0.01,256,20,3,0.5,0.1,0.99,10.0,256,20,0,128,24,4.711673850807046,2.5,52.36957218621303,1518.6725084588786,0.8366753472222223,288.2003160239952,0.1875,720.0
lqr,mppi_direct,300.0,1800.0,0.1,0.15,5.0,3.75,10.0,10.0,10,100.0,inf,cone,both,5000.0,10.0,0.01,30.0,0.01,256,20,3,0.5,0.1,0.99,10.0,256,20,0,128,0,4.718292477666398,3.75,92.95862408719428,2750.473143445595,0.8085069444444445,396.9458115826962,0.0,
lqr,mppi_direct,300.0,1800.0,0.1,0.15,5.0,4.5,10.0,10.0,10,100.0,inf,cone,both,5000.0,10.0,0.01,30.0,0.01,256,20,3,0.5,0.1,0.99,10.0,256,20,0,128,1,4.668891378340802,4.48571031156671,91.20848484141855,4149.949231550074,0.7894097222222223,487.1397268276871,0.0078125,210.0
lqr,mppi_direct,300.0,1800.0,0.1,0.15,5.0,5.0,10.0,10.0,10,100.0,inf,cone,both,5000.0,10.0,0.01,30.0,0.01,256,20,3,0.5,0.1,0.99,10.0,256,20,0,128,0,4.694412717408831,5.0,92.21700780546328,5013.666924139915,0.7831163194444445,552.0876251888096,0.0,
lqr,mppi_direct,300.0,1800.0,0.1,0.15,5.0,5.5,10.0,10.0,10,100.0,inf,cone,both,5000.0,10.0,0.01,30.0,0.01,256,20,3,0.5,0.1,0.99,10.0,256,20,0,128,1,4.708074231253624,5.47898620399184,97.0601822234756,5841.76853152079,0.7601996527777778,554.5402809043296,0.0078125,210.0
lqr,mppi_direct,300.0,1800.0,0.1,0.15,5.0,6.25,10.0,10.0,10,100.0,inf,cone,both,5000.0,10.0,0.01,30.0,0.01,256,20,3,0.5,0.1,0.99,10.0,256,20,0,128,0,4.734602370410474,6.25,93.57627446229796,7084.25216240817,0.7078125,602.5273387046434,0.0,
lqr,mppi_direct,300.0,1800.0,0.1,0.15,5.0,7.5,10.0,10.0,10,100.0,inf,cone,both,5000.0,10.0,0.01,30.0,0.01,256,20,3,0.5,0.1,0.99,10.0,256,20,0,128,0,4.716379719515223,7.5,93.0849276939903,8972.407379718872,0.623046875,712.0546562958026,0.0,
lqr,mppi_direct,300.0,1800.0,0.1,0.15,5.0,10.0,10.0,10.0,10,100.0,inf,cone,both,5000.0,10.0,0.01,30.0,0.01,256,20,3,0.5,0.1,0.99,10.0,256,20,0,128,0,4.73698387875394,10.0,92.36634752402011,12256.232642895751,0.5016927083333333,757.5789392183719,0.0,
lqr,mppi_direct,300.0,1800.0,0.1,0.15,5.0,inf,10.0,10.0,10,100.0,inf,cone,both,5000.0,10.0,0.01,30.0,0.01,256,20,3,0.5,0.1,0.99,10.0,256,20,0,128,0,4.73698387875394,25.62633806546044,92.3643426797328,20802.636993624143,0.4509114583333333,1607.7028975593964,0.0,
lqr,mppi_direct,300.0,1800.0,0.1,0.2,5.0,1.25,10.0,10.0,10,100.0,inf,cone,both,5000.0,10.0,0.01,30.0,0.01,256,20,3,0.5,0.1,0.99,10.0,256,20,0,128,97,3.4993816833058324,1.25,50.624852102871984,481.0538189794131,0.860388925542785,136.97259784307775,0.7578125,520.0
lqr,mppi_direct,300.0,1800.0,0.1,0.2,5.0,2.5,10.0,10.0,10,100.0,inf,cone,both,5000.0,10.0,0.01,30.0,0.01,256,20,3,0.5,0.1,0.99,10.0,256,20,0,128,18,4.580705904547662,2.5,65.60916889893726,1915.9844521665289,0.798046875,421.9639017930098,0.140625,720.0
lqr,mppi_direct,300.0,1800.0,0.1,0.2,5.0,3.75,10.0,10.0,10,100.0,inf,cone,both,5000.0,10.0,0.01,30.0,0.01,256,20,3,0.5,0.1,0.99,10.0,256,20,0,128,1,4.601736175173862,3.7414211121001855,145.99163104790065,3067.053393825702,0.7933051215277778,525.9708741912044,0.0078125,160.0
lqr,mppi_direct,300.0,1800.0,0.1,0.2,5.0,4.5,10.0,10.0,10,100.0,inf,cone,both,5000.0,10.0,0.01,30.0,0.01,256,20,3,0.5,0.1,0.99,10.0,256,20,0,128,0,4.67300501926176,4.5,135.4093518511963,4435.054593956656,0.80703125,596.8593715236881,0.0,
lqr,mppi_direct,300.0,1800.0,0.1,0.2,5.0,5.0,10.0,10.0,10,100.0,inf,cone,both,5000.0,10.0,0.01,30.0,0.01,256,20,3,0.5,0.1,0.99,10.0,256,20,0,128,0,4.593801221857942,5.0,146.33138934481667,5862.949023286518,0.7437934027777777,776.3879152600941,0.0,
lqr,mppi_direct,300.0,1800.0,0.1,0.2,5.0,5.5,10.0,10.0,10,100.0,inf,cone,both,5000.0,10.0,0.01,30.0,0.01,256,20,3,0.5,0.1,0.99,10.0,256,20,0,128,0,4.589229531385424,5.5,151.53373400555623,6889.261647717024,0.6993923611111111,786.7431721665441,0.0,
lqr,mppi_direct,300.0,1800.0,0.1,0.2,5.0,6.25,10.0,10.0,10,100.0,inf,cone,both,5000.0,10.0,0.01,30.0,0.01,256,20,3,0.5,0.1,0.99,10.0,256,20,0,128,0,4.613582622497745,6.25,145.5262720850116,8296.653834072185,0.6453993055555556,879.8763414260512,0.0,
lqr,mppi_direct,300.0,1800.0,0.1,0.2,5.0,7.5,10.0,10.0,10,100.0,inf,cone,both,5000.0,10.0,0.01,30.0,0.01,256,20,3,0.5,0.1,0.99,10.0,256,20,0,128,0,4.571156025304985,7.5,148.0405452027729,10698.343876065506,0.5464409722222222,1106.1502908533153,0.0,
lqr,mppi_direct,300.0,1800.0,0.1,0.2,5.0,10.0,10.0,10.0,10,100.0,inf,cone,both,5000.0,10.0,0.01,30.0,0.01,256,20,3,0.5,0.1,0.99,10.0,256,20,0,128,0,4.531620273151388,10.0,147.5672019583834,14695.382257365936,0.4305555555555556,1487.460586221465,0.0,
lqr,mppi_direct,300.0,1800.0,0.1,0.2,5.0,inf,10.0,10.0,10,100.0,inf,cone,both,5000.0,10.0,0.01,30.0,0.01,256,20,3,0.5,0.1,0.99,10.0,256,20,0,128,0,4.5351857061424266,34.23207402220118,147.0900077891164,30672.94936253542,0.3679253472222222,3434.353502083792,0.0,
lqr,mppi_lqr,300.0,1800.0,0.1,0.025,5.0,1.25,10.0,10.0,10,100.0,inf,cone,both,5000.0,10.0,0.01,30.0,0.01,256,20,3,0.5,0.1,0.99,10.0,256,20,0,128,90,2.7704534639146114,1.25,47.73194000303084,556.7355626460686,0.726509700744559,197.99327765852672,0.703125,840.0
lqr,mppi_lqr,300.0,1800.0,0.1,0.025,5.0,2.5,10.0,10.0,10,100.0,inf,cone,both,5000.0,10.0,0.01,30.0,0.01,256,20,3,0.5,0.1,0.99,10.0,256,20,0,128,90,3.513585601082507,2.5,49.82893765630208,923.4215621712086,0.725647095959596,280.1619390404631,0.703125,1405.0
lqr,mppi_lqr,300.0,1800.0,0.1,0.025,5.0,3.75,10.0,10.0,10,100.0,inf,cone,both,5000.0,10.0,0.01,30.0,0.01,256,20,3,0.5,0.1,0.99,10.0,256,20,0,128,0,4.274679617115671,3.7496367519778384,58.52497389463847,1070.4523657611917,0.726171875,291.9446821711769,0.0,
lqr,mppi_lqr,300.0,1800.0,0.1,0.025,5.0,4.5,10.0,10.0,10,100.0,inf,cone,both,5000.0,10.0,0.01,30.0,0.01,256,20,3,0.5,0.1,0.99,10.0,256,20,0,128,0,4.2933359344435935,3.918935646638095,58.51544508783851,1073.3481508449547,0.7261284722222222,292.0724682665134,0.0,
lqr,mppi_lqr,300.0,1800.0,0.1,0.025,5.0,5.0,10.0,10.0,10,100.0,inf,cone,both,5000.0,10.0,0.01,30.0,0.01,256,20,3,0.5,0.1,0.99,10.0,256,20,0,128,0,4.291325575023419,3.918921008756928,58.31644512764704,1073.0041356968395,0.7261284722222222,292.07043425855704,0.0,
lqr,mppi_lqr,300.0,1800.0,0.1,0.025,5.0,5.5,10.0,10.0,10,100.0,inf,cone,both,5000.0,10.0,0.01,30.0,0.01,256,20,3,0.5,0.1,0.99,10.0,256,20,0,128,0,4.291337655779274,3.918939880266039,58.31689897547842,1072.9981037982898,0.7261284722222222,292.0703946332656,0.0,
lqr,mppi_lqr,300.0,1800.0,0.1,0.025,5.0,6.25,10.0,10.0,10,100.0,inf,cone,both,5000.0,10.0,0.01,30.0,0.01,256,20,3,0.5,0.1,0.99,10.0,256,20,0,128,0,4.291337655779274,3.918939801303309,58.31689897547842,1072.998107312298,0.7261284722222222,292.07039460894794,0.0,
lqr,mppi_lqr,300.0,1800.0,0.1,0.025,5.0,7.5,10.0,10.0,10,100.0,inf,cone,both,5000.0,10.0,0.01,30.0,0.01,256,20,3,0.5,0.1,0.99,10.0,256,20,0,128,0,4.291337655779274,3.918939801303309,58.31689897547842,1072.998107312298,0.7261284722222222,292.07039460894794,0.0,
lqr,mppi_lqr,300.0,1800.0,0.1,0.025,5.0,10.0,10.0,10.0,10,100.0,inf,cone,both,5000.0,10.0,0.01,30.0,0.01,256,20,3,0.5,0.1,0.99,10.0,256,20,0,128,0,4.291337655779274,3.918939801303309,58.31689897547842,1072.998107312298,0.7261284722222222,292.07039460894794,0.0,
lqr,mppi_lqr,300.0,1800.0,0.1,0.025,5.0,inf,10.0,10.0,10,100.0,inf,cone,both,5000.0,10.0,0.01,30.0,0.01,256,20,3,0.5,0.1,0.99,10.0,256,20,0,128,0,4.291337655779274,3.918939801303309,58.31689897547842,1072.998107312298,0.7261284722222222,292.07039460894794,0.0,
lqr,mppi_lqr,300.0,1800.0,0.1,0.05,5.0,1.25,10.0,10.0,10,100.0,inf,cone,both,5000.0,10.0,0.01,30.0,0.01,256,20,3,0.5,0.1,0.99,10.0,256,20,0,128,89,2.931399554369372,1.25,74.2153299455583,724.710230915671,0.7348090277777778,262.7328387513336,0.6953125,580.0
lqr,mppi_lqr,300.0,1800.0,0.1,0.05,5.0,2.5,10.0,10.0,10,100.0,inf,cone,both,5000.0,10.0,0.01,30.0,0.01,256,20,3,0.5,0.1,0.99,10.0,256,20,0,128,89,3.282037415452018,2.5,77.22784662754408,1300.38287585461,0.7156684027777778,461.66182912892265,0.6953125,860.0
lqr,mppi_lqr,300.0,1800.0,0.1,0.05,5.0,3.75,10.0,10.0,10,100.0,inf,cone,both,5000.0,10.0,0.01,30.0,0.01,256,20,3,0.5,0.1,0.99,10.0,256,20,0,128,89,3.956284853552596,3.75,77.63136196518265,1738.417867911636,0.7140625,609.1051908142855,0.6953125,1120.0
lqr,mppi_lqr,300.0,1800.0,0.1,0.05,5.0,4.5,10.0,10.0,10,100.0,inf,cone,both,5000.0,10.0,0.01,30.0,0.01,256,20,3,0.5,0.1,0.99,10.0,256,20,0,128,37,4.264221021742266,4.5,89.34629823980876,2108.839873457474,0.7137586805555556,661.7188043350116,0.2890625,1270.0
lqr,mppi_lqr,300.0,1800.0,0.1,0.05,5.0,5.0,10.0,10.0,10,100.0,inf,cone,both,5000.0,10.0,0.01,30.0,0.01,256,20,3,0.5,0.1,0.99,10.0,256,20,0,128,0,4.277705507010419,5.0,99.71155196944358,2472.719817225532,0.7135850694444444,684.4022595276678,0.0,
lqr,mppi_lqr,300.0,1800.0,0.1,0.05,5.0,5.5,10.0,10.0,10,100.0,inf,cone,both,5000.0,10.0,0.01,30.0,0.01,256,20,3,0.5,0.1,0.99,10.0,256,20,0,128,0,4.274580514986152,5.5,100.79453001047408,2786.057058298355,0.7134114583333333,702.3495142602694,0.0,
lqr,mppi_lqr,300.0,1800.0,0.1,0.05,5.0,6.25,10.0,10.0,10,100.0,inf,cone,both,5000.0,10.0,0.01,30.0,0.01,256,20,3,0.5,0.1,0.99,10.0,256,20,0,128,0,4.274580514986152,6.25,100.7819151607844,3167.874197002352,0.71328125,718.9240083692438,0.0,
lqr,mppi_lqr,300.0,1800.0,0.1,0.05,5.0,7.5,10.0,10.0,10,100.0,inf,cone,both,5000.0,10.0,0.01,30.0,0.01,256,20,3,0.5,0.1,0.99,10.0,256,20,0,128,0,4.274580514986152,7.5,100.90577105549264,3558.239297477875,0.7130208333333333,729.698961801478,0.0,
lqr,mppi_lqr,300.0,1800.0,0.1,0.05,5.0,10.0,10.0,10.0,10,100.0,inf,cone,both,5000.0,10.0,0.01,30.0,0.01,256,20,3,0.5,0.1,0.99,10.0,256,20,0,128,0,4.274580514986152,8.454905919190397,100.90598642164848,3635.058637265388,0.7130208333333333,730.5948766605334,0.0,
lqr,mppi_lqr,300.0,1800.0,0.1,0.05,5.0,inf,10.0,10.0,10,100.0,inf,cone,both,5000.0,10.0,0.01,30.0,0.01,256,20,3,0.5,0.1,0.99,10.0,256,20,0,128,0,4.274580514986152,8.455099247842806,100.90598642164848,3634.9355532656086,0.7130208333333333,730.5942077263661,0.0,
lqr,mppi_lqr,300.0,1800.0,0.1,0.075,5.0,1.25,10.0,10.0,10,100.0,inf,cone,both,5000.0,10.0,0.01,30.0,0.01,256,20,3,0.5,0.1,0.99,10.0,256,20,0,128,89,3.439465364209381,1.25,83.9049900145059,776.3357963705,0.7394965277777777,275.0381864037275,0.6953125,560.0
lqr,mppi_lqr,300.0,1800.0,0.1,0.075,5.0,2.5,10.0,10.0,10,100.0,inf,cone,both,5000.0,10.0,0.01,30.0,0.01,256,20,3,0.5,0.1,0.99,10.0,256,20,0,128,88,3.771522804183604,2.5,87.23948810518719,1450.8154646556084,0.7351128472222223,516.8466541547435,0.6875,690.0
lqr,mppi_lqr,300.0,1800.0,0.1,0.075,5.0,3.75,10.0,10.0,10,100.0,inf,cone,both,5000.0,10.0,0.01,30.0,0.01,256,20,3,0.5,0.1,0.99,10.0,256,20,0,128,53,4.1650511088721895,3.75,105.2953353763031,2417.7117409286875,0.7161458333333334,752.0710783484599,0.4140625,880.0
lqr,mppi_lqr,300.0,1800.0,0.1,0.075,5.0,4.5,10.0,10.0,10,100.0,inf,cone,both,5000.0,10.0,0.01,30.0,0.01,256,20,3,0.5,0.1,0.99,10.0,256,20,0,128,15,4.250778749348614,4.5,119.7713035343806,3602.290326640527,0.7081163194444444,894.7412042621705,0.1171875,980.0
lqr,mppi_lqr,300.0,1800.0,0.1,0.075,5.0,5.0,10.0,10.0,10,100.0,inf,cone,both,5000.0,10.0,0.01,30.0,0.01,256,20,3,0.5,0.1,0.99,10.0,256,20,0,128,0,4.288617254560142,5.0,125.21259658297792,4375.8981721587925,0.7131510416666667,916.9726142741991,0.0,
lqr,mppi_lqr,300.0,1800.0,0.1,0.075,5.0,5.5,10.0,10.0,10,100.0,inf,cone,both,5000.0,10.0,0.01,30.0,0.01,256,20,3,0.5,0.1,0.99,10.0,256,20,0,128,0,4.306502880539589,5.5,125.56477225559,4945.472257347937,0.7171006944444445,935.463651409858,0.0,
lqr,mppi_lqr,300.0,1800.0,0.1,0.075,5.0,6.25,10.0,10.0,10,100.0,inf,cone,both,5000.0,10.0,0.01,30.0,0.01,256,20,3,0.5,0.1,0.99,10.0,256,20,0,128,0,4.272828622754566,6.25,125.59689564129368,5726.116561742892,0.7146267361111112,1006.8302513435236,0.0,
lqr,mppi_lqr,300.0,1800.0,0.1,0.075,5.0,7.5,10.0,10.0,10,100.0,inf,cone,both,5000.0,10.0,0.01,30.0,0.01,256,20,3,0.5,0.1,0.99,10.0,256,20,0,128,0,4.272828622754566,7.5,125.55578484710094,6810.367955980164,0.6944010416666667,1072.1127202979696,0.0,
lqr,mppi_lqr,300.0,1800.0,0.1,0.075,5.0,10.0,10.0,10.0,10,100.0,inf,cone,both,5000.0,10.0,0.01,30.0,0.01,256,20,3,0.5,0.1,0.99,10.0,256,20,0,128,0,4.272828622754566,10.0,125.5401848720927,8223.418630890697,0.6550347222222223,1135.7785345930429,0.0,
lqr,mppi_lqr,300.0,1800.0,0.1,0.075,5.0,inf,10.0,10.0,10,100.0,inf,cone,both,5000.0,10.0,0.01,30.0,0.01,256,20,3,0.5,0.1,0.99,10.0,256,20,0,128,0,4.272828622754566,12.854330027627784,125.5401848720927,8738.046329214347,0.6478298611111111,1155.8783147790336,0.0,
lqr,mppi_lqr,300.0,1800.0,0.1,0.09,5.0,1.25,10.0,10.0,10,100.0,inf,cone,both,5000.0,10.0,0.01,30.0,0.01,256,20,3,0.5,0.1,0.99,10.0,256,20,0,128,90,3.5353835169789662,1.25,85.8113632718156,774.9422400539554,0.7469091021825397,275.43131009423286,0.703125,570.0
lqr,mppi_lqr,300.0,1800.0,0.1,0.09,5.0,2.5,10.0,10.0,10,100.0,inf,cone,both,5000.0,10.0,0.01,30.0,0.01,256,20,3,0.5,0.1,0.99,10.0,256,20,0,128,84,4.26469537022145,2.5,89.09472676049369,1450.9833672685256,0.7507948538557214,512.9200983829016,0.65625,700.0
lqr,mppi_lqr,300.0,1800.0,0.1,0.09,5.0,3.75,10.0,10.0,10,100.0,inf,cone,both,5000.0,10.0,0.01,30.0,0.01,256,20,3,0.5,0.1,0.99,10.0,256,20,0,128,5,4.369551449491795,3.75,182.2809314660653,2993.5560049512173,0.7386284722222223,734.8018147698518,0.0390625,770.0
lqr,mppi_lqr,300.0,1800.0,0.1,0.09,5.0,4.5,10.0,10.0,10,100.0,inf,cone,both,5000.0,10.0,0.01,30.0,0.01,256,20,3,0.5,0.1,0.99,10.0,256,20,0,128,0,4.333350900176669,4.5,188.65351466450133,4121.6613029701175,0.7328125,865.8785141947058,0.0,
lqr,mppi_lqr,300.0,1800.0,0.1,0.09,5.0,5.0,10.0,10.0,10,100.0,inf,cone,both,5000.0,10.0,0.01,30.0,0.01,256,20,3,0.5,0.1,0.99,10.0,256,20,0,128,0,4.29244656768077,5.0,187.0195003489856,4968.13072525457,0.7230902777777778,963.146655012018,0.0,
lqr,mppi_lqr,300.0,1800.0,0.1,0.09,5.0,5.5,10.0,10.0,10,100.0,inf,cone,both,5000.0,10.0,0.01,30.0,0.01,256,20,3,0.5,0.1,0.99,10.0,256,20,0,128,0,4.2731667041462345,5.5,186.46053938718023,5695.971430897333,0.7165364583333333,1048.1048715471584,0.0,
lqr,mppi_lqr,300.0,1800.0,0.1,0.09,5.0,6.25,10.0,10.0,10,100.0,inf,cone,both,5000.0,10.0,0.01,30.0,0.01,256,20,3,0.5,0.1,0.99,10.0,256,20,0,128,0,4.2731667041462345,6.25,185.96223978848192,6637.4288832022885,0.6974826388888888,1119.015015986628,0.0,
lqr,mppi_lqr,300.0,1800.0,0.1,0.09,5.0,7.5,10.0,10.0,10,100.0,inf,cone,both,5000.0,10.0,0.01,30.0,0.01,256,20,3,0.5,0.1,0.99,10.0,256,20,0,128,0,4.2731667041462345,7.5,185.77280375405925,8018.223071442005,0.6526909722222223,1213.6953151493528,0.0,
lqr,mppi_lqr,300.0,1800.0,0.1,0.09,5.0,10.0,10.0,10.0,10,100.0,inf,cone,both,5000.0,10.0,0.01,30.0,0.01,256,20,3,0.5,0.1,0.99,10.0,256,20,0,128,0,4.2731667041462345,10.0,185.7330645631258,10070.470200331702,0.58984375,1330.5298544857992,0.0,
lqr,mppi_lqr,300.0,1800.0,0.1,0.09,5.0,inf,10.0,10.0,10,100.0,inf,cone,both,5000.0,10.0,0.01,30.0,0.01,256,20,3,0.5,0.1,0.99,10.0,256,20,0,128,0,4.2731667041462345,15.45996447791944,185.7330645631258,11716.514728999658,0.5735243055555556,1429.5467188956952,0.0,
lqr,mppi_lqr,300.0,1800.0,0.1,0.1,5.0,1.25,10.0,10.0,10,100.0,inf,cone,both,5000.0,10.0,0.01,30.0,0.01,256,20,3,0.5,0.1,0.99,10.0,256,20,0,128,91,3.592940749655439,1.25,87.47839601716878,752.1453343585372,0.7479654816552327,271.9596818219901,0.7109375,580.0
lqr,mppi_lqr,300.0,1800.0,0.1,0.1,5.0,2.5,10.0,10.0,10,100.0,inf,cone,both,5000.0,10.0,0.01,30.0,0.01,256,20,3,0.5,0.1,0.99,10.0,256,20,0,128,69,4.414870697847458,2.5,91.30814914394826,1489.2206314476573,0.7700086805555556,480.6699340423834,0.5390625,710.0
lqr,mppi_lqr,300.0,1800.0,0.1,0.1,5.0,3.75,10.0,10.0,10,100.0,inf,cone,both,5000.0,10.0,0.01,30.0,0.01,256,20,3,0.5,0.1,0.99,10.0,256,20,0,128,1,4.460326470409919,3.75,216.59653645696977,2964.312510524775,0.7621527777777778,673.5103600416219,0.0078125,740.0
lqr,mppi_lqr,300.0,1800.0,0.1,0.1,5.0,4.5,10.0,10.0,10,100.0,inf,cone,both,5000.0,10.0,0.01,30.0,0.01,256,20,3,0.5,0.1,0.99,10.0,256,20,0,128,0,4.399380066344951,4.5,241.69440984552756,4145.980255049371,0.7517361111111112,829.3731367240166,0.0,
lqr,mppi_lqr,300.0,1800.0,0.1,0.1,5.0,5.0,10.0,10.0,10,100.0,inf,cone,both,5000.0,10.0,0.01,30.0,0.01,256,20,3,0.5,0.1,0.99,10.0,256,20,0,128,0,4.360987831975919,5.0,240.6772131340561,4977.631889595416,0.7396267361111111,930.2226486802848,0.0,
lqr,mppi_lqr,300.0,1800.0,0.1,0.1,5.0,5.5,10.0,10.0,10,100.0,inf,cone,both,5000.0,10.0,0.01,30.0,0.01,256,20,3,0.5,0.1,0.99,10.0,256,20,0,128,0,4.360987831975919,5.5,238.67559615701109,5764.871723088006,0.7346788194444445,986.7990472683094,0.0,
lqr,mppi_lqr,300.0,1800.0,0.1,0.1,5.0,6.25,10.0,10.0,10,100.0,inf,cone,both,5000.0,10.0,0.01,30.0,0.01,256,20,3,0.5,0.1,0.99,10.0,256,20,0,128,0,4.3810181494143166,6.25,238.68452093569945,6759.800511920696,0.7145399305555555,1029.5816624582296,0.0,
lqr,mppi_lqr,300.0,1800.0,0.1,0.1,5.0,7.5,10.0,10.0,10,100.0,inf,cone,both,5000.0,10.0,0.01,30.0,0.01,256,20,3,0.5,0.1,0.99,10.0,256,20,0,128,0,4.3810181494143166,7.5,238.4375504945932,8308.760840664721,0.6602864583333333,1127.964419851007,0.0,
lqr,mppi_lqr,300.0,1800.0,0.1,0.1,5.0,10.0,10.0,10.0,10,100.0,inf,cone,both,5000.0,10.0,0.01,30.0,0.01,256,20,3,0.5,0.1,0.99,10.0,256,20,0,128,0,4.3810181494143166,10.0,238.3057992041523,10674.474957448472,0.5872829861111111,1256.9188190327395,0.0,
lqr,mppi_lqr,300.0,1800.0,0.1,0.1,5.0,inf,10.0,10.0,10,100.0,inf,cone,both,5000.0,10.0,0.01,30.0,0.01,256,20,3,0.5,0.1,0.99,10.0,256,20,0,128,0,4.3810181494143166,17.191569589324967,238.3051272652384,13308.961516468358,0.5626736111111111,1434.9172357157524,0.0,
lqr,mppi_lqr,300.0,1800.0,0.1,0.11,5.0,1.25,10.0,10.0,10,100.0,inf,cone,both,5000.0,10.0,0.01,30.0,0.01,256,20,3,0.5,0.1,0.99,10.0,256,20,0,128,91,3.627953752003232,1.25,88.54148085933642,762.6888341874525,0.747629534641689,276.8380399489586,0.7109375,580.0
lqr,mppi_lqr,300.0,1800.0,0.1,0.11,5.0,2.5,10.0,10.0,10,100.0,inf,cone,both,5000.0,10.0,0.01,30.0,0.01,256,20,3,0.5,0.1,0.99,10.0,256,20,0,128,57,4.282170027242813,2.5,97.1683090218401,1750.524514856269,0.718359375,602.7814771150144,0.4453125,710.0
lqr,mppi_lqr,300.0,1800.0,0.1,0.11,5.0,3.75,10.0,10.0,10,100.0,inf,cone,both,5000.0,10.0,0.01,30.0,0.01,256,20,3,0.5,0.1,0.99,10.0,256,20,0,128,0,4.423649365133884,3.75,221.84472444752703,3063.960116166,0.7575954861111112,730.2084885506611,0.0,
lqr,mppi_lqr,300.0,1800.0,0.1,0.11,5.0,4.5,10.0,10.0,10,100.0,inf,cone,both,5000.0,10.0,0.01,30.0,0.01,256,20,3,0.5,0.1,0.99,10.0,256,20,0,128,0,4.433436653953974,4.5,273.9763382599969,3864.585960117384,0.7612847222222222,797.327751764162,0.0,
lqr,mppi_lqr,300.0,1800.0,0.1,0.11,5.0,5.0,10.0,10.0,10,100.0,inf,cone,both,5000.0,10.0,0.01,30.0,0.01,256,20,3,0.5,0.1,0.99,10.0,256,20,0,128,0,4.425980161403098,5.0,278.65997323945857,4751.722315444859,0.7599826388888888,873.4108323279021,0.0,
lqr,mppi_lqr,300.0,1800.0,0.1,0.11,5.0,5.5,10.0,10.0,10,100.0,inf,cone,both,5000.0,10.0,0.01,30.0,0.01,256,20,3,0.5,0.1,0.99,10.0,256,20,0,128,0,4.407179871853047,5.5,278.1870025233436,5520.3434901833625,0.7516493055555555,945.347175238912,0.0,
lqr,mppi_lqr,300.0,1800.0,0.1,0.11,5.0,6.25,10.0,10.0,10,100.0,inf,cone,both,5000.0,10.0,0.01,30.0,0.01,256,20,3,0.5,0.1,0.99,10.0,256,20,0,128,0,4.447572976035213,6.25,278.3837267619024,6603.929691127756,0.7342013888888889,953.8779497408392,0.0,
lqr,mppi_lqr,300.0,1800.0,0.1,0.11,5.0,7.5,10.0,10.0,10,100.0,inf,cone,both,5000.0,10.0,0.01,30.0,0.01,256,20,3,0.5,0.1,0.99,10.0,256,20,0,128,0,4.467802323502477,7.5,277.3301691577556,8277.508079320485,0.6706163194444444,1012.722764020271,0.0,
lqr,mppi_lqr,300.0,1800.0,0.1,0.11,5.0,10.0,10.0,10.0,10,100.0,inf,cone,both,5000.0,10.0,0.01,30.0,0.01,256,20,3,0.5,0.1,0.99,10.0,256,20,0,128,0,4.467802323502477,10.0,277.2650729841523,11020.191937178495,0.5815104166666667,1150.0745568049397,0.0,
lqr,mppi_lqr,300.0,1800.0,0.1,0.11,5.0,inf,10.0,10.0,10,100.0,inf,cone,both,5000.0,10.0,0.01,30.0,0.01,256,20,3,0.5,0.1,0.99,10.0,256,20,0,128,0,4.467802323502477,18.912521777882823,277.2649897543405,14763.095037510886,0.551171875,1417.5061998669576,0.0,
lqr,mppi_lqr,300.0,1800.0,0.1,0.125,5.0,1.25,10.0,10.0,10,100.0,inf,cone,both,5000.0,10.0,0.01,30.0,0.01,256,20,3,0.5,0.1,0.99,10.0,256,20,0,128,90,3.696712825513008,1.25,90.44759127251008,779.2784670270026,0.7439103695856873,281.21109439796555,0.703125,585.0
lqr,mppi_lqr,300.0,1800.0,0.1,0.125,5.0,2.5,10.0,10.0,10,100.0,inf,cone,both,5000.0,10.0,0.01,30.0,0.01,256,20,3,0.5,0.1,0.99,10.0,256,20,0,128,43,4.445034432211291,2.5,93.60117778076372,1758.832814641037,0.7559757852671585,523.4557813358649,0.3359375,700.0
lqr,mppi_lqr,300.0,1800.0,0.1,0.125,5.0,3.75,10.0,10.0,10,100.0,inf,cone,both,5000.0,10.0,0.01,30.0,0.01,256,20,3,0.5,0.1,0.99,10.0,256,20,0,128,0,4.506852671473645,3.75,232.81865205703568,2898.450095316249,0.7838975694444444,646.2686916088313,0.0,
lqr,mppi_lqr,300.0,1800.0,0.1,0.125,5.0,4.5,10.0,10.0,10,100.0,inf,cone,both,5000.0,10.0,0.01,30.0,0.01,256,20,3,0.5,0.1,0.99,10.0,256,20,0,128,0,4.369919503343413,4.5,286.8233667362056,3947.123192262231,0.7432725694444444,896.678740400567,0.0,
lqr,mppi_lqr,300.0,1800.0,0.1,0.125,5.0,5.0,10.0,10.0,10,100.0,inf,cone,both,5000.0,10.0,0.01,30.0,0.01,256,20,3,0.5,0.1,0.99,10.0,256,20,0,128,0,4.433455174164463,5.0,294.5027460640759,4737.707654436216,0.7559895833333333,889.5967040795276,0.0,
lqr,mppi_lqr,300.0,1800.0,0.1,0.125,5.0,5.5,10.0,10.0,10,100.0,inf,cone,both,5000.0,10.0,0.01,30.0,0.01,256,20,3,0.5,0.1,0.99,10.0,256,20,0,128,0,4.451318000164834,5.5,293.77926957003376,5630.738845438502,0.7520833333333333,939.7662865413434,0.0,
lqr,mppi_lqr,300.0,1800.0,0.1,0.125,5.0,6.25,10.0,10.0,10,100.0,inf,cone,both,5000.0,10.0,0.01,30.0,0.01,256,20,3,0.5,0.1,0.99,10.0,256,20,0,128,0,4.446333195134337,6.25,293.65096818662505,6815.083122748482,0.7220486111111111,1016.61932357142,0.0,
lqr,mppi_lqr,300.0,1800.0,0.1,0.125,5.0,7.5,10.0,10.0,10,100.0,inf,cone,both,5000.0,10.0,0.01,30.0,0.01,256,20,3,0.5,0.1,0.99,10.0,256,20,0,128,0,4.485436229594979,7.5,293.5284137695967,8625.326610517475,0.6523003472222222,1048.9508555688387,0.0,
lqr,mppi_lqr,300.0,1800.0,0.1,0.125,5.0,10.0,10.0,10.0,10,100.0,inf,cone,both,5000.0,10.0,0.01,30.0,0.01,256,20,3,0.5,0.1,0.99,10.0,256,20,0,128,0,4.466174172389285,10.0,293.5241193383514,11739.67688238862,0.5499131944444444,1248.508455946832,0.0,
lqr,mppi_lqr,300.0,1800.0,0.1,0.125,5.0,inf,10.0,10.0,10,100.0,inf,cone,both,5000.0,10.0,0.01,30.0,0.01,256,20,3,0.5,0.1,0.99,10.0,256,20,0,128,0,4.466174172389285,21.47897258195293,293.5240760193717,17297.419225466507,0.5102430555555556,1711.5663716225476,0.0,
lqr,mppi_lqr,300.0,1800.0,0.1,0.15,5.0,1.25,10.0,10.0,10,100.0,inf,cone,both,5000.0,10.0,0.01,30.0,0.01,256,20,3,0.5,0.1,0.99,10.0,256,20,0,128,89,3.7941467612394777,1.25,90.41611336919364,799.1435395510464,0.7436631944444444,282.8786647098853,0.6953125,590.0
lqr,mppi_lqr,300.0,1800.0,0.1,0.15,5.0,2.5,10.0,10.0,10,100.0,inf,cone,both,5000.0,10.0,0.01,30.0,0.01,256,20,3,0.5,0.1,0.99,10.0,256,20,0,128,31,4.555310048650027,2.5,93.3799522297284,1817.386372616719,0.7711900744746255,482.8539664762648,0.2421875,690.0
lqr,mppi_lqr,300.0,1800.0,0.1,0.15,5.0,3.75,10.0,10.0,10,100.0,inf,cone,both,5000.0,10.0,0.01,30.0,0.01,256,20,3,0.5,0.1,0.99,10.0,256,20,0,128,2,4.507042972948595,3.75,236.4475791835948,2919.9739244431084,0.7888454861111112,677.118249723543,0.015625,905.0
lqr,mppi_lqr,300.0,1800.0,0.1,0.15,5.0,4.5,10.0,10.0,10,100.0,inf,cone,both,5000.0,10.0,0.01,30.0,0.01,256,20,3,0.5,0.1,0.99,10.0,256,20,0,128,0,4.54341072850701,4.5,292.02370339184137,3703.014390980563,0.7996527777777778,721.8862258729552,0.0,
lqr,mppi_lqr,300.0,1800.0,0.1,0.15,5.0,5.0,10.0,10.0,10,100.0,inf,cone,both,5000.0,10.0,0.01,30.0,0.01,256,20,3,0.5,0.1,0.99,10.0,256,20,0,128,0,4.483035120485564,5.0,296.3494121102422,4744.371643366083,0.7842881944444444,873.5533482680787,0.0,
lqr,mppi_lqr,300.0,1800.0,0.1,0.15,5.0,5.5,10.0,10.0,10,100.0,inf,cone,both,5000.0,10.0,0.01,30.0,0.01,256,20,3,0.5,0.1,0.99,10.0,256,20,0,128,0,4.48732600214899,5.5,296.4524392616014,5614.676917511401,0.7700086805555556,916.1451876919456,0.0,
lqr,mppi_lqr,300.0,1800.0,0.1,0.15,5.0,6.25,10.0,10.0,10,100.0,inf,cone,both,5000.0,10.0,0.01,30.0,0.01,256,20,3,0.5,0.1,0.99,10.0,256,20,0,128,0,4.507175173182318,6.25,296.42866194391337,6858.626625532004,0.7358072916666667,956.7726962169178,0.0,
lqr,mppi_lqr,300.0,1800.0,0.1,0.15,5.0,7.5,10.0,10.0,10,100.0,inf,cone,both,5000.0,10.0,0.01,30.0,0.01,256,20,3,0.5,0.1,0.99,10.0,256,20,0,128,0,4.547632493642707,7.5,296.5981610453525,8955.480551076786,0.6498263888888889,1031.73807597246,0.0,
lqr,mppi_lqr,300.0,1800.0,0.1,0.15,5.0,10.0,10.0,10.0,10,100.0,inf,cone,both,5000.0,10.0,0.01,30.0,0.01,256,20,3,0.5,0.1,0.99,10.0,256,20,0,128,0,4.56736510191238,10.0,296.57906903355945,12385.613061524726,0.5416232638888889,1143.921762921573,0.0,
lqr,mppi_lqr,300.0,1800.0,0.1,0.15,5.0,inf,10.0,10.0,10,100.0,inf,cone,both,5000.0,10.0,0.01,30.0,0.01,256,20,3,0.5,0.1,0.99,10.0,256,20,0,128,0,4.56736510191238,25.772182842009364,296.5790178409469,21295.5695137268,0.4784722222222222,1969.705191205003,0.0,
lqr,mppi_lqr,300.0,1800.0,0.1,0.2,5.0,1.25,10.0,10.0,10,100.0,inf,cone,both,5000.0,10.0,0.01,30.0,0.01,256,20,3,0.5,0.1,0.99,10.0,256,20,0,128,91,3.910967681341608,1.25,81.90828551155334,780.1942498278056,0.7664879031624898,266.7199433252802,0.7109375,600.0
lqr,mppi_lqr,300.0,1800.0,0.1,0.2,5.0,2.5,10.0,10.0,10,100.0,inf,cone,both,5000.0,10.0,0.01,30.0,0.01,256,20,3,0.5,0.1,0.99,10.0,256,20,0,128,20,4.482527085972123,2.5,98.58098891216363,2096.3811218429782,0.7681781045751634,517.5536872969174,0.15625,675.0
lqr,mppi_lqr,300.0,1800.0,0.1,0.2,5.0,3.75,10.0,10.0,10,100.0,inf,cone,both,5000.0,10.0,0.01,30.0,0.01,256,20,3,0.5,0.1,0.99,10.0,256,20,0,128,0,4.48226956585402,3.75,254.006075895456,3164.2911504043136,0.7784722222222222,740.6448868489186,0.0,
lqr,mppi_lqr,300.0,1800.0,0.1,0.2,5.0,4.5,10.0,10.0,10,100.0,inf,cone,both,5000.0,10.0,0.01,30.0,0.01,256,20,3,0.5,0.1,0.99,10.0,256,20,0,128,0,4.479783259038267,4.5,290.4198255623771,4309.40633184823,0.778125,890.3370711406094,0.0,
lqr,mppi_lqr,300.0,1800.0,0.1,0.2,5.0,5.0,10.0,10.0,10,100.0,inf,cone,both,5000.0,10.0,0.01,30.0,0.01,256,20,3,0.5,0.1,0.99,10.0,256,20,0,128,0,4.5046887280039725,5.0,295.4164968887667,5089.890999466008,0.7855902777777778,927.5454883209378,0.0,
lqr,mppi_lqr,300.0,1800.0,0.1,0.2,5.0,5.5,10.0,10.0,10,100.0,inf,cone,both,5000.0,10.0,0.01,30.0,0.01,256,20,3,0.5,0.1,0.99,10.0,256,20,0,128,0,4.543532529622461,5.5,293.05097447766445,5979.276987621687,0.776953125,915.1465786204684,0.0,
lqr,mppi_lqr,300.0,1800.0,0.1,0.2,5.0,6.25,10.0,10.0,10,100.0,inf,cone,both,5000.0,10.0,0.01,30.0,0.01,256,20,3,0.5,0.1,0.99,10.0,256,20,0,128,0,4.563669374322905,6.25,295.7372401420112,7522.063817146056,0.7075954861111111,969.2276726105182,0.0,
lqr,mppi_lqr,300.0,1800.0,0.1,0.2,5.0,7.5,10.0,10.0,10,100.0,inf,cone,both,5000.0,10.0,0.01,30.0,0.01,256,20,3,0.5,0.1,0.99,10.0,256,20,0,128,0,4.518463471775488,7.5,294.0081801454766,9832.149499744652,0.6026475694444444,1214.6567029495895,0.0,
lqr,mppi_lqr,300.0,1800.0,0.1,0.2,5.0,10.0,10.0,10.0,10,100.0,inf,cone,both,5000.0,10.0,0.01,30.0,0.01,256,20,3,0.5,0.1,0.99,10.0,256,20,0,128,0,4.517473692914772,10.0,294.69450423210714,13954.786969546069,0.4772135416666667,1485.8399754346124,0.0,
lqr,mppi_lqr,300.0,1800.0,0.1,0.2,5.0,inf,10.0,10.0,10,100.0,inf,cone,both,5000.0,10.0,0.01,30.0,0.01,256,20,3,0.5,0.1,0.99,10.0,256,20,0,128,0,4.477964481912971,34.3495455826657,294.6523076954493,30227.931718606676,0.3864149305555555,3533.2764556234056,0.0,
lqr,random,300.0,1800.0,0.1,0.025,5.0,1.25,10.0,10.0,10,100.0,inf,cone,both,5000.0,10.0,0.01,30.0,0.01,256,20,3,0.5,0.1,0.99,10.0,256,20,0,128,94,2.374647781548985,0.977589180423169,27.773444651634247,122.07869378355322,0.7081432082179648,52.40017028988445,0.734375,460.0
lqr,random,300.0,1800.0,0.1,0.025,5.0,2.5,10.0,10.0,10,100.0,inf,cone,both,5000.0,10.0,0.01,30.0,0.01,256,20,3,0.5,0.1,0.99,10.0,256,20,0,128,94,2.3920800478293582,1.346328049060258,27.523424687039164,129.48818991691175,0.7099560592327582,53.9020665081347,0.734375,460.0
lqr,random,300.0,1800.0,0.1,0.025,5.0,3.75,10.0,10.0,10,100.0,inf,cone,both,5000.0,10.0,0.01,30.0,0.01,256,20,3,0.5,0.1,0.99,10.0,256,20,0,128,95,2.398315019588451,1.5887980133178814,27.50672237046938,129.20973306175057,0.7102847327138367,53.86478824574774,0.7421875,460.0
lqr,random,300.0,1800.0,0.1,0.025,5.0,4.5,10.0,10.0,10,100.0,inf,cone,both,5000.0,10.0,0.01,30.0,0.01,256,20,3,0.5,0.1,0.99,10.0,256,20,0,128,95,2.398315019588451,1.5887980133178814,27.50672237046938,129.20973306175057,0.7102847327138367,53.86478824574774,0.7421875,460.0
lqr,random,300.0,1800.0,0.1,0.025,5.0,5.0,10.0,10.0,10,100.0,inf,cone,both,5000.0,10.0,0.01,30.0,0.01,256,20,3,0.5,0.1,0.99,10.0,256,20,0,128,95,2.398315019588451,1.5887980133178814,27.50672237046938,129.20973306175057,0.7102847327138367,53.86478824574774,0.7421875,460.0
lqr,random,300.0,1800.0,0.1,0.025,5.0,5.5,10.0,10.0,10,100.0,inf,cone,both,5000.0,10.0,0.01,30.0,0.01,256,20,3,0.5,0.1,0.99,10.0,256,20,0,128,95,2.398315019588451,1.5887980133178814,27.50672237046938,129.20973306175057,0.7102847327138367,53.86478824574774,0.7421875,460.0
lqr,random,300.0,1800.0,0.1,0.025,5.0,6.25,10.0,10.0,10,100.0,inf,cone,both,5000.0,10.0,0.01,30.0,0.01,256,20,3,0.5,0.1,0.99,10.0,256,20,0,128,95,2.398315019588451,1.5887980133178814,27.50672237046938,129.20973306175057,0.7102847327138367,53.86478824574774,0.7421875,460.0
lqr,random,300.0,1800.0,0.1,0.025,5.0,7.5,10.0,10.0,10,100.0,inf,cone,both,5000.0,10.0,0.01,30.0,0.01,256,20,3,0.5,0.1,0.99,10.0,256,20,0,128,95,2.398315019588451,1.5887980133178814,27.50672237046938,129.20973306175057,0.7102847327138367,53.86478824574774,0.7421875,460.0
lqr,random,300.0,1800.0,0.1,0.025,5.0,10.0,10.0,10.0,10,100.0,inf,cone,both,5000.0,10.0,0.01,30.0,0.01,256,20,3,0.5,0.1,0.99,10.0,256,20,0,128,95,2.398315019588451,1.5887980133178814,27.50672237046938,129.20973306175057,0.7102847327138367,53.86478824574774,0.7421875,460.0
lqr,random,300.0,1800.0,0.1,0.025,5.0,inf,10.0,10.0,10,100.0,inf,cone,both,5000.0,10.0,0.01,30.0,0.01,256,20,3,0.5,0.1,0.99,10.0,256,20,0,128,95,2.398315019588451,1.5887980133178814,27.50672237046938,129.20973306175057,0.7102847327138367,53.86478824574774,0.7421875,460.0
lqr,random,300.0,1800.0,0.1,0.05,5.0,1.25,10.0,10.0,10,100.0,inf,cone,both,5000.0,10.0,0.01,30.0,0.01,256,20,3,0.5,0.1,0.99,10.0,256,20,0,128,96,2.5070805521170003,1.25,30.32332482954993,133.3181892550527,0.718494749196685,61.25443160248166,0.75,470.0
lqr,random,300.0,1800.0,0.1,0.05,5.0,2.5,10.0,10.0,10,100.0,inf,cone,both,5000.0,10.0,0.01,30.0,0.01,256,20,3,0.5,0.1,0.99,10.0,256,20,0,128,96,2.5483258666305235,2.039667192043954,29.703865072055223,149.34684384732165,0.7177524174839736,65.37412964674769,0.75,480.0
lqr,random,300.0,1800.0,0.1,0.05,5.0,3.75,10.0,10.0,10,100.0,inf,cone,both,5000.0,10.0,0.01,30.0,0.01,256,20,3,0.5,0.1,0.99,10.0,256,20,0,128,96,2.526157853349811,2.4365684742024296,30.506879276280397,167.55814483965793,0.7137537225294098,69.71079976547396,0.75,480.0
lqr,random,300.0,1800.0,0.1,0.05,5.0,4.5,10.0,10.0,10,100.0,inf,cone,both,5000.0,10.0,0.01,30.0,0.01,256,20,3,0.5,0.1,0.99,10.0,256,20,0,128,96,2.5311049506908647,2.645345396710544,30.016721884813105,168.9628905163039,0.7147816482419729,70.05358546078438,0.75,480.0
lqr,random,300.0,1800.0,0.1,0.05,5.0,5.0,10.0,10.0,10,100.0,inf,cone,both,5000.0,10.0,0.01,30.0,0.01,256,20,3,0.5,0.1,0.99,10.0,256,20,0,128,96,2.5320652509439423,2.782064146710544,30.004054539400045,173.08929875020078,0.7150928319850902,70.51277036695772,0.75,480.0
lqr,random,300.0,1800.0,0.1,0.05,5.0,5.5,10.0,10.0,10,100.0,inf,cone,both,5000.0,10.0,0.01,30.0,0.01,256,20,3,0.5,0.1,0.99,10.0,256,20,0,128,95,2.5596831290012947,2.917455927660343,30.059127049334943,167.99560998458546,0.7175481660467217,69.04385236854614,0.7421875,480.0
lqr,random,300.0,1800.0,0.1,0.05,5.0,6.25,10.0,10.0,10,100.0,inf,cone,both,5000.0,10.0,0.01,30.0,0.01,256,20,3,0.5,0.1,0.99,10.0,256,20,0,128,96,2.559891594240148,3.1129258145968888,30.033985818366613,168.84872609705928,0.7175006853871906,69.1255677052103,0.75,480.0
lqr,random,300.0,1800.0,0.1,0.05,5.0,7.5,10.0,10.0,10,100.0,inf,cone,both,5000.0,10.0,0.01,30.0,0.01,256,20,3,0.5,0.1,0.99,10.0,256,20,0,128,96,2.5603940897927986,3.2435287070156105,30.039160956897547,168.87214430725643,0.7174678288496222,69.12619004758643,0.75,480.0
lqr,random,300.0,1800.0,0.1,0.05,5.0,10.0,10.0,10.0,10,100.0,inf,cone,both,5000.0,10.0,0.01,30.0,0.01,256,20,3,0.5,0.1,0.99,10.0,256,20,0,128,96,2.5603940897927986,3.2435287070156105,30.039160956897547,168.87214430725643,0.7174678288496222,69.12619004758643,0.75,480.0
lqr,random,300.0,1800.0,0.1,0.05,5.0,inf,10.0,10.0,10,100.0,inf,cone,both,5000.0,10.0,0.01,30.0,0.01,256,20,3,0.5,0.1,0.99,10.0,256,20,0,128,96,2.5603940897927986,3.2435287070156105,30.039160956897547,168.87214430725643,0.7174678288496222,69.12619004758643,0.75,480.0
lqr,random,300.0,1800.0,0.1,0.075,5.0,1.25,10.0,10.0,10,100.0,inf,cone,both,5000.0,10.0,0.01,30.0,0.01,256,20,3,0.5,0.1,0.99,10.0,256,20,0,128,96,2.549348390383236,1.25,34.1544879554212,168.04775294808957,0.7189421528219079,76.67421410209982,0.75,460.0
lqr,random,300.0,1800.0,0.1,0.075,5.0,2.5,10.0,10.0,10,100.0,inf,cone,both,5000.0,10.0,0.01,30.0,0.01,256,20,3,0.5,0.1,0.99,10.0,256,20,0,128,94,2.6302281575066173,2.483653052378925,33.86040186116586,185.98466296562427,0.7139163727024375,81.40870525328988,0.734375,500.0
lqr,random,300.0,1800.0,0.1,0.075,5.0,3.75,10.0,10.0,10,100.0,inf,cone,both,5000.0,10.0,0.01,30.0,0.01,256,20,3,0.5,0.1,0.99,10.0,256,20,0,128,96,2.760685600806545,3.224311060283261,31.63933882528595,188.0559013217856,0.7222691509712074,81.99562756570302,0.75,515.0
lqr,random,300.0,1800.0,0.1,0.075,5.0,4.5,10.0,10.0,10,100.0,inf,cone,both,5000.0,10.0,0.01,30.0,0.01,256,20,3,0.5,0.1,0.99,10.0,256,20,0,128,94,2.75372868297355,3.535260061785913,32.678477447643544,211.62748115777444,0.7186141748366013,87.48405112731483,0.734375,505.0
lqr,random,300.0,1800.0,0.1,0.075,5.0,5.0,10.0,10.0,10,100.0,inf,cone,both,5000.0,10.0,0.01,30.0,0.01,256,20,3,0.5,0.1,0.99,10.0,256,20,0,128,94,2.77282175800608,3.709079548322918,32.28464472661004,212.5761558311576,0.7227846555533786,85.64689623439048,0.734375,505.0
lqr,random,300.0,1800.0,0.1,0.075,5.0,5.5,10.0,10.0,10,100.0,inf,cone,both,5000.0,10.0,0.01,30.0,0.01,256,20,3,0.5,0.1,0.99,10.0,256,20,0,128,93,2.7370596658995106,3.871665543134758,32.07798276355836,221.4661814190752,0.7193110656000917,88.11861527289734,0.7265625,500.0
lqr,random,300.0,1800.0,0.1,0.075,5.0,6.25,10.0,10.0,10,100.0,inf,cone,both,5000.0,10.0,0.01,30.0,0.01,256,20,3,0.5,0.1,0.99,10.0,256,20,0,128,94,2.7673577616866267,4.101709973884211,31.70923244711598,213.89364251924607,0.720152092613806,87.10088150364932,0.734375,505.0
lqr,random,300.0,1800.0,0.1,0.075,5.0,7.5,10.0,10.0,10,100.0,inf,cone,both,5000.0,10.0,0.01,30.0,0.01,256,20,3,0.5,0.1,0.99,10.0,256,20,0,128,93,2.7655905400629464,4.455583231270558,32.83682104297983,225.4748624365319,0.7210031591121371,88.160169269432,0.7265625,500.0
lqr,random,300.0,1800.0,0.1,0.075,5.0,10.0,10.0,10.0,10,100.0,inf,cone,both,5000.0,10.0,0.01,30.0,0.01,256,20,3,0.5,0.1,0.99,10.0,256,20,0,128,93,2.769369496663362,5.137193266263793,33.03106569330563,227.3117591818928,0.7209510510830553,88.25550113080072,0.7265625,500.0
lqr,random,300.0,1800.0,0.1,0.075,5.0,inf,10.0,10.0,10,100.0,inf,cone,both,5000.0,10.0,0.01,30.0,0.01,256,20,3,0.5,0.1,0.99,10.0,256,20,0,128,93,2.769369496663362,5.176032771500468,33.03343629076176,227.35661707670408,0.7209510510830553,88.25481536084501,0.7265625,500.0
lqr,random,300.0,1800.0,0.1,0.09,5.0,1.25,10.0,10.0,10,100.0,inf,cone,both,5000.0,10.0,0.01,30.0,0.01,256,20,3,0.5,0.1,0.99,10.0,256,20,0,128,95,2.5203886006967027,1.25,38.31192970918523,202.76835366730276,0.7121190718725152,89.33816188514163,0.7421875,460.0
lqr,random,300.0,1800.0,0.1,0.09,5.0,2.5,10.0,10.0,10,100.0,inf,cone,both,5000.0,10.0,0.01,30.0,0.01,256,20,3,0.5,0.1,0.99,10.0,256,20,0,128,94,2.689144566191417,2.5,36.14525570304012,217.50580440029083,0.7148132291792096,94.5959400789239,0.734375,510.0
lqr,random,300.0,1800.0,0.1,0.09,5.0,3.75,10.0,10.0,10,100.0,inf,cone,both,5000.0,10.0,0.01,30.0,0.01,256,20,3,0.5,0.1,0.99,10.0,256,20,0,128,93,2.7933885249105863,3.5395076477483483,35.6647777222136,227.63255348904784,0.7192748287008216,93.25253042243968,0.7265625,560.0
lqr,random,300.0,1800.0,0.1,0.09,5.0,4.5,10.0,10.0,10,100.0,inf,cone,both,5000.0,10.0,0.01,30.0,0.01,256,20,3,0.5,0.1,0.99,10.0,256,20,0,128,94,2.895837018898849,3.993017942742996,33.61477054373759,229.2941786272458,0.7243802243413672,94.33311947598686,0.734375,565.0
lqr,random,300.0,1800.0,0.1,0.09,5.0,5.0,10.0,10.0,10,100.0,inf,cone,both,5000.0,10.0,0.01,30.0,0.01,256,20,3,0.5,0.1,0.99,10.0,256,20,0,128,93,2.907821898896602,4.254667471358028,34.49950722503245,247.8462107067131,0.7215526925569078,99.5310056087169,0.7265625,560.0
lqr,random,300.0,1800.0,0.1,0.09,5.0,5.5,10.0,10.0,10,100.0,inf,cone,both,5000.0,10.0,0.01,30.0,0.01,256,20,3,0.5,0.1,0.99,10.0,256,20,0,128,93,2.916492993333289,4.485370005819081,35.512026758311734,250.62942009645008,0.7211731409125781,100.0309058084103,0.7265625,560.0
lqr,random,300.0,1800.0,0.1,0.09,5.0,6.25,10.0,10.0,10,100.0,inf,cone,both,5000.0,10.0,0.01,30.0,0.01,256,20,3,0.5,0.1,0.99,10.0,256,20,0,128,92,2.907816914312428,4.772195688861888,34.75573937181454,259.05881216928844,0.7204786287031905,101.43935741492984,0.71875,555.0
lqr,random,300.0,1800.0,0.1,0.09,5.0,7.5,10.0,10.0,10,100.0,inf,cone,both,5000.0,10.0,0.01,30.0,0.01,256,20,3,0.5,0.1,0.99,10.0,256,20,0,128,92,2.994883307165355,5.218332766021921,34.46302098817693,239.34312130817025,0.7248433630618634,96.39381472092064,0.71875,555.0
lqr,random,300.0,1800.0,0.1,0.09,5.0,10.0,10.0,10.0,10,100.0,inf,cone,both,5000.0,10.0,0.01,30.0,0.01,256,20,3,0.5,0.1,0.99,10.0,256,20,0,128,91,2.9798994359523965,5.978642472497779,35.9986159495347,255.2628533927707,0.7242102811653116,98.49335672399606,0.7109375,550.0
lqr,random,300.0,1800.0,0.1,0.09,5.0,inf,10.0,10.0,10,100.0,inf,cone,both,5000.0,10.0,0.01,30.0,0.01,256,20,3,0.5,0.1,0.99,10.0,256,20,0,128,91,2.98121878881764,6.594974408471946,35.97687743353548,258.9281457334829,0.7241668783875339,98.71767338349554,0.7109375,550.0
lqr,random,300.0,1800.0,0.1,0.1,5.0,1.25,10.0,10.0,10,100.0,inf,cone,both,5000.0,10.0,0.01,30.0,0.01,256,20,3,0.5,0.1,0.99,10.0,256,20,0,128,95,2.56243285713554,1.25,36.36773599106836,196.22465803648672,0.7163390439858713,88.81410949791577,0.7421875,460.0
lqr,random,300.0,1800.0,0.1,0.1,5.0,2.5,10.0,10.0,10,100.0,inf,cone,both,5000.0,10.0,0.01,30.0,0.01,256,20,3,0.5,0.1,0.99,10.0,256,20,0,128,94,2.659834971355161,2.5,37.26042289040932,240.4192553883023,0.7166600137287928,101.6620342789364,0.734375,500.0
lqr,random,300.0,1800.0,0.1,0.1,5.0,3.75,10.0,10.0,10,100.0,inf,cone,both,5000.0,10.0,0.01,30.0,0.01,256,20,3,0.5,0.1,0.99,10.0,256,20,0,128,92,2.824920029034832,3.664012588681472,37.735983477453566,256.6999116647441,0.7158961483141557,103.31155756786148,0.71875,575.0
lqr,random,300.0,1800.0,0.1,0.1,5.0,4.5,10.0,10.0,10,100.0,inf,cone,both,5000.0,10.0,0.01,30.0,0.01,256,20,3,0.5,0.1,0.99,10.0,256,20,0,128,93,2.956192372871275,4.191640200893661,36.040541258180525,250.23158028550745,0.724570442535325,100.41852069611566,0.7265625,650.0
lqr,random,300.0,1800.0,0.1,0.1,5.0,5.0,10.0,10.0,10,100.0,inf,cone,both,5000.0,10.0,0.01,30.0,0.01,256,20,3,0.5,0.1,0.99,10.0,256,20,0,128,94,3.0032633904387183,4.511595026800654,35.00805093133288,250.28907505708355,0.7247789578974287,102.48099559812148,0.734375,640.0
lqr,random,300.0,1800.0,0.1,0.1,5.0,5.5,10.0,10.0,10,100.0,inf,cone,both,5000.0,10.0,0.01,30.0,0.01,256,20,3,0.5,0.1,0.99,10.0,256,20,0,128,93,3.014409467156736,4.805658495813472,36.52051660434052,267.13281134213355,0.7176051957721062,109.62738916450247,0.7265625,630.0
lqr,random,300.0,1800.0,0.1,0.1,5.0,6.25,10.0,10.0,10,100.0,inf,cone,both,5000.0,10.0,0.01,30.0,0.01,256,20,3,0.5,0.1,0.99,10.0,256,20,0,128,92,3.057548035496968,5.19583602072797,37.39679810058532,277.6628163959475,0.7223458261430645,108.83945462810728,0.71875,630.0
lqr,random,300.0,1800.0,0.1,0.1,5.0,7.5,10.0,10.0,10,100.0,inf,cone,both,5000.0,10.0,0.01,30.0,0.01,256,20,3,0.5,0.1,0.99,10.0,256,20,0,128,92,3.1139920793468736,5.720196522362919,36.494866236455216,264.93877014235875,0.724133495716882,106.31305744892856,0.71875,630.0
lqr,random,300.0,1800.0,0.1,0.1,5.0,10.0,10.0,10.0,10,100.0,inf,cone,both,5000.0,10.0,0.01,30.0,0.01,256,20,3,0.5,0.1,0.99,10.0,256,20,0,128,86,3.147936996940531,6.612434283751958,37.795584474744246,282.2219524597546,0.7251057247150997,107.12032733383406,0.671875,615.0
lqr,random,300.0,1800.0,0.1,0.1,5.0,inf,10.0,10.0,10,100.0,inf,cone,both,5000.0,10.0,0.01,30.0,0.01,256,20,3,0.5,0.1,0.99,10.0,256,20,0,128,87,3.150240006343005,7.735498388494359,37.81881791785072,289.93806206751776,0.7251925302706552,107.40552965846128,0.6796875,620.0
lqr,random,300.0,1800.0,0.1,0.11,5.0,1.25,10.0,10.0,10,100.0,inf,cone,both,5000.0,10.0,0.01,30.0,0.01,256,20,3,0.5,0.1,0.99,10.0,256,20,0,128,95,2.593409308607925,1.25,37.256292773802016,200.73933771504275,0.7181652674551426,90.87333344378352,0.7421875,460.0
lqr,random,300.0,1800.0,0.1,0.11,5.0,2.5,10.0,10.0,10,100.0,inf,cone,both,5000.0,10.0,0.01,30.0,0.01,256,20,3,0.5,0.1,0.99,10.0,256,20,0,128,92,2.668839611641133,2.5,40.184720307217965,267.18234373877704,0.7155514614700047,110.63058441932628,0.71875,490.0
lqr,random,300.0,1800.0,0.1,0.11,5.0,3.75,10.0,10.0,10,100.0,inf,cone,both,5000.0,10.0,0.01,30.0,0.01,256,20,3,0.5,0.1,0.99,10.0,256,20,0,128,92,2.8348822683509094,3.721550086281877,37.504983729472976,255.21018289146423,0.7190419489389259,105.08502078342192,0.71875,570.0
lqr,random,300.0,1800.0,0.1,0.11,5.0,4.5,10.0,10.0,10,100.0,inf,cone,both,5000.0,10.0,0.01,30.0,0.01,256,20,3,0.5,0.1,0.99,10.0,256,20,0,128,92,2.937237706575392,4.328160135593889,37.507165413187984,268.070612110739,0.7215470496384404,107.20808871653122,0.71875,665.0
lqr,random,300.0,1800.0,0.1,0.11,5.0,5.0,10.0,10.0,10,100.0,inf,cone,both,5000.0,10.0,0.01,30.0,0.01,256,20,3,0.5,0.1,0.99,10.0,256,20,0,128,96,3.0921225894933144,4.687643573625794,35.21437250740647,249.97106776855185,0.7307916746791541,104.90470534619904,0.75,695.0
lqr,random,300.0,1800.0,0.1,0.11,5.0,5.5,10.0,10.0,10,100.0,inf,cone,both,5000.0,10.0,0.01,30.0,0.01,256,20,3,0.5,0.1,0.99,10.0,256,20,0,128,94,3.114260091666678,5.022921415842063,35.77685132645572,261.5621034908266,0.7265412712067054,108.05958381815752,0.734375,690.0
lqr,random,300.0,1800.0,0.1,0.11,5.0,6.25,10.0,10.0,10,100.0,inf,cone,both,5000.0,10.0,0.01,30.0,0.01,256,20,3,0.5,0.1,0.99,10.0,256,20,0,128,93,3.164854733645499,5.48619185514036,36.944544598037126,288.4642098455754,0.7234940541160607,116.6090395803007,0.7265625,700.0
lqr,random,300.0,1800.0,0.1,0.11,5.0,7.5,10.0,10.0,10,100.0,inf,cone,both,5000.0,10.0,0.01,30.0,0.01,256,20,3,0.5,0.1,0.99,10.0,256,20,0,128,93,3.248230195219494,6.138095947717716,36.84391080262301,293.14700876508124,0.7267507966003985,115.54986256299738,0.7265625,700.0
lqr,random,300.0,1800.0,0.1,0.11,5.0,10.0,10.0,10.0,10,100.0,inf,cone,both,5000.0,10.0,0.01,30.0,0.01,256,20,3,0.5,0.1,0.99,10.0,256,20,0,128,84,3.3004688950557304,7.18869821595455,37.78229616630561,300.7846366865423,0.726363375591518,113.87697877937474,0.65625,635.0
lqr,random,300.0,1800.0,0.1,0.11,5.0,inf,10.0,10.0,10,100.0,inf,cone,both,5000.0,10.0,0.01,30.0,0.01,256,20,3,0.5,0.1,0.99,10.0,256,20,0,128,82,3.3228731770001376,8.945232761688173,38.02120199470323,324.0755216993786,0.7290030248210395,114.38636243681611,0.640625,630.0
lqr,random,300.0,1800.0,0.1,0.125,5.0,1.25,10.0,10.0,10,100.0,inf,cone,both,5000.0,10.0,0.01,30.0,0.01,256,20,3,0.5,0.1,0.99,10.0,256,20,0,128,95,2.5228214409432224,1.25,40.29154097467514,229.50093819319437,0.7223896231527076,98.54814625194368,0.7421875,460.0
lqr,random,300.0,1800.0,0.1,0.125,5.0,2.5,10.0,10.0,10,100.0,inf,cone,both,5000.0,10.0,0.01,30.0,0.01,256,20,3,0.5,0.1,0.99,10.0,256,20,0,128,94,2.680794456493335,2.5,41.61946166487069,280.6730598545076,0.7257189137235557,118.04486914392578,0.734375,490.0
lqr,random,300.0,1800.0,0.1,0.125,5.0,3.75,10.0,10.0,10,100.0,inf,cone,both,5000.0,10.0,0.01,30.0,0.01,256,20,3,0.5,0.1,0.99,10.0,256,20,0,128,95,2.911060937578408,3.746951360123474,37.53750243804881,261.32663012628285,0.7350749107306253,111.2994165919538,0.7421875,570.0
lqr,random,300.0,1800.0,0.1,0.125,5.0,4.5,10.0,10.0,10,100.0,inf,cone,both,5000.0,10.0,0.01,30.0,0.01,256,20,3,0.5,0.1,0.99,10.0,256,20,0,128,94,3.0128972755645287,4.44172516233562,38.13348228001235,269.1035341775328,0.7342392528839221,111.00233745342948,0.734375,605.0
lqr,random,300.0,1800.0,0.1,0.125,5.0,5.0,10.0,10.0,10,100.0,inf,cone,both,5000.0,10.0,0.01,30.0,0.01,256,20,3,0.5,0.1,0.99,10.0,256,20,0,128,94,3.046273203089028,4.847407673661079,38.150266840913815,282.44017727971504,0.733656602443609,114.79175397546392,0.734375,675.0
lqr,random,300.0,1800.0,0.1,0.125,5.0,5.5,10.0,10.0,10,100.0,inf,cone,both,5000.0,10.0,0.01,30.0,0.01,256,20,3,0.5,0.1,0.99,10.0,256,20,0,128,94,3.1548330706229533,5.226551221551508,38.57866849093519,277.8061156367664,0.7367969386149974,114.32320839732564,0.734375,715.0
lqr,random,300.0,1800.0,0.1,0.125,5.0,6.25,10.0,10.0,10,100.0,inf,cone,both,5000.0,10.0,0.01,30.0,0.01,256,20,3,0.5,0.1,0.99,10.0,256,20,0,128,95,3.258415387169554,5.753502527843271,37.00949961556751,283.6641469507811,0.7368836079888644,116.80711776907606,0.7421875,730.0
lqr,random,300.0,1800.0,0.1,0.125,5.0,7.5,10.0,10.0,10,100.0,inf,cone,both,5000.0,10.0,0.01,30.0,0.01,256,20,3,0.5,0.1,0.99,10.0,256,20,0,128,95,3.381958443090178,6.54142024888542,38.38272375269968,302.555970556452,0.7361799228336101,122.4543519174526,0.7421875,730.0
lqr,random,300.0,1800.0,0.1,0.125,5.0,10.0,10.0,10.0,10,100.0,inf,cone,both,5000.0,10.0,0.01,30.0,0.01,256,20,3,0.5,0.1,0.99,10.0,256,20,0,128,77,3.512890982051892,7.828752762747551,38.65160449644453,339.11913037980463,0.7416001208922147,119.3374282361409,0.6015625,640.0
lqr,random,300.0,1800.0,0.1,0.125,5.0,inf,10.0,10.0,10,100.0,inf,cone,both,5000.0,10.0,0.01,30.0,0.01,256,20,3,0.5,0.1,0.99,10.0,256,20,0,128,73,3.536907677658753,10.81965041740221,38.80289433238284,384.6350812871381,0.741014538750926,121.8422344377764,0.5703125,630.0
lqr,random,300.0,1800.0,0.1,0.15,5.0,1.25,10.0,10.0,10,100.0,inf,cone,both,5000.0,10.0,0.01,30.0,0.01,256,20,3,0.5,0.1,0.99,10.0,256,20,0,128,95,2.584579675794413,1.25,40.61045912375919,234.48939791689776,0.7309575882645487,99.84728946417916,0.7421875,460.0
lqr,random,300.0,1800.0,0.1,0.15,5.0,2.5,10.0,10.0,10,100.0,inf,cone,both,5000.0,10.0,0.01,30.0,0.01,256,20,3,0.5,0.1,0.99,10.0,256,20,0,128,95,2.7297245690600755,2.5,44.87115100090586,309.4234891781613,0.7277729869330819,133.57678300022457,0.7421875,470.0
lqr,random,300.0,1800.0,0.1,0.15,5.0,3.75,10.0,10.0,10,100.0,inf,cone,both,5000.0,10.0,0.01,30.0,0.01,256,20,3,0.5,0.1,0.99,10.0,256,20,0,128,97,2.950847049808538,3.75,39.05410000281819,278.624911857606,0.7394715018904331,124.01423640732148,0.7578125,540.0
lqr,random,300.0,1800.0,0.1,0.15,5.0,4.5,10.0,10.0,10,100.0,inf,cone,both,5000.0,10.0,0.01,30.0,0.01,256,20,3,0.5,0.1,0.99,10.0,256,20,0,128,95,3.0627739804213587,4.4951725373540246,40.12001220541266,302.95302506967454,0.736117886472632,129.72594520418014,0.7421875,590.0
lqr,random,300.0,1800.0,0.1,0.15,5.0,5.0,10.0,10.0,10,100.0,inf,cone,both,5000.0,10.0,0.01,30.0,0.01,256,20,3,0.5,0.1,0.99,10.0,256,20,0,128,95,3.078655356720132,4.975726936546529,41.170136842614816,313.2898541237817,0.7318034518275496,133.10875644877902,0.7421875,610.0
lqr,random,300.0,1800.0,0.1,0.15,5.0,5.5,10.0,10.0,10,100.0,inf,cone,both,5000.0,10.0,0.01,30.0,0.01,256,20,3,0.5,0.1,0.99,10.0,256,20,0,128,93,3.200812042029745,5.425661099525337,41.468009486525176,324.83283860176056,0.7356919316520468,131.51197226280976,0.7265625,660.0
lqr,random,300.0,1800.0,0.1,0.15,5.0,6.25,10.0,10.0,10,100.0,inf,cone,both,5000.0,10.0,0.01,30.0,0.01,256,20,3,0.5,0.1,0.99,10.0,256,20,0,128,94,3.332241589500872,6.054470654421528,41.37237114331421,325.6993204334825,0.7365657079252091,133.35833291264674,0.734375,720.0
lqr,random,300.0,1800.0,0.1,0.15,5.0,7.5,10.0,10.0,10,100.0,inf,cone,both,5000.0,10.0,0.01,30.0,0.01,256,20,3,0.5,0.1,0.99,10.0,256,20,0,128,94,3.495886640625744,7.041520086334192,41.379467847700056,348.91367945863004,0.7350396134330925,139.18284949849888,0.734375,810.0
lqr,random,300.0,1800.0,0.1,0.15,5.0,10.0,10.0,10.0,10,100.0,inf,cone,both,5000.0,10.0,0.01,30.0,0.01,256,20,3,0.5,0.1,0.99,10.0,256,20,0,128,70,3.750795458951671,8.805845475928574,43.04076228726603,446.3744180804521,0.7362831423867301,150.86489030663853,0.546875,770.0
lqr,random,300.0,1800.0,0.1,0.15,5.0,inf,10.0,10.0,10,100.0,inf,cone,both,5000.0,10.0,0.01,30.0,0.01,256,20,3,0.5,0.1,0.99,10.0,256,20,0,128,54,3.82146252509933,14.782749028540591,43.47899716857173,565.942035731804,0.7400105080409357,147.81213819868847,0.421875,615.0
lqr,random,300.0,1800.0,0.1,0.2,5.0,1.25,10.0,10.0,10,100.0,inf,cone,both,5000.0,10.0,0.01,30.0,0.01,256,20,3,0.5,0.1,0.99,10.0,256,20,0,128,94,2.621807905572266,1.25,44.47545666155256,289.4636767998237,0.7316760076992753,123.0243258382611,0.734375,460.0
lqr,random,300.0,1800.0,0.1,0.2,5.0,2.5,10.0,10.0,10,100.0,inf,cone,both,5000.0,10.0,0.01,30.0,0.01,256,20,3,0.5,0.1,0.99,10.0,256,20,0,128,94,2.8664983148286045,2.5,45.3620670920821,333.7786020038612,0.7496490827420489,139.72763971906903,0.734375,470.0
lqr,random,300.0,1800.0,0.1,0.2,5.0,3.75,10.0,10.0,10,100.0,inf,cone,both,5000.0,10.0,0.01,30.0,0.01,256,20,3,0.5,0.1,0.99,10.0,256,20,0,128,93,2.9673750193664894,3.75,46.79608153956124,403.2705731514108,0.7387236633629989,167.9333560654674,0.7265625,510.0
lqr,random,300.0,1800.0,0.1,0.2,5.0,4.5,10.0,10.0,10,100.0,inf,cone,both,5000.0,10.0,0.01,30.0,0.01,256,20,3,0.5,0.1,0.99,10.0,256,20,0,128,93,3.048482158085526,4.5,46.29369234632504,421.2023233770483,0.7411504841238297,171.10210358480057,0.7265625,540.0
lqr,random,300.0,1800.0,0.1,0.2,5.0,5.0,10.0,10.0,10,100.0,inf,cone,both,5000.0,10.0,0.01,30.0,0.01,256,20,3,0.5,0.1,0.99,10.0,256,20,0,128,95,3.2109015399830976,5.0,44.69806221191544,384.55627687751127,0.7467248353603835,160.27347167573186,0.7421875,570.0
lqr,random,300.0,1800.0,0.1,0.2,5.0,5.5,10.0,10.0,10,100.0,inf,cone,both,5000.0,10.0,0.01,30.0,0.01,256,20,3,0.5,0.1,0.99,10.0,256,20,0,128,95,3.3124780490830545,5.5,43.64463209298516,382.5927580259273,0.7467368888253734,160.59841551390488,0.7421875,600.0
lqr,random,300.0,1800.0,0.1,0.2,5.0,6.25,10.0,10.0,10,100.0,inf,cone,both,5000.0,10.0,0.01,30.0,0.01,256,20,3,0.5,0.1,0.99,10.0,256,20,0,128,93,3.342709350969762,6.243659124639998,46.634108675492776,427.9127102168116,0.7395985120670101,170.5488049137099,0.7265625,640.0
lqr,random,300.0,1800.0,0.1,0.2,5.0,7.5,10.0,10.0,10,100.0,inf,cone,both,5000.0,10.0,0.01,30.0,0.01,256,20,3,0.5,0.1,0.99,10.0,256,20,0,128,91,3.571985134615953,7.4364310791253,48.04858396408401,473.1937467455012,0.720603536434551,189.2640123435281,0.7109375,730.0
lqr,random,300.0,1800.0,0.1,0.2,5.0,10.0,10.0,10.0,10,100.0,inf,cone,both,5000.0,10.0,0.01,30.0,0.01,256,20,3,0.5,0.1,0.99,10.0,256,20,0,128,66,3.92801532117928,9.620574276899005,50.15763176712936,581.047492226602,0.7129302694059587,200.3818366768797,0.515625,835.0
lqr,random,300.0,1800.0,0.1,0.2,5.0,inf,10.0,10.0,10,100.0,inf,cone,both,5000.0,10.0,0.01,30.0,0.01,256,20,3,0.5,0.1,0.99,10.0,256,20,0,128,26,4.026861666585022,23.207950474833947,52.59525860079031,1106.5130353857653,0.7138774671052631,222.6922327180134,0.203125,535.0
lqr,transverse,300.0,1800.0,0.1,0.025,5.0,1.25,10.0,10.0,10,100.0,inf,cone,both,5000.0,10.0,0.01,30.0,0.01,256,20,3,0.5,0.1,0.99,10.0,256,20,0,128,94,3.173333012210127,1.25,37.09902324198151,448.8075643703534,0.7638996617184936,153.9871897292409,0.734375,690.0
lqr,transverse,300.0,1800.0,0.1,0.025,5.0,2.5,10.0,10.0,10,100.0,inf,cone,both,5000.0,10.0,0.01,30.0,0.01,256,20,3,0.5,0.1,0.99,10.0,256,20,0,128,93,4.20828874975954,2.5,38.34865682035071,554.2177698145479,0.7634428879310344,183.2334839862236,0.7265625,1160.0
lqr,transverse,300.0,1800.0,0.1,0.025,5.0,3.75,10.0,10.0,10,100.0,inf,cone,both,5000.0,10.0,0.01,30.0,0.01,256,20,3,0.5,0.1,0.99,10.0,256,20,0,128,0,4.498005428232909,3.75,44.34989352460188,801.4151757991679,0.7644097222222223,185.0228155164222,0.0,
lqr,transverse,300.0,1800.0,0.1,0.025,5.0,4.5,10.0,10.0,10,100.0,inf,cone,both,5000.0,10.0,0.01,30.0,0.01,256,20,3,0.5,0.1,0.99,10.0,256,20,0,128,0,4.498005428232909,4.4999999999999964,44.34989352460188,836.7894758815291,0.7644097222222223,185.22045042035245,0.0,
lqr,transverse,300.0,1800.0,0.1,0.025,5.0,5.0,10.0,10.0,10,100.0,inf,cone,both,5000.0,10.0,0.01,30.0,0.01,256,20,3,0.5,0.1,0.99,10.0,256,20,0,128,0,4.498005428232909,4.4999999999999964,44.34989352460188,836.7894758815291,0.7644097222222223,185.22045042035245,0.0,
lqr,transverse,300.0,1800.0,0.1,0.025,5.0,5.5,10.0,10.0,10,100.0,inf,cone,both,5000.0,10.0,0.01,30.0,0.01,256,20,3,0.5,0.1,0.99,10.0,256,20,0,128,0,4.498005428232909,4.4999999999999964,44.34989352460188,836.7894758815291,0.7644097222222223,185.22045042035245,0.0,
lqr,transverse,300.0,1800.0,0.1,0.025,5.0,6.25,10.0,10.0,10,100.0,inf,cone,both,5000.0,10.0,0.01,30.0,0.01,256,20,3,0.5,0.1,0.99,10.0,256,20,0,128,0,4.498005428232909,4.4999999999999964,44.34989352460188,836.7894758815291,0.7644097222222223,185.22045042035245,0.0,
lqr,transverse,300.0,1800.0,0.1,0.025,5.0,7.5,10.0,10.0,10,100.0,inf,cone,both,5000.0,10.0,0.01,30.0,0.01,256,20,3,0.5,0.1,0.99,10.0,256,20,0,128,0,4.498005428232909,4.4999999999999964,44.34989352460188,836.7894758815291,0.7644097222222223,185.22045042035245,0.0,
lqr,transverse,300.0,1800.0,0.1,0.025,5.0,10.0,10.0,10.0,10,100.0,inf,cone,both,5000.0,10.0,0.01,30.0,0.01,256,20,3,0.5,0.1,0.99,10.0,256,20,0,128,0,4.498005428232909,4.4999999999999964,44.34989352460188,836.7894758815291,0.7644097222222223,185.22045042035245,0.0,
lqr,transverse,300.0,1800.0,0.1,0.025,5.0,inf,10.0,10.0,10,100.0,inf,cone,both,5000.0,10.0,0.01,30.0,0.01,256,20,3,0.5,0.1,0.99,10.0,256,20,0,128,0,4.498005428232909,4.4999999999999964,44.34989352460188,836.7894758815291,0.7644097222222223,185.22045042035245,0.0,
lqr,transverse,300.0,1800.0,0.1,0.05,5.0,1.25,10.0,10.0,10,100.0,inf,cone,both,5000.0,10.0,0.01,30.0,0.01,256,20,3,0.5,0.1,0.99,10.0,256,20,0,128,99,3.171686814336927,1.25,44.54846521265575,494.066169861398,0.8045791425998314,161.6966425126972,0.7734375,520.0
lqr,transverse,300.0,1800.0,0.1,0.05,5.0,2.5,10.0,10.0,10,100.0,inf,cone,both,5000.0,10.0,0.01,30.0,0.01,256,20,3,0.5,0.1,0.99,10.0,256,20,0,128,98,4.140599960983164,2.5,45.93674827188814,880.4534010526004,0.786453588900135,284.1461951393794,0.765625,760.0
lqr,transverse,300.0,1800.0,0.1,0.05,5.0,3.75,10.0,10.0,10,100.0,inf,cone,both,5000.0,10.0,0.01,30.0,0.01,256,20,3,0.5,0.1,0.99,10.0,256,20,0,128,0,4.519153479888371,3.75,66.88314606457892,1627.215319681645,0.7884982638888889,313.4651239396303,0.0,
lqr,transverse,300.0,1800.0,0.1,0.05,5.0,4.5,10.0,10.0,10,100.0,inf,cone,both,5000.0,10.0,0.01,30.0,0.01,256,20,3,0.5,0.1,0.99,10.0,256,20,0,128,0,4.519153479888371,4.5,66.88314606457892,2046.9335732565964,0.7885850694444444,318.6144098448443,0.0,
lqr,transverse,300.0,1800.0,0.1,0.05,5.0,5.0,10.0,10.0,10,100.0,inf,cone,both,5000.0,10.0,0.01,30.0,0.01,256,20,3,0.5,0.1,0.99,10.0,256,20,0,128,0,4.519153479888371,5.0,66.88314606457892,2235.017449281595,0.7884982638888889,320.802004765664,0.0,
lqr,transverse,300.0,1800.0,0.1,0.05,5.0,5.5,10.0,10.0,10,100.0,inf,cone,both,5000.0,10.0,0.01,30.0,0.01,256,20,3,0.5,0.1,0.99,10.0,256,20,0,128,0,4.519153479888371,5.5,66.88314606457892,2384.64338694288,0.7884114583333334,322.61494339176727,0.0,
lqr,transverse,300.0,1800.0,0.1,0.05,5.0,6.25,10.0,10.0,10,100.0,inf,cone,both,5000.0,10.0,0.01,30.0,0.01,256,20,3,0.5,0.1,0.99,10.0,256,20,0,128,0,4.519153479888371,6.25,66.88314606457892,2555.8576571011818,0.7883680555555556,324.5439609732172,0.0,
lqr,transverse,300.0,1800.0,0.1,0.05,5.0,7.5,10.0,10.0,10,100.0,inf,cone,both,5000.0,10.0,0.01,30.0,0.01,256,20,3,0.5,0.1,0.99,10.0,256,20,0,128,0,4.519153479888371,7.5,66.88314606457892,2724.2700124502308,0.7883246527777777,326.3997904672156,0.0,
lqr,transverse,300.0,1800.0,0.1,0.05,5.0,10.0,10.0,10.0,10,100.0,inf,cone,both,5000.0,10.0,0.01,30.0,0.01,256,20,3,0.5,0.1,0.99,10.0,256,20,0,128,0,4.519153479888371,8.999999999999993,66.88314606457892,2773.9535360394,0.7883246527777777,327.5181753088909,0.0,
lqr,transverse,300.0,1800.0,0.1,0.05,5.0,inf,10.0,10.0,10,100.0,inf,cone,both,5000.0,10.0,0.01,30.0,0.01,256,20,3,0.5,0.1,0.99,10.0,256,20,0,128,0,4.519153479888371,8.999999999999993,66.88314606457892,2773.9535360394,0.7883246527777777,327.5181753088909,0.0,
lqr,transverse,300.0,1800.0,0.1,0.075,5.0,1.25,10.0,10.0,10,100.0,inf,cone,both,5000.0,10.0,0.01,30.0,0.01,256,20,3,0.5,0.1,0.99,10.0,256,20,0,128,98,3.26051995107914,1.25,51.3018987982453,491.10134254970006,0.8164920458865399,161.37630441214986,0.765625,480.0
lqr,transverse,300.0,1800.0,0.1,0.075,5.0,2.5,10.0,10.0,10,100.0,inf,cone,both,5000.0,10.0,0.01,30.0,0.01,256,20,3,0.5,0.1,0.99,10.0,256,20,0,128,98,4.2428227122478575,2.5,52.29856498879648,1075.5829009432014,0.7949232091763783,333.91287489880585,0.765625,700.0
lqr,transverse,300.0,1800.0,0.1,0.075,5.0,3.75,10.0,10.0,10,100.0,inf,cone,both,5000.0,10.0,0.01,30.0,0.01,256,20,3,0.5,0.1,0.99,10.0,256,20,0,128,0,4.519153479888371,3.75,103.79969991361718,2006.7335377160823,0.7862413194444444,422.0190569773074,0.0,
lqr,transverse,300.0,1800.0,0.1,0.075,5.0,4.5,10.0,10.0,10,100.0,inf,cone,both,5000.0,10.0,0.01,30.0,0.01,256,20,3,0.5,0.1,0.99,10.0,256,20,0,128,0,4.519153479888371,4.5,103.93226128606264,2841.301473694682,0.7857204861111111,438.0991222048231,0.0,
lqr,transverse,300.0,1800.0,0.1,0.075,5.0,5.0,10.0,10.0,10,100.0,inf,cone,both,5000.0,10.0,0.01,30.0,0.01,256,20,3,0.5,0.1,0.99,10.0,256,20,0,128,0,4.499535534962168,5.0,103.93226128606264,3237.405606857005,0.7822916666666667,462.8449930425189,0.0,
lqr,transverse,300.0,1800.0,0.1,0.075,5.0,5.5,10.0,10.0,10,100.0,inf,cone,both,5000.0,10.0,0.01,30.0,0.01,256,20,3,0.5,0.1,0.99,10.0,256,20,0,128,0,4.499535534962168,5.5,103.93226128606264,3538.434740590487,0.7823350694444444,468.1687989049003,0.0,
lqr,transverse,300.0,1800.0,0.1,0.075,5.0,6.25,10.0,10.0,10,100.0,inf,cone,both,5000.0,10.0,0.01,30.0,0.01,256,20,3,0.5,0.1,0.99,10.0,256,20,0,128,0,4.499535534962168,6.25,103.93226128606264,3919.990516310165,0.7821614583333333,474.1862620473901,0.0,
lqr,transverse,300.0,1800.0,0.1,0.075,5.0,7.5,10.0,10.0,10,100.0,inf,cone,both,5000.0,10.0,0.01,30.0,0.01,256,20,3,0.5,0.1,0.99,10.0,256,20,0,128,0,4.499535534962168,7.5,103.93226128606264,4432.5163877193145,0.7779947916666666,481.5072350880542,0.0,
lqr,transverse,300.0,1800.0,0.1,0.075,5.0,10.0,10.0,10.0,10,100.0,inf,cone,both,5000.0,10.0,0.01,30.0,0.01,256,20,3,0.5,0.1,0.99,10.0,256,20,0,128,0,4.499535534962168,10.0,103.93226128606264,5052.811583475557,0.7706163194444444,490.8776028316909,0.0,
lqr,transverse,300.0,1800.0,0.1,0.075,5.0,inf,10.0,10.0,10,100.0,inf,cone,both,5000.0,10.0,0.01,30.0,0.01,256,20,3,0.5,0.1,0.99,10.0,256,20,0,128,0,4.499535534962168,13.49999999999996,103.93226128606264,5257.185410323522,0.7686197916666667,498.2135153915845,0.0,
lqr,transverse,300.0,1800.0,0.1,0.09,5.0,1.25,10.0,10.0,10,100.0,inf,cone,both,5000.0,10.0,0.01,30.0,0.01,256,20,3,0.5,0.1,0.99,10.0,256,20,0,128,98,3.257188703193218,1.25,54.56929620606986,500.8180566976228,0.8171151320606681,167.87589105727446,0.765625,470.0
lqr,transverse,300.0,1800.0,0.1,0.09,5.0,2.5,10.0,10.0,10,100.0,inf,cone,both,5000.0,10.0,0.01,30.0,0.01,256,20,3,0.5,0.1,0.99,10.0,256,20,0,128,98,4.362858174401475,2.5,55.27190867013508,1153.1742287598345,0.7979886025572361,355.20557903589656,0.765625,700.0
lqr,transverse,300.0,1800.0,0.1,0.09,5.0,3.75,10.0,10.0,10,100.0,inf,cone,both,5000.0,10.0,0.01,30.0,0.01,256,20,3,0.5,0.1,0.99,10.0,256,20,0,128,0,4.519153479888371,3.75,127.75865782993962,2079.031471232662,0.7842881944444444,472.14900358571504,0.0,
lqr,transverse,300.0,1800.0,0.1,0.09,5.0,4.5,10.0,10.0,10,100.0,inf,cone,both,5000.0,10.0,0.01,30.0,0.01,256,20,3,0.5,0.1,0.99,10.0,256,20,0,128,0,4.519153479888371,4.5,128.22203316328452,3023.080939759582,0.7835069444444445,496.7137724491296,0.0,
lqr,transverse,300.0,1800.0,0.1,0.09,5.0,5.0,10.0,10.0,10,100.0,inf,cone,both,5000.0,10.0,0.01,30.0,0.01,256,20,3,0.5,0.1,0.99,10.0,256,20,0,128,0,4.519153479888371,5.0,128.22203316328452,3567.947174798928,0.7832899305555555,507.5262194627308,0.0,
lqr,transverse,300.0,1800.0,0.1,0.09,5.0,5.5,10.0,10.0,10,100.0,inf,cone,both,5000.0,10.0,0.01,30.0,0.01,256,20,3,0.5,0.1,0.99,10.0,256,20,0,128,0,4.499535534962168,5.5,128.22203316328452,4020.7066360657095,0.7805121527777777,536.5502675414507,0.0,
lqr,transverse,300.0,1800.0,0.1,0.09,5.0,6.25,10.0,10.0,10,100.0,inf,cone,both,5000.0,10.0,0.01,30.0,0.01,256,20,3,0.5,0.1,0.99,10.0,256,20,0,128,0,4.499535534962168,6.25,128.22203316328452,4519.732605561496,0.7793402777777778,546.0135836043436,0.0,
lqr,transverse,300.0,1800.0,0.1,0.09,5.0,7.5,10.0,10.0,10,100.0,inf,cone,both,5000.0,10.0,0.01,30.0,0.01,256,20,3,0.5,0.1,0.99,10.0,256,20,0,128,0,4.499535534962168,7.5,128.22203316328452,5140.924195134478,0.7675347222222222,556.784054969406,0.0,
lqr,transverse,300.0,1800.0,0.1,0.09,5.0,10.0,10.0,10.0,10,100.0,inf,cone,both,5000.0,10.0,0.01,30.0,0.01,256,20,3,0.5,0.1,0.99,10.0,256,20,0,128,0,4.499535534962168,10.0,128.22203316328452,6016.39400519789,0.7413194444444444,572.5030229041598,0.0,
lqr,transverse,300.0,1800.0,0.1,0.09,5.0,inf,10.0,10.0,10,100.0,inf,cone,both,5000.0,10.0,0.01,30.0,0.01,256,20,3,0.5,0.1,0.99,10.0,256,20,0,128,0,4.499535534962168,16.19999999999998,128.22203316328452,6672.69200693687,0.7257378472222222,600.105594364573,0.0,
lqr,transverse,300.0,1800.0,0.1,0.1,5.0,1.25,10.0,10.0,10,100.0,inf,cone,both,5000.0,10.0,0.01,30.0,0.01,256,20,3,0.5,0.1,0.99,10.0,256,20,0,128,98,3.249893358488079,1.25,55.6952845118981,505.6686979646008,0.8173807286029198,170.08832270372565,0.765625,480.0
lqr,transverse,300.0,1800.0,0.1,0.1,5.0,2.5,10.0,10.0,10,100.0,inf,cone,both,5000.0,10.0,0.01,30.0,0.01,256,20,3,0.5,0.1,0.99,10.0,256,20,0,128,98,4.423409602572876,2.5,56.90271877002326,1195.699320445422,0.7973017204960289,369.1812299559475,0.765625,710.0
lqr,transverse,300.0,1800.0,0.1,0.1,5.0,3.75,10.0,10.0,10,100.0,inf,cone,both,5000.0,10.0,0.01,30.0,0.01,256,20,3,0.5,0.1,0.99,10.0,256,20,0,128,0,4.540086591105398,3.75,144.33017550643547,2120.5915473818977,0.7858506944444444,486.8192238487362,0.0,
lqr,transverse,300.0,1800.0,0.1,0.1,5.0,4.5,10.0,10.0,10,100.0,inf,cone,both,5000.0,10.0,0.01,30.0,0.01,256,20,3,0.5,0.1,0.99,10.0,256,20,0,128,0,4.519153479888371,4.5,145.4196302182961,3073.7354548602148,0.7822482638888889,530.1160102723974,0.0,
lqr,transverse,300.0,1800.0,0.1,0.1,5.0,5.0,10.0,10.0,10,100.0,inf,cone,both,5000.0,10.0,0.01,30.0,0.01,256,20,3,0.5,0.1,0.99,10.0,256,20,0,128,0,4.519153479888371,5.0,145.4196302182961,3672.8435861032704,0.78203125,544.0878801834123,0.0,
lqr,transverse,300.0,1800.0,0.1,0.1,5.0,5.5,10.0,10.0,10,100.0,inf,cone,both,5000.0,10.0,0.01,30.0,0.01,256,20,3,0.5,0.1,0.99,10.0,256,20,0,128,0,4.519153479888371,5.5,145.4196302182961,4193.35870299405,0.7819010416666666,554.797219428367,0.0,
lqr,transverse,300.0,1800.0,0.1,0.1,5.0,6.25,10.0,10.0,10,100.0,inf,cone,both,5000.0,10.0,0.01,30.0,0.01,256,20,3,0.5,0.1,0.99,10.0,256,20,0,128,0,4.499535534962168,6.25,145.4196302182961,4824.543890767746,0.7777777777777778,589.2998438308434,0.0,
lqr,transverse,300.0,1800.0,0.1,0.1,5.0,7.5,10.0,10.0,10,100.0,inf,cone,both,5000.0,10.0,0.01,30.0,0.01,256,20,3,0.5,0.1,0.99,10.0,256,20,0,128,0,4.499535534962168,7.5,145.4196302182961,5553.592320126593,0.7563802083333333,603.5791926120643,0.0,
lqr,transverse,300.0,1800.0,0.1,0.1,5.0,10.0,10.0,10.0,10,100.0,inf,cone,both,5000.0,10.0,0.01,30.0,0.01,256,20,3,0.5,0.1,0.99,10.0,256,20,0,128,0,4.499535534962168,10.0,145.4196302182961,6543.767946656051,0.720703125,623.5864212254238,0.0,
lqr,transverse,300.0,1800.0,0.1,0.1,5.0,inf,10.0,10.0,10,100.0,inf,cone,both,5000.0,10.0,0.01,30.0,0.01,256,20,3,0.5,0.1,0.99,10.0,256,20,0,128,0,4.499535534962168,17.999999999999986,145.4196302182961,7570.855296596376,0.6850694444444444,673.3429449289852,0.0,
lqr,transverse,300.0,1800.0,0.1,0.11,5.0,1.25,10.0,10.0,10,100.0,inf,cone,both,5000.0,10.0,0.01,30.0,0.01,256,20,3,0.5,0.1,0.99,10.0,256,20,0,128,98,3.2606569533101792,1.25,56.74718271058374,499.9199809771917,0.8201545076696459,164.86649607237845,0.765625,480.0
lqr,transverse,300.0,1800.0,0.1,0.11,5.0,2.5,10.0,10.0,10,100.0,inf,cone,both,5000.0,10.0,0.01,30.0,0.01,256,20,3,0.5,0.1,0.99,10.0,256,20,0,128,98,4.485809456336918,2.5,58.45476223783041,1219.5491556601078,0.798793899000931,366.2894188573377,0.765625,710.0
lqr,transverse,300.0,1800.0,0.1,0.11,5.0,3.75,10.0,10.0,10,100.0,inf,cone,both,5000.0,10.0,0.01,30.0,0.01,256,20,3,0.5,0.1,0.99,10.0,256,20,0,128,0,4.540086591105398,3.75,159.75002813191122,2173.834918654892,0.784375,512.1539255952832,0.0,
lqr,transverse,300.0,1800.0,0.1,0.11,5.0,4.5,10.0,10.0,10,100.0,inf,cone,both,5000.0,10.0,0.01,30.0,0.01,256,20,3,0.5,0.1,0.99,10.0,256,20,0,128,0,4.519153479888371,4.5,161.56290875044803,3128.683367744015,0.780078125,562.7762387735835,0.0,
lqr,transverse,300.0,1800.0,0.1,0.11,5.0,5.0,10.0,10.0,10,100.0,inf,cone,both,5000.0,10.0,0.01,30.0,0.01,256,20,3,0.5,0.1,0.99,10.0,256,20,0,128,0,4.519153479888371,5.0,161.56290875044803,3749.0969160301647,0.7810763888888889,579.740822755893,0.0,
lqr,transverse,300.0,1800.0,0.1,0.11,5.0,5.5,10.0,10.0,10,100.0,inf,cone,both,5000.0,10.0,0.01,30.0,0.01,256,20,3,0.5,0.1,0.99,10.0,256,20,0,128,0,4.519153479888371,5.5,161.56290875044803,4325.758914352267,0.7809027777777777,592.4545930173016,0.0,
lqr,transverse,300.0,1800.0,0.1,0.11,5.0,6.25,10.0,10.0,10,100.0,inf,cone,both,5000.0,10.0,0.01,30.0,0.01,256,20,3,0.5,0.1,0.99,10.0,256,20,0,128,0,4.499535534962168,6.25,161.56290875044803,5073.999299083695,0.77578125,631.3224633451978,0.0,
lqr,transverse,300.0,1800.0,0.1,0.11,5.0,7.5,10.0,10.0,10,100.0,inf,cone,both,5000.0,10.0,0.01,30.0,0.01,256,20,3,0.5,0.1,0.99,10.0,256,20,0,128,0,4.499535534962168,7.5,161.56290875044803,5951.545900851948,0.7433159722222222,649.7383792011792,0.0,
lqr,transverse,300.0,1800.0,0.1,0.11,5.0,10.0,10.0,10.0,10,100.0,inf,cone,both,5000.0,10.0,0.01,30.0,0.01,256,20,3,0.5,0.1,0.99,10.0,256,20,0,128,0,4.499535534962168,10.0,161.56290875044803,7067.4339819303705,0.6947048611111111,674.1131407715153,0.0,
lqr,transverse,300.0,1800.0,0.1,0.11,5.0,inf,10.0,10.0,10,100.0,inf,cone,both,5000.0,10.0,0.01,30.0,0.01,256,20,3,0.5,0.1,0.99,10.0,256,20,0,128,0,4.499535534962168,19.79999999999995,161.56290875044803,8489.883196395882,0.6460069444444444,760.0109241957165,0.0,
lqr,transverse,300.0,1800.0,0.1,0.125,5.0,1.25,10.0,10.0,10,100.0,inf,cone,both,5000.0,10.0,0.01,30.0,0.01,256,20,3,0.5,0.1,0.99,10.0,256,20,0,128,98,3.253249387158962,1.25,57.90497234191866,503.2346962694604,0.8206832174407306,166.59438257380413,0.765625,480.0
lqr,transverse,300.0,1800.0,0.1,0.125,5.0,2.5,10.0,10.0,10,100.0,inf,cone,both,5000.0,10.0,0.01,30.0,0.01,256,20,3,0.5,0.1,0.99,10.0,256,20,0,128,98,4.561738337890336,2.5,60.42454109090343,1232.9004851787738,0.8033726459268797,354.67691923564325,0.765625,710.0
lqr,transverse,300.0,1800.0,0.1,0.125,5.0,3.75,10.0,10.0,10,100.0,inf,cone,both,5000.0,10.0,0.01,30.0,0.01,256,20,3,0.5,0.1,0.99,10.0,256,20,0,128,0,4.540086591105398,3.75,179.80052143948785,2227.3200510631677,0.7825086805555556,543.497417793139,0.0,
lqr,transverse,300.0,1800.0,0.1,0.125,5.0,4.5,10.0,10.0,10,100.0,inf,cone,both,5000.0,10.0,0.01,30.0,0.01,256,20,3,0.5,0.1,0.99,10.0,256,20,0,128,0,4.519153479888371,4.5,182.46895856190503,3184.345241132032,0.7782552083333333,603.1201954363254,0.0,
lqr,transverse,300.0,1800.0,0.1,0.125,5.0,5.0,10.0,10.0,10,100.0,inf,cone,both,5000.0,10.0,0.01,30.0,0.01,256,20,3,0.5,0.1,0.99,10.0,256,20,0,128,0,4.519153479888371,5.0,182.46895856190503,3825.590348818128,0.7776041666666667,625.1456247108191,0.0,
lqr,transverse,300.0,1800.0,0.1,0.125,5.0,5.5,10.0,10.0,10,100.0,inf,cone,both,5000.0,10.0,0.01,30.0,0.01,256,20,3,0.5,0.1,0.99,10.0,256,20,0,128,0,4.519153479888371,5.5,182.46895856190503,4434.577515053172,0.7774305555555555,642.3684193508806,0.0,
lqr,transverse,300.0,1800.0,0.1,0.125,5.0,6.25,10.0,10.0,10,100.0,inf,cone,both,5000.0,10.0,0.01,30.0,0.01,256,20,3,0.5,0.1,0.99,10.0,256,20,0,128,0,4.499535534962168,6.25,182.46895856190503,5291.062443325933,0.7713107638888889,687.8238743668539,0.0,
lqr,transverse,300.0,1800.0,0.1,0.125,5.0,7.5,10.0,10.0,10,100.0,inf,cone,both,5000.0,10.0,0.01,30.0,0.01,256,20,3,0.5,0.1,0.99,10.0,256,20,0,128,0,4.499535534962168,7.5,182.46895856190503,6410.358626303439,0.7283854166666667,713.0816863833307,0.0,
lqr,transverse,300.0,1800.0,0.1,0.125,5.0,10.0,10.0,10.0,10,100.0,inf,cone,both,5000.0,10.0,0.01,30.0,0.01,256,20,3,0.5,0.1,0.99,10.0,256,20,0,128,0,4.499535534962168,10.0,182.46895856190503,7801.490779941213,0.6591145833333333,745.3140757850791,0.0,
lqr,transverse,300.0,1800.0,0.1,0.125,5.0,inf,10.0,10.0,10,100.0,inf,cone,both,5000.0,10.0,0.01,30.0,0.01,256,20,3,0.5,0.1,0.99,10.0,256,20,0,128,0,4.499535534962168,22.5,182.46895856190503,9868.991528973524,0.5977864583333333,916.168065059276,0.0,
lqr,transverse,300.0,1800.0,0.1,0.15,5.0,1.25,10.0,10.0,10,100.0,inf,cone,both,5000.0,10.0,0.01,30.0,0.01,256,20,3,0.5,0.1,0.99,10.0,256,20,0,128,98,3.291986481483404,1.25,59.3817133133718,485.01547070560383,0.8267059123675488,153.7514241012379,0.765625,480.0
lqr,transverse,300.0,1800.0,0.1,0.15,5.0,2.5,10.0,10.0,10,100.0,inf,cone,both,5000.0,10.0,0.01,30.0,0.01,256,20,3,0.5,0.1,0.99,10.0,256,20,0,128,98,4.651066011754906,2.5,63.1412842627928,1234.1690899748717,0.8097144152012532,335.45182687257864,0.765625,710.0
lqr,transverse,300.0,1800.0,0.1,0.15,5.0,3.75,10.0,10.0,10,100.0,inf,cone,both,5000.0,10.0,0.01,30.0,0.01,256,20,3,0.5,0.1,0.99,10.0,256,20,0,128,1,4.559597680747058,3.75,204.5182974751398,2283.329719054977,0.782421875,569.9659400300219,0.0078125,690.0
lqr,transverse,300.0,1800.0,0.1,0.15,5.0,4.5,10.0,10.0,10,100.0,inf,cone,both,5000.0,10.0,0.01,30.0,0.01,256,20,3,0.5,0.1,0.99,10.0,256,20,0,128,0,4.540086591105398,4.5,209.0678603919524,3246.2080588857034,0.777734375,643.4573953716232,0.0,
lqr,transverse,300.0,1800.0,0.1,0.15,5.0,5.0,10.0,10.0,10,100.0,inf,cone,both,5000.0,10.0,0.01,30.0,0.01,256,20,3,0.5,0.1,0.99,10.0,256,20,0,128,0,4.519153479888371,5.0,209.5276404551368,3927.5044796311327,0.7756510416666667,690.9328417144368,0.0,
lqr,transverse,300.0,1800.0,0.1,0.15,5.0,5.5,10.0,10.0,10,100.0,inf,cone,both,5000.0,10.0,0.01,30.0,0.01,256,20,3,0.5,0.1,0.99,10.0,256,20,0,128,0,4.519153479888371,5.5,209.5276404551368,4568.927388564521,0.7751302083333333,715.0897917463745,0.0,
lqr,transverse,300.0,1800.0,0.1,0.15,5.0,6.25,10.0,10.0,10,100.0,inf,cone,both,5000.0,10.0,0.01,30.0,0.01,256,20,3,0.5,0.1,0.99,10.0,256,20,0,128,0,4.519153479888371,6.25,209.5276404551368,5472.823126130821,0.7658420138888888,743.311632449249,0.0,
lqr,transverse,300.0,1800.0,0.1,0.15,5.0,7.5,10.0,10.0,10,100.0,inf,cone,both,5000.0,10.0,0.01,30.0,0.01,256,20,3,0.5,0.1,0.99,10.0,256,20,0,128,0,4.499535534962168,7.5,209.5276404551368,6842.172638477142,0.7114149305555556,808.8442318704551,0.0,
lqr,transverse,300.0,1800.0,0.1,0.15,5.0,10.0,10.0,10.0,10,100.0,inf,cone,both,5000.0,10.0,0.01,30.0,0.01,256,20,3,0.5,0.1,0.99,10.0,256,20,0,128,0,4.499535534962168,10.0,209.5276404551368,8793.154936006596,0.6131944444444445,858.3412305845986,0.0,
lqr,transverse,300.0,1800.0,0.1,0.15,5.0,inf,10.0,10.0,10,100.0,inf,cone,both,5000.0,10.0,0.01,30.0,0.01,256,20,3,0.5,0.1,0.99,10.0,256,20,0,128,0,4.499535534962168,26.99999999999992,209.5276404551368,12169.15293152113,0.5368923611111112,1229.2882826286875,0.0,
lqr,transverse,300.0,1800.0,0.1,0.2,5.0,1.25,10.0,10.0,10,100.0,inf,cone,both,5000.0,10.0,0.01,30.0,0.01,256,20,3,0.5,0.1,0.99,10.0,256,20,0,128,98,3.3039817916920717,1.25,61.30065969299057,490.52415415438406,0.8274317263137139,156.28848796076966,0.765625,480.0
lqr,transverse,300.0,1800.0,0.1,0.2,5.0,2.5,10.0,10.0,10,100.0,inf,cone,both,5000.0,10.0,0.01,30.0,0.01,256,20,3,0.5,0.1,0.99,10.0,256,20,0,128,98,4.71717815015367,2.5,67.08676774780973,1244.522699916278,0.813101613151129,338.8318359333844,0.765625,700.0
lqr,transverse,300.0,1800.0,0.1,0.2,5.0,3.75,10.0,10.0,10,100.0,inf,cone,both,5000.0,10.0,0.01,30.0,0.01,256,20,3,0.5,0.1,0.99,10.0,256,20,0,128,1,4.57917008204798,3.75,225.64489846769249,2395.6940873397657,0.78671875,613.5998007736207,0.0078125,700.0
lqr,transverse,300.0,1800.0,0.1,0.2,5.0,4.5,10.0,10.0,10,100.0,inf,cone,both,5000.0,10.0,0.01,30.0,0.01,256,20,3,0.5,0.1,0.99,10.0,256,20,0,128,0,4.5407943434968425,4.5,241.1142774274249,3358.921601564313,0.7746527777777777,725.3643619729615,0.0,
lqr,transverse,300.0,1800.0,0.1,0.2,5.0,5.0,10.0,10.0,10,100.0,inf,cone,both,5000.0,10.0,0.01,30.0,0.01,256,20,3,0.5,0.1,0.99,10.0,256,20,0,128,0,4.521283253855183,5.0,242.126771871664,4115.402819382381,0.7725694444444444,787.9649756686152,0.0,
lqr,transverse,300.0,1800.0,0.1,0.2,5.0,5.5,10.0,10.0,10,100.0,inf,cone,both,5000.0,10.0,0.01,30.0,0.01,256,20,3,0.5,0.1,0.99,10.0,256,20,0,128,0,4.521283253855183,5.5,242.91630161381596,4817.532800327909,0.7733506944444445,827.6663023937242,0.0,
lqr,transverse,300.0,1800.0,0.1,0.2,5.0,6.25,10.0,10.0,10,100.0,inf,cone,both,5000.0,10.0,0.01,30.0,0.01,256,20,3,0.5,0.1,0.99,10.0,256,20,0,128,0,4.500350142638156,6.25,242.91630161381596,5815.101886206279,0.7607638888888889,895.5310965121945,0.0,
lqr,transverse,300.0,1800.0,0.1,0.2,5.0,7.5,10.0,10.0,10,100.0,inf,cone,both,5000.0,10.0,0.01,30.0,0.01,256,20,3,0.5,0.1,0.99,10.0,256,20,0,128,0,4.479751952665291,7.5,242.91630161381596,7332.792599146515,0.7022135416666666,993.2830803843044,0.0,
lqr,transverse,300.0,1800.0,0.1,0.2,5.0,10.0,10.0,10.0,10,100.0,inf,cone,both,5000.0,10.0,0.01,30.0,0.01,256,20,3,0.5,0.1,0.99,10.0,256,20,0,128,0,4.460134007739088,10.0,242.91630161381596,9949.768999324777,0.5821180555555555,1121.3930164343085,0.0,
lqr,transverse,300.0,1800.0,0.1,0.2,5.0,inf,10.0,10.0,10,100.0,inf,cone,both,5000.0,10.0,0.01,30.0,0.01,256,20,3,0.5,0.1,0.99,10.0,256,20,0,128,0,4.480732197711952,35.99999999999997,242.91630161381596,16654.30252719855,0.4580295138888889,2049.2777557092154,0.0,
mppi_flee,flee,300.0,1800.0,0.1,0.025,5.0,1.25,10.0,10.0,10,100.0,inf,cone,both,5000.0,10.0,0.01,30.0,0.01,256,20,3,0.5,0.1,0.99,10.0,256,20,0,128,90,3.5628848748266764,1.0056640625000004,37.44595688195534,658.392301215179,0.7045712133123689,233.42616420116133,0.703125,360.0
mppi_flee,flee,300.0,1800.0,0.1,0.025,5.0,2.5,10.0,10.0,10,100.0,inf,cone,both,5000.0,10.0,0.01,30.0,0.01,256,20,3,0.5,0.1,0.99,10.0,256,20,0,128,90,3.560790659826924,1.3783203125000003,37.30785272602554,992.4001669256504,0.7038666213768116,330.88562921451773,0.703125,360.0
mppi_flee,flee,300.0,1800.0,0.1,0.025,5.0,3.75,10.0,10.0,10,100.0,inf,cone,both,5000.0,10.0,0.01,30.0,0.01,256,20,3,0.5,0.1,0.99,10.0,256,20,0,128,90,3.5607906535787905,1.7494140625000003,37.30785288382637,1192.452068380726,0.7033891908212561,361.9874415348519,0.703125,360.0
mppi_flee,flee,300.0,1800.0,0.1,0.025,5.0,4.5,10.0,10.0,10,100.0,inf,cone,both,5000.0,10.0,0.01,30.0,0.01,256,20,3,0.5,0.1,0.99,10.0,256,20,0,128,90,3.5607906535787905,1.9720703124999992,37.30785288382637,1226.762842882352,0.7033891908212561,363.74833432604623,0.703125,360.0
mppi_flee,flee,300.0,1800.0,0.1,0.025,5.0,5.0,10.0,10.0,10,100.0,inf,cone,both,5000.0,10.0,0.01,30.0,0.01,256,20,3,0.5,0.1,0.99,10.0,256,20,0,128,90,3.5607906535787905,1.9720703124999992,37.30785288382637,1226.762842882352,0.7033891908212561,363.74833432604623,0.703125,360.0
mppi_flee,flee,300.0,1800.0,0.1,0.025,5.0,5.5,10.0,10.0,10,100.0,inf,cone,both,5000.0,10.0,0.01,30.0,0.01,256,20,3,0.5,0.1,0.99,10.0,256,20,0,128,90,3.5607906535787905,1.9720703124999992,37.30785288382637,1226.762842882352,0.7033891908212561,363.74833432604623,0.703125,360.0
mppi_flee,flee,300.0,1800.0,0.1,0.025,5.0,6.25,10.0,10.0,10,100.0,inf,cone,both,5000.0,10.0,0.01,30.0,0.01,256,20,3,0.5,0.1,0.99,10.0,256,20,0,128,90,3.5607906535787905,1.9720703124999992,37.30785288382637,1226.762842882352,0.7033891908212561,363.74833432604623,0.703125,360.0
mppi_flee,flee,300.0,1800.0,0.1,0.025,5.0,7.5,10.0,10.0,10,100.0,inf,cone,both,5000.0,10.0,0.01,30.0,0.01,256,20,3,0.5,0.1,0.99,10.0,256,20,0,128,90,3.5607906535787905,1.9720703124999992,37.30785288382637,1226.762842882352,0.7033891908212561,363.74833432604623,0.703125,360.0
mppi_flee,flee,300.0,1800.0,0.1,0.025,5.0,10.0,10.0,10.0,10,100.0,inf,cone,both,5000.0,10.0,0.01,30.0,0.01,256,20,3,0.5,0.1,0.99,10.0,256,20,0,128,90,3.5607906535787905,1.9720703124999992,37.30785288382637,1226.762842882352,0.7033891908212561,363.74833432604623,0.703125,360.0
mppi_flee,flee,300.0,1800.0,0.1,0.025,5.0,inf,10.0,10.0,10,100.0,inf,cone,both,5000.0,10.0,0.01,30.0,0.01,256,20,3,0.5,0.1,0.99,10.0,256,20,0,128,90,3.5607906535787905,1.9720703124999992,37.30785288382637,1226.762842882352,0.7033891908212561,363.74833432604623,0.703125,360.0
mppi_flee,flee,300.0,1800.0,0.1,0.05,5.0,1.25,10.0,10.0,10,100.0,inf,cone,both,5000.0,10.0,0.01,30.0,0.01,256,20,3,0.5,0.1,0.99,10.0,256,20,0,128,91,3.9854171341141855,1.25,61.68626019122038,850.6011368439592,0.7149129172962378,303.83368657416224,0.7109375,420.0
mppi_flee,flee,300.0,1800.0,0.1,0.05,5.0,2.5,10.0,10.0,10,100.0,inf,cone,both,5000.0,10.0,0.01,30.0,0.01,256,20,3,0.5,0.1,0.99,10.0,256,20,0,128,91,4.376264382341214,2.403125,65.9377495780415,1363.251033985094,0.7132378472222223,503.1613765629723,0.7109375,480.0
mppi_flee,flee,300.0,1800.0,0.1,0.05,5.0,3.75,10.0,10.0,10,100.0,inf,cone,both,5000.0,10.0,0.01,30.0,0.01,256,20,3,0.5,0.1,0.99,10.0,256,20,0,128,90,4.502134001652882,2.8777343749999997,67.3485821920683,1813.2101427529556,0.709765625,652.462492349127,0.703125,500.0
mppi_flee,flee,300.0,1800.0,0.1,0.05,5.0,4.5,10.0,10.0,10,100.0,inf,cone,both,5000.0,10.0,0.01,30.0,0.01,256,20,3,0.5,0.1,0.99,10.0,256,20,0,128,90,4.494263284366465,3.0968749999999994,67.61105131903028,2029.6963983233368,0.7118489583333333,691.3183254855084,0.703125,500.0
mppi_flee,flee,300.0,1800.0,0.1,0.05,5.0,5.0,10.0,10.0,10,100.0,inf,cone,both,5000.0,10.0,0.01,30.0,0.01,256,20,3,0.5,0.1,0.99,10.0,256,20,0,128,90,4.494203268714978,3.2453124999999994,67.6206980460332,2154.740619242403,0.7117621527777778,719.2871148483175,0.703125,500.0
mppi_flee,flee,300.0,1800.0,0.1,0.05,5.0,5.5,10.0,10.0,10,100.0,inf,cone,both,5000.0,10.0,0.01,30.0,0.01,256,20,3,0.5,0.1,0.99,10.0,256,20,0,128,90,4.494196569692013,3.3937499999999994,67.62109547648348,2264.9484463293834,0.71171875,741.218286488537,0.703125,500.0
mppi_flee,flee,300.0,1800.0,0.1,0.05,5.0,6.25,10.0,10.0,10,100.0,inf,cone,both,5000.0,10.0,0.01,30.0,0.01,256,20,3,0.5,0.1,0.99,10.0,256,20,0,128,90,4.494196544087352,3.61640625,67.62109912758223,2403.0058977086765,0.71171875,764.5404560011242,0.703125,500.0
mppi_flee,flee,300.0,1800.0,0.1,0.05,5.0,7.5,10.0,10.0,10,100.0,inf,cone,both,5000.0,10.0,0.01,30.0,0.01,256,20,3,0.5,0.1,0.99,10.0,256,20,0,128,90,4.494196544087352,3.9875,67.62109912758223,2560.91392619316,0.71171875,783.0727880033631,0.703125,500.0
mppi_flee,flee,300.0,1800.0,0.1,0.05,5.0,10.0,10.0,10.0,10,100.0,inf,cone,both,5000.0,10.0,0.01,30.0,0.01,256,20,3,0.5,0.1,0.99,10.0,256,20,0,128,90,4.494196544087352,4.432812499999997,67.62109912758223,2629.7132396003867,0.71171875,786.6761797261705,0.703125,500.0
mppi_flee,flee,300.0,1800.0,0.1,0.05,5.0,inf,10.0,10.0,10,100.0,inf,cone,both,5000.0,10.0,0.01,30.0,0.01,256,20,3,0.5,0.1,0.99,10.0,256,20,0,128,90,4.494196544087352,4.432812499999997,67.62109912758223,2629.7132396003867,0.71171875,786.6761797261705,0.703125,500.0
mppi_flee,flee,300.0,1800.0,0.1,0.075,5.0,1.25,10.0,10.0,10,100.0,inf,cone,both,5000.0,10.0,0.01,30.0,0.01,256,20,3,0.5,0.1,0.99,10.0,256,20,0,128,90,4.158854099758171,1.25,78.90399840022252,941.8403898649924,0.730938105620155,298.55410661452584,0.703125,450.0
mppi_flee,flee,300.0,1800.0,0.1,0.075,5.0,2.5,10.0,10.0,10,100.0,inf,cone,both,5000.0,10.0,0.01,30.0,0.01,256,20,3,0.5,0.1,0.99,10.0,256,20,0,128,87,4.929662127171155,2.5,88.4183537795929,1562.8687242160104,0.7218993851427387,550.3660750667837,0.6796875,580.0
mppi_flee,flee,300.0,1800.0,0.1,0.075,5.0,3.75,10.0,10.0,10,100.0,inf,cone,both,5000.0,10.0,0.01,30.0,0.01,256,20,3,0.5,0.1,0.99,10.0,256,20,0,128,44,5.0,3.75,94.011929376444,2161.6622204748687,0.7402405753968254,630.2847306198604,0.34375,710.0
mppi_flee,flee,300.0,1800.0,0.1,0.075,5.0,4.5,10.0,10.0,10,100.0,inf,cone,both,5000.0,10.0,0.01,30.0,0.01,256,20,3,0.5,0.1,0.99,10.0,256,20,0,128,5,5.0,4.5,140.47516062072577,2283.8236613816307,0.7395399305555556,714.9812216001877,0.0390625,1150.0
mppi_flee,flee,300.0,1800.0,0.1,0.075,5.0,5.0,10.0,10.0,10,100.0,inf,cone,both,5000.0,10.0,0.01,30.0,0.01,256,20,3,0.5,0.1,0.99,10.0,256,20,0,128,0,5.0,5.0,173.2926726350043,2723.271739683085,0.74140625,769.2658958635066,0.0,
mppi_flee,flee,300.0,1800.0,0.1,0.075,5.0,5.5,10.0,10.0,10,100.0,inf,cone,both,5000.0,10.0,0.01,30.0,0.01,256,20,3,0.5,0.1,0.99,10.0,256,20,0,128,0,5.0,5.5,173.10224835622387,3296.71379399931,0.7399739583333333,809.8980557773897,0.0,
mppi_flee,flee,300.0,1800.0,0.1,0.075,5.0,6.25,10.0,10.0,10,100.0,inf,cone,both,5000.0,10.0,0.01,30.0,0.01,256,20,3,0.5,0.1,0.99,10.0,256,20,0,128,0,5.0,6.25,173.09830609716195,4088.084012408656,0.7388020833333333,887.1281990459817,0.0,
mppi_flee,flee,300.0,1800.0,0.1,0.075,5.0,7.5,10.0,10.0,10,100.0,inf,cone,both,5000.0,10.0,0.01,30.0,0.01,256,20,3,0.5,0.1,0.99,10.0,256,20,0,128,0,5.0,7.5,173.10008840568176,5223.275342015531,0.7383246527777778,953.7121181467362,0.0,
mppi_flee,flee,300.0,1800.0,0.1,0.075,5.0,10.0,10.0,10.0,10,100.0,inf,cone,both,5000.0,10.0,0.01,30.0,0.01,256,20,3,0.5,0.1,0.99,10.0,256,20,0,128,0,5.0,10.0,173.10010237861795,6833.804314715058,0.726953125,1026.9547919037643,0.0,
mppi_flee,flee,300.0,1800.0,0.1,0.075,5.0,inf,10.0,10.0,10,100.0,inf,cone,both,5000.0,10.0,0.01,30.0,0.01,256,20,3,0.5,0.1,0.99,10.0,256,20,0,128,0,5.0,13.49999999999996,173.10010237861795,7669.24356008923,0.7118055555555556,1049.853492491992,0.0,
mppi_flee,flee,300.0,1800.0,0.1,0.09,5.0,1.25,10.0,10.0,10,100.0,inf,cone,both,5000.0,10.0,0.01,30.0,0.01,256,20,3,0.5,0.1,0.99,10.0,256,20,0,128,91,4.210384405769006,1.25,81.69098430221008,927.8523734275184,0.7453645833333333,275.61564112808816,0.7109375,460.0
mppi_flee,flee,300.0,1800.0,0.1,0.09,5.0,2.5,10.0,10.0,10,100.0,inf,cone,both,5000.0,10.0,0.01,30.0,0.01,256,20,3,0.5,0.1,0.99,10.0,256,20,0,128,83,4.981841488817494,2.5,90.54331407981728,1674.129458434453,0.7271801549145299,556.9842088651415,0.6484375,600.0
mppi_flee,flee,300.0,1800.0,0.1,0.09,5.0,3.75,10.0,10.0,10,100.0,inf,cone,both,5000.0,10.0,0.01,30.0,0.01,256,20,3,0.5,0.1,0.99,10.0,256,20,0,128,11,5.0,3.75,110.78662756218496,2562.414407908452,0.7159307065217392,795.5522345434715,0.0859375,880.0
mppi_flee,flee,300.0,1800.0,0.1,0.09,5.0,4.5,10.0,10.0,10,100.0,inf,cone,both,5000.0,10.0,0.01,30.0,0.01,256,20,3,0.5,0.1,0.99,10.0,256,20,0,128,1,5.0,4.5,184.2875257245921,2591.084184564477,0.7267361111111111,849.8005163427255,0.0078125,1050.0
mppi_flee,flee,300.0,1800.0,0.1,0.09,5.0,5.0,10.0,10.0,10,100.0,inf,cone,both,5000.0,10.0,0.01,30.0,0.01,256,20,3,0.5,0.1,0.99,10.0,256,20,0,128,0,5.0,5.0,288.2133765364849,3049.6945621257564,0.7341579861111112,831.4196605411686,0.0,
mppi_flee,flee,300.0,1800.0,0.1,0.09,5.0,5.5,10.0,10.0,10,100.0,inf,cone,both,5000.0,10.0,0.01,30.0,0.01,256,20,3,0.5,0.1,0.99,10.0,256,20,0,128,0,5.0,5.5,295.93586107913006,3743.465423451812,0.7240017361111111,967.8700936550806,0.0,
mppi_flee,flee,300.0,1800.0,0.1,0.09,5.0,6.25,10.0,10.0,10,100.0,inf,cone,both,5000.0,10.0,0.01,30.0,0.01,256,20,3,0.5,0.1,0.99,10.0,256,20,0,128,0,5.0,6.25,295.92626324987884,4656.629050063028,0.7255208333333333,1034.9934595623429,0.0,
mppi_flee,flee,300.0,1800.0,0.1,0.09,5.0,7.5,10.0,10.0,10,100.0,inf,cone,both,5000.0,10.0,0.01,30.0,0.01,256,20,3,0.5,0.1,0.99,10.0,256,20,0,128,0,5.0,7.5,295.9268850626757,6008.981409359488,0.7197482638888889,1133.279265137831,0.0,
mppi_flee,flee,300.0,1800.0,0.1,0.09,5.0,10.0,10.0,10.0,10,100.0,inf,cone,both,5000.0,10.0,0.01,30.0,0.01,256,20,3,0.5,0.1,0.99,10.0,256,20,0,128,0,5.0,10.0,295.9270570695968,8132.767549885493,0.6754774305555555,1264.0323821663171,0.0,
mppi_flee,flee,300.0,1800.0,0.1,0.09,5.0,inf,10.0,10.0,10,100.0,inf,cone,both,5000.0,10.0,0.01,30.0,0.01,256,20,3,0.5,0.1,0.99,10.0,256,20,0,128,0,5.0,16.19999999999998,295.92705706960123,10307.59688066763,0.6195746527777778,1368.5362295290174,0.0,
mppi_flee,flee,300.0,1800.0,0.1,0.1,5.0,1.25,10.0,10.0,10,100.0,inf,cone,both,5000.0,10.0,0.01,30.0,0.01,256,20,3,0.5,0.1,0.99,10.0,256,20,0,128,90,4.230464662133376,1.25,84.78551118842006,970.9142996891856,0.7248658459595959,316.47100657346687,0.703125,470.0
mppi_flee,flee,300.0,1800.0,0.1,0.1,5.0,2.5,10.0,10.0,10,100.0,inf,cone,both,5000.0,10.0,0.01,30.0,0.01,256,20,3,0.5,0.1,0.99,10.0,256,20,0,128,81,4.993615605683193,2.5,82.05137160742927,1584.7604250835916,0.7406181510707776,532.5680271592427,0.6328125,620.0
mppi_flee,flee,300.0,1800.0,0.1,0.1,5.0,3.75,10.0,10.0,10,100.0,inf,cone,both,5000.0,10.0,0.01,30.0,0.01,256,20,3,0.5,0.1,0.99,10.0,256,20,0,128,8,5.0,3.75,121.28101918279812,2629.1320888825426,0.7166242177960928,821.9742512912793,0.0625,885.0
mppi_flee,flee,300.0,1800.0,0.1,0.1,5.0,4.5,10.0,10.0,10,100.0,inf,cone,both,5000.0,10.0,0.01,30.0,0.01,256,20,3,0.5,0.1,0.99,10.0,256,20,0,128,3,5.0,4.5,206.6333132562069,2825.468924234775,0.7252604166666666,886.0769897680456,0.0234375,1190.0
mppi_flee,flee,300.0,1800.0,0.1,0.1,5.0,5.0,10.0,10.0,10,100.0,inf,cone,both,5000.0,10.0,0.01,30.0,0.01,256,20,3,0.5,0.1,0.99,10.0,256,20,0,128,0,5.0,5.0,292.70394460243824,3298.962370349042,0.7285590277777778,947.4263062303788,0.0,
mppi_flee,flee,300.0,1800.0,0.1,0.1,5.0,5.5,10.0,10.0,10,100.0,inf,cone,both,5000.0,10.0,0.01,30.0,0.01,256,20,3,0.5,0.1,0.99,10.0,256,20,0,128,0,5.0,5.5,300.0,3988.497681478557,0.7243923611111112,1042.2924459387375,0.0,
mppi_flee,flee,300.0,1800.0,0.1,0.1,5.0,6.25,10.0,10.0,10,100.0,inf,cone,both,5000.0,10.0,0.01,30.0,0.01,256,20,3,0.5,0.1,0.99,10.0,256,20,0,128,0,5.0,6.25,300.0,4967.864728028501,0.7234809027777778,1093.5678291157003,0.0,
mppi_flee,flee,300.0,1800.0,0.1,0.1,5.0,7.5,10.0,10.0,10,100.0,inf,cone,both,5000.0,10.0,0.01,30.0,0.01,256,20,3,0.5,0.1,0.99,10.0,256,20,0,128,0,5.0,7.5,300.0,6441.678302021992,0.7100694444444444,1204.679126276695,0.0,
mppi_flee,flee,300.0,1800.0,0.1,0.1,5.0,10.0,10.0,10.0,10,100.0,inf,cone,both,5000.0,10.0,0.01,30.0,0.01,256,20,3,0.5,0.1,0.99,10.0,256,20,0,128,0,5.0,10.0,300.0,8839.48749016717,0.6450954861111111,1367.5132446618986,0.0,
mppi_flee,flee,300.0,1800.0,0.1,0.1,5.0,inf,10.0,10.0,10,100.0,inf,cone,both,5000.0,10.0,0.01,30.0,0.01,256,20,3,0.5,0.1,0.99,10.0,256,20,0,128,0,5.0,17.999999999999986,300.0,12101.277921857794,0.5735243055555556,1567.335182207349,0.0,
mppi_flee,flee,300.0,1800.0,0.1,0.11,5.0,1.25,10.0,10.0,10,100.0,inf,cone,both,5000.0,10.0,0.01,30.0,0.01,256,20,3,0.5,0.1,0.99,10.0,256,20,0,128,91,4.238523095889985,1.25,84.02814767205334,948.2415976716704,0.7261767885220126,313.53345408558283,0.7109375,470.0
mppi_flee,flee,300.0,1800.0,0.1,0.11,5.0,2.5,10.0,10.0,10,100.0,inf,cone,both,5000.0,10.0,0.01,30.0,0.01,256,20,3,0.5,0.1,0.99,10.0,256,20,0,128,64,4.999703493166994,2.5,92.76768613692506,1970.764952142585,0.723321264391907,589.4741820816545,0.5,630.0
mppi_flee,flee,300.0,1800.0,0.1,0.11,5.0,3.75,10.0,10.0,10,100.0,inf,cone,both,5000.0,10.0,0.01,30.0,0.01,256,20,3,0.5,0.1,0.99,10.0,256,20,0,128,8,5.0,3.75,130.40901795189998,2653.6947924842816,0.7222222222222222,818.8210190525152,0.0625,920.0
mppi_flee,flee,300.0,1800.0,0.1,0.11,5.0,4.5,10.0,10.0,10,100.0,inf,cone,both,5000.0,10.0,0.01,30.0,0.01,256,20,3,0.5,0.1,0.99,10.0,256,20,0,128,0,5.0,4.5,221.78458168001535,2854.1829889143078,0.7230034722222223,957.6772389712696,0.0,
mppi_flee,flee,300.0,1800.0,0.1,0.11,5.0,5.0,10.0,10.0,10,100.0,inf,cone,both,5000.0,10.0,0.01,30.0,0.01,256,20,3,0.5,0.1,0.99,10.0,256,20,0,128,0,5.0,5.0,293.37426691013746,3516.265045939685,0.7179253472222222,1019.6803967576776,0.0,
mppi_flee,flee,300.0,1800.0,0.1,0.11,5.0,5.5,10.0,10.0,10,100.0,inf,cone,both,5000.0,10.0,0.01,30.0,0.01,256,20,3,0.5,0.1,0.99,10.0,256,20,0,128,0,5.0,5.5,300.0,4323.907468657946,0.7122395833333334,1121.6255193674754,0.0,
mppi_flee,flee,300.0,1800.0,0.1,0.11,5.0,6.25,10.0,10.0,10,100.0,inf,cone,both,5000.0,10.0,0.01,30.0,0.01,256,20,3,0.5,0.1,0.99,10.0,256,20,0,128,0,5.0,6.25,300.0,5354.5985186721855,0.7096354166666666,1202.9126902771857,0.0,
mppi_flee,flee,300.0,1800.0,0.1,0.11,5.0,7.5,10.0,10.0,10,100.0,inf,cone,both,5000.0,10.0,0.01,30.0,0.01,256,20,3,0.5,0.1,0.99,10.0,256,20,0,128,0,5.0,7.5,300.0,6929.387446345418,0.6875434027777778,1313.6201787719513,0.0,
mppi_flee,flee,300.0,1800.0,0.1,0.11,5.0,10.0,10.0,10.0,10,100.0,inf,cone,both,5000.0,10.0,0.01,30.0,0.01,256,20,3,0.5,0.1,0.99,10.0,256,20,0,128,0,5.0,10.0,300.0,9558.869756396984,0.6079861111111111,1541.177382449598,0.0,
mppi_flee,flee,300.0,1800.0,0.1,0.11,5.0,inf,10.0,10.0,10,100.0,inf,cone,both,5000.0,10.0,0.01,30.0,0.01,256,20,3,0.5,0.1,0.99,10.0,256,20,0,128,0,5.0,19.79999999999995,300.0,14017.981249781764,0.526171875,1872.905623902412,0.0,
mppi_flee,flee,300.0,1800.0,0.1,0.125,5.0,1.25,10.0,10.0,10,100.0,inf,cone,both,5000.0,10.0,0.01,30.0,0.01,256,20,3,0.5,0.1,0.99,10.0,256,20,0,128,90,4.290596178168091,1.25,87.23632809064925,984.7474866584452,0.7254414154846336,322.0347839853328,0.703125,470.0
mppi_flee,flee,300.0,1800.0,0.1,0.125,5.0,2.5,10.0,10.0,10,100.0,inf,cone,both,5000.0,10.0,0.01,30.0,0.01,256,20,3,0.5,0.1,0.99,10.0,256,20,0,128,53,5.0,2.5,92.70426603803612,2089.2353692559973,0.7309461805555556,550.8924587149615,0.4140625,640.0
mppi_flee,flee,300.0,1800.0,0.1,0.125,5.0,3.75,10.0,10.0,10,100.0,inf,cone,both,5000.0,10.0,0.01,30.0,0.01,256,20,3,0.5,0.1,0.99,10.0,256,20,0,128,5,5.0,3.75,146.15127249545603,2772.4831972565307,0.7178819444444444,866.5574634011115,0.0390625,940.0
mppi_flee,flee,300.0,1800.0,0.1,0.125,5.0,4.5,10.0,10.0,10,100.0,inf,cone,both,5000.0,10.0,0.01,30.0,0.01,256,20,3,0.5,0.1,0.99,10.0,256,20,0,128,1,5.0,4.5,239.8767083669398,3065.513352658444,0.7165798611111112,1022.4101488160452,0.0078125,1520.0
mppi_flee,flee,300.0,1800.0,0.1,0.125,5.0,5.0,10.0,10.0,10,100.0,inf,cone,both,5000.0,10.0,0.01,30.0,0.01,256,20,3,0.5,0.1,0.99,10.0,256,20,0,128,0,5.0,5.0,294.85652790547056,3877.2966737534953,0.7051649305555555,1142.1369633191157,0.0,
mppi_flee,flee,300.0,1800.0,0.1,0.125,5.0,5.5,10.0,10.0,10,100.0,inf,cone,both,5000.0,10.0,0.01,30.0,0.01,256,20,3,0.5,0.1,0.99,10.0,256,20,0,128,0,5.0,5.5,300.0,4491.606436417621,0.7176649305555556,1151.3675550814812,0.0,
mppi_flee,flee,300.0,1800.0,0.1,0.125,5.0,6.25,10.0,10.0,10,100.0,inf,cone,both,5000.0,10.0,0.01,30.0,0.01,256,20,3,0.5,0.1,0.99,10.0,256,20,0,128,0,5.0,6.25,300.0,5538.850610663142,0.7156684027777778,1240.9984830818537,0.0,
mppi_flee,flee,300.0,1800.0,0.1,0.125,5.0,7.5,10.0,10.0,10,100.0,inf,cone,both,5000.0,10.0,0.01,30.0,0.01,256,20,3,0.5,0.1,0.99,10.0,256,20,0,128,0,5.0,7.5,300.0,7346.694834774832,0.6771267361111111,1423.0269978149206,0.0,
mppi_flee,flee,300.0,1800.0,0.1,0.125,5.0,10.0,10.0,10.0,10,100.0,inf,cone,both,5000.0,10.0,0.01,30.0,0.01,256,20,3,0.5,0.1,0.99,10.0,256,20,0,128,0,5.0,10.0,300.0,10271.2047834854,0.5783420138888888,1666.1684619786242,0.0,
mppi_flee,flee,300.0,1800.0,0.1,0.125,5.0,inf,10.0,10.0,10,100.0,inf,cone,both,5000.0,10.0,0.01,30.0,0.01,256,20,3,0.5,0.1,0.99,10.0,256,20,0,128,0,5.0,22.5,300.0,16683.440649171403,0.4829861111111111,2236.2609554570427,0.0,
mppi_flee,flee,300.0,1800.0,0.1,0.15,5.0,1.25,10.0,10.0,10,100.0,inf,cone,both,5000.0,10.0,0.01,30.0,0.01,256,20,3,0.5,0.1,0.99,10.0,256,20,0,128,91,4.350420777278562,1.25,85.95066662702085,963.7037099362162,0.7262261284722222,318.6385200840956,0.7109375,480.0
mppi_flee,flee,300.0,1800.0,0.1,0.15,5.0,2.5,10.0,10.0,10,100.0,inf,cone,both,5000.0,10.0,0.01,30.0,0.01,256,20,3,0.5,0.1,0.99,10.0,256,20,0,128,35,5.0,2.5,99.42223730172552,2391.2555405887465,0.7233940972222223,600.1078473324512,0.2734375,690.0
mppi_flee,flee,300.0,1800.0,0.1,0.15,5.0,3.75,10.0,10.0,10,100.0,inf,cone,both,5000.0,10.0,0.01,30.0,0.01,256,20,3,0.5,0.1,0.99,10.0,256,20,0,128,2,5.0,3.75,154.42916964004505,2666.7508511821743,0.7486545138888889,769.8169231644334,0.015625,1010.0
mppi_flee,flee,300.0,1800.0,0.1,0.15,5.0,4.5,10.0,10.0,10,100.0,inf,cone,both,5000.0,10.0,0.01,30.0,0.01,256,20,3,0.5,0.1,0.99,10.0,256,20,0,128,1,5.0,4.5,253.22798374359448,3170.6465697818144,0.7387152777777778,964.5848985530608,0.0078125,1420.0
mppi_flee,flee,300.0,1800.0,0.1,0.15,5.0,5.0,10.0,10.0,10,100.0,inf,cone,both,5000.0,10.0,0.01,30.0,0.01,256,20,3,0.5,0.1,0.99,10.0,256,20,0,128,0,5.0,5.0,295.1948974720576,3873.168979164684,0.7309461805555556,1065.3749648342018,0.0,
mppi_flee,flee,300.0,1800.0,0.1,0.15,5.0,5.5,10.0,10.0,10,100.0,inf,cone,both,5000.0,10.0,0.01,30.0,0.01,256,20,3,0.5,0.1,0.99,10.0,256,20,0,128,0,5.0,5.5,300.0,4564.00922422191,0.7435763888888889,1060.6206495694444,0.0,
mppi_flee,flee,300.0,1800.0,0.1,0.15,5.0,6.25,10.0,10.0,10,100.0,inf,cone,both,5000.0,10.0,0.01,30.0,0.01,256,20,3,0.5,0.1,0.99,10.0,256,20,0,128,0,5.0,6.25,300.0,5871.871969282684,0.7119791666666667,1290.8110549679343,0.0,
mppi_flee,flee,300.0,1800.0,0.1,0.15,5.0,7.5,10.0,10.0,10,100.0,inf,cone,both,5000.0,10.0,0.01,30.0,0.01,256,20,3,0.5,0.1,0.99,10.0,256,20,0,128,0,5.0,7.5,300.0,7740.969810908904,0.6667100694444444,1466.769633605751,0.0,
mppi_flee,flee,300.0,1800.0,0.1,0.15,5.0,10.0,10.0,10.0,10,100.0,inf,cone,both,5000.0,10.0,0.01,30.0,0.01,256,20,3,0.5,0.1,0.99,10.0,256,20,0,128,0,5.0,10.0,300.0,10974.894753427148,0.5477864583333333,1676.075515280788,0.0,
mppi_flee,flee,300.0,1800.0,0.1,0.15,5.0,inf,10.0,10.0,10,100.0,inf,cone,both,5000.0,10.0,0.01,30.0,0.01,256,20,3,0.5,0.1,0.99,10.0,256,20,0,128,0,5.0,26.99999999999992,300.0,20923.23493879994,0.4342447916666667,2741.5938266580724,0.0,
mppi_flee,flee,300.0,1800.0,0.1,0.2,5.0,1.25,10.0,10.0,10,100.0,inf,cone,both,5000.0,10.0,0.01,30.0,0.01,256,20,3,0.5,0.1,0.99,10.0,256,20,0,128,91,4.429666723181335,1.25,87.20049445280841,979.1580311090383,0.7311586633852258,320.58873489835645,0.7109375,500.0
mppi_flee,flee,300.0,1800.0,0.1,0.2,5.0,2.5,10.0,10.0,10,100.0,inf,cone,both,5000.0,10.0,0.01,30.0,0.01,256,20,3,0.5,0.1,0.99,10.0,256,20,0,128,16,5.0,2.5,100.6829637664271,2548.836490392097,0.7324479166666666,590.41926706373,0.125,740.0
mppi_flee,flee,300.0,1800.0,0.1,0.2,5.0,3.75,10.0,10.0,10,100.0,inf,cone,both,5000.0,10.0,0.01,30.0,0.01,256,20,3,0.5,0.1,0.99,10.0,256,20,0,128,3,5.0,3.75,180.38498634015457,2944.739629262709,0.7356971153846154,782.2141174176123,0.0234375,1080.0
mppi_flee,flee,300.0,1800.0,0.1,0.2,5.0,4.5,10.0,10.0,10,100.0,inf,cone,both,5000.0,10.0,0.01,30.0,0.01,256,20,3,0.5,0.1,0.99,10.0,256,20,0,128,0,5.0,4.5,267.17144597137906,3265.408986226033,0.7673611111111112,882.2102719240036,0.0,
mppi_flee,flee,300.0,1800.0,0.1,0.2,5.0,5.0,10.0,10.0,10,100.0,inf,cone,both,5000.0,10.0,0.01,30.0,0.01,256,20,3,0.5,0.1,0.99,10.0,256,20,0,128,0,5.0,5.0,296.177513410781,4467.298969354397,0.7185329861111112,1192.936784927082,0.0,
mppi_flee,flee,300.0,1800.0,0.1,0.2,5.0,5.5,10.0,10.0,10,100.0,inf,cone,both,5000.0,10.0,0.01,30.0,0.01,256,20,3,0.5,0.1,0.99,10.0,256,20,0,128,0,5.0,5.5,300.0,5209.619410227219,0.7228298611111111,1243.538533861918,0.0,
mppi_flee,flee,300.0,1800.0,0.1,0.2,5.0,6.25,10.0,10.0,10,100.0,inf,cone,both,5000.0,10.0,0.01,30.0,0.01,256,20,3,0.5,0.1,0.99,10.0,256,20,0,128,0,5.0,6.25,300.0,6345.2425193768095,0.7085503472222222,1315.0317131095985,0.0,
mppi_flee,flee,300.0,1800.0,0.1,0.2,5.0,7.5,10.0,10.0,10,100.0,inf,cone,both,5000.0,10.0,0.01,30.0,0.01,256,20,3,0.5,0.1,0.99,10.0,256,20,0,128,0,5.0,7.5,300.0,8481.082087751398,0.6426215277777778,1562.087948116087,0.0,
mppi_flee,flee,300.0,1800.0,0.1,0.2,5.0,10.0,10.0,10.0,10,100.0,inf,cone,both,5000.0,10.0,0.01,30.0,0.01,256,20,3,0.5,0.1,0.99,10.0,256,20,0,128,0,5.0,10.0,300.0,12350.328580513931,0.4920138888888888,1957.5249146245487,0.0,
mppi_flee,flee,300.0,1800.0,0.1,0.2,5.0,inf,10.0,10.0,10,100.0,inf,cone,both,5000.0,10.0,0.01,30.0,0.01,256,20,3,0.5,0.1,0.99,10.0,256,20,0,128,0,5.0,35.99999999999997,300.0,30055.57851553042,0.3552517361111111,4359.445727767973,0.0,
mppi_flee,coast,300.0,1800.0,0.1,0.025,5.0,1.25,10.0,10.0,10,100.0,inf,cone,both,5000.0,10.0,0.01,30.0,0.01,256,20,3,0.5,0.1,0.99,10.0,256,20,0,128,90,3.1606740167433847,0.0,21.20878453816014,160.50792287800238,0.7450892857142857,34.47353411710799,0.703125,290.0
mppi_flee,coast,300.0,1800.0,0.1,0.025,5.0,2.5,10.0,10.0,10,100.0,inf,cone,both,5000.0,10.0,0.01,30.0,0.01,256,20,3,0.5,0.1,0.99,10.0,256,20,0,128,90,3.160903809689347,0.0,21.214742513377463,162.65213243540097,0.7520924707602339,34.048409487912714,0.703125,290.0
mppi_flee,coast,300.0,1800.0,0.1,0.025,5.0,3.75,10.0,10.0,10,100.0,inf,cone,both,5000.0,10.0,0.01,30.0,0.01,256,20,3,0.5,0.1,0.99,10.0,256,20,0,128,90,3.160903809689347,0.0,21.214742513377463,162.65213243540097,0.7520924707602339,34.048409487912714,0.703125,290.0
mppi_flee,coast,300.0,1800.0,0.1,0.025,5.0,4.5,10.0,10.0,10,100.0,inf,cone,both,5000.0,10.0,0.01,30.0,0.01,256,20,3,0.5,0.1,0.99,10.0,256,20,0,128,90,3.160903809689347,0.0,21.214742513377463,162.65213243540097,0.7520924707602339,34.048409487912714,0.703125,290.0
mppi_flee,coast,300.0,1800.0,0.1,0.025,5.0,5.0,10.0,10.0,10,100.0,inf,cone,both,5000.0,10.0,0.01,30.0,0.01,256,20,3,0.5,0.1,0.99,10.0,256,20,0,128,90,3.160903809689347,0.0,21.214742513377463,162.65213243540097,0.7520924707602339,34.048409487912714,0.703125,290.0
mppi_flee,coast,300.0,1800.0,0.1,0.025,5.0,5.5,10.0,10.0,10,100.0,inf,cone,both,5000.0,10.0,0.01,30.0,0.01,256,20,3,0.5,0.1,0.99,10.0,256,20,0,128,90,3.160903809689347,0.0,21.214742513377463,162.65213243540097,0.7520924707602339,34.048409487912714,0.703125,290.0
mppi_flee,coast,300.0,1800.0,0.1,0.025,5.0,6.25,10.0,10.0,10,100.0,inf,cone,both,5000.0,10.0,0.01,30.0,0.01,256,20,3,0.5,0.1,0.99,10.0,256,20,0,128,90,3.160903809689347,0.0,21.214742513377463,162.65213243540097,0.7520924707602339,34.048409487912714,0.703125,290.0
mppi_flee,coast,300.0,1800.0,0.1,0.025,5.0,7.5,10.0,10.0,10,100.0,inf,cone,both,5000.0,10.0,0.01,30.0,0.01,256,20,3,0.5,0.1,0.99,10.0,256,20,0,128,90,3.160903809689347,0.0,21.214742513377463,162.65213243540097,0.7520924707602339,34.048409487912714,0.703125,290.0
mppi_flee,coast,300.0,1800.0,0.1,0.025,5.0,10.0,10.0,10.0,10,100.0,inf,cone,both,5000.0,10.0,0.01,30.0,0.01,256,20,3,0.5,0.1,0.99,10.0,256,20,0,128,90,3.160903809689347,0.0,21.214742513377463,162.65213243540097,0.7520924707602339,34.048409487912714,0.703125,290.0
mppi_flee,coast,300.0,1800.0,0.1,0.025,5.0,inf,10.0,10.0,10,100.0,inf,cone,both,5000.0,10.0,0.01,30.0,0.01,256,20,3,0.5,0.1,0.99,10.0,256,20,0,128,90,3.160903809689347,0.0,21.214742513377463,162.65213243540097,0.7520924707602339,34.048409487912714,0.703125,290.0
mppi_flee,coast,300.0,1800.0,0.1,0.05,5.0,1.25,10.0,10.0,10,100.0,inf,cone,both,5000.0,10.0,0.01,30.0,0.01,256,20,3,0.5,0.1,0.99,10.0,256,20,0,128,90,3.1586927412000265,0.0,21.3995151409052,180.4944188661133,0.7434111783154121,33.775196062976924,0.703125,280.0
mppi_flee,coast,300.0,1800.0,0.1,0.05,5.0,2.5,10.0,10.0,10,100.0,inf,cone,both,5000.0,10.0,0.01,30.0,0.01,256,20,3,0.5,0.1,0.99,10.0,256,20,0,128,90,3.15839227260671,0.0,22.279137574904343,170.79481550570029,0.7455543154761904,34.93037108314459,0.703125,280.0
mppi_flee,coast,300.0,1800.0,0.1,0.05,5.0,3.75,10.0,10.0,10,100.0,inf,cone,both,5000.0,10.0,0.01,30.0,0.01,256,20,3,0.5,0.1,0.99,10.0,256,20,0,128,90,3.154879939606467,0.0,22.4735298234407,176.1079288257173,0.7533564814814815,33.836623842614976,0.703125,280.0
mppi_flee,coast,300.0,1800.0,0.1,0.05,5.0,4.5,10.0,10.0,10,100.0,inf,cone,both,5000.0,10.0,0.01,30.0,0.01,256,20,3,0.5,0.1,0.99,10.0,256,20,0,128,90,3.154879939606467,0.0,22.4735298234407,176.1079288257173,0.7533564814814815,33.836623842614976,0.703125,280.0
mppi_flee,coast,300.0,1800.0,0.1,0.05,5.0,5.0,10.0,10.0,10,100.0,inf,cone,both,5000.0,10.0,0.01,30.0,0.01,256,20,3,0.5,0.1,0.99,10.0,256,20,0,128,90,3.154879939606467,0.0,22.4735298234407,176.1079288257173,0.7533564814814815,33.836623842614976,0.703125,280.0
mppi_flee,coast,300.0,1800.0,0.1,0.05,5.0,5.5,10.0,10.0,10,100.0,inf,cone,both,5000.0,10.0,0.01,30.0,0.01,256,20,3,0.5,0.1,0.99,10.0,256,20,0,128,90,3.154879939606467,0.0,22.4735298234407,176.1079288257173,0.7533564814814815,33.836623842614976,0.703125,280.0
mppi_flee,coast,300.0,1800.0,0.1,0.05,5.0,6.25,10.0,10.0,10,100.0,inf,cone,both,5000.0,10.0,0.01,30.0,0.01,256,20,3,0.5,0.1,0.99,10.0,256,20,0,128,90,3.154879939606467,0.0,22.4735298234407,176.1079288257173,0.7533564814814815,33.836623842614976,0.703125,280.0
mppi_flee,coast,300.0,1800.0,0.1,0.05,5.0,7.5,10.0,10.0,10,100.0,inf,cone,both,5000.0,10.0,0.01,30.0,0.01,256,20,3,0.5,0.1,0.99,10.0,256,20,0,128,90,3.154879939606467,0.0,22.4735298234407,176.1079288257173,0.7533564814814815,33.836623842614976,0.703125,280.0
mppi_flee,coast,300.0,1800.0,0.1,0.05,5.0,10.0,10.0,10.0,10,100.0,inf,cone,both,5000.0,10.0,0.01,30.0,0.01,256,20,3,0.5,0.1,0.99,10.0,256,20,0,128,90,3.154879939606467,0.0,22.4735298234407,176.1079288257173,0.7533564814814815,33.836623842614976,0.703125,280.0
mppi_flee,coast,300.0,1800.0,0.1,0.05,5.0,inf,10.0,10.0,10,100.0,inf,cone,both,5000.0,10.0,0.01,30.0,0.01,256,20,3,0.5,0.1,0.99,10.0,256,20,0,128,90,3.154879939606467,0.0,22.4735298234407,176.1079288257173,0.7533564814814815,33.836623842614976,0.703125,280.0
mppi_flee,coast,300.0,1800.0,0.1,0.075,5.0,1.25,10.0,10.0,10,100.0,inf,cone,both,5000.0,10.0,0.01,30.0,0.01,256,20,3,0.5,0.1,0.99,10.0,256,20,0,128,90,3.210333736898002,0.0,22.160646411170223,178.60129195228706,0.7678530092592593,32.16229845597142,0.703125,280.0
mppi_flee,coast,300.0,1800.0,0.1,0.075,5.0,2.5,10.0,10.0,10,100.0,inf,cone,both,5000.0,10.0,0.01,30.0,0.01,256,20,3,0.5,0.1,0.99,10.0,256,20,0,128,90,3.1771033096565304,0.0,22.37987466061268,165.9867653277598,0.7430369543650793,35.030676825277354,0.703125,280.0
mppi_flee,coast,300.0,1800.0,0.1,0.075,5.0,3.75,10.0,10.0,10,100.0,inf,cone,both,5000.0,10.0,0.01,30.0,0.01,256,20,3,0.5,0.1,0.99,10.0,256,20,0,128,90,3.1843105770667983,0.0,21.968527507291157,174.65123594445458,0.7529761904761905,33.01070376612577,0.703125,280.0
mppi_flee,coast,300.0,1800.0,0.1,0.075,5.0,4.5,10.0,10.0,10,100.0,inf,cone,both,5000.0,10.0,0.01,30.0,0.01,256,20,3,0.5,0.1,0.99,10.0,256,20,0,128,90,3.184296365559617,0.0,22.19268920031608,174.64579363767407,0.7531932043650794,32.999597184379795,0.703125,280.0
mppi_flee,coast,300.0,1800.0,0.1,0.075,5.0,5.0,10.0,10.0,10,100.0,inf,cone,both,5000.0,10.0,0.01,30.0,0.01,256,20,3,0.5,0.1,0.99,10.0,256,20,0,128,90,3.184296365559629,0.0,22.19268920031615,174.64579363767055,0.7531932043650794,32.999597184379766,0.703125,280.0
mppi_flee,coast,300.0,1800.0,0.1,0.075,5.0,5.5,10.0,10.0,10,100.0,inf,cone,both,5000.0,10.0,0.01,30.0,0.01,256,20,3,0.5,0.1,0.99,10.0,256,20,0,128,90,3.184296365559629,0.0,22.19268920031615,174.64579363767055,0.7531932043650794,32.999597184379766,0.703125,280.0
mppi_flee,coast,300.0,1800.0,0.1,0.075,5.0,6.25,10.0,10.0,10,100.0,inf,cone,both,5000.0,10.0,0.01,30.0,0.01,256,20,3,0.5,0.1,0.99,10.0,256,20,0,128,90,3.184296365559629,0.0,22.19268920031615,174.64579363767055,0.7531932043650794,32.999597184379766,0.703125,280.0
mppi_flee,coast,300.0,1800.0,0.1,0.075,5.0,7.5,10.0,10.0,10,100.0,inf,cone,both,5000.0,10.0,0.01,30.0,0.01,256,20,3,0.5,0.1,0.99,10.0,256,20,0,128,90,3.184296365559629,0.0,22.19268920031615,174.64579363767055,0.7531932043650794,32.999597184379766,0.703125,280.0
mppi_flee,coast,300.0,1800.0,0.1,0.075,5.0,10.0,10.0,10.0,10,100.0,inf,cone,both,5000.0,10.0,0.01,30.0,0.01,256,20,3,0.5,0.1,0.99,10.0,256,20,0,128,90,3.184296365559629,0.0,22.19268920031615,174.64579363767055,0.7531932043650794,32.999597184379766,0.703125,280.0
mppi_flee,coast,300.0,1800.0,0.1,0.075,5.0,inf,10.0,10.0,10,100.0,inf,cone,both,5000.0,10.0,0.01,30.0,0.01,256,20,3,0.5,0.1,0.99,10.0,256,20,0,128,90,3.184296365559629,0.0,22.19268920031615,174.64579363767055,0.7531932043650794,32.999597184379766,0.703125,280.0
mppi_flee,coast,300.0,1800.0,0.1,0.09,5.0,1.25,10.0,10.0,10,100.0,inf,cone,both,5000.0,10.0,0.01,30.0,0.01,256,20,3,0.5,0.1,0.99,10.0,256,20,0,128,90,3.1900231297391004,0.0,21.72668626640913,168.95223069376152,0.7535300925925926,33.40321513491738,0.703125,280.0
mppi_flee,coast,300.0,1800.0,0.1,0.09,5.0,2.5,10.0,10.0,10,100.0,inf,cone,both,5000.0,10.0,0.01,30.0,0.01,256,20,3,0.5,0.1,0.99,10.0,256,20,0,128,90,3.1790814628257524,0.0,22.500858125586557,161.199595242348,0.7386284722222223,35.23682692671585,0.703125,280.0
mppi_flee,coast,300.0,1800.0,0.1,0.09,5.0,3.75,10.0,10.0,10,100.0,inf,cone,both,5000.0,10.0,0.01,30.0,0.01,256,20,3,0.5,0.1,0.99,10.0,256,20,0,128,90,3.2110234268974134,0.0,21.79937321800257,171.91260455059927,0.7333147321428571,36.35503417422157,0.703125,280.0
mppi_flee,coast,300.0,1800.0,0.1,0.09,5.0,4.5,10.0,10.0,10,100.0,inf,cone,both,5000.0,10.0,0.01,30.0,0.01,256,20,3,0.5,0.1,0.99,10.0,256,20,0,128,90,3.203355075938267,0.0,21.309185392053475,168.14525213595124,0.7392609126984127,35.62498653272466,0.703125,280.0
mppi_flee,coast,300.0,1800.0,0.1,0.09,5.0,5.0,10.0,10.0,10,100.0,inf,cone,both,5000.0,10.0,0.01,30.0,0.01,256,20,3,0.5,0.1,0.99,10.0,256,20,0,128,90,3.2002753145298533,0.0,20.91195354653865,167.8516512831324,0.7393477182539683,35.61946874220796,0.703125,280.0
mppi_flee,coast,300.0,1800.0,0.1,0.09,5.0,5.5,10.0,10.0,10,100.0,inf,cone,both,5000.0,10.0,0.01,30.0,0.01,256,20,3,0.5,0.1,0.99,10.0,256,20,0,128,90,3.2003775367929648,0.0,20.90941764438125,167.83437176803676,0.7393477182539683,35.619456144552366,0.703125,280.0
mppi_flee,coast,300.0,1800.0,0.1,0.09,5.0,6.25,10.0,10.0,10,100.0,inf,cone,both,5000.0,10.0,0.01,30.0,0.01,256,20,3,0.5,0.1,0.99,10.0,256,20,0,128,90,3.2003775367929648,0.0,20.90941764438125,167.83437176803676,0.7393477182539683,35.619456144552366,0.703125,280.0
mppi_flee,coast,300.0,1800.0,0.1,0.09,5.0,7.5,10.0,10.0,10,100.0,inf,cone,both,5000.0,10.0,0.01,30.0,0.01,256,20,3,0.5,0.1,0.99,10.0,256,20,0,128,90,3.2003775367929648,0.0,20.90941764438125,167.83437176803676,0.7393477182539683,35.619456144552366,0.703125,280.0
mppi_flee,coast,300.0,1800.0,0.1,0.09,5.0,10.0,10.0,10.0,10,100.0,inf,cone,both,5000.0,10.0,0.01,30.0,0.01,256,20,3,0.5,0.1,0.99,10.0,256,20,0,128,90,3.2003775367929648,0.0,20.90941764438125,167.83437176803676,0.7393477182539683,35.619456144552366,0.703125,280.0
mppi_flee,coast,300.0,1800.0,0.1,0.09,5.0,inf,10.0,10.0,10,100.0,inf,cone,both,5000.0,10.0,0.01,30.0,0.01,256,20,3,0.5,0.1,0.99,10.0,256,20,0,128,90,3.2003775367929648,0.0,20.90941764438125,167.83437176803676,0.7393477182539683,35.619456144552366,0.703125,280.0
mppi_flee,coast,300.0,1800.0,0.1,0.1,5.0,1.25,10.0,10.0,10,100.0,inf,cone,both,5000.0,10.0,0.01,30.0,0.01,256,20,3,0.5,0.1,0.99,10.0,256,20,0,128,90,3.2047432520868937,0.0,21.34102981075708,151.54723861934357,0.7476906728927203,34.32589537283601,0.703125,280.0
mppi_flee,coast,300.0,1800.0,0.1,0.1,5.0,2.5,10.0,10.0,10,100.0,inf,cone,both,5000.0,10.0,0.01,30.0,0.01,256,20,3,0.5,0.1,0.99,10.0,256,20,0,128,90,3.1938545894565604,0.0,21.53100817958572,175.4070584286563,0.7471498842592592,34.12964610837675,0.703125,280.0
mppi_flee,coast,300.0,1800.0,0.1,0.1,5.0,3.75,10.0,10.0,10,100.0,inf,cone,both,5000.0,10.0,0.01,30.0,0.01,256,20,3,0.5,0.1,0.99,10.0,256,20,0,128,90,3.204140240004828,0.0,21.91497207296796,158.87909396293546,0.7613625478927203,32.612703399868806,0.703125,280.0
mppi_flee,coast,300.0,1800.0,0.1,0.1,5.0,4.5,10.0,10.0,10,100.0,inf,cone,both,5000.0,10.0,0.01,30.0,0.01,256,20,3,0.5,0.1,0.99,10.0,256,20,0,128,90,3.1995031479765723,0.0,22.232453142670156,159.5307613986697,0.7551897321428571,33.699939982316494,0.703125,280.0
mppi_flee,coast,300.0,1800.0,0.1,0.1,5.0,5.0,10.0,10.0,10,100.0,inf,cone,both,5000.0,10.0,0.01,30.0,0.01,256,20,3,0.5,0.1,0.99,10.0,256,20,0,128,90,3.1967638237370246,0.0,22.00760968493513,159.69837545200213,0.7468998015873016,34.83170625764955,0.703125,280.0
mppi_flee,coast,300.0,1800.0,0.1,0.1,5.0,5.5,10.0,10.0,10,100.0,inf,cone,both,5000.0,10.0,0.01,30.0,0.01,256,20,3,0.5,0.1,0.99,10.0,256,20,0,128,90,3.1975108996357893,0.0,21.96389056650749,159.3489337017064,0.746812996031746,34.83739872142126,0.703125,280.0
mppi_flee,coast,300.0,1800.0,0.1,0.1,5.0,6.25,10.0,10.0,10,100.0,inf,cone,both,5000.0,10.0,0.01,30.0,0.01,256,20,3,0.5,0.1,0.99,10.0,256,20,0,128,90,3.197940095461386,0.0,21.94933594059633,159.36077323429964,0.746812996031746,34.83738738449036,0.703125,280.0
mppi_flee,coast,300.0,1800.0,0.1,0.1,5.0,7.5,10.0,10.0,10,100.0,inf,cone,both,5000.0,10.0,0.01,30.0,0.01,256,20,3,0.5,0.1,0.99,10.0,256,20,0,128,90,3.197940095461386,0.0,21.94933594059633,159.36077323429964,0.746812996031746,34.83738738449036,0.703125,280.0
mppi_flee,coast,300.0,1800.0,0.1,0.1,5.0,10.0,10.0,10.0,10,100.0,inf,cone,both,5000.0,10.0,0.01,30.0,0.01,256,20,3,0.5,0.1,0.99,10.0,256,20,0,128,90,3.197940095461386,0.0,21.94933594059633,159.36077323429964,0.746812996031746,34.83738738449036,0.703125,280.0
mppi_flee,coast,300.0,1800.0,0.1,0.1,5.0,inf,10.0,10.0,10,100.0,inf,cone,both,5000.0,10.0,0.01,30.0,0.01,256,20,3,0.5,0.1,0.99,10.0,256,20,0,128,90,3.197940095461386,0.0,21.94933594059633,159.36077323429964,0.746812996031746,34.83738738449036,0.703125,280.0
mppi_flee,coast,300.0,1800.0,0.1,0.11,5.0,1.25,10.0,10.0,10,100.0,inf,cone,both,5000.0,10.0,0.01,30.0,0.01,256,20,3,0.5,0.1,0.99,10.0,256,20,0,128,90,3.206831625478685,0.0,21.881877584330283,160.14251762036162,0.7619936342592593,32.39244019873134,0.703125,280.0
mppi_flee,coast,300.0,1800.0,0.1,0.11,5.0,2.5,10.0,10.0,10,100.0,inf,cone,both,5000.0,10.0,0.01,30.0,0.01,256,20,3,0.5,0.1,0.99,10.0,256,20,0,128,90,3.182517818343295,0.0,22.57312515158253,163.35370733360188,0.7586082175925926,33.15640647828469,0.703125,280.0
mppi_flee,coast,300.0,1800.0,0.1,0.11,5.0,3.75,10.0,10.0,10,100.0,inf,cone,both,5000.0,10.0,0.01,30.0,0.01,256,20,3,0.5,0.1,0.99,10.0,256,20,0,128,90,3.215659049824995,0.0,22.527498159594664,161.79903762620023,0.7571958812260536,32.991854304769944,0.703125,280.0
mppi_flee,coast,300.0,1800.0,0.1,0.11,5.0,4.5,10.0,10.0,10,100.0,inf,cone,both,5000.0,10.0,0.01,30.0,0.01,256,20,3,0.5,0.1,0.99,10.0,256,20,0,128,90,3.211085182654332,0.0,22.29498525350985,164.48360439344893,0.7604414682539683,33.06374612495673,0.703125,280.0
mppi_flee,coast,300.0,1800.0,0.1,0.11,5.0,5.0,10.0,10.0,10,100.0,inf,cone,both,5000.0,10.0,0.01,30.0,0.01,256,20,3,0.5,0.1,0.99,10.0,256,20,0,128,90,3.2130694045668142,0.0,22.24517284494267,164.59488225087193,0.7613095238095238,32.866177415235505,0.703125,280.0
mppi_flee,coast,300.0,1800.0,0.1,0.11,5.0,5.5,10.0,10.0,10,100.0,inf,cone,both,5000.0,10.0,0.01,30.0,0.01,256,20,3,0.5,0.1,0.99,10.0,256,20,0,128,90,3.211990190979567,0.0,22.191879658008485,164.3975447345332,0.7634796626984127,32.26779949179457,0.703125,280.0
mppi_flee,coast,300.0,1800.0,0.1,0.11,5.0,6.25,10.0,10.0,10,100.0,inf,cone,both,5000.0,10.0,0.01,30.0,0.01,256,20,3,0.5,0.1,0.99,10.0,256,20,0,128,90,3.2123510349460878,0.0,22.203290622160612,164.82193125086337,0.7637834821428572,32.238956376065225,0.703125,280.0
mppi_flee,coast,300.0,1800.0,0.1,0.11,5.0,7.5,10.0,10.0,10,100.0,inf,cone,both,5000.0,10.0,0.01,30.0,0.01,256,20,3,0.5,0.1,0.99,10.0,256,20,0,128,90,3.2123759866334423,0.0,22.204115616196752,164.83123553189145,0.7637834821428572,32.2389721659282,0.703125,280.0
mppi_flee,coast,300.0,1800.0,0.1,0.11,5.0,10.0,10.0,10.0,10,100.0,inf,cone,both,5000.0,10.0,0.01,30.0,0.01,256,20,3,0.5,0.1,0.99,10.0,256,20,0,128,90,3.2123759866334423,0.0,22.204115616196752,164.83123553189145,0.7637834821428572,32.2389721659282,0.703125,280.0
mppi_flee,coast,300.0,1800.0,0.1,0.11,5.0,inf,10.0,10.0,10,100.0,inf,cone,both,5000.0,10.0,0.01,30.0,0.01,256,20,3,0.5,0.1,0.99,10.0,256,20,0,128,90,3.2123759866334423,0.0,22.204115616196752,164.83123553189145,0.7637834821428572,32.2389721659282,0.703125,280.0
mppi_flee,coast,300.0,1800.0,0.1,0.125,5.0,1.25,10.0,10.0,10,100.0,inf,cone,both,5000.0,10.0,0.01,30.0,0.01,256,20,3,0.5,0.1,0.99,10.0,256,20,0,128,90,3.259839152915072,0.0,21.989231488543098,161.45402633525225,0.7501809072677204,34.471061793771355,0.703125,280.0
mppi_flee,coast,300.0,1800.0,0.1,0.125,5.0,2.5,10.0,10.0,10,100.0,inf,cone,both,5000.0,10.0,0.01,30.0,0.01,256,20,3,0.5,0.1,0.99,10.0,256,20,0,128,90,3.1902525610637977,0.0,22.412007903799708,166.10394875567158,0.7600405092592593,33.14250300557779,0.703125,280.0
mppi_flee,coast,300.0,1800.0,0.1,0.125,5.0,3.75,10.0,10.0,10,100.0,inf,cone,both,5000.0,10.0,0.01,30.0,0.01,256,20,3,0.5,0.1,0.99,10.0,256,20,0,128,90,3.201614580397013,0.0,22.644005464515125,158.795802003665,0.7534536210317461,33.73317293424239,0.703125,280.0
mppi_flee,coast,300.0,1800.0,0.1,0.125,5.0,4.5,10.0,10.0,10,100.0,inf,cone,both,5000.0,10.0,0.01,30.0,0.01,256,20,3,0.5,0.1,0.99,10.0,256,20,0,128,90,3.21130279475297,0.0,22.105340750413628,160.68309239271275,0.7517705340038314,33.322137389856394,0.703125,280.0
mppi_flee,coast,300.0,1800.0,0.1,0.125,5.0,5.0,10.0,10.0,10,100.0,inf,cone,both,5000.0,10.0,0.01,30.0,0.01,256,20,3,0.5,0.1,0.99,10.0,256,20,0,128,90,3.2138702060638566,0.0,22.222508091424384,159.01742450406817,0.7553295617816091,33.690686235537115,0.703125,280.0
mppi_flee,coast,300.0,1800.0,0.1,0.125,5.0,5.5,10.0,10.0,10,100.0,inf,cone,both,5000.0,10.0,0.01,30.0,0.01,256,20,3,0.5,0.1,0.99,10.0,256,20,0,128,90,3.22965657408715,0.0,22.32100806680132,163.93024691880746,0.7562748015873015,33.40150750321498,0.703125,280.0
mppi_flee,coast,300.0,1800.0,0.1,0.125,5.0,6.25,10.0,10.0,10,100.0,inf,cone,both,5000.0,10.0,0.01,30.0,0.01,256,20,3,0.5,0.1,0.99,10.0,256,20,0,128,90,3.227880653376742,0.0,22.282368260557327,164.03339554723468,0.7559709821428572,33.4515712002079,0.703125,280.0
mppi_flee,coast,300.0,1800.0,0.1,0.125,5.0,7.5,10.0,10.0,10,100.0,inf,cone,both,5000.0,10.0,0.01,30.0,0.01,256,20,3,0.5,0.1,0.99,10.0,256,20,0,128,90,3.228175569744851,0.0,22.286631021834054,163.20678772526634,0.7545386904761905,33.82130251502687,0.703125,280.0
mppi_flee,coast,300.0,1800.0,0.1,0.125,5.0,10.0,10.0,10.0,10,100.0,inf,cone,both,5000.0,10.0,0.01,30.0,0.01,256,20,3,0.5,0.1,0.99,10.0,256,20,0,128,90,3.228175569744851,0.0,22.28663102183405,163.2067877252663,0.7545386904761905,33.821302515026865,0.703125,280.0
mppi_flee,coast,300.0,1800.0,0.1,0.125,5.0,inf,10.0,10.0,10,100.0,inf,cone,both,5000.0,10.0,0.01,30.0,0.01,256,20,3,0.5,0.1,0.99,10.0,256,20,0,128,90,3.228175569744851,0.0,22.28663102183405,163.2067877252663,0.7545386904761905,33.821302515026865,0.703125,280.0
mppi_flee,coast,300.0,1800.0,0.1,0.15,5.0,1.25,10.0,10.0,10,100.0,inf,cone,both,5000.0,10.0,0.01,30.0,0.01,256,20,3,0.5,0.1,0.99,10.0,256,20,0,128,91,3.2437616309957265,0.0,22.008379438702462,137.77107879293155,0.7502418154761905,33.76286808382355,0.7109375,280.0
mppi_flee,coast,300.0,1800.0,0.1,0.15,5.0,2.5,10.0,10.0,10,100.0,inf,cone,both,5000.0,10.0,0.01,30.0,0.01,256,20,3,0.5,0.1,0.99,10.0,256,20,0,128,90,3.2082594181795394,0.0,23.1214056943862,169.2742974169629,0.7650421626984127,32.16054161401613,0.703125,270.0
mppi_flee,coast,300.0,1800.0,0.1,0.15,5.0,3.75,10.0,10.0,10,100.0,inf,cone,both,5000.0,10.0,0.01,30.0,0.01,256,20,3,0.5,0.1,0.99,10.0,256,20,0,128,90,3.1982616230071628,0.0,22.987896405907264,158.3121164166692,0.7672453703703703,32.38032186283491,0.703125,270.0
mppi_flee,coast,300.0,1800.0,0.1,0.15,5.0,4.5,10.0,10.0,10,100.0,inf,cone,both,5000.0,10.0,0.01,30.0,0.01,256,20,3,0.5,0.1,0.99,10.0,256,20,0,128,89,3.222377238224013,0.0,22.807231201981867,174.00257208220606,0.7578807043650794,33.62172929324496,0.6953125,270.0
mppi_flee,coast,300.0,1800.0,0.1,0.15,5.0,5.0,10.0,10.0,10,100.0,inf,cone,both,5000.0,10.0,0.01,30.0,0.01,256,20,3,0.5,0.1,0.99,10.0,256,20,0,128,90,3.2230222978118235,0.0,23.289012024356225,157.3844983475038,0.7580873842592593,33.53799403625968,0.703125,270.0
mppi_flee,coast,300.0,1800.0,0.1,0.15,5.0,5.5,10.0,10.0,10,100.0,inf,cone,both,5000.0,10.0,0.01,30.0,0.01,256,20,3,0.5,0.1,0.99,10.0,256,20,0,128,90,3.225986927659059,0.0,23.22093053319824,156.71816233331245,0.759302662037037,33.515659495760545,0.703125,270.0
mppi_flee,coast,300.0,1800.0,0.1,0.15,5.0,6.25,10.0,10.0,10,100.0,inf,cone,both,5000.0,10.0,0.01,30.0,0.01,256,20,3,0.5,0.1,0.99,10.0,256,20,0,128,90,3.245610408493559,0.0,23.040125734125763,158.92995844733653,0.7611255787037037,33.03005464913917,0.703125,270.0
mppi_flee,coast,300.0,1800.0,0.1,0.15,5.0,7.5,10.0,10.0,10,100.0,inf,cone,both,5000.0,10.0,0.01,30.0,0.01,256,20,3,0.5,0.1,0.99,10.0,256,20,0,128,90,3.246115343362763,0.0,23.102301179598545,158.09531576669485,0.758521412037037,33.86097858825671,0.703125,270.0
mppi_flee,coast,300.0,1800.0,0.1,0.15,5.0,10.0,10.0,10.0,10,100.0,inf,cone,both,5000.0,10.0,0.01,30.0,0.01,256,20,3,0.5,0.1,0.99,10.0,256,20,0,128,90,3.246179619764875,0.0,23.09855617978749,158.0892352149512,0.7586516203703704,33.84574841392215,0.703125,270.0
mppi_flee,coast,300.0,1800.0,0.1,0.15,5.0,inf,10.0,10.0,10,100.0,inf,cone,both,5000.0,10.0,0.01,30.0,0.01,256,20,3,0.5,0.1,0.99,10.0,256,20,0,128,90,3.246179619764875,0.0,23.09855617978749,158.0892352149512,0.7586516203703704,33.84574841392215,0.703125,270.0
mppi_flee,coast,300.0,1800.0,0.1,0.2,5.0,1.25,10.0,10.0,10,100.0,inf,cone,both,5000.0,10.0,0.01,30.0,0.01,256,20,3,0.5,0.1,0.99,10.0,256,20,0,128,90,3.363203114537077,0.0,22.550456056126738,196.0472952839613,0.7551897321428571,33.890625837600915,0.703125,280.0
mppi_flee,coast,300.0,1800.0,0.1,0.2,5.0,2.5,10.0,10.0,10,100.0,inf,cone,both,5000.0,10.0,0.01,30.0,0.01,256,20,3,0.5,0.1,0.99,10.0,256,20,0,128,91,3.252990784726363,0.0,22.490952578009555,163.8309905783718,0.7570374503968254,33.34527867165633,0.7109375,270.0
mppi_flee,coast,300.0,1800.0,0.1,0.2,5.0,3.75,10.0,10.0,10,100.0,inf,cone,both,5000.0,10.0,0.01,30.0,0.01,256,20,3,0.5,0.1,0.99,10.0,256,20,0,128,90,3.239414766405116,0.0,22.99641878144786,159.61534994773743,0.7445891203703704,34.24277464659267,0.703125,270.0
mppi_flee,coast,300.0,1800.0,0.1,0.2,5.0,4.5,10.0,10.0,10,100.0,inf,cone,both,5000.0,10.0,0.01,30.0,0.01,256,20,3,0.5,0.1,0.99,10.0,256,20,0,128,89,3.2370828443149646,0.0,23.053046583045443,167.0489512475976,0.7447875330687831,35.30026146504388,0.6953125,270.0
mppi_flee,coast,300.0,1800.0,0.1,0.2,5.0,5.0,10.0,10.0,10,100.0,inf,cone,both,5000.0,10.0,0.01,30.0,0.01,256,20,3,0.5,0.1,0.99,10.0,256,20,0,128,90,3.2371865706201133,0.0,23.35086317608369,152.27964037627868,0.7495618386243387,34.76473148727553,0.703125,270.0
mppi_flee,coast,300.0,1800.0,0.1,0.2,5.0,5.5,10.0,10.0,10,100.0,inf,cone,both,5000.0,10.0,0.01,30.0,0.01,256,20,3,0.5,0.1,0.99,10.0,256,20,0,128,90,3.256094306261176,0.0,23.38378958054245,148.49701580023515,0.7494068287037037,34.74723394449714,0.703125,270.0
mppi_flee,coast,300.0,1800.0,0.1,0.2,5.0,6.25,10.0,10.0,10,100.0,inf,cone,both,5000.0,10.0,0.01,30.0,0.01,256,20,3,0.5,0.1,0.99,10.0,256,20,0,128,90,3.251743739172231,0.0,23.35580933941096,151.86035868582348,0.7490596064814815,34.73993158475277,0.703125,270.0
mppi_flee,coast,300.0,1800.0,0.1,0.2,5.0,7.5,10.0,10.0,10,100.0,inf,cone,both,5000.0,10.0,0.01,30.0,0.01,256,20,3,0.5,0.1,0.99,10.0,256,20,0,128,89,3.2720416458681107,0.0,23.52193336877924,161.48071528273871,0.751880787037037,35.30024180376279,0.6953125,270.0
mppi_flee,coast,300.0,1800.0,0.1,0.2,5.0,10.0,10.0,10.0,10,100.0,inf,cone,both,5000.0,10.0,0.01,30.0,0.01,256,20,3,0.5,0.1,0.99,10.0,256,20,0,128,89,3.2739317217225485,0.0,23.449917623192874,166.6746071336028,0.7528790509259259,35.139530833151206,0.6953125,270.0
mppi_flee,coast,300.0,1800.0,0.1,0.2,5.0,inf,10.0,10.0,10,100.0,inf,cone,both,5000.0,10.0,0.01,30.0,0.01,256,20,3,0.5,0.1,0.99,10.0,256,20,0,128,89,3.2740394747814805,0.0,23.454034339843677,166.68121737554893,0.7529224537037037,35.13595298590899,0.6953125,270.0
mppi_flee,mppi_direct,300.0,1800.0,0.1,0.025,5.0,1.25,10.0,10.0,10,100.0,inf,cone,both,5000.0,10.0,0.01,30.0,0.01,256,20,3,0.5,0.1,0.99,10.0,256,20,0,128,88,3.1052500364646907,0.7675348095361288,23.786830941079533,528.1296421026531,0.8130642361111111,119.95176821359324,0.6875,270.0
mppi_flee,mppi_direct,300.0,1800.0,0.1,0.025,5.0,2.5,10.0,10.0,10,100.0,inf,cone,both,5000.0,10.0,0.01,30.0,0.01,256,20,3,0.5,0.1,0.99,10.0,256,20,0,128,90,3.067858453333184,1.1294713104127818,23.528408811095023,873.9999306497339,0.8043402777777778,175.56320605417744,0.703125,270.0
mppi_flee,mppi_direct,300.0,1800.0,0.1,0.025,5.0,3.75,10.0,10.0,10,100.0,inf,cone,both,5000.0,10.0,0.01,30.0,0.01,256,20,3,0.5,0.1,0.99,10.0,256,20,0,128,90,3.067858453333184,1.5005650604127818,23.528408811095023,1034.802165344048,0.8037760416666667,186.28116158281935,0.703125,270.0
mppi_flee,mppi_direct,300.0,1800.0,0.1,0.025,5.0,4.5,10.0,10.0,10,100.0,inf,cone,both,5000.0,10.0,0.01,30.0,0.01,256,20,3,0.5,0.1,0.99,10.0,256,20,0,128,90,3.067858453333184,1.636441376054576,23.528408811095023,1045.486314359505,0.8037760416666667,186.46906796991348,0.703125,270.0
mppi_flee,mppi_direct,300.0,1800.0,0.1,0.025,5.0,5.0,10.0,10.0,10,100.0,inf,cone,both,5000.0,10.0,0.01,30.0,0.01,256,20,3,0.5,0.1,0.99,10.0,256,20,0,128,90,3.067858453333184,1.6366875796107,23.528408811095023,1045.0665343425812,0.8037760416666667,186.4607424371667,0.703125,270.0
mppi_flee,mppi_direct,300.0,1800.0,0.1,0.025,5.0,5.5,10.0,10.0,10,100.0,inf,cone,both,5000.0,10.0,0.01,30.0,0.01,256,20,3,0.5,0.1,0.99,10.0,256,20,0,128,90,3.067858453333184,1.6367993036899589,23.528408811095023,1045.0561162305628,0.8037760416666667,186.4604913646343,0.703125,270.0
mppi_flee,mppi_direct,300.0,1800.0,0.1,0.025,5.0,6.25,10.0,10.0,10,100.0,inf,cone,both,5000.0,10.0,0.01,30.0,0.01,256,20,3,0.5,0.1,0.99,10.0,256,20,0,128,90,3.067858453333184,1.6368010986006445,23.528408811095023,1045.0561277129084,0.8037760416666667,186.46049112257157,0.703125,270.0
mppi_flee,mppi_direct,300.0,1800.0,0.1,0.025,5.0,7.5,10.0,10.0,10,100.0,inf,cone,both,5000.0,10.0,0.01,30.0,0.01,256,20,3,0.5,0.1,0.99,10.0,256,20,0,128,90,3.067858453333184,1.6368010986006445,23.528408811095023,1045.0561277129084,0.8037760416666667,186.46049112257157,0.703125,270.0
mppi_flee,mppi_direct,300.0,1800.0,0.1,0.025,5.0,10.0,10.0,10.0,10,100.0,inf,cone,both,5000.0,10.0,0.01,30.0,0.01,256,20,3,0.5,0.1,0.99,10.0,256,20,0,128,90,3.067858453333184,1.6368010986006445,23.528408811095023,1045.0561277129084,0.8037760416666667,186.46049112257157,0.703125,270.0
mppi_flee,mppi_direct,300.0,1800.0,0.1,0.025,5.0,inf,10.0,10.0,10,100.0,inf,cone,both,5000.0,10.0,0.01,30.0,0.01,256,20,3,0.5,0.1,0.99,10.0,256,20,0,128,90,3.067858453333184,1.6368010986006445,23.528408811095023,1045.0561277129084,0.8037760416666667,186.46049112257157,0.703125,270.0
mppi_flee,mppi_direct,300.0,1800.0,0.1,0.05,5.0,1.25,10.0,10.0,10,100.0,inf,cone,both,5000.0,10.0,0.01,30.0,0.01,256,20,3,0.5,0.1,0.99,10.0,256,20,0,128,86,3.156480232145917,1.0502735279712527,25.74900461610284,671.335832116313,0.8210904113247863,157.58689761513892,0.671875,250.0
mppi_flee,mppi_direct,300.0,1800.0,0.1,0.05,5.0,2.5,10.0,10.0,10,100.0,inf,cone,both,5000.0,10.0,0.01,30.0,0.01,256,20,3,0.5,0.1,0.99,10.0,256,20,0,128,75,3.343083762836476,1.6519954904573957,28.786852918320943,1337.772707778105,0.8242621527777778,212.40855315907285,0.5859375,250.0
mppi_flee,mppi_direct,300.0,1800.0,0.1,0.05,5.0,3.75,10.0,10.0,10,100.0,inf,cone,both,5000.0,10.0,0.01,30.0,0.01,256,20,3,0.5,0.1,0.99,10.0,256,20,0,128,75,3.391879221475709,2.1888309280606606,28.523342823751555,1936.9798775836168,0.8115017361111111,307.221156235873,0.5859375,250.0
mppi_flee,mppi_direct,300.0,1800.0,0.1,0.05,5.0,4.5,10.0,10.0,10,100.0,inf,cone,both,5000.0,10.0,0.01,30.0,0.01,256,20,3,0.5,0.1,0.99,10.0,256,20,0,128,75,3.391894087076605,2.49990853105221,28.509479096459177,2223.2833691275205,0.8063802083333333,334.4179989346096,0.5859375,250.0
mppi_flee,mppi_direct,300.0,1800.0,0.1,0.05,5.0,5.0,10.0,10.0,10,100.0,inf,cone,both,5000.0,10.0,0.01,30.0,0.01,256,20,3,0.5,0.1,0.99,10.0,256,20,0,128,75,3.3919055499426944,2.7069435823134222,28.50949955480928,2387.670715637713,0.8076822916666667,333.0822163343574,0.5859375,250.0
mppi_flee,mppi_direct,300.0,1800.0,0.1,0.05,5.0,5.5,10.0,10.0,10,100.0,inf,cone,both,5000.0,10.0,0.01,30.0,0.01,256,20,3,0.5,0.1,0.99,10.0,256,20,0,128,75,3.3919055455968623,2.913974852842607,28.50950221268711,2525.326476357057,0.8053385416666666,341.2654775756343,0.5859375,250.0
mppi_flee,mppi_direct,300.0,1800.0,0.1,0.05,5.0,6.25,10.0,10.0,10,100.0,inf,cone,both,5000.0,10.0,0.01,30.0,0.01,256,20,3,0.5,0.1,0.99,10.0,256,20,0,128,75,3.3919055455968623,3.224521727842607,28.50950221268711,2685.671978318964,0.8032552083333333,350.8076365557589,0.5859375,250.0
mppi_flee,mppi_direct,300.0,1800.0,0.1,0.05,5.0,7.5,10.0,10.0,10,100.0,inf,cone,both,5000.0,10.0,0.01,30.0,0.01,256,20,3,0.5,0.1,0.99,10.0,256,20,0,128,75,3.3919055455968623,3.742099852842607,28.50950221268711,2848.019984847876,0.8012152777777778,358.8717429371111,0.5859375,250.0
mppi_flee,mppi_direct,300.0,1800.0,0.1,0.05,5.0,10.0,10.0,10.0,10,100.0,inf,cone,both,5000.0,10.0,0.01,30.0,0.01,256,20,3,0.5,0.1,0.99,10.0,256,20,0,128,75,3.3919055455968623,4.144258324108965,28.50950221268711,2880.4108739026483,0.8009982638888888,359.5425056585462,0.5859375,250.0
mppi_flee,mppi_direct,300.0,1800.0,0.1,0.05,5.0,inf,10.0,10.0,10,100.0,inf,cone,both,5000.0,10.0,0.01,30.0,0.01,256,20,3,0.5,0.1,0.99,10.0,256,20,0,128,75,3.3919055455968623,4.144063005332155,28.50950221268711,2880.335021723326,0.8009982638888888,359.54118544910176,0.5859375,250.0
mppi_flee,mppi_direct,300.0,1800.0,0.1,0.075,5.0,1.25,10.0,10.0,10,100.0,inf,cone,both,5000.0,10.0,0.01,30.0,0.01,256,20,3,0.5,0.1,0.99,10.0,256,20,0,128,85,3.664130759210536,1.230792438761039,31.85808214521739,716.2309478832855,0.7438164495357892,268.60906481235537,0.6640625,250.0
mppi_flee,mppi_direct,300.0,1800.0,0.1,0.075,5.0,2.5,10.0,10.0,10,100.0,inf,cone,both,5000.0,10.0,0.01,30.0,0.01,256,20,3,0.5,0.1,0.99,10.0,256,20,0,128,49,3.823693375308388,2.0678851118493027,37.96665227753656,1506.6419858375127,0.8441402818950373,224.9958614763842,0.3828125,230.0
mppi_flee,mppi_direct,300.0,1800.0,0.1,0.075,5.0,3.75,10.0,10.0,10,100.0,inf,cone,both,5000.0,10.0,0.01,30.0,0.01,256,20,3,0.5,0.1,0.99,10.0,256,20,0,128,48,3.861539330500316,2.881095990591599,39.29134242689207,2693.0516773600907,0.8345995621980676,313.1042381424354,0.375,230.0
mppi_flee,mppi_direct,300.0,1800.0,0.1,0.075,5.0,4.5,10.0,10.0,10,100.0,inf,cone,both,5000.0,10.0,0.01,30.0,0.01,256,20,3,0.5,0.1,0.99,10.0,256,20,0,128,50,3.8199486895896433,3.3012482951450144,39.32474127716223,3252.4315408430825,0.8110677083333333,424.07312642491576,0.390625,230.0
mppi_flee,mppi_direct,300.0,1800.0,0.1,0.075,5.0,5.0,10.0,10.0,10,100.0,inf,cone,both,5000.0,10.0,0.01,30.0,0.01,256,20,3,0.5,0.1,0.99,10.0,256,20,0,128,49,3.8411473715997833,3.631744319096425,39.09760682791402,3664.209781608201,0.7976996527777778,465.44699228437696,0.3828125,230.0
mppi_flee,mppi_direct,300.0,1800.0,0.1,0.075,5.0,5.5,10.0,10.0,10,100.0,inf,cone,both,5000.0,10.0,0.01,30.0,0.01,256,20,3,0.5,0.1,0.99,10.0,256,20,0,128,49,3.841116484533992,3.940330063141746,39.093282802582365,4012.414581406005,0.7889756944444445,487.6082778031944,0.3828125,230.0
mppi_flee,mppi_direct,300.0,1800.0,0.1,0.075,5.0,6.25,10.0,10.0,10,100.0,inf,cone,both,5000.0,10.0,0.01,30.0,0.01,256,20,3,0.5,0.1,0.99,10.0,256,20,0,128,49,3.841115217346241,4.40321606262347,39.09379402025849,4476.183175690689,0.7720052083333333,515.5619242705122,0.3828125,230.0
mppi_flee,mppi_direct,300.0,1800.0,0.1,0.075,5.0,7.5,10.0,10.0,10,100.0,inf,cone,both,5000.0,10.0,0.01,30.0,0.01,256,20,3,0.5,0.1,0.99,10.0,256,20,0,128,49,3.841115217346147,5.17470043762347,39.09379357867381,5129.480304288558,0.7494357638888889,531.0979962162515,0.3828125,230.0
mppi_flee,mppi_direct,300.0,1800.0,0.1,0.075,5.0,10.0,10.0,10.0,10,100.0,inf,cone,both,5000.0,10.0,0.01,30.0,0.01,256,20,3,0.5,0.1,0.99,10.0,256,20,0,128,49,3.841115217346147,6.71766918762347,39.09379357867381,5977.214301366847,0.7302083333333333,584.2277188134733,0.3828125,230.0
mppi_flee,mppi_direct,300.0,1800.0,0.1,0.075,5.0,inf,10.0,10.0,10,100.0,inf,cone,both,5000.0,10.0,0.01,30.0,0.01,256,20,3,0.5,0.1,0.99,10.0,256,20,0,128,49,3.841115217346147,8.422255439643196,39.09379357867381,6271.742341134495,0.7293402777777778,601.9457107319076,0.3828125,230.0
mppi_flee,mppi_direct,300.0,1800.0,0.1,0.09,5.0,1.25,10.0,10.0,10,100.0,inf,cone,both,5000.0,10.0,0.01,30.0,0.01,256,20,3,0.5,0.1,0.99,10.0,256,20,0,128,88,3.9769485583476616,1.25,32.971096263336825,731.8968617331702,0.7595292745247324,257.0188846769818,0.6875,470.0
mppi_flee,mppi_direct,300.0,1800.0,0.1,0.09,5.0,2.5,10.0,10.0,10,100.0,inf,cone,both,5000.0,10.0,0.01,30.0,0.01,256,20,3,0.5,0.1,0.99,10.0,256,20,0,128,41,4.016330545553676,2.215325523105084,41.104313693195465,1449.969523071576,0.8362847222222223,264.2977783693716,0.3203125,220.0
mppi_flee,mppi_direct,300.0,1800.0,0.1,0.09,5.0,3.75,10.0,10.0,10,100.0,inf,cone,both,5000.0,10.0,0.01,30.0,0.01,256,20,3,0.5,0.1,0.99,10.0,256,20,0,128,40,4.01876548360532,3.0787389172654165,49.08320730868619,2872.1936355049334,0.8266059027777778,361.0608462387927,0.3125,215.0
mppi_flee,mppi_direct,300.0,1800.0,0.1,0.09,5.0,4.5,10.0,10.0,10,100.0,inf,cone,both,5000.0,10.0,0.01,30.0,0.01,256,20,3,0.5,0.1,0.99,10.0,256,20,0,128,31,4.238014529215939,3.802417399540528,49.60050199254508,3906.9127952441545,0.7776475694444445,546.9756375856573,0.2421875,220.0
mppi_flee,mppi_direct,300.0,1800.0,0.1,0.09,5.0,5.0,10.0,10.0,10,100.0,inf,cone,both,5000.0,10.0,0.01,30.0,0.01,256,20,3,0.5,0.1,0.99,10.0,256,20,0,128,34,4.165946088550791,4.10571650179675,48.71471245478203,4323.167285244911,0.7832465277777778,572.3212613821249,0.265625,220.0
mppi_flee,mppi_direct,300.0,1800.0,0.1,0.09,5.0,5.5,10.0,10.0,10,100.0,inf,cone,both,5000.0,10.0,0.01,30.0,0.01,256,20,3,0.5,0.1,0.99,10.0,256,20,0,128,32,4.214008012944372,4.534731939800007,48.97853616102212,4852.962974647464,0.7710069444444444,583.2665555965901,0.25,220.0
mppi_flee,mppi_direct,300.0,1800.0,0.1,0.09,5.0,6.25,10.0,10.0,10,100.0,inf,cone,both,5000.0,10.0,0.01,30.0,0.01,256,20,3,0.5,0.1,0.99,10.0,256,20,0,128,31,4.23689426682835,5.131251614883987,49.04327760220292,5560.768869071679,0.7474826388888889,611.7325053709068,0.2421875,220.0
mppi_flee,mppi_direct,300.0,1800.0,0.1,0.09,5.0,7.5,10.0,10.0,10,100.0,inf,cone,both,5000.0,10.0,0.01,30.0,0.01,256,20,3,0.5,0.1,0.99,10.0,256,20,0,128,31,4.236894124141099,6.078507907213855,49.04605908499648,6530.424736445111,0.7117621527777778,638.611194844478,0.2421875,220.0
mppi_flee,mppi_direct,300.0,1800.0,0.1,0.09,5.0,10.0,10.0,10.0,10,100.0,inf,cone,both,5000.0,10.0,0.01,30.0,0.01,256,20,3,0.5,0.1,0.99,10.0,256,20,0,128,31,4.236894124141099,7.973039157213855,49.04605826415177,8011.579928956899,0.6692274305555556,720.120017711178,0.2421875,220.0
mppi_flee,mppi_direct,300.0,1800.0,0.1,0.09,5.0,inf,10.0,10.0,10,100.0,inf,cone,both,5000.0,10.0,0.01,30.0,0.01,256,20,3,0.5,0.1,0.99,10.0,256,20,0,128,31,4.236894124141099,12.020693735170047,49.04605826415177,9189.814041288008,0.6631944444444444,814.8892848250949,0.2421875,220.0
mppi_flee,mppi_direct,300.0,1800.0,0.1,0.1,5.0,1.25,10.0,10.0,10,100.0,inf,cone,both,5000.0,10.0,0.01,30.0,0.01,256,20,3,0.5,0.1,0.99,10.0,256,20,0,128,90,4.154162831138004,1.25,35.502545107379994,686.8823121574841,0.7762640851795264,236.97310906435504,0.703125,485.0
mppi_flee,mppi_direct,300.0,1800.0,0.1,0.1,5.0,2.5,10.0,10.0,10,100.0,inf,cone,both,5000.0,10.0,0.01,30.0,0.01,256,20,3,0.5,0.1,0.99,10.0,256,20,0,128,30,4.270688228391576,2.31362196624653,44.63286822571824,1502.3983345398904,0.8433345734126985,259.4409154991993,0.234375,210.0
mppi_flee,mppi_direct,300.0,1800.0,0.1,0.1,5.0,3.75,10.0,10.0,10,100.0,inf,cone,both,5000.0,10.0,0.01,30.0,0.01,256,20,3,0.5,0.1,0.99,10.0,256,20,0,128,23,4.428576964940494,3.387778152590326,58.25294741163465,3228.1559070292574,0.8021622474747475,477.340458378333,0.1796875,210.0
mppi_flee,mppi_direct,300.0,1800.0,0.1,0.1,5.0,4.5,10.0,10.0,10,100.0,inf,cone,both,5000.0,10.0,0.01,30.0,0.01,256,20,3,0.5,0.1,0.99,10.0,256,20,0,128,27,4.325912600158657,3.923141454716542,56.0832910408182,4062.483301220623,0.7801322375541125,557.5035558933989,0.2109375,210.0
mppi_flee,mppi_direct,300.0,1800.0,0.1,0.1,5.0,5.0,10.0,10.0,10,100.0,inf,cone,both,5000.0,10.0,0.01,30.0,0.01,256,20,3,0.5,0.1,0.99,10.0,256,20,0,128,25,4.374081205983874,4.36182959407462,55.85789816299363,4685.164836151335,0.7714161706349206,609.7629664678171,0.1953125,210.0
mppi_flee,mppi_direct,300.0,1800.0,0.1,0.1,5.0,5.5,10.0,10.0,10,100.0,inf,cone,both,5000.0,10.0,0.01,30.0,0.01,256,20,3,0.5,0.1,0.99,10.0,256,20,0,128,31,4.231731850358282,4.592101239102018,55.638051777957855,5056.873251812155,0.7612599206349207,619.4261266874415,0.2421875,210.0
mppi_flee,mppi_direct,300.0,1800.0,0.1,0.1,5.0,6.25,10.0,10.0,10,100.0,inf,cone,both,5000.0,10.0,0.01,30.0,0.01,256,20,3,0.5,0.1,0.99,10.0,256,20,0,128,31,4.229599401183105,5.161937202934204,55.321297726976,5788.1103578700695,0.7332899305555556,661.3340029628146,0.2421875,210.0
mppi_flee,mppi_direct,300.0,1800.0,0.1,0.1,5.0,7.5,10.0,10.0,10,100.0,inf,cone,both,5000.0,10.0,0.01,30.0,0.01,256,20,3,0.5,0.1,0.99,10.0,256,20,0,128,30,4.254104481734072,6.153887788367011,55.34759286051416,6942.491469214903,0.68671875,728.8523612207075,0.234375,210.0
mppi_flee,mppi_direct,300.0,1800.0,0.1,0.1,5.0,10.0,10.0,10.0,10,100.0,inf,cone,both,5000.0,10.0,0.01,30.0,0.01,256,20,3,0.5,0.1,0.99,10.0,256,20,0,128,30,4.254104481569902,8.067950292927764,55.347643283424574,8677.863909095026,0.6391493055555556,825.7721781677699,0.234375,210.0
mppi_flee,mppi_direct,300.0,1800.0,0.1,0.1,5.0,inf,10.0,10.0,10,100.0,inf,cone,both,5000.0,10.0,0.01,30.0,0.01,256,20,3,0.5,0.1,0.99,10.0,256,20,0,128,30,4.254104481569902,13.477435084916202,55.347643283424574,10596.730845548398,0.63046875,1000.1853390747472,0.234375,210.0
mppi_flee,mppi_direct,300.0,1800.0,0.1,0.11,5.0,1.25,10.0,10.0,10,100.0,inf,cone,both,5000.0,10.0,0.01,30.0,0.01,256,20,3,0.5,0.1,0.99,10.0,256,20,0,128,91,4.002342710981419,1.25,37.7443814175329,724.0340290061191,0.7662424273384327,273.34797110789754,0.7109375,450.0
mppi_flee,mppi_direct,300.0,1800.0,0.1,0.11,5.0,2.5,10.0,10.0,10,100.0,inf,cone,both,5000.0,10.0,0.01,30.0,0.01,256,20,3,0.5,0.1,0.99,10.0,256,20,0,128,20,4.4898798658696775,2.3898555875491434,50.50844166794336,1547.634086889506,0.8126302083333333,356.75813924736104,0.15625,200.0
mppi_flee,mppi_direct,300.0,1800.0,0.1,0.11,5.0,3.75,10.0,10.0,10,100.0,inf,cone,both,5000.0,10.0,0.01,30.0,0.01,256,20,3,0.5,0.1,0.99,10.0,256,20,0,128,22,4.438088311490768,3.42423841146061,65.49842022438865,3288.019201046682,0.7983940972222222,434.31822246722254,0.171875,200.0
mppi_flee,mppi_direct,300.0,1800.0,0.1,0.11,5.0,4.5,10.0,10.0,10,100.0,inf,cone,both,5000.0,10.0,0.01,30.0,0.01,256,20,3,0.5,0.1,0.99,10.0,256,20,0,128,22,4.442727360791842,4.046514963737173,63.852241347370295,4260.076979387754,0.7790798611111112,610.6299631659075,0.171875,200.0
mppi_flee,mppi_direct,300.0,1800.0,0.1,0.11,5.0,5.0,10.0,10.0,10,100.0,inf,cone,both,5000.0,10.0,0.01,30.0,0.01,256,20,3,0.5,0.1,0.99,10.0,256,20,0,128,21,4.463595048885927,4.490425974569122,63.71331306962604,4959.810300176667,0.7627728174603174,612.8164083935143,0.1640625,200.0
mppi_flee,mppi_direct,300.0,1800.0,0.1,0.11,5.0,5.5,10.0,10.0,10,100.0,inf,cone,both,5000.0,10.0,0.01,30.0,0.01,256,20,3,0.5,0.1,0.99,10.0,256,20,0,128,20,4.491242968992724,4.933349452965106,63.26556760233775,5614.910927999869,0.7537078373015873,602.8850959092282,0.15625,200.0
mppi_flee,mppi_direct,300.0,1800.0,0.1,0.11,5.0,6.25,10.0,10.0,10,100.0,inf,cone,both,5000.0,10.0,0.01,30.0,0.01,256,20,3,0.5,0.1,0.99,10.0,256,20,0,128,20,4.493501761854343,5.5681158710614005,62.75603474815552,6555.60844710786,0.7122395833333334,708.5077182106847,0.15625,205.0
mppi_flee,mppi_direct,300.0,1800.0,0.1,0.11,5.0,7.5,10.0,10.0,10,100.0,inf,cone,both,5000.0,10.0,0.01,30.0,0.01,256,20,3,0.5,0.1,0.99,10.0,256,20,0,128,21,4.468392011380625,6.578273968679687,62.92206645378288,7834.282904409482,0.65546875,811.7771641624284,0.1640625,210.0
mppi_flee,mppi_direct,300.0,1800.0,0.1,0.11,5.0,10.0,10.0,10.0,10,100.0,inf,cone,both,5000.0,10.0,0.01,30.0,0.01,256,20,3,0.5,0.1,0.99,10.0,256,20,0,128,21,4.468421717582522,8.668127329083338,62.94823612921221,9948.386629805122,0.5951388888888889,954.1498513714712,0.1640625,210.0
mppi_flee,mppi_direct,300.0,1800.0,0.1,0.11,5.0,inf,10.0,10.0,10,100.0,inf,cone,both,5000.0,10.0,0.01,30.0,0.01,256,20,3,0.5,0.1,0.99,10.0,256,20,0,128,21,4.468421717582522,16.01306334685296,62.94823612921221,12944.537215771346,0.5816840277777778,1243.7849818854202,0.1640625,210.0
mppi_flee,mppi_direct,300.0,1800.0,0.1,0.125,5.0,1.25,10.0,10.0,10,100.0,inf,cone,both,5000.0,10.0,0.01,30.0,0.01,256,20,3,0.5,0.1,0.99,10.0,256,20,0,128,92,4.062615338926927,1.25,43.074374182285126,728.6961846753055,0.7438901334694494,303.6915194181718,0.71875,445.0
mppi_flee,mppi_direct,300.0,1800.0,0.1,0.125,5.0,2.5,10.0,10.0,10,100.0,inf,cone,both,5000.0,10.0,0.01,30.0,0.01,256,20,3,0.5,0.1,0.99,10.0,256,20,0,128,14,4.713761920178814,2.453545093945129,58.07055263505615,1653.3164216859536,0.7766059027777777,432.05175304857,0.109375,200.0
mppi_flee,mppi_direct,300.0,1800.0,0.1,0.125,5.0,3.75,10.0,10.0,10,100.0,inf,cone,both,5000.0,10.0,0.01,30.0,0.01,256,20,3,0.5,0.1,0.99,10.0,256,20,0,128,17,4.559927684115456,3.517889064763036,74.98261730846224,3329.153100307064,0.7924707602339182,525.692830668456,0.1328125,190.0
mppi_flee,mppi_direct,300.0,1800.0,0.1,0.125,5.0,4.5,10.0,10.0,10,100.0,inf,cone,both,5000.0,10.0,0.01,30.0,0.01,256,20,3,0.5,0.1,0.99,10.0,256,20,0,128,11,4.717097144030539,4.287125212401692,79.6490203896263,4647.926707296624,0.79453125,523.1309061136864,0.0859375,200.0
mppi_flee,mppi_direct,300.0,1800.0,0.1,0.125,5.0,5.0,10.0,10.0,10,100.0,inf,cone,both,5000.0,10.0,0.01,30.0,0.01,256,20,3,0.5,0.1,0.99,10.0,256,20,0,128,14,4.640724112239946,4.675977529300867,77.22937213597942,5310.558983312561,0.7412760416666667,776.139056351715,0.109375,195.0
mppi_flee,mppi_direct,300.0,1800.0,0.1,0.125,5.0,5.5,10.0,10.0,10,100.0,inf,cone,both,5000.0,10.0,0.01,30.0,0.01,256,20,3,0.5,0.1,0.99,10.0,256,20,0,128,13,4.662212511663704,5.150255800674118,75.70973689671341,5988.380461035012,0.7282986111111112,785.2986782306365,0.1015625,190.0
mppi_flee,mppi_direct,300.0,1800.0,0.1,0.125,5.0,6.25,10.0,10.0,10,100.0,inf,cone,both,5000.0,10.0,0.01,30.0,0.01,256,20,3,0.5,0.1,0.99,10.0,256,20,0,128,14,4.634952111967799,5.79360905163113,75.98612274846256,6951.211807871804,0.7002604166666667,738.2322528281248,0.109375,200.0
mppi_flee,mppi_direct,300.0,1800.0,0.1,0.125,5.0,7.5,10.0,10.0,10,100.0,inf,cone,both,5000.0,10.0,0.01,30.0,0.01,256,20,3,0.5,0.1,0.99,10.0,256,20,0,128,11,4.712044543521094,7.033151517970054,76.20591179494008,8636.543603502985,0.6291232638888888,877.3204685189338,0.0859375,200.0
mppi_flee,mppi_direct,300.0,1800.0,0.1,0.125,5.0,10.0,10.0,10.0,10,100.0,inf,cone,both,5000.0,10.0,0.01,30.0,0.01,256,20,3,0.5,0.1,0.99,10.0,256,20,0,128,11,4.710454474654621,9.31789897301583,76.16140772215832,11220.004753818606,0.544921875,1039.664639748295,0.0859375,190.0
mppi_flee,mppi_direct,300.0,1800.0,0.1,0.125,5.0,inf,10.0,10.0,10,100.0,inf,cone,both,5000.0,10.0,0.01,30.0,0.01,256,20,3,0.5,0.1,0.99,10.0,256,20,0,128,11,4.710454474654621,19.696908521402055,76.16140772044076,16103.584162191217,0.5221788194444444,1541.6639674246685,0.0859375,190.0
mppi_flee,mppi_direct,300.0,1800.0,0.1,0.15,5.0,1.25,10.0,10.0,10,100.0,inf,cone,both,5000.0,10.0,0.01,30.0,0.01,256,20,3,0.5,0.1,0.99,10.0,256,20,0,128,95,3.917979392339241,1.25,46.453768035096125,723.7362478506161,0.7344761166296834,331.3131015802672,0.7421875,420.0
mppi_flee,mppi_direct,300.0,1800.0,0.1,0.15,5.0,2.5,10.0,10.0,10,100.0,inf,cone,both,5000.0,10.0,0.01,30.0,0.01,256,20,3,0.5,0.1,0.99,10.0,256,20,0,128,6,4.947069328039575,2.49519947300379,64.03961835853492,1645.7532509490952,0.7891059027777778,466.4220060983841,0.046875,775.0
mppi_flee,mppi_direct,300.0,1800.0,0.1,0.15,5.0,3.75,10.0,10.0,10,100.0,inf,cone,both,5000.0,10.0,0.01,30.0,0.01,256,20,3,0.5,0.1,0.99,10.0,256,20,0,128,10,4.731245169645917,3.637847058715473,101.14151279658503,3516.019542027653,0.7778211805555556,606.5460076927417,0.078125,185.0
mppi_flee,mppi_direct,300.0,1800.0,0.1,0.15,5.0,4.5,10.0,10.0,10,100.0,inf,cone,both,5000.0,10.0,0.01,30.0,0.01,256,20,3,0.5,0.1,0.99,10.0,256,20,0,128,11,4.707992008784991,4.313367077117841,99.64200453615403,4845.484434052037,0.7679276315789474,710.7074603000151,0.0859375,180.0
mppi_flee,mppi_direct,300.0,1800.0,0.1,0.15,5.0,5.0,10.0,10.0,10,100.0,inf,cone,both,5000.0,10.0,0.01,30.0,0.01,256,20,3,0.5,0.1,0.99,10.0,256,20,0,128,9,4.763081045739192,4.81500769453971,100.869669328853,5631.728184472267,0.756640625,679.4251769909765,0.0703125,180.0
mppi_flee,mppi_direct,300.0,1800.0,0.1,0.15,5.0,5.5,10.0,10.0,10,100.0,inf,cone,both,5000.0,10.0,0.01,30.0,0.01,256,20,3,0.5,0.1,0.99,10.0,256,20,0,128,5,4.868425833957134,5.376931441189619,104.63208130985788,6676.0947088822495,0.7171875,809.4572952054849,0.0390625,180.0
mppi_flee,mppi_direct,300.0,1800.0,0.1,0.15,5.0,6.25,10.0,10.0,10,100.0,inf,cone,both,5000.0,10.0,0.01,30.0,0.01,256,20,3,0.5,0.1,0.99,10.0,256,20,0,128,6,4.837965967094226,6.064573241459726,100.98957809562188,7799.797611806211,0.663671875,916.8783118090952,0.046875,180.0
mppi_flee,mppi_direct,300.0,1800.0,0.1,0.15,5.0,7.5,10.0,10.0,10,100.0,inf,cone,both,5000.0,10.0,0.01,30.0,0.01,256,20,3,0.5,0.1,0.99,10.0,256,20,0,128,6,4.840100723706781,7.2601223108988355,100.16633195777908,9564.206115670846,0.5955295138888889,1054.922344455056,0.046875,185.0
mppi_flee,mppi_direct,300.0,1800.0,0.1,0.15,5.0,10.0,10.0,10.0,10,100.0,inf,cone,both,5000.0,10.0,0.01,30.0,0.01,256,20,3,0.5,0.1,0.99,10.0,256,20,0,128,7,4.814556831797784,9.581193773957594,99.570186594951,12554.373489597148,0.4977430555555555,1255.634617751173,0.0546875,180.0
mppi_flee,mppi_direct,300.0,1800.0,0.1,0.15,5.0,inf,10.0,10.0,10,100.0,inf,cone,both,5000.0,10.0,0.01,30.0,0.01,256,20,3,0.5,0.1,0.99,10.0,256,20,0,128,7,4.81455683873055,24.365556243714096,99.56824812481094,20598.298281373845,0.4618055555555556,2171.5973595597006,0.0546875,180.0
mppi_flee,mppi_direct,300.0,1800.0,0.1,0.2,5.0,1.25,10.0,10.0,10,100.0,inf,cone,both,5000.0,10.0,0.01,30.0,0.01,256,20,3,0.5,0.1,0.99,10.0,256,20,0,128,97,3.890334299281612,1.25,52.90958722406421,704.8416916003216,0.7585172206632416,315.120217297596,0.7578125,430.0
mppi_flee,mppi_direct,300.0,1800.0,0.1,0.2,5.0,2.5,10.0,10.0,10,100.0,inf,cone,both,5000.0,10.0,0.01,30.0,0.01,256,20,3,0.5,0.1,0.99,10.0,256,20,0,128,9,4.97190193008557,2.5,70.56586981729905,1934.092447642489,0.7444986979166667,599.2172179999967,0.0703125,780.0
mppi_flee,mppi_direct,300.0,1800.0,0.1,0.2,5.0,3.75,10.0,10.0,10,100.0,inf,cone,both,5000.0,10.0,0.01,30.0,0.01,256,20,3,0.5,0.1,0.99,10.0,256,20,0,128,2,4.944577404672061,3.73547667819021,156.29511267240105,3702.362897941294,0.7485677083333333,810.3963762408084,0.015625,165.0
mppi_flee,mppi_direct,300.0,1800.0,0.1,0.2,5.0,4.5,10.0,10.0,10,100.0,inf,cone,both,5000.0,10.0,0.01,30.0,0.01,256,20,3,0.5,0.1,0.99,10.0,256,20,0,128,3,4.915350792851124,4.459082634101183,144.73141675758202,5032.966509773471,0.765625,855.4495070266644,0.0234375,160.0
mppi_flee,mppi_direct,300.0,1800.0,0.1,0.2,5.0,5.0,10.0,10.0,10,100.0,inf,cone,both,5000.0,10.0,0.01,30.0,0.01,256,20,3,0.5,0.1,0.99,10.0,256,20,0,128,2,4.943349013807143,4.96797416919188,156.1400780325619,6600.116077021795,0.7010416666666667,1040.304240795694,0.015625,165.0
mppi_flee,mppi_direct,300.0,1800.0,0.1,0.2,5.0,5.5,10.0,10.0,10,100.0,inf,cone,both,5000.0,10.0,0.01,30.0,0.01,256,20,3,0.5,0.1,0.99,10.0,256,20,0,128,1,4.973496898291709,5.477881103988113,162.44231111198778,7387.155466568761,0.6790798611111111,1071.163310985193,0.0078125,180.0
mppi_flee,mppi_direct,300.0,1800.0,0.1,0.2,5.0,6.25,10.0,10.0,10,100.0,inf,cone,both,5000.0,10.0,0.01,30.0,0.01,256,20,3,0.5,0.1,0.99,10.0,256,20,0,128,3,4.917816609956753,6.169391635241624,155.75918079211996,8913.16889306147,0.6010850694444444,1312.2679604163377,0.0234375,170.0
mppi_flee,mppi_direct,300.0,1800.0,0.1,0.2,5.0,7.5,10.0,10.0,10,100.0,inf,cone,both,5000.0,10.0,0.01,30.0,0.01,256,20,3,0.5,0.1,0.99,10.0,256,20,0,128,2,4.943386086756545,7.428360790089126,156.60736089214217,11272.137830694031,0.5328559027777777,1403.064261101689,0.015625,165.0
mppi_flee,mppi_direct,300.0,1800.0,0.1,0.2,5.0,10.0,10.0,10.0,10,100.0,inf,cone,both,5000.0,10.0,0.01,30.0,0.01,256,20,3,0.5,0.1,0.99,10.0,256,20,0,128,5,4.861918443782518,9.720338695637698,157.7100669573429,14823.218392166082,0.4296875,1851.4965823809412,0.0390625,170.0
mppi_flee,mppi_direct,300.0,1800.0,0.1,0.2,5.0,inf,10.0,10.0,10,100.0,inf,cone,both,5000.0,10.0,0.01,30.0,0.01,256,20,3,0.5,0.1,0.99,10.0,256,20,0,128,5,4.86211547994864,33.01416035464936,157.39906034062807,30134.90387028079,0.3807725694444444,3924.133455663818,0.0390625,170.0
mppi_flee,mppi_lqr,300.0,1800.0,0.1,0.025,5.0,1.25,10.0,10.0,10,100.0,inf,cone,both,5000.0,10.0,0.01,30.0,0.01,256,20,3,0.5,0.1,0.99,10.0,256,20,0,128,90,3.371808562995726,0.7786618464176941,30.804060626872268,439.0281329787384,0.7065104166666667,154.29093939757954,0.703125,330.0
mppi_flee,mppi_lqr,300.0,1800.0,0.1,0.025,5.0,2.5,10.0,10.0,10,100.0,inf,cone,both,5000.0,10.0,0.01,30.0,0.01,256,20,3,0.5,0.1,0.99,10.0,256,20,0,128,90,3.379501033638099,1.1596169832619745,31.8070715832288,784.2309320437519,0.7037431963213213,242.82928107018563,0.703125,330.0
mppi_flee,mppi_lqr,300.0,1800.0,0.1,0.025,5.0,3.75,10.0,10.0,10,100.0,inf,cone,both,5000.0,10.0,0.01,30.0,0.01,256,20,3,0.5,0.1,0.99,10.0,256,20,0,128,90,3.379501033638099,1.5307107332619745,31.8070715832288,926.3594763247484,0.7035695852102102,258.99957571672724,0.703125,330.0
mppi_flee,mppi_lqr,300.0,1800.0,0.1,0.025,5.0,4.5,10.0,10.0,10,100.0,inf,cone,both,5000.0,10.0,0.01,30.0,0.01,256,20,3,0.5,0.1,0.99,10.0,256,20,0,128,90,3.379501033638099,1.6377166508085417,31.8070715832288,932.2929850447016,0.7035695852102102,259.03196087647484,0.703125,330.0
mppi_flee,mppi_lqr,300.0,1800.0,0.1,0.025,5.0,5.0,10.0,10.0,10,100.0,inf,cone,both,5000.0,10.0,0.01,30.0,0.01,256,20,3,0.5,0.1,0.99,10.0,256,20,0,128,90,3.379501033638099,1.638191639578002,31.8070715832288,932.0973952775308,0.7035695852102102,259.0244878978255,0.703125,330.0
mppi_flee,mppi_lqr,300.0,1800.0,0.1,0.025,5.0,5.5,10.0,10.0,10,100.0,inf,cone,both,5000.0,10.0,0.01,30.0,0.01,256,20,3,0.5,0.1,0.99,10.0,256,20,0,128,90,3.379501033638099,1.6382238128773832,31.8070715832288,932.08366784012,0.7035695852102102,259.02424300455027,0.703125,330.0
mppi_flee,mppi_lqr,300.0,1800.0,0.1,0.025,5.0,6.25,10.0,10.0,10,100.0,inf,cone,both,5000.0,10.0,0.01,30.0,0.01,256,20,3,0.5,0.1,0.99,10.0,256,20,0,128,90,3.379501033638099,1.638223553828378,31.8070715832288,932.0836717846644,0.7035695852102102,259.0242429881402,0.703125,330.0
mppi_flee,mppi_lqr,300.0,1800.0,0.1,0.025,5.0,7.5,10.0,10.0,10,100.0,inf,cone,both,5000.0,10.0,0.01,30.0,0.01,256,20,3,0.5,0.1,0.99,10.0,256,20,0,128,90,3.379501033638099,1.638223553828378,31.8070715832288,932.0836717846644,0.7035695852102102,259.0242429881402,0.703125,330.0
mppi_flee,mppi_lqr,300.0,1800.0,0.1,0.025,5.0,10.0,10.0,10.0,10,100.0,inf,cone,both,5000.0,10.0,0.01,30.0,0.01,256,20,3,0.5,0.1,0.99,10.0,256,20,0,128,90,3.379501033638099,1.638223553828378,31.8070715832288,932.0836717846644,0.7035695852102102,259.0242429881402,0.703125,330.0
mppi_flee,mppi_lqr,300.0,1800.0,0.1,0.025,5.0,inf,10.0,10.0,10,100.0,inf,cone,both,5000.0,10.0,0.01,30.0,0.01,256,20,3,0.5,0.1,0.99,10.0,256,20,0,128,90,3.379501033638099,1.638223553828378,31.8070715832288,932.0836717846644,0.7035695852102102,259.0242429881402,0.703125,330.0
mppi_flee,mppi_lqr,300.0,1800.0,0.1,0.05,5.0,1.25,10.0,10.0,10,100.0,inf,cone,both,5000.0,10.0,0.01,30.0,0.01,256,20,3,0.5,0.1,0.99,10.0,256,20,0,128,89,3.966941193322139,1.25,66.15065404033943,842.1050099357287,0.7016493055555556,310.2156586477475,0.6953125,420.0
mppi_flee,mppi_lqr,300.0,1800.0,0.1,0.05,5.0,2.5,10.0,10.0,10,100.0,inf,cone,both,5000.0,10.0,0.01,30.0,0.01,256,20,3,0.5,0.1,0.99,10.0,256,20,0,128,88,4.01570668548037,1.967863998872173,63.18085975652421,1217.3739188475477,0.7013454861111111,441.0127034275968,0.6875,420.0
mppi_flee,mppi_lqr,300.0,1800.0,0.1,0.05,5.0,3.75,10.0,10.0,10,100.0,inf,cone,both,5000.0,10.0,0.01,30.0,0.01,256,20,3,0.5,0.1,0.99,10.0,256,20,0,128,84,4.147546372165576,2.5377148044592044,64.62363223871621,1751.6802723385736,0.7026041666666667,586.343126129704,0.65625,430.0
mppi_flee,mppi_lqr,300.0,1800.0,0.1,0.05,5.0,4.5,10.0,10.0,10,100.0,inf,cone,both,5000.0,10.0,0.01,30.0,0.01,256,20,3,0.5,0.1,0.99,10.0,256,20,0,128,84,4.153088830816017,2.800772730471537,64.92116686637598,1967.6826467095227,0.7026909722222222,634.3531670507882,0.65625,430.0
mppi_flee,mppi_lqr,300.0,1800.0,0.1,0.05,5.0,5.0,10.0,10.0,10,100.0,inf,cone,both,5000.0,10.0,0.01,30.0,0.01,256,20,3,0.5,0.1,0.99,10.0,256,20,0,128,84,4.153055570283865,2.9729001158629176,64.92679669526098,2096.6379031538627,0.7031684027777778,655.5457061831978,0.65625,430.0
mppi_flee,mppi_lqr,300.0,1800.0,0.1,0.05,5.0,5.5,10.0,10.0,10,100.0,inf,cone,both,5000.0,10.0,0.01,30.0,0.01,256,20,3,0.5,0.1,0.99,10.0,256,20,0,128,84,4.153055567212772,3.144775114837266,64.92643142235362,2212.8136321279494,0.7031684027777778,673.4490182656374,0.65625,430.0
mppi_flee,mppi_lqr,300.0,1800.0,0.1,0.05,5.0,6.25,10.0,10.0,10,100.0,inf,cone,both,5000.0,10.0,0.01,30.0,0.01,256,20,3,0.5,0.1,0.99,10.0,256,20,0,128,84,4.153055567212772,3.402587614837266,64.92644332939525,2348.275035348913,0.7026909722222222,691.998067351213,0.65625,430.0
mppi_flee,mppi_lqr,300.0,1800.0,0.1,0.05,5.0,7.5,10.0,10.0,10,100.0,inf,cone,both,5000.0,10.0,0.01,30.0,0.01,256,20,3,0.5,0.1,0.99,10.0,256,20,0,128,84,4.153055567212772,3.832275114837266,64.92644332939525,2486.3261644180147,0.7021267361111111,702.8918242164544,0.65625,430.0
mppi_flee,mppi_lqr,300.0,1800.0,0.1,0.05,5.0,10.0,10.0,10.0,10,100.0,inf,cone,both,5000.0,10.0,0.01,30.0,0.01,256,20,3,0.5,0.1,0.99,10.0,256,20,0,128,84,4.153055567212772,4.180768443529564,64.92644332939525,2516.9351808392,0.7021267361111111,703.6373472017264,0.65625,430.0
mppi_flee,mppi_lqr,300.0,1800.0,0.1,0.05,5.0,inf,10.0,10.0,10,100.0,inf,cone,both,5000.0,10.0,0.01,30.0,0.01,256,20,3,0.5,0.1,0.99,10.0,256,20,0,128,84,4.153055567212772,4.180465143025677,64.92644332939525,2516.8705622715806,0.7021267361111111,703.6371307214663,0.65625,430.0
mppi_flee,mppi_lqr,300.0,1800.0,0.1,0.075,5.0,1.25,10.0,10.0,10,100.0,inf,cone,both,5000.0,10.0,0.01,30.0,0.01,256,20,3,0.5,0.1,0.99,10.0,256,20,0,128,91,4.147391408015445,1.25,78.38270803922829,905.4454083032772,0.720534277608401,318.6096818719675,0.7109375,450.0
mppi_flee,mppi_lqr,300.0,1800.0,0.1,0.075,5.0,2.5,10.0,10.0,10,100.0,inf,cone,both,5000.0,10.0,0.01,30.0,0.01,256,20,3,0.5,0.1,0.99,10.0,256,20,0,128,85,4.9036497669105,2.5,85.12130637607879,1552.7427234831298,0.705724676724138,581.1983612884887,0.6640625,580.0
mppi_flee,mppi_lqr,300.0,1800.0,0.1,0.075,5.0,3.75,10.0,10.0,10,100.0,inf,cone,both,5000.0,10.0,0.01,30.0,0.01,256,20,3,0.5,0.1,0.99,10.0,256,20,0,128,14,4.973257546453888,3.726835071932455,137.61503354162113,3040.952651057759,0.7017795138888889,766.465151973066,0.109375,530.0
mppi_flee,mppi_lqr,300.0,1800.0,0.1,0.075,5.0,4.5,10.0,10.0,10,100.0,inf,cone,both,5000.0,10.0,0.01,30.0,0.01,256,20,3,0.5,0.1,0.99,10.0,256,20,0,128,3,4.99320186039906,4.475734301460957,136.43981993550858,4179.9694075189245,0.7130642361111111,797.9579314609551,0.0234375,510.0
mppi_flee,mppi_lqr,300.0,1800.0,0.1,0.075,5.0,5.0,10.0,10.0,10,100.0,inf,cone,both,5000.0,10.0,0.01,30.0,0.01,256,20,3,0.5,0.1,0.99,10.0,256,20,0,128,3,4.994531978442593,4.967082014387475,135.4020681647538,4773.677956304808,0.7100260416666667,864.532076978578,0.0234375,510.0
mppi_flee,mppi_lqr,300.0,1800.0,0.1,0.075,5.0,5.5,10.0,10.0,10,100.0,inf,cone,both,5000.0,10.0,0.01,30.0,0.01,256,20,3,0.5,0.1,0.99,10.0,256,20,0,128,3,4.990597443404091,5.453802513604055,134.747092551737,5355.290549672828,0.70703125,908.7776747186213,0.0234375,510.0
mppi_flee,mppi_lqr,300.0,1800.0,0.1,0.075,5.0,6.25,10.0,10.0,10,100.0,inf,cone,both,5000.0,10.0,0.01,30.0,0.01,256,20,3,0.5,0.1,0.99,10.0,256,20,0,128,3,4.987728271548267,6.183940892848322,134.91711836108158,6096.128561775111,0.6938368055555556,962.542267435944,0.0234375,490.0
mppi_flee,mppi_lqr,300.0,1800.0,0.1,0.075,5.0,7.5,10.0,10.0,10,100.0,inf,cone,both,5000.0,10.0,0.01,30.0,0.01,256,20,3,0.5,0.1,0.99,10.0,256,20,0,128,2,5.0,7.443099469690666,135.0679580377074,7181.990837035676,0.6663628472222223,1029.782060130383,0.015625,545.0
mppi_flee,mppi_lqr,300.0,1800.0,0.1,0.075,5.0,10.0,10.0,10.0,10,100.0,inf,cone,both,5000.0,10.0,0.01,30.0,0.01,256,20,3,0.5,0.1,0.99,10.0,256,20,0,128,2,5.0,9.904037170600454,135.06876849883156,8576.53240267192,0.623046875,1097.5254618249016,0.015625,545.0
mppi_flee,mppi_lqr,300.0,1800.0,0.1,0.075,5.0,inf,10.0,10.0,10,100.0,inf,cone,both,5000.0,10.0,0.01,30.0,0.01,256,20,3,0.5,0.1,0.99,10.0,256,20,0,128,2,5.0,12.726274580092335,135.06876849883156,9085.068877326716,0.618359375,1122.573873376893,0.015625,545.0
mppi_flee,mppi_lqr,300.0,1800.0,0.1,0.09,5.0,1.25,10.0,10.0,10,100.0,inf,cone,both,5000.0,10.0,0.01,30.0,0.01,256,20,3,0.5,0.1,0.99,10.0,256,20,0,128,93,4.170436336543329,1.25,77.58970122666315,874.590047589978,0.7242756564088085,311.5851176616392,0.7265625,460.0
mppi_flee,mppi_lqr,300.0,1800.0,0.1,0.09,5.0,2.5,10.0,10.0,10,100.0,inf,cone,both,5000.0,10.0,0.01,30.0,0.01,256,20,3,0.5,0.1,0.99,10.0,256,20,0,128,77,4.97390382118457,2.5,86.96838599934968,1687.0019745845364,0.7192997685185185,589.3782759469468,0.6015625,610.0
mppi_flee,mppi_lqr,300.0,1800.0,0.1,0.09,5.0,3.75,10.0,10.0,10,100.0,inf,cone,both,5000.0,10.0,0.01,30.0,0.01,256,20,3,0.5,0.1,0.99,10.0,256,20,0,128,0,5.0,3.75,205.8884192100953,2710.510727964472,0.7161024305555556,800.143136507261,0.0,
mppi_flee,mppi_lqr,300.0,1800.0,0.1,0.09,5.0,4.5,10.0,10.0,10,100.0,inf,cone,both,5000.0,10.0,0.01,30.0,0.01,256,20,3,0.5,0.1,0.99,10.0,256,20,0,128,0,5.0,4.5,248.4752056162096,4056.963754620172,0.7203125,854.357357303229,0.0,
mppi_flee,mppi_lqr,300.0,1800.0,0.1,0.09,5.0,5.0,10.0,10.0,10,100.0,inf,cone,both,5000.0,10.0,0.01,30.0,0.01,256,20,3,0.5,0.1,0.99,10.0,256,20,0,128,0,5.0,5.0,247.2329325799675,4926.602710346437,0.7131510416666667,966.1179853586116,0.0,
mppi_flee,mppi_lqr,300.0,1800.0,0.1,0.09,5.0,5.5,10.0,10.0,10,100.0,inf,cone,both,5000.0,10.0,0.01,30.0,0.01,256,20,3,0.5,0.1,0.99,10.0,256,20,0,128,0,5.0,5.5,245.17096822927192,5670.599021756658,0.7133680555555556,986.3517116253594,0.0,
mppi_flee,mppi_lqr,300.0,1800.0,0.1,0.09,5.0,6.25,10.0,10.0,10,100.0,inf,cone,both,5000.0,10.0,0.01,30.0,0.01,256,20,3,0.5,0.1,0.99,10.0,256,20,0,128,0,5.0,6.25,244.75862951997917,6628.1890585434585,0.6959201388888889,1082.6910595981328,0.0,
mppi_flee,mppi_lqr,300.0,1800.0,0.1,0.09,5.0,7.5,10.0,10.0,10,100.0,inf,cone,both,5000.0,10.0,0.01,30.0,0.01,256,20,3,0.5,0.1,0.99,10.0,256,20,0,128,0,5.0,7.5,243.80337340072708,8038.034909759133,0.6471788194444444,1192.9288216034097,0.0,
mppi_flee,mppi_lqr,300.0,1800.0,0.1,0.09,5.0,10.0,10.0,10.0,10,100.0,inf,cone,both,5000.0,10.0,0.01,30.0,0.01,256,20,3,0.5,0.1,0.99,10.0,256,20,0,128,0,5.0,10.0,243.87148607977716,10076.556059429444,0.5853298611111111,1313.79152691128,0.0,
mppi_flee,mppi_lqr,300.0,1800.0,0.1,0.09,5.0,inf,10.0,10.0,10,100.0,inf,cone,both,5000.0,10.0,0.01,30.0,0.01,256,20,3,0.5,0.1,0.99,10.0,256,20,0,128,0,5.0,15.474694785315815,243.8714861550466,11737.073748170074,0.5697482638888889,1381.7833358968248,0.0,
mppi_flee,mppi_lqr,300.0,1800.0,0.1,0.1,5.0,1.25,10.0,10.0,10,100.0,inf,cone,both,5000.0,10.0,0.01,30.0,0.01,256,20,3,0.5,0.1,0.99,10.0,256,20,0,128,91,4.221055807205175,1.25,83.64735790200368,935.1020581695132,0.7239233856421357,317.60646563431504,0.7109375,460.0
mppi_flee,mppi_lqr,300.0,1800.0,0.1,0.1,5.0,2.5,10.0,10.0,10,100.0,inf,cone,both,5000.0,10.0,0.01,30.0,0.01,256,20,3,0.5,0.1,0.99,10.0,256,20,0,128,70,4.989467626983188,2.5,91.48892564912092,1796.7576916394455,0.711938048245614,612.8595558333662,0.546875,610.0
mppi_flee,mppi_lqr,300.0,1800.0,0.1,0.1,5.0,3.75,10.0,10.0,10,100.0,inf,cone,both,5000.0,10.0,0.01,30.0,0.01,256,20,3,0.5,0.1,0.99,10.0,256,20,0,128,1,5.0,3.75,194.48855422921,2619.84057669243,0.7320746527777777,786.8443975225133,0.0078125,820.0
mppi_flee,mppi_lqr,300.0,1800.0,0.1,0.1,5.0,4.5,10.0,10.0,10,100.0,inf,cone,both,5000.0,10.0,0.01,30.0,0.01,256,20,3,0.5,0.1,0.99,10.0,256,20,0,128,0,5.0,4.5,286.8019771366564,3747.3732117829422,0.731640625,901.8228880167632,0.0,
mppi_flee,mppi_lqr,300.0,1800.0,0.1,0.1,5.0,5.0,10.0,10.0,10,100.0,inf,cone,both,5000.0,10.0,0.01,30.0,0.01,256,20,3,0.5,0.1,0.99,10.0,256,20,0,128,0,5.0,5.0,290.1447515797136,4520.661954775354,0.7389322916666666,929.0559583684236,0.0,
mppi_flee,mppi_lqr,300.0,1800.0,0.1,0.1,5.0,5.5,10.0,10.0,10,100.0,inf,cone,both,5000.0,10.0,0.01,30.0,0.01,256,20,3,0.5,0.1,0.99,10.0,256,20,0,128,0,5.0,5.5,289.49998544532593,5499.606577625355,0.7240017361111111,1043.0031981001275,0.0,
mppi_flee,mppi_lqr,300.0,1800.0,0.1,0.1,5.0,6.25,10.0,10.0,10,100.0,inf,cone,both,5000.0,10.0,0.01,30.0,0.01,256,20,3,0.5,0.1,0.99,10.0,256,20,0,128,0,5.0,6.25,288.72527750663346,6535.81239176603,0.7096788194444444,1126.812640851372,0.0,
mppi_flee,mppi_lqr,300.0,1800.0,0.1,0.1,5.0,7.5,10.0,10.0,10,100.0,inf,cone,both,5000.0,10.0,0.01,30.0,0.01,256,20,3,0.5,0.1,0.99,10.0,256,20,0,128,0,5.0,7.5,288.3220477667469,8085.372830763724,0.6559895833333333,1235.5252174613152,0.0,
mppi_flee,mppi_lqr,300.0,1800.0,0.1,0.1,5.0,10.0,10.0,10.0,10,100.0,inf,cone,both,5000.0,10.0,0.01,30.0,0.01,256,20,3,0.5,0.1,0.99,10.0,256,20,0,128,0,5.0,10.0,288.40441527023324,10461.760071849112,0.58046875,1384.0477183111825,0.0,
mppi_flee,mppi_lqr,300.0,1800.0,0.1,0.1,5.0,inf,10.0,10.0,10,100.0,inf,cone,both,5000.0,10.0,0.01,30.0,0.01,256,20,3,0.5,0.1,0.99,10.0,256,20,0,128,0,5.0,17.195745787971557,288.4041246185948,13087.181601244434,0.5543836805555555,1559.1622827933686,0.0,
mppi_flee,mppi_lqr,300.0,1800.0,0.1,0.11,5.0,1.25,10.0,10.0,10,100.0,inf,cone,both,5000.0,10.0,0.01,30.0,0.01,256,20,3,0.5,0.1,0.99,10.0,256,20,0,128,91,4.273499724293667,1.25,86.06888852186567,961.168713361302,0.7319974213643791,312.18746457011275,0.7109375,470.0
mppi_flee,mppi_lqr,300.0,1800.0,0.1,0.11,5.0,2.5,10.0,10.0,10,100.0,inf,cone,both,5000.0,10.0,0.01,30.0,0.01,256,20,3,0.5,0.1,0.99,10.0,256,20,0,128,66,4.995397511611247,2.5,94.73984684983368,1880.8036223515512,0.7088107638888889,624.4700225451058,0.515625,630.0
mppi_flee,mppi_lqr,300.0,1800.0,0.1,0.11,5.0,3.75,10.0,10.0,10,100.0,inf,cone,both,5000.0,10.0,0.01,30.0,0.01,256,20,3,0.5,0.1,0.99,10.0,256,20,0,128,2,5.0,3.75,190.1657627396773,2533.2543423824536,0.7599826388888888,750.5996968289169,0.015625,1045.0
mppi_flee,mppi_lqr,300.0,1800.0,0.1,0.11,5.0,4.5,10.0,10.0,10,100.0,inf,cone,both,5000.0,10.0,0.01,30.0,0.01,256,20,3,0.5,0.1,0.99,10.0,256,20,0,128,0,5.0,4.5,291.34267526934,3438.1195220030354,0.7532552083333334,829.8835787531727,0.0,
mppi_flee,mppi_lqr,300.0,1800.0,0.1,0.11,5.0,5.0,10.0,10.0,10,100.0,inf,cone,both,5000.0,10.0,0.01,30.0,0.01,256,20,3,0.5,0.1,0.99,10.0,256,20,0,128,0,5.0,5.0,296.7994673969424,4513.875544124709,0.7319878472222222,1008.3959658332988,0.0,
mppi_flee,mppi_lqr,300.0,1800.0,0.1,0.11,5.0,5.5,10.0,10.0,10,100.0,inf,cone,both,5000.0,10.0,0.01,30.0,0.01,256,20,3,0.5,0.1,0.99,10.0,256,20,0,128,0,5.0,5.5,297.5326627064417,5392.154416464897,0.7286892361111111,1045.0866031718065,0.0,
mppi_flee,mppi_lqr,300.0,1800.0,0.1,0.11,5.0,6.25,10.0,10.0,10,100.0,inf,cone,both,5000.0,10.0,0.01,30.0,0.01,256,20,3,0.5,0.1,0.99,10.0,256,20,0,128,0,5.0,6.25,297.4014163504297,6570.1936893583015,0.7052517361111111,1138.3149898318147,0.0,
mppi_flee,mppi_lqr,300.0,1800.0,0.1,0.11,5.0,7.5,10.0,10.0,10,100.0,inf,cone,both,5000.0,10.0,0.01,30.0,0.01,256,20,3,0.5,0.1,0.99,10.0,256,20,0,128,0,5.0,7.5,297.3298528964658,8302.652349669585,0.6459635416666667,1264.113089293711,0.0,
mppi_flee,mppi_lqr,300.0,1800.0,0.1,0.11,5.0,10.0,10.0,10.0,10,100.0,inf,cone,both,5000.0,10.0,0.01,30.0,0.01,256,20,3,0.5,0.1,0.99,10.0,256,20,0,128,0,5.0,10.0,297.36635926220305,10991.417561193955,0.5603298611111112,1481.5773024916882,0.0,
mppi_flee,mppi_lqr,300.0,1800.0,0.1,0.11,5.0,inf,10.0,10.0,10,100.0,inf,cone,both,5000.0,10.0,0.01,30.0,0.01,256,20,3,0.5,0.1,0.99,10.0,256,20,0,128,0,5.0,18.89934129012841,297.3663592622053,14702.259831507918,0.5264322916666667,1757.2346240721863,0.0,
mppi_flee,mppi_lqr,300.0,1800.0,0.1,0.125,5.0,1.25,10.0,10.0,10,100.0,inf,cone,both,5000.0,10.0,0.01,30.0,0.01,256,20,3,0.5,0.1,0.99,10.0,256,20,0,128,90,4.292289889543347,1.25,88.73656165298256,979.323597627444,0.7219184027777777,324.9838194223892,0.703125,470.0
mppi_flee,mppi_lqr,300.0,1800.0,0.1,0.125,5.0,2.5,10.0,10.0,10,100.0,inf,cone,both,5000.0,10.0,0.01,30.0,0.01,256,20,3,0.5,0.1,0.99,10.0,256,20,0,128,45,5.0,2.5,89.0352200185866,2034.8407693903523,0.7327376107470351,608.3007485568274,0.3515625,650.0
mppi_flee,mppi_lqr,300.0,1800.0,0.1,0.125,5.0,3.75,10.0,10.0,10,100.0,inf,cone,both,5000.0,10.0,0.01,30.0,0.01,256,20,3,0.5,0.1,0.99,10.0,256,20,0,128,2,5.0,3.75,204.6194868964388,2686.712598857634,0.7390625,834.7269223093726,0.015625,990.0
mppi_flee,mppi_lqr,300.0,1800.0,0.1,0.125,5.0,4.5,10.0,10.0,10,100.0,inf,cone,both,5000.0,10.0,0.01,30.0,0.01,256,20,3,0.5,0.1,0.99,10.0,256,20,0,128,0,5.0,4.5,290.041099199178,3731.8807287533623,0.7334201388888889,985.784029325062,0.0,
mppi_flee,mppi_lqr,300.0,1800.0,0.1,0.125,5.0,5.0,10.0,10.0,10,100.0,inf,cone,both,5000.0,10.0,0.01,30.0,0.01,256,20,3,0.5,0.1,0.99,10.0,256,20,0,128,0,5.0,5.0,297.6040967805449,4410.0282967657295,0.747265625,997.5606896994136,0.0,
mppi_flee,mppi_lqr,300.0,1800.0,0.1,0.125,5.0,5.5,10.0,10.0,10,100.0,inf,cone,both,5000.0,10.0,0.01,30.0,0.01,256,20,3,0.5,0.1,0.99,10.0,256,20,0,128,0,5.0,5.5,299.0110031321185,5467.574988528249,0.7302083333333333,1156.6637529489085,0.0,
mppi_flee,mppi_lqr,300.0,1800.0,0.1,0.125,5.0,6.25,10.0,10.0,10,100.0,inf,cone,both,5000.0,10.0,0.01,30.0,0.01,256,20,3,0.5,0.1,0.99,10.0,256,20,0,128,0,5.0,6.25,298.9173988966968,6493.7791271485885,0.7229600694444445,1136.906668807714,0.0,
mppi_flee,mppi_lqr,300.0,1800.0,0.1,0.125,5.0,7.5,10.0,10.0,10,100.0,inf,cone,both,5000.0,10.0,0.01,30.0,0.01,256,20,3,0.5,0.1,0.99,10.0,256,20,0,128,0,5.0,7.5,298.9695502257865,8301.253562434658,0.6512586805555556,1306.185430805414,0.0,
mppi_flee,mppi_lqr,300.0,1800.0,0.1,0.125,5.0,10.0,10.0,10.0,10,100.0,inf,cone,both,5000.0,10.0,0.01,30.0,0.01,256,20,3,0.5,0.1,0.99,10.0,256,20,0,128,0,5.0,10.0,298.97555418120874,11304.592494202729,0.5515190972222223,1514.8580517772657,0.0,
mppi_flee,mppi_lqr,300.0,1800.0,0.1,0.125,5.0,inf,10.0,10.0,10,100.0,inf,cone,both,5000.0,10.0,0.01,30.0,0.01,256,20,3,0.5,0.1,0.99,10.0,256,20,0,128,0,5.0,21.477278173959043,298.9755541812093,16726.07015276717,0.5030381944444444,1977.3642339457165,0.0,
mppi_flee,mppi_lqr,300.0,1800.0,0.1,0.15,5.0,1.25,10.0,10.0,10,100.0,inf,cone,both,5000.0,10.0,0.01,30.0,0.01,256,20,3,0.5,0.1,0.99,10.0,256,20,0,128,88,4.375414866363258,1.25,91.90138545248313,1001.8108076916344,0.7071614583333333,348.9006268527902,0.6875,485.0
mppi_flee,mppi_lqr,300.0,1800.0,0.1,0.15,5.0,2.5,10.0,10.0,10,100.0,inf,cone,both,5000.0,10.0,0.01,30.0,0.01,256,20,3,0.5,0.1,0.99,10.0,256,20,0,128,38,4.999326349286588,2.5,92.68199790640033,2181.562894877117,0.7333384775577394,608.1075202680095,0.296875,680.0
mppi_flee,mppi_lqr,300.0,1800.0,0.1,0.15,5.0,3.75,10.0,10.0,10,100.0,inf,cone,both,5000.0,10.0,0.01,30.0,0.01,256,20,3,0.5,0.1,0.99,10.0,256,20,0,128,2,5.0,3.75,214.5765723684661,2747.2836614177977,0.7497277462121212,833.4584324389971,0.015625,945.0
mppi_flee,mppi_lqr,300.0,1800.0,0.1,0.15,5.0,4.5,10.0,10.0,10,100.0,inf,cone,both,5000.0,10.0,0.01,30.0,0.01,256,20,3,0.5,0.1,0.99,10.0,256,20,0,128,0,5.0,4.5,290.8071352042659,3641.777501151904,0.7703559027777778,884.0393690137138,0.0,
mppi_flee,mppi_lqr,300.0,1800.0,0.1,0.15,5.0,5.0,10.0,10.0,10,100.0,inf,cone,both,5000.0,10.0,0.01,30.0,0.01,256,20,3,0.5,0.1,0.99,10.0,256,20,0,128,0,5.0,5.0,298.17608202189524,4508.717092960008,0.7775607638888888,952.8410072909204,0.0,
mppi_flee,mppi_lqr,300.0,1800.0,0.1,0.15,5.0,5.5,10.0,10.0,10,100.0,inf,cone,both,5000.0,10.0,0.01,30.0,0.01,256,20,3,0.5,0.1,0.99,10.0,256,20,0,128,0,5.0,5.5,298.8283973976564,5338.065988681247,0.7715277777777778,1021.305657651454,0.0,
mppi_flee,mppi_lqr,300.0,1800.0,0.1,0.15,5.0,6.25,10.0,10.0,10,100.0,inf,cone,both,5000.0,10.0,0.01,30.0,0.01,256,20,3,0.5,0.1,0.99,10.0,256,20,0,128,0,5.0,6.25,298.8966419882375,6558.480676995092,0.7473090277777777,1037.594595708487,0.0,
mppi_flee,mppi_lqr,300.0,1800.0,0.1,0.15,5.0,7.5,10.0,10.0,10,100.0,inf,cone,both,5000.0,10.0,0.01,30.0,0.01,256,20,3,0.5,0.1,0.99,10.0,256,20,0,128,0,5.0,7.5,299.0041850759128,8482.629078109847,0.6592013888888889,1162.557108517257,0.0,
mppi_flee,mppi_lqr,300.0,1800.0,0.1,0.15,5.0,10.0,10.0,10.0,10,100.0,inf,cone,both,5000.0,10.0,0.01,30.0,0.01,256,20,3,0.5,0.1,0.99,10.0,256,20,0,128,0,5.0,10.0,299.0422310281844,11931.041962626712,0.5446614583333333,1385.3511564373985,0.0,
mppi_flee,mppi_lqr,300.0,1800.0,0.1,0.15,5.0,inf,10.0,10.0,10,100.0,inf,cone,both,5000.0,10.0,0.01,30.0,0.01,256,20,3,0.5,0.1,0.99,10.0,256,20,0,128,0,5.0,25.775232583366567,299.042249910958,20724.63571444194,0.4749565972222222,2225.601924920461,0.0,
mppi_flee,mppi_lqr,300.0,1800.0,0.1,0.2,5.0,1.25,10.0,10.0,10,100.0,inf,cone,both,5000.0,10.0,0.01,30.0,0.01,256,20,3,0.5,0.1,0.99,10.0,256,20,0,128,91,4.460097668476119,1.25,88.51016330029299,981.559557124227,0.723953976079241,341.1640931145003,0.7109375,510.0
mppi_flee,mppi_lqr,300.0,1800.0,0.1,0.2,5.0,2.5,10.0,10.0,10,100.0,inf,cone,both,5000.0,10.0,0.01,30.0,0.01,256,20,3,0.5,0.1,0.99,10.0,256,20,0,128,19,5.0,2.5,95.13980814365146,2215.271148669979,0.7462673611111111,571.1562790514632,0.1484375,750.0
mppi_flee,mppi_lqr,300.0,1800.0,0.1,0.2,5.0,3.75,10.0,10.0,10,100.0,inf,cone,both,5000.0,10.0,0.01,30.0,0.01,256,20,3,0.5,0.1,0.99,10.0,256,20,0,128,2,5.0,3.75,242.6581226033157,2917.4528252423142,0.7505642361111111,873.4739833495939,0.015625,1030.0
mppi_flee,mppi_lqr,300.0,1800.0,0.1,0.2,5.0,4.5,10.0,10.0,10,100.0,inf,cone,both,5000.0,10.0,0.01,30.0,0.01,256,20,3,0.5,0.1,0.99,10.0,256,20,0,128,0,5.0,4.5,283.3795310261402,4253.17581690019,0.7423177083333333,1058.4930075256502,0.0,
mppi_flee,mppi_lqr,300.0,1800.0,0.1,0.2,5.0,5.0,10.0,10.0,10,100.0,inf,cone,both,5000.0,10.0,0.01,30.0,0.01,256,20,3,0.5,0.1,0.99,10.0,256,20,0,128,0,5.0,5.0,296.01938024308373,4968.918380948893,0.7663628472222223,1041.8741347795349,0.0,
mppi_flee,mppi_lqr,300.0,1800.0,0.1,0.2,5.0,5.5,10.0,10.0,10,100.0,inf,cone,both,5000.0,10.0,0.01,30.0,0.01,256,20,3,0.5,0.1,0.99,10.0,256,20,0,128,0,5.0,5.5,294.30689686448846,5949.247652047316,0.7567274305555556,1051.532034210521,0.0,
mppi_flee,mppi_lqr,300.0,1800.0,0.1,0.2,5.0,6.25,10.0,10.0,10,100.0,inf,cone,both,5000.0,10.0,0.01,30.0,0.01,256,20,3,0.5,0.1,0.99,10.0,256,20,0,128,0,5.0,6.25,297.43017451935896,7533.698468255149,0.6830729166666667,1298.2113548040988,0.0,
mppi_flee,mppi_lqr,300.0,1800.0,0.1,0.2,5.0,7.5,10.0,10.0,10,100.0,inf,cone,both,5000.0,10.0,0.01,30.0,0.01,256,20,3,0.5,0.1,0.99,10.0,256,20,0,128,0,5.0,7.5,296.2421005948118,9894.240719933125,0.592578125,1567.6721207021344,0.0,
mppi_flee,mppi_lqr,300.0,1800.0,0.1,0.2,5.0,10.0,10.0,10.0,10,100.0,inf,cone,both,5000.0,10.0,0.01,30.0,0.01,256,20,3,0.5,0.1,0.99,10.0,256,20,0,128,0,5.0,10.0,296.5074677942709,13726.20334001136,0.4649739583333333,1886.75353949118,0.0,
mppi_flee,mppi_lqr,300.0,1800.0,0.1,0.2,5.0,inf,10.0,10.0,10,100.0,inf,cone,both,5000.0,10.0,0.01,30.0,0.01,256,20,3,0.5,0.1,0.99,10.0,256,20,0,128,0,5.0,34.34243708629373,296.4705887344984,29736.16883512904,0.3774739583333333,3897.535623063716,0.0,
mppi_flee,random,300.0,1800.0,0.1,0.025,5.0,1.25,10.0,10.0,10,100.0,inf,cone,both,5000.0,10.0,0.01,30.0,0.01,256,20,3,0.5,0.1,0.99,10.0,256,20,0,128,89,3.16043518734812,0.7602456824854773,23.01183813061856,195.7856168713984,0.7449652777777778,45.01372024608825,0.6953125,290.0
mppi_flee,random,300.0,1800.0,0.1,0.025,5.0,2.5,10.0,10.0,10,100.0,inf,cone,both,5000.0,10.0,0.01,30.0,0.01,256,20,3,0.5,0.1,0.99,10.0,256,20,0,128,90,3.159221002801005,1.1306543626836958,22.8411022886414,188.0103032871788,0.7401876335470086,46.55932299986874,0.703125,290.0
mppi_flee,random,300.0,1800.0,0.1,0.025,5.0,3.75,10.0,10.0,10,100.0,inf,cone,both,5000.0,10.0,0.01,30.0,0.01,256,20,3,0.5,0.1,0.99,10.0,256,20,0,128,90,3.159221002801005,1.3900634073138092,22.841102278835752,187.66515730677196,0.7401008279914529,46.56756497714719,0.703125,290.0
mppi_flee,random,300.0,1800.0,0.1,0.025,5.0,4.5,10.0,10.0,10,100.0,inf,cone,both,5000.0,10.0,0.01,30.0,0.01,256,20,3,0.5,0.1,0.99,10.0,256,20,0,128,90,3.159221002801005,1.3900634073138092,22.841102278835752,187.66515730677196,0.7401008279914529,46.56756497714719,0.703125,290.0
mppi_flee,random,300.0,1800.0,0.1,0.025,5.0,5.0,10.0,10.0,10,100.0,inf,cone,both,5000.0,10.0,0.01,30.0,0.01,256,20,3,0.5,0.1,0.99,10.0,256,20,0,128,90,3.159221002801005,1.3900634073138092,22.841102278835752,187.66515730677196,0.7401008279914529,46.56756497714719,0.703125,290.0
mppi_flee,random,300.0,1800.0,0.1,0.025,5.0,5.5,10.0,10.0,10,100.0,inf,cone,both,5000.0,10.0,0.01,30.0,0.01,256,20,3,0.5,0.1,0.99,10.0,256,20,0,128,90,3.159221002801005,1.3900634073138092,22.841102278835752,187.66515730677196,0.7401008279914529,46.56756497714719,0.703125,290.0
mppi_flee,random,300.0,1800.0,0.1,0.025,5.0,6.25,10.0,10.0,10,100.0,inf,cone,both,5000.0,10.0,0.01,30.0,0.01,256,20,3,0.5,0.1,0.99,10.0,256,20,0,128,90,3.159221002801005,1.3900634073138092,22.841102278835752,187.66515730677196,0.7401008279914529,46.56756497714719,0.703125,290.0
mppi_flee,random,300.0,1800.0,0.1,0.025,5.0,7.5,10.0,10.0,10,100.0,inf,cone,both,5000.0,10.0,0.01,30.0,0.01,256,20,3,0.5,0.1,0.99,10.0,256,20,0,128,90,3.159221002801005,1.3900634073138092,22.841102278835752,187.66515730677196,0.7401008279914529,46.56756497714719,0.703125,290.0
mppi_flee,random,300.0,1800.0,0.1,0.025,5.0,10.0,10.0,10.0,10,100.0,inf,cone,both,5000.0,10.0,0.01,30.0,0.01,256,20,3,0.5,0.1,0.99,10.0,256,20,0,128,90,3.159221002801005,1.3900634073138092,22.841102278835752,187.66515730677196,0.7401008279914529,46.56756497714719,0.703125,290.0
mppi_flee,random,300.0,1800.0,0.1,0.025,5.0,inf,10.0,10.0,10,100.0,inf,cone,both,5000.0,10.0,0.01,30.0,0.01,256,20,3,0.5,0.1,0.99,10.0,256,20,0,128,90,3.159221002801005,1.3900634073138092,22.841102278835752,187.66515730677196,0.7401008279914529,46.56756497714719,0.703125,290.0
mppi_flee,random,300.0,1800.0,0.1,0.05,5.0,1.25,10.0,10.0,10,100.0,inf,cone,both,5000.0,10.0,0.01,30.0,0.01,256,20,3,0.5,0.1,0.99,10.0,256,20,0,128,89,3.210300751504051,1.133869981994033,25.53416245546565,208.3203018906776,0.7321614583333333,65.99296604052779,0.6953125,290.0
mppi_flee,random,300.0,1800.0,0.1,0.05,5.0,2.5,10.0,10.0,10,100.0,inf,cone,both,5000.0,10.0,0.01,30.0,0.01,256,20,3,0.5,0.1,0.99,10.0,256,20,0,128,89,3.2075158517662805,1.5225404251673018,24.71587821737897,251.10981463597795,0.7550347222222222,63.59923125008528,0.6953125,290.0
mppi_flee,random,300.0,1800.0,0.1,0.05,5.0,3.75,10.0,10.0,10,100.0,inf,cone,both,5000.0,10.0,0.01,30.0,0.01,256,20,3,0.5,0.1,0.99,10.0,256,20,0,128,89,3.2094137650976418,1.9022894235646204,25.40349792668617,258.3135949764055,0.7612413194444444,62.66891815806117,0.6953125,290.0
mppi_flee,random,300.0,1800.0,0.1,0.05,5.0,4.5,10.0,10.0,10,100.0,inf,cone,both,5000.0,10.0,0.01,30.0,0.01,256,20,3,0.5,0.1,0.99,10.0,256,20,0,128,89,3.2094132515344937,2.1308050485646204,25.40514076267935,262.88252956997,0.7610243055555556,63.09336594508724,0.6953125,290.0
mppi_flee,random,300.0,1800.0,0.1,0.05,5.0,5.0,10.0,10.0,10,100.0,inf,cone,both,5000.0,10.0,0.01,30.0,0.01,256,20,3,0.5,0.1,0.99,10.0,256,20,0,128,89,3.2094132515344937,2.2831487985646204,25.40513902566231,268.1133175369062,0.7610243055555556,63.68643781767025,0.6953125,290.0
mppi_flee,random,300.0,1800.0,0.1,0.05,5.0,5.5,10.0,10.0,10,100.0,inf,cone,both,5000.0,10.0,0.01,30.0,0.01,256,20,3,0.5,0.1,0.99,10.0,256,20,0,128,89,3.2094132515344937,2.4354925485646204,25.40513901760194,266.7255585768162,0.7610243055555556,63.59439111596436,0.6953125,290.0
mppi_flee,random,300.0,1800.0,0.1,0.05,5.0,6.25,10.0,10.0,10,100.0,inf,cone,both,5000.0,10.0,0.01,30.0,0.01,256,20,3,0.5,0.1,0.99,10.0,256,20,0,128,89,3.2094132515344937,2.6640081735646204,25.40513901760194,266.7555544578788,0.7610243055555556,63.59989096346065,0.6953125,290.0
mppi_flee,random,300.0,1800.0,0.1,0.05,5.0,7.5,10.0,10.0,10,100.0,inf,cone,both,5000.0,10.0,0.01,30.0,0.01,256,20,3,0.5,0.1,0.99,10.0,256,20,0,128,89,3.2094132515344937,2.8162899617539283,25.40513901760194,266.90221506370864,0.7610243055555556,63.587033612679846,0.6953125,290.0
mppi_flee,random,300.0,1800.0,0.1,0.05,5.0,10.0,10.0,10.0,10,100.0,inf,cone,both,5000.0,10.0,0.01,30.0,0.01,256,20,3,0.5,0.1,0.99,10.0,256,20,0,128,89,3.2094132515344937,2.8162899617539283,25.40513901760194,266.90221506370864,0.7610243055555556,63.587033612679846,0.6953125,290.0
mppi_flee,random,300.0,1800.0,0.1,0.05,5.0,inf,10.0,10.0,10,100.0,inf,cone,both,5000.0,10.0,0.01,30.0,0.01,256,20,3,0.5,0.1,0.99,10.0,256,20,0,128,89,3.2094132515344937,2.8162899617539283,25.40513901760194,266.90221506370864,0.7610243055555556,63.587033612679846,0.6953125,290.0
mppi_flee,random,300.0,1800.0,0.1,0.075,5.0,1.25,10.0,10.0,10,100.0,inf,cone,both,5000.0,10.0,0.01,30.0,0.01,256,20,3,0.5,0.1,0.99,10.0,256,20,0,128,90,3.173722520266928,1.25,27.938132601135504,245.89945044849463,0.7288876488095238,78.00331961847367,0.703125,290.0
mppi_flee,random,300.0,1800.0,0.1,0.075,5.0,2.5,10.0,10.0,10,100.0,inf,cone,both,5000.0,10.0,0.01,30.0,0.01,256,20,3,0.5,0.1,0.99,10.0,256,20,0,128,89,3.212670291769999,1.873869583850224,26.59111556253491,276.53803213448265,0.7616753472222222,77.17932346891929,0.6953125,280.0
mppi_flee,random,300.0,1800.0,0.1,0.075,5.0,3.75,10.0,10.0,10,100.0,inf,cone,both,5000.0,10.0,0.01,30.0,0.01,256,20,3,0.5,0.1,0.99,10.0,256,20,0,128,89,3.2741637826877725,2.2938236235626235,27.7055420871991,308.663168974347,0.7561631944444445,84.35107028302082,0.6953125,290.0
mppi_flee,random,300.0,1800.0,0.1,0.075,5.0,4.5,10.0,10.0,10,100.0,inf,cone,both,5000.0,10.0,0.01,30.0,0.01,256,20,3,0.5,0.1,0.99,10.0,256,20,0,128,89,3.235666130807401,2.500315085073133,28.390520121364087,325.39345283928725,0.7555555555555555,86.1252405262477,0.6953125,290.0
mppi_flee,random,300.0,1800.0,0.1,0.075,5.0,5.0,10.0,10.0,10,100.0,inf,cone,both,5000.0,10.0,0.01,30.0,0.01,256,20,3,0.5,0.1,0.99,10.0,256,20,0,128,89,3.235156774490472,2.6528393587290027,28.218206090829792,335.14634075820044,0.7637152777777778,81.47567509465615,0.6953125,290.0
mppi_flee,random,300.0,1800.0,0.1,0.075,5.0,5.5,10.0,10.0,10,100.0,inf,cone,both,5000.0,10.0,0.01,30.0,0.01,256,20,3,0.5,0.1,0.99,10.0,256,20,0,128,89,3.23461100938122,2.805124346903901,28.21823053302944,327.20548697492194,0.7630208333333334,81.44431495015695,0.6953125,290.0
mppi_flee,random,300.0,1800.0,0.1,0.075,5.0,6.25,10.0,10.0,10,100.0,inf,cone,both,5000.0,10.0,0.01,30.0,0.01,256,20,3,0.5,0.1,0.99,10.0,256,20,0,128,89,3.2346040512493874,3.033639971903901,28.21915089551063,328.5786114872008,0.7647135416666667,79.67955943428645,0.6953125,290.0
mppi_flee,random,300.0,1800.0,0.1,0.075,5.0,7.5,10.0,10.0,10,100.0,inf,cone,both,5000.0,10.0,0.01,30.0,0.01,256,20,3,0.5,0.1,0.99,10.0,256,20,0,128,89,3.2346040512438505,3.414499346903901,28.21912972346526,337.8120459730892,0.7650173611111111,80.09515676815847,0.6953125,290.0
mppi_flee,random,300.0,1800.0,0.1,0.075,5.0,10.0,10.0,10.0,10,100.0,inf,cone,both,5000.0,10.0,0.01,30.0,0.01,256,20,3,0.5,0.1,0.99,10.0,256,20,0,128,89,3.2346040512438505,4.168765821779728,28.21912971869886,336.8813581622988,0.7650607638888889,79.97273435475044,0.6953125,290.0
mppi_flee,random,300.0,1800.0,0.1,0.075,5.0,inf,10.0,10.0,10,100.0,inf,cone,both,5000.0,10.0,0.01,30.0,0.01,256,20,3,0.5,0.1,0.99,10.0,256,20,0,128,89,3.2346040512438505,4.214211091687863,28.21912971869886,336.9658466841341,0.7650607638888889,79.97302796279772,0.6953125,290.0
mppi_flee,random,300.0,1800.0,0.1,0.09,5.0,1.25,10.0,10.0,10,100.0,inf,cone,both,5000.0,10.0,0.01,30.0,0.01,256,20,3,0.5,0.1,0.99,10.0,256,20,0,128,90,3.1844017723673588,1.25,29.911819124341253,269.30641212267466,0.716864224137931,92.56040931888778,0.703125,300.0
mppi_flee,random,300.0,1800.0,0.1,0.09,5.0,2.5,10.0,10.0,10,100.0,inf,cone,both,5000.0,10.0,0.01,30.0,0.01,256,20,3,0.5,0.1,0.99,10.0,256,20,0,128,89,3.31866735036164,2.120497981445047,28.977378269301244,293.2392658687796,0.7461516203703704,91.76492000189216,0.6953125,290.0
mppi_flee,random,300.0,1800.0,0.1,0.09,5.0,3.75,10.0,10.0,10,100.0,inf,cone,both,5000.0,10.0,0.01,30.0,0.01,256,20,3,0.5,0.1,0.99,10.0,256,20,0,128,91,3.311374076934764,2.5276373296099166,30.327996881690524,299.93693624431995,0.7433700847763348,96.57299047643698,0.7109375,280.0
mppi_flee,random,300.0,1800.0,0.1,0.09,5.0,4.5,10.0,10.0,10,100.0,inf,cone,both,5000.0,10.0,0.01,30.0,0.01,256,20,3,0.5,0.1,0.99,10.0,256,20,0,128,90,3.3112569628704525,2.7519059059858897,29.909401409792284,330.60947222671314,0.7536353568007663,97.8634802443521,0.703125,290.0
mppi_flee,random,300.0,1800.0,0.1,0.09,5.0,5.0,10.0,10.0,10,100.0,inf,cone,both,5000.0,10.0,0.01,30.0,0.01,256,20,3,0.5,0.1,0.99,10.0,256,20,0,128,90,3.32516134079913,2.914623715303029,29.85961847130576,339.390336542426,0.7541561901340996,97.82853112739012,0.703125,290.0
mppi_flee,random,300.0,1800.0,0.1,0.09,5.0,5.5,10.0,10.0,10,100.0,inf,cone,both,5000.0,10.0,0.01,30.0,0.01,256,20,3,0.5,0.1,0.99,10.0,256,20,0,128,90,3.3398141513972903,3.072338924736777,29.92316570539378,342.4098718722383,0.7555016762452107,100.70912301005816,0.703125,290.0
mppi_flee,random,300.0,1800.0,0.1,0.09,5.0,6.25,10.0,10.0,10,100.0,inf,cone,both,5000.0,10.0,0.01,30.0,0.01,256,20,3,0.5,0.1,0.99,10.0,256,20,0,128,90,3.341231058293568,3.295392174051716,29.944466057565485,343.7525136539314,0.7551110512452107,101.10846149052615,0.703125,290.0
mppi_flee,random,300.0,1800.0,0.1,0.09,5.0,7.5,10.0,10.0,10,100.0,inf,cone,both,5000.0,10.0,0.01,30.0,0.01,256,20,3,0.5,0.1,0.99,10.0,256,20,0,128,90,3.3412450413005472,3.666485924051716,29.945212815193795,340.4684065065016,0.7555016762452107,99.73213973067072,0.703125,290.0
mppi_flee,random,300.0,1800.0,0.1,0.09,5.0,10.0,10.0,10.0,10,100.0,inf,cone,both,5000.0,10.0,0.01,30.0,0.01,256,20,3,0.5,0.1,0.99,10.0,256,20,0,128,90,3.3412448592411,4.408673424051716,29.945224382620864,350.8764274119749,0.7559357040229885,100.4144988232418,0.703125,290.0
mppi_flee,random,300.0,1800.0,0.1,0.09,5.0,inf,10.0,10.0,10,100.0,inf,cone,both,5000.0,10.0,0.01,30.0,0.01,256,20,3,0.5,0.1,0.99,10.0,256,20,0,128,90,3.3412448592411,5.043903207670582,29.945224382620864,352.984499302184,0.7559357040229885,100.39376022816587,0.703125,290.0
mppi_flee,random,300.0,1800.0,0.1,0.1,5.0,1.25,10.0,10.0,10,100.0,inf,cone,both,5000.0,10.0,0.01,30.0,0.01,256,20,3,0.5,0.1,0.99,10.0,256,20,0,128,91,3.2005740430907785,1.25,30.14909858602668,273.52170828693573,0.7221500405357061,90.94185559127376,0.7109375,300.0
mppi_flee,random,300.0,1800.0,0.1,0.1,5.0,2.5,10.0,10.0,10,100.0,inf,cone,both,5000.0,10.0,0.01,30.0,0.01,256,20,3,0.5,0.1,0.99,10.0,256,20,0,128,91,3.3219269168856416,2.2718067315977284,30.109876803131858,296.67319521593663,0.7373756569069069,99.20396736080488,0.7109375,290.0
mppi_flee,random,300.0,1800.0,0.1,0.1,5.0,3.75,10.0,10.0,10,100.0,inf,cone,both,5000.0,10.0,0.01,30.0,0.01,256,20,3,0.5,0.1,0.99,10.0,256,20,0,128,90,3.353960844049749,2.6984231660669837,30.74676497953632,329.28693395178294,0.7309171028325123,109.35055579687106,0.703125,290.0
mppi_flee,random,300.0,1800.0,0.1,0.1,5.0,4.5,10.0,10.0,10,100.0,inf,cone,both,5000.0,10.0,0.01,30.0,0.01,256,20,3,0.5,0.1,0.99,10.0,256,20,0,128,89,3.3385782681685665,2.926144722647701,31.25803637474582,358.9805642035634,0.7475589679118774,105.62623615709472,0.6953125,290.0
mppi_flee,random,300.0,1800.0,0.1,0.1,5.0,5.0,10.0,10.0,10,100.0,inf,cone,both,5000.0,10.0,0.01,30.0,0.01,256,20,3,0.5,0.1,0.99,10.0,256,20,0,128,90,3.3377623230952373,3.0685313309287285,30.763066183964117,362.46674092000313,0.7364044540229885,112.8981308409566,0.703125,290.0
mppi_flee,random,300.0,1800.0,0.1,0.1,5.0,5.5,10.0,10.0,10,100.0,inf,cone,both,5000.0,10.0,0.01,30.0,0.01,256,20,3,0.5,0.1,0.99,10.0,256,20,0,128,91,3.3403422457957808,3.2127569580132,30.68269744269935,362.97748331765473,0.7336700790229885,116.5586804158445,0.7109375,290.0
mppi_flee,random,300.0,1800.0,0.1,0.1,5.0,6.25,10.0,10.0,10,100.0,inf,cone,both,5000.0,10.0,0.01,30.0,0.01,256,20,3,0.5,0.1,0.99,10.0,256,20,0,128,91,3.3358055256360912,3.4248724783986724,30.74181175202524,373.6493762396996,0.7394860512452107,113.1621209601121,0.7109375,290.0
mppi_flee,random,300.0,1800.0,0.1,0.1,5.0,7.5,10.0,10.0,10,100.0,inf,cone,both,5000.0,10.0,0.01,30.0,0.01,256,20,3,0.5,0.1,0.99,10.0,256,20,0,128,91,3.33548306431453,3.786200603398672,30.712665917898587,369.8653658598772,0.738661398467433,114.01380089033262,0.7109375,290.0
mppi_flee,random,300.0,1800.0,0.1,0.1,5.0,10.0,10.0,10.0,10,100.0,inf,cone,both,5000.0,10.0,0.01,30.0,0.01,256,20,3,0.5,0.1,0.99,10.0,256,20,0,128,91,3.335476665780558,4.508856853398672,30.712613210590067,385.04142126377593,0.7413089679118774,113.88204349532492,0.7109375,290.0
mppi_flee,random,300.0,1800.0,0.1,0.1,5.0,inf,10.0,10.0,10,100.0,inf,cone,both,5000.0,10.0,0.01,30.0,0.01,256,20,3,0.5,0.1,0.99,10.0,256,20,0,128,91,3.335476665780558,5.5158954486961616,30.712613208296204,385.0689082559833,0.741786398467433,113.56229550588256,0.7109375,290.0
mppi_flee,random,300.0,1800.0,0.1,0.11,5.0,1.25,10.0,10.0,10,100.0,inf,cone,both,5000.0,10.0,0.01,30.0,0.01,256,20,3,0.5,0.1,0.99,10.0,256,20,0,128,91,3.1812618971233384,1.25,29.867547492765777,275.80395674121326,0.7275079605094726,96.92640173107,0.7109375,300.0
mppi_flee,random,300.0,1800.0,0.1,0.11,5.0,2.5,10.0,10.0,10,100.0,inf,cone,both,5000.0,10.0,0.01,30.0,0.01,256,20,3,0.5,0.1,0.99,10.0,256,20,0,128,90,3.395543292083072,2.397272893460189,32.33428816606274,329.1826914404427,0.7366124880268199,106.88247117514106,0.703125,290.0
mppi_flee,random,300.0,1800.0,0.1,0.11,5.0,3.75,10.0,10.0,10,100.0,inf,cone,both,5000.0,10.0,0.01,30.0,0.01,256,20,3,0.5,0.1,0.99,10.0,256,20,0,128,92,3.3787003784301217,2.855564557011808,30.43393566022404,316.2318148861324,0.742011833790816,107.81720304791428,0.71875,290.0
mppi_flee,random,300.0,1800.0,0.1,0.11,5.0,4.5,10.0,10.0,10,100.0,inf,cone,both,5000.0,10.0,0.01,30.0,0.01,256,20,3,0.5,0.1,0.99,10.0,256,20,0,128,88,3.395976467273173,3.116532847769048,31.08922850545265,378.1327231319061,0.7479042106970708,105.17929115355652,0.6875,285.0
mppi_flee,random,300.0,1800.0,0.1,0.11,5.0,5.0,10.0,10.0,10,100.0,inf,cone,both,5000.0,10.0,0.01,30.0,0.01,256,20,3,0.5,0.1,0.99,10.0,256,20,0,128,88,3.387763885472168,3.272109355352528,31.093195963020356,382.76715038456535,0.7441900143678161,114.92788977732356,0.6875,285.0
mppi_flee,random,300.0,1800.0,0.1,0.11,5.0,5.5,10.0,10.0,10,100.0,inf,cone,both,5000.0,10.0,0.01,30.0,0.01,256,20,3,0.5,0.1,0.99,10.0,256,20,0,128,85,3.4253455405781263,3.484653241338312,30.91946046139067,395.9446352986524,0.748771252394636,115.85540418281867,0.6640625,280.0
mppi_flee,random,300.0,1800.0,0.1,0.11,5.0,6.25,10.0,10.0,10,100.0,inf,cone,both,5000.0,10.0,0.01,30.0,0.01,256,20,3,0.5,0.1,0.99,10.0,256,20,0,128,87,3.387918006675569,3.672774174982323,31.12998442783841,407.4261131990549,0.7476497806204425,118.74429098417266,0.6796875,280.0
mppi_flee,random,300.0,1800.0,0.1,0.11,5.0,7.5,10.0,10.0,10,100.0,inf,cone,both,5000.0,10.0,0.01,30.0,0.01,256,20,3,0.5,0.1,0.99,10.0,256,20,0,128,87,3.3874896637988474,4.072618610138802,31.119052806051176,430.4062887582628,0.749299086175998,120.2029358056257,0.6796875,280.0
mppi_flee,random,300.0,1800.0,0.1,0.11,5.0,10.0,10.0,10.0,10,100.0,inf,cone,both,5000.0,10.0,0.01,30.0,0.01,256,20,3,0.5,0.1,0.99,10.0,256,20,0,128,87,3.3874702784604813,4.873399860138802,31.094759397828955,426.0490646203209,0.7491688778426647,117.52519270179856,0.6796875,280.0
mppi_flee,random,300.0,1800.0,0.1,0.11,5.0,inf,10.0,10.0,10,100.0,inf,cone,both,5000.0,10.0,0.01,30.0,0.01,256,20,3,0.5,0.1,0.99,10.0,256,20,0,128,87,3.3874702776491006,6.413757275231349,31.094764804536634,439.0162671219709,0.750080336175998,117.69302675988496,0.6796875,280.0
mppi_flee,random,300.0,1800.0,0.1,0.125,5.0,1.25,10.0,10.0,10,100.0,inf,cone,both,5000.0,10.0,0.01,30.0,0.01,256,20,3,0.5,0.1,0.99,10.0,256,20,0,128,91,3.17779122675663,1.25,31.066563108041827,293.8982608639069,0.7236076350265728,105.3896359958107,0.7109375,300.0
mppi_flee,random,300.0,1800.0,0.1,0.125,5.0,2.5,10.0,10.0,10,100.0,inf,cone,both,5000.0,10.0,0.01,30.0,0.01,256,20,3,0.5,0.1,0.99,10.0,256,20,0,128,90,3.435675575795102,2.481665094082077,33.99064185417117,351.98369659376743,0.7277762811302682,121.18091407900616,0.703125,300.0
mppi_flee,random,300.0,1800.0,0.1,0.125,5.0,3.75,10.0,10.0,10,100.0,inf,cone,both,5000.0,10.0,0.01,30.0,0.01,256,20,3,0.5,0.1,0.99,10.0,256,20,0,128,89,3.5926896172416214,3.140893526521365,33.465073497911135,357.3058183024949,0.7410023447218335,125.31741234534267,0.6953125,290.0
mppi_flee,random,300.0,1800.0,0.1,0.125,5.0,4.5,10.0,10.0,10,100.0,inf,cone,both,5000.0,10.0,0.01,30.0,0.01,256,20,3,0.5,0.1,0.99,10.0,256,20,0,128,92,3.426822219249556,3.3517849168135765,32.3402131837767,367.16934350329245,0.7555240206219593,109.8525759395341,0.71875,290.0
mppi_flee,random,300.0,1800.0,0.1,0.125,5.0,5.0,10.0,10.0,10,100.0,inf,cone,both,5000.0,10.0,0.01,30.0,0.01,256,20,3,0.5,0.1,0.99,10.0,256,20,0,128,90,3.416009945669276,3.499036330035342,32.2317898316847,388.7216819842777,0.7451950990437158,121.44055880700782,0.703125,290.0
mppi_flee,random,300.0,1800.0,0.1,0.125,5.0,5.5,10.0,10.0,10,100.0,inf,cone,both,5000.0,10.0,0.01,30.0,0.01,256,20,3,0.5,0.1,0.99,10.0,256,20,0,128,90,3.497226943031412,3.739323003938935,33.232472304094955,408.6773488496234,0.7535109582363918,117.74807348385508,0.703125,290.0
mppi_flee,random,300.0,1800.0,0.1,0.125,5.0,6.25,10.0,10.0,10,100.0,inf,cone,both,5000.0,10.0,0.01,30.0,0.01,256,20,3,0.5,0.1,0.99,10.0,256,20,0,128,87,3.5443278768388,4.050444160384865,33.57550171059044,430.327873299975,0.7456210231937602,123.91833073121208,0.6796875,290.0
mppi_flee,random,300.0,1800.0,0.1,0.125,5.0,7.5,10.0,10.0,10,100.0,inf,cone,both,5000.0,10.0,0.01,30.0,0.01,256,20,3,0.5,0.1,0.99,10.0,256,20,0,128,86,3.526711891855823,4.451084081796905,33.40637945407958,459.8048927020095,0.7484723650016699,128.9878706690468,0.671875,290.0
mppi_flee,random,300.0,1800.0,0.1,0.125,5.0,10.0,10.0,10.0,10,100.0,inf,cone,both,5000.0,10.0,0.01,30.0,0.01,256,20,3,0.5,0.1,0.99,10.0,256,20,0,128,86,3.527171192609546,5.271396581796905,33.42441308967467,470.8247841258206,0.7482119483350032,128.92645131250316,0.671875,290.0
mppi_flee,random,300.0,1800.0,0.1,0.125,5.0,inf,10.0,10.0,10,100.0,inf,cone,both,5000.0,10.0,0.01,30.0,0.01,256,20,3,0.5,0.1,0.99,10.0,256,20,0,128,86,3.5271711642339327,7.503385539248593,33.424612905782894,488.1143753595404,0.7509463233350032,127.57582175849085,0.671875,290.0
mppi_flee,random,300.0,1800.0,0.1,0.15,5.0,1.25,10.0,10.0,10,100.0,inf,cone,both,5000.0,10.0,0.01,30.0,0.01,256,20,3,0.5,0.1,0.99,10.0,256,20,0,128,92,3.213991403793844,1.25,33.34290887345311,305.60627665795147,0.7211249019937276,112.64545132017014,0.71875,310.0
mppi_flee,random,300.0,1800.0,0.1,0.15,5.0,2.5,10.0,10.0,10,100.0,inf,cone,both,5000.0,10.0,0.01,30.0,0.01,256,20,3,0.5,0.1,0.99,10.0,256,20,0,128,91,3.375977560137782,2.5,35.93125911132493,385.345567577009,0.729597894265233,136.59347556892797,0.7109375,300.0
mppi_flee,random,300.0,1800.0,0.1,0.15,5.0,3.75,10.0,10.0,10,100.0,inf,cone,both,5000.0,10.0,0.01,30.0,0.01,256,20,3,0.5,0.1,0.99,10.0,256,20,0,128,84,3.9026378904168255,3.5245711752304025,35.58691121157617,431.5715538794258,0.7348506222893563,143.36797226663396,0.65625,310.0
mppi_flee,random,300.0,1800.0,0.1,0.15,5.0,4.5,10.0,10.0,10,100.0,inf,cone,both,5000.0,10.0,0.01,30.0,0.01,256,20,3,0.5,0.1,0.99,10.0,256,20,0,128,86,3.859767101030142,3.911146823199797,35.6378150597868,439.6489147368715,0.744373840348105,139.4526969583802,0.671875,300.0
mppi_flee,random,300.0,1800.0,0.1,0.15,5.0,5.0,10.0,10.0,10,100.0,inf,cone,both,5000.0,10.0,0.01,30.0,0.01,256,20,3,0.5,0.1,0.99,10.0,256,20,0,128,84,3.78358720063184,4.116127491452655,35.62974917644089,443.10605745122047,0.7412713913690476,142.90428816268238,0.65625,290.0
mppi_flee,random,300.0,1800.0,0.1,0.15,5.0,5.5,10.0,10.0,10,100.0,inf,cone,both,5000.0,10.0,0.01,30.0,0.01,256,20,3,0.5,0.1,0.99,10.0,256,20,0,128,84,3.778942380737719,4.359506419836105,35.906697181311046,451.26793019814266,0.7549975198412698,137.4812169805388,0.65625,290.0
mppi_flee,random,300.0,1800.0,0.1,0.15,5.0,6.25,10.0,10.0,10,100.0,inf,cone,both,5000.0,10.0,0.01,30.0,0.01,256,20,3,0.5,0.1,0.99,10.0,256,20,0,128,68,3.85821765430288,4.823616687563106,36.68199976111836,588.7145044556717,0.7613025900324287,132.09607562941866,0.53125,290.0
mppi_flee,random,300.0,1800.0,0.1,0.15,5.0,7.5,10.0,10.0,10,100.0,inf,cone,both,5000.0,10.0,0.01,30.0,0.01,256,20,3,0.5,0.1,0.99,10.0,256,20,0,128,68,3.856202226623457,5.414890967023184,37.05588801315933,623.9485489942841,0.7614700007467144,136.3094523971892,0.53125,290.0
mppi_flee,random,300.0,1800.0,0.1,0.15,5.0,10.0,10.0,10.0,10,100.0,inf,cone,both,5000.0,10.0,0.01,30.0,0.01,256,20,3,0.5,0.1,0.99,10.0,256,20,0,128,68,3.837568941913328,6.560073842847327,36.93518940865157,728.5600585673218,0.755213800349889,150.86245213706042,0.53125,290.0
mppi_flee,random,300.0,1800.0,0.1,0.15,5.0,inf,10.0,10.0,10,100.0,inf,cone,both,5000.0,10.0,0.01,30.0,0.01,256,20,3,0.5,0.1,0.99,10.0,256,20,0,128,68,3.8375819717456463,11.323183763690771,36.85463929129338,754.6165594763454,0.7560818559054446,149.00436057677834,0.53125,290.0
mppi_flee,random,300.0,1800.0,0.1,0.2,5.0,1.25,10.0,10.0,10,100.0,inf,cone,both,5000.0,10.0,0.01,30.0,0.01,256,20,3,0.5,0.1,0.99,10.0,256,20,0,128,92,3.2626303843506195,1.25,37.96461903517755,343.474939977709,0.7191290904382587,133.04749239393163,0.71875,320.0
mppi_flee,random,300.0,1800.0,0.1,0.2,5.0,2.5,10.0,10.0,10,100.0,inf,cone,both,5000.0,10.0,0.01,30.0,0.01,256,20,3,0.5,0.1,0.99,10.0,256,20,0,128,94,3.366926941223796,2.5,40.12147100790565,405.3875882940748,0.735969938886819,154.88892231863733,0.734375,320.0
mppi_flee,random,300.0,1800.0,0.1,0.2,5.0,3.75,10.0,10.0,10,100.0,inf,cone,both,5000.0,10.0,0.01,30.0,0.01,256,20,3,0.5,0.1,0.99,10.0,256,20,0,128,86,4.189799472807304,3.7437004936009446,42.41357498445746,519.8646354188555,0.7380773955411544,177.00690574660342,0.671875,425.0
mppi_flee,random,300.0,1800.0,0.1,0.2,5.0,4.5,10.0,10.0,10,100.0,inf,cone,both,5000.0,10.0,0.01,30.0,0.01,256,20,3,0.5,0.1,0.99,10.0,256,20,0,128,73,4.3760081839323135,4.429161613152882,42.1429904503435,584.4189994841956,0.7344581463049701,195.87372322509185,0.5703125,510.0
mppi_flee,random,300.0,1800.0,0.1,0.2,5.0,5.0,10.0,10.0,10,100.0,inf,cone,both,5000.0,10.0,0.01,30.0,0.01,256,20,3,0.5,0.1,0.99,10.0,256,20,0,128,72,4.459892103219994,4.845797530042547,43.0361342250607,548.1721018810842,0.7446501358695652,174.76154898763411,0.5625,545.0
mppi_flee,random,300.0,1800.0,0.1,0.2,5.0,5.5,10.0,10.0,10,100.0,inf,cone,both,5000.0,10.0,0.01,30.0,0.01,256,20,3,0.5,0.1,0.99,10.0,256,20,0,128,74,4.357975393927128,5.215566220663754,42.19395032074065,576.0026013035462,0.750455193838288,186.0241535663417,0.578125,505.0
mppi_flee,random,300.0,1800.0,0.1,0.2,5.0,6.25,10.0,10.0,10,100.0,inf,cone,both,5000.0,10.0,0.01,30.0,0.01,256,20,3,0.5,0.1,0.99,10.0,256,20,0,128,69,4.39671844174484,5.792734952258977,44.04798328323341,602.7287639478935,0.7392796758395522,193.48407766728053,0.5390625,480.0
mppi_flee,random,300.0,1800.0,0.1,0.2,5.0,7.5,10.0,10.0,10,100.0,inf,cone,both,5000.0,10.0,0.01,30.0,0.01,256,20,3,0.5,0.1,0.99,10.0,256,20,0,128,52,4.37949512840766,6.657368782964786,46.41002783835105,704.9445400559357,0.7383439765930984,187.85233123420144,0.40625,325.0
mppi_flee,random,300.0,1800.0,0.1,0.2,5.0,10.0,10.0,10.0,10,100.0,inf,cone,both,5000.0,10.0,0.01,30.0,0.01,256,20,3,0.5,0.1,0.99,10.0,256,20,0,128,46,4.34763569409848,8.264388433632138,47.336725134266615,943.578873976139,0.7440518718839031,201.69422699268677,0.359375,310.0
mppi_flee,random,300.0,1800.0,0.1,0.2,5.0,inf,10.0,10.0,10,100.0,inf,cone,both,5000.0,10.0,0.01,30.0,0.01,256,20,3,0.5,0.1,0.99,10.0,256,20,0,128,45,4.360794584669559,19.285131957572315,47.35295148554737,1184.2540886624308,0.7463336179156491,200.1314370445972,0.3515625,310.0
mppi_flee,transverse,300.0,1800.0,0.1,0.025,5.0,1.25,10.0,10.0,10,100.0,inf,cone,both,5000.0,10.0,0.01,30.0,0.01,256,20,3,0.5,0.1,0.99,10.0,256,20,0,128,92,3.340966913274414,0.9269531250000004,34.11948393465725,406.5059729981375,0.7426282033007967,139.24880025118733,0.71875,300.0
mppi_flee,transverse,300.0,1800.0,0.1,0.025,5.0,2.5,10.0,10.0,10,100.0,inf,cone,both,5000.0,10.0,0.01,30.0,0.01,256,20,3,0.5,0.1,0.99,10.0,256,20,0,128,80,3.461614873009182,1.4205078125,34.34250250078432,614.645349956885,0.7436911824425729,173.9175745631671,0.625,300.0
mppi_flee,transverse,300.0,1800.0,0.1,0.025,5.0,3.75,10.0,10.0,10,100.0,inf,cone,both,5000.0,10.0,0.01,30.0,0.01,256,20,3,0.5,0.1,0.99,10.0,256,20,0,128,80,3.4616146885363785,1.8892578125,34.342488434447084,686.9811005687965,0.7436911824425729,179.00908466484708,0.625,300.0
mppi_flee,transverse,300.0,1800.0,0.1,0.025,5.0,4.5,10.0,10.0,10,100.0,inf,cone,both,5000.0,10.0,0.01,30.0,0.01,256,20,3,0.5,0.1,0.99,10.0,256,20,0,128,80,3.4616146885363785,2.170507812499999,34.342488434447084,692.2681871142238,0.7436911824425729,179.14185888548815,0.625,300.0
mppi_flee,transverse,300.0,1800.0,0.1,0.025,5.0,5.0,10.0,10.0,10,100.0,inf,cone,both,5000.0,10.0,0.01,30.0,0.01,256,20,3,0.5,0.1,0.99,10.0,256,20,0,128,80,3.4616146885363785,2.170507812499999,34.342488434447084,692.2681871142238,0.7436911824425729,179.14185888548815,0.625,300.0
mppi_flee,transverse,300.0,1800.0,0.1,0.025,5.0,5.5,10.0,10.0,10,100.0,inf,cone,both,5000.0,10.0,0.01,30.0,0.01,256,20,3,0.5,0.1,0.99,10.0,256,20,0,128,80,3.4616146885363785,2.170507812499999,34.342488434447084,692.2681871142238,0.7436911824425729,179.14185888548815,0.625,300.0
mppi_flee,transverse,300.0,1800.0,0.1,0.025,5.0,6.25,10.0,10.0,10,100.0,inf,cone,both,5000.0,10.0,0.01,30.0,0.01,256,20,3,0.5,0.1,0.99,10.0,256,20,0,128,80,3.4616146885363785,2.170507812499999,34.342488434447084,692.2681871142238,0.7436911824425729,179.14185888548815,0.625,300.0
mppi_flee,transverse,300.0,1800.0,0.1,0.025,5.0,7.5,10.0,10.0,10,100.0,inf,cone,both,5000.0,10.0,0.01,30.0,0.01,256,20,3,0.5,0.1,0.99,10.0,256,20,0,128,80,3.4616146885363785,2.170507812499999,34.342488434447084,692.2681871142238,0.7436911824425729,179.14185888548815,0.625,300.0
mppi_flee,transverse,300.0,1800.0,0.1,0.025,5.0,10.0,10.0,10.0,10,100.0,inf,cone,both,5000.0,10.0,0.01,30.0,0.01,256,20,3,0.5,0.1,0.99,10.0,256,20,0,128,80,3.4616146885363785,2.170507812499999,34.342488434447084,692.2681871142238,0.7436911824425729,179.14185888548815,0.625,300.0
mppi_flee,transverse,300.0,1800.0,0.1,0.025,5.0,inf,10.0,10.0,10,100.0,inf,cone,both,5000.0,10.0,0.01,30.0,0.01,256,20,3,0.5,0.1,0.99,10.0,256,20,0,128,80,3.4616146885363785,2.170507812499999,34.342488434447084,692.2681871142238,0.7436911824425729,179.14185888548815,0.625,300.0
mppi_flee,transverse,300.0,1800.0,0.1,0.05,5.0,1.25,10.0,10.0,10,100.0,inf,cone,both,5000.0,10.0,0.01,30.0,0.01,256,20,3,0.5,0.1,0.99,10.0,256,20,0,128,98,4.297387948907309,1.25,43.061754019802784,675.7113149154482,0.7601563833428431,243.27509208014396,0.765625,470.0
mppi_flee,transverse,300.0,1800.0,0.1,0.05,5.0,2.5,10.0,10.0,10,100.0,inf,cone,both,5000.0,10.0,0.01,30.0,0.01,256,20,3,0.5,0.1,0.99,10.0,256,20,0,128,13,4.99860984375713,2.5,64.78196039980288,984.6427457331232,0.7779186589253188,270.7454404360588,0.1015625,740.0
mppi_flee,transverse,300.0,1800.0,0.1,0.05,5.0,3.75,10.0,10.0,10,100.0,inf,cone,both,5000.0,10.0,0.01,30.0,0.01,256,20,3,0.5,0.1,0.99,10.0,256,20,0,128,0,5.0,3.75,75.36134985149728,2229.6705774823467,0.7831597222222222,291.2522935178745,0.0,
mppi_flee,transverse,300.0,1800.0,0.1,0.05,5.0,4.5,10.0,10.0,10,100.0,inf,cone,both,5000.0,10.0,0.01,30.0,0.01,256,20,3,0.5,0.1,0.99,10.0,256,20,0,128,0,5.0,4.5,75.36352351356636,2618.080044013674,0.7801215277777778,312.50309239715926,0.0,
mppi_flee,transverse,300.0,1800.0,0.1,0.05,5.0,5.0,10.0,10.0,10,100.0,inf,cone,both,5000.0,10.0,0.01,30.0,0.01,256,20,3,0.5,0.1,0.99,10.0,256,20,0,128,0,5.0,5.0,75.36354939119363,2821.244313442876,0.7801215277777778,316.29110732188974,0.0,
mppi_flee,transverse,300.0,1800.0,0.1,0.05,5.0,5.5,10.0,10.0,10,100.0,inf,cone,both,5000.0,10.0,0.01,30.0,0.01,256,20,3,0.5,0.1,0.99,10.0,256,20,0,128,0,5.0,5.5,75.3635496899293,2987.7273708060025,0.7801215277777778,319.2124814725674,0.0,
mppi_flee,transverse,300.0,1800.0,0.1,0.05,5.0,6.25,10.0,10.0,10,100.0,inf,cone,both,5000.0,10.0,0.01,30.0,0.01,256,20,3,0.5,0.1,0.99,10.0,256,20,0,128,0,5.0,6.25,75.36354967956947,3174.894968616767,0.7801215277777778,322.1632285000466,0.0,
mppi_flee,transverse,300.0,1800.0,0.1,0.05,5.0,7.5,10.0,10.0,10,100.0,inf,cone,both,5000.0,10.0,0.01,30.0,0.01,256,20,3,0.5,0.1,0.99,10.0,256,20,0,128,0,5.0,7.5,75.36354967956947,3348.4656995463174,0.7801215277777778,324.74332387813826,0.0,
mppi_flee,transverse,300.0,1800.0,0.1,0.05,5.0,10.0,10.0,10.0,10,100.0,inf,cone,both,5000.0,10.0,0.01,30.0,0.01,256,20,3,0.5,0.1,0.99,10.0,256,20,0,128,0,5.0,8.999999999999993,75.36354967956947,3397.668088927415,0.7799913194444444,326.19860949287107,0.0,
mppi_flee,transverse,300.0,1800.0,0.1,0.05,5.0,inf,10.0,10.0,10,100.0,inf,cone,both,5000.0,10.0,0.01,30.0,0.01,256,20,3,0.5,0.1,0.99,10.0,256,20,0,128,0,5.0,8.999999999999993,75.36354967956947,3397.668088927415,0.7799913194444444,326.19860949287107,0.0,
mppi_flee,transverse,300.0,1800.0,0.1,0.075,5.0,1.25,10.0,10.0,10,100.0,inf,cone,both,5000.0,10.0,0.01,30.0,0.01,256,20,3,0.5,0.1,0.99,10.0,256,20,0,128,98,3.6447368575572825,1.25,50.11927894391876,715.4796821503054,0.7589853280506396,268.3540613283161,0.765625,370.0
mppi_flee,transverse,300.0,1800.0,0.1,0.075,5.0,2.5,10.0,10.0,10,100.0,inf,cone,both,5000.0,10.0,0.01,30.0,0.01,256,20,3,0.5,0.1,0.99,10.0,256,20,0,128,41,4.998751009582313,2.5,57.92924920635435,1359.3111503558005,0.7722126235309829,375.79713983554063,0.3203125,780.0
mppi_flee,transverse,300.0,1800.0,0.1,0.075,5.0,3.75,10.0,10.0,10,100.0,inf,cone,both,5000.0,10.0,0.01,30.0,0.01,256,20,3,0.5,0.1,0.99,10.0,256,20,0,128,0,5.0,3.75,125.7651976263788,2247.6422678605604,0.7703559027777778,430.3908012055876,0.0,
mppi_flee,transverse,300.0,1800.0,0.1,0.075,5.0,4.5,10.0,10.0,10,100.0,inf,cone,both,5000.0,10.0,0.01,30.0,0.01,256,20,3,0.5,0.1,0.99,10.0,256,20,0,128,0,5.0,4.5,125.7851200725626,3119.617518759568,0.7682725694444444,470.2128997310128,0.0,
mppi_flee,transverse,300.0,1800.0,0.1,0.075,5.0,5.0,10.0,10.0,10,100.0,inf,cone,both,5000.0,10.0,0.01,30.0,0.01,256,20,3,0.5,0.1,0.99,10.0,256,20,0,128,0,5.0,5.0,125.78751554009465,3530.901346465529,0.766796875,491.7938072857116,0.0,
mppi_flee,transverse,300.0,1800.0,0.1,0.075,5.0,5.5,10.0,10.0,10,100.0,inf,cone,both,5000.0,10.0,0.01,30.0,0.01,256,20,3,0.5,0.1,0.99,10.0,256,20,0,128,0,5.0,5.5,125.7874176120712,3853.186253402081,0.7667534722222222,501.4962971275616,0.0,
mppi_flee,transverse,300.0,1800.0,0.1,0.075,5.0,6.25,10.0,10.0,10,100.0,inf,cone,both,5000.0,10.0,0.01,30.0,0.01,256,20,3,0.5,0.1,0.99,10.0,256,20,0,128,0,5.0,6.25,125.78730075608652,4238.733505178122,0.7643663194444444,513.6992246956361,0.0,
mppi_flee,transverse,300.0,1800.0,0.1,0.075,5.0,7.5,10.0,10.0,10,100.0,inf,cone,both,5000.0,10.0,0.01,30.0,0.01,256,20,3,0.5,0.1,0.99,10.0,256,20,0,128,0,5.0,7.5,125.78729830882222,4731.032779441866,0.7571614583333334,527.9706356559627,0.0,
mppi_flee,transverse,300.0,1800.0,0.1,0.075,5.0,10.0,10.0,10.0,10,100.0,inf,cone,both,5000.0,10.0,0.01,30.0,0.01,256,20,3,0.5,0.1,0.99,10.0,256,20,0,128,0,5.0,10.0,125.78729830882222,5327.821423499001,0.7470486111111111,534.1054129372823,0.0,
mppi_flee,transverse,300.0,1800.0,0.1,0.075,5.0,inf,10.0,10.0,10,100.0,inf,cone,both,5000.0,10.0,0.01,30.0,0.01,256,20,3,0.5,0.1,0.99,10.0,256,20,0,128,0,5.0,13.49999999999996,125.78729830882222,5527.596546957568,0.744921875,543.1530681993487,0.0,
mppi_flee,transverse,300.0,1800.0,0.1,0.09,5.0,1.25,10.0,10.0,10,100.0,inf,cone,both,5000.0,10.0,0.01,30.0,0.01,256,20,3,0.5,0.1,0.99,10.0,256,20,0,128,98,3.639286027469181,1.25,52.87525448755215,733.9299766024428,0.7602111250864138,276.15647964856726,0.765625,380.0
mppi_flee,transverse,300.0,1800.0,0.1,0.09,5.0,2.5,10.0,10.0,10,100.0,inf,cone,both,5000.0,10.0,0.01,30.0,0.01,256,20,3,0.5,0.1,0.99,10.0,256,20,0,128,42,4.998975514095245,2.5,58.930770902736114,1541.297891343757,0.7643976098191214,459.12047746478805,0.328125,740.0
mppi_flee,transverse,300.0,1800.0,0.1,0.09,5.0,3.75,10.0,10.0,10,100.0,inf,cone,both,5000.0,10.0,0.01,30.0,0.01,256,20,3,0.5,0.1,0.99,10.0,256,20,0,128,0,5.0,3.75,152.5961645643464,2257.7587650381734,0.7661458333333333,495.4905683934721,0.0,
mppi_flee,transverse,300.0,1800.0,0.1,0.09,5.0,4.5,10.0,10.0,10,100.0,inf,cone,both,5000.0,10.0,0.01,30.0,0.01,256,20,3,0.5,0.1,0.99,10.0,256,20,0,128,0,5.0,4.5,152.67903015222035,3207.7164583470926,0.7692274305555555,496.1569077182764,0.0,
mppi_flee,transverse,300.0,1800.0,0.1,0.09,5.0,5.0,10.0,10.0,10,100.0,inf,cone,both,5000.0,10.0,0.01,30.0,0.01,256,20,3,0.5,0.1,0.99,10.0,256,20,0,128,0,5.0,5.0,152.72119629664684,3769.911448119673,0.7698784722222223,545.2758439949998,0.0,
mppi_flee,transverse,300.0,1800.0,0.1,0.09,5.0,5.5,10.0,10.0,10,100.0,inf,cone,both,5000.0,10.0,0.01,30.0,0.01,256,20,3,0.5,0.1,0.99,10.0,256,20,0,128,0,5.0,5.5,152.72596671715212,4228.127760912829,0.7766059027777777,523.7372293823663,0.0,
mppi_flee,transverse,300.0,1800.0,0.1,0.09,5.0,6.25,10.0,10.0,10,100.0,inf,cone,both,5000.0,10.0,0.01,30.0,0.01,256,20,3,0.5,0.1,0.99,10.0,256,20,0,128,0,5.0,6.25,152.7249212560161,4761.478009896643,0.7701822916666666,546.165307716698,0.0,
mppi_flee,transverse,300.0,1800.0,0.1,0.09,5.0,7.5,10.0,10.0,10,100.0,inf,cone,both,5000.0,10.0,0.01,30.0,0.01,256,20,3,0.5,0.1,0.99,10.0,256,20,0,128,0,5.0,7.5,152.72482181534775,5399.894466463872,0.7488715277777778,551.7779118922095,0.0,
mppi_flee,transverse,300.0,1800.0,0.1,0.09,5.0,10.0,10.0,10.0,10,100.0,inf,cone,both,5000.0,10.0,0.01,30.0,0.01,256,20,3,0.5,0.1,0.99,10.0,256,20,0,128,0,5.0,10.0,152.7248211165046,6242.540270015161,0.7237413194444444,572.9382173554606,0.0,
mppi_flee,transverse,300.0,1800.0,0.1,0.09,5.0,inf,10.0,10.0,10,100.0,inf,cone,both,5000.0,10.0,0.01,30.0,0.01,256,20,3,0.5,0.1,0.99,10.0,256,20,0,128,0,5.0,16.19999999999998,152.7248211165046,6871.528813222797,0.7067274305555555,605.4826982653982,0.0,
mppi_flee,transverse,300.0,1800.0,0.1,0.1,5.0,1.25,10.0,10.0,10,100.0,inf,cone,both,5000.0,10.0,0.01,30.0,0.01,256,20,3,0.5,0.1,0.99,10.0,256,20,0,128,98,3.633811641608319,1.25,54.16036791359132,732.8933473999283,0.7598543213110762,280.7093951095448,0.765625,380.0
mppi_flee,transverse,300.0,1800.0,0.1,0.1,5.0,2.5,10.0,10.0,10,100.0,inf,cone,both,5000.0,10.0,0.01,30.0,0.01,256,20,3,0.5,0.1,0.99,10.0,256,20,0,128,43,4.99738466956782,2.5,61.33213629784977,1645.6101599263477,0.7643745170705418,478.5986833821057,0.3359375,700.0
mppi_flee,transverse,300.0,1800.0,0.1,0.1,5.0,3.75,10.0,10.0,10,100.0,inf,cone,both,5000.0,10.0,0.01,30.0,0.01,256,20,3,0.5,0.1,0.99,10.0,256,20,0,128,0,5.0,3.75,169.1675544204809,2296.7675015322816,0.7642361111111111,555.0459733442343,0.0,
mppi_flee,transverse,300.0,1800.0,0.1,0.1,5.0,4.5,10.0,10.0,10,100.0,inf,cone,both,5000.0,10.0,0.01,30.0,0.01,256,20,3,0.5,0.1,0.99,10.0,256,20,0,128,0,5.0,4.5,168.99389011988458,3253.951544490688,0.76640625,567.9121567548333,0.0,
mppi_flee,transverse,300.0,1800.0,0.1,0.1,5.0,5.0,10.0,10.0,10,100.0,inf,cone,both,5000.0,10.0,0.01,30.0,0.01,256,20,3,0.5,0.1,0.99,10.0,256,20,0,128,0,5.0,5.0,168.95924745327872,3857.334427195836,0.7735243055555555,545.530845048803,0.0,
mppi_flee,transverse,300.0,1800.0,0.1,0.1,5.0,5.5,10.0,10.0,10,100.0,inf,cone,both,5000.0,10.0,0.01,30.0,0.01,256,20,3,0.5,0.1,0.99,10.0,256,20,0,128,0,5.0,5.5,168.9808138241545,4396.921410925446,0.7689670138888889,596.755620757299,0.0,
mppi_flee,transverse,300.0,1800.0,0.1,0.1,5.0,6.25,10.0,10.0,10,100.0,inf,cone,both,5000.0,10.0,0.01,30.0,0.01,256,20,3,0.5,0.1,0.99,10.0,256,20,0,128,0,5.0,6.25,168.98172223714985,5056.320005649364,0.7609809027777777,615.3648630571936,0.0,
mppi_flee,transverse,300.0,1800.0,0.1,0.1,5.0,7.5,10.0,10.0,10,100.0,inf,cone,both,5000.0,10.0,0.01,30.0,0.01,256,20,3,0.5,0.1,0.99,10.0,256,20,0,128,0,5.0,7.5,168.98146440965786,5844.081789305673,0.734765625,598.2963568146697,0.0,
mppi_flee,transverse,300.0,1800.0,0.1,0.1,5.0,10.0,10.0,10.0,10,100.0,inf,cone,both,5000.0,10.0,0.01,30.0,0.01,256,20,3,0.5,0.1,0.99,10.0,256,20,0,128,0,5.0,10.0,168.98145499347956,6841.330006850565,0.6980902777777778,626.0565430827854,0.0,
mppi_flee,transverse,300.0,1800.0,0.1,0.1,5.0,inf,10.0,10.0,10,100.0,inf,cone,both,5000.0,10.0,0.01,30.0,0.01,256,20,3,0.5,0.1,0.99,10.0,256,20,0,128,0,5.0,17.999999999999986,168.98145499347956,7816.063920117977,0.6661024305555555,689.8682376818308,0.0,
mppi_flee,transverse,300.0,1800.0,0.1,0.11,5.0,1.25,10.0,10.0,10,100.0,inf,cone,both,5000.0,10.0,0.01,30.0,0.01,256,20,3,0.5,0.1,0.99,10.0,256,20,0,128,98,3.5535688275590456,1.25,55.6483770312557,734.1956200937844,0.7635634924171087,274.32728345842264,0.765625,370.0
mppi_flee,transverse,300.0,1800.0,0.1,0.11,5.0,2.5,10.0,10.0,10,100.0,inf,cone,both,5000.0,10.0,0.01,30.0,0.01,256,20,3,0.5,0.1,0.99,10.0,256,20,0,128,50,5.0,2.5,62.952117689189,1665.8808786478571,0.7629313961465796,507.1821184396305,0.390625,700.0
mppi_flee,transverse,300.0,1800.0,0.1,0.11,5.0,3.75,10.0,10.0,10,100.0,inf,cone,both,5000.0,10.0,0.01,30.0,0.01,256,20,3,0.5,0.1,0.99,10.0,256,20,0,128,0,5.0,3.75,184.63379539374247,2320.5875772386944,0.7664496527777778,579.0945906661369,0.0,
mppi_flee,transverse,300.0,1800.0,0.1,0.11,5.0,4.5,10.0,10.0,10,100.0,inf,cone,both,5000.0,10.0,0.01,30.0,0.01,256,20,3,0.5,0.1,0.99,10.0,256,20,0,128,0,5.0,4.5,184.7988749679025,3302.918492682644,0.7679253472222223,594.3715216647183,0.0,
mppi_flee,transverse,300.0,1800.0,0.1,0.11,5.0,5.0,10.0,10.0,10,100.0,inf,cone,both,5000.0,10.0,0.01,30.0,0.01,256,20,3,0.5,0.1,0.99,10.0,256,20,0,128,0,5.0,5.0,184.72277124503316,3912.087254257092,0.7716579861111111,579.3122075461245,0.0,
mppi_flee,transverse,300.0,1800.0,0.1,0.11,5.0,5.5,10.0,10.0,10,100.0,inf,cone,both,5000.0,10.0,0.01,30.0,0.01,256,20,3,0.5,0.1,0.99,10.0,256,20,0,128,0,5.0,5.5,184.68086883739696,4486.521728168455,0.7669270833333334,645.925506816457,0.0,
mppi_flee,transverse,300.0,1800.0,0.1,0.11,5.0,6.25,10.0,10.0,10,100.0,inf,cone,both,5000.0,10.0,0.01,30.0,0.01,256,20,3,0.5,0.1,0.99,10.0,256,20,0,128,0,5.0,6.25,184.65941563016236,5258.399661227864,0.7572916666666667,668.5412646404579,0.0,
mppi_flee,transverse,300.0,1800.0,0.1,0.11,5.0,7.5,10.0,10.0,10,100.0,inf,cone,both,5000.0,10.0,0.01,30.0,0.01,256,20,3,0.5,0.1,0.99,10.0,256,20,0,128,0,5.0,7.5,184.65882738766828,6213.107667404698,0.7211371527777778,670.0115137382473,0.0,
mppi_flee,transverse,300.0,1800.0,0.1,0.11,5.0,10.0,10.0,10.0,10,100.0,inf,cone,both,5000.0,10.0,0.01,30.0,0.01,256,20,3,0.5,0.1,0.99,10.0,256,20,0,128,0,5.0,10.0,184.65881981031157,7385.713583520624,0.6713541666666667,705.1489359254855,0.0,
mppi_flee,transverse,300.0,1800.0,0.1,0.11,5.0,inf,10.0,10.0,10,100.0,inf,cone,both,5000.0,10.0,0.01,30.0,0.01,256,20,3,0.5,0.1,0.99,10.0,256,20,0,128,0,5.0,19.79999999999995,184.6588198103434,8744.993308107745,0.6286892361111112,806.2283349087689,0.0,
mppi_flee,transverse,300.0,1800.0,0.1,0.125,5.0,1.25,10.0,10.0,10,100.0,inf,cone,both,5000.0,10.0,0.01,30.0,0.01,256,20,3,0.5,0.1,0.99,10.0,256,20,0,128,98,3.5714101186188274,1.25,56.54033204133631,743.1505666699653,0.76119046608057,283.4192530724316,0.765625,380.0
mppi_flee,transverse,300.0,1800.0,0.1,0.125,5.0,2.5,10.0,10.0,10,100.0,inf,cone,both,5000.0,10.0,0.01,30.0,0.01,256,20,3,0.5,0.1,0.99,10.0,256,20,0,128,49,4.998525130747755,2.5,64.67629280058993,1731.5431687958642,0.7643257417187207,514.4091848168474,0.3828125,680.0
mppi_flee,transverse,300.0,1800.0,0.1,0.125,5.0,3.75,10.0,10.0,10,100.0,inf,cone,both,5000.0,10.0,0.01,30.0,0.01,256,20,3,0.5,0.1,0.99,10.0,256,20,0,128,0,5.0,3.75,201.33700596881857,2358.580338000444,0.7646701388888889,644.7007230026464,0.0,
mppi_flee,transverse,300.0,1800.0,0.1,0.125,5.0,4.5,10.0,10.0,10,100.0,inf,cone,both,5000.0,10.0,0.01,30.0,0.01,256,20,3,0.5,0.1,0.99,10.0,256,20,0,128,0,5.0,4.5,204.28041218097383,3365.3480246700183,0.7668836805555556,663.271019880043,0.0,
mppi_flee,transverse,300.0,1800.0,0.1,0.125,5.0,5.0,10.0,10.0,10,100.0,inf,cone,both,5000.0,10.0,0.01,30.0,0.01,256,20,3,0.5,0.1,0.99,10.0,256,20,0,128,0,5.0,5.0,204.2388220734537,3993.558446132713,0.7683159722222223,659.6341205414354,0.0,
mppi_flee,transverse,300.0,1800.0,0.1,0.125,5.0,5.5,10.0,10.0,10,100.0,inf,cone,both,5000.0,10.0,0.01,30.0,0.01,256,20,3,0.5,0.1,0.99,10.0,256,20,0,128,0,5.0,5.5,204.2013286648899,4580.727310886924,0.7671440972222222,684.3398313652707,0.0,
mppi_flee,transverse,300.0,1800.0,0.1,0.125,5.0,6.25,10.0,10.0,10,100.0,inf,cone,both,5000.0,10.0,0.01,30.0,0.01,256,20,3,0.5,0.1,0.99,10.0,256,20,0,128,0,5.0,6.25,204.1982094898897,5408.335121801783,0.7543836805555556,714.2102306370247,0.0,
mppi_flee,transverse,300.0,1800.0,0.1,0.125,5.0,7.5,10.0,10.0,10,100.0,inf,cone,both,5000.0,10.0,0.01,30.0,0.01,256,20,3,0.5,0.1,0.99,10.0,256,20,0,128,0,5.0,7.5,204.1972737676449,6584.223504886056,0.7121961805555556,717.3924310662604,0.0,
mppi_flee,transverse,300.0,1800.0,0.1,0.125,5.0,10.0,10.0,10.0,10,100.0,inf,cone,both,5000.0,10.0,0.01,30.0,0.01,256,20,3,0.5,0.1,0.99,10.0,256,20,0,128,0,5.0,10.0,204.1969390953656,8089.765388344695,0.6361979166666667,794.8461045272263,0.0,
mppi_flee,transverse,300.0,1800.0,0.1,0.125,5.0,inf,10.0,10.0,10,100.0,inf,cone,both,5000.0,10.0,0.01,30.0,0.01,256,20,3,0.5,0.1,0.99,10.0,256,20,0,128,0,5.0,22.5,204.19693866306852,10126.064594910891,0.5849826388888889,983.0386608073338,0.0,
mppi_flee,transverse,300.0,1800.0,0.1,0.15,5.0,1.25,10.0,10.0,10,100.0,inf,cone,both,5000.0,10.0,0.01,30.0,0.01,256,20,3,0.5,0.1,0.99,10.0,256,20,0,128,99,3.605953860094105,1.25,56.89496839583778,727.1368374824657,0.7676741467175475,280.8828757728697,0.7734375,380.0
mppi_flee,transverse,300.0,1800.0,0.1,0.15,5.0,2.5,10.0,10.0,10,100.0,inf,cone,both,5000.0,10.0,0.01,30.0,0.01,256,20,3,0.5,0.1,0.99,10.0,256,20,0,128,53,4.983730739986952,2.5,67.13437840350363,1784.820041582813,0.7631733935152772,545.2352537380715,0.4140625,660.0
mppi_flee,transverse,300.0,1800.0,0.1,0.15,5.0,3.75,10.0,10.0,10,100.0,inf,cone,both,5000.0,10.0,0.01,30.0,0.01,256,20,3,0.5,0.1,0.99,10.0,256,20,0,128,2,5.0,3.75,218.5805679068972,2412.0706416002376,0.7643663194444444,718.1554171070826,0.015625,810.0
mppi_flee,transverse,300.0,1800.0,0.1,0.15,5.0,4.5,10.0,10.0,10,100.0,inf,cone,both,5000.0,10.0,0.01,30.0,0.01,256,20,3,0.5,0.1,0.99,10.0,256,20,0,128,0,5.0,4.5,227.2335677626205,3475.289841284259,0.7668836805555556,738.6037536448711,0.0,
mppi_flee,transverse,300.0,1800.0,0.1,0.15,5.0,5.0,10.0,10.0,10,100.0,inf,cone,both,5000.0,10.0,0.01,30.0,0.01,256,20,3,0.5,0.1,0.99,10.0,256,20,0,128,0,5.0,5.0,228.46907343549367,4129.299274339644,0.7678385416666667,764.6663981670542,0.0,
mppi_flee,transverse,300.0,1800.0,0.1,0.15,5.0,5.5,10.0,10.0,10,100.0,inf,cone,both,5000.0,10.0,0.01,30.0,0.01,256,20,3,0.5,0.1,0.99,10.0,256,20,0,128,0,5.0,5.5,228.4430244588768,4768.030932737996,0.7676649305555555,761.7651143100671,0.0,
mppi_flee,transverse,300.0,1800.0,0.1,0.15,5.0,6.25,10.0,10.0,10,100.0,inf,cone,both,5000.0,10.0,0.01,30.0,0.01,256,20,3,0.5,0.1,0.99,10.0,256,20,0,128,0,5.0,6.25,228.42917927630108,5671.383496720272,0.7501736111111111,842.2235384718128,0.0,
mppi_flee,transverse,300.0,1800.0,0.1,0.15,5.0,7.5,10.0,10.0,10,100.0,inf,cone,both,5000.0,10.0,0.01,30.0,0.01,256,20,3,0.5,0.1,0.99,10.0,256,20,0,128,0,5.0,7.5,228.42835928739493,7032.295003692936,0.6989583333333333,845.188392726222,0.0,
mppi_flee,transverse,300.0,1800.0,0.1,0.15,5.0,10.0,10.0,10.0,10,100.0,inf,cone,both,5000.0,10.0,0.01,30.0,0.01,256,20,3,0.5,0.1,0.99,10.0,256,20,0,128,0,5.0,10.0,228.4286404400991,9082.6997651471,0.6005642361111111,887.2587491937533,0.0,
mppi_flee,transverse,300.0,1800.0,0.1,0.15,5.0,inf,10.0,10.0,10,100.0,inf,cone,both,5000.0,10.0,0.01,30.0,0.01,256,20,3,0.5,0.1,0.99,10.0,256,20,0,128,0,5.0,26.99999999999992,228.4286289182635,12445.382379787816,0.5299045138888889,1280.0809032852278,0.0,
mppi_flee,transverse,300.0,1800.0,0.1,0.2,5.0,1.25,10.0,10.0,10,100.0,inf,cone,both,5000.0,10.0,0.01,30.0,0.01,256,20,3,0.5,0.1,0.99,10.0,256,20,0,128,99,3.590637108340301,1.25,59.85325470474064,737.9006454112907,0.7675068290856782,287.9772411184074,0.7734375,380.0
mppi_flee,transverse,300.0,1800.0,0.1,0.2,5.0,2.5,10.0,10.0,10,100.0,inf,cone,both,5000.0,10.0,0.01,30.0,0.01,256,20,3,0.5,0.1,0.99,10.0,256,20,0,128,57,4.981626821661588,2.5,68.79662639982853,1771.7838560748958,0.7708630618079638,548.7811958320178,0.4453125,640.0
mppi_flee,transverse,300.0,1800.0,0.1,0.2,5.0,3.75,10.0,10.0,10,100.0,inf,cone,both,5000.0,10.0,0.01,30.0,0.01,256,20,3,0.5,0.1,0.99,10.0,256,20,0,128,1,5.0,3.75,229.7261959661193,2441.660796603515,0.7721354166666666,765.7181850973168,0.0078125,710.0
mppi_flee,transverse,300.0,1800.0,0.1,0.2,5.0,4.5,10.0,10.0,10,100.0,inf,cone,both,5000.0,10.0,0.01,30.0,0.01,256,20,3,0.5,0.1,0.99,10.0,256,20,0,128,0,5.0,4.5,254.4495130784848,3617.5073924997514,0.7721354166666666,860.574578155042,0.0,
mppi_flee,transverse,300.0,1800.0,0.1,0.2,5.0,5.0,10.0,10.0,10,100.0,inf,cone,both,5000.0,10.0,0.01,30.0,0.01,256,20,3,0.5,0.1,0.99,10.0,256,20,0,128,0,5.0,5.0,255.83689810869183,4380.982556932048,0.7721354166666666,910.8806166316,0.0,
mppi_flee,transverse,300.0,1800.0,0.1,0.2,5.0,5.5,10.0,10.0,10,100.0,inf,cone,both,5000.0,10.0,0.01,30.0,0.01,256,20,3,0.5,0.1,0.99,10.0,256,20,0,128,0,5.0,5.5,257.03502598715346,5068.627552844639,0.7722222222222223,913.967027527332,0.0,
mppi_flee,transverse,300.0,1800.0,0.1,0.2,5.0,6.25,10.0,10.0,10,100.0,inf,cone,both,5000.0,10.0,0.01,30.0,0.01,256,20,3,0.5,0.1,0.99,10.0,256,20,0,128,0,5.0,6.25,257.014823885516,6050.76180046575,0.7493055555555556,964.0025079341708,0.0,
mppi_flee,transverse,300.0,1800.0,0.1,0.2,5.0,7.5,10.0,10.0,10,100.0,inf,cone,both,5000.0,10.0,0.01,30.0,0.01,256,20,3,0.5,0.1,0.99,10.0,256,20,0,128,0,5.0,7.5,257.0138403866819,7505.870845354013,0.6959201388888889,990.6710176307348,0.0,
mppi_flee,transverse,300.0,1800.0,0.1,0.2,5.0,10.0,10.0,10.0,10,100.0,inf,cone,both,5000.0,10.0,0.01,30.0,0.01,256,20,3,0.5,0.1,0.99,10.0,256,20,0,128,0,5.0,10.0,257.0174935941532,10085.572756206526,0.5771701388888889,1010.9996269306814,0.0,
mppi_flee,transverse,300.0,1800.0,0.1,0.2,5.0,inf,10.0,10.0,10,100.0,inf,cone,both,5000.0,10.0,0.01,30.0,0.01,256,20,3,0.5,0.1,0.99,10.0,256,20,0,128,0,5.0,35.99999999999997,257.0177669154808,17088.58336934008,0.4603298611111111,2035.9624480955413,0.0,
mppi_coast,flee,300.0,1800.0,0.1,0.025,5.0,1.25,10.0,10.0,10,100.0,inf,cone,both,5000.0,10.0,0.01,30.0,0.01,256,20,3,0.5,0.1,0.99,10.0,256,20,0,128,89,3.5158516034192555,1.0130859375000003,39.108048087737934,701.1692851258804,0.7103732638888889,230.05345659911916,0.6953125,360.0
mppi_coast,flee,300.0,1800.0,0.1,0.025,5.0,2.5,10.0,10.0,10,100.0,inf,cone,both,5000.0,10.0,0.01,30.0,0.01,256,20,3,0.5,0.1,0.99,10.0,256,20,0,128,89,3.5158516034192555,1.3939453125000003,39.108048087737934,1050.4045533550018,0.7107638888888889,325.3206561535316,0.6953125,360.0
mppi_coast,flee,300.0,1800.0,0.1,0.025,5.0,3.75,10.0,10.0,10,100.0,inf,cone,both,5000.0,10.0,0.01,30.0,0.01,256,20,3,0.5,0.1,0.99,10.0,256,20,0,128,89,3.5158516034192555,1.7748046875000003,39.108048087737934,1255.8419247009265,0.7102430555555556,354.8393156236766,0.6953125,360.0
mppi_coast,flee,300.0,1800.0,0.1,0.025,5.0,4.5,10.0,10.0,10,100.0,inf,cone,both,5000.0,10.0,0.01,30.0,0.01,256,20,3,0.5,0.1,0.99,10.0,256,20,0,128,89,3.5158516034192555,2.003320312499999,39.108048087737934,1291.05324312897,0.71015625,356.59118012299206,0.6953125,360.0
mppi_coast,flee,300.0,1800.0,0.1,0.025,5.0,5.0,10.0,10.0,10,100.0,inf,cone,both,5000.0,10.0,0.01,30.0,0.01,256,20,3,0.5,0.1,0.99,10.0,256,20,0,128,89,3.5158516034192555,2.003320312499999,39.108048087737934,1291.05324312897,0.71015625,356.59118012299206,0.6953125,360.0
mppi_coast,flee,300.0,1800.0,0.1,0.025,5.0,5.5,10.0,10.0,10,100.0,inf,cone,both,5000.0,10.0,0.01,30.0,0.01,256,20,3,0.5,0.1,0.99,10.0,256,20,0,128,89,3.5158516034192555,2.003320312499999,39.108048087737934,1291.05324312897,0.71015625,356.59118012299206,0.6953125,360.0
mppi_coast,flee,300.0,1800.0,0.1,0.025,5.0,6.25,10.0,10.0,10,100.0,inf,cone,both,5000.0,10.0,0.01,30.0,0.01,256,20,3,0.5,0.1,0.99,10.0,256,20,0,128,89,3.5158516034192555,2.003320312499999,39.108048087737934,1291.05324312897,0.71015625,356.59118012299206,0.6953125,360.0
mppi_coast,flee,300.0,1800.0,0.1,0.025,5.0,7.5,10.0,10.0,10,100.0,inf,cone,both,5000.0,10.0,0.01,30.0,0.01,256,20,3,0.5,0.1,0.99,10.0,256,20,0,128,89,3.5158516034192555,2.003320312499999,39.108048087737934,1291.05324312897,0.71015625,356.59118012299206,0.6953125,360.0
mppi_coast,flee,300.0,1800.0,0.1,0.025,5.0,10.0,10.0,10.0,10,100.0,inf,cone,both,5000.0,10.0,0.01,30.0,0.01,256,20,3,0.5,0.1,0.99,10.0,256,20,0,128,89,3.5158516034192555,2.003320312499999,39.108048087737934,1291.05324312897,0.71015625,356.59118012299206,0.6953125,360.0
mppi_coast,flee,300.0,1800.0,0.1,0.025,5.0,inf,10.0,10.0,10,100.0,inf,cone,both,5000.0,10.0,0.01,30.0,0.01,256,20,3,0.5,0.1,0.99,10.0,256,20,0,128,89,3.5158516034192555,2.003320312499999,39.108048087737934,1291.05324312897,0.71015625,356.59118012299206,0.6953125,360.0
mppi_coast,flee,300.0,1800.0,0.1,0.05,5.0,1.25,10.0,10.0,10,100.0,inf,cone,both,5000.0,10.0,0.01,30.0,0.01,256,20,3,0.5,0.1,0.99,10.0,256,20,0,128,89,4.149446692782001,1.25,68.85845431020809,918.590966427138,0.7236111111111111,286.843901444109,0.6953125,450.0
mppi_coast,flee,300.0,1800.0,0.1,0.05,5.0,2.5,10.0,10.0,10,100.0,inf,cone,both,5000.0,10.0,0.01,30.0,0.01,256,20,3,0.5,0.1,0.99,10.0,256,20,0,128,86,4.597129097368148,2.48046875,75.83591303465121,1480.657437866182,0.7148003472222222,481.1030442140388,0.671875,540.0
mppi_coast,flee,300.0,1800.0,0.1,0.05,5.0,3.75,10.0,10.0,10,100.0,inf,cone,both,5000.0,10.0,0.01,30.0,0.01,256,20,3,0.5,0.1,0.99,10.0,256,20,0,128,77,4.613846118265227,3.131249999999999,84.35733549061997,1944.8181454846897,0.7042534722222222,635.3449730339406,0.6015625,540.0
mppi_coast,flee,300.0,1800.0,0.1,0.05,5.0,4.5,10.0,10.0,10,100.0,inf,cone,both,5000.0,10.0,0.01,30.0,0.01,256,20,3,0.5,0.1,0.99,10.0,256,20,0,128,77,4.613846118265227,3.430078124999999,84.36724424501915,2234.499386045819,0.7027777777777777,689.7576665135798,0.6015625,540.0
mppi_coast,flee,300.0,1800.0,0.1,0.05,5.0,5.0,10.0,10.0,10,100.0,inf,cone,both,5000.0,10.0,0.01,30.0,0.01,256,20,3,0.5,0.1,0.99,10.0,256,20,0,128,77,4.613846118265227,3.629296874999999,84.36724424501915,2403.511709406323,0.7020833333333333,717.4389975455497,0.6015625,540.0
mppi_coast,flee,300.0,1800.0,0.1,0.05,5.0,5.5,10.0,10.0,10,100.0,inf,cone,both,5000.0,10.0,0.01,30.0,0.01,256,20,3,0.5,0.1,0.99,10.0,256,20,0,128,77,4.613846118265227,3.828515624999999,84.36724424501915,2552.371954699004,0.7013020833333333,746.1493321468229,0.6015625,540.0
mppi_coast,flee,300.0,1800.0,0.1,0.05,5.0,6.25,10.0,10.0,10,100.0,inf,cone,both,5000.0,10.0,0.01,30.0,0.01,256,20,3,0.5,0.1,0.99,10.0,256,20,0,128,77,4.613846118265227,4.127343749999999,84.36724424501915,2738.616431936336,0.7006076388888889,769.0438406709716,0.6015625,540.0
mppi_coast,flee,300.0,1800.0,0.1,0.05,5.0,7.5,10.0,10.0,10,100.0,inf,cone,both,5000.0,10.0,0.01,30.0,0.01,256,20,3,0.5,0.1,0.99,10.0,256,20,0,128,77,4.613846118265227,4.625390624999999,84.36724424501915,2951.188517228284,0.7003472222222222,793.7222654265926,0.6015625,540.0
mppi_coast,flee,300.0,1800.0,0.1,0.05,5.0,10.0,10.0,10.0,10,100.0,inf,cone,both,5000.0,10.0,0.01,30.0,0.01,256,20,3,0.5,0.1,0.99,10.0,256,20,0,128,77,4.613846118265227,5.223046874999996,84.36724424501915,3043.612658306169,0.7003472222222222,797.6594800053927,0.6015625,540.0
mppi_coast,flee,300.0,1800.0,0.1,0.05,5.0,inf,10.0,10.0,10,100.0,inf,cone,both,5000.0,10.0,0.01,30.0,0.01,256,20,3,0.5,0.1,0.99,10.0,256,20,0,128,77,4.613846118265227,5.223046874999996,84.36724424501915,3043.612658306169,0.7003472222222222,797.6594800053927,0.6015625,540.0
mppi_coast,flee,300.0,1800.0,0.1,0.075,5.0,1.25,10.0,10.0,10,100.0,inf,cone,both,5000.0,10.0,0.01,30.0,0.01,256,20,3,0.5,0.1,0.99,10.0,256,20,0,128,89,4.269636089292313,1.25,81.31591202377487,956.8199634753583,0.7240885416666667,302.66654626863453,0.6953125,470.0
mppi_coast,flee,300.0,1800.0,0.1,0.075,5.0,2.5,10.0,10.0,10,100.0,inf,cone,both,5000.0,10.0,0.01,30.0,0.01,256,20,3,0.5,0.1,0.99,10.0,256,20,0,128,65,4.998100182028789,2.5,97.2061436652006,1917.4613828860624,0.7179253472222222,534.0391816350466,0.5078125,640.0
mppi_coast,flee,300.0,1800.0,0.1,0.075,5.0,3.75,10.0,10.0,10,100.0,inf,cone,both,5000.0,10.0,0.01,30.0,0.01,256,20,3,0.5,0.1,0.99,10.0,256,20,0,128,4,5.0,3.75,164.40925536416498,2423.1971521812443,0.7081163194444444,733.7436952417062,0.03125,1155.0
mppi_coast,flee,300.0,1800.0,0.1,0.075,5.0,4.5,10.0,10.0,10,100.0,inf,cone,both,5000.0,10.0,0.01,30.0,0.01,256,20,3,0.5,0.1,0.99,10.0,256,20,0,128,0,5.0,4.5,290.5672909910255,3159.9990212219905,0.7051215277777778,821.8443798817273,0.0,
mppi_coast,flee,300.0,1800.0,0.1,0.075,5.0,5.0,10.0,10.0,10,100.0,inf,cone,both,5000.0,10.0,0.01,30.0,0.01,256,20,3,0.5,0.1,0.99,10.0,256,20,0,128,0,5.0,5.0,291.83950438859733,3785.297055243316,0.7029947916666667,872.902937164915,0.0,
mppi_coast,flee,300.0,1800.0,0.1,0.075,5.0,5.5,10.0,10.0,10,100.0,inf,cone,both,5000.0,10.0,0.01,30.0,0.01,256,20,3,0.5,0.1,0.99,10.0,256,20,0,128,0,5.0,5.5,291.83950438859733,4370.932508927709,0.7024305555555556,903.9746485861984,0.0,
mppi_coast,flee,300.0,1800.0,0.1,0.075,5.0,6.25,10.0,10.0,10,100.0,inf,cone,both,5000.0,10.0,0.01,30.0,0.01,256,20,3,0.5,0.1,0.99,10.0,256,20,0,128,0,5.0,6.25,291.83950438859733,5175.00780178626,0.7009114583333333,974.2484841272354,0.0,
mppi_coast,flee,300.0,1800.0,0.1,0.075,5.0,7.5,10.0,10.0,10,100.0,inf,cone,both,5000.0,10.0,0.01,30.0,0.01,256,20,3,0.5,0.1,0.99,10.0,256,20,0,128,0,5.0,7.5,291.83950438859733,6322.420347090811,0.6943576388888889,1046.366564978959,0.0,
mppi_coast,flee,300.0,1800.0,0.1,0.075,5.0,10.0,10.0,10.0,10,100.0,inf,cone,both,5000.0,10.0,0.01,30.0,0.01,256,20,3,0.5,0.1,0.99,10.0,256,20,0,128,0,5.0,10.0,291.83950438859733,7939.329923691105,0.6608940972222223,1131.687506307333,0.0,
mppi_coast,flee,300.0,1800.0,0.1,0.075,5.0,inf,10.0,10.0,10,100.0,inf,cone,both,5000.0,10.0,0.01,30.0,0.01,256,20,3,0.5,0.1,0.99,10.0,256,20,0,128,0,5.0,13.49999999999996,291.83950438859733,8774.958055871295,0.6426215277777778,1163.255194865087,0.0,
mppi_coast,flee,300.0,1800.0,0.1,0.09,5.0,1.25,10.0,10.0,10,100.0,inf,cone,both,5000.0,10.0,0.01,30.0,0.01,256,20,3,0.5,0.1,0.99,10.0,256,20,0,128,89,4.296528670886906,1.25,84.68565822181222,968.823524334814,0.7205837673611111,315.0865178874587,0.6953125,480.0
mppi_coast,flee,300.0,1800.0,0.1,0.09,5.0,2.5,10.0,10.0,10,100.0,inf,cone,both,5000.0,10.0,0.01,30.0,0.01,256,20,3,0.5,0.1,0.99,10.0,256,20,0,128,55,5.0,2.5,98.2341102497491,2089.614295173149,0.7171006944444445,555.5991109398146,0.4296875,650.0
mppi_coast,flee,300.0,1800.0,0.1,0.09,5.0,3.75,10.0,10.0,10,100.0,inf,cone,both,5000.0,10.0,0.01,30.0,0.01,256,20,3,0.5,0.1,0.99,10.0,256,20,0,128,2,5.0,3.75,156.49712624146937,2670.021007385395,0.7095052083333333,765.5573549055416,0.015625,1020.0
mppi_coast,flee,300.0,1800.0,0.1,0.09,5.0,4.5,10.0,10.0,10,100.0,inf,cone,both,5000.0,10.0,0.01,30.0,0.01,256,20,3,0.5,0.1,0.99,10.0,256,20,0,128,0,5.0,4.5,281.9990426604648,3211.283024345646,0.7062065972222222,863.8498931714253,0.0,
mppi_coast,flee,300.0,1800.0,0.1,0.09,5.0,5.0,10.0,10.0,10,100.0,inf,cone,both,5000.0,10.0,0.01,30.0,0.01,256,20,3,0.5,0.1,0.99,10.0,256,20,0,128,0,5.0,5.0,299.99196978654567,3889.409421587734,0.7055555555555556,914.4890608542764,0.0,
mppi_coast,flee,300.0,1800.0,0.1,0.09,5.0,5.5,10.0,10.0,10,100.0,inf,cone,both,5000.0,10.0,0.01,30.0,0.01,256,20,3,0.5,0.1,0.99,10.0,256,20,0,128,0,5.0,5.5,299.99196978654567,4547.227568990631,0.7033420138888888,968.2968063967206,0.0,
mppi_coast,flee,300.0,1800.0,0.1,0.09,5.0,6.25,10.0,10.0,10,100.0,inf,cone,both,5000.0,10.0,0.01,30.0,0.01,256,20,3,0.5,0.1,0.99,10.0,256,20,0,128,0,5.0,6.25,299.99196978654567,5470.213948946009,0.7003472222222222,1039.330479655149,0.0,
mppi_coast,flee,300.0,1800.0,0.1,0.09,5.0,7.5,10.0,10.0,10,100.0,inf,cone,both,5000.0,10.0,0.01,30.0,0.01,256,20,3,0.5,0.1,0.99,10.0,256,20,0,128,0,5.0,7.5,299.99196978654567,6837.258903827079,0.6797743055555555,1150.7463591985502,0.0,
mppi_coast,flee,300.0,1800.0,0.1,0.09,5.0,10.0,10.0,10.0,10,100.0,inf,cone,both,5000.0,10.0,0.01,30.0,0.01,256,20,3,0.5,0.1,0.99,10.0,256,20,0,128,0,5.0,10.0,299.99196978654567,8972.231626282699,0.6245225694444444,1313.9654560149745,0.0,
mppi_coast,flee,300.0,1800.0,0.1,0.09,5.0,inf,10.0,10.0,10,100.0,inf,cone,both,5000.0,10.0,0.01,30.0,0.01,256,20,3,0.5,0.1,0.99,10.0,256,20,0,128,0,5.0,16.19999999999998,299.99196978654567,11148.354506690674,0.5768229166666666,1439.345359382074,0.0,
mppi_coast,flee,300.0,1800.0,0.1,0.1,5.0,1.25,10.0,10.0,10,100.0,inf,cone,both,5000.0,10.0,0.01,30.0,0.01,256,20,3,0.5,0.1,0.99,10.0,256,20,0,128,89,4.334245361606465,1.25,86.1992770886533,974.5244001968867,0.7206597222222222,318.0466401534987,0.6953125,490.0
mppi_coast,flee,300.0,1800.0,0.1,0.1,5.0,2.5,10.0,10.0,10,100.0,inf,cone,both,5000.0,10.0,0.01,30.0,0.01,256,20,3,0.5,0.1,0.99,10.0,256,20,0,128,47,5.0,2.5,99.45692468008178,2247.538705569692,0.7165798611111112,566.536686051966,0.3671875,670.0
mppi_coast,flee,300.0,1800.0,0.1,0.1,5.0,3.75,10.0,10.0,10,100.0,inf,cone,both,5000.0,10.0,0.01,30.0,0.01,256,20,3,0.5,0.1,0.99,10.0,256,20,0,128,2,5.0,3.75,158.12062010971857,2750.047592928789,0.7088975694444445,789.9949287554393,0.015625,1050.0
mppi_coast,flee,300.0,1800.0,0.1,0.1,5.0,4.5,10.0,10.0,10,100.0,inf,cone,both,5000.0,10.0,0.01,30.0,0.01,256,20,3,0.5,0.1,0.99,10.0,256,20,0,128,0,5.0,4.5,270.5601439342122,3300.272462161,0.7055555555555556,897.5394726120394,0.0,
mppi_coast,flee,300.0,1800.0,0.1,0.1,5.0,5.0,10.0,10.0,10,100.0,inf,cone,both,5000.0,10.0,0.01,30.0,0.01,256,20,3,0.5,0.1,0.99,10.0,256,20,0,128,0,5.0,5.0,299.9281780949519,4004.6491962108566,0.7037326388888889,963.490624204,0.0,
mppi_coast,flee,300.0,1800.0,0.1,0.1,5.0,5.5,10.0,10.0,10,100.0,inf,cone,both,5000.0,10.0,0.01,30.0,0.01,256,20,3,0.5,0.1,0.99,10.0,256,20,0,128,0,5.0,5.5,300.0,4703.220089705289,0.7025607638888889,1010.9434805992698,0.0,
mppi_coast,flee,300.0,1800.0,0.1,0.1,5.0,6.25,10.0,10.0,10,100.0,inf,cone,both,5000.0,10.0,0.01,30.0,0.01,256,20,3,0.5,0.1,0.99,10.0,256,20,0,128,0,5.0,6.25,300.0,5691.717799712678,0.6984809027777777,1104.6727087454112,0.0,
mppi_coast,flee,300.0,1800.0,0.1,0.1,5.0,7.5,10.0,10.0,10,100.0,inf,cone,both,5000.0,10.0,0.01,30.0,0.01,256,20,3,0.5,0.1,0.99,10.0,256,20,0,128,0,5.0,7.5,300.0,7179.294595767289,0.6703559027777778,1217.6394095223577,0.0,
mppi_coast,flee,300.0,1800.0,0.1,0.1,5.0,10.0,10.0,10.0,10,100.0,inf,cone,both,5000.0,10.0,0.01,30.0,0.01,256,20,3,0.5,0.1,0.99,10.0,256,20,0,128,0,5.0,10.0,300.0,9591.125795657588,0.59609375,1447.995816247315,0.0,
mppi_coast,flee,300.0,1800.0,0.1,0.1,5.0,inf,10.0,10.0,10,100.0,inf,cone,both,5000.0,10.0,0.01,30.0,0.01,256,20,3,0.5,0.1,0.99,10.0,256,20,0,128,0,5.0,17.999999999999986,300.0,12857.218761798487,0.5378472222222223,1675.79413791421,0.0,
mppi_coast,flee,300.0,1800.0,0.1,0.11,5.0,1.25,10.0,10.0,10,100.0,inf,cone,both,5000.0,10.0,0.01,30.0,0.01,256,20,3,0.5,0.1,0.99,10.0,256,20,0,128,89,4.334092862538042,1.25,87.10628235438277,979.3235811092386,0.7206163194444445,320.42455466763124,0.6953125,490.0
mppi_coast,flee,300.0,1800.0,0.1,0.11,5.0,2.5,10.0,10.0,10,100.0,inf,cone,both,5000.0,10.0,0.01,30.0,0.01,256,20,3,0.5,0.1,0.99,10.0,256,20,0,128,46,5.0,2.5,95.54806531730574,2170.226875290654,0.7261284722222222,553.6358133490795,0.359375,675.0
mppi_coast,flee,300.0,1800.0,0.1,0.11,5.0,3.75,10.0,10.0,10,100.0,inf,cone,both,5000.0,10.0,0.01,30.0,0.01,256,20,3,0.5,0.1,0.99,10.0,256,20,0,128,6,5.0,3.75,160.70950395986003,2700.691258614338,0.7192708333333333,779.3671237633587,0.046875,1010.0
mppi_coast,flee,300.0,1800.0,0.1,0.11,5.0,4.5,10.0,10.0,10,100.0,inf,cone,both,5000.0,10.0,0.01,30.0,0.01,256,20,3,0.5,0.1,0.99,10.0,256,20,0,128,0,5.0,4.5,267.62360775477174,3245.6949550991267,0.7163628472222222,890.5199313721921,0.0,
mppi_coast,flee,300.0,1800.0,0.1,0.11,5.0,5.0,10.0,10.0,10,100.0,inf,cone,both,5000.0,10.0,0.01,30.0,0.01,256,20,3,0.5,0.1,0.99,10.0,256,20,0,128,0,5.0,5.0,300.0,3957.537482190319,0.7146701388888889,958.4493557386768,0.0,
mppi_coast,flee,300.0,1800.0,0.1,0.11,5.0,5.5,10.0,10.0,10,100.0,inf,cone,both,5000.0,10.0,0.01,30.0,0.01,256,20,3,0.5,0.1,0.99,10.0,256,20,0,128,0,5.0,5.5,300.0,4682.805045833215,0.713671875,1009.101114490352,0.0,
mppi_coast,flee,300.0,1800.0,0.1,0.11,5.0,6.25,10.0,10.0,10,100.0,inf,cone,both,5000.0,10.0,0.01,30.0,0.01,256,20,3,0.5,0.1,0.99,10.0,256,20,0,128,0,5.0,6.25,300.0,5718.841830605461,0.7062934027777777,1107.887715709633,0.0,
mppi_coast,flee,300.0,1800.0,0.1,0.11,5.0,7.5,10.0,10.0,10,100.0,inf,cone,both,5000.0,10.0,0.01,30.0,0.01,256,20,3,0.5,0.1,0.99,10.0,256,20,0,128,0,5.0,7.5,300.0,7297.704558564729,0.6725260416666666,1286.7285959730634,0.0,
mppi_coast,flee,300.0,1800.0,0.1,0.11,5.0,10.0,10.0,10.0,10,100.0,inf,cone,both,5000.0,10.0,0.01,30.0,0.01,256,20,3,0.5,0.1,0.99,10.0,256,20,0,128,0,5.0,10.0,300.0,9930.84427248034,0.5855034722222222,1517.142774442981,0.0,
mppi_coast,flee,300.0,1800.0,0.1,0.11,5.0,inf,10.0,10.0,10,100.0,inf,cone,both,5000.0,10.0,0.01,30.0,0.01,256,20,3,0.5,0.1,0.99,10.0,256,20,0,128,0,5.0,19.79999999999995,300.0,14389.282181244684,0.5130208333333334,1866.3675727764548,0.0,
mppi_coast,flee,300.0,1800.0,0.1,0.125,5.0,1.25,10.0,10.0,10,100.0,inf,cone,both,5000.0,10.0,0.01,30.0,0.01,256,20,3,0.5,0.1,0.99,10.0,256,20,0,128,89,4.342238166391245,1.25,88.59830559105117,985.2077496483678,0.7205729166666667,323.3930368012574,0.6953125,490.0
mppi_coast,flee,300.0,1800.0,0.1,0.125,5.0,2.5,10.0,10.0,10,100.0,inf,cone,both,5000.0,10.0,0.01,30.0,0.01,256,20,3,0.5,0.1,0.99,10.0,256,20,0,128,45,5.0,2.5,94.87418797067392,2159.737327150848,0.728619123931624,557.4846037891965,0.3515625,680.0
mppi_coast,flee,300.0,1800.0,0.1,0.125,5.0,3.75,10.0,10.0,10,100.0,inf,cone,both,5000.0,10.0,0.01,30.0,0.01,256,20,3,0.5,0.1,0.99,10.0,256,20,0,128,1,5.0,3.75,170.0479385476034,2761.7132489901883,0.7235243055555556,787.9238119263641,0.0078125,1020.0
mppi_coast,flee,300.0,1800.0,0.1,0.125,5.0,4.5,10.0,10.0,10,100.0,inf,cone,both,5000.0,10.0,0.01,30.0,0.01,256,20,3,0.5,0.1,0.99,10.0,256,20,0,128,0,5.0,4.5,262.45344749329684,3315.015740488418,0.7223958333333333,889.206323546562,0.0,
mppi_coast,flee,300.0,1800.0,0.1,0.125,5.0,5.0,10.0,10.0,10,100.0,inf,cone,both,5000.0,10.0,0.01,30.0,0.01,256,20,3,0.5,0.1,0.99,10.0,256,20,0,128,0,5.0,5.0,298.38605649793027,4047.510102955471,0.7206163194444445,960.6878011488868,0.0,
mppi_coast,flee,300.0,1800.0,0.1,0.125,5.0,5.5,10.0,10.0,10,100.0,inf,cone,both,5000.0,10.0,0.01,30.0,0.01,256,20,3,0.5,0.1,0.99,10.0,256,20,0,128,0,5.0,5.5,300.0,4816.975730237669,0.71875,1028.0206286754196,0.0,
mppi_coast,flee,300.0,1800.0,0.1,0.125,5.0,6.25,10.0,10.0,10,100.0,inf,cone,both,5000.0,10.0,0.01,30.0,0.01,256,20,3,0.5,0.1,0.99,10.0,256,20,0,128,0,5.0,6.25,300.0,5927.670901309151,0.704296875,1150.5243166816642,0.0,
mppi_coast,flee,300.0,1800.0,0.1,0.125,5.0,7.5,10.0,10.0,10,100.0,inf,cone,both,5000.0,10.0,0.01,30.0,0.01,256,20,3,0.5,0.1,0.99,10.0,256,20,0,128,0,5.0,7.5,300.0,7641.364421846726,0.6610677083333334,1314.2546830833187,0.0,
mppi_coast,flee,300.0,1800.0,0.1,0.125,5.0,10.0,10.0,10.0,10,100.0,inf,cone,both,5000.0,10.0,0.01,30.0,0.01,256,20,3,0.5,0.1,0.99,10.0,256,20,0,128,0,5.0,10.0,300.0,10576.639061488127,0.5578125,1684.455838019587,0.0,
mppi_coast,flee,300.0,1800.0,0.1,0.125,5.0,inf,10.0,10.0,10,100.0,inf,cone,both,5000.0,10.0,0.01,30.0,0.01,256,20,3,0.5,0.1,0.99,10.0,256,20,0,128,0,5.0,22.5,300.0,16991.195373792845,0.4730034722222222,2274.9504063357545,0.0,
mppi_coast,flee,300.0,1800.0,0.1,0.15,5.0,1.25,10.0,10.0,10,100.0,inf,cone,both,5000.0,10.0,0.01,30.0,0.01,256,20,3,0.5,0.1,0.99,10.0,256,20,0,128,89,4.369219743294864,1.25,89.57276494122877,991.6954364373756,0.7203559027777777,327.208374387251,0.6953125,490.0
mppi_coast,flee,300.0,1800.0,0.1,0.15,5.0,2.5,10.0,10.0,10,100.0,inf,cone,both,5000.0,10.0,0.01,30.0,0.01,256,20,3,0.5,0.1,0.99,10.0,256,20,0,128,25,5.0,2.5,95.45431981858384,2383.8114094735683,0.7335503472222222,569.458759138214,0.1953125,720.0
mppi_coast,flee,300.0,1800.0,0.1,0.15,5.0,3.75,10.0,10.0,10,100.0,inf,cone,both,5000.0,10.0,0.01,30.0,0.01,256,20,3,0.5,0.1,0.99,10.0,256,20,0,128,3,5.0,3.75,178.99067786262177,2798.0362855527173,0.7267795138888888,831.8190420731218,0.0234375,1070.0
mppi_coast,flee,300.0,1800.0,0.1,0.15,5.0,4.5,10.0,10.0,10,100.0,inf,cone,both,5000.0,10.0,0.01,30.0,0.01,256,20,3,0.5,0.1,0.99,10.0,256,20,0,128,0,5.0,4.5,264.6350319099874,3441.2669210140675,0.7256510416666667,940.5875179779072,0.0,
mppi_coast,flee,300.0,1800.0,0.1,0.15,5.0,5.0,10.0,10.0,10,100.0,inf,cone,both,5000.0,10.0,0.01,30.0,0.01,256,20,3,0.5,0.1,0.99,10.0,256,20,0,128,0,5.0,5.0,298.1939767244729,4217.603218027455,0.7245659722222222,1021.4082749611634,0.0,
mppi_coast,flee,300.0,1800.0,0.1,0.15,5.0,5.5,10.0,10.0,10,100.0,inf,cone,both,5000.0,10.0,0.01,30.0,0.01,256,20,3,0.5,0.1,0.99,10.0,256,20,0,128,0,5.0,5.5,300.0,5046.701116966055,0.7206597222222222,1125.5305909154847,0.0,
mppi_coast,flee,300.0,1800.0,0.1,0.15,5.0,6.25,10.0,10.0,10,100.0,inf,cone,both,5000.0,10.0,0.01,30.0,0.01,256,20,3,0.5,0.1,0.99,10.0,256,20,0,128,0,5.0,6.25,300.0,6253.95496961716,0.6981336805555556,1237.8116043898488,0.0,
mppi_coast,flee,300.0,1800.0,0.1,0.15,5.0,7.5,10.0,10.0,10,100.0,inf,cone,both,5000.0,10.0,0.01,30.0,0.01,256,20,3,0.5,0.1,0.99,10.0,256,20,0,128,0,5.0,7.5,300.0,8143.968635945467,0.6465277777777778,1474.7591691907166,0.0,
mppi_coast,flee,300.0,1800.0,0.1,0.15,5.0,10.0,10.0,10.0,10,100.0,inf,cone,both,5000.0,10.0,0.01,30.0,0.01,256,20,3,0.5,0.1,0.99,10.0,256,20,0,128,0,5.0,10.0,300.0,11479.585745199587,0.5216579861111111,1802.0459078319948,0.0,
mppi_coast,flee,300.0,1800.0,0.1,0.15,5.0,inf,10.0,10.0,10,100.0,inf,cone,both,5000.0,10.0,0.01,30.0,0.01,256,20,3,0.5,0.1,0.99,10.0,256,20,0,128,0,5.0,26.99999999999992,300.0,21462.623491224484,0.4205729166666667,2917.0651335094603,0.0,
mppi_coast,flee,300.0,1800.0,0.1,0.2,5.0,1.25,10.0,10.0,10,100.0,inf,cone,both,5000.0,10.0,0.01,30.0,0.01,256,20,3,0.5,0.1,0.99,10.0,256,20,0,128,90,4.457120694991438,1.25,88.97621495671227,971.522999113594,0.7208147321428572,327.7855014317997,0.703125,505.0
mppi_coast,flee,300.0,1800.0,0.1,0.2,5.0,2.5,10.0,10.0,10,100.0,inf,cone,both,5000.0,10.0,0.01,30.0,0.01,256,20,3,0.5,0.1,0.99,10.0,256,20,0,128,15,5.0,2.5,100.10273709737218,2416.656884232528,0.7374565972222222,572.9190825657205,0.1171875,720.0
mppi_coast,flee,300.0,1800.0,0.1,0.2,5.0,3.75,10.0,10.0,10,100.0,inf,cone,both,5000.0,10.0,0.01,30.0,0.01,256,20,3,0.5,0.1,0.99,10.0,256,20,0,128,1,5.0,3.75,194.34722638039676,2905.0046918896533,0.7357204861111111,852.5440587943874,0.0078125,1040.0
mppi_coast,flee,300.0,1800.0,0.1,0.2,5.0,4.5,10.0,10.0,10,100.0,inf,cone,both,5000.0,10.0,0.01,30.0,0.01,256,20,3,0.5,0.1,0.99,10.0,256,20,0,128,0,5.0,4.5,275.2793590820048,3650.446183200488,0.7345920138888888,997.2757980495982,0.0,
mppi_coast,flee,300.0,1800.0,0.1,0.2,5.0,5.0,10.0,10.0,10,100.0,inf,cone,both,5000.0,10.0,0.01,30.0,0.01,256,20,3,0.5,0.1,0.99,10.0,256,20,0,128,0,5.0,5.0,298.21668440341665,4483.151882534158,0.7318142361111111,1089.559311412546,0.0,
mppi_coast,flee,300.0,1800.0,0.1,0.2,5.0,5.5,10.0,10.0,10,100.0,inf,cone,both,5000.0,10.0,0.01,30.0,0.01,256,20,3,0.5,0.1,0.99,10.0,256,20,0,128,0,5.0,5.5,300.0,5381.941280000929,0.71875,1194.9398945114506,0.0,
mppi_coast,flee,300.0,1800.0,0.1,0.2,5.0,6.25,10.0,10.0,10,100.0,inf,cone,both,5000.0,10.0,0.01,30.0,0.01,256,20,3,0.5,0.1,0.99,10.0,256,20,0,128,0,5.0,6.25,300.0,6710.160377254644,0.6870659722222222,1327.613811008522,0.0,
mppi_coast,flee,300.0,1800.0,0.1,0.2,5.0,7.5,10.0,10.0,10,100.0,inf,cone,both,5000.0,10.0,0.01,30.0,0.01,256,20,3,0.5,0.1,0.99,10.0,256,20,0,128,0,5.0,7.5,300.0,8830.037012097164,0.623046875,1593.5159191847058,0.0,
mppi_coast,flee,300.0,1800.0,0.1,0.2,5.0,10.0,10.0,10.0,10,100.0,inf,cone,both,5000.0,10.0,0.01,30.0,0.01,256,20,3,0.5,0.1,0.99,10.0,256,20,0,128,0,5.0,10.0,300.0,12699.966204932214,0.4699652777777778,1971.0792201400145,0.0,
mppi_coast,flee,300.0,1800.0,0.1,0.2,5.0,inf,10.0,10.0,10,100.0,inf,cone,both,5000.0,10.0,0.01,30.0,0.01,256,20,3,0.5,0.1,0.99,10.0,256,20,0,128,0,5.0,35.99999999999997,300.0,30464.73696388136,0.3472222222222222,4425.628615900494,0.0,
mppi_coast,coast,300.0,1800.0,0.1,0.025,5.0,1.25,10.0,10.0,10,100.0,inf,cone,both,5000.0,10.0,0.01,30.0,0.01,256,20,3,0.5,0.1,0.99,10.0,256,20,0,128,89,3.1298322488623684,0.0,21.197969166480892,162.25360645414003,0.7364583333333333,37.06215539315449,0.6953125,290.0
mppi_coast,coast,300.0,1800.0,0.1,0.025,5.0,2.5,10.0,10.0,10,100.0,inf,cone,both,5000.0,10.0,0.01,30.0,0.01,256,20,3,0.5,0.1,0.99,10.0,256,20,0,128,89,3.1298322488623684,0.0,21.197969166480892,162.25360645414003,0.7364583333333333,37.06215539315449,0.6953125,290.0
mppi_coast,coast,300.0,1800.0,0.1,0.025,5.0,3.75,10.0,10.0,10,100.0,inf,cone,both,5000.0,10.0,0.01,30.0,0.01,256,20,3,0.5,0.1,0.99,10.0,256,20,0,128,89,3.1298322488623684,0.0,21.197969166480892,162.25360645414003,0.7364583333333333,37.06215539315449,0.6953125,290.0
mppi_coast,coast,300.0,1800.0,0.1,0.025,5.0,4.5,10.0,10.0,10,100.0,inf,cone,both,5000.0,10.0,0.01,30.0,0.01,256,20,3,0.5,0.1,0.99,10.0,256,20,0,128,89,3.1298322488623684,0.0,21.197969166480892,162.25360645414003,0.7364583333333333,37.06215539315449,0.6953125,290.0
mppi_coast,coast,300.0,1800.0,0.1,0.025,5.0,5.0,10.0,10.0,10,100.0,inf,cone,both,5000.0,10.0,0.01,30.0,0.01,256,20,3,0.5,0.1,0.99,10.0,256,20,0,128,89,3.1298322488623684,0.0,21.197969166480892,162.25360645414003,0.7364583333333333,37.06215539315449,0.6953125,290.0
mppi_coast,coast,300.0,1800.0,0.1,0.025,5.0,5.5,10.0,10.0,10,100.0,inf,cone,both,5000.0,10.0,0.01,30.0,0.01,256,20,3,0.5,0.1,0.99,10.0,256,20,0,128,89,3.1298322488623684,0.0,21.197969166480892,162.25360645414003,0.7364583333333333,37.06215539315449,0.6953125,290.0
mppi_coast,coast,300.0,1800.0,0.1,0.025,5.0,6.25,10.0,10.0,10,100.0,inf,cone,both,5000.0,10.0,0.01,30.0,0.01,256,20,3,0.5,0.1,0.99,10.0,256,20,0,128,89,3.1298322488623684,0.0,21.197969166480892,162.25360645414003,0.7364583333333333,37.06215539315449,0.6953125,290.0
mppi_coast,coast,300.0,1800.0,0.1,0.025,5.0,7.5,10.0,10.0,10,100.0,inf,cone,both,5000.0,10.0,0.01,30.0,0.01,256,20,3,0.5,0.1,0.99,10.0,256,20,0,128,89,3.1298322488623684,0.0,21.197969166480892,162.25360645414003,0.7364583333333333,37.06215539315449,0.6953125,290.0
mppi_coast,coast,300.0,1800.0,0.1,0.025,5.0,10.0,10.0,10.0,10,100.0,inf,cone,both,5000.0,10.0,0.01,30.0,0.01,256,20,3,0.5,0.1,0.99,10.0,256,20,0,128,89,3.1298322488623684,0.0,21.197969166480892,162.25360645414003,0.7364583333333333,37.06215539315449,0.6953125,290.0
mppi_coast,coast,300.0,1800.0,0.1,0.025,5.0,inf,10.0,10.0,10,100.0,inf,cone,both,5000.0,10.0,0.01,30.0,0.01,256,20,3,0.5,0.1,0.99,10.0,256,20,0,128,89,3.1298322488623684,0.0,21.197969166480892,162.25360645414003,0.7364583333333333,37.06215539315449,0.6953125,290.0
mppi_coast,coast,300.0,1800.0,0.1,0.05,5.0,1.25,10.0,10.0,10,100.0,inf,cone,both,5000.0,10.0,0.01,30.0,0.01,256,20,3,0.5,0.1,0.99,10.0,256,20,0,128,90,3.174842096499217,0.0,21.213787223297796,160.06039959913815,0.7354066506410256,37.29697949387971,0.703125,300.0
mppi_coast,coast,300.0,1800.0,0.1,0.05,5.0,2.5,10.0,10.0,10,100.0,inf,cone,both,5000.0,10.0,0.01,30.0,0.01,256,20,3,0.5,0.1,0.99,10.0,256,20,0,128,90,3.174842096499217,0.0,21.213787223297796,160.06039959913815,0.7354066506410256,37.29697949387971,0.703125,300.0
mppi_coast,coast,300.0,1800.0,0.1,0.05,5.0,3.75,10.0,10.0,10,100.0,inf,cone,both,5000.0,10.0,0.01,30.0,0.01,256,20,3,0.5,0.1,0.99,10.0,256,20,0,128,90,3.174842096499217,0.0,21.213787223297796,160.06039959913815,0.7354066506410256,37.29697949387971,0.703125,300.0
mppi_coast,coast,300.0,1800.0,0.1,0.05,5.0,4.5,10.0,10.0,10,100.0,inf,cone,both,5000.0,10.0,0.01,30.0,0.01,256,20,3,0.5,0.1,0.99,10.0,256,20,0,128,90,3.174842096499217,0.0,21.213787223297796,160.06039959913815,0.7354066506410256,37.29697949387971,0.703125,300.0
mppi_coast,coast,300.0,1800.0,0.1,0.05,5.0,5.0,10.0,10.0,10,100.0,inf,cone,both,5000.0,10.0,0.01,30.0,0.01,256,20,3,0.5,0.1,0.99,10.0,256,20,0,128,90,3.174842096499217,0.0,21.213787223297796,160.06039959913815,0.7354066506410256,37.29697949387971,0.703125,300.0
mppi_coast,coast,300.0,1800.0,0.1,0.05,5.0,5.5,10.0,10.0,10,100.0,inf,cone,both,5000.0,10.0,0.01,30.0,0.01,256,20,3,0.5,0.1,0.99,10.0,256,20,0,128,90,3.174842096499217,0.0,21.213787223297796,160.06039959913815,0.7354066506410256,37.29697949387971,0.703125,300.0
mppi_coast,coast,300.0,1800.0,0.1,0.05,5.0,6.25,10.0,10.0,10,100.0,inf,cone,both,5000.0,10.0,0.01,30.0,0.01,256,20,3,0.5,0.1,0.99,10.0,256,20,0,128,90,3.174842096499217,0.0,21.213787223297796,160.06039959913815,0.7354066506410256,37.29697949387971,0.703125,300.0
mppi_coast,coast,300.0,1800.0,0.1,0.05,5.0,7.5,10.0,10.0,10,100.0,inf,cone,both,5000.0,10.0,0.01,30.0,0.01,256,20,3,0.5,0.1,0.99,10.0,256,20,0,128,90,3.174842096499217,0.0,21.213787223297796,160.06039959913815,0.7354066506410256,37.29697949387971,0.703125,300.0
mppi_coast,coast,300.0,1800.0,0.1,0.05,5.0,10.0,10.0,10.0,10,100.0,inf,cone,both,5000.0,10.0,0.01,30.0,0.01,256,20,3,0.5,0.1,0.99,10.0,256,20,0,128,90,3.174842096499217,0.0,21.213787223297796,160.06039959913815,0.7354066506410256,37.29697949387971,0.703125,300.0
mppi_coast,coast,300.0,1800.0,0.1,0.05,5.0,inf,10.0,10.0,10,100.0,inf,cone,both,5000.0,10.0,0.01,30.0,0.01,256,20,3,0.5,0.1,0.99,10.0,256,20,0,128,90,3.174842096499217,0.0,21.213787223297796,160.06039959913815,0.7354066506410256,37.29697949387971,0.703125,300.0
mppi_coast,coast,300.0,1800.0,0.1,0.075,5.0,1.25,10.0,10.0,10,100.0,inf,cone,both,5000.0,10.0,0.01,30.0,0.01,256,20,3,0.5,0.1,0.99,10.0,256,20,0,128,89,3.1769844561150733,0.0,21.627442428472392,162.46044566110947,0.7364583333333333,37.33967353242718,0.6953125,300.0
mppi_coast,coast,300.0,1800.0,0.1,0.075,5.0,2.5,10.0,10.0,10,100.0,inf,cone,both,5000.0,10.0,0.01,30.0,0.01,256,20,3,0.5,0.1,0.99,10.0,256,20,0,128,89,3.1769844561150733,0.0,21.627442428472392,162.46044566110947,0.7364583333333333,37.33967353242718,0.6953125,300.0
mppi_coast,coast,300.0,1800.0,0.1,0.075,5.0,3.75,10.0,10.0,10,100.0,inf,cone,both,5000.0,10.0,0.01,30.0,0.01,256,20,3,0.5,0.1,0.99,10.0,256,20,0,128,89,3.1769844561150733,0.0,21.627442428472392,162.46044566110947,0.7364583333333333,37.33967353242718,0.6953125,300.0
mppi_coast,coast,300.0,1800.0,0.1,0.075,5.0,4.5,10.0,10.0,10,100.0,inf,cone,both,5000.0,10.0,0.01,30.0,0.01,256,20,3,0.5,0.1,0.99,10.0,256,20,0,128,89,3.1769844561150733,0.0,21.627442428472392,162.46044566110947,0.7364583333333333,37.33967353242718,0.6953125,300.0
mppi_coast,coast,300.0,1800.0,0.1,0.075,5.0,5.0,10.0,10.0,10,100.0,inf,cone,both,5000.0,10.0,0.01,30.0,0.01,256,20,3,0.5,0.1,0.99,10.0,256,20,0,128,89,3.1769844561150733,0.0,21.627442428472392,162.46044566110947,0.7364583333333333,37.33967353242718,0.6953125,300.0
mppi_coast,coast,300.0,1800.0,0.1,0.075,5.0,5.5,10.0,10.0,10,100.0,inf,cone,both,5000.0,10.0,0.01,30.0,0.01,256,20,3,0.5,0.1,0.99,10.0,256,20,0,128,89,3.1769844561150733,0.0,21.627442428472392,162.46044566110947,0.7364583333333333,37.33967353242718,0.6953125,300.0
mppi_coast,coast,300.0,1800.0,0.1,0.075,5.0,6.25,10.0,10.0,10,100.0,inf,cone,both,5000.0,10.0,0.01,30.0,0.01,256,20,3,0.5,0.1,0.99,10.0,256,20,0,128,89,3.1769844561150733,0.0,21.627442428472392,162.46044566110947,0.7364583333333333,37.33967353242718,0.6953125,300.0
mppi_coast,coast,300.0,1800.0,0.1,0.075,5.0,7.5,10.0,10.0,10,100.0,inf,cone,both,5000.0,10.0,0.01,30.0,0.01,256,20,3,0.5,0.1,0.99,10.0,256,20,0,128,89,3.1769844561150733,0.0,21.627442428472392,162.46044566110947,0.7364583333333333,37.33967353242718,0.6953125,300.0
mppi_coast,coast,300.0,1800.0,0.1,0.075,5.0,10.0,10.0,10.0,10,100.0,inf,cone,both,5000.0,10.0,0.01,30.0,0.01,256,20,3,0.5,0.1,0.99,10.0,256,20,0,128,89,3.1769844561150733,0.0,21.627442428472392,162.46044566110947,0.7364583333333333,37.33967353242718,0.6953125,300.0
mppi_coast,coast,300.0,1800.0,0.1,0.075,5.0,inf,10.0,10.0,10,100.0,inf,cone,both,5000.0,10.0,0.01,30.0,0.01,256,20,3,0.5,0.1,0.99,10.0,256,20,0,128,89,3.1769844561150733,0.0,21.627442428472392,162.46044566110947,0.7364583333333333,37.33967353242718,0.6953125,300.0
mppi_coast,coast,300.0,1800.0,0.1,0.09,5.0,1.25,10.0,10.0,10,100.0,inf,cone,both,5000.0,10.0,0.01,30.0,0.01,256,20,3,0.5,0.1,0.99,10.0,256,20,0,128,89,3.167665535771816,0.0,21.791242511117265,162.59392513539737,0.7364583333333333,37.39146153810217,0.6953125,300.0
mppi_coast,coast,300.0,1800.0,0.1,0.09,5.0,2.5,10.0,10.0,10,100.0,inf,cone,both,5000.0,10.0,0.01,30.0,0.01,256,20,3,0.5,0.1,0.99,10.0,256,20,0,128,89,3.167665535771816,0.0,21.791242511117265,162.59392513539737,0.7364583333333333,37.39146153810217,0.6953125,300.0
mppi_coast,coast,300.0,1800.0,0.1,0.09,5.0,3.75,10.0,10.0,10,100.0,inf,cone,both,5000.0,10.0,0.01,30.0,0.01,256,20,3,0.5,0.1,0.99,10.0,256,20,0,128,89,3.167665535771816,0.0,21.791242511117265,162.59392513539737,0.7364583333333333,37.39146153810217,0.6953125,300.0
mppi_coast,coast,300.0,1800.0,0.1,0.09,5.0,4.5,10.0,10.0,10,100.0,inf,cone,both,5000.0,10.0,0.01,30.0,0.01,256,20,3,0.5,0.1,0.99,10.0,256,20,0,128,89,3.167665535771816,0.0,21.791242511117265,162.59392513539737,0.7364583333333333,37.39146153810217,0.6953125,300.0
mppi_coast,coast,300.0,1800.0,0.1,0.09,5.0,5.0,10.0,10.0,10,100.0,inf,cone,both,5000.0,10.0,0.01,30.0,0.01,256,20,3,0.5,0.1,0.99,10.0,256,20,0,128,89,3.167665535771816,0.0,21.791242511117265,162.59392513539737,0.7364583333333333,37.39146153810217,0.6953125,300.0
mppi_coast,coast,300.0,1800.0,0.1,0.09,5.0,5.5,10.0,10.0,10,100.0,inf,cone,both,5000.0,10.0,0.01,30.0,0.01,256,20,3,0.5,0.1,0.99,10.0,256,20,0,128,89,3.167665535771816,0.0,21.791242511117265,162.59392513539737,0.7364583333333333,37.39146153810217,0.6953125,300.0
mppi_coast,coast,300.0,1800.0,0.1,0.09,5.0,6.25,10.0,10.0,10,100.0,inf,cone,both,5000.0,10.0,0.01,30.0,0.01,256,20,3,0.5,0.1,0.99,10.0,256,20,0,128,89,3.167665535771816,0.0,21.791242511117265,162.59392513539737,0.7364583333333333,37.39146153810217,0.6953125,300.0
mppi_coast,coast,300.0,1800.0,0.1,0.09,5.0,7.5,10.0,10.0,10,100.0,inf,cone,both,5000.0,10.0,0.01,30.0,0.01,256,20,3,0.5,0.1,0.99,10.0,256,20,0,128,89,3.167665535771816,0.0,21.791242511117265,162.59392513539737,0.7364583333333333,37.39146153810217,0.6953125,300.0
mppi_coast,coast,300.0,1800.0,0.1,0.09,5.0,10.0,10.0,10.0,10,100.0,inf,cone,both,5000.0,10.0,0.01,30.0,0.01,256,20,3,0.5,0.1,0.99,10.0,256,20,0,128,89,3.167665535771816,0.0,21.791242511117265,162.59392513539737,0.7364583333333333,37.39146153810217,0.6953125,300.0
mppi_coast,coast,300.0,1800.0,0.1,0.09,5.0,inf,10.0,10.0,10,100.0,inf,cone,both,5000.0,10.0,0.01,30.0,0.01,256,20,3,0.5,0.1,0.99,10.0,256,20,0,128,89,3.167665535771816,0.0,21.791242511117265,162.59392513539737,0.7364583333333333,37.39146153810217,0.6953125,300.0
mppi_coast,coast,300.0,1800.0,0.1,0.1,5.0,1.25,10.0,10.0,10,100.0,inf,cone,both,5000.0,10.0,0.01,30.0,0.01,256,20,3,0.5,0.1,0.99,10.0,256,20,0,128,89,3.1714891351263343,0.0,22.19404500088229,162.40930199889058,0.7364583333333333,37.42523884061168,0.6953125,300.0
mppi_coast,coast,300.0,1800.0,0.1,0.1,5.0,2.5,10.0,10.0,10,100.0,inf,cone,both,5000.0,10.0,0.01,30.0,0.01,256,20,3,0.5,0.1,0.99,10.0,256,20,0,128,89,3.1714891351263343,0.0,22.19404500088229,162.40930199889058,0.7364583333333333,37.42523884061168,0.6953125,300.0
mppi_coast,coast,300.0,1800.0,0.1,0.1,5.0,3.75,10.0,10.0,10,100.0,inf,cone,both,5000.0,10.0,0.01,30.0,0.01,256,20,3,0.5,0.1,0.99,10.0,256,20,0,128,89,3.1714891351263343,0.0,22.19404500088229,162.40930199889058,0.7364583333333333,37.42523884061168,0.6953125,300.0
mppi_coast,coast,300.0,1800.0,0.1,0.1,5.0,4.5,10.0,10.0,10,100.0,inf,cone,both,5000.0,10.0,0.01,30.0,0.01,256,20,3,0.5,0.1,0.99,10.0,256,20,0,128,89,3.1714891351263343,0.0,22.19404500088229,162.40930199889058,0.7364583333333333,37.42523884061168,0.6953125,300.0
mppi_coast,coast,300.0,1800.0,0.1,0.1,5.0,5.0,10.0,10.0,10,100.0,inf,cone,both,5000.0,10.0,0.01,30.0,0.01,256,20,3,0.5,0.1,0.99,10.0,256,20,0,128,89,3.1714891351263343,0.0,22.19404500088229,162.40930199889058,0.7364583333333333,37.42523884061168,0.6953125,300.0
mppi_coast,coast,300.0,1800.0,0.1,0.1,5.0,5.5,10.0,10.0,10,100.0,inf,cone,both,5000.0,10.0,0.01,30.0,0.01,256,20,3,0.5,0.1,0.99,10.0,256,20,0,128,89,3.1714891351263343,0.0,22.19404500088229,162.40930199889058,0.7364583333333333,37.42523884061168,0.6953125,300.0
mppi_coast,coast,300.0,1800.0,0.1,0.1,5.0,6.25,10.0,10.0,10,100.0,inf,cone,both,5000.0,10.0,0.01,30.0,0.01,256,20,3,0.5,0.1,0.99,10.0,256,20,0,128,89,3.1714891351263343,0.0,22.19404500088229,162.40930199889058,0.7364583333333333,37.42523884061168,0.6953125,300.0
mppi_coast,coast,300.0,1800.0,0.1,0.1,5.0,7.5,10.0,10.0,10,100.0,inf,cone,both,5000.0,10.0,0.01,30.0,0.01,256,20,3,0.5,0.1,0.99,10.0,256,20,0,128,89,3.1714891351263343,0.0,22.19404500088229,162.40930199889058,0.7364583333333333,37.42523884061168,0.6953125,300.0
mppi_coast,coast,300.0,1800.0,0.1,0.1,5.0,10.0,10.0,10.0,10,100.0,inf,cone,both,5000.0,10.0,0.01,30.0,0.01,256,20,3,0.5,0.1,0.99,10.0,256,20,0,128,89,3.1714891351263343,0.0,22.19404500088229,162.40930199889058,0.7364583333333333,37.42523884061168,0.6953125,300.0
mppi_coast,coast,300.0,1800.0,0.1,0.1,5.0,inf,10.0,10.0,10,100.0,inf,cone,both,5000.0,10.0,0.01,30.0,0.01,256,20,3,0.5,0.1,0.99,10.0,256,20,0,128,89,3.1714891351263343,0.0,22.19404500088229,162.40930199889058,0.7364583333333333,37.42523884061168,0.6953125,300.0
mppi_coast,coast,300.0,1800.0,0.1,0.11,5.0,1.25,10.0,10.0,10,100.0,inf,cone,both,5000.0,10.0,0.01,30.0,0.01,256,20,3,0.5,0.1,0.99,10.0,256,20,0,128,89,3.1890429668329654,0.0,22.054883507936506,162.06579349138107,0.7364583333333333,37.45150319922167,0.6953125,300.0
mppi_coast,coast,300.0,1800.0,0.1,0.11,5.0,2.5,10.0,10.0,10,100.0,inf,cone,both,5000.0,10.0,0.01,30.0,0.01,256,20,3,0.5,0.1,0.99,10.0,256,20,0,128,89,3.1890429668329654,0.0,22.054883507936506,162.06579349138107,0.7364583333333333,37.45150319922167,0.6953125,300.0
mppi_coast,coast,300.0,1800.0,0.1,0.11,5.0,3.75,10.0,10.0,10,100.0,inf,cone,both,5000.0,10.0,0.01,30.0,0.01,256,20,3,0.5,0.1,0.99,10.0,256,20,0,128,89,3.1890429668329654,0.0,22.054883507936506,162.06579349138107,0.7364583333333333,37.45150319922167,0.6953125,300.0
mppi_coast,coast,300.0,1800.0,0.1,0.11,5.0,4.5,10.0,10.0,10,100.0,inf,cone,both,5000.0,10.0,0.01,30.0,0.01,256,20,3,0.5,0.1,0.99,10.0,256,20,0,128,89,3.1890429668329654,0.0,22.054883507936506,162.06579349138107,0.7364583333333333,37.45150319922167,0.6953125,300.0
mppi_coast,coast,300.0,1800.0,0.1,0.11,5.0,5.0,10.0,10.0,10,100.0,inf,cone,both,5000.0,10.0,0.01,30.0,0.01,256,20,3,0.5,0.1,0.99,10.0,256,20,0,128,89,3.1890429668329654,0.0,22.054883507936506,162.06579349138107,0.7364583333333333,37.45150319922167,0.6953125,300.0
mppi_coast,coast,300.0,1800.0,0.1,0.11,5.0,5.5,10.0,10.0,10,100.0,inf,cone,both,5000.0,10.0,0.01,30.0,0.01,256,20,3,0.5,0.1,0.99,10.0,256,20,0,128,89,3.1890429668329654,0.0,22.054883507936506,162.06579349138107,0.7364583333333333,37.45150319922167,0.6953125,300.0
mppi_coast,coast,300.0,1800.0,0.1,0.11,5.0,6.25,10.0,10.0,10,100.0,inf,cone,both,5000.0,10.0,0.01,30.0,0.01,256,20,3,0.5,0.1,0.99,10.0,256,20,0,128,89,3.1890429668329654,0.0,22.054883507936506,162.06579349138107,0.7364583333333333,37.45150319922167,0.6953125,300.0
mppi_coast,coast,300.0,1800.0,0.1,0.11,5.0,7.5,10.0,10.0,10,100.0,inf,cone,both,5000.0,10.0,0.01,30.0,0.01,256,20,3,0.5,0.1,0.99,10.0,256,20,0,128,89,3.1890429668329654,0.0,22.054883507936506,162.06579349138107,0.7364583333333333,37.45150319922167,0.6953125,300.0
mppi_coast,coast,300.0,1800.0,0.1,0.11,5.0,10.0,10.0,10.0,10,100.0,inf,cone,both,5000.0,10.0,0.01,30.0,0.01,256,20,3,0.5,0.1,0.99,10.0,256,20,0,128,89,3.1890429668329654,0.0,22.054883507936506,162.06579349138107,0.7364583333333333,37.45150319922167,0.6953125,300.0
mppi_coast,coast,300.0,1800.0,0.1,0.11,5.0,inf,10.0,10.0,10,100.0,inf,cone,both,5000.0,10.0,0.01,30.0,0.01,256,20,3,0.5,0.1,0.99,10.0,256,20,0,128,89,3.1890429668329654,0.0,22.054883507936506,162.06579349138107,0.7364583333333333,37.45150319922167,0.6953125,300.0
mppi_coast,coast,300.0,1800.0,0.1,0.125,5.0,1.25,10.0,10.0,10,100.0,inf,cone,both,5000.0,10.0,0.01,30.0,0.01,256,20,3,0.5,0.1,0.99,10.0,256,20,0,128,89,3.1942379686089546,0.0,21.857059220190884,161.91782144362253,0.7364583333333333,37.48093406990511,0.6953125,300.0
mppi_coast,coast,300.0,1800.0,0.1,0.125,5.0,2.5,10.0,10.0,10,100.0,inf,cone,both,5000.0,10.0,0.01,30.0,0.01,256,20,3,0.5,0.1,0.99,10.0,256,20,0,128,89,3.1942379686089546,0.0,21.857059220190884,161.91782144362253,0.7364583333333333,37.48093406990511,0.6953125,300.0
mppi_coast,coast,300.0,1800.0,0.1,0.125,5.0,3.75,10.0,10.0,10,100.0,inf,cone,both,5000.0,10.0,0.01,30.0,0.01,256,20,3,0.5,0.1,0.99,10.0,256,20,0,128,89,3.1942379686089546,0.0,21.857059220190884,161.91782144362253,0.7364583333333333,37.48093406990511,0.6953125,300.0
mppi_coast,coast,300.0,1800.0,0.1,0.125,5.0,4.5,10.0,10.0,10,100.0,inf,cone,both,5000.0,10.0,0.01,30.0,0.01,256,20,3,0.5,0.1,0.99,10.0,256,20,0,128,89,3.1942379686089546,0.0,21.857059220190884,161.91782144362253,0.7364583333333333,37.48093406990511,0.6953125,300.0
mppi_coast,coast,300.0,1800.0,0.1,0.125,5.0,5.0,10.0,10.0,10,100.0,inf,cone,both,5000.0,10.0,0.01,30.0,0.01,256,20,3,0.5,0.1,0.99,10.0,256,20,0,128,89,3.1942379686089546,0.0,21.857059220190884,161.91782144362253,0.7364583333333333,37.48093406990511,0.6953125,300.0
mppi_coast,coast,300.0,1800.0,0.1,0.125,5.0,5.5,10.0,10.0,10,100.0,inf,cone,both,5000.0,10.0,0.01,30.0,0.01,256,20,3,0.5,0.1,0.99,10.0,256,20,0,128,89,3.1942379686089546,0.0,21.857059220190884,161.91782144362253,0.7364583333333333,37.48093406990511,0.6953125,300.0
mppi_coast,coast,300.0,1800.0,0.1,0.125,5.0,6.25,10.0,10.0,10,100.0,inf,cone,both,5000.0,10.0,0.01,30.0,0.01,256,20,3,0.5,0.1,0.99,10.0,256,20,0,128,89,3.1942379686089546,0.0,21.857059220190884,161.91782144362253,0.7364583333333333,37.48093406990511,0.6953125,300.0
mppi_coast,coast,300.0,1800.0,0.1,0.125,5.0,7.5,10.0,10.0,10,100.0,inf,cone,both,5000.0,10.0,0.01,30.0,0.01,256,20,3,0.5,0.1,0.99,10.0,256,20,0,128,89,3.1942379686089546,0.0,21.857059220190884,161.91782144362253,0.7364583333333333,37.48093406990511,0.6953125,300.0
mppi_coast,coast,300.0,1800.0,0.1,0.125,5.0,10.0,10.0,10.0,10,100.0,inf,cone,both,5000.0,10.0,0.01,30.0,0.01,256,20,3,0.5,0.1,0.99,10.0,256,20,0,128,89,3.1942379686089546,0.0,21.857059220190884,161.91782144362253,0.7364583333333333,37.48093406990511,0.6953125,300.0
mppi_coast,coast,300.0,1800.0,0.1,0.125,5.0,inf,10.0,10.0,10,100.0,inf,cone,both,5000.0,10.0,0.01,30.0,0.01,256,20,3,0.5,0.1,0.99,10.0,256,20,0,128,89,3.1942379686089546,0.0,21.857059220190884,161.91782144362253,0.7364583333333333,37.48093406990511,0.6953125,300.0
mppi_coast,coast,300.0,1800.0,0.1,0.15,5.0,1.25,10.0,10.0,10,100.0,inf,cone,both,5000.0,10.0,0.01,30.0,0.01,256,20,3,0.5,0.1,0.99,10.0,256,20,0,128,89,3.222716721514036,0.0,21.89906099001545,161.30880345342095,0.7364583333333333,37.52779315744508,0.6953125,310.0
mppi_coast,coast,300.0,1800.0,0.1,0.15,5.0,2.5,10.0,10.0,10,100.0,inf,cone,both,5000.0,10.0,0.01,30.0,0.01,256,20,3,0.5,0.1,0.99,10.0,256,20,0,128,89,3.222716721514036,0.0,21.89906099001545,161.30880345342095,0.7364583333333333,37.52779315744508,0.6953125,310.0
mppi_coast,coast,300.0,1800.0,0.1,0.15,5.0,3.75,10.0,10.0,10,100.0,inf,cone,both,5000.0,10.0,0.01,30.0,0.01,256,20,3,0.5,0.1,0.99,10.0,256,20,0,128,89,3.222716721514036,0.0,21.89906099001545,161.30880345342095,0.7364583333333333,37.52779315744508,0.6953125,310.0
mppi_coast,coast,300.0,1800.0,0.1,0.15,5.0,4.5,10.0,10.0,10,100.0,inf,cone,both,5000.0,10.0,0.01,30.0,0.01,256,20,3,0.5,0.1,0.99,10.0,256,20,0,128,89,3.222716721514036,0.0,21.89906099001545,161.30880345342095,0.7364583333333333,37.52779315744508,0.6953125,310.0
mppi_coast,coast,300.0,1800.0,0.1,0.15,5.0,5.0,10.0,10.0,10,100.0,inf,cone,both,5000.0,10.0,0.01,30.0,0.01,256,20,3,0.5,0.1,0.99,10.0,256,20,0,128,89,3.222716721514036,0.0,21.89906099001545,161.30880345342095,0.7364583333333333,37.52779315744508,0.6953125,310.0
mppi_coast,coast,300.0,1800.0,0.1,0.15,5.0,5.5,10.0,10.0,10,100.0,inf,cone,both,5000.0,10.0,0.01,30.0,0.01,256,20,3,0.5,0.1,0.99,10.0,256,20,0,128,89,3.222716721514036,0.0,21.89906099001545,161.30880345342095,0.7364583333333333,37.52779315744508,0.6953125,310.0
mppi_coast,coast,300.0,1800.0,0.1,0.15,5.0,6.25,10.0,10.0,10,100.0,inf,cone,both,5000.0,10.0,0.01,30.0,0.01,256,20,3,0.5,0.1,0.99,10.0,256,20,0,128,89,3.222716721514036,0.0,21.89906099001545,161.30880345342095,0.7364583333333333,37.52779315744508,0.6953125,310.0
mppi_coast,coast,300.0,1800.0,0.1,0.15,5.0,7.5,10.0,10.0,10,100.0,inf,cone,both,5000.0,10.0,0.01,30.0,0.01,256,20,3,0.5,0.1,0.99,10.0,256,20,0,128,89,3.222716721514036,0.0,21.89906099001545,161.30880345342095,0.7364583333333333,37.52779315744508,0.6953125,310.0
mppi_coast,coast,300.0,1800.0,0.1,0.15,5.0,10.0,10.0,10.0,10,100.0,inf,cone,both,5000.0,10.0,0.01,30.0,0.01,256,20,3,0.5,0.1,0.99,10.0,256,20,0,128,89,3.222716721514036,0.0,21.89906099001545,161.30880345342095,0.7364583333333333,37.52779315744508,0.6953125,310.0
mppi_coast,coast,300.0,1800.0,0.1,0.15,5.0,inf,10.0,10.0,10,100.0,inf,cone,both,5000.0,10.0,0.01,30.0,0.01,256,20,3,0.5,0.1,0.99,10.0,256,20,0,128,89,3.222716721514036,0.0,21.89906099001545,161.30880345342095,0.7364583333333333,37.52779315744508,0.6953125,310.0
mppi_coast,coast,300.0,1800.0,0.1,0.2,5.0,1.25,10.0,10.0,10,100.0,inf,cone,both,5000.0,10.0,0.01,30.0,0.01,256,20,3,0.5,0.1,0.99,10.0,256,20,0,128,89,3.2666851421720606,0.0,22.35764710032541,162.27724283721724,0.7364583333333333,37.60150807483423,0.6953125,320.0
mppi_coast,coast,300.0,1800.0,0.1,0.2,5.0,2.5,10.0,10.0,10,100.0,inf,cone,both,5000.0,10.0,0.01,30.0,0.01,256,20,3,0.5,0.1,0.99,10.0,256,20,0,128,89,3.2666851421720606,0.0,22.35764710032541,162.27724283721724,0.7364583333333333,37.60150807483423,0.6953125,320.0
mppi_coast,coast,300.0,1800.0,0.1,0.2,5.0,3.75,10.0,10.0,10,100.0,inf,cone,both,5000.0,10.0,0.01,30.0,0.01,256,20,3,0.5,0.1,0.99,10.0,256,20,0,128,89,3.2666851421720606,0.0,22.35764710032541,162.27724283721724,0.7364583333333333,37.60150807483423,0.6953125,320.0
mppi_coast,coast,300.0,1800.0,0.1,0.2,5.0,4.5,10.0,10.0,10,100.0,inf,cone,both,5000.0,10.0,0.01,30.0,0.01,256,20,3,0.5,0.1,0.99,10.0,256,20,0,128,89,3.2666851421720606,0.0,22.35764710032541,162.27724283721724,0.7364583333333333,37.60150807483423,0.6953125,320.0
mppi_coast,coast,300.0,1800.0,0.1,0.2,5.0,5.0,10.0,10.0,10,100.0,inf,cone,both,5000.0,10.0,0.01,30.0,0.01,256,20,3,0.5,0.1,0.99,10.0,256,20,0,128,89,3.2666851421720606,0.0,22.35764710032541,162.27724283721724,0.7364583333333333,37.60150807483423,0.6953125,320.0
mppi_coast,coast,300.0,1800.0,0.1,0.2,5.0,5.5,10.0,10.0,10,100.0,inf,cone,both,5000.0,10.0,0.01,30.0,0.01,256,20,3,0.5,0.1,0.99,10.0,256,20,0,128,89,3.2666851421720606,0.0,22.35764710032541,162.27724283721724,0.7364583333333333,37.60150807483423,0.6953125,320.0
mppi_coast,coast,300.0,1800.0,0.1,0.2,5.0,6.25,10.0,10.0,10,100.0,inf,cone,both,5000.0,10.0,0.01,30.0,0.01,256,20,3,0.5,0.1,0.99,10.0,256,20,0,128,89,3.2666851421720606,0.0,22.35764710032541,162.27724283721724,0.7364583333333333,37.60150807483423,0.6953125,320.0
mppi_coast,coast,300.0,1800.0,0.1,0.2,5.0,7.5,10.0,10.0,10,100.0,inf,cone,both,5000.0,10.0,0.01,30.0,0.01,256,20,3,0.5,0.1,0.99,10.0,256,20,0,128,89,3.2666851421720606,0.0,22.35764710032541,162.27724283721724,0.7364583333333333,37.60150807483423,0.6953125,320.0
mppi_coast,coast,300.0,1800.0,0.1,0.2,5.0,10.0,10.0,10.0,10,100.0,inf,cone,both,5000.0,10.0,0.01,30.0,0.01,256,20,3,0.5,0.1,0.99,10.0,256,20,0,128,89,3.2666851421720606,0.0,22.35764710032541,162.27724283721724,0.7364583333333333,37.60150807483423,0.6953125,320.0
mppi_coast,coast,300.0,1800.0,0.1,0.2,5.0,inf,10.0,10.0,10,100.0,inf,cone,both,5000.0,10.0,0.01,30.0,0.01,256,20,3,0.5,0.1,0.99,10.0,256,20,0,128,89,3.2666851421720606,0.0,22.35764710032541,162.27724283721724,0.7364583333333333,37.60150807483423,0.6953125,320.0
mppi_coast,mppi_direct,300.0,1800.0,0.1,0.025,5.0,1.25,10.0,10.0,10,100.0,inf,cone,both,5000.0,10.0,0.01,30.0,0.01,256,20,3,0.5,0.1,0.99,10.0,256,20,0,128,89,3.062840939385284,0.7708103712541532,23.73256964386597,521.8222839066648,0.8035590277777778,131.59154518785994,0.6953125,270.0
mppi_coast,mppi_direct,300.0,1800.0,0.1,0.025,5.0,2.5,10.0,10.0,10,100.0,inf,cone,both,5000.0,10.0,0.01,30.0,0.01,256,20,3,0.5,0.1,0.99,10.0,256,20,0,128,89,3.062167361489794,1.154060607679928,23.651718938008496,898.7542567381194,0.815234375,168.6793536296997,0.6953125,270.0
mppi_coast,mppi_direct,300.0,1800.0,0.1,0.025,5.0,3.75,10.0,10.0,10,100.0,inf,cone,both,5000.0,10.0,0.01,30.0,0.01,256,20,3,0.5,0.1,0.99,10.0,256,20,0,128,89,3.062167361489794,1.534919982679928,23.651718938008496,1064.535432656062,0.8149739583333333,179.08225876988186,0.6953125,270.0
mppi_coast,mppi_direct,300.0,1800.0,0.1,0.025,5.0,4.5,10.0,10.0,10,100.0,inf,cone,both,5000.0,10.0,0.01,30.0,0.01,256,20,3,0.5,0.1,0.99,10.0,256,20,0,128,89,3.062167361489794,1.6749895369053762,23.651718938008496,1075.5404287833037,0.8149305555555556,179.29051632557648,0.6953125,270.0
mppi_coast,mppi_direct,300.0,1800.0,0.1,0.025,5.0,5.0,10.0,10.0,10,100.0,inf,cone,both,5000.0,10.0,0.01,30.0,0.01,256,20,3,0.5,0.1,0.99,10.0,256,20,0,128,89,3.062167361489794,1.675212722587497,23.651718938008496,1075.1164154745013,0.8149305555555556,179.2807284774498,0.6953125,270.0
mppi_coast,mppi_direct,300.0,1800.0,0.1,0.025,5.0,5.5,10.0,10.0,10,100.0,inf,cone,both,5000.0,10.0,0.01,30.0,0.01,256,20,3,0.5,0.1,0.99,10.0,256,20,0,128,89,3.062167361489794,1.6753044431147053,23.651718938008496,1075.0974018919246,0.8149305555555556,179.280322658223,0.6953125,270.0
mppi_coast,mppi_direct,300.0,1800.0,0.1,0.025,5.0,6.25,10.0,10.0,10,100.0,inf,cone,both,5000.0,10.0,0.01,30.0,0.01,256,20,3,0.5,0.1,0.99,10.0,256,20,0,128,89,3.062167361489794,1.6753044307452802,23.651718938008496,1075.0973736587712,0.8149305555555556,179.28032274364494,0.6953125,270.0
mppi_coast,mppi_direct,300.0,1800.0,0.1,0.025,5.0,7.5,10.0,10.0,10,100.0,inf,cone,both,5000.0,10.0,0.01,30.0,0.01,256,20,3,0.5,0.1,0.99,10.0,256,20,0,128,89,3.062167361489794,1.6753044307452802,23.651718938008496,1075.0973736587712,0.8149305555555556,179.28032274364494,0.6953125,270.0
mppi_coast,mppi_direct,300.0,1800.0,0.1,0.025,5.0,10.0,10.0,10.0,10,100.0,inf,cone,both,5000.0,10.0,0.01,30.0,0.01,256,20,3,0.5,0.1,0.99,10.0,256,20,0,128,89,3.062167361489794,1.6753044307452802,23.651718938008496,1075.0973736587712,0.8149305555555556,179.28032274364494,0.6953125,270.0
mppi_coast,mppi_direct,300.0,1800.0,0.1,0.025,5.0,inf,10.0,10.0,10,100.0,inf,cone,both,5000.0,10.0,0.01,30.0,0.01,256,20,3,0.5,0.1,0.99,10.0,256,20,0,128,89,3.062167361489794,1.6753044307452802,23.651718938008496,1075.0973736587712,0.8149305555555556,179.28032274364494,0.6953125,270.0
mppi_coast,mppi_direct,300.0,1800.0,0.1,0.05,5.0,1.25,10.0,10.0,10,100.0,inf,cone,both,5000.0,10.0,0.01,30.0,0.01,256,20,3,0.5,0.1,0.99,10.0,256,20,0,128,91,3.0626044361436646,1.0667326013125955,25.78245978115691,597.261935654843,0.8056212797619048,166.6435204336537,0.7109375,260.0
mppi_coast,mppi_direct,300.0,1800.0,0.1,0.05,5.0,2.5,10.0,10.0,10,100.0,inf,cone,both,5000.0,10.0,0.01,30.0,0.01,256,20,3,0.5,0.1,0.99,10.0,256,20,0,128,80,3.191917399680976,1.609707677426904,28.329765363404874,1239.3218979265675,0.7988715277777778,285.47563636415936,0.625,250.0
mppi_coast,mppi_direct,300.0,1800.0,0.1,0.05,5.0,3.75,10.0,10.0,10,100.0,inf,cone,both,5000.0,10.0,0.01,30.0,0.01,256,20,3,0.5,0.1,0.99,10.0,256,20,0,128,78,3.1925053523975104,2.102523676938219,28.760380619403428,1835.8086028228604,0.8058159722222222,329.202970464199,0.609375,255.0
mppi_coast,mppi_direct,300.0,1800.0,0.1,0.05,5.0,4.5,10.0,10.0,10,100.0,inf,cone,both,5000.0,10.0,0.01,30.0,0.01,256,20,3,0.5,0.1,0.99,10.0,256,20,0,128,78,3.1924967193466225,2.39549603499592,28.75648932934909,2109.4375073959145,0.8017361111111111,355.5737921120105,0.609375,255.0
mppi_coast,mppi_direct,300.0,1800.0,0.1,0.05,5.0,5.0,10.0,10.0,10,100.0,inf,cone,both,5000.0,10.0,0.01,30.0,0.01,256,20,3,0.5,0.1,0.99,10.0,256,20,0,128,78,3.1924967193466225,2.59080853499592,28.754936478365032,2263.3656587592955,0.7996961805555556,367.7267647076615,0.609375,255.0
mppi_coast,mppi_direct,300.0,1800.0,0.1,0.05,5.0,5.5,10.0,10.0,10,100.0,inf,cone,both,5000.0,10.0,0.01,30.0,0.01,256,20,3,0.5,0.1,0.99,10.0,256,20,0,128,78,3.1924967193466225,2.78612103499592,28.754941385779453,2392.14800980066,0.7974392361111111,376.59630174257234,0.609375,255.0
mppi_coast,mppi_direct,300.0,1800.0,0.1,0.05,5.0,6.25,10.0,10.0,10,100.0,inf,cone,both,5000.0,10.0,0.01,30.0,0.01,256,20,3,0.5,0.1,0.99,10.0,256,20,0,128,78,3.1924967193466225,3.07908978499592,28.754941385779453,2543.1747755598576,0.7945746527777778,386.231910476785,0.609375,255.0
mppi_coast,mppi_direct,300.0,1800.0,0.1,0.05,5.0,7.5,10.0,10.0,10,100.0,inf,cone,both,5000.0,10.0,0.01,30.0,0.01,256,20,3,0.5,0.1,0.99,10.0,256,20,0,128,78,3.1924967193466225,3.56737103499592,28.754941385779453,2695.997915679655,0.7923611111111111,394.1326563503452,0.609375,255.0
mppi_coast,mppi_direct,300.0,1800.0,0.1,0.05,5.0,10.0,10.0,10.0,10,100.0,inf,cone,both,5000.0,10.0,0.01,30.0,0.01,256,20,3,0.5,0.1,0.99,10.0,256,20,0,128,78,3.1924967193466225,3.944961153564635,28.754941385779453,2726.663152108271,0.7923177083333334,394.8550666033226,0.609375,255.0
mppi_coast,mppi_direct,300.0,1800.0,0.1,0.05,5.0,inf,10.0,10.0,10,100.0,inf,cone,both,5000.0,10.0,0.01,30.0,0.01,256,20,3,0.5,0.1,0.99,10.0,256,20,0,128,78,3.1924967193466225,3.94519200330349,28.754941385779453,2726.595959568576,0.7923177083333334,394.8539758653139,0.609375,255.0
mppi_coast,mppi_direct,300.0,1800.0,0.1,0.075,5.0,1.25,10.0,10.0,10,100.0,inf,cone,both,5000.0,10.0,0.01,30.0,0.01,256,20,3,0.5,0.1,0.99,10.0,256,20,0,128,89,3.57897902478674,1.2358262489759249,31.1836354522829,670.5739435284739,0.7584665768259519,245.7823854232105,0.6953125,250.0
mppi_coast,mppi_direct,300.0,1800.0,0.1,0.075,5.0,2.5,10.0,10.0,10,100.0,inf,cone,both,5000.0,10.0,0.01,30.0,0.01,256,20,3,0.5,0.1,0.99,10.0,256,20,0,128,59,3.6060340817336343,2.028655911474521,34.07167058711459,1397.4366708126945,0.7866319444444444,345.5904114294352,0.4609375,240.0
mppi_coast,mppi_direct,300.0,1800.0,0.1,0.075,5.0,3.75,10.0,10.0,10,100.0,inf,cone,both,5000.0,10.0,0.01,30.0,0.01,256,20,3,0.5,0.1,0.99,10.0,256,20,0,128,48,3.827764298993333,2.8956580857493197,41.040797054723626,2578.799991807176,0.797265625,426.2877930367114,0.375,235.0
mppi_coast,mppi_direct,300.0,1800.0,0.1,0.075,5.0,4.5,10.0,10.0,10,100.0,inf,cone,both,5000.0,10.0,0.01,30.0,0.01,256,20,3,0.5,0.1,0.99,10.0,256,20,0,128,57,3.614925948006237,3.1558451152315308,41.65641272303455,2891.149285538032,0.7851128472222222,510.71266408507046,0.4453125,240.0
mppi_coast,mppi_direct,300.0,1800.0,0.1,0.075,5.0,5.0,10.0,10.0,10,100.0,inf,cone,both,5000.0,10.0,0.01,30.0,0.01,256,20,3,0.5,0.1,0.99,10.0,256,20,0,128,55,3.6625876838401865,3.488519280980133,41.603998792118055,3274.0678130919177,0.7784722222222222,542.1061633161522,0.4296875,240.0
mppi_coast,mppi_direct,300.0,1800.0,0.1,0.075,5.0,5.5,10.0,10.0,10,100.0,inf,cone,both,5000.0,10.0,0.01,30.0,0.01,256,20,3,0.5,0.1,0.99,10.0,256,20,0,128,55,3.662635266111337,3.773579826832409,41.671200453713055,3596.84564608596,0.7715277777777778,567.9285319490541,0.4296875,240.0
mppi_coast,mppi_direct,300.0,1800.0,0.1,0.075,5.0,6.25,10.0,10.0,10,100.0,inf,cone,both,5000.0,10.0,0.01,30.0,0.01,256,20,3,0.5,0.1,0.99,10.0,256,20,0,128,55,3.662635317823157,4.201294277597414,41.67333327198008,4023.302739588822,0.7608940972222222,602.3818239875167,0.4296875,240.0
mppi_coast,mppi_direct,300.0,1800.0,0.1,0.075,5.0,7.5,10.0,10.0,10,100.0,inf,cone,both,5000.0,10.0,0.01,30.0,0.01,256,20,3,0.5,0.1,0.99,10.0,256,20,0,128,55,3.662635317823157,4.914184902597414,41.67329343193755,4631.047334775554,0.7411892361111111,644.97383679102,0.4296875,240.0
mppi_coast,mppi_direct,300.0,1800.0,0.1,0.075,5.0,10.0,10.0,10.0,10,100.0,inf,cone,both,5000.0,10.0,0.01,30.0,0.01,256,20,3,0.5,0.1,0.99,10.0,256,20,0,128,55,3.662635317823157,6.339966152597414,41.67329343193755,5408.550720463445,0.7241753472222222,697.5737237413799,0.4296875,240.0
mppi_coast,mppi_direct,300.0,1800.0,0.1,0.075,5.0,inf,10.0,10.0,10,100.0,inf,cone,both,5000.0,10.0,0.01,30.0,0.01,256,20,3,0.5,0.1,0.99,10.0,256,20,0,128,55,3.662635317823157,7.9121658129921935,41.67329343193755,5682.397338660948,0.7228298611111111,713.1554869254788,0.4296875,240.0
mppi_coast,mppi_direct,300.0,1800.0,0.1,0.09,5.0,1.25,10.0,10.0,10,100.0,inf,cone,both,5000.0,10.0,0.01,30.0,0.01,256,20,3,0.5,0.1,0.99,10.0,256,20,0,128,92,3.494872950749552,1.25,33.053943219002015,687.6154371374677,0.7496154633072718,262.37364517072456,0.71875,250.0
mppi_coast,mppi_direct,300.0,1800.0,0.1,0.09,5.0,2.5,10.0,10.0,10,100.0,inf,cone,both,5000.0,10.0,0.01,30.0,0.01,256,20,3,0.5,0.1,0.99,10.0,256,20,0,128,47,3.981862872371696,2.229321485487423,37.88049021532299,1396.9852803691124,0.8006510416666667,358.5027529985336,0.3671875,230.0
mppi_coast,mppi_direct,300.0,1800.0,0.1,0.09,5.0,3.75,10.0,10.0,10,100.0,inf,cone,both,5000.0,10.0,0.01,30.0,0.01,256,20,3,0.5,0.1,0.99,10.0,256,20,0,128,42,3.939027590413037,3.067979783526277,50.98505159964097,2681.60374886287,0.7784722222222222,512.5179651058247,0.328125,220.0
mppi_coast,mppi_direct,300.0,1800.0,0.1,0.09,5.0,4.5,10.0,10.0,10,100.0,inf,cone,both,5000.0,10.0,0.01,30.0,0.01,256,20,3,0.5,0.1,0.99,10.0,256,20,0,128,34,4.147655265949473,3.7542905068479486,53.44203717696945,3665.367828342999,0.7881944444444444,525.6764519269747,0.265625,220.0
mppi_coast,mppi_direct,300.0,1800.0,0.1,0.09,5.0,5.0,10.0,10.0,10,100.0,inf,cone,both,5000.0,10.0,0.01,30.0,0.01,256,20,3,0.5,0.1,0.99,10.0,256,20,0,128,39,4.023523428396768,3.99970374204776,50.9273271158702,3972.608309495941,0.777481506642512,557.5797376814825,0.3046875,220.0
mppi_coast,mppi_direct,300.0,1800.0,0.1,0.09,5.0,5.5,10.0,10.0,10,100.0,inf,cone,both,5000.0,10.0,0.01,30.0,0.01,256,20,3,0.5,0.1,0.99,10.0,256,20,0,128,37,4.071515723217039,4.402783718534716,50.849102632918935,4533.522348758703,0.7629340277777777,589.4551215000035,0.2890625,220.0
mppi_coast,mppi_direct,300.0,1800.0,0.1,0.09,5.0,6.25,10.0,10.0,10,100.0,inf,cone,both,5000.0,10.0,0.01,30.0,0.01,256,20,3,0.5,0.1,0.99,10.0,256,20,0,128,37,4.070477979018985,4.9318236682451335,50.95885599613498,5174.326848614372,0.7341579861111112,656.6463449237075,0.2890625,220.0
mppi_coast,mppi_direct,300.0,1800.0,0.1,0.09,5.0,7.5,10.0,10.0,10,100.0,inf,cone,both,5000.0,10.0,0.01,30.0,0.01,256,20,3,0.5,0.1,0.99,10.0,256,20,0,128,37,4.07047635474516,5.820492120691351,50.95909952713149,6093.669353973943,0.7020399305555556,774.0261495288363,0.2890625,220.0
mppi_coast,mppi_direct,300.0,1800.0,0.1,0.09,5.0,10.0,10.0,10.0,10,100.0,inf,cone,both,5000.0,10.0,0.01,30.0,0.01,256,20,3,0.5,0.1,0.99,10.0,256,20,0,128,37,4.07047635474516,7.597835870691351,50.95910029791725,7492.490443637997,0.6643663194444445,861.5158348833901,0.2890625,220.0
mppi_coast,mppi_direct,300.0,1800.0,0.1,0.09,5.0,inf,10.0,10.0,10,100.0,inf,cone,both,5000.0,10.0,0.01,30.0,0.01,256,20,3,0.5,0.1,0.99,10.0,256,20,0,128,37,4.07047635474516,11.390715185229086,50.95910029791725,8598.895668541692,0.6587239583333333,950.613024639991,0.2890625,220.0
mppi_coast,mppi_direct,300.0,1800.0,0.1,0.1,5.0,1.25,10.0,10.0,10,100.0,inf,cone,both,5000.0,10.0,0.01,30.0,0.01,256,20,3,0.5,0.1,0.99,10.0,256,20,0,128,92,3.679972772733235,1.25,35.00068014900179,692.835811198043,0.7518896901709402,280.0580060768085,0.71875,400.0
mppi_coast,mppi_direct,300.0,1800.0,0.1,0.1,5.0,2.5,10.0,10.0,10,100.0,inf,cone,both,5000.0,10.0,0.01,30.0,0.01,256,20,3,0.5,0.1,0.99,10.0,256,20,0,128,37,4.172944434200372,2.3150133822378183,36.454583904802185,1398.439148197646,0.8147259424603175,327.6146308135252,0.2890625,220.0
mppi_coast,mppi_direct,300.0,1800.0,0.1,0.1,5.0,3.75,10.0,10.0,10,100.0,inf,cone,both,5000.0,10.0,0.01,30.0,0.01,256,20,3,0.5,0.1,0.99,10.0,256,20,0,128,35,4.104120350575882,3.216682057009208,61.78312392309736,2801.1026025080305,0.7695064484126984,554.0980333619598,0.2734375,220.0
mppi_coast,mppi_direct,300.0,1800.0,0.1,0.1,5.0,4.5,10.0,10.0,10,100.0,inf,cone,both,5000.0,10.0,0.01,30.0,0.01,256,20,3,0.5,0.1,0.99,10.0,256,20,0,128,32,4.174766208864431,3.839210105568165,60.29806198909414,3717.384484465571,0.7842881944444444,544.2050812298784,0.25,220.0
mppi_coast,mppi_direct,300.0,1800.0,0.1,0.1,5.0,5.0,10.0,10.0,10,100.0,inf,cone,both,5000.0,10.0,0.01,30.0,0.01,256,20,3,0.5,0.1,0.99,10.0,256,20,0,128,27,4.309291674226785,4.335837417122351,58.61350849866567,4480.563711460192,0.7708333333333334,591.5396521945379,0.2109375,220.0
mppi_coast,mppi_direct,300.0,1800.0,0.1,0.1,5.0,5.5,10.0,10.0,10,100.0,inf,cone,both,5000.0,10.0,0.01,30.0,0.01,256,20,3,0.5,0.1,0.99,10.0,256,20,0,128,30,4.2338678675196135,4.648529750107909,58.53994000327891,4914.796452089086,0.7604242149758454,616.7138549221493,0.234375,220.0
mppi_coast,mppi_direct,300.0,1800.0,0.1,0.1,5.0,6.25,10.0,10.0,10,100.0,inf,cone,both,5000.0,10.0,0.01,30.0,0.01,256,20,3,0.5,0.1,0.99,10.0,256,20,0,128,31,4.210567942618953,5.184695155325295,58.32496919059917,5559.30851182707,0.7337859623015873,692.493570783454,0.2421875,220.0
mppi_coast,mppi_direct,300.0,1800.0,0.1,0.1,5.0,7.5,10.0,10.0,10,100.0,inf,cone,both,5000.0,10.0,0.01,30.0,0.01,256,20,3,0.5,0.1,0.99,10.0,256,20,0,128,31,4.210554672680657,6.131786246784547,58.30203507234148,6638.007479101566,0.6903397817460317,792.30623089306,0.2421875,220.0
mppi_coast,mppi_direct,300.0,1800.0,0.1,0.1,5.0,10.0,10.0,10.0,10,100.0,inf,cone,both,5000.0,10.0,0.01,30.0,0.01,256,20,3,0.5,0.1,0.99,10.0,256,20,0,128,31,4.2105546724401774,8.026317755227502,58.30120791468404,8355.859826676913,0.639515128968254,891.0722146179183,0.2421875,220.0
mppi_coast,mppi_direct,300.0,1800.0,0.1,0.1,5.0,inf,10.0,10.0,10,100.0,inf,cone,both,5000.0,10.0,0.01,30.0,0.01,256,20,3,0.5,0.1,0.99,10.0,256,20,0,128,31,4.2105546724401774,13.365816919604384,58.30120791468404,10246.982454643978,0.629749503968254,1057.1656004601084,0.2421875,220.0
mppi_coast,mppi_direct,300.0,1800.0,0.1,0.11,5.0,1.25,10.0,10.0,10,100.0,inf,cone,both,5000.0,10.0,0.01,30.0,0.01,256,20,3,0.5,0.1,0.99,10.0,256,20,0,128,94,3.5815991160110543,1.25,37.53493441169761,693.9996946663364,0.7582271149978437,281.3914770190568,0.734375,370.0
mppi_coast,mppi_direct,300.0,1800.0,0.1,0.11,5.0,2.5,10.0,10.0,10,100.0,inf,cone,both,5000.0,10.0,0.01,30.0,0.01,256,20,3,0.5,0.1,0.99,10.0,256,20,0,128,40,4.2472780450562215,2.3675758333363683,40.16438256215798,1499.1797661842493,0.7987760541089346,400.3162435011756,0.3125,210.0
mppi_coast,mppi_direct,300.0,1800.0,0.1,0.11,5.0,3.75,10.0,10.0,10,100.0,inf,cone,both,5000.0,10.0,0.01,30.0,0.01,256,20,3,0.5,0.1,0.99,10.0,256,20,0,128,26,4.324423451473598,3.385282298157452,71.2610010817938,2974.525621465113,0.7764244002525252,549.5503932688619,0.203125,210.0
mppi_coast,mppi_direct,300.0,1800.0,0.1,0.11,5.0,4.5,10.0,10.0,10,100.0,inf,cone,both,5000.0,10.0,0.01,30.0,0.01,256,20,3,0.5,0.1,0.99,10.0,256,20,0,128,24,4.376308928294856,4.025707853932136,69.46058087703375,3939.827109645561,0.7767795138888889,580.105303884787,0.1875,210.0
mppi_coast,mppi_direct,300.0,1800.0,0.1,0.11,5.0,5.0,10.0,10.0,10,100.0,inf,cone,both,5000.0,10.0,0.01,30.0,0.01,256,20,3,0.5,0.1,0.99,10.0,256,20,0,128,30,4.224139359938387,4.294508679202616,65.45449427863015,4323.435385064726,0.7719618055555556,636.1757055566688,0.234375,210.0
mppi_coast,mppi_direct,300.0,1800.0,0.1,0.11,5.0,5.5,10.0,10.0,10,100.0,inf,cone,both,5000.0,10.0,0.01,30.0,0.01,256,20,3,0.5,0.1,0.99,10.0,256,20,0,128,28,4.278250032985565,4.730604737886583,66.05354429782295,4973.344526223362,0.7527777777777778,704.8565269101017,0.21875,210.0
mppi_coast,mppi_direct,300.0,1800.0,0.1,0.11,5.0,6.25,10.0,10.0,10,100.0,inf,cone,both,5000.0,10.0,0.01,30.0,0.01,256,20,3,0.5,0.1,0.99,10.0,256,20,0,128,27,4.299904699633595,5.352015372871704,66.26447680375404,5844.297599291586,0.7211253156565657,783.4852906239063,0.2109375,220.0
mppi_coast,mppi_direct,300.0,1800.0,0.1,0.11,5.0,7.5,10.0,10.0,10,100.0,inf,cone,both,5000.0,10.0,0.01,30.0,0.01,256,20,3,0.5,0.1,0.99,10.0,256,20,0,128,27,4.299221458658327,6.337639744753983,65.9808048211529,7094.049453696717,0.6722537878787879,874.0952794497717,0.2109375,220.0
mppi_coast,mppi_direct,300.0,1800.0,0.1,0.11,5.0,10.0,10.0,10.0,10,100.0,inf,cone,both,5000.0,10.0,0.01,30.0,0.01,256,20,3,0.5,0.1,0.99,10.0,256,20,0,128,27,4.299232105237551,8.31027397767623,65.97885019162717,9066.45045091354,0.6093631628787879,997.961145110242,0.2109375,220.0
mppi_coast,mppi_direct,300.0,1800.0,0.1,0.11,5.0,inf,10.0,10.0,10,100.0,inf,cone,both,5000.0,10.0,0.01,30.0,0.01,256,20,3,0.5,0.1,0.99,10.0,256,20,0,128,27,4.299232105237551,15.232591460411474,65.97885019162717,11883.385503204585,0.594302398989899,1257.9749679070817,0.2109375,220.0
mppi_coast,mppi_direct,300.0,1800.0,0.1,0.125,5.0,1.25,10.0,10.0,10,100.0,inf,cone,both,5000.0,10.0,0.01,30.0,0.01,256,20,3,0.5,0.1,0.99,10.0,256,20,0,128,93,3.662415357406812,1.25,42.19370495882777,725.819071725414,0.7299360099607576,313.9671576152612,0.7265625,390.0
mppi_coast,mppi_direct,300.0,1800.0,0.1,0.125,5.0,2.5,10.0,10.0,10,100.0,inf,cone,both,5000.0,10.0,0.01,30.0,0.01,256,20,3,0.5,0.1,0.99,10.0,256,20,0,128,26,4.572382500141504,2.447602019301179,46.87364547815391,1634.81448585046,0.7827256944444444,438.2423558280109,0.203125,210.0
mppi_coast,mppi_direct,300.0,1800.0,0.1,0.125,5.0,3.75,10.0,10.0,10,100.0,inf,cone,both,5000.0,10.0,0.01,30.0,0.01,256,20,3,0.5,0.1,0.99,10.0,256,20,0,128,18,4.522920724157665,3.5187611802662597,82.6467390457565,3000.8779262603284,0.7961805555555556,525.939760227934,0.140625,200.0
mppi_coast,mppi_direct,300.0,1800.0,0.1,0.125,5.0,4.5,10.0,10.0,10,100.0,inf,cone,both,5000.0,10.0,0.01,30.0,0.01,256,20,3,0.5,0.1,0.99,10.0,256,20,0,128,16,4.575453057933626,4.198400804282474,88.49844217881294,4144.210946107443,0.7731770833333333,622.0075611012388,0.125,200.0
mppi_coast,mppi_direct,300.0,1800.0,0.1,0.125,5.0,5.0,10.0,10.0,10,100.0,inf,cone,both,5000.0,10.0,0.01,30.0,0.01,256,20,3,0.5,0.1,0.99,10.0,256,20,0,128,17,4.5532077404042335,4.620194541590516,84.21550925502686,4900.872307457431,0.758108428030303,699.1833743553536,0.1328125,200.0
mppi_coast,mppi_direct,300.0,1800.0,0.1,0.125,5.0,5.5,10.0,10.0,10,100.0,inf,cone,both,5000.0,10.0,0.01,30.0,0.01,256,20,3,0.5,0.1,0.99,10.0,256,20,0,128,20,4.468654491478788,4.977018332221393,81.38368400170468,5442.745688203754,0.7455047123015873,733.5150356404743,0.15625,200.0
mppi_coast,mppi_direct,300.0,1800.0,0.1,0.125,5.0,6.25,10.0,10.0,10,100.0,inf,cone,both,5000.0,10.0,0.01,30.0,0.01,256,20,3,0.5,0.1,0.99,10.0,256,20,0,128,19,4.497216115529519,5.644291652190589,83.26720652449323,6375.082782071352,0.7212673611111111,794.5737251746573,0.1484375,200.0
mppi_coast,mppi_direct,300.0,1800.0,0.1,0.125,5.0,7.5,10.0,10.0,10,100.0,inf,cone,both,5000.0,10.0,0.01,30.0,0.01,256,20,3,0.5,0.1,0.99,10.0,256,20,0,128,21,4.440155579682036,6.619971799060834,82.05041346359319,7720.292153564419,0.6644965277777778,837.3021635930578,0.1640625,200.0
mppi_coast,mppi_direct,300.0,1800.0,0.1,0.125,5.0,10.0,10.0,10.0,10,100.0,inf,cone,both,5000.0,10.0,0.01,30.0,0.01,256,20,3,0.5,0.1,0.99,10.0,256,20,0,128,22,4.411858365236663,8.647358139408546,82.37251196708074,9980.600611489412,0.5892795138888889,1024.9028095050598,0.171875,200.0
mppi_coast,mppi_direct,300.0,1800.0,0.1,0.125,5.0,inf,10.0,10.0,10,100.0,inf,cone,both,5000.0,10.0,0.01,30.0,0.01,256,20,3,0.5,0.1,0.99,10.0,256,20,0,128,22,4.411858365236663,18.03877453578172,82.37251194261353,14390.8189900033,0.5671440972222223,1435.085378146269,0.171875,200.0
mppi_coast,mppi_direct,300.0,1800.0,0.1,0.15,5.0,1.25,10.0,10.0,10,100.0,inf,cone,both,5000.0,10.0,0.01,30.0,0.01,256,20,3,0.5,0.1,0.99,10.0,256,20,0,128,94,3.7472030723036447,1.25,47.4698902516371,742.9275317343461,0.7314270561243119,329.48751859455103,0.734375,410.0
mppi_coast,mppi_direct,300.0,1800.0,0.1,0.15,5.0,2.5,10.0,10.0,10,100.0,inf,cone,both,5000.0,10.0,0.01,30.0,0.01,256,20,3,0.5,0.1,0.99,10.0,256,20,0,128,21,4.835732953768772,2.49031077031514,53.75952816709756,1652.5411078531683,0.7883474963450292,449.0768527990306,0.1640625,730.0
mppi_coast,mppi_direct,300.0,1800.0,0.1,0.15,5.0,3.75,10.0,10.0,10,100.0,inf,cone,both,5000.0,10.0,0.01,30.0,0.01,256,20,3,0.5,0.1,0.99,10.0,256,20,0,128,9,4.756590212715179,3.6586933825367582,108.73046072065036,3198.6829432233144,0.766796875,633.7556051766695,0.0703125,190.0
mppi_coast,mppi_direct,300.0,1800.0,0.1,0.15,5.0,4.5,10.0,10.0,10,100.0,inf,cone,both,5000.0,10.0,0.01,30.0,0.01,256,20,3,0.5,0.1,0.99,10.0,256,20,0,128,11,4.70251800816082,4.324183666819407,104.3760648294585,4290.361910348104,0.7819878472222223,704.0957981434924,0.0859375,190.0
mppi_coast,mppi_direct,300.0,1800.0,0.1,0.15,5.0,5.0,10.0,10.0,10,100.0,inf,cone,both,5000.0,10.0,0.01,30.0,0.01,256,20,3,0.5,0.1,0.99,10.0,256,20,0,128,10,4.7279329994426185,4.801930729532963,106.2939130247595,5029.868666447211,0.766641865079365,745.8398229179368,0.078125,195.0
mppi_coast,mppi_direct,300.0,1800.0,0.1,0.15,5.0,5.5,10.0,10.0,10,100.0,inf,cone,both,5000.0,10.0,0.01,30.0,0.01,256,20,3,0.5,0.1,0.99,10.0,256,20,0,128,9,4.756164859211339,5.286245880013429,111.75960579762808,5918.009146398728,0.736328125,847.6147076033252,0.0703125,190.0
mppi_coast,mppi_direct,300.0,1800.0,0.1,0.15,5.0,6.25,10.0,10.0,10,100.0,inf,cone,both,5000.0,10.0,0.01,30.0,0.01,256,20,3,0.5,0.1,0.99,10.0,256,20,0,128,10,4.72743796105029,5.9508164792138105,108.76303989458675,7017.386838924638,0.6865451388888889,942.3672764348224,0.078125,190.0
mppi_coast,mppi_direct,300.0,1800.0,0.1,0.15,5.0,7.5,10.0,10.0,10,100.0,inf,cone,both,5000.0,10.0,0.01,30.0,0.01,256,20,3,0.5,0.1,0.99,10.0,256,20,0,128,8,4.77690905589328,7.183653656308165,108.51288597169666,8789.467659187487,0.6284722222222222,1001.8884278822732,0.0625,190.0
mppi_coast,mppi_direct,300.0,1800.0,0.1,0.15,5.0,10.0,10.0,10.0,10,100.0,inf,cone,both,5000.0,10.0,0.01,30.0,0.01,256,20,3,0.5,0.1,0.99,10.0,256,20,0,128,7,4.806374424047767,9.588873636430716,108.87899160923224,11982.029256926427,0.5176215277777778,1194.3121061607856,0.0546875,190.0
mppi_coast,mppi_direct,300.0,1800.0,0.1,0.15,5.0,inf,10.0,10.0,10,100.0,inf,cone,both,5000.0,10.0,0.01,30.0,0.01,256,20,3,0.5,0.1,0.99,10.0,256,20,0,128,7,4.8063714189658056,24.368211852328187,108.86255977626962,20024.8098627542,0.47578125,2056.1755913613265,0.0546875,190.0
mppi_coast,mppi_direct,300.0,1800.0,0.1,0.2,5.0,1.25,10.0,10.0,10,100.0,inf,cone,both,5000.0,10.0,0.01,30.0,0.01,256,20,3,0.5,0.1,0.99,10.0,256,20,0,128,97,3.8256498728995263,1.25,54.85320979825159,722.0770478476053,0.7542367228758061,321.13736578513544,0.7578125,420.0
mppi_coast,mppi_direct,300.0,1800.0,0.1,0.2,5.0,2.5,10.0,10.0,10,100.0,inf,cone,both,5000.0,10.0,0.01,30.0,0.01,256,20,3,0.5,0.1,0.99,10.0,256,20,0,128,16,4.970921488285068,2.5,63.4568071211926,1998.4427426093712,0.7464042467948718,595.461880412791,0.125,730.0
mppi_coast,mppi_direct,300.0,1800.0,0.1,0.2,5.0,3.75,10.0,10.0,10,100.0,inf,cone,both,5000.0,10.0,0.01,30.0,0.01,256,20,3,0.5,0.1,0.99,10.0,256,20,0,128,3,4.913688085511368,3.7276557476682126,163.10305391188865,3200.7247321371483,0.7536854064542484,776.6769690377547,0.0234375,170.0
mppi_coast,mppi_direct,300.0,1800.0,0.1,0.2,5.0,4.5,10.0,10.0,10,100.0,inf,cone,both,5000.0,10.0,0.01,30.0,0.01,256,20,3,0.5,0.1,0.99,10.0,256,20,0,128,1,4.9711903884872015,4.487628308298158,155.1312330967644,4511.790808074698,0.7758680555555556,887.5242536768104,0.0078125,170.0
mppi_coast,mppi_direct,300.0,1800.0,0.1,0.2,5.0,5.0,10.0,10.0,10,100.0,inf,cone,both,5000.0,10.0,0.01,30.0,0.01,256,20,3,0.5,0.1,0.99,10.0,256,20,0,128,2,4.943610558163647,4.970938543215482,163.35804910015813,5874.514611254961,0.7375,1002.3631128359071,0.015625,180.0
mppi_coast,mppi_direct,300.0,1800.0,0.1,0.2,5.0,5.5,10.0,10.0,10,100.0,inf,cone,both,5000.0,10.0,0.01,30.0,0.01,256,20,3,0.5,0.1,0.99,10.0,256,20,0,128,1,4.970967867023092,5.4796011635212585,170.27541801384865,6718.277791055958,0.7096354166666666,1120.21910814409,0.0078125,170.0
mppi_coast,mppi_direct,300.0,1800.0,0.1,0.2,5.0,6.25,10.0,10.0,10,100.0,inf,cone,both,5000.0,10.0,0.01,30.0,0.01,256,20,3,0.5,0.1,0.99,10.0,256,20,0,128,3,4.914312032113256,6.170313497020352,162.85442278614275,8223.341777464111,0.6319878472222222,1266.837156488555,0.0234375,160.0
mppi_coast,mppi_direct,300.0,1800.0,0.1,0.2,5.0,7.5,10.0,10.0,10,100.0,inf,cone,both,5000.0,10.0,0.01,30.0,0.01,256,20,3,0.5,0.1,0.99,10.0,256,20,0,128,2,4.942652579626108,7.427948622366131,164.32376562829876,10669.592321236833,0.5526909722222222,1427.77145657427,0.015625,165.0
mppi_coast,mppi_direct,300.0,1800.0,0.1,0.2,5.0,10.0,10.0,10.0,10,100.0,inf,cone,both,5000.0,10.0,0.01,30.0,0.01,256,20,3,0.5,0.1,0.99,10.0,256,20,0,128,2,4.941664600818237,9.890359056351452,162.5915257689081,14533.216573118683,0.4388020833333333,1761.3028593661984,0.015625,170.0
mppi_coast,mppi_direct,300.0,1800.0,0.1,0.2,5.0,inf,10.0,10.0,10,100.0,inf,cone,both,5000.0,10.0,0.01,30.0,0.01,256,20,3,0.5,0.1,0.99,10.0,256,20,0,128,1,4.97201705608117,33.98479343390543,162.96782534546443,30208.78934949378,0.377734375,3735.360883059444,0.0078125,180.0
mppi_coast,mppi_lqr,300.0,1800.0,0.1,0.025,5.0,1.25,10.0,10.0,10,100.0,inf,cone,both,5000.0,10.0,0.01,30.0,0.01,256,20,3,0.5,0.1,0.99,10.0,256,20,0,128,89,3.3407620908547995,0.7872986485968079,31.820528569494265,446.55232684397726,0.698828125,161.22310010883467,0.6953125,330.0
mppi_coast,mppi_lqr,300.0,1800.0,0.1,0.025,5.0,2.5,10.0,10.0,10,100.0,inf,cone,both,5000.0,10.0,0.01,30.0,0.01,256,20,3,0.5,0.1,0.99,10.0,256,20,0,128,89,3.351083246893379,1.1794822468751829,33.191001502038446,838.7253471609241,0.7016059027777778,257.4507684748512,0.6953125,330.0
mppi_coast,mppi_lqr,300.0,1800.0,0.1,0.025,5.0,3.75,10.0,10.0,10,100.0,inf,cone,both,5000.0,10.0,0.01,30.0,0.01,256,20,3,0.5,0.1,0.99,10.0,256,20,0,128,89,3.351083246893379,1.5603416218751829,33.191001502038446,984.282539579611,0.6981336805555556,279.3674559202438,0.6953125,330.0
mppi_coast,mppi_lqr,300.0,1800.0,0.1,0.025,5.0,4.5,10.0,10.0,10,100.0,inf,cone,both,5000.0,10.0,0.01,30.0,0.01,256,20,3,0.5,0.1,0.99,10.0,256,20,0,128,89,3.351083246893379,1.6673419907723763,33.191001502038446,990.1576732733208,0.6981336805555556,279.3950898797718,0.6953125,330.0
mppi_coast,mppi_lqr,300.0,1800.0,0.1,0.025,5.0,5.0,10.0,10.0,10,100.0,inf,cone,both,5000.0,10.0,0.01,30.0,0.01,256,20,3,0.5,0.1,0.99,10.0,256,20,0,128,89,3.351083246893379,1.6677662181045392,33.191001502038446,990.0252896318444,0.6981336805555556,279.3889408786203,0.6953125,330.0
mppi_coast,mppi_lqr,300.0,1800.0,0.1,0.025,5.0,5.5,10.0,10.0,10,100.0,inf,cone,both,5000.0,10.0,0.01,30.0,0.01,256,20,3,0.5,0.1,0.99,10.0,256,20,0,128,89,3.351083246893379,1.6677821067903782,33.191001502038446,990.018074689992,0.6981336805555556,279.38873638488536,0.6953125,330.0
mppi_coast,mppi_lqr,300.0,1800.0,0.1,0.025,5.0,6.25,10.0,10.0,10,100.0,inf,cone,both,5000.0,10.0,0.01,30.0,0.01,256,20,3,0.5,0.1,0.99,10.0,256,20,0,128,89,3.351083246893379,1.667781902414614,33.191001502038446,990.018079144398,0.6981336805555556,279.3887363573188,0.6953125,330.0
mppi_coast,mppi_lqr,300.0,1800.0,0.1,0.025,5.0,7.5,10.0,10.0,10,100.0,inf,cone,both,5000.0,10.0,0.01,30.0,0.01,256,20,3,0.5,0.1,0.99,10.0,256,20,0,128,89,3.351083246893379,1.667781902414614,33.191001502038446,990.018079144398,0.6981336805555556,279.3887363573188,0.6953125,330.0
mppi_coast,mppi_lqr,300.0,1800.0,0.1,0.025,5.0,10.0,10.0,10.0,10,100.0,inf,cone,both,5000.0,10.0,0.01,30.0,0.01,256,20,3,0.5,0.1,0.99,10.0,256,20,0,128,89,3.351083246893379,1.667781902414614,33.191001502038446,990.018079144398,0.6981336805555556,279.3887363573188,0.6953125,330.0
mppi_coast,mppi_lqr,300.0,1800.0,0.1,0.025,5.0,inf,10.0,10.0,10,100.0,inf,cone,both,5000.0,10.0,0.01,30.0,0.01,256,20,3,0.5,0.1,0.99,10.0,256,20,0,128,89,3.351083246893379,1.667781902414614,33.191001502038446,990.018079144398,0.6981336805555556,279.3887363573188,0.6953125,330.0
mppi_coast,mppi_lqr,300.0,1800.0,0.1,0.05,5.0,1.25,10.0,10.0,10,100.0,inf,cone,both,5000.0,10.0,0.01,30.0,0.01,256,20,3,0.5,0.1,0.99,10.0,256,20,0,128,89,4.068549912081892,1.25,68.86780570148174,857.8927982236629,0.7014756944444445,309.4060833844132,0.6953125,430.0
mppi_coast,mppi_lqr,300.0,1800.0,0.1,0.05,5.0,2.5,10.0,10.0,10,100.0,inf,cone,both,5000.0,10.0,0.01,30.0,0.01,256,20,3,0.5,0.1,0.99,10.0,256,20,0,128,85,4.143700385911826,2.1277393610448105,69.99083713634283,1246.147702294743,0.6971354166666667,459.0441531766519,0.6640625,450.0
mppi_coast,mppi_lqr,300.0,1800.0,0.1,0.05,5.0,3.75,10.0,10.0,10,100.0,inf,cone,both,5000.0,10.0,0.01,30.0,0.01,256,20,3,0.5,0.1,0.99,10.0,256,20,0,128,77,4.266837671604104,2.731074225283733,76.46108090026117,1923.0726592436745,0.6958333333333333,601.947147478468,0.6015625,460.0
mppi_coast,mppi_lqr,300.0,1800.0,0.1,0.05,5.0,4.5,10.0,10.0,10,100.0,inf,cone,both,5000.0,10.0,0.01,30.0,0.01,256,20,3,0.5,0.1,0.99,10.0,256,20,0,128,80,4.251059291633093,2.9851932326458743,76.61743888067566,2115.799700541313,0.69765625,644.532338497428,0.625,460.0
mppi_coast,mppi_lqr,300.0,1800.0,0.1,0.05,5.0,5.0,10.0,10.0,10,100.0,inf,cone,both,5000.0,10.0,0.01,30.0,0.01,256,20,3,0.5,0.1,0.99,10.0,256,20,0,128,80,4.250781722228217,3.1724438978802065,76.64733335570679,2259.801096018664,0.6976128472222223,667.457335645187,0.625,460.0
mppi_coast,mppi_lqr,300.0,1800.0,0.1,0.05,5.0,5.5,10.0,10.0,10,100.0,inf,cone,both,5000.0,10.0,0.01,30.0,0.01,256,20,3,0.5,0.1,0.99,10.0,256,20,0,128,80,4.250779981420182,3.359946500227907,76.65640086506089,2385.5331463877087,0.6975260416666667,696.5574232025712,0.625,460.0
mppi_coast,mppi_lqr,300.0,1800.0,0.1,0.05,5.0,6.25,10.0,10.0,10,100.0,inf,cone,both,5000.0,10.0,0.01,30.0,0.01,256,20,3,0.5,0.1,0.99,10.0,256,20,0,128,80,4.250779981420133,3.6411964715467455,76.65619446948556,2532.30447839281,0.6973958333333333,713.4619082602786,0.625,460.0
mppi_coast,mppi_lqr,300.0,1800.0,0.1,0.05,5.0,7.5,10.0,10.0,10,100.0,inf,cone,both,5000.0,10.0,0.01,30.0,0.01,256,20,3,0.5,0.1,0.99,10.0,256,20,0,128,80,4.250779981420133,4.1099464715467455,76.65619446948556,2682.861881805844,0.6968315972222222,724.5380834297852,0.625,460.0
mppi_coast,mppi_lqr,300.0,1800.0,0.1,0.05,5.0,10.0,10.0,10.0,10,100.0,inf,cone,both,5000.0,10.0,0.01,30.0,0.01,256,20,3,0.5,0.1,0.99,10.0,256,20,0,128,80,4.250779981420133,4.489564211816755,76.65619446948556,2716.2451631638514,0.6965711805555556,725.3148398032765,0.625,460.0
mppi_coast,mppi_lqr,300.0,1800.0,0.1,0.05,5.0,inf,10.0,10.0,10,100.0,inf,cone,both,5000.0,10.0,0.01,30.0,0.01,256,20,3,0.5,0.1,0.99,10.0,256,20,0,128,80,4.250779981420133,4.4898486852242,76.65619446948556,2716.20476958259,0.6965711805555556,725.3148672981597,0.625,460.0
mppi_coast,mppi_lqr,300.0,1800.0,0.1,0.075,5.0,1.25,10.0,10.0,10,100.0,inf,cone,both,5000.0,10.0,0.01,30.0,0.01,256,20,3,0.5,0.1,0.99,10.0,256,20,0,128,90,4.303402279585061,1.25,81.35198088328372,914.1315584030012,0.7135213504728133,321.83183280446497,0.703125,480.0
mppi_coast,mppi_lqr,300.0,1800.0,0.1,0.075,5.0,2.5,10.0,10.0,10,100.0,inf,cone,both,5000.0,10.0,0.01,30.0,0.01,256,20,3,0.5,0.1,0.99,10.0,256,20,0,128,59,4.989521827344523,2.5,94.7424412764142,1894.7372640469853,0.6953125,615.0864198137766,0.4609375,640.0
mppi_coast,mppi_lqr,300.0,1800.0,0.1,0.075,5.0,3.75,10.0,10.0,10,100.0,inf,cone,both,5000.0,10.0,0.01,30.0,0.01,256,20,3,0.5,0.1,0.99,10.0,256,20,0,128,0,5.0,3.75,248.900808908461,2760.385836750684,0.7110677083333333,749.3953953571571,0.0,
mppi_coast,mppi_lqr,300.0,1800.0,0.1,0.075,5.0,4.5,10.0,10.0,10,100.0,inf,cone,both,5000.0,10.0,0.01,30.0,0.01,256,20,3,0.5,0.1,0.99,10.0,256,20,0,128,0,5.0,4.5,258.520742741218,3811.241507468227,0.7092447916666667,851.3501691781166,0.0,
mppi_coast,mppi_lqr,300.0,1800.0,0.1,0.075,5.0,5.0,10.0,10.0,10,100.0,inf,cone,both,5000.0,10.0,0.01,30.0,0.01,256,20,3,0.5,0.1,0.99,10.0,256,20,0,128,0,5.0,5.0,257.32424013159294,4487.824421883741,0.7092447916666667,899.363753808683,0.0,
mppi_coast,mppi_lqr,300.0,1800.0,0.1,0.075,5.0,5.5,10.0,10.0,10,100.0,inf,cone,both,5000.0,10.0,0.01,30.0,0.01,256,20,3,0.5,0.1,0.99,10.0,256,20,0,128,0,5.0,5.5,253.96043363140595,5082.336137774187,0.7092447916666667,944.8512621045828,0.0,
mppi_coast,mppi_lqr,300.0,1800.0,0.1,0.075,5.0,6.25,10.0,10.0,10,100.0,inf,cone,both,5000.0,10.0,0.01,30.0,0.01,256,20,3,0.5,0.1,0.99,10.0,256,20,0,128,0,5.0,6.25,254.75091889217015,5873.225816598034,0.7068142361111112,1000.8201168288898,0.0,
mppi_coast,mppi_lqr,300.0,1800.0,0.1,0.075,5.0,7.5,10.0,10.0,10,100.0,inf,cone,both,5000.0,10.0,0.01,30.0,0.01,256,20,3,0.5,0.1,0.99,10.0,256,20,0,128,0,5.0,7.5,254.7958255122332,6972.522460251904,0.6802951388888889,1068.539902487886,0.0,
mppi_coast,mppi_lqr,300.0,1800.0,0.1,0.075,5.0,10.0,10.0,10.0,10,100.0,inf,cone,both,5000.0,10.0,0.01,30.0,0.01,256,20,3,0.5,0.1,0.99,10.0,256,20,0,128,0,5.0,10.0,254.81896099716724,8403.835714557708,0.6359809027777777,1123.5374909321204,0.0,
mppi_coast,mppi_lqr,300.0,1800.0,0.1,0.075,5.0,inf,10.0,10.0,10,100.0,inf,cone,both,5000.0,10.0,0.01,30.0,0.01,256,20,3,0.5,0.1,0.99,10.0,256,20,0,128,0,5.0,12.87793706506307,254.81896099716724,8925.367565027684,0.6302951388888889,1145.3256099652067,0.0,
mppi_coast,mppi_lqr,300.0,1800.0,0.1,0.09,5.0,1.25,10.0,10.0,10,100.0,inf,cone,both,5000.0,10.0,0.01,30.0,0.01,256,20,3,0.5,0.1,0.99,10.0,256,20,0,128,92,4.299150203811174,1.25,79.72853378876849,888.2975956847762,0.725636937164803,309.43173828330896,0.71875,480.0
mppi_coast,mppi_lqr,300.0,1800.0,0.1,0.09,5.0,2.5,10.0,10.0,10,100.0,inf,cone,both,5000.0,10.0,0.01,30.0,0.01,256,20,3,0.5,0.1,0.99,10.0,256,20,0,128,53,4.995688012567151,2.5,93.38690222031823,1979.272392412047,0.7164180871212121,592.8701235675034,0.4140625,660.0
mppi_coast,mppi_lqr,300.0,1800.0,0.1,0.09,5.0,3.75,10.0,10.0,10,100.0,inf,cone,both,5000.0,10.0,0.01,30.0,0.01,256,20,3,0.5,0.1,0.99,10.0,256,20,0,128,2,5.0,3.75,228.7457836589599,2600.7471063626413,0.7168402777777778,804.5043528955518,0.015625,980.0
mppi_coast,mppi_lqr,300.0,1800.0,0.1,0.09,5.0,4.5,10.0,10.0,10,100.0,inf,cone,both,5000.0,10.0,0.01,30.0,0.01,256,20,3,0.5,0.1,0.99,10.0,256,20,0,128,0,5.0,4.5,296.9069685044324,3740.3598994132,0.7168836805555555,919.3822335180053,0.0,
mppi_coast,mppi_lqr,300.0,1800.0,0.1,0.09,5.0,5.0,10.0,10.0,10,100.0,inf,cone,both,5000.0,10.0,0.01,30.0,0.01,256,20,3,0.5,0.1,0.99,10.0,256,20,0,128,0,5.0,5.0,297.3032026846081,4352.811251909724,0.7301215277777777,923.3608481799664,0.0,
mppi_coast,mppi_lqr,300.0,1800.0,0.1,0.09,5.0,5.5,10.0,10.0,10,100.0,inf,cone,both,5000.0,10.0,0.01,30.0,0.01,256,20,3,0.5,0.1,0.99,10.0,256,20,0,128,0,5.0,5.5,296.21905758554044,5171.717000630015,0.723046875,1014.4279813717096,0.0,
mppi_coast,mppi_lqr,300.0,1800.0,0.1,0.09,5.0,6.25,10.0,10.0,10,100.0,inf,cone,both,5000.0,10.0,0.01,30.0,0.01,256,20,3,0.5,0.1,0.99,10.0,256,20,0,128,0,5.0,6.25,296.5581864938089,6135.831952025338,0.7182725694444444,1083.1807805258445,0.0,
mppi_coast,mppi_lqr,300.0,1800.0,0.1,0.09,5.0,7.5,10.0,10.0,10,100.0,inf,cone,both,5000.0,10.0,0.01,30.0,0.01,256,20,3,0.5,0.1,0.99,10.0,256,20,0,128,0,5.0,7.5,296.5437117242602,7524.050676823091,0.6750868055555556,1177.1430002741424,0.0,
mppi_coast,mppi_lqr,300.0,1800.0,0.1,0.09,5.0,10.0,10.0,10.0,10,100.0,inf,cone,both,5000.0,10.0,0.01,30.0,0.01,256,20,3,0.5,0.1,0.99,10.0,256,20,0,128,0,5.0,10.0,296.5214444189557,9587.346300794545,0.6033420138888889,1292.2627674594385,0.0,
mppi_coast,mppi_lqr,300.0,1800.0,0.1,0.09,5.0,inf,10.0,10.0,10,100.0,inf,cone,both,5000.0,10.0,0.01,30.0,0.01,256,20,3,0.5,0.1,0.99,10.0,256,20,0,128,0,5.0,15.462711136461609,296.52144728288874,11228.558151772108,0.5858072916666667,1386.1688851261486,0.0,
mppi_coast,mppi_lqr,300.0,1800.0,0.1,0.1,5.0,1.25,10.0,10.0,10,100.0,inf,cone,both,5000.0,10.0,0.01,30.0,0.01,256,20,3,0.5,0.1,0.99,10.0,256,20,0,128,91,4.309678821864611,1.25,83.88904721686983,918.6035654822508,0.7267225241545894,315.1518310877996,0.7109375,480.0
mppi_coast,mppi_lqr,300.0,1800.0,0.1,0.1,5.0,2.5,10.0,10.0,10,100.0,inf,cone,both,5000.0,10.0,0.01,30.0,0.01,256,20,3,0.5,0.1,0.99,10.0,256,20,0,128,45,4.997958669855751,2.5,94.92517866911008,2108.864188000824,0.7151317866161616,606.1315826546092,0.3515625,660.0
mppi_coast,mppi_lqr,300.0,1800.0,0.1,0.1,5.0,3.75,10.0,10.0,10,100.0,inf,cone,both,5000.0,10.0,0.01,30.0,0.01,256,20,3,0.5,0.1,0.99,10.0,256,20,0,128,1,5.0,3.75,223.6217101474273,2752.926507306044,0.719140625,843.2125808653892,0.0078125,980.0
mppi_coast,mppi_lqr,300.0,1800.0,0.1,0.1,5.0,4.5,10.0,10.0,10,100.0,inf,cone,both,5000.0,10.0,0.01,30.0,0.01,256,20,3,0.5,0.1,0.99,10.0,256,20,0,128,0,5.0,4.5,299.3007323265018,3705.675532174787,0.7244357638888889,938.8075611909888,0.0,
mppi_coast,mppi_lqr,300.0,1800.0,0.1,0.1,5.0,5.0,10.0,10.0,10,100.0,inf,cone,both,5000.0,10.0,0.01,30.0,0.01,256,20,3,0.5,0.1,0.99,10.0,256,20,0,128,0,5.0,5.0,299.5207783496048,4470.242198574986,0.7318142361111111,981.9066675260568,0.0,
mppi_coast,mppi_lqr,300.0,1800.0,0.1,0.1,5.0,5.5,10.0,10.0,10,100.0,inf,cone,both,5000.0,10.0,0.01,30.0,0.01,256,20,3,0.5,0.1,0.99,10.0,256,20,0,128,0,5.0,5.5,299.452247421024,5255.836722872137,0.7311631944444444,1047.8591379217826,0.0,
mppi_coast,mppi_lqr,300.0,1800.0,0.1,0.1,5.0,6.25,10.0,10.0,10,100.0,inf,cone,both,5000.0,10.0,0.01,30.0,0.01,256,20,3,0.5,0.1,0.99,10.0,256,20,0,128,0,5.0,6.25,299.4886323440944,6297.56639420378,0.7229600694444445,1126.2941285763898,0.0,
mppi_coast,mppi_lqr,300.0,1800.0,0.1,0.1,5.0,7.5,10.0,10.0,10,100.0,inf,cone,both,5000.0,10.0,0.01,30.0,0.01,256,20,3,0.5,0.1,0.99,10.0,256,20,0,128,0,5.0,7.5,299.4900426028926,7876.021365415818,0.6678385416666667,1235.1906261285,0.0,
mppi_coast,mppi_lqr,300.0,1800.0,0.1,0.1,5.0,10.0,10.0,10.0,10,100.0,inf,cone,both,5000.0,10.0,0.01,30.0,0.01,256,20,3,0.5,0.1,0.99,10.0,256,20,0,128,0,5.0,10.0,299.49004293360457,10263.889211380025,0.5845486111111111,1380.414303150621,0.0,
mppi_coast,mppi_lqr,300.0,1800.0,0.1,0.1,5.0,inf,10.0,10.0,10,100.0,inf,cone,both,5000.0,10.0,0.01,30.0,0.01,256,20,3,0.5,0.1,0.99,10.0,256,20,0,128,0,5.0,17.18417289110637,299.49004293360457,12878.502864091244,0.5592881944444444,1552.729383730308,0.0,
mppi_coast,mppi_lqr,300.0,1800.0,0.1,0.11,5.0,1.25,10.0,10.0,10,100.0,inf,cone,both,5000.0,10.0,0.01,30.0,0.01,256,20,3,0.5,0.1,0.99,10.0,256,20,0,128,91,4.341586357578539,1.25,85.63484165430529,928.4999212085152,0.7232242602657005,325.8069019673639,0.7109375,480.0
mppi_coast,mppi_lqr,300.0,1800.0,0.1,0.11,5.0,2.5,10.0,10.0,10,100.0,inf,cone,both,5000.0,10.0,0.01,30.0,0.01,256,20,3,0.5,0.1,0.99,10.0,256,20,0,128,48,4.997837964829763,2.5,97.92978521326523,2062.900933277086,0.7059895833333333,631.4745518719023,0.375,665.0
mppi_coast,mppi_lqr,300.0,1800.0,0.1,0.11,5.0,3.75,10.0,10.0,10,100.0,inf,cone,both,5000.0,10.0,0.01,30.0,0.01,256,20,3,0.5,0.1,0.99,10.0,256,20,0,128,1,5.0,3.75,218.99570523004215,2690.492643447025,0.7388454861111111,817.9014369512153,0.0078125,1030.0
mppi_coast,mppi_lqr,300.0,1800.0,0.1,0.11,5.0,4.5,10.0,10.0,10,100.0,inf,cone,both,5000.0,10.0,0.01,30.0,0.01,256,20,3,0.5,0.1,0.99,10.0,256,20,0,128,0,5.0,4.5,291.7948889692317,3558.006892743253,0.7388020833333333,909.9710099838604,0.0,
mppi_coast,mppi_lqr,300.0,1800.0,0.1,0.11,5.0,5.0,10.0,10.0,10,100.0,inf,cone,both,5000.0,10.0,0.01,30.0,0.01,256,20,3,0.5,0.1,0.99,10.0,256,20,0,128,0,5.0,5.0,299.65058203713056,4418.150295179335,0.7392361111111111,973.997671390928,0.0,
mppi_coast,mppi_lqr,300.0,1800.0,0.1,0.11,5.0,5.5,10.0,10.0,10,100.0,inf,cone,both,5000.0,10.0,0.01,30.0,0.01,256,20,3,0.5,0.1,0.99,10.0,256,20,0,128,0,5.0,5.5,299.69892271813325,5103.537080537378,0.7385416666666667,1032.923231920937,0.0,
mppi_coast,mppi_lqr,300.0,1800.0,0.1,0.11,5.0,6.25,10.0,10.0,10,100.0,inf,cone,both,5000.0,10.0,0.01,30.0,0.01,256,20,3,0.5,0.1,0.99,10.0,256,20,0,128,0,5.0,6.25,299.6981471259097,6182.737593809523,0.7266493055555555,1089.5605701124282,0.0,
mppi_coast,mppi_lqr,300.0,1800.0,0.1,0.11,5.0,7.5,10.0,10.0,10,100.0,inf,cone,both,5000.0,10.0,0.01,30.0,0.01,256,20,3,0.5,0.1,0.99,10.0,256,20,0,128,0,5.0,7.5,299.69546689592227,7867.161508534923,0.6680989583333333,1246.329509718639,0.0,
mppi_coast,mppi_lqr,300.0,1800.0,0.1,0.11,5.0,10.0,10.0,10.0,10,100.0,inf,cone,both,5000.0,10.0,0.01,30.0,0.01,256,20,3,0.5,0.1,0.99,10.0,256,20,0,128,0,5.0,10.0,299.6954668993067,10500.46984132108,0.5775607638888889,1419.905568139109,0.0,
mppi_coast,mppi_lqr,300.0,1800.0,0.1,0.11,5.0,inf,10.0,10.0,10,100.0,inf,cone,both,5000.0,10.0,0.01,30.0,0.01,256,20,3,0.5,0.1,0.99,10.0,256,20,0,128,0,5.0,18.899817646918468,299.6954668993067,14173.339028450817,0.5388020833333333,1685.2946293659156,0.0,
mppi_coast,mppi_lqr,300.0,1800.0,0.1,0.125,5.0,1.25,10.0,10.0,10,100.0,inf,cone,both,5000.0,10.0,0.01,30.0,0.01,256,20,3,0.5,0.1,0.99,10.0,256,20,0,128,90,4.369415469475522,1.25,88.90739904375984,957.0856331060068,0.7196884827044026,330.9623905483718,0.703125,495.0
mppi_coast,mppi_lqr,300.0,1800.0,0.1,0.125,5.0,2.5,10.0,10.0,10,100.0,inf,cone,both,5000.0,10.0,0.01,30.0,0.01,256,20,3,0.5,0.1,0.99,10.0,256,20,0,128,38,4.999969180561112,2.5,89.93341559666489,2140.184925034134,0.7343315972222222,612.0506190118932,0.296875,690.0
mppi_coast,mppi_lqr,300.0,1800.0,0.1,0.125,5.0,3.75,10.0,10.0,10,100.0,inf,cone,both,5000.0,10.0,0.01,30.0,0.01,256,20,3,0.5,0.1,0.99,10.0,256,20,0,128,1,5.0,3.75,221.8902724923676,2759.9182286541395,0.7326388888888888,850.6801890978008,0.0078125,1080.0
mppi_coast,mppi_lqr,300.0,1800.0,0.1,0.125,5.0,4.5,10.0,10.0,10,100.0,inf,cone,both,5000.0,10.0,0.01,30.0,0.01,256,20,3,0.5,0.1,0.99,10.0,256,20,0,128,0,5.0,4.5,288.9473113577056,3684.500395068624,0.7320746527777777,984.7801066772738,0.0,
mppi_coast,mppi_lqr,300.0,1800.0,0.1,0.125,5.0,5.0,10.0,10.0,10,100.0,inf,cone,both,5000.0,10.0,0.01,30.0,0.01,256,20,3,0.5,0.1,0.99,10.0,256,20,0,128,0,5.0,5.0,299.5675655536549,4489.6226104445805,0.7388454861111111,1034.1199868371064,0.0,
mppi_coast,mppi_lqr,300.0,1800.0,0.1,0.125,5.0,5.5,10.0,10.0,10,100.0,inf,cone,both,5000.0,10.0,0.01,30.0,0.01,256,20,3,0.5,0.1,0.99,10.0,256,20,0,128,0,5.0,5.5,299.5691108118159,5301.490108412535,0.7247829861111111,1169.747968155363,0.0,
mppi_coast,mppi_lqr,300.0,1800.0,0.1,0.125,5.0,6.25,10.0,10.0,10,100.0,inf,cone,both,5000.0,10.0,0.01,30.0,0.01,256,20,3,0.5,0.1,0.99,10.0,256,20,0,128,0,5.0,6.25,299.6070361773908,6468.480854052801,0.7102430555555556,1227.5418500846192,0.0,
mppi_coast,mppi_lqr,300.0,1800.0,0.1,0.125,5.0,7.5,10.0,10.0,10,100.0,inf,cone,both,5000.0,10.0,0.01,30.0,0.01,256,20,3,0.5,0.1,0.99,10.0,256,20,0,128,0,5.0,7.5,299.57256271760895,8171.130388733163,0.6500868055555555,1328.8073547701383,0.0,
mppi_coast,mppi_lqr,300.0,1800.0,0.1,0.125,5.0,10.0,10.0,10.0,10,100.0,inf,cone,both,5000.0,10.0,0.01,30.0,0.01,256,20,3,0.5,0.1,0.99,10.0,256,20,0,128,0,5.0,10.0,299.5725926140123,11060.10739625795,0.5522135416666667,1540.1880643094255,0.0,
mppi_coast,mppi_lqr,300.0,1800.0,0.1,0.125,5.0,inf,10.0,10.0,10,100.0,inf,cone,both,5000.0,10.0,0.01,30.0,0.01,256,20,3,0.5,0.1,0.99,10.0,256,20,0,128,0,5.0,21.47660925558449,299.5725926140123,16499.051240269506,0.4987413194444444,2001.8734091051335,0.0,
mppi_coast,mppi_lqr,300.0,1800.0,0.1,0.15,5.0,1.25,10.0,10.0,10,100.0,inf,cone,both,5000.0,10.0,0.01,30.0,0.01,256,20,3,0.5,0.1,0.99,10.0,256,20,0,128,89,4.376510205621166,1.25,91.53690643516587,979.514830019784,0.7118489583333333,344.3042727763993,0.6953125,490.0
mppi_coast,mppi_lqr,300.0,1800.0,0.1,0.15,5.0,2.5,10.0,10.0,10,100.0,inf,cone,both,5000.0,10.0,0.01,30.0,0.01,256,20,3,0.5,0.1,0.99,10.0,256,20,0,128,29,5.0,2.5,88.72768913563634,2106.5284830899222,0.7479075823643411,570.5220560446381,0.2265625,710.0
mppi_coast,mppi_lqr,300.0,1800.0,0.1,0.15,5.0,3.75,10.0,10.0,10,100.0,inf,cone,both,5000.0,10.0,0.01,30.0,0.01,256,20,3,0.5,0.1,0.99,10.0,256,20,0,128,1,5.0,3.75,224.38620568834403,2686.8538298414774,0.7623208023927392,794.7011818075785,0.0078125,1010.0
mppi_coast,mppi_lqr,300.0,1800.0,0.1,0.15,5.0,4.5,10.0,10.0,10,100.0,inf,cone,both,5000.0,10.0,0.01,30.0,0.01,256,20,3,0.5,0.1,0.99,10.0,256,20,0,128,0,5.0,4.5,292.6231335591379,3506.206331642868,0.7848090277777777,817.9843384111268,0.0,
mppi_coast,mppi_lqr,300.0,1800.0,0.1,0.15,5.0,5.0,10.0,10.0,10,100.0,inf,cone,both,5000.0,10.0,0.01,30.0,0.01,256,20,3,0.5,0.1,0.99,10.0,256,20,0,128,0,5.0,5.0,299.1000023029213,4512.313639292757,0.7772569444444445,948.1357700001358,0.0,
mppi_coast,mppi_lqr,300.0,1800.0,0.1,0.15,5.0,5.5,10.0,10.0,10,100.0,inf,cone,both,5000.0,10.0,0.01,30.0,0.01,256,20,3,0.5,0.1,0.99,10.0,256,20,0,128,0,5.0,5.5,299.0996706124113,5355.881217319288,0.7712239583333333,1004.419018218406,0.0,
mppi_coast,mppi_lqr,300.0,1800.0,0.1,0.15,5.0,6.25,10.0,10.0,10,100.0,inf,cone,both,5000.0,10.0,0.01,30.0,0.01,256,20,3,0.5,0.1,0.99,10.0,256,20,0,128,0,5.0,6.25,299.1680482344397,6569.28971819558,0.7345920138888888,1096.743749210818,0.0,
mppi_coast,mppi_lqr,300.0,1800.0,0.1,0.15,5.0,7.5,10.0,10.0,10,100.0,inf,cone,both,5000.0,10.0,0.01,30.0,0.01,256,20,3,0.5,0.1,0.99,10.0,256,20,0,128,0,5.0,7.5,299.3429402000643,8519.697830692694,0.6519965277777777,1246.9603026005916,0.0,
mppi_coast,mppi_lqr,300.0,1800.0,0.1,0.15,5.0,10.0,10.0,10.0,10,100.0,inf,cone,both,5000.0,10.0,0.01,30.0,0.01,256,20,3,0.5,0.1,0.99,10.0,256,20,0,128,0,5.0,10.0,299.34828329975625,11917.131032133451,0.537109375,1483.2041135009144,0.0,
mppi_coast,mppi_lqr,300.0,1800.0,0.1,0.15,5.0,inf,10.0,10.0,10,100.0,inf,cone,both,5000.0,10.0,0.01,30.0,0.01,256,20,3,0.5,0.1,0.99,10.0,256,20,0,128,0,5.0,25.767695757517803,299.3482832068481,20578.07595900364,0.4668402777777777,2337.8367006900994,0.0,
mppi_coast,mppi_lqr,300.0,1800.0,0.1,0.2,5.0,1.25,10.0,10.0,10,100.0,inf,cone,both,5000.0,10.0,0.01,30.0,0.01,256,20,3,0.5,0.1,0.99,10.0,256,20,0,128,92,4.442252662483464,1.25,85.95061018801921,936.866969718956,0.7338162067507777,320.500015914508,0.71875,510.0
mppi_coast,mppi_lqr,300.0,1800.0,0.1,0.2,5.0,2.5,10.0,10.0,10,100.0,inf,cone,both,5000.0,10.0,0.01,30.0,0.01,256,20,3,0.5,0.1,0.99,10.0,256,20,0,128,12,5.0,2.5,96.17236780681216,2356.037911919402,0.7398809523809524,587.6671717511875,0.09375,785.0
mppi_coast,mppi_lqr,300.0,1800.0,0.1,0.2,5.0,3.75,10.0,10.0,10,100.0,inf,cone,both,5000.0,10.0,0.01,30.0,0.01,256,20,3,0.5,0.1,0.99,10.0,256,20,0,128,0,5.0,3.75,247.80689921335028,2871.3959988914644,0.7563802083333333,800.073477530809,0.0,
mppi_coast,mppi_lqr,300.0,1800.0,0.1,0.2,5.0,4.5,10.0,10.0,10,100.0,inf,cone,both,5000.0,10.0,0.01,30.0,0.01,256,20,3,0.5,0.1,0.99,10.0,256,20,0,128,0,5.0,4.5,285.6530842050476,4146.706722255782,0.7475260416666667,1057.4536572234897,0.0,
mppi_coast,mppi_lqr,300.0,1800.0,0.1,0.2,5.0,5.0,10.0,10.0,10,100.0,inf,cone,both,5000.0,10.0,0.01,30.0,0.01,256,20,3,0.5,0.1,0.99,10.0,256,20,0,128,0,5.0,5.0,297.0581635813621,4942.274471215117,0.7677951388888888,1050.3287688151006,0.0,
mppi_coast,mppi_lqr,300.0,1800.0,0.1,0.2,5.0,5.5,10.0,10.0,10,100.0,inf,cone,both,5000.0,10.0,0.01,30.0,0.01,256,20,3,0.5,0.1,0.99,10.0,256,20,0,128,0,5.0,5.5,294.63126196784424,5895.418847128096,0.7543836805555556,1088.381735593133,0.0,
mppi_coast,mppi_lqr,300.0,1800.0,0.1,0.2,5.0,6.25,10.0,10.0,10,100.0,inf,cone,both,5000.0,10.0,0.01,30.0,0.01,256,20,3,0.5,0.1,0.99,10.0,256,20,0,128,0,5.0,6.25,297.8613064000037,7316.5632743651395,0.6956163194444445,1243.3568167674794,0.0,
mppi_coast,mppi_lqr,300.0,1800.0,0.1,0.2,5.0,7.5,10.0,10.0,10,100.0,inf,cone,both,5000.0,10.0,0.01,30.0,0.01,256,20,3,0.5,0.1,0.99,10.0,256,20,0,128,0,5.0,7.5,297.0664975365605,9675.226414694487,0.6007378472222222,1501.4895860685658,0.0,
mppi_coast,mppi_lqr,300.0,1800.0,0.1,0.2,5.0,10.0,10.0,10.0,10,100.0,inf,cone,both,5000.0,10.0,0.01,30.0,0.01,256,20,3,0.5,0.1,0.99,10.0,256,20,0,128,0,5.0,10.0,297.1320236138713,13620.966908913297,0.4674479166666667,1818.2456525872776,0.0,
mppi_coast,mppi_lqr,300.0,1800.0,0.1,0.2,5.0,inf,10.0,10.0,10,100.0,inf,cone,both,5000.0,10.0,0.01,30.0,0.01,256,20,3,0.5,0.1,0.99,10.0,256,20,0,128,0,5.0,34.326569664004765,297.11639059754054,29706.964236687683,0.3804253472222222,3810.588943063277,0.0,
mppi_coast,random,300.0,1800.0,0.1,0.025,5.0,1.25,10.0,10.0,10,100.0,inf,cone,both,5000.0,10.0,0.01,30.0,0.01,256,20,3,0.5,0.1,0.99,10.0,256,20,0,128,89,3.133026997128634,0.7645776436054751,23.094368148910025,188.83631669239853,0.7407118055555556,46.193141074315854,0.6953125,290.0
mppi_coast,random,300.0,1800.0,0.1,0.025,5.0,2.5,10.0,10.0,10,100.0,inf,cone,both,5000.0,10.0,0.01,30.0,0.01,256,20,3,0.5,0.1,0.99,10.0,256,20,0,128,89,3.133026997128634,1.1454370186054752,23.29694124207328,195.52884248407915,0.7328993055555556,48.84396356264089,0.6953125,290.0
mppi_coast,random,300.0,1800.0,0.1,0.025,5.0,3.75,10.0,10.0,10,100.0,inf,cone,both,5000.0,10.0,0.01,30.0,0.01,256,20,3,0.5,0.1,0.99,10.0,256,20,0,128,89,3.133026997128634,1.4120076002001292,23.29694124207328,195.460427005539,0.7323784722222222,48.96913676584981,0.6953125,290.0
mppi_coast,random,300.0,1800.0,0.1,0.025,5.0,4.5,10.0,10.0,10,100.0,inf,cone,both,5000.0,10.0,0.01,30.0,0.01,256,20,3,0.5,0.1,0.99,10.0,256,20,0,128,89,3.133026997128634,1.4120076002001292,23.29694124207328,195.460427005539,0.7323784722222222,48.96913676584981,0.6953125,290.0
mppi_coast,random,300.0,1800.0,0.1,0.025,5.0,5.0,10.0,10.0,10,100.0,inf,cone,both,5000.0,10.0,0.01,30.0,0.01,256,20,3,0.5,0.1,0.99,10.0,256,20,0,128,89,3.133026997128634,1.4120076002001292,23.29694124207328,195.460427005539,0.7323784722222222,48.96913676584981,0.6953125,290.0
mppi_coast,random,300.0,1800.0,0.1,0.025,5.0,5.5,10.0,10.0,10,100.0,inf,cone,both,5000.0,10.0,0.01,30.0,0.01,256,20,3,0.5,0.1,0.99,10.0,256,20,0,128,89,3.133026997128634,1.4120076002001292,23.29694124207328,195.460427005539,0.7323784722222222,48.96913676584981,0.6953125,290.0
mppi_coast,random,300.0,1800.0,0.1,0.025,5.0,6.25,10.0,10.0,10,100.0,inf,cone,both,5000.0,10.0,0.01,30.0,0.01,256,20,3,0.5,0.1,0.99,10.0,256,20,0,128,89,3.133026997128634,1.4120076002001292,23.29694124207328,195.460427005539,0.7323784722222222,48.96913676584981,0.6953125,290.0
mppi_coast,random,300.0,1800.0,0.1,0.025,5.0,7.5,10.0,10.0,10,100.0,inf,cone,both,5000.0,10.0,0.01,30.0,0.01,256,20,3,0.5,0.1,0.99,10.0,256,20,0,128,89,3.133026997128634,1.4120076002001292,23.29694124207328,195.460427005539,0.7323784722222222,48.96913676584981,0.6953125,290.0
mppi_coast,random,300.0,1800.0,0.1,0.025,5.0,10.0,10.0,10.0,10,100.0,inf,cone,both,5000.0,10.0,0.01,30.0,0.01,256,20,3,0.5,0.1,0.99,10.0,256,20,0,128,89,3.133026997128634,1.4120076002001292,23.29694124207328,195.460427005539,0.7323784722222222,48.96913676584981,0.6953125,290.0
mppi_coast,random,300.0,1800.0,0.1,0.025,5.0,inf,10.0,10.0,10,100.0,inf,cone,both,5000.0,10.0,0.01,30.0,0.01,256,20,3,0.5,0.1,0.99,10.0,256,20,0,128,89,3.133026997128634,1.4120076002001292,23.29694124207328,195.460427005539,0.7323784722222222,48.96913676584981,0.6953125,290.0
mppi_coast,random,300.0,1800.0,0.1,0.05,5.0,1.25,10.0,10.0,10,100.0,inf,cone,both,5000.0,10.0,0.01,30.0,0.01,256,20,3,0.5,0.1,0.99,10.0,256,20,0,128,89,3.159248775897917,1.1618486019189571,26.156505698460787,215.306661217482,0.7423611111111111,60.06933151194773,0.6953125,300.0
mppi_coast,random,300.0,1800.0,0.1,0.05,5.0,2.5,10.0,10.0,10,100.0,inf,cone,both,5000.0,10.0,0.01,30.0,0.01,256,20,3,0.5,0.1,0.99,10.0,256,20,0,128,90,3.159170753975027,1.54526446305692,25.136704214221897,232.31747429147487,0.7493055555555556,61.785919812097326,0.703125,300.0
mppi_coast,random,300.0,1800.0,0.1,0.05,5.0,3.75,10.0,10.0,10,100.0,inf,cone,both,5000.0,10.0,0.01,30.0,0.01,256,20,3,0.5,0.1,0.99,10.0,256,20,0,128,90,3.159170753975027,1.9235414503851889,25.387598545910897,239.1552212933556,0.7462239583333333,62.76387056924811,0.703125,300.0
mppi_coast,random,300.0,1800.0,0.1,0.05,5.0,4.5,10.0,10.0,10,100.0,inf,cone,both,5000.0,10.0,0.01,30.0,0.01,256,20,3,0.5,0.1,0.99,10.0,256,20,0,128,90,3.159170753975027,2.1461977003851884,25.388025157659,243.2191801226947,0.7490017361111111,61.77339090944544,0.703125,300.0
mppi_coast,random,300.0,1800.0,0.1,0.05,5.0,5.0,10.0,10.0,10,100.0,inf,cone,both,5000.0,10.0,0.01,30.0,0.01,256,20,3,0.5,0.1,0.99,10.0,256,20,0,128,90,3.159170753975027,2.2946352003851884,25.388025157659,246.3516078411012,0.7501302083333333,61.88514423264878,0.703125,300.0
mppi_coast,random,300.0,1800.0,0.1,0.05,5.0,5.5,10.0,10.0,10,100.0,inf,cone,both,5000.0,10.0,0.01,30.0,0.01,256,20,3,0.5,0.1,0.99,10.0,256,20,0,128,90,3.159170753975027,2.4430727003851884,25.388025157659,245.32704855081343,0.75,61.79923363266122,0.703125,300.0
mppi_coast,random,300.0,1800.0,0.1,0.05,5.0,6.25,10.0,10.0,10,100.0,inf,cone,both,5000.0,10.0,0.01,30.0,0.01,256,20,3,0.5,0.1,0.99,10.0,256,20,0,128,90,3.159170753975027,2.6657289503851884,25.388025157659,245.6891765956186,0.7500868055555555,61.91843058381987,0.703125,300.0
mppi_coast,random,300.0,1800.0,0.1,0.05,5.0,7.5,10.0,10.0,10,100.0,inf,cone,both,5000.0,10.0,0.01,30.0,0.01,256,20,3,0.5,0.1,0.99,10.0,256,20,0,128,90,3.159170753975027,2.814420853299588,25.388025157659,246.0110861203997,0.7500868055555555,61.90881354235039,0.703125,300.0
mppi_coast,random,300.0,1800.0,0.1,0.05,5.0,10.0,10.0,10.0,10,100.0,inf,cone,both,5000.0,10.0,0.01,30.0,0.01,256,20,3,0.5,0.1,0.99,10.0,256,20,0,128,90,3.159170753975027,2.814420853299588,25.388025157659,246.0110861203997,0.7500868055555555,61.90881354235039,0.703125,300.0
mppi_coast,random,300.0,1800.0,0.1,0.05,5.0,inf,10.0,10.0,10,100.0,inf,cone,both,5000.0,10.0,0.01,30.0,0.01,256,20,3,0.5,0.1,0.99,10.0,256,20,0,128,90,3.159170753975027,2.814420853299588,25.388025157659,246.0110861203997,0.7500868055555555,61.90881354235039,0.703125,300.0
mppi_coast,random,300.0,1800.0,0.1,0.075,5.0,1.25,10.0,10.0,10,100.0,inf,cone,both,5000.0,10.0,0.01,30.0,0.01,256,20,3,0.5,0.1,0.99,10.0,256,20,0,128,89,3.1786653199152206,1.25,29.474704969558964,258.3956692656234,0.7239583333333334,80.19841939750616,0.6953125,300.0
mppi_coast,random,300.0,1800.0,0.1,0.075,5.0,2.5,10.0,10.0,10,100.0,inf,cone,both,5000.0,10.0,0.01,30.0,0.01,256,20,3,0.5,0.1,0.99,10.0,256,20,0,128,89,3.186668910162298,1.9474895095729223,27.836822517733182,269.7533757459755,0.747265625,80.96735590682212,0.6953125,300.0
mppi_coast,random,300.0,1800.0,0.1,0.075,5.0,3.75,10.0,10.0,10,100.0,inf,cone,both,5000.0,10.0,0.01,30.0,0.01,256,20,3,0.5,0.1,0.99,10.0,256,20,0,128,89,3.186668910162298,2.328348884572922,27.92933684901434,295.29272300858344,0.7512586805555556,83.19890990037209,0.6953125,300.0
mppi_coast,random,300.0,1800.0,0.1,0.075,5.0,4.5,10.0,10.0,10,100.0,inf,cone,both,5000.0,10.0,0.01,30.0,0.01,256,20,3,0.5,0.1,0.99,10.0,256,20,0,128,89,3.186668910162298,2.556864509572922,27.771383810939405,305.470989364418,0.7440104166666667,87.09984589525273,0.6953125,300.0
mppi_coast,random,300.0,1800.0,0.1,0.075,5.0,5.0,10.0,10.0,10,100.0,inf,cone,both,5000.0,10.0,0.01,30.0,0.01,256,20,3,0.5,0.1,0.99,10.0,256,20,0,128,89,3.186668910162298,2.709208259572922,27.640645912125112,316.3986544015136,0.748828125,85.03292640093214,0.6953125,300.0
mppi_coast,random,300.0,1800.0,0.1,0.075,5.0,5.5,10.0,10.0,10,100.0,inf,cone,both,5000.0,10.0,0.01,30.0,0.01,256,20,3,0.5,0.1,0.99,10.0,256,20,0,128,89,3.186668910162298,2.861552009572922,27.660438195732706,309.21616131053634,0.7505642361111111,84.08485528078029,0.6953125,300.0
mppi_coast,random,300.0,1800.0,0.1,0.075,5.0,6.25,10.0,10.0,10,100.0,inf,cone,both,5000.0,10.0,0.01,30.0,0.01,256,20,3,0.5,0.1,0.99,10.0,256,20,0,128,89,3.186668910162298,3.090067634572922,27.66221172260356,310.054080758732,0.752734375,82.1598072079272,0.6953125,300.0
mppi_coast,random,300.0,1800.0,0.1,0.075,5.0,7.5,10.0,10.0,10,100.0,inf,cone,both,5000.0,10.0,0.01,30.0,0.01,256,20,3,0.5,0.1,0.99,10.0,256,20,0,128,89,3.186668910162298,3.470927009572922,27.66221172260356,319.2253813507777,0.7530815972222222,82.86792766026615,0.6953125,300.0
mppi_coast,random,300.0,1800.0,0.1,0.075,5.0,10.0,10.0,10.0,10,100.0,inf,cone,both,5000.0,10.0,0.01,30.0,0.01,256,20,3,0.5,0.1,0.99,10.0,256,20,0,128,89,3.186668910162298,4.2251934844487495,27.66221172260356,319.08945868639125,0.75234375,83.7106727274027,0.6953125,300.0
mppi_coast,random,300.0,1800.0,0.1,0.075,5.0,inf,10.0,10.0,10,100.0,inf,cone,both,5000.0,10.0,0.01,30.0,0.01,256,20,3,0.5,0.1,0.99,10.0,256,20,0,128,89,3.186668910162298,4.2706387543568844,27.66221172260356,319.2114033033401,0.75234375,83.71054861030545,0.6953125,300.0
mppi_coast,random,300.0,1800.0,0.1,0.09,5.0,1.25,10.0,10.0,10,100.0,inf,cone,both,5000.0,10.0,0.01,30.0,0.01,256,20,3,0.5,0.1,0.99,10.0,256,20,0,128,91,3.2124650277349294,1.25,28.76544031262473,268.13120089220905,0.7297044101731601,88.53462647612426,0.7109375,310.0
mppi_coast,random,300.0,1800.0,0.1,0.09,5.0,2.5,10.0,10.0,10,100.0,inf,cone,both,5000.0,10.0,0.01,30.0,0.01,256,20,3,0.5,0.1,0.99,10.0,256,20,0,128,92,3.229099996505417,2.237421354181288,29.07737115722862,274.570922265781,0.7438966378234104,90.7496936693627,0.71875,310.0
mppi_coast,random,300.0,1800.0,0.1,0.09,5.0,3.75,10.0,10.0,10,100.0,inf,cone,both,5000.0,10.0,0.01,30.0,0.01,256,20,3,0.5,0.1,0.99,10.0,256,20,0,128,91,3.2291022326722816,2.6049922820723683,28.84183952724874,298.26745196872184,0.7550062859195402,91.48675703516273,0.7109375,310.0
mppi_coast,random,300.0,1800.0,0.1,0.09,5.0,4.5,10.0,10.0,10,100.0,inf,cone,both,5000.0,10.0,0.01,30.0,0.01,256,20,3,0.5,0.1,0.99,10.0,256,20,0,128,91,3.2291022326722816,2.8217891570723683,29.22397925917569,313.67365574308667,0.7616469109195402,91.05479356175424,0.7109375,310.0
mppi_coast,random,300.0,1800.0,0.1,0.09,5.0,5.0,10.0,10.0,10,100.0,inf,cone,both,5000.0,10.0,0.01,30.0,0.01,256,20,3,0.5,0.1,0.99,10.0,256,20,0,128,91,3.2291022326722816,2.9663204070723683,29.242707662268067,317.6283040147241,0.7544854525862069,98.08677581691204,0.7109375,310.0
mppi_coast,random,300.0,1800.0,0.1,0.09,5.0,5.5,10.0,10.0,10,100.0,inf,cone,both,5000.0,10.0,0.01,30.0,0.01,256,20,3,0.5,0.1,0.99,10.0,256,20,0,128,91,3.2291022326722816,3.1108516570723683,29.212980416819985,326.7458850180852,0.7480618414750958,101.00072554013518,0.7109375,310.0
mppi_coast,random,300.0,1800.0,0.1,0.09,5.0,6.25,10.0,10.0,10,100.0,inf,cone,both,5000.0,10.0,0.01,30.0,0.01,256,20,3,0.5,0.1,0.99,10.0,256,20,0,128,91,3.2291022326722816,3.3276485320723683,29.123468108950444,333.5303612482576,0.7524021192528736,97.02692665271948,0.7109375,310.0
mppi_coast,random,300.0,1800.0,0.1,0.09,5.0,7.5,10.0,10.0,10,100.0,inf,cone,both,5000.0,10.0,0.01,30.0,0.01,256,20,3,0.5,0.1,0.99,10.0,256,20,0,128,91,3.2291022326722816,3.688976657072368,29.12363549147466,325.5032328760175,0.7560913553639846,93.17800518163244,0.7109375,310.0
mppi_coast,random,300.0,1800.0,0.1,0.09,5.0,10.0,10.0,10.0,10,100.0,inf,cone,both,5000.0,10.0,0.01,30.0,0.01,256,20,3,0.5,0.1,0.99,10.0,256,20,0,128,91,3.2291022326722816,4.411632907072368,29.12363549147466,336.41270751242945,0.7562649664750958,94.10119778062857,0.7109375,310.0
mppi_coast,random,300.0,1800.0,0.1,0.09,5.0,inf,10.0,10.0,10,100.0,inf,cone,both,5000.0,10.0,0.01,30.0,0.01,256,20,3,0.5,0.1,0.99,10.0,256,20,0,128,91,3.2291022326722816,5.0282988704563,29.12363549147466,337.4334539034058,0.7556573275862069,95.15611716046676,0.7109375,310.0
mppi_coast,random,300.0,1800.0,0.1,0.1,5.0,1.25,10.0,10.0,10,100.0,inf,cone,both,5000.0,10.0,0.01,30.0,0.01,256,20,3,0.5,0.1,0.99,10.0,256,20,0,128,91,3.2099437714072288,1.25,29.52623320040013,266.371884542532,0.7372647622267298,88.41387242174441,0.7109375,310.0
mppi_coast,random,300.0,1800.0,0.1,0.1,5.0,2.5,10.0,10.0,10,100.0,inf,cone,both,5000.0,10.0,0.01,30.0,0.01,256,20,3,0.5,0.1,0.99,10.0,256,20,0,128,90,3.2634759232168524,2.367385630828684,30.18500860105851,301.1960496006216,0.7441224011156187,98.41747815245697,0.703125,320.0
mppi_coast,random,300.0,1800.0,0.1,0.1,5.0,3.75,10.0,10.0,10,100.0,inf,cone,both,5000.0,10.0,0.01,30.0,0.01,256,20,3,0.5,0.1,0.99,10.0,256,20,0,128,90,3.265562467686,2.789366833094847,30.382356454240533,311.24197671729314,0.7587491372267298,94.83092405439947,0.703125,320.0
mppi_coast,random,300.0,1800.0,0.1,0.1,5.0,4.5,10.0,10.0,10,100.0,inf,cone,both,5000.0,10.0,0.01,30.0,0.01,256,20,3,0.5,0.1,0.99,10.0,256,20,0,128,90,3.265562467686,3.012023083094847,30.82510945279011,335.8639628059576,0.7563185816711742,101.86295773821774,0.703125,320.0
mppi_coast,random,300.0,1800.0,0.1,0.1,5.0,5.0,10.0,10.0,10,100.0,inf,cone,both,5000.0,10.0,0.01,30.0,0.01,256,20,3,0.5,0.1,0.99,10.0,256,20,0,128,90,3.265562467686,3.160460583094847,30.65700490993843,343.7079563377998,0.7624383733378409,99.0976648675981,0.703125,320.0
mppi_coast,random,300.0,1800.0,0.1,0.1,5.0,5.5,10.0,10.0,10,100.0,inf,cone,both,5000.0,10.0,0.01,30.0,0.01,256,20,3,0.5,0.1,0.99,10.0,256,20,0,128,90,3.265562467686,3.308898083094847,30.724526854252392,345.52962713609,0.7575772622267297,103.24925405025628,0.703125,320.0
mppi_coast,random,300.0,1800.0,0.1,0.1,5.0,6.25,10.0,10.0,10,100.0,inf,cone,both,5000.0,10.0,0.01,30.0,0.01,256,20,3,0.5,0.1,0.99,10.0,256,20,0,128,90,3.265562467686,3.531554333094847,30.65518062577278,358.7946342993977,0.7491571233378409,110.1554478228177,0.703125,320.0
mppi_coast,random,300.0,1800.0,0.1,0.1,5.0,7.5,10.0,10.0,10,100.0,inf,cone,both,5000.0,10.0,0.01,30.0,0.01,256,20,3,0.5,0.1,0.99,10.0,256,20,0,128,90,3.265562467686,3.902648083094847,30.57168350246021,357.33855166166325,0.7547560816711743,104.0440063755208,0.703125,320.0
mppi_coast,random,300.0,1800.0,0.1,0.1,5.0,10.0,10.0,10.0,10,100.0,inf,cone,both,5000.0,10.0,0.01,30.0,0.01,256,20,3,0.5,0.1,0.99,10.0,256,20,0,128,90,3.265562467686,4.644835583094848,30.57168350246021,366.95422614359126,0.7568828177822853,102.61092051501528,0.703125,320.0
mppi_coast,random,300.0,1800.0,0.1,0.1,5.0,inf,10.0,10.0,10,100.0,inf,cone,both,5000.0,10.0,0.01,30.0,0.01,256,20,3,0.5,0.1,0.99,10.0,256,20,0,128,90,3.265562467686,5.675623046856942,30.57168350246021,368.8526026097749,0.7561883733378408,103.77198629495796,0.703125,320.0
mppi_coast,random,300.0,1800.0,0.1,0.11,5.0,1.25,10.0,10.0,10,100.0,inf,cone,both,5000.0,10.0,0.01,30.0,0.01,256,20,3,0.5,0.1,0.99,10.0,256,20,0,128,91,3.2230016026879778,1.25,30.25505903155645,277.4643770493564,0.7246409406565657,99.6951238049809,0.7109375,310.0
mppi_coast,random,300.0,1800.0,0.1,0.11,5.0,2.5,10.0,10.0,10,100.0,inf,cone,both,5000.0,10.0,0.01,30.0,0.01,256,20,3,0.5,0.1,0.99,10.0,256,20,0,128,90,3.295563055414398,2.455705188623499,32.346951010109514,332.24101803249005,0.7238162878787879,114.00956379623656,0.703125,320.0
mppi_coast,random,300.0,1800.0,0.1,0.11,5.0,3.75,10.0,10.0,10,100.0,inf,cone,both,5000.0,10.0,0.01,30.0,0.01,256,20,3,0.5,0.1,0.99,10.0,256,20,0,128,90,3.299878931153833,2.978241952471696,31.544544935657285,329.5634582396334,0.7566721906565657,101.17818983518411,0.703125,320.0
mppi_coast,random,300.0,1800.0,0.1,0.11,5.0,4.5,10.0,10.0,10,100.0,inf,cone,both,5000.0,10.0,0.01,30.0,0.01,256,20,3,0.5,0.1,0.99,10.0,256,20,0,128,90,3.2991020863752136,3.2075290396705056,31.54541724962974,344.9091070384383,0.7564551767676768,107.21491103895794,0.703125,320.0
mppi_coast,random,300.0,1800.0,0.1,0.11,5.0,5.0,10.0,10.0,10,100.0,inf,cone,both,5000.0,10.0,0.01,30.0,0.01,256,20,3,0.5,0.1,0.99,10.0,256,20,0,128,90,3.2991020863752136,3.3570104280410447,32.32341670285622,361.4011292329478,0.756802398989899,110.55059656516468,0.703125,320.0
mppi_coast,random,300.0,1800.0,0.1,0.11,5.0,5.5,10.0,10.0,10,100.0,inf,cone,both,5000.0,10.0,0.01,30.0,0.01,256,20,3,0.5,0.1,0.99,10.0,256,20,0,128,90,3.2991020863752136,3.5054479280410447,32.2168636178369,367.7675364303388,0.7594933712121212,108.77298041668446,0.703125,320.0
mppi_coast,random,300.0,1800.0,0.1,0.11,5.0,6.25,10.0,10.0,10,100.0,inf,cone,both,5000.0,10.0,0.01,30.0,0.01,256,20,3,0.5,0.1,0.99,10.0,256,20,0,128,90,3.2991020863752136,3.7281041780410447,32.175679705682896,376.7261270617328,0.7512034406565656,117.79792519379411,0.703125,320.0
mppi_coast,random,300.0,1800.0,0.1,0.11,5.0,7.5,10.0,10.0,10,100.0,inf,cone,both,5000.0,10.0,0.01,30.0,0.01,256,20,3,0.5,0.1,0.99,10.0,256,20,0,128,90,3.2991020863752136,4.099197928041044,32.15130717852665,397.681903786302,0.7507260101010101,117.42015878924464,0.703125,320.0
mppi_coast,random,300.0,1800.0,0.1,0.11,5.0,10.0,10.0,10.0,10,100.0,inf,cone,both,5000.0,10.0,0.01,30.0,0.01,256,20,3,0.5,0.1,0.99,10.0,256,20,0,128,90,3.2991020863752136,4.841385428041044,32.15311015508796,389.5655248063308,0.7571062184343434,110.55482383093906,0.703125,320.0
mppi_coast,random,300.0,1800.0,0.1,0.11,5.0,inf,10.0,10.0,10,100.0,inf,cone,both,5000.0,10.0,0.01,30.0,0.01,256,20,3,0.5,0.1,0.99,10.0,256,20,0,128,90,3.2991020863752136,6.273255661677891,32.15311015508796,398.98014513371874,0.7565419823232323,112.48674695563663,0.703125,320.0
mppi_coast,random,300.0,1800.0,0.1,0.125,5.0,1.25,10.0,10.0,10,100.0,inf,cone,both,5000.0,10.0,0.01,30.0,0.01,256,20,3,0.5,0.1,0.99,10.0,256,20,0,128,92,3.202079948761348,1.25,31.163361050792872,288.01159473903147,0.7367140380666923,101.46264595262512,0.71875,320.0
mppi_coast,random,300.0,1800.0,0.1,0.125,5.0,2.5,10.0,10.0,10,100.0,inf,cone,both,5000.0,10.0,0.01,30.0,0.01,256,20,3,0.5,0.1,0.99,10.0,256,20,0,128,92,3.304211194546517,2.4947503397328923,33.64497113053432,346.4055847969696,0.7287953624580463,122.97696302019344,0.71875,325.0
mppi_coast,random,300.0,1800.0,0.1,0.125,5.0,3.75,10.0,10.0,10,100.0,inf,cone,both,5000.0,10.0,0.01,30.0,0.01,256,20,3,0.5,0.1,0.99,10.0,256,20,0,128,89,3.3612370652266983,3.2676534712835803,33.98815181201596,365.7365071099732,0.7497543278176502,115.20385486533416,0.6953125,320.0
mppi_coast,random,300.0,1800.0,0.1,0.125,5.0,4.5,10.0,10.0,10,100.0,inf,cone,both,5000.0,10.0,0.01,30.0,0.01,256,20,3,0.5,0.1,0.99,10.0,256,20,0,128,90,3.360231194388481,3.518668995805761,32.980510921669165,365.776823192398,0.7580876611509835,111.77309264116514,0.703125,325.0
mppi_coast,random,300.0,1800.0,0.1,0.125,5.0,5.0,10.0,10.0,10,100.0,inf,cone,both,5000.0,10.0,0.01,30.0,0.01,256,20,3,0.5,0.1,0.99,10.0,256,20,0,128,89,3.360894710925217,3.675682265506409,33.58018292099891,378.2718224093893,0.7588255083732057,115.28859310412602,0.6953125,320.0
mppi_coast,random,300.0,1800.0,0.1,0.125,5.0,5.5,10.0,10.0,10,100.0,inf,cone,both,5000.0,10.0,0.01,30.0,0.01,256,20,3,0.5,0.1,0.99,10.0,256,20,0,128,89,3.3608943418959485,3.82942785714281,33.74826251968025,396.8845649383351,0.7563949528176502,120.527462267626,0.6953125,320.0
mppi_coast,random,300.0,1800.0,0.1,0.125,5.0,6.25,10.0,10.0,10,100.0,inf,cone,both,5000.0,10.0,0.01,30.0,0.01,256,20,3,0.5,0.1,0.99,10.0,256,20,0,128,89,3.3608943418959485,4.05794348214281,33.887136073306465,406.98937703506175,0.7590859250398724,119.57318852380668,0.6953125,320.0
mppi_coast,random,300.0,1800.0,0.1,0.125,5.0,7.5,10.0,10.0,10,100.0,inf,cone,both,5000.0,10.0,0.01,30.0,0.01,256,20,3,0.5,0.1,0.99,10.0,256,20,0,128,89,3.3608943418959485,4.43880285714281,33.85319065760593,418.58306397601945,0.7490598833732057,128.51708254802003,0.6953125,320.0
mppi_coast,random,300.0,1800.0,0.1,0.125,5.0,10.0,10.0,10.0,10,100.0,inf,cone,both,5000.0,10.0,0.01,30.0,0.01,256,20,3,0.5,0.1,0.99,10.0,256,20,0,128,89,3.3608943418959485,5.20052160714281,33.85319065760593,429.97991032834494,0.7554834944843168,122.41489469623863,0.6953125,320.0
mppi_coast,random,300.0,1800.0,0.1,0.125,5.0,inf,10.0,10.0,10,100.0,inf,cone,both,5000.0,10.0,0.01,30.0,0.01,256,20,3,0.5,0.1,0.99,10.0,256,20,0,128,89,3.3608943418959485,7.285246695002982,33.85319065760593,445.6205795841138,0.7556137028176502,124.409546147177,0.6953125,320.0
mppi_coast,random,300.0,1800.0,0.1,0.15,5.0,1.25,10.0,10.0,10,100.0,inf,cone,both,5000.0,10.0,0.01,30.0,0.01,256,20,3,0.5,0.1,0.99,10.0,256,20,0,128,92,3.2222488361573207,1.25,34.42061772475629,309.958313962402,0.7230112008902316,113.0143650867391,0.71875,310.0
mppi_coast,random,300.0,1800.0,0.1,0.15,5.0,2.5,10.0,10.0,10,100.0,inf,cone,both,5000.0,10.0,0.01,30.0,0.01,256,20,3,0.5,0.1,0.99,10.0,256,20,0,128,92,3.315776424027917,2.5,36.78081979130703,376.68036233550026,0.7302090675908521,134.2976758049184,0.71875,330.0
mppi_coast,random,300.0,1800.0,0.1,0.15,5.0,3.75,10.0,10.0,10,100.0,inf,cone,both,5000.0,10.0,0.01,30.0,0.01,256,20,3,0.5,0.1,0.99,10.0,256,20,0,128,90,3.4842399243801987,3.5999974325454955,36.05894630131384,398.1383289328254,0.7379781648130743,140.8279504105422,0.703125,340.0
mppi_coast,random,300.0,1800.0,0.1,0.15,5.0,4.5,10.0,10.0,10,100.0,inf,cone,both,5000.0,10.0,0.01,30.0,0.01,256,20,3,0.5,0.1,0.99,10.0,256,20,0,128,90,3.527827763752164,3.995454198819388,36.79679276397904,406.9716665059729,0.748177292806199,134.6767578744508,0.703125,340.0
mppi_coast,random,300.0,1800.0,0.1,0.15,5.0,5.0,10.0,10.0,10,100.0,inf,cone,both,5000.0,10.0,0.01,30.0,0.01,256,20,3,0.5,0.1,0.99,10.0,256,20,0,128,89,3.5401169858540857,4.195426745225375,36.64557138184716,422.3002453947406,0.7401477789173102,139.9242655546075,0.6953125,340.0
mppi_coast,random,300.0,1800.0,0.1,0.15,5.0,5.5,10.0,10.0,10,100.0,inf,cone,both,5000.0,10.0,0.01,30.0,0.01,256,20,3,0.5,0.1,0.99,10.0,256,20,0,128,90,3.542310015875311,4.386721652428361,36.32699795862351,422.14396114996697,0.756988056695088,131.27009169080023,0.703125,340.0
mppi_coast,random,300.0,1800.0,0.1,0.15,5.0,6.25,10.0,10.0,10,100.0,inf,cone,both,5000.0,10.0,0.01,30.0,0.01,256,20,3,0.5,0.1,0.99,10.0,256,20,0,128,86,3.542715507087068,4.662492992415735,36.62723265128658,463.0167860920396,0.7408856261395323,146.3867578874382,0.671875,335.0
mppi_coast,random,300.0,1800.0,0.1,0.15,5.0,7.5,10.0,10.0,10,100.0,inf,cone,both,5000.0,10.0,0.01,30.0,0.01,256,20,3,0.5,0.1,0.99,10.0,256,20,0,128,84,3.5426130802539526,5.101653664762915,37.00106539463736,495.35616592768497,0.748177292806199,145.60192282532068,0.65625,330.0
mppi_coast,random,300.0,1800.0,0.1,0.15,5.0,10.0,10.0,10.0,10,100.0,inf,cone,both,5000.0,10.0,0.01,30.0,0.01,256,20,3,0.5,0.1,0.99,10.0,256,20,0,128,84,3.5426130802539526,5.961028664762915,36.96870303752147,553.4497860529116,0.7432727789173101,157.075091544065,0.65625,330.0
mppi_coast,random,300.0,1800.0,0.1,0.15,5.0,inf,10.0,10.0,10,100.0,inf,cone,both,5000.0,10.0,0.01,30.0,0.01,256,20,3,0.5,0.1,0.99,10.0,256,20,0,128,84,3.5426130802539526,9.475773685980585,36.96870303752147,557.0551211282759,0.7447050705839768,151.58141757676592,0.65625,330.0
mppi_coast,random,300.0,1800.0,0.1,0.2,5.0,1.25,10.0,10.0,10,100.0,inf,cone,both,5000.0,10.0,0.01,30.0,0.01,256,20,3,0.5,0.1,0.99,10.0,256,20,0,128,92,3.3092655635458548,1.25,38.84949992154551,344.2525670069149,0.7207867303507425,130.31117538327945,0.71875,330.0
mppi_coast,random,300.0,1800.0,0.1,0.2,5.0,2.5,10.0,10.0,10,100.0,inf,cone,both,5000.0,10.0,0.01,30.0,0.01,256,20,3,0.5,0.1,0.99,10.0,256,20,0,128,93,3.3757510579999157,2.5,41.36902306999483,415.69903681033935,0.7353993370639241,158.8469287670784,0.7265625,340.0
mppi_coast,random,300.0,1800.0,0.1,0.2,5.0,3.75,10.0,10.0,10,100.0,inf,cone,both,5000.0,10.0,0.01,30.0,0.01,256,20,3,0.5,0.1,0.99,10.0,256,20,0,128,90,3.6739100768913073,3.75,43.42729928297072,496.8007401869841,0.7358348511430638,180.77447751354424,0.703125,370.0
mppi_coast,random,300.0,1800.0,0.1,0.2,5.0,4.5,10.0,10.0,10,100.0,inf,cone,both,5000.0,10.0,0.01,30.0,0.01,256,20,3,0.5,0.1,0.99,10.0,256,20,0,128,87,3.879657947772974,4.477069077184567,42.88236562138032,531.982857344756,0.736294011822267,191.4531125307556,0.6796875,390.0
mppi_coast,random,300.0,1800.0,0.1,0.2,5.0,5.0,10.0,10.0,10,100.0,inf,cone,both,5000.0,10.0,0.01,30.0,0.01,256,20,3,0.5,0.1,0.99,10.0,256,20,0,128,84,3.967000363472667,4.930150382646663,43.54117289521977,520.5014447567863,0.7433624336615731,182.75185877256584,0.65625,400.0
mppi_coast,random,300.0,1800.0,0.1,0.2,5.0,5.5,10.0,10.0,10,100.0,inf,cone,both,5000.0,10.0,0.01,30.0,0.01,256,20,3,0.5,0.1,0.99,10.0,256,20,0,128,82,4.090056992540368,5.358734970040249,44.04143317960151,529.553339676692,0.7342559256398657,187.8109253140799,0.640625,410.0
mppi_coast,random,300.0,1800.0,0.1,0.2,5.0,6.25,10.0,10.0,10,100.0,inf,cone,both,5000.0,10.0,0.01,30.0,0.01,256,20,3,0.5,0.1,0.99,10.0,256,20,0,128,78,4.141795510527501,5.918195554644865,44.36078176388287,553.3035539474541,0.7333488899672052,184.0672168100276,0.609375,400.0
mppi_coast,random,300.0,1800.0,0.1,0.2,5.0,7.5,10.0,10.0,10,100.0,inf,cone,both,5000.0,10.0,0.01,30.0,0.01,256,20,3,0.5,0.1,0.99,10.0,256,20,0,128,79,4.17014330674501,6.711423933923375,44.56832580547912,565.6156778763815,0.7479130483540379,176.07438306178852,0.6171875,400.0
mppi_coast,random,300.0,1800.0,0.1,0.2,5.0,10.0,10.0,10.0,10,100.0,inf,cone,both,5000.0,10.0,0.01,30.0,0.01,256,20,3,0.5,0.1,0.99,10.0,256,20,0,128,62,4.181426586373229,8.071125884152643,45.923488184671406,752.7618532943169,0.7512656853004248,188.62469761721377,0.484375,390.0
mppi_coast,random,300.0,1800.0,0.1,0.2,5.0,inf,10.0,10.0,10,100.0,inf,cone,both,5000.0,10.0,0.01,30.0,0.01,256,20,3,0.5,0.1,0.99,10.0,256,20,0,128,62,4.181426586373229,16.80091280210932,45.79931857952225,923.23436297918,0.7492691575226471,193.59376843137997,0.484375,390.0
mppi_coast,transverse,300.0,1800.0,0.1,0.025,5.0,1.25,10.0,10.0,10,100.0,inf,cone,both,5000.0,10.0,0.01,30.0,0.01,256,20,3,0.5,0.1,0.99,10.0,256,20,0,128,94,3.256916193836792,0.9226562500000002,35.03957362412034,409.21548922118205,0.7369986679740573,149.373856117286,0.734375,300.0
mppi_coast,transverse,300.0,1800.0,0.1,0.025,5.0,2.5,10.0,10.0,10,100.0,inf,cone,both,5000.0,10.0,0.01,30.0,0.01,256,20,3,0.5,0.1,0.99,10.0,256,20,0,128,86,3.256916193836792,1.3328125000000002,35.20419754115059,549.2274759311578,0.744854570751835,167.2681454963577,0.671875,300.0
mppi_coast,transverse,300.0,1800.0,0.1,0.025,5.0,3.75,10.0,10.0,10,100.0,inf,cone,both,5000.0,10.0,0.01,30.0,0.01,256,20,3,0.5,0.1,0.99,10.0,256,20,0,128,86,3.256916193836792,1.7429687500000002,35.20419754115059,613.4467915261415,0.744854570751835,172.7368587550398,0.671875,300.0
mppi_coast,transverse,300.0,1800.0,0.1,0.025,5.0,4.5,10.0,10.0,10,100.0,inf,cone,both,5000.0,10.0,0.01,30.0,0.01,256,20,3,0.5,0.1,0.99,10.0,256,20,0,128,86,3.256916193836792,1.989062499999999,35.20419754115059,618.4658930085917,0.744854570751835,172.8430098652918,0.671875,300.0
mppi_coast,transverse,300.0,1800.0,0.1,0.025,5.0,5.0,10.0,10.0,10,100.0,inf,cone,both,5000.0,10.0,0.01,30.0,0.01,256,20,3,0.5,0.1,0.99,10.0,256,20,0,128,86,3.256916193836792,1.989062499999999,35.20419754115059,618.4658930085917,0.744854570751835,172.8430098652918,0.671875,300.0
mppi_coast,transverse,300.0,1800.0,0.1,0.025,5.0,5.5,10.0,10.0,10,100.0,inf,cone,both,5000.0,10.0,0.01,30.0,0.01,256,20,3,0.5,0.1,0.99,10.0,256,20,0,128,86,3.256916193836792,1.989062499999999,35.20419754115059,618.4658930085917,0.744854570751835,172.8430098652918,0.671875,300.0
mppi_coast,transverse,300.0,1800.0,0.1,0.025,5.0,6.25,10.0,10.0,10,100.0,inf,cone,both,5000.0,10.0,0.01,30.0,0.01,256,20,3,0.5,0.1,0.99,10.0,256,20,0,128,86,3.256916193836792,1.989062499999999,35.20419754115059,618.4658930085917,0.744854570751835,172.8430098652918,0.671875,300.0
mppi_coast,transverse,300.0,1800.0,0.1,0.025,5.0,7.5,10.0,10.0,10,100.0,inf,cone,both,5000.0,10.0,0.01,30.0,0.01,256,20,3,0.5,0.1,0.99,10.0,256,20,0,128,86,3.256916193836792,1.989062499999999,35.20419754115059,618.4658930085917,0.744854570751835,172.8430098652918,0.671875,300.0
mppi_coast,transverse,300.0,1800.0,0.1,0.025,5.0,10.0,10.0,10.0,10,100.0,inf,cone,both,5000.0,10.0,0.01,30.0,0.01,256,20,3,0.5,0.1,0.99,10.0,256,20,0,128,86,3.256916193836792,1.989062499999999,35.20419754115059,618.4658930085917,0.744854570751835,172.8430098652918,0.671875,300.0
mppi_coast,transverse,300.0,1800.0,0.1,0.025,5.0,inf,10.0,10.0,10,100.0,inf,cone,both,5000.0,10.0,0.01,30.0,0.01,256,20,3,0.5,0.1,0.99,10.0,256,20,0,128,86,3.256916193836792,1.989062499999999,35.20419754115059,618.4658930085917,0.744854570751835,172.8430098652918,0.671875,300.0
mppi_coast,transverse,300.0,1800.0,0.1,0.05,5.0,1.25,10.0,10.0,10,100.0,inf,cone,both,5000.0,10.0,0.01,30.0,0.01,256,20,3,0.5,0.1,0.99,10.0,256,20,0,128,98,4.011884672500798,1.25,45.71016619937093,684.0222386446941,0.7575797725057594,249.69925139090668,0.765625,400.0
mppi_coast,transverse,300.0,1800.0,0.1,0.05,5.0,2.5,10.0,10.0,10,100.0,inf,cone,both,5000.0,10.0,0.01,30.0,0.01,256,20,3,0.5,0.1,0.99,10.0,256,20,0,128,28,4.998341137831633,2.5,59.41484385070988,951.3450575997368,0.7717988672586521,292.0030907944782,0.21875,720.0
mppi_coast,transverse,300.0,1800.0,0.1,0.05,5.0,3.75,10.0,10.0,10,100.0,inf,cone,both,5000.0,10.0,0.01,30.0,0.01,256,20,3,0.5,0.1,0.99,10.0,256,20,0,128,1,4.999624344968683,3.74296875,75.25984420476478,2068.516750080969,0.7821180555555556,295.5139869130405,0.0078125,570.0
mppi_coast,transverse,300.0,1800.0,0.1,0.05,5.0,4.5,10.0,10.0,10,100.0,inf,cone,both,5000.0,10.0,0.01,30.0,0.01,256,20,3,0.5,0.1,0.99,10.0,256,20,0,128,1,4.999624344968683,4.487109375,75.25984420476478,2460.747965351463,0.7814670138888888,310.1869966048958,0.0078125,570.0
mppi_coast,transverse,300.0,1800.0,0.1,0.05,5.0,5.0,10.0,10.0,10,100.0,inf,cone,both,5000.0,10.0,0.01,30.0,0.01,256,20,3,0.5,0.1,0.99,10.0,256,20,0,128,1,4.999624344968683,4.983203125,75.25984420476478,2652.866203135672,0.7814236111111111,314.5808502414781,0.0078125,570.0
mppi_coast,transverse,300.0,1800.0,0.1,0.05,5.0,5.5,10.0,10.0,10,100.0,inf,cone,both,5000.0,10.0,0.01,30.0,0.01,256,20,3,0.5,0.1,0.99,10.0,256,20,0,128,1,4.999624344968683,5.479296875,75.25984420476478,2805.923439087329,0.7811197916666667,318.3661054111527,0.0078125,570.0
mppi_coast,transverse,300.0,1800.0,0.1,0.05,5.0,6.25,10.0,10.0,10,100.0,inf,cone,both,5000.0,10.0,0.01,30.0,0.01,256,20,3,0.5,0.1,0.99,10.0,256,20,0,128,1,4.999624344968683,6.2234375,75.25984420476478,2974.4890808410933,0.7786024305555556,329.9356437888646,0.0078125,570.0
mppi_coast,transverse,300.0,1800.0,0.1,0.05,5.0,7.5,10.0,10.0,10,100.0,inf,cone,both,5000.0,10.0,0.01,30.0,0.01,256,20,3,0.5,0.1,0.99,10.0,256,20,0,128,1,4.999624344968683,7.463671875,75.25984420476478,3126.9432382590303,0.7786024305555556,332.434907867455,0.0078125,570.0
mppi_coast,transverse,300.0,1800.0,0.1,0.05,5.0,10.0,10.0,10.0,10,100.0,inf,cone,both,5000.0,10.0,0.01,30.0,0.01,256,20,3,0.5,0.1,0.99,10.0,256,20,0,128,1,4.999624344968683,8.951953124999992,75.25984420476478,3166.8074453743584,0.778515625,333.7687537517557,0.0078125,570.0
mppi_coast,transverse,300.0,1800.0,0.1,0.05,5.0,inf,10.0,10.0,10,100.0,inf,cone,both,5000.0,10.0,0.01,30.0,0.01,256,20,3,0.5,0.1,0.99,10.0,256,20,0,128,1,4.999624344968683,8.951953124999992,75.25984420476478,3166.8074453743584,0.778515625,333.7687537517557,0.0078125,570.0
mppi_coast,transverse,300.0,1800.0,0.1,0.075,5.0,1.25,10.0,10.0,10,100.0,inf,cone,both,5000.0,10.0,0.01,30.0,0.01,256,20,3,0.5,0.1,0.99,10.0,256,20,0,128,98,3.5823984925733265,1.25,51.849015766848375,725.5478235987644,0.7588715515113541,271.4829616355836,0.765625,370.0
mppi_coast,transverse,300.0,1800.0,0.1,0.075,5.0,2.5,10.0,10.0,10,100.0,inf,cone,both,5000.0,10.0,0.01,30.0,0.01,256,20,3,0.5,0.1,0.99,10.0,256,20,0,128,74,4.9921636104852185,2.5,56.30039201699868,1285.0071166237583,0.7647367571594277,410.71549137757927,0.578125,675.0
mppi_coast,transverse,300.0,1800.0,0.1,0.075,5.0,3.75,10.0,10.0,10,100.0,inf,cone,both,5000.0,10.0,0.01,30.0,0.01,256,20,3,0.5,0.1,0.99,10.0,256,20,0,128,0,5.0,3.75,150.6743401936633,2070.612444400775,0.7694010416666667,443.37572750210734,0.0,
mppi_coast,transverse,300.0,1800.0,0.1,0.075,5.0,4.5,10.0,10.0,10,100.0,inf,cone,both,5000.0,10.0,0.01,30.0,0.01,256,20,3,0.5,0.1,0.99,10.0,256,20,0,128,0,5.0,4.5,150.6743401936633,2929.5769976857327,0.7756076388888888,435.8086826948812,0.0,
mppi_coast,transverse,300.0,1800.0,0.1,0.075,5.0,5.0,10.0,10.0,10,100.0,inf,cone,both,5000.0,10.0,0.01,30.0,0.01,256,20,3,0.5,0.1,0.99,10.0,256,20,0,128,0,5.0,5.0,150.6743401936633,3369.759839614187,0.7763454861111111,434.6220188379769,0.0,
mppi_coast,transverse,300.0,1800.0,0.1,0.075,5.0,5.5,10.0,10.0,10,100.0,inf,cone,both,5000.0,10.0,0.01,30.0,0.01,256,20,3,0.5,0.1,0.99,10.0,256,20,0,128,0,5.0,5.5,150.6743401936633,3704.176152356929,0.7807291666666667,437.2923118689218,0.0,
mppi_coast,transverse,300.0,1800.0,0.1,0.075,5.0,6.25,10.0,10.0,10,100.0,inf,cone,both,5000.0,10.0,0.01,30.0,0.01,256,20,3,0.5,0.1,0.99,10.0,256,20,0,128,0,5.0,6.25,150.6743401936633,4073.785716637412,0.7796875,444.8975777299914,0.0,
mppi_coast,transverse,300.0,1800.0,0.1,0.075,5.0,7.5,10.0,10.0,10,100.0,inf,cone,both,5000.0,10.0,0.01,30.0,0.01,256,20,3,0.5,0.1,0.99,10.0,256,20,0,128,0,5.0,7.5,150.6743401936633,4518.451367508887,0.7727864583333334,457.5580265999562,0.0,
mppi_coast,transverse,300.0,1800.0,0.1,0.075,5.0,10.0,10.0,10.0,10,100.0,inf,cone,both,5000.0,10.0,0.01,30.0,0.01,256,20,3,0.5,0.1,0.99,10.0,256,20,0,128,0,5.0,10.0,150.6743401936633,5082.347993521731,0.7633246527777777,481.2002826467789,0.0,
mppi_coast,transverse,300.0,1800.0,0.1,0.075,5.0,inf,10.0,10.0,10,100.0,inf,cone,both,5000.0,10.0,0.01,30.0,0.01,256,20,3,0.5,0.1,0.99,10.0,256,20,0,128,0,5.0,13.49999999999996,150.6743401936633,5284.481215402349,0.7614149305555555,489.5775068141325,0.0,
mppi_coast,transverse,300.0,1800.0,0.1,0.09,5.0,1.25,10.0,10.0,10,100.0,inf,cone,both,5000.0,10.0,0.01,30.0,0.01,256,20,3,0.5,0.1,0.99,10.0,256,20,0,128,98,3.667103270346032,1.25,54.70310197729828,737.5652473492279,0.7601069597937985,277.70377193714364,0.765625,380.0
mppi_coast,transverse,300.0,1800.0,0.1,0.09,5.0,2.5,10.0,10.0,10,100.0,inf,cone,both,5000.0,10.0,0.01,30.0,0.01,256,20,3,0.5,0.1,0.99,10.0,256,20,0,128,68,4.99533393785107,2.5,60.137878596473925,1473.1447196247914,0.7641768647141857,466.4254144055544,0.53125,650.0
mppi_coast,transverse,300.0,1800.0,0.1,0.09,5.0,3.75,10.0,10.0,10,100.0,inf,cone,both,5000.0,10.0,0.01,30.0,0.01,256,20,3,0.5,0.1,0.99,10.0,256,20,0,128,0,5.0,3.75,187.8958478849712,2054.6601996518325,0.7672309027777777,510.9365841874235,0.0,
mppi_coast,transverse,300.0,1800.0,0.1,0.09,5.0,4.5,10.0,10.0,10,100.0,inf,cone,both,5000.0,10.0,0.01,30.0,0.01,256,20,3,0.5,0.1,0.99,10.0,256,20,0,128,0,5.0,4.5,188.9018693685032,2934.3165015645536,0.7682725694444444,529.2136605072873,0.0,
mppi_coast,transverse,300.0,1800.0,0.1,0.09,5.0,5.0,10.0,10.0,10,100.0,inf,cone,both,5000.0,10.0,0.01,30.0,0.01,256,20,3,0.5,0.1,0.99,10.0,256,20,0,128,0,5.0,5.0,188.9018693685032,3495.899877430093,0.7724826388888889,528.2430342586705,0.0,
mppi_coast,transverse,300.0,1800.0,0.1,0.09,5.0,5.5,10.0,10.0,10,100.0,inf,cone,both,5000.0,10.0,0.01,30.0,0.01,256,20,3,0.5,0.1,0.99,10.0,256,20,0,128,0,5.0,5.5,188.9018693685032,3992.000046147777,0.7736545138888888,512.151068885945,0.0,
mppi_coast,transverse,300.0,1800.0,0.1,0.09,5.0,6.25,10.0,10.0,10,100.0,inf,cone,both,5000.0,10.0,0.01,30.0,0.01,256,20,3,0.5,0.1,0.99,10.0,256,20,0,128,0,5.0,6.25,188.9018693685032,4586.263671261913,0.7761284722222223,517.0275509274383,0.0,
mppi_coast,transverse,300.0,1800.0,0.1,0.09,5.0,7.5,10.0,10.0,10,100.0,inf,cone,both,5000.0,10.0,0.01,30.0,0.01,256,20,3,0.5,0.1,0.99,10.0,256,20,0,128,0,5.0,7.5,188.9018693685032,5272.728481022462,0.7595920138888889,530.7978656557573,0.0,
mppi_coast,transverse,300.0,1800.0,0.1,0.09,5.0,10.0,10.0,10.0,10,100.0,inf,cone,both,5000.0,10.0,0.01,30.0,0.01,256,20,3,0.5,0.1,0.99,10.0,256,20,0,128,0,5.0,10.0,188.9018693685032,6098.911482711647,0.7297309027777777,584.2816781002548,0.0,
mppi_coast,transverse,300.0,1800.0,0.1,0.09,5.0,inf,10.0,10.0,10,100.0,inf,cone,both,5000.0,10.0,0.01,30.0,0.01,256,20,3,0.5,0.1,0.99,10.0,256,20,0,128,0,5.0,16.19999999999998,188.9018693685032,6699.196496350645,0.7146701388888889,612.1783683698463,0.0,
mppi_coast,transverse,300.0,1800.0,0.1,0.1,5.0,1.25,10.0,10.0,10,100.0,inf,cone,both,5000.0,10.0,0.01,30.0,0.01,256,20,3,0.5,0.1,0.99,10.0,256,20,0,128,98,3.6273107096932486,1.25,56.31763009674045,742.8946208516504,0.7597401206933424,280.548309666018,0.765625,380.0
mppi_coast,transverse,300.0,1800.0,0.1,0.1,5.0,2.5,10.0,10.0,10,100.0,inf,cone,both,5000.0,10.0,0.01,30.0,0.01,256,20,3,0.5,0.1,0.99,10.0,256,20,0,128,76,4.985805589137479,2.5,62.0272176418196,1477.3446549169066,0.7630768893598497,486.5689879131124,0.59375,640.0
mppi_coast,transverse,300.0,1800.0,0.1,0.1,5.0,3.75,10.0,10.0,10,100.0,inf,cone,both,5000.0,10.0,0.01,30.0,0.01,256,20,3,0.5,0.1,0.99,10.0,256,20,0,128,0,5.0,3.75,196.13149289574483,2060.68482137645,0.7657552083333333,561.8697455126083,0.0,
mppi_coast,transverse,300.0,1800.0,0.1,0.1,5.0,4.5,10.0,10.0,10,100.0,inf,cone,both,5000.0,10.0,0.01,30.0,0.01,256,20,3,0.5,0.1,0.99,10.0,256,20,0,128,0,5.0,4.5,201.8967284118453,2943.224231842169,0.7671440972222222,572.4443523972725,0.0,
mppi_coast,transverse,300.0,1800.0,0.1,0.1,5.0,5.0,10.0,10.0,10,100.0,inf,cone,both,5000.0,10.0,0.01,30.0,0.01,256,20,3,0.5,0.1,0.99,10.0,256,20,0,128,0,5.0,5.0,201.8967284118453,3530.616389030942,0.7675347222222222,584.9911084007715,0.0,
mppi_coast,transverse,300.0,1800.0,0.1,0.1,5.0,5.5,10.0,10.0,10,100.0,inf,cone,both,5000.0,10.0,0.01,30.0,0.01,256,20,3,0.5,0.1,0.99,10.0,256,20,0,128,0,5.0,5.5,201.8967284118453,4082.7862447212974,0.7716145833333333,597.2876223035837,0.0,
mppi_coast,transverse,300.0,1800.0,0.1,0.1,5.0,6.25,10.0,10.0,10,100.0,inf,cone,both,5000.0,10.0,0.01,30.0,0.01,256,20,3,0.5,0.1,0.99,10.0,256,20,0,128,0,5.0,6.25,201.8967284118453,4789.694765389193,0.7734809027777778,565.4050231767507,0.0,
mppi_coast,transverse,300.0,1800.0,0.1,0.1,5.0,7.5,10.0,10.0,10,100.0,inf,cone,both,5000.0,10.0,0.01,30.0,0.01,256,20,3,0.5,0.1,0.99,10.0,256,20,0,128,0,5.0,7.5,201.8967284118453,5630.086676693459,0.7496961805555555,577.1332476334547,0.0,
mppi_coast,transverse,300.0,1800.0,0.1,0.1,5.0,10.0,10.0,10.0,10,100.0,inf,cone,both,5000.0,10.0,0.01,30.0,0.01,256,20,3,0.5,0.1,0.99,10.0,256,20,0,128,0,5.0,10.0,201.8967284118453,6591.096168300506,0.7106770833333333,622.6893015658761,0.0,
mppi_coast,transverse,300.0,1800.0,0.1,0.1,5.0,inf,10.0,10.0,10,100.0,inf,cone,both,5000.0,10.0,0.01,30.0,0.01,256,20,3,0.5,0.1,0.99,10.0,256,20,0,128,0,5.0,17.999999999999986,201.8967284118453,7514.547019293302,0.6797743055555555,673.0447192756523,0.0,
mppi_coast,transverse,300.0,1800.0,0.1,0.11,5.0,1.25,10.0,10.0,10,100.0,inf,cone,both,5000.0,10.0,0.01,30.0,0.01,256,20,3,0.5,0.1,0.99,10.0,256,20,0,128,98,3.623611919088323,1.25,57.524646199957616,747.5893871418317,0.7606398956130522,282.9782080002781,0.765625,390.0
mppi_coast,transverse,300.0,1800.0,0.1,0.11,5.0,2.5,10.0,10.0,10,100.0,inf,cone,both,5000.0,10.0,0.01,30.0,0.01,256,20,3,0.5,0.1,0.99,10.0,256,20,0,128,73,4.98627613316182,2.5,63.60276130045459,1568.096663008923,0.7625866436910912,502.5114713130567,0.5703125,630.0
mppi_coast,transverse,300.0,1800.0,0.1,0.11,5.0,3.75,10.0,10.0,10,100.0,inf,cone,both,5000.0,10.0,0.01,30.0,0.01,256,20,3,0.5,0.1,0.99,10.0,256,20,0,128,0,5.0,3.75,204.5930945383617,2084.4479742210933,0.7651041666666667,598.4532880437114,0.0,
mppi_coast,transverse,300.0,1800.0,0.1,0.11,5.0,4.5,10.0,10.0,10,100.0,inf,cone,both,5000.0,10.0,0.01,30.0,0.01,256,20,3,0.5,0.1,0.99,10.0,256,20,0,128,0,5.0,4.5,219.1507314234045,2952.4040271951867,0.7661892361111111,614.4052310460206,0.0,
mppi_coast,transverse,300.0,1800.0,0.1,0.11,5.0,5.0,10.0,10.0,10,100.0,inf,cone,both,5000.0,10.0,0.01,30.0,0.01,256,20,3,0.5,0.1,0.99,10.0,256,20,0,128,0,5.0,5.0,219.1507314234045,3554.42564254876,0.766796875,642.6877271247662,0.0,
mppi_coast,transverse,300.0,1800.0,0.1,0.11,5.0,5.5,10.0,10.0,10,100.0,inf,cone,both,5000.0,10.0,0.01,30.0,0.01,256,20,3,0.5,0.1,0.99,10.0,256,20,0,128,0,5.0,5.5,219.1507314234045,4132.391403181423,0.7671006944444444,656.4327436687104,0.0,
mppi_coast,transverse,300.0,1800.0,0.1,0.11,5.0,6.25,10.0,10.0,10,100.0,inf,cone,both,5000.0,10.0,0.01,30.0,0.01,256,20,3,0.5,0.1,0.99,10.0,256,20,0,128,0,5.0,6.25,219.1507314234045,4920.51433337096,0.7734375,624.6048705019438,0.0,
mppi_coast,transverse,300.0,1800.0,0.1,0.11,5.0,7.5,10.0,10.0,10,100.0,inf,cone,both,5000.0,10.0,0.01,30.0,0.01,256,20,3,0.5,0.1,0.99,10.0,256,20,0,128,0,5.0,7.5,219.1507314234045,5933.332105423989,0.741796875,624.4492265109063,0.0,
mppi_coast,transverse,300.0,1800.0,0.1,0.11,5.0,10.0,10.0,10.0,10,100.0,inf,cone,both,5000.0,10.0,0.01,30.0,0.01,256,20,3,0.5,0.1,0.99,10.0,256,20,0,128,0,5.0,10.0,219.1507314234045,7119.712060014975,0.6883246527777778,676.3096570874734,0.0,
mppi_coast,transverse,300.0,1800.0,0.1,0.11,5.0,inf,10.0,10.0,10,100.0,inf,cone,both,5000.0,10.0,0.01,30.0,0.01,256,20,3,0.5,0.1,0.99,10.0,256,20,0,128,0,5.0,19.79999999999995,219.1507314234045,8444.736340047042,0.6434895833333333,763.7711057729117,0.0,
mppi_coast,transverse,300.0,1800.0,0.1,0.125,5.0,1.25,10.0,10.0,10,100.0,inf,cone,both,5000.0,10.0,0.01,30.0,0.01,256,20,3,0.5,0.1,0.99,10.0,256,20,0,128,98,3.5881747236517825,1.25,58.822421887850325,751.451205533109,0.7602486823349673,285.519521129877,0.765625,380.0
mppi_coast,transverse,300.0,1800.0,0.1,0.125,5.0,2.5,10.0,10.0,10,100.0,inf,cone,both,5000.0,10.0,0.01,30.0,0.01,256,20,3,0.5,0.1,0.99,10.0,256,20,0,128,75,4.987489093698282,2.5,65.7222252829154,1605.9039985569937,0.762177178652605,519.4002063187521,0.5859375,640.0
mppi_coast,transverse,300.0,1800.0,0.1,0.125,5.0,3.75,10.0,10.0,10,100.0,inf,cone,both,5000.0,10.0,0.01,30.0,0.01,256,20,3,0.5,0.1,0.99,10.0,256,20,0,128,0,5.0,3.75,207.59975343576284,2167.9680553288867,0.7645833333333333,655.4637672859835,0.0,
mppi_coast,transverse,300.0,1800.0,0.1,0.125,5.0,4.5,10.0,10.0,10,100.0,inf,cone,both,5000.0,10.0,0.01,30.0,0.01,256,20,3,0.5,0.1,0.99,10.0,256,20,0,128,0,5.0,4.5,230.47045194064376,3019.313220971896,0.7651475694444444,699.3459271962873,0.0,
mppi_coast,transverse,300.0,1800.0,0.1,0.125,5.0,5.0,10.0,10.0,10,100.0,inf,cone,both,5000.0,10.0,0.01,30.0,0.01,256,20,3,0.5,0.1,0.99,10.0,256,20,0,128,0,5.0,5.0,231.32877829491352,3615.162453569129,0.7657986111111111,719.839453935103,0.0,
mppi_coast,transverse,300.0,1800.0,0.1,0.125,5.0,5.5,10.0,10.0,10,100.0,inf,cone,both,5000.0,10.0,0.01,30.0,0.01,256,20,3,0.5,0.1,0.99,10.0,256,20,0,128,0,5.0,5.5,231.32877829491352,4191.185521884155,0.7663194444444444,737.4317201399556,0.0,
mppi_coast,transverse,300.0,1800.0,0.1,0.125,5.0,6.25,10.0,10.0,10,100.0,inf,cone,both,5000.0,10.0,0.01,30.0,0.01,256,20,3,0.5,0.1,0.99,10.0,256,20,0,128,0,5.0,6.25,231.32877829491352,5014.628383156653,0.7676215277777778,723.9541375271315,0.0,
mppi_coast,transverse,300.0,1800.0,0.1,0.125,5.0,7.5,10.0,10.0,10,100.0,inf,cone,both,5000.0,10.0,0.01,30.0,0.01,256,20,3,0.5,0.1,0.99,10.0,256,20,0,128,0,5.0,7.5,231.32877829491352,6228.500941403636,0.73203125,708.9324429096722,0.0,
mppi_coast,transverse,300.0,1800.0,0.1,0.125,5.0,10.0,10.0,10.0,10,100.0,inf,cone,both,5000.0,10.0,0.01,30.0,0.01,256,20,3,0.5,0.1,0.99,10.0,256,20,0,128,0,5.0,10.0,231.32877829491352,7860.638730063915,0.6515625,770.7240118663361,0.0,
mppi_coast,transverse,300.0,1800.0,0.1,0.125,5.0,inf,10.0,10.0,10,100.0,inf,cone,both,5000.0,10.0,0.01,30.0,0.01,256,20,3,0.5,0.1,0.99,10.0,256,20,0,128,0,5.0,22.5,231.32877829491352,9957.661921268706,0.594140625,946.3519004546756,0.0,
mppi_coast,transverse,300.0,1800.0,0.1,0.15,5.0,1.25,10.0,10.0,10,100.0,inf,cone,both,5000.0,10.0,0.01,30.0,0.01,256,20,3,0.5,0.1,0.99,10.0,256,20,0,128,98,3.6100053820338474,1.25,60.891878471957256,755.9505048852113,0.7611767931798996,288.30290985421533,0.765625,380.0
mppi_coast,transverse,300.0,1800.0,0.1,0.15,5.0,2.5,10.0,10.0,10,100.0,inf,cone,both,5000.0,10.0,0.01,30.0,0.01,256,20,3,0.5,0.1,0.99,10.0,256,20,0,128,76,4.976733045652105,2.5,68.29757857900312,1645.681505890156,0.7636051184055965,538.5511068792115,0.59375,640.0
mppi_coast,transverse,300.0,1800.0,0.1,0.15,5.0,3.75,10.0,10.0,10,100.0,inf,cone,both,5000.0,10.0,0.01,30.0,0.01,256,20,3,0.5,0.1,0.99,10.0,256,20,0,128,1,5.0,3.75,199.3152051213987,2278.9959637436814,0.7644097222222223,730.1616345466249,0.0078125,630.0
mppi_coast,transverse,300.0,1800.0,0.1,0.15,5.0,4.5,10.0,10.0,10,100.0,inf,cone,both,5000.0,10.0,0.01,30.0,0.01,256,20,3,0.5,0.1,0.99,10.0,256,20,0,128,1,5.0,4.5,248.7112065169341,3122.567968858836,0.7644965277777778,778.9031317414224,0.0078125,960.0
mppi_coast,transverse,300.0,1800.0,0.1,0.15,5.0,5.0,10.0,10.0,10,100.0,inf,cone,both,5000.0,10.0,0.01,30.0,0.01,256,20,3,0.5,0.1,0.99,10.0,256,20,0,128,0,5.0,5.0,250.0767860357678,3757.61625820725,0.7648871527777777,808.9248048810406,0.0,
mppi_coast,transverse,300.0,1800.0,0.1,0.15,5.0,5.5,10.0,10.0,10,100.0,inf,cone,both,5000.0,10.0,0.01,30.0,0.01,256,20,3,0.5,0.1,0.99,10.0,256,20,0,128,0,5.0,5.5,250.34374927015557,4363.4605299894365,0.7654513888888889,832.6875014386519,0.0,
mppi_coast,transverse,300.0,1800.0,0.1,0.15,5.0,6.25,10.0,10.0,10,100.0,inf,cone,both,5000.0,10.0,0.01,30.0,0.01,256,20,3,0.5,0.1,0.99,10.0,256,20,0,128,0,5.0,6.25,250.34374927015557,5226.720627778114,0.7635850694444445,861.9327094217965,0.0,
mppi_coast,transverse,300.0,1800.0,0.1,0.15,5.0,7.5,10.0,10.0,10,100.0,inf,cone,both,5000.0,10.0,0.01,30.0,0.01,256,20,3,0.5,0.1,0.99,10.0,256,20,0,128,0,5.0,7.5,250.34374927015557,6557.031045110701,0.7244357638888889,864.9098919662412,0.0,
mppi_coast,transverse,300.0,1800.0,0.1,0.15,5.0,10.0,10.0,10.0,10,100.0,inf,cone,both,5000.0,10.0,0.01,30.0,0.01,256,20,3,0.5,0.1,0.99,10.0,256,20,0,128,0,5.0,10.0,250.34374927015557,8650.467813192987,0.6198350694444444,909.436564444379,0.0,
mppi_coast,transverse,300.0,1800.0,0.1,0.15,5.0,inf,10.0,10.0,10,100.0,inf,cone,both,5000.0,10.0,0.01,30.0,0.01,256,20,3,0.5,0.1,0.99,10.0,256,20,0,128,0,5.0,26.99999999999992,250.34374927015557,12132.136158729396,0.5393229166666667,1248.6580152618446,0.0,
mppi_coast,transverse,300.0,1800.0,0.1,0.2,5.0,1.25,10.0,10.0,10,100.0,inf,cone,both,5000.0,10.0,0.01,30.0,0.01,256,20,3,0.5,0.1,0.99,10.0,256,20,0,128,99,3.6440083465427127,1.25,60.97442724858189,745.9302985011458,0.768962445658907,284.58132199290816,0.7734375,390.0
mppi_coast,transverse,300.0,1800.0,0.1,0.2,5.0,2.5,10.0,10.0,10,100.0,inf,cone,both,5000.0,10.0,0.01,30.0,0.01,256,20,3,0.5,0.1,0.99,10.0,256,20,0,128,60,4.992442355005902,2.5,70.83702397790321,1768.0329449010828,0.7714582376407436,543.0828950720813,0.46875,640.0
mppi_coast,transverse,300.0,1800.0,0.1,0.2,5.0,3.75,10.0,10.0,10,100.0,inf,cone,both,5000.0,10.0,0.01,30.0,0.01,256,20,3,0.5,0.1,0.99,10.0,256,20,0,128,1,5.0,3.75,186.9427744421741,2410.95542279528,0.7721788194444444,769.4813615163395,0.0078125,650.0
mppi_coast,transverse,300.0,1800.0,0.1,0.2,5.0,4.5,10.0,10.0,10,100.0,inf,cone,both,5000.0,10.0,0.01,30.0,0.01,256,20,3,0.5,0.1,0.99,10.0,256,20,0,128,0,5.0,4.5,266.5602693333887,3264.811118776813,0.7721788194444444,869.8256810114389,0.0,
mppi_coast,transverse,300.0,1800.0,0.1,0.2,5.0,5.0,10.0,10.0,10,100.0,inf,cone,both,5000.0,10.0,0.01,30.0,0.01,256,20,3,0.5,0.1,0.99,10.0,256,20,0,128,0,5.0,5.0,269.3986758266414,3979.9067631097946,0.7721788194444444,923.9277510069056,0.0,
mppi_coast,transverse,300.0,1800.0,0.1,0.2,5.0,5.5,10.0,10.0,10,100.0,inf,cone,both,5000.0,10.0,0.01,30.0,0.01,256,20,3,0.5,0.1,0.99,10.0,256,20,0,128,0,5.0,5.5,270.727795423687,4652.658858761725,0.7721788194444444,968.4585652302646,0.0,
mppi_coast,transverse,300.0,1800.0,0.1,0.2,5.0,6.25,10.0,10.0,10,100.0,inf,cone,both,5000.0,10.0,0.01,30.0,0.01,256,20,3,0.5,0.1,0.99,10.0,256,20,0,128,0,5.0,6.25,270.7868355377893,5598.364619717112,0.7641493055555556,989.6852491406142,0.0,
mppi_coast,transverse,300.0,1800.0,0.1,0.2,5.0,7.5,10.0,10.0,10,100.0,inf,cone,both,5000.0,10.0,0.01,30.0,0.01,256,20,3,0.5,0.1,0.99,10.0,256,20,0,128,0,5.0,7.5,270.7868355377893,7031.681947692328,0.71640625,1049.142815520902,0.0,
mppi_coast,transverse,300.0,1800.0,0.1,0.2,5.0,10.0,10.0,10.0,10,100.0,inf,cone,both,5000.0,10.0,0.01,30.0,0.01,256,20,3,0.5,0.1,0.99,10.0,256,20,0,128,0,5.0,10.0,270.7868355377893,9571.674939758472,0.5994357638888889,1093.4519652047838,0.0,
mppi_coast,transverse,300.0,1800.0,0.1,0.2,5.0,inf,10.0,10.0,10,100.0,inf,cone,both,5000.0,10.0,0.01,30.0,0.01,256,20,3,0.5,0.1,0.99,10.0,256,20,0,128,0,5.0,35.99999999999997,270.7868355377893,16539.636309794412,0.4678385416666666,1946.4038562700337,0.0,
pd,flee,300.0,1800.0,0.1,0.025,5.0,1.25,10.0,10.0,10,100.0,inf,cone,both,5000.0,10.0,0.01,30.0,0.01,256,20,3,0.5,0.1,0.99,10.0,256,20,0,128,91,2.2433858579525614,1.25,64.6729471086847,690.4985042527578,0.7054843546461138,274.3081861324813,0.7109375,790.0
pd,flee,300.0,1800.0,0.1,0.025,5.0,2.5,10.0,10.0,10,100.0,inf,cone,both,5000.0,10.0,0.01,30.0,0.01,256,20,3,0.5,0.1,0.99,10.0,256,20,0,128,91,3.006015356500539,2.5,64.65452321659409,1076.493165035954,0.7067834645669291,386.9974736963599,0.7109375,1230.0
pd,flee,300.0,1800.0,0.1,0.025,5.0,3.75,10.0,10.0,10,100.0,inf,cone,both,5000.0,10.0,0.01,30.0,0.01,256,20,3,0.5,0.1,0.99,10.0,256,20,0,128,89,3.901956289335568,3.75,65.00777867059206,1278.833350540601,0.7080295138888889,418.9241815444601,0.6953125,1730.0
pd,flee,300.0,1800.0,0.1,0.025,5.0,4.5,10.0,10.0,10,100.0,inf,cone,both,5000.0,10.0,0.01,30.0,0.01,256,20,3,0.5,0.1,0.99,10.0,256,20,0,128,0,4.186328516452268,4.4999999999999964,78.27151321237395,1334.5901512312932,0.7080295138888889,420.7242425076151,0.0,
pd,flee,300.0,1800.0,0.1,0.025,5.0,5.0,10.0,10.0,10,100.0,inf,cone,both,5000.0,10.0,0.01,30.0,0.01,256,20,3,0.5,0.1,0.99,10.0,256,20,0,128,0,4.186328516452268,4.4999999999999964,78.27151321237395,1334.5901512312932,0.7080295138888889,420.7242425076151,0.0,
pd,flee,300.0,1800.0,0.1,0.025,5.0,5.5,10.0,10.0,10,100.0,inf,cone,both,5000.0,10.0,0.01,30.0,0.01,256,20,3,0.5,0.1,0.99,10.0,256,20,0,128,0,4.186328516452268,4.4999999999999964,78.27151321237395,1334.5901512312932,0.7080295138888889,420.7242425076151,0.0,
pd,flee,300.0,1800.0,0.1,0.025,5.0,6.25,10.0,10.0,10,100.0,inf,cone,both,5000.0,10.0,0.01,30.0,0.01,256,20,3,0.5,0.1,0.99,10.0,256,20,0,128,0,4.186328516452268,4.4999999999999964,78.27151321237395,1334.5901512312932,0.7080295138888889,420.7242425076151,0.0,
pd,flee,300.0,1800.0,0.1,0.025,5.0,7.5,10.0,10.0,10,100.0,inf,cone,both,5000.0,10.0,0.01,30.0,0.01,256,20,3,0.5,0.1,0.99,10.0,256,20,0,128,0,4.186328516452268,4.4999999999999964,78.27151321237395,1334.5901512312932,0.7080295138888889,420.7242425076151,0.0,
pd,flee,300.0,1800.0,0.1,0.025,5.0,10.0,10.0,10.0,10,100.0,inf,cone,both,5000.0,10.0,0.01,30.0,0.01,256,20,3,0.5,0.1,0.99,10.0,256,20,0,128,0,4.186328516452268,4.4999999999999964,78.27151321237395,1334.5901512312932,0.7080295138888889,420.7242425076151,0.0,
pd,flee,300.0,1800.0,0.1,0.025,5.0,inf,10.0,10.0,10,100.0,inf,cone,both,5000.0,10.0,0.01,30.0,0.01,256,20,3,0.5,0.1,0.99,10.0,256,20,0,128,0,4.186328516452268,4.4999999999999964,78.27151321237395,1334.5901512312932,0.7080295138888889,420.7242425076151,0.0,
pd,flee,300.0,1800.0,0.1,0.05,5.0,1.25,10.0,10.0,10,100.0,inf,cone,both,5000.0,10.0,0.01,30.0,0.01,256,20,3,0.5,0.1,0.99,10.0,256,20,0,128,92,2.8122496839331705,1.25,75.32003834026625,732.5508656375075,0.7247424926104361,301.1245696370116,0.71875,710.0
pd,flee,300.0,1800.0,0.1,0.05,5.0,2.5,10.0,10.0,10,100.0,inf,cone,both,5000.0,10.0,0.01,30.0,0.01,256,20,3,0.5,0.1,0.99,10.0,256,20,0,128,89,3.211849761709777,2.5,78.02562035128616,1290.9493556736134,0.7280815972222222,497.99369860946007,0.6953125,870.0
pd,flee,300.0,1800.0,0.1,0.05,5.0,3.75,10.0,10.0,10,100.0,inf,cone,both,5000.0,10.0,0.01,30.0,0.01,256,20,3,0.5,0.1,0.99,10.0,256,20,0,128,89,3.9861999706925726,3.75,81.17081944644679,1694.177518733636,0.7280815972222222,627.6853090008906,0.6953125,1090.0
pd,flee,300.0,1800.0,0.1,0.05,5.0,4.5,10.0,10.0,10,100.0,inf,cone,both,5000.0,10.0,0.01,30.0,0.01,256,20,3,0.5,0.1,0.99,10.0,256,20,0,128,27,4.261638801532079,4.5,95.40399239885444,1978.334630607805,0.7280815972222222,680.3153250209632,0.2109375,1180.0
pd,flee,300.0,1800.0,0.1,0.05,5.0,5.0,10.0,10.0,10,100.0,inf,cone,both,5000.0,10.0,0.01,30.0,0.01,256,20,3,0.5,0.1,0.99,10.0,256,20,0,128,0,4.261679964520424,5.0,116.66612531370671,2304.6446484521907,0.7280815972222222,707.211270262263,0.0,
pd,flee,300.0,1800.0,0.1,0.05,5.0,5.5,10.0,10.0,10,100.0,inf,cone,both,5000.0,10.0,0.01,30.0,0.01,256,20,3,0.5,0.1,0.99,10.0,256,20,0,128,0,4.261679964520424,5.5,116.71267182704706,2686.263900068966,0.7280815972222222,728.2324795293702,0.0,
pd,flee,300.0,1800.0,0.1,0.05,5.0,6.25,10.0,10.0,10,100.0,inf,cone,both,5000.0,10.0,0.01,30.0,0.01,256,20,3,0.5,0.1,0.99,10.0,256,20,0,128,0,4.261679964520424,6.25,116.71267182704706,3161.662575303013,0.7280815972222222,750.155670268668,0.0,
pd,flee,300.0,1800.0,0.1,0.05,5.0,7.5,10.0,10.0,10,100.0,inf,cone,both,5000.0,10.0,0.01,30.0,0.01,256,20,3,0.5,0.1,0.99,10.0,256,20,0,128,0,4.261679964520424,7.5,116.71267182704706,3699.639655230792,0.7280815972222222,767.6901769596135,0.0,
pd,flee,300.0,1800.0,0.1,0.05,5.0,10.0,10.0,10.0,10,100.0,inf,cone,both,5000.0,10.0,0.01,30.0,0.01,256,20,3,0.5,0.1,0.99,10.0,256,20,0,128,0,4.261679964520424,8.999999999999993,116.71267182704706,3932.049145722904,0.7280815972222222,771.6483632175333,0.0,
pd,flee,300.0,1800.0,0.1,0.05,5.0,inf,10.0,10.0,10,100.0,inf,cone,both,5000.0,10.0,0.01,30.0,0.01,256,20,3,0.5,0.1,0.99,10.0,256,20,0,128,0,4.261679964520424,8.999999999999993,116.71267182704706,3932.049145722904,0.7280815972222222,771.6483632175333,0.0,
pd,flee,300.0,1800.0,0.1,0.075,5.0,1.25,10.0,10.0,10,100.0,inf,cone,both,5000.0,10.0,0.01,30.0,0.01,256,20,3,0.5,0.1,0.99,10.0,256,20,0,128,94,3.21316587710048,1.25,83.34264553407196,760.7226954287561,0.7238803641906243,318.22032096775547,0.734375,710.0
pd,flee,300.0,1800.0,0.1,0.075,5.0,2.5,10.0,10.0,10,100.0,inf,cone,both,5000.0,10.0,0.01,30.0,0.01,256,20,3,0.5,0.1,0.99,10.0,256,20,0,128,89,3.7644444715437286,2.5,86.25735870984398,1422.107011770431,0.7290798611111111,557.5705890639858,0.6953125,800.0
pd,flee,300.0,1800.0,0.1,0.075,5.0,3.75,10.0,10.0,10,100.0,inf,cone,both,5000.0,10.0,0.01,30.0,0.01,256,20,3,0.5,0.1,0.99,10.0,256,20,0,128,61,4.2274286041631,3.75,92.48235860449732,2002.5428428732048,0.7290798611111111,742.5041705658183,0.4765625,910.0
pd,flee,300.0,1800.0,0.1,0.075,5.0,4.5,10.0,10.0,10,100.0,inf,cone,both,5000.0,10.0,0.01,30.0,0.01,256,20,3,0.5,0.1,0.99,10.0,256,20,0,128,7,4.261679964520424,4.5,125.43558951862484,2426.852335422724,0.7290798611111111,831.4465471251557,0.0546875,870.0
pd,flee,300.0,1800.0,0.1,0.075,5.0,5.0,10.0,10.0,10,100.0,inf,cone,both,5000.0,10.0,0.01,30.0,0.01,256,20,3,0.5,0.1,0.99,10.0,256,20,0,128,0,4.261679964520424,5.0,160.1060318712078,2758.2535909124026,0.7290798611111111,883.0321334707132,0.0,
pd,flee,300.0,1800.0,0.1,0.075,5.0,5.5,10.0,10.0,10,100.0,inf,cone,both,5000.0,10.0,0.01,30.0,0.01,256,20,3,0.5,0.1,0.99,10.0,256,20,0,128,0,4.261679964520424,5.5,161.28623397651907,3329.3509167959423,0.7290798611111111,929.0539188109352,0.0,
pd,flee,300.0,1800.0,0.1,0.075,5.0,6.25,10.0,10.0,10,100.0,inf,cone,both,5000.0,10.0,0.01,30.0,0.01,256,20,3,0.5,0.1,0.99,10.0,256,20,0,128,0,4.261679964520424,6.25,161.28623397651907,4127.990081946804,0.7290798611111111,987.6195700790352,0.0,
pd,flee,300.0,1800.0,0.1,0.075,5.0,7.5,10.0,10.0,10,100.0,inf,cone,both,5000.0,10.0,0.01,30.0,0.01,256,20,3,0.5,0.1,0.99,10.0,256,20,0,128,0,4.261679964520424,7.5,161.28623397651907,5268.488258379679,0.7284288194444445,1060.8663612223854,0.0,
pd,flee,300.0,1800.0,0.1,0.075,5.0,10.0,10.0,10.0,10,100.0,inf,cone,both,5000.0,10.0,0.01,30.0,0.01,256,20,3,0.5,0.1,0.99,10.0,256,20,0,128,0,4.261679964520424,10.0,161.28623397651907,6877.613338078916,0.7165364583333333,1137.969690687049,0.0,
pd,flee,300.0,1800.0,0.1,0.075,5.0,inf,10.0,10.0,10,100.0,inf,cone,both,5000.0,10.0,0.01,30.0,0.01,256,20,3,0.5,0.1,0.99,10.0,256,20,0,128,0,4.261679964520424,13.49999999999996,161.28623397651907,7711.904641547248,0.7036458333333333,1161.4764813865236,0.0,
pd,flee,300.0,1800.0,0.1,0.09,5.0,1.25,10.0,10.0,10,100.0,inf,cone,both,5000.0,10.0,0.01,30.0,0.01,256,20,3,0.5,0.1,0.99,10.0,256,20,0,128,94,3.314714588357744,1.25,86.14110154740814,770.7989542579351,0.7244714368194718,323.8910337070912,0.734375,730.0
pd,flee,300.0,1800.0,0.1,0.09,5.0,2.5,10.0,10.0,10,100.0,inf,cone,both,5000.0,10.0,0.01,30.0,0.01,256,20,3,0.5,0.1,0.99,10.0,256,20,0,128,80,4.1460425541665975,2.5,87.27149442857555,1458.214633808426,0.7361545138888889,563.4781926955446,0.625,830.0
pd,flee,300.0,1800.0,0.1,0.09,5.0,3.75,10.0,10.0,10,100.0,inf,cone,both,5000.0,10.0,0.01,30.0,0.01,256,20,3,0.5,0.1,0.99,10.0,256,20,0,128,5,4.282471778413668,3.75,117.64454931116732,2505.76895087658,0.7361545138888889,764.7731030240203,0.0390625,770.0
pd,flee,300.0,1800.0,0.1,0.09,5.0,4.5,10.0,10.0,10,100.0,inf,cone,both,5000.0,10.0,0.01,30.0,0.01,256,20,3,0.5,0.1,0.99,10.0,256,20,0,128,1,4.282471778413668,4.5,183.7051213622566,2726.3618550669767,0.7361545138888889,865.5289113476515,0.0078125,770.0
pd,flee,300.0,1800.0,0.1,0.09,5.0,5.0,10.0,10.0,10,100.0,inf,cone,both,5000.0,10.0,0.01,30.0,0.01,256,20,3,0.5,0.1,0.99,10.0,256,20,0,128,0,4.282471778413668,5.0,230.9822252031355,3016.3537089384463,0.7361545138888889,925.7837168031216,0.0,
pd,flee,300.0,1800.0,0.1,0.09,5.0,5.5,10.0,10.0,10,100.0,inf,cone,both,5000.0,10.0,0.01,30.0,0.01,256,20,3,0.5,0.1,0.99,10.0,256,20,0,128,0,4.282471778413668,5.5,234.80206288658948,3615.9977626911327,0.7361545138888889,981.103186917591,0.0,
pd,flee,300.0,1800.0,0.1,0.09,5.0,6.25,10.0,10.0,10,100.0,inf,cone,both,5000.0,10.0,0.01,30.0,0.01,256,20,3,0.5,0.1,0.99,10.0,256,20,0,128,0,4.282471778413668,6.25,234.80206288658948,4523.657071876999,0.7360243055555555,1054.2269336853592,0.0,
pd,flee,300.0,1800.0,0.1,0.09,5.0,7.5,10.0,10.0,10,100.0,inf,cone,both,5000.0,10.0,0.01,30.0,0.01,256,20,3,0.5,0.1,0.99,10.0,256,20,0,128,0,4.282471778413668,7.5,234.80206288658948,5882.902029941929,0.7305121527777778,1152.694800513034,0.0,
pd,flee,300.0,1800.0,0.1,0.09,5.0,10.0,10.0,10.0,10,100.0,inf,cone,both,5000.0,10.0,0.01,30.0,0.01,256,20,3,0.5,0.1,0.99,10.0,256,20,0,128,0,4.282471778413668,10.0,234.80206288658948,8008.588088127071,0.6848958333333334,1279.4641074256426,0.0,
pd,flee,300.0,1800.0,0.1,0.09,5.0,inf,10.0,10.0,10,100.0,inf,cone,both,5000.0,10.0,0.01,30.0,0.01,256,20,3,0.5,0.1,0.99,10.0,256,20,0,128,0,4.282471778413668,16.19999999999998,234.80206288658948,10179.568079875778,0.6309895833333333,1379.7225543798388,0.0,
pd,flee,300.0,1800.0,0.1,0.1,5.0,1.25,10.0,10.0,10,100.0,inf,cone,both,5000.0,10.0,0.01,30.0,0.01,256,20,3,0.5,0.1,0.99,10.0,256,20,0,128,94,3.369313882927239,1.25,86.77857887650585,775.6649920467463,0.7247193340283702,326.7052964343191,0.734375,730.0
pd,flee,300.0,1800.0,0.1,0.1,5.0,2.5,10.0,10.0,10,100.0,inf,cone,both,5000.0,10.0,0.01,30.0,0.01,256,20,3,0.5,0.1,0.99,10.0,256,20,0,128,61,4.2492921821249885,2.5,89.16973629901038,1535.2996120705088,0.7365017361111111,574.1665926943906,0.4765625,840.0
pd,flee,300.0,1800.0,0.1,0.1,5.0,3.75,10.0,10.0,10,100.0,inf,cone,both,5000.0,10.0,0.01,30.0,0.01,256,20,3,0.5,0.1,0.99,10.0,256,20,0,128,2,4.282471778413668,3.75,139.44472290258477,2808.2325009809406,0.7365017361111111,787.7019038236642,0.015625,715.0
pd,flee,300.0,1800.0,0.1,0.1,5.0,4.5,10.0,10.0,10,100.0,inf,cone,both,5000.0,10.0,0.01,30.0,0.01,256,20,3,0.5,0.1,0.99,10.0,256,20,0,128,0,4.282471778413668,4.5,223.52269811606817,2907.810049475431,0.7365017361111111,896.2075191495898,0.0,
pd,flee,300.0,1800.0,0.1,0.1,5.0,5.0,10.0,10.0,10,100.0,inf,cone,both,5000.0,10.0,0.01,30.0,0.01,256,20,3,0.5,0.1,0.99,10.0,256,20,0,128,0,4.282471778413668,5.0,283.2514172131844,3239.623867875624,0.7365017361111111,962.2631542755538,0.0,
pd,flee,300.0,1800.0,0.1,0.1,5.0,5.5,10.0,10.0,10,100.0,inf,cone,both,5000.0,10.0,0.01,30.0,0.01,256,20,3,0.5,0.1,0.99,10.0,256,20,0,128,0,4.282471778413668,5.5,297.0748290615571,3848.0035170005735,0.7365017361111111,1023.4469170208068,0.0,
pd,flee,300.0,1800.0,0.1,0.1,5.0,6.25,10.0,10.0,10,100.0,inf,cone,both,5000.0,10.0,0.01,30.0,0.01,256,20,3,0.5,0.1,0.99,10.0,256,20,0,128,0,4.282471778413668,6.25,297.0748290615571,4807.031540739032,0.7361979166666667,1105.718425543683,0.0,
pd,flee,300.0,1800.0,0.1,0.1,5.0,7.5,10.0,10.0,10,100.0,inf,cone,both,5000.0,10.0,0.01,30.0,0.01,256,20,3,0.5,0.1,0.99,10.0,256,20,0,128,0,4.282471778413668,7.5,297.0748290615571,6279.079507210841,0.7223090277777777,1220.133012096293,0.0,
pd,flee,300.0,1800.0,0.1,0.1,5.0,10.0,10.0,10.0,10,100.0,inf,cone,both,5000.0,10.0,0.01,30.0,0.01,256,20,3,0.5,0.1,0.99,10.0,256,20,0,128,0,4.282471778413668,10.0,297.0748290615571,8674.567338802986,0.6583767361111111,1378.9677272916747,0.0,
pd,flee,300.0,1800.0,0.1,0.1,5.0,inf,10.0,10.0,10,100.0,inf,cone,both,5000.0,10.0,0.01,30.0,0.01,256,20,3,0.5,0.1,0.99,10.0,256,20,0,128,0,4.282471778413668,17.999999999999986,297.0748290615571,11927.785870428936,0.5857638888888889,1568.7447451379596,0.0,
pd,flee,300.0,1800.0,0.1,0.11,5.0,1.25,10.0,10.0,10,100.0,inf,cone,both,5000.0,10.0,0.01,30.0,0.01,256,20,3,0.5,0.1,0.99,10.0,256,20,0,128,95,3.435196257865368,1.25,84.51133988055308,756.1964539750495,0.7307848859682086,320.54601072257253,0.7421875,740.0
pd,flee,300.0,1800.0,0.1,0.11,5.0,2.5,10.0,10.0,10,100.0,inf,cone,both,5000.0,10.0,0.01,30.0,0.01,256,20,3,0.5,0.1,0.99,10.0,256,20,0,128,36,4.278217354827474,2.5,91.41878329776424,1652.975888570131,0.7368055555555556,583.2781016333416,0.28125,835.0
pd,flee,300.0,1800.0,0.1,0.11,5.0,3.75,10.0,10.0,10,100.0,inf,cone,both,5000.0,10.0,0.01,30.0,0.01,256,20,3,0.5,0.1,0.99,10.0,256,20,0,128,1,4.282471778413668,3.75,161.60593290133392,2985.506346886397,0.7368055555555556,806.7960168279794,0.0078125,710.0
pd,flee,300.0,1800.0,0.1,0.11,5.0,4.5,10.0,10.0,10,100.0,inf,cone,both,5000.0,10.0,0.01,30.0,0.01,256,20,3,0.5,0.1,0.99,10.0,256,20,0,128,0,4.282471778413668,4.5,243.6947160108826,3042.222524295245,0.7368055555555556,922.080072851541,0.0,
pd,flee,300.0,1800.0,0.1,0.11,5.0,5.0,10.0,10.0,10,100.0,inf,cone,both,5000.0,10.0,0.01,30.0,0.01,256,20,3,0.5,0.1,0.99,10.0,256,20,0,128,0,4.282471778413668,5.0,288.0700658939617,3423.5977866001745,0.7368055555555556,993.1323887720316,0.0,
pd,flee,300.0,1800.0,0.1,0.11,5.0,5.5,10.0,10.0,10,100.0,inf,cone,both,5000.0,10.0,0.01,30.0,0.01,256,20,3,0.5,0.1,0.99,10.0,256,20,0,128,0,4.282471778413668,5.5,300.0,4054.123119839163,0.7368055555555556,1059.490455218617,0.0,
pd,flee,300.0,1800.0,0.1,0.11,5.0,6.25,10.0,10.0,10,100.0,inf,cone,both,5000.0,10.0,0.01,30.0,0.01,256,20,3,0.5,0.1,0.99,10.0,256,20,0,128,0,4.282471778413668,6.25,300.0,5056.371792177858,0.7360677083333333,1149.8160433284556,0.0,
pd,flee,300.0,1800.0,0.1,0.11,5.0,7.5,10.0,10.0,10,100.0,inf,cone,both,5000.0,10.0,0.01,30.0,0.01,256,20,3,0.5,0.1,0.99,10.0,256,20,0,128,0,4.282471778413668,7.5,300.0,6621.710920915129,0.7129774305555555,1278.4984628018958,0.0,
pd,flee,300.0,1800.0,0.1,0.11,5.0,10.0,10.0,10.0,10,100.0,inf,cone,both,5000.0,10.0,0.01,30.0,0.01,256,20,3,0.5,0.1,0.99,10.0,256,20,0,128,0,4.282471778413668,10.0,300.0,9245.259627754238,0.6337239583333333,1467.0016446711436,0.0,
pd,flee,300.0,1800.0,0.1,0.11,5.0,inf,10.0,10.0,10,100.0,inf,cone,both,5000.0,10.0,0.01,30.0,0.01,256,20,3,0.5,0.1,0.99,10.0,256,20,0,128,0,4.282471778413668,19.79999999999995,300.0,13689.786067360415,0.5474392361111111,1778.029445729409,0.0,
pd,flee,300.0,1800.0,0.1,0.125,5.0,1.25,10.0,10.0,10,100.0,inf,cone,both,5000.0,10.0,0.01,30.0,0.01,256,20,3,0.5,0.1,0.99,10.0,256,20,0,128,95,3.5000366368698126,1.25,84.51406978190211,760.602740293063,0.7311415837044679,323.2486957095952,0.7421875,740.0
pd,flee,300.0,1800.0,0.1,0.125,5.0,2.5,10.0,10.0,10,100.0,inf,cone,both,5000.0,10.0,0.01,30.0,0.01,256,20,3,0.5,0.1,0.99,10.0,256,20,0,128,13,4.304363191195687,2.5,95.70551981234456,1813.6047006120036,0.7434027777777777,578.4640133717218,0.1015625,810.0
pd,flee,300.0,1800.0,0.1,0.125,5.0,3.75,10.0,10.0,10,100.0,inf,cone,both,5000.0,10.0,0.01,30.0,0.01,256,20,3,0.5,0.1,0.99,10.0,256,20,0,128,0,4.304363191195687,3.75,186.68444771707917,3058.948002965206,0.7434027777777777,806.8866534424545,0.0,
pd,flee,300.0,1800.0,0.1,0.125,5.0,4.5,10.0,10.0,10,100.0,inf,cone,both,5000.0,10.0,0.01,30.0,0.01,256,20,3,0.5,0.1,0.99,10.0,256,20,0,128,0,4.304363191195687,4.5,257.9197151825961,3163.830974400393,0.7434027777777777,927.1945725798498,0.0,
pd,flee,300.0,1800.0,0.1,0.125,5.0,5.0,10.0,10.0,10,100.0,inf,cone,both,5000.0,10.0,0.01,30.0,0.01,256,20,3,0.5,0.1,0.99,10.0,256,20,0,128,0,4.304363191195687,5.0,287.6864391119085,3606.8835416120496,0.7434027777777777,1002.3285907942928,0.0,
pd,flee,300.0,1800.0,0.1,0.125,5.0,5.5,10.0,10.0,10,100.0,inf,cone,both,5000.0,10.0,0.01,30.0,0.01,256,20,3,0.5,0.1,0.99,10.0,256,20,0,128,0,4.304363191195687,5.5,300.0,4279.493737096483,0.7430121527777778,1073.0911776249009,0.0,
pd,flee,300.0,1800.0,0.1,0.125,5.0,6.25,10.0,10.0,10,100.0,inf,cone,both,5000.0,10.0,0.01,30.0,0.01,256,20,3,0.5,0.1,0.99,10.0,256,20,0,128,0,4.304363191195687,6.25,300.0,5343.502365927394,0.7377604166666667,1170.9666989164489,0.0,
pd,flee,300.0,1800.0,0.1,0.125,5.0,7.5,10.0,10.0,10,100.0,inf,cone,both,5000.0,10.0,0.01,30.0,0.01,256,20,3,0.5,0.1,0.99,10.0,256,20,0,128,0,4.304363191195687,7.5,300.0,7030.419932952227,0.7027777777777777,1314.5234374677564,0.0,
pd,flee,300.0,1800.0,0.1,0.125,5.0,10.0,10.0,10.0,10,100.0,inf,cone,both,5000.0,10.0,0.01,30.0,0.01,256,20,3,0.5,0.1,0.99,10.0,256,20,0,128,0,4.304363191195687,10.0,300.0,9946.418282008708,0.6034722222222222,1537.3675279375434,0.0,
pd,flee,300.0,1800.0,0.1,0.125,5.0,inf,10.0,10.0,10,100.0,inf,cone,both,5000.0,10.0,0.01,30.0,0.01,256,20,3,0.5,0.1,0.99,10.0,256,20,0,128,0,4.304363191195687,22.5,300.0,16335.974741636554,0.5030381944444444,2071.3557448457245,0.0,
pd,flee,300.0,1800.0,0.1,0.15,5.0,1.25,10.0,10.0,10,100.0,inf,cone,both,5000.0,10.0,0.01,30.0,0.01,256,20,3,0.5,0.1,0.99,10.0,256,20,0,128,95,3.588006298904462,1.25,84.52049714070345,765.629259787539,0.731706055793043,326.3996136285816,0.7421875,750.0
pd,flee,300.0,1800.0,0.1,0.15,5.0,2.5,10.0,10.0,10,100.0,inf,cone,both,5000.0,10.0,0.01,30.0,0.01,256,20,3,0.5,0.1,0.99,10.0,256,20,0,128,3,4.304363191195687,2.5,102.32887066300565,2067.417323614819,0.7439236111111112,591.9465507275735,0.0234375,750.0
pd,flee,300.0,1800.0,0.1,0.15,5.0,3.75,10.0,10.0,10,100.0,inf,cone,both,5000.0,10.0,0.01,30.0,0.01,256,20,3,0.5,0.1,0.99,10.0,256,20,0,128,0,4.304363191195687,3.75,211.0693140094517,3161.1008050217224,0.7439236111111112,834.9418725347228,0.0,
pd,flee,300.0,1800.0,0.1,0.15,5.0,4.5,10.0,10.0,10,100.0,inf,cone,both,5000.0,10.0,0.01,30.0,0.01,256,20,3,0.5,0.1,0.99,10.0,256,20,0,128,0,4.304363191195687,4.5,273.6679523230195,3387.9709474497354,0.7439236111111112,966.3736311997455,0.0,
pd,flee,300.0,1800.0,0.1,0.15,5.0,5.0,10.0,10.0,10,100.0,inf,cone,both,5000.0,10.0,0.01,30.0,0.01,256,20,3,0.5,0.1,0.99,10.0,256,20,0,128,0,4.304363191195687,5.0,289.8482183769381,3897.862358827685,0.7439236111111112,1049.4122889487182,0.0,
pd,flee,300.0,1800.0,0.1,0.15,5.0,5.5,10.0,10.0,10,100.0,inf,cone,both,5000.0,10.0,0.01,30.0,0.01,256,20,3,0.5,0.1,0.99,10.0,256,20,0,128,0,4.304363191195687,5.5,300.0,4626.472274546487,0.743359375,1128.5821843322683,0.0,
pd,flee,300.0,1800.0,0.1,0.15,5.0,6.25,10.0,10.0,10,100.0,inf,cone,both,5000.0,10.0,0.01,30.0,0.01,256,20,3,0.5,0.1,0.99,10.0,256,20,0,128,0,4.304363191195687,6.25,300.0,5772.550973894804,0.7282986111111112,1240.097426755444,0.0,
pd,flee,300.0,1800.0,0.1,0.15,5.0,7.5,10.0,10.0,10,100.0,inf,cone,both,5000.0,10.0,0.01,30.0,0.01,256,20,3,0.5,0.1,0.99,10.0,256,20,0,128,0,4.304363191195687,7.5,300.0,7618.064189150629,0.6828559027777777,1409.5918132839624,0.0,
pd,flee,300.0,1800.0,0.1,0.15,5.0,10.0,10.0,10.0,10,100.0,inf,cone,both,5000.0,10.0,0.01,30.0,0.01,256,20,3,0.5,0.1,0.99,10.0,256,20,0,128,0,4.304363191195687,10.0,300.0,10916.223246808113,0.559765625,1686.1016843180391,0.0,
pd,flee,300.0,1800.0,0.1,0.15,5.0,inf,10.0,10.0,10,100.0,inf,cone,both,5000.0,10.0,0.01,30.0,0.01,256,20,3,0.5,0.1,0.99,10.0,256,20,0,128,0,4.304363191195687,26.99999999999992,300.0,20844.38342481704,0.4425347222222222,2724.4424574000595,0.0,
pd,flee,300.0,1800.0,0.1,0.2,5.0,1.25,10.0,10.0,10,100.0,inf,cone,both,5000.0,10.0,0.01,30.0,0.01,256,20,3,0.5,0.1,0.99,10.0,256,20,0,128,95,3.726259130871016,1.25,84.50528801382266,772.7760744923121,0.7325023700302244,330.6440577158463,0.7421875,760.0
pd,flee,300.0,1800.0,0.1,0.2,5.0,2.5,10.0,10.0,10,100.0,inf,cone,both,5000.0,10.0,0.01,30.0,0.01,256,20,3,0.5,0.1,0.99,10.0,256,20,0,128,3,4.304363191195687,2.5,110.88454275066168,2378.7097367288834,0.7447482638888889,609.100470183303,0.0234375,710.0
pd,flee,300.0,1800.0,0.1,0.2,5.0,3.75,10.0,10.0,10,100.0,inf,cone,both,5000.0,10.0,0.01,30.0,0.01,256,20,3,0.5,0.1,0.99,10.0,256,20,0,128,0,4.304363191195687,3.75,230.4021634440186,3303.076687455507,0.7447482638888889,871.378605244725,0.0,
pd,flee,300.0,1800.0,0.1,0.2,5.0,4.5,10.0,10.0,10,100.0,inf,cone,both,5000.0,10.0,0.01,30.0,0.01,256,20,3,0.5,0.1,0.99,10.0,256,20,0,128,0,4.304363191195687,4.5,280.3581895006306,3695.553387609907,0.7447482638888889,1017.7419848032288,0.0,
pd,flee,300.0,1800.0,0.1,0.2,5.0,5.0,10.0,10.0,10,100.0,inf,cone,both,5000.0,10.0,0.01,30.0,0.01,256,20,3,0.5,0.1,0.99,10.0,256,20,0,128,0,4.304363191195687,5.0,296.0886119997602,4293.606022324235,0.7447482638888889,1111.7973210774348,0.0,
pd,flee,300.0,1800.0,0.1,0.2,5.0,5.5,10.0,10.0,10,100.0,inf,cone,both,5000.0,10.0,0.01,30.0,0.01,256,20,3,0.5,0.1,0.99,10.0,256,20,0,128,0,4.304363191195687,5.5,300.0,5095.3246212661015,0.7383246527777778,1202.634145857755,0.0,
pd,flee,300.0,1800.0,0.1,0.2,5.0,6.25,10.0,10.0,10,100.0,inf,cone,both,5000.0,10.0,0.01,30.0,0.01,256,20,3,0.5,0.1,0.99,10.0,256,20,0,128,0,4.304363191195687,6.25,300.0,6355.3577355906,0.7116753472222223,1333.8398107790858,0.0,
pd,flee,300.0,1800.0,0.1,0.2,5.0,7.5,10.0,10.0,10,100.0,inf,cone,both,5000.0,10.0,0.01,30.0,0.01,256,20,3,0.5,0.1,0.99,10.0,256,20,0,128,0,4.304363191195687,7.5,300.0,8420.9391761069,0.6541232638888889,1539.0909579241657,0.0,
pd,flee,300.0,1800.0,0.1,0.2,5.0,10.0,10.0,10.0,10,100.0,inf,cone,both,5000.0,10.0,0.01,30.0,0.01,256,20,3,0.5,0.1,0.99,10.0,256,20,0,128,0,4.304363191195687,10.0,300.0,12247.426335258437,0.5014756944444444,1905.2472034443397,0.0,
pd,flee,300.0,1800.0,0.1,0.2,5.0,inf,10.0,10.0,10,100.0,inf,cone,both,5000.0,10.0,0.01,30.0,0.01,256,20,3,0.5,0.1,0.99,10.0,256,20,0,128,0,4.304363191195687,35.99999999999997,300.0,29929.858663405143,0.3624565972222222,4248.483480182474,0.0,
pd,coast,300.0,1800.0,0.1,0.025,5.0,1.25,10.0,10.0,10,100.0,inf,cone,both,5000.0,10.0,0.01,30.0,0.01,256,20,3,0.5,0.1,0.99,10.0,256,20,0,128,94,2.318134708967202,0.0,26.81082718453591,80.85799144622167,0.7109293454246222,37.23984656727332,0.734375,600.0
pd,coast,300.0,1800.0,0.1,0.025,5.0,2.5,10.0,10.0,10,100.0,inf,cone,both,5000.0,10.0,0.01,30.0,0.01,256,20,3,0.5,0.1,0.99,10.0,256,20,0,128,94,2.318134708967202,0.0,26.81082718453591,80.85799144622167,0.7109293454246222,37.23984656727332,0.734375,600.0
pd,coast,300.0,1800.0,0.1,0.025,5.0,3.75,10.0,10.0,10,100.0,inf,cone,both,5000.0,10.0,0.01,30.0,0.01,256,20,3,0.5,0.1,0.99,10.0,256,20,0,128,94,2.318134708967202,0.0,26.81082718453591,80.85799144622167,0.7109293454246222,37.23984656727332,0.734375,600.0
pd,coast,300.0,1800.0,0.1,0.025,5.0,4.5,10.0,10.0,10,100.0,inf,cone,both,5000.0,10.0,0.01,30.0,0.01,256,20,3,0.5,0.1,0.99,10.0,256,20,0,128,94,2.318134708967202,0.0,26.81082718453591,80.85799144622167,0.7109293454246222,37.23984656727332,0.734375,600.0
pd,coast,300.0,1800.0,0.1,0.025,5.0,5.0,10.0,10.0,10,100.0,inf,cone,both,5000.0,10.0,0.01,30.0,0.01,256,20,3,0.5,0.1,0.99,10.0,256,20,0,128,94,2.318134708967202,0.0,26.81082718453591,80.85799144622167,0.7109293454246222,37.23984656727332,0.734375,600.0
pd,coast,300.0,1800.0,0.1,0.025,5.0,5.5,10.0,10.0,10,100.0,inf,cone,both,5000.0,10.0,0.01,30.0,0.01,256,20,3,0.5,0.1,0.99,10.0,256,20,0,128,94,2.318134708967202,0.0,26.81082718453591,80.85799144622167,0.7109293454246222,37.23984656727332,0.734375,600.0
pd,coast,300.0,1800.0,0.1,0.025,5.0,6.25,10.0,10.0,10,100.0,inf,cone,both,5000.0,10.0,0.01,30.0,0.01,256,20,3,0.5,0.1,0.99,10.0,256,20,0,128,94,2.318134708967202,0.0,26.81082718453591,80.85799144622167,0.7109293454246222,37.23984656727332,0.734375,600.0
pd,coast,300.0,1800.0,0.1,0.025,5.0,7.5,10.0,10.0,10,100.0,inf,cone,both,5000.0,10.0,0.01,30.0,0.01,256,20,3,0.5,0.1,0.99,10.0,256,20,0,128,94,2.318134708967202,0.0,26.81082718453591,80.85799144622167,0.7109293454246222,37.23984656727332,0.734375,600.0
pd,coast,300.0,1800.0,0.1,0.025,5.0,10.0,10.0,10.0,10,100.0,inf,cone,both,5000.0,10.0,0.01,30.0,0.01,256,20,3,0.5,0.1,0.99,10.0,256,20,0,128,94,2.318134708967202,0.0,26.81082718453591,80.85799144622167,0.7109293454246222,37.23984656727332,0.734375,600.0
pd,coast,300.0,1800.0,0.1,0.025,5.0,inf,10.0,10.0,10,100.0,inf,cone,both,5000.0,10.0,0.01,30.0,0.01,256,20,3,0.5,0.1,0.99,10.0,256,20,0,128,94,2.318134708967202,0.0,26.81082718453591,80.85799144622167,0.7109293454246222,37.23984656727332,0.734375,600.0
pd,coast,300.0,1800.0,0.1,0.05,5.0,1.25,10.0,10.0,10,100.0,inf,cone,both,5000.0,10.0,0.01,30.0,0.01,256,20,3,0.5,0.1,0.99,10.0,256,20,0,128,94,2.3648802370032365,0.0,26.81771853872953,80.86596440020527,0.7109293454246222,37.33166739333567,0.734375,600.0
pd,coast,300.0,1800.0,0.1,0.05,5.0,2.5,10.0,10.0,10,100.0,inf,cone,both,5000.0,10.0,0.01,30.0,0.01,256,20,3,0.5,0.1,0.99,10.0,256,20,0,128,94,2.3648802370032365,0.0,26.81771853872953,80.86596440020527,0.7109293454246222,37.33166739333567,0.734375,600.0
pd,coast,300.0,1800.0,0.1,0.05,5.0,3.75,10.0,10.0,10,100.0,inf,cone,both,5000.0,10.0,0.01,30.0,0.01,256,20,3,0.5,0.1,0.99,10.0,256,20,0,128,94,2.3648802370032365,0.0,26.81771853872953,80.86596440020527,0.7109293454246222,37.33166739333567,0.734375,600.0
pd,coast,300.0,1800.0,0.1,0.05,5.0,4.5,10.0,10.0,10,100.0,inf,cone,both,5000.0,10.0,0.01,30.0,0.01,256,20,3,0.5,0.1,0.99,10.0,256,20,0,128,94,2.3648802370032365,0.0,26.81771853872953,80.86596440020527,0.7109293454246222,37.33166739333567,0.734375,600.0
pd,coast,300.0,1800.0,0.1,0.05,5.0,5.0,10.0,10.0,10,100.0,inf,cone,both,5000.0,10.0,0.01,30.0,0.01,256,20,3,0.5,0.1,0.99,10.0,256,20,0,128,94,2.3648802370032365,0.0,26.81771853872953,80.86596440020527,0.7109293454246222,37.33166739333567,0.734375,600.0
pd,coast,300.0,1800.0,0.1,0.05,5.0,5.5,10.0,10.0,10,100.0,inf,cone,both,5000.0,10.0,0.01,30.0,0.01,256,20,3,0.5,0.1,0.99,10.0,256,20,0,128,94,2.3648802370032365,0.0,26.81771853872953,80.86596440020527,0.7109293454246222,37.33166739333567,0.734375,600.0
pd,coast,300.0,1800.0,0.1,0.05,5.0,6.25,10.0,10.0,10,100.0,inf,cone,both,5000.0,10.0,0.01,30.0,0.01,256,20,3,0.5,0.1,0.99,10.0,256,20,0,128,94,2.3648802370032365,0.0,26.81771853872953,80.86596440020527,0.7109293454246222,37.33166739333567,0.734375,600.0
pd,coast,300.0,1800.0,0.1,0.05,5.0,7.5,10.0,10.0,10,100.0,inf,cone,both,5000.0,10.0,0.01,30.0,0.01,256,20,3,0.5,0.1,0.99,10.0,256,20,0,128,94,2.3648802370032365,0.0,26.81771853872953,80.86596440020527,0.7109293454246222,37.33166739333567,0.734375,600.0
pd,coast,300.0,1800.0,0.1,0.05,5.0,10.0,10.0,10.0,10,100.0,inf,cone,both,5000.0,10.0,0.01,30.0,0.01,256,20,3,0.5,0.1,0.99,10.0,256,20,0,128,94,2.3648802370032365,0.0,26.81771853872953,80.86596440020527,0.7109293454246222,37.33166739333567,0.734375,600.0
pd,coast,300.0,1800.0,0.1,0.05,5.0,inf,10.0,10.0,10,100.0,inf,cone,both,5000.0,10.0,0.01,30.0,0.01,256,20,3,0.5,0.1,0.99,10.0,256,20,0,128,94,2.3648802370032365,0.0,26.81771853872953,80.86596440020527,0.7109293454246222,37.33166739333567,0.734375,600.0
pd,coast,300.0,1800.0,0.1,0.075,5.0,1.25,10.0,10.0,10,100.0,inf,cone,both,5000.0,10.0,0.01,30.0,0.01,256,20,3,0.5,0.1,0.99,10.0,256,20,0,128,94,2.4130245120390845,0.0,26.813898208198435,80.86334091517394,0.7109293454246222,37.3908850277702,0.734375,600.0
pd,coast,300.0,1800.0,0.1,0.075,5.0,2.5,10.0,10.0,10,100.0,inf,cone,both,5000.0,10.0,0.01,30.0,0.01,256,20,3,0.5,0.1,0.99,10.0,256,20,0,128,94,2.4130245120390845,0.0,26.813898208198435,80.86334091517394,0.7109293454246222,37.3908850277702,0.734375,600.0
pd,coast,300.0,1800.0,0.1,0.075,5.0,3.75,10.0,10.0,10,100.0,inf,cone,both,5000.0,10.0,0.01,30.0,0.01,256,20,3,0.5,0.1,0.99,10.0,256,20,0,128,94,2.4130245120390845,0.0,26.813898208198435,80.86334091517394,0.7109293454246222,37.3908850277702,0.734375,600.0
pd,coast,300.0,1800.0,0.1,0.075,5.0,4.5,10.0,10.0,10,100.0,inf,cone,both,5000.0,10.0,0.01,30.0,0.01,256,20,3,0.5,0.1,0.99,10.0,256,20,0,128,94,2.4130245120390845,0.0,26.813898208198435,80.86334091517394,0.7109293454246222,37.3908850277702,0.734375,600.0
pd,coast,300.0,1800.0,0.1,0.075,5.0,5.0,10.0,10.0,10,100.0,inf,cone,both,5000.0,10.0,0.01,30.0,0.01,256,20,3,0.5,0.1,0.99,10.0,256,20,0,128,94,2.4130245120390845,0.0,26.813898208198435,80.86334091517394,0.7109293454246222,37.3908850277702,0.734375,600.0
pd,coast,300.0,1800.0,0.1,0.075,5.0,5.5,10.0,10.0,10,100.0,inf,cone,both,5000.0,10.0,0.01,30.0,0.01,256,20,3,0.5,0.1,0.99,10.0,256,20,0,128,94,2.4130245120390845,0.0,26.813898208198435,80.86334091517394,0.7109293454246222,37.3908850277702,0.734375,600.0
pd,coast,300.0,1800.0,0.1,0.075,5.0,6.25,10.0,10.0,10,100.0,inf,cone,both,5000.0,10.0,0.01,30.0,0.01,256,20,3,0.5,0.1,0.99,10.0,256,20,0,128,94,2.4130245120390845,0.0,26.813898208198435,80.86334091517394,0.7109293454246222,37.3908850277702,0.734375,600.0
pd,coast,300.0,1800.0,0.1,0.075,5.0,7.5,10.0,10.0,10,100.0,inf,cone,both,5000.0,10.0,0.01,30.0,0.01,256,20,3,0.5,0.1,0.99,10.0,256,20,0,128,94,2.4130245120390845,0.0,26.813898208198435,80.86334091517394,0.7109293454246222,37.3908850277702,0.734375,600.0
pd,coast,300.0,1800.0,0.1,0.075,5.0,10.0,10.0,10.0,10,100.0,inf,cone,both,5000.0,10.0,0.01,30.0,0.01,256,20,3,0.5,0.1,0.99,10.0,256,20,0,128,94,2.4130245120390845,0.0,26.813898208198435,80.86334091517394,0.7109293454246222,37.3908850277702,0.734375,600.0
pd,coast,300.0,1800.0,0.1,0.075,5.0,inf,10.0,10.0,10,100.0,inf,cone,both,5000.0,10.0,0.01,30.0,0.01,256,20,3,0.5,0.1,0.99,10.0,256,20,0,128,94,2.4130245120390845,0.0,26.813898208198435,80.86334091517394,0.7109293454246222,37.3908850277702,0.734375,600.0
pd,coast,300.0,1800.0,0.1,0.09,5.0,1.25,10.0,10.0,10,100.0,inf,cone,both,5000.0,10.0,0.01,30.0,0.01,256,20,3,0.5,0.1,0.99,10.0,256,20,0,128,94,2.441498166087116,0.0,26.820983541125628,80.87108424940467,0.7109293454246222,37.41844153659649,0.734375,600.0
pd,coast,300.0,1800.0,0.1,0.09,5.0,2.5,10.0,10.0,10,100.0,inf,cone,both,5000.0,10.0,0.01,30.0,0.01,256,20,3,0.5,0.1,0.99,10.0,256,20,0,128,94,2.441498166087116,0.0,26.820983541125628,80.87108424940467,0.7109293454246222,37.41844153659649,0.734375,600.0
pd,coast,300.0,1800.0,0.1,0.09,5.0,3.75,10.0,10.0,10,100.0,inf,cone,both,5000.0,10.0,0.01,30.0,0.01,256,20,3,0.5,0.1,0.99,10.0,256,20,0,128,94,2.441498166087116,0.0,26.820983541125628,80.87108424940467,0.7109293454246222,37.41844153659649,0.734375,600.0
pd,coast,300.0,1800.0,0.1,0.09,5.0,4.5,10.0,10.0,10,100.0,inf,cone,both,5000.0,10.0,0.01,30.0,0.01,256,20,3,0.5,0.1,0.99,10.0,256,20,0,128,94,2.441498166087116,0.0,26.820983541125628,80.87108424940467,0.7109293454246222,37.41844153659649,0.734375,600.0
pd,coast,300.0,1800.0,0.1,0.09,5.0,5.0,10.0,10.0,10,100.0,inf,cone,both,5000.0,10.0,0.01,30.0,0.01,256,20,3,0.5,0.1,0.99,10.0,256,20,0,128,94,2.441498166087116,0.0,26.820983541125628,80.87108424940467,0.7109293454246222,37.41844153659649,0.734375,600.0
pd,coast,300.0,1800.0,0.1,0.09,5.0,5.5,10.0,10.0,10,100.0,inf,cone,both,5000.0,10.0,0.01,30.0,0.01,256,20,3,0.5,0.1,0.99,10.0,256,20,0,128,94,2.441498166087116,0.0,26.820983541125628,80.87108424940467,0.7109293454246222,37.41844153659649,0.734375,600.0
pd,coast,300.0,1800.0,0.1,0.09,5.0,6.25,10.0,10.0,10,100.0,inf,cone,both,5000.0,10.0,0.01,30.0,0.01,256,20,3,0.5,0.1,0.99,10.0,256,20,0,128,94,2.441498166087116,0.0,26.820983541125628,80.87108424940467,0.7109293454246222,37.41844153659649,0.734375,600.0
pd,coast,300.0,1800.0,0.1,0.09,5.0,7.5,10.0,10.0,10,100.0,inf,cone,both,5000.0,10.0,0.01,30.0,0.01,256,20,3,0.5,0.1,0.99,10.0,256,20,0,128,94,2.441498166087116,0.0,26.820983541125628,80.87108424940467,0.7109293454246222,37.41844153659649,0.734375,600.0
pd,coast,300.0,1800.0,0.1,0.09,5.0,10.0,10.0,10.0,10,100.0,inf,cone,both,5000.0,10.0,0.01,30.0,0.01,256,20,3,0.5,0.1,0.99,10.0,256,20,0,128,94,2.441498166087116,0.0,26.820983541125628,80.87108424940467,0.7109293454246222,37.41844153659649,0.734375,600.0
pd,coast,300.0,1800.0,0.1,0.09,5.0,inf,10.0,10.0,10,100.0,inf,cone,both,5000.0,10.0,0.01,30.0,0.01,256,20,3,0.5,0.1,0.99,10.0,256,20,0,128,94,2.441498166087116,0.0,26.820983541125628,80.87108424940467,0.7109293454246222,37.41844153659649,0.734375,600.0
pd,coast,300.0,1800.0,0.1,0.1,5.0,1.25,10.0,10.0,10,100.0,inf,cone,both,5000.0,10.0,0.01,30.0,0.01,256,20,3,0.5,0.1,0.99,10.0,256,20,0,128,94,2.460252114026275,0.0,26.82118278983737,80.87167992375117,0.7109293454246222,37.43428257340676,0.734375,600.0
pd,coast,300.0,1800.0,0.1,0.1,5.0,2.5,10.0,10.0,10,100.0,inf,cone,both,5000.0,10.0,0.01,30.0,0.01,256,20,3,0.5,0.1,0.99,10.0,256,20,0,128,94,2.460252114026275,0.0,26.82118278983737,80.87167992375117,0.7109293454246222,37.43428257340676,0.734375,600.0
pd,coast,300.0,1800.0,0.1,0.1,5.0,3.75,10.0,10.0,10,100.0,inf,cone,both,5000.0,10.0,0.01,30.0,0.01,256,20,3,0.5,0.1,0.99,10.0,256,20,0,128,94,2.460252114026275,0.0,26.82118278983737,80.87167992375117,0.7109293454246222,37.43428257340676,0.734375,600.0
pd,coast,300.0,1800.0,0.1,0.1,5.0,4.5,10.0,10.0,10,100.0,inf,cone,both,5000.0,10.0,0.01,30.0,0.01,256,20,3,0.5,0.1,0.99,10.0,256,20,0,128,94,2.460252114026275,0.0,26.82118278983737,80.87167992375117,0.7109293454246222,37.43428257340676,0.734375,600.0
pd,coast,300.0,1800.0,0.1,0.1,5.0,5.0,10.0,10.0,10,100.0,inf,cone,both,5000.0,10.0,0.01,30.0,0.01,256,20,3,0.5,0.1,0.99,10.0,256,20,0,128,94,2.460252114026275,0.0,26.82118278983737,80.87167992375117,0.7109293454246222,37.43428257340676,0.734375,600.0
pd,coast,300.0,1800.0,0.1,0.1,5.0,5.5,10.0,10.0,10,100.0,inf,cone,both,5000.0,10.0,0.01,30.0,0.01,256,20,3,0.5,0.1,0.99,10.0,256,20,0,128,94,2.460252114026275,0.0,26.82118278983737,80.87167992375117,0.7109293454246222,37.43428257340676,0.734375,600.0
pd,coast,300.0,1800.0,0.1,0.1,5.0,6.25,10.0,10.0,10,100.0,inf,cone,both,5000.0,10.0,0.01,30.0,0.01,256,20,3,0.5,0.1,0.99,10.0,256,20,0,128,94,2.460252114026275,0.0,26.82118278983737,80.87167992375117,0.7109293454246222,37.43428257340676,0.734375,600.0
pd,coast,300.0,1800.0,0.1,0.1,5.0,7.5,10.0,10.0,10,100.0,inf,cone,both,5000.0,10.0,0.01,30.0,0.01,256,20,3,0.5,0.1,0.99,10.0,256,20,0,128,94,2.460252114026275,0.0,26.82118278983737,80.87167992375117,0.7109293454246222,37.43428257340676,0.734375,600.0
pd,coast,300.0,1800.0,0.1,0.1,5.0,10.0,10.0,10.0,10,100.0,inf,cone,both,5000.0,10.0,0.01,30.0,0.01,256,20,3,0.5,0.1,0.99,10.0,256,20,0,128,94,2.460252114026275,0.0,26.82118278983737,80.87167992375117,0.7109293454246222,37.43428257340676,0.734375,600.0
pd,coast,300.0,1800.0,0.1,0.1,5.0,inf,10.0,10.0,10,100.0,inf,cone,both,5000.0,10.0,0.01,30.0,0.01,256,20,3,0.5,0.1,0.99,10.0,256,20,0,128,94,2.460252114026275,0.0,26.82118278983737,80.87167992375117,0.7109293454246222,37.43428257340676,0.734375,600.0
pd,coast,300.0,1800.0,0.1,0.11,5.0,1.25,10.0,10.0,10,100.0,inf,cone,both,5000.0,10.0,0.01,30.0,0.01,256,20,3,0.5,0.1,0.99,10.0,256,20,0,128,94,2.4787186203521383,0.0,26.821474660113072,80.87233140015967,0.7109293454246222,37.44854362247152,0.734375,600.0
pd,coast,300.0,1800.0,0.1,0.11,5.0,2.5,10.0,10.0,10,100.0,inf,cone,both,5000.0,10.0,0.01,30.0,0.01,256,20,3,0.5,0.1,0.99,10.0,256,20,0,128,94,2.4787186203521383,0.0,26.821474660113072,80.87233140015967,0.7109293454246222,37.44854362247152,0.734375,600.0
pd,coast,300.0,1800.0,0.1,0.11,5.0,3.75,10.0,10.0,10,100.0,inf,cone,both,5000.0,10.0,0.01,30.0,0.01,256,20,3,0.5,0.1,0.99,10.0,256,20,0,128,94,2.4787186203521383,0.0,26.821474660113072,80.87233140015967,0.7109293454246222,37.44854362247152,0.734375,600.0
pd,coast,300.0,1800.0,0.1,0.11,5.0,4.5,10.0,10.0,10,100.0,inf,cone,both,5000.0,10.0,0.01,30.0,0.01,256,20,3,0.5,0.1,0.99,10.0,256,20,0,128,94,2.4787186203521383,0.0,26.821474660113072,80.87233140015967,0.7109293454246222,37.44854362247152,0.734375,600.0
pd,coast,300.0,1800.0,0.1,0.11,5.0,5.0,10.0,10.0,10,100.0,inf,cone,both,5000.0,10.0,0.01,30.0,0.01,256,20,3,0.5,0.1,0.99,10.0,256,20,0,128,94,2.4787186203521383,0.0,26.821474660113072,80.87233140015967,0.7109293454246222,37.44854362247152,0.734375,600.0
pd,coast,300.0,1800.0,0.1,0.11,5.0,5.5,10.0,10.0,10,100.0,inf,cone,both,5000.0,10.0,0.01,30.0,0.01,256,20,3,0.5,0.1,0.99,10.0,256,20,0,128,94,2.4787186203521383,0.0,26.821474660113072,80.87233140015967,0.7109293454246222,37.44854362247152,0.734375,600.0
pd,coast,300.0,1800.0,0.1,0.11,5.0,6.25,10.0,10.0,10,100.0,inf,cone,both,5000.0,10.0,0.01,30.0,0.01,256,20,3,0.5,0.1,0.99,10.0,256,20,0,128,94,2.4787186203521383,0.0,26.821474660113072,80.87233140015967,0.7109293454246222,37.44854362247152,0.734375,600.0
pd,coast,300.0,1800.0,0.1,0.11,5.0,7.5,10.0,10.0,10,100.0,inf,cone,both,5000.0,10.0,0.01,30.0,0.01,256,20,3,0.5,0.1,0.99,10.0,256,20,0,128,94,2.4787186203521383,0.0,26.821474660113072,80.87233140015967,0.7109293454246222,37.44854362247152,0.734375,600.0
pd,coast,300.0,1800.0,0.1,0.11,5.0,10.0,10.0,10.0,10,100.0,inf,cone,both,5000.0,10.0,0.01,30.0,0.01,256,20,3,0.5,0.1,0.99,10.0,256,20,0,128,94,2.4787186203521383,0.0,26.821474660113072,80.87233140015967,0.7109293454246222,37.44854362247152,0.734375,600.0
pd,coast,300.0,1800.0,0.1,0.11,5.0,inf,10.0,10.0,10,100.0,inf,cone,both,5000.0,10.0,0.01,30.0,0.01,256,20,3,0.5,0.1,0.99,10.0,256,20,0,128,94,2.4787186203521383,0.0,26.821474660113072,80.87233140015967,0.7109293454246222,37.44854362247152,0.734375,600.0
pd,coast,300.0,1800.0,0.1,0.125,5.0,1.25,10.0,10.0,10,100.0,inf,cone,both,5000.0,10.0,0.01,30.0,0.01,256,20,3,0.5,0.1,0.99,10.0,256,20,0,128,94,2.5057634957753123,0.0,26.824759674601065,80.87618893927618,0.7109293454246222,37.46767426751354,0.734375,600.0
pd,coast,300.0,1800.0,0.1,0.125,5.0,2.5,10.0,10.0,10,100.0,inf,cone,both,5000.0,10.0,0.01,30.0,0.01,256,20,3,0.5,0.1,0.99,10.0,256,20,0,128,94,2.5057634957753123,0.0,26.824759674601065,80.87618893927618,0.7109293454246222,37.46767426751354,0.734375,600.0
pd,coast,300.0,1800.0,0.1,0.125,5.0,3.75,10.0,10.0,10,100.0,inf,cone,both,5000.0,10.0,0.01,30.0,0.01,256,20,3,0.5,0.1,0.99,10.0,256,20,0,128,94,2.5057634957753123,0.0,26.824759674601065,80.87618893927618,0.7109293454246222,37.46767426751354,0.734375,600.0
pd,coast,300.0,1800.0,0.1,0.125,5.0,4.5,10.0,10.0,10,100.0,inf,cone,both,5000.0,10.0,0.01,30.0,0.01,256,20,3,0.5,0.1,0.99,10.0,256,20,0,128,94,2.5057634957753123,0.0,26.824759674601065,80.87618893927618,0.7109293454246222,37.46767426751354,0.734375,600.0
pd,coast,300.0,1800.0,0.1,0.125,5.0,5.0,10.0,10.0,10,100.0,inf,cone,both,5000.0,10.0,0.01,30.0,0.01,256,20,3,0.5,0.1,0.99,10.0,256,20,0,128,94,2.5057634957753123,0.0,26.824759674601065,80.87618893927618,0.7109293454246222,37.46767426751354,0.734375,600.0
pd,coast,300.0,1800.0,0.1,0.125,5.0,5.5,10.0,10.0,10,100.0,inf,cone,both,5000.0,10.0,0.01,30.0,0.01,256,20,3,0.5,0.1,0.99,10.0,256,20,0,128,94,2.5057634957753123,0.0,26.824759674601065,80.87618893927618,0.7109293454246222,37.46767426751354,0.734375,600.0
pd,coast,300.0,1800.0,0.1,0.125,5.0,6.25,10.0,10.0,10,100.0,inf,cone,both,5000.0,10.0,0.01,30.0,0.01,256,20,3,0.5,0.1,0.99,10.0,256,20,0,128,94,2.5057634957753123,0.0,26.824759674601065,80.87618893927618,0.7109293454246222,37.46767426751354,0.734375,600.0
pd,coast,300.0,1800.0,0.1,0.125,5.0,7.5,10.0,10.0,10,100.0,inf,cone,both,5000.0,10.0,0.01,30.0,0.01,256,20,3,0.5,0.1,0.99,10.0,256,20,0,128,94,2.5057634957753123,0.0,26.824759674601065,80.87618893927618,0.7109293454246222,37.46767426751354,0.734375,600.0
pd,coast,300.0,1800.0,0.1,0.125,5.0,10.0,10.0,10.0,10,100.0,inf,cone,both,5000.0,10.0,0.01,30.0,0.01,256,20,3,0.5,0.1,0.99,10.0,256,20,0,128,94,2.5057634957753123,0.0,26.824759674601065,80.87618893927618,0.7109293454246222,37.46767426751354,0.734375,600.0
pd,coast,300.0,1800.0,0.1,0.125,5.0,inf,10.0,10.0,10,100.0,inf,cone,both,5000.0,10.0,0.01,30.0,0.01,256,20,3,0.5,0.1,0.99,10.0,256,20,0,128,94,2.5057634957753123,0.0,26.824759674601065,80.87618893927618,0.7109293454246222,37.46767426751354,0.734375,600.0
pd,coast,300.0,1800.0,0.1,0.15,5.0,1.25,10.0,10.0,10,100.0,inf,cone,both,5000.0,10.0,0.01,30.0,0.01,256,20,3,0.5,0.1,0.99,10.0,256,20,0,128,94,2.5489483522306595,0.0,26.822861533418425,80.87531506278562,0.7109293454246222,37.4943282463337,0.734375,600.0
pd,coast,300.0,1800.0,0.1,0.15,5.0,2.5,10.0,10.0,10,100.0,inf,cone,both,5000.0,10.0,0.01,30.0,0.01,256,20,3,0.5,0.1,0.99,10.0,256,20,0,128,94,2.5489483522306595,0.0,26.822861533418425,80.87531506278562,0.7109293454246222,37.4943282463337,0.734375,600.0
pd,coast,300.0,1800.0,0.1,0.15,5.0,3.75,10.0,10.0,10,100.0,inf,cone,both,5000.0,10.0,0.01,30.0,0.01,256,20,3,0.5,0.1,0.99,10.0,256,20,0,128,94,2.5489483522306595,0.0,26.822861533418425,80.87531506278562,0.7109293454246222,37.4943282463337,0.734375,600.0
pd,coast,300.0,1800.0,0.1,0.15,5.0,4.5,10.0,10.0,10,100.0,inf,cone,both,5000.0,10.0,0.01,30.0,0.01,256,20,3,0.5,0.1,0.99,10.0,256,20,0,128,94,2.5489483522306595,0.0,26.822861533418425,80.87531506278562,0.7109293454246222,37.4943282463337,0.734375,600.0
pd,coast,300.0,1800.0,0.1,0.15,5.0,5.0,10.0,10.0,10,100.0,inf,cone,both,5000.0,10.0,0.01,30.0,0.01,256,20,3,0.5,0.1,0.99,10.0,256,20,0,128,94,2.5489483522306595,0.0,26.822861533418425,80.87531506278562,0.7109293454246222,37.4943282463337,0.734375,600.0
pd,coast,300.0,1800.0,0.1,0.15,5.0,5.5,10.0,10.0,10,100.0,inf,cone,both,5000.0,10.0,0.01,30.0,0.01,256,20,3,0.5,0.1,0.99,10.0,256,20,0,128,94,2.5489483522306595,0.0,26.822861533418425,80.87531506278562,0.7109293454246222,37.4943282463337,0.734375,600.0
pd,coast,300.0,1800.0,0.1,0.15,5.0,6.25,10.0,10.0,10,100.0,inf,cone,both,5000.0,10.0,0.01,30.0,0.01,256,20,3,0.5,0.1,0.99,10.0,256,20,0,128,94,2.5489483522306595,0.0,26.822861533418425,80.87531506278562,0.7109293454246222,37.4943282463337,0.734375,600.0
pd,coast,300.0,1800.0,0.1,0.15,5.0,7.5,10.0,10.0,10,100.0,inf,cone,both,5000.0,10.0,0.01,30.0,0.01,256,20,3,0.5,0.1,0.99,10.0,256,20,0,128,94,2.5489483522306595,0.0,26.822861533418425,80.87531506278562,0.7109293454246222,37.4943282463337,0.734375,600.0
pd,coast,300.0,1800.0,0.1,0.15,5.0,10.0,10.0,10.0,10,100.0,inf,cone,both,5000.0,10.0,0.01,30.0,0.01,256,20,3,0.5,0.1,0.99,10.0,256,20,0,128,94,2.5489483522306595,0.0,26.822861533418425,80.87531506278562,0.7109293454246222,37.4943282463337,0.734375,600.0
pd,coast,300.0,1800.0,0.1,0.15,5.0,inf,10.0,10.0,10,100.0,inf,cone,both,5000.0,10.0,0.01,30.0,0.01,256,20,3,0.5,0.1,0.99,10.0,256,20,0,128,94,2.5489483522306595,0.0,26.822861533418425,80.87531506278562,0.7109293454246222,37.4943282463337,0.734375,600.0
pd,coast,300.0,1800.0,0.1,0.2,5.0,1.25,10.0,10.0,10,100.0,inf,cone,both,5000.0,10.0,0.01,30.0,0.01,256,20,3,0.5,0.1,0.99,10.0,256,20,0,128,94,2.6273669571693032,0.0,26.817863056976336,80.87184398128038,0.7109293454246222,37.53524792832977,0.734375,605.0
pd,coast,300.0,1800.0,0.1,0.2,5.0,2.5,10.0,10.0,10,100.0,inf,cone,both,5000.0,10.0,0.01,30.0,0.01,256,20,3,0.5,0.1,0.99,10.0,256,20,0,128,94,2.6273669571693032,0.0,26.817863056976336,80.87184398128038,0.7109293454246222,37.53524792832977,0.734375,605.0
pd,coast,300.0,1800.0,0.1,0.2,5.0,3.75,10.0,10.0,10,100.0,inf,cone,both,5000.0,10.0,0.01,30.0,0.01,256,20,3,0.5,0.1,0.99,10.0,256,20,0,128,94,2.6273669571693032,0.0,26.817863056976336,80.87184398128038,0.7109293454246222,37.53524792832977,0.734375,605.0
pd,coast,300.0,1800.0,0.1,0.2,5.0,4.5,10.0,10.0,10,100.0,inf,cone,both,5000.0,10.0,0.01,30.0,0.01,256,20,3,0.5,0.1,0.99,10.0,256,20,0,128,94,2.6273669571693032,0.0,26.817863056976336,80.87184398128038,0.7109293454246222,37.53524792832977,0.734375,605.0
pd,coast,300.0,1800.0,0.1,0.2,5.0,5.0,10.0,10.0,10,100.0,inf,cone,both,5000.0,10.0,0.01,30.0,0.01,256,20,3,0.5,0.1,0.99,10.0,256,20,0,128,94,2.6273669571693032,0.0,26.817863056976336,80.87184398128038,0.7109293454246222,37.53524792832977,0.734375,605.0
pd,coast,300.0,1800.0,0.1,0.2,5.0,5.5,10.0,10.0,10,100.0,inf,cone,both,5000.0,10.0,0.01,30.0,0.01,256,20,3,0.5,0.1,0.99,10.0,256,20,0,128,94,2.6273669571693032,0.0,26.817863056976336,80.87184398128038,0.7109293454246222,37.53524792832977,0.734375,605.0
pd,coast,300.0,1800.0,0.1,0.2,5.0,6.25,10.0,10.0,10,100.0,inf,cone,both,5000.0,10.0,0.01,30.0,0.01,256,20,3,0.5,0.1,0.99,10.0,256,20,0,128,94,2.6273669571693032,0.0,26.817863056976336,80.87184398128038,0.7109293454246222,37.53524792832977,0.734375,605.0
pd,coast,300.0,1800.0,0.1,0.2,5.0,7.5,10.0,10.0,10,100.0,inf,cone,both,5000.0,10.0,0.01,30.0,0.01,256,20,3,0.5,0.1,0.99,10.0,256,20,0,128,94,2.6273669571693032,0.0,26.817863056976336,80.87184398128038,0.7109293454246222,37.53524792832977,0.734375,605.0
pd,coast,300.0,1800.0,0.1,0.2,5.0,10.0,10.0,10.0,10,100.0,inf,cone,both,5000.0,10.0,0.01,30.0,0.01,256,20,3,0.5,0.1,0.99,10.0,256,20,0,128,94,2.6273669571693032,0.0,26.817863056976336,80.87184398128038,0.7109293454246222,37.53524792832977,0.734375,605.0
pd,coast,300.0,1800.0,0.1,0.2,5.0,inf,10.0,10.0,10,100.0,inf,cone,both,5000.0,10.0,0.01,30.0,0.01,256,20,3,0.5,0.1,0.99,10.0,256,20,0,128,94,2.6273669571693032,0.0,26.817863056976336,80.87184398128038,0.7109293454246222,37.53524792832977,0.734375,605.0
pd,mppi_direct,300.0,1800.0,0.1,0.025,5.0,1.25,10.0,10.0,10,100.0,inf,cone,both,5000.0,10.0,0.01,30.0,0.01,256,20,3,0.5,0.1,0.99,10.0,256,20,0,128,89,3.1655389990513974,1.2388072519896274,31.082335632432063,344.06333844636106,0.7150607638888888,139.56281385315663,0.6953125,770.0
pd,mppi_direct,300.0,1800.0,0.1,0.025,5.0,2.5,10.0,10.0,10,100.0,inf,cone,both,5000.0,10.0,0.01,30.0,0.01,256,20,3,0.5,0.1,0.99,10.0,256,20,0,128,90,4.067332920365261,2.449429218011777,28.66837521257133,319.10328071965864,0.7143102372034956,126.9007573367516,0.703125,1310.0
pd,mppi_direct,300.0,1800.0,0.1,0.025,5.0,3.75,10.0,10.0,10,100.0,inf,cone,both,5000.0,10.0,0.01,30.0,0.01,256,20,3,0.5,0.1,0.99,10.0,256,20,0,128,4,4.285011496865277,3.628421020298664,31.05040567473934,619.7624584156887,0.7145399305555555,136.96624739212314,0.03125,440.0
pd,mppi_direct,300.0,1800.0,0.1,0.025,5.0,4.5,10.0,10.0,10,100.0,inf,cone,both,5000.0,10.0,0.01,30.0,0.01,256,20,3,0.5,0.1,0.99,10.0,256,20,0,128,4,4.285638678523664,3.9482177496768873,31.13402521859541,640.1426416645077,0.7145833333333333,136.9870573275833,0.03125,440.0
pd,mppi_direct,300.0,1800.0,0.1,0.025,5.0,5.0,10.0,10.0,10,100.0,inf,cone,both,5000.0,10.0,0.01,30.0,0.01,256,20,3,0.5,0.1,0.99,10.0,256,20,0,128,4,4.285640199171351,3.949333793272136,31.12115578043762,639.5565643585022,0.7145833333333333,136.98586509453835,0.03125,440.0
pd,mppi_direct,300.0,1800.0,0.1,0.025,5.0,5.5,10.0,10.0,10,100.0,inf,cone,both,5000.0,10.0,0.01,30.0,0.01,256,20,3,0.5,0.1,0.99,10.0,256,20,0,128,4,4.28564019445402,3.9494260407187447,31.120665153421093,639.5424093132,0.7145833333333333,136.98571252695106,0.03125,440.0
pd,mppi_direct,300.0,1800.0,0.1,0.025,5.0,6.25,10.0,10.0,10,100.0,inf,cone,both,5000.0,10.0,0.01,30.0,0.01,256,20,3,0.5,0.1,0.99,10.0,256,20,0,128,4,4.28564019445402,3.949426601034066,31.120665153421093,639.5424058998043,0.7145833333333333,136.98571255571068,0.03125,440.0
pd,mppi_direct,300.0,1800.0,0.1,0.025,5.0,7.5,10.0,10.0,10,100.0,inf,cone,both,5000.0,10.0,0.01,30.0,0.01,256,20,3,0.5,0.1,0.99,10.0,256,20,0,128,4,4.28564019445402,3.949426601034066,31.120665153421093,639.5424058998043,0.7145833333333333,136.98571255571068,0.03125,440.0
pd,mppi_direct,300.0,1800.0,0.1,0.025,5.0,10.0,10.0,10.0,10,100.0,inf,cone,both,5000.0,10.0,0.01,30.0,0.01,256,20,3,0.5,0.1,0.99,10.0,256,20,0,128,4,4.28564019445402,3.949426601034066,31.120665153421093,639.5424058998043,0.7145833333333333,136.98571255571068,0.03125,440.0
pd,mppi_direct,300.0,1800.0,0.1,0.025,5.0,inf,10.0,10.0,10,100.0,inf,cone,both,5000.0,10.0,0.01,30.0,0.01,256,20,3,0.5,0.1,0.99,10.0,256,20,0,128,4,4.28564019445402,3.949426601034066,31.120665153421093,639.5424058998043,0.7145833333333333,136.98571255571068,0.03125,440.0
pd,mppi_direct,300.0,1800.0,0.1,0.05,5.0,1.25,10.0,10.0,10,100.0,inf,cone,both,5000.0,10.0,0.01,30.0,0.01,256,20,3,0.5,0.1,0.99,10.0,256,20,0,128,90,3.0964985720799136,1.2483135221843773,31.922036536528992,667.7436910076044,0.7196334565412187,256.98144053696427,0.703125,585.0
pd,mppi_direct,300.0,1800.0,0.1,0.05,5.0,2.5,10.0,10.0,10,100.0,inf,cone,both,5000.0,10.0,0.01,30.0,0.01,256,20,3,0.5,0.1,0.99,10.0,256,20,0,128,89,4.003756800973807,2.4927306891828263,32.159051872369375,1299.4516673707114,0.7095920138888889,449.1646309635807,0.6953125,810.0
pd,mppi_direct,300.0,1800.0,0.1,0.05,5.0,3.75,10.0,10.0,10,100.0,inf,cone,both,5000.0,10.0,0.01,30.0,0.01,256,20,3,0.5,0.1,0.99,10.0,256,20,0,128,3,4.215417726844209,3.696846312394467,37.48131963322532,2320.132723229631,0.7036892361111111,573.1509673805335,0.0234375,360.0
pd,mppi_direct,300.0,1800.0,0.1,0.05,5.0,4.5,10.0,10.0,10,100.0,inf,cone,both,5000.0,10.0,0.01,30.0,0.01,256,20,3,0.5,0.1,0.99,10.0,256,20,0,128,3,4.215416574079096,4.429262418620864,37.686041497426615,3015.059699327568,0.7009982638888889,618.6536048290185,0.0234375,360.0
pd,mppi_direct,300.0,1800.0,0.1,0.05,5.0,5.0,10.0,10.0,10,100.0,inf,cone,both,5000.0,10.0,0.01,30.0,0.01,256,20,3,0.5,0.1,0.99,10.0,256,20,0,128,3,4.215416574079096,4.917543668620864,37.69619672900961,3391.3275598426867,0.7002604166666667,640.4198382183821,0.0234375,360.0
pd,mppi_direct,300.0,1800.0,0.1,0.05,5.0,5.5,10.0,10.0,10,100.0,inf,cone,both,5000.0,10.0,0.01,30.0,0.01,256,20,3,0.5,0.1,0.99,10.0,256,20,0,128,3,4.215416574079096,5.405824918620864,37.70914418939107,3709.39666778462,0.6996961805555556,657.286539467429,0.0234375,360.0
pd,mppi_direct,300.0,1800.0,0.1,0.05,5.0,6.25,10.0,10.0,10,100.0,inf,cone,both,5000.0,10.0,0.01,30.0,0.01,256,20,3,0.5,0.1,0.99,10.0,256,20,0,128,3,4.215416574079096,6.138246793620864,37.70985821257989,4076.934019953266,0.6994357638888888,673.355675948954,0.0234375,360.0
pd,mppi_direct,300.0,1800.0,0.1,0.05,5.0,7.5,10.0,10.0,10,100.0,inf,cone,both,5000.0,10.0,0.01,30.0,0.01,256,20,3,0.5,0.1,0.99,10.0,256,20,0,128,3,4.215416574079096,7.358949918620864,37.70985821257989,4426.341378240598,0.6993055555555555,685.17268102697,0.0234375,360.0
pd,mppi_direct,300.0,1800.0,0.1,0.05,5.0,10.0,10.0,10.0,10,100.0,inf,cone,both,5000.0,10.0,0.01,30.0,0.01,256,20,3,0.5,0.1,0.99,10.0,256,20,0,128,3,4.215416574079096,8.167859769789981,37.70985821257989,4482.335723334275,0.6993055555555555,686.0293121294899,0.0234375,360.0
pd,mppi_direct,300.0,1800.0,0.1,0.05,5.0,inf,10.0,10.0,10,100.0,inf,cone,both,5000.0,10.0,0.01,30.0,0.01,256,20,3,0.5,0.1,0.99,10.0,256,20,0,128,3,4.215416574079096,8.168633949763274,37.70985821257989,4482.259294044471,0.6993055555555555,686.0274990789751,0.0234375,360.0
pd,mppi_direct,300.0,1800.0,0.1,0.075,5.0,1.25,10.0,10.0,10,100.0,inf,cone,both,5000.0,10.0,0.01,30.0,0.01,256,20,3,0.5,0.1,0.99,10.0,256,20,0,128,91,3.0437202240693515,1.25,36.859922331934825,707.2719483494529,0.7231533672266431,278.55894314118484,0.7109375,570.0
pd,mppi_direct,300.0,1800.0,0.1,0.075,5.0,2.5,10.0,10.0,10,100.0,inf,cone,both,5000.0,10.0,0.01,30.0,0.01,256,20,3,0.5,0.1,0.99,10.0,256,20,0,128,85,3.8940921995594,2.5,35.341646597930136,1404.819423886147,0.7075954861111111,536.7194074791067,0.6640625,750.0
pd,mppi_direct,300.0,1800.0,0.1,0.075,5.0,3.75,10.0,10.0,10,100.0,inf,cone,both,5000.0,10.0,0.01,30.0,0.01,256,20,3,0.5,0.1,0.99,10.0,256,20,0,128,0,4.246498085357492,3.75,52.35190464660216,2635.640829550056,0.7079427083333333,709.5416059110022,0.0,
pd,mppi_direct,300.0,1800.0,0.1,0.075,5.0,4.5,10.0,10.0,10,100.0,inf,cone,both,5000.0,10.0,0.01,30.0,0.01,256,20,3,0.5,0.1,0.99,10.0,256,20,0,128,0,4.247453869264724,4.5,53.8014281219593,3716.8421819646455,0.7144097222222222,782.3443568308863,0.0,
pd,mppi_direct,300.0,1800.0,0.1,0.075,5.0,5.0,10.0,10.0,10,100.0,inf,cone,both,5000.0,10.0,0.01,30.0,0.01,256,20,3,0.5,0.1,0.99,10.0,256,20,0,128,0,4.247453869264724,5.0,54.39901894039131,4418.549811919702,0.7140190972222222,831.5760580874952,0.0,
pd,mppi_direct,300.0,1800.0,0.1,0.075,5.0,5.5,10.0,10.0,10,100.0,inf,cone,both,5000.0,10.0,0.01,30.0,0.01,256,20,3,0.5,0.1,0.99,10.0,256,20,0,128,0,4.266622137699965,5.5,54.24833538574424,4981.363439543806,0.71484375,844.6968228086374,0.0,
pd,mppi_direct,300.0,1800.0,0.1,0.075,5.0,6.25,10.0,10.0,10,100.0,inf,cone,both,5000.0,10.0,0.01,30.0,0.01,256,20,3,0.5,0.1,0.99,10.0,256,20,0,128,0,4.266622137699965,6.25,54.27895948075148,5777.385111078411,0.7102430555555556,894.0312271179404,0.0,
pd,mppi_direct,300.0,1800.0,0.1,0.075,5.0,7.5,10.0,10.0,10,100.0,inf,cone,both,5000.0,10.0,0.01,30.0,0.01,256,20,3,0.5,0.1,0.99,10.0,256,20,0,128,0,4.266622137699965,7.5,54.35525925455784,6837.936427846305,0.6822482638888889,956.634660354359,0.0,
pd,mppi_direct,300.0,1800.0,0.1,0.075,5.0,10.0,10.0,10.0,10,100.0,inf,cone,both,5000.0,10.0,0.01,30.0,0.01,256,20,3,0.5,0.1,0.99,10.0,256,20,0,128,0,4.247453869264724,10.0,54.35543937659142,8238.57467072435,0.6403211805555555,1048.8418170063187,0.0,
pd,mppi_direct,300.0,1800.0,0.1,0.075,5.0,inf,10.0,10.0,10,100.0,inf,cone,both,5000.0,10.0,0.01,30.0,0.01,256,20,3,0.5,0.1,0.99,10.0,256,20,0,128,0,4.247453869264724,12.74029174066749,54.35543937659142,8708.774579036295,0.6356770833333333,1069.3750379960602,0.0,
pd,mppi_direct,300.0,1800.0,0.1,0.09,5.0,1.25,10.0,10.0,10,100.0,inf,cone,both,5000.0,10.0,0.01,30.0,0.01,256,20,3,0.5,0.1,0.99,10.0,256,20,0,128,91,3.07001649319692,1.25,39.646190517149584,735.1111101395279,0.7279581991608118,281.9188891998102,0.7109375,570.0
pd,mppi_direct,300.0,1800.0,0.1,0.09,5.0,2.5,10.0,10.0,10,100.0,inf,cone,both,5000.0,10.0,0.01,30.0,0.01,256,20,3,0.5,0.1,0.99,10.0,256,20,0,128,51,4.087113636250504,2.4951813904462683,40.16322548816751,1553.953736010471,0.7154513888888889,532.6711629558099,0.3984375,780.0
pd,mppi_direct,300.0,1800.0,0.1,0.09,5.0,3.75,10.0,10.0,10,100.0,inf,cone,both,5000.0,10.0,0.01,30.0,0.01,256,20,3,0.5,0.1,0.99,10.0,256,20,0,128,0,4.307500826184671,3.75,64.15461109417734,2823.897634675066,0.7204861111111112,700.0652638628243,0.0,
pd,mppi_direct,300.0,1800.0,0.1,0.09,5.0,4.5,10.0,10.0,10,100.0,inf,cone,both,5000.0,10.0,0.01,30.0,0.01,256,20,3,0.5,0.1,0.99,10.0,256,20,0,128,0,4.247453869264724,4.5,64.78606343316808,4013.250950238627,0.7105902777777777,865.2810754519022,0.0,
pd,mppi_direct,300.0,1800.0,0.1,0.09,5.0,5.0,10.0,10.0,10,100.0,inf,cone,both,5000.0,10.0,0.01,30.0,0.01,256,20,3,0.5,0.1,0.99,10.0,256,20,0,128,0,4.247453869264724,5.0,64.04632264043853,4715.826224995218,0.7102864583333334,922.46737221504,0.0,
pd,mppi_direct,300.0,1800.0,0.1,0.09,5.0,5.5,10.0,10.0,10,100.0,inf,cone,both,5000.0,10.0,0.01,30.0,0.01,256,20,3,0.5,0.1,0.99,10.0,256,20,0,128,0,4.247453869264724,5.5,64.04872593233324,5329.356883477888,0.7083333333333334,974.1056449953008,0.0,
pd,mppi_direct,300.0,1800.0,0.1,0.09,5.0,6.25,10.0,10.0,10,100.0,inf,cone,both,5000.0,10.0,0.01,30.0,0.01,256,20,3,0.5,0.1,0.99,10.0,256,20,0,128,0,4.247453869264724,6.25,64.04981779762593,6276.402625030064,0.6916666666666667,1045.4078817138543,0.0,
pd,mppi_direct,300.0,1800.0,0.1,0.09,5.0,7.5,10.0,10.0,10,100.0,inf,cone,both,5000.0,10.0,0.01,30.0,0.01,256,20,3,0.5,0.1,0.99,10.0,256,20,0,128,0,4.226737864129712,7.5,64.05302428007727,7588.753300086128,0.6487413194444445,1164.9351101450206,0.0,
pd,mppi_direct,300.0,1800.0,0.1,0.09,5.0,10.0,10.0,10.0,10,100.0,inf,cone,both,5000.0,10.0,0.01,30.0,0.01,256,20,3,0.5,0.1,0.99,10.0,256,20,0,128,0,4.226737864129712,10.0,64.05302410544878,9548.033176314404,0.5849392361111111,1282.998422258917,0.0,
pd,mppi_direct,300.0,1800.0,0.1,0.09,5.0,inf,10.0,10.0,10,100.0,inf,cone,both,5000.0,10.0,0.01,30.0,0.01,256,20,3,0.5,0.1,0.99,10.0,256,20,0,128,0,4.226737864129712,15.333296469499082,64.05302410544878,11103.613731235428,0.5690972222222223,1374.594015463339,0.0,
pd,mppi_direct,300.0,1800.0,0.1,0.1,5.0,1.25,10.0,10.0,10,100.0,inf,cone,both,5000.0,10.0,0.01,30.0,0.01,256,20,3,0.5,0.1,0.99,10.0,256,20,0,128,91,3.0037917827173617,1.25,41.57093907800781,774.323259488361,0.718197601010101,315.1674179238539,0.7109375,570.0
pd,mppi_direct,300.0,1800.0,0.1,0.1,5.0,2.5,10.0,10.0,10,100.0,inf,cone,both,5000.0,10.0,0.01,30.0,0.01,256,20,3,0.5,0.1,0.99,10.0,256,20,0,128,29,4.251888121571157,2.5,42.72064582238619,1613.8102413385827,0.7354600694444444,507.6271247489741,0.2265625,780.0
pd,mppi_direct,300.0,1800.0,0.1,0.1,5.0,3.75,10.0,10.0,10,100.0,inf,cone,both,5000.0,10.0,0.01,30.0,0.01,256,20,3,0.5,0.1,0.99,10.0,256,20,0,128,0,4.32688365971818,3.75,71.52364863871752,2916.562445495756,0.7228732638888888,704.0399519042736,0.0,
pd,mppi_direct,300.0,1800.0,0.1,0.1,5.0,4.5,10.0,10.0,10,100.0,inf,cone,both,5000.0,10.0,0.01,30.0,0.01,256,20,3,0.5,0.1,0.99,10.0,256,20,0,128,0,4.288190662068713,4.5,70.07721938734979,4089.122530001805,0.7177951388888889,852.8865499426984,0.0,
pd,mppi_direct,300.0,1800.0,0.1,0.1,5.0,5.0,10.0,10.0,10,100.0,inf,cone,both,5000.0,10.0,0.01,30.0,0.01,256,20,3,0.5,0.1,0.99,10.0,256,20,0,128,0,4.267569411575155,5.0,70.4673017570565,4858.22581043796,0.7105902777777777,946.6666899383938,0.0,
pd,mppi_direct,300.0,1800.0,0.1,0.1,5.0,5.5,10.0,10.0,10,100.0,inf,cone,both,5000.0,10.0,0.01,30.0,0.01,256,20,3,0.5,0.1,0.99,10.0,256,20,0,128,0,4.270257482791688,5.5,69.85022396066637,5543.5948100683645,0.7124565972222222,989.8746129682816,0.0,
pd,mppi_direct,300.0,1800.0,0.1,0.1,5.0,6.25,10.0,10.0,10,100.0,inf,cone,both,5000.0,10.0,0.01,30.0,0.01,256,20,3,0.5,0.1,0.99,10.0,256,20,0,128,0,4.226737864129712,6.25,69.8849842469743,6526.216487931194,0.6824652777777778,1127.8458144434192,0.0,
pd,mppi_direct,300.0,1800.0,0.1,0.1,5.0,7.5,10.0,10.0,10,100.0,inf,cone,both,5000.0,10.0,0.01,30.0,0.01,256,20,3,0.5,0.1,0.99,10.0,256,20,0,128,0,4.226737864129712,7.5,69.86250129728667,8014.472191058877,0.6303385416666667,1238.8607353096652,0.0,
pd,mppi_direct,300.0,1800.0,0.1,0.1,5.0,10.0,10.0,10.0,10,100.0,inf,cone,both,5000.0,10.0,0.01,30.0,0.01,256,20,3,0.5,0.1,0.99,10.0,256,20,0,128,0,4.205160829728921,10.0,69.86174134946077,10271.673544179204,0.5572048611111111,1412.7895282629063,0.0,
pd,mppi_direct,300.0,1800.0,0.1,0.1,5.0,inf,10.0,10.0,10,100.0,inf,cone,both,5000.0,10.0,0.01,30.0,0.01,256,20,3,0.5,0.1,0.99,10.0,256,20,0,128,0,4.226737864129712,17.057575052191794,69.86174134946077,12758.60491424628,0.534375,1566.0203916217138,0.0,
pd,mppi_direct,300.0,1800.0,0.1,0.11,5.0,1.25,10.0,10.0,10,100.0,inf,cone,both,5000.0,10.0,0.01,30.0,0.01,256,20,3,0.5,0.1,0.99,10.0,256,20,0,128,92,3.06143354632412,1.25,44.3245047832264,751.2725158742272,0.7326277709359605,298.8450177931132,0.71875,580.0
pd,mppi_direct,300.0,1800.0,0.1,0.11,5.0,2.5,10.0,10.0,10,100.0,inf,cone,both,5000.0,10.0,0.01,30.0,0.01,256,20,3,0.5,0.1,0.99,10.0,256,20,0,128,14,4.318666361959735,2.5,47.6858578648449,1755.881525300703,0.7336371527777777,523.6711353874389,0.109375,800.0
pd,mppi_direct,300.0,1800.0,0.1,0.11,5.0,3.75,10.0,10.0,10,100.0,inf,cone,both,5000.0,10.0,0.01,30.0,0.01,256,20,3,0.5,0.1,0.99,10.0,256,20,0,128,0,4.267474656933701,3.75,76.51816710600633,3000.52576042015,0.7184461805555555,789.6250031044744,0.0,
pd,mppi_direct,300.0,1800.0,0.1,0.11,5.0,4.5,10.0,10.0,10,100.0,inf,cone,both,5000.0,10.0,0.01,30.0,0.01,256,20,3,0.5,0.1,0.99,10.0,256,20,0,128,0,4.287940451126936,4.5,75.80084483933865,4193.793264234795,0.7228732638888888,883.4067241833084,0.0,
pd,mppi_direct,300.0,1800.0,0.1,0.11,5.0,5.0,10.0,10.0,10,100.0,inf,cone,both,5000.0,10.0,0.01,30.0,0.01,256,20,3,0.5,0.1,0.99,10.0,256,20,0,128,0,4.310994275595678,5.0,74.9582821984694,4895.52400215756,0.7226128472222222,917.402327243782,0.0,
pd,mppi_direct,300.0,1800.0,0.1,0.11,5.0,5.5,10.0,10.0,10,100.0,inf,cone,both,5000.0,10.0,0.01,30.0,0.01,256,20,3,0.5,0.1,0.99,10.0,256,20,0,128,0,4.288190662068713,5.5,75.28951613003005,5706.646591803943,0.7051649305555555,1009.928415297284,0.0,
pd,mppi_direct,300.0,1800.0,0.1,0.11,5.0,6.25,10.0,10.0,10,100.0,inf,cone,both,5000.0,10.0,0.01,30.0,0.01,256,20,3,0.5,0.1,0.99,10.0,256,20,0,128,0,4.270162728150234,6.25,75.0097591619641,6721.2047336397545,0.6831163194444444,1105.1455502755489,0.0,
pd,mppi_direct,300.0,1800.0,0.1,0.11,5.0,7.5,10.0,10.0,10,100.0,inf,cone,both,5000.0,10.0,0.01,30.0,0.01,256,20,3,0.5,0.1,0.99,10.0,256,20,0,128,0,4.270162728150234,7.5,75.04275965763357,8293.681210047514,0.6253472222222223,1228.6598344410372,0.0,
pd,mppi_direct,300.0,1800.0,0.1,0.11,5.0,10.0,10.0,10.0,10,100.0,inf,cone,both,5000.0,10.0,0.01,30.0,0.01,256,20,3,0.5,0.1,0.99,10.0,256,20,0,128,0,4.248585693749444,10.0,75.0297441994821,10832.259675862808,0.5434461805555556,1425.1959131205915,0.0,
pd,mppi_direct,300.0,1800.0,0.1,0.11,5.0,inf,10.0,10.0,10,100.0,inf,cone,both,5000.0,10.0,0.01,30.0,0.01,256,20,3,0.5,0.1,0.99,10.0,256,20,0,128,0,4.248585693749444,18.78236062167352,75.0297441994821,14394.92503819973,0.5139322916666667,1708.8344849854657,0.0,
pd,mppi_direct,300.0,1800.0,0.1,0.125,5.0,1.25,10.0,10.0,10,100.0,inf,cone,both,5000.0,10.0,0.01,30.0,0.01,256,20,3,0.5,0.1,0.99,10.0,256,20,0,128,91,3.0897187444798107,1.25,46.755512014571536,775.537657172195,0.732005602489314,303.6177241734984,0.7109375,580.0
pd,mppi_direct,300.0,1800.0,0.1,0.125,5.0,2.5,10.0,10.0,10,100.0,inf,cone,both,5000.0,10.0,0.01,30.0,0.01,256,20,3,0.5,0.1,0.99,10.0,256,20,0,128,7,4.334002895631132,2.5,55.27849930716171,1840.9433604556657,0.7294704861111111,541.908162127402,0.0546875,800.0
pd,mppi_direct,300.0,1800.0,0.1,0.125,5.0,3.75,10.0,10.0,10,100.0,inf,cone,both,5000.0,10.0,0.01,30.0,0.01,256,20,3,0.5,0.1,0.99,10.0,256,20,0,128,0,4.33006991661295,3.75,83.77836534845981,3032.828731690553,0.7271267361111111,757.7062455764485,0.0,
pd,mppi_direct,300.0,1800.0,0.1,0.125,5.0,4.5,10.0,10.0,10,100.0,inf,cone,both,5000.0,10.0,0.01,30.0,0.01,256,20,3,0.5,0.1,0.99,10.0,256,20,0,128,1,4.287871331372376,4.483536870728014,87.73969929720752,4276.082300385045,0.7328559027777778,876.9866031108445,0.0078125,230.0
pd,mppi_direct,300.0,1800.0,0.1,0.125,5.0,5.0,10.0,10.0,10,100.0,inf,cone,both,5000.0,10.0,0.01,30.0,0.01,256,20,3,0.5,0.1,0.99,10.0,256,20,0,128,0,4.310744064653901,5.0,85.76799773216361,5092.322541020464,0.7293836805555556,953.1431847851276,0.0,
pd,mppi_direct,300.0,1800.0,0.1,0.125,5.0,5.5,10.0,10.0,10,100.0,inf,cone,both,5000.0,10.0,0.01,30.0,0.01,256,20,3,0.5,0.1,0.99,10.0,256,20,0,128,0,4.330859606964332,5.5,83.91621411170625,5841.921338286695,0.7151909722222223,994.9374319960152,0.0,
pd,mppi_direct,300.0,1800.0,0.1,0.125,5.0,6.25,10.0,10.0,10,100.0,inf,cone,both,5000.0,10.0,0.01,30.0,0.01,256,20,3,0.5,0.1,0.99,10.0,256,20,0,128,1,4.286214921950424,6.2201523384881865,83.66447675495228,6952.520764703576,0.6794704861111112,1098.4004092461869,0.0078125,220.0
pd,mppi_direct,300.0,1800.0,0.1,0.125,5.0,7.5,10.0,10.0,10,100.0,inf,cone,both,5000.0,10.0,0.01,30.0,0.01,256,20,3,0.5,0.1,0.99,10.0,256,20,0,128,1,4.269651346006376,7.460536770352177,83.50480750622077,8685.13978242956,0.6063802083333333,1270.0431735638997,0.0078125,220.0
pd,mppi_direct,300.0,1800.0,0.1,0.125,5.0,10.0,10.0,10.0,10,100.0,inf,cone,both,5000.0,10.0,0.01,30.0,0.01,256,20,3,0.5,0.1,0.99,10.0,256,20,0,128,1,4.244777951278817,9.941025772521389,83.50948415798851,11563.345628486091,0.5151041666666667,1504.2179912264835,0.0078125,220.0
pd,mppi_direct,300.0,1800.0,0.1,0.125,5.0,inf,10.0,10.0,10,100.0,inf,cone,both,5000.0,10.0,0.01,30.0,0.01,256,20,3,0.5,0.1,0.99,10.0,256,20,0,128,1,4.225609682843576,21.205319982257624,83.50949241022316,16872.625281824126,0.4782118055555555,2036.9763048822476,0.0078125,220.0
pd,mppi_direct,300.0,1800.0,0.1,0.15,5.0,1.25,10.0,10.0,10,100.0,inf,cone,both,5000.0,10.0,0.01,30.0,0.01,256,20,3,0.5,0.1,0.99,10.0,256,20,0,128,95,3.171935746490969,1.25,50.22463808134025,713.2432820380799,0.7589834143751397,276.4377772091102,0.7421875,610.0
pd,mppi_direct,300.0,1800.0,0.1,0.15,5.0,2.5,10.0,10.0,10,100.0,inf,cone,both,5000.0,10.0,0.01,30.0,0.01,256,20,3,0.5,0.1,0.99,10.0,256,20,0,128,7,4.416433399709068,2.5,64.82315708371958,1812.0243284245669,0.7626736111111111,491.8130716005773,0.0546875,780.0
pd,mppi_direct,300.0,1800.0,0.1,0.15,5.0,3.75,10.0,10.0,10,100.0,inf,cone,both,5000.0,10.0,0.01,30.0,0.01,256,20,3,0.5,0.1,0.99,10.0,256,20,0,128,0,4.330586486882848,3.75,104.34772319543843,3182.368838534709,0.7297309027777777,784.0835891090077,0.0,
pd,mppi_direct,300.0,1800.0,0.1,0.15,5.0,4.5,10.0,10.0,10,100.0,inf,cone,both,5000.0,10.0,0.01,30.0,0.01,256,20,3,0.5,0.1,0.99,10.0,256,20,0,128,1,4.307337960733829,4.487576918217167,101.5651249130063,4552.8714661343165,0.7243923611111112,910.6875256845568,0.0078125,220.0
pd,mppi_direct,300.0,1800.0,0.1,0.15,5.0,5.0,10.0,10.0,10,100.0,inf,cone,both,5000.0,10.0,0.01,30.0,0.01,256,20,3,0.5,0.1,0.99,10.0,256,20,0,128,1,4.266801655068905,4.984496850709696,102.62994183333568,5395.912994568007,0.716015625,1037.8234307317907,0.0078125,220.0
pd,mppi_direct,300.0,1800.0,0.1,0.15,5.0,5.5,10.0,10.0,10,100.0,inf,cone,both,5000.0,10.0,0.01,30.0,0.01,256,20,3,0.5,0.1,0.99,10.0,256,20,0,128,0,4.30696589053488,5.5,106.91261437934196,6336.571689289605,0.6978298611111111,1103.7862743136232,0.0,
pd,mppi_direct,300.0,1800.0,0.1,0.15,5.0,6.25,10.0,10.0,10,100.0,inf,cone,both,5000.0,10.0,0.01,30.0,0.01,256,20,3,0.5,0.1,0.99,10.0,256,20,0,128,0,4.324958398594374,6.25,103.74892646380934,7538.925722673145,0.6507378472222223,1181.4366718046097,0.0,
pd,mppi_direct,300.0,1800.0,0.1,0.15,5.0,7.5,10.0,10.0,10,100.0,inf,cone,both,5000.0,10.0,0.01,30.0,0.01,256,20,3,0.5,0.1,0.99,10.0,256,20,0,128,1,4.34438591440196,7.463705610829111,103.55265492093088,9309.552025652389,0.5881510416666667,1241.722661490841,0.0078125,210.0
pd,mppi_direct,300.0,1800.0,0.1,0.15,5.0,10.0,10.0,10.0,10,100.0,inf,cone,both,5000.0,10.0,0.01,30.0,0.01,256,20,3,0.5,0.1,0.99,10.0,256,20,0,128,0,4.306939475771553,10.0,102.75185430097976,12669.57362556506,0.4831163194444444,1598.6387563983294,0.0,
pd,mppi_direct,300.0,1800.0,0.1,0.15,5.0,inf,10.0,10.0,10,100.0,inf,cone,both,5000.0,10.0,0.01,30.0,0.01,256,20,3,0.5,0.1,0.99,10.0,256,20,0,128,0,4.306939626524604,25.63212874667056,102.74435161169448,21250.511961333144,0.433984375,2504.538379251016,0.0,
pd,mppi_direct,300.0,1800.0,0.1,0.2,5.0,1.25,10.0,10.0,10,100.0,inf,cone,both,5000.0,10.0,0.01,30.0,0.01,256,20,3,0.5,0.1,0.99,10.0,256,20,0,128,97,3.282906520734924,1.25,56.263737306431935,670.7702932027082,0.7797896464030711,256.68505954722303,0.7578125,640.0
pd,mppi_direct,300.0,1800.0,0.1,0.2,5.0,2.5,10.0,10.0,10,100.0,inf,cone,both,5000.0,10.0,0.01,30.0,0.01,256,20,3,0.5,0.1,0.99,10.0,256,20,0,128,5,4.336925059333757,2.5,82.7182630133558,2130.7600665125083,0.7360677083333333,615.3229586774737,0.0390625,810.0
pd,mppi_direct,300.0,1800.0,0.1,0.2,5.0,3.75,10.0,10.0,10,100.0,inf,cone,both,5000.0,10.0,0.01,30.0,0.01,256,20,3,0.5,0.1,0.99,10.0,256,20,0,128,2,4.365416462356866,3.7374986617636674,153.93451964837877,3450.7458189143563,0.748828125,769.1588833270886,0.015625,170.0
pd,mppi_direct,300.0,1800.0,0.1,0.2,5.0,4.5,10.0,10.0,10,100.0,inf,cone,both,5000.0,10.0,0.01,30.0,0.01,256,20,3,0.5,0.1,0.99,10.0,256,20,0,128,0,4.3999384637122185,4.5,141.84951414944504,4788.124571983432,0.7475260416666667,894.6215814273837,0.0,
pd,mppi_direct,300.0,1800.0,0.1,0.2,5.0,5.0,10.0,10.0,10,100.0,inf,cone,both,5000.0,10.0,0.01,30.0,0.01,256,20,3,0.5,0.1,0.99,10.0,256,20,0,128,0,4.313364657531063,5.0,152.0565302909665,6186.653346545326,0.7032118055555555,1124.3408643008754,0.0,
pd,mppi_direct,300.0,1800.0,0.1,0.2,5.0,5.5,10.0,10.0,10,100.0,inf,cone,both,5000.0,10.0,0.01,30.0,0.01,256,20,3,0.5,0.1,0.99,10.0,256,20,0,128,0,4.371958632392693,5.5,157.1678890467182,7193.410418408537,0.6698784722222222,1114.6365521684322,0.0,
pd,mppi_direct,300.0,1800.0,0.1,0.2,5.0,6.25,10.0,10.0,10,100.0,inf,cone,both,5000.0,10.0,0.01,30.0,0.01,256,20,3,0.5,0.1,0.99,10.0,256,20,0,128,0,4.307575273077609,6.25,151.307096273757,8657.094432189839,0.6075520833333333,1327.482602102663,0.0,
pd,mppi_direct,300.0,1800.0,0.1,0.2,5.0,7.5,10.0,10.0,10,100.0,inf,cone,both,5000.0,10.0,0.01,30.0,0.01,256,20,3,0.5,0.1,0.99,10.0,256,20,0,128,0,4.292335511124432,7.5,153.795105132742,11061.851167440584,0.5314670138888888,1623.4285928889,0.0,
pd,mppi_direct,300.0,1800.0,0.1,0.2,5.0,10.0,10.0,10.0,10,100.0,inf,cone,both,5000.0,10.0,0.01,30.0,0.01,256,20,3,0.5,0.1,0.99,10.0,256,20,0,128,0,4.248027264581165,10.0,153.17924084673746,15043.022958440752,0.4233072916666666,2065.3312192006906,0.0,
pd,mppi_direct,300.0,1800.0,0.1,0.2,5.0,inf,10.0,10.0,10,100.0,inf,cone,both,5000.0,10.0,0.01,30.0,0.01,256,20,3,0.5,0.1,0.99,10.0,256,20,0,128,0,4.2281792998129735,34.23154719320943,152.7613093187306,31118.173420817988,0.3582465277777777,4215.358455596057,0.0,
pd,mppi_lqr,300.0,1800.0,0.1,0.025,5.0,1.25,10.0,10.0,10,100.0,inf,cone,both,5000.0,10.0,0.01,30.0,0.01,256,20,3,0.5,0.1,0.99,10.0,256,20,0,128,90,2.577699650249869,1.25,52.96998783071474,592.5931465605609,0.7163010817307692,224.54379773566896,0.703125,880.0
pd,mppi_lqr,300.0,1800.0,0.1,0.025,5.0,2.5,10.0,10.0,10,100.0,inf,cone,both,5000.0,10.0,0.01,30.0,0.01,256,20,3,0.5,0.1,0.99,10.0,256,20,0,128,90,3.365323478722823,2.5,55.75499516488493,954.1384877911188,0.7171829653814262,311.0951969919526,0.703125,1420.0
pd,mppi_lqr,300.0,1800.0,0.1,0.025,5.0,3.75,10.0,10.0,10,100.0,inf,cone,both,5000.0,10.0,0.01,30.0,0.01,256,20,3,0.5,0.1,0.99,10.0,256,20,0,128,0,4.1168317014062525,3.7489799054342554,63.26752854325915,1098.5690120500958,0.7178385416666667,324.7134945228036,0.0,
pd,mppi_lqr,300.0,1800.0,0.1,0.025,5.0,4.5,10.0,10.0,10,100.0,inf,cone,both,5000.0,10.0,0.01,30.0,0.01,256,20,3,0.5,0.1,0.99,10.0,256,20,0,128,0,4.142588240629639,3.922205587910728,64.06019715811442,1102.84665928932,0.7178385416666667,324.70273183760594,0.0,
pd,mppi_lqr,300.0,1800.0,0.1,0.025,5.0,5.0,10.0,10.0,10,100.0,inf,cone,both,5000.0,10.0,0.01,30.0,0.01,256,20,3,0.5,0.1,0.99,10.0,256,20,0,128,0,4.14221853195061,3.923458359993031,63.90412404613179,1102.4354340368666,0.7178385416666667,324.70042788043486,0.0,
pd,mppi_lqr,300.0,1800.0,0.1,0.025,5.0,5.5,10.0,10.0,10,100.0,inf,cone,both,5000.0,10.0,0.01,30.0,0.01,256,20,3,0.5,0.1,0.99,10.0,256,20,0,128,0,4.142254450445796,3.923486773578852,63.90339770419221,1102.4311870363497,0.7178385416666667,324.7003920171365,0.0,
pd,mppi_lqr,300.0,1800.0,0.1,0.025,5.0,6.25,10.0,10.0,10,100.0,inf,cone,both,5000.0,10.0,0.01,30.0,0.01,256,20,3,0.5,0.1,0.99,10.0,256,20,0,128,0,4.142254456423964,3.923486592008625,63.903398071104846,1102.4311868117354,0.7178385416666667,324.7003920139657,0.0,
pd,mppi_lqr,300.0,1800.0,0.1,0.025,5.0,7.5,10.0,10.0,10,100.0,inf,cone,both,5000.0,10.0,0.01,30.0,0.01,256,20,3,0.5,0.1,0.99,10.0,256,20,0,128,0,4.142254456423964,3.923486592008625,63.903398071104846,1102.4311868117354,0.7178385416666667,324.7003920139657,0.0,
pd,mppi_lqr,300.0,1800.0,0.1,0.025,5.0,10.0,10.0,10.0,10,100.0,inf,cone,both,5000.0,10.0,0.01,30.0,0.01,256,20,3,0.5,0.1,0.99,10.0,256,20,0,128,0,4.142254456423964,3.923486592008625,63.903398071104846,1102.4311868117354,0.7178385416666667,324.7003920139657,0.0,
pd,mppi_lqr,300.0,1800.0,0.1,0.025,5.0,inf,10.0,10.0,10,100.0,inf,cone,both,5000.0,10.0,0.01,30.0,0.01,256,20,3,0.5,0.1,0.99,10.0,256,20,0,128,0,4.142254456423964,3.923486592008625,63.903398071104846,1102.4311868117354,0.7178385416666667,324.7003920139657,0.0,
pd,mppi_lqr,300.0,1800.0,0.1,0.05,5.0,1.25,10.0,10.0,10,100.0,inf,cone,both,5000.0,10.0,0.01,30.0,0.01,256,20,3,0.5,0.1,0.99,10.0,256,20,0,128,89,2.844832746290367,1.25,76.83872958703884,778.3743903225793,0.7233940972222223,301.56774075653885,0.6953125,710.0
pd,mppi_lqr,300.0,1800.0,0.1,0.05,5.0,2.5,10.0,10.0,10,100.0,inf,cone,both,5000.0,10.0,0.01,30.0,0.01,256,20,3,0.5,0.1,0.99,10.0,256,20,0,128,89,3.3054680977665893,2.5,79.30895809157792,1367.2577140584935,0.71328125,511.76913072219753,0.6953125,930.0
pd,mppi_lqr,300.0,1800.0,0.1,0.05,5.0,3.75,10.0,10.0,10,100.0,inf,cone,both,5000.0,10.0,0.01,30.0,0.01,256,20,3,0.5,0.1,0.99,10.0,256,20,0,128,79,4.074140557979992,3.75,81.21108676605677,1793.0048441574595,0.71875,623.5381983576117,0.6171875,1160.0
pd,mppi_lqr,300.0,1800.0,0.1,0.05,5.0,4.5,10.0,10.0,10,100.0,inf,cone,both,5000.0,10.0,0.01,30.0,0.01,256,20,3,0.5,0.1,0.99,10.0,256,20,0,128,14,4.24013257017586,4.5,96.36650012296803,2313.1732065920582,0.71875,670.317936975891,0.109375,1295.0
pd,mppi_lqr,300.0,1800.0,0.1,0.05,5.0,5.0,10.0,10.0,10,100.0,inf,cone,both,5000.0,10.0,0.01,30.0,0.01,256,20,3,0.5,0.1,0.99,10.0,256,20,0,128,0,4.242090336579807,5.0,101.09615593387272,2686.757952840097,0.7187065972222222,693.0651269596682,0.0,
pd,mppi_lqr,300.0,1800.0,0.1,0.05,5.0,5.5,10.0,10.0,10,100.0,inf,cone,both,5000.0,10.0,0.01,30.0,0.01,256,20,3,0.5,0.1,0.99,10.0,256,20,0,128,0,4.242090336579807,5.5,101.6601741429442,3010.4528353210176,0.7184461805555555,710.1366174986966,0.0,
pd,mppi_lqr,300.0,1800.0,0.1,0.05,5.0,6.25,10.0,10.0,10,100.0,inf,cone,both,5000.0,10.0,0.01,30.0,0.01,256,20,3,0.5,0.1,0.99,10.0,256,20,0,128,0,4.242090336579807,6.25,101.7183123461563,3405.292354350408,0.7182291666666667,726.5211727025031,0.0,
pd,mppi_lqr,300.0,1800.0,0.1,0.05,5.0,7.5,10.0,10.0,10,100.0,inf,cone,both,5000.0,10.0,0.01,30.0,0.01,256,20,3,0.5,0.1,0.99,10.0,256,20,0,128,0,4.242090336579807,7.5,101.70479203336092,3798.804558525502,0.7180989583333334,737.0908218624865,0.0,
pd,mppi_lqr,300.0,1800.0,0.1,0.05,5.0,10.0,10.0,10.0,10,100.0,inf,cone,both,5000.0,10.0,0.01,30.0,0.01,256,20,3,0.5,0.1,0.99,10.0,256,20,0,128,0,4.242090336579807,8.460559391774302,101.704842906278,3876.266208245425,0.7180989583333334,738.0597589724127,0.0,
pd,mppi_lqr,300.0,1800.0,0.1,0.05,5.0,inf,10.0,10.0,10,100.0,inf,cone,both,5000.0,10.0,0.01,30.0,0.01,256,20,3,0.5,0.1,0.99,10.0,256,20,0,128,0,4.242090336579807,8.460661667348413,101.704842906278,3876.079271953136,0.7180989583333334,738.058439090702,0.0,
pd,mppi_lqr,300.0,1800.0,0.1,0.075,5.0,1.25,10.0,10.0,10,100.0,inf,cone,both,5000.0,10.0,0.01,30.0,0.01,256,20,3,0.5,0.1,0.99,10.0,256,20,0,128,89,3.234409978798296,1.25,85.87570673956053,843.4391865198279,0.7191840277777778,329.5312568021611,0.6953125,710.0
pd,mppi_lqr,300.0,1800.0,0.1,0.075,5.0,2.5,10.0,10.0,10,100.0,inf,cone,both,5000.0,10.0,0.01,30.0,0.01,256,20,3,0.5,0.1,0.99,10.0,256,20,0,128,78,3.962827077137091,2.5,90.13505752686989,1509.474417905016,0.7342013888888889,537.9105258199478,0.609375,810.0
pd,mppi_lqr,300.0,1800.0,0.1,0.075,5.0,3.75,10.0,10.0,10,100.0,inf,cone,both,5000.0,10.0,0.01,30.0,0.01,256,20,3,0.5,0.1,0.99,10.0,256,20,0,128,28,4.240823860682014,3.75,125.94985662765568,2727.5714087676656,0.7289496527777778,736.9998893395168,0.21875,940.0
pd,mppi_lqr,300.0,1800.0,0.1,0.075,5.0,4.5,10.0,10.0,10,100.0,inf,cone,both,5000.0,10.0,0.01,30.0,0.01,256,20,3,0.5,0.1,0.99,10.0,256,20,0,128,3,4.26214795824483,4.5,137.28175061920086,3908.4064118019114,0.7228732638888888,848.0057922958455,0.0234375,990.0
pd,mppi_lqr,300.0,1800.0,0.1,0.075,5.0,5.0,10.0,10.0,10,100.0,inf,cone,both,5000.0,10.0,0.01,30.0,0.01,256,20,3,0.5,0.1,0.99,10.0,256,20,0,128,0,4.282998833538126,5.0,139.6692844201419,4574.751049942143,0.7265190972222222,874.3547190444168,0.0,
pd,mppi_lqr,300.0,1800.0,0.1,0.075,5.0,5.5,10.0,10.0,10,100.0,inf,cone,both,5000.0,10.0,0.01,30.0,0.01,256,20,3,0.5,0.1,0.99,10.0,256,20,0,128,0,4.282998833538126,5.5,139.72004102744094,5144.004127939188,0.7250434027777778,916.1688791996908,0.0,
pd,mppi_lqr,300.0,1800.0,0.1,0.075,5.0,6.25,10.0,10.0,10,100.0,inf,cone,both,5000.0,10.0,0.01,30.0,0.01,256,20,3,0.5,0.1,0.99,10.0,256,20,0,128,0,4.282998833538126,6.25,138.990549460006,5887.888317065073,0.7181857638888889,967.0245650917016,0.0,
pd,mppi_lqr,300.0,1800.0,0.1,0.075,5.0,7.5,10.0,10.0,10,100.0,inf,cone,both,5000.0,10.0,0.01,30.0,0.01,256,20,3,0.5,0.1,0.99,10.0,256,20,0,128,0,4.26214795824483,7.5,138.86990369491917,7011.362061061109,0.6885850694444444,1058.6367587998752,0.0,
pd,mppi_lqr,300.0,1800.0,0.1,0.075,5.0,10.0,10.0,10.0,10,100.0,inf,cone,both,5000.0,10.0,0.01,30.0,0.01,256,20,3,0.5,0.1,0.99,10.0,256,20,0,128,0,4.26214795824483,10.0,138.85944334637756,8422.729093445536,0.6508680555555556,1121.441141618697,0.0,
pd,mppi_lqr,300.0,1800.0,0.1,0.075,5.0,inf,10.0,10.0,10,100.0,inf,cone,both,5000.0,10.0,0.01,30.0,0.01,256,20,3,0.5,0.1,0.99,10.0,256,20,0,128,0,4.26214795824483,12.860181252294431,138.85944334637756,8940.634603374065,0.6450086805555556,1143.1594195881378,0.0,
pd,mppi_lqr,300.0,1800.0,0.1,0.09,5.0,1.25,10.0,10.0,10,100.0,inf,cone,both,5000.0,10.0,0.01,30.0,0.01,256,20,3,0.5,0.1,0.99,10.0,256,20,0,128,90,3.362226961299212,1.25,86.61780899985624,838.978628430724,0.7328326731220657,321.5847434084699,0.703125,725.0
pd,mppi_lqr,300.0,1800.0,0.1,0.09,5.0,2.5,10.0,10.0,10,100.0,inf,cone,both,5000.0,10.0,0.01,30.0,0.01,256,20,3,0.5,0.1,0.99,10.0,256,20,0,128,51,4.287917205777891,2.5,93.78122199026647,1593.0531905277032,0.7547658367208672,527.413305890639,0.3984375,830.0
pd,mppi_lqr,300.0,1800.0,0.1,0.09,5.0,3.75,10.0,10.0,10,100.0,inf,cone,both,5000.0,10.0,0.01,30.0,0.01,256,20,3,0.5,0.1,0.99,10.0,256,20,0,128,4,4.327075109534771,3.75,203.16957837065797,3088.3980802816213,0.7404079861111111,741.7408498735397,0.03125,865.0
pd,mppi_lqr,300.0,1800.0,0.1,0.09,5.0,4.5,10.0,10.0,10,100.0,inf,cone,both,5000.0,10.0,0.01,30.0,0.01,256,20,3,0.5,0.1,0.99,10.0,256,20,0,128,0,4.332271368895463,4.5,208.29002662905705,4197.809039279348,0.7405381944444445,847.8494186728242,0.0,
pd,mppi_lqr,300.0,1800.0,0.1,0.09,5.0,5.0,10.0,10.0,10,100.0,inf,cone,both,5000.0,10.0,0.01,30.0,0.01,256,20,3,0.5,0.1,0.99,10.0,256,20,0,128,0,4.349535831669202,5.0,208.2815037078805,4923.867486799105,0.7454861111111111,870.6180944780808,0.0,
pd,mppi_lqr,300.0,1800.0,0.1,0.09,5.0,5.5,10.0,10.0,10,100.0,inf,cone,both,5000.0,10.0,0.01,30.0,0.01,256,20,3,0.5,0.1,0.99,10.0,256,20,0,128,0,4.32888161482188,5.5,207.34365417368883,5697.285213393302,0.7310763888888889,954.0579752904443,0.0,
pd,mppi_lqr,300.0,1800.0,0.1,0.09,5.0,6.25,10.0,10.0,10,100.0,inf,cone,both,5000.0,10.0,0.01,30.0,0.01,256,20,3,0.5,0.1,0.99,10.0,256,20,0,128,0,4.349535831669202,6.25,206.78295506512683,6583.280904291615,0.7133680555555556,981.1525914513512,0.0,
pd,mppi_lqr,300.0,1800.0,0.1,0.09,5.0,7.5,10.0,10.0,10,100.0,inf,cone,both,5000.0,10.0,0.01,30.0,0.01,256,20,3,0.5,0.1,0.99,10.0,256,20,0,128,0,4.349535831669202,7.5,206.453005972464,7984.736481522086,0.6664930555555556,1062.4216586333223,0.0,
pd,mppi_lqr,300.0,1800.0,0.1,0.09,5.0,10.0,10.0,10.0,10,100.0,inf,cone,both,5000.0,10.0,0.01,30.0,0.01,256,20,3,0.5,0.1,0.99,10.0,256,20,0,128,0,4.349535831669202,10.0,206.36628284070977,10037.701809678492,0.6058159722222222,1164.3381318640909,0.0,
pd,mppi_lqr,300.0,1800.0,0.1,0.09,5.0,inf,10.0,10.0,10,100.0,inf,cone,both,5000.0,10.0,0.01,30.0,0.01,256,20,3,0.5,0.1,0.99,10.0,256,20,0,128,0,4.349535831669202,15.458964256485933,206.36628333776875,11688.554131817673,0.5894965277777777,1265.5842846516307,0.0,
pd,mppi_lqr,300.0,1800.0,0.1,0.1,5.0,1.25,10.0,10.0,10,100.0,inf,cone,both,5000.0,10.0,0.01,30.0,0.01,256,20,3,0.5,0.1,0.99,10.0,256,20,0,128,90,3.371880473644627,1.25,90.96987816172964,829.0426931081998,0.7209403120109547,334.3291408760883,0.703125,730.0
pd,mppi_lqr,300.0,1800.0,0.1,0.1,5.0,2.5,10.0,10.0,10,100.0,inf,cone,both,5000.0,10.0,0.01,30.0,0.01,256,20,3,0.5,0.1,0.99,10.0,256,20,0,128,30,4.285289912125655,2.5,101.5513055094986,1827.8021194929408,0.7421006944444445,570.4768655497835,0.234375,830.0
pd,mppi_lqr,300.0,1800.0,0.1,0.1,5.0,3.75,10.0,10.0,10,100.0,inf,cone,both,5000.0,10.0,0.01,30.0,0.01,256,20,3,0.5,0.1,0.99,10.0,256,20,0,128,1,4.309775805343365,3.75,236.27496325710604,3229.6654747160896,0.7388454861111111,787.2919928120656,0.0078125,740.0
pd,mppi_lqr,300.0,1800.0,0.1,0.1,5.0,4.5,10.0,10.0,10,100.0,inf,cone,both,5000.0,10.0,0.01,30.0,0.01,256,20,3,0.5,0.1,0.99,10.0,256,20,0,128,1,4.396659210821805,4.5,252.49606615029867,4220.368355504267,0.7567708333333333,799.3519363294552,0.0078125,800.0
pd,mppi_lqr,300.0,1800.0,0.1,0.1,5.0,5.0,10.0,10.0,10,100.0,inf,cone,both,5000.0,10.0,0.01,30.0,0.01,256,20,3,0.5,0.1,0.99,10.0,256,20,0,128,0,4.356594355105099,5.0,253.0469178744731,5078.3459501043735,0.7454861111111111,922.3772649961136,0.0,
pd,mppi_lqr,300.0,1800.0,0.1,0.1,5.0,5.5,10.0,10.0,10,100.0,inf,cone,both,5000.0,10.0,0.01,30.0,0.01,256,20,3,0.5,0.1,0.99,10.0,256,20,0,128,0,4.353958649776116,5.5,253.12843722017507,5831.890132791707,0.7381510416666667,971.7551418054804,0.0,
pd,mppi_lqr,300.0,1800.0,0.1,0.1,5.0,6.25,10.0,10.0,10,100.0,inf,cone,both,5000.0,10.0,0.01,30.0,0.01,256,20,3,0.5,0.1,0.99,10.0,256,20,0,128,0,4.374074192086547,6.25,251.02611677423732,6835.027741887986,0.7151909722222223,1015.5128348738564,0.0,
pd,mppi_lqr,300.0,1800.0,0.1,0.1,5.0,7.5,10.0,10.0,10,100.0,inf,cone,both,5000.0,10.0,0.01,30.0,0.01,256,20,3,0.5,0.1,0.99,10.0,256,20,0,128,0,4.374074192086547,7.5,251.34931251277857,8422.822618361733,0.6601996527777778,1112.756072254046,0.0,
pd,mppi_lqr,300.0,1800.0,0.1,0.1,5.0,10.0,10.0,10.0,10,100.0,inf,cone,both,5000.0,10.0,0.01,30.0,0.01,256,20,3,0.5,0.1,0.99,10.0,256,20,0,128,0,4.374074192086547,10.0,251.48937814218036,10840.480233986247,0.5880208333333333,1237.556589425404,0.0,
pd,mppi_lqr,300.0,1800.0,0.1,0.1,5.0,inf,10.0,10.0,10,100.0,inf,cone,both,5000.0,10.0,0.01,30.0,0.01,256,20,3,0.5,0.1,0.99,10.0,256,20,0,128,0,4.374074192086547,17.19106332886499,251.488924092578,13487.895630421635,0.5639756944444444,1417.5485856371486,0.0,
pd,mppi_lqr,300.0,1800.0,0.1,0.11,5.0,1.25,10.0,10.0,10,100.0,inf,cone,both,5000.0,10.0,0.01,30.0,0.01,256,20,3,0.5,0.1,0.99,10.0,256,20,0,128,91,3.455327391864341,1.25,87.42302863736352,811.3940626164932,0.7335444786776213,323.36133496915426,0.7109375,740.0
pd,mppi_lqr,300.0,1800.0,0.1,0.11,5.0,2.5,10.0,10.0,10,100.0,inf,cone,both,5000.0,10.0,0.01,30.0,0.01,256,20,3,0.5,0.1,0.99,10.0,256,20,0,128,25,4.219228433439494,2.5,107.59833773986732,1921.2373446572676,0.7168402777777778,617.7525956954631,0.1953125,830.0
pd,mppi_lqr,300.0,1800.0,0.1,0.11,5.0,3.75,10.0,10.0,10,100.0,inf,cone,both,5000.0,10.0,0.01,30.0,0.01,256,20,3,0.5,0.1,0.99,10.0,256,20,0,128,0,4.439935458084772,3.75,250.32636599911007,3185.874019011903,0.7739149305555556,699.7193363112841,0.0,
pd,mppi_lqr,300.0,1800.0,0.1,0.11,5.0,4.5,10.0,10.0,10,100.0,inf,cone,both,5000.0,10.0,0.01,30.0,0.01,256,20,3,0.5,0.1,0.99,10.0,256,20,0,128,0,4.355236198335112,4.5,277.93065148619485,4282.346807942045,0.74765625,877.3050791836454,0.0,
pd,mppi_lqr,300.0,1800.0,0.1,0.11,5.0,5.0,10.0,10.0,10,100.0,inf,cone,both,5000.0,10.0,0.01,30.0,0.01,256,20,3,0.5,0.1,0.99,10.0,256,20,0,128,0,4.355120130830697,5.0,282.62434184577967,5086.81416828184,0.7474826388888889,939.4358222562385,0.0,
pd,mppi_lqr,300.0,1800.0,0.1,0.11,5.0,5.5,10.0,10.0,10,100.0,inf,cone,both,5000.0,10.0,0.01,30.0,0.01,256,20,3,0.5,0.1,0.99,10.0,256,20,0,128,0,4.398781925644019,5.5,282.2055616516356,5767.230892960637,0.7448350694444444,924.7322137766496,0.0,
pd,mppi_lqr,300.0,1800.0,0.1,0.11,5.0,6.25,10.0,10.0,10,100.0,inf,cone,both,5000.0,10.0,0.01,30.0,0.01,256,20,3,0.5,0.1,0.99,10.0,256,20,0,128,0,4.395730620704961,6.25,282.35656985094244,6873.398747823515,0.7151475694444445,1007.518921411199,0.0,
pd,mppi_lqr,300.0,1800.0,0.1,0.11,5.0,7.5,10.0,10.0,10,100.0,inf,cone,both,5000.0,10.0,0.01,30.0,0.01,256,20,3,0.5,0.1,0.99,10.0,256,20,0,128,0,4.395730620704961,7.5,281.5820829203164,8599.326324624124,0.6533854166666667,1113.1893081737408,0.0,
pd,mppi_lqr,300.0,1800.0,0.1,0.11,5.0,10.0,10.0,10.0,10,100.0,inf,cone,both,5000.0,10.0,0.01,30.0,0.01,256,20,3,0.5,0.1,0.99,10.0,256,20,0,128,0,4.374938806811716,10.0,281.4244603572805,11326.12644611633,0.5700086805555555,1286.95503116059,0.0,
pd,mppi_lqr,300.0,1800.0,0.1,0.11,5.0,inf,10.0,10.0,10,100.0,inf,cone,both,5000.0,10.0,0.01,30.0,0.01,256,20,3,0.5,0.1,0.99,10.0,256,20,0,128,0,4.374938806811716,18.909545192826705,281.4272326904606,15071.91679583249,0.5384114583333334,1566.6432355588834,0.0,
pd,mppi_lqr,300.0,1800.0,0.1,0.125,5.0,1.25,10.0,10.0,10,100.0,inf,cone,both,5000.0,10.0,0.01,30.0,0.01,256,20,3,0.5,0.1,0.99,10.0,256,20,0,128,91,3.5213132959985463,1.25,87.40374806983596,813.8619710706245,0.7325142973856209,326.007183539375,0.7109375,740.0
pd,mppi_lqr,300.0,1800.0,0.1,0.125,5.0,2.5,10.0,10.0,10,100.0,inf,cone,both,5000.0,10.0,0.01,30.0,0.01,256,20,3,0.5,0.1,0.99,10.0,256,20,0,128,11,4.341876438446596,2.5,109.25633072049546,1984.406770986304,0.7515625,561.3298030341067,0.0859375,840.0
pd,mppi_lqr,300.0,1800.0,0.1,0.125,5.0,3.75,10.0,10.0,10,100.0,inf,cone,both,5000.0,10.0,0.01,30.0,0.01,256,20,3,0.5,0.1,0.99,10.0,256,20,0,128,0,4.423759527515792,3.75,255.80690780940265,3150.768825465232,0.7717013888888888,705.9882820944035,0.0,
pd,mppi_lqr,300.0,1800.0,0.1,0.125,5.0,4.5,10.0,10.0,10,100.0,inf,cone,both,5000.0,10.0,0.01,30.0,0.01,256,20,3,0.5,0.1,0.99,10.0,256,20,0,128,0,4.383411804881031,4.5,288.3923725501137,4098.878044533689,0.7544704861111111,848.1384270512334,0.0,
pd,mppi_lqr,300.0,1800.0,0.1,0.125,5.0,5.0,10.0,10.0,10,100.0,inf,cone,both,5000.0,10.0,0.01,30.0,0.01,256,20,3,0.5,0.1,0.99,10.0,256,20,0,128,0,4.4033029744489225,5.0,293.773250938645,4987.538115507195,0.7575520833333333,938.498295466966,0.0,
pd,mppi_lqr,300.0,1800.0,0.1,0.125,5.0,5.5,10.0,10.0,10,100.0,inf,cone,both,5000.0,10.0,0.01,30.0,0.01,256,20,3,0.5,0.1,0.99,10.0,256,20,0,128,0,4.383530490725068,5.5,294.42173021211846,5968.739350861133,0.7384114583333333,1017.0466968749936,0.0,
pd,mppi_lqr,300.0,1800.0,0.1,0.125,5.0,6.25,10.0,10.0,10,100.0,inf,cone,both,5000.0,10.0,0.01,30.0,0.01,256,20,3,0.5,0.1,0.99,10.0,256,20,0,128,0,4.442704587822525,6.25,294.2601281153626,7069.69698910147,0.7106770833333333,989.5263995402556,0.0,
pd,mppi_lqr,300.0,1800.0,0.1,0.125,5.0,7.5,10.0,10.0,10,100.0,inf,cone,both,5000.0,10.0,0.01,30.0,0.01,256,20,3,0.5,0.1,0.99,10.0,256,20,0,128,0,4.418124182229084,7.5,294.1755822870319,9037.81849983256,0.6328125,1146.8478505111464,0.0,
pd,mppi_lqr,300.0,1800.0,0.1,0.125,5.0,10.0,10.0,10.0,10,100.0,inf,cone,both,5000.0,10.0,0.01,30.0,0.01,256,20,3,0.5,0.1,0.99,10.0,256,20,0,128,0,4.442704587822525,10.0,294.2079543996121,12118.443016767797,0.542578125,1272.880280640307,0.0,
pd,mppi_lqr,300.0,1800.0,0.1,0.125,5.0,inf,10.0,10.0,10,100.0,inf,cone,both,5000.0,10.0,0.01,30.0,0.01,256,20,3,0.5,0.1,0.99,10.0,256,20,0,128,0,4.442704587822525,21.47799620266496,294.2079488157266,17695.956026284417,0.5048611111111111,1745.8490325949128,0.0,
pd,mppi_lqr,300.0,1800.0,0.1,0.15,5.0,1.25,10.0,10.0,10,100.0,inf,cone,both,5000.0,10.0,0.01,30.0,0.01,256,20,3,0.5,0.1,0.99,10.0,256,20,0,128,90,3.6231881002619937,1.25,86.96405482121648,830.1173045323911,0.7328243371212121,331.76180776284855,0.703125,750.0
pd,mppi_lqr,300.0,1800.0,0.1,0.15,5.0,2.5,10.0,10.0,10,100.0,inf,cone,both,5000.0,10.0,0.01,30.0,0.01,256,20,3,0.5,0.1,0.99,10.0,256,20,0,128,6,4.37470636535249,2.5,115.39078326731337,2066.518422748189,0.7572916666666667,537.3751205184961,0.046875,790.0
pd,mppi_lqr,300.0,1800.0,0.1,0.15,5.0,3.75,10.0,10.0,10,100.0,inf,cone,both,5000.0,10.0,0.01,30.0,0.01,256,20,3,0.5,0.1,0.99,10.0,256,20,0,128,0,4.465392554846326,3.75,257.6394868330125,3168.029785082564,0.7858072916666666,685.7190210205251,0.0,
pd,mppi_lqr,300.0,1800.0,0.1,0.15,5.0,4.5,10.0,10.0,10,100.0,inf,cone,both,5000.0,10.0,0.01,30.0,0.01,256,20,3,0.5,0.1,0.99,10.0,256,20,0,128,0,4.502352259625819,4.5,289.56187176873874,3996.738722313885,0.7973958333333333,733.2394204446272,0.0,
pd,mppi_lqr,300.0,1800.0,0.1,0.15,5.0,5.0,10.0,10.0,10,100.0,inf,cone,both,5000.0,10.0,0.01,30.0,0.01,256,20,3,0.5,0.1,0.99,10.0,256,20,0,128,0,4.420613270431379,5.0,297.03160406021465,5106.154823247773,0.7746527777777777,945.63849521728,0.0,
pd,mppi_lqr,300.0,1800.0,0.1,0.15,5.0,5.5,10.0,10.0,10,100.0,inf,cone,both,5000.0,10.0,0.01,30.0,0.01,256,20,3,0.5,0.1,0.99,10.0,256,20,0,128,0,4.400918066495369,5.5,296.6703078758209,5999.4275079884,0.7506076388888889,1024.818062521163,0.0,
pd,mppi_lqr,300.0,1800.0,0.1,0.15,5.0,6.25,10.0,10.0,10,100.0,inf,cone,both,5000.0,10.0,0.01,30.0,0.01,256,20,3,0.5,0.1,0.99,10.0,256,20,0,128,0,4.422141959925274,6.25,296.62821902642315,7222.247570644321,0.7121527777777777,1073.558290983936,0.0,
pd,mppi_lqr,300.0,1800.0,0.1,0.15,5.0,7.5,10.0,10.0,10,100.0,inf,cone,both,5000.0,10.0,0.01,30.0,0.01,256,20,3,0.5,0.1,0.99,10.0,256,20,0,128,0,4.4657655556739,7.5,296.79636306580664,9385.468828384915,0.6322482638888889,1161.000763096068,0.0,
pd,mppi_lqr,300.0,1800.0,0.1,0.15,5.0,10.0,10.0,10.0,10,100.0,inf,cone,both,5000.0,10.0,0.01,30.0,0.01,256,20,3,0.5,0.1,0.99,10.0,256,20,0,128,0,4.506064128146631,10.0,296.77270384950543,12835.193231445644,0.5326388888888889,1253.0719966727004,0.0,
pd,mppi_lqr,300.0,1800.0,0.1,0.15,5.0,inf,10.0,10.0,10,100.0,inf,cone,both,5000.0,10.0,0.01,30.0,0.01,256,20,3,0.5,0.1,0.99,10.0,256,20,0,128,0,4.506064128146631,25.764353025563747,296.77261554680564,21808.909244535607,0.4734375,2102.2402407618224,0.0,
pd,mppi_lqr,300.0,1800.0,0.1,0.2,5.0,1.25,10.0,10.0,10,100.0,inf,cone,both,5000.0,10.0,0.01,30.0,0.01,256,20,3,0.5,0.1,0.99,10.0,256,20,0,128,91,3.799611830581711,1.25,82.80255211610788,821.5089023824822,0.748274492024492,323.1099927289913,0.7109375,760.0
pd,mppi_lqr,300.0,1800.0,0.1,0.2,5.0,2.5,10.0,10.0,10,100.0,inf,cone,both,5000.0,10.0,0.01,30.0,0.01,256,20,3,0.5,0.1,0.99,10.0,256,20,0,128,2,4.367788581875375,2.5,124.34746171091354,2296.7780833297084,0.7596788194444445,559.7242017344296,0.015625,725.0
pd,mppi_lqr,300.0,1800.0,0.1,0.2,5.0,3.75,10.0,10.0,10,100.0,inf,cone,both,5000.0,10.0,0.01,30.0,0.01,256,20,3,0.5,0.1,0.99,10.0,256,20,0,128,0,4.439139047773852,3.75,266.49783218769323,3471.950673407556,0.7772569444444445,751.3714996232856,0.0,
pd,mppi_lqr,300.0,1800.0,0.1,0.2,5.0,4.5,10.0,10.0,10,100.0,inf,cone,both,5000.0,10.0,0.01,30.0,0.01,256,20,3,0.5,0.1,0.99,10.0,256,20,0,128,0,4.414037931946399,4.5,294.1453503619619,4656.604113259345,0.7671006944444444,946.4600294118572,0.0,
pd,mppi_lqr,300.0,1800.0,0.1,0.2,5.0,5.0,10.0,10.0,10,100.0,inf,cone,both,5000.0,10.0,0.01,30.0,0.01,256,20,3,0.5,0.1,0.99,10.0,256,20,0,128,0,4.46318923667974,5.0,296.9071647813913,5407.36249712352,0.7727430555555556,966.3281632327578,0.0,
pd,mppi_lqr,300.0,1800.0,0.1,0.2,5.0,5.5,10.0,10.0,10,100.0,inf,cone,both,5000.0,10.0,0.01,30.0,0.01,256,20,3,0.5,0.1,0.99,10.0,256,20,0,128,0,4.503526056583235,5.5,293.2927474647123,6286.774113468764,0.7563368055555556,942.503896206372,0.0,
pd,mppi_lqr,300.0,1800.0,0.1,0.2,5.0,6.25,10.0,10.0,10,100.0,inf,cone,both,5000.0,10.0,0.01,30.0,0.01,256,20,3,0.5,0.1,0.99,10.0,256,20,0,128,0,4.459555874988346,6.25,295.8897218524032,7907.744197397787,0.6810763888888889,1136.8604303922743,0.0,
pd,mppi_lqr,300.0,1800.0,0.1,0.2,5.0,7.5,10.0,10.0,10,100.0,inf,cone,both,5000.0,10.0,0.01,30.0,0.01,256,20,3,0.5,0.1,0.99,10.0,256,20,0,128,0,4.392361099780735,7.5,294.1918333113683,10236.272035614851,0.5838541666666667,1439.617795042641,0.0,
pd,mppi_lqr,300.0,1800.0,0.1,0.2,5.0,10.0,10.0,10.0,10,100.0,inf,cone,both,5000.0,10.0,0.01,30.0,0.01,256,20,3,0.5,0.1,0.99,10.0,256,20,0,128,0,4.392963742717082,10.0,294.8461795907669,14422.291807613046,0.4669704861111111,1776.0490393939758,0.0,
pd,mppi_lqr,300.0,1800.0,0.1,0.2,5.0,inf,10.0,10.0,10,100.0,inf,cone,both,5000.0,10.0,0.01,30.0,0.01,256,20,3,0.5,0.1,0.99,10.0,256,20,0,128,0,4.372513135012543,34.34837477002777,294.8058932673528,30750.1544755039,0.3821614583333333,3793.797800429744,0.0,
pd,random,300.0,1800.0,0.1,0.025,5.0,1.25,10.0,10.0,10,100.0,inf,cone,both,5000.0,10.0,0.01,30.0,0.01,256,20,3,0.5,0.1,0.99,10.0,256,20,0,128,90,2.350167993579182,1.1706629828780977,31.50248103849612,121.6048649604296,0.701653966256525,52.215171786853176,0.703125,610.0
pd,random,300.0,1800.0,0.1,0.025,5.0,2.5,10.0,10.0,10,100.0,inf,cone,both,5000.0,10.0,0.01,30.0,0.01,256,20,3,0.5,0.1,0.99,10.0,256,20,0,128,91,2.3409892853512164,1.5527257990206704,31.471406572523865,133.49088364563372,0.7027620725063907,54.134678672569066,0.7109375,610.0
pd,random,300.0,1800.0,0.1,0.025,5.0,3.75,10.0,10.0,10,100.0,inf,cone,both,5000.0,10.0,0.01,30.0,0.01,256,20,3,0.5,0.1,0.99,10.0,256,20,0,128,91,2.3406614443842755,1.8080707255398347,31.47027628153185,133.35151713265,0.7026572052247254,54.141534170089095,0.7109375,610.0
pd,random,300.0,1800.0,0.1,0.025,5.0,4.5,10.0,10.0,10,100.0,inf,cone,both,5000.0,10.0,0.01,30.0,0.01,256,20,3,0.5,0.1,0.99,10.0,256,20,0,128,91,2.3406614443842755,1.8080707255398347,31.47027628153185,133.35151713265,0.7026572052247254,54.141534170089095,0.7109375,610.0
pd,random,300.0,1800.0,0.1,0.025,5.0,5.0,10.0,10.0,10,100.0,inf,cone,both,5000.0,10.0,0.01,30.0,0.01,256,20,3,0.5,0.1,0.99,10.0,256,20,0,128,91,2.3406614443842755,1.8080707255398347,31.47027628153185,133.35151713265,0.7026572052247254,54.141534170089095,0.7109375,610.0
pd,random,300.0,1800.0,0.1,0.025,5.0,5.5,10.0,10.0,10,100.0,inf,cone,both,5000.0,10.0,0.01,30.0,0.01,256,20,3,0.5,0.1,0.99,10.0,256,20,0,128,91,2.3406614443842755,1.8080707255398347,31.47027628153185,133.35151713265,0.7026572052247254,54.141534170089095,0.7109375,610.0
pd,random,300.0,1800.0,0.1,0.025,5.0,6.25,10.0,10.0,10,100.0,inf,cone,both,5000.0,10.0,0.01,30.0,0.01,256,20,3,0.5,0.1,0.99,10.0,256,20,0,128,91,2.3406614443842755,1.8080707255398347,31.47027628153185,133.35151713265,0.7026572052247254,54.141534170089095,0.7109375,610.0
pd,random,300.0,1800.0,0.1,0.025,5.0,7.5,10.0,10.0,10,100.0,inf,cone,both,5000.0,10.0,0.01,30.0,0.01,256,20,3,0.5,0.1,0.99,10.0,256,20,0,128,91,2.3406614443842755,1.8080707255398347,31.47027628153185,133.35151713265,0.7026572052247254,54.141534170089095,0.7109375,610.0
pd,random,300.0,1800.0,0.1,0.025,5.0,10.0,10.0,10.0,10,100.0,inf,cone,both,5000.0,10.0,0.01,30.0,0.01,256,20,3,0.5,0.1,0.99,10.0,256,20,0,128,91,2.3406614443842755,1.8080707255398347,31.47027628153185,133.35151713265,0.7026572052247254,54.141534170089095,0.7109375,610.0
pd,random,300.0,1800.0,0.1,0.025,5.0,inf,10.0,10.0,10,100.0,inf,cone,both,5000.0,10.0,0.01,30.0,0.01,256,20,3,0.5,0.1,0.99,10.0,256,20,0,128,91,2.3406614443842755,1.8080707255398347,31.47027628153185,133.35151713265,0.7026572052247254,54.141534170089095,0.7109375,610.0
pd,random,300.0,1800.0,0.1,0.05,5.0,1.25,10.0,10.0,10,100.0,inf,cone,both,5000.0,10.0,0.01,30.0,0.01,256,20,3,0.5,0.1,0.99,10.0,256,20,0,128,90,2.423113959856843,1.25,34.92113452008977,153.52305938691063,0.7061899038461539,65.89289735513007,0.703125,610.0
pd,random,300.0,1800.0,0.1,0.05,5.0,2.5,10.0,10.0,10,100.0,inf,cone,both,5000.0,10.0,0.01,30.0,0.01,256,20,3,0.5,0.1,0.99,10.0,256,20,0,128,89,2.5224509662119594,2.379284257831272,34.81036210774417,178.4083013443204,0.7024739583333334,72.40932829622533,0.6953125,630.0
pd,random,300.0,1800.0,0.1,0.05,5.0,3.75,10.0,10.0,10,100.0,inf,cone,both,5000.0,10.0,0.01,30.0,0.01,256,20,3,0.5,0.1,0.99,10.0,256,20,0,128,90,2.5399738853445872,2.832441824988903,34.90843243484341,189.46873702943483,0.7018663194444444,75.01343014295696,0.703125,630.0
pd,random,300.0,1800.0,0.1,0.05,5.0,4.5,10.0,10.0,10,100.0,inf,cone,both,5000.0,10.0,0.01,30.0,0.01,256,20,3,0.5,0.1,0.99,10.0,256,20,0,128,90,2.5423538911718464,3.055098074988903,35.00483308129885,194.11467700538265,0.7021267361111111,75.71660616530944,0.703125,630.0
pd,random,300.0,1800.0,0.1,0.05,5.0,5.0,10.0,10.0,10,100.0,inf,cone,both,5000.0,10.0,0.01,30.0,0.01,256,20,3,0.5,0.1,0.99,10.0,256,20,0,128,90,2.526896969307699,3.203535574988903,35.004001151953865,201.14265283206967,0.7012586805555555,76.81013210689888,0.703125,630.0
pd,random,300.0,1800.0,0.1,0.05,5.0,5.5,10.0,10.0,10,100.0,inf,cone,both,5000.0,10.0,0.01,30.0,0.01,256,20,3,0.5,0.1,0.99,10.0,256,20,0,128,90,2.527198178967619,3.351973074988903,35.004001151953865,199.05036644679976,0.7013020833333333,76.59173339736874,0.703125,630.0
pd,random,300.0,1800.0,0.1,0.05,5.0,6.25,10.0,10.0,10,100.0,inf,cone,both,5000.0,10.0,0.01,30.0,0.01,256,20,3,0.5,0.1,0.99,10.0,256,20,0,128,90,2.5269927151433915,3.574629324988903,35.004001151953865,199.98919119558727,0.7012586805555555,76.6947628221354,0.703125,630.0
pd,random,300.0,1800.0,0.1,0.05,5.0,7.5,10.0,10.0,10,100.0,inf,cone,both,5000.0,10.0,0.01,30.0,0.01,256,20,3,0.5,0.1,0.99,10.0,256,20,0,128,90,2.526953501769704,3.723321227903303,35.004001151953865,200.12863873961,0.7012586805555555,76.69220927994417,0.703125,630.0
pd,random,300.0,1800.0,0.1,0.05,5.0,10.0,10.0,10.0,10,100.0,inf,cone,both,5000.0,10.0,0.01,30.0,0.01,256,20,3,0.5,0.1,0.99,10.0,256,20,0,128,90,2.526953501769704,3.723321227903303,35.004001151953865,200.12863873961,0.7012586805555555,76.69220927994417,0.703125,630.0
pd,random,300.0,1800.0,0.1,0.05,5.0,inf,10.0,10.0,10,100.0,inf,cone,both,5000.0,10.0,0.01,30.0,0.01,256,20,3,0.5,0.1,0.99,10.0,256,20,0,128,90,2.526953501769704,3.723321227903303,35.004001151953865,200.12863873961,0.7012586805555555,76.69220927994417,0.703125,630.0
pd,random,300.0,1800.0,0.1,0.075,5.0,1.25,10.0,10.0,10,100.0,inf,cone,both,5000.0,10.0,0.01,30.0,0.01,256,20,3,0.5,0.1,0.99,10.0,256,20,0,128,90,2.50872284009276,1.25,40.60775821914217,188.0571179631944,0.7079912173202615,81.92095929963205,0.703125,600.0
pd,random,300.0,1800.0,0.1,0.075,5.0,2.5,10.0,10.0,10,100.0,inf,cone,both,5000.0,10.0,0.01,30.0,0.01,256,20,3,0.5,0.1,0.99,10.0,256,20,0,128,92,2.599867758825234,2.5,38.19924201861486,208.3867260148037,0.7094430062026913,87.4494126082186,0.71875,620.0
pd,random,300.0,1800.0,0.1,0.075,5.0,3.75,10.0,10.0,10,100.0,inf,cone,both,5000.0,10.0,0.01,30.0,0.01,256,20,3,0.5,0.1,0.99,10.0,256,20,0,128,91,2.753779199866061,3.5965054373730743,37.68462977143027,229.69886642685597,0.7087057035968553,92.79051388078196,0.7109375,660.0
pd,random,300.0,1800.0,0.1,0.075,5.0,4.5,10.0,10.0,10,100.0,inf,cone,both,5000.0,10.0,0.01,30.0,0.01,256,20,3,0.5,0.1,0.99,10.0,256,20,0,128,91,2.817678400024122,4.001012977306842,37.8869426064452,241.348267194608,0.7102779439128123,94.90836705988654,0.7109375,660.0
pd,random,300.0,1800.0,0.1,0.075,5.0,5.0,10.0,10.0,10,100.0,inf,cone,both,5000.0,10.0,0.01,30.0,0.01,256,20,3,0.5,0.1,0.99,10.0,256,20,0,128,91,2.807583553007524,4.201642145308292,37.91416730539169,258.3015903709377,0.7079027510073609,99.36197743024653,0.7109375,660.0
pd,random,300.0,1800.0,0.1,0.075,5.0,5.5,10.0,10.0,10,100.0,inf,cone,both,5000.0,10.0,0.01,30.0,0.01,256,20,3,0.5,0.1,0.99,10.0,256,20,0,128,91,2.81243464199387,4.381802132472624,37.92694087035437,252.3326891633067,0.7074185231023102,98.03226907544556,0.7109375,660.0
pd,random,300.0,1800.0,0.1,0.075,5.0,6.25,10.0,10.0,10,100.0,inf,cone,both,5000.0,10.0,0.01,30.0,0.01,256,20,3,0.5,0.1,0.99,10.0,256,20,0,128,91,2.825695150670922,4.624885640983987,37.91211308181239,252.53665807194028,0.707890625,97.47123279136432,0.7109375,660.0
pd,random,300.0,1800.0,0.1,0.075,5.0,7.5,10.0,10.0,10,100.0,inf,cone,both,5000.0,10.0,0.01,30.0,0.01,256,20,3,0.5,0.1,0.99,10.0,256,20,0,128,91,2.820510888777557,4.991628486931165,37.91182877464087,264.8110086171304,0.7075868055555555,99.32844377330416,0.7109375,660.0
pd,random,300.0,1800.0,0.1,0.075,5.0,10.0,10.0,10.0,10,100.0,inf,cone,both,5000.0,10.0,0.01,30.0,0.01,256,20,3,0.5,0.1,0.99,10.0,256,20,0,128,91,2.8197296686406164,5.706832461806993,37.91182877464087,262.8450749062749,0.7075868055555555,99.13727564323008,0.7109375,660.0
pd,random,300.0,1800.0,0.1,0.075,5.0,inf,10.0,10.0,10,100.0,inf,cone,both,5000.0,10.0,0.01,30.0,0.01,256,20,3,0.5,0.1,0.99,10.0,256,20,0,128,91,2.8197296686406164,5.749824906113528,37.91182877464087,262.85962206697656,0.7075868055555555,99.13647193359212,0.7109375,660.0
pd,random,300.0,1800.0,0.1,0.09,5.0,1.25,10.0,10.0,10,100.0,inf,cone,both,5000.0,10.0,0.01,30.0,0.01,256,20,3,0.5,0.1,0.99,10.0,256,20,0,128,89,2.495978358165221,1.25,42.965144887657885,218.483433357183,0.7046006944444444,93.49904936926517,0.6953125,610.0
pd,random,300.0,1800.0,0.1,0.09,5.0,2.5,10.0,10.0,10,100.0,inf,cone,both,5000.0,10.0,0.01,30.0,0.01,256,20,3,0.5,0.1,0.99,10.0,256,20,0,128,89,2.604617870582888,2.5,42.63049361213824,244.37729203232584,0.7032552083333333,100.9131315692324,0.6953125,620.0
pd,random,300.0,1800.0,0.1,0.09,5.0,3.75,10.0,10.0,10,100.0,inf,cone,both,5000.0,10.0,0.01,30.0,0.01,256,20,3,0.5,0.1,0.99,10.0,256,20,0,128,92,2.8130942210540124,3.735925571522728,38.362256090252494,250.01490783301224,0.7142466945470717,101.7655936944564,0.71875,680.0
pd,random,300.0,1800.0,0.1,0.09,5.0,4.5,10.0,10.0,10,100.0,inf,cone,both,5000.0,10.0,0.01,30.0,0.01,256,20,3,0.5,0.1,0.99,10.0,256,20,0,128,92,2.9161164888521145,4.340098316470459,39.07413325009151,263.2825655611906,0.7130512493243661,105.47159694137392,0.71875,720.0
pd,random,300.0,1800.0,0.1,0.09,5.0,5.0,10.0,10.0,10,100.0,inf,cone,both,5000.0,10.0,0.01,30.0,0.01,256,20,3,0.5,0.1,0.99,10.0,256,20,0,128,92,2.974038869054991,4.667394407108667,39.43572330234692,274.09946254876064,0.7126348578068699,108.00274849900462,0.71875,735.0
pd,random,300.0,1800.0,0.1,0.09,5.0,5.5,10.0,10.0,10,100.0,inf,cone,both,5000.0,10.0,0.01,30.0,0.01,256,20,3,0.5,0.1,0.99,10.0,256,20,0,128,92,3.006170694712436,4.953243148122058,39.22845096993981,288.3228724997348,0.7129817952757666,112.14069290221478,0.71875,730.0
pd,random,300.0,1800.0,0.1,0.09,5.0,6.25,10.0,10.0,10,100.0,inf,cone,both,5000.0,10.0,0.01,30.0,0.01,256,20,3,0.5,0.1,0.99,10.0,256,20,0,128,92,3.048458823442801,5.304101080419275,39.256006371660376,295.86819142001457,0.7117419996410288,113.63626565564827,0.71875,730.0
pd,random,300.0,1800.0,0.1,0.09,5.0,7.5,10.0,10.0,10,100.0,inf,cone,both,5000.0,10.0,0.01,30.0,0.01,256,20,3,0.5,0.1,0.99,10.0,256,20,0,128,92,3.089122395454132,5.78285129883479,39.24468593432356,290.610115323517,0.7119796471364004,111.43410632589068,0.71875,730.0
pd,random,300.0,1800.0,0.1,0.09,5.0,10.0,10.0,10.0,10,100.0,inf,cone,both,5000.0,10.0,0.01,30.0,0.01,256,20,3,0.5,0.1,0.99,10.0,256,20,0,128,90,3.091235354916519,6.546025959450506,39.25605261305108,304.3339759886812,0.7118928415808449,113.18320868634332,0.703125,715.0
pd,random,300.0,1800.0,0.1,0.09,5.0,inf,10.0,10.0,10,100.0,inf,cone,both,5000.0,10.0,0.01,30.0,0.01,256,20,3,0.5,0.1,0.99,10.0,256,20,0,128,90,3.0904541347795784,7.180878293730884,39.25605261305108,305.43764662809133,0.7118494388030671,113.27831319317832,0.703125,715.0
pd,random,300.0,1800.0,0.1,0.1,5.0,1.25,10.0,10.0,10,100.0,inf,cone,both,5000.0,10.0,0.01,30.0,0.01,256,20,3,0.5,0.1,0.99,10.0,256,20,0,128,89,2.5444613595570083,1.25,43.23767240097631,219.2548217386169,0.70625,95.5823415371036,0.6953125,610.0
pd,random,300.0,1800.0,0.1,0.1,5.0,2.5,10.0,10.0,10,100.0,inf,cone,both,5000.0,10.0,0.01,30.0,0.01,256,20,3,0.5,0.1,0.99,10.0,256,20,0,128,91,2.6713308172685686,2.5,40.68839235597529,242.4256641141702,0.7143133818448921,101.6206650644582,0.7109375,620.0
pd,random,300.0,1800.0,0.1,0.1,5.0,3.75,10.0,10.0,10,100.0,inf,cone,both,5000.0,10.0,0.01,30.0,0.01,256,20,3,0.5,0.1,0.99,10.0,256,20,0,128,93,2.824140443157621,3.748807401321479,40.39666633460501,268.2965721483338,0.7139604212620312,109.41568528786024,0.7265625,650.0
pd,random,300.0,1800.0,0.1,0.1,5.0,4.5,10.0,10.0,10,100.0,inf,cone,both,5000.0,10.0,0.01,30.0,0.01,256,20,3,0.5,0.1,0.99,10.0,256,20,0,128,92,2.945416363323563,4.446724298876559,41.04300425941729,286.1868745842717,0.7128629821008171,113.902333042302,0.71875,710.0
pd,random,300.0,1800.0,0.1,0.1,5.0,5.0,10.0,10.0,10,100.0,inf,cone,both,5000.0,10.0,0.01,30.0,0.01,256,20,3,0.5,0.1,0.99,10.0,256,20,0,128,92,3.023260257992729,4.837905150602223,40.561182588713486,288.6553719578393,0.7134181758442484,114.91111359876984,0.71875,735.0
pd,random,300.0,1800.0,0.1,0.1,5.0,5.5,10.0,10.0,10,100.0,inf,cone,both,5000.0,10.0,0.01,30.0,0.01,256,20,3,0.5,0.1,0.99,10.0,256,20,0,128,92,3.060606151027036,5.176033154531721,40.8385063209194,305.9993038062537,0.7112493756700664,120.20823560250987,0.71875,750.0
pd,random,300.0,1800.0,0.1,0.1,5.0,6.25,10.0,10.0,10,100.0,inf,cone,both,5000.0,10.0,0.01,30.0,0.01,256,20,3,0.5,0.1,0.99,10.0,256,20,0,128,92,3.1398720389494987,5.618550078930258,40.70566486329994,317.76377730418653,0.7129136185525817,122.64289124925553,0.71875,740.0
pd,random,300.0,1800.0,0.1,0.1,5.0,7.5,10.0,10.0,10,100.0,inf,cone,both,5000.0,10.0,0.01,30.0,0.01,256,20,3,0.5,0.1,0.99,10.0,256,20,0,128,92,3.2276835253871097,6.210366185014378,40.72243091785168,316.2866540176112,0.7125356393522809,121.704831434622,0.71875,740.0
pd,random,300.0,1800.0,0.1,0.1,5.0,10.0,10.0,10.0,10,100.0,inf,cone,both,5000.0,10.0,0.01,30.0,0.01,256,20,3,0.5,0.1,0.99,10.0,256,20,0,128,83,3.262950316798745,7.175354845928615,40.80250352916124,344.4691290802497,0.7143919427710843,123.4237738760736,0.6484375,720.0
pd,random,300.0,1800.0,0.1,0.1,5.0,inf,10.0,10.0,10,100.0,inf,cone,both,5000.0,10.0,0.01,30.0,0.01,256,20,3,0.5,0.1,0.99,10.0,256,20,0,128,84,3.2623649690761685,8.388712823635078,40.79111920919275,348.7974314976533,0.7143919427710843,123.26342386697874,0.65625,720.0
pd,random,300.0,1800.0,0.1,0.11,5.0,1.25,10.0,10.0,10,100.0,inf,cone,both,5000.0,10.0,0.01,30.0,0.01,256,20,3,0.5,0.1,0.99,10.0,256,20,0,128,90,2.5976495018381014,1.25,43.36086027744612,221.90167073242583,0.7127215826023392,95.79476032151462,0.703125,610.0
pd,random,300.0,1800.0,0.1,0.11,5.0,2.5,10.0,10.0,10,100.0,inf,cone,both,5000.0,10.0,0.01,30.0,0.01,256,20,3,0.5,0.1,0.99,10.0,256,20,0,128,91,2.7365766560090905,2.5,43.084563304874,261.3736776716857,0.7175339735431943,109.5558457058223,0.7109375,610.0
pd,random,300.0,1800.0,0.1,0.11,5.0,3.75,10.0,10.0,10,100.0,inf,cone,both,5000.0,10.0,0.01,30.0,0.01,256,20,3,0.5,0.1,0.99,10.0,256,20,0,128,92,2.8474275712684443,3.75,41.41473208975875,274.6593253187902,0.7139764427040151,113.0313578317066,0.71875,630.0
pd,random,300.0,1800.0,0.1,0.11,5.0,4.5,10.0,10.0,10,100.0,inf,cone,both,5000.0,10.0,0.01,30.0,0.01,256,20,3,0.5,0.1,0.99,10.0,256,20,0,128,90,2.945138630853176,4.487250774351169,43.16807043422033,304.24520861593857,0.7069413068942436,122.22345685373423,0.703125,690.0
pd,random,300.0,1800.0,0.1,0.11,5.0,5.0,10.0,10.0,10,100.0,inf,cone,both,5000.0,10.0,0.01,30.0,0.01,256,20,3,0.5,0.1,0.99,10.0,256,20,0,128,90,3.038148267926262,4.938181496189981,43.56710054534689,322.0763952653292,0.7066344246031746,126.7424389684208,0.703125,720.0
pd,random,300.0,1800.0,0.1,0.11,5.0,5.5,10.0,10.0,10,100.0,inf,cone,both,5000.0,10.0,0.01,30.0,0.01,256,20,3,0.5,0.1,0.99,10.0,256,20,0,128,91,3.1262916597945165,5.335403807408292,42.2568347567942,319.46191918129773,0.7104419656120023,125.9497463247989,0.7109375,760.0
pd,random,300.0,1800.0,0.1,0.11,5.0,6.25,10.0,10.0,10,100.0,inf,cone,both,5000.0,10.0,0.01,30.0,0.01,256,20,3,0.5,0.1,0.99,10.0,256,20,0,128,91,3.2226758654231817,5.853642528522187,42.51691962463328,333.6428743294724,0.7103382616487455,129.2858624880295,0.7109375,770.0
pd,random,300.0,1800.0,0.1,0.11,5.0,7.5,10.0,10.0,10,100.0,inf,cone,both,5000.0,10.0,0.01,30.0,0.01,256,20,3,0.5,0.1,0.99,10.0,256,20,0,128,90,3.323030323160504,6.567701054298599,42.4307348662403,360.99057423406776,0.7087510140198475,136.73091190290015,0.703125,770.0
pd,random,300.0,1800.0,0.1,0.11,5.0,10.0,10.0,10.0,10,100.0,inf,cone,both,5000.0,10.0,0.01,30.0,0.01,256,20,3,0.5,0.1,0.99,10.0,256,20,0,128,80,3.393172445192075,7.689189496935146,42.64465334331016,374.6641618894906,0.7104135291164658,134.1033582442752,0.625,730.0
pd,random,300.0,1800.0,0.1,0.11,5.0,inf,10.0,10.0,10,100.0,inf,cone,both,5000.0,10.0,0.01,30.0,0.01,256,20,3,0.5,0.1,0.99,10.0,256,20,0,128,80,3.395711833563851,9.49937500219685,42.64465334331016,393.5243694905544,0.710587140227577,135.20606352073685,0.625,730.0
pd,random,300.0,1800.0,0.1,0.125,5.0,1.25,10.0,10.0,10,100.0,inf,cone,both,5000.0,10.0,0.01,30.0,0.01,256,20,3,0.5,0.1,0.99,10.0,256,20,0,128,92,2.635995439412253,1.25,44.12307152760944,225.8275869663983,0.7251274949059924,98.55165689671315,0.71875,610.0
pd,random,300.0,1800.0,0.1,0.125,5.0,2.5,10.0,10.0,10,100.0,inf,cone,both,5000.0,10.0,0.01,30.0,0.01,256,20,3,0.5,0.1,0.99,10.0,256,20,0,128,92,2.753396893549892,2.5,45.7898598156331,272.554156092078,0.7280650125719539,115.76763080060296,0.71875,620.0
pd,random,300.0,1800.0,0.1,0.125,5.0,3.75,10.0,10.0,10,100.0,inf,cone,both,5000.0,10.0,0.01,30.0,0.01,256,20,3,0.5,0.1,0.99,10.0,256,20,0,128,94,2.886305939044337,3.75,42.80453281457498,284.7782436632528,0.7298481957096267,117.7351881842436,0.734375,630.0
pd,random,300.0,1800.0,0.1,0.125,5.0,4.5,10.0,10.0,10,100.0,inf,cone,both,5000.0,10.0,0.01,30.0,0.01,256,20,3,0.5,0.1,0.99,10.0,256,20,0,128,93,2.994688056808445,4.499595809264543,41.46314015397713,299.9550034678516,0.7262252732260677,122.2206025044787,0.7265625,650.0
pd,random,300.0,1800.0,0.1,0.125,5.0,5.0,10.0,10.0,10,100.0,inf,cone,both,5000.0,10.0,0.01,30.0,0.01,256,20,3,0.5,0.1,0.99,10.0,256,20,0,128,93,3.0993153582612,4.991643247802505,42.54995024770173,309.0145090927115,0.7263604411108342,124.9286084402411,0.7265625,690.0
pd,random,300.0,1800.0,0.1,0.125,5.0,5.5,10.0,10.0,10,100.0,inf,cone,both,5000.0,10.0,0.01,30.0,0.01,256,20,3,0.5,0.1,0.99,10.0,256,20,0,128,93,3.1789101719422046,5.452465082532926,42.27960527330123,321.94423610130235,0.7250940675913214,128.17590545284924,0.7265625,730.0
pd,random,300.0,1800.0,0.1,0.125,5.0,6.25,10.0,10.0,10,100.0,inf,cone,both,5000.0,10.0,0.01,30.0,0.01,256,20,3,0.5,0.1,0.99,10.0,256,20,0,128,93,3.327596894082381,6.075270507105642,42.16176587146095,329.48956816583984,0.72611128740733,130.34971315826002,0.7265625,780.0
pd,random,300.0,1800.0,0.1,0.125,5.0,7.5,10.0,10.0,10,100.0,inf,cone,both,5000.0,10.0,0.01,30.0,0.01,256,20,3,0.5,0.1,0.99,10.0,256,20,0,128,93,3.504163291882265,6.957752221704424,42.2222694487762,348.0946075754683,0.7266729263609335,134.7549586926679,0.7265625,790.0
pd,random,300.0,1800.0,0.1,0.125,5.0,10.0,10.0,10.0,10,100.0,inf,cone,both,5000.0,10.0,0.01,30.0,0.01,256,20,3,0.5,0.1,0.99,10.0,256,20,0,128,71,3.636187521018882,8.340939413281832,42.9650652747043,414.2560141289237,0.7264637068446407,139.02524751794024,0.5546875,740.0
pd,random,300.0,1800.0,0.1,0.125,5.0,inf,10.0,10.0,10,100.0,inf,cone,both,5000.0,10.0,0.01,30.0,0.01,256,20,3,0.5,0.1,0.99,10.0,256,20,0,128,66,3.644000639291512,11.690089983824915,43.01485726092463,462.05405725963845,0.726420304066863,141.30336437439072,0.515625,690.0
pd,random,300.0,1800.0,0.1,0.15,5.0,1.25,10.0,10.0,10,100.0,inf,cone,both,5000.0,10.0,0.01,30.0,0.01,256,20,3,0.5,0.1,0.99,10.0,256,20,0,128,93,2.678786944531887,1.25,44.83870637163943,241.71999317669105,0.7318581714449637,104.39022466314783,0.7265625,610.0
pd,random,300.0,1800.0,0.1,0.15,5.0,2.5,10.0,10.0,10,100.0,inf,cone,both,5000.0,10.0,0.01,30.0,0.01,256,20,3,0.5,0.1,0.99,10.0,256,20,0,128,92,2.779208421944369,2.5,50.11815554823159,322.17257760551365,0.723164592593886,136.27195924937848,0.71875,610.0
pd,random,300.0,1800.0,0.1,0.15,5.0,3.75,10.0,10.0,10,100.0,inf,cone,both,5000.0,10.0,0.01,30.0,0.01,256,20,3,0.5,0.1,0.99,10.0,256,20,0,128,93,2.9409021371538824,3.75,45.55078326532961,314.5459142479091,0.7306393605508128,131.25350861180496,0.7265625,630.0
pd,random,300.0,1800.0,0.1,0.15,5.0,4.5,10.0,10.0,10,100.0,inf,cone,both,5000.0,10.0,0.01,30.0,0.01,256,20,3,0.5,0.1,0.99,10.0,256,20,0,128,94,3.0520285346987057,4.5,45.35780214115905,337.6451744900693,0.7301831345556229,138.14654604472824,0.734375,640.0
pd,random,300.0,1800.0,0.1,0.15,5.0,5.0,10.0,10.0,10,100.0,inf,cone,both,5000.0,10.0,0.01,30.0,0.01,256,20,3,0.5,0.1,0.99,10.0,256,20,0,128,93,3.1080511854757806,5.0,45.382210974691176,344.2946615562856,0.7271345819900036,140.26542948708115,0.7265625,650.0
pd,random,300.0,1800.0,0.1,0.15,5.0,5.5,10.0,10.0,10,100.0,inf,cone,both,5000.0,10.0,0.01,30.0,0.01,256,20,3,0.5,0.1,0.99,10.0,256,20,0,128,93,3.213410935785737,5.498733721117452,44.63314835221826,359.6677926168538,0.7268789836248825,145.2733980422655,0.7265625,680.0
pd,random,300.0,1800.0,0.1,0.15,5.0,6.25,10.0,10.0,10,100.0,inf,cone,both,5000.0,10.0,0.01,30.0,0.01,256,20,3,0.5,0.1,0.99,10.0,256,20,0,128,93,3.378776161213336,6.226157727501602,44.947674974003625,373.88760001426897,0.727102238830556,148.6741217749115,0.7265625,730.0
pd,random,300.0,1800.0,0.1,0.15,5.0,7.5,10.0,10.0,10,100.0,inf,cone,both,5000.0,10.0,0.01,30.0,0.01,256,20,3,0.5,0.1,0.99,10.0,256,20,0,128,93,3.6337586221029303,7.3276011088563635,45.20803949765112,390.9226147819672,0.7275131991687162,152.91925377233682,0.7265625,820.0
pd,random,300.0,1800.0,0.1,0.15,5.0,10.0,10.0,10.0,10,100.0,inf,cone,both,5000.0,10.0,0.01,30.0,0.01,256,20,3,0.5,0.1,0.99,10.0,256,20,0,128,67,3.90774171516368,9.187931517281198,46.6594755770294,503.0045472530699,0.7274969362745098,166.6032021023536,0.5234375,790.0
pd,random,300.0,1800.0,0.1,0.15,5.0,inf,10.0,10.0,10,100.0,inf,cone,both,5000.0,10.0,0.01,30.0,0.01,256,20,3,0.5,0.1,0.99,10.0,256,20,0,128,51,3.935172622577619,15.395128991671514,46.992115938030615,638.2399305005761,0.7291666666666666,165.79746860779363,0.3984375,690.0
pd,random,300.0,1800.0,0.1,0.2,5.0,1.25,10.0,10.0,10,100.0,inf,cone,both,5000.0,10.0,0.01,30.0,0.01,256,20,3,0.5,0.1,0.99,10.0,256,20,0,128,93,2.7587627864635107,1.25,48.812751031284,282.65538194938966,0.7303813776396221,124.25607019880476,0.7265625,610.0
pd,random,300.0,1800.0,0.1,0.2,5.0,2.5,10.0,10.0,10,100.0,inf,cone,both,5000.0,10.0,0.01,30.0,0.01,256,20,3,0.5,0.1,0.99,10.0,256,20,0,128,93,2.8345062238257475,2.5,52.01420912343712,365.42377475631264,0.7300821873289546,159.34094050642452,0.7265625,610.0
pd,random,300.0,1800.0,0.1,0.2,5.0,3.75,10.0,10.0,10,100.0,inf,cone,both,5000.0,10.0,0.01,30.0,0.01,256,20,3,0.5,0.1,0.99,10.0,256,20,0,128,92,3.0291395327062145,3.75,51.61570214158239,415.42794835394886,0.7312606006784435,170.80243546594858,0.71875,620.0
pd,random,300.0,1800.0,0.1,0.2,5.0,4.5,10.0,10.0,10,100.0,inf,cone,both,5000.0,10.0,0.01,30.0,0.01,256,20,3,0.5,0.1,0.99,10.0,256,20,0,128,92,3.168626382524882,4.5,50.33917419224965,432.3614861233362,0.7363426454524088,174.3599671014589,0.71875,630.0
pd,random,300.0,1800.0,0.1,0.2,5.0,5.0,10.0,10.0,10,100.0,inf,cone,both,5000.0,10.0,0.01,30.0,0.01,256,20,3,0.5,0.1,0.99,10.0,256,20,0,128,93,3.238437283216635,5.0,49.20559493676136,416.0469270666852,0.7398332166938794,166.99504976284422,0.7265625,640.0
pd,random,300.0,1800.0,0.1,0.2,5.0,5.5,10.0,10.0,10,100.0,inf,cone,both,5000.0,10.0,0.01,30.0,0.01,256,20,3,0.5,0.1,0.99,10.0,256,20,0,128,93,3.321110731789529,5.5,48.99372837970188,435.6305453990959,0.7364349090211413,173.44940270557865,0.7265625,670.0
pd,random,300.0,1800.0,0.1,0.2,5.0,6.25,10.0,10.0,10,100.0,inf,cone,both,5000.0,10.0,0.01,30.0,0.01,256,20,3,0.5,0.1,0.99,10.0,256,20,0,128,94,3.4215465792342217,6.25,48.83004572967784,446.5283064314128,0.7368681341927301,179.77101035729018,0.734375,680.0
pd,random,300.0,1800.0,0.1,0.2,5.0,7.5,10.0,10.0,10,100.0,inf,cone,both,5000.0,10.0,0.01,30.0,0.01,256,20,3,0.5,0.1,0.99,10.0,256,20,0,128,93,3.688060749815557,7.499539582097607,49.19313127575702,473.0260329383381,0.7356859311612576,186.0010266762228,0.7265625,730.0
pd,random,300.0,1800.0,0.1,0.2,5.0,10.0,10.0,10.0,10,100.0,inf,cone,both,5000.0,10.0,0.01,30.0,0.01,256,20,3,0.5,0.1,0.99,10.0,256,20,0,128,59,4.127276101004108,9.829306329437827,52.23040071207186,593.5657850878814,0.7322886733716475,195.571554803458,0.4609375,850.0
pd,random,300.0,1800.0,0.1,0.2,5.0,inf,10.0,10.0,10,100.0,inf,cone,both,5000.0,10.0,0.01,30.0,0.01,256,20,3,0.5,0.1,0.99,10.0,256,20,0,128,22,4.187061283811894,24.12663650916025,54.45613240503376,1171.0317205168474,0.7219649796855679,216.5521849895711,0.171875,625.0
pd,transverse,300.0,1800.0,0.1,0.025,5.0,1.25,10.0,10.0,10,100.0,inf,cone,both,5000.0,10.0,0.01,30.0,0.01,256,20,3,0.5,0.1,0.99,10.0,256,20,0,128,94,2.7920597689353017,1.25,39.26034786773715,574.2843782321906,0.7357432239035391,193.66329951469152,0.734375,640.0
pd,transverse,300.0,1800.0,0.1,0.025,5.0,2.5,10.0,10.0,10,100.0,inf,cone,both,5000.0,10.0,0.01,30.0,0.01,256,20,3,0.5,0.1,0.99,10.0,256,20,0,128,93,3.848027158817868,2.46171875,39.705293159059046,649.3859156473449,0.7433304398148148,206.73456652308863,0.7265625,1080.0
pd,transverse,300.0,1800.0,0.1,0.025,5.0,3.75,10.0,10.0,10,100.0,inf,cone,both,5000.0,10.0,0.01,30.0,0.01,256,20,3,0.5,0.1,0.99,10.0,256,20,0,128,4,4.493914637701465,3.67265625,41.39439377112122,750.1325445066242,0.7474392361111111,202.4407132260688,0.03125,510.0
pd,transverse,300.0,1800.0,0.1,0.025,5.0,4.5,10.0,10.0,10,100.0,inf,cone,both,5000.0,10.0,0.01,30.0,0.01,256,20,3,0.5,0.1,0.99,10.0,256,20,0,128,4,4.49469585321597,4.399218749999997,41.39439377112122,784.3161009669569,0.7474826388888889,202.5554273534258,0.03125,510.0
pd,transverse,300.0,1800.0,0.1,0.025,5.0,5.0,10.0,10.0,10,100.0,inf,cone,both,5000.0,10.0,0.01,30.0,0.01,256,20,3,0.5,0.1,0.99,10.0,256,20,0,128,4,4.49469585321597,4.399218749999997,41.39439377112122,784.3161009669569,0.7474826388888889,202.5554273534258,0.03125,510.0
pd,transverse,300.0,1800.0,0.1,0.025,5.0,5.5,10.0,10.0,10,100.0,inf,cone,both,5000.0,10.0,0.01,30.0,0.01,256,20,3,0.5,0.1,0.99,10.0,256,20,0,128,4,4.49469585321597,4.399218749999997,41.39439377112122,784.3161009669569,0.7474826388888889,202.5554273534258,0.03125,510.0
pd,transverse,300.0,1800.0,0.1,0.025,5.0,6.25,10.0,10.0,10,100.0,inf,cone,both,5000.0,10.0,0.01,30.0,0.01,256,20,3,0.5,0.1,0.99,10.0,256,20,0,128,4,4.49469585321597,4.399218749999997,41.39439377112122,784.3161009669569,0.7474826388888889,202.5554273534258,0.03125,510.0
pd,transverse,300.0,1800.0,0.1,0.025,5.0,7.5,10.0,10.0,10,100.0,inf,cone,both,5000.0,10.0,0.01,30.0,0.01,256,20,3,0.5,0.1,0.99,10.0,256,20,0,128,4,4.49469585321597,4.399218749999997,41.39439377112122,784.3161009669569,0.7474826388888889,202.5554273534258,0.03125,510.0
pd,transverse,300.0,1800.0,0.1,0.025,5.0,10.0,10.0,10.0,10,100.0,inf,cone,both,5000.0,10.0,0.01,30.0,0.01,256,20,3,0.5,0.1,0.99,10.0,256,20,0,128,4,4.49469585321597,4.399218749999997,41.39439377112122,784.3161009669569,0.7474826388888889,202.5554273534258,0.03125,510.0
pd,transverse,300.0,1800.0,0.1,0.025,5.0,inf,10.0,10.0,10,100.0,inf,cone,both,5000.0,10.0,0.01,30.0,0.01,256,20,3,0.5,0.1,0.99,10.0,256,20,0,128,4,4.49469585321597,4.399218749999997,41.39439377112122,784.3161009669569,0.7474826388888889,202.5554273534258,0.03125,510.0
pd,transverse,300.0,1800.0,0.1,0.05,5.0,1.25,10.0,10.0,10,100.0,inf,cone,both,5000.0,10.0,0.01,30.0,0.01,256,20,3,0.5,0.1,0.99,10.0,256,20,0,128,98,2.7570729720185354,1.25,46.05201971019136,679.4719097407332,0.7641535418290148,239.55402907306075,0.765625,590.0
pd,transverse,300.0,1800.0,0.1,0.05,5.0,2.5,10.0,10.0,10,100.0,inf,cone,both,5000.0,10.0,0.01,30.0,0.01,256,20,3,0.5,0.1,0.99,10.0,256,20,0,128,98,3.7983287651225006,2.5,46.04939190271544,978.9070460306244,0.7718795103955015,313.8583780483925,0.765625,730.0
pd,transverse,300.0,1800.0,0.1,0.05,5.0,3.75,10.0,10.0,10,100.0,inf,cone,both,5000.0,10.0,0.01,30.0,0.01,256,20,3,0.5,0.1,0.99,10.0,256,20,0,128,0,4.594118948587561,3.75,56.91730400951993,1296.6187156249098,0.7799479166666666,325.0854702285091,0.0,
pd,transverse,300.0,1800.0,0.1,0.05,5.0,4.5,10.0,10.0,10,100.0,inf,cone,both,5000.0,10.0,0.01,30.0,0.01,256,20,3,0.5,0.1,0.99,10.0,256,20,0,128,0,4.6163500212712085,4.5,56.93254885254998,1792.6409185842672,0.7827690972222222,321.6057708001209,0.0,
pd,transverse,300.0,1800.0,0.1,0.05,5.0,5.0,10.0,10.0,10,100.0,inf,cone,both,5000.0,10.0,0.01,30.0,0.01,256,20,3,0.5,0.1,0.99,10.0,256,20,0,128,0,4.604631788381905,5.0,56.93254885254998,1982.0209357493109,0.7830295138888889,324.16789853506543,0.0,
pd,transverse,300.0,1800.0,0.1,0.05,5.0,5.5,10.0,10.0,10,100.0,inf,cone,both,5000.0,10.0,0.01,30.0,0.01,256,20,3,0.5,0.1,0.99,10.0,256,20,0,128,0,4.590491918055015,5.5,56.93254885254998,2130.919639385893,0.7826388888888889,327.76476193989464,0.0,
pd,transverse,300.0,1800.0,0.1,0.05,5.0,6.25,10.0,10.0,10,100.0,inf,cone,both,5000.0,10.0,0.01,30.0,0.01,256,20,3,0.5,0.1,0.99,10.0,256,20,0,128,0,4.594397911689849,6.25,56.93254885254998,2298.019863064085,0.7835069444444445,326.673109200578,0.0,
pd,transverse,300.0,1800.0,0.1,0.05,5.0,7.5,10.0,10.0,10,100.0,inf,cone,both,5000.0,10.0,0.01,30.0,0.01,256,20,3,0.5,0.1,0.99,10.0,256,20,0,128,0,4.598303857767617,7.5,56.93254885254998,2465.043585007726,0.7837673611111111,327.4204971403697,0.0,
pd,transverse,300.0,1800.0,0.1,0.05,5.0,10.0,10.0,10.0,10,100.0,inf,cone,both,5000.0,10.0,0.01,30.0,0.01,256,20,3,0.5,0.1,0.99,10.0,256,20,0,128,0,4.598303857767617,8.999999999999993,56.93254885254998,2513.2441033766213,0.7837673611111111,328.45173209721287,0.0,
pd,transverse,300.0,1800.0,0.1,0.05,5.0,inf,10.0,10.0,10,100.0,inf,cone,both,5000.0,10.0,0.01,30.0,0.01,256,20,3,0.5,0.1,0.99,10.0,256,20,0,128,0,4.598303857767617,8.999999999999993,56.93254885254998,2513.2441033766213,0.7837673611111111,328.45173209721287,0.0,
pd,transverse,300.0,1800.0,0.1,0.075,5.0,1.25,10.0,10.0,10,100.0,inf,cone,both,5000.0,10.0,0.01,30.0,0.01,256,20,3,0.5,0.1,0.99,10.0,256,20,0,128,98,2.84044761744486,1.25,51.97481340384145,713.6638775058744,0.7651476773468182,261.74090069334926,0.765625,600.0
pd,transverse,300.0,1800.0,0.1,0.075,5.0,2.5,10.0,10.0,10,100.0,inf,cone,both,5000.0,10.0,0.01,30.0,0.01,256,20,3,0.5,0.1,0.99,10.0,256,20,0,128,98,3.788684355819259,2.5,52.215242189367984,1211.2245081394897,0.7683684566289565,402.8760131059422,0.765625,650.0
pd,transverse,300.0,1800.0,0.1,0.075,5.0,3.75,10.0,10.0,10,100.0,inf,cone,both,5000.0,10.0,0.01,30.0,0.01,256,20,3,0.5,0.1,0.99,10.0,256,20,0,128,1,4.499408006039113,3.75,74.2776325390853,1641.154188146801,0.7683159722222223,465.9001234730485,0.0078125,750.0
pd,transverse,300.0,1800.0,0.1,0.075,5.0,4.5,10.0,10.0,10,100.0,inf,cone,both,5000.0,10.0,0.01,30.0,0.01,256,20,3,0.5,0.1,0.99,10.0,256,20,0,128,0,4.491803810710201,4.5,77.79740189319102,2494.4462011795163,0.7694444444444445,489.0380557276719,0.0,
pd,transverse,300.0,1800.0,0.1,0.075,5.0,5.0,10.0,10.0,10,100.0,inf,cone,both,5000.0,10.0,0.01,30.0,0.01,256,20,3,0.5,0.1,0.99,10.0,256,20,0,128,0,4.521715428059654,5.0,77.79740189319102,2827.371111211534,0.7705295138888889,483.71199903380256,0.0,
pd,transverse,300.0,1800.0,0.1,0.075,5.0,5.5,10.0,10.0,10,100.0,inf,cone,both,5000.0,10.0,0.01,30.0,0.01,256,20,3,0.5,0.1,0.99,10.0,256,20,0,128,0,4.526402731644017,5.5,77.79740189319102,3088.418928577982,0.7713541666666667,485.64128922433787,0.0,
pd,transverse,300.0,1800.0,0.1,0.075,5.0,6.25,10.0,10.0,10,100.0,inf,cone,both,5000.0,10.0,0.01,30.0,0.01,256,20,3,0.5,0.1,0.99,10.0,256,20,0,128,0,4.551291340486994,6.25,77.79740189319102,3431.6549941289,0.7723958333333333,480.1941010742033,0.0,
pd,transverse,300.0,1800.0,0.1,0.075,5.0,7.5,10.0,10.0,10,100.0,inf,cone,both,5000.0,10.0,0.01,30.0,0.01,256,20,3,0.5,0.1,0.99,10.0,256,20,0,128,0,4.558024037818801,7.5,77.79740189319102,3918.021131087803,0.7719618055555556,480.61703722541847,0.0,
pd,transverse,300.0,1800.0,0.1,0.075,5.0,10.0,10.0,10.0,10,100.0,inf,cone,both,5000.0,10.0,0.01,30.0,0.01,256,20,3,0.5,0.1,0.99,10.0,256,20,0,128,0,4.558024037818801,10.0,77.79740189319102,4496.529681685049,0.7690972222222222,484.81876868948,0.0,
pd,transverse,300.0,1800.0,0.1,0.075,5.0,inf,10.0,10.0,10,100.0,inf,cone,both,5000.0,10.0,0.01,30.0,0.01,256,20,3,0.5,0.1,0.99,10.0,256,20,0,128,0,4.558024037818801,13.49999999999996,77.79740189319102,4675.446221785904,0.7680989583333333,491.7335508762649,0.0,
pd,transverse,300.0,1800.0,0.1,0.09,5.0,1.25,10.0,10.0,10,100.0,inf,cone,both,5000.0,10.0,0.01,30.0,0.01,256,20,3,0.5,0.1,0.99,10.0,256,20,0,128,98,2.8674132682823434,1.25,54.43867775354256,723.887200616441,0.7655447180950199,268.6319718695796,0.765625,600.0
pd,transverse,300.0,1800.0,0.1,0.09,5.0,2.5,10.0,10.0,10,100.0,inf,cone,both,5000.0,10.0,0.01,30.0,0.01,256,20,3,0.5,0.1,0.99,10.0,256,20,0,128,98,3.868775785091824,2.5,55.0695706958767,1300.9491192384803,0.768104197901784,445.1959103722237,0.765625,680.0
pd,transverse,300.0,1800.0,0.1,0.09,5.0,3.75,10.0,10.0,10,100.0,inf,cone,both,5000.0,10.0,0.01,30.0,0.01,256,20,3,0.5,0.1,0.99,10.0,256,20,0,128,1,4.462697522579934,3.75,108.01704904623423,1792.674957502233,0.7677951388888888,537.1908119349093,0.0078125,730.0
pd,transverse,300.0,1800.0,0.1,0.09,5.0,4.5,10.0,10.0,10,100.0,inf,cone,both,5000.0,10.0,0.01,30.0,0.01,256,20,3,0.5,0.1,0.99,10.0,256,20,0,128,0,4.421494675835369,4.5,113.23799220087088,2729.281697216836,0.7677517361111111,589.7902085842607,0.0,
pd,transverse,300.0,1800.0,0.1,0.09,5.0,5.0,10.0,10.0,10,100.0,inf,cone,both,5000.0,10.0,0.01,30.0,0.01,256,20,3,0.5,0.1,0.99,10.0,256,20,0,128,0,4.428951308968529,5.0,113.23799220087088,3285.918013776404,0.7684895833333333,602.0509346857867,0.0,
pd,transverse,300.0,1800.0,0.1,0.09,5.0,5.5,10.0,10.0,10,100.0,inf,cone,both,5000.0,10.0,0.01,30.0,0.01,256,20,3,0.5,0.1,0.99,10.0,256,20,0,128,0,4.433324683781777,5.5,113.23799220087088,3712.567217847259,0.76875,611.2579305585645,0.0,
pd,transverse,300.0,1800.0,0.1,0.09,5.0,6.25,10.0,10.0,10,100.0,inf,cone,both,5000.0,10.0,0.01,30.0,0.01,256,20,3,0.5,0.1,0.99,10.0,256,20,0,128,0,4.412874076077237,6.25,113.23799220087088,4183.62647841145,0.7689236111111111,634.2636827070801,0.0,
pd,transverse,300.0,1800.0,0.1,0.09,5.0,7.5,10.0,10.0,10,100.0,inf,cone,both,5000.0,10.0,0.01,30.0,0.01,256,20,3,0.5,0.1,0.99,10.0,256,20,0,128,0,4.475522968676126,7.5,113.23799220087088,4742.601793117503,0.7646701388888889,600.7364205110873,0.0,
pd,transverse,300.0,1800.0,0.1,0.09,5.0,10.0,10.0,10.0,10,100.0,inf,cone,both,5000.0,10.0,0.01,30.0,0.01,256,20,3,0.5,0.1,0.99,10.0,256,20,0,128,0,4.496177185523449,10.0,113.23799220087088,5589.896752677033,0.7494791666666667,600.2313729139274,0.0,
pd,transverse,300.0,1800.0,0.1,0.09,5.0,inf,10.0,10.0,10,100.0,inf,cone,both,5000.0,10.0,0.01,30.0,0.01,256,20,3,0.5,0.1,0.99,10.0,256,20,0,128,0,4.496177185523449,16.19999999999998,113.23799220087088,6225.407486915323,0.7370659722222223,624.3037201056682,0.0,
pd,transverse,300.0,1800.0,0.1,0.1,5.0,1.25,10.0,10.0,10,100.0,inf,cone,both,5000.0,10.0,0.01,30.0,0.01,256,20,3,0.5,0.1,0.99,10.0,256,20,0,128,98,2.8749698921848017,1.25,55.6736792725486,730.105986376615,0.7657556246403614,272.3428763068034,0.765625,610.0
pd,transverse,300.0,1800.0,0.1,0.1,5.0,2.5,10.0,10.0,10,100.0,inf,cone,both,5000.0,10.0,0.01,30.0,0.01,256,20,3,0.5,0.1,0.99,10.0,256,20,0,128,98,3.967365758735865,2.5,56.76526331548996,1341.2688759036328,0.768405400202755,461.3507841832428,0.765625,720.0
pd,transverse,300.0,1800.0,0.1,0.1,5.0,3.75,10.0,10.0,10,100.0,inf,cone,both,5000.0,10.0,0.01,30.0,0.01,256,20,3,0.5,0.1,0.99,10.0,256,20,0,128,2,4.41346817944075,3.75,125.7571186098401,1891.825041605892,0.7670138888888889,594.1421692518518,0.015625,745.0
pd,transverse,300.0,1800.0,0.1,0.1,5.0,4.5,10.0,10.0,10,100.0,inf,cone,both,5000.0,10.0,0.01,30.0,0.01,256,20,3,0.5,0.1,0.99,10.0,256,20,0,128,0,4.413682671430494,4.5,133.548580361634,2803.5843922915383,0.7671875,633.6754521844267,0.0,
pd,transverse,300.0,1800.0,0.1,0.1,5.0,5.0,10.0,10.0,10,100.0,inf,cone,both,5000.0,10.0,0.01,30.0,0.01,256,20,3,0.5,0.1,0.99,10.0,256,20,0,128,0,4.405375925962053,5.0,133.548580361634,3421.824813237964,0.7680555555555556,661.6595942878158,0.0,
pd,transverse,300.0,1800.0,0.1,0.1,5.0,5.5,10.0,10.0,10,100.0,inf,cone,both,5000.0,10.0,0.01,30.0,0.01,256,20,3,0.5,0.1,0.99,10.0,256,20,0,128,0,4.410063064685031,5.5,133.548580361634,3952.792326215197,0.7684027777777778,675.305830624719,0.0,
pd,transverse,300.0,1800.0,0.1,0.1,5.0,6.25,10.0,10.0,10,100.0,inf,cone,both,5000.0,10.0,0.01,30.0,0.01,256,20,3,0.5,0.1,0.99,10.0,256,20,0,128,0,4.412874076077237,6.25,133.548580361634,4564.078900791097,0.7681423611111111,690.5842099257882,0.0,
pd,transverse,300.0,1800.0,0.1,0.1,5.0,7.5,10.0,10.0,10,100.0,inf,cone,both,5000.0,10.0,0.01,30.0,0.01,256,20,3,0.5,0.1,0.99,10.0,256,20,0,128,0,4.412874076077237,7.5,133.548580361634,5260.202571753195,0.7603298611111111,706.2808898915506,0.0,
pd,transverse,300.0,1800.0,0.1,0.1,5.0,10.0,10.0,10.0,10,100.0,inf,cone,both,5000.0,10.0,0.01,30.0,0.01,256,20,3,0.5,0.1,0.99,10.0,256,20,0,128,0,4.412874076077237,10.0,133.548580361634,6215.858199958197,0.7311631944444444,724.5373654389418,0.0,
pd,transverse,300.0,1800.0,0.1,0.1,5.0,inf,10.0,10.0,10,100.0,inf,cone,both,5000.0,10.0,0.01,30.0,0.01,256,20,3,0.5,0.1,0.99,10.0,256,20,0,128,0,4.412874076077237,17.999999999999986,133.548580361634,7221.51338719383,0.6990017361111112,758.7919881852516,0.0,
pd,transverse,300.0,1800.0,0.1,0.11,5.0,1.25,10.0,10.0,10,100.0,inf,cone,both,5000.0,10.0,0.01,30.0,0.01,256,20,3,0.5,0.1,0.99,10.0,256,20,0,128,98,2.8788920873390724,1.25,56.68883936273913,733.2007601488671,0.7658546867180392,274.7571978441762,0.765625,610.0
pd,transverse,300.0,1800.0,0.1,0.11,5.0,2.5,10.0,10.0,10,100.0,inf,cone,both,5000.0,10.0,0.01,30.0,0.01,256,20,3,0.5,0.1,0.99,10.0,256,20,0,128,98,4.035123205300591,2.5,58.24708175200408,1372.0259183445407,0.7680176614441183,476.8381006584543,0.765625,740.0
pd,transverse,300.0,1800.0,0.1,0.11,5.0,3.75,10.0,10.0,10,100.0,inf,cone,both,5000.0,10.0,0.01,30.0,0.01,256,20,3,0.5,0.1,0.99,10.0,256,20,0,128,1,4.432252930566135,3.75,137.05959478598476,1963.5923590895216,0.7682725694444444,617.1870375812067,0.0078125,770.0
pd,transverse,300.0,1800.0,0.1,0.11,5.0,4.5,10.0,10.0,10,100.0,inf,cone,both,5000.0,10.0,0.01,30.0,0.01,256,20,3,0.5,0.1,0.99,10.0,256,20,0,128,0,4.381513759372752,4.5,151.8589602549031,2859.4492331047536,0.7664496527777778,681.3762572327743,0.0,
pd,transverse,300.0,1800.0,0.1,0.11,5.0,5.0,10.0,10.0,10,100.0,inf,cone,both,5000.0,10.0,0.01,30.0,0.01,256,20,3,0.5,0.1,0.99,10.0,256,20,0,128,0,4.398700467051294,5.0,151.8589602549031,3491.9336322168137,0.7676649305555555,701.2945449369774,0.0,
pd,transverse,300.0,1800.0,0.1,0.11,5.0,5.5,10.0,10.0,10,100.0,inf,cone,both,5000.0,10.0,0.01,30.0,0.01,256,20,3,0.5,0.1,0.99,10.0,256,20,0,128,0,4.406938321004372,5.5,151.8589602549031,4077.280709380112,0.7680121527777778,718.2055783979522,0.0,
pd,transverse,300.0,1800.0,0.1,0.11,5.0,6.25,10.0,10.0,10,100.0,inf,cone,both,5000.0,10.0,0.01,30.0,0.01,256,20,3,0.5,0.1,0.99,10.0,256,20,0,128,0,4.412874076077237,6.25,151.8589602549031,4817.842644055049,0.7677951388888888,737.0065119419563,0.0,
pd,transverse,300.0,1800.0,0.1,0.11,5.0,7.5,10.0,10.0,10,100.0,inf,cone,both,5000.0,10.0,0.01,30.0,0.01,256,20,3,0.5,0.1,0.99,10.0,256,20,0,128,0,4.412874076077237,7.5,151.8589602549031,5685.316703832714,0.7500868055555555,758.014551384329,0.0,
pd,transverse,300.0,1800.0,0.1,0.11,5.0,10.0,10.0,10.0,10,100.0,inf,cone,both,5000.0,10.0,0.01,30.0,0.01,256,20,3,0.5,0.1,0.99,10.0,256,20,0,128,0,4.412874076077237,10.0,151.8589602549031,6753.700184146156,0.7085069444444444,782.1544537014883,0.0,
pd,transverse,300.0,1800.0,0.1,0.11,5.0,inf,10.0,10.0,10,100.0,inf,cone,both,5000.0,10.0,0.01,30.0,0.01,256,20,3,0.5,0.1,0.99,10.0,256,20,0,128,0,4.412874076077237,19.79999999999995,151.8589602549031,8134.754826636163,0.6582465277777778,846.3782407311496,0.0,
pd,transverse,300.0,1800.0,0.1,0.125,5.0,1.25,10.0,10.0,10,100.0,inf,cone,both,5000.0,10.0,0.01,30.0,0.01,256,20,3,0.5,0.1,0.99,10.0,256,20,0,128,98,2.8909908684612318,1.25,57.97638855062211,737.7060201747083,0.7660757074207413,277.8204075688559,0.765625,610.0
pd,transverse,300.0,1800.0,0.1,0.125,5.0,2.5,10.0,10.0,10,100.0,inf,cone,both,5000.0,10.0,0.01,30.0,0.01,256,20,3,0.5,0.1,0.99,10.0,256,20,0,128,98,4.113943191964016,2.5,60.24127488429714,1411.0501576439735,0.7677621430210576,496.4279609331694,0.765625,770.0
pd,transverse,300.0,1800.0,0.1,0.125,5.0,3.75,10.0,10.0,10,100.0,inf,cone,both,5000.0,10.0,0.01,30.0,0.01,256,20,3,0.5,0.1,0.99,10.0,256,20,0,128,1,4.425222286152318,3.75,143.01905010190754,2078.573705696881,0.7677083333333333,657.3232541908072,0.0078125,800.0
pd,transverse,300.0,1800.0,0.1,0.125,5.0,4.5,10.0,10.0,10,100.0,inf,cone,both,5000.0,10.0,0.01,30.0,0.01,256,20,3,0.5,0.1,0.99,10.0,256,20,0,128,0,4.396142483093777,4.5,175.101305476881,2925.608864330335,0.7667100694444444,724.1499988346873,0.0,
pd,transverse,300.0,1800.0,0.1,0.125,5.0,5.0,10.0,10.0,10,100.0,inf,cone,both,5000.0,10.0,0.01,30.0,0.01,256,20,3,0.5,0.1,0.99,10.0,256,20,0,128,0,4.383076174577273,5.0,175.42898727260308,3583.399210864935,0.7667100694444444,758.7269223049506,0.0,
pd,transverse,300.0,1800.0,0.1,0.125,5.0,5.5,10.0,10.0,10,100.0,inf,cone,both,5000.0,10.0,0.01,30.0,0.01,256,20,3,0.5,0.1,0.99,10.0,256,20,0,128,0,4.389325700675105,5.5,175.42898727260308,4202.926421258668,0.7669270833333334,781.6826907830194,0.0,
pd,transverse,300.0,1800.0,0.1,0.125,5.0,6.25,10.0,10.0,10,100.0,inf,cone,both,5000.0,10.0,0.01,30.0,0.01,256,20,3,0.5,0.1,0.99,10.0,256,20,0,128,0,4.391313942117635,6.25,175.42898727260308,5053.203745349229,0.7659288194444445,808.1748093990662,0.0,
pd,transverse,300.0,1800.0,0.1,0.125,5.0,7.5,10.0,10.0,10,100.0,inf,cone,both,5000.0,10.0,0.01,30.0,0.01,256,20,3,0.5,0.1,0.99,10.0,256,20,0,128,0,4.412874076077237,7.5,175.42898727260308,6184.267118315156,0.7338975694444444,832.1606159113719,0.0,
pd,transverse,300.0,1800.0,0.1,0.125,5.0,10.0,10.0,10.0,10,100.0,inf,cone,both,5000.0,10.0,0.01,30.0,0.01,256,20,3,0.5,0.1,0.99,10.0,256,20,0,128,0,4.391313942117635,10.0,175.42898727260308,7564.721074675846,0.6705295138888889,879.6006858187337,0.0,
pd,transverse,300.0,1800.0,0.1,0.125,5.0,inf,10.0,10.0,10,100.0,inf,cone,both,5000.0,10.0,0.01,30.0,0.01,256,20,3,0.5,0.1,0.99,10.0,256,20,0,128,0,4.391313942117635,22.5,175.42898727260308,9589.952115681908,0.6053819444444445,1019.9223156618526,0.0,
pd,transverse,300.0,1800.0,0.1,0.15,5.0,1.25,10.0,10.0,10,100.0,inf,cone,both,5000.0,10.0,0.01,30.0,0.01,256,20,3,0.5,0.1,0.99,10.0,256,20,0,128,98,2.915036502277755,1.25,59.49292611505759,741.9110111339838,0.7661278216776699,281.10716200696874,0.765625,620.0
pd,transverse,300.0,1800.0,0.1,0.15,5.0,2.5,10.0,10.0,10,100.0,inf,cone,both,5000.0,10.0,0.01,30.0,0.01,256,20,3,0.5,0.1,0.99,10.0,256,20,0,128,97,4.200796629480928,2.5,62.98587059045331,1448.8461732487397,0.7678612490833464,517.9549355754642,0.7578125,790.0
pd,transverse,300.0,1800.0,0.1,0.15,5.0,3.75,10.0,10.0,10,100.0,inf,cone,both,5000.0,10.0,0.01,30.0,0.01,256,20,3,0.5,0.1,0.99,10.0,256,20,0,128,1,4.393286904865772,3.75,142.71203657935442,2268.014952997832,0.7668402777777777,716.0689043011907,0.0078125,820.0
pd,transverse,300.0,1800.0,0.1,0.15,5.0,4.5,10.0,10.0,10,100.0,inf,cone,both,5000.0,10.0,0.01,30.0,0.01,256,20,3,0.5,0.1,0.99,10.0,256,20,0,128,0,4.411802322861595,4.5,204.08104255323963,3008.878103331864,0.7675347222222222,783.3741600787856,0.0,
pd,transverse,300.0,1800.0,0.1,0.15,5.0,5.0,10.0,10.0,10,100.0,inf,cone,both,5000.0,10.0,0.01,30.0,0.01,256,20,3,0.5,0.1,0.99,10.0,256,20,0,128,0,4.395361257469213,5.0,205.3220939254995,3690.624305111286,0.7662760416666666,826.4852258525242,0.0,
pd,transverse,300.0,1800.0,0.1,0.15,5.0,5.5,10.0,10.0,10,100.0,inf,cone,both,5000.0,10.0,0.01,30.0,0.01,256,20,3,0.5,0.1,0.99,10.0,256,20,0,128,0,4.3822949683503,5.5,205.3220939254995,4343.19114797998,0.7664930555555556,863.9940087156425,0.0,
pd,transverse,300.0,1800.0,0.1,0.15,5.0,6.25,10.0,10.0,10,100.0,inf,cone,both,5000.0,10.0,0.01,30.0,0.01,256,20,3,0.5,0.1,0.99,10.0,256,20,0,128,0,4.390106872283121,6.25,205.3220939254995,5256.473459768067,0.7648871527777777,901.3523584959972,0.0,
pd,transverse,300.0,1800.0,0.1,0.15,5.0,7.5,10.0,10.0,10,100.0,inf,cone,both,5000.0,10.0,0.01,30.0,0.01,256,20,3,0.5,0.1,0.99,10.0,256,20,0,128,0,4.391313942117635,7.5,205.3220939254995,6617.024207008452,0.7217013888888889,947.0183652669645,0.0,
pd,transverse,300.0,1800.0,0.1,0.15,5.0,10.0,10.0,10.0,10,100.0,inf,cone,both,5000.0,10.0,0.01,30.0,0.01,256,20,3,0.5,0.1,0.99,10.0,256,20,0,128,0,4.348111865224369,10.0,205.3220939254995,8596.873542394786,0.6266927083333333,1044.8051334666848,0.0,
pd,transverse,300.0,1800.0,0.1,0.15,5.0,inf,10.0,10.0,10,100.0,inf,cone,both,5000.0,10.0,0.01,30.0,0.01,256,20,3,0.5,0.1,0.99,10.0,256,20,0,128,0,4.370576624119661,26.99999999999992,205.3220939254995,11885.628077738464,0.5423177083333334,1354.1196947703827,0.0,
pd,transverse,300.0,1800.0,0.1,0.2,5.0,1.25,10.0,10.0,10,100.0,inf,cone,both,5000.0,10.0,0.01,30.0,0.01,256,20,3,0.5,0.1,0.99,10.0,256,20,0,128,98,2.977218115121086,1.25,61.46695054666328,746.6761402509354,0.7668025753648233,284.9508174173516,0.765625,630.0
pd,transverse,300.0,1800.0,0.1,0.2,5.0,2.5,10.0,10.0,10,100.0,inf,cone,both,5000.0,10.0,0.01,30.0,0.01,256,20,3,0.5,0.1,0.99,10.0,256,20,0,128,89,4.311359047152624,2.5,67.19329156823912,1501.2836667591132,0.7680317392914309,542.7334726204562,0.6953125,810.0
pd,transverse,300.0,1800.0,0.1,0.2,5.0,3.75,10.0,10.0,10,100.0,inf,cone,both,5000.0,10.0,0.01,30.0,0.01,256,20,3,0.5,0.1,0.99,10.0,256,20,0,128,2,4.364517701646652,3.75,149.47894954285516,2567.622115019501,0.7654947916666667,785.1246399406709,0.015625,930.0
pd,transverse,300.0,1800.0,0.1,0.2,5.0,4.5,10.0,10.0,10,100.0,inf,cone,both,5000.0,10.0,0.01,30.0,0.01,256,20,3,0.5,0.1,0.99,10.0,256,20,0,128,0,4.394985155785028,4.5,238.6540297644387,3184.710382655046,0.7670138888888889,879.4808054872655,0.0,
pd,transverse,300.0,1800.0,0.1,0.2,5.0,5.0,10.0,10.0,10,100.0,inf,cone,both,5000.0,10.0,0.01,30.0,0.01,256,20,3,0.5,0.1,0.99,10.0,256,20,0,128,0,4.405552869704462,5.0,240.18766494890517,3920.4613359330906,0.7663628472222223,931.54570252795,0.0,
pd,transverse,300.0,1800.0,0.1,0.2,5.0,5.5,10.0,10.0,10,100.0,inf,cone,both,5000.0,10.0,0.01,30.0,0.01,256,20,3,0.5,0.1,0.99,10.0,256,20,0,128,0,4.370576624119661,5.5,241.46729950539063,4627.615005275586,0.7656684027777778,991.5095423660048,0.0,
pd,transverse,300.0,1800.0,0.1,0.2,5.0,6.25,10.0,10.0,10,100.0,inf,cone,both,5000.0,10.0,0.01,30.0,0.01,256,20,3,0.5,0.1,0.99,10.0,256,20,0,128,0,4.370576624119661,6.25,241.46729950539063,5609.336621085314,0.7609809027777777,1050.861785308364,0.0,
pd,transverse,300.0,1800.0,0.1,0.2,5.0,7.5,10.0,10.0,10,100.0,inf,cone,both,5000.0,10.0,0.01,30.0,0.01,256,20,3,0.5,0.1,0.99,10.0,256,20,0,128,0,4.348111865224369,7.5,241.46729950539063,7109.317310401164,0.7106770833333333,1141.9610662079226,0.0,
pd,transverse,300.0,1800.0,0.1,0.2,5.0,10.0,10.0,10.0,10,100.0,inf,cone,both,5000.0,10.0,0.01,30.0,0.01,256,20,3,0.5,0.1,0.99,10.0,256,20,0,128,0,4.348111865224369,10.0,241.46729950539063,9705.71850779782,0.5974392361111112,1261.5911109895503,0.0,
pd,transverse,300.0,1800.0,0.1,0.2,5.0,inf,10.0,10.0,10,100.0,inf,cone,both,5000.0,10.0,0.01,30.0,0.01,256,20,3,0.5,0.1,0.99,10.0,256,20,0,128,0,4.348111865224369,35.99999999999997,241.46729950539063,16541.126495344703,0.4621527777777778,2164.535866030525,0.0,
