pursuer,evader,separation_m,horizon_s,pursuer_cap_mps,evader_cap_mps,pursuer_budget_mps,evader_budget_mps,dt_s,capture_m,substeps,lookahead_s,capture_speed_mps,sensor,sensed,sensor_range_m,cone_half_angle_deg,noise_fraction,prior_sigma_m,prior_sigma_mps,planner_samples,planner_segments,planner_repeat,planner_noise,planner_temperature,planner_discount,planner_capture_bonus,planner_evader_samples,planner_evader_segments,planner_rollout_substeps,episodes,wins,pursuer_dv,evader_dv,closest_m,final_range_m,pursuer_detection_fraction,pursuer_mean_error_m,outcome,median_capture_time_s
direct,flee,300.0,1800.0,0.1,0.05,5.0,5.0,10.0,5.0,10,100.0,0.5,full,both,inf,180.0,0.01,0.0,0.0,256,20,3,0.5,0.1,0.99,10.0,256,20,0,128,0,5.0,5.0,50.67889861692689,4733.355108422031,0.0,0.0,0.0,
direct,flee,300.0,1800.0,0.1,0.05,5.0,5.0,10.0,5.0,10,100.0,2.0,full,both,inf,180.0,0.01,0.0,0.0,256,20,3,0.5,0.1,0.99,10.0,256,20,0,128,0,5.0,5.0,50.67889861692689,4733.355108422031,0.0,0.0,0.0,
direct,flee,300.0,1800.0,0.1,0.05,5.0,5.0,10.0,5.0,10,100.0,inf,full,both,inf,180.0,0.01,0.0,0.0,256,20,3,0.5,0.1,0.99,10.0,256,20,0,128,0,5.0,5.0,50.67889861692689,4733.355108422031,0.0,0.0,0.0,
direct,flee,300.0,1800.0,0.1,0.05,5.0,5.0,10.0,10.0,10,100.0,0.5,full,both,inf,180.0,0.01,0.0,0.0,256,20,3,0.5,0.1,0.99,10.0,256,20,0,128,0,5.0,5.0,50.67889861692689,4733.355108422031,0.0,0.0,0.0,
direct,flee,300.0,1800.0,0.1,0.05,5.0,5.0,10.0,10.0,10,100.0,2.0,full,both,inf,180.0,0.01,0.0,0.0,256,20,3,0.5,0.1,0.99,10.0,256,20,0,128,1,4.98671875,4.973828125,50.690609054901394,4709.544376994336,0.0,0.0,0.0078125,330.0
direct,flee,300.0,1800.0,0.1,0.05,5.0,5.0,10.0,10.0,10,100.0,inf,full,both,inf,180.0,0.01,0.0,0.0,256,20,3,0.5,0.1,0.99,10.0,256,20,0,128,1,4.98671875,4.973828125,50.690609054901394,4709.544376994336,0.0,0.0,0.0078125,330.0
direct,flee,300.0,1800.0,0.1,0.05,5.0,5.0,10.0,20.0,10,100.0,0.5,full,both,inf,180.0,0.01,0.0,0.0,256,20,3,0.5,0.1,0.99,10.0,256,20,0,128,0,5.0,5.0,50.67889861692689,4733.355108422031,0.0,0.0,0.0,
direct,flee,300.0,1800.0,0.1,0.05,5.0,5.0,10.0,20.0,10,100.0,2.0,full,both,inf,180.0,0.01,0.0,0.0,256,20,3,0.5,0.1,0.99,10.0,256,20,0,128,5,4.934375,4.86953125,50.72450882683235,4609.328376762507,0.0,0.0,0.0390625,330.0
direct,flee,300.0,1800.0,0.1,0.05,5.0,5.0,10.0,20.0,10,100.0,inf,full,both,inf,180.0,0.01,0.0,0.0,256,20,3,0.5,0.1,0.99,10.0,256,20,0,128,5,4.934375,4.86953125,50.72450882683235,4609.328376762507,0.0,0.0,0.0390625,330.0
direct,flee,300.0,1800.0,0.1,0.05,5.0,5.0,10.0,50.0,10,100.0,0.5,full,both,inf,180.0,0.01,0.0,0.0,256,20,3,0.5,0.1,0.99,10.0,256,20,0,128,0,5.0,5.0,50.67889861692689,4733.355108422031,0.0,0.0,0.0,
direct,flee,300.0,1800.0,0.1,0.05,5.0,5.0,10.0,50.0,10,100.0,2.0,full,both,inf,180.0,0.01,0.0,0.0,256,20,3,0.5,0.1,0.99,10.0,256,20,0,128,66,4.132812500000001,3.2773437500000004,55.290382755316166,2162.2112886379086,0.0,0.0,0.515625,330.0
direct,flee,300.0,1800.0,0.1,0.05,5.0,5.0,10.0,50.0,10,100.0,inf,full,both,inf,180.0,0.01,0.0,0.0,256,20,3,0.5,0.1,0.99,10.0,256,20,0,128,66,4.132812500000001,3.2773437500000004,55.290382755316166,2162.2112886379086,0.0,0.0,0.515625,330.0
direct,flee,300.0,1800.0,0.1,0.1,5.0,2.5,10.0,5.0,10,100.0,0.5,full,both,inf,180.0,0.01,0.0,0.0,256,20,3,0.5,0.1,0.99,10.0,256,20,0,128,0,5.0,2.5,38.9468352677708,3272.3243057340424,0.0,0.0,0.0,
direct,flee,300.0,1800.0,0.1,0.1,5.0,2.5,10.0,5.0,10,100.0,2.0,full,both,inf,180.0,0.01,0.0,0.0,256,20,3,0.5,0.1,0.99,10.0,256,20,0,128,0,5.0,2.5,38.9468352677708,3272.3243057340424,0.0,0.0,0.0,
direct,flee,300.0,1800.0,0.1,0.1,5.0,2.5,10.0,5.0,10,100.0,inf,full,both,inf,180.0,0.01,0.0,0.0,256,20,3,0.5,0.1,0.99,10.0,256,20,0,128,0,5.0,2.5,38.9468352677708,3272.3243057340424,0.0,0.0,0.0,
direct,flee,300.0,1800.0,0.1,0.1,5.0,2.5,10.0,10.0,10,100.0,0.5,full,both,inf,180.0,0.01,0.0,0.0,256,20,3,0.5,0.1,0.99,10.0,256,20,0,128,0,5.0,2.5,38.9468352677708,3272.3243057340424,0.0,0.0,0.0,
direct,flee,300.0,1800.0,0.1,0.1,5.0,2.5,10.0,10.0,10,100.0,2.0,full,both,inf,180.0,0.01,0.0,0.0,256,20,3,0.5,0.1,0.99,10.0,256,20,0,128,0,5.0,2.5,38.9468352677708,3272.3243057340424,0.0,0.0,0.0,
direct,flee,300.0,1800.0,0.1,0.1,5.0,2.5,10.0,10.0,10,100.0,inf,full,both,inf,180.0,0.01,0.0,0.0,256,20,3,0.5,0.1,0.99,10.0,256,20,0,128,1,4.9984375,2.5,38.9468352677708,3255.8431878849924,0.0,0.0,0.0078125,480.0
direct,flee,300.0,1800.0,0.1,0.1,5.0,2.5,10.0,20.0,10,100.0,0.5,full,both,inf,180.0,0.01,0.0,0.0,256,20,3,0.5,0.1,0.99,10.0,256,20,0,128,0,5.0,2.5,38.9468352677708,3272.3243057340424,0.0,0.0,0.0,
direct,flee,300.0,1800.0,0.1,0.1,5.0,2.5,10.0,20.0,10,100.0,2.0,full,both,inf,180.0,0.01,0.0,0.0,256,20,3,0.5,0.1,0.99,10.0,256,20,0,128,0,5.0,2.5,38.9468352677708,3272.3243057340424,0.0,0.0,0.0,
direct,flee,300.0,1800.0,0.1,0.1,5.0,2.5,10.0,20.0,10,100.0,inf,full,both,inf,180.0,0.01,0.0,0.0,256,20,3,0.5,0.1,0.99,10.0,256,20,0,128,23,4.9796875,2.5,39.20018650526445,2579.5029474165444,0.0,0.0,0.1796875,490.0
direct,flee,300.0,1800.0,0.1,0.1,5.0,2.5,10.0,50.0,10,100.0,0.5,full,both,inf,180.0,0.01,0.0,0.0,256,20,3,0.5,0.1,0.99,10.0,256,20,0,128,0,5.0,2.5,38.9468352677708,3272.3243057340424,0.0,0.0,0.0,
direct,flee,300.0,1800.0,0.1,0.1,5.0,2.5,10.0,50.0,10,100.0,2.0,full,both,inf,180.0,0.01,0.0,0.0,256,20,3,0.5,0.1,0.99,10.0,256,20,0,128,0,5.0,2.5,38.9468352677708,3272.3243057340424,0.0,0.0,0.0,
direct,flee,300.0,1800.0,0.1,0.1,5.0,2.5,10.0,50.0,10,100.0,inf,full,both,inf,180.0,0.01,0.0,0.0,256,20,3,0.5,0.1,0.99,10.0,256,20,0,128,87,4.8859375,2.5,48.36467038768417,841.3754445459726,0.0,0.0,0.6796875,480.0
direct,flee,300.0,1800.0,0.1,0.1,5.0,3.75,10.0,5.0,10,100.0,0.5,full,both,inf,180.0,0.01,0.0,0.0,256,20,3,0.5,0.1,0.99,10.0,256,20,0,128,0,5.0,3.75,90.79920149498818,1437.4487212567976,0.0,0.0,0.0,
direct,flee,300.0,1800.0,0.1,0.1,5.0,3.75,10.0,5.0,10,100.0,2.0,full,both,inf,180.0,0.01,0.0,0.0,256,20,3,0.5,0.1,0.99,10.0,256,20,0,128,0,5.0,3.75,90.79920149498818,1437.4487212567976,0.0,0.0,0.0,
direct,flee,300.0,1800.0,0.1,0.1,5.0,3.75,10.0,5.0,10,100.0,inf,full,both,inf,180.0,0.01,0.0,0.0,256,20,3,0.5,0.1,0.99,10.0,256,20,0,128,0,5.0,3.75,90.79920149498818,1437.4487212567976,0.0,0.0,0.0,
direct,flee,300.0,1800.0,0.1,0.1,5.0,3.75,10.0,10.0,10,100.0,0.5,full,both,inf,180.0,0.01,0.0,0.0,256,20,3,0.5,0.1,0.99,10.0,256,20,0,128,0,5.0,3.75,90.79920149498818,1437.4487212567976,0.0,0.0,0.0,
direct,flee,300.0,1800.0,0.1,0.1,5.0,3.75,10.0,10.0,10,100.0,2.0,full,both,inf,180.0,0.01,0.0,0.0,256,20,3,0.5,0.1,0.99,10.0,256,20,0,128,0,5.0,3.75,90.79920149498818,1437.4487212567976,0.0,0.0,0.0,
direct,flee,300.0,1800.0,0.1,0.1,5.0,3.75,10.0,10.0,10,100.0,inf,full,both,inf,180.0,0.01,0.0,0.0,256,20,3,0.5,0.1,0.99,10.0,256,20,0,128,0,5.0,3.75,90.79920149498818,1437.4487212567976,0.0,0.0,0.0,
direct,flee,300.0,1800.0,0.1,0.1,5.0,3.75,10.0,20.0,10,100.0,0.5,full,both,inf,180.0,0.01,0.0,0.0,256,20,3,0.5,0.1,0.99,10.0,256,20,0,128,0,5.0,3.75,90.79920149498818,1437.4487212567976,0.0,0.0,0.0,
direct,flee,300.0,1800.0,0.1,0.1,5.0,3.75,10.0,20.0,10,100.0,2.0,full,both,inf,180.0,0.01,0.0,0.0,256,20,3,0.5,0.1,0.99,10.0,256,20,0,128,7,5.0,3.75,90.91759900056697,1360.4883039936942,0.0,0.0,0.0546875,710.0
direct,flee,300.0,1800.0,0.1,0.1,5.0,3.75,10.0,20.0,10,100.0,inf,full,both,inf,180.0,0.01,0.0,0.0,256,20,3,0.5,0.1,0.99,10.0,256,20,0,128,7,5.0,3.75,90.91759900056697,1360.4883039936942,0.0,0.0,0.0546875,710.0
direct,flee,300.0,1800.0,0.1,0.1,5.0,3.75,10.0,50.0,10,100.0,0.5,full,both,inf,180.0,0.01,0.0,0.0,256,20,3,0.5,0.1,0.99,10.0,256,20,0,128,0,5.0,3.75,90.79920149498818,1437.4487212567976,0.0,0.0,0.0,
direct,flee,300.0,1800.0,0.1,0.1,5.0,3.75,10.0,50.0,10,100.0,2.0,full,both,inf,180.0,0.01,0.0,0.0,256,20,3,0.5,0.1,0.99,10.0,256,20,0,128,41,5.0,3.75,95.48009371861922,923.4972916171768,0.0,0.0,0.3203125,640.0
direct,flee,300.0,1800.0,0.1,0.1,5.0,3.75,10.0,50.0,10,100.0,inf,full,both,inf,180.0,0.01,0.0,0.0,256,20,3,0.5,0.1,0.99,10.0,256,20,0,128,41,5.0,3.75,95.48009371861922,923.4972916171768,0.0,0.0,0.3203125,640.0
direct,coast,300.0,1800.0,0.1,0.05,5.0,5.0,10.0,5.0,10,100.0,0.5,full,both,inf,180.0,0.01,0.0,0.0,256,20,3,0.5,0.1,0.99,10.0,256,20,0,128,0,5.0,0.0,34.406708200624884,800.5068255253086,0.0,0.0,0.0,
direct,coast,300.0,1800.0,0.1,0.05,5.0,5.0,10.0,5.0,10,100.0,2.0,full,both,inf,180.0,0.01,0.0,0.0,256,20,3,0.5,0.1,0.99,10.0,256,20,0,128,0,5.0,0.0,34.406708200624884,800.5068255253086,0.0,0.0,0.0,
direct,coast,300.0,1800.0,0.1,0.05,5.0,5.0,10.0,5.0,10,100.0,inf,full,both,inf,180.0,0.01,0.0,0.0,256,20,3,0.5,0.1,0.99,10.0,256,20,0,128,1,4.9796875,0.0,34.406708200624884,798.9576966475272,0.0,0.0,0.0078125,240.0
direct,coast,300.0,1800.0,0.1,0.05,5.0,5.0,10.0,10.0,10,100.0,0.5,full,both,inf,180.0,0.01,0.0,0.0,256,20,3,0.5,0.1,0.99,10.0,256,20,0,128,0,5.0,0.0,34.406708200624884,800.5068255253086,0.0,0.0,0.0,
direct,coast,300.0,1800.0,0.1,0.05,5.0,5.0,10.0,10.0,10,100.0,2.0,full,both,inf,180.0,0.01,0.0,0.0,256,20,3,0.5,0.1,0.99,10.0,256,20,0,128,0,5.0,0.0,34.406708200624884,800.5068255253086,0.0,0.0,0.0,
direct,coast,300.0,1800.0,0.1,0.05,5.0,5.0,10.0,10.0,10,100.0,inf,full,both,inf,180.0,0.01,0.0,0.0,256,20,3,0.5,0.1,0.99,10.0,256,20,0,128,3,4.9390625,0.0,34.406708200624884,796.0222294534536,0.0,0.0,0.0234375,240.0
direct,coast,300.0,1800.0,0.1,0.05,5.0,5.0,10.0,20.0,10,100.0,0.5,full,both,inf,180.0,0.01,0.0,0.0,256,20,3,0.5,0.1,0.99,10.0,256,20,0,128,0,5.0,0.0,34.406708200624884,800.5068255253086,0.0,0.0,0.0,
direct,coast,300.0,1800.0,0.1,0.05,5.0,5.0,10.0,20.0,10,100.0,2.0,full,both,inf,180.0,0.01,0.0,0.0,256,20,3,0.5,0.1,0.99,10.0,256,20,0,128,0,5.0,0.0,34.406708200624884,800.5068255253086,0.0,0.0,0.0,
direct,coast,300.0,1800.0,0.1,0.05,5.0,5.0,10.0,20.0,10,100.0,inf,full,both,inf,180.0,0.01,0.0,0.0,256,20,3,0.5,0.1,0.99,10.0,256,20,0,128,12,4.75390625,0.0,34.681261550886624,761.1100181210868,0.0,0.0,0.09375,240.0
direct,coast,300.0,1800.0,0.1,0.05,5.0,5.0,10.0,50.0,10,100.0,0.5,full,both,inf,180.0,0.01,0.0,0.0,256,20,3,0.5,0.1,0.99,10.0,256,20,0,128,0,5.0,0.0,34.406708200624884,800.5068255253086,0.0,0.0,0.0,
direct,coast,300.0,1800.0,0.1,0.05,5.0,5.0,10.0,50.0,10,100.0,2.0,full,both,inf,180.0,0.01,0.0,0.0,256,20,3,0.5,0.1,0.99,10.0,256,20,0,128,0,5.0,0.0,34.406708200624884,800.5068255253086,0.0,0.0,0.0,
direct,coast,300.0,1800.0,0.1,0.05,5.0,5.0,10.0,50.0,10,100.0,inf,full,both,inf,180.0,0.01,0.0,0.0,256,20,3,0.5,0.1,0.99,10.0,256,20,0,128,117,2.554687500000001,0.0,43.90345993322345,130.62000664372886,0.0,0.0,0.9140625,230.0
direct,coast,300.0,1800.0,0.1,0.1,5.0,2.5,10.0,5.0,10,100.0,0.5,full,both,inf,180.0,0.01,0.0,0.0,256,20,3,0.5,0.1,0.99,10.0,256,20,0,128,0,5.0,0.0,34.406708200624884,800.5068255253086,0.0,0.0,0.0,
direct,coast,300.0,1800.0,0.1,0.1,5.0,2.5,10.0,5.0,10,100.0,2.0,full,both,inf,180.0,0.01,0.0,0.0,256,20,3,0.5,0.1,0.99,10.0,256,20,0,128,0,5.0,0.0,34.406708200624884,800.5068255253086,0.0,0.0,0.0,
direct,coast,300.0,1800.0,0.1,0.1,5.0,2.5,10.0,5.0,10,100.0,inf,full,both,inf,180.0,0.01,0.0,0.0,256,20,3,0.5,0.1,0.99,10.0,256,20,0,128,1,4.9796875,0.0,34.406708200624884,798.9576966475272,0.0,0.0,0.0078125,240.0
direct,coast,300.0,1800.0,0.1,0.1,5.0,2.5,10.0,10.0,10,100.0,0.5,full,both,inf,180.0,0.01,0.0,0.0,256,20,3,0.5,0.1,0.99,10.0,256,20,0,128,0,5.0,0.0,34.406708200624884,800.5068255253086,0.0,0.0,0.0,
direct,coast,300.0,1800.0,0.1,0.1,5.0,2.5,10.0,10.0,10,100.0,2.0,full,both,inf,180.0,0.01,0.0,0.0,256,20,3,0.5,0.1,0.99,10.0,256,20,0,128,0,5.0,0.0,34.406708200624884,800.5068255253086,0.0,0.0,0.0,
direct,coast,300.0,1800.0,0.1,0.1,5.0,2.5,10.0,10.0,10,100.0,inf,full,both,inf,180.0,0.01,0.0,0.0,256,20,3,0.5,0.1,0.99,10.0,256,20,0,128,3,4.9390625,0.0,34.406708200624884,796.0222294534536,0.0,0.0,0.0234375,240.0
direct,coast,300.0,1800.0,0.1,0.1,5.0,2.5,10.0,20.0,10,100.0,0.5,full,both,inf,180.0,0.01,0.0,0.0,256,20,3,0.5,0.1,0.99,10.0,256,20,0,128,0,5.0,0.0,34.406708200624884,800.5068255253086,0.0,0.0,0.0,
direct,coast,300.0,1800.0,0.1,0.1,5.0,2.5,10.0,20.0,10,100.0,2.0,full,both,inf,180.0,0.01,0.0,0.0,256,20,3,0.5,0.1,0.99,10.0,256,20,0,128,0,5.0,0.0,34.406708200624884,800.5068255253086,0.0,0.0,0.0,
direct,coast,300.0,1800.0,0.1,0.1,5.0,2.5,10.0,20.0,10,100.0,inf,full,both,inf,180.0,0.01,0.0,0.0,256,20,3,0.5,0.1,0.99,10.0,256,20,0,128,12,4.75390625,0.0,34.681261550886624,761.1100181210868,0.0,0.0,0.09375,240.0
direct,coast,300.0,1800.0,0.1,0.1,5.0,2.5,10.0,50.0,10,100.0,0.5,full,both,inf,180.0,0.01,0.0,0.0,256,20,3,0.5,0.1,0.99,10.0,256,20,0,128,0,5.0,0.0,34.406708200624884,800.5068255253086,0.0,0.0,0.0,
direct,coast,300.0,1800.0,0.1,0.1,5.0,2.5,10.0,50.0,10,100.0,2.0,full,both,inf,180.0,0.01,0.0,0.0,256,20,3,0.5,0.1,0.99,10.0,256,20,0,128,0,5.0,0.0,34.406708200624884,800.5068255253086,0.0,0.0,0.0,
direct,coast,300.0,1800.0,0.1,0.1,5.0,2.5,10.0,50.0,10,100.0,inf,full,both,inf,180.0,0.01,0.0,0.0,256,20,3,0.5,0.1,0.99,10.0,256,20,0,128,117,2.554687500000001,0.0,43.90345993322345,130.62000664372886,0.0,0.0,0.9140625,230.0
direct,coast,300.0,1800.0,0.1,0.1,5.0,3.75,10.0,5.0,10,100.0,0.5,full,both,inf,180.0,0.01,0.0,0.0,256,20,3,0.5,0.1,0.99,10.0,256,20,0,128,0,5.0,0.0,34.406708200624884,800.5068255253086,0.0,0.0,0.0,
direct,coast,300.0,1800.0,0.1,0.1,5.0,3.75,10.0,5.0,10,100.0,2.0,full,both,inf,180.0,0.01,0.0,0.0,256,20,3,0.5,0.1,0.99,10.0,256,20,0,128,0,5.0,0.0,34.406708200624884,800.5068255253086,0.0,0.0,0.0,
direct,coast,300.0,1800.0,0.1,0.1,5.0,3.75,10.0,5.0,10,100.0,inf,full,both,inf,180.0,0.01,0.0,0.0,256,20,3,0.5,0.1,0.99,10.0,256,20,0,128,1,4.9796875,0.0,34.406708200624884,798.9576966475272,0.0,0.0,0.0078125,240.0
direct,coast,300.0,1800.0,0.1,0.1,5.0,3.75,10.0,10.0,10,100.0,0.5,full,both,inf,180.0,0.01,0.0,0.0,256,20,3,0.5,0.1,0.99,10.0,256,20,0,128,0,5.0,0.0,34.406708200624884,800.5068255253086,0.0,0.0,0.0,
direct,coast,300.0,1800.0,0.1,0.1,5.0,3.75,10.0,10.0,10,100.0,2.0,full,both,inf,180.0,0.01,0.0,0.0,256,20,3,0.5,0.1,0.99,10.0,256,20,0,128,0,5.0,0.0,34.406708200624884,800.5068255253086,0.0,0.0,0.0,
direct,coast,300.0,1800.0,0.1,0.1,5.0,3.75,10.0,10.0,10,100.0,inf,full,both,inf,180.0,0.01,0.0,0.0,256,20,3,0.5,0.1,0.99,10.0,256,20,0,128,3,4.9390625,0.0,34.406708200624884,796.0222294534536,0.0,0.0,0.0234375,240.0
direct,coast,300.0,1800.0,0.1,0.1,5.0,3.75,10.0,20.0,10,100.0,0.5,full,both,inf,180.0,0.01,0.0,0.0,256,20,3,0.5,0.1,0.99,10.0,256,20,0,128,0,5.0,0.0,34.406708200624884,800.5068255253086,0.0,0.0,0.0,
direct,coast,300.0,1800.0,0.1,0.1,5.0,3.75,10.0,20.0,10,100.0,2.0,full,both,inf,180.0,0.01,0.0,0.0,256,20,3,0.5,0.1,0.99,10.0,256,20,0,128,0,5.0,0.0,34.406708200624884,800.5068255253086,0.0,0.0,0.0,
direct,coast,300.0,1800.0,0.1,0.1,5.0,3.75,10.0,20.0,10,100.0,inf,full,both,inf,180.0,0.01,0.0,0.0,256,20,3,0.5,0.1,0.99,10.0,256,20,0,128,12,4.75390625,0.0,34.681261550886624,761.1100181210868,0.0,0.0,0.09375,240.0
direct,coast,300.0,1800.0,0.1,0.1,5.0,3.75,10.0,50.0,10,100.0,0.5,full,both,inf,180.0,0.01,0.0,0.0,256,20,3,0.5,0.1,0.99,10.0,256,20,0,128,0,5.0,0.0,34.406708200624884,800.5068255253086,0.0,0.0,0.0,
direct,coast,300.0,1800.0,0.1,0.1,5.0,3.75,10.0,50.0,10,100.0,2.0,full,both,inf,180.0,0.01,0.0,0.0,256,20,3,0.5,0.1,0.99,10.0,256,20,0,128,0,5.0,0.0,34.406708200624884,800.5068255253086,0.0,0.0,0.0,
direct,coast,300.0,1800.0,0.1,0.1,5.0,3.75,10.0,50.0,10,100.0,inf,full,both,inf,180.0,0.01,0.0,0.0,256,20,3,0.5,0.1,0.99,10.0,256,20,0,128,117,2.554687500000001,0.0,43.90345993322345,130.62000664372886,0.0,0.0,0.9140625,230.0
direct,mppi_lqr,300.0,1800.0,0.1,0.05,5.0,5.0,10.0,5.0,10,100.0,0.5,full,both,inf,180.0,0.01,0.0,0.0,256,20,3,0.5,0.1,0.99,10.0,256,20,0,128,0,5.0,5.0,84.3412537604363,6044.415972576154,0.0,0.0,0.0,
direct,mppi_lqr,300.0,1800.0,0.1,0.05,5.0,5.0,10.0,5.0,10,100.0,2.0,full,both,inf,180.0,0.01,0.0,0.0,256,20,3,0.5,0.1,0.99,10.0,256,20,0,128,0,5.0,5.0,84.34116590623107,6044.418365830043,0.0,0.0,0.0,
direct,mppi_lqr,300.0,1800.0,0.1,0.05,5.0,5.0,10.0,5.0,10,100.0,inf,full,both,inf,180.0,0.01,0.0,0.0,256,20,3,0.5,0.1,0.99,10.0,256,20,0,128,0,5.0,5.0,84.34116590623107,6044.418365830043,0.0,0.0,0.0,
direct,mppi_lqr,300.0,1800.0,0.1,0.05,5.0,5.0,10.0,10.0,10,100.0,0.5,full,both,inf,180.0,0.01,0.0,0.0,256,20,3,0.5,0.1,0.99,10.0,256,20,0,128,0,5.0,5.0,81.80136718012521,6059.581515526209,0.0,0.0,0.0,
direct,mppi_lqr,300.0,1800.0,0.1,0.05,5.0,5.0,10.0,10.0,10,100.0,2.0,full,both,inf,180.0,0.01,0.0,0.0,256,20,3,0.5,0.1,0.99,10.0,256,20,0,128,0,5.0,5.0,81.80373983548758,6059.491160833862,0.0,0.0,0.0,
direct,mppi_lqr,300.0,1800.0,0.1,0.05,5.0,5.0,10.0,10.0,10,100.0,inf,full,both,inf,180.0,0.01,0.0,0.0,256,20,3,0.5,0.1,0.99,10.0,256,20,0,128,0,5.0,5.0,81.80373983548758,6059.491160833862,0.0,0.0,0.0,
direct,mppi_lqr,300.0,1800.0,0.1,0.05,5.0,5.0,10.0,20.0,10,100.0,0.5,full,both,inf,180.0,0.01,0.0,0.0,256,20,3,0.5,0.1,0.99,10.0,256,20,0,128,0,5.0,5.0,74.03620524041303,6087.776854014966,0.0,0.0,0.0,
direct,mppi_lqr,300.0,1800.0,0.1,0.05,5.0,5.0,10.0,20.0,10,100.0,2.0,full,both,inf,180.0,0.01,0.0,0.0,256,20,3,0.5,0.1,0.99,10.0,256,20,0,128,1,4.98359375,4.969769179679343,74.10247819198885,6052.041242428496,0.0,0.0,0.0078125,290.0
direct,mppi_lqr,300.0,1800.0,0.1,0.05,5.0,5.0,10.0,20.0,10,100.0,inf,full,both,inf,180.0,0.01,0.0,0.0,256,20,3,0.5,0.1,0.99,10.0,256,20,0,128,2,4.96640625,4.93888013919225,74.10740585553607,6019.999731607404,0.0,0.0,0.015625,285.0
direct,mppi_lqr,300.0,1800.0,0.1,0.05,5.0,5.0,10.0,50.0,10,100.0,0.5,full,both,inf,180.0,0.01,0.0,0.0,256,20,3,0.5,0.1,0.99,10.0,256,20,0,128,0,5.0,5.0,85.55600075346396,6033.500575296387,0.0,0.0,0.0,
direct,mppi_lqr,300.0,1800.0,0.1,0.05,5.0,5.0,10.0,50.0,10,100.0,2.0,full,both,inf,180.0,0.01,0.0,0.0,256,20,3,0.5,0.1,0.99,10.0,256,20,0,128,14,4.77890625,4.605637020653166,86.08084690173554,5474.204577460226,0.0,0.0,0.109375,300.0
direct,mppi_lqr,300.0,1800.0,0.1,0.05,5.0,5.0,10.0,50.0,10,100.0,inf,full,both,inf,180.0,0.01,0.0,0.0,256,20,3,0.5,0.1,0.99,10.0,256,20,0,128,15,4.7640625000000005,4.5775928106093815,86.0819536276533,5424.939593704568,0.0,0.0,0.1171875,300.0
direct,mppi_lqr,300.0,1800.0,0.1,0.1,5.0,2.5,10.0,5.0,10,100.0,0.5,full,both,inf,180.0,0.01,0.0,0.0,256,20,3,0.5,0.1,0.99,10.0,256,20,0,128,0,5.0,2.5,235.8488457800929,2689.6371392347105,0.0,0.0,0.0,
direct,mppi_lqr,300.0,1800.0,0.1,0.1,5.0,2.5,10.0,5.0,10,100.0,2.0,full,both,inf,180.0,0.01,0.0,0.0,256,20,3,0.5,0.1,0.99,10.0,256,20,0,128,0,5.0,2.5,235.8435451724536,2689.670039069944,0.0,0.0,0.0,
direct,mppi_lqr,300.0,1800.0,0.1,0.1,5.0,2.5,10.0,5.0,10,100.0,inf,full,both,inf,180.0,0.01,0.0,0.0,256,20,3,0.5,0.1,0.99,10.0,256,20,0,128,0,5.0,2.5,235.8435451724536,2689.670039069944,0.0,0.0,0.0,
direct,mppi_lqr,300.0,1800.0,0.1,0.1,5.0,2.5,10.0,10.0,10,100.0,0.5,full,both,inf,180.0,0.01,0.0,0.0,256,20,3,0.5,0.1,0.99,10.0,256,20,0,128,0,5.0,2.5,242.0665573754176,2657.440823642912,0.0,0.0,0.0,
direct,mppi_lqr,300.0,1800.0,0.1,0.1,5.0,2.5,10.0,10.0,10,100.0,2.0,full,both,inf,180.0,0.01,0.0,0.0,256,20,3,0.5,0.1,0.99,10.0,256,20,0,128,0,5.0,2.5,242.25533926300847,2658.555398951765,0.0,0.0,0.0,
direct,mppi_lqr,300.0,1800.0,0.1,0.1,5.0,2.5,10.0,10.0,10,100.0,inf,full,both,inf,180.0,0.01,0.0,0.0,256,20,3,0.5,0.1,0.99,10.0,256,20,0,128,0,5.0,2.5,242.25533926300847,2658.555398951765,0.0,0.0,0.0,
direct,mppi_lqr,300.0,1800.0,0.1,0.1,5.0,2.5,10.0,20.0,10,100.0,0.5,full,both,inf,180.0,0.01,0.0,0.0,256,20,3,0.5,0.1,0.99,10.0,256,20,0,128,0,5.0,2.5,218.74279100759895,2728.1323860308808,0.0,0.0,0.0,
direct,mppi_lqr,300.0,1800.0,0.1,0.1,5.0,2.5,10.0,20.0,10,100.0,2.0,full,both,inf,180.0,0.01,0.0,0.0,256,20,3,0.5,0.1,0.99,10.0,256,20,0,128,0,5.0,2.5,216.82691966484765,2733.1076557160723,0.0,0.0,0.0,
direct,mppi_lqr,300.0,1800.0,0.1,0.1,5.0,2.5,10.0,20.0,10,100.0,inf,full,both,inf,180.0,0.01,0.0,0.0,256,20,3,0.5,0.1,0.99,10.0,256,20,0,128,0,5.0,2.5,216.82691966484765,2733.1076557160723,0.0,0.0,0.0,
direct,mppi_lqr,300.0,1800.0,0.1,0.1,5.0,2.5,10.0,50.0,10,100.0,0.5,full,both,inf,180.0,0.01,0.0,0.0,256,20,3,0.5,0.1,0.99,10.0,256,20,0,128,0,5.0,2.5,224.0341243985825,2730.504643053425,0.0,0.0,0.0,
direct,mppi_lqr,300.0,1800.0,0.1,0.1,5.0,2.5,10.0,50.0,10,100.0,2.0,full,both,inf,180.0,0.01,0.0,0.0,256,20,3,0.5,0.1,0.99,10.0,256,20,0,128,0,5.0,2.5,222.16443174745436,2709.57435380836,0.0,0.0,0.0,
direct,mppi_lqr,300.0,1800.0,0.1,0.1,5.0,2.5,10.0,50.0,10,100.0,inf,full,both,inf,180.0,0.01,0.0,0.0,256,20,3,0.5,0.1,0.99,10.0,256,20,0,128,1,4.9984375,2.5,222.18636570160692,2676.237901281412,0.0,0.0,0.0078125,480.0
direct,mppi_lqr,300.0,1800.0,0.1,0.1,5.0,3.75,10.0,5.0,10,100.0,0.5,full,both,inf,180.0,0.01,0.0,0.0,256,20,3,0.5,0.1,0.99,10.0,256,20,0,128,0,5.0,3.75,262.0360179596633,3863.381996325345,0.0,0.0,0.0,
direct,mppi_lqr,300.0,1800.0,0.1,0.1,5.0,3.75,10.0,5.0,10,100.0,2.0,full,both,inf,180.0,0.01,0.0,0.0,256,20,3,0.5,0.1,0.99,10.0,256,20,0,128,0,5.0,3.75,262.0384319970392,3862.161267278655,0.0,0.0,0.0,
direct,mppi_lqr,300.0,1800.0,0.1,0.1,5.0,3.75,10.0,5.0,10,100.0,inf,full,both,inf,180.0,0.01,0.0,0.0,256,20,3,0.5,0.1,0.99,10.0,256,20,0,128,0,5.0,3.75,262.0384319970392,3862.161267278655,0.0,0.0,0.0,
direct,mppi_lqr,300.0,1800.0,0.1,0.1,5.0,3.75,10.0,10.0,10,100.0,0.5,full,both,inf,180.0,0.01,0.0,0.0,256,20,3,0.5,0.1,0.99,10.0,256,20,0,128,0,5.0,3.75,260.2319873654786,3924.2113651978216,0.0,0.0,0.0,
direct,mppi_lqr,300.0,1800.0,0.1,0.1,5.0,3.75,10.0,10.0,10,100.0,2.0,full,both,inf,180.0,0.01,0.0,0.0,256,20,3,0.5,0.1,0.99,10.0,256,20,0,128,0,5.0,3.75,259.9916069130033,3923.00349099619,0.0,0.0,0.0,
direct,mppi_lqr,300.0,1800.0,0.1,0.1,5.0,3.75,10.0,10.0,10,100.0,inf,full,both,inf,180.0,0.01,0.0,0.0,256,20,3,0.5,0.1,0.99,10.0,256,20,0,128,0,5.0,3.75,259.9916069130033,3923.00349099619,0.0,0.0,0.0,
direct,mppi_lqr,300.0,1800.0,0.1,0.1,5.0,3.75,10.0,20.0,10,100.0,0.5,full,both,inf,180.0,0.01,0.0,0.0,256,20,3,0.5,0.1,0.99,10.0,256,20,0,128,0,5.0,3.75,254.7418040821711,3951.9698877028345,0.0,0.0,0.0,
direct,mppi_lqr,300.0,1800.0,0.1,0.1,5.0,3.75,10.0,20.0,10,100.0,2.0,full,both,inf,180.0,0.01,0.0,0.0,256,20,3,0.5,0.1,0.99,10.0,256,20,0,128,0,5.0,3.75,252.73578231521213,3941.734830798774,0.0,0.0,0.0,
direct,mppi_lqr,300.0,1800.0,0.1,0.1,5.0,3.75,10.0,20.0,10,100.0,inf,full,both,inf,180.0,0.01,0.0,0.0,256,20,3,0.5,0.1,0.99,10.0,256,20,0,128,0,5.0,3.75,252.73578231521213,3941.734830798774,0.0,0.0,0.0,
direct,mppi_lqr,300.0,1800.0,0.1,0.1,5.0,3.75,10.0,50.0,10,100.0,0.5,full,both,inf,180.0,0.01,0.0,0.0,256,20,3,0.5,0.1,0.99,10.0,256,20,0,128,0,5.0,3.75,254.0223506288958,4015.601256082334,0.0,0.0,0.0,
direct,mppi_lqr,300.0,1800.0,0.1,0.1,5.0,3.75,10.0,50.0,10,100.0,2.0,full,both,inf,180.0,0.01,0.0,0.0,256,20,3,0.5,0.1,0.99,10.0,256,20,0,128,0,5.0,3.75,256.4171195824338,4021.46931364523,0.0,0.0,0.0,
direct,mppi_lqr,300.0,1800.0,0.1,0.1,5.0,3.75,10.0,50.0,10,100.0,inf,full,both,inf,180.0,0.01,0.0,0.0,256,20,3,0.5,0.1,0.99,10.0,256,20,0,128,0,5.0,3.75,256.4171195824338,4021.46931364523,0.0,0.0,0.0,
direct,random,300.0,1800.0,0.1,0.05,5.0,5.0,10.0,5.0,10,100.0,0.5,full,both,inf,180.0,0.01,0.0,0.0,256,20,3,0.5,0.1,0.99,10.0,256,20,0,128,0,5.0,5.0,37.42049586218662,932.4632710734757,0.0,0.0,0.0,
direct,random,300.0,1800.0,0.1,0.05,5.0,5.0,10.0,5.0,10,100.0,2.0,full,both,inf,180.0,0.01,0.0,0.0,256,20,3,0.5,0.1,0.99,10.0,256,20,0,128,0,5.0,5.0,37.42049586218662,932.4632710734757,0.0,0.0,0.0,
direct,random,300.0,1800.0,0.1,0.05,5.0,5.0,10.0,5.0,10,100.0,inf,full,both,inf,180.0,0.01,0.0,0.0,256,20,3,0.5,0.1,0.99,10.0,256,20,0,128,1,4.9796875,4.968536267463291,37.42049586218662,929.1912017913426,0.0,0.0,0.0078125,240.0
direct,random,300.0,1800.0,0.1,0.05,5.0,5.0,10.0,10.0,10,100.0,0.5,full,both,inf,180.0,0.01,0.0,0.0,256,20,3,0.5,0.1,0.99,10.0,256,20,0,128,0,5.0,5.0,37.42049586218662,932.4632710734757,0.0,0.0,0.0,
direct,random,300.0,1800.0,0.1,0.05,5.0,5.0,10.0,10.0,10,100.0,2.0,full,both,inf,180.0,0.01,0.0,0.0,256,20,3,0.5,0.1,0.99,10.0,256,20,0,128,0,5.0,5.0,37.42049586218662,932.4632710734757,0.0,0.0,0.0,
direct,random,300.0,1800.0,0.1,0.05,5.0,5.0,10.0,10.0,10,100.0,inf,full,both,inf,180.0,0.01,0.0,0.0,256,20,3,0.5,0.1,0.99,10.0,256,20,0,128,7,4.85703125,4.776698521511705,37.43877032113699,906.4889878465152,0.0,0.0,0.0546875,240.0
direct,random,300.0,1800.0,0.1,0.05,5.0,5.0,10.0,20.0,10,100.0,0.5,full,both,inf,180.0,0.01,0.0,0.0,256,20,3,0.5,0.1,0.99,10.0,256,20,0,128,0,5.0,5.0,37.42049586218662,932.4632710734757,0.0,0.0,0.0,
direct,random,300.0,1800.0,0.1,0.05,5.0,5.0,10.0,20.0,10,100.0,2.0,full,both,inf,180.0,0.01,0.0,0.0,256,20,3,0.5,0.1,0.99,10.0,256,20,0,128,0,5.0,5.0,37.42049586218662,932.4632710734757,0.0,0.0,0.0,
direct,random,300.0,1800.0,0.1,0.05,5.0,5.0,10.0,20.0,10,100.0,inf,full,both,inf,180.0,0.01,0.0,0.0,256,20,3,0.5,0.1,0.99,10.0,256,20,0,128,17,4.65390625,4.456544622414575,37.68315018886094,863.8835762056987,0.0,0.0,0.1328125,240.0
direct,random,300.0,1800.0,0.1,0.05,5.0,5.0,10.0,50.0,10,100.0,0.5,full,both,inf,180.0,0.01,0.0,0.0,256,20,3,0.5,0.1,0.99,10.0,256,20,0,128,1,5.0,4.993497493685269,37.42049586218662,930.2531090436412,0.0,0.0,0.0078125,1110.0
direct,random,300.0,1800.0,0.1,0.05,5.0,5.0,10.0,50.0,10,100.0,2.0,full,both,inf,180.0,0.01,0.0,0.0,256,20,3,0.5,0.1,0.99,10.0,256,20,0,128,1,5.0,4.992861593793778,37.42049586218662,930.2582897051874,0.0,0.0,0.0078125,1090.0
direct,random,300.0,1800.0,0.1,0.05,5.0,5.0,10.0,50.0,10,100.0,inf,full,both,inf,180.0,0.01,0.0,0.0,256,20,3,0.5,0.1,0.99,10.0,256,20,0,128,102,2.8679687500000006,1.7143962811069169,46.112825384755546,273.2935454552256,0.0,0.0,0.796875,230.0
direct,random,300.0,1800.0,0.1,0.1,5.0,2.5,10.0,5.0,10,100.0,0.5,full,both,inf,180.0,0.01,0.0,0.0,256,20,3,0.5,0.1,0.99,10.0,256,20,0,128,0,5.0,2.5,45.93297903762096,943.5353511944186,0.0,0.0,0.0,
direct,random,300.0,1800.0,0.1,0.1,5.0,2.5,10.0,5.0,10,100.0,2.0,full,both,inf,180.0,0.01,0.0,0.0,256,20,3,0.5,0.1,0.99,10.0,256,20,0,128,0,5.0,2.5,45.93297903762096,943.5353511944186,0.0,0.0,0.0,
direct,random,300.0,1800.0,0.1,0.1,5.0,2.5,10.0,5.0,10,100.0,inf,full,both,inf,180.0,0.01,0.0,0.0,256,20,3,0.5,0.1,0.99,10.0,256,20,0,128,0,5.0,2.5,45.93297903762096,943.5353511944186,0.0,0.0,0.0,
direct,random,300.0,1800.0,0.1,0.1,5.0,2.5,10.0,10.0,10,100.0,0.5,full,both,inf,180.0,0.01,0.0,0.0,256,20,3,0.5,0.1,0.99,10.0,256,20,0,128,0,5.0,2.5,45.93297903762096,943.5353511944186,0.0,0.0,0.0,
direct,random,300.0,1800.0,0.1,0.1,5.0,2.5,10.0,10.0,10,100.0,2.0,full,both,inf,180.0,0.01,0.0,0.0,256,20,3,0.5,0.1,0.99,10.0,256,20,0,128,0,5.0,2.5,45.93297903762096,943.5353511944186,0.0,0.0,0.0,
direct,random,300.0,1800.0,0.1,0.1,5.0,2.5,10.0,10.0,10,100.0,inf,full,both,inf,180.0,0.01,0.0,0.0,256,20,3,0.5,0.1,0.99,10.0,256,20,0,128,3,4.94140625,2.4846566929498275,45.95503338428103,933.7780718854598,0.0,0.0,0.0234375,240.0
direct,random,300.0,1800.0,0.1,0.1,5.0,2.5,10.0,20.0,10,100.0,0.5,full,both,inf,180.0,0.01,0.0,0.0,256,20,3,0.5,0.1,0.99,10.0,256,20,0,128,0,5.0,2.5,45.93297903762096,943.5353511944186,0.0,0.0,0.0,
direct,random,300.0,1800.0,0.1,0.1,5.0,2.5,10.0,20.0,10,100.0,2.0,full,both,inf,180.0,0.01,0.0,0.0,256,20,3,0.5,0.1,0.99,10.0,256,20,0,128,0,5.0,2.5,45.93297903762096,943.5353511944186,0.0,0.0,0.0,
direct,random,300.0,1800.0,0.1,0.1,5.0,2.5,10.0,20.0,10,100.0,inf,full,both,inf,180.0,0.01,0.0,0.0,256,20,3,0.5,0.1,0.99,10.0,256,20,0,128,13,4.7390625,2.4311397691733725,46.144411197948685,879.4031181327052,0.0,0.0,0.1015625,240.0
direct,random,300.0,1800.0,0.1,0.1,5.0,2.5,10.0,50.0,10,100.0,0.5,full,both,inf,180.0,0.01,0.0,0.0,256,20,3,0.5,0.1,0.99,10.0,256,20,0,128,1,5.0,2.5,45.93297903762096,941.5566779470648,0.0,0.0,0.0078125,1020.0
direct,random,300.0,1800.0,0.1,0.1,5.0,2.5,10.0,50.0,10,100.0,2.0,full,both,inf,180.0,0.01,0.0,0.0,256,20,3,0.5,0.1,0.99,10.0,256,20,0,128,6,4.90546875,2.4792286507296177,46.29776352152532,918.580448274324,0.0,0.0,0.046875,270.0
direct,random,300.0,1800.0,0.1,0.1,5.0,2.5,10.0,50.0,10,100.0,inf,full,both,inf,180.0,0.01,0.0,0.0,256,20,3,0.5,0.1,0.99,10.0,256,20,0,128,75,3.4304687500000006,2.064312629224631,52.34843751916075,531.7177209987615,0.0,0.0,0.5859375,230.0
direct,random,300.0,1800.0,0.1,0.1,5.0,3.75,10.0,5.0,10,100.0,0.5,full,both,inf,180.0,0.01,0.0,0.0,256,20,3,0.5,0.1,0.99,10.0,256,20,0,128,0,5.0,3.75,45.93297903762096,1045.220010607678,0.0,0.0,0.0,
direct,random,300.0,1800.0,0.1,0.1,5.0,3.75,10.0,5.0,10,100.0,2.0,full,both,inf,180.0,0.01,0.0,0.0,256,20,3,0.5,0.1,0.99,10.0,256,20,0,128,0,5.0,3.75,45.93297903762096,1045.220010607678,0.0,0.0,0.0,
direct,random,300.0,1800.0,0.1,0.1,5.0,3.75,10.0,5.0,10,100.0,inf,full,both,inf,180.0,0.01,0.0,0.0,256,20,3,0.5,0.1,0.99,10.0,256,20,0,128,0,5.0,3.75,45.93297903762096,1045.220010607678,0.0,0.0,0.0,
direct,random,300.0,1800.0,0.1,0.1,5.0,3.75,10.0,10.0,10,100.0,0.5,full,both,inf,180.0,0.01,0.0,0.0,256,20,3,0.5,0.1,0.99,10.0,256,20,0,128,0,5.0,3.75,45.93297903762096,1045.220010607678,0.0,0.0,0.0,
direct,random,300.0,1800.0,0.1,0.1,5.0,3.75,10.0,10.0,10,100.0,2.0,full,both,inf,180.0,0.01,0.0,0.0,256,20,3,0.5,0.1,0.99,10.0,256,20,0,128,0,5.0,3.75,45.93297903762096,1045.220010607678,0.0,0.0,0.0,
direct,random,300.0,1800.0,0.1,0.1,5.0,3.75,10.0,10.0,10,100.0,inf,full,both,inf,180.0,0.01,0.0,0.0,256,20,3,0.5,0.1,0.99,10.0,256,20,0,128,3,4.94140625,3.705359817949828,45.95503338428103,1035.886214774663,0.0,0.0,0.0234375,240.0
direct,random,300.0,1800.0,0.1,0.1,5.0,3.75,10.0,20.0,10,100.0,0.5,full,both,inf,180.0,0.01,0.0,0.0,256,20,3,0.5,0.1,0.99,10.0,256,20,0,128,0,5.0,3.75,45.93297903762096,1045.220010607678,0.0,0.0,0.0,
direct,random,300.0,1800.0,0.1,0.1,5.0,3.75,10.0,20.0,10,100.0,2.0,full,both,inf,180.0,0.01,0.0,0.0,256,20,3,0.5,0.1,0.99,10.0,256,20,0,128,0,5.0,3.75,45.93297903762096,1045.220010607678,0.0,0.0,0.0,
direct,random,300.0,1800.0,0.1,0.1,5.0,3.75,10.0,20.0,10,100.0,inf,full,both,inf,180.0,0.01,0.0,0.0,256,20,3,0.5,0.1,0.99,10.0,256,20,0,128,13,4.7390625,3.5541866441733725,46.144411197948685,989.4773043669388,0.0,0.0,0.1015625,240.0
direct,random,300.0,1800.0,0.1,0.1,5.0,3.75,10.0,50.0,10,100.0,0.5,full,both,inf,180.0,0.01,0.0,0.0,256,20,3,0.5,0.1,0.99,10.0,256,20,0,128,1,5.0,3.75,45.93297903762096,1043.6086302890244,0.0,0.0,0.0078125,1160.0
direct,random,300.0,1800.0,0.1,0.1,5.0,3.75,10.0,50.0,10,100.0,2.0,full,both,inf,180.0,0.01,0.0,0.0,256,20,3,0.5,0.1,0.99,10.0,256,20,0,128,7,4.90546875,3.6804005257296177,46.29776352152532,1004.718182956029,0.0,0.0,0.0546875,280.0
direct,random,300.0,1800.0,0.1,0.1,5.0,3.75,10.0,50.0,10,100.0,inf,full,both,inf,180.0,0.01,0.0,0.0,256,20,3,0.5,0.1,0.99,10.0,256,20,0,128,75,3.4304687500000006,2.581890754224631,52.34843751916075,578.5312586237608,0.0,0.0,0.5859375,230.0
hcw,flee,300.0,1800.0,0.1,0.05,5.0,5.0,10.0,5.0,10,100.0,0.5,full,both,inf,180.0,0.01,0.0,0.0,256,20,3,0.5,0.1,0.99,10.0,256,20,0,128,0,5.0,5.0,5.253774804616032,649.4563881344027,0.0,0.0,0.0,
hcw,flee,300.0,1800.0,0.1,0.05,5.0,5.0,10.0,5.0,10,100.0,2.0,full,both,inf,180.0,0.01,0.0,0.0,256,20,3,0.5,0.1,0.99,10.0,256,20,0,128,0,5.0,5.0,5.253774804616032,649.4563881344027,0.0,0.0,0.0,
hcw,flee,300.0,1800.0,0.1,0.05,5.0,5.0,10.0,5.0,10,100.0,inf,full,both,inf,180.0,0.01,0.0,0.0,256,20,3,0.5,0.1,0.99,10.0,256,20,0,128,0,5.0,5.0,5.253774804616032,649.4563881344027,0.0,0.0,0.0,
hcw,flee,300.0,1800.0,0.1,0.05,5.0,5.0,10.0,10.0,10,100.0,0.5,full,both,inf,180.0,0.01,0.0,0.0,256,20,3,0.5,0.1,0.99,10.0,256,20,0,128,128,3.627264205370409,2.8644531249999976,9.723684407327662,9.723684407327651,0.0,0.0,1.0,570.0
hcw,flee,300.0,1800.0,0.1,0.05,5.0,5.0,10.0,10.0,10,100.0,2.0,full,both,inf,180.0,0.01,0.0,0.0,256,20,3,0.5,0.1,0.99,10.0,256,20,0,128,128,3.627264205370409,2.8644531249999976,9.723684407327662,9.723684407327651,0.0,0.0,1.0,570.0
hcw,flee,300.0,1800.0,0.1,0.05,5.0,5.0,10.0,10.0,10,100.0,inf,full,both,inf,180.0,0.01,0.0,0.0,256,20,3,0.5,0.1,0.99,10.0,256,20,0,128,128,3.627264205370409,2.8644531249999976,9.723684407327662,9.723684407327651,0.0,0.0,1.0,570.0
hcw,flee,300.0,1800.0,0.1,0.05,5.0,5.0,10.0,20.0,10,100.0,0.5,full,both,inf,180.0,0.01,0.0,0.0,256,20,3,0.5,0.1,0.99,10.0,256,20,0,128,128,3.209230942213607,2.340625,19.25052000403816,19.25052000403816,0.0,0.0,1.0,470.0
hcw,flee,300.0,1800.0,0.1,0.05,5.0,5.0,10.0,20.0,10,100.0,2.0,full,both,inf,180.0,0.01,0.0,0.0,256,20,3,0.5,0.1,0.99,10.0,256,20,0,128,128,3.209230942213607,2.340625,19.25052000403816,19.25052000403816,0.0,0.0,1.0,470.0
hcw,flee,300.0,1800.0,0.1,0.05,5.0,5.0,10.0,20.0,10,100.0,inf,full,both,inf,180.0,0.01,0.0,0.0,256,20,3,0.5,0.1,0.99,10.0,256,20,0,128,128,3.209230942213607,2.340625,19.25052000403816,19.25052000403816,0.0,0.0,1.0,470.0
hcw,flee,300.0,1800.0,0.1,0.05,5.0,5.0,10.0,50.0,10,100.0,0.5,full,both,inf,180.0,0.01,0.0,0.0,256,20,3,0.5,0.1,0.99,10.0,256,20,0,128,128,3.0044241079055216,1.8210937500000008,47.5907081532584,47.5907081532584,0.0,0.0,1.0,360.0
hcw,flee,300.0,1800.0,0.1,0.05,5.0,5.0,10.0,50.0,10,100.0,2.0,full,both,inf,180.0,0.01,0.0,0.0,256,20,3,0.5,0.1,0.99,10.0,256,20,0,128,128,3.004411490844448,1.819921875000001,47.69600877298987,47.69600877298988,0.0,0.0,1.0,360.0
hcw,flee,300.0,1800.0,0.1,0.05,5.0,5.0,10.0,50.0,10,100.0,inf,full,both,inf,180.0,0.01,0.0,0.0,256,20,3,0.5,0.1,0.99,10.0,256,20,0,128,128,3.004411490844448,1.819921875000001,47.69600877298987,47.69600877298988,0.0,0.0,1.0,360.0
hcw,flee,300.0,1800.0,0.1,0.1,5.0,2.5,10.0,5.0,10,100.0,0.5,full,both,inf,180.0,0.01,0.0,0.0,256,20,3,0.5,0.1,0.99,10.0,256,20,0,128,0,5.0,2.5,0.2542885746079197,1214.1537268135587,0.0,0.0,0.0,
hcw,flee,300.0,1800.0,0.1,0.1,5.0,2.5,10.0,5.0,10,100.0,2.0,full,both,inf,180.0,0.01,0.0,0.0,256,20,3,0.5,0.1,0.99,10.0,256,20,0,128,128,5.0,2.5,1.251701650643131,2.382010851966222,0.0,0.0,1.0,570.0
hcw,flee,300.0,1800.0,0.1,0.1,5.0,2.5,10.0,5.0,10,100.0,inf,full,both,inf,180.0,0.01,0.0,0.0,256,20,3,0.5,0.1,0.99,10.0,256,20,0,128,128,5.0,2.5,1.251701650643131,2.382010851966222,0.0,0.0,1.0,570.0
hcw,flee,300.0,1800.0,0.1,0.1,5.0,2.5,10.0,10.0,10,100.0,0.5,full,both,inf,180.0,0.01,0.0,0.0,256,20,3,0.5,0.1,0.99,10.0,256,20,0,128,0,5.0,2.5,0.2542885746079197,1214.1537268135587,0.0,0.0,0.0,
hcw,flee,300.0,1800.0,0.1,0.1,5.0,2.5,10.0,10.0,10,100.0,2.0,full,both,inf,180.0,0.01,0.0,0.0,256,20,3,0.5,0.1,0.99,10.0,256,20,0,128,128,5.0,2.5,6.127501924034664,6.127501924034662,0.0,0.0,1.0,560.0
hcw,flee,300.0,1800.0,0.1,0.1,5.0,2.5,10.0,10.0,10,100.0,inf,full,both,inf,180.0,0.01,0.0,0.0,256,20,3,0.5,0.1,0.99,10.0,256,20,0,128,128,5.0,2.5,6.127501924034664,6.127501924034662,0.0,0.0,1.0,560.0
hcw,flee,300.0,1800.0,0.1,0.1,5.0,2.5,10.0,20.0,10,100.0,0.5,full,both,inf,180.0,0.01,0.0,0.0,256,20,3,0.5,0.1,0.99,10.0,256,20,0,128,0,5.0,2.5,0.2542885746079197,1214.1537268135587,0.0,0.0,0.0,
hcw,flee,300.0,1800.0,0.1,0.1,5.0,2.5,10.0,20.0,10,100.0,2.0,full,both,inf,180.0,0.01,0.0,0.0,256,20,3,0.5,0.1,0.99,10.0,256,20,0,128,128,5.0,2.5,16.017134704464315,16.017134704464304,0.0,0.0,1.0,550.0
hcw,flee,300.0,1800.0,0.1,0.1,5.0,2.5,10.0,20.0,10,100.0,inf,full,both,inf,180.0,0.01,0.0,0.0,256,20,3,0.5,0.1,0.99,10.0,256,20,0,128,128,5.0,2.5,16.017134704464315,16.017134704464304,0.0,0.0,1.0,550.0
hcw,flee,300.0,1800.0,0.1,0.1,5.0,2.5,10.0,50.0,10,100.0,0.5,full,both,inf,180.0,0.01,0.0,0.0,256,20,3,0.5,0.1,0.99,10.0,256,20,0,128,0,5.0,2.5,0.2542885746079197,1214.1537268135587,0.0,0.0,0.0,
hcw,flee,300.0,1800.0,0.1,0.1,5.0,2.5,10.0,50.0,10,100.0,2.0,full,both,inf,180.0,0.01,0.0,0.0,256,20,3,0.5,0.1,0.99,10.0,256,20,0,128,128,4.993555734626884,2.5,44.69875651303098,44.69875651303097,0.0,0.0,1.0,510.0
hcw,flee,300.0,1800.0,0.1,0.1,5.0,2.5,10.0,50.0,10,100.0,inf,full,both,inf,180.0,0.01,0.0,0.0,256,20,3,0.5,0.1,0.99,10.0,256,20,0,128,128,4.993555734626884,2.5,44.69875651303098,44.69875651303097,0.0,0.0,1.0,510.0
hcw,flee,300.0,1800.0,0.1,0.1,5.0,3.75,10.0,5.0,10,100.0,0.5,full,both,inf,180.0,0.01,0.0,0.0,256,20,3,0.5,0.1,0.99,10.0,256,20,0,128,0,5.0,3.75,27.064300241888716,1397.6232515924462,0.0,0.0,0.0,
hcw,flee,300.0,1800.0,0.1,0.1,5.0,3.75,10.0,5.0,10,100.0,2.0,full,both,inf,180.0,0.01,0.0,0.0,256,20,3,0.5,0.1,0.99,10.0,256,20,0,128,17,5.0,3.75,27.09621337776733,1165.1863892175156,0.0,0.0,0.1328125,640.0
hcw,flee,300.0,1800.0,0.1,0.1,5.0,3.75,10.0,5.0,10,100.0,inf,full,both,inf,180.0,0.01,0.0,0.0,256,20,3,0.5,0.1,0.99,10.0,256,20,0,128,17,5.0,3.75,27.09621337776733,1165.1863892175156,0.0,0.0,0.1328125,640.0
hcw,flee,300.0,1800.0,0.1,0.1,5.0,3.75,10.0,10.0,10,100.0,0.5,full,both,inf,180.0,0.01,0.0,0.0,256,20,3,0.5,0.1,0.99,10.0,256,20,0,128,0,5.0,3.75,27.064300241888716,1397.6232515924462,0.0,0.0,0.0,
hcw,flee,300.0,1800.0,0.1,0.1,5.0,3.75,10.0,10.0,10,100.0,2.0,full,both,inf,180.0,0.01,0.0,0.0,256,20,3,0.5,0.1,0.99,10.0,256,20,0,128,36,5.0,3.75,27.443672908719,877.6163856755561,0.0,0.0,0.28125,640.0
hcw,flee,300.0,1800.0,0.1,0.1,5.0,3.75,10.0,10.0,10,100.0,inf,full,both,inf,180.0,0.01,0.0,0.0,256,20,3,0.5,0.1,0.99,10.0,256,20,0,128,36,5.0,3.75,27.443672908719,877.6163856755561,0.0,0.0,0.28125,640.0
hcw,flee,300.0,1800.0,0.1,0.1,5.0,3.75,10.0,20.0,10,100.0,0.5,full,both,inf,180.0,0.01,0.0,0.0,256,20,3,0.5,0.1,0.99,10.0,256,20,0,128,0,5.0,3.75,27.064300241888716,1397.6232515924462,0.0,0.0,0.0,
hcw,flee,300.0,1800.0,0.1,0.1,5.0,3.75,10.0,20.0,10,100.0,2.0,full,both,inf,180.0,0.01,0.0,0.0,256,20,3,0.5,0.1,0.99,10.0,256,20,0,128,63,5.0,3.75,29.837944530581463,547.1979728094595,0.0,0.0,0.4921875,640.0
hcw,flee,300.0,1800.0,0.1,0.1,5.0,3.75,10.0,20.0,10,100.0,inf,full,both,inf,180.0,0.01,0.0,0.0,256,20,3,0.5,0.1,0.99,10.0,256,20,0,128,63,5.0,3.75,29.837944530581463,547.1979728094595,0.0,0.0,0.4921875,640.0
hcw,flee,300.0,1800.0,0.1,0.1,5.0,3.75,10.0,50.0,10,100.0,0.5,full,both,inf,180.0,0.01,0.0,0.0,256,20,3,0.5,0.1,0.99,10.0,256,20,0,128,0,5.0,3.75,27.064300241888716,1397.6232515924462,0.0,0.0,0.0,
hcw,flee,300.0,1800.0,0.1,0.1,5.0,3.75,10.0,50.0,10,100.0,2.0,full,both,inf,180.0,0.01,0.0,0.0,256,20,3,0.5,0.1,0.99,10.0,256,20,0,128,105,5.0,3.75,48.5893542670898,185.85427688805484,0.0,0.0,0.8203125,630.0
hcw,flee,300.0,1800.0,0.1,0.1,5.0,3.75,10.0,50.0,10,100.0,inf,full,both,inf,180.0,0.01,0.0,0.0,256,20,3,0.5,0.1,0.99,10.0,256,20,0,128,105,5.0,3.75,48.5893542670898,185.85427688805484,0.0,0.0,0.8203125,630.0
hcw,coast,300.0,1800.0,0.1,0.05,5.0,5.0,10.0,5.0,10,100.0,0.5,full,both,inf,180.0,0.01,0.0,0.0,256,20,3,0.5,0.1,0.99,10.0,256,20,0,128,128,3.28337715851511,0.0,4.758893231771653,4.758893231771653,0.0,0.0,1.0,470.0
hcw,coast,300.0,1800.0,0.1,0.05,5.0,5.0,10.0,5.0,10,100.0,2.0,full,both,inf,180.0,0.01,0.0,0.0,256,20,3,0.5,0.1,0.99,10.0,256,20,0,128,128,3.28337715851511,0.0,4.758893231771653,4.758893231771653,0.0,0.0,1.0,470.0
hcw,coast,300.0,1800.0,0.1,0.05,5.0,5.0,10.0,5.0,10,100.0,inf,full,both,inf,180.0,0.01,0.0,0.0,256,20,3,0.5,0.1,0.99,10.0,256,20,0,128,128,3.28337715851511,0.0,4.758893231771653,4.758893231771653,0.0,0.0,1.0,470.0
hcw,coast,300.0,1800.0,0.1,0.05,5.0,5.0,10.0,10.0,10,100.0,0.5,full,both,inf,180.0,0.01,0.0,0.0,256,20,3,0.5,0.1,0.99,10.0,256,20,0,128,128,3.2304935304860924,0.0,9.519206001805696,9.519206001805696,0.0,0.0,1.0,400.0
hcw,coast,300.0,1800.0,0.1,0.05,5.0,5.0,10.0,10.0,10,100.0,2.0,full,both,inf,180.0,0.01,0.0,0.0,256,20,3,0.5,0.1,0.99,10.0,256,20,0,128,128,3.2304935304860924,0.0,9.519206001805696,9.519206001805696,0.0,0.0,1.0,400.0
hcw,coast,300.0,1800.0,0.1,0.05,5.0,5.0,10.0,10.0,10,100.0,inf,full,both,inf,180.0,0.01,0.0,0.0,256,20,3,0.5,0.1,0.99,10.0,256,20,0,128,128,3.2304935304860924,0.0,9.519206001805696,9.519206001805696,0.0,0.0,1.0,400.0
hcw,coast,300.0,1800.0,0.1,0.05,5.0,5.0,10.0,20.0,10,100.0,0.5,full,both,inf,180.0,0.01,0.0,0.0,256,20,3,0.5,0.1,0.99,10.0,256,20,0,128,128,3.126680715994089,0.0,18.86215360740809,18.86215360740809,0.0,0.0,1.0,340.0
hcw,coast,300.0,1800.0,0.1,0.05,5.0,5.0,10.0,20.0,10,100.0,2.0,full,both,inf,180.0,0.01,0.0,0.0,256,20,3,0.5,0.1,0.99,10.0,256,20,0,128,128,3.126680715994089,0.0,18.86215360740809,18.86215360740809,0.0,0.0,1.0,340.0
hcw,coast,300.0,1800.0,0.1,0.05,5.0,5.0,10.0,20.0,10,100.0,inf,full,both,inf,180.0,0.01,0.0,0.0,256,20,3,0.5,0.1,0.99,10.0,256,20,0,128,128,3.126680715994089,0.0,18.86215360740809,18.86215360740809,0.0,0.0,1.0,340.0
hcw,coast,300.0,1800.0,0.1,0.05,5.0,5.0,10.0,50.0,10,100.0,0.5,full,both,inf,180.0,0.01,0.0,0.0,256,20,3,0.5,0.1,0.99,10.0,256,20,0,128,128,2.892932142901254,0.0,32.24202468207292,32.24202468207292,0.0,0.0,1.0,290.0
hcw,coast,300.0,1800.0,0.1,0.05,5.0,5.0,10.0,50.0,10,100.0,2.0,full,both,inf,180.0,0.01,0.0,0.0,256,20,3,0.5,0.1,0.99,10.0,256,20,0,128,128,2.6273071429012536,0.0,46.27957659610063,46.27957659610063,0.0,0.0,1.0,260.0
hcw,coast,300.0,1800.0,0.1,0.05,5.0,5.0,10.0,50.0,10,100.0,inf,full,both,inf,180.0,0.01,0.0,0.0,256,20,3,0.5,0.1,0.99,10.0,256,20,0,128,128,2.6273071429012536,0.0,46.27957659610063,46.27957659610063,0.0,0.0,1.0,260.0
hcw,coast,300.0,1800.0,0.1,0.1,5.0,2.5,10.0,5.0,10,100.0,0.5,full,both,inf,180.0,0.01,0.0,0.0,256,20,3,0.5,0.1,0.99,10.0,256,20,0,128,128,3.28337715851511,0.0,4.758893231771653,4.758893231771653,0.0,0.0,1.0,470.0
hcw,coast,300.0,1800.0,0.1,0.1,5.0,2.5,10.0,5.0,10,100.0,2.0,full,both,inf,180.0,0.01,0.0,0.0,256,20,3,0.5,0.1,0.99,10.0,256,20,0,128,128,3.28337715851511,0.0,4.758893231771653,4.758893231771653,0.0,0.0,1.0,470.0
hcw,coast,300.0,1800.0,0.1,0.1,5.0,2.5,10.0,5.0,10,100.0,inf,full,both,inf,180.0,0.01,0.0,0.0,256,20,3,0.5,0.1,0.99,10.0,256,20,0,128,128,3.28337715851511,0.0,4.758893231771653,4.758893231771653,0.0,0.0,1.0,470.0
hcw,coast,300.0,1800.0,0.1,0.1,5.0,2.5,10.0,10.0,10,100.0,0.5,full,both,inf,180.0,0.01,0.0,0.0,256,20,3,0.5,0.1,0.99,10.0,256,20,0,128,128,3.2304935304860924,0.0,9.519206001805696,9.519206001805696,0.0,0.0,1.0,400.0
hcw,coast,300.0,1800.0,0.1,0.1,5.0,2.5,10.0,10.0,10,100.0,2.0,full,both,inf,180.0,0.01,0.0,0.0,256,20,3,0.5,0.1,0.99,10.0,256,20,0,128,128,3.2304935304860924,0.0,9.519206001805696,9.519206001805696,0.0,0.0,1.0,400.0
hcw,coast,300.0,1800.0,0.1,0.1,5.0,2.5,10.0,10.0,10,100.0,inf,full,both,inf,180.0,0.01,0.0,0.0,256,20,3,0.5,0.1,0.99,10.0,256,20,0,128,128,3.2304935304860924,0.0,9.519206001805696,9.519206001805696,0.0,0.0,1.0,400.0
hcw,coast,300.0,1800.0,0.1,0.1,5.0,2.5,10.0,20.0,10,100.0,0.5,full,both,inf,180.0,0.01,0.0,0.0,256,20,3,0.5,0.1,0.99,10.0,256,20,0,128,128,3.126680715994089,0.0,18.86215360740809,18.86215360740809,0.0,0.0,1.0,340.0
hcw,coast,300.0,1800.0,0.1,0.1,5.0,2.5,10.0,20.0,10,100.0,2.0,full,both,inf,180.0,0.01,0.0,0.0,256,20,3,0.5,0.1,0.99,10.0,256,20,0,128,128,3.126680715994089,0.0,18.86215360740809,18.86215360740809,0.0,0.0,1.0,340.0
hcw,coast,300.0,1800.0,0.1,0.1,5.0,2.5,10.0,20.0,10,100.0,inf,full,both,inf,180.0,0.01,0.0,0.0,256,20,3,0.5,0.1,0.99,10.0,256,20,0,128,128,3.126680715994089,0.0,18.86215360740809,18.86215360740809,0.0,0.0,1.0,340.0
hcw,coast,300.0,1800.0,0.1,0.1,5.0,2.5,10.0,50.0,10,100.0,0.5,full,both,inf,180.0,0.01,0.0,0.0,256,20,3,0.5,0.1,0.99,10.0,256,20,0,128,128,2.892932142901254,0.0,32.24202468207292,32.24202468207292,0.0,0.0,1.0,290.0
hcw,coast,300.0,1800.0,0.1,0.1,5.0,2.5,10.0,50.0,10,100.0,2.0,full,both,inf,180.0,0.01,0.0,0.0,256,20,3,0.5,0.1,0.99,10.0,256,20,0,128,128,2.6273071429012536,0.0,46.27957659610063,46.27957659610063,0.0,0.0,1.0,260.0
hcw,coast,300.0,1800.0,0.1,0.1,5.0,2.5,10.0,50.0,10,100.0,inf,full,both,inf,180.0,0.01,0.0,0.0,256,20,3,0.5,0.1,0.99,10.0,256,20,0,128,128,2.6273071429012536,0.0,46.27957659610063,46.27957659610063,0.0,0.0,1.0,260.0
hcw,coast,300.0,1800.0,0.1,0.1,5.0,3.75,10.0,5.0,10,100.0,0.5,full,both,inf,180.0,0.01,0.0,0.0,256,20,3,0.5,0.1,0.99,10.0,256,20,0,128,128,3.28337715851511,0.0,4.758893231771653,4.758893231771653,0.0,0.0,1.0,470.0
hcw,coast,300.0,1800.0,0.1,0.1,5.0,3.75,10.0,5.0,10,100.0,2.0,full,both,inf,180.0,0.01,0.0,0.0,256,20,3,0.5,0.1,0.99,10.0,256,20,0,128,128,3.28337715851511,0.0,4.758893231771653,4.758893231771653,0.0,0.0,1.0,470.0
hcw,coast,300.0,1800.0,0.1,0.1,5.0,3.75,10.0,5.0,10,100.0,inf,full,both,inf,180.0,0.01,0.0,0.0,256,20,3,0.5,0.1,0.99,10.0,256,20,0,128,128,3.28337715851511,0.0,4.758893231771653,4.758893231771653,0.0,0.0,1.0,470.0
hcw,coast,300.0,1800.0,0.1,0.1,5.0,3.75,10.0,10.0,10,100.0,0.5,full,both,inf,180.0,0.01,0.0,0.0,256,20,3,0.5,0.1,0.99,10.0,256,20,0,128,128,3.2304935304860924,0.0,9.519206001805696,9.519206001805696,0.0,0.0,1.0,400.0
hcw,coast,300.0,1800.0,0.1,0.1,5.0,3.75,10.0,10.0,10,100.0,2.0,full,both,inf,180.0,0.01,0.0,0.0,256,20,3,0.5,0.1,0.99,10.0,256,20,0,128,128,3.2304935304860924,0.0,9.519206001805696,9.519206001805696,0.0,0.0,1.0,400.0
hcw,coast,300.0,1800.0,0.1,0.1,5.0,3.75,10.0,10.0,10,100.0,inf,full,both,inf,180.0,0.01,0.0,0.0,256,20,3,0.5,0.1,0.99,10.0,256,20,0,128,128,3.2304935304860924,0.0,9.519206001805696,9.519206001805696,0.0,0.0,1.0,400.0
hcw,coast,300.0,1800.0,0.1,0.1,5.0,3.75,10.0,20.0,10,100.0,0.5,full,both,inf,180.0,0.01,0.0,0.0,256,20,3,0.5,0.1,0.99,10.0,256,20,0,128,128,3.126680715994089,0.0,18.86215360740809,18.86215360740809,0.0,0.0,1.0,340.0
hcw,coast,300.0,1800.0,0.1,0.1,5.0,3.75,10.0,20.0,10,100.0,2.0,full,both,inf,180.0,0.01,0.0,0.0,256,20,3,0.5,0.1,0.99,10.0,256,20,0,128,128,3.126680715994089,0.0,18.86215360740809,18.86215360740809,0.0,0.0,1.0,340.0
hcw,coast,300.0,1800.0,0.1,0.1,5.0,3.75,10.0,20.0,10,100.0,inf,full,both,inf,180.0,0.01,0.0,0.0,256,20,3,0.5,0.1,0.99,10.0,256,20,0,128,128,3.126680715994089,0.0,18.86215360740809,18.86215360740809,0.0,0.0,1.0,340.0
hcw,coast,300.0,1800.0,0.1,0.1,5.0,3.75,10.0,50.0,10,100.0,0.5,full,both,inf,180.0,0.01,0.0,0.0,256,20,3,0.5,0.1,0.99,10.0,256,20,0,128,128,2.892932142901254,0.0,32.24202468207292,32.24202468207292,0.0,0.0,1.0,290.0
hcw,coast,300.0,1800.0,0.1,0.1,5.0,3.75,10.0,50.0,10,100.0,2.0,full,both,inf,180.0,0.01,0.0,0.0,256,20,3,0.5,0.1,0.99,10.0,256,20,0,128,128,2.6273071429012536,0.0,46.27957659610063,46.27957659610063,0.0,0.0,1.0,260.0
hcw,coast,300.0,1800.0,0.1,0.1,5.0,3.75,10.0,50.0,10,100.0,inf,full,both,inf,180.0,0.01,0.0,0.0,256,20,3,0.5,0.1,0.99,10.0,256,20,0,128,128,2.6273071429012536,0.0,46.27957659610063,46.27957659610063,0.0,0.0,1.0,260.0
hcw,mppi_lqr,300.0,1800.0,0.1,0.05,5.0,5.0,10.0,5.0,10,100.0,0.5,full,both,inf,180.0,0.01,0.0,0.0,256,20,3,0.5,0.1,0.99,10.0,256,20,0,128,121,4.471082702523643,2.9340842880359506,5.1996033797838015,165.81251849647273,0.0,0.0,0.9453125,610.0
hcw,mppi_lqr,300.0,1800.0,0.1,0.05,5.0,5.0,10.0,5.0,10,100.0,2.0,full,both,inf,180.0,0.01,0.0,0.0,256,20,3,0.5,0.1,0.99,10.0,256,20,0,128,121,4.471087823274782,2.934088577995788,5.199789412995774,165.8127045296847,0.0,0.0,0.9453125,610.0
hcw,mppi_lqr,300.0,1800.0,0.1,0.05,5.0,5.0,10.0,5.0,10,100.0,inf,full,both,inf,180.0,0.01,0.0,0.0,256,20,3,0.5,0.1,0.99,10.0,256,20,0,128,121,4.471087823274782,2.934088577995788,5.199789412995774,165.8127045296847,0.0,0.0,0.9453125,610.0
hcw,mppi_lqr,300.0,1800.0,0.1,0.05,5.0,5.0,10.0,10.0,10,100.0,0.5,full,both,inf,180.0,0.01,0.0,0.0,256,20,3,0.5,0.1,0.99,10.0,256,20,0,128,126,3.884760419241947,2.3151875993448905,9.767988983589987,60.74057893418375,0.0,0.0,0.984375,510.0
hcw,mppi_lqr,300.0,1800.0,0.1,0.05,5.0,5.0,10.0,10.0,10,100.0,2.0,full,both,inf,180.0,0.01,0.0,0.0,256,20,3,0.5,0.1,0.99,10.0,256,20,0,128,126,3.884762243609682,2.3151852244890097,9.767967868236786,60.740903214565776,0.0,0.0,0.984375,510.0
hcw,mppi_lqr,300.0,1800.0,0.1,0.05,5.0,5.0,10.0,10.0,10,100.0,inf,full,both,inf,180.0,0.01,0.0,0.0,256,20,3,0.5,0.1,0.99,10.0,256,20,0,128,126,3.884762243609682,2.3151852244890097,9.767967868236786,60.740903214565776,0.0,0.0,0.984375,510.0
hcw,mppi_lqr,300.0,1800.0,0.1,0.05,5.0,5.0,10.0,20.0,10,100.0,0.5,full,both,inf,180.0,0.01,0.0,0.0,256,20,3,0.5,0.1,0.99,10.0,256,20,0,128,128,3.2065316962747827,1.6719671438227612,19.180032674223373,19.180032674223373,0.0,0.0,1.0,430.0
hcw,mppi_lqr,300.0,1800.0,0.1,0.05,5.0,5.0,10.0,20.0,10,100.0,2.0,full,both,inf,180.0,0.01,0.0,0.0,256,20,3,0.5,0.1,0.99,10.0,256,20,0,128,128,3.2065316412148017,1.6719661968255777,19.180040181615457,19.18004018161546,0.0,0.0,1.0,430.0
hcw,mppi_lqr,300.0,1800.0,0.1,0.05,5.0,5.0,10.0,20.0,10,100.0,inf,full,both,inf,180.0,0.01,0.0,0.0,256,20,3,0.5,0.1,0.99,10.0,256,20,0,128,128,3.2065316412148017,1.6719661968255777,19.180040181615457,19.18004018161546,0.0,0.0,1.0,430.0
hcw,mppi_lqr,300.0,1800.0,0.1,0.05,5.0,5.0,10.0,50.0,10,100.0,0.5,full,both,inf,180.0,0.01,0.0,0.0,256,20,3,0.5,0.1,0.99,10.0,256,20,0,128,128,3.297816398978303,1.669515612658575,37.90394108254299,37.90394108254299,0.0,0.0,1.0,360.0
hcw,mppi_lqr,300.0,1800.0,0.1,0.05,5.0,5.0,10.0,50.0,10,100.0,2.0,full,both,inf,180.0,0.01,0.0,0.0,256,20,3,0.5,0.1,0.99,10.0,256,20,0,128,128,2.9822670387596446,1.6106388235148938,47.67192124056674,47.67192124056674,0.0,0.0,1.0,345.0
hcw,mppi_lqr,300.0,1800.0,0.1,0.05,5.0,5.0,10.0,50.0,10,100.0,inf,full,both,inf,180.0,0.01,0.0,0.0,256,20,3,0.5,0.1,0.99,10.0,256,20,0,128,128,2.9822670387596446,1.6106388235148938,47.67192124056674,47.67192124056674,0.0,0.0,1.0,345.0
hcw,mppi_lqr,300.0,1800.0,0.1,0.1,5.0,2.5,10.0,5.0,10,100.0,0.5,full,both,inf,180.0,0.01,0.0,0.0,256,20,3,0.5,0.1,0.99,10.0,256,20,0,128,7,5.0,2.5,26.91953052056837,1336.0059145405776,0.0,0.0,0.0546875,580.0
hcw,mppi_lqr,300.0,1800.0,0.1,0.1,5.0,2.5,10.0,5.0,10,100.0,2.0,full,both,inf,180.0,0.01,0.0,0.0,256,20,3,0.5,0.1,0.99,10.0,256,20,0,128,56,5.0,2.5,27.322663169765693,824.6497585323856,0.0,0.0,0.4375,570.0
hcw,mppi_lqr,300.0,1800.0,0.1,0.1,5.0,2.5,10.0,5.0,10,100.0,inf,full,both,inf,180.0,0.01,0.0,0.0,256,20,3,0.5,0.1,0.99,10.0,256,20,0,128,56,5.0,2.5,27.322663169765693,824.6497585323856,0.0,0.0,0.4375,570.0
hcw,mppi_lqr,300.0,1800.0,0.1,0.1,5.0,2.5,10.0,10.0,10,100.0,0.5,full,both,inf,180.0,0.01,0.0,0.0,256,20,3,0.5,0.1,0.99,10.0,256,20,0,128,10,4.991251127449434,2.5,49.858152268903815,1307.0422614731688,0.0,0.0,0.078125,585.0
hcw,mppi_lqr,300.0,1800.0,0.1,0.1,5.0,2.5,10.0,10.0,10,100.0,2.0,full,both,inf,180.0,0.01,0.0,0.0,256,20,3,0.5,0.1,0.99,10.0,256,20,0,128,40,4.9912485214705695,2.5,51.2181623245875,960.4317606150964,0.0,0.0,0.3125,570.0
hcw,mppi_lqr,300.0,1800.0,0.1,0.1,5.0,2.5,10.0,10.0,10,100.0,inf,full,both,inf,180.0,0.01,0.0,0.0,256,20,3,0.5,0.1,0.99,10.0,256,20,0,128,40,4.9912485214705695,2.5,51.2181623245875,960.4317606150964,0.0,0.0,0.3125,570.0
hcw,mppi_lqr,300.0,1800.0,0.1,0.1,5.0,2.5,10.0,20.0,10,100.0,0.5,full,both,inf,180.0,0.01,0.0,0.0,256,20,3,0.5,0.1,0.99,10.0,256,20,0,128,10,4.991296887039319,2.5,34.777910368655355,1238.287913159876,0.0,0.0,0.078125,550.0
hcw,mppi_lqr,300.0,1800.0,0.1,0.1,5.0,2.5,10.0,20.0,10,100.0,2.0,full,both,inf,180.0,0.01,0.0,0.0,256,20,3,0.5,0.1,0.99,10.0,256,20,0,128,82,4.991320880233412,2.5,39.40593785928736,507.6708734549202,0.0,0.0,0.640625,550.0
hcw,mppi_lqr,300.0,1800.0,0.1,0.1,5.0,2.5,10.0,20.0,10,100.0,inf,full,both,inf,180.0,0.01,0.0,0.0,256,20,3,0.5,0.1,0.99,10.0,256,20,0,128,82,4.991320880233412,2.5,39.40593785928736,507.6708734549202,0.0,0.0,0.640625,550.0
hcw,mppi_lqr,300.0,1800.0,0.1,0.1,5.0,2.5,10.0,50.0,10,100.0,0.5,full,both,inf,180.0,0.01,0.0,0.0,256,20,3,0.5,0.1,0.99,10.0,256,20,0,128,8,4.99830296589749,2.5,29.682478019880485,1294.7815152110516,0.0,0.0,0.0625,500.0
hcw,mppi_lqr,300.0,1800.0,0.1,0.1,5.0,2.5,10.0,50.0,10,100.0,2.0,full,both,inf,180.0,0.01,0.0,0.0,256,20,3,0.5,0.1,0.99,10.0,256,20,0,128,104,4.984091899966203,2.5,55.73896497071724,284.02433186167394,0.0,0.0,0.8125,520.0
hcw,mppi_lqr,300.0,1800.0,0.1,0.1,5.0,2.5,10.0,50.0,10,100.0,inf,full,both,inf,180.0,0.01,0.0,0.0,256,20,3,0.5,0.1,0.99,10.0,256,20,0,128,104,4.984091899966203,2.5,55.73896497071724,284.02433186167394,0.0,0.0,0.8125,520.0
hcw,mppi_lqr,300.0,1800.0,0.1,0.1,5.0,3.75,10.0,5.0,10,100.0,0.5,full,both,inf,180.0,0.01,0.0,0.0,256,20,3,0.5,0.1,0.99,10.0,256,20,0,128,0,5.0,3.75,220.7492806890596,1895.3760021187304,0.0,0.0,0.0,
hcw,mppi_lqr,300.0,1800.0,0.1,0.1,5.0,3.75,10.0,5.0,10,100.0,2.0,full,both,inf,180.0,0.01,0.0,0.0,256,20,3,0.5,0.1,0.99,10.0,256,20,0,128,0,5.0,3.75,220.91108370146557,1894.2657550877157,0.0,0.0,0.0,
hcw,mppi_lqr,300.0,1800.0,0.1,0.1,5.0,3.75,10.0,5.0,10,100.0,inf,full,both,inf,180.0,0.01,0.0,0.0,256,20,3,0.5,0.1,0.99,10.0,256,20,0,128,0,5.0,3.75,220.91108370146557,1894.2657550877157,0.0,0.0,0.0,
hcw,mppi_lqr,300.0,1800.0,0.1,0.1,5.0,3.75,10.0,10.0,10,100.0,0.5,full,both,inf,180.0,0.01,0.0,0.0,256,20,3,0.5,0.1,0.99,10.0,256,20,0,128,1,4.99490120345324,3.75,222.01754675561483,1916.904104613268,0.0,0.0,0.0078125,590.0
hcw,mppi_lqr,300.0,1800.0,0.1,0.1,5.0,3.75,10.0,10.0,10,100.0,2.0,full,both,inf,180.0,0.01,0.0,0.0,256,20,3,0.5,0.1,0.99,10.0,256,20,0,128,2,4.9947917383703455,3.75,222.2677433037352,1913.77035260099,0.0,0.0,0.015625,600.0
hcw,mppi_lqr,300.0,1800.0,0.1,0.1,5.0,3.75,10.0,10.0,10,100.0,inf,full,both,inf,180.0,0.01,0.0,0.0,256,20,3,0.5,0.1,0.99,10.0,256,20,0,128,2,4.9947917383703455,3.75,222.2677433037352,1913.77035260099,0.0,0.0,0.015625,600.0
hcw,mppi_lqr,300.0,1800.0,0.1,0.1,5.0,3.75,10.0,20.0,10,100.0,0.5,full,both,inf,180.0,0.01,0.0,0.0,256,20,3,0.5,0.1,0.99,10.0,256,20,0,128,0,5.0,3.75,215.89235952532343,1953.0416293175572,0.0,0.0,0.0,
hcw,mppi_lqr,300.0,1800.0,0.1,0.1,5.0,3.75,10.0,20.0,10,100.0,2.0,full,both,inf,180.0,0.01,0.0,0.0,256,20,3,0.5,0.1,0.99,10.0,256,20,0,128,3,5.0,3.75,211.8568091578237,1921.683125670129,0.0,0.0,0.0234375,590.0
hcw,mppi_lqr,300.0,1800.0,0.1,0.1,5.0,3.75,10.0,20.0,10,100.0,inf,full,both,inf,180.0,0.01,0.0,0.0,256,20,3,0.5,0.1,0.99,10.0,256,20,0,128,3,5.0,3.75,211.8568091578237,1921.683125670129,0.0,0.0,0.0234375,590.0
hcw,mppi_lqr,300.0,1800.0,0.1,0.1,5.0,3.75,10.0,50.0,10,100.0,0.5,full,both,inf,180.0,0.01,0.0,0.0,256,20,3,0.5,0.1,0.99,10.0,256,20,0,128,0,5.0,3.75,213.4751445487681,1980.162462325851,0.0,0.0,0.0,
hcw,mppi_lqr,300.0,1800.0,0.1,0.1,5.0,3.75,10.0,50.0,10,100.0,2.0,full,both,inf,180.0,0.01,0.0,0.0,256,20,3,0.5,0.1,0.99,10.0,256,20,0,128,7,5.0,3.75,211.50776972073285,1922.0581910804192,0.0,0.0,0.0546875,600.0
hcw,mppi_lqr,300.0,1800.0,0.1,0.1,5.0,3.75,10.0,50.0,10,100.0,inf,full,both,inf,180.0,0.01,0.0,0.0,256,20,3,0.5,0.1,0.99,10.0,256,20,0,128,7,5.0,3.75,211.50776972073285,1922.0581910804192,0.0,0.0,0.0546875,600.0
hcw,random,300.0,1800.0,0.1,0.05,5.0,5.0,10.0,5.0,10,100.0,0.5,full,both,inf,180.0,0.01,0.0,0.0,256,20,3,0.5,0.1,0.99,10.0,256,20,0,128,128,3.739970811346752,1.7106862969421115,4.683332978987281,4.68333297898728,0.0,0.0,1.0,470.0
hcw,random,300.0,1800.0,0.1,0.05,5.0,5.0,10.0,5.0,10,100.0,2.0,full,both,inf,180.0,0.01,0.0,0.0,256,20,3,0.5,0.1,0.99,10.0,256,20,0,128,128,3.739970811346752,1.7106862969421115,4.683332978987281,4.68333297898728,0.0,0.0,1.0,470.0
hcw,random,300.0,1800.0,0.1,0.05,5.0,5.0,10.0,5.0,10,100.0,inf,full,both,inf,180.0,0.01,0.0,0.0,256,20,3,0.5,0.1,0.99,10.0,256,20,0,128,128,3.739970811346752,1.7106862969421115,4.683332978987281,4.68333297898728,0.0,0.0,1.0,470.0
hcw,random,300.0,1800.0,0.1,0.05,5.0,5.0,10.0,10.0,10,100.0,0.5,full,both,inf,180.0,0.01,0.0,0.0,256,20,3,0.5,0.1,0.99,10.0,256,20,0,128,128,3.45501127340278,1.465212047355838,9.36668434816789,9.366684348167889,0.0,0.0,1.0,400.0
hcw,random,300.0,1800.0,0.1,0.05,5.0,5.0,10.0,10.0,10,100.0,2.0,full,both,inf,180.0,0.01,0.0,0.0,256,20,3,0.5,0.1,0.99,10.0,256,20,0,128,128,3.45501127340278,1.465212047355838,9.36668434816789,9.366684348167889,0.0,0.0,1.0,400.0
hcw,random,300.0,1800.0,0.1,0.05,5.0,5.0,10.0,10.0,10,100.0,inf,full,both,inf,180.0,0.01,0.0,0.0,256,20,3,0.5,0.1,0.99,10.0,256,20,0,128,128,3.45501127340278,1.465212047355838,9.36668434816789,9.366684348167889,0.0,0.0,1.0,400.0
hcw,random,300.0,1800.0,0.1,0.05,5.0,5.0,10.0,20.0,10,100.0,0.5,full,both,inf,180.0,0.01,0.0,0.0,256,20,3,0.5,0.1,0.99,10.0,256,20,0,128,128,3.165680910450993,1.2449371491128194,18.256206541292155,18.256206541292155,0.0,0.0,1.0,330.0
hcw,random,300.0,1800.0,0.1,0.05,5.0,5.0,10.0,20.0,10,100.0,2.0,full,both,inf,180.0,0.01,0.0,0.0,256,20,3,0.5,0.1,0.99,10.0,256,20,0,128,128,3.157868410450993,1.2421538420466367,18.583956369113324,18.583956369113324,0.0,0.0,1.0,330.0
hcw,random,300.0,1800.0,0.1,0.05,5.0,5.0,10.0,20.0,10,100.0,inf,full,both,inf,180.0,0.01,0.0,0.0,256,20,3,0.5,0.1,0.99,10.0,256,20,0,128,128,3.157868410450993,1.2421538420466367,18.583956369113324,18.583956369113324,0.0,0.0,1.0,330.0
hcw,random,300.0,1800.0,0.1,0.05,5.0,5.0,10.0,50.0,10,100.0,0.5,full,both,inf,180.0,0.01,0.0,0.0,256,20,3,0.5,0.1,0.99,10.0,256,20,0,128,128,2.922594369288351,1.10236468418773,29.357847034605232,29.357847034605232,0.0,0.0,1.0,290.0
hcw,random,300.0,1800.0,0.1,0.05,5.0,5.0,10.0,50.0,10,100.0,2.0,full,both,inf,180.0,0.01,0.0,0.0,256,20,3,0.5,0.1,0.99,10.0,256,20,0,128,128,2.625599879603026,0.9918401861342722,46.32288316952784,46.32288316952784,0.0,0.0,1.0,260.0
hcw,random,300.0,1800.0,0.1,0.05,5.0,5.0,10.0,50.0,10,100.0,inf,full,both,inf,180.0,0.01,0.0,0.0,256,20,3,0.5,0.1,0.99,10.0,256,20,0,128,128,2.625599879603026,0.9918401861342722,46.32288316952784,46.32288316952784,0.0,0.0,1.0,260.0
hcw,random,300.0,1800.0,0.1,0.1,5.0,2.5,10.0,5.0,10,100.0,0.5,full,both,inf,180.0,0.01,0.0,0.0,256,20,3,0.5,0.1,0.99,10.0,256,20,0,128,128,3.5653272744589275,2.4884015937547184,4.664577038091464,4.671631337784375,0.0,0.0,1.0,450.0
hcw,random,300.0,1800.0,0.1,0.1,5.0,2.5,10.0,5.0,10,100.0,2.0,full,both,inf,180.0,0.01,0.0,0.0,256,20,3,0.5,0.1,0.99,10.0,256,20,0,128,128,3.564546024458928,2.487667747986117,4.687607558308929,4.69466185800184,0.0,0.0,1.0,450.0
hcw,random,300.0,1800.0,0.1,0.1,5.0,2.5,10.0,5.0,10,100.0,inf,full,both,inf,180.0,0.01,0.0,0.0,256,20,3,0.5,0.1,0.99,10.0,256,20,0,128,128,3.564546024458928,2.487667747986117,4.687607558308929,4.69466185800184,0.0,0.0,1.0,450.0
hcw,random,300.0,1800.0,0.1,0.1,5.0,2.5,10.0,10.0,10,100.0,0.5,full,both,inf,180.0,0.01,0.0,0.0,256,20,3,0.5,0.1,0.99,10.0,256,20,0,128,128,3.4380328215742058,2.4637412085485417,9.010757289357125,9.022534183809556,0.0,0.0,1.0,380.0
hcw,random,300.0,1800.0,0.1,0.1,5.0,2.5,10.0,10.0,10,100.0,2.0,full,both,inf,180.0,0.01,0.0,0.0,256,20,3,0.5,0.1,0.99,10.0,256,20,0,128,128,3.419121437694081,2.456828805668613,9.291641054500094,9.291641054500095,0.0,0.0,1.0,380.0
hcw,random,300.0,1800.0,0.1,0.1,5.0,2.5,10.0,10.0,10,100.0,inf,full,both,inf,180.0,0.01,0.0,0.0,256,20,3,0.5,0.1,0.99,10.0,256,20,0,128,128,3.419121437694081,2.456828805668613,9.291641054500094,9.291641054500095,0.0,0.0,1.0,380.0
hcw,random,300.0,1800.0,0.1,0.1,5.0,2.5,10.0,20.0,10,100.0,0.5,full,both,inf,180.0,0.01,0.0,0.0,256,20,3,0.5,0.1,0.99,10.0,256,20,0,128,128,3.224685741555072,2.3936441148950007,15.575279076821104,15.917696218306371,0.0,0.0,1.0,320.0
hcw,random,300.0,1800.0,0.1,0.1,5.0,2.5,10.0,20.0,10,100.0,2.0,full,both,inf,180.0,0.01,0.0,0.0,256,20,3,0.5,0.1,0.99,10.0,256,20,0,128,128,3.1234544513824245,2.337752487741281,18.0169399638832,18.0169399638832,0.0,0.0,1.0,315.0
hcw,random,300.0,1800.0,0.1,0.1,5.0,2.5,10.0,20.0,10,100.0,inf,full,both,inf,180.0,0.01,0.0,0.0,256,20,3,0.5,0.1,0.99,10.0,256,20,0,128,128,3.1234544513824245,2.337752487741281,18.0169399638832,18.0169399638832,0.0,0.0,1.0,315.0
hcw,random,300.0,1800.0,0.1,0.1,5.0,2.5,10.0,50.0,10,100.0,0.5,full,both,inf,180.0,0.01,0.0,0.0,256,20,3,0.5,0.1,0.99,10.0,256,20,0,128,128,3.0273017389060426,2.2723814041339283,23.041053346540835,23.733068585550104,0.0,0.0,1.0,300.0
hcw,random,300.0,1800.0,0.1,0.1,5.0,2.5,10.0,50.0,10,100.0,2.0,full,both,inf,180.0,0.01,0.0,0.0,256,20,3,0.5,0.1,0.99,10.0,256,20,0,128,128,2.6205411332233397,1.979859397711848,45.914508478556726,45.914508478556726,0.0,0.0,1.0,260.0
hcw,random,300.0,1800.0,0.1,0.1,5.0,2.5,10.0,50.0,10,100.0,inf,full,both,inf,180.0,0.01,0.0,0.0,256,20,3,0.5,0.1,0.99,10.0,256,20,0,128,128,2.6205411332233397,1.979859397711848,45.914508478556726,45.914508478556726,0.0,0.0,1.0,260.0
hcw,random,300.0,1800.0,0.1,0.1,5.0,3.75,10.0,5.0,10,100.0,0.5,full,both,inf,180.0,0.01,0.0,0.0,256,20,3,0.5,0.1,0.99,10.0,256,20,0,128,127,4.152800681520299,3.2626279205282187,4.622623231164795,5.954240011297945,0.0,0.0,0.9921875,450.0
hcw,random,300.0,1800.0,0.1,0.1,5.0,3.75,10.0,5.0,10,100.0,2.0,full,both,inf,180.0,0.01,0.0,0.0,256,20,3,0.5,0.1,0.99,10.0,256,20,0,128,127,4.152019431520299,3.261894074759618,4.64565375138226,5.97727053151541,0.0,0.0,0.9921875,450.0
hcw,random,300.0,1800.0,0.1,0.1,5.0,3.75,10.0,5.0,10,100.0,inf,full,both,inf,180.0,0.01,0.0,0.0,256,20,3,0.5,0.1,0.99,10.0,256,20,0,128,127,4.152019431520299,3.261894074759618,4.64565375138226,5.97727053151541,0.0,0.0,0.9921875,450.0
hcw,random,300.0,1800.0,0.1,0.1,5.0,3.75,10.0,10.0,10,100.0,0.5,full,both,inf,180.0,0.01,0.0,0.0,256,20,3,0.5,0.1,0.99,10.0,256,20,0,128,127,3.666655123461706,2.8357308127002976,8.860106667565406,10.195445488868286,0.0,0.0,0.9921875,380.0
hcw,random,300.0,1800.0,0.1,0.1,5.0,3.75,10.0,10.0,10,100.0,2.0,full,both,inf,180.0,0.01,0.0,0.0,256,20,3,0.5,0.1,0.99,10.0,256,20,0,128,127,3.6414326488373896,2.817185704979425,9.18385251609671,10.507414442947155,0.0,0.0,0.9921875,380.0
hcw,random,300.0,1800.0,0.1,0.1,5.0,3.75,10.0,10.0,10,100.0,inf,full,both,inf,180.0,0.01,0.0,0.0,256,20,3,0.5,0.1,0.99,10.0,256,20,0,128,127,3.6414326488373896,2.817185704979425,9.18385251609671,10.507414442947155,0.0,0.0,0.9921875,380.0
hcw,random,300.0,1800.0,0.1,0.1,5.0,3.75,10.0,20.0,10,100.0,0.5,full,both,inf,180.0,0.01,0.0,0.0,256,20,3,0.5,0.1,0.99,10.0,256,20,0,128,128,3.266216410078377,2.48959185468102,15.46650600979647,15.886080635144816,0.0,0.0,1.0,325.0
hcw,random,300.0,1800.0,0.1,0.1,5.0,3.75,10.0,20.0,10,100.0,2.0,full,both,inf,180.0,0.01,0.0,0.0,256,20,3,0.5,0.1,0.99,10.0,256,20,0,128,128,3.154255908650496,2.4057146208874025,17.99196830042298,17.99196830042298,0.0,0.0,1.0,315.0
hcw,random,300.0,1800.0,0.1,0.1,5.0,3.75,10.0,20.0,10,100.0,inf,full,both,inf,180.0,0.01,0.0,0.0,256,20,3,0.5,0.1,0.99,10.0,256,20,0,128,128,3.154255908650496,2.4057146208874025,17.99196830042298,17.99196830042298,0.0,0.0,1.0,315.0
hcw,random,300.0,1800.0,0.1,0.1,5.0,3.75,10.0,50.0,10,100.0,0.5,full,both,inf,180.0,0.01,0.0,0.0,256,20,3,0.5,0.1,0.99,10.0,256,20,0,128,128,3.0312079889060426,2.285228131860477,22.98254227152818,23.773987200385022,0.0,0.0,1.0,300.0
hcw,random,300.0,1800.0,0.1,0.1,5.0,3.75,10.0,50.0,10,100.0,2.0,full,both,inf,180.0,0.01,0.0,0.0,256,20,3,0.5,0.1,0.99,10.0,256,20,0,128,128,2.6205411332233397,1.979859397711848,45.914508478556726,45.914508478556726,0.0,0.0,1.0,260.0
hcw,random,300.0,1800.0,0.1,0.1,5.0,3.75,10.0,50.0,10,100.0,inf,full,both,inf,180.0,0.01,0.0,0.0,256,20,3,0.5,0.1,0.99,10.0,256,20,0,128,128,2.6205411332233397,1.979859397711848,45.914508478556726,45.914508478556726,0.0,0.0,1.0,260.0
lqr,flee,300.0,1800.0,0.1,0.05,5.0,5.0,10.0,5.0,10,100.0,0.5,full,both,inf,180.0,0.01,0.0,0.0,256,20,3,0.5,0.1,0.99,10.0,256,20,0,128,7,5.0,5.0,44.90879130929693,143.31243545640015,0.0,0.0,0.0546875,1420.0
lqr,flee,300.0,1800.0,0.1,0.05,5.0,5.0,10.0,5.0,10,100.0,2.0,full,both,inf,180.0,0.01,0.0,0.0,256,20,3,0.5,0.1,0.99,10.0,256,20,0,128,7,5.0,5.0,44.90879130929693,143.31243545640015,0.0,0.0,0.0546875,1420.0
lqr,flee,300.0,1800.0,0.1,0.05,5.0,5.0,10.0,5.0,10,100.0,inf,full,both,inf,180.0,0.01,0.0,0.0,256,20,3,0.5,0.1,0.99,10.0,256,20,0,128,7,5.0,5.0,44.90879130929693,143.31243545640015,0.0,0.0,0.0546875,1420.0
lqr,flee,300.0,1800.0,0.1,0.05,5.0,5.0,10.0,10.0,10,100.0,0.5,full,both,inf,180.0,0.01,0.0,0.0,256,20,3,0.5,0.1,0.99,10.0,256,20,0,128,12,5.0,5.0,45.30968664215839,143.26670628770103,0.0,0.0,0.09375,1445.0
lqr,flee,300.0,1800.0,0.1,0.05,5.0,5.0,10.0,10.0,10,100.0,2.0,full,both,inf,180.0,0.01,0.0,0.0,256,20,3,0.5,0.1,0.99,10.0,256,20,0,128,12,5.0,5.0,45.30968664215839,143.26670628770103,0.0,0.0,0.09375,1445.0
lqr,flee,300.0,1800.0,0.1,0.05,5.0,5.0,10.0,10.0,10,100.0,inf,full,both,inf,180.0,0.01,0.0,0.0,256,20,3,0.5,0.1,0.99,10.0,256,20,0,128,12,5.0,5.0,45.30968664215839,143.26670628770103,0.0,0.0,0.09375,1445.0
lqr,flee,300.0,1800.0,0.1,0.05,5.0,5.0,10.0,20.0,10,100.0,0.5,full,both,inf,180.0,0.01,0.0,0.0,256,20,3,0.5,0.1,0.99,10.0,256,20,0,128,19,5.0,5.0,46.52434808829428,144.38997873674202,0.0,0.0,0.1484375,1430.0
lqr,flee,300.0,1800.0,0.1,0.05,5.0,5.0,10.0,20.0,10,100.0,2.0,full,both,inf,180.0,0.01,0.0,0.0,256,20,3,0.5,0.1,0.99,10.0,256,20,0,128,19,5.0,5.0,46.52434808829428,144.38997873674202,0.0,0.0,0.1484375,1430.0
lqr,flee,300.0,1800.0,0.1,0.05,5.0,5.0,10.0,20.0,10,100.0,inf,full,both,inf,180.0,0.01,0.0,0.0,256,20,3,0.5,0.1,0.99,10.0,256,20,0,128,19,5.0,5.0,46.52434808829428,144.38997873674202,0.0,0.0,0.1484375,1430.0
lqr,flee,300.0,1800.0,0.1,0.05,5.0,5.0,10.0,50.0,10,100.0,0.5,full,both,inf,180.0,0.01,0.0,0.0,256,20,3,0.5,0.1,0.99,10.0,256,20,0,128,34,5.0,5.0,52.44524830906592,150.19708492679737,0.0,0.0,0.265625,1090.0
lqr,flee,300.0,1800.0,0.1,0.05,5.0,5.0,10.0,50.0,10,100.0,2.0,full,both,inf,180.0,0.01,0.0,0.0,256,20,3,0.5,0.1,0.99,10.0,256,20,0,128,34,5.0,5.0,52.44524830906592,150.19708492679737,0.0,0.0,0.265625,1090.0
lqr,flee,300.0,1800.0,0.1,0.05,5.0,5.0,10.0,50.0,10,100.0,inf,full,both,inf,180.0,0.01,0.0,0.0,256,20,3,0.5,0.1,0.99,10.0,256,20,0,128,34,5.0,5.0,52.44524830906592,150.19708492679737,0.0,0.0,0.265625,1090.0
lqr,flee,300.0,1800.0,0.1,0.1,5.0,2.5,10.0,5.0,10,100.0,0.5,full,both,inf,180.0,0.01,0.0,0.0,256,20,3,0.5,0.1,0.99,10.0,256,20,0,128,120,4.8025038084453655,2.5,4.698740011987715,21.404545148249817,0.0,0.0,0.9375,740.0
lqr,flee,300.0,1800.0,0.1,0.1,5.0,2.5,10.0,5.0,10,100.0,2.0,full,both,inf,180.0,0.01,0.0,0.0,256,20,3,0.5,0.1,0.99,10.0,256,20,0,128,120,4.8025038084453655,2.5,4.698740011987715,21.404545148249817,0.0,0.0,0.9375,740.0
lqr,flee,300.0,1800.0,0.1,0.1,5.0,2.5,10.0,5.0,10,100.0,inf,full,both,inf,180.0,0.01,0.0,0.0,256,20,3,0.5,0.1,0.99,10.0,256,20,0,128,120,4.8025038084453655,2.5,4.698740011987715,21.404545148249817,0.0,0.0,0.9375,740.0
lqr,flee,300.0,1800.0,0.1,0.1,5.0,2.5,10.0,10.0,10,100.0,0.5,full,both,inf,180.0,0.01,0.0,0.0,256,20,3,0.5,0.1,0.99,10.0,256,20,0,128,128,4.748429903145609,2.5,9.307129930169635,9.30712993016964,0.0,0.0,1.0,700.0
lqr,flee,300.0,1800.0,0.1,0.1,5.0,2.5,10.0,10.0,10,100.0,2.0,full,both,inf,180.0,0.01,0.0,0.0,256,20,3,0.5,0.1,0.99,10.0,256,20,0,128,128,4.748429903145609,2.5,9.307129930169635,9.30712993016964,0.0,0.0,1.0,700.0
lqr,flee,300.0,1800.0,0.1,0.1,5.0,2.5,10.0,10.0,10,100.0,inf,full,both,inf,180.0,0.01,0.0,0.0,256,20,3,0.5,0.1,0.99,10.0,256,20,0,128,128,4.748429903145609,2.5,9.307129930169635,9.30712993016964,0.0,0.0,1.0,700.0
lqr,flee,300.0,1800.0,0.1,0.1,5.0,2.5,10.0,20.0,10,100.0,0.5,full,both,inf,180.0,0.01,0.0,0.0,256,20,3,0.5,0.1,0.99,10.0,256,20,0,128,128,4.65288774802437,2.5,18.817507530821832,18.817507530821835,0.0,0.0,1.0,650.0
lqr,flee,300.0,1800.0,0.1,0.1,5.0,2.5,10.0,20.0,10,100.0,2.0,full,both,inf,180.0,0.01,0.0,0.0,256,20,3,0.5,0.1,0.99,10.0,256,20,0,128,128,4.65288774802437,2.5,18.817507530821832,18.817507530821835,0.0,0.0,1.0,650.0
lqr,flee,300.0,1800.0,0.1,0.1,5.0,2.5,10.0,20.0,10,100.0,inf,full,both,inf,180.0,0.01,0.0,0.0,256,20,3,0.5,0.1,0.99,10.0,256,20,0,128,128,4.65288774802437,2.5,18.817507530821832,18.817507530821835,0.0,0.0,1.0,650.0
lqr,flee,300.0,1800.0,0.1,0.1,5.0,2.5,10.0,50.0,10,100.0,0.5,full,both,inf,180.0,0.01,0.0,0.0,256,20,3,0.5,0.1,0.99,10.0,256,20,0,128,128,4.427101363860042,2.5,43.33391851968994,43.33391851968994,0.0,0.0,1.0,580.0
lqr,flee,300.0,1800.0,0.1,0.1,5.0,2.5,10.0,50.0,10,100.0,2.0,full,both,inf,180.0,0.01,0.0,0.0,256,20,3,0.5,0.1,0.99,10.0,256,20,0,128,128,4.39178110593062,2.5,47.62690514163998,47.62690514163998,0.0,0.0,1.0,570.0
lqr,flee,300.0,1800.0,0.1,0.1,5.0,2.5,10.0,50.0,10,100.0,inf,full,both,inf,180.0,0.01,0.0,0.0,256,20,3,0.5,0.1,0.99,10.0,256,20,0,128,128,4.39178110593062,2.5,47.62690514163998,47.62690514163998,0.0,0.0,1.0,570.0
lqr,flee,300.0,1800.0,0.1,0.1,5.0,3.75,10.0,5.0,10,100.0,0.5,full,both,inf,180.0,0.01,0.0,0.0,256,20,3,0.5,0.1,0.99,10.0,256,20,0,128,0,5.0,3.75,25.382146787227537,1103.8489904541414,0.0,0.0,0.0,
lqr,flee,300.0,1800.0,0.1,0.1,5.0,3.75,10.0,5.0,10,100.0,2.0,full,both,inf,180.0,0.01,0.0,0.0,256,20,3,0.5,0.1,0.99,10.0,256,20,0,128,6,5.0,3.75,25.40737430398806,1069.4628511779438,0.0,0.0,0.046875,710.0
lqr,flee,300.0,1800.0,0.1,0.1,5.0,3.75,10.0,5.0,10,100.0,inf,full,both,inf,180.0,0.01,0.0,0.0,256,20,3,0.5,0.1,0.99,10.0,256,20,0,128,6,5.0,3.75,25.40737430398806,1069.4628511779438,0.0,0.0,0.046875,710.0
lqr,flee,300.0,1800.0,0.1,0.1,5.0,3.75,10.0,10.0,10,100.0,0.5,full,both,inf,180.0,0.01,0.0,0.0,256,20,3,0.5,0.1,0.99,10.0,256,20,0,128,0,5.0,3.75,25.382146787227537,1103.8489904541414,0.0,0.0,0.0,
lqr,flee,300.0,1800.0,0.1,0.1,5.0,3.75,10.0,10.0,10,100.0,2.0,full,both,inf,180.0,0.01,0.0,0.0,256,20,3,0.5,0.1,0.99,10.0,256,20,0,128,34,5.0,3.75,25.92042456827004,836.2532005257639,0.0,0.0,0.265625,700.0
lqr,flee,300.0,1800.0,0.1,0.1,5.0,3.75,10.0,10.0,10,100.0,inf,full,both,inf,180.0,0.01,0.0,0.0,256,20,3,0.5,0.1,0.99,10.0,256,20,0,128,34,5.0,3.75,25.92042456827004,836.2532005257639,0.0,0.0,0.265625,700.0
lqr,flee,300.0,1800.0,0.1,0.1,5.0,3.75,10.0,20.0,10,100.0,0.5,full,both,inf,180.0,0.01,0.0,0.0,256,20,3,0.5,0.1,0.99,10.0,256,20,0,128,0,5.0,3.75,25.382146787227537,1103.8489904541414,0.0,0.0,0.0,
lqr,flee,300.0,1800.0,0.1,0.1,5.0,3.75,10.0,20.0,10,100.0,2.0,full,both,inf,180.0,0.01,0.0,0.0,256,20,3,0.5,0.1,0.99,10.0,256,20,0,128,80,5.0,3.75,29.357418526827946,366.14205668339486,0.0,0.0,0.625,690.0
lqr,flee,300.0,1800.0,0.1,0.1,5.0,3.75,10.0,20.0,10,100.0,inf,full,both,inf,180.0,0.01,0.0,0.0,256,20,3,0.5,0.1,0.99,10.0,256,20,0,128,80,5.0,3.75,29.357418526827946,366.14205668339486,0.0,0.0,0.625,690.0
lqr,flee,300.0,1800.0,0.1,0.1,5.0,3.75,10.0,50.0,10,100.0,0.5,full,both,inf,180.0,0.01,0.0,0.0,256,20,3,0.5,0.1,0.99,10.0,256,20,0,128,0,5.0,3.75,25.382146787227537,1103.8489904541414,0.0,0.0,0.0,
lqr,flee,300.0,1800.0,0.1,0.1,5.0,3.75,10.0,50.0,10,100.0,2.0,full,both,inf,180.0,0.01,0.0,0.0,256,20,3,0.5,0.1,0.99,10.0,256,20,0,128,108,5.0,3.75,48.54334008865678,158.72315965695157,0.0,0.0,0.84375,660.0
lqr,flee,300.0,1800.0,0.1,0.1,5.0,3.75,10.0,50.0,10,100.0,inf,full,both,inf,180.0,0.01,0.0,0.0,256,20,3,0.5,0.1,0.99,10.0,256,20,0,128,108,5.0,3.75,48.54334008865678,158.72315965695157,0.0,0.0,0.84375,660.0
lqr,coast,300.0,1800.0,0.1,0.05,5.0,5.0,10.0,5.0,10,100.0,0.5,full,both,inf,180.0,0.01,0.0,0.0,256,20,3,0.5,0.1,0.99,10.0,256,20,0,128,128,2.2909680646186468,0.0,4.664184403561342,4.664184403561342,0.0,0.0,1.0,500.0
lqr,coast,300.0,1800.0,0.1,0.05,5.0,5.0,10.0,5.0,10,100.0,2.0,full,both,inf,180.0,0.01,0.0,0.0,256,20,3,0.5,0.1,0.99,10.0,256,20,0,128,128,2.2909680646186468,0.0,4.664184403561342,4.664184403561342,0.0,0.0,1.0,500.0
lqr,coast,300.0,1800.0,0.1,0.05,5.0,5.0,10.0,5.0,10,100.0,inf,full,both,inf,180.0,0.01,0.0,0.0,256,20,3,0.5,0.1,0.99,10.0,256,20,0,128,128,2.2909680646186468,0.0,4.664184403561342,4.664184403561342,0.0,0.0,1.0,500.0
lqr,coast,300.0,1800.0,0.1,0.05,5.0,5.0,10.0,10.0,10,100.0,0.5,full,both,inf,180.0,0.01,0.0,0.0,256,20,3,0.5,0.1,0.99,10.0,256,20,0,128,128,2.2270498351113344,0.0,9.31389021985704,9.31389021985704,0.0,0.0,1.0,450.0
lqr,coast,300.0,1800.0,0.1,0.05,5.0,5.0,10.0,10.0,10,100.0,2.0,full,both,inf,180.0,0.01,0.0,0.0,256,20,3,0.5,0.1,0.99,10.0,256,20,0,128,128,2.2270498351113344,0.0,9.31389021985704,9.31389021985704,0.0,0.0,1.0,450.0
lqr,coast,300.0,1800.0,0.1,0.05,5.0,5.0,10.0,10.0,10,100.0,inf,full,both,inf,180.0,0.01,0.0,0.0,256,20,3,0.5,0.1,0.99,10.0,256,20,0,128,128,2.2270498351113344,0.0,9.31389021985704,9.31389021985704,0.0,0.0,1.0,450.0
lqr,coast,300.0,1800.0,0.1,0.05,5.0,5.0,10.0,20.0,10,100.0,0.5,full,both,inf,180.0,0.01,0.0,0.0,256,20,3,0.5,0.1,0.99,10.0,256,20,0,128,128,2.120609628202244,0.0,18.7429011735258,18.7429011735258,0.0,0.0,1.0,400.0
lqr,coast,300.0,1800.0,0.1,0.05,5.0,5.0,10.0,20.0,10,100.0,2.0,full,both,inf,180.0,0.01,0.0,0.0,256,20,3,0.5,0.1,0.99,10.0,256,20,0,128,128,2.120609628202244,0.0,18.7429011735258,18.7429011735258,0.0,0.0,1.0,400.0
lqr,coast,300.0,1800.0,0.1,0.05,5.0,5.0,10.0,20.0,10,100.0,inf,full,both,inf,180.0,0.01,0.0,0.0,256,20,3,0.5,0.1,0.99,10.0,256,20,0,128,128,2.120609628202244,0.0,18.7429011735258,18.7429011735258,0.0,0.0,1.0,400.0
lqr,coast,300.0,1800.0,0.1,0.05,5.0,5.0,10.0,50.0,10,100.0,0.5,full,both,inf,180.0,0.01,0.0,0.0,256,20,3,0.5,0.1,0.99,10.0,256,20,0,128,128,1.8944276405741745,0.0,43.15899675524761,43.15899675524761,0.0,0.0,1.0,330.0
lqr,coast,300.0,1800.0,0.1,0.05,5.0,5.0,10.0,50.0,10,100.0,2.0,full,both,inf,180.0,0.01,0.0,0.0,256,20,3,0.5,0.1,0.99,10.0,256,20,0,128,128,1.860111490756944,0.0,47.330161362352186,47.330161362352186,0.0,0.0,1.0,320.0
lqr,coast,300.0,1800.0,0.1,0.05,5.0,5.0,10.0,50.0,10,100.0,inf,full,both,inf,180.0,0.01,0.0,0.0,256,20,3,0.5,0.1,0.99,10.0,256,20,0,128,128,1.860111490756944,0.0,47.330161362352186,47.330161362352186,0.0,0.0,1.0,320.0
lqr,coast,300.0,1800.0,0.1,0.1,5.0,2.5,10.0,5.0,10,100.0,0.5,full,both,inf,180.0,0.01,0.0,0.0,256,20,3,0.5,0.1,0.99,10.0,256,20,0,128,128,2.2909680646186468,0.0,4.664184403561342,4.664184403561342,0.0,0.0,1.0,500.0
lqr,coast,300.0,1800.0,0.1,0.1,5.0,2.5,10.0,5.0,10,100.0,2.0,full,both,inf,180.0,0.01,0.0,0.0,256,20,3,0.5,0.1,0.99,10.0,256,20,0,128,128,2.2909680646186468,0.0,4.664184403561342,4.664184403561342,0.0,0.0,1.0,500.0
lqr,coast,300.0,1800.0,0.1,0.1,5.0,2.5,10.0,5.0,10,100.0,inf,full,both,inf,180.0,0.01,0.0,0.0,256,20,3,0.5,0.1,0.99,10.0,256,20,0,128,128,2.2909680646186468,0.0,4.664184403561342,4.664184403561342,0.0,0.0,1.0,500.0
lqr,coast,300.0,1800.0,0.1,0.1,5.0,2.5,10.0,10.0,10,100.0,0.5,full,both,inf,180.0,0.01,0.0,0.0,256,20,3,0.5,0.1,0.99,10.0,256,20,0,128,128,2.2270498351113344,0.0,9.31389021985704,9.31389021985704,0.0,0.0,1.0,450.0
lqr,coast,300.0,1800.0,0.1,0.1,5.0,2.5,10.0,10.0,10,100.0,2.0,full,both,inf,180.0,0.01,0.0,0.0,256,20,3,0.5,0.1,0.99,10.0,256,20,0,128,128,2.2270498351113344,0.0,9.31389021985704,9.31389021985704,0.0,0.0,1.0,450.0
lqr,coast,300.0,1800.0,0.1,0.1,5.0,2.5,10.0,10.0,10,100.0,inf,full,both,inf,180.0,0.01,0.0,0.0,256,20,3,0.5,0.1,0.99,10.0,256,20,0,128,128,2.2270498351113344,0.0,9.31389021985704,9.31389021985704,0.0,0.0,1.0,450.0
lqr,coast,300.0,1800.0,0.1,0.1,5.0,2.5,10.0,20.0,10,100.0,0.5,full,both,inf,180.0,0.01,0.0,0.0,256,20,3,0.5,0.1,0.99,10.0,256,20,0,128,128,2.120609628202244,0.0,18.7429011735258,18.7429011735258,0.0,0.0,1.0,400.0
lqr,coast,300.0,1800.0,0.1,0.1,5.0,2.5,10.0,20.0,10,100.0,2.0,full,both,inf,180.0,0.01,0.0,0.0,256,20,3,0.5,0.1,0.99,10.0,256,20,0,128,128,2.120609628202244,0.0,18.7429011735258,18.7429011735258,0.0,0.0,1.0,400.0
lqr,coast,300.0,1800.0,0.1,0.1,5.0,2.5,10.0,20.0,10,100.0,inf,full,both,inf,180.0,0.01,0.0,0.0,256,20,3,0.5,0.1,0.99,10.0,256,20,0,128,128,2.120609628202244,0.0,18.7429011735258,18.7429011735258,0.0,0.0,1.0,400.0
lqr,coast,300.0,1800.0,0.1,0.1,5.0,2.5,10.0,50.0,10,100.0,0.5,full,both,inf,180.0,0.01,0.0,0.0,256,20,3,0.5,0.1,0.99,10.0,256,20,0,128,128,1.8944276405741745,0.0,43.15899675524761,43.15899675524761,0.0,0.0,1.0,330.0
lqr,coast,300.0,1800.0,0.1,0.1,5.0,2.5,10.0,50.0,10,100.0,2.0,full,both,inf,180.0,0.01,0.0,0.0,256,20,3,0.5,0.1,0.99,10.0,256,20,0,128,128,1.860111490756944,0.0,47.330161362352186,47.330161362352186,0.0,0.0,1.0,320.0
lqr,coast,300.0,1800.0,0.1,0.1,5.0,2.5,10.0,50.0,10,100.0,inf,full,both,inf,180.0,0.01,0.0,0.0,256,20,3,0.5,0.1,0.99,10.0,256,20,0,128,128,1.860111490756944,0.0,47.330161362352186,47.330161362352186,0.0,0.0,1.0,320.0
lqr,coast,300.0,1800.0,0.1,0.1,5.0,3.75,10.0,5.0,10,100.0,0.5,full,both,inf,180.0,0.01,0.0,0.0,256,20,3,0.5,0.1,0.99,10.0,256,20,0,128,128,2.2909680646186468,0.0,4.664184403561342,4.664184403561342,0.0,0.0,1.0,500.0
lqr,coast,300.0,1800.0,0.1,0.1,5.0,3.75,10.0,5.0,10,100.0,2.0,full,both,inf,180.0,0.01,0.0,0.0,256,20,3,0.5,0.1,0.99,10.0,256,20,0,128,128,2.2909680646186468,0.0,4.664184403561342,4.664184403561342,0.0,0.0,1.0,500.0
lqr,coast,300.0,1800.0,0.1,0.1,5.0,3.75,10.0,5.0,10,100.0,inf,full,both,inf,180.0,0.01,0.0,0.0,256,20,3,0.5,0.1,0.99,10.0,256,20,0,128,128,2.2909680646186468,0.0,4.664184403561342,4.664184403561342,0.0,0.0,1.0,500.0
lqr,coast,300.0,1800.0,0.1,0.1,5.0,3.75,10.0,10.0,10,100.0,0.5,full,both,inf,180.0,0.01,0.0,0.0,256,20,3,0.5,0.1,0.99,10.0,256,20,0,128,128,2.2270498351113344,0.0,9.31389021985704,9.31389021985704,0.0,0.0,1.0,450.0
lqr,coast,300.0,1800.0,0.1,0.1,5.0,3.75,10.0,10.0,10,100.0,2.0,full,both,inf,180.0,0.01,0.0,0.0,256,20,3,0.5,0.1,0.99,10.0,256,20,0,128,128,2.2270498351113344,0.0,9.31389021985704,9.31389021985704,0.0,0.0,1.0,450.0
lqr,coast,300.0,1800.0,0.1,0.1,5.0,3.75,10.0,10.0,10,100.0,inf,full,both,inf,180.0,0.01,0.0,0.0,256,20,3,0.5,0.1,0.99,10.0,256,20,0,128,128,2.2270498351113344,0.0,9.31389021985704,9.31389021985704,0.0,0.0,1.0,450.0
lqr,coast,300.0,1800.0,0.1,0.1,5.0,3.75,10.0,20.0,10,100.0,0.5,full,both,inf,180.0,0.01,0.0,0.0,256,20,3,0.5,0.1,0.99,10.0,256,20,0,128,128,2.120609628202244,0.0,18.7429011735258,18.7429011735258,0.0,0.0,1.0,400.0
lqr,coast,300.0,1800.0,0.1,0.1,5.0,3.75,10.0,20.0,10,100.0,2.0,full,both,inf,180.0,0.01,0.0,0.0,256,20,3,0.5,0.1,0.99,10.0,256,20,0,128,128,2.120609628202244,0.0,18.7429011735258,18.7429011735258,0.0,0.0,1.0,400.0
lqr,coast,300.0,1800.0,0.1,0.1,5.0,3.75,10.0,20.0,10,100.0,inf,full,both,inf,180.0,0.01,0.0,0.0,256,20,3,0.5,0.1,0.99,10.0,256,20,0,128,128,2.120609628202244,0.0,18.7429011735258,18.7429011735258,0.0,0.0,1.0,400.0
lqr,coast,300.0,1800.0,0.1,0.1,5.0,3.75,10.0,50.0,10,100.0,0.5,full,both,inf,180.0,0.01,0.0,0.0,256,20,3,0.5,0.1,0.99,10.0,256,20,0,128,128,1.8944276405741745,0.0,43.15899675524761,43.15899675524761,0.0,0.0,1.0,330.0
lqr,coast,300.0,1800.0,0.1,0.1,5.0,3.75,10.0,50.0,10,100.0,2.0,full,both,inf,180.0,0.01,0.0,0.0,256,20,3,0.5,0.1,0.99,10.0,256,20,0,128,128,1.860111490756944,0.0,47.330161362352186,47.330161362352186,0.0,0.0,1.0,320.0
lqr,coast,300.0,1800.0,0.1,0.1,5.0,3.75,10.0,50.0,10,100.0,inf,full,both,inf,180.0,0.01,0.0,0.0,256,20,3,0.5,0.1,0.99,10.0,256,20,0,128,128,1.860111490756944,0.0,47.330161362352186,47.330161362352186,0.0,0.0,1.0,320.0
lqr,mppi_lqr,300.0,1800.0,0.1,0.05,5.0,5.0,10.0,5.0,10,100.0,0.5,full,both,inf,180.0,0.01,0.0,0.0,256,20,3,0.5,0.1,0.99,10.0,256,20,0,128,3,5.0,5.0,36.22310576144911,433.7278836655752,0.0,0.0,0.0234375,1400.0
lqr,mppi_lqr,300.0,1800.0,0.1,0.05,5.0,5.0,10.0,5.0,10,100.0,2.0,full,both,inf,180.0,0.01,0.0,0.0,256,20,3,0.5,0.1,0.99,10.0,256,20,0,128,3,5.0,5.0,36.22310576144911,433.7278836655752,0.0,0.0,0.0234375,1400.0
lqr,mppi_lqr,300.0,1800.0,0.1,0.05,5.0,5.0,10.0,5.0,10,100.0,inf,full,both,inf,180.0,0.01,0.0,0.0,256,20,3,0.5,0.1,0.99,10.0,256,20,0,128,3,5.0,5.0,36.22310576144911,433.7278836655752,0.0,0.0,0.0234375,1400.0
lqr,mppi_lqr,300.0,1800.0,0.1,0.05,5.0,5.0,10.0,10.0,10,100.0,0.5,full,both,inf,180.0,0.01,0.0,0.0,256,20,3,0.5,0.1,0.99,10.0,256,20,0,128,2,5.0,5.0,36.77609798519357,439.5356966359876,0.0,0.0,0.015625,1360.0
lqr,mppi_lqr,300.0,1800.0,0.1,0.05,5.0,5.0,10.0,10.0,10,100.0,2.0,full,both,inf,180.0,0.01,0.0,0.0,256,20,3,0.5,0.1,0.99,10.0,256,20,0,128,2,5.0,5.0,36.77700144137491,439.5333526162557,0.0,0.0,0.015625,1360.0
lqr,mppi_lqr,300.0,1800.0,0.1,0.05,5.0,5.0,10.0,10.0,10,100.0,inf,full,both,inf,180.0,0.01,0.0,0.0,256,20,3,0.5,0.1,0.99,10.0,256,20,0,128,2,5.0,5.0,36.77700144137491,439.5333526162557,0.0,0.0,0.015625,1360.0
lqr,mppi_lqr,300.0,1800.0,0.1,0.05,5.0,5.0,10.0,20.0,10,100.0,0.5,full,both,inf,180.0,0.01,0.0,0.0,256,20,3,0.5,0.1,0.99,10.0,256,20,0,128,2,5.0,5.0,37.7475408731321,475.6617502881018,0.0,0.0,0.015625,1355.0
lqr,mppi_lqr,300.0,1800.0,0.1,0.05,5.0,5.0,10.0,20.0,10,100.0,2.0,full,both,inf,180.0,0.01,0.0,0.0,256,20,3,0.5,0.1,0.99,10.0,256,20,0,128,2,5.0,5.0,37.7500907916349,475.6437430856493,0.0,0.0,0.015625,1355.0
lqr,mppi_lqr,300.0,1800.0,0.1,0.05,5.0,5.0,10.0,20.0,10,100.0,inf,full,both,inf,180.0,0.01,0.0,0.0,256,20,3,0.5,0.1,0.99,10.0,256,20,0,128,2,5.0,5.0,37.7500907916349,475.6437430856493,0.0,0.0,0.015625,1355.0
lqr,mppi_lqr,300.0,1800.0,0.1,0.05,5.0,5.0,10.0,50.0,10,100.0,0.5,full,both,inf,180.0,0.01,0.0,0.0,256,20,3,0.5,0.1,0.99,10.0,256,20,0,128,57,4.121250611864133,4.018341186355618,37.60677364672319,236.20064625025205,0.0,0.0,0.4453125,530.0
lqr,mppi_lqr,300.0,1800.0,0.1,0.05,5.0,5.0,10.0,50.0,10,100.0,2.0,full,both,inf,180.0,0.01,0.0,0.0,256,20,3,0.5,0.1,0.99,10.0,256,20,0,128,23,4.992124370459687,5.0,50.26465951781693,350.2311482948624,0.0,0.0,0.1796875,1070.0
lqr,mppi_lqr,300.0,1800.0,0.1,0.05,5.0,5.0,10.0,50.0,10,100.0,inf,full,both,inf,180.0,0.01,0.0,0.0,256,20,3,0.5,0.1,0.99,10.0,256,20,0,128,23,4.992124370459687,5.0,50.26465951781693,350.2311482948624,0.0,0.0,0.1796875,1070.0
lqr,mppi_lqr,300.0,1800.0,0.1,0.1,5.0,2.5,10.0,5.0,10,100.0,0.5,full,both,inf,180.0,0.01,0.0,0.0,256,20,3,0.5,0.1,0.99,10.0,256,20,0,128,88,4.828049934855548,2.5,5.942657333878205,134.83155820769898,0.0,0.0,0.6875,750.0
lqr,mppi_lqr,300.0,1800.0,0.1,0.1,5.0,2.5,10.0,5.0,10,100.0,2.0,full,both,inf,180.0,0.01,0.0,0.0,256,20,3,0.5,0.1,0.99,10.0,256,20,0,128,88,4.828039400880886,2.5,5.942742614462173,134.83538339464695,0.0,0.0,0.6875,750.0
lqr,mppi_lqr,300.0,1800.0,0.1,0.1,5.0,2.5,10.0,5.0,10,100.0,inf,full,both,inf,180.0,0.01,0.0,0.0,256,20,3,0.5,0.1,0.99,10.0,256,20,0,128,88,4.828039400880886,2.5,5.942742614462173,134.83538339464695,0.0,0.0,0.6875,750.0
lqr,mppi_lqr,300.0,1800.0,0.1,0.1,5.0,2.5,10.0,10.0,10,100.0,0.5,full,both,inf,180.0,0.01,0.0,0.0,256,20,3,0.5,0.1,0.99,10.0,256,20,0,128,108,4.786140670771179,2.5,9.990615540722157,101.44607306596494,0.0,0.0,0.84375,710.0
lqr,mppi_lqr,300.0,1800.0,0.1,0.1,5.0,2.5,10.0,10.0,10,100.0,2.0,full,both,inf,180.0,0.01,0.0,0.0,256,20,3,0.5,0.1,0.99,10.0,256,20,0,128,108,4.786165185551556,2.5,9.99173740410865,101.44434124486206,0.0,0.0,0.84375,710.0
lqr,mppi_lqr,300.0,1800.0,0.1,0.1,5.0,2.5,10.0,10.0,10,100.0,inf,full,both,inf,180.0,0.01,0.0,0.0,256,20,3,0.5,0.1,0.99,10.0,256,20,0,128,108,4.786165185551556,2.5,9.99173740410865,101.44434124486206,0.0,0.0,0.84375,710.0
lqr,mppi_lqr,300.0,1800.0,0.1,0.1,5.0,2.5,10.0,20.0,10,100.0,0.5,full,both,inf,180.0,0.01,0.0,0.0,256,20,3,0.5,0.1,0.99,10.0,256,20,0,128,116,4.682490677750165,2.5,18.644768802763803,86.6554520216166,0.0,0.0,0.90625,655.0
lqr,mppi_lqr,300.0,1800.0,0.1,0.1,5.0,2.5,10.0,20.0,10,100.0,2.0,full,both,inf,180.0,0.01,0.0,0.0,256,20,3,0.5,0.1,0.99,10.0,256,20,0,128,124,4.6824420314757225,2.5,18.9045025368396,45.263348660171786,0.0,0.0,0.96875,660.0
lqr,mppi_lqr,300.0,1800.0,0.1,0.1,5.0,2.5,10.0,20.0,10,100.0,inf,full,both,inf,180.0,0.01,0.0,0.0,256,20,3,0.5,0.1,0.99,10.0,256,20,0,128,124,4.6824420314757225,2.5,18.9045025368396,45.263348660171786,0.0,0.0,0.96875,660.0
lqr,mppi_lqr,300.0,1800.0,0.1,0.1,5.0,2.5,10.0,50.0,10,100.0,0.5,full,both,inf,180.0,0.01,0.0,0.0,256,20,3,0.5,0.1,0.99,10.0,256,20,0,128,116,4.479886292151551,2.5,43.02938670166506,113.45414839214804,0.0,0.0,0.90625,570.0
lqr,mppi_lqr,300.0,1800.0,0.1,0.1,5.0,2.5,10.0,50.0,10,100.0,2.0,full,both,inf,180.0,0.01,0.0,0.0,256,20,3,0.5,0.1,0.99,10.0,256,20,0,128,128,4.468644311528524,2.5,47.68777448224503,47.68777448224503,0.0,0.0,1.0,570.0
lqr,mppi_lqr,300.0,1800.0,0.1,0.1,5.0,2.5,10.0,50.0,10,100.0,inf,full,both,inf,180.0,0.01,0.0,0.0,256,20,3,0.5,0.1,0.99,10.0,256,20,0,128,128,4.468644311528524,2.5,47.68777448224503,47.68777448224503,0.0,0.0,1.0,570.0
lqr,mppi_lqr,300.0,1800.0,0.1,0.1,5.0,3.75,10.0,5.0,10,100.0,0.5,full,both,inf,180.0,0.01,0.0,0.0,256,20,3,0.5,0.1,0.99,10.0,256,20,0,128,1,5.0,3.75,178.7341058564082,1258.674642575141,0.0,0.0,0.0078125,760.0
lqr,mppi_lqr,300.0,1800.0,0.1,0.1,5.0,3.75,10.0,5.0,10,100.0,2.0,full,both,inf,180.0,0.01,0.0,0.0,256,20,3,0.5,0.1,0.99,10.0,256,20,0,128,1,5.0,3.75,178.7915488789618,1259.3295269340963,0.0,0.0,0.0078125,760.0
lqr,mppi_lqr,300.0,1800.0,0.1,0.1,5.0,3.75,10.0,5.0,10,100.0,inf,full,both,inf,180.0,0.01,0.0,0.0,256,20,3,0.5,0.1,0.99,10.0,256,20,0,128,1,5.0,3.75,178.7915488789618,1259.3295269340963,0.0,0.0,0.0078125,760.0
lqr,mppi_lqr,300.0,1800.0,0.1,0.1,5.0,3.75,10.0,10.0,10,100.0,0.5,full,both,inf,180.0,0.01,0.0,0.0,256,20,3,0.5,0.1,0.99,10.0,256,20,0,128,2,4.9978109398251975,3.75,185.4840650024084,1271.634571127424,0.0,0.0,0.015625,740.0
lqr,mppi_lqr,300.0,1800.0,0.1,0.1,5.0,3.75,10.0,10.0,10,100.0,2.0,full,both,inf,180.0,0.01,0.0,0.0,256,20,3,0.5,0.1,0.99,10.0,256,20,0,128,4,4.997829159904012,3.75,185.2799705345797,1264.3126203522213,0.0,0.0,0.03125,730.0
lqr,mppi_lqr,300.0,1800.0,0.1,0.1,5.0,3.75,10.0,10.0,10,100.0,inf,full,both,inf,180.0,0.01,0.0,0.0,256,20,3,0.5,0.1,0.99,10.0,256,20,0,128,4,4.997829159904012,3.75,185.2799705345797,1264.3126203522213,0.0,0.0,0.03125,730.0
lqr,mppi_lqr,300.0,1800.0,0.1,0.1,5.0,3.75,10.0,20.0,10,100.0,0.5,full,both,inf,180.0,0.01,0.0,0.0,256,20,3,0.5,0.1,0.99,10.0,256,20,0,128,5,4.985571441470388,3.75,180.443524359068,1255.9396374472358,0.0,0.0,0.0390625,690.0
lqr,mppi_lqr,300.0,1800.0,0.1,0.1,5.0,3.75,10.0,20.0,10,100.0,2.0,full,both,inf,180.0,0.01,0.0,0.0,256,20,3,0.5,0.1,0.99,10.0,256,20,0,128,8,4.991890388407849,3.75,178.69342616141628,1229.807942271582,0.0,0.0,0.0625,700.0
lqr,mppi_lqr,300.0,1800.0,0.1,0.1,5.0,3.75,10.0,20.0,10,100.0,inf,full,both,inf,180.0,0.01,0.0,0.0,256,20,3,0.5,0.1,0.99,10.0,256,20,0,128,8,4.991890388407849,3.75,178.69342616141628,1229.807942271582,0.0,0.0,0.0625,700.0
lqr,mppi_lqr,300.0,1800.0,0.1,0.1,5.0,3.75,10.0,50.0,10,100.0,0.5,full,both,inf,180.0,0.01,0.0,0.0,256,20,3,0.5,0.1,0.99,10.0,256,20,0,128,2,4.997703881639936,3.75,180.62702152095312,1287.5092251694973,0.0,0.0,0.015625,625.0
lqr,mppi_lqr,300.0,1800.0,0.1,0.1,5.0,3.75,10.0,50.0,10,100.0,2.0,full,both,inf,180.0,0.01,0.0,0.0,256,20,3,0.5,0.1,0.99,10.0,256,20,0,128,14,4.997024588419189,3.75,181.5140535941136,1216.251815419473,0.0,0.0,0.109375,640.0
lqr,mppi_lqr,300.0,1800.0,0.1,0.1,5.0,3.75,10.0,50.0,10,100.0,inf,full,both,inf,180.0,0.01,0.0,0.0,256,20,3,0.5,0.1,0.99,10.0,256,20,0,128,14,4.997024588419189,3.75,181.5140535941136,1216.251815419473,0.0,0.0,0.109375,640.0
lqr,random,300.0,1800.0,0.1,0.05,5.0,5.0,10.0,5.0,10,100.0,0.5,full,both,inf,180.0,0.01,0.0,0.0,256,20,3,0.5,0.1,0.99,10.0,256,20,0,128,128,2.658344098725229,2.6294741906639603,4.662485064675851,4.662846402501059,0.0,0.0,1.0,630.0
lqr,random,300.0,1800.0,0.1,0.05,5.0,5.0,10.0,5.0,10,100.0,2.0,full,both,inf,180.0,0.01,0.0,0.0,256,20,3,0.5,0.1,0.99,10.0,256,20,0,128,128,2.658344098725229,2.6294741906639603,4.662485064675851,4.662846402501059,0.0,0.0,1.0,630.0
lqr,random,300.0,1800.0,0.1,0.05,5.0,5.0,10.0,5.0,10,100.0,inf,full,both,inf,180.0,0.01,0.0,0.0,256,20,3,0.5,0.1,0.99,10.0,256,20,0,128,128,2.658344098725229,2.6294741906639603,4.662485064675851,4.662846402501059,0.0,0.0,1.0,630.0
lqr,random,300.0,1800.0,0.1,0.05,5.0,5.0,10.0,10.0,10,100.0,0.5,full,both,inf,180.0,0.01,0.0,0.0,256,20,3,0.5,0.1,0.99,10.0,256,20,0,128,128,2.3706114750960983,1.8480123906677224,9.477761961475592,9.477761961475592,0.0,0.0,1.0,470.0
lqr,random,300.0,1800.0,0.1,0.05,5.0,5.0,10.0,10.0,10,100.0,2.0,full,both,inf,180.0,0.01,0.0,0.0,256,20,3,0.5,0.1,0.99,10.0,256,20,0,128,128,2.3706114750960983,1.8480123906677224,9.477761961475592,9.477761961475592,0.0,0.0,1.0,470.0
lqr,random,300.0,1800.0,0.1,0.05,5.0,5.0,10.0,10.0,10,100.0,inf,full,both,inf,180.0,0.01,0.0,0.0,256,20,3,0.5,0.1,0.99,10.0,256,20,0,128,128,2.3706114750960983,1.8480123906677224,9.477761961475592,9.477761961475592,0.0,0.0,1.0,470.0
lqr,random,300.0,1800.0,0.1,0.05,5.0,5.0,10.0,20.0,10,100.0,0.5,full,both,inf,180.0,0.01,0.0,0.0,256,20,3,0.5,0.1,0.99,10.0,256,20,0,128,128,2.193564578853538,1.5231953139543235,18.855577149376643,18.855577149376643,0.0,0.0,1.0,410.0
lqr,random,300.0,1800.0,0.1,0.05,5.0,5.0,10.0,20.0,10,100.0,2.0,full,both,inf,180.0,0.01,0.0,0.0,256,20,3,0.5,0.1,0.99,10.0,256,20,0,128,128,2.193564578853538,1.5231953139543235,18.855577149376643,18.855577149376643,0.0,0.0,1.0,410.0
lqr,random,300.0,1800.0,0.1,0.05,5.0,5.0,10.0,20.0,10,100.0,inf,full,both,inf,180.0,0.01,0.0,0.0,256,20,3,0.5,0.1,0.99,10.0,256,20,0,128,128,2.193564578853538,1.5231953139543235,18.855577149376643,18.855577149376643,0.0,0.0,1.0,410.0
lqr,random,300.0,1800.0,0.1,0.05,5.0,5.0,10.0,50.0,10,100.0,0.5,full,both,inf,180.0,0.01,0.0,0.0,256,20,3,0.5,0.1,0.99,10.0,256,20,0,128,128,1.958285419345161,1.2413129447668307,42.49958713412459,42.49958713412459,0.0,0.0,1.0,330.0
lqr,random,300.0,1800.0,0.1,0.05,5.0,5.0,10.0,50.0,10,100.0,2.0,full,both,inf,180.0,0.01,0.0,0.0,256,20,3,0.5,0.1,0.99,10.0,256,20,0,128,128,1.9092063557662449,1.2034268395015284,47.498478871625615,47.498478871625615,0.0,0.0,1.0,320.0
lqr,random,300.0,1800.0,0.1,0.05,5.0,5.0,10.0,50.0,10,100.0,inf,full,both,inf,180.0,0.01,0.0,0.0,256,20,3,0.5,0.1,0.99,10.0,256,20,0,128,128,1.9092063557662449,1.2034268395015284,47.498478871625615,47.498478871625615,0.0,0.0,1.0,320.0
lqr,random,300.0,1800.0,0.1,0.1,5.0,2.5,10.0,5.0,10,100.0,0.5,full,both,inf,180.0,0.01,0.0,0.0,256,20,3,0.5,0.1,0.99,10.0,256,20,0,128,128,2.561788191469941,2.5,4.760995596191202,4.760995596191203,0.0,0.0,1.0,570.0
lqr,random,300.0,1800.0,0.1,0.1,5.0,2.5,10.0,5.0,10,100.0,2.0,full,both,inf,180.0,0.01,0.0,0.0,256,20,3,0.5,0.1,0.99,10.0,256,20,0,128,128,2.561788191469941,2.5,4.760995596191202,4.760995596191203,0.0,0.0,1.0,570.0
lqr,random,300.0,1800.0,0.1,0.1,5.0,2.5,10.0,5.0,10,100.0,inf,full,both,inf,180.0,0.01,0.0,0.0,256,20,3,0.5,0.1,0.99,10.0,256,20,0,128,128,2.561788191469941,2.5,4.760995596191202,4.760995596191203,0.0,0.0,1.0,570.0
lqr,random,300.0,1800.0,0.1,0.1,5.0,2.5,10.0,10.0,10,100.0,0.5,full,both,inf,180.0,0.01,0.0,0.0,256,20,3,0.5,0.1,0.99,10.0,256,20,0,128,128,2.4899810798702844,2.5,9.479154599104518,9.47915459910452,0.0,0.0,1.0,490.0
lqr,random,300.0,1800.0,0.1,0.1,5.0,2.5,10.0,10.0,10,100.0,2.0,full,both,inf,180.0,0.01,0.0,0.0,256,20,3,0.5,0.1,0.99,10.0,256,20,0,128,128,2.4899810798702844,2.5,9.479154599104518,9.47915459910452,0.0,0.0,1.0,490.0
lqr,random,300.0,1800.0,0.1,0.1,5.0,2.5,10.0,10.0,10,100.0,inf,full,both,inf,180.0,0.01,0.0,0.0,256,20,3,0.5,0.1,0.99,10.0,256,20,0,128,128,2.4899810798702844,2.5,9.479154599104518,9.47915459910452,0.0,0.0,1.0,490.0
lqr,random,300.0,1800.0,0.1,0.1,5.0,2.5,10.0,20.0,10,100.0,0.5,full,both,inf,180.0,0.01,0.0,0.0,256,20,3,0.5,0.1,0.99,10.0,256,20,0,128,128,2.358860948550598,2.5,18.91065714062252,18.91065714062252,0.0,0.0,1.0,410.0
lqr,random,300.0,1800.0,0.1,0.1,5.0,2.5,10.0,20.0,10,100.0,2.0,full,both,inf,180.0,0.01,0.0,0.0,256,20,3,0.5,0.1,0.99,10.0,256,20,0,128,128,2.358860948550598,2.5,18.91065714062252,18.91065714062252,0.0,0.0,1.0,410.0
lqr,random,300.0,1800.0,0.1,0.1,5.0,2.5,10.0,20.0,10,100.0,inf,full,both,inf,180.0,0.01,0.0,0.0,256,20,3,0.5,0.1,0.99,10.0,256,20,0,128,128,2.358860948550598,2.5,18.91065714062252,18.91065714062252,0.0,0.0,1.0,410.0
lqr,random,300.0,1800.0,0.1,0.1,5.0,2.5,10.0,50.0,10,100.0,0.5,full,both,inf,180.0,0.01,0.0,0.0,256,20,3,0.5,0.1,0.99,10.0,256,20,0,128,128,2.1131711084300955,2.4478336632062807,41.59294857786454,41.59294857786454,0.0,0.0,1.0,340.0
lqr,random,300.0,1800.0,0.1,0.1,5.0,2.5,10.0,50.0,10,100.0,2.0,full,both,inf,180.0,0.01,0.0,0.0,256,20,3,0.5,0.1,0.99,10.0,256,20,0,128,128,2.040483562121008,2.3887182510629343,47.68318619828926,47.68318619828926,0.0,0.0,1.0,320.0
lqr,random,300.0,1800.0,0.1,0.1,5.0,2.5,10.0,50.0,10,100.0,inf,full,both,inf,180.0,0.01,0.0,0.0,256,20,3,0.5,0.1,0.99,10.0,256,20,0,128,128,2.040483562121008,2.3887182510629343,47.68318619828926,47.68318619828926,0.0,0.0,1.0,320.0
lqr,random,300.0,1800.0,0.1,0.1,5.0,3.75,10.0,5.0,10,100.0,0.5,full,both,inf,180.0,0.01,0.0,0.0,256,20,3,0.5,0.1,0.99,10.0,256,20,0,128,128,2.818547683230461,3.728166029324163,4.757520463691473,4.757520463691471,0.0,0.0,1.0,720.0
lqr,random,300.0,1800.0,0.1,0.1,5.0,3.75,10.0,5.0,10,100.0,2.0,full,both,inf,180.0,0.01,0.0,0.0,256,20,3,0.5,0.1,0.99,10.0,256,20,0,128,128,2.818547683230461,3.728166029324163,4.757520463691473,4.757520463691471,0.0,0.0,1.0,720.0
lqr,random,300.0,1800.0,0.1,0.1,5.0,3.75,10.0,5.0,10,100.0,inf,full,both,inf,180.0,0.01,0.0,0.0,256,20,3,0.5,0.1,0.99,10.0,256,20,0,128,128,2.818547683230461,3.728166029324163,4.757520463691473,4.757520463691471,0.0,0.0,1.0,720.0
lqr,random,300.0,1800.0,0.1,0.1,5.0,3.75,10.0,10.0,10,100.0,0.5,full,both,inf,180.0,0.01,0.0,0.0,256,20,3,0.5,0.1,0.99,10.0,256,20,0,128,128,2.706182789592261,3.613595717947409,9.518356723154907,9.518356723154907,0.0,0.0,1.0,560.0
lqr,random,300.0,1800.0,0.1,0.1,5.0,3.75,10.0,10.0,10,100.0,2.0,full,both,inf,180.0,0.01,0.0,0.0,256,20,3,0.5,0.1,0.99,10.0,256,20,0,128,128,2.706182789592261,3.613595717947409,9.518356723154907,9.518356723154907,0.0,0.0,1.0,560.0
lqr,random,300.0,1800.0,0.1,0.1,5.0,3.75,10.0,10.0,10,100.0,inf,full,both,inf,180.0,0.01,0.0,0.0,256,20,3,0.5,0.1,0.99,10.0,256,20,0,128,128,2.706182789592261,3.613595717947409,9.518356723154907,9.518356723154907,0.0,0.0,1.0,560.0
lqr,random,300.0,1800.0,0.1,0.1,5.0,3.75,10.0,20.0,10,100.0,0.5,full,both,inf,180.0,0.01,0.0,0.0,256,20,3,0.5,0.1,0.99,10.0,256,20,0,128,128,2.44813542132324,3.2070376893649333,18.990515697553537,18.990515697553537,0.0,0.0,1.0,420.0
lqr,random,300.0,1800.0,0.1,0.1,5.0,3.75,10.0,20.0,10,100.0,2.0,full,both,inf,180.0,0.01,0.0,0.0,256,20,3,0.5,0.1,0.99,10.0,256,20,0,128,128,2.447648860750043,3.206832161738208,19.022801315753195,19.022801315753195,0.0,0.0,1.0,420.0
lqr,random,300.0,1800.0,0.1,0.1,5.0,3.75,10.0,20.0,10,100.0,inf,full,both,inf,180.0,0.01,0.0,0.0,256,20,3,0.5,0.1,0.99,10.0,256,20,0,128,128,2.447648860750043,3.206832161738208,19.022801315753195,19.022801315753195,0.0,0.0,1.0,420.0
lqr,random,300.0,1800.0,0.1,0.1,5.0,3.75,10.0,50.0,10,100.0,0.5,full,both,inf,180.0,0.01,0.0,0.0,256,20,3,0.5,0.1,0.99,10.0,256,20,0,128,128,2.1314071644740564,2.55099145129878,40.31209203839439,40.31209203839439,0.0,0.0,1.0,340.0
lqr,random,300.0,1800.0,0.1,0.1,5.0,3.75,10.0,50.0,10,100.0,2.0,full,both,inf,180.0,0.01,0.0,0.0,256,20,3,0.5,0.1,0.99,10.0,256,20,0,128,128,2.0412505164975343,2.438933919628586,47.61878094656819,47.61878094656819,0.0,0.0,1.0,320.0
lqr,random,300.0,1800.0,0.1,0.1,5.0,3.75,10.0,50.0,10,100.0,inf,full,both,inf,180.0,0.01,0.0,0.0,256,20,3,0.5,0.1,0.99,10.0,256,20,0,128,128,2.0412505164975343,2.438933919628586,47.61878094656819,47.61878094656819,0.0,0.0,1.0,320.0
mppi_flee,flee,300.0,1800.0,0.1,0.05,5.0,5.0,10.0,5.0,10,100.0,0.5,full,both,inf,180.0,0.01,0.0,0.0,256,20,3,0.5,0.1,0.99,10.0,256,20,0,128,128,4.596512843493166,2.783984374999998,3.1229140230031653,3.132970316295079,0.0,0.0,1.0,550.0
mppi_flee,flee,300.0,1800.0,0.1,0.05,5.0,5.0,10.0,5.0,10,100.0,2.0,full,both,inf,180.0,0.01,0.0,0.0,256,20,3,0.5,0.1,0.99,10.0,256,20,0,128,128,4.145121359146626,2.3996093749999994,1.8955023643500764,3.1391485271160477,0.0,0.0,1.0,470.0
mppi_flee,flee,300.0,1800.0,0.1,0.05,5.0,5.0,10.0,5.0,10,100.0,inf,full,both,inf,180.0,0.01,0.0,0.0,256,20,3,0.5,0.1,0.99,10.0,256,20,0,128,128,4.145121359146626,2.3996093749999994,1.8955023643500764,3.1391485271160477,0.0,0.0,1.0,470.0
mppi_flee,flee,300.0,1800.0,0.1,0.05,5.0,5.0,10.0,10.0,10,100.0,0.5,full,both,inf,180.0,0.01,0.0,0.0,256,20,3,0.5,0.1,0.99,10.0,256,20,0,128,128,4.27310353360957,2.5683593749999987,8.14065774286273,8.140657742862732,0.0,0.0,1.0,510.0
mppi_flee,flee,300.0,1800.0,0.1,0.05,5.0,5.0,10.0,10.0,10,100.0,2.0,full,both,inf,180.0,0.01,0.0,0.0,256,20,3,0.5,0.1,0.99,10.0,256,20,0,128,128,3.9066461804980266,2.25078125,4.569754516592035,4.81291190280723,0.0,0.0,1.0,440.0
mppi_flee,flee,300.0,1800.0,0.1,0.05,5.0,5.0,10.0,10.0,10,100.0,inf,full,both,inf,180.0,0.01,0.0,0.0,256,20,3,0.5,0.1,0.99,10.0,256,20,0,128,128,3.9066461804980266,2.25078125,4.569754516592035,4.81291190280723,0.0,0.0,1.0,440.0
mppi_flee,flee,300.0,1800.0,0.1,0.05,5.0,5.0,10.0,20.0,10,100.0,0.5,full,both,inf,180.0,0.01,0.0,0.0,256,20,3,0.5,0.1,0.99,10.0,256,20,0,128,128,3.9653825309311785,2.3937499999999994,17.029877302270478,17.029877302270478,0.0,0.0,1.0,470.0
mppi_flee,flee,300.0,1800.0,0.1,0.05,5.0,5.0,10.0,20.0,10,100.0,2.0,full,both,inf,180.0,0.01,0.0,0.0,256,20,3,0.5,0.1,0.99,10.0,256,20,0,128,128,3.693924970979469,2.1542968750000004,15.441187671091148,15.441187671091148,0.0,0.0,1.0,430.0
mppi_flee,flee,300.0,1800.0,0.1,0.05,5.0,5.0,10.0,20.0,10,100.0,inf,full,both,inf,180.0,0.01,0.0,0.0,256,20,3,0.5,0.1,0.99,10.0,256,20,0,128,128,3.693924970979469,2.1542968750000004,15.441187671091148,15.441187671091148,0.0,0.0,1.0,430.0
mppi_flee,flee,300.0,1800.0,0.1,0.05,5.0,5.0,10.0,50.0,10,100.0,0.5,full,both,inf,180.0,0.01,0.0,0.0,256,20,3,0.5,0.1,0.99,10.0,256,20,0,128,128,3.4961865083310206,2.184375,42.278984697194026,42.278984697194026,0.0,0.0,1.0,435.0
mppi_flee,flee,300.0,1800.0,0.1,0.05,5.0,5.0,10.0,50.0,10,100.0,2.0,full,both,inf,180.0,0.01,0.0,0.0,256,20,3,0.5,0.1,0.99,10.0,256,20,0,128,128,3.391176075150876,2.016015625000001,45.04144713032632,45.04144713032632,0.0,0.0,1.0,400.0
mppi_flee,flee,300.0,1800.0,0.1,0.05,5.0,5.0,10.0,50.0,10,100.0,inf,full,both,inf,180.0,0.01,0.0,0.0,256,20,3,0.5,0.1,0.99,10.0,256,20,0,128,128,3.391176075150876,2.016015625000001,45.04144713032632,45.04144713032632,0.0,0.0,1.0,400.0
mppi_flee,flee,300.0,1800.0,0.1,0.1,5.0,2.5,10.0,5.0,10,100.0,0.5,full,both,inf,180.0,0.01,0.0,0.0,256,20,3,0.5,0.1,0.99,10.0,256,20,0,128,119,5.0,2.5,3.014498781989815,34.40662214356108,0.0,0.0,0.9296875,860.0
mppi_flee,flee,300.0,1800.0,0.1,0.1,5.0,2.5,10.0,5.0,10,100.0,2.0,full,both,inf,180.0,0.01,0.0,0.0,256,20,3,0.5,0.1,0.99,10.0,256,20,0,128,128,4.986241766099526,2.5,1.58243215276133,5.120819935978592,0.0,0.0,1.0,620.0
mppi_flee,flee,300.0,1800.0,0.1,0.1,5.0,2.5,10.0,5.0,10,100.0,inf,full,both,inf,180.0,0.01,0.0,0.0,256,20,3,0.5,0.1,0.99,10.0,256,20,0,128,128,4.989265873742245,2.5,1.5285283117050197,5.305680206218692,0.0,0.0,1.0,620.0
mppi_flee,flee,300.0,1800.0,0.1,0.1,5.0,2.5,10.0,10.0,10,100.0,0.5,full,both,inf,180.0,0.01,0.0,0.0,256,20,3,0.5,0.1,0.99,10.0,256,20,0,128,122,5.0,2.5,7.599029543792727,28.475129450345257,0.0,0.0,0.953125,860.0
mppi_flee,flee,300.0,1800.0,0.1,0.1,5.0,2.5,10.0,10.0,10,100.0,2.0,full,both,inf,180.0,0.01,0.0,0.0,256,20,3,0.5,0.1,0.99,10.0,256,20,0,128,128,4.9504257157494935,2.5,3.422218588468368,4.637566057817134,0.0,0.0,1.0,610.0
mppi_flee,flee,300.0,1800.0,0.1,0.1,5.0,2.5,10.0,10.0,10,100.0,inf,full,both,inf,180.0,0.01,0.0,0.0,256,20,3,0.5,0.1,0.99,10.0,256,20,0,128,128,4.982829781742597,2.5,3.237897257963048,4.759709965116143,0.0,0.0,1.0,600.0
mppi_flee,flee,300.0,1800.0,0.1,0.1,5.0,2.5,10.0,20.0,10,100.0,0.5,full,both,inf,180.0,0.01,0.0,0.0,256,20,3,0.5,0.1,0.99,10.0,256,20,0,128,126,5.0,2.5,17.60539568806351,24.791382833795662,0.0,0.0,0.984375,855.0
mppi_flee,flee,300.0,1800.0,0.1,0.1,5.0,2.5,10.0,20.0,10,100.0,2.0,full,both,inf,180.0,0.01,0.0,0.0,256,20,3,0.5,0.1,0.99,10.0,256,20,0,128,128,4.843656711190789,2.5,12.161996447727963,12.161996447727972,0.0,0.0,1.0,600.0
mppi_flee,flee,300.0,1800.0,0.1,0.1,5.0,2.5,10.0,20.0,10,100.0,inf,full,both,inf,180.0,0.01,0.0,0.0,256,20,3,0.5,0.1,0.99,10.0,256,20,0,128,128,4.953792607106673,2.5,10.13405982261106,10.16136222142364,0.0,0.0,1.0,590.0
mppi_flee,flee,300.0,1800.0,0.1,0.1,5.0,2.5,10.0,50.0,10,100.0,0.5,full,both,inf,180.0,0.01,0.0,0.0,256,20,3,0.5,0.1,0.99,10.0,256,20,0,128,121,4.999147320488049,2.5,45.545565617593866,70.6942110040061,0.0,0.0,0.9453125,800.0
mppi_flee,flee,300.0,1800.0,0.1,0.1,5.0,2.5,10.0,50.0,10,100.0,2.0,full,both,inf,180.0,0.01,0.0,0.0,256,20,3,0.5,0.1,0.99,10.0,256,20,0,128,128,4.689617547657707,2.5,42.29260276114132,42.29260276114132,0.0,0.0,1.0,580.0
mppi_flee,flee,300.0,1800.0,0.1,0.1,5.0,2.5,10.0,50.0,10,100.0,inf,full,both,inf,180.0,0.01,0.0,0.0,256,20,3,0.5,0.1,0.99,10.0,256,20,0,128,128,4.887579083742715,2.5,40.93224023460259,40.93224023460259,0.0,0.0,1.0,570.0
mppi_flee,flee,300.0,1800.0,0.1,0.1,5.0,3.75,10.0,5.0,10,100.0,0.5,full,both,inf,180.0,0.01,0.0,0.0,256,20,3,0.5,0.1,0.99,10.0,256,20,0,128,0,5.0,3.75,39.10918366337664,633.1866372148197,0.0,0.0,0.0,
mppi_flee,flee,300.0,1800.0,0.1,0.1,5.0,3.75,10.0,5.0,10,100.0,2.0,full,both,inf,180.0,0.01,0.0,0.0,256,20,3,0.5,0.1,0.99,10.0,256,20,0,128,107,5.0,3.75,21.29284947629253,60.31284180535335,0.0,0.0,0.8359375,880.0
mppi_flee,flee,300.0,1800.0,0.1,0.1,5.0,3.75,10.0,5.0,10,100.0,inf,full,both,inf,180.0,0.01,0.0,0.0,256,20,3,0.5,0.1,0.99,10.0,256,20,0,128,107,5.0,3.75,21.29284947629253,60.31284180535335,0.0,0.0,0.8359375,880.0
mppi_flee,flee,300.0,1800.0,0.1,0.1,5.0,3.75,10.0,10.0,10,100.0,0.5,full,both,inf,180.0,0.01,0.0,0.0,256,20,3,0.5,0.1,0.99,10.0,256,20,0,128,2,5.0,3.75,39.081485372237154,625.2694621882248,0.0,0.0,0.015625,1165.0
mppi_flee,flee,300.0,1800.0,0.1,0.1,5.0,3.75,10.0,10.0,10,100.0,2.0,full,both,inf,180.0,0.01,0.0,0.0,256,20,3,0.5,0.1,0.99,10.0,256,20,0,128,108,5.0,3.75,24.250871692582287,60.60114764748312,0.0,0.0,0.84375,860.0
mppi_flee,flee,300.0,1800.0,0.1,0.1,5.0,3.75,10.0,10.0,10,100.0,inf,full,both,inf,180.0,0.01,0.0,0.0,256,20,3,0.5,0.1,0.99,10.0,256,20,0,128,108,5.0,3.75,24.250871692582287,60.60114764748312,0.0,0.0,0.84375,860.0
mppi_flee,flee,300.0,1800.0,0.1,0.1,5.0,3.75,10.0,20.0,10,100.0,0.5,full,both,inf,180.0,0.01,0.0,0.0,256,20,3,0.5,0.1,0.99,10.0,256,20,0,128,2,5.0,3.75,39.177842655693446,625.1090177854841,0.0,0.0,0.015625,1145.0
mppi_flee,flee,300.0,1800.0,0.1,0.1,5.0,3.75,10.0,20.0,10,100.0,2.0,full,both,inf,180.0,0.01,0.0,0.0,256,20,3,0.5,0.1,0.99,10.0,256,20,0,128,110,5.0,3.75,32.39613537014605,62.21522056324035,0.0,0.0,0.859375,840.0
mppi_flee,flee,300.0,1800.0,0.1,0.1,5.0,3.75,10.0,20.0,10,100.0,inf,full,both,inf,180.0,0.01,0.0,0.0,256,20,3,0.5,0.1,0.99,10.0,256,20,0,128,110,5.0,3.75,32.39613537014605,62.21522056324035,0.0,0.0,0.859375,840.0
mppi_flee,flee,300.0,1800.0,0.1,0.1,5.0,3.75,10.0,50.0,10,100.0,0.5,full,both,inf,180.0,0.01,0.0,0.0,256,20,3,0.5,0.1,0.99,10.0,256,20,0,128,11,5.0,3.75,41.84755557820114,585.8384362883263,0.0,0.0,0.0859375,1050.0
mppi_flee,flee,300.0,1800.0,0.1,0.1,5.0,3.75,10.0,50.0,10,100.0,2.0,full,both,inf,180.0,0.01,0.0,0.0,256,20,3,0.5,0.1,0.99,10.0,256,20,0,128,112,5.0,3.75,58.00834316438986,83.25180884649592,0.0,0.0,0.875,800.0
mppi_flee,flee,300.0,1800.0,0.1,0.1,5.0,3.75,10.0,50.0,10,100.0,inf,full,both,inf,180.0,0.01,0.0,0.0,256,20,3,0.5,0.1,0.99,10.0,256,20,0,128,112,5.0,3.75,58.00834316438986,83.25180884649592,0.0,0.0,0.875,800.0
mppi_flee,coast,300.0,1800.0,0.1,0.05,5.0,5.0,10.0,5.0,10,100.0,0.5,full,both,inf,180.0,0.01,0.0,0.0,256,20,3,0.5,0.1,0.99,10.0,256,20,0,128,128,3.84975128230526,0.0,1.0240596871068757,3.9546210552183214,0.0,0.0,1.0,485.0
mppi_flee,coast,300.0,1800.0,0.1,0.05,5.0,5.0,10.0,5.0,10,100.0,2.0,full,both,inf,180.0,0.01,0.0,0.0,256,20,3,0.5,0.1,0.99,10.0,256,20,0,128,109,2.913494503376451,0.0,1.3500075859519618,58.576787038312965,0.0,0.0,0.8515625,300.0
mppi_flee,coast,300.0,1800.0,0.1,0.05,5.0,5.0,10.0,5.0,10,100.0,inf,full,both,inf,180.0,0.01,0.0,0.0,256,20,3,0.5,0.1,0.99,10.0,256,20,0,128,128,2.495670082757213,0.0,1.3748296577013646,6.127167929775816,0.0,0.0,1.0,300.0
mppi_flee,coast,300.0,1800.0,0.1,0.05,5.0,5.0,10.0,10.0,10,100.0,0.5,full,both,inf,180.0,0.01,0.0,0.0,256,20,3,0.5,0.1,0.99,10.0,256,20,0,128,128,3.5793374501596005,0.0,1.946042981805431,7.701833159447149,0.0,0.0,1.0,385.0
mppi_flee,coast,300.0,1800.0,0.1,0.05,5.0,5.0,10.0,10.0,10,100.0,2.0,full,both,inf,180.0,0.01,0.0,0.0,256,20,3,0.5,0.1,0.99,10.0,256,20,0,128,114,2.838018272122648,0.0,2.9219422836712656,67.4023228095194,0.0,0.0,0.890625,290.0
mppi_flee,coast,300.0,1800.0,0.1,0.05,5.0,5.0,10.0,10.0,10,100.0,inf,full,both,inf,180.0,0.01,0.0,0.0,256,20,3,0.5,0.1,0.99,10.0,256,20,0,128,128,2.359437570365273,0.0,3.3820597517261657,5.503964800443544,0.0,0.0,1.0,280.0
mppi_flee,coast,300.0,1800.0,0.1,0.05,5.0,5.0,10.0,20.0,10,100.0,0.5,full,both,inf,180.0,0.01,0.0,0.0,256,20,3,0.5,0.1,0.99,10.0,256,20,0,128,128,3.047552876866769,0.0,2.2876142846906347,12.392192036705763,0.0,0.0,1.0,360.0
mppi_flee,coast,300.0,1800.0,0.1,0.05,5.0,5.0,10.0,20.0,10,100.0,2.0,full,both,inf,180.0,0.01,0.0,0.0,256,20,3,0.5,0.1,0.99,10.0,256,20,0,128,128,2.278289388324997,0.0,6.063791686226805,19.45344614700783,0.0,0.0,1.0,280.0
mppi_flee,coast,300.0,1800.0,0.1,0.05,5.0,5.0,10.0,20.0,10,100.0,inf,full,both,inf,180.0,0.01,0.0,0.0,256,20,3,0.5,0.1,0.99,10.0,256,20,0,128,128,2.260879285934839,0.0,10.217233343792373,10.217233343792373,0.0,0.0,1.0,270.0
mppi_flee,coast,300.0,1800.0,0.1,0.05,5.0,5.0,10.0,50.0,10,100.0,0.5,full,both,inf,180.0,0.01,0.0,0.0,256,20,3,0.5,0.1,0.99,10.0,256,20,0,128,128,2.757547855568488,0.0,2.922958390736929,7.066585486417063,0.0,0.0,1.0,350.0
mppi_flee,coast,300.0,1800.0,0.1,0.05,5.0,5.0,10.0,50.0,10,100.0,2.0,full,both,inf,180.0,0.01,0.0,0.0,256,20,3,0.5,0.1,0.99,10.0,256,20,0,128,128,2.125279207496876,0.0,33.73814175748113,35.17791269686357,0.0,0.0,1.0,260.0
mppi_flee,coast,300.0,1800.0,0.1,0.05,5.0,5.0,10.0,50.0,10,100.0,inf,full,both,inf,180.0,0.01,0.0,0.0,256,20,3,0.5,0.1,0.99,10.0,256,20,0,128,128,2.111652831128398,0.0,40.552019045237856,40.552019045237856,0.0,0.0,1.0,250.0
mppi_flee,coast,300.0,1800.0,0.1,0.1,5.0,2.5,10.0,5.0,10,100.0,0.5,full,both,inf,180.0,0.01,0.0,0.0,256,20,3,0.5,0.1,0.99,10.0,256,20,0,128,62,4.827016141679402,0.0,0.4441779737853602,245.6253548411692,0.0,0.0,0.484375,525.0
mppi_flee,coast,300.0,1800.0,0.1,0.1,5.0,2.5,10.0,5.0,10,100.0,2.0,full,both,inf,180.0,0.01,0.0,0.0,256,20,3,0.5,0.1,0.99,10.0,256,20,0,128,65,3.793810060899337,0.0,1.1394666140879304,209.39836875022064,0.0,0.0,0.5078125,280.0
mppi_flee,coast,300.0,1800.0,0.1,0.1,5.0,2.5,10.0,5.0,10,100.0,inf,full,both,inf,180.0,0.01,0.0,0.0,256,20,3,0.5,0.1,0.99,10.0,256,20,0,128,128,2.459846953842935,0.0,1.3114490202928355,7.7722094773095005,0.0,0.0,1.0,280.0
mppi_flee,coast,300.0,1800.0,0.1,0.1,5.0,2.5,10.0,10.0,10,100.0,0.5,full,both,inf,180.0,0.01,0.0,0.0,256,20,3,0.5,0.1,0.99,10.0,256,20,0,128,111,4.739715299594228,0.0,0.4740139780352975,117.74971592623672,0.0,0.0,0.8671875,540.0
mppi_flee,coast,300.0,1800.0,0.1,0.1,5.0,2.5,10.0,10.0,10,100.0,2.0,full,both,inf,180.0,0.01,0.0,0.0,256,20,3,0.5,0.1,0.99,10.0,256,20,0,128,66,4.05084276890237,0.0,2.154162884050198,208.28330267598736,0.0,0.0,0.515625,280.0
mppi_flee,coast,300.0,1800.0,0.1,0.1,5.0,2.5,10.0,10.0,10,100.0,inf,full,both,inf,180.0,0.01,0.0,0.0,256,20,3,0.5,0.1,0.99,10.0,256,20,0,128,128,2.3841605133769868,0.0,3.763910724484973,6.29720861712156,0.0,0.0,1.0,270.0
mppi_flee,coast,300.0,1800.0,0.1,0.1,5.0,2.5,10.0,20.0,10,100.0,0.5,full,both,inf,180.0,0.01,0.0,0.0,256,20,3,0.5,0.1,0.99,10.0,256,20,0,128,124,4.628125255968218,0.0,0.6995406580685931,32.53087478467367,0.0,0.0,0.96875,540.0
mppi_flee,coast,300.0,1800.0,0.1,0.1,5.0,2.5,10.0,20.0,10,100.0,2.0,full,both,inf,180.0,0.01,0.0,0.0,256,20,3,0.5,0.1,0.99,10.0,256,20,0,128,115,3.1378345034398247,0.0,4.14057892850868,52.56093062123456,0.0,0.0,0.8984375,280.0
mppi_flee,coast,300.0,1800.0,0.1,0.1,5.0,2.5,10.0,20.0,10,100.0,inf,full,both,inf,180.0,0.01,0.0,0.0,256,20,3,0.5,0.1,0.99,10.0,256,20,0,128,128,2.333201216110313,0.0,10.558707821973412,10.563468385286203,0.0,0.0,1.0,270.0
mppi_flee,coast,300.0,1800.0,0.1,0.1,5.0,2.5,10.0,50.0,10,100.0,0.5,full,both,inf,180.0,0.01,0.0,0.0,256,20,3,0.5,0.1,0.99,10.0,256,20,0,128,128,3.047918714727591,0.0,2.375471131028212,35.54780198186631,0.0,0.0,1.0,350.0
mppi_flee,coast,300.0,1800.0,0.1,0.1,5.0,2.5,10.0,50.0,10,100.0,2.0,full,both,inf,180.0,0.01,0.0,0.0,256,20,3,0.5,0.1,0.99,10.0,256,20,0,128,128,2.311199239274907,0.0,27.55381995056975,37.76431341981511,0.0,0.0,1.0,260.0
mppi_flee,coast,300.0,1800.0,0.1,0.1,5.0,2.5,10.0,50.0,10,100.0,inf,full,both,inf,180.0,0.01,0.0,0.0,256,20,3,0.5,0.1,0.99,10.0,256,20,0,128,128,2.2007902755996125,0.0,41.11110892974962,41.11110892974962,0.0,0.0,1.0,250.0
mppi_flee,coast,300.0,1800.0,0.1,0.1,5.0,3.75,10.0,5.0,10,100.0,0.5,full,both,inf,180.0,0.01,0.0,0.0,256,20,3,0.5,0.1,0.99,10.0,256,20,0,128,70,4.808619877261325,0.0,0.3841036201073868,229.34803935277216,0.0,0.0,0.546875,520.0
mppi_flee,coast,300.0,1800.0,0.1,0.1,5.0,3.75,10.0,5.0,10,100.0,2.0,full,both,inf,180.0,0.01,0.0,0.0,256,20,3,0.5,0.1,0.99,10.0,256,20,0,128,91,3.2741020210312666,0.0,1.3933264505018148,114.32092589625266,0.0,0.0,0.7109375,290.0
mppi_flee,coast,300.0,1800.0,0.1,0.1,5.0,3.75,10.0,5.0,10,100.0,inf,full,both,inf,180.0,0.01,0.0,0.0,256,20,3,0.5,0.1,0.99,10.0,256,20,0,128,128,2.4665889296912136,0.0,1.5015869094661527,5.60538287658905,0.0,0.0,1.0,280.0
mppi_flee,coast,300.0,1800.0,0.1,0.1,5.0,3.75,10.0,10.0,10,100.0,0.5,full,both,inf,180.0,0.01,0.0,0.0,256,20,3,0.5,0.1,0.99,10.0,256,20,0,128,106,4.765159569175326,0.0,0.5216873059589588,156.20025424428434,0.0,0.0,0.828125,540.0
mppi_flee,coast,300.0,1800.0,0.1,0.1,5.0,3.75,10.0,10.0,10,100.0,2.0,full,both,inf,180.0,0.01,0.0,0.0,256,20,3,0.5,0.1,0.99,10.0,256,20,0,128,80,3.883181774988134,0.0,2.877529817910549,152.01426791021578,0.0,0.0,0.625,280.0
mppi_flee,coast,300.0,1800.0,0.1,0.1,5.0,3.75,10.0,10.0,10,100.0,inf,full,both,inf,180.0,0.01,0.0,0.0,256,20,3,0.5,0.1,0.99,10.0,256,20,0,128,128,2.413590345493718,0.0,4.194398587360882,6.561877925535438,0.0,0.0,1.0,270.0
mppi_flee,coast,300.0,1800.0,0.1,0.1,5.0,3.75,10.0,20.0,10,100.0,0.5,full,both,inf,180.0,0.01,0.0,0.0,256,20,3,0.5,0.1,0.99,10.0,256,20,0,128,125,4.628690874319563,0.0,0.6667686102341805,29.19659573191972,0.0,0.0,0.9765625,540.0
mppi_flee,coast,300.0,1800.0,0.1,0.1,5.0,3.75,10.0,20.0,10,100.0,2.0,full,both,inf,180.0,0.01,0.0,0.0,256,20,3,0.5,0.1,0.99,10.0,256,20,0,128,114,3.123431220659504,0.0,3.5658168554421232,68.76996072265986,0.0,0.0,0.890625,280.0
mppi_flee,coast,300.0,1800.0,0.1,0.1,5.0,3.75,10.0,20.0,10,100.0,inf,full,both,inf,180.0,0.01,0.0,0.0,256,20,3,0.5,0.1,0.99,10.0,256,20,0,128,128,2.331366362492852,0.0,10.091645450115236,10.101881974786496,0.0,0.0,1.0,265.0
mppi_flee,coast,300.0,1800.0,0.1,0.1,5.0,3.75,10.0,50.0,10,100.0,0.5,full,both,inf,180.0,0.01,0.0,0.0,256,20,3,0.5,0.1,0.99,10.0,256,20,0,128,128,3.0491604220710093,0.0,2.161706159886027,34.94324159236431,0.0,0.0,1.0,350.0
mppi_flee,coast,300.0,1800.0,0.1,0.1,5.0,3.75,10.0,50.0,10,100.0,2.0,full,both,inf,180.0,0.01,0.0,0.0,256,20,3,0.5,0.1,0.99,10.0,256,20,0,128,128,2.2461847472205223,0.0,29.311518052466937,38.497267333955165,0.0,0.0,1.0,260.0
mppi_flee,coast,300.0,1800.0,0.1,0.1,5.0,3.75,10.0,50.0,10,100.0,inf,full,both,inf,180.0,0.01,0.0,0.0,256,20,3,0.5,0.1,0.99,10.0,256,20,0,128,128,2.183309230809118,0.0,40.5437823374699,40.5437823374699,0.0,0.0,1.0,250.0
mppi_flee,mppi_lqr,300.0,1800.0,0.1,0.05,5.0,5.0,10.0,5.0,10,100.0,0.5,full,both,inf,180.0,0.01,0.0,0.0,256,20,3,0.5,0.1,0.99,10.0,256,20,0,128,3,4.997428633308511,4.944535489712729,12.224911719542858,2985.5175375351773,0.0,0.0,0.0234375,550.0
mppi_flee,mppi_lqr,300.0,1800.0,0.1,0.05,5.0,5.0,10.0,5.0,10,100.0,2.0,full,both,inf,180.0,0.01,0.0,0.0,256,20,3,0.5,0.1,0.99,10.0,256,20,0,128,99,4.152681208961479,2.7196413832866275,6.873592784233631,754.7239688387358,0.0,0.0,0.7734375,440.0
mppi_flee,mppi_lqr,300.0,1800.0,0.1,0.05,5.0,5.0,10.0,5.0,10,100.0,inf,full,both,inf,180.0,0.01,0.0,0.0,256,20,3,0.5,0.1,0.99,10.0,256,20,0,128,99,4.152681208961479,2.7196413832866275,6.873592784233631,754.7239688387358,0.0,0.0,0.7734375,440.0
mppi_flee,mppi_lqr,300.0,1800.0,0.1,0.05,5.0,5.0,10.0,10.0,10,100.0,0.5,full,both,inf,180.0,0.01,0.0,0.0,256,20,3,0.5,0.1,0.99,10.0,256,20,0,128,5,4.975298323179942,4.895922173758605,9.04246285358306,3110.6089853395088,0.0,0.0,0.0390625,520.0
mppi_flee,mppi_lqr,300.0,1800.0,0.1,0.05,5.0,5.0,10.0,10.0,10,100.0,2.0,full,both,inf,180.0,0.01,0.0,0.0,256,20,3,0.5,0.1,0.99,10.0,256,20,0,128,126,3.5643019254702586,1.8510218706206032,6.943365974943636,64.04241489162375,0.0,0.0,0.984375,410.0
mppi_flee,mppi_lqr,300.0,1800.0,0.1,0.05,5.0,5.0,10.0,10.0,10,100.0,inf,full,both,inf,180.0,0.01,0.0,0.0,256,20,3,0.5,0.1,0.99,10.0,256,20,0,128,126,3.5643019254702586,1.8510218706206032,6.943365974943636,64.04241489162375,0.0,0.0,0.984375,410.0
mppi_flee,mppi_lqr,300.0,1800.0,0.1,0.05,5.0,5.0,10.0,20.0,10,100.0,0.5,full,both,inf,180.0,0.01,0.0,0.0,256,20,3,0.5,0.1,0.99,10.0,256,20,0,128,52,4.484717953545024,3.6991325838377738,9.90921576197789,1912.6567300515892,0.0,0.0,0.40625,450.0
mppi_flee,mppi_lqr,300.0,1800.0,0.1,0.05,5.0,5.0,10.0,20.0,10,100.0,2.0,full,both,inf,180.0,0.01,0.0,0.0,256,20,3,0.5,0.1,0.99,10.0,256,20,0,128,128,3.1433471211035524,1.4836875812106494,14.202546235516747,14.202546235516747,0.0,0.0,1.0,370.0
mppi_flee,mppi_lqr,300.0,1800.0,0.1,0.05,5.0,5.0,10.0,20.0,10,100.0,inf,full,both,inf,180.0,0.01,0.0,0.0,256,20,3,0.5,0.1,0.99,10.0,256,20,0,128,128,3.1433471211035524,1.4836875812106494,14.202546235516747,14.202546235516747,0.0,0.0,1.0,370.0
mppi_flee,mppi_lqr,300.0,1800.0,0.1,0.05,5.0,5.0,10.0,50.0,10,100.0,0.5,full,both,inf,180.0,0.01,0.0,0.0,256,20,3,0.5,0.1,0.99,10.0,256,20,0,128,128,3.848784270189426,2.2531406245892884,17.27080316692291,19.10219084527477,0.0,0.0,1.0,480.0
mppi_flee,mppi_lqr,300.0,1800.0,0.1,0.05,5.0,5.0,10.0,50.0,10,100.0,2.0,full,both,inf,180.0,0.01,0.0,0.0,256,20,3,0.5,0.1,0.99,10.0,256,20,0,128,128,3.10776867894443,1.7570444128125309,45.36167445914801,45.36167445914801,0.0,0.0,1.0,370.0
mppi_flee,mppi_lqr,300.0,1800.0,0.1,0.05,5.0,5.0,10.0,50.0,10,100.0,inf,full,both,inf,180.0,0.01,0.0,0.0,256,20,3,0.5,0.1,0.99,10.0,256,20,0,128,128,3.10776867894443,1.7570444128125309,45.36167445914801,45.36167445914801,0.0,0.0,1.0,370.0
mppi_flee,mppi_lqr,300.0,1800.0,0.1,0.1,5.0,2.5,10.0,5.0,10,100.0,0.5,full,both,inf,180.0,0.01,0.0,0.0,256,20,3,0.5,0.1,0.99,10.0,256,20,0,128,119,5.0,2.5,3.115905711149813,35.25357356687284,0.0,0.0,0.9296875,840.0
mppi_flee,mppi_lqr,300.0,1800.0,0.1,0.1,5.0,2.5,10.0,5.0,10,100.0,2.0,full,both,inf,180.0,0.01,0.0,0.0,256,20,3,0.5,0.1,0.99,10.0,256,20,0,128,128,4.989630933073106,2.5,1.493772272490448,4.710146872167662,0.0,0.0,1.0,620.0
mppi_flee,mppi_lqr,300.0,1800.0,0.1,0.1,5.0,2.5,10.0,5.0,10,100.0,inf,full,both,inf,180.0,0.01,0.0,0.0,256,20,3,0.5,0.1,0.99,10.0,256,20,0,128,128,4.989622887929633,2.5,1.5097997878977445,4.7385525437502185,0.0,0.0,1.0,620.0
mppi_flee,mppi_lqr,300.0,1800.0,0.1,0.1,5.0,2.5,10.0,10.0,10,100.0,0.5,full,both,inf,180.0,0.01,0.0,0.0,256,20,3,0.5,0.1,0.99,10.0,256,20,0,128,123,5.0,2.5,7.771767149122902,26.65515966987545,0.0,0.0,0.9609375,850.0
mppi_flee,mppi_lqr,300.0,1800.0,0.1,0.1,5.0,2.5,10.0,10.0,10,100.0,2.0,full,both,inf,180.0,0.01,0.0,0.0,256,20,3,0.5,0.1,0.99,10.0,256,20,0,128,128,4.969700962885697,2.5,3.4823490914579267,4.483765224186458,0.0,0.0,1.0,600.0
mppi_flee,mppi_lqr,300.0,1800.0,0.1,0.1,5.0,2.5,10.0,10.0,10,100.0,inf,full,both,inf,180.0,0.01,0.0,0.0,256,20,3,0.5,0.1,0.99,10.0,256,20,0,128,128,4.9746335032334015,2.5,3.587084343996672,4.549791247442785,0.0,0.0,1.0,600.0
mppi_flee,mppi_lqr,300.0,1800.0,0.1,0.1,5.0,2.5,10.0,20.0,10,100.0,0.5,full,both,inf,180.0,0.01,0.0,0.0,256,20,3,0.5,0.1,0.99,10.0,256,20,0,128,122,4.998326501282671,2.5,17.994561577299574,41.79459527873614,0.0,0.0,0.953125,840.0
mppi_flee,mppi_lqr,300.0,1800.0,0.1,0.1,5.0,2.5,10.0,20.0,10,100.0,2.0,full,both,inf,180.0,0.01,0.0,0.0,256,20,3,0.5,0.1,0.99,10.0,256,20,0,128,126,4.91175555213591,2.5,11.65567768555178,50.9973050528728,0.0,0.0,0.984375,600.0
mppi_flee,mppi_lqr,300.0,1800.0,0.1,0.1,5.0,2.5,10.0,20.0,10,100.0,inf,full,both,inf,180.0,0.01,0.0,0.0,256,20,3,0.5,0.1,0.99,10.0,256,20,0,128,128,4.924510280252866,2.4939423607099145,10.873000278333626,10.87785071846572,0.0,0.0,1.0,600.0
mppi_flee,mppi_lqr,300.0,1800.0,0.1,0.1,5.0,2.5,10.0,50.0,10,100.0,0.5,full,both,inf,180.0,0.01,0.0,0.0,256,20,3,0.5,0.1,0.99,10.0,256,20,0,128,122,4.989388266373336,2.5,44.30431484456915,69.78628355353005,0.0,0.0,0.953125,790.0
mppi_flee,mppi_lqr,300.0,1800.0,0.1,0.1,5.0,2.5,10.0,50.0,10,100.0,2.0,full,both,inf,180.0,0.01,0.0,0.0,256,20,3,0.5,0.1,0.99,10.0,256,20,0,128,128,4.809350860942341,2.5,41.58036836273273,41.58036836273272,0.0,0.0,1.0,580.0
mppi_flee,mppi_lqr,300.0,1800.0,0.1,0.1,5.0,2.5,10.0,50.0,10,100.0,inf,full,both,inf,180.0,0.01,0.0,0.0,256,20,3,0.5,0.1,0.99,10.0,256,20,0,128,128,4.878614210482622,2.5,40.4886176907652,40.48861769076519,0.0,0.0,1.0,580.0
mppi_flee,mppi_lqr,300.0,1800.0,0.1,0.1,5.0,3.75,10.0,5.0,10,100.0,0.5,full,both,inf,180.0,0.01,0.0,0.0,256,20,3,0.5,0.1,0.99,10.0,256,20,0,128,6,5.0,3.75,153.8664669733124,735.9210938250718,0.0,0.0,0.046875,1000.0
mppi_flee,mppi_lqr,300.0,1800.0,0.1,0.1,5.0,3.75,10.0,5.0,10,100.0,2.0,full,both,inf,180.0,0.01,0.0,0.0,256,20,3,0.5,0.1,0.99,10.0,256,20,0,128,30,5.0,3.75,152.20561378292027,626.6340049837773,0.0,0.0,0.234375,935.0
mppi_flee,mppi_lqr,300.0,1800.0,0.1,0.1,5.0,3.75,10.0,5.0,10,100.0,inf,full,both,inf,180.0,0.01,0.0,0.0,256,20,3,0.5,0.1,0.99,10.0,256,20,0,128,30,5.0,3.75,152.20561378292027,626.6340049837773,0.0,0.0,0.234375,935.0
mppi_flee,mppi_lqr,300.0,1800.0,0.1,0.1,5.0,3.75,10.0,10.0,10,100.0,0.5,full,both,inf,180.0,0.01,0.0,0.0,256,20,3,0.5,0.1,0.99,10.0,256,20,0,128,8,5.0,3.75,162.26678157640808,736.5875285968441,0.0,0.0,0.0625,1030.0
mppi_flee,mppi_lqr,300.0,1800.0,0.1,0.1,5.0,3.75,10.0,10.0,10,100.0,2.0,full,both,inf,180.0,0.01,0.0,0.0,256,20,3,0.5,0.1,0.99,10.0,256,20,0,128,23,5.0,3.75,164.1397605053913,672.2825566076598,0.0,0.0,0.1796875,920.0
mppi_flee,mppi_lqr,300.0,1800.0,0.1,0.1,5.0,3.75,10.0,10.0,10,100.0,inf,full,both,inf,180.0,0.01,0.0,0.0,256,20,3,0.5,0.1,0.99,10.0,256,20,0,128,23,5.0,3.75,164.1397605053913,672.2825566076598,0.0,0.0,0.1796875,920.0
mppi_flee,mppi_lqr,300.0,1800.0,0.1,0.1,5.0,3.75,10.0,20.0,10,100.0,0.5,full,both,inf,180.0,0.01,0.0,0.0,256,20,3,0.5,0.1,0.99,10.0,256,20,0,128,18,5.0,3.75,171.01558918508294,693.2837262680091,0.0,0.0,0.140625,1020.0
mppi_flee,mppi_lqr,300.0,1800.0,0.1,0.1,5.0,3.75,10.0,20.0,10,100.0,2.0,full,both,inf,180.0,0.01,0.0,0.0,256,20,3,0.5,0.1,0.99,10.0,256,20,0,128,27,5.0,3.75,175.72058106747232,672.0221986572549,0.0,0.0,0.2109375,870.0
mppi_flee,mppi_lqr,300.0,1800.0,0.1,0.1,5.0,3.75,10.0,20.0,10,100.0,inf,full,both,inf,180.0,0.01,0.0,0.0,256,20,3,0.5,0.1,0.99,10.0,256,20,0,128,27,5.0,3.75,175.72058106747232,672.0221986572549,0.0,0.0,0.2109375,870.0
mppi_flee,mppi_lqr,300.0,1800.0,0.1,0.1,5.0,3.75,10.0,50.0,10,100.0,0.5,full,both,inf,180.0,0.01,0.0,0.0,256,20,3,0.5,0.1,0.99,10.0,256,20,0,128,27,5.0,3.75,181.7095610065695,703.810003699896,0.0,0.0,0.2109375,980.0
mppi_flee,mppi_lqr,300.0,1800.0,0.1,0.1,5.0,3.75,10.0,50.0,10,100.0,2.0,full,both,inf,180.0,0.01,0.0,0.0,256,20,3,0.5,0.1,0.99,10.0,256,20,0,128,31,5.0,3.75,190.9417179187546,718.9002429856669,0.0,0.0,0.2421875,820.0
mppi_flee,mppi_lqr,300.0,1800.0,0.1,0.1,5.0,3.75,10.0,50.0,10,100.0,inf,full,both,inf,180.0,0.01,0.0,0.0,256,20,3,0.5,0.1,0.99,10.0,256,20,0,128,31,5.0,3.75,190.9417179187546,718.9002429856669,0.0,0.0,0.2421875,820.0
mppi_flee,random,300.0,1800.0,0.1,0.05,5.0,5.0,10.0,5.0,10,100.0,0.5,full,both,inf,180.0,0.01,0.0,0.0,256,20,3,0.5,0.1,0.99,10.0,256,20,0,128,126,3.887598881754814,1.7709632404079751,1.6218522892282567,16.90863832261235,0.0,0.0,0.984375,485.0
mppi_flee,random,300.0,1800.0,0.1,0.05,5.0,5.0,10.0,5.0,10,100.0,2.0,full,both,inf,180.0,0.01,0.0,0.0,256,20,3,0.5,0.1,0.99,10.0,256,20,0,128,125,2.5806955027332505,1.232087328181923,2.0185114905032453,21.836265669873416,0.0,0.0,0.9765625,300.0
mppi_flee,random,300.0,1800.0,0.1,0.05,5.0,5.0,10.0,5.0,10,100.0,inf,full,both,inf,180.0,0.01,0.0,0.0,256,20,3,0.5,0.1,0.99,10.0,256,20,0,128,128,2.5217140171600514,1.1396182301037194,2.026033497386412,5.619211168929309,0.0,0.0,1.0,300.0
mppi_flee,random,300.0,1800.0,0.1,0.05,5.0,5.0,10.0,10.0,10,100.0,0.5,full,both,inf,180.0,0.01,0.0,0.0,256,20,3,0.5,0.1,0.99,10.0,256,20,0,128,128,3.687297440027564,1.629217715383379,2.7475674136268853,7.325660214545007,0.0,0.0,1.0,405.0
mppi_flee,random,300.0,1800.0,0.1,0.05,5.0,5.0,10.0,10.0,10,100.0,2.0,full,both,inf,180.0,0.01,0.0,0.0,256,20,3,0.5,0.1,0.99,10.0,256,20,0,128,119,2.6206895357673186,1.3900168520131295,3.750986129424976,61.02718821989277,0.0,0.0,0.9296875,290.0
mppi_flee,random,300.0,1800.0,0.1,0.05,5.0,5.0,10.0,10.0,10,100.0,inf,full,both,inf,180.0,0.01,0.0,0.0,256,20,3,0.5,0.1,0.99,10.0,256,20,0,128,128,2.3947474471869805,1.079721661664018,3.809699830692588,5.437571091337597,0.0,0.0,1.0,290.0
mppi_flee,random,300.0,1800.0,0.1,0.05,5.0,5.0,10.0,20.0,10,100.0,0.5,full,both,inf,180.0,0.01,0.0,0.0,256,20,3,0.5,0.1,0.99,10.0,256,20,0,128,128,3.205227115252032,1.43306240357479,3.7278234339123153,12.44158436833508,0.0,0.0,1.0,370.0
mppi_flee,random,300.0,1800.0,0.1,0.05,5.0,5.0,10.0,20.0,10,100.0,2.0,full,both,inf,180.0,0.01,0.0,0.0,256,20,3,0.5,0.1,0.99,10.0,256,20,0,128,126,2.3431528396911525,1.138119511561958,8.877510963155158,18.99611900302135,0.0,0.0,0.984375,280.0
mppi_flee,random,300.0,1800.0,0.1,0.05,5.0,5.0,10.0,20.0,10,100.0,inf,full,both,inf,180.0,0.01,0.0,0.0,256,20,3,0.5,0.1,0.99,10.0,256,20,0,128,128,2.283346585745249,1.0376055045795238,10.99894601637156,11.003092110426778,0.0,0.0,1.0,280.0
mppi_flee,random,300.0,1800.0,0.1,0.05,5.0,5.0,10.0,50.0,10,100.0,0.5,full,both,inf,180.0,0.01,0.0,0.0,256,20,3,0.5,0.1,0.99,10.0,256,20,0,128,128,2.8013698165584247,1.3294348205612123,5.260558552988544,10.00559497005071,0.0,0.0,1.0,350.0
mppi_flee,random,300.0,1800.0,0.1,0.05,5.0,5.0,10.0,50.0,10,100.0,2.0,full,both,inf,180.0,0.01,0.0,0.0,256,20,3,0.5,0.1,0.99,10.0,256,20,0,128,128,2.1372310589131285,0.9874394491646108,34.056346941805195,35.82317387108955,0.0,0.0,1.0,260.0
mppi_flee,random,300.0,1800.0,0.1,0.05,5.0,5.0,10.0,50.0,10,100.0,inf,full,both,inf,180.0,0.01,0.0,0.0,256,20,3,0.5,0.1,0.99,10.0,256,20,0,128,128,2.120815060793642,0.9684067708883288,40.48004532088533,40.48004532088533,0.0,0.0,1.0,260.0
mppi_flee,random,300.0,1800.0,0.1,0.1,5.0,2.5,10.0,5.0,10,100.0,0.5,full,both,inf,180.0,0.01,0.0,0.0,256,20,3,0.5,0.1,0.99,10.0,256,20,0,128,128,4.824198724936019,2.5,2.738032176979569,3.151466179696044,0.0,0.0,1.0,610.0
mppi_flee,random,300.0,1800.0,0.1,0.1,5.0,2.5,10.0,5.0,10,100.0,2.0,full,both,inf,180.0,0.01,0.0,0.0,256,20,3,0.5,0.1,0.99,10.0,256,20,0,128,119,3.3729176901083626,2.2896642156869484,2.393177074328581,21.07786656365237,0.0,0.0,0.9296875,300.0
mppi_flee,random,300.0,1800.0,0.1,0.1,5.0,2.5,10.0,5.0,10,100.0,inf,full,both,inf,180.0,0.01,0.0,0.0,256,20,3,0.5,0.1,0.99,10.0,256,20,0,128,128,2.8175862097766897,2.193423758435175,2.5187936969988862,6.324456252008029,0.0,0.0,1.0,290.0
mppi_flee,random,300.0,1800.0,0.1,0.1,5.0,2.5,10.0,10.0,10,100.0,0.5,full,both,inf,180.0,0.01,0.0,0.0,256,20,3,0.5,0.1,0.99,10.0,256,20,0,128,128,4.692433304987802,2.5,4.802930228546475,8.269865889406626,0.0,0.0,1.0,580.0
mppi_flee,random,300.0,1800.0,0.1,0.1,5.0,2.5,10.0,10.0,10,100.0,2.0,full,both,inf,180.0,0.01,0.0,0.0,256,20,3,0.5,0.1,0.99,10.0,256,20,0,128,118,3.0842756880855893,2.243239679750905,4.99415431936872,21.88769048484485,0.0,0.0,0.921875,290.0
mppi_flee,random,300.0,1800.0,0.1,0.1,5.0,2.5,10.0,10.0,10,100.0,inf,full,both,inf,180.0,0.01,0.0,0.0,256,20,3,0.5,0.1,0.99,10.0,256,20,0,128,128,2.524730199067299,2.133794497318984,5.329249486232346,6.694172150391633,0.0,0.0,1.0,280.0
mppi_flee,random,300.0,1800.0,0.1,0.1,5.0,2.5,10.0,20.0,10,100.0,0.5,full,both,inf,180.0,0.01,0.0,0.0,256,20,3,0.5,0.1,0.99,10.0,256,20,0,128,128,4.45451259755964,2.4994913918376813,6.004053593648639,18.283745662427314,0.0,0.0,1.0,550.0
mppi_flee,random,300.0,1800.0,0.1,0.1,5.0,2.5,10.0,20.0,10,100.0,2.0,full,both,inf,180.0,0.01,0.0,0.0,256,20,3,0.5,0.1,0.99,10.0,256,20,0,128,119,3.088613978020085,2.232104993777101,9.72786858284285,28.33175409563577,0.0,0.0,0.9296875,290.0
mppi_flee,random,300.0,1800.0,0.1,0.1,5.0,2.5,10.0,20.0,10,100.0,inf,full,both,inf,180.0,0.01,0.0,0.0,256,20,3,0.5,0.1,0.99,10.0,256,20,0,128,128,2.4008486483039952,2.0833812590286125,11.692093283679686,11.71664891852284,0.0,0.0,1.0,270.0
mppi_flee,random,300.0,1800.0,0.1,0.1,5.0,2.5,10.0,50.0,10,100.0,0.5,full,both,inf,180.0,0.01,0.0,0.0,256,20,3,0.5,0.1,0.99,10.0,256,20,0,128,128,3.4362996836148336,2.497127383351937,8.013554420474126,42.47490199116648,0.0,0.0,1.0,380.0
mppi_flee,random,300.0,1800.0,0.1,0.1,5.0,2.5,10.0,50.0,10,100.0,2.0,full,both,inf,180.0,0.01,0.0,0.0,256,20,3,0.5,0.1,0.99,10.0,256,20,0,128,127,2.3832708586656484,2.038325297691061,30.91844896868201,39.34702890869532,0.0,0.0,0.9921875,270.0
mppi_flee,random,300.0,1800.0,0.1,0.1,5.0,2.5,10.0,50.0,10,100.0,inf,full,both,inf,180.0,0.01,0.0,0.0,256,20,3,0.5,0.1,0.99,10.0,256,20,0,128,128,2.2173631965456413,1.935913336303961,40.89901252576503,40.89901252576503,0.0,0.0,1.0,250.0
mppi_flee,random,300.0,1800.0,0.1,0.1,5.0,3.75,10.0,5.0,10,100.0,0.5,full,both,inf,180.0,0.01,0.0,0.0,256,20,3,0.5,0.1,0.99,10.0,256,20,0,128,115,4.833342718561108,3.7212828403806446,2.5197574508458223,40.40155827661498,0.0,0.0,0.8984375,570.0
mppi_flee,random,300.0,1800.0,0.1,0.1,5.0,3.75,10.0,5.0,10,100.0,2.0,full,both,inf,180.0,0.01,0.0,0.0,256,20,3,0.5,0.1,0.99,10.0,256,20,0,128,117,3.251566600481515,2.653797390608446,2.5558999800801057,30.192314143493665,0.0,0.0,0.9140625,300.0
mppi_flee,random,300.0,1800.0,0.1,0.1,5.0,3.75,10.0,5.0,10,100.0,inf,full,both,inf,180.0,0.01,0.0,0.0,256,20,3,0.5,0.1,0.99,10.0,256,20,0,128,128,2.889488137326292,2.4204803553590235,2.607434289807758,6.071877139461724,0.0,0.0,1.0,290.0
mppi_flee,random,300.0,1800.0,0.1,0.1,5.0,3.75,10.0,10.0,10,100.0,0.5,full,both,inf,180.0,0.01,0.0,0.0,256,20,3,0.5,0.1,0.99,10.0,256,20,0,128,123,4.765391110675253,3.7105819961106703,4.377155389796681,24.750977155448265,0.0,0.0,0.9609375,560.0
mppi_flee,random,300.0,1800.0,0.1,0.1,5.0,3.75,10.0,10.0,10,100.0,2.0,full,both,inf,180.0,0.01,0.0,0.0,256,20,3,0.5,0.1,0.99,10.0,256,20,0,128,108,3.3201769447928564,2.673805720915203,5.216095358875652,56.83056147860956,0.0,0.0,0.84375,290.0
mppi_flee,random,300.0,1800.0,0.1,0.1,5.0,3.75,10.0,10.0,10,100.0,inf,full,both,inf,180.0,0.01,0.0,0.0,256,20,3,0.5,0.1,0.99,10.0,256,20,0,128,128,2.511710243409837,2.141508013055621,5.5667378195810455,7.526098236290737,0.0,0.0,1.0,280.0
mppi_flee,random,300.0,1800.0,0.1,0.1,5.0,3.75,10.0,20.0,10,100.0,0.5,full,both,inf,180.0,0.01,0.0,0.0,256,20,3,0.5,0.1,0.99,10.0,256,20,0,128,126,4.557427895567827,3.6511251586609137,5.132887619541934,25.52972726156333,0.0,0.0,0.984375,530.0
mppi_flee,random,300.0,1800.0,0.1,0.1,5.0,3.75,10.0,20.0,10,100.0,2.0,full,both,inf,180.0,0.01,0.0,0.0,256,20,3,0.5,0.1,0.99,10.0,256,20,0,128,114,3.0990584254778755,2.5360170181607744,9.587350998521412,43.51260964632143,0.0,0.0,0.890625,285.0
mppi_flee,random,300.0,1800.0,0.1,0.1,5.0,3.75,10.0,20.0,10,100.0,inf,full,both,inf,180.0,0.01,0.0,0.0,256,20,3,0.5,0.1,0.99,10.0,256,20,0,128,128,2.387570140248051,2.0489244121948214,12.054688606570242,12.074545556754815,0.0,0.0,1.0,270.0
mppi_flee,random,300.0,1800.0,0.1,0.1,5.0,3.75,10.0,50.0,10,100.0,0.5,full,both,inf,180.0,0.01,0.0,0.0,256,20,3,0.5,0.1,0.99,10.0,256,20,0,128,128,3.469432277871835,2.9544904940440686,6.100670438958668,35.68729939589643,0.0,0.0,1.0,370.0
mppi_flee,random,300.0,1800.0,0.1,0.1,5.0,3.75,10.0,50.0,10,100.0,2.0,full,both,inf,180.0,0.01,0.0,0.0,256,20,3,0.5,0.1,0.99,10.0,256,20,0,128,127,2.3635403802291277,2.043595645362463,31.3551675428546,41.97051594113059,0.0,0.0,0.9921875,260.0
mppi_flee,random,300.0,1800.0,0.1,0.1,5.0,3.75,10.0,50.0,10,100.0,inf,full,both,inf,180.0,0.01,0.0,0.0,256,20,3,0.5,0.1,0.99,10.0,256,20,0,128,128,2.2386297238755057,1.922579318654335,40.35065738113292,40.35065738113292,0.0,0.0,1.0,250.0
mppi_coast,flee,300.0,1800.0,0.1,0.05,5.0,5.0,10.0,5.0,10,100.0,0.5,full,both,inf,180.0,0.01,0.0,0.0,256,20,3,0.5,0.1,0.99,10.0,256,20,0,128,33,4.923744796976371,4.499609375,35.36144746764087,1379.0840205000036,0.0,0.0,0.2578125,610.0
mppi_coast,flee,300.0,1800.0,0.1,0.05,5.0,5.0,10.0,5.0,10,100.0,2.0,full,both,inf,180.0,0.01,0.0,0.0,256,20,3,0.5,0.1,0.99,10.0,256,20,0,128,111,4.495324141494303,2.9867187499999988,9.850434037231697,219.85057245176384,0.0,0.0,0.8671875,540.0
mppi_coast,flee,300.0,1800.0,0.1,0.05,5.0,5.0,10.0,5.0,10,100.0,inf,full,both,inf,180.0,0.01,0.0,0.0,256,20,3,0.5,0.1,0.99,10.0,256,20,0,128,111,4.495324141494303,2.9867187499999988,9.850434037231697,219.85057245176384,0.0,0.0,0.8671875,540.0
mppi_coast,flee,300.0,1800.0,0.1,0.05,5.0,5.0,10.0,10.0,10,100.0,0.5,full,both,inf,180.0,0.01,0.0,0.0,256,20,3,0.5,0.1,0.99,10.0,256,20,0,128,46,4.81333881650273,4.285937499999999,47.643619050666366,1183.6430325894523,0.0,0.0,0.359375,600.0
mppi_coast,flee,300.0,1800.0,0.1,0.05,5.0,5.0,10.0,10.0,10,100.0,2.0,full,both,inf,180.0,0.01,0.0,0.0,256,20,3,0.5,0.1,0.99,10.0,256,20,0,128,124,4.197987101782791,2.638281249999999,7.265426290358144,49.13087828436696,0.0,0.0,0.96875,500.0
mppi_coast,flee,300.0,1800.0,0.1,0.05,5.0,5.0,10.0,10.0,10,100.0,inf,full,both,inf,180.0,0.01,0.0,0.0,256,20,3,0.5,0.1,0.99,10.0,256,20,0,128,124,4.191624962241623,2.634765624999999,7.285741791944422,49.15322679936162,0.0,0.0,0.96875,500.0
mppi_coast,flee,300.0,1800.0,0.1,0.05,5.0,5.0,10.0,20.0,10,100.0,0.5,full,both,inf,180.0,0.01,0.0,0.0,256,20,3,0.5,0.1,0.99,10.0,256,20,0,128,79,4.515004625752484,3.7367187499999983,46.34000646276936,707.2890730700271,0.0,0.0,0.6171875,590.0
mppi_coast,flee,300.0,1800.0,0.1,0.05,5.0,5.0,10.0,20.0,10,100.0,2.0,full,both,inf,180.0,0.01,0.0,0.0,256,20,3,0.5,0.1,0.99,10.0,256,20,0,128,128,3.67333818426232,2.34765625,14.033318213630045,14.033318213630054,0.0,0.0,1.0,460.0
mppi_coast,flee,300.0,1800.0,0.1,0.05,5.0,5.0,10.0,20.0,10,100.0,inf,full,both,inf,180.0,0.01,0.0,0.0,256,20,3,0.5,0.1,0.99,10.0,256,20,0,128,128,3.673016954103475,2.348046875,13.930377109474543,13.930377109474549,0.0,0.0,1.0,460.0
mppi_coast,flee,300.0,1800.0,0.1,0.05,5.0,5.0,10.0,50.0,10,100.0,0.5,full,both,inf,180.0,0.01,0.0,0.0,256,20,3,0.5,0.1,0.99,10.0,256,20,0,128,126,3.4263699366305707,2.620312499999999,50.14775482629166,72.4510061475758,0.0,0.0,0.984375,510.0
mppi_coast,flee,300.0,1800.0,0.1,0.05,5.0,5.0,10.0,50.0,10,100.0,2.0,full,both,inf,180.0,0.01,0.0,0.0,256,20,3,0.5,0.1,0.99,10.0,256,20,0,128,128,3.429776154415181,2.19375,43.303184827518685,43.303184827518685,0.0,0.0,1.0,430.0
mppi_coast,flee,300.0,1800.0,0.1,0.05,5.0,5.0,10.0,50.0,10,100.0,inf,full,both,inf,180.0,0.01,0.0,0.0,256,20,3,0.5,0.1,0.99,10.0,256,20,0,128,128,3.4322341077805434,2.1945312500000003,43.338403958075794,43.338403958075794,0.0,0.0,1.0,430.0
mppi_coast,flee,300.0,1800.0,0.1,0.1,5.0,2.5,10.0,5.0,10,100.0,0.5,full,both,inf,180.0,0.01,0.0,0.0,256,20,3,0.5,0.1,0.99,10.0,256,20,0,128,121,5.0,2.5,2.9565347352592117,24.614613414914235,0.0,0.0,0.9453125,900.0
mppi_coast,flee,300.0,1800.0,0.1,0.1,5.0,2.5,10.0,5.0,10,100.0,2.0,full,both,inf,180.0,0.01,0.0,0.0,256,20,3,0.5,0.1,0.99,10.0,256,20,0,128,128,4.995556408069695,2.5,1.5566301726981644,5.124961616437071,0.0,0.0,1.0,640.0
mppi_coast,flee,300.0,1800.0,0.1,0.1,5.0,2.5,10.0,5.0,10,100.0,inf,full,both,inf,180.0,0.01,0.0,0.0,256,20,3,0.5,0.1,0.99,10.0,256,20,0,128,128,4.997494314763129,2.5,1.5204112289350145,5.356272743181489,0.0,0.0,1.0,640.0
mppi_coast,flee,300.0,1800.0,0.1,0.1,5.0,2.5,10.0,10.0,10,100.0,0.5,full,both,inf,180.0,0.01,0.0,0.0,256,20,3,0.5,0.1,0.99,10.0,256,20,0,128,124,5.0,2.5,7.56601485771891,20.42997910644265,0.0,0.0,0.96875,900.0
mppi_coast,flee,300.0,1800.0,0.1,0.1,5.0,2.5,10.0,10.0,10,100.0,2.0,full,both,inf,180.0,0.01,0.0,0.0,256,20,3,0.5,0.1,0.99,10.0,256,20,0,128,128,4.992798855157513,2.5,3.657088624638118,4.823835452094822,0.0,0.0,1.0,640.0
mppi_coast,flee,300.0,1800.0,0.1,0.1,5.0,2.5,10.0,10.0,10,100.0,inf,full,both,inf,180.0,0.01,0.0,0.0,256,20,3,0.5,0.1,0.99,10.0,256,20,0,128,128,4.9983786533097465,2.5,3.3037158471154378,4.701773915964928,0.0,0.0,1.0,640.0
mppi_coast,flee,300.0,1800.0,0.1,0.1,5.0,2.5,10.0,20.0,10,100.0,0.5,full,both,inf,180.0,0.01,0.0,0.0,256,20,3,0.5,0.1,0.99,10.0,256,20,0,128,124,5.0,2.5,17.609685951214246,30.648624433888376,0.0,0.0,0.96875,900.0
mppi_coast,flee,300.0,1800.0,0.1,0.1,5.0,2.5,10.0,20.0,10,100.0,2.0,full,both,inf,180.0,0.01,0.0,0.0,256,20,3,0.5,0.1,0.99,10.0,256,20,0,128,128,4.9661759486755415,2.5,11.167578567229162,11.167578567229189,0.0,0.0,1.0,650.0
mppi_coast,flee,300.0,1800.0,0.1,0.1,5.0,2.5,10.0,20.0,10,100.0,inf,full,both,inf,180.0,0.01,0.0,0.0,256,20,3,0.5,0.1,0.99,10.0,256,20,0,128,128,4.994421987930479,2.5,10.67945862957916,10.680878117277704,0.0,0.0,1.0,650.0
mppi_coast,flee,300.0,1800.0,0.1,0.1,5.0,2.5,10.0,50.0,10,100.0,0.5,full,both,inf,180.0,0.01,0.0,0.0,256,20,3,0.5,0.1,0.99,10.0,256,20,0,128,119,5.0,2.5,44.27704055888557,76.39493752314353,0.0,0.0,0.9296875,890.0
mppi_coast,flee,300.0,1800.0,0.1,0.1,5.0,2.5,10.0,50.0,10,100.0,2.0,full,both,inf,180.0,0.01,0.0,0.0,256,20,3,0.5,0.1,0.99,10.0,256,20,0,128,128,4.615957267808292,2.5,42.21896118115226,42.21896118115225,0.0,0.0,1.0,580.0
mppi_coast,flee,300.0,1800.0,0.1,0.1,5.0,2.5,10.0,50.0,10,100.0,inf,full,both,inf,180.0,0.01,0.0,0.0,256,20,3,0.5,0.1,0.99,10.0,256,20,0,128,128,4.821422551013959,2.5,39.15903433956784,39.15903433956783,0.0,0.0,1.0,570.0
mppi_coast,flee,300.0,1800.0,0.1,0.1,5.0,3.75,10.0,5.0,10,100.0,0.5,full,both,inf,180.0,0.01,0.0,0.0,256,20,3,0.5,0.1,0.99,10.0,256,20,0,128,0,5.0,3.75,51.46910920122558,644.5307700074728,0.0,0.0,0.0,
mppi_coast,flee,300.0,1800.0,0.1,0.1,5.0,3.75,10.0,5.0,10,100.0,2.0,full,both,inf,180.0,0.01,0.0,0.0,256,20,3,0.5,0.1,0.99,10.0,256,20,0,128,93,5.0,3.75,38.66013463156495,104.88431584736163,0.0,0.0,0.7265625,920.0
mppi_coast,flee,300.0,1800.0,0.1,0.1,5.0,3.75,10.0,5.0,10,100.0,inf,full,both,inf,180.0,0.01,0.0,0.0,256,20,3,0.5,0.1,0.99,10.0,256,20,0,128,93,5.0,3.75,38.66013463156495,104.88431584736163,0.0,0.0,0.7265625,920.0
mppi_coast,flee,300.0,1800.0,0.1,0.1,5.0,3.75,10.0,10.0,10,100.0,0.5,full,both,inf,180.0,0.01,0.0,0.0,256,20,3,0.5,0.1,0.99,10.0,256,20,0,128,0,5.0,3.75,52.475739490453726,649.7056399321654,0.0,0.0,0.0,
mppi_coast,flee,300.0,1800.0,0.1,0.1,5.0,3.75,10.0,10.0,10,100.0,2.0,full,both,inf,180.0,0.01,0.0,0.0,256,20,3,0.5,0.1,0.99,10.0,256,20,0,128,84,5.0,3.75,53.94986327865625,134.23335488287245,0.0,0.0,0.65625,990.0
mppi_coast,flee,300.0,1800.0,0.1,0.1,5.0,3.75,10.0,10.0,10,100.0,inf,full,both,inf,180.0,0.01,0.0,0.0,256,20,3,0.5,0.1,0.99,10.0,256,20,0,128,84,5.0,3.75,54.14161065202437,134.63836862531488,0.0,0.0,0.65625,990.0
mppi_coast,flee,300.0,1800.0,0.1,0.1,5.0,3.75,10.0,20.0,10,100.0,0.5,full,both,inf,180.0,0.01,0.0,0.0,256,20,3,0.5,0.1,0.99,10.0,256,20,0,128,0,5.0,3.75,55.170063102372666,653.6293729186381,0.0,0.0,0.0,
mppi_coast,flee,300.0,1800.0,0.1,0.1,5.0,3.75,10.0,20.0,10,100.0,2.0,full,both,inf,180.0,0.01,0.0,0.0,256,20,3,0.5,0.1,0.99,10.0,256,20,0,128,65,5.0,3.75,96.73034917669374,265.8947302718286,0.0,0.0,0.5078125,1000.0
mppi_coast,flee,300.0,1800.0,0.1,0.1,5.0,3.75,10.0,20.0,10,100.0,inf,full,both,inf,180.0,0.01,0.0,0.0,256,20,3,0.5,0.1,0.99,10.0,256,20,0,128,64,5.0,3.75,98.24757259196502,271.98058824120363,0.0,0.0,0.5,1000.0
mppi_coast,flee,300.0,1800.0,0.1,0.1,5.0,3.75,10.0,50.0,10,100.0,0.5,full,both,inf,180.0,0.01,0.0,0.0,256,20,3,0.5,0.1,0.99,10.0,256,20,0,128,1,5.0,3.75,74.09442538842814,670.626629386712,0.0,0.0,0.0078125,1680.0
mppi_coast,flee,300.0,1800.0,0.1,0.1,5.0,3.75,10.0,50.0,10,100.0,2.0,full,both,inf,180.0,0.01,0.0,0.0,256,20,3,0.5,0.1,0.99,10.0,256,20,0,128,99,5.0,3.75,66.45455348669427,112.8601408256154,0.0,0.0,0.7734375,790.0
mppi_coast,flee,300.0,1800.0,0.1,0.1,5.0,3.75,10.0,50.0,10,100.0,inf,full,both,inf,180.0,0.01,0.0,0.0,256,20,3,0.5,0.1,0.99,10.0,256,20,0,128,101,5.0,3.75,66.35027288750413,108.31858924530503,0.0,0.0,0.7890625,790.0
mppi_coast,coast,300.0,1800.0,0.1,0.05,5.0,5.0,10.0,5.0,10,100.0,0.5,full,both,inf,180.0,0.01,0.0,0.0,256,20,3,0.5,0.1,0.99,10.0,256,20,0,128,128,3.097267269834429,0.0,3.3510580661708254,3.3510580661708254,0.0,0.0,1.0,400.0
mppi_coast,coast,300.0,1800.0,0.1,0.05,5.0,5.0,10.0,5.0,10,100.0,2.0,full,both,inf,180.0,0.01,0.0,0.0,256,20,3,0.5,0.1,0.99,10.0,256,20,0,128,128,2.4281624100679067,0.0,1.4152445528071769,5.514882625733589,0.0,0.0,1.0,300.0
mppi_coast,coast,300.0,1800.0,0.1,0.05,5.0,5.0,10.0,5.0,10,100.0,inf,full,both,inf,180.0,0.01,0.0,0.0,256,20,3,0.5,0.1,0.99,10.0,256,20,0,128,128,2.444378864303221,0.0,1.3404534206609526,5.511760158591676,0.0,0.0,1.0,300.0
mppi_coast,coast,300.0,1800.0,0.1,0.05,5.0,5.0,10.0,10.0,10,100.0,0.5,full,both,inf,180.0,0.01,0.0,0.0,256,20,3,0.5,0.1,0.99,10.0,256,20,0,128,128,2.997449925251077,0.0,8.063815742372892,8.063815742372892,0.0,0.0,1.0,390.0
mppi_coast,coast,300.0,1800.0,0.1,0.05,5.0,5.0,10.0,10.0,10,100.0,2.0,full,both,inf,180.0,0.01,0.0,0.0,256,20,3,0.5,0.1,0.99,10.0,256,20,0,128,128,2.266597244431768,0.0,3.48947434242037,5.018793480128383,0.0,0.0,1.0,290.0
mppi_coast,coast,300.0,1800.0,0.1,0.05,5.0,5.0,10.0,10.0,10,100.0,inf,full,both,inf,180.0,0.01,0.0,0.0,256,20,3,0.5,0.1,0.99,10.0,256,20,0,128,128,2.2971895673979548,0.0,3.5119283915690875,4.944144116979848,0.0,0.0,1.0,290.0
mppi_coast,coast,300.0,1800.0,0.1,0.05,5.0,5.0,10.0,20.0,10,100.0,0.5,full,both,inf,180.0,0.01,0.0,0.0,256,20,3,0.5,0.1,0.99,10.0,256,20,0,128,128,2.7307259966399027,0.0,14.849731436086136,14.849731436086136,0.0,0.0,1.0,370.0
mppi_coast,coast,300.0,1800.0,0.1,0.05,5.0,5.0,10.0,20.0,10,100.0,2.0,full,both,inf,180.0,0.01,0.0,0.0,256,20,3,0.5,0.1,0.99,10.0,256,20,0,128,128,2.112112365954432,0.0,11.559123930491896,11.559123930491896,0.0,0.0,1.0,280.0
mppi_coast,coast,300.0,1800.0,0.1,0.05,5.0,5.0,10.0,20.0,10,100.0,inf,full,both,inf,180.0,0.01,0.0,0.0,256,20,3,0.5,0.1,0.99,10.0,256,20,0,128,128,2.1403521218083266,0.0,12.043661295402584,12.043661295402584,0.0,0.0,1.0,280.0
mppi_coast,coast,300.0,1800.0,0.1,0.05,5.0,5.0,10.0,50.0,10,100.0,0.5,full,both,inf,180.0,0.01,0.0,0.0,256,20,3,0.5,0.1,0.99,10.0,256,20,0,128,128,2.426263889049368,0.0,30.46281870478036,30.46281870478036,0.0,0.0,1.0,340.0
mppi_coast,coast,300.0,1800.0,0.1,0.05,5.0,5.0,10.0,50.0,10,100.0,2.0,full,both,inf,180.0,0.01,0.0,0.0,256,20,3,0.5,0.1,0.99,10.0,256,20,0,128,128,2.0345376665466697,0.0,39.61917828403684,39.61917828403684,0.0,0.0,1.0,260.0
mppi_coast,coast,300.0,1800.0,0.1,0.05,5.0,5.0,10.0,50.0,10,100.0,inf,full,both,inf,180.0,0.01,0.0,0.0,256,20,3,0.5,0.1,0.99,10.0,256,20,0,128,128,2.05517696425631,0.0,40.403989470506346,40.403989470506346,0.0,0.0,1.0,260.0
mppi_coast,coast,300.0,1800.0,0.1,0.1,5.0,2.5,10.0,5.0,10,100.0,0.5,full,both,inf,180.0,0.01,0.0,0.0,256,20,3,0.5,0.1,0.99,10.0,256,20,0,128,128,3.097267269834429,0.0,3.3510580661708254,3.3510580661708254,0.0,0.0,1.0,400.0
mppi_coast,coast,300.0,1800.0,0.1,0.1,5.0,2.5,10.0,5.0,10,100.0,2.0,full,both,inf,180.0,0.01,0.0,0.0,256,20,3,0.5,0.1,0.99,10.0,256,20,0,128,128,2.4281624100679067,0.0,1.4152445528071769,5.514882625733589,0.0,0.0,1.0,300.0
mppi_coast,coast,300.0,1800.0,0.1,0.1,5.0,2.5,10.0,5.0,10,100.0,inf,full,both,inf,180.0,0.01,0.0,0.0,256,20,3,0.5,0.1,0.99,10.0,256,20,0,128,128,2.444378864303221,0.0,1.3404534206609526,5.511760158591676,0.0,0.0,1.0,300.0
mppi_coast,coast,300.0,1800.0,0.1,0.1,5.0,2.5,10.0,10.0,10,100.0,0.5,full,both,inf,180.0,0.01,0.0,0.0,256,20,3,0.5,0.1,0.99,10.0,256,20,0,128,128,2.997449925251077,0.0,8.063815742372892,8.063815742372892,0.0,0.0,1.0,390.0
mppi_coast,coast,300.0,1800.0,0.1,0.1,5.0,2.5,10.0,10.0,10,100.0,2.0,full,both,inf,180.0,0.01,0.0,0.0,256,20,3,0.5,0.1,0.99,10.0,256,20,0,128,128,2.266597244431768,0.0,3.48947434242037,5.018793480128383,0.0,0.0,1.0,290.0
mppi_coast,coast,300.0,1800.0,0.1,0.1,5.0,2.5,10.0,10.0,10,100.0,inf,full,both,inf,180.0,0.01,0.0,0.0,256,20,3,0.5,0.1,0.99,10.0,256,20,0,128,128,2.2971895673979548,0.0,3.5119283915690875,4.944144116979848,0.0,0.0,1.0,290.0
mppi_coast,coast,300.0,1800.0,0.1,0.1,5.0,2.5,10.0,20.0,10,100.0,0.5,full,both,inf,180.0,0.01,0.0,0.0,256,20,3,0.5,0.1,0.99,10.0,256,20,0,128,128,2.7307259966399027,0.0,14.849731436086136,14.849731436086136,0.0,0.0,1.0,370.0
mppi_coast,coast,300.0,1800.0,0.1,0.1,5.0,2.5,10.0,20.0,10,100.0,2.0,full,both,inf,180.0,0.01,0.0,0.0,256,20,3,0.5,0.1,0.99,10.0,256,20,0,128,128,2.112112365954432,0.0,11.559123930491896,11.559123930491896,0.0,0.0,1.0,280.0
mppi_coast,coast,300.0,1800.0,0.1,0.1,5.0,2.5,10.0,20.0,10,100.0,inf,full,both,inf,180.0,0.01,0.0,0.0,256,20,3,0.5,0.1,0.99,10.0,256,20,0,128,128,2.1403521218083266,0.0,12.043661295402584,12.043661295402584,0.0,0.0,1.0,280.0
mppi_coast,coast,300.0,1800.0,0.1,0.1,5.0,2.5,10.0,50.0,10,100.0,0.5,full,both,inf,180.0,0.01,0.0,0.0,256,20,3,0.5,0.1,0.99,10.0,256,20,0,128,128,2.426263889049368,0.0,30.46281870478036,30.46281870478036,0.0,0.0,1.0,340.0
mppi_coast,coast,300.0,1800.0,0.1,0.1,5.0,2.5,10.0,50.0,10,100.0,2.0,full,both,inf,180.0,0.01,0.0,0.0,256,20,3,0.5,0.1,0.99,10.0,256,20,0,128,128,2.0345376665466697,0.0,39.61917828403684,39.61917828403684,0.0,0.0,1.0,260.0
mppi_coast,coast,300.0,1800.0,0.1,0.1,5.0,2.5,10.0,50.0,10,100.0,inf,full,both,inf,180.0,0.01,0.0,0.0,256,20,3,0.5,0.1,0.99,10.0,256,20,0,128,128,2.05517696425631,0.0,40.403989470506346,40.403989470506346,0.0,0.0,1.0,260.0
mppi_coast,coast,300.0,1800.0,0.1,0.1,5.0,3.75,10.0,5.0,10,100.0,0.5,full,both,inf,180.0,0.01,0.0,0.0,256,20,3,0.5,0.1,0.99,10.0,256,20,0,128,128,3.097267269834429,0.0,3.3510580661708254,3.3510580661708254,0.0,0.0,1.0,400.0
mppi_coast,coast,300.0,1800.0,0.1,0.1,5.0,3.75,10.0,5.0,10,100.0,2.0,full,both,inf,180.0,0.01,0.0,0.0,256,20,3,0.5,0.1,0.99,10.0,256,20,0,128,128,2.4281624100679067,0.0,1.4152445528071769,5.514882625733589,0.0,0.0,1.0,300.0
mppi_coast,coast,300.0,1800.0,0.1,0.1,5.0,3.75,10.0,5.0,10,100.0,inf,full,both,inf,180.0,0.01,0.0,0.0,256,20,3,0.5,0.1,0.99,10.0,256,20,0,128,128,2.444378864303221,0.0,1.3404534206609526,5.511760158591676,0.0,0.0,1.0,300.0
mppi_coast,coast,300.0,1800.0,0.1,0.1,5.0,3.75,10.0,10.0,10,100.0,0.5,full,both,inf,180.0,0.01,0.0,0.0,256,20,3,0.5,0.1,0.99,10.0,256,20,0,128,128,2.997449925251077,0.0,8.063815742372892,8.063815742372892,0.0,0.0,1.0,390.0
mppi_coast,coast,300.0,1800.0,0.1,0.1,5.0,3.75,10.0,10.0,10,100.0,2.0,full,both,inf,180.0,0.01,0.0,0.0,256,20,3,0.5,0.1,0.99,10.0,256,20,0,128,128,2.266597244431768,0.0,3.48947434242037,5.018793480128383,0.0,0.0,1.0,290.0
mppi_coast,coast,300.0,1800.0,0.1,0.1,5.0,3.75,10.0,10.0,10,100.0,inf,full,both,inf,180.0,0.01,0.0,0.0,256,20,3,0.5,0.1,0.99,10.0,256,20,0,128,128,2.2971895673979548,0.0,3.5119283915690875,4.944144116979848,0.0,0.0,1.0,290.0
mppi_coast,coast,300.0,1800.0,0.1,0.1,5.0,3.75,10.0,20.0,10,100.0,0.5,full,both,inf,180.0,0.01,0.0,0.0,256,20,3,0.5,0.1,0.99,10.0,256,20,0,128,128,2.7307259966399027,0.0,14.849731436086136,14.849731436086136,0.0,0.0,1.0,370.0
mppi_coast,coast,300.0,1800.0,0.1,0.1,5.0,3.75,10.0,20.0,10,100.0,2.0,full,both,inf,180.0,0.01,0.0,0.0,256,20,3,0.5,0.1,0.99,10.0,256,20,0,128,128,2.112112365954432,0.0,11.559123930491896,11.559123930491896,0.0,0.0,1.0,280.0
mppi_coast,coast,300.0,1800.0,0.1,0.1,5.0,3.75,10.0,20.0,10,100.0,inf,full,both,inf,180.0,0.01,0.0,0.0,256,20,3,0.5,0.1,0.99,10.0,256,20,0,128,128,2.1403521218083266,0.0,12.043661295402584,12.043661295402584,0.0,0.0,1.0,280.0
mppi_coast,coast,300.0,1800.0,0.1,0.1,5.0,3.75,10.0,50.0,10,100.0,0.5,full,both,inf,180.0,0.01,0.0,0.0,256,20,3,0.5,0.1,0.99,10.0,256,20,0,128,128,2.426263889049368,0.0,30.46281870478036,30.46281870478036,0.0,0.0,1.0,340.0
mppi_coast,coast,300.0,1800.0,0.1,0.1,5.0,3.75,10.0,50.0,10,100.0,2.0,full,both,inf,180.0,0.01,0.0,0.0,256,20,3,0.5,0.1,0.99,10.0,256,20,0,128,128,2.0345376665466697,0.0,39.61917828403684,39.61917828403684,0.0,0.0,1.0,260.0
mppi_coast,coast,300.0,1800.0,0.1,0.1,5.0,3.75,10.0,50.0,10,100.0,inf,full,both,inf,180.0,0.01,0.0,0.0,256,20,3,0.5,0.1,0.99,10.0,256,20,0,128,128,2.05517696425631,0.0,40.403989470506346,40.403989470506346,0.0,0.0,1.0,260.0
mppi_coast,mppi_lqr,300.0,1800.0,0.1,0.05,5.0,5.0,10.0,5.0,10,100.0,0.5,full,both,inf,180.0,0.01,0.0,0.0,256,20,3,0.5,0.1,0.99,10.0,256,20,0,128,11,4.966213076774765,4.788699754217063,19.535770738342773,2688.717918512265,0.0,0.0,0.0859375,570.0
mppi_coast,mppi_lqr,300.0,1800.0,0.1,0.05,5.0,5.0,10.0,5.0,10,100.0,2.0,full,both,inf,180.0,0.01,0.0,0.0,256,20,3,0.5,0.1,0.99,10.0,256,20,0,128,112,4.109691281672917,2.5102317247507484,7.2943660522847695,436.4251563609226,0.0,0.0,0.875,470.0
mppi_coast,mppi_lqr,300.0,1800.0,0.1,0.05,5.0,5.0,10.0,5.0,10,100.0,inf,full,both,inf,180.0,0.01,0.0,0.0,256,20,3,0.5,0.1,0.99,10.0,256,20,0,128,111,4.116953735062351,2.532549285925429,7.506285550662938,465.34888670574486,0.0,0.0,0.8671875,470.0
mppi_coast,mppi_lqr,300.0,1800.0,0.1,0.05,5.0,5.0,10.0,10.0,10,100.0,0.5,full,both,inf,180.0,0.01,0.0,0.0,256,20,3,0.5,0.1,0.99,10.0,256,20,0,128,25,4.864314385917952,4.482209901054425,19.337105883888267,2533.7115320185662,0.0,0.0,0.1953125,520.0
mppi_coast,mppi_lqr,300.0,1800.0,0.1,0.05,5.0,5.0,10.0,10.0,10,100.0,2.0,full,both,inf,180.0,0.01,0.0,0.0,256,20,3,0.5,0.1,0.99,10.0,256,20,0,128,124,3.729671299354656,2.0872623788342004,9.16825000303673,127.20819640777162,0.0,0.0,0.96875,450.0
mppi_coast,mppi_lqr,300.0,1800.0,0.1,0.05,5.0,5.0,10.0,10.0,10,100.0,inf,full,both,inf,180.0,0.01,0.0,0.0,256,20,3,0.5,0.1,0.99,10.0,256,20,0,128,124,3.724258079353372,2.0853306127784816,9.155992308932714,127.17201504435694,0.0,0.0,0.96875,450.0
mppi_coast,mppi_lqr,300.0,1800.0,0.1,0.05,5.0,5.0,10.0,20.0,10,100.0,0.5,full,both,inf,180.0,0.01,0.0,0.0,256,20,3,0.5,0.1,0.99,10.0,256,20,0,128,104,3.992325049451235,2.560903903394019,19.598235960580357,637.731841594879,0.0,0.0,0.8125,490.0
mppi_coast,mppi_lqr,300.0,1800.0,0.1,0.05,5.0,5.0,10.0,20.0,10,100.0,2.0,full,both,inf,180.0,0.01,0.0,0.0,256,20,3,0.5,0.1,0.99,10.0,256,20,0,128,128,3.061953051343751,1.5875114882534629,13.303161645919282,13.303161645919278,0.0,0.0,1.0,390.0
mppi_coast,mppi_lqr,300.0,1800.0,0.1,0.05,5.0,5.0,10.0,20.0,10,100.0,inf,full,both,inf,180.0,0.01,0.0,0.0,256,20,3,0.5,0.1,0.99,10.0,256,20,0,128,128,3.0566974043033985,1.585623740482183,13.405414449663995,13.405414449663995,0.0,0.0,1.0,390.0
mppi_coast,mppi_lqr,300.0,1800.0,0.1,0.05,5.0,5.0,10.0,50.0,10,100.0,0.5,full,both,inf,180.0,0.01,0.0,0.0,256,20,3,0.5,0.1,0.99,10.0,256,20,0,128,125,3.2821328637879432,2.2752856325142763,47.76797065515285,121.25694536213295,0.0,0.0,0.9765625,470.0
mppi_coast,mppi_lqr,300.0,1800.0,0.1,0.05,5.0,5.0,10.0,50.0,10,100.0,2.0,full,both,inf,180.0,0.01,0.0,0.0,256,20,3,0.5,0.1,0.99,10.0,256,20,0,128,128,3.0828643807229943,1.9065061811368011,43.44513382152276,43.44513382152276,0.0,0.0,1.0,400.0
mppi_coast,mppi_lqr,300.0,1800.0,0.1,0.05,5.0,5.0,10.0,50.0,10,100.0,inf,full,both,inf,180.0,0.01,0.0,0.0,256,20,3,0.5,0.1,0.99,10.0,256,20,0,128,128,3.079609257647021,1.90456801754443,43.51976930380904,43.51976930380904,0.0,0.0,1.0,400.0
mppi_coast,mppi_lqr,300.0,1800.0,0.1,0.1,5.0,2.5,10.0,5.0,10,100.0,0.5,full,both,inf,180.0,0.01,0.0,0.0,256,20,3,0.5,0.1,0.99,10.0,256,20,0,128,124,5.0,2.5,3.1202018600695576,16.2865905704486,0.0,0.0,0.96875,890.0
mppi_coast,mppi_lqr,300.0,1800.0,0.1,0.1,5.0,2.5,10.0,5.0,10,100.0,2.0,full,both,inf,180.0,0.01,0.0,0.0,256,20,3,0.5,0.1,0.99,10.0,256,20,0,128,128,4.99570182818502,2.5,1.3929624435402472,5.464637399578658,0.0,0.0,1.0,650.0
mppi_coast,mppi_lqr,300.0,1800.0,0.1,0.1,5.0,2.5,10.0,5.0,10,100.0,inf,full,both,inf,180.0,0.01,0.0,0.0,256,20,3,0.5,0.1,0.99,10.0,256,20,0,128,128,4.997371287531322,2.5,1.35812095549441,5.356133647852714,0.0,0.0,1.0,650.0
mppi_coast,mppi_lqr,300.0,1800.0,0.1,0.1,5.0,2.5,10.0,10.0,10,100.0,0.5,full,both,inf,180.0,0.01,0.0,0.0,256,20,3,0.5,0.1,0.99,10.0,256,20,0,128,124,5.0,2.5,7.886432729065847,20.826313166781777,0.0,0.0,0.96875,870.0
mppi_coast,mppi_lqr,300.0,1800.0,0.1,0.1,5.0,2.5,10.0,10.0,10,100.0,2.0,full,both,inf,180.0,0.01,0.0,0.0,256,20,3,0.5,0.1,0.99,10.0,256,20,0,128,126,4.993450035560231,2.5,3.6890216530864985,7.942641731135526,0.0,0.0,0.984375,650.0
mppi_coast,mppi_lqr,300.0,1800.0,0.1,0.1,5.0,2.5,10.0,10.0,10,100.0,inf,full,both,inf,180.0,0.01,0.0,0.0,256,20,3,0.5,0.1,0.99,10.0,256,20,0,128,128,4.975559971556322,2.496560283761345,3.560472338792065,4.720705882662701,0.0,0.0,1.0,650.0
mppi_coast,mppi_lqr,300.0,1800.0,0.1,0.1,5.0,2.5,10.0,20.0,10,100.0,0.5,full,both,inf,180.0,0.01,0.0,0.0,256,20,3,0.5,0.1,0.99,10.0,256,20,0,128,123,5.0,2.5,17.622474895260016,31.49641823630641,0.0,0.0,0.9609375,890.0
mppi_coast,mppi_lqr,300.0,1800.0,0.1,0.1,5.0,2.5,10.0,20.0,10,100.0,2.0,full,both,inf,180.0,0.01,0.0,0.0,256,20,3,0.5,0.1,0.99,10.0,256,20,0,128,126,4.939822974394671,2.5,11.612936850897112,41.8511648180104,0.0,0.0,0.984375,635.0
mppi_coast,mppi_lqr,300.0,1800.0,0.1,0.1,5.0,2.5,10.0,20.0,10,100.0,inf,full,both,inf,180.0,0.01,0.0,0.0,256,20,3,0.5,0.1,0.99,10.0,256,20,0,128,127,4.961760310410192,2.5,12.20099217261002,18.228435851268447,0.0,0.0,0.9921875,640.0
mppi_coast,mppi_lqr,300.0,1800.0,0.1,0.1,5.0,2.5,10.0,50.0,10,100.0,0.5,full,both,inf,180.0,0.01,0.0,0.0,256,20,3,0.5,0.1,0.99,10.0,256,20,0,128,121,5.0,2.5,45.40905628698332,73.16337017394471,0.0,0.0,0.9453125,880.0
mppi_coast,mppi_lqr,300.0,1800.0,0.1,0.1,5.0,2.5,10.0,50.0,10,100.0,2.0,full,both,inf,180.0,0.01,0.0,0.0,256,20,3,0.5,0.1,0.99,10.0,256,20,0,128,128,4.669918049085157,2.5,41.51477189917334,41.51477189917335,0.0,0.0,1.0,570.0
mppi_coast,mppi_lqr,300.0,1800.0,0.1,0.1,5.0,2.5,10.0,50.0,10,100.0,inf,full,both,inf,180.0,0.01,0.0,0.0,256,20,3,0.5,0.1,0.99,10.0,256,20,0,128,128,4.770304258633288,2.5,40.65158704362625,40.65158704362623,0.0,0.0,1.0,570.0
mppi_coast,mppi_lqr,300.0,1800.0,0.1,0.1,5.0,3.75,10.0,5.0,10,100.0,0.5,full,both,inf,180.0,0.01,0.0,0.0,256,20,3,0.5,0.1,0.99,10.0,256,20,0,128,1,5.0,3.75,127.99220582371828,664.8327241736279,0.0,0.0,0.0078125,1110.0
mppi_coast,mppi_lqr,300.0,1800.0,0.1,0.1,5.0,3.75,10.0,5.0,10,100.0,2.0,full,both,inf,180.0,0.01,0.0,0.0,256,20,3,0.5,0.1,0.99,10.0,256,20,0,128,38,5.0,3.75,134.29875859152415,472.3130252363207,0.0,0.0,0.296875,970.0
mppi_coast,mppi_lqr,300.0,1800.0,0.1,0.1,5.0,3.75,10.0,5.0,10,100.0,inf,full,both,inf,180.0,0.01,0.0,0.0,256,20,3,0.5,0.1,0.99,10.0,256,20,0,128,38,5.0,3.75,134.29875859152415,472.3130252363207,0.0,0.0,0.296875,970.0
mppi_coast,mppi_lqr,300.0,1800.0,0.1,0.1,5.0,3.75,10.0,10.0,10,100.0,0.5,full,both,inf,180.0,0.01,0.0,0.0,256,20,3,0.5,0.1,0.99,10.0,256,20,0,128,0,5.0,3.75,140.3967016598774,666.8195736535131,0.0,0.0,0.0,
mppi_coast,mppi_lqr,300.0,1800.0,0.1,0.1,5.0,3.75,10.0,10.0,10,100.0,2.0,full,both,inf,180.0,0.01,0.0,0.0,256,20,3,0.5,0.1,0.99,10.0,256,20,0,128,22,5.0,3.75,181.07922923040957,595.6785161259047,0.0,0.0,0.171875,975.0
mppi_coast,mppi_lqr,300.0,1800.0,0.1,0.1,5.0,3.75,10.0,10.0,10,100.0,inf,full,both,inf,180.0,0.01,0.0,0.0,256,20,3,0.5,0.1,0.99,10.0,256,20,0,128,22,5.0,3.75,181.07922923040957,595.6785161259047,0.0,0.0,0.171875,975.0
mppi_coast,mppi_lqr,300.0,1800.0,0.1,0.1,5.0,3.75,10.0,20.0,10,100.0,0.5,full,both,inf,180.0,0.01,0.0,0.0,256,20,3,0.5,0.1,0.99,10.0,256,20,0,128,5,5.0,3.75,167.36384926517894,680.295909286525,0.0,0.0,0.0390625,1090.0
mppi_coast,mppi_lqr,300.0,1800.0,0.1,0.1,5.0,3.75,10.0,20.0,10,100.0,2.0,full,both,inf,180.0,0.01,0.0,0.0,256,20,3,0.5,0.1,0.99,10.0,256,20,0,128,22,5.0,3.75,201.0747429247775,667.0828411174505,0.0,0.0,0.171875,995.0
mppi_coast,mppi_lqr,300.0,1800.0,0.1,0.1,5.0,3.75,10.0,20.0,10,100.0,inf,full,both,inf,180.0,0.01,0.0,0.0,256,20,3,0.5,0.1,0.99,10.0,256,20,0,128,19,5.0,3.75,204.8030363271485,672.414511421417,0.0,0.0,0.1484375,990.0
mppi_coast,mppi_lqr,300.0,1800.0,0.1,0.1,5.0,3.75,10.0,50.0,10,100.0,0.5,full,both,inf,180.0,0.01,0.0,0.0,256,20,3,0.5,0.1,0.99,10.0,256,20,0,128,9,5.0,3.75,178.74145458811446,699.9497444484656,0.0,0.0,0.0703125,1060.0
mppi_coast,mppi_lqr,300.0,1800.0,0.1,0.1,5.0,3.75,10.0,50.0,10,100.0,2.0,full,both,inf,180.0,0.01,0.0,0.0,256,20,3,0.5,0.1,0.99,10.0,256,20,0,128,51,5.0,3.75,141.65287458610365,400.78056190107486,0.0,0.0,0.3984375,770.0
mppi_coast,mppi_lqr,300.0,1800.0,0.1,0.1,5.0,3.75,10.0,50.0,10,100.0,inf,full,both,inf,180.0,0.01,0.0,0.0,256,20,3,0.5,0.1,0.99,10.0,256,20,0,128,50,5.0,3.75,141.7780380474094,406.5240249997449,0.0,0.0,0.390625,775.0
mppi_coast,random,300.0,1800.0,0.1,0.05,5.0,5.0,10.0,5.0,10,100.0,0.5,full,both,inf,180.0,0.01,0.0,0.0,256,20,3,0.5,0.1,0.99,10.0,256,20,0,128,128,3.1751365482863183,1.5124228762575238,3.2999412290502907,3.3362052988797246,0.0,0.0,1.0,400.0
mppi_coast,random,300.0,1800.0,0.1,0.05,5.0,5.0,10.0,5.0,10,100.0,2.0,full,both,inf,180.0,0.01,0.0,0.0,256,20,3,0.5,0.1,0.99,10.0,256,20,0,128,127,2.559024735740484,1.2359180116084456,1.911602142849094,8.577820600592775,0.0,0.0,0.9921875,320.0
mppi_coast,random,300.0,1800.0,0.1,0.05,5.0,5.0,10.0,5.0,10,100.0,inf,full,both,inf,180.0,0.01,0.0,0.0,256,20,3,0.5,0.1,0.99,10.0,256,20,0,128,128,2.544501132448575,1.2016326583350392,1.8697102469773563,6.2975030295721455,0.0,0.0,1.0,315.0
mppi_coast,random,300.0,1800.0,0.1,0.05,5.0,5.0,10.0,10.0,10,100.0,0.5,full,both,inf,180.0,0.01,0.0,0.0,256,20,3,0.5,0.1,0.99,10.0,256,20,0,128,128,3.114341907858609,1.488553072601531,7.487650852440771,7.572562542423139,0.0,0.0,1.0,390.0
mppi_coast,random,300.0,1800.0,0.1,0.05,5.0,5.0,10.0,10.0,10,100.0,2.0,full,both,inf,180.0,0.01,0.0,0.0,256,20,3,0.5,0.1,0.99,10.0,256,20,0,128,128,2.320686122790589,1.1305157832833266,4.364694764982583,5.8673031226008,0.0,0.0,1.0,300.0
mppi_coast,random,300.0,1800.0,0.1,0.05,5.0,5.0,10.0,10.0,10,100.0,inf,full,both,inf,180.0,0.01,0.0,0.0,256,20,3,0.5,0.1,0.99,10.0,256,20,0,128,128,2.35511976315134,1.1238837938279185,4.072756262594613,5.898239058448156,0.0,0.0,1.0,300.0
mppi_coast,random,300.0,1800.0,0.1,0.05,5.0,5.0,10.0,20.0,10,100.0,0.5,full,both,inf,180.0,0.01,0.0,0.0,256,20,3,0.5,0.1,0.99,10.0,256,20,0,128,128,2.8181561094250047,1.3975931021887913,13.423920853036954,13.430669527738274,0.0,0.0,1.0,370.0
mppi_coast,random,300.0,1800.0,0.1,0.05,5.0,5.0,10.0,20.0,10,100.0,2.0,full,both,inf,180.0,0.01,0.0,0.0,256,20,3,0.5,0.1,0.99,10.0,256,20,0,128,128,2.117302686481203,1.0715325258604524,12.396560823356388,12.396560823356388,0.0,0.0,1.0,280.0
mppi_coast,random,300.0,1800.0,0.1,0.05,5.0,5.0,10.0,20.0,10,100.0,inf,full,both,inf,180.0,0.01,0.0,0.0,256,20,3,0.5,0.1,0.99,10.0,256,20,0,128,128,2.1606652933794805,1.068158186288552,11.379248995821476,11.379248995821476,0.0,0.0,1.0,280.0
mppi_coast,random,300.0,1800.0,0.1,0.05,5.0,5.0,10.0,50.0,10,100.0,0.5,full,both,inf,180.0,0.01,0.0,0.0,256,20,3,0.5,0.1,0.99,10.0,256,20,0,128,128,2.4620462611398284,1.301873839930209,29.79217923018881,29.80667802935537,0.0,0.0,1.0,350.0
mppi_coast,random,300.0,1800.0,0.1,0.05,5.0,5.0,10.0,50.0,10,100.0,2.0,full,both,inf,180.0,0.01,0.0,0.0,256,20,3,0.5,0.1,0.99,10.0,256,20,0,128,128,2.011441374277005,1.0060686776797014,41.36433355497172,41.36433355497172,0.0,0.0,1.0,270.0
mppi_coast,random,300.0,1800.0,0.1,0.05,5.0,5.0,10.0,50.0,10,100.0,inf,full,both,inf,180.0,0.01,0.0,0.0,256,20,3,0.5,0.1,0.99,10.0,256,20,0,128,128,2.0419400463597643,0.9991658780058074,42.45256712656006,42.45256712656006,0.0,0.0,1.0,270.0
mppi_coast,random,300.0,1800.0,0.1,0.1,5.0,2.5,10.0,5.0,10,100.0,0.5,full,both,inf,180.0,0.01,0.0,0.0,256,20,3,0.5,0.1,0.99,10.0,256,20,0,128,128,3.3209172072416653,2.5,3.321781656858251,3.37070854188214,0.0,0.0,1.0,410.0
mppi_coast,random,300.0,1800.0,0.1,0.1,5.0,2.5,10.0,5.0,10,100.0,2.0,full,both,inf,180.0,0.01,0.0,0.0,256,20,3,0.5,0.1,0.99,10.0,256,20,0,128,128,2.746436896958566,2.389692575537082,2.611731893320711,5.698367522943913,0.0,0.0,1.0,330.0
mppi_coast,random,300.0,1800.0,0.1,0.1,5.0,2.5,10.0,5.0,10,100.0,inf,full,both,inf,180.0,0.01,0.0,0.0,256,20,3,0.5,0.1,0.99,10.0,256,20,0,128,128,2.72611408662148,2.380163279488232,2.6347569364132792,5.668506750766132,0.0,0.0,1.0,330.0
mppi_coast,random,300.0,1800.0,0.1,0.1,5.0,2.5,10.0,10.0,10,100.0,0.5,full,both,inf,180.0,0.01,0.0,0.0,256,20,3,0.5,0.1,0.99,10.0,256,20,0,128,128,3.2753340274830154,2.499394685159035,7.658450923879438,7.718620075837035,0.0,0.0,1.0,410.0
mppi_coast,random,300.0,1800.0,0.1,0.1,5.0,2.5,10.0,10.0,10,100.0,2.0,full,both,inf,180.0,0.01,0.0,0.0,256,20,3,0.5,0.1,0.99,10.0,256,20,0,128,127,2.423905964803281,2.282630181855444,4.807728584355796,7.3900399865670625,0.0,0.0,0.9921875,300.0
mppi_coast,random,300.0,1800.0,0.1,0.1,5.0,2.5,10.0,10.0,10,100.0,inf,full,both,inf,180.0,0.01,0.0,0.0,256,20,3,0.5,0.1,0.99,10.0,256,20,0,128,128,2.4270297323950007,2.2696765007171398,5.09479614878951,6.9606885742599935,0.0,0.0,1.0,300.0
mppi_coast,random,300.0,1800.0,0.1,0.1,5.0,2.5,10.0,20.0,10,100.0,0.5,full,both,inf,180.0,0.01,0.0,0.0,256,20,3,0.5,0.1,0.99,10.0,256,20,0,128,128,2.970618257589136,2.4961351742895306,13.664427635062976,13.825268542156474,0.0,0.0,1.0,380.0
mppi_coast,random,300.0,1800.0,0.1,0.1,5.0,2.5,10.0,20.0,10,100.0,2.0,full,both,inf,180.0,0.01,0.0,0.0,256,20,3,0.5,0.1,0.99,10.0,256,20,0,128,128,2.206317818212695,2.20770272049314,12.15571508250091,12.714691774426354,0.0,0.0,1.0,290.0
mppi_coast,random,300.0,1800.0,0.1,0.1,5.0,2.5,10.0,20.0,10,100.0,inf,full,both,inf,180.0,0.01,0.0,0.0,256,20,3,0.5,0.1,0.99,10.0,256,20,0,128,128,2.2135194587755325,2.182561967310258,12.920174054179125,12.941830976785647,0.0,0.0,1.0,290.0
mppi_coast,random,300.0,1800.0,0.1,0.1,5.0,2.5,10.0,50.0,10,100.0,0.5,full,both,inf,180.0,0.01,0.0,0.0,256,20,3,0.5,0.1,0.99,10.0,256,20,0,128,128,2.567128228953842,2.475808051551671,30.5997300663516,30.944634165115552,0.0,0.0,1.0,360.0
mppi_coast,random,300.0,1800.0,0.1,0.1,5.0,2.5,10.0,50.0,10,100.0,2.0,full,both,inf,180.0,0.01,0.0,0.0,256,20,3,0.5,0.1,0.99,10.0,256,20,0,128,128,2.0175002108908093,2.062932898291752,40.53689679129426,40.547712524496085,0.0,0.0,1.0,270.0
mppi_coast,random,300.0,1800.0,0.1,0.1,5.0,2.5,10.0,50.0,10,100.0,inf,full,both,inf,180.0,0.01,0.0,0.0,256,20,3,0.5,0.1,0.99,10.0,256,20,0,128,128,2.068867600372906,2.047261462263245,41.08798535891612,41.08798535891613,0.0,0.0,1.0,270.0
mppi_coast,random,300.0,1800.0,0.1,0.1,5.0,3.75,10.0,5.0,10,100.0,0.5,full,both,inf,180.0,0.01,0.0,0.0,256,20,3,0.5,0.1,0.99,10.0,256,20,0,128,128,3.4839036063467184,3.2075910554302607,3.5227263605111947,3.7685355803021383,0.0,0.0,1.0,425.0
mppi_coast,random,300.0,1800.0,0.1,0.1,5.0,3.75,10.0,5.0,10,100.0,2.0,full,both,inf,180.0,0.01,0.0,0.0,256,20,3,0.5,0.1,0.99,10.0,256,20,0,128,128,2.758054071326661,2.5560719077468668,2.726724962144534,5.828241980455399,0.0,0.0,1.0,330.0
mppi_coast,random,300.0,1800.0,0.1,0.1,5.0,3.75,10.0,5.0,10,100.0,inf,full,both,inf,180.0,0.01,0.0,0.0,256,20,3,0.5,0.1,0.99,10.0,256,20,0,128,128,2.739210615655475,2.5361874282710644,2.7254953117240817,5.798345633726542,0.0,0.0,1.0,330.0
mppi_coast,random,300.0,1800.0,0.1,0.1,5.0,3.75,10.0,10.0,10,100.0,0.5,full,both,inf,180.0,0.01,0.0,0.0,256,20,3,0.5,0.1,0.99,10.0,256,20,0,128,128,3.3567744433194675,3.1181377877829752,7.357974534201953,7.659789778536143,0.0,0.0,1.0,415.0
mppi_coast,random,300.0,1800.0,0.1,0.1,5.0,3.75,10.0,10.0,10,100.0,2.0,full,both,inf,180.0,0.01,0.0,0.0,256,20,3,0.5,0.1,0.99,10.0,256,20,0,128,127,2.423151006414077,2.3328285519335146,4.791233004788893,7.50632932109303,0.0,0.0,0.9921875,300.0
mppi_coast,random,300.0,1800.0,0.1,0.1,5.0,3.75,10.0,10.0,10,100.0,inf,full,both,inf,180.0,0.01,0.0,0.0,256,20,3,0.5,0.1,0.99,10.0,256,20,0,128,128,2.425803679077979,2.303826273474388,5.128825621700659,6.942314314698203,0.0,0.0,1.0,300.0
mppi_coast,random,300.0,1800.0,0.1,0.1,5.0,3.75,10.0,20.0,10,100.0,0.5,full,both,inf,180.0,0.01,0.0,0.0,256,20,3,0.5,0.1,0.99,10.0,256,20,0,128,128,3.0356633840604714,2.932347451610576,13.057278901011689,13.908797065545786,0.0,0.0,1.0,390.0
mppi_coast,random,300.0,1800.0,0.1,0.1,5.0,3.75,10.0,20.0,10,100.0,2.0,full,both,inf,180.0,0.01,0.0,0.0,256,20,3,0.5,0.1,0.99,10.0,256,20,0,128,128,2.2063497140682733,2.2244578598044003,12.183699886797031,12.74992872329795,0.0,0.0,1.0,290.0
mppi_coast,random,300.0,1800.0,0.1,0.1,5.0,3.75,10.0,20.0,10,100.0,inf,full,both,inf,180.0,0.01,0.0,0.0,256,20,3,0.5,0.1,0.99,10.0,256,20,0,128,128,2.21334077996663,2.1883072266320864,12.933359745084088,12.95501666769061,0.0,0.0,1.0,290.0
mppi_coast,random,300.0,1800.0,0.1,0.1,5.0,3.75,10.0,50.0,10,100.0,0.5,full,both,inf,180.0,0.01,0.0,0.0,256,20,3,0.5,0.1,0.99,10.0,256,20,0,128,128,2.5917319481029417,2.6946933145758463,29.988193818834823,30.892279446858584,0.0,0.0,1.0,360.0
mppi_coast,random,300.0,1800.0,0.1,0.1,5.0,3.75,10.0,50.0,10,100.0,2.0,full,both,inf,180.0,0.01,0.0,0.0,256,20,3,0.5,0.1,0.99,10.0,256,20,0,128,128,2.0175000223329644,2.0639939933516365,40.52833697808315,40.53915271128497,0.0,0.0,1.0,270.0
mppi_coast,random,300.0,1800.0,0.1,0.1,5.0,3.75,10.0,50.0,10,100.0,inf,full,both,inf,180.0,0.01,0.0,0.0,256,20,3,0.5,0.1,0.99,10.0,256,20,0,128,128,2.068867409901756,2.0483225573231296,41.07951667681678,41.07951667681678,0.0,0.0,1.0,270.0
pd,flee,300.0,1800.0,0.1,0.05,5.0,5.0,10.0,5.0,10,100.0,0.5,full,both,inf,180.0,0.01,0.0,0.0,256,20,3,0.5,0.1,0.99,10.0,256,20,0,128,1,5.0,5.0,48.593395984488666,302.9329328863815,0.0,0.0,0.0078125,1360.0
pd,flee,300.0,1800.0,0.1,0.05,5.0,5.0,10.0,5.0,10,100.0,2.0,full,both,inf,180.0,0.01,0.0,0.0,256,20,3,0.5,0.1,0.99,10.0,256,20,0,128,1,5.0,5.0,48.593395984488666,302.9329328863815,0.0,0.0,0.0078125,1360.0
pd,flee,300.0,1800.0,0.1,0.05,5.0,5.0,10.0,5.0,10,100.0,inf,full,both,inf,180.0,0.01,0.0,0.0,256,20,3,0.5,0.1,0.99,10.0,256,20,0,128,1,5.0,5.0,48.593395984488666,302.9329328863815,0.0,0.0,0.0078125,1360.0
pd,flee,300.0,1800.0,0.1,0.05,5.0,5.0,10.0,10.0,10,100.0,0.5,full,both,inf,180.0,0.01,0.0,0.0,256,20,3,0.5,0.1,0.99,10.0,256,20,0,128,4,5.0,5.0,48.69516048414366,302.24603028350606,0.0,0.0,0.03125,1350.0
pd,flee,300.0,1800.0,0.1,0.05,5.0,5.0,10.0,10.0,10,100.0,2.0,full,both,inf,180.0,0.01,0.0,0.0,256,20,3,0.5,0.1,0.99,10.0,256,20,0,128,4,5.0,5.0,48.69516048414366,302.24603028350606,0.0,0.0,0.03125,1350.0
pd,flee,300.0,1800.0,0.1,0.05,5.0,5.0,10.0,10.0,10,100.0,inf,full,both,inf,180.0,0.01,0.0,0.0,256,20,3,0.5,0.1,0.99,10.0,256,20,0,128,4,5.0,5.0,48.69516048414366,302.24603028350606,0.0,0.0,0.03125,1350.0
pd,flee,300.0,1800.0,0.1,0.05,5.0,5.0,10.0,20.0,10,100.0,0.5,full,both,inf,180.0,0.01,0.0,0.0,256,20,3,0.5,0.1,0.99,10.0,256,20,0,128,6,5.0,5.0,49.09429477022648,302.4603731731873,0.0,0.0,0.046875,1305.0
pd,flee,300.0,1800.0,0.1,0.05,5.0,5.0,10.0,20.0,10,100.0,2.0,full,both,inf,180.0,0.01,0.0,0.0,256,20,3,0.5,0.1,0.99,10.0,256,20,0,128,6,5.0,5.0,49.09429477022648,302.4603731731873,0.0,0.0,0.046875,1305.0
pd,flee,300.0,1800.0,0.1,0.05,5.0,5.0,10.0,20.0,10,100.0,inf,full,both,inf,180.0,0.01,0.0,0.0,256,20,3,0.5,0.1,0.99,10.0,256,20,0,128,6,5.0,5.0,49.09429477022648,302.4603731731873,0.0,0.0,0.046875,1305.0
pd,flee,300.0,1800.0,0.1,0.05,5.0,5.0,10.0,50.0,10,100.0,0.5,full,both,inf,180.0,0.01,0.0,0.0,256,20,3,0.5,0.1,0.99,10.0,256,20,0,128,14,4.993786235834287,4.997265625,51.42339832051526,304.69660367023994,0.0,0.0,0.109375,1010.0
pd,flee,300.0,1800.0,0.1,0.05,5.0,5.0,10.0,50.0,10,100.0,2.0,full,both,inf,180.0,0.01,0.0,0.0,256,20,3,0.5,0.1,0.99,10.0,256,20,0,128,14,4.993786235834287,4.997265625,51.42339832051526,304.69660367023994,0.0,0.0,0.109375,1010.0
pd,flee,300.0,1800.0,0.1,0.05,5.0,5.0,10.0,50.0,10,100.0,inf,full,both,inf,180.0,0.01,0.0,0.0,256,20,3,0.5,0.1,0.99,10.0,256,20,0,128,14,4.993786235834287,4.997265625,51.42339832051526,304.69660367023994,0.0,0.0,0.109375,1010.0
pd,flee,300.0,1800.0,0.1,0.1,5.0,2.5,10.0,5.0,10,100.0,0.5,full,both,inf,180.0,0.01,0.0,0.0,256,20,3,0.5,0.1,0.99,10.0,256,20,0,128,101,4.830477365327125,2.5,6.057963562014347,45.14444854694506,0.0,0.0,0.7890625,960.0
pd,flee,300.0,1800.0,0.1,0.1,5.0,2.5,10.0,5.0,10,100.0,2.0,full,both,inf,180.0,0.01,0.0,0.0,256,20,3,0.5,0.1,0.99,10.0,256,20,0,128,101,4.830477365327125,2.5,6.057963562014347,45.14444854694506,0.0,0.0,0.7890625,960.0
pd,flee,300.0,1800.0,0.1,0.1,5.0,2.5,10.0,5.0,10,100.0,inf,full,both,inf,180.0,0.01,0.0,0.0,256,20,3,0.5,0.1,0.99,10.0,256,20,0,128,101,4.830477365327125,2.5,6.057963562014347,45.14444854694506,0.0,0.0,0.7890625,960.0
pd,flee,300.0,1800.0,0.1,0.1,5.0,2.5,10.0,10.0,10,100.0,0.5,full,both,inf,180.0,0.01,0.0,0.0,256,20,3,0.5,0.1,0.99,10.0,256,20,0,128,113,4.801501709081422,2.5,10.037657792166785,36.965499881234834,0.0,0.0,0.8828125,860.0
pd,flee,300.0,1800.0,0.1,0.1,5.0,2.5,10.0,10.0,10,100.0,2.0,full,both,inf,180.0,0.01,0.0,0.0,256,20,3,0.5,0.1,0.99,10.0,256,20,0,128,113,4.801501709081422,2.5,10.037657792166785,36.965499881234834,0.0,0.0,0.8828125,860.0
pd,flee,300.0,1800.0,0.1,0.1,5.0,2.5,10.0,10.0,10,100.0,inf,full,both,inf,180.0,0.01,0.0,0.0,256,20,3,0.5,0.1,0.99,10.0,256,20,0,128,113,4.801501709081422,2.5,10.037657792166785,36.965499881234834,0.0,0.0,0.8828125,860.0
pd,flee,300.0,1800.0,0.1,0.1,5.0,2.5,10.0,20.0,10,100.0,0.5,full,both,inf,180.0,0.01,0.0,0.0,256,20,3,0.5,0.1,0.99,10.0,256,20,0,128,128,4.739778427647481,2.5,19.3782952211432,19.37829522114318,0.0,0.0,1.0,760.0
pd,flee,300.0,1800.0,0.1,0.1,5.0,2.5,10.0,20.0,10,100.0,2.0,full,both,inf,180.0,0.01,0.0,0.0,256,20,3,0.5,0.1,0.99,10.0,256,20,0,128,128,4.739778427647481,2.5,19.3782952211432,19.37829522114318,0.0,0.0,1.0,760.0
pd,flee,300.0,1800.0,0.1,0.1,5.0,2.5,10.0,20.0,10,100.0,inf,full,both,inf,180.0,0.01,0.0,0.0,256,20,3,0.5,0.1,0.99,10.0,256,20,0,128,128,4.739778427647481,2.5,19.3782952211432,19.37829522114318,0.0,0.0,1.0,760.0
pd,flee,300.0,1800.0,0.1,0.1,5.0,2.5,10.0,50.0,10,100.0,0.5,full,both,inf,180.0,0.01,0.0,0.0,256,20,3,0.5,0.1,0.99,10.0,256,20,0,128,128,4.5349354877508405,2.5,48.221629597271466,48.22162959727147,0.0,0.0,1.0,630.0
pd,flee,300.0,1800.0,0.1,0.1,5.0,2.5,10.0,50.0,10,100.0,2.0,full,both,inf,180.0,0.01,0.0,0.0,256,20,3,0.5,0.1,0.99,10.0,256,20,0,128,128,4.5349354877508405,2.5,48.221629597271466,48.22162959727147,0.0,0.0,1.0,630.0
pd,flee,300.0,1800.0,0.1,0.1,5.0,2.5,10.0,50.0,10,100.0,inf,full,both,inf,180.0,0.01,0.0,0.0,256,20,3,0.5,0.1,0.99,10.0,256,20,0,128,128,4.5349354877508405,2.5,48.221629597271466,48.22162959727147,0.0,0.0,1.0,630.0
pd,flee,300.0,1800.0,0.1,0.1,5.0,3.75,10.0,5.0,10,100.0,0.5,full,both,inf,180.0,0.01,0.0,0.0,256,20,3,0.5,0.1,0.99,10.0,256,20,0,128,0,5.0,3.75,73.0973034031946,1112.2885373652578,0.0,0.0,0.0,
pd,flee,300.0,1800.0,0.1,0.1,5.0,3.75,10.0,5.0,10,100.0,2.0,full,both,inf,180.0,0.01,0.0,0.0,256,20,3,0.5,0.1,0.99,10.0,256,20,0,128,1,5.0,3.75,73.10935346283529,1108.0826802885776,0.0,0.0,0.0078125,750.0
pd,flee,300.0,1800.0,0.1,0.1,5.0,3.75,10.0,5.0,10,100.0,inf,full,both,inf,180.0,0.01,0.0,0.0,256,20,3,0.5,0.1,0.99,10.0,256,20,0,128,1,5.0,3.75,73.10935346283529,1108.0826802885776,0.0,0.0,0.0078125,750.0
pd,flee,300.0,1800.0,0.1,0.1,5.0,3.75,10.0,10.0,10,100.0,0.5,full,both,inf,180.0,0.01,0.0,0.0,256,20,3,0.5,0.1,0.99,10.0,256,20,0,128,0,5.0,3.75,73.0973034031946,1112.2885373652578,0.0,0.0,0.0,
pd,flee,300.0,1800.0,0.1,0.1,5.0,3.75,10.0,10.0,10,100.0,2.0,full,both,inf,180.0,0.01,0.0,0.0,256,20,3,0.5,0.1,0.99,10.0,256,20,0,128,3,5.0,3.75,73.11644352839754,1099.5313796215216,0.0,0.0,0.0234375,750.0
pd,flee,300.0,1800.0,0.1,0.1,5.0,3.75,10.0,10.0,10,100.0,inf,full,both,inf,180.0,0.01,0.0,0.0,256,20,3,0.5,0.1,0.99,10.0,256,20,0,128,3,5.0,3.75,73.11644352839754,1099.5313796215216,0.0,0.0,0.0234375,750.0
pd,flee,300.0,1800.0,0.1,0.1,5.0,3.75,10.0,20.0,10,100.0,0.5,full,both,inf,180.0,0.01,0.0,0.0,256,20,3,0.5,0.1,0.99,10.0,256,20,0,128,0,5.0,3.75,73.0973034031946,1112.2885373652578,0.0,0.0,0.0,
pd,flee,300.0,1800.0,0.1,0.1,5.0,3.75,10.0,20.0,10,100.0,2.0,full,both,inf,180.0,0.01,0.0,0.0,256,20,3,0.5,0.1,0.99,10.0,256,20,0,128,12,5.0,3.75,73.52028436812867,1048.7791099750063,0.0,0.0,0.09375,730.0
pd,flee,300.0,1800.0,0.1,0.1,5.0,3.75,10.0,20.0,10,100.0,inf,full,both,inf,180.0,0.01,0.0,0.0,256,20,3,0.5,0.1,0.99,10.0,256,20,0,128,12,5.0,3.75,73.52028436812867,1048.7791099750063,0.0,0.0,0.09375,730.0
pd,flee,300.0,1800.0,0.1,0.1,5.0,3.75,10.0,50.0,10,100.0,0.5,full,both,inf,180.0,0.01,0.0,0.0,256,20,3,0.5,0.1,0.99,10.0,256,20,0,128,0,5.0,3.75,73.0973034031946,1112.2885373652578,0.0,0.0,0.0,
pd,flee,300.0,1800.0,0.1,0.1,5.0,3.75,10.0,50.0,10,100.0,2.0,full,both,inf,180.0,0.01,0.0,0.0,256,20,3,0.5,0.1,0.99,10.0,256,20,0,128,56,5.0,3.75,80.14971398415321,641.4912840260406,0.0,0.0,0.4375,690.0
pd,flee,300.0,1800.0,0.1,0.1,5.0,3.75,10.0,50.0,10,100.0,inf,full,both,inf,180.0,0.01,0.0,0.0,256,20,3,0.5,0.1,0.99,10.0,256,20,0,128,56,5.0,3.75,80.14971398415321,641.4912840260406,0.0,0.0,0.4375,690.0
pd,coast,300.0,1800.0,0.1,0.05,5.0,5.0,10.0,5.0,10,100.0,0.5,full,both,inf,180.0,0.01,0.0,0.0,256,20,3,0.5,0.1,0.99,10.0,256,20,0,128,128,2.243241561948824,0.0,4.853170366795438,4.853170366795438,0.0,0.0,1.0,710.0
pd,coast,300.0,1800.0,0.1,0.05,5.0,5.0,10.0,5.0,10,100.0,2.0,full,both,inf,180.0,0.01,0.0,0.0,256,20,3,0.5,0.1,0.99,10.0,256,20,0,128,128,2.243241561948824,0.0,4.853170366795438,4.853170366795438,0.0,0.0,1.0,710.0
pd,coast,300.0,1800.0,0.1,0.05,5.0,5.0,10.0,5.0,10,100.0,inf,full,both,inf,180.0,0.01,0.0,0.0,256,20,3,0.5,0.1,0.99,10.0,256,20,0,128,128,2.243241561948824,0.0,4.853170366795438,4.853170366795438,0.0,0.0,1.0,710.0
pd,coast,300.0,1800.0,0.1,0.05,5.0,5.0,10.0,10.0,10,100.0,0.5,full,both,inf,180.0,0.01,0.0,0.0,256,20,3,0.5,0.1,0.99,10.0,256,20,0,128,128,2.20484195003598,0.0,9.674982586288555,9.674982586288555,0.0,0.0,1.0,600.0
pd,coast,300.0,1800.0,0.1,0.05,5.0,5.0,10.0,10.0,10,100.0,2.0,full,both,inf,180.0,0.01,0.0,0.0,256,20,3,0.5,0.1,0.99,10.0,256,20,0,128,128,2.20484195003598,0.0,9.674982586288555,9.674982586288555,0.0,0.0,1.0,600.0
pd,coast,300.0,1800.0,0.1,0.05,5.0,5.0,10.0,10.0,10,100.0,inf,full,both,inf,180.0,0.01,0.0,0.0,256,20,3,0.5,0.1,0.99,10.0,256,20,0,128,128,2.20484195003598,0.0,9.674982586288555,9.674982586288555,0.0,0.0,1.0,600.0
pd,coast,300.0,1800.0,0.1,0.05,5.0,5.0,10.0,20.0,10,100.0,0.5,full,both,inf,180.0,0.01,0.0,0.0,256,20,3,0.5,0.1,0.99,10.0,256,20,0,128,128,2.1282681776156376,0.0,19.34233758682056,19.34233758682056,0.0,0.0,1.0,500.0
pd,coast,300.0,1800.0,0.1,0.05,5.0,5.0,10.0,20.0,10,100.0,2.0,full,both,inf,180.0,0.01,0.0,0.0,256,20,3,0.5,0.1,0.99,10.0,256,20,0,128,128,2.1282681776156376,0.0,19.34233758682056,19.34233758682056,0.0,0.0,1.0,500.0
pd,coast,300.0,1800.0,0.1,0.05,5.0,5.0,10.0,20.0,10,100.0,inf,full,both,inf,180.0,0.01,0.0,0.0,256,20,3,0.5,0.1,0.99,10.0,256,20,0,128,128,2.1282681776156376,0.0,19.34233758682056,19.34233758682056,0.0,0.0,1.0,500.0
pd,coast,300.0,1800.0,0.1,0.05,5.0,5.0,10.0,50.0,10,100.0,0.5,full,both,inf,180.0,0.01,0.0,0.0,256,20,3,0.5,0.1,0.99,10.0,256,20,0,128,128,1.907732062435714,0.0,48.181542419327066,48.181542419327066,0.0,0.0,1.0,370.0
pd,coast,300.0,1800.0,0.1,0.05,5.0,5.0,10.0,50.0,10,100.0,2.0,full,both,inf,180.0,0.01,0.0,0.0,256,20,3,0.5,0.1,0.99,10.0,256,20,0,128,128,1.907732062435714,0.0,48.181542419327066,48.181542419327066,0.0,0.0,1.0,370.0
pd,coast,300.0,1800.0,0.1,0.05,5.0,5.0,10.0,50.0,10,100.0,inf,full,both,inf,180.0,0.01,0.0,0.0,256,20,3,0.5,0.1,0.99,10.0,256,20,0,128,128,1.907732062435714,0.0,48.181542419327066,48.181542419327066,0.0,0.0,1.0,370.0
pd,coast,300.0,1800.0,0.1,0.1,5.0,2.5,10.0,5.0,10,100.0,0.5,full,both,inf,180.0,0.01,0.0,0.0,256,20,3,0.5,0.1,0.99,10.0,256,20,0,128,128,2.243241561948824,0.0,4.853170366795438,4.853170366795438,0.0,0.0,1.0,710.0
pd,coast,300.0,1800.0,0.1,0.1,5.0,2.5,10.0,5.0,10,100.0,2.0,full,both,inf,180.0,0.01,0.0,0.0,256,20,3,0.5,0.1,0.99,10.0,256,20,0,128,128,2.243241561948824,0.0,4.853170366795438,4.853170366795438,0.0,0.0,1.0,710.0
pd,coast,300.0,1800.0,0.1,0.1,5.0,2.5,10.0,5.0,10,100.0,inf,full,both,inf,180.0,0.01,0.0,0.0,256,20,3,0.5,0.1,0.99,10.0,256,20,0,128,128,2.243241561948824,0.0,4.853170366795438,4.853170366795438,0.0,0.0,1.0,710.0
pd,coast,300.0,1800.0,0.1,0.1,5.0,2.5,10.0,10.0,10,100.0,0.5,full,both,inf,180.0,0.01,0.0,0.0,256,20,3,0.5,0.1,0.99,10.0,256,20,0,128,128,2.20484195003598,0.0,9.674982586288555,9.674982586288555,0.0,0.0,1.0,600.0
pd,coast,300.0,1800.0,0.1,0.1,5.0,2.5,10.0,10.0,10,100.0,2.0,full,both,inf,180.0,0.01,0.0,0.0,256,20,3,0.5,0.1,0.99,10.0,256,20,0,128,128,2.20484195003598,0.0,9.674982586288555,9.674982586288555,0.0,0.0,1.0,600.0
pd,coast,300.0,1800.0,0.1,0.1,5.0,2.5,10.0,10.0,10,100.0,inf,full,both,inf,180.0,0.01,0.0,0.0,256,20,3,0.5,0.1,0.99,10.0,256,20,0,128,128,2.20484195003598,0.0,9.674982586288555,9.674982586288555,0.0,0.0,1.0,600.0
pd,coast,300.0,1800.0,0.1,0.1,5.0,2.5,10.0,20.0,10,100.0,0.5,full,both,inf,180.0,0.01,0.0,0.0,256,20,3,0.5,0.1,0.99,10.0,256,20,0,128,128,2.1282681776156376,0.0,19.34233758682056,19.34233758682056,0.0,0.0,1.0,500.0
pd,coast,300.0,1800.0,0.1,0.1,5.0,2.5,10.0,20.0,10,100.0,2.0,full,both,inf,180.0,0.01,0.0,0.0,256,20,3,0.5,0.1,0.99,10.0,256,20,0,128,128,2.1282681776156376,0.0,19.34233758682056,19.34233758682056,0.0,0.0,1.0,500.0
pd,coast,300.0,1800.0,0.1,0.1,5.0,2.5,10.0,20.0,10,100.0,inf,full,both,inf,180.0,0.01,0.0,0.0,256,20,3,0.5,0.1,0.99,10.0,256,20,0,128,128,2.1282681776156376,0.0,19.34233758682056,19.34233758682056,0.0,0.0,1.0,500.0
pd,coast,300.0,1800.0,0.1,0.1,5.0,2.5,10.0,50.0,10,100.0,0.5,full,both,inf,180.0,0.01,0.0,0.0,256,20,3,0.5,0.1,0.99,10.0,256,20,0,128,128,1.907732062435714,0.0,48.181542419327066,48.181542419327066,0.0,0.0,1.0,370.0
pd,coast,300.0,1800.0,0.1,0.1,5.0,2.5,10.0,50.0,10,100.0,2.0,full,both,inf,180.0,0.01,0.0,0.0,256,20,3,0.5,0.1,0.99,10.0,256,20,0,128,128,1.907732062435714,0.0,48.181542419327066,48.181542419327066,0.0,0.0,1.0,370.0
pd,coast,300.0,1800.0,0.1,0.1,5.0,2.5,10.0,50.0,10,100.0,inf,full,both,inf,180.0,0.01,0.0,0.0,256,20,3,0.5,0.1,0.99,10.0,256,20,0,128,128,1.907732062435714,0.0,48.181542419327066,48.181542419327066,0.0,0.0,1.0,370.0
pd,coast,300.0,1800.0,0.1,0.1,5.0,3.75,10.0,5.0,10,100.0,0.5,full,both,inf,180.0,0.01,0.0,0.0,256,20,3,0.5,0.1,0.99,10.0,256,20,0,128,128,2.243241561948824,0.0,4.853170366795438,4.853170366795438,0.0,0.0,1.0,710.0
pd,coast,300.0,1800.0,0.1,0.1,5.0,3.75,10.0,5.0,10,100.0,2.0,full,both,inf,180.0,0.01,0.0,0.0,256,20,3,0.5,0.1,0.99,10.0,256,20,0,128,128,2.243241561948824,0.0,4.853170366795438,4.853170366795438,0.0,0.0,1.0,710.0
pd,coast,300.0,1800.0,0.1,0.1,5.0,3.75,10.0,5.0,10,100.0,inf,full,both,inf,180.0,0.01,0.0,0.0,256,20,3,0.5,0.1,0.99,10.0,256,20,0,128,128,2.243241561948824,0.0,4.853170366795438,4.853170366795438,0.0,0.0,1.0,710.0
pd,coast,300.0,1800.0,0.1,0.1,5.0,3.75,10.0,10.0,10,100.0,0.5,full,both,inf,180.0,0.01,0.0,0.0,256,20,3,0.5,0.1,0.99,10.0,256,20,0,128,128,2.20484195003598,0.0,9.674982586288555,9.674982586288555,0.0,0.0,1.0,600.0
pd,coast,300.0,1800.0,0.1,0.1,5.0,3.75,10.0,10.0,10,100.0,2.0,full,both,inf,180.0,0.01,0.0,0.0,256,20,3,0.5,0.1,0.99,10.0,256,20,0,128,128,2.20484195003598,0.0,9.674982586288555,9.674982586288555,0.0,0.0,1.0,600.0
pd,coast,300.0,1800.0,0.1,0.1,5.0,3.75,10.0,10.0,10,100.0,inf,full,both,inf,180.0,0.01,0.0,0.0,256,20,3,0.5,0.1,0.99,10.0,256,20,0,128,128,2.20484195003598,0.0,9.674982586288555,9.674982586288555,0.0,0.0,1.0,600.0
pd,coast,300.0,1800.0,0.1,0.1,5.0,3.75,10.0,20.0,10,100.0,0.5,full,both,inf,180.0,0.01,0.0,0.0,256,20,3,0.5,0.1,0.99,10.0,256,20,0,128,128,2.1282681776156376,0.0,19.34233758682056,19.34233758682056,0.0,0.0,1.0,500.0
pd,coast,300.0,1800.0,0.1,0.1,5.0,3.75,10.0,20.0,10,100.0,2.0,full,both,inf,180.0,0.01,0.0,0.0,256,20,3,0.5,0.1,0.99,10.0,256,20,0,128,128,2.1282681776156376,0.0,19.34233758682056,19.34233758682056,0.0,0.0,1.0,500.0
pd,coast,300.0,1800.0,0.1,0.1,5.0,3.75,10.0,20.0,10,100.0,inf,full,both,inf,180.0,0.01,0.0,0.0,256,20,3,0.5,0.1,0.99,10.0,256,20,0,128,128,2.1282681776156376,0.0,19.34233758682056,19.34233758682056,0.0,0.0,1.0,500.0
pd,coast,300.0,1800.0,0.1,0.1,5.0,3.75,10.0,50.0,10,100.0,0.5,full,both,inf,180.0,0.01,0.0,0.0,256,20,3,0.5,0.1,0.99,10.0,256,20,0,128,128,1.907732062435714,0.0,48.181542419327066,48.181542419327066,0.0,0.0,1.0,370.0
pd,coast,300.0,1800.0,0.1,0.1,5.0,3.75,10.0,50.0,10,100.0,2.0,full,both,inf,180.0,0.01,0.0,0.0,256,20,3,0.5,0.1,0.99,10.0,256,20,0,128,128,1.907732062435714,0.0,48.181542419327066,48.181542419327066,0.0,0.0,1.0,370.0
pd,coast,300.0,1800.0,0.1,0.1,5.0,3.75,10.0,50.0,10,100.0,inf,full,both,inf,180.0,0.01,0.0,0.0,256,20,3,0.5,0.1,0.99,10.0,256,20,0,128,128,1.907732062435714,0.0,48.181542419327066,48.181542419327066,0.0,0.0,1.0,370.0
pd,mppi_lqr,300.0,1800.0,0.1,0.05,5.0,5.0,10.0,5.0,10,100.0,0.5,full,both,inf,180.0,0.01,0.0,0.0,256,20,3,0.5,0.1,0.99,10.0,256,20,0,128,4,5.0,5.0,34.34094207467078,654.3777664960897,0.0,0.0,0.03125,1450.0
pd,mppi_lqr,300.0,1800.0,0.1,0.05,5.0,5.0,10.0,5.0,10,100.0,2.0,full,both,inf,180.0,0.01,0.0,0.0,256,20,3,0.5,0.1,0.99,10.0,256,20,0,128,4,5.0,5.0,34.34097120295479,654.3809251836773,0.0,0.0,0.03125,1450.0
pd,mppi_lqr,300.0,1800.0,0.1,0.05,5.0,5.0,10.0,5.0,10,100.0,inf,full,both,inf,180.0,0.01,0.0,0.0,256,20,3,0.5,0.1,0.99,10.0,256,20,0,128,4,5.0,5.0,34.34097120295479,654.3809251836773,0.0,0.0,0.03125,1450.0
pd,mppi_lqr,300.0,1800.0,0.1,0.05,5.0,5.0,10.0,10.0,10,100.0,0.5,full,both,inf,180.0,0.01,0.0,0.0,256,20,3,0.5,0.1,0.99,10.0,256,20,0,128,1,5.0,5.0,35.28668121314911,652.6453806086353,0.0,0.0,0.0078125,1370.0
pd,mppi_lqr,300.0,1800.0,0.1,0.05,5.0,5.0,10.0,10.0,10,100.0,2.0,full,both,inf,180.0,0.01,0.0,0.0,256,20,3,0.5,0.1,0.99,10.0,256,20,0,128,1,5.0,5.0,35.28651591097469,652.6369633685684,0.0,0.0,0.0078125,1370.0
pd,mppi_lqr,300.0,1800.0,0.1,0.05,5.0,5.0,10.0,10.0,10,100.0,inf,full,both,inf,180.0,0.01,0.0,0.0,256,20,3,0.5,0.1,0.99,10.0,256,20,0,128,1,5.0,5.0,35.28651591097469,652.6369633685684,0.0,0.0,0.0078125,1370.0
pd,mppi_lqr,300.0,1800.0,0.1,0.05,5.0,5.0,10.0,20.0,10,100.0,0.5,full,both,inf,180.0,0.01,0.0,0.0,256,20,3,0.5,0.1,0.99,10.0,256,20,0,128,4,4.9999546265705685,5.0,34.92188690395129,642.0035711744076,0.0,0.0,0.03125,1345.0
pd,mppi_lqr,300.0,1800.0,0.1,0.05,5.0,5.0,10.0,20.0,10,100.0,2.0,full,both,inf,180.0,0.01,0.0,0.0,256,20,3,0.5,0.1,0.99,10.0,256,20,0,128,4,4.999954626557505,5.0,34.922143980230025,641.9851742683278,0.0,0.0,0.03125,1345.0
pd,mppi_lqr,300.0,1800.0,0.1,0.05,5.0,5.0,10.0,20.0,10,100.0,inf,full,both,inf,180.0,0.01,0.0,0.0,256,20,3,0.5,0.1,0.99,10.0,256,20,0,128,4,4.999954626557505,5.0,34.922143980230025,641.9851742683278,0.0,0.0,0.03125,1345.0
pd,mppi_lqr,300.0,1800.0,0.1,0.05,5.0,5.0,10.0,50.0,10,100.0,0.5,full,both,inf,180.0,0.01,0.0,0.0,256,20,3,0.5,0.1,0.99,10.0,256,20,0,128,121,3.842129901255829,3.4697052973217555,49.59272165650055,98.80999370690212,0.0,0.0,0.9453125,750.0
pd,mppi_lqr,300.0,1800.0,0.1,0.05,5.0,5.0,10.0,50.0,10,100.0,2.0,full,both,inf,180.0,0.01,0.0,0.0,256,20,3,0.5,0.1,0.99,10.0,256,20,0,128,120,4.200394707650236,3.79080005501852,49.92029259406193,110.21814090377084,0.0,0.0,0.9375,770.0
pd,mppi_lqr,300.0,1800.0,0.1,0.05,5.0,5.0,10.0,50.0,10,100.0,inf,full,both,inf,180.0,0.01,0.0,0.0,256,20,3,0.5,0.1,0.99,10.0,256,20,0,128,120,4.200394707650236,3.79080005501852,49.92029259406193,110.21814090377084,0.0,0.0,0.9375,770.0
pd,mppi_lqr,300.0,1800.0,0.1,0.1,5.0,2.5,10.0,5.0,10,100.0,0.5,full,both,inf,180.0,0.01,0.0,0.0,256,20,3,0.5,0.1,0.99,10.0,256,20,0,128,68,4.883225503682156,2.5,12.646408371322169,206.24053905077216,0.0,0.0,0.53125,950.0
pd,mppi_lqr,300.0,1800.0,0.1,0.1,5.0,2.5,10.0,5.0,10,100.0,2.0,full,both,inf,180.0,0.01,0.0,0.0,256,20,3,0.5,0.1,0.99,10.0,256,20,0,128,68,4.883222068100044,2.5,12.646602378183736,206.2426353492937,0.0,0.0,0.53125,950.0
pd,mppi_lqr,300.0,1800.0,0.1,0.1,5.0,2.5,10.0,5.0,10,100.0,inf,full,both,inf,180.0,0.01,0.0,0.0,256,20,3,0.5,0.1,0.99,10.0,256,20,0,128,68,4.883222068100044,2.5,12.646602378183736,206.2426353492937,0.0,0.0,0.53125,950.0
pd,mppi_lqr,300.0,1800.0,0.1,0.1,5.0,2.5,10.0,10.0,10,100.0,0.5,full,both,inf,180.0,0.01,0.0,0.0,256,20,3,0.5,0.1,0.99,10.0,256,20,0,128,73,4.843424203961172,2.5,16.278241464409167,221.46287416679547,0.0,0.0,0.5703125,850.0
pd,mppi_lqr,300.0,1800.0,0.1,0.1,5.0,2.5,10.0,10.0,10,100.0,2.0,full,both,inf,180.0,0.01,0.0,0.0,256,20,3,0.5,0.1,0.99,10.0,256,20,0,128,73,4.844955062265631,2.5,16.25014705731436,220.9079907256024,0.0,0.0,0.5703125,850.0
pd,mppi_lqr,300.0,1800.0,0.1,0.1,5.0,2.5,10.0,10.0,10,100.0,inf,full,both,inf,180.0,0.01,0.0,0.0,256,20,3,0.5,0.1,0.99,10.0,256,20,0,128,73,4.844955062265631,2.5,16.25014705731436,220.9079907256024,0.0,0.0,0.5703125,850.0
pd,mppi_lqr,300.0,1800.0,0.1,0.1,5.0,2.5,10.0,20.0,10,100.0,0.5,full,both,inf,180.0,0.01,0.0,0.0,256,20,3,0.5,0.1,0.99,10.0,256,20,0,128,100,4.792692593761867,2.5,21.94155434277063,153.46482829435277,0.0,0.0,0.78125,750.0
pd,mppi_lqr,300.0,1800.0,0.1,0.1,5.0,2.5,10.0,20.0,10,100.0,2.0,full,both,inf,180.0,0.01,0.0,0.0,256,20,3,0.5,0.1,0.99,10.0,256,20,0,128,104,4.795994201070329,2.5,21.70025022879125,130.1033147060384,0.0,0.0,0.8125,760.0
pd,mppi_lqr,300.0,1800.0,0.1,0.1,5.0,2.5,10.0,20.0,10,100.0,inf,full,both,inf,180.0,0.01,0.0,0.0,256,20,3,0.5,0.1,0.99,10.0,256,20,0,128,104,4.795994201070329,2.5,21.70025022879125,130.1033147060384,0.0,0.0,0.8125,760.0
pd,mppi_lqr,300.0,1800.0,0.1,0.1,5.0,2.5,10.0,50.0,10,100.0,0.5,full,both,inf,180.0,0.01,0.0,0.0,256,20,3,0.5,0.1,0.99,10.0,256,20,0,128,113,4.657032430222493,2.5,47.25500612333385,133.8793422555882,0.0,0.0,0.8828125,630.0
pd,mppi_lqr,300.0,1800.0,0.1,0.1,5.0,2.5,10.0,50.0,10,100.0,2.0,full,both,inf,180.0,0.01,0.0,0.0,256,20,3,0.5,0.1,0.99,10.0,256,20,0,128,126,4.659773826399901,2.5,48.274141733496485,63.82788032717992,0.0,0.0,0.984375,630.0
pd,mppi_lqr,300.0,1800.0,0.1,0.1,5.0,2.5,10.0,50.0,10,100.0,inf,full,both,inf,180.0,0.01,0.0,0.0,256,20,3,0.5,0.1,0.99,10.0,256,20,0,128,126,4.659773826399901,2.5,48.274141733496485,63.82788032717992,0.0,0.0,0.984375,630.0
pd,mppi_lqr,300.0,1800.0,0.1,0.1,5.0,3.75,10.0,5.0,10,100.0,0.5,full,both,inf,180.0,0.01,0.0,0.0,256,20,3,0.5,0.1,0.99,10.0,256,20,0,128,0,5.0,3.75,209.3455404723001,1440.976704061586,0.0,0.0,0.0,
pd,mppi_lqr,300.0,1800.0,0.1,0.1,5.0,3.75,10.0,5.0,10,100.0,2.0,full,both,inf,180.0,0.01,0.0,0.0,256,20,3,0.5,0.1,0.99,10.0,256,20,0,128,0,5.0,3.75,209.5296089457384,1441.1490511262748,0.0,0.0,0.0,
pd,mppi_lqr,300.0,1800.0,0.1,0.1,5.0,3.75,10.0,5.0,10,100.0,inf,full,both,inf,180.0,0.01,0.0,0.0,256,20,3,0.5,0.1,0.99,10.0,256,20,0,128,0,5.0,3.75,209.5296089457384,1441.1490511262748,0.0,0.0,0.0,
pd,mppi_lqr,300.0,1800.0,0.1,0.1,5.0,3.75,10.0,10.0,10,100.0,0.5,full,both,inf,180.0,0.01,0.0,0.0,256,20,3,0.5,0.1,0.99,10.0,256,20,0,128,1,5.0,3.75,212.9794171816099,1459.7783055018333,0.0,0.0,0.0078125,830.0
pd,mppi_lqr,300.0,1800.0,0.1,0.1,5.0,3.75,10.0,10.0,10,100.0,2.0,full,both,inf,180.0,0.01,0.0,0.0,256,20,3,0.5,0.1,0.99,10.0,256,20,0,128,2,5.0,3.75,213.52683949269323,1456.061695959217,0.0,0.0,0.015625,825.0
pd,mppi_lqr,300.0,1800.0,0.1,0.1,5.0,3.75,10.0,10.0,10,100.0,inf,full,both,inf,180.0,0.01,0.0,0.0,256,20,3,0.5,0.1,0.99,10.0,256,20,0,128,2,5.0,3.75,213.52683949269323,1456.061695959217,0.0,0.0,0.015625,825.0
pd,mppi_lqr,300.0,1800.0,0.1,0.1,5.0,3.75,10.0,20.0,10,100.0,0.5,full,both,inf,180.0,0.01,0.0,0.0,256,20,3,0.5,0.1,0.99,10.0,256,20,0,128,4,4.990541726524824,3.75,207.41009558929548,1450.151600197675,0.0,0.0,0.03125,745.0
pd,mppi_lqr,300.0,1800.0,0.1,0.1,5.0,3.75,10.0,20.0,10,100.0,2.0,full,both,inf,180.0,0.01,0.0,0.0,256,20,3,0.5,0.1,0.99,10.0,256,20,0,128,6,4.99054264871273,3.75,206.33087754361767,1435.157594291995,0.0,0.0,0.046875,750.0
pd,mppi_lqr,300.0,1800.0,0.1,0.1,5.0,3.75,10.0,20.0,10,100.0,inf,full,both,inf,180.0,0.01,0.0,0.0,256,20,3,0.5,0.1,0.99,10.0,256,20,0,128,6,4.99054264871273,3.75,206.33087754361767,1435.157594291995,0.0,0.0,0.046875,750.0
pd,mppi_lqr,300.0,1800.0,0.1,0.1,5.0,3.75,10.0,50.0,10,100.0,0.5,full,both,inf,180.0,0.01,0.0,0.0,256,20,3,0.5,0.1,0.99,10.0,256,20,0,128,0,5.0,3.75,209.56024262837312,1471.6571958828974,0.0,0.0,0.0,
pd,mppi_lqr,300.0,1800.0,0.1,0.1,5.0,3.75,10.0,50.0,10,100.0,2.0,full,both,inf,180.0,0.01,0.0,0.0,256,20,3,0.5,0.1,0.99,10.0,256,20,0,128,7,4.998790293906578,3.75,205.5473523030833,1450.0392337385556,0.0,0.0,0.0546875,670.0
pd,mppi_lqr,300.0,1800.0,0.1,0.1,5.0,3.75,10.0,50.0,10,100.0,inf,full,both,inf,180.0,0.01,0.0,0.0,256,20,3,0.5,0.1,0.99,10.0,256,20,0,128,7,4.998790293906578,3.75,205.5473523030833,1450.0392337385556,0.0,0.0,0.0546875,670.0
pd,random,300.0,1800.0,0.1,0.05,5.0,5.0,10.0,5.0,10,100.0,0.5,full,both,inf,180.0,0.01,0.0,0.0,256,20,3,0.5,0.1,0.99,10.0,256,20,0,128,128,2.7946154100441856,3.288585774662301,4.750905554775,4.750905554775,0.0,0.0,1.0,830.0
pd,random,300.0,1800.0,0.1,0.05,5.0,5.0,10.0,5.0,10,100.0,2.0,full,both,inf,180.0,0.01,0.0,0.0,256,20,3,0.5,0.1,0.99,10.0,256,20,0,128,128,2.7946154100441856,3.288585774662301,4.750905554775,4.750905554775,0.0,0.0,1.0,830.0
pd,random,300.0,1800.0,0.1,0.05,5.0,5.0,10.0,5.0,10,100.0,inf,full,both,inf,180.0,0.01,0.0,0.0,256,20,3,0.5,0.1,0.99,10.0,256,20,0,128,128,2.7946154100441856,3.288585774662301,4.750905554775,4.750905554775,0.0,0.0,1.0,830.0
pd,random,300.0,1800.0,0.1,0.05,5.0,5.0,10.0,10.0,10,100.0,0.5,full,both,inf,180.0,0.01,0.0,0.0,256,20,3,0.5,0.1,0.99,10.0,256,20,0,128,128,2.469097172284592,2.4106442692060006,9.628869902417296,9.628869902417296,0.0,0.0,1.0,630.0
pd,random,300.0,1800.0,0.1,0.05,5.0,5.0,10.0,10.0,10,100.0,2.0,full,both,inf,180.0,0.01,0.0,0.0,256,20,3,0.5,0.1,0.99,10.0,256,20,0,128,128,2.469097172284592,2.4106442692060006,9.628869902417296,9.628869902417296,0.0,0.0,1.0,630.0
pd,random,300.0,1800.0,0.1,0.05,5.0,5.0,10.0,10.0,10,100.0,inf,full,both,inf,180.0,0.01,0.0,0.0,256,20,3,0.5,0.1,0.99,10.0,256,20,0,128,128,2.469097172284592,2.4106442692060006,9.628869902417296,9.628869902417296,0.0,0.0,1.0,630.0
pd,random,300.0,1800.0,0.1,0.05,5.0,5.0,10.0,20.0,10,100.0,0.5,full,both,inf,180.0,0.01,0.0,0.0,256,20,3,0.5,0.1,0.99,10.0,256,20,0,128,128,2.267930017291551,1.912539952628961,19.387210640623174,19.387210640623174,0.0,0.0,1.0,510.0
pd,random,300.0,1800.0,0.1,0.05,5.0,5.0,10.0,20.0,10,100.0,2.0,full,both,inf,180.0,0.01,0.0,0.0,256,20,3,0.5,0.1,0.99,10.0,256,20,0,128,128,2.267930017291551,1.912539952628961,19.387210640623174,19.387210640623174,0.0,0.0,1.0,510.0
pd,random,300.0,1800.0,0.1,0.05,5.0,5.0,10.0,20.0,10,100.0,inf,full,both,inf,180.0,0.01,0.0,0.0,256,20,3,0.5,0.1,0.99,10.0,256,20,0,128,128,2.267930017291551,1.912539952628961,19.387210640623174,19.387210640623174,0.0,0.0,1.0,510.0
pd,random,300.0,1800.0,0.1,0.05,5.0,5.0,10.0,50.0,10,100.0,0.5,full,both,inf,180.0,0.01,0.0,0.0,256,20,3,0.5,0.1,0.99,10.0,256,20,0,128,128,1.9793592376654328,1.3880770785162009,48.33945596512567,48.33945596512567,0.0,0.0,1.0,370.0
pd,random,300.0,1800.0,0.1,0.05,5.0,5.0,10.0,50.0,10,100.0,2.0,full,both,inf,180.0,0.01,0.0,0.0,256,20,3,0.5,0.1,0.99,10.0,256,20,0,128,128,1.9793592376654328,1.3880770785162009,48.33945596512567,48.33945596512567,0.0,0.0,1.0,370.0
pd,random,300.0,1800.0,0.1,0.05,5.0,5.0,10.0,50.0,10,100.0,inf,full,both,inf,180.0,0.01,0.0,0.0,256,20,3,0.5,0.1,0.99,10.0,256,20,0,128,128,1.9793592376654328,1.3880770785162009,48.33945596512567,48.33945596512567,0.0,0.0,1.0,370.0
pd,random,300.0,1800.0,0.1,0.1,5.0,2.5,10.0,5.0,10,100.0,0.5,full,both,inf,180.0,0.01,0.0,0.0,256,20,3,0.5,0.1,0.99,10.0,256,20,0,128,128,2.513995619308365,2.5,4.841897367919886,4.841897367919887,0.0,0.0,1.0,715.0
pd,random,300.0,1800.0,0.1,0.1,5.0,2.5,10.0,5.0,10,100.0,2.0,full,both,inf,180.0,0.01,0.0,0.0,256,20,3,0.5,0.1,0.99,10.0,256,20,0,128,128,2.513995619308365,2.5,4.841897367919886,4.841897367919887,0.0,0.0,1.0,715.0
pd,random,300.0,1800.0,0.1,0.1,5.0,2.5,10.0,5.0,10,100.0,inf,full,both,inf,180.0,0.01,0.0,0.0,256,20,3,0.5,0.1,0.99,10.0,256,20,0,128,128,2.513995619308365,2.5,4.841897367919886,4.841897367919887,0.0,0.0,1.0,715.0
pd,random,300.0,1800.0,0.1,0.1,5.0,2.5,10.0,10.0,10,100.0,0.5,full,both,inf,180.0,0.01,0.0,0.0,256,20,3,0.5,0.1,0.99,10.0,256,20,0,128,128,2.4757159354578744,2.5,9.671401972087486,9.671401972087486,0.0,0.0,1.0,610.0
pd,random,300.0,1800.0,0.1,0.1,5.0,2.5,10.0,10.0,10,100.0,2.0,full,both,inf,180.0,0.01,0.0,0.0,256,20,3,0.5,0.1,0.99,10.0,256,20,0,128,128,2.4757159354578744,2.5,9.671401972087486,9.671401972087486,0.0,0.0,1.0,610.0
pd,random,300.0,1800.0,0.1,0.1,5.0,2.5,10.0,10.0,10,100.0,inf,full,both,inf,180.0,0.01,0.0,0.0,256,20,3,0.5,0.1,0.99,10.0,256,20,0,128,128,2.4757159354578744,2.5,9.671401972087486,9.671401972087486,0.0,0.0,1.0,610.0
pd,random,300.0,1800.0,0.1,0.1,5.0,2.5,10.0,20.0,10,100.0,0.5,full,both,inf,180.0,0.01,0.0,0.0,256,20,3,0.5,0.1,0.99,10.0,256,20,0,128,128,2.399087868168825,2.5,19.294702703394137,19.294702703394133,0.0,0.0,1.0,510.0
pd,random,300.0,1800.0,0.1,0.1,5.0,2.5,10.0,20.0,10,100.0,2.0,full,both,inf,180.0,0.01,0.0,0.0,256,20,3,0.5,0.1,0.99,10.0,256,20,0,128,128,2.399087868168825,2.5,19.294702703394137,19.294702703394133,0.0,0.0,1.0,510.0
pd,random,300.0,1800.0,0.1,0.1,5.0,2.5,10.0,20.0,10,100.0,inf,full,both,inf,180.0,0.01,0.0,0.0,256,20,3,0.5,0.1,0.99,10.0,256,20,0,128,128,2.399087868168825,2.5,19.294702703394137,19.294702703394133,0.0,0.0,1.0,510.0
pd,random,300.0,1800.0,0.1,0.1,5.0,2.5,10.0,50.0,10,100.0,0.5,full,both,inf,180.0,0.01,0.0,0.0,256,20,3,0.5,0.1,0.99,10.0,256,20,0,128,128,2.1568643304921182,2.497970817255901,48.25169680291866,48.251696802918666,0.0,0.0,1.0,370.0
pd,random,300.0,1800.0,0.1,0.1,5.0,2.5,10.0,50.0,10,100.0,2.0,full,both,inf,180.0,0.01,0.0,0.0,256,20,3,0.5,0.1,0.99,10.0,256,20,0,128,128,2.15436121692832,2.496987645983152,48.41026574649474,48.41026574649474,0.0,0.0,1.0,370.0
pd,random,300.0,1800.0,0.1,0.1,5.0,2.5,10.0,50.0,10,100.0,inf,full,both,inf,180.0,0.01,0.0,0.0,256,20,3,0.5,0.1,0.99,10.0,256,20,0,128,128,2.15436121692832,2.496987645983152,48.41026574649474,48.41026574649474,0.0,0.0,1.0,370.0
pd,random,300.0,1800.0,0.1,0.1,5.0,3.75,10.0,5.0,10,100.0,0.5,full,both,inf,180.0,0.01,0.0,0.0,256,20,3,0.5,0.1,0.99,10.0,256,20,0,128,128,2.7913365007623856,3.75,4.830162213568055,4.830162213568057,0.0,0.0,1.0,750.0
pd,random,300.0,1800.0,0.1,0.1,5.0,3.75,10.0,5.0,10,100.0,2.0,full,both,inf,180.0,0.01,0.0,0.0,256,20,3,0.5,0.1,0.99,10.0,256,20,0,128,128,2.7913365007623856,3.75,4.830162213568055,4.830162213568057,0.0,0.0,1.0,750.0
pd,random,300.0,1800.0,0.1,0.1,5.0,3.75,10.0,5.0,10,100.0,inf,full,both,inf,180.0,0.01,0.0,0.0,256,20,3,0.5,0.1,0.99,10.0,256,20,0,128,128,2.7913365007623856,3.75,4.830162213568055,4.830162213568057,0.0,0.0,1.0,750.0
pd,random,300.0,1800.0,0.1,0.1,5.0,3.75,10.0,10.0,10,100.0,0.5,full,both,inf,180.0,0.01,0.0,0.0,256,20,3,0.5,0.1,0.99,10.0,256,20,0,128,128,2.746969171594248,3.748244491168185,9.63681826270753,9.63681826270753,0.0,0.0,1.0,650.0
pd,random,300.0,1800.0,0.1,0.1,5.0,3.75,10.0,10.0,10,100.0,2.0,full,both,inf,180.0,0.01,0.0,0.0,256,20,3,0.5,0.1,0.99,10.0,256,20,0,128,128,2.746969171594248,3.748244491168185,9.63681826270753,9.63681826270753,0.0,0.0,1.0,650.0
pd,random,300.0,1800.0,0.1,0.1,5.0,3.75,10.0,10.0,10,100.0,inf,full,both,inf,180.0,0.01,0.0,0.0,256,20,3,0.5,0.1,0.99,10.0,256,20,0,128,128,2.746969171594248,3.748244491168185,9.63681826270753,9.63681826270753,0.0,0.0,1.0,650.0
pd,random,300.0,1800.0,0.1,0.1,5.0,3.75,10.0,20.0,10,100.0,0.5,full,both,inf,180.0,0.01,0.0,0.0,256,20,3,0.5,0.1,0.99,10.0,256,20,0,128,128,2.611283001629707,3.667802440874495,19.3735679065288,19.3735679065288,0.0,0.0,1.0,530.0
pd,random,300.0,1800.0,0.1,0.1,5.0,3.75,10.0,20.0,10,100.0,2.0,full,both,inf,180.0,0.01,0.0,0.0,256,20,3,0.5,0.1,0.99,10.0,256,20,0,128,128,2.611283001629707,3.667802440874495,19.3735679065288,19.3735679065288,0.0,0.0,1.0,530.0
pd,random,300.0,1800.0,0.1,0.1,5.0,3.75,10.0,20.0,10,100.0,inf,full,both,inf,180.0,0.01,0.0,0.0,256,20,3,0.5,0.1,0.99,10.0,256,20,0,128,128,2.611283001629707,3.667802440874495,19.3735679065288,19.3735679065288,0.0,0.0,1.0,530.0
pd,random,300.0,1800.0,0.1,0.1,5.0,3.75,10.0,50.0,10,100.0,0.5,full,both,inf,180.0,0.01,0.0,0.0,256,20,3,0.5,0.1,0.99,10.0,256,20,0,128,128,2.184439924600338,2.820549084957188,48.02016698443119,48.02016698443119,0.0,0.0,1.0,370.0
pd,random,300.0,1800.0,0.1,0.1,5.0,3.75,10.0,50.0,10,100.0,2.0,full,both,inf,180.0,0.01,0.0,0.0,256,20,3,0.5,0.1,0.99,10.0,256,20,0,128,128,2.179174076903052,2.814743884746937,48.35005256901309,48.35005256901309,0.0,0.0,1.0,370.0
pd,random,300.0,1800.0,0.1,0.1,5.0,3.75,10.0,50.0,10,100.0,inf,full,both,inf,180.0,0.01,0.0,0.0,256,20,3,0.5,0.1,0.99,10.0,256,20,0,128,128,2.179174076903052,2.814743884746937,48.35005256901309,48.35005256901309,0.0,0.0,1.0,370.0
