pursuer,evader,separation_m,horizon_s,pursuer_cap_mps,evader_cap_mps,pursuer_budget_mps,evader_budget_mps,dt_s,capture_m,substeps,lookahead_s,capture_speed_mps,sensor,sensed,sensor_range_m,cone_half_angle_deg,noise_fraction,prior_sigma_m,prior_sigma_mps,planner_samples,planner_segments,planner_repeat,planner_noise,planner_temperature,planner_discount,planner_capture_bonus,planner_evader_samples,planner_evader_segments,planner_rollout_substeps,episodes,wins,pursuer_dv,evader_dv,closest_m,final_range_m,pursuer_detection_fraction,pursuer_mean_error_m,outcome,median_capture_time_s
hcw,flee,300.0,1800.0,0.1,0.025,5.0,1.25,10.0,10.0,10,300.0,inf,full,both,inf,180.0,0.01,0.0,0.0,256,20,3,0.5,0.1,0.99,10.0,256,20,0,128,128,1.760604334834612,1.25,9.833283945096843,9.833283945096836,0.0,0.0,1.0,1100.0
hcw,flee,300.0,1800.0,0.1,0.025,5.0,1.25,10.0,10.0,10,600.0,inf,full,both,inf,180.0,0.01,0.0,0.0,256,20,3,0.5,0.1,0.99,10.0,256,20,0,128,0,1.7781427522006472,1.25,17.94154777369317,17.94154777369317,0.0,0.0,0.0,
hcw,flee,300.0,1800.0,0.1,0.025,5.0,2.5,10.0,10.0,10,300.0,inf,full,both,inf,180.0,0.01,0.0,0.0,256,20,3,0.5,0.1,0.99,10.0,256,20,0,128,128,2.649709478419367,2.5,9.839055136790249,9.839055136790256,0.0,0.0,1.0,1210.0
hcw,flee,300.0,1800.0,0.1,0.025,5.0,2.5,10.0,10.0,10,600.0,inf,full,both,inf,180.0,0.01,0.0,0.0,256,20,3,0.5,0.1,0.99,10.0,256,20,0,128,0,2.756326930665384,2.5,20.293805011253863,20.29380501125385,0.0,0.0,0.0,
hcw,flee,300.0,1800.0,0.1,0.025,5.0,3.75,10.0,10.0,10,300.0,inf,full,both,inf,180.0,0.01,0.0,0.0,256,20,3,0.5,0.1,0.99,10.0,256,20,0,128,128,3.737383511688009,3.668554687499994,9.899927638252448,9.89992763825244,0.0,0.0,1.0,1485.0
hcw,flee,300.0,1800.0,0.1,0.025,5.0,3.75,10.0,10.0,10,600.0,inf,full,both,inf,180.0,0.01,0.0,0.0,256,20,3,0.5,0.1,0.99,10.0,256,20,0,128,0,3.877002466510533,3.75,25.56064337674165,25.560643376741638,0.0,0.0,0.0,
hcw,flee,300.0,1800.0,0.1,0.025,5.0,4.5,10.0,10.0,10,300.0,inf,full,both,inf,180.0,0.01,0.0,0.0,256,20,3,0.5,0.1,0.99,10.0,256,20,0,128,128,3.747205387181875,3.687304687499991,9.957053477993613,9.957053477993616,0.0,0.0,1.0,1485.0
hcw,flee,300.0,1800.0,0.1,0.025,5.0,4.5,10.0,10.0,10,600.0,inf,full,both,inf,180.0,0.01,0.0,0.0,256,20,3,0.5,0.1,0.99,10.0,256,20,0,128,0,4.555670632677383,4.4999999999999964,31.52555152081425,31.52555152081426,0.0,0.0,0.0,
hcw,flee,300.0,1800.0,0.1,0.025,5.0,5.0,10.0,10.0,10,300.0,inf,full,both,inf,180.0,0.01,0.0,0.0,256,20,3,0.5,0.1,0.99,10.0,256,20,0,128,128,3.747205387181875,3.687304687499991,9.957053477993613,9.957053477993616,0.0,0.0,1.0,1485.0
hcw,flee,300.0,1800.0,0.1,0.025,5.0,5.0,10.0,10.0,10,600.0,inf,full,both,inf,180.0,0.01,0.0,0.0,256,20,3,0.5,0.1,0.99,10.0,256,20,0,128,0,4.555670632677383,4.4999999999999964,31.52555152081425,31.52555152081426,0.0,0.0,0.0,
hcw,flee,300.0,1800.0,0.1,0.025,5.0,5.5,10.0,10.0,10,300.0,inf,full,both,inf,180.0,0.01,0.0,0.0,256,20,3,0.5,0.1,0.99,10.0,256,20,0,128,128,3.747205387181875,3.687304687499991,9.957053477993613,9.957053477993616,0.0,0.0,1.0,1485.0
hcw,flee,300.0,1800.0,0.1,0.025,5.0,5.5,10.0,10.0,10,600.0,inf,full,both,inf,180.0,0.01,0.0,0.0,256,20,3,0.5,0.1,0.99,10.0,256,20,0,128,0,4.555670632677383,4.4999999999999964,31.52555152081425,31.52555152081426,0.0,0.0,0.0,
hcw,flee,300.0,1800.0,0.1,0.025,5.0,6.25,10.0,10.0,10,300.0,inf,full,both,inf,180.0,0.01,0.0,0.0,256,20,3,0.5,0.1,0.99,10.0,256,20,0,128,128,3.747205387181875,3.687304687499991,9.957053477993613,9.957053477993616,0.0,0.0,1.0,1485.0
hcw,flee,300.0,1800.0,0.1,0.025,5.0,6.25,10.0,10.0,10,600.0,inf,full,both,inf,180.0,0.01,0.0,0.0,256,20,3,0.5,0.1,0.99,10.0,256,20,0,128,0,4.555670632677383,4.4999999999999964,31.52555152081425,31.52555152081426,0.0,0.0,0.0,
hcw,flee,300.0,1800.0,0.1,0.025,5.0,7.5,10.0,10.0,10,300.0,inf,full,both,inf,180.0,0.01,0.0,0.0,256,20,3,0.5,0.1,0.99,10.0,256,20,0,128,128,3.747205387181875,3.687304687499991,9.957053477993613,9.957053477993616,0.0,0.0,1.0,1485.0
hcw,flee,300.0,1800.0,0.1,0.025,5.0,7.5,10.0,10.0,10,600.0,inf,full,both,inf,180.0,0.01,0.0,0.0,256,20,3,0.5,0.1,0.99,10.0,256,20,0,128,0,4.555670632677383,4.4999999999999964,31.52555152081425,31.52555152081426,0.0,0.0,0.0,
hcw,flee,300.0,1800.0,0.1,0.025,5.0,10.0,10.0,10.0,10,300.0,inf,full,both,inf,180.0,0.01,0.0,0.0,256,20,3,0.5,0.1,0.99,10.0,256,20,0,128,128,3.747205387181875,3.687304687499991,9.957053477993613,9.957053477993616,0.0,0.0,1.0,1485.0
hcw,flee,300.0,1800.0,0.1,0.025,5.0,10.0,10.0,10.0,10,600.0,inf,full,both,inf,180.0,0.01,0.0,0.0,256,20,3,0.5,0.1,0.99,10.0,256,20,0,128,0,4.555670632677383,4.4999999999999964,31.52555152081425,31.52555152081426,0.0,0.0,0.0,
hcw,flee,300.0,1800.0,0.1,0.025,5.0,inf,10.0,10.0,10,300.0,inf,full,both,inf,180.0,0.01,0.0,0.0,256,20,3,0.5,0.1,0.99,10.0,256,20,0,128,128,3.747205387181875,3.687304687499991,9.957053477993613,9.957053477993616,0.0,0.0,1.0,1485.0
hcw,flee,300.0,1800.0,0.1,0.025,5.0,inf,10.0,10.0,10,600.0,inf,full,both,inf,180.0,0.01,0.0,0.0,256,20,3,0.5,0.1,0.99,10.0,256,20,0,128,0,4.555670632677383,4.4999999999999964,31.52555152081425,31.52555152081426,0.0,0.0,0.0,
hcw,flee,300.0,1800.0,0.1,0.05,5.0,1.25,10.0,10.0,10,300.0,inf,full,both,inf,180.0,0.01,0.0,0.0,256,20,3,0.5,0.1,0.99,10.0,256,20,0,128,128,2.446960793198292,1.25,9.841436237383618,9.841436237383617,0.0,0.0,1.0,1110.0
hcw,flee,300.0,1800.0,0.1,0.05,5.0,1.25,10.0,10.0,10,600.0,inf,full,both,inf,180.0,0.01,0.0,0.0,256,20,3,0.5,0.1,0.99,10.0,256,20,0,128,0,2.0398121387708392,1.25,18.09254966569409,18.092549665694065,0.0,0.0,0.0,
hcw,flee,300.0,1800.0,0.1,0.05,5.0,2.5,10.0,10.0,10,300.0,inf,full,both,inf,180.0,0.01,0.0,0.0,256,20,3,0.5,0.1,0.99,10.0,256,20,0,128,128,3.0713785729515144,2.5,9.835467348737737,9.83546734873772,0.0,0.0,1.0,1145.0
hcw,flee,300.0,1800.0,0.1,0.05,5.0,2.5,10.0,10.0,10,600.0,inf,full,both,inf,180.0,0.01,0.0,0.0,256,20,3,0.5,0.1,0.99,10.0,256,20,0,128,0,3.055502856844396,2.5,19.35031213766768,19.35031213766771,0.0,0.0,0.0,
hcw,flee,300.0,1800.0,0.1,0.05,5.0,3.75,10.0,10.0,10,300.0,inf,full,both,inf,180.0,0.01,0.0,0.0,256,20,3,0.5,0.1,0.99,10.0,256,20,0,128,128,4.051984689358333,3.75,9.848346787342155,9.848346787342155,0.0,0.0,1.0,1210.0
hcw,flee,300.0,1800.0,0.1,0.05,5.0,3.75,10.0,10.0,10,600.0,inf,full,both,inf,180.0,0.01,0.0,0.0,256,20,3,0.5,0.1,0.99,10.0,256,20,0,128,0,4.145549027506571,3.75,21.23581158067759,21.23581158067764,0.0,0.0,0.0,
hcw,flee,300.0,1800.0,0.1,0.05,5.0,4.5,10.0,10.0,10,300.0,inf,full,both,inf,180.0,0.01,0.0,0.0,256,20,3,0.5,0.1,0.99,10.0,256,20,0,128,128,4.721126455622466,4.5,9.842714154728329,9.842714154728316,0.0,0.0,1.0,1260.0
hcw,flee,300.0,1800.0,0.1,0.05,5.0,4.5,10.0,10.0,10,600.0,inf,full,both,inf,180.0,0.01,0.0,0.0,256,20,3,0.5,0.1,0.99,10.0,256,20,0,128,9,4.817248956547824,4.5,21.607185284669576,21.60718528466959,0.0,0.0,0.0703125,1680.0
hcw,flee,300.0,1800.0,0.1,0.05,5.0,5.0,10.0,10.0,10,300.0,inf,full,both,inf,180.0,0.01,0.0,0.0,256,20,3,0.5,0.1,0.99,10.0,256,20,0,128,52,5.0,5.0,20.27991101454085,71.92284498948719,0.0,0.0,0.40625,1310.0
hcw,flee,300.0,1800.0,0.1,0.05,5.0,5.0,10.0,10.0,10,600.0,inf,full,both,inf,180.0,0.01,0.0,0.0,256,20,3,0.5,0.1,0.99,10.0,256,20,0,128,24,5.0,5.0,60.17576159501154,120.1828454538472,0.0,0.0,0.1875,1640.0
hcw,flee,300.0,1800.0,0.1,0.05,5.0,5.5,10.0,10.0,10,300.0,inf,full,both,inf,180.0,0.01,0.0,0.0,256,20,3,0.5,0.1,0.99,10.0,256,20,0,128,0,5.0,5.5,28.751659389173213,441.375768873026,0.0,0.0,0.0,
hcw,flee,300.0,1800.0,0.1,0.05,5.0,5.5,10.0,10.0,10,600.0,inf,full,both,inf,180.0,0.01,0.0,0.0,256,20,3,0.5,0.1,0.99,10.0,256,20,0,128,0,5.0,5.5,89.96146458630939,493.1555253337312,0.0,0.0,0.0,
hcw,flee,300.0,1800.0,0.1,0.05,5.0,6.25,10.0,10.0,10,300.0,inf,full,both,inf,180.0,0.01,0.0,0.0,256,20,3,0.5,0.1,0.99,10.0,256,20,0,128,0,5.0,6.25,28.751659389173213,920.02332280957,0.0,0.0,0.0,
hcw,flee,300.0,1800.0,0.1,0.05,5.0,6.25,10.0,10.0,10,600.0,inf,full,both,inf,180.0,0.01,0.0,0.0,256,20,3,0.5,0.1,0.99,10.0,256,20,0,128,0,5.0,6.25,89.96146458630939,968.2151038261188,0.0,0.0,0.0,
hcw,flee,300.0,1800.0,0.1,0.05,5.0,7.5,10.0,10.0,10,300.0,inf,full,both,inf,180.0,0.01,0.0,0.0,256,20,3,0.5,0.1,0.99,10.0,256,20,0,128,0,5.0,7.5,28.751659389173213,1460.9739278415257,0.0,0.0,0.0,
hcw,flee,300.0,1800.0,0.1,0.05,5.0,7.5,10.0,10.0,10,600.0,inf,full,both,inf,180.0,0.01,0.0,0.0,256,20,3,0.5,0.1,0.99,10.0,256,20,0,128,0,5.0,7.5,89.96146458630939,1507.6886431387782,0.0,0.0,0.0,
hcw,flee,300.0,1800.0,0.1,0.05,5.0,10.0,10.0,10.0,10,300.0,inf,full,both,inf,180.0,0.01,0.0,0.0,256,20,3,0.5,0.1,0.99,10.0,256,20,0,128,0,5.0,8.999999999999993,28.751659389173213,1693.836556878306,0.0,0.0,0.0,
hcw,flee,300.0,1800.0,0.1,0.05,5.0,10.0,10.0,10.0,10,600.0,inf,full,both,inf,180.0,0.01,0.0,0.0,256,20,3,0.5,0.1,0.99,10.0,256,20,0,128,0,5.0,8.999999999999993,89.96146458630939,1740.4869167518264,0.0,0.0,0.0,
hcw,flee,300.0,1800.0,0.1,0.05,5.0,inf,10.0,10.0,10,300.0,inf,full,both,inf,180.0,0.01,0.0,0.0,256,20,3,0.5,0.1,0.99,10.0,256,20,0,128,0,5.0,8.999999999999993,28.751659389173213,1693.836556878306,0.0,0.0,0.0,
hcw,flee,300.0,1800.0,0.1,0.05,5.0,inf,10.0,10.0,10,600.0,inf,full,both,inf,180.0,0.01,0.0,0.0,256,20,3,0.5,0.1,0.99,10.0,256,20,0,128,0,5.0,8.999999999999993,89.96146458630939,1740.4869167518264,0.0,0.0,0.0,
hcw,flee,300.0,1800.0,0.1,0.075,5.0,1.25,10.0,10.0,10,300.0,inf,full,both,inf,180.0,0.01,0.0,0.0,256,20,3,0.5,0.1,0.99,10.0,256,20,0,128,128,2.880093055320214,1.25,9.839759579268753,9.839759579268746,0.0,0.0,1.0,1160.0
hcw,flee,300.0,1800.0,0.1,0.075,5.0,1.25,10.0,10.0,10,600.0,inf,full,both,inf,180.0,0.01,0.0,0.0,256,20,3,0.5,0.1,0.99,10.0,256,20,0,128,0,2.1886320504008654,1.25,19.14287112057351,19.14287112057351,0.0,0.0,0.0,
hcw,flee,300.0,1800.0,0.1,0.075,5.0,2.5,10.0,10.0,10,300.0,inf,full,both,inf,180.0,0.01,0.0,0.0,256,20,3,0.5,0.1,0.99,10.0,256,20,0,128,128,3.663089361526081,2.5,9.827930772063189,9.827930772063196,0.0,0.0,1.0,1190.0
hcw,flee,300.0,1800.0,0.1,0.075,5.0,2.5,10.0,10.0,10,600.0,inf,full,both,inf,180.0,0.01,0.0,0.0,256,20,3,0.5,0.1,0.99,10.0,256,20,0,128,0,3.250803430764302,2.5,20.22277144323179,20.22277144323179,0.0,0.0,0.0,
hcw,flee,300.0,1800.0,0.1,0.075,5.0,3.75,10.0,10.0,10,300.0,inf,full,both,inf,180.0,0.01,0.0,0.0,256,20,3,0.5,0.1,0.99,10.0,256,20,0,128,128,4.491297843917278,3.75,9.84172037921861,9.841720379218607,0.0,0.0,1.0,1220.0
hcw,flee,300.0,1800.0,0.1,0.075,5.0,3.75,10.0,10.0,10,600.0,inf,full,both,inf,180.0,0.01,0.0,0.0,256,20,3,0.5,0.1,0.99,10.0,256,20,0,128,0,4.3590905416215024,3.75,21.56337614944627,21.56337614944624,0.0,0.0,0.0,
hcw,flee,300.0,1800.0,0.1,0.075,5.0,4.5,10.0,10.0,10,300.0,inf,full,both,inf,180.0,0.01,0.0,0.0,256,20,3,0.5,0.1,0.99,10.0,256,20,0,128,128,4.97630543484504,4.5,9.45709357065394,9.457093570653932,0.0,0.0,1.0,1190.0
hcw,flee,300.0,1800.0,0.1,0.075,5.0,4.5,10.0,10.0,10,600.0,inf,full,both,inf,180.0,0.01,0.0,0.0,256,20,3,0.5,0.1,0.99,10.0,256,20,0,128,45,4.961234540701766,4.5,17.668619037713594,19.68032777332527,0.0,0.0,0.3515625,1410.0
hcw,flee,300.0,1800.0,0.1,0.075,5.0,5.0,10.0,10.0,10,300.0,inf,full,both,inf,180.0,0.01,0.0,0.0,256,20,3,0.5,0.1,0.99,10.0,256,20,0,128,19,5.0,5.0,52.43191663186775,154.66883544024805,0.0,0.0,0.1484375,1240.0
hcw,flee,300.0,1800.0,0.1,0.075,5.0,5.0,10.0,10.0,10,600.0,inf,full,both,inf,180.0,0.01,0.0,0.0,256,20,3,0.5,0.1,0.99,10.0,256,20,0,128,7,5.0,5.0,105.36018647586712,219.02078985541493,0.0,0.0,0.0546875,1410.0
hcw,flee,300.0,1800.0,0.1,0.075,5.0,5.5,10.0,10.0,10,300.0,inf,full,both,inf,180.0,0.01,0.0,0.0,256,20,3,0.5,0.1,0.99,10.0,256,20,0,128,0,5.0,5.5,76.99795413220424,726.392684259769,0.0,0.0,0.0,
hcw,flee,300.0,1800.0,0.1,0.075,5.0,5.5,10.0,10.0,10,600.0,inf,full,both,inf,180.0,0.01,0.0,0.0,256,20,3,0.5,0.1,0.99,10.0,256,20,0,128,0,5.0,5.5,149.76859881268504,787.7387895451914,0.0,0.0,0.0,
hcw,flee,300.0,1800.0,0.1,0.075,5.0,6.25,10.0,10.0,10,300.0,inf,full,both,inf,180.0,0.01,0.0,0.0,256,20,3,0.5,0.1,0.99,10.0,256,20,0,128,0,5.0,6.25,76.99795413220424,1535.8226427233046,0.0,0.0,0.0,
hcw,flee,300.0,1800.0,0.1,0.075,5.0,6.25,10.0,10.0,10,600.0,inf,full,both,inf,180.0,0.01,0.0,0.0,256,20,3,0.5,0.1,0.99,10.0,256,20,0,128,0,5.0,6.25,149.76859881268504,1586.2677486606951,0.0,0.0,0.0,
hcw,flee,300.0,1800.0,0.1,0.075,5.0,7.5,10.0,10.0,10,300.0,inf,full,both,inf,180.0,0.01,0.0,0.0,256,20,3,0.5,0.1,0.99,10.0,256,20,0,128,0,5.0,7.5,76.99795413220424,2690.7579356354468,0.0,0.0,0.0,
hcw,flee,300.0,1800.0,0.1,0.075,5.0,7.5,10.0,10.0,10,600.0,inf,full,both,inf,180.0,0.01,0.0,0.0,256,20,3,0.5,0.1,0.99,10.0,256,20,0,128,0,5.0,7.5,149.76859881268504,2731.055491346921,0.0,0.0,0.0,
hcw,flee,300.0,1800.0,0.1,0.075,5.0,10.0,10.0,10.0,10,300.0,inf,full,both,inf,180.0,0.01,0.0,0.0,256,20,3,0.5,0.1,0.99,10.0,256,20,0,128,0,5.0,10.0,76.99795413220424,4317.287369921308,0.0,0.0,0.0,
hcw,flee,300.0,1800.0,0.1,0.075,5.0,10.0,10.0,10.0,10,600.0,inf,full,both,inf,180.0,0.01,0.0,0.0,256,20,3,0.5,0.1,0.99,10.0,256,20,0,128,0,5.0,10.0,149.76859881268504,4353.85190713272,0.0,0.0,0.0,
hcw,flee,300.0,1800.0,0.1,0.075,5.0,inf,10.0,10.0,10,300.0,inf,full,both,inf,180.0,0.01,0.0,0.0,256,20,3,0.5,0.1,0.99,10.0,256,20,0,128,0,5.0,13.49999999999996,76.99795413220424,5154.986956193323,0.0,0.0,0.0,
hcw,flee,300.0,1800.0,0.1,0.075,5.0,inf,10.0,10.0,10,600.0,inf,full,both,inf,180.0,0.01,0.0,0.0,256,20,3,0.5,0.1,0.99,10.0,256,20,0,128,0,5.0,13.49999999999996,149.76859881268504,5191.82114930023,0.0,0.0,0.0,
hcw,flee,300.0,1800.0,0.1,0.09,5.0,1.25,10.0,10.0,10,300.0,inf,full,both,inf,180.0,0.01,0.0,0.0,256,20,3,0.5,0.1,0.99,10.0,256,20,0,128,128,2.970574381535245,1.25,9.836310142755249,9.836310142755252,0.0,0.0,1.0,1180.0
hcw,flee,300.0,1800.0,0.1,0.09,5.0,1.25,10.0,10.0,10,600.0,inf,full,both,inf,180.0,0.01,0.0,0.0,256,20,3,0.5,0.1,0.99,10.0,256,20,0,128,0,2.244650540217908,1.25,20.27782960529964,20.27782960529959,0.0,0.0,0.0,
hcw,flee,300.0,1800.0,0.1,0.09,5.0,2.5,10.0,10.0,10,300.0,inf,full,both,inf,180.0,0.01,0.0,0.0,256,20,3,0.5,0.1,0.99,10.0,256,20,0,128,128,4.104781967844507,2.5,9.842651318336443,9.84265131833644,0.0,0.0,1.0,1270.0
hcw,flee,300.0,1800.0,0.1,0.09,5.0,2.5,10.0,10.0,10,600.0,inf,full,both,inf,180.0,0.01,0.0,0.0,256,20,3,0.5,0.1,0.99,10.0,256,20,0,128,0,3.424633197986631,2.5,23.198747260080747,23.198747260080665,0.0,0.0,0.0,
hcw,flee,300.0,1800.0,0.1,0.09,5.0,3.75,10.0,10.0,10,300.0,inf,full,both,inf,180.0,0.01,0.0,0.0,256,20,3,0.5,0.1,0.99,10.0,256,20,0,128,128,4.966339414945962,3.75,8.939184223838613,8.939184223838668,0.0,0.0,1.0,1190.0
hcw,flee,300.0,1800.0,0.1,0.09,5.0,3.75,10.0,10.0,10,600.0,inf,full,both,inf,180.0,0.01,0.0,0.0,256,20,3,0.5,0.1,0.99,10.0,256,20,0,128,0,4.55848006582084,3.75,25.149479059765,25.14947905976497,0.0,0.0,0.0,
hcw,flee,300.0,1800.0,0.1,0.09,5.0,4.5,10.0,10.0,10,300.0,inf,full,both,inf,180.0,0.01,0.0,0.0,256,20,3,0.5,0.1,0.99,10.0,256,20,0,128,83,5.0,4.5,40.02317587836145,99.67177737177036,0.0,0.0,0.6484375,830.0
hcw,flee,300.0,1800.0,0.1,0.09,5.0,4.5,10.0,10.0,10,600.0,inf,full,both,inf,180.0,0.01,0.0,0.0,256,20,3,0.5,0.1,0.99,10.0,256,20,0,128,69,5.0,4.5,34.787200013733724,51.76331421253076,0.0,0.0,0.5390625,1410.0
hcw,flee,300.0,1800.0,0.1,0.09,5.0,5.0,10.0,10.0,10,300.0,inf,full,both,inf,180.0,0.01,0.0,0.0,256,20,3,0.5,0.1,0.99,10.0,256,20,0,128,3,5.0,5.0,135.97801281122906,347.5117329186856,0.0,0.0,0.0234375,1220.0
hcw,flee,300.0,1800.0,0.1,0.09,5.0,5.0,10.0,10.0,10,600.0,inf,full,both,inf,180.0,0.01,0.0,0.0,256,20,3,0.5,0.1,0.99,10.0,256,20,0,128,4,5.0,5.0,154.88516925613789,332.7247610553489,0.0,0.0,0.03125,1370.0
hcw,flee,300.0,1800.0,0.1,0.09,5.0,5.5,10.0,10.0,10,300.0,inf,full,both,inf,180.0,0.01,0.0,0.0,256,20,3,0.5,0.1,0.99,10.0,256,20,0,128,0,5.0,5.5,179.12491160361822,989.1453533633658,0.0,0.0,0.0,
hcw,flee,300.0,1800.0,0.1,0.09,5.0,5.5,10.0,10.0,10,600.0,inf,full,both,inf,180.0,0.01,0.0,0.0,256,20,3,0.5,0.1,0.99,10.0,256,20,0,128,0,5.0,5.5,210.50768204277304,975.2580557916376,0.0,0.0,0.0,
hcw,flee,300.0,1800.0,0.1,0.09,5.0,6.25,10.0,10.0,10,300.0,inf,full,both,inf,180.0,0.01,0.0,0.0,256,20,3,0.5,0.1,0.99,10.0,256,20,0,128,0,5.0,6.25,179.12491160361822,1923.096407970885,0.0,0.0,0.0,
hcw,flee,300.0,1800.0,0.1,0.09,5.0,6.25,10.0,10.0,10,600.0,inf,full,both,inf,180.0,0.01,0.0,0.0,256,20,3,0.5,0.1,0.99,10.0,256,20,0,128,0,5.0,6.25,210.50768204277304,1897.135174426685,0.0,0.0,0.0,
hcw,flee,300.0,1800.0,0.1,0.09,5.0,7.5,10.0,10.0,10,300.0,inf,full,both,inf,180.0,0.01,0.0,0.0,256,20,3,0.5,0.1,0.99,10.0,256,20,0,128,0,5.0,7.5,179.12491160361822,3306.531742379276,0.0,0.0,0.0,
hcw,flee,300.0,1800.0,0.1,0.09,5.0,7.5,10.0,10.0,10,600.0,inf,full,both,inf,180.0,0.01,0.0,0.0,256,20,3,0.5,0.1,0.99,10.0,256,20,0,128,0,5.0,7.5,210.50768204277304,3266.2702664308786,0.0,0.0,0.0,
hcw,flee,300.0,1800.0,0.1,0.09,5.0,10.0,10.0,10.0,10,300.0,inf,full,both,inf,180.0,0.01,0.0,0.0,256,20,3,0.5,0.1,0.99,10.0,256,20,0,128,0,5.0,10.0,179.12491160361822,5463.167394640807,0.0,0.0,0.0,
hcw,flee,300.0,1800.0,0.1,0.09,5.0,10.0,10.0,10.0,10,600.0,inf,full,both,inf,180.0,0.01,0.0,0.0,256,20,3,0.5,0.1,0.99,10.0,256,20,0,128,0,5.0,10.0,210.50768204277304,5415.282444561742,0.0,0.0,0.0,
hcw,flee,300.0,1800.0,0.1,0.09,5.0,inf,10.0,10.0,10,300.0,inf,full,both,inf,180.0,0.01,0.0,0.0,256,20,3,0.5,0.1,0.99,10.0,256,20,0,128,0,5.0,16.19999999999998,179.12491160361822,7649.309101324949,0.0,0.0,0.0,
hcw,flee,300.0,1800.0,0.1,0.09,5.0,inf,10.0,10.0,10,600.0,inf,full,both,inf,180.0,0.01,0.0,0.0,256,20,3,0.5,0.1,0.99,10.0,256,20,0,128,0,5.0,16.19999999999998,210.50768204277304,7603.402579783796,0.0,0.0,0.0,
hcw,flee,300.0,1800.0,0.1,0.1,5.0,1.25,10.0,10.0,10,300.0,inf,full,both,inf,180.0,0.01,0.0,0.0,256,20,3,0.5,0.1,0.99,10.0,256,20,0,128,128,3.0169298330001983,1.25,9.847622245543445,9.847622245543445,0.0,0.0,1.0,1190.0
hcw,flee,300.0,1800.0,0.1,0.1,5.0,1.25,10.0,10.0,10,600.0,inf,full,both,inf,180.0,0.01,0.0,0.0,256,20,3,0.5,0.1,0.99,10.0,256,20,0,128,0,2.269970319716356,1.25,20.869784811414224,20.869784811414227,0.0,0.0,0.0,
hcw,flee,300.0,1800.0,0.1,0.1,5.0,2.5,10.0,10.0,10,300.0,inf,full,both,inf,180.0,0.01,0.0,0.0,256,20,3,0.5,0.1,0.99,10.0,256,20,0,128,128,4.28792731151583,2.5,9.841398377193212,9.84139837719321,0.0,0.0,1.0,1310.0
hcw,flee,300.0,1800.0,0.1,0.1,5.0,2.5,10.0,10.0,10,600.0,inf,full,both,inf,180.0,0.01,0.0,0.0,256,20,3,0.5,0.1,0.99,10.0,256,20,0,128,0,3.528101329549967,2.5,26.16303306392421,26.16303306392424,0.0,0.0,0.0,
hcw,flee,300.0,1800.0,0.1,0.1,5.0,3.75,10.0,10.0,10,300.0,inf,full,both,inf,180.0,0.01,0.0,0.0,256,20,3,0.5,0.1,0.99,10.0,256,20,0,128,117,5.0,3.75,7.88393299932255,65.77423983622526,0.0,0.0,0.9140625,920.0
hcw,flee,300.0,1800.0,0.1,0.1,5.0,3.75,10.0,10.0,10,600.0,inf,full,both,inf,180.0,0.01,0.0,0.0,256,20,3,0.5,0.1,0.99,10.0,256,20,0,128,20,4.747816831778395,3.75,27.40039369092078,27.40039369092084,0.0,0.0,0.15625,1490.0
hcw,flee,300.0,1800.0,0.1,0.1,5.0,4.5,10.0,10.0,10,300.0,inf,full,both,inf,180.0,0.01,0.0,0.0,256,20,3,0.5,0.1,0.99,10.0,256,20,0,128,30,5.0,4.5,94.286452810509,367.5670941833448,0.0,0.0,0.234375,900.0
hcw,flee,300.0,1800.0,0.1,0.1,5.0,4.5,10.0,10.0,10,600.0,inf,full,both,inf,180.0,0.01,0.0,0.0,256,20,3,0.5,0.1,0.99,10.0,256,20,0,128,80,5.0,4.5,70.6397877938875,140.0874622801949,0.0,0.0,0.625,1230.0
hcw,flee,300.0,1800.0,0.1,0.1,5.0,5.0,10.0,10.0,10,300.0,inf,full,both,inf,180.0,0.01,0.0,0.0,256,20,3,0.5,0.1,0.99,10.0,256,20,0,128,1,5.0,5.0,224.83894320529703,594.668572844688,0.0,0.0,0.0078125,1440.0
hcw,flee,300.0,1800.0,0.1,0.1,5.0,5.0,10.0,10.0,10,600.0,inf,full,both,inf,180.0,0.01,0.0,0.0,256,20,3,0.5,0.1,0.99,10.0,256,20,0,128,2,5.0,5.0,219.9487139442111,518.6161464967704,0.0,0.0,0.015625,1455.0
hcw,flee,300.0,1800.0,0.1,0.1,5.0,5.5,10.0,10.0,10,300.0,inf,full,both,inf,180.0,0.01,0.0,0.0,256,20,3,0.5,0.1,0.99,10.0,256,20,0,128,0,5.0,5.5,289.7472216118412,1269.597105417491,0.0,0.0,0.0,
hcw,flee,300.0,1800.0,0.1,0.1,5.0,5.5,10.0,10.0,10,600.0,inf,full,both,inf,180.0,0.01,0.0,0.0,256,20,3,0.5,0.1,0.99,10.0,256,20,0,128,0,5.0,5.5,292.5683144905384,1198.7720157361796,0.0,0.0,0.0,
hcw,flee,300.0,1800.0,0.1,0.1,5.0,6.25,10.0,10.0,10,300.0,inf,full,both,inf,180.0,0.01,0.0,0.0,256,20,3,0.5,0.1,0.99,10.0,256,20,0,128,0,5.0,6.25,289.7472216118412,2266.405703654033,0.0,0.0,0.0,
hcw,flee,300.0,1800.0,0.1,0.1,5.0,6.25,10.0,10.0,10,600.0,inf,full,both,inf,180.0,0.01,0.0,0.0,256,20,3,0.5,0.1,0.99,10.0,256,20,0,128,0,5.0,6.25,292.5683144905384,2187.271851647517,0.0,0.0,0.0,
hcw,flee,300.0,1800.0,0.1,0.1,5.0,7.5,10.0,10.0,10,300.0,inf,full,both,inf,180.0,0.01,0.0,0.0,256,20,3,0.5,0.1,0.99,10.0,256,20,0,128,0,5.0,7.5,289.7472216118412,3770.6231095628114,0.0,0.0,0.0,
hcw,flee,300.0,1800.0,0.1,0.1,5.0,7.5,10.0,10.0,10,600.0,inf,full,both,inf,180.0,0.01,0.0,0.0,256,20,3,0.5,0.1,0.99,10.0,256,20,0,128,0,5.0,7.5,292.5683144905384,3677.711997631696,0.0,0.0,0.0,
hcw,flee,300.0,1800.0,0.1,0.1,5.0,10.0,10.0,10.0,10,300.0,inf,full,both,inf,180.0,0.01,0.0,0.0,256,20,3,0.5,0.1,0.99,10.0,256,20,0,128,0,5.0,10.0,289.7472216118412,6205.570833012475,0.0,0.0,0.0,
hcw,flee,300.0,1800.0,0.1,0.1,5.0,10.0,10.0,10.0,10,600.0,inf,full,both,inf,180.0,0.01,0.0,0.0,256,20,3,0.5,0.1,0.99,10.0,256,20,0,128,0,5.0,10.0,292.5683144905384,6103.508007108271,0.0,0.0,0.0,
hcw,flee,300.0,1800.0,0.1,0.1,5.0,inf,10.0,10.0,10,300.0,inf,full,both,inf,180.0,0.01,0.0,0.0,256,20,3,0.5,0.1,0.99,10.0,256,20,0,128,0,5.0,17.999999999999986,289.7472216118412,9484.639475223115,0.0,0.0,0.0,
hcw,flee,300.0,1800.0,0.1,0.1,5.0,inf,10.0,10.0,10,600.0,inf,full,both,inf,180.0,0.01,0.0,0.0,256,20,3,0.5,0.1,0.99,10.0,256,20,0,128,0,5.0,17.999999999999986,292.5683144905384,9387.232159194258,0.0,0.0,0.0,
hcw,flee,300.0,1800.0,0.1,0.11,5.0,1.25,10.0,10.0,10,300.0,inf,full,both,inf,180.0,0.01,0.0,0.0,256,20,3,0.5,0.1,0.99,10.0,256,20,0,128,128,3.052115485498592,1.25,9.830670218772177,9.83067021877218,0.0,0.0,1.0,1190.0
hcw,flee,300.0,1800.0,0.1,0.11,5.0,1.25,10.0,10.0,10,600.0,inf,full,both,inf,180.0,0.01,0.0,0.0,256,20,3,0.5,0.1,0.99,10.0,256,20,0,128,0,2.2896637176354275,1.25,21.35910039436385,21.359100394363853,0.0,0.0,0.0,
hcw,flee,300.0,1800.0,0.1,0.11,5.0,2.5,10.0,10.0,10,300.0,inf,full,both,inf,180.0,0.01,0.0,0.0,256,20,3,0.5,0.1,0.99,10.0,256,20,0,128,128,4.431366120234364,2.5,9.823188260887466,9.82318826088746,0.0,0.0,1.0,1340.0
hcw,flee,300.0,1800.0,0.1,0.11,5.0,2.5,10.0,10.0,10,600.0,inf,full,both,inf,180.0,0.01,0.0,0.0,256,20,3,0.5,0.1,0.99,10.0,256,20,0,128,0,3.6130420981662033,2.5,28.60884242333466,28.608842423334615,0.0,0.0,0.0,
hcw,flee,300.0,1800.0,0.1,0.11,5.0,3.75,10.0,10.0,10,300.0,inf,full,both,inf,180.0,0.01,0.0,0.0,256,20,3,0.5,0.1,0.99,10.0,256,20,0,128,101,5.0,3.75,10.98431423119896,152.21148691252063,0.0,0.0,0.7890625,850.0
hcw,flee,300.0,1800.0,0.1,0.11,5.0,3.75,10.0,10.0,10,600.0,inf,full,both,inf,180.0,0.01,0.0,0.0,256,20,3,0.5,0.1,0.99,10.0,256,20,0,128,37,4.87323196799967,3.75,27.503578675635783,27.50357867563582,0.0,0.0,0.2890625,1350.0
hcw,flee,300.0,1800.0,0.1,0.11,5.0,4.5,10.0,10.0,10,300.0,inf,full,both,inf,180.0,0.01,0.0,0.0,256,20,3,0.5,0.1,0.99,10.0,256,20,0,128,7,5.0,4.5,136.9965751147119,538.0291344831319,0.0,0.0,0.0546875,960.0
hcw,flee,300.0,1800.0,0.1,0.11,5.0,4.5,10.0,10.0,10,600.0,inf,full,both,inf,180.0,0.01,0.0,0.0,256,20,3,0.5,0.1,0.99,10.0,256,20,0,128,63,5.0,4.5,98.4534687128045,248.17476661929012,0.0,0.0,0.4921875,1130.0
hcw,flee,300.0,1800.0,0.1,0.11,5.0,5.0,10.0,10.0,10,300.0,inf,full,both,inf,180.0,0.01,0.0,0.0,256,20,3,0.5,0.1,0.99,10.0,256,20,0,128,1,5.0,5.0,258.76475021885653,810.1014912343915,0.0,0.0,0.0078125,1540.0
hcw,flee,300.0,1800.0,0.1,0.11,5.0,5.0,10.0,10.0,10,600.0,inf,full,both,inf,180.0,0.01,0.0,0.0,256,20,3,0.5,0.1,0.99,10.0,256,20,0,128,1,5.0,5.0,259.1700463177933,713.4282907227969,0.0,0.0,0.0078125,1550.0
hcw,flee,300.0,1800.0,0.1,0.11,5.0,5.5,10.0,10.0,10,300.0,inf,full,both,inf,180.0,0.01,0.0,0.0,256,20,3,0.5,0.1,0.99,10.0,256,20,0,128,0,5.0,5.5,300.0,1514.0993045272303,0.0,0.0,0.0,
hcw,flee,300.0,1800.0,0.1,0.11,5.0,5.5,10.0,10.0,10,600.0,inf,full,both,inf,180.0,0.01,0.0,0.0,256,20,3,0.5,0.1,0.99,10.0,256,20,0,128,0,5.0,5.5,300.0,1428.516003146601,0.0,0.0,0.0,
hcw,flee,300.0,1800.0,0.1,0.11,5.0,6.25,10.0,10.0,10,300.0,inf,full,both,inf,180.0,0.01,0.0,0.0,256,20,3,0.5,0.1,0.99,10.0,256,20,0,128,0,5.0,6.25,300.0,2562.5547386558865,0.0,0.0,0.0,
hcw,flee,300.0,1800.0,0.1,0.11,5.0,6.25,10.0,10.0,10,600.0,inf,full,both,inf,180.0,0.01,0.0,0.0,256,20,3,0.5,0.1,0.99,10.0,256,20,0,128,0,5.0,6.25,300.0,2473.5378068737227,0.0,0.0,0.0,
hcw,flee,300.0,1800.0,0.1,0.11,5.0,7.5,10.0,10.0,10,300.0,inf,full,both,inf,180.0,0.01,0.0,0.0,256,20,3,0.5,0.1,0.99,10.0,256,20,0,128,0,5.0,7.5,300.0,4167.41530415849,0.0,0.0,0.0,
hcw,flee,300.0,1800.0,0.1,0.11,5.0,7.5,10.0,10.0,10,600.0,inf,full,both,inf,180.0,0.01,0.0,0.0,256,20,3,0.5,0.1,0.99,10.0,256,20,0,128,0,5.0,7.5,300.0,4068.207442015672,0.0,0.0,0.0,
hcw,flee,300.0,1800.0,0.1,0.11,5.0,10.0,10.0,10.0,10,300.0,inf,full,both,inf,180.0,0.01,0.0,0.0,256,20,3,0.5,0.1,0.99,10.0,256,20,0,128,0,5.0,10.0,300.0,6838.523367741683,0.0,0.0,0.0,
hcw,flee,300.0,1800.0,0.1,0.11,5.0,10.0,10.0,10.0,10,600.0,inf,full,both,inf,180.0,0.01,0.0,0.0,256,20,3,0.5,0.1,0.99,10.0,256,20,0,128,0,5.0,10.0,300.0,6730.933562604168,0.0,0.0,0.0,
hcw,flee,300.0,1800.0,0.1,0.11,5.0,inf,10.0,10.0,10,300.0,inf,full,both,inf,180.0,0.01,0.0,0.0,256,20,3,0.5,0.1,0.99,10.0,256,20,0,128,0,5.0,19.79999999999995,300.0,11321.315627829314,0.0,0.0,0.0,
hcw,flee,300.0,1800.0,0.1,0.11,5.0,inf,10.0,10.0,10,600.0,inf,full,both,inf,180.0,0.01,0.0,0.0,256,20,3,0.5,0.1,0.99,10.0,256,20,0,128,0,5.0,19.79999999999995,300.0,11221.037175037289,0.0,0.0,0.0,
hcw,flee,300.0,1800.0,0.1,0.125,5.0,1.25,10.0,10.0,10,300.0,inf,full,both,inf,180.0,0.01,0.0,0.0,256,20,3,0.5,0.1,0.99,10.0,256,20,0,128,128,3.0929857551254307,1.25,9.827052788992862,9.827052788992876,0.0,0.0,1.0,1200.0
hcw,flee,300.0,1800.0,0.1,0.125,5.0,1.25,10.0,10.0,10,600.0,inf,full,both,inf,180.0,0.01,0.0,0.0,256,20,3,0.5,0.1,0.99,10.0,256,20,0,128,0,2.313684235696267,1.25,21.9562216814868,21.956221681486824,0.0,0.0,0.0,
hcw,flee,300.0,1800.0,0.1,0.125,5.0,2.5,10.0,10.0,10,300.0,inf,full,both,inf,180.0,0.01,0.0,0.0,256,20,3,0.5,0.1,0.99,10.0,256,20,0,128,128,4.601822077515866,2.5,9.841606591235044,9.84160659123505,0.0,0.0,1.0,1380.0
hcw,flee,300.0,1800.0,0.1,0.125,5.0,2.5,10.0,10.0,10,600.0,inf,full,both,inf,180.0,0.01,0.0,0.0,256,20,3,0.5,0.1,0.99,10.0,256,20,0,128,0,3.715413919707742,2.5,31.5864827586202,31.5864827586202,0.0,0.0,0.0,
hcw,flee,300.0,1800.0,0.1,0.125,5.0,3.75,10.0,10.0,10,300.0,inf,full,both,inf,180.0,0.01,0.0,0.0,256,20,3,0.5,0.1,0.99,10.0,256,20,0,128,78,5.0,3.75,24.08008617069984,299.65205316368474,0.0,0.0,0.609375,820.0
hcw,flee,300.0,1800.0,0.1,0.125,5.0,3.75,10.0,10.0,10,600.0,inf,full,both,inf,180.0,0.01,0.0,0.0,256,20,3,0.5,0.1,0.99,10.0,256,20,0,128,55,4.972529790673169,3.75,25.88849962292054,41.29275960286125,0.0,0.0,0.4296875,1390.0
hcw,flee,300.0,1800.0,0.1,0.125,5.0,4.5,10.0,10.0,10,300.0,inf,full,both,inf,180.0,0.01,0.0,0.0,256,20,3,0.5,0.1,0.99,10.0,256,20,0,128,5,5.0,4.5,183.12072330924624,671.4331622775471,0.0,0.0,0.0390625,1060.0
hcw,flee,300.0,1800.0,0.1,0.125,5.0,4.5,10.0,10.0,10,600.0,inf,full,both,inf,180.0,0.01,0.0,0.0,256,20,3,0.5,0.1,0.99,10.0,256,20,0,128,23,5.0,4.5,134.14419247772378,491.0689897009781,0.0,0.0,0.1796875,1120.0
hcw,flee,300.0,1800.0,0.1,0.125,5.0,5.0,10.0,10.0,10,300.0,inf,full,both,inf,180.0,0.01,0.0,0.0,256,20,3,0.5,0.1,0.99,10.0,256,20,0,128,0,5.0,5.0,275.28701885849057,1074.790193827769,0.0,0.0,0.0,
hcw,flee,300.0,1800.0,0.1,0.125,5.0,5.0,10.0,10.0,10,600.0,inf,full,both,inf,180.0,0.01,0.0,0.0,256,20,3,0.5,0.1,0.99,10.0,256,20,0,128,0,5.0,5.0,274.92792761996014,956.5810146933976,0.0,0.0,0.0,
hcw,flee,300.0,1800.0,0.1,0.125,5.0,5.5,10.0,10.0,10,300.0,inf,full,both,inf,180.0,0.01,0.0,0.0,256,20,3,0.5,0.1,0.99,10.0,256,20,0,128,0,5.0,5.5,300.0,1816.188595235973,0.0,0.0,0.0,
hcw,flee,300.0,1800.0,0.1,0.125,5.0,5.5,10.0,10.0,10,600.0,inf,full,both,inf,180.0,0.01,0.0,0.0,256,20,3,0.5,0.1,0.99,10.0,256,20,0,128,0,5.0,5.5,300.0,1717.8272509450842,0.0,0.0,0.0,
hcw,flee,300.0,1800.0,0.1,0.125,5.0,6.25,10.0,10.0,10,300.0,inf,full,both,inf,180.0,0.01,0.0,0.0,256,20,3,0.5,0.1,0.99,10.0,256,20,0,128,0,5.0,6.25,300.0,2931.1393333636333,0.0,0.0,0.0,
hcw,flee,300.0,1800.0,0.1,0.125,5.0,6.25,10.0,10.0,10,600.0,inf,full,both,inf,180.0,0.01,0.0,0.0,256,20,3,0.5,0.1,0.99,10.0,256,20,0,128,0,5.0,6.25,300.0,2836.613879936003,0.0,0.0,0.0,
hcw,flee,300.0,1800.0,0.1,0.125,5.0,7.5,10.0,10.0,10,300.0,inf,full,both,inf,180.0,0.01,0.0,0.0,256,20,3,0.5,0.1,0.99,10.0,256,20,0,128,0,5.0,7.5,300.0,4662.033339481068,0.0,0.0,0.0,
hcw,flee,300.0,1800.0,0.1,0.125,5.0,7.5,10.0,10.0,10,600.0,inf,full,both,inf,180.0,0.01,0.0,0.0,256,20,3,0.5,0.1,0.99,10.0,256,20,0,128,0,5.0,7.5,300.0,4561.537108868279,0.0,0.0,0.0,
hcw,flee,300.0,1800.0,0.1,0.125,5.0,10.0,10.0,10.0,10,300.0,inf,full,both,inf,180.0,0.01,0.0,0.0,256,20,3,0.5,0.1,0.99,10.0,256,20,0,128,0,5.0,10.0,300.0,7629.651473936795,0.0,0.0,0.0,
hcw,flee,300.0,1800.0,0.1,0.125,5.0,10.0,10.0,10.0,10,600.0,inf,full,both,inf,180.0,0.01,0.0,0.0,256,20,3,0.5,0.1,0.99,10.0,256,20,0,128,0,5.0,10.0,300.0,7521.290573067863,0.0,0.0,0.0,
hcw,flee,300.0,1800.0,0.1,0.125,5.0,inf,10.0,10.0,10,300.0,inf,full,both,inf,180.0,0.01,0.0,0.0,256,20,3,0.5,0.1,0.99,10.0,256,20,0,128,0,5.0,22.5,300.0,14074.554917405472,0.0,0.0,0.0,
hcw,flee,300.0,1800.0,0.1,0.125,5.0,inf,10.0,10.0,10,600.0,inf,full,both,inf,180.0,0.01,0.0,0.0,256,20,3,0.5,0.1,0.99,10.0,256,20,0,128,0,5.0,22.5,300.0,13975.87471382806,0.0,0.0,0.0,
hcw,flee,300.0,1800.0,0.1,0.15,5.0,1.25,10.0,10.0,10,300.0,inf,full,both,inf,180.0,0.01,0.0,0.0,256,20,3,0.5,0.1,0.99,10.0,256,20,0,128,128,3.1433581407736897,1.25,9.842038760117491,9.84203876011749,0.0,0.0,1.0,1210.0
hcw,flee,300.0,1800.0,0.1,0.15,5.0,1.25,10.0,10.0,10,600.0,inf,full,both,inf,180.0,0.01,0.0,0.0,256,20,3,0.5,0.1,0.99,10.0,256,20,0,128,0,2.343183672893727,1.25,22.66304823024293,22.663048230242925,0.0,0.0,0.0,
hcw,flee,300.0,1800.0,0.1,0.15,5.0,2.5,10.0,10.0,10,300.0,inf,full,both,inf,180.0,0.01,0.0,0.0,256,20,3,0.5,0.1,0.99,10.0,256,20,0,128,128,4.788656623810091,2.5,9.718257923922948,9.718257923922945,0.0,0.0,1.0,1400.0
hcw,flee,300.0,1800.0,0.1,0.15,5.0,2.5,10.0,10.0,10,600.0,inf,full,both,inf,180.0,0.01,0.0,0.0,256,20,3,0.5,0.1,0.99,10.0,256,20,0,128,0,3.836380104540043,2.5,35.23657910754713,35.23657910754712,0.0,0.0,0.0,
hcw,flee,300.0,1800.0,0.1,0.15,5.0,3.75,10.0,10.0,10,300.0,inf,full,both,inf,180.0,0.01,0.0,0.0,256,20,3,0.5,0.1,0.99,10.0,256,20,0,128,47,5.0,3.75,60.00593619809569,586.8903577847202,0.0,0.0,0.3671875,800.0
hcw,flee,300.0,1800.0,0.1,0.15,5.0,3.75,10.0,10.0,10,600.0,inf,full,both,inf,180.0,0.01,0.0,0.0,256,20,3,0.5,0.1,0.99,10.0,256,20,0,128,90,5.0,3.75,27.59606067051708,86.65282922028535,0.0,0.0,0.703125,1500.0
hcw,flee,300.0,1800.0,0.1,0.15,5.0,4.5,10.0,10.0,10,300.0,inf,full,both,inf,180.0,0.01,0.0,0.0,256,20,3,0.5,0.1,0.99,10.0,256,20,0,128,3,5.0,4.5,224.7563531692581,884.8180927415428,0.0,0.0,0.0234375,1150.0
hcw,flee,300.0,1800.0,0.1,0.15,5.0,4.5,10.0,10.0,10,600.0,inf,full,both,inf,180.0,0.01,0.0,0.0,256,20,3,0.5,0.1,0.99,10.0,256,20,0,128,11,5.0,4.5,178.32237786315565,700.8394635999298,0.0,0.0,0.0859375,1210.0
hcw,flee,300.0,1800.0,0.1,0.15,5.0,5.0,10.0,10.0,10,300.0,inf,full,both,inf,180.0,0.01,0.0,0.0,256,20,3,0.5,0.1,0.99,10.0,256,20,0,128,0,5.0,5.0,281.8380068751241,1404.476289129777,0.0,0.0,0.0,
hcw,flee,300.0,1800.0,0.1,0.15,5.0,5.0,10.0,10.0,10,600.0,inf,full,both,inf,180.0,0.01,0.0,0.0,256,20,3,0.5,0.1,0.99,10.0,256,20,0,128,0,5.0,5.0,281.9545735320987,1262.4736548909157,0.0,0.0,0.0,
hcw,flee,300.0,1800.0,0.1,0.15,5.0,5.5,10.0,10.0,10,300.0,inf,full,both,inf,180.0,0.01,0.0,0.0,256,20,3,0.5,0.1,0.99,10.0,256,20,0,128,0,5.0,5.5,300.0,2195.3255596254194,0.0,0.0,0.0,
hcw,flee,300.0,1800.0,0.1,0.15,5.0,5.5,10.0,10.0,10,600.0,inf,full,both,inf,180.0,0.01,0.0,0.0,256,20,3,0.5,0.1,0.99,10.0,256,20,0,128,0,5.0,5.5,300.0,2080.725972368794,0.0,0.0,0.0,
hcw,flee,300.0,1800.0,0.1,0.15,5.0,6.25,10.0,10.0,10,300.0,inf,full,both,inf,180.0,0.01,0.0,0.0,256,20,3,0.5,0.1,0.99,10.0,256,20,0,128,0,5.0,6.25,300.0,3398.408834691997,0.0,0.0,0.0,
hcw,flee,300.0,1800.0,0.1,0.15,5.0,6.25,10.0,10.0,10,600.0,inf,full,both,inf,180.0,0.01,0.0,0.0,256,20,3,0.5,0.1,0.99,10.0,256,20,0,128,0,5.0,6.25,300.0,3296.836291755857,0.0,0.0,0.0,
hcw,flee,300.0,1800.0,0.1,0.15,5.0,7.5,10.0,10.0,10,300.0,inf,full,both,inf,180.0,0.01,0.0,0.0,256,20,3,0.5,0.1,0.99,10.0,256,20,0,128,0,5.0,7.5,300.0,5296.36085743574,0.0,0.0,0.0,
hcw,flee,300.0,1800.0,0.1,0.15,5.0,7.5,10.0,10.0,10,600.0,inf,full,both,inf,180.0,0.01,0.0,0.0,256,20,3,0.5,0.1,0.99,10.0,256,20,0,128,0,5.0,7.5,300.0,5197.042977429653,0.0,0.0,0.0,
hcw,flee,300.0,1800.0,0.1,0.15,5.0,10.0,10.0,10.0,10,300.0,inf,full,both,inf,180.0,0.01,0.0,0.0,256,20,3,0.5,0.1,0.99,10.0,256,20,0,128,0,5.0,10.0,300.0,8651.56603692114,0.0,0.0,0.0,
hcw,flee,300.0,1800.0,0.1,0.15,5.0,10.0,10.0,10.0,10,600.0,inf,full,both,inf,180.0,0.01,0.0,0.0,256,20,3,0.5,0.1,0.99,10.0,256,20,0,128,0,5.0,10.0,300.0,8545.430425881807,0.0,0.0,0.0,
hcw,flee,300.0,1800.0,0.1,0.15,5.0,inf,10.0,10.0,10,300.0,inf,full,both,inf,180.0,0.01,0.0,0.0,256,20,3,0.5,0.1,0.99,10.0,256,20,0,128,0,5.0,26.99999999999992,300.0,18663.138729946488,0.0,0.0,0.0,
hcw,flee,300.0,1800.0,0.1,0.15,5.0,inf,10.0,10.0,10,600.0,inf,full,both,inf,180.0,0.01,0.0,0.0,256,20,3,0.5,0.1,0.99,10.0,256,20,0,128,0,5.0,26.99999999999992,300.0,18567.56419667383,0.0,0.0,0.0,
hcw,flee,300.0,1800.0,0.1,0.2,5.0,1.25,10.0,10.0,10,300.0,inf,full,both,inf,180.0,0.01,0.0,0.0,256,20,3,0.5,0.1,0.99,10.0,256,20,0,128,128,3.2129589908608502,1.25,9.838759758890028,9.838759758890022,0.0,0.0,1.0,1230.0
hcw,flee,300.0,1800.0,0.1,0.2,5.0,1.25,10.0,10.0,10,600.0,inf,full,both,inf,180.0,0.01,0.0,0.0,256,20,3,0.5,0.1,0.99,10.0,256,20,0,128,0,2.380056491917765,1.25,23.560111838712224,23.56011183871223,0.0,0.0,0.0,
hcw,flee,300.0,1800.0,0.1,0.2,5.0,2.5,10.0,10.0,10,300.0,inf,full,both,inf,180.0,0.01,0.0,0.0,256,20,3,0.5,0.1,0.99,10.0,256,20,0,128,128,4.9449143899005445,2.5,9.291243903308729,9.29124390330877,0.0,0.0,1.0,1400.0
hcw,flee,300.0,1800.0,0.1,0.2,5.0,2.5,10.0,10.0,10,600.0,inf,full,both,inf,180.0,0.01,0.0,0.0,256,20,3,0.5,0.1,0.99,10.0,256,20,0,128,0,3.990378755204469,2.5,39.86612553992741,39.86612553992741,0.0,0.0,0.0,
hcw,flee,300.0,1800.0,0.1,0.2,5.0,3.75,10.0,10.0,10,300.0,inf,full,both,inf,180.0,0.01,0.0,0.0,256,20,3,0.5,0.1,0.99,10.0,256,20,0,128,17,5.0,3.75,116.48541376515492,962.5281297350332,0.0,0.0,0.1328125,830.0
hcw,flee,300.0,1800.0,0.1,0.2,5.0,3.75,10.0,10.0,10,600.0,inf,full,both,inf,180.0,0.01,0.0,0.0,256,20,3,0.5,0.1,0.99,10.0,256,20,0,128,90,5.0,3.75,63.17542518077276,166.30677997702654,0.0,0.0,0.703125,1345.0
hcw,flee,300.0,1800.0,0.1,0.2,5.0,4.5,10.0,10.0,10,300.0,inf,full,both,inf,180.0,0.01,0.0,0.0,256,20,3,0.5,0.1,0.99,10.0,256,20,0,128,2,5.0,4.5,256.86123169353743,1191.3373747199284,0.0,0.0,0.015625,1260.0
hcw,flee,300.0,1800.0,0.1,0.2,5.0,4.5,10.0,10.0,10,600.0,inf,full,both,inf,180.0,0.01,0.0,0.0,256,20,3,0.5,0.1,0.99,10.0,256,20,0,128,3,5.0,4.5,219.1283342972449,991.7703257671066,0.0,0.0,0.0234375,1200.0
hcw,flee,300.0,1800.0,0.1,0.2,5.0,5.0,10.0,10.0,10,300.0,inf,full,both,inf,180.0,0.01,0.0,0.0,256,20,3,0.5,0.1,0.99,10.0,256,20,0,128,0,5.0,5.0,286.7207986186142,1829.795305145939,0.0,0.0,0.0,
hcw,flee,300.0,1800.0,0.1,0.2,5.0,5.0,10.0,10.0,10,600.0,inf,full,both,inf,180.0,0.01,0.0,0.0,256,20,3,0.5,0.1,0.99,10.0,256,20,0,128,0,5.0,5.0,286.13990937235945,1659.3954035581696,0.0,0.0,0.0,
hcw,flee,300.0,1800.0,0.1,0.2,5.0,5.5,10.0,10.0,10,300.0,inf,full,both,inf,180.0,0.01,0.0,0.0,256,20,3,0.5,0.1,0.99,10.0,256,20,0,128,0,5.0,5.5,300.0,2686.4149371650497,0.0,0.0,0.0,
hcw,flee,300.0,1800.0,0.1,0.2,5.0,5.5,10.0,10.0,10,600.0,inf,full,both,inf,180.0,0.01,0.0,0.0,256,20,3,0.5,0.1,0.99,10.0,256,20,0,128,0,5.0,5.5,300.0,2549.7739944524715,0.0,0.0,0.0,
hcw,flee,300.0,1800.0,0.1,0.2,5.0,6.25,10.0,10.0,10,300.0,inf,full,both,inf,180.0,0.01,0.0,0.0,256,20,3,0.5,0.1,0.99,10.0,256,20,0,128,0,5.0,6.25,300.0,4007.023681076825,0.0,0.0,0.0,
hcw,flee,300.0,1800.0,0.1,0.2,5.0,6.25,10.0,10.0,10,600.0,inf,full,both,inf,180.0,0.01,0.0,0.0,256,20,3,0.5,0.1,0.99,10.0,256,20,0,128,0,5.0,6.25,300.0,3890.876263893566,0.0,0.0,0.0,
hcw,flee,300.0,1800.0,0.1,0.2,5.0,7.5,10.0,10.0,10,300.0,inf,full,both,inf,180.0,0.01,0.0,0.0,256,20,3,0.5,0.1,0.99,10.0,256,20,0,128,0,5.0,7.5,300.0,6133.020144710482,0.0,0.0,0.0,
hcw,flee,300.0,1800.0,0.1,0.2,5.0,7.5,10.0,10.0,10,600.0,inf,full,both,inf,180.0,0.01,0.0,0.0,256,20,3,0.5,0.1,0.99,10.0,256,20,0,128,0,5.0,7.5,300.0,6030.090091014127,0.0,0.0,0.0,
hcw,flee,300.0,1800.0,0.1,0.2,5.0,10.0,10.0,10.0,10,300.0,inf,full,both,inf,180.0,0.01,0.0,0.0,256,20,3,0.5,0.1,0.99,10.0,256,20,0,128,0,5.0,10.0,300.0,10027.891952815413,0.0,0.0,0.0,
hcw,flee,300.0,1800.0,0.1,0.2,5.0,10.0,10.0,10.0,10,600.0,inf,full,both,inf,180.0,0.01,0.0,0.0,256,20,3,0.5,0.1,0.99,10.0,256,20,0,128,0,5.0,10.0,300.0,9928.09654427588,0.0,0.0,0.0,
hcw,flee,300.0,1800.0,0.1,0.2,5.0,inf,10.0,10.0,10,300.0,inf,full,both,inf,180.0,0.01,0.0,0.0,256,20,3,0.5,0.1,0.99,10.0,256,20,0,128,0,5.0,35.99999999999997,300.0,27842.635468275537,0.0,0.0,0.0,
hcw,flee,300.0,1800.0,0.1,0.2,5.0,inf,10.0,10.0,10,600.0,inf,full,both,inf,180.0,0.01,0.0,0.0,256,20,3,0.5,0.1,0.99,10.0,256,20,0,128,0,5.0,35.99999999999997,300.0,27751.641296345377,0.0,0.0,0.0,
hcw,coast,300.0,1800.0,0.1,0.025,5.0,1.25,10.0,10.0,10,300.0,inf,full,both,inf,180.0,0.01,0.0,0.0,256,20,3,0.5,0.1,0.99,10.0,256,20,0,128,128,1.7645029321558323,0.0,9.826461162667336,9.826461162667336,0.0,0.0,1.0,1060.0
hcw,coast,300.0,1800.0,0.1,0.025,5.0,1.25,10.0,10.0,10,600.0,inf,full,both,inf,180.0,0.01,0.0,0.0,256,20,3,0.5,0.1,0.99,10.0,256,20,0,128,4,1.040031415875961,0.0,16.726825664204654,16.726825664204654,0.0,0.0,0.03125,1785.0
hcw,coast,300.0,1800.0,0.1,0.025,5.0,2.5,10.0,10.0,10,300.0,inf,full,both,inf,180.0,0.01,0.0,0.0,256,20,3,0.5,0.1,0.99,10.0,256,20,0,128,128,1.7645029321558323,0.0,9.826461162667336,9.826461162667336,0.0,0.0,1.0,1060.0
hcw,coast,300.0,1800.0,0.1,0.025,5.0,2.5,10.0,10.0,10,600.0,inf,full,both,inf,180.0,0.01,0.0,0.0,256,20,3,0.5,0.1,0.99,10.0,256,20,0,128,4,1.040031415875961,0.0,16.726825664204654,16.726825664204654,0.0,0.0,0.03125,1785.0
hcw,coast,300.0,1800.0,0.1,0.025,5.0,3.75,10.0,10.0,10,300.0,inf,full,both,inf,180.0,0.01,0.0,0.0,256,20,3,0.5,0.1,0.99,10.0,256,20,0,128,128,1.7645029321558323,0.0,9.826461162667336,9.826461162667336,0.0,0.0,1.0,1060.0
hcw,coast,300.0,1800.0,0.1,0.025,5.0,3.75,10.0,10.0,10,600.0,inf,full,both,inf,180.0,0.01,0.0,0.0,256,20,3,0.5,0.1,0.99,10.0,256,20,0,128,4,1.040031415875961,0.0,16.726825664204654,16.726825664204654,0.0,0.0,0.03125,1785.0
hcw,coast,300.0,1800.0,0.1,0.025,5.0,4.5,10.0,10.0,10,300.0,inf,full,both,inf,180.0,0.01,0.0,0.0,256,20,3,0.5,0.1,0.99,10.0,256,20,0,128,128,1.7645029321558323,0.0,9.826461162667336,9.826461162667336,0.0,0.0,1.0,1060.0
hcw,coast,300.0,1800.0,0.1,0.025,5.0,4.5,10.0,10.0,10,600.0,inf,full,both,inf,180.0,0.01,0.0,0.0,256,20,3,0.5,0.1,0.99,10.0,256,20,0,128,4,1.040031415875961,0.0,16.726825664204654,16.726825664204654,0.0,0.0,0.03125,1785.0
hcw,coast,300.0,1800.0,0.1,0.025,5.0,5.0,10.0,10.0,10,300.0,inf,full,both,inf,180.0,0.01,0.0,0.0,256,20,3,0.5,0.1,0.99,10.0,256,20,0,128,128,1.7645029321558323,0.0,9.826461162667336,9.826461162667336,0.0,0.0,1.0,1060.0
hcw,coast,300.0,1800.0,0.1,0.025,5.0,5.0,10.0,10.0,10,600.0,inf,full,both,inf,180.0,0.01,0.0,0.0,256,20,3,0.5,0.1,0.99,10.0,256,20,0,128,4,1.040031415875961,0.0,16.726825664204654,16.726825664204654,0.0,0.0,0.03125,1785.0
hcw,coast,300.0,1800.0,0.1,0.025,5.0,5.5,10.0,10.0,10,300.0,inf,full,both,inf,180.0,0.01,0.0,0.0,256,20,3,0.5,0.1,0.99,10.0,256,20,0,128,128,1.7645029321558323,0.0,9.826461162667336,9.826461162667336,0.0,0.0,1.0,1060.0
hcw,coast,300.0,1800.0,0.1,0.025,5.0,5.5,10.0,10.0,10,600.0,inf,full,both,inf,180.0,0.01,0.0,0.0,256,20,3,0.5,0.1,0.99,10.0,256,20,0,128,4,1.040031415875961,0.0,16.726825664204654,16.726825664204654,0.0,0.0,0.03125,1785.0
hcw,coast,300.0,1800.0,0.1,0.025,5.0,6.25,10.0,10.0,10,300.0,inf,full,both,inf,180.0,0.01,0.0,0.0,256,20,3,0.5,0.1,0.99,10.0,256,20,0,128,128,1.7645029321558323,0.0,9.826461162667336,9.826461162667336,0.0,0.0,1.0,1060.0
hcw,coast,300.0,1800.0,0.1,0.025,5.0,6.25,10.0,10.0,10,600.0,inf,full,both,inf,180.0,0.01,0.0,0.0,256,20,3,0.5,0.1,0.99,10.0,256,20,0,128,4,1.040031415875961,0.0,16.726825664204654,16.726825664204654,0.0,0.0,0.03125,1785.0
hcw,coast,300.0,1800.0,0.1,0.025,5.0,7.5,10.0,10.0,10,300.0,inf,full,both,inf,180.0,0.01,0.0,0.0,256,20,3,0.5,0.1,0.99,10.0,256,20,0,128,128,1.7645029321558323,0.0,9.826461162667336,9.826461162667336,0.0,0.0,1.0,1060.0
hcw,coast,300.0,1800.0,0.1,0.025,5.0,7.5,10.0,10.0,10,600.0,inf,full,both,inf,180.0,0.01,0.0,0.0,256,20,3,0.5,0.1,0.99,10.0,256,20,0,128,4,1.040031415875961,0.0,16.726825664204654,16.726825664204654,0.0,0.0,0.03125,1785.0
hcw,coast,300.0,1800.0,0.1,0.025,5.0,10.0,10.0,10.0,10,300.0,inf,full,both,inf,180.0,0.01,0.0,0.0,256,20,3,0.5,0.1,0.99,10.0,256,20,0,128,128,1.7645029321558323,0.0,9.826461162667336,9.826461162667336,0.0,0.0,1.0,1060.0
hcw,coast,300.0,1800.0,0.1,0.025,5.0,10.0,10.0,10.0,10,600.0,inf,full,both,inf,180.0,0.01,0.0,0.0,256,20,3,0.5,0.1,0.99,10.0,256,20,0,128,4,1.040031415875961,0.0,16.726825664204654,16.726825664204654,0.0,0.0,0.03125,1785.0
hcw,coast,300.0,1800.0,0.1,0.025,5.0,inf,10.0,10.0,10,300.0,inf,full,both,inf,180.0,0.01,0.0,0.0,256,20,3,0.5,0.1,0.99,10.0,256,20,0,128,128,1.7645029321558323,0.0,9.826461162667336,9.826461162667336,0.0,0.0,1.0,1060.0
hcw,coast,300.0,1800.0,0.1,0.025,5.0,inf,10.0,10.0,10,600.0,inf,full,both,inf,180.0,0.01,0.0,0.0,256,20,3,0.5,0.1,0.99,10.0,256,20,0,128,4,1.040031415875961,0.0,16.726825664204654,16.726825664204654,0.0,0.0,0.03125,1785.0
hcw,coast,300.0,1800.0,0.1,0.05,5.0,1.25,10.0,10.0,10,300.0,inf,full,both,inf,180.0,0.01,0.0,0.0,256,20,3,0.5,0.1,0.99,10.0,256,20,0,128,128,1.7645029321558323,0.0,9.826461162667336,9.826461162667336,0.0,0.0,1.0,1060.0
hcw,coast,300.0,1800.0,0.1,0.05,5.0,1.25,10.0,10.0,10,600.0,inf,full,both,inf,180.0,0.01,0.0,0.0,256,20,3,0.5,0.1,0.99,10.0,256,20,0,128,4,1.040031415875961,0.0,16.726825664204654,16.726825664204654,0.0,0.0,0.03125,1785.0
hcw,coast,300.0,1800.0,0.1,0.05,5.0,2.5,10.0,10.0,10,300.0,inf,full,both,inf,180.0,0.01,0.0,0.0,256,20,3,0.5,0.1,0.99,10.0,256,20,0,128,128,1.7645029321558323,0.0,9.826461162667336,9.826461162667336,0.0,0.0,1.0,1060.0
hcw,coast,300.0,1800.0,0.1,0.05,5.0,2.5,10.0,10.0,10,600.0,inf,full,both,inf,180.0,0.01,0.0,0.0,256,20,3,0.5,0.1,0.99,10.0,256,20,0,128,4,1.040031415875961,0.0,16.726825664204654,16.726825664204654,0.0,0.0,0.03125,1785.0
hcw,coast,300.0,1800.0,0.1,0.05,5.0,3.75,10.0,10.0,10,300.0,inf,full,both,inf,180.0,0.01,0.0,0.0,256,20,3,0.5,0.1,0.99,10.0,256,20,0,128,128,1.7645029321558323,0.0,9.826461162667336,9.826461162667336,0.0,0.0,1.0,1060.0
hcw,coast,300.0,1800.0,0.1,0.05,5.0,3.75,10.0,10.0,10,600.0,inf,full,both,inf,180.0,0.01,0.0,0.0,256,20,3,0.5,0.1,0.99,10.0,256,20,0,128,4,1.040031415875961,0.0,16.726825664204654,16.726825664204654,0.0,0.0,0.03125,1785.0
hcw,coast,300.0,1800.0,0.1,0.05,5.0,4.5,10.0,10.0,10,300.0,inf,full,both,inf,180.0,0.01,0.0,0.0,256,20,3,0.5,0.1,0.99,10.0,256,20,0,128,128,1.7645029321558323,0.0,9.826461162667336,9.826461162667336,0.0,0.0,1.0,1060.0
hcw,coast,300.0,1800.0,0.1,0.05,5.0,4.5,10.0,10.0,10,600.0,inf,full,both,inf,180.0,0.01,0.0,0.0,256,20,3,0.5,0.1,0.99,10.0,256,20,0,128,4,1.040031415875961,0.0,16.726825664204654,16.726825664204654,0.0,0.0,0.03125,1785.0
hcw,coast,300.0,1800.0,0.1,0.05,5.0,5.0,10.0,10.0,10,300.0,inf,full,both,inf,180.0,0.01,0.0,0.0,256,20,3,0.5,0.1,0.99,10.0,256,20,0,128,128,1.7645029321558323,0.0,9.826461162667336,9.826461162667336,0.0,0.0,1.0,1060.0
hcw,coast,300.0,1800.0,0.1,0.05,5.0,5.0,10.0,10.0,10,600.0,inf,full,both,inf,180.0,0.01,0.0,0.0,256,20,3,0.5,0.1,0.99,10.0,256,20,0,128,4,1.040031415875961,0.0,16.726825664204654,16.726825664204654,0.0,0.0,0.03125,1785.0
hcw,coast,300.0,1800.0,0.1,0.05,5.0,5.5,10.0,10.0,10,300.0,inf,full,both,inf,180.0,0.01,0.0,0.0,256,20,3,0.5,0.1,0.99,10.0,256,20,0,128,128,1.7645029321558323,0.0,9.826461162667336,9.826461162667336,0.0,0.0,1.0,1060.0
hcw,coast,300.0,1800.0,0.1,0.05,5.0,5.5,10.0,10.0,10,600.0,inf,full,both,inf,180.0,0.01,0.0,0.0,256,20,3,0.5,0.1,0.99,10.0,256,20,0,128,4,1.040031415875961,0.0,16.726825664204654,16.726825664204654,0.0,0.0,0.03125,1785.0
hcw,coast,300.0,1800.0,0.1,0.05,5.0,6.25,10.0,10.0,10,300.0,inf,full,both,inf,180.0,0.01,0.0,0.0,256,20,3,0.5,0.1,0.99,10.0,256,20,0,128,128,1.7645029321558323,0.0,9.826461162667336,9.826461162667336,0.0,0.0,1.0,1060.0
hcw,coast,300.0,1800.0,0.1,0.05,5.0,6.25,10.0,10.0,10,600.0,inf,full,both,inf,180.0,0.01,0.0,0.0,256,20,3,0.5,0.1,0.99,10.0,256,20,0,128,4,1.040031415875961,0.0,16.726825664204654,16.726825664204654,0.0,0.0,0.03125,1785.0
hcw,coast,300.0,1800.0,0.1,0.05,5.0,7.5,10.0,10.0,10,300.0,inf,full,both,inf,180.0,0.01,0.0,0.0,256,20,3,0.5,0.1,0.99,10.0,256,20,0,128,128,1.7645029321558323,0.0,9.826461162667336,9.826461162667336,0.0,0.0,1.0,1060.0
hcw,coast,300.0,1800.0,0.1,0.05,5.0,7.5,10.0,10.0,10,600.0,inf,full,both,inf,180.0,0.01,0.0,0.0,256,20,3,0.5,0.1,0.99,10.0,256,20,0,128,4,1.040031415875961,0.0,16.726825664204654,16.726825664204654,0.0,0.0,0.03125,1785.0
hcw,coast,300.0,1800.0,0.1,0.05,5.0,10.0,10.0,10.0,10,300.0,inf,full,both,inf,180.0,0.01,0.0,0.0,256,20,3,0.5,0.1,0.99,10.0,256,20,0,128,128,1.7645029321558323,0.0,9.826461162667336,9.826461162667336,0.0,0.0,1.0,1060.0
hcw,coast,300.0,1800.0,0.1,0.05,5.0,10.0,10.0,10.0,10,600.0,inf,full,both,inf,180.0,0.01,0.0,0.0,256,20,3,0.5,0.1,0.99,10.0,256,20,0,128,4,1.040031415875961,0.0,16.726825664204654,16.726825664204654,0.0,0.0,0.03125,1785.0
hcw,coast,300.0,1800.0,0.1,0.05,5.0,inf,10.0,10.0,10,300.0,inf,full,both,inf,180.0,0.01,0.0,0.0,256,20,3,0.5,0.1,0.99,10.0,256,20,0,128,128,1.7645029321558323,0.0,9.826461162667336,9.826461162667336,0.0,0.0,1.0,1060.0
hcw,coast,300.0,1800.0,0.1,0.05,5.0,inf,10.0,10.0,10,600.0,inf,full,both,inf,180.0,0.01,0.0,0.0,256,20,3,0.5,0.1,0.99,10.0,256,20,0,128,4,1.040031415875961,0.0,16.726825664204654,16.726825664204654,0.0,0.0,0.03125,1785.0
hcw,coast,300.0,1800.0,0.1,0.075,5.0,1.25,10.0,10.0,10,300.0,inf,full,both,inf,180.0,0.01,0.0,0.0,256,20,3,0.5,0.1,0.99,10.0,256,20,0,128,128,1.7645029321558323,0.0,9.826461162667336,9.826461162667336,0.0,0.0,1.0,1060.0
hcw,coast,300.0,1800.0,0.1,0.075,5.0,1.25,10.0,10.0,10,600.0,inf,full,both,inf,180.0,0.01,0.0,0.0,256,20,3,0.5,0.1,0.99,10.0,256,20,0,128,4,1.040031415875961,0.0,16.726825664204654,16.726825664204654,0.0,0.0,0.03125,1785.0
hcw,coast,300.0,1800.0,0.1,0.075,5.0,2.5,10.0,10.0,10,300.0,inf,full,both,inf,180.0,0.01,0.0,0.0,256,20,3,0.5,0.1,0.99,10.0,256,20,0,128,128,1.7645029321558323,0.0,9.826461162667336,9.826461162667336,0.0,0.0,1.0,1060.0
hcw,coast,300.0,1800.0,0.1,0.075,5.0,2.5,10.0,10.0,10,600.0,inf,full,both,inf,180.0,0.01,0.0,0.0,256,20,3,0.5,0.1,0.99,10.0,256,20,0,128,4,1.040031415875961,0.0,16.726825664204654,16.726825664204654,0.0,0.0,0.03125,1785.0
hcw,coast,300.0,1800.0,0.1,0.075,5.0,3.75,10.0,10.0,10,300.0,inf,full,both,inf,180.0,0.01,0.0,0.0,256,20,3,0.5,0.1,0.99,10.0,256,20,0,128,128,1.7645029321558323,0.0,9.826461162667336,9.826461162667336,0.0,0.0,1.0,1060.0
hcw,coast,300.0,1800.0,0.1,0.075,5.0,3.75,10.0,10.0,10,600.0,inf,full,both,inf,180.0,0.01,0.0,0.0,256,20,3,0.5,0.1,0.99,10.0,256,20,0,128,4,1.040031415875961,0.0,16.726825664204654,16.726825664204654,0.0,0.0,0.03125,1785.0
hcw,coast,300.0,1800.0,0.1,0.075,5.0,4.5,10.0,10.0,10,300.0,inf,full,both,inf,180.0,0.01,0.0,0.0,256,20,3,0.5,0.1,0.99,10.0,256,20,0,128,128,1.7645029321558323,0.0,9.826461162667336,9.826461162667336,0.0,0.0,1.0,1060.0
hcw,coast,300.0,1800.0,0.1,0.075,5.0,4.5,10.0,10.0,10,600.0,inf,full,both,inf,180.0,0.01,0.0,0.0,256,20,3,0.5,0.1,0.99,10.0,256,20,0,128,4,1.040031415875961,0.0,16.726825664204654,16.726825664204654,0.0,0.0,0.03125,1785.0
hcw,coast,300.0,1800.0,0.1,0.075,5.0,5.0,10.0,10.0,10,300.0,inf,full,both,inf,180.0,0.01,0.0,0.0,256,20,3,0.5,0.1,0.99,10.0,256,20,0,128,128,1.7645029321558323,0.0,9.826461162667336,9.826461162667336,0.0,0.0,1.0,1060.0
hcw,coast,300.0,1800.0,0.1,0.075,5.0,5.0,10.0,10.0,10,600.0,inf,full,both,inf,180.0,0.01,0.0,0.0,256,20,3,0.5,0.1,0.99,10.0,256,20,0,128,4,1.040031415875961,0.0,16.726825664204654,16.726825664204654,0.0,0.0,0.03125,1785.0
hcw,coast,300.0,1800.0,0.1,0.075,5.0,5.5,10.0,10.0,10,300.0,inf,full,both,inf,180.0,0.01,0.0,0.0,256,20,3,0.5,0.1,0.99,10.0,256,20,0,128,128,1.7645029321558323,0.0,9.826461162667336,9.826461162667336,0.0,0.0,1.0,1060.0
hcw,coast,300.0,1800.0,0.1,0.075,5.0,5.5,10.0,10.0,10,600.0,inf,full,both,inf,180.0,0.01,0.0,0.0,256,20,3,0.5,0.1,0.99,10.0,256,20,0,128,4,1.040031415875961,0.0,16.726825664204654,16.726825664204654,0.0,0.0,0.03125,1785.0
hcw,coast,300.0,1800.0,0.1,0.075,5.0,6.25,10.0,10.0,10,300.0,inf,full,both,inf,180.0,0.01,0.0,0.0,256,20,3,0.5,0.1,0.99,10.0,256,20,0,128,128,1.7645029321558323,0.0,9.826461162667336,9.826461162667336,0.0,0.0,1.0,1060.0
hcw,coast,300.0,1800.0,0.1,0.075,5.0,6.25,10.0,10.0,10,600.0,inf,full,both,inf,180.0,0.01,0.0,0.0,256,20,3,0.5,0.1,0.99,10.0,256,20,0,128,4,1.040031415875961,0.0,16.726825664204654,16.726825664204654,0.0,0.0,0.03125,1785.0
hcw,coast,300.0,1800.0,0.1,0.075,5.0,7.5,10.0,10.0,10,300.0,inf,full,both,inf,180.0,0.01,0.0,0.0,256,20,3,0.5,0.1,0.99,10.0,256,20,0,128,128,1.7645029321558323,0.0,9.826461162667336,9.826461162667336,0.0,0.0,1.0,1060.0
hcw,coast,300.0,1800.0,0.1,0.075,5.0,7.5,10.0,10.0,10,600.0,inf,full,both,inf,180.0,0.01,0.0,0.0,256,20,3,0.5,0.1,0.99,10.0,256,20,0,128,4,1.040031415875961,0.0,16.726825664204654,16.726825664204654,0.0,0.0,0.03125,1785.0
hcw,coast,300.0,1800.0,0.1,0.075,5.0,10.0,10.0,10.0,10,300.0,inf,full,both,inf,180.0,0.01,0.0,0.0,256,20,3,0.5,0.1,0.99,10.0,256,20,0,128,128,1.7645029321558323,0.0,9.826461162667336,9.826461162667336,0.0,0.0,1.0,1060.0
hcw,coast,300.0,1800.0,0.1,0.075,5.0,10.0,10.0,10.0,10,600.0,inf,full,both,inf,180.0,0.01,0.0,0.0,256,20,3,0.5,0.1,0.99,10.0,256,20,0,128,4,1.040031415875961,0.0,16.726825664204654,16.726825664204654,0.0,0.0,0.03125,1785.0
hcw,coast,300.0,1800.0,0.1,0.075,5.0,inf,10.0,10.0,10,300.0,inf,full,both,inf,180.0,0.01,0.0,0.0,256,20,3,0.5,0.1,0.99,10.0,256,20,0,128,128,1.7645029321558323,0.0,9.826461162667336,9.826461162667336,0.0,0.0,1.0,1060.0
hcw,coast,300.0,1800.0,0.1,0.075,5.0,inf,10.0,10.0,10,600.0,inf,full,both,inf,180.0,0.01,0.0,0.0,256,20,3,0.5,0.1,0.99,10.0,256,20,0,128,4,1.040031415875961,0.0,16.726825664204654,16.726825664204654,0.0,0.0,0.03125,1785.0
hcw,coast,300.0,1800.0,0.1,0.09,5.0,1.25,10.0,10.0,10,300.0,inf,full,both,inf,180.0,0.01,0.0,0.0,256,20,3,0.5,0.1,0.99,10.0,256,20,0,128,128,1.7645029321558323,0.0,9.826461162667336,9.826461162667336,0.0,0.0,1.0,1060.0
hcw,coast,300.0,1800.0,0.1,0.09,5.0,1.25,10.0,10.0,10,600.0,inf,full,both,inf,180.0,0.01,0.0,0.0,256,20,3,0.5,0.1,0.99,10.0,256,20,0,128,4,1.040031415875961,0.0,16.726825664204654,16.726825664204654,0.0,0.0,0.03125,1785.0
hcw,coast,300.0,1800.0,0.1,0.09,5.0,2.5,10.0,10.0,10,300.0,inf,full,both,inf,180.0,0.01,0.0,0.0,256,20,3,0.5,0.1,0.99,10.0,256,20,0,128,128,1.7645029321558323,0.0,9.826461162667336,9.826461162667336,0.0,0.0,1.0,1060.0
hcw,coast,300.0,1800.0,0.1,0.09,5.0,2.5,10.0,10.0,10,600.0,inf,full,both,inf,180.0,0.01,0.0,0.0,256,20,3,0.5,0.1,0.99,10.0,256,20,0,128,4,1.040031415875961,0.0,16.726825664204654,16.726825664204654,0.0,0.0,0.03125,1785.0
hcw,coast,300.0,1800.0,0.1,0.09,5.0,3.75,10.0,10.0,10,300.0,inf,full,both,inf,180.0,0.01,0.0,0.0,256,20,3,0.5,0.1,0.99,10.0,256,20,0,128,128,1.7645029321558323,0.0,9.826461162667336,9.826461162667336,0.0,0.0,1.0,1060.0
hcw,coast,300.0,1800.0,0.1,0.09,5.0,3.75,10.0,10.0,10,600.0,inf,full,both,inf,180.0,0.01,0.0,0.0,256,20,3,0.5,0.1,0.99,10.0,256,20,0,128,4,1.040031415875961,0.0,16.726825664204654,16.726825664204654,0.0,0.0,0.03125,1785.0
hcw,coast,300.0,1800.0,0.1,0.09,5.0,4.5,10.0,10.0,10,300.0,inf,full,both,inf,180.0,0.01,0.0,0.0,256,20,3,0.5,0.1,0.99,10.0,256,20,0,128,128,1.7645029321558323,0.0,9.826461162667336,9.826461162667336,0.0,0.0,1.0,1060.0
hcw,coast,300.0,1800.0,0.1,0.09,5.0,4.5,10.0,10.0,10,600.0,inf,full,both,inf,180.0,0.01,0.0,0.0,256,20,3,0.5,0.1,0.99,10.0,256,20,0,128,4,1.040031415875961,0.0,16.726825664204654,16.726825664204654,0.0,0.0,0.03125,1785.0
hcw,coast,300.0,1800.0,0.1,0.09,5.0,5.0,10.0,10.0,10,300.0,inf,full,both,inf,180.0,0.01,0.0,0.0,256,20,3,0.5,0.1,0.99,10.0,256,20,0,128,128,1.7645029321558323,0.0,9.826461162667336,9.826461162667336,0.0,0.0,1.0,1060.0
hcw,coast,300.0,1800.0,0.1,0.09,5.0,5.0,10.0,10.0,10,600.0,inf,full,both,inf,180.0,0.01,0.0,0.0,256,20,3,0.5,0.1,0.99,10.0,256,20,0,128,4,1.040031415875961,0.0,16.726825664204654,16.726825664204654,0.0,0.0,0.03125,1785.0
hcw,coast,300.0,1800.0,0.1,0.09,5.0,5.5,10.0,10.0,10,300.0,inf,full,both,inf,180.0,0.01,0.0,0.0,256,20,3,0.5,0.1,0.99,10.0,256,20,0,128,128,1.7645029321558323,0.0,9.826461162667336,9.826461162667336,0.0,0.0,1.0,1060.0
hcw,coast,300.0,1800.0,0.1,0.09,5.0,5.5,10.0,10.0,10,600.0,inf,full,both,inf,180.0,0.01,0.0,0.0,256,20,3,0.5,0.1,0.99,10.0,256,20,0,128,4,1.040031415875961,0.0,16.726825664204654,16.726825664204654,0.0,0.0,0.03125,1785.0
hcw,coast,300.0,1800.0,0.1,0.09,5.0,6.25,10.0,10.0,10,300.0,inf,full,both,inf,180.0,0.01,0.0,0.0,256,20,3,0.5,0.1,0.99,10.0,256,20,0,128,128,1.7645029321558323,0.0,9.826461162667336,9.826461162667336,0.0,0.0,1.0,1060.0
hcw,coast,300.0,1800.0,0.1,0.09,5.0,6.25,10.0,10.0,10,600.0,inf,full,both,inf,180.0,0.01,0.0,0.0,256,20,3,0.5,0.1,0.99,10.0,256,20,0,128,4,1.040031415875961,0.0,16.726825664204654,16.726825664204654,0.0,0.0,0.03125,1785.0
hcw,coast,300.0,1800.0,0.1,0.09,5.0,7.5,10.0,10.0,10,300.0,inf,full,both,inf,180.0,0.01,0.0,0.0,256,20,3,0.5,0.1,0.99,10.0,256,20,0,128,128,1.7645029321558323,0.0,9.826461162667336,9.826461162667336,0.0,0.0,1.0,1060.0
hcw,coast,300.0,1800.0,0.1,0.09,5.0,7.5,10.0,10.0,10,600.0,inf,full,both,inf,180.0,0.01,0.0,0.0,256,20,3,0.5,0.1,0.99,10.0,256,20,0,128,4,1.040031415875961,0.0,16.726825664204654,16.726825664204654,0.0,0.0,0.03125,1785.0
hcw,coast,300.0,1800.0,0.1,0.09,5.0,10.0,10.0,10.0,10,300.0,inf,full,both,inf,180.0,0.01,0.0,0.0,256,20,3,0.5,0.1,0.99,10.0,256,20,0,128,128,1.7645029321558323,0.0,9.826461162667336,9.826461162667336,0.0,0.0,1.0,1060.0
hcw,coast,300.0,1800.0,0.1,0.09,5.0,10.0,10.0,10.0,10,600.0,inf,full,both,inf,180.0,0.01,0.0,0.0,256,20,3,0.5,0.1,0.99,10.0,256,20,0,128,4,1.040031415875961,0.0,16.726825664204654,16.726825664204654,0.0,0.0,0.03125,1785.0
hcw,coast,300.0,1800.0,0.1,0.09,5.0,inf,10.0,10.0,10,300.0,inf,full,both,inf,180.0,0.01,0.0,0.0,256,20,3,0.5,0.1,0.99,10.0,256,20,0,128,128,1.7645029321558323,0.0,9.826461162667336,9.826461162667336,0.0,0.0,1.0,1060.0
hcw,coast,300.0,1800.0,0.1,0.09,5.0,inf,10.0,10.0,10,600.0,inf,full,both,inf,180.0,0.01,0.0,0.0,256,20,3,0.5,0.1,0.99,10.0,256,20,0,128,4,1.040031415875961,0.0,16.726825664204654,16.726825664204654,0.0,0.0,0.03125,1785.0
hcw,coast,300.0,1800.0,0.1,0.1,5.0,1.25,10.0,10.0,10,300.0,inf,full,both,inf,180.0,0.01,0.0,0.0,256,20,3,0.5,0.1,0.99,10.0,256,20,0,128,128,1.7645029321558323,0.0,9.826461162667336,9.826461162667336,0.0,0.0,1.0,1060.0
hcw,coast,300.0,1800.0,0.1,0.1,5.0,1.25,10.0,10.0,10,600.0,inf,full,both,inf,180.0,0.01,0.0,0.0,256,20,3,0.5,0.1,0.99,10.0,256,20,0,128,4,1.040031415875961,0.0,16.726825664204654,16.726825664204654,0.0,0.0,0.03125,1785.0
hcw,coast,300.0,1800.0,0.1,0.1,5.0,2.5,10.0,10.0,10,300.0,inf,full,both,inf,180.0,0.01,0.0,0.0,256,20,3,0.5,0.1,0.99,10.0,256,20,0,128,128,1.7645029321558323,0.0,9.826461162667336,9.826461162667336,0.0,0.0,1.0,1060.0
hcw,coast,300.0,1800.0,0.1,0.1,5.0,2.5,10.0,10.0,10,600.0,inf,full,both,inf,180.0,0.01,0.0,0.0,256,20,3,0.5,0.1,0.99,10.0,256,20,0,128,4,1.040031415875961,0.0,16.726825664204654,16.726825664204654,0.0,0.0,0.03125,1785.0
hcw,coast,300.0,1800.0,0.1,0.1,5.0,3.75,10.0,10.0,10,300.0,inf,full,both,inf,180.0,0.01,0.0,0.0,256,20,3,0.5,0.1,0.99,10.0,256,20,0,128,128,1.7645029321558323,0.0,9.826461162667336,9.826461162667336,0.0,0.0,1.0,1060.0
hcw,coast,300.0,1800.0,0.1,0.1,5.0,3.75,10.0,10.0,10,600.0,inf,full,both,inf,180.0,0.01,0.0,0.0,256,20,3,0.5,0.1,0.99,10.0,256,20,0,128,4,1.040031415875961,0.0,16.726825664204654,16.726825664204654,0.0,0.0,0.03125,1785.0
hcw,coast,300.0,1800.0,0.1,0.1,5.0,4.5,10.0,10.0,10,300.0,inf,full,both,inf,180.0,0.01,0.0,0.0,256,20,3,0.5,0.1,0.99,10.0,256,20,0,128,128,1.7645029321558323,0.0,9.826461162667336,9.826461162667336,0.0,0.0,1.0,1060.0
hcw,coast,300.0,1800.0,0.1,0.1,5.0,4.5,10.0,10.0,10,600.0,inf,full,both,inf,180.0,0.01,0.0,0.0,256,20,3,0.5,0.1,0.99,10.0,256,20,0,128,4,1.040031415875961,0.0,16.726825664204654,16.726825664204654,0.0,0.0,0.03125,1785.0
hcw,coast,300.0,1800.0,0.1,0.1,5.0,5.0,10.0,10.0,10,300.0,inf,full,both,inf,180.0,0.01,0.0,0.0,256,20,3,0.5,0.1,0.99,10.0,256,20,0,128,128,1.7645029321558323,0.0,9.826461162667336,9.826461162667336,0.0,0.0,1.0,1060.0
hcw,coast,300.0,1800.0,0.1,0.1,5.0,5.0,10.0,10.0,10,600.0,inf,full,both,inf,180.0,0.01,0.0,0.0,256,20,3,0.5,0.1,0.99,10.0,256,20,0,128,4,1.040031415875961,0.0,16.726825664204654,16.726825664204654,0.0,0.0,0.03125,1785.0
hcw,coast,300.0,1800.0,0.1,0.1,5.0,5.5,10.0,10.0,10,300.0,inf,full,both,inf,180.0,0.01,0.0,0.0,256,20,3,0.5,0.1,0.99,10.0,256,20,0,128,128,1.7645029321558323,0.0,9.826461162667336,9.826461162667336,0.0,0.0,1.0,1060.0
hcw,coast,300.0,1800.0,0.1,0.1,5.0,5.5,10.0,10.0,10,600.0,inf,full,both,inf,180.0,0.01,0.0,0.0,256,20,3,0.5,0.1,0.99,10.0,256,20,0,128,4,1.040031415875961,0.0,16.726825664204654,16.726825664204654,0.0,0.0,0.03125,1785.0
hcw,coast,300.0,1800.0,0.1,0.1,5.0,6.25,10.0,10.0,10,300.0,inf,full,both,inf,180.0,0.01,0.0,0.0,256,20,3,0.5,0.1,0.99,10.0,256,20,0,128,128,1.7645029321558323,0.0,9.826461162667336,9.826461162667336,0.0,0.0,1.0,1060.0
hcw,coast,300.0,1800.0,0.1,0.1,5.0,6.25,10.0,10.0,10,600.0,inf,full,both,inf,180.0,0.01,0.0,0.0,256,20,3,0.5,0.1,0.99,10.0,256,20,0,128,4,1.040031415875961,0.0,16.726825664204654,16.726825664204654,0.0,0.0,0.03125,1785.0
hcw,coast,300.0,1800.0,0.1,0.1,5.0,7.5,10.0,10.0,10,300.0,inf,full,both,inf,180.0,0.01,0.0,0.0,256,20,3,0.5,0.1,0.99,10.0,256,20,0,128,128,1.7645029321558323,0.0,9.826461162667336,9.826461162667336,0.0,0.0,1.0,1060.0
hcw,coast,300.0,1800.0,0.1,0.1,5.0,7.5,10.0,10.0,10,600.0,inf,full,both,inf,180.0,0.01,0.0,0.0,256,20,3,0.5,0.1,0.99,10.0,256,20,0,128,4,1.040031415875961,0.0,16.726825664204654,16.726825664204654,0.0,0.0,0.03125,1785.0
hcw,coast,300.0,1800.0,0.1,0.1,5.0,10.0,10.0,10.0,10,300.0,inf,full,both,inf,180.0,0.01,0.0,0.0,256,20,3,0.5,0.1,0.99,10.0,256,20,0,128,128,1.7645029321558323,0.0,9.826461162667336,9.826461162667336,0.0,0.0,1.0,1060.0
hcw,coast,300.0,1800.0,0.1,0.1,5.0,10.0,10.0,10.0,10,600.0,inf,full,both,inf,180.0,0.01,0.0,0.0,256,20,3,0.5,0.1,0.99,10.0,256,20,0,128,4,1.040031415875961,0.0,16.726825664204654,16.726825664204654,0.0,0.0,0.03125,1785.0
hcw,coast,300.0,1800.0,0.1,0.1,5.0,inf,10.0,10.0,10,300.0,inf,full,both,inf,180.0,0.01,0.0,0.0,256,20,3,0.5,0.1,0.99,10.0,256,20,0,128,128,1.7645029321558323,0.0,9.826461162667336,9.826461162667336,0.0,0.0,1.0,1060.0
hcw,coast,300.0,1800.0,0.1,0.1,5.0,inf,10.0,10.0,10,600.0,inf,full,both,inf,180.0,0.01,0.0,0.0,256,20,3,0.5,0.1,0.99,10.0,256,20,0,128,4,1.040031415875961,0.0,16.726825664204654,16.726825664204654,0.0,0.0,0.03125,1785.0
hcw,coast,300.0,1800.0,0.1,0.11,5.0,1.25,10.0,10.0,10,300.0,inf,full,both,inf,180.0,0.01,0.0,0.0,256,20,3,0.5,0.1,0.99,10.0,256,20,0,128,128,1.7645029321558323,0.0,9.826461162667336,9.826461162667336,0.0,0.0,1.0,1060.0
hcw,coast,300.0,1800.0,0.1,0.11,5.0,1.25,10.0,10.0,10,600.0,inf,full,both,inf,180.0,0.01,0.0,0.0,256,20,3,0.5,0.1,0.99,10.0,256,20,0,128,4,1.040031415875961,0.0,16.726825664204654,16.726825664204654,0.0,0.0,0.03125,1785.0
hcw,coast,300.0,1800.0,0.1,0.11,5.0,2.5,10.0,10.0,10,300.0,inf,full,both,inf,180.0,0.01,0.0,0.0,256,20,3,0.5,0.1,0.99,10.0,256,20,0,128,128,1.7645029321558323,0.0,9.826461162667336,9.826461162667336,0.0,0.0,1.0,1060.0
hcw,coast,300.0,1800.0,0.1,0.11,5.0,2.5,10.0,10.0,10,600.0,inf,full,both,inf,180.0,0.01,0.0,0.0,256,20,3,0.5,0.1,0.99,10.0,256,20,0,128,4,1.040031415875961,0.0,16.726825664204654,16.726825664204654,0.0,0.0,0.03125,1785.0
hcw,coast,300.0,1800.0,0.1,0.11,5.0,3.75,10.0,10.0,10,300.0,inf,full,both,inf,180.0,0.01,0.0,0.0,256,20,3,0.5,0.1,0.99,10.0,256,20,0,128,128,1.7645029321558323,0.0,9.826461162667336,9.826461162667336,0.0,0.0,1.0,1060.0
hcw,coast,300.0,1800.0,0.1,0.11,5.0,3.75,10.0,10.0,10,600.0,inf,full,both,inf,180.0,0.01,0.0,0.0,256,20,3,0.5,0.1,0.99,10.0,256,20,0,128,4,1.040031415875961,0.0,16.726825664204654,16.726825664204654,0.0,0.0,0.03125,1785.0
hcw,coast,300.0,1800.0,0.1,0.11,5.0,4.5,10.0,10.0,10,300.0,inf,full,both,inf,180.0,0.01,0.0,0.0,256,20,3,0.5,0.1,0.99,10.0,256,20,0,128,128,1.7645029321558323,0.0,9.826461162667336,9.826461162667336,0.0,0.0,1.0,1060.0
hcw,coast,300.0,1800.0,0.1,0.11,5.0,4.5,10.0,10.0,10,600.0,inf,full,both,inf,180.0,0.01,0.0,0.0,256,20,3,0.5,0.1,0.99,10.0,256,20,0,128,4,1.040031415875961,0.0,16.726825664204654,16.726825664204654,0.0,0.0,0.03125,1785.0
hcw,coast,300.0,1800.0,0.1,0.11,5.0,5.0,10.0,10.0,10,300.0,inf,full,both,inf,180.0,0.01,0.0,0.0,256,20,3,0.5,0.1,0.99,10.0,256,20,0,128,128,1.7645029321558323,0.0,9.826461162667336,9.826461162667336,0.0,0.0,1.0,1060.0
hcw,coast,300.0,1800.0,0.1,0.11,5.0,5.0,10.0,10.0,10,600.0,inf,full,both,inf,180.0,0.01,0.0,0.0,256,20,3,0.5,0.1,0.99,10.0,256,20,0,128,4,1.040031415875961,0.0,16.726825664204654,16.726825664204654,0.0,0.0,0.03125,1785.0
hcw,coast,300.0,1800.0,0.1,0.11,5.0,5.5,10.0,10.0,10,300.0,inf,full,both,inf,180.0,0.01,0.0,0.0,256,20,3,0.5,0.1,0.99,10.0,256,20,0,128,128,1.7645029321558323,0.0,9.826461162667336,9.826461162667336,0.0,0.0,1.0,1060.0
hcw,coast,300.0,1800.0,0.1,0.11,5.0,5.5,10.0,10.0,10,600.0,inf,full,both,inf,180.0,0.01,0.0,0.0,256,20,3,0.5,0.1,0.99,10.0,256,20,0,128,4,1.040031415875961,0.0,16.726825664204654,16.726825664204654,0.0,0.0,0.03125,1785.0
hcw,coast,300.0,1800.0,0.1,0.11,5.0,6.25,10.0,10.0,10,300.0,inf,full,both,inf,180.0,0.01,0.0,0.0,256,20,3,0.5,0.1,0.99,10.0,256,20,0,128,128,1.7645029321558323,0.0,9.826461162667336,9.826461162667336,0.0,0.0,1.0,1060.0
hcw,coast,300.0,1800.0,0.1,0.11,5.0,6.25,10.0,10.0,10,600.0,inf,full,both,inf,180.0,0.01,0.0,0.0,256,20,3,0.5,0.1,0.99,10.0,256,20,0,128,4,1.040031415875961,0.0,16.726825664204654,16.726825664204654,0.0,0.0,0.03125,1785.0
hcw,coast,300.0,1800.0,0.1,0.11,5.0,7.5,10.0,10.0,10,300.0,inf,full,both,inf,180.0,0.01,0.0,0.0,256,20,3,0.5,0.1,0.99,10.0,256,20,0,128,128,1.7645029321558323,0.0,9.826461162667336,9.826461162667336,0.0,0.0,1.0,1060.0
hcw,coast,300.0,1800.0,0.1,0.11,5.0,7.5,10.0,10.0,10,600.0,inf,full,both,inf,180.0,0.01,0.0,0.0,256,20,3,0.5,0.1,0.99,10.0,256,20,0,128,4,1.040031415875961,0.0,16.726825664204654,16.726825664204654,0.0,0.0,0.03125,1785.0
hcw,coast,300.0,1800.0,0.1,0.11,5.0,10.0,10.0,10.0,10,300.0,inf,full,both,inf,180.0,0.01,0.0,0.0,256,20,3,0.5,0.1,0.99,10.0,256,20,0,128,128,1.7645029321558323,0.0,9.826461162667336,9.826461162667336,0.0,0.0,1.0,1060.0
hcw,coast,300.0,1800.0,0.1,0.11,5.0,10.0,10.0,10.0,10,600.0,inf,full,both,inf,180.0,0.01,0.0,0.0,256,20,3,0.5,0.1,0.99,10.0,256,20,0,128,4,1.040031415875961,0.0,16.726825664204654,16.726825664204654,0.0,0.0,0.03125,1785.0
hcw,coast,300.0,1800.0,0.1,0.11,5.0,inf,10.0,10.0,10,300.0,inf,full,both,inf,180.0,0.01,0.0,0.0,256,20,3,0.5,0.1,0.99,10.0,256,20,0,128,128,1.7645029321558323,0.0,9.826461162667336,9.826461162667336,0.0,0.0,1.0,1060.0
hcw,coast,300.0,1800.0,0.1,0.11,5.0,inf,10.0,10.0,10,600.0,inf,full,both,inf,180.0,0.01,0.0,0.0,256,20,3,0.5,0.1,0.99,10.0,256,20,0,128,4,1.040031415875961,0.0,16.726825664204654,16.726825664204654,0.0,0.0,0.03125,1785.0
hcw,coast,300.0,1800.0,0.1,0.125,5.0,1.25,10.0,10.0,10,300.0,inf,full,both,inf,180.0,0.01,0.0,0.0,256,20,3,0.5,0.1,0.99,10.0,256,20,0,128,128,1.7645029321558323,0.0,9.826461162667336,9.826461162667336,0.0,0.0,1.0,1060.0
hcw,coast,300.0,1800.0,0.1,0.125,5.0,1.25,10.0,10.0,10,600.0,inf,full,both,inf,180.0,0.01,0.0,0.0,256,20,3,0.5,0.1,0.99,10.0,256,20,0,128,4,1.040031415875961,0.0,16.726825664204654,16.726825664204654,0.0,0.0,0.03125,1785.0
hcw,coast,300.0,1800.0,0.1,0.125,5.0,2.5,10.0,10.0,10,300.0,inf,full,both,inf,180.0,0.01,0.0,0.0,256,20,3,0.5,0.1,0.99,10.0,256,20,0,128,128,1.7645029321558323,0.0,9.826461162667336,9.826461162667336,0.0,0.0,1.0,1060.0
hcw,coast,300.0,1800.0,0.1,0.125,5.0,2.5,10.0,10.0,10,600.0,inf,full,both,inf,180.0,0.01,0.0,0.0,256,20,3,0.5,0.1,0.99,10.0,256,20,0,128,4,1.040031415875961,0.0,16.726825664204654,16.726825664204654,0.0,0.0,0.03125,1785.0
hcw,coast,300.0,1800.0,0.1,0.125,5.0,3.75,10.0,10.0,10,300.0,inf,full,both,inf,180.0,0.01,0.0,0.0,256,20,3,0.5,0.1,0.99,10.0,256,20,0,128,128,1.7645029321558323,0.0,9.826461162667336,9.826461162667336,0.0,0.0,1.0,1060.0
hcw,coast,300.0,1800.0,0.1,0.125,5.0,3.75,10.0,10.0,10,600.0,inf,full,both,inf,180.0,0.01,0.0,0.0,256,20,3,0.5,0.1,0.99,10.0,256,20,0,128,4,1.040031415875961,0.0,16.726825664204654,16.726825664204654,0.0,0.0,0.03125,1785.0
hcw,coast,300.0,1800.0,0.1,0.125,5.0,4.5,10.0,10.0,10,300.0,inf,full,both,inf,180.0,0.01,0.0,0.0,256,20,3,0.5,0.1,0.99,10.0,256,20,0,128,128,1.7645029321558323,0.0,9.826461162667336,9.826461162667336,0.0,0.0,1.0,1060.0
hcw,coast,300.0,1800.0,0.1,0.125,5.0,4.5,10.0,10.0,10,600.0,inf,full,both,inf,180.0,0.01,0.0,0.0,256,20,3,0.5,0.1,0.99,10.0,256,20,0,128,4,1.040031415875961,0.0,16.726825664204654,16.726825664204654,0.0,0.0,0.03125,1785.0
hcw,coast,300.0,1800.0,0.1,0.125,5.0,5.0,10.0,10.0,10,300.0,inf,full,both,inf,180.0,0.01,0.0,0.0,256,20,3,0.5,0.1,0.99,10.0,256,20,0,128,128,1.7645029321558323,0.0,9.826461162667336,9.826461162667336,0.0,0.0,1.0,1060.0
hcw,coast,300.0,1800.0,0.1,0.125,5.0,5.0,10.0,10.0,10,600.0,inf,full,both,inf,180.0,0.01,0.0,0.0,256,20,3,0.5,0.1,0.99,10.0,256,20,0,128,4,1.040031415875961,0.0,16.726825664204654,16.726825664204654,0.0,0.0,0.03125,1785.0
hcw,coast,300.0,1800.0,0.1,0.125,5.0,5.5,10.0,10.0,10,300.0,inf,full,both,inf,180.0,0.01,0.0,0.0,256,20,3,0.5,0.1,0.99,10.0,256,20,0,128,128,1.7645029321558323,0.0,9.826461162667336,9.826461162667336,0.0,0.0,1.0,1060.0
hcw,coast,300.0,1800.0,0.1,0.125,5.0,5.5,10.0,10.0,10,600.0,inf,full,both,inf,180.0,0.01,0.0,0.0,256,20,3,0.5,0.1,0.99,10.0,256,20,0,128,4,1.040031415875961,0.0,16.726825664204654,16.726825664204654,0.0,0.0,0.03125,1785.0
hcw,coast,300.0,1800.0,0.1,0.125,5.0,6.25,10.0,10.0,10,300.0,inf,full,both,inf,180.0,0.01,0.0,0.0,256,20,3,0.5,0.1,0.99,10.0,256,20,0,128,128,1.7645029321558323,0.0,9.826461162667336,9.826461162667336,0.0,0.0,1.0,1060.0
hcw,coast,300.0,1800.0,0.1,0.125,5.0,6.25,10.0,10.0,10,600.0,inf,full,both,inf,180.0,0.01,0.0,0.0,256,20,3,0.5,0.1,0.99,10.0,256,20,0,128,4,1.040031415875961,0.0,16.726825664204654,16.726825664204654,0.0,0.0,0.03125,1785.0
hcw,coast,300.0,1800.0,0.1,0.125,5.0,7.5,10.0,10.0,10,300.0,inf,full,both,inf,180.0,0.01,0.0,0.0,256,20,3,0.5,0.1,0.99,10.0,256,20,0,128,128,1.7645029321558323,0.0,9.826461162667336,9.826461162667336,0.0,0.0,1.0,1060.0
hcw,coast,300.0,1800.0,0.1,0.125,5.0,7.5,10.0,10.0,10,600.0,inf,full,both,inf,180.0,0.01,0.0,0.0,256,20,3,0.5,0.1,0.99,10.0,256,20,0,128,4,1.040031415875961,0.0,16.726825664204654,16.726825664204654,0.0,0.0,0.03125,1785.0
hcw,coast,300.0,1800.0,0.1,0.125,5.0,10.0,10.0,10.0,10,300.0,inf,full,both,inf,180.0,0.01,0.0,0.0,256,20,3,0.5,0.1,0.99,10.0,256,20,0,128,128,1.7645029321558323,0.0,9.826461162667336,9.826461162667336,0.0,0.0,1.0,1060.0
hcw,coast,300.0,1800.0,0.1,0.125,5.0,10.0,10.0,10.0,10,600.0,inf,full,both,inf,180.0,0.01,0.0,0.0,256,20,3,0.5,0.1,0.99,10.0,256,20,0,128,4,1.040031415875961,0.0,16.726825664204654,16.726825664204654,0.0,0.0,0.03125,1785.0
hcw,coast,300.0,1800.0,0.1,0.125,5.0,inf,10.0,10.0,10,300.0,inf,full,both,inf,180.0,0.01,0.0,0.0,256,20,3,0.5,0.1,0.99,10.0,256,20,0,128,128,1.7645029321558323,0.0,9.826461162667336,9.826461162667336,0.0,0.0,1.0,1060.0
hcw,coast,300.0,1800.0,0.1,0.125,5.0,inf,10.0,10.0,10,600.0,inf,full,both,inf,180.0,0.01,0.0,0.0,256,20,3,0.5,0.1,0.99,10.0,256,20,0,128,4,1.040031415875961,0.0,16.726825664204654,16.726825664204654,0.0,0.0,0.03125,1785.0
hcw,coast,300.0,1800.0,0.1,0.15,5.0,1.25,10.0,10.0,10,300.0,inf,full,both,inf,180.0,0.01,0.0,0.0,256,20,3,0.5,0.1,0.99,10.0,256,20,0,128,128,1.7645029321558323,0.0,9.826461162667336,9.826461162667336,0.0,0.0,1.0,1060.0
hcw,coast,300.0,1800.0,0.1,0.15,5.0,1.25,10.0,10.0,10,600.0,inf,full,both,inf,180.0,0.01,0.0,0.0,256,20,3,0.5,0.1,0.99,10.0,256,20,0,128,4,1.040031415875961,0.0,16.726825664204654,16.726825664204654,0.0,0.0,0.03125,1785.0
hcw,coast,300.0,1800.0,0.1,0.15,5.0,2.5,10.0,10.0,10,300.0,inf,full,both,inf,180.0,0.01,0.0,0.0,256,20,3,0.5,0.1,0.99,10.0,256,20,0,128,128,1.7645029321558323,0.0,9.826461162667336,9.826461162667336,0.0,0.0,1.0,1060.0
hcw,coast,300.0,1800.0,0.1,0.15,5.0,2.5,10.0,10.0,10,600.0,inf,full,both,inf,180.0,0.01,0.0,0.0,256,20,3,0.5,0.1,0.99,10.0,256,20,0,128,4,1.040031415875961,0.0,16.726825664204654,16.726825664204654,0.0,0.0,0.03125,1785.0
hcw,coast,300.0,1800.0,0.1,0.15,5.0,3.75,10.0,10.0,10,300.0,inf,full,both,inf,180.0,0.01,0.0,0.0,256,20,3,0.5,0.1,0.99,10.0,256,20,0,128,128,1.7645029321558323,0.0,9.826461162667336,9.826461162667336,0.0,0.0,1.0,1060.0
hcw,coast,300.0,1800.0,0.1,0.15,5.0,3.75,10.0,10.0,10,600.0,inf,full,both,inf,180.0,0.01,0.0,0.0,256,20,3,0.5,0.1,0.99,10.0,256,20,0,128,4,1.040031415875961,0.0,16.726825664204654,16.726825664204654,0.0,0.0,0.03125,1785.0
hcw,coast,300.0,1800.0,0.1,0.15,5.0,4.5,10.0,10.0,10,300.0,inf,full,both,inf,180.0,0.01,0.0,0.0,256,20,3,0.5,0.1,0.99,10.0,256,20,0,128,128,1.7645029321558323,0.0,9.826461162667336,9.826461162667336,0.0,0.0,1.0,1060.0
hcw,coast,300.0,1800.0,0.1,0.15,5.0,4.5,10.0,10.0,10,600.0,inf,full,both,inf,180.0,0.01,0.0,0.0,256,20,3,0.5,0.1,0.99,10.0,256,20,0,128,4,1.040031415875961,0.0,16.726825664204654,16.726825664204654,0.0,0.0,0.03125,1785.0
hcw,coast,300.0,1800.0,0.1,0.15,5.0,5.0,10.0,10.0,10,300.0,inf,full,both,inf,180.0,0.01,0.0,0.0,256,20,3,0.5,0.1,0.99,10.0,256,20,0,128,128,1.7645029321558323,0.0,9.826461162667336,9.826461162667336,0.0,0.0,1.0,1060.0
hcw,coast,300.0,1800.0,0.1,0.15,5.0,5.0,10.0,10.0,10,600.0,inf,full,both,inf,180.0,0.01,0.0,0.0,256,20,3,0.5,0.1,0.99,10.0,256,20,0,128,4,1.040031415875961,0.0,16.726825664204654,16.726825664204654,0.0,0.0,0.03125,1785.0
hcw,coast,300.0,1800.0,0.1,0.15,5.0,5.5,10.0,10.0,10,300.0,inf,full,both,inf,180.0,0.01,0.0,0.0,256,20,3,0.5,0.1,0.99,10.0,256,20,0,128,128,1.7645029321558323,0.0,9.826461162667336,9.826461162667336,0.0,0.0,1.0,1060.0
hcw,coast,300.0,1800.0,0.1,0.15,5.0,5.5,10.0,10.0,10,600.0,inf,full,both,inf,180.0,0.01,0.0,0.0,256,20,3,0.5,0.1,0.99,10.0,256,20,0,128,4,1.040031415875961,0.0,16.726825664204654,16.726825664204654,0.0,0.0,0.03125,1785.0
hcw,coast,300.0,1800.0,0.1,0.15,5.0,6.25,10.0,10.0,10,300.0,inf,full,both,inf,180.0,0.01,0.0,0.0,256,20,3,0.5,0.1,0.99,10.0,256,20,0,128,128,1.7645029321558323,0.0,9.826461162667336,9.826461162667336,0.0,0.0,1.0,1060.0
hcw,coast,300.0,1800.0,0.1,0.15,5.0,6.25,10.0,10.0,10,600.0,inf,full,both,inf,180.0,0.01,0.0,0.0,256,20,3,0.5,0.1,0.99,10.0,256,20,0,128,4,1.040031415875961,0.0,16.726825664204654,16.726825664204654,0.0,0.0,0.03125,1785.0
hcw,coast,300.0,1800.0,0.1,0.15,5.0,7.5,10.0,10.0,10,300.0,inf,full,both,inf,180.0,0.01,0.0,0.0,256,20,3,0.5,0.1,0.99,10.0,256,20,0,128,128,1.7645029321558323,0.0,9.826461162667336,9.826461162667336,0.0,0.0,1.0,1060.0
hcw,coast,300.0,1800.0,0.1,0.15,5.0,7.5,10.0,10.0,10,600.0,inf,full,both,inf,180.0,0.01,0.0,0.0,256,20,3,0.5,0.1,0.99,10.0,256,20,0,128,4,1.040031415875961,0.0,16.726825664204654,16.726825664204654,0.0,0.0,0.03125,1785.0
hcw,coast,300.0,1800.0,0.1,0.15,5.0,10.0,10.0,10.0,10,300.0,inf,full,both,inf,180.0,0.01,0.0,0.0,256,20,3,0.5,0.1,0.99,10.0,256,20,0,128,128,1.7645029321558323,0.0,9.826461162667336,9.826461162667336,0.0,0.0,1.0,1060.0
hcw,coast,300.0,1800.0,0.1,0.15,5.0,10.0,10.0,10.0,10,600.0,inf,full,both,inf,180.0,0.01,0.0,0.0,256,20,3,0.5,0.1,0.99,10.0,256,20,0,128,4,1.040031415875961,0.0,16.726825664204654,16.726825664204654,0.0,0.0,0.03125,1785.0
hcw,coast,300.0,1800.0,0.1,0.15,5.0,inf,10.0,10.0,10,300.0,inf,full,both,inf,180.0,0.01,0.0,0.0,256,20,3,0.5,0.1,0.99,10.0,256,20,0,128,128,1.7645029321558323,0.0,9.826461162667336,9.826461162667336,0.0,0.0,1.0,1060.0
hcw,coast,300.0,1800.0,0.1,0.15,5.0,inf,10.0,10.0,10,600.0,inf,full,both,inf,180.0,0.01,0.0,0.0,256,20,3,0.5,0.1,0.99,10.0,256,20,0,128,4,1.040031415875961,0.0,16.726825664204654,16.726825664204654,0.0,0.0,0.03125,1785.0
hcw,coast,300.0,1800.0,0.1,0.2,5.0,1.25,10.0,10.0,10,300.0,inf,full,both,inf,180.0,0.01,0.0,0.0,256,20,3,0.5,0.1,0.99,10.0,256,20,0,128,128,1.7645029321558323,0.0,9.826461162667336,9.826461162667336,0.0,0.0,1.0,1060.0
hcw,coast,300.0,1800.0,0.1,0.2,5.0,1.25,10.0,10.0,10,600.0,inf,full,both,inf,180.0,0.01,0.0,0.0,256,20,3,0.5,0.1,0.99,10.0,256,20,0,128,4,1.040031415875961,0.0,16.726825664204654,16.726825664204654,0.0,0.0,0.03125,1785.0
hcw,coast,300.0,1800.0,0.1,0.2,5.0,2.5,10.0,10.0,10,300.0,inf,full,both,inf,180.0,0.01,0.0,0.0,256,20,3,0.5,0.1,0.99,10.0,256,20,0,128,128,1.7645029321558323,0.0,9.826461162667336,9.826461162667336,0.0,0.0,1.0,1060.0
hcw,coast,300.0,1800.0,0.1,0.2,5.0,2.5,10.0,10.0,10,600.0,inf,full,both,inf,180.0,0.01,0.0,0.0,256,20,3,0.5,0.1,0.99,10.0,256,20,0,128,4,1.040031415875961,0.0,16.726825664204654,16.726825664204654,0.0,0.0,0.03125,1785.0
hcw,coast,300.0,1800.0,0.1,0.2,5.0,3.75,10.0,10.0,10,300.0,inf,full,both,inf,180.0,0.01,0.0,0.0,256,20,3,0.5,0.1,0.99,10.0,256,20,0,128,128,1.7645029321558323,0.0,9.826461162667336,9.826461162667336,0.0,0.0,1.0,1060.0
hcw,coast,300.0,1800.0,0.1,0.2,5.0,3.75,10.0,10.0,10,600.0,inf,full,both,inf,180.0,0.01,0.0,0.0,256,20,3,0.5,0.1,0.99,10.0,256,20,0,128,4,1.040031415875961,0.0,16.726825664204654,16.726825664204654,0.0,0.0,0.03125,1785.0
hcw,coast,300.0,1800.0,0.1,0.2,5.0,4.5,10.0,10.0,10,300.0,inf,full,both,inf,180.0,0.01,0.0,0.0,256,20,3,0.5,0.1,0.99,10.0,256,20,0,128,128,1.7645029321558323,0.0,9.826461162667336,9.826461162667336,0.0,0.0,1.0,1060.0
hcw,coast,300.0,1800.0,0.1,0.2,5.0,4.5,10.0,10.0,10,600.0,inf,full,both,inf,180.0,0.01,0.0,0.0,256,20,3,0.5,0.1,0.99,10.0,256,20,0,128,4,1.040031415875961,0.0,16.726825664204654,16.726825664204654,0.0,0.0,0.03125,1785.0
hcw,coast,300.0,1800.0,0.1,0.2,5.0,5.0,10.0,10.0,10,300.0,inf,full,both,inf,180.0,0.01,0.0,0.0,256,20,3,0.5,0.1,0.99,10.0,256,20,0,128,128,1.7645029321558323,0.0,9.826461162667336,9.826461162667336,0.0,0.0,1.0,1060.0
hcw,coast,300.0,1800.0,0.1,0.2,5.0,5.0,10.0,10.0,10,600.0,inf,full,both,inf,180.0,0.01,0.0,0.0,256,20,3,0.5,0.1,0.99,10.0,256,20,0,128,4,1.040031415875961,0.0,16.726825664204654,16.726825664204654,0.0,0.0,0.03125,1785.0
hcw,coast,300.0,1800.0,0.1,0.2,5.0,5.5,10.0,10.0,10,300.0,inf,full,both,inf,180.0,0.01,0.0,0.0,256,20,3,0.5,0.1,0.99,10.0,256,20,0,128,128,1.7645029321558323,0.0,9.826461162667336,9.826461162667336,0.0,0.0,1.0,1060.0
hcw,coast,300.0,1800.0,0.1,0.2,5.0,5.5,10.0,10.0,10,600.0,inf,full,both,inf,180.0,0.01,0.0,0.0,256,20,3,0.5,0.1,0.99,10.0,256,20,0,128,4,1.040031415875961,0.0,16.726825664204654,16.726825664204654,0.0,0.0,0.03125,1785.0
hcw,coast,300.0,1800.0,0.1,0.2,5.0,6.25,10.0,10.0,10,300.0,inf,full,both,inf,180.0,0.01,0.0,0.0,256,20,3,0.5,0.1,0.99,10.0,256,20,0,128,128,1.7645029321558323,0.0,9.826461162667336,9.826461162667336,0.0,0.0,1.0,1060.0
hcw,coast,300.0,1800.0,0.1,0.2,5.0,6.25,10.0,10.0,10,600.0,inf,full,both,inf,180.0,0.01,0.0,0.0,256,20,3,0.5,0.1,0.99,10.0,256,20,0,128,4,1.040031415875961,0.0,16.726825664204654,16.726825664204654,0.0,0.0,0.03125,1785.0
hcw,coast,300.0,1800.0,0.1,0.2,5.0,7.5,10.0,10.0,10,300.0,inf,full,both,inf,180.0,0.01,0.0,0.0,256,20,3,0.5,0.1,0.99,10.0,256,20,0,128,128,1.7645029321558323,0.0,9.826461162667336,9.826461162667336,0.0,0.0,1.0,1060.0
hcw,coast,300.0,1800.0,0.1,0.2,5.0,7.5,10.0,10.0,10,600.0,inf,full,both,inf,180.0,0.01,0.0,0.0,256,20,3,0.5,0.1,0.99,10.0,256,20,0,128,4,1.040031415875961,0.0,16.726825664204654,16.726825664204654,0.0,0.0,0.03125,1785.0
hcw,coast,300.0,1800.0,0.1,0.2,5.0,10.0,10.0,10.0,10,300.0,inf,full,both,inf,180.0,0.01,0.0,0.0,256,20,3,0.5,0.1,0.99,10.0,256,20,0,128,128,1.7645029321558323,0.0,9.826461162667336,9.826461162667336,0.0,0.0,1.0,1060.0
hcw,coast,300.0,1800.0,0.1,0.2,5.0,10.0,10.0,10.0,10,600.0,inf,full,both,inf,180.0,0.01,0.0,0.0,256,20,3,0.5,0.1,0.99,10.0,256,20,0,128,4,1.040031415875961,0.0,16.726825664204654,16.726825664204654,0.0,0.0,0.03125,1785.0
hcw,coast,300.0,1800.0,0.1,0.2,5.0,inf,10.0,10.0,10,300.0,inf,full,both,inf,180.0,0.01,0.0,0.0,256,20,3,0.5,0.1,0.99,10.0,256,20,0,128,128,1.7645029321558323,0.0,9.826461162667336,9.826461162667336,0.0,0.0,1.0,1060.0
hcw,coast,300.0,1800.0,0.1,0.2,5.0,inf,10.0,10.0,10,600.0,inf,full,both,inf,180.0,0.01,0.0,0.0,256,20,3,0.5,0.1,0.99,10.0,256,20,0,128,4,1.040031415875961,0.0,16.726825664204654,16.726825664204654,0.0,0.0,0.03125,1785.0
hcw,mppi_direct,300.0,1800.0,0.1,0.025,5.0,1.25,10.0,10.0,10,300.0,inf,full,both,inf,180.0,0.01,0.0,0.0,256,20,3,0.5,0.1,0.99,10.0,256,20,0,128,128,2.4410046809292822,1.25,9.8448560692409,9.844856069240898,0.0,0.0,1.0,1070.0
hcw,mppi_direct,300.0,1800.0,0.1,0.025,5.0,1.25,10.0,10.0,10,600.0,inf,full,both,inf,180.0,0.01,0.0,0.0,256,20,3,0.5,0.1,0.99,10.0,256,20,0,128,5,2.0206123626337384,1.25,16.766247275382497,16.7662472753825,0.0,0.0,0.0390625,1790.0
hcw,mppi_direct,300.0,1800.0,0.1,0.025,5.0,2.5,10.0,10.0,10,300.0,inf,full,both,inf,180.0,0.01,0.0,0.0,256,20,3,0.5,0.1,0.99,10.0,256,20,0,128,128,3.4690054093821696,2.5,9.84081639092922,9.840816390929213,0.0,0.0,1.0,1240.0
hcw,mppi_direct,300.0,1800.0,0.1,0.025,5.0,2.5,10.0,10.0,10,600.0,inf,full,both,inf,180.0,0.01,0.0,0.0,256,20,3,0.5,0.1,0.99,10.0,256,20,0,128,0,3.1776967721770704,2.5,18.757713101140038,18.75771310114004,0.0,0.0,0.0,
hcw,mppi_direct,300.0,1800.0,0.1,0.025,5.0,3.75,10.0,10.0,10,300.0,inf,full,both,inf,180.0,0.01,0.0,0.0,256,20,3,0.5,0.1,0.99,10.0,256,20,0,128,128,3.858804175655245,2.9164080123010665,9.829913449552649,9.829913449552643,0.0,0.0,1.0,1340.0
hcw,mppi_direct,300.0,1800.0,0.1,0.025,5.0,3.75,10.0,10.0,10,600.0,inf,full,both,inf,180.0,0.01,0.0,0.0,256,20,3,0.5,0.1,0.99,10.0,256,20,0,128,0,4.311250744088913,3.7216767480549353,26.985126210622685,26.985126210622653,0.0,0.0,0.0,
hcw,mppi_direct,300.0,1800.0,0.1,0.025,5.0,4.5,10.0,10.0,10,300.0,inf,full,both,inf,180.0,0.01,0.0,0.0,256,20,3,0.5,0.1,0.99,10.0,256,20,0,128,128,3.858804175655245,2.9164080123010665,9.829913449552649,9.829913449552643,0.0,0.0,1.0,1340.0
hcw,mppi_direct,300.0,1800.0,0.1,0.025,5.0,4.5,10.0,10.0,10,600.0,inf,full,both,inf,180.0,0.01,0.0,0.0,256,20,3,0.5,0.1,0.99,10.0,256,20,0,128,0,4.325125960097669,3.744726104256515,27.209378589301263,27.209378589301267,0.0,0.0,0.0,
hcw,mppi_direct,300.0,1800.0,0.1,0.025,5.0,5.0,10.0,10.0,10,300.0,inf,full,both,inf,180.0,0.01,0.0,0.0,256,20,3,0.5,0.1,0.99,10.0,256,20,0,128,128,3.858804175655245,2.9164080123010665,9.829913449552649,9.829913449552643,0.0,0.0,1.0,1340.0
hcw,mppi_direct,300.0,1800.0,0.1,0.025,5.0,5.0,10.0,10.0,10,600.0,inf,full,both,inf,180.0,0.01,0.0,0.0,256,20,3,0.5,0.1,0.99,10.0,256,20,0,128,0,4.325125960097669,3.744726104256515,27.209378589301263,27.209378589301267,0.0,0.0,0.0,
hcw,mppi_direct,300.0,1800.0,0.1,0.025,5.0,5.5,10.0,10.0,10,300.0,inf,full,both,inf,180.0,0.01,0.0,0.0,256,20,3,0.5,0.1,0.99,10.0,256,20,0,128,128,3.858804175655245,2.9164080123010665,9.829913449552649,9.829913449552643,0.0,0.0,1.0,1340.0
hcw,mppi_direct,300.0,1800.0,0.1,0.025,5.0,5.5,10.0,10.0,10,600.0,inf,full,both,inf,180.0,0.01,0.0,0.0,256,20,3,0.5,0.1,0.99,10.0,256,20,0,128,0,4.325125960097669,3.744726104256515,27.209378589301263,27.209378589301267,0.0,0.0,0.0,
hcw,mppi_direct,300.0,1800.0,0.1,0.025,5.0,6.25,10.0,10.0,10,300.0,inf,full,both,inf,180.0,0.01,0.0,0.0,256,20,3,0.5,0.1,0.99,10.0,256,20,0,128,128,3.858804175655245,2.9164080123010665,9.829913449552649,9.829913449552643,0.0,0.0,1.0,1340.0
hcw,mppi_direct,300.0,1800.0,0.1,0.025,5.0,6.25,10.0,10.0,10,600.0,inf,full,both,inf,180.0,0.01,0.0,0.0,256,20,3,0.5,0.1,0.99,10.0,256,20,0,128,0,4.325125960097669,3.744726104256515,27.209378589301263,27.209378589301267,0.0,0.0,0.0,
hcw,mppi_direct,300.0,1800.0,0.1,0.025,5.0,7.5,10.0,10.0,10,300.0,inf,full,both,inf,180.0,0.01,0.0,0.0,256,20,3,0.5,0.1,0.99,10.0,256,20,0,128,128,3.858804175655245,2.9164080123010665,9.829913449552649,9.829913449552643,0.0,0.0,1.0,1340.0
hcw,mppi_direct,300.0,1800.0,0.1,0.025,5.0,7.5,10.0,10.0,10,600.0,inf,full,both,inf,180.0,0.01,0.0,0.0,256,20,3,0.5,0.1,0.99,10.0,256,20,0,128,0,4.325125960097669,3.744726104256515,27.209378589301263,27.209378589301267,0.0,0.0,0.0,
hcw,mppi_direct,300.0,1800.0,0.1,0.025,5.0,10.0,10.0,10.0,10,300.0,inf,full,both,inf,180.0,0.01,0.0,0.0,256,20,3,0.5,0.1,0.99,10.0,256,20,0,128,128,3.858804175655245,2.9164080123010665,9.829913449552649,9.829913449552643,0.0,0.0,1.0,1340.0
hcw,mppi_direct,300.0,1800.0,0.1,0.025,5.0,10.0,10.0,10.0,10,600.0,inf,full,both,inf,180.0,0.01,0.0,0.0,256,20,3,0.5,0.1,0.99,10.0,256,20,0,128,0,4.325125960097669,3.744726104256515,27.209378589301263,27.209378589301267,0.0,0.0,0.0,
hcw,mppi_direct,300.0,1800.0,0.1,0.025,5.0,inf,10.0,10.0,10,300.0,inf,full,both,inf,180.0,0.01,0.0,0.0,256,20,3,0.5,0.1,0.99,10.0,256,20,0,128,128,3.858804175655245,2.9164080123010665,9.829913449552649,9.829913449552643,0.0,0.0,1.0,1340.0
hcw,mppi_direct,300.0,1800.0,0.1,0.025,5.0,inf,10.0,10.0,10,600.0,inf,full,both,inf,180.0,0.01,0.0,0.0,256,20,3,0.5,0.1,0.99,10.0,256,20,0,128,0,4.325125960097669,3.744726104256515,27.209378589301263,27.209378589301267,0.0,0.0,0.0,
hcw,mppi_direct,300.0,1800.0,0.1,0.05,5.0,1.25,10.0,10.0,10,300.0,inf,full,both,inf,180.0,0.01,0.0,0.0,256,20,3,0.5,0.1,0.99,10.0,256,20,0,128,128,2.567068020684807,1.25,9.826108783746305,9.826108783746308,0.0,0.0,1.0,1050.0
hcw,mppi_direct,300.0,1800.0,0.1,0.05,5.0,1.25,10.0,10.0,10,600.0,inf,full,both,inf,180.0,0.01,0.0,0.0,256,20,3,0.5,0.1,0.99,10.0,256,20,0,128,7,2.0858983036181864,1.25,16.201525946770136,16.20152594677013,0.0,0.0,0.0546875,1780.0
hcw,mppi_direct,300.0,1800.0,0.1,0.05,5.0,2.5,10.0,10.0,10,300.0,inf,full,both,inf,180.0,0.01,0.0,0.0,256,20,3,0.5,0.1,0.99,10.0,256,20,0,128,128,3.7174160895797743,2.5,9.840555497109388,9.840555497109388,0.0,0.0,1.0,1050.0
hcw,mppi_direct,300.0,1800.0,0.1,0.05,5.0,2.5,10.0,10.0,10,600.0,inf,full,both,inf,180.0,0.01,0.0,0.0,256,20,3,0.5,0.1,0.99,10.0,256,20,0,128,9,3.291656950248783,2.5,15.749425946933195,15.749425946933211,0.0,0.0,0.0703125,1760.0
hcw,mppi_direct,300.0,1800.0,0.1,0.05,5.0,3.75,10.0,10.0,10,300.0,inf,full,both,inf,180.0,0.01,0.0,0.0,256,20,3,0.5,0.1,0.99,10.0,256,20,0,128,128,4.930062976291063,3.75,9.82878704152336,9.828787041523368,0.0,0.0,1.0,1120.0
hcw,mppi_direct,300.0,1800.0,0.1,0.05,5.0,3.75,10.0,10.0,10,600.0,inf,full,both,inf,180.0,0.01,0.0,0.0,256,20,3,0.5,0.1,0.99,10.0,256,20,0,128,8,4.529146937653004,3.75,15.25046021202538,15.250460212025352,0.0,0.0,0.0625,1765.0
hcw,mppi_direct,300.0,1800.0,0.1,0.05,5.0,4.5,10.0,10.0,10,300.0,inf,full,both,inf,180.0,0.01,0.0,0.0,256,20,3,0.5,0.1,0.99,10.0,256,20,0,128,0,5.0,4.5,13.353644746193398,616.2568085463137,0.0,0.0,0.0,
hcw,mppi_direct,300.0,1800.0,0.1,0.05,5.0,4.5,10.0,10.0,10,600.0,inf,full,both,inf,180.0,0.01,0.0,0.0,256,20,3,0.5,0.1,0.99,10.0,256,20,0,128,0,5.0,4.5,30.200576506103737,145.7325213896022,0.0,0.0,0.0,
hcw,mppi_direct,300.0,1800.0,0.1,0.05,5.0,5.0,10.0,10.0,10,300.0,inf,full,both,inf,180.0,0.01,0.0,0.0,256,20,3,0.5,0.1,0.99,10.0,256,20,0,128,0,5.0,5.0,13.382159694592463,980.5380998243268,0.0,0.0,0.0,
hcw,mppi_direct,300.0,1800.0,0.1,0.05,5.0,5.0,10.0,10.0,10,600.0,inf,full,both,inf,180.0,0.01,0.0,0.0,256,20,3,0.5,0.1,0.99,10.0,256,20,0,128,0,5.0,5.0,27.127944628809185,402.5759431390163,0.0,0.0,0.0,
hcw,mppi_direct,300.0,1800.0,0.1,0.05,5.0,5.5,10.0,10.0,10,300.0,inf,full,both,inf,180.0,0.01,0.0,0.0,256,20,3,0.5,0.1,0.99,10.0,256,20,0,128,0,5.0,5.5,13.419109537852714,1255.5621039269686,0.0,0.0,0.0,
hcw,mppi_direct,300.0,1800.0,0.1,0.05,5.0,5.5,10.0,10.0,10,600.0,inf,full,both,inf,180.0,0.01,0.0,0.0,256,20,3,0.5,0.1,0.99,10.0,256,20,0,128,0,5.0,5.5,24.854667819752336,590.4775906295141,0.0,0.0,0.0,
hcw,mppi_direct,300.0,1800.0,0.1,0.05,5.0,6.25,10.0,10.0,10,300.0,inf,full,both,inf,180.0,0.01,0.0,0.0,256,20,3,0.5,0.1,0.99,10.0,256,20,0,128,0,5.0,6.25,13.415147977510156,1564.8516309537642,0.0,0.0,0.0,
hcw,mppi_direct,300.0,1800.0,0.1,0.05,5.0,6.25,10.0,10.0,10,600.0,inf,full,both,inf,180.0,0.01,0.0,0.0,256,20,3,0.5,0.1,0.99,10.0,256,20,0,128,0,5.0,6.25,23.96051509158895,760.0134362742905,0.0,0.0,0.0,
hcw,mppi_direct,300.0,1800.0,0.1,0.05,5.0,7.5,10.0,10.0,10,300.0,inf,full,both,inf,180.0,0.01,0.0,0.0,256,20,3,0.5,0.1,0.99,10.0,256,20,0,128,0,5.0,7.5,13.41624697154774,1820.1163694310503,0.0,0.0,0.0,
hcw,mppi_direct,300.0,1800.0,0.1,0.05,5.0,7.5,10.0,10.0,10,600.0,inf,full,both,inf,180.0,0.01,0.0,0.0,256,20,3,0.5,0.1,0.99,10.0,256,20,0,128,0,5.0,7.011557099534294,23.932542518422988,811.4005604806844,0.0,0.0,0.0,
hcw,mppi_direct,300.0,1800.0,0.1,0.05,5.0,10.0,10.0,10.0,10,300.0,inf,full,both,inf,180.0,0.01,0.0,0.0,256,20,3,0.5,0.1,0.99,10.0,256,20,0,128,0,5.0,7.925868984352947,13.41624697154774,1828.399243861992,0.0,0.0,0.0,
hcw,mppi_direct,300.0,1800.0,0.1,0.05,5.0,10.0,10.0,10.0,10,600.0,inf,full,both,inf,180.0,0.01,0.0,0.0,256,20,3,0.5,0.1,0.99,10.0,256,20,0,128,0,5.0,7.013172267753986,23.93253870004348,808.2288356655928,0.0,0.0,0.0,
hcw,mppi_direct,300.0,1800.0,0.1,0.05,5.0,inf,10.0,10.0,10,300.0,inf,full,both,inf,180.0,0.01,0.0,0.0,256,20,3,0.5,0.1,0.99,10.0,256,20,0,128,0,5.0,7.925853014480006,13.41624697154774,1828.398754559527,0.0,0.0,0.0,
hcw,mppi_direct,300.0,1800.0,0.1,0.05,5.0,inf,10.0,10.0,10,600.0,inf,full,both,inf,180.0,0.01,0.0,0.0,256,20,3,0.5,0.1,0.99,10.0,256,20,0,128,0,5.0,7.01317343212471,23.93253870004348,808.2288330519696,0.0,0.0,0.0,
hcw,mppi_direct,300.0,1800.0,0.1,0.075,5.0,1.25,10.0,10.0,10,300.0,inf,full,both,inf,180.0,0.01,0.0,0.0,256,20,3,0.5,0.1,0.99,10.0,256,20,0,128,128,2.5321635102493194,1.25,9.83127482801034,9.831274828010343,0.0,0.0,1.0,1040.0
hcw,mppi_direct,300.0,1800.0,0.1,0.075,5.0,1.25,10.0,10.0,10,600.0,inf,full,both,inf,180.0,0.01,0.0,0.0,256,20,3,0.5,0.1,0.99,10.0,256,20,0,128,7,2.0483467868077403,1.25,16.048206774407266,16.048206774407284,0.0,0.0,0.0546875,1780.0
hcw,mppi_direct,300.0,1800.0,0.1,0.075,5.0,2.5,10.0,10.0,10,300.0,inf,full,both,inf,180.0,0.01,0.0,0.0,256,20,3,0.5,0.1,0.99,10.0,256,20,0,128,128,3.684208763173014,2.5,9.82263454191292,9.822634541912937,0.0,0.0,1.0,1020.0
hcw,mppi_direct,300.0,1800.0,0.1,0.075,5.0,2.5,10.0,10.0,10,600.0,inf,full,both,inf,180.0,0.01,0.0,0.0,256,20,3,0.5,0.1,0.99,10.0,256,20,0,128,10,3.2559087849850914,2.5,15.27901643530698,15.279016435306984,0.0,0.0,0.078125,1755.0
hcw,mppi_direct,300.0,1800.0,0.1,0.075,5.0,3.75,10.0,10.0,10,300.0,inf,full,both,inf,180.0,0.01,0.0,0.0,256,20,3,0.5,0.1,0.99,10.0,256,20,0,128,127,4.911076803657831,3.75,9.806361579467431,10.627335535856316,0.0,0.0,0.9921875,990.0
hcw,mppi_direct,300.0,1800.0,0.1,0.075,5.0,3.75,10.0,10.0,10,600.0,inf,full,both,inf,180.0,0.01,0.0,0.0,256,20,3,0.5,0.1,0.99,10.0,256,20,0,128,11,4.5057789606545295,3.75,13.93834329949907,13.93834329949908,0.0,0.0,0.0859375,1700.0
hcw,mppi_direct,300.0,1800.0,0.1,0.075,5.0,4.5,10.0,10.0,10,300.0,inf,full,both,inf,180.0,0.01,0.0,0.0,256,20,3,0.5,0.1,0.99,10.0,256,20,0,128,0,5.0,4.5,16.327908553806754,871.9734322471111,0.0,0.0,0.0,
hcw,mppi_direct,300.0,1800.0,0.1,0.075,5.0,4.5,10.0,10.0,10,600.0,inf,full,both,inf,180.0,0.01,0.0,0.0,256,20,3,0.5,0.1,0.99,10.0,256,20,0,128,2,5.0,4.5,43.9268101318335,207.3872231464966,0.0,0.0,0.015625,1300.0
hcw,mppi_direct,300.0,1800.0,0.1,0.075,5.0,5.0,10.0,10.0,10,300.0,inf,full,both,inf,180.0,0.01,0.0,0.0,256,20,3,0.5,0.1,0.99,10.0,256,20,0,128,0,5.0,5.0,16.026654058474225,1469.3571354259814,0.0,0.0,0.0,
hcw,mppi_direct,300.0,1800.0,0.1,0.075,5.0,5.0,10.0,10.0,10,600.0,inf,full,both,inf,180.0,0.01,0.0,0.0,256,20,3,0.5,0.1,0.99,10.0,256,20,0,128,0,5.0,5.0,49.399347370612105,776.6257404841937,0.0,0.0,0.0,
hcw,mppi_direct,300.0,1800.0,0.1,0.075,5.0,5.5,10.0,10.0,10,300.0,inf,full,both,inf,180.0,0.01,0.0,0.0,256,20,3,0.5,0.1,0.99,10.0,256,20,0,128,0,5.0,5.5,15.704663330682152,2006.0531807949135,0.0,0.0,0.0,
hcw,mppi_direct,300.0,1800.0,0.1,0.075,5.0,5.5,10.0,10.0,10,600.0,inf,full,both,inf,180.0,0.01,0.0,0.0,256,20,3,0.5,0.1,0.99,10.0,256,20,0,128,0,5.0,5.5,44.7183749275494,1303.5643574408,0.0,0.0,0.0,
hcw,mppi_direct,300.0,1800.0,0.1,0.075,5.0,6.25,10.0,10.0,10,300.0,inf,full,both,inf,180.0,0.01,0.0,0.0,256,20,3,0.5,0.1,0.99,10.0,256,20,0,128,0,5.0,6.25,15.45532533728158,2684.0632414365537,0.0,0.0,0.0,
hcw,mppi_direct,300.0,1800.0,0.1,0.075,5.0,6.25,10.0,10.0,10,600.0,inf,full,both,inf,180.0,0.01,0.0,0.0,256,20,3,0.5,0.1,0.99,10.0,256,20,0,128,0,5.0,6.25,39.57632216732481,1932.1475326637387,0.0,0.0,0.0,
hcw,mppi_direct,300.0,1800.0,0.1,0.075,5.0,7.5,10.0,10.0,10,300.0,inf,full,both,inf,180.0,0.01,0.0,0.0,256,20,3,0.5,0.1,0.99,10.0,256,20,0,128,0,5.0,7.5,15.410741295098816,3577.225526537504,0.0,0.0,0.0,
hcw,mppi_direct,300.0,1800.0,0.1,0.075,5.0,7.5,10.0,10.0,10,600.0,inf,full,both,inf,180.0,0.01,0.0,0.0,256,20,3,0.5,0.1,0.99,10.0,256,20,0,128,0,5.0,7.5,36.48450906066774,2712.917329578957,0.0,0.0,0.0,
hcw,mppi_direct,300.0,1800.0,0.1,0.075,5.0,10.0,10.0,10.0,10,300.0,inf,full,both,inf,180.0,0.01,0.0,0.0,256,20,3,0.5,0.1,0.99,10.0,256,20,0,128,0,5.0,10.0,15.40636377512427,4617.031602243631,0.0,0.0,0.0,
hcw,mppi_direct,300.0,1800.0,0.1,0.075,5.0,10.0,10.0,10.0,10,600.0,inf,full,both,inf,180.0,0.01,0.0,0.0,256,20,3,0.5,0.1,0.99,10.0,256,20,0,128,0,5.0,10.0,36.288507474729336,3551.268306575524,0.0,0.0,0.0,
hcw,mppi_direct,300.0,1800.0,0.1,0.075,5.0,inf,10.0,10.0,10,300.0,inf,full,both,inf,180.0,0.01,0.0,0.0,256,20,3,0.5,0.1,0.99,10.0,256,20,0,128,0,5.0,11.815487064881063,15.40636377512427,4810.693784103099,0.0,0.0,0.0,
hcw,mppi_direct,300.0,1800.0,0.1,0.075,5.0,inf,10.0,10.0,10,600.0,inf,full,both,inf,180.0,0.01,0.0,0.0,256,20,3,0.5,0.1,0.99,10.0,256,20,0,128,0,5.0,11.266439760684,36.288507474729336,3638.577318316316,0.0,0.0,0.0,
hcw,mppi_direct,300.0,1800.0,0.1,0.09,5.0,1.25,10.0,10.0,10,300.0,inf,full,both,inf,180.0,0.01,0.0,0.0,256,20,3,0.5,0.1,0.99,10.0,256,20,0,128,128,2.4773528374086298,1.25,9.827277670740363,9.827277670740362,0.0,0.0,1.0,1040.0
hcw,mppi_direct,300.0,1800.0,0.1,0.09,5.0,1.25,10.0,10.0,10,600.0,inf,full,both,inf,180.0,0.01,0.0,0.0,256,20,3,0.5,0.1,0.99,10.0,256,20,0,128,7,2.019074246691011,1.25,16.025741311497246,16.02574131149724,0.0,0.0,0.0546875,1770.0
hcw,mppi_direct,300.0,1800.0,0.1,0.09,5.0,2.5,10.0,10.0,10,300.0,inf,full,both,inf,180.0,0.01,0.0,0.0,256,20,3,0.5,0.1,0.99,10.0,256,20,0,128,128,3.6320489195539367,2.5,9.84196254307678,9.84196254307678,0.0,0.0,1.0,1010.0
hcw,mppi_direct,300.0,1800.0,0.1,0.09,5.0,2.5,10.0,10.0,10,600.0,inf,full,both,inf,180.0,0.01,0.0,0.0,256,20,3,0.5,0.1,0.99,10.0,256,20,0,128,10,3.2124022162180954,2.5,15.232095835182212,15.232095835182252,0.0,0.0,0.078125,1755.0
hcw,mppi_direct,300.0,1800.0,0.1,0.09,5.0,3.75,10.0,10.0,10,300.0,inf,full,both,inf,180.0,0.01,0.0,0.0,256,20,3,0.5,0.1,0.99,10.0,256,20,0,128,126,4.869616192985892,3.75,9.862161091005166,11.24961649764854,0.0,0.0,0.984375,970.0
hcw,mppi_direct,300.0,1800.0,0.1,0.09,5.0,3.75,10.0,10.0,10,600.0,inf,full,both,inf,180.0,0.01,0.0,0.0,256,20,3,0.5,0.1,0.99,10.0,256,20,0,128,13,4.468837079171107,3.75,13.893459837308384,13.89345983730844,0.0,0.0,0.1015625,1710.0
hcw,mppi_direct,300.0,1800.0,0.1,0.09,5.0,4.5,10.0,10.0,10,300.0,inf,full,both,inf,180.0,0.01,0.0,0.0,256,20,3,0.5,0.1,0.99,10.0,256,20,0,128,0,5.0,4.5,19.21109366383685,916.663330874519,0.0,0.0,0.0,
hcw,mppi_direct,300.0,1800.0,0.1,0.09,5.0,4.5,10.0,10.0,10,600.0,inf,full,both,inf,180.0,0.01,0.0,0.0,256,20,3,0.5,0.1,0.99,10.0,256,20,0,128,18,5.0,4.5,37.6940200136455,180.80252012369652,0.0,0.0,0.140625,1205.0
hcw,mppi_direct,300.0,1800.0,0.1,0.09,5.0,5.0,10.0,10.0,10,300.0,inf,full,both,inf,180.0,0.01,0.0,0.0,256,20,3,0.5,0.1,0.99,10.0,256,20,0,128,0,5.0,5.0,19.099793869396624,1647.5855195137424,0.0,0.0,0.0,
hcw,mppi_direct,300.0,1800.0,0.1,0.09,5.0,5.0,10.0,10.0,10,600.0,inf,full,both,inf,180.0,0.01,0.0,0.0,256,20,3,0.5,0.1,0.99,10.0,256,20,0,128,0,5.0,5.0,67.73738088856352,859.5979455676919,0.0,0.0,0.0,
hcw,mppi_direct,300.0,1800.0,0.1,0.09,5.0,5.5,10.0,10.0,10,300.0,inf,full,both,inf,180.0,0.01,0.0,0.0,256,20,3,0.5,0.1,0.99,10.0,256,20,0,128,0,5.0,5.5,18.637325896250974,2294.0393292436597,0.0,0.0,0.0,
hcw,mppi_direct,300.0,1800.0,0.1,0.09,5.0,5.5,10.0,10.0,10,600.0,inf,full,both,inf,180.0,0.01,0.0,0.0,256,20,3,0.5,0.1,0.99,10.0,256,20,0,128,0,5.0,5.5,61.89468824367089,1576.8685775660526,0.0,0.0,0.0,
hcw,mppi_direct,300.0,1800.0,0.1,0.09,5.0,6.25,10.0,10.0,10,300.0,inf,full,both,inf,180.0,0.01,0.0,0.0,256,20,3,0.5,0.1,0.99,10.0,256,20,0,128,0,5.0,6.25,18.25221779238586,3155.6454597697857,0.0,0.0,0.0,
hcw,mppi_direct,300.0,1800.0,0.1,0.09,5.0,6.25,10.0,10.0,10,600.0,inf,full,both,inf,180.0,0.01,0.0,0.0,256,20,3,0.5,0.1,0.99,10.0,256,20,0,128,0,5.0,6.25,53.39439949854656,2475.158278826473,0.0,0.0,0.0,
hcw,mppi_direct,300.0,1800.0,0.1,0.09,5.0,7.5,10.0,10.0,10,300.0,inf,full,both,inf,180.0,0.01,0.0,0.0,256,20,3,0.5,0.1,0.99,10.0,256,20,0,128,0,5.0,7.5,18.025541976382407,4328.024849572981,0.0,0.0,0.0,
hcw,mppi_direct,300.0,1800.0,0.1,0.09,5.0,7.5,10.0,10.0,10,600.0,inf,full,both,inf,180.0,0.01,0.0,0.0,256,20,3,0.5,0.1,0.99,10.0,256,20,0,128,0,5.0,7.5,46.85578834031503,3602.5350483040047,0.0,0.0,0.0,
hcw,mppi_direct,300.0,1800.0,0.1,0.09,5.0,10.0,10.0,10.0,10,300.0,inf,full,both,inf,180.0,0.01,0.0,0.0,256,20,3,0.5,0.1,0.99,10.0,256,20,0,128,0,5.0,10.0,17.9242937977367,6002.485529610963,0.0,0.0,0.0,
hcw,mppi_direct,300.0,1800.0,0.1,0.09,5.0,10.0,10.0,10.0,10,600.0,inf,full,both,inf,180.0,0.01,0.0,0.0,256,20,3,0.5,0.1,0.99,10.0,256,20,0,128,0,5.0,10.0,44.99976558293186,5163.957660374659,0.0,0.0,0.0,
hcw,mppi_direct,300.0,1800.0,0.1,0.09,5.0,inf,10.0,10.0,10,300.0,inf,full,both,inf,180.0,0.01,0.0,0.0,256,20,3,0.5,0.1,0.99,10.0,256,20,0,128,0,5.0,14.371185102433513,17.9242937977367,7039.150192110955,0.0,0.0,0.0,
hcw,mppi_direct,300.0,1800.0,0.1,0.09,5.0,inf,10.0,10.0,10,600.0,inf,full,both,inf,180.0,0.01,0.0,0.0,256,20,3,0.5,0.1,0.99,10.0,256,20,0,128,0,5.0,14.110076675762526,45.00010370269445,6073.418801676421,0.0,0.0,0.0,
hcw,mppi_direct,300.0,1800.0,0.1,0.1,5.0,1.25,10.0,10.0,10,300.0,inf,full,both,inf,180.0,0.01,0.0,0.0,256,20,3,0.5,0.1,0.99,10.0,256,20,0,128,128,2.445714197582092,1.25,9.82959413403634,9.829594134036338,0.0,0.0,1.0,1040.0
hcw,mppi_direct,300.0,1800.0,0.1,0.1,5.0,1.25,10.0,10.0,10,600.0,inf,full,both,inf,180.0,0.01,0.0,0.0,256,20,3,0.5,0.1,0.99,10.0,256,20,0,128,7,2.001666755798873,1.25,16.009795397863982,16.009795397863986,0.0,0.0,0.0546875,1770.0
hcw,mppi_direct,300.0,1800.0,0.1,0.1,5.0,2.5,10.0,10.0,10,300.0,inf,full,both,inf,180.0,0.01,0.0,0.0,256,20,3,0.5,0.1,0.99,10.0,256,20,0,128,128,3.5964770622928706,2.5,9.830508864203264,9.830508864203278,0.0,0.0,1.0,1000.0
hcw,mppi_direct,300.0,1800.0,0.1,0.1,5.0,2.5,10.0,10.0,10,600.0,inf,full,both,inf,180.0,0.01,0.0,0.0,256,20,3,0.5,0.1,0.99,10.0,256,20,0,128,9,3.185563644806725,2.5,15.190833281699174,15.190833281699266,0.0,0.0,0.0703125,1750.0
hcw,mppi_direct,300.0,1800.0,0.1,0.1,5.0,3.75,10.0,10.0,10,300.0,inf,full,both,inf,180.0,0.01,0.0,0.0,256,20,3,0.5,0.1,0.99,10.0,256,20,0,128,125,4.834266568151469,3.75,10.503509539802389,11.835257485469992,0.0,0.0,0.9765625,950.0
hcw,mppi_direct,300.0,1800.0,0.1,0.1,5.0,3.75,10.0,10.0,10,600.0,inf,full,both,inf,180.0,0.01,0.0,0.0,256,20,3,0.5,0.1,0.99,10.0,256,20,0,128,13,4.445783005133729,3.75,13.9308233618179,13.930823361817948,0.0,0.0,0.1015625,1720.0
hcw,mppi_direct,300.0,1800.0,0.1,0.1,5.0,4.5,10.0,10.0,10,300.0,inf,full,both,inf,180.0,0.01,0.0,0.0,256,20,3,0.5,0.1,0.99,10.0,256,20,0,128,0,5.0,4.5,19.778000980760403,899.4049439227152,0.0,0.0,0.0,
hcw,mppi_direct,300.0,1800.0,0.1,0.1,5.0,4.5,10.0,10.0,10,600.0,inf,full,both,inf,180.0,0.01,0.0,0.0,256,20,3,0.5,0.1,0.99,10.0,256,20,0,128,41,4.999882422375548,4.5,26.8413347407642,140.80386585519807,0.0,0.0,0.3203125,1220.0
hcw,mppi_direct,300.0,1800.0,0.1,0.1,5.0,5.0,10.0,10.0,10,300.0,inf,full,both,inf,180.0,0.01,0.0,0.0,256,20,3,0.5,0.1,0.99,10.0,256,20,0,128,0,5.0,5.0,19.940017517367888,1685.5132566121206,0.0,0.0,0.0,
hcw,mppi_direct,300.0,1800.0,0.1,0.1,5.0,5.0,10.0,10.0,10,600.0,inf,full,both,inf,180.0,0.01,0.0,0.0,256,20,3,0.5,0.1,0.99,10.0,256,20,0,128,0,5.0,5.0,78.71072334036913,873.9498085978672,0.0,0.0,0.0,
hcw,mppi_direct,300.0,1800.0,0.1,0.1,5.0,5.5,10.0,10.0,10,300.0,inf,full,both,inf,180.0,0.01,0.0,0.0,256,20,3,0.5,0.1,0.99,10.0,256,20,0,128,0,5.0,5.5,20.03177402616408,2442.5139955806294,0.0,0.0,0.0,
hcw,mppi_direct,300.0,1800.0,0.1,0.1,5.0,5.5,10.0,10.0,10,600.0,inf,full,both,inf,180.0,0.01,0.0,0.0,256,20,3,0.5,0.1,0.99,10.0,256,20,0,128,0,5.0,5.5,72.58716509203748,1692.6878314744606,0.0,0.0,0.0,
hcw,mppi_direct,300.0,1800.0,0.1,0.1,5.0,6.25,10.0,10.0,10,300.0,inf,full,both,inf,180.0,0.01,0.0,0.0,256,20,3,0.5,0.1,0.99,10.0,256,20,0,128,0,5.0,6.25,19.341352876745653,3374.9569957587146,0.0,0.0,0.0,
hcw,mppi_direct,300.0,1800.0,0.1,0.1,5.0,6.25,10.0,10.0,10,600.0,inf,full,both,inf,180.0,0.01,0.0,0.0,256,20,3,0.5,0.1,0.99,10.0,256,20,0,128,0,5.0,6.25,63.647038624276426,2751.602837496346,0.0,0.0,0.0,
hcw,mppi_direct,300.0,1800.0,0.1,0.1,5.0,7.5,10.0,10.0,10,300.0,inf,full,both,inf,180.0,0.01,0.0,0.0,256,20,3,0.5,0.1,0.99,10.0,256,20,0,128,0,5.0,7.5,18.710419398755796,4707.020746940056,0.0,0.0,0.0,
hcw,mppi_direct,300.0,1800.0,0.1,0.1,5.0,7.5,10.0,10.0,10,600.0,inf,full,both,inf,180.0,0.01,0.0,0.0,256,20,3,0.5,0.1,0.99,10.0,256,20,0,128,0,5.0,7.5,54.16854978975429,4108.422183214384,0.0,0.0,0.0,
hcw,mppi_direct,300.0,1800.0,0.1,0.1,5.0,10.0,10.0,10.0,10,300.0,inf,full,both,inf,180.0,0.01,0.0,0.0,256,20,3,0.5,0.1,0.99,10.0,256,20,0,128,0,5.0,10.0,18.733794528233645,6718.796811480983,0.0,0.0,0.0,
hcw,mppi_direct,300.0,1800.0,0.1,0.1,5.0,10.0,10.0,10.0,10,600.0,inf,full,both,inf,180.0,0.01,0.0,0.0,256,20,3,0.5,0.1,0.99,10.0,256,20,0,128,0,5.0,10.0,52.71512720013625,6076.170775434988,0.0,0.0,0.0,
hcw,mppi_direct,300.0,1800.0,0.1,0.1,5.0,inf,10.0,10.0,10,300.0,inf,full,both,inf,180.0,0.01,0.0,0.0,256,20,3,0.5,0.1,0.99,10.0,256,20,0,128,0,5.0,16.22243905566461,18.73353004025788,8646.277074517695,0.0,0.0,0.0,
hcw,mppi_direct,300.0,1800.0,0.1,0.1,5.0,inf,10.0,10.0,10,600.0,inf,full,both,inf,180.0,0.01,0.0,0.0,256,20,3,0.5,0.1,0.99,10.0,256,20,0,128,0,5.0,16.022127770362005,52.71547761765568,7882.292201246015,0.0,0.0,0.0,
hcw,mppi_direct,300.0,1800.0,0.1,0.11,5.0,1.25,10.0,10.0,10,300.0,inf,full,both,inf,180.0,0.01,0.0,0.0,256,20,3,0.5,0.1,0.99,10.0,256,20,0,128,128,2.425169482019946,1.25,9.813260707418891,9.813260707418891,0.0,0.0,1.0,1030.0
hcw,mppi_direct,300.0,1800.0,0.1,0.11,5.0,1.25,10.0,10.0,10,600.0,inf,full,both,inf,180.0,0.01,0.0,0.0,256,20,3,0.5,0.1,0.99,10.0,256,20,0,128,7,1.9926550193396004,1.25,15.991736135786786,15.991736135786793,0.0,0.0,0.0546875,1770.0
hcw,mppi_direct,300.0,1800.0,0.1,0.11,5.0,2.5,10.0,10.0,10,300.0,inf,full,both,inf,180.0,0.01,0.0,0.0,256,20,3,0.5,0.1,0.99,10.0,256,20,0,128,128,3.57972362989783,2.5,9.821278059035176,9.821278059035158,0.0,0.0,1.0,920.0
hcw,mppi_direct,300.0,1800.0,0.1,0.11,5.0,2.5,10.0,10.0,10,600.0,inf,full,both,inf,180.0,0.01,0.0,0.0,256,20,3,0.5,0.1,0.99,10.0,256,20,0,128,10,3.1620928181712933,2.5,15.074154075893034,15.07415407589308,0.0,0.0,0.078125,1755.0
hcw,mppi_direct,300.0,1800.0,0.1,0.11,5.0,3.75,10.0,10.0,10,300.0,inf,full,both,inf,180.0,0.01,0.0,0.0,256,20,3,0.5,0.1,0.99,10.0,256,20,0,128,113,4.795404729650638,3.75,12.721142773937286,24.35620230701295,0.0,0.0,0.8828125,700.0
hcw,mppi_direct,300.0,1800.0,0.1,0.11,5.0,3.75,10.0,10.0,10,600.0,inf,full,both,inf,180.0,0.01,0.0,0.0,256,20,3,0.5,0.1,0.99,10.0,256,20,0,128,19,4.413573088806385,3.75,13.742283849418136,13.742283849418117,0.0,0.0,0.1484375,1710.0
hcw,mppi_direct,300.0,1800.0,0.1,0.11,5.0,4.5,10.0,10.0,10,300.0,inf,full,both,inf,180.0,0.01,0.0,0.0,256,20,3,0.5,0.1,0.99,10.0,256,20,0,128,0,5.0,4.5,18.44442556235292,933.6097459945636,0.0,0.0,0.0,
hcw,mppi_direct,300.0,1800.0,0.1,0.11,5.0,4.5,10.0,10.0,10,600.0,inf,full,both,inf,180.0,0.01,0.0,0.0,256,20,3,0.5,0.1,0.99,10.0,256,20,0,128,73,4.999071913957172,4.5,16.940002033629504,94.78663598664605,0.0,0.0,0.5703125,1170.0
hcw,mppi_direct,300.0,1800.0,0.1,0.11,5.0,5.0,10.0,10.0,10,300.0,inf,full,both,inf,180.0,0.01,0.0,0.0,256,20,3,0.5,0.1,0.99,10.0,256,20,0,128,0,5.0,5.0,18.734367014448072,1735.066715337712,0.0,0.0,0.0,
hcw,mppi_direct,300.0,1800.0,0.1,0.11,5.0,5.0,10.0,10.0,10,600.0,inf,full,both,inf,180.0,0.01,0.0,0.0,256,20,3,0.5,0.1,0.99,10.0,256,20,0,128,0,5.0,5.0,82.4132662993605,863.831971056813,0.0,0.0,0.0,
hcw,mppi_direct,300.0,1800.0,0.1,0.11,5.0,5.5,10.0,10.0,10,300.0,inf,full,both,inf,180.0,0.01,0.0,0.0,256,20,3,0.5,0.1,0.99,10.0,256,20,0,128,0,5.0,5.5,18.881211273837213,2501.37589865894,0.0,0.0,0.0,
hcw,mppi_direct,300.0,1800.0,0.1,0.11,5.0,5.5,10.0,10.0,10,600.0,inf,full,both,inf,180.0,0.01,0.0,0.0,256,20,3,0.5,0.1,0.99,10.0,256,20,0,128,0,5.0,5.5,77.74989044784965,1760.3674625956194,0.0,0.0,0.0,
hcw,mppi_direct,300.0,1800.0,0.1,0.11,5.0,6.25,10.0,10.0,10,300.0,inf,full,both,inf,180.0,0.01,0.0,0.0,256,20,3,0.5,0.1,0.99,10.0,256,20,0,128,0,5.0,6.25,19.653050203808107,3568.738609282254,0.0,0.0,0.0,
hcw,mppi_direct,300.0,1800.0,0.1,0.11,5.0,6.25,10.0,10.0,10,600.0,inf,full,both,inf,180.0,0.01,0.0,0.0,256,20,3,0.5,0.1,0.99,10.0,256,20,0,128,0,5.0,6.25,68.53013375109083,2961.3126699474237,0.0,0.0,0.0,
hcw,mppi_direct,300.0,1800.0,0.1,0.11,5.0,7.5,10.0,10.0,10,300.0,inf,full,both,inf,180.0,0.01,0.0,0.0,256,20,3,0.5,0.1,0.99,10.0,256,20,0,128,0,5.0,7.5,20.09539499769078,5054.816796554799,0.0,0.0,0.0,
hcw,mppi_direct,300.0,1800.0,0.1,0.11,5.0,7.5,10.0,10.0,10,600.0,inf,full,both,inf,180.0,0.01,0.0,0.0,256,20,3,0.5,0.1,0.99,10.0,256,20,0,128,0,5.0,7.5,59.46718401282976,4534.645041639743,0.0,0.0,0.0,
hcw,mppi_direct,300.0,1800.0,0.1,0.11,5.0,10.0,10.0,10.0,10,300.0,inf,full,both,inf,180.0,0.01,0.0,0.0,256,20,3,0.5,0.1,0.99,10.0,256,20,0,128,0,5.0,10.0,20.21170307546458,7399.110390567321,0.0,0.0,0.0,
hcw,mppi_direct,300.0,1800.0,0.1,0.11,5.0,10.0,10.0,10.0,10,600.0,inf,full,both,inf,180.0,0.01,0.0,0.0,256,20,3,0.5,0.1,0.99,10.0,256,20,0,128,0,5.0,10.0,54.90600112770744,6832.667969750051,0.0,0.0,0.0,
hcw,mppi_direct,300.0,1800.0,0.1,0.11,5.0,inf,10.0,10.0,10,300.0,inf,full,both,inf,180.0,0.01,0.0,0.0,256,20,3,0.5,0.1,0.99,10.0,256,20,0,128,0,5.0,18.29753852060566,20.211809853505333,10585.688215291437,0.0,0.0,0.0,
hcw,mppi_direct,300.0,1800.0,0.1,0.11,5.0,inf,10.0,10.0,10,600.0,inf,full,both,inf,180.0,0.01,0.0,0.0,256,20,3,0.5,0.1,0.99,10.0,256,20,0,128,0,5.0,17.890454988654163,54.85380135975563,9722.9387780714,0.0,0.0,0.0,
hcw,mppi_direct,300.0,1800.0,0.1,0.125,5.0,1.25,10.0,10.0,10,300.0,inf,full,both,inf,180.0,0.01,0.0,0.0,256,20,3,0.5,0.1,0.99,10.0,256,20,0,128,128,2.395304395633875,1.25,9.843317163105723,9.843317163105716,0.0,0.0,1.0,1010.0
hcw,mppi_direct,300.0,1800.0,0.1,0.125,5.0,1.25,10.0,10.0,10,600.0,inf,full,both,inf,180.0,0.01,0.0,0.0,256,20,3,0.5,0.1,0.99,10.0,256,20,0,128,10,1.9746019160911437,1.25,15.86179049131062,15.861790491310616,0.0,0.0,0.078125,1765.0
hcw,mppi_direct,300.0,1800.0,0.1,0.125,5.0,2.5,10.0,10.0,10,300.0,inf,full,both,inf,180.0,0.01,0.0,0.0,256,20,3,0.5,0.1,0.99,10.0,256,20,0,128,128,3.576202674420326,2.5,9.82461945182462,9.824619451824615,0.0,0.0,1.0,720.0
hcw,mppi_direct,300.0,1800.0,0.1,0.125,5.0,2.5,10.0,10.0,10,600.0,inf,full,both,inf,180.0,0.01,0.0,0.0,256,20,3,0.5,0.1,0.99,10.0,256,20,0,128,19,3.1445525965546017,2.5,13.93614290306182,13.936142903061812,0.0,0.0,0.1484375,1710.0
hcw,mppi_direct,300.0,1800.0,0.1,0.125,5.0,3.75,10.0,10.0,10,300.0,inf,full,both,inf,180.0,0.01,0.0,0.0,256,20,3,0.5,0.1,0.99,10.0,256,20,0,128,76,4.941693556327663,3.75,18.007168294246743,80.96086237035685,0.0,0.0,0.59375,870.0
hcw,mppi_direct,300.0,1800.0,0.1,0.125,5.0,3.75,10.0,10.0,10,600.0,inf,full,both,inf,180.0,0.01,0.0,0.0,256,20,3,0.5,0.1,0.99,10.0,256,20,0,128,73,4.385400220717383,3.75,11.056143420939746,11.05614342093968,0.0,0.0,0.5703125,1610.0
hcw,mppi_direct,300.0,1800.0,0.1,0.125,5.0,4.5,10.0,10.0,10,300.0,inf,full,both,inf,180.0,0.01,0.0,0.0,256,20,3,0.5,0.1,0.99,10.0,256,20,0,128,0,5.0,4.5,29.22101375977266,1151.231774071808,0.0,0.0,0.0,
hcw,mppi_direct,300.0,1800.0,0.1,0.125,5.0,4.5,10.0,10.0,10,600.0,inf,full,both,inf,180.0,0.01,0.0,0.0,256,20,3,0.5,0.1,0.99,10.0,256,20,0,128,55,4.997250024108474,4.5,18.7138770772656,139.7848050041018,0.0,0.0,0.4296875,1110.0
hcw,mppi_direct,300.0,1800.0,0.1,0.125,5.0,5.0,10.0,10.0,10,300.0,inf,full,both,inf,180.0,0.01,0.0,0.0,256,20,3,0.5,0.1,0.99,10.0,256,20,0,128,0,5.0,5.0,29.605383456644788,1983.05913621328,0.0,0.0,0.0,
hcw,mppi_direct,300.0,1800.0,0.1,0.125,5.0,5.0,10.0,10.0,10,600.0,inf,full,both,inf,180.0,0.01,0.0,0.0,256,20,3,0.5,0.1,0.99,10.0,256,20,0,128,0,5.0,5.0,31.212152650500645,923.9061711775204,0.0,0.0,0.0,
hcw,mppi_direct,300.0,1800.0,0.1,0.125,5.0,5.5,10.0,10.0,10,300.0,inf,full,both,inf,180.0,0.01,0.0,0.0,256,20,3,0.5,0.1,0.99,10.0,256,20,0,128,0,5.0,5.5,29.983946234411796,2783.543562249958,0.0,0.0,0.0,
hcw,mppi_direct,300.0,1800.0,0.1,0.125,5.0,5.5,10.0,10.0,10,600.0,inf,full,both,inf,180.0,0.01,0.0,0.0,256,20,3,0.5,0.1,0.99,10.0,256,20,0,128,0,5.0,5.5,30.88272299064245,1723.3553582368943,0.0,0.0,0.0,
hcw,mppi_direct,300.0,1800.0,0.1,0.125,5.0,6.25,10.0,10.0,10,300.0,inf,full,both,inf,180.0,0.01,0.0,0.0,256,20,3,0.5,0.1,0.99,10.0,256,20,0,128,0,5.0,6.25,30.0774998616874,3972.776109939542,0.0,0.0,0.0,
hcw,mppi_direct,300.0,1800.0,0.1,0.125,5.0,6.25,10.0,10.0,10,600.0,inf,full,both,inf,180.0,0.01,0.0,0.0,256,20,3,0.5,0.1,0.99,10.0,256,20,0,128,0,5.0,6.25,31.3198803489686,2872.734634927955,0.0,0.0,0.0,
hcw,mppi_direct,300.0,1800.0,0.1,0.125,5.0,7.5,10.0,10.0,10,300.0,inf,full,both,inf,180.0,0.01,0.0,0.0,256,20,3,0.5,0.1,0.99,10.0,256,20,0,128,0,5.0,7.5,30.203103065566825,5674.956684635164,0.0,0.0,0.0,
hcw,mppi_direct,300.0,1800.0,0.1,0.125,5.0,7.5,10.0,10.0,10,600.0,inf,full,both,inf,180.0,0.01,0.0,0.0,256,20,3,0.5,0.1,0.99,10.0,256,20,0,128,0,5.0,7.5,31.00457121309081,4604.137241138386,0.0,0.0,0.0,
hcw,mppi_direct,300.0,1800.0,0.1,0.125,5.0,10.0,10.0,10.0,10,300.0,inf,full,both,inf,180.0,0.01,0.0,0.0,256,20,3,0.5,0.1,0.99,10.0,256,20,0,128,0,5.0,10.0,30.37735929055481,8516.145848700353,0.0,0.0,0.0,
hcw,mppi_direct,300.0,1800.0,0.1,0.125,5.0,10.0,10.0,10.0,10,600.0,inf,full,both,inf,180.0,0.01,0.0,0.0,256,20,3,0.5,0.1,0.99,10.0,256,20,0,128,0,5.0,10.0,31.06180310761404,7268.835728400126,0.0,0.0,0.0,
hcw,mppi_direct,300.0,1800.0,0.1,0.125,5.0,inf,10.0,10.0,10,300.0,inf,full,both,inf,180.0,0.01,0.0,0.0,256,20,3,0.5,0.1,0.99,10.0,256,20,0,128,0,5.0,21.10635595189133,30.37754437457259,13652.375714932625,0.0,0.0,0.0,
hcw,mppi_direct,300.0,1800.0,0.1,0.125,5.0,inf,10.0,10.0,10,600.0,inf,full,both,inf,180.0,0.01,0.0,0.0,256,20,3,0.5,0.1,0.99,10.0,256,20,0,128,0,5.0,20.802165906732817,31.09552657965464,12121.78555334054,0.0,0.0,0.0,
hcw,mppi_direct,300.0,1800.0,0.1,0.15,5.0,1.25,10.0,10.0,10,300.0,inf,full,both,inf,180.0,0.01,0.0,0.0,256,20,3,0.5,0.1,0.99,10.0,256,20,0,128,128,2.348775392448941,1.25,9.834499263382858,9.834499263382874,0.0,0.0,1.0,1000.0
hcw,mppi_direct,300.0,1800.0,0.1,0.15,5.0,1.25,10.0,10.0,10,600.0,inf,full,both,inf,180.0,0.01,0.0,0.0,256,20,3,0.5,0.1,0.99,10.0,256,20,0,128,10,1.9486358465796727,1.25,15.334447914701183,15.334447914701192,0.0,0.0,0.078125,1750.0
hcw,mppi_direct,300.0,1800.0,0.1,0.15,5.0,2.5,10.0,10.0,10,300.0,inf,full,both,inf,180.0,0.01,0.0,0.0,256,20,3,0.5,0.1,0.99,10.0,256,20,0,128,128,3.644035223784211,2.5,9.834424960251392,9.834424960251406,0.0,0.0,1.0,615.0
hcw,mppi_direct,300.0,1800.0,0.1,0.15,5.0,2.5,10.0,10.0,10,600.0,inf,full,both,inf,180.0,0.01,0.0,0.0,256,20,3,0.5,0.1,0.99,10.0,256,20,0,128,65,3.139435150105503,2.5,11.041096600342613,11.041096600342618,0.0,0.0,0.5078125,1710.0
hcw,mppi_direct,300.0,1800.0,0.1,0.15,5.0,3.75,10.0,10.0,10,300.0,inf,full,both,inf,180.0,0.01,0.0,0.0,256,20,3,0.5,0.1,0.99,10.0,256,20,0,128,18,5.0,3.75,34.32984363706442,237.50764908160784,0.0,0.0,0.140625,980.0
hcw,mppi_direct,300.0,1800.0,0.1,0.15,5.0,3.75,10.0,10.0,10,600.0,inf,full,both,inf,180.0,0.01,0.0,0.0,256,20,3,0.5,0.1,0.99,10.0,256,20,0,128,110,4.531710540450055,3.75,10.621212735124509,12.344726632399013,0.0,0.0,0.859375,1475.0
hcw,mppi_direct,300.0,1800.0,0.1,0.15,5.0,4.5,10.0,10.0,10,300.0,inf,full,both,inf,180.0,0.01,0.0,0.0,256,20,3,0.5,0.1,0.99,10.0,256,20,0,128,0,5.0,4.5,46.22943074226883,1378.270167942183,0.0,0.0,0.0,
hcw,mppi_direct,300.0,1800.0,0.1,0.15,5.0,4.5,10.0,10.0,10,600.0,inf,full,both,inf,180.0,0.01,0.0,0.0,256,20,3,0.5,0.1,0.99,10.0,256,20,0,128,0,5.0,4.5,50.69254035684738,436.4158001449092,0.0,0.0,0.0,
hcw,mppi_direct,300.0,1800.0,0.1,0.15,5.0,5.0,10.0,10.0,10,300.0,inf,full,both,inf,180.0,0.01,0.0,0.0,256,20,3,0.5,0.1,0.99,10.0,256,20,0,128,0,5.0,5.0,47.86899901513628,2288.957120119428,0.0,0.0,0.0,
hcw,mppi_direct,300.0,1800.0,0.1,0.15,5.0,5.0,10.0,10.0,10,600.0,inf,full,both,inf,180.0,0.01,0.0,0.0,256,20,3,0.5,0.1,0.99,10.0,256,20,0,128,0,5.0,5.0,53.95163830449447,1323.769871092639,0.0,0.0,0.0,
hcw,mppi_direct,300.0,1800.0,0.1,0.15,5.0,5.5,10.0,10.0,10,300.0,inf,full,both,inf,180.0,0.01,0.0,0.0,256,20,3,0.5,0.1,0.99,10.0,256,20,0,128,0,5.0,5.5,52.47905415298241,3177.923854097474,0.0,0.0,0.0,
hcw,mppi_direct,300.0,1800.0,0.1,0.15,5.0,5.5,10.0,10.0,10,600.0,inf,full,both,inf,180.0,0.01,0.0,0.0,256,20,3,0.5,0.1,0.99,10.0,256,20,0,128,0,5.0,5.5,58.27892601864103,2190.014416229549,0.0,0.0,0.0,
hcw,mppi_direct,300.0,1800.0,0.1,0.15,5.0,6.25,10.0,10.0,10,300.0,inf,full,both,inf,180.0,0.01,0.0,0.0,256,20,3,0.5,0.1,0.99,10.0,256,20,0,128,0,5.0,6.25,51.85400991118526,4417.127058452146,0.0,0.0,0.0,
hcw,mppi_direct,300.0,1800.0,0.1,0.15,5.0,6.25,10.0,10.0,10,600.0,inf,full,both,inf,180.0,0.01,0.0,0.0,256,20,3,0.5,0.1,0.99,10.0,256,20,0,128,0,5.0,6.25,61.19092329714339,3456.840401082968,0.0,0.0,0.0,
hcw,mppi_direct,300.0,1800.0,0.1,0.15,5.0,7.5,10.0,10.0,10,300.0,inf,full,both,inf,180.0,0.01,0.0,0.0,256,20,3,0.5,0.1,0.99,10.0,256,20,0,128,0,5.0,7.5,52.22824827177019,6432.7333422160655,0.0,0.0,0.0,
hcw,mppi_direct,300.0,1800.0,0.1,0.15,5.0,7.5,10.0,10.0,10,600.0,inf,full,both,inf,180.0,0.01,0.0,0.0,256,20,3,0.5,0.1,0.99,10.0,256,20,0,128,0,5.0,7.5,61.28194621379256,5397.315291712948,0.0,0.0,0.0,
hcw,mppi_direct,300.0,1800.0,0.1,0.15,5.0,10.0,10.0,10.0,10,300.0,inf,full,both,inf,180.0,0.01,0.0,0.0,256,20,3,0.5,0.1,0.99,10.0,256,20,0,128,0,5.0,10.0,51.94145267635091,9820.468679464935,0.0,0.0,0.0,
hcw,mppi_direct,300.0,1800.0,0.1,0.15,5.0,10.0,10.0,10.0,10,600.0,inf,full,both,inf,180.0,0.01,0.0,0.0,256,20,3,0.5,0.1,0.99,10.0,256,20,0,128,0,5.0,10.0,61.83625362909653,8753.478156977066,0.0,0.0,0.0,
hcw,mppi_direct,300.0,1800.0,0.1,0.15,5.0,inf,10.0,10.0,10,300.0,inf,full,both,inf,180.0,0.01,0.0,0.0,256,20,3,0.5,0.1,0.99,10.0,256,20,0,128,0,5.0,25.51625518404079,51.95849978536909,18306.02662276016,0.0,0.0,0.0,
hcw,mppi_direct,300.0,1800.0,0.1,0.15,5.0,inf,10.0,10.0,10,600.0,inf,full,both,inf,180.0,0.01,0.0,0.0,256,20,3,0.5,0.1,0.99,10.0,256,20,0,128,0,5.0,25.45983313658446,61.99017375985923,17263.36484512771,0.0,0.0,0.0,
hcw,mppi_direct,300.0,1800.0,0.1,0.2,5.0,1.25,10.0,10.0,10,300.0,inf,full,both,inf,180.0,0.01,0.0,0.0,256,20,3,0.5,0.1,0.99,10.0,256,20,0,128,128,2.375789172565386,1.25,9.833643812049276,9.833643812049282,0.0,0.0,1.0,1010.0
hcw,mppi_direct,300.0,1800.0,0.1,0.2,5.0,1.25,10.0,10.0,10,600.0,inf,full,both,inf,180.0,0.01,0.0,0.0,256,20,3,0.5,0.1,0.99,10.0,256,20,0,128,9,1.981183205074382,1.25,15.51125567133533,15.511255671335356,0.0,0.0,0.0703125,1740.0
hcw,mppi_direct,300.0,1800.0,0.1,0.2,5.0,2.5,10.0,10.0,10,300.0,inf,full,both,inf,180.0,0.01,0.0,0.0,256,20,3,0.5,0.1,0.99,10.0,256,20,0,128,128,3.900420190553291,2.5,9.85036267471179,9.85036267471177,0.0,0.0,1.0,940.0
hcw,mppi_direct,300.0,1800.0,0.1,0.2,5.0,2.5,10.0,10.0,10,600.0,inf,full,both,inf,180.0,0.01,0.0,0.0,256,20,3,0.5,0.1,0.99,10.0,256,20,0,128,79,3.244775549464989,2.5,12.638733258380956,12.638733258380924,0.0,0.0,0.6171875,1540.0
hcw,mppi_direct,300.0,1800.0,0.1,0.2,5.0,3.75,10.0,10.0,10,300.0,inf,full,both,inf,180.0,0.01,0.0,0.0,256,20,3,0.5,0.1,0.99,10.0,256,20,0,128,3,5.0,3.75,93.23692917287892,550.1965335635343,0.0,0.0,0.0234375,970.0
hcw,mppi_direct,300.0,1800.0,0.1,0.2,5.0,3.75,10.0,10.0,10,600.0,inf,full,both,inf,180.0,0.01,0.0,0.0,256,20,3,0.5,0.1,0.99,10.0,256,20,0,128,30,4.901144231138072,3.75,34.870688575606664,78.79596843131057,0.0,0.0,0.234375,1310.0
hcw,mppi_direct,300.0,1800.0,0.1,0.2,5.0,4.5,10.0,10.0,10,300.0,inf,full,both,inf,180.0,0.01,0.0,0.0,256,20,3,0.5,0.1,0.99,10.0,256,20,0,128,0,5.0,4.5,95.89067358551668,1747.949213832385,0.0,0.0,0.0,
hcw,mppi_direct,300.0,1800.0,0.1,0.2,5.0,4.5,10.0,10.0,10,600.0,inf,full,both,inf,180.0,0.01,0.0,0.0,256,20,3,0.5,0.1,0.99,10.0,256,20,0,128,1,5.0,4.5,108.2185257704256,969.9450423512592,0.0,0.0,0.0078125,1340.0
hcw,mppi_direct,300.0,1800.0,0.1,0.2,5.0,5.0,10.0,10.0,10,300.0,inf,full,both,inf,180.0,0.01,0.0,0.0,256,20,3,0.5,0.1,0.99,10.0,256,20,0,128,0,5.0,5.0,105.33883550259294,2829.5335170999974,0.0,0.0,0.0,
hcw,mppi_direct,300.0,1800.0,0.1,0.2,5.0,5.0,10.0,10.0,10,600.0,inf,full,both,inf,180.0,0.01,0.0,0.0,256,20,3,0.5,0.1,0.99,10.0,256,20,0,128,0,5.0,5.0,119.07538158942944,2036.4793574762064,0.0,0.0,0.0,
hcw,mppi_direct,300.0,1800.0,0.1,0.2,5.0,5.5,10.0,10.0,10,300.0,inf,full,both,inf,180.0,0.01,0.0,0.0,256,20,3,0.5,0.1,0.99,10.0,256,20,0,128,0,5.0,5.5,111.24825806964438,3913.951991962256,0.0,0.0,0.0,
hcw,mppi_direct,300.0,1800.0,0.1,0.2,5.0,5.5,10.0,10.0,10,600.0,inf,full,both,inf,180.0,0.01,0.0,0.0,256,20,3,0.5,0.1,0.99,10.0,256,20,0,128,0,5.0,5.5,126.62355932852924,3137.434146900088,0.0,0.0,0.0,
hcw,mppi_direct,300.0,1800.0,0.1,0.2,5.0,6.25,10.0,10.0,10,300.0,inf,full,both,inf,180.0,0.01,0.0,0.0,256,20,3,0.5,0.1,0.99,10.0,256,20,0,128,0,5.0,6.25,111.51366870631324,5378.573755384472,0.0,0.0,0.0,
hcw,mppi_direct,300.0,1800.0,0.1,0.2,5.0,6.25,10.0,10.0,10,600.0,inf,full,both,inf,180.0,0.01,0.0,0.0,256,20,3,0.5,0.1,0.99,10.0,256,20,0,128,0,5.0,6.25,127.06516519093287,4577.925571218736,0.0,0.0,0.0,
hcw,mppi_direct,300.0,1800.0,0.1,0.2,5.0,7.5,10.0,10.0,10,300.0,inf,full,both,inf,180.0,0.01,0.0,0.0,256,20,3,0.5,0.1,0.99,10.0,256,20,0,128,0,5.0,7.5,115.40483583552982,7749.501129411116,0.0,0.0,0.0,
hcw,mppi_direct,300.0,1800.0,0.1,0.2,5.0,7.5,10.0,10.0,10,600.0,inf,full,both,inf,180.0,0.01,0.0,0.0,256,20,3,0.5,0.1,0.99,10.0,256,20,0,128,0,5.0,7.5,132.78179600829512,6968.642179036095,0.0,0.0,0.0,
hcw,mppi_direct,300.0,1800.0,0.1,0.2,5.0,10.0,10.0,10.0,10,300.0,inf,full,both,inf,180.0,0.01,0.0,0.0,256,20,3,0.5,0.1,0.99,10.0,256,20,0,128,0,5.0,10.0,119.98391702168348,11843.104212272552,0.0,0.0,0.0,
hcw,mppi_direct,300.0,1800.0,0.1,0.2,5.0,10.0,10.0,10.0,10,600.0,inf,full,both,inf,180.0,0.01,0.0,0.0,256,20,3,0.5,0.1,0.99,10.0,256,20,0,128,0,5.0,10.0,137.4870912919705,10902.093728751852,0.0,0.0,0.0,
hcw,mppi_direct,300.0,1800.0,0.1,0.2,5.0,inf,10.0,10.0,10,300.0,inf,full,both,inf,180.0,0.01,0.0,0.0,256,20,3,0.5,0.1,0.99,10.0,256,20,0,128,0,5.0,34.18982501451112,118.74457969797928,27791.291133139563,0.0,0.0,0.0,
hcw,mppi_direct,300.0,1800.0,0.1,0.2,5.0,inf,10.0,10.0,10,600.0,inf,full,both,inf,180.0,0.01,0.0,0.0,256,20,3,0.5,0.1,0.99,10.0,256,20,0,128,0,5.0,34.18243877775479,136.2409852851071,26746.05771408515,0.0,0.0,0.0,
hcw,mppi_lqr,300.0,1800.0,0.1,0.025,5.0,1.25,10.0,10.0,10,300.0,inf,full,both,inf,180.0,0.01,0.0,0.0,256,20,3,0.5,0.1,0.99,10.0,256,20,0,128,128,1.9282899859387856,1.25,9.823286598356315,9.823286598356312,0.0,0.0,1.0,1110.0
hcw,mppi_lqr,300.0,1800.0,0.1,0.025,5.0,1.25,10.0,10.0,10,600.0,inf,full,both,inf,180.0,0.01,0.0,0.0,256,20,3,0.5,0.1,0.99,10.0,256,20,0,128,0,1.6942619803310486,1.25,18.000924781180483,18.000924781180483,0.0,0.0,0.0,
hcw,mppi_lqr,300.0,1800.0,0.1,0.025,5.0,2.5,10.0,10.0,10,300.0,inf,full,both,inf,180.0,0.01,0.0,0.0,256,20,3,0.5,0.1,0.99,10.0,256,20,0,128,128,2.853849746165784,2.499263888493003,9.836124471298826,9.83612447129882,0.0,0.0,1.0,1300.0
hcw,mppi_lqr,300.0,1800.0,0.1,0.025,5.0,2.5,10.0,10.0,10,600.0,inf,full,both,inf,180.0,0.01,0.0,0.0,256,20,3,0.5,0.1,0.99,10.0,256,20,0,128,0,2.6702840140190145,2.5,21.73771786329814,21.737717863298112,0.0,0.0,0.0,
hcw,mppi_lqr,300.0,1800.0,0.1,0.025,5.0,3.75,10.0,10.0,10,300.0,inf,full,both,inf,180.0,0.01,0.0,0.0,256,20,3,0.5,0.1,0.99,10.0,256,20,0,128,128,2.9446691794456097,2.61839871252354,9.939336674315026,9.939336674315028,0.0,0.0,1.0,1330.0
hcw,mppi_lqr,300.0,1800.0,0.1,0.025,5.0,3.75,10.0,10.0,10,600.0,inf,full,both,inf,180.0,0.01,0.0,0.0,256,20,3,0.5,0.1,0.99,10.0,256,20,0,128,0,3.5601028830177928,3.491044431025098,28.428802183393067,28.42880218339305,0.0,0.0,0.0,
hcw,mppi_lqr,300.0,1800.0,0.1,0.025,5.0,4.5,10.0,10.0,10,300.0,inf,full,both,inf,180.0,0.01,0.0,0.0,256,20,3,0.5,0.1,0.99,10.0,256,20,0,128,128,2.9440577885492423,2.617735540408966,9.943232490893172,9.94323249089316,0.0,0.0,1.0,1330.0
hcw,mppi_lqr,300.0,1800.0,0.1,0.025,5.0,4.5,10.0,10.0,10,600.0,inf,full,both,inf,180.0,0.01,0.0,0.0,256,20,3,0.5,0.1,0.99,10.0,256,20,0,128,0,3.557347434192657,3.4872236020886898,28.306417774722856,28.30641777472284,0.0,0.0,0.0,
hcw,mppi_lqr,300.0,1800.0,0.1,0.025,5.0,5.0,10.0,10.0,10,300.0,inf,full,both,inf,180.0,0.01,0.0,0.0,256,20,3,0.5,0.1,0.99,10.0,256,20,0,128,128,2.9440577885492423,2.617735540408966,9.943232490893172,9.94323249089316,0.0,0.0,1.0,1330.0
hcw,mppi_lqr,300.0,1800.0,0.1,0.025,5.0,5.0,10.0,10.0,10,600.0,inf,full,both,inf,180.0,0.01,0.0,0.0,256,20,3,0.5,0.1,0.99,10.0,256,20,0,128,0,3.559435307812281,3.4903449645895592,28.35502544756269,28.355025447562685,0.0,0.0,0.0,
hcw,mppi_lqr,300.0,1800.0,0.1,0.025,5.0,5.5,10.0,10.0,10,300.0,inf,full,both,inf,180.0,0.01,0.0,0.0,256,20,3,0.5,0.1,0.99,10.0,256,20,0,128,128,2.9440577885492423,2.617735540408966,9.943232490893172,9.94323249089316,0.0,0.0,1.0,1330.0
hcw,mppi_lqr,300.0,1800.0,0.1,0.025,5.0,5.5,10.0,10.0,10,600.0,inf,full,both,inf,180.0,0.01,0.0,0.0,256,20,3,0.5,0.1,0.99,10.0,256,20,0,128,0,3.559435337799301,3.4903453507672912,28.355026213450586,28.355026213450586,0.0,0.0,0.0,
hcw,mppi_lqr,300.0,1800.0,0.1,0.025,5.0,6.25,10.0,10.0,10,300.0,inf,full,both,inf,180.0,0.01,0.0,0.0,256,20,3,0.5,0.1,0.99,10.0,256,20,0,128,128,2.9440577885492423,2.617735540408966,9.943232490893172,9.94323249089316,0.0,0.0,1.0,1330.0
hcw,mppi_lqr,300.0,1800.0,0.1,0.025,5.0,6.25,10.0,10.0,10,600.0,inf,full,both,inf,180.0,0.01,0.0,0.0,256,20,3,0.5,0.1,0.99,10.0,256,20,0,128,0,3.559435337799301,3.4903453507672912,28.355026213450586,28.355026213450586,0.0,0.0,0.0,
hcw,mppi_lqr,300.0,1800.0,0.1,0.025,5.0,7.5,10.0,10.0,10,300.0,inf,full,both,inf,180.0,0.01,0.0,0.0,256,20,3,0.5,0.1,0.99,10.0,256,20,0,128,128,2.9440577885492423,2.617735540408966,9.943232490893172,9.94323249089316,0.0,0.0,1.0,1330.0
hcw,mppi_lqr,300.0,1800.0,0.1,0.025,5.0,7.5,10.0,10.0,10,600.0,inf,full,both,inf,180.0,0.01,0.0,0.0,256,20,3,0.5,0.1,0.99,10.0,256,20,0,128,0,3.559435337799301,3.4903453507672912,28.355026213450586,28.355026213450586,0.0,0.0,0.0,
hcw,mppi_lqr,300.0,1800.0,0.1,0.025,5.0,10.0,10.0,10.0,10,300.0,inf,full,both,inf,180.0,0.01,0.0,0.0,256,20,3,0.5,0.1,0.99,10.0,256,20,0,128,128,2.9440577885492423,2.617735540408966,9.943232490893172,9.94323249089316,0.0,0.0,1.0,1330.0
hcw,mppi_lqr,300.0,1800.0,0.1,0.025,5.0,10.0,10.0,10.0,10,600.0,inf,full,both,inf,180.0,0.01,0.0,0.0,256,20,3,0.5,0.1,0.99,10.0,256,20,0,128,0,3.559435337799301,3.4903453507672912,28.355026213450586,28.355026213450586,0.0,0.0,0.0,
hcw,mppi_lqr,300.0,1800.0,0.1,0.025,5.0,inf,10.0,10.0,10,300.0,inf,full,both,inf,180.0,0.01,0.0,0.0,256,20,3,0.5,0.1,0.99,10.0,256,20,0,128,128,2.9440577885492423,2.617735540408966,9.943232490893172,9.94323249089316,0.0,0.0,1.0,1330.0
hcw,mppi_lqr,300.0,1800.0,0.1,0.025,5.0,inf,10.0,10.0,10,600.0,inf,full,both,inf,180.0,0.01,0.0,0.0,256,20,3,0.5,0.1,0.99,10.0,256,20,0,128,0,3.559435337799301,3.4903453507672912,28.355026213450586,28.355026213450586,0.0,0.0,0.0,
hcw,mppi_lqr,300.0,1800.0,0.1,0.05,5.0,1.25,10.0,10.0,10,300.0,inf,full,both,inf,180.0,0.01,0.0,0.0,256,20,3,0.5,0.1,0.99,10.0,256,20,0,128,128,2.314725538045176,1.25,9.821090436059148,9.821090436059144,0.0,0.0,1.0,1105.0
hcw,mppi_lqr,300.0,1800.0,0.1,0.05,5.0,1.25,10.0,10.0,10,600.0,inf,full,both,inf,180.0,0.01,0.0,0.0,256,20,3,0.5,0.1,0.99,10.0,256,20,0,128,0,1.9962500651805448,1.25,17.909479464765838,17.90947946476586,0.0,0.0,0.0,
hcw,mppi_lqr,300.0,1800.0,0.1,0.05,5.0,2.5,10.0,10.0,10,300.0,inf,full,both,inf,180.0,0.01,0.0,0.0,256,20,3,0.5,0.1,0.99,10.0,256,20,0,128,128,2.976548518158056,2.5,9.835860831857463,9.835860831857476,0.0,0.0,1.0,1150.0
hcw,mppi_lqr,300.0,1800.0,0.1,0.05,5.0,2.5,10.0,10.0,10,600.0,inf,full,both,inf,180.0,0.01,0.0,0.0,256,20,3,0.5,0.1,0.99,10.0,256,20,0,128,0,2.9972896879447664,2.5,19.293951381217774,19.293951381217795,0.0,0.0,0.0,
hcw,mppi_lqr,300.0,1800.0,0.1,0.05,5.0,3.75,10.0,10.0,10,300.0,inf,full,both,inf,180.0,0.01,0.0,0.0,256,20,3,0.5,0.1,0.99,10.0,256,20,0,128,128,4.059036924917329,3.75,9.83327516450239,9.8332751645024,0.0,0.0,1.0,1220.0
hcw,mppi_lqr,300.0,1800.0,0.1,0.05,5.0,3.75,10.0,10.0,10,600.0,inf,full,both,inf,180.0,0.01,0.0,0.0,256,20,3,0.5,0.1,0.99,10.0,256,20,0,128,0,4.0988859920227885,3.75,21.401855937741733,21.40185593774176,0.0,0.0,0.0,
hcw,mppi_lqr,300.0,1800.0,0.1,0.05,5.0,4.5,10.0,10.0,10,300.0,inf,full,both,inf,180.0,0.01,0.0,0.0,256,20,3,0.5,0.1,0.99,10.0,256,20,0,128,127,4.766076920839104,4.5,9.836725455473616,10.014360845537167,0.0,0.0,0.9921875,1290.0
hcw,mppi_lqr,300.0,1800.0,0.1,0.05,5.0,4.5,10.0,10.0,10,600.0,inf,full,both,inf,180.0,0.01,0.0,0.0,256,20,3,0.5,0.1,0.99,10.0,256,20,0,128,11,4.7901852160574,4.5,21.51829861525105,21.588343433044137,0.0,0.0,0.0859375,1600.0
hcw,mppi_lqr,300.0,1800.0,0.1,0.05,5.0,5.0,10.0,10.0,10,300.0,inf,full,both,inf,180.0,0.01,0.0,0.0,256,20,3,0.5,0.1,0.99,10.0,256,20,0,128,0,5.0,5.0,15.840558588740125,239.75700370455107,0.0,0.0,0.0,
hcw,mppi_lqr,300.0,1800.0,0.1,0.05,5.0,5.0,10.0,10.0,10,600.0,inf,full,both,inf,180.0,0.01,0.0,0.0,256,20,3,0.5,0.1,0.99,10.0,256,20,0,128,3,5.0,5.0,60.11582927264046,173.24310108377935,0.0,0.0,0.0234375,1700.0
hcw,mppi_lqr,300.0,1800.0,0.1,0.05,5.0,5.5,10.0,10.0,10,300.0,inf,full,both,inf,180.0,0.01,0.0,0.0,256,20,3,0.5,0.1,0.99,10.0,256,20,0,128,0,5.0,5.5,17.632164855264026,607.1612734936983,0.0,0.0,0.0,
hcw,mppi_lqr,300.0,1800.0,0.1,0.05,5.0,5.5,10.0,10.0,10,600.0,inf,full,both,inf,180.0,0.01,0.0,0.0,256,20,3,0.5,0.1,0.99,10.0,256,20,0,128,0,5.0,5.5,63.03738059570757,548.5432170769639,0.0,0.0,0.0,
hcw,mppi_lqr,300.0,1800.0,0.1,0.05,5.0,6.25,10.0,10.0,10,300.0,inf,full,both,inf,180.0,0.01,0.0,0.0,256,20,3,0.5,0.1,0.99,10.0,256,20,0,128,0,5.0,6.25,18.179812361965386,999.9059032965896,0.0,0.0,0.0,
hcw,mppi_lqr,300.0,1800.0,0.1,0.05,5.0,6.25,10.0,10.0,10,600.0,inf,full,both,inf,180.0,0.01,0.0,0.0,256,20,3,0.5,0.1,0.99,10.0,256,20,0,128,0,5.0,6.25,57.15433715650776,968.1988029137342,0.0,0.0,0.0,
hcw,mppi_lqr,300.0,1800.0,0.1,0.05,5.0,7.5,10.0,10.0,10,300.0,inf,full,both,inf,180.0,0.01,0.0,0.0,256,20,3,0.5,0.1,0.99,10.0,256,20,0,128,0,5.0,7.5,18.22838448915174,1369.54242088542,0.0,0.0,0.0,
hcw,mppi_lqr,300.0,1800.0,0.1,0.05,5.0,7.5,10.0,10.0,10,600.0,inf,full,both,inf,180.0,0.01,0.0,0.0,256,20,3,0.5,0.1,0.99,10.0,256,20,0,128,0,5.0,7.5,56.1876240907235,1329.575500162579,0.0,0.0,0.0,
hcw,mppi_lqr,300.0,1800.0,0.1,0.05,5.0,10.0,10.0,10.0,10,300.0,inf,full,both,inf,180.0,0.01,0.0,0.0,256,20,3,0.5,0.1,0.99,10.0,256,20,0,128,0,5.0,8.366276621447563,18.22880216082105,1431.040936437778,0.0,0.0,0.0,
hcw,mppi_lqr,300.0,1800.0,0.1,0.05,5.0,10.0,10.0,10.0,10,600.0,inf,full,both,inf,180.0,0.01,0.0,0.0,256,20,3,0.5,0.1,0.99,10.0,256,20,0,128,0,5.0,8.312549740559383,56.20246220240445,1382.240669593582,0.0,0.0,0.0,
hcw,mppi_lqr,300.0,1800.0,0.1,0.05,5.0,inf,10.0,10.0,10,300.0,inf,full,both,inf,180.0,0.01,0.0,0.0,256,20,3,0.5,0.1,0.99,10.0,256,20,0,128,0,5.0,8.366061158687373,18.22880216082105,1430.9636283437433,0.0,0.0,0.0,
hcw,mppi_lqr,300.0,1800.0,0.1,0.05,5.0,inf,10.0,10.0,10,600.0,inf,full,both,inf,180.0,0.01,0.0,0.0,256,20,3,0.5,0.1,0.99,10.0,256,20,0,128,0,5.0,8.312843426600105,56.20246220240445,1382.20655900347,0.0,0.0,0.0,
hcw,mppi_lqr,300.0,1800.0,0.1,0.075,5.0,1.25,10.0,10.0,10,300.0,inf,full,both,inf,180.0,0.01,0.0,0.0,256,20,3,0.5,0.1,0.99,10.0,256,20,0,128,128,2.841439408883679,1.25,9.841464733121615,9.841464733121615,0.0,0.0,1.0,1150.0
hcw,mppi_lqr,300.0,1800.0,0.1,0.075,5.0,1.25,10.0,10.0,10,600.0,inf,full,both,inf,180.0,0.01,0.0,0.0,256,20,3,0.5,0.1,0.99,10.0,256,20,0,128,0,2.155357187182707,1.25,18.774603392011667,18.774603392011656,0.0,0.0,0.0,
hcw,mppi_lqr,300.0,1800.0,0.1,0.075,5.0,2.5,10.0,10.0,10,300.0,inf,full,both,inf,180.0,0.01,0.0,0.0,256,20,3,0.5,0.1,0.99,10.0,256,20,0,128,128,3.4198937351801733,2.5,9.833565914371576,9.833565914371572,0.0,0.0,1.0,1155.0
hcw,mppi_lqr,300.0,1800.0,0.1,0.075,5.0,2.5,10.0,10.0,10,600.0,inf,full,both,inf,180.0,0.01,0.0,0.0,256,20,3,0.5,0.1,0.99,10.0,256,20,0,128,0,3.190956489269948,2.5,19.515106636441285,19.515106636441285,0.0,0.0,0.0,
hcw,mppi_lqr,300.0,1800.0,0.1,0.075,5.0,3.75,10.0,10.0,10,300.0,inf,full,both,inf,180.0,0.01,0.0,0.0,256,20,3,0.5,0.1,0.99,10.0,256,20,0,128,128,4.333977433726102,3.75,9.826649676841257,9.826649676841257,0.0,0.0,1.0,1200.0
hcw,mppi_lqr,300.0,1800.0,0.1,0.075,5.0,3.75,10.0,10.0,10,600.0,inf,full,both,inf,180.0,0.01,0.0,0.0,256,20,3,0.5,0.1,0.99,10.0,256,20,0,128,0,4.297569431063062,3.75,21.017418649589995,21.01741864959006,0.0,0.0,0.0,
hcw,mppi_lqr,300.0,1800.0,0.1,0.075,5.0,4.5,10.0,10.0,10,300.0,inf,full,both,inf,180.0,0.01,0.0,0.0,256,20,3,0.5,0.1,0.99,10.0,256,20,0,128,78,4.922423340480831,4.5,15.254978934542049,223.51957047925484,0.0,0.0,0.609375,1220.0
hcw,mppi_lqr,300.0,1800.0,0.1,0.075,5.0,4.5,10.0,10.0,10,600.0,inf,full,both,inf,180.0,0.01,0.0,0.0,256,20,3,0.5,0.1,0.99,10.0,256,20,0,128,35,4.949975434608941,4.5,23.1177290219979,37.91957265018215,0.0,0.0,0.2734375,1520.0
hcw,mppi_lqr,300.0,1800.0,0.1,0.075,5.0,5.0,10.0,10.0,10,300.0,inf,full,both,inf,180.0,0.01,0.0,0.0,256,20,3,0.5,0.1,0.99,10.0,256,20,0,128,0,5.0,5.0,31.363307773536164,1097.5220813285025,0.0,0.0,0.0,
hcw,mppi_lqr,300.0,1800.0,0.1,0.075,5.0,5.0,10.0,10.0,10,600.0,inf,full,both,inf,180.0,0.01,0.0,0.0,256,20,3,0.5,0.1,0.99,10.0,256,20,0,128,0,5.0,5.0,116.09369716090568,369.0798801418004,0.0,0.0,0.0,
hcw,mppi_lqr,300.0,1800.0,0.1,0.075,5.0,5.5,10.0,10.0,10,300.0,inf,full,both,inf,180.0,0.01,0.0,0.0,256,20,3,0.5,0.1,0.99,10.0,256,20,0,128,0,5.0,5.5,31.53157061319375,1756.0901288462971,0.0,0.0,0.0,
hcw,mppi_lqr,300.0,1800.0,0.1,0.075,5.0,5.5,10.0,10.0,10,600.0,inf,full,both,inf,180.0,0.01,0.0,0.0,256,20,3,0.5,0.1,0.99,10.0,256,20,0,128,0,5.0,5.5,113.59494716560307,1055.19817172431,0.0,0.0,0.0,
hcw,mppi_lqr,300.0,1800.0,0.1,0.075,5.0,6.25,10.0,10.0,10,300.0,inf,full,both,inf,180.0,0.01,0.0,0.0,256,20,3,0.5,0.1,0.99,10.0,256,20,0,128,0,5.0,6.25,33.16605450526356,2537.7879950808333,0.0,0.0,0.0,
hcw,mppi_lqr,300.0,1800.0,0.1,0.075,5.0,6.25,10.0,10.0,10,600.0,inf,full,both,inf,180.0,0.01,0.0,0.0,256,20,3,0.5,0.1,0.99,10.0,256,20,0,128,0,5.0,6.25,101.32924357483289,2070.1964421023777,0.0,0.0,0.0,
hcw,mppi_lqr,300.0,1800.0,0.1,0.075,5.0,7.5,10.0,10.0,10,300.0,inf,full,both,inf,180.0,0.01,0.0,0.0,256,20,3,0.5,0.1,0.99,10.0,256,20,0,128,0,5.0,7.5,33.82029762664037,3588.2841057840665,0.0,0.0,0.0,
hcw,mppi_lqr,300.0,1800.0,0.1,0.075,5.0,7.5,10.0,10.0,10,600.0,inf,full,both,inf,180.0,0.01,0.0,0.0,256,20,3,0.5,0.1,0.99,10.0,256,20,0,128,0,5.0,7.5,93.81632627950252,3209.162338936056,0.0,0.0,0.0,
hcw,mppi_lqr,300.0,1800.0,0.1,0.075,5.0,10.0,10.0,10.0,10,300.0,inf,full,both,inf,180.0,0.01,0.0,0.0,256,20,3,0.5,0.1,0.99,10.0,256,20,0,128,0,5.0,10.0,33.65273003952412,4976.184884716362,0.0,0.0,0.0,
hcw,mppi_lqr,300.0,1800.0,0.1,0.075,5.0,10.0,10.0,10.0,10,600.0,inf,full,both,inf,180.0,0.01,0.0,0.0,256,20,3,0.5,0.1,0.99,10.0,256,20,0,128,0,5.0,10.0,92.10877474567994,4633.14416221168,0.0,0.0,0.0,
hcw,mppi_lqr,300.0,1800.0,0.1,0.075,5.0,inf,10.0,10.0,10,300.0,inf,full,both,inf,180.0,0.01,0.0,0.0,256,20,3,0.5,0.1,0.99,10.0,256,20,0,128,0,5.0,12.752103134605262,33.65273003952412,5450.191549098519,0.0,0.0,0.0,
hcw,mppi_lqr,300.0,1800.0,0.1,0.075,5.0,inf,10.0,10.0,10,600.0,inf,full,both,inf,180.0,0.01,0.0,0.0,256,20,3,0.5,0.1,0.99,10.0,256,20,0,128,0,5.0,12.755810765956584,92.10877473112173,5107.947163858633,0.0,0.0,0.0,
hcw,mppi_lqr,300.0,1800.0,0.1,0.09,5.0,1.25,10.0,10.0,10,300.0,inf,full,both,inf,180.0,0.01,0.0,0.0,256,20,3,0.5,0.1,0.99,10.0,256,20,0,128,128,2.9384442323762108,1.25,9.825276743385524,9.825276743385515,0.0,0.0,1.0,1170.0
hcw,mppi_lqr,300.0,1800.0,0.1,0.09,5.0,1.25,10.0,10.0,10,600.0,inf,full,both,inf,180.0,0.01,0.0,0.0,256,20,3,0.5,0.1,0.99,10.0,256,20,0,128,0,2.219803886474402,1.25,19.804065939213054,19.804065939213068,0.0,0.0,0.0,
hcw,mppi_lqr,300.0,1800.0,0.1,0.09,5.0,2.5,10.0,10.0,10,300.0,inf,full,both,inf,180.0,0.01,0.0,0.0,256,20,3,0.5,0.1,0.99,10.0,256,20,0,128,128,3.884279428783148,2.5,9.844204134175946,9.84420413417595,0.0,0.0,1.0,1220.0
hcw,mppi_lqr,300.0,1800.0,0.1,0.09,5.0,2.5,10.0,10.0,10,600.0,inf,full,both,inf,180.0,0.01,0.0,0.0,256,20,3,0.5,0.1,0.99,10.0,256,20,0,128,0,3.296181633015969,2.5,20.93430850422268,20.93430850422272,0.0,0.0,0.0,
hcw,mppi_lqr,300.0,1800.0,0.1,0.09,5.0,3.75,10.0,10.0,10,300.0,inf,full,both,inf,180.0,0.01,0.0,0.0,256,20,3,0.5,0.1,0.99,10.0,256,20,0,128,121,4.758394279754872,3.75,11.296600487752263,29.402931249038254,0.0,0.0,0.9453125,1210.0
hcw,mppi_lqr,300.0,1800.0,0.1,0.09,5.0,3.75,10.0,10.0,10,600.0,inf,full,both,inf,180.0,0.01,0.0,0.0,256,20,3,0.5,0.1,0.99,10.0,256,20,0,128,0,4.427707703893974,3.75,22.21958082772041,22.21958082772042,0.0,0.0,0.0,
hcw,mppi_lqr,300.0,1800.0,0.1,0.09,5.0,4.5,10.0,10.0,10,300.0,inf,full,both,inf,180.0,0.01,0.0,0.0,256,20,3,0.5,0.1,0.99,10.0,256,20,0,128,8,4.999580697224864,4.5,55.08170991506231,968.77494751634,0.0,0.0,0.0625,980.0
hcw,mppi_lqr,300.0,1800.0,0.1,0.09,5.0,4.5,10.0,10.0,10,600.0,inf,full,both,inf,180.0,0.01,0.0,0.0,256,20,3,0.5,0.1,0.99,10.0,256,20,0,128,59,4.994143188828705,4.5,26.930855748893705,63.08923740557322,0.0,0.0,0.4609375,1430.0
hcw,mppi_lqr,300.0,1800.0,0.1,0.09,5.0,5.0,10.0,10.0,10,300.0,inf,full,both,inf,180.0,0.01,0.0,0.0,256,20,3,0.5,0.1,0.99,10.0,256,20,0,128,0,5.0,5.0,61.071210464505576,1818.219780300495,0.0,0.0,0.0,
hcw,mppi_lqr,300.0,1800.0,0.1,0.09,5.0,5.0,10.0,10.0,10,600.0,inf,full,both,inf,180.0,0.01,0.0,0.0,256,20,3,0.5,0.1,0.99,10.0,256,20,0,128,0,5.0,5.0,151.14346929889436,458.1900604245906,0.0,0.0,0.0,
hcw,mppi_lqr,300.0,1800.0,0.1,0.09,5.0,5.5,10.0,10.0,10,300.0,inf,full,both,inf,180.0,0.01,0.0,0.0,256,20,3,0.5,0.1,0.99,10.0,256,20,0,128,0,5.0,5.5,58.00847264769547,2537.451049772323,0.0,0.0,0.0,
hcw,mppi_lqr,300.0,1800.0,0.1,0.09,5.0,5.5,10.0,10.0,10,600.0,inf,full,both,inf,180.0,0.01,0.0,0.0,256,20,3,0.5,0.1,0.99,10.0,256,20,0,128,0,5.0,5.5,148.13622943516046,1206.6372545175907,0.0,0.0,0.0,
hcw,mppi_lqr,300.0,1800.0,0.1,0.09,5.0,6.25,10.0,10.0,10,300.0,inf,full,both,inf,180.0,0.01,0.0,0.0,256,20,3,0.5,0.1,0.99,10.0,256,20,0,128,0,5.0,6.25,56.495878568201846,3469.0985225251093,0.0,0.0,0.0,
hcw,mppi_lqr,300.0,1800.0,0.1,0.09,5.0,6.25,10.0,10.0,10,600.0,inf,full,both,inf,180.0,0.01,0.0,0.0,256,20,3,0.5,0.1,0.99,10.0,256,20,0,128,0,5.0,6.25,133.6298952519432,2452.3690912127845,0.0,0.0,0.0,
hcw,mppi_lqr,300.0,1800.0,0.1,0.09,5.0,7.5,10.0,10.0,10,300.0,inf,full,both,inf,180.0,0.01,0.0,0.0,256,20,3,0.5,0.1,0.99,10.0,256,20,0,128,0,5.0,7.5,55.41158958788967,4815.764006252574,0.0,0.0,0.0,
hcw,mppi_lqr,300.0,1800.0,0.1,0.09,5.0,7.5,10.0,10.0,10,600.0,inf,full,both,inf,180.0,0.01,0.0,0.0,256,20,3,0.5,0.1,0.99,10.0,256,20,0,128,0,5.0,7.5,123.72574919997145,3977.833661581999,0.0,0.0,0.0,
hcw,mppi_lqr,300.0,1800.0,0.1,0.09,5.0,10.0,10.0,10.0,10,300.0,inf,full,both,inf,180.0,0.01,0.0,0.0,256,20,3,0.5,0.1,0.99,10.0,256,20,0,128,0,5.0,10.0,55.73092048319233,6828.355496837147,0.0,0.0,0.0,
hcw,mppi_lqr,300.0,1800.0,0.1,0.09,5.0,10.0,10.0,10.0,10,600.0,inf,full,both,inf,180.0,0.01,0.0,0.0,256,20,3,0.5,0.1,0.99,10.0,256,20,0,128,0,5.0,10.0,122.13008890167924,6011.991958664059,0.0,0.0,0.0,
hcw,mppi_lqr,300.0,1800.0,0.1,0.09,5.0,inf,10.0,10.0,10,300.0,inf,full,both,inf,180.0,0.01,0.0,0.0,256,20,3,0.5,0.1,0.99,10.0,256,20,0,128,0,5.0,15.38140184310186,55.730714424319125,8417.565889111089,0.0,0.0,0.0,
hcw,mppi_lqr,300.0,1800.0,0.1,0.09,5.0,inf,10.0,10.0,10,600.0,inf,full,both,inf,180.0,0.01,0.0,0.0,256,20,3,0.5,0.1,0.99,10.0,256,20,0,128,0,5.0,15.384343359163536,122.13192972420148,7611.103721214542,0.0,0.0,0.0,
hcw,mppi_lqr,300.0,1800.0,0.1,0.1,5.0,1.25,10.0,10.0,10,300.0,inf,full,both,inf,180.0,0.01,0.0,0.0,256,20,3,0.5,0.1,0.99,10.0,256,20,0,128,128,2.9828672260788465,1.25,9.82227656510952,9.822276565109537,0.0,0.0,1.0,1180.0
hcw,mppi_lqr,300.0,1800.0,0.1,0.1,5.0,1.25,10.0,10.0,10,600.0,inf,full,both,inf,180.0,0.01,0.0,0.0,256,20,3,0.5,0.1,0.99,10.0,256,20,0,128,0,2.247739553005434,1.25,20.433534031208318,20.43353403120833,0.0,0.0,0.0,
hcw,mppi_lqr,300.0,1800.0,0.1,0.1,5.0,2.5,10.0,10.0,10,300.0,inf,full,both,inf,180.0,0.01,0.0,0.0,256,20,3,0.5,0.1,0.99,10.0,256,20,0,128,128,4.078604930116772,2.5,9.82532244383299,9.825322443832992,0.0,0.0,1.0,1260.0
hcw,mppi_lqr,300.0,1800.0,0.1,0.1,5.0,2.5,10.0,10.0,10,600.0,inf,full,both,inf,180.0,0.01,0.0,0.0,256,20,3,0.5,0.1,0.99,10.0,256,20,0,128,0,3.394249330133289,2.5,23.077535573577737,23.07753557357772,0.0,0.0,0.0,
hcw,mppi_lqr,300.0,1800.0,0.1,0.1,5.0,3.75,10.0,10.0,10,300.0,inf,full,both,inf,180.0,0.01,0.0,0.0,256,20,3,0.5,0.1,0.99,10.0,256,20,0,128,87,4.979984147754739,3.75,22.244284101091804,187.25998156025847,0.0,0.0,0.6796875,950.0
hcw,mppi_lqr,300.0,1800.0,0.1,0.1,5.0,3.75,10.0,10.0,10,600.0,inf,full,both,inf,180.0,0.01,0.0,0.0,256,20,3,0.5,0.1,0.99,10.0,256,20,0,128,2,4.579329811099745,3.75,25.598084910817324,25.59808491081724,0.0,0.0,0.015625,1620.0
hcw,mppi_lqr,300.0,1800.0,0.1,0.1,5.0,4.5,10.0,10.0,10,300.0,inf,full,both,inf,180.0,0.01,0.0,0.0,256,20,3,0.5,0.1,0.99,10.0,256,20,0,128,0,5.0,4.5,158.6263256419098,1135.234716524903,0.0,0.0,0.0,
hcw,mppi_lqr,300.0,1800.0,0.1,0.1,5.0,4.5,10.0,10.0,10,600.0,inf,full,both,inf,180.0,0.01,0.0,0.0,256,20,3,0.5,0.1,0.99,10.0,256,20,0,128,60,4.999771944358215,4.5,53.5029030689177,150.777965286123,0.0,0.0,0.46875,1535.0
hcw,mppi_lqr,300.0,1800.0,0.1,0.1,5.0,5.0,10.0,10.0,10,300.0,inf,full,both,inf,180.0,0.01,0.0,0.0,256,20,3,0.5,0.1,0.99,10.0,256,20,0,128,0,5.0,5.0,170.1363018010978,1949.869608020568,0.0,0.0,0.0,
hcw,mppi_lqr,300.0,1800.0,0.1,0.1,5.0,5.0,10.0,10.0,10,600.0,inf,full,both,inf,180.0,0.01,0.0,0.0,256,20,3,0.5,0.1,0.99,10.0,256,20,0,128,0,5.0,5.0,195.5595383853152,604.8827044167296,0.0,0.0,0.0,
hcw,mppi_lqr,300.0,1800.0,0.1,0.1,5.0,5.5,10.0,10.0,10,300.0,inf,full,both,inf,180.0,0.01,0.0,0.0,256,20,3,0.5,0.1,0.99,10.0,256,20,0,128,0,5.0,5.5,168.2778896050515,2732.620640628979,0.0,0.0,0.0,
hcw,mppi_lqr,300.0,1800.0,0.1,0.1,5.0,5.5,10.0,10.0,10,600.0,inf,full,both,inf,180.0,0.01,0.0,0.0,256,20,3,0.5,0.1,0.99,10.0,256,20,0,128,0,5.0,5.5,207.1262177630386,1313.3045399811142,0.0,0.0,0.0,
hcw,mppi_lqr,300.0,1800.0,0.1,0.1,5.0,6.25,10.0,10.0,10,300.0,inf,full,both,inf,180.0,0.01,0.0,0.0,256,20,3,0.5,0.1,0.99,10.0,256,20,0,128,0,5.0,6.25,163.38869675171594,3829.1909954582375,0.0,0.0,0.0,
hcw,mppi_lqr,300.0,1800.0,0.1,0.1,5.0,6.25,10.0,10.0,10,600.0,inf,full,both,inf,180.0,0.01,0.0,0.0,256,20,3,0.5,0.1,0.99,10.0,256,20,0,128,0,5.0,6.25,197.53273716108248,2517.144819645116,0.0,0.0,0.0,
hcw,mppi_lqr,300.0,1800.0,0.1,0.1,5.0,7.5,10.0,10.0,10,300.0,inf,full,both,inf,180.0,0.01,0.0,0.0,256,20,3,0.5,0.1,0.99,10.0,256,20,0,128,0,5.0,7.5,161.54146098836418,5462.723345735725,0.0,0.0,0.0,
hcw,mppi_lqr,300.0,1800.0,0.1,0.1,5.0,7.5,10.0,10.0,10,600.0,inf,full,both,inf,180.0,0.01,0.0,0.0,256,20,3,0.5,0.1,0.99,10.0,256,20,0,128,0,5.0,7.5,186.4095666837996,4275.587050958413,0.0,0.0,0.0,
hcw,mppi_lqr,300.0,1800.0,0.1,0.1,5.0,10.0,10.0,10.0,10,300.0,inf,full,both,inf,180.0,0.01,0.0,0.0,256,20,3,0.5,0.1,0.99,10.0,256,20,0,128,0,5.0,10.0,161.91517459996982,7919.599960586882,0.0,0.0,0.0,
hcw,mppi_lqr,300.0,1800.0,0.1,0.1,5.0,10.0,10.0,10.0,10,600.0,inf,full,both,inf,180.0,0.01,0.0,0.0,256,20,3,0.5,0.1,0.99,10.0,256,20,0,128,0,5.0,10.0,182.2695599494965,6748.397500542587,0.0,0.0,0.0,
hcw,mppi_lqr,300.0,1800.0,0.1,0.1,5.0,inf,10.0,10.0,10,300.0,inf,full,both,inf,180.0,0.01,0.0,0.0,256,20,3,0.5,0.1,0.99,10.0,256,20,0,128,0,5.0,17.185793309798704,161.9127763283699,10585.90758921109,0.0,0.0,0.0,
hcw,mppi_lqr,300.0,1800.0,0.1,0.1,5.0,inf,10.0,10.0,10,600.0,inf,full,both,inf,180.0,0.01,0.0,0.0,256,20,3,0.5,0.1,0.99,10.0,256,20,0,128,0,5.0,17.15402950589733,182.2482690867319,9357.05900094991,0.0,0.0,0.0,
hcw,mppi_lqr,300.0,1800.0,0.1,0.11,5.0,1.25,10.0,10.0,10,300.0,inf,full,both,inf,180.0,0.01,0.0,0.0,256,20,3,0.5,0.1,0.99,10.0,256,20,0,128,128,3.023768748310084,1.25,9.846478556080983,9.846478556080983,0.0,0.0,1.0,1190.0
hcw,mppi_lqr,300.0,1800.0,0.1,0.11,5.0,1.25,10.0,10.0,10,600.0,inf,full,both,inf,180.0,0.01,0.0,0.0,256,20,3,0.5,0.1,0.99,10.0,256,20,0,128,0,2.269753869291653,1.25,20.92905024430193,20.929050244301955,0.0,0.0,0.0,
hcw,mppi_lqr,300.0,1800.0,0.1,0.11,5.0,2.5,10.0,10.0,10,300.0,inf,full,both,inf,180.0,0.01,0.0,0.0,256,20,3,0.5,0.1,0.99,10.0,256,20,0,128,128,4.247249172550942,2.5,9.82735982719961,9.827359827199636,0.0,0.0,1.0,1300.0
hcw,mppi_lqr,300.0,1800.0,0.1,0.11,5.0,2.5,10.0,10.0,10,600.0,inf,full,both,inf,180.0,0.01,0.0,0.0,256,20,3,0.5,0.1,0.99,10.0,256,20,0,128,0,3.4769229052167536,2.5,25.31818302379079,25.318183023790777,0.0,0.0,0.0,
hcw,mppi_lqr,300.0,1800.0,0.1,0.11,5.0,3.75,10.0,10.0,10,300.0,inf,full,both,inf,180.0,0.01,0.0,0.0,256,20,3,0.5,0.1,0.99,10.0,256,20,0,128,66,5.0,3.75,39.85176983434399,320.74974623936544,0.0,0.0,0.515625,890.0
hcw,mppi_lqr,300.0,1800.0,0.1,0.11,5.0,3.75,10.0,10.0,10,600.0,inf,full,both,inf,180.0,0.01,0.0,0.0,256,20,3,0.5,0.1,0.99,10.0,256,20,0,128,23,4.733719467493198,3.75,26.28286995836456,26.282869958364586,0.0,0.0,0.1796875,1480.0
hcw,mppi_lqr,300.0,1800.0,0.1,0.11,5.0,4.5,10.0,10.0,10,300.0,inf,full,both,inf,180.0,0.01,0.0,0.0,256,20,3,0.5,0.1,0.99,10.0,256,20,0,128,0,5.0,4.5,232.6931024422485,1115.4339691244727,0.0,0.0,0.0,
hcw,mppi_lqr,300.0,1800.0,0.1,0.11,5.0,4.5,10.0,10.0,10,600.0,inf,full,both,inf,180.0,0.01,0.0,0.0,256,20,3,0.5,0.1,0.99,10.0,256,20,0,128,51,5.0,4.5,111.94684145126364,282.9330952784087,0.0,0.0,0.3984375,1220.0
hcw,mppi_lqr,300.0,1800.0,0.1,0.11,5.0,5.0,10.0,10.0,10,300.0,inf,full,both,inf,180.0,0.01,0.0,0.0,256,20,3,0.5,0.1,0.99,10.0,256,20,0,128,0,5.0,5.0,259.5568625862024,1935.2466172490924,0.0,0.0,0.0,
hcw,mppi_lqr,300.0,1800.0,0.1,0.11,5.0,5.0,10.0,10.0,10,600.0,inf,full,both,inf,180.0,0.01,0.0,0.0,256,20,3,0.5,0.1,0.99,10.0,256,20,0,128,0,5.0,5.0,260.607086829391,932.5379946583836,0.0,0.0,0.0,
hcw,mppi_lqr,300.0,1800.0,0.1,0.11,5.0,5.5,10.0,10.0,10,300.0,inf,full,both,inf,180.0,0.01,0.0,0.0,256,20,3,0.5,0.1,0.99,10.0,256,20,0,128,0,5.0,5.5,258.74518140541363,2781.408999071003,0.0,0.0,0.0,
hcw,mppi_lqr,300.0,1800.0,0.1,0.11,5.0,5.5,10.0,10.0,10,600.0,inf,full,both,inf,180.0,0.01,0.0,0.0,256,20,3,0.5,0.1,0.99,10.0,256,20,0,128,0,5.0,5.5,277.7331340693232,1663.200360551718,0.0,0.0,0.0,
hcw,mppi_lqr,300.0,1800.0,0.1,0.11,5.0,6.25,10.0,10.0,10,300.0,inf,full,both,inf,180.0,0.01,0.0,0.0,256,20,3,0.5,0.1,0.99,10.0,256,20,0,128,0,5.0,6.25,255.6762092120755,4009.327373437473,0.0,0.0,0.0,
hcw,mppi_lqr,300.0,1800.0,0.1,0.11,5.0,6.25,10.0,10.0,10,600.0,inf,full,both,inf,180.0,0.01,0.0,0.0,256,20,3,0.5,0.1,0.99,10.0,256,20,0,128,0,5.0,6.25,274.02467473290613,2783.15764590874,0.0,0.0,0.0,
hcw,mppi_lqr,300.0,1800.0,0.1,0.11,5.0,7.5,10.0,10.0,10,300.0,inf,full,both,inf,180.0,0.01,0.0,0.0,256,20,3,0.5,0.1,0.99,10.0,256,20,0,128,0,5.0,7.5,253.03867188007516,5727.551363449268,0.0,0.0,0.0,
hcw,mppi_lqr,300.0,1800.0,0.1,0.11,5.0,7.5,10.0,10.0,10,600.0,inf,full,both,inf,180.0,0.01,0.0,0.0,256,20,3,0.5,0.1,0.99,10.0,256,20,0,128,0,5.0,7.5,269.9600378903867,4529.847708034224,0.0,0.0,0.0,
hcw,mppi_lqr,300.0,1800.0,0.1,0.11,5.0,10.0,10.0,10.0,10,300.0,inf,full,both,inf,180.0,0.01,0.0,0.0,256,20,3,0.5,0.1,0.99,10.0,256,20,0,128,0,5.0,10.0,252.11433983584035,8418.576804257242,0.0,0.0,0.0,
hcw,mppi_lqr,300.0,1800.0,0.1,0.11,5.0,10.0,10.0,10.0,10,600.0,inf,full,both,inf,180.0,0.01,0.0,0.0,256,20,3,0.5,0.1,0.99,10.0,256,20,0,128,0,5.0,10.0,268.2804663659389,7232.855919637366,0.0,0.0,0.0,
hcw,mppi_lqr,300.0,1800.0,0.1,0.11,5.0,inf,10.0,10.0,10,300.0,inf,full,both,inf,180.0,0.01,0.0,0.0,256,20,3,0.5,0.1,0.99,10.0,256,20,0,128,0,5.0,18.91135732401746,252.12494099791283,12156.020134509685,0.0,0.0,0.0,
hcw,mppi_lqr,300.0,1800.0,0.1,0.11,5.0,inf,10.0,10.0,10,600.0,inf,full,both,inf,180.0,0.01,0.0,0.0,256,20,3,0.5,0.1,0.99,10.0,256,20,0,128,0,5.0,18.90694415314963,268.31731797382776,10943.50340826751,0.0,0.0,0.0,
hcw,mppi_lqr,300.0,1800.0,0.1,0.125,5.0,1.25,10.0,10.0,10,300.0,inf,full,both,inf,180.0,0.01,0.0,0.0,256,20,3,0.5,0.1,0.99,10.0,256,20,0,128,128,3.0705892147841407,1.25,9.8250581497585,9.825058149758494,0.0,0.0,1.0,1200.0
hcw,mppi_lqr,300.0,1800.0,0.1,0.125,5.0,1.25,10.0,10.0,10,600.0,inf,full,both,inf,180.0,0.01,0.0,0.0,256,20,3,0.5,0.1,0.99,10.0,256,20,0,128,0,2.2984802107892173,1.25,21.537343928009648,21.53734392800967,0.0,0.0,0.0,
hcw,mppi_lqr,300.0,1800.0,0.1,0.125,5.0,2.5,10.0,10.0,10,300.0,inf,full,both,inf,180.0,0.01,0.0,0.0,256,20,3,0.5,0.1,0.99,10.0,256,20,0,128,128,4.479463508484929,2.5,9.821917218794038,9.82191721879406,0.0,0.0,1.0,1340.0
hcw,mppi_lqr,300.0,1800.0,0.1,0.125,5.0,2.5,10.0,10.0,10,600.0,inf,full,both,inf,180.0,0.01,0.0,0.0,256,20,3,0.5,0.1,0.99,10.0,256,20,0,128,0,3.615001263523781,2.5,28.83448661071065,28.83448661071072,0.0,0.0,0.0,
hcw,mppi_lqr,300.0,1800.0,0.1,0.125,5.0,3.75,10.0,10.0,10,300.0,inf,full,both,inf,180.0,0.01,0.0,0.0,256,20,3,0.5,0.1,0.99,10.0,256,20,0,128,41,5.0,3.75,72.59535851111166,516.5228459515698,0.0,0.0,0.3203125,850.0
hcw,mppi_lqr,300.0,1800.0,0.1,0.125,5.0,3.75,10.0,10.0,10,600.0,inf,full,both,inf,180.0,0.01,0.0,0.0,256,20,3,0.5,0.1,0.99,10.0,256,20,0,128,58,4.893932561663648,3.75,22.829096823294734,25.216881988611,0.0,0.0,0.453125,1345.0
hcw,mppi_lqr,300.0,1800.0,0.1,0.125,5.0,4.5,10.0,10.0,10,300.0,inf,full,both,inf,180.0,0.01,0.0,0.0,256,20,3,0.5,0.1,0.99,10.0,256,20,0,128,0,5.0,4.5,272.181471074396,1246.7880091767445,0.0,0.0,0.0,
hcw,mppi_lqr,300.0,1800.0,0.1,0.125,5.0,4.5,10.0,10.0,10,600.0,inf,full,both,inf,180.0,0.01,0.0,0.0,256,20,3,0.5,0.1,0.99,10.0,256,20,0,128,21,5.0,4.5,180.99360434382112,505.5420600190198,0.0,0.0,0.1640625,1170.0
hcw,mppi_lqr,300.0,1800.0,0.1,0.125,5.0,5.0,10.0,10.0,10,300.0,inf,full,both,inf,180.0,0.01,0.0,0.0,256,20,3,0.5,0.1,0.99,10.0,256,20,0,128,0,5.0,5.0,292.5286606811827,2056.7204386012563,0.0,0.0,0.0,
hcw,mppi_lqr,300.0,1800.0,0.1,0.125,5.0,5.0,10.0,10.0,10,600.0,inf,full,both,inf,180.0,0.01,0.0,0.0,256,20,3,0.5,0.1,0.99,10.0,256,20,0,128,0,5.0,5.0,284.5506523277639,1165.151855918092,0.0,0.0,0.0,
hcw,mppi_lqr,300.0,1800.0,0.1,0.125,5.0,5.5,10.0,10.0,10,300.0,inf,full,both,inf,180.0,0.01,0.0,0.0,256,20,3,0.5,0.1,0.99,10.0,256,20,0,128,0,5.0,5.5,292.08219958446534,2870.022514566263,0.0,0.0,0.0,
hcw,mppi_lqr,300.0,1800.0,0.1,0.125,5.0,5.5,10.0,10.0,10,600.0,inf,full,both,inf,180.0,0.01,0.0,0.0,256,20,3,0.5,0.1,0.99,10.0,256,20,0,128,0,5.0,5.5,297.032709526982,1969.4022300918384,0.0,0.0,0.0,
hcw,mppi_lqr,300.0,1800.0,0.1,0.125,5.0,6.25,10.0,10.0,10,300.0,inf,full,both,inf,180.0,0.01,0.0,0.0,256,20,3,0.5,0.1,0.99,10.0,256,20,0,128,0,5.0,6.25,291.84508335103084,4109.085170483216,0.0,0.0,0.0,
hcw,mppi_lqr,300.0,1800.0,0.1,0.125,5.0,6.25,10.0,10.0,10,600.0,inf,full,both,inf,180.0,0.01,0.0,0.0,256,20,3,0.5,0.1,0.99,10.0,256,20,0,128,0,5.0,6.25,296.8999960408757,3121.995311981793,0.0,0.0,0.0,
hcw,mppi_lqr,300.0,1800.0,0.1,0.125,5.0,7.5,10.0,10.0,10,300.0,inf,full,both,inf,180.0,0.01,0.0,0.0,256,20,3,0.5,0.1,0.99,10.0,256,20,0,128,0,5.0,7.5,292.16247207844066,6042.641705525632,0.0,0.0,0.0,
hcw,mppi_lqr,300.0,1800.0,0.1,0.125,5.0,7.5,10.0,10.0,10,600.0,inf,full,both,inf,180.0,0.01,0.0,0.0,256,20,3,0.5,0.1,0.99,10.0,256,20,0,128,0,5.0,7.5,296.9371412548082,4922.357057281964,0.0,0.0,0.0,
hcw,mppi_lqr,300.0,1800.0,0.1,0.125,5.0,10.0,10.0,10.0,10,300.0,inf,full,both,inf,180.0,0.01,0.0,0.0,256,20,3,0.5,0.1,0.99,10.0,256,20,0,128,0,5.0,10.0,292.2098527189236,9136.63108273321,0.0,0.0,0.0,
hcw,mppi_lqr,300.0,1800.0,0.1,0.125,5.0,10.0,10.0,10.0,10,600.0,inf,full,both,inf,180.0,0.01,0.0,0.0,256,20,3,0.5,0.1,0.99,10.0,256,20,0,128,0,5.0,10.0,296.8416806467484,7894.097754077968,0.0,0.0,0.0,
hcw,mppi_lqr,300.0,1800.0,0.1,0.125,5.0,inf,10.0,10.0,10,300.0,inf,full,both,inf,180.0,0.01,0.0,0.0,256,20,3,0.5,0.1,0.99,10.0,256,20,0,128,0,5.0,21.485539048796813,292.20689818059725,14715.010868555755,0.0,0.0,0.0,
hcw,mppi_lqr,300.0,1800.0,0.1,0.125,5.0,inf,10.0,10.0,10,600.0,inf,full,both,inf,180.0,0.01,0.0,0.0,256,20,3,0.5,0.1,0.99,10.0,256,20,0,128,0,5.0,21.477225111284927,296.8414409026613,13357.095193111949,0.0,0.0,0.0,
hcw,mppi_lqr,300.0,1800.0,0.1,0.15,5.0,1.25,10.0,10.0,10,300.0,inf,full,both,inf,180.0,0.01,0.0,0.0,256,20,3,0.5,0.1,0.99,10.0,256,20,0,128,128,3.133885756117809,1.25,9.83423868681806,9.834238686818066,0.0,0.0,1.0,1210.0
hcw,mppi_lqr,300.0,1800.0,0.1,0.15,5.0,1.25,10.0,10.0,10,600.0,inf,full,both,inf,180.0,0.01,0.0,0.0,256,20,3,0.5,0.1,0.99,10.0,256,20,0,128,0,2.338895015773484,1.25,22.331291582013627,22.3312915820136,0.0,0.0,0.0,
hcw,mppi_lqr,300.0,1800.0,0.1,0.15,5.0,2.5,10.0,10.0,10,300.0,inf,full,both,inf,180.0,0.01,0.0,0.0,256,20,3,0.5,0.1,0.99,10.0,256,20,0,128,128,4.702646143326676,2.5,9.761258263891596,9.761258263891577,0.0,0.0,1.0,1380.0
hcw,mppi_lqr,300.0,1800.0,0.1,0.15,5.0,2.5,10.0,10.0,10,600.0,inf,full,both,inf,180.0,0.01,0.0,0.0,256,20,3,0.5,0.1,0.99,10.0,256,20,0,128,0,3.765213979547009,2.5,32.854916534602545,32.85491653460251,0.0,0.0,0.0,
hcw,mppi_lqr,300.0,1800.0,0.1,0.15,5.0,3.75,10.0,10.0,10,300.0,inf,full,both,inf,180.0,0.01,0.0,0.0,256,20,3,0.5,0.1,0.99,10.0,256,20,0,128,29,5.0,3.75,127.29042097293843,670.5944328892481,0.0,0.0,0.2265625,800.0
hcw,mppi_lqr,300.0,1800.0,0.1,0.15,5.0,3.75,10.0,10.0,10,600.0,inf,full,both,inf,180.0,0.01,0.0,0.0,256,20,3,0.5,0.1,0.99,10.0,256,20,0,128,62,4.985108214958059,3.75,33.228255284574324,100.94812333330124,0.0,0.0,0.484375,1330.0
hcw,mppi_lqr,300.0,1800.0,0.1,0.15,5.0,4.5,10.0,10.0,10,300.0,inf,full,both,inf,180.0,0.01,0.0,0.0,256,20,3,0.5,0.1,0.99,10.0,256,20,0,128,0,5.0,4.5,284.58190693028746,1505.700776262399,0.0,0.0,0.0,
hcw,mppi_lqr,300.0,1800.0,0.1,0.15,5.0,4.5,10.0,10.0,10,600.0,inf,full,both,inf,180.0,0.01,0.0,0.0,256,20,3,0.5,0.1,0.99,10.0,256,20,0,128,9,5.0,4.5,225.74600192331968,844.0394713856049,0.0,0.0,0.0703125,1110.0
hcw,mppi_lqr,300.0,1800.0,0.1,0.15,5.0,5.0,10.0,10.0,10,300.0,inf,full,both,inf,180.0,0.01,0.0,0.0,256,20,3,0.5,0.1,0.99,10.0,256,20,0,128,0,5.0,5.0,295.6915101103586,2349.361913745124,0.0,0.0,0.0,
hcw,mppi_lqr,300.0,1800.0,0.1,0.15,5.0,5.0,10.0,10.0,10,600.0,inf,full,both,inf,180.0,0.01,0.0,0.0,256,20,3,0.5,0.1,0.99,10.0,256,20,0,128,0,5.0,5.0,287.9686536052717,1548.2597808402195,0.0,0.0,0.0,
hcw,mppi_lqr,300.0,1800.0,0.1,0.15,5.0,5.5,10.0,10.0,10,300.0,inf,full,both,inf,180.0,0.01,0.0,0.0,256,20,3,0.5,0.1,0.99,10.0,256,20,0,128,0,5.0,5.5,294.04345597411134,3126.828787672359,0.0,0.0,0.0,
hcw,mppi_lqr,300.0,1800.0,0.1,0.15,5.0,5.5,10.0,10.0,10,600.0,inf,full,both,inf,180.0,0.01,0.0,0.0,256,20,3,0.5,0.1,0.99,10.0,256,20,0,128,0,5.0,5.5,296.2478223105136,2326.3346809299155,0.0,0.0,0.0,
hcw,mppi_lqr,300.0,1800.0,0.1,0.15,5.0,6.25,10.0,10.0,10,300.0,inf,full,both,inf,180.0,0.01,0.0,0.0,256,20,3,0.5,0.1,0.99,10.0,256,20,0,128,0,5.0,6.25,295.1626477526836,4482.214578250554,0.0,0.0,0.0,
hcw,mppi_lqr,300.0,1800.0,0.1,0.15,5.0,6.25,10.0,10.0,10,600.0,inf,full,both,inf,180.0,0.01,0.0,0.0,256,20,3,0.5,0.1,0.99,10.0,256,20,0,128,0,5.0,6.25,297.63753412940326,3583.0459850865377,0.0,0.0,0.0,
hcw,mppi_lqr,300.0,1800.0,0.1,0.15,5.0,7.5,10.0,10.0,10,300.0,inf,full,both,inf,180.0,0.01,0.0,0.0,256,20,3,0.5,0.1,0.99,10.0,256,20,0,128,0,5.0,7.5,295.2495257440385,6495.176346166028,0.0,0.0,0.0,
hcw,mppi_lqr,300.0,1800.0,0.1,0.15,5.0,7.5,10.0,10.0,10,600.0,inf,full,both,inf,180.0,0.01,0.0,0.0,256,20,3,0.5,0.1,0.99,10.0,256,20,0,128,0,5.0,7.5,297.8043938732188,5454.958639855724,0.0,0.0,0.0,
hcw,mppi_lqr,300.0,1800.0,0.1,0.15,5.0,10.0,10.0,10.0,10,300.0,inf,full,both,inf,180.0,0.01,0.0,0.0,256,20,3,0.5,0.1,0.99,10.0,256,20,0,128,0,5.0,10.0,295.41088662553915,9965.06981410039,0.0,0.0,0.0,
hcw,mppi_lqr,300.0,1800.0,0.1,0.15,5.0,10.0,10.0,10.0,10,600.0,inf,full,both,inf,180.0,0.01,0.0,0.0,256,20,3,0.5,0.1,0.99,10.0,256,20,0,128,0,5.0,10.0,297.8348445497753,8857.954625520686,0.0,0.0,0.0,
hcw,mppi_lqr,300.0,1800.0,0.1,0.15,5.0,inf,10.0,10.0,10,300.0,inf,full,both,inf,180.0,0.01,0.0,0.0,256,20,3,0.5,0.1,0.99,10.0,256,20,0,128,0,5.0,25.77277271717809,295.41044097134625,18847.92983929416,0.0,0.0,0.0,
hcw,mppi_lqr,300.0,1800.0,0.1,0.15,5.0,inf,10.0,10.0,10,600.0,inf,full,both,inf,180.0,0.01,0.0,0.0,256,20,3,0.5,0.1,0.99,10.0,256,20,0,128,0,5.0,25.771649999532617,297.8352416032227,17473.969489680054,0.0,0.0,0.0,
hcw,mppi_lqr,300.0,1800.0,0.1,0.2,5.0,1.25,10.0,10.0,10,300.0,inf,full,both,inf,180.0,0.01,0.0,0.0,256,20,3,0.5,0.1,0.99,10.0,256,20,0,128,128,3.213640588416032,1.25,9.831845526786651,9.831845526786658,0.0,0.0,1.0,1230.0
hcw,mppi_lqr,300.0,1800.0,0.1,0.2,5.0,1.25,10.0,10.0,10,600.0,inf,full,both,inf,180.0,0.01,0.0,0.0,256,20,3,0.5,0.1,0.99,10.0,256,20,0,128,0,2.390905276226861,1.25,23.352004979375664,23.35200497937568,0.0,0.0,0.0,
hcw,mppi_lqr,300.0,1800.0,0.1,0.2,5.0,2.5,10.0,10.0,10,300.0,inf,full,both,inf,180.0,0.01,0.0,0.0,256,20,3,0.5,0.1,0.99,10.0,256,20,0,128,128,4.868391480888175,2.5,9.258107760787368,9.2581077607874,0.0,0.0,1.0,1380.0
hcw,mppi_lqr,300.0,1800.0,0.1,0.2,5.0,2.5,10.0,10.0,10,600.0,inf,full,both,inf,180.0,0.01,0.0,0.0,256,20,3,0.5,0.1,0.99,10.0,256,20,0,128,0,3.9285409688383104,2.5,37.7776475214471,37.77764752144706,0.0,0.0,0.0,
hcw,mppi_lqr,300.0,1800.0,0.1,0.2,5.0,3.75,10.0,10.0,10,300.0,inf,full,both,inf,180.0,0.01,0.0,0.0,256,20,3,0.5,0.1,0.99,10.0,256,20,0,128,4,5.0,3.75,192.4437294187857,1028.141831836741,0.0,0.0,0.03125,795.0
hcw,mppi_lqr,300.0,1800.0,0.1,0.2,5.0,3.75,10.0,10.0,10,600.0,inf,full,both,inf,180.0,0.01,0.0,0.0,256,20,3,0.5,0.1,0.99,10.0,256,20,0,128,70,5.0,3.75,78.87387370646944,238.2307856709679,0.0,0.0,0.546875,1340.0
hcw,mppi_lqr,300.0,1800.0,0.1,0.2,5.0,4.5,10.0,10.0,10,300.0,inf,full,both,inf,180.0,0.01,0.0,0.0,256,20,3,0.5,0.1,0.99,10.0,256,20,0,128,0,5.0,4.5,287.0311599556075,1866.7876849421343,0.0,0.0,0.0,
hcw,mppi_lqr,300.0,1800.0,0.1,0.2,5.0,4.5,10.0,10.0,10,600.0,inf,full,both,inf,180.0,0.01,0.0,0.0,256,20,3,0.5,0.1,0.99,10.0,256,20,0,128,1,5.0,4.5,251.9060581777252,1280.8785976659192,0.0,0.0,0.0078125,1140.0
hcw,mppi_lqr,300.0,1800.0,0.1,0.2,5.0,5.0,10.0,10.0,10,300.0,inf,full,both,inf,180.0,0.01,0.0,0.0,256,20,3,0.5,0.1,0.99,10.0,256,20,0,128,0,5.0,5.0,293.9262936803326,2750.011914475563,0.0,0.0,0.0,
hcw,mppi_lqr,300.0,1800.0,0.1,0.2,5.0,5.0,10.0,10.0,10,600.0,inf,full,both,inf,180.0,0.01,0.0,0.0,256,20,3,0.5,0.1,0.99,10.0,256,20,0,128,0,5.0,5.0,289.9830058276221,2099.8365412942326,0.0,0.0,0.0,
hcw,mppi_lqr,300.0,1800.0,0.1,0.2,5.0,5.5,10.0,10.0,10,300.0,inf,full,both,inf,180.0,0.01,0.0,0.0,256,20,3,0.5,0.1,0.99,10.0,256,20,0,128,0,5.0,5.5,292.5804907740231,3806.999011379344,0.0,0.0,0.0,
hcw,mppi_lqr,300.0,1800.0,0.1,0.2,5.0,5.5,10.0,10.0,10,600.0,inf,full,both,inf,180.0,0.01,0.0,0.0,256,20,3,0.5,0.1,0.99,10.0,256,20,0,128,0,5.0,5.5,294.5789605239712,3042.255924318108,0.0,0.0,0.0,
hcw,mppi_lqr,300.0,1800.0,0.1,0.2,5.0,6.25,10.0,10.0,10,300.0,inf,full,both,inf,180.0,0.01,0.0,0.0,256,20,3,0.5,0.1,0.99,10.0,256,20,0,128,0,5.0,6.25,294.3218066199275,5172.43729964431,0.0,0.0,0.0,
hcw,mppi_lqr,300.0,1800.0,0.1,0.2,5.0,6.25,10.0,10.0,10,600.0,inf,full,both,inf,180.0,0.01,0.0,0.0,256,20,3,0.5,0.1,0.99,10.0,256,20,0,128,0,5.0,6.25,296.55967180862103,4387.304732676809,0.0,0.0,0.0,
hcw,mppi_lqr,300.0,1800.0,0.1,0.2,5.0,7.5,10.0,10.0,10,300.0,inf,full,both,inf,180.0,0.01,0.0,0.0,256,20,3,0.5,0.1,0.99,10.0,256,20,0,128,0,5.0,7.5,291.3877212913844,7488.7886857265985,0.0,0.0,0.0,
hcw,mppi_lqr,300.0,1800.0,0.1,0.2,5.0,7.5,10.0,10.0,10,600.0,inf,full,both,inf,180.0,0.01,0.0,0.0,256,20,3,0.5,0.1,0.99,10.0,256,20,0,128,0,5.0,7.5,294.7288756381265,6676.753552042352,0.0,0.0,0.0,
hcw,mppi_lqr,300.0,1800.0,0.1,0.2,5.0,10.0,10.0,10.0,10,300.0,inf,full,both,inf,180.0,0.01,0.0,0.0,256,20,3,0.5,0.1,0.99,10.0,256,20,0,128,0,5.0,10.0,293.5982330279847,11449.09902072886,0.0,0.0,0.0,
hcw,mppi_lqr,300.0,1800.0,0.1,0.2,5.0,10.0,10.0,10.0,10,600.0,inf,full,both,inf,180.0,0.01,0.0,0.0,256,20,3,0.5,0.1,0.99,10.0,256,20,0,128,0,5.0,10.0,295.9895920859873,10464.078329989969,0.0,0.0,0.0,
hcw,mppi_lqr,300.0,1800.0,0.1,0.2,5.0,inf,10.0,10.0,10,300.0,inf,full,both,inf,180.0,0.01,0.0,0.0,256,20,3,0.5,0.1,0.99,10.0,256,20,0,128,0,5.0,34.348734512200785,293.7154145086758,27533.307118709243,0.0,0.0,0.0,
hcw,mppi_lqr,300.0,1800.0,0.1,0.2,5.0,inf,10.0,10.0,10,600.0,inf,full,both,inf,180.0,0.01,0.0,0.0,256,20,3,0.5,0.1,0.99,10.0,256,20,0,128,0,5.0,34.32840865022361,296.09024260556885,26381.804317303977,0.0,0.0,0.0,
hcw,random,300.0,1800.0,0.1,0.025,5.0,1.25,10.0,10.0,10,300.0,inf,full,both,inf,180.0,0.01,0.0,0.0,256,20,3,0.5,0.1,0.99,10.0,256,20,0,128,128,2.372657812634948,1.25,9.847451796638223,9.847451796638223,0.0,0.0,1.0,1060.0
hcw,random,300.0,1800.0,0.1,0.025,5.0,1.25,10.0,10.0,10,600.0,inf,full,both,inf,180.0,0.01,0.0,0.0,256,20,3,0.5,0.1,0.99,10.0,256,20,0,128,3,1.9314798065036407,1.25,16.738573914126917,16.738573914126917,0.0,0.0,0.0234375,1780.0
hcw,random,300.0,1800.0,0.1,0.025,5.0,2.5,10.0,10.0,10,300.0,inf,full,both,inf,180.0,0.01,0.0,0.0,256,20,3,0.5,0.1,0.99,10.0,256,20,0,128,128,3.02123958177712,1.977418699050947,9.815842634852611,9.815842634852611,0.0,0.0,1.0,1060.0
hcw,random,300.0,1800.0,0.1,0.025,5.0,2.5,10.0,10.0,10,600.0,inf,full,both,inf,180.0,0.01,0.0,0.0,256,20,3,0.5,0.1,0.99,10.0,256,20,0,128,5,3.0823783776799494,2.5,16.72006742193745,16.720067421937454,0.0,0.0,0.0390625,1790.0
hcw,random,300.0,1800.0,0.1,0.025,5.0,3.75,10.0,10.0,10,300.0,inf,full,both,inf,180.0,0.01,0.0,0.0,256,20,3,0.5,0.1,0.99,10.0,256,20,0,128,128,3.02123958177712,1.977418699050947,9.815842634852611,9.815842634852611,0.0,0.0,1.0,1060.0
hcw,random,300.0,1800.0,0.1,0.025,5.0,3.75,10.0,10.0,10,600.0,inf,full,both,inf,180.0,0.01,0.0,0.0,256,20,3,0.5,0.1,0.99,10.0,256,20,0,128,4,3.914848680592966,3.369477336505961,16.7106582357761,16.710727920833875,0.0,0.0,0.03125,1780.0
hcw,random,300.0,1800.0,0.1,0.025,5.0,4.5,10.0,10.0,10,300.0,inf,full,both,inf,180.0,0.01,0.0,0.0,256,20,3,0.5,0.1,0.99,10.0,256,20,0,128,128,3.02123958177712,1.977418699050947,9.815842634852611,9.815842634852611,0.0,0.0,1.0,1060.0
hcw,random,300.0,1800.0,0.1,0.025,5.0,4.5,10.0,10.0,10,600.0,inf,full,both,inf,180.0,0.01,0.0,0.0,256,20,3,0.5,0.1,0.99,10.0,256,20,0,128,4,3.914848680592966,3.369477336505961,16.7106582357761,16.710727920833875,0.0,0.0,0.03125,1780.0
hcw,random,300.0,1800.0,0.1,0.025,5.0,5.0,10.0,10.0,10,300.0,inf,full,both,inf,180.0,0.01,0.0,0.0,256,20,3,0.5,0.1,0.99,10.0,256,20,0,128,128,3.02123958177712,1.977418699050947,9.815842634852611,9.815842634852611,0.0,0.0,1.0,1060.0
hcw,random,300.0,1800.0,0.1,0.025,5.0,5.0,10.0,10.0,10,600.0,inf,full,both,inf,180.0,0.01,0.0,0.0,256,20,3,0.5,0.1,0.99,10.0,256,20,0,128,4,3.914848680592966,3.369477336505961,16.7106582357761,16.710727920833875,0.0,0.0,0.03125,1780.0
hcw,random,300.0,1800.0,0.1,0.025,5.0,5.5,10.0,10.0,10,300.0,inf,full,both,inf,180.0,0.01,0.0,0.0,256,20,3,0.5,0.1,0.99,10.0,256,20,0,128,128,3.02123958177712,1.977418699050947,9.815842634852611,9.815842634852611,0.0,0.0,1.0,1060.0
hcw,random,300.0,1800.0,0.1,0.025,5.0,5.5,10.0,10.0,10,600.0,inf,full,both,inf,180.0,0.01,0.0,0.0,256,20,3,0.5,0.1,0.99,10.0,256,20,0,128,4,3.914848680592966,3.369477336505961,16.7106582357761,16.710727920833875,0.0,0.0,0.03125,1780.0
hcw,random,300.0,1800.0,0.1,0.025,5.0,6.25,10.0,10.0,10,300.0,inf,full,both,inf,180.0,0.01,0.0,0.0,256,20,3,0.5,0.1,0.99,10.0,256,20,0,128,128,3.02123958177712,1.977418699050947,9.815842634852611,9.815842634852611,0.0,0.0,1.0,1060.0
hcw,random,300.0,1800.0,0.1,0.025,5.0,6.25,10.0,10.0,10,600.0,inf,full,both,inf,180.0,0.01,0.0,0.0,256,20,3,0.5,0.1,0.99,10.0,256,20,0,128,4,3.914848680592966,3.369477336505961,16.7106582357761,16.710727920833875,0.0,0.0,0.03125,1780.0
hcw,random,300.0,1800.0,0.1,0.025,5.0,7.5,10.0,10.0,10,300.0,inf,full,both,inf,180.0,0.01,0.0,0.0,256,20,3,0.5,0.1,0.99,10.0,256,20,0,128,128,3.02123958177712,1.977418699050947,9.815842634852611,9.815842634852611,0.0,0.0,1.0,1060.0
hcw,random,300.0,1800.0,0.1,0.025,5.0,7.5,10.0,10.0,10,600.0,inf,full,both,inf,180.0,0.01,0.0,0.0,256,20,3,0.5,0.1,0.99,10.0,256,20,0,128,4,3.914848680592966,3.369477336505961,16.7106582357761,16.710727920833875,0.0,0.0,0.03125,1780.0
hcw,random,300.0,1800.0,0.1,0.025,5.0,10.0,10.0,10.0,10,300.0,inf,full,both,inf,180.0,0.01,0.0,0.0,256,20,3,0.5,0.1,0.99,10.0,256,20,0,128,128,3.02123958177712,1.977418699050947,9.815842634852611,9.815842634852611,0.0,0.0,1.0,1060.0
hcw,random,300.0,1800.0,0.1,0.025,5.0,10.0,10.0,10.0,10,600.0,inf,full,both,inf,180.0,0.01,0.0,0.0,256,20,3,0.5,0.1,0.99,10.0,256,20,0,128,4,3.914848680592966,3.369477336505961,16.7106582357761,16.710727920833875,0.0,0.0,0.03125,1780.0
hcw,random,300.0,1800.0,0.1,0.025,5.0,inf,10.0,10.0,10,300.0,inf,full,both,inf,180.0,0.01,0.0,0.0,256,20,3,0.5,0.1,0.99,10.0,256,20,0,128,128,3.02123958177712,1.977418699050947,9.815842634852611,9.815842634852611,0.0,0.0,1.0,1060.0
hcw,random,300.0,1800.0,0.1,0.025,5.0,inf,10.0,10.0,10,600.0,inf,full,both,inf,180.0,0.01,0.0,0.0,256,20,3,0.5,0.1,0.99,10.0,256,20,0,128,4,3.914848680592966,3.369477336505961,16.7106582357761,16.710727920833875,0.0,0.0,0.03125,1780.0
hcw,random,300.0,1800.0,0.1,0.05,5.0,1.25,10.0,10.0,10,300.0,inf,full,both,inf,180.0,0.01,0.0,0.0,256,20,3,0.5,0.1,0.99,10.0,256,20,0,128,128,2.3464945513155584,1.25,9.841096534140515,9.84109653414052,0.0,0.0,1.0,1060.0
hcw,random,300.0,1800.0,0.1,0.05,5.0,1.25,10.0,10.0,10,600.0,inf,full,both,inf,180.0,0.01,0.0,0.0,256,20,3,0.5,0.1,0.99,10.0,256,20,0,128,4,1.9599280117228344,1.25,16.752230695131576,16.75223069513158,0.0,0.0,0.03125,1785.0
hcw,random,300.0,1800.0,0.1,0.05,5.0,2.5,10.0,10.0,10,300.0,inf,full,both,inf,180.0,0.01,0.0,0.0,256,20,3,0.5,0.1,0.99,10.0,256,20,0,128,128,3.402162544278067,2.5,9.8236927877744,9.823692787774402,0.0,0.0,1.0,1060.0
hcw,random,300.0,1800.0,0.1,0.05,5.0,2.5,10.0,10.0,10,600.0,inf,full,both,inf,180.0,0.01,0.0,0.0,256,20,3,0.5,0.1,0.99,10.0,256,20,0,128,3,3.099666502352816,2.5,16.75796565240111,16.75796565240111,0.0,0.0,0.0234375,1790.0
hcw,random,300.0,1800.0,0.1,0.05,5.0,3.75,10.0,10.0,10,300.0,inf,full,both,inf,180.0,0.01,0.0,0.0,256,20,3,0.5,0.1,0.99,10.0,256,20,0,128,128,4.600092825255713,3.741643596666949,9.815297019576784,9.815297019576786,0.0,0.0,1.0,1060.0
hcw,random,300.0,1800.0,0.1,0.05,5.0,3.75,10.0,10.0,10,600.0,inf,full,both,inf,180.0,0.01,0.0,0.0,256,20,3,0.5,0.1,0.99,10.0,256,20,0,128,5,4.292882628136143,3.75,16.766030238830265,16.76603023883026,0.0,0.0,0.0390625,1780.0
hcw,random,300.0,1800.0,0.1,0.05,5.0,4.5,10.0,10.0,10,300.0,inf,full,both,inf,180.0,0.01,0.0,0.0,256,20,3,0.5,0.1,0.99,10.0,256,20,0,128,126,4.779429136928141,3.970848544587073,9.777756746500678,10.92687550387198,0.0,0.0,0.984375,1060.0
hcw,random,300.0,1800.0,0.1,0.05,5.0,4.5,10.0,10.0,10,600.0,inf,full,both,inf,180.0,0.01,0.0,0.0,256,20,3,0.5,0.1,0.99,10.0,256,20,0,128,27,4.984335670533636,4.5,15.334769520749116,16.475870369481118,0.0,0.0,0.2109375,1690.0
hcw,random,300.0,1800.0,0.1,0.05,5.0,5.0,10.0,10.0,10,300.0,inf,full,both,inf,180.0,0.01,0.0,0.0,256,20,3,0.5,0.1,0.99,10.0,256,20,0,128,126,4.779429136928141,3.978661044587073,9.777756746500678,11.053687970318029,0.0,0.0,0.984375,1060.0
hcw,random,300.0,1800.0,0.1,0.05,5.0,5.0,10.0,10.0,10,600.0,inf,full,both,inf,180.0,0.01,0.0,0.0,256,20,3,0.5,0.1,0.99,10.0,256,20,0,128,6,5.0,5.0,28.83612997760445,57.460166283884845,0.0,0.0,0.046875,1480.0
hcw,random,300.0,1800.0,0.1,0.05,5.0,5.5,10.0,10.0,10,300.0,inf,full,both,inf,180.0,0.01,0.0,0.0,256,20,3,0.5,0.1,0.99,10.0,256,20,0,128,126,4.779429136928141,3.986473544587073,9.777756746500678,11.234767416659144,0.0,0.0,0.984375,1060.0
hcw,random,300.0,1800.0,0.1,0.05,5.0,5.5,10.0,10.0,10,600.0,inf,full,both,inf,180.0,0.01,0.0,0.0,256,20,3,0.5,0.1,0.99,10.0,256,20,0,128,3,5.0,5.497788897502946,28.24064252295612,76.98499533306267,0.0,0.0,0.0234375,1450.0
hcw,random,300.0,1800.0,0.1,0.05,5.0,6.25,10.0,10.0,10,300.0,inf,full,both,inf,180.0,0.01,0.0,0.0,256,20,3,0.5,0.1,0.99,10.0,256,20,0,128,126,4.779429136928141,3.998192294587073,9.777756746500678,11.277511568603028,0.0,0.0,0.984375,1060.0
hcw,random,300.0,1800.0,0.1,0.05,5.0,6.25,10.0,10.0,10,600.0,inf,full,both,inf,180.0,0.01,0.0,0.0,256,20,3,0.5,0.1,0.99,10.0,256,20,0,128,6,5.0,6.228201673936989,28.01838470914625,88.21058914794563,0.0,0.0,0.046875,1565.0
hcw,random,300.0,1800.0,0.1,0.05,5.0,7.5,10.0,10.0,10,300.0,inf,full,both,inf,180.0,0.01,0.0,0.0,256,20,3,0.5,0.1,0.99,10.0,256,20,0,128,126,4.779429136928141,4.006996160416394,9.777756746500678,11.292395559983635,0.0,0.0,0.984375,1060.0
hcw,random,300.0,1800.0,0.1,0.05,5.0,7.5,10.0,10.0,10,600.0,inf,full,both,inf,180.0,0.01,0.0,0.0,256,20,3,0.5,0.1,0.99,10.0,256,20,0,128,6,5.0,6.69639725689032,28.04592999880331,89.56910549180603,0.0,0.0,0.046875,1565.0
hcw,random,300.0,1800.0,0.1,0.05,5.0,10.0,10.0,10.0,10,300.0,inf,full,both,inf,180.0,0.01,0.0,0.0,256,20,3,0.5,0.1,0.99,10.0,256,20,0,128,126,4.779429136928141,4.006996160416394,9.777756746500678,11.292395559983635,0.0,0.0,0.984375,1060.0
hcw,random,300.0,1800.0,0.1,0.05,5.0,10.0,10.0,10.0,10,600.0,inf,full,both,inf,180.0,0.01,0.0,0.0,256,20,3,0.5,0.1,0.99,10.0,256,20,0,128,6,5.0,6.69639725689032,28.04592999880331,89.56910549180603,0.0,0.0,0.046875,1565.0
hcw,random,300.0,1800.0,0.1,0.05,5.0,inf,10.0,10.0,10,300.0,inf,full,both,inf,180.0,0.01,0.0,0.0,256,20,3,0.5,0.1,0.99,10.0,256,20,0,128,126,4.779429136928141,4.006996160416394,9.777756746500678,11.292395559983635,0.0,0.0,0.984375,1060.0
hcw,random,300.0,1800.0,0.1,0.05,5.0,inf,10.0,10.0,10,600.0,inf,full,both,inf,180.0,0.01,0.0,0.0,256,20,3,0.5,0.1,0.99,10.0,256,20,0,128,6,5.0,6.69639725689032,28.04592999880331,89.56910549180603,0.0,0.0,0.046875,1565.0
hcw,random,300.0,1800.0,0.1,0.075,5.0,1.25,10.0,10.0,10,300.0,inf,full,both,inf,180.0,0.01,0.0,0.0,256,20,3,0.5,0.1,0.99,10.0,256,20,0,128,128,2.312416160055268,1.25,9.84113962936,9.84113962936,0.0,0.0,1.0,1060.0
hcw,random,300.0,1800.0,0.1,0.075,5.0,1.25,10.0,10.0,10,600.0,inf,full,both,inf,180.0,0.01,0.0,0.0,256,20,3,0.5,0.1,0.99,10.0,256,20,0,128,4,1.934526432188971,1.25,16.769620281872026,16.769620281872026,0.0,0.0,0.03125,1785.0
hcw,random,300.0,1800.0,0.1,0.075,5.0,2.5,10.0,10.0,10,300.0,inf,full,both,inf,180.0,0.01,0.0,0.0,256,20,3,0.5,0.1,0.99,10.0,256,20,0,128,128,3.338331678561358,2.5,9.838541496467588,9.83854149646759,0.0,0.0,1.0,1060.0
hcw,random,300.0,1800.0,0.1,0.075,5.0,2.5,10.0,10.0,10,600.0,inf,full,both,inf,180.0,0.01,0.0,0.0,256,20,3,0.5,0.1,0.99,10.0,256,20,0,128,3,3.091778856812197,2.5,16.786471093621877,16.786471093621877,0.0,0.0,0.0234375,1790.0
hcw,random,300.0,1800.0,0.1,0.075,5.0,3.75,10.0,10.0,10,300.0,inf,full,both,inf,180.0,0.01,0.0,0.0,256,20,3,0.5,0.1,0.99,10.0,256,20,0,128,128,4.498675525366033,3.75,9.848075590016816,9.848075590016814,0.0,0.0,1.0,1060.0
hcw,random,300.0,1800.0,0.1,0.075,5.0,3.75,10.0,10.0,10,600.0,inf,full,both,inf,180.0,0.01,0.0,0.0,256,20,3,0.5,0.1,0.99,10.0,256,20,0,128,3,4.282027984537548,3.75,16.786342548439862,16.786342548439862,0.0,0.0,0.0234375,1790.0
hcw,random,300.0,1800.0,0.1,0.075,5.0,4.5,10.0,10.0,10,300.0,inf,full,both,inf,180.0,0.01,0.0,0.0,256,20,3,0.5,0.1,0.99,10.0,256,20,0,128,34,5.0,4.5,15.88264610809929,88.83452683227883,0.0,0.0,0.265625,920.0
hcw,random,300.0,1800.0,0.1,0.075,5.0,4.5,10.0,10.0,10,600.0,inf,full,both,inf,180.0,0.01,0.0,0.0,256,20,3,0.5,0.1,0.99,10.0,256,20,0,128,47,4.9781848643311495,4.5,13.835575057026391,14.65816106770088,0.0,0.0,0.3671875,1630.0
hcw,random,300.0,1800.0,0.1,0.075,5.0,5.0,10.0,10.0,10,300.0,inf,full,both,inf,180.0,0.01,0.0,0.0,256,20,3,0.5,0.1,0.99,10.0,256,20,0,128,28,5.0,4.977797012873477,17.38266626307679,158.99879329200033,0.0,0.0,0.21875,870.0
hcw,random,300.0,1800.0,0.1,0.075,5.0,5.0,10.0,10.0,10,600.0,inf,full,both,inf,180.0,0.01,0.0,0.0,256,20,3,0.5,0.1,0.99,10.0,256,20,0,128,4,5.0,5.0,48.438196112068425,139.02323849599117,0.0,0.0,0.03125,1140.0
hcw,random,300.0,1800.0,0.1,0.075,5.0,5.5,10.0,10.0,10,300.0,inf,full,both,inf,180.0,0.01,0.0,0.0,256,20,3,0.5,0.1,0.99,10.0,256,20,0,128,29,5.0,5.3809718412866685,17.30897338498531,192.4197578215416,0.0,0.0,0.2265625,870.0
hcw,random,300.0,1800.0,0.1,0.075,5.0,5.5,10.0,10.0,10,600.0,inf,full,both,inf,180.0,0.01,0.0,0.0,256,20,3,0.5,0.1,0.99,10.0,256,20,0,128,0,5.0,5.5,54.45158274538729,204.88854121626764,0.0,0.0,0.0,
hcw,random,300.0,1800.0,0.1,0.075,5.0,6.25,10.0,10.0,10,300.0,inf,full,both,inf,180.0,0.01,0.0,0.0,256,20,3,0.5,0.1,0.99,10.0,256,20,0,128,29,5.0,5.9610499662866685,17.35093752952446,219.30627572802348,0.0,0.0,0.2265625,870.0
hcw,random,300.0,1800.0,0.1,0.075,5.0,6.25,10.0,10.0,10,600.0,inf,full,both,inf,180.0,0.01,0.0,0.0,256,20,3,0.5,0.1,0.99,10.0,256,20,0,128,1,5.0,6.246776985989786,52.77860184291463,256.3998359377589,0.0,0.0,0.0078125,1070.0
hcw,random,300.0,1800.0,0.1,0.075,5.0,7.5,10.0,10.0,10,300.0,inf,full,both,inf,180.0,0.01,0.0,0.0,256,20,3,0.5,0.1,0.99,10.0,256,20,0,128,29,5.0,6.9278468412866685,17.35093752952446,248.8775855490698,0.0,0.0,0.2265625,870.0
hcw,random,300.0,1800.0,0.1,0.075,5.0,7.5,10.0,10.0,10,600.0,inf,full,both,inf,180.0,0.01,0.0,0.0,256,20,3,0.5,0.1,0.99,10.0,256,20,0,128,3,5.0,7.475720963363948,52.528973159598245,297.3794630033907,0.0,0.0,0.0234375,1140.0
hcw,random,300.0,1800.0,0.1,0.075,5.0,10.0,10.0,10.0,10,300.0,inf,full,both,inf,180.0,0.01,0.0,0.0,256,20,3,0.5,0.1,0.99,10.0,256,20,0,128,29,5.0,8.830708383957202,17.35093752952446,255.45090874754703,0.0,0.0,0.2265625,870.0
hcw,random,300.0,1800.0,0.1,0.075,5.0,10.0,10.0,10.0,10,600.0,inf,full,both,inf,180.0,0.01,0.0,0.0,256,20,3,0.5,0.1,0.99,10.0,256,20,0,128,4,5.0,9.876779134782044,51.420588577657576,306.264387654629,0.0,0.0,0.03125,1155.0
hcw,random,300.0,1800.0,0.1,0.075,5.0,inf,10.0,10.0,10,300.0,inf,full,both,inf,180.0,0.01,0.0,0.0,256,20,3,0.5,0.1,0.99,10.0,256,20,0,128,29,5.0,8.942664896667722,17.35093752952446,255.2440736767504,0.0,0.0,0.2265625,870.0
hcw,random,300.0,1800.0,0.1,0.075,5.0,inf,10.0,10.0,10,600.0,inf,full,both,inf,180.0,0.01,0.0,0.0,256,20,3,0.5,0.1,0.99,10.0,256,20,0,128,4,5.0,10.01834185546356,51.420588577657576,305.9830940033736,0.0,0.0,0.03125,1155.0
hcw,random,300.0,1800.0,0.1,0.09,5.0,1.25,10.0,10.0,10,300.0,inf,full,both,inf,180.0,0.01,0.0,0.0,256,20,3,0.5,0.1,0.99,10.0,256,20,0,128,128,2.266951785519657,1.25,9.838590251069771,9.838590251069776,0.0,0.0,1.0,1060.0
hcw,random,300.0,1800.0,0.1,0.09,5.0,1.25,10.0,10.0,10,600.0,inf,full,both,inf,180.0,0.01,0.0,0.0,256,20,3,0.5,0.1,0.99,10.0,256,20,0,128,4,1.9059343724145963,1.25,16.79110125102284,16.79110125102284,0.0,0.0,0.03125,1785.0
hcw,random,300.0,1800.0,0.1,0.09,5.0,2.5,10.0,10.0,10,300.0,inf,full,both,inf,180.0,0.01,0.0,0.0,256,20,3,0.5,0.1,0.99,10.0,256,20,0,128,128,3.293656477838034,2.5,9.834758393168071,9.834758393168071,0.0,0.0,1.0,1060.0
hcw,random,300.0,1800.0,0.1,0.09,5.0,2.5,10.0,10.0,10,600.0,inf,full,both,inf,180.0,0.01,0.0,0.0,256,20,3,0.5,0.1,0.99,10.0,256,20,0,128,3,3.0745586713665976,2.5,16.799919169979983,16.79991916997998,0.0,0.0,0.0234375,1790.0
hcw,random,300.0,1800.0,0.1,0.09,5.0,3.75,10.0,10.0,10,300.0,inf,full,both,inf,180.0,0.01,0.0,0.0,256,20,3,0.5,0.1,0.99,10.0,256,20,0,128,128,4.43530858018247,3.75,9.839444066900873,9.839444066900874,0.0,0.0,1.0,1060.0
hcw,random,300.0,1800.0,0.1,0.09,5.0,3.75,10.0,10.0,10,600.0,inf,full,both,inf,180.0,0.01,0.0,0.0,256,20,3,0.5,0.1,0.99,10.0,256,20,0,128,3,4.266373615479429,3.75,16.816532646070364,16.81653264607037,0.0,0.0,0.0234375,1800.0
hcw,random,300.0,1800.0,0.1,0.09,5.0,4.5,10.0,10.0,10,300.0,inf,full,both,inf,180.0,0.01,0.0,0.0,256,20,3,0.5,0.1,0.99,10.0,256,20,0,128,64,4.999864266853264,4.5,13.968318370361002,71.32320895903483,0.0,0.0,0.5,900.0
hcw,random,300.0,1800.0,0.1,0.09,5.0,4.5,10.0,10.0,10,600.0,inf,full,both,inf,180.0,0.01,0.0,0.0,256,20,3,0.5,0.1,0.99,10.0,256,20,0,128,38,4.970216875425131,4.5,14.177809710481949,14.788113967150998,0.0,0.0,0.296875,1645.0
hcw,random,300.0,1800.0,0.1,0.09,5.0,5.0,10.0,10.0,10,300.0,inf,full,both,inf,180.0,0.01,0.0,0.0,256,20,3,0.5,0.1,0.99,10.0,256,20,0,128,17,5.0,4.999805963863876,23.82055554558685,212.2767090264906,0.0,0.0,0.1328125,830.0
hcw,random,300.0,1800.0,0.1,0.09,5.0,5.0,10.0,10.0,10,600.0,inf,full,both,inf,180.0,0.01,0.0,0.0,256,20,3,0.5,0.1,0.99,10.0,256,20,0,128,3,5.0,5.0,53.43387155185204,173.2388461188962,0.0,0.0,0.0234375,990.0
hcw,random,300.0,1800.0,0.1,0.09,5.0,5.5,10.0,10.0,10,300.0,inf,full,both,inf,180.0,0.01,0.0,0.0,256,20,3,0.5,0.1,0.99,10.0,256,20,0,128,12,5.0,5.482986936737467,23.78157784341657,284.7774910469336,0.0,0.0,0.09375,800.0
hcw,random,300.0,1800.0,0.1,0.09,5.0,5.5,10.0,10.0,10,600.0,inf,full,both,inf,180.0,0.01,0.0,0.0,256,20,3,0.5,0.1,0.99,10.0,256,20,0,128,2,5.0,5.5,62.24224815959859,271.503742538952,0.0,0.0,0.015625,1045.0
hcw,random,300.0,1800.0,0.1,0.09,5.0,6.25,10.0,10.0,10,300.0,inf,full,both,inf,180.0,0.01,0.0,0.0,256,20,3,0.5,0.1,0.99,10.0,256,20,0,128,14,5.0,6.167080925734643,23.23073185119444,340.6122289941887,0.0,0.0,0.109375,805.0
hcw,random,300.0,1800.0,0.1,0.09,5.0,6.25,10.0,10.0,10,600.0,inf,full,both,inf,180.0,0.01,0.0,0.0,256,20,3,0.5,0.1,0.99,10.0,256,20,0,128,2,5.0,6.25,63.921642186635566,343.50121609252096,0.0,0.0,0.015625,975.0
hcw,random,300.0,1800.0,0.1,0.09,5.0,7.5,10.0,10.0,10,300.0,inf,full,both,inf,180.0,0.01,0.0,0.0,256,20,3,0.5,0.1,0.99,10.0,256,20,0,128,15,5.0,7.279612520541385,23.26906207074963,399.0719651187563,0.0,0.0,0.1171875,810.0
hcw,random,300.0,1800.0,0.1,0.09,5.0,7.5,10.0,10.0,10,600.0,inf,full,both,inf,180.0,0.01,0.0,0.0,256,20,3,0.5,0.1,0.99,10.0,256,20,0,128,1,5.0,7.492161700921203,63.31984119282116,406.8180786562781,0.0,0.0,0.0078125,950.0
hcw,random,300.0,1800.0,0.1,0.09,5.0,10.0,10.0,10.0,10,300.0,inf,full,both,inf,180.0,0.01,0.0,0.0,256,20,3,0.5,0.1,0.99,10.0,256,20,0,128,15,5.0,9.486643770541386,23.32817571628122,432.01007256558336,0.0,0.0,0.1171875,810.0
hcw,random,300.0,1800.0,0.1,0.09,5.0,10.0,10.0,10.0,10,600.0,inf,full,both,inf,180.0,0.01,0.0,0.0,256,20,3,0.5,0.1,0.99,10.0,256,20,0,128,2,5.0,9.964479552912325,63.37793736159848,450.3617894677639,0.0,0.0,0.015625,1155.0
hcw,random,300.0,1800.0,0.1,0.09,5.0,inf,10.0,10.0,10,300.0,inf,full,both,inf,180.0,0.01,0.0,0.0,256,20,3,0.5,0.1,0.99,10.0,256,20,0,128,15,5.0,11.369771224180504,23.32817571628122,437.5828554492886,0.0,0.0,0.1171875,810.0
hcw,random,300.0,1800.0,0.1,0.09,5.0,inf,10.0,10.0,10,600.0,inf,full,both,inf,180.0,0.01,0.0,0.0,256,20,3,0.5,0.1,0.99,10.0,256,20,0,128,2,5.0,12.069202452331306,63.37793736159848,454.97981810421913,0.0,0.0,0.015625,1155.0
hcw,random,300.0,1800.0,0.1,0.1,5.0,1.25,10.0,10.0,10,300.0,inf,full,both,inf,180.0,0.01,0.0,0.0,256,20,3,0.5,0.1,0.99,10.0,256,20,0,128,128,2.226027106091834,1.25,9.835813751971044,9.835813751971044,0.0,0.0,1.0,1060.0
hcw,random,300.0,1800.0,0.1,0.1,5.0,1.25,10.0,10.0,10,600.0,inf,full,both,inf,180.0,0.01,0.0,0.0,256,20,3,0.5,0.1,0.99,10.0,256,20,0,128,4,1.8798754628222571,1.25,16.79578213823595,16.795782138235953,0.0,0.0,0.03125,1785.0
hcw,random,300.0,1800.0,0.1,0.1,5.0,2.5,10.0,10.0,10,300.0,inf,full,both,inf,180.0,0.01,0.0,0.0,256,20,3,0.5,0.1,0.99,10.0,256,20,0,128,128,3.2376417572236145,2.5,9.851368258904634,9.851368258904632,0.0,0.0,1.0,1060.0
hcw,random,300.0,1800.0,0.1,0.1,5.0,2.5,10.0,10.0,10,600.0,inf,full,both,inf,180.0,0.01,0.0,0.0,256,20,3,0.5,0.1,0.99,10.0,256,20,0,128,4,3.051038971041981,2.5,16.800607972495175,16.80060797249518,0.0,0.0,0.03125,1790.0
hcw,random,300.0,1800.0,0.1,0.1,5.0,3.75,10.0,10.0,10,300.0,inf,full,both,inf,180.0,0.01,0.0,0.0,256,20,3,0.5,0.1,0.99,10.0,256,20,0,128,128,4.364691188792527,3.75,9.819126233849309,9.819126233849309,0.0,0.0,1.0,1060.0
hcw,random,300.0,1800.0,0.1,0.1,5.0,3.75,10.0,10.0,10,600.0,inf,full,both,inf,180.0,0.01,0.0,0.0,256,20,3,0.5,0.1,0.99,10.0,256,20,0,128,3,4.2442802365077,3.75,16.803086262501886,16.803086262501893,0.0,0.0,0.0234375,1800.0
hcw,random,300.0,1800.0,0.1,0.1,5.0,4.5,10.0,10.0,10,300.0,inf,full,both,inf,180.0,0.01,0.0,0.0,256,20,3,0.5,0.1,0.99,10.0,256,20,0,128,110,4.991919648206878,4.5,10.376702957822932,32.94582943725112,0.0,0.0,0.859375,955.0
hcw,random,300.0,1800.0,0.1,0.1,5.0,4.5,10.0,10.0,10,600.0,inf,full,both,inf,180.0,0.01,0.0,0.0,256,20,3,0.5,0.1,0.99,10.0,256,20,0,128,23,4.955436246462919,4.5,15.153996526103338,15.153996526103333,0.0,0.0,0.1796875,1700.0
hcw,random,300.0,1800.0,0.1,0.1,5.0,5.0,10.0,10.0,10,300.0,inf,full,both,inf,180.0,0.01,0.0,0.0,256,20,3,0.5,0.1,0.99,10.0,256,20,0,128,12,5.0,5.0,26.51677723831199,223.9195699058932,0.0,0.0,0.09375,755.0
hcw,random,300.0,1800.0,0.1,0.1,5.0,5.0,10.0,10.0,10,600.0,inf,full,both,inf,180.0,0.01,0.0,0.0,256,20,3,0.5,0.1,0.99,10.0,256,20,0,128,2,5.0,5.0,55.34224329588581,190.416619042087,0.0,0.0,0.015625,1000.0
hcw,random,300.0,1800.0,0.1,0.1,5.0,5.5,10.0,10.0,10,300.0,inf,full,both,inf,180.0,0.01,0.0,0.0,256,20,3,0.5,0.1,0.99,10.0,256,20,0,128,8,5.0,5.495858189825574,27.88413877461684,318.3241685683448,0.0,0.0,0.0625,785.0
hcw,random,300.0,1800.0,0.1,0.1,5.0,5.5,10.0,10.0,10,600.0,inf,full,both,inf,180.0,0.01,0.0,0.0,256,20,3,0.5,0.1,0.99,10.0,256,20,0,128,1,5.0,5.5,70.29677088233747,297.0293341311476,0.0,0.0,0.0078125,1060.0
hcw,random,300.0,1800.0,0.1,0.1,5.0,6.25,10.0,10.0,10,300.0,inf,full,both,inf,180.0,0.01,0.0,0.0,256,20,3,0.5,0.1,0.99,10.0,256,20,0,128,6,5.0,6.220949303906582,27.58243122906222,405.1806837829756,0.0,0.0,0.046875,770.0
hcw,random,300.0,1800.0,0.1,0.1,5.0,6.25,10.0,10.0,10,600.0,inf,full,both,inf,180.0,0.01,0.0,0.0,256,20,3,0.5,0.1,0.99,10.0,256,20,0,128,1,5.0,6.25,72.01774033126998,389.87410706755486,0.0,0.0,0.0078125,890.0
hcw,random,300.0,1800.0,0.1,0.1,5.0,7.5,10.0,10.0,10,300.0,inf,full,both,inf,180.0,0.01,0.0,0.0,256,20,3,0.5,0.1,0.99,10.0,256,20,0,128,7,5.0,7.407759847513422,27.353762311917045,483.7402982379648,0.0,0.0,0.0546875,780.0
hcw,random,300.0,1800.0,0.1,0.1,5.0,7.5,10.0,10.0,10,600.0,inf,full,both,inf,180.0,0.01,0.0,0.0,256,20,3,0.5,0.1,0.99,10.0,256,20,0,128,2,5.0,7.486976967421535,71.36685963729181,467.3798524769003,0.0,0.0,0.015625,870.0
hcw,random,300.0,1800.0,0.1,0.1,5.0,10.0,10.0,10.0,10,300.0,inf,full,both,inf,180.0,0.01,0.0,0.0,256,20,3,0.5,0.1,0.99,10.0,256,20,0,128,7,5.0,9.771041097513422,27.176323035728423,559.3967055748974,0.0,0.0,0.0546875,780.0
hcw,random,300.0,1800.0,0.1,0.1,5.0,10.0,10.0,10.0,10,600.0,inf,full,both,inf,180.0,0.01,0.0,0.0,256,20,3,0.5,0.1,0.99,10.0,256,20,0,128,2,5.0,9.947914467421535,70.49316989924206,545.922991813351,0.0,0.0,0.015625,870.0
hcw,random,300.0,1800.0,0.1,0.1,5.0,inf,10.0,10.0,10,300.0,inf,full,both,inf,180.0,0.01,0.0,0.0,256,20,3,0.5,0.1,0.99,10.0,256,20,0,128,7,5.0,13.067928546001044,27.176323035728423,558.4290680153342,0.0,0.0,0.0546875,780.0
hcw,random,300.0,1800.0,0.1,0.1,5.0,inf,10.0,10.0,10,600.0,inf,full,both,inf,180.0,0.01,0.0,0.0,256,20,3,0.5,0.1,0.99,10.0,256,20,0,128,2,5.0,13.374664103659882,70.55686280007973,547.960930116379,0.0,0.0,0.015625,870.0
hcw,random,300.0,1800.0,0.1,0.11,5.0,1.25,10.0,10.0,10,300.0,inf,full,both,inf,180.0,0.01,0.0,0.0,256,20,3,0.5,0.1,0.99,10.0,256,20,0,128,128,2.1801605144204337,1.25,9.834061962848056,9.834061962848054,0.0,0.0,1.0,1060.0
hcw,random,300.0,1800.0,0.1,0.11,5.0,1.25,10.0,10.0,10,600.0,inf,full,both,inf,180.0,0.01,0.0,0.0,256,20,3,0.5,0.1,0.99,10.0,256,20,0,128,4,1.83596657158528,1.25,16.801404545669545,16.801404545669538,0.0,0.0,0.03125,1785.0
hcw,random,300.0,1800.0,0.1,0.11,5.0,2.5,10.0,10.0,10,300.0,inf,full,both,inf,180.0,0.01,0.0,0.0,256,20,3,0.5,0.1,0.99,10.0,256,20,0,128,128,3.156747962792149,2.5,9.83943309694698,9.839433096946982,0.0,0.0,1.0,1060.0
hcw,random,300.0,1800.0,0.1,0.11,5.0,2.5,10.0,10.0,10,600.0,inf,full,both,inf,180.0,0.01,0.0,0.0,256,20,3,0.5,0.1,0.99,10.0,256,20,0,128,4,2.9867646685400144,2.5,16.803587710445566,16.803587710445566,0.0,0.0,0.03125,1790.0
hcw,random,300.0,1800.0,0.1,0.11,5.0,3.75,10.0,10.0,10,300.0,inf,full,both,inf,180.0,0.01,0.0,0.0,256,20,3,0.5,0.1,0.99,10.0,256,20,0,128,128,4.247615977607407,3.75,9.834423710739124,9.834423710739124,0.0,0.0,1.0,1060.0
hcw,random,300.0,1800.0,0.1,0.11,5.0,3.75,10.0,10.0,10,600.0,inf,full,both,inf,180.0,0.01,0.0,0.0,256,20,3,0.5,0.1,0.99,10.0,256,20,0,128,3,4.157396496682541,3.75,16.814719328285953,16.81471932828595,0.0,0.0,0.0234375,1800.0
hcw,random,300.0,1800.0,0.1,0.11,5.0,4.5,10.0,10.0,10,300.0,inf,full,both,inf,180.0,0.01,0.0,0.0,256,20,3,0.5,0.1,0.99,10.0,256,20,0,128,128,4.921899415855719,4.5,9.798877590483844,9.79887759048385,0.0,0.0,1.0,1050.0
hcw,random,300.0,1800.0,0.1,0.11,5.0,4.5,10.0,10.0,10,600.0,inf,full,both,inf,180.0,0.01,0.0,0.0,256,20,3,0.5,0.1,0.99,10.0,256,20,0,128,4,4.865679115793706,4.5,16.659614957344452,16.65961495734446,0.0,0.0,0.03125,1790.0
hcw,random,300.0,1800.0,0.1,0.11,5.0,5.0,10.0,10.0,10,300.0,inf,full,both,inf,180.0,0.01,0.0,0.0,256,20,3,0.5,0.1,0.99,10.0,256,20,0,128,8,5.0,5.0,25.403726734410487,236.3854686093701,0.0,0.0,0.0625,790.0
hcw,random,300.0,1800.0,0.1,0.11,5.0,5.0,10.0,10.0,10,600.0,inf,full,both,inf,180.0,0.01,0.0,0.0,256,20,3,0.5,0.1,0.99,10.0,256,20,0,128,7,5.0,5.0,44.30534426765463,185.20200049662932,0.0,0.0,0.0546875,1180.0
hcw,random,300.0,1800.0,0.1,0.11,5.0,5.5,10.0,10.0,10,300.0,inf,full,both,inf,180.0,0.01,0.0,0.0,256,20,3,0.5,0.1,0.99,10.0,256,20,0,128,10,5.0,5.5,30.04429969743119,313.407122823218,0.0,0.0,0.078125,735.0
hcw,random,300.0,1800.0,0.1,0.11,5.0,5.5,10.0,10.0,10,600.0,inf,full,both,inf,180.0,0.01,0.0,0.0,256,20,3,0.5,0.1,0.99,10.0,256,20,0,128,1,5.0,5.5,68.41014902960293,294.88396298452056,0.0,0.0,0.0078125,1180.0
hcw,random,300.0,1800.0,0.1,0.11,5.0,6.25,10.0,10.0,10,300.0,inf,full,both,inf,180.0,0.01,0.0,0.0,256,20,3,0.5,0.1,0.99,10.0,256,20,0,128,8,5.0,6.229419484393848,29.534914025324607,421.5267309471676,0.0,0.0,0.0625,745.0
hcw,random,300.0,1800.0,0.1,0.11,5.0,6.25,10.0,10.0,10,600.0,inf,full,both,inf,180.0,0.01,0.0,0.0,256,20,3,0.5,0.1,0.99,10.0,256,20,0,128,1,5.0,6.25,76.47170048279503,415.66816413307714,0.0,0.0,0.0078125,870.0
hcw,random,300.0,1800.0,0.1,0.11,5.0,7.5,10.0,10.0,10,300.0,inf,full,both,inf,180.0,0.01,0.0,0.0,256,20,3,0.5,0.1,0.99,10.0,256,20,0,128,8,5.0,7.406921218153922,29.4768521303372,512.8216317666063,0.0,0.0,0.0625,745.0
hcw,random,300.0,1800.0,0.1,0.11,5.0,7.5,10.0,10.0,10,600.0,inf,full,both,inf,180.0,0.01,0.0,0.0,256,20,3,0.5,0.1,0.99,10.0,256,20,0,128,1,5.0,7.495011933220141,75.95358542545576,516.1488016773154,0.0,0.0,0.0078125,860.0
hcw,random,300.0,1800.0,0.1,0.11,5.0,10.0,10.0,10.0,10,300.0,inf,full,both,inf,180.0,0.01,0.0,0.0,256,20,3,0.5,0.1,0.99,10.0,256,20,0,128,8,5.0,9.750671218153922,29.392786209135625,601.429658743448,0.0,0.0,0.0625,745.0
hcw,random,300.0,1800.0,0.1,0.11,5.0,10.0,10.0,10.0,10,600.0,inf,full,both,inf,180.0,0.01,0.0,0.0,256,20,3,0.5,0.1,0.99,10.0,256,20,0,128,1,5.0,9.97548068322014,75.33853534029052,623.868296451527,0.0,0.0,0.0078125,860.0
hcw,random,300.0,1800.0,0.1,0.11,5.0,inf,10.0,10.0,10,300.0,inf,full,both,inf,180.0,0.01,0.0,0.0,256,20,3,0.5,0.1,0.99,10.0,256,20,0,128,8,5.0,14.282225613569269,29.390035032533117,621.9176751774386,0.0,0.0,0.0625,745.0
hcw,random,300.0,1800.0,0.1,0.11,5.0,inf,10.0,10.0,10,600.0,inf,full,both,inf,180.0,0.01,0.0,0.0,256,20,3,0.5,0.1,0.99,10.0,256,20,0,128,1,5.0,14.770077416236283,74.94391600184116,645.565587745629,0.0,0.0,0.0078125,860.0
hcw,random,300.0,1800.0,0.1,0.125,5.0,1.25,10.0,10.0,10,300.0,inf,full,both,inf,180.0,0.01,0.0,0.0,256,20,3,0.5,0.1,0.99,10.0,256,20,0,128,128,2.111337905170775,1.25,9.832507817609724,9.832507817609724,0.0,0.0,1.0,1060.0
hcw,random,300.0,1800.0,0.1,0.125,5.0,1.25,10.0,10.0,10,600.0,inf,full,both,inf,180.0,0.01,0.0,0.0,256,20,3,0.5,0.1,0.99,10.0,256,20,0,128,4,1.755237337255215,1.25,16.817599790437143,16.817599790437146,0.0,0.0,0.03125,1790.0
hcw,random,300.0,1800.0,0.1,0.125,5.0,2.5,10.0,10.0,10,300.0,inf,full,both,inf,180.0,0.01,0.0,0.0,256,20,3,0.5,0.1,0.99,10.0,256,20,0,128,128,3.0121649007047915,2.5,9.83990395818322,9.839903958183225,0.0,0.0,1.0,1060.0
hcw,random,300.0,1800.0,0.1,0.125,5.0,2.5,10.0,10.0,10,600.0,inf,full,both,inf,180.0,0.01,0.0,0.0,256,20,3,0.5,0.1,0.99,10.0,256,20,0,128,4,2.839392418824423,2.5,16.808768885684156,16.808768885684152,0.0,0.0,0.03125,1790.0
hcw,random,300.0,1800.0,0.1,0.125,5.0,3.75,10.0,10.0,10,300.0,inf,full,both,inf,180.0,0.01,0.0,0.0,256,20,3,0.5,0.1,0.99,10.0,256,20,0,128,128,4.023888592943771,3.75,9.836886342685442,9.83688634268544,0.0,0.0,1.0,1060.0
hcw,random,300.0,1800.0,0.1,0.125,5.0,3.75,10.0,10.0,10,600.0,inf,full,both,inf,180.0,0.01,0.0,0.0,256,20,3,0.5,0.1,0.99,10.0,256,20,0,128,5,3.943380904916286,3.75,16.827691785829437,16.827691785829437,0.0,0.0,0.0390625,1800.0
hcw,random,300.0,1800.0,0.1,0.125,5.0,4.5,10.0,10.0,10,300.0,inf,full,both,inf,180.0,0.01,0.0,0.0,256,20,3,0.5,0.1,0.99,10.0,256,20,0,128,128,4.658892516932178,4.5,9.83300940859624,9.83300940859624,0.0,0.0,1.0,1060.0
hcw,random,300.0,1800.0,0.1,0.125,5.0,4.5,10.0,10.0,10,600.0,inf,full,both,inf,180.0,0.01,0.0,0.0,256,20,3,0.5,0.1,0.99,10.0,256,20,0,128,2,4.610609139626169,4.5,16.81172875756666,16.81172875756665,0.0,0.0,0.015625,1785.0
hcw,random,300.0,1800.0,0.1,0.125,5.0,5.0,10.0,10.0,10,300.0,inf,full,both,inf,180.0,0.01,0.0,0.0,256,20,3,0.5,0.1,0.99,10.0,256,20,0,128,107,4.985612753505466,5.0,11.27075074806094,38.95117535151106,0.0,0.0,0.8359375,910.0
hcw,random,300.0,1800.0,0.1,0.125,5.0,5.0,10.0,10.0,10,600.0,inf,full,both,inf,180.0,0.01,0.0,0.0,256,20,3,0.5,0.1,0.99,10.0,256,20,0,128,72,4.984922345367101,5.0,12.153469794839667,16.67751410783212,0.0,0.0,0.5625,1445.0
hcw,random,300.0,1800.0,0.1,0.125,5.0,5.5,10.0,10.0,10,300.0,inf,full,both,inf,180.0,0.01,0.0,0.0,256,20,3,0.5,0.1,0.99,10.0,256,20,0,128,11,5.0,5.5,30.2961510694268,273.0470267533092,0.0,0.0,0.0859375,720.0
hcw,random,300.0,1800.0,0.1,0.125,5.0,5.5,10.0,10.0,10,600.0,inf,full,both,inf,180.0,0.01,0.0,0.0,256,20,3,0.5,0.1,0.99,10.0,256,20,0,128,1,5.0,5.5,61.344914198433024,254.315007318435,0.0,0.0,0.0078125,820.0
hcw,random,300.0,1800.0,0.1,0.125,5.0,6.25,10.0,10.0,10,300.0,inf,full,both,inf,180.0,0.01,0.0,0.0,256,20,3,0.5,0.1,0.99,10.0,256,20,0,128,5,5.0,6.2467140172719295,33.67463243685677,417.35204224247786,0.0,0.0,0.0390625,700.0
hcw,random,300.0,1800.0,0.1,0.125,5.0,6.25,10.0,10.0,10,600.0,inf,full,both,inf,180.0,0.01,0.0,0.0,256,20,3,0.5,0.1,0.99,10.0,256,20,0,128,0,5.0,6.25,80.36727696915908,420.0096791483688,0.0,0.0,0.0,
hcw,random,300.0,1800.0,0.1,0.125,5.0,7.5,10.0,10.0,10,300.0,inf,full,both,inf,180.0,0.01,0.0,0.0,256,20,3,0.5,0.1,0.99,10.0,256,20,0,128,6,5.0,7.447733062725867,33.280357659060364,554.1479356352443,0.0,0.0,0.046875,700.0
hcw,random,300.0,1800.0,0.1,0.125,5.0,7.5,10.0,10.0,10,600.0,inf,full,both,inf,180.0,0.01,0.0,0.0,256,20,3,0.5,0.1,0.99,10.0,256,20,0,128,3,5.0,7.5,81.345071273529,568.2531385503137,0.0,0.0,0.0234375,890.0
hcw,random,300.0,1800.0,0.1,0.125,5.0,10.0,10.0,10.0,10,300.0,inf,full,both,inf,180.0,0.01,0.0,0.0,256,20,3,0.5,0.1,0.99,10.0,256,20,0,128,7,5.0,9.818068877598158,33.16185324140223,686.1326785400255,0.0,0.0,0.0546875,700.0
hcw,random,300.0,1800.0,0.1,0.125,5.0,10.0,10.0,10.0,10,600.0,inf,full,both,inf,180.0,0.01,0.0,0.0,256,20,3,0.5,0.1,0.99,10.0,256,20,0,128,2,5.0,9.974809330792706,81.43383935236888,712.9317581771684,0.0,0.0,0.015625,920.0
hcw,random,300.0,1800.0,0.1,0.125,5.0,inf,10.0,10.0,10,300.0,inf,full,both,inf,180.0,0.01,0.0,0.0,256,20,3,0.5,0.1,0.99,10.0,256,20,0,128,7,5.0,16.299818747455568,33.03678948615184,738.0363573699191,0.0,0.0,0.0546875,700.0
hcw,random,300.0,1800.0,0.1,0.125,5.0,inf,10.0,10.0,10,600.0,inf,full,both,inf,180.0,0.01,0.0,0.0,256,20,3,0.5,0.1,0.99,10.0,256,20,0,128,2,5.0,16.72373892633867,81.11011112801592,764.46626723321,0.0,0.0,0.015625,920.0
hcw,random,300.0,1800.0,0.1,0.15,5.0,1.25,10.0,10.0,10,300.0,inf,full,both,inf,180.0,0.01,0.0,0.0,256,20,3,0.5,0.1,0.99,10.0,256,20,0,128,128,2.021754333199194,1.25,9.833648850485506,9.833648850485504,0.0,0.0,1.0,1060.0
hcw,random,300.0,1800.0,0.1,0.15,5.0,1.25,10.0,10.0,10,600.0,inf,full,both,inf,180.0,0.01,0.0,0.0,256,20,3,0.5,0.1,0.99,10.0,256,20,0,128,4,1.6278519451649274,1.25,16.87039404409688,16.87039404409688,0.0,0.0,0.03125,1785.0
hcw,random,300.0,1800.0,0.1,0.15,5.0,2.5,10.0,10.0,10,300.0,inf,full,both,inf,180.0,0.01,0.0,0.0,256,20,3,0.5,0.1,0.99,10.0,256,20,0,128,128,2.7857056306457624,2.5,9.839690873968866,9.839690873968864,0.0,0.0,1.0,1060.0
hcw,random,300.0,1800.0,0.1,0.15,5.0,2.5,10.0,10.0,10,600.0,inf,full,both,inf,180.0,0.01,0.0,0.0,256,20,3,0.5,0.1,0.99,10.0,256,20,0,128,4,2.584440040420368,2.5,16.852307367206816,16.85230736720682,0.0,0.0,0.03125,1780.0
hcw,random,300.0,1800.0,0.1,0.15,5.0,3.75,10.0,10.0,10,300.0,inf,full,both,inf,180.0,0.01,0.0,0.0,256,20,3,0.5,0.1,0.99,10.0,256,20,0,128,128,3.645154200210034,3.75,9.82692419765303,9.826924197653025,0.0,0.0,1.0,1060.0
hcw,random,300.0,1800.0,0.1,0.15,5.0,3.75,10.0,10.0,10,600.0,inf,full,both,inf,180.0,0.01,0.0,0.0,256,20,3,0.5,0.1,0.99,10.0,256,20,0,128,4,3.5562958845807624,3.75,16.83279445078667,16.832794450786675,0.0,0.0,0.03125,1800.0
hcw,random,300.0,1800.0,0.1,0.15,5.0,4.5,10.0,10.0,10,300.0,inf,full,both,inf,180.0,0.01,0.0,0.0,256,20,3,0.5,0.1,0.99,10.0,256,20,0,128,128,4.191338298155515,4.5,9.839345629869442,9.839345629869449,0.0,0.0,1.0,1060.0
hcw,random,300.0,1800.0,0.1,0.15,5.0,4.5,10.0,10.0,10,600.0,inf,full,both,inf,180.0,0.01,0.0,0.0,256,20,3,0.5,0.1,0.99,10.0,256,20,0,128,3,4.144016604508723,4.5,16.853999731036417,16.853999731036414,0.0,0.0,0.0234375,1800.0
hcw,random,300.0,1800.0,0.1,0.15,5.0,5.0,10.0,10.0,10,300.0,inf,full,both,inf,180.0,0.01,0.0,0.0,256,20,3,0.5,0.1,0.99,10.0,256,20,0,128,128,4.565975401502676,5.0,9.844782106623851,9.84478210662385,0.0,0.0,1.0,1060.0
hcw,random,300.0,1800.0,0.1,0.15,5.0,5.0,10.0,10.0,10,600.0,inf,full,both,inf,180.0,0.01,0.0,0.0,256,20,3,0.5,0.1,0.99,10.0,256,20,0,128,1,4.539867245010416,5.0,16.85053608800616,16.850536088006162,0.0,0.0,0.0078125,1770.0
hcw,random,300.0,1800.0,0.1,0.15,5.0,5.5,10.0,10.0,10,300.0,inf,full,both,inf,180.0,0.01,0.0,0.0,256,20,3,0.5,0.1,0.99,10.0,256,20,0,128,127,4.911004032034391,5.5,9.988119035050346,10.790331452614588,0.0,0.0,0.9921875,1040.0
hcw,random,300.0,1800.0,0.1,0.15,5.0,5.5,10.0,10.0,10,600.0,inf,full,both,inf,180.0,0.01,0.0,0.0,256,20,3,0.5,0.1,0.99,10.0,256,20,0,128,30,4.907988363563906,5.5,15.094357210114442,15.565782859171888,0.0,0.0,0.234375,1495.0
hcw,random,300.0,1800.0,0.1,0.15,5.0,6.25,10.0,10.0,10,300.0,inf,full,both,inf,180.0,0.01,0.0,0.0,256,20,3,0.5,0.1,0.99,10.0,256,20,0,128,6,5.0,6.25,35.56218978905584,314.9269553609536,0.0,0.0,0.046875,740.0
hcw,random,300.0,1800.0,0.1,0.15,5.0,6.25,10.0,10.0,10,600.0,inf,full,both,inf,180.0,0.01,0.0,0.0,256,20,3,0.5,0.1,0.99,10.0,256,20,0,128,2,5.0,6.25,73.62176457154192,290.3636652114505,0.0,0.0,0.015625,1045.0
hcw,random,300.0,1800.0,0.1,0.15,5.0,7.5,10.0,10.0,10,300.0,inf,full,both,inf,180.0,0.01,0.0,0.0,256,20,3,0.5,0.1,0.99,10.0,256,20,0,128,7,5.0,7.486167626373712,38.2923705853043,537.7169122813145,0.0,0.0,0.0546875,740.0
hcw,random,300.0,1800.0,0.1,0.15,5.0,7.5,10.0,10.0,10,600.0,inf,full,both,inf,180.0,0.01,0.0,0.0,256,20,3,0.5,0.1,0.99,10.0,256,20,0,128,0,5.0,7.5,89.7324371404717,540.6664682198809,0.0,0.0,0.0,
hcw,random,300.0,1800.0,0.1,0.15,5.0,10.0,10.0,10.0,10,300.0,inf,full,both,inf,180.0,0.01,0.0,0.0,256,20,3,0.5,0.1,0.99,10.0,256,20,0,128,4,5.0,9.91286535324149,38.207200432969,785.9583608484963,0.0,0.0,0.03125,640.0
hcw,random,300.0,1800.0,0.1,0.15,5.0,10.0,10.0,10.0,10,600.0,inf,full,both,inf,180.0,0.01,0.0,0.0,256,20,3,0.5,0.1,0.99,10.0,256,20,0,128,0,5.0,10.0,90.92831857473172,790.2424181126123,0.0,0.0,0.0,
hcw,random,300.0,1800.0,0.1,0.15,5.0,inf,10.0,10.0,10,300.0,inf,full,both,inf,180.0,0.01,0.0,0.0,256,20,3,0.5,0.1,0.99,10.0,256,20,0,128,4,5.0,19.82234337466944,38.16478588478608,932.3060649576352,0.0,0.0,0.03125,640.0
hcw,random,300.0,1800.0,0.1,0.15,5.0,inf,10.0,10.0,10,600.0,inf,full,both,inf,180.0,0.01,0.0,0.0,256,20,3,0.5,0.1,0.99,10.0,256,20,0,128,0,5.0,20.223063057836303,90.59879414195768,956.3382914901608,0.0,0.0,0.0,
hcw,random,300.0,1800.0,0.1,0.2,5.0,1.25,10.0,10.0,10,300.0,inf,full,both,inf,180.0,0.01,0.0,0.0,256,20,3,0.5,0.1,0.99,10.0,256,20,0,128,128,1.959120745622425,1.25,9.84194650535773,9.841946505357727,0.0,0.0,1.0,1060.0
hcw,random,300.0,1800.0,0.1,0.2,5.0,1.25,10.0,10.0,10,600.0,inf,full,both,inf,180.0,0.01,0.0,0.0,256,20,3,0.5,0.1,0.99,10.0,256,20,0,128,3,1.483357062541116,1.25,16.97051182760062,16.970511827600614,0.0,0.0,0.0234375,1780.0
hcw,random,300.0,1800.0,0.1,0.2,5.0,2.5,10.0,10.0,10,300.0,inf,full,both,inf,180.0,0.01,0.0,0.0,256,20,3,0.5,0.1,0.99,10.0,256,20,0,128,128,2.474877582541949,2.5,9.834419150041096,9.834419150041091,0.0,0.0,1.0,1060.0
hcw,random,300.0,1800.0,0.1,0.2,5.0,2.5,10.0,10.0,10,600.0,inf,full,both,inf,180.0,0.01,0.0,0.0,256,20,3,0.5,0.1,0.99,10.0,256,20,0,128,4,2.204094739463811,2.5,16.978650688180977,16.97865068818097,0.0,0.0,0.03125,1780.0
hcw,random,300.0,1800.0,0.1,0.2,5.0,3.75,10.0,10.0,10,300.0,inf,full,both,inf,180.0,0.01,0.0,0.0,256,20,3,0.5,0.1,0.99,10.0,256,20,0,128,128,3.1113317803188205,3.75,9.815431979001652,9.815431979001644,0.0,0.0,1.0,1060.0
hcw,random,300.0,1800.0,0.1,0.2,5.0,3.75,10.0,10.0,10,600.0,inf,full,both,inf,180.0,0.01,0.0,0.0,256,20,3,0.5,0.1,0.99,10.0,256,20,0,128,3,2.957168881683025,3.75,16.932738243941824,16.93273824394182,0.0,0.0,0.0234375,1790.0
hcw,random,300.0,1800.0,0.1,0.2,5.0,4.5,10.0,10.0,10,300.0,inf,full,both,inf,180.0,0.01,0.0,0.0,256,20,3,0.5,0.1,0.99,10.0,256,20,0,128,128,3.511133857826692,4.5,9.827815930285048,9.827815930285045,0.0,0.0,1.0,1050.0
hcw,random,300.0,1800.0,0.1,0.2,5.0,4.5,10.0,10.0,10,600.0,inf,full,both,inf,180.0,0.01,0.0,0.0,256,20,3,0.5,0.1,0.99,10.0,256,20,0,128,3,3.4116756739139573,4.5,16.93819471248817,16.938194712488148,0.0,0.0,0.0234375,1800.0
hcw,random,300.0,1800.0,0.1,0.2,5.0,5.0,10.0,10.0,10,300.0,inf,full,both,inf,180.0,0.01,0.0,0.0,256,20,3,0.5,0.1,0.99,10.0,256,20,0,128,128,3.790706997489448,5.0,9.840913604472844,9.840913604472842,0.0,0.0,1.0,1050.0
hcw,random,300.0,1800.0,0.1,0.2,5.0,5.0,10.0,10.0,10,600.0,inf,full,both,inf,180.0,0.01,0.0,0.0,256,20,3,0.5,0.1,0.99,10.0,256,20,0,128,3,3.7208186181558127,5.0,16.928076087546174,16.928076087546174,0.0,0.0,0.0234375,1780.0
hcw,random,300.0,1800.0,0.1,0.2,5.0,5.5,10.0,10.0,10,300.0,inf,full,both,inf,180.0,0.01,0.0,0.0,256,20,3,0.5,0.1,0.99,10.0,256,20,0,128,128,4.082596814713053,5.5,9.828377467400797,9.828377467400797,0.0,0.0,1.0,1050.0
hcw,random,300.0,1800.0,0.1,0.2,5.0,5.5,10.0,10.0,10,600.0,inf,full,both,inf,180.0,0.01,0.0,0.0,256,20,3,0.5,0.1,0.99,10.0,256,20,0,128,2,4.038829175145652,5.5,16.949933631258695,16.94993363125868,0.0,0.0,0.015625,1760.0
hcw,random,300.0,1800.0,0.1,0.2,5.0,6.25,10.0,10.0,10,300.0,inf,full,both,inf,180.0,0.01,0.0,0.0,256,20,3,0.5,0.1,0.99,10.0,256,20,0,128,128,4.503199304931044,6.25,9.829488607778742,9.829488607778748,0.0,0.0,1.0,1060.0
hcw,random,300.0,1800.0,0.1,0.2,5.0,6.25,10.0,10.0,10,600.0,inf,full,both,inf,180.0,0.01,0.0,0.0,256,20,3,0.5,0.1,0.99,10.0,256,20,0,128,3,4.485548464160655,6.25,16.99939665164141,16.999396651641412,0.0,0.0,0.0234375,1770.0
hcw,random,300.0,1800.0,0.1,0.2,5.0,7.5,10.0,10.0,10,300.0,inf,full,both,inf,180.0,0.01,0.0,0.0,256,20,3,0.5,0.1,0.99,10.0,256,20,0,128,62,4.995503532787383,7.5,20.525839408635537,169.86133595193314,0.0,0.0,0.484375,800.0
hcw,random,300.0,1800.0,0.1,0.2,5.0,7.5,10.0,10.0,10,600.0,inf,full,both,inf,180.0,0.01,0.0,0.0,256,20,3,0.5,0.1,0.99,10.0,256,20,0,128,52,4.997255754476808,7.5,33.77284237695694,136.80478479676546,0.0,0.0,0.40625,1175.0
hcw,random,300.0,1800.0,0.1,0.2,5.0,10.0,10.0,10.0,10,300.0,inf,full,both,inf,180.0,0.01,0.0,0.0,256,20,3,0.5,0.1,0.99,10.0,256,20,0,128,5,5.0,9.977347203297864,42.529780473195714,720.0163267463109,0.0,0.0,0.0390625,640.0
hcw,random,300.0,1800.0,0.1,0.2,5.0,10.0,10.0,10.0,10,600.0,inf,full,both,inf,180.0,0.01,0.0,0.0,256,20,3,0.5,0.1,0.99,10.0,256,20,0,128,1,5.0,10.0,98.80882362888154,735.219212493612,0.0,0.0,0.0078125,870.0
hcw,random,300.0,1800.0,0.1,0.2,5.0,inf,10.0,10.0,10,300.0,inf,full,both,inf,180.0,0.01,0.0,0.0,256,20,3,0.5,0.1,0.99,10.0,256,20,0,128,5,5.0,26.284993883121597,42.19957005211616,1230.513151879391,0.0,0.0,0.0390625,640.0
hcw,random,300.0,1800.0,0.1,0.2,5.0,inf,10.0,10.0,10,600.0,inf,full,both,inf,180.0,0.01,0.0,0.0,256,20,3,0.5,0.1,0.99,10.0,256,20,0,128,0,5.0,26.96408407711507,98.05332972056055,1274.4983338277789,0.0,0.0,0.0,
hcw,transverse,300.0,1800.0,0.1,0.025,5.0,1.25,10.0,10.0,10,300.0,inf,full,both,inf,180.0,0.01,0.0,0.0,256,20,3,0.5,0.1,0.99,10.0,256,20,0,128,128,2.373942197869637,1.25,9.83367111352811,9.833671113528114,0.0,0.0,1.0,1060.0
hcw,transverse,300.0,1800.0,0.1,0.025,5.0,1.25,10.0,10.0,10,600.0,inf,full,both,inf,180.0,0.01,0.0,0.0,256,20,3,0.5,0.1,0.99,10.0,256,20,0,128,5,1.934118838911044,1.25,16.64912275696003,16.64912275696004,0.0,0.0,0.0390625,1790.0
hcw,transverse,300.0,1800.0,0.1,0.025,5.0,2.5,10.0,10.0,10,300.0,inf,full,both,inf,180.0,0.01,0.0,0.0,256,20,3,0.5,0.1,0.99,10.0,256,20,0,128,128,3.5059586593382392,2.5,9.854150188964844,9.85415018896485,0.0,0.0,1.0,1060.0
hcw,transverse,300.0,1800.0,0.1,0.025,5.0,2.5,10.0,10.0,10,600.0,inf,full,both,inf,180.0,0.01,0.0,0.0,256,20,3,0.5,0.1,0.99,10.0,256,20,0,128,0,3.080423308971295,2.5,16.463660340157734,16.463660340157716,0.0,0.0,0.0,
hcw,transverse,300.0,1800.0,0.1,0.025,5.0,3.75,10.0,10.0,10,300.0,inf,full,both,inf,180.0,0.01,0.0,0.0,256,20,3,0.5,0.1,0.99,10.0,256,20,0,128,128,3.614323656185404,2.6349609374999945,9.852428206730202,9.852428206730206,0.0,0.0,1.0,1060.0
hcw,transverse,300.0,1800.0,0.1,0.025,5.0,3.75,10.0,10.0,10,600.0,inf,full,both,inf,180.0,0.01,0.0,0.0,256,20,3,0.5,0.1,0.99,10.0,256,20,0,128,0,4.2950922814420425,3.75,16.249388492196335,16.249388492196342,0.0,0.0,0.0,
hcw,transverse,300.0,1800.0,0.1,0.025,5.0,4.5,10.0,10.0,10,300.0,inf,full,both,inf,180.0,0.01,0.0,0.0,256,20,3,0.5,0.1,0.99,10.0,256,20,0,128,128,3.614323656185404,2.6349609374999945,9.852428206730202,9.852428206730206,0.0,0.0,1.0,1060.0
hcw,transverse,300.0,1800.0,0.1,0.025,5.0,4.5,10.0,10.0,10,600.0,inf,full,both,inf,180.0,0.01,0.0,0.0,256,20,3,0.5,0.1,0.99,10.0,256,20,0,128,0,4.991914434030776,4.4999999999999964,16.27783792606871,16.277837926068685,0.0,0.0,0.0,
hcw,transverse,300.0,1800.0,0.1,0.025,5.0,5.0,10.0,10.0,10,300.0,inf,full,both,inf,180.0,0.01,0.0,0.0,256,20,3,0.5,0.1,0.99,10.0,256,20,0,128,128,3.614323656185404,2.6349609374999945,9.852428206730202,9.852428206730206,0.0,0.0,1.0,1060.0
hcw,transverse,300.0,1800.0,0.1,0.025,5.0,5.0,10.0,10.0,10,600.0,inf,full,both,inf,180.0,0.01,0.0,0.0,256,20,3,0.5,0.1,0.99,10.0,256,20,0,128,0,4.991914434030776,4.4999999999999964,16.27783792606871,16.277837926068685,0.0,0.0,0.0,
hcw,transverse,300.0,1800.0,0.1,0.025,5.0,5.5,10.0,10.0,10,300.0,inf,full,both,inf,180.0,0.01,0.0,0.0,256,20,3,0.5,0.1,0.99,10.0,256,20,0,128,128,3.614323656185404,2.6349609374999945,9.852428206730202,9.852428206730206,0.0,0.0,1.0,1060.0
hcw,transverse,300.0,1800.0,0.1,0.025,5.0,5.5,10.0,10.0,10,600.0,inf,full,both,inf,180.0,0.01,0.0,0.0,256,20,3,0.5,0.1,0.99,10.0,256,20,0,128,0,4.991914434030776,4.4999999999999964,16.27783792606871,16.277837926068685,0.0,0.0,0.0,
hcw,transverse,300.0,1800.0,0.1,0.025,5.0,6.25,10.0,10.0,10,300.0,inf,full,both,inf,180.0,0.01,0.0,0.0,256,20,3,0.5,0.1,0.99,10.0,256,20,0,128,128,3.614323656185404,2.6349609374999945,9.852428206730202,9.852428206730206,0.0,0.0,1.0,1060.0
hcw,transverse,300.0,1800.0,0.1,0.025,5.0,6.25,10.0,10.0,10,600.0,inf,full,both,inf,180.0,0.01,0.0,0.0,256,20,3,0.5,0.1,0.99,10.0,256,20,0,128,0,4.991914434030776,4.4999999999999964,16.27783792606871,16.277837926068685,0.0,0.0,0.0,
hcw,transverse,300.0,1800.0,0.1,0.025,5.0,7.5,10.0,10.0,10,300.0,inf,full,both,inf,180.0,0.01,0.0,0.0,256,20,3,0.5,0.1,0.99,10.0,256,20,0,128,128,3.614323656185404,2.6349609374999945,9.852428206730202,9.852428206730206,0.0,0.0,1.0,1060.0
hcw,transverse,300.0,1800.0,0.1,0.025,5.0,7.5,10.0,10.0,10,600.0,inf,full,both,inf,180.0,0.01,0.0,0.0,256,20,3,0.5,0.1,0.99,10.0,256,20,0,128,0,4.991914434030776,4.4999999999999964,16.27783792606871,16.277837926068685,0.0,0.0,0.0,
hcw,transverse,300.0,1800.0,0.1,0.025,5.0,10.0,10.0,10.0,10,300.0,inf,full,both,inf,180.0,0.01,0.0,0.0,256,20,3,0.5,0.1,0.99,10.0,256,20,0,128,128,3.614323656185404,2.6349609374999945,9.852428206730202,9.852428206730206,0.0,0.0,1.0,1060.0
hcw,transverse,300.0,1800.0,0.1,0.025,5.0,10.0,10.0,10.0,10,600.0,inf,full,both,inf,180.0,0.01,0.0,0.0,256,20,3,0.5,0.1,0.99,10.0,256,20,0,128,0,4.991914434030776,4.4999999999999964,16.27783792606871,16.277837926068685,0.0,0.0,0.0,
hcw,transverse,300.0,1800.0,0.1,0.025,5.0,inf,10.0,10.0,10,300.0,inf,full,both,inf,180.0,0.01,0.0,0.0,256,20,3,0.5,0.1,0.99,10.0,256,20,0,128,128,3.614323656185404,2.6349609374999945,9.852428206730202,9.852428206730206,0.0,0.0,1.0,1060.0
hcw,transverse,300.0,1800.0,0.1,0.025,5.0,inf,10.0,10.0,10,600.0,inf,full,both,inf,180.0,0.01,0.0,0.0,256,20,3,0.5,0.1,0.99,10.0,256,20,0,128,0,4.991914434030776,4.4999999999999964,16.27783792606871,16.277837926068685,0.0,0.0,0.0,
hcw,transverse,300.0,1800.0,0.1,0.05,5.0,1.25,10.0,10.0,10,300.0,inf,full,both,inf,180.0,0.01,0.0,0.0,256,20,3,0.5,0.1,0.99,10.0,256,20,0,128,128,2.3821861883647477,1.25,9.822414798787095,9.822414798787104,0.0,0.0,1.0,1060.0
hcw,transverse,300.0,1800.0,0.1,0.05,5.0,1.25,10.0,10.0,10,600.0,inf,full,both,inf,180.0,0.01,0.0,0.0,256,20,3,0.5,0.1,0.99,10.0,256,20,0,128,5,1.9350047740756124,1.25,16.665552317420403,16.665552317420413,0.0,0.0,0.0390625,1780.0
hcw,transverse,300.0,1800.0,0.1,0.05,5.0,2.5,10.0,10.0,10,300.0,inf,full,both,inf,180.0,0.01,0.0,0.0,256,20,3,0.5,0.1,0.99,10.0,256,20,0,128,128,3.4221043189457068,2.5,9.837585083909104,9.8375850839091,0.0,0.0,1.0,1060.0
hcw,transverse,300.0,1800.0,0.1,0.05,5.0,2.5,10.0,10.0,10,600.0,inf,full,both,inf,180.0,0.01,0.0,0.0,256,20,3,0.5,0.1,0.99,10.0,256,20,0,128,4,3.0914432655652875,2.5,16.590304619557443,16.590304619557422,0.0,0.0,0.03125,1790.0
hcw,transverse,300.0,1800.0,0.1,0.05,5.0,3.75,10.0,10.0,10,300.0,inf,full,both,inf,180.0,0.01,0.0,0.0,256,20,3,0.5,0.1,0.99,10.0,256,20,0,128,128,4.598177862019589,3.75,9.82992640467695,9.829926404676945,0.0,0.0,1.0,1060.0
hcw,transverse,300.0,1800.0,0.1,0.05,5.0,3.75,10.0,10.0,10,600.0,inf,full,both,inf,180.0,0.01,0.0,0.0,256,20,3,0.5,0.1,0.99,10.0,256,20,0,128,0,4.285624285704193,3.75,16.446100127829993,16.44610012783,0.0,0.0,0.0,
hcw,transverse,300.0,1800.0,0.1,0.05,5.0,4.5,10.0,10.0,10,300.0,inf,full,both,inf,180.0,0.01,0.0,0.0,256,20,3,0.5,0.1,0.99,10.0,256,20,0,128,0,5.0,4.5,18.114449566389595,313.1544276736472,0.0,0.0,0.0,
hcw,transverse,300.0,1800.0,0.1,0.05,5.0,4.5,10.0,10.0,10,600.0,inf,full,both,inf,180.0,0.01,0.0,0.0,256,20,3,0.5,0.1,0.99,10.0,256,20,0,128,16,4.999350231237875,4.5,13.827733855922126,13.827733855922132,0.0,0.0,0.125,1770.0
hcw,transverse,300.0,1800.0,0.1,0.05,5.0,5.0,10.0,10.0,10,300.0,inf,full,both,inf,180.0,0.01,0.0,0.0,256,20,3,0.5,0.1,0.99,10.0,256,20,0,128,0,5.0,5.0,18.11445270195272,633.4474161647037,0.0,0.0,0.0,
hcw,transverse,300.0,1800.0,0.1,0.05,5.0,5.0,10.0,10.0,10,600.0,inf,full,both,inf,180.0,0.01,0.0,0.0,256,20,3,0.5,0.1,0.99,10.0,256,20,0,128,0,5.0,5.0,61.80980093763975,370.5656598298696,0.0,0.0,0.0,
hcw,transverse,300.0,1800.0,0.1,0.05,5.0,5.5,10.0,10.0,10,300.0,inf,full,both,inf,180.0,0.01,0.0,0.0,256,20,3,0.5,0.1,0.99,10.0,256,20,0,128,0,5.0,5.5,18.11445270195272,837.5818992731605,0.0,0.0,0.0,
hcw,transverse,300.0,1800.0,0.1,0.05,5.0,5.5,10.0,10.0,10,600.0,inf,full,both,inf,180.0,0.01,0.0,0.0,256,20,3,0.5,0.1,0.99,10.0,256,20,0,128,0,5.0,5.5,61.94960318185313,680.497267312593,0.0,0.0,0.0,
hcw,transverse,300.0,1800.0,0.1,0.05,5.0,6.25,10.0,10.0,10,300.0,inf,full,both,inf,180.0,0.01,0.0,0.0,256,20,3,0.5,0.1,0.99,10.0,256,20,0,128,0,5.0,6.25,18.11445270195272,1057.4182535285213,0.0,0.0,0.0,
hcw,transverse,300.0,1800.0,0.1,0.05,5.0,6.25,10.0,10.0,10,600.0,inf,full,both,inf,180.0,0.01,0.0,0.0,256,20,3,0.5,0.1,0.99,10.0,256,20,0,128,0,5.0,6.25,61.94960318185313,933.7204108499182,0.0,0.0,0.0,
hcw,transverse,300.0,1800.0,0.1,0.05,5.0,7.5,10.0,10.0,10,300.0,inf,full,both,inf,180.0,0.01,0.0,0.0,256,20,3,0.5,0.1,0.99,10.0,256,20,0,128,0,5.0,7.5,18.11445270195272,1250.1625415420854,0.0,0.0,0.0,
hcw,transverse,300.0,1800.0,0.1,0.05,5.0,7.5,10.0,10.0,10,600.0,inf,full,both,inf,180.0,0.01,0.0,0.0,256,20,3,0.5,0.1,0.99,10.0,256,20,0,128,0,5.0,7.5,61.94960318185313,1146.8202536375604,0.0,0.0,0.0,
hcw,transverse,300.0,1800.0,0.1,0.05,5.0,10.0,10.0,10.0,10,300.0,inf,full,both,inf,180.0,0.01,0.0,0.0,256,20,3,0.5,0.1,0.99,10.0,256,20,0,128,0,5.0,8.999999999999993,18.11445270195272,1296.6441373478283,0.0,0.0,0.0,
hcw,transverse,300.0,1800.0,0.1,0.05,5.0,10.0,10.0,10.0,10,600.0,inf,full,both,inf,180.0,0.01,0.0,0.0,256,20,3,0.5,0.1,0.99,10.0,256,20,0,128,0,5.0,8.999999999999993,61.94960318185313,1198.5906940620043,0.0,0.0,0.0,
hcw,transverse,300.0,1800.0,0.1,0.05,5.0,inf,10.0,10.0,10,300.0,inf,full,both,inf,180.0,0.01,0.0,0.0,256,20,3,0.5,0.1,0.99,10.0,256,20,0,128,0,5.0,8.999999999999993,18.11445270195272,1296.6441373478283,0.0,0.0,0.0,
hcw,transverse,300.0,1800.0,0.1,0.05,5.0,inf,10.0,10.0,10,600.0,inf,full,both,inf,180.0,0.01,0.0,0.0,256,20,3,0.5,0.1,0.99,10.0,256,20,0,128,0,5.0,8.999999999999993,61.94960318185313,1198.5906940620043,0.0,0.0,0.0,
hcw,transverse,300.0,1800.0,0.1,0.075,5.0,1.25,10.0,10.0,10,300.0,inf,full,both,inf,180.0,0.01,0.0,0.0,256,20,3,0.5,0.1,0.99,10.0,256,20,0,128,128,2.4109213083198857,1.25,9.836295027661045,9.83629502766104,0.0,0.0,1.0,1060.0
hcw,transverse,300.0,1800.0,0.1,0.075,5.0,1.25,10.0,10.0,10,600.0,inf,full,both,inf,180.0,0.01,0.0,0.0,256,20,3,0.5,0.1,0.99,10.0,256,20,0,128,5,1.9105196461767608,1.25,16.685480604592748,16.685480604592723,0.0,0.0,0.0390625,1780.0
hcw,transverse,300.0,1800.0,0.1,0.075,5.0,2.5,10.0,10.0,10,300.0,inf,full,both,inf,180.0,0.01,0.0,0.0,256,20,3,0.5,0.1,0.99,10.0,256,20,0,128,128,3.4521117381265847,2.5,9.821594234042236,9.821594234042244,0.0,0.0,1.0,1060.0
hcw,transverse,300.0,1800.0,0.1,0.075,5.0,2.5,10.0,10.0,10,600.0,inf,full,both,inf,180.0,0.01,0.0,0.0,256,20,3,0.5,0.1,0.99,10.0,256,20,0,128,4,3.08614576972132,2.5,16.64001628683797,16.640016286837998,0.0,0.0,0.03125,1785.0
hcw,transverse,300.0,1800.0,0.1,0.075,5.0,3.75,10.0,10.0,10,300.0,inf,full,both,inf,180.0,0.01,0.0,0.0,256,20,3,0.5,0.1,0.99,10.0,256,20,0,128,128,4.5979405823717245,3.75,9.83026651750297,9.830266517502954,0.0,0.0,1.0,1060.0
hcw,transverse,300.0,1800.0,0.1,0.075,5.0,3.75,10.0,10.0,10,600.0,inf,full,both,inf,180.0,0.01,0.0,0.0,256,20,3,0.5,0.1,0.99,10.0,256,20,0,128,4,4.28777406153964,3.75,16.556649879476566,16.55664987947655,0.0,0.0,0.03125,1790.0
hcw,transverse,300.0,1800.0,0.1,0.075,5.0,4.5,10.0,10.0,10,300.0,inf,full,both,inf,180.0,0.01,0.0,0.0,256,20,3,0.5,0.1,0.99,10.0,256,20,0,128,1,5.0,4.5,35.187381798095615,311.00842419539043,0.0,0.0,0.0078125,860.0
hcw,transverse,300.0,1800.0,0.1,0.075,5.0,4.5,10.0,10.0,10,600.0,inf,full,both,inf,180.0,0.01,0.0,0.0,256,20,3,0.5,0.1,0.99,10.0,256,20,0,128,19,4.995969349637456,4.5,13.245469143992562,13.245469143992514,0.0,0.0,0.1484375,1750.0
hcw,transverse,300.0,1800.0,0.1,0.075,5.0,5.0,10.0,10.0,10,300.0,inf,full,both,inf,180.0,0.01,0.0,0.0,256,20,3,0.5,0.1,0.99,10.0,256,20,0,128,0,5.0,5.0,41.91871469050909,960.521005204244,0.0,0.0,0.0,
hcw,transverse,300.0,1800.0,0.1,0.075,5.0,5.0,10.0,10.0,10,600.0,inf,full,both,inf,180.0,0.01,0.0,0.0,256,20,3,0.5,0.1,0.99,10.0,256,20,0,128,0,5.0,5.0,94.27878666841724,457.3772001276213,0.0,0.0,0.0,
hcw,transverse,300.0,1800.0,0.1,0.075,5.0,5.5,10.0,10.0,10,300.0,inf,full,both,inf,180.0,0.01,0.0,0.0,256,20,3,0.5,0.1,0.99,10.0,256,20,0,128,0,5.0,5.5,41.91871703999602,1409.0342643690708,0.0,0.0,0.0,
hcw,transverse,300.0,1800.0,0.1,0.075,5.0,5.5,10.0,10.0,10,600.0,inf,full,both,inf,180.0,0.01,0.0,0.0,256,20,3,0.5,0.1,0.99,10.0,256,20,0,128,0,5.0,5.5,99.6382236767445,1048.1535236285683,0.0,0.0,0.0,
hcw,transverse,300.0,1800.0,0.1,0.075,5.0,6.25,10.0,10.0,10,300.0,inf,full,both,inf,180.0,0.01,0.0,0.0,256,20,3,0.5,0.1,0.99,10.0,256,20,0,128,0,5.0,6.25,41.91871703999602,1855.1953784794437,0.0,0.0,0.0,
hcw,transverse,300.0,1800.0,0.1,0.075,5.0,6.25,10.0,10.0,10,600.0,inf,full,both,inf,180.0,0.01,0.0,0.0,256,20,3,0.5,0.1,0.99,10.0,256,20,0,128,0,5.0,6.25,99.6754724402637,1665.8739146391588,0.0,0.0,0.0,
hcw,transverse,300.0,1800.0,0.1,0.075,5.0,7.5,10.0,10.0,10,300.0,inf,full,both,inf,180.0,0.01,0.0,0.0,256,20,3,0.5,0.1,0.99,10.0,256,20,0,128,0,5.0,7.5,41.91871703999602,2412.3876920913262,0.0,0.0,0.0,
hcw,transverse,300.0,1800.0,0.1,0.075,5.0,7.5,10.0,10.0,10,600.0,inf,full,both,inf,180.0,0.01,0.0,0.0,256,20,3,0.5,0.1,0.99,10.0,256,20,0,128,0,5.0,7.5,99.6754724402637,2264.7699617146736,0.0,0.0,0.0,
hcw,transverse,300.0,1800.0,0.1,0.075,5.0,10.0,10.0,10.0,10,300.0,inf,full,both,inf,180.0,0.01,0.0,0.0,256,20,3,0.5,0.1,0.99,10.0,256,20,0,128,0,5.0,10.0,41.91871703999602,3044.4856563813287,0.0,0.0,0.0,
hcw,transverse,300.0,1800.0,0.1,0.075,5.0,10.0,10.0,10.0,10,600.0,inf,full,both,inf,180.0,0.01,0.0,0.0,256,20,3,0.5,0.1,0.99,10.0,256,20,0,128,0,5.0,10.0,99.6754724402637,2952.959843791816,0.0,0.0,0.0,
hcw,transverse,300.0,1800.0,0.1,0.075,5.0,inf,10.0,10.0,10,300.0,inf,full,both,inf,180.0,0.01,0.0,0.0,256,20,3,0.5,0.1,0.99,10.0,256,20,0,128,0,5.0,13.49999999999996,41.91871703999602,3231.3223485363246,0.0,0.0,0.0,
hcw,transverse,300.0,1800.0,0.1,0.075,5.0,inf,10.0,10.0,10,600.0,inf,full,both,inf,180.0,0.01,0.0,0.0,256,20,3,0.5,0.1,0.99,10.0,256,20,0,128,0,5.0,13.49999999999996,99.6754724402637,3159.304559658109,0.0,0.0,0.0,
hcw,transverse,300.0,1800.0,0.1,0.09,5.0,1.25,10.0,10.0,10,300.0,inf,full,both,inf,180.0,0.01,0.0,0.0,256,20,3,0.5,0.1,0.99,10.0,256,20,0,128,128,2.407831353818073,1.25,9.829039157664475,9.829039157664472,0.0,0.0,1.0,1060.0
hcw,transverse,300.0,1800.0,0.1,0.09,5.0,1.25,10.0,10.0,10,600.0,inf,full,both,inf,180.0,0.01,0.0,0.0,256,20,3,0.5,0.1,0.99,10.0,256,20,0,128,5,1.899578511529012,1.25,16.719424593686192,16.719424593686156,0.0,0.0,0.0390625,1790.0
hcw,transverse,300.0,1800.0,0.1,0.09,5.0,2.5,10.0,10.0,10,300.0,inf,full,both,inf,180.0,0.01,0.0,0.0,256,20,3,0.5,0.1,0.99,10.0,256,20,0,128,128,3.5672371091607253,2.5,9.84105886571465,9.841058865714652,0.0,0.0,1.0,1060.0
hcw,transverse,300.0,1800.0,0.1,0.09,5.0,2.5,10.0,10.0,10,600.0,inf,full,both,inf,180.0,0.01,0.0,0.0,256,20,3,0.5,0.1,0.99,10.0,256,20,0,128,4,3.087635038051441,2.5,16.680114690050416,16.68011469005041,0.0,0.0,0.03125,1785.0
hcw,transverse,300.0,1800.0,0.1,0.09,5.0,3.75,10.0,10.0,10,300.0,inf,full,both,inf,180.0,0.01,0.0,0.0,256,20,3,0.5,0.1,0.99,10.0,256,20,0,128,128,4.850290774187965,3.75,9.836561608117124,9.836561608117124,0.0,0.0,1.0,1060.0
hcw,transverse,300.0,1800.0,0.1,0.09,5.0,3.75,10.0,10.0,10,600.0,inf,full,both,inf,180.0,0.01,0.0,0.0,256,20,3,0.5,0.1,0.99,10.0,256,20,0,128,4,4.29068775030818,3.75,16.6111432232884,16.611143223288416,0.0,0.0,0.03125,1790.0
hcw,transverse,300.0,1800.0,0.1,0.09,5.0,4.5,10.0,10.0,10,300.0,inf,full,both,inf,180.0,0.01,0.0,0.0,256,20,3,0.5,0.1,0.99,10.0,256,20,0,128,2,5.0,4.5,64.63168845175181,709.4599254589308,0.0,0.0,0.015625,815.0
hcw,transverse,300.0,1800.0,0.1,0.09,5.0,4.5,10.0,10.0,10,600.0,inf,full,both,inf,180.0,0.01,0.0,0.0,256,20,3,0.5,0.1,0.99,10.0,256,20,0,128,37,4.994440319036898,4.5,12.517640860242729,12.517640860242752,0.0,0.0,0.2890625,1710.0
hcw,transverse,300.0,1800.0,0.1,0.09,5.0,5.0,10.0,10.0,10,300.0,inf,full,both,inf,180.0,0.01,0.0,0.0,256,20,3,0.5,0.1,0.99,10.0,256,20,0,128,0,5.0,5.0,67.07564610195143,1429.440157856092,0.0,0.0,0.0,
hcw,transverse,300.0,1800.0,0.1,0.09,5.0,5.0,10.0,10.0,10,600.0,inf,full,both,inf,180.0,0.01,0.0,0.0,256,20,3,0.5,0.1,0.99,10.0,256,20,0,128,0,5.0,5.0,104.21108073800131,473.9934967220712,0.0,0.0,0.0,
hcw,transverse,300.0,1800.0,0.1,0.09,5.0,5.5,10.0,10.0,10,300.0,inf,full,both,inf,180.0,0.01,0.0,0.0,256,20,3,0.5,0.1,0.99,10.0,256,20,0,128,0,5.0,5.5,67.09304846487916,1995.2844277320685,0.0,0.0,0.0,
hcw,transverse,300.0,1800.0,0.1,0.09,5.0,5.5,10.0,10.0,10,600.0,inf,full,both,inf,180.0,0.01,0.0,0.0,256,20,3,0.5,0.1,0.99,10.0,256,20,0,128,0,5.0,5.5,117.25323266821184,1163.711334474797,0.0,0.0,0.0,
hcw,transverse,300.0,1800.0,0.1,0.09,5.0,6.25,10.0,10.0,10,300.0,inf,full,both,inf,180.0,0.01,0.0,0.0,256,20,3,0.5,0.1,0.99,10.0,256,20,0,128,0,5.0,6.25,67.09304846487916,2601.4771888725813,0.0,0.0,0.0,
hcw,transverse,300.0,1800.0,0.1,0.09,5.0,6.25,10.0,10.0,10,600.0,inf,full,both,inf,180.0,0.01,0.0,0.0,256,20,3,0.5,0.1,0.99,10.0,256,20,0,128,0,5.0,6.25,117.53190161549298,1982.6244572473584,0.0,0.0,0.0,
hcw,transverse,300.0,1800.0,0.1,0.09,5.0,7.5,10.0,10.0,10,300.0,inf,full,both,inf,180.0,0.01,0.0,0.0,256,20,3,0.5,0.1,0.99,10.0,256,20,0,128,0,5.0,7.5,67.09304846487916,3334.7289433688657,0.0,0.0,0.0,
hcw,transverse,300.0,1800.0,0.1,0.09,5.0,7.5,10.0,10.0,10,600.0,inf,full,both,inf,180.0,0.01,0.0,0.0,256,20,3,0.5,0.1,0.99,10.0,256,20,0,128,0,5.0,7.5,117.53190161549298,2776.16666911939,0.0,0.0,0.0,
hcw,transverse,300.0,1800.0,0.1,0.09,5.0,10.0,10.0,10.0,10,300.0,inf,full,both,inf,180.0,0.01,0.0,0.0,256,20,3,0.5,0.1,0.99,10.0,256,20,0,128,0,5.0,10.0,67.09304846487916,4233.931601553673,0.0,0.0,0.0,
hcw,transverse,300.0,1800.0,0.1,0.09,5.0,10.0,10.0,10.0,10,600.0,inf,full,both,inf,180.0,0.01,0.0,0.0,256,20,3,0.5,0.1,0.99,10.0,256,20,0,128,0,5.0,10.0,117.53190161549298,3785.536873937825,0.0,0.0,0.0,
hcw,transverse,300.0,1800.0,0.1,0.09,5.0,inf,10.0,10.0,10,300.0,inf,full,both,inf,180.0,0.01,0.0,0.0,256,20,3,0.5,0.1,0.99,10.0,256,20,0,128,0,5.0,16.19999999999998,67.09304846487916,4797.978646827015,0.0,0.0,0.0,
hcw,transverse,300.0,1800.0,0.1,0.09,5.0,inf,10.0,10.0,10,600.0,inf,full,both,inf,180.0,0.01,0.0,0.0,256,20,3,0.5,0.1,0.99,10.0,256,20,0,128,0,5.0,16.19999999999998,117.53190161549298,4459.085222822484,0.0,0.0,0.0,
hcw,transverse,300.0,1800.0,0.1,0.1,5.0,1.25,10.0,10.0,10,300.0,inf,full,both,inf,180.0,0.01,0.0,0.0,256,20,3,0.5,0.1,0.99,10.0,256,20,0,128,128,2.398753064316229,1.25,9.834160235108657,9.83416023510868,0.0,0.0,1.0,1060.0
hcw,transverse,300.0,1800.0,0.1,0.1,5.0,1.25,10.0,10.0,10,600.0,inf,full,both,inf,180.0,0.01,0.0,0.0,256,20,3,0.5,0.1,0.99,10.0,256,20,0,128,5,1.89136769764846,1.25,16.716744223044156,16.716744223044174,0.0,0.0,0.0390625,1790.0
hcw,transverse,300.0,1800.0,0.1,0.1,5.0,2.5,10.0,10.0,10,300.0,inf,full,both,inf,180.0,0.01,0.0,0.0,256,20,3,0.5,0.1,0.99,10.0,256,20,0,128,128,3.6360749263272543,2.5,9.841167093391972,9.841167093391984,0.0,0.0,1.0,1060.0
hcw,transverse,300.0,1800.0,0.1,0.1,5.0,2.5,10.0,10.0,10,600.0,inf,full,both,inf,180.0,0.01,0.0,0.0,256,20,3,0.5,0.1,0.99,10.0,256,20,0,128,4,3.110754993458994,2.5,16.63387289287562,16.633872892875576,0.0,0.0,0.03125,1785.0
hcw,transverse,300.0,1800.0,0.1,0.1,5.0,3.75,10.0,10.0,10,300.0,inf,full,both,inf,180.0,0.01,0.0,0.0,256,20,3,0.5,0.1,0.99,10.0,256,20,0,128,128,4.976882608457885,3.75,9.249306754100791,9.249306754100775,0.0,0.0,1.0,940.0
hcw,transverse,300.0,1800.0,0.1,0.1,5.0,3.75,10.0,10.0,10,600.0,inf,full,both,inf,180.0,0.01,0.0,0.0,256,20,3,0.5,0.1,0.99,10.0,256,20,0,128,0,4.354508157032092,3.75,16.540497249619527,16.540497249619488,0.0,0.0,0.0,
hcw,transverse,300.0,1800.0,0.1,0.1,5.0,4.5,10.0,10.0,10,300.0,inf,full,both,inf,180.0,0.01,0.0,0.0,256,20,3,0.5,0.1,0.99,10.0,256,20,0,128,2,5.0,4.5,112.07017860823116,819.361749027171,0.0,0.0,0.015625,840.0
hcw,transverse,300.0,1800.0,0.1,0.1,5.0,4.5,10.0,10.0,10,600.0,inf,full,both,inf,180.0,0.01,0.0,0.0,256,20,3,0.5,0.1,0.99,10.0,256,20,0,128,124,4.998085642135941,4.5,9.589173663876712,9.589173663876728,0.0,0.0,0.96875,1300.0
hcw,transverse,300.0,1800.0,0.1,0.1,5.0,5.0,10.0,10.0,10,300.0,inf,full,both,inf,180.0,0.01,0.0,0.0,256,20,3,0.5,0.1,0.99,10.0,256,20,0,128,0,5.0,5.0,114.0038602216951,1587.0921185007928,0.0,0.0,0.0,
hcw,transverse,300.0,1800.0,0.1,0.1,5.0,5.0,10.0,10.0,10,600.0,inf,full,both,inf,180.0,0.01,0.0,0.0,256,20,3,0.5,0.1,0.99,10.0,256,20,0,128,0,5.0,5.0,122.3971683819954,664.7522939194074,0.0,0.0,0.0,
hcw,transverse,300.0,1800.0,0.1,0.1,5.0,5.5,10.0,10.0,10,300.0,inf,full,both,inf,180.0,0.01,0.0,0.0,256,20,3,0.5,0.1,0.99,10.0,256,20,0,128,0,5.0,5.5,114.0339493988927,2284.3524739717245,0.0,0.0,0.0,
hcw,transverse,300.0,1800.0,0.1,0.1,5.0,5.5,10.0,10.0,10,600.0,inf,full,both,inf,180.0,0.01,0.0,0.0,256,20,3,0.5,0.1,0.99,10.0,256,20,0,128,0,5.0,5.5,131.6967233936663,1416.183247326837,0.0,0.0,0.0,
hcw,transverse,300.0,1800.0,0.1,0.1,5.0,6.25,10.0,10.0,10,300.0,inf,full,both,inf,180.0,0.01,0.0,0.0,256,20,3,0.5,0.1,0.99,10.0,256,20,0,128,0,5.0,6.25,114.0339493988927,3071.911158329764,0.0,0.0,0.0,
hcw,transverse,300.0,1800.0,0.1,0.1,5.0,6.25,10.0,10.0,10,600.0,inf,full,both,inf,180.0,0.01,0.0,0.0,256,20,3,0.5,0.1,0.99,10.0,256,20,0,128,0,5.0,6.25,132.091065616488,2321.4243718530875,0.0,0.0,0.0,
hcw,transverse,300.0,1800.0,0.1,0.1,5.0,7.5,10.0,10.0,10,300.0,inf,full,both,inf,180.0,0.01,0.0,0.0,256,20,3,0.5,0.1,0.99,10.0,256,20,0,128,0,5.0,7.5,114.0339493988927,3928.797743927856,0.0,0.0,0.0,
hcw,transverse,300.0,1800.0,0.1,0.1,5.0,7.5,10.0,10.0,10,600.0,inf,full,both,inf,180.0,0.01,0.0,0.0,256,20,3,0.5,0.1,0.99,10.0,256,20,0,128,0,5.0,7.5,132.09107656650593,3248.837134292524,0.0,0.0,0.0,
hcw,transverse,300.0,1800.0,0.1,0.1,5.0,10.0,10.0,10.0,10,300.0,inf,full,both,inf,180.0,0.01,0.0,0.0,256,20,3,0.5,0.1,0.99,10.0,256,20,0,128,0,5.0,10.0,114.0339493988927,4980.79959063524,0.0,0.0,0.0,
hcw,transverse,300.0,1800.0,0.1,0.1,5.0,10.0,10.0,10.0,10,600.0,inf,full,both,inf,180.0,0.01,0.0,0.0,256,20,3,0.5,0.1,0.99,10.0,256,20,0,128,0,5.0,10.0,132.09107656650593,4450.59540082804,0.0,0.0,0.0,
hcw,transverse,300.0,1800.0,0.1,0.1,5.0,inf,10.0,10.0,10,300.0,inf,full,both,inf,180.0,0.01,0.0,0.0,256,20,3,0.5,0.1,0.99,10.0,256,20,0,128,0,5.0,17.999999999999986,114.0339493988927,5910.638562847389,0.0,0.0,0.0,
hcw,transverse,300.0,1800.0,0.1,0.1,5.0,inf,10.0,10.0,10,600.0,inf,full,both,inf,180.0,0.01,0.0,0.0,256,20,3,0.5,0.1,0.99,10.0,256,20,0,128,0,5.0,17.999999999999986,132.09107656650593,5505.470983715367,0.0,0.0,0.0,
hcw,transverse,300.0,1800.0,0.1,0.11,5.0,1.25,10.0,10.0,10,300.0,inf,full,both,inf,180.0,0.01,0.0,0.0,256,20,3,0.5,0.1,0.99,10.0,256,20,0,128,128,2.388427055346422,1.25,9.828274277869902,9.828274277869898,0.0,0.0,1.0,1070.0
hcw,transverse,300.0,1800.0,0.1,0.11,5.0,1.25,10.0,10.0,10,600.0,inf,full,both,inf,180.0,0.01,0.0,0.0,256,20,3,0.5,0.1,0.99,10.0,256,20,0,128,4,1.8832329397670329,1.25,16.728001821292903,16.728001821292896,0.0,0.0,0.03125,1785.0
hcw,transverse,300.0,1800.0,0.1,0.11,5.0,2.5,10.0,10.0,10,300.0,inf,full,both,inf,180.0,0.01,0.0,0.0,256,20,3,0.5,0.1,0.99,10.0,256,20,0,128,128,3.692047374997101,2.5,9.833398426454382,9.833398426454368,0.0,0.0,1.0,1080.0
hcw,transverse,300.0,1800.0,0.1,0.11,5.0,2.5,10.0,10.0,10,600.0,inf,full,both,inf,180.0,0.01,0.0,0.0,256,20,3,0.5,0.1,0.99,10.0,256,20,0,128,0,3.1344212658673887,2.5,16.62700273249855,16.627002732498568,0.0,0.0,0.0,
hcw,transverse,300.0,1800.0,0.1,0.11,5.0,3.75,10.0,10.0,10,300.0,inf,full,both,inf,180.0,0.01,0.0,0.0,256,20,3,0.5,0.1,0.99,10.0,256,20,0,128,128,4.975333984557705,3.75,8.044935590800488,8.044935590800462,0.0,0.0,1.0,810.0
hcw,transverse,300.0,1800.0,0.1,0.11,5.0,3.75,10.0,10.0,10,600.0,inf,full,both,inf,180.0,0.01,0.0,0.0,256,20,3,0.5,0.1,0.99,10.0,256,20,0,128,0,4.440330640557202,3.75,17.078339390020997,17.078339390021025,0.0,0.0,0.0,
hcw,transverse,300.0,1800.0,0.1,0.11,5.0,4.5,10.0,10.0,10,300.0,inf,full,both,inf,180.0,0.01,0.0,0.0,256,20,3,0.5,0.1,0.99,10.0,256,20,0,128,3,5.0,4.5,138.9195372242319,818.8587361240338,0.0,0.0,0.0234375,850.0
hcw,transverse,300.0,1800.0,0.1,0.11,5.0,4.5,10.0,10.0,10,600.0,inf,full,both,inf,180.0,0.01,0.0,0.0,256,20,3,0.5,0.1,0.99,10.0,256,20,0,128,25,4.994616624461335,4.5,23.758846187030112,135.14166406948362,0.0,0.0,0.1953125,1090.0
hcw,transverse,300.0,1800.0,0.1,0.11,5.0,5.0,10.0,10.0,10,300.0,inf,full,both,inf,180.0,0.01,0.0,0.0,256,20,3,0.5,0.1,0.99,10.0,256,20,0,128,0,5.0,5.0,142.33432579583038,1560.5693190789268,0.0,0.0,0.0,
hcw,transverse,300.0,1800.0,0.1,0.11,5.0,5.0,10.0,10.0,10,600.0,inf,full,both,inf,180.0,0.01,0.0,0.0,256,20,3,0.5,0.1,0.99,10.0,256,20,0,128,1,5.0,5.0,163.96103898354346,791.3135108035731,0.0,0.0,0.0078125,1060.0
hcw,transverse,300.0,1800.0,0.1,0.11,5.0,5.5,10.0,10.0,10,300.0,inf,full,both,inf,180.0,0.01,0.0,0.0,256,20,3,0.5,0.1,0.99,10.0,256,20,0,128,0,5.0,5.5,142.41637829763349,2283.3321960324147,0.0,0.0,0.0,
hcw,transverse,300.0,1800.0,0.1,0.11,5.0,5.5,10.0,10.0,10,600.0,inf,full,both,inf,180.0,0.01,0.0,0.0,256,20,3,0.5,0.1,0.99,10.0,256,20,0,128,0,5.0,5.5,169.50353212792567,1558.2553241396924,0.0,0.0,0.0,
hcw,transverse,300.0,1800.0,0.1,0.11,5.0,6.25,10.0,10.0,10,300.0,inf,full,both,inf,180.0,0.01,0.0,0.0,256,20,3,0.5,0.1,0.99,10.0,256,20,0,128,0,5.0,6.25,142.41637829763349,3217.00726609834,0.0,0.0,0.0,
hcw,transverse,300.0,1800.0,0.1,0.11,5.0,6.25,10.0,10.0,10,600.0,inf,full,both,inf,180.0,0.01,0.0,0.0,256,20,3,0.5,0.1,0.99,10.0,256,20,0,128,0,5.0,6.25,169.60353551369698,2579.685741307648,0.0,0.0,0.0,
hcw,transverse,300.0,1800.0,0.1,0.11,5.0,7.5,10.0,10.0,10,300.0,inf,full,both,inf,180.0,0.01,0.0,0.0,256,20,3,0.5,0.1,0.99,10.0,256,20,0,128,0,5.0,7.5,142.41637829763349,4301.29954669485,0.0,0.0,0.0,
hcw,transverse,300.0,1800.0,0.1,0.11,5.0,7.5,10.0,10.0,10,600.0,inf,full,both,inf,180.0,0.01,0.0,0.0,256,20,3,0.5,0.1,0.99,10.0,256,20,0,128,0,5.0,7.5,169.60353551369698,3789.1445301426297,0.0,0.0,0.0,
hcw,transverse,300.0,1800.0,0.1,0.11,5.0,10.0,10.0,10.0,10,300.0,inf,full,both,inf,180.0,0.01,0.0,0.0,256,20,3,0.5,0.1,0.99,10.0,256,20,0,128,0,5.0,10.0,142.41637829763349,5577.761016876137,0.0,0.0,0.0,
hcw,transverse,300.0,1800.0,0.1,0.11,5.0,10.0,10.0,10.0,10,600.0,inf,full,both,inf,180.0,0.01,0.0,0.0,256,20,3,0.5,0.1,0.99,10.0,256,20,0,128,0,5.0,10.0,169.60353551369698,5188.110281887304,0.0,0.0,0.0,
hcw,transverse,300.0,1800.0,0.1,0.11,5.0,inf,10.0,10.0,10,300.0,inf,full,both,inf,180.0,0.01,0.0,0.0,256,20,3,0.5,0.1,0.99,10.0,256,20,0,128,0,5.0,19.79999999999995,142.41637829763349,6923.350186937526,0.0,0.0,0.0,
hcw,transverse,300.0,1800.0,0.1,0.11,5.0,inf,10.0,10.0,10,600.0,inf,full,both,inf,180.0,0.01,0.0,0.0,256,20,3,0.5,0.1,0.99,10.0,256,20,0,128,0,5.0,19.79999999999995,169.60353551369698,6589.431404883999,0.0,0.0,0.0,
hcw,transverse,300.0,1800.0,0.1,0.125,5.0,1.25,10.0,10.0,10,300.0,inf,full,both,inf,180.0,0.01,0.0,0.0,256,20,3,0.5,0.1,0.99,10.0,256,20,0,128,128,2.3743683783826603,1.25,9.824731094132266,9.82473109413227,0.0,0.0,1.0,1070.0
hcw,transverse,300.0,1800.0,0.1,0.125,5.0,1.25,10.0,10.0,10,600.0,inf,full,both,inf,180.0,0.01,0.0,0.0,256,20,3,0.5,0.1,0.99,10.0,256,20,0,128,4,1.871256973381854,1.25,16.772036457143233,16.772036457143226,0.0,0.0,0.03125,1785.0
hcw,transverse,300.0,1800.0,0.1,0.125,5.0,2.5,10.0,10.0,10,300.0,inf,full,both,inf,180.0,0.01,0.0,0.0,256,20,3,0.5,0.1,0.99,10.0,256,20,0,128,128,3.758359838909802,2.5,9.825162071485996,9.82516207148601,0.0,0.0,1.0,1110.0
hcw,transverse,300.0,1800.0,0.1,0.125,5.0,2.5,10.0,10.0,10,600.0,inf,full,both,inf,180.0,0.01,0.0,0.0,256,20,3,0.5,0.1,0.99,10.0,256,20,0,128,0,3.1590291307076,2.5,16.908059093019283,16.908059093019226,0.0,0.0,0.0,
hcw,transverse,300.0,1800.0,0.1,0.125,5.0,3.75,10.0,10.0,10,300.0,inf,full,both,inf,180.0,0.01,0.0,0.0,256,20,3,0.5,0.1,0.99,10.0,256,20,0,128,50,4.973320949068928,3.75,15.213883508504434,372.495530211265,0.0,0.0,0.390625,800.0
hcw,transverse,300.0,1800.0,0.1,0.125,5.0,3.75,10.0,10.0,10,600.0,inf,full,both,inf,180.0,0.01,0.0,0.0,256,20,3,0.5,0.1,0.99,10.0,256,20,0,128,0,4.541011632148546,3.75,19.451470043110632,19.45147004311068,0.0,0.0,0.0,
hcw,transverse,300.0,1800.0,0.1,0.125,5.0,4.5,10.0,10.0,10,300.0,inf,full,both,inf,180.0,0.01,0.0,0.0,256,20,3,0.5,0.1,0.99,10.0,256,20,0,128,4,4.999751563637351,4.5,166.79114684985873,801.9432577280805,0.0,0.0,0.03125,900.0
hcw,transverse,300.0,1800.0,0.1,0.125,5.0,4.5,10.0,10.0,10,600.0,inf,full,both,inf,180.0,0.01,0.0,0.0,256,20,3,0.5,0.1,0.99,10.0,256,20,0,128,11,4.989135096379687,4.5,77.58269440851387,172.6440494788812,0.0,0.0,0.0859375,1100.0
hcw,transverse,300.0,1800.0,0.1,0.125,5.0,5.0,10.0,10.0,10,300.0,inf,full,both,inf,180.0,0.01,0.0,0.0,256,20,3,0.5,0.1,0.99,10.0,256,20,0,128,0,5.0,5.0,172.09954301128047,1526.88827632885,0.0,0.0,0.0,
hcw,transverse,300.0,1800.0,0.1,0.125,5.0,5.0,10.0,10.0,10,600.0,inf,full,both,inf,180.0,0.01,0.0,0.0,256,20,3,0.5,0.1,0.99,10.0,256,20,0,128,4,5.0,5.0,199.6512847702569,831.8769226362714,0.0,0.0,0.03125,1210.0
hcw,transverse,300.0,1800.0,0.1,0.125,5.0,5.5,10.0,10.0,10,300.0,inf,full,both,inf,180.0,0.01,0.0,0.0,256,20,3,0.5,0.1,0.99,10.0,256,20,0,128,0,5.0,5.5,172.6023374845938,2246.4043767302583,0.0,0.0,0.0,
hcw,transverse,300.0,1800.0,0.1,0.125,5.0,5.5,10.0,10.0,10,600.0,inf,full,both,inf,180.0,0.01,0.0,0.0,256,20,3,0.5,0.1,0.99,10.0,256,20,0,128,0,5.0,5.5,206.49027761462332,1586.4161582414383,0.0,0.0,0.0,
hcw,transverse,300.0,1800.0,0.1,0.125,5.0,6.25,10.0,10.0,10,300.0,inf,full,both,inf,180.0,0.01,0.0,0.0,256,20,3,0.5,0.1,0.99,10.0,256,20,0,128,0,5.0,6.25,172.6023374845938,3254.388626341151,0.0,0.0,0.0,
hcw,transverse,300.0,1800.0,0.1,0.125,5.0,6.25,10.0,10.0,10,600.0,inf,full,both,inf,180.0,0.01,0.0,0.0,256,20,3,0.5,0.1,0.99,10.0,256,20,0,128,0,5.0,6.25,206.87362401460385,2650.0019610018285,0.0,0.0,0.0,
hcw,transverse,300.0,1800.0,0.1,0.125,5.0,7.5,10.0,10.0,10,300.0,inf,full,both,inf,180.0,0.01,0.0,0.0,256,20,3,0.5,0.1,0.99,10.0,256,20,0,128,0,5.0,7.5,172.6023374845938,4620.124356139008,0.0,0.0,0.0,
hcw,transverse,300.0,1800.0,0.1,0.125,5.0,7.5,10.0,10.0,10,600.0,inf,full,both,inf,180.0,0.01,0.0,0.0,256,20,3,0.5,0.1,0.99,10.0,256,20,0,128,0,5.0,7.5,206.87362401460385,4140.365890508611,0.0,0.0,0.0,
hcw,transverse,300.0,1800.0,0.1,0.125,5.0,10.0,10.0,10.0,10,300.0,inf,full,both,inf,180.0,0.01,0.0,0.0,256,20,3,0.5,0.1,0.99,10.0,256,20,0,128,0,5.0,10.0,172.6023374845938,6273.514721093419,0.0,0.0,0.0,
hcw,transverse,300.0,1800.0,0.1,0.125,5.0,10.0,10.0,10.0,10,600.0,inf,full,both,inf,180.0,0.01,0.0,0.0,256,20,3,0.5,0.1,0.99,10.0,256,20,0,128,0,5.0,10.0,206.87362401460385,5943.803578084466,0.0,0.0,0.0,
hcw,transverse,300.0,1800.0,0.1,0.125,5.0,inf,10.0,10.0,10,300.0,inf,full,both,inf,180.0,0.01,0.0,0.0,256,20,3,0.5,0.1,0.99,10.0,256,20,0,128,0,5.0,22.5,172.6023374845938,8354.70943571283,0.0,0.0,0.0,
hcw,transverse,300.0,1800.0,0.1,0.125,5.0,inf,10.0,10.0,10,600.0,inf,full,both,inf,180.0,0.01,0.0,0.0,256,20,3,0.5,0.1,0.99,10.0,256,20,0,128,0,5.0,22.5,206.87362401460385,8069.634190354704,0.0,0.0,0.0,
hcw,transverse,300.0,1800.0,0.1,0.15,5.0,1.25,10.0,10.0,10,300.0,inf,full,both,inf,180.0,0.01,0.0,0.0,256,20,3,0.5,0.1,0.99,10.0,256,20,0,128,128,2.3563442389821403,1.25,9.849804447531469,9.849804447531454,0.0,0.0,1.0,1070.0
hcw,transverse,300.0,1800.0,0.1,0.15,5.0,1.25,10.0,10.0,10,600.0,inf,full,both,inf,180.0,0.01,0.0,0.0,256,20,3,0.5,0.1,0.99,10.0,256,20,0,128,4,1.852822294118443,1.25,16.867301735782444,16.86730173578245,0.0,0.0,0.03125,1790.0
hcw,transverse,300.0,1800.0,0.1,0.15,5.0,2.5,10.0,10.0,10,300.0,inf,full,both,inf,180.0,0.01,0.0,0.0,256,20,3,0.5,0.1,0.99,10.0,256,20,0,128,128,3.829305502794501,2.5,9.834412701847162,9.834412701847183,0.0,0.0,1.0,1150.0
hcw,transverse,300.0,1800.0,0.1,0.15,5.0,2.5,10.0,10.0,10,600.0,inf,full,both,inf,180.0,0.01,0.0,0.0,256,20,3,0.5,0.1,0.99,10.0,256,20,0,128,0,3.1881608385279856,2.5,17.699707966304942,17.699707966304942,0.0,0.0,0.0,
hcw,transverse,300.0,1800.0,0.1,0.15,5.0,3.75,10.0,10.0,10,300.0,inf,full,both,inf,180.0,0.01,0.0,0.0,256,20,3,0.5,0.1,0.99,10.0,256,20,0,128,25,4.971156897741348,3.75,32.03890375459601,573.5081807941457,0.0,0.0,0.1953125,810.0
hcw,transverse,300.0,1800.0,0.1,0.15,5.0,3.75,10.0,10.0,10,600.0,inf,full,both,inf,180.0,0.01,0.0,0.0,256,20,3,0.5,0.1,0.99,10.0,256,20,0,128,0,4.6759157410334975,3.75,24.27799513022992,24.27799513022985,0.0,0.0,0.0,
hcw,transverse,300.0,1800.0,0.1,0.15,5.0,4.5,10.0,10.0,10,300.0,inf,full,both,inf,180.0,0.01,0.0,0.0,256,20,3,0.5,0.1,0.99,10.0,256,20,0,128,4,4.997902788409357,4.5,198.4595405595687,781.909737824876,0.0,0.0,0.03125,1090.0
hcw,transverse,300.0,1800.0,0.1,0.15,5.0,4.5,10.0,10.0,10,600.0,inf,full,both,inf,180.0,0.01,0.0,0.0,256,20,3,0.5,0.1,0.99,10.0,256,20,0,128,8,4.982278988691551,4.5,119.87074499342935,231.5876713892441,0.0,0.0,0.0625,1135.0
hcw,transverse,300.0,1800.0,0.1,0.15,5.0,5.0,10.0,10.0,10,300.0,inf,full,both,inf,180.0,0.01,0.0,0.0,256,20,3,0.5,0.1,0.99,10.0,256,20,0,128,1,5.0,5.0,203.69218154348007,1502.1716753251685,0.0,0.0,0.0078125,810.0
hcw,transverse,300.0,1800.0,0.1,0.15,5.0,5.0,10.0,10.0,10,600.0,inf,full,both,inf,180.0,0.01,0.0,0.0,256,20,3,0.5,0.1,0.99,10.0,256,20,0,128,1,4.998579469962485,5.0,226.1578615037901,873.6635239917057,0.0,0.0,0.0078125,1490.0
hcw,transverse,300.0,1800.0,0.1,0.15,5.0,5.5,10.0,10.0,10,300.0,inf,full,both,inf,180.0,0.01,0.0,0.0,256,20,3,0.5,0.1,0.99,10.0,256,20,0,128,0,5.0,5.5,207.0235262591468,2225.271906211838,0.0,0.0,0.0,
hcw,transverse,300.0,1800.0,0.1,0.15,5.0,5.5,10.0,10.0,10,600.0,inf,full,both,inf,180.0,0.01,0.0,0.0,256,20,3,0.5,0.1,0.99,10.0,256,20,0,128,1,5.0,5.5,233.45483994377247,1615.02574829887,0.0,0.0,0.0078125,1070.0
hcw,transverse,300.0,1800.0,0.1,0.15,5.0,6.25,10.0,10.0,10,300.0,inf,full,both,inf,180.0,0.01,0.0,0.0,256,20,3,0.5,0.1,0.99,10.0,256,20,0,128,0,5.0,6.25,207.0235262591468,3262.3669941896874,0.0,0.0,0.0,
hcw,transverse,300.0,1800.0,0.1,0.15,5.0,6.25,10.0,10.0,10,600.0,inf,full,both,inf,180.0,0.01,0.0,0.0,256,20,3,0.5,0.1,0.99,10.0,256,20,0,128,0,5.0,6.25,236.72582476419032,2680.633039572523,0.0,0.0,0.0,
hcw,transverse,300.0,1800.0,0.1,0.15,5.0,7.5,10.0,10.0,10,300.0,inf,full,both,inf,180.0,0.01,0.0,0.0,256,20,3,0.5,0.1,0.99,10.0,256,20,0,128,0,5.0,7.5,207.0235262591468,4819.954697422177,0.0,0.0,0.0,
hcw,transverse,300.0,1800.0,0.1,0.15,5.0,7.5,10.0,10.0,10,600.0,inf,full,both,inf,180.0,0.01,0.0,0.0,256,20,3,0.5,0.1,0.99,10.0,256,20,0,128,0,5.0,7.5,236.72582476419032,4290.81946451497,0.0,0.0,0.0,
hcw,transverse,300.0,1800.0,0.1,0.15,5.0,10.0,10.0,10.0,10,300.0,inf,full,both,inf,180.0,0.01,0.0,0.0,256,20,3,0.5,0.1,0.99,10.0,256,20,0,128,0,5.0,10.0,207.0235262591468,7095.60955783763,0.0,0.0,0.0,
hcw,transverse,300.0,1800.0,0.1,0.15,5.0,10.0,10.0,10.0,10,600.0,inf,full,both,inf,180.0,0.01,0.0,0.0,256,20,3,0.5,0.1,0.99,10.0,256,20,0,128,0,5.0,10.0,236.72582476419032,6728.881339641046,0.0,0.0,0.0,
hcw,transverse,300.0,1800.0,0.1,0.15,5.0,inf,10.0,10.0,10,300.0,inf,full,both,inf,180.0,0.01,0.0,0.0,256,20,3,0.5,0.1,0.99,10.0,256,20,0,128,0,5.0,26.99999999999992,207.0235262591468,10660.45283280827,0.0,0.0,0.0,
hcw,transverse,300.0,1800.0,0.1,0.15,5.0,inf,10.0,10.0,10,600.0,inf,full,both,inf,180.0,0.01,0.0,0.0,256,20,3,0.5,0.1,0.99,10.0,256,20,0,128,0,5.0,26.99999999999992,236.72582476419032,10418.196142531357,0.0,0.0,0.0,
hcw,transverse,300.0,1800.0,0.1,0.2,5.0,1.25,10.0,10.0,10,300.0,inf,full,both,inf,180.0,0.01,0.0,0.0,256,20,3,0.5,0.1,0.99,10.0,256,20,0,128,128,2.3361721034874208,1.25,9.823194965366149,9.82319496536614,0.0,0.0,1.0,1080.0
hcw,transverse,300.0,1800.0,0.1,0.2,5.0,1.25,10.0,10.0,10,600.0,inf,full,both,inf,180.0,0.01,0.0,0.0,256,20,3,0.5,0.1,0.99,10.0,256,20,0,128,4,1.8239311673472527,1.25,17.047828205608013,17.047828205608027,0.0,0.0,0.03125,1790.0
hcw,transverse,300.0,1800.0,0.1,0.2,5.0,2.5,10.0,10.0,10,300.0,inf,full,both,inf,180.0,0.01,0.0,0.0,256,20,3,0.5,0.1,0.99,10.0,256,20,0,128,128,3.917976784519426,2.5,9.819544648516151,9.819544648516167,0.0,0.0,1.0,1200.0
hcw,transverse,300.0,1800.0,0.1,0.2,5.0,2.5,10.0,10.0,10,600.0,inf,full,both,inf,180.0,0.01,0.0,0.0,256,20,3,0.5,0.1,0.99,10.0,256,20,0,128,0,3.23307838446201,2.5,19.34603569429843,19.34603569429841,0.0,0.0,0.0,
hcw,transverse,300.0,1800.0,0.1,0.2,5.0,3.75,10.0,10.0,10,300.0,inf,full,both,inf,180.0,0.01,0.0,0.0,256,20,3,0.5,0.1,0.99,10.0,256,20,0,128,14,4.969238479585978,3.75,47.28566411855139,762.9689165222767,0.0,0.0,0.109375,945.0
hcw,transverse,300.0,1800.0,0.1,0.2,5.0,3.75,10.0,10.0,10,600.0,inf,full,both,inf,180.0,0.01,0.0,0.0,256,20,3,0.5,0.1,0.99,10.0,256,20,0,128,0,4.849966295500401,3.75,28.24209285956696,28.242092859567,0.0,0.0,0.0,
hcw,transverse,300.0,1800.0,0.1,0.2,5.0,4.5,10.0,10.0,10,300.0,inf,full,both,inf,180.0,0.01,0.0,0.0,256,20,3,0.5,0.1,0.99,10.0,256,20,0,128,4,4.991363743554854,4.5,233.29604498908824,775.7685655303092,0.0,0.0,0.03125,1245.0
hcw,transverse,300.0,1800.0,0.1,0.2,5.0,4.5,10.0,10.0,10,600.0,inf,full,both,inf,180.0,0.01,0.0,0.0,256,20,3,0.5,0.1,0.99,10.0,256,20,0,128,6,4.973411043293516,4.5,151.6066147400896,356.8625370033862,0.0,0.0,0.046875,1115.0
hcw,transverse,300.0,1800.0,0.1,0.2,5.0,5.0,10.0,10.0,10,300.0,inf,full,both,inf,180.0,0.01,0.0,0.0,256,20,3,0.5,0.1,0.99,10.0,256,20,0,128,3,4.99984442062709,5.0,239.1065285696453,1518.917327437166,0.0,0.0,0.0234375,850.0
hcw,transverse,300.0,1800.0,0.1,0.2,5.0,5.0,10.0,10.0,10,600.0,inf,full,both,inf,180.0,0.01,0.0,0.0,256,20,3,0.5,0.1,0.99,10.0,256,20,0,128,1,4.990837394019417,5.0,250.07484061755585,1007.7182912237636,0.0,0.0,0.0078125,1680.0
hcw,transverse,300.0,1800.0,0.1,0.2,5.0,5.5,10.0,10.0,10,300.0,inf,full,both,inf,180.0,0.01,0.0,0.0,256,20,3,0.5,0.1,0.99,10.0,256,20,0,128,1,5.0,5.5,242.2646943704275,2277.841608857341,0.0,0.0,0.0078125,790.0
hcw,transverse,300.0,1800.0,0.1,0.2,5.0,5.5,10.0,10.0,10,600.0,inf,full,both,inf,180.0,0.01,0.0,0.0,256,20,3,0.5,0.1,0.99,10.0,256,20,0,128,2,4.999482006080494,5.5,257.0602810096243,1770.8845579243218,0.0,0.0,0.015625,1315.0
hcw,transverse,300.0,1800.0,0.1,0.2,5.0,6.25,10.0,10.0,10,300.0,inf,full,both,inf,180.0,0.01,0.0,0.0,256,20,3,0.5,0.1,0.99,10.0,256,20,0,128,0,5.0,6.25,245.460886096976,3369.838552944577,0.0,0.0,0.0,
hcw,transverse,300.0,1800.0,0.1,0.2,5.0,6.25,10.0,10.0,10,600.0,inf,full,both,inf,180.0,0.01,0.0,0.0,256,20,3,0.5,0.1,0.99,10.0,256,20,0,128,0,5.0,6.25,263.01336924603805,2873.749752441305,0.0,0.0,0.0,
hcw,transverse,300.0,1800.0,0.1,0.2,5.0,7.5,10.0,10.0,10,300.0,inf,full,both,inf,180.0,0.01,0.0,0.0,256,20,3,0.5,0.1,0.99,10.0,256,20,0,128,0,5.0,7.5,245.460886096976,5038.389826268506,0.0,0.0,0.0,
hcw,transverse,300.0,1800.0,0.1,0.2,5.0,7.5,10.0,10.0,10,600.0,inf,full,both,inf,180.0,0.01,0.0,0.0,256,20,3,0.5,0.1,0.99,10.0,256,20,0,128,0,5.0,7.5,264.03648238827066,4547.486246423792,0.0,0.0,0.0,
hcw,transverse,300.0,1800.0,0.1,0.2,5.0,10.0,10.0,10.0,10,300.0,inf,full,both,inf,180.0,0.01,0.0,0.0,256,20,3,0.5,0.1,0.99,10.0,256,20,0,128,0,5.0,10.0,245.460886096976,7910.479013665796,0.0,0.0,0.0,
hcw,transverse,300.0,1800.0,0.1,0.2,5.0,10.0,10.0,10.0,10,600.0,inf,full,both,inf,180.0,0.01,0.0,0.0,256,20,3,0.5,0.1,0.99,10.0,256,20,0,128,0,5.0,10.0,264.03648238827066,7453.22956034978,0.0,0.0,0.0,
hcw,transverse,300.0,1800.0,0.1,0.2,5.0,inf,10.0,10.0,10,300.0,inf,full,both,inf,180.0,0.01,0.0,0.0,256,20,3,0.5,0.1,0.99,10.0,256,20,0,128,0,5.0,35.99999999999997,245.460886096976,15190.381024336124,0.0,0.0,0.0,
hcw,transverse,300.0,1800.0,0.1,0.2,5.0,inf,10.0,10.0,10,600.0,inf,full,both,inf,180.0,0.01,0.0,0.0,256,20,3,0.5,0.1,0.99,10.0,256,20,0,128,0,5.0,35.99999999999997,264.03648238827066,14982.761923179922,0.0,0.0,0.0,
